route,date,hour,raw,final
1,2025-11-01,0,18.088549848686398,19.1354643838865
1,2025-11-01,1,13.684471228457141,14.476490044528227
1,2025-11-01,2,14.585599937245036,15.429773555730238
1,2025-11-01,3,14.859161567810418,15.719168166258507
1,2025-11-01,4,18.016468575923454,19.059211249210772
1,2025-11-01,5,113.2352518058243,119.78899060767581
1,2025-11-01,6,414.2859964789524,438.26370807395745
1,2025-11-01,7,1161.1898520245795,1228.396264057641
1,2025-11-01,8,1630.694701489338,1725.0747374648013
1,2025-11-01,9,1269.9131520504636,1343.4121637702979
1,2025-11-01,10,1177.3702631356805,1245.51315198526
1,2025-11-01,11,1154.094571084162,1220.8903281553835
1,2025-11-01,12,1193.27167191243,1262.3348897058881
1,2025-11-01,13,1180.3220184353465,1248.635746603358
1,2025-11-01,14,1166.264054349685,1233.7641469825257
1,2025-11-01,15,1247.3095202119193,1319.5002971137037
1,2025-11-01,16,1307.3992510373328,1383.0678530353039
1,2025-11-01,17,1425.3693836032362,1507.865766022295
1,2025-11-01,18,1401.593523485516,1482.713825801286
1,2025-11-01,19,1045.3615373254918,1105.8641313487853
1,2025-11-01,20,658.6297340360111,696.7493758892995
1,2025-11-01,21,409.53640248125464,433.2392208960941
1,2025-11-01,22,170.7455338623712,180.6278064998319
1,2025-11-01,23,50.24718095739598,53.15534687103598
1,2025-11-02,0,0.8943959621694262,0.9118036145889922
1,2025-11-02,1,-1.3728072735261208,0.0
1,2025-11-02,2,0.28070978445572337,0.28617324646277886
1,2025-11-02,3,1.3253773535653863,1.3511732082779548
1,2025-11-02,4,2.910359422078841,2.9670038249814117
1,2025-11-02,5,-1.1354906374260167,0.0
1,2025-11-02,6,75.23675376517576,76.70108870642918
1,2025-11-02,7,167.7864741980149,171.05210681162708
1,2025-11-02,8,262.0326476284531,267.1325960242741
1,2025-11-02,9,423.92856008289124,432.17949293230873
1,2025-11-02,10,536.4854849309856,546.9271162048664
1,2025-11-02,11,575.2160595321203,586.4115050104293
1,2025-11-02,12,648.158060257811,660.7731778378821
1,2025-11-02,13,689.46400342901,702.883059680542
1,2025-11-02,14,669.0927796237106,682.11535020406
1,2025-11-02,15,611.0430328802943,622.9357796945544
1,2025-11-02,16,552.7439067628355,563.5019761336114
1,2025-11-02,17,468.9219871783485,478.0486282970017
1,2025-11-02,18,402.26257533700357,410.09182254858655
1,2025-11-02,19,358.59199040904866,365.5712758637147
1,2025-11-02,20,292.0758768493325,297.76055741519804
1,2025-11-02,21,202.85608973864277,206.8042832130378
1,2025-11-02,22,67.28795397613135,68.59758121550205
1,2025-11-02,23,14.807840676283831,15.0960460735352
1,2025-11-03,0,1.9112251981501913,1.9742385449664488
1,2025-11-03,1,-0.2663621142438046,0.0
1,2025-11-03,2,1.959340384635368,2.023940095494991
1,2025-11-03,3,-1.111864995578287,0.0
1,2025-11-03,4,2.3860407435493016,2.4647088215112882
1,2025-11-03,5,1.3313262175948353,1.3752202185509106
1,2025-11-03,6,135.4420110341971,139.90755199873107
1,2025-11-03,7,348.12846352686364,359.60630487704094
1,2025-11-03,8,466.26761178934294,481.64051643674236
1,2025-11-03,9,541.0237673287403,558.8613922823671
1,2025-11-03,10,587.0756180224604,606.4315785663161
1,2025-11-03,11,632.0230363808931,652.8609192352419
1,2025-11-03,12,707.7066596599092,731.0398415541657
1,2025-11-03,13,757.6577457693816,782.6378215597166
1,2025-11-03,14,732.4755681767697,756.6253842511028
1,2025-11-03,15,717.9397815802166,741.6103508536273
1,2025-11-03,16,699.9886363111553,723.0673539578278
1,2025-11-03,17,715.1810978843971,738.7607129925691
1,2025-11-03,18,710.5509000021256,733.9778568755349
1,2025-11-03,19,603.4751780609794,623.3718342619148
1,2025-11-03,20,415.51425062750235,429.2138102645507
1,2025-11-03,21,273.2795044298763,282.2895657282945
1,2025-11-03,22,67.05128439946213,69.26197408816452
1,2025-11-03,23,5.830503424635822,6.022735891414486
1,2025-11-04,0,0.06189517933597699,0.06248327278317519
1,2025-11-04,1,-1.4949799435253226,0.0
1,2025-11-04,2,1.4845591841838655,1.498664636943883
1,2025-11-04,3,-0.5275229285211367,0.0
1,2025-11-04,4,2.943820107615977,2.971790643182597
1,2025-11-04,5,-22.29186945087423,0.0
1,2025-11-04,6,103.31337952954777,104.2950055973781
1,2025-11-04,7,317.0573706734084,320.06987284367904
1,2025-11-04,8,423.4425371441175,427.46585178721267
1,2025-11-04,9,508.293408885557,513.1229291523459
1,2025-11-04,10,559.8347087061377,565.1539456359969
1,2025-11-04,11,608.9559328741568,614.7418922590034
1,2025-11-04,12,678.7129212845772,685.1616726383712
1,2025-11-04,13,725.6196689603491,732.5141020495133
1,2025-11-04,14,688.0953551756256,694.6332531794382
1,2025-11-04,15,653.8843121795067,660.0971559476957
1,2025-11-04,16,633.0345718151191,639.0493129876678
1,2025-11-04,17,628.0060633393539,633.9730264310326
1,2025-11-04,18,612.5975300354813,618.4180898439939
1,2025-11-04,19,515.6452727485048,520.5446463222697
1,2025-11-04,20,382.0076299756534,385.637253257766
1,2025-11-04,21,240.09935988517194,242.3806499911185
1,2025-11-04,22,42.42022219948319,42.82327547393597
1,2025-11-04,23,2.5459195992435184,2.5701095062681243
1,2025-11-05,0,1.1220969039296165,1.1385378267004376
1,2025-11-05,1,-0.8953665530788726,0.0
1,2025-11-05,2,-0.3356972396644551,0.0
1,2025-11-05,3,0.19285239591278014,0.19567806215984496
1,2025-11-05,4,0.07084169975991017,0.07187966975218762
1,2025-11-05,5,111.87873392628757,113.51797704133205
1,2025-11-05,6,482.8148614013615,489.8890470809634
1,2025-11-05,7,1403.4630686150679,1424.026558133659
1,2025-11-05,8,2002.645791741917,2031.988484591379
1,2025-11-05,9,1403.8528350907209,1424.4220354534489
1,2025-11-05,10,1210.458349583353,1228.1939410221153
1,2025-11-05,11,1203.4224842623355,1221.0549864599068
1,2025-11-05,12,1233.4324095531479,1251.5046160778022
1,2025-11-05,13,1243.230637064413,1261.4464068599752
1,2025-11-05,14,1208.077334184175,1225.7780390724467
1,2025-11-05,15,1308.2426905133357,1327.4110145367752
1,2025-11-05,16,1414.334824397658,1435.0576064841
1,2025-11-05,17,1691.8689024453956,1716.6581036864352
1,2025-11-05,18,1769.6822626704914,1795.6115824178014
1,2025-11-05,19,1286.0046716063262,1304.8471649905885
1,2025-11-05,20,774.5334309641145,785.8818664488798
1,2025-11-05,21,435.0969470574033,441.4719716023775
1,2025-11-05,22,153.36325130492747,155.6103240503884
1,2025-11-05,23,26.385954039174635,26.772560072105744
1,2025-11-06,0,2.0000847696001074,2.001770079325532
1,2025-11-06,1,-0.8585931953155637,0.0
1,2025-11-06,2,-0.28538133113949016,0.0
1,2025-11-06,3,0.19092400463154036,0.1910848808537451
1,2025-11-06,4,-0.0662696138189176,0.0
1,2025-11-06,5,112.06849087139454,112.1629219277427
1,2025-11-06,6,470.67566201462176,471.07226234015315
1,2025-11-06,7,1389.175097484387,1390.3456430221022
1,2025-11-06,8,1973.631237338542,1975.2942568111382
1,2025-11-06,9,1397.3900577749407,1398.5675253955008
1,2025-11-06,10,1196.4625872995537,1197.470749586038
1,2025-11-06,11,1194.1223891863515,1195.1285795770943
1,2025-11-06,12,1224.5125526904599,1225.5443504148964
1,2025-11-06,13,1237.4672508159238,1238.5099644170634
1,2025-11-06,14,1209.976300593465,1210.9958497935377
1,2025-11-06,15,1314.2122951782476,1315.319675623317
1,2025-11-06,16,1415.3125115752896,1416.5050809986094
1,2025-11-06,17,1681.9033066397153,1683.3205105717616
1,2025-11-06,18,1765.7952152084988,1767.2831080691067
1,2025-11-06,19,1269.1799618207601,1270.2493971594422
1,2025-11-06,20,770.1655626383751,770.8145188889449
1,2025-11-06,21,429.61497099433484,429.9769727953632
1,2025-11-06,22,160.50619512523258,160.64144071869285
1,2025-11-06,23,26.119249420068513,26.141257999773476
1,2025-11-07,0,3.8484054260148923,3.9383802079904346
1,2025-11-07,1,-0.3684149457641297,0.0
1,2025-11-07,2,-0.1619908692740637,0.0
1,2025-11-07,3,0.1500383381205097,0.15354619793930868
1,2025-11-07,4,6.282716482422302,6.429604864269705
1,2025-11-07,5,113.94487551556591,116.60887896552458
1,2025-11-07,6,510.94476053562977,522.8905246487274
1,2025-11-07,7,1409.264863055236,1442.2131324714576
1,2025-11-07,8,1995.2763364612122,2041.9254114626362
1,2025-11-07,9,1427.5680307854532,1460.9442238073468
1,2025-11-07,10,1272.0746728319896,1301.8154689994005
1,2025-11-07,11,1280.8872075188356,1310.8340386018356
1,2025-11-07,12,1316.273219503472,1347.0473669320365
1,2025-11-07,13,1336.1916807820508,1367.4315169862089
1,2025-11-07,14,1338.0949363987788,1369.3792702559133
1,2025-11-07,15,1450.4166696024804,1484.327058237472
1,2025-11-07,16,1559.7154275397536,1596.1811945268091
1,2025-11-07,17,1692.2074977036036,1731.7708970362264
1,2025-11-07,18,1609.562048246894,1647.193217091047
1,2025-11-07,19,1219.490999326853,1248.0024020090777
1,2025-11-07,20,768.4194217709869,786.3848807822042
1,2025-11-07,21,458.2597224665217,468.9737232156045
1,2025-11-07,22,165.38066534787896,169.2472250422026
1,2025-11-07,23,41.71160285710266,42.68680997731622
1,2025-11-08,0,1.7738254824557202,1.8764895266176733
1,2025-11-08,1,-1.085477723585882,0.0
1,2025-11-08,2,-0.5522986557930949,0.0
1,2025-11-08,3,-0.18882135511506704,0.0
1,2025-11-08,4,-0.4992899506589765,0.0
1,2025-11-08,5,19.30480720540487,20.42211530537076
1,2025-11-08,6,172.07698917967764,182.0363227167858
1,2025-11-08,7,333.57355987381516,352.8798619992838
1,2025-11-08,8,465.36754046621803,492.3017085670283
1,2025-11-08,9,637.3644535862564,674.2533206464194
1,2025-11-08,10,754.2504037933988,797.9043018403559
1,2025-11-08,11,795.971962695061,842.0405875615111
1,2025-11-08,12,878.6091429858515,929.4605760883449
1,2025-11-08,13,898.4790532812503,950.4805010657049
1,2025-11-08,14,863.3425917525828,913.3104396853316
1,2025-11-08,15,813.3457996375928,860.4199734606748
1,2025-11-08,16,754.6699698920706,798.3481512481294
1,2025-11-08,17,687.496027031221,727.2863689664302
1,2025-11-08,18,605.8253313832722,640.8888025030218
1,2025-11-08,19,542.1282957102386,573.505161046048
1,2025-11-08,20,399.4353387580259,422.5535359333911
1,2025-11-08,21,271.63199652947947,287.35329468610246
1,2025-11-08,22,102.4296318768894,108.35797170203568
1,2025-11-08,23,24.150680397720635,25.54845404761784
1,2025-11-09,0,2.5736815290524078,2.6237731611610005
1,2025-11-09,1,-0.022967585212427366,0.0
1,2025-11-09,2,0.18831581341254378,0.19198100910175736
1,2025-11-09,3,-0.21802889476776954,0.0
1,2025-11-09,4,-1.7382611363117917,0.0
1,2025-11-09,5,6.412879293520916,6.537693333914691
1,2025-11-09,6,105.7360983150594,107.79404281114708
1,2025-11-09,7,226.81672228825707,231.2312621917716
1,2025-11-09,8,322.80052390852273,329.08319909795847
1,2025-11-09,9,503.99984701164317,513.8092094499668
1,2025-11-09,10,633.0420309044318,645.3629448028256
1,2025-11-09,11,693.7023715604922,707.2039192837882
1,2025-11-09,12,779.0748940692231,794.2380494706316
1,2025-11-09,13,815.4503439289883,831.3214756792929
1,2025-11-09,14,781.9340408111743,797.1528438617288
1,2025-11-09,15,718.97709132571,732.9705615925824
1,2025-11-09,16,651.6575411807089,664.3407692511348
1,2025-11-09,17,585.5600068617085,596.9567768622381
1,2025-11-09,18,508.06893842228857,517.9574976950524
1,2025-11-09,19,432.1172157499099,440.52752462254784
1,2025-11-09,20,332.42749177601456,338.89753689731486
1,2025-11-09,21,220.4888916796162,224.78027284755467
1,2025-11-09,22,66.85200995382132,68.15315240308145
1,2025-11-09,23,2.6583353757893065,2.710074627970334
1,2025-11-10,0,0.4252030196905707,0.4392220193212863
1,2025-11-10,1,-0.4377249818447808,0.0
1,2025-11-10,2,-0.26880599909020475,0.0
1,2025-11-10,3,-0.013063178420168242,0.0
1,2025-11-10,4,7.435359871366984,7.680504666826777
1,2025-11-10,5,111.35383080469484,115.02518129055406
1,2025-11-10,6,511.6419675269824,528.5108706665676
1,2025-11-10,7,1469.947876734545,1518.412252072493
1,2025-11-10,8,2038.6654308994964,2105.8804989950404
1,2025-11-10,9,1449.550210877333,1497.342072482129
1,2025-11-10,10,1237.2564244557575,1278.0489319270548
1,2025-11-10,11,1228.4219289141697,1268.923161902456
1,2025-11-10,12,1268.8542413604378,1310.688533021886
1,2025-11-10,13,1283.1513130189592,1325.4569810183436
1,2025-11-10,14,1265.8352698446733,1307.5700256171351
1,2025-11-10,15,1383.7843046332478,1429.407855636627
1,2025-11-10,16,1480.777752431154,1529.599190198955
1,2025-11-10,17,1761.720461011271,1819.8046169288702
1,2025-11-10,18,1850.7136525042363,1911.7319256808896
1,2025-11-10,19,1355.0425468025687,1399.718478260095
1,2025-11-10,20,833.8251460098595,861.3164710303173
1,2025-11-10,21,462.2322959135444,477.4721556643817
1,2025-11-10,22,152.00343642038285,157.01500976385435
1,2025-11-10,23,16.472313856604103,17.015408216660184
1,2025-11-11,0,1.3822868899541163,1.3954206084577394
1,2025-11-11,1,-0.11930817230779667,0.0
1,2025-11-11,2,0.04237780076527997,0.04278045097494252
1,2025-11-11,3,0.12248972007290604,0.12365354902528694
1,2025-11-11,4,7.455471404425737,7.52630913243225
1,2025-11-11,5,117.48240899924036,118.59866127663464
1,2025-11-11,6,530.8616749328474,535.9056262671188
1,2025-11-11,7,1526.7017928962402,1541.2076612023063
1,2025-11-11,8,2114.0722687532525,2134.1590034795313
1,2025-11-11,9,1506.8275558813218,1521.144590280096
1,2025-11-11,10,1308.9321179740923,1321.3688603773958
1,2025-11-11,11,1303.5785780917317,1315.9644541471564
1,2025-11-11,12,1332.0893742976862,1344.7461440253323
1,2025-11-11,13,1344.640151938271,1357.4161721498297
1,2025-11-11,14,1314.2660504036744,1326.7534728557846
1,2025-11-11,15,1419.0738472889684,1432.5570949285127
1,2025-11-11,16,1523.9541139232754,1538.43387531736
1,2025-11-11,17,1811.6862009593992,1828.8998320465673
1,2025-11-11,18,1905.2704464807737,1923.3732628347518
1,2025-11-11,19,1376.749684052107,1389.830791115846
1,2025-11-11,20,861.4480470079006,869.6330455325364
1,2025-11-11,21,487.8166087002917,492.4515698408653
1,2025-11-11,22,175.53146937673012,177.19927142569395
1,2025-11-11,23,33.18530800446098,33.500616278708655
1,2025-11-12,0,2.3871971696182754,2.422174295182895
1,2025-11-12,1,-0.1893891181078402,0.0
1,2025-11-12,2,0.008898638226810363,0.009029020748444735
1,2025-11-12,3,0.06276816901777238,0.0636878459330843
1,2025-11-12,4,7.187957319946349,7.293275007539408
1,2025-11-12,5,118.19982677763022,119.93168631379855
1,2025-11-12,6,526.32218942485,534.0338428824075
1,2025-11-12,7,1521.3642781340486,1543.6552518596627
1,2025-11-12,8,2126.394925350972,2157.5507859772074
1,2025-11-12,9,1511.4663529571721,1533.6123026453306
1,2025-11-12,10,1315.2967228512216,1334.5684022983182
1,2025-11-12,11,1311.3984534296037,1330.6130155758003
1,2025-11-12,12,1341.736540170602,1361.39561485344
1,2025-11-12,13,1354.708659754848,1374.5578014590917
1,2025-11-12,14,1324.967786623534,1344.381166143089
1,2025-11-12,15,1427.946161462732,1448.8683763617155
1,2025-11-12,16,1531.8598079875333,1554.304561832454
1,2025-11-12,17,1813.8700496441484,1840.446807229049
1,2025-11-12,18,1903.830472497532,1931.7253269057849
1,2025-11-12,19,1372.167322380104,1392.2722677701956
1,2025-11-12,20,855.381306808327,867.9143224111594
1,2025-11-12,21,492.37552061460707,499.5897887231085
1,2025-11-12,22,182.76586192330558,185.4437406434951
1,2025-11-12,23,37.9702103317054,38.526548463883834
1,2025-11-13,0,2.906466825984296,2.9089158705862577
1,2025-11-13,1,-0.25145160884733286,0.0
1,2025-11-13,2,-0.011861447285866689,0.0
1,2025-11-13,3,-0.10620437472994126,0.0
1,2025-11-13,4,7.1659082103203104,7.171946341794491
1,2025-11-13,5,116.6313104767301,116.72958625224872
1,2025-11-13,6,524.9221774630352,525.364486941221
1,2025-11-13,7,1510.7273746605326,1512.0003424745364
1,2025-11-13,8,2110.394960255958,2112.1732194603
1,2025-11-13,9,1518.9376358344762,1520.217521771759
1,2025-11-13,10,1318.9498499033116,1320.0612223027092
1,2025-11-13,11,1315.2289540336228,1316.337191134911
1,2025-11-13,12,1347.019468161572,1348.1544925588041
1,2025-11-13,13,1362.022759436315,1363.1704258940654
1,2025-11-13,14,1335.0842532741447,1336.2092208307715
1,2025-11-13,15,1441.7496913135806,1442.9645372107793
1,2025-11-13,16,1537.3977436263597,1538.693184403951
1,2025-11-13,17,1811.5843442460434,1813.11081990357
1,2025-11-13,18,1890.250617799685,1891.8433791656466
1,2025-11-13,19,1367.264679148661,1368.4167625483356
1,2025-11-13,20,859.9706579365395,860.6952856800375
1,2025-11-13,21,495.2912797773821,495.70862169379177
1,2025-11-13,22,184.51392363763978,184.66939860285584
1,2025-11-13,23,41.60616815362624,41.64122630760687
1,2025-11-14,0,4.481210903394185,4.585980523375943
1,2025-11-14,1,-0.14865456125585297,0.0
1,2025-11-14,2,0.0298730212512055,0.0305714452155463
1,2025-11-14,3,-0.10008682263338642,0.0
1,2025-11-14,4,7.179118218499696,7.346964254709825
1,2025-11-14,5,112.1892479538364,114.81220525880498
1,2025-11-14,6,519.2856167863853,531.426388088065
1,2025-11-14,7,1449.8522517235315,1483.7494444059193
1,2025-11-14,8,2045.5979058305386,2093.4234868731573
1,2025-11-14,9,1461.6154910150428,1495.787705368335
1,2025-11-14,10,1307.1221415458233,1337.682338999545
1,2025-11-14,11,1311.2494785036226,1341.906172090628
1,2025-11-14,12,1346.2923368812444,1377.768323966022
1,2025-11-14,13,1367.1327025989222,1399.0959323606442
1,2025-11-14,14,1370.530458283158,1402.5731267456024
1,2025-11-14,15,1484.9693314986175,1519.6875529569816
1,2025-11-14,16,1594.5229849284192,1631.802544133409
1,2025-11-14,17,1732.4123919129277,1772.9157718843835
1,2025-11-14,18,1646.8097119642675,1685.3117221182822
1,2025-11-14,19,1245.9483290187795,1275.0782976282308
1,2025-11-14,20,791.2850731662163,809.7851255404684
1,2025-11-14,21,474.0466228395279,485.12971747605013
1,2025-11-14,22,181.6136428796687,185.85972563680775
1,2025-11-14,23,54.7201928193237,55.999537605945264
1,2025-11-15,0,3.1114734392597256,3.2915567956757528
1,2025-11-15,1,-1.3868237173544458,0.0
1,2025-11-15,2,-0.5353190351085573,0.0
1,2025-11-15,3,-0.5793314003461205,0.0
1,2025-11-15,4,1.0019419890933818,1.0599315814368133
1,2025-11-15,5,32.926587373350856,34.83228590662496
1,2025-11-15,6,192.97030728714776,204.13888748019272
1,2025-11-15,7,370.5227134582958,391.96752896789525
1,2025-11-15,8,521.0379307192904,551.194144878173
1,2025-11-15,9,697.4573381849548,737.8242128728574
1,2025-11-15,10,817.2493580034172,864.5494588370318
1,2025-11-15,11,858.9311198963712,908.643644210227
1,2025-11-15,12,934.0842761568481,988.1464543851093
1,2025-11-15,13,956.756357330582,1012.1307320324452
1,2025-11-15,14,922.659945072427,976.060915057503
1,2025-11-15,15,867.6505777930983,917.8677598759576
1,2025-11-15,16,803.1749865535796,849.6605022397999
1,2025-11-15,17,738.9599002974884,781.7288268849142
1,2025-11-15,18,656.3781066087787,694.3674305813555
1,2025-11-15,19,581.568856820392,615.2284312206689
1,2025-11-15,20,430.8010993113273,455.7346587410217
1,2025-11-15,21,298.3687763617744,315.6375243507512
1,2025-11-15,22,126.93925565923257,134.28614377070733
1,2025-11-15,23,39.094642617813065,41.35733089008571
1,2025-11-16,0,1.4713417869168666,1.4999785512811719
1,2025-11-16,1,-0.7715970850761096,0.0
1,2025-11-16,2,0.26189939258779305,0.2669967474372106
1,2025-11-16,3,0.19336625857494028,0.19712975121278703
1,2025-11-16,4,0.4763197786608657,0.4855904031920644
1,2025-11-16,5,15.257400700852543,15.5543558968289
1,2025-11-16,6,123.15906850576141,125.55611673445152
1,2025-11-16,7,252.2136905436195,257.12253231632826
1,2025-11-16,8,366.18670205107844,373.31380358059636
1,2025-11-16,9,551.2616199482444,561.9908395312909
1,2025-11-16,10,684.0339050930484,697.3472751961242
1,2025-11-16,11,737.2154069258968,751.56385001478
1,2025-11-16,12,816.819336835968,832.7171133316623
1,2025-11-16,13,855.9036117300454,872.5620865083847
1,2025-11-16,14,824.9305547137046,840.9862000588652
1,2025-11-16,15,757.2152701690208,771.9529711285799
1,2025-11-16,16,689.7731076705694,703.198180026183
1,2025-11-16,17,628.1859618012576,640.4123618974329
1,2025-11-16,18,548.9344022048996,559.6183270870594
1,2025-11-16,19,462.8892429708972,471.8984686284556
1,2025-11-16,20,358.2935099001502,365.2669860207263
1,2025-11-16,21,240.79967162349487,245.48636204213227
1,2025-11-16,22,86.85306130986703,88.54348475407643
1,2025-11-16,23,13.580143239058316,13.844453928408974
1,2025-11-17,0,1.1443609339364116,1.1820906648351588
1,2025-11-17,1,-0.0580095105827354,0.0
1,2025-11-17,2,0.06201850933359765,0.0640632677647065
1,2025-11-17,3,0.04483647258649626,0.04631473700025818
1,2025-11-17,4,7.175624743032927,7.412206037060277
1,2025-11-17,5,110.7002786509093,114.35008143607429
1,2025-11-17,6,515.7642329547491,532.7690477290909
1,2025-11-17,7,1478.2495988640587,1526.9876830753649
1,2025-11-17,8,2062.727930550321,2130.7363424324744
1,2025-11-17,9,1468.2866176627933,1516.6962210700756
1,2025-11-17,10,1259.6587180732317,1301.1898321192873
1,2025-11-17,11,1251.4775253303794,1292.7389043728494
1,2025-11-17,12,1285.2910393632533,1327.6672544223748
1,2025-11-17,13,1301.8108918557236,1344.7317686299946
1,2025-11-17,14,1289.488933178928,1332.0035533507285
1,2025-11-17,15,1401.0173846177265,1447.2091125407198
1,2025-11-17,16,1499.0880862720016,1548.5132181611189
1,2025-11-17,17,1779.4089151041733,1838.0762616857917
1,2025-11-17,18,1872.4361721517525,1934.170639665733
1,2025-11-17,19,1371.4137039542168,1416.6293946218973
1,2025-11-17,20,849.9056018570909,877.9271016273615
1,2025-11-17,21,477.42274171477965,493.16343246684755
1,2025-11-17,22,166.36485997435227,171.8499313462389
1,2025-11-17,23,24.586924206720482,25.39755834009348
1,2025-11-18,0,0.7835950177239965,0.7910403002181177
1,2025-11-18,1,-0.19951923562979346,0.0
1,2025-11-18,2,-0.010011427178312715,0.0
1,2025-11-18,3,0.005155848624781356,0.005204836620672295
1,2025-11-18,4,7.107685911599674,7.1752191759701525
1,2025-11-18,5,116.6110908209103,117.71906431930115
1,2025-11-18,6,527.9915824934535,533.0082638113106
1,2025-11-18,7,1519.884564002825,1534.3256588049885
1,2025-11-18,8,2116.1448146057223,2136.2512415058977
1,2025-11-18,9,1506.2086963259912,1520.5198506666877
1,2025-11-18,10,1306.8241670314706,1319.240880861472
1,2025-11-18,11,1300.1186797002447,1312.471681732299
1,2025-11-18,12,1327.4200107315899,1340.0324147728406
1,2025-11-18,13,1339.619550135083,1352.3478673905613
1,2025-11-18,14,1308.8756726809152,1321.311878772548
1,2025-11-18,15,1412.9471467944436,1426.3721819455125
1,2025-11-18,16,1520.4617793730633,1534.9083585535016
1,2025-11-18,17,1808.7953606975245,1825.9815246340495
1,2025-11-18,18,1904.9427899428786,1923.0424930873153
1,2025-11-18,19,1374.5420140623319,1387.602145078041
1,2025-11-18,20,860.4691829206744,868.6448808251072
1,2025-11-18,21,487.5066330263548,492.1386489510879
1,2025-11-18,22,176.50076481965868,178.17777657290807
1,2025-11-18,23,33.29871462578666,33.61510042645216
1,2025-11-19,0,1.9166653549818875,1.944748265618581
1,2025-11-19,1,-0.22601955159018416,0.0
1,2025-11-19,2,-0.001604620067155338,0.0
1,2025-11-19,3,-0.012516669851549977,0.0
1,2025-11-19,4,6.9102535528869,7.011502335048171
1,2025-11-19,5,116.38889596372093,118.09422180787877
1,2025-11-19,6,522.4264527993428,530.0810260664363
1,2025-11-19,7,1512.878204288432,1535.0448403706264
1,2025-11-19,8,2122.8413593999558,2153.9451533079273
1,2025-11-19,9,1505.843421033925,1527.9069837293275
1,2025-11-19,10,1308.8840418763016,1328.0617629564397
1,2025-11-19,11,1306.5674578787205,1325.7112364549064
1,2025-11-19,12,1335.6235816429903,1355.1930894811987
1,2025-11-19,13,1348.2444629901447,1367.9988915199633
1,2025-11-19,14,1317.3675470139374,1336.6695681008798
1,2025-11-19,15,1419.7000232699127,1440.5014160538801
1,2025-11-19,16,1525.9028255438839,1548.260297900049
1,2025-11-19,17,1808.7934426453348,1835.2958179702782
1,2025-11-19,18,1900.7214937702145,1928.5707955359344
1,2025-11-19,19,1368.6986445988462,1388.7527670490306
1,2025-11-19,20,853.33569860121,865.8387420274552
1,2025-11-19,21,491.34401101592323,498.54316548353506
1,2025-11-19,22,183.1676598452604,185.8514256938977
1,2025-11-19,23,37.90922283656977,38.46466738220144
1,2025-11-20,0,2.3178788058249324,2.319831894890549
1,2025-11-20,1,-0.30621492827719976,0.0
1,2025-11-20,2,-0.026889600034053274,0.0
1,2025-11-20,3,-0.09715436459532611,0.0
1,2025-11-20,4,6.969918652709225,6.9757916396292625
1,2025-11-20,5,114.24627180910636,114.3425379053738
1,2025-11-20,6,521.6375194253641,522.0770611877913
1,2025-11-20,7,1504.5458366950434,1505.8135958267906
1,2025-11-20,8,2109.060414227594,2110.837548917898
1,2025-11-20,9,1516.6081630884867,1517.886086167428
1,2025-11-20,10,1316.4342211163103,1317.5434737987216
1,2025-11-20,11,1314.9414981580405,1316.0494930435038
1,2025-11-20,12,1344.5115262787149,1345.6444374360933
1,2025-11-20,13,1358.8934524463302,1360.0384820900895
1,2025-11-20,14,1331.1324985583965,1332.2541362908298
1,2025-11-20,15,1436.0849072144792,1437.2949798561242
1,2025-11-20,16,1532.943985208458,1534.2356731639234
1,2025-11-20,17,1808.096477230455,1809.620013944447
1,2025-11-20,18,1886.6380609876478,1888.2277783440647
1,2025-11-20,19,1363.9466243304862,1365.0959118736355
1,2025-11-20,20,858.3581827757816,859.0814518168328
1,2025-11-20,21,494.69290322505793,495.10974093792663
1,2025-11-20,22,184.5498378117922,184.7053430389791
1,2025-11-20,23,41.437926160877,41.47284255093296
1,2025-11-21,0,4.227726841587582,4.326570065914363
1,2025-11-21,1,-0.1856743704702808,0.0
1,2025-11-21,2,0.05160614109644257,0.05281268011189128
1,2025-11-21,3,0.05271119863715512,0.0539435736288822
1,2025-11-21,4,7.183919090745462,7.351877370179937
1,2025-11-21,5,111.27526663302439,113.87685527721885
1,2025-11-21,6,516.9225354879746,529.0080585241838
1,2025-11-21,7,1444.8081157683632,1478.5873777801016
1,2025-11-21,8,2042.1304557704366,2089.874968674792
1,2025-11-21,9,1458.2016279627937,1492.2940270290208
1,2025-11-21,10,1302.4815099826258,1332.9332106001502
1,2025-11-21,11,1311.1431550798097,1341.7973628510504
1,2025-11-21,12,1343.6967654286855,1375.1120686847878
1,2025-11-21,13,1364.346399077459,1396.2444857411679
1,2025-11-21,14,1370.569543809865,1402.6131260824086
1,2025-11-21,15,1485.6438856027519,1520.377877971852
1,2025-11-21,16,1596.68193061152,1634.0119654409907
1,2025-11-21,17,1733.2363278810162,1773.7589712748209
1,2025-11-21,18,1651.101770300019,1689.7041277330327
1,2025-11-21,19,1249.9123573606694,1279.1350039877213
1,2025-11-21,20,792.4025415007299,810.928720012598
1,2025-11-21,21,475.09134953179455,486.19886962404587
1,2025-11-21,22,181.9643206883996,186.21860220733515
1,2025-11-21,23,53.64435647780215,54.89854847266861
1,2025-11-22,0,3.620030433882107,3.8295476428789983
1,2025-11-22,1,-1.6549977205502273,0.0
1,2025-11-22,2,-0.5306148080961748,0.0
1,2025-11-22,3,-0.5553673930053833,0.0
1,2025-11-22,4,1.0895684884302455,1.1526296568033678
1,2025-11-22,5,30.644311069640935,32.417917851189
1,2025-11-22,6,189.86946853482198,200.85858087730526
1,2025-11-22,7,375.1384535205726,396.85041511995405
1,2025-11-22,8,523.8064126449137,554.1228587733361
1,2025-11-22,9,698.9480300964254,739.4011818514605
1,2025-11-22,10,817.570171258011,864.8888398630683
1,2025-11-22,11,862.0738064219572,911.9682206181272
1,2025-11-22,12,939.2417409817749,993.6024188097921
1,2025-11-22,13,962.3858131017769,1018.086004915649
1,2025-11-22,14,927.297387749403,980.9667599107339
1,2025-11-22,15,870.9973170285166,921.4081989922615
1,2025-11-22,16,808.716240108443,855.5224680097576
1,2025-11-22,17,747.2019797517482,790.447934782754
1,2025-11-22,18,665.9939102102036,704.5397699273356
1,2025-11-22,19,586.9982107255744,620.9720209030489
1,2025-11-22,20,434.5952822098686,459.74843830479705
1,2025-11-22,21,301.19230314908464,318.62446894982025
1,2025-11-22,22,129.51443740459865,137.01036981329779
1,2025-11-22,23,40.57342074673937,42.92169654982347
1,2025-11-23,0,4.406596831533648,4.492362542964675
1,2025-11-23,1,-1.0181858305637093,0.0
1,2025-11-23,2,0.30049656321330076,0.3063451358220179
1,2025-11-23,3,0.28580594623031175,0.29136859496964046
1,2025-11-23,4,0.7884971637118952,0.8038437049981697
1,2025-11-23,5,14.897157489262042,15.187101262021924
1,2025-11-23,6,118.89801050512023,121.21212564851906
1,2025-11-23,7,242.21448335411824,246.92871029112953
1,2025-11-23,8,356.7087574006484,363.6513894411422
1,2025-11-23,9,538.0752422697983,548.547815033082
1,2025-11-23,10,667.7198114078308,680.7156598712476
1,2025-11-23,11,733.4541416406009,747.7293791231156
1,2025-11-23,12,812.0569561105432,827.862042263409
1,2025-11-23,13,853.1975131739624,869.8033190840712
1,2025-11-23,14,820.816233764127,836.7918019711271
1,2025-11-23,15,754.5042599752851,769.1891964712793
1,2025-11-23,16,686.0096287421552,699.3614524072052
1,2025-11-23,17,628.8249986185224,641.0638363052826
1,2025-11-23,18,550.6948761166536,561.4130651494198
1,2025-11-23,19,468.1312922889633,477.24254409193696
1,2025-11-23,20,361.27253307416584,368.3039900020762
1,2025-11-23,21,245.96447318744976,250.7516862764079
1,2025-11-23,22,89.01247758708979,90.74492980778413
1,2025-11-23,23,15.120892031493213,15.415190355604114
1,2025-11-24,0,1.7260058614274385,1.7829125022870749
1,2025-11-24,1,-0.08108055816825299,0.0
1,2025-11-24,2,0.0360815470576199,0.037271160422182835
1,2025-11-24,3,0.03443279980626812,0.035568053756533706
1,2025-11-24,4,7.420709960022577,7.665371745973462
1,2025-11-24,5,105.5727686199254,109.05351672320417
1,2025-11-24,6,505.92555873185665,522.6059911196438
1,2025-11-24,7,1464.7388821422142,1513.031516241543
1,2025-11-24,8,2047.1129752948575,2114.6065600430943
1,2025-11-24,9,1458.938570922347,1507.03996799587
1,2025-11-24,10,1248.109555428712,1289.2598920593898
1,2025-11-24,11,1244.5877974765672,1285.6220212831486
1,2025-11-24,12,1279.7516521824423,1321.9452329157336
1,2025-11-24,13,1298.327786844254,1341.13382518698
1,2025-11-24,14,1282.1327226154972,1324.404807554958
1,2025-11-24,15,1393.0405609553004,1438.96929195024
1,2025-11-24,16,1493.9778877418867,1543.2345357115842
1,2025-11-24,17,1774.8955347283147,1833.4140745637617
1,2025-11-24,18,1867.7763635836632,1929.3571965946649
1,2025-11-24,19,1365.8990412859798,1410.9329127982699
1,2025-11-24,20,845.7542436981996,873.638872642532
1,2025-11-24,21,472.58361358411275,488.1647576435768
1,2025-11-24,22,160.66050670223848,165.9575047945105
1,2025-11-24,23,18.253412828172543,18.855230256194737
1,2025-11-25,0,1.2656410603541417,1.2776664752908848
1,2025-11-25,1,-0.172126615610523,0.0
1,2025-11-25,2,0.046882053870035634,0.047327500978646485
1,2025-11-25,3,0.07602481081397627,0.07674715613301139
1,2025-11-25,4,7.249432029201216,7.318312086065417
1,2025-11-25,5,111.98802318885237,113.05207087897293
1,2025-11-25,6,522.2340710419819,527.1960476995874
1,2025-11-25,7,1502.6718514326235,1516.9494006472366
1,2025-11-25,8,2095.587238584595,2115.4983388716482
1,2025-11-25,9,1489.7646915188604,1503.9196041041164
1,2025-11-25,10,1293.988338768649,1306.2830937228268
1,2025-11-25,11,1284.6838056328875,1296.8901541065432
1,2025-11-25,12,1312.7279238485135,1325.2007318806031
1,2025-11-25,13,1326.667281187592,1339.2725332128523
1,2025-11-25,14,1299.5119746516684,1311.8592121109841
1,2025-11-25,15,1399.9423824388468,1413.2438535776303
1,2025-11-25,16,1512.6630459240994,1527.0355258921759
1,2025-11-25,17,1801.6141565720845,1818.7320887152055
1,2025-11-25,18,1901.6173955025492,1919.685502605086
1,2025-11-25,19,1370.4802933298888,1383.5018321422515
1,2025-11-25,20,856.8090052160021,864.9499261548167
1,2025-11-25,21,484.2426455760077,488.8436489137853
1,2025-11-25,22,173.4972154111593,175.14568911436302
1,2025-11-25,23,29.08411571915383,29.360456753390828
1,2025-11-26,0,2.1138553590753304,2.1448274904354077
1,2025-11-26,1,-0.2505755831373335,0.0
1,2025-11-26,2,0.01859140852593555,0.018863809163264876
1,2025-11-26,3,-0.020864517468794475,0.0
1,2025-11-26,4,6.997573899964834,7.100102096655815
1,2025-11-26,5,117.55510624582007,119.27751936035125
1,2025-11-26,6,521.9713411925869,529.619246181074
1,2025-11-26,7,1500.0733673674758,1522.0523874477249
1,2025-11-26,8,2108.498132865062,2139.3917703427655
1,2025-11-26,9,1496.7497487794897,1518.6800713218227
1,2025-11-26,10,1299.8133222252427,1318.8581394530158
1,2025-11-26,11,1292.6825410697916,1311.6228783530414
1,2025-11-26,12,1321.1437088830858,1340.5010581555382
1,2025-11-26,13,1331.7278475726073,1351.2402752577893
1,2025-11-26,14,1299.695500882101,1318.7385917958663
1,2025-11-26,15,1400.1149551409917,1420.629388223492
1,2025-11-26,16,1512.0078035146405,1534.1616865165515
1,2025-11-26,17,1795.2912304559675,1821.595771862055
1,2025-11-26,18,1897.4712444875279,1925.272923719708
1,2025-11-26,19,1364.587215011784,1384.5810969461254
1,2025-11-26,20,850.7933007141671,863.2590930196159
1,2025-11-26,21,489.33094003162023,496.50059905684276
1,2025-11-26,22,182.55733913260536,185.23216258449688
1,2025-11-26,23,39.41811794613545,39.995670767691216
1,2025-11-27,0,2.4071581771283945,2.409186494701834
1,2025-11-27,1,-0.26619419914993614,0.0
1,2025-11-27,2,0.014176165832054721,0.01418811094083667
1,2025-11-27,3,-0.0015909009276242614,0.0
1,2025-11-27,4,7.134734888242178,7.140746752478254
1,2025-11-27,5,116.36565480554941,116.4637067345126
1,2025-11-27,6,522.5594356731158,522.9997542598267
1,2025-11-27,7,1492.8975554704018,1494.1554995373424
1,2025-11-27,8,2093.9097480486844,2095.674116497554
1,2025-11-27,9,1507.8125755126687,1509.0830872610966
1,2025-11-27,10,1308.750560314001,1309.8533385966898
1,2025-11-27,11,1302.55925178544,1303.6568131530087
1,2025-11-27,12,1331.6350266309014,1332.7570878031113
1,2025-11-27,13,1344.1827336908566,1345.3153678013045
1,2025-11-27,14,1314.8792464285598,1315.9871888595237
1,2025-11-27,15,1418.261506934804,1419.4565612380825
1,2025-11-27,16,1519.2823232292856,1520.5624996067677
1,2025-11-27,17,1795.3589322983441,1796.8717361130718
1,2025-11-27,18,1880.8145361770603,1882.39934651996
1,2025-11-27,19,1360.1991405566237,1361.3452703981864
1,2025-11-27,20,856.0610959913358,856.7824294630767
1,2025-11-27,21,492.8834577891731,493.29877082866943
1,2025-11-27,22,184.14258667452253,184.29774874410293
1,2025-11-27,23,43.10147031433519,43.13778843854917
1,2025-11-28,0,4.631100396710167,4.73937439655543
1,2025-11-28,1,-0.14451663302804718,0.0
1,2025-11-28,2,0.05203507666999485,0.053251644094729926
1,2025-11-28,3,0.003088071341721843,0.003160269697908047
1,2025-11-28,4,7.1491269561500985,7.316271803947792
1,2025-11-28,5,115.02555115842125,117.71482054182209
1,2025-11-28,6,519.1000420917268,531.2364747022231
1,2025-11-28,7,1436.9604441682477,1470.5562295284715
1,2025-11-28,8,2030.9686198726358,2078.4521717710218
1,2025-11-28,9,1452.3500477559733,1486.3056383015175
1,2025-11-28,10,1295.0622903855374,1325.3405314550723
1,2025-11-28,11,1299.0253499124299,1329.3962463489065
1,2025-11-28,12,1332.5589062449876,1363.713809064859
1,2025-11-28,13,1351.2598162668837,1382.8519418103772
1,2025-11-28,14,1353.3699014784102,1385.0113603004543
1,2025-11-28,15,1464.9744845257915,1499.2252313296265
1,2025-11-28,16,1580.831752974065,1617.7912145090581
1,2025-11-28,17,1721.56664044069,1761.816449383096
1,2025-11-28,18,1647.8023521913267,1686.3275700321942
1,2025-11-28,19,1248.4425860762599,1277.6308698084945
1,2025-11-28,20,793.4995298437465,812.0513556760153
1,2025-11-28,21,476.3127034420559,487.44877849139357
1,2025-11-28,22,183.15656135958443,187.43871717516427
1,2025-11-28,23,55.572277052734364,56.87154336129529
1,2025-11-29,0,3.008633572175256,3.1827648455028426
1,2025-11-29,1,-1.7025221097704843,0.0
1,2025-11-29,2,-0.626804992547136,0.0
1,2025-11-29,3,-0.6937392727695055,0.0
1,2025-11-29,4,1.1629094932274597,1.2302154332705433
1,2025-11-29,5,34.28249392343986,36.26666852514044
1,2025-11-29,6,193.48962586725327,204.68826276326558
1,2025-11-29,7,372.36980612741917,393.92152618046424
1,2025-11-29,8,513.5716930904505,543.2957823547297
1,2025-11-29,9,684.6946681361495,724.3228752750321
1,2025-11-29,10,793.2029087345695,839.1112685237058
1,2025-11-29,11,836.2818688642353,884.6835180490568
1,2025-11-29,12,907.6127489025614,960.1428293737727
1,2025-11-29,13,926.2696106752776,979.879497981999
1,2025-11-29,14,889.5698005491092,941.0556057717735
1,2025-11-29,15,836.3934018837911,884.8015062869857
1,2025-11-29,16,776.1746892420069,821.0975034432179
1,2025-11-29,17,716.6194036703644,758.0953249678042
1,2025-11-29,18,639.7183393213976,676.7434426863464
1,2025-11-29,19,567.0488989720063,599.8680989338053
1,2025-11-29,20,419.04950884781096,443.30291917926974
1,2025-11-29,21,288.40437425972357,305.0964106005871
1,2025-11-29,22,122.3883485230291,129.47184289265653
1,2025-11-29,23,36.43323497944249,38.54188844162753
1,2025-11-30,0,3.69973810106643,3.7717462022105512
1,2025-11-30,1,-0.8235824833873266,0.0
1,2025-11-30,2,0.3784765852286114,0.3858428850815571
1,2025-11-30,3,0.3406645875026584,0.347294951437349
1,2025-11-30,4,0.42468722735299025,0.4329529261636806
1,2025-11-30,5,17.575810337594532,17.91788880204438
1,2025-11-30,6,120.15086934658018,122.48936891496011
1,2025-11-30,7,239.78997880167958,244.45701754204904
1,2025-11-30,8,345.4136657227978,352.13646109330244
1,2025-11-30,9,524.679547494972,534.8913994942742
1,2025-11-30,10,644.4029900333002,656.9450225816356
1,2025-11-30,11,700.2820714510028,713.9116800484123
1,2025-11-30,12,776.5950064924043,791.7098957758932
1,2025-11-30,13,811.5387153836193,827.3337150034221
1,2025-11-30,14,779.515849918537,794.6875876553785
1,2025-11-30,15,714.5541641513446,728.4615508688887
1,2025-11-30,16,646.9180536326835,659.509036930802
1,2025-11-30,17,595.1012697399831,606.6837415938908
1,2025-11-30,18,523.7451009150906,533.9387657557346
1,2025-11-30,19,448.5063837201937,457.23567540529933
1,2025-11-30,20,347.5319716765556,354.29599569222523
1,2025-11-30,21,233.70868947917356,238.25736792358168
1,2025-11-30,22,83.00406220683692,84.61957247904782
1,2025-11-30,23,8.82608312057448,8.9978654112911
1,2025-12-01,0,0.5860053797858313,0.6053260544338931
1,2025-12-01,1,-0.06102808148392569,0.0
1,2025-12-01,2,-0.0085726426869428,0.0
1,2025-12-01,3,-0.007537017751133135,0.0
1,2025-12-01,4,7.288718791018198,7.529028810721334
1,2025-12-01,5,107.56126230989997,111.10757131235984
1,2025-12-01,6,517.821416482566,534.8940568691006
1,2025-12-01,7,1419.0465302756234,1465.8326815084608
1,2025-12-01,8,1953.9867815156167,2018.4099833744017
1,2025-12-01,9,1435.3776146471896,1482.7022038853374
1,2025-12-01,10,1222.978974293917,1263.3007523506112
1,2025-12-01,11,1205.3728808468213,1245.1141836808495
1,2025-12-01,12,1229.7847799873514,1270.3309463552396
1,2025-12-01,13,1235.1134133327596,1275.8352654447328
1,2025-12-01,14,1212.4809746302808,1252.456632253694
1,2025-12-01,15,1323.631583636658,1367.2718914964407
1,2025-12-01,16,1419.1645765971841,1465.9546198328103
1,2025-12-01,17,1712.1495460529884,1768.599342367497
1,2025-12-01,18,1816.269365836565,1876.1520063396176
1,2025-12-01,19,1335.091890167199,1379.1100458445642
1,2025-12-01,20,824.1135719716754,851.284705115429
1,2025-12-01,21,463.34528162872925,478.6218366653656
1,2025-12-01,22,165.76940419876144,171.23484331520407
1,2025-12-01,23,15.509628299527435,16.020982789817367
1,2025-12-02,0,0.3712453653815828,0.3747727316324906
1,2025-12-02,1,-0.0867201956724557,0.0
1,2025-12-02,2,0.0513381956336616,0.051825982514110726
1,2025-12-02,3,0.06406574152060784,0.06467445843818309
1,2025-12-02,4,7.601470245943972,7.6736951734532015
1,2025-12-02,5,114.36626046745101,115.45290484077745
1,2025-12-02,6,531.8055546609373,536.8584742135577
1,2025-12-02,7,1457.7670653035452,1471.6179543040082
1,2025-12-02,8,2008.4381220108028,2027.5211800345326
1,2025-12-02,9,1474.2028501387872,1488.209902793106
1,2025-12-02,10,1276.8355963992553,1288.9673755692584
1,2025-12-02,11,1261.3244089120715,1273.3088094361551
1,2025-12-02,12,1284.12274658665,1296.323764190404
1,2025-12-02,13,1285.5499084002345,1297.7644860989694
1,2025-12-02,14,1250.858844901898,1262.7438074781212
1,2025-12-02,15,1348.2690678619788,1361.0795680071617
1,2025-12-02,16,1452.3198554586888,1466.1189881115713
1,2025-12-02,17,1741.6078722034338,1758.1556581250475
1,2025-12-02,18,1843.1986304376837,1860.7116750410626
1,2025-12-02,19,1344.8959527147704,1357.6744034025319
1,2025-12-02,20,839.9569220095075,847.9377238597
1,2025-12-02,21,477.94262941009003,482.48377351061896
1,2025-12-02,22,180.0509665344524,181.76171032284736
1,2025-12-02,23,24.255561053913652,24.486023856783845
1,2025-12-03,0,2.015858354364923,2.045394637198395
1,2025-12-03,1,-0.08297550956956457,0.0
1,2025-12-03,2,-0.006723352508288372,0.0
1,2025-12-03,3,-0.0128014657312292,0.0
1,2025-12-03,4,7.495597497167353,7.605422717378297
1,2025-12-03,5,117.04239648250388,118.75729739234667
1,2025-12-03,6,531.3152140288929,539.1000251002184
1,2025-12-03,7,1462.043490415262,1483.4652981301927
1,2025-12-03,8,2038.8547709094544,2068.7279963965334
1,2025-12-03,9,1497.3959842748661,1519.335775436027
1,2025-12-03,10,1304.4187541779875,1323.5310500261867
1,2025-12-03,11,1294.6662086602382,1313.6356105684267
1,2025-12-03,12,1324.102547378916,1343.5032494447241
1,2025-12-03,13,1325.3151495405439,1344.7336186088464
1,2025-12-03,14,1289.7575297392405,1308.655009863522
1,2025-12-03,15,1385.2219509376669,1405.5181722676216
1,2025-12-03,16,1488.306118424871,1510.112725204261
1,2025-12-03,17,1765.8869423119338,1791.7606531642482
1,2025-12-03,18,1863.5365116020917,1890.840980369949
1,2025-12-03,19,1351.6681765525177,1371.472769208154
1,2025-12-03,20,845.8448258346481,858.2381132672622
1,2025-12-03,21,493.1759654453723,500.4019616422401
1,2025-12-03,22,198.2505366706232,201.15529627851535
1,2025-12-03,23,41.70420063715625,42.315249058636724
1,2025-12-04,0,2.64520491634795,2.6474338166620868
1,2025-12-04,1,0.050960997599702296,0.05100393831210484
1,2025-12-04,2,0.015261376517571534,0.015274236045657221
1,2025-12-04,3,0.03325415605388571,0.033282176642542856
1,2025-12-04,4,7.6786575155736045,7.685127699430755
1,2025-12-04,5,121.48350249526419,121.58586682068967
1,2025-12-04,6,536.6041801183787,537.0563330756945
1,2025-12-04,7,1458.8216210755254,1460.0508521076429
1,2025-12-04,8,2026.6002849344122,2028.3079371407887
1,2025-12-04,9,1510.9215218786974,1512.194653284865
1,2025-12-04,10,1314.6259764126066,1315.7337054334055
1,2025-12-04,11,1304.972499644543,1306.0720944609677
1,2025-12-04,12,1335.0234453953876,1336.1483617141316
1,2025-12-04,13,1338.1996159274495,1339.3272085483025
1,2025-12-04,14,1304.9887899011487,1306.0883984440557
1,2025-12-04,15,1404.8765091757969,1406.0602850236614
1,2025-12-04,16,1499.4531988168487,1500.7166667944034
1,2025-12-04,17,1770.1044771074687,1771.5960010346685
1,2025-12-04,18,1852.2859612466953,1853.8467328660802
1,2025-12-04,19,1354.2890592728436,1355.4302091667478
1,2025-12-04,20,858.029253470772,858.7522453496922
1,2025-12-04,21,504.16463175611113,504.5894505288092
1,2025-12-04,22,202.842698455463,203.0136175973085
1,2025-12-04,23,46.641619153119734,46.680920274533705
1,2025-12-05,0,4.630042430606466,4.738291695461783
1,2025-12-05,1,0.1490278124198312,0.15251204639375826
1,2025-12-05,2,0.04551347232552416,0.046577566228353795
1,2025-12-05,3,0.006966553327060865,0.007129429647857546
1,2025-12-05,4,7.676881326236241,7.856364942726066
1,2025-12-05,5,116.83866746595328,119.57032706722559
1,2025-12-05,6,530.5107047555414,542.9139158812203
1,2025-12-05,7,1406.5174389883027,1439.4014742986928
1,2025-12-05,8,1966.798560247646,2012.7818317740405
1,2025-12-05,9,1457.4899738805243,1491.5657346475582
1,2025-12-05,10,1302.9437377923373,1333.4062451835246
1,2025-12-05,11,1307.0473771188788,1337.6058265984998
1,2025-12-05,12,1339.4335656270966,1370.7491963097032
1,2025-12-05,13,1351.5167083363867,1383.1148399539254
1,2025-12-05,14,1345.9781646926504,1377.4468065081433
1,2025-12-05,15,1452.6539694800022,1486.616665641465
1,2025-12-05,16,1557.1672592803784,1593.573450713875
1,2025-12-05,17,1704.5928597141326,1744.445825795376
1,2025-12-05,18,1628.665357478494,1666.743157041829
1,2025-12-05,19,1246.4706037733647,1275.6127830394316
1,2025-12-05,20,802.8899770695816,821.6613492719096
1,2025-12-05,21,490.41359254776984,501.8793429515729
1,2025-12-05,22,203.5877119072899,208.34754304876253
1,2025-12-05,23,54.78412765251403,56.06496721997081
1,2025-12-06,0,5.142988120092696,5.440649848773368
1,2025-12-06,1,-0.7201647135569829,0.0
1,2025-12-06,2,-0.26271669301542033,0.0
1,2025-12-06,3,-0.3045306779728776,0.0
1,2025-12-06,4,1.0648215599590003,1.1264504455159308
1,2025-12-06,5,26.947809684362312,28.50747333271242
1,2025-12-06,6,180.1996228901529,190.6290716861811
1,2025-12-06,7,338.1957087055927,357.7695278424484
1,2025-12-06,8,481.5394652411141,509.4096189931031
1,2025-12-06,9,668.6490010254361,707.3485299526482
1,2025-12-06,10,778.3447142426178,823.3931234049445
1,2025-12-06,11,828.0967958207593,876.0247159331802
1,2025-12-06,12,904.1397923081468,956.4688677917152
1,2025-12-06,13,929.0243903015994,982.7937165272056
1,2025-12-06,14,890.4788899673792,942.0173107359963
1,2025-12-06,15,834.7210692460386,883.0323837262821
1,2025-12-06,16,771.9714600845125,816.6510031702073
1,2025-12-06,17,712.876676322869,754.1359790580603
1,2025-12-06,18,627.4093437007233,663.7220369202047
1,2025-12-06,19,564.9657538166598,597.664387179129
1,2025-12-06,20,420.1384826583475,444.4549197398907
1,2025-12-06,21,294.1536277907246,311.1784148019573
1,2025-12-06,22,130.8041327355665,138.37470909302132
1,2025-12-06,23,30.33509036563413,32.090800320055784
1,2025-12-07,0,4.428549536815922,4.514742514334215
1,2025-12-07,1,0.30060908540707487,0.3064598480382446
1,2025-12-07,2,0.13165655449699898,0.13421898952173053
1,2025-12-07,3,-0.5500780549915021,0.0
1,2025-12-07,4,0.6799535952735596,0.6931875501980053
1,2025-12-07,5,12.658880419134391,12.90526054569784
1,2025-12-07,6,111.06835936318754,113.23008579799401
1,2025-12-07,7,217.62202238085453,221.85760559531823
1,2025-12-07,8,329.4378479002084,335.8497055031728
1,2025-12-07,9,529.2442414632831,539.5449362227978
1,2025-12-07,10,657.1597011270716,669.9500178829951
1,2025-12-07,11,718.6827313698305,732.6704725010461
1,2025-12-07,12,798.7390606905067,814.2849402903042
1,2025-12-07,13,839.4295384708564,855.7673779228298
1,2025-12-07,14,803.785116012817,819.4292071216732
1,2025-12-07,15,735.3220210027132,749.6336130709735
1,2025-12-07,16,660.3344516358853,673.1865586454703
1,2025-12-07,17,600.5305781151818,612.2187207425184
1,2025-12-07,18,516.806031670394,526.8646412216178
1,2025-12-07,19,444.1762048975558,452.82121819697176
1,2025-12-07,20,349.08842263907883,355.8827399012631
1,2025-12-07,21,238.88546672821687,243.5349009260234
1,2025-12-07,22,92.16028976828943,93.95400794125784
1,2025-12-07,23,4.209941271023638,4.291879470045698
1,2025-12-08,0,0.8994621117882389,0.9291174962259557
1,2025-12-08,1,0.026185967795129272,0.027049322606477966
1,2025-12-08,2,-0.04633636918532602,0.0
1,2025-12-08,3,0.0002160170206479961,0.00022313913030492263
1,2025-12-08,4,7.460879305591334,7.706865480162751
1,2025-12-08,5,111.98056050723977,115.67257435403873
1,2025-12-08,6,525.3038435718772,542.6231805662541
1,2025-12-08,7,1441.6861749248194,1489.2187582272306
1,2025-12-08,8,1989.1935701334062,2054.7775444556387
1,2025-12-08,9,1469.0831162456661,1517.51898031626
1,2025-12-08,10,1259.8753658828518,1301.41362283576
1,2025-12-08,11,1253.5100214626227,1294.838412170598
1,2025-12-08,12,1280.1732974039505,1322.3807798357973
1,2025-12-08,13,1287.2637246976287,1329.7049794523625
1,2025-12-08,14,1262.0273431555252,1303.6365510828946
1,2025-12-08,15,1375.1282949089273,1420.4664561302275
1,2025-12-08,16,1466.9665544522888,1515.332635201444
1,2025-12-08,17,1752.143523524659,1809.911926550414
1,2025-12-08,18,1839.9222678155936,1900.5847476160027
1,2025-12-08,19,1355.9847744492238,1400.6917712765119
1,2025-12-08,20,843.0331696651663,870.8280844398015
1,2025-12-08,21,478.17560744735806,493.9411202819095
1,2025-12-08,22,176.2941760515087,182.106618283838
1,2025-12-08,23,24.72461684341812,25.539790721180562
1,2025-12-09,0,1.096084287930978,1.1064986690544274
1,2025-12-09,1,0.009748679239464764,0.00984130574836372
1,2025-12-09,2,0.046211529194010836,0.04665060535140407
1,2025-12-09,3,0.1869604716218305,0.18873686567101897
1,2025-12-09,4,7.760816338182053,7.834555283320559
1,2025-12-09,5,119.80185428415899,120.94014463605002
1,2025-12-09,6,542.2501613601249,547.4023197359339
1,2025-12-09,7,1487.5035774344813,1501.6370061757502
1,2025-12-09,8,2050.6536894437186,2070.1378562265377
1,2025-12-09,9,1514.9171305523892,1529.3110275744841
1,2025-12-09,10,1321.477906414154,1334.0338518967715
1,2025-12-09,11,1314.4660795109655,1326.9554025280067
1,2025-12-09,12,1339.5571023922394,1352.2848263041205
1,2025-12-09,13,1343.0748735244333,1355.8360213341653
1,2025-12-09,14,1308.3453105154824,1320.7764774018415
1,2025-12-09,15,1406.4122061695502,1419.7751499622846
1,2025-12-09,16,1506.3114988439202,1520.6236299567627
1,2025-12-09,17,1788.7112418696825,1805.706577719075
1,2025-12-09,18,1881.2049065930325,1899.079065619201
1,2025-12-09,19,1372.062176535711,1385.0987455193658
1,2025-12-09,20,865.0727391892636,873.2921775158813
1,2025-12-09,21,499.1152225787688,503.8575368420838
1,2025-12-09,22,193.5534251875486,195.39246180165534
1,2025-12-09,23,35.02929921122376,35.362128060692676
1,2025-12-10,0,2.5081708242593663,2.5449204513844954
1,2025-12-10,1,-0.011233998324314598,0.0
1,2025-12-10,2,0.014565384236959744,0.014778795713748037
1,2025-12-10,3,0.09270122396367242,0.09405947890458699
1,2025-12-10,4,7.5656574035892845,7.676509138985129
1,2025-12-10,5,120.91413425116451,122.68576372109914
1,2025-12-10,6,539.7420325710154,547.6503130792225
1,2025-12-10,7,1488.443436485337,1510.2520552439235
1,2025-12-10,8,2064.503609451045,2094.752640781761
1,2025-12-10,9,1519.5481156763447,1541.8124790560948
1,2025-12-10,10,1328.4689664981327,1347.933645177077
1,2025-12-10,11,1323.7443910768532,1343.1398454496311
1,2025-12-10,12,1352.1218182191706,1371.9330576159045
1,2025-12-10,13,1356.3607963002066,1376.2341450486495
1,2025-12-10,14,1320.7270368364332,1340.078281045307
1,2025-12-10,15,1417.3479384538841,1438.1148685772066
1,2025-12-10,16,1516.2899055237506,1538.5065297275862
1,2025-12-10,17,1794.2559990169345,1820.5453722498637
1,2025-12-10,18,1883.1941491230946,1910.786640876496
1,2025-12-10,19,1369.6874748347093,1389.7560855893212
1,2025-12-10,20,862.1607271874996,874.7930746096201
1,2025-12-10,21,506.8195681858917,514.2454699507965
1,2025-12-10,22,204.26088341022574,207.25370639858494
1,2025-12-10,23,43.477879283105324,44.11491557919465
1,2025-12-11,0,2.7941363800788395,2.7964907728961252
1,2025-12-11,1,0.04615393668490242,0.0461928268757303
1,2025-12-11,2,0.014800702204638583,0.014813173559726984
1,2025-12-11,3,0.08898478079078131,0.08905976107099786
1,2025-12-11,4,7.708864394538239,7.71536003129002
1,2025-12-11,5,119.92808126457652,120.02913496228909
1,2025-12-11,6,537.7762392051319,538.2293797618773
1,2025-12-11,7,1477.877508864566,1479.1227967526254
1,2025-12-11,8,2046.4906046830836,2048.2150168537496
1,2025-12-11,9,1526.2290891243103,1527.5151189797555
1,2025-12-11,10,1331.357875282832,1332.4797029220092
1,2025-12-11,11,1327.0304817299957,1328.1486630245022
1,2025-12-11,12,1355.7810825275797,1356.923489628848
1,2025-12-11,13,1362.0512322991117,1363.1989227486415
1,2025-12-11,14,1328.7712645536508,1329.8909126650979
1,2025-12-11,15,1431.3556226227793,1432.5617102786687
1,2025-12-11,16,1519.8263560398457,1521.1069908297914
1,2025-12-11,17,1790.208649999685,1791.7171140879277
1,2025-12-11,18,1866.0929950387438,1867.6654007291854
1,2025-12-11,19,1363.7540047378252,1364.9031299760172
1,2025-12-11,20,864.9726799703999,865.7015225134447
1,2025-12-11,21,508.4357596434068,508.86417735024827
1,2025-12-11,22,204.70937741930013,204.8818694605846
1,2025-12-11,23,46.87786475430022,46.91736494078149
1,2025-12-12,0,4.368102484616884,4.470227657303591
1,2025-12-12,1,0.15952581082405004,0.16325548544495624
1,2025-12-12,2,0.05761720958133765,0.0589642859145836
1,2025-12-12,3,0.012540135530912266,0.01283332084676033
1,2025-12-12,4,7.65063223879298,7.829502158008656
1,2025-12-12,5,114.38970546764375,117.06410893358927
1,2025-12-12,6,529.14731570708,541.5186511287196
1,2025-12-12,7,1417.569430037693,1450.7118582082385
1,2025-12-12,8,1980.314738168651,2026.6140146443588
1,2025-12-12,9,1464.7232297949308,1498.9681023243256
1,2025-12-12,10,1313.115378514391,1343.8156963893994
1,2025-12-12,11,1321.917603411224,1352.8237151614408
1,2025-12-12,12,1353.5239388083633,1385.1689989856816
1,2025-12-12,13,1367.3952989763425,1399.3646681774403
1,2025-12-12,14,1364.27084404063,1396.1671642459714
1,2025-12-12,15,1474.14150053409,1508.606569940512
1,2025-12-12,16,1576.4770062943517,1613.3346549121252
1,2025-12-12,17,1714.740890676968,1754.83111525161
1,2025-12-12,18,1628.7916799029679,1666.8724328538342
1,2025-12-12,19,1245.7359623889693,1274.8609659183157
1,2025-12-12,20,799.581977930729,818.2760099185145
1,2025-12-12,21,487.9968635783684,499.40611144721345
1,2025-12-12,22,201.88137644864509,206.6013138824977
1,2025-12-12,23,52.9160690053983,54.15323381645972
1,2025-12-13,0,5.154930141970738,5.453283041385846
1,2025-12-13,1,-0.7592637890721221,0.0
1,2025-12-13,2,-0.25229005062641363,0.0
1,2025-12-13,3,-0.324114293879461,0.0
1,2025-12-13,4,1.0214732499247816,1.0805932568689536
1,2025-12-13,5,27.6133958105342,29.21158171720495
1,2025-12-13,6,181.97130979019732,192.50329885523524
1,2025-12-13,7,343.73182969835307,363.62606399200297
1,2025-12-13,8,491.1985044879135,519.6276963423559
1,2025-12-13,9,680.8532711088499,720.2591489611397
1,2025-12-13,10,797.8694696659301,844.0479169142218
1,2025-12-13,11,847.0642146076636,896.0899157246066
1,2025-12-13,12,922.4435157361368,975.8319593982128
1,2025-12-13,13,950.9920948935157,1006.0328502516197
1,2025-12-13,14,912.7563393768658,965.5841164393302
1,2025-12-13,15,858.4077808611096,908.0900157793291
1,2025-12-13,16,793.2835618515969,839.196589616952
1,2025-12-13,17,732.7713336775333,775.182083385072
1,2025-12-13,18,641.1922017365071,678.3026081245379
1,2025-12-13,19,573.9015908069517,607.1174053535165
1,2025-12-13,20,425.2087263923422,449.8186149615132
1,2025-12-13,21,299.05961667906837,316.36834856812163
1,2025-12-13,22,133.84158108325494,141.5879564324319
1,2025-12-13,23,31.859609502388537,33.703554348872295
1,2025-12-14,0,3.6538659180935156,3.7249812077193667
1,2025-12-14,1,-0.4717545255984419,0.0
1,2025-12-14,2,0.34447332358325866,0.3511778170496705
1,2025-12-14,3,0.32583821424395865,0.33218001208125303
1,2025-12-14,4,1.5178528705922076,1.5473948814161613
1,2025-12-14,5,15.12369774419966,15.418050675971653
1,2025-12-14,6,115.29811689271918,117.54216721091454
1,2025-12-14,7,228.6392007897321,233.08921164083327
1,2025-12-14,8,341.620808709381,348.26978360287166
1,2025-12-14,9,542.2291668251947,552.7825875326731
1,2025-12-14,10,672.3704302187447,685.4567937998727
1,2025-12-14,11,731.0069582493524,745.2345661363817
1,2025-12-14,12,810.2963459736487,826.0671653245546
1,2025-12-14,13,851.9676003781001,868.549468462724
1,2025-12-14,14,817.7136540980698,833.6288367144422
1,2025-12-14,15,752.6261605943153,767.2745435920647
1,2025-12-14,16,677.2748477043924,690.456666093594
1,2025-12-14,17,616.4347949376704,628.4324817603763
1,2025-12-14,18,536.2809294405278,546.7185794454526
1,2025-12-14,19,458.44012475364053,467.3627571049057
1,2025-12-14,20,361.0037041087092,368.02992881130893
1,2025-12-14,21,250.30815588143543,255.1799101822908
1,2025-12-14,22,98.17036989565031,100.08106241811944
1,2025-12-14,23,9.3937579904333,9.57658895225288
1,2025-12-15,0,1.083959775305118,1.1196980720386913
1,2025-12-15,1,-0.00030824719988231664,0.0
1,2025-12-15,2,-0.06682980366178981,0.0
1,2025-12-15,3,-0.04801254408096156,0.0
1,2025-12-15,4,7.3512211499184446,7.593591880636707
1,2025-12-15,5,111.86126672486097,115.54934743992364
1,2025-12-15,6,527.1086939507154,544.487537100088
1,2025-12-15,7,1452.9091150190213,1500.8117201363073
1,2025-12-15,8,2007.0235009616251,2073.195330454497
1,2025-12-15,9,1479.133297689676,1527.9005175677962
1,2025-12-15,10,1272.0052191026462,1313.9433989157744
1,2025-12-15,11,1263.222190861282,1304.8707930750745
1,2025-12-15,12,1288.997325180403,1331.495736971664
1,2025-12-15,13,1296.5672689227167,1339.31526275741
1,2025-12-15,14,1272.8808721987737,1314.8479224099538
1,2025-12-15,15,1381.0924900413197,1426.6272915626332
1,2025-12-15,16,1474.1270293880173,1522.7291919400552
1,2025-12-15,17,1758.348782870477,1816.321774115151
1,2025-12-15,18,1851.459169145058,1912.5020221036707
1,2025-12-15,19,1362.0637408543967,1406.9711620056964
1,2025-12-15,20,847.6000603706036,875.545546134033
1,2025-12-15,21,481.9058415174615,497.7943406612102
1,2025-12-15,22,178.00361902079555,183.87242181324643
1,2025-12-15,23,25.83991082847399,26.69185609599753
1,2025-12-16,0,0.7665849318657934,0.7738685940182852
1,2025-12-16,1,-0.07438137912453158,0.0
1,2025-12-16,2,-0.03277350536899348,0.0
1,2025-12-16,3,0.018866093657322835,0.019045348749126893
1,2025-12-16,4,7.507060386993146,7.578388284717576
1,2025-12-16,5,120.53187750475087,121.67710412982082
1,2025-12-16,6,544.1793152588089,549.3498033782041
1,2025-12-16,7,1499.0805493853188,1513.323976052367
1,2025-12-16,8,2074.4439709640355,2094.1541797232926
1,2025-12-16,9,1528.430498027322,1542.9527915246654
1,2025-12-16,10,1339.663784197885,1352.3925217407389
1,2025-12-16,11,1331.7489502684505,1344.4024854769787
1,2025-12-16,12,1355.475251980404,1368.3542212649418
1,2025-12-16,13,1359.0761208708313,1371.9893036017377
1,2025-12-16,14,1325.5237269248569,1338.1181135357886
1,2025-12-16,15,1422.0955911578371,1435.6075497210343
1,2025-12-16,16,1522.1255552405646,1536.5879426906577
1,2025-12-16,17,1802.1763454750915,1819.2996192233825
1,2025-12-16,18,1893.5439697271897,1911.5353676441991
1,2025-12-16,19,1378.5291124189257,1391.6271266178164
1,2025-12-16,20,870.0516193420344,878.3183642088972
1,2025-12-16,21,502.2578596567601,507.03003350352435
1,2025-12-16,22,196.56207432332383,198.42969744223836
1,2025-12-16,23,38.269477569755054,38.633092785478155
1,2025-12-17,0,2.380689451749845,2.41557122647042
1,2025-12-17,1,-0.08246089322835815,0.0
1,2025-12-17,2,-0.024253298253768207,0.0
1,2025-12-17,3,-0.0007651799223822309,0.0
1,2025-12-17,4,7.206611532690374,7.312202541125866
1,2025-12-17,5,121.47697363270055,123.25684980465512
1,2025-12-17,6,539.7999550270742,547.7090842129877
1,2025-12-17,7,1488.7788311273946,1510.592364076002
1,2025-12-17,8,2076.8819461961625,2107.312344463856
1,2025-12-17,9,1523.8066531731492,1546.1334124884522
1,2025-12-17,10,1337.8880271931725,1357.49071360471
1,2025-12-17,11,1332.0445974874074,1351.5616661807487
1,2025-12-17,12,1358.7271794026342,1378.6352003096908
1,2025-12-17,13,1362.96615748367,1382.9362877424355
1,2025-12-17,14,1329.2900156363785,1348.7667242972486
1,2025-12-17,15,1424.8797453881048,1445.7570312709847
1,2025-12-17,16,1519.6080103540373,1541.873251308413
1,2025-12-17,17,1795.032468490842,1821.3332185260863
1,2025-12-17,18,1884.1953256027173,1911.802486557258
1,2025-12-17,19,1371.433952753107,1391.528152838263
1,2025-12-17,20,861.434291405707,874.0559951173382
1,2025-12-17,21,506.4172479101336,513.8372548930818
1,2025-12-17,22,204.42128045760256,207.41645357762985
1,2025-12-17,23,43.73295668407195,44.37373036490513
1,2025-12-18,0,2.698822788703694,2.701096868463778
1,2025-12-18,1,-0.020266541287924156,0.0
1,2025-12-18,2,-0.03678305127920112,0.0
1,2025-12-18,3,-0.10794473811228045,0.0
1,2025-12-18,4,7.173266969999588,7.179311302105583
1,2025-12-18,5,120.38665685089887,120.4880969531815
1,2025-12-18,6,538.6700310783158,539.1239247612083
1,2025-12-18,7,1475.3700835751981,1476.6132586586955
1,2025-12-18,8,2054.6282795633733,2056.3595486947174
1,2025-12-18,9,1531.7748456292359,1533.0655484453048
1,2025-12-18,10,1337.8870477528944,1339.0143769978183
1,2025-12-18,11,1333.0355811542001,1334.15882246047
1,2025-12-18,12,1360.5722968557877,1361.7187411259936
1,2025-12-18,13,1366.84244662732,1367.994174245787
1,2025-12-18,14,1332.6481188414277,1333.7710336645334
1,2025-12-18,15,1429.1939459689765,1430.3982121547247
1,2025-12-18,16,1519.3590685520012,1520.6393095965618
1,2025-12-18,17,1790.0869201161147,1791.5952816324268
1,2025-12-18,18,1869.1395284287305,1870.7145011865432
1,2025-12-18,19,1365.1657822927677,1366.316097121761
1,2025-12-18,20,864.8159118112777,865.5446222584698
1,2025-12-18,21,509.4913471394857,509.9206543045642
1,2025-12-18,22,205.58346503587126,205.7566936001189
1,2025-12-18,23,46.17151225688309,46.21041725722447
1,2025-12-19,0,4.574930679756619,4.681891445293886
1,2025-12-19,1,0.10746913156594928,0.1099817336988696
1,2025-12-19,2,0.03655267645638105,0.03740726913327348
1,2025-12-19,3,-0.07393802760367407,0.0
1,2025-12-19,4,7.3133820927797615,7.484367185684354
1,2025-12-19,5,115.95064072601014,118.66153847829047
1,2025-12-19,6,532.4434576163565,544.8918560333974
1,2025-12-19,7,1419.2237466208503,1452.4048523103706
1,2025-12-19,8,1987.5814746727153,2034.0506456788194
1,2025-12-19,9,1470.8801992843455,1505.269020261504
1,2025-12-19,10,1320.4303117034874,1351.3016509356546
1,2025-12-19,11,1332.0193382924801,1363.1616261449785
1,2025-12-19,12,1362.1774197747523,1394.0247962303965
1,2025-12-19,13,1375.6975417056397,1407.8610153205882
1,2025-12-19,14,1373.0252383963943,1405.1262342105383
1,2025-12-19,15,1483.2366044270802,1517.91431514834
1,2025-12-19,16,1587.568596126531,1624.685563414361
1,2025-12-19,17,1724.8927300598252,1765.2203021677983
1,2025-12-19,18,1639.044877721579,1677.3653479413292
1,2025-12-19,19,1255.647475613053,1285.0042079086454
1,2025-12-19,20,805.1650811979887,823.9896447809704
1,2025-12-19,21,493.12032945405815,504.64936270778185
1,2025-12-19,22,206.81223391988473,211.64745360101
1,2025-12-19,23,55.3569168627256,56.651148102473016
1,2025-12-20,0,5.418062919239674,5.731645205836996
1,2025-12-20,1,-1.0428029368841294,0.0
1,2025-12-20,2,-0.2268286848840262,0.0
1,2025-12-20,3,-0.3080198922970112,0.0
1,2025-12-20,4,1.082408216637873,1.1450549685609137
1,2025-12-20,5,27.211010260866317,28.785907220428218
1,2025-12-20,6,181.86606927226575,192.39196731127691
1,2025-12-20,7,349.10133068292174,369.30633663458406
1,2025-12-20,8,501.5767891754038,530.6066470412549
1,2025-12-20,9,690.911220198174,730.8992239358442
1,2025-12-20,10,808.4381318065487,855.2282635793152
1,2025-12-20,11,858.7993059514927,908.5042012438962
1,2025-12-20,12,933.5488755560243,987.5800662990616
1,2025-12-20,13,961.7462164763115,1017.4093902312753
1,2025-12-20,14,922.0383287145291,975.4033212881573
1,2025-12-20,15,866.298802060302,916.4377471548547
1,2025-12-20,16,801.7209546658526,848.1223150643002
1,2025-12-20,17,742.089101936625,785.0391379389562
1,2025-12-20,18,650.5020715830817,688.1513071279401
1,2025-12-20,19,582.3879786848636,616.0949615613969
1,2025-12-20,20,433.9495201060819,459.06530130150804
1,2025-12-20,21,305.4189351177632,323.09572652309214
1,2025-12-20,22,141.23566037399524,149.40998429553719
1,2025-12-20,23,37.3617671051544,39.52416140267117
1,2025-12-21,0,3.98091450369094,4.058395148643957
1,2025-12-21,1,-0.9187483199301596,0.0
1,2025-12-21,2,0.1808928270454544,0.18441354895341336
1,2025-12-21,3,0.17499472362493407,0.17840065058901824
1,2025-12-21,4,1.417413387055376,1.4450005415376608
1,2025-12-21,5,14.530734925881632,14.813547006536664
1,2025-12-21,6,113.0850111042356,115.2859876855592
1,2025-12-21,7,225.83993116790447,230.23545975984246
1,2025-12-21,8,340.73322801240846,347.3649278991675
1,2025-12-21,9,542.8517803799061,553.4173190315731
1,2025-12-21,10,673.0913223846536,686.1917167091962
1,2025-12-21,11,731.6398496515883,745.8797755208262
1,2025-12-21,12,811.38705200695,827.1790997984155
1,2025-12-21,13,852.4369413042745,869.0279441838378
1,2025-12-21,14,819.2209758124759,835.165495471499
1,2025-12-21,15,752.7644206013324,767.4154945572786
1,2025-12-21,16,676.8813492585014,690.0555089769761
1,2025-12-21,17,617.4317171066798,629.448807052098
1,2025-12-21,18,530.4739368949502,540.7985652493845
1,2025-12-21,19,454.46505589340046,463.3103213736267
1,2025-12-21,20,359.62508134372024,366.62447387474754
1,2025-12-21,21,249.68600091582857,254.54564619802724
1,2025-12-21,22,101.99658754962155,103.98174984813974
1,2025-12-21,23,9.917347485696155,10.110369083799426
1,2025-12-22,0,1.1537174753322574,1.1917556926346726
1,2025-12-22,1,0.03551031272132832,0.036681092414495055
1,2025-12-22,2,-0.03248417244628854,0.0
1,2025-12-22,3,0.007341547548605831,0.007583599339413159
1,2025-12-22,4,7.228111642397096,7.46642343641793
1,2025-12-22,5,112.4625726898243,116.17047854184601
1,2025-12-22,6,525.3530160775683,542.6739742959421
1,2025-12-22,7,1448.1032274261024,1495.8473817956974
1,2025-12-22,8,1998.002907238327,2063.877326566596
1,2025-12-22,9,1472.1893987260137,1520.72767733961
1,2025-12-22,10,1264.0543304539246,1305.730368419821
1,2025-12-22,11,1259.0080650251477,1300.5177269544065
1,2025-12-22,12,1285.4234339526006,1327.8040140787919
1,2025-12-22,13,1292.3720125877867,1334.981688267889
1,2025-12-22,14,1264.9102483670767,1306.6145060594397
1,2025-12-22,15,1379.418713024283,1424.898329896624
1,2025-12-22,16,1472.4739428051455,1521.0216028745535
1,2025-12-22,17,1758.0395626465036,1816.0023588596164
1,2025-12-22,18,1849.3518833416697,1910.3252588094567
1,2025-12-22,19,1360.601006585491,1405.4602011950542
1,2025-12-22,20,847.9949197609092,875.9534240905069
1,2025-12-22,21,484.2267579210847,500.19177798472003
1,2025-12-22,22,181.09116095454698,187.06176041170778
1,2025-12-22,23,27.3186298273356,28.219328655250266
1,2025-12-23,0,1.3348593517648624,1.347542440272336
1,2025-12-23,1,0.02519433061519294,0.0254337130824593
1,2025-12-23,2,0.04147285529268174,0.04186690721555982
1,2025-12-23,3,0.10573694004676781,0.10674159343392019
1,2025-12-23,4,7.4380606222601955,7.508732922732417
1,2025-12-23,5,120.03374241507083,121.1742360385532
1,2025-12-23,6,542.8434238180716,548.0012190426261
1,2025-12-23,7,1489.0156256117084,1503.1634209908063
1,2025-12-23,8,2055.910765067815,2075.4448816489726
1,2025-12-23,9,1517.3336592893925,1531.7505168187588
1,2025-12-23,10,1325.07291126564,1337.663014477801
1,2025-12-23,11,1319.3801633539026,1331.916177252819
1,2025-12-23,12,1343.5731110668794,1356.3389928516478
1,2025-12-23,13,1347.6459709035748,1360.450550729241
1,2025-12-23,14,1312.0471646582942,1324.5135044965248
1,2025-12-23,15,1413.2945644237834,1426.7229005432548
1,2025-12-23,16,1514.5810614494326,1528.9717653304886
1,2025-12-23,17,1797.7576054461697,1814.8388947930298
1,2025-12-23,18,1889.5956062692687,1907.5494890404839
1,2025-12-23,19,1376.6686595857304,1389.7489968002137
1,2025-12-23,20,869.9989172567643,878.2651613778285
1,2025-12-23,21,505.08789030387993,509.88695352226887
1,2025-12-23,22,199.6567440775485,201.55377102117487
1,2025-12-23,23,39.16829892144301,39.54045423597187
1,2025-12-24,0,3.0959967376207373,3.1413591685156805
1,2025-12-24,1,-0.03461202324211854,0.0
1,2025-12-24,2,0.011282087427105125,0.011447392159194755
1,2025-12-24,3,0.043148486584698276,0.04378069663102538
1,2025-12-24,4,7.288254313556763,7.395041549029616
1,2025-12-24,5,121.40480058684375,123.18361928197174
1,2025-12-24,6,538.8590858645813,546.7544294699591
1,2025-12-24,7,1482.872962424538,1504.599962801049
1,2025-12-24,8,2066.2870989642347,2096.562261918027
1,2025-12-24,9,1523.4655987337542,1545.7873609318929
1,2025-12-24,10,1330.6662680382165,1350.1631414989113
1,2025-12-24,11,1323.1715158859106,1342.5585765123565
1,2025-12-24,12,1351.0595567047285,1370.8552318846287
1,2025-12-24,13,1354.5858136853437,1374.4331554534729
1,2025-12-24,14,1318.5566684085047,1337.876112458602
1,2025-12-24,15,1416.995106402218,1437.7568668432323
1,2025-12-24,16,1517.3056888133606,1539.5371962367808
1,2025-12-24,17,1796.3167973234188,1822.6363652977152
1,2025-12-24,18,1887.6052876022027,1915.2624111951648
1,2025-12-24,19,1369.1447098795725,1389.2053680619254
1,2025-12-24,20,861.8972135712997,874.5257000015596
1,2025-12-24,21,508.4377444725064,515.8873556971421
1,2025-12-24,22,205.6571075989359,208.67038801301024
1,2025-12-24,23,43.25916511404267,43.89299681813121
1,2025-12-25,0,3.1129195532140557,3.1155425588372343
1,2025-12-25,1,-0.3194885611938503,0.0
1,2025-12-25,2,-0.11628547725729277,0.0
1,2025-12-25,3,0.5423095410257588,0.5427665014294241
1,2025-12-25,4,7.58692588299607,7.593318772023091
1,2025-12-25,5,125.3228254572731,125.42842486974352
1,2025-12-25,6,540.0051250176263,540.460143676237
1,2025-12-25,7,1448.592997173109,1449.8136093708638
1,2025-12-25,8,2018.1331131531874,2019.8336307584877
1,2025-12-25,9,1527.4278145292233,1528.7148544536483
1,2025-12-25,10,1354.012325234503,1355.1532419470072
1,2025-12-25,11,1344.329359559868,1345.462117220081
1,2025-12-25,12,1375.7482753844342,1376.9075072247451
1,2025-12-25,13,1375.7369357034918,1376.8961579887703
1,2025-12-25,14,1344.012065103499,1345.1445554053273
1,2025-12-25,15,1441.321296729846,1442.5357816535652
1,2025-12-25,16,1518.3696976044314,1519.6491049860865
1,2025-12-25,17,1779.3496639980326,1780.8489780967375
1,2025-12-25,18,1850.3862745181286,1851.9454454251002
1,2025-12-25,19,1358.5505462830147,1359.6952869874744
1,2025-12-25,20,871.1797341150689,871.9138068407915
1,2025-12-25,21,516.2974406692529,516.7324827790658
1,2025-12-25,22,211.069352108936,211.24720318667772
1,2025-12-25,23,48.296512942019945,48.337208508629125
1,2025-12-26,0,4.521426752881382,4.627136609633703
1,2025-12-26,1,-0.12765962430029276,0.0
1,2025-12-26,2,-0.021637259069393622,0.0
1,2025-12-26,3,0.18880343132195776,0.1932176095825415
1,2025-12-26,4,5.896934199768737,6.034803085765432
1,2025-12-26,5,124.02232414964323,126.92193589533693
1,2025-12-26,6,531.7886504111029,544.2217395950962
1,2025-12-26,7,1396.0403779258688,1428.6794620992337
1,2025-12-26,8,1978.6708792134732,2024.9317226670023
1,2025-12-26,9,1481.9266777009539,1516.573762654255
1,2025-12-26,10,1338.9226303678136,1370.226315508444
1,2025-12-26,11,1338.3176093826032,1369.60714927989
1,2025-12-26,12,1370.253857983043,1402.2900595978083
1,2025-12-26,13,1375.4709876834568,1407.6291645205206
1,2025-12-26,14,1370.8251270321825,1402.8746847782427
1,2025-12-26,15,1473.519249710554,1507.969771044207
1,2025-12-26,16,1578.521544583922,1615.4269940091679
1,2025-12-26,17,1709.262202406201,1749.2243365828454
1,2025-12-26,18,1633.2996933565914,1671.4858425645389
1,2025-12-26,19,1240.4006762282613,1269.4009420660325
1,2025-12-26,20,808.3953622015132,827.2954489679533
1,2025-12-26,21,497.1464075775196,508.7695695576312
1,2025-12-26,22,212.68734023085565,217.65991846725146
1,2025-12-26,23,56.590088761019786,57.913151259536704
1,2025-12-27,0,4.34783980390813,4.599480578072431
1,2025-12-27,1,-1.4879448210344322,0.0
1,2025-12-27,2,-0.2587084675208189,0.0
1,2025-12-27,3,-0.38088544376893196,0.0
1,2025-12-27,4,2.3286854723986607,2.46346325665208
1,2025-12-27,5,35.42621644149841,37.47658649492992
1,2025-12-27,6,184.53666425917345,195.2171288462393
1,2025-12-27,7,349.70015807144324,369.9398224729184
1,2025-12-27,8,492.555399398722,521.0631245251374
1,2025-12-27,9,678.1962145103355,717.4483093785219
1,2025-12-27,10,781.7881498009413,827.0358553561347
1,2025-12-27,11,821.4647967755071,869.0088753828882
1,2025-12-27,12,891.996632104134,943.6228955310595
1,2025-12-27,13,910.6891655408542,963.3973003791598
1,2025-12-27,14,876.6203545520517,927.3566821576313
1,2025-12-27,15,816.3671055817867,863.6161441195486
1,2025-12-27,16,754.3015948550275,797.9584556970643
1,2025-12-27,17,688.3089809569346,728.1463743854032
1,2025-12-27,18,607.9218132566409,643.1066228675561
1,2025-12-27,19,550.7981156551339,582.6767658545065
1,2025-12-27,20,417.6626123665179,441.8357530192446
1,2025-12-27,21,298.09032189196625,315.342953717167
1,2025-12-27,22,133.39803383978665,141.11873791845716
1,2025-12-27,23,35.83196294876109,37.90581647210109
1,2025-12-28,0,3.077806934248258,3.1377103725374558
1,2025-12-28,1,-1.5457492701031015,0.0
1,2025-12-28,2,0.05044681706533538,0.05142866480871824
1,2025-12-28,3,-0.1610099243514469,0.0
1,2025-12-28,4,-0.3652874790985834,0.0
1,2025-12-28,5,22.711562322532984,23.153598064573906
1,2025-12-28,6,114.36397530216084,116.58984439771332
1,2025-12-28,7,215.79090068801457,219.99084473222803
1,2025-12-28,8,335.30694075262403,341.83302866600394
1,2025-12-28,9,526.8645956624944,537.1189753124447
1,2025-12-28,10,650.4031258888715,663.0619392410812
1,2025-12-28,11,701.7220688922254,715.3797041981645
1,2025-12-28,12,773.0335646008796,788.079137446032
1,2025-12-28,13,805.118467935891,820.7885101087185
1,2025-12-28,14,773.0913724041995,788.1380703641668
1,2025-12-28,15,702.4290385938455,716.1004336699061
1,2025-12-28,16,630.0420724731767,642.3045981007673
1,2025-12-28,17,564.5385087438798,575.5261367669723
1,2025-12-28,18,486.2642227664206,495.72839627795616
1,2025-12-28,19,430.91585547062897,439.30278223617233
1,2025-12-28,20,344.66279530880695,351.37097646845666
1,2025-12-28,21,243.34591162751803,248.08215958313193
1,2025-12-28,22,96.12471032739973,97.99558812323873
1,2025-12-28,23,11.64937498348678,11.876107078884267
1,2025-12-29,0,-0.720752562117184,0.0
1,2025-12-29,1,-0.5285875000166129,0.0
1,2025-12-29,2,-0.07774601853378726,0.0
1,2025-12-29,3,0.06739765134807385,0.06613877276071001
1,2025-12-29,4,7.921950109407533,7.773980956723063
1,2025-12-29,5,122.5913751688908,120.30156752561578
1,2025-12-29,6,528.2057915856258,518.3397658792609
1,2025-12-29,7,1402.3145704638675,1376.1216134365047
1,2025-12-29,8,1992.6096384442305,1955.3909289396902
1,2025-12-29,9,1486.4496124638183,1458.685149594602
1,2025-12-29,10,1301.4814140758706,1277.1718565280771
1,2025-12-29,11,1288.9000799720661,1264.825521297185
1,2025-12-29,12,1320.5009496164537,1295.836138056766
1,2025-12-29,13,1312.4752380172226,1287.960333706208
1,2025-12-29,14,1279.757359766492,1255.853572245603
1,2025-12-29,15,1393.4522743435618,1367.4248506040449
1,2025-12-29,16,1477.8229305775812,1450.2196001052566
1,2025-12-29,17,1745.8841241077623,1713.2738462138493
1,2025-12-29,18,1826.8407550987379,1792.7183389148227
1,2025-12-29,19,1352.3189646858596,1327.059844317747
1,2025-12-29,20,845.6894774360196,829.8933724767397
1,2025-12-29,21,481.41645717980987,472.42438019454045
1,2025-12-29,22,174.79895694372436,171.5339965246507
1,2025-12-29,23,27.067276105180213,26.56170337934293
1,2025-12-30,0,-0.8779649204406041,0.0
1,2025-12-30,1,-0.7091145809854424,0.0
1,2025-12-30,2,0.0994463874064877,0.09235996975564759
1,2025-12-30,3,-0.42497248890373385,0.0
1,2025-12-30,4,6.682871631986245,6.206659064327739
1,2025-12-30,5,120.64060268186876,112.0439133646557
1,2025-12-30,6,531.3351378736863,493.4729007654731
1,2025-12-30,7,1419.484973908653,1318.3343576163577
1,2025-12-30,8,2027.6482210619831,1883.1606985067815
1,2025-12-30,9,1519.6767001736905,1411.3865543721874
1,2025-12-30,10,1345.024347223379,1249.17969641657
1,2025-12-30,11,1336.0703514357056,1240.8637504912406
1,2025-12-30,12,1366.0576596141411,1268.7142028670792
1,2025-12-30,13,1360.007668188698,1263.0953258052928
1,2025-12-30,14,1319.871521711335,1225.8192278852625
1,2025-12-30,15,1414.3871564229553,1313.59980384243
1,2025-12-30,16,1500.4689991516188,1393.5475686459113
1,2025-12-30,17,1748.458344344785,1623.8655220587616
1,2025-12-30,18,1807.0175724990013,1678.2518972935911
1,2025-12-30,19,1344.504909354803,1248.6972730014738
1,2025-12-30,20,847.8161011332188,787.4018503954898
1,2025-12-30,21,491.93116051655375,456.87679856538904
1,2025-12-30,22,195.2137403960122,181.30306820664143
1,2025-12-30,23,36.23160305497055,33.64978708253608
1,2025-12-31,0,-9.058365229898982,0.0
1,2025-12-31,1,-10.286890968386501,0.0
1,2025-12-31,2,-4.882434271702152,0.0
1,2025-12-31,3,-5.783732688082978,0.0
1,2025-12-31,4,-25.575280577504998,0.0
1,2025-12-31,5,-79.153282326939,0.0
1,2025-12-31,6,33.61518301693536,32.9480492590379
1,2025-12-31,7,164.09804453567972,160.84132137401915
1,2025-12-31,8,238.70856935797647,233.97111054842952
1,2025-12-31,9,358.8155353868176,351.6944093053681
1,2025-12-31,10,396.3522073489381,388.486120842539
1,2025-12-31,11,462.7230085162354,453.5397135931784
1,2025-12-31,12,532.089771898442,496.6950572222595
1,2025-12-31,13,572.7454551033313,534.6463165065985
1,2025-12-31,14,519.998533994286,485.4081308051906
1,2025-12-31,15,478.95574138276976,447.09551270692475
1,2025-12-31,16,449.77399966007965,419.8549460952379
1,2025-12-31,17,458.3295767028169,427.8414044961389
1,2025-12-31,18,408.4616794509519,305.03258354188233
1,2025-12-31,19,371.3711403825116,277.3339681608377
1,2025-12-31,20,270.863729862957,202.27665767556923
1,2025-12-31,21,182.24798911545116,136.09985406690853
1,2025-12-31,22,1.878112340676637,1.4025439552335743
1,2025-12-31,23,-24.953501927327352,0.0
5,2025-11-01,0,14.595390934095235,3.7589074374844142
5,2025-11-01,1,14.620922428951019,1.1265068623867818
5,2025-11-01,2,14.644273115887927,0.9386530373606947
5,2025-11-01,3,14.641144304347677,1.016750328691694
5,2025-11-01,4,14.517839671319166,1.0808625240304364
5,2025-11-01,5,14.275233939515886,10.076667934515953
5,2025-11-01,6,13.342411354673686,37.99367708027761
5,2025-11-01,7,13.628694349118746,87.20576624036521
5,2025-11-01,8,15.224030648313715,122.05162391811548
5,2025-11-01,9,15.125338655662631,92.358752440908
5,2025-11-01,10,15.659096098816121,80.55443170450995
5,2025-11-01,11,14.825793434213836,77.68074329959283
5,2025-11-01,12,16.15227419571977,80.45529154761911
5,2025-11-01,13,15.034277627197696,82.25002946994564
5,2025-11-01,14,15.051644704403998,83.1809644303149
5,2025-11-01,15,14.777603183374595,89.93606396530961
5,2025-11-01,16,13.61313308400696,98.16195562750612
5,2025-11-01,17,14.197533937758237,109.70100898330541
5,2025-11-01,18,14.590864265081848,109.20339665796811
5,2025-11-01,19,14.3688944670443,80.79994943134828
5,2025-11-01,20,14.366090761508474,52.48055742220308
5,2025-11-01,21,14.157039425407788,35.16562863522773
5,2025-11-01,22,14.126101810189596,19.36459761023916
5,2025-11-01,23,14.41364169497831,9.439611434521803
5,2025-11-02,0,-0.011498945929076854,3.2694915701527556
5,2025-11-02,1,0.0013575763575772726,0.37347400983664336
5,2025-11-02,2,-0.002780530015968452,0.0028925039192913638
5,2025-11-02,3,-0.009992456799921001,0.1540039384692588
5,2025-11-02,4,-0.10205166127883558,0.26965887419742834
5,2025-11-02,5,1.4757972881991464,2.2532445433611765
5,2025-11-02,6,0.7034700187248291,10.850395852209761
5,2025-11-02,7,0.6332872350524212,15.267001494546141
5,2025-11-02,8,-0.6176364788978503,23.916776076819055
5,2025-11-02,9,1.0313522836055427,31.232495170510973
5,2025-11-02,10,-1.1446985765597901,38.18946903644369
5,2025-11-02,11,-0.7465212644107737,44.72736398054864
5,2025-11-02,12,-0.7209019807863228,49.02300676058217
5,2025-11-02,13,-0.7101217899993344,54.37156031487634
5,2025-11-02,14,-0.7614408422227257,55.093182714317486
5,2025-11-02,15,-0.8552042982671537,54.39324426619937
5,2025-11-02,16,-0.7281771926333249,52.690940920471846
5,2025-11-02,17,-0.00963945577944969,49.75102277980349
5,2025-11-02,18,0.18094493684719737,46.26079745923181
5,2025-11-02,19,-0.02923350937749092,38.8451403083222
5,2025-11-02,20,0.05280911512244302,29.72741451903456
5,2025-11-02,21,0.10618816562316624,21.978578954535564
5,2025-11-02,22,0.28084429699106295,12.611004362904865
5,2025-11-02,23,0.04089904427473812,7.043158065917392
5,2025-11-03,0,0.011633528831907824,3.0875837559112504
5,2025-11-03,1,0.044629927477330966,0.43613792562673204
5,2025-11-03,2,0.030822903762725673,0.10079839344542346
5,2025-11-03,3,-0.009001789279921013,0.03076920586306835
5,2025-11-03,4,-0.0013634004461664517,0.18045725944935598
5,2025-11-03,5,1.5338666799142402,2.7345846127844196
5,2025-11-03,6,0.931573097747787,16.790452113076658
5,2025-11-03,7,0.7077545385989197,31.10811841004509
5,2025-11-03,8,-0.4438120842899025,43.28320860608569
5,2025-11-03,9,1.375844070304879,44.38524742667521
5,2025-11-03,10,-0.3275863537398891,44.824912908544555
5,2025-11-03,11,-0.7173205406700163,50.838595152633665
5,2025-11-03,12,0.046382775991901326,54.76936601412898
5,2025-11-03,13,0.06080865520425505,59.08536837055862
5,2025-11-03,14,0.5537499173145193,59.79352417519074
5,2025-11-03,15,-0.11410229368817681,60.5993302866506
5,2025-11-03,16,0.04310179380382806,62.521562079642436
5,2025-11-03,17,0.0576750088775384,65.43408673325857
5,2025-11-03,18,-1.887277480915543,66.62274440151045
5,2025-11-03,19,0.04124020422858621,54.36793327665823
5,2025-11-03,20,0.04208640214449133,38.691624869339066
5,2025-11-03,21,-0.04450612569178247,26.90525654945667
5,2025-11-03,22,0.21633752297651654,13.22185197359452
5,2025-11-03,23,0.2704796185923328,7.384934287833985
5,2025-11-04,0,0.2207053259180043,2.9487489678989074
5,2025-11-04,1,0.1963620491736151,0.37755404466145664
5,2025-11-04,2,0.2117525320473419,0.09901856660137079
5,2025-11-04,3,0.3197513208473879,0.05818963276898869
5,2025-11-04,4,0.3004164706271695,0.24071287639123878
5,2025-11-04,5,1.8055821575912319,1.8645539089304433
5,2025-11-04,6,1.2873165647023939,14.9309631520984
5,2025-11-04,7,0.9856620844161625,29.522912234957783
5,2025-11-04,8,-4.6352514133460545,40.71453638187778
5,2025-11-04,9,-2.771504952240889,42.448945226165975
5,2025-11-04,10,-0.0038311401598321027,43.21240878433096
5,2025-11-04,11,0.40588008347612003,49.25296135128247
5,2025-11-04,12,0.4042246278992252,53.00295674273411
5,2025-11-04,13,0.41919649209387444,57.38282855232387
5,2025-11-04,14,0.8836075590694463,57.525804713292345
5,2025-11-04,15,-0.37211318361028134,57.830624515870575
5,2025-11-04,16,-0.33975472431205844,59.74109329901013
5,2025-11-04,17,-0.9814562034925984,61.484909991765
5,2025-11-04,18,-2.8683115048279433,61.94696993884836
5,2025-11-04,19,-0.9395657856055095,50.26248644942654
5,2025-11-04,20,-1.146253278559925,37.61389013307102
5,2025-11-04,21,-1.2809544518771645,25.847637371399937
5,2025-11-04,22,1.552320823286209,12.175361238620736
5,2025-11-04,23,1.4922629387278334,7.586198202989602
5,2025-11-05,0,0.03896898719295905,2.3265092417408706
5,2025-11-05,1,-0.022636709316714132,0.1516065013054439
5,2025-11-05,2,0.03696373285180243,0.0
5,2025-11-05,3,0.026696938172904083,0.009716183792140181
5,2025-11-05,4,0.0718935445456168,0.11221759845655428
5,2025-11-05,5,0.07828117184135408,9.655450286996874
5,2025-11-05,6,0.20651103161560513,43.50665760834732
5,2025-11-05,7,-0.11707350767062508,105.57957151208626
5,2025-11-05,8,-1.2301676154846177,151.96759684370215
5,2025-11-05,9,-0.49696450539840953,106.2623004794496
5,2025-11-05,10,-0.8148027038831742,86.03929991329447
5,2025-11-05,11,-0.48656318008158905,81.87773645189365
5,2025-11-05,12,-0.44907294785082286,83.2423927470598
5,2025-11-05,13,-0.33930038789526407,85.06637210346531
5,2025-11-05,14,0.1468290812593409,85.17424263343314
5,2025-11-05,15,-1.068355939219714,93.04059709881291
5,2025-11-05,16,-0.7193803799281682,105.57669070228293
5,2025-11-05,17,-0.38191802194364755,127.03866006073045
5,2025-11-05,18,-0.3966725187826228,134.28290988993237
5,2025-11-05,19,-0.4264768075144616,96.2349094374969
5,2025-11-05,20,-0.4148333935514188,61.07827999763936
5,2025-11-05,21,-0.5781379936985331,37.07036433949698
5,2025-11-05,22,-0.444542233775735,18.274423877656723
5,2025-11-05,23,0.07148614900711436,8.342742218266192
5,2025-11-06,0,0.025639769539168356,2.366456701004644
5,2025-11-06,1,-0.010274683552381703,0.16012897862115663
5,2025-11-06,2,0.019514378447411218,0.0
5,2025-11-06,3,0.00912668943948347,0.00937987356076307
5,2025-11-06,4,0.054349632664695946,0.10196592556291204
5,2025-11-06,5,0.09793366533477865,9.743648373042415
5,2025-11-06,6,0.1990639891639603,42.696133006896986
5,2025-11-06,7,-0.07287881080134184,104.07536865228627
5,2025-11-06,8,-1.223124148545537,148.99262542204218
5,2025-11-06,9,-0.4897016326237349,104.92964507590459
5,2025-11-06,10,-0.8077890495989664,84.3203806966279
5,2025-11-06,11,-0.4795495257973812,80.8799882895688
5,2025-11-06,12,-0.4421310614621916,82.27185473101076
5,2025-11-06,13,-0.3323585015066328,84.29740518047961
5,2025-11-06,14,0.14981411351533325,84.86473046485202
5,2025-11-06,15,-0.43995285856334476,92.86811136657887
5,2025-11-06,16,-0.7194868957991503,105.08620505419012
5,2025-11-06,17,-0.3585052047320687,125.75233388923606
5,2025-11-06,18,-0.3701315902105762,133.3533442614263
5,2025-11-06,19,-0.399935878942415,94.80204097211416
5,2025-11-06,20,-0.3882924649793722,60.48815447064888
5,2025-11-06,21,-0.5549285456569919,36.660466321900365
5,2025-11-06,22,-0.44623674703660754,18.679227241622296
5,2025-11-06,23,0.04147667785173326,8.38221636282153
5,2025-11-07,0,0.02357743802326695,2.560076775040309
5,2025-11-07,1,-0.01594046307275221,0.1991841954870591
5,2025-11-07,2,0.0182770109643684,0.0010800393434617825
5,2025-11-07,3,0.012078193151467076,0.016685205665950897
5,2025-11-07,4,0.05700720609451082,0.26897454978920937
5,2025-11-07,5,0.1377492511697369,9.740782612381848
5,2025-11-07,6,0.2280675294108505,44.572080599377024
5,2025-11-07,7,0.007039253908317278,104.39975646853331
5,2025-11-07,8,-1.1624847508279004,148.8728263357339
5,2025-11-07,9,-0.4600200308094031,105.55313217609941
5,2025-11-07,10,-0.8279856098371283,88.08886546221201
5,2025-11-07,11,-0.5018813534141486,85.58245234733263
5,2025-11-07,12,-0.4624719802733921,87.23075457785355
5,2025-11-07,13,-0.36471066218763326,89.73316851946306
5,2025-11-07,14,0.08323581368284749,92.02469051547813
5,2025-11-07,15,-0.49567453450515586,100.7211409012992
5,2025-11-07,16,1.9196346271704101,113.35124043581281
5,2025-11-07,17,-1.421549771054515,125.79472589249984
5,2025-11-07,18,-2.310364714106015,122.27659445044225
5,2025-11-07,19,-1.1879971495269501,91.0661500188122
5,2025-11-07,20,-1.4522866711798201,60.160270201750016
5,2025-11-07,21,-0.37444097437759183,38.12123774725474
5,2025-11-07,22,-0.40894384217887136,19.00351247415495
5,2025-11-07,23,0.10268622841738306,9.323582386745745
5,2025-11-08,0,-0.009416725360381406,3.384914435147365
5,2025-11-08,1,-0.025166557790782917,0.3694495335419538
5,2025-11-08,2,0.0034098765526664465,0.007484796415512246
5,2025-11-08,3,-0.00115270093840536,0.08673006918003733
5,2025-11-08,4,-0.3050030760337563,0.06735643303315145
5,2025-11-08,5,1.1769346763721842,4.12616184414673
5,2025-11-08,6,-0.05222779025456248,17.911110678610232
5,2025-11-08,7,0.1495000196036358,28.643179631081296
5,2025-11-08,8,1.2617529145812796,38.979369038218266
5,2025-11-08,9,1.1075890030249411,46.46517741826938
5,2025-11-08,10,0.6210489334953309,52.643747901769125
5,2025-11-08,11,0.08276749011980655,59.65728746612963
5,2025-11-08,12,1.3709984835766704,64.88647378319129
5,2025-11-08,13,0.2683106404924729,69.06452829105295
5,2025-11-08,14,0.16138347312369206,68.9624963010546
5,2025-11-08,15,-0.07353471161104608,68.88281984051122
5,2025-11-08,16,-0.027951604320435308,67.9640557193046
5,2025-11-08,17,0.02885039814469792,65.84593732285627
5,2025-11-08,18,-1.2638179553125042,61.29868674916294
5,2025-11-08,19,0.3487916510987361,51.91866810690558
5,2025-11-08,20,0.2261081158076763,38.15292158650244
5,2025-11-08,21,0.1167531642803965,27.511836392495148
5,2025-11-08,22,-0.00267597653021312,15.861321034773388
5,2025-11-08,23,0.33835538290935574,8.615228347371604
5,2025-11-09,0,-0.0022962543322933016,3.3586734740432806
5,2025-11-09,1,-0.00010094891138123785,0.37579934020540606
5,2025-11-09,2,0.0036168637955142913,0.0020772649909508545
5,2025-11-09,3,-0.002519939730746046,0.058007062903683
5,2025-11-09,4,-0.013939772978574183,0.02961197105943891
5,2025-11-09,5,1.7187927078366556,2.603575749530432
5,2025-11-09,6,0.3246320145552204,12.452171785259594
5,2025-11-09,7,0.33486399397446576,18.90387681264156
5,2025-11-09,8,-0.8792403068435419,27.564414330443586
5,2025-11-09,9,-0.09318780542758986,35.83152782380546
5,2025-11-09,10,-1.1919380181245174,43.45119827753867
5,2025-11-09,11,-0.5980601278521362,51.426299988148735
5,2025-11-09,12,-0.5846814845666586,56.60980787667611
5,2025-11-09,13,-0.47461675734490427,61.94807005745313
5,2025-11-09,14,-0.6266892656736331,61.86641634820271
5,2025-11-09,15,-0.6585993649671309,61.07885320121619
5,2025-11-09,16,-0.5955963189754812,59.20601439595665
5,2025-11-09,17,0.10030706619141938,57.19764599175697
5,2025-11-09,18,-1.1719197803862471,52.919114488889896
5,2025-11-09,19,0.05055287039868972,43.388586591674276
5,2025-11-09,20,-0.005353613311740446,32.292121908481654
5,2025-11-09,21,0.04491960509437831,22.93887508358706
5,2025-11-09,22,0.11636449965448037,12.537619837288599
5,2025-11-09,23,-0.09786615680542354,6.346450177862718
5,2025-11-10,0,0.016293095231674215,2.335264409913964
5,2025-11-10,1,0.030730477852330296,0.18939828081333793
5,2025-11-10,2,0.021080147600400778,0.0
5,2025-11-10,3,0.016062101600311962,0.0010556698456553383
5,2025-11-10,4,0.08074540287714171,0.2716846422645648
5,2025-11-10,5,0.1706178271394947,9.532294003207076
5,2025-11-10,6,0.2374154503876298,44.28895190678392
5,2025-11-10,7,0.02162517286512866,107.85018808659595
5,2025-11-10,8,-1.1476057390951837,151.7641596635734
5,2025-11-10,9,-0.4306431039055951,106.9125762208979
5,2025-11-10,10,-0.7747411267200732,85.93027159795243
5,2025-11-10,11,-1.256563334534917,81.97042163902717
5,2025-11-10,12,-0.44782827661583724,83.75571915459463
5,2025-11-10,13,-0.4251534198581908,85.5469873566726
5,2025-11-10,14,0.1783479538217989,86.53248030212528
5,2025-11-10,15,-0.38237435957034904,94.83617794194001
5,2025-11-10,16,-0.7159317868702715,106.72171674068971
5,2025-11-10,17,-0.3736187838906062,128.37114080528903
5,2025-11-10,18,-0.2760099008045245,136.66606944333023
5,2025-11-10,19,-0.37698932391197104,97.97659464774603
5,2025-11-10,20,-0.3903330228197319,62.64156520076214
5,2025-11-10,21,-0.5715173234189592,37.194279797126896
5,2025-11-10,22,-0.3886121187013032,17.45738290173807
5,2025-11-10,23,-0.3238846672928162,7.427853280226505
5,2025-11-11,0,-0.004114728928868772,2.3026244015067263
5,2025-11-11,1,-0.04018774325601271,0.17364573771814398
5,2025-11-11,2,-0.0029509315183986473,0.0014011925359981223
5,2025-11-11,3,-0.004189853994262194,0.006121706877402618
5,2025-11-11,4,0.0267760963110959,0.29352334991298007
5,2025-11-11,5,-0.09373125677348071,9.884953072786104
5,2025-11-11,6,0.020007018597425485,46.055827542698964
5,2025-11-11,7,0.5820131941269437,112.06929474175277
5,2025-11-11,8,0.7263243456092141,157.21441607318843
5,2025-11-11,9,0.5833972849507632,111.06478471988345
5,2025-11-11,10,-0.3561223451531532,90.72883003053295
5,2025-11-11,11,-0.0338564687813232,86.6434842951359
5,2025-11-11,12,0.0027106554038596187,87.87039488970402
5,2025-11-11,13,0.006208228579339448,89.7902926031929
5,2025-11-11,14,0.57568716191156,90.1920330444692
5,2025-11-11,15,-0.6642141088416906,98.18213487535468
5,2025-11-11,16,-0.3157196168562564,110.72726254684316
5,2025-11-11,17,0.04617146618517154,132.62395478686986
5,2025-11-11,18,0.03676326486788639,141.2594668558114
5,2025-11-11,19,0.003265223047492327,100.43449684182018
5,2025-11-11,20,0.02007367601521537,65.19062331235874
5,2025-11-11,21,-0.142359271422265,39.56761896128073
5,2025-11-11,22,0.04149101936502575,19.349724312732143
5,2025-11-11,23,-0.004681426821036894,8.573740247529491
5,2025-11-12,0,0.0003099592185549227,2.3816697571184102
5,2025-11-12,1,-0.06412429637970263,0.16724574014655794
5,2025-11-12,2,-0.00005533214380193385,0.0021959956360461568
5,2025-11-12,3,-0.00060683593505928,0.005467478902289826
5,2025-11-12,4,0.01773154463347737,0.29289337173097385
5,2025-11-12,5,0.27964054050306686,10.08448289065251
5,2025-11-12,6,0.3948401823544714,46.18050838892671
5,2025-11-12,7,0.9201616286213721,112.9735573709249
5,2025-11-12,8,1.1018808249752396,159.76387872361443
5,2025-11-12,9,0.9781703992496205,112.72804123977413
5,2025-11-12,10,-0.33383203260848404,92.18633324006063
5,2025-11-12,11,-0.008909806168219347,88.17838333076358
5,2025-11-12,12,0.028274626377935874,89.52726108615046
5,2025-11-12,13,0.03252741139698401,91.54921897979871
5,2025-11-12,14,0.6003985676141497,91.98308441940794
5,2025-11-12,15,-0.6155146329675176,99.99243029544172
5,2025-11-12,16,-0.2670201409820834,112.59878847187701
5,2025-11-12,17,0.07142693091253705,134.35028876543782
5,2025-11-12,18,0.06415314253706583,142.8502082770283
5,2025-11-12,19,0.029755175016816793,101.44039408983778
5,2025-11-12,20,-0.0023314148728559303,65.80542070173452
5,2025-11-12,21,-0.16538325777776208,40.52465687675031
5,2025-11-12,22,-0.04553860448629621,20.27302857730515
5,2025-11-12,23,0.4749746547176983,9.23876162970319
5,2025-11-13,0,0.002513787485611374,2.4366201628987665
5,2025-11-13,1,-0.03587263606243596,0.18210096332545983
5,2025-11-13,2,-0.0016150519952589093,0.0011037057616333015
5,2025-11-13,3,-0.0021665557865162555,0.012449777591142592
5,2025-11-13,4,0.016171824782020394,0.2987791081203366
5,2025-11-13,5,0.3152772260259553,10.086715993437705
5,2025-11-13,6,0.40073982719104606,45.77661233374551
5,2025-11-13,7,0.9767710612370593,111.37128015869699
5,2025-11-13,8,1.1213390276607242,157.22982136985388
5,2025-11-13,9,0.997848007770699,112.00093627178224
5,2025-11-13,10,-0.3150864835805578,91.32342154817044
5,2025-11-13,11,0.008219895983870629,87.752902442131
5,2025-11-13,12,0.04543282947241778,89.20829420110863
5,2025-11-13,13,0.04968561449146591,91.35546685676677
5,2025-11-13,14,0.6157828129743166,91.92895910733833
5,2025-11-13,15,0.025287660793026134,100.02581768727762
5,2025-11-13,16,-0.2547274437488909,112.01541884996931
5,2025-11-13,17,0.10723896122829046,133.12087172804763
5,2025-11-13,18,0.10273946577291326,140.9325478671093
5,2025-11-13,19,0.06914433326710423,100.40489317611345
5,2025-11-13,20,0.03705774337743151,65.46599868183765
5,2025-11-13,21,-0.12932558005798,40.350985458370914
5,2025-11-13,22,-0.02857425826209692,20.24949886210967
5,2025-11-13,23,0.46398056611712946,9.435572402285539
5,2025-11-14,0,0.005067999490449893,2.6086317752205463
5,2025-11-14,1,-0.03295754866076095,0.21858215179422774
5,2025-11-14,2,0.0009758854716324095,0.01060369704269012
5,2025-11-14,3,0.0012337215673596802,0.009793979216119537
5,2025-11-14,4,0.019137619481170987,0.32700067522905063
5,2025-11-14,5,-0.12234120640312085,9.72999447911865
5,2025-11-14,6,-0.14271055999296323,45.29798623391998
5,2025-11-14,7,-0.054325196923912245,107.5316140249547
5,2025-11-14,8,0.11133691496627307,152.64659013724398
5,2025-11-14,9,-0.04311190082705707,108.05058793922123
5,2025-11-14,10,-0.3909408300054338,90.5168452537845
5,2025-11-14,11,-0.06491308126328477,87.66534009943585
5,2025-11-14,12,-0.027723972690239407,89.28221724260521
5,2025-11-14,13,-0.014981714333487162,91.83783533603946
5,2025-11-14,14,0.5171592713651307,94.18940285624308
5,2025-11-14,15,-0.04930286250800009,102.97859466626647
5,2025-11-14,16,2.364219387273465,115.7575083336795
5,2025-11-14,17,-0.975931636245889,128.52774521804938
5,2025-11-14,18,-1.8912076241718978,125.07730997918644
5,2025-11-14,19,-0.7780073232825089,92.96244021351669
5,2025-11-14,20,-0.7582120333348712,61.73065846613841
5,2025-11-14,21,0.32299225280416977,39.28575613553232
5,2025-11-14,22,0.2813630748894411,20.19539779705185
5,2025-11-14,23,0.7981204620262474,10.303027537647234
5,2025-11-15,0,0.021230675511162644,3.4974309011507674
5,2025-11-15,1,0.0076468131913429715,0.3783198724286301
5,2025-11-15,2,0.03526865521786249,0.01236692546669446
5,2025-11-15,3,0.0317919571849643,0.08268636794758516
5,2025-11-15,4,-0.18547709604445117,0.12455663821798568
5,2025-11-15,5,-0.1093612151267962,4.858211436647289
5,2025-11-15,6,-1.4131359581667766,19.041107222186742
5,2025-11-15,7,-2.8300581218010734,30.82318746982195
5,2025-11-15,8,-1.9073994658565425,42.33216189956041
5,2025-11-15,9,-0.9999290333672661,50.063244126265275
5,2025-11-15,10,-1.5318493574319518,56.198611044537984
5,2025-11-15,11,-0.4954885034378549,63.218367752425316
5,2025-11-15,12,0.7819762506699703,67.98712585252316
5,2025-11-15,13,-0.3215988731282664,72.32500741706997
5,2025-11-15,14,-0.7100973521978631,72.2479702992573
5,2025-11-15,15,-1.5924858627003573,72.05122347865982
5,2025-11-15,16,-1.5602517747660727,70.6320810063006
5,2025-11-15,17,-1.466396648127386,68.8187705130918
5,2025-11-15,18,-2.7782495135028853,64.43624956069338
5,2025-11-15,19,0.3609337001188351,54.238607934742205
5,2025-11-15,20,0.522334976428283,39.85077300133978
5,2025-11-15,21,0.38929576849039904,29.070141019400218
5,2025-11-15,22,0.2774014644440399,17.260323902637076
5,2025-11-15,23,0.5959475457206054,9.547934152174836
5,2025-11-16,0,0.02947826248430374,3.4502183984076367
5,2025-11-16,1,0.024597815968775194,0.37965569835379487
5,2025-11-16,2,0.015656839946473156,0.005067696878154452
5,2025-11-16,3,0.009168787978637738,0.055545331061805016
5,2025-11-16,4,-0.045235241354134814,0.07671071818038216
5,2025-11-16,5,0.18143425151919246,3.1443164642991492
5,2025-11-16,6,-0.9464564989770565,13.48824107447957
5,2025-11-16,7,0.3536478111662973,20.416352913186877
5,2025-11-16,8,-0.1691768495726933,30.16129100856166
5,2025-11-16,9,0.4493507017228353,38.45497996966964
5,2025-11-16,10,0.10068725855177263,46.102098222579556
5,2025-11-16,11,0.6623539674412768,53.8292815218267
5,2025-11-16,12,0.673673860763131,58.5973213143947
5,2025-11-16,13,0.7640153194204231,64.09176493505257
5,2025-11-16,14,0.6233818240656319,64.1029926616094
5,2025-11-16,15,-0.05629918720507021,63.23355316903277
5,2025-11-16,16,0.40028272553195166,61.14070959504334
5,2025-11-16,17,1.126050057146358,59.42777830485099
5,2025-11-16,18,-0.16098140247089532,55.17360466864971
5,2025-11-16,19,-0.10645154885554575,45.00119520765507
5,2025-11-16,20,0.12172677903453177,33.59082241775297
5,2025-11-16,21,0.15648050713826933,24.042931495693132
5,2025-11-16,22,-0.2925937712544169,13.534863992232529
5,2025-11-16,23,0.15651675991000502,7.001582847839786
5,2025-11-17,0,0.014784939635944738,2.362884075396732
5,2025-11-17,1,0.03812313537514456,0.20135869533205658
5,2025-11-17,2,0.02971082395202984,0.0050308019237013816
5,2025-11-17,3,0.03194052771635825,0.004065889126524785
5,2025-11-17,4,0.05989966942644287,0.259523815375957
5,2025-11-17,5,0.22801169290352163,9.507576854509914
5,2025-11-17,6,-1.1026979375319002,44.42862912223616
5,2025-11-17,7,-3.0737833532267587,108.40820244968158
5,2025-11-17,8,-3.179072194197829,153.32336026208307
5,2025-11-17,9,-3.311045461285005,108.25326087909994
5,2025-11-17,10,-3.0758636967262873,87.11606679376189
5,2025-11-17,11,-3.5330903442306862,83.17933112661568
5,2025-11-17,12,-2.7396773957639198,84.61908927372353
5,2025-11-17,13,-2.7367258075707355,86.54376049166613
5,2025-11-17,14,-0.8333306255621551,87.74260486556614
5,2025-11-17,15,-1.3681661352346168,95.9334571050408
5,2025-11-17,16,-1.7684610786106418,107.9068663622867
5,2025-11-17,17,-1.419903434742082,129.5257640059272
5,2025-11-17,18,-1.3217221117527629,138.2421789697838
5,2025-11-17,19,0.05430617031424845,99.01072531707716
5,2025-11-17,20,-0.23417017316285182,63.6439505454294
5,2025-11-17,21,-0.36038806661952094,38.12130659013372
5,2025-11-17,22,-0.17454557662512116,18.404784987393505
5,2025-11-17,23,-0.1935142854488845,7.904604130575787
5,2025-11-18,0,0.0033628778316483476,2.29004613737132
5,2025-11-18,1,-0.035567349851930885,0.18090044225124916
5,2025-11-18,2,0.0017326240308079832,0.009428659819264005
5,2025-11-18,3,0.0005475081889017019,0.009480639489700668
5,2025-11-18,4,0.03237333864626635,0.28698398847104795
5,2025-11-18,5,-0.1408012880831393,9.844545151983304
5,2025-11-18,6,-0.13493468214392124,45.91182775950726
5,2025-11-18,7,0.5402746872736088,111.816927003244
5,2025-11-18,8,0.720962235853392,157.5092662836104
5,2025-11-18,9,0.5771451561521985,111.27590104306039
5,2025-11-18,10,-1.8348885877030057,90.67721835526068
5,2025-11-18,11,-1.5032022707539454,86.46578069353802
5,2025-11-18,12,-1.4751499912060808,87.6725852000731
5,2025-11-18,13,-1.471652418030601,89.56525810215048
5,2025-11-18,14,-0.8986973569730026,89.9387263183227
5,2025-11-18,15,-2.1368136597016587,97.9278287508197
5,2025-11-18,16,-1.7879530802608201,110.56319310003941
5,2025-11-18,17,-1.4279738284230348,132.4929320021575
5,2025-11-18,18,-1.4352460456200902,141.45807032626507
5,2025-11-18,19,-1.4661526819793949,100.403543513311
5,2025-11-18,20,-0.15146132835451454,65.22293542413348
5,2025-11-18,21,-0.3087495104296636,39.64200218834338
5,2025-11-18,22,-0.12488808891231429,19.503728715409252
5,2025-11-18,23,-0.16323360009346288,8.677870913318909
5,2025-11-19,0,0.003199123310196228,2.3703124064760352
5,2025-11-19,1,-0.06405407412978548,0.1686754623899884
5,2025-11-19,2,0.00007108462119731485,0.0022068114023636536
5,2025-11-19,3,-0.00042661253610276617,0.007331731015597106
5,2025-11-19,4,0.018771648184440437,0.27946129659770086
5,2025-11-19,5,-0.1620622702261585,9.982654616951324
5,2025-11-19,6,-0.03106988081253803,45.92122848750184
5,2025-11-19,7,0.5071548401057271,112.46418244333829
5,2025-11-19,8,0.6850224541686885,159.55416465181938
5,2025-11-19,9,0.5604220094003267,112.46123580997924
5,2025-11-19,10,-1.8405421299751765,91.84665371526275
5,2025-11-19,11,-1.5061994629576816,87.91015085624838
5,2025-11-19,12,-1.4775298750488446,89.2356033120851
5,2025-11-19,13,-1.4732770900297965,91.23009995542883
5,2025-11-19,14,-0.9019298060872529,91.57248085730369
5,2025-11-19,15,-2.1170159299683178,99.55286068111988
5,2025-11-19,16,-1.7681553505274792,112.22972388751317
5,2025-11-19,17,-1.4316201098365013,134.03168576059048
5,2025-11-19,18,-1.4389290131814505,142.883692148242
5,2025-11-19,19,-1.4707355752406102,101.19817463948259
5,2025-11-19,20,-0.16121760235000693,65.69487113106193
5,2025-11-19,21,-0.31912467989258175,40.47792434700121
5,2025-11-19,22,-0.19760871410238678,20.315978272428005
5,2025-11-19,23,0.3328248139648622,9.258277119633743
5,2025-11-20,0,0.004906907515078274,2.414283972102227
5,2025-11-20,1,-0.034484977509350756,0.1821395520631295
5,2025-11-20,2,-0.00017119892709160922,0.0013253556967914362
5,2025-11-20,3,-0.0006688960843916902,0.015151862277903258
5,2025-11-20,4,0.01590872508040775,0.2879192649886743
5,2025-11-20,5,-0.12772878795584575,9.950443117064454
5,2025-11-20,6,-0.03906404635210947,45.58525357581183
5,2025-11-20,7,-0.04705044374077261,111.06077652644844
5,2025-11-20,8,0.09366594039198617,157.2103126189571
5,2025-11-20,9,-0.034405911906560505,111.93048192958568
5,2025-11-20,10,-1.8327091001131066,91.20539244596658
5,2025-11-20,11,-1.5071812800385942,87.77547889999856
5,2025-11-20,12,-1.470151274459738,89.11107015146183
5,2025-11-20,13,-1.46589848944069,91.21462806397061
5,2025-11-20,14,-0.8992670883532128,91.72784379828532
5,2025-11-20,15,-1.4889351638339008,99.73120180644239
5,2025-11-20,16,-1.7685841809204135,111.79385033445112
5,2025-11-20,17,-1.4085296071468747,132.95433059193263
5,2025-11-20,18,-1.416553534760851,140.89269248297964
5,2025-11-20,19,-1.4499471528549748,100.20743284593527
5,2025-11-20,20,-0.14042917996437154,65.42391278824566
5,2025-11-20,21,-0.3016677380374517,40.37198462461745
5,2025-11-20,22,-0.19924510374283955,20.310833441631058
5,2025-11-20,23,0.3032322155769407,9.48229883728621
5,2025-11-21,0,0.006023019665178708,2.5919831631091204
5,2025-11-21,1,-0.032511859917178754,0.20691444338456222
5,2025-11-21,2,0.0010925911629442453,0.0013870049814418384
5,2025-11-21,3,0.0013872720966219276,0.009604188982355282
5,2025-11-21,4,0.017530410606696023,0.314244313431008
5,2025-11-21,5,-0.07383327943790619,9.679969383250352
5,2025-11-21,6,0.012600711949914967,45.17129224651726
5,2025-11-21,7,0.018978701480421023,107.19501429350532
5,2025-11-21,8,0.1418064633325571,152.4119569115628
5,2025-11-21,9,-0.017223184869294528,107.82685407234985
5,2025-11-21,10,-1.934575761268718,90.38365250157344
5,2025-11-21,11,-1.606326572016485,87.81213620972834
5,2025-11-21,12,-1.5693203913531306,89.29295210850309
5,2025-11-21,13,-1.5565781329963784,91.8309916182239
5,2025-11-21,14,-1.088930825778391,94.32537469975998
5,2025-11-21,15,-1.6685828937462475,103.15034819823744
5,2025-11-21,16,0.7449373582869612,116.0188734949618
5,2025-11-21,17,-2.5279022190476894,128.70066184327237
5,2025-11-21,18,-1.912520968671572,125.3609313440366
5,2025-11-21,19,-0.7597198130293918,93.19366786195982
5,2025-11-21,20,-1.0523941230313199,61.80256550322687
5,2025-11-21,21,0.03179868461756996,39.35168595198228
5,2025-11-21,22,-0.01931507422273171,20.221521244070633
5,2025-11-21,23,0.4960193296872717,10.240851886575609
5,2025-11-22,0,-0.014680150003812287,3.570973210193972
5,2025-11-22,1,-0.0297793996799669,0.3773743821891685
5,2025-11-22,2,0.0028457963100549932,0.007304702159313253
5,2025-11-22,3,0.0009176703575803913,0.07937915312909202
5,2025-11-22,4,-0.2072702115678453,0.1278716118716024
5,2025-11-22,5,-0.17171567646408903,4.817677138702391
5,2025-11-22,6,-0.5184978659271451,19.027784051874466
5,2025-11-22,7,0.07763237174629012,31.089329252655425
5,2025-11-22,8,1.0807471060814464,42.37428177812948
5,2025-11-22,9,1.1772878752925067,50.07761121789871
5,2025-11-22,10,-0.8486392995408778,56.22850497783353
5,2025-11-22,11,0.4979691402219828,63.40952155805633
5,2025-11-22,12,1.6380950930299605,68.25994312831844
5,2025-11-22,13,0.5345199692317237,72.6157821013174
5,2025-11-22,14,0.30037486445610284,72.22725640006372
5,2025-11-22,15,0.06518373626414586,72.1228949158418
5,2025-11-22,16,0.11008408523315438,70.9232952136362
5,2025-11-22,17,0.166098112456325,69.25307928470042
5,2025-11-22,18,0.3639090057984049,65.01900191033015
5,2025-11-22,19,1.7529741825568408,54.50293144104285
5,2025-11-22,20,-0.2685577039895293,40.031649575289066
5,2025-11-22,21,-0.38180802673485914,29.159904246843467
5,2025-11-22,22,-0.4805367470318629,17.322016559914005
5,2025-11-22,23,-0.002518717992245456,9.59179646334066
5,2025-11-23,0,-0.01844772118357696,3.588218774952518
5,2025-11-23,1,-0.014417248346262568,0.3888978407737082
5,2025-11-23,2,0.006694787115748113,0.003186129955863583
5,2025-11-23,3,-0.004010580067870251,0.04119810491106142
5,2025-11-23,4,-0.046322621431727384,0.08636054269808144
5,2025-11-23,5,0.05830092527560282,3.1295696059290092
5,2025-11-23,6,-0.344063504525991,13.269323096493547
5,2025-11-23,7,0.18167067357728683,19.756016247019865
5,2025-11-23,8,-0.15583093295009576,29.558626825210993
5,2025-11-23,9,-0.2499655852763567,37.7835953008072
5,2025-11-23,10,0.019905157025846165,45.40284995319842
5,2025-11-23,11,0.6400909508196264,53.73498271358367
5,2025-11-23,12,0.608051798890699,58.45969683879011
5,2025-11-23,13,0.6577006399894572,64.06908721987483
5,2025-11-23,14,0.5108180483967999,63.788962934836746
5,2025-11-23,15,0.3836981331324978,63.21540252946721
5,2025-11-23,16,0.4460184208025453,61.20659153189639
5,2025-11-23,17,2.1063558760916976,59.65046562005184
5,2025-11-23,18,-0.25663054382732753,55.500032644390565
5,2025-11-23,19,0.9297767062776643,45.44377790291636
5,2025-11-23,20,0.886329439108124,33.867981806324494
5,2025-11-23,21,0.9705957002502714,24.406319126223476
5,2025-11-23,22,0.19093659333742607,13.790510941073846
5,2025-11-23,23,0.032233196883794335,7.2156804608333225
5,2025-11-24,0,-0.04178133323756583,2.413082078641324
5,2025-11-24,1,-0.02408347787712728,0.1987100487622703
5,2025-11-24,2,-0.0037930622945623327,0.0008946325570251619
5,2025-11-24,3,-0.003478811231616419,0.0028675824873990578
5,2025-11-24,4,0.03870888200202671,0.268918385547286
5,2025-11-24,5,-0.7803496606156273,9.225737601845454
5,2025-11-24,6,-0.7470329208656494,43.96135628068348
5,2025-11-24,7,-0.6667026257433122,107.46991457228178
5,2025-11-24,8,-0.42079231113507376,152.26624448076797
5,2025-11-24,9,-0.6116562131957721,107.53684304423432
5,2025-11-24,10,0.8750502525951447,86.65158681534848
5,2025-11-24,11,-0.32182069428648674,83.00413064187528
5,2025-11-24,12,0.5645149749751113,84.50469925239682
5,2025-11-24,13,0.5267739456097615,86.54258437749988
5,2025-11-24,14,2.446619285923532,87.39764842163669
5,2025-11-24,15,1.5723595289276204,95.6746689475433
5,2025-11-24,16,1.2381883683081583,107.69553307916283
5,2025-11-24,17,-0.051188908899746366,129.34570515448968
5,2025-11-24,18,-0.8116538142191985,138.11725662085718
5,2025-11-24,19,-1.294160147651212,98.60236951655152
5,2025-11-24,20,0.13259169447610475,63.34245145969366
5,2025-11-24,21,-0.004156575744559632,37.80961884223428
5,2025-11-24,22,0.22976132238773062,18.059336094037466
5,2025-11-24,23,0.46967985579181004,7.664073308520524
5,2025-11-25,0,-0.025517602908337267,2.2995926232318062
5,2025-11-25,1,-0.06363140058533645,0.16960074387613286
5,2025-11-25,2,0.0019153700056335765,0.0007909222629750182
5,2025-11-25,3,0.0008302033162976841,0.006339662987945122
5,2025-11-25,4,0.029541031936446416,0.28176825588454263
5,2025-11-25,5,-0.70256935026174,9.591813216484736
5,2025-11-25,6,-0.7103302400775533,45.51872784195078
5,2025-11-25,7,-3.187159441261315,110.68776666118868
5,2025-11-25,8,-2.9240000743109817,156.14428519338776
5,2025-11-25,9,-3.070558209456408,110.06328565663699
5,2025-11-25,10,-4.097067870808871,89.76360908287572
5,2025-11-25,11,-4.4343329783901595,85.58242420498385
5,2025-11-25,12,-4.313357978047463,86.81311651552478
5,2025-11-25,13,-4.225728625857016,88.80249618001739
5,2025-11-25,14,-2.479161956114126,89.22015324615596
5,2025-11-25,15,-5.077409498906945,97.1262713182688
5,2025-11-25,16,-4.727741828347007,109.84500925627576
5,2025-11-25,17,-4.367327938309643,131.81082910274893
5,2025-11-25,18,-1.5250851778227457,141.08923596478598
5,2025-11-25,19,-1.5610997443723136,99.94681461667341
5,2025-11-25,20,-0.14728713515631853,64.77374141803081
5,2025-11-25,21,-0.3038850616626405,39.21324067093462
5,2025-11-25,22,-0.1067548096021369,19.127905154692073
5,2025-11-25,23,0.029893453852992025,8.348253683798081
5,2025-11-26,0,0.0019319989550012906,2.3784784517965134
5,2025-11-26,1,-0.06267484942725332,0.1659048536877744
5,2025-11-26,2,0.0010676491658045961,0.0023994132018512705
5,2025-11-26,3,0.0007408658203189589,0.006909401720579539
5,2025-11-26,4,0.0161593624805505,0.2819336785417847
5,2025-11-26,5,-0.12164637477786755,10.098136578987939
5,2025-11-26,6,0.03407405130803909,45.90562212653388
5,2025-11-26,7,-2.584282331656482,111.71029095903697
5,2025-11-26,8,-2.4057700255161762,158.70349905819384
5,2025-11-26,9,-2.5366629738146003,111.83871034765585
5,2025-11-26,10,-3.496611065047034,91.45012909871377
5,2025-11-26,11,-3.1697515687662303,87.39814901803219
5,2025-11-26,12,-3.1324935129989058,88.67304717416316
5,2025-11-26,13,-3.0445025658407303,90.53896500138531
5,2025-11-26,14,-2.556698076658222,90.86232771572136
5,2025-11-26,15,-3.7711861389171872,98.73333604700244
5,2025-11-26,16,-3.4199410778652464,111.52407296796491
5,2025-11-26,17,-3.0835011957577763,133.34394244685143
5,2025-11-26,18,-0.23349481309202247,142.69803081574452
5,2025-11-26,19,-0.26881932983434353,101.00001730663648
5,2025-11-26,20,-0.22619766269127695,65.56053519153589
5,2025-11-26,21,-0.38906929427719206,40.372378092858
5,2025-11-26,22,-0.26488522224940425,20.263704554181952
5,2025-11-26,23,0.26807264648255114,9.321868018174419
5,2025-11-27,0,0.004678176152310698,2.4176123155578475
5,2025-11-27,1,-0.03423742881182079,0.1803278863198352
5,2025-11-27,2,-0.0003063103874865192,0.001223149178607675
5,2025-11-27,3,-0.0005121994039427591,0.02710777633741157
5,2025-11-27,4,0.014879960403789028,0.3062920202698035
5,2025-11-27,5,-0.08572937148028359,10.09750783381223
5,2025-11-27,6,0.027847071039445837,45.63156754813419
5,2025-11-27,7,0.020964944625120552,110.338274848775
5,2025-11-27,8,0.16232602083528036,156.29600227329865
5,2025-11-27,9,0.03165247837245033,111.29067582762504
5,2025-11-27,10,-0.36116254748856136,90.81738090284227
5,2025-11-27,11,-0.03430305120775756,87.24683039234334
5,2025-11-27,12,0.002883236663990374,88.56274811272878
5,2025-11-27,13,0.09087418382216583,90.55761455963922
5,2025-11-27,14,0.5747218188720353,91.03433091162933
5,2025-11-27,15,-0.014348194986553153,98.98031435029658
5,2025-11-27,16,-0.29161273046196357,111.06326828714761
5,2025-11-27,17,0.06834648472806748,132.2735153104981
5,2025-11-27,18,0.05989150197711979,140.54023297781794
5,2025-11-27,19,0.02448733236104772,100.01559114044171
5,2025-11-27,20,0.06710899950411431,65.28824201858413
5,2025-11-27,21,-0.09978436818113323,40.26572769504623
5,2025-11-27,22,0.011117002157902789,20.246701203405756
5,2025-11-27,23,0.5126342423686197,9.544864343953737
5,2025-11-28,0,0.005078709723136399,2.6139429139253005
5,2025-11-28,1,-0.03349209458662017,0.20585508653404472
5,2025-11-28,2,0.00011487390293041244,0.0010991684826012157
5,2025-11-28,3,0.0007013629774519359,0.008507068909725048
5,2025-11-28,4,0.018279679686202144,0.31156738788324523
5,2025-11-28,5,-0.07327445603920069,9.88932362366334
5,2025-11-28,6,0.03825490050832059,45.257366598897555
5,2025-11-28,7,0.04948744805426486,106.71932508416829
5,2025-11-28,8,0.17314494388750745,151.74512783410643
5,2025-11-28,9,0.015204418887151405,107.36430110113844
5,2025-11-28,10,-0.3609903641161054,89.84247301468491
5,2025-11-28,11,-0.031409498657581025,87.12982127872776
5,2025-11-28,12,0.005775533713119785,88.67814149583445
5,2025-11-28,13,0.10225595420899936,91.0919019140076
5,2025-11-28,14,0.48365798569329854,93.39108995498934
5,2025-11-28,15,-0.09428517520223068,102.05458397329174
5,2025-11-28,16,2.320042746224374,114.98373141700331
5,2025-11-28,17,-0.9543089305665831,127.90509107163012
5,2025-11-28,18,-1.836109557405507,125.07226932187828
5,2025-11-28,19,-0.724124988305789,93.06533094900485
5,2025-11-28,20,-1.0167909565781201,61.81750577669128
5,2025-11-28,21,0.06238480406642566,39.377642085202346
5,2025-11-28,22,0.03437885892867598,20.229266001885836
5,2025-11-28,23,0.5463789559349834,10.306702028304285
5,2025-11-29,0,-0.00853470179345095,3.5330551489689057
5,2025-11-29,1,-0.022853334832234395,0.37749779698381364
5,2025-11-29,2,0.005014675955067105,0.007056039653025065
5,2025-11-29,3,0.0019231874619549671,0.07549830238367485
5,2025-11-29,4,-0.19891177870698584,0.13025458337547452
5,2025-11-29,5,-0.1727217739692719,4.978686474316528
5,2025-11-29,6,-0.12505784369142248,19.200547939873037
5,2025-11-29,7,0.08309160890519252,30.905490030156724
5,2025-11-29,8,1.3544119194870632,41.7705847878844
5,2025-11-29,9,1.5909888847621687,49.32726538078487
5,2025-11-29,10,1.1201643033294886,55.04766572027807
5,2025-11-29,11,0.40526610771848937,62.132150309528555
5,2025-11-29,12,1.6961376653374032,66.66533839722851
5,2025-11-29,13,0.5111848559231476,70.76903494085623
5,2025-11-29,14,0.5013587437802585,70.57851090010206
5,2025-11-29,15,0.26282631737404927,70.31741298878369
5,2025-11-29,16,0.3099597322124623,69.19404666917212
5,2025-11-29,17,0.3654437626525464,67.60443704304917
5,2025-11-29,18,-0.9307453270924952,63.47976268871784
5,2025-11-29,19,0.43471172638288635,53.4184015629378
5,2025-11-29,20,0.2832119977597358,39.18104992824968
5,2025-11-29,21,0.16060066671366258,28.47875482522632
5,2025-11-29,22,0.1335566987154948,16.970995686037295
5,2025-11-29,23,0.4731105752612734,9.401529532834488
5,2025-11-30,0,0.026140638554466022,3.545076495800353
5,2025-11-30,1,0.03301156473798983,0.39626745044178885
5,2025-11-30,2,0.035932662292964324,0.010945271080716868
5,2025-11-30,3,0.029737056046428734,0.058526677644204016
5,2025-11-30,4,-0.008390928727521896,0.07040247244025352
5,2025-11-30,5,0.19021605402849673,3.2432541665355044
5,2025-11-30,6,-0.0002146228303558928,13.283992474217879
5,2025-11-30,7,0.18129122241703044,19.614478285596025
5,2025-11-30,8,-0.13605730168211494,28.790408933655105
5,2025-11-30,9,-0.06605414002035559,37.097469360847604
5,2025-11-30,10,-2.6223492336153527,44.23218047573282
5,2025-11-30,11,-2.207977785060052,51.74198641749107
5,2025-11-30,12,-2.1931535197060157,56.35654901711063
5,2025-11-30,13,-2.182262047894312,61.60062517458467
5,2025-11-30,14,-2.2329662850048067,61.6146313160685
5,2025-11-30,15,-2.2601479254513492,60.72813382482045
5,2025-11-30,16,-2.1955284786639027,58.722760035382684
5,2025-11-30,17,-1.49990675670864,57.54507453386345
5,2025-11-30,18,-2.771053412798949,53.64781038730176
5,2025-11-30,19,-1.5428647619922344,44.246842269475515
5,2025-11-30,20,-0.21119489254709833,32.93536678106909
5,2025-11-30,21,-0.16573544451932776,23.582296593776412
5,2025-11-30,22,-0.0025262847301519287,13.341869726882742
5,2025-11-30,23,-0.22581632904319804,6.789250646401759
5,2025-12-01,0,-0.00860540275442645,2.405501574855453
5,2025-12-01,1,0.004099559440874145,0.21887151955806128
5,2025-12-01,2,0.0006161482522770712,0.0019375996727942495
5,2025-12-01,3,0.006299754284214032,0.006447648232956577
5,2025-12-01,4,0.04854926592764741,0.2817955476585887
5,2025-12-01,5,-0.06623827590897235,9.543280047336323
5,2025-12-01,6,-0.0430674001627267,44.986270663075274
5,2025-12-01,7,-0.17316965510315185,105.03153934951318
5,2025-12-01,8,0.02573155686025075,146.74148132588564
5,2025-12-01,9,-0.0629482915638846,106.11903184918128
5,2025-12-01,10,-0.44009916354445977,85.21425281531896
5,2025-12-01,11,-0.25894864136381557,81.24289849543915
5,2025-12-01,12,-0.1365962970087935,82.2722373043505
5,2025-12-01,13,-0.040847538393165905,83.62893715834582
5,2025-12-01,14,-0.13322127514663862,84.38603966398779
5,2025-12-01,15,-0.07611062787452738,92.54757787951965
5,2025-12-01,16,-0.41215995163673824,104.29162329958528
5,2025-12-01,17,-0.09648715418205711,126.9617750292967
5,2025-12-01,18,-0.0584523054692454,136.5065815464581
5,2025-12-01,19,-0.10058091412315662,98.22818096351583
5,2025-12-01,20,-0.13990270038340213,62.77414768498402
5,2025-12-01,21,-0.19899444434452107,37.71028339784991
5,2025-12-01,22,-0.03560852778633716,18.66478116100559
5,2025-12-01,23,-0.21799949000939023,7.436266752089776
5,2025-12-02,0,-0.007121139931143716,2.322937162432739
5,2025-12-02,1,0.004586864130487811,0.1970396188962307
5,2025-12-02,2,0.004114112483307508,0.0032142657980201964
5,2025-12-02,3,0.004857556376578032,0.008887952366166237
5,2025-12-02,4,0.040703283749508046,0.3233493706135821
5,2025-12-02,5,-0.12326844710719342,9.91525699198594
5,2025-12-02,6,-0.054359781978689625,46.43101797102479
5,2025-12-02,7,-0.2053997290180405,108.14290726158414
5,2025-12-02,8,0.007655988718511253,150.82396954976164
5,2025-12-02,9,-0.08145700245336229,109.05795670082149
5,2025-12-02,10,-0.480710570491965,88.88216052831498
5,2025-12-02,11,-0.18371054107689133,84.6816008594749
5,2025-12-02,12,-0.17634217353440818,85.53763263397443
5,2025-12-02,13,-0.08004742993648506,86.88869120194788
5,2025-12-02,14,-0.1597002967250205,87.12143008757556
5,2025-12-02,15,-0.7812281737058697,95.0168707297605
5,2025-12-02,16,-0.437492148189051,107.36699785867485
5,2025-12-02,17,-0.11788406225940662,129.78680993404308
5,2025-12-02,18,-0.1413129403437665,139.23829417340275
5,2025-12-02,19,-0.1820738744639243,99.8090967259179
5,2025-12-02,20,-0.10676997486899609,64.47344033978321
5,2025-12-02,21,-0.14685307866074027,39.27405026505278
5,2025-12-02,22,0.02043627504434653,19.873607205364472
5,2025-12-02,23,-0.2500642828800892,8.096926611996391
5,2025-12-03,0,-0.008218460927650995,2.4107075518786476
5,2025-12-03,1,0.0014026920444507596,0.19158613484904125
5,2025-12-03,2,0.0014224447187984879,0.0014239927463939586
5,2025-12-03,3,0.002548073773084525,0.00624666576441828
5,2025-12-03,4,0.02476623590126792,0.3277959710462099
5,2025-12-03,5,-0.09675080872364106,10.152482295580624
5,2025-12-03,6,0.00009658319874006338,46.69363654067129
5,2025-12-03,7,-0.16176308950639395,109.344418041168
5,2025-12-03,8,0.11244881193982792,154.1302050048214
5,2025-12-03,9,0.05495285928827798,111.56283319042275
5,2025-12-03,10,-0.344118272723108,91.48465419825392
5,2025-12-03,11,-0.04845149205073085,87.45204888820712
5,2025-12-03,12,-0.041678704048479176,88.61672401890961
5,2025-12-03,13,0.045820790175582715,90.03675412872917
5,2025-12-03,14,-0.03235482512207,90.18392786198544
5,2025-12-03,15,-0.6298946319313359,98.05699592912985
5,2025-12-03,16,-0.2861586064145172,110.46512554872612
5,2025-12-03,17,0.010839274583872793,132.40111982214842
5,2025-12-03,18,-0.009244344879164146,141.60078450745763
5,2025-12-03,19,-0.05224823609671603,101.14320022289124
5,2025-12-03,20,0.027824353153619086,65.48581171102414
5,2025-12-03,21,-0.012584708012582269,40.55357780908613
5,2025-12-03,22,0.1141593890289414,21.150572463357584
5,2025-12-03,23,0.09846726237958592,9.17404301389278
5,2025-12-04,0,0.005201587478779857,2.4610930152240678
5,2025-12-04,1,-0.0017376512524265308,0.21157247205591023
5,2025-12-04,2,-0.0015715416823809392,0.002091939028229405
5,2025-12-04,3,-0.0004628744241017557,0.027259504718435495
5,2025-12-04,4,0.021727841630706735,0.35587375223256434
5,2025-12-04,5,-0.05575795809488682,10.473676311861823
5,2025-12-04,6,0.0374607067678312,46.64577664855583
5,2025-12-04,7,-0.12133893060587297,108.22736075152754
5,2025-12-04,8,0.1557003107658943,151.90246538647807
5,2025-12-04,9,0.09844145171643959,111.1753975999547
5,2025-12-04,10,-0.27882624780153265,90.9491138791
5,2025-12-04,11,0.016840532870844527,87.31804726762937
5,2025-12-04,12,0.023541552977519586,88.52358725762545
5,2025-12-04,13,0.11104104720158148,90.08071559384896
5,2025-12-04,14,0.029854280318033943,90.38112643027385
5,2025-12-04,15,0.056495130580913155,98.37658221089094
5,2025-12-04,16,-0.22826868212274576,110.25980058250494
5,2025-12-04,17,0.0919043750147921,131.59020813813484
5,2025-12-04,18,0.07578906324749823,139.76525582425623
5,2025-12-04,19,0.03278517202994635,100.54759875368569
5,2025-12-04,20,0.020532944748765658,65.61955441179894
5,2025-12-04,21,-0.024798563347246727,40.866537956801665
5,2025-12-04,22,0.0834949551912132,21.305225317126595
5,2025-12-04,23,0.05844394113518092,9.459982182015002
5,2025-12-05,0,0.007689928354125186,2.6390934977344602
5,2025-12-05,1,0.0010950290036362276,0.23331631611188267
5,2025-12-05,2,0.0012742409994075388,0.001437575322263004
5,2025-12-05,3,0.002894217987261527,0.009488705493293304
5,2025-12-05,4,0.024680059214006178,0.34552630277003693
5,2025-12-05,5,-0.06078283552102448,10.070564314606727
5,2025-12-05,6,0.04708785018766548,46.06508010276304
5,2025-12-05,7,-0.10896006570209238,104.87276012406635
5,2025-12-05,8,0.1498276053902714,147.70665584613323
5,2025-12-05,9,0.061669623313321154,107.48454500529049
5,2025-12-05,10,-0.3239262836773378,90.22471205153337
5,2025-12-05,11,-0.020606021760784188,87.66820828812854
5,2025-12-05,12,-0.013906257155213098,88.98033386535705
5,2025-12-05,13,0.0820827104065529,91.10195034348455
5,2025-12-05,14,-0.004612067812502119,93.0087309749326
5,2025-12-05,15,0.03283246245257487,101.6355696827918
5,2025-12-05,16,2.415620826959639,114.14123184228296
5,2025-12-05,17,-0.9778664078251609,127.84276822783482
5,2025-12-05,18,-1.8900625747164668,125.07440404581368
5,2025-12-05,19,-0.7821319005646501,93.9342487413246
5,2025-12-05,20,-1.0833175559268966,62.64110910838954
5,2025-12-05,21,0.12694241456603095,40.23223998210077
5,2025-12-05,22,0.06794039795221352,21.475969193396367
5,2025-12-05,23,0.0722101152099981,10.127564978504976
5,2025-12-06,0,-0.010161894728184961,3.691789681070488
5,2025-12-06,1,0.0063796639826136925,0.43134523247996287
5,2025-12-06,2,-0.001035507965468696,0.007350372538381443
5,2025-12-06,3,0.0032851202380470568,0.001658960196067969
5,2025-12-06,4,-0.016225048143610366,0.07384770584163725
5,2025-12-06,5,-0.07801496682702691,4.79234656246184
5,2025-12-06,6,-0.4004603333715977,19.534573291874644
5,2025-12-06,7,-0.32379356592883823,30.686679515547446
5,2025-12-06,8,-0.04208072417503672,42.22695074747963
5,2025-12-06,9,0.18847513913414105,51.559448279162595
5,2025-12-06,10,-0.3577787057098476,58.45434055231904
5,2025-12-06,11,0.18897031428736,66.18897811777114
5,2025-12-06,12,0.5618567415179996,71.12069128627604
5,2025-12-06,13,0.22374964138293763,75.25611121465958
5,2025-12-06,14,0.1367356548500993,75.19882301825656
5,2025-12-06,15,-0.022867020482692624,74.88277286439441
5,2025-12-06,16,0.01683750221803848,73.4888547401415
5,2025-12-06,17,-0.0027770946737177837,71.6735023102207
5,2025-12-06,18,-1.3264350771242448,67.10860779256039
5,2025-12-06,19,0.03656157854123876,57.519957856974116
5,2025-12-06,20,0.03000344255838172,42.816552427269755
5,2025-12-06,21,-0.02172471769955564,31.7670748174216
5,2025-12-06,22,0.06363170695476583,19.468095118932748
5,2025-12-06,23,0.06830964085821734,10.337956448982876
5,2025-12-07,0,-0.012379044103170145,3.809486064092464
5,2025-12-07,1,0.005164328582793587,0.468547574270821
5,2025-12-07,2,0.0022891185765274713,0.010150392241010681
5,2025-12-07,3,0.004434943596550056,0.002038665335333748
5,2025-12-07,4,0.01123197078669591,0.039192993740582355
5,2025-12-07,5,0.1742898064566134,3.1664478779881864
5,2025-12-07,6,0.01515533125558477,13.765114701735767
5,2025-12-07,7,0.11729949294959852,20.365935804484884
5,2025-12-07,8,-0.3312617974636396,30.43294836857433
5,2025-12-07,9,-0.2629263819155767,40.887202808899886
5,2025-12-07,10,-0.4896691604090506,49.321248999800666
5,2025-12-07,11,0.05263297615232432,57.96587735420869
5,2025-12-07,12,0.04703617809570915,63.105507395053
5,2025-12-07,13,0.056572883370108684,68.49754774153712
5,2025-12-07,14,-0.03655988823993539,68.50546060253033
5,2025-12-07,15,0.0038521545326375417,67.49212829778737
5,2025-12-07,16,0.06228246052233999,65.11735677480739
5,2025-12-07,17,0.2245159995526933,63.118462151069465
5,2025-12-07,18,-1.070496102859579,58.6333496713905
5,2025-12-07,19,-0.040040191526486524,49.026762855063566
5,2025-12-07,20,-0.13473115875922304,37.06227708292315
5,2025-12-07,21,-0.0998354379003672,27.225512488322412
5,2025-12-07,22,0.02636482461372225,15.89816176282623
5,2025-12-07,23,-0.3144968079947148,7.7254656118511855
5,2025-12-08,0,-0.011349493341128891,2.419744843281856
5,2025-12-08,1,0.001942611840831887,0.22279623615526836
5,2025-12-08,2,-0.001234199689918114,0.0016556014662942803
5,2025-12-08,3,-0.00037706874638843146,0.001026180409924637
5,2025-12-08,4,0.040868534414414626,0.2953253995781043
5,2025-12-08,5,-0.03796280807722496,9.720287485137906
5,2025-12-08,6,0.039794174299970564,45.25724568471368
5,2025-12-08,7,-0.11639512048651568,106.18689560420425
5,2025-12-08,8,0.1475821819271914,148.60780315337763
5,2025-12-08,9,0.0739221150213325,107.91844048832564
5,2025-12-08,10,-0.302523008762023,87.17451884182947
5,2025-12-08,11,-0.12467065110121212,83.58207495042373
5,2025-12-08,12,-0.003639280903996678,84.73325419690008
5,2025-12-08,13,-0.0005083773535261571,86.22148812735281
5,2025-12-08,14,-0.008061586416545197,86.72020798845807
5,2025-12-08,15,0.04762392253286407,94.98545393562988
5,2025-12-08,16,-0.2911632802349118,106.6915397582675
5,2025-12-08,17,0.025277420203508427,128.90693576310187
5,2025-12-08,18,0.1285803349638286,137.39246001009383
5,2025-12-08,19,0.028728774054002315,99.20536075073888
5,2025-12-08,20,-0.020719303812825274,63.65653970723961
5,2025-12-08,21,-0.07900806543113958,38.34538826827221
5,2025-12-08,22,0.07446165793459159,19.073625678697617
5,2025-12-08,23,-0.16835710327279685,7.696145240691612
5,2025-12-09,0,-0.012044800314527038,2.363724562727902
5,2025-12-09,1,0.00025034673376467254,0.1973970961660971
5,2025-12-09,2,-0.00008354421453304894,0.002605044149528502
5,2025-12-09,3,-0.0002707392176830581,0.016422445015955398
5,2025-12-09,4,0.03469982734645782,0.33218460006787415
5,2025-12-09,5,-0.03869679054213293,10.158842496104866
5,2025-12-09,6,0.07939661534402376,46.94927842815565
5,2025-12-09,7,-0.09406316533033987,109.77798621014385
5,2025-12-09,8,0.1839995149890683,153.18398882915628
5,2025-12-09,9,0.10990630533547119,111.35073740586064
5,2025-12-09,10,-0.2732152360035798,91.35174285498029
5,2025-12-09,11,0.02048662889166053,87.34151548952313
5,2025-12-09,12,0.026534022276337055,88.32188739059173
5,2025-12-09,13,0.030210910809103098,89.81882851738152
5,2025-12-09,14,0.035362304285001755,89.97032467720182
5,2025-12-09,15,-0.5876762178857575,97.8858182626266
5,2025-12-09,16,-0.2434316805932326,110.17107831568669
5,2025-12-09,17,0.07696155075655042,132.19073287365217
5,2025-12-09,18,0.05897997194870186,141.01580360275372
5,2025-12-09,19,0.01694107537440459,101.19450509674796
5,2025-12-09,20,0.0049986307125777785,65.76545950526753
5,2025-12-09,21,-0.03789736708080227,40.328991884464024
5,2025-12-09,22,0.11650237543341291,20.505166259034475
5,2025-12-09,23,-0.21476003611496708,8.511229170749603
5,2025-12-10,0,-0.014075035615405795,2.4383609145575216
5,2025-12-10,1,-0.004410317688893883,0.19790347353552726
5,2025-12-10,2,-0.0046037909041842795,0.0018159960116593838
5,2025-12-10,3,-0.003710012853673561,0.008010680210143355
5,2025-12-10,4,0.01897458394972773,0.32962365945252603
5,2025-12-10,5,-0.056638748423836205,10.347634870052564
5,2025-12-10,6,0.03950990160416268,47.12878116619441
5,2025-12-10,7,-0.11229357508221938,110.79964215133108
5,2025-12-10,8,0.16237377709677503,155.5455581726186
5,2025-12-10,9,0.10749720237600968,112.78511422952552
5,2025-12-10,10,-0.2819861991471271,92.7513406259495
5,2025-12-10,11,0.01230018306398506,88.90217578366497
5,2025-12-10,12,0.019027614269646165,90.00774574716792
5,2025-12-10,13,0.02278894635458073,91.61675154923843
5,2025-12-10,14,0.026312572193717187,91.68683045052879
5,2025-12-10,15,-0.5727378798054588,99.6101286147057
5,2025-12-10,16,-0.22849334251293385,111.95316198405406
5,2025-12-10,17,0.06845587769004169,133.9152444529253
5,2025-12-10,18,0.05079277922959591,142.4910580026833
5,2025-12-10,19,0.007889395422353118,102.07237824013949
5,2025-12-10,20,-0.004371173588424426,66.34199135606886
5,2025-12-10,21,-0.04788606684923025,41.24666826290832
5,2025-12-10,22,0.06596841900142181,21.42078608272859
5,2025-12-10,23,-0.04071996759387275,9.159081426388015
5,2025-12-11,0,0.005066322587879313,2.4686733117924797
5,2025-12-11,1,-0.0018837501366988363,0.21482672229861505
5,2025-12-11,2,-0.0017201579760808272,0.002066771281079456
5,2025-12-11,3,-0.0008263799255701088,0.01742478505639281
5,2025-12-11,4,0.021858216877831183,0.3454670852805383
5,2025-12-11,5,-0.05543713716696175,10.362439285270828
5,2025-12-11,6,0.03526318713954879,46.651704116499594
5,2025-12-11,7,-0.11334657509581803,109.22218527360172
5,2025-12-11,8,0.16304797419860506,152.95306093067293
5,2025-12-11,9,0.1083908053134337,111.97993707343991
5,2025-12-11,10,-0.28156972946192127,91.81557840084844
5,2025-12-11,11,0.012765375004164525,88.3840991715143
5,2025-12-11,12,0.01949091516991075,89.51670601310836
5,2025-12-11,13,0.023252247254845315,91.25851277374447
5,2025-12-11,14,0.024819715094338335,91.48291773397644
5,2025-12-11,15,0.050732385254605106,99.58005552104527
5,2025-12-11,16,-0.23353267398022126,111.39410527508714
5,2025-12-11,17,0.08693587930531521,132.7142627485983
5,2025-12-11,18,0.07216269443892998,140.4169502036709
5,2025-12-11,19,0.029259310631687185,101.0157444266567
5,2025-12-11,20,0.01699874162090964,65.95530109599207
5,2025-12-11,21,-0.03143859856970721,41.041095348313526
5,2025-12-11,22,0.06332255578536206,21.361474298089146
5,2025-12-11,23,0.03849103525749342,9.395736902669451
5,2025-12-12,0,0.0070122423636007625,2.622719933214913
5,2025-12-12,1,-0.00007354628303346544,0.23523065623605766
5,2025-12-12,2,0.0004883258706627203,0.0015047890413766743
5,2025-12-12,3,0.0018934136507482435,0.007453077003932923
5,2025-12-12,4,0.024173135626085696,0.3422524148352931
5,2025-12-12,5,-0.057350818990698826,9.934649226655862
5,2025-12-12,6,0.03309262830919124,45.9487122962745
5,2025-12-12,7,-0.11391896533888257,105.41637995668036
5,2025-12-12,8,0.14403897177243152,148.39010303397754
5,2025-12-12,9,0.05848267985976463,107.89733258534956
5,2025-12-12,10,-0.3340802493447086,90.77964690235929
5,2025-12-12,11,-0.03209166363444638,88.36427858306654
5,2025-12-12,12,-0.025389948384258787,89.63512217967035
5,2025-12-12,13,-0.01313914296162011,91.87132810986654
5,2025-12-12,14,-0.016690472007610424,93.87073816181967
5,2025-12-12,15,0.020956835739468715,102.63119357174546
5,2025-12-12,16,2.4029381149509277,115.23569534060863
5,2025-12-12,17,-0.9804054200356518,128.39694747383268
5,2025-12-12,18,-1.892751539698395,124.9608296676407
5,2025-12-12,19,-0.7842340498495446,93.82943664547008
5,2025-12-12,20,-1.0920261739727266,62.38576675339588
5,2025-12-12,21,0.1055834057580114,40.030702952583816
5,2025-12-12,22,0.05796835196218808,21.31852558272158
5,2025-12-12,23,0.06316533314111439,9.947662368634491
5,2025-12-13,0,-0.006481458572068277,3.6977009209830873
5,2025-12-13,1,0.008604335827556042,0.43437291233674313
5,2025-12-13,2,0.0013799444175788267,0.008087442507098537
5,2025-12-13,3,0.00661387326545082,0.002271487651008535
5,2025-12-13,4,-0.016463409472294188,0.07862722768422396
5,2025-12-13,5,-0.07114746160192453,4.841223595735733
5,2025-12-13,6,-0.4029263755550119,19.64651287184485
5,2025-12-13,7,-0.2884485723847092,31.086769743826792
5,2025-12-13,8,-0.018988553282099474,42.8805686732404
5,2025-12-13,9,0.06357716927232104,52.24509613988452
5,2025-12-13,10,-0.5012328226817431,59.36643187142993
5,2025-12-13,11,0.22605009314213476,67.1063007483876
5,2025-12-13,12,0.5947853614542282,71.99495485777938
5,2025-12-13,13,0.33805594693518515,76.33723886420418
5,2025-12-13,14,0.16195119728809004,76.32269812516286
5,2025-12-13,15,-0.002271721052295561,76.06988307373028
5,2025-12-13,16,0.03789092789349979,74.58770872625945
5,2025-12-13,17,0.01857182714974215,72.72545583799422
5,2025-12-13,18,-1.302422034783433,67.8888939714088
5,2025-12-13,19,0.059755648896612,57.953454192679935
5,2025-12-13,20,0.04659104415281945,43.04923188374855
5,2025-12-13,21,-0.003998214917544374,31.98986657255791
5,2025-12-13,22,-0.012420487875772324,19.56346635314926
5,2025-12-13,23,-0.00820346718626297,10.35187200515057
5,2025-12-14,0,-0.014518850461627153,3.853527736159895
5,2025-12-14,1,0.004518120322586583,0.4871843426922511
5,2025-12-14,2,0.0021819080362206478,0.022232962146067417
5,2025-12-14,3,0.0055508185191115444,0.011574296658908668
5,2025-12-14,4,0.005196465242875092,0.05218708565224283
5,2025-12-14,5,0.17417032564452484,3.289842177396298
5,2025-12-14,6,0.014696282570753283,13.964632878205686
5,2025-12-14,7,0.13609008795305044,21.049770331538433
5,2025-12-14,8,-0.2941417357492355,31.18213466270907
5,2025-12-14,9,-0.3737964609559299,41.635403010189215
5,2025-12-14,10,-0.6104530517469016,50.01053595418918
5,2025-12-14,11,0.11113836667783517,58.4629496105506
5,2025-12-14,12,0.10567347426990636,63.58492807131391
5,2025-12-14,13,0.19619424828448473,69.02190821742381
5,2025-12-14,14,0.007882456339814325,69.1900853215477
5,2025-12-14,15,0.053676160124496164,68.36579205672787
5,2025-12-14,16,0.11125874777133049,65.95568643435469
5,2025-12-14,17,0.2734922868016838,63.89727421779128
5,2025-12-14,18,-1.0722621185266803,59.622725919390525
5,2025-12-14,19,-0.04559337397307672,49.73408382115027
5,2025-12-14,20,-0.1468824682371519,37.639274606521475
5,2025-12-14,21,-0.11198674737829606,27.772572552545896
5,2025-12-14,22,-0.05488569665379828,16.10407384036925
5,2025-12-14,23,-0.3927361189336125,7.932831181224557
5,2025-12-15,0,-0.017095310820423038,2.425367566738545
5,2025-12-15,1,-0.00025966898391516224,0.21856165486230533
5,2025-12-15,2,-0.0036350270852381072,0.00043052284467653127
5,2025-12-15,3,-0.0006715090475495344,0.00397828942616323
5,2025-12-15,4,0.029286642584224865,0.290471188807868
5,2025-12-15,5,0.0059035332659505,9.745690182442582
5,2025-12-15,6,-0.3698086528005433,45.183681077736765
5,2025-12-15,7,-0.34972498278074227,106.76046835433748
5,2025-12-15,8,-0.14340047706087944,149.60642496916
5,2025-12-15,9,-0.1583763861831926,108.55844930145082
5,2025-12-15,10,-0.6205389760327193,87.61763167896301
5,2025-12-15,11,-0.42981425883033353,83.88045085959294
5,2025-12-15,12,-0.30755303944926027,84.96584307623183
5,2025-12-15,13,-0.30442213589878975,86.47413645738965
5,2025-12-15,14,-0.3257048292219338,87.09414429415254
5,2025-12-15,15,0.3915434431007725,95.27406240887163
5,2025-12-15,16,-0.013364610669498234,107.10878147206597
5,2025-12-15,17,0.31117193451541425,129.2736454818719
5,2025-12-15,18,0.4158099323518627,138.1667743104524
5,2025-12-15,19,0.009264936972954274,99.48989146475147
5,2025-12-15,20,-0.04678126792521198,63.862209616905766
5,2025-12-15,21,-0.05089316563532975,38.449823756140574
5,2025-12-15,22,0.10266967561062756,19.133079050379212
5,2025-12-15,23,-0.2335764645649192,7.7361243796926535
5,2025-12-16,0,0.0003174729847046365,2.344372830878665
5,2025-12-16,1,0.0001313682192289889,0.1967928838824012
5,2025-12-16,2,-0.0002451174324278327,0.0032392418851894815
5,2025-12-16,3,0.0026799788216180787,0.006699386233819946
5,2025-12-16,4,0.026820809894445574,0.3209903059988882
5,2025-12-16,5,0.03890114229352548,10.20883632878592
5,2025-12-16,6,0.202106504970061,46.965420943872246
5,2025-12-16,7,-0.015368690667401097,110.55149253226139
5,2025-12-16,8,1.3450526903023388,154.63366051842118
5,2025-12-16,9,0.1790278194562802,112.45757309443634
5,2025-12-16,10,-0.3444323880187312,92.23382204135436
5,2025-12-16,11,-0.03841526150694108,88.20827693819096
5,2025-12-16,12,-0.030930488406340828,89.07916389071897
5,2025-12-16,13,-0.027253599873574785,90.583550153687
5,2025-12-16,14,0.013840250722239489,90.8238908431965
5,2025-12-16,15,-0.5948941437246162,98.77685009826304
5,2025-12-16,16,-0.43153801225366806,111.04680530830935
5,2025-12-16,17,-0.10463208695097137,132.93183085566164
5,2025-12-16,18,-0.09856642181915731,141.76941333995646
5,2025-12-16,19,-0.05907299186094406,101.5093017633249
5,2025-12-16,20,-0.0535935942625656,66.01221572086324
5,2025-12-16,21,-0.040556160849689604,40.42674047410416
5,2025-12-16,22,0.122470839319476,20.660762125956897
5,2025-12-16,23,-0.2639334307035597,8.676493921883518
5,2025-12-17,0,0.003747867469257926,2.4308595772198927
5,2025-12-17,1,0.00047313713218954945,0.1961543518275878
5,2025-12-17,2,0.000845297328282868,0.0035200031954202684
5,2025-12-17,3,0.004567035255774954,0.006008837388576851
5,2025-12-17,4,0.016816686971594663,0.31411406214934245
5,2025-12-17,5,0.02341330726534352,10.341481945015957
5,2025-12-17,6,-0.3583172084844364,47.09330365961199
5,2025-12-17,7,-0.20519935412949053,110.96797035288444
5,2025-12-17,8,1.1823060155148823,156.44904909382163
5,2025-12-17,9,0.035497779601655566,113.46213869849134
5,2025-12-17,10,-0.35654560974234073,93.20553448068948
5,2025-12-17,11,-0.05923601517196175,89.29774316959961
5,2025-12-17,12,-0.0510705529472375,90.27113636487195
5,2025-12-17,13,-0.047309220862302936,91.8801421669425
5,2025-12-17,14,0.0014674733406536689,92.1186197369526
5,2025-12-17,15,-0.5989258571276537,100.1090954572155
5,2025-12-17,16,-0.4355697256567055,112.1114614603812
5,2025-12-17,17,-0.13773163371786268,133.92534411605502
5,2025-12-17,18,-0.1279533680353211,142.61834935311543
5,2025-12-17,19,-0.08785538869983611,102.15871467921589
5,2025-12-17,20,-0.08269411545040839,66.29917355074834
5,2025-12-17,21,-0.06751530517612991,41.206142158923676
5,2025-12-17,22,0.049024898780601234,21.477997287578823
5,2025-12-17,23,0.06133266741079524,9.244642049097802
5,2025-12-18,0,0.002720814983888431,2.463506972850346
5,2025-12-18,1,0.0000923396899565887,0.216599458076135
5,2025-12-18,2,0.0006814155153165302,0.003208404891687811
5,2025-12-18,3,0.0033611265112085675,0.0166905774146423
5,2025-12-18,4,0.01635206947997858,0.3220250455747794
5,2025-12-18,5,-0.014195722698673308,10.399065162558044
5,2025-12-18,6,-0.24227414688846238,46.6716189503716
5,2025-12-18,7,-0.1510362662662601,109.18981122048518
5,2025-12-18,8,0.11313528435937314,153.5398795406236
5,2025-12-18,9,0.0693468618350721,112.49993970344806
5,2025-12-18,10,-0.28356473905216717,92.10113072171852
5,2025-12-18,11,0.013763622032683998,88.63769793929019
5,2025-12-18,12,0.02192645505579094,89.67008183722866
5,2025-12-18,13,0.025687787140725504,91.4118885978648
5,2025-12-18,14,0.027765723054699265,91.60796608835511
5,2025-12-18,15,0.04495870883903308,99.47651621457631
5,2025-12-18,16,-0.3050640456969518,111.3365614579254
5,2025-12-18,17,0.023317457206985637,132.6809523710032
5,2025-12-18,18,0.011403197647780416,140.67685582315673
5,2025-12-18,19,-0.031170987243683612,101.02847482338939
5,2025-12-18,20,-0.032088580413301315,65.90023053257494
5,2025-12-18,21,-0.026300996061365822,41.03916697945159
5,2025-12-18,22,0.07634746648335522,21.411158629190727
5,2025-12-18,23,0.07490434716817163,9.330665820660965
5,2025-12-19,0,0.0068058411995934875,2.6386328259743355
5,2025-12-19,1,-0.00028846984355368477,0.2345369261155266
5,2025-12-19,2,0.00032959682522459843,0.0018989175404720972
5,2025-12-19,3,0.0017884912392673868,0.0072881052279231626
5,2025-12-19,4,0.024638670705087407,0.32801350432430876
5,2025-12-19,5,-0.0521439873118652,10.050698731567964
5,2025-12-19,6,0.027639704766272644,46.1948889481096
5,2025-12-19,7,-0.11110072449321251,105.71815684610164
5,2025-12-19,8,0.14920294154399016,149.00443380760987
5,2025-12-19,9,0.06304519897253158,108.51294805798099
5,2025-12-19,10,-0.3398248687971659,91.26535260340191
5,2025-12-19,11,-0.03823438990224304,89.0495821485119
5,2025-12-19,12,-0.03009538179469473,90.20549480855058
5,2025-12-19,13,-0.017844576372056054,92.41443251555438
5,2025-12-19,14,-0.0890120919420383,94.42263421505339
5,2025-12-19,15,-0.05129844624434554,103.22146353730344
5,2025-12-19,16,2.3306816894963163,115.87821117733188
5,2025-12-19,17,-0.9850062423620329,128.9748762860417
5,2025-12-19,18,-1.885936941408147,125.63053763316995
5,2025-12-19,19,-0.7746299081807706,94.37995327582199
5,2025-12-19,20,-1.0276761717257727,62.72852396627492
5,2025-12-19,21,0.17223167394598704,40.34763433442894
5,2025-12-19,22,0.11324289421253297,21.625922188541395
5,2025-12-19,23,0.11460984918210215,10.118141628852829
5,2025-12-20,0,-0.008202515633740859,3.7353263192264032
5,2025-12-20,1,0.007966163432570283,0.435343797908044
5,2025-12-20,2,0.0007979665376751655,0.009372345091174865
5,2025-12-20,3,0.0067051958144475066,0.0027260008421996808
5,2025-12-20,4,-0.01208665632498196,0.08194010882608842
5,2025-12-20,5,-0.05884845149444118,4.85214954682148
5,2025-12-20,6,-0.3938664437821444,19.690122064054137
5,2025-12-20,7,-0.2636261280688359,31.49542481300822
5,2025-12-20,8,-0.0017921307336337122,43.58932866156993
5,2025-12-20,9,0.08106232084332987,53.002297637871564
5,2025-12-20,10,-0.5166133883586213,60.135942131421274
5,2025-12-20,11,0.20834899601982215,67.97057303607336
5,2025-12-20,12,0.5772917948639815,72.81134541305146
5,2025-12-20,13,0.32056238034493845,77.1263084765984
5,2025-12-20,14,0.1471140085440652,77.01471616734403
5,2025-12-20,15,-0.004497537616941827,76.67239807290612
5,2025-12-20,16,0.03415048959897149,75.15538897799446
5,2025-12-20,17,0.012919557651571267,73.3428352060057
5,2025-12-20,18,-1.344473702710502,68.6542009250287
5,2025-12-20,19,0.03879428526840911,58.51186855889661
5,2025-12-20,20,0.07993579439016685,43.63285076428966
5,2025-12-20,21,0.02906463466143805,32.42952672617954
5,2025-12-20,22,0.03418671876164581,20.069445351232215
5,2025-12-20,23,0.04832400831440964,10.74259238005033
5,2025-12-21,0,-0.01475682237384035,3.8314691638113705
5,2025-12-21,1,0.004910834224801874,0.4662424368007168
5,2025-12-21,2,0.0026308164535180367,0.003763079847560928
5,2025-12-21,3,0.006114894243467006,0.00415948875822573
5,2025-12-21,4,0.004224284569716019,0.048001656361034324
5,2025-12-21,5,0.17683359321370062,3.260246127683829
5,2025-12-21,6,0.023231869348251166,13.844229971129344
5,2025-12-21,7,0.14505051309004102,20.824616939520865
5,2025-12-21,8,-0.3246796644776282,31.096653398990874
5,2025-12-21,9,-0.4104199091972305,41.65048241020315
5,2025-12-21,10,-0.636861363755088,50.187831808791856
5,2025-12-21,11,0.08423517494054522,58.647758006075314
5,2025-12-21,12,0.07871458757045957,63.739332004414
5,2025-12-21,13,0.16923536158503794,69.13262562620363
5,2025-12-21,14,-0.01442845332263687,69.36470227010408
5,2025-12-21,15,0.02686316039751091,68.46065908349854
5,2025-12-21,16,0.0829311263144632,66.01823566697638
5,2025-12-21,17,0.24221604993562096,64.04109073996935
5,2025-12-21,18,-1.0837415365743368,59.475693992986066
5,2025-12-21,19,-0.017468104224917624,49.51803890577975
5,2025-12-21,20,-0.06445108462344251,37.57062990446785
5,2025-12-21,21,-0.024410598402255346,27.74929508383487
5,2025-12-21,22,0.018781884540885585,16.353559464186947
5,2025-12-21,23,-0.3090865050136813,7.981040739220122
5,2025-12-22,0,-0.01088951593578713,2.4455786516783165
5,2025-12-22,1,0.002174243279171151,0.22548007455575417
5,2025-12-22,2,-0.00024147506661620355,0.00118180666032594
5,2025-12-22,3,0.0007698901454205043,0.005142907620478841
5,2025-12-22,4,0.041404752948551504,0.2831788013684883
5,2025-12-22,5,-0.031646357506417644,9.785044573019805
5,2025-12-22,6,-0.03078837439909421,45.3037078751217
5,2025-12-22,7,-0.10263263096584296,106.58023982446198
5,2025-12-22,8,0.16892581728592404,149.16250899837664
5,2025-12-22,9,0.10166521527730765,108.22353159475382
5,2025-12-22,10,-0.2790323325230588,87.52967175300414
5,2025-12-22,11,-0.11467124245967852,84.0433573224139
5,2025-12-22,12,0.008725326683361345,85.16163870551743
5,2025-12-22,13,0.011856230233831866,86.62661557879939
5,2025-12-22,14,0.003934994514224854,87.10679947283975
5,2025-12-22,15,0.06027601962074414,95.34155313272704
5,2025-12-22,16,-0.27814424141405425,107.16541921428151
5,2025-12-22,17,0.03850256409566555,129.40247852529998
5,2025-12-22,18,0.10451794715299911,138.32167269893668
5,2025-12-22,19,0.04049423988305989,99.53090273861295
5,2025-12-22,20,-0.012724939653367073,63.96408226572478
5,2025-12-22,21,-0.06946182942192536,38.73025296112762
5,2025-12-22,22,0.08616552388866694,19.39165813488288
5,2025-12-22,23,-0.16102292602317902,7.8566794533692255
5,2025-12-23,0,-0.01268136840792522,2.38094204788757
5,2025-12-23,1,-0.0006145673266360063,0.19803685655758033
5,2025-12-23,2,-0.00003237301427816419,0.0015085650512146492
5,2025-12-23,3,-0.00006475942348060926,0.009380009885235775
5,2025-12-23,4,0.032656076158332326,0.3119894247072617
5,2025-12-23,5,-0.04510675641995476,10.19344070271963
5,2025-12-23,6,-0.0435461656495022,46.93174520093315
5,2025-12-23,7,-0.48906566141357644,109.77337828147233
5,2025-12-23,8,-0.20662566207704458,153.40051176558217
5,2025-12-23,9,-0.28145968766932583,111.47512649818317
5,2025-12-23,10,-0.295178766803474,91.53708376731201
5,2025-12-23,11,-0.014968169505721107,87.63302988200532
5,2025-12-23,12,-0.006555577175220151,88.54087138613988
5,2025-12-23,13,-0.002878688642454108,90.06329825559386
5,2025-12-23,14,0.003503224015730666,90.26747685356277
5,2025-12-23,15,-0.6025865855793882,98.22753270907275
5,2025-12-23,16,-0.2579751065538858,110.52804663158267
5,2025-12-23,17,0.060940931791833464,132.59357042747698
5,2025-12-23,18,0.04404043814696479,141.62628464479403
5,2025-12-23,19,-0.00040111720988988964,101.40033999628884
5,2025-12-23,20,-0.0004044356643930769,65.95731189187939
5,2025-12-23,21,-0.03746541252661473,40.582230252304505
5,2025-12-23,22,0.123013717679612,20.824828177062344
5,2025-12-23,23,-0.19587221123458676,8.720864233794835
5,2025-12-24,0,-0.010301508110217128,2.477312691104107
5,2025-12-24,1,-0.0006596906166578265,0.20077465909251788
5,2025-12-24,2,-0.0007405559405810891,0.003956518327590472
5,2025-12-24,3,-0.003937646896474689,0.010294583924364517
5,2025-12-24,4,0.018973734811254417,0.319167687047605
5,2025-12-24,5,-0.012520031023029787,10.401714217507312
5,2025-12-24,6,0.07930755926582833,47.098116502576566
5,2025-12-24,7,0.11018483634262566,110.49686686936813
5,2025-12-24,8,0.39240919137290575,155.7022475943732
5,2025-12-24,9,0.34864260533953484,113.13681381943756
5,2025-12-24,10,-0.06152421430522281,93.07668362479176
5,2025-12-24,11,0.23446465745001888,89.07627534670594
5,2025-12-24,12,0.24258624156891528,90.1301306853199
5,2025-12-24,13,0.24634763017843397,91.68544152516654
5,2025-12-24,14,0.23625254845364907,91.81903398770353
5,2025-12-24,15,-0.6375516515262802,99.73585895214808
5,2025-12-24,16,-0.29294017250077786,112.0932171813498
5,2025-12-24,17,0.2942573745000914,134.12735863053567
5,2025-12-24,18,0.054796686496842995,143.03704612450943
5,2025-12-24,19,0.008120561481860022,102.04295027415932
5,2025-12-24,20,0.03540763018116877,66.36409899590939
5,2025-12-24,21,-0.0014710202748347,41.38669810270725
5,2025-12-24,22,-0.08168636806277618,21.61616835933096
5,2025-12-24,23,-0.07259818599959544,9.27612678179378
5,2025-12-25,0,0.0596597977838087,2.501843639437693
5,2025-12-25,1,-0.023604292963398166,0.20627723039143533
5,2025-12-25,2,-0.02131927714702897,0.0002896391266075416
5,2025-12-25,3,-0.019673056854060178,0.0385349842167668
5,2025-12-25,4,0.028246057398121138,0.2878380157432298
5,2025-12-25,5,-0.12004570799865633,10.73081162678296
5,2025-12-25,6,-0.7457019931565583,46.765106127727336
5,2025-12-25,7,-0.6169347042130084,107.39167356848361
5,2025-12-25,8,-0.25043967279390245,150.95997341241642
5,2025-12-25,9,0.06926820197674033,112.06707982741631
5,2025-12-25,10,0.4817871076820097,93.43537457998997
5,2025-12-25,11,1.1098017038144121,90.01841205074564
5,2025-12-25,12,1.1177975427829097,91.28318140497339
5,2025-12-25,13,1.1215589313924283,92.68101885473715
5,2025-12-25,14,1.1611460676552383,93.00538568547641
5,2025-12-25,15,2.047576076429607,100.81974050217889
5,2025-12-25,16,-0.32532641754227143,111.33699903506984
5,2025-12-25,17,0.4477613723364584,132.07000935409022
5,2025-12-25,18,0.1657085531595044,139.41257585231153
5,2025-12-25,19,0.29501492199727863,100.72062000857869
5,2025-12-25,20,0.30072423217785627,66.25467901837224
5,2025-12-25,21,0.2691075215232672,41.43869782674321
5,2025-12-25,22,0.21322897286256648,21.883037141139763
5,2025-12-25,23,0.21202383122295032,9.645191617271989
5,2025-12-26,0,-0.019608230304640983,2.637930990676511
5,2025-12-26,1,0.0029719819963247573,0.22664320961649065
5,2025-12-26,2,-0.001764266219709043,0.00023817873787612595
5,2025-12-26,3,0.015098202365663838,0.00842317697977123
5,2025-12-26,4,0.06149339575091517,0.21905163400541652
5,2025-12-26,5,-0.08378106820572384,10.538937149767342
5,2025-12-26,6,-0.8083941544827553,46.13957808328432
5,2025-12-26,7,-0.7666310667106586,104.0278861027728
5,2025-12-26,8,-0.5148223003727708,148.04946441618702
5,2025-12-26,9,-0.36522789102804154,109.21152253432277
5,2025-12-26,10,0.11460493920952786,92.78822749603351
5,2025-12-26,11,0.355896417555698,90.18733068640631
5,2025-12-26,12,0.3755866603150366,91.44880193856402
5,2025-12-26,13,0.4719692447526427,93.11661505748744
5,2025-12-26,14,0.3559160625312643,95.06197072933313
5,2025-12-26,15,-0.16125637258579673,103.38489971604379
5,2025-12-26,16,1.80386250000754,115.27512427689486
5,2025-12-26,17,-1.3516852680846796,127.98910332164745
5,2025-12-26,18,-0.5978080161390267,125.04284153944471
5,2025-12-26,19,-1.0129417357363195,93.58387082746991
5,2025-12-26,20,-1.3533617396220734,62.93661182791979
5,2025-12-26,21,-0.15276363838148654,40.60995384630335
5,2025-12-26,22,0.02164550984230118,22.064929022149272
5,2025-12-26,23,0.03670378900949345,10.303198153412353
5,2025-12-27,0,-0.01782489845203372,3.6884844287002796
5,2025-12-27,1,-0.004170299358463581,0.42157436881263843
5,2025-12-27,2,-0.014980392631173345,0.0049300346804337985
5,2025-12-27,3,0.0064529234560382065,0.0007856807551194327
5,2025-12-27,4,-0.12678021420634877,0.13500410039243269
5,2025-12-27,5,-0.28007662906560427,5.322255541140697
5,2025-12-27,6,0.04550932857648604,19.791013669808112
5,2025-12-27,7,0.14357872772529845,31.12184353050334
5,2025-12-27,8,0.425635143416514,42.57702502149709
5,2025-12-27,9,1.3243634146283512,52.19331298137439
5,2025-12-27,10,-0.356010493432791,58.666192533194405
5,2025-12-27,11,0.1864382371596207,65.91583981074207
5,2025-12-27,12,0.5712482367893017,70.51555229125086
5,2025-12-27,13,0.23314113665423974,74.30854958096712
5,2025-12-27,14,0.14705188197871166,74.5550527295928
5,2025-12-27,15,-0.08745260049823855,73.92493728497807
5,2025-12-27,16,0.024869050045310814,72.05188236136625
5,2025-12-27,17,0.0021392002703350954,69.88469395097744
5,2025-12-27,18,0.21199886676220103,65.62198035609053
5,2025-12-27,19,0.09518313330517003,56.660689178452756
5,2025-12-27,20,0.07916689153847756,42.65606611675751
5,2025-12-27,21,0.01962497907783245,31.9735634434538
5,2025-12-27,22,0.11394827859743373,19.727467896514284
5,2025-12-27,23,0.140847697375591,10.763478127700822
5,2025-12-28,0,-0.015289936927160852,3.7706545144889554
5,2025-12-28,1,0.0019297153155548585,0.44128267096679974
5,2025-12-28,2,-0.004398150162955972,0.0003822289563214056
5,2025-12-28,3,0.014862880551277158,0.0004586668258176733
5,2025-12-28,4,-0.08052632654988656,0.044649549356218426
5,2025-12-28,5,-0.10202180907975844,3.85745291164135
5,2025-12-28,6,0.3908261987268702,13.867822898623606
5,2025-12-28,7,0.5036710774805329,20.07740751193829
5,2025-12-28,8,0.013903650840120463,30.638524991684715
5,2025-12-28,9,0.8301474093700563,40.56328766502453
5,2025-12-28,10,-0.499373464606208,48.63536753304164
5,2025-12-28,11,0.04043227794250015,56.73274446711673
5,2025-12-28,12,0.049142544573385294,61.303346955821276
5,2025-12-28,13,0.05881122106518433,66.20146633117895
5,2025-12-28,14,-0.035875153268591475,66.51042656655665
5,2025-12-28,15,-0.05902884978587508,65.20731631636642
5,2025-12-28,16,0.07071273945871326,62.46407918170902
5,2025-12-28,17,0.2535247795934765,60.178845304531855
5,2025-12-28,18,0.44804652486038776,55.964159200534944
5,2025-12-28,19,0.004242162060052124,47.83956563292079
5,2025-12-28,20,-0.08667067046542343,36.65415525849785
5,2025-12-28,21,-0.052284993856403617,27.373054791677163
5,2025-12-28,22,0.09040438418770691,16.15003363719278
5,2025-12-28,23,-0.2287080938018562,8.24141259046695
5,2025-12-29,0,-0.008396687377569378,2.223731057052116
5,2025-12-29,1,0.007457487396948181,0.20965791015639162
5,2025-12-29,2,0.0007372897837853998,0.000904392562563093
5,2025-12-29,3,-0.0050040020186656875,0.05878029870072498
5,2025-12-29,4,0.06774439673580446,0.373149344982009
5,2025-12-29,5,-0.021541514259354244,9.855591393525247
5,2025-12-29,6,-0.36653005452882326,43.10577464161269
5,2025-12-29,7,-0.4037189294110135,98.49401012467942
5,2025-12-29,8,-0.1290579354782153,141.01410426048412
5,2025-12-29,9,-0.04542575391462833,103.50645610078485
5,2025-12-29,10,0.3204081558785674,85.2658924041747
5,2025-12-29,11,0.4629667088639735,81.98943743234149
5,2025-12-29,12,0.571408283888843,83.37862527255254
5,2025-12-29,13,0.6588029376716804,83.95903896713256
5,2025-12-29,14,0.6062548114252309,83.97744621284471
5,2025-12-29,15,0.5866656088260811,91.63198540879652
5,2025-12-29,16,-0.5290122509880462,101.7514759244519
5,2025-12-29,17,-0.04821202104466238,121.70845772532994
5,2025-12-29,18,-1.6679899333175854,129.25650725278905
5,2025-12-29,19,0.0455015394121574,93.82764709082896
5,2025-12-29,20,0.0024858098079221236,60.564962080557855
5,2025-12-29,21,-0.056312996060228215,36.722968291006765
5,2025-12-29,22,0.12038257674504393,18.224088364504336
5,2025-12-29,23,-0.14350960786714495,7.735439297758183
5,2025-12-30,0,-0.004543645407352415,2.096181570629438
5,2025-12-30,1,0.008969342074351516,0.18456630350396777
5,2025-12-30,2,0.005247057119333931,0.0032840073402767896
5,2025-12-30,3,-0.0015379863043563091,0.0
5,2025-12-30,4,0.06493527163769386,0.1828211424769102
5,2025-12-30,5,-0.11389156420705149,9.423436896204832
5,2025-12-30,6,-0.40436392865427706,42.64617511577069
5,2025-12-30,7,-0.4588518682301128,96.95409289899159
5,2025-12-30,8,-0.13359415806036168,139.17133573427205
5,2025-12-30,9,-0.037397091094931056,102.78293663591296
5,2025-12-30,10,-1.2462047992333396,85.29438658693337
5,2025-12-30,11,-0.9879131177179943,81.98484857051302
5,2025-12-30,12,-0.9944555195056637,83.1712802881267
5,2025-12-30,13,-0.9065148807405308,84.04396373229211
5,2025-12-30,14,-0.9462057519286304,83.8334963115203
5,2025-12-30,15,-0.8847572956538556,90.8187422821142
5,2025-12-30,16,-2.094083727029499,100.84667841490577
5,2025-12-30,17,-1.6089411712311517,118.90423941637731
5,2025-12-30,18,-3.3527802062593537,124.94517428648092
5,2025-12-30,19,-1.5791966538510565,91.43043243281325
5,2025-12-30,20,0.025002598275534638,59.72111470115172
5,2025-12-30,21,-0.018403443767681438,37.06514454088885
5,2025-12-30,22,0.16315762402200562,19.279872417536694
5,2025-12-30,23,-0.17811584986179696,8.159164077139932
5,2025-12-31,0,0.13644330210343014,2.5114034769793623
5,2025-12-31,1,0.12387146366108936,0.113289524753372
5,2025-12-31,2,0.10088703525963183,0.0
5,2025-12-31,3,0.48951460066552954,0.0
5,2025-12-31,4,0.5090208577656199,0.0
5,2025-12-31,5,1.8553370880047737,0.9388683657054417
5,2025-12-31,6,0.19226829233315357,11.640414729742034
5,2025-12-31,7,-0.094908601385157,21.158116961373533
5,2025-12-31,8,-5.402154901015194,29.720246211788375
5,2025-12-31,9,-3.2586632205980663,33.75684884816005
5,2025-12-31,10,-2.2129589215421674,33.71009457678306
5,2025-12-31,11,-1.9625925180453692,40.7992253792638
5,2025-12-31,12,-1.9778091776554447,42.425302530504666
5,2025-12-31,13,-1.9247023438301198,46.31232388188016
5,2025-12-31,14,-1.8445118532034144,45.61084181633169
5,2025-12-31,15,-2.451484312010791,45.695730741610895
5,2025-12-31,16,-2.463950955034136,47.0323307836308
5,2025-12-31,17,-3.0689238411241035,49.28120754108462
5,2025-12-31,18,-4.963697129664695,38.34069625943252
5,2025-12-31,19,-3.0612297882373127,32.4659779543892
5,2025-12-31,20,-1.7691332960744148,23.868840877205137
5,2025-12-31,21,-1.7649720656423256,17.143912559269292
5,2025-12-31,22,0.8180298377518511,7.663354023122622
5,2025-12-31,23,0.7869253574218646,5.855281670132004
7,2025-11-01,0,85.24296676925559,88.9114731463748
7,2025-11-01,1,29.641715874217198,30.917373301857793
7,2025-11-01,2,17.030326476620928,17.763241620846518
7,2025-11-01,3,19.354560527130673,20.187501136909248
7,2025-11-01,4,12.198799122058006,12.72378521848991
7,2025-11-01,5,163.59750342066343,170.63806649965687
7,2025-11-01,6,520.6005388340193,543.0050429125084
7,2025-11-01,7,1293.689976302917,1349.365067257097
7,2025-11-01,8,1898.4051206389925,1980.1046620248715
7,2025-11-01,9,1437.468344229642,1499.3310642589427
7,2025-11-01,10,1217.3926514170278,1269.784219594969
7,2025-11-01,11,1151.9948753068024,1201.5719924185437
7,2025-11-01,12,1198.7782888925226,1250.3687715356066
7,2025-11-01,13,1224.8396257050867,1277.5516810000465
7,2025-11-01,14,1220.9600525497972,1273.5051469868692
7,2025-11-01,15,1345.6248808701675,1403.535036320821
7,2025-11-01,16,1464.390081501252,1527.4114022762467
7,2025-11-01,17,1682.5495835645766,1754.9595912293041
7,2025-11-01,18,1715.8549654288336,1789.6982996235042
7,2025-11-01,19,1190.4112058099756,1241.6416036412618
7,2025-11-01,20,730.8244413231789,762.2761167535515
7,2025-11-01,21,478.7631261912649,499.36712025820583
7,2025-11-01,22,250.08206786387515,260.84457057269304
7,2025-11-01,23,131.54657263877453,137.20779559831576
7,2025-11-02,0,84.17146713546015,82.9896148409616
7,2025-11-02,1,16.933688092232558,16.695922031984136
7,2025-11-02,2,-0.7604518773457016,0.0
7,2025-11-02,3,3.3712362451753393,3.323900688041173
7,2025-11-02,4,-4.965074197612012,0.0
7,2025-11-02,5,10.938255504184895,10.784671364506922
7,2025-11-02,6,93.11837970624305,91.81090373533357
7,2025-11-02,7,180.4335966928325,177.90012700870705
7,2025-11-02,8,323.4060924710401,318.86514474315277
7,2025-11-02,9,379.5785653094987,374.24889940701956
7,2025-11-02,10,446.71308675770985,440.4407844617609
7,2025-11-02,11,564.4624337895764,556.5368118985043
7,2025-11-02,12,632.1767824592685,623.3003828157193
7,2025-11-02,13,707.5545664968192,697.619786738835
7,2025-11-02,14,707.3944223122794,697.4618911401686
7,2025-11-02,15,693.9352955697012,684.1917441120235
7,2025-11-02,16,660.1026639928788,650.8341568063629
7,2025-11-02,17,612.136719328547,603.5417023838978
7,2025-11-02,18,556.5657505379706,548.7510060443998
7,2025-11-02,19,466.1487448559956,459.6035463174092
7,2025-11-02,20,369.58860269782446,364.39920594635777
7,2025-11-02,21,282.4787957543713,278.512508551937
7,2025-11-02,22,164.51866481302966,162.2086568244056
7,2025-11-02,23,105.92236477328902,104.43510793785141
7,2025-11-03,0,79.24128316284833,80.70910502303558
7,2025-11-03,1,19.61278550293349,19.97608193316932
7,2025-11-03,2,2.331617277530711,2.37480687104747
7,2025-11-03,3,1.343010762941958,1.367887954194171
7,2025-11-03,4,-0.2851219923895769,0.0
7,2025-11-03,5,48.428096707498526,49.32515208264236
7,2025-11-03,6,183.8917601206549,187.2980697441209
7,2025-11-03,7,401.84549120882866,409.28905563473313
7,2025-11-03,8,665.2285736223026,677.5509011189097
7,2025-11-03,9,694.0633310892034,706.9197777425653
7,2025-11-03,10,734.1546083606547,747.7536837402695
7,2025-11-03,11,843.0593556461766,858.6757225481326
7,2025-11-03,12,906.1033784423037,922.8875380795707
7,2025-11-03,13,967.4736485733582,985.3945972739577
7,2025-11-03,14,982.7220011830159,1000.9254019641338
7,2025-11-03,15,994.6088024895869,1013.032387827404
7,2025-11-03,16,1002.8847571795106,1021.4616417412036
7,2025-11-03,17,1076.5662256788803,1096.5079451578954
7,2025-11-03,18,1092.7722950173088,1113.0142067937377
7,2025-11-03,19,858.4227611615331,874.3237113206281
7,2025-11-03,20,613.0223019780267,624.3775892690775
7,2025-11-03,21,451.3213450341538,459.6813729106437
7,2025-11-03,22,236.41901656108058,240.79831213557503
7,2025-11-03,23,153.27626072731863,156.11546571193452
7,2025-11-04,0,74.43174254965908,76.04697083186659
7,2025-11-04,1,17.184073724652364,17.556981854071466
7,2025-11-04,2,1.4130099569621848,1.4436734019836879
7,2025-11-04,3,0.9529331634084315,0.9736125744213316
7,2025-11-04,4,-0.4553176507935177,0.0
7,2025-11-04,5,20.398271694078915,20.840930487488823
7,2025-11-04,6,155.417133810976,158.78980978861597
7,2025-11-04,7,369.3930099650469,377.40913341596877
7,2025-11-04,8,618.1339300094298,631.5479301623509
7,2025-11-04,9,661.9306430007034,676.2950668178835
7,2025-11-04,10,710.9145869409523,726.3420014784365
7,2025-11-04,11,817.5184115739679,835.259214279462
7,2025-11-04,12,878.1201280568808,897.1760364291301
7,2025-11-04,13,941.1931002630541,961.6177425257176
7,2025-11-04,14,943.7062183930115,964.1853973270061
7,2025-11-04,15,941.7917994578661,962.2294339714009
7,2025-11-04,16,950.496301381344,971.1228305412717
7,2025-11-04,17,1002.0015001274018,1023.7457332513318
7,2025-11-04,18,1002.3708189343988,1024.1230665715161
7,2025-11-04,19,788.7960024672836,805.9135059467613
7,2025-11-04,20,591.5402121683153,604.3771073964476
7,2025-11-04,21,430.582666743077,439.926654634906
7,2025-11-04,22,219.40750556458295,224.16882373579293
7,2025-11-04,23,155.28420005076896,158.65399125960207
7,2025-11-05,0,54.988860213692305,55.90743835188481
7,2025-11-05,1,10.07135174292057,10.239591700925558
7,2025-11-05,2,-0.3403318390148229,0.0
7,2025-11-05,3,-0.11170788779804752,0.0
7,2025-11-05,4,-6.362461436430351,0.0
7,2025-11-05,5,176.44543139472592,179.39291776256997
7,2025-11-05,6,600.7404742058952,610.7757261494429
7,2025-11-05,7,1559.920612535601,1585.9787807977295
7,2025-11-05,8,2385.6200393243557,2425.47135476609
7,2025-11-05,9,1725.1693756086165,1753.9879920875717
7,2025-11-05,10,1476.8335311737865,1501.5037460175572
7,2025-11-05,11,1399.8030455676608,1423.1864812387562
7,2025-11-05,12,1429.4467983942864,1453.3254271494845
7,2025-11-05,13,1459.7088228565253,1484.0929728023873
7,2025-11-05,14,1465.2876991217854,1489.7650431028217
7,2025-11-05,15,1599.7789081571373,1626.5029014398476
7,2025-11-05,16,1771.1632507523418,1800.7501859059087
7,2025-11-05,17,2174.5353837350985,2210.8605713542397
7,2025-11-05,18,2311.406609398814,2350.018204031189
7,2025-11-05,19,1589.5165051085723,1616.0690669586418
7,2025-11-05,20,985.0548077241833,1001.5099553264524
7,2025-11-05,21,610.8868698849054,621.0916153807103
7,2025-11-05,22,308.99843801374516,314.16019639156985
7,2025-11-05,23,168.35872424901345,171.1711237580801
7,2025-11-06,0,57.349699923634205,57.808956782451666
7,2025-11-06,1,10.986259155442099,11.074237207229666
7,2025-11-06,2,-0.2622149195053112,0.0
7,2025-11-06,3,-0.07873268333509031,0.0
7,2025-11-06,4,-6.65687869371817,0.0
7,2025-11-06,5,177.47092388508202,178.89211247270194
7,2025-11-06,6,580.223696737694,584.8701327736286
7,2025-11-06,7,1537.2550633234584,1549.5654142498497
7,2025-11-06,8,2349.433343657649,2368.2476247933128
7,2025-11-06,9,1706.2147096377737,1719.878090772458
7,2025-11-06,10,1450.2224181004271,1461.8358109030107
7,2025-11-06,11,1386.6480394762143,1397.7523281428198
7,2025-11-06,12,1416.6720305161361,1428.0167515447683
7,2025-11-06,13,1451.8571764629241,1463.483660423639
7,2025-11-06,14,1465.0984053859631,1476.8309252145236
7,2025-11-06,15,1601.620888590327,1614.4466815637843
7,2025-11-06,16,1770.9097795210826,1785.0912392963726
7,2025-11-06,17,2163.3386295205273,2180.662662686787
7,2025-11-06,18,2305.764851145038,2324.229434641005
7,2025-11-06,19,1571.4606369141145,1584.0449063492724
7,2025-11-06,20,976.200298232496,984.0177180819444
7,2025-11-06,21,602.1264518014274,606.9482852762922
7,2025-11-06,22,313.69577173616665,316.2078500023774
7,2025-11-06,23,169.972262114032,171.33340135780367
7,2025-11-07,0,61.58083004372412,62.32029987208273
7,2025-11-07,1,11.929333185725966,12.072582017497444
7,2025-11-07,2,0.163121082563066,0.1650798596506586
7,2025-11-07,3,0.23653202051025346,0.2393723247491512
7,2025-11-07,4,0.14573972603960783,0.14748978575986524
7,2025-11-07,5,176.16837039228744,178.28382084210605
7,2025-11-07,6,618.2881385593756,625.7126150299272
7,2025-11-07,7,1545.113367789432,1563.6672702954975
7,2025-11-07,8,2342.3444729823923,2370.4716200858525
7,2025-11-07,9,1713.4217355334608,1733.9967046558518
7,2025-11-07,10,1502.8374412048397,1520.8836894270473
7,2025-11-07,11,1455.1011779884548,1472.574203564231
7,2025-11-07,12,1490.6918973232985,1508.5923004303456
7,2025-11-07,13,1531.0741555528512,1549.4594735520902
7,2025-11-07,14,1572.4856990798578,1591.3682917498384
7,2025-11-07,15,1724.7430820467678,1745.453999225673
7,2025-11-07,16,1893.402597033893,1916.138797446396
7,2025-11-07,17,2123.8762811309,2149.3800365682278
7,2025-11-07,18,2081.1074523662032,2106.097634692495
7,2025-11-07,19,1477.9537019488175,1495.7011433120806
7,2025-11-07,20,956.8301249362382,968.3198532778758
7,2025-11-07,21,612.7138133781153,620.0713526982245
7,2025-11-07,22,301.8947203500348,305.5199075532781
7,2025-11-07,23,172.0611039846604,174.12723389782315
7,2025-11-08,0,85.02823520463335,88.68750041917879
7,2025-11-08,1,18.454029081489864,19.248214524990942
7,2025-11-08,2,0.9517227099713068,0.9926809375307698
7,2025-11-08,3,3.840846376859247,4.006140593626527
7,2025-11-08,4,-7.738124418057112,0.0
7,2025-11-08,5,29.99319946471786,31.28398329917035
7,2025-11-08,6,190.68536199927536,198.8916750011584
7,2025-11-08,7,344.68123348676096,359.51489485547285
7,2025-11-08,8,521.1768916529979,543.6061995841922
7,2025-11-08,9,599.3423965316381,625.135626015378
7,2025-11-08,10,624.3662331522734,651.236385550619
7,2025-11-08,11,726.8155421945588,758.0946911095372
7,2025-11-08,12,808.0156552968498,842.7893228100005
7,2025-11-08,13,862.7911938138111,899.9221750148295
7,2025-11-08,14,848.9388662213269,885.4737002674892
7,2025-11-08,15,852.9082547083644,889.6139148945576
7,2025-11-08,16,833.6293557783154,869.5053315183985
7,2025-11-08,17,817.4269040629324,852.6055929804705
7,2025-11-08,18,744.6745636954452,776.7222913770736
7,2025-11-08,19,620.4490841358513,647.1506585659316
7,2025-11-08,20,454.82956486836673,474.40355698127087
7,2025-11-08,21,331.252631337771,345.5083809503996
7,2025-11-08,22,178.26312280474002,185.9348337692889
7,2025-11-08,23,102.20015966219319,106.5984338151592
7,2025-11-09,0,85.05560733222188,83.86134081761095
7,2025-11-09,1,16.85205292110919,16.61543310100113
7,2025-11-09,2,-0.7584424137596102,0.0
7,2025-11-09,3,2.107033220823041,2.0774483492345865
7,2025-11-09,4,-10.823215514756498,0.0
7,2025-11-09,5,6.488739085973123,6.397630644619496
7,2025-11-09,6,103.89130538849798,102.4325666753632
7,2025-11-09,7,223.71048666758594,220.56936579884808
7,2025-11-09,8,357.89255582152884,352.8673833649181
7,2025-11-09,9,424.54682619984686,418.5857605591722
7,2025-11-09,10,494.98589207110695,488.03579090027677
7,2025-11-09,11,627.5072438050818,618.696409193966
7,2025-11-09,12,708.0383072238221,698.0967352581266
7,2025-11-09,13,778.0624894822977,767.1377073708246
7,2025-11-09,14,767.0305055540125,756.260623623827
7,2025-11-09,15,754.7747540638408,744.1769552458119
7,2025-11-09,16,723.827251848972,713.663987175902
7,2025-11-09,17,701.0284093048551,691.1852633761729
7,2025-11-09,18,645.2324862578014,636.1727713648488
7,2025-11-09,19,503.17820490946133,496.11307540355796
7,2025-11-09,20,385.97180661265605,380.55237315401376
7,2025-11-09,21,276.5201936655712,272.63757124635043
7,2025-11-09,22,140.0397394373528,138.07344025061462
7,2025-11-09,23,80.85074885872433,79.71552279813028
7,2025-11-10,0,58.46689442861191,59.54990296045521
7,2025-11-10,1,11.511167802911984,11.72439433159747
7,2025-11-10,2,-0.017351055576682484,0.0
7,2025-11-10,3,0.10489295700580215,0.10683593633586153
7,2025-11-10,4,0.9363037582920128,0.9536473331224723
7,2025-11-10,5,173.6377009446951,176.85407002690062
7,2025-11-10,6,625.5197751688212,637.106558766019
7,2025-11-10,7,1630.4971855162566,1660.6996168291887
7,2025-11-10,8,2428.619623920431,2473.606035444638
7,2025-11-10,9,1774.4980723906838,1807.3678967745516
7,2025-11-10,10,1505.2963304262605,1533.179610096512
7,2025-11-10,11,1432.3137815670002,1458.845172722175
7,2025-11-10,12,1469.64542597655,1496.8683279396514
7,2025-11-10,13,1499.0257128661565,1526.7928390724028
7,2025-11-10,14,1519.6422948118834,1547.791311220489
7,2025-11-10,15,1663.0301115995326,1693.8351649066435
7,2025-11-10,16,1826.544917174889,1860.3788286290157
7,2025-11-10,17,2230.929705327877,2272.254217745119
7,2025-11-10,18,2394.699188859255,2439.05727693762
7,2025-11-10,19,1640.9540013470048,1671.3501289537335
7,2025-11-10,20,1032.3820485661663,1051.5053246978275
7,2025-11-10,21,625.6408091257945,637.2298346893107
7,2025-11-10,22,299.57045857295304,305.11953665711326
7,2025-11-10,23,159.74772146231817,162.7068002192284
7,2025-11-11,0,55.219851048132796,56.41816593499337
7,2025-11-11,1,10.612247818565208,10.84254207511718
7,2025-11-11,2,0.03441909181918845,0.03516601361155625
7,2025-11-11,3,0.029579480801544378,0.0302213791681155
7,2025-11-11,4,1.0573754513113727,1.0803213434182326
7,2025-11-11,5,178.2630642838625,182.13151520602338
7,2025-11-11,6,646.0987484215493,660.1196074771209
7,2025-11-11,7,1683.7196436256193,1720.2577051371848
7,2025-11-11,8,2501.3489602699565,2555.630231215653
7,2025-11-11,9,1833.393489332899,1873.1795928815277
7,2025-11-11,10,1580.0146811902998,1614.3022621596551
7,2025-11-11,11,1501.8150474660692,1534.4056339042893
7,2025-11-11,12,1530.7095041906878,1563.9271234256946
7,2025-11-11,13,1563.090537571175,1597.010851102078
7,2025-11-11,14,1572.4792749311082,1606.6033315640605
7,2025-11-11,15,1710.8347660002985,1747.9612473316186
7,2025-11-11,16,1885.3097523206502,1926.2224802557548
7,2025-11-11,17,2294.5286192253416,2344.321723526704
7,2025-11-11,18,2464.1148620457834,2517.5881233110126
7,2025-11-11,19,1678.2675838235352,1714.6873312813523
7,2025-11-11,20,1072.3476982099055,1095.61850003687
7,2025-11-11,21,662.8437865561607,677.2280263180703
7,2025-11-11,22,330.00978472101224,337.17126071804347
7,2025-11-11,23,181.28767974152709,185.22176723570243
7,2025-11-12,0,55.832121620260466,56.7647862750646
7,2025-11-12,1,10.470702527948106,10.645613562588812
7,2025-11-12,2,0.07142564823629982,0.07261879969863465
7,2025-11-12,3,0.04066156717726699,0.04134081069183583
7,2025-11-12,4,1.102489756164232,1.1209066315760534
7,2025-11-12,5,182.84757670949864,185.90200966072027
7,2025-11-12,6,645.167836184263,655.9452385068566
7,2025-11-12,7,1683.2530023717877,1711.371414046751
7,2025-11-12,8,2518.485827926166,2560.5566403396333
7,2025-11-12,9,1843.3296994704624,1874.1221610132986
7,2025-11-12,10,1595.3663482225386,1622.0166305559105
7,2025-11-12,11,1519.9999651083,1545.3912667751454
7,2025-11-12,12,1550.937478116551,1576.8455848779006
7,2025-11-12,13,1584.3551722608304,1610.8215150567232
7,2025-11-12,14,1594.3771380240457,1621.0108957948266
7,2025-11-12,15,1731.5252262215588,1760.450015939966
7,2025-11-12,16,1905.0335924324045,1936.856805420096
7,2025-11-12,17,2308.530613957587,2347.0941656494897
7,2025-11-12,18,2482.194662966722,2523.659238578558
7,2025-11-12,19,1686.364458524335,1714.5348464648287
7,2025-11-12,20,1072.0649030819097,1089.9735372828654
7,2025-11-12,21,673.1866435420545,684.432094553002
7,2025-11-12,22,343.4222487320681,349.1590501247188
7,2025-11-12,23,191.78448298830438,194.9882052082776
7,2025-11-13,0,57.74032362241945,58.202708598962424
7,2025-11-13,1,11.041946041560948,11.130370034380993
7,2025-11-13,2,0.008081776016126696,0.008146494943545234
7,2025-11-13,3,-0.11352016991793334,0.0
7,2025-11-13,4,0.9030219137377458,0.9102533204948651
7,2025-11-13,5,184.19812413971613,185.67318420114833
7,2025-11-13,6,635.5812293029676,640.6709689054712
7,2025-11-13,7,1664.4295039787917,1677.7582688500686
7,2025-11-13,8,2495.098483249793,2515.0792519963315
7,2025-11-13,9,1839.4019136301865,1854.1318589669797
7,2025-11-13,10,1586.4795036790326,1599.1840443201888
7,2025-11-13,11,1520.050933890819,1532.2235140101711
7,2025-11-13,12,1552.4408742860212,1564.8728333088898
7,2025-11-13,13,1589.6563909911467,1602.3863721714813
7,2025-11-13,14,1602.4807237235066,1615.3134022636343
7,2025-11-13,15,1740.8016452403144,1754.7419988338277
7,2025-11-13,16,1907.6328248064617,1922.9091638294085
7,2025-11-13,17,2303.3062052947134,2321.7510999349115
7,2025-11-13,18,2456.5867169919684,2476.2590832041847
7,2025-11-13,19,1678.5231120281228,1691.9647386261527
7,2025-11-13,20,1070.2595365795928,1078.8301835671705
7,2025-11-13,21,670.9158842198397,676.2885840234626
7,2025-11-13,22,340.81662388393886,343.5458861525494
7,2025-11-13,23,192.6545640231625,194.19734332327985
7,2025-11-14,0,61.7571719281932,62.49875929057901
7,2025-11-14,1,11.725483526734308,11.866284507896458
7,2025-11-14,2,0.15377217986059577,0.15561869422825053
7,2025-11-14,3,-0.010580126562842906,0.0
7,2025-11-14,4,1.1105363663357934,1.1238718172483135
7,2025-11-14,5,176.84559064957494,178.96917323965639
7,2025-11-14,6,629.4937916996333,637.052826967109
7,2025-11-14,7,1591.3756585084102,1610.4850840263146
7,2025-11-14,8,2401.6201975979384,2430.4591345534704
7,2025-11-14,9,1759.1615602674208,1780.2857785688366
7,2025-11-14,10,1546.2834546804045,1564.8514077270654
7,2025-11-14,11,1492.3885003274595,1510.3092764423304
7,2025-11-14,12,1527.6360660552887,1545.980099072678
7,2025-11-14,13,1568.922006332999,1587.7618057625837
7,2025-11-14,14,1610.8587096765443,1630.2020899575296
7,2025-11-14,15,1764.6022275130053,1785.7917779846985
7,2025-11-14,16,1936.5110907123142,1959.7649429719672
7,2025-11-14,17,2172.340243397065,2198.4259597763466
7,2025-11-14,18,2139.013833522805,2164.699362464339
7,2025-11-14,19,1513.0623605169822,1531.2313907693015
7,2025-11-14,20,986.9713694332183,998.8230373732483
7,2025-11-14,21,634.6352874393039,642.2560623905321
7,2025-11-14,22,324.262271570007,328.15605095120065
7,2025-11-14,23,194.22687094307042,196.55916998510872
7,2025-11-15,0,87.010011488987,90.75456419659747
7,2025-11-15,1,18.87258080174456,19.684778988268356
7,2025-11-15,2,1.0903175167916856,1.1372402942949869
7,2025-11-15,3,3.7859532098980253,3.948885050733428
7,2025-11-15,4,-5.154586445984137,0.0
7,2025-11-15,5,46.82682295202085,48.84205664378951
7,2025-11-15,6,210.75200652415603,219.82190529970387
7,2025-11-15,7,378.0804820975451,394.351509634557
7,2025-11-15,8,567.1169564945174,591.5233356988476
7,2025-11-15,9,648.4509939664623,676.3576553225196
7,2025-11-15,10,667.4218818786032,696.1449721545231
7,2025-11-15,11,770.6400469309069,803.805222121045
7,2025-11-15,12,844.3561360028846,880.6937482057895
7,2025-11-15,13,901.9338453981807,940.749365188093
7,2025-11-15,14,889.1215670762092,927.3856991503841
7,2025-11-15,15,890.1346755373131,928.4424076290746
7,2025-11-15,16,865.8639667487002,903.1271874474076
7,2025-11-15,17,854.3390494626458,891.1062851650295
7,2025-11-15,18,791.3877609593007,825.4458323508327
7,2025-11-15,19,645.2785093342735,673.0486400116649
7,2025-11-15,20,470.1549317500497,490.38846456487863
7,2025-11-15,21,348.27100490734153,363.25915526028183
7,2025-11-15,22,193.59932475149247,201.93104271456292
7,2025-11-15,23,114.3744286965001,119.29663327190218
7,2025-11-16,0,84.58431430757827,83.3966652223827
7,2025-11-16,1,16.279685759258086,16.051102551395847
7,2025-11-16,2,-1.1407799263284346,0.0
7,2025-11-16,3,1.640372820145103,1.6173403312590346
7,2025-11-16,4,-8.740000999753818,0.0
7,2025-11-16,5,19.555379974221182,19.280802715693298
7,2025-11-16,6,128.9730213124846,127.16211001018705
7,2025-11-16,7,251.9919470170365,248.45372592011827
7,2025-11-16,8,396.23654560689806,390.67298485969076
7,2025-11-16,9,466.54476369997127,459.9940046573882
7,2025-11-16,10,533.2160141607662,525.729123516635
7,2025-11-16,11,658.2585270715294,649.0159134273985
7,2025-11-16,12,733.0209978916105,722.7286437512267
7,2025-11-16,13,805.7540051843974,794.440406262615
7,2025-11-16,14,797.2652673575855,786.0708588766904
7,2025-11-16,15,782.447371577277,771.4610212985684
7,2025-11-16,16,748.8554283117658,738.3407427975684
7,2025-11-16,17,730.5669742173377,720.3090770444858
7,2025-11-16,18,674.492348024794,665.0217951609364
7,2025-11-16,19,525.0476355164933,517.6754371472101
7,2025-11-16,20,403.4966910091334,397.8311904978464
7,2025-11-16,21,294.8118272906853,290.67237188630133
7,2025-11-16,22,153.81762513311867,151.6578705347423
7,2025-11-16,23,89.92236567311141,88.65976496274868
7,2025-11-17,0,58.27087657425818,59.35025417939102
7,2025-11-17,1,11.018623342637909,11.22272624917787
7,2025-11-17,2,-0.21872153885595935,0.0
7,2025-11-17,3,-0.27079067838855053,0.0
7,2025-11-17,4,0.30836723409487377,0.3140792588009823
7,2025-11-17,5,175.20204251090934,178.44738859419357
7,2025-11-17,6,610.7648124738275,622.0782832733837
7,2025-11-17,7,1616.0927628868849,1646.0283746131715
7,2025-11-17,8,2432.5290652158037,2477.5878930761105
7,2025-11-17,9,1774.5594656521664,1807.4304272509767
7,2025-11-17,10,1500.691886730336,1528.4898762230296
7,2025-11-17,11,1428.3626406698122,1454.8208430684438
7,2025-11-17,12,1459.0754866659681,1486.1025968982738
7,2025-11-17,13,1490.6785543895235,1518.2910624321887
7,2025-11-17,14,1516.2892208327403,1544.3761267468037
7,2025-11-17,15,1652.255343791836,1682.8608112379497
7,2025-11-17,16,1817.6714902394353,1851.3410352230715
7,2025-11-17,17,2221.4343986444783,2262.583025233491
7,2025-11-17,18,2394.9613799238277,2439.3243246849815
7,2025-11-17,19,1640.4215268446342,1670.8077911871226
7,2025-11-17,20,1031.804618835336,1050.9171989768793
7,2025-11-17,21,623.0323499353997,634.5730578383702
7,2025-11-17,22,302.6511140730775,308.25725652200197
7,2025-11-17,23,161.2833382615393,164.27086193777444
7,2025-11-18,0,54.485997188362376,55.668386860137225
7,2025-11-18,1,10.396874767702798,10.622495256974013
7,2025-11-18,2,0.0014471861345555226,0.0014785912299366108
7,2025-11-18,3,-0.018065059787318205,0.0
7,2025-11-18,4,0.7792792893445153,0.7961902725456415
7,2025-11-18,5,177.0722631725729,180.914872759202
7,2025-11-18,6,643.8807942508568,657.853521928841
7,2025-11-18,7,1678.107384117541,1714.5236551137427
7,2025-11-18,8,2504.56981305789,2558.9209790824557
7,2025-11-18,9,1835.2309949685427,1875.0569738575805
7,2025-11-18,10,1580.2922099224788,1614.5858134870602
7,2025-11-18,11,1500.7406287493834,1533.307899443021
7,2025-11-18,12,1528.4256202993924,1561.5936774291988
7,2025-11-18,13,1560.455415442788,1594.3185447181163
7,2025-11-18,14,1569.4743768831513,1603.5332248276334
7,2025-11-18,15,1707.715564354993,1744.774356518455
7,2025-11-18,16,1883.5168583641507,1924.390679067927
7,2025-11-18,17,2293.3372195571783,2343.1044695338464
7,2025-11-18,18,2470.4933491807365,2524.105028713027
7,2025-11-18,19,1678.6204447527773,1715.047849574685
7,2025-11-18,20,1074.8133615389816,1098.1376702301832
7,2025-11-18,21,665.9783382985261,680.4306003376641
7,2025-11-18,22,334.4236075802431,341.6808670598406
7,2025-11-18,23,184.84772461510534,188.85906792741358
7,2025-11-19,0,55.25016557448123,56.173108767539034
7,2025-11-19,1,10.32264786332297,10.495085673793298
7,2025-11-19,2,-0.01729156144432409,0.0
7,2025-11-19,3,-0.06256521447841124,0.0
7,2025-11-19,4,0.7968440463184834,0.8101551700197662
7,2025-11-19,5,178.11028459654392,181.085582010999
7,2025-11-19,6,633.6379520460451,644.2227499126799
7,2025-11-19,7,1666.4233118924462,1694.2605868846924
7,2025-11-19,8,2506.588645341423,2548.460717650332
7,2025-11-19,9,1830.6712091689994,1861.2522131110006
7,2025-11-19,10,1579.6091492866815,1605.9962106984817
7,2025-11-19,11,1505.8244515964793,1530.9789540869276
7,2025-11-19,12,1535.4800016280017,1561.1298942725498
7,2025-11-19,13,1568.54645753519,1594.748718848334
7,2025-11-19,14,1577.4323804535118,1603.7830793683574
7,2025-11-19,15,1713.9345700678005,1742.5655113209639
7,2025-11-19,16,1888.4240337723093,1919.969787336203
7,2025-11-19,17,2292.801430742327,2331.102229509783
7,2025-11-19,18,2473.383182683636,2514.700564243409
7,2025-11-19,19,1672.2432045266305,1700.1776996852816
7,2025-11-19,20,1067.1460064568555,1084.9724714532442
7,2025-11-19,21,669.2818455254334,680.4620676504177
7,2025-11-19,22,340.95075823608573,346.64627386413724
7,2025-11-19,23,190.3109282081209,193.4900349841434
7,2025-11-20,0,57.08702475368915,57.54417810763041
7,2025-11-20,1,10.92247187355997,11.009939116280556
7,2025-11-20,2,-0.03736720331323795,0.0
7,2025-11-20,3,-0.1348909863644394,0.0
7,2025-11-20,4,0.6766115295454256,0.6820298401226821
7,2025-11-20,5,178.53347858547983,179.96317611969712
7,2025-11-20,6,627.5058652488524,632.530937270981
7,2025-11-20,7,1652.7477908758444,1665.9830084945218
7,2025-11-20,8,2488.2637620839696,2508.1897983283734
7,2025-11-20,9,1831.572265746738,1846.2395112002296
7,2025-11-20,10,1576.1547401718515,1588.7766000236982
7,2025-11-20,11,1511.9543432950575,1524.0620858517182
7,2025-11-20,12,1542.1237976829848,1554.4731374733344
7,2025-11-20,13,1578.7179492809837,1591.3603353320175
7,2025-11-20,14,1590.7198342875795,1603.4583315303958
7,2025-11-20,15,1727.3277264210349,1741.1601807641398
7,2025-11-20,16,1895.3699316683806,1910.5480693443262
7,2025-11-20,17,2292.009203558944,2310.363631718269
7,2025-11-20,18,2448.66714515117,2468.27609136831
7,2025-11-20,19,1667.3959224897674,1680.7484424643683
7,2025-11-20,20,1068.8177461058672,1077.3768472237207
7,2025-11-20,21,670.4881923545465,675.8574671982681
7,2025-11-20,22,341.02322274512255,343.7541394590771
7,2025-11-20,23,193.9875301936903,195.54098389763544
7,2025-11-21,0,61.395436585650714,62.13268018762486
7,2025-11-21,1,11.580212436783881,11.719268985662886
7,2025-11-21,2,0.10154404095976588,0.10276339371103672
7,2025-11-21,3,0.06825663596163167,0.06907626965028195
7,2025-11-21,4,1.0413759798354931,1.0538809447169173
7,2025-11-21,5,175.00925115503497,177.1107827651301
7,2025-11-21,6,624.6972530976627,632.1986909671463
7,2025-11-21,7,1582.3149660443273,1601.315589704633
7,2025-11-21,8,2394.5990749588054,2423.3537014503645
7,2025-11-21,9,1752.194024636138,1773.2345759526545
7,2025-11-21,10,1540.6892803386343,1559.1900578838058
7,2025-11-21,11,1491.3286341250737,1509.2366832423027
7,2025-11-21,12,1524.0869518241568,1542.3883666616766
7,2025-11-21,13,1565.1821600329652,1583.977050949631
7,2025-11-21,14,1609.9442524246804,1629.2766517957527
7,2025-11-21,15,1764.1760854584804,1785.360518766412
7,2025-11-21,16,1937.5693402367558,1960.8359000807927
7,2025-11-21,17,2172.0634832064934,2198.1458762169527
7,2025-11-21,18,2141.7229716315355,2167.441032221163
7,2025-11-21,19,1515.0646023749046,1533.257675782244
7,2025-11-21,20,983.9379015130462,995.7531432145752
7,2025-11-21,21,631.5290778768841,639.1125530994414
7,2025-11-21,22,320.4620131240518,324.3101585561942
7,2025-11-21,23,190.33062182310863,192.616134248826
7,2025-11-22,0,87.6463021230241,91.4182381601588
7,2025-11-22,1,18.68922460089982,19.493531891346475
7,2025-11-22,2,0.9424391557113836,0.982997857312335
7,2025-11-22,3,3.657334629146021,3.8147312557392685
7,2025-11-22,4,-5.219542534740128,0.0
7,2025-11-22,5,44.12873057180025,46.02784947453665
7,2025-11-22,6,208.2171464597751,217.17795529319952
7,2025-11-22,7,381.6791016424131,398.10499895049844
7,2025-11-22,8,566.2578310272977,590.6272370082091
7,2025-11-22,9,646.8872281972733,674.7265915120491
7,2025-11-22,10,666.5154143313069,695.1994939755707
7,2025-11-22,11,772.5554526546027,805.8030590220973
7,2025-11-22,12,848.2863200259214,884.7930711701163
7,2025-11-22,13,906.3360203674854,945.3409916460091
7,2025-11-22,14,888.2384202853048,926.464545357176
7,2025-11-22,15,893.9806218528036,932.4538676416965
7,2025-11-22,16,871.7772877883411,909.2949934817178
7,2025-11-22,17,862.9531964016833,900.0911495271811
7,2025-11-22,18,804.0166614116157,838.6182286902714
7,2025-11-22,19,649.3876591258129,677.334630694437
7,2025-11-22,20,470.4397607642287,490.685551447296
7,2025-11-22,21,347.58517781028945,362.54381298826
7,2025-11-22,22,192.86580248271605,201.16595266696845
7,2025-11-22,23,112.25762705400382,117.08873320077407
7,2025-11-23,0,88.75500489489883,87.50879510727026
7,2025-11-23,1,17.162748957679753,16.9217666518481
7,2025-11-23,2,-0.8392138540764336,0.0
7,2025-11-23,3,1.4043990291354476,1.384679850279932
7,2025-11-23,4,-8.756237093367872,0.0
7,2025-11-23,5,16.48608872895545,16.254607415219215
7,2025-11-23,6,115.18604406353052,113.5687158274477
7,2025-11-23,7,231.43090070261388,228.1813774339619
7,2025-11-23,8,379.34719825339687,374.0207809777438
7,2025-11-23,9,446.7796152017695,440.506378779365
7,2025-11-23,10,521.6423150796069,514.3179308438871
7,2025-11-23,11,659.2376563902914,649.9812947829685
7,2025-11-23,12,732.9990117702431,722.7069663371788
7,2025-11-23,13,807.7883012323719,796.446138742271
7,2025-11-23,14,793.598032346075,782.4551155435399
7,2025-11-23,15,786.0633482388832,775.026226000747
7,2025-11-23,16,753.3297801318615,742.7522702052482
7,2025-11-23,17,739.443841783112,729.0613044363674
7,2025-11-23,18,690.2082559481244,680.5170358858512
7,2025-11-23,19,534.6420647744475,527.1351509413757
7,2025-11-23,20,408.6389443523177,402.9012414175806
7,2025-11-23,21,302.1398590238091,297.8975106627892
7,2025-11-23,22,163.0899252183794,160.79997817470075
7,2025-11-23,23,101.23270489753276,99.81129561677375
7,2025-11-24,0,59.27896021789718,60.37701100889944
7,2025-11-24,1,11.336449607604266,11.546439752725416
7,2025-11-24,2,-0.04230815394498677,0.0
7,2025-11-24,3,-0.33468596947608376,0.0
7,2025-11-24,4,0.4999608327772762,0.5092218317199582
7,2025-11-24,5,168.11654963616633,171.2306479541869
7,2025-11-24,6,589.5222699057047,600.4422555532931
7,2025-11-24,7,1592.1025376672194,1621.593767682323
7,2025-11-24,8,2411.638315468373,2456.3101745930526
7,2025-11-24,9,1759.7457471517419,1792.3423075927503
7,2025-11-24,10,1506.1228605747428,1534.021450433972
7,2025-11-24,11,1438.4530493049278,1465.0981608723876
7,2025-11-24,12,1470.5162359740848,1497.7552683416852
7,2025-11-24,13,1504.1755858669815,1532.0381054826487
7,2025-11-24,14,1522.243031894639,1550.4402229237241
7,2025-11-24,15,1667.6010892944544,1698.4908128733637
7,2025-11-24,16,1833.7716062950303,1867.7393809558587
7,2025-11-24,17,2238.1313328543297,2279.589244251123
7,2025-11-24,18,2417.2294892045165,2462.0049161502416
7,2025-11-24,19,1639.9919568216342,1670.3702640457486
7,2025-11-24,20,1030.864920361305,1049.9600940461744
7,2025-11-24,21,621.4048814895924,632.9154430639552
7,2025-11-24,22,304.7536690969394,310.3987581164277
7,2025-11-24,23,165.23179200051425,168.29245465785465
7,2025-11-25,0,54.95589339132749,56.14848018614061
7,2025-11-25,1,10.36949198152439,10.594518242457454
7,2025-11-25,2,0.0035652609852263595,0.0036426299971495527
7,2025-11-25,3,-0.0039467226213218964,0.0
7,2025-11-25,4,0.8642747819228589,0.8830302352219557
7,2025-11-25,5,172.49093321582018,176.2341242820333
7,2025-11-25,6,630.7897552225229,644.4783968942183
7,2025-11-25,7,1654.4855038178855,1690.3891611383633
7,2025-11-25,8,2477.6597317571823,2531.426927517121
7,2025-11-25,9,1810.9844431871434,1850.2842525302083
7,2025-11-25,10,1563.0552567285833,1596.974804637014
7,2025-11-25,11,1483.5901430469912,1515.7852344981286
7,2025-11-25,12,1512.0179217812795,1544.8299187439507
7,2025-11-25,13,1545.8057572512025,1579.3509772391064
7,2025-11-25,14,1555.7125149971791,1589.472719543393
7,2025-11-25,15,1694.9702395937036,1731.752448026688
7,2025-11-25,16,1871.6949442263765,1912.3122199479847
7,2025-11-25,17,2282.1328347429294,2331.6569406171384
7,2025-11-25,18,2468.862377314665,2522.438663454361
7,2025-11-25,19,1668.3916028685287,1704.5970336489895
7,2025-11-25,20,1060.5147818766882,1083.5287999650527
7,2025-11-25,21,652.0759488905571,666.2265179719221
7,2025-11-25,22,321.52729051147594,328.50468960688465
7,2025-11-25,23,172.81414511504045,176.5643501377039
7,2025-11-26,0,55.185804534987255,56.10767258948789
7,2025-11-26,1,10.062465113816586,10.23055662242318
7,2025-11-26,2,-0.06920420804840433,0.0
7,2025-11-26,3,-0.1433085407874728,0.0
7,2025-11-26,4,0.8117689147046008,0.8253293554086658
7,2025-11-26,5,179.33833569114,182.3341474585694
7,2025-11-26,6,631.7940237564096,642.34801916217
7,2025-11-26,7,1653.1540181360194,1680.7696321753647
7,2025-11-26,8,2491.8376244209308,2533.4632838149155
7,2025-11-26,9,1819.7197008342782,1850.1177619748207
7,2025-11-26,10,1574.7039908535103,1601.0091125545478
7,2025-11-26,11,1498.790609301477,1523.827612834235
7,2025-11-26,12,1526.885604650586,1552.3919295771684
7,2025-11-26,13,1557.933540291081,1583.958514900609
7,2025-11-26,14,1566.6333727460724,1592.8036763525652
7,2025-11-26,15,1701.378679711152,1729.7998772754604
7,2025-11-26,16,1877.2755692322207,1908.6350898798266
7,2025-11-26,17,2282.045776042115,2320.1669037047113
7,2025-11-26,18,2472.20150032558,2513.4991421130403
7,2025-11-26,19,1671.202800723548,1699.1199161404718
7,2025-11-26,20,1063.2033535479773,1080.963957299843
7,2025-11-26,21,665.8685195192946,676.9917227019772
7,2025-11-26,22,338.940182501595,344.60211185585024
7,2025-11-26,23,189.99476648170184,193.16859183801688
7,2025-11-27,0,57.00124269217275,57.45770910267459
7,2025-11-27,1,10.662446943568,10.747831904555266
7,2025-11-27,2,-0.07867508889989949,0.0
7,2025-11-27,3,-0.12198797764426672,0.0
7,2025-11-27,4,0.7587673101309065,0.7648435248606803
7,2025-11-27,5,181.46331562571197,182.91647531854102
7,2025-11-27,6,627.7875780450165,632.8149060254854
7,2025-11-27,7,1641.3836660470245,1654.527879662559
7,2025-11-27,8,2473.860136230763,2493.670828123344
7,2025-11-27,9,1822.0736768019349,1836.6648574786657
7,2025-11-27,10,1570.9896743650086,1583.5701723282807
7,2025-11-27,11,1504.7762052139612,1516.826465183064
7,2025-11-27,12,1533.4858075952368,1545.7659742914032
7,2025-11-27,13,1568.2639624765166,1580.8226329170357
7,2025-11-27,14,1579.692654359717,1592.3428458568706
7,2025-11-27,15,1715.3614034855416,1729.098031418216
7,2025-11-27,16,1883.282726750273,1898.3640699918978
7,2025-11-27,17,2280.8461156879002,2299.111149749659
7,2025-11-27,18,2444.6937248286913,2464.2708518638915
7,2025-11-27,19,1665.5473640717946,1678.8850807756983
7,2025-11-27,20,1063.9483038714957,1072.4684104567234
7,2025-11-27,21,666.1063914687356,671.4405768156776
7,2025-11-27,22,338.0436161579265,340.7506721583365
7,2025-11-27,23,191.2442869167627,192.77577270645526
7,2025-11-28,0,61.65557785443286,62.39594526326766
7,2025-11-28,1,11.353153661586532,11.489483662067222
7,2025-11-28,2,0.051428471560257094,0.052046030677443504
7,2025-11-28,3,-0.032197799801622295,0.0
7,2025-11-28,4,0.9557525367722519,0.9672293253088544
7,2025-11-28,5,179.46758257951194,181.62265035615246
7,2025-11-28,6,626.1321491051185,633.6508173741207
7,2025-11-28,7,1575.9113439329767,1594.8350721480572
7,2025-11-28,8,2384.8812885497673,2413.5192227225834
7,2025-11-28,9,1746.3364522233928,1767.3066651234967
7,2025-11-28,10,1534.8280098633477,1553.258404585338
7,2025-11-28,11,1483.4542913755342,1501.2677844616526
7,2025-11-28,12,1516.2269563268596,1534.433987416756
7,2025-11-28,13,1555.3916632997311,1574.0689887835547
7,2025-11-28,14,1597.0100364215346,1616.1871202101274
7,2025-11-28,15,1748.5502692321234,1769.5470659064683
7,2025-11-28,16,1922.4801271667873,1945.5654939708636
7,2025-11-28,17,2161.154760333655,2187.10616012066
7,2025-11-28,18,2140.321255842682,2166.022484464747
7,2025-11-28,19,1515.5413542781139,1533.7401525782127
7,2025-11-28,20,986.9814130436821,998.8332015885643
7,2025-11-28,21,634.6969549747647,642.3184704369901
7,2025-11-28,22,323.6007769828555,327.4866130594774
7,2025-11-28,23,192.37063360519988,194.68064273161585
7,2025-11-29,0,86.99036006916793,90.73406706056674
7,2025-11-29,1,18.472170793231328,19.267136981323283
7,2025-11-29,2,0.8943915604785957,0.9328824913742659
7,2025-11-29,3,3.5668185351054262,3.72031972163124
7,2025-11-29,4,-5.09834574421933,0.0
7,2025-11-29,5,48.60939540973072,50.70134368191149
7,2025-11-29,6,214.95457063587182,224.20533047044185
7,2025-11-29,7,382.5749004216706,399.03934922155486
7,2025-11-29,8,559.6875576452454,583.7742061070911
7,2025-11-29,9,637.9262183269129,665.3799366659123
7,2025-11-29,10,652.0006875901354,680.0601131470271
7,2025-11-29,11,756.266415173678,788.8130084237189
7,2025-11-29,12,825.1946292920658,860.7076091267176
7,2025-11-29,13,879.1802277539858,917.0165255084167
7,2025-11-29,14,863.3245579678315,900.4784929663831
7,2025-11-29,15,864.1143399045402,901.3022638664181
7,2025-11-29,16,843.0308705520222,879.311448785532
7,2025-11-29,17,836.1657539504167,872.1508858264478
7,2025-11-29,18,779.1708422138584,812.7031477149594
7,2025-11-29,19,635.7018897601828,663.0598821543784
7,2025-11-29,20,461.1575297901088,481.00385146343797
7,2025-11-29,21,341.0607913088662,355.73864375021464
7,2025-11-29,22,191.25762169172992,199.48856239500236
7,2025-11-29,23,110.91691388457366,115.690321255734
7,2025-11-30,0,87.4586057069892,86.23059867151596
7,2025-11-30,1,16.850195899518496,16.613602153866573
7,2025-11-30,2,-1.0415650761175925,0.0
7,2025-11-30,3,1.6840456335313547,1.6603999342966453
7,2025-11-30,4,-8.895259066603273,0.0
7,2025-11-30,5,19.063684118072842,18.79601076529308
7,2025-11-30,6,115.99558265041571,114.3668876760669
7,2025-11-30,7,228.56307589560075,225.3538197797469
7,2025-11-30,8,363.5941230371054,358.4888948261484
7,2025-11-30,9,430.55384280600725,424.5084325934641
7,2025-11-30,10,495.44259132118555,488.4860776322543
7,2025-11-30,11,622.7149965924355,613.9714499656785
7,2025-11-30,12,694.2990183133604,684.5503598215084
7,2025-11-30,13,763.314568070927,752.5968616509239
7,2025-11-30,14,753.3360281992038,742.7584305434232
7,2025-11-30,15,739.0755404273042,728.6981744030663
7,2025-11-30,16,706.257993468405,696.3414189034721
7,2025-11-30,17,697.7399013505878,687.9429293903951
7,2025-11-30,18,651.7761495011589,642.6245549762862
7,2025-11-30,19,512.7197683290095,505.5206656490097
7,2025-11-30,20,386.05906574652386,380.6384070816319
7,2025-11-30,21,281.04475810734954,277.0986062398596
7,2025-11-30,22,147.49655833258885,145.42555788756306
7,2025-11-30,23,83.11578867940312,81.94875917519211
7,2025-12-01,0,58.95646738376536,60.04854449523091
7,2025-12-01,1,11.830884659957519,12.050033447509982
7,2025-12-01,2,0.163588099290223,0.16661831508962147
7,2025-12-01,3,0.0028930555870942953,0.0029466449544540705
7,2025-12-01,4,2.20344741059381,2.244262856128631
7,2025-12-01,5,180.93475938597652,184.2862951574085
7,2025-12-01,6,683.9576160165745,696.626869973095
7,2025-12-01,7,1643.5380097943803,1673.9820021495655
7,2025-12-01,8,2385.894600470122,2430.0895972052917
7,2025-12-01,9,1776.0873099638247,1808.9865725086836
7,2025-12-01,10,1486.5333721681038,1514.06909713967
7,2025-12-01,11,1406.1209051177566,1432.167113864232
7,2025-12-01,12,1424.1254544516478,1450.5051695478473
7,2025-12-01,13,1448.0312400529328,1474.8537727473583
7,2025-12-01,14,1467.8674956891905,1495.0574642514493
7,2025-12-01,15,1618.228192685661,1648.203359936725
7,2025-12-01,16,1780.4356105164231,1813.415418584411
7,2025-12-01,17,2203.3564280632745,2244.1701882878397
7,2025-12-01,18,2392.578057085533,2436.896854487857
7,2025-12-01,19,1657.436220594198,1688.1376557470664
7,2025-12-01,20,1035.5309541776724,1054.712558901549
7,2025-12-01,21,632.6375122015329,644.3561408370072
7,2025-12-01,22,310.0836366213069,315.8274550219219
7,2025-12-01,23,145.47961392079281,148.17439811662288
7,2025-12-02,0,55.090481730995975,56.285989200312216
7,2025-12-02,1,11.044236568297663,11.283905325865753
7,2025-12-02,2,0.223268475965142,0.22811358027885145
7,2025-12-02,3,0.0755083414320552,0.0771469327701831
7,2025-12-02,4,2.763656036212751,2.8236295802824216
7,2025-12-02,5,189.01561147579122,193.11740126300134
7,2025-12-02,6,705.4988837053234,720.808773155599
7,2025-12-02,7,1690.837999811682,1727.5305353398526
7,2025-12-02,8,2442.4719439695837,2495.4755366204736
7,2025-12-02,9,1821.1641353261903,1860.6848521219617
7,2025-12-02,10,1546.502821787577,1580.0631686328552
7,2025-12-02,11,1458.4552787188882,1490.1049235320522
7,2025-12-02,12,1474.1839036876815,1506.1748722293999
7,2025-12-02,13,1498.9352582659637,1531.4633509776704
7,2025-12-02,14,1510.6365942229868,1543.418615274001
7,2025-12-02,15,1656.9027005786156,1692.858813000074
7,2025-12-02,16,1828.569129682773,1868.2505407724657
7,2025-12-02,17,2245.837694814262,2294.5741671532173
7,2025-12-02,18,2433.039238433627,2485.8381338379186
7,2025-12-02,19,1682.7053245258776,1719.221374502566
7,2025-12-02,20,1065.5094119528032,1088.6318175043893
7,2025-12-02,21,661.7869031316825,676.1482076788607
7,2025-12-02,22,334.20987065388056,341.46249187140614
7,2025-12-02,23,158.9878283287694,162.4379912303305
7,2025-12-03,0,55.72965002535989,56.6606029122442
7,2025-12-03,1,10.772864463219548,10.95282305379896
7,2025-12-03,2,0.15766959995431762,0.16030343973591632
7,2025-12-03,3,-0.008578275213324105,0.0
7,2025-12-03,4,2.8163593509503926,2.863406082216026
7,2025-12-03,5,192.6541105248001,195.8723597024206
7,2025-12-03,6,705.4100561978028,717.1937930049734
7,2025-12-03,7,1694.9848502259174,1723.2992401211516
7,2025-12-03,8,2471.932684969541,2513.225836249136
7,2025-12-03,9,1845.8328349896478,1876.667110920997
7,2025-12-03,10,1578.359436380039,1604.725621582538
7,2025-12-03,11,1494.405268621037,1519.3690158967654
7,2025-12-03,12,1514.7578411637128,1540.0615741769348
7,2025-12-03,13,1539.9099549101668,1565.6338490565172
7,2025-12-03,14,1550.7447345642247,1576.649621582289
7,2025-12-03,15,1695.065039158198,1723.380768593838
7,2025-12-03,16,1865.7648481528497,1896.932084459641
7,2025-12-03,17,2271.3262204266553,2309.2682800125312
7,2025-12-03,18,2455.8359817125615,2496.8602407174053
7,2025-12-03,19,1693.1219473261285,1721.4052177933427
7,2025-12-03,20,1075.5922539070289,1093.5598118125513
7,2025-12-03,21,681.2151772960494,692.5947433906612
7,2025-12-03,22,356.9985053120384,362.96209541142696
7,2025-12-03,23,181.22618127731755,184.25352913545706
7,2025-12-04,0,57.7762350312654,58.2389075866596
7,2025-12-04,1,11.533281760453576,11.62564037366717
7,2025-12-04,2,0.15635929008976746,0.1576114165439455
7,2025-12-04,3,0.021284892441087777,0.02145534203116023
7,2025-12-04,4,2.7910173757728103,2.813367865393666
7,2025-12-04,5,199.35623351619967,200.95267983958487
7,2025-12-04,6,705.0510676991632,710.6971223269744
7,2025-12-04,7,1686.1150262980552,1699.6174490066953
7,2025-12-04,8,2455.2356812245034,2474.8972283314138
7,2025-12-04,9,1849.5961074317522,1864.4076879546008
7,2025-12-04,10,1571.9160977646177,1584.5040145339342
7,2025-12-04,11,1496.8214385293975,1508.8079966628316
7,2025-12-04,12,1517.7886181042406,1529.9430815805558
7,2025-12-04,13,1546.6709510914789,1559.0567045229411
7,2025-12-04,14,1559.8525245205374,1572.343836098169
7,2025-12-04,15,1705.7980384057842,1719.4580828338874
7,2025-12-04,16,1870.8868353771145,1885.8689122208007
7,2025-12-04,17,2269.5186620544764,2287.6929857763207
7,2025-12-04,18,2428.976633199624,2448.427897638491
7,2025-12-04,19,1689.7177368787416,1703.2490101227238
7,2025-12-04,20,1080.1568373428513,1088.8067419946426
7,2025-12-04,21,685.7921985520258,691.2840280006177
7,2025-12-04,22,356.011853964642,358.86279975810385
7,2025-12-04,23,182.04239877980206,183.50019577519234
7,2025-12-05,0,62.06827422079567,62.81359733599204
7,2025-12-05,1,12.077186459763539,12.222210730987475
7,2025-12-05,2,0.1594937020568068,0.1614089211339203
7,2025-12-05,3,-0.04028924533395184,0.0
7,2025-12-05,4,2.8514366045473594,2.885676989664659
7,2025-12-05,5,189.93420281586242,192.21495499565523
7,2025-12-05,6,694.281085666213,702.6180943568346
7,2025-12-05,7,1630.9158105590761,1650.5000388594278
7,2025-12-05,8,2388.1656144883555,2416.842987232174
7,2025-12-05,9,1793.3511818117913,1814.885953097912
7,2025-12-05,10,1562.3905100935501,1581.1518785503843
7,2025-12-05,11,1505.7383495607173,1523.8194322306335
7,2025-12-05,12,1528.646052975886,1547.0022140346528
7,2025-12-05,13,1564.6687072700022,1583.4574325856809
7,2025-12-05,14,1604.2986718464058,1623.5632784238728
7,2025-12-05,15,1764.6814323879826,1785.8719339611023
7,2025-12-05,16,1932.186970290287,1955.3888980048503
7,2025-12-05,17,2184.04608494246,2210.272366439688
7,2025-12-05,18,2157.6595390078564,2183.568967767319
7,2025-12-05,19,1564.1903672081817,1582.9733485603062
7,2025-12-05,20,1026.666325218886,1038.994654842766
7,2025-12-05,21,673.2565661542791,681.3411099491892
7,2025-12-05,22,359.35414251378427,363.6693091962721
7,2025-12-05,23,194.89453618668261,197.2348526312591
7,2025-12-06,0,89.836002415076,93.70217413862359
7,2025-12-06,1,20.548155643673056,21.4324636736939
7,2025-12-06,2,0.5647558811209024,0.5890606493607948
7,2025-12-06,3,0.08463717218563716,0.0882796076577016
7,2025-12-06,4,-0.8482948184129668,0.0
7,2025-12-06,5,59.168069239254294,61.71441936704362
7,2025-12-06,6,281.5863068764811,293.70462234152177
7,2025-12-06,7,464.1988329184255,484.1760397585179
7,2025-12-06,8,675.4657343949473,704.5349989697121
7,2025-12-06,9,825.6099242391526,861.1407766587168
7,2025-12-06,10,929.0176815138957,968.9987781164534
7,2025-12-06,11,1053.0607266227378,1098.380125249096
7,2025-12-06,12,1133.419898976595,1182.197625573144
7,2025-12-06,13,1191.1735985029661,1242.4368065772799
7,2025-12-06,14,1196.2851169592664,1247.7683037457766
7,2025-12-06,15,1186.9751578071227,1238.057682277259
7,2025-12-06,16,1164.17720361087,1214.278597982841
7,2025-12-06,17,1132.990554400266,1181.7498037736968
7,2025-12-06,18,1055.4633868694327,1100.8861861019773
7,2025-12-06,19,917.2958472965083,956.7724844086495
7,2025-12-06,20,699.2970412627371,729.3919071807333
7,2025-12-06,21,539.1403939132216,562.3427770328406
7,2025-12-06,22,345.8582380244289,360.74255282316534
7,2025-12-06,23,212.85778086390658,222.01830349837124
7,2025-12-07,0,92.08281220952091,90.78987665074585
7,2025-12-07,1,20.765187006525707,20.47362283704463
7,2025-12-07,2,0.3073987788675936,0.3030825899677845
7,2025-12-07,3,-0.05989744841377842,0.0
7,2025-12-07,4,-1.310151408647414,0.0
7,2025-12-07,5,35.73122925241279,35.229526754947024
7,2025-12-07,6,186.6763366518212,184.05521260220135
7,2025-12-07,7,322.0346741604468,317.51298252886204
7,2025-12-07,8,491.54569516864535,484.6438978321318
7,2025-12-07,9,642.1603988867032,633.1438191989691
7,2025-12-07,10,773.9891225232573,763.1215345923149
7,2025-12-07,11,920.1277242152819,907.2082029201916
7,2025-12-07,12,1003.2131109502274,989.1269870248899
7,2025-12-07,13,1076.3806137428733,1061.2671442810838
7,2025-12-07,14,1081.926365073107,1066.7350276691586
7,2025-12-07,15,1056.6461490254653,1041.8097713526242
7,2025-12-07,16,1021.3968018339365,1007.0553605483968
7,2025-12-07,17,980.1095856691198,966.3478585411025
7,2025-12-07,18,911.3400617342581,898.5439280836979
7,2025-12-07,19,765.5371126448351,754.7881994573407
7,2025-12-07,20,599.8508042607734,591.4282939553336
7,2025-12-07,21,456.44667606684175,450.037704359628
7,2025-12-07,22,280.73240965129787,276.7906434711677
7,2025-12-07,23,165.8790195057274,163.54991076515486
7,2025-12-08,0,59.21309379098943,60.309924508598016
7,2025-12-08,1,11.7788843323533,11.99706989449411
7,2025-12-08,2,0.1449245787706559,0.14760908180123947
7,2025-12-08,3,-0.022214127593372268,0.0
7,2025-12-08,4,2.2667184282209405,2.3087058712182276
7,2025-12-08,5,184.03213522811097,187.44104508270811
7,2025-12-08,6,684.3585127966294,697.0351927441732
7,2025-12-08,7,1660.0963379377515,1690.8470476383266
7,2025-12-08,8,2414.193739380873,2458.9129337698378
7,2025-12-08,9,1804.7855394492794,1838.2163921818042
7,2025-12-08,10,1518.1864258261103,1546.3084745199392
7,2025-12-08,11,1443.2859476975939,1470.0205812115148
7,2025-12-08,12,1463.4293280627676,1490.5370864537467
7,2025-12-08,13,1489.0786852213832,1516.6615581692506
7,2025-12-08,14,1505.3416577670464,1533.2257770559793
7,2025-12-08,15,1657.6526975105412,1688.3581425625098
7,2025-12-08,16,1819.6438058834267,1853.3498849551274
7,2025-12-08,17,2234.7566230468456,2276.152023178936
7,2025-12-08,18,2403.4915638226303,2448.012517009422
7,2025-12-08,19,1672.170265846732,1703.1446263340656
7,2025-12-08,20,1049.90989190653,1069.3578441487996
7,2025-12-08,21,642.9271780555291,654.8364067907454
7,2025-12-08,22,316.0677485094218,321.9224133008648
7,2025-12-08,23,150.80275266396336,153.59613974834053
7,2025-12-09,0,55.996439331318925,57.21160680439695
7,2025-12-09,1,11.239440068878082,11.483344898370904
7,2025-12-09,2,0.19330427679062723,0.1974991340416929
7,2025-12-09,3,0.12160511486740688,0.12424404301911422
7,2025-12-09,4,2.7701748927912604,2.8302899012570686
7,2025-12-09,5,192.14524851483816,196.31495392628804
7,2025-12-09,6,716.4271754437109,731.974217556109
7,2025-12-09,7,1720.5271091598124,1757.863922081605
7,2025-12-09,8,2483.813775418479,2537.7145188427767
7,2025-12-09,9,1862.90505734979,1903.3315855033024
7,2025-12-09,10,1588.7388709872243,1623.2157738455567
7,2025-12-09,11,1503.461928397496,1536.0882534677398
7,2025-12-09,12,1521.3706928034678,1554.385652369923
7,2025-12-09,13,1548.1944343094183,1581.7914904979716
7,2025-12-09,14,1558.8879305048595,1592.717044104658
7,2025-12-09,15,1705.8107095544754,1742.8281648468405
7,2025-12-09,16,1876.8040676955816,1917.532215478518
7,2025-12-09,17,2287.184359108086,2336.8180870970455
7,2025-12-09,18,2461.143196462721,2514.5519702105203
7,2025-12-09,19,1706.549786433004,1743.5832802841353
7,2025-12-09,20,1089.715269718498,1113.3629617234026
7,2025-12-09,21,682.0495368862996,696.8505567752304
7,2025-12-09,22,346.802369892915,354.32825840498225
7,2025-12-09,23,170.6289679100803,174.33175284150067
7,2025-12-10,0,56.72424470594723,57.67181210214124
7,2025-12-10,1,11.42924684492391,11.62017017461203
7,2025-12-10,2,0.16648227017213912,0.1692633238834271
7,2025-12-10,3,0.03446314284855134,0.03503884289890812
7,2025-12-10,4,2.8239579857392982,2.871131650710596
7,2025-12-10,5,194.08364925894438,197.32577860108876
7,2025-12-10,6,706.3820210006445,718.18199428945
7,2025-12-10,7,1711.7432824716511,1740.3376186947687
7,2025-12-10,8,2487.9400096867894,2529.5005601901375
7,2025-12-10,9,1858.2955587379536,1889.3380220282156
7,2025-12-10,10,1585.1250480049785,1611.6042514243675
7,2025-12-10,11,1503.5133370464087,1528.6292328210184
7,2025-12-10,12,1523.7725967441622,1549.22691948347
7,2025-12-10,13,1551.9328640190836,1577.8575985069506
7,2025-12-10,14,1561.7221637597027,1587.8104265821269
7,2025-12-10,15,1707.1989487727014,1735.7173727915601
7,2025-12-10,16,1877.234981309304,1908.5938239436082
7,2025-12-10,17,2283.18162318923,2321.3217249559193
7,2025-12-10,18,2454.6512527765276,2495.6557211165696
7,2025-12-10,19,1694.6275916658944,1722.9360136268663
7,2025-12-10,20,1077.2557646506266,1095.2511111772583
7,2025-12-10,21,680.2063894273151,691.5691039181895
7,2025-12-10,22,348.35646144238706,354.1756878918088
7,2025-12-10,23,170.36629469328363,173.21223027336217
7,2025-12-11,0,58.13806424696395,58.60363433363122
7,2025-12-11,1,11.866356677805527,11.961382557639482
7,2025-12-11,2,0.15581929856773513,0.15706710076545627
7,2025-12-11,3,0.02695099486328445,0.02716681864718217
7,2025-12-11,4,2.7711597324227455,2.793351201875743
7,2025-12-11,5,195.64730678823634,197.21405199651656
7,2025-12-11,6,698.335009386976,703.9272817657397
7,2025-12-11,7,1695.0961366030963,1708.6704801153826
7,2025-12-11,8,2465.051223489175,2484.791373537584
7,2025-12-11,9,1854.9708806325439,1869.8255023824668
7,2025-12-11,10,1577.1512612622964,1589.7811012630602
7,2025-12-11,11,1504.6971719462645,1516.7467990163232
7,2025-12-11,12,1525.329605299287,1537.5444570617867
7,2025-12-11,13,1557.2876951350538,1569.7584675383123
7,2025-12-11,14,1569.4307865939845,1581.9988009714327
7,2025-12-11,15,1717.2947807514158,1731.0468911848045
7,2025-12-11,16,1881.868300037386,1896.9383165385038
7,2025-12-11,17,2280.2311423839683,2298.491251734557
7,2025-12-11,18,2428.1096239227663,2447.553945344362
7,2025-12-11,19,1688.6054311608668,1702.127797051703
7,2025-12-11,20,1076.7235442683254,1085.3459550815282
7,2025-12-11,21,679.6866068651674,685.1295426863635
7,2025-12-11,22,347.5018133543249,350.28461067404913
7,2025-12-11,23,175.06476942758388,176.46668951093173
7,2025-12-12,0,61.86531938553435,62.60820539526967
7,2025-12-12,1,12.271653795195107,12.419013252986858
7,2025-12-12,2,0.13514557696373686,0.1367684208995825
7,2025-12-12,3,-0.12115273058452658,0.0
7,2025-12-12,4,2.738750449649615,2.7716376862049112
7,2025-12-12,5,186.87826681448655,189.1223229564246
7,2025-12-12,6,687.3735880679187,695.6276507173816
7,2025-12-12,7,1634.2370329735732,1653.8611429021369
7,2025-12-12,8,2393.9510237744666,2422.6978683914112
7,2025-12-12,9,1794.3037107859923,1815.8499201517322
7,2025-12-12,10,1564.764917213681,1583.5547978296454
7,2025-12-12,11,1510.1258289551001,1528.259596992076
7,2025-12-12,12,1533.2192779906304,1551.6303548716473
7,2025-12-12,13,1571.0119273524945,1589.876822798753
7,2025-12-12,14,1612.0866403859538,1631.4447658028894
7,2025-12-12,15,1774.8860941113442,1796.199134459074
7,2025-12-12,16,1944.4964682566504,1967.8462098662505
7,2025-12-12,17,2187.193866857686,2213.457947289273
7,2025-12-12,18,2148.200919663109,2173.9967682123274
7,2025-12-12,19,1555.2699181560465,1573.9457817099085
7,2025-12-12,20,1014.1372283321788,1026.3151070914355
7,2025-12-12,21,661.6187394370236,669.5635348440188
7,2025-12-12,22,348.4267093072854,352.61065809043873
7,2025-12-12,23,185.50961411552856,187.7372353153643
7,2025-12-13,0,90.12530752823471,94.00392975289436
7,2025-12-13,1,20.760495333810297,21.65394158997351
7,2025-12-13,2,0.5847246429374877,0.6098887844822255
7,2025-12-13,3,0.12515448780169436,0.13054062174361153
7,2025-12-13,4,-0.831542196924488,0.0
7,2025-12-13,5,60.02070778743473,62.60375196835157
7,2025-12-13,6,279.89292080564246,291.9383599052158
7,2025-12-13,7,467.37592557255016,487.48986140160304
7,2025-12-13,8,683.0555050970279,712.4514021586326
7,2025-12-13,9,833.5438701481598,869.4161669386327
7,2025-12-13,10,940.1952528631402,980.6573861227914
7,2025-12-13,11,1064.0305970410473,1109.8220937314566
7,2025-12-13,12,1144.6916727674297,1193.9544901063628
7,2025-12-13,13,1205.6862449900852,1257.5740176262002
7,2025-12-13,14,1211.5475018601253,1263.6875188633783
7,2025-12-13,15,1203.4093673948646,1255.1991525923138
7,2025-12-13,16,1179.3064425122648,1230.0589370452726
7,2025-12-13,17,1146.7023488892414,1196.051697451274
7,2025-12-13,18,1064.5316075497176,1110.3446656699518
7,2025-12-13,19,920.4495004950841,960.0618578585102
7,2025-12-13,20,697.9499049285648,727.9867956443823
7,2025-12-13,21,537.6290027333984,560.7663417984561
7,2025-12-13,22,342.47830630395026,357.21716275532106
7,2025-12-13,23,208.27393322341896,217.23718592538125
7,2025-12-14,0,92.41727398550779,91.11964224605745
7,2025-12-14,1,21.16483655196066,20.867660899772417
7,2025-12-14,2,0.568683623182153,0.5606987315344888
7,2025-12-14,3,0.19462159944845325,0.19188891589552237
7,2025-12-14,4,-1.0936493547021087,0.0
7,2025-12-14,5,38.05236755036361,37.51807393007867
7,2025-12-14,6,188.80154673511885,186.1505825924281
7,2025-12-14,7,332.0533497553369,327.39098581349526
7,2025-12-14,8,502.2672692339506,495.2149301837074
7,2025-12-14,9,652.790940130568,643.6250969217335
7,2025-12-14,10,781.6891599437376,770.7134557211014
7,2025-12-14,11,925.2908951290835,912.2988777067541
7,2025-12-14,12,1007.6093402676483,993.4614888486274
7,2025-12-14,13,1081.334511216754,1066.1514840378966
7,2025-12-14,14,1088.7107323211667,1073.4241355582963
7,2025-12-14,15,1066.7085758918493,1051.7309115967716
7,2025-12-14,16,1030.8570660833582,1016.3827931460695
7,2025-12-14,17,988.5336706725233,974.6536608944684
7,2025-12-14,18,921.3346239953337,908.3981566100441
7,2025-12-14,19,772.7215797558083,761.8717894037732
7,2025-12-14,20,603.8509051001394,595.3722293443858
7,2025-12-14,21,459.9541845897957,453.4959639252226
7,2025-12-14,22,278.82730914839414,274.9122925008221
7,2025-12-14,23,163.94469541447,161.6427465351112
7,2025-12-15,0,58.79249214154464,59.8815318659885
7,2025-12-15,1,11.222327189028817,11.43020339336006
7,2025-12-15,2,-0.18654509433036992,0.0
7,2025-12-15,3,-0.32917169989366357,0.0
7,2025-12-15,4,1.8983312613494832,1.933494903482325
7,2025-12-15,5,185.41099400128576,188.84544507592116
7,2025-12-15,6,666.9122834977636,679.2657991082272
7,2025-12-15,7,1651.534762230183,1682.1268820205546
7,2025-12-15,8,2411.050103685334,2455.7110670991024
7,2025-12-15,9,1795.3600898930501,1828.6163507922713
7,2025-12-15,10,1503.600143097968,1531.452003528903
7,2025-12-15,11,1426.2819811483164,1452.7016425566037
7,2025-12-15,12,1445.5372198912842,1472.3135547306663
7,2025-12-15,13,1471.666093498534,1498.9264251932418
7,2025-12-15,14,1489.479050862358,1517.069339962721
7,2025-12-15,15,1635.0934356733148,1665.3810053912064
7,2025-12-15,16,1799.0850201733656,1832.4102796283255
7,2025-12-15,17,2213.242621746872,2254.239508375044
7,2025-12-15,18,2388.5250933493744,2432.7688158849996
7,2025-12-15,19,1659.3791312750648,1690.116555834666
7,2025-12-15,20,1034.770953749975,1053.938480644758
7,2025-12-15,21,626.95158326364,638.5648888849305
7,2025-12-15,22,304.5894995545017,310.23154758785813
7,2025-12-15,23,145.8737358468868,148.57582054007898
7,2025-12-16,0,55.4704840490258,56.67423787225451
7,2025-12-16,1,10.986593049634848,11.225010896792398
7,2025-12-16,2,0.12853607455332394,0.13132541006785856
7,2025-12-16,3,0.01674464307177459,0.017108015204933446
7,2025-12-16,4,2.5796528477712855,2.6356333756383763
7,2025-12-16,5,193.44001131361097,197.63781411227345
7,2025-12-16,6,710.6997630781955,726.1225157662196
7,2025-12-16,7,1723.9140787223835,1761.3243915897779
7,2025-12-16,8,2495.864330532619,2550.02658063095
7,2025-12-16,9,1869.9424465730367,1910.5216916953707
7,2025-12-16,10,1591.4423694573156,1625.9779403924686
7,2025-12-16,11,1505.262419841341,1537.9278170144585
7,2025-12-16,12,1521.8064630779943,1554.830879207575
7,2025-12-16,13,1548.7133023421766,1582.3216183816016
7,2025-12-16,14,1560.5839676005949,1594.4498865604571
7,2025-12-16,15,1706.8806387155196,1743.9213123255229
7,2025-12-16,16,1877.844326084669,1918.5950483057861
7,2025-12-16,17,2285.875664705938,2335.4809929807607
7,2025-12-16,18,2459.924350432392,2513.3066742475094
7,2025-12-16,19,1701.3624800961843,1738.2834052552937
7,2025-12-16,20,1083.6249296497347,1107.1404564091358
7,2025-12-16,21,674.1229537427571,688.751960444355
7,2025-12-16,22,339.2867832342911,346.6495775111227
7,2025-12-16,23,163.20720427665367,166.7489310074472
7,2025-12-17,0,56.156782325137044,57.09487037341889
7,2025-12-17,1,10.94577790706819,11.128624982855364
7,2025-12-17,2,0.09589630471731425,0.09749823370264785
7,2025-12-17,3,-0.04372868898389015,0.0
7,2025-12-17,4,2.480186686894001,2.5216177196588814
7,2025-12-17,5,195.16326888454591,198.42343306105104
7,2025-12-17,6,709.0947059723624,720.939994132237
7,2025-12-17,7,1714.8553619649233,1743.5016848663558
7,2025-12-17,8,2499.54530726521,2541.299721991263
7,2025-12-17,9,1867.0448052225531,1898.233422961465
7,2025-12-17,10,1592.5319099763935,1619.1348435740972
7,2025-12-17,11,1509.8013447333376,1535.02228044461
7,2025-12-17,12,1528.3657592040024,1553.8968098224548
7,2025-12-17,13,1556.5260264789233,1582.5274888459348
7,2025-12-17,14,1568.2729438360238,1594.4706361564015
7,2025-12-17,15,1713.5874804696941,1742.212623659112
7,2025-12-17,16,1879.249468722048,1910.6419629739676
7,2025-12-17,17,2282.654475245595,2320.7857711091483
7,2025-12-17,18,2458.641274578634,2499.7123954512813
7,2025-12-17,19,1698.1900079542727,1726.557939381506
7,2025-12-17,20,1078.930289237315,1096.9536083691476
7,2025-12-17,21,682.2050295200385,693.6011309021515
7,2025-12-17,22,351.4628032853795,357.33392056679224
7,2025-12-17,23,173.6694258421429,176.5705395810182
7,2025-12-18,0,57.95437345795784,58.418472547307516
7,2025-12-18,1,11.743969820301345,11.838015625194842
7,2025-12-18,2,0.08393285842890919,0.0846049934351073
7,2025-12-18,3,-0.14000920209440437,0.0
7,2025-12-18,4,2.265531629829411,2.28367402536509
7,2025-12-18,5,196.67516629059526,198.25014260604758
7,2025-12-18,6,700.6681695208931,706.2791258647978
7,2025-12-18,7,1694.1500019100156,1707.7167687680608
7,2025-12-18,8,2472.7144394514908,2492.515956595037
7,2025-12-18,9,1861.350236475005,1876.2559441578862
7,2025-12-18,10,1579.4861396612662,1592.1346773870514
7,2025-12-18,11,1506.5079772993772,1518.5721053132856
7,2025-12-18,12,1525.9265255564026,1538.146157461128
7,2025-12-18,13,1557.8846153921697,1570.360167937654
7,2025-12-18,14,1569.113346810669,1581.6788191277763
7,2025-12-18,15,1712.0844420097524,1725.7948280085398
7,2025-12-18,16,1877.044292206172,1892.0756780137306
7,2025-12-18,17,2275.752692157028,2293.976938042135
7,2025-12-18,18,2431.0918997094095,2450.560103219521
7,2025-12-18,19,1687.6445109379945,1701.159181771948
7,2025-12-18,20,1075.5685799690036,1084.1817418187966
7,2025-12-18,21,679.7439982210462,685.1873936326824
7,2025-12-18,22,347.9226892578307,350.7088569551795
7,2025-12-18,23,172.92287389264118,174.30764165929682
7,2025-12-19,0,62.10408509266057,62.849838229005606
7,2025-12-19,1,12.251534627923547,12.398652492395454
7,2025-12-19,2,0.1792288355816254,0.18138103645631892
7,2025-12-19,3,-0.09221109337596545,0.0
7,2025-12-19,4,2.5169201039796008,2.5471435757314533
7,2025-12-19,5,188.47276152751482,190.7359645489432
7,2025-12-19,6,690.795037117324,699.0901849281837
7,2025-12-19,7,1639.7293542960347,1659.4194166630882
7,2025-12-19,8,2404.5928810879545,2433.4675143754225
7,2025-12-19,9,1805.1438593403386,1826.8202384810747
7,2025-12-19,10,1571.5976764442769,1590.4696056343166
7,2025-12-19,11,1519.7453898778567,1537.994670730418
7,2025-12-19,12,1541.39058499852,1559.8997838922849
7,2025-12-19,13,1578.8319961232921,1597.7907958723604
7,2025-12-19,14,1620.358860783219,1639.8163199927155
7,2025-12-19,15,1783.6461774259235,1805.0644098813343
7,2025-12-19,16,1953.9449792549108,1977.408179692545
7,2025-12-19,17,2195.702627406623,2222.06888203265
7,2025-12-19,18,2158.405843603257,2184.3242340758156
7,2025-12-19,19,1563.6852025324054,1582.4621178078658
7,2025-12-19,20,1021.0470125103408,1033.3078647682755
7,2025-12-19,21,668.0688862236151,676.0911357495916
7,2025-12-19,22,354.68424768942714,358.9433377272551
7,2025-12-19,23,190.73786401664768,193.02826665437976
7,2025-12-20,0,90.68049054937421,94.58300556578796
7,2025-12-20,1,20.769006429869023,21.662818968569685
7,2025-12-20,2,0.6361032528714645,0.6634785182817116
7,2025-12-20,3,0.1671661335757335,0.17436027580591829
7,2025-12-20,4,-0.7446899860198073,0.0
7,2025-12-20,5,59.379139139989775,61.93457284741286
7,2025-12-20,6,283.0249839507352,295.20521415456955
7,2025-12-20,7,478.04220385832616,498.6151723958184
7,2025-12-20,8,698.7305670857255,728.8010542871002
7,2025-12-20,9,850.2066547941995,886.7960492415386
7,2025-12-20,10,954.9036464056633,995.9987683745646
7,2025-12-20,11,1079.9054197867808,1126.3801034976045
7,2025-12-20,12,1159.9367639892216,1209.8556672961417
7,2025-12-20,13,1220.580097974785,1273.108840731076
7,2025-12-20,14,1224.9692225996928,1277.6868552114956
7,2025-12-20,15,1215.4401199959611,1267.7476592593632
7,2025-12-20,16,1190.575508472916,1241.812977214444
7,2025-12-20,17,1158.8517902947283,1208.7240008002584
7,2025-12-20,18,1080.175270234106,1126.6615671973116
7,2025-12-20,19,931.7675615193916,971.8670016371836
7,2025-12-20,20,711.9451877436636,742.5843778186264
7,2025-12-20,21,549.2428102734525,572.8799598054388
7,2025-12-20,22,355.1268746960502,370.4100734617078
7,2025-12-20,23,218.14620300909542,227.53431756228153
7,2025-12-21,0,92.97549997825598,91.67003018283691
7,2025-12-21,1,20.94902016477971,20.65487479234137
7,2025-12-21,2,0.37397646805965223,0.36872546125287453
7,2025-12-21,3,0.012651450244732132,0.012473811122956958
7,2025-12-21,4,-1.2252154968235232,0.0
7,2025-12-21,5,36.664919022292395,36.15010657873164
7,2025-12-21,6,186.47840136204655,183.86005652353404
7,2025-12-21,7,329.5502902261105,324.92307176466215
7,2025-12-21,8,502.1387825594592,495.08824759171836
7,2025-12-21,9,654.1726477077601,644.9874039309423
7,2025-12-21,10,783.4042908459378,772.4045044555419
7,2025-12-21,11,926.9180252676101,913.9031612970011
7,2025-12-21,12,1009.6942850372405,995.5171588907649
7,2025-12-21,13,1082.7980908792192,1067.5945135657244
7,2025-12-21,14,1091.2122927718633,1075.8905715771741
7,2025-12-21,15,1067.6939212550692,1052.702421717266
7,2025-12-21,16,1031.3106529936695,1016.8300112386692
7,2025-12-21,17,990.3776781977347,976.4717766941473
7,2025-12-21,18,919.7299865111808,906.8160498546171
7,2025-12-21,19,769.446746265575,758.6429378787623
7,2025-12-21,20,605.3957714651601,596.8954042274789
7,2025-12-21,21,462.25551875419876,455.7649850368161
7,2025-12-21,22,285.5770159323753,281.5672265937558
7,2025-12-21,23,166.50739712129376,164.1694653252127
7,2025-12-22,0,59.530378476625344,60.63308640089806
7,2025-12-22,1,11.893863565904041,12.114178940003178
7,2025-12-22,2,0.09641320365710726,0.09819910870924725
7,2025-12-22,3,-0.025204941492177113,0.0
7,2025-12-22,4,2.0238344206000534,2.061322814091249
7,2025-12-22,5,186.04231489555121,189.48846021051702
7,2025-12-22,6,682.9153037828667,695.5652505219784
7,2025-12-22,7,1661.303047209084,1692.0761093271954
7,2025-12-22,8,2417.7927332558424,2462.5785934239757
7,2025-12-22,9,1804.1794142231954,1837.599039426062
7,2025-12-22,10,1517.3508520409648,1545.4574230264743
7,2025-12-22,11,1443.769452903899,1470.5130426018065
7,2025-12-22,12,1463.6649262551982,1490.777048737258
7,2025-12-22,13,1489.1724347553213,1516.7570442678907
7,2025-12-22,14,1504.6911846884684,1532.5632549725633
7,2025-12-22,15,1656.1515962999028,1686.8292357802882
7,2025-12-22,16,1820.1638712341176,1853.8795837097714
7,2025-12-22,17,2235.6653391665236,2277.07757185523
7,2025-12-22,18,2412.505014894834,2457.1929282820597
7,2025-12-22,19,1670.6136163607034,1701.5591423308126
7,2025-12-22,20,1046.9815644422124,1066.3752739603065
7,2025-12-22,21,641.0882509691946,652.9634164324789
7,2025-12-22,22,312.97465585239877,318.7720259000372
7,2025-12-22,23,148.60309960463871,151.35574152795294
7,2025-12-23,0,55.9516056615592,57.16580020818259
7,2025-12-23,1,10.971276986660087,11.209362463013978
7,2025-12-23,2,0.12115085382311008,0.12377992414721432
7,2025-12-23,3,0.02521406165197959,0.02576122693515739
7,2025-12-23,4,2.432251655229095,2.485033459448591
7,2025-12-23,5,192.98073566389138,197.16857181400655
7,2025-12-23,6,707.3317098498401,722.6813730918286
7,2025-12-23,7,1708.6324675747253,1745.7111572706358
7,2025-12-23,8,2475.6641612802605,2529.388051566445
7,2025-12-23,9,1853.2229545799864,1893.439373367665
7,2025-12-23,10,1579.0910837462332,1613.358621913124
7,2025-12-23,11,1495.133220147956,1527.57880559478
7,2025-12-23,12,1512.1439093856318,1544.958640379978
7,2025-12-23,13,1539.5227395960828,1572.9316130809152
7,2025-12-23,14,1550.8281526212838,1584.4823626014718
7,2025-12-23,15,1701.121997436747,1738.0377039300079
7,2025-12-23,16,1872.1945016736242,1912.82261819097
7,2025-12-23,17,2283.351594057104,2332.9021479821854
7,2025-12-23,18,2461.2259260597807,2514.6364951059345
7,2025-12-23,19,1695.8087320977336,1732.6091364879874
7,2025-12-23,20,1078.592307137128,1101.9986219670811
7,2025-12-23,21,671.97306396254,686.5554163382053
7,2025-12-23,22,337.60218243139866,344.9284195248586
7,2025-12-23,23,160.6824046380434,164.16934119943483
7,2025-12-24,0,56.835764989807444,57.78519531049781
7,2025-12-24,1,10.92956319050495,11.112139402628209
7,2025-12-24,2,0.10062829517130467,0.10230927113023036
7,2025-12-24,3,-0.0372388943813462,0.0
7,2025-12-24,4,2.5244055958558533,2.5665752968329723
7,2025-12-24,5,195.2776113720077,198.53968561736752
7,2025-12-24,6,703.4403642874504,715.1911977770983
7,2025-12-24,7,1704.7694568637146,1733.2472966961427
7,2025-12-24,8,2491.029758574109,2532.641922727374
7,2025-12-24,9,1864.8273594250006,1895.9789351662362
7,2025-12-24,10,1597.7399039117472,1624.4298360279556
7,2025-12-24,11,1513.3580162221513,1538.6383654339338
7,2025-12-24,12,1533.1278895964072,1558.7384906702187
7,2025-12-24,13,1560.575435770906,1586.6445427269082
7,2025-12-24,14,1571.450509764548,1597.7012827013136
7,2025-12-24,15,1718.935392808236,1747.6498718256755
7,2025-12-24,16,1889.0319824306052,1920.5878916577458
7,2025-12-24,17,2296.0236393274067,2334.3782644580833
7,2025-12-24,18,2477.674441293356,2519.0635074875972
7,2025-12-24,19,1702.3976357846295,1730.8358548105437
7,2025-12-24,20,1084.6034568447183,1102.7215451301252
7,2025-12-24,21,689.4357715242207,700.9526610350954
7,2025-12-24,22,358.1095257387425,364.09167521672316
7,2025-12-24,23,179.9621791509619,182.96841210118393
7,2025-12-25,0,58.39472873172889,58.86235418965704
7,2025-12-25,1,11.29125668816107,11.381677162646753
7,2025-12-25,2,-0.18726507557147443,0.0
7,2025-12-25,3,0.17658359879169438,0.17799768167282096
7,2025-12-25,4,2.345529064574066,2.364312080211388
7,2025-12-25,5,201.74694100689615,203.36253213511887
7,2025-12-25,6,696.6380609440996,702.2167441460674
7,2025-12-25,7,1662.5411491158914,1675.8547920262195
7,2025-12-25,8,2432.7179611359493,2452.1991861590586
7,2025-12-25,9,1854.536496129924,1869.3876393252517
7,2025-12-25,10,1609.481438451177,1622.3701787712198
7,2025-12-25,11,1537.861045997236,1550.1762496377587
7,2025-12-25,12,1561.1617943772399,1573.6635905984274
7,2025-12-25,13,1586.8383947605319,1599.5458094043588
7,2025-12-25,14,1600.285396432598,1613.1004947741014
7,2025-12-25,15,1743.8215631386272,1757.786100258989
7,2025-12-25,16,1882.6195023882362,1897.695534523829
7,2025-12-25,17,2271.6922754207344,2289.8840054559196
7,2025-12-25,18,2420.747719917993,2440.1330871530345
7,2025-12-25,19,1684.439241606784,1697.9282446181214
7,2025-12-25,20,1083.266264050144,1091.941069016047
7,2025-12-25,21,687.8839535281621,693.3925337674476
7,2025-12-25,22,361.726681716406,364.62339189652465
7,2025-12-25,23,184.6627607169164,186.1415415918005
7,2025-12-26,0,62.80817479056071,63.56238271856227
7,2025-12-26,1,12.059760863476527,12.20457588609686
7,2025-12-26,2,0.035972739142380306,0.03640470401229709
7,2025-12-26,3,-0.048626354158557206,0.0
7,2025-12-26,4,0.8813154912603522,0.8918984310256873
7,2025-12-26,5,197.58788911558221,199.96054765796134
7,2025-12-26,6,692.7267411450662,701.0450850844097
7,2025-12-26,7,1619.8985976289641,1639.3505299445324
7,2025-12-26,8,2397.569730099244,2426.3600285660796
7,2025-12-26,9,1824.9044122987502,1846.8180784766057
7,2025-12-26,10,1612.460324220005,1631.8229368762395
7,2025-12-26,11,1556.2536722146967,1574.9413488026535
7,2025-12-26,12,1579.6770344535264,1598.6459815219564
7,2025-12-26,13,1608.8336757387658,1628.1527391747634
7,2025-12-26,14,1649.1051363752995,1668.9077842329993
7,2025-12-26,15,1795.8327433613554,1817.3973135295603
7,2025-12-26,16,1958.807593072756,1982.3291843473228
7,2025-12-26,17,2194.498735847274,2220.8505340022834
7,2025-12-26,18,2167.3845616256067,2193.410769597055
7,2025-12-26,19,1564.745904718985,1583.5355570306835
7,2025-12-26,20,1036.5705757194214,1049.0178367447206
7,2025-12-26,21,684.3882465526319,692.6064608711072
7,2025-12-26,22,372.9805580572466,377.4593523354636
7,2025-12-26,23,204.7045785650078,207.1626951488247
7,2025-12-27,0,90.0958987781894,93.97325537131165
7,2025-12-27,1,20.351246120172732,21.227079974903177
7,2025-12-27,2,0.3492621112093275,0.3642929146975004
7,2025-12-27,3,-0.2563071388924527,0.0
7,2025-12-27,4,0.15097954874471498,0.15747708699773985
7,2025-12-27,5,68.96243381845875,71.93029307809121
7,2025-12-27,6,286.13053583848654,298.4444162112026
7,2025-12-27,7,478.2026081862917,498.7824798657364
7,2025-12-27,8,692.9031423501056,722.7228411801337
7,2025-12-27,9,848.7723187129202,885.299985239933
7,2025-12-27,10,949.260128443789,990.1123766318121
7,2025-12-27,11,1068.48280676251,1114.4659082312899
7,2025-12-27,12,1143.330817957607,1192.535069707643
7,2025-12-27,13,1194.8924529272458,1246.315705186882
7,2025-12-27,14,1202.6474147563627,1254.4044086489178
7,2025-12-27,15,1189.0687596451644,1240.2413841198534
7,2025-12-27,16,1155.9918500605286,1205.7409805116567
7,2025-12-27,17,1118.4243414472962,1166.5567209787482
7,2025-12-27,18,1050.8660840760376,1096.0910343216883
7,2025-12-27,19,917.06792777845,956.5347561727913
7,2025-12-27,20,708.5342899270711,739.026689001367
7,2025-12-27,21,554.7902069706272,578.6660936199535
7,2025-12-27,22,360.83923275972836,376.3682679008574
7,2025-12-27,23,228.45713667170426,238.28899136356625
7,2025-12-28,0,92.99015033878084,91.68447483752354
7,2025-12-28,1,20.73125136223149,20.44016368342403
7,2025-12-28,2,0.007093156119765354,0.0069935610536381344
7,2025-12-28,3,-0.6554368616623947,0.0
7,2025-12-28,4,-1.9277904022085295,0.0
7,2025-12-28,5,49.14235879681314,48.45235051398713
7,2025-12-28,6,188.2991397419076,185.65522990013267
7,2025-12-28,7,316.6171525047615,312.1715283413719
7,2025-12-28,8,501.9968500281158,494.94830793626915
7,2025-12-28,9,651.5565222842871,642.4080115470567
7,2025-12-28,10,781.9207327164638,770.9417769785326
7,2025-12-28,11,923.1103149825378,910.1489151048138
7,2025-12-28,12,997.0646751394523,983.0648814542525
7,2025-12-28,13,1061.6266034867604,1046.7202952099624
7,2025-12-28,14,1068.9564357707413,1053.9472092557573
7,2025-12-28,15,1039.3759070066376,1024.7820209506249
7,2025-12-28,16,995.7641092381182,981.7825768099327
7,2025-12-28,17,943.7937639802424,930.5419476171227
7,2025-12-28,18,883.8346526948737,871.4247227293698
7,2025-12-28,19,760.0969725538241,749.42444442017
7,2025-12-28,20,601.0187865791132,592.5798766238889
7,2025-12-28,21,467.17639332283267,460.61676556327865
7,2025-12-28,22,291.4176798906912,287.3258817391634
7,2025-12-28,23,177.4104891124328,174.9194669078631
7,2025-12-29,0,58.17038698246694,56.28550801509128
7,2025-12-29,1,11.906144227033849,11.520352727265397
7,2025-12-29,2,0.08797651045421162,0.08512583190830081
7,2025-12-29,3,0.02922444758888787,0.02827749589317249
7,2025-12-29,4,3.061680154667158,2.9624733790597864
7,2025-12-29,5,197.8640741736766,191.4527392805182
7,2025-12-29,6,684.0962387270329,661.9296574315358
7,2025-12-29,7,1612.056149015877,1559.821139294789
7,2025-12-29,8,2415.9211631924536,2337.6387376567304
7,2025-12-29,9,1823.6771887546315,1764.5850809884855
7,2025-12-29,10,1569.2667065775047,1518.4181913300072
7,2025-12-29,11,1502.5966126526716,1453.9083900267406
7,2025-12-29,12,1528.6463716876488,1479.1140659215275
7,2025-12-29,13,1539.197812344294,1489.3236111636688
7,2025-12-29,14,1541.6446898265458,1491.6912031513368
7,2025-12-29,15,1691.2972581483211,1636.4946206753275
7,2025-12-29,16,1834.7217274774441,1775.2717465764797
7,2025-12-29,17,2224.334959288577,2152.2604485512647
7,2025-12-29,18,2391.452692240908,2313.963111804777
7,2025-12-29,19,1672.3582987355385,1618.169335128457
7,2025-12-29,20,1054.1934426422524,1020.0347039668397
7,2025-12-29,21,650.7740428481383,629.6871914533178
7,2025-12-29,22,319.79130392715797,309.4291947167858
7,2025-12-29,23,164.33525757387395,159.01034765548854
7,2025-12-30,0,54.7391799504249,51.45289877918866
7,2025-12-30,1,11.076440693200823,10.411463641528748
7,2025-12-30,2,0.14442775681618514,0.1357569981702067
7,2025-12-30,3,-0.5826438640224296,0.0
7,2025-12-30,4,1.8580184377946694,1.7464718086075983
7,2025-12-30,5,195.93042646195437,184.1676913983793
7,2025-12-30,6,706.56413838713,664.145373137901
7,2025-12-30,7,1648.0561296862645,1549.1146432951004
7,2025-12-30,8,2463.3358710507046,2315.448849381833
7,2025-12-30,9,1873.0997006227167,1760.6476638260476
7,2025-12-30,10,1594.270645340134,1498.5581847519247
7,2025-12-30,11,1523.0459814934081,1431.6095124699084
7,2025-12-30,12,1546.8198161632847,1453.9560786766026
7,2025-12-30,13,1564.0940175025378,1470.1932187617276
7,2025-12-30,14,1561.4982581345537,1467.7532964951358
7,2025-12-30,15,1698.6043074470674,1596.6281478115093
7,2025-12-30,16,1848.115046004332,1737.1629695672555
7,2025-12-30,17,2215.7011297741433,2082.6809254075797
7,2025-12-30,18,2357.42831634473,2215.8994827823863
7,2025-12-30,19,1655.7782944365918,1556.3732058386872
7,2025-12-30,20,1074.6340930731465,1010.1181505757763
7,2025-12-30,21,679.5837421306612,638.7847521190303
7,2025-12-30,22,353.679168275079,332.445945701896
7,2025-12-30,23,171.09908152380382,160.82710283254968
7,2025-12-31,0,65.51544064166558,64.3451278935812
7,2025-12-31,1,8.828393428022252,8.670690430488753
7,2025-12-31,2,-4.987210707139354,0.0
7,2025-12-31,3,-4.92373643074535,0.0
7,2025-12-31,4,-27.257681387665798,0.0
7,2025-12-31,5,-27.475628275217787,0.0
7,2025-12-31,6,144.06803169745388,141.49452150755633
7,2025-12-31,7,292.6563367368534,287.4285699945964
7,2025-12-31,8,486.3738581178812,477.68568444591267
7,2025-12-31,9,567.0172473780477,556.8885280030273
7,2025-12-31,10,552.9369538473636,543.0597529976608
7,2025-12-31,11,672.1275630812967,660.121241400348
7,2025-12-31,12,738.1955175700409,690.4847747601732
7,2025-12-31,13,799.1084587593116,747.4608163046987
7,2025-12-31,14,786.4311946553278,735.6029038125873
7,2025-12-31,15,781.8819599924452,731.3476933747461
7,2025-12-31,16,785.866060917648,735.0742955614079
7,2025-12-31,17,845.8883143725436,791.2172159273113
7,2025-12-31,18,814.7884172082089,609.7018834090421
7,2025-12-31,19,676.003342795791,505.8497428149861
7,2025-12-31,20,508.9135841906161,380.81735604026784
7,2025-12-31,21,380.98019232191854,285.08547236853445
7,2025-12-31,22,178.3719113566628,133.47476228744347
7,2025-12-31,23,118.98400637440528,111.29388202184406
11,2025-11-01,0,93.78359094771605,94.44887259090011
11,2025-11-01,1,22.300037102765714,22.458229012212477
11,2025-11-01,2,18.854865081398145,18.98861764404377
11,2025-11-01,3,17.873048265162993,17.999836019805322
11,2025-11-01,4,18.819503923122284,18.953005640931995
11,2025-11-01,5,289.3865497343723,291.4393988242518
11,2025-11-01,6,1158.4767687019269,1166.6947663333274
11,2025-11-01,7,1986.7723945221219,2000.8661521816816
11,2025-11-01,8,2586.6065206113403,2604.9553790727555
11,2025-11-01,9,2070.640376046458,2085.3290760407613
11,2025-11-01,10,1867.8673916980438,1881.1176615484653
11,2025-11-01,11,1837.4573711785988,1850.4919185533079
11,2025-11-01,12,1870.54077600232,1883.8100102950798
11,2025-11-01,13,1908.9503872723585,1922.4920915040657
11,2025-11-01,14,1940.9266609576366,1954.6951983451793
11,2025-11-01,15,2072.960625525152,2087.6657848954524
11,2025-11-01,16,2228.9425205137104,2244.754183594908
11,2025-11-01,17,2489.4321849100056,2507.0917084773587
11,2025-11-01,18,2493.939355710534,2511.630852227163
11,2025-11-01,19,1954.8564937192355,1968.723846495859
11,2025-11-01,20,1314.4700865219493,1323.7946688954812
11,2025-11-01,21,856.9340494292569,863.0129645864137
11,2025-11-01,22,486.6405298606867,490.09265840549966
11,2025-11-01,23,299.24826260717975,301.37106867437615
11,2025-11-02,0,92.31597212098103,89.14074894065485
11,2025-11-02,1,10.297948403979603,9.943748759748292
11,2025-11-02,2,0.06774282917342589,0.06541280332253142
11,2025-11-02,3,2.0642890491208163,1.9932874847211903
11,2025-11-02,4,2.8166952678325856,2.719814566683532
11,2025-11-02,5,107.88249369171388,104.17185741880103
11,2025-11-02,6,456.58172916454396,440.8775248232111
11,2025-11-02,7,478.1435435352069,461.6977170105546
11,2025-11-02,8,658.8559164578497,636.1944578785
11,2025-11-02,9,838.8432969739811,809.9911425740635
11,2025-11-02,10,1020.3859080861891,985.2895654512715
11,2025-11-02,11,1213.7064043180694,1171.9607711349984
11,2025-11-02,12,1298.6968721580467,1254.0279777300136
11,2025-11-02,13,1395.4657428824253,1347.4684670876732
11,2025-11-02,14,1411.334745896313,1362.791653109542
11,2025-11-02,15,1407.085281366728,1358.6883496176226
11,2025-11-02,16,1388.6106073631322,1340.8491150921304
11,2025-11-02,17,1362.7845840837017,1315.9113821690537
11,2025-11-02,18,1282.3294208243296,1238.22348760099
11,2025-11-02,19,1093.3703129775868,1055.7636596251502
11,2025-11-02,20,846.4051060219895,817.2928619450335
11,2025-11-02,21,596.9232481313969,576.3919739564523
11,2025-11-02,22,354.8248067378902,342.6205486293104
11,2025-11-02,23,253.1376585172648,244.43094674604316
11,2025-11-03,0,81.25984728064685,79.81134421777776
11,2025-11-03,1,8.214245869586307,8.06782225817879
11,2025-11-03,2,1.3906820954327372,1.3658923949579826
11,2025-11-03,3,0.46243499910082164,0.45419183184181866
11,2025-11-03,4,-1.5548675644508307,0.0
11,2025-11-03,5,141.2960551482936,138.77737248394197
11,2025-11-03,6,643.1353911988768,631.6711365249333
11,2025-11-03,7,791.8825277820313,777.7667706730713
11,2025-11-03,8,1021.4124485062225,1003.2051898215725
11,2025-11-03,9,1071.4991039560846,1052.3990221090007
11,2025-11-03,10,1099.4751955522343,1079.8764239374455
11,2025-11-03,11,1240.4674761272545,1218.3554368029108
11,2025-11-03,12,1323.7209280802313,1300.1248485541896
11,2025-11-03,13,1398.6203174691423,1373.6891136650281
11,2025-11-03,14,1417.7169944359168,1392.4453814875242
11,2025-11-03,15,1438.598327431239,1412.9544928283306
11,2025-11-03,16,1488.7587355492208,1462.2207631005601
11,2025-11-03,17,1577.7458800301456,1549.6216610446018
11,2025-11-03,18,1602.4115545990733,1573.8476559149271
11,2025-11-03,19,1359.620132851041,1335.3841295520012
11,2025-11-03,20,979.1268903984906,961.6733958726956
11,2025-11-03,21,641.9794355845518,630.5357864778586
11,2025-11-03,22,334.9496507779029,328.97898246759854
11,2025-11-03,23,225.99124501835695,221.96282235273063
11,2025-11-04,0,72.03240096819019,71.72196858246264
11,2025-11-04,1,1.2434701602496716,1.2381112744810603
11,2025-11-04,2,-3.5134335238595327,0.0
11,2025-11-04,3,-2.9037730872937004,0.0
11,2025-11-04,4,-4.769212646148617,0.0
11,2025-11-04,5,107.73525844659548,107.27096025776625
11,2025-11-04,6,612.2212745439094,609.5828325609224
11,2025-11-04,7,771.6090363270988,768.2836934150704
11,2025-11-04,8,974.4786498631514,970.27901569781
11,2025-11-04,9,1023.7743921626211,1019.362312005163
11,2025-11-04,10,1050.0356356607435,1045.510379483026
11,2025-11-04,11,1187.7275727563701,1182.6089164426928
11,2025-11-04,12,1268.1439994790867,1262.6787788018219
11,2025-11-04,13,1343.983881996517,1338.1918201290832
11,2025-11-04,14,1351.3447453104784,1345.5209609080623
11,2025-11-04,15,1364.752313490892,1358.8707475440444
11,2025-11-04,16,1416.3275879912046,1410.2237521312002
11,2025-11-04,17,1492.7217446003908,1486.2886788386604
11,2025-11-04,18,1508.3761334231592,1501.8756031703938
11,2025-11-04,19,1258.9686589042276,1253.5429804722057
11,2025-11-04,20,951.8739964789515,947.7717798144054
11,2025-11-04,21,615.8726034079008,613.2184255794457
11,2025-11-04,22,310.0166162856059,308.680562002878
11,2025-11-04,23,223.45049287392942,222.48750582001344
11,2025-11-05,0,59.881007449109745,58.82185341999293
11,2025-11-05,1,0.5474012799942898,0.5377190402333374
11,2025-11-05,2,-0.6037545608978121,0.0
11,2025-11-05,3,-0.9151195057319228,0.0
11,2025-11-05,4,-5.725044317290383,0.0
11,2025-11-05,5,289.4276900495822,284.30839568375995
11,2025-11-05,6,1270.667272499547,1248.1921602950881
11,2025-11-05,7,2320.686911281833,2279.6394239881074
11,2025-11-05,8,3063.8474412976207,3009.655194034455
11,2025-11-05,9,2265.0269699277987,2224.9639759426673
11,2025-11-05,10,1875.033134815301,1841.8682135144204
11,2025-11-05,11,1772.8094652991927,1741.452640021598
11,2025-11-05,12,1791.2918004333376,1759.6080661647502
11,2025-11-05,13,1832.367674270175,1799.9574045084973
11,2025-11-05,14,1848.7317906241178,1816.0320781742232
11,2025-11-05,15,1992.7662053709523,1957.518863260013
11,2025-11-05,16,2232.8879499180284,2193.3934195240304
11,2025-11-05,17,2691.053005464389,2643.454614009021
11,2025-11-05,18,2839.26575868473,2789.045832598816
11,2025-11-05,19,2166.2636180283794,2127.9475151953757
11,2025-11-05,20,1400.39532003593,1375.6256241213625
11,2025-11-05,21,814.8749482388085,800.4617290659851
11,2025-11-05,22,415.66868029944123,408.31648005646804
11,2025-11-05,23,230.598376537547,226.51963421135773
11,2025-11-06,0,61.63968273495681,61.650169468671606
11,2025-11-06,1,1.2479317202292464,1.2481440303363662
11,2025-11-06,2,-0.44726387504823606,0.0
11,2025-11-06,3,-0.8037705349289013,0.0
11,2025-11-06,4,-6.023900352503631,0.0
11,2025-11-06,5,293.694923573598,293.7448897694032
11,2025-11-06,6,1269.753975366918,1269.9699980852736
11,2025-11-06,7,2307.13044734738,2307.5229584956073
11,2025-11-06,8,3035.134705059261,3035.651071270576
11,2025-11-06,9,2258.5553715693277,2258.9396186600147
11,2025-11-06,10,1858.73487727439,1859.051103069844
11,2025-11-06,11,1768.6184004989636,1768.9192948155176
11,2025-11-06,12,1787.4809738464044,1787.7850772447557
11,2025-11-06,13,1831.7133182974417,1832.0249469262494
11,2025-11-06,14,1857.0887015503913,1857.4046472826506
11,2025-11-06,15,2004.920278422926,2005.26137468018
11,2025-11-06,16,2240.1609074549715,2240.542025103091
11,2025-11-06,17,2685.0729859190565,2685.5297962749632
11,2025-11-06,18,2839.3642874830844,2839.8473473542745
11,2025-11-06,19,2153.42448450316,2153.7908457195376
11,2025-11-06,20,1401.0894462341762,1401.3278130018386
11,2025-11-06,21,815.0096716758187,815.1483289339783
11,2025-11-06,22,428.9360722865452,429.0090470030129
11,2025-11-06,23,234.20469386149597,234.24453900913963
11,2025-11-07,0,65.74625399888481,65.00021897675856
11,2025-11-07,1,1.7943208900780405,1.7739603958519563
11,2025-11-07,2,-0.2132087205509947,0.0
11,2025-11-07,3,-0.7069455053796219,0.0
11,2025-11-07,4,1.961327224670356,1.9390716783775044
11,2025-11-07,5,287.12869941948264,283.87059644637446
11,2025-11-07,6,1292.361526965435,1277.6968593726451
11,2025-11-07,7,2309.099294190585,2282.897513279046
11,2025-11-07,8,3045.1031847645822,3010.5498302592277
11,2025-11-07,9,2286.524138237399,2260.5785218363326
11,2025-11-07,10,1936.547744072521,1914.573375173539
11,2025-11-07,11,1863.3899290716708,1842.2456955616008
11,2025-11-07,12,1887.2483508996402,1865.8333914215684
11,2025-11-07,13,1938.4444585037918,1916.44856723195
11,2025-11-07,14,1990.869609993963,1968.2788407378544
11,2025-11-07,15,2149.908055087528,2125.5126468947838
11,2025-11-07,16,2392.886245721178,2365.733718623551
11,2025-11-07,17,2680.152565116364,2649.740373446064
11,2025-11-07,18,2638.7243499554525,2608.782251979232
11,2025-11-07,19,2091.757811390874,2068.022244872815
11,2025-11-07,20,1405.4532439605211,1389.5053035353028
11,2025-11-07,21,847.4314351099374,837.8154723593685
11,2025-11-07,22,437.12485430999493,432.16471695581777
11,2025-11-07,23,253.1190684493601,250.2468791101105
11,2025-11-08,0,89.4724999176459,90.10719956140535
11,2025-11-08,1,6.292836327264979,6.337476423147265
11,2025-11-08,2,-0.13782444181128994,0.0
11,2025-11-08,3,0.3130856270399818,0.31530659254481713
11,2025-11-08,4,-0.6844979268798852,0.0
11,2025-11-08,5,157.776973381299,158.89621101175223
11,2025-11-08,6,642.0958462807994,646.6507430956749
11,2025-11-08,7,724.6760486814442,729.8167525889294
11,2025-11-08,8,943.6576228628501,950.3517373406306
11,2025-11-08,9,1138.0404908468363,1146.1135176963057
11,2025-11-08,10,1311.4816396977963,1320.785022639811
11,2025-11-08,11,1526.7249438728807,1537.5552188611362
11,2025-11-08,12,1623.471429537442,1634.9880043389674
11,2025-11-08,13,1688.642181575218,1700.621064383561
11,2025-11-08,14,1681.860798398005,1693.7915754588755
11,2025-11-08,15,1696.792923111257,1708.8296256156414
11,2025-11-08,16,1693.063798123172,1705.0740469763937
11,2025-11-08,17,1686.0309972733162,1697.9913568734362
11,2025-11-08,18,1594.8999386364817,1606.2138331159729
11,2025-11-08,19,1359.6844982487216,1369.3298224260725
11,2025-11-08,20,1016.9832673893035,1024.1975390159532
11,2025-11-08,21,704.8744544934831,709.8746899353667
11,2025-11-08,22,424.4886262283122,427.4998618604342
11,2025-11-08,23,287.87380717409764,289.9159251771628
11,2025-11-09,0,93.67514256385505,90.45317049060085
11,2025-11-09,1,9.457685783141187,9.132387111189638
11,2025-11-09,2,-0.041549386449162284,0.0
11,2025-11-09,3,0.3406347203573432,0.3289185326245733
11,2025-11-09,4,-4.189617675404236,0.0
11,2025-11-09,5,113.50861988950123,109.60447207239706
11,2025-11-09,6,505.5532298606155,488.1646426263446
11,2025-11-09,7,573.0604718840631,553.3499618580154
11,2025-11-09,8,757.4385244837921,731.3863007422582
11,2025-11-09,9,956.9540973387273,924.039502360558
11,2025-11-09,10,1153.7350161139266,1114.0521087799923
11,2025-11-09,11,1374.516674389823,1327.2399452822333
11,2025-11-09,12,1472.4364027483625,1421.7917083347495
11,2025-11-09,13,1561.8986107570056,1508.1768488532734
11,2025-11-09,14,1557.3856504676974,1503.819112582012
11,2025-11-09,15,1556.0926352037416,1502.5705707926272
11,2025-11-09,16,1541.347048267556,1488.3321607660444
11,2025-11-09,17,1533.2911600281002,1480.553356139406
11,2025-11-09,18,1441.9647280130932,1392.3681119085727
11,2025-11-09,19,1202.1812923765028,1160.8320673311782
11,2025-11-09,20,916.3043291455215,884.7878896899177
11,2025-11-09,21,620.0602583818497,598.7331828999069
11,2025-11-09,22,356.99116502931236,344.7123946678063
11,2025-11-09,23,240.85184003634046,232.56770103052054
11,2025-11-10,0,64.12394163944901,62.98089585513701
11,2025-11-10,1,3.249931730922981,3.1919998466788595
11,2025-11-10,2,-0.19056154695044825,0.0
11,2025-11-10,3,-0.6446471268174605,0.0
11,2025-11-10,4,1.5535445498752551,1.5258517333846457
11,2025-11-10,5,289.5147780504436,284.3540122259204
11,2025-11-10,6,1297.8315035923938,1274.6969178042991
11,2025-11-10,7,2375.725560172013,2333.3768988637958
11,2025-11-10,8,3092.421290247806,3037.297119325664
11,2025-11-10,9,2303.866706505234,2262.7989701939728
11,2025-11-10,10,1896.0794994222392,1862.2808023502287
11,2025-11-10,11,1799.0053871796172,1766.9370914511276
11,2025-11-10,12,1825.4169295610802,1792.8778330457947
11,2025-11-10,13,1866.3732747718861,1833.1041080747445
11,2025-11-10,14,1900.8564358720569,1866.9725871869157
11,2025-11-10,15,2053.1513323958334,2016.5527404339527
11,2025-11-10,16,2282.56167269323,2241.873710744879
11,2025-11-10,17,2748.6791397902566,2699.68236849336
11,2025-11-10,18,2913.45304118511,2861.5190812416854
11,2025-11-10,19,2224.588693428038,2184.934132856129
11,2025-11-10,20,1448.8135433076932,1422.987616663265
11,2025-11-10,21,831.0353016574063,816.221624052947
11,2025-11-10,22,406.6141808970427,399.36605151770465
11,2025-11-10,23,211.00298987244855,207.24174139201273
11,2025-11-11,0,61.053087394415456,60.78997169479785
11,2025-11-11,1,1.5327949269433248,1.5261891609323843
11,2025-11-11,2,-0.026358767150611584,0.0
11,2025-11-11,3,-0.7279682777933658,0.0
11,2025-11-11,4,1.4579277999540068,1.4516446829250726
11,2025-11-11,5,294.27648806385366,293.0082677765203
11,2025-11-11,6,1333.953683142906,1328.204847636354
11,2025-11-11,7,2452.4082425021597,2441.8392911515853
11,2025-11-11,8,3183.8358223797923,3170.11469498682
11,2025-11-11,9,2366.723601207036,2356.52391823097
11,2025-11-11,10,1971.5571357449962,1963.0604706745403
11,2025-11-11,11,1870.4898298726227,1862.4287266390527
11,2025-11-11,12,1888.069465652108,1879.9326008417768
11,2025-11-11,13,1931.264348407195,1922.941330000362
11,2025-11-11,14,1953.295773686352,1944.8778081749042
11,2025-11-11,15,2101.194470467026,2092.1391175483764
11,2025-11-11,16,2343.0727466567887,2332.9749899125827
11,2025-11-11,17,2810.7633460392744,2798.6500198208155
11,2025-11-11,18,2981.3984226841503,2968.5497238664207
11,2025-11-11,19,2258.463155745517,2248.7300343155443
11,2025-11-11,20,1487.4578596096378,1481.04747919997
11,2025-11-11,21,867.0890392421725,863.3522136543509
11,2025-11-11,22,437.4916403902454,435.60621699970505
11,2025-11-11,23,233.2581202270767,232.252866011208
11,2025-11-12,0,60.94133484861027,59.86342612438718
11,2025-11-12,1,1.1437924566799893,1.1235614612346372
11,2025-11-12,2,-0.09193820785196749,0.0
11,2025-11-12,3,-0.8149565679392481,0.0
11,2025-11-12,4,1.463220028778835,1.4373391116903471
11,2025-11-12,5,298.7233601230669,293.43964724073857
11,2025-11-12,6,1321.605084742518,1298.229002574964
11,2025-11-12,7,2447.813732189065,2404.5176707595897
11,2025-11-12,8,3195.7945115247408,3139.2684312648607
11,2025-11-12,9,2381.9745304108837,2339.8430094393566
11,2025-11-12,10,1986.5462866352277,1951.4089602416311
11,2025-11-12,11,1889.972434229984,1856.5432718977431
11,2025-11-12,12,1908.7829308143143,1875.0210550876986
11,2025-11-12,13,1953.014474333193,1918.470246746985
11,2025-11-12,14,1972.826156824354,1937.9315072224188
11,2025-11-12,15,2119.5174507333504,2082.028177533739
11,2025-11-12,16,2360.429106813607,2318.6786736557992
11,2025-11-12,17,2823.0284577359316,2773.0957312723103
11,2025-11-12,18,2988.3336799302715,2935.477093304979
11,2025-11-12,19,2260.7791046938823,2220.7912454429397
11,2025-11-12,20,1487.9918403891813,1461.672768279706
11,2025-11-12,21,878.2486721356044,862.7145210034702
11,2025-11-12,22,451.16644125741135,443.186369204245
11,2025-11-12,23,245.94355475013103,241.59339235230738
11,2025-11-13,0,62.25751004139613,62.26810188581489
11,2025-11-13,1,1.7363376520276574,1.7366330544338329
11,2025-11-13,2,-0.031467375394754526,0.0
11,2025-11-13,3,-0.8453236003570623,0.0
11,2025-11-13,4,1.4146350559144025,1.4148757271910344
11,2025-11-13,5,299.384280059038,299.4352141827076
11,2025-11-13,6,1326.1545911721726,1326.3802093039544
11,2025-11-13,7,2432.6319520491365,2433.045814716421
11,2025-11-13,8,3174.4137592520947,3174.9538209512602
11,2025-11-13,9,2385.062445158359,2385.468214845122
11,2025-11-13,10,1983.997237137399,1984.334773766298
11,2025-11-13,11,1896.3611980581793,1896.683825204017
11,2025-11-13,12,1916.624122029462,1916.9501964981691
11,2025-11-13,13,1962.8868372388363,1963.2207823641368
11,2025-11-13,14,1985.5008866991411,1985.838679143318
11,2025-11-13,15,2135.130901884121,2135.4941508208585
11,2025-11-13,16,2366.5797074690954,2366.9823326953447
11,2025-11-13,17,2819.0457232555273,2819.525326337794
11,2025-11-13,18,2974.504751119387,2975.0108023817293
11,2025-11-13,19,2254.1794323801387,2254.5629349941023
11,2025-11-13,20,1491.7600490900288,1492.0138416098323
11,2025-11-13,21,881.551488016554,881.70146600639
11,2025-11-13,22,453.80930835664043,453.88651474646724
11,2025-11-13,23,250.6950271594117,250.73767780063497
11,2025-11-14,0,67.8958075080987,67.12538110087795
11,2025-11-14,1,3.563682855831189,3.523245080954372
11,2025-11-14,2,1.4340869854535185,1.4178141326162768
11,2025-11-14,3,0.5486331579460852,0.5424077150465637
11,2025-11-14,4,4.3142150551725535,4.2652608512692005
11,2025-11-14,5,286.39266883935403,283.142917742691
11,2025-11-14,6,1301.3488279897283,1286.582179813853
11,2025-11-14,7,2353.528970485989,2326.8230377403597
11,2025-11-14,8,3099.9598651197466,3064.7840416180106
11,2025-11-14,9,2327.550873706901,2301.139719276789
11,2025-11-14,10,1976.3900897560234,1953.9636223200805
11,2025-11-14,11,1900.063774876853,1878.503396389653
11,2025-11-14,12,1923.5790430978082,1901.751832470669
11,2025-11-14,13,1975.6788327501185,1953.2604360802477
11,2025-11-14,14,2028.629144056828,2005.6099103161794
11,2025-11-14,15,2189.153724019945,2164.312987892763
11,2025-11-14,16,2434.0471507833167,2406.427563209221
11,2025-11-14,17,2726.6689387662464,2695.728917117288
11,2025-11-14,18,2683.295537521714,2652.847681956586
11,2025-11-14,19,2122.9051513422964,2098.816150141096
11,2025-11-14,20,1431.2041826238556,1414.9640414886803
11,2025-11-14,21,866.1036227510499,856.2757832003181
11,2025-11-14,22,456.2431191098905,451.0660432347255
11,2025-11-14,23,269.14314333633024,266.0891258268695
11,2025-11-15,0,90.46458288813318,91.10632016589778
11,2025-11-15,1,6.331377627088841,6.376291127081784
11,2025-11-15,2,-0.43817386747065257,0.0
11,2025-11-15,3,-0.3407975672951693,0.0
11,2025-11-15,4,0.49640363388976994,0.4999250199008988
11,2025-11-15,5,172.74584561316095,173.97126936652108
11,2025-11-15,6,659.611308769169,664.2904566982069
11,2025-11-15,7,773.2731533100819,778.7585951540718
11,2025-11-15,8,1013.7071374284737,1020.8981688581808
11,2025-11-15,9,1214.0609541665895,1222.6732546591547
11,2025-11-15,10,1394.485542889146,1404.377738570658
11,2025-11-15,11,1609.3102572812486,1620.7263756185587
11,2025-11-15,12,1698.572718915498,1710.6220469278758
11,2025-11-15,13,1766.5456418316085,1779.0771558787999
11,2025-11-15,14,1764.711778912062,1777.2302839101847
11,2025-11-15,15,1778.316902099795,1790.9319190635888
11,2025-11-15,16,1750.3652295623633,1762.7819630690242
11,2025-11-15,17,1748.0099631418366,1760.4099888694655
11,2025-11-15,18,1656.9798508725735,1668.7341275724914
11,2025-11-15,19,1402.915708307581,1412.8677058610967
11,2025-11-15,20,1050.2814319145218,1057.73191392069
11,2025-11-15,21,738.4259698426747,743.6642128830866
11,2025-11-15,22,457.0060620495027,460.2479697311446
11,2025-11-15,23,306.2845263578779,308.45724624328744
11,2025-11-16,0,93.38907898482273,90.17694611583973
11,2025-11-16,1,9.471388093244059,9.145618128062713
11,2025-11-16,2,-0.5260338909519078,0.0
11,2025-11-16,3,-0.417188732337479,0.0
11,2025-11-16,4,-3.386363377500061,0.0
11,2025-11-16,5,125.03782342293977,120.73712673710789
11,2025-11-16,6,524.9229461965792,506.86813435465655
11,2025-11-16,7,601.4374116817343,580.7508721023801
11,2025-11-16,8,803.7986343456554,776.1518469322691
11,2025-11-16,9,1004.4269450348165,969.8795135823352
11,2025-11-16,10,1209.4532902642193,1167.8539436448066
11,2025-11-16,11,1424.003070180794,1375.0242482780338
11,2025-11-16,12,1516.1542059406752,1464.0058304315821
11,2025-11-16,13,1608.3252389836305,1553.0066254978517
11,2025-11-16,14,1598.53962589626,1543.5575901964792
11,2025-11-16,15,1596.3137448425814,1541.408268691012
11,2025-11-16,16,1560.984776009135,1507.2944456032008
11,2025-11-16,17,1557.4392762193693,1503.8708938670563
11,2025-11-16,18,1468.4315418894635,1417.9245953296725
11,2025-11-16,19,1224.0873873706364,1181.9846985528168
11,2025-11-16,20,933.4368907121984,901.3311739584736
11,2025-11-16,21,636.5199133132494,614.6267052685702
11,2025-11-16,22,374.3341678948299,361.4588820718077
11,2025-11-16,23,253.98818730666704,245.2522214565943
11,2025-11-17,0,64.34156595551696,63.194640893813606
11,2025-11-17,1,3.78071233450612,3.713318983673877
11,2025-11-17,2,0.257946300982951,0.2533482612433594
11,2025-11-17,3,-0.3797195681647736,0.0
11,2025-11-17,4,1.2979788847544569,1.2748416718132012
11,2025-11-17,5,288.0813645448519,282.9461501325291
11,2025-11-17,6,1298.6039170848658,1275.455562586306
11,2025-11-17,7,2393.4927433031316,2350.827371835528
11,2025-11-17,8,3126.696868735009,3070.961716103181
11,2025-11-17,9,2337.1603718442766,2295.499156984487
11,2025-11-17,10,1931.540976982846,1897.1101588746858
11,2025-11-17,11,1836.2910405643386,1803.5581068265956
11,2025-11-17,12,1856.0837845324077,1822.9980338596129
11,2025-11-17,13,1899.262910577162,1865.4074673880643
11,2025-11-17,14,1939.2745469494976,1904.7058735516896
11,2025-11-17,15,2090.6547115535827,2053.387600496529
11,2025-11-17,16,2322.801520400336,2281.3962602462448
11,2025-11-17,17,2788.297107749417,2738.5941236075064
11,2025-11-17,18,2958.1171191072176,2905.386996534457
11,2025-11-17,19,2253.775707042298,2213.600871327978
11,2025-11-17,20,1477.8423312869315,1451.4989499621606
11,2025-11-17,21,852.657953445995,837.4588397572793
11,2025-11-17,22,427.92361769866676,420.2956354706203
11,2025-11-17,23,221.3923847793747,217.44593941698975
11,2025-11-18,0,62.21198525180233,61.94387514103297
11,2025-11-18,1,2.9182652415011034,2.9056886227999574
11,2025-11-18,2,1.3866784056353367,1.380702346529819
11,2025-11-18,3,0.6703962600883528,0.6675071059354327
11,2025-11-18,4,2.576622986803045,2.565518716916679
11,2025-11-18,5,292.6372119143431,291.3760562867895
11,2025-11-18,6,1329.677888522318,1323.9474800723006
11,2025-11-18,7,2449.2323797996496,2438.677115215339
11,2025-11-18,8,3191.6197915822136,3177.8651182280146
11,2025-11-18,9,2374.3240111809864,2364.091573314496
11,2025-11-18,10,1975.00919026708,1966.4976481481492
11,2025-11-18,11,1872.5899369458418,1864.5197830456239
11,2025-11-18,12,1888.960107550717,1880.8194044108884
11,2025-11-18,13,1930.8662196638404,1922.5449170412096
11,2025-11-18,14,1952.5278690234263,1944.1132128904433
11,2025-11-18,15,2100.312262206752,2091.260711271811
11,2025-11-18,16,2343.516846085322,2333.41717544066
11,2025-11-18,17,2811.8089397561425,2799.6911074244945
11,2025-11-18,18,2986.0192445333296,2973.1506317222943
11,2025-11-18,19,2259.1342244116345,2249.3982109296935
11,2025-11-18,20,1489.490209847701,1483.0710707777002
11,2025-11-18,21,869.7902778935238,866.0418109894655
11,2025-11-18,22,441.47215015846194,439.56957227734307
11,2025-11-18,23,236.38076521464822,235.36205358072542
11,2025-11-19,0,60.7501231918817,59.67559655164927
11,2025-11-19,1,1.0945738293682439,1.0752133955524559
11,2025-11-19,2,-0.11528463712556913,0.0
11,2025-11-19,3,-0.852812569187904,0.0
11,2025-11-19,4,1.222945099339995,1.2013140800146198
11,2025-11-19,5,297.1350377574976,291.8794185580362
11,2025-11-19,6,1319.081324279185,1295.749881491914
11,2025-11-19,7,2442.550860024152,2399.3478864115928
11,2025-11-19,8,3195.4641472544267,3138.9439103606305
11,2025-11-19,9,2380.882858423848,2338.7706465593787
11,2025-11-19,10,1984.6648655965196,1949.560817111203
11,2025-11-19,11,1889.672698615312,1856.248837900353
11,2025-11-19,12,1907.2012322229148,1873.467333020197
11,2025-11-19,13,1950.1440050998287,1915.6505493557036
11,2025-11-19,14,1968.8196447460966,1933.995860909304
11,2025-11-19,15,2114.8650400718698,2077.4580570625394
11,2025-11-19,16,2356.7577936457888,2315.0722973736397
11,2025-11-19,17,2820.2375200129463,2770.3541586662504
11,2025-11-19,18,2986.6664408999254,2933.839343807487
11,2025-11-19,19,2258.9743114265348,2219.018374719021
11,2025-11-19,20,1487.4095850872732,1461.1008117031408
11,2025-11-19,21,878.6805154421297,863.1387260186985
11,2025-11-19,22,453.03159208457544,445.01852990486225
11,2025-11-19,23,247.34394420116237,242.96901221123304
11,2025-11-20,0,61.96672843513488,61.977270808999315
11,2025-11-20,1,1.6874723947585153,1.687759483738694
11,2025-11-20,2,-0.039772700898765834,0.0
11,2025-11-20,3,-0.8295507629782151,0.0
11,2025-11-20,4,1.1433971458259293,1.1435916715091665
11,2025-11-20,5,297.363269569105,297.4138598590963
11,2025-11-20,6,1323.0319132679724,1323.2570001398547
11,2025-11-20,7,2429.592502551922,2430.005848118921
11,2025-11-20,8,3176.2213016920023,3176.761670907615
11,2025-11-20,9,2387.154494002675,2387.5606196088424
11,2025-11-20,10,1985.903129940705,1986.240990818358
11,2025-11-20,11,1900.495263772904,1900.818594245631
11,2025-11-20,12,1918.5377017369126,1918.8641017621437
11,2025-11-20,13,1963.2415194342866,1963.5755249015224
11,2025-11-20,14,1985.0331211688283,1985.370834032249
11,2025-11-20,15,2132.9501069704547,2133.312984889456
11,2025-11-20,16,2365.6099382366283,2366.012398476439
11,2025-11-20,17,2819.0418454253736,2819.5214478479065
11,2025-11-20,18,2969.231863286269,2969.7370174743864
11,2025-11-20,19,2250.871146327082,2251.2540861037087
11,2025-11-20,20,1490.1573426943894,1490.4108625464169
11,2025-11-20,21,880.9628802293478,881.1127580795845
11,2025-11-20,22,453.854991295911,453.93220545775733
11,2025-11-20,23,250.404380316095,250.4469815096911
11,2025-11-21,0,66.51871526886407,65.76391498445155
11,2025-11-21,1,2.111146517451516,2.087190943664979
11,2025-11-21,2,0.04112834121690412,0.04066165024846827
11,2025-11-21,3,-0.7132605848652247,0.0
11,2025-11-21,4,2.8715707132698185,2.8389864641254086
11,2025-11-21,5,285.7306130172483,282.4883743916365
11,2025-11-21,6,1300.8227360696505,1286.062057557039
11,2025-11-21,7,2350.106089390386,2323.438996715766
11,2025-11-21,8,3096.4498342401707,3061.3138397143175
11,2025-11-21,9,2324.17407503339,2297.801237768438
11,2025-11-21,10,1973.9709208418094,1951.5719041673117
11,2025-11-21,11,1902.1789141020233,1880.5945347350369
11,2025-11-21,12,1923.204934294233,1901.381968749552
11,2025-11-21,13,1974.1764594727667,1951.7751105130396
11,2025-11-21,14,2029.9521598276474,2006.9179135799764
11,2025-11-21,15,2190.9650549881026,2166.103765350162
11,2025-11-21,16,2437.3428733304413,2409.6858885771326
11,2025-11-21,17,2728.6296515983586,2697.6673813747343
11,2025-11-21,18,2683.0954819332974,2652.6498964362913
11,2025-11-21,19,2124.967646688823,2100.855241967758
11,2025-11-21,20,1430.0871106849104,1413.8596451736378
11,2025-11-21,21,864.9138091698576,855.0994706560272
11,2025-11-21,22,454.3592566451628,449.20355730919323
11,2025-11-21,23,265.70059310566444,262.68563885656147
11,2025-11-22,0,92.50238271182212,93.1585757254088
11,2025-11-22,1,6.570288376917347,6.616896660983005
11,2025-11-22,2,-0.17080879571784635,0.0
11,2025-11-22,3,-0.057856603853451816,0.0
11,2025-11-22,4,0.8876617436058041,0.8939586347507263
11,2025-11-22,5,170.54961372664928,171.7594578594862
11,2025-11-22,6,662.8293618215644,667.5313379618161
11,2025-11-22,7,770.2626818275675,775.7267680016113
11,2025-11-22,8,1005.4996732895977,1012.6324826447019
11,2025-11-22,9,1208.8266795169063,1217.4018491339673
11,2025-11-22,10,1381.0077769576808,1390.804364119891
11,2025-11-22,11,1600.856571807877,1612.2127214267166
11,2025-11-22,12,1692.1338117414657,1704.1374634612027
11,2025-11-22,13,1758.9919476621337,1771.4698773453827
11,2025-11-22,14,1747.9652919952232,1760.36500083486
11,2025-11-22,15,1761.209896008918,1773.7035593648247
11,2025-11-22,16,1744.7257661372805,1757.1024944420058
11,2025-11-22,17,1745.0713256161514,1757.450505249255
11,2025-11-22,18,1653.5241574619197,1665.2539201784493
11,2025-11-22,19,1407.1708065846396,1417.152988936424
11,2025-11-22,20,1052.5683519068434,1060.0350568564386
11,2025-11-22,21,734.8599021787852,740.0728482633954
11,2025-11-22,22,453.057449734015,456.2713467662139
11,2025-11-22,23,306.98715108397136,309.1648552457089
11,2025-11-23,0,97.88302792983893,94.51632494115098
11,2025-11-23,1,9.907310277476029,9.566546696429622
11,2025-11-23,2,-0.049349698890750915,0.0
11,2025-11-23,3,0.052647983686028965,0.05083714755056329
11,2025-11-23,4,-2.466983528650303,0.0
11,2025-11-23,5,124.24174924601465,119.96843366360136
11,2025-11-23,6,522.6592577937533,504.68230589008994
11,2025-11-23,7,592.6607100879105,572.2760466163115
11,2025-11-23,8,795.7566041965408,768.3864237446551
11,2025-11-23,9,1001.2387727293536,966.8009989923748
11,2025-11-23,10,1195.6258343851678,1154.50208540529
11,2025-11-23,11,1422.4962436318738,1373.5692492783114
11,2025-11-23,12,1513.6462639516253,1461.5841495234222
11,2025-11-23,13,1606.286801222211,1551.0383001415014
11,2025-11-23,14,1598.61555597489,1543.6309086474546
11,2025-11-23,15,1598.5832743138942,1543.5997373195455
11,2025-11-23,16,1573.5128485805815,1519.3916130396015
11,2025-11-23,17,1574.3698645364939,1520.2191517894942
11,2025-11-23,18,1479.997049779676,1429.0923056567815
11,2025-11-23,19,1239.291099365411,1196.6654763505755
11,2025-11-23,20,946.0445692848261,913.5052093344349
11,2025-11-23,21,646.4310387308365,624.1969358827336
11,2025-11-23,22,381.10570841603055,367.99751433308927
11,2025-11-23,23,257.3878863711769,248.5349873076227
11,2025-11-24,0,65.82413364569265,64.65078097045081
11,2025-11-24,1,3.5937804070306356,3.529719224280879
11,2025-11-24,2,0.10127527447798457,0.09946998502466305
11,2025-11-24,3,-0.5599298647100568,0.0
11,2025-11-24,4,1.5638133468114574,1.5359374831664188
11,2025-11-24,5,284.00749164501417,278.94489633758303
11,2025-11-24,6,1295.089700963324,1272.003989368806
11,2025-11-24,7,2373.749533140645,2331.436095639794
11,2025-11-24,8,3102.4502020317573,3047.147260044662
11,2025-11-24,9,2315.0644434634423,2273.797101112741
11,2025-11-24,10,1907.5074151699891,1873.505008990507
11,2025-11-24,11,1815.7460405168117,1783.379333107217
11,2025-11-24,12,1836.8891251578816,1804.1455302215936
11,2025-11-24,13,1880.5377554302668,1847.0160987973916
11,2025-11-24,14,1912.4717806123685,1878.380881791205
11,2025-11-24,15,2064.1750799842075,2027.3799834425076
11,2025-11-24,16,2296.221241014778,2255.2897894806924
11,2025-11-24,17,2762.3136465181187,2713.07383237267
11,2025-11-24,18,2930.096449651552,2877.8658114722334
11,2025-11-24,19,2233.248174141765,2193.439253393749
11,2025-11-24,20,1458.3450956176475,1432.3492636241829
11,2025-11-24,21,838.9890739495899,824.0336158236044
11,2025-11-24,22,413.75988942547224,406.3843837214649
11,2025-11-24,23,213.34453819838419,209.54155028530755
11,2025-11-25,0,61.31530136873937,61.051055626133795
11,2025-11-25,1,1.4466513754886705,1.44041685558134
11,2025-11-25,2,-0.05543459934807515,0.0
11,2025-11-25,3,-0.7577412637542125,0.0
11,2025-11-25,4,1.1890900045327157,1.1839654766537284
11,2025-11-25,5,288.95503691447925,287.7097500675648
11,2025-11-25,6,1327.2303169462955,1321.5104566034267
11,2025-11-25,7,2427.7589174449276,2417.2961953562026
11,2025-11-25,8,3163.0798084451444,3149.448131616603
11,2025-11-25,9,2345.647197958426,2335.538346303475
11,2025-11-25,10,1951.3652255150082,1942.955579935515
11,2025-11-25,11,1849.032439685272,1841.063809682329
11,2025-11-25,12,1866.1453974744284,1858.1030171002367
11,2025-11-25,13,1909.1603043772398,1900.9325460343532
11,2025-11-25,14,1931.7097500424402,1923.3848121231326
11,2025-11-25,15,2077.0503465704287,2068.099045687832
11,2025-11-25,16,2321.1783410725134,2311.174940929896
11,2025-11-25,17,2790.0879640668595,2778.0637409195915
11,2025-11-25,18,2969.425317664588,2956.6282183979747
11,2025-11-25,19,2249.220022924168,2239.526735898363
11,2025-11-25,20,1479.6445441099088,1473.2678361329022
11,2025-11-25,21,860.3408024100565,856.633059168944
11,2025-11-25,22,433.34198962913945,431.47444966284144
11,2025-11-25,23,229.11334225402794,228.12595046252926
11,2025-11-26,0,61.122513698254124,60.04140034677499
11,2025-11-26,1,1.0656271877027166,1.0467787518217577
11,2025-11-26,2,-0.09947921865096987,0.0
11,2025-11-26,3,-0.8655510269235833,0.0
11,2025-11-26,4,1.2731213862329014,1.250602866534826
11,2025-11-26,5,299.47911693554056,294.1820364946646
11,2025-11-26,6,1319.3026089914465,1295.9672521986408
11,2025-11-26,7,2429.7561750697187,2386.779509308314
11,2025-11-26,8,3181.1877351359276,3124.9200143580215
11,2025-11-26,9,2370.4856040893337,2328.5572951732156
11,2025-11-26,10,1976.9498279299582,1941.9822402955429
11,2025-11-26,11,1879.8289770869178,1846.5792286282892
11,2025-11-26,12,1896.762554743546,1863.2132911670794
11,2025-11-26,13,1937.6868073537682,1903.4136901067109
11,2025-11-26,14,1956.1763565367048,1921.5762026991174
11,2025-11-26,15,2100.464869213269,2063.312591320546
11,2025-11-26,16,2343.7650486037487,2302.3093633993617
11,2025-11-26,17,2807.637584810783,2757.9770866506715
11,2025-11-26,18,2981.9019435069767,2929.1591191551856
11,2025-11-26,19,2254.5341923493406,2214.6567908938323
11,2025-11-26,20,1484.2054904320019,1457.9533899381292
11,2025-11-26,21,876.0057476895988,860.511268609843
11,2025-11-26,22,451.75957460369244,443.76901141819087
11,2025-11-26,23,248.19114254250027,243.80122560868114
11,2025-11-27,0,62.18001986249976,62.19059852354646
11,2025-11-27,1,1.7465465549222472,1.7468436941648473
11,2025-11-27,2,-0.03110804469542927,0.0
11,2025-11-27,3,-0.7663884089733415,0.0
11,2025-11-27,4,1.3250300013509104,1.3252554281566913
11,2025-11-27,5,298.38046623746357,298.4312295827031
11,2025-11-27,6,1322.7628330398347,1322.987874133209
11,2025-11-27,7,2414.958097682622,2415.3689535043773
11,2025-11-27,8,3158.5473957983136,3159.0847581596313
11,2025-11-27,9,2373.185837093572,2373.58958621792
11,2025-11-27,10,1975.2307980753533,1975.5668432736027
11,2025-11-27,11,1887.8098596333004,1888.1310319434708
11,2025-11-27,12,1905.3580443220956,1905.682202097665
11,2025-11-27,13,1948.2458653027516,1948.5773195655556
11,2025-11-27,14,1969.4642739138972,1969.7993380557773
11,2025-11-27,15,2116.4421167078935,2116.802186129343
11,2025-11-27,16,2348.981065991452,2349.3806971681092
11,2025-11-27,17,2803.337090227259,2803.8140208062896
11,2025-11-27,18,2960.8770387706063,2961.3807715558864
11,2025-11-27,19,2245.777921468278,2246.159994736667
11,2025-11-27,20,1486.181507546905,1486.4343509917444
11,2025-11-27,21,877.474686430425,877.6239708356943
11,2025-11-27,22,451.7689917956031,451.8458510672177
11,2025-11-27,23,252.731113876081,252.77411091589477
11,2025-11-28,0,67.06333650764697,66.30235630433089
11,2025-11-28,1,2.188593313529168,2.1637589364844807
11,2025-11-28,2,0.026391794726635,0.026092322103249178
11,2025-11-28,3,-0.7780491942244794,0.0
11,2025-11-28,4,2.903584276332083,2.870636763309127
11,2025-11-28,5,288.2726463581299,285.0015628054787
11,2025-11-28,6,1300.790694202225,1286.030379274667
11,2025-11-28,7,2338.91998650282,2312.3798246266506
11,2025-11-28,8,3081.949567054915,3046.9781097687132
11,2025-11-28,9,2312.254588722396,2286.0170040945586
11,2025-11-28,10,1960.4837951405482,1938.2378194000805
11,2025-11-28,11,1886.6787161265097,1865.270220400587
11,2025-11-28,12,1908.6846823024002,1887.026480768703
11,2025-11-28,13,1957.7257062449985,1935.5110270542968
11,2025-11-28,14,2010.3576873299667,1987.5457832209613
11,2025-11-28,15,2168.678982267211,2144.0705768583202
11,2025-11-28,16,2415.593403765939,2388.1832143054553
11,2025-11-28,17,2711.0606722309835,2680.297760497218
11,2025-11-28,18,2676.749207555953,2646.3756344194626
11,2025-11-28,19,2121.636577755895,2097.5619712960834
11,2025-11-28,20,1429.3228013794082,1413.1040086285586
11,2025-11-28,21,864.2738654315997,854.4667884788757
11,2025-11-28,22,453.69019966782855,448.54209224632604
11,2025-11-28,23,268.10915380164346,265.0668691645286
11,2025-11-29,0,92.2924126075257,92.94711613606925
11,2025-11-29,1,6.896883113888805,6.945808194326536
11,2025-11-29,2,-0.18348991499237854,0.0
11,2025-11-29,3,-0.11271941844114508,0.0
11,2025-11-29,4,1.0568143891799195,1.0643112146508713
11,2025-11-29,5,173.06553891236337,174.29323050470535
11,2025-11-29,6,663.7264055617026,668.4347451470668
11,2025-11-29,7,765.541443046905,770.9720377171354
11,2025-11-29,8,995.7898928539506,1002.8538230094218
11,2025-11-29,9,1197.8062113238534,1206.3032039899783
11,2025-11-29,10,1362.869650566091,1372.53756956356
11,2025-11-29,11,1580.944134676535,1592.1590295325675
11,2025-11-29,12,1666.384320088632,1678.205310172737
11,2025-11-29,13,1729.827599666494,1742.0986434205429
11,2025-11-29,14,1721.04287429561,1733.2516010017555
11,2025-11-29,15,1732.7953924585333,1745.0874891286135
11,2025-11-29,16,1717.4311272988418,1729.6142330093257
11,2025-11-29,17,1719.7356615627639,1731.9351151687206
11,2025-11-29,18,1634.8221891941741,1646.4192839668322
11,2025-11-29,19,1388.564604398873,1398.4147981518154
11,2025-11-29,20,1038.3656881125864,1045.731642265468
11,2025-11-29,21,723.4150828572253,728.546841730648
11,2025-11-29,22,446.2155935079496,449.3809558092163
11,2025-11-29,23,306.1856989972942,308.3577178215887
11,2025-11-30,0,97.06716402121299,93.72852280704944
11,2025-11-30,1,10.300134733544326,9.94585989014483
11,2025-11-30,2,0.10236185384968621,0.09884110090025358
11,2025-11-30,3,0.1812381556835021,0.1750044392434947
11,2025-11-30,4,-2.7447593586837797,0.0
11,2025-11-30,5,125.39577948498584,121.08277084099944
11,2025-11-30,6,519.9690833230528,502.08466041672585
11,2025-11-30,7,586.0348108284031,565.878046261359
11,2025-11-30,8,781.9117179839961,755.0177346908581
11,2025-11-30,9,988.0012380682404,954.0187715326118
11,2025-11-30,10,1175.4634154889786,1135.0331562528552
11,2025-11-30,11,1392.0108886962498,1344.1324431845414
11,2025-11-30,12,1480.8710295874591,1429.9362247840447
11,2025-11-30,13,1569.3246050951943,1515.3474248839057
11,2025-11-30,14,1565.8650888624481,1512.0068992860686
11,2025-11-30,15,1562.5673373167642,1508.8225744520385
11,2025-11-30,16,1537.412932731575,1484.5333597867639
11,2025-11-30,17,1543.6377949184198,1490.5441168057175
11,2025-11-30,18,1458.3656244316417,1408.2048967731848
11,2025-11-30,19,1222.590247278326,1180.5390528424218
11,2025-11-30,20,932.2554905464006,900.1904082474239
11,2025-11-30,21,634.1267376817451,612.3158433100432
11,2025-11-30,22,373.9898987826655,361.12645415288534
11,2025-11-30,23,253.04018423226134,244.3368251052476
11,2025-12-01,0,66.33274693492478,65.1503279380995
11,2025-12-01,1,3.1304712681264277,3.074668834675574
11,2025-12-01,2,-0.8139413181818327,0.0
11,2025-12-01,3,-1.0588456998866604,0.0
11,2025-12-01,4,1.710390038995115,1.6799013623227521
11,2025-12-01,5,295.6646327362507,290.39424224903496
11,2025-12-01,6,1299.482567578848,1276.3185506347593
11,2025-12-01,7,2320.4970369335397,2279.1328555098635
11,2025-12-01,8,2990.656837001805,2937.346675423157
11,2025-12-01,9,2283.065266320579,2242.3683275289773
11,2025-12-01,10,1874.733832322917,1841.3156339253078
11,2025-12-01,11,1774.606155523406,1742.9727899968352
11,2025-12-01,12,1788.97119667818,1757.0817661107894
11,2025-12-01,13,1824.453040600665,1791.931125955124
11,2025-12-01,14,1860.9695885423107,1827.7967456301167
11,2025-12-01,15,2011.704751251149,1975.844968205881
11,2025-12-01,16,2239.7878131119055,2199.86231957431
11,2025-12-01,17,2722.048132102086,2673.5260736860837
11,2025-12-01,18,2904.7673523983385,2852.9882198048513
11,2025-12-01,19,2225.908676715502,2186.2305866896404
11,2025-12-01,20,1449.7849010124355,1423.941659363641
11,2025-12-01,21,847.3682772181087,832.263455021121
11,2025-12-01,22,432.8998971667544,425.18320992273215
11,2025-12-01,23,218.38663741574618,214.49377121217248
11,2025-12-02,0,63.15241133267779,62.88024834142738
11,2025-12-02,1,2.03506727191035,2.0262969021900044
11,2025-12-02,2,0.016896974381950258,0.016824154817442302
11,2025-12-02,3,-0.28820851578507245,0.0
11,2025-12-02,4,2.825321685239487,2.813145618089039
11,2025-12-02,5,302.0075471971158,300.7060089709288
11,2025-12-02,6,1330.7994495920693,1325.0642076383238
11,2025-12-02,7,2379.5766098201184,2369.321535241469
11,2025-12-02,8,3061.546143465424,3048.352038305016
11,2025-12-02,9,2327.71044593218,2317.6788948898543
11,2025-12-02,10,1932.4871239226875,1924.1588358161725
11,2025-12-02,11,1829.6331948012414,1821.7481682016241
11,2025-12-02,12,1841.3275926738718,1833.392167645458
11,2025-12-02,13,1876.892796626752,1868.804099029833
11,2025-12-02,14,1900.3656011927578,1892.1757446920233
11,2025-12-02,15,2047.6422992361101,2038.817735907321
11,2025-12-02,16,2286.7120182096783,2276.8571548739665
11,2025-12-02,17,2760.0591383182546,2748.16432804481
11,2025-12-02,18,2941.519418286792,2928.842582884819
11,2025-12-02,19,2245.4998367159787,2235.8225822847344
11,2025-12-02,20,1474.2694387391339,1467.9158954319337
11,2025-12-02,21,870.0548221824506,866.3052151926304
11,2025-12-02,22,452.1506584242642,450.2020602140655
11,2025-12-02,23,231.64743372723663,230.64912096057807
11,2025-12-03,0,63.25497620317714,62.13614461096952
11,2025-12-03,1,1.8684003931256825,1.835352789408188
11,2025-12-03,2,-0.03848349052515232,0.0
11,2025-12-03,3,-0.3575611007299244,0.0
11,2025-12-03,4,3.0762543408195597,3.021842644716481
11,2025-12-03,5,305.80886707415766,300.399828257025
11,2025-12-03,6,1322.306524360355,1298.918035377534
11,2025-12-03,7,2378.8778425729006,2336.80109471793
11,2025-12-03,8,3084.5377164343313,3029.979506920226
11,2025-12-03,9,2353.2548157954625,2311.6312789535586
11,2025-12-03,10,1962.780714371557,1928.0637449941432
11,2025-12-03,11,1865.6803634169346,1832.6808706205495
11,2025-12-03,12,1882.2646578856147,1848.9718279685826
11,2025-12-03,13,1918.2306210066674,1884.3016378855814
11,2025-12-03,14,1937.983898078427,1903.7055259959645
11,2025-12-03,15,2083.3147943601257,2046.4658609108938
11,2025-12-03,16,2321.4178932241894,2280.357476581035
11,2025-12-03,17,2783.6884173944286,2734.451523616467
11,2025-12-03,18,2959.937387197259,2907.583064130002
11,2025-12-03,19,2251.310171149401,2211.4897950378095
11,2025-12-03,20,1479.115395407183,1452.9533267094307
11,2025-12-03,21,884.2462110606398,868.6059775864102
11,2025-12-03,22,469.1479687448164,460.84984580875295
11,2025-12-03,23,249.232562924936,244.82422571662502
11,2025-12-04,0,64.41106887863316,64.42202710712567
11,2025-12-04,1,2.3516538510183977,2.352053936914866
11,2025-12-04,2,-0.010684918261688381,0.0
11,2025-12-04,3,-0.2985890509474416,0.0
11,2025-12-04,4,3.1070894126548865,3.1076180204908272
11,2025-12-04,5,313.8160831338744,313.86947253422863
11,2025-12-04,6,1330.744419212483,1330.97081820981
11,2025-12-04,7,2371.5090170479025,2371.9124808955503
11,2025-12-04,8,3068.194175845337,3068.7161664507357
11,2025-12-04,9,2362.3806595776396,2362.7825704216084
11,2025-12-04,10,1967.053293268441,1967.3879472311817
11,2025-12-04,11,1878.8124508376006,1879.132092422336
11,2025-12-04,12,1896.0113523384473,1896.3339199651775
11,2025-12-04,13,1933.9408838299332,1934.2699043921593
11,2025-12-04,14,1956.0409546766948,1956.3737351148282
11,2025-12-04,15,2104.762948206353,2105.1210306556986
11,2025-12-04,16,2334.469371196512,2334.8665335045393
11,2025-12-04,17,2787.500655671347,2787.9748920043203
11,2025-12-04,18,2948.2815403232476,2948.7831302415893
11,2025-12-04,19,2253.52575735111,2253.9091487556116
11,2025-12-04,20,1491.9709447883301,1492.2247731877314
11,2025-12-04,21,897.114198261939,897.2668239292286
11,2025-12-04,22,476.1272000869371,476.20820341044794
11,2025-12-04,23,256.45842577151757,256.5020569373616
11,2025-12-05,0,69.13871663165361,68.35418670249672
11,2025-12-05,1,2.85352567151989,2.821146182834097
11,2025-12-05,2,0.011876132199688527,0.01174137150977121
11,2025-12-05,3,-0.36854838512579136,0.0
11,2025-12-05,4,4.560172276738172,4.508427150309622
11,2025-12-05,5,303.18801224242327,299.7476812476639
11,2025-12-05,6,1309.448769863302,1294.5902101343368
11,2025-12-05,7,2303.5432891691826,2277.404553284196
11,2025-12-05,8,2999.1752046773713,2965.1430035390385
11,2025-12-05,9,2307.891219917663,2281.7031472505046
11,2025-12-05,10,1958.7231505945037,1936.4971532164973
11,2025-12-05,11,1887.7009156308295,1866.2808208162373
11,2025-12-05,12,1907.2350598890498,1885.5933074915913
11,2025-12-05,13,1954.0715635577644,1931.89834860654
11,2025-12-05,14,2003.8439167870908,1981.1059256488709
11,2025-12-05,15,2162.4751254315634,2137.9371163447468
11,2025-12-05,16,2402.9652268979326,2375.6983317186605
11,2025-12-05,17,2709.2237993475756,2678.4817309534506
11,2025-12-05,18,2677.3322220185196,2646.9520333080454
11,2025-12-05,19,2136.1889641693997,2111.9492290633207
11,2025-12-05,20,1445.6015115257187,1429.1980012108174
11,2025-12-05,21,889.8000755603783,879.7033479343469
11,2025-12-05,22,482.8464298844161,477.36748127376967
11,2025-12-05,23,268.16546593873875,265.1225423172881
11,2025-12-06,0,92.63133641708288,93.28844420192178
11,2025-12-06,1,6.811377790001188,6.859696313131804
11,2025-12-06,2,-0.29248083912597167,0.0
11,2025-12-06,3,0.16412183094081456,0.16528607769514872
11,2025-12-06,4,1.5096354146377848,1.5203444599953995
11,2025-12-06,5,176.07251893584538,177.32154143043613
11,2025-12-06,6,632.4710970169529,636.9577178259646
11,2025-12-06,7,721.0004787456303,726.1151089105575
11,2025-12-06,8,938.89075310666,945.5510523838047
11,2025-12-06,9,1161.2824629634433,1169.5203636170006
11,2025-12-06,10,1326.530844362845,1335.9409832896436
11,2025-12-06,11,1547.1389351533119,1558.1140228270888
11,2025-12-06,12,1634.8176905833732,1646.4147534438048
11,2025-12-06,13,1702.9666036305598,1715.0471009638568
11,2025-12-06,14,1695.7896401544317,1707.819225574395
11,2025-12-06,15,1709.059611424581,1721.1833313109512
11,2025-12-06,16,1691.9808614211524,1703.98342814255
11,2025-12-06,17,1701.1323426435195,1713.1998281039382
11,2025-12-06,18,1607.5753826740145,1618.9791941651295
11,2025-12-06,19,1374.7363819637856,1384.488481130554
11,2025-12-06,20,1039.6147732040863,1046.9895881115388
11,2025-12-06,21,736.340512868933,741.5639621034322
11,2025-12-06,22,462.5199629577927,465.8009851265166
11,2025-12-06,23,296.43857394971286,298.5414486593233
11,2025-12-07,0,97.13203430184478,93.79116186361412
11,2025-12-07,1,10.079367778832989,9.732686251475604
11,2025-12-07,2,-0.19507656425525965,0.0
11,2025-12-07,3,0.32270152809422825,0.31160215548524284
11,2025-12-07,4,-1.1086440355879859,0.0
11,2025-12-07,5,130.5061600265306,126.01737899578393
11,2025-12-07,6,495.19128278998295,478.15909644470304
11,2025-12-07,7,557.6212280646307,538.4417533917928
11,2025-12-07,8,739.3842395264246,713.9529959119885
11,2025-12-07,9,972.0741991373819,938.6395457487671
11,2025-12-07,10,1167.0383442287293,1126.897866716687
11,2025-12-07,11,1388.4303379507387,1340.675046076091
11,2025-12-07,12,1479.712001407978,1428.8170615711301
11,2025-12-07,13,1572.3175299507918,1518.2374075924388
11,2025-12-07,14,1568.6899088278954,1514.734559100044
11,2025-12-07,15,1565.9896232025485,1512.1271502468755
11,2025-12-07,16,1538.403418384729,1485.4897775215131
11,2025-12-07,17,1543.0276360920157,1489.9549444933994
11,2025-12-07,18,1446.8384617131635,1397.0742127292651
11,2025-12-07,19,1215.440285210079,1173.6350149060013
11,2025-12-07,20,935.0446488870614,902.8836330241153
11,2025-12-07,21,647.5522875086692,625.279619122789
11,2025-12-07,22,392.10730767859724,378.62071176337736
11,2025-12-07,23,245.245340920918,236.81008672310062
11,2025-12-08,0,67.45485911804343,66.25243783240609
11,2025-12-08,1,4.088673827014077,4.015790887164974
11,2025-12-08,2,0.07625750935727638,0.07489817581719119
11,2025-12-08,3,-0.17340211967763253,0.0
11,2025-12-08,4,2.760241099005384,2.71103822919986
11,2025-12-08,5,303.2648212831087,297.8589531060262
11,2025-12-08,6,1308.971777380205,1285.6386098664136
11,2025-12-08,7,2344.6123764727768,2302.8183253858697
11,2025-12-08,8,3026.427336993345,2972.479545877699
11,2025-12-08,9,2317.286585463975,2275.979632166396
11,2025-12-08,10,1912.146041456771,1878.0609491215948
11,2025-12-08,11,1821.2152860402787,1788.751086213981
11,2025-12-08,12,1837.8317039958501,1805.0713070548884
11,2025-12-08,13,1875.0571194756635,1841.6331583004144
11,2025-12-08,14,1904.315451865528,1870.36994425007
11,2025-12-08,15,2057.0009573213915,2020.3337436024908
11,2025-12-08,16,2284.867709724271,2244.1386413523383
11,2025-12-08,17,2759.320028331023,2710.133577134905
11,2025-12-08,18,2924.25021816537,2872.123792392269
11,2025-12-08,19,2246.514423213399,2206.46902401931
11,2025-12-08,20,1469.16843169708,1442.979667573096
11,2025-12-08,21,862.6625360278912,847.2850849561067
11,2025-12-08,22,443.8886020106558,435.9760348436947
11,2025-12-08,23,223.1837388467565,219.2053615777766
11,2025-12-09,0,63.748297382339274,63.473566347742654
11,2025-12-09,1,2.064916332426833,2.0560173245527773
11,2025-12-09,2,0.0021245379757601768,0.0021153820211686413
11,2025-12-09,3,-0.22523156425063462,0.0
11,2025-12-09,4,2.9247499989108974,2.912145433359632
11,2025-12-09,5,309.6864230393378,308.35179176453147
11,2025-12-09,6,1342.3132306792993,1336.5283686867433
11,2025-12-09,7,2409.851208517093,2399.465661876231
11,2025-12-09,8,3103.387813948085,3090.013387023913
11,2025-12-09,9,2368.0029355666984,2357.797739143738
11,2025-12-09,10,1976.7076431585017,1968.1887813504304
11,2025-12-09,11,1876.6243145160158,1868.5367739753804
11,2025-12-09,12,1890.611397595341,1882.4635780203917
11,2025-12-09,13,1928.2489884758888,1919.9389651291222
11,2025-12-09,14,1950.713953280312,1942.3071144376602
11,2025-12-09,15,2098.647324017652,2089.6029483361685
11,2025-12-09,16,2337.0439720281684,2326.972197020873
11,2025-12-09,17,2803.5028184177622,2791.4207823254255
11,2025-12-09,18,2974.4180499061395,2961.599433853188
11,2025-12-09,19,2271.4413144287864,2261.6522620467945
11,2025-12-09,20,1498.9115805860417,1492.4518389739098
11,2025-12-09,21,890.7537400182794,886.9149285266045
11,2025-12-09,22,465.1794417445102,463.17469440926686
11,2025-12-09,23,237.06567644766264,236.04401310554715
11,2025-12-10,0,63.541563223566186,62.41766258175055
11,2025-12-10,1,1.7967495133577813,1.7649692449980032
11,2025-12-10,2,-0.01888988440407502,0.0
11,2025-12-10,3,-0.3040255502594391,0.0
11,2025-12-10,4,3.0943471080170752,3.039615393462547
11,2025-12-10,5,314.7599631474085,309.19260051651816
11,2025-12-10,6,1335.8127012070681,1312.1853197567596
11,2025-12-10,7,2410.357146947565,2367.723604317714
11,2025-12-10,8,3115.2659132805074,3060.164194315183
11,2025-12-10,9,2380.4384116726987,2338.334061024786
11,2025-12-10,10,1991.86239116746,1956.631035401707
11,2025-12-10,11,1897.104497013269,1863.5491852831703
11,2025-12-10,12,1912.6298799055887,1878.7999607073716
11,2025-12-10,13,1951.6039965551083,1917.084716999758
11,2025-12-10,14,1970.3117937134296,1935.4616172747399
11,2025-12-10,15,2116.799170414153,2079.357977193069
11,2025-12-10,16,2354.2384928201664,2312.59755704781
11,2025-12-10,17,2816.8942865965273,2767.070059177167
11,2025-12-10,18,2982.9838822460997,2930.2219209454893
11,2025-12-10,19,2274.1662819286903,2233.9416350332044
11,2025-12-10,20,1500.4686408658363,1473.9288835331442
11,2025-12-10,21,902.9271579069602,886.9565024681901
11,2025-12-10,22,480.19565959021963,471.70212901541043
11,2025-12-10,23,250.97262880016723,246.53351392359062
11,2025-12-11,0,64.5164293626471,64.52740551607516
11,2025-12-11,1,2.4082344354114866,2.4086441473393623
11,2025-12-11,2,-0.011820385404462286,0.0
11,2025-12-11,3,-0.2938052276407461,0.0
11,2025-12-11,4,3.08634949018915,3.0868745695506643
11,2025-12-11,5,315.35587614731594,315.40952751201837
11,2025-12-11,6,1335.486898930218,1335.7141047636567
11,2025-12-11,7,2394.1353254679243,2394.54263872006
11,2025-12-11,8,3091.654916224989,3092.1808981964396
11,2025-12-11,9,2381.400630893413,2381.805777597231
11,2025-12-11,10,1987.4975962088258,1987.835728352365
11,2025-12-11,11,1901.8973236971744,1902.220892701776
11,2025-12-11,12,1917.795880244761,1918.1221540642086
11,2025-12-11,13,1958.8011685847766,1959.13441861696
11,2025-12-11,14,1979.8627574614102,1980.1995906929928
11,2025-12-11,15,2130.5032312632534,2130.8656928963032
11,2025-12-11,16,2359.6943765680508,2360.095830395803
11,2025-12-11,17,2812.4566767121073,2812.9351588026125
11,2025-12-11,18,2965.4924672945776,2965.9969853008024
11,2025-12-11,19,2266.656992344503,2267.04261776058
11,2025-12-11,20,1502.7811924250705,1503.0368599674284
11,2025-12-11,21,905.2521472863485,905.4061574595379
11,2025-12-11,22,481.8607001878878,481.9426789493981
11,2025-12-11,23,255.6796724057775,255.7231710826337
11,2025-12-12,0,68.72470282596043,67.94487078877312
11,2025-12-12,1,2.8169084352453524,2.7849444491777735
11,2025-12-12,2,0.02556998376633146,0.025279836385384002
11,2025-12-12,3,-0.4116566972114697,0.0
11,2025-12-12,4,4.436023565350524,4.38568717753465
11,2025-12-12,5,301.9162075023422,298.4903079134759
11,2025-12-12,6,1309.3513482208741,1294.4938939534788
11,2025-12-12,7,2316.3940745557247,2290.1095184090946
11,2025-12-12,8,3014.4901769355315,2980.2841939469404
11,2025-12-12,9,2319.5730997877295,2293.2524706481145
11,2025-12-12,10,1973.3434152722173,1950.9515190206034
11,2025-12-12,11,1904.3342525827952,1882.7254161875617
11,2025-12-12,12,1923.0885437299376,1901.2668988907255
11,2025-12-12,13,1971.6950424664,1949.3218506088447
11,2025-12-12,14,2022.9121441527825,1999.957782277685
11,2025-12-12,15,2183.960045981069,2159.178243488505
11,2025-12-12,16,2426.554983690439,2399.020411135495
11,2025-12-12,17,2723.651840088947,2692.746054022118
11,2025-12-12,18,2678.99359836603,2648.594557707881
11,2025-12-12,19,2137.2517730571703,2112.999978060164
11,2025-12-12,20,1444.0909626590314,1427.704592824213
11,2025-12-12,21,889.1807968631426,879.0910963081379
11,2025-12-12,22,482.937544697937,477.45756219048604
11,2025-12-12,23,265.6227221375791,262.60865150489326
11,2025-12-13,0,92.48124941244043,93.13729251071679
11,2025-12-13,1,6.789840800362811,6.838006544486873
11,2025-12-13,2,-0.2617429191504357,0.0
11,2025-12-13,3,0.21512150122111962,0.2166475292220776
11,2025-12-13,4,1.4876526611357122,1.4982057653289527
11,2025-12-13,5,176.15043541355442,177.40001063172716
11,2025-12-13,6,633.9657758662776,638.4629996218267
11,2025-12-13,7,728.4456425797828,733.613087216616
11,2025-12-13,8,950.7485949887681,957.4930113748039
11,2025-12-13,9,1174.6842679762976,1183.017238297912
11,2025-12-13,10,1344.6927814776539,1354.2317574776016
11,2025-12-13,11,1565.0931713371854,1576.195622696121
11,2025-12-13,12,1652.1082314083324,1663.827949834576
11,2025-12-13,13,1723.4980171518043,1735.724160140021
11,2025-12-13,14,1717.070792089415,1729.2513416555053
11,2025-12-13,15,1731.5125880464473,1743.7955847639819
11,2025-12-13,16,1713.1288673566721,1725.2814537136658
11,2025-12-13,17,1720.8629041666197,1733.0703542014205
11,2025-12-13,18,1621.4919489474526,1632.9944817178907
11,2025-12-13,19,1382.6118013102505,1392.4197670936694
11,2025-12-13,20,1044.0246930979167,1051.430791076572
11,2025-12-13,21,740.5861779171119,745.8397450324803
11,2025-12-13,22,464.89708746531625,468.19497246987777
11,2025-12-13,23,297.4329669029456,299.5428956331071
11,2025-12-14,0,97.37164456741937,94.02253069434252
11,2025-12-14,1,10.384165813855645,10.027000707504438
11,2025-12-14,2,0.05248456481945141,0.05067934950301995
11,2025-12-14,3,0.5615216418910336,0.5422080118373886
11,2025-12-14,4,-0.9570586453627925,0.0
11,2025-12-14,5,132.49361435394104,127.93647450179817
11,2025-12-14,6,499.0211045588996,481.8571908583442
11,2025-12-14,7,570.4245216050052,550.8046755262242
11,2025-12-14,8,752.8904315372138,726.9946402073034
11,2025-12-14,9,986.6891462505498,952.7518093307237
11,2025-12-14,10,1181.1788462030374,1140.5520037790661
11,2025-12-14,11,1400.033973418368,1351.8795725762645
11,2025-12-14,12,1490.5486952792278,1439.2810255584004
11,2025-12-14,13,1583.7118919785019,1529.2398586473867
11,2025-12-14,14,1581.9147406297839,1527.5045206175332
11,2025-12-14,15,1582.4925146227613,1528.0624219781444
11,2025-12-14,16,1554.3041471879787,1500.8435981189543
11,2025-12-14,17,1557.8921856492468,1504.3082254019357
11,2025-12-14,18,1464.042903231702,1413.6869046268102
11,2025-12-14,19,1227.7682159886435,1185.5389244596986
11,2025-12-14,20,945.2235034741327,912.7123842185507
11,2025-12-14,21,657.2385497793283,634.6327207952776
11,2025-12-14,22,396.3809609233988,382.74737199563947
11,2025-12-14,23,249.7357567572333,241.14605396157106
11,2025-12-15,0,67.56810480907279,66.36366485448883
11,2025-12-15,1,4.065964024163918,3.993485899485979
11,2025-12-15,2,0.05778428656304868,0.05675424874150067
11,2025-12-15,3,-0.13026590096063728,0.0
11,2025-12-15,4,2.539089278718336,2.493828566076097
11,2025-12-15,5,302.4752429523731,297.08344945877474
11,2025-12-15,6,1309.6153469452724,1286.2707074374107
11,2025-12-15,7,2356.901555693552,2314.8884429871964
11,2025-12-15,8,3046.149430791151,2991.8500821199805
11,2025-12-15,9,2333.5731095947804,2291.9758397278697
11,2025-12-15,10,1929.3045226974407,1894.913570660788
11,2025-12-15,11,1835.8270204124572,1803.1023580982244
11,2025-12-15,12,1851.5552967458223,1818.5502689472212
11,2025-12-15,13,1889.2602286742706,1855.5830889875558
11,2025-12-15,14,1920.197608929652,1885.9689928181504
11,2025-12-15,15,2072.693421361838,2035.7464805330887
11,2025-12-15,16,2303.415668261041,2262.355971963391
11,2025-12-15,17,2776.9127712778813,2727.4127194180214
11,2025-12-15,18,2947.4724071650953,2894.9320326458633
11,2025-12-15,19,2259.876788154637,2219.5931971943523
11,2025-12-15,20,1481.218283133543,1454.8147235441857
11,2025-12-15,21,867.3596046843671,851.8984256883606
11,2025-12-15,22,447.0806868266167,439.11121892961995
11,2025-12-15,23,225.91187233512994,221.88486453279234
11,2025-12-16,0,63.58036983360603,63.30636250318811
11,2025-12-16,1,2.4212788085357033,2.4108440132638194
11,2025-12-16,2,0.3553589859496924,0.35382752321465455
11,2025-12-16,3,0.1273915162571484,0.12684250703655306
11,2025-12-16,4,2.9888530617614038,2.975972236270644
11,2025-12-16,5,310.1123562353297,308.7758893496536
11,2025-12-16,6,1344.606356028667,1338.8116115337452
11,2025-12-16,7,2424.7032575675407,2414.253704216397
11,2025-12-16,8,3128.909532767793,3115.425116894834
11,2025-12-16,9,2391.3577326891973,2381.05188592984
11,2025-12-16,10,2000.8562325577432,1992.2332994689928
11,2025-12-16,11,1901.040769914389,1892.8480036919987
11,2025-12-16,12,1913.6631318243935,1905.4159679994164
11,2025-12-16,13,1951.3838204631754,1942.9740947464934
11,2025-12-16,14,1973.759750221789,1965.253592716572
11,2025-12-16,15,2122.40597011484,2113.2592036607257
11,2025-12-16,16,2361.6279657225587,2351.4502430068615
11,2025-12-16,17,2825.737859320915,2813.559998617687
11,2025-12-16,18,2995.8248544072612,2982.9139831288453
11,2025-12-16,19,2284.94192572037,2275.094690813352
11,2025-12-16,20,1511.1236983421431,1504.6113271244608
11,2025-12-16,21,894.6134885549459,890.7580430078954
11,2025-12-16,22,470.09827886091165,468.0723331993523
11,2025-12-16,23,241.9084162680993,240.8658825502125
11,2025-12-17,0,63.47453838739273,62.35182325711586
11,2025-12-17,1,2.064899881930785,2.0283766649236474
11,2025-12-17,2,0.2733956446464276,0.26855991941557966
11,2025-12-17,3,0.022110233331090967,0.021719155363051766
11,2025-12-17,4,2.952044980161986,2.8998302551921387
11,2025-12-17,5,310.21858554697053,304.73154919294404
11,2025-12-17,6,1332.1654690336472,1308.602598532906
11,2025-12-17,7,2409.1674917318596,2366.5549913016753
11,2025-12-17,8,3129.274572054019,3073.925072899039
11,2025-12-17,9,2394.4372635460754,2352.08530616948
11,2025-12-17,10,2007.1430482070148,1971.6414135972605
11,2025-12-17,11,1915.1732342299797,1881.2983290822117
11,2025-12-17,12,1929.0037718952094,1894.8842371007972
11,2025-12-17,13,1967.9778885447297,1933.1689933931843
11,2025-12-17,14,1984.6410377744826,1949.5374107472342
11,2025-12-17,15,2132.305123186279,2094.5896661701536
11,2025-12-17,16,2366.2254196772024,2324.37246339253
11,2025-12-17,17,2826.3395780971846,2776.348285710562
11,2025-12-17,18,2992.9516848216927,2940.0134165631816
11,2025-12-17,19,2282.8453199844607,2242.4671613409732
11,2025-12-17,20,1506.8743274163774,1480.2212685710977
11,2025-12-17,21,903.1408338188817,887.1663989563397
11,2025-12-17,22,482.1651293472266,473.6367634896254
11,2025-12-17,23,252.72915239204363,248.25896874894443
11,2025-12-18,0,64.38516545403269,64.3961192755863
11,2025-12-18,1,2.338274458298997,2.3386722679649186
11,2025-12-18,2,-0.06788307340713118,0.0
11,2025-12-18,3,-0.40586911292621153,0.0
11,2025-12-18,4,2.4327592548352754,2.4331731391605302
11,2025-12-18,5,314.639183565533,314.6927129996231
11,2025-12-18,6,1333.0031531292163,1333.2299364040098
11,2025-12-18,7,2392.2391300288423,2392.6461206820327
11,2025-12-18,8,3100.868406490005,3101.395955948741
11,2025-12-18,9,2392.1765052322635,2392.583485231123
11,2025-12-18,10,1999.0654382217929,1999.4055383975067
11,2025-12-18,11,1915.5480910531912,1915.873982457194
11,2025-12-18,12,1930.2327625047812,1930.561152205861
11,2025-12-18,13,1971.2380508447968,1971.5734167586122
11,2025-12-18,14,1988.7782812920907,1989.1166313180531
11,2025-12-18,15,2135.8648132259877,2136.228187022758
11,2025-12-18,16,2366.2973078103932,2366.699884992105
11,2025-12-18,17,2819.4051655587227,2819.88482979276
11,2025-12-18,18,2975.907023483972,2976.4133133143314
11,2025-12-18,19,2273.2055705386656,2273.5923100616405
11,2025-12-18,20,1507.9607871001308,1508.2173358447874
11,2025-12-18,21,905.1279714719539,905.2819605191632
11,2025-12-18,22,482.7481010159362,482.8302307505821
11,2025-12-18,23,254.98465716079542,255.02803759499562
11,2025-12-19,0,69.26896535331264,68.48295746758735
11,2025-12-19,1,2.8103777364627263,2.7784878554538306
11,2025-12-19,2,0.049776453966558165,0.049211631247731674
11,2025-12-19,3,-0.40259184842051354,0.0
11,2025-12-19,4,4.194316431262962,4.146722739435975
11,2025-12-19,5,303.76851267022334,300.3215946287022
11,2025-12-19,6,1314.0882277534993,1299.177023229443
11,2025-12-19,7,2322.9935782417524,2296.634136294351
11,2025-12-19,8,3026.2392166125824,2991.8999150766626
11,2025-12-19,9,2331.5204307056424,2305.064232970958
11,2025-12-19,10,1983.7484610211911,1961.238496772339
11,2025-12-19,11,1917.5261000239288,1895.7675732722257
11,2025-12-19,12,1934.8321372562039,1912.8772356681532
11,2025-12-19,13,1982.1498653507026,1959.6580406654587
11,2025-12-19,14,2033.8191186635524,2010.7409933118224
11,2025-12-19,15,2195.3548834091525,2170.4437815683254
11,2025-12-19,16,2438.6382488022036,2410.9665651815076
11,2025-12-19,17,2734.7953547513894,2703.7631211426533
11,2025-12-19,18,2691.833276419685,2661.2885415368733
11,2025-12-19,19,2147.6800267851145,2123.3099004455985
11,2025-12-19,20,1450.390368625113,1433.9325182543942
11,2025-12-19,21,895.0205654376543,884.8645999380678
11,2025-12-19,22,488.58470486799854,483.0406429795003
11,2025-12-19,23,268.777896734686,265.7280237466233
11,2025-12-20,0,93.32704605602487,93.98908906297562
11,2025-12-20,1,6.7970571671295374,6.845274102685831
11,2025-12-20,2,-0.22690569671794947,0.0
11,2025-12-20,3,0.24059175949366818,0.24229846830567905
11,2025-12-20,4,1.5579634845389023,1.5690153593556027
11,2025-12-20,5,176.24503714290688,177.4952834464296
11,2025-12-20,6,634.2645664076642,638.7639097222997
11,2025-12-20,7,736.0704001421989,741.2919332521727
11,2025-12-20,8,963.3821362541062,970.2161724020567
11,2025-12-20,9,1188.3055318989777,1196.7351286853407
11,2025-12-20,10,1358.824758451629,1368.4639838104217
11,2025-12-20,11,1580.3915775143712,1591.6025526427297
11,2025-12-20,12,1666.7769060615776,1678.600681070407
11,2025-12-20,13,1736.877921163084,1749.1989784581249
11,2025-12-20,14,1728.9785638555632,1741.243584722946
11,2025-12-20,15,1742.0293916741246,1754.3869924490189
11,2025-12-20,16,1722.8839843439043,1735.10577150877
11,2025-12-20,17,1731.498396598687,1743.7812926449892
11,2025-12-20,18,1629.8276584188839,1641.389323010126
11,2025-12-20,19,1391.794128599217,1401.6672319373542
11,2025-12-20,20,1053.26089461401,1060.7325123201497
11,2025-12-20,21,747.44090415816,752.743097301719
11,2025-12-20,22,472.7865745584102,476.1404259733441
11,2025-12-20,23,303.6229167220258,305.77675569219036
11,2025-12-21,0,98.26227815043711,94.88253078747762
11,2025-12-21,1,10.2088486652072,9.857713621276478
11,2025-12-21,2,-0.1169700099800366,0.0
11,2025-12-21,3,0.4048040730103821,0.39088076974463126
11,2025-12-21,4,-1.1453433868827005,0.0
11,2025-12-21,5,132.10459080238098,127.56083147984991
11,2025-12-21,6,496.50631938835016,479.4289021410478
11,2025-12-21,7,568.6504569749225,549.0916301434875
11,2025-12-21,8,753.4909397618665,727.5744938519188
11,2025-12-21,9,990.0792818489191,956.0253406526166
11,2025-12-21,10,1187.367509281226,1146.5278067637125
11,2025-12-21,11,1406.134635732883,1357.7704015981071
11,2025-12-21,12,1497.1071722248093,1445.6139226011028
11,2025-12-21,13,1588.711471412083,1534.0674767167027
11,2025-12-21,14,1587.9523008515973,1533.334417953624
11,2025-12-21,15,1587.0138597570974,1532.4282546962977
11,2025-12-21,16,1558.2937338694069,1504.6959623044293
11,2025-12-21,17,1563.2721929455768,1509.503186454532
11,2025-12-21,18,1457.3278256207304,1407.2027932245908
11,2025-12-21,19,1224.55516184921,1182.4363838505758
11,2025-12-21,20,944.2068016262876,911.7306519994772
11,2025-12-21,21,656.9783157308652,634.3814375400955
11,2025-12-21,22,400.5690994945141,386.79145884560734
11,2025-12-21,23,250.81365158360092,242.18687441651622
11,2025-12-22,0,67.95247416074227,66.74118260353046
11,2025-12-22,1,4.092075065890697,4.019131497021295
11,2025-12-22,2,0.08393162289638667,0.08243549391134063
11,2025-12-22,3,-0.12218266374929954,0.0
11,2025-12-22,4,2.5592647856111626,2.5136444330667187
11,2025-12-22,5,304.0406058764021,298.6209088970622
11,2025-12-22,6,1312.684281690248,1289.2849366725113
11,2025-12-22,7,2356.5364036282053,2314.529799965403
11,2025-12-22,8,3039.0920485800357,2984.9185017666177
11,2025-12-22,9,2324.666129218709,2283.227631350361
11,2025-12-22,10,1920.2854613080508,1886.055279177864
11,2025-12-22,11,1830.6737848830087,1798.0409819273384
11,2025-12-22,12,1847.0422958247063,1814.1177148381007
11,2025-12-22,13,1883.1883302411552,1849.6194256025253
11,2025-12-22,14,1911.7024400185028,1877.6252551316363
11,2025-12-22,15,2063.5373173423063,2026.753589282964
11,2025-12-22,16,2293.4252363065148,2252.5436251489405
11,2025-12-22,17,2768.2662056822537,2718.9202837791645
11,2025-12-22,18,2935.851236297031,2883.518015767867
11,2025-12-22,19,2252.338644152059,2212.189424902299
11,2025-12-22,20,1475.1376389865136,1448.842470342573
11,2025-12-22,21,869.7211436953087,854.2178689213146
11,2025-12-22,22,449.6930441073845,441.67700945387594
11,2025-12-22,23,227.09486150698345,223.04676624883444
11,2025-12-23,0,64.32370454213833,64.04649372046006
11,2025-12-23,1,2.0474347342245665,2.038611065422419
11,2025-12-23,2,-0.03579636265396857,0.0
11,2025-12-23,3,-0.28936531395373777,0.0
11,2025-12-23,4,2.5395937213661455,2.5286490335991703
11,2025-12-23,5,310.1047676796863,308.768333497813
11,2025-12-23,6,1345.2994590667756,1339.5017275600817
11,2025-12-23,7,2411.232601335978,2400.841101414889
11,2025-12-23,8,3106.862634041467,3093.4732319578243
11,2025-12-23,9,2368.344695347516,2358.1380260692476
11,2025-12-23,10,1977.9150730596225,1969.3910076856591
11,2025-12-23,11,1879.1508234085873,1871.0523945708446
11,2025-12-23,12,1892.2398313196154,1884.0849938116353
11,2025-12-23,13,1928.8457329629534,1920.5331378733003
11,2025-12-23,14,1951.9226145971365,1943.5105668816573
11,2025-12-23,15,2099.7667173203045,2090.717517477349
11,2025-12-23,16,2338.2425114265934,2328.165571168108
11,2025-12-23,17,2805.478158787162,2793.3876097254497
11,2025-12-23,18,2978.0210099190494,2965.186866472072
11,2025-12-23,19,2275.420811137557,2265.614608630889
11,2025-12-23,20,1503.0102407035915,1496.5328354175924
11,2025-12-23,21,895.8988897934391,892.0379046535427
11,2025-12-23,22,471.51411959685544,469.4820721975841
11,2025-12-23,23,241.74568760284572,240.70385518391745
11,2025-12-24,0,64.47102433767583,63.33068371721165
11,2025-12-24,1,1.7454473436451394,1.7145744898741984
11,2025-12-24,2,-0.05035230315905892,0.0
11,2025-12-24,3,-0.33148540098318335,0.0
11,2025-12-24,4,2.826734329039425,2.776736054438094
11,2025-12-24,5,315.50927686520197,309.92866063893837
11,2025-12-24,6,1337.1872370696565,1313.5355433163481
11,2025-12-24,7,2407.3025168506983,2364.7230034349905
11,2025-12-24,8,3117.9136465852544,3062.7650954519822
11,2025-12-24,9,2385.448148046272,2343.2551869575714
11,2025-12-24,10,1994.8391400295263,1959.5551325852991
11,2025-12-24,11,1897.311069144309,1863.7521036395958
11,2025-12-24,12,1912.34706571313,1878.522148832078
11,2025-12-24,13,1949.0216833205168,1914.5480788061082
11,2025-12-24,14,1968.8152547318618,1933.9915485440845
11,2025-12-24,15,2113.850395683255,2076.4613593441313
11,2025-12-24,16,2351.3502751750357,2309.7604251723765
11,2025-12-24,17,2815.0510839682725,2765.259458463498
11,2025-12-24,18,2982.6122841666647,2929.8568955611345
11,2025-12-24,19,2273.001533737088,2232.797488494657
11,2025-12-24,20,1499.3826124044685,1472.862064358153
11,2025-12-24,21,903.7228193484063,887.7380905321595
11,2025-12-24,22,481.82824584605834,473.30583866438474
11,2025-12-24,23,251.29992918085156,246.85502513118485
11,2025-12-25,0,65.07095000817816,65.08202050197416
11,2025-12-25,1,2.002934780441933,2.0032755389072374
11,2025-12-25,2,-0.4095385923585013,0.0
11,2025-12-25,3,-0.13751314300526474,0.0
11,2025-12-25,4,2.6550757274471266,2.6555274343818636
11,2025-12-25,5,320.9601552750569,321.01476009344805
11,2025-12-25,6,1341.9749044842404,1342.2032141193788
11,2025-12-25,7,2369.362065659439,2369.7651642471355
11,2025-12-25,8,3062.742170456839,3063.2632335148173
11,2025-12-25,9,2380.033113682455,2380.4380277311357
11,2025-12-25,10,2011.524518717348,2011.8667385512704
11,2025-12-25,11,1926.7579430677858,1927.0857415992728
11,2025-12-25,12,1945.3248146423552,1945.6557719480193
11,2025-12-25,13,1985.3852913187666,1985.723064096749
11,2025-12-25,14,2007.7507904085364,2008.0923682196233
11,2025-12-25,15,2152.872415615219,2153.2386829083453
11,2025-12-25,16,2358.2207182835446,2358.6219213984227
11,2025-12-25,17,2801.692949113517,2802.1695999755
11,2025-12-25,18,2946.2424968330474,2946.743739849764
11,2025-12-25,19,2257.8975635844063,2258.2816987624933
11,2025-12-25,20,1505.2317446557524,1505.4878291095474
11,2025-12-25,21,909.3573263982062,909.5120349838189
11,2025-12-25,22,487.68877887702035,487.77174916714614
11,2025-12-25,23,257.436911351257,257.4807089864478
11,2025-12-26,0,68.05228963550542,67.28008759636221
11,2025-12-26,1,2.687444302237054,2.6569493698639266
11,2025-12-26,2,-0.09423919279129223,0.0
11,2025-12-26,3,-0.30634875743476186,0.0
11,2025-12-26,4,2.648285324366327,2.6182347362279708
11,2025-12-26,5,312.2141631480945,308.67141073339013
11,2025-12-26,6,1317.9895187540621,1303.034045552463
11,2025-12-26,7,2298.9611269675365,2272.874385732763
11,2025-12-26,8,3013.362770844349,2979.1695807432156
11,2025-12-26,9,2334.8213011745975,2308.32764784627
11,2025-12-26,10,2000.8032182661545,1978.099730501897
11,2025-12-26,11,1930.2264918300043,1908.3238513607012
11,2025-12-26,12,1949.3106961804453,1927.191503680435
11,2025-12-26,13,1984.1216904261241,1961.6074910735142
11,2025-12-26,14,2034.5355397155822,2011.4492850003844
11,2025-12-26,15,2189.349985256885,2164.507022116796
11,2025-12-26,16,2419.072185388468,2391.6225215432564
11,2025-12-26,17,2709.1627859604578,2678.421409896631
11,2025-12-26,18,2672.9175423517195,2642.5874478358583
11,2025-12-26,19,2130.807657751492,2106.628985334287
11,2025-12-26,20,1451.0855824266064,1434.6198433350519
11,2025-12-26,21,896.5115763590837,886.338692080128
11,2025-12-26,22,493.0886243118577,487.4934556083307
11,2025-12-26,23,269.51234448317416,266.4541375793525
11,2025-12-27,0,93.52716300019944,94.19062559588745
11,2025-12-27,1,6.72919941401608,6.7769349805286225
11,2025-12-27,2,-0.3969622050995554,0.0
11,2025-12-27,3,0.11924240033278011,0.12008828157094711
11,2025-12-27,4,2.861793403771628,2.8820943817878772
11,2025-12-27,5,182.50189925269024,183.7965304583425
11,2025-12-27,6,632.3677349971421,636.8536225770921
11,2025-12-27,7,725.7057067473853,730.8537148389298
11,2025-12-27,8,941.1794144129133,947.8559489860104
11,2025-12-27,9,1161.5291491113953,1169.7687997061118
11,2025-12-27,10,1317.911199887681,1327.2601928167398
11,2025-12-27,11,1532.7128693256127,1543.5856214342705
11,2025-12-27,12,1614.880463596914,1626.3360958403682
11,2025-12-27,13,1681.2892173040034,1693.2159396853122
11,2025-12-27,14,1677.7417517631063,1689.6433091482752
11,2025-12-27,15,1684.9899530609773,1696.9429277060406
11,2025-12-27,16,1656.7882899637104,1668.5412077696585
11,2025-12-27,17,1659.5589117834495,1671.3314838148142
11,2025-12-27,18,1566.3142637685019,1577.4253773077933
11,2025-12-27,19,1352.4539712764422,1362.0480035719554
11,2025-12-27,20,1028.3141950281988,1035.6088459416965
11,2025-12-27,21,736.9262388173786,742.1538430721483
11,2025-12-27,22,464.8871992562866,468.18501411591245
11,2025-12-27,23,301.30704295707034,303.44445359165735
11,2025-12-28,0,97.94545467653995,94.57660450953992
11,2025-12-28,1,10.062873409501606,9.716759208714507
11,2025-12-28,2,-0.33330572297353456,0.0
11,2025-12-28,3,0.07260264007641126,0.07010546022305512
11,2025-12-28,4,-1.2420525826907465,0.0
11,2025-12-28,5,137.64961179120593,132.91513055160468
11,2025-12-28,6,484.352513607375,467.69312852675296
11,2025-12-28,7,538.1680204586704,519.6576420895706
11,2025-12-28,8,725.7031949784604,700.7425131615304
11,2025-12-28,9,948.2917283285879,915.6750769699853
11,2025-12-28,10,1136.1163912859834,1097.0394794767005
11,2025-12-28,11,1351.573311019629,1305.0857227024565
11,2025-12-28,12,1433.6114021293233,1384.3021000547542
11,2025-12-28,13,1522.0632614434346,1469.7116429897555
11,2025-12-28,14,1521.2057758367012,1468.8836507427598
11,2025-12-28,15,1512.4521034816685,1460.4310624009925
11,2025-12-28,16,1475.659490381402,1424.9039373338005
11,2025-12-28,17,1476.2569459301772,1425.4808432998318
11,2025-12-28,18,1382.074021654198,1334.5373563333583
11,2025-12-28,19,1183.1447136193312,1142.450254859354
11,2025-12-28,20,920.2686814920007,888.6158874795818
11,2025-12-28,21,647.8117947825219,625.530200600894
11,2025-12-28,22,394.7726966080069,381.19442419825634
11,2025-12-28,23,254.23877034602444,245.49418565073037
11,2025-12-29,0,66.75477795247627,62.28659421175809
11,2025-12-29,1,3.8939571342228874,3.633317873815568
11,2025-12-29,2,0.018308606696109564,0.01708313308562134
11,2025-12-29,3,-0.1846467196478443,0.0
11,2025-12-29,4,-0.3656974147770029,0.0
11,2025-12-29,5,303.13301656375245,282.8430229868242
11,2025-12-29,6,1296.6600538265793,1209.8690323079202
11,2025-12-29,7,2286.539399652911,2133.491505833025
11,2025-12-29,8,3007.7271269964035,2806.4070438866997
11,2025-12-29,9,2310.875263916123,2156.198466273134
11,2025-12-29,10,1933.932997656985,1804.486563396937
11,2025-12-29,11,1845.661034836842,1722.1230218333974
11,2025-12-29,12,1868.0712856927016,1743.0332584345342
11,2025-12-29,13,1894.6506898871817,1767.8335890510255
11,2025-12-29,14,1915.6645188209673,1787.4408722415385
11,2025-12-29,15,2063.938478841888,1925.7902198578004
11,2025-12-29,16,2273.72725932364,2121.5369370343465
11,2025-12-29,17,2729.336359512652,2546.6501650771415
11,2025-12-29,18,2884.15767949944,2691.108629761288
11,2025-12-29,19,2222.3129583785703,2073.5640158761544
11,2025-12-29,20,1460.5673979608068,1362.8053545541527
11,2025-12-29,21,859.5456347738759,802.0125570301957
11,2025-12-29,22,439.0987200539218,409.7079584980695
11,2025-12-29,23,229.31947796516332,213.97014126894388
11,2025-12-30,0,62.14738523575545,56.929189244477314
11,2025-12-30,1,2.1579098968146013,1.9767213121238507
11,2025-12-30,2,0.11264775583140363,0.10318930370705397
11,2025-12-30,3,-0.8317631461180781,0.0
11,2025-12-30,4,-1.7479061241397176,0.0
11,2025-12-30,5,302.9448582341065,277.5081381079308
11,2025-12-30,6,1321.4228714601238,1210.4697958885824
11,2025-12-30,7,2326.1211254238888,2130.808709851321
11,2025-12-30,8,3061.2559600501254,2804.218057032778
11,2025-12-30,9,2351.7069727095286,2154.246245261362
11,2025-12-30,10,1983.1572772624552,1816.6417703746263
11,2025-12-30,11,1890.0065620154107,1731.3124411286642
11,2025-12-30,12,1909.746169589125,1749.3946154777977
11,2025-12-30,13,1939.7872812396363,1776.9133296405696
11,2025-12-30,14,1956.0826558281954,1791.8404655167224
11,2025-12-30,15,2098.1375522666613,1921.96774362781
11,2025-12-30,16,2313.950980720716,2119.6604295445745
11,2025-12-30,17,2744.271986402166,2513.8495957561663
11,2025-12-30,18,2880.2579093219283,2638.4174808106463
11,2025-12-30,19,2231.7197157439587,2044.3337005451822
11,2025-12-30,20,1478.7689245904157,1354.6043109859672
11,2025-12-30,21,885.1472843377392,810.8260237842939
11,2025-12-30,22,467.225165072958,427.99467332886985
11,2025-12-30,23,242.71762745651165,222.3378778370953
11,2025-12-31,0,61.33144123119416,58.19824694050511
11,2025-12-31,1,-8.063468229361092,0.0
11,2025-12-31,2,-7.865650225954937,0.0
11,2025-12-31,3,-5.726756168696852,0.0
11,2025-12-31,4,-29.662585717602838,0.0
11,2025-12-31,5,69.34246511871254,65.8000175347195
11,2025-12-31,6,529.2167196643927,502.1810138126555
11,2025-12-31,7,629.6371573823486,597.4713463869814
11,2025-12-31,8,779.800178439722,739.9630994812226
11,2025-12-31,9,880.331121691004,835.358292273859
11,2025-12-31,10,892.3618935584473,846.7744569354229
11,2025-12-31,11,1052.8658033915572,999.0788214158207
11,2025-12-31,12,1128.7919320260237,1020.1201596989685
11,2025-12-31,13,1202.471783526552,1086.7066578363263
11,2025-12-31,14,1196.5460693245327,1081.3514277477798
11,2025-12-31,15,1209.1193045551477,1092.7142045071478
11,2025-12-31,16,1255.9741780571871,1135.058235930003
11,2025-12-31,17,1343.9210698391294,1214.5382488041157
11,2025-12-31,18,1324.7197806799898,957.7484146600002
11,2025-12-31,19,1139.2510790196402,823.6579016512278
11,2025-12-31,20,847.9216796036329,613.0320209904079
11,2025-12-31,21,571.197763214964,412.9656400960946
11,2025-12-31,22,279.79048299087435,202.28345302122312
11,2025-12-31,23,205.16173436044838,185.41027383518977
12,2025-11-01,0,74.89184448945923,76.32960996666428
12,2025-11-01,1,16.95989667726758,17.285490927292656
12,2025-11-01,2,14.886250714763207,15.17203533535321
12,2025-11-01,3,12.348554597661462,12.58562080446851
12,2025-11-01,4,17.537338054374686,17.874017961092743
12,2025-11-01,5,365.6336674219814,372.65306276344865
12,2025-11-01,6,1208.1601809783028,1231.3543086030925
12,2025-11-01,7,2240.853034004015,2283.8726865942867
12,2025-11-01,8,2744.8708795724515,2797.5666118906774
12,2025-11-01,9,2141.271700936759,2182.379601935997
12,2025-11-01,10,1924.2044373973163,1961.14510470274
12,2025-11-01,11,1858.9751451596483,1894.6635476140568
12,2025-11-01,12,1885.6635193928287,1921.8642823502637
12,2025-11-01,13,1913.1945834331382,1949.923884760775
12,2025-11-01,14,1938.2880977751504,1975.4991416592518
12,2025-11-01,15,2073.448397252034,2113.2542338509
12,2025-11-01,16,2304.587049893349,2348.8302611820877
12,2025-11-01,17,2544.0999693460303,2592.9413235871984
12,2025-11-01,18,2527.504616373816,2576.027374835322
12,2025-11-01,19,1978.0297285349918,2016.0037279198405
12,2025-11-01,20,1318.9122588085406,1344.23259276619
12,2025-11-01,21,881.2878935628985,898.2067625997245
12,2025-11-01,22,509.63556389703666,519.4194919698754
12,2025-11-01,23,287.64558123758457,293.1677697908681
12,2025-11-02,0,72.37109716283516,71.3838388771825
12,2025-11-02,1,5.140376611384795,5.070253598194236
12,2025-11-02,2,-0.20984753451222105,0.0
12,2025-11-02,3,0.9032276336715768,0.8909061545157981
12,2025-11-02,4,4.092417243463785,4.036590083308028
12,2025-11-02,5,151.55759726965215,149.49010762912047
12,2025-11-02,6,490.9212689058834,484.22431239519307
12,2025-11-02,7,580.7962865641,572.8732901101903
12,2025-11-02,8,679.6392732606586,670.3678993270587
12,2025-11-02,9,799.9744517841473,789.0615122710523
12,2025-11-02,10,980.1415936592426,966.7708842546904
12,2025-11-02,11,1078.4892051175912,1063.7768759491719
12,2025-11-02,12,1150.0819696697185,1134.3929999256031
12,2025-11-02,13,1240.928016951849,1223.9997608570475
12,2025-11-02,14,1254.0977303406448,1236.9898181514566
12,2025-11-02,15,1230.2805469436921,1213.497539482653
12,2025-11-02,16,1232.1979211478856,1215.3887576156526
12,2025-11-02,17,1206.533433754968,1190.074375151622
12,2025-11-02,18,1121.438207018707,1106.1399843147512
12,2025-11-02,19,997.8395898857538,984.2274513181924
12,2025-11-02,20,752.3868383396606,742.1230704919031
12,2025-11-02,21,544.3058183364545,536.8806106202784
12,2025-11-02,22,318.8442283047614,314.4946796787658
12,2025-11-02,23,200.99951975195995,198.25756268530336
12,2025-11-03,0,67.0437203347409,67.07136334042634
12,2025-11-03,1,5.929616152948142,5.932061011500294
12,2025-11-03,2,1.8332309560665863,1.833986821246625
12,2025-11-03,3,-12.169796660781458,0.0
12,2025-11-03,4,-7.419295302239618,0.0
12,2025-11-03,5,154.7640334856331,154.8278447275538
12,2025-11-03,6,704.6998316560193,704.9903886441421
12,2025-11-03,7,958.0848867439647,958.4799177153841
12,2025-11-03,8,1104.8419145883295,1105.2974554081707
12,2025-11-03,9,1086.090539005991,1086.538348387612
12,2025-11-03,10,1073.2875628444176,1073.7300933909578
12,2025-11-03,11,1149.1297028627505,1149.6035041188704
12,2025-11-03,12,1216.9295370536606,1217.431293071131
12,2025-11-03,13,1291.659938875504,1292.1925072183067
12,2025-11-03,14,1316.9683157303552,1317.511319049048
12,2025-11-03,15,1344.5951660349015,1345.1495602665125
12,2025-11-03,16,1433.7031332112122,1434.2942678270228
12,2025-11-03,17,1523.1993355017426,1523.8273705761853
12,2025-11-03,18,1529.0197360278214,1529.6501709297802
12,2025-11-03,19,1325.7661932670512,1326.312824066104
12,2025-11-03,20,950.623392445842,951.0153469452476
12,2025-11-03,21,628.1558974517174,628.4148943713082
12,2025-11-03,22,331.0324553348908,331.1689443602492
12,2025-11-03,23,192.2256953757215,192.30495255243588
12,2025-11-04,0,63.529950094722324,64.10613479494278
12,2025-11-04,1,4.3293733129443694,4.36863855179222
12,2025-11-04,2,1.0190254286632694,1.0282674768666118
12,2025-11-04,3,-4.9698745564620594,0.0
12,2025-11-04,4,-1.6595524098626129,0.0
12,2025-11-04,5,127.25058265165643,128.4046814461416
12,2025-11-04,6,659.6744371487541,665.6573525649466
12,2025-11-04,7,913.3369332772238,921.62043997471
12,2025-11-04,8,1046.4377516597579,1055.9284158479156
12,2025-11-04,9,1026.29226856807,1035.6002233550923
12,2025-11-04,10,1019.0538077692399,1028.2961133568026
12,2025-11-04,11,1091.5956043081787,1101.4958275114473
12,2025-11-04,12,1156.5584132688296,1167.0478164816946
12,2025-11-04,13,1233.049842796147,1244.232984809781
12,2025-11-04,14,1240.6256369899484,1251.8774876473005
12,2025-11-04,15,1260.7787224795866,1272.2133514880009
12,2025-11-04,16,1351.109521544105,1363.3634054756235
12,2025-11-04,17,1421.4491930232898,1434.341022403599
12,2025-11-04,18,1416.9881865815935,1429.839556876771
12,2025-11-04,19,1223.7987789379013,1234.898018454399
12,2025-11-04,20,903.512450192894,911.7068537692173
12,2025-11-04,21,592.2244778144736,597.5956560178874
12,2025-11-04,22,293.91007863007746,296.5756952454651
12,2025-11-04,23,187.92341644716578,189.6277873337881
12,2025-11-05,0,50.97474495106326,51.19264182318603
12,2025-11-05,1,0.9316900902881571,0.9356726969035793
12,2025-11-05,2,-0.42872226148261916,0.0
12,2025-11-05,3,0.8831045068580465,0.8868794293218396
12,2025-11-05,4,1.2958706799295783,1.3014100145177814
12,2025-11-05,5,367.2131354311833,368.78282633772267
12,2025-11-05,6,1373.2163801449656,1379.0863370082827
12,2025-11-05,7,2615.239477349346,2626.4185916835813
12,2025-11-05,8,3322.599739982061,3336.802539649878
12,2025-11-05,9,2403.032486157913,2413.3044995411265
12,2025-11-05,10,1970.133694392833,1978.5552366699742
12,2025-11-05,11,1871.4077415413396,1879.4072694200895
12,2025-11-05,12,1894.0058467568958,1902.1019725969911
12,2025-11-05,13,1918.1060229161924,1926.3051674767885
12,2025-11-05,14,1930.7876644539883,1939.0410180160638
12,2025-11-05,15,2104.2616502867836,2113.25653652242
12,2025-11-05,16,2453.1778664713397,2463.664231520897
12,2025-11-05,17,2875.1662995888037,2887.456498276696
12,2025-11-05,18,2992.4698500101154,3005.26147497783
12,2025-11-05,19,2271.201152624718,2280.909639201623
12,2025-11-05,20,1472.3693398894075,1478.6631364366854
12,2025-11-05,21,895.4259311571866,899.2535228362441
12,2025-11-05,22,479.157979740529,481.2061905778438
12,2025-11-05,23,249.1229726390519,250.18787480902037
12,2025-11-06,0,47.54320619179458,47.60739815406648
12,2025-11-06,1,-3.1596721413792466,0.0
12,2025-11-06,2,-4.838155479634338,0.0
12,2025-11-06,3,-3.6408664414942677,0.0
12,2025-11-06,4,-3.5284245652887876,0.0
12,2025-11-06,5,364.1914497977076,364.683174392613
12,2025-11-06,6,1362.5444246534053,1364.3841070666674
12,2025-11-06,7,2611.6492149757987,2615.1754156951793
12,2025-11-06,8,3306.7033809934587,3311.1680310597753
12,2025-11-06,9,2403.0341837337446,2406.278716276166
12,2025-11-06,10,1954.7745679667362,1957.4138686232966
12,2025-11-06,11,1869.5047220971537,1872.0288929766666
12,2025-11-06,12,1892.4830655260062,1895.0382613420475
12,2025-11-06,13,1919.7397122995008,1922.3317095385314
12,2025-11-06,14,1939.0511790922606,1941.669250318451
12,2025-11-06,15,2116.322327050756,2119.17974651938
12,2025-11-06,16,2466.7005090357343,2470.031002679207
12,2025-11-06,17,2877.745659169887,2881.6311384124174
12,2025-11-06,18,3001.1277579348866,3005.179825417112
12,2025-11-06,19,2256.9457662596633,2259.9930529086328
12,2025-11-06,20,1465.035017025045,1467.0130803504442
12,2025-11-06,21,888.1856997010339,889.3849116914
12,2025-11-06,22,484.232603296459,484.88640524822966
12,2025-11-06,23,247.36246586492143,247.6964501152101
12,2025-11-07,0,54.761564641582424,54.17994348211332
12,2025-11-07,1,1.5732646706171067,1.5565550673056399
12,2025-11-07,2,-0.5523966545926555,0.0
12,2025-11-07,3,0.8180660576908281,0.8093773992839578
12,2025-11-07,4,7.765535852782591,7.683058297655091
12,2025-11-07,5,369.1904796718425,365.26931715106537
12,2025-11-07,6,1388.2235686628892,1373.4792821018193
12,2025-11-07,7,2604.6720402868095,2577.007886020516
12,2025-11-07,8,3294.1540647784605,3259.166939790957
12,2025-11-07,9,2413.7604052689576,2388.1239185326544
12,2025-11-07,10,2018.7617625229805,1997.3205461389089
12,2025-11-07,11,1951.607911568488,1930.8799344957947
12,2025-11-07,12,1973.7414658789023,1952.7784088992441
12,2025-11-07,13,2013.752503044051,1992.364489875141
12,2025-11-07,14,2058.3775238486087,2036.5155494897372
12,2025-11-07,15,2246.855540028133,2222.99174554191
12,2025-11-07,16,2603.618608313773,2575.965642521176
12,2025-11-07,17,2848.040345557024,2817.79138282487
12,2025-11-07,18,2774.348275718661,2744.88199455128
12,2025-11-07,19,2171.292379823228,2148.2311397040908
12,2025-11-07,20,1455.3560317462739,1439.8987330338507
12,2025-11-07,21,918.2733009297195,908.5203439882608
12,2025-11-07,22,493.24956999137027,488.0107790860393
12,2025-11-07,23,269.34780159054037,266.4870655672569
12,2025-11-08,0,71.98469192344209,73.36664620217978
12,2025-11-08,1,3.7275033652815637,3.799063569083485
12,2025-11-08,2,-0.07510673438736148,0.0
12,2025-11-08,3,-0.30719188385319285,0.0
12,2025-11-08,4,1.956876294044207,1.9944441920966274
12,2025-11-08,5,204.6837278563544,208.61322378029203
12,2025-11-08,6,672.4314168422326,685.3406819767015
12,2025-11-08,7,881.5961909777282,898.5209786747604
12,2025-11-08,8,1001.6481809346587,1020.8777136650989
12,2025-11-08,9,1147.0929734138372,1169.1147394360512
12,2025-11-08,10,1276.3630717992737,1300.8665510969518
12,2025-11-08,11,1377.6141904103854,1404.0614776601822
12,2025-11-08,12,1449.8673005464912,1477.7016951386504
12,2025-11-08,13,1525.6928719152857,1554.9829575716267
12,2025-11-08,14,1526.4729493370162,1555.7780108347742
12,2025-11-08,15,1521.8373551829013,1551.0534230487553
12,2025-11-08,16,1525.7066004510625,1554.9969496663389
12,2025-11-08,17,1512.148835592826,1541.1789043143565
12,2025-11-08,18,1416.3777134791048,1443.569178624679
12,2025-11-08,19,1271.455799170959,1295.865069182962
12,2025-11-08,20,934.3209950071084,952.2579877518681
12,2025-11-08,21,677.3073600770464,690.3102330389045
12,2025-11-08,22,402.4068253417406,410.1321877655419
12,2025-11-08,23,252.6301275450406,257.4800932303869
12,2025-11-09,0,74.47845372468475,73.4624477026004
12,2025-11-09,1,5.151384102892848,5.081110929795619
12,2025-11-09,2,-0.011621186074137313,0.0
12,2025-11-09,3,-0.8755439516773436,0.0
12,2025-11-09,4,0.3954279458412202,0.390033672005189
12,2025-11-09,5,172.9768133838681,170.61713114974668
12,2025-11-09,6,538.3804924011349,531.0361156707276
12,2025-11-09,7,674.6989805967942,665.4950002091975
12,2025-11-09,8,789.7154664973709,778.9424760609629
12,2025-11-09,9,937.6378537237365,924.8469637646203
12,2025-11-09,10,1122.9155837850462,1107.597207283362
12,2025-11-09,11,1240.2002882903748,1223.2819595861881
12,2025-11-09,12,1324.7223133610653,1306.6509681510843
12,2025-11-09,13,1410.2147588641208,1390.9771590512325
12,2025-11-09,14,1411.5265779467572,1392.271082809501
12,2025-11-09,15,1390.6658438154332,1371.6949226783418
12,2025-11-09,16,1388.18870800782,1369.2515789914319
12,2025-11-09,17,1378.809366349311,1360.0001866542589
12,2025-11-09,18,1282.8428708574136,1265.3428286707544
12,2025-11-09,19,1106.0540277708797,1090.9656700410062
12,2025-11-09,20,822.5349896138466,811.3142880413892
12,2025-11-09,21,585.4714809726156,577.4847073397243
12,2025-11-09,22,338.9202115500267,334.2967941894323
12,2025-11-09,23,209.23297142715984,206.3786968234681
12,2025-11-10,0,52.1907328867959,52.21225181084597
12,2025-11-10,1,1.7305152941448227,1.7312288083095493
12,2025-11-10,2,-0.406885168011911,0.0
12,2025-11-10,3,-2.121866424724942,0.0
12,2025-11-10,4,5.575428123534493,5.5777269457142316
12,2025-11-10,5,362.207512588495,362.3568554990585
12,2025-11-10,6,1388.1273829807624,1388.6997261166784
12,2025-11-10,7,2659.915418330086,2661.012136362209
12,2025-11-10,8,3339.5441110442684,3340.9210489049283
12,2025-11-10,9,2432.129351824394,2433.132150672139
12,2025-11-10,10,1979.5348912864138,1980.3510794988392
12,2025-11-10,11,1884.2745508746332,1885.0514619986386
12,2025-11-10,12,1914.360917330688,1915.150233458396
12,2025-11-10,13,1937.5210302869968,1938.319895633199
12,2025-11-10,14,1975.2814343416126,1976.0958687979232
12,2025-11-10,15,2157.0159019513485,2157.905267913493
12,2025-11-10,16,2505.509944730193,2506.542999359341
12,2025-11-10,17,2939.138638899952,2940.3504843300652
12,2025-11-10,18,3073.00333749578,3074.270377097784
12,2025-11-10,19,2335.5102567419726,2336.4732182689163
12,2025-11-10,20,1523.1442088522526,1523.7722211972543
12,2025-11-10,21,903.1913874218673,903.5637850831679
12,2025-11-10,22,467.625113006157,467.8179209767312
12,2025-11-10,23,227.46137788270707,227.5551631937047
12,2025-11-11,0,50.91033634590838,51.37206749541901
12,2025-11-11,1,1.401950536877905,1.4146655232522136
12,2025-11-11,2,-0.14769799502192882,0.0
12,2025-11-11,3,0.5529439495789461,0.5579588731441595
12,2025-11-11,4,8.321311590861626,8.396781702474698
12,2025-11-11,5,367.963400286101,371.30064328990994
12,2025-11-11,6,1433.7696966328024,1446.7732667852706
12,2025-11-11,7,2742.8087715811102,2767.6846678703278
12,2025-11-11,8,3427.5784080928333,3458.6648206369086
12,2025-11-11,9,2496.3919463406805,2519.032965939947
12,2025-11-11,10,2062.2728377107896,2080.976615299116
12,2025-11-11,11,1963.0193036692579,1980.8229016151909
12,2025-11-11,12,1984.2737635233339,2002.270128731969
12,2025-11-11,13,2010.4929486008796,2028.7271086333956
12,2025-11-11,14,2029.8048478262456,2048.2141570734116
12,2025-11-11,15,2207.1431156928793,2227.1607938519683
12,2025-11-11,16,2562.523930613109,2585.76473405411
12,2025-11-11,17,2998.5744194229437,3025.769981521889
12,2025-11-11,18,3137.0301720471793,3165.4814581975465
12,2025-11-11,19,2364.4897792230304,2385.9345124958354
12,2025-11-11,20,1558.5726824973892,1572.7081529723005
12,2025-11-11,21,947.4343193642695,956.0270722071025
12,2025-11-11,22,499.8743336129662,504.4079424483462
12,2025-11-11,23,250.46364535182133,252.73522466516866
12,2025-11-12,0,51.644335206880214,51.86509431249697
12,2025-11-12,1,1.2857133741864573,1.291209290310228
12,2025-11-12,2,-0.07798789286169949,0.0
12,2025-11-12,3,0.5858715379027899,0.5883759069917834
12,2025-11-12,4,8.37967258405854,8.415492369860944
12,2025-11-12,5,373.51251882224324,375.10913710112226
12,2025-11-12,6,1438.08292020333,1444.2301558680952
12,2025-11-12,7,2742.1719842130474,2753.89368480726
12,2025-11-12,8,3444.6739795781473,3459.3985983350112
12,2025-11-12,9,2507.0273060035156,2517.743856107473
12,2025-11-12,10,2072.646419060009,2081.506162687235
12,2025-11-12,11,1975.5845687004023,1984.0294113091704
12,2025-11-12,12,1998.5108353661449,2007.053678696657
12,2025-11-12,13,2025.7666812074817,2034.4260324981924
12,2025-11-12,14,2048.364845380128,2057.120794884202
12,2025-11-12,15,2224.4957103750844,2234.004549660236
12,2025-11-12,16,2578.909905185808,2589.9337249688374
12,2025-11-12,17,3007.9208596885815,3020.7785316111813
12,2025-11-12,18,3143.6138799701343,3157.0515858824406
12,2025-11-12,19,2367.931099457221,2378.0530682962863
12,2025-11-12,20,1562.1803204096602,1568.8580233748403
12,2025-11-12,21,961.6676093904296,965.7783580427107
12,2025-11-12,22,517.5236950349462,519.7359041299753
12,2025-11-12,23,262.87575048566237,263.9994403411534
12,2025-11-13,0,52.291635667740934,52.362238872126824
12,2025-11-13,1,1.5333142204415822,1.535384473091193
12,2025-11-13,2,-0.17184493237220977,0.0
12,2025-11-13,3,0.3317806183632115,0.33222858244982784
12,2025-11-13,4,8.107363724072286,8.118310137408416
12,2025-11-13,5,372.40838015933844,372.9111991024381
12,2025-11-13,6,1434.4558474645269,1436.3926233577993
12,2025-11-13,7,2736.854352791467,2740.5496031843277
12,2025-11-13,8,3436.007551712703,3440.6467858913093
12,2025-11-13,9,2521.6439993031922,2525.0486766363415
12,2025-11-13,10,2076.0919832948916,2078.895084493558
12,2025-11-13,11,1987.9679462613094,1990.6520640065316
12,2025-11-13,12,2012.3466403140033,2015.0636737234017
12,2025-11-13,13,2041.6336578458354,2044.3902340474654
12,2025-11-13,14,2063.829951037553,2066.61649626587
12,2025-11-13,15,2242.8995373084936,2245.9278589975643
12,2025-11-13,16,2589.036427478935,2592.532096828681
12,2025-11-13,17,3010.22374094478,3014.288089655912
12,2025-11-13,18,3136.070566895851,3140.3048316759773
12,2025-11-13,19,2366.2133815690763,2369.408199341866
12,2025-11-13,20,1564.218287313332,1566.3302660654415
12,2025-11-13,21,963.2401834742034,964.5407326476629
12,2025-11-13,22,517.6185067989885,518.3173857834146
12,2025-11-13,23,269.0637440056335,269.4270289223947
12,2025-11-14,0,55.47645920025968,54.8872451642021
12,2025-11-14,1,1.907967685833512,1.887703210467857
12,2025-11-14,2,-0.2938262815383723,0.0
12,2025-11-14,3,0.4486054657432419,0.4438408387126323
12,2025-11-14,4,8.676437183669123,8.584284969103022
12,2025-11-14,5,367.9783609771848,364.0700723376639
12,2025-11-14,6,1411.1187303871302,1396.1312749064825
12,2025-11-14,7,2654.373658360654,2626.18162449631
12,2025-11-14,8,3342.4774507156394,3306.9770842979065
12,2025-11-14,9,2445.173936314026,2419.203807278255
12,2025-11-14,10,2052.9432172667807,2031.13896053734
12,2025-11-14,11,1979.630675175727,1958.6050690566863
12,2025-11-14,12,2001.421075879128,1980.164034478693
12,2025-11-14,13,2042.335795092435,2020.6441995191246
12,2025-11-14,14,2090.7876983031683,2068.581496320995
12,2025-11-14,15,2280.751849352245,2256.528043042769
12,2025-11-14,16,2644.1382208605896,2616.0548973127866
12,2025-11-14,17,2896.5036527009374,2865.7399624390423
12,2025-11-14,18,2822.163397665191,2792.1892733262584
12,2025-11-14,19,2205.822005607444,2182.3940272273367
12,2025-11-14,20,1484.4892562424025,1468.722534307297
12,2025-11-14,21,940.327774403625,930.3405774707173
12,2025-11-14,22,515.7501206240589,510.27235195333117
12,2025-11-14,23,285.4524397206659,282.4206567529903
12,2025-11-15,0,73.82031943679692,75.23751389269545
12,2025-11-15,1,3.9999063145374976,4.076696080503349
12,2025-11-15,2,0.10326128132902568,0.10524368016616112
12,2025-11-15,3,-0.7237266110412861,0.0
12,2025-11-15,4,3.424532052310383,3.490275845829676
12,2025-11-15,5,216.653449992576,220.81273933896856
12,2025-11-15,6,698.9712875962489,712.3900622801184
12,2025-11-15,7,923.1376842111582,940.8599809727586
12,2025-11-15,8,1053.1365895162705,1073.3545911092353
12,2025-11-15,9,1206.1399730753465,1229.2953169687505
12,2025-11-15,10,1339.2858011604671,1364.997264166168
12,2025-11-15,11,1444.6591943040053,1472.3936042395158
12,2025-11-15,12,1509.428280409797,1538.4061202091045
12,2025-11-15,13,1588.0560226569285,1618.5433492918742
12,2025-11-15,14,1590.5236918660482,1621.058392545821
12,2025-11-15,15,1584.5610961864143,1614.9813276034636
12,2025-11-15,16,1576.6094317660372,1606.8770079952237
12,2025-11-15,17,1570.317427346483,1600.4642103598192
12,2025-11-15,18,1475.9442524865683,1504.2792695631351
12,2025-11-15,19,1317.8974486789741,1343.1983004222361
12,2025-11-15,20,970.8295989814827,989.4674799307343
12,2025-11-15,21,707.9969110935074,721.5889587146784
12,2025-11-15,22,432.0622968302,440.3569817671135
12,2025-11-15,23,268.84917408860724,274.0105112637665
12,2025-11-16,0,74.39273755707296,73.37790084152127
12,2025-11-16,1,4.964593798073736,4.896868745474076
12,2025-11-16,2,-0.4517425135550752,0.0
12,2025-11-16,3,-1.8864108322848665,0.0
12,2025-11-16,4,1.0463603013315037,1.0320862621395426
12,2025-11-16,5,179.7886712555818,177.33606431272747
12,2025-11-16,6,567.7363758127976,559.9915375685126
12,2025-11-16,7,702.0310335406986,692.4541999452522
12,2025-11-16,8,835.4538432506539,824.0569077147211
12,2025-11-16,9,992.0658980370893,978.5325219222177
12,2025-11-16,10,1172.3815959501242,1156.3884234002567
12,2025-11-16,11,1279.7858277389068,1262.3274885423455
12,2025-11-16,12,1358.5392602109378,1340.0065973992919
12,2025-11-16,13,1446.740530748304,1427.004660598967
12,2025-11-16,14,1456.2989524153857,1436.4326900050694
12,2025-11-16,15,1434.5053524943396,1414.9363898755112
12,2025-11-16,16,1428.9549736424992,1409.461727127541
12,2025-11-16,17,1424.0860204336786,1404.6591942796977
12,2025-11-16,18,1327.1394860238524,1309.0351666870067
12,2025-11-16,19,1136.2829854539377,1120.7822560714403
12,2025-11-16,20,847.9904138694484,836.4224593258967
12,2025-11-16,21,604.1815948110533,595.9395851013766
12,2025-11-16,22,358.51367332258206,353.6229695971555
12,2025-11-16,23,217.48849311676543,214.52159990550842
12,2025-11-17,0,52.8648076670068,52.8866045209344
12,2025-11-17,1,2.1080634684354322,2.108932650666852
12,2025-11-17,2,-0.11160974937109813,0.0
12,2025-11-17,3,-2.14325568526948,0.0
12,2025-11-17,4,5.36948618865199,5.371700098269472
12,2025-11-17,5,363.265280325682,363.41505936776423
12,2025-11-17,6,1390.5909385314162,1391.1642974236142
12,2025-11-17,7,2672.8647061830366,2673.96676337647
12,2025-11-17,8,3366.5013848460258,3367.889437544425
12,2025-11-17,9,2455.3035016423064,2456.315855496128
12,2025-11-17,10,1996.6020141987551,1997.4252394099233
12,2025-11-17,11,1905.116862518816,1905.9023672014189
12,2025-11-17,12,1928.5844305614764,1929.3796112303398
12,2025-11-17,13,1953.9673243517345,1954.7729707207986
12,2025-11-17,14,1993.5999269707347,1994.4219143819435
12,2025-11-17,15,2174.41966266078,2175.3162044218484
12,2025-11-17,16,2525.803597799394,2526.845019768009
12,2025-11-17,17,2958.8104122212076,2960.0303685816066
12,2025-11-17,18,3099.0182216662165,3100.295987546348
12,2025-11-17,19,2351.771889282344,2352.74155569378
12,2025-11-17,20,1539.2476157576025,1539.8822677485907
12,2025-11-17,21,920.1067158935275,920.4860879667309
12,2025-11-17,22,484.22722649085273,484.42687973068047
12,2025-11-17,23,237.81470220450788,237.91275632698645
12,2025-11-18,0,50.362331155448715,50.81909217345581
12,2025-11-18,1,1.3724261553264228,1.3848733704069072
12,2025-11-18,2,-0.1802758409831995,0.0
12,2025-11-18,3,0.5056934687134458,0.510279854177934
12,2025-11-18,4,8.04360948861813,8.116560981811178
12,2025-11-18,5,369.37216049997016,372.7221802504994
12,2025-11-18,6,1432.908010703979,1445.9037657983865
12,2025-11-18,7,2739.262249435916,2764.105980552707
12,2025-11-18,8,3432.86499824365,3463.9993575019394
12,2025-11-18,9,2500.295189339206,2522.971609389656
12,2025-11-18,10,2062.0277252574488,2080.7292797990826
12,2025-11-18,11,1961.422243767052,1979.211357182781
12,2025-11-18,12,1981.4672384465189,1999.4381498840173
12,2025-11-18,13,2007.3351852869728,2025.5407059941676
12,2025-11-18,14,2026.2773085927674,2044.6546248329703
12,2025-11-18,15,2203.501272862054,2223.4859213380314
12,2025-11-18,16,2560.2083954710884,2583.428198172758
12,2025-11-18,17,2996.8603785692594,3024.040395179597
12,2025-11-18,18,3140.188360212045,3168.668289540918
12,2025-11-18,19,2364.319998966752,2385.7631924180096
12,2025-11-18,20,1559.7641838130553,1573.9104606057326
12,2025-11-18,21,949.2947090932252,957.9043347353705
12,2025-11-18,22,503.01399445878724,507.57607843920584
12,2025-11-18,23,251.09246924934595,253.3697516792288
12,2025-11-19,0,51.177396003285935,51.396159128500386
12,2025-11-19,1,1.2526755517461083,1.2580302442467217
12,2025-11-19,2,-0.11577383990174894,0.0
12,2025-11-19,3,0.5335760188876861,0.5358568453178519
12,2025-11-19,4,8.124958136853309,8.159689119143625
12,2025-11-19,5,374.05487827304097,375.65381492404737
12,2025-11-19,6,1436.2688019609013,1442.4082829877361
12,2025-11-19,7,2735.7675287505085,2747.461852830836
12,2025-11-19,8,3443.2020320102088,3457.9203587734337
12,2025-11-19,9,2504.794050718854,2515.5010545398113
12,2025-11-19,10,2069.6234147236764,2078.470236203083
12,2025-11-19,11,1974.1432497881058,1982.5819313286229
12,2025-11-19,12,1995.7875534771204,2004.3187558547233
12,2025-11-19,13,2022.6921610813654,2031.3383700146321
12,2025-11-19,14,2044.1542824091184,2052.892233421937
12,2025-11-19,15,2219.639248820852,2229.1273286537835
12,2025-11-19,16,2575.034541125235,2586.041795259767
12,2025-11-19,17,3004.925871072845,3017.77074060375
12,2025-11-19,18,3147.5365942865737,3160.991068250993
12,2025-11-19,19,2366.5440400590414,2376.6600797678166
12,2025-11-19,20,1562.015798976919,1568.692798678049
12,2025-11-19,21,962.5171865661223,966.6315668247878
12,2025-11-19,22,519.8065797312776,522.0285472554117
12,2025-11-19,23,263.0409016382099,264.1652974495542
12,2025-11-20,0,51.816389058622406,51.886350593780534
12,2025-11-20,1,1.481159094627003,1.4831589283853202
12,2025-11-20,2,-0.21406044905944555,0.0
12,2025-11-20,3,0.3136432645588343,0.3140667399240458
12,2025-11-20,4,7.884186802522095,7.89483188648489
12,2025-11-20,5,374.07755494058995,374.5826275727688
12,2025-11-20,6,1435.9183035271626,1437.8570540017038
12,2025-11-20,7,2735.9622104809187,2739.6562563196458
12,2025-11-20,8,3439.96240133928,3444.6069752830886
12,2025-11-20,9,2524.6039222121426,2528.012595978745
12,2025-11-20,10,2078.8657501628336,2081.6725964504917
12,2025-11-20,11,1992.9698860406702,1995.6607573129538
12,2025-11-20,12,2015.422090134942,2018.1432759601046
12,2025-11-20,13,2044.0877425596466,2046.8476322213053
12,2025-11-20,14,2065.4615880256006,2068.2503362601587
12,2025-11-20,15,2242.818144913188,2245.8463567077442
12,2025-11-20,16,2590.166060764827,2593.663255324652
12,2025-11-20,17,3012.319265632985,3016.3864436829967
12,2025-11-20,18,3141.5435214790273,3145.785175741737
12,2025-11-20,19,2367.835418200769,2371.0324260175753
12,2025-11-20,20,1567.5459036024424,1569.662375240842
12,2025-11-20,21,967.5818983717471,968.8883096487799
12,2025-11-20,22,522.5945124230092,523.3001099186772
12,2025-11-20,23,272.0504476794157,272.41776518852606
12,2025-11-21,0,55.34984473854627,54.761975471406615
12,2025-11-21,1,1.8870842592867803,1.8670415862534966
12,2025-11-21,2,-0.28575233657988974,0.0
12,2025-11-21,3,0.5877443121270858,0.5815018950134019
12,2025-11-21,4,8.667578881028135,8.575520750264912
12,2025-11-21,5,370.6764458283187,366.7395008994873
12,2025-11-21,6,1413.060615912097,1398.052535715593
12,2025-11-21,7,2652.9144705458457,2624.737934677483
12,2025-11-21,8,3343.0578327257813,3307.5513020857534
12,2025-11-21,9,2445.8079053320203,2419.8310429277326
12,2025-11-21,10,2054.5348160440703,2032.7136549852462
12,2025-11-21,11,1985.756582092402,1964.6659128746896
12,2025-11-21,12,2005.351730815909,1984.0529420312134
12,2025-11-21,13,2046.0757179603117,2024.3444007631035
12,2025-11-21,14,2097.353010219216,2075.0770782292557
12,2025-11-21,15,2287.8054764656317,2263.5067537653076
12,2025-11-21,16,2652.6762395529413,2624.5022339297825
12,2025-11-21,17,2903.7066616782768,2872.8664684446258
12,2025-11-21,18,2832.352304941834,2802.2699644826585
12,2025-11-21,19,2214.6607163793533,2191.138862281103
12,2025-11-21,20,1490.1483997288387,1474.3215721773631
12,2025-11-21,21,945.9141762478141,935.8676462856341
12,2025-11-21,22,520.6424735847125,515.1127433599253
12,2025-11-21,23,287.13313274773,284.083499182952
12,2025-11-22,0,74.59224812619817,76.02426198503771
12,2025-11-22,1,3.8414549516317607,3.915202785582785
12,2025-11-22,2,-0.057356082290368704,0.0
12,2025-11-22,3,-0.8637130310660837,0.0
12,2025-11-22,4,3.4895946498136823,3.5565875079966283
12,2025-11-22,5,219.91109117169182,224.13292035878914
12,2025-11-22,6,709.0685334125783,722.6811539223658
12,2025-11-22,7,933.8307860992327,951.7583678667469
12,2025-11-22,8,1060.107225680286,1080.4590487874505
12,2025-11-22,9,1210.0047807464466,1233.2343207967676
12,2025-11-22,10,1344.3256583406305,1370.1338759757984
12,2025-11-22,11,1449.167506232753,1476.988466249862
12,2025-11-22,12,1516.2453666867382,1545.3540801662298
12,2025-11-22,13,1595.3450998801375,1625.9723614260693
12,2025-11-22,14,1585.4409665729618,1615.8780896459027
12,2025-11-22,15,1591.9653561603268,1622.5277337542705
12,2025-11-22,16,1590.9212959984281,1621.4636298390483
12,2025-11-22,17,1587.3301174782703,1617.8035082646236
12,2025-11-22,18,1496.9716961316337,1525.7103957820889
12,2025-11-22,19,1332.7841736168953,1358.370819084832
12,2025-11-22,20,983.7481456346666,1002.6340354361533
12,2025-11-22,21,721.1348738723664,734.979142672666
12,2025-11-22,22,444.8177149574612,453.35727702292866
12,2025-11-22,23,275.1654820612474,280.44807902922344
12,2025-11-23,0,78.16184224610294,77.09558887418407
12,2025-11-23,1,5.335337880779491,5.262555281978972
12,2025-11-23,2,-0.07085674565803401,0.0
12,2025-11-23,3,-1.3595430376140598,0.0
12,2025-11-23,4,1.9343523189299958,1.907964638915442
12,2025-11-23,5,185.28753000475302,182.7599097751782
12,2025-11-23,6,566.934745007272,559.2008422978319
12,2025-11-23,7,696.4684522425355,686.9675012119737
12,2025-11-23,8,829.995410569376,818.67293684351
12,2025-11-23,9,979.3930178172789,966.0325201924479
12,2025-11-23,10,1167.3745360348544,1151.4496678437972
12,2025-11-23,11,1289.7332301168926,1272.1391923361812
12,2025-11-23,12,1367.7795431976465,1349.1208280488381
12,2025-11-23,13,1458.0370959043546,1438.1471224183686
12,2025-11-23,14,1450.9036105851078,1431.110949324072
12,2025-11-23,15,1444.1511144977828,1424.4505681551661
12,2025-11-23,16,1439.1908393465333,1419.5579591432204
12,2025-11-23,17,1438.724401883391,1419.0978846380583
12,2025-11-23,18,1345.540333934166,1327.184997405725
12,2025-11-23,19,1159.7012783528817,1143.8810857508574
12,2025-11-23,20,868.8126733462454,856.9606696587624
12,2025-11-23,21,628.3797049146967,619.8075940232843
12,2025-11-23,22,379.5721985298394,374.3942226155207
12,2025-11-23,23,230.7344870560694,227.586897160902
12,2025-11-24,0,53.751277335255224,53.77343969225988
12,2025-11-24,1,2.1935425405857245,2.194446966960304
12,2025-11-24,2,-0.026490098888018565,0.0
12,2025-11-24,3,-2.268345923385141,0.0
12,2025-11-24,4,5.366802735303509,5.369015538497961
12,2025-11-24,5,360.46667786031173,360.6153030018724
12,2025-11-24,6,1397.5280893424801,1398.1043085129913
12,2025-11-24,7,2667.3669339114667,2668.4667243012473
12,2025-11-24,8,3360.6521656133405,3362.037806601893
12,2025-11-24,9,2455.4862802986245,2456.4987095144843
12,2025-11-24,10,1993.6049761281417,1994.4269656211843
12,2025-11-24,11,1903.6573733058058,1904.4422762218537
12,2025-11-24,12,1928.7692780703185,1929.5645349542356
12,2025-11-24,13,1956.2084540299181,1957.0150244461581
12,2025-11-24,14,1992.6067227941899,1993.428300694283
12,2025-11-24,15,2178.8672976340786,2179.765673213411
12,2025-11-24,16,2529.9971611460987,2531.0403121759123
12,2025-11-24,17,2963.6007937221684,2964.822725219723
12,2025-11-24,18,3106.3032043410585,3107.583973915145
12,2025-11-24,19,2352.698498117462,2353.66854658188
12,2025-11-24,20,1541.2045218239684,1541.8399806730076
12,2025-11-24,21,919.673920375812,920.0531140017441
12,2025-11-24,22,483.299582196348,483.49885295625995
12,2025-11-24,23,237.44621215459088,237.5441143437863
12,2025-11-25,0,50.97103424109423,51.433315889991206
12,2025-11-25,1,1.373117034402867,1.3855705154091542
12,2025-11-25,2,-0.15008410087767743,0.0
12,2025-11-25,3,0.5719288534936595,0.5771159605904908
12,2025-11-25,4,8.180722028810692,8.254917063793863
12,2025-11-25,5,366.9188623557427,370.2466319257873
12,2025-11-25,6,1427.3554787833168,1440.300875205391
12,2025-11-25,7,2721.5344977135082,2746.2174470368846
12,2025-11-25,8,3411.8490455201922,3442.7928006555167
12,2025-11-25,9,2481.9427661350546,2504.4527389358777
12,2025-11-25,10,2041.8979816433118,2060.4169695329565
12,2025-11-25,11,1941.3789676444173,1958.9862986248238
12,2025-11-25,12,1962.4607455570167,1980.2592776617523
12,2025-11-25,13,1990.086732723998,2008.1358186401308
12,2025-11-25,14,2009.2524957181467,2027.4754054667997
12,2025-11-25,15,2189.1503677141845,2209.004860697072
12,2025-11-25,16,2546.7809009467337,2569.8789230253165
12,2025-11-25,17,2984.050413368431,3011.11425003611
12,2025-11-25,18,3133.8752340624374,3162.2979065117984
12,2025-11-25,19,2355.9371157194273,2377.30428063511
12,2025-11-25,20,1551.4498363154046,1565.5207061572921
12,2025-11-25,21,941.3765518498992,949.9143637876305
12,2025-11-25,22,496.41515216960624,500.9173879688044
12,2025-11-25,23,247.9750192256891,250.22402795152126
12,2025-11-26,0,51.72225244418371,51.94334461517057
12,2025-11-26,1,1.211483366665334,1.2166619788678779
12,2025-11-26,2,-0.11221396484239676,0.0
12,2025-11-26,3,0.5306601812706049,0.5329285436482877
12,2025-11-26,4,8.217710493931463,8.252837955861036
12,2025-11-26,5,378.715180602429,380.33403820255825
12,2025-11-26,6,1438.2385102642957,1444.3864110150294
12,2025-11-26,7,2724.667493056688,2736.3143688749306
12,2025-11-26,8,3430.6202691523226,3445.2848138559184
12,2025-11-26,9,2496.0118004467413,2506.6812636215154
12,2025-11-26,10,2063.7854147006915,2072.6072810391615
12,2025-11-26,11,1966.17656590329,1974.5811930213406
12,2025-11-26,12,1987.5199096901806,1996.0157711607771
12,2025-11-26,13,2012.4059970277344,2021.0082366782597
12,2025-11-26,14,2033.6820278921557,2042.3752141591083
12,2025-11-26,15,2207.41011165468,2216.845916763337
12,2025-11-26,16,2564.212829775624,2575.173825374554
12,2025-11-26,17,2994.496969563111,3007.297259665108
12,2025-11-26,18,3146.498565358213,3159.9486021595453
12,2025-11-26,19,2365.1870891925105,2375.2973284730597
12,2025-11-26,20,1561.8948725323103,1568.5713553207206
12,2025-11-26,21,962.9255870242539,967.0417130333393
12,2025-11-26,22,521.6177304610572,523.8474399381788
12,2025-11-26,23,266.97126819021037,268.11246476394786
12,2025-11-27,0,52.25529523847382,52.32584937668072
12,2025-11-27,1,1.5442340125003966,1.5463190088523364
12,2025-11-27,2,-0.20000750595988848,0.0
12,2025-11-27,3,0.4042620689937735,0.4048078962014742
12,2025-11-27,4,8.044058378822399,8.054919318446101
12,2025-11-27,5,376.447863516753,376.956136495961
12,2025-11-27,6,1435.5395869509643,1437.4778260893522
12,2025-11-27,7,2721.750996194677,2725.425854313341
12,2025-11-27,8,3422.7116860286496,3427.332968374035
12,2025-11-27,9,2512.2582438099193,2515.6502486686863
12,2025-11-27,10,2070.078430385538,2072.8734121957073
12,2025-11-27,11,1982.1694939891224,1984.84578277077
12,2025-11-27,12,2004.1274448081804,2006.8333808110285
12,2025-11-27,13,2030.977100516167,2033.719288430156
12,2025-11-27,14,2051.7777528587253,2054.5480254308045
12,2025-11-27,15,2228.1951667386825,2231.2036348571496
12,2025-11-27,16,2575.422200607705,2578.899488278812
12,2025-11-27,17,2998.4995225229254,3002.5480414100534
12,2025-11-27,18,3133.7767081651837,3138.0078758194554
12,2025-11-27,19,2363.330204543784,2366.521129504001
12,2025-11-27,20,1564.1580796567775,1566.269977117617
12,2025-11-27,21,964.6817157746434,965.9842112784928
12,2025-11-27,22,521.0965241245202,521.8000990639486
12,2025-11-27,23,273.9521140067467,274.32199911074423
12,2025-11-28,0,56.022365593146446,55.427353499431625
12,2025-11-28,1,1.9815498938302198,1.9605039037395668
12,2025-11-28,2,-0.28208251541775553,0.0
12,2025-11-28,3,0.5634302339540227,0.5574460560347627
12,2025-11-28,4,8.658095795555141,8.56613838439707
12,2025-11-28,5,372.845918302188,368.88593146241146
12,2025-11-28,6,1412.1057520606519,1397.1078134483785
12,2025-11-28,7,2641.3921469358966,2613.337989368111
12,2025-11-28,8,3328.2213448181456,3292.872392131848
12,2025-11-28,9,2434.8316314206795,2408.9713477372657
12,2025-11-28,10,2042.2529363236395,2020.5622207911658
12,2025-11-28,11,1971.4616300977184,1950.5227871948334
12,2025-11-28,12,1991.7427287560545,1970.5884808296978
12,2025-11-28,13,2030.5362146645214,2008.9699421292696
12,2025-11-28,14,2078.6697876535127,2056.5922896864367
12,2025-11-28,15,2266.430653676717,2242.3589524155227
12,2025-11-28,16,2631.838019920416,2603.885336488164
12,2025-11-28,17,2887.04893224288,2856.3856603220465
12,2025-11-28,18,2824.0648448380716,2794.0705252779726
12,2025-11-28,19,2210.0317619739308,2186.559071880508
12,2025-11-28,20,1488.0862049508432,1472.2812799166838
12,2025-11-28,21,943.9763470370635,933.9503987087319
12,2025-11-28,22,518.6755311348855,513.1666917549046
12,2025-11-28,23,287.2307295367423,284.18005939899643
12,2025-11-29,0,74.44226458351727,75.87139907463279
12,2025-11-29,1,4.039504479061122,4.117054446278537
12,2025-11-29,2,0.04196063839566477,0.04276619416342615
12,2025-11-29,3,-0.7845098421593661,0.0
12,2025-11-29,4,3.780510723281793,3.853088556571813
12,2025-11-29,5,222.04628085098886,226.3091011770961
12,2025-11-29,6,711.2306804980059,724.8848096721514
12,2025-11-29,7,929.0618469044393,946.8978750964753
12,2025-11-29,8,1047.8722143241823,1067.98915101533
12,2025-11-29,9,1195.3790329020353,1218.327789437511
12,2025-11-29,10,1320.4857687446574,1345.8363107747562
12,2025-11-29,11,1423.5533058970263,1450.8825272846495
12,2025-11-29,12,1484.500115780668,1512.9993873892977
12,2025-11-29,13,1559.5357470944227,1589.4755445840565
12,2025-11-29,14,1562.3134433617677,1592.3065667619405
12,2025-11-29,15,1554.4982426573251,1584.3413306851971
12,2025-11-29,16,1554.574047207371,1584.418590522742
12,2025-11-29,17,1552.9418434722654,1582.7550519180243
12,2025-11-29,18,1463.3883076267882,1491.482277040874
12,2025-11-29,19,1308.046033673022,1333.1577590235008
12,2025-11-29,20,963.4135440823036,981.9090524169696
12,2025-11-29,21,703.5581167927003,717.0649489241257
12,2025-11-29,22,431.8439209732895,440.13441355427614
12,2025-11-29,23,270.38856931093113,275.5794596279781
12,2025-11-30,0,77.68552041145631,76.62576483625917
12,2025-11-30,1,5.587264287932442,5.511045007326797
12,2025-11-30,2,0.21112013030756316,0.20824011181834168
12,2025-11-30,3,-1.1758230462404526,0.0
12,2025-11-30,4,1.6994037326722378,1.6762211296508303
12,2025-11-30,5,184.5015089848019,181.98461134746438
12,2025-11-30,6,565.375406338295,557.6627755188971
12,2025-11-30,7,693.6883551627924,684.2253291324655
12,2025-11-30,8,818.3447263642215,807.1811867289799
12,2025-11-30,9,967.2696364326542,954.0745212490369
12,2025-11-30,10,1139.0334016536744,1123.495152165933
12,2025-11-30,11,1251.069159696278,1234.0025620867984
12,2025-11-30,12,1326.5315972996382,1308.4355705437158
12,2025-11-30,13,1411.0154103017844,1391.7668883142057
12,2025-11-30,14,1416.68239603062,1397.3565672336272
12,2025-11-30,15,1393.8169256175688,1374.803018651329
12,2025-11-30,16,1388.772671614442,1369.827576394255
12,2025-11-30,17,1393.6740803822331,1374.6621220549898
12,2025-11-30,18,1303.7618464185662,1285.9764357248682
12,2025-11-30,19,1130.981061815306,1115.552659207548
12,2025-11-30,20,843.0042301573299,831.5042951875661
12,2025-11-30,21,604.0560394151148,595.8157424831878
12,2025-11-30,22,360.43702444598347,355.52008311456166
12,2025-11-30,23,220.02802697376595,217.0264904319487
12,2025-12-01,0,54.004895073914895,54.02716200084133
12,2025-12-01,1,2.882189025150126,2.8833773895071597
12,2025-12-01,2,-0.12315164082616548,0.0
12,2025-12-01,3,-1.8962814323957105,0.0
12,2025-12-01,4,6.011113861379556,6.01359232250636
12,2025-12-01,5,362.5779530081961,362.7274486562058
12,2025-12-01,6,1385.0896072233468,1385.6606978444543
12,2025-12-01,7,2597.4261474975365,2598.49710038327
12,2025-12-01,8,3237.826300158844,3239.1612984312683
12,2025-12-01,9,2414.4402092702617,2415.435714652403
12,2025-12-01,10,1988.7587018444167,1989.5786931549762
12,2025-12-01,11,1920.8132978231574,1921.605274352015
12,2025-12-01,12,1935.8656906784956,1936.6638735064548
12,2025-12-01,13,1952.3226181004502,1953.127586335544
12,2025-12-01,14,1988.3580708258855,1989.1778969510187
12,2025-12-01,15,2160.9287328361916,2161.8197121098565
12,2025-12-01,16,2503.3996301947527,2504.431814713525
12,2025-12-01,17,2948.068654797903,2949.2841821907564
12,2025-12-01,18,3099.8786722951286,3101.156792950346
12,2025-12-01,19,2355.085247928343,2356.056280481029
12,2025-12-01,20,1544.909999370224,1545.5469860362812
12,2025-12-01,21,919.4288370721736,919.8079296470434
12,2025-12-01,22,496.63271458817525,496.8374827735384
12,2025-12-01,23,233.199863911258,233.29601527534936
12,2025-12-02,0,51.68508167669796,52.153839376764715
12,2025-12-02,1,2.24542157653093,2.265786421080831
12,2025-12-02,2,-0.12726445418809362,0.0
12,2025-12-02,3,0.8370532612303805,0.8446449133829711
12,2025-12-02,4,9.172111709117189,9.255298149963224
12,2025-12-02,5,369.28293026073453,372.63214073786486
12,2025-12-02,6,1420.2763693749162,1433.1575618345094
12,2025-12-02,7,2657.066137341812,2681.164391055652
12,2025-12-02,8,3299.6851175758616,3329.61160228831
12,2025-12-02,9,2454.8408347331683,2477.105006644853
12,2025-12-02,10,2051.9704151188425,2070.580754915012
12,2025-12-02,11,1977.6138263144621,1995.549789241678
12,2025-12-02,12,1989.9955758876554,2008.0438350571224
12,2025-12-02,13,2007.3563979169603,2025.5621110120421
12,2025-12-02,14,2028.0362707197075,2046.4295398618772
12,2025-12-02,15,2197.148468064527,2217.075499795609
12,2025-12-02,16,2545.024858784918,2568.1069544441493
12,2025-12-02,17,2981.62934686108,3008.6712256730134
12,2025-12-02,18,3130.910302808978,3159.3060848228374
12,2025-12-02,19,2367.9795796654325,2389.4559636733434
12,2025-12-02,20,1564.3768060131522,1578.5649169696471
12,2025-12-02,21,948.5026879671886,957.1051303760024
12,2025-12-02,22,515.4533485323286,520.1282511988491
12,2025-12-02,23,245.40590891027134,247.6316170974644
12,2025-12-03,0,52.365542222439615,52.58938420278177
12,2025-12-03,1,2.0836642737832562,2.092571114381423
12,2025-12-03,2,-0.11145140924156749,0.0
12,2025-12-03,3,0.8235205217472981,0.8270407462425833
12,2025-12-03,4,9.362799366406705,9.402821630337826
12,2025-12-03,5,375.9137512967027,377.5206338946269
12,2025-12-03,6,1426.5876144470885,1432.6857122265974
12,2025-12-03,7,2663.8490984921655,2675.235999729744
12,2025-12-03,8,3331.825168940199,3346.0674036677874
12,2025-12-03,9,2480.981019034325,2491.586231563834
12,2025-12-03,10,2082.859820005586,2091.7632218820468
12,2025-12-03,11,2011.9550395828244,2020.5553515686443
12,2025-12-03,12,2029.6676317588876,2038.3436580702241
12,2025-12-03,13,2047.4292129563646,2056.181163001907
12,2025-12-03,14,2069.895566000143,2078.7435508186095
12,2025-12-03,15,2237.0619615833084,2246.624516621922
12,2025-12-03,16,2583.971732194191,2595.0171892855274
12,2025-12-03,17,3007.5513384851197,3020.407430850735
12,2025-12-03,18,3152.8911054889245,3166.3684678708114
12,2025-12-03,19,2378.8296684773304,2388.998224388138
12,2025-12-03,20,1575.4190904382422,1582.1533839088333
12,2025-12-03,21,968.8904046024193,973.0320278473283
12,2025-12-03,22,539.5478900320082,541.854243849203
12,2025-12-03,23,265.65124257058665,266.786796556923
12,2025-12-04,0,53.11818999172311,53.1899091945498
12,2025-12-04,1,2.4874032083361612,2.4907616543833293
12,2025-12-04,2,-0.17631058171980385,0.0
12,2025-12-04,3,0.720438811633926,0.7214115348623312
12,2025-12-04,4,9.231580678346063,9.24404498872984
12,2025-12-04,5,380.6024138706932,381.1162962473513
12,2025-12-04,6,1429.9149849493501,1431.8456298536
12,2025-12-04,7,2666.211966394126,2669.8118367365937
12,2025-12-04,8,3327.575906864495,3332.068738631218
12,2025-12-04,9,2501.0155954747875,2504.392420716621
12,2025-12-04,10,2092.506966741268,2095.3322311485713
12,2025-12-04,11,2030.461694842289,2033.20318686502
12,2025-12-04,12,2048.78889405052,2051.555131120427
12,2025-12-04,13,2068.51404361843,2071.3069132223686
12,2025-12-04,14,2090.122952487137,2092.9449980422564
12,2025-12-04,15,2260.680445318263,2263.732774462185
12,2025-12-04,16,2600.379085910244,2603.890069908715
12,2025-12-04,17,3017.0291466047292,3021.1026838493735
12,2025-12-04,18,3146.9008284576043,3151.1497160576296
12,2025-12-04,19,2385.3071632107267,2388.5277610561902
12,2025-12-04,20,1585.9243521283006,1588.0656380097623
12,2025-12-04,21,979.4081041126303,980.7304829150688
12,2025-12-04,22,543.3590201450297,544.0926534969863
12,2025-12-04,23,273.8827174064308,274.2525088124154
12,2025-12-05,0,56.78853467659263,56.18538512089001
12,2025-12-05,1,2.9327541564591115,2.9016054505358637
12,2025-12-05,2,-0.23051765416931858,0.0
12,2025-12-05,3,0.8491074523750513,0.840089104119362
12,2025-12-05,4,9.829916888610626,9.725513595979042
12,2025-12-05,5,375.6631044265341,371.6731963259096
12,2025-12-05,6,1408.7153208792795,1393.7533919487548
12,2025-12-05,7,2594.8965805066036,2567.336251145404
12,2025-12-05,8,3241.635503299601,3207.2061765930803
12,2025-12-05,9,2429.7224387448905,2403.9164196645334
12,2025-12-05,10,2068.2003118525654,2046.2340099167616
12,2025-12-05,11,2026.8754181632316,2005.3480268527878
12,2025-12-05,12,2041.6972225298694,2020.0124092192038
12,2025-12-05,13,2076.1199715135467,2054.069555077641
12,2025-12-05,14,2127.418369758795,2104.823114364003
12,2025-12-05,15,2307.885077704736,2283.37309007981
12,2025-12-05,16,2668.580285859557,2640.2373637725673
12,2025-12-05,17,2922.9808698174265,2891.935965718425
12,2025-12-05,18,2858.8254378109186,2828.4619268933225
12,2025-12-05,19,2244.4251583962546,2220.5871769303853
12,2025-12-05,20,1525.9536375519633,1509.7465234970969
12,2025-12-05,21,964.7901096701105,954.5430989080303
12,2025-12-05,22,545.9367250784444,540.1383452637856
12,2025-12-05,23,285.7617149021124,282.72664713074636
12,2025-12-06,0,78.51409033793539,80.02139529659388
12,2025-12-06,1,6.21834498972828,6.337724099864106
12,2025-12-06,2,-0.00027385394491830084,0.0
12,2025-12-06,3,-1.0421998179669458,0.0
12,2025-12-06,4,2.882963091264969,2.9383099028294852
12,2025-12-06,5,214.62393000148228,218.74425684403502
12,2025-12-06,6,677.1188179295184,690.1180712797544
12,2025-12-06,7,876.3075492535436,893.1308061825173
12,2025-12-06,8,994.3263619367634,1013.4153311831917
12,2025-12-06,9,1160.3465978095714,1182.622805470043
12,2025-12-06,10,1294.2676726480126,1319.1148825235518
12,2025-12-06,11,1405.2794512381063,1432.25785315342
12,2025-12-06,12,1474.339927022347,1502.6441444333109
12,2025-12-06,13,1545.9317123376818,1575.6103410490957
12,2025-12-06,14,1548.8557837029573,1578.5905484181048
12,2025-12-06,15,1539.8788680768223,1569.4412949430755
12,2025-12-06,16,1533.54432079949,1562.9851377167406
12,2025-12-06,17,1531.370688432087,1560.7697761917866
12,2025-12-06,18,1433.1736649856934,1460.6875769797543
12,2025-12-06,19,1280.742046790448,1305.3295931732778
12,2025-12-06,20,940.0025430630353,958.0486095488355
12,2025-12-06,21,681.7045129784021,694.7918020029525
12,2025-12-06,22,431.19795811166813,439.4760495679618
12,2025-12-06,23,257.0661524117543,262.0012804195519
12,2025-12-07,0,79.63346595434001,78.54713726566796
12,2025-12-07,1,6.932767047560446,6.838192943000393
12,2025-12-07,2,-0.061828050679821445,0.0
12,2025-12-07,3,-1.7329254930429556,0.0
12,2025-12-07,4,1.8211158042697662,1.796272852630481
12,2025-12-07,5,180.2835656743469,177.8242075748209
12,2025-12-07,6,537.1723165714678,529.8444213045884
12,2025-12-07,7,653.9092358682514,644.9888610710699
12,2025-12-07,8,779.0303098372206,768.4030821411851
12,2025-12-07,9,952.6936853404413,939.6974095975842
12,2025-12-07,10,1132.5134874177363,1117.0641800574947
12,2025-12-07,11,1268.9170464265148,1251.6069749062258
12,2025-12-07,12,1344.9626265596435,1326.6151708899229
12,2025-12-07,13,1432.3697083508355,1412.8298793565966
12,2025-12-07,14,1436.4072023926963,1416.8122954792002
12,2025-12-07,15,1411.4600298710625,1392.2054425567037
12,2025-12-07,16,1399.2881086516647,1380.199565940017
12,2025-12-07,17,1394.50403592545,1375.4807556683354
12,2025-12-07,18,1293.674798069709,1276.0269909560395
12,2025-12-07,19,1119.0878455885968,1103.8216855987232
12,2025-12-07,20,835.8634845470335,824.4609608442793
12,2025-12-07,21,597.4327375758435,589.2827931447841
12,2025-12-07,22,364.1497587261741,359.1821697215203
12,2025-12-07,23,209.55057733889885,206.69197007921278
12,2025-12-08,0,53.85210660133117,53.87431053156537
12,2025-12-08,1,2.7871049231120537,2.788254083046062
12,2025-12-08,2,-0.17303028232817041,0.0
12,2025-12-08,3,-1.9509153212279102,0.0
12,2025-12-08,4,6.120887452348654,6.1234111745675355
12,2025-12-08,5,366.13450981413735,366.2854718771896
12,2025-12-08,6,1390.5351852837873,1391.1085211881896
12,2025-12-08,7,2619.148175374328,2620.2280845372056
12,2025-12-08,8,3271.2034884879395,3272.552248613109
12,2025-12-08,9,2446.268216751213,2447.2768452385067
12,2025-12-08,10,2023.7775993158255,2024.612029377353
12,2025-12-08,11,1961.3441842163975,1962.1528721615878
12,2025-12-08,12,1978.6479538725328,1979.4637763890237
12,2025-12-08,13,1996.848452851816,1997.671779672875
12,2025-12-08,14,2029.3106224866585,2030.1473338862475
12,2025-12-08,15,2203.8316272439893,2204.7402959440183
12,2025-12-08,16,2546.0862151446754,2547.1359999025835
12,2025-12-08,17,2982.9472393643937,2984.177147655363
12,2025-12-08,18,3116.9682263997147,3118.2533933023497
12,2025-12-08,19,2373.297682763793,2374.276224542357
12,2025-12-08,20,1561.108505924089,1561.7521714469658
12,2025-12-08,21,931.5380717511758,931.9221571224091
12,2025-12-08,22,504.4363953012966,504.64438104662275
12,2025-12-08,23,238.23470432378707,238.33293161865097
12,2025-12-09,0,51.94367539466111,52.41477840971145
12,2025-12-09,1,2.159592300125837,2.1791787162994862
12,2025-12-09,2,-0.1445060356313661,0.0
12,2025-12-09,3,0.8975610677276222,0.9057014952577416
12,2025-12-09,4,9.26907087775129,9.353136689499234
12,2025-12-09,5,373.855782686044,377.24646663513363
12,2025-12-09,6,1428.684127045233,1441.641573638909
12,2025-12-09,7,2685.8850327003443,2710.244659303004
12,2025-12-09,8,3340.071084720084,3370.3638498457453
12,2025-12-09,9,2493.677621029246,2516.2940230628838
12,2025-12-09,10,2094.735231016216,2113.7334261875444
12,2025-12-09,11,2023.1492426907946,2041.4981889462688
12,2025-12-09,12,2037.823677470684,2056.3057134703176
12,2025-12-09,13,2057.2568864276554,2075.915171860202
12,2025-12-09,14,2076.92891946882,2095.7656203486263
12,2025-12-09,15,2246.6977895076284,2267.0742086674622
12,2025-12-09,16,2593.901109264968,2617.426487937782
12,2025-12-09,17,3023.6173236221457,3051.0400122689184
12,2025-12-09,18,3162.353231089883,3191.0341846516276
12,2025-12-09,19,2392.4653540397994,2414.163811708189
12,2025-12-09,20,1586.7715320532825,1601.1627519133845
12,2025-12-09,21,966.9541899962414,975.7239782498006
12,2025-12-09,22,526.2347160457987,531.0074002940684
12,2025-12-09,23,251.99949893622008,254.28500766924725
12,2025-12-10,0,52.51935940349273,52.74385889144306
12,2025-12-10,1,2.1008575494562933,2.109837884507337
12,2025-12-10,2,-0.09356415432188214,0.0
12,2025-12-10,3,0.8532815574824326,0.8569289986338099
12,2025-12-10,4,9.35711761886887,9.397115595576624
12,2025-12-10,5,379.4093595361579,381.03118447665344
12,2025-12-10,6,1435.488144759784,1441.6242887858652
12,2025-12-10,7,2690.7227563328115,2702.224531828056
12,2025-12-10,8,3357.947719252361,3372.301617550024
12,2025-12-10,9,2503.5589683775443,2514.260692710017
12,2025-12-10,10,2107.073816686294,2116.080723820964
12,2025-12-10,11,2038.5114930639634,2047.2253233842794
12,2025-12-10,12,2055.165173663667,2063.950191881352
12,2025-12-10,13,2075.9349083896104,2084.8087090079916
12,2025-12-10,14,2097.35578151995,2106.3211478981543
12,2025-12-10,15,2265.6786575221413,2275.3635376168495
12,2025-12-10,16,2611.924651674977,2623.0895964406
12,2025-12-10,17,3035.889527572026,3048.866754487105
12,2025-12-10,18,3171.0699204225716,3184.624990047854
12,2025-12-10,19,2396.8180991414238,2407.063548478179
12,2025-12-10,20,1591.9046557816991,1598.7094185234355
12,2025-12-10,21,982.7036713335443,986.9043408300314
12,2025-12-10,22,545.7279007622164,548.0606716808423
12,2025-12-10,23,266.135528215406,267.2731523313197
12,2025-12-11,0,52.88613233598244,52.95753821883188
12,2025-12-11,1,2.428179647751449,2.431458131236746
12,2025-12-11,2,-0.18004100195611272,0.0
12,2025-12-11,3,0.7005595183132414,0.7015054008855561
12,2025-12-11,4,9.18617763925306,9.198580647288805
12,2025-12-11,5,378.5207997133188,379.03187153284034
12,2025-12-11,6,1432.1124095130872,1434.0460213395536
12,2025-12-11,7,2686.2932196601496,2689.9202033413103
12,2025-12-11,8,3348.49159209015,3353.012663830245
12,2025-12-11,9,2517.490511636563,2520.889581007083
12,2025-12-11,10,2110.144180946478,2112.993258795901
12,2025-12-11,11,2050.739478966687,2053.50834968046
12,2025-12-11,12,2067.766333221657,2070.558193280775
12,2025-12-11,13,2090.567239638097,2093.3898850615533
12,2025-12-11,14,2111.137666536676,2113.988085772064
12,2025-12-11,15,2283.613639639987,2286.6969327609436
12,2025-12-11,16,2622.7970025466093,2626.3382548036643
12,2025-12-11,17,3039.1780789103127,3043.281521235847
12,2025-12-11,18,3161.304666693758,3165.5730020911597
12,2025-12-11,19,2395.6313094689435,2398.865846786735
12,2025-12-11,20,1593.9275110298659,1596.0796026292296
12,2025-12-11,21,984.7389644018641,986.0685408337848
12,2025-12-11,22,546.2854315108046,547.0230160495454
12,2025-12-11,23,273.7196384178137,274.0892096375483
12,2025-12-12,0,56.14890611841304,55.552550041057366
12,2025-12-12,1,2.8921361624748556,2.8614188592135124
12,2025-12-12,2,-0.222212089498953,0.0
12,2025-12-12,3,0.7785426898593073,0.7702738081183295
12,2025-12-12,4,9.727529456447655,9.624213618080743
12,2025-12-12,5,373.0381877786489,369.07615884974354
12,2025-12-12,6,1408.7275355849122,1393.7654769223154
12,2025-12-12,7,2607.324175310089,2579.631852786416
12,2025-12-12,8,3256.527284974704,3221.939793040781
12,2025-12-12,9,2439.781340108079,2413.8684856969176
12,2025-12-12,10,2080.9355644422217,2058.834001718568
12,2025-12-12,11,2041.623743027141,2019.9397101403704
12,2025-12-12,12,2055.665694282701,2033.8325221953996
12,2025-12-12,13,2091.8584383341267,2069.640864049822
12,2025-12-12,14,2144.6015850364306,2121.823827157303
12,2025-12-12,15,2327.484986166185,2302.7648284212223
12,2025-12-12,16,2690.28503056401,2661.711582945772
12,2025-12-12,17,2935.5238984707407,2904.3457751893375
12,2025-12-12,18,2859.89880295661,2829.5238918556065
12,2025-12-12,19,2244.899956082206,2221.0569318024136
12,2025-12-12,20,1523.8550774834566,1507.6702521807151
12,2025-12-12,21,963.5828197710564,953.3486316037194
12,2025-12-12,22,545.4398286901463,539.6467263991556
12,2025-12-12,23,283.6440383336077,280.6314623502177
12,2025-12-13,0,78.28514883218043,79.78805859673577
12,2025-12-13,1,6.191931759492661,6.310803791309972
12,2025-12-13,2,0.025587825433376565,0.026079057720358578
12,2025-12-13,3,-1.0181445518177838,0.0
12,2025-12-13,4,2.8832536632866095,2.938606053221163
12,2025-12-13,5,214.05194290056417,218.1612887970244
12,2025-12-13,6,679.4263414560809,692.469894391765
12,2025-12-13,7,884.0327308338153,901.0042949577443
12,2025-12-13,8,1006.4642215649915,1025.7862121191415
12,2025-12-13,9,1172.828632644726,1195.3444690510723
12,2025-12-13,10,1311.2478060039427,1336.420998631061
12,2025-12-13,11,1422.0518836631022,1449.3522809101348
12,2025-12-13,12,1490.4486640884272,1519.0621352798644
12,2025-12-13,13,1565.2813221000479,1595.331422513132
12,2025-12-13,14,1568.9551318790632,1599.0757616923256
12,2025-12-13,15,1561.1500409398095,1591.1208294669425
12,2025-12-13,16,1553.5105229761314,1583.3346488690945
12,2025-12-13,17,1549.9194461963082,1579.6746309882046
12,2025-12-13,18,1447.2054283864916,1474.988720646715
12,2025-12-13,19,1288.7326632642712,1313.4736126322452
12,2025-12-13,20,944.527660084224,962.6605992739578
12,2025-12-13,21,686.0653751539396,699.2363835357788
12,2025-12-13,22,433.6902797465503,442.0162185222571
12,2025-12-13,23,258.17574249234565,263.13217228971195
12,2025-12-14,0,79.87171265718086,78.78213389989537
12,2025-12-14,1,7.236201519849374,7.137488080545702
12,2025-12-14,2,0.18436951566116022,0.18185441862527169
12,2025-12-14,3,-1.517537105513668,0.0
12,2025-12-14,4,1.9984871978821275,1.9712246148589547
12,2025-12-14,5,182.23795411040857,179.75193500597138
12,2025-12-14,6,541.0107811094382,533.6305230061799
12,2025-12-14,7,666.1883452465607,657.1004636276035
12,2025-12-14,8,792.0123176859447,781.2079945013026
12,2025-12-14,9,965.5846603677246,952.4125309705116
12,2025-12-14,10,1144.6679837249808,1129.052869465885
12,2025-12-14,11,1278.5346762270815,1261.0934047515452
12,2025-12-14,12,1353.8133147638296,1335.345121457043
12,2025-12-14,13,1441.7780647114823,1422.1098905886554
12,2025-12-14,14,1447.6460285275214,1427.897805930588
12,2025-12-14,15,1425.9769156242132,1406.5242946154167
12,2025-12-14,16,1413.2028317878512,1393.924469849367
12,2025-12-14,17,1407.382579815618,1388.1836154848727
12,2025-12-14,18,1310.190234807422,1292.3171305461385
12,2025-12-14,19,1130.7267715863352,1115.3018379067178
12,2025-12-14,20,845.3533343532788,833.8213538201309
12,2025-12-14,21,606.4299950656768,598.1573135565129
12,2025-12-14,22,367.7344071901498,362.71791780902043
12,2025-12-14,23,213.3519883943883,210.441523767482
12,2025-12-15,0,53.969964270027106,53.992216794524715
12,2025-12-15,1,2.769007097928295,2.770148795891488
12,2025-12-15,2,-0.18689152745599813,0.0
12,2025-12-15,3,-1.9588258961836686,0.0
12,2025-12-15,4,6.18462938782443,6.187179391679771
12,2025-12-15,5,368.14968875995174,368.3014817077278
12,2025-12-15,6,1389.8536562256988,1390.426711126727
12,2025-12-15,7,2634.5819353554984,2635.668208060148
12,2025-12-15,8,3291.4914476306194,3292.8485727475754
12,2025-12-15,9,2460.3193953912055,2461.3338173638413
12,2025-12-15,10,2031.4225598577705,2032.260142036852
12,2025-12-15,11,1969.6933468703126,1970.5054772848282
12,2025-12-15,12,1986.108974904242,1986.9278736976125
12,2025-12-15,13,2004.7889903321598,2005.6155911410226
12,2025-12-15,14,2035.6792588520573,2036.5185961239931
12,2025-12-15,15,2210.0105705857104,2210.921786945163
12,2025-12-15,16,2555.274076793132,2556.327649826967
12,2025-12-15,17,2991.1798854229387,2992.413188141912
12,2025-12-15,18,3132.1273193973634,3133.418736592969
12,2025-12-15,19,2378.5969517029553,2379.577678439643
12,2025-12-15,20,1565.0952613584761,1565.7405706729353
12,2025-12-15,21,936.390102162537,936.7761880895804
12,2025-12-15,22,507.7834418721425,507.99280764869195
12,2025-12-15,23,241.1177995670455,241.21721559991204
12,2025-12-16,0,51.61528555320774,52.08341023753263
12,2025-12-16,1,2.104310721722129,2.1233957617789585
12,2025-12-16,2,-0.20291564216989855,0.0
12,2025-12-16,3,0.6179275656417076,0.6235318579264704
12,2025-12-16,4,9.036857907443732,9.118817664323311
12,2025-12-16,5,376.49637302234885,379.91100579792203
12,2025-12-16,6,1429.7947891281071,1442.7623088683592
12,2025-12-16,7,2708.872450532793,2733.440561455571
12,2025-12-16,8,3371.158347253582,3401.733058217653
12,2025-12-16,9,2518.3276390535416,2541.16760435497
12,2025-12-16,10,2105.105715754025,2124.197966006947
12,2025-12-16,11,2035.7386063354631,2054.2017317884142
12,2025-12-16,12,2049.0483199460314,2067.63215780841
12,2025-12-16,13,2068.564626661237,2087.325467611409
12,2025-12-16,14,2086.291942832272,2105.213561625626
12,2025-12-16,15,2256.7736620267906,2277.241464283546
12,2025-12-16,16,2603.7117241993865,2627.3260802162176
12,2025-12-16,17,3031.0789857653276,3058.5693479355127
12,2025-12-16,18,3170.2836577172698,3199.036536260572
12,2025-12-16,19,2397.032392289987,2418.772270698691
12,2025-12-16,20,1590.0500767679873,1604.4710313799785
12,2025-12-16,21,970.0984232484725,978.896728116497
12,2025-12-16,22,530.438037877765,535.2488441413373
12,2025-12-16,23,256.5645476475855,258.89145907681075
12,2025-12-17,0,52.346792305119266,52.570554136981215
12,2025-12-17,1,2.0122838940370116,2.0208856117455483
12,2025-12-17,2,-0.1580026492636648,0.0
12,2025-12-17,3,0.6241489525332895,0.6268169424295856
12,2025-12-17,4,8.995487651909627,9.033939803547694
12,2025-12-17,5,380.0331482840386,381.657639674698
12,2025-12-17,6,1433.3057913462499,1439.4326066746958
12,2025-12-17,7,2699.7691378073337,2711.3095830051775
12,2025-12-17,8,3376.749068633937,3391.1833352635235
12,2025-12-17,9,2518.08018804699,2528.8439848498283
12,2025-12-17,10,2108.0655495398687,2117.076695940218
12,2025-12-17,11,2034.2009150912327,2042.8963193957206
12,2025-12-17,12,2049.1597504638466,2057.919097872737
12,2025-12-17,13,2069.9294851897903,2078.7776149993765
12,2025-12-17,14,2097.491432478431,2106.4573787108275
12,2025-12-17,15,2266.991017191696,2276.681507104901
12,2025-12-17,16,2608.627380247495,2619.7782304819675
12,2025-12-17,17,3030.050620788164,3043.002888686262
12,2025-12-17,18,3167.0505255998833,3180.5884139021296
12,2025-12-17,19,2396.0527446312535,2406.2949223802066
12,2025-12-17,20,1588.8659497662977,1595.6577232417476
12,2025-12-17,21,981.6910124364838,985.8873532167329
12,2025-12-17,22,546.4710357102417,548.8069832368309
12,2025-12-17,23,267.10354117366455,268.24530316208705
12,2025-12-18,0,52.81179482239622,52.88310033610253
12,2025-12-18,1,2.4151460656672157,2.418406951449782
12,2025-12-18,2,-0.2391477919746876,0.0
12,2025-12-18,3,0.5518609232065614,0.5526060356716086
12,2025-12-18,4,8.831893243513548,8.843817903276502
12,2025-12-18,5,381.1016888054105,381.61624529389945
12,2025-12-18,6,1430.75896004893,1432.6907444728315
12,2025-12-18,7,2686.9580773619696,2690.5859587217665
12,2025-12-18,8,3359.027550269274,3363.5628474662553
12,2025-12-18,9,2526.7876430538345,2530.19926524014
12,2025-12-18,10,2113.2171384111325,2116.070365311186
12,2025-12-18,11,2049.1049068436637,2051.87157058823
12,2025-12-18,12,2064.9178760026375,2067.7058901272258
12,2025-12-18,13,2087.718782419078,2090.537581908005
12,2025-12-18,14,2111.558305819045,2114.409292993853
12,2025-12-18,15,2280.4803370544087,2283.5593996478624
12,2025-12-18,16,2621.058473051051,2624.5973779775677
12,2025-12-18,17,3037.7851070190286,3041.8866685795438
12,2025-12-18,18,3164.67476303149,3168.9476486709614
12,2025-12-18,19,2395.1354278114427,2398.3692955989436
12,2025-12-18,20,1592.0626458532618,1594.212219545975
12,2025-12-18,21,985.7883864927672,987.1193798350872
12,2025-12-18,22,548.3464302441508,549.0867975054618
12,2025-12-18,23,272.6396023223133,273.00771529718287
12,2025-12-19,0,56.449227271906636,55.84968149135948
12,2025-12-19,1,2.933572441570618,2.9024150446623986
12,2025-12-19,2,-0.21000913846449976,0.0
12,2025-12-19,3,0.7756040194844331,0.767366349285381
12,2025-12-19,4,9.473818803194263,9.373197619103223
12,2025-12-19,5,376.6381800348298,372.63791568142875
12,2025-12-19,6,1413.7910626103742,1398.7752243584098
12,2025-12-19,7,2612.3991009704237,2584.6528777927774
12,2025-12-19,8,3266.751746626064,3232.0556609498044
12,2025-12-19,9,2450.2040930003,2424.18053880067
12,2025-12-19,10,2089.816032165505,2067.620150224209
12,2025-12-19,11,2053.2910124425835,2031.48306178959
12,2025-12-19,12,2065.884709783276,2043.9430017970647
12,2025-12-19,13,2101.7262155976105,2079.4038359066135
12,2025-12-19,14,2154.9215139263815,2132.03414834985
12,2025-12-19,15,2338.292777973449,2313.4578309516755
12,2025-12-19,16,2701.7812500549553,2673.085701387312
12,2025-12-19,17,2946.0803675123625,2914.7901242467315
12,2025-12-19,18,2872.1514353894454,2841.6463893967752
12,2025-12-19,19,2255.362948951251,2231.4087974952386
12,2025-12-19,20,1530.1892225906386,1513.9371224967986
12,2025-12-19,21,969.4573274866676,959.1607463250612
12,2025-12-19,22,551.121728001308,545.2682784049221
12,2025-12-19,23,285.27533331599886,282.2454313908593
12,2025-12-20,0,78.9941608014567,80.5106821006097
12,2025-12-20,1,6.24353858626273,6.363401360322055
12,2025-12-20,2,0.04484501082509951,0.04570594046074615
12,2025-12-20,3,-1.0082543305859417,0.0
12,2025-12-20,4,2.9379844496490364,2.9943875552617603
12,2025-12-20,5,217.31953266793303,221.4916093970122
12,2025-12-20,6,682.8981200354842,696.0083237983712
12,2025-12-20,7,893.5215324703547,910.6752615750778
12,2025-12-20,8,1020.9618069044528,1040.562120523631
12,2025-12-20,9,1188.3139406415298,1211.1270623049488
12,2025-12-20,10,1327.243827052041,1352.7241095497905
12,2025-12-20,11,1439.2143339144106,1466.8442140129312
12,2025-12-20,12,1507.2753788646476,1536.2118874944726
12,2025-12-20,13,1581.7567986391755,1612.1231934572104
12,2025-12-20,14,1583.9584761730587,1614.3671385566975
12,2025-12-20,15,1574.7624170953345,1604.994534537953
12,2025-12-20,16,1566.3612124912104,1596.432044522459
12,2025-12-20,17,1563.6505111562244,1593.6693034383518
12,2025-12-20,18,1464.4307146253072,1492.544696055466
12,2025-12-20,19,1300.9890475890797,1325.965293688997
12,2025-12-20,20,956.8379186361583,975.2071888293825
12,2025-12-20,21,695.994158430829,709.355778513094
12,2025-12-20,22,444.6538238754854,453.19023957780354
12,2025-12-20,23,265.8811305914508,270.98548759067575
12,2025-12-21,0,80.60808725310773,79.50846316074133
12,2025-12-21,1,7.087800518421886,6.991111507709214
12,2025-12-21,2,-0.01813940896153099,0.0
12,2025-12-21,3,-1.7073090242175795,0.0
12,2025-12-21,4,1.8591192862605226,1.8337579059397624
12,2025-12-21,5,184.98194823530758,182.45849663306683
12,2025-12-21,6,542.523962311,535.1230619798703
12,2025-12-21,7,666.0044202084212,656.9190476231107
12,2025-12-21,8,794.2029655025406,783.3687583546497
12,2025-12-21,9,969.2855024360038,956.0628875944761
12,2025-12-21,10,1151.1673532730792,1135.4635771491032
12,2025-12-21,11,1284.9460450115066,1267.4173121431913
12,2025-12-21,12,1360.9764942281727,1342.4105836204878
12,2025-12-21,13,1448.319879068698,1428.5624640654567
12,2025-12-21,14,1455.2258236729688,1435.3742004664791
12,2025-12-21,15,1432.0404956821835,1412.5051576787907
12,2025-12-21,16,1418.734653392914,1399.3808285012833
12,2025-12-21,17,1414.3048220355813,1395.0114271758698
12,2025-12-21,18,1313.6638320180195,1295.7433422981535
12,2025-12-21,19,1131.8868725369264,1116.446113212534
12,2025-12-21,20,848.7097875954585,837.1320196360637
12,2025-12-21,21,610.5429161072384,602.2141277331008
12,2025-12-21,22,376.2957008512897,371.1624216405983
12,2025-12-21,23,217.24441955496442,214.28085590005855
12,2025-12-22,0,54.215812686485265,54.238166577511166
12,2025-12-22,1,2.8377723387557126,2.8389423895300814
12,2025-12-22,2,-0.17806048906624028,0.0
12,2025-12-22,3,-1.9344683491106593,0.0
12,2025-12-22,4,5.897441230743823,5.89987282315333
12,2025-12-22,5,370.1518278023155,370.30444625829216
12,2025-12-22,6,1395.8818363836435,1396.4573767824565
12,2025-12-22,7,2631.404988024411,2632.4899508319863
12,2025-12-22,8,3285.8525857416603,3287.2073858818626
12,2025-12-22,9,2456.71219490388,2457.725129580419
12,2025-12-22,10,2036.057782195061,2036.8972755371385
12,2025-12-22,11,1974.943446087084,1975.757741186402
12,2025-12-22,12,1992.2933047781974,1993.1147534519298
12,2025-12-22,13,2010.3519550989881,2011.1808495912253
12,2025-12-22,14,2042.1254203551428,2042.967415464057
12,2025-12-22,15,2215.6064164948984,2216.519940095052
12,2025-12-22,16,2559.882170956917,2560.937643968446
12,2025-12-22,17,2997.1318459456193,2998.367602736022
12,2025-12-22,18,3139.636484045853,3140.930997368583
12,2025-12-22,19,2384.3736234853864,2385.3567320196553
12,2025-12-22,20,1572.3294329964556,1572.9777250548125
12,2025-12-22,21,943.848399201526,944.2375602823112
12,2025-12-22,22,515.4925571809582,515.7051015269135
12,2025-12-22,23,244.63442805161492,244.73529403655314
12,2025-12-23,0,52.32844201835161,52.803034673192236
12,2025-12-23,1,2.210296293932686,2.230342569832779
12,2025-12-23,2,-0.1742118412960849,0.0
12,2025-12-23,3,0.8195742494556839,0.8270073757611026
12,2025-12-23,4,8.949551875132556,9.030719810202427
12,2025-12-23,5,377.76708702764614,381.1932445402468
12,2025-12-23,6,1433.1217435786689,1446.1194371227707
12,2025-12-23,7,2691.7837165076926,2716.1968412062292
12,2025-12-23,8,3349.7147959743043,3380.095024711534
12,2025-12-23,9,2501.7888436518797,2524.4788103958354
12,2025-12-23,10,2104.788452389177,2123.8778252229213
12,2025-12-23,11,2034.5215430552073,2052.973630356228
12,2025-12-23,12,2048.59189871565,2067.1715970669884
12,2025-12-23,13,2068.5801963771237,2087.341178536789
12,2025-12-23,14,2088.9196644818776,2107.8651153891983
12,2025-12-23,15,2258.409886020999,2278.892528006578
12,2025-12-23,16,2605.692351874112,2629.3246711879597
12,2025-12-23,17,3036.1853672022626,3063.722041684248
12,2025-12-23,18,3179.2156854304303,3208.0495729734657
12,2025-12-23,19,2401.576647359132,2423.357739876156
12,2025-12-23,20,1596.0019887813935,1610.476924242324
12,2025-12-23,21,977.2311363819623,986.0941313712989
12,2025-12-23,22,537.701190508706,542.5778699142384
12,2025-12-23,23,259.04818798663325,261.39762478479196
12,2025-12-24,0,53.202489954037844,53.4299095548864
12,2025-12-24,1,2.062050944296857,2.0708653964604027
12,2025-12-24,2,-0.17250150556787958,0.0
12,2025-12-24,3,0.8234195672668534,0.8269393602216661
12,2025-12-24,4,9.099405275999743,9.138301634377234
12,2025-12-24,5,383.59589611638773,385.23561684482166
12,2025-12-24,6,1445.483995484843,1451.6628678190164
12,2025-12-24,7,2687.351604461446,2698.8389696158656
12,2025-12-24,8,3361.9305309549864,3376.3014541973175
12,2025-12-24,9,2510.983831879895,2521.717294567011
12,2025-12-24,10,2117.0986413891906,2126.148400684248
12,2025-12-24,11,2045.7661410358346,2054.510982106728
12,2025-12-24,12,2062.224431360891,2071.039625113014
12,2025-12-24,13,2082.2814449864127,2091.1823745384368
12,2025-12-24,14,2103.825283930536,2112.8183048725996
12,2025-12-24,15,2270.506543697883,2280.212061096371
12,2025-12-24,16,2616.813094936488,2627.99893586348
12,2025-12-24,17,3041.82298585041,3054.8255759527096
12,2025-12-24,18,3184.303793534259,3197.9154327325696
12,2025-12-24,19,2401.1311244238705,2411.3950102377353
12,2025-12-24,20,1596.2964007943795,1603.1199365089349
12,2025-12-24,21,988.9771062490395,993.2045921983968
12,2025-12-24,22,552.8382604921031,555.2014253861437
12,2025-12-24,23,270.19581002787515,271.3507902425339
12,2025-12-25,0,53.0696424842763,53.14129613915164
12,2025-12-25,1,1.9327567294442929,1.9353663020203777
12,2025-12-25,2,-0.7278529692918596,0.0
12,2025-12-25,3,0.9887864446112076,0.990121485876439
12,2025-12-25,4,8.936175113825698,8.948240573051306
12,2025-12-25,5,387.89699162793494,388.42072300927083
12,2025-12-25,6,1430.2067121837224,1432.137750972717
12,2025-12-25,7,2665.2514466896932,2668.8500201561283
12,2025-12-25,8,3324.9334217450837,3329.422685677016
12,2025-12-25,9,2511.455366273957,2514.8462871022466
12,2025-12-25,10,2136.6846578077448,2139.5695701207183
12,2025-12-25,11,2078.113652690043,2080.919483509531
12,2025-12-25,12,2098.1028180208477,2100.9356378435928
12,2025-12-25,13,2114.622234984813,2117.4773590204086
12,2025-12-25,14,2136.552090330357,2139.4368236531614
12,2025-12-25,15,2303.319834352993,2306.4297344154843
12,2025-12-25,16,2628.4017906078698,2631.950610346645
12,2025-12-25,17,3034.120850604993,3038.217464753915
12,2025-12-25,18,3153.59000580998,3157.847925014195
12,2025-12-25,19,2391.4063124047675,2394.635145209257
12,2025-12-25,20,1600.912494956469,1603.0740175526164
12,2025-12-25,21,993.3785752096455,994.7198166851222
12,2025-12-25,22,556.6479418958598,557.3995177054668
12,2025-12-25,23,277.248190343884,277.6225257495088
12,2025-12-26,0,56.022012017835664,55.42700367943506
12,2025-12-26,1,2.6705590976576445,2.642195158661808
12,2025-12-26,2,-0.49410469490970854,0.0
12,2025-12-26,3,0.07112105633927968,0.07036568144227923
12,2025-12-26,4,7.1271803081641565,7.051482710739555
12,2025-12-26,5,385.04980584503085,380.96020183180144
12,2025-12-26,6,1407.031441504414,1392.0873970131092
12,2025-12-26,7,2574.9592293046067,2547.6106540340493
12,2025-12-26,8,3242.0909690512813,3207.6568048548106
12,2025-12-26,9,2456.7044605236033,2430.611866088899
12,2025-12-26,10,2114.2189160495345,2091.763851710659
12,2025-12-26,11,2073.339530887725,2051.318645439679
12,2025-12-26,12,2088.005391395436,2065.828740222855
12,2025-12-26,13,2115.562127370238,2093.092796818721
12,2025-12-26,14,2167.557539909447,2144.535967428283
12,2025-12-26,15,2344.0181042667027,2319.122348702682
12,2025-12-26,16,2679.88060255966,2651.4176601017316
12,2025-12-26,17,2916.7412675873784,2885.7626341420264
12,2025-12-26,18,2851.8582072938066,2821.5686951510475
12,2025-12-26,19,2233.42010660437,2209.6990095084984
12,2025-12-26,20,1532.398427810189,1516.1228638049413
12,2025-12-26,21,972.4623298261562,962.1338326125461
12,2025-12-26,22,558.0593089802479,552.1321755160016
12,2025-12-26,23,287.2389426400515,284.18818527114814
12,2025-12-27,0,78.62754166864863,80.13702465360296
12,2025-12-27,1,6.040347963212639,6.156309905811547
12,2025-12-27,2,-0.26054436749296883,0.0
12,2025-12-27,3,-1.1707439430063005,0.0
12,2025-12-27,4,4.131671464513147,4.210990843483261
12,2025-12-27,5,218.42834371285807,222.621707275664
12,2025-12-27,6,674.1530796587626,687.0953970885498
12,2025-12-27,7,873.8358957265098,890.6117021201546
12,2025-12-27,8,989.4096301269035,1008.4042084913194
12,2025-12-27,9,1153.0272214893089,1175.1629125600277
12,2025-12-27,10,1280.6145682326699,1305.1996672960256
12,2025-12-27,11,1385.8199254702286,1412.4247455283646
12,2025-12-27,12,1449.6632361445604,1477.4937131305473
12,2025-12-27,13,1515.0629569031626,1544.1489706083553
12,2025-12-27,14,1521.6165262036702,1550.828354618822
12,2025-12-27,15,1506.6178406052552,1535.5417258871612
12,2025-12-27,16,1488.3061971792956,1516.8785375242567
12,2025-12-27,17,1478.3797583567703,1506.7615320098853
12,2025-12-27,18,1389.1414867628669,1415.8100737930883
12,2025-12-27,19,1251.916477692835,1275.9506339383024
12,2025-12-27,20,928.7432712081936,946.5731834186957
12,2025-12-27,21,676.8578055166313,689.8520479789805
12,2025-12-27,22,428.2166188958158,436.4374749264152
12,2025-12-27,23,255.02742714894933,259.92341593110297
12,2025-12-28,0,79.23661933192517,78.15570427012173
12,2025-12-28,1,6.809292347110443,6.716402636263718
12,2025-12-28,2,-0.36562050837420657,0.0
12,2025-12-28,3,-2.076463226893736,0.0
12,2025-12-28,4,1.4925123101581903,1.4721520392433127
12,2025-12-28,5,188.96381622169014,186.38604552914893
12,2025-12-28,6,536.4667145603703,529.1484448409695
12,2025-12-28,7,641.4035729722324,632.6537955515684
12,2025-12-28,8,772.2682984118737,761.733315438788
12,2025-12-28,9,936.7490114241959,923.970246705117
12,2025-12-28,10,1111.961933895575,1096.7929828141962
12,2025-12-28,11,1242.4304189159893,1225.4816676394698
12,2025-12-28,12,1309.5264227504247,1291.6623739543625
12,2025-12-28,13,1388.327930096279,1369.388901866451
12,2025-12-28,14,1395.1355596543015,1376.1036643967473
12,2025-12-28,15,1364.1350004029823,1345.5260026857522
12,2025-12-28,16,1341.9024878463479,1323.5967773956218
12,2025-12-28,17,1331.7197059091277,1313.5529049987103
12,2025-12-28,18,1238.690722395797,1221.7929866008735
12,2025-12-28,19,1092.8005392899456,1077.8929804815969
12,2025-12-28,20,824.2854297181127,813.0408493243548
12,2025-12-28,21,595.4164176845735,587.2939791031865
12,2025-12-28,22,364.62317838633146,359.6491311752886
12,2025-12-28,23,213.78034030446278,210.86403226783943
12,2025-12-29,0,51.27590490211611,48.732194299053965
12,2025-12-29,1,2.7211997455198684,2.586205645290089
12,2025-12-29,2,-0.27534735871887506,0.0
12,2025-12-29,3,8.28979543373947,7.87855275392186
12,2025-12-29,4,19.32271773190456,18.364150504891196
12,2025-12-29,5,384.24569643867517,365.18391968255753
12,2025-12-29,6,1397.6231900663095,1328.289476025692
12,2025-12-29,7,2576.9218810183766,2449.0851607396717
12,2025-12-29,8,3272.202874545108,3109.8744443937503
12,2025-12-29,9,2470.39914974193,2347.84684134308
12,2025-12-29,10,2080.000879673571,1976.8155667648193
12,2025-12-29,11,2020.2262571704935,1920.006261818699
12,2025-12-29,12,2043.3238597269165,1941.958031519705
12,2025-12-29,13,2046.4264422042313,1944.9067001468502
12,2025-12-29,14,2070.644108382994,1967.922969015162
12,2025-12-29,15,2240.753567705382,2129.593586815678
12,2025-12-29,16,2552.7267088795807,2426.090270020187
12,2025-12-29,17,2967.57734357265,2820.360868921196
12,2025-12-29,18,3097.283464999949,2943.6324898362855
12,2025-12-29,19,2370.1067222822408,2252.529750966628
12,2025-12-29,20,1570.1141923498292,1492.2234924836278
12,2025-12-29,21,944.1070722338047,897.2715229704319
12,2025-12-29,22,504.72485520210483,479.68631188907176
12,2025-12-29,23,244.467403431621,232.33979052261074
12,2025-12-30,0,49.49086939071583,45.94454855364676
12,2025-12-30,1,2.2833253896999963,2.11971128255277
12,2025-12-30,2,-0.1764229815179874,0.0
12,2025-12-30,3,-9.64121123835531,0.0
12,2025-12-30,4,-1.4405750843868077,0.0
12,2025-12-30,5,363.16504330169823,337.14206621094814
12,2025-12-30,6,1405.0013302391972,1304.3244669131363
12,2025-12-30,7,2598.0579091911454,2411.8913089130533
12,2025-12-30,8,3293.8136788188017,3057.7919595315366
12,2025-12-30,9,2487.2075136968197,2308.9840163017134
12,2025-12-30,10,2111.6000694646696,1960.2911226207527
12,2025-12-30,11,2046.9466945346896,1900.270553974512
12,2025-12-30,12,2067.373653808968,1919.2337977755292
12,2025-12-30,13,2077.2573225992437,1928.4092417758761
12,2025-12-30,14,2090.759765424543,1940.94415271232
12,2025-12-30,15,2254.650161164477,2093.0908079893507
12,2025-12-30,16,2563.95803751639,2380.2348997789713
12,2025-12-30,17,2956.164464112927,2744.3373581042897
12,2025-12-30,18,3059.9710630120508,2840.7055848504624
12,2025-12-30,19,2347.2934705312264,2179.0956625771264
12,2025-12-30,20,1557.7748070426485,1446.150797893338
12,2025-12-30,21,950.5728468753227,882.4585394176645
12,2025-12-30,22,527.5537946362642,489.7513668829057
12,2025-12-30,23,251.9434233389718,233.8901496149681
12,2025-12-31,0,55.082431706206535,53.43707914576231
12,2025-12-31,1,-3.8999024080582103,0.0
12,2025-12-31,2,-5.281103961316205,0.0
12,2025-12-31,3,-9.880507828787756,0.0
12,2025-12-31,4,-29.801897435491696,0.0
12,2025-12-31,5,80.0948942595038,77.70240113118146
12,2025-12-31,6,587.3195541942804,569.7758891388461
12,2025-12-31,7,759.3764932608406,736.6933614740663
12,2025-12-31,8,849.8157779338915,824.431158504102
12,2025-12-31,9,870.4908577445326,844.4886585447491
12,2025-12-31,10,873.4410093541028,847.3506869659606
12,2025-12-31,11,987.0406827555533,957.5570549575549
12,2025-12-31,12,1047.145856497255,967.4922315781954
12,2025-12-31,13,1120.248570761637,1035.034215074795
12,2025-12-31,14,1117.7986789180109,1032.7706800455455
12,2025-12-31,15,1129.5133596733567,1043.5942559169412
12,2025-12-31,16,1210.4278907559599,1118.3538319191562
12,2025-12-31,17,1292.0320283837991,1193.7505579145852
12,2025-12-31,18,1253.985465181809,926.8784771845587
12,2025-12-31,19,1113.4414564739716,822.9959200213885
12,2025-12-31,20,813.7624442839547,601.4893442473353
12,2025-12-31,21,546.5835801583785,404.00512645322425
12,2025-12-31,22,258.8765334254906,191.34758236248578
12,2025-12-31,23,156.35942859125691,144.4655790379315
17,2025-11-01,0,161.75806320094222,171.2709418793111
17,2025-11-01,1,30.58272742589486,32.38127625801557
17,2025-11-01,2,15.19753893129166,16.091295577497124
17,2025-11-01,3,14.698933914512907,15.563367948051141
17,2025-11-01,4,35.05020402087359,37.11148203017103
17,2025-11-01,5,297.5685741374776,315.0683740747988
17,2025-11-01,6,1200.7972844276615,1271.4153337417474
17,2025-11-01,7,3184.2329603572575,3371.4954759693114
17,2025-11-01,8,4102.716880539224,4343.9947937631405
17,2025-11-01,9,3163.030761033557,3349.0463901171142
17,2025-11-01,10,2835.0983976064176,3001.828553519355
17,2025-11-01,11,2768.685063595644,2931.5094977376325
17,2025-11-01,12,2889.164902987783,3059.07467230656
17,2025-11-01,13,2974.5274283281296,3149.457308120368
17,2025-11-01,14,3055.1802619249893,3234.8532785098614
17,2025-11-01,15,3230.0156608094867,3419.9706250472955
17,2025-11-01,16,3488.7807439969074,3693.9535019808122
17,2025-11-01,17,3971.8806244968637,4205.4641489167
17,2025-11-01,18,3980.7919296338505,4214.899521682568
17,2025-11-01,19,2985.3818561947646,3160.950077305977
17,2025-11-01,20,2020.6603563937815,2139.4939801413966
17,2025-11-01,21,1429.9040536923349,1513.9957120326396
17,2025-11-01,22,875.1477419037699,926.6145691495758
17,2025-11-01,23,402.4557811202233,426.12392441672745
17,2025-11-02,0,164.2114900317785,167.96255982876562
17,2025-11-02,1,20.419982726106525,20.886434741395306
17,2025-11-02,2,-1.7711838191613083,0.0
17,2025-11-02,3,1.0918019375509402,1.116741880982711
17,2025-11-02,4,6.048475484492087,6.186640321211518
17,2025-11-02,5,22.612756248431936,23.129297612094792
17,2025-11-02,6,335.5399694397097,343.20468184688474
17,2025-11-02,7,652.5967610494222,667.5039761262135
17,2025-11-02,8,1121.270075559784,1146.8831572867923
17,2025-11-02,9,1531.3068500135926,1566.2863686446813
17,2025-11-02,10,1914.777833353596,1958.5169486691145
17,2025-11-02,11,2245.601816777905,2296.897917613144
17,2025-11-02,12,2430.5049920194533,2486.0248211448466
17,2025-11-02,13,2687.557805830519,2748.949471609551
17,2025-11-02,14,2748.3619134040546,2811.142522498854
17,2025-11-02,15,2750.3566884048128,2813.182863983758
17,2025-11-02,16,2692.0525753086295,2753.546914743631
17,2025-11-02,17,2608.1192370582603,2667.6962940301996
17,2025-11-02,18,2505.0149366596097,2562.2367904293246
17,2025-11-02,19,2019.8527916803027,2065.9921257778487
17,2025-11-02,20,1507.9482215791484,1542.3941609485025
17,2025-11-02,21,1094.3735673384253,1119.3722543016202
17,2025-11-02,22,673.4744518155437,688.8585742953949
17,2025-11-02,23,329.022884454399,336.53872761589537
17,2025-11-03,0,143.25088998250578,143.43602269469238
17,2025-11-03,1,19.180968802511075,19.205757652180417
17,2025-11-03,2,1.2253593298909777,1.2269429437601382
17,2025-11-03,3,-0.3786276038075016,0.0
17,2025-11-03,4,1.9896504961268988,1.9922218546203532
17,2025-11-03,5,55.292401004395344,55.36385907465588
17,2025-11-03,6,578.0815009695746,578.8285943813675
17,2025-11-03,7,1375.2866430467839,1377.0640180166174
17,2025-11-03,8,1825.8303005591476,1828.1899432502073
17,2025-11-03,9,1994.4086296508979,1996.9861373987433
17,2025-11-03,10,2019.197428306653,2021.8069722779908
17,2025-11-03,11,2316.7496533690746,2319.743743994536
17,2025-11-03,12,2450.5873005246376,2453.7543584985992
17,2025-11-03,13,2613.9214558161925,2617.299601450172
17,2025-11-03,14,2680.919078963509,2684.383810109696
17,2025-11-03,15,2715.7321759090482,2719.2418983502835
17,2025-11-03,16,2814.5538236238176,2818.1912598940307
17,2025-11-03,17,2905.8060517859803,2909.5614194177006
17,2025-11-03,18,2960.6417271632736,2964.46796260816
17,2025-11-03,19,2351.6638080094344,2354.7030205335664
17,2025-11-03,20,1709.103497948826,1711.312286780934
17,2025-11-03,21,1174.5392410606107,1176.0571767278425
17,2025-11-03,22,678.8197287007333,679.6970128661266
17,2025-11-03,23,320.3489034106882,320.76291173790815
17,2025-11-04,0,143.7846034803585,146.36306700091362
17,2025-11-04,1,18.26006918794326,18.58752373553921
17,2025-11-04,2,0.6376809608183862,0.6491163791832416
17,2025-11-04,3,0.09281729462867361,0.09448177053557655
17,2025-11-04,4,2.5697466317980684,2.61582943751423
17,2025-11-04,5,23.44440812604904,23.864832494519625
17,2025-11-04,6,533.5873254897352,543.1560513512201
17,2025-11-04,7,1331.3530777643148,1355.2279938603417
17,2025-11-04,8,1743.3312801893724,1774.5941275416271
17,2025-11-04,9,1924.5130496981517,1959.0249972458375
17,2025-11-04,10,1969.8004730858786,2005.1245518793214
17,2025-11-04,11,2264.0523546689064,2304.6531997095794
17,2025-11-04,12,2394.731793267218,2437.6760892557418
17,2025-11-04,13,2559.826976264246,2605.731894575836
17,2025-11-04,14,2615.088785758749,2661.9847041942216
17,2025-11-04,15,2645.959327943564,2693.408842278435
17,2025-11-04,16,2744.604268628083,2793.82276500196
17,2025-11-04,17,2814.1152633439933,2864.580287926135
17,2025-11-04,18,2858.6695317535095,2909.9335400446034
17,2025-11-04,19,2259.08747919278,2299.599290011503
17,2025-11-04,20,1686.817065512746,1717.0664535834833
17,2025-11-04,21,1154.1708581442585,1174.868397256082
17,2025-11-04,22,664.0231990580226,675.931008059334
17,2025-11-04,23,328.6846515313163,334.578894469891
17,2025-11-05,0,121.55839683956071,124.89007093997367
17,2025-11-05,1,10.073115619882458,10.34919970205016
17,2025-11-05,2,-0.40941204002029963,0.0
17,2025-11-05,3,0.21093926354700443,0.216720689589068
17,2025-11-05,4,15.357811537962903,15.778738633666439
17,2025-11-05,5,310.35586507442514,318.8621026068636
17,2025-11-05,6,1499.3435559670427,1540.437583388526
17,2025-11-05,7,3893.340173118904,4000.0488905429897
17,2025-11-05,8,4992.178096155437,5129.003777474368
17,2025-11-05,9,3609.8099179413866,3708.747634493314
17,2025-11-05,10,2928.3970542162456,3008.6585982553215
17,2025-11-05,11,2806.8282743199907,2883.7578596797025
17,2025-11-05,12,2843.10822783493,2921.0321746261225
17,2025-11-05,13,2900.9515605419215,2980.4608781381917
17,2025-11-05,14,2970.355402164649,3051.766941142703
17,2025-11-05,15,3158.1101152955775,3244.667637860388
17,2025-11-05,16,3545.6652072430556,3642.8448447410597
17,2025-11-05,17,4254.033498849873,4370.628103574
17,2025-11-05,18,4518.387366617724,4642.227385541815
17,2025-11-05,19,3356.9032432937533,3448.909290461646
17,2025-11-05,20,2241.1088542239486,2302.533194458371
17,2025-11-05,21,1422.1438539208618,1461.1219909180388
17,2025-11-05,22,812.148182601818,834.4075504120335
17,2025-11-05,23,356.20648324605884,365.9693951096994
17,2025-11-06,0,124.42050066083618,128.12127737021467
17,2025-11-06,1,10.269706630795952,10.575169885722095
17,2025-11-06,2,-0.3623955876602736,0.0
17,2025-11-06,3,0.20354964362843475,0.20960404604878696
17,2025-11-06,4,15.134924722270057,15.585099545654321
17,2025-11-06,5,313.96119668249196,323.2996921728649
17,2025-11-06,6,1490.4998032262947,1534.8333891531786
17,2025-11-06,7,3882.1295692633857,3997.6000473310064
17,2025-11-06,8,4966.199793828238,5113.914972866292
17,2025-11-06,9,3606.0727534940743,3713.332168040506
17,2025-11-06,10,2914.833230586493,3001.5323426635464
17,2025-11-06,11,2809.8525513627483,2893.429106863173
17,2025-11-06,12,2846.4719378113223,2931.1377042678255
17,2025-11-06,13,2907.4717411325155,2993.951892278107
17,2025-11-06,14,2981.6361464611673,3070.322251629186
17,2025-11-06,15,3173.188021717796,3267.5716663975704
17,2025-11-06,16,3555.861998150242,3661.6279386071965
17,2025-11-06,17,4253.287006773746,4379.7972314502895
17,2025-11-06,18,4533.524691356006,4668.370335763894
17,2025-11-06,19,3349.297637237738,3448.9195052002688
17,2025-11-06,20,2242.0897432998127,2308.7787009737476
17,2025-11-06,21,1425.9253578917596,1468.338234594313
17,2025-11-06,22,829.42085601541,854.0912388696141
17,2025-11-06,23,364.7187286997172,375.56696166355465
17,2025-11-07,0,132.3804908871166,136.4170393835309
17,2025-11-07,1,11.867009406082559,12.228858487122029
17,2025-11-07,2,-0.14534128461536966,0.0
17,2025-11-07,3,0.28516182115947686,0.29385698094263246
17,2025-11-07,4,23.73399294491213,24.45769031824629
17,2025-11-07,5,314.540565047948,324.1315420597213
17,2025-11-07,6,1529.198719317141,1575.8270763342023
17,2025-11-07,7,3865.2745950875274,3983.1346230302656
17,2025-11-07,8,4943.370121023892,5094.103458659373
17,2025-11-07,9,3592.261672648958,3701.7969852640367
17,2025-11-07,10,3001.13531594232,3092.6459922203894
17,2025-11-07,11,2918.799890421994,3007.7999933077263
17,2025-11-07,12,2960.415125351097,3050.6841607876554
17,2025-11-07,13,3028.3786918254036,3120.720073649443
17,2025-11-07,14,3138.18550047589,3233.875113639637
17,2025-11-07,15,3347.7129043063087,3449.791431132647
17,2025-11-07,16,3763.467185965926,3878.2229004145856
17,2025-11-07,17,4266.964002618041,4397.072351768286
17,2025-11-07,18,4271.2898360519275,4401.530088599164
17,2025-11-07,19,3268.408437003128,3368.0688104738897
17,2025-11-07,20,2248.6344562828817,2317.1998617491145
17,2025-11-07,21,1476.0150630613975,1521.0217430001044
17,2025-11-07,22,857.3492268670713,883.491536125943
17,2025-11-07,23,404.81595470240484,417.15961064693454
17,2025-11-08,0,171.53544241631982,181.62332193500387
17,2025-11-08,1,22.23634079291702,23.54404445867563
17,2025-11-08,2,0.12121656432174177,0.1283452257768989
17,2025-11-08,3,0.33210674359105496,0.3516377091425235
17,2025-11-08,4,7.496955440043223,7.937846151436542
17,2025-11-08,5,121.70960172230122,128.86725836250574
17,2025-11-08,6,568.5787477629658,602.0164666595438
17,2025-11-08,7,1228.5121445870627,1300.7600854630723
17,2025-11-08,8,1638.7168753017236,1735.0886697857852
17,2025-11-08,9,1994.816115413025,2112.1298574056323
17,2025-11-08,10,2326.5151606719546,2463.3358917619726
17,2025-11-08,11,2672.705203772198,2829.8851294179817
17,2025-11-08,12,2872.8179891916147,3041.7664079314377
17,2025-11-08,13,3061.335618782454,3241.3706276034372
17,2025-11-08,14,3104.742919405156,3287.3306812475844
17,2025-11-08,15,3124.412885415939,3308.1574242162847
17,2025-11-08,16,3120.525098989139,3304.040999786076
17,2025-11-08,17,3057.3514613906846,3237.1521646991428
17,2025-11-08,18,2941.1575461354423,3114.1249664710776
17,2025-11-08,19,2366.2363276840956,2505.3930328533797
17,2025-11-08,20,1772.9932699559392,1877.2617653922591
17,2025-11-08,21,1285.8302839182938,1361.4490645208555
17,2025-11-08,22,815.1646886039459,863.1039543946514
17,2025-11-08,23,414.0672611729446,438.4182674985431
17,2025-11-09,0,167.9566200130019,171.79323951150892
17,2025-11-09,1,21.77358645831373,22.270958734273606
17,2025-11-09,2,-1.1028333926743699,0.0
17,2025-11-09,3,0.2706009609929083,0.2767822768778062
17,2025-11-09,4,4.043672918522077,4.136042212233665
17,2025-11-09,5,62.79723157818722,64.23170366453
17,2025-11-09,6,415.2034192904169,424.6878774449873
17,2025-11-09,7,825.9582731228504,844.8255712107198
17,2025-11-09,8,1272.1662881966197,1301.22627991508
17,2025-11-09,9,1715.3525996370283,1754.5362604541647
17,2025-11-09,10,2112.598321861862,2160.856234610648
17,2025-11-09,11,2476.403904146069,2532.972198412114
17,2025-11-09,12,2675.20867517841,2736.31825076388
17,2025-11-09,13,2926.9078872103983,2993.767007556688
17,2025-11-09,14,2969.3648454236063,3037.193806635445
17,2025-11-09,15,2972.7289561962025,3040.6347635185684
17,2025-11-09,16,2913.424520473852,2979.97564136336
17,2025-11-09,17,2842.15075885189,2907.073778964247
17,2025-11-09,18,2744.8245887557164,2807.5243950294225
17,2025-11-09,19,2176.173848316797,2225.8840116789015
17,2025-11-09,20,1611.2699410084174,1648.0760500653428
17,2025-11-09,21,1148.2415936158186,1174.4707835502325
17,2025-11-09,22,695.4369056962889,711.3227147353683
17,2025-11-09,23,323.24150430751297,330.6252838695031
17,2025-11-10,0,114.51204894785599,114.6600405324273
17,2025-11-10,1,10.605626051443949,10.619332411771488
17,2025-11-10,2,-0.340155870945523,0.0
17,2025-11-10,3,0.054448771512511485,0.05451913930391977
17,2025-11-10,4,23.404251307729453,23.434498188023362
17,2025-11-10,5,309.2734605147052,309.673155305847
17,2025-11-10,6,1518.4715828861413,1520.4340053363776
17,2025-11-10,7,4008.6395459526643,4013.820179116
17,2025-11-10,8,5089.760467472392,5096.338305556598
17,2025-11-10,9,3644.1453568042853,3648.85492973322
17,2025-11-10,10,2938.3415708774105,2942.1389863378913
17,2025-11-10,11,2821.274176640972,2824.920298073149
17,2025-11-10,12,2860.7019474568147,2864.399024035919
17,2025-11-10,13,2917.605216960823,2921.3758334433574
17,2025-11-10,14,3001.000951813842,3004.8793461857845
17,2025-11-10,15,3203.704091813498,3207.8444530191646
17,2025-11-10,16,3583.4535743142956,3588.0847111909225
17,2025-11-10,17,4293.808135101908,4299.357310717902
17,2025-11-10,18,4593.786269581518,4599.723127016729
17,2025-11-10,19,3394.590865180416,3398.9779221383974
17,2025-11-10,20,2263.9393447689918,2266.8651850983206
17,2025-11-10,21,1415.3818530814997,1417.2110457746319
17,2025-11-10,22,781.9807957782444,782.9914018946738
17,2025-11-10,23,318.58108572239246,318.9928093805027
17,2025-11-11,0,116.74859093870242,118.84222249260365
17,2025-11-11,1,10.701007720242501,10.89290697351403
17,2025-11-11,2,-0.1206991479905355,0.0
17,2025-11-11,3,0.09827459310491804,0.10003693376716455
17,2025-11-11,4,23.331654677576978,23.75005705866738
17,2025-11-11,5,313.8791732614947,319.5079122121663
17,2025-11-11,6,1543.5998103406607,1571.2809090463568
17,2025-11-11,7,4076.4936651817457,4149.596695360363
17,2025-11-11,8,5183.211614360234,5276.161219140214
17,2025-11-11,9,3715.0238180910146,3781.6446742958974
17,2025-11-11,10,3022.239051410334,3076.4363225772927
17,2025-11-11,11,2901.1784635441454,2953.2047768892357
17,2025-11-11,12,2931.453144431019,2984.022368201661
17,2025-11-11,13,2991.4154860562626,3045.060003750908
17,2025-11-11,14,3062.35948508827,3117.2762288007125
17,2025-11-11,15,3253.8977649920616,3312.2493303444253
17,2025-11-11,16,3644.5236099726426,3709.880198582632
17,2025-11-11,17,4365.904709174056,4444.197695727118
17,2025-11-11,18,4670.473897682065,4754.228668898047
17,2025-11-11,19,3429.9075117366356,3491.4154283272946
17,2025-11-11,20,2305.704942489291,2347.052735921043
17,2025-11-11,21,1456.7004360030883,1482.8231838056636
17,2025-11-11,22,816.0514535155774,830.6855579527282
17,2025-11-11,23,343.1728429688141,349.32690004740215
17,2025-11-12,0,123.13798986875304,126.51295747517939
17,2025-11-12,1,10.579726629856964,10.869695913086868
17,2025-11-12,2,-0.09519988546912828,0.0
17,2025-11-12,3,0.11352924111889706,0.11664085201628814
17,2025-11-12,4,23.93465334011927,24.590654625994123
17,2025-11-12,5,323.6081935269182,332.47765104763613
17,2025-11-12,6,1549.492489890661,1591.9609999366328
17,2025-11-12,7,4081.625087422924,4193.4943201943215
17,2025-11-12,8,5204.681606539867,5347.331586798255
17,2025-11-12,9,3736.646934488608,3839.061001617631
17,2025-11-12,10,3044.378979069754,3127.819357193492
17,2025-11-12,11,2924.9697377909542,3005.1373458974663
17,2025-11-12,12,2957.967244944644,3039.0392491506477
17,2025-11-12,13,3018.9662473336757,3101.7101129798957
17,2025-11-12,14,3092.8131784543584,3177.581041736336
17,2025-11-12,15,3283.22477074745,3373.211437394353
17,2025-11-12,16,3672.8839956185257,3773.5504473007927
17,2025-11-12,17,4385.686582601304,4505.889536734259
17,2025-11-12,18,4673.778668382947,4801.877654099797
17,2025-11-12,19,3447.005315363072,3541.480881278428
17,2025-11-12,20,2320.7162707057887,2384.322492032665
17,2025-11-12,21,1482.3374163334759,1522.96533926166
17,2025-11-12,22,845.1179694802398,868.2809736322866
17,2025-11-12,23,370.3163548206109,380.4659902254243
17,2025-11-13,0,125.4843428321376,129.21676257710183
17,2025-11-13,1,10.678814295297627,10.99644609245254
17,2025-11-13,2,-0.11900666635062862,0.0
17,2025-11-13,3,-0.0011154046375168036,0.0
17,2025-11-13,4,23.801790753916293,24.509753769623078
17,2025-11-13,5,325.68233383532765,335.3694640856658
17,2025-11-13,6,1551.6150065211882,1597.7664096063488
17,2025-11-13,7,4074.292633170922,4195.4788300110495
17,2025-11-13,8,5191.538753987373,5345.956439212456
17,2025-11-13,9,3747.97274895623,3859.452852179191
17,2025-11-13,10,3050.0678292920734,3140.789373770006
17,2025-11-13,11,2939.5964013392972,3027.032071821803
17,2025-11-13,12,2974.0463358799375,3062.50668890841
17,2025-11-13,13,3037.0765099594664,3127.4116392425167
17,2025-11-13,14,3113.0937227828304,3205.689916193049
17,2025-11-13,15,3306.444036351904,3404.7912622158337
17,2025-11-13,16,3686.6404107276985,3796.2962383076397
17,2025-11-13,17,4391.6193566735465,4522.2441535945645
17,2025-11-13,18,4679.670516595429,4818.86313809589
17,2025-11-13,19,3450.321151601976,3552.9478738053517
17,2025-11-13,20,2329.453223367697,2398.7407297580276
17,2025-11-13,21,1493.3154996623093,1537.7328359658252
17,2025-11-13,22,855.4361040273538,880.8802872072274
17,2025-11-13,23,381.30180361143175,392.6432853331282
17,2025-11-14,0,133.52578187182655,137.59725260316617
17,2025-11-14,1,12.243761261037378,12.617098266947409
17,2025-11-14,2,0.016234999543883077,0.01673003746494676
17,2025-11-14,3,0.06431665814596954,0.06627780293394957
17,2025-11-14,4,26.001899555141165,26.794749980833576
17,2025-11-14,5,319.8800717003634,329.6338610525727
17,2025-11-14,6,1544.345080081021,1591.4352802243457
17,2025-11-14,7,3976.409587153861,4097.658345430791
17,2025-11-14,8,5082.203744301584,5237.170399471528
17,2025-11-14,9,3646.5983669478173,3757.7905150996307
17,2025-11-14,10,3048.8669374246224,3141.833047230961
17,2025-11-14,11,2957.736263202703,3047.9236147226607
17,2025-11-14,12,2995.438541993016,3086.775512129301
17,2025-11-14,13,3064.3057905154806,3157.742662129791
17,2025-11-14,14,3176.9074626678976,3273.7777866540396
17,2025-11-14,15,3387.921001367868,3491.225554269876
17,2025-11-14,16,3806.9047405476244,3922.9849537533114
17,2025-11-14,17,4315.757025787483,4447.3531727468335
17,2025-11-14,18,4324.783422177551,4456.6548021907465
17,2025-11-14,19,3297.7413803980394,3398.2961745478806
17,2025-11-14,20,2268.9953091144753,2338.181558100265
17,2025-11-14,21,1493.4526130885502,1538.990999140987
17,2025-11-14,22,875.5265405650425,902.2231128258468
17,2025-11-14,23,418.8498081594008,431.6213846358089
17,2025-11-15,0,174.5107606575333,184.77361656316282
17,2025-11-15,1,22.825816226083987,24.16818653020751
17,2025-11-15,2,0.16294438724366955,0.1725270328101204
17,2025-11-15,3,-0.007033337580594434,0.0
17,2025-11-15,4,8.798988587511303,9.316450958591794
17,2025-11-15,5,139.05330905169967,147.2309370020994
17,2025-11-15,6,591.6320804892073,626.4255497763199
17,2025-11-15,7,1286.3223934421394,1361.9701146619673
17,2025-11-15,8,1726.5317557805456,1828.0678820303306
17,2025-11-15,9,2084.0482608553193,2206.6096829759254
17,2025-11-15,10,2410.9268933026215,2552.711819411152
17,2025-11-15,11,2754.7537987222777,2916.7589449106763
17,2025-11-15,12,2937.135354606344,3109.8662326684116
17,2025-11-15,13,3128.455155075516,3312.4374169302546
17,2025-11-15,14,3166.0378124040512,3352.230284077715
17,2025-11-15,15,3184.380776889313,3371.651985488339
17,2025-11-15,16,3173.5123103083047,3360.144351981373
17,2025-11-15,17,3115.0162071391765,3298.208133855416
17,2025-11-15,18,3005.568987291304,3182.3243994777904
17,2025-11-15,19,2420.7000322693343,2563.059709852119
17,2025-11-15,20,1807.1884724918175,1913.467963897482
17,2025-11-15,21,1316.0335437314195,1393.4285569409246
17,2025-11-15,22,844.4238713127709,894.0838491955315
17,2025-11-15,23,440.686857762736,466.6033439649774
17,2025-11-16,0,169.40669648173883,173.2764399598416
17,2025-11-16,1,22.315224377878735,22.824969245065876
17,2025-11-16,2,-1.2682391724770241,0.0
17,2025-11-16,3,0.20151313037820273,0.2061162785313053
17,2025-11-16,4,5.641575823001233,5.770445883634489
17,2025-11-16,5,79.03481956595414,80.84020556255403
17,2025-11-16,6,437.57001594139183,447.56539245583235
17,2025-11-16,7,876.6405876890609,896.6656177929659
17,2025-11-16,8,1351.4406591990755,1382.311508968242
17,2025-11-16,9,1791.5685900673707,1832.4932465949496
17,2025-11-16,10,2190.655062750756,2240.6960193239593
17,2025-11-16,11,2543.849812521148,2601.958768221951
17,2025-11-16,12,2726.6387854497934,2788.9231748881634
17,2025-11-16,13,2981.046822516094,3049.1426341866445
17,2025-11-16,14,3023.3376808248368,3092.399539154241
17,2025-11-16,15,3025.7689258077103,3094.8863208697912
17,2025-11-16,16,2962.958860349196,3030.641490161643
17,2025-11-16,17,2896.1954871769226,2962.3530466510942
17,2025-11-16,18,2803.23802631638,2867.2721660239376
17,2025-11-16,19,2211.5000276733285,2262.017144095792
17,2025-11-16,20,1638.0308159378978,1675.4482214983109
17,2025-11-16,21,1170.0842683632964,1196.8124087518765
17,2025-11-16,22,718.2529308015843,734.6599244583979
17,2025-11-16,23,343.82151897525273,351.6754061492423
17,2025-11-17,0,113.41149505152293,113.55806431663947
17,2025-11-17,1,10.945674278352953,10.959820105761846
17,2025-11-17,2,-0.08238039968620114,0.0
17,2025-11-17,3,0.10757885971355563,0.10771789107367595
17,2025-11-17,4,23.003551590053746,23.033280619285687
17,2025-11-17,5,312.1023664849497,312.5057172606013
17,2025-11-17,6,1524.8888636601944,1526.8595795918513
17,2025-11-17,7,4028.187332878627,4033.393228955242
17,2025-11-17,8,5131.366933939139,5137.998542844472
17,2025-11-17,9,3674.5142641908337,3679.2630848912227
17,2025-11-17,10,2963.6566538435127,2967.486785679922
17,2025-11-17,11,2844.1105687152085,2847.7862031451878
17,2025-11-17,12,2876.9603463973185,2880.6784347934667
17,2025-11-17,13,2936.0863967352757,2939.880897683285
17,2025-11-17,14,3017.6115235211046,3021.511384846526
17,2025-11-17,15,3219.399931601069,3223.5605775909366
17,2025-11-17,16,3601.0308642820646,3605.6847174668765
17,2025-11-17,17,4310.763545321734,4316.334633549095
17,2025-11-17,18,4622.433538804077,4628.407419022522
17,2025-11-17,19,3415.3315124029377,3419.745373887392
17,2025-11-17,20,2280.7299953568972,2283.677535367695
17,2025-11-17,21,1431.919531621665,1433.7700970635585
17,2025-11-17,22,798.2952617551454,799.3269521478019
17,2025-11-17,23,330.7358720835532,331.16330418553673
17,2025-11-18,0,116.42777395550053,118.51565235594903
17,2025-11-18,1,10.636268291593694,10.827006584295928
17,2025-11-18,2,-0.15787171841122927,0.0
17,2025-11-18,3,0.05645701497110167,0.05746944850055328
17,2025-11-18,4,23.059385478065224,23.472905304405543
17,2025-11-18,5,313.0685780085884,318.6827806998903
17,2025-11-18,6,1541.0010552115923,1568.6355509073906
17,2025-11-18,7,4076.142127592015,4149.23885371005
17,2025-11-18,8,5192.058340195148,5285.166591723733
17,2025-11-18,9,3722.487196773636,3789.241892410609
17,2025-11-18,10,3020.1333916105323,3074.2929023577444
17,2025-11-18,11,2894.588862604876,2946.4970058175204
17,2025-11-18,12,2923.6948835968014,2976.124979866586
17,2025-11-18,13,2983.305986984954,3036.8050784863967
17,2025-11-18,14,3056.1499137827836,3110.955302366082
17,2025-11-18,15,3247.5738900892275,3305.8120505265247
17,2025-11-18,16,3639.526042758614,3704.7930108915775
17,2025-11-18,17,4361.508636248364,4439.722788813654
17,2025-11-18,18,4676.298801928481,4760.1580301081885
17,2025-11-18,19,3432.404447561909,3493.9571412551422
17,2025-11-18,20,2305.7713888869157,2347.120373890006
17,2025-11-18,21,1457.4357708140024,1483.5717052439315
17,2025-11-18,22,818.156061867057,832.82790786852
17,2025-11-18,23,344.4195865396485,350.5960012472112
17,2025-11-19,0,123.05874554530828,126.43154122230081
17,2025-11-19,1,10.513615281594696,10.80177258414309
17,2025-11-19,2,-0.1354390356933095,0.0
17,2025-11-19,3,0.058780518919604674,0.06039157613642333
17,2025-11-19,4,23.677485689729963,24.32643852134298
17,2025-11-19,5,322.77207926986506,331.6186205602967
17,2025-11-19,6,1546.7821842069104,1589.1764101599233
17,2025-11-19,7,4074.3244445190635,4185.99358117607
17,2025-11-19,8,5202.678622659239,5345.273705109725
17,2025-11-19,9,3733.8826428912566,3836.2209462807077
17,2025-11-19,10,3040.8249384207297,3124.167907352754
17,2025-11-19,11,2922.9973825659663,3003.110932335163
17,2025-11-19,12,2954.7129267429286,3035.6957365539
17,2025-11-19,13,3015.3606908948686,3098.0057354039473
17,2025-11-19,14,3088.071579170658,3172.7094846386235
17,2025-11-19,15,3277.8372728805252,3367.6762789167597
17,2025-11-19,16,3668.4775952452624,3769.023276249556
17,2025-11-19,17,4382.160557672878,4502.26687046935
17,2025-11-19,18,4677.170346386694,4805.362291257792
17,2025-11-19,19,3445.0872196522023,3539.5102143757017
17,2025-11-19,20,2320.020712960357,2383.6078704316214
17,2025-11-19,21,1482.6559571964776,1523.2926106967225
17,2025-11-19,22,846.8698178638812,870.0808366989065
17,2025-11-19,23,371.6034418281197,381.78835373015073
17,2025-11-20,0,125.28628622937123,129.01281495751135
17,2025-11-20,1,10.593813987289195,10.908917526170779
17,2025-11-20,2,-0.16344704259398668,0.0
17,2025-11-20,3,-0.0214776179979026,0.0
17,2025-11-20,4,23.57638897280998,24.277647613776747
17,2025-11-20,5,323.87139668062207,333.5046622221005
17,2025-11-20,6,1549.1150643813357,1595.192108919498
17,2025-11-20,7,4068.8958111032503,4189.921484289264
17,2025-11-20,8,5191.354074985457,5345.76626709851
17,2025-11-20,9,3746.793143236688,3858.2381601406746
17,2025-11-20,10,3048.7020675315207,3139.3829886452395
17,2025-11-20,11,2940.4588124901643,3027.920134622391
17,2025-11-20,12,2972.6882610235302,3061.10821932789
17,2025-11-20,13,3035.0970699959325,3125.3733226045138
17,2025-11-20,14,3110.2918350935333,3202.804688855963
17,2025-11-20,15,3301.9291192792543,3400.142052965782
17,2025-11-20,16,3683.336519336246,3792.8940756164666
17,2025-11-20,17,4389.281356684408,4519.836611883119
17,2025-11-20,18,4680.70994650126,4819.933484916264
17,2025-11-20,19,3448.152963810251,3550.7151952035224
17,2025-11-20,20,2328.9906152333897,2398.2643617577824
17,2025-11-20,21,1493.8669901364349,1538.3007300317322
17,2025-11-20,22,856.6218852279566,882.1013384109751
17,2025-11-20,23,382.1512550294474,393.5180029251814
17,2025-11-21,0,133.7976457109475,137.87740611974397
17,2025-11-21,1,12.311320946778892,12.686717983937262
17,2025-11-21,2,0.015294298656101546,0.01576065270744467
17,2025-11-21,3,0.19444085868349248,0.20036975311877323
17,2025-11-21,4,25.953118569724722,26.744481564663428
17,2025-11-21,5,319.4243327519329,329.164225703285
17,2025-11-21,6,1542.6508555398932,1589.6893953556405
17,2025-11-21,7,3965.8399539626116,4086.766422779215
17,2025-11-21,8,5074.038832063916,5228.756522571503
17,2025-11-21,9,3639.770309564264,3750.754256457869
17,2025-11-21,10,3048.4171928309206,3141.369589016382
17,2025-11-21,11,2961.8208267483874,3052.132724859224
17,2025-11-21,12,2997.033857509954,3088.4194720379323
17,2025-11-21,13,3065.710373963517,3159.1900741635754
17,2025-11-21,14,3181.1374351641043,3278.1367395536654
17,2025-11-21,15,3391.958476111257,3495.3861397714704
17,2025-11-21,16,3812.4266068699762,3928.675192930693
17,2025-11-21,17,4319.943882394824,4451.6676950670735
17,2025-11-21,18,4326.607428930634,4458.534426593132
17,2025-11-21,19,3298.8584909003143,3399.447348005264
17,2025-11-21,20,2270.7246233308724,2339.9636025992986
17,2025-11-21,21,1495.1091856627002,1540.6980839582068
17,2025-11-21,22,876.4890642556572,903.2149858075094
17,2025-11-21,23,418.2536440840776,431.0070423139349
17,2025-11-22,0,177.35679465523896,187.78702383178268
17,2025-11-22,1,22.8767534275986,24.222119312953968
17,2025-11-22,2,0.11425782990994549,0.12097725305633172
17,2025-11-22,3,-0.002782240616340914,0.0
17,2025-11-22,4,8.835994139542208,9.355632781282289
17,2025-11-22,5,137.06326034929566,145.1238549259309
17,2025-11-22,6,589.3976014338895,624.0596625689634
17,2025-11-22,7,1284.35515381432,1359.8871830461233
17,2025-11-22,8,1717.8142778914203,1818.8377353573462
17,2025-11-22,9,2075.9094105104914,2197.992192528838
17,2025-11-22,10,2406.348404359237,2547.8640727319444
17,2025-11-22,11,2752.9971830498857,2914.8990238979177
17,2025-11-22,12,2937.393517233293,3110.139577659076
17,2025-11-22,13,3129.185308648732,3313.210510324962
17,2025-11-22,14,3170.6170404671298,3357.07881334373
17,2025-11-22,15,3187.9186728281957,3375.3979426155006
17,2025-11-22,16,3179.117580971338,3366.079264695762
17,2025-11-22,17,3123.3223037016073,3307.00270615331
17,2025-11-22,18,3012.541089213453,3189.706525842654
17,2025-11-22,19,2414.6726851582207,2556.677898668638
17,2025-11-22,20,1802.9847180955614,1909.0169896422963
17,2025-11-22,21,1310.222095225678,1387.2753412089519
17,2025-11-22,22,838.2298781554305,887.5255916282789
17,2025-11-22,23,434.86868863083964,460.4430123715214
17,2025-11-23,0,174.93376839395546,178.9297663291104
17,2025-11-23,1,22.563965107904096,23.07939193948665
17,2025-11-23,2,-1.1068145153948308,0.0
17,2025-11-23,3,-0.014176919328747317,0.0
17,2025-11-23,4,5.614715433760637,5.7429719246930375
17,2025-11-23,5,77.7523533190805,79.5284440428382
17,2025-11-23,6,433.8477009860453,443.75804896075834
17,2025-11-23,7,856.0409268308254,875.595400546389
17,2025-11-23,8,1331.6082699837011,1362.0260900886615
17,2025-11-23,9,1770.1436675535633,1810.5789163074915
17,2025-11-23,10,2163.279873333025,2212.695500666528
17,2025-11-23,11,2529.0274515033393,2586.797821209196
17,2025-11-23,12,2710.8153089918555,2772.7382440361803
17,2025-11-23,13,2967.279628227499,3035.0609569914322
17,2025-11-23,14,3008.848005168087,3077.5788770073646
17,2025-11-23,15,3018.662348946675,3087.6174090477966
17,2025-11-23,16,2956.874773880687,3024.4184253975845
17,2025-11-23,17,2882.238451780923,2948.0771918234013
17,2025-11-23,18,2787.694709227418,2851.3737941987565
17,2025-11-23,19,2208.1487326191796,2258.589295679537
17,2025-11-23,20,1635.8752584611968,1673.2434247963586
17,2025-11-23,21,1169.477451278281,1196.1917301932247
17,2025-11-23,22,711.9791834471004,728.2428664000723
17,2025-11-23,23,339.397002508682,347.1498208105676
17,2025-11-24,0,115.93558869891194,116.08542001917391
17,2025-11-24,1,10.872851855530314,10.886903569648554
17,2025-11-24,2,-0.2530200023107909,0.0
17,2025-11-24,3,0.12242687796208429,0.12258509840989043
17,2025-11-24,4,23.242980461142963,23.273018920328784
17,2025-11-24,5,304.38432513541665,304.77770136970247
17,2025-11-24,6,1513.664192661322,1515.6204021994363
17,2025-11-24,7,4001.2671523829667,4006.438257708695
17,2025-11-24,8,5107.858440568177,5114.459667874221
17,2025-11-24,9,3658.366069913139,3663.0940212213454
17,2025-11-24,10,2956.5184830261283,2960.3393897266683
17,2025-11-24,11,2841.6318326885316,2845.304263682054
17,2025-11-24,12,2875.8319510436418,2879.5485811389567
17,2025-11-24,13,2937.014283550941,2940.8099836691813
17,2025-11-24,14,3020.130586171286,3024.0337030499586
17,2025-11-24,15,3218.434996761963,3222.59439570196
17,2025-11-24,16,3600.820299995935,3605.4738810544277
17,2025-11-24,17,4309.543436708676,4315.112948108022
17,2025-11-24,18,4618.359283211344,4624.327897996617
17,2025-11-24,19,3406.3723454123597,3410.7746283657198
17,2025-11-24,20,2276.5928965971584,2279.5350899583536
17,2025-11-24,21,1426.457624891896,1428.3011315461847
17,2025-11-24,22,792.0195868832461,793.0431668012664
17,2025-11-24,23,323.8157166249001,324.2342053468532
17,2025-11-25,0,116.92809991209924,119.02495056824307
17,2025-11-25,1,10.639315259048942,10.830108192472377
17,2025-11-25,2,-0.16055015032571873,0.0
17,2025-11-25,3,0.06848609588263344,0.06971424476383636
17,2025-11-25,4,23.079220943446956,23.49309647563242
17,2025-11-25,5,308.80789162715894,314.34568819331867
17,2025-11-25,6,1535.0000368918872,1562.526917401852
17,2025-11-25,7,4052.4915541602186,4125.16415878431
17,2025-11-25,8,5165.119565762301,5257.744729077807
17,2025-11-25,9,3699.495219706364,3765.837604339945
17,2025-11-25,10,3007.5949460443053,3061.529607094718
17,2025-11-25,11,2881.641448404581,2933.3174079592195
17,2025-11-25,12,2911.490256580788,2963.701489461996
17,2025-11-25,13,2972.8594002954655,3026.1711550303758
17,2025-11-25,14,3046.591123398908,3101.2250959076837
17,2025-11-25,15,3234.8904900998577,3292.901201398669
17,2025-11-25,16,3627.7660533927583,3692.822131744424
17,2025-11-25,17,4350.366176206035,4428.380513032692
17,2025-11-25,18,4666.304432783812,4749.984433733158
17,2025-11-25,19,3420.9836215734495,3482.331507641436
17,2025-11-25,20,2298.2108696477226,2339.4242732145335
17,2025-11-25,21,1450.2714418291353,1476.278899631598
17,2025-11-25,22,812.107363747998,826.6707395303322
17,2025-11-25,23,339.233625989292,345.31704179589826
17,2025-11-26,0,123.3064326884521,126.68601697784223
17,2025-11-26,1,10.496930822565162,10.784630837246379
17,2025-11-26,2,-0.14259769498153219,0.0
17,2025-11-26,3,0.023810015106278115,0.024462600305840496
17,2025-11-26,4,23.675112609669725,24.324000399874
17,2025-11-26,5,324.36863601853423,333.25893575682034
17,2025-11-26,6,1547.0470487677462,1589.4485341320412
17,2025-11-26,7,4056.045229772337,4167.213369477006
17,2025-11-26,8,5182.917680748449,5324.971155049471
17,2025-11-26,9,3719.204481412502,3821.140485563794
17,2025-11-26,10,3034.2496766404824,3117.4124307132597
17,2025-11-26,11,2913.7980007983188,2993.6594137939815
17,2025-11-26,12,2944.9185890243048,3025.6329555014036
17,2025-11-26,13,3003.5478329095545,3085.8691104553895
17,2025-11-26,14,3076.0726307220134,3160.3816688569286
17,2025-11-26,15,3263.400628832514,3352.84395514343
17,2025-11-26,16,3655.4483770138118,3755.6369530376273
17,2025-11-26,17,4369.524149281302,4489.284123234427
17,2025-11-26,18,4668.57606242294,4796.532455048878
17,2025-11-26,19,3436.8173140041963,3531.0136470475763
17,2025-11-26,20,2316.778602733867,2380.276900406441
17,2025-11-26,21,1479.9431738727271,1520.505475372824
17,2025-11-26,22,845.3561007234439,868.5256315796602
17,2025-11-26,23,372.2089405099035,382.4104479275747
17,2025-11-27,0,125.28700387625969,129.0135539501658
17,2025-11-27,1,10.502647425468638,10.815039296362489
17,2025-11-27,2,-0.16071674730198993,0.0
17,2025-11-27,3,0.03571913682168315,0.036781570656354234
17,2025-11-27,4,23.585848664390426,24.28738867543763
17,2025-11-27,5,326.74159814908995,336.4602352707285
17,2025-11-27,6,1551.0774288021323,1597.2128421179898
17,2025-11-27,7,4052.093624058291,4172.619531191666
17,2025-11-27,8,5171.512386916113,5325.334405732227
17,2025-11-27,9,3731.856492075747,3842.857231626412
17,2025-11-27,10,3042.4824244448864,3132.9783478278982
17,2025-11-27,11,2931.730661003707,3018.932372062474
17,2025-11-27,12,2963.465856261862,3051.6115023703605
17,2025-11-27,13,3024.0586685175463,3114.0065937292516
17,2025-11-27,14,3098.6802404917516,3190.8477177395976
17,2025-11-27,15,3289.3783816698415,3387.2180048714913
17,2025-11-27,16,3670.6648997442203,3779.845550012914
17,2025-11-27,17,4377.533854139441,4507.739690363137
17,2025-11-27,18,4669.666625598957,4808.561690293213
17,2025-11-27,19,3440.371242564798,3542.702013607154
17,2025-11-27,20,2326.1180546988494,2395.3063594747678
17,2025-11-27,21,1491.4820709504565,1535.8448735538257
17,2025-11-27,22,854.9869729359584,880.4177971125033
17,2025-11-27,23,382.58713802817675,393.96685087455114
17,2025-11-28,0,134.0217754842979,138.10837006249167
17,2025-11-28,1,12.13060933591612,12.500496111130117
17,2025-11-28,2,0.014783787070768994,0.015234574592947834
17,2025-11-28,3,0.14384704595534004,0.14823323287135468
17,2025-11-28,4,25.831273951521382,26.61892165799795
17,2025-11-28,5,323.4736999159906,333.33706624947
17,2025-11-28,6,1545.4170744833264,1592.5399619007635
17,2025-11-28,7,3958.5809947021753,4079.28612319218
17,2025-11-28,8,5063.465708505794,5217.861003124721
17,2025-11-28,9,3631.7741321561684,3742.5142594531135
17,2025-11-28,10,3038.8533760325595,3131.51415213066
17,2025-11-28,11,2949.7485015502034,3039.6922900868844
17,2025-11-28,12,2985.9414782954536,3076.9888637812223
17,2025-11-28,13,3052.6874935130795,3145.7700997897887
17,2025-11-28,14,3164.9708354437553,3261.4771875609986
17,2025-11-28,15,3373.7810891178547,3476.65448754121
17,2025-11-28,16,3794.7858230329653,3910.4965059706788
17,2025-11-28,17,4306.48358875494,4437.796969892382
17,2025-11-28,18,4321.517404622384,4453.289197164924
17,2025-11-28,19,3296.7836720364776,3397.3092637243776
17,2025-11-28,20,2271.2165640944613,2340.470543630195
17,2025-11-28,21,1495.7254919935338,1541.333182713637
17,2025-11-28,22,876.4240699427792,903.1480096867821
17,2025-11-28,23,418.9243296749469,431.69817846285275
17,2025-11-29,0,176.40582391329434,186.78012716493652
17,2025-11-29,1,22.4470295916081,23.767123718411916
17,2025-11-29,2,0.09712781771537493,0.10283983681313888
17,2025-11-29,3,-0.06177299137806358,0.0
17,2025-11-29,4,7.824118361639762,8.284249295867243
17,2025-11-29,5,140.03810953352388,148.27365291219107
17,2025-11-29,6,593.2492493240269,628.1378231804182
17,2025-11-29,7,1281.8179969788707,1357.200817789863
17,2025-11-29,8,1707.8110488946625,1808.246223452429
17,2025-11-29,9,2062.2321771791603,2183.5106106614153
17,2025-11-29,10,2385.5535128293686,2525.8462481603533
17,2025-11-29,11,2727.4068552633917,2887.8037468139646
17,2025-11-29,12,2905.9661349253065,3076.8639729555034
17,2025-11-29,13,3093.6938244611038,3275.6317967497466
17,2025-11-29,14,3137.36748657553,3321.8738764188424
17,2025-11-29,15,3153.857846035982,3339.334022397541
17,2025-11-29,16,3146.1766188910688,3331.2010676510195
17,2025-11-29,17,3092.3403164063934,3274.1986898320188
17,2025-11-29,18,2982.363987419394,3157.754729776477
17,2025-11-29,19,2392.6975316712073,2533.410401758838
17,2025-11-29,20,1785.4131030000578,1890.4120001401095
17,2025-11-29,21,1295.4083246028708,1371.5903830860268
17,2025-11-29,22,831.6308293607888,880.538457384703
17,2025-11-29,23,430.37153943821374,455.68138897698304
17,2025-11-30,0,173.24868313301369,177.20618880172344
17,2025-11-30,1,22.20111033057725,22.708248499803354
17,2025-11-30,2,-0.9589125160075582,0.0
17,2025-11-30,3,0.12156261662426004,0.12433946165242306
17,2025-11-30,4,4.167188480380162,4.262379230090073
17,2025-11-30,5,79.47019037608891,81.28552151292271
17,2025-11-30,6,434.4050719552711,444.32815190999344
17,2025-11-30,7,848.9100942883374,868.3016789723703
17,2025-11-30,8,1312.1976433771083,1342.1720681070526
17,2025-11-30,9,1748.9770759212317,1788.9288179329592
17,2025-11-30,10,2136.9040567916054,2185.717183479263
17,2025-11-30,11,2489.307573405612,2546.1706251458163
17,2025-11-30,12,2668.8055514655875,2729.7688610135174
17,2025-11-30,13,2919.4961309966666,2986.185945194705
17,2025-11-30,14,2965.2762369518305,3033.011802410746
17,2025-11-30,15,2966.6356114426985,3034.4022289832587
17,2025-11-30,16,2904.7640575248333,2971.117348159042
17,2025-11-30,17,2847.7710463291714,2912.822450214201
17,2025-11-30,18,2756.499137761225,2819.4656248144524
17,2025-11-30,19,2186.201054855557,2236.1402688863354
17,2025-11-30,20,1616.8393540462332,1653.7726847551214
17,2025-11-30,21,1151.9263245526513,1178.239684498095
17,2025-11-30,22,705.7556522429504,721.8771715755449
17,2025-11-30,23,332.0030742616088,339.5869936580443
17,2025-12-01,0,111.11156975565058,111.25516667338482
17,2025-12-01,1,10.35866551236063,10.372052709055684
17,2025-12-01,2,-0.12133709164959328,0.0
17,2025-12-01,3,0.14636226023333165,0.14655141397752178
17,2025-12-01,4,23.60316008318466,23.633664026601057
17,2025-12-01,5,302.54439736896154,302.9353957414577
17,2025-12-01,6,1504.3230151573125,1506.2671524665805
17,2025-12-01,7,3832.595125777007,3837.5482449543815
17,2025-12-01,8,4942.315549900906,4948.702835050388
17,2025-12-01,9,3590.971678843578,3595.6125318698373
17,2025-12-01,10,2889.1785541358913,2892.9124329396036
17,2025-12-01,11,2765.9454958720667,2769.520112347215
17,2025-12-01,12,2796.343211839939,2799.957113317799
17,2025-12-01,13,2852.8148020754106,2856.5016855686918
17,2025-12-01,14,2932.0504351870964,2935.8397201918906
17,2025-12-01,15,3133.193841371812,3137.243077461936
17,2025-12-01,16,3513.575690856196,3518.116519867455
17,2025-12-01,17,4241.81695303889,4247.298936970795
17,2025-12-01,18,4576.83241727315,4582.747364110387
17,2025-12-01,19,3405.3663899588128,3409.7673728486166
17,2025-12-01,20,2265.2536623452966,2268.18120125519
17,2025-12-01,21,1430.8248441399228,1432.6739948439217
17,2025-12-01,22,815.0414294334976,816.0947620193817
17,2025-12-01,23,322.8074879410086,323.2246736615578
17,2025-12-02,0,112.7654760959083,114.78767916531446
17,2025-12-02,1,10.20196224604615,10.38491220628375
17,2025-12-02,2,-0.10906259880738389,0.0
17,2025-12-02,3,0.17032867402656393,0.17338314760615003
17,2025-12-02,4,24.00348913285734,24.433939400806704
17,2025-12-02,5,307.4371498546838,312.9503651543457
17,2025-12-02,6,1524.1166164538906,1551.448326536014
17,2025-12-02,7,3877.125123923137,3946.652913788546
17,2025-12-02,8,5002.080810766858,5091.782229314032
17,2025-12-02,9,3637.8871664249305,3703.1247448823738
17,2025-12-02,10,2952.4507918336453,3005.396562651291
17,2025-12-02,11,2822.8065487867,2873.4274326327572
17,2025-12-02,12,2849.0764288688943,2900.1684057655402
17,2025-12-02,13,2906.451913711715,2958.5727948933845
17,2025-12-02,14,2976.328735908948,3029.7027056175302
17,2025-12-02,15,3167.245017075418,3224.0426542320592
17,2025-12-02,16,3557.0219502600294,3620.809387291228
17,2025-12-02,17,4285.8034196894605,4362.659964176501
17,2025-12-02,18,4618.289822374394,4701.108785921976
17,2025-12-02,19,3428.0182277593253,3489.492264159077
17,2025-12-02,20,2294.4779750516473,2335.624437288795
17,2025-12-02,21,1460.394728002385,1486.5837248811747
17,2025-12-02,22,839.1038824964342,854.1513820103079
17,2025-12-02,23,340.02340470558926,346.12098347234553
17,2025-12-03,0,119.81308684622985,123.09692546794982
17,2025-12-03,1,10.418954990034592,10.704517842097227
17,2025-12-03,2,-0.1490336749205312,0.0
17,2025-12-03,3,0.11138449072166168,0.11443731827264395
17,2025-12-03,4,24.334364783561114,25.00132136580691
17,2025-12-03,5,318.3623201497617,327.0879987056436
17,2025-12-03,6,1532.1217650353644,1574.1141780316013
17,2025-12-03,7,3883.2083683783785,3989.6393931681246
17,2025-12-03,8,5032.127356521161,5170.0479676808245
17,2025-12-03,9,3668.5471811564885,3769.09476937233
17,2025-12-03,10,2994.7947160824397,3076.876088089957
17,2025-12-03,11,2871.193938013178,2949.887658309331
17,2025-12-03,12,2901.12196291937,2980.6359509061876
17,2025-12-03,13,2958.8982069303624,3039.9957269544166
17,2025-12-03,14,3027.9084728246303,3110.897427101853
17,2025-12-03,15,3216.9596674904215,3305.130139336944
17,2025-12-03,16,3605.7699805655275,3704.5969704620165
17,2025-12-03,17,4319.987590298151,4438.389865607014
17,2025-12-03,18,4629.469685501747,4756.354250047217
17,2025-12-03,19,3445.002797632948,3539.4234785166605
17,2025-12-03,20,2313.9854309183715,2377.4071733019846
17,2025-12-03,21,1489.2476160792517,1530.0649338507394
17,2025-12-03,22,872.0902264737974,895.992486591631
17,2025-12-03,23,373.60175452699855,383.8414362091228
17,2025-12-04,0,122.19449486472217,125.829061019076
17,2025-12-04,1,10.68061528033212,10.998300646178961
17,2025-12-04,2,-0.1374080522108443,0.0
17,2025-12-04,3,0.15418359095042433,0.1587696442079425
17,2025-12-04,4,24.349026905842663,25.07326697231538
17,2025-12-04,5,326.0377316485114,335.7354328895031
17,2025-12-04,6,1540.5249085938715,1586.3464466174373
17,2025-12-04,7,3882.882597136833,3998.3754733462447
17,2025-12-04,8,5022.727853445319,5172.124409148361
17,2025-12-04,9,3684.617062451815,3794.2127073437377
17,2025-12-04,10,3006.0113324924732,3095.422455806797
17,2025-12-04,11,2891.2700629469937,2977.2683096398355
17,2025-12-04,12,2921.812694885352,3008.7194048967003
17,2025-12-04,13,2981.552507266776,3070.236124661631
17,2025-12-04,14,3055.400983059922,3146.281157435233
17,2025-12-04,15,3247.843274973677,3344.4474735092444
17,2025-12-04,16,3628.2569121748784,3736.176174715226
17,2025-12-04,17,4335.544976311059,4464.501890851472
17,2025-12-04,18,4639.364254834444,4777.358002564305
17,2025-12-04,19,3458.963531570647,3561.847313650263
17,2025-12-04,20,2333.6393634439214,2403.0513828334283
17,2025-12-04,21,1508.632993520786,1553.5059350036445
17,2025-12-04,22,885.5868480561533,911.9278381985416
17,2025-12-04,23,385.741329456105,397.21486091043704
17,2025-12-05,0,130.31056611190127,134.28399842191155
17,2025-12-05,1,11.905370783942033,12.268389580859434
17,2025-12-05,2,-0.035750760714961416,0.0
17,2025-12-05,3,0.16510849724090804,0.1701429887420109
17,2025-12-05,4,24.664352239808295,25.41641814681212
17,2025-12-05,5,317.8121330336146,327.5028667598778
17,2025-12-05,6,1530.5775034940023,1577.2479024249337
17,2025-12-05,7,3792.3510222179693,3907.987463161995
17,2025-12-05,8,4917.168703746601,5067.1031072581345
17,2025-12-05,9,3584.605749257573,3693.9076173080707
17,2025-12-05,10,3002.428382355154,3093.9784868393704
17,2025-12-05,11,2912.936749807648,3001.7580736960185
17,2025-12-05,12,2945.814624503379,3035.638461184828
17,2025-12-05,13,3014.4614090620325,3106.378424830045
17,2025-12-05,14,3122.230364720393,3217.4334735751413
17,2025-12-05,15,3331.3505321017215,3432.930137157355
17,2025-12-05,16,3746.792053715078,3861.0393097076344
17,2025-12-05,17,4271.02497292358,4401.257149259168
17,2025-12-05,18,4298.140606171311,4429.199592921953
17,2025-12-05,19,3310.3839498594443,3411.3242414825786
17,2025-12-05,20,2277.4305840308666,2346.874041583058
17,2025-12-05,21,1514.2436923117257,1560.4160403551987
17,2025-12-05,22,907.3025464388263,934.9680332872131
17,2025-12-05,23,417.34876638424873,430.07457306572746
17,2025-12-06,0,174.2736058985177,184.5225148984668
17,2025-12-06,1,21.709223472556687,22.98592773699565
17,2025-12-06,2,-0.08055858327770693,0.0
17,2025-12-06,3,-0.1960064021978951,0.0
17,2025-12-06,4,2.242482011845482,2.374360812165999
17,2025-12-06,5,119.36636185278542,126.38621419345819
17,2025-12-06,6,561.260464006674,594.2677997487443
17,2025-12-06,7,1164.1304464382372,1232.5921446288585
17,2025-12-06,8,1595.5886602256014,1689.424114514219
17,2025-12-06,9,1942.528726533619,2056.767483718819
17,2025-12-06,10,2274.175669303492,2407.918351475125
17,2025-12-06,11,2620.9030924921135,2775.0365721670487
17,2025-12-06,12,2802.0067543779132,2966.7908138733287
17,2025-12-06,13,2988.836865916647,3164.6082737356287
17,2025-12-06,14,3029.3400301188076,3207.493400725428
17,2025-12-06,15,3047.347842686488,3226.5602401683645
17,2025-12-06,16,3035.5584538463177,3214.0775256076126
17,2025-12-06,17,2988.5461148979143,3164.3004238526282
17,2025-12-06,18,2887.886080016026,3057.7206426493326
17,2025-12-06,19,2381.851884210458,2521.92692934865
17,2025-12-06,20,1773.5590203358502,1877.8607871567294
17,2025-12-06,21,1299.510169235744,1375.933454335848
17,2025-12-06,22,845.3425643511277,895.0565699295939
17,2025-12-06,23,422.37750288664665,447.2172287211587
17,2025-12-07,0,170.94066043390018,174.84544412660367
17,2025-12-07,1,21.545257841178454,22.037414424988174
17,2025-12-07,2,-1.2377618266984314,0.0
17,2025-12-07,3,-0.05211361134405479,0.0
17,2025-12-07,4,-0.6611859539237344,0.0
17,2025-12-07,5,61.56718237105434,62.97355654275796
17,2025-12-07,6,408.2134232341784,417.5382094736925
17,2025-12-07,7,752.217657284016,769.4005044432034
17,2025-12-07,8,1214.9474903294667,1242.7004376720565
17,2025-12-07,9,1650.4709090369456,1688.1724826387456
17,2025-12-07,10,2040.323450958312,2086.9303946715268
17,2025-12-07,11,2401.0936237420738,2455.9416113586176
17,2025-12-07,12,2585.9610432487,2645.031942390035
17,2025-12-07,13,2839.2614843174097,2904.1185049650558
17,2025-12-07,14,2877.825521890013,2943.563457731599
17,2025-12-07,15,2879.7823623012155,2945.5649980901835
17,2025-12-07,16,2813.0853312992,2877.344412198727
17,2025-12-07,17,2753.3475621933944,2816.242058060602
17,2025-12-07,18,2669.1184314394027,2730.0888880792904
17,2025-12-07,19,2176.1852557411885,2225.8956796821667
17,2025-12-07,20,1606.573920776044,1643.2727590222833
17,2025-12-07,21,1154.6216068127171,1180.9965348730236
17,2025-12-07,22,718.9797834917642,735.4033805858431
17,2025-12-07,23,325.72637354132854,333.1669147704263
17,2025-12-08,0,111.55846710906366,111.70264158215632
17,2025-12-08,1,10.420955031434119,10.434422729043394
17,2025-12-08,2,-0.1567609439265425,0.0
17,2025-12-08,3,0.0961867717090854,0.09631108031146234
17,2025-12-08,4,23.83438190956616,23.865184676423304
17,2025-12-08,5,305.9407997056671,306.33618747620704
17,2025-12-08,6,1509.6084387485182,1511.55940676442
17,2025-12-08,7,3852.5066791060917,3857.4855313164135
17,2025-12-08,8,4973.882263682295,4980.310344608598
17,2025-12-08,9,3620.989211776822,3625.668858469813
17,2025-12-08,10,2922.3869770595916,2926.1637733307207
17,2025-12-08,11,2808.293337533769,2811.922682958825
17,2025-12-08,12,2840.9016250227805,2844.5731123200676
17,2025-12-08,13,2899.116786815578,2902.863509462498
17,2025-12-08,14,2972.5094331512787,2976.3510060268595
17,2025-12-08,15,3175.6031820830217,3179.707226602391
17,2025-12-08,16,3555.7687221095284,3560.364079998843
17,2025-12-08,17,4276.201983908792,4281.728405917307
17,2025-12-08,18,4593.428417681146,4599.364812640397
17,2025-12-08,19,3423.0852710976746,3427.50915328341
17,2025-12-08,20,2281.750327670907,2284.6991863254398
17,2025-12-08,21,1443.2322375906717,1445.0974231995915
17,2025-12-08,22,823.7054538993004,824.7699835838414
17,2025-12-08,23,330.03153144131136,330.4580532767449
17,2025-12-09,0,113.62375563986836,115.66135008248816
17,2025-12-09,1,10.273506590752618,10.45773954289938
17,2025-12-09,2,-0.11184939102560065,0.0
17,2025-12-09,3,0.23529488083170236,0.23951438175261133
17,2025-12-09,4,24.221896536903785,24.65626346567998
17,2025-12-09,5,311.8498478107573,317.44219523188116
17,2025-12-09,6,1532.364219654973,1559.8438325269033
17,2025-12-09,7,3904.1335447339598,3974.1456717684596
17,2025-12-09,8,5040.656303363368,5131.049489304546
17,2025-12-09,9,3674.9134781732996,3740.815042842291
17,2025-12-09,10,2993.4051331833107,3047.0853308632377
17,2025-12-09,11,2870.158920431494,2921.6289658702563
17,2025-12-09,12,2898.680680440724,2950.6622014891527
17,2025-12-09,13,2958.1285522112107,3011.1761412879578
17,2025-12-09,14,3024.727830961471,3078.969732966002
17,2025-12-09,15,3216.300784821928,3273.9781302682295
17,2025-12-09,16,3605.40464704349,3670.0597223034183
17,2025-12-09,17,4327.297842753938,4404.898499291841
17,2025-12-09,18,4649.239196958701,4732.61317009297
17,2025-12-09,19,3452.0104484371036,3513.9147330296196
17,2025-12-09,20,2317.170859863525,2358.724269536262
17,2025-12-09,21,1479.1443888031856,1505.6696199882047
17,2025-12-09,22,850.7455937625857,866.0018619977968
17,2025-12-09,23,348.80619781931165,355.06127684064427
17,2025-12-10,0,120.56498294138811,123.86942954093249
17,2025-12-10,1,10.591914974927192,10.882218316475182
17,2025-12-10,2,-0.11829854266773054,0.0
17,2025-12-10,3,0.16606517840654078,0.17061669494725143
17,2025-12-10,4,24.47059252307747,25.141282836956
17,2025-12-10,5,322.04810583070355,330.8748044478246
17,2025-12-10,6,1540.3626314897685,1582.5809102595344
17,2025-12-10,7,3909.4223623607336,4016.5718606339256
17,2025-12-10,8,5057.5902429750295,5196.208741253359
17,2025-12-10,9,3690.465466641417,3791.6137915070844
17,2025-12-10,10,3018.611082486035,3101.345213769553
17,2025-12-10,11,2900.9801910333763,2980.4902933345234
17,2025-12-10,12,2929.8084990835473,3010.1087280216575
17,2025-12-10,13,2990.5928966230035,3072.559105108859
17,2025-12-10,14,3056.287978918441,3140.0547590628476
17,2025-12-10,15,3246.4956540032586,3335.47564854713
17,2025-12-10,16,3634.6421906203154,3734.2605104204736
17,2025-12-10,17,4349.245069959059,4468.449234645899
17,2025-12-10,18,4648.567791009391,4775.975796675681
17,2025-12-10,19,3463.9105188710473,3558.849422821077
17,2025-12-10,20,2331.3902868358336,2395.289061733771
17,2025-12-10,21,1503.9801733843822,1545.2012812755368
17,2025-12-10,22,879.7517127589458,903.8639589911947
17,2025-12-10,23,376.89637506185,387.2263557458699
17,2025-12-11,0,122.56113241483627,126.20660387578377
17,2025-12-11,1,10.777774720716536,11.098350007373543
17,2025-12-11,2,-0.12767430336424468,0.0
17,2025-12-11,3,0.15984024132927743,0.16459454660205008
17,2025-12-11,4,24.446149645553533,25.173278541207644
17,2025-12-11,5,324.2971063577568,333.94303425350745
17,2025-12-11,6,1541.2221339195382,1587.0644102879326
17,2025-12-11,7,3901.4636511647896,4017.5092042370748
17,2025-12-11,8,5042.143339432905,5192.117391432478
17,2025-12-11,9,3699.5917793755184,3809.6328338528906
17,2025-12-11,10,3022.410381040791,3112.3092794130935
17,2025-12-11,11,2913.9371112306703,3000.6095690375414
17,2025-12-11,12,2943.138592936108,3030.679622745188
17,2025-12-11,13,3005.9541621660605,3095.363585000067
17,2025-12-11,14,3076.4944523036866,3168.0020330893776
17,2025-12-11,15,3270.8552244896246,3368.1438929184465
17,2025-12-11,16,3650.7535840054675,3759.3419899643595
17,2025-12-11,17,4357.772663810868,4487.390721071056
17,2025-12-11,18,4653.8468482648195,4792.271367806189
17,2025-12-11,19,3469.3664330230918,3572.559640118687
17,2025-12-11,20,2341.721277539712,2411.373686248455
17,2025-12-11,21,1514.0426090042456,1559.0764546699481
17,2025-12-11,22,889.1541995970895,915.6012974261271
17,2025-12-11,23,387.54804997774124,399.07532072094705
17,2025-12-12,0,130.10188325632475,134.0689524046542
17,2025-12-12,1,12.011751439291743,12.378013997215934
17,2025-12-12,2,-0.02336537859684995,0.0
17,2025-12-12,3,0.12072295398058941,0.12440404063548462
17,2025-12-12,4,24.705133862005255,25.458443283024305
17,2025-12-12,5,315.4302017449455,325.0483055761433
17,2025-12-12,6,1528.9915154541616,1575.6135544070128
17,2025-12-12,7,3803.1804142759815,3919.1470652527387
17,2025-12-12,8,4930.462282676228,5080.80203425439
17,2025-12-12,9,3593.0664478752883,3702.6262997121817
17,2025-12-12,10,3013.8274657805173,3105.7251513376905
17,2025-12-12,11,2926.844341632834,3016.0897360809563
17,2025-12-12,12,2958.9423632174858,3049.1664911624935
17,2025-12-12,13,3029.3591428438885,3121.7304205994046
17,2025-12-12,14,3138.572846959303,3234.274271099537
17,2025-12-12,15,3350.1097075244443,3452.26131772101
17,2025-12-12,16,3767.6560653808037,3882.5395072218494
17,2025-12-12,17,4282.727268538167,4413.316271498668
17,2025-12-12,18,4298.373238278275,4429.439318451635
17,2025-12-12,19,3310.01801450667,3410.947148021928
17,2025-12-12,20,2274.4912909236346,2343.845123493376
17,2025-12-12,21,1512.195669373946,1558.3055690622668
17,2025-12-12,22,906.6171044164377,934.2616907533796
17,2025-12-12,23,416.371403516745,429.0674084307062
17,2025-12-13,0,174.58999188390123,184.85750732259552
17,2025-12-13,1,22.01719392707986,23.31200971877395
17,2025-12-13,2,-0.05349475739490117,0.0
17,2025-12-13,3,-0.1490017827563861,0.0
17,2025-12-13,4,3.4612278857908905,3.6647802794345616
17,2025-12-13,5,121.40006485583581,128.53951784919332
17,2025-12-13,6,564.3324895325146,597.520488949371
17,2025-12-13,7,1175.6328777410404,1244.7710258799646
17,2025-12-13,8,1611.5037695763617,1706.2751803261956
17,2025-12-13,9,1958.7880110913052,2073.98296544117
17,2025-12-13,10,2290.7854287020236,2425.504919218838
17,2025-12-13,11,2640.3262764765823,2795.6020200308913
17,2025-12-13,12,2820.766243003466,2986.653534917914
17,2025-12-13,13,3010.8372272384827,3187.9024609354046
17,2025-12-13,14,3052.0901298543836,3231.581417931223
17,2025-12-13,15,3071.269767108945,3251.8889962521353
17,2025-12-13,16,3058.175407582428,3238.0245665907405
17,2025-12-13,17,3009.7456242216044,3186.7466615077938
17,2025-12-13,18,2904.577644850481,3075.3938267494996
17,2025-12-13,19,2392.502302117943,2533.203690891951
17,2025-12-13,20,1781.5724892141322,1886.3455225408256
17,2025-12-13,21,1307.359383268375,1384.2442751615836
17,2025-12-13,22,847.7114791104332,897.5647989107609
17,2025-12-13,23,423.3636860916611,448.26140867142533
17,2025-12-14,0,171.3424064138432,175.25636715750176
17,2025-12-14,1,22.17055674218591,22.676996978261403
17,2025-12-14,2,-1.0028813698931458,0.0
17,2025-12-14,3,0.18296923066941417,0.18714878201998766
17,2025-12-14,4,0.6465587417125107,0.6613280308015168
17,2025-12-14,5,64.85998773014944,66.3415791885817
17,2025-12-14,6,412.031402857022,421.44340289653263
17,2025-12-14,7,767.4890294704527,785.0207193504266
17,2025-12-14,8,1230.921760986318,1259.0396073026532
17,2025-12-14,9,1666.3541468723552,1704.4185399925168
17,2025-12-14,10,2051.322586393754,2098.1807824688885
17,2025-12-14,11,2409.4450244971094,2464.48378248623
17,2025-12-14,12,2593.5863076870146,2652.8313901277215
17,2025-12-14,13,2847.4444169121834,2912.4883596278355
17,2025-12-14,14,2890.1086279443557,2956.127145784952
17,2025-12-14,15,2895.3435279738846,2961.4816262128275
17,2025-12-14,16,2828.044334354905,2892.6451225524074
17,2025-12-14,17,2767.2703860030806,2830.48291980948
17,2025-12-14,18,2686.68719797082,2748.058976524866
17,2025-12-14,19,2188.8775115326343,2238.8778636470047
17,2025-12-14,20,1617.9456507994291,1654.9042525556515
17,2025-12-14,21,1165.5007445196907,1192.1241838435026
17,2025-12-14,22,720.4760525476095,736.9338287948186
17,2025-12-14,23,327.4394051886875,334.919077061277
17,2025-12-15,0,111.45498547072339,111.59902620756931
17,2025-12-15,1,10.446896521446149,10.460397744979101
17,2025-12-15,2,-0.12658287385858102,0.0
17,2025-12-15,3,0.16690918951070444,0.16712489742670245
17,2025-12-15,4,23.843674732796558,23.874489509391083
17,2025-12-15,5,306.05152768118455,306.4470585528978
17,2025-12-15,6,1510.2459473152142,1512.1977392261017
17,2025-12-15,7,3867.2396999171488,3872.2375925962715
17,2025-12-15,8,4995.527529133925,5001.983583685379
17,2025-12-15,9,3636.352663367758,3641.0521652774387
17,2025-12-15,10,2932.411774887831,2936.2015268761033
17,2025-12-15,11,2812.7684578502704,2816.403586772809
17,2025-12-15,12,2844.529408996735,2848.205584722041
17,2025-12-15,13,2903.2240872381694,2906.9761180243067
17,2025-12-15,14,2984.0013893037344,2987.8578140033496
17,2025-12-15,15,3186.9054452117975,3191.024096402212
17,2025-12-15,16,3569.0714613654695,3573.68401127501
17,2025-12-15,17,4288.549507574822,4294.0918871145295
17,2025-12-15,18,4612.711438160468,4618.6727538576
17,2025-12-15,19,3432.50846751851,3436.944527931627
17,2025-12-15,20,2290.6895610103998,2293.649972434435
17,2025-12-15,21,1448.237729599198,1450.109384140433
17,2025-12-15,22,827.295964491012,828.3651344326854
17,2025-12-15,23,329.43699511433647,329.8627485906854
17,2025-12-16,0,113.59228063244194,115.6293106393955
17,2025-12-16,1,10.265516371594856,10.449606036573725
17,2025-12-16,2,-0.1229676383181868,0.0
17,2025-12-16,3,0.20214451152463653,0.20576953281502738
17,2025-12-16,4,24.103084594372206,24.535320889880246
17,2025-12-16,5,313.23275505513345,318.849901903982
17,2025-12-16,6,1533.9200051775358,1561.4275176723647
17,2025-12-16,7,3924.3748980210385,3994.750009615735
17,2025-12-16,8,5075.925089343965,5166.950744102137
17,2025-12-16,9,3705.169098263001,3771.613231543685
17,2025-12-16,10,3019.8461765119514,3074.0005366822847
17,2025-12-16,11,2892.564963043288,2944.4368120278828
17,2025-12-16,12,2919.7628071628587,2972.1223902107854
17,2025-12-16,13,2979.2937766915793,3032.720917945027
17,2025-12-16,14,3054.9272170527197,3109.7106792347286
17,2025-12-16,15,3247.213020068888,3305.4447090887975
17,2025-12-16,16,3631.5538563517484,3696.677860694907
17,2025-12-16,17,4351.098099270963,4429.125561542745
17,2025-12-16,18,4673.517267834116,4757.326615261504
17,2025-12-16,19,3464.9071485389204,3527.0427073426044
17,2025-12-16,20,2329.6076168532927,2371.3840526598156
17,2025-12-16,21,1486.6478180225404,1513.3076068587463
17,2025-12-16,22,859.3981139853765,874.8095463147627
17,2025-12-16,23,354.9162239367349,361.28087296119776
17,2025-12-17,0,120.73577365459164,124.04490128819508
17,2025-12-17,1,10.597075656304014,10.8875204418734
17,2025-12-17,2,-0.08900270081346662,0.0
17,2025-12-17,3,0.19938673313203026,0.20485152727223846
17,2025-12-17,4,24.238334610790105,24.902659196828335
17,2025-12-17,5,323.25567318597837,332.11546882466826
17,2025-12-17,6,1540.0390295196605,1582.2484390024772
17,2025-12-17,7,3919.8415941499843,4027.276662861755
17,2025-12-17,8,5082.866539991377,5222.177811342675
17,2025-12-17,9,3712.885712563942,3814.64853181755
17,2025-12-17,10,3033.170010027276,3116.3031725836645
17,2025-12-17,11,2911.2882705995303,2991.0808968776996
17,2025-12-17,12,2938.462538702273,3018.9999576693017
17,2025-12-17,13,2999.246936241729,3081.4503347565033
17,2025-12-17,14,3074.7566287015525,3159.0295978362037
17,2025-12-17,15,3266.141012497443,3355.659447279012
17,2025-12-17,16,3645.1801496635094,3745.087293980346
17,2025-12-17,17,4357.241393645874,4476.664721674932
17,2025-12-17,18,4658.392676531561,4786.069962786315
17,2025-12-17,19,3468.9714623093396,3564.049076662068
17,2025-12-17,20,2335.006429192329,2399.004315366376
17,2025-12-17,21,1504.823346551279,1546.0675641434116
17,2025-12-17,22,882.4406821946286,906.6266277356755
17,2025-12-17,23,379.6278777473914,390.0327234920672
17,2025-12-18,0,122.01256507523965,125.64171989043246
17,2025-12-18,1,10.737256965847735,11.056627088060472
17,2025-12-18,2,-0.1542947691232257,0.0
17,2025-12-18,3,0.047749697389406265,0.0491699695072648
17,2025-12-18,4,23.995391195978073,24.709112683987268
17,2025-12-18,5,324.95159169803577,334.6169866759077
17,2025-12-18,6,1541.729282407975,1587.586643455375
17,2025-12-18,7,3904.6746168806653,4020.815677261415
17,2025-12-18,8,5055.457960432721,5205.828043946623
17,2025-12-18,9,3711.62254025548,3822.0214389741486
17,2025-12-18,10,3024.487744212647,3114.448431897824
17,2025-12-18,11,2912.3584076660663,2998.9839083448765
17,2025-12-18,12,2940.3868095551684,3027.845990024378
17,2025-12-18,13,3003.2023787851217,3092.5299522792575
17,2025-12-18,14,3076.0628940222255,3167.55763849213
17,2025-12-18,15,3266.869724340218,3364.0398476253554
17,2025-12-18,16,3647.154414766509,3755.635766649731
17,2025-12-18,17,4354.519052176184,4484.040333663127
17,2025-12-18,18,4655.365354733333,4793.835040893884
17,2025-12-18,19,3467.018961496377,3570.142345147236
17,2025-12-18,20,2338.8333729173264,2408.3998834814015
17,2025-12-18,21,1513.7901831004126,1558.8165205829719
17,2025-12-18,22,890.0033527593998,916.4757078911254
17,2025-12-18,23,383.5327809484159,394.9406210991816
17,2025-12-19,0,130.75993088341892,134.74706523276035
17,2025-12-19,1,11.99014578601674,12.355749543942103
17,2025-12-19,2,-0.01423386288911388,0.0
17,2025-12-19,3,0.11471284827905492,0.11821067467429823
17,2025-12-19,4,24.448351773425145,25.19383139001744
17,2025-12-19,5,318.1676561846905,327.86923052977374
17,2025-12-19,6,1533.6747909297178,1580.439632409229
17,2025-12-19,7,3810.8878361096627,3927.0895019425025
17,2025-12-19,8,4943.684391629568,5094.427312010454
17,2025-12-19,9,3606.486848069486,3716.455915009467
17,2025-12-19,10,3021.295923544666,3113.4213374608776
17,2025-12-19,11,2937.0996010891436,3026.657699107567
17,2025-12-19,12,2967.74936875893,3058.24204008777
17,2025-12-19,13,3037.8149101482386,3130.4440213244475
17,2025-12-19,14,3147.4807658901204,3243.4538104672138
17,2025-12-19,15,3359.505489372578,3461.9435959315424
17,2025-12-19,16,3777.740274912617,3892.9312046663485
17,2025-12-19,17,4291.871727620659,4422.739563604913
17,2025-12-19,18,4309.222910626166,4440.6198192192505
17,2025-12-19,19,3319.0780472907704,3420.283439501453
17,2025-12-19,20,2280.2510263693052,2349.780484903999
17,2025-12-19,21,1517.4957674280454,1563.767277809058
17,2025-12-19,22,911.7245940660887,939.5249180765171
17,2025-12-19,23,418.9869075934414,431.7626645084521
17,2025-12-20,0,175.54569740756426,185.86941722036485
17,2025-12-20,1,22.00545911969067,23.299584795561177
17,2025-12-20,2,-0.03760870911833081,0.0
17,2025-12-20,3,-0.14248269863975338,0.0
17,2025-12-20,4,3.5125875350382216,3.7191603537697384
17,2025-12-20,5,121.94238442888832,129.11373085742466
17,2025-12-20,6,565.0789979176013,598.310898971008
17,2025-12-20,7,1181.8541276286278,1251.358143126726
17,2025-12-20,8,1623.098954295502,1718.5522697572476
17,2025-12-20,9,1971.3709184677875,2087.3058648089323
17,2025-12-20,10,2303.879049129801,2439.3685663156125
17,2025-12-20,11,2654.586326107568,2810.700693217344
17,2025-12-20,12,2834.396561110511,3001.085442509489
17,2025-12-20,13,3024.1163071084347,3201.9624742145697
17,2025-12-20,14,3063.8970774792037,3244.0827238964816
17,2025-12-20,15,3081.685746595295,3262.917532214554
17,2025-12-20,16,3067.8297004283313,3248.2466216535695
17,2025-12-20,17,3020.280292512345,3197.9008662802626
17,2025-12-20,18,2918.6065344201243,3090.2477455129115
17,2025-12-20,19,2402.2055900275036,2543.477622383898
17,2025-12-20,20,1791.32965135082,1896.6764965655564
17,2025-12-20,21,1314.7350701300177,1392.0537210142527
17,2025-12-20,22,856.1219268241208,906.4698591782085
17,2025-12-20,23,430.07459653133526,455.3669830652216
17,2025-12-21,0,172.3255273911384,176.26194548783602
17,2025-12-21,1,21.958866933580566,22.460471556464583
17,2025-12-21,2,-1.2087086046494733,0.0
17,2025-12-21,3,-0.01012099816813361,0.0
17,2025-12-21,4,0.5038725199572696,0.5153824392130886
17,2025-12-21,5,64.72226921712752,66.20071478269575
17,2025-12-21,6,410.1805851541327,419.55030711441947
17,2025-12-21,7,760.3860762499721,777.755513943515
17,2025-12-21,8,1226.5585317492023,1254.5767091726634
17,2025-12-21,9,1663.5011118869247,1701.5003333594657
17,2025-12-21,10,2055.6777361492514,2102.6354165583143
17,2025-12-21,11,2413.7121734889342,2468.84840561765
17,2025-12-21,12,2598.311271309902,2657.664285712826
17,2025-12-21,13,2851.5480154279453,2916.685696312884
17,2025-12-21,14,2895.250207248351,2961.386173769502
17,2025-12-21,15,2898.9688921904026,2965.1898043311803
17,2025-12-21,16,2831.1379401185154,2895.809395302484
17,2025-12-21,17,2771.7544123815915,2835.0693744402042
17,2025-12-21,18,2687.713529465779,2749.1087524272275
17,2025-12-21,19,2188.2336470215128,2238.2192913908857
17,2025-12-21,20,1618.6695881564626,1655.644726755231
17,2025-12-21,21,1166.981149676107,1193.6384057752764
17,2025-12-21,22,726.404830323603,742.9980371624491
17,2025-12-21,23,330.2579392199338,337.80199463763546
17,2025-12-22,0,112.03409273784825,112.17888189377223
17,2025-12-22,1,10.524745245756947,10.53834707840635
17,2025-12-22,2,-0.1767759357136356,0.0
17,2025-12-22,3,0.12974474950226522,0.1299124273252111
17,2025-12-22,4,23.597138656707898,23.627634818231876
17,2025-12-22,5,306.88721805727954,307.2838289475943
17,2025-12-22,6,1510.043002107118,1511.994531738331
17,2025-12-22,7,3859.3091224602836,3864.296765923405
17,2025-12-22,8,4984.076604832232,4990.517860587858
17,2025-12-22,9,3628.2617016719705,3632.9507470903645
17,2025-12-22,10,2930.419343051286,2934.2065200865522
17,2025-12-22,11,2814.512788826314,2818.1501720645124
17,2025-12-22,12,2846.91397458111,2850.5932320401075
17,2025-12-22,13,2904.9872877154185,2908.7415972035346
17,2025-12-22,14,2979.905415123993,2983.756546322053
17,2025-12-22,15,3181.4677229735157,3185.5793466315617
17,2025-12-22,16,3563.6544295613508,3568.259978678156
17,2025-12-22,17,4284.476342129604,4290.01345764501
17,2025-12-22,18,4610.186426966866,4616.1444794230465
17,2025-12-22,19,3428.894263712779,3433.3256532484374
17,2025-12-22,20,2287.704306636785,2290.660860016805
17,2025-12-22,21,1450.2756169345334,1452.1499051739572
17,2025-12-22,22,829.5846700961731,830.6567978852717
17,2025-12-22,23,334.0174282016826,334.4491012782556
17,2025-12-23,0,114.2086576469867,116.25674103245535
17,2025-12-23,1,10.372675931057643,10.558687269207805
17,2025-12-23,2,-0.1611974339203357,0.0
17,2025-12-23,3,0.16976161605475681,0.1728059206853807
17,2025-12-23,4,23.88392305085074,24.312229161683923
17,2025-12-23,5,312.5360167064953,318.14066907142933
17,2025-12-23,6,1532.7268594427649,1560.2129754690056
17,2025-12-23,7,3905.4149702410327,3975.4500768494527
17,2025-12-23,8,5046.0479074459445,5136.53778005668
17,2025-12-23,9,3680.0558614705537,3746.049643577433
17,2025-12-23,10,2999.4131866008674,3053.2011256257765
17,2025-12-23,11,2874.3540591499027,2925.8993352593156
17,2025-12-23,12,2902.018549270495,2954.059927722329
17,2025-12-23,13,2962.0215097454848,3015.1389105318744
17,2025-12-23,14,3031.5024090108955,3085.8657983092307
17,2025-12-23,15,3222.3052819070226,3280.090304923234
17,2025-12-23,16,3611.488290224354,3676.25246236694
17,2025-12-23,17,4334.158286905777,4411.881970558907
17,2025-12-23,18,4660.394051870964,4743.968063018846
17,2025-12-23,19,3456.057442582086,3518.0343011951722
17,2025-12-23,20,2321.3370174172837,2362.9651380466407
17,2025-12-23,21,1484.3570360145545,1510.9757446676383
17,2025-12-23,22,857.2377714748411,872.6104627692312
17,2025-12-23,23,353.64370883440506,359.9855380736385
17,2025-12-24,0,121.83964872254387,125.17903137817464
17,2025-12-24,1,10.992973563448516,11.29426912393707
17,2025-12-24,2,0.17452171603878242,0.1793050094714316
17,2025-12-24,3,0.14022946956606575,0.1440728806673535
17,2025-12-24,4,24.185998424654144,24.848888579831186
17,2025-12-24,5,323.0010796929497,331.8538974299158
17,2025-12-24,6,1539.2570888749194,1581.4450669185112
17,2025-12-24,7,3908.043825673135,4015.155540995104
17,2025-12-24,8,5060.016378321867,5198.701372148915
17,2025-12-24,9,3697.6169216342487,3798.961253670127
17,2025-12-24,10,3023.517661232236,3106.3862720889915
17,2025-12-24,11,2899.984599357951,2979.467414469683
17,2025-12-24,12,2928.364326364284,3008.624973397973
17,2025-12-24,13,2988.4360028033184,3070.343095115687
17,2025-12-24,14,3057.4865630371714,3141.286193990484
17,2025-12-24,15,3250.902034898775,3340.0027995867736
17,2025-12-24,16,3639.1091286015994,3738.8498782952684
17,2025-12-24,17,4355.7915510153325,4475.175141738968
17,2025-12-24,18,4662.414686898964,4790.202208465478
17,2025-12-24,19,3461.576834276993,3556.4517765697233
17,2025-12-24,20,2329.135321972012,2392.9722927640264
17,2025-12-24,21,1503.606898423374,1544.8177755896077
17,2025-12-24,22,882.3809027784663,906.5652098845079
17,2025-12-24,23,378.2202792062163,388.5865454720133
17,2025-12-25,0,124.08532405120098,127.77613123157197
17,2025-12-25,1,10.940569032429153,11.265986490545087
17,2025-12-25,2,-0.350689108237475,0.0
17,2025-12-25,3,0.5389163983676326,0.5549459854918456
17,2025-12-25,4,17.90543718101742,18.438018423970146
17,2025-12-25,5,323.8902259802344,333.52405158241896
17,2025-12-25,6,1536.093984367373,1581.7837285057565
17,2025-12-25,7,3837.752908954258,3951.903442880521
17,2025-12-25,8,4959.223865863289,5106.731552152142
17,2025-12-25,9,3693.500214823204,3803.360081151524
17,2025-12-25,10,3039.476715406521,3129.8832366576876
17,2025-12-25,11,2928.6886091688975,3015.799837111785
17,2025-12-25,12,2960.599211180977,3048.6595914908885
17,2025-12-25,13,3017.133290958455,3106.8752269976508
17,2025-12-25,14,3092.173486252625,3184.1474259048664
17,2025-12-25,15,3285.6754423695197,3383.40492494767
17,2025-12-25,16,3638.265496586272,3746.48245553426
17,2025-12-25,17,4328.511722699126,4457.25943939015
17,2025-12-25,18,4598.129425445338,4734.896679989526
17,2025-12-25,19,3450.4727333901033,3553.103964258434
17,2025-12-25,20,2342.7271647164757,2412.4094926412345
17,2025-12-25,21,1516.703123062186,1561.8161033432318
17,2025-12-25,22,899.9174543196864,926.6846955510005
17,2025-12-25,23,393.3202733185165,405.0192336915455
17,2025-12-26,0,131.18404777136334,135.18411430108017
17,2025-12-26,1,11.589066882341626,11.942440934554886
17,2025-12-26,2,-0.14958419940199974,0.0
17,2025-12-26,3,0.10740255825919576,0.11067747914932821
17,2025-12-26,4,16.38516404765852,16.884780787684633
17,2025-12-26,5,319.80380175707825,329.55526548469726
17,2025-12-26,6,1525.7139385137611,1572.2360375269582
17,2025-12-26,7,3748.8959200361637,3863.207327161399
17,2025-12-26,8,4881.328527202191,5030.170091355205
17,2025-12-26,9,3610.7907682632144,3720.8910704212417
17,2025-12-26,10,3040.397602557492,3133.10546524075
17,2025-12-26,11,2943.790109182044,3033.5522143030375
17,2025-12-26,12,2976.218043969997,3066.9689423076716
17,2025-12-26,13,3037.998815519773,3130.633534342139
17,2025-12-26,14,3147.3355584962783,3243.3041754067012
17,2025-12-26,15,3351.9581498242787,3454.166122759312
17,2025-12-26,16,3753.1663074402336,3867.6079273010428
17,2025-12-26,17,4252.713942334503,4382.387778370121
17,2025-12-26,18,4270.183910751195,4400.390441402705
17,2025-12-26,19,3284.075530668533,3384.2136254632937
17,2025-12-26,20,2270.6771479777235,2339.9146796267605
17,2025-12-26,21,1508.7176861564012,1554.721535112977
17,2025-12-26,22,909.9700381497836,937.7168622071723
17,2025-12-26,23,412.5426883435965,425.1219480002181
17,2025-12-27,0,172.95569690597245,183.12710059887766
17,2025-12-27,1,20.88545449984582,22.11371348655746
17,2025-12-27,2,-0.20318581633944177,0.0
17,2025-12-27,3,-0.3954877198723352,0.0
17,2025-12-27,4,2.13499223569346,2.260549637380334
17,2025-12-27,5,120.58998617797113,127.68179901027598
17,2025-12-27,6,550.7233575323074,583.111013404774
17,2025-12-27,7,1122.3109635586402,1188.3132871798991
17,2025-12-27,8,1538.5462077468917,1629.0270352601347
17,2025-12-27,9,1912.408166913489,2024.8755550323144
17,2025-12-27,10,2236.6523478384065,2368.188309691786
17,2025-12-27,11,2559.9584253424264,2710.507791723619
17,2025-12-27,12,2735.5509260694657,2896.426764733976
17,2025-12-27,13,2916.1889730514667,3087.688009049285
17,2025-12-27,14,2971.301481423474,3146.041645532181
17,2025-12-27,15,2982.6067110687172,3158.0117278340285
17,2025-12-27,16,2964.423818828287,3138.759512405114
17,2025-12-27,17,2916.1411788888163,3087.6374041453223
17,2025-12-27,18,2807.790496801311,2972.914694147613
17,2025-12-27,19,2341.881039118698,2479.6054267842082
17,2025-12-27,20,1753.3747859437894,1856.4895320425617
17,2025-12-27,21,1285.7384992367556,1361.3518820463248
17,2025-12-27,22,836.193368084947,885.3693158234362
17,2025-12-27,23,421.87993429669103,446.69039847007315
17,2025-12-28,0,168.40149790235364,172.24827971053685
17,2025-12-28,1,19.869023754650186,20.322890258676576
17,2025-12-28,2,-2.1327533515042774,0.0
17,2025-12-28,3,-1.1861665281955993,0.0
17,2025-12-28,4,-2.4134526999720833,0.0
17,2025-12-28,5,71.93252894837354,73.57567789432689
17,2025-12-28,6,390.23510876615137,399.1492178210866
17,2025-12-28,7,718.9685976529709,735.3919392298382
17,2025-12-28,8,1181.1524676539264,1208.1334380244894
17,2025-12-28,9,1580.0966069891376,1616.1906260961548
17,2025-12-28,10,1964.2732355547137,2009.1429703430256
17,2025-12-28,11,2298.361416327446,2350.8627004317314
17,2025-12-28,12,2474.0260687661853,2530.5400463307983
17,2025-12-28,13,2718.720935389556,2780.8244580188357
17,2025-12-28,14,2773.3046583983287,2836.6550326014276
17,2025-12-28,15,2769.208112079848,2832.464909206433
17,2025-12-28,16,2698.0340824889618,2759.6650570091224
17,2025-12-28,17,2639.3801096362126,2699.6712561942823
17,2025-12-28,18,2546.301834166522,2604.4668011996237
17,2025-12-28,19,2116.1806788110553,2164.520423050144
17,2025-12-28,20,1580.2393703643565,1616.336650603617
17,2025-12-28,21,1137.848791338682,1163.840579330514
17,2025-12-28,22,707.0953121634459,723.2474332393474
17,2025-12-28,23,323.97839990650164,331.3790123151115
17,2025-12-29,0,110.1973153486378,104.82274417850464
17,2025-12-29,1,10.402848336947159,9.895478002360193
17,2025-12-29,2,-0.19840968980082607,0.0
17,2025-12-29,3,-1.0952108837764172,0.0
17,2025-12-29,4,20.704114253411888,19.694327987589702
17,2025-12-29,5,314.5417804052322,299.2008696088131
17,2025-12-29,6,1502.1909633778705,1428.9257280292393
17,2025-12-29,7,3775.9791207771736,3591.8161177371485
17,2025-12-29,8,4924.555531336168,4684.373870823816
17,2025-12-29,9,3630.87073176272,3453.784991555044
17,2025-12-29,10,2960.304423544137,2815.923711915533
17,2025-12-29,11,2847.7185591380994,2708.828913594788
17,2025-12-29,12,2886.1614848070594,2745.3968912276523
17,2025-12-29,13,2929.278730097888,2786.411211390564
17,2025-12-29,14,2997.6228679209185,2851.4220517405192
17,2025-12-29,15,3196.3050714177193,3040.4140768554416
17,2025-12-29,16,3554.9271768604776,3381.545374806319
17,2025-12-29,17,4247.999907805426,4040.8153882643915
17,2025-12-29,18,4526.1360827073095,4305.386235714609
17,2025-12-29,19,3403.1868910105745,3237.2058043286233
17,2025-12-29,20,2285.2120516718114,2173.7571149367486
17,2025-12-29,21,1455.3287758502165,1384.349114893835
17,2025-12-29,22,836.4077898579515,795.6142988402875
17,2025-12-29,23,345.0175225034259,328.19024115114377
17,2025-12-30,0,112.39984532479588,105.26225227487377
17,2025-12-30,1,10.366010621536986,9.707750237335382
17,2025-12-30,2,-0.09762610387917903,0.0
17,2025-12-30,3,-1.663989844047137,0.0
17,2025-12-30,4,18.351167572555653,17.185835309461037
17,2025-12-30,5,310.34852766068184,290.6408360025353
17,2025-12-30,6,1512.8755678550094,1416.805238689381
17,2025-12-30,7,3794.0374328809626,3553.109207990413
17,2025-12-30,8,4970.5394081442955,4654.901184342327
17,2025-12-30,9,3677.5518378779493,3444.0206585163064
17,2025-12-30,10,3018.6267385996657,2826.9384923438242
17,2025-12-30,11,2901.162121766725,2716.933090693038
17,2025-12-30,12,2935.4772115500054,2749.069110339373
17,2025-12-30,13,2985.3755431537975,2795.798807824241
17,2025-12-30,14,3049.0012266315994,2855.3841455624606
17,2025-12-30,15,3234.6957061931853,3029.2866905097444
17,2025-12-30,16,3597.750886195666,3369.2872112995205
17,2025-12-30,17,4274.988928761393,4003.5194158074473
17,2025-12-30,18,4527.2255811351015,4239.738585490537
17,2025-12-30,19,3410.4728130948643,3193.901633861007
17,2025-12-30,20,2302.9718401999326,2156.728971686384
17,2025-12-30,21,1494.4783569610124,1399.5762838924945
17,2025-12-30,22,876.0105193312272,820.3822702320457
17,2025-12-30,23,368.7266571319195,345.31184888497967
17,2025-12-31,0,136.71909501209086,135.69043973599125
17,2025-12-31,1,8.710715902627214,8.645177699122796
17,2025-12-31,2,-5.8699446564135656,0.0
17,2025-12-31,3,-5.236658566719541,0.0
17,2025-12-31,4,-24.784680799424223,0.0
17,2025-12-31,5,-21.25347087695974,0.0
17,2025-12-31,6,477.78287531276465,474.18810403756675
17,2025-12-31,7,1099.4008572659886,1091.1291195670588
17,2025-12-31,8,1503.9599100374105,1492.6443268237747
17,2025-12-31,9,1715.539699586246,1702.632219740935
17,2025-12-31,10,1760.9365889117887,1747.6875492447198
17,2025-12-31,11,2076.096869034687,2060.4766076671176
17,2025-12-31,12,2205.0730788317187,2084.268970066038
17,2025-12-31,13,2373.0510528316227,2243.044333215478
17,2025-12-31,14,2413.100996194408,2280.900155321919
17,2025-12-31,15,2443.2179206904016,2309.3671353070354
17,2025-12-31,16,2534.74878352513,2395.8835138530335
17,2025-12-31,17,2621.7054044517095,2478.076248633093
17,2025-12-31,18,2631.5707792697203,1989.9209220477592
17,2025-12-31,19,2165.405880601743,1637.4199396340898
17,2025-12-31,20,1597.4654163585897,1207.9590939757434
17,2025-12-31,21,1127.4521275768152,852.5480655682621
17,2025-12-31,22,661.3077967156751,500.0626359603423
17,2025-12-31,23,327.4720531257235,309.5316184511139
25,2025-11-01,0,15.916379284665823,17.617673404775196
25,2025-11-01,1,14.828748259806275,16.413786023218698
25,2025-11-01,2,15.220851085812228,16.84780053155085
25,2025-11-01,3,15.401326518914061,17.04756689682192
25,2025-11-01,4,17.71170304684739,19.604898459685746
25,2025-11-01,5,30.622534334241323,33.895762288533945
25,2025-11-01,6,158.18719866989312,175.0957521895332
25,2025-11-01,7,437.259634062065,483.9981058643589
25,2025-11-01,8,763.8895133978435,845.5412957733129
25,2025-11-01,9,473.03511967017283,523.5976159079594
25,2025-11-01,10,397.7774818448999,440.295725402128
25,2025-11-01,11,425.6853465394823,471.18664831997376
25,2025-11-01,12,471.8128570893964,522.2447062682813
25,2025-11-01,13,519.2569191713593,574.7600413081531
25,2025-11-01,14,544.020227709997,602.1702879762325
25,2025-11-01,15,617.5252402523347,683.5322159262927
25,2025-11-01,16,682.0335650851285,754.9358045482494
25,2025-11-01,17,704.5774850254027,779.8894332390278
25,2025-11-01,18,675.6883539777189,747.9123568799474
25,2025-11-01,19,496.6303657319248,549.7149464632662
25,2025-11-01,20,318.437313732125,352.47492491156123
25,2025-11-01,21,210.27151710802966,232.7473383538212
25,2025-11-01,22,115.91522837337374,128.30535133637377
25,2025-11-01,23,28.273545029017555,31.295690647202044
25,2025-11-02,0,10.275229000064314,11.162616433658767
25,2025-11-02,1,0.1264686893363205,0.13739075498171965
25,2025-11-02,2,-0.21503542623139538,0.0
25,2025-11-02,3,1.4091193923648007,1.5308135016845004
25,2025-11-02,4,8.010416185535007,8.702210272154476
25,2025-11-02,5,10.257809785027746,11.143692863582867
25,2025-11-02,6,42.32910742046391,45.98472599596761
25,2025-11-02,7,51.26052030591518,55.68747191533407
25,2025-11-02,8,132.658131974451,144.11472912450046
25,2025-11-02,9,146.65777556459892,159.32340735481264
25,2025-11-02,10,161.75041343567955,175.71947283675286
25,2025-11-02,11,232.52264814542033,252.60372624003594
25,2025-11-02,12,288.0103808492877,312.88348029152985
25,2025-11-02,13,375.3178594014451,407.73099121917176
25,2025-11-02,14,424.5294671946438,461.1926028168978
25,2025-11-02,15,462.63833550500425,502.5926221903546
25,2025-11-02,16,433.33736247677734,470.7611639284481
25,2025-11-02,17,363.90290400799194,395.33021955134376
25,2025-11-02,18,330.86499278417637,359.43909432596774
25,2025-11-02,19,260.3772175395643,282.8638668237265
25,2025-11-02,20,195.0519896220676,211.8970336096162
25,2025-11-02,21,166.84846514586718,181.25780154937098
25,2025-11-02,22,100.0356846703121,108.67494803727905
25,2025-11-02,23,44.91395025473673,48.79280055081191
25,2025-11-03,0,11.514599452325854,12.413677992195854
25,2025-11-03,1,2.687289044006377,2.8971169168644186
25,2025-11-03,2,2.6664392778928914,2.8746391673068232
25,2025-11-03,3,1.5146885605443003,1.6329578920143486
25,2025-11-03,4,7.882513735059945,8.497993150454755
25,2025-11-03,5,-2.336206993460962,0.0
25,2025-11-03,6,32.86455785987994,35.43067566679728
25,2025-11-03,7,103.96415595525929,112.08184532188255
25,2025-11-03,8,179.26895823347218,193.2665683005779
25,2025-11-03,9,124.64811619185389,134.38084261167575
25,2025-11-03,10,129.3393782090128,139.43840595108196
25,2025-11-03,11,207.0024275411643,223.16551172605645
25,2025-11-03,12,255.24776951264522,275.177927992639
25,2025-11-03,13,334.9547757024792,361.1085860810277
25,2025-11-03,14,355.30715760845976,383.05011486811924
25,2025-11-03,15,388.6010634864731,418.94366274039464
25,2025-11-03,16,412.53526167341374,444.74668181406855
25,2025-11-03,17,379.44941034606734,409.0774337281195
25,2025-11-03,18,398.51681723270775,429.6336545690555
25,2025-11-03,19,295.2984191155185,318.35579706284017
25,2025-11-03,20,201.2083567107977,216.91903047849402
25,2025-11-03,21,153.66901394133077,165.66773897294507
25,2025-11-03,22,81.47386869692872,87.83548007636743
25,2025-11-03,23,44.10671694189102,47.55064070413399
25,2025-11-04,0,6.178400276002833,6.46486389525554
25,2025-11-04,1,2.3454119534992515,2.45415777229114
25,2025-11-04,2,2.4540047626094292,2.5677855237379843
25,2025-11-04,3,2.243028543443188,2.347027320786498
25,2025-11-04,4,9.296957106240711,9.728013668088124
25,2025-11-04,5,-17.943655365213317,0.0
25,2025-11-04,6,5.209637712847666,5.451184328079795
25,2025-11-04,7,70.67827798410639,73.95530025676737
25,2025-11-04,8,139.92223938213044,146.40978135363906
25,2025-11-04,9,102.93699690051244,107.70970559043934
25,2025-11-04,10,105.75252027705909,110.65577166096922
25,2025-11-04,11,188.2995307083607,197.03010216062032
25,2025-11-04,12,234.81067131188587,245.69774753522796
25,2025-11-04,13,316.22826967845816,330.89030039763304
25,2025-11-04,14,336.9521637506795,352.5750648304227
25,2025-11-04,15,370.2247626924273,387.39035907985675
25,2025-11-04,16,382.2199186237852,399.9416744745216
25,2025-11-04,17,313.8607171729152,328.41297551911146
25,2025-11-04,18,310.25409254365707,324.63912851861977
25,2025-11-04,19,246.97777304660912,258.4289810586089
25,2025-11-04,20,196.7545604539581,205.8771522211236
25,2025-11-04,21,142.4802639591278,149.08640960565407
25,2025-11-04,22,65.23140387193126,68.25587998343659
25,2025-11-04,23,41.12755628028839,43.03444934269337
25,2025-11-05,0,-0.7800522994904782,0.0
25,2025-11-05,1,-0.5929237381633357,0.0
25,2025-11-05,2,-0.41527804190519646,0.0
25,2025-11-05,3,-0.01690724862157822,0.0
25,2025-11-05,4,-1.6926228826428087,0.0
25,2025-11-05,5,1.788874596719893,1.9621995383585984
25,2025-11-05,6,126.3555049333703,138.59815210297222
25,2025-11-05,7,467.36220747860455,512.6451621831426
25,2025-11-05,8,877.6177460913066,962.6505621988664
25,2025-11-05,9,413.5097556419143,453.5749197373116
25,2025-11-05,10,291.8357000456656,320.1118049058131
25,2025-11-05,11,329.3646519752705,361.2769554906438
25,2025-11-05,12,359.0859913876386,393.87801013208315
25,2025-11-05,13,407.17225359507563,446.6233739925985
25,2025-11-05,14,397.565673037705,436.08600710872577
25,2025-11-05,15,476.781443485042,522.9770326101764
25,2025-11-05,16,586.9255605215754,643.793067450344
25,2025-11-05,17,669.6113443894328,734.4903176834376
25,2025-11-05,18,726.8578002127674,797.2834108355128
25,2025-11-05,19,482.64414007158763,529.407768759457
25,2025-11-05,20,292.2032242492975,320.514938710734
25,2025-11-05,21,166.11413258560015,182.20901279048218
25,2025-11-05,22,72.93602021353024,80.00282717140725
25,2025-11-05,23,-1.1188998882660712,0.0
25,2025-11-06,0,0.002844830779736185,0.0030884644231067154
25,2025-11-06,1,-0.46985144998086525,0.0
25,2025-11-06,2,-0.3281527228942309,0.0
25,2025-11-06,3,0.024860847129559716,0.026989950486636764
25,2025-11-06,4,-1.7519592173911747,0.0
25,2025-11-06,5,4.498466362246006,4.883718714414175
25,2025-11-06,6,128.19405418595977,139.17269822420408
25,2025-11-06,7,478.06254015431614,519.0042085468268
25,2025-11-06,8,873.5503802953342,948.3619519835459
25,2025-11-06,9,422.28634812096755,458.451297639648
25,2025-11-06,10,291.3260653259503,316.27546871743937
25,2025-11-06,11,334.07304702439137,362.68333702061915
25,2025-11-06,12,364.17462465005565,395.3628384652958
25,2025-11-06,13,414.8583386257257,450.3871473133918
25,2025-11-06,14,412.914110726134,448.27641414041295
25,2025-11-06,15,495.9270432991711,538.398642406432
25,2025-11-06,16,608.9122074804422,661.0599488005814
25,2025-11-06,17,680.654708364986,738.9465363561208
25,2025-11-06,18,743.2352621693929,806.8865401623049
25,2025-11-06,19,477.15563078914477,518.0196307191172
25,2025-11-06,20,296.33602574091344,321.71448625514387
25,2025-11-06,21,170.5203833624485,185.12388897812718
25,2025-11-06,22,81.26899119055241,88.22893431189264
25,2025-11-06,23,-1.8833655809579,0.0
25,2025-11-07,0,-0.013481353462054813,0.0
25,2025-11-07,1,-0.45940599988927033,0.0
25,2025-11-07,2,-0.2835747181581496,0.0
25,2025-11-07,3,-0.028839682663374333,0.0
25,2025-11-07,4,-1.0540757824051639,0.0
25,2025-11-07,5,5.715518180845663,6.2119985175764425
25,2025-11-07,6,146.12394979745642,158.81705399280315
25,2025-11-07,7,474.61522874774954,515.842834212452
25,2025-11-07,8,862.2200362045403,937.1170587256929
25,2025-11-07,9,420.59747417317305,457.1328099027351
25,2025-11-07,10,324.1034634350641,352.2568156894776
25,2025-11-07,11,368.76761597900787,400.80073430067426
25,2025-11-07,12,404.55949953617073,439.7016914078507
25,2025-11-07,13,462.43223423918323,502.6015599426082
25,2025-11-07,14,483.7452486150965,525.7659362107053
25,2025-11-07,15,575.2544059096058,625.2240660725288
25,2025-11-07,16,686.8384863062649,746.5009337294554
25,2025-11-07,17,718.4772523933331,780.8880114732506
25,2025-11-07,18,648.799089700108,705.1572326248275
25,2025-11-07,19,458.1911023887749,497.9920208012797
25,2025-11-07,20,295.7044292612959,321.3908902202407
25,2025-11-07,21,185.68123935723196,201.8105003137647
25,2025-11-07,22,89.32307456134345,97.08215234446804
25,2025-11-07,23,7.037435831924256,7.648744973283342
25,2025-11-08,0,2.5403566104410515,2.811894105685849
25,2025-11-08,1,-0.510618698613996,0.0
25,2025-11-08,2,-0.011610151520073941,0.0
25,2025-11-08,3,0.2815379916964389,0.311631452105617
25,2025-11-08,4,-2.5409172384176486,0.0
25,2025-11-08,5,2.3630914173643305,2.6156811214508697
25,2025-11-08,6,61.585094545882384,68.16789565682546
25,2025-11-08,7,120.70510036181537,133.60721043597096
25,2025-11-08,8,251.92832564938286,278.8568231079236
25,2025-11-08,9,250.06928567485204,276.79907124539676
25,2025-11-08,10,274.15357015886866,303.4577133045168
25,2025-11-08,11,339.9171513224567,376.2507320022266
25,2025-11-08,12,407.7532211527646,451.3377666826131
25,2025-11-08,13,491.04018256242375,543.5272313057098
25,2025-11-08,14,528.3036866071174,584.7738133602991
25,2025-11-08,15,561.1137834253751,621.0909656337443
25,2025-11-08,16,547.5082587945531,606.0311530243918
25,2025-11-08,17,484.3334361031197,536.103603945781
25,2025-11-08,18,443.71128832114744,491.1393743415776
25,2025-11-08,19,359.5700310499173,398.00429858349685
25,2025-11-08,20,248.63773068565402,275.2144980325075
25,2025-11-08,21,188.17955990940817,208.29398248459046
25,2025-11-08,22,109.519518818606,121.22600746598397
25,2025-11-08,23,36.40579511361216,40.29719302873764
25,2025-11-09,0,10.342358589620119,11.235543456458522
25,2025-11-09,1,0.09878407403653,0.10731524603656349
25,2025-11-09,2,-0.00669472979029706,0.0
25,2025-11-09,3,0.19187586059848627,0.20844660831653244
25,2025-11-09,4,-0.9275519067150526,0.0
25,2025-11-09,5,1.1150576069373415,1.211356006527648
25,2025-11-09,6,42.439032425898404,46.1041443244667
25,2025-11-09,7,61.60774701855871,66.92830391475955
25,2025-11-09,8,151.94699545422236,165.06941387795447
25,2025-11-09,9,172.83343390475682,187.75964307742817
25,2025-11-09,10,201.4155114054913,218.81012068876024
25,2025-11-09,11,285.91676582694504,310.60905687439623
25,2025-11-09,12,353.10224679276723,383.59679796782206
25,2025-11-09,13,438.06149531483885,475.8932814562037
25,2025-11-09,14,476.54368374344284,517.698861551168
25,2025-11-09,15,511.9555780644671,556.1689913645647
25,2025-11-09,16,481.24878927514357,522.8103085398368
25,2025-11-09,17,427.8112148006838,464.7577681049973
25,2025-11-09,18,387.4256172148974,420.88439698193935
25,2025-11-09,19,297.638181528152,323.34275531860806
25,2025-11-09,20,205.25672972959526,222.98307360198933
25,2025-11-09,21,165.0443325676141,179.29786080582346
25,2025-11-09,22,89.43885295553696,97.16295469451998
25,2025-11-09,23,23.708319862075825,25.75581341352
25,2025-11-10,0,4.935405141279091,5.32076955334223
25,2025-11-10,1,-0.35800291206732027,0.0
25,2025-11-10,2,-0.3171881645191661,0.0
25,2025-11-10,3,-0.017215093336233167,0.0
25,2025-11-10,4,0.44900420097434335,0.4840631748517167
25,2025-11-10,5,2.790739130152076,3.0086445529749595
25,2025-11-10,6,142.8742962783158,154.03015230393856
25,2025-11-10,7,514.0311702447615,554.1675550061069
25,2025-11-10,8,899.0686243820248,969.2693560183342
25,2025-11-10,9,443.5975824042079,478.234398763224
25,2025-11-10,10,302.6109504738918,326.2393026911966
25,2025-11-10,11,336.86287683100056,363.16567483032196
25,2025-11-10,12,372.6719125197981,401.7707379149951
25,2025-11-10,13,418.020007199918,450.65968513798424
25,2025-11-10,14,414.3830154221638,446.7387111626207
25,2025-11-10,15,497.96758316349866,536.8496970769615
25,2025-11-10,16,607.7412451027487,655.1946640017784
25,2025-11-10,17,713.1408675593756,768.8240593700467
25,2025-11-10,18,788.5153812371886,850.0839369271192
25,2025-11-10,19,509.3963764987799,549.1708690717788
25,2025-11-10,20,306.3623647776735,330.28363348839656
25,2025-11-10,21,166.6245356426217,179.6348487527165
25,2025-11-10,22,68.32756145135625,73.66268790859088
25,2025-11-10,23,-6.32024281977499,0.0
25,2025-11-11,0,1.2743148105928412,1.333398847949178
25,2025-11-11,1,-0.01695055950722235,0.0
25,2025-11-11,2,0.0007883894391511603,0.0008249433822482181
25,2025-11-11,3,0.006781789933313576,0.00709622991818381
25,2025-11-11,4,0.2433960811292195,0.2546812227836075
25,2025-11-11,5,4.512939106695626,4.722183055326208
25,2025-11-11,6,144.41140814278663,151.10709194278903
25,2025-11-11,7,532.976721833723,557.6883678737087
25,2025-11-11,8,933.1573728410333,976.4235301657142
25,2025-11-11,9,466.87331830584543,488.5200576752375
25,2025-11-11,10,336.707934334592,352.3195116348235
25,2025-11-11,11,375.15097164049155,392.54497337257607
25,2025-11-11,12,403.2309245896157,421.92686284101165
25,2025-11-11,13,451.58765586223706,472.52567032054196
25,2025-11-11,14,447.6062540825248,468.35966950020986
25,2025-11-11,15,530.1974767738308,554.7802621762596
25,2025-11-11,16,642.3347886776464,672.1168584880481
25,2025-11-11,17,736.9872024606716,771.157863461677
25,2025-11-11,18,817.70809593167,855.6214084702956
25,2025-11-11,19,528.6901469417713,553.2030444865331
25,2025-11-11,20,329.69268173155524,344.97899447124297
25,2025-11-11,21,187.26424631293565,195.9468164539139
25,2025-11-11,22,84.6574689181798,88.582641108345
25,2025-11-11,23,3.3263035401076877,3.480528729196408
25,2025-11-12,0,0.08082877716162784,0.08866031723154406
25,2025-11-12,1,-0.06698251067655292,0.0
25,2025-11-12,2,0.038729652390657066,0.04248218750553136
25,2025-11-12,3,0.023373076875031984,0.025637705816999253
25,2025-11-12,4,0.13558090374937137,0.14871740435862138
25,2025-11-12,5,4.33261987877944,4.752409554930633
25,2025-11-12,6,145.40511834592814,159.4934919510363
25,2025-11-12,7,534.0797320609212,585.826980615745
25,2025-11-12,8,949.0733288496431,1041.0295116001514
25,2025-11-12,9,474.9287809021366,520.9448646362016
25,2025-11-12,10,344.8346237532829,378.2458204613333
25,2025-11-12,11,385.8847070292802,423.2732665447194
25,2025-11-12,12,415.8783894782952,456.1730516738986
25,2025-11-12,13,467.3819843419491,512.6668552365271
25,2025-11-12,14,462.8984719005863,507.74893306423036
25,2025-11-12,15,544.351804589394,597.0943193159052
25,2025-11-12,16,655.5224963837037,719.0363942482585
25,2025-11-12,17,746.0872039497855,818.3759609812154
25,2025-11-12,18,825.1753207367123,905.126964396162
25,2025-11-12,19,534.3102213030792,586.079802074213
25,2025-11-12,20,335.3559990720538,367.84880716152713
25,2025-11-12,21,196.851456902365,215.92449161461263
25,2025-11-12,22,94.38727362263643,103.53250309935733
25,2025-11-12,23,8.444618432200514,9.262821675516777
25,2025-11-13,0,0.47685842985089266,0.5176969772485335
25,2025-11-13,1,-0.07089533927324965,0.0
25,2025-11-13,2,0.02136632905978786,0.023196159020630904
25,2025-11-13,3,-0.08482811133086443,0.0
25,2025-11-13,4,-0.03044551231295145,0.0
25,2025-11-13,5,4.822497033019147,5.235499637837345
25,2025-11-13,6,144.206439248249,156.55639708820183
25,2025-11-13,7,533.0132066575926,578.6608952398433
25,2025-11-13,8,942.1964051458211,1022.8868787554958
25,2025-11-13,9,482.85222244041915,524.2040831558837
25,2025-11-13,10,348.6163553894612,378.4721462530452
25,2025-11-13,11,390.36617477840866,423.79745444795043
25,2025-11-13,12,421.81228461437485,457.9366349451799
25,2025-11-13,13,474.78803232255854,515.4492691762308
25,2025-11-13,14,473.10688685033966,513.624149025676
25,2025-11-13,15,557.4989408151308,605.2436077715948
25,2025-11-13,16,667.2000669470788,724.3396284019267
25,2025-11-13,17,749.94113347623,814.1667077928798
25,2025-11-13,18,819.1364625461943,889.2879816486009
25,2025-11-13,19,526.5723106942081,571.6683956586593
25,2025-11-13,20,334.4612265564739,363.10476056649566
25,2025-11-13,21,195.67064944391018,212.42804449329816
25,2025-11-13,22,93.43570511167798,101.43761560118823
25,2025-11-13,23,7.823355455168894,8.493354038740978
25,2025-11-14,0,0.561269858831281,0.6100247467858428
25,2025-11-14,1,-0.08493751699074892,0.0
25,2025-11-14,2,-0.008000121616703382,0.0
25,2025-11-14,3,-0.14483283841542516,0.0
25,2025-11-14,4,0.3919292850738998,0.4259743492782713
25,2025-11-14,5,4.878472383868768,5.302242466517094
25,2025-11-14,6,152.83474307681388,166.11078250246604
25,2025-11-14,7,505.1149226282417,548.9918938737616
25,2025-11-14,8,901.8103082181149,980.1463525319782
25,2025-11-14,9,450.4267531900885,489.5532188963491
25,2025-11-14,10,353.9897117719425,384.73914266147244
25,2025-11-14,11,394.3522020338315,428.60773370415717
25,2025-11-14,12,429.74511357043997,467.0750619570779
25,2025-11-14,13,488.70817816512135,531.159972242453
25,2025-11-14,14,510.63389819378733,554.9902770381447
25,2025-11-14,15,603.460387027944,655.8801688701899
25,2025-11-14,16,717.4674889520716,779.790534603832
25,2025-11-14,17,756.6738400431445,822.4025580724183
25,2025-11-14,18,690.2575842420956,750.2170327141473
25,2025-11-14,19,489.3037575868996,531.8072868634763
25,2025-11-14,20,318.57152107386446,346.24433936453903
25,2025-11-14,21,200.1663514770503,217.55386638629227
25,2025-11-14,22,102.78459500391625,111.71301211739846
25,2025-11-14,23,19.561997804089742,21.261257075007546
25,2025-11-15,0,3.776161590467723,4.179793685151152
25,2025-11-15,1,-0.429518138507035,0.0
25,2025-11-15,2,0.05390887047991555,0.05967116369553263
25,2025-11-15,3,0.0008376330616783889,0.0009271672564318143
25,2025-11-15,4,-0.6671720055000492,0.0
25,2025-11-15,5,11.939120984802116,13.215287879762156
25,2025-11-15,6,76.3721507177259,84.53553314486828
25,2025-11-15,7,144.55265831574303,160.00382238015334
25,2025-11-15,8,291.7292239494243,322.91202026839545
25,2025-11-15,9,295.03029248756206,326.5659384335475
25,2025-11-15,10,316.8081757579316,350.67164916352044
25,2025-11-15,11,382.2491454464221,423.1075726008542
25,2025-11-15,12,445.17905743860473,492.76403259346347
25,2025-11-15,13,531.2681897265991,588.0551907912065
25,2025-11-15,14,569.5717430418053,630.4529924821875
25,2025-11-15,15,601.0765949228837,665.3253828154209
25,2025-11-15,16,580.761512311002,642.8388308021766
25,2025-11-15,17,524.707100735016,580.7927901556085
25,2025-11-15,18,486.9615663231652,539.0126537399506
25,2025-11-15,19,393.790658917207,435.8827528908212
25,2025-11-15,20,277.3220948169156,306.9649200380374
25,2025-11-15,21,212.23494331966376,234.9206342480872
25,2025-11-15,22,132.54082270085996,146.70804743850334
25,2025-11-15,23,52.934410160233824,58.592543781353704
25,2025-11-16,0,10.313214422424778,11.203882346065948
25,2025-11-16,1,0.3774035929646402,0.40999685252003515
25,2025-11-16,2,0.07227702444112083,0.0785189995081727
25,2025-11-16,3,-0.026678834131189433,0.0
25,2025-11-16,4,0.9098268501086864,0.9884011488934841
25,2025-11-16,5,10.689976564520634,11.613182350855464
25,2025-11-16,6,54.973748222446034,59.72138093699465
25,2025-11-16,7,81.0545818826347,88.05460274810177
25,2025-11-16,8,182.66697718778198,198.44242901353766
25,2025-11-16,9,209.15009404006835,227.21267592365393
25,2025-11-16,10,235.82192722259822,256.18793704895336
25,2025-11-16,11,312.8443428208399,339.8621483109746
25,2025-11-16,12,376.83909738019133,409.38360607193584
25,2025-11-16,13,464.5071709365746,504.62285364311543
25,2025-11-16,14,505.5326054666518,549.1913191907508
25,2025-11-16,15,540.0333905862935,586.6716547577959
25,2025-11-16,16,506.2562094679954,549.9774149475276
25,2025-11-16,17,460.3027760921306,500.05535962581547
25,2025-11-16,18,422.8721140700577,459.39211766714936
25,2025-11-16,19,325.6324262453263,353.7546338398399
25,2025-11-16,20,228.46005355428693,248.19027860339494
25,2025-11-16,21,182.69241821204918,198.47006717085486
25,2025-11-16,22,107.97028653408944,117.29479652518975
25,2025-11-16,23,38.84460974424229,42.19930077348412
25,2025-11-17,0,5.857983481381098,6.315384301690036
25,2025-11-17,1,0.07027628923725615,0.07576357551034935
25,2025-11-17,2,0.0360826008441677,0.03889998864962311
25,2025-11-17,3,0.08101705119065628,0.08734299352070886
25,2025-11-17,4,0.43376246260288553,0.4676313369082479
25,2025-11-17,5,1.752366366858439,1.8891939656781396
25,2025-11-17,6,144.9256995263932,156.24173243394767
25,2025-11-17,7,520.1501842328244,560.7643514984253
25,2025-11-17,8,917.9266151450913,989.5998091862232
25,2025-11-17,9,461.1360455907472,497.14229350824723
25,2025-11-17,10,316.54025935875825,341.25623453207254
25,2025-11-17,11,351.44548851460246,378.88692040859536
25,2025-11-17,12,380.63572579000567,410.35637859973156
25,2025-11-17,13,428.20660130407487,461.6416649775575
25,2025-11-17,14,429.5636940238111,463.1047216907423
25,2025-11-17,15,512.2552864337954,552.2530073162667
25,2025-11-17,16,624.1815207263942,672.9186229236545
25,2025-11-17,17,729.9228418440869,786.9163973368387
25,2025-11-17,18,812.6249423906526,876.0760115912364
25,2025-11-17,19,524.6539516196003,565.6197803236023
25,2025-11-17,20,321.84892029157794,346.9794042925684
25,2025-11-17,21,181.22108111053035,195.3711160877008
25,2025-11-17,22,82.61089193230077,89.06128392408202
25,2025-11-17,23,5.257499770927495,5.668013852375423
25,2025-11-18,0,0.9370183704853048,0.9804635442721271
25,2025-11-18,1,-0.03353872358383114,0.0
25,2025-11-18,2,-0.00606359850081617,0.0
25,2025-11-18,3,-0.014742832910712877,0.0
25,2025-11-18,4,0.020200799010126502,0.02113741589115208
25,2025-11-18,5,3.61353697731613,3.7810798419061795
25,2025-11-18,6,142.6850091506675,149.30064787727483
25,2025-11-18,7,526.9501744217873,551.382397551942
25,2025-11-18,8,934.7539113708766,978.0940927446809
25,2025-11-18,9,467.12452935559435,488.7829162103051
25,2025-11-18,10,332.8107899324733,348.24167481390555
25,2025-11-18,11,369.90187978950735,387.0525056018958
25,2025-11-18,12,396.77236756402215,415.1688526336799
25,2025-11-18,13,444.7778605995516,465.40013659641437
25,2025-11-18,14,440.96429354187944,461.4097522117965
25,2025-11-18,15,523.4412126358382,547.7107415655335
25,2025-11-18,16,637.1759544016113,666.7188331153179
25,2025-11-18,17,731.9745750203358,765.9128238540524
25,2025-11-18,18,818.5521735294525,856.5046220114921
25,2025-11-18,19,526.2062561184125,550.6039872247271
25,2025-11-18,20,328.9389771325576,344.1903441034976
25,2025-11-18,21,187.17943012722765,195.85806773705806
25,2025-11-18,22,85.85192384933725,89.83247734652826
25,2025-11-18,23,4.804213328147398,5.026962304607946
25,2025-11-19,0,-0.384421994696595,0.0
25,2025-11-19,1,-0.09833190138084547,0.0
25,2025-11-19,2,0.012240320101795987,0.013426290751260726
25,2025-11-19,3,-0.017625827388712878,0.0
25,2025-11-19,4,-0.10783692870444384,0.0
25,2025-11-19,5,2.37671808095223,2.6069994676006005
25,2025-11-19,6,140.45342579824677,154.06202747109464
25,2025-11-19,7,524.5377022931301,575.3604188792796
25,2025-11-19,8,943.2537806222192,1034.6461044757812
25,2025-11-19,9,468.0768027848396,513.4289949809131
25,2025-11-19,10,337.1928965843127,369.86368257938784
25,2025-11-19,11,379.82466528434645,416.626064367358
25,2025-11-19,12,408.53638475663325,448.1196764949522
25,2025-11-19,13,459.68874138319524,504.22821017452725
25,2025-11-19,14,454.60679673855014,498.6538734077293
25,2025-11-19,15,535.4142308441345,587.2907796440071
25,2025-11-19,16,647.8371423052577,710.6064024240688
25,2025-11-19,17,738.8269378635384,810.4122441343685
25,2025-11-19,18,824.8327575826399,904.7512101291989
25,2025-11-19,19,528.6578844343877,579.8798074995624
25,2025-11-19,20,331.2951048212186,363.3944508646002
25,2025-11-19,21,193.8046612599636,212.58249044026812
25,2025-11-19,22,92.77378550087366,101.76268331798462
25,2025-11-19,23,7.358557843698293,8.071532141137967
25,2025-11-20,0,-0.1199082514751808,0.0
25,2025-11-20,1,-0.13383731986994007,0.0
25,2025-11-20,2,-0.0178442216005692,0.0
25,2025-11-20,3,-0.09996049910830607,0.0
25,2025-11-20,4,-0.26837224799118076,0.0
25,2025-11-20,5,2.455953348817218,2.666283209764477
25,2025-11-20,6,141.47383489001828,153.58977024946782
25,2025-11-20,7,529.5959239347251,574.9509536192551
25,2025-11-20,8,942.4160880058448,1023.1253754359951
25,2025-11-20,9,482.17480424943705,523.4686503149161
25,2025-11-20,10,346.01272809658474,375.6455421814229
25,2025-11-20,11,389.99072039695153,423.3898458450453
25,2025-11-20,12,419.21634422564273,455.1183760904833
25,2025-11-20,13,471.5707268266993,511.95643099653824
25,2025-11-20,14,469.60474427032744,509.82208008011366
25,2025-11-20,15,552.2837688517657,599.5818042000199
25,2025-11-20,16,663.1959206649126,719.9925637450503
25,2025-11-20,17,746.4475911437394,810.373975627097
25,2025-11-20,18,819.3688216346513,889.540240160143
25,2025-11-20,19,523.5970520851089,568.4383334598114
25,2025-11-20,20,333.1732462291034,361.7064765465534
25,2025-11-20,21,195.39676772497336,212.13070731911512
25,2025-11-20,22,93.79611411921775,101.82889033200263
25,2025-11-20,23,8.839623589514872,9.596656210392698
25,2025-11-21,0,0.3106834478135738,0.337671066067347
25,2025-11-21,1,-0.1272293553037116,0.0
25,2025-11-21,2,-0.0066228105735604,0.0
25,2025-11-21,3,-0.012390625946977707,0.0
25,2025-11-21,4,0.32983860625967054,0.35849014355184705
25,2025-11-21,5,2.7809594265407895,3.022528367245186
25,2025-11-21,6,149.52877546148244,162.5176409401806
25,2025-11-21,7,501.4338602290941,544.9910747978562
25,2025-11-21,8,898.9587892896833,977.0471354888724
25,2025-11-21,9,447.4175050907795,486.2825714868851
25,2025-11-21,10,353.8742669514369,384.6136696892674
25,2025-11-21,11,398.77106535271076,433.41044301549204
25,2025-11-21,12,431.67472886057345,469.1722939039507
25,2025-11-21,13,490.44706138635064,533.0499041175217
25,2025-11-21,14,513.3493687300042,557.9416278014111
25,2025-11-21,15,606.6641727615004,659.3622524884665
25,2025-11-21,16,722.1556662645942,784.8859519560374
25,2025-11-21,17,758.9223597339555,824.8463961539538
25,2025-11-21,18,695.0097836713566,755.3820334849836
25,2025-11-21,19,491.87613595928127,534.603115715781
25,2025-11-21,20,320.37239602550835,348.20164790174977
25,2025-11-21,21,201.93820425326572,219.47963172741228
25,2025-11-21,22,103.86239889659606,112.88443979407054
25,2025-11-21,23,20.537679135051462,22.321691280583714
25,2025-11-22,0,5.419165238432242,5.9984172021579525
25,2025-11-22,1,-0.45711249004097,0.0
25,2025-11-22,2,0.011311444785860658,0.012520519674058801
25,2025-11-22,3,-0.03175205473689857,0.0
25,2025-11-22,4,-0.6539348735253725,0.0
25,2025-11-22,5,13.456068900037451,14.894381627447489
25,2025-11-22,6,78.86688660415257,87.29693014931019
25,2025-11-22,7,154.7018410244488,171.23784634310542
25,2025-11-22,8,301.3160991259241,333.5236319177007
25,2025-11-22,9,304.1224768410607,336.629981995909
25,2025-11-22,10,329.2668973954541,364.4620775596534
25,2025-11-22,11,397.1433837924567,439.59384891409337
25,2025-11-22,12,459.2640865382118,508.35460367345155
25,2025-11-22,13,545.825209772474,604.1682037025079
25,2025-11-22,14,577.612726808367,639.3534731328882
25,2025-11-22,15,610.1230641016274,675.3388247300037
25,2025-11-22,16,591.8753562138968,655.140628130008
25,2025-11-22,17,535.8307587891322,593.1054506645612
25,2025-11-22,18,500.9894021694066,554.5399182072516
25,2025-11-22,19,402.06744388634417,445.0442394211337
25,2025-11-22,20,282.5159390818526,312.71393181630543
25,2025-11-22,21,216.50185094018806,239.64362957021845
25,2025-11-22,22,136.07595912837212,150.6210528970523
25,2025-11-22,23,56.3144629570038,62.33388879452268
25,2025-11-23,0,12.940306971252141,14.057855377528242
25,2025-11-23,1,0.035477104844403584,0.03854097203598049
25,2025-11-23,2,0.06880933958456126,0.07475183909098498
25,2025-11-23,3,-0.011060260008662226,0.0
25,2025-11-23,4,1.078760655922963,1.1719243849178258
25,2025-11-23,5,10.40508724452593,11.303689471900954
25,2025-11-23,6,57.93700436464269,62.94054926013544
25,2025-11-23,7,77.09161219246988,83.74938379976997
25,2025-11-23,8,181.23222751797567,196.88377175711386
25,2025-11-23,9,206.31246523433487,224.12998434185988
25,2025-11-23,10,236.20723617360665,256.60652198059194
25,2025-11-23,11,323.0112669232243,350.9071064393362
25,2025-11-23,12,384.45589434706744,417.6582034549977
25,2025-11-23,13,474.18025007279226,515.1313174573379
25,2025-11-23,14,509.3241223909325,553.3102784010231
25,2025-11-23,15,548.3594095697945,595.7167238586014
25,2025-11-23,16,515.4406036099855,559.9549900440959
25,2025-11-23,17,469.86413154062916,510.44245109178615
25,2025-11-23,18,430.9631168015641,468.1818740857096
25,2025-11-23,19,333.167249434081,361.94017804045865
25,2025-11-23,20,234.3466115550139,254.58521044152616
25,2025-11-23,21,190.80847406953416,207.28704034884314
25,2025-11-23,22,113.34489369100521,123.13356451506837
25,2025-11-23,23,42.84357067511701,46.54361923142429
25,2025-11-24,0,6.373186184977499,6.870814865265793
25,2025-11-24,1,0.2730310835439127,0.2943497919321755
25,2025-11-24,2,-0.0014631096044581682,0.0
25,2025-11-24,3,0.09313663650493709,0.10040889564898814
25,2025-11-24,4,0.6740292605544482,0.726658554861906
25,2025-11-24,5,-0.7901253854553829,0.0
25,2025-11-24,6,141.89395926359805,152.9732689902877
25,2025-11-24,7,515.138393524785,555.3612320697845
25,2025-11-24,8,909.613454752589,980.6375437911246
25,2025-11-24,9,457.7390574544866,493.4800630466978
25,2025-11-24,10,316.76068404119815,341.49387033005837
25,2025-11-24,11,359.3699250738273,387.43010978509875
25,2025-11-24,12,390.40240591295174,420.8856568956034
25,2025-11-24,13,440.02956359636255,474.3877832787623
25,2025-11-24,14,434.5334497599899,468.46252398896553
25,2025-11-24,15,519.9339467148575,560.5312298054836
25,2025-11-24,16,632.6145515604323,682.010118438148
25,2025-11-24,17,739.8003532804889,797.5651608342923
25,2025-11-24,18,824.4798205333225,888.8565377840167
25,2025-11-24,19,529.7256491286796,571.0874841731544
25,2025-11-24,20,324.58034690497493,349.9241051115947
25,2025-11-24,21,185.11033639932378,199.56405071685757
25,2025-11-24,22,83.02355031143924,89.50616333657184
25,2025-11-24,23,3.170601407183881,3.4181670906870836
25,2025-11-25,0,1.3993443329418938,1.464225406405564
25,2025-11-25,1,0.18927522038268307,0.19805103001681632
25,2025-11-25,2,-0.025266863800197825,0.0
25,2025-11-25,3,-0.018373673206951935,0.0
25,2025-11-25,4,0.044894779174796895,0.04697634080134203
25,2025-11-25,5,0.8763126522710536,0.9169431848931504
25,2025-11-25,6,135.9611915815911,142.26507823161094
25,2025-11-25,7,518.3146014384804,542.3464333054262
25,2025-11-25,8,922.4856060214892,965.2569632667997
25,2025-11-25,9,456.4017006523286,477.56291992615354
25,2025-11-25,10,326.60448230551407,341.74760963392407
25,2025-11-25,11,368.11824422971347,385.1861711758807
25,2025-11-25,12,396.2234220792288,414.59445510574886
25,2025-11-25,13,445.8003075977752,466.4699896956546
25,2025-11-25,14,440.36152124676306,460.7790321752696
25,2025-11-25,15,523.2384250463779,547.4985516608748
25,2025-11-25,16,637.8337960327788,667.4071757962946
25,2025-11-25,17,733.0970613841796,767.087354677948
25,2025-11-25,18,820.9250580008979,858.9875260743194
25,2025-11-25,19,526.0845766982723,550.476666097102
25,2025-11-25,20,325.35534708659213,340.4405578379331
25,2025-11-25,21,184.03570980240534,192.5685877557006
25,2025-11-25,22,82.86248705610501,86.70443430490472
25,2025-11-25,23,1.1449861457325028,1.1980738157843598
25,2025-11-26,0,-0.1635069418506987,0.0
25,2025-11-26,1,-0.16137874867143864,0.0
25,2025-11-26,2,-0.00609117457611319,0.0
25,2025-11-26,3,-0.0626427529442708,0.0
25,2025-11-26,4,-0.11774886551899044,0.0
25,2025-11-26,5,2.4960528269716633,2.737896615997044
25,2025-11-26,6,135.42343332058857,148.5446765423567
25,2025-11-26,7,518.1461127468432,568.34954507063
25,2025-11-26,8,935.5327223840152,1026.1769490981915
25,2025-11-26,9,462.07467634234575,506.8453195481989
25,2025-11-26,10,334.88657451777885,367.3338998307498
25,2025-11-26,11,375.6306034789154,412.0256378458153
25,2025-11-26,12,403.74736700022663,442.8666484470148
25,2025-11-26,13,452.61954038592006,496.4740708073229
25,2025-11-26,14,447.9740875673994,491.3785177748846
25,2025-11-26,15,527.4439559444666,578.5482608797539
25,2025-11-26,16,641.2115118192628,703.3388113336748
25,2025-11-26,17,730.8752858603328,801.6901526481975
25,2025-11-26,18,821.809727668805,901.4352773565787
25,2025-11-26,19,524.1437399123031,574.9282852891403
25,2025-11-26,20,326.3749566919649,357.99758715733986
25,2025-11-26,21,189.4575595002679,207.8141958478393
25,2025-11-26,22,89.01362913168583,97.6382035443296
25,2025-11-26,23,4.728804162101255,5.186980328792836
25,2025-11-27,0,0.0034360199785510304,0.0037302835502303097
25,2025-11-27,1,-0.12196755508836077,0.0
25,2025-11-27,2,-0.004966127607588078,0.0
25,2025-11-27,3,-0.030510753767771348,0.0
25,2025-11-27,4,-0.41130531036094453,0.0
25,2025-11-27,5,3.317943795170379,3.602095225573198
25,2025-11-27,6,138.16213128288695,149.99444962676006
25,2025-11-27,7,522.5593017388878,567.3117093220243
25,2025-11-27,8,932.4922232577692,1012.3516227641414
25,2025-11-27,9,474.9775699530856,515.6550389650324
25,2025-11-27,10,343.6099054650174,373.03693984715
25,2025-11-27,11,385.81576961406574,418.8573488497899
25,2025-11-27,12,414.5471401675439,450.04929756378056
25,2025-11-27,13,464.82386307770486,504.63176029740794
25,2025-11-27,14,462.9072696873936,502.55102827577014
25,2025-11-27,15,545.0664681818926,591.7464079759131
25,2025-11-27,16,655.7949566095377,711.9577750523335
25,2025-11-27,17,738.25191277834,801.4764126384441
25,2025-11-27,18,814.0814851641651,883.8000918538153
25,2025-11-27,19,519.499193306912,563.9895306918132
25,2025-11-27,20,328.5507491331353,356.6881050045611
25,2025-11-27,21,191.26191197756634,207.64173913109195
25,2025-11-27,22,90.45199240387421,98.19837528768252
25,2025-11-27,23,6.948884640124504,7.54399282522086
25,2025-11-28,0,0.7564794831185395,0.8221913182706496
25,2025-11-28,1,-0.07354395445099726,0.0
25,2025-11-28,2,0.005377123841242337,0.005844209444134794
25,2025-11-28,3,-0.04836880085520079,0.0
25,2025-11-28,4,0.07359158673375532,0.0799841437348987
25,2025-11-28,5,5.276370206888032,5.7347038127212
25,2025-11-28,6,148.31987242184533,161.20372614671768
25,2025-11-28,7,494.73053361892676,537.7054615520194
25,2025-11-28,8,891.1133878395324,968.5202407024195
25,2025-11-28,9,441.46522735897133,479.8132472233194
25,2025-11-28,10,345.7197342484137,375.75079086360444
25,2025-11-28,11,388.8444044983691,422.6214995530586
25,2025-11-28,12,422.7280139899131,459.44841975025184
25,2025-11-28,13,478.10534375654277,519.6361191911355
25,2025-11-28,14,498.0156985643007,541.2759934136882
25,2025-11-28,15,588.80770570249,639.9546776387418
25,2025-11-28,16,704.773020959085,765.9933575397944
25,2025-11-28,17,743.0404241655419,807.5848711118565
25,2025-11-28,18,684.0702439058708,743.4922270569492
25,2025-11-28,19,483.35260447971365,525.3391849154145
25,2025-11-28,20,312.77359614427485,339.94277580931623
25,2025-11-28,21,194.42005047245925,211.30841108502227
25,2025-11-28,22,97.9891453273301,106.5010041525042
25,2025-11-28,23,16.019870381117073,17.411441606951865
25,2025-11-29,0,3.8612306932973866,4.273955783432772
25,2025-11-29,1,-0.5105286984554027,0.0
25,2025-11-29,2,-0.019341856496964738,0.0
25,2025-11-29,3,-0.10143502938910842,0.0
25,2025-11-29,4,-0.547932025248997,0.0
25,2025-11-29,5,12.849613966784318,14.223103018306656
25,2025-11-29,6,77.66728718872673,85.96910612981772
25,2025-11-29,7,149.54674471858954,165.53172427460893
25,2025-11-29,8,291.40201843090364,322.54983990950626
25,2025-11-29,9,294.07425229742256,325.5077075676907
25,2025-11-29,10,312.3237442172385,345.7078788941025
25,2025-11-29,11,379.06454845686505,419.5825755720451
25,2025-11-29,12,438.17218422689695,485.00819807703766
25,2025-11-29,13,519.053252872247,574.534605216367
25,2025-11-29,14,555.8580108897407,615.2734061017344
25,2025-11-29,15,585.929574666702,648.55930485534
25,2025-11-29,16,569.1189584333862,629.9518099449302
25,2025-11-29,17,511.4745765647808,566.1458478465247
25,2025-11-29,18,476.1331036961243,527.0267419551758
25,2025-11-29,19,384.2417172933503,425.31312949334114
25,2025-11-29,20,268.5481838950508,297.2531700012105
25,2025-11-29,21,205.24822075926465,227.18710427638857
25,2025-11-29,22,128.59711699935087,142.3428009329319
25,2025-11-29,23,50.0319735528729,55.37986712217078
25,2025-11-30,0,12.932409006229022,14.049275329905072
25,2025-11-30,1,0.716891578985269,0.778803637435473
25,2025-11-30,2,0.46083905675203596,0.5006379544572568
25,2025-11-30,3,0.35679145813389823,0.3876046162990234
25,2025-11-30,4,1.0033614291759818,1.0900135440435497
25,2025-11-30,5,10.766267400436561,11.696061801885445
25,2025-11-30,6,52.557047110257145,57.09596912865517
25,2025-11-30,7,70.13765367936253,76.19486880288693
25,2025-11-30,8,167.058550179076,181.4860299075076
25,2025-11-30,9,191.82690404240304,208.3934237833735
25,2025-11-30,10,212.63684711304612,231.00055132305263
25,2025-11-30,11,292.14142709167163,317.3712911883138
25,2025-11-30,12,352.8451867823524,383.3175377881536
25,2025-11-30,13,433.37089290886246,470.7975901095307
25,2025-11-30,14,473.9135109188885,514.8415422257739
25,2025-11-30,15,508.86709956847506,552.8137862577835
25,2025-11-30,16,476.1815416992599,517.3054442624934
25,2025-11-30,17,430.8859906828548,468.0980872153475
25,2025-11-30,18,394.92396108154435,429.03031143995617
25,2025-11-30,19,309.8777283442105,336.6393316215415
25,2025-11-30,20,219.72291476497395,238.69858464386058
25,2025-11-30,21,177.62583550201026,192.96592517837783
25,2025-11-30,22,103.91714255986199,112.89161567789056
25,2025-11-30,23,33.32257909139457,36.200377526882065
25,2025-12-01,0,5.1004625224077245,5.498714881623027
25,2025-12-01,1,0.03276635671835493,0.035324806821388915
25,2025-12-01,2,0.020774218326607752,0.02239630287738684
25,2025-12-01,3,0.11417886642033181,0.12309413689328502
25,2025-12-01,4,-0.6637821429243331,0.0
25,2025-12-01,5,-5.175602182589614,0.0
25,2025-12-01,6,135.89583168010995,146.5067979084396
25,2025-12-01,7,481.40600033133046,518.9949590836146
25,2025-12-01,8,831.5454624112251,896.473876402143
25,2025-12-01,9,421.8908662735638,454.8327871457751
25,2025-12-01,10,276.30475949738377,297.87908179635536
25,2025-12-01,11,292.7076197584315,315.56270390363613
25,2025-12-01,12,317.0280694262646,341.78213359824906
25,2025-12-01,13,347.874749656768,375.03737248824416
25,2025-12-01,14,346.87689302544766,373.96160159800394
25,2025-12-01,15,427.21685479047943,460.57463745614507
25,2025-12-01,16,533.6680526287647,575.3377169118605
25,2025-12-01,17,643.9180283014201,694.1961889164011
25,2025-12-01,18,738.2883432794679,795.935090648059
25,2025-12-01,19,468.3709507527514,504.94211176133075
25,2025-12-01,20,283.74380607565865,305.89898115750924
25,2025-12-01,21,158.17610607028666,170.5267521415462
25,2025-12-01,22,73.9263632374001,79.69865318917567
25,2025-12-01,23,-6.04448534256403,0.0
25,2025-12-02,0,0.25601089262266896,0.26788092428016014
25,2025-12-02,1,-0.023549167205430876,0.0
25,2025-12-02,2,0.009578724181324105,0.01002284496894338
25,2025-12-02,3,0.053776264412931596,0.0562696191075849
25,2025-12-02,4,-0.6589244386863697,0.0
25,2025-12-02,5,-2.5480410514802543,0.0
25,2025-12-02,6,137.57877279284503,143.95765914303175
25,2025-12-02,7,491.5577788298753,514.3490215634278
25,2025-12-02,8,853.4786003278214,893.0504244056905
25,2025-12-02,9,432.85389211783496,452.9233092815796
25,2025-12-02,10,298.6737474786801,312.5218568365065
25,2025-12-02,11,319.26154711442564,334.0642167682257
25,2025-12-02,12,339.90478772516366,355.66458821450135
25,2025-12-02,13,371.6049270342816,388.83451520839844
25,2025-12-02,14,365.92981022203844,382.8962696849852
25,2025-12-02,15,446.1924054263182,466.8802672726839
25,2025-12-02,16,553.8409495382413,579.5199725551385
25,2025-12-02,17,655.8584308609293,686.2675289168703
25,2025-12-02,18,747.6306028032877,782.294748662363
25,2025-12-02,19,477.0671547817355,499.1865348284071
25,2025-12-02,20,296.55102875358466,310.3007175395021
25,2025-12-02,21,169.08530841946725,176.92500595418855
25,2025-12-02,22,83.78107885548388,87.66561692386645
25,2025-12-02,23,-3.9334054164571626,0.0
25,2025-12-03,0,-0.5629789405784322,0.0
25,2025-12-03,1,-0.11724597044485563,0.0
25,2025-12-03,2,-0.026183111120701597,0.0
25,2025-12-03,3,0.012125888612501967,0.013300771938551255
25,2025-12-03,4,-0.6553922863132016,0.0
25,2025-12-03,5,-1.8688145742991082,0.0
25,2025-12-03,6,137.64961988472612,150.98655942026244
25,2025-12-03,7,499.4761550424162,547.870645959438
25,2025-12-03,8,884.7369564449286,970.45955635361
25,2025-12-03,9,456.40295773657135,500.62406533040365
25,2025-12-03,10,325.67549001930036,357.23034881390527
25,2025-12-03,11,349.2517093491578,383.09087965833265
25,2025-12-03,12,374.93916909649573,411.26721004518754
25,2025-12-03,13,411.61029072470967,451.4914147277925
25,2025-12-03,14,403.9332785445664,443.070573052545
25,2025-12-03,15,482.31958485637085,529.0517672294235
25,2025-12-03,16,589.0015088587878,646.0701554454463
25,2025-12-03,17,680.4570109439687,746.3868262176431
25,2025-12-03,18,769.8415100860195,844.4318335504906
25,2025-12-03,19,487.55733296267493,534.7970033320959
25,2025-12-03,20,303.4579918806538,332.86018632679077
25,2025-12-03,21,178.63594489171982,195.9440696645266
25,2025-12-03,22,93.70396237258996,102.78298548540333
25,2025-12-03,23,2.2442331565258087,2.4616780135279295
25,2025-12-04,0,-0.2836066043107621,0.0
25,2025-12-04,1,-0.04908850314274105,0.0
25,2025-12-04,2,-0.01669677702000172,0.0
25,2025-12-04,3,0.05199387708307768,0.056446675399568214
25,2025-12-04,4,-0.6832685631997037,0.0
25,2025-12-04,5,-0.8559737746696783,0.0
25,2025-12-04,6,139.64958183438142,151.6092866645705
25,2025-12-04,7,504.42971254869843,547.6294872305463
25,2025-12-04,8,880.6167821169163,956.0335262581171
25,2025-12-04,9,468.3549881748626,508.4652938466767
25,2025-12-04,10,333.3146875559701,361.8600310247657
25,2025-12-04,11,357.51233819653396,388.12998833065416
25,2025-12-04,12,383.814404976039,416.6845857011914
25,2025-12-04,13,421.89007612872047,458.0210885886751
25,2025-12-04,14,416.55985772357906,452.2343859036056
25,2025-12-04,15,498.33726128334393,541.0152734373787
25,2025-12-04,16,604.0296969829999,655.7592960959612
25,2025-12-04,17,688.5556534717382,747.524124887902
25,2025-12-04,18,761.7276171002444,826.9625955502789
25,2025-12-04,19,483.7229463407363,525.1493765658234
25,2025-12-04,20,306.3516194887452,332.5878236735955
25,2025-12-04,21,181.72136819698767,197.28413534906954
25,2025-12-04,22,95.55054357892493,103.73357057089488
25,2025-12-04,23,3.263054688661839,3.542505370923404
25,2025-12-05,0,0.011283995721043993,0.012264183661662825
25,2025-12-05,1,-0.07451078111859033,0.0
25,2025-12-05,2,-0.049753819113902864,0.0
25,2025-12-05,3,-0.03262422351326677,0.0
25,2025-12-05,4,-0.5382828758569076,0.0
25,2025-12-05,5,0.07308820768520263,0.07943703850236392
25,2025-12-05,6,143.4785786446568,155.94189181858377
25,2025-12-05,7,473.1821123358599,514.2852296795843
25,2025-12-05,8,839.8186352420169,912.7697528178599
25,2025-12-05,9,433.37579997758843,471.0211291141338
25,2025-12-05,10,332.3136106850555,361.180140037732
25,2025-12-05,11,360.75608893744834,392.0932833695449
25,2025-12-05,12,390.0878559252965,423.972963790656
25,2025-12-05,13,433.2817503378743,470.9189098220247
25,2025-12-05,14,450.92482285937945,490.09455354867407
25,2025-12-05,15,539.9007980344009,586.799455606281
25,2025-12-05,16,642.8742290865189,698.7177070763291
25,2025-12-05,17,688.0978937004743,747.8697399545972
25,2025-12-05,18,632.9576402808657,687.9397105743535
25,2025-12-05,19,447.660364017231,486.5465264325894
25,2025-12-05,20,291.4998501695592,316.8210790047969
25,2025-12-05,21,184.78054735000893,200.8315694038057
25,2025-12-05,22,101.90006078849876,110.75164255106002
25,2025-12-05,23,9.811734778279003,10.664034295575316
25,2025-12-06,0,3.8495717239548526,4.261050592469465
25,2025-12-06,1,-0.25486542278110846,0.0
25,2025-12-06,2,-0.12085032029210652,0.0
25,2025-12-06,3,-0.14600114563370425,0.0
25,2025-12-06,4,-2.5438054258312945,0.0
25,2025-12-06,5,0.09262619824966123,0.10252696799332107
25,2025-12-06,6,54.147766266180724,59.93559493739501
25,2025-12-06,7,117.3137661769174,129.8533781725275
25,2025-12-06,8,250.288111239876,277.0412869697306
25,2025-12-06,9,264.87373836951105,293.18596476220466
25,2025-12-06,10,279.671548565728,309.5655057671096
25,2025-12-06,11,338.8727536213856,375.09469913362716
25,2025-12-06,12,398.9111584464265,441.5505801498766
25,2025-12-06,13,463.587423342473,513.1400598676062
25,2025-12-06,14,488.368565486687,540.5700463667774
25,2025-12-06,15,518.3128863319207,573.7151012529337
25,2025-12-06,16,493.95078814656597,546.74895011967
25,2025-12-06,17,439.61594022609665,486.6062764600145
25,2025-12-06,18,402.2599261458092,445.25729601665824
25,2025-12-06,19,328.9253231600629,364.0839926186639
25,2025-12-06,20,236.3103493685985,261.5694488604733
25,2025-12-06,21,196.3829922983993,217.37427581277467
25,2025-12-06,22,121.51500211187505,134.5036821942341
25,2025-12-06,23,41.37523699380802,45.79781615937955
25,2025-12-07,0,12.544095584623108,13.627426456132884
25,2025-12-07,1,0.24335240521662627,0.2643687607959392
25,2025-12-07,2,-0.06074059646527985,0.0
25,2025-12-07,3,-0.019954932017185456,0.0
25,2025-12-07,4,-0.40677884812396314,0.0
25,2025-12-07,5,-1.842571120081118,0.0
25,2025-12-07,6,35.165524375331415,38.20248291184999
25,2025-12-07,7,50.61287266734479,54.98389225073673
25,2025-12-07,8,137.92208053182446,149.833281837253
25,2025-12-07,9,181.45175398186882,197.1222569250319
25,2025-12-07,10,201.78825670642664,219.21505695069308
25,2025-12-07,11,270.058300981404,293.3810262099382
25,2025-12-07,12,331.2178224030134,359.82239495133456
25,2025-12-07,13,402.32070568965133,437.0658523429876
25,2025-12-07,14,428.89132355743254,465.931157015176
25,2025-12-07,15,462.7976820884021,502.7657302340267
25,2025-12-07,16,421.84332687825395,458.2744825454509
25,2025-12-07,17,374.99408833716615,407.37925869789746
25,2025-12-07,18,336.1520377378103,365.1827380816989
25,2025-12-07,19,262.49888497694553,285.16876531339733
25,2025-12-07,20,187.3762863358316,203.55844265049595
25,2025-12-07,21,166.17437066969018,180.5254910502507
25,2025-12-07,22,96.59965915481666,104.94218111933493
25,2025-12-07,23,23.490076570043357,25.518722234514435
25,2025-12-08,0,5.499002067124536,5.928373038274887
25,2025-12-08,1,-0.0035018506624169277,0.0
25,2025-12-08,2,-0.03568022688551764,0.0
25,2025-12-08,3,0.05594521642717609,0.06031350936748299
25,2025-12-08,4,-0.3142597005533503,0.0
25,2025-12-08,5,-5.702088097171554,0.0
25,2025-12-08,6,136.74158513377284,147.41858915901915
25,2025-12-08,7,495.4761122040329,534.1636880372405
25,2025-12-08,8,857.3005526726649,924.2399657471678
25,2025-12-08,9,446.86635400160907,481.75840133128355
25,2025-12-08,10,300.29867137164655,323.7464770985913
25,2025-12-08,11,321.97257643159116,347.1127157038978
25,2025-12-08,12,348.5444029002214,375.7593133395155
25,2025-12-08,13,384.0925922992209,414.083162834396
25,2025-12-08,14,378.8988702878512,408.4839066121485
25,2025-12-08,15,460.7481012908761,496.72405789028704
25,2025-12-08,16,566.7746489010204,611.0293297415539
25,2025-12-08,17,669.9602105538556,722.2717868591947
25,2025-12-08,18,748.8864429296709,807.3607070519583
25,2025-12-08,19,479.8382068924798,517.3047497985457
25,2025-12-08,20,290.0236992346919,312.66921852654644
25,2025-12-08,21,160.36672735445734,172.88842067696822
25,2025-12-08,22,76.18361685327011,82.13215681647468
25,2025-12-08,23,-4.753935018168079,0.0
25,2025-12-09,0,1.027714934598805,1.0753652852678457
25,2025-12-09,1,-0.08878024224088676,0.0
25,2025-12-09,2,-0.05245635425973205,0.0
25,2025-12-09,3,0.07246661646155417,0.07582655565280463
25,2025-12-09,4,-0.36043411193804786,0.0
25,2025-12-09,5,-1.9659269310101877,0.0
25,2025-12-09,6,141.46016526427871,148.0190136896689
25,2025-12-09,7,512.5965265510351,536.3632379411193
25,2025-12-09,8,886.8344641250702,927.9528441138235
25,2025-12-09,9,465.4301533816899,487.00997992108006
25,2025-12-09,10,331.00557249959036,346.35275786395334
25,2025-12-09,11,354.12302849136097,370.54206252455157
25,2025-12-09,12,377.05895430879445,394.54142030285897
25,2025-12-09,13,413.78941815674716,432.97490453483937
25,2025-12-09,14,406.4838792934655,425.3306418903396
25,2025-12-09,15,486.9620736827007,509.5402349921519
25,2025-12-09,16,593.7292060613083,621.2576615880511
25,2025-12-09,17,689.6020000286251,721.5756300861307
25,2025-12-09,18,773.1740713504939,809.0225487713686
25,2025-12-09,19,495.39974518106317,518.369121984414
25,2025-12-09,20,309.619136119567,323.9747321250899
25,2025-12-09,21,178.2101917743716,186.4729676132386
25,2025-12-09,22,89.6080139923863,93.76271987992929
25,2025-12-09,23,-0.4921107579577324,0.0
25,2025-12-10,0,-0.2789991293297476,0.0
25,2025-12-10,1,-0.10447966732391478,0.0
25,2025-12-10,2,-0.008158825781492851,0.0
25,2025-12-10,3,0.06122634160601592,0.06715859203042944
25,2025-12-10,4,-0.38887999911997895,0.0
25,2025-12-10,5,-2.0476276212284574,0.0
25,2025-12-10,6,141.96194133234394,155.71670381902854
25,2025-12-10,7,515.1401506009137,565.0523337703626
25,2025-12-10,8,899.4975860027939,986.6503505867179
25,2025-12-10,9,469.75937310997574,515.2745903744035
25,2025-12-10,10,339.40164214320305,372.2864345844491
25,2025-12-10,11,365.07937415055756,400.4520947057976
25,2025-12-10,12,389.7079223215351,427.46691505158714
25,2025-12-10,13,429.6488604523927,471.277750369883
25,2025-12-10,14,420.3037860693552,461.02722712250403
25,2025-12-10,15,499.4054992911526,547.7931443375992
25,2025-12-10,16,605.2153060652562,663.8549154570806
25,2025-12-10,17,698.2885896625604,765.9461153897194
25,2025-12-10,18,778.3109241797208,853.721853351376
25,2025-12-10,19,498.03321303471137,546.287896589198
25,2025-12-10,20,313.6858286330388,344.07900322470846
25,2025-12-10,21,186.19148303177218,204.23166762004888
25,2025-12-10,22,97.99843080930623,107.49354708623962
25,2025-12-10,23,3.09959487653515,3.399916152304939
25,2025-12-11,0,-0.17133809572908376,0.0
25,2025-12-11,1,-0.036512334598228335,0.0
25,2025-12-11,2,-0.02179941015975828,0.0
25,2025-12-11,3,0.05073658084683075,0.05508170328150265
25,2025-12-11,4,-0.45719498773559053,0.0
25,2025-12-11,5,-0.8031427457925133,0.0
25,2025-12-11,6,142.07631720076432,154.2438496398992
25,2025-12-11,7,516.1949701395652,560.4023311398939
25,2025-12-11,8,893.0642131952663,969.5469655524298
25,2025-12-11,9,478.50203697381585,519.4813442347427
25,2025-12-11,10,344.290789582554,373.7761354394675
25,2025-12-11,11,370.8880660193727,402.6512244647158
25,2025-12-11,12,395.889787845617,429.7941142727089
25,2025-12-11,13,437.30287882100447,474.753856356288
25,2025-12-11,14,430.3115961562793,467.163834504834
25,2025-12-11,15,513.5881630675375,557.5722749702237
25,2025-12-11,16,618.5569803115687,671.5307078946049
25,2025-12-11,17,704.5327838266144,764.8695498024023
25,2025-12-11,18,771.454719890192,837.5227354083836
25,2025-12-11,19,491.44247911731514,533.5300164665492
25,2025-12-11,20,313.004986909658,339.8109909423537
25,2025-12-11,21,185.70243700556819,201.6061461585775
25,2025-12-11,22,97.73862373059836,106.10903970300826
25,2025-12-11,23,4.103491029644772,4.4549173700836775
25,2025-12-12,0,-0.2860836169654135,0.0
25,2025-12-12,1,-0.06137595275191643,0.0
25,2025-12-12,2,-0.03772573607795948,0.0
25,2025-12-12,3,-0.0794722576756044,0.0
25,2025-12-12,4,-0.33531800009080825,0.0
25,2025-12-12,5,-1.0409626411313297,0.0
25,2025-12-12,6,144.04627003156475,156.55889590156113
25,2025-12-12,7,477.17483676061124,518.6247834038236
25,2025-12-12,8,844.1034570806802,917.4267770924143
25,2025-12-12,9,435.00614796101956,472.79309780284325
25,2025-12-12,10,335.1116117407962,364.22119036081347
25,2025-12-12,11,365.3262181445075,397.06039832939683
25,2025-12-12,12,393.87813202127717,428.0924834465193
25,2025-12-12,13,440.3065230248148,478.55389166213655
25,2025-12-12,14,459.242577269359,499.1348323876984
25,2025-12-12,15,550.4664422982897,598.2828879789529
25,2025-12-12,16,655.6074909962965,712.5570479032964
25,2025-12-12,17,694.3492200191482,754.6640897573203
25,2025-12-12,18,632.0823294060415,686.9883655370743
25,2025-12-12,19,448.2586076472351,487.19673668914834
25,2025-12-12,20,291.1667640741979,316.4590592779515
25,2025-12-12,21,185.3387314240985,201.43824031815947
25,2025-12-12,22,101.4946249227275,110.3109883675804
25,2025-12-12,23,9.141169738139183,9.93522040618081
25,2025-12-13,0,3.998024484592861,4.425371397231727
25,2025-12-13,1,-0.2471484591531521,0.0
25,2025-12-13,2,-0.08393726824954229,0.0
25,2025-12-13,3,-0.09372459947775269,0.0
25,2025-12-13,4,-2.4614308399472975,0.0
25,2025-12-13,5,1.4690621003794035,1.6260894411301288
25,2025-12-13,6,57.20373823275207,63.31821827642742
25,2025-12-13,7,121.34517914480568,134.31570693196196
25,2025-12-13,8,256.14079776950473,283.51956434521793
25,2025-12-13,9,268.60405798740794,297.31501644840375
25,2025-12-13,10,285.43644619071335,315.94661052419497
25,2025-12-13,11,344.1776782955392,380.96666465258244
25,2025-12-13,12,403.552387761666,446.6879082324849
25,2025-12-13,13,473.08547806326493,523.6533570854482
25,2025-12-13,14,497.6093730963589,550.7985994536223
25,2025-12-13,15,528.306201707784,584.7765972988652
25,2025-12-13,16,502.32190589361153,556.0148526131128
25,2025-12-13,17,450.2812573804641,498.4116042310747
25,2025-12-13,18,411.25676063256094,455.2157978109147
25,2025-12-13,19,333.3060195704851,368.93293955967107
25,2025-12-13,20,238.86757435547827,264.4000143952355
25,2025-12-13,21,198.77596243962802,220.02302938050113
25,2025-12-13,22,123.21683329745468,136.38742129603403
25,2025-12-13,23,42.249194751684286,46.7651908413003
25,2025-12-14,0,12.912755397675369,14.027924400030873
25,2025-12-14,1,0.5337767826428035,0.57987471479193
25,2025-12-14,2,0.1984886093856062,0.2156304460959435
25,2025-12-14,3,0.22785824629568197,0.24753649817721107
25,2025-12-14,4,-0.3788210521586848,0.0
25,2025-12-14,5,0.17125052657053175,0.18604003299167055
25,2025-12-14,6,37.73907880069305,40.998294170292716
25,2025-12-14,7,59.615573933188045,64.76408314446704
25,2025-12-14,8,148.34790662204853,161.15950119922294
25,2025-12-14,9,190.5217840883268,206.97559130030413
25,2025-12-14,10,210.2012046236804,228.35456232581072
25,2025-12-14,11,275.68211037208266,299.49051799097407
25,2025-12-14,12,336.0746901973119,365.09871066716
25,2025-12-14,13,409.2761792190118,444.6220131956783
25,2025-12-14,14,437.38040946178216,475.1533757922019
25,2025-12-14,15,473.04015358912693,513.8927601712239
25,2025-12-14,16,431.4375309926961,468.69725954780074
25,2025-12-14,17,384.03843265667496,417.20468901502085
25,2025-12-14,18,350.44218873408374,380.70701246521566
25,2025-12-14,19,272.3651925504229,295.8871451235739
25,2025-12-14,20,195.48072374592147,212.36279399087599
25,2025-12-14,21,173.7862157633685,188.7947089073541
25,2025-12-14,22,100.03966863932544,108.67927606909025
25,2025-12-14,23,27.0429943068375,29.37847639823456
25,2025-12-15,0,5.825329720610682,6.280180882490226
25,2025-12-15,1,-0.010902223932873767,0.0
25,2025-12-15,2,-0.039846200362717354,0.0
25,2025-12-15,3,0.04193035290552416,0.04520434264547275
25,2025-12-15,4,-0.35141719163345897,0.0
25,2025-12-15,5,-5.810739315287492,0.0
25,2025-12-15,6,137.4946112212986,148.23041274080947
25,2025-12-15,7,503.3067993205177,542.6058078629583
25,2025-12-15,8,872.6471518397733,940.7848521867306
25,2025-12-15,9,457.3399674499561,493.0498114494401
25,2025-12-15,10,305.70639494461693,329.57644447032663
25,2025-12-15,11,324.962616183426,350.33622259328814
25,2025-12-15,12,350.64630102985046,378.0253310730584
25,2025-12-15,13,386.67400687748466,416.8661384360748
25,2025-12-15,14,383.0302696842757,412.9378923523131
25,2025-12-15,15,464.7115642519636,500.99699444675554
25,2025-12-15,16,573.0097101624243,617.7512346659191
25,2025-12-15,17,676.2036346343596,729.0027075850948
25,2025-12-15,18,763.9679142901582,823.6197640771505
25,2025-12-15,19,485.50044792161896,523.4091077608833
25,2025-12-15,20,294.7606327871621,317.77601950857417
25,2025-12-15,21,164.26700427159415,177.09323752102708
25,2025-12-15,22,78.578909929892,84.71447824877723
25,2025-12-15,23,-2.310358218364513,0.0
25,2025-12-16,0,0.9645357898043017,1.0092568180483419
25,2025-12-16,1,-0.07662365686252315,0.0
25,2025-12-16,2,-0.06125847910777793,0.0
25,2025-12-16,3,-0.008405207408202386,0.0
25,2025-12-16,4,-0.4886805420194378,0.0
25,2025-12-16,5,-1.2945514715165132,0.0
25,2025-12-16,6,142.8271870594084,149.44941791286027
25,2025-12-16,7,521.5406596160476,545.72206876193
25,2025-12-16,8,904.6099020720472,946.5524462555146
25,2025-12-16,9,479.601253579702,501.83812797455124
25,2025-12-16,10,341.20807132746006,357.028299001983
25,2025-12-16,11,363.42252029298436,380.2727284100314
25,2025-12-16,12,384.9937249410974,402.8440892602507
25,2025-12-16,13,421.80728654728375,441.36452410614135
25,2025-12-16,14,415.6789167469786,434.95201036651696
25,2025-12-16,15,496.891716880265,519.9302694562566
25,2025-12-16,16,603.9003006600672,631.9003424292614
25,2025-12-16,17,698.3877202451597,730.768703193145
25,2025-12-16,18,783.2733302442439,819.5900632208019
25,2025-12-16,19,498.97178161279146,522.1067770938945
25,2025-12-16,20,312.2898850439177,326.76931122696345
25,2025-12-16,21,179.0446976239433,187.34616560887997
25,2025-12-16,22,91.50160842169288,95.74411145564653
25,2025-12-16,23,3.424336353357319,3.5831068670016673
25,2025-12-17,0,-0.38878138455379485,0.0
25,2025-12-17,1,-0.1220987997062366,0.0
25,2025-12-17,2,-0.023574894350872455,0.0
25,2025-12-17,3,0.05929494263972401,0.0650400588660627
25,2025-12-17,4,-0.6276099029961983,0.0
25,2025-12-17,5,-1.623239928713815,0.0
25,2025-12-17,6,141.18580565968256,154.86536797838758
25,2025-12-17,7,514.5152984338913,564.3669393688087
25,2025-12-17,8,907.5336712513156,995.4650560969715
25,2025-12-17,9,474.97742693687275,520.9982240092271
25,2025-12-17,10,340.73826731246334,373.75256602535063
25,2025-12-17,11,365.29714503533154,400.69096551896416
25,2025-12-17,12,388.2308479792193,425.8467262480076
25,2025-12-17,13,428.17178611007694,469.6575615663035
25,2025-12-17,14,420.784329343521,461.5543304714243
25,2025-12-17,15,501.0845078647324,549.6348328796689
25,2025-12-17,16,602.7913925277385,661.1961477418591
25,2025-12-17,17,694.2866191776752,761.5563920114763
25,2025-12-17,18,777.1129416755782,852.4077977317698
25,2025-12-17,19,496.3601147478058,544.4526909843925
25,2025-12-17,20,310.1265848690091,340.17490257758055
25,2025-12-17,21,182.95635477377755,200.6830861901333
25,2025-12-17,22,96.51909639639678,105.87087923271235
25,2025-12-17,23,3.9235545377846393,4.303709671366809
25,2025-12-18,0,-0.2438357186318285,0.0
25,2025-12-18,1,-0.03953634611156076,0.0
25,2025-12-18,2,-0.03285822922771331,0.0
25,2025-12-18,3,-0.036689020440917375,0.0
25,2025-12-18,4,-0.8545075325559992,0.0
25,2025-12-18,5,-0.39300143358315154,0.0
25,2025-12-18,6,142.6697676213396,154.88812364167106
25,2025-12-18,7,513.5433578169461,557.5236325611899
25,2025-12-18,8,899.18967085844,976.1970124384216
25,2025-12-18,9,483.38165418933045,524.7788558743957
25,2025-12-18,10,344.82089723671174,374.35164194830617
25,2025-12-18,11,370.8941006276724,402.6577758818243
25,2025-12-18,12,394.6819373579205,428.4828224776909
25,2025-12-18,13,436.095028333308,473.44256456127
25,2025-12-18,14,428.1893856281509,464.8598761249001
25,2025-12-18,15,507.91201067146204,551.4100122232504
25,2025-12-18,16,613.5382809990941,666.0822030530321
25,2025-12-18,17,700.3369010763398,760.3143282088873
25,2025-12-18,18,773.0063813885025,839.2072824712079
25,2025-12-18,19,489.1281626203948,531.0175000049513
25,2025-12-18,20,309.7088929217403,336.23261675946344
25,2025-12-18,21,183.61869867285117,199.34395476445283
25,2025-12-18,22,96.66646204032446,104.94505720541451
25,2025-12-18,23,3.5273293302661273,3.829412709784456
25,2025-12-19,0,-0.014255215250500441,0.0
25,2025-12-19,1,-0.0484324254347257,0.0
25,2025-12-19,2,-0.015057179400685072,0.0
25,2025-12-19,3,-0.07194532240760054,0.0
25,2025-12-19,4,-0.5785630477013797,0.0
25,2025-12-19,5,-0.031157661397116954,0.0
25,2025-12-19,6,146.84382587350433,159.5994623372005
25,2025-12-19,7,479.9837912374244,521.6777386204443
25,2025-12-19,8,850.8519211942867,924.7614487255363
25,2025-12-19,9,441.6817811423339,480.0486120211661
25,2025-12-19,10,340.24495975317103,369.8004483098028
25,2025-12-19,11,373.24636784904226,405.66853440154455
25,2025-12-19,12,400.35002781094494,435.1265625587262
25,2025-12-19,13,446.4271805773907,485.20622211410074
25,2025-12-19,14,463.96658471521874,504.2691922693704
25,2025-12-19,15,555.6783126614633,603.9474891481586
25,2025-12-19,16,661.7789112163019,719.2645505382269
25,2025-12-19,17,698.4762418831333,759.1496067113208
25,2025-12-19,18,637.9055146612377,693.3173836642635
25,2025-12-19,19,452.292153338642,491.58065763258395
25,2025-12-19,20,293.86673189658245,319.3935606791307
25,2025-12-19,21,187.57906185491328,203.8731777769786
25,2025-12-19,22,103.54234694909229,112.5365864305551
25,2025-12-19,23,10.800027978099592,11.738175904080885
25,2025-12-20,0,4.571615925995445,5.060273751697525
25,2025-12-20,1,-0.2202289428313975,0.0
25,2025-12-20,2,-0.05040903588457013,0.0
25,2025-12-20,3,-0.06956333127271819,0.0
25,2025-12-20,4,-2.3924290066116214,0.0
25,2025-12-20,5,0.8954864988107261,0.9912046196104595
25,2025-12-20,6,56.418077467653745,62.44857861033933
25,2025-12-20,7,126.03425988220738,139.5060012522132
25,2025-12-20,8,264.6286358555951,292.9146633585607
25,2025-12-20,9,277.80849655768895,307.503313026744
25,2025-12-20,10,295.1515978122892,326.70021002604227
25,2025-12-20,11,355.0592591203254,393.0113724136901
25,2025-12-20,12,413.80423706251077,458.03557277018933
25,2025-12-20,13,482.9860891270178,534.6122396999726
25,2025-12-20,14,506.57546255659,560.7230699002729
25,2025-12-20,15,535.881323029544,593.1614196922906
25,2025-12-20,16,509.40646274807784,563.8566743394772
25,2025-12-20,17,457.79090222712955,506.7239514005008
25,2025-12-20,18,422.26062675812756,467.39586188973897
25,2025-12-20,19,339.9842840359706,376.3250404991725
25,2025-12-20,20,245.96861770050745,272.260084845203
25,2025-12-20,21,203.4955305096125,225.24706980963933
25,2025-12-20,22,128.9711622194847,142.7568276665926
25,2025-12-20,23,47.2961753090936,52.351640721038414
25,2025-12-21,0,13.500028263068884,14.665915216414868
25,2025-12-21,1,0.3470072681070633,0.3769754458559214
25,2025-12-21,2,0.0007531668702540628,0.0008182117287247534
25,2025-12-21,3,0.04285980969916636,0.046561260687076396
25,2025-12-21,4,-0.531170261827981,0.0
25,2025-12-21,5,-0.5606818618181251,0.0
25,2025-12-21,6,34.920201061308376,37.93597303098446
25,2025-12-21,7,54.25031002271561,58.9354653007595
25,2025-12-21,8,144.14718921207805,156.5960022063149
25,2025-12-21,9,187.92908659665937,204.1589837455906
25,2025-12-21,10,211.35170508800445,229.604422099244
25,2025-12-21,11,276.74461007273317,300.6447770949964
25,2025-12-21,12,337.59500452902796,366.7503221050593
25,2025-12-21,13,410.17512844360084,445.5985973075613
25,2025-12-21,14,439.8549501162136,477.8416222706736
25,2025-12-21,15,473.99847915608103,514.9338484742107
25,2025-12-21,16,431.8640981067421,469.16066577235097
25,2025-12-21,17,385.40013293298506,418.68398819968735
25,2025-12-21,18,347.76540326051827,377.7990549378054
25,2025-12-21,19,268.0182110707768,291.16475043035547
25,2025-12-21,20,193.31179318217568,210.00655064543014
25,2025-12-21,21,172.3737529990051,187.2602632939945
25,2025-12-21,22,103.07557849454008,111.97737261182554
25,2025-12-21,23,27.960849326697655,30.375599044196324
25,2025-12-22,0,5.969218572416025,6.435304808456884
25,2025-12-22,1,0.05019354517605734,0.05411273832685974
25,2025-12-22,2,-0.032241893961895585,0.0
25,2025-12-22,3,0.10467512598779649,0.1128483290439225
25,2025-12-22,4,-0.4849716899249188,0.0
25,2025-12-22,5,-6.097549706787618,0.0
25,2025-12-22,6,135.91907114237353,146.5318519454859
25,2025-12-22,7,497.8580225125593,536.7315817532799
25,2025-12-22,8,861.9606425734995,929.2639230010138
25,2025-12-22,9,448.94010242228677,483.9940713810931
25,2025-12-22,10,304.38551690456643,328.15243013756253
25,2025-12-22,11,329.1701294089526,354.8722652533776
25,2025-12-22,12,356.03531023293186,383.8351228266499
25,2025-12-22,13,391.44165097343887,422.0060478904687
25,2025-12-22,14,387.3989574014484,417.64769426891286
25,2025-12-22,15,468.5662881358667,505.15270140310434
25,2025-12-22,16,576.8851244804919,621.9292475989803
25,2025-12-22,17,680.2236961019723,733.3366619509758
25,2025-12-22,18,767.3425059631977,827.2578493234242
25,2025-12-22,19,486.93234178353754,524.9528062103565
25,2025-12-22,20,296.16381373498916,319.28876309320583
25,2025-12-22,21,169.44184087991044,182.6721337374204
25,2025-12-22,22,83.65533826662062,90.18728231664937
25,2025-12-22,23,-0.9152059834384545,0.0
25,2025-12-23,0,1.5579050828995946,1.630137879183932
25,2025-12-23,1,0.0038648362337880826,0.004044030673431317
25,2025-12-23,2,-0.034780515789691435,0.0
25,2025-12-23,3,0.06567584010593919,0.06872092265380887
25,2025-12-23,4,-0.5844242510181061,0.0
25,2025-12-23,5,-2.392806630991686,0.0
25,2025-12-23,6,140.49374391160325,147.00778388398888
25,2025-12-23,7,510.06039341077076,533.7095161297084
25,2025-12-23,8,887.2090270663804,928.3447737926405
25,2025-12-23,9,465.80938938772056,487.40679933284446
25,2025-12-23,10,334.0568257474,349.54548350098634
25,2025-12-23,11,360.2849891836122,376.98972460919254
25,2025-12-23,12,382.8641012019719,400.6157247959045
25,2025-12-23,13,420.1496537544262,439.63003460798444
25,2025-12-23,14,413.82409315887344,433.0111872551715
25,2025-12-23,15,494.3599908090497,517.2811590491423
25,2025-12-23,16,601.4773914565797,629.3650942207652
25,2025-12-23,17,698.0051338024708,730.3683780005931
25,2025-12-23,18,786.1711475505804,822.6222388070204
25,2025-12-23,19,501.0007774253329,524.2298479837933
25,2025-12-23,20,314.06210540682395,328.6237011866249
25,2025-12-23,21,183.7433701860574,192.26269371412786
25,2025-12-23,22,95.98149393984369,100.4317083816114
25,2025-12-23,23,4.378881130534239,4.58190943574171
25,2025-12-24,0,0.15832974903594277,0.1736703964807914
25,2025-12-24,1,-0.14316471393766506,0.0
25,2025-12-24,2,-0.042971779937033716,0.0
25,2025-12-24,3,0.03216218972943352,0.035278400149128974
25,2025-12-24,4,-0.6443552186798343,0.0
25,2025-12-24,5,-1.352811728102779,0.0
25,2025-12-24,6,137.74103829806683,151.08683540874344
25,2025-12-24,7,507.47357620189905,556.6429411980033
25,2025-12-24,8,901.5561073394692,988.9083230706091
25,2025-12-24,9,474.1371069278124,520.0764849801889
25,2025-12-24,10,345.7414149769155,379.24047113369573
25,2025-12-24,11,371.5459788349955,407.54525190631796
25,2025-12-24,12,395.90195283643175,434.2610882368931
25,2025-12-24,13,435.130169866868,477.2901465559574
25,2025-12-24,14,425.49356273400826,466.7198438068925
25,2025-12-24,15,502.7110759460401,551.4189999443156
25,2025-12-24,16,608.8525619790622,667.8445868896387
25,2025-12-24,17,703.1559447051995,771.2850708621746
25,2025-12-24,18,789.1659082265344,865.6285821542797
25,2025-12-24,19,499.40151905295903,547.7887784521647
25,2025-12-24,20,314.4930427147278,344.96442867675023
25,2025-12-24,21,188.92410648309402,207.22905630482498
25,2025-12-24,22,101.09749851251172,110.89288498713108
25,2025-12-24,23,5.045555342783302,5.534421687537881
25,2025-12-25,0,0.444441261102952,0.482503575556941
25,2025-12-25,1,-0.38092901656517597,0.0
25,2025-12-25,2,-0.3900013010894554,0.0
25,2025-12-25,3,0.0999220908917664,0.10847950078432245
25,2025-12-25,4,0.4004372315483238,0.43473100478722765
25,2025-12-25,5,9.341180887388646,10.141167286997522
25,2025-12-25,6,146.56673933597187,159.11883521306763
25,2025-12-25,7,493.13201024769245,535.3642404299111
25,2025-12-25,8,877.9107087362192,953.0957025316128
25,2025-12-25,9,495.4216465629396,537.8499630788167
25,2025-12-25,10,387.0289336085957,420.1744092047286
25,2025-12-25,11,415.72276087019014,451.32559938849835
25,2025-12-25,12,442.41974725938286,480.3089376082965
25,2025-12-25,13,477.55134878229546,518.4492383260563
25,2025-12-25,14,470.4866693278608,510.77953392356886
25,2025-12-25,15,548.3392984519428,595.29952611704
25,2025-12-25,16,631.4528699562136,685.5310121149809
25,2025-12-25,17,712.8342544451496,773.8819651795972
25,2025-12-25,18,775.3677821509451,841.77091553348
25,2025-12-25,19,505.39608847317527,548.6786243825179
25,2025-12-25,20,321.5615299418232,349.1003233440773
25,2025-12-25,21,195.9573263857289,212.73927268375462
25,2025-12-25,22,104.30527430397757,113.23806362222209
25,2025-12-25,23,6.75148049756757,7.3296828298412695
25,2025-12-26,0,-0.1441568026171467,0.0
25,2025-12-26,1,-1.0607968375940118,0.0
25,2025-12-26,2,-0.2815182940077534,0.0
25,2025-12-26,3,-0.5087750352038256,0.0
25,2025-12-26,4,-1.3587452781723073,0.0
25,2025-12-26,5,12.712042565507886,13.816278257489456
25,2025-12-26,6,149.11365703560574,162.06646311787802
25,2025-12-26,7,466.24185168334174,506.74210103911895
25,2025-12-26,8,858.3194913659147,932.8776917971641
25,2025-12-26,9,471.1407433359201,512.0665365007312
25,2025-12-26,10,383.2846349391238,416.5787788115092
25,2025-12-26,11,410.96449503133357,446.6630589098168
25,2025-12-26,12,438.8732716473691,476.9961404398861
25,2025-12-26,13,476.0804556131825,517.4353384838032
25,2025-12-26,14,492.1073606877626,534.8544258551427
25,2025-12-26,15,577.9621756914877,628.1670471529424
25,2025-12-26,16,672.1553023055313,730.5422901979665
25,2025-12-26,17,710.2831758978521,771.9821538707988
25,2025-12-26,18,652.3704835398607,709.0388567464296
25,2025-12-26,19,461.2769485168462,501.345919952067
25,2025-12-26,20,301.7775414690175,327.9915452855807
25,2025-12-26,21,196.32938801410324,213.38360385021974
25,2025-12-26,22,110.67256543178127,120.28617364959295
25,2025-12-26,23,12.852546161392752,13.968986743707902
25,2025-12-27,0,4.565993115322726,5.054049921498637
25,2025-12-27,1,-0.3985284853631583,0.0
25,2025-12-27,2,-0.2856380262113589,0.0
25,2025-12-27,3,-0.43333657346278187,0.0
25,2025-12-27,4,0.8285562048701536,0.917120178768651
25,2025-12-27,5,17.5448332620972,19.420192043969305
25,2025-12-27,6,70.946411946973,78.5298397686842
25,2025-12-27,7,149.64106718946283,165.6361288289901
25,2025-12-27,8,287.44625317732596,318.1712448121507
25,2025-12-27,9,306.92179476047374,339.72851766022734
25,2025-12-27,10,317.42708032057885,351.3567081369485
25,2025-12-27,11,370.0780880397557,409.63555672674136
25,2025-12-27,12,427.0369479196973,472.6827217211029
25,2025-12-27,13,485.940686404675,537.8826524583914
25,2025-12-27,14,514.8889371257308,569.9251677642721
25,2025-12-27,15,542.9184806433617,600.9507756959899
25,2025-12-27,16,511.1108056814956,565.7431936686326
25,2025-12-27,17,451.7205479031323,500.00473982488313
25,2025-12-27,18,421.90683218431656,467.00425038423856
25,2025-12-27,19,340.2228879640122,376.5891486862263
25,2025-12-27,20,250.061882815762,276.79087709826206
25,2025-12-27,21,211.03943390237748,233.59733740466663
25,2025-12-27,22,132.64175760663898,146.81977122777428
25,2025-12-27,23,54.903618368429875,60.7722397070109
25,2025-12-28,0,12.996163272412105,14.118535530276924
25,2025-12-28,1,0.03433829454706938,0.037303812013584584
25,2025-12-28,2,-0.3388566091711027,0.0
25,2025-12-28,3,-0.5983096650415973,0.0
25,2025-12-28,4,1.1057435710771983,1.2012375936187514
25,2025-12-28,5,13.462067379183395,14.624675961669915
25,2025-12-28,6,48.89069089905331,53.11297973790051
25,2025-12-28,7,68.34276467305563,74.2449699229428
25,2025-12-28,8,169.5440280420509,184.1861581517117
25,2025-12-28,9,210.46289411472446,228.63885179646152
25,2025-12-28,10,223.42991527604678,242.72572845002045
25,2025-12-28,11,285.021109578714,309.6360501262887
25,2025-12-28,12,339.36867486643916,368.6771698333343
25,2025-12-28,13,402.2105067227361,436.9461363931969
25,2025-12-28,14,432.79899887396033,470.17630626736326
25,2025-12-28,15,464.75896331992,504.89639127387613
25,2025-12-28,16,418.2755361446532,454.39857092591444
25,2025-12-28,17,364.7153870303872,396.2128700828114
25,2025-12-28,18,331.7807019235314,360.43388576928766
25,2025-12-28,19,263.26546337893575,286.00154681809084
25,2025-12-28,20,198.73628060539977,215.8995066519851
25,2025-12-28,21,181.58844364065305,197.2707513509417
25,2025-12-28,22,109.31276193666253,118.75321054111593
25,2025-12-28,23,39.74741869671374,43.180077946357734
25,2025-12-29,0,4.173774460361528,4.274686041717916
25,2025-12-29,1,-0.1875064184263806,0.0
25,2025-12-29,2,-0.12422918476568157,0.0
25,2025-12-29,3,0.017434187474918872,0.01785570316640293
25,2025-12-29,4,1.3762838764113212,1.4095590290777964
25,2025-12-29,5,6.349610603055567,6.5031285406051005
25,2025-12-29,6,142.82043710742516,146.27348333581966
25,2025-12-29,7,469.6064934120091,480.9604212093748
25,2025-12-29,8,875.9838380579033,897.1629686459523
25,2025-12-29,9,477.76975169867376,489.32104696535316
25,2025-12-29,10,346.22617449594975,354.59707021807566
25,2025-12-29,11,370.0560402912336,379.0030834462767
25,2025-12-29,12,401.2318370421599,410.93263413864355
25,2025-12-29,13,422.7042486110994,432.92419570659115
25,2025-12-29,14,411.953405688644,421.9134238947043
25,2025-12-29,15,489.55900263796826,501.3953329410613
25,2025-12-29,16,584.1859734125546,598.3101506873791
25,2025-12-29,17,672.2138867467315,688.4663620459024
25,2025-12-29,18,743.9954533096841,761.9834300028327
25,2025-12-29,19,478.5249484216304,490.09450248410064
25,2025-12-29,20,291.5449819051677,298.59382113689304
25,2025-12-29,21,166.97221176141096,171.00918838567208
25,2025-12-29,22,78.68991291356821,80.59244109862418
25,2025-12-29,23,3.809522840785462,3.901627715576334
25,2025-12-30,0,0.1494405159355665,0.14385982593837698
25,2025-12-30,1,-0.025576080513189936,0.0
25,2025-12-30,2,-0.013034719310496712,0.0
25,2025-12-30,3,-0.6010410989262027,0.0
25,2025-12-30,4,-0.47343919043817095,0.0
25,2025-12-30,5,8.448139678896894,8.13265329084663
25,2025-12-30,6,143.95135457572582,138.57565120951813
25,2025-12-30,7,466.38978152090317,448.97297342016464
25,2025-12-30,8,884.1216895510777,851.1051475625356
25,2025-12-30,9,492.35436761238356,473.9679408980131
25,2025-12-30,10,367.50121137058073,353.77728702910485
25,2025-12-30,11,397.04844889678145,382.2211158051769
25,2025-12-30,12,424.54703659061255,408.6927993002432
25,2025-12-30,13,452.7500989437778,435.8426496313603
25,2025-12-30,14,439.89755215408667,423.4700669187376
25,2025-12-30,15,519.045338398156,499.6621670409628
25,2025-12-30,16,605.1540667141252,582.5552605889764
25,2025-12-30,17,669.6299851840415,644.6233975345046
25,2025-12-30,18,715.4429477324547,688.7255259076278
25,2025-12-30,19,490.72343912719913,472.39791762468786
25,2025-12-30,20,311.59596454910513,299.95975952373186
25,2025-12-30,21,190.6432064632179,183.5238477760454
25,2025-12-30,22,100.00982493337813,96.27506916027157
25,2025-12-30,23,9.307146598921634,8.959581552041218
25,2025-12-31,0,-5.749209155029121,0.0
25,2025-12-31,1,-8.01232412755769,0.0
25,2025-12-31,2,-5.317498395445398,0.0
25,2025-12-31,3,-4.0200585480992,0.0
25,2025-12-31,4,-19.011325138246775,0.0
25,2025-12-31,5,-55.238223466702095,0.0
25,2025-12-31,6,-40.685207890862614,0.0
25,2025-12-31,7,-20.82015875620101,0.0
25,2025-12-31,8,22.805796466399727,24.16493564467409
25,2025-12-31,9,7.175606435245754,7.603245428182877
25,2025-12-31,10,-5.713284928977146,0.0
25,2025-12-31,11,76.22186265807915,80.76439726906165
25,2025-12-31,12,120.48737698713825,121.58854167913638
25,2025-12-31,13,188.57977281428896,190.3032511789171
25,2025-12-31,14,187.21038383778193,188.92134700929816
25,2025-12-31,15,216.80506132754775,218.78649776138985
25,2025-12-31,16,213.71835067268668,215.67157687511255
25,2025-12-31,17,167.86169948016305,169.39583011881152
25,2025-12-31,18,146.30633646814118,118.11477374249613
25,2025-12-31,19,133.80981515537957,108.02618959052725
25,2025-12-31,20,96.23296607036883,77.68997084036776
25,2025-12-31,21,101.26675083761069,81.75380268254271
25,2025-12-31,22,37.85412713245381,30.5600684796251
25,2025-12-31,23,11.759918955300918,11.86739583676477
26,2025-11-01,0,52.31503484523574,53.85953961175227
26,2025-11-01,1,17.285887937286418,17.79622184782649
26,2025-11-01,2,15.076352763973375,15.52145423001516
26,2025-11-01,3,15.246855585735887,15.696990832634278
26,2025-11-01,4,20.45464687577271,21.05853254058213
26,2025-11-01,5,120.84393527642669,124.41162924033605
26,2025-11-01,6,474.58014005619316,488.5912420382388
26,2025-11-01,7,988.4414273396759,1017.6233346147994
26,2025-11-01,8,1733.9316888607668,1785.1228190240565
26,2025-11-01,9,1298.9495142725846,1337.2985992381857
26,2025-11-01,10,1109.5155996451467,1142.2719982071642
26,2025-11-01,11,1061.9613209119807,1093.3137672375346
26,2025-11-01,12,1099.1542041433759,1131.6047016429627
26,2025-11-01,13,1116.4253186157955,1149.385713866662
26,2025-11-01,14,1140.391147612314,1174.059089694185
26,2025-11-01,15,1248.7479089311075,1285.614884232325
26,2025-11-01,16,1365.6658569326928,1405.9846186756854
26,2025-11-01,17,1482.3924343142749,1526.1573326349903
26,2025-11-01,18,1471.0083911685847,1514.4371966442363
26,2025-11-01,19,1069.2791200371184,1100.8476108642697
26,2025-11-01,20,677.7022559208169,697.7101631628786
26,2025-11-01,21,458.5280397312726,472.06523310295825
26,2025-11-01,22,233.79383934118886,240.696170579482
26,2025-11-01,23,141.82795214062327,146.01516044038834
26,2025-11-02,0,47.70187128105465,46.84863187196162
26,2025-11-02,1,4.42954701828927,4.35031607872787
26,2025-11-02,2,0.09217069889803042,0.09052204926330044
26,2025-11-02,3,1.9718913661787383,1.9366203091134735
26,2025-11-02,4,8.634828883799571,8.480378416835213
26,2025-11-02,5,20.764644268051256,20.393228800911384
26,2025-11-02,6,109.65582851150361,107.69442381583664
26,2025-11-02,7,160.09756767589545,157.23391578190223
26,2025-11-02,8,294.54993491571145,289.2813446976231
26,2025-11-02,9,394.4676491183311,387.4118390462907
26,2025-11-02,10,484.4973985183448,475.8312337974005
26,2025-11-02,11,587.1824811526732,576.6795968885192
26,2025-11-02,12,652.9422843891748,641.2631599870816
26,2025-11-02,13,715.3764882126999,702.5806083931157
26,2025-11-02,14,732.4117868034998,719.3111980131144
26,2025-11-02,15,699.8631292768188,687.344735619853
26,2025-11-02,16,668.1995544278909,656.24752450401
26,2025-11-02,17,610.117888528927,599.2047605382382
26,2025-11-02,18,546.3930637625427,536.6197764189403
26,2025-11-02,19,470.3759743451022,461.9623983653026
26,2025-11-02,20,357.30004681668044,350.90905055956176
26,2025-11-02,21,273.4657677429584,268.57430827166417
26,2025-11-02,22,147.8446625686173,145.20017737045055
26,2025-11-02,23,104.85550378219045,102.97996209620212
26,2025-11-03,0,44.008234385513845,44.607739024436256
26,2025-11-03,1,5.081063530552456,5.150280603215301
26,2025-11-03,2,1.8669557329577628,1.8923884420450283
26,2025-11-03,3,1.0109631520418816,1.0247350542299918
26,2025-11-03,4,1.5737079399140157,1.5951458645083736
26,2025-11-03,5,3.347813547022838,3.393419324662218
26,2025-11-03,6,121.50074409325634,123.15589478797288
26,2025-11-03,7,291.8700170936056,295.8460327564284
26,2025-11-03,8,482.0499169614995,488.61666896702206
26,2025-11-03,9,492.17486640590346,498.879546102585
26,2025-11-03,10,507.609955654022,514.5249007188927
26,2025-11-03,11,593.7248434426679,601.8128933918956
26,2025-11-03,12,655.6917163179523,664.6239134652435
26,2025-11-03,13,707.1429859933266,716.7760809448475
26,2025-11-03,14,723.4742599997185,733.329828646516
26,2025-11-03,15,726.2570664710256,736.1505440549133
26,2025-11-03,16,737.6303324904172,747.6787430279562
26,2025-11-03,17,767.4271581357324,777.8814776002928
26,2025-11-03,18,794.3952813294081,805.2169755633358
26,2025-11-03,19,630.3835671227985,638.971002589534
26,2025-11-03,20,409.02104999951047,414.5929621726636
26,2025-11-03,21,295.28880724787496,299.31139557114653
26,2025-11-03,22,127.08491202387256,128.81613335913332
26,2025-11-03,23,100.66720179190588,102.03854638921268
26,2025-11-04,0,41.66059785009247,42.891773290969994
26,2025-11-04,1,4.04849265474013,4.168135794452731
26,2025-11-04,2,1.4916649485316498,1.5357473992266275
26,2025-11-04,3,1.644896560718621,1.6935073909238858
26,2025-11-04,4,2.316292585825636,2.384744857101644
26,2025-11-04,5,-26.755715046501564,0.0
26,2025-11-04,6,82.32796757169103,84.76096606432793
26,2025-11-04,7,237.19874417936416,244.2085636133398
26,2025-11-04,8,423.8791883342115,436.40588438533456
26,2025-11-04,9,446.6075781956445,459.8059553279843
26,2025-11-04,10,463.3633926534454,477.0569462430836
26,2025-11-04,11,546.1779369626979,562.3188686112852
26,2025-11-04,12,605.3077846077224,623.1961519629535
26,2025-11-04,13,659.5185034353041,679.0089338692504
26,2025-11-04,14,673.4021834810712,693.30291157716
26,2025-11-04,15,668.7112251374698,688.4733236169698
26,2025-11-04,16,681.4993575391927,701.6393774927037
26,2025-11-04,17,674.1454758580484,694.0681701132215
26,2025-11-04,18,690.2927695385996,710.6926569317029
26,2025-11-04,19,549.7229899902013,565.9686868713898
26,2025-11-04,20,383.2169449431161,394.5419694384386
26,2025-11-04,21,269.81117829862546,277.7847771795344
26,2025-11-04,22,99.8012208367918,102.75059790780709
26,2025-11-04,23,101.49917097120294,104.49872673895331
26,2025-11-05,0,31.583493410175947,32.77477557640851
26,2025-11-05,1,1.0699312739784546,1.110287482496362
26,2025-11-05,2,-0.1465358268418413,0.0
26,2025-11-05,3,0.04098495909391886,0.04253085049415978
26,2025-11-05,4,-7.270646078996776,0.0
26,2025-11-05,5,72.86607781091584,75.61447735912702
26,2025-11-05,6,425.60094213925777,441.6539735667097
26,2025-11-05,7,1104.5564978964476,1146.218718109123
26,2025-11-05,8,2047.2060764559671,2124.423629872625
26,2025-11-05,9,1351.0331042157864,1401.9920536309112
26,2025-11-05,10,1056.5840723478314,1096.4368443691749
26,2025-11-05,11,990.1340870958229,1027.4804649906816
26,2025-11-05,12,1010.6699861634262,1048.7909474778285
26,2025-11-05,13,1036.1720052899955,1075.2548646501225
26,2025-11-05,14,1052.2058131044028,1091.893443730901
26,2025-11-05,15,1182.7636910755946,1227.3757697252536
26,2025-11-05,16,1354.2577942263408,1405.33837412899
26,2025-11-05,17,1607.0491889147856,1667.6646823989822
26,2025-11-05,18,1714.370912276722,1779.03442076135
26,2025-11-05,19,1184.4644215413264,1229.1406492022136
26,2025-11-05,20,696.6726427883132,722.9500936161063
26,2025-11-05,21,413.9378937407826,429.5510124144245
26,2025-11-05,22,172.34103256220624,178.84147872676235
26,2025-11-05,23,100.81930733437014,104.62206092085776
26,2025-11-06,0,33.16771101469499,33.7419203023972
26,2025-11-06,1,1.3872793081224017,1.4112963005222707
26,2025-11-06,2,-0.19732579069483336,0.0
26,2025-11-06,3,0.7786456224912399,0.7921257673244196
26,2025-11-06,4,-5.82581352281278,0.0
26,2025-11-06,5,78.65229853282506,80.01395054120952
26,2025-11-06,6,409.78415743194955,416.8784627654228
26,2025-11-06,7,1084.6650495371393,1103.4430937987484
26,2025-11-06,8,2013.341722846905,2048.197294160369
26,2025-11-06,9,1338.6616363827295,1361.8369451750982
26,2025-11-06,10,1034.3859453323353,1052.2935427729699
26,2025-11-06,11,981.3920670622374,998.3822187050425
26,2025-11-06,12,1002.3082043431366,1019.6604623816537
26,2025-11-06,13,1031.4995694906802,1049.3571971334186
26,2025-11-06,14,1055.1957299628666,1073.4635925904668
26,2025-11-06,15,1189.5507700597586,1210.1446271413945
26,2025-11-06,16,1356.7760780550414,1380.2649894546316
26,2025-11-06,17,1598.6241897601722,1626.3000476720738
26,2025-11-06,18,1712.3089838381657,1741.9529867511249
26,2025-11-06,19,1168.6630555500597,1188.8952982994606
26,2025-11-06,20,692.794930841296,704.7888029413584
26,2025-11-06,21,410.80628357976985,417.91828426541923
26,2025-11-06,22,182.48982196435054,185.6491400926539
26,2025-11-06,23,104.42929833873029,106.2372094420246
26,2025-11-07,0,35.55599297678998,35.85052928214513
26,2025-11-07,1,1.714434806869349,1.7286367247884238
26,2025-11-07,2,-0.2368736255622821,0.0
26,2025-11-07,3,0.627165837840721,0.6323611113588353
26,2025-11-07,4,-0.9863230286420617,0.0
26,2025-11-07,5,79.90002413249528,80.56189449345341
26,2025-11-07,6,463.6412217716982,467.48190124759213
26,2025-11-07,7,1144.0304477220413,1153.5072889821297
26,2025-11-07,8,2054.8999740693835,2071.9222140791585
26,2025-11-07,9,1389.9867316683221,1401.5010087890741
26,2025-11-07,10,1126.9177169975746,1136.2528009880682
26,2025-11-07,11,1088.5380629000874,1097.5552201341532
26,2025-11-07,12,1114.4500486615152,1123.6818538328657
26,2025-11-07,13,1150.2951541598404,1159.8238905670992
26,2025-11-07,14,1190.9353748968138,1200.8007639879816
26,2025-11-07,15,1336.4972832147357,1347.5684680969082
26,2025-11-07,16,1507.1058326421953,1519.5902929697525
26,2025-11-07,17,1644.776057082035,1658.4009406088655
26,2025-11-07,18,1575.0869226044574,1588.1345200404219
26,2025-11-07,19,1137.1061808009495,1146.5256632917983
26,2025-11-07,20,708.0719906615632,713.9374690407232
26,2025-11-07,21,446.823656259135,450.52502353485016
26,2025-11-07,22,191.5232801717189,193.10980763470107
26,2025-11-07,23,121.00717479231179,122.00956575937207
26,2025-11-08,0,47.77753219109286,49.188075573503696
26,2025-11-08,1,3.4386222948756995,3.540141266245919
26,2025-11-08,2,0.022336730420022377,0.02299618112485663
26,2025-11-08,3,-1.3836020171797259,0.0
26,2025-11-08,4,0.35247520310696245,0.3628813823800546
26,2025-11-08,5,44.08479772748649,45.386319946145974
26,2025-11-08,6,225.97820436468368,232.64979341747934
26,2025-11-08,7,351.92767875130147,362.3176933791897
26,2025-11-08,8,514.1577195389249,529.3372764467696
26,2025-11-08,9,630.1922880747754,648.7975512774642
26,2025-11-08,10,717.7036549334399,738.8925295900335
26,2025-11-08,11,814.0753658138069,838.1094372145567
26,2025-11-08,12,893.0622297804556,919.4282424338411
26,2025-11-08,13,937.9065098809044,965.5964670670814
26,2025-11-08,14,944.0342565750393,971.9051241630749
26,2025-11-08,15,930.6671882911966,958.1434178800447
26,2025-11-08,16,911.1601544286779,938.0604748764847
26,2025-11-08,17,870.988510454665,896.7028373199345
26,2025-11-08,18,802.4970887485092,826.1893329065111
26,2025-11-08,19,684.0631345070369,704.2588349394256
26,2025-11-08,20,491.0922641283124,505.5908560720898
26,2025-11-08,21,362.0735292605803,372.7630813831544
26,2025-11-08,22,192.2953637464932,197.97252914959594
26,2025-11-08,23,131.01542047414762,134.88340874956623
26,2025-11-09,0,49.75973778558898,48.86968948927272
26,2025-11-09,1,4.309359806917371,4.232278646022038
26,2025-11-09,2,0.12780702899527796,0.12552095528434626
26,2025-11-09,3,-1.2893137330999025,0.0
26,2025-11-09,4,-0.9018859751270156,0.0
26,2025-11-09,5,19.95097631274109,19.594114856727874
26,2025-11-09,6,132.13097496752903,129.7675591941743
26,2025-11-09,7,213.01442538794274,209.20425405576515
26,2025-11-09,8,351.33752395462335,345.05317884864195
26,2025-11-09,9,467.2920216799337,458.9336081052774
26,2025-11-09,10,575.2125584759684,564.9237792244121
26,2025-11-09,11,696.8347341572771,684.3705091522511
26,2025-11-09,12,775.5237979123409,761.6520681604912
26,2025-11-09,13,834.9967022296362,820.0611855785735
26,2025-11-09,14,840.1741065142771,825.1459820628529
26,2025-11-09,15,810.5818982532254,796.0830871727935
26,2025-11-09,16,780.0584024426065,766.1055625962057
26,2025-11-09,17,739.0373343592022,725.8182349500607
26,2025-11-09,18,670.3505392748709,658.3600348637107
26,2025-11-09,19,545.8566704806005,536.0929775590749
26,2025-11-09,20,401.2989210725554,394.1209206065316
26,2025-11-09,21,291.8870400711606,286.66608083195473
26,2025-11-09,22,145.0848640169899,142.48974310626446
26,2025-11-09,23,91.7399689903894,90.09902378573742
26,2025-11-10,0,32.42677903366143,32.86851464808524
26,2025-11-10,1,1.5771065127503903,1.5985907345936512
26,2025-11-10,2,-0.2816926231149637,0.0
26,2025-11-10,3,-0.12988332945428738,0.0
26,2025-11-10,4,-0.23257351624846478,0.0
26,2025-11-10,5,77.70309279527498,78.76160753097908
26,2025-11-10,6,461.6230785569653,467.9115648117022
26,2025-11-10,7,1191.6381378726605,1207.8712951793912
26,2025-11-10,8,2096.469365589401,2125.02863699801
26,2025-11-10,9,1408.4579626859372,1427.644760205707
26,2025-11-10,10,1098.6066758712734,1113.572506873863
26,2025-11-10,11,1036.1735044650547,1050.2888360917143
26,2025-11-10,12,1064.1976647731549,1078.694757093948
26,2025-11-10,13,1088.269785543349,1103.0948016782177
26,2025-11-10,14,1111.2769705812525,1126.41540338351
26,2025-11-10,15,1250.0953303293866,1267.1248240160135
26,2025-11-10,16,1413.9442137780684,1433.2057480607634
26,2025-11-10,17,1687.0321080434292,1710.013797468261
26,2025-11-10,18,1811.4544021252289,1836.1310412232056
26,2025-11-10,19,1249.3411594494378,1266.3603794009925
26,2025-11-10,20,749.3328344695669,759.5406629960678
26,2025-11-10,21,434.3179680693439,440.23448892641863
26,2025-11-10,22,170.58629123931422,172.9101125505414
26,2025-11-10,23,86.45536299293525,87.63310601984128
26,2025-11-11,0,31.895856586908053,32.838459365602105
26,2025-11-11,1,1.5059142094628442,1.5504177616545471
26,2025-11-11,2,0.09524897364445906,0.09806382036225736
26,2025-11-11,3,-0.7091122476705323,0.0
26,2025-11-11,4,-0.7920298596736757,0.0
26,2025-11-11,5,81.27021602663751,83.67195530092363
26,2025-11-11,6,483.3057265962551,497.58862630791765
26,2025-11-11,7,1234.795888077735,1271.2872120229213
26,2025-11-11,8,2163.0635137471836,2226.9874805794993
26,2025-11-11,9,1459.8888269809559,1503.0322133686875
26,2025-11-11,10,1160.2671647634588,1194.5559774985404
26,2025-11-11,11,1093.8407997274876,1126.1665463166312
26,2025-11-11,12,1113.0330534336108,1145.9259793873687
26,2025-11-11,13,1140.8652125307772,1174.5806487824027
26,2025-11-11,14,1160.7088814398567,1195.010748013622
26,2025-11-11,15,1295.131041444888,1333.4054209120932
26,2025-11-11,16,1471.447860785935,1514.93284569302
26,2025-11-11,17,1734.395396229851,1785.6511421097553
26,2025-11-11,18,1862.8693217947111,1917.9217952808235
26,2025-11-11,19,1279.086566589709,1316.8867914738582
26,2025-11-11,20,785.5271927739176,808.7414968836355
26,2025-11-11,21,468.47373816240093,482.3183153141029
26,2025-11-11,22,197.50765899857794,203.34450704428406
26,2025-11-11,23,108.88121286432511,112.09892653549886
26,2025-11-12,0,32.68225819922378,33.914984131067634
26,2025-11-12,1,1.448002616263068,1.5026191107404177
26,2025-11-12,2,0.17779709444073433,0.18450333510463032
26,2025-11-12,3,-0.6522385509923652,0.0
26,2025-11-12,4,-0.716669742001784,0.0
26,2025-11-12,5,82.19708188557632,85.29743296121433
26,2025-11-12,6,477.7070826671377,495.7254798366221
26,2025-11-12,7,1230.0921160495245,1276.4893521513718
26,2025-11-12,8,2175.890169086343,2257.961494143696
26,2025-11-12,9,1465.0316227982466,1520.2904259502752
26,2025-11-12,10,1164.6752967481314,1208.6051081989647
26,2025-11-12,11,1099.8894139880085,1141.3755987711565
26,2025-11-12,12,1120.7534745057983,1163.0266204679156
26,2025-11-12,13,1149.910574218627,1193.2834824032402
26,2025-11-12,14,1170.3874715309898,1214.5327376771238
26,2025-11-12,15,1303.6022286643442,1352.7721563446212
26,2025-11-12,16,1477.2004647386848,1532.9182584209589
26,2025-11-12,17,1734.426154803093,1799.8461170609264
26,2025-11-12,18,1860.1373480252673,1930.2989486014617
26,2025-11-12,19,1275.6784227098333,1323.7951061648773
26,2025-11-12,20,780.9676776445684,810.4246111984191
26,2025-11-12,21,474.6636263100287,492.567228854522
26,2025-11-12,22,206.37302777846554,214.15710993780934
26,2025-11-12,23,117.90562401146155,122.35284792552424
26,2025-11-13,0,33.48217644934107,34.06182985626981
26,2025-11-13,1,1.6741439233551887,1.7031272013786511
26,2025-11-13,2,0.062480515767106226,0.06356219705762403
26,2025-11-13,3,0.4424831985243145,0.4501435993922632
26,2025-11-13,4,1.367330256721118,1.3910018852039416
26,2025-11-13,5,84.26348020525933,85.72227466130528
26,2025-11-13,6,470.6679362285355,478.81627966671596
26,2025-11-13,7,1211.8901861911631,1232.8707898957064
26,2025-11-13,8,2152.672634149418,2189.9403436806347
26,2025-11-13,9,1465.5345027775586,1490.906272405257
26,2025-11-13,10,1159.5412124821382,1179.6155351686127
26,2025-11-13,11,1103.693143048041,1122.8006073295119
26,2025-11-13,12,1126.009630952782,1145.5034449168738
26,2025-11-13,13,1156.8069589527045,1176.8339454280417
26,2025-11-13,14,1180.0862232342115,1200.51622726344
26,2025-11-13,15,1316.2397016435493,1339.0268352263056
26,2025-11-13,16,1480.9874075821751,1506.6267024984547
26,2025-11-13,17,1730.3894566096521,1760.3464740501088
26,2025-11-13,18,1846.538977873715,1878.5068104060676
26,2025-11-13,19,1268.507533826286,1290.4683139090769
26,2025-11-13,20,782.5550640963977,796.102890346556
26,2025-11-13,21,476.4376303197543,484.6858604197822
26,2025-11-13,22,207.80297573707634,211.40052271966795
26,2025-11-13,23,122.22451577592926,124.3405029814482
26,2025-11-14,0,35.93615097272436,36.233836404912985
26,2025-11-14,1,1.9531873604349812,1.9693670404451677
26,2025-11-14,2,-0.07463620837097551,0.0
26,2025-11-14,3,0.25906704700599903,0.2612130889099399
26,2025-11-14,4,-0.20789492264543696,0.0
26,2025-11-14,5,78.67628308119384,79.32801629963997
26,2025-11-14,6,478.0064481378307,481.9661252944316
26,2025-11-14,7,1189.7742203115458,1199.629990709693
26,2025-11-14,8,2107.709792238331,2125.1694946117677
26,2025-11-14,9,1429.2805406477278,1441.1203171386614
26,2025-11-14,10,1164.554250671979,1174.2011056087113
26,2025-11-14,11,1120.0159054379315,1129.2938166733745
26,2025-11-14,12,1145.584737592345,1155.0744541726683
26,2025-11-14,13,1181.90911723287,1191.6997352274955
26,2025-11-14,14,1223.074497786382,1233.2061187479246
26,2025-11-14,15,1370.1225409738554,1381.472268468899
26,2025-11-14,16,1543.960547921452,1556.750302821442
26,2025-11-14,17,1686.9862409490363,1700.9607823130887
26,2025-11-14,18,1616.6489212740735,1630.0408071550075
26,2025-11-14,19,1165.244331855728,1174.8969032398222
26,2025-11-14,20,730.813740428254,736.8676053603635
26,2025-11-14,21,462.4866550036031,466.3177703581861
26,2025-11-14,22,208.98274337835218,210.71390034977537
26,2025-11-14,23,136.2374145226724,137.36596870904654
26,2025-11-15,0,49.81946541406148,51.29029310298408
26,2025-11-15,1,3.4178781591410825,3.518784698222684
26,2025-11-15,2,-0.1007294266788108,0.0
26,2025-11-15,3,-0.2943364698484743,0.0
26,2025-11-15,4,3.3334827354216827,3.431897655514739
26,2025-11-15,5,53.75465536214415,55.341662265129045
26,2025-11-15,6,246.5337703465837,253.8122245143776
26,2025-11-15,7,382.708450547992,394.007210604373
26,2025-11-15,8,572.0079524493435,588.8954306218602
26,2025-11-15,9,693.1999238741448,713.6653711349529
26,2025-11-15,10,778.3981538801798,801.3789215021876
26,2025-11-15,11,875.5387207705649,901.3873841901797
26,2025-11-15,12,947.0415607069003,975.0012133942819
26,2025-11-15,13,993.3732053998932,1022.700714312174
26,2025-11-15,14,1000.5410013645413,1030.0801262121945
26,2025-11-15,15,985.8469315551788,1014.9522411348651
26,2025-11-15,16,959.359217538449,987.6825262903811
26,2025-11-15,17,923.8651079937647,951.1405187267582
26,2025-11-15,18,856.7716335414157,882.0662333774966
26,2025-11-15,19,725.2127898004946,746.6233577930268
26,2025-11-15,20,522.3088738881285,537.7290785711721
26,2025-11-15,21,388.6611582993901,400.1356610561804
26,2025-11-15,22,218.60558323994988,225.05950927287836
26,2025-11-15,23,147.35272716793082,151.7030442449117
26,2025-11-16,0,50.4601544652142,49.55757787393188
26,2025-11-16,1,4.40924955473082,4.330381674214015
26,2025-11-16,2,0.01576630510163568,0.015484294511962171
26,2025-11-16,3,-0.11231731765872155,0.0
26,2025-11-16,4,2.078296201944113,2.041121890420377
26,2025-11-16,5,26.15790421898174,25.690019959108266
26,2025-11-16,6,148.08973043682596,145.44086173005792
26,2025-11-16,7,231.84326438475284,227.69630317351812
26,2025-11-16,8,393.47779035516265,386.4396858045932
26,2025-11-16,9,513.7833092467114,504.59330987329827
26,2025-11-16,10,620.6526957727227,609.5511325599723
26,2025-11-16,11,734.7960326308194,721.6527970333759
26,2025-11-16,12,807.7165037872239,793.2689457795822
26,2025-11-16,13,868.5834268530405,853.0471472486295
26,2025-11-16,14,876.3040772391541,860.6296990026277
26,2025-11-16,15,845.7790031883794,830.6506244157346
26,2025-11-16,16,812.6095948959348,798.0745145740921
26,2025-11-16,17,776.0989152622192,762.2168984341063
26,2025-11-16,18,706.4320812599587,693.7961893045419
26,2025-11-16,19,573.4084304345735,563.1519214714278
26,2025-11-16,20,424.0771475990711,416.491714887315
26,2025-11-16,21,309.23939238658863,303.70805306294636
26,2025-11-16,22,163.39002631221064,160.46748248408846
26,2025-11-16,23,101.07331379352007,99.26542382567915
26,2025-11-17,0,32.98148001019797,33.43077206975737
26,2025-11-17,1,1.8352808833664085,1.8602821000402123
26,2025-11-17,2,-0.12484519841245856,0.0
26,2025-11-17,3,-0.19512078917000508,0.0
26,2025-11-17,4,-0.6154457553049042,0.0
26,2025-11-17,5,72.84036900559266,73.83264101398859
26,2025-11-17,6,471.9139516896689,478.34262594030616
26,2025-11-17,7,1201.6840768082777,1218.054085481084
26,2025-11-17,8,2123.4427430041387,2152.3694607580355
26,2025-11-17,9,1431.603182758831,1451.1052773359886
26,2025-11-17,10,1119.3095773587197,1134.5574347969111
26,2025-11-17,11,1057.5297087512365,1071.9359664674816
26,2025-11-17,12,1078.935070645943,1093.63292410405
26,2025-11-17,13,1105.2299722500863,1120.2860294787333
26,2025-11-17,14,1133.2312417854803,1148.6687478774272
26,2025-11-17,15,1271.1348696139235,1288.4509756034067
26,2025-11-17,16,1436.865203242803,1456.4389799888613
26,2025-11-17,17,1709.331217760218,1732.6166780566996
26,2025-11-17,18,1840.096622691198,1865.1634420438043
26,2025-11-17,19,1268.2301283853444,1285.5066643746738
26,2025-11-17,20,768.0635777704512,778.5265668971473
26,2025-11-17,21,452.1587013242323,458.318258569779
26,2025-11-17,22,188.11380950723867,190.67640041822685
26,2025-11-17,23,98.44112253981677,99.78214224777342
26,2025-11-18,0,31.320875779334017,32.24648642911508
26,2025-11-18,1,1.4494142107968742,1.4922480459332084
26,2025-11-18,2,0.04726164294248747,0.04865834335220528
26,2025-11-18,3,-0.7712042488781208,0.0
26,2025-11-18,4,-1.0845734822592021,0.0
26,2025-11-18,5,79.48686382905572,81.83590056085797
26,2025-11-18,6,479.6377968463858,493.8123000092721
26,2025-11-18,7,1228.5395397876184,1264.8459729064155
26,2025-11-18,8,2166.793835584718,2230.828042808914
26,2025-11-18,9,1462.2358016661988,1505.4485470584082
26,2025-11-18,10,1157.9928984778326,1192.214500924503
26,2025-11-18,11,1090.2145859929956,1122.433168846531
26,2025-11-18,12,1108.197374524509,1140.9473940050023
26,2025-11-18,13,1135.678295384584,1169.2404451896916
26,2025-11-18,14,1155.1521883740934,1189.2898406929487
26,2025-11-18,15,1289.4600447817775,1327.566832035303
26,2025-11-18,16,1467.1031718116292,1510.4597602328388
26,2025-11-18,17,1730.6522015438818,1781.7973266068605
26,2025-11-18,18,1863.9983561272873,1919.0841954173945
26,2025-11-18,19,1276.887632501146,1314.6228733527644
26,2025-11-18,20,784.689540257299,807.8790896284949
26,2025-11-18,21,468.3049740590716,482.1445638070865
26,2025-11-18,22,198.61816601211416,204.4878323329422
26,2025-11-18,23,109.84088553906872,113.08695995131194
26,2025-11-19,0,32.20391068187354,33.41859406030886
26,2025-11-19,1,1.403556480066868,1.45649653271681
26,2025-11-19,2,0.14055146023071075,0.145852851240131
26,2025-11-19,3,-0.7039937571773862,0.0
26,2025-11-19,4,-0.9708438763768754,0.0
26,2025-11-19,5,80.32117216961001,83.35076673452672
26,2025-11-19,6,473.95698152447477,491.8339304838197
26,2025-11-19,7,1221.7516776867521,1267.8343249193097
26,2025-11-19,8,2173.1982604786144,2255.168050766654
26,2025-11-19,9,1461.5784064737961,1516.7069594672992
26,2025-11-19,10,1160.432331372007,1204.2021045104575
26,2025-11-19,11,1097.228134035921,1138.6139393168683
26,2025-11-19,12,1116.8102315769825,1158.9346443094594
26,2025-11-19,13,1145.6160930527192,1188.8270198263551
26,2025-11-19,14,1164.9569475201893,1208.8973824171849
26,2025-11-19,15,1297.5258060703204,1346.4665401722702
26,2025-11-19,16,1472.1051396383239,1527.6307452733677
26,2025-11-19,17,1730.2112051475658,1795.4721858041246
26,2025-11-19,18,1862.8401013019163,1933.1036456921272
26,2025-11-19,19,1273.0714022718628,1321.0897528124815
26,2025-11-19,20,779.5831951720369,808.9879081162935
26,2025-11-19,21,474.2932424459306,492.1828746646519
26,2025-11-19,22,207.4359514350064,215.26012548601204
26,2025-11-19,23,118.34585029707,122.80967888865653
26,2025-11-20,0,32.88501665266932,33.454331851413016
26,2025-11-20,1,1.610808827412768,1.638695629399294
26,2025-11-20,2,0.021033655538019502,0.02139779644478599
26,2025-11-20,3,0.4251145011780295,0.4324742099865501
26,2025-11-20,4,1.1449219916290758,1.1647432220117409
26,2025-11-20,5,81.41274759164082,82.82218931596616
26,2025-11-20,6,467.1281986297709,475.2152610767989
26,2025-11-20,7,1205.45356866458,1226.3227397302078
26,2025-11-20,8,2151.799030420403,2189.0516158637756
26,2025-11-20,9,1463.6659723309172,1489.0053934032285
26,2025-11-20,10,1157.486525994486,1177.52527733677
26,2025-11-20,11,1103.8666294718087,1122.9770972018978
26,2025-11-20,12,1123.9626313692743,1143.4210070671484
26,2025-11-20,13,1154.1385942620695,1174.1193852134631
26,2025-11-20,14,1176.5954108178125,1196.9649808632116
26,2025-11-20,15,1311.035859843798,1333.7329029680411
26,2025-11-20,16,1476.9945914636228,1502.564761558526
26,2025-11-20,17,1727.3625318934123,1757.2671463120123
26,2025-11-20,18,1846.889483052446,1878.8633836348042
26,2025-11-20,19,1265.6504213074609,1287.5617382077128
26,2025-11-20,20,781.4035312349895,794.9314218054193
26,2025-11-20,21,476.30019606677973,484.5460468641035
26,2025-11-20,22,208.29983221057861,211.90598092036248
26,2025-11-20,23,122.22710647204451,124.34313852846589
26,2025-11-21,0,35.70319062681625,35.998946278007814
26,2025-11-21,1,1.9366912671189311,1.9527342979183568
26,2025-11-21,2,-0.0498438093836171,0.0
26,2025-11-21,3,0.414356383020106,0.41778880011600134
26,2025-11-21,4,-0.20060273565604803,0.0
26,2025-11-21,5,77.62830378214477,78.27135582127374
26,2025-11-21,6,475.8164009222093,479.7579363153144
26,2025-11-21,7,1183.5444005253898,1193.3485647680277
26,2025-11-21,8,2103.798028166372,2121.22532653585
26,2025-11-21,9,1425.4223635836206,1437.2301799709899
26,2025-11-21,10,1162.1265888861703,1171.7533337240648
26,2025-11-21,11,1122.1225517915063,1131.4179139200824
26,2025-11-21,12,1145.202135917174,1154.6886831278807
26,2025-11-21,13,1181.3357834887947,1191.1216521405227
26,2025-11-21,14,1225.3265530904778,1235.476829473883
26,2025-11-21,15,1372.8629114752912,1384.2353394642664
26,2025-11-21,16,1548.1853100018532,1561.0100616973193
26,2025-11-21,17,1689.8759933144247,1703.874472611687
26,2025-11-21,18,1622.5245719387653,1635.9651301332378
26,2025-11-21,19,1170.413086269611,1180.108474228378
26,2025-11-21,20,732.8029275566662,738.8732703812042
26,2025-11-21,21,464.40310048976784,468.2500911645332
26,2025-11-21,22,210.20513998098107,211.94642295786423
26,2025-11-21,23,134.87822092791163,135.9955159192487
26,2025-11-22,0,50.55527491981394,52.0478260251931
26,2025-11-22,1,3.3340408300117588,3.4324722268166643
26,2025-11-22,2,-0.03645320906167626,0.0
26,2025-11-22,3,-0.2061271114512806,0.0
26,2025-11-22,4,3.485354585815003,3.5882532417504627
26,2025-11-22,5,54.53788415756799,56.14801444394322
26,2025-11-22,6,241.81250938571458,248.9515770448384
26,2025-11-22,7,389.7226902189395,401.22853274477336
26,2025-11-22,8,572.8155507845456,589.7268718060988
26,2025-11-22,9,693.3028819073777,713.771368813931
26,2025-11-22,10,779.3148662249414,802.3226980855604
26,2025-11-22,11,879.2773063863192,905.2363446402554
26,2025-11-22,12,952.7949246219955,980.9244347512512
26,2025-11-22,13,999.5985602612561,1029.1098612762294
26,2025-11-22,14,1001.4810344656951,1031.0479120542136
26,2025-11-22,15,986.426445482294,1015.5488641401896
26,2025-11-22,16,962.006106189715,990.4075594396945
26,2025-11-22,17,929.2128225444276,956.6461146711333
26,2025-11-22,18,866.1341016053556,891.7051110165021
26,2025-11-22,19,729.0778394112174,750.6025158539159
26,2025-11-22,20,524.2057452141144,539.6819515191223
26,2025-11-22,21,389.58737351414464,401.0892210642289
26,2025-11-22,22,219.14925380310632,225.6192307051338
26,2025-11-22,23,149.06398196979382,153.4648206837385
26,2025-11-23,0,53.72191291264829,52.7609935189653
26,2025-11-23,1,4.383380613265899,4.304975448356189
26,2025-11-23,2,0.10063095750865614,0.09883097993093681
26,2025-11-23,3,-0.03007874064809357,0.0
26,2025-11-23,4,2.380272476350399,2.337696740291
26,2025-11-23,5,27.734294581971767,27.238213558623485
26,2025-11-23,6,143.68238124312506,141.11234642527393
26,2025-11-23,7,225.20248731889035,221.17430913539494
26,2025-11-23,8,386.2179972315064,379.3097479974814
26,2025-11-23,9,503.64771497835466,494.6390101376735
26,2025-11-23,10,608.9350635240894,598.043092626007
26,2025-11-23,11,735.6312287821077,722.4730541004844
26,2025-11-23,12,807.5505844983834,793.1059942752785
26,2025-11-23,13,870.4737897335411,854.9036973653158
26,2025-11-23,14,872.4929090601704,856.8867008722743
26,2025-11-23,15,844.1614344020791,829.0619889479461
26,2025-11-23,16,811.1547992478238,796.6457407348914
26,2025-11-23,17,779.0466353597869,765.1118929071508
26,2025-11-23,18,713.1422678181274,700.3863513131481
26,2025-11-23,19,580.2414867830335,569.862755508593
26,2025-11-23,20,428.31417052538455,420.6529505365076
26,2025-11-23,21,315.532829733672,309.88892021898727
26,2025-11-23,22,166.72294017620965,163.74078079466145
26,2025-11-23,23,106.44969913258967,104.54564220679576
26,2025-11-24,0,33.73085730283702,34.19035779655683
26,2025-11-24,1,1.8944007973327643,1.920207378347365
26,2025-11-24,2,-0.026742383655687263,0.0
26,2025-11-24,3,-0.11326772303317512,0.0
26,2025-11-24,4,-0.27810379939813856,0.0
26,2025-11-24,5,71.45496065508166,72.42835986059127
26,2025-11-24,6,461.92475879104956,468.21735470167994
26,2025-11-24,7,1193.0747431970358,1209.3274707402982
26,2025-11-24,8,2108.749031022179,2137.4755828612383
26,2025-11-24,9,1422.9865020238765,1442.3712153848855
26,2025-11-24,10,1113.635815117834,1128.8063814119691
26,2025-11-24,11,1056.5153813010575,1070.9078212847744
26,2025-11-24,12,1079.271083868765,1093.9735146858286
26,2025-11-24,13,1107.6222676422499,1122.7109140489292
26,2025-11-24,14,1128.0803167620852,1143.4476540892683
26,2025-11-24,15,1266.3070793582824,1283.5574185044825
26,2025-11-24,16,1432.7917835401383,1452.3100698980425
26,2025-11-24,17,1705.8546162118087,1729.0927163088854
26,2025-11-24,18,1839.11462231667,1864.1680643141476
26,2025-11-24,19,1261.53305442502,1278.7183591490539
26,2025-11-24,20,762.3968010413762,772.7825941845422
26,2025-11-24,21,445.8041546233815,451.8771467004182
26,2025-11-24,22,180.2704236999457,182.72616764826915
26,2025-11-24,23,91.89364628303855,93.14547262879876
26,2025-11-25,0,31.7509954391125,32.68931720657035
26,2025-11-25,1,1.4318420222061263,1.4741565549763918
26,2025-11-25,2,0.06791231520082874,0.06991929491123172
26,2025-11-25,3,-0.1303021139628413,0.0
26,2025-11-25,4,-0.37279419193157537,0.0
26,2025-11-25,5,75.65770343886624,77.89357885098349
26,2025-11-25,6,474.754258431759,488.78444075262803
26,2025-11-25,7,1211.4695932279824,1247.2715664958446
26,2025-11-25,8,2145.939701131181,2209.357616235126
26,2025-11-25,9,1444.0451967319698,1486.720363999873
26,2025-11-25,10,1145.5784486521727,1179.4331728847485
26,2025-11-25,11,1077.8866036588377,1109.740863630114
26,2025-11-25,12,1096.6121793746318,1129.0198272022353
26,2025-11-25,13,1125.3517296570146,1158.6087034740544
26,2025-11-25,14,1145.713418952138,1179.5721318965216
26,2025-11-25,15,1277.5774787044847,1315.333106246342
26,2025-11-25,16,1456.1440163578527,1499.1767341736524
26,2025-11-25,17,1720.3105754136309,1771.1500794157664
26,2025-11-25,18,1860.1535690482592,1915.125785210726
26,2025-11-25,19,1271.6163885783244,1309.1958509150975
26,2025-11-25,20,779.4868320841517,802.5226283442694
26,2025-11-25,21,463.49845614024923,477.19600119560073
26,2025-11-25,22,193.94873746159658,199.68041042536777
26,2025-11-25,23,105.8854751473666,109.01465723486743
26,2025-11-26,0,32.376038727776574,33.597214518838
26,2025-11-26,1,1.360900064570842,1.4122311809832413
26,2025-11-26,2,0.14302959908712864,0.14842446179034663
26,2025-11-26,3,-0.12415647841561395,0.0
26,2025-11-26,4,-0.29533840291986735,0.0
26,2025-11-26,5,82.32860662597193,85.43391861823865
26,2025-11-26,6,474.63272379300275,492.5351607407413
26,2025-11-26,7,1211.0420985113735,1256.7207964241456
26,2025-11-26,8,2160.1786914839945,2241.657403088815
26,2025-11-26,9,1452.358350064947,1507.1391363111534
26,2025-11-26,10,1154.3673771501133,1197.9083892800925
26,2025-11-26,11,1089.0344959521956,1130.1112494509687
26,2025-11-26,12,1108.0216375422815,1149.8145576433442
26,2025-11-26,13,1134.3095678471072,1177.0940293889028
26,2025-11-26,14,1153.4643318512458,1196.9712824622577
26,2025-11-26,15,1284.2763077521681,1332.7172905804714
26,2025-11-26,16,1460.2630671367324,1515.3420074963688
26,2025-11-26,17,1718.761942485851,1783.591074067063
26,2025-11-26,18,1860.7817112215755,1930.967616214459
26,2025-11-26,19,1271.3373905072779,1319.2903367158185
26,2025-11-26,20,779.0852078293749,808.4711374353662
26,2025-11-26,21,474.3245820060079,492.21539630609465
26,2025-11-26,22,207.6878156808921,215.52148967481222
26,2025-11-26,23,119.8519639285247,124.37260087522795
26,2025-11-27,0,33.22710514613931,33.80234268272777
26,2025-11-27,1,1.622227011081634,1.650311488063231
26,2025-11-27,2,0.03387937015793341,0.03446589990059691
26,2025-11-27,3,0.6310770789467597,0.6420024732203248
26,2025-11-27,4,1.4201373412631142,1.4447231817151343
26,2025-11-27,5,83.89556875006883,85.34799381346876
26,2025-11-27,6,468.70318274052795,476.8175117813821
26,2025-11-27,7,1195.4227591732383,1216.1182738786022
26,2025-11-27,8,2137.900457249498,2174.912426456284
26,2025-11-27,9,1454.672436068416,1479.8561583634157
26,2025-11-27,10,1152.2622002947392,1172.2105065551345
26,2025-11-27,11,1096.6292314978086,1115.61440323947
26,2025-11-27,12,1116.2309801200615,1135.5555031696595
26,2025-11-27,13,1145.0153542020962,1164.838200905421
26,2025-11-27,14,1166.8989776344438,1187.1006801417723
26,2025-11-27,15,1300.4002836527984,1322.9132005156232
26,2025-11-27,16,1466.238133290009,1491.6220843786223
26,2025-11-27,17,1717.5301907668613,1747.264584768616
26,2025-11-27,18,1843.1100717221104,1875.01854201032
26,2025-11-27,19,1265.1326096339817,1287.0349620243805
26,2025-11-27,20,782.0031092728311,795.5413799167571
26,2025-11-27,21,477.387415453182,485.6520885162077
26,2025-11-27,22,209.4388585922139,213.06472646582498
26,2025-11-27,23,124.57196170775569,126.72858859612269
26,2025-11-28,0,36.39016848999205,36.691614881470706
26,2025-11-28,1,1.9800416449893987,1.9964437786872318
26,2025-11-28,2,-0.04722223338171716,0.0
26,2025-11-28,3,0.5061130258987987,0.5103055304039509
26,2025-11-28,4,-0.0940151000773426,0.0
26,2025-11-28,5,81.29602775118383,81.96946223154032
26,2025-11-28,6,478.2009766706242,482.1622652493944
26,2025-11-28,7,1178.1305021778826,1187.8898191392793
26,2025-11-28,8,2094.2417028660016,2111.589839200866
26,2025-11-28,9,1419.7262522795425,1431.4868836092623
26,2025-11-28,10,1154.8628381918245,1164.4294120679929
26,2025-11-28,11,1112.845728822908,1122.0642442391904
26,2025-11-28,12,1136.905258932257,1146.3230770402577
26,2025-11-28,13,1171.5328131739006,1181.2374766498951
26,2025-11-28,14,1212.379863505672,1222.4228929864416
26,2025-11-28,15,1357.2246216672738,1368.4675062595807
26,2025-11-28,16,1533.0836233502257,1545.7832767255886
26,2025-11-28,17,1678.9547968599252,1692.8628078961588
26,2025-11-28,18,1619.9736448159,1633.393071814557
26,2025-11-28,19,1170.8773645911597,1180.576598506966
26,2025-11-28,20,735.8339655056407,741.929416635253
26,2025-11-28,21,467.5585040059872,471.4316331968159
26,2025-11-28,22,211.981042954742,213.73703703534548
26,2025-11-28,23,137.38980380541983,138.52790407540056
26,2025-11-29,0,50.43744449432461,51.92651687404971
26,2025-11-29,1,3.498671209384213,3.601963014031843
26,2025-11-29,2,-0.05053245796915462,0.0
26,2025-11-29,3,-0.10009998758692973,0.0
26,2025-11-29,4,3.80309459424069,3.915373936989764
26,2025-11-29,5,59.218762627639705,60.9670872042395
26,2025-11-29,6,246.9435548285919,254.2341071262557
26,2025-11-29,7,390.27663878123855,401.79883561511036
26,2025-11-29,8,565.3267131256381,582.0169400488298
26,2025-11-29,9,683.4233077601625,703.6001184897493
26,2025-11-29,10,762.5569650101047,785.0700507928573
26,2025-11-29,11,860.7450944317288,886.1570033607466
26,2025-11-29,12,928.4256581459133,955.8357106978174
26,2025-11-29,13,971.589599811488,1000.2739880078458
26,2025-11-29,14,975.714004311953,1004.5201579325116
26,2025-11-29,15,959.1673294777821,987.4849730891822
26,2025-11-29,16,935.8668548971476,963.4965950376171
26,2025-11-29,17,905.0325460369124,931.7519601659827
26,2025-11-29,18,842.7587105990003,867.6396047701339
26,2025-11-29,19,713.9043967119088,734.981105287571
26,2025-11-29,20,513.4358409063159,528.5940856810003
26,2025-11-29,21,381.5753136790428,392.84061996251916
26,2025-11-29,22,214.87561356609802,221.2194191344742
26,2025-11-29,23,146.08415430513963,150.3970191116776
26,2025-11-30,0,53.301364251276766,52.34796717656548
26,2025-11-30,1,4.625507928445586,4.542771852362351
26,2025-11-30,2,0.26221159732654087,0.25752144026662077
26,2025-11-30,3,0.2706685865117606,0.26582715998879186
26,2025-11-30,4,2.2623512258789447,2.221884737431216
26,2025-11-30,5,31.925803821926763,31.354749620984762
26,2025-11-30,6,146.123888157585,143.51018230836664
26,2025-11-30,7,226.97206282328875,222.91223238974172
26,2025-11-30,8,377.4261003667483,370.6751110616157
26,2025-11-30,9,494.38312093412566,485.54013111752
26,2025-11-30,10,592.9849163756999,582.3782444347098
26,2025-11-30,11,709.3581455942838,696.6699153691819
26,2025-11-30,12,778.9876218820177,765.0539349985563
26,2025-11-30,13,836.5614953185714,821.5979893435115
26,2025-11-30,14,842.7923436597746,827.7173870180213
26,2025-11-30,15,811.1953991169952,796.6856143975756
26,2025-11-30,16,778.1047851108624,764.1868894553909
26,2025-11-30,17,751.364467453758,737.9248736389477
26,2025-11-30,18,688.7319338976572,676.4126430077895
26,2025-11-30,19,568.2461235866605,558.0819523772797
26,2025-11-30,20,419.23058067767136,411.73183810584254
26,2025-11-30,21,307.934017575293,302.4260273824652
26,2025-11-30,22,163.44807593615604,160.52449377923242
26,2025-11-30,23,101.19635081995108,99.38626009903886
26,2025-12-01,0,33.26357193287839,33.716706805461556
26,2025-12-01,1,1.9267323411509665,1.952979360432932
26,2025-12-01,2,0.02227061910946304,0.022574001866218035
26,2025-12-01,3,0.5713434737581338,0.5791266322446917
26,2025-12-01,4,0.004269605240551755,0.004327768177188921
26,2025-12-01,5,72.64219039658661,73.63176270577641
26,2025-12-01,6,477.6998459923632,484.20733891235204
26,2025-12-01,7,1159.0909496649083,1174.880731076494
26,2025-12-01,8,1986.2741322126467,2013.33226287978
26,2025-12-01,9,1385.6038609405146,1404.4793271786255
26,2025-12-01,10,1076.8582094379267,1091.5277707378507
26,2025-12-01,11,1011.5888797753263,1025.369305974548
26,2025-12-01,12,1026.015963492017,1039.9929234475924
26,2025-12-01,13,1045.0379908798488,1059.2740794694162
26,2025-12-01,14,1045.8076184539902,1060.0541913383126
26,2025-12-01,15,1179.2016378427343,1195.2653782309267
26,2025-12-01,16,1341.723242854776,1360.0009429141592
26,2025-12-01,17,1633.1740752851408,1655.4220806407827
26,2025-12-01,18,1775.5416882683362,1799.729104409425
26,2025-12-01,19,1233.1056519300041,1249.9037027706172
26,2025-12-01,20,736.6414174440541,746.6763564309601
26,2025-12-01,21,431.4571361421983,437.33468515603846
26,2025-12-01,22,180.01742241626073,182.46971984042023
26,2025-12-01,23,84.35946309163853,85.5086546046952
26,2025-12-02,0,31.387430786357356,32.31500830397861
26,2025-12-02,1,1.5299087449395756,1.575121395999723
26,2025-12-02,2,0.11848362794529521,0.12198511713172543
26,2025-12-02,3,-0.1841691520121458,0.0
26,2025-12-02,4,-0.37488038465033924,0.0
26,2025-12-02,5,76.46618778589055,78.72595594376178
26,2025-12-02,6,492.01740957304634,506.55776142613826
26,2025-12-02,7,1180.390605863282,1215.2741168923533
26,2025-12-02,8,2030.9479630691008,2090.9675831146
26,2025-12-02,9,1417.427918512374,1459.3164782677088
26,2025-12-02,10,1119.399261974164,1152.4803254010046
26,2025-12-02,11,1047.7187475284416,1078.681471480352
26,2025-12-02,12,1059.4751879629866,1090.7853442966223
26,2025-12-02,13,1079.178257353727,1111.0706889401345
26,2025-12-02,14,1078.978886018111,1110.8654256801417
26,2025-12-02,15,1208.91444074137,1244.6409028271669
26,2025-12-02,16,1382.422702866224,1423.2767704627752
26,2025-12-02,17,1655.186052106957,1704.100962660325
26,2025-12-02,18,1794.4851809954775,1847.5167311381354
26,2025-12-02,19,1244.8358200071625,1281.623849190811
26,2025-12-02,20,754.9440604270505,777.2545560608062
26,2025-12-02,21,448.5137768687233,461.76848696585085
26,2025-12-02,22,193.53808615768492,199.25762334265715
26,2025-12-02,23,94.30216132005421,97.08902735247872
26,2025-12-03,0,32.00936910448934,33.21671466539071
26,2025-12-03,1,1.3155520327301815,1.3651726891594518
26,2025-12-03,2,0.05526390283847604,0.05734837465522175
26,2025-12-03,3,-0.26619453622885203,0.0
26,2025-12-03,4,-0.25963235597379253,0.0
26,2025-12-03,5,78.2017917882414,81.15144649283302
26,2025-12-03,6,489.64290068431455,508.1114990699406
26,2025-12-03,7,1181.1832979186042,1225.7357665004627
26,2025-12-03,8,2056.754899624175,2134.3326203789125
26,2025-12-03,9,1436.011340304874,1490.1755417754352
26,2025-12-03,10,1142.7319043522518,1185.8340438388611
26,2025-12-03,11,1073.951996882073,1114.4598610584676
26,2025-12-03,12,1091.0392799194892,1132.191650873126
26,2025-12-03,13,1111.431388330273,1153.35291913479
26,2025-12-03,14,1110.3654606916903,1152.2467862988326
26,2025-12-03,15,1238.3552136532953,1285.0641214465977
26,2025-12-03,16,1409.1448925114435,1462.2957317262633
26,2025-12-03,17,1670.2010488944952,1733.1985361493369
26,2025-12-03,18,1805.5589888389222,1873.6619752803047
26,2025-12-03,19,1247.2451315608844,1294.2893537706464
26,2025-12-03,20,757.0195911347465,785.5732386586436
26,2025-12-03,21,460.0584909496493,477.4112096174203
26,2025-12-03,22,208.04903433949957,215.8963329613391
26,2025-12-03,23,109.65316987603921,113.78912355436499
26,2025-12-04,0,33.29611595496323,33.87254822721979
26,2025-12-04,1,1.790939478187056,1.8219447556278758
26,2025-12-04,2,0.06205324126420919,0.06312752545132565
26,2025-12-04,3,0.605360622012654,0.6158408053275305
26,2025-12-04,4,1.5912820139732844,1.6188307619520674
26,2025-12-04,5,86.06395859322203,87.55392346715473
26,2025-12-04,6,487.5798005734954,496.0209272421778
26,2025-12-04,7,1170.1825483656578,1190.4410970270624
26,2025-12-04,8,2036.9001038266472,2072.16352484538
26,2025-12-04,9,1440.87767677463,1465.822580089791
26,2025-12-04,10,1142.7449759367141,1162.5285171755768
26,2025-12-04,11,1082.8245769903165,1101.5707584432537
26,2025-12-04,12,1100.5264670598997,1119.579108903888
26,2025-12-04,13,1123.4150192478928,1142.8639145216878
26,2025-12-04,14,1124.695885384312,1144.1669553939973
26,2025-12-04,15,1256.0767355938779,1277.8223099968002
26,2025-12-04,16,1419.0820589376895,1443.6496300279157
26,2025-12-04,17,1673.208669724297,1702.17575635846
26,2025-12-04,18,1793.3830468901651,1824.430628119867
26,2025-12-04,19,1248.1388474587104,1269.7469987789866
26,2025-12-04,20,766.9436645327937,780.2212215859164
26,2025-12-04,21,470.64701254564443,478.79499374679733
26,2025-12-04,22,212.89653108937918,216.58225921867162
26,2025-12-04,23,115.71677339866937,117.72009663068286
26,2025-12-05,0,36.182483918354535,36.482209906568144
26,2025-12-05,1,2.087552685654998,2.104845411966099
26,2025-12-05,2,-0.060416918499981875,0.0
26,2025-12-05,3,0.415668252773969,0.41911153704690146
26,2025-12-05,4,0.027199574192934506,0.027424888167297417
26,2025-12-05,5,80.38688716726494,81.05279057096692
26,2025-12-05,6,490.79247541483437,494.85806859062217
26,2025-12-05,7,1154.5673809197401,1164.1315073071444
26,2025-12-05,8,1995.0360701548468,2011.5624136474123
26,2025-12-05,9,1405.3097317111865,1416.9509404527917
26,2025-12-05,10,1144.6989041089,1154.1812826823352
26,2025-12-05,11,1101.9971126296698,1111.1257610203327
26,2025-12-05,12,1122.0342454566257,1131.3288760792182
26,2025-12-05,13,1153.5197470195144,1163.0751950887927
26,2025-12-05,14,1171.2657537000769,1180.9682049270482
26,2025-12-05,15,1312.555819024456,1323.428679241304
26,2025-12-05,16,1481.9905006750482,1494.2669123315923
26,2025-12-05,17,1638.652669555899,1652.226828583504
26,2025-12-05,18,1578.500172910177,1591.576044795823
26,2025-12-05,19,1156.0142460853476,1165.5903579155577
26,2025-12-05,20,726.5898868092786,732.6087624713624
26,2025-12-05,21,462.0308925345015,465.85823247508165
26,2025-12-05,22,215.5628305159486,217.34849516363576
26,2025-12-05,23,125.6719907157231,126.71302376621894
26,2025-12-06,0,51.398307197154395,52.915747273257395
26,2025-12-06,1,3.4095698048354848,3.5102310551035574
26,2025-12-06,2,-0.2095949877888188,0.0
26,2025-12-06,3,-0.2284197174439555,0.0
26,2025-12-06,4,2.3636852447914976,2.433468685401357
26,2025-12-06,5,47.15251202090178,48.54460283733641
26,2025-12-06,6,229.3085176104723,236.07842801003437
26,2025-12-06,7,359.6269172912767,370.24423771488347
26,2025-12-06,8,519.9938107800955,535.3456675013013
26,2025-12-06,9,656.2230660459658,675.5968398837248
26,2025-12-06,10,733.8101789557952,755.4745689818832
26,2025-12-06,11,835.3094656087017,859.9704345818782
26,2025-12-06,12,904.8271163138945,931.5404655098663
26,2025-12-06,13,951.7591590439208,979.8580901077689
26,2025-12-06,14,939.952040206234,967.7023878967252
26,2025-12-06,15,927.8504751487077,955.2435464851078
26,2025-12-06,16,902.835515724338,929.4900665918242
26,2025-12-06,17,876.96854151852,902.8594177545272
26,2025-12-06,18,806.0512184796919,829.8483917527536
26,2025-12-06,19,694.9883400354979,715.5065869798749
26,2025-12-06,20,500.56474979902873,515.3429993844853
26,2025-12-06,21,373.23936440829686,384.2585671878724
26,2025-12-06,22,211.99946963860125,218.25836237038376
26,2025-12-06,23,131.93094136305353,135.82595870155015
26,2025-12-07,0,53.61683514244129,52.65779526610536
26,2025-12-07,1,4.184749416205932,4.109897151018087
26,2025-12-07,2,-0.09702809985299155,0.0
26,2025-12-07,3,-0.0047586937051278255,0.0
26,2025-12-07,4,2.013883644639691,1.9778614751778203
26,2025-12-07,5,22.82649173426273,22.418196172768805
26,2025-12-07,6,134.48418637909515,132.07867890869892
26,2025-12-07,7,210.1163247802503,206.35799153290236
26,2025-12-07,8,344.13146122034425,337.97601035989584
26,2025-12-07,9,485.4461905589009,476.7630548735417
26,2025-12-07,10,589.8184671738065,579.2684332466594
26,2025-12-07,11,708.5917325191475,695.917211061056
26,2025-12-07,12,780.2412483459556,766.2851379500702
26,2025-12-07,13,841.9670748175888,826.906879691062
26,2025-12-07,14,830.4905330357353,815.6356178587242
26,2025-12-07,15,802.4187110827108,788.0659142530963
26,2025-12-07,16,766.8962968439492,753.1788864870384
26,2025-12-07,17,736.6757224032607,723.4988649510001
26,2025-12-07,18,663.1261849550851,651.2649019695284
26,2025-12-07,19,550.8169666712222,540.9645493437781
26,2025-12-07,20,408.7058740844632,401.39538606519807
26,2025-12-07,21,300.0660735124136,294.6988165814621
26,2025-12-07,22,162.35285684739796,159.44886478333703
26,2025-12-07,23,88.96330500675396,87.37202576012463
26,2025-12-08,0,32.68923824961274,33.13454922941278
26,2025-12-08,1,1.8643948708586322,1.889792694458454
26,2025-12-08,2,-0.026256706107687933,0.0
26,2025-12-08,3,-1.2184498890711666,0.0
26,2025-12-08,4,-1.6211162777874506,0.0
26,2025-12-08,5,74.4868654885762,75.50156698757317
26,2025-12-08,6,481.433542338853,487.99189774653996
26,2025-12-08,7,1177.4507757492784,1193.490664920493
26,2025-12-08,8,2015.5730968888768,2043.0303543440823
26,2025-12-08,9,1413.3536447685997,1432.6071339918706
26,2025-12-08,10,1107.7988832564704,1122.8899356192512
26,2025-12-08,11,1048.0415425157007,1062.318547155732
26,2025-12-08,12,1064.7200030331883,1079.224210936198
26,2025-12-08,13,1086.376000358182,1101.1752182982475
26,2025-12-08,14,1083.5723448417298,1098.3333698274193
26,2025-12-08,15,1218.916706977499,1235.5214681204177
26,2025-12-08,16,1381.222002531665,1400.0377766580636
26,2025-12-08,17,1664.8648345785957,1687.5445490785075
26,2025-12-08,18,1789.443417099887,1813.8202103209683
26,2025-12-08,19,1248.1302614924216,1265.1329859187042
26,2025-12-08,20,750.44381119322,760.6667740623924
26,2025-12-08,21,441.1702580165025,447.18012457735114
26,2025-12-08,22,185.53286383943595,188.06029567344095
26,2025-12-08,23,88.59285954411376,89.79972073756306
26,2025-12-09,0,32.57339960723294,33.536025486165826
26,2025-12-09,1,1.476842712855671,1.520487129209211
26,2025-12-09,2,0.10260997536232708,0.10564235819345498
26,2025-12-09,3,0.7416575866161566,0.7635754335339553
26,2025-12-09,4,0.5873977161148218,0.6047567959031237
26,2025-12-09,5,82.15157722990847,84.57936294433243
26,2025-12-09,6,501.5377042620726,516.3594047663103
26,2025-12-09,7,1206.4450140541062,1242.0984983708045
26,2025-12-09,8,2068.6816838403493,2129.816430233139
26,2025-12-09,9,1453.6124584354761,1496.5703623479228
26,2025-12-09,10,1159.5118314985637,1193.7783222360406
26,2025-12-09,11,1090.6019175318006,1122.831947006428
26,2025-12-09,12,1104.6510431730408,1137.2962596432446
26,2025-12-09,13,1126.5623245168745,1159.8550744566112
26,2025-12-09,14,1125.3551134196764,1158.6121872354129
26,2025-12-09,15,1255.947340836922,1293.0637434060322
26,2025-12-09,16,1428.7825319987248,1471.0066491388902
26,2025-12-09,17,1694.6576075204753,1744.7390018053832
26,2025-12-09,18,1823.4116879288342,1877.2980891001516
26,2025-12-09,19,1266.8051730339807,1304.242451851442
26,2025-12-09,20,775.6140775879671,798.5354242129306
26,2025-12-09,21,465.2405700185625,478.98959892035106
26,2025-12-09,22,203.23121193733766,209.2372053668455
26,2025-12-09,23,101.29430494207747,104.28780640343894
26,2025-12-10,0,32.54731407151456,33.77495011255089
26,2025-12-10,1,1.3833389003318644,1.4355163760917231
26,2025-12-10,2,0.07367773817401257,0.07645675233799908
26,2025-12-10,3,-0.8203097370582668,0.0
26,2025-12-10,4,-0.8491903400761771,0.0
26,2025-12-10,5,81.28708528913705,84.35311265325298
26,2025-12-10,6,497.28327495867177,516.0400568424998
26,2025-12-10,7,1204.5700956129695,1250.0046792495739
26,2025-12-10,8,2080.2188524452317,2158.681598430777
26,2025-12-10,9,1455.9306921569878,1510.8462218076259
26,2025-12-10,10,1164.5493371230323,1208.474397565068
26,2025-12-10,11,1098.1118864532853,1139.5310255545448
26,2025-12-10,12,1114.1402579143407,1156.1639632308486
26,2025-12-10,13,1138.0399307578107,1180.9650960131373
26,2025-12-10,14,1135.92852320579,1178.7740493239983
26,2025-12-10,15,1265.0747565864199,1312.7914856036996
26,2025-12-10,16,1435.200658986519,1489.3342827694094
26,2025-12-10,17,1696.6420849756898,1760.6368885923146
26,2025-12-10,18,1821.8406507668592,1890.5577571613287
26,2025-12-10,19,1263.3364092192714,1310.9875703720243
26,2025-12-10,20,771.6080034724949,800.7119041056952
26,2025-12-10,21,471.9746046750655,489.7767813425432
26,2025-12-10,22,213.51411764983834,221.56755104594208
26,2025-12-10,23,110.75138743608113,114.92876423935799
26,2025-12-11,0,33.160687036842205,33.734774723348664
26,2025-12-11,1,1.7831837030452107,1.8140547101977431
26,2025-12-11,2,0.05972359495808632,0.06075754761477415
26,2025-12-11,3,0.46976313641022216,0.47789581568457307
26,2025-12-11,4,1.4301607825985343,1.4549201518511095
26,2025-12-11,5,84.19038287495414,85.64791184825548
26,2025-12-11,6,488.144075471648,496.5949710353619
26,2025-12-11,7,1186.4039478581535,1206.9433262169705
26,2025-12-11,8,2054.78419793395,2090.3572337142805
26,2025-12-11,9,1454.3210018180534,1479.4986399786826
26,2025-12-11,10,1157.6126326047497,1177.6535671422146
26,2025-12-11,11,1100.3328035775417,1119.3820926616665
26,2025-12-11,12,1116.734348693864,1136.0675862100734
26,2025-12-11,13,1142.2742498244284,1162.0496417126917
26,2025-12-11,14,1142.5166339907198,1162.296222105832
26,2025-12-11,15,1275.8159644724701,1297.9032702824572
26,2025-12-11,16,1438.306010130922,1463.2063919875166
26,2025-12-11,17,1692.163636586748,1721.4588772504635
26,2025-12-11,18,1804.592919683186,1835.8345695680587
26,2025-12-11,19,1255.2690282737967,1277.000619407125
26,2025-12-11,20,771.7528579912272,785.1136732332844
26,2025-12-11,21,472.78390739174586,480.96888315266597
26,2025-12-11,22,213.97936431540396,217.68383877588397
26,2025-12-11,23,115.03897560539394,117.03056460021782
26,2025-12-12,0,35.639673046556254,35.93490253515613
26,2025-12-12,1,2.09859142587527,2.115975594148416
26,2025-12-12,2,-0.05090412534997313,0.0
26,2025-12-12,3,0.2297597169244341,0.23166298476978842
26,2025-12-12,4,-0.19053163130377015,0.0
26,2025-12-12,5,77.64945793711468,78.2926852115873
26,2025-12-12,6,488.85098943351164,492.90049986037405
26,2025-12-12,7,1162.814570928324,1172.4470148248547
26,2025-12-12,8,2006.5757096902219,2023.197644460356
26,2025-12-12,9,1412.0164909346515,1423.713256670091
26,2025-12-12,10,1153.8711626210093,1163.4295217228378
26,2025-12-12,11,1113.1824434160324,1122.4037480856562
26,2025-12-12,12,1132.43972313191,1141.820549939543
26,2025-12-12,13,1165.2708118565884,1174.9236025939047
26,2025-12-12,14,1184.4615669942052,1194.2733287977746
26,2025-12-12,15,1328.1683255023981,1339.1705155337265
26,2025-12-12,16,1499.7078433959923,1512.131020765679
26,2025-12-12,17,1647.2082962257057,1660.8533277689783
26,2025-12-12,18,1575.5861360723604,1588.6378688587429
26,2025-12-12,19,1152.5016417877923,1162.0486561465113
26,2025-12-12,20,720.5039247572663,726.4723859427104
26,2025-12-12,21,456.83620065194077,460.6205091588173
26,2025-12-12,22,212.42891944752657,214.18862361682105
26,2025-12-12,23,123.11112523883827,124.13094476686082
26,2025-12-13,0,51.13089834261166,52.64044366624681
26,2025-12-13,1,3.3725315205245465,3.472099283866135
26,2025-12-13,2,-0.18397375425882956,0.0
26,2025-12-13,3,-0.3494981621458919,0.0
26,2025-12-13,4,2.2188421059619827,2.2843493204547958
26,2025-12-13,5,47.535240562807076,48.9386307324583
26,2025-12-13,6,230.72956867516757,237.54143298242323
26,2025-12-13,7,365.0593876462931,375.8370917221731
26,2025-12-13,8,530.760032693289,546.4297422289198
26,2025-12-13,9,667.3334631660857,687.0352509554875
26,2025-12-13,10,749.7200245278709,771.8541233555168
26,2025-12-13,11,851.0116102498421,876.1361560382596
26,2025-12-13,12,919.8655655961209,947.0228972278518
26,2025-12-13,13,969.6140731164734,998.2401375363899
26,2025-12-13,14,958.5566926925264,986.8563083808212
26,2025-12-13,15,947.6269523218828,975.6038876153506
26,2025-12-13,16,921.3070222111662,948.5069101867714
26,2025-12-13,17,894.0226035929285,920.4169695091072
26,2025-12-13,18,818.5882861906769,842.7555932292047
26,2025-12-13,19,701.4842608195073,722.1942878256485
26,2025-12-13,20,503.5951711304034,518.4628883078191
26,2025-12-13,21,376.1055308940206,387.209351944652
26,2025-12-13,22,213.8616390810705,220.1755089258085
26,2025-12-13,23,132.03086635196564,135.92883379117663
26,2025-12-14,0,53.60281926458799,52.644030089094954
26,2025-12-14,1,4.474707408892868,4.394668689176137
26,2025-12-14,2,0.1460775951130131,0.14346471730363752
26,2025-12-14,3,0.0626445574462764,0.061524039451008906
26,2025-12-14,4,2.0432699018742824,2.006722102870322
26,2025-12-14,5,24.652199989545352,24.21124813614758
26,2025-12-14,6,136.83506889812634,134.3875113873959
26,2025-12-14,7,219.50161337623211,215.5754062513874
26,2025-12-14,8,355.140721796962,348.78834920709966
26,2025-12-14,9,496.3644183140783,487.4859891958203
26,2025-12-14,10,600.3015661401247,589.5640218925797
26,2025-12-14,11,716.5379649787876,703.7213099207703
26,2025-12-14,12,787.4205392092156,773.3360134340303
26,2025-12-14,13,849.2796259313507,834.0886318104929
26,2025-12-14,14,839.6335539236757,824.6150982915368
26,2025-12-14,15,814.8397915889764,800.2648199241437
26,2025-12-14,16,778.7152147332513,764.7864003738315
26,2025-12-14,17,747.4584610465442,734.0887336438745
26,2025-12-14,18,677.545816445913,665.4266107096935
26,2025-12-14,19,560.3600874220754,550.3369730864912
26,2025-12-14,20,416.0999186438227,408.6571739637347
26,2025-12-14,21,306.96752575536135,301.47682312143183
26,2025-12-14,22,164.7062435618887,161.76015666515738
26,2025-12-14,23,91.15394141349196,89.52347843542766
26,2025-12-15,0,33.30923233412858,33.76298921808636
26,2025-12-15,1,1.848980666890327,1.8741685096328542
26,2025-12-15,2,-0.037816824232265844,0.0
26,2025-12-15,3,0.39041849971420106,0.39573699760369685
26,2025-12-15,4,-0.07367748357330584,0.0
26,2025-12-15,5,75.8597567136415,76.89316050028202
26,2025-12-15,6,484.3470586487441,490.94510359562173
26,2025-12-15,7,1188.195057133934,1204.381310880368
26,2025-12-15,8,2034.3769992724172,2062.090413941521
26,2025-12-15,9,1425.8757332914502,1445.2998053673
26,2025-12-15,10,1116.5827980821732,1131.7935098168746
26,2025-12-15,11,1054.4077735202684,1068.7715024988916
26,2025-12-15,12,1070.1980924155503,1084.7769258981366
26,2025-12-15,13,1091.0187999033878,1105.8812646404176
26,2025-12-15,14,1089.7651292050964,1104.6105157427892
26,2025-12-15,15,1224.9197983171882,1241.6063369082656
26,2025-12-15,16,1389.2255699985185,1408.1503731712148
26,2025-12-15,17,1671.9131864555384,1694.6889175238489
26,2025-12-15,18,1803.4182159159334,1827.9853816169655
26,2025-12-15,19,1252.2452362499814,1269.304017150482
26,2025-12-15,20,753.2462724460058,763.5074120006306
26,2025-12-15,21,443.1360626339541,449.17270847835806
26,2025-12-15,22,187.23619840500209,189.78683400957303
26,2025-12-15,23,90.69720921874449,91.93273703355388
26,2025-12-16,0,31.668452967433097,32.60433539726246
26,2025-12-16,1,1.4060820006533845,1.4476352600015465
26,2025-12-16,2,0.009667044761215493,0.009952730246063756
26,2025-12-16,3,-0.8608232903735598,0.0
26,2025-12-16,4,-1.100744734099294,0.0
26,2025-12-16,5,81.15551241196357,83.55386190596197
26,2025-12-16,6,499.716081367401,514.4839483338068
26,2025-12-16,7,1214.8438537562479,1250.7455449088238
26,2025-12-16,8,2087.70082280685,2149.3976325883223
26,2025-12-16,9,1467.6184315110854,1510.9902471522673
26,2025-12-16,10,1169.7014660439022,1204.2690861086364
26,2025-12-16,11,1099.8885450508938,1132.3930177241336
26,2025-12-16,12,1112.572949522813,1145.4522782488675
26,2025-12-16,13,1134.930914503674,1168.4709773241236
26,2025-12-16,14,1134.9008724694522,1168.4400474722363
26,2025-12-16,15,1266.2059490424097,1303.6255192839003
26,2025-12-16,16,1440.568952097769,1483.1413875941428
26,2025-12-16,17,1704.0950748282835,1754.455370006915
26,2025-12-16,18,1833.3179197208465,1887.497074955316
26,2025-12-16,19,1268.3008930211295,1305.7823741258749
26,2025-12-16,20,775.8213040396324,798.7487747274072
26,2025-12-16,21,465.5757821168855,479.33471737922184
26,2025-12-16,22,205.171271055839,211.23459811145426
26,2025-12-16,23,104.3031213818299,107.38554093601522
26,2025-12-17,0,32.550272366633806,33.77801999014052
26,2025-12-17,1,1.470290638405288,1.5257478037658045
26,2025-12-17,2,0.1657104464609347,0.17196079682793192
26,2025-12-17,3,-0.7329313693687709,0.0
26,2025-12-17,4,-1.027391439399537,0.0
26,2025-12-17,5,79.35172486781539,82.34475332945999
26,2025-12-17,6,497.30442795126265,516.0620076943555
26,2025-12-17,7,1203.1478692244368,1248.5288086073483
26,2025-12-17,8,2091.633900889561,2170.5272054413103
26,2025-12-17,9,1464.4896895074971,1519.7280517457807
26,2025-12-17,10,1169.780008832708,1213.9023623937865
26,2025-12-17,11,1102.2237038784747,1143.7979345874237
26,2025-12-17,12,1116.5572301124403,1158.6721000078148
26,2025-12-17,13,1140.4569029559107,1183.4732327901038
26,2025-12-17,14,1140.3031130203717,1183.3136421280533
26,2025-12-17,15,1270.626055112075,1318.5521708126819
26,2025-12-17,16,1429.092043361531,1482.9952592930824
26,2025-12-17,17,1687.9918339943238,1751.6603630727361
26,2025-12-17,18,1815.0099117466646,1883.4693728746252
26,2025-12-17,19,1258.5998890319563,1306.0723957225232
26,2025-12-17,20,764.5981317799502,793.4376305299751
26,2025-12-17,21,470.0165048114459,487.7448248786755
26,2025-12-17,22,213.31181163130435,221.35761434675885
26,2025-12-17,23,111.48098986963271,115.68588618622755
26,2025-12-18,0,33.093068770823265,33.66598582977725
26,2025-12-18,1,1.7768693685282528,1.8076310600417385
26,2025-12-18,2,0.04825235928689153,0.04908771849644933
26,2025-12-18,3,0.36378610831883407,0.37008408173162605
26,2025-12-18,4,0.9855158488715574,1.0025773926527686
26,2025-12-18,5,83.94753143545978,85.40085609233941
26,2025-12-18,6,488.7677316739605,497.2294241595223
26,2025-12-18,7,1184.2657663652567,1204.768127889494
26,2025-12-18,8,2063.7848072885718,2099.5136642976904
26,2025-12-18,9,1462.0377510528197,1487.3489838736143
26,2025-12-18,10,1161.5112187066234,1181.6196467273621
26,2025-12-18,11,1103.7073166335567,1122.8150262923596
26,2025-12-18,12,1118.8949766538826,1138.2656196045932
26,2025-12-18,13,1144.4348777844466,1164.247675107211
26,2025-12-18,14,1143.7629019103074,1163.5640657866795
26,2025-12-18,15,1273.5082905241102,1295.5556451956677
26,2025-12-18,16,1436.3846670930106,1461.251786086915
26,2025-12-18,17,1690.5878511531123,1719.8558113502613
26,2025-12-18,18,1807.7802024785635,1839.0770315521004
26,2025-12-18,19,1254.5903330739438,1276.3101744339126
26,2025-12-18,20,769.7051792722713,783.0305444907157
26,2025-12-18,21,471.9485843279906,480.1190987273405
26,2025-12-18,22,214.15561789409196,217.86314370900004
26,2025-12-18,23,114.33984355290363,116.31932896549078
26,2025-12-19,0,35.89837987052749,36.19575241704034
26,2025-12-19,1,2.098413375448672,2.1157960687998587
26,2025-12-19,2,-0.03901670284551528,0.0
26,2025-12-19,3,0.22650551801962138,0.22838182895442227
26,2025-12-19,4,-0.44455781308715814,0.0
26,2025-12-19,5,79.38834862125697,80.04598039957393
26,2025-12-19,6,492.5357011534654,496.61573474352576
26,2025-12-19,7,1166.510681283151,1176.1737427661124
26,2025-12-19,8,2016.1373778965183,2032.838518960465
26,2025-12-19,9,1421.776450381808,1433.5540650024932
26,2025-12-19,10,1162.088836899226,1171.71526900979
26,2025-12-19,11,1124.1869193864088,1133.4993821822252
26,2025-12-19,12,1141.9959451874192,1151.455933174413
26,2025-12-19,13,1174.4757956750059,1184.2048380283718
26,2025-12-19,14,1194.1187024390904,1204.0104613614608
26,2025-12-19,15,1338.3133238645974,1349.399552340229
26,2025-12-19,16,1510.541269441872,1523.0541880060734
26,2025-12-19,17,1657.1019718222626,1670.8289599194836
26,2025-12-19,18,1587.1759750601288,1600.3237149628742
26,2025-12-19,19,1162.3018412117722,1171.9300377929078
26,2025-12-19,20,726.175276419383,732.1907175602461
26,2025-12-19,21,462.0479149224873,465.87539587196204
26,2025-12-19,22,217.44802531362308,219.24930640917444
26,2025-12-19,23,125.48030953718057,126.5197547522257
26,2025-12-20,0,51.68750067236931,53.213478651624555
26,2025-12-20,1,3.382461925201369,3.4823228653974154
26,2025-12-20,2,-0.1650941899680447,0.0
26,2025-12-20,3,-0.3399855620150447,0.0
26,2025-12-20,4,2.2731952712234715,2.340307162518469
26,2025-12-20,5,47.037764676946495,48.42646779001424
26,2025-12-20,6,230.43628160134122,237.23948714950743
26,2025-12-20,7,370.240842074967,381.1715190215763
26,2025-12-20,8,541.6662926853277,557.6579894009806
26,2025-12-20,9,679.2274458154664,699.2803814718089
26,2025-12-20,10,762.124720228546,784.6250447825736
26,2025-12-20,11,864.5827351537278,890.1079433361024
26,2025-12-20,12,932.8069589760651,960.3463613417604
26,2025-12-20,13,982.2042282593263,1011.2019937530707
26,2025-12-20,14,969.674715590247,998.3025703671818
26,2025-12-20,15,957.354007081132,985.6181156983731
26,2025-12-20,16,930.2723903299704,957.7369642382913
26,2025-12-20,17,903.8683471565687,930.5533904642263
26,2025-12-20,18,831.928251033218,856.4893958918948
26,2025-12-20,19,710.4986240019671,731.4747834295739
26,2025-12-20,20,512.6634085399899,527.7988486759097
26,2025-12-20,21,382.7922930285621,394.0935283793065
26,2025-12-20,22,221.58316206765767,228.12499561523614
26,2025-12-20,23,137.89491606973928,141.96600874468766
26,2025-12-21,0,54.18707465719518,53.21783495402765
26,2025-12-21,1,4.28492042157103,4.20827640593125
26,2025-12-21,2,-0.05651851441160716,0.0
26,2025-12-21,3,-0.12721454615950734,0.0
26,2025-12-21,4,1.9038148053506916,1.869761428073957
26,2025-12-21,5,23.433454314299865,23.014302063556137
26,2025-12-21,6,133.90322403301303,131.50810818784166
26,2025-12-21,7,214.33038071678186,210.49667100095144
26,2025-12-21,8,353.06008385269,346.7449274609019
26,2025-12-21,9,495.79397462149024,486.92574898217583
26,2025-12-21,10,602.5296499273555,591.7522521301913
26,2025-12-21,11,718.6780480023451,705.8231134570583
26,2025-12-21,12,790.0184368638386,775.8874427091079
26,2025-12-21,13,851.2561584788468,836.0298102844991
26,2025-12-21,14,842.6480672594034,827.5756912776388
26,2025-12-21,15,816.3380898372268,801.7363182360887
26,2025-12-21,16,779.681754528594,765.7356517521436
26,2025-12-21,17,749.8154214567876,736.4035352990485
26,2025-12-21,18,676.4541318467909,664.3544529823115
26,2025-12-21,19,557.598206816873,547.6244940102495
26,2025-12-21,20,415.53439033020913,408.1017612080893
26,2025-12-21,21,307.1584652411299,301.6643472884794
26,2025-12-21,22,169.3455556672356,166.3164857802555
26,2025-12-21,23,92.52507377929152,90.87008547049773
26,2025-12-22,0,33.3830799664039,33.837842843870405
26,2025-12-22,1,1.8564783409602796,1.8817683211879577
26,2025-12-22,2,-0.04023255178765339,0.0
26,2025-12-22,3,0.40881623357461194,0.41438535562454
26,2025-12-22,4,-0.2337433488638112,0.0
26,2025-12-22,5,76.29349709599273,77.33280953529652
26,2025-12-22,6,483.3178551909698,489.9018797560724
26,2025-12-22,7,1181.8770712685937,1197.977257898548
26,2025-12-22,8,2024.7057732609728,2052.2874411118078
26,2025-12-22,9,1418.2812020396427,1437.6018171879546
26,2025-12-22,10,1113.756737743136,1128.9289513125102
26,2025-12-22,11,1055.3184759938176,1069.694611067918
26,2025-12-22,12,1071.749029497431,1086.348990707322
26,2025-12-22,13,1091.9483718781412,1106.8234997614857
26,2025-12-22,14,1088.4004937491727,1103.2272904638996
26,2025-12-22,15,1222.8942277528818,1239.5531728954438
26,2025-12-22,16,1387.220689868377,1406.1181814491567
26,2025-12-22,17,1671.2521726842954,1694.0188990554673
26,2025-12-22,18,1804.314406270498,1828.8937803748531
26,2025-12-22,19,1252.0522339924137,1269.1083857088456
26,2025-12-22,20,754.5107700439862,764.7891352879957
26,2025-12-22,21,446.32661724525207,452.40672659863145
26,2025-12-22,22,190.67757128612612,193.27508718560784
26,2025-12-22,23,92.40255858626807,93.66131761839597
26,2025-12-23,0,32.22688059731837,33.17926596802957
26,2025-12-23,1,1.4680719550306094,1.5114571734323832
26,2025-12-23,2,0.06306772466592747,0.06493153454211106
26,2025-12-23,3,-0.7941465315382175,0.0
26,2025-12-23,4,-1.1899385863863472,0.0
26,2025-12-23,5,80.40942328042303,82.785723964206
26,2025-12-23,6,500.06155744235434,514.8396340956308
26,2025-12-23,7,1204.2884597332195,1239.878212446105
26,2025-12-23,8,2071.7559905602975,2132.9815904483953
26,2025-12-23,9,1455.15427652384,1498.1577450383963
26,2025-12-23,10,1162.189740826308,1196.5353705192333
26,2025-12-23,11,1094.5989058509965,1126.9470563826903
26,2025-12-23,12,1107.7499563239398,1140.4867534713708
26,2025-12-23,13,1130.579912251069,1163.9913920123918
26,2025-12-23,14,1129.9846179836302,1163.3785053022136
26,2025-12-23,15,1260.4875773867045,1297.7381553643384
26,2025-12-23,16,1433.401914644278,1475.7625461591454
26,2025-12-23,17,1700.0537911370034,1750.2946562189227
26,2025-12-23,18,1833.1022823057901,1887.275064912327
26,2025-12-23,19,1269.3879066436507,1306.9015117347287
26,2025-12-23,20,778.3159746064161,801.3171690834163
26,2025-12-23,21,468.98895669462195,482.84875984970097
26,2025-12-23,22,208.7148851310261,214.88293489458277
26,2025-12-23,23,105.6816224705695,108.80478019879125
26,2025-12-24,0,33.11097866096469,34.35987528785288
26,2025-12-24,1,1.3357995515027028,1.386183914077804
26,2025-12-24,2,0.03564594985851954,0.03699046181017061
26,2025-12-24,3,-0.8539659919421183,0.0
26,2025-12-24,4,-1.110696947613576,0.0
26,2025-12-24,5,81.27418661349338,84.33972745884259
26,2025-12-24,6,495.80139604364706,514.5022836696405
26,2025-12-24,7,1196.8014961231297,1241.9430597980515
26,2025-12-24,8,2081.290050123348,2159.793200084282
26,2025-12-24,9,1460.443941634833,1515.5297043101998
26,2025-12-24,10,1167.300020208449,1211.3288323052516
26,2025-12-24,11,1098.0923928076759,1139.5107966377586
26,2025-12-24,12,1113.631377945232,1155.6358890698855
26,2025-12-24,13,1136.8183296882812,1179.6974179770898
26,2025-12-24,14,1135.792696389284,1178.6330993229824
26,2025-12-24,15,1263.4866940205839,1311.143523691424
26,2025-12-24,16,1433.67315350645,1487.7491620656665
26,2025-12-24,17,1696.1595945124952,1760.1361993099863
26,2025-12-24,18,1828.6585751369669,1897.632843448497
26,2025-12-24,19,1261.8767860140647,1309.4728923610935
26,2025-12-24,20,770.227099997524,799.2789150155689
26,2025-12-24,21,472.475391102909,490.29645668596146
26,2025-12-24,22,214.85182889207414,222.9557187568702
26,2025-12-24,23,111.34212383512863,115.5417823324534
26,2025-12-25,0,33.500667542115195,34.08064107234717
26,2025-12-25,1,1.5549643591424456,1.5818843650683871
26,2025-12-25,2,-0.17124649137315373,0.0
26,2025-12-25,3,0.8422609246591719,0.8568423965428865
26,2025-12-25,4,1.2273952990703378,1.2486443319051923
26,2025-12-25,5,89.0440353803487,90.58559223084185
26,2025-12-25,6,490.0261321005927,498.50961038898845
26,2025-12-25,7,1157.4001178706424,1177.437373289761
26,2025-12-25,8,2023.9500530979394,2058.9892789829973
26,2025-12-25,9,1454.9022809247708,1480.0899823623527
26,2025-12-25,10,1181.3910009812093,1201.8435937112495
26,2025-12-25,11,1124.9448688160903,1144.4202493010732
26,2025-12-25,12,1144.0147289593951,1163.8202525406145
26,2025-12-25,13,1163.2731406374842,1183.4120715752454
26,2025-12-25,14,1164.8194350169124,1184.9851358633296
26,2025-12-25,15,1292.5999169035026,1314.977791494856
26,2025-12-25,16,1432.1463885339645,1456.9401331876438
26,2025-12-25,17,1676.7139456757086,1705.7417166907253
26,2025-12-25,18,1786.4857961936866,1817.4139701658971
26,2025-12-25,19,1248.2868540493382,1269.8975677037756
26,2025-12-25,20,775.9806647575465,789.4146730490353
26,2025-12-25,21,478.6663410392423,486.9531552427727
26,2025-12-25,22,220.59070721052257,224.40963920751693
26,2025-12-25,23,118.13778978882561,120.183026377365
26,2025-12-26,0,35.67698300771394,35.97252156202095
26,2025-12-26,1,2.012750814649621,2.029423902332321
26,2025-12-26,2,-0.137039476356847,0.0
26,2025-12-26,3,0.633556893067805,0.6388051083725581
26,2025-12-26,4,-3.1868142868619884,0.0
26,2025-12-26,5,86.50738198784148,87.22398592837207
26,2025-12-26,6,491.8074098298963,495.881410450049
26,2025-12-26,7,1142.4607800672052,1151.9246186216176
26,2025-12-26,8,2004.836631437281,2021.4441601498013
26,2025-12-26,9,1431.7230034691092,1443.583012666688
26,2025-12-26,10,1184.064811831802,1193.8732870220642
26,2025-12-26,11,1141.8085288800953,1151.2669643606873
26,2025-12-26,12,1161.3957217992734,1171.0164123303277
26,2025-12-26,13,1184.5133064602724,1194.3254968596957
26,2025-12-26,14,1202.9008092009653,1212.8653167393163
26,2025-12-26,15,1340.3741114221752,1351.4774109089788
26,2025-12-26,16,1499.9401603464669,1512.3652621674357
26,2025-12-26,17,1640.4343573496637,1654.0232754008857
26,2025-12-26,18,1573.4165674017966,1586.4503280634558
26,2025-12-26,19,1147.8988204851,1157.407706307187
26,2025-12-26,20,729.339838527826,735.381494052073
26,2025-12-26,21,467.47839264775337,471.35085821758616
26,2025-12-26,22,225.3674632171598,227.23434681134253
26,2025-12-26,23,129.48155633545963,130.5541468053581
26,2025-12-27,0,49.681039026332996,51.14777993186166
26,2025-12-27,1,3.384848263692845,3.4847796561247644
26,2025-12-27,2,-0.27529121497155984,0.0
26,2025-12-27,3,-0.28092024927934744,0.0
26,2025-12-27,4,4.466046283770368,4.597898050536321
26,2025-12-27,5,57.12996194146342,58.81661853627468
26,2025-12-27,6,235.2670085186017,242.2128323555929
26,2025-12-27,7,372.9854808670843,383.99718820408384
26,2025-12-27,8,531.6518295208441,547.3478677104652
26,2025-12-27,9,671.163766322748,690.9786367374443
26,2025-12-27,10,737.2320688764321,758.9974838814492
26,2025-12-27,11,832.9249341768029,857.5155042642027
26,2025-12-27,12,896.9314237232352,923.4116671805355
26,2025-12-27,13,936.1694980035162,963.8081731226533
26,2025-12-27,14,927.9918771010608,955.3891230689039
26,2025-12-27,15,909.8685420712561,936.7307300501001
26,2025-12-27,16,876.319677582148,902.191397309027
26,2025-12-27,17,844.0718439737018,868.9915059820794
26,2025-12-27,18,776.9768796267897,799.9156867518699
26,2025-12-27,19,676.4299359255913,696.4002802700467
26,2025-12-27,20,492.9881782005778,507.5427435051717
26,2025-12-27,21,374.5875984710779,385.64660537087445
26,2025-12-27,22,215.95565301065363,222.33134474856172
26,2025-12-27,23,138.23042144916934,142.31141930069373
26,2025-12-28,0,52.83042366256353,51.88545026304235
26,2025-12-28,1,4.1314961665692636,4.0575964378340155
26,2025-12-28,2,-0.2392332942291091,0.0
26,2025-12-28,3,-0.3052398573989876,0.0
26,2025-12-28,4,2.5059457932117652,2.46112214897313
26,2025-12-28,5,36.47138570041409,35.81902505400514
26,2025-12-28,6,141.49442075650506,138.96352180612806
26,2025-12-28,7,212.2324861966947,208.43630134587664
26,2025-12-28,8,352.735807555228,346.42645146663557
26,2025-12-28,9,490.5532004493222,481.7787161022834
26,2025-12-28,10,585.1335151972469,574.6672806169336
26,2025-12-28,11,697.9717065542229,685.487144618379
26,2025-12-28,12,760.3776500334861,746.7768381705815
26,2025-12-28,13,811.9959981667682,797.4718931986497
26,2025-12-28,14,803.2895919010766,788.9212176986065
26,2025-12-28,15,769.164383218367,755.4064037888829
26,2025-12-28,16,727.0245687262591,714.0203406581146
26,2025-12-28,17,692.7772321270601,680.385583323799
26,2025-12-28,18,621.8915558607196,610.7678332604851
26,2025-12-28,19,533.5884325699003,524.0441806007823
26,2025-12-28,20,399.60212672155563,392.45447667513844
26,2025-12-28,21,303.0363023553178,297.615917187785
26,2025-12-28,22,168.55540630508204,165.54046975410648
26,2025-12-28,23,98.99402119576888,97.22332336190073
26,2025-12-29,0,30.935427775297512,29.78900500495443
26,2025-12-29,1,1.7924782434866415,1.7260515598602213
26,2025-12-29,2,-0.04321941977309507,0.0
26,2025-12-29,3,0.6739733548192817,0.6489968648808971
26,2025-12-29,4,3.0391512686510964,2.9265246632520645
26,2025-12-29,5,89.90640456162771,86.57460161589857
26,2025-12-29,6,491.2053837200227,473.0020137552662
26,2025-12-29,7,1145.181729326595,1102.7429300244814
26,2025-12-29,8,2023.392839149563,1948.4087904078003
26,2025-12-29,9,1436.2524221330095,1383.0269586723591
26,2025-12-29,10,1155.767037530382,1112.9359618245262
26,2025-12-29,11,1098.6684893859624,1057.9534043242886
26,2025-12-29,12,1121.1407828037375,1079.5929066436795
26,2025-12-29,13,1125.306561353917,1083.6043073904934
26,2025-12-29,14,1114.258402381386,1072.9655774101354
26,2025-12-29,15,1245.1912190822127,1199.046210926644
26,2025-12-29,16,1390.3178113237325,1338.794618934331
26,2025-12-29,17,1655.1174249529279,1593.7811370780662
26,2025-12-29,18,1775.7921477155273,1709.9838269667464
26,2025-12-29,19,1244.7868230908402,1198.65680127314
26,2025-12-29,20,752.7125549676168,724.818102729686
26,2025-12-29,21,443.7013777420285,427.25843839201116
26,2025-12-29,22,187.10956830671392,180.17555494139145
26,2025-12-29,23,96.18562664434165,92.62112469642149
26,2025-12-30,0,29.931480696678477,28.350748729304613
26,2025-12-30,1,1.5372305800422623,1.4560468409642577
26,2025-12-30,2,0.09871361959324076,0.09350038688726459
26,2025-12-30,3,-0.4537170191247242,0.0
26,2025-12-30,4,0.37560666653195085,0.35577024510787886
26,2025-12-30,5,87.584667613217,82.95917362743532
26,2025-12-30,6,499.35422137382506,472.98248290997134
26,2025-12-30,7,1137.252792468287,1077.1925548122424
26,2025-12-30,8,2040.9754506550385,1933.1880955231647
26,2025-12-30,9,1466.1637248443933,1388.7331462254524
26,2025-12-30,10,1191.6797940300403,1128.74517464431
26,2025-12-30,11,1129.7024934587184,1070.0409998250161
26,2025-12-30,12,1149.5041435943483,1088.7968914265682
26,2025-12-30,13,1161.4494299042235,1100.1113270237504
26,2025-12-30,14,1154.0726285911596,1093.124107027117
26,2025-12-30,15,1278.786381709533,1211.2515165454806
26,2025-12-30,16,1429.9376219233568,1354.4202048857276
26,2025-12-30,17,1653.2331586536864,1565.9231277905506
26,2025-12-30,18,1757.090433992023,1664.2955252895536
26,2025-12-30,19,1248.3944454504997,1182.4646296885096
26,2025-12-30,20,766.7940437711086,726.2983573176357
26,2025-12-30,21,466.6933510078657,442.0464881822378
26,2025-12-30,22,211.43624635195923,200.26994164899253
26,2025-12-30,23,108.19600859490942,102.48199493613275
26,2025-12-31,0,32.12865438453832,32.20692223484825
26,2025-12-31,1,-5.129124892032621,0.0
26,2025-12-31,2,-4.876695578296733,0.0
26,2025-12-31,3,-3.7003304441221303,0.0
26,2025-12-31,4,-26.297025063907427,0.0
26,2025-12-31,5,-81.94981539586331,0.0
26,2025-12-31,6,22.87194074848958,22.927658539013095
26,2025-12-31,7,98.38908047676642,98.62876377413454
26,2025-12-31,8,225.74064227983098,226.29056368604236
26,2025-12-31,9,289.8524423061182,290.5585449425641
26,2025-12-31,10,294.0276473599798,294.7439211140909
26,2025-12-31,11,390.3757811301002,391.32676627988025
26,2025-12-31,12,446.08489056548154,425.8777022389761
26,2025-12-31,13,498.4238582280321,475.84576831140254
26,2025-12-31,14,482.2067906236887,460.36331724780143
26,2025-12-31,15,476.24255557402176,454.669255932823
26,2025-12-31,16,488.52181142791164,466.3922740821935
26,2025-12-31,17,502.7823110756781,480.0067877122601
26,2025-12-31,18,485.3440479959354,370.6867680613018
26,2025-12-31,19,410.14517464341117,313.2528148893206
26,2025-12-31,20,262.2206086079216,200.2738270414559
26,2025-12-31,21,199.0248771904326,152.0074033959036
26,2025-12-31,22,49.623846292576275,37.90074953411186
26,2025-12-31,23,67.03902829753105,64.00222902751568
28,2025-11-01,0,17.61747088742146,18.119603054753103
28,2025-11-01,1,14.247964234349979,14.654058912001236
28,2025-11-01,2,15.269770268135915,15.704988404064252
28,2025-11-01,3,15.493206147485466,15.934792640317832
28,2025-11-01,4,18.299184212050818,18.820746534333892
28,2025-11-01,5,96.20960438812676,98.95176513743284
28,2025-11-01,6,233.3819507089216,240.03378998110836
28,2025-11-01,7,655.3723931006919,674.0517802987677
28,2025-11-01,8,1082.0854985227827,1112.927038723614
28,2025-11-01,9,750.1143084412734,771.4940243977229
28,2025-11-01,10,622.7967847762015,640.5477038124936
28,2025-11-01,11,583.3775789677213,600.0049740104964
28,2025-11-01,12,636.9900251587808,655.1454791365696
28,2025-11-01,13,654.2182773047113,672.8647699590872
28,2025-11-01,14,647.6190188080325,666.0774197667903
28,2025-11-01,15,710.2861349003447,730.5306704879
28,2025-11-01,16,792.3459332264091,814.9293325843415
28,2025-11-01,17,858.8444176261098,883.3231530574926
28,2025-11-01,18,814.8747510824812,838.1002655436415
28,2025-11-01,19,586.0395852882043,602.7428526858536
28,2025-11-01,20,391.6031715554654,402.7646231919477
28,2025-11-01,21,282.3475603549867,290.39501468755356
28,2025-11-01,22,130.26093345350813,133.97362327440362
28,2025-11-01,23,36.34654611008915,37.38249332918228
28,2025-11-02,0,-0.739987163377748,0.0
28,2025-11-02,1,-0.19507441436763884,0.0
28,2025-11-02,2,-0.1465606589533195,0.0
28,2025-11-02,3,1.633835185560656,1.7001231525597278
28,2025-11-02,4,7.806941046300665,8.123684286386593
28,2025-11-02,5,24.30096749821604,25.28690643857157
28,2025-11-02,6,65.2944843469333,67.94361239966628
28,2025-11-02,7,66.84194289388978,69.55385444033108
28,2025-11-02,8,175.62254801274457,182.74790665959415
28,2025-11-02,9,245.3113275415122,255.26409960094742
28,2025-11-02,10,276.403221479712,287.61745397134297
28,2025-11-02,11,318.61163881803145,331.5383513690544
28,2025-11-02,12,365.4836304336136,380.3120335963051
28,2025-11-02,13,426.47005632377966,443.7728009760697
28,2025-11-02,14,432.23923336872366,449.7760450927397
28,2025-11-02,15,414.54560099415727,431.3645466021143
28,2025-11-02,16,386.78539497524207,402.47805340519477
28,2025-11-02,17,340.62527000944266,354.44511968399087
28,2025-11-02,18,297.2240294301939,309.2830038165479
28,2025-11-02,19,251.1560629639774,261.3459676499019
28,2025-11-02,20,208.4863242159256,216.94503210857062
28,2025-11-02,21,184.07906332407862,191.54751974042108
28,2025-11-02,22,93.11066088896399,96.88834695596556
28,2025-11-02,23,24.975174722089776,25.988467600346542
28,2025-11-03,0,2.79949561403879,2.8424394768836487
28,2025-11-03,1,1.7765606746501135,1.8038128616387827
28,2025-11-03,2,1.3455058664808348,1.3661457342832157
28,2025-11-03,3,0.2198101839654214,0.2231820407901928
28,2025-11-03,4,8.04385526426239,8.167246855047571
28,2025-11-03,5,11.824896284846261,12.00628850481067
28,2025-11-03,6,50.14532194242946,50.9145440183663
28,2025-11-03,7,109.9513388138306,111.63797664599987
28,2025-11-03,8,266.9189230593994,271.0134212129519
28,2025-11-03,9,247.59352944457316,251.39157882047584
28,2025-11-03,10,225.32279898249533,228.77921853421745
28,2025-11-03,11,271.4647520624031,275.62898258354437
28,2025-11-03,12,326.4849121202387,331.4931440376947
28,2025-11-03,13,378.4279134431706,384.2329435814834
28,2025-11-03,14,362.8265662409541,368.3922739416509
28,2025-11-03,15,351.1191881748927,356.5053063683152
28,2025-11-03,16,369.7450166648093,375.4168524067901
28,2025-11-03,17,348.3642699512062,353.7081280925845
28,2025-11-03,18,354.2365905573763,359.6705292580624
28,2025-11-03,19,295.41479314047797,299.94641387077974
28,2025-11-03,20,240.3779464208796,244.06530978385862
28,2025-11-03,21,178.0450256702415,180.77621093241862
28,2025-11-03,22,64.20428829744384,65.18917290911125
28,2025-11-03,23,12.448479121402784,12.639437013008612
28,2025-11-04,0,3.2553548387265323,3.290021336085516
28,2025-11-04,1,4.1938316805620275,4.238492082294178
28,2025-11-04,2,3.812118344829514,3.8527138550212277
28,2025-11-04,3,3.745545929822754,3.785432505792748
28,2025-11-04,4,11.639905702589203,11.763859858215286
28,2025-11-04,5,4.5599299258125825,4.608488932913686
28,2025-11-04,6,26.015630676872263,26.292672915531842
28,2025-11-04,7,81.64951020988246,82.51900145439468
28,2025-11-04,8,221.0908763235313,223.44528825705908
28,2025-11-04,9,214.36892312573417,216.65175251778092
28,2025-11-04,10,194.27811700035608,196.34699801749764
28,2025-11-04,11,246.62234687613415,249.24864519389064
28,2025-11-04,12,297.5128781400574,300.6811132220249
28,2025-11-04,13,351.2169071684639,354.95704014565695
28,2025-11-04,14,328.2879371410946,331.7838979409747
28,2025-11-04,15,307.80674985589127,311.0846050850714
28,2025-11-04,16,327.8474447281392,331.3387146940467
28,2025-11-04,17,311.9998575061608,315.3223654268248
28,2025-11-04,18,309.9770886085936,313.2780559242792
28,2025-11-04,19,260.5511577848036,263.3257849670006
28,2025-11-04,20,223.04083391014143,225.41601107599416
28,2025-11-04,21,166.57638096272996,168.35026428936987
28,2025-11-04,22,56.05559657108711,56.65253647065518
28,2025-11-04,23,12.682375341001887,12.817430827437422
28,2025-11-05,0,-1.2360445436641498,0.0
28,2025-11-05,1,-0.7678513423395543,0.0
28,2025-11-05,2,-0.23274680614491672,0.0
28,2025-11-05,3,0.1365128144759069,0.143272291126052
28,2025-11-05,4,-1.6389892481762445,0.0
28,2025-11-05,5,62.595872237032665,65.69532732047
28,2025-11-05,6,232.42980886164034,243.93864685483274
28,2025-11-05,7,743.0943913113215,779.8889530981136
28,2025-11-05,8,1313.218846661778,1378.2433072929618
28,2025-11-05,9,773.8539154590123,812.1715451427203
28,2025-11-05,10,544.6921072271933,571.662715037571
28,2025-11-05,11,509.2923181755709,534.5100938548908
28,2025-11-05,12,557.2721314895311,584.8656433150812
28,2025-11-05,13,582.3657144917468,611.2017432855621
28,2025-11-05,14,547.9640607341872,575.0966803924327
28,2025-11-05,15,620.1137934761712,650.8189307449867
28,2025-11-05,16,761.8509037491083,799.5742003828678
28,2025-11-05,17,923.0230060228712,968.7267920059772
28,2025-11-05,18,965.1140960694908,1012.9020361405597
28,2025-11-05,19,659.1122600693843,691.7484191645414
28,2025-11-05,20,430.84156099433284,452.1748217774605
28,2025-11-05,21,246.03284385863486,258.2152405780633
28,2025-11-05,22,83.76079437934862,87.90823750385277
28,2025-11-05,23,0.9277674505021309,0.9737061592051193
28,2025-11-06,0,-0.13859723007777802,0.0
28,2025-11-06,1,-0.6157434661764682,0.0
28,2025-11-06,2,-0.1191657155128496,0.0
28,2025-11-06,3,0.20495219006141951,0.21387295261227438
28,2025-11-06,4,-1.8708741694567834,0.0
28,2025-11-06,5,63.96045917101941,66.74440633809932
28,2025-11-06,6,234.08038705743243,244.26898543311106
28,2025-11-06,7,742.1082284734686,774.4092802029644
28,2025-11-06,8,1297.4649853522415,1353.9385319335547
28,2025-11-06,9,780.3411920293643,814.3063742538571
28,2025-11-06,10,540.4935254880879,564.0190823494648
28,2025-11-06,11,508.9396426352922,531.0917831091549
28,2025-11-06,12,557.2996941625487,581.5567574308079
28,2025-11-06,13,585.5497477789631,611.0364247453508
28,2025-11-06,14,558.8104466791827,583.1332670611862
28,2025-11-06,15,635.6165406738842,663.2824281720772
28,2025-11-06,16,772.4725354317895,806.0952259899082
28,2025-11-06,17,936.3444270308748,977.099816357798
28,2025-11-06,18,984.5140654211816,1027.3660896077356
28,2025-11-06,19,665.9944787148228,694.9825983490402
28,2025-11-06,20,433.9268424337258,452.8139708153911
28,2025-11-06,21,249.2122167062378,260.05944409786656
28,2025-11-06,22,89.35091788285075,93.2400118315174
28,2025-11-06,23,-1.4631962105847833,0.0
28,2025-11-07,0,0.3378800328947591,0.35370584497160723
28,2025-11-07,1,-0.5012626422074504,0.0
28,2025-11-07,2,-0.16052606606780273,0.0
28,2025-11-07,3,0.055239815903462386,0.057827168988988396
28,2025-11-07,4,0.4344609508793269,0.4548104734730061
28,2025-11-07,5,62.310934423291485,65.22948847357765
28,2025-11-07,6,248.052453488234,259.6708716601318
28,2025-11-07,7,734.0604764645329,768.4428075364248
28,2025-11-07,8,1275.6136089369124,1335.3615055046673
28,2025-11-07,9,768.611592825972,804.612248218176
28,2025-11-07,10,578.6080264147552,605.7091895516963
28,2025-11-07,11,556.2719402754924,582.3269134415619
28,2025-11-07,12,609.6278402832776,638.1819266389606
28,2025-11-07,13,644.8416570528067,675.0451076574766
28,2025-11-07,14,649.5289478952129,679.9519444238781
28,2025-11-07,15,737.5419101109446,772.0873064997601
28,2025-11-07,16,876.4291957289665,917.4798717083607
28,2025-11-07,17,942.1596097398556,986.2890032479465
28,2025-11-07,18,849.4076490297625,889.1926748420733
28,2025-11-07,19,617.3386102592198,646.2538579287619
28,2025-11-07,20,409.8754606847248,429.0734344748139
28,2025-11-07,21,252.30895108463858,264.12673744793005
28,2025-11-07,22,92.0283655915461,96.33884113848357
28,2025-11-07,23,12.538694398238306,13.125988709581515
28,2025-11-08,0,0.1522015837696813,0.15653962477556393
28,2025-11-08,1,-0.5685436247665621,0.0
28,2025-11-08,2,-0.17733001400893045,0.0
28,2025-11-08,3,0.1352874658554697,0.13914342162102253
28,2025-11-08,4,-0.24582048477122953,0.0
28,2025-11-08,5,33.624802949734374,34.58317519789313
28,2025-11-08,6,111.05791388646236,114.22328032046939
28,2025-11-08,7,181.44435953741964,186.61587649844247
28,2025-11-08,8,319.146572237276,328.2428699430032
28,2025-11-08,9,383.66537115280687,394.60058004732565
28,2025-11-08,10,429.13202024194345,441.36311701925337
28,2025-11-08,11,468.8446859240792,482.2076708717692
28,2025-11-08,12,532.6800409651594,547.8624576226556
28,2025-11-08,13,571.8190147280891,588.116968221054
28,2025-11-08,14,561.0044854278576,576.9942038131333
28,2025-11-08,15,545.0065334823554,560.5402791383673
28,2025-11-08,16,529.4028684498498,544.4918793200825
28,2025-11-08,17,491.9782320804141,506.00056806343576
28,2025-11-08,18,437.9010961237051,450.3821286100701
28,2025-11-08,19,366.213086981141,376.65087185083775
28,2025-11-08,20,277.4786225339026,285.38730267371915
28,2025-11-08,21,223.16501411971697,229.52565083815406
28,2025-11-08,22,107.06306354314364,110.11456897667708
28,2025-11-08,23,23.006997696700353,23.662741854931742
28,2025-11-09,0,-0.009623178608819671,0.0
28,2025-11-09,1,-0.1437649410838162,0.0
28,2025-11-09,2,-0.18173356875809077,0.0
28,2025-11-09,3,0.07399308067078891,0.07699512820472165
28,2025-11-09,4,-0.17490913312627754,0.0
28,2025-11-09,5,18.982288362946235,19.752437834380256
28,2025-11-09,6,70.4224363226586,73.27961566131309
28,2025-11-09,7,92.17391151473197,95.91359178276784
28,2025-11-09,8,199.0133022318014,207.08767064258512
28,2025-11-09,9,282.7293695357122,294.20026652892415
28,2025-11-09,10,328.3870306545171,341.71035043813407
28,2025-11-09,11,389.26410429581586,405.0573289291987
28,2025-11-09,12,449.0653564299606,467.2848376790688
28,2025-11-09,13,503.49921595720633,523.927187949973
28,2025-11-09,14,497.3818655479859,517.5616443780444
28,2025-11-09,15,482.6446824390489,502.22654422324007
28,2025-11-09,16,456.0245554584431,474.5263853554547
28,2025-11-09,17,419.79664682684336,436.8286378851273
28,2025-11-09,18,365.52413749195864,380.35418410716636
28,2025-11-09,19,293.1502666811613,305.043960350674
28,2025-11-09,20,223.03715527630607,232.08621953883704
28,2025-11-09,21,184.5603859235345,192.04837056210565
28,2025-11-09,22,76.99205455462874,80.11577646771548
28,2025-11-09,23,2.093448513134433,2.1783839137056304
28,2025-11-10,0,0.2920975755280324,0.29657831061398415
28,2025-11-10,1,-0.3034713572792498,0.0
28,2025-11-10,2,-0.2312252922871494,0.0
28,2025-11-10,3,-0.07174579704030748,0.0
28,2025-11-10,4,1.8414135662021067,1.8696605872837229
28,2025-11-10,5,59.19671387076636,60.1047830060007
28,2025-11-10,6,247.50538488261046,251.30208213352302
28,2025-11-10,7,779.3542621918856,791.3094452524656
28,2025-11-10,8,1323.8607977680688,1344.1686333081354
28,2025-11-10,9,793.7606211547272,805.9367957040209
28,2025-11-10,10,548.3373588491816,556.7487756104886
28,2025-11-10,11,507.94837809789084,515.7402336635564
28,2025-11-10,12,564.7090562160012,573.3716124764139
28,2025-11-10,13,588.908818038031,597.9425951881468
28,2025-11-10,14,568.3929564714961,577.1120232356269
28,2025-11-10,15,649.6623701174399,659.6280980785349
28,2025-11-10,16,782.0022975311126,793.9981010755562
28,2025-11-10,17,948.7949183974615,963.349296921662
28,2025-11-10,18,1009.2447058052771,1024.7263754337837
28,2025-11-10,19,695.587160303424,706.2573679861645
28,2025-11-10,20,453.6796456496099,460.6390266111587
28,2025-11-10,21,248.30446432472652,252.1134193401422
28,2025-11-10,22,73.74902621268666,74.88032574062214
28,2025-11-10,23,-11.308865148078496,0.0
28,2025-11-11,0,-0.4124107839085127,0.0
28,2025-11-11,1,-0.008263551885875131,0.0
28,2025-11-11,2,0.03693830306679047,0.037331661594247084
28,2025-11-11,3,0.020786896951221934,0.021008258045161207
28,2025-11-11,4,1.91538229021927,1.9357793278372355
28,2025-11-11,5,64.06041822161666,64.74260201696715
28,2025-11-11,6,256.8106060808107,259.54539987089174
28,2025-11-11,7,821.4609446101566,830.2087386533941
28,2025-11-11,8,1378.8481655382532,1393.5316143962493
28,2025-11-11,9,833.5847050621464,842.461605863483
28,2025-11-11,10,599.250266480786,605.6317237441217
28,2025-11-11,11,564.3707123750066,570.380734870032
28,2025-11-11,12,611.0068803274872,617.513534579495
28,2025-11-11,13,638.2657142707537,645.0626497184276
28,2025-11-11,14,609.7063077108672,616.1991120757158
28,2025-11-11,15,685.2794772094751,692.577065449085
28,2025-11-11,16,830.0873405155137,838.9269976414828
28,2025-11-11,17,1002.2266609309758,1012.8994415080567
28,2025-11-11,18,1065.4699531805186,1076.8162159223273
28,2025-11-11,19,716.0968270843528,723.7225914002968
28,2025-11-11,20,480.3343710367969,485.4494847586209
28,2025-11-11,21,278.4625931967021,281.42796048532784
28,2025-11-11,22,100.87703228989972,101.95127873820026
28,2025-11-11,23,3.8711603846041953,3.912384637534356
28,2025-11-12,0,-0.12845722216167133,0.0
28,2025-11-12,1,-0.05059078162281594,0.0
28,2025-11-12,2,0.025741542862704136,0.02701614377535228
28,2025-11-12,3,-0.016652251769528448,0.0
28,2025-11-12,4,1.678146244996185,1.761240205091648
28,2025-11-12,5,65.05589724218049,68.27716126820617
28,2025-11-12,6,256.17772592930817,268.8624498019673
28,2025-11-12,7,826.513052267573,867.4381163305428
28,2025-11-12,8,1401.5037821057076,1470.8997001856583
28,2025-11-12,9,848.5564621077319,890.5730128174035
28,2025-11-12,10,613.9602452127549,644.3606875270214
28,2025-11-12,11,580.224558653018,608.9545674152943
28,2025-11-12,12,628.5325334171654,659.6545273471908
28,2025-11-12,13,656.7817861014208,689.3025510159605
28,2025-11-12,14,628.8556079448174,659.9935990157288
28,2025-11-12,15,703.6622198489639,738.504284770992
28,2025-11-12,16,847.5034630454966,889.4678741622579
28,2025-11-12,17,1013.9209380814494,1064.1255648951785
28,2025-11-12,18,1074.4014979883082,1127.600839503713
28,2025-11-12,19,721.46607258606,757.1897010984444
28,2025-11-12,20,484.55224528903,508.54500816906443
28,2025-11-12,21,284.67235745075516,298.768002321294
28,2025-11-12,22,107.99740385789221,113.34493062639605
28,2025-11-12,23,7.952582288938572,8.346357001567656
28,2025-11-13,0,0.6138193944610748,0.6405365379346616
28,2025-11-13,1,0.006228758378256316,0.006499871726508027
28,2025-11-13,2,0.0707144095640615,0.07379232962168981
28,2025-11-13,3,-0.0625172499431983,0.0
28,2025-11-13,4,1.61406330637584,1.684317132372584
28,2025-11-13,5,65.0657174126398,67.89777212288827
28,2025-11-13,6,258.76109180067374,270.0239441598606
28,2025-11-13,7,819.371557337535,855.0355778183206
28,2025-11-13,8,1388.5518888751758,1448.990090030696
28,2025-11-13,9,860.0732358973191,897.5088403252889
28,2025-11-13,10,618.9808556300205,645.9226572030881
28,2025-11-13,11,584.572781613225,610.0169350858058
28,2025-11-13,12,634.3331837643234,661.9432117849731
28,2025-11-13,13,664.6136081390746,693.5416239094786
28,2025-11-13,14,639.4897969516147,667.3242720581758
28,2025-11-13,15,718.0943292587626,749.3501504261925
28,2025-11-13,16,852.4727219600124,889.5775059167354
28,2025-11-13,17,1019.5636262706827,1063.94121995594
28,2025-11-13,18,1070.1979918470595,1116.7795002701132
28,2025-11-13,19,724.9117345592749,756.4642905597435
28,2025-11-13,20,486.1815933443144,507.34316546277375
28,2025-11-13,21,285.8363126861418,298.27764289647445
28,2025-11-13,22,110.37885634282406,115.18321372868158
28,2025-11-13,23,11.780689812922446,12.293456895210575
28,2025-11-14,0,0.9817373472489521,1.0277205047420872
28,2025-11-14,1,-0.26617245627210195,0.0
28,2025-11-14,2,-0.001568522294860486,0.0
28,2025-11-14,3,-0.17751968300228782,0.0
28,2025-11-14,4,1.3752734710393497,1.4396892914134487
28,2025-11-14,5,61.47688663440471,64.35637509251323
28,2025-11-14,6,256.1386388105717,268.135802208204
28,2025-11-14,7,775.6554944420632,811.9860759986191
28,2025-11-14,8,1326.4799236855913,1388.6103248700222
28,2025-11-14,9,805.96189838511,843.7119880712779
28,2025-11-14,10,614.7739421878939,643.5690645141639
28,2025-11-14,11,586.27916491207,613.739633081729
28,2025-11-14,12,639.291911312841,669.2354198534518
28,2025-11-14,13,675.4094101305285,707.0446100802986
28,2025-11-14,14,680.6218607894731,712.5012043895251
28,2025-11-14,15,770.120957874757,806.1923097429047
28,2025-11-14,16,912.2377010129155,954.965595591235
28,2025-11-14,17,979.0428941267596,1024.8998473325435
28,2025-11-14,18,885.6427482192822,927.1249736720877
28,2025-11-14,19,640.1498618339004,670.1335555360943
28,2025-11-14,20,431.57100045610815,451.78516195159693
28,2025-11-14,21,266.8986947115644,279.39984356571085
28,2025-11-14,22,107.06418637725568,112.07891802401993
28,2025-11-14,23,24.480325271022707,25.626948301688724
28,2025-11-15,0,2.0924050576766717,2.152042669298725
28,2025-11-15,1,-0.2263412131932796,0.0
28,2025-11-15,2,0.40403892668757635,0.41555482151949774
28,2025-11-15,3,0.35943874923674457,0.3696834523119223
28,2025-11-15,4,1.2051722737847967,1.2395220263520412
28,2025-11-15,5,46.97384827069334,48.31269426004086
28,2025-11-15,6,128.78782830828396,132.45853176893482
28,2025-11-15,7,216.49240967390082,222.6628641945903
28,2025-11-15,8,373.53904809040716,384.18563709283615
28,2025-11-15,9,443.21524989488836,455.84774609404786
28,2025-11-15,10,486.4363097124449,500.3006901348986
28,2025-11-15,11,526.917831404599,541.9360138883167
28,2025-11-15,12,583.2691624153656,599.893467375645
28,2025-11-15,13,625.2103070566302,643.0300161696205
28,2025-11-15,14,615.4358270269114,632.9769444581997
28,2025-11-15,15,598.0040096248381,615.0482863740236
28,2025-11-15,16,575.419664438122,591.8202434472155
28,2025-11-15,17,542.6991020351326,558.1670814094252
28,2025-11-15,18,490.0199133322307,503.98643342410463
28,2025-11-15,19,405.85334205735904,417.4209512544064
28,2025-11-15,20,307.1592925393612,315.91392947132647
28,2025-11-15,21,248.88160391397832,255.9752134326708
28,2025-11-15,22,131.7455738094036,135.50057876647145
28,2025-11-15,23,38.25404405735361,39.34435867597651
28,2025-11-16,0,0.49096154144973525,0.5108808348674894
28,2025-11-16,1,0.35555067899900905,0.36997608242052743
28,2025-11-16,2,0.3974524913254527,0.4135779352267233
28,2025-11-16,3,0.37382825507131656,0.38899521637468976
28,2025-11-16,4,1.3524221673511079,1.4072926443676863
28,2025-11-16,5,28.39296118549811,29.54492050838683
28,2025-11-16,6,85.83763188501314,89.32023659322284
28,2025-11-16,7,116.82540537939781,121.56524614478398
28,2025-11-16,8,240.78374778723054,250.55282686466248
28,2025-11-16,9,329.62608193322217,342.9996725097556
28,2025-11-16,10,373.58091229908973,388.73783841062243
28,2025-11-16,11,426.97914711717624,444.30254660295896
28,2025-11-16,12,481.01180665266185,500.52741939460066
28,2025-11-16,13,538.1544912142191,559.9884971588083
28,2025-11-16,14,534.5803869064721,556.2693842782891
28,2025-11-16,15,518.8034740767612,539.8523704847565
28,2025-11-16,16,490.2627166945312,510.15365739181476
28,2025-11-16,17,458.57173604973775,477.1769101668204
28,2025-11-16,18,403.31918779692387,419.6826553284427
28,2025-11-16,19,322.16116671017653,335.2318907195499
28,2025-11-16,20,247.24798234074623,257.2793283656308
28,2025-11-16,21,203.79166444327126,212.0599005828093
28,2025-11-16,22,97.10668100848324,101.04649361808305
28,2025-11-16,23,14.171857473676766,14.746838125845954
28,2025-11-17,0,1.1075559968992934,1.1245457476905891
28,2025-11-17,1,0.08321842159551807,0.08449498029603619
28,2025-11-17,2,0.4063931936004792,0.412627207141899
28,2025-11-17,3,0.3432198400306561,0.3484847833518735
28,2025-11-17,4,1.6580976999395034,1.6835326818171323
28,2025-11-17,5,57.99419819489259,58.883820911424024
28,2025-11-17,6,249.59615864745663,253.42492806927987
28,2025-11-17,7,786.8867928961292,798.9575239017803
28,2025-11-17,8,1349.442153973959,1370.1424038642328
28,2025-11-17,9,815.5138200187707,828.0236855314544
28,2025-11-17,10,566.214920416331,574.900576418482
28,2025-11-17,11,526.4792424637756,534.5553588419012
28,2025-11-17,12,576.6211221684916,585.4664078191192
28,2025-11-17,13,603.0436648244709,612.2942685052967
28,2025-11-17,14,587.5218877554267,596.5343895931138
28,2025-11-17,15,669.782773712129,680.0571457904074
28,2025-11-17,16,804.0041513059992,816.3374601446476
28,2025-11-17,17,970.174892424404,985.057236696304
28,2025-11-17,18,1036.9677906814,1052.8747284719948
28,2025-11-17,19,711.8876464552573,722.8079012672373
28,2025-11-17,20,469.8219061664207,477.0289070985684
28,2025-11-17,21,263.8373615195343,267.8845889592296
28,2025-11-17,22,88.9687084205305,90.33347569958457
28,2025-11-17,23,-2.3379721031296867,0.0
28,2025-11-18,0,-0.8591690007489206,0.0
28,2025-11-18,1,-0.06258208311794533,0.0
28,2025-11-18,2,0.010186630062833046,0.010295108186314138
28,2025-11-18,3,-0.02063741095696514,0.0
28,2025-11-18,4,1.362859636940243,1.377372822858598
28,2025-11-18,5,62.624413549857934,63.29130523278837
28,2025-11-18,6,253.58644153288952,256.2869009731615
28,2025-11-18,7,815.5519438458639,824.2368125339442
28,2025-11-18,8,1381.7722770699725,1396.486864992591
28,2025-11-18,9,835.125469441575,844.0187779486567
28,2025-11-18,10,596.6426754083466,602.9963642551795
28,2025-11-18,11,560.4111738537016,566.3790309509465
28,2025-11-18,12,605.8378766315731,612.2894858080513
28,2025-11-18,13,632.7454723377479,639.4836223497713
28,2025-11-18,14,603.8162898582907,610.2463710183133
28,2025-11-18,15,679.2751557595514,686.5088035674731
28,2025-11-18,16,825.4093267543963,834.1991673903883
28,2025-11-18,17,998.1501414581941,1008.7795108993042
28,2025-11-18,18,1066.2656627262845,1077.6203990337206
28,2025-11-18,19,713.5645682089769,721.1633663261608
28,2025-11-18,20,479.16339373336496,484.26603763742474
28,2025-11-18,21,278.2411510305524,281.2041601663351
28,2025-11-18,22,101.93486124061553,103.02037258209761
28,2025-11-18,23,4.071124554674952,4.1144782397921
28,2025-11-19,0,-0.49414945213680994,0.0
28,2025-11-19,1,-0.10842275374352539,0.0
28,2025-11-19,2,-0.006218231220032067,0.0
28,2025-11-19,3,-0.06312159782731896,0.0
28,2025-11-19,4,1.1486112467555358,1.205485108248651
28,2025-11-19,5,62.75349180735003,65.86075147535516
28,2025-11-19,6,252.00112906778128,264.4790473810433
28,2025-11-19,7,817.7461181859364,858.2370846409586
28,2025-11-19,8,1397.6693559186715,1466.8754111320666
28,2025-11-19,9,843.9607282039735,885.749719646539
28,2025-11-19,10,608.5747622573234,638.7085406219325
28,2025-11-19,11,576.4207611216231,604.9624236052438
28,2025-11-19,12,623.4467729090424,654.3169437444018
28,2025-11-19,13,651.3447873562059,683.5963374999106
28,2025-11-19,14,622.2825663547096,653.0950911218214
28,2025-11-19,15,696.443279675633,730.9278964142964
28,2025-11-19,16,841.2656203658278,882.921162662454
28,2025-11-19,17,1008.5634708466168,1058.5028209182556
28,2025-11-19,18,1075.9617336856497,1129.2383307818247
28,2025-11-19,19,717.7165345687822,753.254503480096
28,2025-11-19,20,482.02524523719114,505.8928828832987
28,2025-11-19,21,283.4401027313427,297.4747321064873
28,2025-11-19,22,108.19845665911868,113.55593862282198
28,2025-11-19,23,7.688873714032411,8.069590810339065
28,2025-11-20,0,0.12931488516431955,0.13494345339038366
28,2025-11-20,1,-0.07049217348878756,0.0
28,2025-11-20,2,0.03455340946220531,0.03605738344288062
28,2025-11-20,3,-0.0746000871621959,0.0
28,2025-11-20,4,1.11629417741824,1.1648820714566777
28,2025-11-20,5,61.788489080157206,64.4778989337186
28,2025-11-20,6,254.7948584830451,265.88507630908913
28,2025-11-20,7,812.5084440920878,847.8737402528067
28,2025-11-20,8,1386.5357675668527,1446.8862148932487
28,2025-11-20,9,857.0621878713712,894.3667332242433
28,2025-11-20,10,615.7836515630617,642.5862914209047
28,2025-11-20,11,583.6037504576851,609.0057258162368
28,2025-11-20,12,631.1436666015087,658.614867487631
28,2025-11-20,13,660.8027258691327,689.5648689263483
28,2025-11-20,14,634.8564669559095,662.4892714352914
28,2025-11-20,15,711.7479698797046,742.7275589899605
28,2025-11-20,16,847.3373882621534,884.2186513454265
28,2025-11-20,17,1015.3941839751357,1059.5902982398661
28,2025-11-20,18,1069.405979446483,1115.9530146855186
28,2025-11-20,19,720.912104461142,752.2905722979955
28,2025-11-20,20,483.8875429035991,504.9492640311753
28,2025-11-20,21,284.83700757785266,297.23484196809073
28,2025-11-20,22,110.01384196101168,114.80231170679656
28,2025-11-20,23,11.079345648522974,11.5615859784248
28,2025-11-21,0,0.6447285580173912,0.6749267112268132
28,2025-11-21,1,-0.3452132401578183,0.0
28,2025-11-21,2,-0.0210316120374614,0.0
28,2025-11-21,3,-0.06591787131958426,0.0
28,2025-11-21,4,1.05823140970449,1.1077974384523852
28,2025-11-21,5,59.72175363471166,62.51903420150135
28,2025-11-21,6,253.14502021818157,265.001966850511
28,2025-11-21,7,768.7185209552637,804.7241847063973
28,2025-11-21,8,1321.582520023741,1383.4835339035924
28,2025-11-21,9,801.1180817311109,838.6412940506463
28,2025-11-21,10,610.8877552931899,639.5008542457666
28,2025-11-21,11,586.927286156751,614.4181113881561
28,2025-11-21,12,637.4507845287761,667.308057353578
28,2025-11-21,13,673.3775512775594,704.917581897262
28,2025-11-21,14,681.4153909846752,713.3319023914158
28,2025-11-21,15,771.4028032672987,807.5341949197455
28,2025-11-21,16,915.0039379844236,957.8613991017778
28,2025-11-21,17,980.474121383254,1026.3981112037986
28,2025-11-21,18,890.0598737750796,931.7489910005861
28,2025-11-21,19,643.86009113889,674.0175666157561
28,2025-11-21,20,432.10166247562586,452.3406794126311
28,2025-11-21,21,267.0796765436661,279.58930232508055
28,2025-11-21,22,106.55111932582162,111.54181965392743
28,2025-11-21,23,22.74705473939838,23.812493885130987
28,2025-11-22,0,2.761764982427394,2.84048065309026
28,2025-11-22,1,-0.32892345729379713,0.0
28,2025-11-22,2,-0.0032904581512980258,0.0
28,2025-11-22,3,-0.02863085527377507,0.0
28,2025-11-22,4,0.9699760355260878,0.9976222380991379
28,2025-11-22,5,44.588174920581594,45.85902458188112
28,2025-11-22,6,126.5998599009996,130.2082020087966
28,2025-11-22,7,220.75871984356903,227.05077249748058
28,2025-11-22,8,375.3349110753652,386.03268566388823
28,2025-11-22,9,444.3064725778771,456.9700707447567
28,2025-11-22,10,488.5130702568279,502.4366423918631
28,2025-11-22,11,531.8164652199742,546.9742682900063
28,2025-11-22,12,590.1825745300821,607.0039251747847
28,2025-11-22,13,632.5957101176144,650.6259175745116
28,2025-11-22,14,617.5359083276862,635.136882158447
28,2025-11-22,15,599.8504356826254,616.9473391637714
28,2025-11-22,16,579.3334652200601,595.8455951595736
28,2025-11-22,17,549.3137287164673,564.9702378095153
28,2025-11-22,18,500.6492935268424,514.9187716169795
28,2025-11-22,19,410.33897643161265,422.0344349280626
28,2025-11-22,20,309.67674862887776,318.5031379531398
28,2025-11-22,21,249.7816077488463,256.9008691263724
28,2025-11-22,22,132.26303299267335,136.03278654236618
28,2025-11-22,23,39.08997183614912,40.20411202144851
28,2025-11-23,0,3.7138868111293846,3.864566640129366
28,2025-11-23,1,0.2573221365540235,0.2677622111997231
28,2025-11-23,2,0.006784494047053613,0.00705975456382487
28,2025-11-23,3,-0.011027514042382336,0.0
28,2025-11-23,4,1.1873040956332375,1.2354754016528169
28,2025-11-23,5,25.08454790333127,26.102278270689016
28,2025-11-23,6,78.5049615498063,81.69006513091885
28,2025-11-23,7,100.67383062746757,104.75836964418221
28,2025-11-23,8,226.02369377080046,235.1939278838244
28,2025-11-23,9,311.2149810962493,323.8415964236978
28,2025-11-23,10,356.8427062089485,371.32052976305516
28,2025-11-23,11,422.7937694269567,439.94735975410464
28,2025-11-23,12,475.8253135223131,495.13049984639537
28,2025-11-23,13,535.024280253212,556.7312872674825
28,2025-11-23,14,525.7486448859803,547.0793207889168
28,2025-11-23,15,512.2721953800038,533.0561047253269
28,2025-11-23,16,483.1689290557611,502.77206057556276
28,2025-11-23,17,455.8804641566464,474.3764479808455
28,2025-11-23,18,404.9036565058574,421.3314091075088
28,2025-11-23,19,323.5707595644591,336.6986735801639
28,2025-11-23,20,246.57423619729187,256.57824699123165
28,2025-11-23,21,204.74611142059442,213.05307138631414
28,2025-11-23,22,94.92154308942031,98.77270027554327
28,2025-11-23,23,12.782924281791509,13.30155313152598
28,2025-11-24,0,1.3089046699162168,1.32898308059134
28,2025-11-24,1,-0.09806217058411448,0.0
28,2025-11-24,2,-0.07782796027117911,0.0
28,2025-11-24,3,-0.12513858792289057,0.0
28,2025-11-24,4,1.4452281617558924,1.4673977553236546
28,2025-11-24,5,52.81106108460273,53.62117521821152
28,2025-11-24,6,242.66821178458153,246.3907074911027
28,2025-11-24,7,764.6019326004645,776.3308170323061
28,2025-11-24,8,1322.7650071643407,1343.0560334330667
28,2025-11-24,9,794.9137044561577,807.1075671385912
28,2025-11-24,10,552.5818889775892,561.0584162247856
28,2025-11-24,11,517.5056458157414,525.4441085030574
28,2025-11-24,12,568.9978661934587,577.7262121863204
28,2025-11-24,13,597.4766910187793,606.6418981166016
28,2025-11-24,14,574.4116935341763,583.223086865144
28,2025-11-24,15,655.0895100281836,665.1384895403073
28,2025-11-24,16,790.0652581750297,802.1847463840534
28,2025-11-24,17,956.8328174476902,971.5104961952034
28,2025-11-24,18,1021.6909011263215,1037.3634936132626
28,2025-11-24,19,700.1260036309386,710.8658365220036
28,2025-11-24,20,462.80277152356564,469.9020999328914
28,2025-11-24,21,255.68763412745483,259.60984591304674
28,2025-11-24,22,80.32413225166135,81.55629296705938
28,2025-11-24,23,-9.899559321512015,0.0
28,2025-11-25,0,-0.4465628989348147,0.0
28,2025-11-25,1,-0.11867938548903112,0.0
28,2025-11-25,2,-0.016409811279174846,0.0
28,2025-11-25,3,-0.033258371158126465,0.0
28,2025-11-25,4,1.421115832151429,1.4362493922954775
28,2025-11-25,5,58.038161938645885,58.65621431303879
28,2025-11-25,6,248.146478983642,250.78900788893725
28,2025-11-25,7,797.3944799402359,805.8859885475526
28,2025-11-25,8,1360.3266121632914,1374.8128237267479
28,2025-11-25,9,816.3433340542019,825.0366303109887
28,2025-11-25,10,582.893388491462,589.1006602371784
28,2025-11-25,11,546.7483544283193,552.570715222706
28,2025-11-25,12,592.9178443904711,599.2318672558548
28,2025-11-25,13,621.5834804231731,628.2027656163373
28,2025-11-25,14,593.54209424933,599.862764794354
28,2025-11-25,15,666.5571634952529,673.6553765296757
28,2025-11-25,16,813.6147451136137,822.2789844392859
28,2025-11-25,17,986.973089140937,997.483433383925
28,2025-11-25,18,1061.5854494602495,1072.8903458550296
28,2025-11-25,19,707.4578980991494,714.9916658667333
28,2025-11-25,20,473.1252593732126,478.1636027695799
28,2025-11-25,21,272.04162165556306,274.93861157705055
28,2025-11-25,22,97.05464681977043,98.08818842255646
28,2025-11-25,23,0.39213198827985707,0.3963078287671554
28,2025-11-26,0,-0.3577810605860918,0.0
28,2025-11-26,1,-0.18250726180542642,0.0
28,2025-11-26,2,-0.0355506791417497,0.0
28,2025-11-26,3,-0.12099792195931514,0.0
28,2025-11-26,4,1.276404161041512,1.3396057304753533
28,2025-11-26,5,64.85944210240234,68.07097858793865
28,2025-11-26,6,253.6620081752393,266.22216546063504
28,2025-11-26,7,806.4402272033155,846.3713787691678
28,2025-11-26,8,1385.8067249245082,1454.425398085001
28,2025-11-26,9,834.7944245428739,876.1295434621659
28,2025-11-26,10,602.0906752641769,631.903391940944
28,2025-11-26,11,567.807990266645,595.9231885848993
28,2025-11-26,12,614.2390461030886,644.6532933346112
28,2025-11-26,13,640.1185402835605,671.8142191323423
28,2025-11-26,14,610.8702288187326,641.1176679607756
28,2025-11-26,15,683.274059490447,717.1065979851438
28,2025-11-26,16,829.503825997203,870.5769791994152
28,2025-11-26,17,998.107570841365,1047.5291936050357
28,2025-11-26,18,1074.8967062617726,1128.1205681767772
28,2025-11-26,19,715.5057425318527,750.9342433525017
28,2025-11-26,20,481.050477622185,504.8698493310745
28,2025-11-26,21,282.4370767499144,296.4220409655868
28,2025-11-26,22,108.5981809493382,113.97545539198649
28,2025-11-26,23,10.546298112220597,11.068501512016487
28,2025-11-27,0,0.17660727898669393,0.18429429906742956
28,2025-11-27,1,-0.061165285814581694,0.0
28,2025-11-27,2,0.044925333875255546,0.04688075692244977
28,2025-11-27,3,-0.009730464947608652,0.0
28,2025-11-27,4,1.3404176152209857,1.398760720804713
28,2025-11-27,5,64.86644672461534,67.68982796574558
28,2025-11-27,6,257.851600080072,269.07486584260414
28,2025-11-27,7,802.3779434408428,837.3022987616324
28,2025-11-27,8,1374.2907530437435,1434.1082230598718
28,2025-11-27,9,848.6190250039591,885.5560726926402
28,2025-11-27,10,610.6368137394018,637.215431994456
28,2025-11-27,11,576.4438403597724,601.5341729988693
28,2025-11-27,12,623.4895032283829,650.6275484943742
28,2025-11-27,13,651.3325657792881,679.6825100234304
28,2025-11-27,14,624.8131137426694,652.0087705672601
28,2025-11-27,15,700.7654736588337,731.2670379137676
28,2025-11-27,16,836.2340100586687,872.6319867694666
28,2025-11-27,17,1006.1280073422105,1049.9208013912757
28,2025-11-27,18,1066.1927326097739,1112.5999078549303
28,2025-11-27,19,719.4903143524807,750.8068972592306
28,2025-11-27,20,483.5831425062587,504.6316142820507
28,2025-11-27,21,285.0202485290732,297.4260586770475
28,2025-11-27,22,111.59927721084716,116.45675471595044
28,2025-11-27,23,14.735576189086487,15.37695785079734
28,2025-11-28,0,0.836030380081354,0.8751888339631924
28,2025-11-28,1,-0.2686130078035376,0.0
28,2025-11-28,2,0.01483981844819482,0.015534894082003658
28,2025-11-28,3,-0.0800985037029136,0.0
28,2025-11-28,4,1.14888281374391,1.2026948231510917
28,2025-11-28,5,63.41527702200102,66.38555688243909
28,2025-11-28,6,256.4420163850864,268.4533895495447
28,2025-11-28,7,762.6355943800727,798.356342647946
28,2025-11-28,8,1313.110416303386,1374.61460909788
28,2025-11-28,9,795.4030067543422,832.6585332274766
28,2025-11-28,10,603.6050409261551,631.8770280705122
28,2025-11-28,11,577.6314995154629,604.6869235447575
28,2025-11-28,12,629.1349438711693,658.602714746475
28,2025-11-28,13,663.1312093840166,694.1913161683476
28,2025-11-28,14,668.0253298212208,699.3146701286372
28,2025-11-28,15,755.3211418806326,790.6992917720661
28,2025-11-28,16,899.4588797541464,941.5882328262625
28,2025-11-28,17,970.0226378736025,1015.4570953221661
28,2025-11-28,18,887.9786595970634,929.5702957604581
28,2025-11-28,19,643.3239394764787,673.4563023848946
28,2025-11-28,20,434.1322704406414,454.4663981179315
28,2025-11-28,21,269.7922353450882,282.42891345768345
28,2025-11-28,22,109.23456488816714,114.3509539254408
28,2025-11-28,23,25.827695919743633,27.03742784294122
28,2025-11-29,0,2.0002546410863715,2.057265786702113
28,2025-11-29,1,-0.279047098177557,0.0
28,2025-11-29,2,-0.0020798942657052066,0.0
28,2025-11-29,3,-0.06960198670134332,0.0
28,2025-11-29,4,1.518396403282111,1.5616736524242099
28,2025-11-29,5,48.55498045145697,49.938891781558446
28,2025-11-29,6,132.33008513802446,136.10174980420413
28,2025-11-29,7,219.75601111164085,226.01948461750197
28,2025-11-29,8,367.6509894469472,378.12975733209385
28,2025-11-29,9,433.33501020474176,445.68590036628825
28,2025-11-29,10,470.4239496851559,483.8319467200067
28,2025-11-29,11,511.95303390854906,526.544690573187
28,2025-11-29,12,564.4820886971647,580.5709255358151
28,2025-11-29,13,602.831122405053,620.0129812520192
28,2025-11-29,14,590.0132509111513,606.829775503562
28,2025-11-29,15,570.835692415321,587.1056193108673
28,2025-11-29,16,551.4385866646992,567.1556583398361
28,2025-11-29,17,521.6618625720866,536.5302397268691
28,2025-11-29,18,473.80231288362177,487.30659983691316
28,2025-11-29,19,393.4883020898457,404.70348361111
28,2025-11-29,20,297.22961267862087,305.7012344320032
28,2025-11-29,21,240.64990154044787,247.50889153968362
28,2025-11-29,22,127.73428987976973,131.37496544720835
28,2025-11-29,23,36.324644039513316,37.35996700701906
28,2025-11-30,0,2.767705171446721,2.879996515573371
28,2025-11-30,1,0.4493919228080472,0.4676246535094165
28,2025-11-30,2,0.21320878728585058,0.22185909496707898
28,2025-11-30,3,0.1656276317419838,0.17234747661010585
28,2025-11-30,4,1.035291707508975,1.0772955663732444
28,2025-11-30,5,30.36917243604836,31.601310608870904
28,2025-11-30,6,85.40414428407774,88.86916153179004
28,2025-11-30,7,106.35936041982535,110.67457277163452
28,2025-11-30,8,223.76362359026908,232.84216212783554
28,2025-11-30,9,307.37902848354037,319.85001152785014
28,2025-11-30,10,343.7179482478848,357.66327407499745
28,2025-11-30,11,399.614512170459,415.8276735891951
28,2025-11-30,12,450.3561768372739,468.62802925656985
28,2025-11-30,13,503.7814038636105,524.2208247851262
28,2025-11-30,14,498.71749751095274,518.9514656057954
28,2025-11-30,15,481.9755781202876,501.530293001662
28,2025-11-30,16,452.788332944168,471.15886280974206
28,2025-11-30,17,431.7807987994821,449.2990109145133
28,2025-11-30,18,383.5625509928277,399.1244521851854
28,2025-11-30,19,309.60891320599177,322.1703671412457
28,2025-11-30,20,237.89785372253343,247.54984629563856
28,2025-11-30,21,198.11209190433271,206.1498964064833
28,2025-11-30,22,93.47601498888412,97.26852420373591
28,2025-11-30,23,9.828514852584362,10.227277392377768
28,2025-12-01,0,0.4223269403059362,0.4288053752458724
28,2025-12-01,1,0.13716841496096777,0.13927255885360001
28,2025-12-01,2,0.08328840560176332,0.08456603784694088
28,2025-12-01,3,0.04076716375362821,0.04139252622250667
28,2025-12-01,4,1.850513152598296,1.8788997600354627
28,2025-12-01,5,63.047764444635675,64.01490814559662
28,2025-12-01,6,256.4353057306602,260.3689866918494
28,2025-12-01,7,746.8508348443181,758.3074199721126
28,2025-12-01,8,1249.2592760686869,1268.4227349218208
28,2025-12-01,9,795.3559711140331,807.5566181038259
28,2025-12-01,10,549.5176650592342,557.9471875492109
28,2025-12-01,11,513.4977449449466,521.3747270053852
28,2025-12-01,12,554.5549687768842,563.0617627863709
28,2025-12-01,13,573.2802293105932,582.0742661419873
28,2025-12-01,14,550.7033039821606,559.1510140038606
28,2025-12-01,15,630.283800647754,639.9522641211811
28,2025-12-01,16,761.2964496247868,772.9746284199302
28,2025-12-01,17,937.1080091544306,951.4831121601784
28,2025-12-01,18,1015.0369310157074,1030.607452551592
28,2025-12-01,19,705.0619210519923,715.8774702112595
28,2025-12-01,20,459.79168057287706,466.84481927711767
28,2025-12-01,21,262.168110116216,266.18973147781696
28,2025-12-01,22,98.859766683923,100.37626138391802
28,2025-12-01,23,-6.015025144741287,0.0
28,2025-12-02,0,-1.024653912683334,0.0
28,2025-12-02,1,0.03680642972244641,0.03719838392159785
28,2025-12-02,2,0.0618577574461483,0.06251648495555198
28,2025-12-02,3,0.031028436549149774,0.0313588605019823
28,2025-12-02,4,1.9621075547514124,1.9830021729219591
28,2025-12-02,5,66.54940297018896,67.25809213514971
28,2025-12-02,6,258.75679520669064,261.51231409849936
28,2025-12-02,7,769.1759736341396,777.3669814288576
28,2025-12-02,8,1281.5429839856229,1295.1902232792481
28,2025-12-02,9,814.7899057463737,823.4666594383716
28,2025-12-02,10,581.3190503192764,587.5095568296215
28,2025-12-02,11,546.5147590979492,552.334632319612
28,2025-12-02,12,584.940845529631,591.1699207860314
28,2025-12-02,13,604.5700006706902,611.0081081489429
28,2025-12-02,14,572.6363353265264,578.7343790083086
28,2025-12-02,15,646.6670663860966,653.553468409719
28,2025-12-02,16,788.6663724759417,797.0649348671469
28,2025-12-02,17,962.6958825333126,972.9476971350047
28,2025-12-02,18,1036.2981936585818,1047.3338043287963
28,2025-12-02,19,707.5176163941358,715.0520201059464
28,2025-12-02,20,471.01572572586537,476.0316045534721
28,2025-12-02,21,277.40749798482204,280.36162949203896
28,2025-12-02,22,112.80952614249713,114.01084253773746
28,2025-12-02,23,1.8328650852496935,1.8523833914820298
28,2025-12-03,0,-0.8157796598742948,0.0
28,2025-12-03,1,-0.08791642025352076,0.0
28,2025-12-03,2,-0.002020755122259743,0.0
28,2025-12-03,3,-0.05165573512914534,0.0
28,2025-12-03,4,1.858413478470311,1.9504334295808494
28,2025-12-03,5,67.3910155448537,70.72790371724867
28,2025-12-03,6,259.4853700796524,272.3338730340562
28,2025-12-03,7,777.0586508854709,815.534964091808
28,2025-12-03,8,1314.6539015076,1379.7494193487555
28,2025-12-03,9,840.6773085057766,882.3037203482672
28,2025-12-03,10,611.9556736642662,642.2568589627897
28,2025-12-03,11,576.7783819294258,605.3377521242912
28,2025-12-03,12,620.5353109639786,651.2613198090444
28,2025-12-03,13,640.5189832504086,672.2344901636437
28,2025-12-03,14,607.718761603278,637.8101548155793
28,2025-12-03,15,680.2445361784098,713.9270668356196
28,2025-12-03,16,821.2772221587486,861.943032381699
28,2025-12-03,17,983.5995393584379,1032.3027921989267
28,2025-12-03,18,1053.2606615396137,1105.4132076249475
28,2025-12-03,19,716.490704563397,751.9679761011326
28,2025-12-03,20,481.31281107404504,505.14517230958967
28,2025-12-03,21,288.4162534310744,302.69727853537876
28,2025-12-03,22,125.01964237131722,131.2100308462948
28,2025-12-03,23,12.931576712583023,13.57188796229132
28,2025-12-04,0,0.025634964787684567,0.02675075395686558
28,2025-12-04,1,0.15210075567364356,0.15872110320329694
28,2025-12-04,2,0.08023916146703414,0.08373165650459684
28,2025-12-04,3,0.06177765897905374,0.06446659744091976
28,2025-12-04,4,1.9437098946312403,2.028311939784094
28,2025-12-04,5,73.00396155195011,76.18153680050696
28,2025-12-04,6,267.7938737800385,279.4498876037962
28,2025-12-04,7,778.6706422357814,812.5631119997074
28,2025-12-04,8,1307.1921610236152,1364.0890932951656
28,2025-12-04,9,858.6849523929591,896.0601303014954
28,2025-12-04,10,623.4595970028336,650.5963405684779
28,2025-12-04,11,587.5316130086906,613.1045527718646
28,2025-12-04,12,631.9031490754103,659.4074072458152
28,2025-12-04,13,653.8503897322737,682.3099249479626
28,2025-12-04,14,623.3969618601452,650.5309791644352
28,2025-12-04,15,700.9642893465594,731.4745072662384
28,2025-12-04,16,833.6002994529936,869.8836411021517
28,2025-12-04,17,997.4901413678878,1040.906963092481
28,2025-12-04,18,1051.6831783981331,1097.4588098290858
28,2025-12-04,19,727.3644069427345,759.0237181232347
28,2025-12-04,20,490.64228170029696,511.9980100345311
28,2025-12-04,21,297.75816187748,310.7184032825218
28,2025-12-04,22,130.3502409898099,136.02387418186473
28,2025-12-04,23,18.035993337021296,18.821029173330977
28,2025-12-05,0,0.6380000623071851,0.6678830625087265
28,2025-12-05,1,-0.13188466318945302,0.0
28,2025-12-05,2,-0.006551180618828312,0.0
28,2025-12-05,3,-0.08865496640123638,0.0
28,2025-12-05,4,1.6869088242799535,1.765921193892652
28,2025-12-05,5,67.74695721969516,70.92012671583734
28,2025-12-05,6,263.2491050561466,275.57931240910574
28,2025-12-05,7,742.0601191424848,776.8171419078117
28,2025-12-05,8,1248.6501245250827,1307.1350904793212
28,2025-12-05,9,805.6907523989004,843.4281419992232
28,2025-12-05,10,616.6246939948145,645.5065028590437
28,2025-12-05,11,592.518890008761,620.2716178776553
28,2025-12-05,12,639.2256688328539,669.1660746715063
28,2025-12-05,13,670.0798816669463,701.4654542113908
28,2025-12-05,14,667.2987361773826,698.5540438893682
28,2025-12-05,15,754.7752787786109,790.1278612318081
28,2025-12-05,16,892.4886966197648,934.2915763945958
28,2025-12-05,17,969.1643431161405,1014.5585992795858
28,2025-12-05,18,885.4828357899678,926.9575711758598
28,2025-12-05,19,654.6350278001594,685.2971857268295
28,2025-12-05,20,448.3131277423224,469.31146626635086
28,2025-12-05,21,285.0492921935149,298.40058878314863
28,2025-12-05,22,129.41599579513883,135.47765386840524
28,2025-12-05,23,24.499243189917422,25.64675230854415
28,2025-12-06,0,3.1525387869776296,3.2423922707051016
28,2025-12-06,1,-0.1571640095797875,0.0
28,2025-12-06,2,-0.028790283996499966,0.0
28,2025-12-06,3,-0.11902963972880798,0.0
28,2025-12-06,4,0.8696177072209252,0.8944035023482261
28,2025-12-06,5,39.15882573318976,40.274928388401605
28,2025-12-06,6,114.7851926207261,118.05679374420954
28,2025-12-06,7,185.15713952288536,190.43447793085937
28,2025-12-06,8,330.8056226512638,340.23422595810786
28,2025-12-06,9,417.4083497173042,429.305299094727
28,2025-12-06,10,454.81141452029533,467.77442395335197
28,2025-12-06,11,504.68259640592277,519.0670314685515
28,2025-12-06,12,558.2744699363255,574.1863775731475
28,2025-12-06,13,600.3916047086655,617.5039325590456
28,2025-12-06,14,584.4240384496234,601.0812596218714
28,2025-12-06,15,566.6347498956056,582.7849417630233
28,2025-12-06,16,545.5231593012488,561.071629797381
28,2025-12-06,17,515.6281124284249,530.3245159749558
28,2025-12-06,18,458.65889069110864,471.7315606742381
28,2025-12-06,19,387.29592272019676,398.3346093919057
28,2025-12-06,20,294.3259519714834,302.714813750214
28,2025-12-06,21,242.13691360609022,249.03828633983653
28,2025-12-06,22,131.14599751266792,134.88391337974753
28,2025-12-06,23,26.978463154267672,27.747401798270275
28,2025-12-07,0,3.2466653091310604,3.3783890256789197
28,2025-12-07,1,0.21274597845285825,0.22137750905245723
28,2025-12-07,2,-0.017967687579982794,0.0
28,2025-12-07,3,-0.03519648942074127,0.0
28,2025-12-07,4,1.4637876741988975,1.5231764729580868
28,2025-12-07,5,23.15171353316242,24.091024937532502
28,2025-12-07,6,72.18401558000699,75.11266571859855
28,2025-12-07,7,83.23864518981742,86.61580380052308
28,2025-12-07,8,195.71570575302815,203.65628406766692
28,2025-12-07,9,307.57805034708394,320.0571081071541
28,2025-12-07,10,351.54812094744983,365.8111325693678
28,2025-12-07,11,414.6072246837324,431.42867048824354
28,2025-12-07,12,466.59466064039987,485.5253408827037
28,2025-12-07,13,524.1718407018161,545.4385424997464
28,2025-12-07,14,514.182372799113,535.0437818695241
28,2025-12-07,15,497.90873616337143,518.1098911899239
28,2025-12-07,16,466.2896907546224,485.20799775762845
28,2025-12-07,17,435.80315786822655,453.48456514979824
28,2025-12-07,18,376.2017217215629,391.46497932236883
28,2025-12-07,19,307.17210880114044,319.63469669935495
28,2025-12-07,20,236.72286777384085,246.32718881282818
28,2025-12-07,21,200.28782529447437,208.41390365952074
28,2025-12-07,22,98.88936357715608,102.90150319031558
28,2025-12-07,23,2.0837205994656074,2.1682613190885993
28,2025-12-08,0,0.43017710207993787,0.43677595738018543
28,2025-12-08,1,0.08329399949121807,0.08457171754586085
28,2025-12-08,2,0.030083580971677293,0.03054505880670276
28,2025-12-08,3,-0.017192908206652646,0.0
28,2025-12-08,4,2.147606240709308,2.1805502136819
28,2025-12-08,5,64.35955406838133,65.34682043479705
28,2025-12-08,6,259.6777753321941,263.66119531392275
28,2025-12-08,7,764.0741787219602,775.7949674846889
28,2025-12-08,8,1277.2127932461092,1296.805055059919
28,2025-12-08,9,822.8634926960174,835.486101137757
28,2025-12-08,10,580.2160766316763,589.1165083702729
28,2025-12-08,11,546.9311526799698,555.320998439501
28,2025-12-08,12,590.2397533127045,599.2939468198256
28,2025-12-08,13,610.7085854037424,620.076767871412
28,2025-12-08,14,584.5583769847167,593.5254189904832
28,2025-12-08,15,666.0892163973351,676.306929833985
28,2025-12-08,16,796.885555916491,809.1096665186706
28,2025-12-08,17,963.9760305392056,978.7632851552199
28,2025-12-08,18,1024.1159219385781,1039.825713898394
28,2025-12-08,19,718.4550222359145,729.4760196542986
28,2025-12-08,20,473.62034396849197,480.885612393962
28,2025-12-08,21,271.6268549129759,275.7935720686905
28,2025-12-08,22,104.01295751480154,105.6085014260705
28,2025-12-08,23,-2.301815279362927,0.0
28,2025-12-09,0,-0.6009355260488292,0.0
28,2025-12-09,1,-0.0033271258007516735,0.0
28,2025-12-09,2,0.045776027188253465,0.04626349924713573
28,2025-12-09,3,0.09269609423176917,0.09368322130856145
28,2025-12-09,4,1.9702255308480972,1.9912065979038984
28,2025-12-09,5,68.60132752362352,69.33186777414528
28,2025-12-09,6,264.50148262976893,267.318177092674
28,2025-12-09,7,793.0362232051895,801.4813204370708
28,2025-12-09,8,1316.0453181898392,1330.0599752111236
28,2025-12-09,9,848.8462443551518,857.8856663370678
28,2025-12-09,10,619.3034185293504,625.89842318674
28,2025-12-09,11,584.4927350277326,590.7170383246078
28,2025-12-09,12,625.2115066661097,631.8694269600232
28,2025-12-09,13,646.9130487348368,653.8020702413929
28,2025-12-09,14,613.9715436290904,620.5097687843044
28,2025-12-09,15,688.6589473826486,695.9925238323423
28,2025-12-09,16,829.9851825094416,838.8237517477846
28,2025-12-09,17,996.2133343243328,1006.8220785731929
28,2025-12-09,18,1059.2705969694402,1070.5508423409879
28,2025-12-09,19,726.7240953286415,734.463030154338
28,2025-12-09,20,490.58064681941386,495.8048738360873
28,2025-12-09,21,293.0291950672929,296.14968310013643
28,2025-12-09,22,120.7610887093852,122.04708184076672
28,2025-12-09,23,6.925509499708596,6.999259726235418
28,2025-12-10,0,-0.49206919409368766,0.0
28,2025-12-10,1,-0.02025880764250587,0.0
28,2025-12-10,2,0.016263825222551986,0.01706913384691767
28,2025-12-10,3,0.0005707895649607053,0.0005990523969249478
28,2025-12-10,4,1.785196176168654,1.8735907486127668
28,2025-12-10,5,69.365933941464,72.80061084408975
28,2025-12-10,6,265.8315681510718,278.99430517826676
28,2025-12-10,7,800.7327210230717,840.3812635539844
28,2025-12-10,8,1336.6518769641925,1402.83663175369
28,2025-12-10,9,860.2338682461329,902.828629539403
28,2025-12-10,10,633.4103143232884,664.7738331699749
28,2025-12-10,11,600.5754793888798,630.3131706463938
28,2025-12-10,12,643.273496847072,675.1253944018057
28,2025-12-10,13,666.265322661969,699.2556679905373
28,2025-12-10,14,632.4196211014003,663.7340854492361
28,2025-12-10,15,706.1018760955576,741.0647413944334
28,2025-12-10,16,846.4707856178464,888.3840633740795
28,2025-12-10,17,1008.26528790016,1058.1898733456953
28,2025-12-10,18,1067.767035928077,1120.6378698850185
28,2025-12-10,19,732.2768376111169,768.5357646889702
28,2025-12-10,20,495.596078801127,520.1356807089825
28,2025-12-10,21,300.0272225458242,314.8831685827752
28,2025-12-10,22,128.99735548515025,135.38470172572042
28,2025-12-10,23,12.542424076119005,13.163466305775083
28,2025-12-11,0,-0.005072499791992868,0.0
28,2025-12-11,1,0.14622285350202446,0.1525873590738317
28,2025-12-11,2,0.07978738813119435,0.08326021925272557
28,2025-12-11,3,0.06724517609268332,0.07017209406527723
28,2025-12-11,4,1.8336526222497582,1.9134643073014792
28,2025-12-11,5,69.5547340065894,72.582177949368
28,2025-12-11,6,265.8958758508584,277.4692772914883
28,2025-12-11,7,794.0112175471178,828.5714022044779
28,2025-12-11,8,1322.4421811420598,1380.0028867957421
28,2025-12-11,9,870.5973887002308,908.4910680976632
28,2025-12-11,10,636.7963649347162,664.5136055415511
28,2025-12-11,11,603.5089508597625,629.7773212846996
28,2025-12-11,12,646.5801419732215,674.723231905135
28,2025-12-11,13,671.6031394786141,700.8353820513915
28,2025-12-11,14,640.1112296363576,667.9727532629676
28,2025-12-11,15,719.5970373949572,750.9182655358974
28,2025-12-11,16,851.7177698160303,888.7896936759097
28,2025-12-11,17,1014.4255428766475,1058.5794960049975
28,2025-12-11,18,1060.8734858374635,1107.0491351965536
28,2025-12-11,19,733.9451653329368,765.8909110374397
28,2025-12-11,20,494.90205273384674,516.4431921432196
28,2025-12-11,21,299.34563429869775,312.374972133114
28,2025-12-11,22,129.5332644875691,135.17133790646938
28,2025-12-11,23,15.45838581548037,16.131228536692948
28,2025-12-12,0,0.3620674801240398,0.3790261972476579
28,2025-12-12,1,-0.1156035346004387,0.0
28,2025-12-12,2,0.008586495112012926,0.008988674124715395
28,2025-12-12,3,-0.1303194543227164,0.0
28,2025-12-12,4,1.5234206229885103,1.5947754416999214
28,2025-12-12,5,64.86958995431536,67.90798772918167
28,2025-12-12,6,260.2810600393545,272.47224845630564
28,2025-12-12,7,750.862198761773,786.0314982063309
28,2025-12-12,8,1258.9914038634624,1317.9607403856842
28,2025-12-12,9,812.3023366780762,850.3494033239351
28,2025-12-12,10,626.174663081637,655.5037786861105
28,2025-12-12,11,604.0819313698366,632.376255372866
28,2025-12-12,12,650.008857082851,680.4543318637895
28,2025-12-12,13,682.6330649846915,714.6066104805141
28,2025-12-12,14,681.2966679521833,713.2076185437869
28,2025-12-12,15,771.1899037372258,807.311323483593
28,2025-12-12,16,911.0081578213808,953.6784623748537
28,2025-12-12,17,977.6090037431223,1023.3987955971215
28,2025-12-12,18,882.457832909326,923.7908815352436
28,2025-12-12,19,652.4816003885876,683.0428948897256
28,2025-12-12,20,443.58634257629245,464.3632853193263
28,2025-12-12,21,281.2137771969363,294.38542381130003
28,2025-12-12,22,126.29087430931696,132.20615621194017
28,2025-12-12,23,21.082200858980684,22.069660656773816
28,2025-12-13,0,3.1791490846472357,3.2697610135867112
28,2025-12-13,1,-0.1618190429248898,0.0
28,2025-12-13,2,0.018829592272311402,0.01936627225538533
28,2025-12-13,3,-0.051148013155227545,0.0
28,2025-12-13,4,0.5360560250446156,0.5513346638110358
28,2025-12-13,5,39.390524339424246,40.51323085531847
28,2025-12-13,6,115.16859274951088,118.45112152196575
28,2025-12-13,7,191.3023269487469,196.75481514414074
28,2025-12-13,8,340.5786288602617,350.28578184205224
28,2025-12-13,9,428.42233538963796,440.63320476908314
28,2025-12-13,10,470.5855322945833,483.9981347479072
28,2025-12-13,11,520.2490132492755,535.0771214518849
28,2025-12-13,12,573.1771914207646,589.5138555896643
28,2025-12-13,13,618.535198889389,636.1646544437041
28,2025-12-13,14,603.3173710440866,620.5130889224962
28,2025-12-13,15,586.6999071769516,603.4219950320462
28,2025-12-13,16,564.283345896248,580.3665181787312
28,2025-12-13,17,534.6868169850761,549.9264306601618
28,2025-12-13,18,473.2006008843363,486.6877378759652
28,2025-12-13,19,394.00212799204223,405.2319545503581
28,2025-12-13,20,297.5666577906941,306.0478859849609
28,2025-12-13,21,245.21336457964998,252.20242214653237
28,2025-12-13,22,132.35390794557253,136.12625160807707
28,2025-12-13,23,26.803642032881214,27.567597935085175
28,2025-12-14,0,3.3751910958027906,3.5121293610277258
28,2025-12-14,1,0.5124654850804973,0.5332572365762409
28,2025-12-14,2,0.2245149130997106,0.23362393295794437
28,2025-12-14,3,0.19854509598110326,0.2066004683262071
28,2025-12-14,4,1.6595122656838157,1.7268420032695897
28,2025-12-14,5,25.472614883593963,26.50608990586453
28,2025-12-14,6,75.88345141040736,78.96219507275701
28,2025-12-14,7,95.37872586055653,99.24843186770713
28,2025-12-14,8,208.558684894181,217.02032860452329
28,2025-12-14,9,320.32999666679757,333.3264264386138
28,2025-12-14,10,363.8256221283032,378.5867565720946
28,2025-12-14,11,424.34785935790745,441.5645022272989
28,2025-12-14,12,475.5683537181947,494.8631146681842
28,2025-12-14,13,533.7032019360713,555.3566101561281
28,2025-12-14,14,525.5442038075464,546.8665851263166
28,2025-12-14,15,512.5486267901297,533.3437515116142
28,2025-12-14,16,480.32741876441764,499.8152645185039
28,2025-12-14,17,448.80470663200344,467.0136127965756
28,2025-12-14,18,392.84016333288406,408.77847584632417
28,2025-12-14,19,318.93403967248724,331.87383267213164
28,2025-12-14,20,246.33572245369393,256.33005626717437
28,2025-12-14,21,209.408087657916,217.90419334023014
28,2025-12-14,22,102.59701691473975,106.75958345238823
28,2025-12-14,23,6.0081365285624315,6.251898665313451
28,2025-12-15,0,0.5715634288980027,0.5803311302562921
28,2025-12-15,1,0.07280716101070084,0.07392401246097204
28,2025-12-15,2,0.008912791265288433,0.009049512210212229
28,2025-12-15,3,-0.015826815937828087,0.0
28,2025-12-15,4,2.08754273840691,2.1195653458335366
28,2025-12-15,5,64.52268019738898,65.51244889532306
28,2025-12-15,6,259.18597568905096,263.1618515345015
28,2025-12-15,7,774.6536927551745,786.5367697520155
28,2025-12-15,8,1296.6873459936742,1316.5783446649243
28,2025-12-15,9,836.0562315828929,848.8812147547321
28,2025-12-15,10,589.9891964953792,599.0395464967116
28,2025-12-15,11,554.2865887225371,562.789265820325
28,2025-12-15,12,596.7070477330659,605.8604486128197
28,2025-12-15,13,617.6553962727388,627.1301418268699
28,2025-12-15,14,593.055172671874,602.1525543098157
28,2025-12-15,15,674.5506499058426,684.8981605238985
28,2025-12-15,16,807.3474655521634,819.7320603537954
28,2025-12-15,17,973.4827245849672,988.415810529726
28,2025-12-15,18,1040.5490629234441,1056.51093691869
28,2025-12-15,19,723.3589920680677,734.4552156832035
28,2025-12-15,20,477.2118002958698,484.5321611484052
28,2025-12-15,21,274.3816546050199,278.5906299945202
28,2025-12-15,22,105.26277336633098,106.87748927424114
28,2025-12-15,23,-1.5159507554208744,0.0
28,2025-12-16,0,-0.9214030344518847,0.0
28,2025-12-16,1,-0.06447984787826044,0.0
28,2025-12-16,2,-0.01996444999662117,0.0
28,2025-12-16,3,-0.006649282925479838,0.0
28,2025-12-16,4,1.7852185804664487,1.8042294957954697
28,2025-12-16,5,69.65780815581724,70.39959894118394
28,2025-12-16,6,264.5250268700154,267.3419720571526
28,2025-12-16,7,804.3608094585823,812.9265029876091
28,2025-12-16,8,1344.4313484502682,1358.748290258252
28,2025-12-16,9,868.3702188179248,877.6175529454229
28,2025-12-16,10,633.3346566023355,640.0790808780764
28,2025-12-16,11,597.6209660744714,603.9850728058282
28,2025-12-16,12,636.9750165435281,643.7582072624185
28,2025-12-16,13,658.759656370489,665.7748332157591
28,2025-12-16,14,626.9953203277189,633.672236575884
28,2025-12-16,15,703.6069402345828,711.0996988872606
28,2025-12-16,16,844.9915004704445,853.9898730198657
28,2025-12-16,17,1008.8706994940999,1019.6142328943636
28,2025-12-16,18,1072.3967266234122,1083.8167530515655
28,2025-12-16,19,731.0960110761812,738.8815027330755
28,2025-12-16,20,493.6640690314698,498.92113162314706
28,2025-12-16,21,294.27637420456966,297.41014353374203
28,2025-12-16,22,123.06735642639705,124.37790916116491
28,2025-12-16,23,9.593504096119432,9.69566598042622
28,2025-12-17,0,-0.6058610118847128,0.0
28,2025-12-17,1,-0.06385065920352417,0.0
28,2025-12-17,2,-0.004652592833508606,0.0
28,2025-12-17,3,-0.019488906457297617,0.0
28,2025-12-17,4,1.2189102891407515,1.2792650307062228
28,2025-12-17,5,69.97924171766562,73.44428675538919
28,2025-12-17,6,263.7078919317571,276.76547443648445
28,2025-12-17,7,800.5397409507484,840.1787280102732
28,2025-12-17,8,1353.3499734324855,1420.3615399290934
28,2025-12-17,9,870.2270237138416,913.3165993679801
28,2025-12-17,10,638.3987462906464,670.0092689774752
28,2025-12-17,11,604.4450570717513,634.3743517336324
28,2025-12-17,12,645.4482293028537,677.4078094462998
28,2025-12-17,13,668.4400551177507,701.5380830350314
28,2025-12-17,14,636.5519711736634,668.0710501866567
28,2025-12-17,15,712.6223018764896,747.9080281901677
28,2025-12-17,16,848.705162995555,890.7290766783142
28,2025-12-17,17,1007.9580299214902,1057.8674013877346
28,2025-12-17,18,1069.2792899105789,1122.2250036179898
28,2025-12-17,19,731.6523063769034,767.8803095864653
28,2025-12-17,20,492.69819606168335,517.0943083580519
28,2025-12-17,21,297.7341020364082,312.4765034614569
28,2025-12-17,22,128.46002882081973,134.82076915589315
28,2025-12-17,23,12.229975422021994,12.835546654395904
28,2025-12-18,0,0.030360045580437145,0.031681498928044935
28,2025-12-18,1,0.129576120616548,0.13521605939414658
28,2025-12-18,2,0.06211741307367902,0.06482113969469047
28,2025-12-18,3,-0.04549855578363804,0.0
28,2025-12-18,4,1.1015942607450597,1.1495423252402293
28,2025-12-18,5,69.49501181130967,72.51985628187504
28,2025-12-18,6,265.3937314406489,276.94527651054
28,2025-12-18,7,791.7610799353472,826.2233249545149
28,2025-12-18,8,1332.2784928880076,1390.2673344959117
28,2025-12-18,9,879.1498403263236,917.4157742976699
28,2025-12-18,10,641.8492081018903,669.7863790938925
28,2025-12-18,11,608.0377209810788,634.5032109532018
28,2025-12-18,12,649.8950269985415,678.1824008348397
28,2025-12-18,13,674.9180245039342,704.2945509810963
28,2025-12-18,14,642.5117546212457,670.4777636567754
28,2025-12-18,15,718.597951356926,749.8756932130382
28,2025-12-18,16,851.1050146884484,888.1502677282045
28,2025-12-18,17,1014.1583453533397,1058.3006684246561
28,2025-12-18,18,1065.3693565431695,1111.7406934673104
28,2025-12-18,19,732.9057109491869,764.8062132935818
28,2025-12-18,20,492.49361483099335,513.9299244132567
28,2025-12-18,21,298.43019877503787,311.41969130243524
28,2025-12-18,22,129.62940560635235,135.27166366993382
28,2025-12-18,23,13.972110861233034,14.58026188069727
28,2025-12-19,0,0.5613720589369109,0.5876659142849601
28,2025-12-19,1,-0.13368007743150656,0.0
28,2025-12-19,2,0.021247121263797908,0.022242305694834128
28,2025-12-19,3,-0.13280044958020198,0.0
28,2025-12-19,4,0.9895209208596611,1.0358686496836145
28,2025-12-19,5,66.70424907730734,69.82857963209199
28,2025-12-19,6,264.0615401981579,276.42980083817264
28,2025-12-19,7,754.6540775554497,790.0009831186431
28,2025-12-19,8,1267.9328186481664,1327.3209581072517
28,2025-12-19,9,821.4420427036387,859.9171999613012
28,2025-12-19,10,633.77208393826,663.4570517477766
28,2025-12-19,11,614.4661539186196,643.2468598875001
28,2025-12-19,12,658.944825716767,689.8088483447427
28,2025-12-19,13,691.2177953815158,723.5934372333336
28,2025-12-19,14,690.3335499754744,722.6677750513261
28,2025-12-19,15,780.7146486778313,817.2821937019147
28,2025-12-19,16,921.221330445667,964.3700052339111
28,2025-12-19,17,986.8824259180857,1033.1065714549377
28,2025-12-19,18,893.4274184755014,935.2742666244148
28,2025-12-19,19,661.6615463909734,692.6528162862319
28,2025-12-19,20,448.63744081681557,469.6509696962107
28,2025-12-19,21,286.085884769882,299.48573385660563
28,2025-12-19,22,130.97037347781276,137.10483635369414
28,2025-12-19,23,23.269714454522216,24.35963422540696
28,2025-12-20,0,3.6740450441768076,3.778762470003449
28,2025-12-20,1,-0.1720912557221368,0.0
28,2025-12-20,2,0.03617823514093743,0.03720938517022586
28,2025-12-20,3,-0.04316633444653917,0.0
28,2025-12-20,4,0.678089143139573,0.6974160018734127
28,2025-12-20,5,39.356370365592284,40.47810342683953
28,2025-12-20,6,115.33862758771329,118.62600268359188
28,2025-12-20,7,196.94710328944961,202.5604785835747
28,2025-12-20,8,351.232188903886,361.2429890566404
28,2025-12-20,9,440.06361809060434,452.6062866568062
28,2025-12-20,10,482.7375280468444,496.4964860016748
28,2025-12-20,11,533.5674382047472,548.7751474086052
28,2025-12-20,12,585.8658848522946,602.5642014498598
28,2025-12-20,13,630.8726540838271,648.8537510942698
28,2025-12-20,14,614.1826939933924,631.688094697229
28,2025-12-20,15,596.1742619877863,613.1663873724239
28,2025-12-20,16,572.9960140666377,589.3275143287495
28,2025-12-20,17,544.2798606003017,559.7928946665776
28,2025-12-20,18,486.28786577846313,500.1480152602345
28,2025-12-20,19,402.763791226088,414.2433422185894
28,2025-12-20,20,306.38219525186605,315.1146834005189
28,2025-12-20,21,251.5582158915213,258.7281140547064
28,2025-12-20,22,139.73352010948958,143.7161970640775
28,2025-12-20,23,32.483716922784424,33.40956600098957
28,2025-12-21,0,3.8977401181822415,4.055879244214321
28,2025-12-21,1,0.3024758802847032,0.31474793278273233
28,2025-12-21,2,0.020387882152931525,0.021215059380646037
28,2025-12-21,3,0.007155070953103859,0.007445366517434364
28,2025-12-21,4,1.6077371219938072,1.6729662382643917
28,2025-12-21,5,24.717191120377095,25.720017087021375
28,2025-12-21,6,73.41492845732296,76.39351919758069
28,2025-12-21,7,90.67081511313518,94.34951174858311
28,2025-12-21,8,206.22534700149438,214.5923225184993
28,2025-12-21,9,319.50685302579495,332.46988621086086
28,2025-12-21,10,365.8010059671198,380.6422856910932
28,2025-12-21,11,426.2352424330506,443.52846021532514
28,2025-12-21,12,477.9135514244034,497.30346174412693
28,2025-12-21,13,535.427034535153,557.1503820975926
28,2025-12-21,14,528.30601719486,549.74045081627
28,2025-12-21,15,513.794225089966,534.6398862301317
28,2025-12-21,16,481.04125861134577,500.55806627825774
28,2025-12-21,17,450.9089670938323,469.2032473213968
28,2025-12-21,18,391.4957787853478,407.37954692411125
28,2025-12-21,19,315.9194591188706,328.7369445454989
28,2025-12-21,20,245.51749419166578,255.47863084516925
28,2025-12-21,21,209.25711632101448,217.74709679370724
28,2025-12-21,22,106.89441819741637,111.23133891529392
28,2025-12-21,23,7.195294066491442,7.487221563122341
28,2025-12-22,0,0.6606104673095388,0.6707441375177557
28,2025-12-22,1,-0.0431947956222416,0.0
28,2025-12-22,2,-0.09213233947946264,0.0
28,2025-12-22,3,-0.09586348626856989,0.0
28,2025-12-22,4,1.5483957449324635,1.5721479144898978
28,2025-12-22,5,64.23548002864374,65.22084311701238
28,2025-12-22,6,258.1552252992034,262.115289580904
28,2025-12-22,7,768.9195086845621,780.7146241168196
28,2025-12-22,8,1284.450407812348,1304.153693599797
28,2025-12-22,9,825.8959881612033,838.5651146502232
28,2025-12-22,10,584.0084481934057,592.9670543700643
28,2025-12-22,11,552.0426032331507,560.5108579140579
28,2025-12-22,12,595.1032968520108,604.2320964223258
28,2025-12-22,13,615.4302802845566,624.8708928772602
28,2025-12-22,14,588.5358492530135,597.5639051152413
28,2025-12-22,15,669.2160605335717,679.4817393126392
28,2025-12-22,16,802.0335666140572,814.3366469650057
28,2025-12-22,17,969.5126920057593,984.3848782178246
28,2025-12-22,18,1038.1362344700435,1054.061096021458
28,2025-12-22,19,721.5263180967613,732.5944287549529
28,2025-12-22,20,476.83662618011283,484.15123191530165
28,2025-12-22,21,275.77036144912415,280.0006394032529
28,2025-12-22,22,106.90229848026138,108.54216446923267
28,2025-12-22,23,-1.6674337603191702,0.0
28,2025-12-23,0,-0.5651386577251287,0.0
28,2025-12-23,1,-0.04404917799388386,0.0
28,2025-12-23,2,-0.01538532743217047,0.0
28,2025-12-23,3,0.00532189053797083,0.005378563715986514
28,2025-12-23,4,1.3606724188147155,1.375162312896964
28,2025-12-23,5,68.09606305843647,68.8212227129508
28,2025-12-23,6,263.6726890566358,266.4805576398327
28,2025-12-23,7,793.1262153513367,801.572270915766
28,2025-12-23,8,1319.8803377828558,1333.9358341912975
28,2025-12-23,9,851.1487753165839,860.2127171089193
28,2025-12-23,10,622.4716196110838,629.1003626594858
28,2025-12-23,11,588.9800151009175,595.2521037516212
28,2025-12-23,12,628.8007115709977,635.4968535545643
28,2025-12-23,13,651.0573423442262,657.9904967181907
28,2025-12-23,14,618.7277540682392,625.3166284352275
28,2025-12-23,15,693.3258898076249,700.7091648478763
28,2025-12-23,16,834.7312710301896,843.6203816913026
28,2025-12-23,17,1001.736223816055,1012.4037816946003
28,2025-12-23,18,1069.0878972215905,1080.472687698088
28,2025-12-23,19,729.4335348135063,737.2013226464477
28,2025-12-23,20,493.40924971305765,498.663598716304
28,2025-12-23,21,296.627349073378,299.78615409546813
28,2025-12-23,22,125.548770792656,126.88574827951267
28,2025-12-23,23,10.3970091715654,10.507727636630918
28,2025-12-24,0,-0.11633569239342023,0.0
28,2025-12-24,1,-0.10891875228014669,0.0
28,2025-12-24,2,-0.05255636845737399,0.0
28,2025-12-24,3,-0.05838475257161235,0.0
28,2025-12-24,4,1.2177435573857451,1.2780405278468316
28,2025-12-24,5,65.0213707946466,68.24092523233206
28,2025-12-24,6,257.7195942591869,270.4806642464099
28,2025-12-24,7,790.6622281537057,829.8121269370165
28,2025-12-24,8,1333.9353476688152,1399.9855926219134
28,2025-12-24,9,860.9593907504843,903.5900765278121
28,2025-12-24,10,630.8573137771456,662.0944199669271
28,2025-12-24,11,595.2523021117108,624.7264145056014
28,2025-12-24,12,637.4609332464039,669.0250198136707
28,2025-12-24,13,659.7400379608791,692.4072816836247
28,2025-12-24,14,626.9801106533339,658.0252358625469
28,2025-12-24,15,699.210129898161,733.8317481303868
28,2025-12-24,16,839.6395965062172,881.214625699705
28,2025-12-24,17,1002.4791138054053,1052.1171949484888
28,2025-12-24,18,1061.8412030932143,1114.4186174995175
28,2025-12-24,19,716.5841222795316,752.0660194260304
28,2025-12-24,20,490.88689960674253,515.1933249668284
28,2025-12-24,21,296.92279470908505,311.62502398651384
28,2025-12-24,22,126.72985246280348,133.00492254972076
28,2025-12-24,23,9.30811946436603,9.769014043513744
28,2025-12-25,0,0.10893050919310099,0.113671825725333
28,2025-12-25,1,-0.13258790978858315,0.0
28,2025-12-25,2,-0.19144192714401242,0.0
28,2025-12-25,3,0.43069880911474456,0.44944543390512715
28,2025-12-25,4,1.3411962595019418,1.3995732564080303
28,2025-12-25,5,74.41174225312716,77.65059265739282
28,2025-12-25,6,268.65848651689805,280.35213353170224
28,2025-12-25,7,765.2604307092058,798.5692067211916
28,2025-12-25,8,1291.2035085168586,1347.404517644196
28,2025-12-25,9,870.7741400177565,908.6755127047006
28,2025-12-25,10,659.8997844029059,688.622625970271
28,2025-12-25,11,627.4460671900415,654.7563261201497
28,2025-12-25,12,673.1855733304831,702.4866930235329
28,2025-12-25,13,691.9270813834006,722.0439451928461
28,2025-12-25,14,661.7390817542802,690.5419806995494
28,2025-12-25,15,735.7060409177195,767.7284306091383
28,2025-12-25,16,844.8831993108043,881.6576412038117
28,2025-12-25,17,998.3009030573368,1041.753014048733
28,2025-12-25,18,1042.0914134396944,1087.4495530760378
28,2025-12-25,19,726.2880422002075,757.9005034578877
28,2025-12-25,20,498.45491059189624,520.1506919268767
28,2025-12-25,21,304.2761804927556,317.52012560621597
28,2025-12-25,22,136.1867102589011,142.1143819975522
28,2025-12-25,23,18.37947612890764,19.179462419885823
28,2025-12-26,0,0.6560812825480298,0.686811180955423
28,2025-12-26,1,-0.27788109671797656,0.0
28,2025-12-26,2,-0.13823108527839167,0.0
28,2025-12-26,3,0.028652738329014937,0.029994791152903863
28,2025-12-26,4,-0.5282152431677787,0.0
28,2025-12-26,5,75.36599827839137,78.89603263857326
28,2025-12-26,6,262.8941231879563,275.20770370360714
28,2025-12-26,7,729.5375397653747,763.7080230236414
28,2025-12-26,8,1255.6238865364517,1314.4354934173975
28,2025-12-26,9,830.3804101384646,869.2742275995298
28,2025-12-26,10,653.9965665802793,684.6288199067941
28,2025-12-26,11,630.3362711217492,659.860310428035
28,2025-12-26,12,676.5931100380637,708.2837527795594
28,2025-12-26,13,700.2485542104197,733.0471837449163
28,2025-12-26,14,698.1089047809863,730.8073162307076
28,2025-12-26,15,781.7686842790456,818.3855988062755
28,2025-12-26,16,909.6134693938983,952.2184487585164
28,2025-12-26,17,969.2080594891232,1014.6043632642536
28,2025-12-26,18,884.7989238758871,926.2416258168412
28,2025-12-26,19,648.2612826399093,678.6249035613955
28,2025-12-26,20,452.8047599008673,474.01347997911324
28,2025-12-26,21,290.4914157047086,304.09761348885587
28,2025-12-26,22,138.3888129350688,144.87074478610145
28,2025-12-26,23,28.005637514029672,29.317381071623714
28,2025-12-27,0,4.236941689060018,4.357702763494628
28,2025-12-27,1,-0.1966594791123839,0.0
28,2025-12-27,2,-0.08913220021730694,0.0
28,2025-12-27,3,-0.2094625386399116,0.0
28,2025-12-27,4,2.5473487072027297,2.6199530972125586
28,2025-12-27,5,49.9925072263693,51.41739086399985
28,2025-12-27,6,124.93561367206513,128.49652152716786
28,2025-12-27,7,202.70763324190224,208.48519483770977
28,2025-12-27,8,351.6923491575425,361.716264772043
28,2025-12-27,9,441.5777577596162,454.1635822497587
28,2025-12-27,10,470.7870324218778,484.20537802053076
28,2025-12-27,11,514.8517929549699,529.5260698874007
28,2025-12-27,12,562.9325053266123,578.9771760269283
28,2025-12-27,13,600.0565401260651,617.1593179845007
28,2025-12-27,14,587.7184718022545,604.4695907291834
28,2025-12-27,15,563.9074132759587,579.9798707479789
28,2025-12-27,16,534.2619176168632,549.4894208339824
28,2025-12-27,17,497.9860113414112,512.1795807120429
28,2025-12-27,18,449.97554145658694,462.80071910675383
28,2025-12-27,19,379.76697360380126,390.59107058998137
28,2025-12-27,20,297.77883536654326,306.26611103417906
28,2025-12-27,21,247.22507051371107,254.27146561031944
28,2025-12-27,22,138.01566477033668,141.949379508377
28,2025-12-27,23,35.63936660019715,36.65515782855451
28,2025-12-28,0,4.100725026169869,4.267099656615679
28,2025-12-28,1,0.14760481263977,0.15359343562674016
28,2025-12-28,2,-0.1519325587805156,0.0
28,2025-12-28,3,-0.37072400797666205,0.0
28,2025-12-28,4,1.6241068397104073,1.690000108226807
28,2025-12-28,5,36.64252947816857,38.129190315367914
28,2025-12-28,6,80.58291459313313,83.85232489256036
28,2025-12-28,7,87.38872670374985,90.93426243649957
28,2025-12-28,8,212.31573696024202,220.92981180046195
28,2025-12-28,9,319.5775598571296,332.5434617600096
28,2025-12-28,10,357.0806888059309,371.56816779081447
28,2025-12-28,11,414.20471855384903,431.00983387821725
28,2025-12-28,12,456.94858216297104,475.48790167474755
28,2025-12-28,13,507.1191523628947,527.6939924284753
28,2025-12-28,14,499.8998199763534,520.181757262496
28,2025-12-28,15,477.5727966109265,496.9488818251375
28,2025-12-28,16,439.3363509488315,457.16110695272135
28,2025-12-28,17,405.7361404274223,422.19766856972046
28,2025-12-28,18,353.93495862316934,368.29480903181354
28,2025-12-28,19,298.0797631421133,310.1734563596915
28,2025-12-28,20,235.75530885322806,245.32037408822362
28,2025-12-28,21,204.10471043100281,212.38564747347607
28,2025-12-28,22,105.11213036924079,109.3767400989715
28,2025-12-28,23,11.582593597077505,12.052522625973564
28,2025-12-29,0,-1.216482140716323,0.0
28,2025-12-29,1,0.012999480843234323,0.012538946471421585
28,2025-12-29,2,0.037347059091189294,0.03602395976091367
28,2025-12-29,3,0.13893386218910564,0.13401183340054226
28,2025-12-29,4,2.6609080421918634,2.5666396919061607
28,2025-12-29,5,76.91957966768149,74.19453928110386
28,2025-12-29,6,262.51822104222305,253.21795240264882
28,2025-12-29,7,741.0621683801235,714.8084583816391
28,2025-12-29,8,1277.7621611232125,1232.4947076536969
28,2025-12-29,9,837.3887104241369,807.7224269495185
28,2025-12-29,10,618.5129155664619,596.6007745768686
28,2025-12-29,11,587.8867842111055,567.0596393328865
28,2025-12-29,12,636.9892177441276,614.4225142901231
28,2025-12-29,13,643.7179050962046,620.9128235223212
28,2025-12-29,14,609.3231932210997,587.7366177720455
28,2025-12-29,15,686.4424871987749,662.1237960571825
28,2025-12-29,16,800.0601234052865,771.7162848483304
28,2025-12-29,17,949.2204641337617,915.5923019453343
28,2025-12-29,18,1005.0454899251116,969.439606972733
28,2025-12-29,19,710.6427930577215,685.466754396576
28,2025-12-29,20,471.42029696627634,454.71922613573366
28,2025-12-29,21,270.9107963348726,261.3132027915655
28,2025-12-29,22,101.62391823397928,98.02367389272983
28,2025-12-29,23,2.2316150794393366,2.152555349198469
28,2025-12-30,0,-2.1646730504728,0.0
28,2025-12-30,1,0.07554264582034875,0.07023933627465397
28,2025-12-30,2,0.08296565891453156,0.07714123264367181
28,2025-12-30,3,-0.48501008417963476,0.0
28,2025-12-30,4,2.6336626862330945,2.448772041851165
28,2025-12-30,5,76.42103870963666,71.05606347373414
28,2025-12-30,6,260.81653944548907,242.50647327960752
28,2025-12-30,7,748.668796404354,696.110108110893
28,2025-12-30,8,1297.4647319802616,1206.3790012173106
28,2025-12-30,9,857.7885105882922,797.5693066275433
28,2025-12-30,10,646.5646251822151,601.173941398225
28,2025-12-30,11,618.6865550760382,575.2529914551576
28,2025-12-30,12,665.1578512088049,618.4618698408968
28,2025-12-30,13,678.6676248738432,631.0232188001291
28,2025-12-30,14,639.5565295522313,594.6578341020894
28,2025-12-30,15,708.3654590069165,658.63618013673
28,2025-12-30,16,828.0077431857312,769.8792341738952
28,2025-12-30,17,959.0111388159755,891.6858171823453
28,2025-12-30,18,987.1390928924671,917.8391085271467
28,2025-12-30,19,706.5672777379916,656.9642363299013
28,2025-12-30,20,480.0145229953867,446.3161321827652
28,2025-12-30,21,291.16372857012425,270.7232030322951
28,2025-12-30,22,126.54780122120434,117.66378405560064
28,2025-12-30,23,12.31529825641303,11.450729136652063
28,2025-12-31,0,-9.783183922960689,0.0
28,2025-12-31,1,-7.613440699353532,0.0
28,2025-12-31,2,-5.312051265540958,0.0
28,2025-12-31,3,-4.265405534184765,0.0
28,2025-12-31,4,-3.3807541230152083,0.0
28,2025-12-31,5,-32.3748627562905,0.0
28,2025-12-31,6,-19.50004299665028,0.0
28,2025-12-31,7,-39.06496235691702,0.0
28,2025-12-31,8,59.355983528940726,60.17698397175395
28,2025-12-31,9,94.63623454737188,95.94522457415975
28,2025-12-31,10,61.235396493029384,62.082392611156344
28,2025-12-31,11,132.39534330348107,134.22660999330972
28,2025-12-31,12,179.09086810853927,172.9219221272236
28,2025-12-31,13,230.58862409724145,222.64579160675578
28,2025-12-31,14,192.41040967404484,185.78266010725716
28,2025-12-31,15,170.61529501454208,164.7382977692495
28,2025-12-31,16,185.93558888851692,179.5308703455133
28,2025-12-31,17,160.46196888724717,154.934712089759
28,2025-12-31,18,124.38745878145102,96.08225673672399
28,2025-12-31,19,130.65049239785816,100.92009497039729
28,2025-12-31,20,133.25789593880103,102.93416631562262
28,2025-12-31,21,105.4612920590634,81.46286642296623
28,2025-12-31,22,9.079007876567346,7.013018629504853
28,2025-12-31,23,-23.594848638836538,0.0
50,2025-11-01,0,40.98984287620851,34.841366444777236
50,2025-11-01,1,6.822723376664612,5.79931487016492
50,2025-11-01,2,14.059176067636713,11.950299657491206
50,2025-11-01,3,29.025332608319275,24.671532717071383
50,2025-11-01,4,-22.514245191091504,0.0
50,2025-11-01,5,15.685750517053975,13.332887939495878
50,2025-11-01,6,297.3334921408072,252.73346831968612
50,2025-11-01,7,1081.6436425984043,919.3970962086437
50,2025-11-01,8,1717.4517044987722,1459.8339488239562
50,2025-11-01,9,1205.6371164175043,1024.7915489548786
50,2025-11-01,10,858.7422853228744,729.9309425244433
50,2025-11-01,11,717.1413731837897,609.5701672062212
50,2025-11-01,12,718.6286545686285,610.8343563833341
50,2025-11-01,13,737.0934365782139,626.5294210914818
50,2025-11-01,14,705.0197370193708,599.2667764664652
50,2025-11-01,15,826.7973191583,702.7777212845549
50,2025-11-01,16,976.2475456511651,829.8104138034903
50,2025-11-01,17,1187.8645164426302,1009.6848389762357
50,2025-11-01,18,1195.1758504337458,1015.8994728686839
50,2025-11-01,19,709.9678880237617,603.4727048201975
50,2025-11-01,20,355.2410682043003,301.9549079736552
50,2025-11-01,21,202.23731524625973,171.90171795932076
50,2025-11-01,22,93.21179260675581,79.23002371574243
50,2025-11-01,23,20.10476682439537,17.089051800736062
50,2025-11-02,0,24.441164268747684,29.32939712249722
50,2025-11-02,1,-9.904933425180332,0.0
50,2025-11-02,2,-1.043396856276729,0.0
50,2025-11-02,3,8.079452743574507,9.695343292289408
50,2025-11-02,4,-27.804702099449116,0.0
50,2025-11-02,5,-39.64282343711477,0.0
50,2025-11-02,6,-32.511968525726104,0.0
50,2025-11-02,7,-50.327195162051794,0.0
50,2025-11-02,8,-54.63385225369757,0.0
50,2025-11-02,9,-92.21515840746451,0.0
50,2025-11-02,10,-93.84383828039779,0.0
50,2025-11-02,11,-55.48130397206353,0.0
50,2025-11-02,12,-37.7048339981809,0.0
50,2025-11-02,13,29.56577181751311,35.47892618101573
50,2025-11-02,14,-0.7494927974527172,0.0
50,2025-11-02,15,-17.813977683459086,0.0
50,2025-11-02,16,-34.567561395591895,0.0
50,2025-11-02,17,-47.45014045089766,0.0
50,2025-11-02,18,-94.70162336842475,0.0
50,2025-11-02,19,-19.176283324075712,0.0
50,2025-11-02,20,-12.751342615668477,0.0
50,2025-11-02,21,-15.899748625390828,0.0
50,2025-11-02,22,-36.904415378687986,0.0
50,2025-11-02,23,-28.995177813654436,0.0
50,2025-11-03,0,37.89084073525163,39.059371454482125
50,2025-11-03,1,3.5205011068302383,3.6290712417385627
50,2025-11-03,2,0.43450442689407964,0.4479042818620642
50,2025-11-03,3,-2.4269777388162197,0.0
50,2025-11-03,4,4.719339892900166,4.864881494309217
50,2025-11-03,5,2.8147779563837503,2.901584014154519
50,2025-11-03,6,110.74389596790883,114.1591710553622
50,2025-11-03,7,342.42417528724087,352.9843307249651
50,2025-11-03,8,549.9317334267901,566.8912970447868
50,2025-11-03,9,482.86640205262756,497.75771122217725
50,2025-11-03,10,425.8415600726993,438.9742574426745
50,2025-11-03,11,456.5570762222931,470.63702162058746
50,2025-11-03,12,460.55096410230834,474.7540785986327
50,2025-11-03,13,502.1539274074999,517.6400522485355
50,2025-11-03,14,487.51210103744774,502.54668076713074
50,2025-11-03,15,503.2659380962225,518.7863566775044
50,2025-11-03,16,513.2736812030637,529.1027325574271
50,2025-11-03,17,623.1837279698585,642.4023390042628
50,2025-11-03,18,653.4007423649587,673.5512279336552
50,2025-11-03,19,522.4487555209279,538.56076064416
50,2025-11-03,20,349.9054425524428,360.6963157691481
50,2025-11-03,21,280.96601729499366,289.63084013603446
50,2025-11-03,22,86.49573230799291,89.16320862477453
50,2025-11-03,23,67.28622332596024,69.36128994923098
50,2025-11-04,0,37.897923529496495,39.75765539588387
50,2025-11-04,1,4.857285195440909,5.0956425306406175
50,2025-11-04,2,2.4389537343677716,2.5586383914154847
50,2025-11-04,3,-0.07677471152612725,0.0
50,2025-11-04,4,6.985028633701518,7.327798873543617
50,2025-11-04,5,-31.658248949885945,0.0
50,2025-11-04,6,80.21795009386187,84.15441584586318
50,2025-11-04,7,351.90105210428345,369.16958661658254
50,2025-11-04,8,530.9301239934522,556.9839965663684
50,2025-11-04,9,477.16935362392843,500.5850706329938
50,2025-11-04,10,429.2972428381438,450.3637733576048
50,2025-11-04,11,458.2802533042643,480.76904190880833
50,2025-11-04,12,459.4371159540194,481.9826742740099
50,2025-11-04,13,499.1075514097472,523.5998225334896
50,2025-11-04,14,473.49872813281996,496.7343197270964
50,2025-11-04,15,481.7788003766863,505.4207127604362
50,2025-11-04,16,496.3381345805099,520.6945045189372
50,2025-11-04,17,588.1385404321554,616.9997519083182
50,2025-11-04,18,605.8271694963729,635.5563996944012
50,2025-11-04,19,457.7433984426605,480.20584243513173
50,2025-11-04,20,340.05655755037844,356.7438574748246
50,2025-11-04,21,274.0523889550741,287.5007236745914
50,2025-11-04,22,81.13718363090788,85.11875813141796
50,2025-11-04,23,86.9838399574964,91.25232234291761
50,2025-11-05,0,28.100386755710986,30.872671549477396
50,2025-11-05,1,-0.3545207355604134,0.0
50,2025-11-05,2,-0.6482510811418933,0.0
50,2025-11-05,3,-1.206119882866119,0.0
50,2025-11-05,4,-9.158193088910139,0.0
50,2025-11-05,5,61.58632710806279,67.66221637001065
50,2025-11-05,6,507.2137414749921,557.2536556905753
50,2025-11-05,7,1622.4965767321394,1782.5663518108902
50,2025-11-05,8,2575.3490100757485,2829.4238369221566
50,2025-11-05,9,1864.6586428657215,2048.619271099109
50,2025-11-05,10,1459.7692947275923,1603.7849715708282
50,2025-11-05,11,1313.0313236586157,1442.570351144704
50,2025-11-05,12,1281.7225010433995,1408.1727107989186
50,2025-11-05,13,1289.5068043518313,1416.724985946302
50,2025-11-05,14,1267.9997690027778,1393.096142539035
50,2025-11-05,15,1411.149692587309,1550.3687314033089
50,2025-11-05,16,1595.198532909119,1752.5751795107412
50,2025-11-05,17,2018.3114283345556,2217.4308970628526
50,2025-11-05,18,2141.927011577198,2353.2419566409408
50,2025-11-05,19,1347.2421160289696,1480.1562593202436
50,2025-11-05,20,815.2926593972616,895.7265502815942
50,2025-11-05,21,521.2607709121404,572.6865153814043
50,2025-11-05,22,230.0283362903914,252.72211856381986
50,2025-11-05,23,117.36125875470378,128.93970555159086
50,2025-11-06,0,29.790005069531162,30.769224370467168
50,2025-11-06,1,0.16096019806184358,0.16625107774638068
50,2025-11-06,2,-0.6387738497335249,0.0
50,2025-11-06,3,-1.2420498793968022,0.0
50,2025-11-06,4,-9.46903231394333,0.0
50,2025-11-06,5,62.7903471862204,64.85431191981847
50,2025-11-06,6,484.5617775823129,500.48967836638377
50,2025-11-06,7,1597.9286610063612,1650.453747280235
50,2025-11-06,8,2534.8535192468707,2618.176012321262
50,2025-11-06,9,1845.828211874264,1906.5019380807807
50,2025-11-06,10,1431.1122045536931,1478.1539116374345
50,2025-11-06,11,1300.0461230513401,1342.7795919724629
50,2025-11-06,12,1269.1175386494197,1310.83436233244
50,2025-11-06,13,1281.3328677671684,1323.4512182713981
50,2025-11-06,14,1267.4881850758943,1309.1514507127335
50,2025-11-06,15,1414.4352707861244,1460.928794833726
50,2025-11-06,16,1588.5868013903462,1640.8048138916145
50,2025-11-06,17,2001.6762663794198,2067.4728323648683
50,2025-11-06,18,2131.3703979657485,2201.430105114518
50,2025-11-06,19,1327.5931449278387,1371.2321046483692
50,2025-11-06,20,807.5673423403808,834.112672781902
50,2025-11-06,21,513.6295452634697,530.5129248761638
50,2025-11-06,22,235.35759594060204,243.0939726222782
50,2025-11-06,23,116.15172000713034,119.96971217606175
50,2025-11-07,0,31.919168434143955,33.237771566183724
50,2025-11-07,1,1.0409433961533523,1.0839454945719207
50,2025-11-07,2,-0.26293843559017205,0.0
50,2025-11-07,3,0.349490627110697,0.3639283289097748
50,2025-11-07,4,-1.4186388631371756,0.0
50,2025-11-07,5,65.94921278286085,68.67362080465679
50,2025-11-07,6,529.2319623071688,551.0949041476993
50,2025-11-07,7,1604.120543318595,1670.387882862648
50,2025-11-07,8,2529.524457745891,2634.0208790557585
50,2025-11-07,9,1848.347339525609,1924.7038585252933
50,2025-11-07,10,1481.3891830155276,1542.5864043818772
50,2025-11-07,11,1378.9659005422895,1435.9319446039528
50,2025-11-07,12,1350.590401582574,1406.3842339721612
50,2025-11-07,13,1374.6857721951642,1431.4750011666822
50,2025-11-07,14,1401.7759505268023,1459.6842936779178
50,2025-11-07,15,1557.5392425685957,1621.8822760584303
50,2025-11-07,16,1737.7020956357258,1809.4877823645281
50,2025-11-07,17,1974.345441278713,2055.907029826042
50,2025-11-07,18,1919.2519161732446,1998.537552735513
50,2025-11-07,19,1248.7276812598127,1300.3134935585003
50,2025-11-07,20,796.6455065246851,829.5554885687404
50,2025-11-07,21,531.8486345662432,553.8196729645977
50,2025-11-07,22,230.14151855856818,239.64882536105677
50,2025-11-07,23,126.3617184335821,131.58180924015255
50,2025-11-08,0,34.768806543824155,29.553485562250533
50,2025-11-08,1,-5.740502848263702,0.0
50,2025-11-08,2,-0.7388954899383293,0.0
50,2025-11-08,3,9.567644385810638,8.132497727939041
50,2025-11-08,4,-35.629736139592126,0.0
50,2025-11-08,5,-54.96351651756453,0.0
50,2025-11-08,6,9.020611169069753,7.66751949370929
50,2025-11-08,7,63.489984282530486,53.96648664015091
50,2025-11-08,8,93.15722164833272,79.18363840108282
50,2025-11-08,9,64.79928516666013,55.07939239166111
50,2025-11-08,10,33.59162120991397,28.55287802842687
50,2025-11-08,11,59.03763928632122,50.18199339337304
50,2025-11-08,12,85.07468394538012,72.3134813535731
50,2025-11-08,13,131.32885206272402,111.62952425331542
50,2025-11-08,14,83.87620048852096,71.29477041524282
50,2025-11-08,15,83.08829977835865,70.62505481160484
50,2025-11-08,16,79.40650595894635,67.4955300651044
50,2025-11-08,17,81.50219885941777,69.27686903050511
50,2025-11-08,18,23.574820564430468,20.038597479765897
50,2025-11-08,19,76.95409824392476,65.41098350733604
50,2025-11-08,20,17.247388985570353,14.6602806377348
50,2025-11-08,21,-4.018042252256521,0.0
50,2025-11-08,22,-25.402812544535948,0.0
50,2025-11-08,23,-35.07631093804014,0.0
50,2025-11-09,0,25.88426491950156,31.061117903401872
50,2025-11-09,1,-10.142617126934283,0.0
50,2025-11-09,2,-1.1439287126131603,0.0
50,2025-11-09,3,4.914637971234697,5.897565565481636
50,2025-11-09,4,-35.93228776855915,0.0
50,2025-11-09,5,-42.67507409541514,0.0
50,2025-11-09,6,-12.328155112846275,0.0
50,2025-11-09,7,1.5562938099223516,1.8675525719068218
50,2025-11-09,8,1.999009066457404,2.398810879748885
50,2025-11-09,9,-25.52374931944445,0.0
50,2025-11-09,10,-13.730521290035881,0.0
50,2025-11-09,11,42.400694177420064,50.88083301290408
50,2025-11-09,12,69.13499011149395,82.96198813379273
50,2025-11-09,13,131.0519941481129,157.26239297773546
50,2025-11-09,14,90.78319463584921,108.93983356301905
50,2025-11-09,15,74.28449712600428,89.14139655120513
50,2025-11-09,16,58.67099245218088,70.40519094261705
50,2025-11-09,17,66.05516329785104,79.26619595742125
50,2025-11-09,18,7.932411624687859,9.518893949625431
50,2025-11-09,19,44.14711587722064,52.97653905266477
50,2025-11-09,20,19.090234706004424,22.908281647205307
50,2025-11-09,21,-6.3999773073499,0.0
50,2025-11-09,22,-44.63444456954238,0.0
50,2025-11-09,23,-47.23887923948229,0.0
50,2025-11-10,0,27.752148039281565,28.608007578929165
50,2025-11-10,1,0.08076198348680919,0.08325263444147442
50,2025-11-10,2,-0.7684482937181087,0.0
50,2025-11-10,3,-0.1598918557343154,0.0
50,2025-11-10,4,-0.007887861828692166,0.0
50,2025-11-10,5,64.83664323489376,66.83616628272297
50,2025-11-10,6,530.3484518863148,546.7040788900971
50,2025-11-10,7,1691.6476662287955,1743.8170619388218
50,2025-11-10,8,2623.161732933203,2704.0584617194454
50,2025-11-10,9,1920.632935059896,1979.8640986190442
50,2025-11-10,10,1495.4332559060263,1541.5515173163446
50,2025-11-10,11,1353.2580813285558,1394.9917459397018
50,2025-11-10,12,1326.9947569155138,1367.9184764114225
50,2025-11-10,13,1337.5325525758944,1378.7812513465615
50,2025-11-10,14,1331.518297396589,1372.581520157911
50,2025-11-10,15,1480.5380408685965,1526.196942813592
50,2025-11-10,16,1652.1739328765625,1703.1259824119002
50,2025-11-10,17,2083.1557166463135,2147.398984956197
50,2025-11-10,18,2223.081440716081,2291.639934125575
50,2025-11-10,19,1418.3617396712652,1462.1031619154312
50,2025-11-10,20,870.7585020226675,897.612170056958
50,2025-11-10,21,544.5284792723753,561.3214097848319
50,2025-11-10,22,227.5143792408553,234.5307857404413
50,2025-11-10,23,110.7580647500435,114.17377679420876
50,2025-11-11,0,27.603037225288517,28.95757708278208
50,2025-11-11,1,0.29965684746537136,0.31436164752595497
50,2025-11-11,2,-0.28443297354328934,0.0
50,2025-11-11,3,0.09122740495382686,0.0957041281164669
50,2025-11-11,4,0.4464331992812163,0.4683406276993024
50,2025-11-11,5,69.76957621010075,73.19331799060434
50,2025-11-11,6,561.3824916242687,588.9307267694745
50,2025-11-11,7,1763.07259689684,1849.590326256113
50,2025-11-11,8,2705.196475641704,2837.946231355208
50,2025-11-11,9,1992.5088961664003,2090.2855536494135
50,2025-11-11,10,1581.3030584004664,1658.900969162894
50,2025-11-11,11,1436.7025279891645,1507.2045825869895
50,2025-11-11,12,1401.6072969741444,1470.3871537996808
50,2025-11-11,13,1411.5106092008255,1480.7764426608444
50,2025-11-11,14,1393.8134349464453,1462.210830353908
50,2025-11-11,15,1538.436978675347,1613.9313595599474
50,2025-11-11,16,1720.55206976949,1804.9832262532657
50,2025-11-11,17,2153.8211059503983,2259.51369731668
50,2025-11-11,18,2298.588891395964,2411.3855464877925
50,2025-11-11,19,1455.2059727853407,1526.6160308493345
50,2025-11-11,20,914.0516863008222,958.9061503512262
50,2025-11-11,21,587.3602003335927,616.1832170025108
50,2025-11-11,22,265.55110418898977,278.5822627491744
50,2025-11-11,23,131.48190929901148,137.93400677043397
50,2025-11-12,0,29.669856088207837,32.59697917664218
50,2025-11-12,1,0.11847997518918874,0.13016879059369751
50,2025-11-12,2,-0.37776104868129323,0.0
50,2025-11-12,3,-0.04430323348788079,0.0
50,2025-11-12,4,-0.6364924914782932,0.0
50,2025-11-12,5,69.34586989937816,76.18728821521249
50,2025-11-12,6,555.2531191956427,610.0324285489065
50,2025-11-12,7,1757.4983655081685,1930.8869396984292
50,2025-11-12,8,2717.2257531630703,2985.297637803359
50,2025-11-12,9,1996.8543141658981,2193.8568998831174
50,2025-11-12,10,1585.3866980863468,1741.7953437592064
50,2025-11-12,11,1440.3128295092574,1582.4090002925182
50,2025-11-12,12,1406.889405305904,1545.6881392431849
50,2025-11-12,13,1417.8293782963756,1557.7074112849245
50,2025-11-12,14,1400.765432445279,1538.959996874626
50,2025-11-12,15,1544.1815733025044,1696.5250670663684
50,2025-11-12,16,1725.3300442871416,1895.5450056535888
50,2025-11-12,17,2152.8772350885397,2365.272490483693
50,2025-11-12,18,2294.882288191421,2521.2872599928837
50,2025-11-12,19,1447.747512374091,1590.577162679603
50,2025-11-12,20,908.8790894301308,998.5458865779432
50,2025-11-12,21,592.8132555767899,651.2981151719941
50,2025-11-12,22,274.71177146934497,301.8138634559728
50,2025-11-12,23,138.8728717394502,152.57357820790142
50,2025-11-13,0,31.222909197174943,32.249229107020035
50,2025-11-13,1,0.7018991877603185,0.7249711285123254
50,2025-11-13,2,-0.2736654260928617,0.0
50,2025-11-13,3,1.0848680318533752,1.1205284392040882
50,2025-11-13,4,0.45192413416566524,0.46677921168918096
50,2025-11-13,5,70.42657708202518,72.74155028920032
50,2025-11-13,6,546.833010440606,564.8078122898361
50,2025-11-13,7,1740.074185152272,1797.27169898903
50,2025-11-13,8,2692.8312978752674,2781.3466363214825
50,2025-11-13,9,1996.3524478557447,2061.9740160242777
50,2025-11-13,10,1579.2478675308898,1631.158902431315
50,2025-11-13,11,1445.6310131132623,1493.149964075779
50,2025-11-13,12,1415.6790743872937,1462.2134831708997
50,2025-11-13,13,1429.924774263379,1476.927449643162
50,2025-11-13,14,1413.3960979192657,1459.8554635930818
50,2025-11-13,15,1559.7509600524745,1611.0211173140115
50,2025-11-13,16,1726.4203863392731,1783.1690898016261
50,2025-11-13,17,2147.063788650691,2217.639349053596
50,2025-11-13,18,2279.2226474230897,2354.1423663784203
50,2025-11-13,19,1443.1624329367944,1490.6002398595883
50,2025-11-13,20,913.0522853282098,943.0649831599253
50,2025-11-13,21,596.5210586549712,616.1291430673891
50,2025-11-13,22,276.6437122581783,285.73719384347896
50,2025-11-13,23,143.69375633414086,148.41707542381434
50,2025-11-14,0,32.79821609987408,34.15313330468287
50,2025-11-14,1,1.4844206414230712,1.5457430944526165
50,2025-11-14,2,-0.04474858398197057,0.0
50,2025-11-14,3,0.1759634360401492,0.18323260842995437
50,2025-11-14,4,-0.20400216003173455,0.0
50,2025-11-14,5,64.89645185465918,67.57736958753735
50,2025-11-14,6,542.3763664725076,564.782312825733
50,2025-11-14,7,1661.6444323423807,1730.2881239016926
50,2025-11-14,8,2597.403336211922,2704.7038813801323
50,2025-11-14,9,1907.7147110628646,1986.523737627447
50,2025-11-14,10,1539.5721647667847,1603.1729657291037
50,2025-11-14,11,1431.2936094057127,1490.421347652553
50,2025-11-14,12,1404.594014929416,1462.618774288405
50,2025-11-14,13,1429.593067590164,1488.650555267389
50,2025-11-14,14,1454.9413082761803,1515.0459494727472
50,2025-11-14,15,1612.1907351875257,1678.791459991802
50,2025-11-14,16,1790.5785435140244,1864.5485932198046
50,2025-11-14,17,2032.5773577447571,2116.5445474152866
50,2025-11-14,18,1976.8356474419045,2058.5001081443456
50,2025-11-14,19,1292.887564913632,1346.2976528358083
50,2025-11-14,20,835.4089888904186,869.9203174533121
50,2025-11-14,21,565.0687228285425,588.4121062652611
50,2025-11-14,22,263.8076839796512,274.7057635793572
50,2025-11-14,23,151.5725167233536,157.83408320792307
50,2025-11-15,0,37.39195354366984,31.783160512119366
50,2025-11-15,1,-5.1980193876761405,0.0
50,2025-11-15,2,-0.16250145844026065,0.0
50,2025-11-15,3,9.786820759993532,8.318797645994502
50,2025-11-15,4,-30.158614391028095,0.0
50,2025-11-15,5,-36.38497736906413,0.0
50,2025-11-15,6,14.690415200873531,12.486852920742502
50,2025-11-15,7,78.38120878927157,66.62402747088083
50,2025-11-15,8,128.56108209722686,109.27691978264282
50,2025-11-15,9,97.8060415281683,83.13513529894304
50,2025-11-15,10,64.24592436879163,54.609035713472885
50,2025-11-15,11,86.97129601242017,73.92560161055714
50,2025-11-15,12,113.14986100340906,96.1773818528977
50,2025-11-15,13,162.20619999908808,137.87526999922486
50,2025-11-15,14,112.17499475111038,95.34874553844382
50,2025-11-15,15,110.06009251542793,93.55107863811374
50,2025-11-15,16,106.95212551814194,90.90930669042065
50,2025-11-15,17,113.72535284794174,96.66654992075047
50,2025-11-15,18,57.19592180676153,48.6165335357473
50,2025-11-15,19,97.45030998680716,82.83276348878609
50,2025-11-15,20,27.81055519481083,23.638971915589206
50,2025-11-15,21,17.234505522319353,14.649329693971449
50,2025-11-15,22,-5.184344297961559,0.0
50,2025-11-15,23,-17.36523855814346,0.0
50,2025-11-16,0,36.96028365009357,44.35234038011229
50,2025-11-16,1,-9.58422783929393,0.0
50,2025-11-16,2,-0.7109249431845797,0.0
50,2025-11-16,3,5.066923866275317,6.08030863953038
50,2025-11-16,4,-30.616612722491595,0.0
50,2025-11-16,5,-29.048640857035878,0.0
50,2025-11-16,6,-11.83540306971662,0.0
50,2025-11-16,7,6.498265169069839,7.797918202883807
50,2025-11-16,8,23.41277662909988,28.095331954919857
50,2025-11-16,9,-6.042611438393919,0.0
50,2025-11-16,10,3.3639203812993514,4.036704457559222
50,2025-11-16,11,68.24240373435833,81.89088448123
50,2025-11-16,12,87.34488128703066,104.81385754443679
50,2025-11-16,13,151.9707103579616,182.3648524295539
50,2025-11-16,14,110.29883132684273,132.35859759221128
50,2025-11-16,15,94.321478659317,113.18577439118039
50,2025-11-16,16,81.65011033119754,97.98013239743705
50,2025-11-16,17,93.54466962655641,112.2536035518677
50,2025-11-16,18,34.44187903546435,41.330254842557224
50,2025-11-16,19,59.802629536262714,71.76315544351526
50,2025-11-16,20,29.97221493758917,35.96665792510701
50,2025-11-16,21,14.245127030319566,17.094152436383478
50,2025-11-16,22,-22.798798334831815,0.0
50,2025-11-16,23,-26.511382459153708,0.0
50,2025-11-17,0,29.214430755591934,30.11538621396426
50,2025-11-17,1,0.7290791187177774,0.7515634798572919
50,2025-11-17,2,-0.3515586656360483,0.0
50,2025-11-17,3,0.03064988597446927,0.031595110007694764
50,2025-11-17,4,0.10665609788406982,0.10994530773933811
50,2025-11-17,5,64.92427632667278,66.9265019263002
50,2025-11-17,6,537.8228907444391,554.4090249432386
50,2025-11-17,7,1708.1200140703102,1760.7974070719551
50,2025-11-17,8,2655.700112202587,2737.600305018459
50,2025-11-17,9,1954.3476592481989,2014.618564606155
50,2025-11-17,10,1525.8823174381948,1572.939609576828
50,2025-11-17,11,1380.8709432166625,1423.4561718663995
50,2025-11-17,12,1355.6143647524696,1397.4206957260037
50,2025-11-17,13,1368.3749412468,1410.5748007179704
50,2025-11-17,14,1363.7361676206979,1405.792970105629
50,2025-11-17,15,1513.2953898050566,1559.9645086724017
50,2025-11-17,16,1681.8082297324515,1733.674183143949
50,2025-11-17,17,2112.168133754257,2177.306127543225
50,2025-11-17,18,2258.436968673206,2328.0858052820286
50,2025-11-17,19,1441.4944019265533,1485.9492215495677
50,2025-11-17,20,893.7329386429333,921.2951244727346
50,2025-11-17,21,568.1482627654341,585.6696131824808
50,2025-11-17,22,251.12814170987363,258.87278242929284
50,2025-11-17,23,122.76186083778089,126.54776272740001
50,2025-11-18,0,27.70042837454298,29.059747423266682
50,2025-11-18,1,0.3980898304687912,0.4176249467616758
50,2025-11-18,2,-0.15843313231181355,0.0
50,2025-11-18,3,0.19885957372451912,0.20861803676811724
50,2025-11-18,4,0.3236137466738569,0.3394941628296911
50,2025-11-18,5,70.89848324009671,74.37762289421303
50,2025-11-18,6,561.1605154104532,588.6978577098256
50,2025-11-18,7,1762.9395790621818,1849.4507809528532
50,2025-11-18,8,2713.8965701030593,2847.0732579912974
50,2025-11-18,9,1999.8256434754628,2097.961349340596
50,2025-11-18,10,1583.1752206679705,1660.8650024223593
50,2025-11-18,11,1433.7332403650043,1504.0895856916916
50,2025-11-18,12,1405.0540885376195,1474.0030867701357
50,2025-11-18,13,1414.6061625272082,1484.0239013854398
50,2025-11-18,14,1392.9206094089707,1461.2741919647378
50,2025-11-18,15,1538.884060172569,1614.400380298949
50,2025-11-18,16,1722.3254589555174,1806.8436394256653
50,2025-11-18,17,2156.1959894247625,2262.005121383903
50,2025-11-18,18,2305.836003888874,2418.9882902340055
50,2025-11-18,19,1456.6555027853353,1528.136692375313
50,2025-11-18,20,916.8624978727612,961.8548944367151
50,2025-11-18,21,590.8399003188208,619.8336732811003
50,2025-11-18,22,270.6172692540073,283.8970353297055
50,2025-11-18,23,135.69020958338427,142.34881731746228
50,2025-11-19,0,30.26731998401624,33.25338674776628
50,2025-11-19,1,0.6324062769925831,0.6947972440789223
50,2025-11-19,2,0.1620374511600744,0.17802349312372978
50,2025-11-19,3,0.4772906568219355,0.5243784653142978
50,2025-11-19,4,-0.31731752935860413,0.0
50,2025-11-19,5,68.86610175012078,75.66018783681953
50,2025-11-19,6,552.3744847888398,606.8697982504395
50,2025-11-19,7,1753.2115078326226,1926.1771558030318
50,2025-11-19,8,2717.8714033821243,2986.0069855899924
50,2025-11-19,9,1996.7386566682294,2193.729832025696
50,2025-11-19,10,1583.1850619473148,1739.3765019837288
50,2025-11-19,11,1436.203376351464,1577.8941230172886
50,2025-11-19,12,1409.123533533626,1548.1426786619302
50,2025-11-19,13,1419.7122682870056,1559.776060544092
50,2025-11-19,14,1397.8936766467284,1535.8049238035787
50,2025-11-19,15,1542.1181295527736,1694.258051252669
50,2025-11-19,16,1724.247698031073,1894.3558789430954
50,2025-11-19,17,2152.675264277307,2365.050593946398
50,2025-11-19,18,2301.598020312363,2528.6655424979094
50,2025-11-19,19,1446.6838567086388,1589.4085705073057
50,2025-11-19,20,909.0379717301186,998.7204436438367
50,2025-11-19,21,593.9862364852111,652.5868182291553
50,2025-11-19,22,277.62525386132893,305.01477971861556
50,2025-11-19,23,141.3215927553017,155.2638813804484
50,2025-11-20,0,31.644131950157828,32.68429776062467
50,2025-11-20,1,1.0755066212143447,1.110859312135996
50,2025-11-20,2,0.14050193912635223,0.14512034084499367
50,2025-11-20,3,1.5194185223989507,1.5693629228735404
50,2025-11-20,4,0.6814350569654835,0.7038343267392744
50,2025-11-20,5,68.85055612651246,71.11372436975036
50,2025-11-20,6,544.0433096690982,561.9264120092843
50,2025-11-20,7,1737.5697184043122,1794.6849085834397
50,2025-11-20,8,2695.1738230644314,2783.766162030546
50,2025-11-20,9,1997.7000463272827,2063.365911045285
50,2025-11-20,10,1579.1130803717267,1631.0196847194393
50,2025-11-20,11,1448.6426715470297,1496.2606179296308
50,2025-11-20,12,1418.27710713663,1464.89691516091
50,2025-11-20,13,1431.9014419055884,1478.9690917995506
50,2025-11-20,14,1412.4066248516142,1458.8334658204717
50,2025-11-20,15,1558.5026682335135,1609.7317932280378
50,2025-11-20,16,1726.38312020151,1783.1305986986008
50,2025-11-20,17,2147.9924139152404,2218.598498911218
50,2025-11-20,18,2283.52870258261,2358.5899647271162
50,2025-11-20,19,1441.7912563269833,1489.183991669622
50,2025-11-20,20,913.3866883758174,943.4103782808053
50,2025-11-20,21,597.869560311012,617.5219709612355
50,2025-11-20,22,278.93369860361986,288.10245371851886
50,2025-11-20,23,145.6474128969948,150.43495010980328
50,2025-11-21,0,32.93980028445441,34.300566430773685
50,2025-11-21,1,1.2610290583372716,1.3131230491111037
50,2025-11-21,2,-0.20856247292465468,0.0
50,2025-11-21,3,0.13951941096627252,0.1452830552372704
50,2025-11-21,4,-0.3884433341303861,0.0
50,2025-11-21,5,63.72107025322117,66.35343215156387
50,2025-11-21,6,539.6756250745618,561.9700019151445
50,2025-11-21,7,1657.9446493743526,1726.4355003162914
50,2025-11-21,8,2595.743123068844,2702.9750836730536
50,2025-11-21,9,1906.1080849276373,1984.8507406449246
50,2025-11-21,10,1537.6269388011613,1601.1473811208018
50,2025-11-21,11,1434.8009642609854,1494.0735937855193
50,2025-11-21,12,1407.4189820787874,1465.5604428029374
50,2025-11-21,13,1432.2273026706312,1491.3936124380932
50,2025-11-21,14,1458.257239420721,1518.4988640478505
50,2025-11-21,15,1617.4491921614494,1684.2671474944539
50,2025-11-21,16,1797.3213920669139,1871.5699935538612
50,2025-11-21,17,2037.9851965826326,2122.1757878509798
50,2025-11-21,18,1985.229384579084,2067.2405964226596
50,2025-11-21,19,1298.1047917282294,1351.7304069324678
50,2025-11-21,20,837.4466484195439,872.0421541201557
50,2025-11-21,21,567.0336407154208,590.4581962818327
50,2025-11-21,22,265.38574694591773,276.34901742846796
50,2025-11-21,23,151.59189192368217,157.85425881130382
50,2025-11-22,0,38.47664640010987,32.705149440093386
50,2025-11-22,1,-5.052353288216693,0.0
50,2025-11-22,2,-0.10234730780274504,0.0
50,2025-11-22,3,9.785961171302745,8.318066995607333
50,2025-11-22,4,-30.095811487722926,0.0
50,2025-11-22,5,-39.299136580741276,0.0
50,2025-11-22,6,11.244951432471794,9.558208717601024
50,2025-11-22,7,82.39943218212755,70.03951735480842
50,2025-11-22,8,130.33345861355224,110.7834398215194
50,2025-11-22,9,98.87377774252423,84.04271108114558
50,2025-11-22,10,66.11606785625918,56.1986576778203
50,2025-11-22,11,92.03004037012744,78.22553431460832
50,2025-11-22,12,116.42375771149074,98.96019405476713
50,2025-11-22,13,165.95208765343773,141.05927450542205
50,2025-11-22,14,109.84337314328002,93.36686717178802
50,2025-11-22,15,106.33030792261326,90.38076173422127
50,2025-11-22,16,105.28971564947807,89.49625830205636
50,2025-11-22,17,114.76376887867497,97.54920354687371
50,2025-11-22,18,62.249091350771664,52.91172764815591
50,2025-11-22,19,96.910465427666,82.3738956135161
50,2025-11-22,20,30.193619675766683,25.66457672440168
50,2025-11-22,21,18.64691389204387,15.849876808237289
50,2025-11-22,22,-3.429987049951251,0.0
50,2025-11-22,23,-15.630897000354764,0.0
50,2025-11-23,0,29.349321315622376,35.21918557874685
50,2025-11-23,1,-10.858986255963714,0.0
50,2025-11-23,2,-1.9662799815569088,0.0
50,2025-11-23,3,3.8084052405049533,4.5700862886059435
50,2025-11-23,4,-31.833092742250074,0.0
50,2025-11-23,5,-30.078126501031534,0.0
50,2025-11-23,6,-13.49335832599337,0.0
50,2025-11-23,7,-2.4720589552019305,0.0
50,2025-11-23,8,16.48112872759748,19.777354473116976
50,2025-11-23,9,-15.850060484596725,0.0
50,2025-11-23,10,-7.746919164263716,0.0
50,2025-11-23,11,58.03414811427268,69.64097773712722
50,2025-11-23,12,79.52740752960591,95.43288903552708
50,2025-11-23,13,146.2095187698784,175.45142252385406
50,2025-11-23,14,100.87807489074152,121.05368986888982
50,2025-11-23,15,87.0943216158995,104.5131859390794
50,2025-11-23,16,75.28132844626907,90.33759413552288
50,2025-11-23,17,91.57840348730684,109.8940841847682
50,2025-11-23,18,36.23807935681566,43.48569522817879
50,2025-11-23,19,61.57625729675141,73.89150875610169
50,2025-11-23,20,24.883178708111757,29.859814449734106
50,2025-11-23,21,9.447932493747146,11.337518992496575
50,2025-11-23,22,-30.735577767790517,0.0
50,2025-11-23,23,-33.990441450682226,0.0
50,2025-11-24,0,28.879954294274228,29.770594699923386
50,2025-11-24,1,-0.41503464337148444,0.0
50,2025-11-24,2,-0.22338208481136235,0.0
50,2025-11-24,3,0.174359756294848,0.1797369062201206
50,2025-11-24,4,0.5398698387058971,0.5565190995476325
50,2025-11-24,5,57.668448144310446,59.44690837056466
50,2025-11-24,6,526.7221532877704,542.9659474256866
50,2025-11-24,7,1692.1910614407418,1744.3772151319986
50,2025-11-24,8,2636.2779744617496,2717.579200241185
50,2025-11-24,9,1941.0025527543671,2000.8619030613704
50,2025-11-24,10,1514.7368228003488,1561.4503945935733
50,2025-11-24,11,1376.7751115480937,1419.2340272147287
50,2025-11-24,12,1349.0692478079359,1390.6737313148465
50,2025-11-24,13,1363.8861064716075,1405.9475329804422
50,2025-11-24,14,1350.911924927976,1392.5732354880374
50,2025-11-24,15,1500.7942818800875,1547.0778741042839
50,2025-11-24,16,1670.0614923604585,1721.5651834625548
50,2025-11-24,17,2101.01821453652,2165.8123515286993
50,2025-11-24,18,2249.78165062935,2319.1635624399178
50,2025-11-24,19,1427.1240102969018,1471.1356556925625
50,2025-11-24,20,884.4423121268919,911.7179806275914
50,2025-11-24,21,557.3474530674943,574.53571301519
50,2025-11-24,22,239.8324832351445,247.22877264681935
50,2025-11-24,23,112.9108313234525,116.39293339284674
50,2025-11-25,0,27.066657932593102,28.39487651519361
50,2025-11-25,1,-0.8523395227234118,0.0
50,2025-11-25,2,-0.1373321825315088,0.0
50,2025-11-25,3,0.23393600464567044,0.24541574290088877
50,2025-11-25,4,0.42956733300741234,0.45064711742702956
50,2025-11-25,5,63.88193421243136,67.01675685380522
50,2025-11-25,6,552.4036344445125,579.5112579343611
50,2025-11-25,7,1741.2330446785957,1826.6790606714019
50,2025-11-25,8,2687.818142047326,2819.715105898895
50,2025-11-25,9,1976.410744939037,2073.3974318368764
50,2025-11-25,10,1564.7931706020333,1641.5809059883527
50,2025-11-25,11,1417.8278859691382,1487.403721662015
50,2025-11-25,12,1386.0918953770665,1454.1103783836013
50,2025-11-25,13,1397.4020096931831,1465.975504110562
50,2025-11-25,14,1375.8120653785886,1443.326095221236
50,2025-11-25,15,1519.3317194868484,1593.888564590609
50,2025-11-25,16,1703.696528893313,1787.3005480678842
50,2025-11-25,17,2138.184588686082,2243.1098628294785
50,2025-11-25,18,2294.321442201417,2406.9086844675244
50,2025-11-25,19,1443.7144842540856,1514.5606304879982
50,2025-11-25,20,908.0394829735479,952.5989153949438
50,2025-11-25,21,582.4130756739326,610.9933263936978
50,2025-11-25,22,263.5097595632632,276.4407449926485
50,2025-11-25,23,129.44543746134252,135.79760092005938
50,2025-11-26,0,30.0556251268074,33.020806824502635
50,2025-11-26,1,0.6071592359514852,0.667059419242772
50,2025-11-26,2,0.18154247025921677,0.1994528084370403
50,2025-11-26,3,0.4539037913710331,0.49868433441445204
50,2025-11-26,4,-0.0681315361275665,0.0
50,2025-11-26,5,70.84276893472969,77.83186601632569
50,2025-11-26,6,552.881029182578,607.4263165229124
50,2025-11-26,7,1738.411772192005,1909.917330576284
50,2025-11-26,8,2700.506247906345,2966.9286452785236
50,2025-11-26,9,1983.1730137782204,2178.825850776554
50,2025-11-26,10,1573.5452100321409,1728.7856163653205
50,2025-11-26,11,1429.1460339474947,1570.1405281666532
50,2025-11-26,12,1400.1143722680386,1538.2447054024615
50,2025-11-26,13,1408.6845867547263,1547.6604269459492
50,2025-11-26,14,1385.8877171491472,1522.6144987952887
50,2025-11-26,15,1528.4184347585992,1679.2067930125072
50,2025-11-26,16,1711.95542905346,1880.8508981738696
50,2025-11-26,17,2140.77580513957,2351.9771762468663
50,2025-11-26,18,2299.0894337560003,2525.90946766231
50,2025-11-26,19,1445.0764100595952,1587.6425388558323
50,2025-11-26,20,908.6665495029981,998.3123782131453
50,2025-11-26,21,594.1441411608304,652.760301221717
50,2025-11-26,22,276.80881855691166,304.1177977939967
50,2025-11-26,23,142.62437327310528,156.69518961747946
50,2025-11-27,0,31.11277934994797,32.13547921099609
50,2025-11-27,1,1.0224691527356526,1.0560784631951017
50,2025-11-27,2,0.08850950738639085,0.09141887976638205
50,2025-11-27,3,2.962352707687103,3.0597274124169838
50,2025-11-27,4,2.3225749104914257,2.398919650108441
50,2025-11-27,5,73.09485399730545,75.49753542237401
50,2025-11-27,6,547.2413398891837,565.2295638266697
50,2025-11-27,7,1725.2409964318488,1781.950932483522
50,2025-11-27,8,2678.7219073964848,2766.773459836319
50,2025-11-27,9,1986.1531675677404,2051.4394779177414
50,2025-11-27,10,1572.1061009628174,1623.7823807616603
50,2025-11-27,11,1439.6226198638687,1486.9440705364834
50,2025-11-27,12,1411.205565216579,1457.5929264749277
50,2025-11-27,13,1423.013903268819,1469.7894132537535
50,2025-11-27,14,1402.945893091449,1449.0617528731966
50,2025-11-27,15,1548.1659408183332,1599.0552900065145
50,2025-11-27,16,1715.9255108037157,1772.3292400150958
50,2025-11-27,17,2138.458921564507,2208.751633679434
50,2025-11-27,18,2280.0481400280937,2354.994993530388
50,2025-11-27,19,1442.1490550208875,1489.55355146884
50,2025-11-27,20,914.8618767810422,944.934057210135
50,2025-11-27,21,599.8323900647979,619.5493203676657
50,2025-11-27,22,278.63930424087494,287.79838239729696
50,2025-11-27,23,147.4238138249782,152.2697426382856
50,2025-11-28,0,32.81319040336797,34.168726207108236
50,2025-11-28,1,1.2997771334778463,1.3534718342872887
50,2025-11-28,2,-0.21054319965276136,0.0
50,2025-11-28,3,0.07790919126506424,0.08112767434769076
50,2025-11-28,4,-0.30626966475909967,0.0
50,2025-11-28,5,68.08085790484506,70.89332567481536
50,2025-11-28,6,542.613833902525,565.0295902010698
50,2025-11-28,7,1649.1634255159433,1717.291517969774
50,2025-11-28,8,2582.564042241652,2689.2515658160564
50,2025-11-28,9,1896.78921809674,1975.1469049193759
50,2025-11-28,10,1527.9840068868766,1591.1060929570285
50,2025-11-28,11,1423.1449600724486,1481.9360719264398
50,2025-11-28,12,1399.185686912255,1456.9870244650888
50,2025-11-28,13,1422.063506268163,1480.8099425104938
50,2025-11-28,14,1444.949723748341,1504.6416056125454
50,2025-11-28,15,1601.513223618473,1667.6728529654415
50,2025-11-28,16,1781.9220266803281,1855.5344696322538
50,2025-11-28,17,2026.7663213931764,2110.4934530951095
50,2025-11-28,18,1982.3807787212604,2064.2743126681257
50,2025-11-28,19,1298.8481529063843,1352.5044768798618
50,2025-11-28,20,840.7567692251246,875.4890183271402
50,2025-11-28,21,570.4681270882464,594.0345636844696
50,2025-11-28,22,266.58170801385177,277.59438448306577
50,2025-11-28,23,153.52353289536364,159.86569722007988
50,2025-11-29,0,37.93020955335828,32.24067812035454
50,2025-11-29,1,-5.31924956246587,0.0
50,2025-11-29,2,-0.3039431065363942,0.0
50,2025-11-29,3,9.199182846620431,7.819305419627367
50,2025-11-29,4,-34.36639816695936,0.0
50,2025-11-29,5,-41.783667816479806,0.0
50,2025-11-29,6,9.498788299605678,8.073970054664827
50,2025-11-29,7,73.41603920869858,62.40363332739379
50,2025-11-29,8,112.49118294512914,95.61750550335977
50,2025-11-29,9,78.64076558579353,66.8446507479245
50,2025-11-29,10,42.14423173753113,35.82259697690146
50,2025-11-29,11,70.62835928543416,60.03410539261903
50,2025-11-29,12,93.18426534117077,79.20662553999516
50,2025-11-29,13,138.64849340347428,117.85121939295313
50,2025-11-29,14,84.78170918934273,72.06445281094132
50,2025-11-29,15,82.03484014943831,69.72961412702256
50,2025-11-29,16,82.11411258824705,69.79699570000999
50,2025-11-29,17,93.54714060249586,79.51506951212147
50,2025-11-29,18,41.837348575752515,35.56174628938964
50,2025-11-29,19,84.5747824588895,71.88856509005608
50,2025-11-29,20,17.37038777366621,14.764829607616278
50,2025-11-29,21,8.581526462640284,7.294297493244241
50,2025-11-29,22,-11.036363078642864,0.0
50,2025-11-29,23,-21.135373427030913,0.0
50,2025-11-30,0,29.17603927723519,35.01124713268223
50,2025-11-30,1,-9.481524873799572,0.0
50,2025-11-30,2,-0.517962812173721,0.0
50,2025-11-30,3,4.843966279818687,5.812759535782424
50,2025-11-30,4,-30.909548292811394,0.0
50,2025-11-30,5,-28.348238505195354,0.0
50,2025-11-30,6,-15.969944458509701,0.0
50,2025-11-30,7,-8.579220699767347,0.0
50,2025-11-30,8,0.41968718652447023,0.5036246238293642
50,2025-11-30,9,-32.384199205140305,0.0
50,2025-11-30,10,-29.962367813002174,0.0
50,2025-11-30,11,22.088313079586555,26.505975695503867
50,2025-11-30,12,43.734456104701735,52.48134732564208
50,2025-11-30,13,104.64282764041172,125.57139316849407
50,2025-11-30,14,63.523112775848745,76.2277353310185
50,2025-11-30,15,46.53703696893541,55.84444436272249
50,2025-11-30,16,34.6400649474279,41.56807793691348
50,2025-11-30,17,56.30498621939802,67.56598346327762
50,2025-11-30,18,4.236496074465492,5.083795289358591
50,2025-11-30,19,42.56640633006151,51.07968759607381
50,2025-11-30,20,13.05173165790103,15.662077989481235
50,2025-11-30,21,0.9951998299049478,1.1942397958859374
50,2025-11-30,22,-35.82917376249884,0.0
50,2025-11-30,23,-40.254434488314416,0.0
50,2025-12-01,0,35.835756407543556,36.94090956320097
50,2025-12-01,1,2.8578271743189134,2.945960844056584
50,2025-12-01,2,-0.13746598433141344,0.0
50,2025-12-01,3,0.08962296129175229,0.09238687946790365
50,2025-12-01,4,0.08506535960924566,0.08768872409303541
50,2025-12-01,5,67.4751338346179,69.55602634425772
50,2025-12-01,6,567.6228484758501,585.1279954324882
50,2025-12-01,7,1694.241441304302,1746.4908274762895
50,2025-12-01,8,2596.8465813095477,2676.9317666605757
50,2025-12-01,9,1947.8415250554629,2007.9117851513945
50,2025-12-01,10,1528.9871042080651,1576.140146101701
50,2025-12-01,11,1400.7791649914625,1443.9783512166373
50,2025-12-01,12,1373.2685754145944,1415.619351617692
50,2025-12-01,13,1371.432100326867,1413.726240743757
50,2025-12-01,14,1362.565630894255,1404.5863347311674
50,2025-12-01,15,1512.7148231031308,1559.3660376428707
50,2025-12-01,16,1678.7091395589707,1730.4795188950688
50,2025-12-01,17,2155.174605984268,2221.6388934883225
50,2025-12-01,18,2316.8430342477395,2388.2930787603427
50,2025-12-01,19,1478.1880049707027,1523.7744332232517
50,2025-12-01,20,903.8263078231305,931.6997670825716
50,2025-12-01,21,564.682775154726,582.0972520199684
50,2025-12-01,22,257.186159046218,265.1176253735621
50,2025-12-01,23,112.41933184926086,115.8862763707376
50,2025-12-02,0,34.30325884994181,35.98659286043237
50,2025-12-02,1,2.4245494596659114,2.5435272682591337
50,2025-12-02,2,-0.11156578628862235,0.0
50,2025-12-02,3,0.10581865598521745,0.11101140292927693
50,2025-12-02,4,0.4194159184680757,0.4399975513440333
50,2025-12-02,5,71.1733963491983,74.6660265754059
50,2025-12-02,6,588.5557530011306,617.4374379871144
50,2025-12-02,7,1740.5380785369734,1825.9499910602683
50,2025-12-02,8,2650.8309143578786,2780.9128361285843
50,2025-12-02,9,1988.976084819196,2086.5793797211377
50,2025-12-02,10,1585.7993902880187,1663.6179456376524
50,2025-12-02,11,1452.7481040842151,1524.0375492934356
50,2025-12-02,12,1422.5668712252018,1492.375259023161
50,2025-12-02,13,1417.9407351898872,1487.522108634503
50,2025-12-02,14,1400.4842715887607,1469.209019165519
50,2025-12-02,15,1548.0483030369587,1624.0143320892894
50,2025-12-02,16,1725.932770398563,1810.6279693282418
50,2025-12-02,17,2194.1991580679523,2301.8731864954816
50,2025-12-02,18,2353.5895321294865,2469.085185866036
50,2025-12-02,19,1494.5660217277584,1567.9075612678762
50,2025-12-02,20,926.7767994860241,972.255711957078
50,2025-12-02,21,586.4290326367153,615.2063549224705
50,2025-12-02,22,275.4476431512822,288.9644459674323
50,2025-12-02,23,121.36147696610027,127.31694325675414
50,2025-12-03,0,35.245058055497225,38.72221085599423
50,2025-12-03,1,2.123290063421905,2.3327663530812828
50,2025-12-03,2,-0.340629395663143,0.0
50,2025-12-03,3,-0.13472859414827099,0.0
50,2025-12-03,4,0.23401814768448048,0.2571055506419937
50,2025-12-03,5,73.04412738616003,80.25040270852487
50,2025-12-03,6,585.7145524233981,643.4990790666508
50,2025-12-03,7,1743.303209433383,1915.2913397196726
50,2025-12-03,8,2681.1098974848774,2945.6187195103726
50,2025-12-03,9,2012.0315531836245,2210.5314716353
50,2025-12-03,10,1613.6040792380345,1772.796551958073
50,2025-12-03,11,1481.5298249173895,1627.6923187234636
50,2025-12-03,12,1454.9488797006386,1598.488991442403
50,2025-12-03,13,1450.7235028334967,1593.8467538345694
50,2025-12-03,14,1431.2825842019001,1572.4878629142722
50,2025-12-03,15,1576.9008138884428,1732.4722722326003
50,2025-12-03,16,1753.8186611405415,1926.8442087094033
50,2025-12-03,17,2212.5533336581343,2430.8360219222386
50,2025-12-03,18,2368.002518775576,2601.621273971815
50,2025-12-03,19,1497.743268767174,1645.5053236123929
50,2025-12-03,20,929.6482373836068,1021.36404522837
50,2025-12-03,21,598.6459027444396,657.7061906848425
50,2025-12-03,22,291.33796225684455,320.08033543601067
50,2025-12-03,23,136.8701396805202,150.3732636857396
50,2025-12-04,0,36.73447481793363,37.941963929382595
50,2025-12-04,1,2.7492425863370613,2.8396122051811323
50,2025-12-04,2,-0.3875537556174322,0.0
50,2025-12-04,3,2.415440380375003,2.494837676051953
50,2025-12-04,4,2.7335134450098053,2.8233660354499253
50,2025-12-04,5,81.19692970665574,83.86593229862987
50,2025-12-04,6,586.3571141959488,605.6311023044325
50,2025-12-04,7,1734.7127634648386,1791.7340434411276
50,2025-12-04,8,2661.81128217614,2749.3069699704997
50,2025-12-04,9,2018.0588093309086,2084.393881510601
50,2025-12-04,10,1614.778070500025,1667.8570092135697
50,2025-12-04,11,1489.9625456864721,1538.938706617045
50,2025-12-04,12,1463.9962075018882,1512.1188358645534
50,2025-12-04,13,1463.0089542002975,1511.0991308233415
50,2025-12-04,14,1445.9148293437038,1493.4431095537357
50,2025-12-04,15,1594.924156278207,1647.350482279543
50,2025-12-04,16,1763.9918146611676,1821.9755185100817
50,2025-12-04,17,2216.7167941292664,2289.581899873759
50,2025-12-04,18,2356.697894095778,2434.164281193984
50,2025-12-04,19,1502.056513239407,1551.4302117476032
50,2025-12-04,20,942.9918393560607,973.9886722725827
50,2025-12-04,21,612.0019425370471,632.1188949492353
50,2025-12-04,22,296.23932633331526,305.9769301156844
50,2025-12-04,23,142.98761052974135,147.68771808926138
50,2025-12-05,0,38.257048939188394,39.83747433961488
50,2025-12-05,1,3.0642075889353464,3.1907921436779465
50,2025-12-05,2,-0.1809535081647482,0.0
50,2025-12-05,3,0.01329005847856024,0.013839080072621426
50,2025-12-05,4,0.6017603820358772,0.6266195235303393
50,2025-12-05,5,73.45131665601832,76.4856418263278
50,2025-12-05,6,579.4308402248091,603.3675327579258
50,2025-12-05,7,1662.8412361878698,1731.5343685495745
50,2025-12-05,8,2569.6940259995354,2675.8498802179142
50,2025-12-05,9,1931.4314373429552,2011.2202184277464
50,2025-12-05,10,1573.3676054568025,1638.3645196679508
50,2025-12-05,11,1480.2936450347167,1541.4456089622408
50,2025-12-05,12,1456.6625496075058,1516.838296485136
50,2025-12-05,13,1469.4985468248703,1530.2045577088636
50,2025-12-05,14,1480.8619612767143,1542.0374027449593
50,2025-12-05,15,1639.7805033260308,1707.5209807136098
50,2025-12-05,16,1817.742520092517,1892.8347326349938
50,2025-12-05,17,2111.9798525222463,2199.2272146860346
50,2025-12-05,18,2070.2203505409416,2155.7425985239333
50,2025-12-05,19,1361.3686942057789,1417.60778538838
50,2025-12-05,20,873.1656395648048,909.2367217264581
50,2025-12-05,21,582.3140127175345,606.3698111191817
50,2025-12-05,22,282.76938689132044,294.45078767621715
50,2025-12-05,23,147.61392764986397,153.71196205616107
50,2025-12-06,0,55.15468828203717,46.881485039731594
50,2025-12-06,1,5.651078688998098,4.8034168856483825
50,2025-12-06,2,0.6287241440790581,0.5344155224671994
50,2025-12-06,3,-1.4716717852517718,0.0
50,2025-12-06,4,-0.8111088599138156,0.0
50,2025-12-06,5,36.34797248083788,30.8957766087122
50,2025-12-06,6,195.33681778239333,166.03629511503433
50,2025-12-06,7,360.02966719978,306.025217119813
50,2025-12-06,8,516.7890752118362,439.27071393006077
50,2025-12-06,9,594.3238832256618,505.1753007418125
50,2025-12-06,10,642.7535429684256,546.3405115231617
50,2025-12-06,11,732.6885621113721,622.7852777946663
50,2025-12-06,12,786.7417572220786,668.7304936387668
50,2025-12-06,13,837.186860225449,711.6088311916316
50,2025-12-06,14,824.4804576624249,700.8083890130612
50,2025-12-06,15,818.2650585068525,695.5252997308246
50,2025-12-06,16,803.7675981888138,683.2024584604917
50,2025-12-06,17,777.7331054482943,661.0731396310501
50,2025-12-06,18,715.8349480033338,608.4597058028337
50,2025-12-06,19,644.2320748242879,547.5972636006447
50,2025-12-06,20,479.9673949735113,407.97228572748463
50,2025-12-06,21,375.28666490398524,318.99366516838745
50,2025-12-06,22,221.79604371214938,188.52663715532697
50,2025-12-06,23,128.09016891578068,108.87664357841358
50,2025-12-07,0,58.42776654847739,70.11331985817287
50,2025-12-07,1,6.3597290798554695,7.631674895826563
50,2025-12-07,2,0.9284556954823415,1.1141468345788097
50,2025-12-07,3,-1.2774823904763366,0.0
50,2025-12-07,4,-0.3564610039854301,0.0
50,2025-12-07,5,18.766856650417196,22.520227980500636
50,2025-12-07,6,113.10332187427667,135.723986249132
50,2025-12-07,7,227.246302148984,272.69556257878077
50,2025-12-07,8,345.4528441748478,414.54341300981736
50,2025-12-07,9,430.2592312961774,516.3110775554129
50,2025-12-07,10,508.58716318354413,610.304595820253
50,2025-12-07,11,625.860160322714,751.0321923872568
50,2025-12-07,12,691.6042632445661,829.9251158934793
50,2025-12-07,13,756.6292762795408,907.9551315354489
50,2025-12-07,14,744.0925555924011,892.9110667108813
50,2025-12-07,15,721.3580951779606,865.6297142135528
50,2025-12-07,16,694.1670750107122,833.0004900128546
50,2025-12-07,17,669.0059584752896,802.8071501703475
50,2025-12-07,18,604.4755866209823,725.3707039451788
50,2025-12-07,19,530.6852739385099,636.8223287262118
50,2025-12-07,20,413.01425052454744,495.6171006294569
50,2025-12-07,21,323.7875888441904,388.54510661302845
50,2025-12-07,22,182.27451341318687,218.72941609582423
50,2025-12-07,23,101.03161193375774,121.23793432050928
50,2025-12-08,0,36.16524793272538,37.280562408676296
50,2025-12-08,1,2.7323329557911507,2.8165964593728328
50,2025-12-08,2,-0.26782175383590356,0.0
50,2025-12-08,3,-0.023375129588259824,0.0
50,2025-12-08,4,0.2363082103798888,0.24359581333820438
50,2025-12-08,5,69.1338895270153,71.26593706369206
50,2025-12-08,6,572.6976911792732,590.3593432299958
50,2025-12-08,7,1713.3721487448145,1766.2115144182083
50,2025-12-08,8,2629.9180611623096,2711.0231510440494
50,2025-12-08,9,1979.3638240600815,2040.4062128819244
50,2025-12-08,10,1563.752948485952,1611.9781480892188
50,2025-12-08,11,1438.4013586085898,1482.7607906375888
50,2025-12-08,12,1411.3240884001862,1454.8484737155875
50,2025-12-08,13,1411.2311848697875,1454.7527050962362
50,2025-12-08,14,1397.673533619079,1440.7769440422178
50,2025-12-08,15,1548.2557105903188,1596.0029847057137
50,2025-12-08,16,1714.033717588282,1766.8934856465653
50,2025-12-08,17,2184.866661336033,2252.2466339534913
50,2025-12-08,18,2328.7460591376002,2400.5631857725757
50,2025-12-08,19,1493.1067630716411,1539.1532768434195
50,2025-12-08,20,917.5228501108181,945.8187024895418
50,2025-12-08,21,574.2900455675518,592.0008048690638
50,2025-12-08,22,262.0291195998045,270.1099399153176
50,2025-12-08,23,115.8223114373468,119.3942018008379
50,2025-12-09,0,35.085306332829816,36.8070170798142
50,2025-12-09,1,2.3494838339303215,2.4647780123071774
50,2025-12-09,2,-0.16811072857518639,0.0
50,2025-12-09,3,0.1132672937700363,0.11882556124291375
50,2025-12-09,4,0.5631493802391674,0.5907843203738676
50,2025-12-09,5,74.85969537155324,78.53322014612759
50,2025-12-09,6,597.6040230250194,626.9297259025377
50,2025-12-09,7,1769.032782857311,1855.8429912425565
50,2025-12-09,8,2694.2619950949447,2826.475172547126
50,2025-12-09,9,2030.85798470812,2130.516513686083
50,2025-12-09,10,1630.4654604999764,1710.4758750963265
50,2025-12-09,11,1497.5291351925398,1571.0160810246377
50,2025-12-09,12,1467.8225301078896,1539.8517095250254
50,2025-12-09,13,1465.268781000243,1537.1726425067404
50,2025-12-09,14,1445.6865789100307,1516.6295000311568
50,2025-12-09,15,1591.516621162747,1669.6157332145692
50,2025-12-09,16,1768.7280175613,1855.5232704640289
50,2025-12-09,17,2232.2816092175926,2341.8244246750496
50,2025-12-09,18,2381.1269347989646,2497.97390756549
50,2025-12-09,19,1517.2488248016375,1591.7034578246382
50,2025-12-09,20,948.1602666940018,994.6885114681719
50,2025-12-09,21,603.8692758336153,633.5024280174275
50,2025-12-09,22,285.1892675878146,299.18411267403513
50,2025-12-09,23,128.2441832502031,134.53739860495986
50,2025-12-10,0,36.10906147588611,39.67145379870461
50,2025-12-10,1,2.217319831889938,2.436072766015155
50,2025-12-10,2,-0.29597265946125617,0.0
50,2025-12-10,3,-0.06988572146622118,0.0
50,2025-12-10,4,0.34811900921613415,0.38246319970934073
50,2025-12-10,5,75.84931119372294,83.33233603135365
50,2025-12-10,6,592.0677354805566,650.4790446992411
50,2025-12-10,7,1768.2972491987393,1942.7512030688345
50,2025-12-10,8,2706.4365223928426,2973.4439796762854
50,2025-12-10,9,2033.8135771226484,2234.462433034458
50,2025-12-10,10,1636.140324817462,1797.5561438377335
50,2025-12-10,11,1506.4085272972482,1655.02546590851
50,2025-12-10,12,1478.6811680324133,1624.5626234231256
50,2025-12-10,13,1477.4639446937383,1623.225313133984
50,2025-12-10,14,1456.9775461487043,1600.7177989488282
50,2025-12-10,15,1601.361594364803,1759.3462668169298
50,2025-12-10,16,1777.6156651588528,1952.98894099746
50,2025-12-10,17,2236.735607282566,2457.404033153434
50,2025-12-10,18,2382.025418246749,2617.02762311955
50,2025-12-10,19,1513.6783382797337,1663.0124907363245
50,2025-12-10,20,944.0804415755288,1037.2200796532927
50,2025-12-10,21,610.4058083240292,670.6262869656437
50,2025-12-10,22,295.43612759073244,324.5828112705421
50,2025-12-10,23,136.60143926411075,150.07805423637745
50,2025-12-11,0,37.27550035225886,38.500773369560605
50,2025-12-11,1,2.8297524692773663,2.9227685069826372
50,2025-12-11,2,-0.3016177438414047,0.0
50,2025-12-11,3,1.0435335254005622,1.0778352372284383
50,2025-12-11,4,1.42078361638562,1.4674858152060364
50,2025-12-11,5,77.455267742346,80.00127916313777
50,2025-12-11,6,584.0462213241935,603.2442486902356
50,2025-12-11,7,1750.9534284756166,1808.5085510142508
50,2025-12-11,8,2679.9700718176414,2768.062652336829
50,2025-12-11,9,2031.7768299085337,2098.5628234791056
50,2025-12-11,10,1628.776563423998,1682.3156428600155
50,2025-12-11,11,1506.601608529634,1556.124707651304
50,2025-12-11,12,1479.2474229200666,1527.8713699117604
50,2025-12-11,13,1481.3359264670046,1530.0285241010351
50,2025-12-11,14,1463.203319640283,1511.2998851977977
50,2025-12-11,15,1611.740464957503,1664.719555350481
50,2025-12-11,16,1780.2928456551037,1838.812376340474
50,2025-12-11,17,2232.7488407924216,2306.140931661268
50,2025-12-11,18,2364.9848466895037,2442.7236319933086
50,2025-12-11,19,1508.366328166134,1557.9474349156906
50,2025-12-11,20,946.9806669261361,978.1086155284596
50,2025-12-11,21,613.3184714947903,633.4786991787569
50,2025-12-11,22,296.5729284721457,306.3214980013287
50,2025-12-11,23,141.56058164927157,146.21378172356333
50,2025-12-12,0,38.33046127289526,39.913919388079215
50,2025-12-12,1,3.1032807402968956,3.231479434200743
50,2025-12-12,2,-0.14302380966137207,0.0
50,2025-12-12,3,-0.019338214539573073,0.0
50,2025-12-12,4,0.6220102114931478,0.6477058875796912
50,2025-12-12,5,70.556316252349,73.47104693486939
50,2025-12-12,6,576.3247015461012,600.133077321883
50,2025-12-12,7,1672.8182067872604,1741.9234947697412
50,2025-12-12,8,2583.2188761416346,2689.9334513616127
50,2025-12-12,9,1940.123407173144,2020.2712595998257
50,2025-12-12,10,1583.8541008163752,1649.2842194718617
50,2025-12-12,11,1492.7932126685416,1554.4615424614583
50,2025-12-12,12,1468.2947616585293,1528.9510433368914
50,2025-12-12,13,1482.9007539436413,1544.1604193603184
50,2025-12-12,14,1495.7089168525415,1557.4976964208668
50,2025-12-12,15,1654.6534901962032,1723.008381054805
50,2025-12-12,16,1834.720343205691,1910.513921473858
50,2025-12-12,17,2119.7959595842835,2207.366210587536
50,2025-12-12,18,2066.5667940953554,2151.9381111108887
50,2025-12-12,19,1359.2191246113912,1415.3694155733492
50,2025-12-12,20,868.4427122159599,904.3186869515713
50,2025-12-12,21,578.4823555381407,602.3798655066767
50,2025-12-12,22,279.6196389778985,291.170921477529
50,2025-12-12,23,144.17225889132754,150.12811555844536
50,2025-12-13,0,56.00437240500236,47.603716544252
50,2025-12-13,1,5.653374184956817,4.805368057213294
50,2025-12-13,2,0.6832945496516913,0.5808003672039376
50,2025-12-13,3,-0.9139428042865347,0.0
50,2025-12-13,4,-0.009839622637855427,0.0
50,2025-12-13,5,38.786240617700685,32.96830452504558
50,2025-12-13,6,200.80954640730363,170.6881144462081
50,2025-12-13,7,369.50734541023957,314.0812435987036
50,2025-12-13,8,532.0722420039366,452.2614057033461
50,2025-12-13,9,609.9512252246884,518.4585414409852
50,2025-12-13,10,660.3163907360655,561.2689321256556
50,2025-12-13,11,750.2330505863292,637.6980929983798
50,2025-12-13,12,801.8790773554324,681.5972157521176
50,2025-12-13,13,855.565053055087,727.230295096824
50,2025-12-13,14,845.0384779452893,718.2827062534959
50,2025-12-13,15,838.9317559357031,713.0919925453476
50,2025-12-13,16,823.1293249313173,699.6599261916198
50,2025-12-13,17,795.6773877783783,676.3257796116216
50,2025-12-13,18,729.2622359699938,619.8729005744947
50,2025-12-13,19,653.32595257037,555.3270596848145
50,2025-12-13,20,485.59577326695853,412.75640727691473
50,2025-12-13,21,380.7507883517815,323.6381700990143
50,2025-12-13,22,224.62387889051487,190.93029705693763
50,2025-12-13,23,129.53527253985538,110.10498165887708
50,2025-12-14,0,63.255961796538486,75.90715415584619
50,2025-12-14,1,6.872754739957372,8.247305687948847
50,2025-12-14,2,1.3842444496362987,1.6610933395635583
50,2025-12-14,3,-0.8304346516002852,0.0
50,2025-12-14,4,0.05256974097380862,0.06308368916857034
50,2025-12-14,5,20.80852683206234,24.970232198474807
50,2025-12-14,6,116.22379842703265,139.46855811243918
50,2025-12-14,7,236.98538108198636,284.3824572983836
50,2025-12-14,8,356.97851424936033,428.3742170992324
50,2025-12-14,9,441.6938685492495,530.0326422590994
50,2025-12-14,10,519.5473552977562,623.4568263573075
50,2025-12-14,11,630.0587138982808,756.0704566779369
50,2025-12-14,12,698.6897234991256,838.4276681989508
50,2025-12-14,13,764.2724046905607,917.1268856286729
50,2025-12-14,14,758.5174348916013,910.2209218699215
50,2025-12-14,15,739.0610340954854,886.8732409145824
50,2025-12-14,16,711.2678513112735,853.5214215735282
50,2025-12-14,17,685.0705555298324,822.0846666357988
50,2025-12-14,18,624.177076523069,749.0124918276828
50,2025-12-14,19,545.5102531006227,654.6123037207471
50,2025-12-14,20,425.6901534951663,510.8281841941996
50,2025-12-14,21,335.97089949839744,403.1650793980769
50,2025-12-14,22,189.04521504153644,226.8542580498437
50,2025-12-14,23,108.01907615362092,129.62289138434508
50,2025-12-15,0,36.01770099649252,37.12846521374844
50,2025-12-15,1,2.7200939093854117,2.803979968143446
50,2025-12-15,2,-0.27582422018565467,0.0
50,2025-12-15,3,-0.008840713962854352,0.0
50,2025-12-15,4,0.1894130314340714,0.1952544153030592
50,2025-12-15,5,68.83600827358396,70.95886933171965
50,2025-12-15,6,573.4802226243822,591.1660074738138
50,2025-12-15,7,1725.458145927546,1778.6702364786809
50,2025-12-15,8,2649.999995656705,2731.7244003095852
50,2025-12-15,9,1993.1639446937888,2054.631920928755
50,2025-12-15,10,1574.2877809415152,1622.8378684360875
50,2025-12-15,11,1446.7078488812679,1491.3234480700412
50,2025-12-15,12,1416.8517429892138,1460.546597844674
50,2025-12-15,13,1417.2383559074497,1460.9451336725797
50,2025-12-15,14,1406.6607785143883,1450.0413501600715
50,2025-12-15,15,1557.0532624619514,1605.0718477812295
50,2025-12-15,16,1724.83174558708,1778.0245183287873
50,2025-12-15,17,2194.7094737449193,2262.3929927720174
50,2025-12-15,18,2345.515318485591,2417.8495989843136
50,2025-12-15,19,1500.0161983611445,1546.2757949579975
50,2025-12-15,20,923.119771895547,951.5882299729483
50,2025-12-15,21,579.0503107169466,596.9078737301422
50,2025-12-15,22,265.28440090868446,273.4656121401908
50,2025-12-15,23,118.61364141863936,122.27161471846433
50,2025-12-16,0,34.55204580308833,36.24758831952376
50,2025-12-16,1,2.309224852918817,2.4225434373073345
50,2025-12-16,2,-0.21149773772151548,0.0
50,2025-12-16,3,0.030196357621548486,0.03167815723713733
50,2025-12-16,4,0.3944168708661664,0.4137717472044361
50,2025-12-16,5,75.85388040622894,79.57619195901906
50,2025-12-16,6,599.3247184452443,628.7348595137588
50,2025-12-16,7,1783.3699139595167,1870.8836759197382
50,2025-12-16,8,2718.7570163772607,2852.1722167215694
50,2025-12-16,9,2050.339840099544,2150.954385236534
50,2025-12-16,10,1646.6038628801325,1727.4062232714969
50,2025-12-16,11,1517.3677304810794,1591.828198459153
50,2025-12-16,12,1482.25975257618,1554.997397264916
50,2025-12-16,13,1479.7891012267676,1552.4055057889393
50,2025-12-16,14,1460.5976266301498,1532.2722646376837
50,2025-12-16,15,1608.59472867062,1687.5318998505436
50,2025-12-16,16,1785.7764542972159,1873.4083103200392
50,2025-12-16,17,2246.9810931622724,2357.2452436208437
50,2025-12-16,18,2396.2951832278486,2513.8864942676446
50,2025-12-16,19,1522.9796429695887,1597.7154994522102
50,2025-12-16,20,952.6025913264687,999.3488304367507
50,2025-12-16,21,606.4753573913031,636.2363955505953
50,2025-12-16,22,289.16163168816115,303.3514091457175
50,2025-12-16,23,132.5782742299486,139.0841726648372
50,2025-12-17,0,35.763496537867695,39.29179664582611
50,2025-12-17,1,2.175641622505907,2.390282731868311
50,2025-12-17,2,-0.3135157083677882,0.0
50,2025-12-17,3,-0.09634611292523232,0.0
50,2025-12-17,4,0.05607915074421044,0.0616117214595908
50,2025-12-17,5,77.07756018251445,84.68175972226535
50,2025-12-17,6,592.9103272708682,651.4047636161627
50,2025-12-17,7,1773.7279762565604,1948.7177064550162
50,2025-12-17,8,2721.854772164354,2990.383339451002
50,2025-12-17,9,2046.3757758003376,2248.2639738134926
50,2025-12-17,10,1644.55085378363,1806.7964258518984
50,2025-12-17,11,1518.3034019135607,1668.0938467939438
50,2025-12-17,12,1484.8445457707069,1631.3340582152473
50,2025-12-17,13,1483.6273224320325,1629.9967479261063
50,2025-12-17,14,1464.3120999340972,1608.7759538755531
50,2025-12-17,15,1611.3270674933135,1770.2948982861787
50,2025-12-17,16,1783.2070940031138,1959.132000440087
50,2025-12-17,17,2239.7854007704486,2460.754708482698
50,2025-12-17,18,2386.894723695802,2622.377317026241
50,2025-12-17,19,1515.727642157571,1665.2639716883682
50,2025-12-17,20,943.8563939481357,1036.9739282792182
50,2025-12-17,21,610.5058762026708,670.73622718735
50,2025-12-17,22,297.59918327738353,326.95926638262824
50,2025-12-17,23,138.98937296099535,152.70157302801348
50,2025-12-18,0,37.56461315957796,38.799389526758766
50,2025-12-18,1,3.4000624937786483,3.5118250399925777
50,2025-12-18,2,0.2825895697697547,0.2918784960494205
50,2025-12-18,3,1.5289720446363617,1.5792304763890581
50,2025-12-18,4,1.5675542299858876,1.6190808864494683
50,2025-12-18,5,79.2666634638486,81.87221678965142
50,2025-12-18,6,586.3311174899087,605.6042510676108
50,2025-12-18,7,1754.672445391138,1812.3498147416033
50,2025-12-18,8,2693.7927440171015,2782.3396859026816
50,2025-12-18,9,2044.3156419881368,2111.513795501968
50,2025-12-18,10,1636.6738683000196,1690.4725379355666
50,2025-12-18,11,1518.5780402944285,1568.494813506219
50,2025-12-18,12,1485.973317937935,1534.818350028547
50,2025-12-18,13,1488.0618214848746,1536.9755042178233
50,2025-12-18,14,1468.228413048339,1516.490157109271
50,2025-12-18,15,1614.6658271296546,1667.7410763213475
50,2025-12-18,16,1783.6045387377044,1842.2329272019736
50,2025-12-18,17,2236.406091479297,2309.9183988587683
50,2025-12-18,18,2373.4051656053916,2451.420732963554
50,2025-12-18,19,1510.4510550150187,1560.1006882640786
50,2025-12-18,20,947.6964102559168,978.8478858660875
50,2025-12-18,21,615.246570479772,635.4701761905568
50,2025-12-18,22,299.81979806249444,309.6750945748744
50,2025-12-18,23,143.22503516658992,147.93294704794127
50,2025-12-19,0,38.326722981304385,39.91002666505287
50,2025-12-19,1,3.060550859988382,3.186984352705277
50,2025-12-19,2,-0.1550165209870329,0.0
50,2025-12-19,3,-0.05016758483100148,0.0
50,2025-12-19,4,0.34040885832314416,0.3544713859132686
50,2025-12-19,5,73.09042423531895,76.10984068777616
50,2025-12-19,6,581.6632684879744,605.6921841911883
50,2025-12-19,7,1681.1124856883343,1750.5604161227805
50,2025-12-19,8,2596.6626910337354,2703.9326396325614
50,2025-12-19,9,1953.7655133061028,2034.4769306612272
50,2025-12-19,10,1594.6576921907051,1660.5341147482768
50,2025-12-19,11,1510.986805669661,1573.4067254911158
50,2025-12-19,12,1481.0034490938529,1542.184735522602
50,2025-12-19,13,1495.2582031418742,1557.0283634121508
50,2025-12-19,14,1507.7320761078588,1570.017540778861
50,2025-12-19,15,1668.6187230008782,1737.550527376319
50,2025-12-19,16,1849.3740036940465,1925.7729349072836
50,2025-12-19,17,2133.509869623315,2221.646651824499
50,2025-12-19,18,2081.9768675256,2167.9847854329146
50,2025-12-19,19,1370.3699444060717,1426.9808835185734
50,2025-12-19,20,875.4646842487775,911.6307415513792
50,2025-12-19,21,585.0446901793885,609.2132947733779
50,2025-12-19,22,286.2965591776201,298.1236699121214
50,2025-12-19,23,148.35719351809473,154.48593275631154
50,2025-12-20,0,56.69871438254779,48.193907225165624
50,2025-12-20,1,5.74967413939487,4.887223018485639
50,2025-12-20,2,0.8072153597556166,0.6861330557922741
50,2025-12-20,3,-0.8796624779991475,0.0
50,2025-12-20,4,0.06928126878000285,0.05888907846300242
50,2025-12-20,5,38.72413707394088,32.91551651284975
50,2025-12-20,6,200.66475747176756,170.56504385100243
50,2025-12-20,7,375.84670656150894,319.4697005772826
50,2025-12-20,8,543.4203868581275,461.90732882940836
50,2025-12-20,9,622.2870927362213,528.9440288257881
50,2025-12-20,10,672.8729767795597,571.9420302626257
50,2025-12-20,11,768.3699241294121,653.1144355100002
50,2025-12-20,12,817.2402617850903,694.6542225173267
50,2025-12-20,13,870.5749992476535,739.9887493605055
50,2025-12-20,14,856.3597612838547,727.9057970912764
50,2025-12-20,15,847.824427324852,720.6507632261241
50,2025-12-20,16,831.2603096800214,706.5712632280181
50,2025-12-20,17,804.688747971918,683.9854357761303
50,2025-12-20,18,741.7678174424345,630.5026448260693
50,2025-12-20,19,661.4103367327953,562.1987862228759
50,2025-12-20,20,493.7340316565102,419.67392690803365
50,2025-12-20,21,386.50757146628825,328.531435746345
50,2025-12-20,22,232.13991638695128,197.31892892890858
50,2025-12-20,23,135.35177276227785,115.04900684793617
50,2025-12-21,0,56.08694257209527,67.30433108651432
50,2025-12-21,1,5.33265996873871,6.399191962486452
50,2025-12-21,2,-0.14998774773334844,0.0
50,2025-12-21,3,-2.3556248806077065,0.0
50,2025-12-21,4,-1.422216480951306,0.0
50,2025-12-21,5,18.665054647359625,22.39806557683155
50,2025-12-21,6,114.12615682327635,136.9513881879316
50,2025-12-21,7,233.5468610335962,280.25623324031545
50,2025-12-21,8,355.9145670557052,427.09748046684626
50,2025-12-21,9,442.1401156072783,530.568138728734
50,2025-12-21,10,521.4959002459126,625.7950802950951
50,2025-12-21,11,633.5573633203609,760.268835984433
50,2025-12-21,12,694.98789034654,833.985468415848
50,2025-12-21,13,759.9492064308481,911.9390477170177
50,2025-12-21,14,754.849442555101,905.8193310661211
50,2025-12-21,15,735.3310373035504,882.3972447642604
50,2025-12-21,16,707.00609606643,848.407315279716
50,2025-12-21,17,682.19922089989,818.6390650798679
50,2025-12-21,18,617.8570968837613,741.4285162605136
50,2025-12-21,19,535.0504633834611,642.0605560601533
50,2025-12-21,20,417.4267160695935,500.9120592835122
50,2025-12-21,21,328.46392987220673,394.15671584664807
50,2025-12-21,22,186.29381199784763,223.55257439741715
50,2025-12-21,23,102.15742936518444,122.58891523822132
50,2025-12-22,0,36.73736757769717,37.870325879101735
50,2025-12-22,1,2.8914301428417843,2.9806001079008144
50,2025-12-22,2,-0.1665832112356611,0.0
50,2025-12-22,3,0.11771371784465146,0.12134393804317915
50,2025-12-22,4,0.13750386409066095,0.14174440048639594
50,2025-12-22,5,69.05503692183737,71.18465269163714
50,2025-12-22,6,572.3223360634775,589.9724123883805
50,2025-12-22,7,1722.5925444313607,1775.7162615573513
50,2025-12-22,8,2642.6144341235877,2724.111072504653
50,2025-12-22,9,1987.8550779203058,2049.1593318997416
50,2025-12-22,10,1571.7078488530299,1620.178372795028
50,2025-12-22,11,1452.8417588008529,1497.6465240791335
50,2025-12-22,12,1421.9537602743158,1465.805958271601
50,2025-12-22,13,1421.7190080854248,1465.5639664665177
50,2025-12-22,14,1408.5350329497023,1451.9734054739308
50,2025-12-22,15,1559.7207924209254,1607.8216427583725
50,2025-12-22,16,1727.5199659802188,1780.79564182063
50,2025-12-22,17,2198.7415604969574,2266.549426652304
50,2025-12-22,18,2351.104609363436,2423.6112602282615
50,2025-12-22,19,1502.0466825550843,1548.3688980621935
50,2025-12-22,20,925.0956809308836,953.6250748535022
50,2025-12-22,21,582.9522767656006,600.9301740628811
50,2025-12-22,22,269.7443791900888,278.0631334670328
50,2025-12-22,23,121.64425159112949,125.39568708434604
50,2025-12-23,0,35.735215455845605,37.48881862842391
50,2025-12-23,1,2.5653465386519656,2.6912335599433668
50,2025-12-23,2,-0.03481884539388602,0.0
50,2025-12-23,3,0.21665129032146524,0.22728283081183484
50,2025-12-23,4,0.42500119244374446,0.44585690661565935
50,2025-12-23,5,76.2351814240551,79.97620423032552
50,2025-12-23,6,599.093256601926,628.4920393445539
50,2025-12-23,7,1774.8217809410535,1861.9160677983664
50,2025-12-23,8,2703.7960206255566,2836.4770530271107
50,2025-12-23,9,2038.8595216071483,2138.910703051667
50,2025-12-23,10,1638.0364379296147,1718.4183765218543
50,2025-12-23,11,1511.5856124473632,1585.7623395720855
50,2025-12-23,12,1477.4181108901569,1549.9181659040357
50,2025-12-23,13,1475.4194504870125,1547.8214269758523
50,2025-12-23,14,1457.567063954063,1529.0929857930869
50,2025-12-23,15,1604.7620488246507,1683.5111422372615
50,2025-12-23,16,1782.0525913189747,1869.5017094500686
50,2025-12-23,17,2246.3829839462423,2356.6177839110387
50,2025-12-23,18,2399.5227202880424,2517.2724134491204
50,2025-12-23,19,1526.0671354516558,1600.954501769682
50,2025-12-23,20,955.5856657386471,1002.4782906671342
50,2025-12-23,21,612.3411645358708,642.390050351522
50,2025-12-23,22,295.15787833017976,309.64190438819577
50,2025-12-23,23,136.55812729540645,143.25932560110755
50,2025-12-24,0,37.54403059397896,41.24799189590785
50,2025-12-24,1,2.8303680058676264,3.109602105086388
50,2025-12-24,2,0.2500203507000833,0.2746864744229932
50,2025-12-24,3,0.4764148191698041,0.5234162206163873
50,2025-12-24,4,0.7099305200630397,0.7799697548433742
50,2025-12-24,5,80.5892305297848,88.53987904865801
50,2025-12-24,6,595.3699756355779,654.1070721911669
50,2025-12-24,7,1769.486891758735,1944.0582115571985
50,2025-12-24,8,2714.9801285268272,2982.8304677810797
50,2025-12-24,9,2045.7992350563595,2247.630553598374
50,2025-12-24,10,1644.796765649976,1807.0665985134285
50,2025-12-24,11,1514.8103479455851,1664.2561804729992
50,2025-12-24,12,1483.0307810529914,1629.3413538839918
50,2025-12-24,13,1481.1008366138956,1627.2210079508584
50,2025-12-24,14,1462.8181110493888,1607.1345733302553
50,2025-12-24,15,1607.2041341482,1765.7652109160142
50,2025-12-24,16,1783.5187620280165,1959.474416530262
50,2025-12-24,17,2243.6837191686045,2465.037621189481
50,2025-12-24,18,2396.2739449660894,2632.6818591019337
50,2025-12-24,19,1517.179703351987,1666.8592881057066
50,2025-12-24,20,944.6620591565074,1037.859077568199
50,2025-12-24,21,613.518998395275,674.0466133610138
50,2025-12-24,22,299.6934364392944,329.2601311561705
50,2025-12-24,23,139.55346223751917,153.32131335792772
50,2025-12-25,0,38.478209760624395,39.74301671769352
50,2025-12-25,1,3.253545022631272,3.3604914321800017
50,2025-12-25,2,0.04286134275417908,0.04427022650532193
50,2025-12-25,3,2.1390141765973567,2.209325140352182
50,2025-12-25,4,0.8835256254430988,0.9125677603231065
50,2025-12-25,5,87.17009599043519,90.0354409361325
50,2025-12-25,6,591.6369065243183,611.0844452764089
50,2025-12-25,7,1729.9806780618924,1786.8464109226497
50,2025-12-25,8,2655.4257429455342,2742.711533385164
50,2025-12-25,9,2038.6479249791496,2105.659776480796
50,2025-12-25,10,1657.2780970555882,1711.754042792004
50,2025-12-25,11,1538.4523955701636,1589.0224534065871
50,2025-12-25,12,1510.2037036833176,1559.8452063128107
50,2025-12-25,13,1506.0107177777827,1555.5143938873518
50,2025-12-25,14,1490.2999198917,1539.287170559674
50,2025-12-25,15,1634.7724272458015,1688.5085951202532
50,2025-12-25,16,1780.381233915414,1838.903669987684
50,2025-12-25,17,2223.547159738648,2296.636784606973
50,2025-12-25,18,2353.1257330572707,2430.4747006039597
50,2025-12-25,19,1505.162549727168,1554.6383459312567
50,2025-12-25,20,951.9884022564389,983.2809587894415
50,2025-12-25,21,619.9808337062701,640.360058119243
50,2025-12-25,22,307.1530725422557,317.2494191616391
50,2025-12-25,23,148.06988597572882,152.93705165416384
50,2025-12-26,0,38.852523517450436,40.457548388429124
50,2025-12-26,1,3.04035830936499,3.1659576337184197
50,2025-12-26,2,-0.3110998290532052,0.0
50,2025-12-26,3,0.2346941554145019,0.24438953482388373
50,2025-12-26,4,-2.1113941237301788,0.0
50,2025-12-26,5,81.46497552771422,84.83035054066347
50,2025-12-26,6,582.4171106226481,606.4771680707322
50,2025-12-26,7,1657.6850549818707,1726.1651818982232
50,2025-12-26,8,2584.959173334536,2691.7456414465228
50,2025-12-26,9,1963.3092951534456,2044.414972799573
50,2025-12-26,10,1615.4875892452394,1682.2245093923032
50,2025-12-26,11,1526.2045045957418,1589.2530781839064
50,2025-12-26,12,1498.4731454847688,1560.376117267708
50,2025-12-26,13,1504.4431296932587,1566.5927256917312
50,2025-12-26,14,1517.565938932737,1580.2576473424408
50,2025-12-26,15,1671.731266621459,1740.791652346855
50,2025-12-26,16,1839.8246506616433,1915.8290914343333
50,2025-12-26,17,2117.8940112137184,2205.385691401958
50,2025-12-26,18,2075.40688094535,2161.143388120269
50,2025-12-26,19,1357.018679742403,1413.0780687906063
50,2025-12-26,20,878.9517517155845,915.2618622096986
50,2025-12-26,21,589.3275547661322,613.673087486236
50,2025-12-26,22,295.48002060522487,307.68650654263564
50,2025-12-26,23,153.7711832503283,160.12357818410257
50,2025-12-27,0,55.51016356901005,47.18363903365854
50,2025-12-27,1,5.502591563771944,4.677202829206152
50,2025-12-27,2,0.4579340288646563,0.3892439245349578
50,2025-12-27,3,-1.6143495575817042,0.0
50,2025-12-27,4,0.6180129007347546,0.5253109656245414
50,2025-12-27,5,47.44137822139817,40.32517148818844
50,2025-12-27,6,205.90535102061358,175.01954836752154
50,2025-12-27,7,376.74654810684575,320.2345658908189
50,2025-12-27,8,531.0893894234,451.42598100989
50,2025-12-27,9,611.9068789732592,520.1208471272703
50,2025-12-27,10,652.4069619591585,554.5459176652847
50,2025-12-27,11,739.1911993321609,628.3125194323367
50,2025-12-27,12,784.1704119798478,666.5448501828706
50,2025-12-27,13,828.4234504264859,704.1599328625131
50,2025-12-27,14,820.464444526197,697.3947778472674
50,2025-12-27,15,808.3847660780363,687.1270511663308
50,2025-12-27,16,785.3534006952589,667.55039059097
50,2025-12-27,17,752.9380485521108,639.9973412692941
50,2025-12-27,18,699.9986429596421,594.9988465156957
50,2025-12-27,19,635.261563918675,539.9723293308738
50,2025-12-27,20,481.9787165793541,409.681909092451
50,2025-12-27,21,383.7105509028994,326.1539682674645
50,2025-12-27,22,231.39798463046057,196.68828693589148
50,2025-12-27,23,140.19334254295472,119.16434116151152
50,2025-12-28,0,55.21348406006575,66.2561808720789
50,2025-12-28,1,5.003041286399991,6.003649543679989
50,2025-12-28,2,-0.49851234666073196,0.0
50,2025-12-28,3,-3.2658275709013083,0.0
50,2025-12-28,4,-2.2200256821028006,0.0
50,2025-12-28,5,30.45095608528601,36.54114730234321
50,2025-12-28,6,121.23225029249556,145.47870035099467
50,2025-12-28,7,229.3943614597907,275.2732337517488
50,2025-12-28,8,353.37306654365074,424.0476798523809
50,2025-12-28,9,434.68211722051785,521.6185406646214
50,2025-12-28,10,506.4904521735097,607.7885426082116
50,2025-12-28,11,615.2417085299454,738.2900502359345
50,2025-12-28,12,667.8252926456172,801.3903511747407
50,2025-12-28,13,724.2447312352539,869.0936774823047
50,2025-12-28,14,719.046652313258,862.8559827759096
50,2025-12-28,15,691.7761631537919,830.1313957845503
50,2025-12-28,16,657.9677427331973,789.5612912798367
50,2025-12-28,17,628.7798640392648,754.5358368471177
50,2025-12-28,18,572.0497465273679,686.4596958328415
50,2025-12-28,19,515.2362831971524,618.2835398365828
50,2025-12-28,20,405.69004652160413,486.82805582592493
50,2025-12-28,21,326.0251197788982,391.2301437346778
50,2025-12-28,22,187.82303921786547,225.38764706143857
50,2025-12-28,23,110.56624046456676,132.6794885574801
50,2025-12-29,0,34.410391102411324,33.698007507577586
50,2025-12-29,1,2.7279357210834405,2.671460435764042
50,2025-12-29,2,-0.1985933787851195,0.0
50,2025-12-29,3,0.21495936603452037,0.2105091543103031
50,2025-12-29,4,1.365045939886727,1.3367859782119071
50,2025-12-29,5,81.82891893281175,80.13484985765294
50,2025-12-29,6,580.7273020694976,568.7047533621865
50,2025-12-29,7,1680.3712850805218,1645.58327778475
50,2025-12-29,8,2636.28996432094,2581.7119818673937
50,2025-12-29,9,2000.8147623224354,1959.3927509091511
50,2025-12-29,10,1608.9228526721636,1575.6140116832441
50,2025-12-29,11,1488.8856949737408,1458.0619318690083
50,2025-12-29,12,1464.1269388330907,1433.815745656744
50,2025-12-29,13,1448.9361188007235,1418.939414667844
50,2025-12-29,14,1428.2518628214393,1398.6833759845251
50,2025-12-29,15,1575.9398523423954,1543.3138442882541
50,2025-12-29,16,1724.5391560277146,1688.8367602093633
50,2025-12-29,17,2176.52888135773,2131.469135766741
50,2025-12-29,18,2316.0934135512734,2268.144323202202
50,2025-12-29,19,1489.2801018372136,1458.4481734960445
50,2025-12-29,20,919.3083710523679,900.2763234309987
50,2025-12-29,21,579.6388805659893,567.6388649830782
50,2025-12-29,22,266.2300297907151,260.71838346532036
50,2025-12-29,23,126.1972202560072,123.58461323400508
50,2025-12-30,0,33.476573864328145,32.30979342646994
50,2025-12-30,1,2.5574535329316745,2.4683169694037175
50,2025-12-30,2,-0.005753556477600341,0.0
50,2025-12-30,3,-0.3190285159743098,0.0
50,2025-12-30,4,-0.8483779660407436,0.0
50,2025-12-30,5,79.45484048896463,76.68555012038082
50,2025-12-30,6,595.7867981971403,575.0214599015349
50,2025-12-30,7,1692.5167022677624,1633.526335244015
50,2025-12-30,8,2658.260451029543,2565.6103995170015
50,2025-12-30,9,2041.577417134176,1970.421013783607
50,2025-12-30,10,1659.4511780629462,1601.6132649003991
50,2025-12-30,11,1536.103105733542,1482.5643218195476
50,2025-12-30,12,1508.673706310745,1456.0909367965046
50,2025-12-30,13,1496.570417036403,1444.409491203546
50,2025-12-30,14,1471.9365234578293,1420.6341784717533
50,2025-12-30,15,1613.4054493963329,1557.172397462204
50,2025-12-30,16,1768.9328948469067,1707.2791453934549
50,2025-12-30,17,2179.5352469747722,2103.5705111538696
50,2025-12-30,18,2293.4512639875275,2213.5161403740185
50,2025-12-30,19,1492.5836550472,1440.56168237957
50,2025-12-30,20,933.085790706187,900.5643549149474
50,2025-12-30,21,601.4101817355154,580.4488480571762
50,2025-12-30,22,290.90740839389423,280.7682264478078
50,2025-12-30,23,132.81692928929317,128.18777591358662
50,2025-12-31,0,37.671219717976555,39.98054626146505
50,2025-12-31,1,-2.5795940114707605,0.0
50,2025-12-31,2,-3.4964658303533156,0.0
50,2025-12-31,3,-4.721740478457434,0.0
50,2025-12-31,4,-21.814566230437038,0.0
50,2025-12-31,5,-75.77550010362756,0.0
50,2025-12-31,6,33.616613812904404,35.67738432051015
50,2025-12-31,7,246.625637224634,261.74431760215924
50,2025-12-31,8,436.5368187154558,463.2974617266659
50,2025-12-31,9,447.03140588702473,474.4353895943869
50,2025-12-31,10,397.8823782143404,422.2734211398298
50,2025-12-31,11,470.0955983847797,498.9134665465859
50,2025-12-31,12,499.71604126249247,505.0949581761636
50,2025-12-31,13,537.1911341655021,542.9734309877873
50,2025-12-31,14,514.7998450382689,520.3411232142422
50,2025-12-31,15,516.5437878843247,522.1038377684214
50,2025-12-31,16,517.322885981754,522.8913220363708
50,2025-12-31,17,616.0508848645113,622.6820238527816
50,2025-12-31,18,601.1070650616294,486.0618796541145
50,2025-12-31,19,461.0909532927751,372.8432894496352
50,2025-12-31,20,323.75027885210943,261.78808771989094
50,2025-12-31,21,265.21136088534104,214.4528655046468
50,2025-12-31,22,83.19125100213967,67.26937376577244
50,2025-12-31,23,67.65803723766447,68.3863047552011
