location,lat,lon,time_msk,temperature_c,humidity_pct,precipitation_mm,pressure_hpa,wind_speed_ms,wind_dir_deg,cloud_cover_pct,issued_date
Москва (ВДНХ),55.833,37.617,2026-09-26T00:00,9.8,97,0.0,1027.4,1.42,141,95,2026-09-26
Москва (ВДНХ),55.833,37.617,2026-09-26T01:00,9.6,97,0.0,1026.9,1.44,146,76,2026-09-26
Москва (ВДНХ),55.833,37.617,2026-09-26T02:00,9.5,97,0.0,1027.1,1.44,146,73,2026-09-26
Москва (ВДНХ),55.833,37.617,2026-09-26T03:00,9.1,97,0.0,1027.7,1.35,138,79,2026-09-26
Москва (ВДНХ),55.833,37.617,2026-09-26T04:00,9.0,97,0.0,1028.1,1.35,132,83,2026-09-26
Москва (ВДНХ),55.833,37.617,2026-09-26T05:00,8.8,97,0.0,1028.1,1.49,132,84,2026-09-26
Москва (ВДНХ),55.833,37.617,2026-09-26T06:00,8.8,98,0.0,1028.6,1.63,137,92,2026-09-26
Москва (ВДНХ),55.833,37.617,2026-09-26T07:00,8.6,98,0.0,1028.7,1.64,142,87,2026-09-26
Москва (ВДНХ),55.833,37.617,2026-09-26T08:00,8.9,97,0.0,1029.0,1.64,142,87,2026-09-26
Москва (ВДНХ),55.833,37.617,2026-09-26T09:00,9.4,96,0.0,1029.6,1.7,135,93,2026-09-26
Москва (ВДНХ),55.833,37.617,2026-09-26T10:00,10.9,85,0.0,1029.7,2.06,157,88,2026-09-26
Москва (ВДНХ),55.833,37.617,2026-09-26T11:00,12.4,78,0.0,1029.2,1.86,144,61,2026-09-26
Москва (ВДНХ),55.833,37.617,2026-09-26T12:00,13.9,72,0.0,1029.2,1.88,155,46,2026-09-26
Москва (ВДНХ),55.833,37.617,2026-09-26T13:00,14.9,66,0.0,1029.0,1.84,158,50,2026-09-26
Москва (ВДНХ),55.833,37.617,2026-09-26T14:00,15.6,60,0.0,1028.3,1.82,171,90,2026-09-26
Москва (ВДНХ),55.833,37.617,2026-09-26T15:00,15.9,61,0.0,1029.2,1.86,144,50,2026-09-26
Москва (ВДНХ),55.833,37.617,2026-09-26T16:00,15.9,58,0.0,1028.7,1.92,152,42,2026-09-26
Москва (ВДНХ),55.833,37.617,2026-09-26T17:00,15.3,63,0.0,1028.4,1.7,140,27,2026-09-26
Москва (ВДНХ),55.833,37.617,2026-09-26T18:00,14.1,73,0.0,1028.2,1.66,123,36,2026-09-26
Москва (ВДНХ),55.833,37.617,2026-09-26T19:00,12.8,82,0.0,1028.4,1.64,128,48,2026-09-26
Москва (ВДНХ),55.833,37.617,2026-09-26T20:00,12.0,86,0.0,1028.8,1.63,137,76,2026-09-26
Москва (ВДНХ),55.833,37.617,2026-09-26T21:00,11.4,91,0.0,1028.9,1.58,145,91,2026-09-26
Москва (ВДНХ),55.833,37.617,2026-09-26T22:00,10.9,93,0.0,1029.2,1.39,150,78,2026-09-26
Москва (ВДНХ),55.833,37.617,2026-09-26T23:00,10.6,93,0.0,1029.4,1.39,150,92,2026-09-26
Москва (ВДНХ),55.833,37.617,2026-09-27T00:00,10.6,92,0.0,1029.5,1.08,146,88,2026-09-26
Москва (ВДНХ),55.833,37.617,2026-09-27T01:00,10.4,89,0.0,1029.1,1.08,158,79,2026-09-26
Москва (ВДНХ),55.833,37.617,2026-09-27T02:00,10.3,87,0.0,1029.1,1.04,163,30,2026-09-26
Москва (ВДНХ),55.833,37.617,2026-09-27T03:00,10.1,86,0.0,1029.0,1.02,169,29,2026-09-26
Москва (ВДНХ),55.833,37.617,2026-09-27T04:00,9.9,85,0.0,1029.3,1.02,169,24,2026-09-26
Москва (ВДНХ),55.833,37.617,2026-09-27T05:00,9.7,85,0.0,1029.5,1.0,174,48,2026-09-26
Москва (ВДНХ),55.833,37.617,2026-09-27T06:00,9.5,84,0.0,1029.5,1.0,174,45,2026-09-26
Москва (ВДНХ),55.833,37.617,2026-09-27T07:00,9.4,85,0.0,1029.6,1.0,174,31,2026-09-26
Москва (ВДНХ),55.833,37.617,2026-09-27T08:00,9.9,83,0.0,1029.4,1.0,180,50,2026-09-26
Москва (ВДНХ),55.833,37.617,2026-09-27T09:00,11.2,80,0.0,1029.4,1.2,185,73,2026-09-26
Москва (ВДНХ),55.833,37.617,2026-09-27T10:00,12.7,72,0.0,1029.4,1.75,193,79,2026-09-26
Москва (ВДНХ),55.833,37.617,2026-09-27T11:00,14.2,67,0.0,1029.4,1.87,196,95,2026-09-26
Москва (ВДНХ),55.833,37.617,2026-09-27T12:00,15.4,64,0.0,1029.1,1.92,189,100,2026-09-26
Москва (ВДНХ),55.833,37.617,2026-09-27T13:00,16.3,63,0.0,1029.2,2.02,189,100,2026-09-26
Москва (ВДНХ),55.833,37.617,2026-09-27T14:00,16.9,60,0.0,1029.0,2.22,188,84,2026-09-26
Москва (ВДНХ),55.833,37.617,2026-09-27T15:00,17.1,60,0.0,1029.0,2.3,182,77,2026-09-26
Москва (ВДНХ),55.833,37.617,2026-09-27T16:00,16.9,63,0.0,1028.9,2.2,183,95,2026-09-26
Москва (ВДНХ),55.833,37.617,2026-09-27T17:00,16.3,66,0.0,1028.6,2.0,177,85,2026-09-26
Москва (ВДНХ),55.833,37.617,2026-09-27T18:00,15.2,72,0.0,1028.7,1.71,173,83,2026-09-26
Москва (ВДНХ),55.833,37.617,2026-09-27T19:00,14.2,77,0.0,1028.8,1.61,173,99,2026-09-26
Москва (ВДНХ),55.833,37.617,2026-09-27T20:00,13.3,81,0.0,1029.2,1.6,180,89,2026-09-26
Москва (ВДНХ),55.833,37.617,2026-09-27T21:00,12.7,84,0.0,1029.7,1.3,203,99,2026-09-26
Москва (ВДНХ),55.833,37.617,2026-09-27T22:00,12.3,83,0.0,1030.0,1.21,246,99,2026-09-26
Москва (ВДНХ),55.833,37.617,2026-09-27T23:00,12.1,85,0.0,1030.2,0.89,243,100,2026-09-26
Москва (ВДНХ),55.833,37.617,2026-09-28T00:00,12.0,87,0.0,1030.2,0.54,202,99,2026-09-26
Москва (ВДНХ),55.833,37.617,2026-09-28T01:00,11.9,90,0.0,1030.5,0.51,191,97,2026-09-26
Москва (ВДНХ),55.833,37.617,2026-09-28T02:00,11.8,92,0.2,1030.8,0.4,270,95,2026-09-26
Москва (ВДНХ),55.833,37.617,2026-09-28T03:00,11.8,92,0.1,1031.1,0.36,304,95,2026-09-26
Москва (ВДНХ),55.833,37.617,2026-09-28T04:00,11.8,93,0.0,1031.3,0.22,27,95,2026-09-26
Москва (ВДНХ),55.833,37.617,2026-09-28T05:00,11.8,93,0.0,1031.3,0.67,333,96,2026-09-26
Москва (ВДНХ),55.833,37.617,2026-09-28T06:00,11.6,96,0.0,1031.3,0.89,333,88,2026-09-26
Москва (ВДНХ),55.833,37.617,2026-09-28T07:00,11.3,97,0.0,1031.6,1.14,345,86,2026-09-26
Москва (ВДНХ),55.833,37.617,2026-09-28T08:00,11.3,94,0.0,1032.0,1.6,360,91,2026-09-26
Москва (ВДНХ),55.833,37.617,2026-09-28T09:00,12.1,90,0.0,1032.4,1.63,11,90,2026-09-26
Москва (ВДНХ),55.833,37.617,2026-09-28T10:00,12.8,87,0.0,1032.7,1.73,10,85,2026-09-26
Москва (ВДНХ),55.833,37.617,2026-09-28T11:00,13.6,80,0.0,1033.0,1.71,7,85,2026-09-26
Москва (ВДНХ),55.833,37.617,2026-09-28T12:00,14.3,76,0.0,1033.0,1.82,9,85,2026-09-26
Москва (ВДНХ),55.833,37.617,2026-09-28T13:00,14.9,74,0.0,1032.9,1.6,4,76,2026-09-26
Москва (ВДНХ),55.833,37.617,2026-09-28T14:00,15.5,68,0.0,1032.4,1.41,8,69,2026-09-26
Москва (ВДНХ),55.833,37.617,2026-09-28T15:00,15.8,65,0.0,1032.3,1.51,8,58,2026-09-26
Москва (ВДНХ),55.833,37.617,2026-09-28T16:00,15.8,64,0.0,1032.1,1.4,360,40,2026-09-26
Москва (ВДНХ),55.833,37.617,2026-09-28T17:00,15.4,65,0.0,1032.5,1.61,7,41,2026-09-26
Москва (ВДНХ),55.833,37.617,2026-09-28T18:00,14.2,72,0.0,1033.2,2.0,360,41,2026-09-26
Москва (ВДНХ),55.833,37.617,2026-09-28T19:00,12.9,80,0.0,1033.5,1.5,4,18,2026-09-26
Москва (ВДНХ),55.833,37.617,2026-09-28T20:00,11.9,83,0.0,1033.7,1.4,4,7,2026-09-26
Москва (ВДНХ),55.833,37.617,2026-09-28T21:00,11.1,83,0.0,1033.9,1.3,360,4,2026-09-26
Москва (ВДНХ),55.833,37.617,2026-09-28T22:00,10.6,84,0.0,1034.2,1.2,5,0,2026-09-26
Москва (ВДНХ),55.833,37.617,2026-09-28T23:00,10.1,85,0.0,1034.4,1.02,11,0,2026-09-26
Москва (ВДНХ),55.833,37.617,2026-09-29T00:00,9.7,86,0.0,1034.5,1.0,360,0,2026-09-26
Москва (ВДНХ),55.833,37.617,2026-09-29T01:00,9.3,87,0.0,1034.8,1.0,6,0,2026-09-26
Москва (ВДНХ),55.833,37.617,2026-09-29T02:00,8.9,87,0.0,1034.9,1.0,360,0,2026-09-26
Москва (ВДНХ),55.833,37.617,2026-09-29T03:00,8.6,88,0.0,1035.3,0.9,360,1,2026-09-26
Москва (ВДНХ),55.833,37.617,2026-09-29T04:00,8.4,89,0.0,1035.5,0.91,354,0,2026-09-26
Москва (ВДНХ),55.833,37.617,2026-09-29T05:00,8.2,89,0.0,1035.6,0.91,354,0,2026-09-26
Москва (ВДНХ),55.833,37.617,2026-09-29T06:00,8.0,91,0.0,1035.6,0.91,354,0,2026-09-26
Москва (ВДНХ),55.833,37.617,2026-09-29T07:00,7.8,92,0.0,1035.8,0.91,354,0,2026-09-26
Москва (ВДНХ),55.833,37.617,2026-09-29T08:00,8.4,91,0.0,1036.0,0.81,353,3,2026-09-26
Москва (ВДНХ),55.833,37.617,2026-09-29T09:00,10.0,84,0.0,1036.2,1.0,354,7,2026-09-26
Москва (ВДНХ),55.833,37.617,2026-09-29T10:00,11.6,78,0.0,1036.4,1.2,355,6,2026-09-26
Москва (ВДНХ),55.833,37.617,2026-09-29T11:00,13.2,72,0.0,1036.1,1.12,350,14,2026-09-26
Москва (ВДНХ),55.833,37.617,2026-09-29T12:00,14.2,61,0.0,1035.9,1.6,4,42,2026-09-26
Москва (ВДНХ),55.833,37.617,2026-09-29T13:00,14.9,59,0.0,1035.7,1.6,356,35,2026-09-26
Москва (ВДНХ),55.833,37.617,2026-09-29T14:00,15.3,58,0.0,1035.3,1.5,356,31,2026-09-26
Москва (ВДНХ),55.833,37.617,2026-09-29T15:00,15.6,57,0.0,1035.0,1.43,348,25,2026-09-26
Москва (ВДНХ),55.833,37.617,2026-09-29T16:00,15.5,57,0.0,1034.8,1.33,347,13,2026-09-26
Москва (ВДНХ),55.833,37.617,2026-09-29T17:00,15.0,58,0.0,1034.7,1.22,351,5,2026-09-26
Москва (ВДНХ),55.833,37.617,2026-09-29T18:00,13.9,66,0.0,1034.8,0.81,353,0,2026-09-26
Москва (ВДНХ),55.833,37.617,2026-09-29T19:00,12.9,68,0.0,1034.8,0.82,346,0,2026-09-26
Москва (ВДНХ),55.833,37.617,2026-09-29T20:00,12.1,73,0.0,1035.0,0.76,337,14,2026-09-26
Москва (ВДНХ),55.833,37.617,2026-09-29T21:00,11.4,78,0.0,1035.3,0.78,320,46,2026-09-26
Москва (ВДНХ),55.833,37.617,2026-09-29T22:00,11.1,79,0.0,1035.4,0.92,311,63,2026-09-26
Москва (ВДНХ),55.833,37.617,2026-09-29T23:00,11.0,79,0.0,1035.5,1.08,304,80,2026-09-26
Москва (ВДНХ),55.833,37.617,2026-09-30T00:00,10.8,79,0.0,1035.6,1.17,301,97,2026-09-26
Москва (ВДНХ),55.833,37.617,2026-09-30T01:00,10.6,80,0.0,1035.6,1.12,297,84,2026-09-26
Москва (ВДНХ),55.833,37.617,2026-09-30T02:00,10.3,81,0.0,1035.5,1.08,292,72,2026-09-26
Москва (ВДНХ),55.833,37.617,2026-09-30T03:00,10.0,82,0.0,1035.5,1.04,287,59,2026-09-26
Москва (ВДНХ),55.833,37.617,2026-09-30T04:00,9.6,85,0.0,1035.4,1.04,287,41,2026-09-26
Москва (ВДНХ),55.833,37.617,2026-09-30T05:00,9.1,88,0.0,1035.4,1.08,292,24,2026-09-26
Москва (ВДНХ),55.833,37.617,2026-09-30T06:00,9.0,89,0.0,1035.4,1.12,297,6,2026-09-26
Москва (ВДНХ),55.833,37.617,2026-09-30T07:00,9.2,88,0.0,1035.7,1.22,305,5,2026-09-26
Москва (ВДНХ),55.833,37.617,2026-09-30T08:00,9.8,85,0.0,1036.0,1.49,312,5,2026-09-26
Москва (ВДНХ),55.833,37.617,2026-09-30T09:00,10.6,81,0.0,1036.3,1.7,320,4,2026-09-26
Москва (ВДНХ),55.833,37.617,2026-09-30T10:00,11.9,77,0.0,1036.4,1.8,326,13,2026-09-26
Москва (ВДНХ),55.833,37.617,2026-09-30T11:00,13.4,72,0.0,1036.3,1.97,330,22,2026-09-26
Москва (ВДНХ),55.833,37.617,2026-09-30T12:00,14.6,68,0.0,1036.1,2.1,335,31,2026-09-26
Москва (ВДНХ),55.833,37.617,2026-09-30T13:00,15.5,66,0.0,1035.7,2.28,337,32,2026-09-26
Москва (ВДНХ),55.833,37.617,2026-09-30T14:00,16.1,65,0.0,1035.2,2.56,339,32,2026-09-26
Москва (ВДНХ),55.833,37.617,2026-09-30T15:00,16.2,65,0.0,1034.9,2.66,340,33,2026-09-26
Москва (ВДНХ),55.833,37.617,2026-09-30T16:00,15.7,67,0.0,1034.8,2.56,339,36,2026-09-26
Москва (ВДНХ),55.833,37.617,2026-09-30T17:00,14.8,70,0.0,1034.8,2.44,341,38,2026-09-26
Москва (ВДНХ),55.833,37.617,2026-09-30T18:00,13.8,74,0.0,1034.9,2.21,342,41,2026-09-26
Москва (ВДНХ),55.833,37.617,2026-09-30T19:00,12.7,78,0.0,1035.1,2.09,343,27,2026-09-26
Москва (ВДНХ),55.833,37.617,2026-09-30T20:00,11.6,82,0.0,1035.5,1.96,345,14,2026-09-26
Москва (ВДНХ),55.833,37.617,2026-09-30T21:00,10.7,85,0.0,1035.8,1.84,347,0,2026-09-26
Москва (ВДНХ),55.833,37.617,2026-09-30T22:00,10.0,87,0.0,1036.1,1.82,351,6,2026-09-26
Москва (ВДНХ),55.833,37.617,2026-09-30T23:00,9.6,87,0.0,1036.4,1.71,353,12,2026-09-26
Москва (ВДНХ),55.833,37.617,2026-10-01T00:00,9.1,88,0.0,1036.6,1.71,353,18,2026-09-26
Москва (ВДНХ),55.833,37.617,2026-10-01T01:00,8.7,89,0.0,1036.7,1.71,353,24,2026-09-26
Москва (ВДНХ),55.833,37.617,2026-10-01T02:00,8.3,89,0.0,1036.7,1.61,353,29,2026-09-26
Москва (ВДНХ),55.833,37.617,2026-10-01T03:00,7.9,90,0.0,1036.8,1.61,353,35,2026-09-26
Москва (ВДНХ),55.833,37.617,2026-10-01T04:00,7.4,91,0.0,1036.9,1.61,353,37,2026-09-26
Москва (ВДНХ),55.833,37.617,2026-10-01T05:00,6.9,92,0.0,1037.1,1.61,353,40,2026-09-26
Москва (ВДНХ),55.833,37.617,2026-10-01T06:00,6.7,92,0.0,1037.4,1.61,353,42,2026-09-26
Москва (ВДНХ),55.833,37.617,2026-10-01T07:00,7.0,91,0.0,1037.9,1.6,356,44,2026-09-26
Москва (ВДНХ),55.833,37.617,2026-10-01T08:00,7.5,88,0.0,1038.4,1.7,357,46,2026-09-26
Москва (ВДНХ),55.833,37.617,2026-10-01T09:00,8.3,84,0.0,1038.8,1.8,360,48,2026-09-26
Москва (ВДНХ),55.833,37.617,2026-10-01T10:00,9.7,77,0.0,1038.9,2.1,360,56,2026-09-26
Москва (ВДНХ),55.833,37.617,2026-10-01T11:00,11.3,68,0.0,1038.8,2.4,360,65,2026-09-26
Москва (ВДНХ),55.833,37.617,2026-10-01T12:00,12.6,62,0.0,1038.6,2.6,358,73,2026-09-26
Москва (ВДНХ),55.833,37.617,2026-10-01T13:00,13.2,59,0.0,1038.3,2.63,356,59,2026-09-26
Москва (ВДНХ),55.833,37.617,2026-10-01T14:00,13.5,59,0.0,1037.9,2.67,354,47,2026-09-26
Москва (ВДНХ),55.833,37.617,2026-10-01T15:00,13.6,58,0.0,1037.6,2.61,351,34,2026-09-26
Москва (ВДНХ),55.833,37.617,2026-10-01T16:00,13.2,58,0.0,1037.4,2.33,350,22,2026-09-26
Москва (ВДНХ),55.833,37.617,2026-10-01T17:00,12.4,61,0.0,1037.4,1.94,348,11,2026-09-26
Москва (ВДНХ),55.833,37.617,2026-10-01T18:00,11.6,65,0.0,1037.4,1.65,346,0,2026-09-26
Москва (ВДНХ),55.833,37.617,2026-10-01T19:00,10.6,70,0.0,1037.6,1.46,344,1,2026-09-26
Москва (ВДНХ),55.833,37.617,2026-10-01T20:00,9.5,75,0.0,1037.8,1.24,346,3,2026-09-26
Москва (ВДНХ),55.833,37.617,2026-10-01T21:00,8.6,79,0.0,1038.0,1.14,345,4,2026-09-26
Москва (ВДНХ),55.833,37.617,2026-10-01T22:00,8.0,82,0.0,1038.0,1.08,338,20,2026-09-26
Москва (ВДНХ),55.833,37.617,2026-10-01T23:00,7.5,84,0.0,1038.0,1.03,331,36,2026-09-26
Москва (ВДНХ),55.833,37.617,2026-10-02T00:00,7.2,85,0.0,1037.9,1.0,323,52,2026-09-26
Москва (ВДНХ),55.833,37.617,2026-10-02T01:00,6.9,86,0.0,1037.7,0.99,315,58,2026-09-26
Москва (ВДНХ),55.833,37.617,2026-10-02T02:00,6.8,87,0.0,1037.5,1.0,307,63,2026-09-26
Москва (ВДНХ),55.833,37.617,2026-10-02T03:00,6.7,87,0.0,1037.3,1.03,299,69,2026-09-26
Москва (ВДНХ),55.833,37.617,2026-10-02T04:00,6.6,87,0.0,1037.1,1.12,297,71,2026-09-26
Москва (ВДНХ),55.833,37.617,2026-10-02T05:00,6.7,87,0.0,1036.9,1.21,294,73,2026-09-26
Москва (ВДНХ),55.833,37.617,2026-10-02T06:00,6.9,87,0.0,1036.7,1.34,297,75,2026-09-26
Москва (ВДНХ),55.833,37.617,2026-10-02T07:00,7.3,86,0.0,1036.6,1.57,297,76,2026-09-26
Москва (ВДНХ),55.833,37.617,2026-10-02T08:00,7.9,85,0.0,1036.6,1.7,298,78,2026-09-26
Москва (ВДНХ),55.833,37.617,2026-10-02T09:00,8.7,82,0.0,1036.4,1.97,300,79,2026-09-26
Москва (ВДНХ),55.833,37.617,2026-10-02T10:00,10.0,78,0.0,1036.1,2.16,304,74,2026-09-26
Москва (ВДНХ),55.833,37.617,2026-10-02T11:00,11.6,73,0.0,1035.6,2.42,308,70,2026-09-26
Москва (ВДНХ),55.833,37.617,2026-10-02T12:00,12.9,68,0.0,1035.1,2.62,313,65,2026-09-26
Москва (ВДНХ),55.833,37.617,2026-10-02T13:00,13.7,62,0.0,1034.5,2.83,318,65,2026-09-26
Москва (ВДНХ),55.833,37.617,2026-10-02T14:00,14.3,55,0.0,1033.9,2.94,325,65,2026-09-26
Москва (ВДНХ),55.833,37.617,2026-10-02T15:00,14.5,52,0.0,1033.4,2.97,327,65,2026-09-26
Москва (ВДНХ),55.833,37.617,2026-10-02T16:00,14.2,55,0.0,1033.2,2.69,329,77,2026-09-26
Москва (ВДНХ),55.833,37.617,2026-10-02T17:00,13.4,62,0.0,1033.1,2.28,331,88,2026-09-26
Москва (ВДНХ),55.833,37.617,2026-10-02T18:00,12.8,68,0.0,1033.1,1.92,332,100,2026-09-26
Москва (ВДНХ),55.833,37.617,2026-10-02T19:00,12.3,72,0.0,1033.0,1.79,333,100,2026-09-26
Москва (ВДНХ),55.833,37.617,2026-10-02T20:00,11.9,76,0.0,1032.9,1.7,332,100,2026-09-26
Москва (ВДНХ),55.833,37.617,2026-10-02T21:00,11.6,80,0.0,1032.9,1.66,335,100,2026-09-26
Москва (ВДНХ),55.833,37.617,2026-10-02T22:00,11.3,84,0.0,1033.0,1.58,342,100,2026-09-26
Москва (ВДНХ),55.833,37.617,2026-10-02T23:00,11.1,87,0.0,1033.1,1.53,349,100,2026-09-26
Москва (ВДНХ),55.833,37.617,2026-10-03T00:00,10.9,90,0.0,1033.2,1.4,360,100,2026-09-26
Москва (ВДНХ),55.833,37.617,2026-10-03T01:00,10.7,91,0.0,1033.3,1.3,23,100,2026-09-26
Москва (ВДНХ),55.833,37.617,2026-10-03T02:00,10.6,90,0.0,1033.4,1.42,51,100,2026-09-26
Москва (ВДНХ),55.833,37.617,2026-10-03T03:00,10.4,90,0.0,1033.6,1.66,65,100,2026-09-26
Москва (ВДНХ),55.833,37.617,2026-10-03T04:00,10.0,90,0.0,1033.8,1.8,71,96,2026-09-26
Москва (ВДНХ),55.833,37.617,2026-10-03T05:00,9.5,89,0.0,1034.1,1.87,74,93,2026-09-26
Москва (ВДНХ),55.833,37.617,2026-10-03T06:00,9.0,89,0.0,1034.5,1.84,77,89,2026-09-26
Москва (ВДНХ),55.833,37.617,2026-10-03T07:00,8.7,89,0.0,1035.0,1.82,81,84,2026-09-26
Москва (ВДНХ),55.833,37.617,2026-10-03T08:00,8.4,89,0.0,1035.6,1.7,87,78,2026-09-26
Москва (ВДНХ),55.833,37.617,2026-10-03T09:00,8.4,87,0.0,1036.1,1.7,90,73,2026-09-26
Москва (ВДНХ),55.833,37.617,2026-10-03T10:00,9.0,83,0.0,1036.3,1.7,93,70,2026-09-26
Москва (ВДНХ),55.833,37.617,2026-10-03T11:00,9.8,77,0.0,1036.4,1.7,93,67,2026-09-26
Москва (ВДНХ),55.833,37.617,2026-10-03T12:00,10.5,71,0.0,1036.3,1.6,90,64,2026-09-26
Москва (ВДНХ),55.833,37.617,2026-10-03T13:00,10.9,65,0.0,1036.1,1.53,79,67,2026-09-26
Москва (ВДНХ),55.833,37.617,2026-10-03T14:00,11.3,60,0.0,1035.8,1.43,65,70,2026-09-26
Москва (ВДНХ),55.833,37.617,2026-10-03T15:00,11.4,56,0.0,1035.6,1.5,53,73,2026-09-26
Москва (ВДНХ),55.833,37.617,2026-10-03T16:00,11.1,56,0.0,1035.6,1.5,53,75,2026-09-26
Москва (ВДНХ),55.833,37.617,2026-10-03T17:00,10.5,57,0.0,1035.8,1.44,56,76,2026-09-26
Москва (ВДНХ),55.833,37.617,2026-10-03T18:00,9.9,60,0.0,1035.9,1.39,60,78,2026-09-26
Москва (ВДНХ),55.833,37.617,2026-10-03T19:00,9.1,63,0.0,1036.0,1.21,66,62,2026-09-26
Москва (ВДНХ),55.833,37.617,2026-10-03T20:00,8.3,68,0.0,1036.2,1.12,80,45,2026-09-26
Москва (ВДНХ),55.833,37.617,2026-10-03T21:00,7.4,71,0.0,1036.3,1.0,90,29,2026-09-26
Москва (ВДНХ),55.833,37.617,2026-10-03T22:00,6.6,73,0.0,1036.5,1.02,101,33,2026-09-26
Москва (ВДНХ),55.833,37.617,2026-10-03T23:00,5.9,74,0.0,1036.6,1.08,112,38,2026-09-26
Москва (ВДНХ),55.833,37.617,2026-10-04T00:00,5.2,74,0.0,1036.8,1.03,119,42,2026-09-26
Москва (ВДНХ),55.833,37.617,2026-10-04T01:00,4.0,76,0.0,1036.8,0.97,150,23,2026-09-26
Москва (ВДНХ),55.833,37.617,2026-10-04T02:00,2.9,78,0.0,1036.7,1.17,181,10,2026-09-26
Москва (ВДНХ),55.833,37.617,2026-10-04T03:00,2.1,81,0.0,1036.4,1.59,208,2,2026-09-26
Москва (ВДНХ),55.833,37.617,2026-10-04T04:00,1.6,83,0.0,1036.1,2.02,230,0,2026-09-26
Москва (ВДНХ),55.833,37.617,2026-10-04T05:00,1.6,83,0.0,1036.0,1.96,232,0,2026-09-26
Москва (ВДНХ),55.833,37.617,2026-10-04T06:00,1.7,83,0.0,1035.9,1.85,232,0,2026-09-26
Москва (ВДНХ),55.833,37.617,2026-10-04T07:00,2.0,81,0.0,1035.8,1.68,233,0,2026-09-26
Москва (ВДНХ),55.833,37.617,2026-10-04T08:00,2.5,80,0.0,1035.5,1.57,233,0,2026-09-26
Москва (ВДНХ),55.833,37.617,2026-10-04T09:00,3.3,78,0.0,1035.2,1.53,232,1,2026-09-26
Москва (ВДНХ),55.833,37.617,2026-10-04T10:00,4.5,74,0.0,1034.7,1.59,229,4,2026-09-26
Москва (ВДНХ),55.833,37.617,2026-10-04T11:00,6.2,69,0.0,1034.1,1.7,225,8,2026-09-26
Москва (ВДНХ),55.833,37.617,2026-10-04T12:00,8.1,64,0.0,1033.3,1.81,222,12,2026-09-26
Москва (ВДНХ),55.833,37.617,2026-10-04T13:00,9.9,60,0.0,1032.6,1.96,218,17,2026-09-26
Москва (ВДНХ),55.833,37.617,2026-10-04T14:00,11.4,57,0.0,1031.9,2.11,216,23,2026-09-26
Москва (ВДНХ),55.833,37.617,2026-10-04T15:00,12.2,57,0.0,1031.3,2.25,217,29,2026-09-26
Москва (ВДНХ),55.833,37.617,2026-10-04T16:00,12.4,58,0.0,1030.8,2.38,219,36,2026-09-26
Москва (ВДНХ),55.833,37.617,2026-10-04T17:00,11.9,61,0.0,1030.4,2.51,223,45,2026-09-26
Москва (ВДНХ),55.833,37.617,2026-10-04T18:00,11.2,65,0.0,1030.1,2.65,227,54,2026-09-26
Москва (ВДНХ),55.833,37.617,2026-10-04T19:00,10.3,70,0.0,1029.7,2.81,231,63,2026-09-26
Москва (ВДНХ),55.833,37.617,2026-10-04T20:00,9.4,76,0.0,1029.4,2.94,235,70,2026-09-26
Москва (ВДНХ),55.833,37.617,2026-10-04T21:00,8.8,80,0.0,1029.0,3.04,237,74,2026-09-26
Москва (ВДНХ),55.833,37.617,2026-10-04T22:00,8.4,83,0.0,1028.6,3.07,240,74,2026-09-26
Москва (ВДНХ),55.833,37.617,2026-10-04T23:00,8.1,86,0.0,1028.2,3.06,242,71,2026-09-26
Москва (ВДНХ),55.833,37.617,2026-10-05T00:00,7.8,88,0.0,1027.8,3.02,243,66,2026-09-26
Москва (ВДНХ),55.833,37.617,2026-10-05T01:00,7.6,90,0.0,1027.5,3.02,246,61,2026-09-26
Москва (ВДНХ),55.833,37.617,2026-10-05T02:00,7.5,92,0.0,1027.1,2.98,247,58,2026-09-26
Москва (ВДНХ),55.833,37.617,2026-10-05T03:00,7.4,93,0.0,1026.7,2.96,248,57,2026-09-26
Москва (ВДНХ),55.833,37.617,2026-10-05T04:00,7.3,94,0.0,1026.3,2.96,248,60,2026-09-26
Москва (ВДНХ),55.833,37.617,2026-10-05T05:00,7.3,95,0.0,1026.0,3.05,247,65,2026-09-26
Москва (ВДНХ),55.833,37.617,2026-10-05T06:00,7.4,95,0.0,1025.7,3.09,245,72,2026-09-26
Москва (ВДНХ),55.833,37.617,2026-10-05T07:00,7.5,95,0.0,1025.3,3.11,244,79,2026-09-26
Москва (ВДНХ),55.833,37.617,2026-10-05T08:00,7.8,94,0.0,1024.9,3.13,243,85,2026-09-26
Москва (ВДНХ),55.833,37.617,2026-10-05T09:00,8.3,91,0.0,1024.5,3.15,245,90,2026-09-26
Москва (ВДНХ),55.833,37.617,2026-10-05T10:00,9.1,86,0.0,1024.0,3.12,248,93,2026-09-26
Москва (ВДНХ),55.833,37.617,2026-10-05T11:00,10.3,81,0.0,1023.4,3.13,253,96,2026-09-26
Москва (ВДНХ),55.833,37.617,2026-10-05T12:00,11.6,74,0.0,1022.8,3.15,260,98,2026-09-26
Москва (ВДНХ),55.833,37.617,2026-10-05T13:00,12.9,68,0.0,1022.2,3.21,266,99,2026-09-26
Москва (ВДНХ),55.833,37.617,2026-10-05T14:00,13.9,64,0.0,1021.6,3.25,271,100,2026-09-26
Москва (ВДНХ),55.833,37.617,2026-10-05T15:00,14.4,62,0.0,1021.2,3.31,273,100,2026-09-26
Москва (ВДНХ),55.833,37.617,2026-10-05T16:00,14.4,63,0.0,1020.9,3.31,273,99,2026-09-26
Москва (ВДНХ),55.833,37.617,2026-10-05T17:00,13.8,65,0.0,1020.7,3.3,272,97,2026-09-26
Москва (ВДНХ),55.833,37.617,2026-10-05T18:00,13.1,69,0.0,1020.5,3.3,269,95,2026-09-26
Москва (ВДНХ),55.833,37.617,2026-10-05T19:00,12.2,73,0.0,1020.4,3.26,266,93,2026-09-26
Москва (ВДНХ),55.833,37.617,2026-10-05T20:00,11.3,77,0.0,1020.3,3.22,263,91,2026-09-26
Москва (ВДНХ),55.833,37.617,2026-10-05T21:00,10.8,80,0.0,1020.1,3.19,261,90,2026-09-26
Москва (ВДНХ),55.833,37.617,2026-10-05T22:00,10.4,83,0.0,1019.9,3.16,259,91,2026-09-26
Москва (ВДНХ),55.833,37.617,2026-10-05T23:00,10.1,84,0.0,1019.6,3.07,258,93,2026-09-26
Москва (ВДНХ),55.833,37.617,2026-10-06T00:00,9.9,86,0.0,1019.3,3.03,257,95,2026-09-26
Москва (ВДНХ),55.833,37.617,2026-10-06T01:00,9.8,87,0.0,1019.0,2.95,255,97,2026-09-26
Москва (ВДНХ),55.833,37.617,2026-10-06T02:00,9.7,88,0.0,1018.7,2.86,254,99,2026-09-26
Москва (ВДНХ),55.833,37.617,2026-10-06T03:00,9.7,88,0.0,1018.5,2.83,253,100,2026-09-26
Москва (ВДНХ),55.833,37.617,2026-10-06T04:00,9.8,89,0.0,1018.3,2.77,250,100,2026-09-26
Москва (ВДНХ),55.833,37.617,2026-10-06T05:00,10.0,89,0.0,1018.2,2.71,247,98,2026-09-26
Москва (ВДНХ),55.833,37.617,2026-10-06T06:00,10.2,89,0.0,1018.1,2.71,245,96,2026-09-26
Москва (ВДНХ),55.833,37.617,2026-10-06T07:00,10.5,89,0.0,1018.0,2.66,242,94,2026-09-26
Москва (ВДНХ),55.833,37.617,2026-10-06T08:00,10.8,88,0.0,1017.8,2.67,240,93,2026-09-26
Москва (ВДНХ),55.833,37.617,2026-10-06T09:00,11.2,86,0.0,1017.6,2.74,239,92,2026-09-26
Москва (ВДНХ),55.833,37.617,2026-10-06T10:00,11.6,83,0.0,1017.3,2.85,239,93,2026-09-26
Москва (ВДНХ),55.833,37.617,2026-10-06T11:00,12.2,79,0.0,1016.8,3.05,240,95,2026-09-26
Москва (ВДНХ),55.833,37.617,2026-10-06T12:00,12.8,74,0.0,1016.4,3.29,242,97,2026-09-26
Москва (ВДНХ),55.833,37.617,2026-10-06T13:00,13.3,70,0.0,1015.9,3.47,243,99,2026-09-26
Москва (ВДНХ),55.833,37.617,2026-10-06T14:00,13.7,67,0.0,1015.4,3.65,245,100,2026-09-26
Москва (ВДНХ),55.833,37.617,2026-10-06T15:00,13.9,65,0.0,1015.1,3.76,247,100,2026-09-26
Москва (ВДНХ),55.833,37.617,2026-10-06T16:00,13.7,65,0.0,1014.9,3.77,248,97,2026-09-26
Москва (ВДНХ),55.833,37.617,2026-10-06T17:00,13.3,67,0.0,1014.7,3.76,251,92,2026-09-26
Москва (ВДНХ),55.833,37.617,2026-10-06T18:00,12.8,69,0.0,1014.6,3.7,254,86,2026-09-26
Москва (ВДНХ),55.833,37.617,2026-10-06T19:00,12.2,72,0.0,1014.5,3.66,256,80,2026-09-26
Москва (ВДНХ),55.833,37.617,2026-10-06T20:00,11.7,75,0.0,1014.3,3.58,258,76,2026-09-26
Москва (ВДНХ),55.833,37.617,2026-10-06T21:00,11.3,77,0.0,1014.1,3.52,259,74,2026-09-26
Москва (ВДНХ),55.833,37.617,2026-10-06T22:00,11.2,78,0.0,1013.7,3.48,258,76,2026-09-26
Москва (ВДНХ),55.833,37.617,2026-10-06T23:00,11.1,80,0.0,1013.3,3.36,255,80,2026-09-26
Москва (ВДНХ),55.833,37.617,2026-10-07T00:00,11.0,81,0.0,1012.7,3.32,252,86,2026-09-26
Москва (ВДНХ),55.833,37.617,2026-10-07T01:00,11.1,83,0.0,1012.2,3.23,248,92,2026-09-26
Москва (ВДНХ),55.833,37.617,2026-10-07T02:00,11.2,83,0.0,1011.8,3.22,244,97,2026-09-26
Москва (ВДНХ),55.833,37.617,2026-10-07T03:00,11.3,84,0.0,1011.4,3.22,242,100,2026-09-26
Москва (ВДНХ),55.833,37.617,2026-10-07T04:00,11.5,85,0.0,1011.1,3.24,241,100,2026-09-26
Москва (ВДНХ),55.833,37.617,2026-10-07T05:00,11.7,86,0.0,1011.0,3.29,240,100,2026-09-26
Москва (ВДНХ),55.833,37.617,2026-10-07T06:00,12.0,86,0.0,1010.8,3.29,240,100,2026-09-26
Москва (ВДНХ),55.833,37.617,2026-10-07T07:00,12.3,86,0.0,1010.7,3.36,240,99,2026-09-26
Москва (ВДНХ),55.833,37.617,2026-10-07T08:00,12.6,86,0.0,1010.6,3.4,240,97,2026-09-26
Москва (ВДНХ),55.833,37.617,2026-10-07T09:00,12.9,85,0.0,1010.5,3.52,240,97,2026-09-26
Москва (ВДНХ),55.833,37.617,2026-10-07T10:00,13.3,82,0.0,1010.3,3.67,241,97,2026-09-26
Москва (ВДНХ),55.833,37.617,2026-10-07T11:00,13.6,79,0.0,1010.1,3.83,241,98,2026-09-26
Москва (ВДНХ),55.833,37.617,2026-10-07T12:00,14.0,75,0.0,1009.9,4.03,242,99,2026-09-26
Москва (ВДНХ),55.833,37.617,2026-10-07T13:00,14.4,72,0.0,1009.7,4.2,243,100,2026-09-26
Москва (ВДНХ),55.833,37.617,2026-10-07T14:00,14.6,69,0.0,1009.6,4.41,244,100,2026-09-26
Москва (ВДНХ),55.833,37.617,2026-10-07T15:00,14.6,67,0.0,1009.6,4.47,245,100,2026-09-26
Москва (ВДНХ),55.833,37.617,2026-10-07T16:00,14.5,67,0.0,1009.7,4.48,246,100,2026-09-26
Москва (ВДНХ),55.833,37.617,2026-10-07T17:00,14.1,68,0.0,1009.9,4.48,248,99,2026-09-26
Москва (ВДНХ),55.833,37.617,2026-10-07T18:00,13.7,69,0.0,1010.2,4.38,249,98,2026-09-26
Москва (ВДНХ),55.833,37.617,2026-10-07T19:00,13.2,71,0.0,1010.4,4.29,251,97,2026-09-26
Москва (ВДНХ),55.833,37.617,2026-10-07T20:00,12.7,73,0.0,1010.7,4.19,253,95,2026-09-26
Москва (ВДНХ),55.833,37.617,2026-10-07T21:00,12.3,75,0.0,1011.0,4.07,254,93,2026-09-26
Москва (ВДНХ),55.833,37.617,2026-10-07T22:00,11.9,77,0.0,1011.2,3.89,254,90,2026-09-26
Москва (ВДНХ),55.833,37.617,2026-10-07T23:00,11.4,80,0.0,1011.5,3.72,255,86,2026-09-26
Москва (ВДНХ),55.833,37.617,2026-10-08T00:00,11.0,82,0.0,1011.8,3.47,255,82,2026-09-26
Москва (ВДНХ),55.833,37.617,2026-10-08T01:00,10.6,85,0.0,1012.0,3.26,255,78,2026-09-26
Москва (ВДНХ),55.833,37.617,2026-10-08T02:00,10.2,87,0.0,1012.2,3.02,254,76,2026-09-26
Москва (ВДНХ),55.833,37.617,2026-10-08T03:00,10.0,89,0.0,1012.4,2.8,251,75,2026-09-26
Москва (ВДНХ),55.833,37.617,2026-10-08T04:00,9.8,90,0.0,1012.6,2.57,246,78,2026-09-26
Москва (ВДНХ),55.833,37.617,2026-10-08T05:00,9.6,92,0.0,1012.8,2.39,237,83,2026-09-26
Москва (ВДНХ),55.833,37.617,2026-10-08T06:00,9.5,93,0.0,1012.9,2.26,225,90,2026-09-26
Москва (ВДНХ),55.833,37.617,2026-10-08T07:00,9.5,93,0.0,1013.0,2.3,214,96,2026-09-26
Москва (ВДНХ),55.833,37.617,2026-10-08T08:00,9.7,92,0.0,1013.1,2.44,206,100,2026-09-26
Москва (ВДНХ),55.833,37.617,2026-10-08T09:00,10.1,89,0.0,1013.0,2.67,203,99,2026-09-26
Москва (ВДНХ),55.833,37.617,2026-10-08T10:00,11.0,85,0.0,1012.8,2.95,206,92,2026-09-26
Москва (ВДНХ),55.833,37.617,2026-10-08T11:00,12.2,78,0.0,1012.5,3.33,213,81,2026-09-26
Москва (ВДНХ),55.833,37.617,2026-10-08T12:00,13.6,71,0.0,1012.0,3.83,220,68,2026-09-26
Москва (ВДНХ),55.833,37.617,2026-10-08T13:00,15.0,66,0.0,1011.6,4.31,225,54,2026-09-26
Москва (ВДНХ),55.833,37.617,2026-10-08T14:00,16.1,61,0.0,1011.3,4.75,228,40,2026-09-26
Москва (ВДНХ),55.833,37.617,2026-10-08T15:00,16.6,59,0.0,1011.0,4.96,229,30,2026-09-26
Москва (ВДНХ),55.833,37.617,2026-10-08T16:00,16.6,59,0.0,1010.9,4.88,227,21,2026-09-26
Москва (ВДНХ),55.833,37.617,2026-10-08T17:00,16.0,61,0.0,1010.8,4.67,224,12,2026-09-26
Москва (ВДНХ),55.833,37.617,2026-10-08T18:00,15.2,65,0.0,1010.8,4.33,219,5,2026-09-26
Москва (ВДНХ),55.833,37.617,2026-10-08T19:00,14.3,68,0.0,1010.9,4.01,213,0,2026-09-26
Москва (ВДНХ),55.833,37.617,2026-10-08T20:00,13.4,72,0.0,1010.9,3.71,207,0,2026-09-26
Москва (ВДНХ),55.833,37.617,2026-10-08T21:00,12.7,76,0.0,1010.9,3.57,202,0,2026-09-26
Москва (ВДНХ),55.833,37.617,2026-10-08T22:00,12.2,78,0.0,1010.9,3.49,199,10,2026-09-26
Москва (ВДНХ),55.833,37.617,2026-10-08T23:00,11.7,80,0.0,1010.8,3.43,199,27,2026-09-26
Москва (ВДНХ),55.833,37.617,2026-10-09T00:00,11.3,82,0.0,1010.7,3.42,198,47,2026-09-26
Москва (ВДНХ),55.833,37.617,2026-10-09T01:00,10.9,83,0.0,1010.7,3.37,198,68,2026-09-26
Москва (ВДНХ),55.833,37.617,2026-10-09T02:00,10.6,85,0.0,1010.6,3.32,198,85,2026-09-26
Москва (ВДНХ),55.833,37.617,2026-10-09T03:00,10.4,86,0.0,1010.6,3.24,197,97,2026-09-26
Москва (ВДНХ),55.833,37.617,2026-10-09T04:00,10.3,87,0.0,1010.6,3.1,195,100,2026-09-26
Москва (ВДНХ),55.833,37.617,2026-10-09T05:00,10.2,88,0.0,1010.6,2.96,192,100,2026-09-26
Москва (ВДНХ),55.833,37.617,2026-10-09T06:00,10.1,89,0.0,1010.7,2.78,188,100,2026-09-26
Москва (ВДНХ),55.833,37.617,2026-10-09T07:00,10.2,89,0.0,1010.7,2.66,184,96,2026-09-26
Москва (ВДНХ),55.833,37.617,2026-10-09T08:00,10.4,89,0.0,1010.7,2.6,181,92,2026-09-26
Москва (ВДНХ),55.833,37.617,2026-10-09T09:00,10.8,87,0.0,1010.7,2.6,180,88,2026-09-26
Москва (ВДНХ),55.833,37.617,2026-10-09T10:00,11.5,82,0.0,1010.6,2.75,180,85,2026-09-26
Москва (ВДНХ),55.833,37.617,2026-10-09T11:00,12.5,75,0.0,1010.4,3.0,182,81,2026-09-26
Москва (ВДНХ),55.833,37.617,2026-10-09T12:00,13.6,68,0.0,1010.2,3.31,184,76,2026-09-26
Москва (ВДНХ),55.833,37.617,2026-10-09T13:00,14.7,62,0.0,1010.0,3.62,186,71,2026-09-26
Москва (ВДНХ),55.833,37.617,2026-10-09T14:00,15.6,58,0.0,1009.9,3.88,187,65,2026-09-26
Москва (ВДНХ),55.833,37.617,2026-10-09T15:00,16.0,56,0.0,1009.8,4.05,189,58,2026-09-26
Москва (ВДНХ),55.833,37.617,2026-10-09T16:00,15.8,55,0.0,1009.8,4.17,190,48,2026-09-26
Москва (ВДНХ),55.833,37.617,2026-10-09T17:00,15.3,57,0.0,1009.9,4.19,192,35,2026-09-26
Москва (ВДНХ),55.833,37.617,2026-10-09T18:00,14.5,59,0.0,1010.1,4.21,193,22,2026-09-26
Москва (ВДНХ),55.833,37.617,2026-10-09T19:00,13.7,62,0.0,1010.3,4.18,195,10,2026-09-26
Москва (ВДНХ),55.833,37.617,2026-10-09T20:00,12.9,66,0.0,1010.4,4.11,196,2,2026-09-26
Москва (ВДНХ),55.833,37.617,2026-10-09T21:00,12.3,69,0.0,1010.6,4.02,199,1,2026-09-26
Москва (ВДНХ),55.833,37.617,2026-10-09T22:00,11.9,71,0.0,1010.7,3.83,202,9,2026-09-26
Москва (ВДНХ),55.833,37.617,2026-10-09T23:00,11.7,74,0.0,1010.8,3.6,207,25,2026-09-26
Москва (ВДНХ),55.833,37.617,2026-10-10T00:00,11.6,77,0.0,1010.8,3.38,214,45,2026-09-26
Москва (ВДНХ),55.833,37.617,2026-10-10T01:00,11.5,80,0.0,1010.9,3.19,221,66,2026-09-26
Москва (ВДНХ),55.833,37.617,2026-10-10T02:00,11.3,82,0.0,1011.1,3.05,229,85,2026-09-26
Москва (ВДНХ),55.833,37.617,2026-10-10T03:00,11.1,83,0.0,1011.4,3.0,237,97,2026-09-26
Москва (ВДНХ),55.833,37.617,2026-10-10T04:00,10.7,85,0.0,1011.8,2.97,243,100,2026-09-26
Москва (ВДНХ),55.833,37.617,2026-10-10T05:00,10.2,86,0.0,1012.4,3.05,249,100,2026-09-26
Москва (ВДНХ),55.833,37.617,2026-10-10T06:00,9.7,86,0.0,1013.0,3.13,253,100,2026-09-26
Москва (ВДНХ),55.833,37.617,2026-10-10T07:00,9.2,86,0.0,1013.6,3.22,258,100,2026-09-26
Москва (ВДНХ),55.833,37.617,2026-10-10T08:00,8.8,85,0.0,1014.2,3.28,262,100,2026-09-26
Москва (ВДНХ),55.833,37.617,2026-10-10T09:00,8.6,83,0.0,1014.8,3.36,267,100,2026-09-26
Москва (ВДНХ),55.833,37.617,2026-10-10T10:00,8.7,79,0.0,1015.3,3.4,271,100,2026-09-26
Москва (ВДНХ),55.833,37.617,2026-10-10T11:00,9.1,73,0.0,1015.8,3.46,275,100,2026-09-26
Москва (ВДНХ),55.833,37.617,2026-10-10T12:00,9.5,67,0.0,1016.2,3.55,280,100,2026-09-26
Москва (ВДНХ),55.833,37.617,2026-10-10T13:00,9.9,62,0.0,1016.7,3.55,284,100,2026-09-26
Москва (ВДНХ),55.833,37.617,2026-10-10T14:00,10.3,58,0.0,1017.1,3.61,287,99,2026-09-26
Москва (ВДНХ),55.833,37.617,2026-10-10T15:00,10.3,56,0.0,1017.6,3.56,290,98,2026-09-26
Москва (ВДНХ),55.833,37.617,2026-10-10T16:00,10.1,56,0.0,1018.1,3.45,292,97,2026-09-26
Москва (ВДНХ),55.833,37.617,2026-10-10T17:00,9.8,57,0.0,1018.6,3.27,293,96,2026-09-26
Москва (ВДНХ),55.833,37.617,2026-10-10T18:00,9.3,59,0.0,1019.1,3.09,295,94,2026-09-26
Москва (ВДНХ),55.833,37.617,2026-10-10T19:00,8.7,61,0.0,1019.6,2.86,297,92,2026-09-26
Москва (ВДНХ),55.833,37.617,2026-10-10T20:00,8.1,64,0.0,1020.0,2.59,298,88,2026-09-26
Москва (ВДНХ),55.833,37.617,2026-10-10T21:00,7.5,67,0.0,1020.4,2.39,299,81,2026-09-26
Москва (ВДНХ),55.833,37.617,2026-10-10T22:00,6.8,70,0.0,1020.7,2.17,299,71,2026-09-26
Москва (ВДНХ),55.833,37.617,2026-10-10T23:00,6.0,73,0.0,1021.0,1.97,297,56,2026-09-26
Москва (ВДНХ),55.833,37.617,2026-10-11T00:00,5.2,77,0.0,1021.3,1.7,294,40,2026-09-26
Москва (ВДНХ),55.833,37.617,2026-10-11T01:00,5.6,81,0.0,1022.5,1.92,278,30,2026-09-26
Москва (ВДНХ),55.833,37.617,2026-10-11T02:00,6.5,82,0.0,1023.2,2.35,264,35,2026-09-26
Москва (ВДНХ),55.833,37.617,2026-10-11T03:00,7.6,83,0.0,1023.3,2.98,250,55,2026-09-26
Москва (ВДНХ),55.833,37.617,2026-10-11T04:00,9.0,81,0.0,1023.1,3.86,239,84,2026-09-26
Москва (ВДНХ),55.833,37.617,2026-10-11T05:00,9.0,81,0.0,1022.3,4.17,240,94,2026-09-26
Москва (ВДНХ),55.833,37.617,2026-10-11T06:00,9.1,79,0.0,1021.7,4.48,241,100,2026-09-26
Москва (ВДНХ),55.833,37.617,2026-10-11T07:00,9.3,74,0.0,1021.2,4.61,243,100,2026-09-26
Москва (ВДНХ),55.833,37.617,2026-10-11T08:00,9.7,68,0.0,1020.7,4.74,245,100,2026-09-26
Москва (ВДНХ),55.833,37.617,2026-10-11T09:00,10.0,65,0.0,1020.3,4.92,246,100,2026-09-26
Москва (ВДНХ),55.833,37.617,2026-10-11T10:00,10.1,66,0.2,1019.8,5.14,243,100,2026-09-26
Москва (ВДНХ),55.833,37.617,2026-10-11T11:00,10.1,71,0.2,1019.4,5.33,240,100,2026-09-26
Москва (ВДНХ),55.833,37.617,2026-10-11T12:00,10.2,74,0.2,1018.9,5.47,239,100,2026-09-26
Москва (ВДНХ),55.833,37.617,2026-10-11T13:00,10.2,76,0.1,1018.4,5.77,244,100,2026-09-26
Москва (ВДНХ),55.833,37.617,2026-10-11T14:00,10.2,77,0.1,1018.0,6.1,252,100,2026-09-26
Москва (ВДНХ),55.833,37.617,2026-10-11T15:00,10.2,78,0.1,1017.7,6.26,257,100,2026-09-26
Москва (ВДНХ),55.833,37.617,2026-10-11T16:00,10.3,79,0.0,1017.6,5.89,260,100,2026-09-26
Москва (ВДНХ),55.833,37.617,2026-10-11T17:00,10.4,80,0.0,1017.6,5.33,264,100,2026-09-26
Москва (ВДНХ),55.833,37.617,2026-10-11T18:00,10.5,81,0.0,1017.7,4.81,266,100,2026-09-26
Москва (ВДНХ),55.833,37.617,2026-10-11T19:00,10.6,83,0.0,1017.8,4.7,268,100,2026-09-26
Москва (ВДНХ),55.833,37.617,2026-10-11T20:00,10.7,86,0.0,1018.0,4.7,268,100,2026-09-26
Москва (ВДНХ),55.833,37.617,2026-10-11T21:00,10.8,88,0.0,1018.2,4.6,270,100,2026-09-26
Москва (ВДНХ),55.833,37.617,2026-10-11T22:00,10.9,89,0.0,1018.4,4.47,280,100,2026-09-26
Москва (ВДНХ),55.833,37.617,2026-10-11T23:00,11.0,88,0.0,1018.6,4.48,294,100,2026-09-26
Москва (Балчуг),55.745,37.63,2026-09-26T00:00,10.1,95,0.0,1027.4,1.5,143,94,2026-09-26
Москва (Балчуг),55.745,37.63,2026-09-26T01:00,9.9,95,0.0,1026.9,1.44,146,75,2026-09-26
Москва (Балчуг),55.745,37.63,2026-09-26T02:00,9.7,96,0.0,1027.1,1.53,148,73,2026-09-26
Москва (Балчуг),55.745,37.63,2026-09-26T03:00,9.3,95,0.0,1027.7,1.35,138,74,2026-09-26
Москва (Балчуг),55.745,37.63,2026-09-26T04:00,9.2,96,0.0,1028.0,1.35,132,87,2026-09-26
Москва (Балчуг),55.745,37.63,2026-09-26T05:00,8.9,96,0.0,1028.1,1.49,132,78,2026-09-26
Москва (Балчуг),55.745,37.63,2026-09-26T06:00,8.9,97,0.0,1028.6,1.7,140,87,2026-09-26
Москва (Балчуг),55.745,37.63,2026-09-26T07:00,8.7,97,0.0,1028.7,1.64,142,81,2026-09-26
Москва (Балчуг),55.745,37.63,2026-09-26T08:00,9.0,95,0.0,1029.0,1.78,142,83,2026-09-26
Москва (Балчуг),55.745,37.63,2026-09-26T09:00,9.4,96,0.0,1029.6,1.7,135,87,2026-09-26
Москва (Балчуг),55.745,37.63,2026-09-26T10:00,11.3,83,0.0,1029.7,2.1,155,73,2026-09-26
Москва (Балчуг),55.745,37.63,2026-09-26T11:00,12.7,77,0.0,1029.2,1.86,144,70,2026-09-26
Москва (Балчуг),55.745,37.63,2026-09-26T12:00,14.2,71,0.0,1029.1,1.84,158,55,2026-09-26
Москва (Балчуг),55.745,37.63,2026-09-26T13:00,15.2,65,0.0,1029.0,1.75,156,53,2026-09-26
Москва (Балчуг),55.745,37.63,2026-09-26T14:00,16.0,59,0.0,1028.3,1.8,177,90,2026-09-26
Москва (Балчуг),55.745,37.63,2026-09-26T15:00,16.2,60,0.0,1029.2,1.8,146,32,2026-09-26
Москва (Балчуг),55.745,37.63,2026-09-26T16:00,16.2,57,0.0,1028.7,1.88,155,43,2026-09-26
Москва (Балчуг),55.745,37.63,2026-09-26T17:00,15.6,60,0.0,1028.3,1.7,140,26,2026-09-26
Москва (Балчуг),55.745,37.63,2026-09-26T18:00,14.4,69,0.0,1028.2,1.8,124,37,2026-09-26
Москва (Балчуг),55.745,37.63,2026-09-26T19:00,13.2,78,0.0,1028.4,1.78,128,51,2026-09-26
Москва (Балчуг),55.745,37.63,2026-09-26T20:00,12.3,83,0.0,1028.8,1.7,140,77,2026-09-26
Москва (Балчуг),55.745,37.63,2026-09-26T21:00,11.7,87,0.0,1028.9,1.58,145,96,2026-09-26
Москва (Балчуг),55.745,37.63,2026-09-26T22:00,11.4,88,0.0,1029.2,1.48,152,90,2026-09-26
Москва (Балчуг),55.745,37.63,2026-09-26T23:00,11.1,88,0.0,1029.4,1.39,150,97,2026-09-26
Москва (Балчуг),55.745,37.63,2026-09-27T00:00,11.1,86,0.0,1029.5,1.17,149,96,2026-09-26
Москва (Балчуг),55.745,37.63,2026-09-27T01:00,10.9,85,0.0,1029.1,1.08,158,87,2026-09-26
Москва (Балчуг),55.745,37.63,2026-09-27T02:00,10.7,83,0.0,1029.1,1.14,165,42,2026-09-26
Москва (Балчуг),55.745,37.63,2026-09-27T03:00,10.5,83,0.0,1029.0,1.12,170,44,2026-09-26
Москва (Балчуг),55.745,37.63,2026-09-27T04:00,10.3,82,0.0,1029.3,1.12,170,31,2026-09-26
Москва (Балчуг),55.745,37.63,2026-09-27T05:00,10.1,83,0.0,1029.5,1.0,174,48,2026-09-26
Москва (Балчуг),55.745,37.63,2026-09-27T06:00,9.9,83,0.0,1029.5,1.0,174,43,2026-09-26
Москва (Балчуг),55.745,37.63,2026-09-27T07:00,9.8,83,0.0,1029.6,1.0,174,36,2026-09-26
Москва (Балчуг),55.745,37.63,2026-09-27T08:00,10.3,82,0.0,1029.4,1.1,185,40,2026-09-26
Москва (Балчуг),55.745,37.63,2026-09-27T09:00,11.6,77,0.0,1029.5,1.4,184,75,2026-09-26
Москва (Балчуг),55.745,37.63,2026-09-27T10:00,13.1,71,0.0,1029.4,1.84,193,79,2026-09-26
Москва (Балчуг),55.745,37.63,2026-09-27T11:00,14.6,67,0.0,1029.4,1.84,193,98,2026-09-26
Москва (Балчуг),55.745,37.63,2026-09-27T12:00,15.7,64,0.0,1029.1,1.92,189,100,2026-09-26
Москва (Балчуг),55.745,37.63,2026-09-27T13:00,16.6,61,0.0,1029.2,1.92,189,100,2026-09-26
Москва (Балчуг),55.745,37.63,2026-09-27T14:00,17.2,59,0.0,1029.0,2.22,188,88,2026-09-26
Москва (Балчуг),55.745,37.63,2026-09-27T15:00,17.2,60,0.0,1029.1,2.3,182,83,2026-09-26
Москва (Балчуг),55.745,37.63,2026-09-27T16:00,17.1,62,0.0,1028.9,2.3,180,96,2026-09-26
Москва (Балчуг),55.745,37.63,2026-09-27T17:00,16.6,64,0.0,1028.7,2.1,177,87,2026-09-26
Москва (Балчуг),55.745,37.63,2026-09-27T18:00,15.5,70,0.0,1028.7,1.73,170,82,2026-09-26
Москва (Балчуг),55.745,37.63,2026-09-27T19:00,14.5,73,0.0,1028.9,1.61,173,98,2026-09-26
Москва (Балчуг),55.745,37.63,2026-09-27T20:00,13.6,78,0.0,1029.2,1.7,180,92,2026-09-26
Москва (Балчуг),55.745,37.63,2026-09-27T21:00,13.0,79,0.0,1029.7,1.55,195,100,2026-09-26
Москва (Балчуг),55.745,37.63,2026-09-27T22:00,12.5,80,0.0,1030.0,1.22,235,99,2026-09-26
Москва (Балчуг),55.745,37.63,2026-09-27T23:00,12.3,82,0.0,1030.1,0.86,234,100,2026-09-26
Москва (Балчуг),55.745,37.63,2026-09-28T00:00,12.1,85,0.0,1030.3,0.58,211,100,2026-09-26
Москва (Балчуг),55.745,37.63,2026-09-28T01:00,12.1,85,0.0,1030.5,0.5,217,98,2026-09-26
Москва (Балчуг),55.745,37.63,2026-09-28T02:00,12.0,89,0.3,1030.8,0.51,281,95,2026-09-26
Москва (Балчуг),55.745,37.63,2026-09-28T03:00,11.9,92,0.2,1031.1,0.41,284,94,2026-09-26
Москва (Балчуг),55.745,37.63,2026-09-28T04:00,11.9,92,0.1,1031.3,0.3,360,92,2026-09-26
Москва (Балчуг),55.745,37.63,2026-09-28T05:00,12.0,92,0.0,1031.3,0.45,333,97,2026-09-26
Москва (Балчуг),55.745,37.63,2026-09-28T06:00,12.0,93,0.0,1031.3,0.76,337,89,2026-09-26
Москва (Балчуг),55.745,37.63,2026-09-28T07:00,11.7,97,0.0,1031.5,0.95,342,82,2026-09-26
Москва (Балчуг),55.745,37.63,2026-09-28T08:00,11.7,94,0.0,1031.9,1.4,356,91,2026-09-26
Москва (Балчуг),55.745,37.63,2026-09-28T09:00,12.3,88,0.0,1032.4,1.43,12,88,2026-09-26
Москва (Балчуг),55.745,37.63,2026-09-28T10:00,13.1,85,0.0,1032.7,1.65,14,80,2026-09-26
Москва (Балчуг),55.745,37.63,2026-09-28T11:00,14.0,79,0.0,1032.9,1.63,11,75,2026-09-26
Москва (Балчуг),55.745,37.63,2026-09-28T12:00,14.7,74,0.0,1032.9,1.82,9,73,2026-09-26
Москва (Балчуг),55.745,37.63,2026-09-28T13:00,15.0,73,0.0,1032.8,1.7,3,83,2026-09-26
Москва (Балчуг),55.745,37.63,2026-09-28T14:00,15.6,69,0.0,1032.4,1.5,4,72,2026-09-26
Москва (Балчуг),55.745,37.63,2026-09-28T15:00,16.0,66,0.0,1032.2,1.4,4,66,2026-09-26
Москва (Балчуг),55.745,37.63,2026-09-28T16:00,16.0,63,0.0,1032.1,1.4,4,40,2026-09-26
Москва (Балчуг),55.745,37.63,2026-09-28T17:00,15.7,65,0.0,1032.5,1.41,8,38,2026-09-26
Москва (Балчуг),55.745,37.63,2026-09-28T18:00,14.7,69,0.0,1033.0,1.6,4,46,2026-09-26
Москва (Балчуг),55.745,37.63,2026-09-28T19:00,13.3,78,0.0,1033.4,1.71,7,25,2026-09-26
Москва (Балчуг),55.745,37.63,2026-09-28T20:00,12.4,81,0.0,1033.6,1.4,4,4,2026-09-26
Москва (Балчуг),55.745,37.63,2026-09-28T21:00,11.5,83,0.0,1033.8,1.3,360,5,2026-09-26
Москва (Балчуг),55.745,37.63,2026-09-28T22:00,10.9,84,0.0,1034.1,1.2,5,3,2026-09-26
Москва (Балчуг),55.745,37.63,2026-09-28T23:00,10.5,84,0.0,1034.3,0.92,13,0,2026-09-26
Москва (Балчуг),55.745,37.63,2026-09-29T00:00,10.0,86,0.0,1034.5,0.9,360,0,2026-09-26
Москва (Балчуг),55.745,37.63,2026-09-29T01:00,9.6,86,0.0,1034.7,1.0,360,0,2026-09-26
Москва (Балчуг),55.745,37.63,2026-09-29T02:00,9.3,87,0.0,1034.9,0.9,360,0,2026-09-26
Москва (Балчуг),55.745,37.63,2026-09-29T03:00,9.0,87,0.0,1035.3,0.81,353,1,2026-09-26
Москва (Балчуг),55.745,37.63,2026-09-29T04:00,8.8,88,0.0,1035.5,0.81,353,3,2026-09-26
Москва (Балчуг),55.745,37.63,2026-09-29T05:00,8.5,89,0.0,1035.6,0.82,346,0,2026-09-26
Москва (Балчуг),55.745,37.63,2026-09-29T06:00,8.4,89,0.0,1035.6,0.82,346,0,2026-09-26
Москва (Балчуг),55.745,37.63,2026-09-29T07:00,8.2,91,0.0,1035.7,0.95,342,0,2026-09-26
Москва (Балчуг),55.745,37.63,2026-09-29T08:00,8.6,91,0.0,1036.0,0.82,346,0,2026-09-26
Москва (Балчуг),55.745,37.63,2026-09-29T09:00,10.0,84,0.0,1036.2,0.81,353,2,2026-09-26
Москва (Балчуг),55.745,37.63,2026-09-29T10:00,11.7,78,0.0,1036.4,1.1,355,1,2026-09-26
Москва (Балчуг),55.745,37.63,2026-09-29T11:00,13.2,72,0.0,1036.1,1.02,349,9,2026-09-26
Москва (Балчуг),55.745,37.63,2026-09-29T12:00,14.3,63,0.0,1035.9,1.6,360,40,2026-09-26
Москва (Балчуг),55.745,37.63,2026-09-29T13:00,15.0,59,0.0,1035.7,1.61,353,37,2026-09-26
Москва (Балчуг),55.745,37.63,2026-09-29T14:00,15.5,57,0.0,1035.3,1.51,352,30,2026-09-26
Москва (Балчуг),55.745,37.63,2026-09-29T15:00,15.7,57,0.0,1035.0,1.43,348,25,2026-09-26
Москва (Балчуг),55.745,37.63,2026-09-29T16:00,15.7,56,0.0,1034.7,1.33,347,9,2026-09-26
Москва (Балчуг),55.745,37.63,2026-09-29T17:00,15.2,55,0.0,1034.6,1.22,351,4,2026-09-26
Москва (Балчуг),55.745,37.63,2026-09-29T18:00,14.2,63,0.0,1034.7,0.71,352,0,2026-09-26
Москва (Балчуг),55.745,37.63,2026-09-29T19:00,13.3,67,0.0,1034.8,0.73,344,0,2026-09-26
Москва (Балчуг),55.745,37.63,2026-09-29T20:00,12.6,69,0.0,1034.9,0.85,339,12,2026-09-26
Москва (Балчуг),55.745,37.63,2026-09-29T21:00,11.8,75,0.0,1035.3,0.86,324,12,2026-09-26
Москва (Балчуг),55.745,37.63,2026-09-29T22:00,11.5,77,0.0,1035.4,0.99,315,40,2026-09-26
Москва (Балчуг),55.745,37.63,2026-09-29T23:00,11.3,79,0.0,1035.5,1.08,304,67,2026-09-26
Москва (Балчуг),55.745,37.63,2026-09-30T00:00,11.1,80,0.0,1035.5,1.12,297,95,2026-09-26
Москва (Балчуг),55.745,37.63,2026-09-30T01:00,10.8,81,0.0,1035.5,1.08,292,85,2026-09-26
Москва (Балчуг),55.745,37.63,2026-09-30T02:00,10.4,81,0.0,1035.5,1.04,287,76,2026-09-26
Москва (Балчуг),55.745,37.63,2026-09-30T03:00,10.1,82,0.0,1035.5,1.02,281,66,2026-09-26
Москва (Балчуг),55.745,37.63,2026-09-30T04:00,9.7,84,0.0,1035.4,1.02,281,44,2026-09-26
Москва (Балчуг),55.745,37.63,2026-09-30T05:00,9.3,87,0.0,1035.4,1.04,287,22,2026-09-26
Москва (Балчуг),55.745,37.63,2026-09-30T06:00,9.2,88,0.0,1035.4,1.08,292,0,2026-09-26
Москва (Балчуг),55.745,37.63,2026-09-30T07:00,9.5,87,0.0,1035.7,1.17,301,0,2026-09-26
Москва (Балчуг),55.745,37.63,2026-09-30T08:00,10.0,83,0.0,1036.0,1.36,306,1,2026-09-26
Москва (Балчуг),55.745,37.63,2026-09-30T09:00,10.8,80,0.0,1036.3,1.56,315,1,2026-09-26
Москва (Балчуг),55.745,37.63,2026-09-30T10:00,12.0,76,0.0,1036.4,1.78,322,10,2026-09-26
Москва (Балчуг),55.745,37.63,2026-09-30T11:00,13.5,71,0.0,1036.3,1.97,330,20,2026-09-26
Москва (Балчуг),55.745,37.63,2026-09-30T12:00,14.7,68,0.0,1036.1,2.15,332,29,2026-09-26
Москва (Балчуг),55.745,37.63,2026-09-30T13:00,15.6,66,0.0,1035.7,2.33,335,32,2026-09-26
Москва (Балчуг),55.745,37.63,2026-09-30T14:00,16.3,65,0.0,1035.2,2.38,338,35,2026-09-26
Москва (Балчуг),55.745,37.63,2026-09-30T15:00,16.5,65,0.0,1034.8,2.47,339,38,2026-09-26
Москва (Балчуг),55.745,37.63,2026-09-30T16:00,16.0,66,0.0,1034.7,2.44,341,39,2026-09-26
Москва (Балчуг),55.745,37.63,2026-09-30T17:00,15.1,69,0.0,1034.7,2.34,340,41,2026-09-26
Москва (Балчуг),55.745,37.63,2026-09-30T18:00,14.1,72,0.0,1034.8,2.21,342,42,2026-09-26
Москва (Балчуг),55.745,37.63,2026-09-30T19:00,13.1,76,0.0,1035.1,2.09,343,29,2026-09-26
Москва (Балчуг),55.745,37.63,2026-09-30T20:00,12.0,80,0.0,1035.5,1.87,344,16,2026-09-26
Москва (Балчуг),55.745,37.63,2026-09-30T21:00,11.1,83,0.0,1035.8,1.75,347,3,2026-09-26
Москва (Балчуг),55.745,37.63,2026-09-30T22:00,10.4,85,0.0,1036.1,1.63,349,9,2026-09-26
Москва (Балчуг),55.745,37.63,2026-09-30T23:00,10.0,86,0.0,1036.3,1.61,353,15,2026-09-26
Москва (Балчуг),55.745,37.63,2026-10-01T00:00,9.5,87,0.0,1036.5,1.61,353,21,2026-09-26
Москва (Балчуг),55.745,37.63,2026-10-01T01:00,9.1,88,0.0,1036.6,1.61,353,25,2026-09-26
Москва (Балчуг),55.745,37.63,2026-10-01T02:00,8.6,88,0.0,1036.6,1.53,349,30,2026-09-26
Москва (Балчуг),55.745,37.63,2026-10-01T03:00,8.2,89,0.0,1036.7,1.53,349,34,2026-09-26
Москва (Балчуг),55.745,37.63,2026-10-01T04:00,7.7,90,0.0,1036.8,1.53,349,36,2026-09-26
Москва (Балчуг),55.745,37.63,2026-10-01T05:00,7.3,91,0.0,1037.0,1.53,349,37,2026-09-26
Москва (Балчуг),55.745,37.63,2026-10-01T06:00,7.1,91,0.0,1037.3,1.53,349,39,2026-09-26
Москва (Балчуг),55.745,37.63,2026-10-01T07:00,7.3,90,0.0,1037.8,1.61,353,43,2026-09-26
Москва (Балчуг),55.745,37.63,2026-10-01T08:00,7.8,87,0.0,1038.3,1.7,357,46,2026-09-26
Москва (Балчуг),55.745,37.63,2026-10-01T09:00,8.6,83,0.0,1038.7,1.9,360,50,2026-09-26
Москва (Балчуг),55.745,37.63,2026-10-01T10:00,9.9,76,0.0,1038.8,2.1,360,57,2026-09-26
Москва (Балчуг),55.745,37.63,2026-10-01T11:00,11.6,68,0.0,1038.7,2.4,360,65,2026-09-26
Москва (Балчуг),55.745,37.63,2026-10-01T12:00,12.9,62,0.0,1038.5,2.6,358,72,2026-09-26
Москва (Балчуг),55.745,37.63,2026-10-01T13:00,13.5,59,0.0,1038.2,2.63,356,62,2026-09-26
Москва (Балчуг),55.745,37.63,2026-10-01T14:00,13.8,58,0.0,1037.8,2.67,354,50,2026-09-26
Москва (Балчуг),55.745,37.63,2026-10-01T15:00,13.8,58,0.0,1037.5,2.61,351,39,2026-09-26
Москва (Балчуг),55.745,37.63,2026-10-01T16:00,13.5,59,0.0,1037.3,2.33,350,26,2026-09-26
Москва (Балчуг),55.745,37.63,2026-10-01T17:00,12.8,60,0.0,1037.2,1.94,348,13,2026-09-26
Москва (Балчуг),55.745,37.63,2026-10-01T18:00,12.0,63,0.0,1037.2,1.65,346,0,2026-09-26
Москва (Балчуг),55.745,37.63,2026-10-01T19:00,11.0,68,0.0,1037.4,1.46,344,2,2026-09-26
Москва (Балчуг),55.745,37.63,2026-10-01T20:00,9.9,75,0.0,1037.7,1.24,346,4,2026-09-26
Москва (Балчуг),55.745,37.63,2026-10-01T21:00,9.0,80,0.0,1037.9,1.14,345,6,2026-09-26
Москва (Балчуг),55.745,37.63,2026-10-01T22:00,8.4,83,0.0,1037.9,1.08,338,24,2026-09-26
Москва (Балчуг),55.745,37.63,2026-10-01T23:00,7.9,84,0.0,1037.9,1.0,323,41,2026-09-26
Москва (Балчуг),55.745,37.63,2026-10-02T00:00,7.6,85,0.0,1037.8,0.99,315,59,2026-09-26
Москва (Балчуг),55.745,37.63,2026-10-02T01:00,7.3,86,0.0,1037.7,1.0,307,64,2026-09-26
Москва (Балчуг),55.745,37.63,2026-10-02T02:00,7.1,87,0.0,1037.5,0.94,302,69,2026-09-26
Москва (Балчуг),55.745,37.63,2026-10-02T03:00,7.0,88,0.0,1037.3,0.98,294,74,2026-09-26
Москва (Балчуг),55.745,37.63,2026-10-02T04:00,6.9,88,0.0,1037.1,1.08,292,75,2026-09-26
Москва (Балчуг),55.745,37.63,2026-10-02T05:00,7.0,87,0.0,1036.9,1.3,293,75,2026-09-26
Москва (Балчуг),55.745,37.63,2026-10-02T06:00,7.2,86,0.0,1036.7,1.43,295,76,2026-09-26
Москва (Балчуг),55.745,37.63,2026-10-02T07:00,7.6,85,0.0,1036.6,1.57,297,77,2026-09-26
Москва (Балчуг),55.745,37.63,2026-10-02T08:00,8.1,83,0.0,1036.6,1.79,297,77,2026-09-26
Москва (Балчуг),55.745,37.63,2026-10-02T09:00,8.9,81,0.0,1036.4,1.92,298,78,2026-09-26
Москва (Балчуг),55.745,37.63,2026-10-02T10:00,10.1,78,0.0,1036.1,2.11,301,74,2026-09-26
Москва (Балчуг),55.745,37.63,2026-10-02T11:00,11.6,74,0.0,1035.6,2.3,304,71,2026-09-26
Москва (Балчуг),55.745,37.63,2026-10-02T12:00,12.8,69,0.0,1035.1,2.48,310,67,2026-09-26
Москва (Балчуг),55.745,37.63,2026-10-02T13:00,13.8,63,0.0,1034.5,2.69,315,68,2026-09-26
Москва (Балчуг),55.745,37.63,2026-10-02T14:00,14.5,56,0.0,1033.8,2.84,321,68,2026-09-26
Москва (Балчуг),55.745,37.63,2026-10-02T15:00,14.8,52,0.0,1033.3,2.94,325,69,2026-09-26
Москва (Балчуг),55.745,37.63,2026-10-02T16:00,14.5,54,0.0,1033.1,2.75,327,79,2026-09-26
Москва (Балчуг),55.745,37.63,2026-10-02T17:00,13.8,60,0.0,1033.0,2.28,331,90,2026-09-26
Москва (Балчуг),55.745,37.63,2026-10-02T18:00,13.1,66,0.0,1033.0,1.92,332,100,2026-09-26
Москва (Балчуг),55.745,37.63,2026-10-02T19:00,12.7,71,0.0,1032.9,1.79,333,100,2026-09-26
Москва (Балчуг),55.745,37.63,2026-10-02T20:00,12.2,75,0.0,1032.8,1.7,332,100,2026-09-26
Москва (Балчуг),55.745,37.63,2026-10-02T21:00,11.9,79,0.0,1032.8,1.57,333,100,2026-09-26
Москва (Балчуг),55.745,37.63,2026-10-02T22:00,11.6,83,0.0,1032.9,1.49,340,100,2026-09-26
Москва (Балчуг),55.745,37.63,2026-10-02T23:00,11.4,86,0.0,1033.0,1.43,348,100,2026-09-26
Москва (Балчуг),55.745,37.63,2026-10-03T00:00,11.2,88,0.0,1033.1,1.3,360,100,2026-09-26
Москва (Балчуг),55.745,37.63,2026-10-03T01:00,11.0,89,0.0,1033.2,1.21,24,100,2026-09-26
Москва (Балчуг),55.745,37.63,2026-10-03T02:00,10.7,90,0.0,1033.4,1.42,51,100,2026-09-26
Москва (Балчуг),55.745,37.63,2026-10-03T03:00,10.5,90,0.0,1033.6,1.75,66,100,2026-09-26
Москва (Балчуг),55.745,37.63,2026-10-03T04:00,10.1,90,0.0,1033.8,1.9,72,96,2026-09-26
Москва (Балчуг),55.745,37.63,2026-10-03T05:00,9.6,89,0.0,1034.1,1.96,75,92,2026-09-26
Москва (Балчуг),55.745,37.63,2026-10-03T06:00,9.2,88,0.0,1034.5,1.94,78,88,2026-09-26
Москва (Балчуг),55.745,37.63,2026-10-03T07:00,8.8,89,0.0,1035.0,1.92,81,84,2026-09-26
Москва (Балчуг),55.745,37.63,2026-10-03T08:00,8.5,89,0.0,1035.6,1.81,84,81,2026-09-26
Москва (Балчуг),55.745,37.63,2026-10-03T09:00,8.5,88,0.0,1036.1,1.7,87,77,2026-09-26
Москва (Балчуг),55.745,37.63,2026-10-03T10:00,9.1,83,0.0,1036.3,1.7,90,70,2026-09-26
Москва (Балчуг),55.745,37.63,2026-10-03T11:00,9.9,77,0.0,1036.4,1.7,90,64,2026-09-26
Москва (Балчуг),55.745,37.63,2026-10-03T12:00,10.6,70,0.0,1036.3,1.6,86,57,2026-09-26
Москва (Балчуг),55.745,37.63,2026-10-03T13:00,11.1,64,0.0,1036.1,1.55,75,63,2026-09-26
Москва (Балчуг),55.745,37.63,2026-10-03T14:00,11.5,58,0.0,1035.8,1.48,62,69,2026-09-26
Москва (Балчуг),55.745,37.63,2026-10-03T15:00,11.6,54,0.0,1035.6,1.56,50,75,2026-09-26
Москва (Балчуг),55.745,37.63,2026-10-03T16:00,11.3,54,0.0,1035.6,1.56,50,73,2026-09-26
Москва (Балчуг),55.745,37.63,2026-10-03T17:00,10.7,55,0.0,1035.8,1.56,50,71,2026-09-26
Москва (Балчуг),55.745,37.63,2026-10-03T18:00,10.1,58,0.0,1035.9,1.44,56,69,2026-09-26
Москва (Балчуг),55.745,37.63,2026-10-03T19:00,9.3,61,0.0,1036.0,1.21,66,50,2026-09-26
Москва (Балчуг),55.745,37.63,2026-10-03T20:00,8.5,65,0.0,1036.1,1.0,84,30,2026-09-26
Москва (Балчуг),55.745,37.63,2026-10-03T21:00,7.7,68,0.0,1036.3,0.92,103,11,2026-09-26
Москва (Балчуг),55.745,37.63,2026-10-03T22:00,6.9,70,0.0,1036.5,0.98,114,19,2026-09-26
Москва (Балчуг),55.745,37.63,2026-10-03T23:00,6.2,71,0.0,1036.7,0.98,114,27,2026-09-26
Москва (Балчуг),55.745,37.63,2026-10-04T00:00,5.5,71,0.0,1036.9,1.03,119,35,2026-09-26
Москва (Балчуг),55.745,37.63,2026-10-04T01:00,4.3,73,0.0,1036.9,0.98,152,18,2026-09-26
Москва (Балчуг),55.745,37.63,2026-10-04T02:00,3.3,74,0.0,1036.8,1.15,182,7,2026-09-26
Москва (Балчуг),55.745,37.63,2026-10-04T03:00,2.5,77,0.0,1036.5,1.49,209,1,2026-09-26
Москва (Балчуг),55.745,37.63,2026-10-04T04:00,1.9,81,0.0,1036.2,1.84,229,0,2026-09-26
Москва (Балчуг),55.745,37.63,2026-10-04T05:00,1.9,81,0.0,1036.1,1.84,229,0,2026-09-26
Москва (Балчуг),55.745,37.63,2026-10-04T06:00,2.0,81,0.0,1036.0,1.74,231,0,2026-09-26
Москва (Балчуг),55.745,37.63,2026-10-04T07:00,2.2,81,0.0,1035.9,1.64,232,0,2026-09-26
Москва (Балчуг),55.745,37.63,2026-10-04T08:00,2.7,80,0.0,1035.6,1.53,232,0,2026-09-26
Москва (Балчуг),55.745,37.63,2026-10-04T09:00,3.4,78,0.0,1035.3,1.53,232,0,2026-09-26
Москва (Балчуг),55.745,37.63,2026-10-04T10:00,4.5,75,0.0,1034.8,1.56,230,0,2026-09-26
Москва (Балчуг),55.745,37.63,2026-10-04T11:00,6.2,70,0.0,1034.2,1.67,229,0,2026-09-26
Москва (Балчуг),55.745,37.63,2026-10-04T12:00,8.0,65,0.0,1033.5,1.77,225,0,2026-09-26
Москва (Балчуг),55.745,37.63,2026-10-04T13:00,9.8,61,0.0,1032.8,1.87,224,0,2026-09-26
Москва (Балчуг),55.745,37.63,2026-10-04T14:00,11.3,58,0.0,1032.2,1.98,223,1,2026-09-26
Москва (Балчуг),55.745,37.63,2026-10-04T15:00,12.1,57,0.0,1031.6,2.12,223,4,2026-09-26
Москва (Балчуг),55.745,37.63,2026-10-04T16:00,12.3,58,0.0,1031.1,2.26,225,9,2026-09-26
Москва (Балчуг),55.745,37.63,2026-10-04T17:00,11.9,61,0.0,1030.7,2.41,227,15,2026-09-26
Москва (Балчуг),55.745,37.63,2026-10-04T18:00,11.2,65,0.0,1030.3,2.59,229,23,2026-09-26
Москва (Балчуг),55.745,37.63,2026-10-04T19:00,10.4,69,0.0,1029.9,2.7,231,30,2026-09-26
Москва (Балчуг),55.745,37.63,2026-10-04T20:00,9.6,74,0.0,1029.6,2.86,234,36,2026-09-26
Москва (Балчуг),55.745,37.63,2026-10-04T21:00,9.1,78,0.0,1029.2,2.91,235,40,2026-09-26
Москва (Балчуг),55.745,37.63,2026-10-04T22:00,8.7,81,0.0,1028.8,2.94,238,41,2026-09-26
Москва (Балчуг),55.745,37.63,2026-10-04T23:00,8.5,83,0.0,1028.4,2.91,241,40,2026-09-26
Москва (Балчуг),55.745,37.63,2026-10-05T00:00,8.2,85,0.0,1028.0,2.84,244,38,2026-09-26
Москва (Балчуг),55.745,37.63,2026-10-05T01:00,8.0,87,0.0,1027.6,2.78,247,36,2026-09-26
Москва (Балчуг),55.745,37.63,2026-10-05T02:00,7.9,88,0.0,1027.3,2.72,250,34,2026-09-26
Москва (Балчуг),55.745,37.63,2026-10-05T03:00,7.8,90,0.0,1026.9,2.7,251,34,2026-09-26
Москва (Балчуг),55.745,37.63,2026-10-05T04:00,7.8,91,0.0,1026.6,2.67,249,36,2026-09-26
Москва (Балчуг),55.745,37.63,2026-10-05T05:00,7.7,92,0.0,1026.2,2.62,246,39,2026-09-26
Москва (Балчуг),55.745,37.63,2026-10-05T06:00,7.7,93,0.0,1025.9,2.55,242,43,2026-09-26
Москва (Балчуг),55.745,37.63,2026-10-05T07:00,7.7,94,0.0,1025.6,2.51,239,48,2026-09-26
Москва (Балчуг),55.745,37.63,2026-10-05T08:00,8.0,93,0.0,1025.2,2.52,236,52,2026-09-26
Москва (Балчуг),55.745,37.63,2026-10-05T09:00,8.4,91,0.0,1024.8,2.5,237,55,2026-09-26
Москва (Балчуг),55.745,37.63,2026-10-05T10:00,9.2,87,0.0,1024.3,2.48,242,58,2026-09-26
Москва (Балчуг),55.745,37.63,2026-10-05T11:00,10.4,81,0.0,1023.7,2.55,250,61,2026-09-26
Москва (Балчуг),55.745,37.63,2026-10-05T12:00,11.7,74,0.0,1023.0,2.69,260,64,2026-09-26
Москва (Балчуг),55.745,37.63,2026-10-05T13:00,13.0,68,0.0,1022.4,2.85,268,66,2026-09-26
Москва (Балчуг),55.745,37.63,2026-10-05T14:00,14.0,64,0.0,1021.8,3.06,275,67,2026-09-26
Москва (Балчуг),55.745,37.63,2026-10-05T15:00,14.5,62,0.0,1021.4,3.22,277,67,2026-09-26
Москва (Балчуг),55.745,37.63,2026-10-05T16:00,14.5,62,0.0,1021.1,3.27,277,64,2026-09-26
Москва (Балчуг),55.745,37.63,2026-10-05T17:00,14.1,64,0.0,1020.9,3.26,275,58,2026-09-26
Москва (Балчуг),55.745,37.63,2026-10-05T18:00,13.4,67,0.0,1020.7,3.2,273,51,2026-09-26
Москва (Балчуг),55.745,37.63,2026-10-05T19:00,12.6,71,0.0,1020.6,3.1,269,44,2026-09-26
Москва (Балчуг),55.745,37.63,2026-10-05T20:00,11.9,74,0.0,1020.5,3.06,266,40,2026-09-26
Москва (Балчуг),55.745,37.63,2026-10-05T21:00,11.3,77,0.0,1020.3,3.02,263,40,2026-09-26
Москва (Балчуг),55.745,37.63,2026-10-05T22:00,10.9,80,0.0,1020.1,2.98,261,46,2026-09-26
Москва (Балчуг),55.745,37.63,2026-10-05T23:00,10.5,82,0.0,1019.8,2.99,260,56,2026-09-26
Москва (Балчуг),55.745,37.63,2026-10-06T00:00,10.2,84,0.0,1019.5,2.95,259,68,2026-09-26
Москва (Балчуг),55.745,37.63,2026-10-06T01:00,9.9,86,0.0,1019.3,2.97,257,81,2026-09-26
Москва (Балчуг),55.745,37.63,2026-10-06T02:00,9.7,87,0.0,1019.0,2.89,256,92,2026-09-26
Москва (Балчуг),55.745,37.63,2026-10-06T03:00,9.6,89,0.0,1018.8,2.85,255,100,2026-09-26
Москва (Балчуг),55.745,37.63,2026-10-06T04:00,9.6,90,0.0,1018.6,2.77,253,100,2026-09-26
Москва (Балчуг),55.745,37.63,2026-10-06T05:00,9.7,90,0.0,1018.5,2.61,250,100,2026-09-26
Москва (Балчуг),55.745,37.63,2026-10-06T06:00,9.9,91,0.0,1018.4,2.51,247,100,2026-09-26
Москва (Балчуг),55.745,37.63,2026-10-06T07:00,10.2,91,0.0,1018.3,2.35,243,100,2026-09-26
Москва (Балчуг),55.745,37.63,2026-10-06T08:00,10.5,90,0.0,1018.1,2.28,241,100,2026-09-26
Москва (Балчуг),55.745,37.63,2026-10-06T09:00,10.9,88,0.0,1017.9,2.26,239,100,2026-09-26
Москва (Балчуг),55.745,37.63,2026-10-06T10:00,11.3,85,0.0,1017.6,2.31,240,100,2026-09-26
Москва (Балчуг),55.745,37.63,2026-10-06T11:00,11.9,80,0.0,1017.1,2.44,242,100,2026-09-26
Москва (Балчуг),55.745,37.63,2026-10-06T12:00,12.5,76,0.0,1016.7,2.62,244,100,2026-09-26
Москва (Балчуг),55.745,37.63,2026-10-06T13:00,13.1,71,0.0,1016.2,2.78,247,100,2026-09-26
Москва (Балчуг),55.745,37.63,2026-10-06T14:00,13.6,68,0.0,1015.8,2.96,248,100,2026-09-26
Москва (Балчуг),55.745,37.63,2026-10-06T15:00,13.8,66,0.0,1015.4,3.08,250,100,2026-09-26
Москва (Балчуг),55.745,37.63,2026-10-06T16:00,13.7,66,0.0,1015.2,3.16,252,93,2026-09-26
Москва (Балчуг),55.745,37.63,2026-10-06T17:00,13.4,67,0.0,1015.0,3.23,254,82,2026-09-26
Москва (Балчуг),55.745,37.63,2026-10-06T18:00,13.0,69,0.0,1014.9,3.25,256,70,2026-09-26
Москва (Балчуг),55.745,37.63,2026-10-06T19:00,12.5,71,0.0,1014.7,3.29,257,58,2026-09-26
Москва (Балчуг),55.745,37.63,2026-10-06T20:00,12.0,73,0.0,1014.6,3.32,258,49,2026-09-26
Москва (Балчуг),55.745,37.63,2026-10-06T21:00,11.7,75,0.0,1014.3,3.34,257,46,2026-09-26
Москва (Балчуг),55.745,37.63,2026-10-06T22:00,11.5,76,0.0,1013.9,3.37,255,49,2026-09-26
Москва (Балчуг),55.745,37.63,2026-10-06T23:00,11.4,78,0.0,1013.4,3.4,250,58,2026-09-26
Москва (Балчуг),55.745,37.63,2026-10-07T00:00,11.3,80,0.0,1012.9,3.47,245,70,2026-09-26
Москва (Балчуг),55.745,37.63,2026-10-07T01:00,11.3,81,0.0,1012.4,3.56,241,82,2026-09-26
Москва (Балчуг),55.745,37.63,2026-10-07T02:00,11.3,82,0.0,1012.0,3.65,237,93,2026-09-26
Москва (Балчуг),55.745,37.63,2026-10-07T03:00,11.3,83,0.0,1011.6,3.73,235,100,2026-09-26
Москва (Балчуг),55.745,37.63,2026-10-07T04:00,11.5,84,0.0,1011.4,3.77,235,100,2026-09-26
Москва (Балчуг),55.745,37.63,2026-10-07T05:00,11.7,84,0.0,1011.2,3.8,237,100,2026-09-26
Москва (Балчуг),55.745,37.63,2026-10-07T06:00,11.9,85,0.0,1011.1,3.81,240,100,2026-09-26
Москва (Балчуг),55.745,37.63,2026-10-07T07:00,12.2,85,0.0,1011.0,3.82,243,100,2026-09-26
Москва (Балчуг),55.745,37.63,2026-10-07T08:00,12.5,84,0.0,1010.9,3.89,246,99,2026-09-26
Москва (Балчуг),55.745,37.63,2026-10-07T09:00,12.8,83,0.0,1010.8,3.97,247,98,2026-09-26
Москва (Балчуг),55.745,37.63,2026-10-07T10:00,13.2,81,0.0,1010.6,4.1,248,98,2026-09-26
Москва (Балчуг),55.745,37.63,2026-10-07T11:00,13.6,79,0.0,1010.5,4.28,247,98,2026-09-26
Москва (Балчуг),55.745,37.63,2026-10-07T12:00,14.0,75,0.0,1010.3,4.5,247,98,2026-09-26
Москва (Балчуг),55.745,37.63,2026-10-07T13:00,14.4,72,0.0,1010.1,4.68,247,98,2026-09-26
Москва (Балчуг),55.745,37.63,2026-10-07T14:00,14.7,70,0.0,1010.0,4.81,246,98,2026-09-26
Москва (Балчуг),55.745,37.63,2026-10-07T15:00,14.7,69,0.0,1010.0,4.86,246,98,2026-09-26
Москва (Балчуг),55.745,37.63,2026-10-07T16:00,14.5,69,0.0,1010.1,4.79,247,98,2026-09-26
Москва (Балчуг),55.745,37.63,2026-10-07T17:00,14.2,69,0.0,1010.3,4.64,248,97,2026-09-26
Москва (Балчуг),55.745,37.63,2026-10-07T18:00,13.7,71,0.0,1010.5,4.4,249,96,2026-09-26
Москва (Балчуг),55.745,37.63,2026-10-07T19:00,13.1,72,0.0,1010.8,4.21,250,96,2026-09-26
Москва (Балчуг),55.745,37.63,2026-10-07T20:00,12.6,74,0.0,1011.1,3.97,251,95,2026-09-26
Москва (Балчуг),55.745,37.63,2026-10-07T21:00,12.2,76,0.0,1011.3,3.75,251,95,2026-09-26
Москва (Балчуг),55.745,37.63,2026-10-07T22:00,11.8,77,0.0,1011.5,3.57,252,95,2026-09-26
Москва (Балчуг),55.745,37.63,2026-10-07T23:00,11.5,79,0.0,1011.8,3.35,253,96,2026-09-26
Москва (Балчуг),55.745,37.63,2026-10-08T00:00,11.2,81,0.0,1012.0,3.17,254,96,2026-09-26
Москва (Балчуг),55.745,37.63,2026-10-08T01:00,10.9,83,0.0,1012.2,2.96,254,97,2026-09-26
Москва (Балчуг),55.745,37.63,2026-10-08T02:00,10.6,85,0.0,1012.4,2.77,253,98,2026-09-26
Москва (Балчуг),55.745,37.63,2026-10-08T03:00,10.4,86,0.0,1012.6,2.59,251,98,2026-09-26
Москва (Балчуг),55.745,37.63,2026-10-08T04:00,10.2,88,0.0,1012.8,2.39,244,99,2026-09-26
Москва (Балчуг),55.745,37.63,2026-10-08T05:00,9.9,90,0.0,1013.0,2.22,234,100,2026-09-26
Москва (Балчуг),55.745,37.63,2026-10-08T06:00,9.6,92,0.0,1013.2,2.2,221,100,2026-09-26
Москва (Балчуг),55.745,37.63,2026-10-08T07:00,9.5,93,0.0,1013.3,2.31,210,100,2026-09-26
Москва (Балчуг),55.745,37.63,2026-10-08T08:00,9.6,92,0.0,1013.3,2.49,202,100,2026-09-26
Москва (Балчуг),55.745,37.63,2026-10-08T09:00,9.9,90,0.0,1013.3,2.72,200,97,2026-09-26
Москва (Балчуг),55.745,37.63,2026-10-08T10:00,10.7,86,0.0,1013.1,2.95,204,91,2026-09-26
Москва (Балчуг),55.745,37.63,2026-10-08T11:00,12.0,79,0.0,1012.8,3.28,211,83,2026-09-26
Москва (Балчуг),55.745,37.63,2026-10-08T12:00,13.5,72,0.0,1012.4,3.73,219,74,2026-09-26
Москва (Балчуг),55.745,37.63,2026-10-08T13:00,14.9,66,0.0,1011.9,4.17,225,64,2026-09-26
Москва (Балчуг),55.745,37.63,2026-10-08T14:00,16.0,61,0.0,1011.6,4.57,229,54,2026-09-26
Москва (Балчуг),55.745,37.63,2026-10-08T15:00,16.6,59,0.0,1011.3,4.76,230,45,2026-09-26
Москва (Балчуг),55.745,37.63,2026-10-08T16:00,16.6,59,0.0,1011.2,4.71,229,35,2026-09-26
Москва (Балчуг),55.745,37.63,2026-10-08T17:00,16.0,61,0.0,1011.1,4.49,225,24,2026-09-26
Москва (Балчуг),55.745,37.63,2026-10-08T18:00,15.2,65,0.0,1011.1,4.18,221,13,2026-09-26
Москва (Балчуг),55.745,37.63,2026-10-08T19:00,14.3,68,0.0,1011.2,3.88,215,4,2026-09-26
Москва (Балчуг),55.745,37.63,2026-10-08T20:00,13.4,72,0.0,1011.2,3.65,209,0,2026-09-26
Москва (Балчуг),55.745,37.63,2026-10-08T21:00,12.7,76,0.0,1011.2,3.49,204,0,2026-09-26
Москва (Балчуг),55.745,37.63,2026-10-08T22:00,12.2,78,0.0,1011.2,3.42,201,9,2026-09-26
Москва (Балчуг),55.745,37.63,2026-10-08T23:00,11.7,80,0.0,1011.1,3.38,199,26,2026-09-26
Москва (Балчуг),55.745,37.63,2026-10-09T00:00,11.3,82,0.0,1011.0,3.37,198,46,2026-09-26
Москва (Балчуг),55.745,37.63,2026-10-09T01:00,11.0,83,0.0,1011.0,3.35,197,67,2026-09-26
Москва (Балчуг),55.745,37.63,2026-10-09T02:00,10.7,85,0.0,1010.9,3.34,197,85,2026-09-26
Москва (Балчуг),55.745,37.63,2026-10-09T03:00,10.5,86,0.0,1010.9,3.26,195,97,2026-09-26
Москва (Балчуг),55.745,37.63,2026-10-09T04:00,10.3,87,0.0,1010.9,3.13,193,100,2026-09-26
Москва (Балчуг),55.745,37.63,2026-10-09T05:00,10.2,89,0.0,1010.9,2.99,190,100,2026-09-26
Москва (Балчуг),55.745,37.63,2026-10-09T06:00,10.2,89,0.0,1010.9,2.81,185,100,2026-09-26
Москва (Балчуг),55.745,37.63,2026-10-09T07:00,10.3,90,0.0,1011.0,2.65,181,99,2026-09-26
Москва (Балчуг),55.745,37.63,2026-10-09T08:00,10.5,89,0.0,1010.9,2.6,178,96,2026-09-26
Москва (Балчуг),55.745,37.63,2026-10-09T09:00,10.9,87,0.0,1010.9,2.6,177,94,2026-09-26
Москва (Балчуг),55.745,37.63,2026-10-09T10:00,11.6,82,0.0,1010.8,2.7,178,94,2026-09-26
Москва (Балчуг),55.745,37.63,2026-10-09T11:00,12.6,75,0.0,1010.6,2.95,180,95,2026-09-26
Москва (Балчуг),55.745,37.63,2026-10-09T12:00,13.8,68,0.0,1010.4,3.2,183,95,2026-09-26
Москва (Балчуг),55.745,37.63,2026-10-09T13:00,14.9,62,0.0,1010.2,3.47,186,95,2026-09-26
Москва (Балчуг),55.745,37.63,2026-10-09T14:00,15.7,58,0.0,1010.1,3.74,188,92,2026-09-26
Москва (Балчуг),55.745,37.63,2026-10-09T15:00,16.1,55,0.0,1010.0,3.91,190,86,2026-09-26
Москва (Балчуг),55.745,37.63,2026-10-09T16:00,16.0,55,0.0,1010.0,4.03,191,74,2026-09-26
Москва (Балчуг),55.745,37.63,2026-10-09T17:00,15.4,57,0.0,1010.1,4.1,193,56,2026-09-26
Москва (Балчуг),55.745,37.63,2026-10-09T18:00,14.6,59,0.0,1010.3,4.12,194,36,2026-09-26
Москва (Балчуг),55.745,37.63,2026-10-09T19:00,13.7,63,0.0,1010.5,4.15,195,18,2026-09-26
Москва (Балчуг),55.745,37.63,2026-10-09T20:00,12.8,66,0.0,1010.6,4.08,197,5,2026-09-26
Москва (Балчуг),55.745,37.63,2026-10-09T21:00,12.2,69,0.0,1010.8,3.97,199,0,2026-09-26
Москва (Балчуг),55.745,37.63,2026-10-09T22:00,11.9,71,0.0,1010.9,3.79,203,7,2026-09-26
Москва (Балчуг),55.745,37.63,2026-10-09T23:00,11.6,74,0.0,1011.0,3.58,207,23,2026-09-26
Москва (Балчуг),55.745,37.63,2026-10-10T00:00,11.4,77,0.0,1011.1,3.3,212,44,2026-09-26
Москва (Балчуг),55.745,37.63,2026-10-10T01:00,11.2,80,0.0,1011.2,3.06,218,66,2026-09-26
Москва (Балчуг),55.745,37.63,2026-10-10T02:00,11.1,82,0.0,1011.4,2.9,226,86,2026-09-26
Москва (Балчуг),55.745,37.63,2026-10-10T03:00,10.8,84,0.0,1011.7,2.79,234,99,2026-09-26
Москва (Балчуг),55.745,37.63,2026-10-10T04:00,10.5,85,0.0,1012.1,2.8,241,100,2026-09-26
Москва (Балчуг),55.745,37.63,2026-10-10T05:00,10.1,86,0.0,1012.6,2.79,249,100,2026-09-26
Москва (Балчуг),55.745,37.63,2026-10-10T06:00,9.6,87,0.0,1013.2,2.89,256,100,2026-09-26
Москва (Балчуг),55.745,37.63,2026-10-10T07:00,9.2,87,0.0,1013.8,3.03,262,100,2026-09-26
Москва (Балчуг),55.745,37.63,2026-10-10T08:00,9.0,86,0.0,1014.4,3.15,267,100,2026-09-26
Москва (Балчуг),55.745,37.63,2026-10-10T09:00,8.8,83,0.0,1014.9,3.25,271,100,2026-09-26
Москва (Балчуг),55.745,37.63,2026-10-10T10:00,8.9,80,0.0,1015.4,3.31,273,99,2026-09-26
Москва (Балчуг),55.745,37.63,2026-10-10T11:00,9.3,74,0.0,1015.8,3.37,276,97,2026-09-26
Москва (Балчуг),55.745,37.63,2026-10-10T12:00,9.7,68,0.0,1016.3,3.38,278,95,2026-09-26
Москва (Балчуг),55.745,37.63,2026-10-10T13:00,10.1,62,0.0,1016.7,3.39,279,93,2026-09-26
Москва (Балчуг),55.745,37.63,2026-10-10T14:00,10.4,58,0.0,1017.2,3.36,281,92,2026-09-26
Москва (Балчуг),55.745,37.63,2026-10-10T15:00,10.4,56,0.0,1017.6,3.28,282,91,2026-09-26
Москва (Балчуг),55.745,37.63,2026-10-10T16:00,10.2,55,0.0,1018.1,3.14,284,93,2026-09-26
Москва (Балчуг),55.745,37.63,2026-10-10T17:00,9.8,56,0.0,1018.6,2.96,286,96,2026-09-26
Москва (Балчуг),55.745,37.63,2026-10-10T18:00,9.3,57,0.0,1019.1,2.74,288,100,2026-09-26
Москва (Балчуг),55.745,37.63,2026-10-10T19:00,8.7,60,0.0,1019.6,2.5,290,100,2026-09-26
Москва (Балчуг),55.745,37.63,2026-10-10T20:00,8.1,62,0.0,1020.0,2.27,292,100,2026-09-26
Москва (Балчуг),55.745,37.63,2026-10-10T21:00,7.6,64,0.0,1020.4,2.08,294,99,2026-09-26
Москва (Балчуг),55.745,37.63,2026-10-10T22:00,7.0,67,0.0,1020.7,1.88,295,88,2026-09-26
Москва (Балчуг),55.745,37.63,2026-10-10T23:00,6.3,71,0.0,1021.0,1.72,296,71,2026-09-26
Москва (Балчуг),55.745,37.63,2026-10-11T00:00,5.6,75,0.0,1021.3,1.57,297,51,2026-09-26
Москва (Балчуг),55.745,37.63,2026-10-11T01:00,6.1,79,0.0,1022.5,1.82,284,38,2026-09-26
Москва (Балчуг),55.745,37.63,2026-10-11T02:00,6.7,82,0.0,1023.1,2.27,269,48,2026-09-26
Москва (Балчуг),55.745,37.63,2026-10-11T03:00,7.7,83,0.0,1023.2,2.91,253,76,2026-09-26
Москва (Балчуг),55.745,37.63,2026-10-11T04:00,8.7,84,0.0,1023.0,3.77,238,100,2026-09-26
Москва (Балчуг),55.745,37.63,2026-10-11T05:00,8.7,85,0.0,1022.3,4.0,238,100,2026-09-26
Москва (Балчуг),55.745,37.63,2026-10-11T06:00,8.7,84,0.0,1021.7,4.3,239,100,2026-09-26
Москва (Балчуг),55.745,37.63,2026-10-11T07:00,9.1,79,0.0,1021.2,4.43,242,100,2026-09-26
Москва (Балчуг),55.745,37.63,2026-10-11T08:00,9.5,72,0.0,1020.7,4.61,246,100,2026-09-26
Москва (Балчуг),55.745,37.63,2026-10-11T09:00,9.9,67,0.0,1020.3,4.75,248,100,2026-09-26
Москва (Балчуг),55.745,37.63,2026-10-11T10:00,10.1,67,0.2,1019.8,4.92,246,100,2026-09-26
Москва (Балчуг),55.745,37.63,2026-10-11T11:00,10.2,70,0.2,1019.4,5.14,243,100,2026-09-26
Москва (Балчуг),55.745,37.63,2026-10-11T12:00,10.2,73,0.2,1018.9,5.32,242,100,2026-09-26
Москва (Балчуг),55.745,37.63,2026-10-11T13:00,10.2,75,0.1,1018.4,5.64,245,100,2026-09-26
Москва (Балчуг),55.745,37.63,2026-10-11T14:00,10.2,77,0.1,1017.9,5.98,249,100,2026-09-26
Москва (Балчуг),55.745,37.63,2026-10-11T15:00,10.2,78,0.1,1017.5,6.04,254,100,2026-09-26
Москва (Балчуг),55.745,37.63,2026-10-11T16:00,10.3,79,0.0,1017.4,5.75,257,100,2026-09-26
Москва (Балчуг),55.745,37.63,2026-10-11T17:00,10.5,80,0.0,1017.5,5.28,260,100,2026-09-26
Москва (Балчуг),55.745,37.63,2026-10-11T18:00,10.6,81,0.0,1017.6,4.93,264,100,2026-09-26
Москва (Балчуг),55.745,37.63,2026-10-11T19:00,10.7,83,0.0,1017.7,4.7,268,99,2026-09-26
Москва (Балчуг),55.745,37.63,2026-10-11T20:00,10.8,85,0.0,1017.8,4.6,271,98,2026-09-26
Москва (Балчуг),55.745,37.63,2026-10-11T21:00,10.8,87,0.0,1017.9,4.52,275,98,2026-09-26
Москва (Балчуг),55.745,37.63,2026-10-11T22:00,10.9,89,0.0,1018.1,4.39,282,98,2026-09-26
Москва (Балчуг),55.745,37.63,2026-10-11T23:00,11.1,90,0.0,1018.3,4.43,288,99,2026-09-26
Клин,56.35,36.75,2026-09-26T00:00,9.2,96,0.0,1026.2,2.21,162,90,2026-09-26
Клин,56.35,36.75,2026-09-26T01:00,9.0,96,0.0,1025.9,2.34,160,86,2026-09-26
Клин,56.35,36.75,2026-09-26T02:00,8.9,96,0.0,1026.2,2.44,161,88,2026-09-26
Клин,56.35,36.75,2026-09-26T03:00,8.7,96,0.0,1026.6,2.28,157,89,2026-09-26
Клин,56.35,36.75,2026-09-26T04:00,8.6,95,0.0,1027.0,2.44,161,96,2026-09-26
Клин,56.35,36.75,2026-09-26T05:00,8.2,96,0.0,1027.1,2.25,159,94,2026-09-26
Клин,56.35,36.75,2026-09-26T06:00,8.2,98,0.0,1027.6,2.19,156,87,2026-09-26
Клин,56.35,36.75,2026-09-26T07:00,8.0,98,0.0,1027.7,2.19,156,81,2026-09-26
Клин,56.35,36.75,2026-09-26T08:00,8.8,93,0.0,1028.0,3.16,162,76,2026-09-26
Клин,56.35,36.75,2026-09-26T09:00,9.8,89,0.0,1028.6,2.94,162,85,2026-09-26
Клин,56.35,36.75,2026-09-26T10:00,11.5,80,0.0,1028.7,2.91,164,68,2026-09-26
Клин,56.35,36.75,2026-09-26T11:00,13.5,70,0.0,1028.2,3.18,167,52,2026-09-26
Клин,56.35,36.75,2026-09-26T12:00,14.2,68,0.0,1028.2,3.16,162,53,2026-09-26
Клин,56.35,36.75,2026-09-26T13:00,15.1,61,0.0,1028.1,2.91,176,70,2026-09-26
Клин,56.35,36.75,2026-09-26T14:00,15.3,61,0.0,1027.4,2.73,172,73,2026-09-26
Клин,56.35,36.75,2026-09-26T15:00,15.9,58,0.0,1028.3,2.55,169,45,2026-09-26
Клин,56.35,36.75,2026-09-26T16:00,15.6,63,0.0,1027.8,2.53,162,34,2026-09-26
Клин,56.35,36.75,2026-09-26T17:00,14.8,67,0.0,1027.5,1.7,152,37,2026-09-26
Клин,56.35,36.75,2026-09-26T18:00,13.1,76,0.0,1027.4,1.58,145,14,2026-09-26
Клин,56.35,36.75,2026-09-26T19:00,11.5,83,0.0,1027.5,1.61,150,37,2026-09-26
Клин,56.35,36.75,2026-09-26T20:00,10.7,86,0.0,1027.9,1.66,155,10,2026-09-26
Клин,56.35,36.75,2026-09-26T21:00,10.3,88,0.0,1028.0,1.71,159,38,2026-09-26
Клин,56.35,36.75,2026-09-26T22:00,10.2,89,0.0,1028.3,1.68,163,54,2026-09-26
Клин,56.35,36.75,2026-09-26T23:00,10.0,89,0.0,1028.5,1.63,169,68,2026-09-26
Клин,56.35,36.75,2026-09-27T00:00,9.8,89,0.0,1028.5,1.63,169,34,2026-09-26
Клин,56.35,36.75,2026-09-27T01:00,9.4,90,0.0,1028.2,1.63,169,2,2026-09-26
Клин,56.35,36.75,2026-09-27T02:00,9.0,90,0.0,1028.2,1.63,169,6,2026-09-26
Клин,56.35,36.75,2026-09-27T03:00,8.9,90,0.0,1028.0,1.81,174,0,2026-09-26
Клин,56.35,36.75,2026-09-27T04:00,8.8,90,0.0,1028.3,1.8,177,4,2026-09-26
Клин,56.35,36.75,2026-09-27T05:00,8.7,90,0.0,1028.4,1.8,177,9,2026-09-26
Клин,56.35,36.75,2026-09-27T06:00,8.5,91,0.0,1028.4,1.8,180,15,2026-09-26
Клин,56.35,36.75,2026-09-27T07:00,8.5,90,0.0,1028.5,1.8,180,34,2026-09-26
Клин,56.35,36.75,2026-09-27T08:00,9.7,85,0.0,1028.3,1.9,180,78,2026-09-26
Клин,56.35,36.75,2026-09-27T09:00,11.1,80,0.0,1028.3,2.2,180,69,2026-09-26
Клин,56.35,36.75,2026-09-27T10:00,12.9,74,0.0,1028.1,2.41,185,52,2026-09-26
Клин,56.35,36.75,2026-09-27T11:00,14.7,70,0.0,1028.1,2.42,187,62,2026-09-26
Клин,56.35,36.75,2026-09-27T12:00,15.8,68,0.0,1027.8,2.35,192,72,2026-09-26
Клин,56.35,36.75,2026-09-27T13:00,16.5,64,0.0,1028.0,2.73,208,78,2026-09-26
Клин,56.35,36.75,2026-09-27T14:00,16.4,64,0.0,1027.9,2.61,212,99,2026-09-26
Клин,56.35,36.75,2026-09-27T15:00,16.1,66,0.0,1028.0,2.25,212,98,2026-09-26
Клин,56.35,36.75,2026-09-27T16:00,15.6,72,0.0,1028.2,2.08,235,97,2026-09-26
Клин,56.35,36.75,2026-09-27T17:00,14.3,84,0.2,1028.3,1.53,259,100,2026-09-26
Клин,56.35,36.75,2026-09-27T18:00,13.4,91,0.2,1028.4,0.78,230,100,2026-09-26
Клин,56.35,36.75,2026-09-27T19:00,12.8,93,0.1,1028.7,1.12,243,99,2026-09-26
Клин,56.35,36.75,2026-09-27T20:00,12.3,95,0.2,1029.1,1.12,243,99,2026-09-26
Клин,56.35,36.75,2026-09-27T21:00,12.0,95,0.2,1029.4,1.08,236,100,2026-09-26
Клин,56.35,36.75,2026-09-27T22:00,11.7,96,0.2,1029.7,1.12,243,100,2026-09-26
Клин,56.35,36.75,2026-09-27T23:00,11.5,97,0.1,1029.9,0.98,246,96,2026-09-26
Клин,56.35,36.75,2026-09-28T00:00,11.2,98,0.0,1030.2,1.0,264,90,2026-09-26
Клин,56.35,36.75,2026-09-28T01:00,10.7,98,0.0,1030.6,0.73,254,89,2026-09-26
Клин,56.35,36.75,2026-09-28T02:00,10.6,98,0.0,1031.0,0.61,261,95,2026-09-26
Клин,56.35,36.75,2026-09-28T03:00,10.6,98,0.0,1031.3,0.6,270,96,2026-09-26
Клин,56.35,36.75,2026-09-28T04:00,10.4,99,0.0,1031.7,0.76,293,87,2026-09-26
Клин,56.35,36.75,2026-09-28T05:00,10.1,97,0.0,1031.9,0.5,323,91,2026-09-26
Клин,56.35,36.75,2026-09-28T06:00,10.2,97,0.0,1031.9,0.85,339,92,2026-09-26
Клин,56.35,36.75,2026-09-28T07:00,10.3,98,0.0,1032.1,0.5,360,85,2026-09-26
Клин,56.35,36.75,2026-09-28T08:00,10.8,97,0.0,1032.5,0.61,351,84,2026-09-26
Клин,56.35,36.75,2026-09-28T09:00,11.2,94,0.0,1033.0,1.2,360,77,2026-09-26
Клин,56.35,36.75,2026-09-28T10:00,11.7,93,0.0,1033.3,1.53,349,78,2026-09-26
Клин,56.35,36.75,2026-09-28T11:00,12.4,87,0.0,1033.6,1.77,344,61,2026-09-26
Клин,56.35,36.75,2026-09-28T12:00,13.3,80,0.0,1033.7,1.91,354,58,2026-09-26
Клин,56.35,36.75,2026-09-28T13:00,14.1,71,0.0,1033.5,1.92,351,42,2026-09-26
Клин,56.35,36.75,2026-09-28T14:00,14.3,66,0.0,1033.2,2.04,349,38,2026-09-26
Клин,56.35,36.75,2026-09-28T15:00,14.3,64,0.0,1033.2,1.96,345,29,2026-09-26
Клин,56.35,36.75,2026-09-28T16:00,13.9,66,0.0,1033.1,1.92,351,29,2026-09-26
Клин,56.35,36.75,2026-09-28T17:00,13.1,71,0.0,1033.5,1.61,353,17,2026-09-26
Клин,56.35,36.75,2026-09-28T18:00,11.6,80,0.0,1033.9,0.73,344,0,2026-09-26
Клин,56.35,36.75,2026-09-28T19:00,10.3,79,0.0,1034.1,0.72,326,7,2026-09-26
Клин,56.35,36.75,2026-09-28T20:00,9.4,80,0.0,1034.2,0.82,346,1,2026-09-26
Клин,56.35,36.75,2026-09-28T21:00,8.8,82,0.0,1034.4,0.8,360,0,2026-09-26
Клин,56.35,36.75,2026-09-28T22:00,8.2,84,0.0,1034.5,0.45,27,0,2026-09-26
Клин,56.35,36.75,2026-09-28T23:00,7.6,87,0.0,1034.8,0.32,18,0,2026-09-26
Клин,56.35,36.75,2026-09-29T00:00,7.0,90,0.0,1035.0,0.22,333,0,2026-09-26
Клин,56.35,36.75,2026-09-29T01:00,6.5,92,0.0,1035.3,0.22,297,18,2026-09-26
Клин,56.35,36.75,2026-09-29T02:00,6.0,95,0.0,1035.5,0.41,256,13,2026-09-26
Клин,56.35,36.75,2026-09-29T03:00,5.5,98,0.0,1035.8,0.45,243,4,2026-09-26
Клин,56.35,36.75,2026-09-29T04:00,5.1,100,0.0,1036.1,0.5,270,31,2026-09-26
Клин,56.35,36.75,2026-09-29T05:00,4.8,100,0.0,1036.2,0.32,288,59,2026-09-26
Клин,56.35,36.75,2026-09-29T06:00,4.7,100,0.0,1036.3,0.41,284,72,2026-09-26
Клин,56.35,36.75,2026-09-29T07:00,4.8,100,0.0,1036.4,0.5,270,79,2026-09-26
Клин,56.35,36.75,2026-09-29T08:00,5.6,100,0.0,1036.6,0.54,248,100,2026-09-26
Клин,56.35,36.75,2026-09-29T09:00,7.4,96,0.0,1036.8,0.32,288,76,2026-09-26
Клин,56.35,36.75,2026-09-29T10:00,10.4,85,0.0,1037.0,0.45,297,5,2026-09-26
Клин,56.35,36.75,2026-09-29T11:00,12.8,74,0.0,1036.6,0.85,315,15,2026-09-26
Клин,56.35,36.75,2026-09-29T12:00,14.1,67,0.0,1036.3,1.25,331,46,2026-09-26
Клин,56.35,36.75,2026-09-29T13:00,14.8,63,0.0,1036.0,1.3,337,46,2026-09-26
Клин,56.35,36.75,2026-09-29T14:00,15.1,62,0.0,1035.6,1.3,328,39,2026-09-26
Клин,56.35,36.75,2026-09-29T15:00,15.3,60,0.0,1035.3,1.2,318,30,2026-09-26
Клин,56.35,36.75,2026-09-29T16:00,15.0,60,0.0,1035.2,1.35,312,23,2026-09-26
Клин,56.35,36.75,2026-09-29T17:00,14.0,70,0.0,1035.0,0.86,306,0,2026-09-26
Клин,56.35,36.75,2026-09-29T18:00,12.3,74,0.0,1035.0,0.63,288,4,2026-09-26
Клин,56.35,36.75,2026-09-29T19:00,10.8,76,0.0,1035.1,0.73,286,100,2026-09-26
Клин,56.35,36.75,2026-09-29T20:00,9.9,78,0.0,1035.2,0.67,243,100,2026-09-26
Клин,56.35,36.75,2026-09-29T21:00,9.5,80,0.0,1035.2,0.81,210,100,2026-09-26
Клин,56.35,36.75,2026-09-29T22:00,9.3,81,0.0,1035.4,0.85,225,100,2026-09-26
Клин,56.35,36.75,2026-09-29T23:00,9.4,81,0.0,1035.6,0.89,243,99,2026-09-26
Клин,56.35,36.75,2026-09-30T00:00,9.4,81,0.0,1035.7,1.02,259,99,2026-09-26
Клин,56.35,36.75,2026-09-30T01:00,9.1,83,0.0,1035.7,1.1,265,85,2026-09-26
Клин,56.35,36.75,2026-09-30T02:00,8.7,85,0.0,1035.6,1.2,270,70,2026-09-26
Клин,56.35,36.75,2026-09-30T03:00,8.3,86,0.0,1035.6,1.2,270,56,2026-09-26
Клин,56.35,36.75,2026-09-30T04:00,7.8,86,0.0,1035.6,1.2,270,47,2026-09-26
Клин,56.35,36.75,2026-09-30T05:00,7.3,86,0.0,1035.6,1.2,270,37,2026-09-26
Клин,56.35,36.75,2026-09-30T06:00,7.2,86,0.0,1035.7,1.2,275,28,2026-09-26
Клин,56.35,36.75,2026-09-30T07:00,7.8,87,0.0,1036.1,1.24,284,20,2026-09-26
Клин,56.35,36.75,2026-09-30T08:00,8.7,88,0.0,1036.6,1.3,293,12,2026-09-26
Клин,56.35,36.75,2026-09-30T09:00,9.9,87,0.0,1036.9,1.44,304,4,2026-09-26
Клин,56.35,36.75,2026-09-30T10:00,11.3,84,0.0,1037.0,1.72,324,28,2026-09-26
Клин,56.35,36.75,2026-09-30T11:00,12.8,79,0.0,1036.9,2.21,342,53,2026-09-26
Клин,56.35,36.75,2026-09-30T12:00,14.0,75,0.0,1036.8,2.57,347,77,2026-09-26
Клин,56.35,36.75,2026-09-30T13:00,14.7,73,0.0,1036.5,2.62,342,68,2026-09-26
Клин,56.35,36.75,2026-09-30T14:00,15.1,71,0.0,1036.2,2.59,332,60,2026-09-26
Клин,56.35,36.75,2026-09-30T15:00,15.0,71,0.0,1035.9,2.52,326,51,2026-09-26
Клин,56.35,36.75,2026-09-30T16:00,14.3,73,0.0,1035.8,2.16,326,61,2026-09-26
Клин,56.35,36.75,2026-09-30T17:00,13.3,77,0.0,1035.7,1.75,329,71,2026-09-26
Клин,56.35,36.75,2026-09-30T18:00,12.2,80,0.0,1035.8,1.34,333,81,2026-09-26
Клин,56.35,36.75,2026-09-30T19:00,11.1,82,0.0,1036.0,1.21,336,57,2026-09-26
Клин,56.35,36.75,2026-09-30T20:00,10.0,84,0.0,1036.3,1.3,337,32,2026-09-26
Клин,56.35,36.75,2026-09-30T21:00,9.0,86,0.0,1036.6,1.26,342,8,2026-09-26
Клин,56.35,36.75,2026-09-30T22:00,8.4,87,0.0,1036.9,1.24,346,14,2026-09-26
Клин,56.35,36.75,2026-09-30T23:00,7.9,88,0.0,1037.1,1.12,350,20,2026-09-26
Клин,56.35,36.75,2026-10-01T00:00,7.4,88,0.0,1037.3,1.1,355,26,2026-09-26
Клин,56.35,36.75,2026-10-01T01:00,6.9,88,0.0,1037.4,1.1,355,33,2026-09-26
Клин,56.35,36.75,2026-10-01T02:00,6.4,89,0.0,1037.6,1.02,349,41,2026-09-26
Клин,56.35,36.75,2026-10-01T03:00,6.0,89,0.0,1037.7,1.02,349,48,2026-09-26
Клин,56.35,36.75,2026-10-01T04:00,5.3,89,0.0,1037.9,1.02,349,61,2026-09-26
Клин,56.35,36.75,2026-10-01T05:00,4.7,89,0.0,1038.0,1.12,350,73,2026-09-26
Клин,56.35,36.75,2026-10-01T06:00,4.5,89,0.0,1038.3,1.12,350,86,2026-09-26
Клин,56.35,36.75,2026-10-01T07:00,5.0,89,0.0,1038.8,1.02,349,86,2026-09-26
Клин,56.35,36.75,2026-10-01T08:00,6.0,90,0.0,1039.3,1.0,354,87,2026-09-26
Клин,56.35,36.75,2026-10-01T09:00,7.3,88,0.0,1039.7,1.0,354,87,2026-09-26
Клин,56.35,36.75,2026-10-01T10:00,9.0,82,0.0,1039.8,1.3,356,86,2026-09-26
Клин,56.35,36.75,2026-10-01T11:00,10.9,74,0.0,1039.7,1.7,357,84,2026-09-26
Клин,56.35,36.75,2026-10-01T12:00,12.4,67,0.0,1039.5,2.0,357,83,2026-09-26
Клин,56.35,36.75,2026-10-01T13:00,13.2,62,0.0,1039.1,2.26,355,62,2026-09-26
Клин,56.35,36.75,2026-10-01T14:00,13.6,58,0.0,1038.6,2.36,355,38,2026-09-26
Клин,56.35,36.75,2026-10-01T15:00,13.6,55,0.0,1038.3,2.47,353,12,2026-09-26
Клин,56.35,36.75,2026-10-01T16:00,12.8,60,0.0,1038.1,2.14,349,6,2026-09-26
Клин,56.35,36.75,2026-10-01T17:00,11.4,69,0.0,1038.0,1.55,345,4,2026-09-26
Клин,56.35,36.75,2026-10-01T18:00,10.0,76,0.0,1038.0,1.21,336,1,2026-09-26
Клин,56.35,36.75,2026-10-01T19:00,8.9,79,0.0,1038.1,1.12,333,2,2026-09-26
Клин,56.35,36.75,2026-10-01T20:00,8.0,81,0.0,1038.2,1.03,331,2,2026-09-26
Клин,56.35,36.75,2026-10-01T21:00,7.1,82,0.0,1038.3,1.03,331,3,2026-09-26
Клин,56.35,36.75,2026-10-01T22:00,6.5,83,0.0,1038.3,0.92,319,11,2026-09-26
Клин,56.35,36.75,2026-10-01T23:00,6.1,84,0.0,1038.2,1.0,307,18,2026-09-26
Клин,56.35,36.75,2026-10-02T00:00,5.8,85,0.0,1038.1,0.98,294,26,2026-09-26
Клин,56.35,36.75,2026-10-02T01:00,5.4,87,0.0,1038.0,1.04,287,20,2026-09-26
Клин,56.35,36.75,2026-10-02T02:00,5.2,88,0.0,1037.8,1.22,279,15,2026-09-26
Клин,56.35,36.75,2026-10-02T03:00,4.9,90,0.0,1037.6,1.32,279,9,2026-09-26
Клин,56.35,36.75,2026-10-02T04:00,4.6,92,0.0,1037.4,1.4,274,18,2026-09-26
Клин,56.35,36.75,2026-10-02T05:00,4.2,93,0.0,1037.3,1.4,274,28,2026-09-26
Клин,56.35,36.75,2026-10-02T06:00,4.4,93,0.0,1037.1,1.5,274,37,2026-09-26
Клин,56.35,36.75,2026-10-02T07:00,5.4,92,0.0,1037.0,1.61,277,39,2026-09-26
Клин,56.35,36.75,2026-10-02T08:00,6.8,89,0.0,1037.0,1.65,284,40,2026-09-26
Клин,56.35,36.75,2026-10-02T09:00,8.4,85,0.0,1036.8,1.84,292,42,2026-09-26
Клин,56.35,36.75,2026-10-02T10:00,10.0,78,0.0,1036.5,2.16,304,44,2026-09-26
Клин,56.35,36.75,2026-10-02T11:00,11.8,70,0.0,1036.1,2.62,313,45,2026-09-26
Клин,56.35,36.75,2026-10-02T12:00,13.1,64,0.0,1035.6,2.97,318,47,2026-09-26
Клин,56.35,36.75,2026-10-02T13:00,13.9,60,0.0,1035.1,3.12,320,62,2026-09-26
Клин,56.35,36.75,2026-10-02T14:00,14.3,58,0.0,1034.5,3.14,323,76,2026-09-26
Клин,56.35,36.75,2026-10-02T15:00,14.3,59,0.0,1034.1,3.0,323,91,2026-09-26
Клин,56.35,36.75,2026-10-02T16:00,13.7,64,0.0,1033.9,2.48,320,92,2026-09-26
Клин,56.35,36.75,2026-10-02T17:00,12.6,71,0.0,1033.8,1.77,317,92,2026-09-26
Клин,56.35,36.75,2026-10-02T18:00,11.7,77,0.0,1033.7,1.35,312,93,2026-09-26
Клин,56.35,36.75,2026-10-02T19:00,11.2,80,0.0,1033.6,1.35,318,93,2026-09-26
Клин,56.35,36.75,2026-10-02T20:00,10.8,82,0.0,1033.5,1.58,325,92,2026-09-26
Клин,56.35,36.75,2026-10-02T21:00,10.5,84,0.0,1033.5,1.75,329,92,2026-09-26
Клин,56.35,36.75,2026-10-02T22:00,10.3,87,0.0,1033.6,1.7,332,95,2026-09-26
Клин,56.35,36.75,2026-10-02T23:00,10.2,90,0.0,1033.7,1.66,335,97,2026-09-26
Клин,56.35,36.75,2026-10-03T00:00,10.2,93,0.0,1033.8,1.49,340,100,2026-09-26
Клин,56.35,36.75,2026-10-03T01:00,10.1,95,0.0,1033.9,1.32,351,100,2026-09-26
Клин,56.35,36.75,2026-10-03T02:00,10.1,96,0.0,1033.9,1.2,5,100,2026-09-26
Клин,56.35,36.75,2026-10-03T03:00,10.0,97,0.0,1034.0,1.04,17,100,2026-09-26
Клин,56.35,36.75,2026-10-03T04:00,9.7,97,0.0,1034.1,0.89,27,97,2026-09-26
Клин,56.35,36.75,2026-10-03T05:00,9.4,97,0.0,1034.2,0.72,34,93,2026-09-26
Клин,56.35,36.75,2026-10-03T06:00,9.1,96,0.0,1034.4,0.72,56,90,2026-09-26
Клин,56.35,36.75,2026-10-03T07:00,8.9,95,0.0,1034.9,1.1,85,91,2026-09-26
Клин,56.35,36.75,2026-10-03T08:00,8.7,93,0.0,1035.4,1.63,101,93,2026-09-26
Клин,56.35,36.75,2026-10-03T09:00,8.8,90,0.0,1035.9,2.06,104,94,2026-09-26
Клин,56.35,36.75,2026-10-03T10:00,9.4,85,0.0,1036.1,2.09,107,88,2026-09-26
Клин,56.35,36.75,2026-10-03T11:00,10.4,79,0.0,1036.2,1.87,106,82,2026-09-26
Клин,56.35,36.75,2026-10-03T12:00,11.2,73,0.0,1036.2,1.65,104,76,2026-09-26
Клин,56.35,36.75,2026-10-03T13:00,11.7,68,0.0,1036.0,1.53,101,73,2026-09-26
Клин,56.35,36.75,2026-10-03T14:00,12.0,64,0.0,1035.7,1.4,94,69,2026-09-26
Клин,56.35,36.75,2026-10-03T15:00,12.0,63,0.0,1035.5,1.3,86,66,2026-09-26
Клин,56.35,36.75,2026-10-03T16:00,11.4,66,0.0,1035.6,1.24,76,67,2026-09-26
Клин,56.35,36.75,2026-10-03T17:00,10.5,73,0.0,1035.7,1.17,70,68,2026-09-26
Клин,56.35,36.75,2026-10-03T18:00,9.5,78,0.0,1035.9,1.17,70,69,2026-09-26
Клин,56.35,36.75,2026-10-03T19:00,8.5,81,0.0,1036.0,1.1,85,63,2026-09-26
Клин,56.35,36.75,2026-10-03T20:00,7.3,83,0.0,1036.0,1.14,105,58,2026-09-26
Клин,56.35,36.75,2026-10-03T21:00,6.3,85,0.0,1036.1,1.25,119,52,2026-09-26
Клин,56.35,36.75,2026-10-03T22:00,5.5,86,0.0,1036.3,1.28,129,47,2026-09-26
Клин,56.35,36.75,2026-10-03T23:00,4.7,86,0.0,1036.5,1.2,138,41,2026-09-26
Клин,56.35,36.75,2026-10-04T00:00,4.1,86,0.0,1036.6,1.22,145,36,2026-09-26
Клин,56.35,36.75,2026-10-04T01:00,3.0,85,0.0,1036.4,1.51,164,36,2026-09-26
Клин,56.35,36.75,2026-10-04T02:00,2.3,83,0.0,1036.2,1.94,181,30,2026-09-26
Клин,56.35,36.75,2026-10-04T03:00,1.8,80,0.0,1035.9,2.37,194,18,2026-09-26
Клин,56.35,36.75,2026-10-04T04:00,1.7,76,0.0,1035.4,2.75,207,0,2026-09-26
Клин,56.35,36.75,2026-10-04T05:00,2.2,74,0.0,1035.2,2.71,208,0,2026-09-26
Клин,56.35,36.75,2026-10-04T06:00,2.8,72,0.0,1035.0,2.53,207,0,2026-09-26
Клин,56.35,36.75,2026-10-04T07:00,3.6,70,0.0,1034.7,2.42,207,0,2026-09-26
Клин,56.35,36.75,2026-10-04T08:00,4.5,67,0.0,1034.4,2.26,208,0,2026-09-26
Клин,56.35,36.75,2026-10-04T09:00,5.5,66,0.0,1034.0,2.24,209,0,2026-09-26
Клин,56.35,36.75,2026-10-04T10:00,6.8,64,0.0,1033.5,2.32,213,9,2026-09-26
Клин,56.35,36.75,2026-10-04T11:00,8.5,61,0.0,1032.8,2.47,216,24,2026-09-26
Клин,56.35,36.75,2026-10-04T12:00,10.2,59,0.0,1032.1,2.66,220,40,2026-09-26
Клин,56.35,36.75,2026-10-04T13:00,11.9,57,0.0,1031.4,2.9,222,56,2026-09-26
Клин,56.35,36.75,2026-10-04T14:00,13.2,57,0.0,1030.8,3.11,225,67,2026-09-26
Клин,56.35,36.75,2026-10-04T15:00,13.9,57,0.0,1030.2,3.29,227,72,2026-09-26
Клин,56.35,36.75,2026-10-04T16:00,13.8,59,0.0,1029.7,3.4,229,67,2026-09-26
Клин,56.35,36.75,2026-10-04T17:00,13.2,63,0.0,1029.4,3.51,229,54,2026-09-26
Клин,56.35,36.75,2026-10-04T18:00,12.2,69,0.0,1029.0,3.59,230,37,2026-09-26
Клин,56.35,36.75,2026-10-04T19:00,11.1,75,0.0,1028.7,3.66,231,20,2026-09-26
Клин,56.35,36.75,2026-10-04T20:00,10.1,80,0.0,1028.4,3.74,232,8,2026-09-26
Клин,56.35,36.75,2026-10-04T21:00,9.5,84,0.0,1028.0,3.75,233,5,2026-09-26
Клин,56.35,36.75,2026-10-04T22:00,9.2,87,0.0,1027.6,3.76,234,13,2026-09-26
Клин,56.35,36.75,2026-10-04T23:00,9.2,88,0.0,1027.2,3.73,235,28,2026-09-26
Клин,56.35,36.75,2026-10-05T00:00,9.3,88,0.0,1026.8,3.74,236,48,2026-09-26
Клин,56.35,36.75,2026-10-05T01:00,9.4,88,0.0,1026.5,3.69,237,69,2026-09-26
Клин,56.35,36.75,2026-10-05T02:00,9.6,87,0.0,1026.1,3.7,238,88,2026-09-26
Клин,56.35,36.75,2026-10-05T03:00,9.7,87,0.0,1025.7,3.7,240,100,2026-09-26
Клин,56.35,36.75,2026-10-05T04:00,9.8,87,0.0,1025.3,3.78,242,100,2026-09-26
Клин,56.35,36.75,2026-10-05T05:00,9.8,88,0.0,1025.0,3.85,245,100,2026-09-26
Клин,56.35,36.75,2026-10-05T06:00,9.8,87,0.0,1024.7,3.97,249,100,2026-09-26
Клин,56.35,36.75,2026-10-05T07:00,9.9,87,0.0,1024.3,4.11,252,100,2026-09-26
Клин,56.35,36.75,2026-10-05T08:00,10.0,86,0.0,1024.0,4.22,253,100,2026-09-26
Клин,56.35,36.75,2026-10-05T09:00,10.3,84,0.0,1023.6,4.29,255,100,2026-09-26
Клин,56.35,36.75,2026-10-05T10:00,10.8,81,0.0,1023.2,4.33,256,98,2026-09-26
Клин,56.35,36.75,2026-10-05T11:00,11.6,77,0.0,1022.6,4.33,256,96,2026-09-26
Клин,56.35,36.75,2026-10-05T12:00,12.4,73,0.0,1022.1,4.34,255,93,2026-09-26
Клин,56.35,36.75,2026-10-05T13:00,13.2,69,0.0,1021.6,4.29,255,91,2026-09-26
Клин,56.35,36.75,2026-10-05T14:00,13.8,66,0.0,1021.2,4.23,256,89,2026-09-26
Клин,56.35,36.75,2026-10-05T15:00,14.1,64,0.0,1020.8,4.17,256,88,2026-09-26
Клин,56.35,36.75,2026-10-05T16:00,14.1,65,0.0,1020.6,4.09,258,89,2026-09-26
Клин,56.35,36.75,2026-10-05T17:00,13.7,66,0.0,1020.4,4.0,261,91,2026-09-26
Клин,56.35,36.75,2026-10-05T18:00,13.2,69,0.0,1020.3,3.92,265,93,2026-09-26
Клин,56.35,36.75,2026-10-05T19:00,12.6,72,0.0,1020.2,3.85,269,96,2026-09-26
Клин,56.35,36.75,2026-10-05T20:00,12.0,75,0.0,1020.1,3.75,271,98,2026-09-26
Клин,56.35,36.75,2026-10-05T21:00,11.6,77,0.0,1019.9,3.7,272,100,2026-09-26
Клин,56.35,36.75,2026-10-05T22:00,11.3,80,0.0,1019.6,3.6,272,100,2026-09-26
Клин,56.35,36.75,2026-10-05T23:00,11.0,82,0.0,1019.3,3.5,270,100,2026-09-26
Клин,56.35,36.75,2026-10-06T00:00,10.8,84,0.0,1019.0,3.36,267,100,2026-09-26
Клин,56.35,36.75,2026-10-06T01:00,10.6,87,0.0,1018.6,3.28,262,100,2026-09-26
Клин,56.35,36.75,2026-10-06T02:00,10.5,88,0.0,1018.3,3.27,259,100,2026-09-26
Клин,56.35,36.75,2026-10-06T03:00,10.4,90,0.0,1018.0,3.26,255,100,2026-09-26
Клин,56.35,36.75,2026-10-06T04:00,10.5,90,0.0,1017.8,3.32,252,100,2026-09-26
Клин,56.35,36.75,2026-10-06T05:00,10.6,90,0.0,1017.6,3.44,249,100,2026-09-26
Клин,56.35,36.75,2026-10-06T06:00,10.8,90,0.0,1017.4,3.6,246,100,2026-09-26
Клин,56.35,36.75,2026-10-06T07:00,11.0,89,0.0,1017.3,3.78,244,100,2026-09-26
Клин,56.35,36.75,2026-10-06T08:00,11.2,87,0.0,1017.1,3.98,243,100,2026-09-26
Клин,56.35,36.75,2026-10-06T09:00,11.5,85,0.0,1016.8,4.16,243,100,2026-09-26
Клин,56.35,36.75,2026-10-06T10:00,11.9,81,0.0,1016.5,4.34,244,100,2026-09-26
Клин,56.35,36.75,2026-10-06T11:00,12.4,77,0.0,1016.1,4.57,247,100,2026-09-26
Клин,56.35,36.75,2026-10-06T12:00,12.9,72,0.0,1015.6,4.79,250,100,2026-09-26
Клин,56.35,36.75,2026-10-06T13:00,13.3,67,0.0,1015.2,5.03,253,100,2026-09-26
Клин,56.35,36.75,2026-10-06T14:00,13.7,64,0.0,1014.8,5.19,254,100,2026-09-26
Клин,56.35,36.75,2026-10-06T15:00,13.9,62,0.0,1014.4,5.28,255,100,2026-09-26
Клин,56.35,36.75,2026-10-06T16:00,13.8,62,0.0,1014.1,5.19,254,100,2026-09-26
Клин,56.35,36.75,2026-10-06T17:00,13.6,63,0.0,1013.9,5.04,252,100,2026-09-26
Клин,56.35,36.75,2026-10-06T18:00,13.3,65,0.0,1013.7,4.81,249,100,2026-09-26
Клин,56.35,36.75,2026-10-06T19:00,13.0,67,0.0,1013.5,4.59,246,100,2026-09-26
Клин,56.35,36.75,2026-10-06T20:00,12.6,69,0.0,1013.3,4.43,243,100,2026-09-26
Клин,56.35,36.75,2026-10-06T21:00,12.4,71,0.0,1013.0,4.34,241,100,2026-09-26
Клин,56.35,36.75,2026-10-06T22:00,12.3,74,0.0,1012.6,4.32,240,100,2026-09-26
Клин,56.35,36.75,2026-10-06T23:00,12.2,76,0.0,1012.2,4.39,240,100,2026-09-26
Клин,56.35,36.75,2026-10-07T00:00,12.2,79,0.0,1011.7,4.46,240,100,2026-09-26
Клин,56.35,36.75,2026-10-07T01:00,12.2,82,0.0,1011.2,4.59,241,100,2026-09-26
Клин,56.35,36.75,2026-10-07T02:00,12.2,84,0.0,1010.7,4.65,242,100,2026-09-26
Клин,56.35,36.75,2026-10-07T03:00,12.2,86,0.0,1010.4,4.76,243,100,2026-09-26
Клин,56.35,36.75,2026-10-07T04:00,12.1,87,0.1,1010.2,4.85,245,100,2026-09-26
Клин,56.35,36.75,2026-10-07T05:00,12.1,88,0.1,1010.0,4.96,248,100,2026-09-26
Клин,56.35,36.75,2026-10-07T06:00,12.0,88,0.1,1009.9,5.06,252,100,2026-09-26
Клин,56.35,36.75,2026-10-07T07:00,12.0,88,0.1,1009.8,5.19,254,100,2026-09-26
Клин,56.35,36.75,2026-10-07T08:00,12.1,86,0.1,1009.6,5.35,256,100,2026-09-26
Клин,56.35,36.75,2026-10-07T09:00,12.3,84,0.1,1009.5,5.54,257,100,2026-09-26
Клин,56.35,36.75,2026-10-07T10:00,12.6,81,0.0,1009.3,5.77,256,100,2026-09-26
Клин,56.35,36.75,2026-10-07T11:00,13.1,76,0.0,1009.0,6.03,254,100,2026-09-26
Клин,56.35,36.75,2026-10-07T12:00,13.7,71,0.0,1008.7,6.32,252,100,2026-09-26
Клин,56.35,36.75,2026-10-07T13:00,14.3,66,0.0,1008.5,6.63,249,100,2026-09-26
Клин,56.35,36.75,2026-10-07T14:00,14.8,62,0.0,1008.3,6.82,248,100,2026-09-26
Клин,56.35,36.75,2026-10-07T15:00,15.0,61,0.0,1008.3,6.87,246,100,2026-09-26
Клин,56.35,36.75,2026-10-07T16:00,15.0,61,0.0,1008.4,6.76,246,99,2026-09-26
Клин,56.35,36.75,2026-10-07T17:00,14.8,62,0.0,1008.7,6.49,246,97,2026-09-26
Клин,56.35,36.75,2026-10-07T18:00,14.5,64,0.0,1009.0,6.14,247,96,2026-09-26
Клин,56.35,36.75,2026-10-07T19:00,14.1,67,0.0,1009.4,5.77,248,94,2026-09-26
Клин,56.35,36.75,2026-10-07T20:00,13.7,69,0.0,1009.8,5.37,249,92,2026-09-26
Клин,56.35,36.75,2026-10-07T21:00,13.2,72,0.0,1010.1,5.03,249,90,2026-09-26
Клин,56.35,36.75,2026-10-07T22:00,12.7,75,0.0,1010.4,4.72,249,88,2026-09-26
Клин,56.35,36.75,2026-10-07T23:00,12.1,78,0.0,1010.7,4.45,249,85,2026-09-26
Клин,56.35,36.75,2026-10-08T00:00,11.5,81,0.0,1011.0,4.13,249,83,2026-09-26
Клин,56.35,36.75,2026-10-08T01:00,10.9,84,0.0,1011.3,3.85,247,80,2026-09-26
Клин,56.35,36.75,2026-10-08T02:00,10.3,87,0.0,1011.5,3.58,245,79,2026-09-26
Клин,56.35,36.75,2026-10-08T03:00,10.0,89,0.0,1011.6,3.31,241,79,2026-09-26
Клин,56.35,36.75,2026-10-08T04:00,9.9,90,0.0,1011.7,3.11,233,81,2026-09-26
Клин,56.35,36.75,2026-10-08T05:00,9.8,91,0.0,1011.7,2.94,222,84,2026-09-26
Клин,56.35,36.75,2026-10-08T06:00,9.8,91,0.0,1011.6,2.98,209,88,2026-09-26
Клин,56.35,36.75,2026-10-08T07:00,10.0,90,0.0,1011.5,3.16,198,93,2026-09-26
Клин,56.35,36.75,2026-10-08T08:00,10.3,89,0.0,1011.4,3.42,192,96,2026-09-26
Клин,56.35,36.75,2026-10-08T09:00,10.8,86,0.0,1011.2,3.67,191,98,2026-09-26
Клин,56.35,36.75,2026-10-08T10:00,11.6,81,0.0,1011.0,3.85,196,99,2026-09-26
Клин,56.35,36.75,2026-10-08T11:00,12.7,75,0.0,1010.6,4.11,206,100,2026-09-26
Клин,56.35,36.75,2026-10-08T12:00,14.0,69,0.0,1010.3,4.47,216,100,2026-09-26
Клин,56.35,36.75,2026-10-08T13:00,15.2,63,0.0,1009.9,5.02,225,99,2026-09-26
Клин,56.35,36.75,2026-10-08T14:00,16.2,59,0.0,1009.6,5.47,231,95,2026-09-26
Клин,56.35,36.75,2026-10-08T15:00,16.6,57,0.0,1009.4,5.74,232,89,2026-09-26
Клин,56.35,36.75,2026-10-08T16:00,16.5,57,0.0,1009.3,5.69,231,77,2026-09-26
Клин,56.35,36.75,2026-10-08T17:00,15.9,58,0.0,1009.2,5.52,226,60,2026-09-26
Клин,56.35,36.75,2026-10-08T18:00,15.0,61,0.0,1009.2,5.26,220,41,2026-09-26
Клин,56.35,36.75,2026-10-08T19:00,14.0,64,0.0,1009.2,5.01,212,23,2026-09-26
Клин,56.35,36.75,2026-10-08T20:00,13.1,68,0.0,1009.2,4.9,205,8,2026-09-26
Клин,56.35,36.75,2026-10-08T21:00,12.4,70,0.0,1009.2,4.82,199,0,2026-09-26
Клин,56.35,36.75,2026-10-08T22:00,11.8,73,0.0,1009.2,4.81,197,0,2026-09-26
Клин,56.35,36.75,2026-10-08T23:00,11.3,75,0.0,1009.1,4.77,195,4,2026-09-26
Клин,56.35,36.75,2026-10-09T00:00,10.9,77,0.0,1009.0,4.71,195,13,2026-09-26
Клин,56.35,36.75,2026-10-09T01:00,10.5,80,0.0,1009.0,4.66,195,23,2026-09-26
Клин,56.35,36.75,2026-10-09T02:00,10.2,82,0.0,1008.9,4.6,194,33,2026-09-26
Клин,56.35,36.75,2026-10-09T03:00,10.1,83,0.0,1008.9,4.52,193,41,2026-09-26
Клин,56.35,36.75,2026-10-09T04:00,10.0,84,0.0,1008.9,4.43,191,47,2026-09-26
Клин,56.35,36.75,2026-10-09T05:00,10.0,85,0.0,1008.9,4.34,188,55,2026-09-26
Клин,56.35,36.75,2026-10-09T06:00,10.1,86,0.0,1008.9,4.31,185,61,2026-09-26
Клин,56.35,36.75,2026-10-09T07:00,10.3,86,0.0,1008.9,4.25,181,67,2026-09-26
Клин,56.35,36.75,2026-10-09T08:00,10.6,85,0.0,1008.9,4.25,179,70,2026-09-26
Клин,56.35,36.75,2026-10-09T09:00,11.0,83,0.0,1008.8,4.3,177,70,2026-09-26
Клин,56.35,36.75,2026-10-09T10:00,11.7,78,0.0,1008.7,4.4,177,65,2026-09-26
Клин,56.35,36.75,2026-10-09T11:00,12.7,72,0.0,1008.5,4.6,178,55,2026-09-26
Клин,56.35,36.75,2026-10-09T12:00,13.8,66,0.0,1008.3,4.8,179,42,2026-09-26
Клин,56.35,36.75,2026-10-09T13:00,14.8,60,0.0,1008.2,5.0,180,30,2026-09-26
Клин,56.35,36.75,2026-10-09T14:00,15.6,56,0.0,1008.0,5.15,182,20,2026-09-26
Клин,56.35,36.75,2026-10-09T15:00,16.0,54,0.0,1008.0,5.26,183,16,2026-09-26
Клин,56.35,36.75,2026-10-09T16:00,15.8,54,0.0,1008.0,5.32,185,17,2026-09-26
Клин,56.35,36.75,2026-10-09T17:00,15.3,56,0.0,1008.1,5.38,186,23,2026-09-26
Клин,56.35,36.75,2026-10-09T18:00,14.6,58,0.0,1008.2,5.4,188,31,2026-09-26
Клин,56.35,36.75,2026-10-09T19:00,13.7,62,0.0,1008.4,5.38,190,41,2026-09-26
Клин,56.35,36.75,2026-10-09T20:00,12.9,65,0.0,1008.6,5.28,193,50,2026-09-26
Клин,56.35,36.75,2026-10-09T21:00,12.3,68,0.0,1008.8,5.1,196,58,2026-09-26
Клин,56.35,36.75,2026-10-09T22:00,11.8,71,0.0,1009.1,4.83,201,65,2026-09-26
Клин,56.35,36.75,2026-10-09T23:00,11.4,75,0.0,1009.4,4.45,209,73,2026-09-26
Клин,56.35,36.75,2026-10-10T00:00,11.0,78,0.0,1009.8,4.13,218,81,2026-09-26
Клин,56.35,36.75,2026-10-10T01:00,10.7,81,0.0,1010.2,3.97,229,88,2026-09-26
Клин,56.35,36.75,2026-10-10T02:00,10.3,83,0.0,1010.6,3.92,240,94,2026-09-26
Клин,56.35,36.75,2026-10-10T03:00,9.9,84,0.0,1011.1,3.97,249,98,2026-09-26
Клин,56.35,36.75,2026-10-10T04:00,9.5,85,0.0,1011.6,4.09,255,100,2026-09-26
Клин,56.35,36.75,2026-10-10T05:00,9.0,84,0.0,1012.2,4.22,260,100,2026-09-26
Клин,56.35,36.75,2026-10-10T06:00,8.6,82,0.0,1012.9,4.38,263,100,2026-09-26
Клин,56.35,36.75,2026-10-10T07:00,8.1,80,0.0,1013.5,4.46,267,99,2026-09-26
Клин,56.35,36.75,2026-10-10T08:00,7.8,77,0.0,1014.1,4.55,269,98,2026-09-26
Клин,56.35,36.75,2026-10-10T09:00,7.7,75,0.0,1014.7,4.6,272,98,2026-09-26
Клин,56.35,36.75,2026-10-10T10:00,7.8,71,0.0,1015.2,4.61,274,99,2026-09-26
Клин,56.35,36.75,2026-10-10T11:00,8.2,67,0.0,1015.8,4.53,276,100,2026-09-26
Клин,56.35,36.75,2026-10-10T12:00,8.6,63,0.0,1016.3,4.45,278,100,2026-09-26
Клин,56.35,36.75,2026-10-10T13:00,9.1,59,0.0,1016.8,4.32,281,100,2026-09-26
Клин,56.35,36.75,2026-10-10T14:00,9.4,57,0.0,1017.3,4.14,282,100,2026-09-26
Клин,56.35,36.75,2026-10-10T15:00,9.3,56,0.0,1017.8,4.0,283,100,2026-09-26
Клин,56.35,36.75,2026-10-10T16:00,8.9,57,0.0,1018.3,3.86,283,90,2026-09-26
Клин,56.35,36.75,2026-10-10T17:00,8.2,59,0.0,1018.9,3.64,283,75,2026-09-26
Клин,56.35,36.75,2026-10-10T18:00,7.4,63,0.0,1019.4,3.47,282,57,2026-09-26
Клин,56.35,36.75,2026-10-10T19:00,6.4,68,0.0,1019.9,3.25,280,40,2026-09-26
Клин,56.35,36.75,2026-10-10T20:00,5.5,73,0.0,1020.3,3.03,279,24,2026-09-26
Клин,56.35,36.75,2026-10-10T21:00,4.8,77,0.0,1020.7,2.77,276,13,2026-09-26
Клин,56.35,36.75,2026-10-10T22:00,4.1,80,0.0,1021.0,2.5,273,6,2026-09-26
Клин,56.35,36.75,2026-10-10T23:00,3.5,83,0.0,1021.2,2.2,270,3,2026-09-26
Клин,56.35,36.75,2026-10-11T00:00,2.9,86,0.0,1021.3,1.86,264,1,2026-09-26
Клин,56.35,36.75,2026-10-11T01:00,3.7,89,0.0,1022.2,2.01,253,21,2026-09-26
Клин,56.35,36.75,2026-10-11T02:00,4.9,91,0.0,1022.7,2.49,244,47,2026-09-26
Клин,56.35,36.75,2026-10-11T03:00,6.4,91,0.0,1022.7,3.17,240,74,2026-09-26
Клин,56.35,36.75,2026-10-11T04:00,8.2,86,0.0,1022.3,4.0,238,100,2026-09-26
Клин,56.35,36.75,2026-10-11T05:00,8.5,80,0.0,1021.4,4.19,237,100,2026-09-26
Клин,56.35,36.75,2026-10-11T06:00,8.7,75,0.0,1020.7,4.41,237,100,2026-09-26
Клин,56.35,36.75,2026-10-11T07:00,9.1,72,0.0,1020.2,4.65,242,100,2026-09-26
Клин,56.35,36.75,2026-10-11T08:00,9.5,70,0.0,1019.9,5.03,249,100,2026-09-26
Клин,56.35,36.75,2026-10-11T09:00,9.7,71,0.0,1019.5,5.25,252,100,2026-09-26
Клин,56.35,36.75,2026-10-11T10:00,9.5,76,0.6,1018.9,5.26,249,100,2026-09-26
Клин,56.35,36.75,2026-10-11T11:00,9.0,84,0.6,1018.3,5.32,242,100,2026-09-26
Клин,56.35,36.75,2026-10-11T12:00,8.8,89,0.6,1017.8,5.25,239,100,2026-09-26
Клин,56.35,36.75,2026-10-11T13:00,9.1,90,0.0,1017.5,5.14,243,100,2026-09-26
Клин,56.35,36.75,2026-10-11T14:00,9.7,89,0.0,1017.3,5.15,252,100,2026-09-26
Клин,56.35,36.75,2026-10-11T15:00,10.1,88,0.0,1017.2,5.1,259,100,2026-09-26
Клин,56.35,36.75,2026-10-11T16:00,10.4,89,0.0,1017.2,4.87,261,100,2026-09-26
Клин,56.35,36.75,2026-10-11T17:00,10.6,90,0.0,1017.3,4.55,261,100,2026-09-26
Клин,56.35,36.75,2026-10-11T18:00,10.7,91,0.0,1017.4,4.24,262,100,2026-09-26
Клин,56.35,36.75,2026-10-11T19:00,10.8,92,0.0,1017.5,4.1,267,100,2026-09-26
Клин,56.35,36.75,2026-10-11T20:00,10.9,93,0.0,1017.7,4.0,273,100,2026-09-26
Клин,56.35,36.75,2026-10-11T21:00,10.8,93,0.0,1017.9,3.95,279,100,2026-09-26
Клин,56.35,36.75,2026-10-11T22:00,10.8,93,0.0,1018.3,3.79,282,100,2026-09-26
Клин,56.35,36.75,2026-10-11T23:00,10.7,93,0.0,1018.8,3.54,286,100,2026-09-26
Дмитров,56.333,37.517,2026-09-26T00:00,9.3,97,0.0,1027.0,2.01,153,80,2026-09-26
Дмитров,56.333,37.517,2026-09-26T01:00,9.0,97,0.0,1026.6,2.06,157,88,2026-09-26
Дмитров,56.333,37.517,2026-09-26T02:00,9.0,97,0.0,1026.8,2.21,162,89,2026-09-26
Дмитров,56.333,37.517,2026-09-26T03:00,8.9,96,0.0,1027.4,2.01,153,84,2026-09-26
Дмитров,56.333,37.517,2026-09-26T04:00,8.8,97,0.0,1027.8,2.24,153,89,2026-09-26
Дмитров,56.333,37.517,2026-09-26T05:00,8.6,96,0.0,1027.7,2.42,156,83,2026-09-26
Дмитров,56.333,37.517,2026-09-26T06:00,8.6,97,0.0,1028.2,2.46,153,90,2026-09-26
Дмитров,56.333,37.517,2026-09-26T07:00,8.5,97,0.0,1028.3,2.6,157,96,2026-09-26
Дмитров,56.333,37.517,2026-09-26T08:00,8.9,96,0.0,1028.6,2.79,159,95,2026-09-26
Дмитров,56.333,37.517,2026-09-26T09:00,9.5,95,0.0,1029.2,2.73,156,91,2026-09-26
Дмитров,56.333,37.517,2026-09-26T10:00,10.7,86,0.0,1029.4,2.98,166,95,2026-09-26
Дмитров,56.333,37.517,2026-09-26T11:00,11.9,79,0.0,1029.1,2.83,172,69,2026-09-26
Дмитров,56.333,37.517,2026-09-26T12:00,13.0,75,0.0,1029.0,2.57,167,53,2026-09-26
Дмитров,56.333,37.517,2026-09-26T13:00,14.2,66,0.0,1028.9,2.69,165,55,2026-09-26
Дмитров,56.333,37.517,2026-09-26T14:00,14.7,64,0.0,1028.2,2.61,176,71,2026-09-26
Дмитров,56.333,37.517,2026-09-26T15:00,15.1,61,0.0,1029.1,2.51,157,34,2026-09-26
Дмитров,56.333,37.517,2026-09-26T16:00,14.8,62,0.0,1028.6,2.55,154,24,2026-09-26
Дмитров,56.333,37.517,2026-09-26T17:00,14.0,68,0.0,1028.3,2.06,151,19,2026-09-26
Дмитров,56.333,37.517,2026-09-26T18:00,12.4,76,0.0,1028.1,1.98,135,6,2026-09-26
Дмитров,56.333,37.517,2026-09-26T19:00,10.9,84,0.0,1028.3,1.92,141,6,2026-09-26
Дмитров,56.333,37.517,2026-09-26T20:00,10.3,88,0.0,1028.6,1.97,150,30,2026-09-26
Дмитров,56.333,37.517,2026-09-26T21:00,9.8,91,0.0,1028.7,1.88,155,41,2026-09-26
Дмитров,56.333,37.517,2026-09-26T22:00,9.5,92,0.0,1029.0,1.8,161,31,2026-09-26
Дмитров,56.333,37.517,2026-09-26T23:00,9.2,94,0.0,1029.2,1.71,159,38,2026-09-26
Дмитров,56.333,37.517,2026-09-27T00:00,9.0,94,0.0,1029.2,1.68,163,57,2026-09-26
Дмитров,56.333,37.517,2026-09-27T01:00,8.8,93,0.0,1028.8,1.63,169,78,2026-09-26
Дмитров,56.333,37.517,2026-09-27T02:00,8.6,93,0.0,1028.8,1.53,169,88,2026-09-26
Дмитров,56.333,37.517,2026-09-27T03:00,8.3,92,0.0,1028.6,1.51,172,79,2026-09-26
Дмитров,56.333,37.517,2026-09-27T04:00,8.2,91,0.0,1028.9,1.51,172,54,2026-09-26
Дмитров,56.333,37.517,2026-09-27T05:00,7.9,91,0.0,1029.0,1.53,169,12,2026-09-26
Дмитров,56.333,37.517,2026-09-27T06:00,7.8,90,0.0,1029.0,1.61,173,9,2026-09-26
Дмитров,56.333,37.517,2026-09-27T07:00,8.0,89,0.0,1029.0,1.7,177,31,2026-09-26
Дмитров,56.333,37.517,2026-09-27T08:00,9.4,84,0.0,1028.9,1.9,180,46,2026-09-26
Дмитров,56.333,37.517,2026-09-27T09:00,11.0,80,0.0,1029.0,2.3,182,69,2026-09-26
Дмитров,56.333,37.517,2026-09-27T10:00,12.4,75,0.0,1028.7,2.63,189,81,2026-09-26
Дмитров,56.333,37.517,2026-09-27T11:00,13.9,70,0.0,1028.7,2.84,190,73,2026-09-26
Дмитров,56.333,37.517,2026-09-27T12:00,15.2,66,0.0,1028.5,2.7,182,74,2026-09-26
Дмитров,56.333,37.517,2026-09-27T13:00,15.8,65,0.0,1028.6,2.72,186,88,2026-09-26
Дмитров,56.333,37.517,2026-09-27T14:00,16.1,65,0.0,1028.5,2.63,189,83,2026-09-26
Дмитров,56.333,37.517,2026-09-27T15:00,16.2,65,0.0,1028.4,2.72,186,80,2026-09-26
Дмитров,56.333,37.517,2026-09-27T16:00,16.1,66,0.0,1028.4,2.47,194,89,2026-09-26
Дмитров,56.333,37.517,2026-09-27T17:00,15.5,70,0.0,1028.3,1.77,196,87,2026-09-26
Дмитров,56.333,37.517,2026-09-27T18:00,14.2,78,0.0,1028.3,1.2,180,94,2026-09-26
Дмитров,56.333,37.517,2026-09-27T19:00,13.4,82,0.0,1028.5,1.06,229,100,2026-09-26
Дмитров,56.333,37.517,2026-09-27T20:00,12.9,86,0.2,1029.1,0.8,270,100,2026-09-26
Дмитров,56.333,37.517,2026-09-27T21:00,12.5,91,0.3,1029.5,0.81,240,100,2026-09-26
Дмитров,56.333,37.517,2026-09-27T22:00,12.1,93,0.2,1029.8,0.82,194,100,2026-09-26
Дмитров,56.333,37.517,2026-09-27T23:00,11.8,94,0.1,1029.9,0.73,196,100,2026-09-26
Дмитров,56.333,37.517,2026-09-28T00:00,11.6,95,0.1,1030.1,0.71,225,98,2026-09-26
Дмитров,56.333,37.517,2026-09-28T01:00,11.5,95,0.0,1030.4,0.82,256,97,2026-09-26
Дмитров,56.333,37.517,2026-09-28T02:00,11.4,94,0.0,1030.8,0.85,291,94,2026-09-26
Дмитров,56.333,37.517,2026-09-28T03:00,10.9,96,0.0,1031.2,0.92,311,86,2026-09-26
Дмитров,56.333,37.517,2026-09-28T04:00,10.5,97,0.0,1031.4,0.71,315,89,2026-09-26
Дмитров,56.333,37.517,2026-09-28T05:00,10.3,98,0.0,1031.6,0.64,321,92,2026-09-26
Дмитров,56.333,37.517,2026-09-28T06:00,10.3,98,0.0,1031.7,1.14,322,95,2026-09-26
Дмитров,56.333,37.517,2026-09-28T07:00,10.3,97,0.0,1032.0,1.3,337,95,2026-09-26
Дмитров,56.333,37.517,2026-09-28T08:00,10.7,96,0.0,1032.3,1.55,345,92,2026-09-26
Дмитров,56.333,37.517,2026-09-28T09:00,11.6,91,0.0,1032.7,1.53,349,61,2026-09-26
Дмитров,56.333,37.517,2026-09-28T10:00,12.7,83,0.0,1032.9,1.82,351,60,2026-09-26
Дмитров,56.333,37.517,2026-09-28T11:00,13.5,76,0.0,1033.1,1.91,354,60,2026-09-26
Дмитров,56.333,37.517,2026-09-28T12:00,14.1,70,0.0,1033.2,2.04,349,69,2026-09-26
Дмитров,56.333,37.517,2026-09-28T13:00,14.3,69,0.0,1033.1,2.09,343,75,2026-09-26
Дмитров,56.333,37.517,2026-09-28T14:00,14.4,69,0.0,1032.8,2.31,342,68,2026-09-26
Дмитров,56.333,37.517,2026-09-28T15:00,14.4,69,0.0,1032.8,2.38,345,54,2026-09-26
Дмитров,56.333,37.517,2026-09-28T16:00,14.2,65,0.0,1032.8,2.26,347,40,2026-09-26
Дмитров,56.333,37.517,2026-09-28T17:00,13.4,66,0.0,1033.2,1.82,351,26,2026-09-26
Дмитров,56.333,37.517,2026-09-28T18:00,11.6,77,0.0,1033.7,1.08,338,6,2026-09-26
Дмитров,56.333,37.517,2026-09-28T19:00,10.1,82,0.0,1033.9,1.04,343,11,2026-09-26
Дмитров,56.333,37.517,2026-09-28T20:00,9.2,84,0.0,1034.1,1.22,351,4,2026-09-26
Дмитров,56.333,37.517,2026-09-28T21:00,8.7,86,0.0,1034.3,0.91,6,0,2026-09-26
Дмитров,56.333,37.517,2026-09-28T22:00,8.3,85,0.0,1034.5,0.9,360,0,2026-09-26
Дмитров,56.333,37.517,2026-09-28T23:00,7.9,85,0.0,1034.7,0.81,353,0,2026-09-26
Дмитров,56.333,37.517,2026-09-29T00:00,7.4,86,0.0,1034.8,0.72,326,0,2026-09-26
Дмитров,56.333,37.517,2026-09-29T01:00,7.0,87,0.0,1035.1,0.71,315,0,2026-09-26
Дмитров,56.333,37.517,2026-09-29T02:00,6.5,89,0.0,1035.3,0.64,321,1,2026-09-26
Дмитров,56.333,37.517,2026-09-29T03:00,6.1,91,0.0,1035.6,0.71,315,2,2026-09-26
Дмитров,56.333,37.517,2026-09-29T04:00,5.8,93,0.0,1035.8,0.71,315,14,2026-09-26
Дмитров,56.333,37.517,2026-09-29T05:00,5.5,94,0.0,1036.0,0.78,320,9,2026-09-26
Дмитров,56.333,37.517,2026-09-29T06:00,5.3,96,0.0,1036.0,0.78,320,6,2026-09-26
Дмитров,56.333,37.517,2026-09-29T07:00,5.1,97,0.0,1036.2,0.78,320,26,2026-09-26
Дмитров,56.333,37.517,2026-09-29T08:00,6.3,97,0.0,1036.4,0.86,324,42,2026-09-26
Дмитров,56.333,37.517,2026-09-29T09:00,9.1,89,0.0,1036.5,0.76,337,2,2026-09-26
Дмитров,56.333,37.517,2026-09-29T10:00,11.2,80,0.0,1036.6,1.08,338,3,2026-09-26
Дмитров,56.333,37.517,2026-09-29T11:00,12.9,71,0.0,1036.4,1.58,342,27,2026-09-26
Дмитров,56.333,37.517,2026-09-29T12:00,13.9,65,0.0,1036.2,1.75,347,37,2026-09-26
Дмитров,56.333,37.517,2026-09-29T13:00,14.6,62,0.0,1035.8,1.68,343,35,2026-09-26
Дмитров,56.333,37.517,2026-09-29T14:00,15.1,59,0.0,1035.4,1.49,340,30,2026-09-26
Дмитров,56.333,37.517,2026-09-29T15:00,15.2,57,0.0,1035.1,1.39,330,27,2026-09-26
Дмитров,56.333,37.517,2026-09-29T16:00,14.9,59,0.0,1035.0,1.5,323,26,2026-09-26
Дмитров,56.333,37.517,2026-09-29T17:00,14.0,65,0.0,1034.8,0.99,315,0,2026-09-26
Дмитров,56.333,37.517,2026-09-29T18:00,12.2,74,0.0,1034.9,0.85,315,0,2026-09-26
Дмитров,56.333,37.517,2026-09-29T19:00,10.8,76,0.0,1034.9,0.78,310,4,2026-09-26
Дмитров,56.333,37.517,2026-09-29T20:00,9.9,80,0.0,1035.1,0.81,300,89,2026-09-26
Дмитров,56.333,37.517,2026-09-29T21:00,9.4,82,0.0,1035.2,0.71,262,100,2026-09-26
Дмитров,56.333,37.517,2026-09-29T22:00,9.1,82,0.0,1035.3,0.63,252,99,2026-09-26
Дмитров,56.333,37.517,2026-09-29T23:00,9.1,82,0.0,1035.4,0.67,243,97,2026-09-26
Дмитров,56.333,37.517,2026-09-30T00:00,9.2,81,0.0,1035.5,0.63,252,96,2026-09-26
Дмитров,56.333,37.517,2026-09-30T01:00,9.2,81,0.0,1035.5,0.81,277,78,2026-09-26
Дмитров,56.333,37.517,2026-09-30T02:00,9.3,81,0.0,1035.4,1.26,288,59,2026-09-26
Дмитров,56.333,37.517,2026-09-30T03:00,9.2,81,0.0,1035.3,1.57,297,41,2026-09-26
Дмитров,56.333,37.517,2026-09-30T04:00,8.6,83,0.0,1035.2,1.57,297,35,2026-09-26
Дмитров,56.333,37.517,2026-09-30T05:00,7.9,85,0.0,1035.2,1.34,297,30,2026-09-26
Дмитров,56.333,37.517,2026-09-30T06:00,7.6,87,0.0,1035.3,1.25,299,24,2026-09-26
Дмитров,56.333,37.517,2026-09-30T07:00,8.1,87,0.0,1035.7,1.36,306,21,2026-09-26
Дмитров,56.333,37.517,2026-09-30T08:00,8.9,86,0.0,1036.2,1.56,315,17,2026-09-26
Дмитров,56.333,37.517,2026-09-30T09:00,10.0,84,0.0,1036.5,1.78,322,14,2026-09-26
Дмитров,56.333,37.517,2026-09-30T10:00,11.3,81,0.0,1036.6,2.15,332,36,2026-09-26
Дмитров,56.333,37.517,2026-09-30T11:00,12.8,78,0.0,1036.5,2.56,339,57,2026-09-26
Дмитров,56.333,37.517,2026-09-30T12:00,13.9,74,0.0,1036.3,2.94,342,79,2026-09-26
Дмитров,56.333,37.517,2026-09-30T13:00,14.6,70,0.0,1036.0,3.01,339,68,2026-09-26
Дмитров,56.333,37.517,2026-09-30T14:00,15.0,66,0.0,1035.7,3.0,334,57,2026-09-26
Дмитров,56.333,37.517,2026-09-30T15:00,14.9,65,0.0,1035.4,2.92,329,46,2026-09-26
Дмитров,56.333,37.517,2026-09-30T16:00,14.2,67,0.0,1035.3,2.69,329,58,2026-09-26
Дмитров,56.333,37.517,2026-09-30T17:00,13.1,72,0.0,1035.3,2.39,327,70,2026-09-26
Дмитров,56.333,37.517,2026-09-30T18:00,12.0,76,0.0,1035.4,2.11,329,82,2026-09-26
Дмитров,56.333,37.517,2026-09-30T19:00,10.9,80,0.0,1035.6,1.84,331,61,2026-09-26
Дмитров,56.333,37.517,2026-09-30T20:00,9.7,85,0.0,1035.9,1.66,335,39,2026-09-26
Дмитров,56.333,37.517,2026-09-30T21:00,8.7,88,0.0,1036.2,1.49,340,18,2026-09-26
Дмитров,56.333,37.517,2026-09-30T22:00,8.1,89,0.0,1036.5,1.49,340,22,2026-09-26
Дмитров,56.333,37.517,2026-09-30T23:00,7.7,90,0.0,1036.7,1.39,339,25,2026-09-26
Дмитров,56.333,37.517,2026-10-01T00:00,7.2,90,0.0,1036.9,1.39,339,29,2026-09-26
Дмитров,56.333,37.517,2026-10-01T01:00,6.7,91,0.0,1037.0,1.3,337,38,2026-09-26
Дмитров,56.333,37.517,2026-10-01T02:00,6.1,92,0.0,1037.1,1.25,331,47,2026-09-26
Дмитров,56.333,37.517,2026-10-01T03:00,5.6,93,0.0,1037.3,1.17,329,56,2026-09-26
Дмитров,56.333,37.517,2026-10-01T04:00,5.0,94,0.0,1037.5,1.17,329,68,2026-09-26
Дмитров,56.333,37.517,2026-10-01T05:00,4.5,95,0.0,1037.8,1.08,326,79,2026-09-26
Дмитров,56.333,37.517,2026-10-01T06:00,4.4,95,0.0,1038.1,1.17,329,91,2026-09-26
Дмитров,56.333,37.517,2026-10-01T07:00,5.0,94,0.0,1038.5,1.21,336,93,2026-09-26
Дмитров,56.333,37.517,2026-10-01T08:00,6.0,92,0.0,1039.0,1.46,344,95,2026-09-26
Дмитров,56.333,37.517,2026-10-01T09:00,7.3,89,0.0,1039.3,1.65,346,97,2026-09-26
Дмитров,56.333,37.517,2026-10-01T10:00,8.8,84,0.0,1039.4,1.94,348,96,2026-09-26
Дмитров,56.333,37.517,2026-10-01T11:00,10.4,77,0.0,1039.3,2.26,347,95,2026-09-26
Дмитров,56.333,37.517,2026-10-01T12:00,11.7,71,0.0,1039.1,2.47,346,94,2026-09-26
Дмитров,56.333,37.517,2026-10-01T13:00,12.6,64,0.0,1038.8,2.69,348,74,2026-09-26
Дмитров,56.333,37.517,2026-10-01T14:00,13.2,58,0.0,1038.3,2.81,348,56,2026-09-26
Дмитров,56.333,37.517,2026-10-01T15:00,13.4,54,0.0,1038.0,2.86,348,38,2026-09-26
Дмитров,56.333,37.517,2026-10-01T16:00,12.6,58,0.0,1037.8,2.47,346,28,2026-09-26
Дмитров,56.333,37.517,2026-10-01T17:00,11.3,66,0.0,1037.8,1.77,344,14,2026-09-26
Дмитров,56.333,37.517,2026-10-01T18:00,9.9,73,0.0,1037.8,1.3,337,1,2026-09-26
Дмитров,56.333,37.517,2026-10-01T19:00,8.8,78,0.0,1037.9,1.12,333,1,2026-09-26
Дмитров,56.333,37.517,2026-10-01T20:00,7.7,82,0.0,1038.1,1.12,333,2,2026-09-26
Дмитров,56.333,37.517,2026-10-01T21:00,6.9,85,0.0,1038.2,1.08,326,2,2026-09-26
Дмитров,56.333,37.517,2026-10-01T22:00,6.5,86,0.0,1038.2,0.99,315,22,2026-09-26
Дмитров,56.333,37.517,2026-10-01T23:00,6.3,86,0.0,1038.1,1.03,299,41,2026-09-26
Дмитров,56.333,37.517,2026-10-02T00:00,6.2,85,0.0,1037.9,1.08,292,61,2026-09-26
Дмитров,56.333,37.517,2026-10-02T01:00,6.2,84,0.0,1037.7,1.17,290,65,2026-09-26
Дмитров,56.333,37.517,2026-10-02T02:00,6.3,84,0.0,1037.4,1.39,291,69,2026-09-26
Дмитров,56.333,37.517,2026-10-02T03:00,6.4,84,0.0,1037.2,1.52,293,73,2026-09-26
Дмитров,56.333,37.517,2026-10-02T04:00,6.2,86,0.0,1037.0,1.49,290,71,2026-09-26
Дмитров,56.333,37.517,2026-10-02T05:00,5.9,89,0.0,1036.8,1.46,286,68,2026-09-26
Дмитров,56.333,37.517,2026-10-02T06:00,5.9,91,0.0,1036.7,1.43,282,66,2026-09-26
Дмитров,56.333,37.517,2026-10-02T07:00,6.3,90,0.0,1036.6,1.63,281,67,2026-09-26
Дмитров,56.333,37.517,2026-10-02T08:00,7.1,88,0.0,1036.6,1.87,286,68,2026-09-26
Дмитров,56.333,37.517,2026-10-02T09:00,8.2,84,0.0,1036.4,2.12,289,69,2026-09-26
Дмитров,56.333,37.517,2026-10-02T10:00,9.7,77,0.0,1036.1,2.42,300,61,2026-09-26
Дмитров,56.333,37.517,2026-10-02T11:00,11.6,69,0.0,1035.6,2.77,311,54,2026-09-26
Дмитров,56.333,37.517,2026-10-02T12:00,13.0,63,0.0,1035.2,3.11,318,46,2026-09-26
Дмитров,56.333,37.517,2026-10-02T13:00,13.7,59,0.0,1034.7,3.3,325,59,2026-09-26
Дмитров,56.333,37.517,2026-10-02T14:00,14.0,57,0.0,1034.2,3.54,331,72,2026-09-26
Дмитров,56.333,37.517,2026-10-02T15:00,13.9,58,0.0,1033.8,3.44,334,85,2026-09-26
Дмитров,56.333,37.517,2026-10-02T16:00,13.4,63,0.0,1033.6,2.91,333,89,2026-09-26
Дмитров,56.333,37.517,2026-10-02T17:00,12.5,70,0.0,1033.5,2.08,325,93,2026-09-26
Дмитров,56.333,37.517,2026-10-02T18:00,11.7,77,0.0,1033.4,1.56,315,97,2026-09-26
Дмитров,56.333,37.517,2026-10-02T19:00,11.4,81,0.0,1033.3,1.41,315,95,2026-09-26
Дмитров,56.333,37.517,2026-10-02T20:00,11.2,85,0.0,1033.1,1.5,323,92,2026-09-26
Дмитров,56.333,37.517,2026-10-02T21:00,11.0,88,0.0,1033.1,1.61,330,90,2026-09-26
Дмитров,56.333,37.517,2026-10-02T22:00,10.8,91,0.0,1033.2,1.62,338,92,2026-09-26
Дмитров,56.333,37.517,2026-10-02T23:00,10.6,93,0.0,1033.4,1.51,352,94,2026-09-26
Дмитров,56.333,37.517,2026-10-03T00:00,10.4,95,0.0,1033.6,1.5,4,96,2026-09-26
Дмитров,56.333,37.517,2026-10-03T01:00,10.2,95,0.0,1033.8,1.49,20,97,2026-09-26
Дмитров,56.333,37.517,2026-10-03T02:00,10.1,95,0.0,1033.9,1.5,37,99,2026-09-26
Дмитров,56.333,37.517,2026-10-03T03:00,9.8,94,0.0,1034.1,1.58,55,100,2026-09-26
Дмитров,56.333,37.517,2026-10-03T04:00,9.3,94,0.0,1034.3,1.58,72,94,2026-09-26
Дмитров,56.333,37.517,2026-10-03T05:00,8.7,94,0.0,1034.4,1.6,86,88,2026-09-26
Дмитров,56.333,37.517,2026-10-03T06:00,8.3,94,0.0,1034.7,1.73,100,82,2026-09-26
Дмитров,56.333,37.517,2026-10-03T07:00,8.2,93,0.0,1035.2,1.8,109,83,2026-09-26
Дмитров,56.333,37.517,2026-10-03T08:00,8.2,90,0.0,1035.8,1.75,114,83,2026-09-26
Дмитров,56.333,37.517,2026-10-03T09:00,8.4,87,0.0,1036.2,1.7,118,84,2026-09-26
Дмитров,56.333,37.517,2026-10-03T10:00,9.1,82,0.0,1036.4,1.79,117,77,2026-09-26
Дмитров,56.333,37.517,2026-10-03T11:00,10.1,75,0.0,1036.4,1.8,109,71,2026-09-26
Дмитров,56.333,37.517,2026-10-03T12:00,10.9,69,0.0,1036.3,1.84,103,64,2026-09-26
Дмитров,56.333,37.517,2026-10-03T13:00,11.3,64,0.0,1036.1,1.7,93,65,2026-09-26
Дмитров,56.333,37.517,2026-10-03T14:00,11.6,59,0.0,1035.9,1.53,79,65,2026-09-26
Дмитров,56.333,37.517,2026-10-03T15:00,11.5,58,0.0,1035.7,1.39,69,66,2026-09-26
Дмитров,56.333,37.517,2026-10-03T16:00,10.8,61,0.0,1035.8,1.34,63,56,2026-09-26
Дмитров,56.333,37.517,2026-10-03T17:00,9.7,68,0.0,1035.9,1.21,66,46,2026-09-26
Дмитров,56.333,37.517,2026-10-03T18:00,8.5,73,0.0,1036.1,1.08,68,36,2026-09-26
Дмитров,56.333,37.517,2026-10-03T19:00,7.4,76,0.0,1036.2,1.0,84,35,2026-09-26
Дмитров,56.333,37.517,2026-10-03T20:00,6.2,79,0.0,1036.3,1.04,107,34,2026-09-26
Дмитров,56.333,37.517,2026-10-03T21:00,5.2,81,0.0,1036.4,1.17,121,33,2026-09-26
Дмитров,56.333,37.517,2026-10-03T22:00,4.4,82,0.0,1036.5,1.2,132,26,2026-09-26
Дмитров,56.333,37.517,2026-10-03T23:00,3.9,82,0.0,1036.7,1.2,138,20,2026-09-26
Дмитров,56.333,37.517,2026-10-04T00:00,3.3,83,0.0,1036.8,1.22,145,13,2026-09-26
Дмитров,56.333,37.517,2026-10-04T01:00,2.1,85,0.0,1036.7,1.44,165,14,2026-09-26
Дмитров,56.333,37.517,2026-10-04T02:00,1.2,86,0.0,1036.5,1.74,183,13,2026-09-26
Дмитров,56.333,37.517,2026-10-04T03:00,0.7,86,0.0,1036.1,2.06,199,8,2026-09-26
Дмитров,56.333,37.517,2026-10-04T04:00,0.7,85,0.0,1035.6,2.32,213,0,2026-09-26
Дмитров,56.333,37.517,2026-10-04T05:00,1.3,83,0.0,1035.4,2.29,212,0,2026-09-26
Дмитров,56.333,37.517,2026-10-04T06:00,2.0,81,0.0,1035.2,2.2,210,0,2026-09-26
Дмитров,56.333,37.517,2026-10-04T07:00,2.8,78,0.0,1034.9,2.1,208,0,2026-09-26
Дмитров,56.333,37.517,2026-10-04T08:00,3.7,75,0.0,1034.6,2.04,208,0,2026-09-26
Дмитров,56.333,37.517,2026-10-04T09:00,4.8,73,0.0,1034.2,2.04,208,1,2026-09-26
Дмитров,56.333,37.517,2026-10-04T10:00,6.1,69,0.0,1033.7,2.13,210,13,2026-09-26
Дмитров,56.333,37.517,2026-10-04T11:00,7.8,65,0.0,1033.0,2.32,213,32,2026-09-26
Дмитров,56.333,37.517,2026-10-04T12:00,9.6,61,0.0,1032.3,2.55,215,54,2026-09-26
Дмитров,56.333,37.517,2026-10-04T13:00,11.3,58,0.0,1031.6,2.82,217,74,2026-09-26
Дмитров,56.333,37.517,2026-10-04T14:00,12.6,56,0.0,1031.0,3.02,219,89,2026-09-26
Дмитров,56.333,37.517,2026-10-04T15:00,13.3,56,0.0,1030.4,3.23,221,95,2026-09-26
Дмитров,56.333,37.517,2026-10-04T16:00,13.2,57,0.0,1029.9,3.4,221,89,2026-09-26
Дмитров,56.333,37.517,2026-10-04T17:00,12.5,61,0.0,1029.5,3.5,222,72,2026-09-26
Дмитров,56.333,37.517,2026-10-04T18:00,11.5,67,0.0,1029.2,3.68,223,51,2026-09-26
Дмитров,56.333,37.517,2026-10-04T19:00,10.3,73,0.0,1028.8,3.78,223,29,2026-09-26
Дмитров,56.333,37.517,2026-10-04T20:00,9.3,79,0.0,1028.5,3.85,224,12,2026-09-26
Дмитров,56.333,37.517,2026-10-04T21:00,8.8,83,0.0,1028.1,3.89,225,6,2026-09-26
Дмитров,56.333,37.517,2026-10-04T22:00,8.7,85,0.0,1027.7,3.89,226,12,2026-09-26
Дмитров,56.333,37.517,2026-10-04T23:00,8.8,86,0.0,1027.2,3.86,228,27,2026-09-26
Дмитров,56.333,37.517,2026-10-05T00:00,9.1,86,0.0,1026.7,3.83,229,47,2026-09-26
Дмитров,56.333,37.517,2026-10-05T01:00,9.4,86,0.0,1026.3,3.73,231,69,2026-09-26
Дмитров,56.333,37.517,2026-10-05T02:00,9.7,86,0.0,1025.8,3.67,232,88,2026-09-26
Дмитров,56.333,37.517,2026-10-05T03:00,9.9,85,0.0,1025.4,3.61,233,100,2026-09-26
Дмитров,56.333,37.517,2026-10-05T04:00,9.9,86,0.0,1025.0,3.54,234,100,2026-09-26
Дмитров,56.333,37.517,2026-10-05T05:00,9.9,86,0.0,1024.7,3.43,233,100,2026-09-26
Дмитров,56.333,37.517,2026-10-05T06:00,9.8,86,0.0,1024.5,3.35,232,100,2026-09-26
Дмитров,56.333,37.517,2026-10-05T07:00,9.7,87,0.0,1024.2,3.24,232,100,2026-09-26
Дмитров,56.333,37.517,2026-10-05T08:00,9.7,86,0.0,1023.9,3.17,232,100,2026-09-26
Дмитров,56.333,37.517,2026-10-05T09:00,9.9,85,0.0,1023.5,3.18,233,100,2026-09-26
Дмитров,56.333,37.517,2026-10-05T10:00,10.4,83,0.0,1023.1,3.24,236,92,2026-09-26
Дмитров,56.333,37.517,2026-10-05T11:00,11.2,80,0.0,1022.6,3.4,240,79,2026-09-26
Дмитров,56.333,37.517,2026-10-05T12:00,12.1,76,0.0,1022.0,3.62,244,65,2026-09-26
Дмитров,56.333,37.517,2026-10-05T13:00,12.9,73,0.0,1021.5,3.79,247,51,2026-09-26
Дмитров,56.333,37.517,2026-10-05T14:00,13.5,70,0.0,1021.1,3.97,251,41,2026-09-26
Дмитров,56.333,37.517,2026-10-05T15:00,13.8,69,0.0,1020.7,4.07,254,37,2026-09-26
Дмитров,56.333,37.517,2026-10-05T16:00,13.7,70,0.0,1020.4,4.01,256,41,2026-09-26
Дмитров,56.333,37.517,2026-10-05T17:00,13.3,71,0.0,1020.3,3.91,260,51,2026-09-26
Дмитров,56.333,37.517,2026-10-05T18:00,12.7,74,0.0,1020.1,3.77,264,65,2026-09-26
Дмитров,56.333,37.517,2026-10-05T19:00,12.0,77,0.0,1020.0,3.6,268,79,2026-09-26
Дмитров,56.333,37.517,2026-10-05T20:00,11.4,79,0.0,1019.9,3.5,271,92,2026-09-26
Дмитров,56.333,37.517,2026-10-05T21:00,11.0,81,0.0,1019.7,3.4,273,100,2026-09-26
Дмитров,56.333,37.517,2026-10-05T22:00,10.7,83,0.0,1019.4,3.35,273,100,2026-09-26
Дмитров,56.333,37.517,2026-10-05T23:00,10.5,85,0.0,1019.1,3.35,271,100,2026-09-26
Дмитров,56.333,37.517,2026-10-06T00:00,10.4,86,0.0,1018.8,3.35,268,100,2026-09-26
Дмитров,56.333,37.517,2026-10-06T01:00,10.4,87,0.0,1018.4,3.36,265,100,2026-09-26
Дмитров,56.333,37.517,2026-10-06T02:00,10.3,88,0.0,1018.1,3.38,262,100,2026-09-26
Дмитров,56.333,37.517,2026-10-06T03:00,10.4,88,0.0,1017.8,3.35,260,100,2026-09-26
Дмитров,56.333,37.517,2026-10-06T04:00,10.4,89,0.0,1017.6,3.28,258,99,2026-09-26
Дмитров,56.333,37.517,2026-10-06T05:00,10.6,89,0.0,1017.4,3.17,254,98,2026-09-26
Дмитров,56.333,37.517,2026-10-06T06:00,10.8,89,0.0,1017.3,3.0,252,96,2026-09-26
Дмитров,56.333,37.517,2026-10-06T07:00,11.0,88,0.0,1017.1,2.96,248,95,2026-09-26
Дмитров,56.333,37.517,2026-10-06T08:00,11.2,87,0.0,1017.0,2.95,246,93,2026-09-26
Дмитров,56.333,37.517,2026-10-06T09:00,11.5,85,0.0,1016.7,3.02,246,93,2026-09-26
Дмитров,56.333,37.517,2026-10-06T10:00,11.9,82,0.0,1016.3,3.27,247,93,2026-09-26
Дмитров,56.333,37.517,2026-10-06T11:00,12.5,77,0.0,1015.9,3.69,249,95,2026-09-26
Дмитров,56.333,37.517,2026-10-06T12:00,13.0,72,0.0,1015.5,4.16,252,96,2026-09-26
Дмитров,56.333,37.517,2026-10-06T13:00,13.5,68,0.0,1015.0,4.64,254,98,2026-09-26
Дмитров,56.333,37.517,2026-10-06T14:00,13.9,64,0.0,1014.6,5.07,255,99,2026-09-26
Дмитров,56.333,37.517,2026-10-06T15:00,14.1,63,0.0,1014.2,5.26,256,100,2026-09-26
Дмитров,56.333,37.517,2026-10-06T16:00,14.0,62,0.0,1013.9,5.28,255,100,2026-09-26
Дмитров,56.333,37.517,2026-10-06T17:00,13.8,63,0.0,1013.8,5.14,254,100,2026-09-26
Дмитров,56.333,37.517,2026-10-06T18:00,13.3,65,0.0,1013.6,4.92,253,100,2026-09-26
Дмитров,56.333,37.517,2026-10-06T19:00,12.9,67,0.0,1013.5,4.67,251,100,2026-09-26
Дмитров,56.333,37.517,2026-10-06T20:00,12.5,70,0.0,1013.3,4.47,248,100,2026-09-26
Дмитров,56.333,37.517,2026-10-06T21:00,12.2,72,0.0,1013.0,4.32,246,100,2026-09-26
Дмитров,56.333,37.517,2026-10-06T22:00,12.0,74,0.0,1012.6,4.29,244,100,2026-09-26
Дмитров,56.333,37.517,2026-10-06T23:00,11.9,76,0.0,1012.1,4.34,241,100,2026-09-26
Дмитров,56.333,37.517,2026-10-07T00:00,11.8,79,0.0,1011.6,4.4,238,100,2026-09-26
Дмитров,56.333,37.517,2026-10-07T01:00,11.8,81,0.0,1011.1,4.44,236,100,2026-09-26
Дмитров,56.333,37.517,2026-10-07T02:00,11.8,83,0.0,1010.6,4.56,235,100,2026-09-26
Дмитров,56.333,37.517,2026-10-07T03:00,11.8,84,0.0,1010.2,4.59,235,100,2026-09-26
Дмитров,56.333,37.517,2026-10-07T04:00,11.9,86,0.0,1009.9,4.6,236,100,2026-09-26
Дмитров,56.333,37.517,2026-10-07T05:00,11.9,86,0.0,1009.8,4.61,238,100,2026-09-26
Дмитров,56.333,37.517,2026-10-07T06:00,12.0,87,0.0,1009.6,4.57,241,100,2026-09-26
Дмитров,56.333,37.517,2026-10-07T07:00,12.1,87,0.0,1009.5,4.56,244,100,2026-09-26
Дмитров,56.333,37.517,2026-10-07T08:00,12.3,87,0.0,1009.4,4.64,246,100,2026-09-26
Дмитров,56.333,37.517,2026-10-07T09:00,12.5,85,0.0,1009.3,4.69,248,100,2026-09-26
Дмитров,56.333,37.517,2026-10-07T10:00,12.8,82,0.0,1009.1,4.83,249,100,2026-09-26
Дмитров,56.333,37.517,2026-10-07T11:00,13.2,78,0.0,1008.9,5.0,248,100,2026-09-26
Дмитров,56.333,37.517,2026-10-07T12:00,13.6,74,0.0,1008.7,5.25,248,100,2026-09-26
Дмитров,56.333,37.517,2026-10-07T13:00,14.0,69,0.0,1008.5,5.44,247,99,2026-09-26
Дмитров,56.333,37.517,2026-10-07T14:00,14.3,66,0.0,1008.4,5.57,246,99,2026-09-26
Дмитров,56.333,37.517,2026-10-07T15:00,14.4,65,0.0,1008.4,5.64,246,99,2026-09-26
Дмитров,56.333,37.517,2026-10-07T16:00,14.4,64,0.0,1008.5,5.62,246,99,2026-09-26
Дмитров,56.333,37.517,2026-10-07T17:00,14.2,65,0.0,1008.7,5.53,247,99,2026-09-26
Дмитров,56.333,37.517,2026-10-07T18:00,14.0,66,0.0,1009.0,5.4,248,99,2026-09-26
Дмитров,56.333,37.517,2026-10-07T19:00,13.7,68,0.0,1009.3,5.26,249,99,2026-09-26
Дмитров,56.333,37.517,2026-10-07T20:00,13.4,70,0.0,1009.6,5.03,249,98,2026-09-26
Дмитров,56.333,37.517,2026-10-07T21:00,13.0,72,0.0,1009.9,4.86,250,97,2026-09-26
Дмитров,56.333,37.517,2026-10-07T22:00,12.7,74,0.0,1010.2,4.63,250,95,2026-09-26
Дмитров,56.333,37.517,2026-10-07T23:00,12.2,77,0.0,1010.5,4.37,250,91,2026-09-26
Дмитров,56.333,37.517,2026-10-08T00:00,11.8,79,0.0,1010.8,4.1,250,88,2026-09-26
Дмитров,56.333,37.517,2026-10-08T01:00,11.3,82,0.0,1011.1,3.78,250,84,2026-09-26
Дмитров,56.333,37.517,2026-10-08T02:00,10.9,84,0.0,1011.3,3.52,247,82,2026-09-26
Дмитров,56.333,37.517,2026-10-08T03:00,10.7,86,0.0,1011.5,3.29,244,81,2026-09-26
Дмитров,56.333,37.517,2026-10-08T04:00,10.5,87,0.0,1011.7,3.06,236,83,2026-09-26
Дмитров,56.333,37.517,2026-10-08T05:00,10.3,89,0.0,1011.8,2.94,223,87,2026-09-26
Дмитров,56.333,37.517,2026-10-08T06:00,10.2,89,0.0,1011.9,2.98,209,92,2026-09-26
Дмитров,56.333,37.517,2026-10-08T07:00,10.2,90,0.0,1011.9,3.26,198,96,2026-09-26
Дмитров,56.333,37.517,2026-10-08T08:00,10.3,89,0.0,1011.9,3.62,191,99,2026-09-26
Дмитров,56.333,37.517,2026-10-08T09:00,10.7,87,0.0,1011.8,3.9,190,100,2026-09-26
Дмитров,56.333,37.517,2026-10-08T10:00,11.4,82,0.0,1011.6,4.12,194,98,2026-09-26
Дмитров,56.333,37.517,2026-10-08T11:00,12.6,76,0.0,1011.2,4.46,203,94,2026-09-26
Дмитров,56.333,37.517,2026-10-08T12:00,13.9,69,0.0,1010.8,4.9,212,88,2026-09-26
Дмитров,56.333,37.517,2026-10-08T13:00,15.1,63,0.0,1010.4,5.43,220,82,2026-09-26
Дмитров,56.333,37.517,2026-10-08T14:00,16.1,58,0.0,1010.0,5.9,225,74,2026-09-26
Дмитров,56.333,37.517,2026-10-08T15:00,16.5,56,0.0,1009.8,6.12,227,66,2026-09-26
Дмитров,56.333,37.517,2026-10-08T16:00,16.3,57,0.0,1009.7,6.05,227,55,2026-09-26
Дмитров,56.333,37.517,2026-10-08T17:00,15.7,60,0.0,1009.7,5.77,223,41,2026-09-26
Дмитров,56.333,37.517,2026-10-08T18:00,14.7,64,0.0,1009.7,5.34,218,26,2026-09-26
Дмитров,56.333,37.517,2026-10-08T19:00,13.7,68,0.0,1009.7,4.94,212,12,2026-09-26
Дмитров,56.333,37.517,2026-10-08T20:00,12.7,73,0.0,1009.8,4.65,205,3,2026-09-26
Дмитров,56.333,37.517,2026-10-08T21:00,11.9,77,0.0,1009.8,4.48,200,0,2026-09-26
Дмитров,56.333,37.517,2026-10-08T22:00,11.4,79,0.0,1009.8,4.4,197,6,2026-09-26
Дмитров,56.333,37.517,2026-10-08T23:00,10.9,81,0.0,1009.7,4.4,195,20,2026-09-26
Дмитров,56.333,37.517,2026-10-09T00:00,10.5,82,0.0,1009.7,4.39,195,38,2026-09-26
Дмитров,56.333,37.517,2026-10-09T01:00,10.2,83,0.0,1009.7,4.43,194,57,2026-09-26
Дмитров,56.333,37.517,2026-10-09T02:00,10.0,84,0.0,1009.6,4.4,192,74,2026-09-26
Дмитров,56.333,37.517,2026-10-09T03:00,9.8,85,0.0,1009.6,4.38,191,86,2026-09-26
Дмитров,56.333,37.517,2026-10-09T04:00,9.8,86,0.0,1009.6,4.3,189,93,2026-09-26
Дмитров,56.333,37.517,2026-10-09T05:00,9.8,87,0.0,1009.6,4.22,185,96,2026-09-26
Дмитров,56.333,37.517,2026-10-09T06:00,10.0,87,0.0,1009.6,4.15,182,98,2026-09-26
Дмитров,56.333,37.517,2026-10-09T07:00,10.2,87,0.0,1009.7,4.05,179,98,2026-09-26
Дмитров,56.333,37.517,2026-10-09T08:00,10.6,87,0.0,1009.6,4.06,176,98,2026-09-26
Дмитров,56.333,37.517,2026-10-09T09:00,11.0,84,0.0,1009.6,4.11,175,99,2026-09-26
Дмитров,56.333,37.517,2026-10-09T10:00,11.7,80,0.0,1009.5,4.26,175,100,2026-09-26
Дмитров,56.333,37.517,2026-10-09T11:00,12.7,74,0.0,1009.3,4.51,176,100,2026-09-26
Дмитров,56.333,37.517,2026-10-09T12:00,13.7,68,0.0,1009.1,4.75,178,100,2026-09-26
Дмитров,56.333,37.517,2026-10-09T13:00,14.7,62,0.0,1008.9,5.05,179,100,2026-09-26
Дмитров,56.333,37.517,2026-10-09T14:00,15.5,59,0.0,1008.8,5.25,181,100,2026-09-26
Дмитров,56.333,37.517,2026-10-09T15:00,15.8,56,0.0,1008.7,5.41,183,98,2026-09-26
Дмитров,56.333,37.517,2026-10-09T16:00,15.6,57,0.0,1008.7,5.46,184,86,2026-09-26
Дмитров,56.333,37.517,2026-10-09T17:00,15.1,58,0.0,1008.8,5.53,186,68,2026-09-26
Дмитров,56.333,37.517,2026-10-09T18:00,14.2,60,0.0,1008.9,5.55,188,48,2026-09-26
Дмитров,56.333,37.517,2026-10-09T19:00,13.3,64,0.0,1009.1,5.54,190,29,2026-09-26
Дмитров,56.333,37.517,2026-10-09T20:00,12.5,67,0.0,1009.2,5.43,193,14,2026-09-26
Дмитров,56.333,37.517,2026-10-09T21:00,11.9,70,0.0,1009.4,5.21,196,9,2026-09-26
Дмитров,56.333,37.517,2026-10-09T22:00,11.5,72,0.0,1009.6,4.87,201,15,2026-09-26
Дмитров,56.333,37.517,2026-10-09T23:00,11.3,75,0.0,1009.7,4.45,207,29,2026-09-26
Дмитров,56.333,37.517,2026-10-10T00:00,11.2,78,0.0,1009.9,4.0,217,49,2026-09-26
Дмитров,56.333,37.517,2026-10-10T01:00,11.1,80,0.0,1010.1,3.68,227,70,2026-09-26
Дмитров,56.333,37.517,2026-10-10T02:00,11.0,82,0.0,1010.4,3.57,239,88,2026-09-26
Дмитров,56.333,37.517,2026-10-10T03:00,10.7,83,0.0,1010.8,3.59,249,100,2026-09-26
Дмитров,56.333,37.517,2026-10-10T04:00,10.3,84,0.0,1011.3,3.76,256,100,2026-09-26
Дмитров,56.333,37.517,2026-10-10T05:00,9.8,83,0.0,1011.9,4.0,261,100,2026-09-26
Дмитров,56.333,37.517,2026-10-10T06:00,9.3,82,0.0,1012.5,4.26,265,100,2026-09-26
Дмитров,56.333,37.517,2026-10-10T07:00,8.8,80,0.0,1013.1,4.5,268,100,2026-09-26
Дмитров,56.333,37.517,2026-10-10T08:00,8.4,78,0.0,1013.8,4.7,270,100,2026-09-26
Дмитров,56.333,37.517,2026-10-10T09:00,8.2,76,0.0,1014.4,4.8,272,100,2026-09-26
Дмитров,56.333,37.517,2026-10-10T10:00,8.2,73,0.0,1015.0,4.87,275,100,2026-09-26
Дмитров,56.333,37.517,2026-10-10T11:00,8.5,70,0.0,1015.5,4.83,277,100,2026-09-26
Дмитров,56.333,37.517,2026-10-10T12:00,8.8,66,0.0,1016.1,4.75,278,100,2026-09-26
Дмитров,56.333,37.517,2026-10-10T13:00,9.2,63,0.0,1016.6,4.62,280,100,2026-09-26
Дмитров,56.333,37.517,2026-10-10T14:00,9.4,61,0.0,1017.1,4.44,282,100,2026-09-26
Дмитров,56.333,37.517,2026-10-10T15:00,9.3,60,0.0,1017.6,4.26,283,100,2026-09-26
Дмитров,56.333,37.517,2026-10-10T16:00,8.9,61,0.0,1018.1,4.01,284,95,2026-09-26
Дмитров,56.333,37.517,2026-10-10T17:00,8.2,63,0.0,1018.6,3.72,285,88,2026-09-26
Дмитров,56.333,37.517,2026-10-10T18:00,7.4,66,0.0,1019.1,3.41,284,79,2026-09-26
Дмитров,56.333,37.517,2026-10-10T19:00,6.5,70,0.0,1019.6,3.06,285,70,2026-09-26
Дмитров,56.333,37.517,2026-10-10T20:00,5.6,74,0.0,1020.0,2.74,285,61,2026-09-26
Дмитров,56.333,37.517,2026-10-10T21:00,4.9,77,0.0,1020.4,2.47,284,52,2026-09-26
Дмитров,56.333,37.517,2026-10-10T22:00,4.3,79,0.0,1020.7,2.21,283,43,2026-09-26
Дмитров,56.333,37.517,2026-10-10T23:00,3.7,83,0.0,1021.0,1.98,280,33,2026-09-26
Дмитров,56.333,37.517,2026-10-11T00:00,3.1,85,0.0,1021.2,1.76,277,23,2026-09-26
Дмитров,56.333,37.517,2026-10-11T01:00,3.9,89,0.0,1022.1,2.17,263,31,2026-09-26
Дмитров,56.333,37.517,2026-10-11T02:00,4.9,91,0.0,1022.6,2.81,251,46,2026-09-26
Дмитров,56.333,37.517,2026-10-11T03:00,6.2,92,0.0,1022.7,3.67,242,67,2026-09-26
Дмитров,56.333,37.517,2026-10-11T04:00,7.9,89,0.0,1022.2,4.66,235,94,2026-09-26
Дмитров,56.333,37.517,2026-10-11T05:00,8.2,84,0.0,1021.3,4.86,233,97,2026-09-26
Дмитров,56.333,37.517,2026-10-11T06:00,8.5,79,0.0,1020.5,5.02,235,100,2026-09-26
Дмитров,56.333,37.517,2026-10-11T07:00,9.0,74,0.0,1020.0,5.3,238,100,2026-09-26
Дмитров,56.333,37.517,2026-10-11T08:00,9.6,70,0.0,1019.5,5.55,242,100,2026-09-26
Дмитров,56.333,37.517,2026-10-11T09:00,9.9,69,0.0,1019.1,5.81,243,100,2026-09-26
Дмитров,56.333,37.517,2026-10-11T10:00,9.7,74,0.3,1018.6,6.04,241,100,2026-09-26
Дмитров,56.333,37.517,2026-10-11T11:00,9.3,82,0.3,1018.0,6.16,238,100,2026-09-26
Дмитров,56.333,37.517,2026-10-11T12:00,9.1,87,0.3,1017.5,6.3,237,100,2026-09-26
Дмитров,56.333,37.517,2026-10-11T13:00,9.4,87,0.1,1017.1,6.35,244,100,2026-09-26
Дмитров,56.333,37.517,2026-10-11T14:00,9.9,85,0.1,1016.9,6.55,254,100,2026-09-26
Дмитров,56.333,37.517,2026-10-11T15:00,10.3,84,0.1,1016.7,6.68,261,100,2026-09-26
Дмитров,56.333,37.517,2026-10-11T16:00,10.5,85,0.0,1016.7,6.42,266,99,2026-09-26
Дмитров,56.333,37.517,2026-10-11T17:00,10.6,86,0.0,1016.8,5.9,268,98,2026-09-26
Дмитров,56.333,37.517,2026-10-11T18:00,10.6,88,0.0,1016.9,5.5,271,98,2026-09-26
Дмитров,56.333,37.517,2026-10-11T19:00,10.7,89,0.0,1017.0,5.32,275,99,2026-09-26
Дмитров,56.333,37.517,2026-10-11T20:00,10.8,91,0.0,1017.1,5.26,279,100,2026-09-26
Дмитров,56.333,37.517,2026-10-11T21:00,10.8,92,0.0,1017.3,5.14,283,100,2026-09-26
Дмитров,56.333,37.517,2026-10-11T22:00,10.7,93,0.0,1017.6,4.96,289,98,2026-09-26
Дмитров,56.333,37.517,2026-10-11T23:00,10.5,94,0.0,1018.1,4.79,296,95,2026-09-26
Волоколамск,56.017,35.933,2026-09-26T00:00,8.7,96,0.0,1025.8,2.06,151,78,2026-09-26
Волоколамск,56.017,35.933,2026-09-26T01:00,8.3,96,0.0,1025.5,2.06,151,66,2026-09-26
Волоколамск,56.017,35.933,2026-09-26T02:00,8.2,96,0.0,1025.9,2.24,153,78,2026-09-26
Волоколамск,56.017,35.933,2026-09-26T03:00,8.0,97,0.0,1026.3,2.11,149,90,2026-09-26
Волоколамск,56.017,35.933,2026-09-26T04:00,7.9,97,0.0,1026.8,2.2,150,78,2026-09-26
Волоколамск,56.017,35.933,2026-09-26T05:00,7.6,98,0.0,1026.8,2.24,153,93,2026-09-26
Волоколамск,56.017,35.933,2026-09-26T06:00,7.8,98,0.0,1027.3,2.24,153,68,2026-09-26
Волоколамск,56.017,35.933,2026-09-26T07:00,7.8,98,0.0,1027.4,2.33,155,74,2026-09-26
Волоколамск,56.017,35.933,2026-09-26T08:00,8.3,95,0.0,1027.6,2.73,152,88,2026-09-26
Волоколамск,56.017,35.933,2026-09-26T09:00,9.3,92,0.0,1028.2,3.05,148,88,2026-09-26
Волоколамск,56.017,35.933,2026-09-26T10:00,11.3,81,0.0,1028.2,3.01,159,65,2026-09-26
Волоколамск,56.017,35.933,2026-09-26T11:00,13.1,73,0.0,1027.8,3.18,167,57,2026-09-26
Волоколамск,56.017,35.933,2026-09-26T12:00,14.0,70,0.0,1027.7,3.21,175,89,2026-09-26
Волоколамск,56.017,35.933,2026-09-26T13:00,15.1,67,0.0,1027.6,2.91,176,68,2026-09-26
Волоколамск,56.017,35.933,2026-09-26T14:00,15.5,66,0.0,1026.9,2.81,176,45,2026-09-26
Волоколамск,56.017,35.933,2026-09-26T15:00,16.1,60,0.0,1027.8,2.9,182,53,2026-09-26
Волоколамск,56.017,35.933,2026-09-26T16:00,15.6,61,0.0,1027.4,2.81,184,78,2026-09-26
Волоколамск,56.017,35.933,2026-09-26T17:00,14.9,66,0.0,1027.1,2.04,169,53,2026-09-26
Волоколамск,56.017,35.933,2026-09-26T18:00,13.3,75,0.0,1027.0,1.53,148,21,2026-09-26
Волоколамск,56.017,35.933,2026-09-26T19:00,11.6,82,0.0,1027.2,1.61,150,39,2026-09-26
Волоколамск,56.017,35.933,2026-09-26T20:00,11.1,85,0.0,1027.7,1.46,164,50,2026-09-26
Волоколамск,56.017,35.933,2026-09-26T21:00,10.8,85,0.0,1027.8,1.22,171,74,2026-09-26
Волоколамск,56.017,35.933,2026-09-26T22:00,10.5,87,0.0,1028.1,1.26,162,49,2026-09-26
Волоколамск,56.017,35.933,2026-09-26T23:00,9.9,88,0.0,1028.3,1.3,157,6,2026-09-26
Волоколамск,56.017,35.933,2026-09-27T00:00,9.4,89,0.0,1028.4,1.34,153,0,2026-09-26
Волоколамск,56.017,35.933,2026-09-27T01:00,9.1,89,0.0,1028.1,1.43,155,0,2026-09-26
Волоколамск,56.017,35.933,2026-09-27T02:00,8.9,89,0.0,1028.1,1.55,165,6,2026-09-26
Волоколамск,56.017,35.933,2026-09-27T03:00,8.7,90,0.0,1028.0,1.46,164,17,2026-09-26
Волоколамск,56.017,35.933,2026-09-27T04:00,8.5,90,0.0,1028.3,1.55,165,10,2026-09-26
Волоколамск,56.017,35.933,2026-09-27T05:00,8.4,90,0.0,1028.5,1.53,169,9,2026-09-26
Волоколамск,56.017,35.933,2026-09-27T06:00,8.2,91,0.0,1028.4,1.55,165,69,2026-09-26
Волоколамск,56.017,35.933,2026-09-27T07:00,8.4,91,0.0,1028.5,1.53,169,70,2026-09-26
Волоколамск,56.017,35.933,2026-09-27T08:00,9.4,88,0.0,1028.4,1.61,173,49,2026-09-26
Волоколамск,56.017,35.933,2026-09-27T09:00,11.1,82,0.0,1028.5,2.1,180,51,2026-09-26
Волоколамск,56.017,35.933,2026-09-27T10:00,12.9,76,0.0,1028.2,2.21,185,53,2026-09-26
Волоколамск,56.017,35.933,2026-09-27T11:00,14.6,71,0.0,1028.2,2.33,190,56,2026-09-26
Волоколамск,56.017,35.933,2026-09-27T12:00,15.7,69,0.0,1027.9,2.38,195,76,2026-09-26
Волоколамск,56.017,35.933,2026-09-27T13:00,16.2,66,0.0,1028.1,2.69,211,100,2026-09-26
Волоколамск,56.017,35.933,2026-09-27T14:00,16.2,67,0.0,1028.0,2.39,213,100,2026-09-26
Волоколамск,56.017,35.933,2026-09-27T15:00,15.5,73,0.2,1028.4,2.11,239,99,2026-09-26
Волоколамск,56.017,35.933,2026-09-27T16:00,14.7,81,0.3,1028.5,1.28,231,100,2026-09-26
Волоколамск,56.017,35.933,2026-09-27T17:00,14.1,84,0.0,1028.5,0.94,238,100,2026-09-26
Волоколамск,56.017,35.933,2026-09-27T18:00,13.2,89,0.2,1028.7,1.03,241,100,2026-09-26
Волоколамск,56.017,35.933,2026-09-27T19:00,12.5,93,0.4,1029.0,0.85,225,99,2026-09-26
Волоколамск,56.017,35.933,2026-09-27T20:00,12.1,94,0.3,1029.4,0.92,257,98,2026-09-26
Волоколамск,56.017,35.933,2026-09-27T21:00,11.9,95,0.7,1029.7,0.86,234,97,2026-09-26
Волоколамск,56.017,35.933,2026-09-27T22:00,11.6,95,0.0,1030.0,0.82,256,89,2026-09-26
Волоколамск,56.017,35.933,2026-09-27T23:00,11.2,95,0.0,1030.1,0.8,270,91,2026-09-26
Волоколамск,56.017,35.933,2026-09-28T00:00,10.6,96,0.0,1030.4,0.85,315,75,2026-09-26
Волоколамск,56.017,35.933,2026-09-28T01:00,10.1,97,0.0,1030.8,0.67,333,95,2026-09-26
Волоколамск,56.017,35.933,2026-09-28T02:00,10.1,97,0.0,1031.2,0.58,329,93,2026-09-26
Волоколамск,56.017,35.933,2026-09-28T03:00,10.0,97,0.0,1031.5,0.58,329,88,2026-09-26
Волоколамск,56.017,35.933,2026-09-28T04:00,9.8,98,0.0,1031.8,0.63,342,85,2026-09-26
Волоколамск,56.017,35.933,2026-09-28T05:00,9.6,99,0.0,1032.0,0.8,360,83,2026-09-26
Волоколамск,56.017,35.933,2026-09-28T06:00,9.7,99,0.0,1032.1,1.0,6,84,2026-09-26
Волоколамск,56.017,35.933,2026-09-28T07:00,9.8,99,0.0,1032.3,1.1,360,80,2026-09-26
Волоколамск,56.017,35.933,2026-09-28T08:00,10.4,99,0.0,1032.6,1.0,6,76,2026-09-26
Волоколамск,56.017,35.933,2026-09-28T09:00,11.0,95,0.0,1033.1,1.41,8,80,2026-09-26
Волоколамск,56.017,35.933,2026-09-28T10:00,11.7,92,0.0,1033.5,1.75,13,61,2026-09-26
Волоколамск,56.017,35.933,2026-09-28T11:00,12.9,82,0.0,1033.6,1.51,8,78,2026-09-26
Волоколамск,56.017,35.933,2026-09-28T12:00,13.6,76,0.0,1033.6,1.7,360,74,2026-09-26
Волоколамск,56.017,35.933,2026-09-28T13:00,14.2,73,0.0,1033.5,1.91,354,53,2026-09-26
Волоколамск,56.017,35.933,2026-09-28T14:00,14.7,68,0.0,1033.1,2.02,351,42,2026-09-26
Волоколамск,56.017,35.933,2026-09-28T15:00,14.8,65,0.0,1033.0,2.14,349,34,2026-09-26
Волоколамск,56.017,35.933,2026-09-28T16:00,14.4,64,0.0,1032.9,2.0,357,35,2026-09-26
Волоколамск,56.017,35.933,2026-09-28T17:00,13.6,67,0.0,1033.3,1.71,7,31,2026-09-26
Волоколамск,56.017,35.933,2026-09-28T18:00,11.9,78,0.0,1033.9,1.14,15,19,2026-09-26
Волоколамск,56.017,35.933,2026-09-28T19:00,10.4,80,0.0,1034.2,0.95,18,0,2026-09-26
Волоколамск,56.017,35.933,2026-09-28T20:00,9.4,81,0.0,1034.3,0.94,32,0,2026-09-26
Волоколамск,56.017,35.933,2026-09-28T21:00,8.5,83,0.0,1034.5,0.72,34,0,2026-09-26
Волоколамск,56.017,35.933,2026-09-28T22:00,8.0,84,0.0,1034.6,0.5,53,0,2026-09-26
Волоколамск,56.017,35.933,2026-09-28T23:00,7.5,85,0.0,1034.9,0.45,27,0,2026-09-26
Волоколамск,56.017,35.933,2026-09-29T00:00,6.9,87,0.0,1035.1,0.5,360,17,2026-09-26
Волоколамск,56.017,35.933,2026-09-29T01:00,6.4,90,0.0,1035.3,0.4,360,6,2026-09-26
Волоколамск,56.017,35.933,2026-09-29T02:00,5.8,92,0.0,1035.6,0.41,14,1,2026-09-26
Волоколамск,56.017,35.933,2026-09-29T03:00,5.4,95,0.0,1035.9,0.4,360,10,2026-09-26
Волоколамск,56.017,35.933,2026-09-29T04:00,4.9,97,0.0,1036.2,0.41,346,12,2026-09-26
Волоколамск,56.017,35.933,2026-09-29T05:00,4.5,99,0.0,1036.3,0.41,346,38,2026-09-26
Волоколамск,56.017,35.933,2026-09-29T06:00,4.2,100,0.0,1036.3,0.4,360,61,2026-09-26
Волоколамск,56.017,35.933,2026-09-29T07:00,4.3,100,0.0,1036.5,0.61,351,71,2026-09-26
Волоколамск,56.017,35.933,2026-09-29T08:00,5.4,100,0.0,1036.8,0.63,342,94,2026-09-26
Волоколамск,56.017,35.933,2026-09-29T09:00,7.2,98,0.0,1036.9,0.36,326,70,2026-09-26
Волоколамск,56.017,35.933,2026-09-29T10:00,10.3,85,0.0,1037.2,0.81,330,0,2026-09-26
Волоколамск,56.017,35.933,2026-09-29T11:00,12.5,77,0.0,1036.9,1.26,342,0,2026-09-26
Волоколамск,56.017,35.933,2026-09-29T12:00,13.9,68,0.0,1036.5,1.41,352,38,2026-09-26
Волоколамск,56.017,35.933,2026-09-29T13:00,14.6,62,0.0,1036.2,1.41,352,33,2026-09-26
Волоколамск,56.017,35.933,2026-09-29T14:00,15.1,59,0.0,1035.8,1.32,351,20,2026-09-26
Волоколамск,56.017,35.933,2026-09-29T15:00,15.2,57,0.0,1035.5,1.12,350,19,2026-09-26
Волоколамск,56.017,35.933,2026-09-29T16:00,14.9,58,0.0,1035.4,1.14,345,3,2026-09-26
Волоколамск,56.017,35.933,2026-09-29T17:00,14.1,66,0.0,1035.2,0.76,337,7,2026-09-26
Волоколамск,56.017,35.933,2026-09-29T18:00,12.5,72,0.0,1035.2,0.36,326,2,2026-09-26
Волоколамск,56.017,35.933,2026-09-29T19:00,10.8,75,0.0,1035.4,0.45,297,24,2026-09-26
Волоколамск,56.017,35.933,2026-09-29T20:00,9.7,78,0.0,1035.5,0.3,270,100,2026-09-26
Волоколамск,56.017,35.933,2026-09-29T21:00,9.3,80,0.0,1035.6,0.54,202,100,2026-09-26
Волоколамск,56.017,35.933,2026-09-29T22:00,8.9,81,0.0,1035.8,0.58,211,96,2026-09-26
Волоколамск,56.017,35.933,2026-09-29T23:00,8.9,81,0.0,1036.0,0.5,233,92,2026-09-26
Волоколамск,56.017,35.933,2026-09-30T00:00,8.9,81,0.0,1036.2,0.51,259,88,2026-09-26
Волоколамск,56.017,35.933,2026-09-30T01:00,8.8,81,0.0,1036.2,0.6,270,75,2026-09-26
Волоколамск,56.017,35.933,2026-09-30T02:00,8.6,81,0.0,1036.2,0.63,288,62,2026-09-26
Волоколамск,56.017,35.933,2026-09-30T03:00,8.4,81,0.0,1036.1,0.76,293,49,2026-09-26
Волоколамск,56.017,35.933,2026-09-30T04:00,7.9,82,0.0,1036.0,0.81,300,33,2026-09-26
Волоколамск,56.017,35.933,2026-09-30T05:00,7.3,82,0.0,1036.0,0.94,302,16,2026-09-26
Волоколамск,56.017,35.933,2026-09-30T06:00,7.2,83,0.0,1036.1,1.0,307,0,2026-09-26
Волоколамск,56.017,35.933,2026-09-30T07:00,7.7,84,0.0,1036.5,1.06,311,3,2026-09-26
Волоколамск,56.017,35.933,2026-09-30T08:00,8.7,85,0.0,1037.0,1.06,319,5,2026-09-26
Волоколамск,56.017,35.933,2026-09-30T09:00,9.8,85,0.0,1037.3,1.14,322,8,2026-09-26
Волоколамск,56.017,35.933,2026-09-30T10:00,11.3,82,0.0,1037.4,1.44,326,21,2026-09-26
Волоколамск,56.017,35.933,2026-09-30T11:00,12.9,76,0.0,1037.3,1.75,329,35,2026-09-26
Волоколамск,56.017,35.933,2026-09-30T12:00,14.1,73,0.0,1037.2,2.01,333,48,2026-09-26
Волоколамск,56.017,35.933,2026-09-30T13:00,14.7,72,0.0,1037.0,2.34,340,53,2026-09-26
Волоколамск,56.017,35.933,2026-09-30T14:00,14.9,73,0.0,1036.7,2.79,345,59,2026-09-26
Волоколамск,56.017,35.933,2026-09-30T15:00,14.8,75,0.0,1036.4,2.86,348,64,2026-09-26
Волоколамск,56.017,35.933,2026-09-30T16:00,14.3,78,0.0,1036.2,2.47,346,58,2026-09-26
Волоколамск,56.017,35.933,2026-09-30T17:00,13.4,81,0.0,1036.0,1.84,338,51,2026-09-26
Волоколамск,56.017,35.933,2026-09-30T18:00,12.5,84,0.0,1036.0,1.39,330,45,2026-09-26
Волоколамск,56.017,35.933,2026-09-30T19:00,11.5,86,0.0,1036.2,1.21,336,36,2026-09-26
Волоколамск,56.017,35.933,2026-09-30T20:00,10.4,87,0.0,1036.5,1.14,345,26,2026-09-26
Волоколамск,56.017,35.933,2026-09-30T21:00,9.5,88,0.0,1036.8,1.2,355,17,2026-09-26
Волоколамск,56.017,35.933,2026-09-30T22:00,8.9,88,0.0,1037.1,1.2,360,25,2026-09-26
Волоколамск,56.017,35.933,2026-09-30T23:00,8.4,89,0.0,1037.3,1.1,5,34,2026-09-26
Волоколамск,56.017,35.933,2026-10-01T00:00,7.9,89,0.0,1037.5,1.1,5,42,2026-09-26
Волоколамск,56.017,35.933,2026-10-01T01:00,7.3,90,0.0,1037.6,1.1,5,42,2026-09-26
Волоколамск,56.017,35.933,2026-10-01T02:00,6.7,92,0.0,1037.8,1.1,5,43,2026-09-26
Волоколамск,56.017,35.933,2026-10-01T03:00,6.1,93,0.0,1037.9,1.1,5,43,2026-09-26
Волоколамск,56.017,35.933,2026-10-01T04:00,5.5,94,0.0,1038.1,1.1,360,33,2026-09-26
Волоколамск,56.017,35.933,2026-10-01T05:00,4.8,95,0.0,1038.2,1.1,360,24,2026-09-26
Волоколамск,56.017,35.933,2026-10-01T06:00,4.7,95,0.0,1038.5,1.1,355,14,2026-09-26
Волоколамск,56.017,35.933,2026-10-01T07:00,5.4,94,0.0,1038.9,1.2,355,24,2026-09-26
Волоколамск,56.017,35.933,2026-10-01T08:00,6.5,92,0.0,1039.4,1.3,356,33,2026-09-26
Волоколамск,56.017,35.933,2026-10-01T09:00,7.8,88,0.0,1039.8,1.5,356,43,2026-09-26
Волоколамск,56.017,35.933,2026-10-01T10:00,9.4,82,0.0,1039.9,1.7,357,50,2026-09-26
Волоколамск,56.017,35.933,2026-10-01T11:00,11.1,74,0.0,1039.9,1.9,357,56,2026-09-26
Волоколамск,56.017,35.933,2026-10-01T12:00,12.5,67,0.0,1039.7,2.1,357,63,2026-09-26
Волоколамск,56.017,35.933,2026-10-01T13:00,13.2,62,0.0,1039.3,2.23,358,47,2026-09-26
Волоколамск,56.017,35.933,2026-10-01T14:00,13.8,58,0.0,1038.8,2.3,360,35,2026-09-26
Волоколамск,56.017,35.933,2026-10-01T15:00,13.9,56,0.0,1038.4,2.27,360,28,2026-09-26
Волоколамск,56.017,35.933,2026-10-01T16:00,13.1,61,0.0,1038.2,2.0,357,27,2026-09-26
Волоколамск,56.017,35.933,2026-10-01T17:00,11.9,67,0.0,1038.2,1.5,356,22,2026-09-26
Волоколамск,56.017,35.933,2026-10-01T18:00,10.6,73,0.0,1038.2,1.12,350,17,2026-09-26
Волоколамск,56.017,35.933,2026-10-01T19:00,9.5,76,0.0,1038.3,1.02,349,11,2026-09-26
Волоколамск,56.017,35.933,2026-10-01T20:00,8.4,78,0.0,1038.5,0.95,342,6,2026-09-26
Волоколамск,56.017,35.933,2026-10-01T21:00,7.5,79,0.0,1038.6,0.95,342,0,2026-09-26
Волоколамск,56.017,35.933,2026-10-01T22:00,6.8,80,0.0,1038.6,0.89,333,1,2026-09-26
Волоколамск,56.017,35.933,2026-10-01T23:00,6.3,82,0.0,1038.5,0.72,326,1,2026-09-26
Волоколамск,56.017,35.933,2026-10-02T00:00,5.9,83,0.0,1038.4,0.71,315,2,2026-09-26
Волоколамск,56.017,35.933,2026-10-02T01:00,5.5,84,0.0,1038.3,0.72,304,3,2026-09-26
Волоколамск,56.017,35.933,2026-10-02T02:00,5.2,86,0.0,1038.2,0.76,293,5,2026-09-26
Волоколамск,56.017,35.933,2026-10-02T03:00,5.0,87,0.0,1038.1,0.85,291,6,2026-09-26
Волоколамск,56.017,35.933,2026-10-02T04:00,4.6,88,0.0,1038.0,0.95,288,4,2026-09-26
Волоколамск,56.017,35.933,2026-10-02T05:00,4.3,89,0.0,1037.9,1.14,285,3,2026-09-26
Волоколамск,56.017,35.933,2026-10-02T06:00,4.5,89,0.0,1037.8,1.24,284,1,2026-09-26
Волоколамск,56.017,35.933,2026-10-02T07:00,5.3,88,0.0,1037.7,1.26,288,1,2026-09-26
Волоколамск,56.017,35.933,2026-10-02T08:00,6.6,86,0.0,1037.7,1.25,299,0,2026-09-26
Волоколамск,56.017,35.933,2026-10-02T09:00,8.1,82,0.0,1037.5,1.36,306,0,2026-09-26
Волоколамск,56.017,35.933,2026-10-02T10:00,9.9,76,0.0,1037.2,1.77,313,10,2026-09-26
Волоколамск,56.017,35.933,2026-10-02T11:00,11.8,69,0.0,1036.8,2.4,315,20,2026-09-26
Волоколамск,56.017,35.933,2026-10-02T12:00,13.3,63,0.0,1036.3,2.83,318,30,2026-09-26
Волоколамск,56.017,35.933,2026-10-02T13:00,14.2,58,0.0,1035.8,2.98,320,20,2026-09-26
Волоколамск,56.017,35.933,2026-10-02T14:00,14.7,54,0.0,1035.2,3.06,322,10,2026-09-26
Волоколамск,56.017,35.933,2026-10-02T15:00,14.7,53,0.0,1034.7,2.86,324,0,2026-09-26
Волоколамск,56.017,35.933,2026-10-02T16:00,13.9,57,0.0,1034.4,2.36,324,0,2026-09-26
Волоколамск,56.017,35.933,2026-10-02T17:00,12.7,64,0.0,1034.3,1.78,322,0,2026-09-26
Волоколамск,56.017,35.933,2026-10-02T18:00,11.5,70,0.0,1034.2,1.28,321,0,2026-09-26
Волоколамск,56.017,35.933,2026-10-02T19:00,10.4,75,0.0,1034.1,1.22,325,22,2026-09-26
Волоколамск,56.017,35.933,2026-10-02T20:00,9.3,80,0.0,1034.1,1.3,328,43,2026-09-26
Волоколамск,56.017,35.933,2026-10-02T21:00,8.5,84,0.0,1034.1,1.39,330,65,2026-09-26
Волоколамск,56.017,35.933,2026-10-02T22:00,8.3,87,0.0,1034.2,1.39,330,72,2026-09-26
Волоколамск,56.017,35.933,2026-10-02T23:00,8.3,88,0.0,1034.4,1.43,335,78,2026-09-26
Волоколамск,56.017,35.933,2026-10-03T00:00,8.4,90,0.0,1034.5,1.43,335,85,2026-09-26
Волоколамск,56.017,35.933,2026-10-03T01:00,8.4,92,0.0,1034.5,1.43,335,88,2026-09-26
Волоколамск,56.017,35.933,2026-10-03T02:00,8.4,95,0.0,1034.4,1.34,333,92,2026-09-26
Волоколамск,56.017,35.933,2026-10-03T03:00,8.5,97,0.0,1034.4,1.3,337,95,2026-09-26
Волоколамск,56.017,35.933,2026-10-03T04:00,8.6,98,0.0,1034.4,1.17,340,97,2026-09-26
Волоколамск,56.017,35.933,2026-10-03T05:00,8.7,98,0.0,1034.4,1.14,345,98,2026-09-26
Волоколамск,56.017,35.933,2026-10-03T06:00,8.9,98,0.0,1034.5,1.0,354,100,2026-09-26
Волоколамск,56.017,35.933,2026-10-03T07:00,9.1,98,0.0,1034.7,1.0,360,99,2026-09-26
Волоколамск,56.017,35.933,2026-10-03T08:00,9.4,98,0.0,1035.0,0.92,13,99,2026-09-26
Волоколамск,56.017,35.933,2026-10-03T09:00,9.7,97,0.0,1035.3,0.89,27,98,2026-09-26
Волоколамск,56.017,35.933,2026-10-03T10:00,10.1,94,0.0,1035.5,1.0,53,97,2026-09-26
Волоколамск,56.017,35.933,2026-10-03T11:00,10.6,89,0.0,1035.6,1.24,76,97,2026-09-26
Волоколамск,56.017,35.933,2026-10-03T12:00,11.1,85,0.0,1035.7,1.4,86,96,2026-09-26
Волоколамск,56.017,35.933,2026-10-03T13:00,11.5,80,0.0,1035.6,1.3,90,93,2026-09-26
Волоколамск,56.017,35.933,2026-10-03T14:00,12.0,75,0.0,1035.3,1.0,90,89,2026-09-26
Волоколамск,56.017,35.933,2026-10-03T15:00,12.1,72,0.0,1035.2,0.7,90,86,2026-09-26
Волоколамск,56.017,35.933,2026-10-03T16:00,11.9,74,0.0,1035.2,0.54,68,84,2026-09-26
Волоколамск,56.017,35.933,2026-10-03T17:00,11.4,78,0.0,1035.3,0.54,22,83,2026-09-26
Волоколамск,56.017,35.933,2026-10-03T18:00,10.9,82,0.0,1035.4,0.63,18,81,2026-09-26
Волоколамск,56.017,35.933,2026-10-03T19:00,10.3,83,0.0,1035.5,0.58,59,75,2026-09-26
Волоколамск,56.017,35.933,2026-10-03T20:00,9.5,83,0.0,1035.6,0.91,96,69,2026-09-26
Волоколамск,56.017,35.933,2026-10-03T21:00,8.8,83,0.0,1035.7,1.3,113,63,2026-09-26
Волоколамск,56.017,35.933,2026-10-03T22:00,8.1,85,0.0,1035.8,1.3,122,68,2026-09-26
Волоколамск,56.017,35.933,2026-10-03T23:00,7.3,88,0.0,1036.0,1.2,132,74,2026-09-26
Волоколамск,56.017,35.933,2026-10-04T00:00,6.7,90,0.0,1036.1,1.14,142,79,2026-09-26
Волоколамск,56.017,35.933,2026-10-04T01:00,5.0,89,0.0,1036.2,1.45,159,60,2026-09-26
Волоколамск,56.017,35.933,2026-10-04T02:00,3.5,88,0.0,1036.1,1.89,173,41,2026-09-26
Волоколамск,56.017,35.933,2026-10-04T03:00,2.3,86,0.0,1036.0,2.39,187,21,2026-09-26
Волоколамск,56.017,35.933,2026-10-04T04:00,1.5,83,0.0,1035.7,2.82,200,0,2026-09-26
Волоколамск,56.017,35.933,2026-10-04T05:00,1.9,80,0.0,1035.6,2.82,200,0,2026-09-26
Волоколамск,56.017,35.933,2026-10-04T06:00,2.4,77,0.0,1035.4,2.75,199,0,2026-09-26
Волоколамск,56.017,35.933,2026-10-04T07:00,3.1,73,0.0,1035.1,2.62,198,0,2026-09-26
Волоколамск,56.017,35.933,2026-10-04T08:00,3.9,70,0.0,1034.8,2.58,198,0,2026-09-26
Волоколамск,56.017,35.933,2026-10-04T09:00,4.9,68,0.0,1034.4,2.55,200,0,2026-09-26
Волоколамск,56.017,35.933,2026-10-04T10:00,6.2,65,0.0,1033.9,2.6,203,1,2026-09-26
Волоколамск,56.017,35.933,2026-10-04T11:00,8.0,63,0.0,1033.3,2.73,206,3,2026-09-26
Волоколамск,56.017,35.933,2026-10-04T12:00,9.9,60,0.0,1032.6,2.91,209,5,2026-09-26
Волоколамск,56.017,35.933,2026-10-04T13:00,11.7,59,0.0,1031.9,3.08,212,7,2026-09-26
Волоколамск,56.017,35.933,2026-10-04T14:00,13.2,58,0.0,1031.2,3.26,216,8,2026-09-26
Волоколамск,56.017,35.933,2026-10-04T15:00,13.9,59,0.0,1030.7,3.38,218,9,2026-09-26
Волоколамск,56.017,35.933,2026-10-04T16:00,13.9,61,0.0,1030.3,3.47,221,9,2026-09-26
Волоколамск,56.017,35.933,2026-10-04T17:00,13.2,64,0.0,1029.9,3.54,224,7,2026-09-26
Волоколамск,56.017,35.933,2026-10-04T18:00,12.2,70,0.0,1029.7,3.61,226,6,2026-09-26
Волоколамск,56.017,35.933,2026-10-04T19:00,11.0,76,0.0,1029.4,3.65,229,4,2026-09-26
Волоколамск,56.017,35.933,2026-10-04T20:00,9.9,81,0.0,1029.1,3.7,232,2,2026-09-26
Волоколамск,56.017,35.933,2026-10-04T21:00,9.1,86,0.0,1028.8,3.75,233,2,2026-09-26
Волоколамск,56.017,35.933,2026-10-04T22:00,8.6,89,0.0,1028.5,3.76,234,2,2026-09-26
Волоколамск,56.017,35.933,2026-10-04T23:00,8.1,92,0.0,1028.1,3.77,235,3,2026-09-26
Волоколамск,56.017,35.933,2026-10-05T00:00,7.8,94,0.0,1027.8,3.77,235,4,2026-09-26
Волоколамск,56.017,35.933,2026-10-05T01:00,7.5,95,0.0,1027.4,3.74,236,6,2026-09-26
Волоколамск,56.017,35.933,2026-10-05T02:00,7.3,96,0.0,1027.1,3.72,237,8,2026-09-26
Волоколамск,56.017,35.933,2026-10-05T03:00,7.3,97,0.0,1026.7,3.69,237,11,2026-09-26
Волоколамск,56.017,35.933,2026-10-05T04:00,7.3,97,0.0,1026.4,3.66,238,14,2026-09-26
Волоколамск,56.017,35.933,2026-10-05T05:00,7.5,97,0.0,1026.0,3.59,238,17,2026-09-26
Волоколамск,56.017,35.933,2026-10-05T06:00,7.8,96,0.0,1025.7,3.52,238,21,2026-09-26
Волоколамск,56.017,35.933,2026-10-05T07:00,8.1,95,0.0,1025.4,3.46,239,26,2026-09-26
Волоколамск,56.017,35.933,2026-10-05T08:00,8.6,93,0.0,1025.0,3.4,240,31,2026-09-26
Волоколамск,56.017,35.933,2026-10-05T09:00,9.1,91,0.0,1024.6,3.44,242,38,2026-09-26
Волоколамск,56.017,35.933,2026-10-05T10:00,9.8,86,0.0,1024.1,3.56,246,47,2026-09-26
Волоколамск,56.017,35.933,2026-10-05T11:00,10.8,80,0.0,1023.6,3.73,250,60,2026-09-26
Волоколамск,56.017,35.933,2026-10-05T12:00,11.8,74,0.0,1023.1,4.0,254,73,2026-09-26
Волоколамск,56.017,35.933,2026-10-05T13:00,12.8,69,0.0,1022.5,4.25,258,85,2026-09-26
Волоколамск,56.017,35.933,2026-10-05T14:00,13.6,65,0.0,1022.1,4.46,261,94,2026-09-26
Волоколамск,56.017,35.933,2026-10-05T15:00,14.0,63,0.0,1021.7,4.58,264,98,2026-09-26
Волоколамск,56.017,35.933,2026-10-05T16:00,14.0,63,0.0,1021.4,4.56,266,95,2026-09-26
Волоколамск,56.017,35.933,2026-10-05T17:00,13.6,64,0.0,1021.3,4.5,269,86,2026-09-26
Волоколамск,56.017,35.933,2026-10-05T18:00,12.9,67,0.0,1021.2,4.35,273,74,2026-09-26
Волоколамск,56.017,35.933,2026-10-05T19:00,12.2,71,0.0,1021.1,4.17,276,61,2026-09-26
Волоколамск,56.017,35.933,2026-10-05T20:00,11.6,74,0.0,1021.0,4.04,278,52,2026-09-26
Волоколамск,56.017,35.933,2026-10-05T21:00,11.1,77,0.0,1020.8,3.9,279,48,2026-09-26
Волоколамск,56.017,35.933,2026-10-05T22:00,10.9,79,0.0,1020.5,3.74,278,51,2026-09-26
Волоколамск,56.017,35.933,2026-10-05T23:00,10.7,82,0.0,1020.2,3.62,276,60,2026-09-26
Волоколамск,56.017,35.933,2026-10-06T00:00,10.5,84,0.0,1019.9,3.45,272,71,2026-09-26
Волоколамск,56.017,35.933,2026-10-06T01:00,10.4,87,0.0,1019.5,3.35,268,83,2026-09-26
Волоколамск,56.017,35.933,2026-10-06T02:00,10.3,89,0.0,1019.2,3.22,264,93,2026-09-26
Волоколамск,56.017,35.933,2026-10-06T03:00,10.3,90,0.0,1018.9,3.21,259,100,2026-09-26
Волоколамск,56.017,35.933,2026-10-06T04:00,10.2,92,0.0,1018.7,3.21,255,100,2026-09-26
Волоколамск,56.017,35.933,2026-10-06T05:00,10.1,93,0.0,1018.5,3.28,249,100,2026-09-26
Волоколамск,56.017,35.933,2026-10-06T06:00,10.0,94,0.0,1018.4,3.35,243,100,2026-09-26
Волоколамск,56.017,35.933,2026-10-06T07:00,10.0,95,0.0,1018.3,3.5,239,100,2026-09-26
Волоколамск,56.017,35.933,2026-10-06T08:00,10.0,94,0.0,1018.1,3.65,237,100,2026-09-26
Волоколамск,56.017,35.933,2026-10-06T09:00,10.3,92,0.0,1017.8,3.86,236,100,2026-09-26
Волоколамск,56.017,35.933,2026-10-06T10:00,10.8,87,0.0,1017.4,4.07,238,100,2026-09-26
Волоколамск,56.017,35.933,2026-10-06T11:00,11.5,80,0.0,1017.0,4.34,243,100,2026-09-26
Волоколамск,56.017,35.933,2026-10-06T12:00,12.3,73,0.0,1016.4,4.68,247,99,2026-09-26
Волоколамск,56.017,35.933,2026-10-06T13:00,13.1,66,0.0,1015.9,4.98,251,99,2026-09-26
Волоколамск,56.017,35.933,2026-10-06T14:00,13.8,61,0.0,1015.5,5.27,253,99,2026-09-26
Волоколамск,56.017,35.933,2026-10-06T15:00,14.1,59,0.0,1015.1,5.43,255,99,2026-09-26
Волоколамск,56.017,35.933,2026-10-06T16:00,14.1,59,0.0,1014.9,5.48,255,99,2026-09-26
Волоколамск,56.017,35.933,2026-10-06T17:00,13.8,60,0.0,1014.7,5.41,254,99,2026-09-26
Волоколамск,56.017,35.933,2026-10-06T18:00,13.3,63,0.0,1014.6,5.3,252,99,2026-09-26
Волоколамск,56.017,35.933,2026-10-06T19:00,12.8,67,0.0,1014.5,5.09,250,100,2026-09-26
Волоколамск,56.017,35.933,2026-10-06T20:00,12.4,70,0.0,1014.3,5.0,248,100,2026-09-26
Волоколамск,56.017,35.933,2026-10-06T21:00,12.1,73,0.0,1014.1,4.88,247,100,2026-09-26
Волоколамск,56.017,35.933,2026-10-06T22:00,12.0,76,0.0,1013.7,4.79,247,100,2026-09-26
Волоколамск,56.017,35.933,2026-10-06T23:00,11.9,79,0.0,1013.3,4.75,246,100,2026-09-26
Волоколамск,56.017,35.933,2026-10-07T00:00,11.9,81,0.0,1012.8,4.7,246,100,2026-09-26
Волоколамск,56.017,35.933,2026-10-07T01:00,12.0,84,0.0,1012.3,4.64,246,100,2026-09-26
Волоколамск,56.017,35.933,2026-10-07T02:00,12.0,86,0.0,1011.8,4.59,246,100,2026-09-26
Волоколамск,56.017,35.933,2026-10-07T03:00,12.1,87,0.0,1011.5,4.56,245,100,2026-09-26
Волоколамск,56.017,35.933,2026-10-07T04:00,12.1,87,0.0,1011.3,4.45,244,100,2026-09-26
Волоколамск,56.017,35.933,2026-10-07T05:00,12.1,85,0.0,1011.1,4.36,242,99,2026-09-26
Волоколамск,56.017,35.933,2026-10-07T06:00,12.1,84,0.0,1011.1,4.26,239,99,2026-09-26
Волоколамск,56.017,35.933,2026-10-07T07:00,12.2,82,0.0,1011.0,4.19,237,98,2026-09-26
Волоколамск,56.017,35.933,2026-10-07T08:00,12.3,79,0.0,1010.9,4.2,235,98,2026-09-26
Волоколамск,56.017,35.933,2026-10-07T09:00,12.4,78,0.0,1010.8,4.3,234,98,2026-09-26
Волоколамск,56.017,35.933,2026-10-07T10:00,12.7,76,0.0,1010.6,4.58,236,98,2026-09-26
Волоколамск,56.017,35.933,2026-10-07T11:00,13.1,74,0.0,1010.4,4.98,239,99,2026-09-26
Волоколамск,56.017,35.933,2026-10-07T12:00,13.5,72,0.0,1010.1,5.53,241,100,2026-09-26
Волоколамск,56.017,35.933,2026-10-07T13:00,13.9,70,0.0,1009.9,6.04,243,100,2026-09-26
Волоколамск,56.017,35.933,2026-10-07T14:00,14.2,69,0.0,1009.7,6.42,246,100,2026-09-26
Волоколамск,56.017,35.933,2026-10-07T15:00,14.3,69,0.0,1009.7,6.59,247,100,2026-09-26
Волоколамск,56.017,35.933,2026-10-07T16:00,14.1,69,0.0,1009.8,6.53,248,99,2026-09-26
Волоколамск,56.017,35.933,2026-10-07T17:00,13.8,70,0.0,1010.0,6.25,249,97,2026-09-26
Волоколамск,56.017,35.933,2026-10-07T18:00,13.3,72,0.0,1010.3,5.87,251,96,2026-09-26
Волоколамск,56.017,35.933,2026-10-07T19:00,12.8,74,0.0,1010.6,5.39,253,93,2026-09-26
Волоколамск,56.017,35.933,2026-10-07T20:00,12.3,76,0.0,1010.9,4.99,254,92,2026-09-26
Волоколамск,56.017,35.933,2026-10-07T21:00,11.8,78,0.0,1011.2,4.62,254,90,2026-09-26
Волоколамск,56.017,35.933,2026-10-07T22:00,11.3,80,0.0,1011.4,4.33,253,89,2026-09-26
Волоколамск,56.017,35.933,2026-10-07T23:00,10.7,83,0.0,1011.7,4.06,251,87,2026-09-26
Волоколамск,56.017,35.933,2026-10-08T00:00,10.2,86,0.0,1011.9,3.77,248,86,2026-09-26
Волоколамск,56.017,35.933,2026-10-08T01:00,9.7,89,0.0,1012.1,3.51,244,84,2026-09-26
Волоколамск,56.017,35.933,2026-10-08T02:00,9.2,92,0.0,1012.2,3.34,238,84,2026-09-26
Волоколамск,56.017,35.933,2026-10-08T03:00,9.0,93,0.0,1012.3,3.24,232,84,2026-09-26
Волоколамск,56.017,35.933,2026-10-08T04:00,8.8,95,0.0,1012.3,3.22,223,86,2026-09-26
Волоколамск,56.017,35.933,2026-10-08T05:00,8.8,95,0.0,1012.3,3.36,213,90,2026-09-26
Волоколамск,56.017,35.933,2026-10-08T06:00,8.8,96,0.0,1012.3,3.65,203,95,2026-09-26
Волоколамск,56.017,35.933,2026-10-08T07:00,8.9,95,0.0,1012.2,4.02,197,99,2026-09-26
Волоколамск,56.017,35.933,2026-10-08T08:00,9.3,93,0.0,1012.1,4.37,193,100,2026-09-26
Волоколамск,56.017,35.933,2026-10-08T09:00,9.8,90,0.0,1011.9,4.61,193,98,2026-09-26
Волоколамск,56.017,35.933,2026-10-08T10:00,10.7,85,0.0,1011.6,4.75,197,91,2026-09-26
Волоколамск,56.017,35.933,2026-10-08T11:00,12.0,78,0.0,1011.3,4.86,204,79,2026-09-26
Волоколамск,56.017,35.933,2026-10-08T12:00,13.5,71,0.0,1010.9,5.06,213,65,2026-09-26
Волоколамск,56.017,35.933,2026-10-08T13:00,14.9,64,0.0,1010.5,5.32,220,51,2026-09-26
Волоколамск,56.017,35.933,2026-10-08T14:00,16.0,60,0.0,1010.2,5.62,226,37,2026-09-26
Волоколамск,56.017,35.933,2026-10-08T15:00,16.5,58,0.0,1009.9,5.73,228,27,2026-09-26
Волоколамск,56.017,35.933,2026-10-08T16:00,16.3,58,0.0,1009.7,5.66,226,19,2026-09-26
Волоколамск,56.017,35.933,2026-10-08T17:00,15.6,60,0.0,1009.6,5.42,221,12,2026-09-26
Волоколамск,56.017,35.933,2026-10-08T18:00,14.5,63,0.0,1009.6,5.2,213,7,2026-09-26
Волоколамск,56.017,35.933,2026-10-08T19:00,13.3,67,0.0,1009.6,5.03,205,3,2026-09-26
Волоколамск,56.017,35.933,2026-10-08T20:00,12.2,72,0.0,1009.5,4.98,198,0,2026-09-26
Волоколамск,56.017,35.933,2026-10-08T21:00,11.4,75,0.0,1009.5,4.96,192,0,2026-09-26
Волоколамск,56.017,35.933,2026-10-08T22:00,10.9,78,0.0,1009.4,4.92,190,2,2026-09-26
Волоколамск,56.017,35.933,2026-10-08T23:00,10.4,80,0.0,1009.4,4.86,189,6,2026-09-26
Волоколамск,56.017,35.933,2026-10-09T00:00,10.0,83,0.0,1009.3,4.76,189,12,2026-09-26
Волоколамск,56.017,35.933,2026-10-09T01:00,9.8,85,0.0,1009.2,4.67,190,19,2026-09-26
Волоколамск,56.017,35.933,2026-10-09T02:00,9.6,86,0.0,1009.2,4.57,190,27,2026-09-26
Волоколамск,56.017,35.933,2026-10-09T03:00,9.4,88,0.0,1009.1,4.51,190,35,2026-09-26
Волоколамск,56.017,35.933,2026-10-09T04:00,9.4,89,0.0,1009.1,4.44,188,44,2026-09-26
Волоколамск,56.017,35.933,2026-10-09T05:00,9.4,89,0.0,1009.0,4.36,185,55,2026-09-26
Волоколамск,56.017,35.933,2026-10-09T06:00,9.5,89,0.0,1009.0,4.35,181,67,2026-09-26
Волоколамск,56.017,35.933,2026-10-09T07:00,9.6,89,0.0,1009.0,4.35,178,79,2026-09-26
Волоколамск,56.017,35.933,2026-10-09T08:00,9.9,88,0.0,1009.0,4.36,175,88,2026-09-26
Волоколамск,56.017,35.933,2026-10-09T09:00,10.4,85,0.0,1008.9,4.47,174,95,2026-09-26
Волоколамск,56.017,35.933,2026-10-09T10:00,11.1,80,0.0,1008.8,4.67,174,98,2026-09-26
Волоколамск,56.017,35.933,2026-10-09T11:00,12.1,73,0.0,1008.5,4.91,176,99,2026-09-26
Волоколамск,56.017,35.933,2026-10-09T12:00,13.2,67,0.0,1008.3,5.2,178,98,2026-09-26
Волоколамск,56.017,35.933,2026-10-09T13:00,14.3,61,0.0,1008.1,5.5,179,96,2026-09-26
Волоколамск,56.017,35.933,2026-10-09T14:00,15.1,57,0.0,1007.9,5.75,181,94,2026-09-26
Волоколамск,56.017,35.933,2026-10-09T15:00,15.6,55,0.0,1007.9,5.86,183,93,2026-09-26
Волоколамск,56.017,35.933,2026-10-09T16:00,15.5,55,0.0,1008.0,5.88,185,93,2026-09-26
Волоколамск,56.017,35.933,2026-10-09T17:00,15.2,56,0.0,1008.1,5.85,187,93,2026-09-26
Волоколамск,56.017,35.933,2026-10-09T18:00,14.6,59,0.0,1008.3,5.74,190,93,2026-09-26
Волоколамск,56.017,35.933,2026-10-09T19:00,13.8,62,0.0,1008.5,5.59,193,93,2026-09-26
Волоколамск,56.017,35.933,2026-10-09T20:00,13.1,66,0.0,1008.8,5.41,196,93,2026-09-26
Волоколамск,56.017,35.933,2026-10-09T21:00,12.4,69,0.0,1009.1,5.2,200,93,2026-09-26
Волоколамск,56.017,35.933,2026-10-09T22:00,11.7,73,0.1,1009.5,4.92,204,94,2026-09-26
Волоколамск,56.017,35.933,2026-10-09T23:00,11.0,77,0.1,1009.9,4.59,209,94,2026-09-26
Волоколамск,56.017,35.933,2026-10-10T00:00,10.2,82,0.1,1010.3,4.33,216,95,2026-09-26
Волоколамск,56.017,35.933,2026-10-10T01:00,9.5,87,0.1,1010.8,4.03,224,96,2026-09-26
Волоколамск,56.017,35.933,2026-10-10T02:00,8.8,91,0.1,1011.4,3.85,232,97,2026-09-26
Волоколамск,56.017,35.933,2026-10-10T03:00,8.3,92,0.1,1011.9,3.74,240,97,2026-09-26
Волоколамск,56.017,35.933,2026-10-10T04:00,7.9,92,0.0,1012.5,3.72,248,97,2026-09-26
Волоколамск,56.017,35.933,2026-10-10T05:00,7.6,90,0.0,1013.1,3.76,256,97,2026-09-26
Волоколамск,56.017,35.933,2026-10-10T06:00,7.3,86,0.0,1013.8,3.88,263,96,2026-09-26
Волоколамск,56.017,35.933,2026-10-10T07:00,7.1,82,0.0,1014.4,4.0,270,96,2026-09-26
Волоколамск,56.017,35.933,2026-10-10T08:00,7.0,78,0.0,1015.0,4.12,276,95,2026-09-26
Волоколамск,56.017,35.933,2026-10-10T09:00,7.1,74,0.0,1015.6,4.26,279,94,2026-09-26
Волоколамск,56.017,35.933,2026-10-10T10:00,7.4,70,0.0,1016.1,4.35,283,94,2026-09-26
Волоколамск,56.017,35.933,2026-10-10T11:00,7.9,66,0.0,1016.6,4.4,285,94,2026-09-26
Волоколамск,56.017,35.933,2026-10-10T12:00,8.5,61,0.0,1017.0,4.44,287,94,2026-09-26
Волоколамск,56.017,35.933,2026-10-10T13:00,9.1,58,0.0,1017.4,4.43,288,93,2026-09-26
Волоколамск,56.017,35.933,2026-10-10T14:00,9.5,55,0.0,1017.9,4.32,290,90,2026-09-26
Волоколамск,56.017,35.933,2026-10-10T15:00,9.5,54,0.0,1018.3,4.22,292,84,2026-09-26
Волоколамск,56.017,35.933,2026-10-10T16:00,9.0,55,0.0,1018.8,4.03,295,74,2026-09-26
Волоколамск,56.017,35.933,2026-10-10T17:00,8.2,58,0.0,1019.3,3.78,298,60,2026-09-26
Волоколамск,56.017,35.933,2026-10-10T18:00,7.2,62,0.0,1019.9,3.48,302,44,2026-09-26
Волоколамск,56.017,35.933,2026-10-10T19:00,6.1,67,0.0,1020.4,3.15,306,27,2026-09-26
Волоколамск,56.017,35.933,2026-10-10T20:00,5.1,72,0.0,1020.8,2.84,309,14,2026-09-26
Волоколамск,56.017,35.933,2026-10-10T21:00,4.3,75,0.0,1021.2,2.51,313,4,2026-09-26
Волоколамск,56.017,35.933,2026-10-10T22:00,3.6,78,0.0,1021.4,2.12,313,0,2026-09-26
Волоколамск,56.017,35.933,2026-10-10T23:00,2.9,81,0.0,1021.6,1.67,311,0,2026-09-26
Волоколамск,56.017,35.933,2026-10-11T00:00,2.4,83,0.0,1021.7,1.18,306,0,2026-09-26
Волоколамск,56.017,35.933,2026-10-11T01:00,3.2,87,0.0,1022.6,1.51,275,21,2026-09-26
Волоколамск,56.017,35.933,2026-10-11T02:00,4.3,90,0.0,1023.2,2.25,243,40,2026-09-26
Волоколамск,56.017,35.933,2026-10-11T03:00,5.7,92,0.0,1023.2,3.35,226,58,2026-09-26
Волоколамск,56.017,35.933,2026-10-11T04:00,7.3,89,0.0,1023.0,4.53,227,83,2026-09-26
Волоколамск,56.017,35.933,2026-10-11T05:00,7.4,83,0.0,1022.2,4.74,226,93,2026-09-26
Волоколамск,56.017,35.933,2026-10-11T06:00,7.7,78,0.0,1021.6,4.88,227,100,2026-09-26
Волоколамск,56.017,35.933,2026-10-11T07:00,8.2,75,0.0,1021.1,4.94,234,100,2026-09-26
Волоколамск,56.017,35.933,2026-10-11T08:00,8.8,73,0.0,1020.8,5.05,243,100,2026-09-26
Волоколамск,56.017,35.933,2026-10-11T09:00,9.2,73,0.0,1020.4,5.29,248,100,2026-09-26
Волоколамск,56.017,35.933,2026-10-11T10:00,9.1,76,0.5,1019.9,5.59,243,100,2026-09-26
Волоколамск,56.017,35.933,2026-10-11T11:00,8.8,82,0.5,1019.3,5.99,237,100,2026-09-26
Волоколамск,56.017,35.933,2026-10-11T12:00,8.7,86,0.5,1018.9,6.22,233,100,2026-09-26
Волоколамск,56.017,35.933,2026-10-11T13:00,8.9,87,0.0,1018.6,6.05,239,100,2026-09-26
Волоколамск,56.017,35.933,2026-10-11T14:00,9.3,86,0.0,1018.4,5.85,250,100,2026-09-26
Волоколамск,56.017,35.933,2026-10-11T15:00,9.7,86,0.0,1018.3,5.71,259,100,2026-09-26
Волоколамск,56.017,35.933,2026-10-11T16:00,10.1,87,0.0,1018.2,5.54,263,100,2026-09-26
Волоколамск,56.017,35.933,2026-10-11T17:00,10.4,89,0.0,1018.2,5.22,265,100,2026-09-26
Волоколамск,56.017,35.933,2026-10-11T18:00,10.7,90,0.0,1018.2,5.01,267,100,2026-09-26
Волоколамск,56.017,35.933,2026-10-11T19:00,10.7,91,0.0,1018.4,4.9,270,100,2026-09-26
Волоколамск,56.017,35.933,2026-10-11T20:00,10.6,93,0.0,1018.6,4.91,274,100,2026-09-26
Волоколамск,56.017,35.933,2026-10-11T21:00,10.5,94,0.0,1018.9,4.74,277,100,2026-09-26
Волоколамск,56.017,35.933,2026-10-11T22:00,10.3,95,0.0,1019.2,4.44,284,94,2026-09-26
Волоколамск,56.017,35.933,2026-10-11T23:00,10.1,96,0.0,1019.5,4.07,295,85,2026-09-26
Можайск,55.517,36.0,2026-09-26T00:00,7.7,96,0.0,1026.2,1.61,150,58,2026-09-26
Можайск,55.517,36.0,2026-09-26T01:00,7.6,97,0.0,1025.9,1.7,152,70,2026-09-26
Можайск,55.517,36.0,2026-09-26T02:00,7.4,98,0.0,1026.2,1.79,153,84,2026-09-26
Можайск,55.517,36.0,2026-09-26T03:00,7.4,98,0.0,1026.7,1.61,150,93,2026-09-26
Можайск,55.517,36.0,2026-09-26T04:00,7.2,98,0.0,1027.1,1.61,150,85,2026-09-26
Можайск,55.517,36.0,2026-09-26T05:00,7.1,98,0.0,1027.1,1.57,153,64,2026-09-26
Можайск,55.517,36.0,2026-09-26T06:00,7.1,98,0.0,1027.7,1.43,155,87,2026-09-26
Можайск,55.517,36.0,2026-09-26T07:00,7.1,98,0.0,1027.7,1.52,157,78,2026-09-26
Можайск,55.517,36.0,2026-09-26T08:00,7.9,97,0.0,1027.9,1.88,155,72,2026-09-26
Можайск,55.517,36.0,2026-09-26T09:00,9.4,92,0.0,1028.4,2.82,157,94,2026-09-26
Можайск,55.517,36.0,2026-09-26T10:00,11.0,86,0.0,1028.5,2.56,159,81,2026-09-26
Можайск,55.517,36.0,2026-09-26T11:00,12.8,81,0.0,1028.1,2.24,153,49,2026-09-26
Можайск,55.517,36.0,2026-09-26T12:00,14.3,75,0.0,1027.9,2.65,169,55,2026-09-26
Можайск,55.517,36.0,2026-09-26T13:00,15.3,69,0.0,1027.9,2.8,180,73,2026-09-26
Можайск,55.517,36.0,2026-09-26T14:00,15.7,67,0.0,1027.2,3.0,182,74,2026-09-26
Можайск,55.517,36.0,2026-09-26T15:00,16.1,59,0.0,1028.0,2.82,186,81,2026-09-26
Можайск,55.517,36.0,2026-09-26T16:00,15.9,61,0.0,1027.6,2.41,185,42,2026-09-26
Можайск,55.517,36.0,2026-09-26T17:00,15.1,66,0.0,1027.4,1.75,167,30,2026-09-26
Можайск,55.517,36.0,2026-09-26T18:00,13.3,76,0.0,1027.3,1.61,150,28,2026-09-26
Можайск,55.517,36.0,2026-09-26T19:00,11.9,80,0.0,1027.5,1.39,159,27,2026-09-26
Можайск,55.517,36.0,2026-09-26T20:00,11.1,81,0.0,1028.0,1.33,167,22,2026-09-26
Можайск,55.517,36.0,2026-09-26T21:00,10.6,82,0.0,1028.1,1.3,176,44,2026-09-26
Можайск,55.517,36.0,2026-09-26T22:00,10.1,84,0.0,1028.4,1.3,176,27,2026-09-26
Можайск,55.517,36.0,2026-09-26T23:00,9.6,87,0.0,1028.7,1.3,176,2,2026-09-26
Можайск,55.517,36.0,2026-09-27T00:00,9.2,88,0.0,1028.8,1.3,176,4,2026-09-26
Можайск,55.517,36.0,2026-09-27T01:00,8.9,88,0.0,1028.6,1.4,176,9,2026-09-26
Можайск,55.517,36.0,2026-09-27T02:00,8.7,89,0.0,1028.6,1.4,180,37,2026-09-26
Можайск,55.517,36.0,2026-09-27T03:00,8.6,90,0.0,1028.5,1.4,180,49,2026-09-26
Можайск,55.517,36.0,2026-09-27T04:00,8.6,90,0.0,1028.8,1.4,184,78,2026-09-26
Можайск,55.517,36.0,2026-09-27T05:00,8.8,89,0.0,1028.9,1.5,184,65,2026-09-26
Можайск,55.517,36.0,2026-09-27T06:00,8.8,90,0.0,1028.9,1.6,184,86,2026-09-26
Можайск,55.517,36.0,2026-09-27T07:00,8.7,90,0.0,1029.0,1.6,184,86,2026-09-26
Можайск,55.517,36.0,2026-09-27T08:00,9.5,87,0.0,1028.9,1.63,191,76,2026-09-26
Можайск,55.517,36.0,2026-09-27T09:00,11.1,82,0.0,1029.0,2.04,191,67,2026-09-26
Можайск,55.517,36.0,2026-09-27T10:00,13.0,74,0.0,1028.7,2.26,193,59,2026-09-26
Можайск,55.517,36.0,2026-09-27T11:00,14.4,70,0.0,1028.8,2.35,192,83,2026-09-26
Можайск,55.517,36.0,2026-09-27T12:00,15.4,67,0.0,1028.5,2.35,192,86,2026-09-26
Можайск,55.517,36.0,2026-09-27T13:00,16.4,64,0.0,1028.6,2.4,197,100,2026-09-26
Можайск,55.517,36.0,2026-09-27T14:00,16.9,63,0.0,1028.5,2.55,206,94,2026-09-26
Можайск,55.517,36.0,2026-09-27T15:00,16.9,63,0.0,1028.5,2.46,207,98,2026-09-26
Можайск,55.517,36.0,2026-09-27T16:00,16.5,65,0.0,1028.5,1.94,215,97,2026-09-26
Можайск,55.517,36.0,2026-09-27T17:00,15.4,75,0.1,1028.5,1.36,253,96,2026-09-26
Можайск,55.517,36.0,2026-09-27T18:00,14.2,83,0.0,1028.6,1.02,259,98,2026-09-26
Можайск,55.517,36.0,2026-09-27T19:00,13.3,87,0.0,1028.9,0.82,284,99,2026-09-26
Можайск,55.517,36.0,2026-09-27T20:00,12.7,92,0.3,1029.4,0.6,270,99,2026-09-26
Можайск,55.517,36.0,2026-09-27T21:00,12.5,92,0.1,1029.7,0.72,304,98,2026-09-26
Можайск,55.517,36.0,2026-09-27T22:00,12.1,94,0.1,1030.0,0.64,309,97,2026-09-26
Можайск,55.517,36.0,2026-09-27T23:00,11.7,95,0.0,1030.1,0.14,315,95,2026-09-26
Можайск,55.517,36.0,2026-09-28T00:00,11.4,96,0.0,1030.3,0.22,153,92,2026-09-26
Можайск,55.517,36.0,2026-09-28T01:00,11.0,97,0.0,1030.7,0.42,315,91,2026-09-26
Можайск,55.517,36.0,2026-09-28T02:00,10.9,96,0.0,1031.0,0.89,333,88,2026-09-26
Можайск,55.517,36.0,2026-09-28T03:00,10.7,96,0.0,1031.3,1.14,345,95,2026-09-26
Можайск,55.517,36.0,2026-09-28T04:00,10.4,97,0.0,1031.6,1.26,342,92,2026-09-26
Можайск,55.517,36.0,2026-09-28T05:00,10.2,98,0.0,1031.8,1.1,360,87,2026-09-26
Можайск,55.517,36.0,2026-09-28T06:00,10.0,98,0.0,1031.8,1.22,9,92,2026-09-26
Можайск,55.517,36.0,2026-09-28T07:00,9.9,98,0.0,1032.0,1.02,11,85,2026-09-26
Можайск,55.517,36.0,2026-09-28T08:00,10.6,97,0.0,1032.4,1.3,4,91,2026-09-26
Можайск,55.517,36.0,2026-09-28T09:00,11.3,93,0.0,1032.9,2.06,23,89,2026-09-26
Можайск,55.517,36.0,2026-09-28T10:00,12.4,86,0.0,1033.1,2.01,27,82,2026-09-26
Можайск,55.517,36.0,2026-09-28T11:00,13.6,77,0.0,1033.2,2.19,24,89,2026-09-26
Можайск,55.517,36.0,2026-09-28T12:00,14.4,75,0.0,1033.2,2.02,20,57,2026-09-26
Можайск,55.517,36.0,2026-09-28T13:00,15.3,69,0.0,1033.0,1.77,16,51,2026-09-26
Можайск,55.517,36.0,2026-09-28T14:00,15.8,63,0.0,1032.6,1.75,13,49,2026-09-26
Можайск,55.517,36.0,2026-09-28T15:00,15.9,62,0.0,1032.4,1.7,3,58,2026-09-26
Можайск,55.517,36.0,2026-09-28T16:00,15.6,63,0.0,1032.3,1.7,357,48,2026-09-26
Можайск,55.517,36.0,2026-09-28T17:00,14.8,67,0.0,1032.6,1.4,356,21,2026-09-26
Можайск,55.517,36.0,2026-09-28T18:00,12.9,78,0.0,1033.3,1.63,349,27,2026-09-26
Можайск,55.517,36.0,2026-09-28T19:00,11.1,86,0.0,1033.7,1.5,360,33,2026-09-26
Можайск,55.517,36.0,2026-09-28T20:00,10.1,89,0.0,1033.9,1.24,14,34,2026-09-26
Можайск,55.517,36.0,2026-09-28T21:00,9.3,90,0.0,1034.2,1.14,15,31,2026-09-26
Можайск,55.517,36.0,2026-09-28T22:00,8.7,90,0.0,1034.4,1.08,22,26,2026-09-26
Можайск,55.517,36.0,2026-09-28T23:00,8.2,90,0.0,1034.7,1.08,22,21,2026-09-26
Можайск,55.517,36.0,2026-09-29T00:00,7.6,90,0.0,1034.8,0.92,13,20,2026-09-26
Можайск,55.517,36.0,2026-09-29T01:00,7.2,90,0.0,1035.1,0.8,360,14,2026-09-26
Можайск,55.517,36.0,2026-09-29T02:00,6.8,90,0.0,1035.3,0.91,354,48,2026-09-26
Можайск,55.517,36.0,2026-09-29T03:00,6.5,91,0.0,1035.6,0.8,360,0,2026-09-26
Можайск,55.517,36.0,2026-09-29T04:00,6.2,92,0.0,1035.8,0.81,353,8,2026-09-26
Можайск,55.517,36.0,2026-09-29T05:00,5.8,93,0.0,1035.9,0.71,352,0,2026-09-26
Можайск,55.517,36.0,2026-09-29T06:00,5.5,94,0.0,1035.9,0.82,346,0,2026-09-26
Можайск,55.517,36.0,2026-09-29T07:00,5.3,95,0.0,1036.1,0.81,353,0,2026-09-26
Можайск,55.517,36.0,2026-09-29T08:00,6.8,94,0.0,1036.4,0.82,346,0,2026-09-26
Можайск,55.517,36.0,2026-09-29T09:00,9.5,87,0.0,1036.6,0.9,360,0,2026-09-26
Можайск,55.517,36.0,2026-09-29T10:00,11.6,78,0.0,1036.8,1.26,18,0,2026-09-26
Можайск,55.517,36.0,2026-09-29T11:00,13.2,71,0.0,1036.4,1.48,28,27,2026-09-26
Можайск,55.517,36.0,2026-09-29T12:00,14.3,65,0.0,1036.2,1.52,23,39,2026-09-26
Можайск,55.517,36.0,2026-09-29T13:00,15.0,62,0.0,1035.9,1.58,18,42,2026-09-26
Можайск,55.517,36.0,2026-09-29T14:00,15.4,61,0.0,1035.6,1.43,12,38,2026-09-26
Можайск,55.517,36.0,2026-09-29T15:00,15.4,59,0.0,1035.3,1.41,8,36,2026-09-26
Можайск,55.517,36.0,2026-09-29T16:00,15.1,60,0.0,1035.1,1.4,360,28,2026-09-26
Можайск,55.517,36.0,2026-09-29T17:00,14.3,66,0.0,1035.1,1.0,354,23,2026-09-26
Можайск,55.517,36.0,2026-09-29T18:00,12.7,74,0.0,1035.1,0.85,339,2,2026-09-26
Можайск,55.517,36.0,2026-09-29T19:00,11.0,78,0.0,1035.2,0.67,333,1,2026-09-26
Можайск,55.517,36.0,2026-09-29T20:00,9.9,80,0.0,1035.4,0.76,337,62,2026-09-26
Можайск,55.517,36.0,2026-09-29T21:00,9.2,80,0.0,1035.7,0.54,338,100,2026-09-26
Можайск,55.517,36.0,2026-09-29T22:00,8.6,82,0.0,1035.9,0.42,315,95,2026-09-26
Можайск,55.517,36.0,2026-09-29T23:00,8.3,84,0.0,1036.1,0.5,270,90,2026-09-26
Можайск,55.517,36.0,2026-09-30T00:00,8.1,85,0.0,1036.2,0.63,252,85,2026-09-26
Можайск,55.517,36.0,2026-09-30T01:00,8.1,84,0.0,1036.2,0.71,262,87,2026-09-26
Можайск,55.517,36.0,2026-09-30T02:00,8.1,83,0.0,1036.2,0.7,270,89,2026-09-26
Можайск,55.517,36.0,2026-09-30T03:00,8.0,82,0.0,1036.2,0.82,284,91,2026-09-26
Можайск,55.517,36.0,2026-09-30T04:00,7.6,83,0.0,1036.2,0.85,291,71,2026-09-26
Можайск,55.517,36.0,2026-09-30T05:00,7.1,86,0.0,1036.1,1.03,299,50,2026-09-26
Можайск,55.517,36.0,2026-09-30T06:00,7.0,87,0.0,1036.2,1.08,304,30,2026-09-26
Можайск,55.517,36.0,2026-09-30T07:00,7.8,86,0.0,1036.5,1.14,308,20,2026-09-26
Можайск,55.517,36.0,2026-09-30T08:00,9.1,85,0.0,1036.8,1.13,315,11,2026-09-26
Можайск,55.517,36.0,2026-09-30T09:00,10.5,82,0.0,1037.1,1.28,321,1,2026-09-26
Можайск,55.517,36.0,2026-09-30T10:00,12.0,78,0.0,1037.2,1.61,330,14,2026-09-26
Можайск,55.517,36.0,2026-09-30T11:00,13.6,72,0.0,1037.1,2.06,337,26,2026-09-26
Можайск,55.517,36.0,2026-09-30T12:00,14.9,68,0.0,1037.0,2.44,341,39,2026-09-26
Можайск,55.517,36.0,2026-09-30T13:00,15.6,65,0.0,1036.7,2.47,346,44,2026-09-26
Можайск,55.517,36.0,2026-09-30T14:00,16.0,64,0.0,1036.3,2.43,351,48,2026-09-26
Можайск,55.517,36.0,2026-09-30T15:00,15.9,65,0.0,1035.9,2.32,353,53,2026-09-26
Можайск,55.517,36.0,2026-09-30T16:00,15.3,69,0.0,1035.7,2.24,350,37,2026-09-26
Можайск,55.517,36.0,2026-09-30T17:00,14.2,76,0.0,1035.5,2.06,346,22,2026-09-26
Можайск,55.517,36.0,2026-09-30T18:00,13.0,82,0.0,1035.5,1.9,342,6,2026-09-26
Можайск,55.517,36.0,2026-09-30T19:00,11.9,86,0.0,1035.7,1.77,344,19,2026-09-26
Можайск,55.517,36.0,2026-09-30T20:00,10.7,90,0.0,1036.1,1.55,345,33,2026-09-26
Можайск,55.517,36.0,2026-09-30T21:00,9.7,92,0.0,1036.5,1.43,348,46,2026-09-26
Можайск,55.517,36.0,2026-09-30T22:00,9.0,92,0.0,1036.8,1.32,351,35,2026-09-26
Можайск,55.517,36.0,2026-09-30T23:00,8.5,92,0.0,1037.0,1.3,360,23,2026-09-26
Можайск,55.517,36.0,2026-10-01T00:00,8.0,91,0.0,1037.2,1.2,5,12,2026-09-26
Можайск,55.517,36.0,2026-10-01T01:00,7.6,91,0.0,1037.3,1.2,5,20,2026-09-26
Можайск,55.517,36.0,2026-10-01T02:00,7.1,91,0.0,1037.4,1.1,360,27,2026-09-26
Можайск,55.517,36.0,2026-10-01T03:00,6.7,91,0.0,1037.5,1.1,355,35,2026-09-26
Можайск,55.517,36.0,2026-10-01T04:00,6.2,91,0.0,1037.7,1.12,350,25,2026-09-26
Можайск,55.517,36.0,2026-10-01T05:00,5.7,92,0.0,1037.8,1.12,350,15,2026-09-26
Можайск,55.517,36.0,2026-10-01T06:00,5.6,92,0.0,1038.1,1.22,351,5,2026-09-26
Можайск,55.517,36.0,2026-10-01T07:00,6.1,91,0.0,1038.5,1.4,356,11,2026-09-26
Можайск,55.517,36.0,2026-10-01T08:00,7.1,90,0.0,1039.0,1.7,3,17,2026-09-26
Можайск,55.517,36.0,2026-10-01T09:00,8.3,87,0.0,1039.3,2.01,6,23,2026-09-26
Можайск,55.517,36.0,2026-10-01T10:00,9.9,81,0.0,1039.4,2.22,8,32,2026-09-26
Можайск,55.517,36.0,2026-10-01T11:00,11.7,73,0.0,1039.3,2.33,10,40,2026-09-26
Можайск,55.517,36.0,2026-10-01T12:00,13.1,67,0.0,1039.1,2.43,9,49,2026-09-26
Можайск,55.517,36.0,2026-10-01T13:00,13.8,62,0.0,1038.8,2.49,10,54,2026-09-26
Можайск,55.517,36.0,2026-10-01T14:00,14.1,58,0.0,1038.4,2.48,8,58,2026-09-26
Можайск,55.517,36.0,2026-10-01T15:00,14.2,57,0.0,1038.0,2.37,7,64,2026-09-26
Можайск,55.517,36.0,2026-10-01T16:00,13.2,62,0.0,1037.8,2.0,3,45,2026-09-26
Можайск,55.517,36.0,2026-10-01T17:00,11.8,69,0.0,1037.8,1.5,356,26,2026-09-26
Можайск,55.517,36.0,2026-10-01T18:00,10.4,75,0.0,1037.8,1.24,346,7,2026-09-26
Можайск,55.517,36.0,2026-10-01T19:00,9.2,77,0.0,1038.0,1.14,345,5,2026-09-26
Можайск,55.517,36.0,2026-10-01T20:00,8.2,78,0.0,1038.3,1.22,351,2,2026-09-26
Можайск,55.517,36.0,2026-10-01T21:00,7.3,79,0.0,1038.5,1.22,351,0,2026-09-26
Можайск,55.517,36.0,2026-10-01T22:00,6.7,80,0.0,1038.5,1.14,345,1,2026-09-26
Можайск,55.517,36.0,2026-10-01T23:00,6.2,80,0.0,1038.5,0.98,336,1,2026-09-26
Можайск,55.517,36.0,2026-10-02T00:00,5.8,81,0.0,1038.4,0.86,324,2,2026-09-26
Можайск,55.517,36.0,2026-10-02T01:00,5.4,83,0.0,1038.3,0.85,315,3,2026-09-26
Можайск,55.517,36.0,2026-10-02T02:00,4.9,84,0.0,1038.2,0.94,302,5,2026-09-26
Можайск,55.517,36.0,2026-10-02T03:00,4.6,86,0.0,1038.1,1.03,299,6,2026-09-26
Можайск,55.517,36.0,2026-10-02T04:00,4.3,87,0.0,1038.0,1.21,294,6,2026-09-26
Можайск,55.517,36.0,2026-10-02T05:00,4.1,88,0.0,1037.9,1.3,293,6,2026-09-26
Можайск,55.517,36.0,2026-10-02T06:00,4.4,88,0.0,1037.8,1.43,295,6,2026-09-26
Можайск,55.517,36.0,2026-10-02T07:00,5.3,87,0.0,1037.8,1.43,295,4,2026-09-26
Можайск,55.517,36.0,2026-10-02T08:00,6.8,85,0.0,1037.8,1.39,300,2,2026-09-26
Можайск,55.517,36.0,2026-10-02T09:00,8.4,82,0.0,1037.6,1.44,304,0,2026-09-26
Можайск,55.517,36.0,2026-10-02T10:00,10.2,76,0.0,1037.2,1.78,308,3,2026-09-26
Можайск,55.517,36.0,2026-10-02T11:00,12.3,68,0.0,1036.7,2.26,315,7,2026-09-26
Можайск,55.517,36.0,2026-10-02T12:00,13.8,61,0.0,1036.2,2.62,317,10,2026-09-26
Можайск,55.517,36.0,2026-10-02T13:00,14.7,56,0.0,1035.6,2.77,319,7,2026-09-26
Можайск,55.517,36.0,2026-10-02T14:00,15.1,52,0.0,1035.0,2.92,322,3,2026-09-26
Можайск,55.517,36.0,2026-10-02T15:00,15.0,52,0.0,1034.5,2.86,324,0,2026-09-26
Можайск,55.517,36.0,2026-10-02T16:00,14.1,57,0.0,1034.2,2.5,323,11,2026-09-26
Можайск,55.517,36.0,2026-10-02T17:00,12.7,65,0.0,1034.1,1.94,325,21,2026-09-26
Можайск,55.517,36.0,2026-10-02T18:00,11.4,72,0.0,1034.0,1.5,323,32,2026-09-26
Можайск,55.517,36.0,2026-10-02T19:00,10.4,76,0.0,1033.9,1.28,321,41,2026-09-26
Можайск,55.517,36.0,2026-10-02T20:00,9.5,78,0.0,1033.9,1.28,321,50,2026-09-26
Можайск,55.517,36.0,2026-10-02T21:00,8.8,80,0.0,1033.9,1.28,321,59,2026-09-26
Можайск,55.517,36.0,2026-10-02T22:00,8.4,82,0.0,1034.0,1.36,324,73,2026-09-26
Можайск,55.517,36.0,2026-10-02T23:00,8.2,85,0.0,1034.1,1.39,330,86,2026-09-26
Можайск,55.517,36.0,2026-10-03T00:00,8.1,87,0.0,1034.2,1.48,332,100,2026-09-26
Можайск,55.517,36.0,2026-10-03T01:00,8.2,89,0.0,1034.2,1.52,337,98,2026-09-26
Можайск,55.517,36.0,2026-10-03T02:00,8.4,90,0.0,1034.1,1.52,337,97,2026-09-26
Можайск,55.517,36.0,2026-10-03T03:00,8.6,92,0.0,1034.1,1.49,340,95,2026-09-26
Можайск,55.517,36.0,2026-10-03T04:00,8.7,94,0.0,1034.1,1.46,344,97,2026-09-26
Можайск,55.517,36.0,2026-10-03T05:00,8.7,95,0.0,1034.1,1.43,348,98,2026-09-26
Можайск,55.517,36.0,2026-10-03T06:00,8.8,96,0.0,1034.2,1.3,356,100,2026-09-26
Можайск,55.517,36.0,2026-10-03T07:00,9.0,97,0.1,1034.4,1.1,5,98,2026-09-26
Можайск,55.517,36.0,2026-10-03T08:00,9.3,98,0.1,1034.7,0.89,27,97,2026-09-26
Можайск,55.517,36.0,2026-10-03T09:00,9.7,96,0.1,1035.0,0.86,54,95,2026-09-26
Можайск,55.517,36.0,2026-10-03T10:00,10.3,91,0.0,1035.2,1.14,75,94,2026-09-26
Можайск,55.517,36.0,2026-10-03T11:00,10.9,84,0.0,1035.4,1.61,83,93,2026-09-26
Можайск,55.517,36.0,2026-10-03T12:00,11.5,77,0.0,1035.5,1.81,84,92,2026-09-26
Можайск,55.517,36.0,2026-10-03T13:00,12.0,71,0.0,1035.4,1.71,83,86,2026-09-26
Можайск,55.517,36.0,2026-10-03T14:00,12.4,65,0.0,1035.1,1.43,78,79,2026-09-26
Можайск,55.517,36.0,2026-10-03T15:00,12.5,62,0.0,1035.0,1.17,70,73,2026-09-26
Можайск,55.517,36.0,2026-10-03T16:00,12.0,65,0.0,1035.0,1.08,68,71,2026-09-26
Можайск,55.517,36.0,2026-10-03T17:00,11.2,72,0.0,1035.1,0.95,72,69,2026-09-26
Можайск,55.517,36.0,2026-10-03T18:00,10.2,78,0.0,1035.3,0.82,76,67,2026-09-26
Можайск,55.517,36.0,2026-10-03T19:00,9.2,81,0.0,1035.5,0.8,90,66,2026-09-26
Можайск,55.517,36.0,2026-10-03T20:00,8.1,83,0.0,1035.7,0.85,111,66,2026-09-26
Можайск,55.517,36.0,2026-10-03T21:00,7.1,84,0.0,1035.9,1.0,127,65,2026-09-26
Можайск,55.517,36.0,2026-10-03T22:00,6.5,84,0.0,1036.0,1.06,139,66,2026-09-26
Можайск,55.517,36.0,2026-10-03T23:00,6.1,83,0.0,1036.1,1.0,143,67,2026-09-26
Можайск,55.517,36.0,2026-10-04T00:00,5.7,83,0.0,1036.2,1.03,151,68,2026-09-26
Можайск,55.517,36.0,2026-10-04T01:00,4.2,83,0.0,1036.4,1.26,164,50,2026-09-26
Можайск,55.517,36.0,2026-10-04T02:00,2.9,83,0.0,1036.5,1.65,177,33,2026-09-26
Можайск,55.517,36.0,2026-10-04T03:00,1.8,82,0.0,1036.4,2.17,194,16,2026-09-26
Можайск,55.517,36.0,2026-10-04T04:00,1.2,80,0.0,1036.3,2.61,212,0,2026-09-26
Можайск,55.517,36.0,2026-10-04T05:00,1.6,78,0.0,1036.2,2.52,214,0,2026-09-26
Можайск,55.517,36.0,2026-10-04T06:00,2.2,76,0.0,1036.0,2.39,213,0,2026-09-26
Можайск,55.517,36.0,2026-10-04T07:00,3.0,73,0.0,1035.8,2.22,211,0,2026-09-26
Можайск,55.517,36.0,2026-10-04T08:00,3.9,71,0.0,1035.5,2.11,211,0,2026-09-26
Можайск,55.517,36.0,2026-10-04T09:00,4.9,68,0.0,1035.1,2.07,212,0,2026-09-26
Можайск,55.517,36.0,2026-10-04T10:00,6.2,66,0.0,1034.6,2.16,214,0,2026-09-26
Можайск,55.517,36.0,2026-10-04T11:00,7.9,63,0.0,1034.0,2.32,217,0,2026-09-26
Можайск,55.517,36.0,2026-10-04T12:00,9.8,60,0.0,1033.3,2.55,220,0,2026-09-26
Можайск,55.517,36.0,2026-10-04T13:00,11.5,58,0.0,1032.7,2.76,222,1,2026-09-26
Можайск,55.517,36.0,2026-10-04T14:00,12.9,56,0.0,1032.0,3.01,224,1,2026-09-26
Можайск,55.517,36.0,2026-10-04T15:00,13.6,56,0.0,1031.5,3.15,226,1,2026-09-26
Можайск,55.517,36.0,2026-10-04T16:00,13.6,59,0.0,1031.1,3.29,227,1,2026-09-26
Можайск,55.517,36.0,2026-10-04T17:00,12.9,63,0.0,1030.7,3.36,228,1,2026-09-26
Можайск,55.517,36.0,2026-10-04T18:00,11.8,68,0.0,1030.4,3.47,229,2,2026-09-26
Можайск,55.517,36.0,2026-10-04T19:00,10.6,74,0.0,1030.1,3.51,229,2,2026-09-26
Можайск,55.517,36.0,2026-10-04T20:00,9.5,80,0.0,1029.8,3.59,230,2,2026-09-26
Можайск,55.517,36.0,2026-10-04T21:00,8.7,85,0.0,1029.5,3.59,231,2,2026-09-26
Можайск,55.517,36.0,2026-10-04T22:00,8.2,89,0.0,1029.2,3.6,232,2,2026-09-26
Можайск,55.517,36.0,2026-10-04T23:00,7.8,91,0.0,1028.8,3.55,235,2,2026-09-26
Можайск,55.517,36.0,2026-10-05T00:00,7.5,92,0.0,1028.5,3.54,237,2,2026-09-26
Можайск,55.517,36.0,2026-10-05T01:00,7.2,93,0.0,1028.2,3.5,239,1,2026-09-26
Можайск,55.517,36.0,2026-10-05T02:00,7.1,94,0.0,1027.8,3.45,240,2,2026-09-26
Можайск,55.517,36.0,2026-10-05T03:00,7.0,94,0.0,1027.5,3.42,241,2,2026-09-26
Можайск,55.517,36.0,2026-10-05T04:00,7.1,95,0.0,1027.2,3.4,240,2,2026-09-26
Можайск,55.517,36.0,2026-10-05T05:00,7.2,95,0.0,1026.8,3.4,237,1,2026-09-26
Можайск,55.517,36.0,2026-10-05T06:00,7.5,94,0.0,1026.5,3.4,234,0,2026-09-26
Можайск,55.517,36.0,2026-10-05T07:00,7.9,93,0.0,1026.1,3.45,231,1,2026-09-26
Можайск,55.517,36.0,2026-10-05T08:00,8.3,91,0.0,1025.7,3.48,231,4,2026-09-26
Можайск,55.517,36.0,2026-10-05T09:00,8.9,88,0.0,1025.3,3.46,233,10,2026-09-26
Можайск,55.517,36.0,2026-10-05T10:00,9.8,83,0.0,1024.8,3.52,238,22,2026-09-26
Можайск,55.517,36.0,2026-10-05T11:00,11.0,77,0.0,1024.2,3.63,247,41,2026-09-26
Можайск,55.517,36.0,2026-10-05T12:00,12.3,71,0.0,1023.7,3.86,257,61,2026-09-26
Можайск,55.517,36.0,2026-10-05T13:00,13.6,65,0.0,1023.1,4.17,264,80,2026-09-26
Можайск,55.517,36.0,2026-10-05T14:00,14.5,62,0.0,1022.6,4.45,271,94,2026-09-26
Можайск,55.517,36.0,2026-10-05T15:00,14.8,60,0.0,1022.2,4.61,274,100,2026-09-26
Можайск,55.517,36.0,2026-10-05T16:00,14.5,62,0.0,1022.0,4.53,276,94,2026-09-26
Можайск,55.517,36.0,2026-10-05T17:00,13.6,65,0.0,1021.8,4.28,277,77,2026-09-26
Можайск,55.517,36.0,2026-10-05T18:00,12.4,70,0.0,1021.8,3.93,277,56,2026-09-26
Можайск,55.517,36.0,2026-10-05T19:00,11.1,76,0.0,1021.7,3.52,277,35,2026-09-26
Можайск,55.517,36.0,2026-10-05T20:00,9.9,82,0.0,1021.7,3.21,275,19,2026-09-26
Можайск,55.517,36.0,2026-10-05T21:00,9.2,86,0.0,1021.5,2.96,274,12,2026-09-26
Можайск,55.517,36.0,2026-10-05T22:00,9.0,88,0.0,1021.3,2.85,272,18,2026-09-26
Можайск,55.517,36.0,2026-10-05T23:00,9.0,89,0.0,1021.0,2.75,269,32,2026-09-26
Можайск,55.517,36.0,2026-10-06T00:00,9.1,89,0.0,1020.6,2.71,265,51,2026-09-26
Можайск,55.517,36.0,2026-10-06T01:00,9.4,89,0.0,1020.3,2.74,261,71,2026-09-26
Можайск,55.517,36.0,2026-10-06T02:00,9.7,88,0.0,1020.0,2.81,258,88,2026-09-26
Можайск,55.517,36.0,2026-10-06T03:00,9.8,88,0.0,1019.7,2.85,255,100,2026-09-26
Можайск,55.517,36.0,2026-10-06T04:00,9.9,89,0.0,1019.5,2.89,252,100,2026-09-26
Можайск,55.517,36.0,2026-10-06T05:00,9.9,90,0.0,1019.4,2.99,249,100,2026-09-26
Можайск,55.517,36.0,2026-10-06T06:00,9.9,92,0.0,1019.3,3.07,248,100,2026-09-26
Можайск,55.517,36.0,2026-10-06T07:00,9.9,93,0.0,1019.1,3.22,246,100,2026-09-26
Можайск,55.517,36.0,2026-10-06T08:00,10.0,92,0.0,1019.0,3.34,246,100,2026-09-26
Можайск,55.517,36.0,2026-10-06T09:00,10.3,90,0.0,1018.7,3.49,246,100,2026-09-26
Можайск,55.517,36.0,2026-10-06T10:00,10.9,86,0.0,1018.3,3.7,249,100,2026-09-26
Можайск,55.517,36.0,2026-10-06T11:00,11.6,79,0.0,1017.8,4.0,252,99,2026-09-26
Можайск,55.517,36.0,2026-10-06T12:00,12.5,73,0.0,1017.3,4.29,255,99,2026-09-26
Можайск,55.517,36.0,2026-10-06T13:00,13.4,67,0.0,1016.8,4.61,257,99,2026-09-26
Можайск,55.517,36.0,2026-10-06T14:00,14.0,62,0.0,1016.3,4.83,259,98,2026-09-26
Можайск,55.517,36.0,2026-10-06T15:00,14.4,60,0.0,1015.9,4.97,260,98,2026-09-26
Можайск,55.517,36.0,2026-10-06T16:00,14.3,59,0.0,1015.7,4.93,259,98,2026-09-26
Можайск,55.517,36.0,2026-10-06T17:00,14.0,61,0.0,1015.5,4.77,257,98,2026-09-26
Можайск,55.517,36.0,2026-10-06T18:00,13.5,63,0.0,1015.4,4.56,255,98,2026-09-26
Можайск,55.517,36.0,2026-10-06T19:00,12.9,66,0.0,1015.3,4.32,252,98,2026-09-26
Можайск,55.517,36.0,2026-10-06T20:00,12.4,69,0.0,1015.2,4.13,249,98,2026-09-26
Можайск,55.517,36.0,2026-10-06T21:00,12.1,72,0.0,1015.0,4.05,246,98,2026-09-26
Можайск,55.517,36.0,2026-10-06T22:00,11.9,74,0.0,1014.7,4.05,244,98,2026-09-26
Можайск,55.517,36.0,2026-10-06T23:00,11.9,77,0.0,1014.2,4.11,243,99,2026-09-26
Можайск,55.517,36.0,2026-10-07T00:00,11.9,79,0.0,1013.8,4.25,242,99,2026-09-26
Можайск,55.517,36.0,2026-10-07T01:00,12.0,82,0.0,1013.3,4.34,241,100,2026-09-26
Можайск,55.517,36.0,2026-10-07T02:00,12.0,84,0.0,1012.9,4.45,241,100,2026-09-26
Можайск,55.517,36.0,2026-10-07T03:00,12.0,86,0.0,1012.6,4.57,241,100,2026-09-26
Можайск,55.517,36.0,2026-10-07T04:00,11.9,89,0.1,1012.4,4.63,242,100,2026-09-26
Можайск,55.517,36.0,2026-10-07T05:00,11.7,91,0.1,1012.2,4.67,244,99,2026-09-26
Можайск,55.517,36.0,2026-10-07T06:00,11.5,94,0.1,1012.2,4.75,246,98,2026-09-26
Можайск,55.517,36.0,2026-10-07T07:00,11.4,96,0.1,1012.1,4.8,248,98,2026-09-26
Можайск,55.517,36.0,2026-10-07T08:00,11.4,97,0.1,1012.0,4.9,250,97,2026-09-26
Можайск,55.517,36.0,2026-10-07T09:00,11.5,96,0.1,1011.9,5.08,251,97,2026-09-26
Можайск,55.517,36.0,2026-10-07T10:00,11.9,91,0.0,1011.7,5.33,251,97,2026-09-26
Можайск,55.517,36.0,2026-10-07T11:00,12.5,85,0.0,1011.5,5.66,251,98,2026-09-26
Можайск,55.517,36.0,2026-10-07T12:00,13.2,78,0.0,1011.3,6.06,250,98,2026-09-26
Можайск,55.517,36.0,2026-10-07T13:00,13.8,72,0.0,1011.2,6.39,250,99,2026-09-26
Можайск,55.517,36.0,2026-10-07T14:00,14.4,67,0.0,1011.0,6.61,250,100,2026-09-26
Можайск,55.517,36.0,2026-10-07T15:00,14.6,64,0.0,1011.0,6.72,250,100,2026-09-26
Можайск,55.517,36.0,2026-10-07T16:00,14.4,64,0.0,1011.1,6.6,250,100,2026-09-26
Можайск,55.517,36.0,2026-10-07T17:00,14.1,65,0.0,1011.3,6.39,251,100,2026-09-26
Можайск,55.517,36.0,2026-10-07T18:00,13.5,68,0.0,1011.5,6.04,252,100,2026-09-26
Можайск,55.517,36.0,2026-10-07T19:00,12.9,71,0.0,1011.7,5.63,253,99,2026-09-26
Можайск,55.517,36.0,2026-10-07T20:00,12.3,74,0.0,1012.0,5.24,255,99,2026-09-26
Можайск,55.517,36.0,2026-10-07T21:00,11.8,77,0.0,1012.2,4.88,255,98,2026-09-26
Можайск,55.517,36.0,2026-10-07T22:00,11.3,80,0.0,1012.4,4.49,253,97,2026-09-26
Можайск,55.517,36.0,2026-10-07T23:00,10.8,83,0.0,1012.6,4.06,251,96,2026-09-26
Можайск,55.517,36.0,2026-10-08T00:00,10.2,87,0.0,1012.7,3.61,248,95,2026-09-26
Можайск,55.517,36.0,2026-10-08T01:00,9.8,89,0.0,1012.9,3.26,243,93,2026-09-26
Можайск,55.517,36.0,2026-10-08T02:00,9.4,92,0.0,1013.0,2.93,237,92,2026-09-26
Можайск,55.517,36.0,2026-10-08T03:00,9.1,94,0.0,1013.1,2.77,229,90,2026-09-26
Можайск,55.517,36.0,2026-10-08T04:00,8.9,95,0.0,1013.2,2.7,220,89,2026-09-26
Можайск,55.517,36.0,2026-10-08T05:00,8.8,96,0.0,1013.2,2.76,212,89,2026-09-26
Можайск,55.517,36.0,2026-10-08T06:00,8.7,96,0.0,1013.2,2.93,203,88,2026-09-26
Можайск,55.517,36.0,2026-10-08T07:00,8.8,96,0.0,1013.2,3.19,197,87,2026-09-26
Можайск,55.517,36.0,2026-10-08T08:00,9.1,93,0.0,1013.1,3.47,195,84,2026-09-26
Можайск,55.517,36.0,2026-10-08T09:00,9.6,90,0.0,1013.0,3.72,195,78,2026-09-26
Можайск,55.517,36.0,2026-10-08T10:00,10.6,85,0.0,1012.7,4.02,199,68,2026-09-26
Можайск,55.517,36.0,2026-10-08T11:00,12.1,77,0.0,1012.4,4.43,205,55,2026-09-26
Можайск,55.517,36.0,2026-10-08T12:00,13.7,69,0.0,1011.9,4.92,213,41,2026-09-26
Можайск,55.517,36.0,2026-10-08T13:00,15.3,62,0.0,1011.5,5.41,218,26,2026-09-26
Можайск,55.517,36.0,2026-10-08T14:00,16.5,58,0.0,1011.1,5.81,222,13,2026-09-26
Можайск,55.517,36.0,2026-10-08T15:00,17.1,55,0.0,1010.8,6.01,223,4,2026-09-26
Можайск,55.517,36.0,2026-10-08T16:00,16.9,56,0.0,1010.6,5.95,222,0,2026-09-26
Можайск,55.517,36.0,2026-10-08T17:00,16.1,58,0.0,1010.5,5.65,219,0,2026-09-26
Можайск,55.517,36.0,2026-10-08T18:00,15.0,62,0.0,1010.5,5.26,214,0,2026-09-26
Можайск,55.517,36.0,2026-10-08T19:00,13.7,67,0.0,1010.5,4.88,208,0,2026-09-26
Можайск,55.517,36.0,2026-10-08T20:00,12.5,72,0.0,1010.4,4.6,202,0,2026-09-26
Можайск,55.517,36.0,2026-10-08T21:00,11.6,76,0.0,1010.4,4.41,198,0,2026-09-26
Можайск,55.517,36.0,2026-10-08T22:00,11.0,79,0.0,1010.3,4.31,195,2,2026-09-26
Можайск,55.517,36.0,2026-10-08T23:00,10.5,81,0.0,1010.3,4.22,194,4,2026-09-26
Можайск,55.517,36.0,2026-10-09T00:00,10.1,84,0.0,1010.2,4.16,193,8,2026-09-26
Можайск,55.517,36.0,2026-10-09T01:00,9.8,86,0.0,1010.1,4.11,193,12,2026-09-26
Можайск,55.517,36.0,2026-10-09T02:00,9.6,88,0.0,1010.1,4.1,193,16,2026-09-26
Можайск,55.517,36.0,2026-10-09T03:00,9.4,89,0.0,1010.0,4.03,191,21,2026-09-26
Можайск,55.517,36.0,2026-10-09T04:00,9.4,89,0.0,1010.0,3.95,189,27,2026-09-26
Можайск,55.517,36.0,2026-10-09T05:00,9.4,89,0.0,1009.9,3.88,187,34,2026-09-26
Можайск,55.517,36.0,2026-10-09T06:00,9.6,89,0.0,1009.9,3.86,184,42,2026-09-26
Можайск,55.517,36.0,2026-10-09T07:00,9.8,87,0.0,1009.8,3.85,181,49,2026-09-26
Можайск,55.517,36.0,2026-10-09T08:00,10.2,85,0.0,1009.8,3.85,179,57,2026-09-26
Можайск,55.517,36.0,2026-10-09T09:00,10.6,82,0.0,1009.7,3.95,178,63,2026-09-26
Можайск,55.517,36.0,2026-10-09T10:00,11.3,78,0.0,1009.6,4.15,178,68,2026-09-26
Можайск,55.517,36.0,2026-10-09T11:00,12.3,72,0.0,1009.4,4.45,178,73,2026-09-26
Можайск,55.517,36.0,2026-10-09T12:00,13.4,66,0.0,1009.2,4.75,179,78,2026-09-26
Можайск,55.517,36.0,2026-10-09T13:00,14.5,61,0.0,1009.0,5.1,180,82,2026-09-26
Можайск,55.517,36.0,2026-10-09T14:00,15.3,57,0.0,1008.8,5.35,182,85,2026-09-26
Можайск,55.517,36.0,2026-10-09T15:00,15.7,55,0.0,1008.8,5.51,183,88,2026-09-26
Можайск,55.517,36.0,2026-10-09T16:00,15.6,55,0.0,1008.9,5.57,185,90,2026-09-26
Можайск,55.517,36.0,2026-10-09T17:00,15.2,57,0.0,1009.0,5.6,188,91,2026-09-26
Можайск,55.517,36.0,2026-10-09T18:00,14.6,60,0.0,1009.1,5.64,190,92,2026-09-26
Можайск,55.517,36.0,2026-10-09T19:00,13.9,63,0.0,1009.3,5.55,194,93,2026-09-26
Можайск,55.517,36.0,2026-10-09T20:00,13.1,67,0.0,1009.6,5.43,197,93,2026-09-26
Можайск,55.517,36.0,2026-10-09T21:00,12.5,70,0.0,1009.9,5.22,200,94,2026-09-26
Можайск,55.517,36.0,2026-10-09T22:00,12.0,73,0.0,1010.2,4.88,204,95,2026-09-26
Можайск,55.517,36.0,2026-10-09T23:00,11.4,77,0.0,1010.6,4.43,210,96,2026-09-26
Можайск,55.517,36.0,2026-10-10T00:00,10.9,81,0.0,1011.0,4.0,217,97,2026-09-26
Можайск,55.517,36.0,2026-10-10T01:00,10.4,84,0.0,1011.5,3.61,226,98,2026-09-26
Можайск,55.517,36.0,2026-10-10T02:00,9.9,87,0.0,1012.0,3.29,237,98,2026-09-26
Можайск,55.517,36.0,2026-10-10T03:00,9.4,89,0.0,1012.5,3.2,247,99,2026-09-26
Можайск,55.517,36.0,2026-10-10T04:00,9.0,89,0.0,1013.1,3.24,257,100,2026-09-26
Можайск,55.517,36.0,2026-10-10T05:00,8.6,88,0.0,1013.7,3.41,265,100,2026-09-26
Можайск,55.517,36.0,2026-10-10T06:00,8.2,86,0.0,1014.3,3.65,272,100,2026-09-26
Можайск,55.517,36.0,2026-10-10T07:00,7.9,84,0.0,1015.0,3.88,277,100,2026-09-26
Можайск,55.517,36.0,2026-10-10T08:00,7.7,81,0.0,1015.6,4.09,282,100,2026-09-26
Можайск,55.517,36.0,2026-10-10T09:00,7.7,78,0.0,1016.1,4.24,285,100,2026-09-26
Можайск,55.517,36.0,2026-10-10T10:00,8.0,73,0.0,1016.5,4.35,287,96,2026-09-26
Можайск,55.517,36.0,2026-10-10T11:00,8.6,67,0.0,1016.9,4.36,288,91,2026-09-26
Можайск,55.517,36.0,2026-10-10T12:00,9.3,61,0.0,1017.3,4.33,289,85,2026-09-26
Можайск,55.517,36.0,2026-10-10T13:00,10.0,56,0.0,1017.6,4.24,289,79,2026-09-26
Можайск,55.517,36.0,2026-10-10T14:00,10.5,52,0.0,1017.9,4.1,290,74,2026-09-26
Можайск,55.517,36.0,2026-10-10T15:00,10.5,50,0.0,1018.3,3.93,292,71,2026-09-26
Можайск,55.517,36.0,2026-10-10T16:00,10.1,51,0.0,1018.8,3.72,294,72,2026-09-26
Можайск,55.517,36.0,2026-10-10T17:00,9.3,54,0.0,1019.3,3.44,298,76,2026-09-26
Можайск,55.517,36.0,2026-10-10T18:00,8.3,58,0.0,1019.8,3.19,302,82,2026-09-26
Можайск,55.517,36.0,2026-10-10T19:00,7.2,63,0.0,1020.3,2.89,307,86,2026-09-26
Можайск,55.517,36.0,2026-10-10T20:00,6.2,68,0.0,1020.7,2.58,313,88,2026-09-26
Можайск,55.517,36.0,2026-10-10T21:00,5.4,72,0.0,1021.1,2.3,316,85,2026-09-26
Можайск,55.517,36.0,2026-10-10T22:00,4.7,76,0.0,1021.4,1.98,317,76,2026-09-26
Можайск,55.517,36.0,2026-10-10T23:00,4.0,79,0.0,1021.5,1.59,316,61,2026-09-26
Можайск,55.517,36.0,2026-10-11T00:00,3.4,82,0.0,1021.7,1.17,313,43,2026-09-26
Можайск,55.517,36.0,2026-10-11T01:00,3.9,88,0.0,1022.9,1.33,287,37,2026-09-26
Можайск,55.517,36.0,2026-10-11T02:00,4.6,92,0.0,1023.6,1.8,260,45,2026-09-26
Можайск,55.517,36.0,2026-10-11T03:00,5.7,94,0.0,1024.0,2.56,242,65,2026-09-26
Можайск,55.517,36.0,2026-10-11T04:00,6.8,93,0.0,1024.0,3.44,234,93,2026-09-26
Можайск,55.517,36.0,2026-10-11T05:00,6.8,89,0.0,1023.4,3.58,234,97,2026-09-26
Можайск,55.517,36.0,2026-10-11T06:00,7.0,85,0.0,1022.8,3.74,236,100,2026-09-26
Можайск,55.517,36.0,2026-10-11T07:00,7.6,79,0.0,1022.3,3.98,242,100,2026-09-26
Можайск,55.517,36.0,2026-10-11T08:00,8.5,71,0.0,1021.8,4.25,246,100,2026-09-26
Можайск,55.517,36.0,2026-10-11T09:00,9.2,67,0.0,1021.4,4.49,249,100,2026-09-26
Можайск,55.517,36.0,2026-10-11T10:00,9.4,69,0.1,1020.9,4.65,245,100,2026-09-26
Можайск,55.517,36.0,2026-10-11T11:00,9.5,73,0.1,1020.5,4.8,239,100,2026-09-26
Можайск,55.517,36.0,2026-10-11T12:00,9.5,77,0.1,1020.1,4.96,236,100,2026-09-26
Можайск,55.517,36.0,2026-10-11T13:00,9.5,78,0.0,1019.7,5.25,239,100,2026-09-26
Можайск,55.517,36.0,2026-10-11T14:00,9.5,79,0.0,1019.3,5.5,245,100,2026-09-26
Можайск,55.517,36.0,2026-10-11T15:00,9.5,80,0.0,1019.1,5.63,250,100,2026-09-26
Можайск,55.517,36.0,2026-10-11T16:00,9.6,82,0.0,1019.0,5.29,255,96,2026-09-26
Можайск,55.517,36.0,2026-10-11T17:00,9.7,85,0.0,1019.0,4.79,259,91,2026-09-26
Можайск,55.517,36.0,2026-10-11T18:00,9.9,87,0.0,1019.1,4.42,265,88,2026-09-26
Можайск,55.517,36.0,2026-10-11T19:00,10.0,89,0.0,1019.2,4.2,271,91,2026-09-26
Можайск,55.517,36.0,2026-10-11T20:00,10.0,91,0.0,1019.4,4.13,277,96,2026-09-26
Можайск,55.517,36.0,2026-10-11T21:00,10.1,92,0.0,1019.6,4.08,281,100,2026-09-26
Можайск,55.517,36.0,2026-10-11T22:00,10.2,93,0.0,1019.8,3.98,282,100,2026-09-26
Можайск,55.517,36.0,2026-10-11T23:00,10.3,93,0.0,1020.0,3.88,282,100,2026-09-26
Ново-Иерусалим,55.9,36.817,2026-09-26T00:00,8.4,98,0.0,1026.8,1.39,150,66,2026-09-26
Ново-Иерусалим,55.9,36.817,2026-09-26T01:00,8.1,98,0.0,1026.4,1.53,148,72,2026-09-26
Ново-Иерусалим,55.9,36.817,2026-09-26T02:00,8.0,99,0.0,1026.7,1.61,150,83,2026-09-26
Ново-Иерусалим,55.9,36.817,2026-09-26T03:00,7.8,98,0.0,1027.2,1.44,146,82,2026-09-26
Ново-Иерусалим,55.9,36.817,2026-09-26T04:00,7.8,98,0.0,1027.6,1.44,146,100,2026-09-26
Ново-Иерусалим,55.9,36.817,2026-09-26T05:00,7.6,99,0.0,1027.6,1.39,150,83,2026-09-26
Ново-Иерусалим,55.9,36.817,2026-09-26T06:00,7.7,99,0.0,1028.1,1.42,141,87,2026-09-26
Ново-Иерусалим,55.9,36.817,2026-09-26T07:00,7.6,99,0.0,1028.3,1.7,140,86,2026-09-26
Ново-Иерусалим,55.9,36.817,2026-09-26T08:00,8.3,97,0.0,1028.5,2.33,149,92,2026-09-26
Ново-Иерусалим,55.9,36.817,2026-09-26T09:00,9.1,94,0.0,1029.1,2.25,148,99,2026-09-26
Ново-Иерусалим,55.9,36.817,2026-09-26T10:00,11.3,84,0.0,1029.0,2.66,160,90,2026-09-26
Ново-Иерусалим,55.9,36.817,2026-09-26T11:00,13.2,77,0.0,1028.5,2.51,151,48,2026-09-26
Ново-Иерусалим,55.9,36.817,2026-09-26T12:00,14.3,73,0.0,1028.5,2.53,162,61,2026-09-26
Ново-Иерусалим,55.9,36.817,2026-09-26T13:00,15.4,63,0.0,1028.3,2.5,178,85,2026-09-26
Ново-Иерусалим,55.9,36.817,2026-09-26T14:00,15.9,61,0.0,1027.6,2.6,180,76,2026-09-26
Ново-Иерусалим,55.9,36.817,2026-09-26T15:00,16.4,58,0.0,1028.5,2.32,173,32,2026-09-26
Ново-Иерусалим,55.9,36.817,2026-09-26T16:00,16.0,61,0.0,1028.0,2.22,172,36,2026-09-26
Ново-Иерусалим,55.9,36.817,2026-09-26T17:00,15.1,68,0.0,1027.8,1.62,158,36,2026-09-26
Ново-Иерусалим,55.9,36.817,2026-09-26T18:00,13.4,77,0.0,1027.7,1.3,148,41,2026-09-26
Ново-Иерусалим,55.9,36.817,2026-09-26T19:00,11.8,82,0.0,1027.8,1.36,144,8,2026-09-26
Ново-Иерусалим,55.9,36.817,2026-09-26T20:00,10.9,84,0.0,1028.2,1.34,153,16,2026-09-26
Ново-Иерусалим,55.9,36.817,2026-09-26T21:00,10.3,86,0.0,1028.4,1.3,157,19,2026-09-26
Ново-Иерусалим,55.9,36.817,2026-09-26T22:00,9.8,87,0.0,1028.7,1.26,162,49,2026-09-26
Ново-Иерусалим,55.9,36.817,2026-09-26T23:00,9.6,87,0.0,1028.9,1.24,166,39,2026-09-26
Ново-Иерусалим,55.9,36.817,2026-09-27T00:00,9.2,87,0.0,1029.0,1.24,166,19,2026-09-26
Ново-Иерусалим,55.9,36.817,2026-09-27T01:00,9.0,87,0.0,1028.7,1.22,171,25,2026-09-26
Ново-Иерусалим,55.9,36.817,2026-09-27T02:00,8.8,87,0.0,1028.7,1.2,175,25,2026-09-26
Ново-Иерусалим,55.9,36.817,2026-09-27T03:00,8.6,88,0.0,1028.6,1.2,180,35,2026-09-26
Ново-Иерусалим,55.9,36.817,2026-09-27T04:00,8.4,88,0.0,1028.9,1.2,180,32,2026-09-26
Ново-Иерусалим,55.9,36.817,2026-09-27T05:00,8.2,89,0.0,1029.1,1.3,180,31,2026-09-26
Ново-Иерусалим,55.9,36.817,2026-09-27T06:00,8.1,90,0.0,1029.1,1.2,180,73,2026-09-26
Ново-Иерусалим,55.9,36.817,2026-09-27T07:00,8.3,90,0.0,1029.1,1.3,184,62,2026-09-26
Ново-Иерусалим,55.9,36.817,2026-09-27T08:00,9.4,87,0.0,1029.0,1.4,184,67,2026-09-26
Ново-Иерусалим,55.9,36.817,2026-09-27T09:00,11.1,82,0.0,1029.1,1.92,189,67,2026-09-26
Ново-Иерусалим,55.9,36.817,2026-09-27T10:00,12.9,75,0.0,1028.8,2.14,191,48,2026-09-26
Ново-Иерусалим,55.9,36.817,2026-09-27T11:00,14.4,71,0.0,1028.8,2.35,192,64,2026-09-26
Ново-Иерусалим,55.9,36.817,2026-09-27T12:00,15.3,68,0.0,1028.6,2.33,190,90,2026-09-26
Ново-Иерусалим,55.9,36.817,2026-09-27T13:00,15.9,67,0.0,1028.8,2.35,192,89,2026-09-26
Ново-Иерусалим,55.9,36.817,2026-09-27T14:00,16.5,66,0.0,1028.5,2.26,193,89,2026-09-26
Ново-Иерусалим,55.9,36.817,2026-09-27T15:00,16.7,66,0.0,1028.5,2.18,196,85,2026-09-26
Ново-Иерусалим,55.9,36.817,2026-09-27T16:00,16.7,65,0.0,1028.4,2.1,205,89,2026-09-26
Ново-Иерусалим,55.9,36.817,2026-09-27T17:00,16.0,72,0.0,1028.3,1.43,205,96,2026-09-26
Ново-Иерусалим,55.9,36.817,2026-09-27T18:00,14.8,77,0.0,1028.4,0.89,207,99,2026-09-26
Ново-Иерусалим,55.9,36.817,2026-09-27T19:00,13.9,82,0.0,1028.7,0.91,264,99,2026-09-26
Ново-Иерусалим,55.9,36.817,2026-09-27T20:00,13.1,87,0.0,1029.2,0.89,297,98,2026-09-26
Ново-Иерусалим,55.9,36.817,2026-09-27T21:00,12.7,90,0.0,1029.6,0.81,300,97,2026-09-26
Ново-Иерусалим,55.9,36.817,2026-09-27T22:00,12.3,92,0.2,1029.9,0.5,270,98,2026-09-26
Ново-Иерусалим,55.9,36.817,2026-09-27T23:00,11.9,93,0.1,1030.0,0.5,180,91,2026-09-26
Ново-Иерусалим,55.9,36.817,2026-09-28T00:00,11.6,94,0.0,1030.2,0.36,214,92,2026-09-26
Ново-Иерусалим,55.9,36.817,2026-09-28T01:00,11.6,94,0.0,1030.6,0.5,270,99,2026-09-26
Ново-Иерусалим,55.9,36.817,2026-09-28T02:00,11.6,94,0.0,1030.9,0.85,315,93,2026-09-26
Ново-Иерусалим,55.9,36.817,2026-09-28T03:00,11.3,96,0.0,1031.2,0.98,336,96,2026-09-26
Ново-Иерусалим,55.9,36.817,2026-09-28T04:00,10.8,97,0.0,1031.5,0.94,328,91,2026-09-26
Ново-Иерусалим,55.9,36.817,2026-09-28T05:00,10.4,97,0.0,1031.8,0.89,333,90,2026-09-26
Ново-Иерусалим,55.9,36.817,2026-09-28T06:00,10.1,97,0.0,1031.8,0.71,352,87,2026-09-26
Ново-Иерусалим,55.9,36.817,2026-09-28T07:00,10.1,97,0.0,1032.0,0.82,346,91,2026-09-26
Ново-Иерусалим,55.9,36.817,2026-09-28T08:00,10.8,97,0.0,1032.4,1.71,353,83,2026-09-26
Ново-Иерусалим,55.9,36.817,2026-09-28T09:00,11.5,92,0.0,1032.8,2.06,14,84,2026-09-26
Ново-Иерусалим,55.9,36.817,2026-09-28T10:00,12.7,86,0.0,1033.0,1.77,16,76,2026-09-26
Ново-Иерусалим,55.9,36.817,2026-09-28T11:00,13.8,80,0.0,1033.2,1.58,18,56,2026-09-26
Ново-Иерусалим,55.9,36.817,2026-09-28T12:00,14.7,71,0.0,1033.1,1.65,14,77,2026-09-26
Ново-Иерусалим,55.9,36.817,2026-09-28T13:00,15.5,67,0.0,1033.0,1.63,11,55,2026-09-26
Ново-Иерусалим,55.9,36.817,2026-09-28T14:00,15.8,64,0.0,1032.6,1.51,8,56,2026-09-26
Ново-Иерусалим,55.9,36.817,2026-09-28T15:00,15.9,63,0.0,1032.4,1.6,360,54,2026-09-26
Ново-Иерусалим,55.9,36.817,2026-09-28T16:00,15.4,65,0.0,1032.4,1.9,360,71,2026-09-26
Ново-Иерусалим,55.9,36.817,2026-09-28T17:00,14.4,71,0.0,1032.9,2.01,6,47,2026-09-26
Ново-Иерусалим,55.9,36.817,2026-09-28T18:00,12.8,79,0.0,1033.5,1.4,4,36,2026-09-26
Ново-Иерусалим,55.9,36.817,2026-09-28T19:00,11.2,83,0.0,1033.9,1.1,360,21,2026-09-26
Ново-Иерусалим,55.9,36.817,2026-09-28T20:00,9.9,86,0.0,1034.1,1.0,360,4,2026-09-26
Ново-Иерусалим,55.9,36.817,2026-09-28T21:00,8.9,88,0.0,1034.3,1.0,354,0,2026-09-26
Ново-Иерусалим,55.9,36.817,2026-09-28T22:00,8.3,88,0.0,1034.5,1.0,354,0,2026-09-26
Ново-Иерусалим,55.9,36.817,2026-09-28T23:00,7.9,88,0.0,1034.6,0.71,8,0,2026-09-26
Ново-Иерусалим,55.9,36.817,2026-09-29T00:00,7.5,88,0.0,1034.8,0.8,360,0,2026-09-26
Ново-Иерусалим,55.9,36.817,2026-09-29T01:00,7.2,89,0.0,1035.0,0.8,360,0,2026-09-26
Ново-Иерусалим,55.9,36.817,2026-09-29T02:00,6.8,90,0.0,1035.3,0.73,344,79,2026-09-26
Ново-Иерусалим,55.9,36.817,2026-09-29T03:00,6.4,91,0.0,1035.6,0.76,337,9,2026-09-26
Ново-Иерусалим,55.9,36.817,2026-09-29T04:00,6.0,93,0.0,1035.8,0.63,342,1,2026-09-26
Ново-Иерусалим,55.9,36.817,2026-09-29T05:00,5.7,95,0.0,1035.9,0.76,337,5,2026-09-26
Ново-Иерусалим,55.9,36.817,2026-09-29T06:00,5.3,96,0.0,1036.0,0.76,337,0,2026-09-26
Ново-Иерусалим,55.9,36.817,2026-09-29T07:00,5.3,97,0.0,1036.1,0.73,344,1,2026-09-26
Ново-Иерусалим,55.9,36.817,2026-09-29T08:00,6.9,95,0.0,1036.4,0.73,344,3,2026-09-26
Ново-Иерусалим,55.9,36.817,2026-09-29T09:00,9.7,88,0.0,1036.5,0.71,352,14,2026-09-26
Ново-Иерусалим,55.9,36.817,2026-09-29T10:00,11.9,78,0.0,1036.7,1.1,360,13,2026-09-26
Ново-Иерусалим,55.9,36.817,2026-09-29T11:00,13.6,70,0.0,1036.4,1.43,12,31,2026-09-26
Ново-Иерусалим,55.9,36.817,2026-09-29T12:00,14.5,63,0.0,1036.2,1.51,8,32,2026-09-26
Ново-Иерусалим,55.9,36.817,2026-09-29T13:00,15.2,58,0.0,1035.9,1.5,4,28,2026-09-26
Ново-Иерусалим,55.9,36.817,2026-09-29T14:00,15.6,57,0.0,1035.5,1.3,360,24,2026-09-26
Ново-Иерусалим,55.9,36.817,2026-09-29T15:00,15.7,57,0.0,1035.2,1.2,355,17,2026-09-26
Ново-Иерусалим,55.9,36.817,2026-09-29T16:00,15.4,58,0.0,1035.0,1.33,347,8,2026-09-26
Ново-Иерусалим,55.9,36.817,2026-09-29T17:00,14.5,66,0.0,1034.9,0.91,354,3,2026-09-26
Ново-Иерусалим,55.9,36.817,2026-09-29T18:00,12.8,72,0.0,1035.0,0.81,353,0,2026-09-26
Ново-Иерусалим,55.9,36.817,2026-09-29T19:00,11.0,76,0.0,1035.0,0.63,342,0,2026-09-26
Ново-Иерусалим,55.9,36.817,2026-09-29T20:00,9.9,80,0.0,1035.3,0.78,320,51,2026-09-26
Ново-Иерусалим,55.9,36.817,2026-09-29T21:00,9.2,83,0.0,1035.6,0.54,292,100,2026-09-26
Ново-Иерусалим,55.9,36.817,2026-09-29T22:00,8.7,85,0.0,1035.7,0.51,281,97,2026-09-26
Ново-Иерусалим,55.9,36.817,2026-09-29T23:00,8.6,86,0.0,1035.8,0.51,259,93,2026-09-26
Ново-Иерусалим,55.9,36.817,2026-09-30T00:00,8.5,86,0.0,1035.9,0.51,259,90,2026-09-26
Ново-Иерусалим,55.9,36.817,2026-09-30T01:00,8.4,86,0.0,1035.9,0.51,259,83,2026-09-26
Ново-Иерусалим,55.9,36.817,2026-09-30T02:00,8.4,85,0.0,1035.8,0.61,279,76,2026-09-26
Ново-Иерусалим,55.9,36.817,2026-09-30T03:00,8.4,84,0.0,1035.8,0.73,286,69,2026-09-26
Ново-Иерусалим,55.9,36.817,2026-09-30T04:00,8.1,84,0.0,1035.7,0.98,294,58,2026-09-26
Ново-Иерусалим,55.9,36.817,2026-09-30T05:00,7.7,83,0.0,1035.6,1.21,294,48,2026-09-26
Ново-Иерусалим,55.9,36.817,2026-09-30T06:00,7.7,83,0.0,1035.7,1.39,300,37,2026-09-26
Ново-Иерусалим,55.9,36.817,2026-09-30T07:00,8.4,83,0.0,1036.0,1.44,304,25,2026-09-26
Ново-Иерусалим,55.9,36.817,2026-09-30T08:00,9.5,82,0.0,1036.5,1.41,315,14,2026-09-26
Ново-Иерусалим,55.9,36.817,2026-09-30T09:00,10.7,81,0.0,1036.8,1.5,323,2,2026-09-26
Ново-Иерусалим,55.9,36.817,2026-09-30T10:00,12.2,77,0.0,1036.9,1.75,329,15,2026-09-26
Ново-Иерусалим,55.9,36.817,2026-09-30T11:00,13.7,72,0.0,1036.8,2.06,337,29,2026-09-26
Ново-Иерусалим,55.9,36.817,2026-09-30T12:00,14.9,69,0.0,1036.6,2.34,340,42,2026-09-26
Ново-Иерусалим,55.9,36.817,2026-09-30T13:00,15.7,68,0.0,1036.3,2.62,342,45,2026-09-26
Ново-Иерусалим,55.9,36.817,2026-09-30T14:00,16.1,68,0.0,1035.8,2.79,345,49,2026-09-26
Ново-Иерусалим,55.9,36.817,2026-09-30T15:00,16.0,69,0.0,1035.5,2.89,346,52,2026-09-26
Ново-Иерусалим,55.9,36.817,2026-09-30T16:00,15.3,71,0.0,1035.4,2.69,345,47,2026-09-26
Ново-Иерусалим,55.9,36.817,2026-09-30T17:00,14.1,74,0.0,1035.4,2.31,342,41,2026-09-26
Ново-Иерусалим,55.9,36.817,2026-09-30T18:00,12.9,77,0.0,1035.5,1.99,342,36,2026-09-26
Ново-Иерусалим,55.9,36.817,2026-09-30T19:00,11.8,81,0.0,1035.7,1.77,344,25,2026-09-26
Ново-Иерусалим,55.9,36.817,2026-09-30T20:00,10.7,86,0.0,1036.1,1.63,349,14,2026-09-26
Ново-Иерусалим,55.9,36.817,2026-09-30T21:00,9.8,89,0.0,1036.4,1.51,352,3,2026-09-26
Ново-Иерусалим,55.9,36.817,2026-09-30T22:00,9.1,90,0.0,1036.7,1.4,356,6,2026-09-26
Ново-Иерусалим,55.9,36.817,2026-09-30T23:00,8.5,90,0.0,1036.9,1.3,356,9,2026-09-26
Ново-Иерусалим,55.9,36.817,2026-10-01T00:00,8.0,90,0.0,1037.1,1.2,355,12,2026-09-26
Ново-Иерусалим,55.9,36.817,2026-10-01T01:00,7.5,90,0.0,1037.2,1.22,351,25,2026-09-26
Ново-Иерусалим,55.9,36.817,2026-10-01T02:00,7.0,91,0.0,1037.3,1.24,346,39,2026-09-26
Ново-Иерусалим,55.9,36.817,2026-10-01T03:00,6.5,91,0.0,1037.4,1.26,342,52,2026-09-26
Ново-Иерусалим,55.9,36.817,2026-10-01T04:00,5.9,92,0.0,1037.6,1.17,340,46,2026-09-26
Ново-Иерусалим,55.9,36.817,2026-10-01T05:00,5.2,93,0.0,1037.7,1.17,340,39,2026-09-26
Ново-Иерусалим,55.9,36.817,2026-10-01T06:00,5.1,93,0.0,1038.0,1.17,340,33,2026-09-26
Ново-Иерусалим,55.9,36.817,2026-10-01T07:00,5.7,92,0.0,1038.4,1.33,347,47,2026-09-26
Ново-Иерусалим,55.9,36.817,2026-10-01T08:00,6.8,91,0.0,1039.0,1.61,353,62,2026-09-26
Ново-Иерусалим,55.9,36.817,2026-10-01T09:00,8.1,88,0.0,1039.3,1.9,357,76,2026-09-26
Ново-Иерусалим,55.9,36.817,2026-10-01T10:00,9.7,81,0.0,1039.4,2.1,3,64,2026-09-26
Ново-Иерусалим,55.9,36.817,2026-10-01T11:00,11.6,73,0.0,1039.3,2.31,5,51,2026-09-26
Ново-Иерусалим,55.9,36.817,2026-10-01T12:00,13.0,66,0.0,1039.1,2.52,7,39,2026-09-26
Ново-Иерусалим,55.9,36.817,2026-10-01T13:00,13.6,61,0.0,1038.8,2.61,4,34,2026-09-26
Ново-Иерусалим,55.9,36.817,2026-10-01T14:00,13.9,58,0.0,1038.4,2.6,2,29,2026-09-26
Ново-Иерусалим,55.9,36.817,2026-10-01T15:00,13.9,56,0.0,1038.0,2.53,358,25,2026-09-26
Ново-Иерусалим,55.9,36.817,2026-10-01T16:00,13.0,61,0.0,1037.8,2.11,355,18,2026-09-26
Ново-Иерусалим,55.9,36.817,2026-10-01T17:00,11.7,68,0.0,1037.8,1.63,349,10,2026-09-26
Ново-Иерусалим,55.9,36.817,2026-10-01T18:00,10.3,75,0.0,1037.8,1.26,342,3,2026-09-26
Ново-Иерусалим,55.9,36.817,2026-10-01T19:00,9.1,79,0.0,1038.0,1.21,336,2,2026-09-26
Ново-Иерусалим,55.9,36.817,2026-10-01T20:00,7.8,83,0.0,1038.2,1.21,336,1,2026-09-26
Ново-Иерусалим,55.9,36.817,2026-10-01T21:00,6.8,85,0.0,1038.4,1.25,331,0,2026-09-26
Ново-Иерусалим,55.9,36.817,2026-10-01T22:00,6.2,86,0.0,1038.4,1.17,329,7,2026-09-26
Ново-Иерусалим,55.9,36.817,2026-10-01T23:00,5.8,85,0.0,1038.4,1.06,319,15,2026-09-26
Ново-Иерусалим,55.9,36.817,2026-10-02T00:00,5.5,85,0.0,1038.3,0.92,311,22,2026-09-26
Ново-Иерусалим,55.9,36.817,2026-10-02T01:00,5.2,86,0.0,1038.1,0.94,302,30,2026-09-26
Ново-Иерусалим,55.9,36.817,2026-10-02T02:00,4.9,87,0.0,1037.9,0.95,288,38,2026-09-26
Ново-Иерусалим,55.9,36.817,2026-10-02T03:00,4.8,87,0.0,1037.7,1.04,287,46,2026-09-26
Ново-Иерусалим,55.9,36.817,2026-10-02T04:00,4.7,87,0.0,1037.5,1.36,287,42,2026-09-26
Ново-Иерусалим,55.9,36.817,2026-10-02T05:00,4.8,86,0.0,1037.3,1.68,287,38,2026-09-26
Ново-Иерусалим,55.9,36.817,2026-10-02T06:00,5.2,85,0.0,1037.2,1.93,291,34,2026-09-26
Ново-Иерусалим,55.9,36.817,2026-10-02T07:00,6.2,84,0.0,1037.2,1.97,294,34,2026-09-26
Ново-Иерусалим,55.9,36.817,2026-10-02T08:00,7.5,83,0.0,1037.1,1.88,295,33,2026-09-26
Ново-Иерусалим,55.9,36.817,2026-10-02T09:00,9.0,80,0.0,1037.0,1.89,302,33,2026-09-26
Ново-Иерусалим,55.9,36.817,2026-10-02T10:00,10.6,75,0.0,1036.6,2.14,307,44,2026-09-26
Ново-Иерусалим,55.9,36.817,2026-10-02T11:00,12.4,69,0.0,1036.1,2.62,313,55,2026-09-26
Ново-Иерусалим,55.9,36.817,2026-10-02T12:00,13.7,63,0.0,1035.6,2.9,316,66,2026-09-26
Ново-Иерусалим,55.9,36.817,2026-10-02T13:00,14.5,58,0.0,1035.0,3.05,319,56,2026-09-26
Ново-Иерусалим,55.9,36.817,2026-10-02T14:00,15.0,55,0.0,1034.5,3.06,322,47,2026-09-26
Ново-Иерусалим,55.9,36.817,2026-10-02T15:00,14.9,54,0.0,1034.0,2.92,322,37,2026-09-26
Ново-Иерусалим,55.9,36.817,2026-10-02T16:00,14.2,59,0.0,1033.8,2.5,323,48,2026-09-26
Ново-Иерусалим,55.9,36.817,2026-10-02T17:00,13.0,66,0.0,1033.7,1.92,321,59,2026-09-26
Ново-Иерусалим,55.9,36.817,2026-10-02T18:00,11.9,73,0.0,1033.6,1.42,321,70,2026-09-26
Ново-Иерусалим,55.9,36.817,2026-10-02T19:00,11.1,77,0.0,1033.5,1.28,321,79,2026-09-26
Ново-Иерусалим,55.9,36.817,2026-10-02T20:00,10.4,80,0.0,1033.4,1.42,321,88,2026-09-26
Ново-Иерусалим,55.9,36.817,2026-10-02T21:00,9.9,82,0.0,1033.4,1.5,323,97,2026-09-26
Ново-Иерусалим,55.9,36.817,2026-10-02T22:00,9.8,84,0.0,1033.5,1.53,328,97,2026-09-26
Ново-Иерусалим,55.9,36.817,2026-10-02T23:00,9.9,85,0.0,1033.6,1.57,333,98,2026-09-26
Ново-Иерусалим,55.9,36.817,2026-10-03T00:00,10.0,87,0.0,1033.7,1.52,337,98,2026-09-26
Ново-Иерусалим,55.9,36.817,2026-10-03T01:00,10.0,89,0.0,1033.7,1.49,340,98,2026-09-26
Ново-Иерусалим,55.9,36.817,2026-10-03T02:00,10.0,92,0.0,1033.8,1.39,339,97,2026-09-26
Ново-Иерусалим,55.9,36.817,2026-10-03T03:00,10.0,94,0.0,1033.8,1.24,346,97,2026-09-26
Ново-Иерусалим,55.9,36.817,2026-10-03T04:00,10.0,96,0.0,1033.9,1.1,5,98,2026-09-26
Ново-Иерусалим,55.9,36.817,2026-10-03T05:00,10.0,96,0.0,1034.0,1.08,34,99,2026-09-26
Ново-Иерусалим,55.9,36.817,2026-10-03T06:00,9.9,96,0.0,1034.2,1.22,55,100,2026-09-26
Ново-Иерусалим,55.9,36.817,2026-10-03T07:00,9.8,93,0.0,1034.6,1.49,70,97,2026-09-26
Ново-Иерусалим,55.9,36.817,2026-10-03T08:00,9.7,90,0.0,1035.2,1.71,83,94,2026-09-26
Ново-Иерусалим,55.9,36.817,2026-10-03T09:00,9.8,85,0.0,1035.6,1.9,90,91,2026-09-26
Ново-Иерусалим,55.9,36.817,2026-10-03T10:00,10.3,80,0.0,1035.8,2.0,93,82,2026-09-26
Ново-Иерусалим,55.9,36.817,2026-10-03T11:00,11.0,74,0.0,1036.0,1.91,96,74,2026-09-26
Ново-Иерусалим,55.9,36.817,2026-10-03T12:00,11.6,69,0.0,1036.0,1.81,96,65,2026-09-26
Ново-Иерусалим,55.9,36.817,2026-10-03T13:00,12.0,65,0.0,1035.8,1.6,94,66,2026-09-26
Ново-Иерусалим,55.9,36.817,2026-10-03T14:00,12.2,63,0.0,1035.6,1.41,82,68,2026-09-26
Ново-Иерусалим,55.9,36.817,2026-10-03T15:00,12.0,63,0.0,1035.4,1.24,76,69,2026-09-26
Ново-Иерусалим,55.9,36.817,2026-10-03T16:00,11.4,67,0.0,1035.4,1.02,79,66,2026-09-26
Ново-Иерусалим,55.9,36.817,2026-10-03T17:00,10.6,73,0.0,1035.6,0.9,90,62,2026-09-26
Ново-Иерусалим,55.9,36.817,2026-10-03T18:00,9.6,78,0.0,1035.7,0.81,97,59,2026-09-26
Ново-Иерусалим,55.9,36.817,2026-10-03T19:00,8.7,80,0.0,1035.8,0.91,96,60,2026-09-26
Ново-Иерусалим,55.9,36.817,2026-10-03T20:00,7.7,81,0.0,1036.0,1.0,96,62,2026-09-26
Ново-Иерусалим,55.9,36.817,2026-10-03T21:00,6.8,82,0.0,1036.1,1.1,95,63,2026-09-26
Ново-Иерусалим,55.9,36.817,2026-10-03T22:00,6.1,82,0.0,1036.2,1.02,101,54,2026-09-26
Ново-Иерусалим,55.9,36.817,2026-10-03T23:00,5.5,81,0.0,1036.4,0.98,114,46,2026-09-26
Ново-Иерусалим,55.9,36.817,2026-10-04T00:00,4.9,81,0.0,1036.5,1.0,127,37,2026-09-26
Ново-Иерусалим,55.9,36.817,2026-10-04T01:00,3.4,81,0.0,1036.5,1.23,157,30,2026-09-26
Ново-Иерусалим,55.9,36.817,2026-10-04T02:00,2.2,83,0.0,1036.5,1.65,182,22,2026-09-26
Ново-Иерусалим,55.9,36.817,2026-10-04T03:00,1.4,83,0.0,1036.3,2.14,207,12,2026-09-26
Ново-Иерусалим,55.9,36.817,2026-10-04T04:00,1.0,82,0.0,1036.0,2.55,228,0,2026-09-26
Ново-Иерусалим,55.9,36.817,2026-10-04T05:00,1.5,80,0.0,1035.8,2.44,227,0,2026-09-26
Ново-Иерусалим,55.9,36.817,2026-10-04T06:00,2.1,78,0.0,1035.7,2.26,225,0,2026-09-26
Ново-Иерусалим,55.9,36.817,2026-10-04T07:00,2.8,75,0.0,1035.5,2.09,222,0,2026-09-26
Ново-Иерусалим,55.9,36.817,2026-10-04T08:00,3.6,73,0.0,1035.2,1.95,220,0,2026-09-26
Ново-Иерусалим,55.9,36.817,2026-10-04T09:00,4.6,70,0.0,1034.8,1.92,219,0,2026-09-26
Ново-Иерусалим,55.9,36.817,2026-10-04T10:00,5.9,67,0.0,1034.3,2.06,219,7,2026-09-26
Ново-Иерусалим,55.9,36.817,2026-10-04T11:00,7.6,63,0.0,1033.7,2.23,220,17,2026-09-26
Ново-Иерусалим,55.9,36.817,2026-10-04T12:00,9.4,60,0.0,1033.0,2.51,223,28,2026-09-26
Ново-Иерусалим,55.9,36.817,2026-10-04T13:00,11.1,57,0.0,1032.2,2.76,224,39,2026-09-26
Ново-Иерусалим,55.9,36.817,2026-10-04T14:00,12.4,56,0.0,1031.6,3.01,226,49,2026-09-26
Ново-Иерусалим,55.9,36.817,2026-10-04T15:00,13.2,56,0.0,1031.0,3.18,226,55,2026-09-26
Ново-Иерусалим,55.9,36.817,2026-10-04T16:00,13.2,58,0.0,1030.5,3.33,227,57,2026-09-26
Ново-Иерусалим,55.9,36.817,2026-10-04T17:00,12.6,61,0.0,1030.1,3.4,229,56,2026-09-26
Ново-Иерусалим,55.9,36.817,2026-10-04T18:00,11.7,67,0.0,1029.8,3.48,230,54,2026-09-26
Ново-Иерусалим,55.9,36.817,2026-10-04T19:00,10.6,73,0.0,1029.5,3.52,231,51,2026-09-26
Ново-Иерусалим,55.9,36.817,2026-10-04T20:00,9.6,79,0.0,1029.1,3.57,233,47,2026-09-26
Ново-Иерусалим,55.9,36.817,2026-10-04T21:00,8.9,84,0.0,1028.8,3.58,234,45,2026-09-26
Ново-Иерусалим,55.9,36.817,2026-10-04T22:00,8.4,87,0.0,1028.4,3.56,236,43,2026-09-26
Ново-Иерусалим,55.9,36.817,2026-10-04T23:00,8.0,90,0.0,1028.1,3.51,237,40,2026-09-26
Ново-Иерусалим,55.9,36.817,2026-10-05T00:00,7.6,92,0.0,1027.8,3.43,239,37,2026-09-26
Ново-Иерусалим,55.9,36.817,2026-10-05T01:00,7.3,94,0.0,1027.4,3.36,242,35,2026-09-26
Ново-Иерусалим,55.9,36.817,2026-10-05T02:00,7.1,96,0.0,1027.1,3.31,243,35,2026-09-26
Ново-Иерусалим,55.9,36.817,2026-10-05T03:00,7.1,96,0.0,1026.7,3.24,243,38,2026-09-26
Ново-Иерусалим,55.9,36.817,2026-10-05T04:00,7.1,97,0.0,1026.3,3.15,243,45,2026-09-26
Ново-Иерусалим,55.9,36.817,2026-10-05T05:00,7.3,98,0.0,1026.0,3.11,240,56,2026-09-26
Ново-Иерусалим,55.9,36.817,2026-10-05T06:00,7.5,98,0.0,1025.6,3.06,236,69,2026-09-26
Ново-Иерусалим,55.9,36.817,2026-10-05T07:00,7.9,97,0.0,1025.2,3.0,233,81,2026-09-26
Ново-Иерусалим,55.9,36.817,2026-10-05T08:00,8.3,95,0.0,1024.8,2.99,232,92,2026-09-26
Ново-Иерусалим,55.9,36.817,2026-10-05T09:00,8.9,92,0.0,1024.4,3.0,233,100,2026-09-26
Ново-Иерусалим,55.9,36.817,2026-10-05T10:00,9.8,86,0.0,1023.9,3.08,238,100,2026-09-26
Ново-Иерусалим,55.9,36.817,2026-10-05T11:00,10.9,78,0.0,1023.4,3.24,245,100,2026-09-26
Ново-Иерусалим,55.9,36.817,2026-10-05T12:00,12.2,71,0.0,1022.8,3.51,253,100,2026-09-26
Ново-Иерусалим,55.9,36.817,2026-10-05T13:00,13.3,65,0.0,1022.3,3.81,259,100,2026-09-26
Ново-Иерусалим,55.9,36.817,2026-10-05T14:00,14.2,60,0.0,1021.8,4.07,264,100,2026-09-26
Ново-Иерусалим,55.9,36.817,2026-10-05T15:00,14.7,58,0.0,1021.4,4.25,268,100,2026-09-26
Ново-Иерусалим,55.9,36.817,2026-10-05T16:00,14.5,58,0.0,1021.1,4.25,270,99,2026-09-26
Ново-Иерусалим,55.9,36.817,2026-10-05T17:00,14.0,61,0.0,1020.9,4.15,272,98,2026-09-26
Ново-Иерусалим,55.9,36.817,2026-10-05T18:00,13.1,65,0.0,1020.8,4.01,274,97,2026-09-26
Ново-Иерусалим,55.9,36.817,2026-10-05T19:00,12.2,70,0.0,1020.7,3.82,275,96,2026-09-26
Ново-Иерусалим,55.9,36.817,2026-10-05T20:00,11.3,74,0.0,1020.6,3.62,276,95,2026-09-26
Ново-Иерусалим,55.9,36.817,2026-10-05T21:00,10.8,78,0.0,1020.4,3.47,276,95,2026-09-26
Ново-Иерусалим,55.9,36.817,2026-10-05T22:00,10.5,81,0.0,1020.1,3.36,274,95,2026-09-26
Ново-Иерусалим,55.9,36.817,2026-10-05T23:00,10.3,83,0.0,1019.9,3.3,272,96,2026-09-26
Ново-Иерусалим,55.9,36.817,2026-10-06T00:00,10.2,85,0.0,1019.6,3.2,268,97,2026-09-26
Ново-Иерусалим,55.9,36.817,2026-10-06T01:00,10.2,87,0.0,1019.2,3.16,265,98,2026-09-26
Ново-Иерусалим,55.9,36.817,2026-10-06T02:00,10.2,88,0.0,1019.0,3.19,261,99,2026-09-26
Ново-Иерусалим,55.9,36.817,2026-10-06T03:00,10.2,89,0.0,1018.7,3.23,257,100,2026-09-26
Ново-Иерусалим,55.9,36.817,2026-10-06T04:00,10.3,89,0.0,1018.5,3.31,255,100,2026-09-26
Ново-Иерусалим,55.9,36.817,2026-10-06T05:00,10.3,90,0.0,1018.4,3.4,253,100,2026-09-26
Ново-Иерусалим,55.9,36.817,2026-10-06T06:00,10.5,90,0.0,1018.3,3.56,250,100,2026-09-26
Ново-Иерусалим,55.9,36.817,2026-10-06T07:00,10.6,90,0.0,1018.1,3.73,250,100,2026-09-26
Ново-Иерусалим,55.9,36.817,2026-10-06T08:00,10.8,89,0.0,1018.0,3.88,248,100,2026-09-26
Ново-Иерусалим,55.9,36.817,2026-10-06T09:00,11.1,87,0.0,1017.7,4.04,248,100,2026-09-26
Ново-Иерусалим,55.9,36.817,2026-10-06T10:00,11.6,83,0.0,1017.3,4.23,249,100,2026-09-26
Ново-Иерусалим,55.9,36.817,2026-10-06T11:00,12.2,78,0.0,1016.9,4.46,250,100,2026-09-26
Ново-Иерусалим,55.9,36.817,2026-10-06T12:00,12.9,72,0.0,1016.4,4.68,252,100,2026-09-26
Ново-Иерусалим,55.9,36.817,2026-10-06T13:00,13.5,67,0.0,1015.9,4.9,253,100,2026-09-26
Ново-Иерусалим,55.9,36.817,2026-10-06T14:00,14.0,63,0.0,1015.5,5.03,254,100,2026-09-26
Ново-Иерусалим,55.9,36.817,2026-10-06T15:00,14.2,61,0.0,1015.1,5.07,255,100,2026-09-26
Ново-Иерусалим,55.9,36.817,2026-10-06T16:00,14.1,61,0.0,1014.9,4.91,255,100,2026-09-26
Ново-Иерусалим,55.9,36.817,2026-10-06T17:00,13.7,62,0.0,1014.7,4.62,254,100,2026-09-26
Ново-Иерусалим,55.9,36.817,2026-10-06T18:00,13.2,64,0.0,1014.6,4.27,254,100,2026-09-26
Ново-Иерусалим,55.9,36.817,2026-10-06T19:00,12.6,67,0.0,1014.5,3.87,253,100,2026-09-26
Ново-Иерусалим,55.9,36.817,2026-10-06T20:00,12.1,70,0.0,1014.4,3.61,251,100,2026-09-26
Ново-Иерусалим,55.9,36.817,2026-10-06T21:00,11.8,73,0.0,1014.1,3.48,249,100,2026-09-26
Ново-Иерусалим,55.9,36.817,2026-10-06T22:00,11.7,75,0.0,1013.7,3.58,247,100,2026-09-26
Ново-Иерусалим,55.9,36.817,2026-10-06T23:00,11.7,77,0.0,1013.2,3.8,245,100,2026-09-26
Ново-Иерусалим,55.9,36.817,2026-10-07T00:00,11.8,79,0.0,1012.7,4.09,243,100,2026-09-26
Ново-Иерусалим,55.9,36.817,2026-10-07T01:00,11.9,80,0.0,1012.1,4.43,242,100,2026-09-26
Ново-Иерусалим,55.9,36.817,2026-10-07T02:00,12.0,82,0.0,1011.7,4.7,241,100,2026-09-26
Ново-Иерусалим,55.9,36.817,2026-10-07T03:00,12.1,83,0.0,1011.3,4.91,240,100,2026-09-26
Ново-Иерусалим,55.9,36.817,2026-10-07T04:00,12.2,84,0.0,1011.1,4.93,240,100,2026-09-26
Ново-Иерусалим,55.9,36.817,2026-10-07T05:00,12.3,84,0.0,1010.9,4.86,240,99,2026-09-26
Ново-Иерусалим,55.9,36.817,2026-10-07T06:00,12.4,84,0.0,1010.8,4.73,240,99,2026-09-26
Ново-Иерусалим,55.9,36.817,2026-10-07T07:00,12.5,83,0.0,1010.8,4.61,240,98,2026-09-26
Ново-Иерусалим,55.9,36.817,2026-10-07T08:00,12.6,82,0.0,1010.7,4.57,241,98,2026-09-26
Ново-Иерусалим,55.9,36.817,2026-10-07T09:00,12.8,81,0.0,1010.6,4.63,242,98,2026-09-26
Ново-Иерусалим,55.9,36.817,2026-10-07T10:00,13.1,79,0.0,1010.4,4.9,244,98,2026-09-26
Ново-Иерусалим,55.9,36.817,2026-10-07T11:00,13.5,76,0.0,1010.2,5.33,246,99,2026-09-26
Ново-Иерусалим,55.9,36.817,2026-10-07T12:00,13.9,73,0.0,1010.0,5.8,247,100,2026-09-26
Ново-Иерусалим,55.9,36.817,2026-10-07T13:00,14.3,70,0.0,1009.8,6.29,249,100,2026-09-26
Ново-Иерусалим,55.9,36.817,2026-10-07T14:00,14.6,68,0.0,1009.6,6.61,250,100,2026-09-26
Ново-Иерусалим,55.9,36.817,2026-10-07T15:00,14.6,67,0.0,1009.6,6.74,250,100,2026-09-26
Ново-Иерусалим,55.9,36.817,2026-10-07T16:00,14.4,67,0.0,1009.7,6.61,251,99,2026-09-26
Ново-Иерусалим,55.9,36.817,2026-10-07T17:00,14.0,68,0.0,1010.0,6.28,251,96,2026-09-26
Ново-Иерусалим,55.9,36.817,2026-10-07T18:00,13.5,70,0.0,1010.3,5.83,252,94,2026-09-26
Ново-Иерусалим,55.9,36.817,2026-10-07T19:00,12.9,72,0.0,1010.6,5.35,253,91,2026-09-26
Ново-Иерусалим,55.9,36.817,2026-10-07T20:00,12.3,74,0.0,1010.9,4.87,253,89,2026-09-26
Ново-Иерусалим,55.9,36.817,2026-10-07T21:00,11.8,76,0.0,1011.2,4.51,253,87,2026-09-26
Ново-Иерусалим,55.9,36.817,2026-10-07T22:00,11.3,78,0.0,1011.4,4.21,252,86,2026-09-26
Ново-Иерусалим,55.9,36.817,2026-10-07T23:00,10.8,81,0.0,1011.6,3.91,251,84,2026-09-26
Ново-Иерусалим,55.9,36.817,2026-10-08T00:00,10.3,84,0.0,1011.8,3.67,250,83,2026-09-26
Ново-Иерусалим,55.9,36.817,2026-10-08T01:00,9.8,88,0.0,1012.0,3.45,248,83,2026-09-26
Ново-Иерусалим,55.9,36.817,2026-10-08T02:00,9.5,91,0.0,1012.2,3.2,245,82,2026-09-26
Ново-Иерусалим,55.9,36.817,2026-10-08T03:00,9.2,93,0.0,1012.3,3.05,240,83,2026-09-26
Ново-Иерусалим,55.9,36.817,2026-10-08T04:00,9.1,94,0.0,1012.4,2.89,233,85,2026-09-26
Ново-Иерусалим,55.9,36.817,2026-10-08T05:00,9.0,95,0.0,1012.5,2.8,223,90,2026-09-26
Ново-Иерусалим,55.9,36.817,2026-10-08T06:00,9.0,95,0.0,1012.5,2.85,211,95,2026-09-26
Ново-Иерусалим,55.9,36.817,2026-10-08T07:00,9.2,94,0.0,1012.6,3.01,201,99,2026-09-26
Ново-Иерусалим,55.9,36.817,2026-10-08T08:00,9.5,92,0.0,1012.5,3.28,196,100,2026-09-26
Ново-Иерусалим,55.9,36.817,2026-10-08T09:00,10.0,89,0.0,1012.4,3.58,195,99,2026-09-26
Ново-Иерусалим,55.9,36.817,2026-10-08T10:00,11.0,83,0.0,1012.2,3.89,200,93,2026-09-26
Ново-Иерусалим,55.9,36.817,2026-10-08T11:00,12.3,76,0.0,1011.8,4.36,208,84,2026-09-26
Ново-Иерусалим,55.9,36.817,2026-10-08T12:00,13.8,68,0.0,1011.4,4.94,216,72,2026-09-26
Ново-Иерусалим,55.9,36.817,2026-10-08T13:00,15.3,61,0.0,1011.0,5.52,222,59,2026-09-26
Ново-Иерусалим,55.9,36.817,2026-10-08T14:00,16.4,57,0.0,1010.6,6.05,226,48,2026-09-26
Ново-Иерусалим,55.9,36.817,2026-10-08T15:00,16.9,55,0.0,1010.4,6.26,227,38,2026-09-26
Ново-Иерусалим,55.9,36.817,2026-10-08T16:00,16.6,55,0.0,1010.3,6.12,226,29,2026-09-26
Ново-Иерусалим,55.9,36.817,2026-10-08T17:00,15.8,58,0.0,1010.2,5.73,223,19,2026-09-26
Ново-Иерусалим,55.9,36.817,2026-10-08T18:00,14.7,63,0.0,1010.3,5.2,218,9,2026-09-26
Ново-Иерусалим,55.9,36.817,2026-10-08T19:00,13.4,69,0.0,1010.3,4.65,212,2,2026-09-26
Ново-Иерусалим,55.9,36.817,2026-10-08T20:00,12.3,74,0.0,1010.3,4.23,204,0,2026-09-26
Ново-Иерусалим,55.9,36.817,2026-10-08T21:00,11.4,79,0.0,1010.3,4.02,199,0,2026-09-26
Ново-Иерусалим,55.9,36.817,2026-10-08T22:00,10.9,81,0.0,1010.2,3.91,196,9,2026-09-26
Ново-Иерусалим,55.9,36.817,2026-10-08T23:00,10.4,84,0.0,1010.2,3.83,195,25,2026-09-26
Ново-Иерусалим,55.9,36.817,2026-10-09T00:00,10.0,85,0.0,1010.1,3.83,195,45,2026-09-26
Ново-Иерусалим,55.9,36.817,2026-10-09T01:00,9.8,86,0.0,1010.0,3.8,196,65,2026-09-26
Ново-Иерусалим,55.9,36.817,2026-10-09T02:00,9.6,87,0.0,1010.0,3.8,196,83,2026-09-26
Ново-Иерусалим,55.9,36.817,2026-10-09T03:00,9.5,88,0.0,1009.9,3.78,195,95,2026-09-26
Ново-Иерусалим,55.9,36.817,2026-10-09T04:00,9.5,89,0.0,1009.9,3.75,193,100,2026-09-26
Ново-Иерусалим,55.9,36.817,2026-10-09T05:00,9.6,89,0.0,1009.9,3.66,190,100,2026-09-26
Ново-Иерусалим,55.9,36.817,2026-10-09T06:00,9.7,89,0.0,1009.9,3.62,186,100,2026-09-26
Ново-Иерусалим,55.9,36.817,2026-10-09T07:00,10.0,89,0.0,1009.9,3.6,182,100,2026-09-26
Ново-Иерусалим,55.9,36.817,2026-10-09T08:00,10.4,87,0.0,1009.9,3.65,180,100,2026-09-26
Ново-Иерусалим,55.9,36.817,2026-10-09T09:00,10.8,84,0.0,1009.8,3.75,178,99,2026-09-26
Ново-Иерусалим,55.9,36.817,2026-10-09T10:00,11.5,79,0.0,1009.7,3.95,179,100,2026-09-26
Ново-Иерусалим,55.9,36.817,2026-10-09T11:00,12.5,73,0.0,1009.5,4.2,179,100,2026-09-26
Ново-Иерусалим,55.9,36.817,2026-10-09T12:00,13.6,66,0.0,1009.3,4.55,181,100,2026-09-26
Ново-Иерусалим,55.9,36.817,2026-10-09T13:00,14.6,60,0.0,1009.1,4.85,182,100,2026-09-26
Ново-Иерусалим,55.9,36.817,2026-10-09T14:00,15.3,56,0.0,1009.0,5.11,183,100,2026-09-26
Ново-Иерусалим,55.9,36.817,2026-10-09T15:00,15.7,54,0.0,1008.9,5.27,185,95,2026-09-26
Ново-Иерусалим,55.9,36.817,2026-10-09T16:00,15.5,54,0.0,1008.9,5.33,186,83,2026-09-26
Ново-Иерусалим,55.9,36.817,2026-10-09T17:00,14.9,56,0.0,1009.0,5.35,188,65,2026-09-26
Ново-Иерусалим,55.9,36.817,2026-10-09T18:00,14.1,60,0.0,1009.2,5.31,189,44,2026-09-26
Ново-Иерусалим,55.9,36.817,2026-10-09T19:00,13.1,64,0.0,1009.4,5.24,190,25,2026-09-26
Ново-Иерусалим,55.9,36.817,2026-10-09T20:00,12.3,68,0.0,1009.6,5.08,193,11,2026-09-26
Ново-Иерусалим,55.9,36.817,2026-10-09T21:00,11.7,71,0.0,1009.8,4.84,196,5,2026-09-26
Ново-Иерусалим,55.9,36.817,2026-10-09T22:00,11.3,74,0.0,1010.0,4.49,201,10,2026-09-26
Ново-Иерусалим,55.9,36.817,2026-10-09T23:00,11.0,77,0.0,1010.3,4.14,208,24,2026-09-26
Ново-Иерусалим,55.9,36.817,2026-10-10T00:00,10.9,79,0.0,1010.6,3.78,217,44,2026-09-26
Ново-Иерусалим,55.9,36.817,2026-10-10T01:00,10.7,82,0.0,1010.9,3.51,229,64,2026-09-26
Ново-Иерусалим,55.9,36.817,2026-10-10T02:00,10.5,83,0.0,1011.3,3.4,240,82,2026-09-26
Ново-Иерусалим,55.9,36.817,2026-10-10T03:00,10.3,84,0.0,1011.7,3.45,251,94,2026-09-26
Ново-Иерусалим,55.9,36.817,2026-10-10T04:00,9.9,84,0.0,1012.2,3.57,259,100,2026-09-26
Ново-Иерусалим,55.9,36.817,2026-10-10T05:00,9.5,84,0.0,1012.8,3.71,265,100,2026-09-26
Ново-Иерусалим,55.9,36.817,2026-10-10T06:00,9.0,83,0.0,1013.4,3.9,271,100,2026-09-26
Ново-Иерусалим,55.9,36.817,2026-10-10T07:00,8.6,81,0.0,1014.0,4.11,275,100,2026-09-26
Ново-Иерусалим,55.9,36.817,2026-10-10T08:00,8.3,78,0.0,1014.6,4.25,279,100,2026-09-26
Ново-Иерусалим,55.9,36.817,2026-10-10T09:00,8.2,76,0.0,1015.2,4.33,281,100,2026-09-26
Ново-Иерусалим,55.9,36.817,2026-10-10T10:00,8.3,73,0.0,1015.7,4.37,283,100,2026-09-26
Ново-Иерусалим,55.9,36.817,2026-10-10T11:00,8.6,68,0.0,1016.1,4.34,285,100,2026-09-26
Ново-Иерусалим,55.9,36.817,2026-10-10T12:00,9.1,63,0.0,1016.6,4.21,286,100,2026-09-26
Ново-Иерусалим,55.9,36.817,2026-10-10T13:00,9.5,59,0.0,1017.0,4.08,287,100,2026-09-26
Ново-Иерусалим,55.9,36.817,2026-10-10T14:00,9.8,56,0.0,1017.4,3.89,288,100,2026-09-26
Ново-Иерусалим,55.9,36.817,2026-10-10T15:00,9.8,55,0.0,1017.9,3.72,290,95,2026-09-26
Ново-Иерусалим,55.9,36.817,2026-10-10T16:00,9.5,55,0.0,1018.4,3.45,292,87,2026-09-26
Ново-Иерусалим,55.9,36.817,2026-10-10T17:00,9.0,56,0.0,1019.0,3.18,296,76,2026-09-26
Ново-Иерусалим,55.9,36.817,2026-10-10T18:00,8.4,59,0.0,1019.5,2.89,300,63,2026-09-26
Ново-Иерусалим,55.9,36.817,2026-10-10T19:00,7.6,62,0.0,1020.0,2.58,306,50,2026-09-26
Ново-Иерусалим,55.9,36.817,2026-10-10T20:00,6.9,66,0.0,1020.5,2.3,311,38,2026-09-26
Ново-Иерусалим,55.9,36.817,2026-10-10T21:00,6.2,69,0.0,1020.9,2.05,315,28,2026-09-26
Ново-Иерусалим,55.9,36.817,2026-10-10T22:00,5.4,71,0.0,1021.2,1.8,316,21,2026-09-26
Ново-Иерусалим,55.9,36.817,2026-10-10T23:00,4.5,75,0.0,1021.4,1.52,314,15,2026-09-26
Ново-Иерусалим,55.9,36.817,2026-10-11T00:00,3.6,79,0.0,1021.5,1.24,310,10,2026-09-26
Ново-Иерусалим,55.9,36.817,2026-10-11T01:00,3.9,85,0.0,1022.5,1.52,284,22,2026-09-26
Ново-Иерусалим,55.9,36.817,2026-10-11T02:00,4.7,90,0.0,1023.0,2.04,260,40,2026-09-26
Ново-Иерусалим,55.9,36.817,2026-10-11T03:00,5.9,93,0.0,1023.2,2.76,245,62,2026-09-26
Ново-Иерусалим,55.9,36.817,2026-10-11T04:00,7.4,93,0.0,1022.8,3.58,234,90,2026-09-26
Ново-Иерусалим,55.9,36.817,2026-10-11T05:00,7.4,89,0.0,1022.1,3.72,234,96,2026-09-26
Ново-Иерусалим,55.9,36.817,2026-10-11T06:00,7.7,85,0.0,1021.4,3.94,234,100,2026-09-26
Ново-Иерусалим,55.9,36.817,2026-10-11T07:00,8.3,79,0.0,1020.9,4.13,238,100,2026-09-26
Ново-Иерусалим,55.9,36.817,2026-10-11T08:00,9.0,73,0.0,1020.5,4.29,242,100,2026-09-26
Ново-Иерусалим,55.9,36.817,2026-10-11T09:00,9.5,70,0.0,1020.1,4.56,244,100,2026-09-26
Ново-Иерусалим,55.9,36.817,2026-10-11T10:00,9.4,74,0.3,1019.6,4.75,240,100,2026-09-26
Ново-Иерусалим,55.9,36.817,2026-10-11T11:00,9.1,81,0.3,1019.0,4.96,236,100,2026-09-26
Ново-Иерусалим,55.9,36.817,2026-10-11T12:00,8.9,86,0.3,1018.5,5.08,234,100,2026-09-26
Ново-Иерусалим,55.9,36.817,2026-10-11T13:00,9.1,87,0.0,1018.2,5.15,241,100,2026-09-26
Ново-Иерусалим,55.9,36.817,2026-10-11T14:00,9.4,86,0.0,1017.9,5.15,252,100,2026-09-26
Ново-Иерусалим,55.9,36.817,2026-10-11T15:00,9.8,85,0.0,1017.8,5.28,260,100,2026-09-26
Ново-Иерусалим,55.9,36.817,2026-10-11T16:00,10.0,86,0.0,1017.7,5.04,263,100,2026-09-26
Ново-Иерусалим,55.9,36.817,2026-10-11T17:00,10.3,88,0.0,1017.7,4.62,265,100,2026-09-26
Ново-Иерусалим,55.9,36.817,2026-10-11T18:00,10.5,89,0.0,1017.8,4.3,267,100,2026-09-26
Ново-Иерусалим,55.9,36.817,2026-10-11T19:00,10.7,90,0.0,1017.9,4.1,271,98,2026-09-26
Ново-Иерусалим,55.9,36.817,2026-10-11T20:00,10.8,91,0.0,1018.1,4.12,276,95,2026-09-26
Ново-Иерусалим,55.9,36.817,2026-10-11T21:00,10.9,92,0.0,1018.3,3.98,282,94,2026-09-26
Ново-Иерусалим,55.9,36.817,2026-10-11T22:00,10.9,92,0.0,1018.7,3.86,291,96,2026-09-26
Ново-Иерусалим,55.9,36.817,2026-10-11T23:00,10.9,93,0.0,1019.1,3.86,301,99,2026-09-26
Павловский Посад,55.767,38.683,2026-09-26T00:00,9.5,98,0.0,1028.1,1.39,150,98,2026-09-26
Павловский Посад,55.767,38.683,2026-09-26T01:00,9.4,98,0.0,1027.6,1.42,141,100,2026-09-26
Павловский Посад,55.767,38.683,2026-09-26T02:00,9.4,99,0.0,1027.9,1.58,145,100,2026-09-26
Павловский Посад,55.767,38.683,2026-09-26T03:00,9.4,98,0.0,1028.3,1.36,144,95,2026-09-26
Павловский Посад,55.767,38.683,2026-09-26T04:00,9.5,98,0.0,1028.6,1.34,153,91,2026-09-26
Павловский Посад,55.767,38.683,2026-09-26T05:00,9.2,98,0.0,1028.6,1.62,158,94,2026-09-26
Павловский Посад,55.767,38.683,2026-09-26T06:00,9.2,98,0.0,1029.0,1.66,155,98,2026-09-26
Павловский Посад,55.767,38.683,2026-09-26T07:00,8.9,100,0.0,1029.3,1.58,162,100,2026-09-26
Павловский Посад,55.767,38.683,2026-09-26T08:00,9.0,99,0.0,1029.5,1.53,148,100,2026-09-26
Павловский Посад,55.767,38.683,2026-09-26T09:00,9.5,99,0.0,1030.0,1.5,143,100,2026-09-26
Павловский Посад,55.767,38.683,2026-09-26T10:00,10.1,97,0.0,1030.2,1.36,144,100,2026-09-26
Павловский Посад,55.767,38.683,2026-09-26T11:00,11.1,91,0.0,1029.9,1.14,142,91,2026-09-26
Павловский Посад,55.767,38.683,2026-09-26T12:00,12.1,88,0.0,1029.9,1.2,132,82,2026-09-26
Павловский Посад,55.767,38.683,2026-09-26T13:00,13.3,80,0.0,1029.9,1.17,149,99,2026-09-26
Павловский Посад,55.767,38.683,2026-09-26T14:00,13.9,75,0.0,1029.3,1.21,156,88,2026-09-26
Павловский Посад,55.767,38.683,2026-09-26T15:00,14.2,75,0.0,1030.2,1.08,124,48,2026-09-26
Павловский Посад,55.767,38.683,2026-09-26T16:00,14.2,74,0.0,1029.6,1.2,132,67,2026-09-26
Павловский Посад,55.767,38.683,2026-09-26T17:00,13.4,78,0.0,1029.1,1.13,135,89,2026-09-26
Павловский Посад,55.767,38.683,2026-09-26T18:00,12.1,85,0.0,1029.0,0.81,150,87,2026-09-26
Павловский Посад,55.767,38.683,2026-09-26T19:00,11.0,86,0.0,1029.1,1.13,135,65,2026-09-26
Павловский Посад,55.767,38.683,2026-09-26T20:00,10.4,86,0.0,1029.3,1.0,143,100,2026-09-26
Павловский Посад,55.767,38.683,2026-09-26T21:00,10.0,88,0.0,1029.4,1.08,146,80,2026-09-26
Павловский Посад,55.767,38.683,2026-09-26T22:00,9.7,89,0.0,1029.6,1.12,153,47,2026-09-26
Павловский Посад,55.767,38.683,2026-09-26T23:00,9.4,89,0.0,1030.0,1.17,160,76,2026-09-26
Павловский Посад,55.767,38.683,2026-09-27T00:00,9.2,89,0.0,1030.0,1.36,163,100,2026-09-26
Павловский Посад,55.767,38.683,2026-09-27T01:00,9.1,89,0.0,1029.7,1.53,169,91,2026-09-26
Павловский Посад,55.767,38.683,2026-09-27T02:00,8.8,90,0.0,1029.7,1.5,176,41,2026-09-26
Павловский Посад,55.767,38.683,2026-09-27T03:00,8.5,89,0.0,1029.6,1.4,180,5,2026-09-26
Павловский Посад,55.767,38.683,2026-09-27T04:00,8.3,88,0.0,1029.8,1.4,180,0,2026-09-26
Павловский Посад,55.767,38.683,2026-09-27T05:00,8.2,87,0.0,1030.0,1.4,184,1,2026-09-26
Павловский Посад,55.767,38.683,2026-09-27T06:00,8.0,87,0.0,1030.0,1.4,184,19,2026-09-26
Павловский Посад,55.767,38.683,2026-09-27T07:00,8.2,86,0.0,1030.1,1.4,184,80,2026-09-26
Павловский Посад,55.767,38.683,2026-09-27T08:00,9.5,85,0.0,1030.0,1.7,183,100,2026-09-26
Павловский Посад,55.767,38.683,2026-09-27T09:00,11.3,81,0.0,1030.0,1.6,184,100,2026-09-26
Павловский Посад,55.767,38.683,2026-09-27T10:00,12.9,74,0.0,1029.9,1.94,192,100,2026-09-26
Павловский Посад,55.767,38.683,2026-09-27T11:00,14.3,70,0.0,1030.0,1.75,193,100,2026-09-26
Павловский Посад,55.767,38.683,2026-09-27T12:00,15.3,67,0.0,1029.7,2.02,189,100,2026-09-26
Павловский Посад,55.767,38.683,2026-09-27T13:00,16.2,63,0.0,1029.9,2.21,185,100,2026-09-26
Павловский Посад,55.767,38.683,2026-09-27T14:00,16.6,63,0.0,1029.7,2.3,180,96,2026-09-26
Павловский Посад,55.767,38.683,2026-09-27T15:00,16.7,61,0.0,1029.7,2.4,182,91,2026-09-26
Павловский Посад,55.767,38.683,2026-09-27T16:00,16.3,64,0.0,1029.6,2.3,180,100,2026-09-26
Павловский Посад,55.767,38.683,2026-09-27T17:00,15.3,71,0.0,1029.4,1.8,177,100,2026-09-26
Павловский Посад,55.767,38.683,2026-09-27T18:00,13.5,79,0.0,1029.4,1.5,176,100,2026-09-26
Павловский Посад,55.767,38.683,2026-09-27T19:00,12.1,84,0.0,1029.5,1.6,176,97,2026-09-26
Павловский Посад,55.767,38.683,2026-09-27T20:00,11.6,84,0.0,1029.8,1.33,193,96,2026-09-26
Павловский Посад,55.767,38.683,2026-09-27T21:00,11.2,85,0.0,1030.0,1.14,195,100,2026-09-26
Павловский Посад,55.767,38.683,2026-09-27T22:00,10.9,85,0.0,1030.2,1.14,195,100,2026-09-26
Павловский Посад,55.767,38.683,2026-09-27T23:00,10.7,84,0.0,1030.3,1.14,195,100,2026-09-26
Павловский Посад,55.767,38.683,2026-09-28T00:00,10.4,83,0.0,1030.5,0.92,221,100,2026-09-26
Павловский Посад,55.767,38.683,2026-09-28T01:00,10.1,84,0.0,1030.7,0.78,230,100,2026-09-26
Павловский Посад,55.767,38.683,2026-09-28T02:00,9.8,85,0.0,1030.8,0.73,196,100,2026-09-26
Павловский Посад,55.767,38.683,2026-09-28T03:00,9.6,86,0.0,1031.2,0.57,225,100,2026-09-26
Павловский Посад,55.767,38.683,2026-09-28T04:00,9.3,87,0.0,1031.4,0.63,252,98,2026-09-26
Павловский Посад,55.767,38.683,2026-09-28T05:00,9.2,89,0.0,1031.4,0.41,284,80,2026-09-26
Павловский Посад,55.767,38.683,2026-09-28T06:00,9.2,90,0.0,1031.3,0.41,256,89,2026-09-26
Павловский Посад,55.767,38.683,2026-09-28T07:00,9.3,91,0.0,1031.4,0.51,281,87,2026-09-26
Павловский Посад,55.767,38.683,2026-09-28T08:00,10.2,90,0.0,1031.8,0.76,337,88,2026-09-26
Павловский Посад,55.767,38.683,2026-09-28T09:00,11.5,89,0.0,1032.2,0.81,353,95,2026-09-26
Павловский Посад,55.767,38.683,2026-09-28T10:00,12.4,87,0.0,1032.5,1.1,5,97,2026-09-26
Павловский Посад,55.767,38.683,2026-09-28T11:00,13.4,85,0.0,1032.7,0.95,18,96,2026-09-26
Павловский Посад,55.767,38.683,2026-09-28T12:00,14.1,78,0.0,1032.6,1.3,4,95,2026-09-26
Павловский Посад,55.767,38.683,2026-09-28T13:00,14.6,78,0.0,1032.6,1.4,360,94,2026-09-26
Павловский Посад,55.767,38.683,2026-09-28T14:00,15.0,74,0.0,1032.2,1.0,360,92,2026-09-26
Павловский Посад,55.767,38.683,2026-09-28T15:00,15.3,71,0.0,1032.1,0.92,347,91,2026-09-26
Павловский Посад,55.767,38.683,2026-09-28T16:00,15.3,72,0.0,1031.9,0.82,346,83,2026-09-26
Павловский Посад,55.767,38.683,2026-09-28T17:00,14.8,76,0.0,1032.3,0.95,342,69,2026-09-26
Павловский Посад,55.767,38.683,2026-09-28T18:00,13.4,81,0.0,1032.8,0.92,347,45,2026-09-26
Павловский Посад,55.767,38.683,2026-09-28T19:00,12.1,83,0.0,1033.0,1.32,351,44,2026-09-26
Павловский Посад,55.767,38.683,2026-09-28T20:00,10.9,89,0.0,1033.2,1.9,3,35,2026-09-26
Павловский Посад,55.767,38.683,2026-09-28T21:00,10.1,92,0.0,1033.4,1.53,11,48,2026-09-26
Павловский Посад,55.767,38.683,2026-09-28T22:00,9.9,90,0.0,1033.8,1.41,8,56,2026-09-26
Павловский Посад,55.767,38.683,2026-09-28T23:00,9.4,91,0.0,1034.0,1.0,6,50,2026-09-26
Павловский Посад,55.767,38.683,2026-09-29T00:00,8.8,91,0.0,1034.1,1.0,6,37,2026-09-26
Павловский Посад,55.767,38.683,2026-09-29T01:00,8.2,91,0.0,1034.4,1.1,5,33,2026-09-26
Павловский Посад,55.767,38.683,2026-09-29T02:00,7.8,90,0.0,1034.6,1.0,6,17,2026-09-26
Павловский Посад,55.767,38.683,2026-09-29T03:00,7.3,90,0.0,1035.0,1.0,360,0,2026-09-26
Павловский Посад,55.767,38.683,2026-09-29T04:00,6.8,89,0.0,1035.1,1.0,354,0,2026-09-26
Павловский Посад,55.767,38.683,2026-09-29T05:00,6.5,90,0.0,1035.3,1.0,354,0,2026-09-26
Павловский Посад,55.767,38.683,2026-09-29T06:00,6.2,90,0.0,1035.4,1.02,349,0,2026-09-26
Павловский Посад,55.767,38.683,2026-09-29T07:00,6.2,91,0.0,1035.4,1.12,350,0,2026-09-26
Павловский Посад,55.767,38.683,2026-09-29T08:00,7.8,90,0.0,1035.6,1.12,350,0,2026-09-26
Павловский Посад,55.767,38.683,2026-09-29T09:00,10.1,83,0.0,1036.0,1.6,360,0,2026-09-26
Павловский Посад,55.767,38.683,2026-09-29T10:00,12.1,74,0.0,1035.9,1.71,7,12,2026-09-26
Павловский Посад,55.767,38.683,2026-09-29T11:00,13.6,64,0.0,1035.7,2.04,11,30,2026-09-26
Павловский Посад,55.767,38.683,2026-09-29T12:00,14.6,59,0.0,1035.4,1.94,12,28,2026-09-26
Павловский Посад,55.767,38.683,2026-09-29T13:00,15.3,56,0.0,1035.2,1.75,13,30,2026-09-26
Павловский Посад,55.767,38.683,2026-09-29T14:00,15.7,54,0.0,1034.9,1.63,11,30,2026-09-26
Павловский Посад,55.767,38.683,2026-09-29T15:00,15.8,54,0.0,1034.6,1.4,4,25,2026-09-26
Павловский Посад,55.767,38.683,2026-09-29T16:00,15.4,55,0.0,1034.4,1.41,352,15,2026-09-26
Павловский Посад,55.767,38.683,2026-09-29T17:00,14.3,64,0.0,1034.4,1.04,343,0,2026-09-26
Павловский Посад,55.767,38.683,2026-09-29T18:00,12.6,69,0.0,1034.5,0.94,328,0,2026-09-26
Павловский Посад,55.767,38.683,2026-09-29T19:00,11.1,70,0.0,1034.5,0.72,326,0,2026-09-26
Павловский Посад,55.767,38.683,2026-09-29T20:00,10.2,71,0.0,1034.6,0.78,310,0,2026-09-26
Павловский Посад,55.767,38.683,2026-09-29T21:00,9.6,72,0.0,1034.9,0.92,311,12,2026-09-26
Павловский Посад,55.767,38.683,2026-09-29T22:00,9.2,74,0.0,1035.0,0.92,311,39,2026-09-26
Павловский Посад,55.767,38.683,2026-09-29T23:00,9.1,76,0.0,1035.1,0.92,311,65,2026-09-26
Павловский Посад,55.767,38.683,2026-09-30T00:00,9.0,78,0.0,1035.2,1.0,307,92,2026-09-26
Павловский Посад,55.767,38.683,2026-09-30T01:00,8.8,80,0.0,1035.2,1.08,304,89,2026-09-26
Павловский Посад,55.767,38.683,2026-09-30T02:00,8.6,82,0.0,1035.2,1.3,302,87,2026-09-26
Павловский Посад,55.767,38.683,2026-09-30T03:00,8.4,84,0.0,1035.2,1.39,300,84,2026-09-26
Павловский Посад,55.767,38.683,2026-09-30T04:00,8.0,86,0.0,1035.0,1.3,293,67,2026-09-26
Павловский Посад,55.767,38.683,2026-09-30T05:00,7.5,88,0.0,1034.9,1.24,284,49,2026-09-26
Павловский Посад,55.767,38.683,2026-09-30T06:00,7.5,88,0.0,1034.8,1.22,279,32,2026-09-26
Павловский Посад,55.767,38.683,2026-09-30T07:00,8.3,86,0.0,1035.1,1.36,287,22,2026-09-26
Павловский Посад,55.767,38.683,2026-09-30T08:00,9.6,83,0.0,1035.4,1.66,303,13,2026-09-26
Павловский Посад,55.767,38.683,2026-09-30T09:00,11.0,79,0.0,1035.7,1.91,313,3,2026-09-26
Павловский Посад,55.767,38.683,2026-09-30T10:00,12.6,73,0.0,1035.7,2.14,323,13,2026-09-26
Павловский Посад,55.767,38.683,2026-09-30T11:00,14.2,67,0.0,1035.5,2.37,332,22,2026-09-26
Павловский Посад,55.767,38.683,2026-09-30T12:00,15.5,62,0.0,1035.3,2.6,337,32,2026-09-26
Павловский Посад,55.767,38.683,2026-09-30T13:00,16.4,60,0.0,1034.9,2.82,337,30,2026-09-26
Павловский Посад,55.767,38.683,2026-09-30T14:00,16.9,60,0.0,1034.4,3.0,334,29,2026-09-26
Павловский Посад,55.767,38.683,2026-09-30T15:00,16.8,61,0.0,1034.0,3.04,333,27,2026-09-26
Павловский Посад,55.767,38.683,2026-09-30T16:00,15.9,63,0.0,1033.9,2.68,333,23,2026-09-26
Павловский Посад,55.767,38.683,2026-09-30T17:00,14.4,67,0.0,1034.0,2.19,336,18,2026-09-26
Павловский Посад,55.767,38.683,2026-09-30T18:00,12.9,72,0.0,1034.2,1.84,338,14,2026-09-26
Павловский Посад,55.767,38.683,2026-09-30T19:00,11.5,78,0.0,1034.5,1.8,341,12,2026-09-26
Павловский Посад,55.767,38.683,2026-09-30T20:00,10.1,86,0.0,1034.9,1.87,344,9,2026-09-26
Павловский Посад,55.767,38.683,2026-09-30T21:00,9.0,91,0.0,1035.2,1.87,344,7,2026-09-26
Павловский Посад,55.767,38.683,2026-09-30T22:00,8.2,93,0.0,1035.5,1.77,344,11,2026-09-26
Павловский Посад,55.767,38.683,2026-09-30T23:00,7.7,93,0.0,1035.7,1.71,339,15,2026-09-26
Павловский Посад,55.767,38.683,2026-10-01T00:00,7.2,93,0.0,1035.9,1.62,338,19,2026-09-26
Павловский Посад,55.767,38.683,2026-10-01T01:00,6.8,93,0.0,1036.0,1.43,335,25,2026-09-26
Павловский Посад,55.767,38.683,2026-10-01T02:00,6.5,93,0.0,1036.0,1.3,337,30,2026-09-26
Павловский Посад,55.767,38.683,2026-10-01T03:00,6.1,93,0.0,1036.1,1.21,336,36,2026-09-26
Павловский Посад,55.767,38.683,2026-10-01T04:00,5.6,94,0.0,1036.3,1.21,336,40,2026-09-26
Павловский Посад,55.767,38.683,2026-10-01T05:00,5.1,95,0.0,1036.5,1.39,339,44,2026-09-26
Павловский Посад,55.767,38.683,2026-10-01T06:00,5.1,95,0.0,1036.8,1.49,340,48,2026-09-26
Павловский Посад,55.767,38.683,2026-10-01T07:00,5.7,93,0.0,1037.2,1.58,342,59,2026-09-26
Павловский Посад,55.767,38.683,2026-10-01T08:00,6.8,90,0.0,1037.7,1.65,346,71,2026-09-26
Павловский Посад,55.767,38.683,2026-10-01T09:00,8.1,85,0.0,1038.0,1.82,351,82,2026-09-26
Павловский Посад,55.767,38.683,2026-10-01T10:00,9.8,76,0.0,1038.0,2.21,355,67,2026-09-26
Павловский Посад,55.767,38.683,2026-10-01T11:00,11.6,64,0.0,1037.9,2.7,360,53,2026-09-26
Павловский Посад,55.767,38.683,2026-10-01T12:00,13.0,56,0.0,1037.7,3.1,360,38,2026-09-26
Павловский Посад,55.767,38.683,2026-10-01T13:00,13.6,53,0.0,1037.4,3.1,359,47,2026-09-26
Павловский Посад,55.767,38.683,2026-10-01T14:00,13.9,52,0.0,1037.0,3.01,354,56,2026-09-26
Павловский Посад,55.767,38.683,2026-10-01T15:00,13.9,53,0.0,1036.7,2.87,350,65,2026-09-26
Павловский Посад,55.767,38.683,2026-10-01T16:00,13.0,57,0.0,1036.6,2.45,348,44,2026-09-26
Павловский Посад,55.767,38.683,2026-10-01T17:00,11.7,63,0.0,1036.7,2.06,346,23,2026-09-26
Павловский Посад,55.767,38.683,2026-10-01T18:00,10.4,69,0.0,1036.8,1.65,346,3,2026-09-26
Павловский Посад,55.767,38.683,2026-10-01T19:00,9.2,76,0.0,1037.0,1.55,345,17,2026-09-26
Павловский Посад,55.767,38.683,2026-10-01T20:00,8.0,84,0.0,1037.3,1.55,345,30,2026-09-26
Павловский Посад,55.767,38.683,2026-10-01T21:00,7.1,90,0.0,1037.5,1.55,345,44,2026-09-26
Павловский Посад,55.767,38.683,2026-10-01T22:00,6.6,92,0.0,1037.5,1.49,340,52,2026-09-26
Павловский Посад,55.767,38.683,2026-10-01T23:00,6.2,91,0.0,1037.5,1.3,337,61,2026-09-26
Павловский Посад,55.767,38.683,2026-10-02T00:00,6.0,91,0.0,1037.4,1.17,329,69,2026-09-26
Павловский Посад,55.767,38.683,2026-10-02T01:00,5.7,91,0.0,1037.3,1.08,326,69,2026-09-26
Павловский Посад,55.767,38.683,2026-10-02T02:00,5.5,92,0.0,1037.1,1.14,322,70,2026-09-26
Павловский Посад,55.767,38.683,2026-10-02T03:00,5.4,92,0.0,1036.9,1.06,319,70,2026-09-26
Павловский Посад,55.767,38.683,2026-10-02T04:00,5.2,93,0.0,1036.7,1.06,311,73,2026-09-26
Павловский Посад,55.767,38.683,2026-10-02T05:00,5.0,94,0.0,1036.5,1.08,304,75,2026-09-26
Павловский Посад,55.767,38.683,2026-10-02T06:00,5.2,94,0.0,1036.3,1.17,301,78,2026-09-26
Павловский Посад,55.767,38.683,2026-10-02T07:00,6.1,91,0.0,1036.2,1.39,300,74,2026-09-26
Павловский Посад,55.767,38.683,2026-10-02T08:00,7.4,86,0.0,1036.2,1.75,301,70,2026-09-26
Павловский Посад,55.767,38.683,2026-10-02T09:00,8.8,81,0.0,1036.0,2.02,303,66,2026-09-26
Павловский Посад,55.767,38.683,2026-10-02T10:00,10.3,76,0.0,1035.5,2.3,304,72,2026-09-26
Павловский Посад,55.767,38.683,2026-10-02T11:00,11.8,71,0.0,1034.9,2.58,306,79,2026-09-26
Павловский Посад,55.767,38.683,2026-10-02T12:00,12.9,67,0.0,1034.3,2.77,311,85,2026-09-26
Павловский Посад,55.767,38.683,2026-10-02T13:00,13.6,62,0.0,1033.7,2.91,319,83,2026-09-26
Павловский Посад,55.767,38.683,2026-10-02T14:00,14.0,58,0.0,1033.2,3.05,328,82,2026-09-26
Павловский Посад,55.767,38.683,2026-10-02T15:00,14.1,56,0.0,1032.8,3.0,334,80,2026-09-26
Павловский Посад,55.767,38.683,2026-10-02T16:00,13.6,58,0.0,1032.6,2.6,337,87,2026-09-26
Павловский Посад,55.767,38.683,2026-10-02T17:00,12.7,62,0.0,1032.5,1.97,336,93,2026-09-26
Павловский Посад,55.767,38.683,2026-10-02T18:00,11.9,68,0.0,1032.5,1.52,337,100,2026-09-26
Павловский Посад,55.767,38.683,2026-10-02T19:00,11.4,75,0.1,1032.4,1.49,340,100,2026-09-26
Павловский Посад,55.767,38.683,2026-10-02T20:00,11.0,83,0.1,1032.4,1.58,342,100,2026-09-26
Павловский Посад,55.767,38.683,2026-10-02T21:00,10.6,89,0.1,1032.4,1.63,349,100,2026-09-26
Павловский Посад,55.767,38.683,2026-10-02T22:00,10.3,92,0.1,1032.6,1.5,4,100,2026-09-26
Павловский Посад,55.767,38.683,2026-10-02T23:00,10.1,93,0.1,1032.8,1.52,23,100,2026-09-26
Павловский Посад,55.767,38.683,2026-10-03T00:00,9.8,94,0.1,1033.1,1.64,38,100,2026-09-26
Павловский Посад,55.767,38.683,2026-10-03T01:00,9.5,95,0.0,1033.3,1.56,45,97,2026-09-26
Павловский Посад,55.767,38.683,2026-10-03T02:00,9.2,95,0.0,1033.5,1.35,48,95,2026-09-26
Павловский Посад,55.767,38.683,2026-10-03T03:00,8.8,96,0.0,1033.7,1.2,48,92,2026-09-26
Павловский Посад,55.767,38.683,2026-10-03T04:00,8.1,97,0.0,1034.0,1.28,51,85,2026-09-26
Павловский Посад,55.767,38.683,2026-10-03T05:00,7.4,98,0.0,1034.4,1.35,48,77,2026-09-26
Павловский Посад,55.767,38.683,2026-10-03T06:00,6.8,98,0.0,1034.8,1.5,53,70,2026-09-26
Павловский Посад,55.767,38.683,2026-10-03T07:00,6.6,97,0.0,1035.3,1.7,62,76,2026-09-26
Павловский Посад,55.767,38.683,2026-10-03T08:00,6.7,96,0.0,1035.9,1.9,72,81,2026-09-26
Павловский Посад,55.767,38.683,2026-10-03T09:00,7.0,91,0.0,1036.3,2.06,76,87,2026-09-26
Павловский Посад,55.767,38.683,2026-10-03T10:00,8.0,80,0.0,1036.5,2.09,73,66,2026-09-26
Павловский Посад,55.767,38.683,2026-10-03T11:00,9.3,67,0.0,1036.5,1.97,66,44,2026-09-26
Павловский Посад,55.767,38.683,2026-10-03T12:00,10.2,56,0.0,1036.4,1.97,60,23,2026-09-26
Павловский Посад,55.767,38.683,2026-10-03T13:00,10.7,50,0.0,1036.2,2.06,51,30,2026-09-26
Павловский Посад,55.767,38.683,2026-10-03T14:00,10.9,47,0.0,1035.9,2.27,41,37,2026-09-26
Павловский Посад,55.767,38.683,2026-10-03T15:00,10.6,47,0.0,1035.7,2.3,34,44,2026-09-26
Павловский Посад,55.767,38.683,2026-10-03T16:00,9.6,51,0.0,1035.7,1.97,30,31,2026-09-26
Павловский Посад,55.767,38.683,2026-10-03T17:00,8.2,58,0.0,1035.9,1.48,28,17,2026-09-26
Павловский Посад,55.767,38.683,2026-10-03T18:00,6.8,64,0.0,1036.1,1.08,34,4,2026-09-26
Павловский Посад,55.767,38.683,2026-10-03T19:00,5.7,66,0.0,1036.3,0.92,49,3,2026-09-26
Павловский Посад,55.767,38.683,2026-10-03T20:00,4.7,66,0.0,1036.5,1.04,73,1,2026-09-26
Павловский Посад,55.767,38.683,2026-10-03T21:00,3.9,66,0.0,1036.7,1.2,85,0,2026-09-26
Павловский Посад,55.767,38.683,2026-10-03T22:00,3.2,65,0.0,1036.9,1.1,90,0,2026-09-26
Павловский Посад,55.767,38.683,2026-10-03T23:00,2.8,64,0.0,1037.0,1.0,96,0,2026-09-26
Павловский Посад,55.767,38.683,2026-10-04T00:00,2.3,64,0.0,1037.1,0.82,104,0,2026-09-26
Павловский Посад,55.767,38.683,2026-10-04T01:00,1.2,70,0.0,1037.0,0.84,137,0,2026-09-26
Павловский Посад,55.767,38.683,2026-10-04T02:00,0.3,76,0.0,1036.9,1.11,174,0,2026-09-26
Павловский Посад,55.767,38.683,2026-10-04T03:00,-0.2,80,0.0,1036.6,1.63,208,0,2026-09-26
Павловский Посад,55.767,38.683,2026-10-04T04:00,-0.2,83,0.0,1036.2,2.14,237,0,2026-09-26
Павловский Посад,55.767,38.683,2026-10-04T05:00,0.4,82,0.0,1036.1,2.14,237,0,2026-09-26
Павловский Посад,55.767,38.683,2026-10-04T06:00,1.0,81,0.0,1036.0,2.07,238,0,2026-09-26
Павловский Посад,55.767,38.683,2026-10-04T07:00,1.9,78,0.0,1035.8,1.94,235,0,2026-09-26
Павловский Посад,55.767,38.683,2026-10-04T08:00,2.8,76,0.0,1035.5,1.87,236,0,2026-09-26
Павловский Посад,55.767,38.683,2026-10-04T09:00,3.8,72,0.0,1035.2,1.87,236,0,2026-09-26
Павловский Посад,55.767,38.683,2026-10-04T10:00,5.0,68,0.0,1034.7,1.96,238,0,2026-09-26
Павловский Посад,55.767,38.683,2026-10-04T11:00,6.6,63,0.0,1034.1,2.08,240,0,2026-09-26
Павловский Посад,55.767,38.683,2026-10-04T12:00,8.3,58,0.0,1033.5,2.28,241,0,2026-09-26
Павловский Посад,55.767,38.683,2026-10-04T13:00,9.8,54,0.0,1032.8,2.46,243,0,2026-09-26
Павловский Посад,55.767,38.683,2026-10-04T14:00,11.0,51,0.0,1032.2,2.64,243,0,2026-09-26
Павловский Посад,55.767,38.683,2026-10-04T15:00,11.7,50,0.0,1031.6,2.8,243,0,2026-09-26
Павловский Посад,55.767,38.683,2026-10-04T16:00,11.6,52,0.0,1031.1,2.93,243,4,2026-09-26
Павловский Посад,55.767,38.683,2026-10-04T17:00,11.0,56,0.0,1030.7,3.07,240,9,2026-09-26
Павловский Посад,55.767,38.683,2026-10-04T18:00,10.1,62,0.0,1030.3,3.22,237,15,2026-09-26
Павловский Посад,55.767,38.683,2026-10-04T19:00,9.0,68,0.0,1030.0,3.3,235,22,2026-09-26
Павловский Посад,55.767,38.683,2026-10-04T20:00,8.1,75,0.0,1029.6,3.39,233,28,2026-09-26
Павловский Посад,55.767,38.683,2026-10-04T21:00,7.4,81,0.0,1029.2,3.46,233,34,2026-09-26
Павловский Посад,55.767,38.683,2026-10-04T22:00,7.1,85,0.0,1028.8,3.47,234,39,2026-09-26
Павловский Посад,55.767,38.683,2026-10-04T23:00,6.9,88,0.0,1028.3,3.38,236,43,2026-09-26
Павловский Посад,55.767,38.683,2026-10-05T00:00,6.8,90,0.0,1027.9,3.32,239,47,2026-09-26
Павловский Посад,55.767,38.683,2026-10-05T01:00,6.8,92,0.0,1027.4,3.22,242,51,2026-09-26
Павловский Посад,55.767,38.683,2026-10-05T02:00,6.8,93,0.0,1027.0,3.2,245,55,2026-09-26
Павловский Посад,55.767,38.683,2026-10-05T03:00,6.9,94,0.0,1026.6,3.16,247,59,2026-09-26
Павловский Посад,55.767,38.683,2026-10-05T04:00,7.1,94,0.0,1026.2,3.16,247,64,2026-09-26
Павловский Посад,55.767,38.683,2026-10-05T05:00,7.2,94,0.0,1025.9,3.15,245,71,2026-09-26
Павловский Посад,55.767,38.683,2026-10-05T06:00,7.5,94,0.0,1025.6,3.18,242,77,2026-09-26
Павловский Посад,55.767,38.683,2026-10-05T07:00,7.8,92,0.0,1025.3,3.21,239,83,2026-09-26
Павловский Посад,55.767,38.683,2026-10-05T08:00,8.3,91,0.0,1024.9,3.23,238,87,2026-09-26
Павловский Посад,55.767,38.683,2026-10-05T09:00,8.8,88,0.0,1024.5,3.22,240,88,2026-09-26
Павловский Посад,55.767,38.683,2026-10-05T10:00,9.7,84,0.0,1024.0,3.24,245,86,2026-09-26
Павловский Посад,55.767,38.683,2026-10-05T11:00,10.8,78,0.0,1023.4,3.37,255,81,2026-09-26
Павловский Посад,55.767,38.683,2026-10-05T12:00,12.1,72,0.0,1022.8,3.57,264,75,2026-09-26
Павловский Посад,55.767,38.683,2026-10-05T13:00,13.2,67,0.0,1022.1,3.85,271,68,2026-09-26
Павловский Посад,55.767,38.683,2026-10-05T14:00,14.1,63,0.0,1021.6,4.07,276,61,2026-09-26
Павловский Посад,55.767,38.683,2026-10-05T15:00,14.5,62,0.0,1021.1,4.2,279,54,2026-09-26
Павловский Посад,55.767,38.683,2026-10-05T16:00,14.3,63,0.0,1020.8,4.14,278,47,2026-09-26
Павловский Посад,55.767,38.683,2026-10-05T17:00,13.7,65,0.0,1020.5,3.92,276,38,2026-09-26
Павловский Посад,55.767,38.683,2026-10-05T18:00,12.8,70,0.0,1020.3,3.65,271,29,2026-09-26
Павловский Посад,55.767,38.683,2026-10-05T19:00,11.8,75,0.0,1020.2,3.41,265,21,2026-09-26
Павловский Посад,55.767,38.683,2026-10-05T20:00,10.8,80,0.0,1020.0,3.21,259,17,2026-09-26
Павловский Посад,55.767,38.683,2026-10-05T21:00,10.2,83,0.0,1019.8,3.12,254,18,2026-09-26
Павловский Посад,55.767,38.683,2026-10-05T22:00,9.8,85,0.0,1019.6,3.07,251,26,2026-09-26
Павловский Посад,55.767,38.683,2026-10-05T23:00,9.4,87,0.0,1019.3,3.08,250,41,2026-09-26
Павловский Посад,55.767,38.683,2026-10-06T00:00,9.2,88,0.0,1019.0,3.07,248,59,2026-09-26
Павловский Посад,55.767,38.683,2026-10-06T01:00,9.1,88,0.0,1018.8,3.12,248,77,2026-09-26
Павловский Посад,55.767,38.683,2026-10-06T02:00,9.0,89,0.0,1018.5,3.14,248,92,2026-09-26
Павловский Посад,55.767,38.683,2026-10-06T03:00,9.1,89,0.0,1018.3,3.16,247,100,2026-09-26
Павловский Посад,55.767,38.683,2026-10-06T04:00,9.3,89,0.0,1018.1,3.18,246,99,2026-09-26
Павловский Посад,55.767,38.683,2026-10-06T05:00,9.6,88,0.0,1018.0,3.15,245,92,2026-09-26
Павловский Посад,55.767,38.683,2026-10-06T06:00,10.0,88,0.0,1017.9,3.18,244,82,2026-09-26
Павловский Посад,55.767,38.683,2026-10-06T07:00,10.5,87,0.0,1017.8,3.2,243,71,2026-09-26
Павловский Посад,55.767,38.683,2026-10-06T08:00,11.0,85,0.0,1017.6,3.26,243,63,2026-09-26
Павловский Посад,55.767,38.683,2026-10-06T09:00,11.4,83,0.0,1017.4,3.35,243,59,2026-09-26
Павловский Посад,55.767,38.683,2026-10-06T10:00,11.9,81,0.0,1017.1,3.53,245,62,2026-09-26
Павловский Посад,55.767,38.683,2026-10-06T11:00,12.4,78,0.0,1016.8,3.81,247,70,2026-09-26
Павловский Посад,55.767,38.683,2026-10-06T12:00,13.0,74,0.0,1016.4,4.07,249,80,2026-09-26
Павловский Посад,55.767,38.683,2026-10-06T13:00,13.4,71,0.0,1016.0,4.35,251,90,2026-09-26
Павловский Посад,55.767,38.683,2026-10-06T14:00,13.7,69,0.0,1015.6,4.59,252,98,2026-09-26
Павловский Посад,55.767,38.683,2026-10-06T15:00,13.8,68,0.0,1015.3,4.68,252,100,2026-09-26
Павловский Посад,55.767,38.683,2026-10-06T16:00,13.5,68,0.0,1015.0,4.65,251,95,2026-09-26
Павловский Посад,55.767,38.683,2026-10-06T17:00,13.0,69,0.0,1014.8,4.56,249,85,2026-09-26
Павловский Посад,55.767,38.683,2026-10-06T18:00,12.2,71,0.0,1014.7,4.37,246,72,2026-09-26
Павловский Посад,55.767,38.683,2026-10-06T19:00,11.5,74,0.0,1014.5,4.18,244,59,2026-09-26
Павловский Посад,55.767,38.683,2026-10-06T20:00,10.9,76,0.0,1014.3,4.01,241,49,2026-09-26
Павловский Посад,55.767,38.683,2026-10-06T21:00,10.5,77,0.0,1014.0,3.9,239,45,2026-09-26
Павловский Посад,55.767,38.683,2026-10-06T22:00,10.3,78,0.0,1013.6,3.83,239,49,2026-09-26
Павловский Посад,55.767,38.683,2026-10-06T23:00,10.3,79,0.0,1013.2,3.74,240,57,2026-09-26
Павловский Посад,55.767,38.683,2026-10-07T00:00,10.4,80,0.0,1012.8,3.74,242,69,2026-09-26
Павловский Посад,55.767,38.683,2026-10-07T01:00,10.6,80,0.0,1012.4,3.69,243,82,2026-09-26
Павловский Посад,55.767,38.683,2026-10-07T02:00,10.8,81,0.0,1011.9,3.69,245,93,2026-09-26
Павловский Посад,55.767,38.683,2026-10-07T03:00,11.0,81,0.0,1011.6,3.69,245,100,2026-09-26
Павловский Посад,55.767,38.683,2026-10-07T04:00,11.3,82,0.0,1011.3,3.69,243,100,2026-09-26
Павловский Посад,55.767,38.683,2026-10-07T05:00,11.5,83,0.0,1011.1,3.74,240,100,2026-09-26
Павловский Посад,55.767,38.683,2026-10-07T06:00,11.8,84,0.0,1010.9,3.86,236,100,2026-09-26
Павловский Посад,55.767,38.683,2026-10-07T07:00,12.2,84,0.0,1010.7,3.97,234,97,2026-09-26
Павловский Посад,55.767,38.683,2026-10-07T08:00,12.5,84,0.0,1010.5,4.09,231,95,2026-09-26
Павловский Посад,55.767,38.683,2026-10-07T09:00,12.8,83,0.0,1010.4,4.24,232,94,2026-09-26
Павловский Посад,55.767,38.683,2026-10-07T10:00,13.2,80,0.0,1010.3,4.42,236,95,2026-09-26
Павловский Посад,55.767,38.683,2026-10-07T11:00,13.6,75,0.0,1010.1,4.7,241,96,2026-09-26
Павловский Посад,55.767,38.683,2026-10-07T12:00,14.1,71,0.0,1010.0,5.06,247,98,2026-09-26
Павловский Посад,55.767,38.683,2026-10-07T13:00,14.4,67,0.0,1009.9,5.42,252,99,2026-09-26
Павловский Посад,55.767,38.683,2026-10-07T14:00,14.7,64,0.0,1009.9,5.7,255,100,2026-09-26
Павловский Посад,55.767,38.683,2026-10-07T15:00,14.7,62,0.0,1009.9,5.86,257,100,2026-09-26
Павловский Посад,55.767,38.683,2026-10-07T16:00,14.5,63,0.0,1010.0,5.81,257,98,2026-09-26
Павловский Посад,55.767,38.683,2026-10-07T17:00,14.1,64,0.0,1010.1,5.59,255,94,2026-09-26
Павловский Посад,55.767,38.683,2026-10-07T18:00,13.6,67,0.0,1010.3,5.3,252,90,2026-09-26
Павловский Посад,55.767,38.683,2026-10-07T19:00,13.1,70,0.0,1010.6,4.97,249,86,2026-09-26
Павловский Посад,55.767,38.683,2026-10-07T20:00,12.5,73,0.0,1010.8,4.68,247,83,2026-09-26
Павловский Посад,55.767,38.683,2026-10-07T21:00,12.0,75,0.0,1011.0,4.43,245,81,2026-09-26
Павловский Посад,55.767,38.683,2026-10-07T22:00,11.6,78,0.0,1011.2,4.2,245,82,2026-09-26
Павловский Посад,55.767,38.683,2026-10-07T23:00,11.2,80,0.0,1011.4,3.96,245,84,2026-09-26
Павловский Посад,55.767,38.683,2026-10-08T00:00,10.7,83,0.0,1011.6,3.72,248,87,2026-09-26
Павловский Посад,55.767,38.683,2026-10-08T01:00,10.3,86,0.0,1011.9,3.51,250,90,2026-09-26
Павловский Посад,55.767,38.683,2026-10-08T02:00,10.1,88,0.0,1012.1,3.32,252,93,2026-09-26
Павловский Посад,55.767,38.683,2026-10-08T03:00,9.9,89,0.0,1012.3,3.13,250,95,2026-09-26
Павловский Посад,55.767,38.683,2026-10-08T04:00,9.8,90,0.0,1012.6,2.93,247,97,2026-09-26
Павловский Посад,55.767,38.683,2026-10-08T05:00,9.7,91,0.0,1012.9,2.74,239,100,2026-09-26
Павловский Посад,55.767,38.683,2026-10-08T06:00,9.8,91,0.0,1013.2,2.62,230,100,2026-09-26
Павловский Посад,55.767,38.683,2026-10-08T07:00,9.9,90,0.0,1013.4,2.59,220,100,2026-09-26
Павловский Посад,55.767,38.683,2026-10-08T08:00,10.2,89,0.0,1013.6,2.69,211,100,2026-09-26
Павловский Посад,55.767,38.683,2026-10-08T09:00,10.7,86,0.0,1013.6,2.91,207,99,2026-09-26
Павловский Посад,55.767,38.683,2026-10-08T10:00,11.6,82,0.0,1013.4,3.15,205,87,2026-09-26
Павловский Посад,55.767,38.683,2026-10-08T11:00,12.8,75,0.0,1013.1,3.51,206,70,2026-09-26
Павловский Посад,55.767,38.683,2026-10-08T12:00,14.2,69,0.0,1012.6,3.87,209,50,2026-09-26
Павловский Посад,55.767,38.683,2026-10-08T13:00,15.5,63,0.0,1012.2,4.24,210,30,2026-09-26
Павловский Посад,55.767,38.683,2026-10-08T14:00,16.5,60,0.0,1011.8,4.51,211,13,2026-09-26
Павловский Посад,55.767,38.683,2026-10-08T15:00,16.9,58,0.0,1011.5,4.69,211,1,2026-09-26
Павловский Посад,55.767,38.683,2026-10-08T16:00,16.7,59,0.0,1011.4,4.71,211,0,2026-09-26
Павловский Посад,55.767,38.683,2026-10-08T17:00,16.0,61,0.0,1011.4,4.63,209,0,2026-09-26
Павловский Посад,55.767,38.683,2026-10-08T18:00,15.0,65,0.0,1011.5,4.49,207,0,2026-09-26
Павловский Посад,55.767,38.683,2026-10-08T19:00,13.8,70,0.0,1011.6,4.34,204,0,2026-09-26
Павловский Посад,55.767,38.683,2026-10-08T20:00,12.7,75,0.0,1011.7,4.15,202,0,2026-09-26
Павловский Посад,55.767,38.683,2026-10-08T21:00,11.9,79,0.0,1011.7,4.05,200,0,2026-09-26
Павловский Посад,55.767,38.683,2026-10-08T22:00,11.3,82,0.0,1011.7,3.97,199,10,2026-09-26
Павловский Посад,55.767,38.683,2026-10-08T23:00,10.8,85,0.0,1011.7,3.89,198,25,2026-09-26
Павловский Посад,55.767,38.683,2026-10-09T00:00,10.4,87,0.0,1011.6,3.81,197,42,2026-09-26
Павловский Посад,55.767,38.683,2026-10-09T01:00,10.0,89,0.0,1011.6,3.75,196,59,2026-09-26
Павловский Посад,55.767,38.683,2026-10-09T02:00,9.7,91,0.0,1011.5,3.67,195,74,2026-09-26
Павловский Посад,55.767,38.683,2026-10-09T03:00,9.6,92,0.0,1011.5,3.6,194,85,2026-09-26
Павловский Посад,55.767,38.683,2026-10-09T04:00,9.6,92,0.0,1011.5,3.52,191,91,2026-09-26
Павловский Посад,55.767,38.683,2026-10-09T05:00,9.8,92,0.0,1011.6,3.39,189,94,2026-09-26
Павловский Посад,55.767,38.683,2026-10-09T06:00,10.0,92,0.0,1011.6,3.27,186,95,2026-09-26
Павловский Посад,55.767,38.683,2026-10-09T07:00,10.3,91,0.0,1011.6,3.21,184,95,2026-09-26
Павловский Посад,55.767,38.683,2026-10-09T08:00,10.8,88,0.0,1011.6,3.2,182,94,2026-09-26
Павловский Посад,55.767,38.683,2026-10-09T09:00,11.4,84,0.0,1011.6,3.3,181,94,2026-09-26
Павловский Посад,55.767,38.683,2026-10-09T10:00,12.2,78,0.0,1011.5,3.5,182,94,2026-09-26
Павловский Посад,55.767,38.683,2026-10-09T11:00,13.4,71,0.0,1011.2,3.86,184,93,2026-09-26
Павловский Посад,55.767,38.683,2026-10-09T12:00,14.6,63,0.0,1011.0,4.28,187,91,2026-09-26
Павловский Посад,55.767,38.683,2026-10-09T13:00,15.8,56,0.0,1010.8,4.66,189,89,2026-09-26
Павловский Посад,55.767,38.683,2026-10-09T14:00,16.7,51,0.0,1010.6,5.04,191,87,2026-09-26
Павловский Посад,55.767,38.683,2026-10-09T15:00,17.1,49,0.0,1010.5,5.22,192,84,2026-09-26
Павловский Посад,55.767,38.683,2026-10-09T16:00,16.8,48,0.0,1010.5,5.24,193,80,2026-09-26
Павловский Посад,55.767,38.683,2026-10-09T17:00,16.1,49,0.0,1010.7,5.2,194,75,2026-09-26
Павловский Посад,55.767,38.683,2026-10-09T18:00,15.1,50,0.0,1010.9,5.02,195,69,2026-09-26
Павловский Посад,55.767,38.683,2026-10-09T19:00,13.9,52,0.0,1011.1,4.84,196,64,2026-09-26
Павловский Посад,55.767,38.683,2026-10-09T20:00,12.9,55,0.0,1011.3,4.67,197,59,2026-09-26
Павловский Посад,55.767,38.683,2026-10-09T21:00,12.1,57,0.0,1011.4,4.49,199,57,2026-09-26
Павловский Посад,55.767,38.683,2026-10-09T22:00,11.5,60,0.0,1011.5,4.37,200,57,2026-09-26
Павловский Посад,55.767,38.683,2026-10-09T23:00,11.0,63,0.0,1011.5,4.18,201,58,2026-09-26
Павловский Посад,55.767,38.683,2026-10-10T00:00,10.6,67,0.0,1011.5,4.06,202,61,2026-09-26
Павловский Посад,55.767,38.683,2026-10-10T01:00,10.3,71,0.0,1011.5,3.89,204,64,2026-09-26
Павловский Посад,55.767,38.683,2026-10-10T02:00,10.0,74,0.0,1011.6,3.76,207,66,2026-09-26
Павловский Посад,55.767,38.683,2026-10-10T03:00,9.8,77,0.0,1011.8,3.57,211,68,2026-09-26
Павловский Посад,55.767,38.683,2026-10-10T04:00,9.7,79,0.0,1012.1,3.42,218,68,2026-09-26
Павловский Посад,55.767,38.683,2026-10-10T05:00,9.8,81,0.0,1012.4,3.4,227,68,2026-09-26
Павловский Посад,55.767,38.683,2026-10-10T06:00,9.9,82,0.0,1012.8,3.41,238,67,2026-09-26
Павловский Посад,55.767,38.683,2026-10-10T07:00,10.0,83,0.0,1013.3,3.57,248,67,2026-09-26
Павловский Посад,55.767,38.683,2026-10-10T08:00,10.1,83,0.0,1013.7,3.77,255,67,2026-09-26
Павловский Посад,55.767,38.683,2026-10-10T09:00,10.2,82,0.0,1014.2,3.9,261,69,2026-09-26
Павловский Посад,55.767,38.683,2026-10-10T10:00,10.2,79,0.0,1014.7,3.97,265,73,2026-09-26
Павловский Посад,55.767,38.683,2026-10-10T11:00,10.3,75,0.0,1015.2,4.0,269,78,2026-09-26
Павловский Посад,55.767,38.683,2026-10-10T12:00,10.4,70,0.0,1015.8,3.95,271,85,2026-09-26
Павловский Посад,55.767,38.683,2026-10-10T13:00,10.5,65,0.0,1016.3,3.91,274,91,2026-09-26
Павловский Посад,55.767,38.683,2026-10-10T14:00,10.5,61,0.0,1016.9,3.77,276,96,2026-09-26
Павловский Посад,55.767,38.683,2026-10-10T15:00,10.3,59,0.0,1017.4,3.64,279,100,2026-09-26
Павловский Посад,55.767,38.683,2026-10-10T16:00,10.1,59,0.0,1017.9,3.43,283,100,2026-09-26
Павловский Посад,55.767,38.683,2026-10-10T17:00,9.8,59,0.0,1018.4,3.13,287,100,2026-09-26
Павловский Посад,55.767,38.683,2026-10-10T18:00,9.4,59,0.0,1018.8,2.87,293,100,2026-09-26
Павловский Посад,55.767,38.683,2026-10-10T19:00,9.0,61,0.0,1019.2,2.57,299,100,2026-09-26
Павловский Посад,55.767,38.683,2026-10-10T20:00,8.4,63,0.0,1019.6,2.33,305,100,2026-09-26
Павловский Посад,55.767,38.683,2026-10-10T21:00,7.9,64,0.0,1020.0,2.16,310,99,2026-09-26
Павловский Посад,55.767,38.683,2026-10-10T22:00,7.2,67,0.0,1020.3,2.05,313,87,2026-09-26
Павловский Посад,55.767,38.683,2026-10-10T23:00,6.3,71,0.0,1020.6,1.87,314,70,2026-09-26
Павловский Посад,55.767,38.683,2026-10-11T00:00,5.3,75,0.0,1020.9,1.74,311,49,2026-09-26
Павловский Посад,55.767,38.683,2026-10-11T01:00,5.2,82,0.0,1022.2,1.85,291,33,2026-09-26
Павловский Посад,55.767,38.683,2026-10-11T02:00,5.4,87,0.0,1022.9,2.19,267,44,2026-09-26
Павловский Посад,55.767,38.683,2026-10-11T03:00,6.1,89,0.0,1023.2,2.75,244,75,2026-09-26
Павловский Посад,55.767,38.683,2026-10-11T04:00,7.2,91,0.0,1023.1,3.39,225,100,2026-09-26
Павловский Посад,55.767,38.683,2026-10-11T05:00,7.3,91,0.0,1022.4,3.61,228,100,2026-09-26
Павловский Посад,55.767,38.683,2026-10-11T06:00,7.6,90,0.0,1021.8,3.78,233,100,2026-09-26
Павловский Посад,55.767,38.683,2026-10-11T07:00,8.1,86,0.0,1021.2,3.97,236,100,2026-09-26
Павловский Посад,55.767,38.683,2026-10-11T08:00,8.7,80,0.0,1020.7,4.17,240,100,2026-09-26
Павловский Посад,55.767,38.683,2026-10-11T09:00,9.2,76,0.0,1020.2,4.29,242,100,2026-09-26
Павловский Посад,55.767,38.683,2026-10-11T10:00,9.4,76,0.2,1019.6,4.39,240,100,2026-09-26
Павловский Посад,55.767,38.683,2026-10-11T11:00,9.5,77,0.2,1019.0,4.49,238,100,2026-09-26
Павловский Посад,55.767,38.683,2026-10-11T12:00,9.6,79,0.2,1018.4,4.63,237,100,2026-09-26
Павловский Посад,55.767,38.683,2026-10-11T13:00,9.6,81,0.1,1017.9,4.92,241,100,2026-09-26
Павловский Посад,55.767,38.683,2026-10-11T14:00,9.6,83,0.1,1017.3,5.33,247,100,2026-09-26
Павловский Посад,55.767,38.683,2026-10-11T15:00,9.6,84,0.1,1017.0,5.47,252,100,2026-09-26
Павловский Посад,55.767,38.683,2026-10-11T16:00,9.7,85,0.0,1016.9,5.32,258,100,2026-09-26
Павловский Посад,55.767,38.683,2026-10-11T17:00,9.9,85,0.0,1016.9,4.93,264,100,2026-09-26
Павловский Посад,55.767,38.683,2026-10-11T18:00,10.1,85,0.0,1017.0,4.7,270,100,2026-09-26
Павловский Посад,55.767,38.683,2026-10-11T19:00,10.2,86,0.0,1017.0,4.6,271,100,2026-09-26
Павловский Посад,55.767,38.683,2026-10-11T20:00,10.3,87,0.0,1016.9,4.6,270,100,2026-09-26
Павловский Посад,55.767,38.683,2026-10-11T21:00,10.5,88,0.0,1017.0,4.5,271,100,2026-09-26
Павловский Посад,55.767,38.683,2026-10-11T22:00,10.7,89,0.0,1017.2,4.34,278,100,2026-09-26
Павловский Посад,55.767,38.683,2026-10-11T23:00,10.8,90,0.0,1017.4,4.3,288,100,2026-09-26
Наро-Фоминск,55.383,36.7,2026-09-26T00:00,7.7,98,0.0,1026.9,1.36,144,61,2026-09-26
Наро-Фоминск,55.383,36.7,2026-09-26T01:00,7.7,98,0.0,1026.5,1.66,147,71,2026-09-26
Наро-Фоминск,55.383,36.7,2026-09-26T02:00,7.7,98,0.0,1026.7,1.75,149,83,2026-09-26
Наро-Фоминск,55.383,36.7,2026-09-26T03:00,7.4,98,0.0,1027.3,1.58,145,97,2026-09-26
Наро-Фоминск,55.383,36.7,2026-09-26T04:00,7.3,98,0.0,1027.6,1.53,148,64,2026-09-26
Наро-Фоминск,55.383,36.7,2026-09-26T05:00,7.0,98,0.0,1027.6,1.43,155,65,2026-09-26
Наро-Фоминск,55.383,36.7,2026-09-26T06:00,6.8,98,0.0,1028.2,1.28,141,60,2026-09-26
Наро-Фоминск,55.383,36.7,2026-09-26T07:00,6.8,98,0.0,1028.2,1.5,143,68,2026-09-26
Наро-Фоминск,55.383,36.7,2026-09-26T08:00,7.9,96,0.0,1028.5,1.66,147,68,2026-09-26
Наро-Фоминск,55.383,36.7,2026-09-26T09:00,9.5,91,0.0,1029.0,2.33,155,73,2026-09-26
Наро-Фоминск,55.383,36.7,2026-09-26T10:00,11.4,85,0.0,1029.0,1.89,148,48,2026-09-26
Наро-Фоминск,55.383,36.7,2026-09-26T11:00,13.3,78,0.0,1028.6,1.92,152,30,2026-09-26
Наро-Фоминск,55.383,36.7,2026-09-26T12:00,14.8,70,0.0,1028.3,2.12,172,54,2026-09-26
Наро-Фоминск,55.383,36.7,2026-09-26T13:00,15.6,62,0.0,1028.3,2.31,185,39,2026-09-26
Наро-Фоминск,55.383,36.7,2026-09-26T14:00,16.1,58,0.0,1027.6,2.26,193,83,2026-09-26
Наро-Фоминск,55.383,36.7,2026-09-26T15:00,16.4,56,0.0,1028.6,2.0,183,48,2026-09-26
Наро-Фоминск,55.383,36.7,2026-09-26T16:00,16.0,60,0.0,1028.1,1.82,171,46,2026-09-26
Наро-Фоминск,55.383,36.7,2026-09-26T17:00,15.0,69,0.0,1027.8,1.25,151,30,2026-09-26
Наро-Фоминск,55.383,36.7,2026-09-26T18:00,13.1,77,0.0,1027.8,1.22,145,13,2026-09-26
Наро-Фоминск,55.383,36.7,2026-09-26T19:00,11.3,83,0.0,1028.0,1.36,144,15,2026-09-26
Наро-Фоминск,55.383,36.7,2026-09-26T20:00,10.2,87,0.0,1028.5,1.39,150,27,2026-09-26
Наро-Фоминск,55.383,36.7,2026-09-26T21:00,9.7,89,0.0,1028.6,1.39,159,100,2026-09-26
Наро-Фоминск,55.383,36.7,2026-09-26T22:00,9.4,89,0.0,1028.9,1.36,163,94,2026-09-26
Наро-Фоминск,55.383,36.7,2026-09-26T23:00,9.0,89,0.0,1029.1,1.33,167,79,2026-09-26
Наро-Фоминск,55.383,36.7,2026-09-27T00:00,8.6,89,0.0,1029.4,1.36,163,72,2026-09-26
Наро-Фоминск,55.383,36.7,2026-09-27T01:00,8.3,90,0.0,1029.1,1.33,167,61,2026-09-26
Наро-Фоминск,55.383,36.7,2026-09-27T02:00,8.1,90,0.0,1029.1,1.32,171,56,2026-09-26
Наро-Фоминск,55.383,36.7,2026-09-27T03:00,8.0,91,0.0,1029.0,1.32,171,41,2026-09-26
Наро-Фоминск,55.383,36.7,2026-09-27T04:00,7.8,91,0.0,1029.3,1.3,176,46,2026-09-26
Наро-Фоминск,55.383,36.7,2026-09-27T05:00,7.8,91,0.0,1029.5,1.32,171,73,2026-09-26
Наро-Фоминск,55.383,36.7,2026-09-27T06:00,7.9,90,0.0,1029.5,1.4,176,71,2026-09-26
Наро-Фоминск,55.383,36.7,2026-09-27T07:00,8.1,89,0.0,1029.6,1.4,176,69,2026-09-26
Наро-Фоминск,55.383,36.7,2026-09-27T08:00,9.4,84,0.0,1029.3,1.8,183,94,2026-09-26
Наро-Фоминск,55.383,36.7,2026-09-27T09:00,11.2,77,0.0,1029.5,1.94,192,95,2026-09-26
Наро-Фоминск,55.383,36.7,2026-09-27T10:00,12.8,72,0.0,1029.3,2.33,190,91,2026-09-26
Наро-Фоминск,55.383,36.7,2026-09-27T11:00,14.3,67,0.0,1029.3,2.35,192,67,2026-09-26
Наро-Фоминск,55.383,36.7,2026-09-27T12:00,15.7,63,0.0,1028.9,2.38,202,66,2026-09-26
Наро-Фоминск,55.383,36.7,2026-09-27T13:00,16.8,60,0.0,1029.0,2.34,200,63,2026-09-26
Наро-Фоминск,55.383,36.7,2026-09-27T14:00,17.1,60,0.0,1028.8,2.31,198,77,2026-09-26
Наро-Фоминск,55.383,36.7,2026-09-27T15:00,17.2,58,0.0,1028.8,2.33,205,81,2026-09-26
Наро-Фоминск,55.383,36.7,2026-09-27T16:00,16.8,62,0.0,1028.8,1.8,199,74,2026-09-26
Наро-Фоминск,55.383,36.7,2026-09-27T17:00,15.8,71,0.0,1028.6,1.2,185,84,2026-09-26
Наро-Фоминск,55.383,36.7,2026-09-27T18:00,14.3,77,0.0,1028.7,1.0,186,97,2026-09-26
Наро-Фоминск,55.383,36.7,2026-09-27T19:00,13.1,81,0.0,1028.8,1.1,175,97,2026-09-26
Наро-Фоминск,55.383,36.7,2026-09-27T20:00,12.2,83,0.0,1029.3,1.14,165,99,2026-09-26
Наро-Фоминск,55.383,36.7,2026-09-27T21:00,11.9,85,0.0,1029.8,0.91,186,98,2026-09-26
Наро-Фоминск,55.383,36.7,2026-09-27T22:00,11.8,85,0.1,1030.1,0.51,191,98,2026-09-26
Наро-Фоминск,55.383,36.7,2026-09-27T23:00,11.6,86,0.1,1030.1,0.51,169,96,2026-09-26
Наро-Фоминск,55.383,36.7,2026-09-28T00:00,11.3,86,0.0,1030.3,0.3,180,98,2026-09-26
Наро-Фоминск,55.383,36.7,2026-09-28T01:00,11.1,87,0.0,1030.5,0.2,180,96,2026-09-26
Наро-Фоминск,55.383,36.7,2026-09-28T02:00,10.8,90,0.0,1030.8,0.45,333,98,2026-09-26
Наро-Фоминск,55.383,36.7,2026-09-28T03:00,11.0,93,0.2,1031.1,0.61,9,97,2026-09-26
Наро-Фоминск,55.383,36.7,2026-09-28T04:00,11.1,94,0.1,1031.3,0.72,34,97,2026-09-26
Наро-Фоминск,55.383,36.7,2026-09-28T05:00,11.0,95,0.0,1031.4,1.2,5,91,2026-09-26
Наро-Фоминск,55.383,36.7,2026-09-28T06:00,10.6,98,0.0,1031.5,1.1,355,86,2026-09-26
Наро-Фоминск,55.383,36.7,2026-09-28T07:00,10.2,99,0.0,1031.7,1.1,360,84,2026-09-26
Наро-Фоминск,55.383,36.7,2026-09-28T08:00,10.6,97,0.0,1032.1,1.32,9,85,2026-09-26
Наро-Фоминск,55.383,36.7,2026-09-28T09:00,11.7,91,0.0,1032.4,1.84,22,90,2026-09-26
Наро-Фоминск,55.383,36.7,2026-09-28T10:00,13.0,83,0.0,1032.6,1.8,19,92,2026-09-26
Наро-Фоминск,55.383,36.7,2026-09-28T11:00,13.8,78,0.0,1032.9,1.84,22,81,2026-09-26
Наро-Фоминск,55.383,36.7,2026-09-28T12:00,14.6,72,0.0,1032.8,1.71,21,68,2026-09-26
Наро-Фоминск,55.383,36.7,2026-09-28T13:00,15.3,67,0.0,1032.8,1.84,22,68,2026-09-26
Наро-Фоминск,55.383,36.7,2026-09-28T14:00,15.7,65,0.0,1032.4,1.75,24,59,2026-09-26
Наро-Фоминск,55.383,36.7,2026-09-28T15:00,15.8,64,0.0,1032.2,1.68,17,62,2026-09-26
Наро-Фоминск,55.383,36.7,2026-09-28T16:00,15.5,67,0.0,1032.1,1.68,17,47,2026-09-26
Наро-Фоминск,55.383,36.7,2026-09-28T17:00,14.8,72,0.0,1032.4,1.17,20,39,2026-09-26
Наро-Фоминск,55.383,36.7,2026-09-28T18:00,13.0,81,0.0,1033.0,1.04,17,35,2026-09-26
Наро-Фоминск,55.383,36.7,2026-09-28T19:00,11.6,84,0.0,1033.3,1.17,20,36,2026-09-26
Наро-Фоминск,55.383,36.7,2026-09-28T20:00,10.3,89,0.0,1033.6,1.87,16,43,2026-09-26
Наро-Фоминск,55.383,36.7,2026-09-28T21:00,9.4,94,0.0,1033.9,1.39,21,28,2026-09-26
Наро-Фоминск,55.383,36.7,2026-09-28T22:00,8.7,93,0.0,1034.2,1.26,18,24,2026-09-26
Наро-Фоминск,55.383,36.7,2026-09-28T23:00,8.3,90,0.0,1034.4,1.12,27,7,2026-09-26
Наро-Фоминск,55.383,36.7,2026-09-29T00:00,7.7,90,0.0,1034.6,1.12,27,6,2026-09-26
Наро-Фоминск,55.383,36.7,2026-09-29T01:00,7.3,89,0.0,1034.8,1.04,17,0,2026-09-26
Наро-Фоминск,55.383,36.7,2026-09-29T02:00,7.0,90,0.0,1035.0,1.2,5,3,2026-09-26
Наро-Фоминск,55.383,36.7,2026-09-29T03:00,6.8,90,0.0,1035.3,1.22,9,33,2026-09-26
Наро-Фоминск,55.383,36.7,2026-09-29T04:00,6.5,90,0.0,1035.5,1.14,15,0,2026-09-26
Наро-Фоминск,55.383,36.7,2026-09-29T05:00,6.2,90,0.0,1035.6,1.04,17,0,2026-09-26
Наро-Фоминск,55.383,36.7,2026-09-29T06:00,5.8,92,0.0,1035.7,1.02,11,0,2026-09-26
Наро-Фоминск,55.383,36.7,2026-09-29T07:00,5.6,93,0.0,1035.8,1.02,11,0,2026-09-26
Наро-Фоминск,55.383,36.7,2026-09-29T08:00,7.2,92,0.0,1036.1,1.02,11,0,2026-09-26
Наро-Фоминск,55.383,36.7,2026-09-29T09:00,9.7,84,0.0,1036.4,1.26,18,0,2026-09-26
Наро-Фоминск,55.383,36.7,2026-09-29T10:00,11.8,76,0.0,1036.5,1.21,24,0,2026-09-26
Наро-Фоминск,55.383,36.7,2026-09-29T11:00,13.3,68,0.0,1036.2,1.44,34,31,2026-09-26
Наро-Фоминск,55.383,36.7,2026-09-29T12:00,14.2,63,0.0,1036.0,1.62,22,48,2026-09-26
Наро-Фоминск,55.383,36.7,2026-09-29T13:00,14.7,59,0.0,1035.8,1.58,18,46,2026-09-26
Наро-Фоминск,55.383,36.7,2026-09-29T14:00,15.1,57,0.0,1035.5,1.49,20,35,2026-09-26
Наро-Фоминск,55.383,36.7,2026-09-29T15:00,15.2,56,0.0,1035.2,1.36,17,29,2026-09-26
Наро-Фоминск,55.383,36.7,2026-09-29T16:00,14.8,58,0.0,1034.9,1.3,4,13,2026-09-26
Наро-Фоминск,55.383,36.7,2026-09-29T17:00,13.8,68,0.0,1034.9,0.92,347,8,2026-09-26
Наро-Фоминск,55.383,36.7,2026-09-29T18:00,12.3,74,0.0,1035.0,0.71,352,5,2026-09-26
Наро-Фоминск,55.383,36.7,2026-09-29T19:00,10.6,75,0.0,1035.1,0.6,360,0,2026-09-26
Наро-Фоминск,55.383,36.7,2026-09-29T20:00,9.4,77,0.0,1035.2,0.54,338,0,2026-09-26
Наро-Фоминск,55.383,36.7,2026-09-29T21:00,8.6,79,0.0,1035.6,0.58,329,31,2026-09-26
Наро-Фоминск,55.383,36.7,2026-09-29T22:00,8.0,81,0.0,1035.8,0.64,321,43,2026-09-26
Наро-Фоминск,55.383,36.7,2026-09-29T23:00,7.7,84,0.0,1036.0,0.64,321,55,2026-09-26
Наро-Фоминск,55.383,36.7,2026-09-30T00:00,7.6,86,0.0,1036.1,0.64,309,67,2026-09-26
Наро-Фоминск,55.383,36.7,2026-09-30T01:00,7.6,87,0.0,1036.1,0.54,292,78,2026-09-26
Наро-Фоминск,55.383,36.7,2026-09-30T02:00,7.7,87,0.0,1036.1,0.51,259,88,2026-09-26
Наро-Фоминск,55.383,36.7,2026-09-30T03:00,7.7,87,0.0,1036.0,0.54,248,99,2026-09-26
Наро-Фоминск,55.383,36.7,2026-09-30T04:00,7.3,87,0.0,1035.9,0.7,270,67,2026-09-26
Наро-Фоминск,55.383,36.7,2026-09-30T05:00,6.8,86,0.0,1035.9,0.92,283,34,2026-09-26
Наро-Фоминск,55.383,36.7,2026-09-30T06:00,6.8,85,0.0,1035.9,1.12,297,2,2026-09-26
Наро-Фоминск,55.383,36.7,2026-09-30T07:00,7.7,84,0.0,1036.1,1.17,301,1,2026-09-26
Наро-Фоминск,55.383,36.7,2026-09-30T08:00,9.1,82,0.0,1036.5,1.17,301,1,2026-09-26
Наро-Фоминск,55.383,36.7,2026-09-30T09:00,10.6,79,0.0,1036.7,1.2,312,0,2026-09-26
Наро-Фоминск,55.383,36.7,2026-09-30T10:00,12.2,75,0.0,1036.7,1.5,323,13,2026-09-26
Наро-Фоминск,55.383,36.7,2026-09-30T11:00,13.9,69,0.0,1036.7,2.01,333,27,2026-09-26
Наро-Фоминск,55.383,36.7,2026-09-30T12:00,15.2,65,0.0,1036.5,2.34,340,40,2026-09-26
Наро-Фоминск,55.383,36.7,2026-09-30T13:00,15.9,62,0.0,1036.2,2.47,346,46,2026-09-26
Наро-Фоминск,55.383,36.7,2026-09-30T14:00,16.2,61,0.0,1035.7,2.42,353,53,2026-09-26
Наро-Фоминск,55.383,36.7,2026-09-30T15:00,16.1,62,0.0,1035.4,2.3,358,59,2026-09-26
Наро-Фоминск,55.383,36.7,2026-09-30T16:00,15.3,68,0.0,1035.2,2.12,352,51,2026-09-26
Наро-Фоминск,55.383,36.7,2026-09-30T17:00,14.1,77,0.0,1035.0,1.77,344,43,2026-09-26
Наро-Фоминск,55.383,36.7,2026-09-30T18:00,12.8,84,0.0,1035.0,1.66,335,35,2026-09-26
Наро-Фоминск,55.383,36.7,2026-09-30T19:00,11.6,88,0.0,1035.3,1.49,340,31,2026-09-26
Наро-Фоминск,55.383,36.7,2026-09-30T20:00,10.3,91,0.0,1035.8,1.51,352,26,2026-09-26
Наро-Фоминск,55.383,36.7,2026-09-30T21:00,9.2,93,0.0,1036.2,1.5,360,22,2026-09-26
Наро-Фоминск,55.383,36.7,2026-09-30T22:00,8.4,93,0.0,1036.5,1.4,4,18,2026-09-26
Наро-Фоминск,55.383,36.7,2026-09-30T23:00,7.8,93,0.0,1036.7,1.4,4,13,2026-09-26
Наро-Фоминск,55.383,36.7,2026-10-01T00:00,7.3,92,0.0,1036.9,1.3,4,9,2026-09-26
Наро-Фоминск,55.383,36.7,2026-10-01T01:00,6.8,92,0.0,1037.0,1.3,360,19,2026-09-26
Наро-Фоминск,55.383,36.7,2026-10-01T02:00,6.4,92,0.0,1037.0,1.2,355,28,2026-09-26
Наро-Фоминск,55.383,36.7,2026-10-01T03:00,6.0,92,0.0,1037.1,1.22,351,38,2026-09-26
Наро-Фоминск,55.383,36.7,2026-10-01T04:00,5.5,93,0.0,1037.2,1.22,351,41,2026-09-26
Наро-Фоминск,55.383,36.7,2026-10-01T05:00,5.0,93,0.0,1037.4,1.22,351,44,2026-09-26
Наро-Фоминск,55.383,36.7,2026-10-01T06:00,5.0,93,0.0,1037.7,1.32,351,47,2026-09-26
Наро-Фоминск,55.383,36.7,2026-10-01T07:00,5.7,92,0.0,1038.1,1.5,356,62,2026-09-26
Наро-Фоминск,55.383,36.7,2026-10-01T08:00,6.8,91,0.0,1038.6,1.7,3,78,2026-09-26
Наро-Фоминск,55.383,36.7,2026-10-01T09:00,8.2,87,0.0,1038.9,1.91,6,93,2026-09-26
Наро-Фоминск,55.383,36.7,2026-10-01T10:00,9.8,79,0.0,1039.0,2.14,11,75,2026-09-26
Наро-Фоминск,55.383,36.7,2026-10-01T11:00,11.7,70,0.0,1038.9,2.26,13,56,2026-09-26
Наро-Фоминск,55.383,36.7,2026-10-01T12:00,13.1,62,0.0,1038.7,2.38,15,38,2026-09-26
Наро-Фоминск,55.383,36.7,2026-10-01T13:00,13.7,58,0.0,1038.4,2.48,12,36,2026-09-26
Наро-Фоминск,55.383,36.7,2026-10-01T14:00,13.9,56,0.0,1038.0,2.57,7,35,2026-09-26
Наро-Фоминск,55.383,36.7,2026-10-01T15:00,13.8,56,0.0,1037.7,2.6,2,35,2026-09-26
Наро-Фоминск,55.383,36.7,2026-10-01T16:00,12.8,61,0.0,1037.5,2.2,360,24,2026-09-26
Наро-Фоминск,55.383,36.7,2026-10-01T17:00,11.3,70,0.0,1037.5,1.7,357,12,2026-09-26
Наро-Фоминск,55.383,36.7,2026-10-01T18:00,9.8,77,0.0,1037.5,1.3,356,0,2026-09-26
Наро-Фоминск,55.383,36.7,2026-10-01T19:00,8.5,82,0.0,1037.7,1.2,355,0,2026-09-26
Наро-Фоминск,55.383,36.7,2026-10-01T20:00,7.3,85,0.0,1038.1,1.32,351,0,2026-09-26
Наро-Фоминск,55.383,36.7,2026-10-01T21:00,6.3,87,0.0,1038.3,1.32,351,0,2026-09-26
Наро-Фоминск,55.383,36.7,2026-10-01T22:00,5.9,87,0.0,1038.3,1.32,351,4,2026-09-26
Наро-Фоминск,55.383,36.7,2026-10-01T23:00,5.7,86,0.0,1038.3,1.22,351,9,2026-09-26
Наро-Фоминск,55.383,36.7,2026-10-02T00:00,5.5,85,0.0,1038.2,1.14,345,13,2026-09-26
Наро-Фоминск,55.383,36.7,2026-10-02T01:00,5.1,85,0.0,1038.1,1.12,333,12,2026-09-26
Наро-Фоминск,55.383,36.7,2026-10-02T02:00,4.7,86,0.0,1037.9,1.06,319,12,2026-09-26
Наро-Фоминск,55.383,36.7,2026-10-02T03:00,4.4,87,0.0,1037.8,1.14,308,11,2026-09-26
Наро-Фоминск,55.383,36.7,2026-10-02T04:00,4.2,87,0.0,1037.7,1.44,304,14,2026-09-26
Наро-Фоминск,55.383,36.7,2026-10-02T05:00,4.0,87,0.0,1037.5,1.84,299,16,2026-09-26
Наро-Фоминск,55.383,36.7,2026-10-02T06:00,4.3,86,0.0,1037.4,2.06,299,19,2026-09-26
Наро-Фоминск,55.383,36.7,2026-10-02T07:00,5.3,85,0.0,1037.4,1.97,300,20,2026-09-26
Наро-Фоминск,55.383,36.7,2026-10-02T08:00,6.7,85,0.0,1037.4,1.66,303,20,2026-09-26
Наро-Фоминск,55.383,36.7,2026-10-02T09:00,8.3,82,0.0,1037.3,1.5,307,21,2026-09-26
Наро-Фоминск,55.383,36.7,2026-10-02T10:00,10.0,77,0.0,1036.9,1.7,310,36,2026-09-26
Наро-Фоминск,55.383,36.7,2026-10-02T11:00,11.9,69,0.0,1036.3,2.19,313,50,2026-09-26
Наро-Фоминск,55.383,36.7,2026-10-02T12:00,13.4,63,0.0,1035.7,2.55,315,65,2026-09-26
Наро-Фоминск,55.383,36.7,2026-10-02T13:00,14.3,57,0.0,1035.1,2.77,319,47,2026-09-26
Наро-Фоминск,55.383,36.7,2026-10-02T14:00,14.8,52,0.0,1034.5,2.92,322,30,2026-09-26
Наро-Фоминск,55.383,36.7,2026-10-02T15:00,14.8,51,0.0,1034.0,2.94,325,12,2026-09-26
Наро-Фоминск,55.383,36.7,2026-10-02T16:00,13.9,56,0.0,1033.8,2.58,324,34,2026-09-26
Наро-Фоминск,55.383,36.7,2026-10-02T17:00,12.4,65,0.0,1033.7,2.0,323,56,2026-09-26
Наро-Фоминск,55.383,36.7,2026-10-02T18:00,11.2,72,0.0,1033.6,1.56,320,78,2026-09-26
Наро-Фоминск,55.383,36.7,2026-10-02T19:00,10.3,77,0.0,1033.5,1.42,321,82,2026-09-26
Наро-Фоминск,55.383,36.7,2026-10-02T20:00,9.6,80,0.0,1033.5,1.36,324,85,2026-09-26
Наро-Фоминск,55.383,36.7,2026-10-02T21:00,9.1,83,0.0,1033.5,1.3,328,89,2026-09-26
Наро-Фоминск,55.383,36.7,2026-10-02T22:00,8.9,84,0.0,1033.5,1.34,333,88,2026-09-26
Наро-Фоминск,55.383,36.7,2026-10-02T23:00,8.9,83,0.0,1033.6,1.43,335,86,2026-09-26
Наро-Фоминск,55.383,36.7,2026-10-03T00:00,9.0,84,0.0,1033.6,1.49,340,85,2026-09-26
Наро-Фоминск,55.383,36.7,2026-10-03T01:00,9.0,87,0.0,1033.6,1.49,340,90,2026-09-26
Наро-Фоминск,55.383,36.7,2026-10-03T02:00,9.0,90,0.0,1033.6,1.46,344,94,2026-09-26
Наро-Фоминск,55.383,36.7,2026-10-03T03:00,9.0,93,0.0,1033.6,1.33,347,99,2026-09-26
Наро-Фоминск,55.383,36.7,2026-10-03T04:00,9.1,95,0.0,1033.6,1.3,356,99,2026-09-26
Наро-Фоминск,55.383,36.7,2026-10-03T05:00,9.2,97,0.0,1033.7,1.22,9,100,2026-09-26
Наро-Фоминск,55.383,36.7,2026-10-03T06:00,9.3,97,0.0,1033.9,1.17,31,100,2026-09-26
Наро-Фоминск,55.383,36.7,2026-10-03T07:00,9.3,94,0.0,1034.3,1.25,61,96,2026-09-26
Наро-Фоминск,55.383,36.7,2026-10-03T08:00,9.4,90,0.0,1034.8,1.6,90,92,2026-09-26
Наро-Фоминск,55.383,36.7,2026-10-03T09:00,9.6,85,0.0,1035.2,2.02,99,88,2026-09-26
Наро-Фоминск,55.383,36.7,2026-10-03T10:00,10.2,79,0.0,1035.5,2.12,98,79,2026-09-26
Наро-Фоминск,55.383,36.7,2026-10-03T11:00,11.0,72,0.0,1035.6,1.9,90,70,2026-09-26
Наро-Фоминск,55.383,36.7,2026-10-03T12:00,11.6,67,0.0,1035.7,1.81,84,61,2026-09-26
Наро-Фоминск,55.383,36.7,2026-10-03T13:00,11.9,64,0.0,1035.6,1.65,76,63,2026-09-26
Наро-Фоминск,55.383,36.7,2026-10-03T14:00,11.9,62,0.0,1035.3,1.58,72,64,2026-09-26
Наро-Фоминск,55.383,36.7,2026-10-03T15:00,11.7,62,0.0,1035.2,1.43,65,66,2026-09-26
Наро-Фоминск,55.383,36.7,2026-10-03T16:00,11.0,65,0.0,1035.3,1.3,67,67,2026-09-26
Наро-Фоминск,55.383,36.7,2026-10-03T17:00,10.0,70,0.0,1035.4,1.17,70,67,2026-09-26
Наро-Фоминск,55.383,36.7,2026-10-03T18:00,9.1,74,0.0,1035.6,1.12,80,68,2026-09-26
Наро-Фоминск,55.383,36.7,2026-10-03T19:00,8.4,76,0.0,1035.7,1.1,85,70,2026-09-26
Наро-Фоминск,55.383,36.7,2026-10-03T20:00,7.9,78,0.0,1035.9,1.1,95,71,2026-09-26
Наро-Фоминск,55.383,36.7,2026-10-03T21:00,7.2,79,0.0,1036.0,1.12,100,73,2026-09-26
Наро-Фоминск,55.383,36.7,2026-10-03T22:00,6.4,81,0.0,1036.2,1.08,112,50,2026-09-26
Наро-Фоминск,55.383,36.7,2026-10-03T23:00,5.6,83,0.0,1036.3,1.0,127,28,2026-09-26
Наро-Фоминск,55.383,36.7,2026-10-04T00:00,4.7,84,0.0,1036.5,0.99,135,5,2026-09-26
Наро-Фоминск,55.383,36.7,2026-10-04T01:00,3.0,84,0.0,1036.7,1.27,156,10,2026-09-26
Наро-Фоминск,55.383,36.7,2026-10-04T02:00,1.6,84,0.0,1036.7,1.64,181,11,2026-09-26
Наро-Фоминск,55.383,36.7,2026-10-04T03:00,0.7,84,0.0,1036.6,2.04,203,8,2026-09-26
Наро-Фоминск,55.383,36.7,2026-10-04T04:00,0.4,84,0.0,1036.4,2.4,225,0,2026-09-26
Наро-Фоминск,55.383,36.7,2026-10-04T05:00,0.7,82,0.0,1036.4,2.3,224,0,2026-09-26
Наро-Фоминск,55.383,36.7,2026-10-04T06:00,1.2,80,0.0,1036.3,2.19,223,0,2026-09-26
Наро-Фоминск,55.383,36.7,2026-10-04T07:00,1.9,78,0.0,1036.1,2.02,220,0,2026-09-26
Наро-Фоминск,55.383,36.7,2026-10-04T08:00,2.7,75,0.0,1035.9,1.92,219,0,2026-09-26
Наро-Фоминск,55.383,36.7,2026-10-04T09:00,3.7,73,0.0,1035.6,1.92,219,0,2026-09-26
Наро-Фоминск,55.383,36.7,2026-10-04T10:00,5.1,69,0.0,1035.1,1.98,221,10,2026-09-26
Наро-Фоминск,55.383,36.7,2026-10-04T11:00,6.9,65,0.0,1034.5,2.16,224,24,2026-09-26
Наро-Фоминск,55.383,36.7,2026-10-04T12:00,8.8,61,0.0,1033.8,2.37,228,40,2026-09-26
Наро-Фоминск,55.383,36.7,2026-10-04T13:00,10.6,57,0.0,1033.1,2.59,230,56,2026-09-26
Наро-Фоминск,55.383,36.7,2026-10-04T14:00,12.1,55,0.0,1032.5,2.78,232,70,2026-09-26
Наро-Фоминск,55.383,36.7,2026-10-04T15:00,12.8,55,0.0,1031.9,2.97,234,78,2026-09-26
Наро-Фоминск,55.383,36.7,2026-10-04T16:00,12.8,57,0.0,1031.5,3.12,235,81,2026-09-26
Наро-Фоминск,55.383,36.7,2026-10-04T17:00,12.1,61,0.0,1031.1,3.26,234,79,2026-09-26
Наро-Фоминск,55.383,36.7,2026-10-04T18:00,11.1,66,0.0,1030.7,3.4,234,75,2026-09-26
Наро-Фоминск,55.383,36.7,2026-10-04T19:00,9.9,73,0.0,1030.4,3.5,233,70,2026-09-26
Наро-Фоминск,55.383,36.7,2026-10-04T20:00,8.8,79,0.0,1030.1,3.57,233,64,2026-09-26
Наро-Фоминск,55.383,36.7,2026-10-04T21:00,8.0,84,0.0,1029.8,3.61,233,60,2026-09-26
Наро-Фоминск,55.383,36.7,2026-10-04T22:00,7.5,87,0.0,1029.5,3.62,235,57,2026-09-26
Наро-Фоминск,55.383,36.7,2026-10-04T23:00,7.0,90,0.0,1029.1,3.56,236,53,2026-09-26
Наро-Фоминск,55.383,36.7,2026-10-05T00:00,6.7,93,0.0,1028.8,3.51,237,50,2026-09-26
Наро-Фоминск,55.383,36.7,2026-10-05T01:00,6.4,95,0.0,1028.5,3.43,239,47,2026-09-26
Наро-Фоминск,55.383,36.7,2026-10-05T02:00,6.2,96,0.0,1028.1,3.34,240,44,2026-09-26
Наро-Фоминск,55.383,36.7,2026-10-05T03:00,6.2,97,0.0,1027.8,3.27,241,42,2026-09-26
Наро-Фоминск,55.383,36.7,2026-10-05T04:00,6.2,97,0.0,1027.5,3.21,239,41,2026-09-26
Наро-Фоминск,55.383,36.7,2026-10-05T05:00,6.3,98,0.0,1027.2,3.13,236,40,2026-09-26
Наро-Фоминск,55.383,36.7,2026-10-05T06:00,6.5,97,0.0,1026.9,3.03,232,39,2026-09-26
Наро-Фоминск,55.383,36.7,2026-10-05T07:00,6.8,96,0.0,1026.5,2.98,229,40,2026-09-26
Наро-Фоминск,55.383,36.7,2026-10-05T08:00,7.3,94,0.0,1026.1,2.97,228,40,2026-09-26
Наро-Фоминск,55.383,36.7,2026-10-05T09:00,7.9,91,0.0,1025.7,2.94,230,42,2026-09-26
Наро-Фоминск,55.383,36.7,2026-10-05T10:00,8.9,86,0.0,1025.2,3.0,237,45,2026-09-26
Наро-Фоминск,55.383,36.7,2026-10-05T11:00,10.3,79,0.0,1024.5,3.2,247,50,2026-09-26
Наро-Фоминск,55.383,36.7,2026-10-05T12:00,11.9,72,0.0,1023.8,3.59,257,56,2026-09-26
Наро-Фоминск,55.383,36.7,2026-10-05T13:00,13.3,66,0.0,1023.2,4.02,265,62,2026-09-26
Наро-Фоминск,55.383,36.7,2026-10-05T14:00,14.4,62,0.0,1022.6,4.45,270,65,2026-09-26
Наро-Фоминск,55.383,36.7,2026-10-05T15:00,14.9,60,0.0,1022.1,4.66,273,66,2026-09-26
Наро-Фоминск,55.383,36.7,2026-10-05T16:00,14.7,61,0.0,1021.8,4.66,274,62,2026-09-26
Наро-Фоминск,55.383,36.7,2026-10-05T17:00,13.9,64,0.0,1021.6,4.46,274,55,2026-09-26
Наро-Фоминск,55.383,36.7,2026-10-05T18:00,12.7,69,0.0,1021.5,4.16,273,45,2026-09-26
Наро-Фоминск,55.383,36.7,2026-10-05T19:00,11.5,75,0.0,1021.4,3.85,272,36,2026-09-26
Наро-Фоминск,55.383,36.7,2026-10-05T20:00,10.3,80,0.0,1021.3,3.5,270,31,2026-09-26
Наро-Фоминск,55.383,36.7,2026-10-05T21:00,9.6,84,0.0,1021.2,3.3,268,30,2026-09-26
Наро-Фоминск,55.383,36.7,2026-10-05T22:00,9.2,87,0.0,1021.0,3.16,266,36,2026-09-26
Наро-Фоминск,55.383,36.7,2026-10-05T23:00,8.9,89,0.0,1020.8,3.03,262,48,2026-09-26
Наро-Фоминск,55.383,36.7,2026-10-06T00:00,8.8,90,0.0,1020.5,2.95,259,63,2026-09-26
Наро-Фоминск,55.383,36.7,2026-10-06T01:00,8.7,91,0.0,1020.2,2.89,256,78,2026-09-26
Наро-Фоминск,55.383,36.7,2026-10-06T02:00,8.8,91,0.0,1020.0,2.88,253,91,2026-09-26
Наро-Фоминск,55.383,36.7,2026-10-06T03:00,8.8,91,0.0,1019.8,2.91,251,100,2026-09-26
Наро-Фоминск,55.383,36.7,2026-10-06T04:00,8.9,92,0.0,1019.6,2.97,250,100,2026-09-26
Наро-Фоминск,55.383,36.7,2026-10-06T05:00,9.2,92,0.0,1019.5,3.02,251,100,2026-09-26
Наро-Фоминск,55.383,36.7,2026-10-06T06:00,9.4,92,0.0,1019.4,3.1,252,100,2026-09-26
Наро-Фоминск,55.383,36.7,2026-10-06T07:00,9.8,92,0.0,1019.3,3.18,254,100,2026-09-26
Наро-Фоминск,55.383,36.7,2026-10-06T08:00,10.1,90,0.0,1019.2,3.32,254,100,2026-09-26
Наро-Фоминск,55.383,36.7,2026-10-06T09:00,10.6,88,0.0,1018.9,3.46,256,100,2026-09-26
Наро-Фоминск,55.383,36.7,2026-10-06T10:00,11.2,83,0.0,1018.5,3.64,257,100,2026-09-26
Наро-Фоминск,55.383,36.7,2026-10-06T11:00,11.9,77,0.0,1018.0,3.87,259,100,2026-09-26
Наро-Фоминск,55.383,36.7,2026-10-06T12:00,12.8,70,0.0,1017.4,4.16,260,100,2026-09-26
Наро-Фоминск,55.383,36.7,2026-10-06T13:00,13.5,64,0.0,1016.9,4.41,261,99,2026-09-26
Наро-Фоминск,55.383,36.7,2026-10-06T14:00,14.1,60,0.0,1016.4,4.6,262,99,2026-09-26
Наро-Фоминск,55.383,36.7,2026-10-06T15:00,14.3,58,0.0,1016.0,4.65,261,99,2026-09-26
Наро-Фоминск,55.383,36.7,2026-10-06T16:00,14.0,59,0.0,1015.8,4.56,261,99,2026-09-26
Наро-Фоминск,55.383,36.7,2026-10-06T17:00,13.3,62,0.0,1015.7,4.39,258,99,2026-09-26
Наро-Фоминск,55.383,36.7,2026-10-06T18:00,12.4,66,0.0,1015.6,4.12,256,98,2026-09-26
Наро-Фоминск,55.383,36.7,2026-10-06T19:00,11.5,71,0.0,1015.6,3.87,253,98,2026-09-26
Наро-Фоминск,55.383,36.7,2026-10-06T20:00,10.7,76,0.0,1015.5,3.64,249,98,2026-09-26
Наро-Фоминск,55.383,36.7,2026-10-06T21:00,10.3,80,0.0,1015.3,3.56,246,98,2026-09-26
Наро-Фоминск,55.383,36.7,2026-10-06T22:00,10.2,82,0.0,1015.0,3.56,244,98,2026-09-26
Наро-Фоминск,55.383,36.7,2026-10-06T23:00,10.2,84,0.0,1014.5,3.62,242,99,2026-09-26
Наро-Фоминск,55.383,36.7,2026-10-07T00:00,10.5,84,0.0,1014.1,3.74,240,99,2026-09-26
Наро-Фоминск,55.383,36.7,2026-10-07T01:00,10.8,85,0.0,1013.6,3.88,240,99,2026-09-26
Наро-Фоминск,55.383,36.7,2026-10-07T02:00,11.1,85,0.0,1013.1,4.01,239,100,2026-09-26
Наро-Фоминск,55.383,36.7,2026-10-07T03:00,11.3,86,0.0,1012.8,4.11,238,100,2026-09-26
Наро-Фоминск,55.383,36.7,2026-10-07T04:00,11.4,87,0.1,1012.6,4.2,238,100,2026-09-26
Наро-Фоминск,55.383,36.7,2026-10-07T05:00,11.5,88,0.1,1012.4,4.27,237,100,2026-09-26
Наро-Фоминск,55.383,36.7,2026-10-07T06:00,11.6,89,0.1,1012.3,4.3,237,100,2026-09-26
Наро-Фоминск,55.383,36.7,2026-10-07T07:00,11.6,91,0.1,1012.2,4.37,237,100,2026-09-26
Наро-Фоминск,55.383,36.7,2026-10-07T08:00,11.8,90,0.1,1012.1,4.45,237,100,2026-09-26
Наро-Фоминск,55.383,36.7,2026-10-07T09:00,12.0,89,0.1,1012.0,4.58,238,100,2026-09-26
Наро-Фоминск,55.383,36.7,2026-10-07T10:00,12.4,85,0.1,1011.8,4.77,240,100,2026-09-26
Наро-Фоминск,55.383,36.7,2026-10-07T11:00,13.0,81,0.1,1011.6,5.03,242,100,2026-09-26
Наро-Фоминск,55.383,36.7,2026-10-07T12:00,13.6,75,0.1,1011.4,5.35,245,100,2026-09-26
Наро-Фоминск,55.383,36.7,2026-10-07T13:00,14.1,70,0.1,1011.2,5.65,247,100,2026-09-26
Наро-Фоминск,55.383,36.7,2026-10-07T14:00,14.5,67,0.1,1011.1,5.84,249,100,2026-09-26
Наро-Фоминск,55.383,36.7,2026-10-07T15:00,14.6,65,0.1,1011.1,5.9,250,100,2026-09-26
Наро-Фоминск,55.383,36.7,2026-10-07T16:00,14.4,65,0.0,1011.2,5.82,251,98,2026-09-26
Наро-Фоминск,55.383,36.7,2026-10-07T17:00,13.9,67,0.0,1011.4,5.58,252,95,2026-09-26
Наро-Фоминск,55.383,36.7,2026-10-07T18:00,13.3,69,0.0,1011.6,5.25,252,92,2026-09-26
Наро-Фоминск,55.383,36.7,2026-10-07T19:00,12.5,73,0.0,1011.9,4.92,253,88,2026-09-26
Наро-Фоминск,55.383,36.7,2026-10-07T20:00,11.9,76,0.0,1012.2,4.6,253,86,2026-09-26
Наро-Фоминск,55.383,36.7,2026-10-07T21:00,11.3,79,0.0,1012.4,4.3,252,84,2026-09-26
Наро-Фоминск,55.383,36.7,2026-10-07T22:00,10.8,81,0.0,1012.6,4.06,251,84,2026-09-26
Наро-Фоминск,55.383,36.7,2026-10-07T23:00,10.3,84,0.0,1012.7,3.83,250,84,2026-09-26
Наро-Фоминск,55.383,36.7,2026-10-08T00:00,9.8,88,0.0,1012.9,3.61,248,85,2026-09-26
Наро-Фоминск,55.383,36.7,2026-10-08T01:00,9.3,91,0.0,1013.1,3.4,246,87,2026-09-26
Наро-Фоминск,55.383,36.7,2026-10-08T02:00,9.0,94,0.0,1013.2,3.24,241,88,2026-09-26
Наро-Фоминск,55.383,36.7,2026-10-08T03:00,8.8,95,0.0,1013.3,3.15,237,88,2026-09-26
Наро-Фоминск,55.383,36.7,2026-10-08T04:00,8.7,96,0.0,1013.4,3.13,231,89,2026-09-26
Наро-Фоминск,55.383,36.7,2026-10-08T05:00,8.6,96,0.0,1013.6,3.15,224,90,2026-09-26
Наро-Фоминск,55.383,36.7,2026-10-08T06:00,8.6,96,0.0,1013.7,3.29,216,91,2026-09-26
Наро-Фоминск,55.383,36.7,2026-10-08T07:00,8.8,95,0.0,1013.8,3.5,211,90,2026-09-26
Наро-Фоминск,55.383,36.7,2026-10-08T08:00,9.2,93,0.0,1013.8,3.78,208,89,2026-09-26
Наро-Фоминск,55.383,36.7,2026-10-08T09:00,9.7,89,0.0,1013.7,4.02,207,84,2026-09-26
Наро-Фоминск,55.383,36.7,2026-10-08T10:00,10.7,84,0.0,1013.5,4.3,209,76,2026-09-26
Наро-Фоминск,55.383,36.7,2026-10-08T11:00,12.1,77,0.0,1013.1,4.72,214,64,2026-09-26
Наро-Фоминск,55.383,36.7,2026-10-08T12:00,13.7,69,0.0,1012.6,5.19,220,50,2026-09-26
Наро-Фоминск,55.383,36.7,2026-10-08T13:00,15.2,63,0.0,1012.2,5.62,224,36,2026-09-26
Наро-Фоминск,55.383,36.7,2026-10-08T14:00,16.3,59,0.0,1011.8,5.94,227,24,2026-09-26
Наро-Фоминск,55.383,36.7,2026-10-08T15:00,16.9,57,0.0,1011.5,6.09,228,15,2026-09-26
Наро-Фоминск,55.383,36.7,2026-10-08T16:00,16.7,57,0.0,1011.4,5.94,226,8,2026-09-26
Наро-Фоминск,55.383,36.7,2026-10-08T17:00,15.9,60,0.0,1011.3,5.62,223,2,2026-09-26
Наро-Фоминск,55.383,36.7,2026-10-08T18:00,14.8,64,0.0,1011.3,5.19,219,0,2026-09-26
Наро-Фоминск,55.383,36.7,2026-10-08T19:00,13.6,69,0.0,1011.3,4.77,213,0,2026-09-26
Наро-Фоминск,55.383,36.7,2026-10-08T20:00,12.5,74,0.0,1011.3,4.47,207,0,2026-09-26
Наро-Фоминск,55.383,36.7,2026-10-08T21:00,11.6,78,0.0,1011.3,4.26,202,0,2026-09-26
Наро-Фоминск,55.383,36.7,2026-10-08T22:00,11.1,81,0.0,1011.2,4.17,199,12,2026-09-26
Наро-Фоминск,55.383,36.7,2026-10-08T23:00,10.6,83,0.0,1011.1,4.1,198,30,2026-09-26
Наро-Фоминск,55.383,36.7,2026-10-09T00:00,10.2,86,0.0,1011.1,4.07,196,52,2026-09-26
Наро-Фоминск,55.383,36.7,2026-10-09T01:00,10.0,88,0.0,1011.0,4.05,196,73,2026-09-26
Наро-Фоминск,55.383,36.7,2026-10-09T02:00,9.8,89,0.0,1010.9,4.04,195,90,2026-09-26
Наро-Фоминск,55.383,36.7,2026-10-09T03:00,9.7,90,0.0,1010.8,3.97,194,98,2026-09-26
Наро-Фоминск,55.383,36.7,2026-10-09T04:00,9.6,90,0.0,1010.8,3.87,191,96,2026-09-26
Наро-Фоминск,55.383,36.7,2026-10-09T05:00,9.7,90,0.0,1010.7,3.74,188,85,2026-09-26
Наро-Фоминск,55.383,36.7,2026-10-09T06:00,9.8,89,0.0,1010.7,3.61,185,70,2026-09-26
Наро-Фоминск,55.383,36.7,2026-10-09T07:00,10.1,87,0.0,1010.7,3.5,181,55,2026-09-26
Наро-Фоминск,55.383,36.7,2026-10-09T08:00,10.4,85,0.0,1010.7,3.5,178,43,2026-09-26
Наро-Фоминск,55.383,36.7,2026-10-09T09:00,10.9,82,0.0,1010.6,3.55,178,38,2026-09-26
Наро-Фоминск,55.383,36.7,2026-10-09T10:00,11.6,77,0.0,1010.5,3.75,179,43,2026-09-26
Наро-Фоминск,55.383,36.7,2026-10-09T11:00,12.6,71,0.0,1010.3,4.0,181,56,2026-09-26
Наро-Фоминск,55.383,36.7,2026-10-09T12:00,13.8,64,0.0,1010.1,4.36,185,71,2026-09-26
Наро-Фоминск,55.383,36.7,2026-10-09T13:00,14.9,59,0.0,1009.9,4.7,188,87,2026-09-26
Наро-Фоминск,55.383,36.7,2026-10-09T14:00,15.6,55,0.0,1009.7,5.03,190,98,2026-09-26
Наро-Фоминск,55.383,36.7,2026-10-09T15:00,16.0,53,0.0,1009.7,5.21,192,100,2026-09-26
Наро-Фоминск,55.383,36.7,2026-10-09T16:00,15.7,54,0.0,1009.8,5.28,193,91,2026-09-26
Наро-Фоминск,55.383,36.7,2026-10-09T17:00,15.0,56,0.0,1009.9,5.33,192,72,2026-09-26
Наро-Фоминск,55.383,36.7,2026-10-09T18:00,14.1,60,0.0,1010.1,5.28,193,49,2026-09-26
Наро-Фоминск,55.383,36.7,2026-10-09T19:00,13.0,64,0.0,1010.3,5.18,193,26,2026-09-26
Наро-Фоминск,55.383,36.7,2026-10-09T20:00,12.0,69,0.0,1010.6,5.0,194,9,2026-09-26
Наро-Фоминск,55.383,36.7,2026-10-09T21:00,11.3,73,0.0,1010.8,4.73,196,2,2026-09-26
Наро-Фоминск,55.383,36.7,2026-10-09T22:00,10.9,76,0.0,1011.0,4.37,200,8,2026-09-26
Наро-Фоминск,55.383,36.7,2026-10-09T23:00,10.7,79,0.0,1011.3,3.85,206,23,2026-09-26
Наро-Фоминск,55.383,36.7,2026-10-10T00:00,10.5,82,0.0,1011.5,3.4,216,44,2026-09-26
Наро-Фоминск,55.383,36.7,2026-10-10T01:00,10.4,85,0.0,1011.8,3.04,228,66,2026-09-26
Наро-Фоминск,55.383,36.7,2026-10-10T02:00,10.2,87,0.0,1012.1,2.91,241,85,2026-09-26
Наро-Фоминск,55.383,36.7,2026-10-10T03:00,10.0,89,0.0,1012.5,2.89,252,98,2026-09-26
Наро-Фоминск,55.383,36.7,2026-10-10T04:00,9.7,89,0.0,1013.0,3.0,259,100,2026-09-26
Наро-Фоминск,55.383,36.7,2026-10-10T05:00,9.3,89,0.0,1013.5,3.11,265,100,2026-09-26
Наро-Фоминск,55.383,36.7,2026-10-10T06:00,8.8,89,0.0,1014.1,3.25,269,100,2026-09-26
Наро-Фоминск,55.383,36.7,2026-10-10T07:00,8.4,88,0.0,1014.7,3.4,272,100,2026-09-26
Наро-Фоминск,55.383,36.7,2026-10-10T08:00,8.1,86,0.0,1015.3,3.51,274,100,2026-09-26
Наро-Фоминск,55.383,36.7,2026-10-10T09:00,8.0,83,0.0,1015.8,3.57,276,100,2026-09-26
Наро-Фоминск,55.383,36.7,2026-10-10T10:00,8.2,79,0.0,1016.3,3.58,277,94,2026-09-26
Наро-Фоминск,55.383,36.7,2026-10-10T11:00,8.7,73,0.0,1016.7,3.58,277,86,2026-09-26
Наро-Фоминск,55.383,36.7,2026-10-10T12:00,9.3,67,0.0,1017.1,3.53,277,76,2026-09-26
Наро-Фоминск,55.383,36.7,2026-10-10T13:00,9.8,61,0.0,1017.5,3.43,278,66,2026-09-26
Наро-Фоминск,55.383,36.7,2026-10-10T14:00,10.2,57,0.0,1017.9,3.34,279,56,2026-09-26
Наро-Фоминск,55.383,36.7,2026-10-10T15:00,10.1,56,0.0,1018.3,3.2,280,49,2026-09-26
Наро-Фоминск,55.383,36.7,2026-10-10T16:00,9.6,56,0.0,1018.7,3.03,283,44,2026-09-26
Наро-Фоминск,55.383,36.7,2026-10-10T17:00,8.8,59,0.0,1019.2,2.8,289,39,2026-09-26
Наро-Фоминск,55.383,36.7,2026-10-10T18:00,7.8,63,0.0,1019.6,2.62,296,36,2026-09-26
Наро-Фоминск,55.383,36.7,2026-10-10T19:00,6.7,68,0.0,1020.1,2.45,303,33,2026-09-26
Наро-Фоминск,55.383,36.7,2026-10-10T20:00,5.7,73,0.0,1020.5,2.34,312,30,2026-09-26
Наро-Фоминск,55.383,36.7,2026-10-10T21:00,4.8,77,0.0,1020.8,2.16,318,26,2026-09-26
Наро-Фоминск,55.383,36.7,2026-10-10T22:00,4.1,80,0.0,1021.1,1.96,322,22,2026-09-26
Наро-Фоминск,55.383,36.7,2026-10-10T23:00,3.5,82,0.0,1021.3,1.66,327,17,2026-09-26
Наро-Фоминск,55.383,36.7,2026-10-11T00:00,2.9,84,0.0,1021.5,1.34,333,12,2026-09-26
Наро-Фоминск,55.383,36.7,2026-10-11T01:00,3.5,88,0.0,1022.8,1.41,315,14,2026-09-26
Наро-Фоминск,55.383,36.7,2026-10-11T02:00,4.2,91,0.0,1023.6,1.73,291,32,2026-09-26
Наро-Фоминск,55.383,36.7,2026-10-11T03:00,5.3,93,0.0,1023.9,2.36,262,62,2026-09-26
Наро-Фоминск,55.383,36.7,2026-10-11T04:00,6.4,95,0.0,1023.9,3.11,228,93,2026-09-26
Наро-Фоминск,55.383,36.7,2026-10-11T05:00,6.4,95,0.0,1023.2,3.18,226,98,2026-09-26
Наро-Фоминск,55.383,36.7,2026-10-11T06:00,6.6,93,0.0,1022.6,3.4,227,100,2026-09-26
Наро-Фоминск,55.383,36.7,2026-10-11T07:00,7.1,86,0.0,1022.1,3.56,232,100,2026-09-26
Наро-Фоминск,55.383,36.7,2026-10-11T08:00,7.9,78,0.0,1021.7,3.83,237,100,2026-09-26
Наро-Фоминск,55.383,36.7,2026-10-11T09:00,8.5,72,0.0,1021.3,4.03,240,100,2026-09-26
Наро-Фоминск,55.383,36.7,2026-10-11T10:00,8.7,72,0.2,1020.9,4.17,240,100,2026-09-26
Наро-Фоминск,55.383,36.7,2026-10-11T11:00,8.7,75,0.2,1020.5,4.19,237,100,2026-09-26
Наро-Фоминск,55.383,36.7,2026-10-11T12:00,8.7,78,0.2,1020.1,4.33,236,100,2026-09-26
Наро-Фоминск,55.383,36.7,2026-10-11T13:00,8.7,79,0.1,1019.6,4.58,238,100,2026-09-26
Наро-Фоминск,55.383,36.7,2026-10-11T14:00,8.8,81,0.1,1019.1,4.92,241,100,2026-09-26
Наро-Фоминск,55.383,36.7,2026-10-11T15:00,8.9,82,0.1,1018.7,5.01,244,100,2026-09-26
Наро-Фоминск,55.383,36.7,2026-10-11T16:00,9.1,83,0.0,1018.6,4.78,250,100,2026-09-26
Наро-Фоминск,55.383,36.7,2026-10-11T17:00,9.3,85,0.0,1018.7,4.47,260,100,2026-09-26
Наро-Фоминск,55.383,36.7,2026-10-11T18:00,9.5,86,0.0,1018.8,4.2,267,100,2026-09-26
Наро-Фоминск,55.383,36.7,2026-10-11T19:00,9.6,88,0.0,1018.9,4.1,271,100,2026-09-26
Наро-Фоминск,55.383,36.7,2026-10-11T20:00,9.6,89,0.0,1019.0,3.91,274,100,2026-09-26
Наро-Фоминск,55.383,36.7,2026-10-11T21:00,9.7,91,0.0,1019.1,3.82,276,100,2026-09-26
Наро-Фоминск,55.383,36.7,2026-10-11T22:00,9.7,93,0.0,1019.3,3.73,278,99,2026-09-26
Наро-Фоминск,55.383,36.7,2026-10-11T23:00,9.8,95,0.0,1019.5,3.73,278,97,2026-09-26
Серпухов,54.933,37.467,2026-09-26T00:00,8.8,97,0.0,1027.5,1.14,128,64,2026-09-26
Серпухов,54.933,37.467,2026-09-26T01:00,8.4,98,0.0,1027.2,1.13,135,72,2026-09-26
Серпухов,54.933,37.467,2026-09-26T02:00,8.3,97,0.0,1027.3,1.14,142,63,2026-09-26
Серпухов,54.933,37.467,2026-09-26T03:00,7.6,97,0.0,1027.8,1.06,139,51,2026-09-26
Серпухов,54.933,37.467,2026-09-26T04:00,7.4,96,0.0,1028.2,1.06,131,46,2026-09-26
Серпухов,54.933,37.467,2026-09-26T05:00,7.1,97,0.0,1028.1,1.08,124,21,2026-09-26
Серпухов,54.933,37.467,2026-09-26T06:00,6.8,98,0.0,1028.7,1.08,112,35,2026-09-26
Серпухов,54.933,37.467,2026-09-26T07:00,6.8,98,0.0,1028.8,1.03,119,37,2026-09-26
Серпухов,54.933,37.467,2026-09-26T08:00,8.1,97,0.0,1029.0,1.0,127,21,2026-09-26
Серпухов,54.933,37.467,2026-09-26T09:00,10.2,91,0.0,1029.6,1.42,141,44,2026-09-26
Серпухов,54.933,37.467,2026-09-26T10:00,12.2,84,0.0,1029.5,1.48,152,64,2026-09-26
Серпухов,54.933,37.467,2026-09-26T11:00,14.0,78,0.0,1029.0,1.52,157,97,2026-09-26
Серпухов,54.933,37.467,2026-09-26T12:00,15.6,66,0.0,1028.8,1.9,183,62,2026-09-26
Серпухов,54.933,37.467,2026-09-26T13:00,16.1,59,0.0,1028.8,1.99,198,88,2026-09-26
Серпухов,54.933,37.467,2026-09-26T14:00,16.4,55,0.0,1028.3,1.87,196,100,2026-09-26
Серпухов,54.933,37.467,2026-09-26T15:00,16.9,53,0.0,1029.0,1.51,172,15,2026-09-26
Серпухов,54.933,37.467,2026-09-26T16:00,16.4,58,0.0,1028.6,1.3,176,18,2026-09-26
Серпухов,54.933,37.467,2026-09-26T17:00,15.6,69,0.0,1028.3,0.94,148,9,2026-09-26
Серпухов,54.933,37.467,2026-09-26T18:00,13.9,78,0.0,1028.2,1.06,131,65,2026-09-26
Серпухов,54.933,37.467,2026-09-26T19:00,12.4,81,0.0,1028.5,1.2,132,85,2026-09-26
Серпухов,54.933,37.467,2026-09-26T20:00,11.4,80,0.0,1028.9,1.14,142,57,2026-09-26
Серпухов,54.933,37.467,2026-09-26T21:00,10.7,81,0.0,1029.1,1.25,151,90,2026-09-26
Серпухов,54.933,37.467,2026-09-26T22:00,10.2,83,0.0,1029.4,1.26,162,100,2026-09-26
Серпухов,54.933,37.467,2026-09-26T23:00,10.0,84,0.0,1029.7,1.21,156,100,2026-09-26
Серпухов,54.933,37.467,2026-09-27T00:00,9.8,84,0.0,1029.8,1.12,153,95,2026-09-26
Серпухов,54.933,37.467,2026-09-27T01:00,9.4,84,0.0,1029.6,1.17,149,75,2026-09-26
Серпухов,54.933,37.467,2026-09-27T02:00,9.0,85,0.0,1029.7,1.12,153,56,2026-09-26
Серпухов,54.933,37.467,2026-09-27T03:00,8.7,85,0.0,1029.6,1.25,151,12,2026-09-26
Серпухов,54.933,37.467,2026-09-27T04:00,8.4,87,0.0,1029.9,1.21,156,19,2026-09-26
Серпухов,54.933,37.467,2026-09-27T05:00,8.2,87,0.0,1030.2,1.26,162,17,2026-09-26
Серпухов,54.933,37.467,2026-09-27T06:00,8.1,87,0.0,1030.1,1.26,162,3,2026-09-26
Серпухов,54.933,37.467,2026-09-27T07:00,8.1,88,0.0,1030.3,1.26,162,31,2026-09-26
Серпухов,54.933,37.467,2026-09-27T08:00,9.4,86,0.0,1030.1,1.39,159,99,2026-09-26
Серпухов,54.933,37.467,2026-09-27T09:00,11.5,79,0.0,1030.1,1.22,171,100,2026-09-26
Серпухов,54.933,37.467,2026-09-27T10:00,13.2,73,0.0,1030.0,1.61,187,100,2026-09-26
Серпухов,54.933,37.467,2026-09-27T11:00,14.7,68,0.0,1030.0,1.82,189,100,2026-09-26
Серпухов,54.933,37.467,2026-09-27T12:00,15.7,64,0.0,1029.7,2.02,189,100,2026-09-26
Серпухов,54.933,37.467,2026-09-27T13:00,16.6,62,0.0,1029.8,2.1,177,77,2026-09-26
Серпухов,54.933,37.467,2026-09-27T14:00,17.2,57,0.0,1029.6,2.3,182,85,2026-09-26
Серпухов,54.933,37.467,2026-09-27T15:00,17.2,55,0.0,1029.6,2.3,182,87,2026-09-26
Серпухов,54.933,37.467,2026-09-27T16:00,16.5,61,0.0,1029.6,2.21,175,89,2026-09-26
Серпухов,54.933,37.467,2026-09-27T17:00,15.3,69,0.0,1029.4,1.53,169,88,2026-09-26
Серпухов,54.933,37.467,2026-09-27T18:00,13.5,81,0.0,1029.4,1.21,156,74,2026-09-26
Серпухов,54.933,37.467,2026-09-27T19:00,12.1,85,0.0,1029.6,1.12,153,91,2026-09-26
Серпухов,54.933,37.467,2026-09-27T20:00,11.3,84,0.0,1029.9,1.08,158,51,2026-09-26
Серпухов,54.933,37.467,2026-09-27T21:00,10.6,84,0.0,1030.2,0.85,159,81,2026-09-26
Серпухов,54.933,37.467,2026-09-27T22:00,10.0,85,0.0,1030.4,1.03,151,85,2026-09-26
Серпухов,54.933,37.467,2026-09-27T23:00,9.7,86,0.0,1030.3,0.64,141,88,2026-09-26
Серпухов,54.933,37.467,2026-09-28T00:00,9.2,86,0.0,1030.4,0.32,108,84,2026-09-26
Серпухов,54.933,37.467,2026-09-28T01:00,8.8,86,0.0,1030.8,0.41,76,96,2026-09-26
Серпухов,54.933,37.467,2026-09-28T02:00,8.3,88,0.0,1031.0,0.61,99,57,2026-09-26
Серпухов,54.933,37.467,2026-09-28T03:00,7.7,89,0.0,1031.3,0.54,112,32,2026-09-26
Серпухов,54.933,37.467,2026-09-28T04:00,7.4,90,0.0,1031.4,0.36,56,35,2026-09-26
Серпухов,54.933,37.467,2026-09-28T05:00,7.0,91,0.0,1031.6,0.64,39,45,2026-09-26
Серпухов,54.933,37.467,2026-09-28T06:00,6.5,95,0.0,1031.5,0.54,68,54,2026-09-26
Серпухов,54.933,37.467,2026-09-28T07:00,6.4,98,0.0,1031.7,0.36,56,67,2026-09-26
Серпухов,54.933,37.467,2026-09-28T08:00,7.4,99,0.0,1032.0,0.36,34,74,2026-09-26
Серпухов,54.933,37.467,2026-09-28T09:00,10.3,90,0.0,1032.1,0.2,360,71,2026-09-26
Серпухов,54.933,37.467,2026-09-28T10:00,12.6,78,0.0,1032.4,0.81,7,76,2026-09-26
Серпухов,54.933,37.467,2026-09-28T11:00,14.1,74,0.0,1032.5,1.33,13,72,2026-09-26
Серпухов,54.933,37.467,2026-09-28T12:00,15.1,73,0.0,1032.5,1.87,16,76,2026-09-26
Серпухов,54.933,37.467,2026-09-28T13:00,15.7,71,0.0,1032.3,1.88,25,84,2026-09-26
Серпухов,54.933,37.467,2026-09-28T14:00,15.7,70,0.0,1032.0,1.84,22,91,2026-09-26
Серпухов,54.933,37.467,2026-09-28T15:00,15.2,76,0.0,1032.0,2.16,13,92,2026-09-26
Серпухов,54.933,37.467,2026-09-28T16:00,14.9,78,0.0,1031.9,1.99,18,88,2026-09-26
Серпухов,54.933,37.467,2026-09-28T17:00,14.5,81,0.0,1032.3,1.55,15,84,2026-09-26
Серпухов,54.933,37.467,2026-09-28T18:00,13.1,88,0.0,1032.7,1.26,18,76,2026-09-26
Серпухов,54.933,37.467,2026-09-28T19:00,11.9,93,0.0,1033.0,1.04,17,73,2026-09-26
Серпухов,54.933,37.467,2026-09-28T20:00,11.3,94,0.0,1033.0,1.04,17,60,2026-09-26
Серпухов,54.933,37.467,2026-09-28T21:00,10.6,94,0.0,1033.2,1.04,17,39,2026-09-26
Серпухов,54.933,37.467,2026-09-28T22:00,10.0,95,0.0,1033.5,1.1,360,41,2026-09-26
Серпухов,54.933,37.467,2026-09-28T23:00,9.6,96,0.0,1033.8,1.36,17,43,2026-09-26
Серпухов,54.933,37.467,2026-09-29T00:00,9.3,97,0.0,1033.9,1.39,30,50,2026-09-26
Серпухов,54.933,37.467,2026-09-29T01:00,8.9,97,0.0,1034.2,1.21,24,59,2026-09-26
Серпухов,54.933,37.467,2026-09-29T02:00,8.5,96,0.0,1034.4,1.17,20,56,2026-09-26
Серпухов,54.933,37.467,2026-09-29T03:00,8.2,97,0.0,1034.8,1.17,20,62,2026-09-26
Серпухов,54.933,37.467,2026-09-29T04:00,7.9,97,0.0,1035.1,1.04,17,64,2026-09-26
Серпухов,54.933,37.467,2026-09-29T05:00,7.6,97,0.0,1035.2,1.08,22,63,2026-09-26
Серпухов,54.933,37.467,2026-09-29T06:00,7.3,97,0.0,1035.3,0.95,18,63,2026-09-26
Серпухов,54.933,37.467,2026-09-29T07:00,7.2,97,0.0,1035.4,0.85,21,61,2026-09-26
Серпухов,54.933,37.467,2026-09-29T08:00,8.2,94,0.0,1035.6,0.91,6,51,2026-09-26
Серпухов,54.933,37.467,2026-09-29T09:00,10.0,85,0.0,1035.9,1.49,20,36,2026-09-26
Серпухов,54.933,37.467,2026-09-29T10:00,11.9,75,0.0,1036.0,1.84,29,13,2026-09-26
Серпухов,54.933,37.467,2026-09-29T11:00,13.5,67,0.0,1035.8,1.94,35,30,2026-09-26
Серпухов,54.933,37.467,2026-09-29T12:00,14.5,62,0.0,1035.5,2.02,33,44,2026-09-26
Серпухов,54.933,37.467,2026-09-29T13:00,15.0,61,0.0,1035.4,1.84,22,44,2026-09-26
Серпухов,54.933,37.467,2026-09-29T14:00,15.3,58,0.0,1035.1,1.94,12,46,2026-09-26
Серпухов,54.933,37.467,2026-09-29T15:00,15.3,58,0.0,1034.9,1.92,9,39,2026-09-26
Серпухов,54.933,37.467,2026-09-29T16:00,14.9,58,0.0,1034.6,1.81,6,27,2026-09-26
Серпухов,54.933,37.467,2026-09-29T17:00,14.0,66,0.0,1034.7,1.3,356,3,2026-09-26
Серпухов,54.933,37.467,2026-09-29T18:00,12.1,77,0.0,1034.8,1.0,354,0,2026-09-26
Серпухов,54.933,37.467,2026-09-29T19:00,10.7,78,0.0,1035.0,1.1,355,0,2026-09-26
Серпухов,54.933,37.467,2026-09-29T20:00,9.8,77,0.0,1035.1,0.81,353,0,2026-09-26
Серпухов,54.933,37.467,2026-09-29T21:00,9.1,78,0.0,1035.4,0.6,360,0,2026-09-26
Серпухов,54.933,37.467,2026-09-29T22:00,8.6,80,0.0,1035.6,0.51,349,33,2026-09-26
Серпухов,54.933,37.467,2026-09-29T23:00,8.2,82,0.0,1035.7,0.5,323,67,2026-09-26
Серпухов,54.933,37.467,2026-09-30T00:00,7.9,84,0.0,1035.8,0.5,307,100,2026-09-26
Серпухов,54.933,37.467,2026-09-30T01:00,7.8,85,0.0,1035.9,0.64,309,99,2026-09-26
Серпухов,54.933,37.467,2026-09-30T02:00,7.7,86,0.0,1035.9,0.78,310,98,2026-09-26
Серпухов,54.933,37.467,2026-09-30T03:00,7.6,87,0.0,1035.9,0.86,306,97,2026-09-26
Серпухов,54.933,37.467,2026-09-30T04:00,7.2,89,0.0,1035.9,0.89,297,74,2026-09-26
Серпухов,54.933,37.467,2026-09-30T05:00,6.7,91,0.0,1035.9,0.82,284,50,2026-09-26
Серпухов,54.933,37.467,2026-09-30T06:00,6.8,91,0.0,1035.9,0.81,277,27,2026-09-26
Серпухов,54.933,37.467,2026-09-30T07:00,7.6,90,0.0,1036.1,0.81,277,30,2026-09-26
Серпухов,54.933,37.467,2026-09-30T08:00,8.9,87,0.0,1036.3,0.82,284,34,2026-09-26
Серпухов,54.933,37.467,2026-09-30T09:00,10.4,83,0.0,1036.4,0.89,297,37,2026-09-26
Серпухов,54.933,37.467,2026-09-30T10:00,12.3,76,0.0,1036.3,1.2,318,31,2026-09-26
Серпухов,54.933,37.467,2026-09-30T11:00,14.3,67,0.0,1036.1,1.79,333,25,2026-09-26
Серпухов,54.933,37.467,2026-09-30T12:00,15.8,61,0.0,1035.9,2.25,339,19,2026-09-26
Серпухов,54.933,37.467,2026-09-30T13:00,16.5,58,0.0,1035.6,2.6,344,19,2026-09-26
Серпухов,54.933,37.467,2026-09-30T14:00,16.7,56,0.0,1035.3,2.75,350,20,2026-09-26
Серпухов,54.933,37.467,2026-09-30T15:00,16.4,58,0.0,1035.0,2.73,352,20,2026-09-26
Серпухов,54.933,37.467,2026-09-30T16:00,15.6,64,0.0,1034.7,2.26,347,26,2026-09-26
Серпухов,54.933,37.467,2026-09-30T17:00,14.3,74,0.0,1034.5,1.71,339,32,2026-09-26
Серпухов,54.933,37.467,2026-09-30T18:00,13.1,82,0.0,1034.5,1.3,328,38,2026-09-26
Серпухов,54.933,37.467,2026-09-30T19:00,12.0,88,0.0,1034.7,1.3,337,51,2026-09-26
Серпухов,54.933,37.467,2026-09-30T20:00,10.9,92,0.0,1035.1,1.51,352,64,2026-09-26
Серпухов,54.933,37.467,2026-09-30T21:00,10.0,95,0.0,1035.5,1.7,360,77,2026-09-26
Серпухов,54.933,37.467,2026-09-30T22:00,9.2,96,0.0,1035.8,1.7,3,66,2026-09-26
Серпухов,54.933,37.467,2026-09-30T23:00,8.4,96,0.0,1036.0,1.53,11,54,2026-09-26
Серпухов,54.933,37.467,2026-10-01T00:00,7.8,96,0.0,1036.2,1.43,12,43,2026-09-26
Серпухов,54.933,37.467,2026-10-01T01:00,7.3,96,0.0,1036.3,1.33,13,51,2026-09-26
Серпухов,54.933,37.467,2026-10-01T02:00,6.9,95,0.0,1036.3,1.22,9,59,2026-09-26
Серпухов,54.933,37.467,2026-10-01T03:00,6.5,95,0.0,1036.4,1.2,5,67,2026-09-26
Серпухов,54.933,37.467,2026-10-01T04:00,6.0,96,0.0,1036.5,1.2,360,66,2026-09-26
Серпухов,54.933,37.467,2026-10-01T05:00,5.5,96,0.0,1036.7,1.2,355,65,2026-09-26
Серпухов,54.933,37.467,2026-10-01T06:00,5.4,96,0.0,1036.9,1.3,356,64,2026-09-26
Серпухов,54.933,37.467,2026-10-01T07:00,6.1,95,0.0,1037.3,1.5,360,65,2026-09-26
Серпухов,54.933,37.467,2026-10-01T08:00,7.3,92,0.0,1037.9,1.81,6,67,2026-09-26
Серпухов,54.933,37.467,2026-10-01T09:00,8.6,88,0.0,1038.2,2.14,11,68,2026-09-26
Серпухов,54.933,37.467,2026-10-01T10:00,10.2,80,0.0,1038.2,2.35,12,58,2026-09-26
Серпухов,54.933,37.467,2026-10-01T11:00,12.0,69,0.0,1038.1,2.45,12,49,2026-09-26
Серпухов,54.933,37.467,2026-10-01T12:00,13.4,61,0.0,1037.9,2.55,11,39,2026-09-26
Серпухов,54.933,37.467,2026-10-01T13:00,14.0,56,0.0,1037.6,2.83,9,47,2026-09-26
Серпухов,54.933,37.467,2026-10-01T14:00,14.2,54,0.0,1037.3,3.07,7,56,2026-09-26
Серпухов,54.933,37.467,2026-10-01T15:00,14.0,53,0.0,1036.9,3.16,5,67,2026-09-26
Серпухов,54.933,37.467,2026-10-01T16:00,13.1,57,0.0,1036.8,2.7,2,46,2026-09-26
Серпухов,54.933,37.467,2026-10-01T17:00,11.8,64,0.0,1036.8,2.0,357,23,2026-09-26
Серпухов,54.933,37.467,2026-10-01T18:00,10.5,71,0.0,1036.9,1.41,352,0,2026-09-26
Серпухов,54.933,37.467,2026-10-01T19:00,9.2,76,0.0,1037.2,1.24,346,1,2026-09-26
Серпухов,54.933,37.467,2026-10-01T20:00,7.9,81,0.0,1037.5,1.24,346,2,2026-09-26
Серпухов,54.933,37.467,2026-10-01T21:00,6.9,85,0.0,1037.8,1.24,346,3,2026-09-26
Серпухов,54.933,37.467,2026-10-01T22:00,6.3,86,0.0,1037.9,1.14,345,9,2026-09-26
Серпухов,54.933,37.467,2026-10-01T23:00,5.9,86,0.0,1037.9,1.08,338,14,2026-09-26
Серпухов,54.933,37.467,2026-10-02T00:00,5.5,86,0.0,1037.9,1.03,331,20,2026-09-26
Серпухов,54.933,37.467,2026-10-02T01:00,5.0,87,0.0,1037.8,0.99,315,25,2026-09-26
Серпухов,54.933,37.467,2026-10-02T02:00,4.5,89,0.0,1037.7,0.94,302,29,2026-09-26
Серпухов,54.933,37.467,2026-10-02T03:00,4.1,91,0.0,1037.6,1.04,287,34,2026-09-26
Серпухов,54.933,37.467,2026-10-02T04:00,3.6,93,0.0,1037.5,1.1,275,51,2026-09-26
Серпухов,54.933,37.467,2026-10-02T05:00,3.2,96,0.0,1037.4,1.1,270,67,2026-09-26
Серпухов,54.933,37.467,2026-10-02T06:00,3.4,96,0.0,1037.3,1.2,270,84,2026-09-26
Серпухов,54.933,37.467,2026-10-02T07:00,4.6,93,0.0,1037.3,1.32,279,69,2026-09-26
Серпухов,54.933,37.467,2026-10-02T08:00,6.3,89,0.0,1037.3,1.49,290,55,2026-09-26
Серпухов,54.933,37.467,2026-10-02T09:00,8.1,83,0.0,1037.1,1.84,299,40,2026-09-26
Серпухов,54.933,37.467,2026-10-02T10:00,9.9,76,0.0,1036.7,2.22,306,48,2026-09-26
Серпухов,54.933,37.467,2026-10-02T11:00,11.7,69,0.0,1036.0,2.64,307,56,2026-09-26
Серпухов,54.933,37.467,2026-10-02T12:00,13.2,63,0.0,1035.4,3.05,311,64,2026-09-26
Серпухов,54.933,37.467,2026-10-02T13:00,14.2,59,0.0,1034.7,3.39,315,60,2026-09-26
Серпухов,54.933,37.467,2026-10-02T14:00,14.8,56,0.0,1034.0,3.61,318,56,2026-09-26
Серпухов,54.933,37.467,2026-10-02T15:00,14.9,55,0.0,1033.4,3.62,321,52,2026-09-26
Серпухов,54.933,37.467,2026-10-02T16:00,14.1,59,0.0,1033.1,3.12,320,55,2026-09-26
Серпухов,54.933,37.467,2026-10-02T17:00,12.8,65,0.0,1033.1,2.27,319,59,2026-09-26
Серпухов,54.933,37.467,2026-10-02T18:00,11.7,70,0.0,1033.0,1.63,317,62,2026-09-26
Серпухов,54.933,37.467,2026-10-02T19:00,11.2,73,0.0,1032.9,1.49,318,74,2026-09-26
Серпухов,54.933,37.467,2026-10-02T20:00,10.9,75,0.0,1032.9,1.5,323,87,2026-09-26
Серпухов,54.933,37.467,2026-10-02T21:00,10.7,77,0.0,1032.9,1.58,325,99,2026-09-26
Серпухов,54.933,37.467,2026-10-02T22:00,10.6,79,0.0,1032.9,1.53,328,99,2026-09-26
Серпухов,54.933,37.467,2026-10-02T23:00,10.5,82,0.0,1032.9,1.39,330,100,2026-09-26
Серпухов,54.933,37.467,2026-10-03T00:00,10.4,84,0.0,1032.9,1.3,337,100,2026-09-26
Серпухов,54.933,37.467,2026-10-03T01:00,10.3,87,0.0,1032.9,1.14,345,100,2026-09-26
Серпухов,54.933,37.467,2026-10-03T02:00,10.1,90,0.0,1033.0,1.1,5,100,2026-09-26
Серпухов,54.933,37.467,2026-10-03T03:00,9.9,92,0.0,1033.1,1.08,22,100,2026-09-26
Серпухов,54.933,37.467,2026-10-03T04:00,9.7,93,0.0,1033.2,1.2,42,100,2026-09-26
Серпухов,54.933,37.467,2026-10-03T05:00,9.5,94,0.0,1033.4,1.58,55,100,2026-09-26
Серпухов,54.933,37.467,2026-10-03T06:00,9.2,94,0.0,1033.7,1.88,65,100,2026-09-26
Серпухов,54.933,37.467,2026-10-03T07:00,8.9,92,0.0,1034.2,2.21,72,96,2026-09-26
Серпухов,54.933,37.467,2026-10-03T08:00,8.6,90,0.0,1034.8,2.45,78,92,2026-09-26
Серпухов,54.933,37.467,2026-10-03T09:00,8.6,86,0.0,1035.3,2.63,81,88,2026-09-26
Серпухов,54.933,37.467,2026-10-03T10:00,9.2,82,0.0,1035.6,2.65,79,83,2026-09-26
Серпухов,54.933,37.467,2026-10-03T11:00,10.1,76,0.0,1035.7,2.67,77,79,2026-09-26
Серпухов,54.933,37.467,2026-10-03T12:00,10.8,71,0.0,1035.7,2.53,72,74,2026-09-26
Серпухов,54.933,37.467,2026-10-03T13:00,11.1,64,0.0,1035.6,2.37,62,65,2026-09-26
Серпухов,54.933,37.467,2026-10-03T14:00,11.2,58,0.0,1035.4,2.28,52,56,2026-09-26
Серпухов,54.933,37.467,2026-10-03T15:00,11.1,54,0.0,1035.3,2.19,43,47,2026-09-26
Серпухов,54.933,37.467,2026-10-03T16:00,10.5,56,0.0,1035.4,1.92,39,55,2026-09-26
Серпухов,54.933,37.467,2026-10-03T17:00,9.7,62,0.0,1035.5,1.56,40,64,2026-09-26
Серпухов,54.933,37.467,2026-10-03T18:00,8.7,67,0.0,1035.7,1.27,45,72,2026-09-26
Серпухов,54.933,37.467,2026-10-03T19:00,7.5,71,0.0,1035.9,1.17,59,58,2026-09-26
Серпухов,54.933,37.467,2026-10-03T20:00,6.1,76,0.0,1036.1,1.12,80,44,2026-09-26
Серпухов,54.933,37.467,2026-10-03T21:00,4.8,79,0.0,1036.3,1.2,95,30,2026-09-26
Серпухов,54.933,37.467,2026-10-03T22:00,3.7,81,0.0,1036.5,1.24,104,20,2026-09-26
Серпухов,54.933,37.467,2026-10-03T23:00,2.8,82,0.0,1036.7,1.17,110,10,2026-09-26
Серпухов,54.933,37.467,2026-10-04T00:00,2.0,82,0.0,1036.9,1.12,117,0,2026-09-26
Серпухов,54.933,37.467,2026-10-04T01:00,1.2,82,0.0,1037.0,0.96,148,0,2026-09-26
Серпухов,54.933,37.467,2026-10-04T02:00,0.7,84,0.0,1037.0,1.06,177,0,2026-09-26
Серпухов,54.933,37.467,2026-10-04T03:00,0.4,87,0.0,1036.9,1.34,202,0,2026-09-26
Серпухов,54.933,37.467,2026-10-04T04:00,0.5,90,0.0,1036.8,1.66,224,0,2026-09-26
Серпухов,54.933,37.467,2026-10-04T05:00,0.7,89,0.0,1036.8,1.63,223,0,2026-09-26
Серпухов,54.933,37.467,2026-10-04T06:00,1.2,87,0.0,1036.7,1.56,220,0,2026-09-26
Серпухов,54.933,37.467,2026-10-04T07:00,1.8,84,0.0,1036.7,1.49,220,0,2026-09-26
Серпухов,54.933,37.467,2026-10-04T08:00,2.6,80,0.0,1036.5,1.42,219,0,2026-09-26
Серпухов,54.933,37.467,2026-10-04T09:00,3.5,77,0.0,1036.2,1.45,221,0,2026-09-26
Серпухов,54.933,37.467,2026-10-04T10:00,4.8,72,0.0,1035.7,1.59,226,0,2026-09-26
Серпухов,54.933,37.467,2026-10-04T11:00,6.5,66,0.0,1035.1,1.81,231,0,2026-09-26
Серпухов,54.933,37.467,2026-10-04T12:00,8.4,60,0.0,1034.4,2.05,236,0,2026-09-26
Серпухов,54.933,37.467,2026-10-04T13:00,10.2,55,0.0,1033.7,2.38,240,0,2026-09-26
Серпухов,54.933,37.467,2026-10-04T14:00,11.6,52,0.0,1033.1,2.62,241,0,2026-09-26
Серпухов,54.933,37.467,2026-10-04T15:00,12.4,51,0.0,1032.5,2.82,243,0,2026-09-26
Серпухов,54.933,37.467,2026-10-04T16:00,12.3,52,0.0,1032.1,2.95,242,0,2026-09-26
Серпухов,54.933,37.467,2026-10-04T17:00,11.7,56,0.0,1031.7,3.03,239,1,2026-09-26
Серпухов,54.933,37.467,2026-10-04T18:00,10.6,62,0.0,1031.4,3.13,236,1,2026-09-26
Серпухов,54.933,37.467,2026-10-04T19:00,9.4,69,0.0,1031.1,3.18,233,1,2026-09-26
Серпухов,54.933,37.467,2026-10-04T20:00,8.3,76,0.0,1030.8,3.23,231,2,2026-09-26
Серпухов,54.933,37.467,2026-10-04T21:00,7.5,81,0.0,1030.5,3.26,230,2,2026-09-26
Серпухов,54.933,37.467,2026-10-04T22:00,7.0,85,0.0,1030.2,3.26,230,2,2026-09-26
Серпухов,54.933,37.467,2026-10-04T23:00,6.7,88,0.0,1029.8,3.24,232,1,2026-09-26
Серпухов,54.933,37.467,2026-10-05T00:00,6.4,90,0.0,1029.5,3.22,234,0,2026-09-26
Серпухов,54.933,37.467,2026-10-05T01:00,6.2,92,0.0,1029.2,3.16,235,0,2026-09-26
Серпухов,54.933,37.467,2026-10-05T02:00,6.1,93,0.0,1028.8,3.15,237,0,2026-09-26
Серпухов,54.933,37.467,2026-10-05T03:00,6.1,94,0.0,1028.5,3.12,238,1,2026-09-26
Серпухов,54.933,37.467,2026-10-05T04:00,6.2,94,0.0,1028.2,3.08,238,3,2026-09-26
Серпухов,54.933,37.467,2026-10-05T05:00,6.3,95,0.0,1027.9,3.06,236,5,2026-09-26
Серпухов,54.933,37.467,2026-10-05T06:00,6.6,94,0.0,1027.6,3.01,234,8,2026-09-26
Серпухов,54.933,37.467,2026-10-05T07:00,7.0,93,0.0,1027.3,3.0,233,12,2026-09-26
Серпухов,54.933,37.467,2026-10-05T08:00,7.5,91,0.0,1026.9,2.97,234,18,2026-09-26
Серпухов,54.933,37.467,2026-10-05T09:00,8.1,88,0.0,1026.5,2.98,235,25,2026-09-26
Серпухов,54.933,37.467,2026-10-05T10:00,9.1,83,0.0,1025.9,3.05,240,35,2026-09-26
Серпухов,54.933,37.467,2026-10-05T11:00,10.4,77,0.0,1025.2,3.25,247,48,2026-09-26
Серпухов,54.933,37.467,2026-10-05T12:00,11.8,71,0.0,1024.5,3.52,255,63,2026-09-26
Серпухов,54.933,37.467,2026-10-05T13:00,13.2,66,0.0,1023.8,3.8,261,77,2026-09-26
Серпухов,54.933,37.467,2026-10-05T14:00,14.2,62,0.0,1023.1,4.02,265,90,2026-09-26
Серпухов,54.933,37.467,2026-10-05T15:00,14.8,60,0.0,1022.6,4.16,267,98,2026-09-26
Серпухов,54.933,37.467,2026-10-05T16:00,14.7,61,0.0,1022.2,4.11,266,100,2026-09-26
Серпухов,54.933,37.467,2026-10-05T17:00,14.1,63,0.0,1022.0,3.88,263,100,2026-09-26
Серпухов,54.933,37.467,2026-10-05T18:00,13.3,66,0.0,1021.8,3.61,260,100,2026-09-26
Серпухов,54.933,37.467,2026-10-05T19:00,12.3,71,0.0,1021.6,3.37,255,99,2026-09-26
Серпухов,54.933,37.467,2026-10-05T20:00,11.4,75,0.0,1021.5,3.15,250,97,2026-09-26
Серпухов,54.933,37.467,2026-10-05T21:00,10.7,78,0.0,1021.3,3.0,246,96,2026-09-26
Серпухов,54.933,37.467,2026-10-05T22:00,10.3,81,0.0,1021.1,2.91,246,96,2026-09-26
Серпухов,54.933,37.467,2026-10-05T23:00,9.9,83,0.0,1020.9,2.84,246,97,2026-09-26
Серпухов,54.933,37.467,2026-10-06T00:00,9.6,85,0.0,1020.7,2.74,249,98,2026-09-26
Серпухов,54.933,37.467,2026-10-06T01:00,9.3,86,0.0,1020.5,2.7,251,99,2026-09-26
Серпухов,54.933,37.467,2026-10-06T02:00,9.2,87,0.0,1020.3,2.72,253,99,2026-09-26
Серпухов,54.933,37.467,2026-10-06T03:00,9.1,88,0.0,1020.1,2.71,254,100,2026-09-26
Серпухов,54.933,37.467,2026-10-06T04:00,9.2,89,0.0,1020.0,2.71,254,100,2026-09-26
Серпухов,54.933,37.467,2026-10-06T05:00,9.4,89,0.0,1019.9,2.77,253,100,2026-09-26
Серпухов,54.933,37.467,2026-10-06T06:00,9.6,90,0.0,1019.8,2.78,252,100,2026-09-26
Серпухов,54.933,37.467,2026-10-06T07:00,10.0,89,0.0,1019.7,2.85,252,100,2026-09-26
Серпухов,54.933,37.467,2026-10-06T08:00,10.4,88,0.0,1019.5,2.91,251,100,2026-09-26
Серпухов,54.933,37.467,2026-10-06T09:00,10.8,86,0.0,1019.3,3.02,251,100,2026-09-26
Серпухов,54.933,37.467,2026-10-06T10:00,11.3,82,0.0,1019.0,3.18,251,100,2026-09-26
Серпухов,54.933,37.467,2026-10-06T11:00,12.0,77,0.0,1018.5,3.38,251,100,2026-09-26
Серпухов,54.933,37.467,2026-10-06T12:00,12.8,72,0.0,1018.0,3.59,251,100,2026-09-26
Серпухов,54.933,37.467,2026-10-06T13:00,13.5,67,0.0,1017.5,3.79,252,100,2026-09-26
Серпухов,54.933,37.467,2026-10-06T14:00,14.0,63,0.0,1017.1,3.95,252,100,2026-09-26
Серпухов,54.933,37.467,2026-10-06T15:00,14.1,62,0.0,1016.7,4.06,251,100,2026-09-26
Серпухов,54.933,37.467,2026-10-06T16:00,13.8,63,0.0,1016.5,4.08,251,92,2026-09-26
Серпухов,54.933,37.467,2026-10-06T17:00,13.1,65,0.0,1016.3,3.96,249,80,2026-09-26
Серпухов,54.933,37.467,2026-10-06T18:00,12.2,69,0.0,1016.2,3.88,248,67,2026-09-26
Серпухов,54.933,37.467,2026-10-06T19:00,11.3,74,0.0,1016.1,3.72,246,54,2026-09-26
Серпухов,54.933,37.467,2026-10-06T20:00,10.5,78,0.0,1016.0,3.65,245,45,2026-09-26
Серпухов,54.933,37.467,2026-10-06T21:00,10.0,81,0.0,1015.8,3.6,243,41,2026-09-26
Серпухов,54.933,37.467,2026-10-06T22:00,9.9,83,0.0,1015.5,3.67,241,44,2026-09-26
Серпухов,54.933,37.467,2026-10-06T23:00,9.9,84,0.0,1015.1,3.75,239,53,2026-09-26
Серпухов,54.933,37.467,2026-10-07T00:00,10.1,84,0.0,1014.7,3.9,237,65,2026-09-26
Серпухов,54.933,37.467,2026-10-07T01:00,10.4,83,0.0,1014.3,4.02,235,77,2026-09-26
Серпухов,54.933,37.467,2026-10-07T02:00,10.7,83,0.0,1014.0,4.15,234,88,2026-09-26
Серпухов,54.933,37.467,2026-10-07T03:00,10.9,83,0.0,1013.7,4.25,233,96,2026-09-26
Серпухов,54.933,37.467,2026-10-07T04:00,11.2,83,0.0,1013.5,4.32,233,100,2026-09-26
Серпухов,54.933,37.467,2026-10-07T05:00,11.4,85,0.0,1013.3,4.32,233,100,2026-09-26
Серпухов,54.933,37.467,2026-10-07T06:00,11.7,86,0.0,1013.2,4.29,234,100,2026-09-26
Серпухов,54.933,37.467,2026-10-07T07:00,12.0,86,0.0,1013.1,4.3,234,100,2026-09-26
Серпухов,54.933,37.467,2026-10-07T08:00,12.3,86,0.0,1013.0,4.33,236,100,2026-09-26
Серпухов,54.933,37.467,2026-10-07T09:00,12.7,84,0.0,1012.9,4.4,238,100,2026-09-26
Серпухов,54.933,37.467,2026-10-07T10:00,13.1,81,0.0,1012.7,4.59,242,100,2026-09-26
Серпухов,54.933,37.467,2026-10-07T11:00,13.7,77,0.0,1012.5,4.81,246,100,2026-09-26
Серпухов,54.933,37.467,2026-10-07T12:00,14.3,71,0.0,1012.3,5.16,250,100,2026-09-26
Серпухов,54.933,37.467,2026-10-07T13:00,14.8,67,0.0,1012.2,5.52,254,100,2026-09-26
Серпухов,54.933,37.467,2026-10-07T14:00,15.2,63,0.0,1012.0,5.76,256,100,2026-09-26
Серпухов,54.933,37.467,2026-10-07T15:00,15.2,62,0.0,1012.0,5.84,258,100,2026-09-26
Серпухов,54.933,37.467,2026-10-07T16:00,15.0,62,0.0,1012.1,5.73,258,99,2026-09-26
Серпухов,54.933,37.467,2026-10-07T17:00,14.4,64,0.0,1012.2,5.49,257,99,2026-09-26
Серпухов,54.933,37.467,2026-10-07T18:00,13.7,67,0.0,1012.4,5.12,255,98,2026-09-26
Серпухов,54.933,37.467,2026-10-07T19:00,12.9,70,0.0,1012.7,4.75,253,96,2026-09-26
Серпухов,54.933,37.467,2026-10-07T20:00,12.1,74,0.0,1012.9,4.38,251,92,2026-09-26
Серпухов,54.933,37.467,2026-10-07T21:00,11.5,77,0.0,1013.1,4.07,249,86,2026-09-26
Серпухов,54.933,37.467,2026-10-07T22:00,10.9,80,0.0,1013.3,3.83,248,76,2026-09-26
Серпухов,54.933,37.467,2026-10-07T23:00,10.3,83,0.0,1013.4,3.6,246,62,2026-09-26
Серпухов,54.933,37.467,2026-10-08T00:00,9.8,87,0.0,1013.6,3.42,245,46,2026-09-26
Серпухов,54.933,37.467,2026-10-08T01:00,9.3,90,0.0,1013.7,3.2,243,31,2026-09-26
Серпухов,54.933,37.467,2026-10-08T02:00,8.9,92,0.0,1013.9,3.02,241,19,2026-09-26
Серпухов,54.933,37.467,2026-10-08T03:00,8.7,94,0.0,1014.0,2.9,238,13,2026-09-26
Серпухов,54.933,37.467,2026-10-08T04:00,8.6,96,0.0,1014.2,2.78,232,15,2026-09-26
Серпухов,54.933,37.467,2026-10-08T05:00,8.6,97,0.0,1014.3,2.69,225,22,2026-09-26
Серпухов,54.933,37.467,2026-10-08T06:00,8.7,97,0.0,1014.5,2.64,217,33,2026-09-26
Серпухов,54.933,37.467,2026-10-08T07:00,8.9,96,0.0,1014.7,2.71,210,45,2026-09-26
Серпухов,54.933,37.467,2026-10-08T08:00,9.3,94,0.0,1014.7,2.82,205,55,2026-09-26
Серпухов,54.933,37.467,2026-10-08T09:00,9.9,91,0.0,1014.7,3.0,204,60,2026-09-26
Серпухов,54.933,37.467,2026-10-08T10:00,10.9,86,0.0,1014.5,3.29,206,60,2026-09-26
Серпухов,54.933,37.467,2026-10-08T11:00,12.3,79,0.0,1014.2,3.66,212,58,2026-09-26
Серпухов,54.933,37.467,2026-10-08T12:00,13.9,71,0.0,1013.8,4.17,218,54,2026-09-26
Серпухов,54.933,37.467,2026-10-08T13:00,15.4,65,0.0,1013.3,4.64,222,48,2026-09-26
Серпухов,54.933,37.467,2026-10-08T14:00,16.5,60,0.0,1013.0,5.06,225,42,2026-09-26
Серпухов,54.933,37.467,2026-10-08T15:00,17.1,58,0.0,1012.7,5.27,225,37,2026-09-26
Серпухов,54.933,37.467,2026-10-08T16:00,16.9,59,0.0,1012.6,5.23,224,30,2026-09-26
Серпухов,54.933,37.467,2026-10-08T17:00,16.1,62,0.0,1012.5,5.0,221,21,2026-09-26
Серпухов,54.933,37.467,2026-10-08T18:00,14.9,66,0.0,1012.5,4.68,217,12,2026-09-26
Серпухов,54.933,37.467,2026-10-08T19:00,13.7,72,0.0,1012.5,4.4,212,4,2026-09-26
Серпухов,54.933,37.467,2026-10-08T20:00,12.5,77,0.0,1012.4,4.11,206,0,2026-09-26
Серпухов,54.933,37.467,2026-10-08T21:00,11.7,81,0.0,1012.4,3.99,202,1,2026-09-26
Серпухов,54.933,37.467,2026-10-08T22:00,11.2,84,0.0,1012.3,3.94,200,11,2026-09-26
Серпухов,54.933,37.467,2026-10-08T23:00,10.8,86,0.0,1012.2,3.95,198,27,2026-09-26
Серпухов,54.933,37.467,2026-10-09T00:00,10.5,88,0.0,1012.1,3.94,198,47,2026-09-26
Серпухов,54.933,37.467,2026-10-09T01:00,10.3,89,0.0,1012.1,3.98,198,68,2026-09-26
Серпухов,54.933,37.467,2026-10-09T02:00,10.2,90,0.0,1012.0,3.98,198,85,2026-09-26
Серпухов,54.933,37.467,2026-10-09T03:00,10.1,90,0.0,1011.9,3.96,196,96,2026-09-26
Серпухов,54.933,37.467,2026-10-09T04:00,10.1,90,0.0,1011.9,3.87,194,99,2026-09-26
Серпухов,54.933,37.467,2026-10-09T05:00,10.2,89,0.0,1011.8,3.78,191,98,2026-09-26
Серпухов,54.933,37.467,2026-10-09T06:00,10.4,88,0.0,1011.8,3.64,189,93,2026-09-26
Серпухов,54.933,37.467,2026-10-09T07:00,10.7,87,0.0,1011.8,3.57,186,88,2026-09-26
Серпухов,54.933,37.467,2026-10-09T08:00,11.0,84,0.0,1011.8,3.56,183,82,2026-09-26
Серпухов,54.933,37.467,2026-10-09T09:00,11.5,81,0.0,1011.7,3.6,182,80,2026-09-26
Серпухов,54.933,37.467,2026-10-09T10:00,12.3,76,0.0,1011.6,3.81,184,81,2026-09-26
Серпухов,54.933,37.467,2026-10-09T11:00,13.3,69,0.0,1011.4,4.12,186,85,2026-09-26
Серпухов,54.933,37.467,2026-10-09T12:00,14.5,63,0.0,1011.2,4.5,188,90,2026-09-26
Серпухов,54.933,37.467,2026-10-09T13:00,15.5,57,0.0,1011.0,4.88,191,93,2026-09-26
Серпухов,54.933,37.467,2026-10-09T14:00,16.3,53,0.0,1010.8,5.18,193,94,2026-09-26
Серпухов,54.933,37.467,2026-10-09T15:00,16.6,51,0.0,1010.8,5.36,194,90,2026-09-26
Серпухов,54.933,37.467,2026-10-09T16:00,16.3,51,0.0,1010.9,5.39,195,79,2026-09-26
Серпухов,54.933,37.467,2026-10-09T17:00,15.6,52,0.0,1011.1,5.25,196,61,2026-09-26
Серпухов,54.933,37.467,2026-10-09T18:00,14.5,53,0.0,1011.3,5.06,197,40,2026-09-26
Серпухов,54.933,37.467,2026-10-09T19:00,13.4,56,0.0,1011.5,4.84,198,20,2026-09-26
Серпухов,54.933,37.467,2026-10-09T20:00,12.3,59,0.0,1011.8,4.6,199,5,2026-09-26
Серпухов,54.933,37.467,2026-10-09T21:00,11.5,62,0.0,1012.0,4.38,201,0,2026-09-26
Серпухов,54.933,37.467,2026-10-09T22:00,10.9,66,0.0,1012.2,4.17,203,6,2026-09-26
Серпухов,54.933,37.467,2026-10-09T23:00,10.4,70,0.0,1012.3,3.91,205,21,2026-09-26
Серпухов,54.933,37.467,2026-10-10T00:00,10.0,75,0.0,1012.4,3.69,207,42,2026-09-26
Серпухов,54.933,37.467,2026-10-10T01:00,9.7,80,0.0,1012.5,3.4,210,63,2026-09-26
Серпухов,54.933,37.467,2026-10-10T02:00,9.4,85,0.0,1012.7,3.2,214,82,2026-09-26
Серпухов,54.933,37.467,2026-10-10T03:00,9.2,89,0.0,1013.0,3.05,220,95,2026-09-26
Серпухов,54.933,37.467,2026-10-10T04:00,9.0,91,0.1,1013.4,2.97,226,100,2026-09-26
Серпухов,54.933,37.467,2026-10-10T05:00,8.9,94,0.1,1013.8,3.02,236,100,2026-09-26
Серпухов,54.933,37.467,2026-10-10T06:00,8.8,96,0.1,1014.4,3.11,244,100,2026-09-26
Серпухов,54.933,37.467,2026-10-10T07:00,8.8,96,0.1,1014.9,3.3,252,100,2026-09-26
Серпухов,54.933,37.467,2026-10-10T08:00,8.9,95,0.1,1015.4,3.47,258,100,2026-09-26
Серпухов,54.933,37.467,2026-10-10T09:00,9.0,93,0.1,1015.9,3.57,264,99,2026-09-26
Серпухов,54.933,37.467,2026-10-10T10:00,9.3,89,0.0,1016.3,3.6,268,97,2026-09-26
Серпухов,54.933,37.467,2026-10-10T11:00,9.8,82,0.0,1016.7,3.55,272,94,2026-09-26
Серпухов,54.933,37.467,2026-10-10T12:00,10.3,74,0.0,1017.1,3.42,276,90,2026-09-26
Серпухов,54.933,37.467,2026-10-10T13:00,10.7,68,0.0,1017.4,3.3,280,85,2026-09-26
Серпухов,54.933,37.467,2026-10-10T14:00,11.0,63,0.0,1017.8,3.19,284,80,2026-09-26
Серпухов,54.933,37.467,2026-10-10T15:00,10.9,61,0.0,1018.2,3.08,287,74,2026-09-26
Серпухов,54.933,37.467,2026-10-10T16:00,10.4,61,0.0,1018.6,2.97,290,67,2026-09-26
Серпухов,54.933,37.467,2026-10-10T17:00,9.6,64,0.0,1019.1,2.87,293,58,2026-09-26
Серпухов,54.933,37.467,2026-10-10T18:00,8.5,68,0.0,1019.5,2.71,295,48,2026-09-26
Серпухов,54.933,37.467,2026-10-10T19:00,7.4,73,0.0,1019.9,2.57,297,38,2026-09-26
Серпухов,54.933,37.467,2026-10-10T20:00,6.4,77,0.0,1020.4,2.35,299,29,2026-09-26
Серпухов,54.933,37.467,2026-10-10T21:00,5.5,81,0.0,1020.7,2.15,301,22,2026-09-26
Серпухов,54.933,37.467,2026-10-10T22:00,4.8,83,0.0,1021.0,1.89,302,16,2026-09-26
Серпухов,54.933,37.467,2026-10-10T23:00,4.1,85,0.0,1021.3,1.53,302,12,2026-09-26
Серпухов,54.933,37.467,2026-10-11T00:00,3.4,86,0.0,1021.5,1.12,302,8,2026-09-26
Серпухов,54.933,37.467,2026-10-11T01:00,3.8,87,0.0,1023.0,1.19,287,4,2026-09-26
Серпухов,54.933,37.467,2026-10-11T02:00,4.4,89,0.0,1024.1,1.43,268,3,2026-09-26
Серпухов,54.933,37.467,2026-10-11T03:00,5.2,91,0.0,1024.7,1.91,253,10,2026-09-26
Серпухов,54.933,37.467,2026-10-11T04:00,6.1,94,0.0,1025.0,2.64,241,34,2026-09-26
Серпухов,54.933,37.467,2026-10-11T05:00,6.1,95,0.0,1024.5,2.87,241,61,2026-09-26
Серпухов,54.933,37.467,2026-10-11T06:00,6.4,94,0.0,1023.9,3.13,243,82,2026-09-26
Серпухов,54.933,37.467,2026-10-11T07:00,7.1,89,0.0,1023.3,3.53,245,92,2026-09-26
Серпухов,54.933,37.467,2026-10-11T08:00,8.1,82,0.0,1022.8,3.98,245,97,2026-09-26
Серпухов,54.933,37.467,2026-10-11T09:00,9.1,75,0.0,1022.3,4.35,247,100,2026-09-26
Серпухов,54.933,37.467,2026-10-11T10:00,9.9,68,0.0,1021.9,4.55,251,100,2026-09-26
Серпухов,54.933,37.467,2026-10-11T11:00,10.7,61,0.0,1021.5,4.78,254,100,2026-09-26
Серпухов,54.933,37.467,2026-10-11T12:00,11.1,58,0.0,1021.1,4.95,256,100,2026-09-26
Серпухов,54.933,37.467,2026-10-11T13:00,10.9,60,0.0,1020.5,5.03,253,100,2026-09-26
Серпухов,54.933,37.467,2026-10-11T14:00,10.3,65,0.0,1020.0,5.16,248,100,2026-09-26
Серпухов,54.933,37.467,2026-10-11T15:00,9.9,70,0.0,1019.5,5.24,246,100,2026-09-26
Серпухов,54.933,37.467,2026-10-11T16:00,9.8,72,0.0,1019.3,5.19,251,100,2026-09-26
Серпухов,54.933,37.467,2026-10-11T17:00,9.9,74,0.0,1019.2,5.2,259,100,2026-09-26
Серпухов,54.933,37.467,2026-10-11T18:00,10.0,76,0.0,1019.2,5.12,266,100,2026-09-26
Серпухов,54.933,37.467,2026-10-11T19:00,10.0,79,0.0,1019.2,4.8,268,99,2026-09-26
Серпухов,54.933,37.467,2026-10-11T20:00,9.9,81,0.0,1019.2,4.4,267,97,2026-09-26
Серпухов,54.933,37.467,2026-10-11T21:00,9.9,84,0.0,1019.2,4.1,267,96,2026-09-26
Серпухов,54.933,37.467,2026-10-11T22:00,9.8,86,0.0,1019.3,3.9,269,97,2026-09-26
Серпухов,54.933,37.467,2026-10-11T23:00,9.8,89,0.0,1019.4,3.9,270,100,2026-09-26
Коломна,55.133,38.733,2026-09-26T00:00,9.9,98,0.0,1028.2,1.35,132,100,2026-09-26
Коломна,55.133,38.733,2026-09-26T01:00,9.9,99,0.0,1027.8,1.56,130,99,2026-09-26
Коломна,55.133,38.733,2026-09-26T02:00,10.0,99,0.0,1028.0,1.7,140,100,2026-09-26
Коломна,55.133,38.733,2026-09-26T03:00,9.3,98,0.0,1028.5,1.41,135,83,2026-09-26
Коломна,55.133,38.733,2026-09-26T04:00,9.2,98,0.0,1028.7,1.35,138,86,2026-09-26
Коломна,55.133,38.733,2026-09-26T05:00,8.9,98,0.0,1028.6,1.39,150,93,2026-09-26
Коломна,55.133,38.733,2026-09-26T06:00,9.1,98,0.0,1029.1,1.61,150,97,2026-09-26
Коломна,55.133,38.733,2026-09-26T07:00,8.9,99,0.0,1029.3,1.53,148,97,2026-09-26
Коломна,55.133,38.733,2026-09-26T08:00,9.0,100,0.0,1029.6,1.56,135,99,2026-09-26
Коломна,55.133,38.733,2026-09-26T09:00,9.6,100,0.0,1030.1,1.22,125,100,2026-09-26
Коломна,55.133,38.733,2026-09-26T10:00,10.2,99,0.0,1030.2,1.06,131,95,2026-09-26
Коломна,55.133,38.733,2026-09-26T11:00,11.4,92,0.0,1029.9,1.27,135,92,2026-09-26
Коломна,55.133,38.733,2026-09-26T12:00,13.3,84,0.0,1029.8,1.43,115,96,2026-09-26
Коломна,55.133,38.733,2026-09-26T13:00,14.2,79,0.0,1029.8,1.36,126,99,2026-09-26
Коломна,55.133,38.733,2026-09-26T14:00,14.8,73,0.0,1029.3,1.3,122,99,2026-09-26
Коломна,55.133,38.733,2026-09-26T15:00,14.8,78,0.0,1030.1,1.71,97,54,2026-09-26
Коломна,55.133,38.733,2026-09-26T16:00,14.6,76,0.0,1029.6,1.44,124,98,2026-09-26
Коломна,55.133,38.733,2026-09-26T17:00,14.0,81,0.0,1029.2,1.22,125,100,2026-09-26
Коломна,55.133,38.733,2026-09-26T18:00,12.7,89,0.0,1029.0,1.04,107,100,2026-09-26
Коломна,55.133,38.733,2026-09-26T19:00,11.5,90,0.0,1029.2,1.04,107,56,2026-09-26
Коломна,55.133,38.733,2026-09-26T20:00,10.7,90,0.0,1029.5,1.17,121,88,2026-09-26
Коломна,55.133,38.733,2026-09-26T21:00,10.3,90,0.0,1029.6,1.06,131,97,2026-09-26
Коломна,55.133,38.733,2026-09-26T22:00,10.1,90,0.0,1029.9,0.99,135,89,2026-09-26
Коломна,55.133,38.733,2026-09-26T23:00,10.0,89,0.0,1030.2,1.14,142,69,2026-09-26
Коломна,55.133,38.733,2026-09-27T00:00,9.7,89,0.0,1030.4,1.14,142,25,2026-09-26
Коломна,55.133,38.733,2026-09-27T01:00,9.3,89,0.0,1030.1,1.17,149,0,2026-09-26
Коломна,55.133,38.733,2026-09-27T02:00,9.1,88,0.0,1030.1,1.17,160,0,2026-09-26
Коломна,55.133,38.733,2026-09-27T03:00,8.8,88,0.0,1030.0,1.12,170,2,2026-09-26
Коломна,55.133,38.733,2026-09-27T04:00,8.6,87,0.0,1030.2,1.02,169,29,2026-09-26
Коломна,55.133,38.733,2026-09-27T05:00,8.4,87,0.0,1030.5,1.0,174,27,2026-09-26
Коломна,55.133,38.733,2026-09-27T06:00,8.3,86,0.0,1030.5,1.1,175,35,2026-09-26
Коломна,55.133,38.733,2026-09-27T07:00,8.4,86,0.0,1030.6,1.12,170,100,2026-09-26
Коломна,55.133,38.733,2026-09-27T08:00,9.7,87,0.0,1030.5,1.04,163,100,2026-09-26
Коломна,55.133,38.733,2026-09-27T09:00,11.7,82,0.0,1030.5,1.24,166,100,2026-09-26
Коломна,55.133,38.733,2026-09-27T10:00,13.0,76,0.0,1030.3,1.8,177,100,2026-09-26
Коломна,55.133,38.733,2026-09-27T11:00,14.3,71,0.0,1030.4,2.0,183,100,2026-09-26
Коломна,55.133,38.733,2026-09-27T12:00,15.4,68,0.0,1030.2,2.1,183,95,2026-09-26
Коломна,55.133,38.733,2026-09-27T13:00,16.0,66,0.0,1030.4,2.1,180,99,2026-09-26
Коломна,55.133,38.733,2026-09-27T14:00,16.3,65,0.0,1030.3,2.3,180,97,2026-09-26
Коломна,55.133,38.733,2026-09-27T15:00,16.4,62,0.0,1030.2,2.1,180,98,2026-09-26
Коломна,55.133,38.733,2026-09-27T16:00,15.9,66,0.0,1030.1,1.6,180,100,2026-09-26
Коломна,55.133,38.733,2026-09-27T17:00,15.0,74,0.0,1030.0,1.43,168,100,2026-09-26
Коломна,55.133,38.733,2026-09-27T18:00,13.8,79,0.0,1029.8,1.17,160,100,2026-09-26
Коломна,55.133,38.733,2026-09-27T19:00,12.9,81,0.0,1029.8,1.04,163,100,2026-09-26
Коломна,55.133,38.733,2026-09-27T20:00,12.4,81,0.0,1030.0,1.02,169,100,2026-09-26
Коломна,55.133,38.733,2026-09-27T21:00,12.2,80,0.0,1030.2,0.7,180,100,2026-09-26
Коломна,55.133,38.733,2026-09-27T22:00,12.1,79,0.0,1030.4,0.61,189,100,2026-09-26
Коломна,55.133,38.733,2026-09-27T23:00,11.7,79,0.0,1030.4,0.5,180,100,2026-09-26
Коломна,55.133,38.733,2026-09-28T00:00,11.3,80,0.0,1030.5,0.92,131,100,2026-09-26
Коломна,55.133,38.733,2026-09-28T01:00,11.1,81,0.0,1030.8,0.78,140,100,2026-09-26
Коломна,55.133,38.733,2026-09-28T02:00,10.9,81,0.0,1030.9,0.64,141,100,2026-09-26
Коломна,55.133,38.733,2026-09-28T03:00,10.7,82,0.0,1031.1,0.22,207,100,2026-09-26
Коломна,55.133,38.733,2026-09-28T04:00,10.3,83,0.0,1031.3,0.41,194,100,2026-09-26
Коломна,55.133,38.733,2026-09-28T05:00,10.0,85,0.0,1031.4,0.28,225,100,2026-09-26
Коломна,55.133,38.733,2026-09-28T06:00,9.5,88,0.0,1031.3,0.5,323,100,2026-09-26
Коломна,55.133,38.733,2026-09-28T07:00,9.0,91,0.0,1031.4,0.28,315,54,2026-09-26
Коломна,55.133,38.733,2026-09-28T08:00,9.7,92,0.0,1031.7,0.45,297,4,2026-09-26
Коломна,55.133,38.733,2026-09-28T09:00,12.0,86,0.0,1032.0,0.4,360,5,2026-09-26
Коломна,55.133,38.733,2026-09-28T10:00,13.9,78,0.0,1032.3,0.5,360,20,2026-09-26
Коломна,55.133,38.733,2026-09-28T11:00,15.3,71,0.0,1032.4,1.0,354,34,2026-09-26
Коломна,55.133,38.733,2026-09-28T12:00,16.2,67,0.0,1032.3,1.1,360,54,2026-09-26
Коломна,55.133,38.733,2026-09-28T13:00,16.7,65,0.0,1032.1,1.75,347,60,2026-09-26
Коломна,55.133,38.733,2026-09-28T14:00,16.9,63,0.0,1031.7,1.92,351,70,2026-09-26
Коломна,55.133,38.733,2026-09-28T15:00,16.8,62,0.0,1031.6,2.0,360,58,2026-09-26
Коломна,55.133,38.733,2026-09-28T16:00,16.2,65,0.0,1031.5,2.3,358,73,2026-09-26
Коломна,55.133,38.733,2026-09-28T17:00,15.0,77,0.0,1032.0,2.3,358,80,2026-09-26
Коломна,55.133,38.733,2026-09-28T18:00,13.9,87,0.0,1032.5,1.4,356,80,2026-09-26
Коломна,55.133,38.733,2026-09-28T19:00,12.9,91,0.0,1032.7,1.22,351,82,2026-09-26
Коломна,55.133,38.733,2026-09-28T20:00,12.0,93,0.0,1032.8,1.1,360,68,2026-09-26
Коломна,55.133,38.733,2026-09-28T21:00,11.6,93,0.0,1032.9,0.91,354,75,2026-09-26
Коломна,55.133,38.733,2026-09-28T22:00,11.3,93,0.0,1033.1,1.02,349,61,2026-09-26
Коломна,55.133,38.733,2026-09-28T23:00,10.9,94,0.0,1033.4,1.2,355,68,2026-09-26
Коломна,55.133,38.733,2026-09-29T00:00,10.4,96,0.0,1033.6,1.2,360,58,2026-09-26
Коломна,55.133,38.733,2026-09-29T01:00,9.8,96,0.0,1033.8,1.0,360,49,2026-09-26
Коломна,55.133,38.733,2026-09-29T02:00,9.4,97,0.0,1034.0,1.12,350,53,2026-09-26
Коломна,55.133,38.733,2026-09-29T03:00,9.0,97,0.0,1034.4,1.32,351,58,2026-09-26
Коломна,55.133,38.733,2026-09-29T04:00,8.4,96,0.0,1034.7,1.24,346,59,2026-09-26
Коломна,55.133,38.733,2026-09-29T05:00,8.0,96,0.0,1034.9,1.14,345,56,2026-09-26
Коломна,55.133,38.733,2026-09-29T06:00,7.6,95,0.0,1034.9,1.04,343,51,2026-09-26
Коломна,55.133,38.733,2026-09-29T07:00,7.1,96,0.0,1035.1,1.24,346,14,2026-09-26
Коломна,55.133,38.733,2026-09-29T08:00,8.3,94,0.0,1035.3,1.32,351,3,2026-09-26
Коломна,55.133,38.733,2026-09-29T09:00,10.1,84,0.0,1035.6,2.0,360,0,2026-09-26
Коломна,55.133,38.733,2026-09-29T10:00,12.0,76,0.0,1035.7,2.32,7,3,2026-09-26
Коломна,55.133,38.733,2026-09-29T11:00,13.6,67,0.0,1035.4,2.63,9,23,2026-09-26
Коломна,55.133,38.733,2026-09-29T12:00,14.6,60,0.0,1035.2,2.67,13,24,2026-09-26
Коломна,55.133,38.733,2026-09-29T13:00,15.3,56,0.0,1034.9,2.62,7,20,2026-09-26
Коломна,55.133,38.733,2026-09-29T14:00,15.7,55,0.0,1034.6,2.6,358,12,2026-09-26
Коломна,55.133,38.733,2026-09-29T15:00,15.7,53,0.0,1034.4,2.5,358,13,2026-09-26
Коломна,55.133,38.733,2026-09-29T16:00,15.3,56,0.0,1034.1,2.3,358,9,2026-09-26
Коломна,55.133,38.733,2026-09-29T17:00,14.3,67,0.0,1034.2,1.51,352,2,2026-09-26
Коломна,55.133,38.733,2026-09-29T18:00,12.4,75,0.0,1034.4,1.08,338,0,2026-09-26
Коломна,55.133,38.733,2026-09-29T19:00,11.0,81,0.0,1034.5,1.17,329,0,2026-09-26
Коломна,55.133,38.733,2026-09-29T20:00,10.1,84,0.0,1034.7,0.92,311,0,2026-09-26
Коломна,55.133,38.733,2026-09-29T21:00,9.4,84,0.0,1035.0,1.0,307,2,2026-09-26
Коломна,55.133,38.733,2026-09-29T22:00,8.8,84,0.0,1035.1,1.03,299,35,2026-09-26
Коломна,55.133,38.733,2026-09-29T23:00,8.5,84,0.0,1035.2,0.98,294,67,2026-09-26
Коломна,55.133,38.733,2026-09-30T00:00,8.3,84,0.0,1035.3,0.95,288,100,2026-09-26
Коломна,55.133,38.733,2026-09-30T01:00,8.3,86,0.0,1035.3,0.98,294,96,2026-09-26
Коломна,55.133,38.733,2026-09-30T02:00,8.3,88,0.0,1035.3,1.12,297,92,2026-09-26
Коломна,55.133,38.733,2026-09-30T03:00,8.2,90,0.0,1035.3,1.12,297,88,2026-09-26
Коломна,55.133,38.733,2026-09-30T04:00,7.8,91,0.0,1035.3,1.04,287,69,2026-09-26
Коломна,55.133,38.733,2026-09-30T05:00,7.2,92,0.0,1035.2,1.0,276,50,2026-09-26
Коломна,55.133,38.733,2026-09-30T06:00,7.1,92,0.0,1035.2,1.0,270,31,2026-09-26
Коломна,55.133,38.733,2026-09-30T07:00,8.0,90,0.0,1035.4,1.12,280,21,2026-09-26
Коломна,55.133,38.733,2026-09-30T08:00,9.4,87,0.0,1035.6,1.3,293,10,2026-09-26
Коломна,55.133,38.733,2026-09-30T09:00,10.9,83,0.0,1035.7,1.58,305,0,2026-09-26
Коломна,55.133,38.733,2026-09-30T10:00,12.5,77,0.0,1035.7,1.98,315,7,2026-09-26
Коломна,55.133,38.733,2026-09-30T11:00,14.3,70,0.0,1035.5,2.56,321,15,2026-09-26
Коломна,55.133,38.733,2026-09-30T12:00,15.6,65,0.0,1035.3,2.97,327,22,2026-09-26
Коломна,55.133,38.733,2026-09-30T13:00,16.3,62,0.0,1034.9,3.18,332,25,2026-09-26
Коломна,55.133,38.733,2026-09-30T14:00,16.6,60,0.0,1034.5,3.14,338,27,2026-09-26
Коломна,55.133,38.733,2026-09-30T15:00,16.5,61,0.0,1034.1,3.01,339,30,2026-09-26
Коломна,55.133,38.733,2026-09-30T16:00,15.8,67,0.0,1033.8,2.68,333,34,2026-09-26
Коломна,55.133,38.733,2026-09-30T17:00,14.7,75,0.0,1033.6,2.14,323,39,2026-09-26
Коломна,55.133,38.733,2026-09-30T18:00,13.5,82,0.0,1033.6,1.91,313,43,2026-09-26
Коломна,55.133,38.733,2026-09-30T19:00,12.4,86,0.0,1033.9,1.77,317,34,2026-09-26
Коломна,55.133,38.733,2026-09-30T20:00,11.3,90,0.0,1034.4,1.75,329,25,2026-09-26
Коломна,55.133,38.733,2026-09-30T21:00,10.2,92,0.0,1034.8,1.84,338,16,2026-09-26
Коломна,55.133,38.733,2026-09-30T22:00,9.4,93,0.0,1035.1,1.8,341,18,2026-09-26
Коломна,55.133,38.733,2026-09-30T23:00,8.6,94,0.0,1035.4,1.65,346,21,2026-09-26
Коломна,55.133,38.733,2026-10-01T00:00,8.0,94,0.0,1035.6,1.55,345,23,2026-09-26
Коломна,55.133,38.733,2026-10-01T01:00,7.4,94,0.0,1035.7,1.46,344,32,2026-09-26
Коломна,55.133,38.733,2026-10-01T02:00,6.9,94,0.0,1035.7,1.39,339,42,2026-09-26
Коломна,55.133,38.733,2026-10-01T03:00,6.4,94,0.0,1035.8,1.34,333,51,2026-09-26
Коломна,55.133,38.733,2026-10-01T04:00,5.9,95,0.0,1035.9,1.39,330,55,2026-09-26
Коломна,55.133,38.733,2026-10-01T05:00,5.4,96,0.0,1036.1,1.44,326,59,2026-09-26
Коломна,55.133,38.733,2026-10-01T06:00,5.4,96,0.0,1036.3,1.53,328,63,2026-09-26
Коломна,55.133,38.733,2026-10-01T07:00,5.9,95,0.0,1036.7,1.75,336,71,2026-09-26
Коломна,55.133,38.733,2026-10-01T08:00,6.9,92,0.0,1037.3,1.99,342,79,2026-09-26
Коломна,55.133,38.733,2026-10-01T09:00,8.2,88,0.0,1037.6,2.35,348,87,2026-09-26
Коломна,55.133,38.733,2026-10-01T10:00,9.8,80,0.0,1037.6,2.82,354,77,2026-09-26
Коломна,55.133,38.733,2026-10-01T11:00,11.7,69,0.0,1037.4,3.3,360,67,2026-09-26
Коломна,55.133,38.733,2026-10-01T12:00,13.2,61,0.0,1037.2,3.6,2,57,2026-09-26
Коломна,55.133,38.733,2026-10-01T13:00,13.8,56,0.0,1036.9,3.7,270,58,2026-09-26
Коломна,55.133,38.733,2026-10-01T14:00,14.1,53,0.0,1036.6,3.65,358,60,2026-09-26
Коломна,55.133,38.733,2026-10-01T15:00,14.0,52,0.0,1036.3,3.51,355,63,2026-09-26
Коломна,55.133,38.733,2026-10-01T16:00,13.2,56,0.0,1036.2,3.03,352,52,2026-09-26
Коломна,55.133,38.733,2026-10-01T17:00,11.9,63,0.0,1036.2,2.26,347,40,2026-09-26
Коломна,55.133,38.733,2026-10-01T18:00,10.6,70,0.0,1036.3,1.8,341,29,2026-09-26
Коломна,55.133,38.733,2026-10-01T19:00,9.3,77,0.0,1036.6,1.62,338,24,2026-09-26
Коломна,55.133,38.733,2026-10-01T20:00,8.0,83,0.0,1036.9,1.58,342,19,2026-09-26
Коломна,55.133,38.733,2026-10-01T21:00,7.0,88,0.0,1037.2,1.58,342,14,2026-09-26
Коломна,55.133,38.733,2026-10-01T22:00,6.3,90,0.0,1037.3,1.43,335,28,2026-09-26
Коломна,55.133,38.733,2026-10-01T23:00,5.9,91,0.0,1037.3,1.39,330,41,2026-09-26
Коломна,55.133,38.733,2026-10-02T00:00,5.5,92,0.0,1037.3,1.28,321,55,2026-09-26
Коломна,55.133,38.733,2026-10-02T01:00,5.2,93,0.0,1037.2,1.2,318,63,2026-09-26
Коломна,55.133,38.733,2026-10-02T02:00,4.9,93,0.0,1037.1,1.27,315,71,2026-09-26
Коломна,55.133,38.733,2026-10-02T03:00,4.7,94,0.0,1036.9,1.2,312,79,2026-09-26
Коломна,55.133,38.733,2026-10-02T04:00,4.4,95,0.0,1036.7,1.22,305,81,2026-09-26
Коломна,55.133,38.733,2026-10-02T05:00,4.1,96,0.0,1036.6,1.25,299,82,2026-09-26
Коломна,55.133,38.733,2026-10-02T06:00,4.2,95,0.0,1036.4,1.34,297,84,2026-09-26
Коломна,55.133,38.733,2026-10-02T07:00,5.1,93,0.0,1036.3,1.57,297,82,2026-09-26
Коломна,55.133,38.733,2026-10-02T08:00,6.5,89,0.0,1036.3,1.97,300,81,2026-09-26
Коломна,55.133,38.733,2026-10-02T09:00,8.0,85,0.0,1036.1,2.25,302,79,2026-09-26
Коломна,55.133,38.733,2026-10-02T10:00,9.7,80,0.0,1035.7,2.61,302,81,2026-09-26
Коломна,55.133,38.733,2026-10-02T11:00,11.5,74,0.0,1035.1,2.88,304,82,2026-09-26
Коломна,55.133,38.733,2026-10-02T12:00,12.9,69,0.0,1034.5,3.22,306,84,2026-09-26
Коломна,55.133,38.733,2026-10-02T13:00,13.7,64,0.0,1033.8,3.54,313,85,2026-09-26
Коломна,55.133,38.733,2026-10-02T14:00,14.1,60,0.0,1033.1,3.91,320,85,2026-09-26
Коломна,55.133,38.733,2026-10-02T15:00,14.1,58,0.0,1032.6,3.88,325,86,2026-09-26
Коломна,55.133,38.733,2026-10-02T16:00,13.7,60,0.0,1032.4,3.28,329,90,2026-09-26
Коломна,55.133,38.733,2026-10-02T17:00,12.9,64,0.0,1032.3,2.37,332,93,2026-09-26
Коломна,55.133,38.733,2026-10-02T18:00,12.1,69,0.0,1032.3,1.71,339,97,2026-09-26
Коломна,55.133,38.733,2026-10-02T19:00,11.4,74,0.1,1032.3,1.46,344,98,2026-09-26
Коломна,55.133,38.733,2026-10-02T20:00,10.9,80,0.1,1032.3,1.33,347,99,2026-09-26
Коломна,55.133,38.733,2026-10-02T21:00,10.4,85,0.1,1032.3,1.32,351,100,2026-09-26
Коломна,55.133,38.733,2026-10-02T22:00,10.1,89,0.1,1032.4,1.3,4,99,2026-09-26
Коломна,55.133,38.733,2026-10-02T23:00,9.9,93,0.1,1032.5,1.46,16,98,2026-09-26
Коломна,55.133,38.733,2026-10-03T00:00,9.7,95,0.1,1032.7,1.57,27,97,2026-09-26
Коломна,55.133,38.733,2026-10-03T01:00,9.4,96,0.0,1032.9,1.53,32,98,2026-09-26
Коломна,55.133,38.733,2026-10-03T02:00,9.1,96,0.0,1033.1,1.36,36,98,2026-09-26
Коломна,55.133,38.733,2026-10-03T03:00,8.8,96,0.0,1033.4,1.28,39,99,2026-09-26
Коломна,55.133,38.733,2026-10-03T04:00,8.2,97,0.0,1033.7,1.28,39,90,2026-09-26
Коломна,55.133,38.733,2026-10-03T05:00,7.4,97,0.0,1033.9,1.36,36,80,2026-09-26
Коломна,55.133,38.733,2026-10-03T06:00,7.0,97,0.0,1034.3,1.42,39,71,2026-09-26
Коломна,55.133,38.733,2026-10-03T07:00,6.9,97,0.0,1034.8,1.64,52,76,2026-09-26
Коломна,55.133,38.733,2026-10-03T08:00,7.0,96,0.0,1035.4,1.97,66,81,2026-09-26
Коломна,55.133,38.733,2026-10-03T09:00,7.4,92,0.0,1035.8,2.25,69,86,2026-09-26
Коломна,55.133,38.733,2026-10-03T10:00,8.2,83,0.0,1036.0,2.33,65,85,2026-09-26
Коломна,55.133,38.733,2026-10-03T11:00,9.3,72,0.0,1036.0,2.3,56,85,2026-09-26
Коломна,55.133,38.733,2026-10-03T12:00,10.1,62,0.0,1036.0,2.33,47,84,2026-09-26
Коломна,55.133,38.733,2026-10-03T13:00,10.6,54,0.0,1035.8,2.56,39,56,2026-09-26
Коломна,55.133,38.733,2026-10-03T14:00,10.9,46,0.0,1035.5,2.78,30,28,2026-09-26
Коломна,55.133,38.733,2026-10-03T15:00,10.7,43,0.0,1035.4,2.82,27,0,2026-09-26
Коломна,55.133,38.733,2026-10-03T16:00,9.6,46,0.0,1035.5,2.37,28,0,2026-09-26
Коломна,55.133,38.733,2026-10-03T17:00,8.1,54,0.0,1035.8,1.61,30,0,2026-09-26
Коломна,55.133,38.733,2026-10-03T18:00,6.6,60,0.0,1036.0,1.14,38,0,2026-09-26
Коломна,55.133,38.733,2026-10-03T19:00,5.3,63,0.0,1036.2,1.0,53,0,2026-09-26
Коломна,55.133,38.733,2026-10-03T20:00,4.2,65,0.0,1036.4,1.12,63,0,2026-09-26
Коломна,55.133,38.733,2026-10-03T21:00,3.2,66,0.0,1036.6,1.17,70,0,2026-09-26
Коломна,55.133,38.733,2026-10-03T22:00,2.6,66,0.0,1036.8,1.02,79,0,2026-09-26
Коломна,55.133,38.733,2026-10-03T23:00,2.1,66,0.0,1036.9,0.81,83,0,2026-09-26
Коломна,55.133,38.733,2026-10-04T00:00,1.7,66,0.0,1037.0,0.6,90,0,2026-09-26
Коломна,55.133,38.733,2026-10-04T01:00,0.6,72,0.0,1037.0,0.53,123,0,2026-09-26
Коломна,55.133,38.733,2026-10-04T02:00,-0.3,78,0.0,1037.0,0.84,153,0,2026-09-26
Коломна,55.133,38.733,2026-10-04T03:00,-0.9,82,0.0,1036.8,1.32,196,1,2026-09-26
Коломна,55.133,38.733,2026-10-04T04:00,-0.9,86,0.0,1036.6,1.84,241,2,2026-09-26
Коломна,55.133,38.733,2026-10-04T05:00,-0.3,84,0.0,1036.5,1.84,241,4,2026-09-26
Коломна,55.133,38.733,2026-10-04T06:00,0.6,82,0.0,1036.5,1.75,239,6,2026-09-26
Коломна,55.133,38.733,2026-10-04T07:00,1.6,80,0.0,1036.4,1.66,237,7,2026-09-26
Коломна,55.133,38.733,2026-10-04T08:00,2.7,76,0.0,1036.2,1.55,237,9,2026-09-26
Коломна,55.133,38.733,2026-10-04T09:00,3.8,73,0.0,1035.9,1.6,238,9,2026-09-26
Коломна,55.133,38.733,2026-10-04T10:00,5.1,68,0.0,1035.5,1.72,240,8,2026-09-26
Коломна,55.133,38.733,2026-10-04T11:00,6.7,62,0.0,1034.9,1.92,245,7,2026-09-26
Коломна,55.133,38.733,2026-10-04T12:00,8.3,56,0.0,1034.2,2.14,249,5,2026-09-26
Коломна,55.133,38.733,2026-10-04T13:00,9.8,51,0.0,1033.6,2.37,252,3,2026-09-26
Коломна,55.133,38.733,2026-10-04T14:00,11.0,48,0.0,1032.9,2.61,253,2,2026-09-26
Коломна,55.133,38.733,2026-10-04T15:00,11.6,47,0.0,1032.4,2.77,253,1,2026-09-26
Коломна,55.133,38.733,2026-10-04T16:00,11.4,48,0.0,1032.0,2.85,252,1,2026-09-26
Коломна,55.133,38.733,2026-10-04T17:00,10.7,52,0.0,1031.6,2.9,249,2,2026-09-26
Коломна,55.133,38.733,2026-10-04T18:00,9.6,58,0.0,1031.2,2.93,245,3,2026-09-26
Коломна,55.133,38.733,2026-10-04T19:00,8.4,65,0.0,1030.9,2.95,242,4,2026-09-26
Коломна,55.133,38.733,2026-10-04T20:00,7.3,72,0.0,1030.6,3.03,239,5,2026-09-26
Коломна,55.133,38.733,2026-10-04T21:00,6.6,78,0.0,1030.2,3.08,238,5,2026-09-26
Коломна,55.133,38.733,2026-10-04T22:00,6.2,82,0.0,1029.8,3.12,238,5,2026-09-26
Коломна,55.133,38.733,2026-10-04T23:00,6.0,85,0.0,1029.4,3.18,240,4,2026-09-26
Коломна,55.133,38.733,2026-10-05T00:00,6.0,88,0.0,1028.9,3.29,242,3,2026-09-26
Коломна,55.133,38.733,2026-10-05T01:00,6.0,90,0.0,1028.5,3.33,244,2,2026-09-26
Коломна,55.133,38.733,2026-10-05T02:00,6.1,91,0.0,1028.1,3.4,246,1,2026-09-26
Коломна,55.133,38.733,2026-10-05T03:00,6.3,92,0.0,1027.7,3.43,247,0,2026-09-26
Коломна,55.133,38.733,2026-10-05T04:00,6.5,93,0.0,1027.3,3.45,246,0,2026-09-26
Коломна,55.133,38.733,2026-10-05T05:00,6.7,93,0.0,1027.0,3.42,245,0,2026-09-26
Коломна,55.133,38.733,2026-10-05T06:00,7.0,92,0.0,1026.7,3.42,243,0,2026-09-26
Коломна,55.133,38.733,2026-10-05T07:00,7.5,91,0.0,1026.4,3.42,241,0,2026-09-26
Коломна,55.133,38.733,2026-10-05T08:00,8.0,88,0.0,1026.0,3.42,241,0,2026-09-26
Коломна,55.133,38.733,2026-10-05T09:00,8.7,85,0.0,1025.6,3.49,243,1,2026-09-26
Коломна,55.133,38.733,2026-10-05T10:00,9.7,80,0.0,1025.0,3.63,247,13,2026-09-26
Коломна,55.133,38.733,2026-10-05T11:00,11.0,74,0.0,1024.4,3.88,255,30,2026-09-26
Коломна,55.133,38.733,2026-10-05T12:00,12.4,67,0.0,1023.7,4.29,262,50,2026-09-26
Коломна,55.133,38.733,2026-10-05T13:00,13.7,62,0.0,1023.0,4.65,268,69,2026-09-26
Коломна,55.133,38.733,2026-10-05T14:00,14.8,59,0.0,1022.4,4.95,271,86,2026-09-26
Коломна,55.133,38.733,2026-10-05T15:00,15.3,57,0.0,1021.9,5.06,273,98,2026-09-26
Коломна,55.133,38.733,2026-10-05T16:00,15.1,58,0.0,1021.6,4.85,272,100,2026-09-26
Коломна,55.133,38.733,2026-10-05T17:00,14.5,60,0.0,1021.3,4.4,270,100,2026-09-26
Коломна,55.133,38.733,2026-10-05T18:00,13.6,64,0.0,1021.2,3.86,266,100,2026-09-26
Коломна,55.133,38.733,2026-10-05T19:00,12.6,69,0.0,1021.0,3.31,259,100,2026-09-26
Коломна,55.133,38.733,2026-10-05T20:00,11.6,74,0.0,1020.9,2.89,252,100,2026-09-26
Коломна,55.133,38.733,2026-10-05T21:00,10.8,78,0.0,1020.7,2.67,247,99,2026-09-26
Коломна,55.133,38.733,2026-10-05T22:00,10.3,81,0.0,1020.5,2.59,245,99,2026-09-26
Коломна,55.133,38.733,2026-10-05T23:00,9.7,84,0.0,1020.2,2.57,246,100,2026-09-26
Коломна,55.133,38.733,2026-10-06T00:00,9.2,87,0.0,1019.9,2.63,249,100,2026-09-26
Коломна,55.133,38.733,2026-10-06T01:00,8.8,89,0.0,1019.6,2.74,252,100,2026-09-26
Коломна,55.133,38.733,2026-10-06T02:00,8.6,90,0.0,1019.4,2.85,255,100,2026-09-26
Коломна,55.133,38.733,2026-10-06T03:00,8.5,91,0.0,1019.2,2.92,257,100,2026-09-26
Коломна,55.133,38.733,2026-10-06T04:00,8.7,90,0.0,1019.1,2.96,258,99,2026-09-26
Коломна,55.133,38.733,2026-10-06T05:00,9.1,89,0.0,1019.0,2.99,260,96,2026-09-26
Коломна,55.133,38.733,2026-10-06T06:00,9.7,87,0.0,1019.0,3.03,261,94,2026-09-26
Коломна,55.133,38.733,2026-10-06T07:00,10.3,85,0.0,1018.9,3.08,263,91,2026-09-26
Коломна,55.133,38.733,2026-10-06T08:00,10.9,82,0.0,1018.8,3.17,264,90,2026-09-26
Коломна,55.133,38.733,2026-10-06T09:00,11.5,80,0.0,1018.6,3.27,263,89,2026-09-26
Коломна,55.133,38.733,2026-10-06T10:00,12.0,77,0.0,1018.3,3.49,262,91,2026-09-26
Коломна,55.133,38.733,2026-10-06T11:00,12.7,74,0.0,1017.9,3.77,259,95,2026-09-26
Коломна,55.133,38.733,2026-10-06T12:00,13.3,70,0.0,1017.4,4.1,257,100,2026-09-26
Коломна,55.133,38.733,2026-10-06T13:00,13.9,67,0.0,1017.0,4.4,255,100,2026-09-26
Коломна,55.133,38.733,2026-10-06T14:00,14.2,65,0.0,1016.5,4.64,254,100,2026-09-26
Коломна,55.133,38.733,2026-10-06T15:00,14.3,64,0.0,1016.2,4.73,252,100,2026-09-26
Коломна,55.133,38.733,2026-10-06T16:00,14.0,65,0.0,1016.0,4.65,251,87,2026-09-26
Коломна,55.133,38.733,2026-10-06T17:00,13.4,67,0.0,1015.8,4.48,250,67,2026-09-26
Коломна,55.133,38.733,2026-10-06T18:00,12.6,70,0.0,1015.6,4.18,249,44,2026-09-26
Коломна,55.133,38.733,2026-10-06T19:00,11.7,74,0.0,1015.5,3.9,247,23,2026-09-26
Коломна,55.133,38.733,2026-10-06T20:00,10.9,77,0.0,1015.3,3.67,246,6,2026-09-26
Коломна,55.133,38.733,2026-10-06T21:00,10.4,80,0.0,1015.1,3.49,245,0,2026-09-26
Коломна,55.133,38.733,2026-10-06T22:00,10.2,81,0.0,1014.8,3.42,243,6,2026-09-26
Коломна,55.133,38.733,2026-10-06T23:00,10.1,82,0.0,1014.5,3.4,242,22,2026-09-26
Коломна,55.133,38.733,2026-10-07T00:00,10.1,82,0.0,1014.1,3.42,241,44,2026-09-26
Коломна,55.133,38.733,2026-10-07T01:00,10.1,83,0.0,1013.7,3.47,240,67,2026-09-26
Коломна,55.133,38.733,2026-10-07T02:00,10.3,83,0.0,1013.4,3.5,239,87,2026-09-26
Коломна,55.133,38.733,2026-10-07T03:00,10.5,83,0.0,1013.1,3.55,238,100,2026-09-26
Коломна,55.133,38.733,2026-10-07T04:00,10.7,83,0.0,1012.9,3.61,236,100,2026-09-26
Коломна,55.133,38.733,2026-10-07T05:00,11.1,83,0.0,1012.7,3.65,234,100,2026-09-26
Коломна,55.133,38.733,2026-10-07T06:00,11.5,83,0.0,1012.5,3.71,233,100,2026-09-26
Коломна,55.133,38.733,2026-10-07T07:00,11.9,83,0.0,1012.4,3.84,231,100,2026-09-26
Коломна,55.133,38.733,2026-10-07T08:00,12.4,82,0.0,1012.2,3.91,231,100,2026-09-26
Коломна,55.133,38.733,2026-10-07T09:00,12.8,81,0.0,1012.1,4.07,233,99,2026-09-26
Коломна,55.133,38.733,2026-10-07T10:00,13.3,78,0.0,1011.9,4.3,237,99,2026-09-26
Коломна,55.133,38.733,2026-10-07T11:00,14.0,74,0.0,1011.7,4.65,242,100,2026-09-26
Коломна,55.133,38.733,2026-10-07T12:00,14.6,69,0.0,1011.5,5.11,247,100,2026-09-26
Коломна,55.133,38.733,2026-10-07T13:00,15.1,65,0.0,1011.3,5.55,251,100,2026-09-26
Коломна,55.133,38.733,2026-10-07T14:00,15.5,62,0.0,1011.2,5.87,254,100,2026-09-26
Коломна,55.133,38.733,2026-10-07T15:00,15.6,61,0.0,1011.2,6.03,256,100,2026-09-26
Коломна,55.133,38.733,2026-10-07T16:00,15.3,61,0.0,1011.3,5.92,256,100,2026-09-26
Коломна,55.133,38.733,2026-10-07T17:00,14.7,63,0.0,1011.5,5.61,256,99,2026-09-26
Коломна,55.133,38.733,2026-10-07T18:00,13.9,65,0.0,1011.7,5.23,255,99,2026-09-26
Коломна,55.133,38.733,2026-10-07T19:00,13.1,68,0.0,1012.0,4.75,253,98,2026-09-26
Коломна,55.133,38.733,2026-10-07T20:00,12.3,71,0.0,1012.3,4.3,252,96,2026-09-26
Коломна,55.133,38.733,2026-10-07T21:00,11.7,74,0.0,1012.5,4.02,251,92,2026-09-26
Коломна,55.133,38.733,2026-10-07T22:00,11.2,77,0.0,1012.7,3.81,251,86,2026-09-26
Коломна,55.133,38.733,2026-10-07T23:00,10.6,80,0.0,1012.8,3.64,252,77,2026-09-26
Коломна,55.133,38.733,2026-10-08T00:00,10.2,83,0.0,1013.0,3.51,253,67,2026-09-26
Коломна,55.133,38.733,2026-10-08T01:00,9.8,86,0.0,1013.1,3.4,253,58,2026-09-26
Коломна,55.133,38.733,2026-10-08T02:00,9.5,89,0.0,1013.2,3.3,252,51,2026-09-26
Коломна,55.133,38.733,2026-10-08T03:00,9.3,91,0.0,1013.4,3.18,251,48,2026-09-26
Коломна,55.133,38.733,2026-10-08T04:00,9.3,92,0.0,1013.6,3.0,246,50,2026-09-26
Коломна,55.133,38.733,2026-10-08T05:00,9.3,93,0.0,1013.9,2.82,240,58,2026-09-26
Коломна,55.133,38.733,2026-10-08T06:00,9.5,93,0.0,1014.2,2.7,231,67,2026-09-26
Коломна,55.133,38.733,2026-10-08T07:00,9.7,92,0.0,1014.5,2.69,222,76,2026-09-26
Коломна,55.133,38.733,2026-10-08T08:00,10.1,90,0.0,1014.7,2.76,215,82,2026-09-26
Коломна,55.133,38.733,2026-10-08T09:00,10.7,87,0.0,1014.7,2.92,211,82,2026-09-26
Коломна,55.133,38.733,2026-10-08T10:00,11.7,81,0.0,1014.5,3.14,211,74,2026-09-26
Коломна,55.133,38.733,2026-10-08T11:00,13.0,74,0.0,1014.2,3.46,211,60,2026-09-26
Коломна,55.133,38.733,2026-10-08T12:00,14.6,67,0.0,1013.8,3.81,214,43,2026-09-26
Коломна,55.133,38.733,2026-10-08T13:00,16.0,61,0.0,1013.4,4.15,216,26,2026-09-26
Коломна,55.133,38.733,2026-10-08T14:00,17.0,57,0.0,1013.0,4.46,217,10,2026-09-26
Коломна,55.133,38.733,2026-10-08T15:00,17.5,55,0.0,1012.8,4.57,217,0,2026-09-26
Коломна,55.133,38.733,2026-10-08T16:00,17.2,55,0.0,1012.7,4.55,216,0,2026-09-26
Коломна,55.133,38.733,2026-10-08T17:00,16.3,58,0.0,1012.7,4.38,212,0,2026-09-26
Коломна,55.133,38.733,2026-10-08T18:00,15.1,62,0.0,1012.7,4.23,209,0,2026-09-26
Коломна,55.133,38.733,2026-10-08T19:00,13.7,68,0.0,1012.7,4.01,204,0,2026-09-26
Коломна,55.133,38.733,2026-10-08T20:00,12.5,73,0.0,1012.8,3.89,200,0,2026-09-26
Коломна,55.133,38.733,2026-10-08T21:00,11.6,77,0.0,1012.8,3.76,197,0,2026-09-26
Коломна,55.133,38.733,2026-10-08T22:00,11.0,81,0.0,1012.8,3.72,195,3,2026-09-26
Коломна,55.133,38.733,2026-10-08T23:00,10.6,83,0.0,1012.7,3.66,194,7,2026-09-26
Коломна,55.133,38.733,2026-10-09T00:00,10.2,86,0.0,1012.7,3.65,193,12,2026-09-26
Коломна,55.133,38.733,2026-10-09T01:00,9.9,88,0.0,1012.7,3.6,194,18,2026-09-26
Коломна,55.133,38.733,2026-10-09T02:00,9.8,90,0.0,1012.6,3.59,193,24,2026-09-26
Коломна,55.133,38.733,2026-10-09T03:00,9.7,91,0.0,1012.6,3.58,192,32,2026-09-26
Коломна,55.133,38.733,2026-10-09T04:00,9.8,92,0.0,1012.6,3.56,191,42,2026-09-26
Коломна,55.133,38.733,2026-10-09T05:00,10.0,92,0.0,1012.6,3.48,187,55,2026-09-26
Коломна,55.133,38.733,2026-10-09T06:00,10.3,91,0.0,1012.5,3.41,185,68,2026-09-26
Коломна,55.133,38.733,2026-10-09T07:00,10.7,89,0.0,1012.5,3.4,183,81,2026-09-26
Коломна,55.133,38.733,2026-10-09T08:00,11.1,87,0.0,1012.5,3.45,181,92,2026-09-26
Коломна,55.133,38.733,2026-10-09T09:00,11.7,83,0.0,1012.4,3.55,181,98,2026-09-26
Коломна,55.133,38.733,2026-10-09T10:00,12.6,77,0.0,1012.3,3.75,182,100,2026-09-26
Коломна,55.133,38.733,2026-10-09T11:00,13.7,71,0.0,1012.1,4.07,185,98,2026-09-26
Коломна,55.133,38.733,2026-10-09T12:00,14.9,63,0.0,1011.9,4.44,188,94,2026-09-26
Коломна,55.133,38.733,2026-10-09T13:00,16.0,57,0.0,1011.8,4.83,190,89,2026-09-26
Коломна,55.133,38.733,2026-10-09T14:00,16.8,52,0.0,1011.6,5.11,192,82,2026-09-26
Коломна,55.133,38.733,2026-10-09T15:00,17.2,49,0.0,1011.6,5.24,193,75,2026-09-26
Коломна,55.133,38.733,2026-10-09T16:00,16.9,48,0.0,1011.6,5.2,194,66,2026-09-26
Коломна,55.133,38.733,2026-10-09T17:00,16.1,49,0.0,1011.8,5.02,195,54,2026-09-26
Коломна,55.133,38.733,2026-10-09T18:00,15.1,49,0.0,1011.9,4.77,195,40,2026-09-26
Коломна,55.133,38.733,2026-10-09T19:00,13.9,51,0.0,1012.1,4.48,196,28,2026-09-26
Коломна,55.133,38.733,2026-10-09T20:00,12.8,53,0.0,1012.3,4.18,197,19,2026-09-26
Коломна,55.133,38.733,2026-10-09T21:00,12.0,55,0.0,1012.4,3.95,198,16,2026-09-26
Коломна,55.133,38.733,2026-10-09T22:00,11.3,58,0.0,1012.5,3.83,200,20,2026-09-26
Коломна,55.133,38.733,2026-10-09T23:00,10.6,61,0.0,1012.5,3.72,202,30,2026-09-26
Коломна,55.133,38.733,2026-10-10T00:00,10.1,65,0.0,1012.6,3.62,204,43,2026-09-26
Коломна,55.133,38.733,2026-10-10T01:00,9.6,69,0.0,1012.6,3.58,207,57,2026-09-26
Коломна,55.133,38.733,2026-10-10T02:00,9.2,73,0.0,1012.7,3.47,210,69,2026-09-26
Коломна,55.133,38.733,2026-10-10T03:00,9.0,77,0.0,1012.9,3.38,214,78,2026-09-26
Коломна,55.133,38.733,2026-10-10T04:00,9.0,80,0.0,1013.2,3.3,221,83,2026-09-26
Коломна,55.133,38.733,2026-10-10T05:00,9.1,83,0.0,1013.5,3.29,228,85,2026-09-26
Коломна,55.133,38.733,2026-10-10T06:00,9.4,85,0.0,1013.9,3.31,236,86,2026-09-26
Коломна,55.133,38.733,2026-10-10T07:00,9.8,87,0.0,1014.3,3.38,245,86,2026-09-26
Коломна,55.133,38.733,2026-10-10T08:00,10.1,87,0.0,1014.7,3.53,252,86,2026-09-26
Коломна,55.133,38.733,2026-10-10T09:00,10.4,87,0.0,1015.1,3.63,258,87,2026-09-26
Коломна,55.133,38.733,2026-10-10T10:00,10.7,83,0.0,1015.5,3.72,264,89,2026-09-26
Коломна,55.133,38.733,2026-10-10T11:00,11.0,78,0.0,1015.9,3.8,269,91,2026-09-26
Коломна,55.133,38.733,2026-10-10T12:00,11.4,72,0.0,1016.3,3.91,274,93,2026-09-26
Коломна,55.133,38.733,2026-10-10T13:00,11.7,67,0.0,1016.8,3.95,279,94,2026-09-26
Коломна,55.133,38.733,2026-10-10T14:00,11.8,63,0.0,1017.2,3.94,282,94,2026-09-26
Коломна,55.133,38.733,2026-10-10T15:00,11.6,61,0.0,1017.6,3.89,286,92,2026-09-26
Коломна,55.133,38.733,2026-10-10T16:00,11.1,61,0.0,1018.0,3.73,288,88,2026-09-26
Коломна,55.133,38.733,2026-10-10T17:00,10.4,63,0.0,1018.5,3.4,290,81,2026-09-26
Коломна,55.133,38.733,2026-10-10T18:00,9.4,66,0.0,1018.9,3.05,291,73,2026-09-26
Коломна,55.133,38.733,2026-10-10T19:00,8.4,69,0.0,1019.3,2.67,293,65,2026-09-26
Коломна,55.133,38.733,2026-10-10T20:00,7.5,73,0.0,1019.7,2.33,295,56,2026-09-26
Коломна,55.133,38.733,2026-10-10T21:00,6.6,75,0.0,1020.1,2.04,298,48,2026-09-26
Коломна,55.133,38.733,2026-10-10T22:00,5.9,78,0.0,1020.4,1.86,301,40,2026-09-26
Коломна,55.133,38.733,2026-10-10T23:00,5.2,80,0.0,1020.7,1.69,304,31,2026-09-26
Коломна,55.133,38.733,2026-10-11T00:00,4.5,81,0.0,1021.0,1.61,306,22,2026-09-26
Коломна,55.133,38.733,2026-10-11T01:00,4.8,84,0.0,1022.4,1.94,290,11,2026-09-26
Коломна,55.133,38.733,2026-10-11T02:00,5.2,87,0.0,1023.4,2.36,274,4,2026-09-26
Коломна,55.133,38.733,2026-10-11T03:00,5.8,90,0.0,1024.1,2.9,257,7,2026-09-26
Коломна,55.133,38.733,2026-10-11T04:00,6.5,92,0.0,1024.3,3.54,241,35,2026-09-26
Коломна,55.133,38.733,2026-10-11T05:00,6.3,93,0.0,1023.7,3.71,243,73,2026-09-26
Коломна,55.133,38.733,2026-10-11T06:00,6.5,92,0.0,1023.1,3.98,245,100,2026-09-26
Коломна,55.133,38.733,2026-10-11T07:00,7.2,89,0.0,1022.5,4.34,244,100,2026-09-26
Коломна,55.133,38.733,2026-10-11T08:00,8.3,85,0.0,1021.9,4.79,244,100,2026-09-26
Коломна,55.133,38.733,2026-10-11T09:00,9.3,80,0.0,1021.3,5.1,244,100,2026-09-26
Коломна,55.133,38.733,2026-10-11T10:00,10.1,74,0.0,1020.8,5.29,248,100,2026-09-26
Коломна,55.133,38.733,2026-10-11T11:00,10.8,66,0.0,1020.5,5.35,253,100,2026-09-26
Коломна,55.133,38.733,2026-10-11T12:00,11.3,62,0.0,1020.0,5.58,255,100,2026-09-26
Коломна,55.133,38.733,2026-10-11T13:00,11.3,62,0.1,1019.4,5.82,254,100,2026-09-26
Коломна,55.133,38.733,2026-10-11T14:00,10.9,65,0.1,1018.7,6.2,252,100,2026-09-26
Коломна,55.133,38.733,2026-10-11T15:00,10.7,68,0.1,1018.2,6.39,253,100,2026-09-26
Коломна,55.133,38.733,2026-10-11T16:00,10.6,70,0.0,1018.0,6.43,258,100,2026-09-26
Коломна,55.133,38.733,2026-10-11T17:00,10.5,71,0.0,1018.0,6.62,266,100,2026-09-26
Коломна,55.133,38.733,2026-10-11T18:00,10.5,73,0.0,1018.0,6.6,272,100,2026-09-26
Коломна,55.133,38.733,2026-10-11T19:00,10.4,75,0.0,1018.0,6.41,274,100,2026-09-26
Коломна,55.133,38.733,2026-10-11T20:00,10.3,78,0.0,1018.0,6.02,275,100,2026-09-26
Коломна,55.133,38.733,2026-10-11T21:00,10.2,81,0.0,1018.0,5.62,275,100,2026-09-26
Коломна,55.133,38.733,2026-10-11T22:00,9.9,85,0.0,1018.0,5.42,275,98,2026-09-26
Коломна,55.133,38.733,2026-10-11T23:00,9.7,90,0.0,1018.1,5.32,275,95,2026-09-26
Кашира,54.833,38.15,2026-09-26T00:00,9.3,96,0.0,1027.9,1.43,155,96,2026-09-26
Кашира,54.833,38.15,2026-09-26T01:00,9.1,96,0.0,1027.5,1.26,162,89,2026-09-26
Кашира,54.833,38.15,2026-09-26T02:00,9.0,95,0.0,1027.6,1.3,157,81,2026-09-26
Кашира,54.833,38.15,2026-09-26T03:00,7.7,95,0.0,1028.2,1.06,139,44,2026-09-26
Кашира,54.833,38.15,2026-09-26T04:00,7.2,95,0.0,1028.6,1.14,142,42,2026-09-26
Кашира,54.833,38.15,2026-09-26T05:00,6.6,96,0.0,1028.5,1.08,146,49,2026-09-26
Кашира,54.833,38.15,2026-09-26T06:00,6.4,97,0.0,1029.1,1.08,146,45,2026-09-26
Кашира,54.833,38.15,2026-09-26T07:00,6.3,97,0.0,1029.1,1.08,146,47,2026-09-26
Кашира,54.833,38.15,2026-09-26T08:00,7.8,98,0.0,1029.4,0.86,144,56,2026-09-26
Кашира,54.833,38.15,2026-09-26T09:00,10.0,91,0.0,1029.9,1.48,152,65,2026-09-26
Кашира,54.833,38.15,2026-09-26T10:00,11.7,86,0.0,1029.8,1.34,153,47,2026-09-26
Кашира,54.833,38.15,2026-09-26T11:00,13.2,80,0.0,1029.3,1.43,155,99,2026-09-26
Кашира,54.833,38.15,2026-09-26T12:00,14.8,68,0.0,1029.1,1.3,180,100,2026-09-26
Кашира,54.833,38.15,2026-09-26T13:00,15.2,63,0.0,1029.1,1.22,189,100,2026-09-26
Кашира,54.833,38.15,2026-09-26T14:00,15.5,59,0.0,1028.6,1.39,201,83,2026-09-26
Кашира,54.833,38.15,2026-09-26T15:00,15.9,59,0.0,1029.4,0.8,180,100,2026-09-26
Кашира,54.833,38.15,2026-09-26T16:00,15.5,63,0.0,1028.9,0.95,162,100,2026-09-26
Кашира,54.833,38.15,2026-09-26T17:00,14.7,73,0.0,1028.6,0.71,135,81,2026-09-26
Кашира,54.833,38.15,2026-09-26T18:00,13.2,76,0.0,1028.6,1.0,127,100,2026-09-26
Кашира,54.833,38.15,2026-09-26T19:00,11.4,83,0.0,1028.9,1.28,129,100,2026-09-26
Кашира,54.833,38.15,2026-09-26T20:00,10.3,85,0.0,1029.3,1.2,138,99,2026-09-26
Кашира,54.833,38.15,2026-09-26T21:00,9.8,86,0.0,1029.5,1.22,145,100,2026-09-26
Кашира,54.833,38.15,2026-09-26T22:00,9.6,88,0.0,1029.8,1.17,149,99,2026-09-26
Кашира,54.833,38.15,2026-09-26T23:00,9.2,88,0.0,1030.1,1.25,151,65,2026-09-26
Кашира,54.833,38.15,2026-09-27T00:00,8.7,88,0.0,1030.3,1.21,156,23,2026-09-26
Кашира,54.833,38.15,2026-09-27T01:00,8.2,90,0.0,1030.1,1.43,155,21,2026-09-26
Кашира,54.833,38.15,2026-09-27T02:00,8.0,90,0.0,1030.1,1.36,163,7,2026-09-26
Кашира,54.833,38.15,2026-09-27T03:00,7.8,90,0.0,1030.0,1.33,167,1,2026-09-26
Кашира,54.833,38.15,2026-09-27T04:00,7.6,90,0.0,1030.3,1.33,167,63,2026-09-26
Кашира,54.833,38.15,2026-09-27T05:00,7.4,90,0.0,1030.6,1.41,172,17,2026-09-26
Кашира,54.833,38.15,2026-09-27T06:00,7.2,91,0.0,1030.5,1.33,167,58,2026-09-26
Кашира,54.833,38.15,2026-09-27T07:00,7.4,91,0.0,1030.7,1.33,167,96,2026-09-26
Кашира,54.833,38.15,2026-09-27T08:00,9.1,88,0.0,1030.5,1.22,171,98,2026-09-26
Кашира,54.833,38.15,2026-09-27T09:00,11.6,77,0.0,1030.4,1.4,176,100,2026-09-26
Кашира,54.833,38.15,2026-09-27T10:00,12.9,72,0.0,1030.3,1.7,180,100,2026-09-26
Кашира,54.833,38.15,2026-09-27T11:00,13.8,71,0.0,1030.3,1.91,186,100,2026-09-26
Кашира,54.833,38.15,2026-09-27T12:00,14.8,67,0.0,1030.1,1.91,186,100,2026-09-26
Кашира,54.833,38.15,2026-09-27T13:00,15.5,64,0.0,1030.3,2.1,183,97,2026-09-26
Кашира,54.833,38.15,2026-09-27T14:00,15.8,62,0.0,1030.1,2.01,186,100,2026-09-26
Кашира,54.833,38.15,2026-09-27T15:00,15.5,63,0.0,1030.2,1.9,183,100,2026-09-26
Кашира,54.833,38.15,2026-09-27T16:00,15.1,69,0.0,1030.1,1.3,180,100,2026-09-26
Кашира,54.833,38.15,2026-09-27T17:00,14.3,75,0.0,1029.8,1.04,163,100,2026-09-26
Кашира,54.833,38.15,2026-09-27T18:00,13.0,79,0.0,1029.7,1.12,153,100,2026-09-26
Кашира,54.833,38.15,2026-09-27T19:00,11.8,83,0.0,1029.8,1.12,153,100,2026-09-26
Кашира,54.833,38.15,2026-09-27T20:00,11.1,84,0.0,1030.0,1.04,163,100,2026-09-26
Кашира,54.833,38.15,2026-09-27T21:00,10.7,82,0.0,1030.3,0.81,173,100,2026-09-26
Кашира,54.833,38.15,2026-09-27T22:00,10.5,80,0.0,1030.5,0.71,172,100,2026-09-26
Кашира,54.833,38.15,2026-09-27T23:00,10.3,80,0.0,1030.4,0.63,162,100,2026-09-26
Кашира,54.833,38.15,2026-09-28T00:00,9.9,79,0.0,1030.5,0.95,162,100,2026-09-26
Кашира,54.833,38.15,2026-09-28T01:00,10.0,80,0.0,1030.7,0.81,150,100,2026-09-26
Кашира,54.833,38.15,2026-09-28T02:00,9.8,81,0.0,1030.9,0.54,158,100,2026-09-26
Кашира,54.833,38.15,2026-09-28T03:00,9.5,84,0.0,1031.2,0.51,169,100,2026-09-26
Кашира,54.833,38.15,2026-09-28T04:00,9.1,86,0.0,1031.3,0.61,171,100,2026-09-26
Кашира,54.833,38.15,2026-09-28T05:00,8.6,89,0.0,1031.4,0.5,180,97,2026-09-26
Кашира,54.833,38.15,2026-09-28T06:00,7.7,93,0.0,1031.4,0.51,259,0,2026-09-26
Кашира,54.833,38.15,2026-09-28T07:00,7.0,97,0.0,1031.5,0.4,270,0,2026-09-26
Кашира,54.833,38.15,2026-09-28T08:00,7.9,98,0.0,1031.8,0.14,225,48,2026-09-26
Кашира,54.833,38.15,2026-09-28T09:00,10.8,88,0.0,1032.0,0.2,360,0,2026-09-26
Кашира,54.833,38.15,2026-09-28T10:00,13.1,79,0.0,1032.3,0.63,18,1,2026-09-26
Кашира,54.833,38.15,2026-09-28T11:00,14.6,72,0.0,1032.3,1.22,35,18,2026-09-26
Кашира,54.833,38.15,2026-09-28T12:00,15.7,68,0.0,1032.1,1.49,42,41,2026-09-26
Кашира,54.833,38.15,2026-09-28T13:00,16.4,64,0.0,1031.9,1.8,19,50,2026-09-26
Кашира,54.833,38.15,2026-09-28T14:00,16.4,62,0.0,1031.5,2.16,13,54,2026-09-26
Кашира,54.833,38.15,2026-09-28T15:00,16.2,63,0.0,1031.4,2.26,13,44,2026-09-26
Кашира,54.833,38.15,2026-09-28T16:00,15.8,63,0.0,1031.4,1.9,18,48,2026-09-26
Кашира,54.833,38.15,2026-09-28T17:00,14.8,74,0.0,1031.8,1.71,7,44,2026-09-26
Кашира,54.833,38.15,2026-09-28T18:00,13.1,84,0.0,1032.4,1.58,18,60,2026-09-26
Кашира,54.833,38.15,2026-09-28T19:00,12.0,92,0.0,1032.8,1.17,20,83,2026-09-26
Кашира,54.833,38.15,2026-09-28T20:00,11.4,92,0.0,1032.8,1.04,17,69,2026-09-26
Кашира,54.833,38.15,2026-09-28T21:00,10.8,92,0.0,1033.0,0.92,13,63,2026-09-26
Кашира,54.833,38.15,2026-09-28T22:00,10.5,92,0.0,1033.2,0.85,21,53,2026-09-26
Кашира,54.833,38.15,2026-09-28T23:00,10.0,93,0.0,1033.5,1.0,354,58,2026-09-26
Кашира,54.833,38.15,2026-09-29T00:00,9.7,93,0.0,1033.5,1.1,360,54,2026-09-26
Кашира,54.833,38.15,2026-09-29T01:00,9.3,94,0.0,1033.8,1.24,14,56,2026-09-26
Кашира,54.833,38.15,2026-09-29T02:00,8.8,95,0.0,1034.0,1.0,6,53,2026-09-26
Кашира,54.833,38.15,2026-09-29T03:00,8.4,96,0.0,1034.4,0.91,354,54,2026-09-26
Кашира,54.833,38.15,2026-09-29T04:00,8.0,97,0.0,1034.7,1.02,349,67,2026-09-26
Кашира,54.833,38.15,2026-09-29T05:00,7.9,96,0.0,1034.9,1.1,5,62,2026-09-26
Кашира,54.833,38.15,2026-09-29T06:00,7.5,95,0.0,1035.0,1.1,5,59,2026-09-26
Кашира,54.833,38.15,2026-09-29T07:00,7.3,94,0.0,1035.0,0.8,360,60,2026-09-26
Кашира,54.833,38.15,2026-09-29T08:00,8.3,92,0.0,1035.3,1.0,360,21,2026-09-26
Кашира,54.833,38.15,2026-09-29T09:00,9.7,85,0.0,1035.6,1.8,19,38,2026-09-26
Кашира,54.833,38.15,2026-09-29T10:00,11.4,77,0.0,1035.7,2.28,23,27,2026-09-26
Кашира,54.833,38.15,2026-09-29T11:00,12.8,69,0.0,1035.5,2.38,22,24,2026-09-26
Кашира,54.833,38.15,2026-09-29T12:00,13.7,64,0.0,1035.3,2.68,27,36,2026-09-26
Кашира,54.833,38.15,2026-09-29T13:00,14.4,59,0.0,1035.0,2.66,20,33,2026-09-26
Кашира,54.833,38.15,2026-09-29T14:00,14.7,59,0.0,1034.8,2.52,7,30,2026-09-26
Кашира,54.833,38.15,2026-09-29T15:00,14.8,59,0.0,1034.6,2.6,360,24,2026-09-26
Кашира,54.833,38.15,2026-09-29T16:00,14.4,60,0.0,1034.3,2.3,360,15,2026-09-26
Кашира,54.833,38.15,2026-09-29T17:00,13.4,67,0.0,1034.4,1.6,356,4,2026-09-26
Кашира,54.833,38.15,2026-09-29T18:00,11.5,76,0.0,1034.6,1.12,350,0,2026-09-26
Кашира,54.833,38.15,2026-09-29T19:00,10.3,77,0.0,1034.7,1.08,338,0,2026-09-26
Кашира,54.833,38.15,2026-09-29T20:00,9.4,79,0.0,1034.9,0.81,330,0,2026-09-26
Кашира,54.833,38.15,2026-09-29T21:00,8.7,81,0.0,1035.2,0.86,324,3,2026-09-26
Кашира,54.833,38.15,2026-09-29T22:00,8.1,83,0.0,1035.4,0.78,310,35,2026-09-26
Кашира,54.833,38.15,2026-09-29T23:00,7.7,85,0.0,1035.5,0.76,293,68,2026-09-26
Кашира,54.833,38.15,2026-09-30T00:00,7.4,86,0.0,1035.6,0.82,284,100,2026-09-26
Кашира,54.833,38.15,2026-09-30T01:00,7.2,87,0.0,1035.7,0.95,288,91,2026-09-26
Кашира,54.833,38.15,2026-09-30T02:00,7.2,88,0.0,1035.7,1.08,292,83,2026-09-26
Кашира,54.833,38.15,2026-09-30T03:00,7.2,88,0.0,1035.7,1.17,290,74,2026-09-26
Кашира,54.833,38.15,2026-09-30T04:00,6.8,88,0.0,1035.7,1.1,275,62,2026-09-26
Кашира,54.833,38.15,2026-09-30T05:00,6.4,88,0.0,1035.6,1.04,253,51,2026-09-26
Кашира,54.833,38.15,2026-09-30T06:00,6.5,87,0.0,1035.6,1.12,243,39,2026-09-26
Кашира,54.833,38.15,2026-09-30T07:00,7.3,87,0.0,1035.8,1.08,248,26,2026-09-26
Кашира,54.833,38.15,2026-09-30T08:00,8.5,86,0.0,1036.0,1.0,264,13,2026-09-26
Кашира,54.833,38.15,2026-09-30T09:00,9.9,83,0.0,1036.1,1.04,287,0,2026-09-26
Кашира,54.833,38.15,2026-09-30T10:00,11.7,76,0.0,1036.0,1.35,312,5,2026-09-26
Кашира,54.833,38.15,2026-09-30T11:00,13.6,68,0.0,1035.8,1.86,324,9,2026-09-26
Кашира,54.833,38.15,2026-09-30T12:00,15.1,61,0.0,1035.6,2.37,332,14,2026-09-26
Кашира,54.833,38.15,2026-09-30T13:00,15.8,58,0.0,1035.3,2.69,338,18,2026-09-26
Кашира,54.833,38.15,2026-09-30T14:00,16.0,56,0.0,1034.8,2.94,342,23,2026-09-26
Кашира,54.833,38.15,2026-09-30T15:00,15.7,58,0.0,1034.5,2.91,344,27,2026-09-26
Кашира,54.833,38.15,2026-09-30T16:00,14.9,64,0.0,1034.3,2.44,341,28,2026-09-26
Кашира,54.833,38.15,2026-09-30T17:00,13.5,74,0.0,1034.1,1.84,331,29,2026-09-26
Кашира,54.833,38.15,2026-09-30T18:00,12.4,81,0.0,1034.1,1.42,321,30,2026-09-26
Кашира,54.833,38.15,2026-09-30T19:00,11.6,84,0.0,1034.3,1.34,333,31,2026-09-26
Кашира,54.833,38.15,2026-09-30T20:00,10.9,85,0.0,1034.7,1.63,349,32,2026-09-26
Кашира,54.833,38.15,2026-09-30T21:00,10.3,86,0.0,1035.0,1.9,360,33,2026-09-26
Кашира,54.833,38.15,2026-09-30T22:00,9.5,88,0.0,1035.3,1.9,3,38,2026-09-26
Кашира,54.833,38.15,2026-09-30T23:00,8.7,90,0.0,1035.6,1.81,6,43,2026-09-26
Кашира,54.833,38.15,2026-10-01T00:00,8.0,91,0.0,1035.8,1.61,7,48,2026-09-26
Кашира,54.833,38.15,2026-10-01T01:00,7.4,91,0.0,1035.9,1.4,4,56,2026-09-26
Кашира,54.833,38.15,2026-10-01T02:00,6.8,91,0.0,1035.9,1.2,360,63,2026-09-26
Кашира,54.833,38.15,2026-10-01T03:00,6.3,91,0.0,1036.0,1.1,355,71,2026-09-26
Кашира,54.833,38.15,2026-10-01T04:00,5.6,92,0.0,1036.1,1.02,349,59,2026-09-26
Кашира,54.833,38.15,2026-10-01T05:00,5.0,92,0.0,1036.3,0.95,342,47,2026-09-26
Кашира,54.833,38.15,2026-10-01T06:00,4.9,92,0.0,1036.5,1.04,343,35,2026-09-26
Кашира,54.833,38.15,2026-10-01T07:00,5.6,91,0.0,1036.9,1.4,356,47,2026-09-26
Кашира,54.833,38.15,2026-10-01T08:00,6.7,89,0.0,1037.4,1.91,6,58,2026-09-26
Кашира,54.833,38.15,2026-10-01T09:00,8.0,85,0.0,1037.7,2.43,9,70,2026-09-26
Кашира,54.833,38.15,2026-10-01T10:00,9.6,77,0.0,1037.8,2.75,10,58,2026-09-26
Кашира,54.833,38.15,2026-10-01T11:00,11.4,67,0.0,1037.7,2.94,10,46,2026-09-26
Кашира,54.833,38.15,2026-10-01T12:00,12.7,60,0.0,1037.5,3.14,9,34,2026-09-26
Кашира,54.833,38.15,2026-10-01T13:00,13.2,58,0.0,1037.2,3.27,7,45,2026-09-26
Кашира,54.833,38.15,2026-10-01T14:00,13.3,57,0.0,1036.9,3.41,4,56,2026-09-26
Кашира,54.833,38.15,2026-10-01T15:00,13.2,57,0.0,1036.6,3.38,2,67,2026-09-26
Кашира,54.833,38.15,2026-10-01T16:00,12.5,60,0.0,1036.5,2.9,358,45,2026-09-26
Кашира,54.833,38.15,2026-10-01T17:00,11.2,67,0.0,1036.4,2.22,352,24,2026-09-26
Кашира,54.833,38.15,2026-10-01T18:00,10.0,73,0.0,1036.5,1.68,343,2,2026-09-26
Кашира,54.833,38.15,2026-10-01T19:00,8.9,78,0.0,1036.8,1.49,340,4,2026-09-26
Кашира,54.833,38.15,2026-10-01T20:00,7.8,82,0.0,1037.2,1.36,343,5,2026-09-26
Кашира,54.833,38.15,2026-10-01T21:00,6.8,86,0.0,1037.5,1.36,343,7,2026-09-26
Кашира,54.833,38.15,2026-10-01T22:00,6.1,88,0.0,1037.6,1.26,342,23,2026-09-26
Кашира,54.833,38.15,2026-10-01T23:00,5.6,89,0.0,1037.6,1.17,340,40,2026-09-26
Кашира,54.833,38.15,2026-10-02T00:00,5.1,90,0.0,1037.6,1.12,333,56,2026-09-26
Кашира,54.833,38.15,2026-10-02T01:00,4.6,91,0.0,1037.5,1.08,326,56,2026-09-26
Кашира,54.833,38.15,2026-10-02T02:00,4.2,92,0.0,1037.4,1.06,311,56,2026-09-26
Кашира,54.833,38.15,2026-10-02T03:00,3.9,93,0.0,1037.3,1.08,304,56,2026-09-26
Кашира,54.833,38.15,2026-10-02T04:00,3.6,94,0.0,1037.2,1.12,297,63,2026-09-26
Кашира,54.833,38.15,2026-10-02T05:00,3.4,95,0.0,1037.0,1.08,292,69,2026-09-26
Кашира,54.833,38.15,2026-10-02T06:00,3.7,95,0.0,1036.9,1.17,290,76,2026-09-26
Кашира,54.833,38.15,2026-10-02T07:00,4.8,92,0.0,1036.9,1.34,297,73,2026-09-26
Кашира,54.833,38.15,2026-10-02T08:00,6.3,87,0.0,1036.9,1.61,300,71,2026-09-26
Кашира,54.833,38.15,2026-10-02T09:00,7.8,82,0.0,1036.7,1.94,305,68,2026-09-26
Кашира,54.833,38.15,2026-10-02T10:00,9.4,76,0.0,1036.3,2.28,308,73,2026-09-26
Кашира,54.833,38.15,2026-10-02T11:00,11.1,70,0.0,1035.7,2.62,310,77,2026-09-26
Кашира,54.833,38.15,2026-10-02T12:00,12.5,65,0.0,1035.1,2.97,312,82,2026-09-26
Кашира,54.833,38.15,2026-10-02T13:00,13.4,61,0.0,1034.4,3.32,316,70,2026-09-26
Кашира,54.833,38.15,2026-10-02T14:00,14.0,57,0.0,1033.6,3.61,318,58,2026-09-26
Кашира,54.833,38.15,2026-10-02T15:00,14.1,56,0.0,1033.0,3.62,321,46,2026-09-26
Кашира,54.833,38.15,2026-10-02T16:00,13.4,59,0.0,1032.8,3.06,322,54,2026-09-26
Кашира,54.833,38.15,2026-10-02T17:00,12.2,65,0.0,1032.7,2.22,324,62,2026-09-26
Кашира,54.833,38.15,2026-10-02T18:00,11.3,70,0.0,1032.7,1.66,327,70,2026-09-26
Кашира,54.833,38.15,2026-10-02T19:00,10.9,73,0.0,1032.6,1.48,332,80,2026-09-26
Кашира,54.833,38.15,2026-10-02T20:00,10.7,74,0.0,1032.6,1.48,332,90,2026-09-26
Кашира,54.833,38.15,2026-10-02T21:00,10.5,77,0.0,1032.6,1.52,337,100,2026-09-26
Кашира,54.833,38.15,2026-10-02T22:00,10.2,81,0.1,1032.6,1.58,342,100,2026-09-26
Кашира,54.833,38.15,2026-10-02T23:00,10.0,87,0.1,1032.6,1.63,349,99,2026-09-26
Кашира,54.833,38.15,2026-10-03T00:00,9.7,91,0.1,1032.7,1.6,356,99,2026-09-26
Кашира,54.833,38.15,2026-10-03T01:00,9.5,94,0.1,1032.8,1.53,11,99,2026-09-26
Кашира,54.833,38.15,2026-10-03T02:00,9.4,95,0.1,1032.9,1.66,33,100,2026-09-26
Кашира,54.833,38.15,2026-10-03T03:00,9.1,96,0.1,1033.1,1.77,47,100,2026-09-26
Кашира,54.833,38.15,2026-10-03T04:00,8.7,96,0.0,1033.3,1.8,56,95,2026-09-26
Кашира,54.833,38.15,2026-10-03T05:00,8.2,96,0.0,1033.6,1.75,59,89,2026-09-26
Кашира,54.833,38.15,2026-10-03T06:00,7.8,96,0.0,1033.9,1.79,63,84,2026-09-26
Кашира,54.833,38.15,2026-10-03T07:00,7.5,96,0.0,1034.4,1.97,66,87,2026-09-26
Кашира,54.833,38.15,2026-10-03T08:00,7.3,96,0.0,1035.0,2.15,68,91,2026-09-26
Кашира,54.833,38.15,2026-10-03T09:00,7.4,93,0.0,1035.4,2.28,67,94,2026-09-26
Кашира,54.833,38.15,2026-10-03T10:00,8.1,86,0.0,1035.6,2.46,63,94,2026-09-26
Кашира,54.833,38.15,2026-10-03T11:00,9.0,76,0.0,1035.7,2.61,58,94,2026-09-26
Кашира,54.833,38.15,2026-10-03T12:00,9.7,68,0.0,1035.7,2.7,51,94,2026-09-26
Кашира,54.833,38.15,2026-10-03T13:00,10.2,62,0.0,1035.6,2.69,45,83,2026-09-26
Кашира,54.833,38.15,2026-10-03T14:00,10.5,56,0.0,1035.3,2.72,36,71,2026-09-26
Кашира,54.833,38.15,2026-10-03T15:00,10.3,54,0.0,1035.2,2.56,31,60,2026-09-26
Кашира,54.833,38.15,2026-10-03T16:00,9.4,56,0.0,1035.3,2.15,28,42,2026-09-26
Кашира,54.833,38.15,2026-10-03T17:00,8.0,62,0.0,1035.6,1.66,25,25,2026-09-26
Кашира,54.833,38.15,2026-10-03T18:00,6.6,67,0.0,1035.8,1.25,29,7,2026-09-26
Кашира,54.833,38.15,2026-10-03T19:00,5.2,72,0.0,1036.0,1.06,41,5,2026-09-26
Кашира,54.833,38.15,2026-10-03T20:00,3.7,76,0.0,1036.3,1.03,61,2,2026-09-26
Кашира,54.833,38.15,2026-10-03T21:00,2.5,79,0.0,1036.5,1.12,80,0,2026-09-26
Кашира,54.833,38.15,2026-10-03T22:00,1.6,79,0.0,1036.7,1.1,90,0,2026-09-26
Кашира,54.833,38.15,2026-10-03T23:00,1.0,78,0.0,1036.9,1.02,101,0,2026-09-26
Кашира,54.833,38.15,2026-10-04T00:00,0.4,77,0.0,1037.1,0.95,108,0,2026-09-26
Кашира,54.833,38.15,2026-10-04T01:00,-0.2,79,0.0,1037.1,0.83,133,0,2026-09-26
Кашира,54.833,38.15,2026-10-04T02:00,-0.8,82,0.0,1037.0,0.95,160,0,2026-09-26
Кашира,54.833,38.15,2026-10-04T03:00,-1.2,84,0.0,1036.9,1.35,190,0,2026-09-26
Кашира,54.833,38.15,2026-10-04T04:00,-1.1,86,0.0,1036.8,1.78,218,2,2026-09-26
Кашира,54.833,38.15,2026-10-04T05:00,-0.5,84,0.0,1036.8,1.77,223,4,2026-09-26
Кашира,54.833,38.15,2026-10-04T06:00,0.5,81,0.0,1036.8,1.73,226,7,2026-09-26
Кашира,54.833,38.15,2026-10-04T07:00,1.5,78,0.0,1036.7,1.67,231,10,2026-09-26
Кашира,54.833,38.15,2026-10-04T08:00,2.7,74,0.0,1036.6,1.65,235,12,2026-09-26
Кашира,54.833,38.15,2026-10-04T09:00,3.8,70,0.0,1036.3,1.68,240,13,2026-09-26
Кашира,54.833,38.15,2026-10-04T10:00,5.1,65,0.0,1035.9,1.83,244,12,2026-09-26
Кашира,54.833,38.15,2026-10-04T11:00,6.6,60,0.0,1035.3,2.04,248,10,2026-09-26
Кашира,54.833,38.15,2026-10-04T12:00,8.3,54,0.0,1034.7,2.26,252,7,2026-09-26
Кашира,54.833,38.15,2026-10-04T13:00,9.8,50,0.0,1034.0,2.5,254,4,2026-09-26
Кашира,54.833,38.15,2026-10-04T14:00,11.0,47,0.0,1033.3,2.74,255,2,2026-09-26
Кашира,54.833,38.15,2026-10-04T15:00,11.6,46,0.0,1032.8,2.9,255,0,2026-09-26
Кашира,54.833,38.15,2026-10-04T16:00,11.5,48,0.0,1032.4,2.97,253,0,2026-09-26
Кашира,54.833,38.15,2026-10-04T17:00,10.8,52,0.0,1032.0,3.08,250,0,2026-09-26
Кашира,54.833,38.15,2026-10-04T18:00,9.7,57,0.0,1031.7,3.13,245,0,2026-09-26
Кашира,54.833,38.15,2026-10-04T19:00,8.5,64,0.0,1031.3,3.18,242,0,2026-09-26
Кашира,54.833,38.15,2026-10-04T20:00,7.5,71,0.0,1031.0,3.23,238,0,2026-09-26
Кашира,54.833,38.15,2026-10-04T21:00,6.7,76,0.0,1030.7,3.29,237,0,2026-09-26
Кашира,54.833,38.15,2026-10-04T22:00,6.3,81,0.0,1030.4,3.31,236,0,2026-09-26
Кашира,54.833,38.15,2026-10-04T23:00,6.0,84,0.0,1030.0,3.33,237,0,2026-09-26
Кашира,54.833,38.15,2026-10-05T00:00,5.7,87,0.0,1029.7,3.3,238,0,2026-09-26
Кашира,54.833,38.15,2026-10-05T01:00,5.6,90,0.0,1029.3,3.29,240,0,2026-09-26
Кашира,54.833,38.15,2026-10-05T02:00,5.6,92,0.0,1029.0,3.31,241,0,2026-09-26
Кашира,54.833,38.15,2026-10-05T03:00,5.7,93,0.0,1028.6,3.29,242,0,2026-09-26
Кашира,54.833,38.15,2026-10-05T04:00,5.9,93,0.0,1028.3,3.29,242,0,2026-09-26
Кашира,54.833,38.15,2026-10-05T05:00,6.1,93,0.0,1028.0,3.27,241,0,2026-09-26
Кашира,54.833,38.15,2026-10-05T06:00,6.5,92,0.0,1027.7,3.28,239,0,2026-09-26
Кашира,54.833,38.15,2026-10-05T07:00,7.0,90,0.0,1027.3,3.26,238,0,2026-09-26
Кашира,54.833,38.15,2026-10-05T08:00,7.6,88,0.0,1026.9,3.28,239,0,2026-09-26
Кашира,54.833,38.15,2026-10-05T09:00,8.3,85,0.0,1026.5,3.36,242,0,2026-09-26
Кашира,54.833,38.15,2026-10-05T10:00,9.3,81,0.0,1025.9,3.57,248,5,2026-09-26
Кашира,54.833,38.15,2026-10-05T11:00,10.6,76,0.0,1025.3,3.92,256,11,2026-09-26
Кашира,54.833,38.15,2026-10-05T12:00,12.0,70,0.0,1024.6,4.42,264,19,2026-09-26
Кашира,54.833,38.15,2026-10-05T13:00,13.3,66,0.0,1023.8,4.95,270,27,2026-09-26
Кашира,54.833,38.15,2026-10-05T14:00,14.2,63,0.0,1023.2,5.36,274,36,2026-09-26
Кашира,54.833,38.15,2026-10-05T15:00,14.7,61,0.0,1022.7,5.52,275,44,2026-09-26
Кашира,54.833,38.15,2026-10-05T16:00,14.6,62,0.0,1022.3,5.37,275,53,2026-09-26
Кашира,54.833,38.15,2026-10-05T17:00,13.9,64,0.0,1022.1,4.95,272,62,2026-09-26
Кашира,54.833,38.15,2026-10-05T18:00,12.9,68,0.0,1021.9,4.4,268,72,2026-09-26
Кашира,54.833,38.15,2026-10-05T19:00,11.8,72,0.0,1021.7,3.83,263,81,2026-09-26
Кашира,54.833,38.15,2026-10-05T20:00,10.9,76,0.0,1021.6,3.4,256,89,2026-09-26
Кашира,54.833,38.15,2026-10-05T21:00,10.2,80,0.0,1021.4,3.11,251,95,2026-09-26
Кашира,54.833,38.15,2026-10-05T22:00,9.8,82,0.0,1021.2,2.99,249,99,2026-09-26
Кашира,54.833,38.15,2026-10-05T23:00,9.5,83,0.0,1020.9,2.88,250,100,2026-09-26
Кашира,54.833,38.15,2026-10-06T00:00,9.2,85,0.0,1020.7,2.83,253,100,2026-09-26
Кашира,54.833,38.15,2026-10-06T01:00,9.1,85,0.0,1020.4,2.8,254,100,2026-09-26
Кашира,54.833,38.15,2026-10-06T02:00,9.1,86,0.0,1020.2,2.86,258,100,2026-09-26
Кашира,54.833,38.15,2026-10-06T03:00,9.1,86,0.0,1020.0,2.89,260,100,2026-09-26
Кашира,54.833,38.15,2026-10-06T04:00,9.3,86,0.0,1019.9,2.98,262,99,2026-09-26
Кашира,54.833,38.15,2026-10-06T05:00,9.5,87,0.0,1019.8,3.11,264,96,2026-09-26
Кашира,54.833,38.15,2026-10-06T06:00,9.8,86,0.0,1019.7,3.26,266,93,2026-09-26
Кашира,54.833,38.15,2026-10-06T07:00,10.2,86,0.0,1019.6,3.45,268,90,2026-09-26
Кашира,54.833,38.15,2026-10-06T08:00,10.6,85,0.0,1019.5,3.65,268,88,2026-09-26
Кашира,54.833,38.15,2026-10-06T09:00,11.0,83,0.0,1019.3,3.8,268,87,2026-09-26
Кашира,54.833,38.15,2026-10-06T10:00,11.4,80,0.0,1019.0,3.95,268,88,2026-09-26
Кашира,54.833,38.15,2026-10-06T11:00,12.0,76,0.0,1018.6,4.16,267,91,2026-09-26
Кашира,54.833,38.15,2026-10-06T12:00,12.7,72,0.0,1018.2,4.36,265,95,2026-09-26
Кашира,54.833,38.15,2026-10-06T13:00,13.2,68,0.0,1017.8,4.53,264,98,2026-09-26
Кашира,54.833,38.15,2026-10-06T14:00,13.6,65,0.0,1017.3,4.65,262,100,2026-09-26
Кашира,54.833,38.15,2026-10-06T15:00,13.7,64,0.0,1017.0,4.67,260,100,2026-09-26
Кашира,54.833,38.15,2026-10-06T16:00,13.4,65,0.0,1016.7,4.55,258,96,2026-09-26
Кашира,54.833,38.15,2026-10-06T17:00,12.8,67,0.0,1016.5,4.33,256,90,2026-09-26
Кашира,54.833,38.15,2026-10-06T18:00,12.1,70,0.0,1016.3,4.08,253,82,2026-09-26
Кашира,54.833,38.15,2026-10-06T19:00,11.3,74,0.0,1016.1,3.84,249,75,2026-09-26
Кашира,54.833,38.15,2026-10-06T20:00,10.7,78,0.0,1015.9,3.6,246,69,2026-09-26
Кашира,54.833,38.15,2026-10-06T21:00,10.3,80,0.0,1015.7,3.53,243,67,2026-09-26
Кашира,54.833,38.15,2026-10-06T22:00,10.1,81,0.0,1015.4,3.56,241,69,2026-09-26
Кашира,54.833,38.15,2026-10-06T23:00,10.1,82,0.0,1015.1,3.65,240,74,2026-09-26
Кашира,54.833,38.15,2026-10-07T00:00,10.2,82,0.0,1014.8,3.82,238,82,2026-09-26
Кашира,54.833,38.15,2026-10-07T01:00,10.4,81,0.0,1014.5,4.0,238,89,2026-09-26
Кашира,54.833,38.15,2026-10-07T02:00,10.6,81,0.0,1014.2,4.16,237,96,2026-09-26
Кашира,54.833,38.15,2026-10-07T03:00,10.8,81,0.0,1014.0,4.23,237,100,2026-09-26
Кашира,54.833,38.15,2026-10-07T04:00,11.0,82,0.1,1013.8,4.26,236,100,2026-09-26
Кашира,54.833,38.15,2026-10-07T05:00,11.2,84,0.1,1013.6,4.24,236,100,2026-09-26
Кашира,54.833,38.15,2026-10-07T06:00,11.4,86,0.1,1013.5,4.19,234,100,2026-09-26
Кашира,54.833,38.15,2026-10-07T07:00,11.7,87,0.1,1013.4,4.15,234,100,2026-09-26
Кашира,54.833,38.15,2026-10-07T08:00,12.0,87,0.1,1013.2,4.16,235,99,2026-09-26
Кашира,54.833,38.15,2026-10-07T09:00,12.3,86,0.1,1013.1,4.19,237,98,2026-09-26
Кашира,54.833,38.15,2026-10-07T10:00,12.8,83,0.0,1012.9,4.34,241,99,2026-09-26
Кашира,54.833,38.15,2026-10-07T11:00,13.4,77,0.0,1012.7,4.62,247,100,2026-09-26
Кашира,54.833,38.15,2026-10-07T12:00,14.0,71,0.0,1012.5,4.97,253,100,2026-09-26
Кашира,54.833,38.15,2026-10-07T13:00,14.6,66,0.0,1012.4,5.36,258,100,2026-09-26
Кашира,54.833,38.15,2026-10-07T14:00,15.0,62,0.0,1012.2,5.66,261,100,2026-09-26
Кашира,54.833,38.15,2026-10-07T15:00,15.1,60,0.0,1012.2,5.84,263,100,2026-09-26
Кашира,54.833,38.15,2026-10-07T16:00,14.9,60,0.0,1012.3,5.79,263,94,2026-09-26
Кашира,54.833,38.15,2026-10-07T17:00,14.4,62,0.0,1012.4,5.66,262,86,2026-09-26
Кашира,54.833,38.15,2026-10-07T18:00,13.7,65,0.0,1012.6,5.38,260,77,2026-09-26
Кашира,54.833,38.15,2026-10-07T19:00,13.0,68,0.0,1012.8,5.08,257,67,2026-09-26
Кашира,54.833,38.15,2026-10-07T20:00,12.3,71,0.0,1013.0,4.78,254,57,2026-09-26
Кашира,54.833,38.15,2026-10-07T21:00,11.6,74,0.0,1013.2,4.52,252,48,2026-09-26
Кашира,54.833,38.15,2026-10-07T22:00,11.0,77,0.0,1013.4,4.29,251,40,2026-09-26
Кашира,54.833,38.15,2026-10-07T23:00,10.4,81,0.0,1013.5,4.03,250,32,2026-09-26
Кашира,54.833,38.15,2026-10-08T00:00,9.8,84,0.0,1013.7,3.83,250,24,2026-09-26
Кашира,54.833,38.15,2026-10-08T01:00,9.3,88,0.0,1013.8,3.58,250,16,2026-09-26
Кашира,54.833,38.15,2026-10-08T02:00,8.9,92,0.0,1013.9,3.34,248,11,2026-09-26
Кашира,54.833,38.15,2026-10-08T03:00,8.6,94,0.0,1014.1,3.18,246,7,2026-09-26
Кашира,54.833,38.15,2026-10-08T04:00,8.6,95,0.0,1014.3,3.05,240,6,2026-09-26
Кашира,54.833,38.15,2026-10-08T05:00,8.6,96,0.0,1014.5,2.97,234,8,2026-09-26
Кашира,54.833,38.15,2026-10-08T06:00,8.8,96,0.0,1014.8,2.97,226,11,2026-09-26
Кашира,54.833,38.15,2026-10-08T07:00,9.2,95,0.0,1015.0,3.05,220,15,2026-09-26
Кашира,54.833,38.15,2026-10-08T08:00,9.6,93,0.0,1015.1,3.2,214,17,2026-09-26
Кашира,54.833,38.15,2026-10-08T09:00,10.3,90,0.0,1015.1,3.39,211,18,2026-09-26
Кашира,54.833,38.15,2026-10-08T10:00,11.3,84,0.0,1014.9,3.61,211,16,2026-09-26
Кашира,54.833,38.15,2026-10-08T11:00,12.6,76,0.0,1014.6,3.91,212,13,2026-09-26
Кашира,54.833,38.15,2026-10-08T12:00,14.2,68,0.0,1014.2,4.23,215,10,2026-09-26
Кашира,54.833,38.15,2026-10-08T13:00,15.6,61,0.0,1013.8,4.53,217,6,2026-09-26
Кашира,54.833,38.15,2026-10-08T14:00,16.7,57,0.0,1013.5,4.8,219,2,2026-09-26
Кашира,54.833,38.15,2026-10-08T15:00,17.2,55,0.0,1013.2,4.94,219,0,2026-09-26
Кашира,54.833,38.15,2026-10-08T16:00,16.9,56,0.0,1013.1,4.96,217,0,2026-09-26
Кашира,54.833,38.15,2026-10-08T17:00,16.2,58,0.0,1013.0,4.85,215,0,2026-09-26
Кашира,54.833,38.15,2026-10-08T18:00,15.0,63,0.0,1013.0,4.73,211,0,2026-09-26
Кашира,54.833,38.15,2026-10-08T19:00,13.8,68,0.0,1013.0,4.56,207,0,2026-09-26
Кашира,54.833,38.15,2026-10-08T20:00,12.6,74,0.0,1013.0,4.43,204,0,2026-09-26
Кашира,54.833,38.15,2026-10-08T21:00,11.8,78,0.0,1013.0,4.34,201,0,2026-09-26
Кашира,54.833,38.15,2026-10-08T22:00,11.2,81,0.0,1013.0,4.29,199,7,2026-09-26
Кашира,54.833,38.15,2026-10-08T23:00,10.7,85,0.0,1012.9,4.21,198,17,2026-09-26
Кашира,54.833,38.15,2026-10-09T00:00,10.4,87,0.0,1012.9,4.14,198,29,2026-09-26
Кашира,54.833,38.15,2026-10-09T01:00,10.1,89,0.0,1012.8,4.03,197,41,2026-09-26
Кашира,54.833,38.15,2026-10-09T02:00,9.9,90,0.0,1012.8,3.97,197,52,2026-09-26
Кашира,54.833,38.15,2026-10-09T03:00,9.9,91,0.0,1012.7,3.96,196,62,2026-09-26
Кашира,54.833,38.15,2026-10-09T04:00,9.9,91,0.0,1012.7,3.93,195,70,2026-09-26
Кашира,54.833,38.15,2026-10-09T05:00,10.1,90,0.0,1012.6,3.85,193,77,2026-09-26
Кашира,54.833,38.15,2026-10-09T06:00,10.3,89,0.0,1012.6,3.81,191,84,2026-09-26
Кашира,54.833,38.15,2026-10-09T07:00,10.6,88,0.0,1012.5,3.85,189,90,2026-09-26
Кашира,54.833,38.15,2026-10-09T08:00,11.1,85,0.0,1012.5,3.88,187,94,2026-09-26
Кашира,54.833,38.15,2026-10-09T09:00,11.6,81,0.0,1012.4,3.98,187,98,2026-09-26
Кашира,54.833,38.15,2026-10-09T10:00,12.4,76,0.0,1012.3,4.19,188,100,2026-09-26
Кашира,54.833,38.15,2026-10-09T11:00,13.5,69,0.0,1012.1,4.51,190,100,2026-09-26
Кашира,54.833,38.15,2026-10-09T12:00,14.7,62,0.0,1012.0,4.84,191,100,2026-09-26
Кашира,54.833,38.15,2026-10-09T13:00,15.8,56,0.0,1011.8,5.18,193,100,2026-09-26
Кашира,54.833,38.15,2026-10-09T14:00,16.6,52,0.0,1011.7,5.47,194,100,2026-09-26
Кашира,54.833,38.15,2026-10-09T15:00,16.9,49,0.0,1011.7,5.6,196,99,2026-09-26
Кашира,54.833,38.15,2026-10-09T16:00,16.6,49,0.0,1011.8,5.57,196,86,2026-09-26
Кашира,54.833,38.15,2026-10-09T17:00,15.8,49,0.0,1011.9,5.44,197,66,2026-09-26
Кашира,54.833,38.15,2026-10-09T18:00,14.8,50,0.0,1012.1,5.25,198,44,2026-09-26
Кашира,54.833,38.15,2026-10-09T19:00,13.6,52,0.0,1012.3,5.01,199,23,2026-09-26
Кашира,54.833,38.15,2026-10-09T20:00,12.5,54,0.0,1012.4,4.78,200,7,2026-09-26
Кашира,54.833,38.15,2026-10-09T21:00,11.6,56,0.0,1012.6,4.56,201,0,2026-09-26
Кашира,54.833,38.15,2026-10-09T22:00,11.0,59,0.0,1012.7,4.39,203,5,2026-09-26
Кашира,54.833,38.15,2026-10-09T23:00,10.4,62,0.0,1012.8,4.23,204,18,2026-09-26
Кашира,54.833,38.15,2026-10-10T00:00,9.8,66,0.0,1012.9,4.07,206,37,2026-09-26
Кашира,54.833,38.15,2026-10-10T01:00,9.4,71,0.0,1012.9,3.89,209,57,2026-09-26
Кашира,54.833,38.15,2026-10-10T02:00,9.1,75,0.0,1013.1,3.73,212,76,2026-09-26
Кашира,54.833,38.15,2026-10-10T03:00,8.9,78,0.0,1013.3,3.57,217,88,2026-09-26
Кашира,54.833,38.15,2026-10-10T04:00,8.9,81,0.0,1013.6,3.47,224,94,2026-09-26
Кашира,54.833,38.15,2026-10-10T05:00,9.0,83,0.0,1014.0,3.42,232,98,2026-09-26
Кашира,54.833,38.15,2026-10-10T06:00,9.3,85,0.0,1014.4,3.42,241,99,2026-09-26
Кашира,54.833,38.15,2026-10-10T07:00,9.6,86,0.0,1014.9,3.58,250,99,2026-09-26
Кашира,54.833,38.15,2026-10-10T08:00,9.9,86,0.0,1015.3,3.69,257,99,2026-09-26
Кашира,54.833,38.15,2026-10-10T09:00,10.2,85,0.0,1015.7,3.83,263,99,2026-09-26
Кашира,54.833,38.15,2026-10-10T10:00,10.6,82,0.0,1016.1,3.9,269,100,2026-09-26
Кашира,54.833,38.15,2026-10-10T11:00,11.0,77,0.0,1016.4,3.96,273,100,2026-09-26
Кашира,54.833,38.15,2026-10-10T12:00,11.5,72,0.0,1016.7,3.98,277,100,2026-09-26
Кашира,54.833,38.15,2026-10-10T13:00,11.8,67,0.0,1017.1,3.97,281,99,2026-09-26
Кашира,54.833,38.15,2026-10-10T14:00,12.0,63,0.0,1017.4,3.93,285,98,2026-09-26
Кашира,54.833,38.15,2026-10-10T15:00,11.8,62,0.0,1017.8,3.83,287,96,2026-09-26
Кашира,54.833,38.15,2026-10-10T16:00,11.2,62,0.0,1018.2,3.67,290,94,2026-09-26
Кашира,54.833,38.15,2026-10-10T17:00,10.2,65,0.0,1018.6,3.39,292,92,2026-09-26
Кашира,54.833,38.15,2026-10-10T18:00,9.1,68,0.0,1019.1,3.07,294,89,2026-09-26
Кашира,54.833,38.15,2026-10-10T19:00,7.8,73,0.0,1019.5,2.68,297,85,2026-09-26
Кашира,54.833,38.15,2026-10-10T20:00,6.7,77,0.0,1019.9,2.33,298,80,2026-09-26
Кашира,54.833,38.15,2026-10-10T21:00,5.8,80,0.0,1020.3,2.04,301,73,2026-09-26
Кашира,54.833,38.15,2026-10-10T22:00,5.0,83,0.0,1020.6,1.73,303,63,2026-09-26
Кашира,54.833,38.15,2026-10-10T23:00,4.4,84,0.0,1020.9,1.47,305,50,2026-09-26
Кашира,54.833,38.15,2026-10-11T00:00,3.8,86,0.0,1021.2,1.18,306,35,2026-09-26
Кашира,54.833,38.15,2026-10-11T01:00,4.2,87,0.0,1022.7,1.53,288,16,2026-09-26
Кашира,54.833,38.15,2026-10-11T02:00,4.7,88,0.0,1024.0,2.01,272,5,2026-09-26
Кашира,54.833,38.15,2026-10-11T03:00,5.3,89,0.0,1024.8,2.66,256,3,2026-09-26
Кашира,54.833,38.15,2026-10-11T04:00,5.8,92,0.0,1025.2,3.47,237,30,2026-09-26
Кашира,54.833,38.15,2026-10-11T05:00,5.5,94,0.0,1024.6,3.55,238,67,2026-09-26
Кашира,54.833,38.15,2026-10-11T06:00,5.6,94,0.0,1024.0,3.72,239,94,2026-09-26
Кашира,54.833,38.15,2026-10-11T07:00,6.4,90,0.0,1023.4,4.21,242,100,2026-09-26
Кашира,54.833,38.15,2026-10-11T08:00,7.6,84,0.0,1022.9,4.92,243,100,2026-09-26
Кашира,54.833,38.15,2026-10-11T09:00,8.8,78,0.0,1022.4,5.46,246,100,2026-09-26
Кашира,54.833,38.15,2026-10-11T10:00,9.7,71,0.0,1022.0,5.66,249,100,2026-09-26
Кашира,54.833,38.15,2026-10-11T11:00,10.4,63,0.0,1021.7,5.82,254,100,2026-09-26
Кашира,54.833,38.15,2026-10-11T12:00,10.9,58,0.0,1021.3,5.97,256,100,2026-09-26
Кашира,54.833,38.15,2026-10-11T13:00,10.9,58,0.0,1020.7,6.31,255,100,2026-09-26
Кашира,54.833,38.15,2026-10-11T14:00,10.6,60,0.0,1020.0,6.71,253,100,2026-09-26
Кашира,54.833,38.15,2026-10-11T15:00,10.3,63,0.0,1019.5,6.93,252,100,2026-09-26
Кашира,54.833,38.15,2026-10-11T16:00,10.1,65,0.0,1019.2,6.91,256,100,2026-09-26
Кашира,54.833,38.15,2026-10-11T17:00,10.0,68,0.0,1019.2,6.77,262,100,2026-09-26
Кашира,54.833,38.15,2026-10-11T18:00,9.9,71,0.0,1019.1,6.61,267,100,2026-09-26
Кашира,54.833,38.15,2026-10-11T19:00,9.7,76,0.1,1019.1,6.2,269,100,2026-09-26
Кашира,54.833,38.15,2026-10-11T20:00,9.5,82,0.1,1019.1,5.7,271,100,2026-09-26
Кашира,54.833,38.15,2026-10-11T21:00,9.4,86,0.1,1019.1,5.3,272,100,2026-09-26
Кашира,54.833,38.15,2026-10-11T22:00,9.4,88,0.0,1019.1,5.1,272,100,2026-09-26
Кашира,54.833,38.15,2026-10-11T23:00,9.4,89,0.0,1019.1,4.9,271,99,2026-09-26
Шереметьево,55.967,37.4,2026-09-26T00:00,9.0,97,0.0,1027.1,1.44,146,79,2026-09-26
Шереметьево,55.967,37.4,2026-09-26T01:00,8.9,98,0.0,1026.7,1.53,148,73,2026-09-26
Шереметьево,55.967,37.4,2026-09-26T02:00,8.8,98,0.0,1027.0,1.57,153,76,2026-09-26
Шереметьево,55.967,37.4,2026-09-26T03:00,8.5,97,0.0,1027.5,1.36,144,78,2026-09-26
Шереметьево,55.967,37.4,2026-09-26T04:00,8.5,97,0.0,1027.9,1.36,144,88,2026-09-26
Шереметьево,55.967,37.4,2026-09-26T05:00,8.3,98,0.0,1027.9,1.64,142,84,2026-09-26
Шереметьево,55.967,37.4,2026-09-26T06:00,8.4,98,0.0,1028.4,1.78,142,88,2026-09-26
Шереметьево,55.967,37.4,2026-09-26T07:00,8.4,98,0.0,1028.5,1.72,144,85,2026-09-26
Шереметьево,55.967,37.4,2026-09-26T08:00,8.8,96,0.0,1028.8,1.89,148,78,2026-09-26
Шереметьево,55.967,37.4,2026-09-26T09:00,9.2,96,0.0,1029.4,2.0,143,98,2026-09-26
Шереметьево,55.967,37.4,2026-09-26T10:00,10.8,85,0.0,1029.5,2.4,163,89,2026-09-26
Шереметьево,55.967,37.4,2026-09-26T11:00,12.4,77,0.0,1029.0,2.21,162,99,2026-09-26
Шереметьево,55.967,37.4,2026-09-26T12:00,13.4,76,0.0,1029.0,2.38,158,71,2026-09-26
Шереметьево,55.967,37.4,2026-09-26T13:00,14.4,70,0.0,1028.9,2.09,163,50,2026-09-26
Шереметьево,55.967,37.4,2026-09-26T14:00,15.1,65,0.0,1028.2,2.06,166,63,2026-09-26
Шереметьево,55.967,37.4,2026-09-26T15:00,15.4,63,0.0,1029.0,2.02,147,44,2026-09-26
Шереметьево,55.967,37.4,2026-09-26T16:00,15.4,60,0.0,1028.5,2.06,157,37,2026-09-26
Шереметьево,55.967,37.4,2026-09-26T17:00,14.7,65,0.0,1028.2,1.61,150,11,2026-09-26
Шереметьево,55.967,37.4,2026-09-26T18:00,13.2,73,0.0,1028.0,1.35,138,4,2026-09-26
Шереметьево,55.967,37.4,2026-09-26T19:00,11.7,82,0.0,1028.2,1.58,125,1,2026-09-26
Шереметьево,55.967,37.4,2026-09-26T20:00,10.9,89,0.0,1028.6,1.7,135,2,2026-09-26
Шереметьево,55.967,37.4,2026-09-26T21:00,10.4,92,0.0,1028.7,1.58,145,48,2026-09-26
Шереметьево,55.967,37.4,2026-09-26T22:00,10.0,92,0.0,1029.0,1.3,157,44,2026-09-26
Шереметьево,55.967,37.4,2026-09-26T23:00,9.8,91,0.0,1029.2,1.12,153,42,2026-09-26
Шереметьево,55.967,37.4,2026-09-27T00:00,9.5,91,0.0,1029.3,1.12,153,69,2026-09-26
Шереметьево,55.967,37.4,2026-09-27T01:00,9.3,89,0.0,1029.0,1.14,165,81,2026-09-26
Шереметьево,55.967,37.4,2026-09-27T02:00,9.1,88,0.0,1029.0,1.12,170,55,2026-09-26
Шереметьево,55.967,37.4,2026-09-27T03:00,8.9,87,0.0,1028.8,1.2,175,6,2026-09-26
Шереметьево,55.967,37.4,2026-09-27T04:00,8.7,87,0.0,1029.1,1.2,175,16,2026-09-26
Шереметьево,55.967,37.4,2026-09-27T05:00,8.6,87,0.0,1029.3,1.3,176,33,2026-09-26
Шереметьево,55.967,37.4,2026-09-27T06:00,8.4,87,0.0,1029.2,1.2,180,28,2026-09-26
Шереметьево,55.967,37.4,2026-09-27T07:00,8.3,88,0.0,1029.4,1.3,176,47,2026-09-26
Шереметьево,55.967,37.4,2026-09-27T08:00,9.2,86,0.0,1029.2,1.7,180,52,2026-09-26
Шереметьево,55.967,37.4,2026-09-27T09:00,10.7,81,0.0,1029.3,1.87,196,70,2026-09-26
Шереметьево,55.967,37.4,2026-09-27T10:00,12.2,75,0.0,1029.1,2.09,197,83,2026-09-26
Шереметьево,55.967,37.4,2026-09-27T11:00,13.7,70,0.0,1029.2,2.24,190,71,2026-09-26
Шереметьево,55.967,37.4,2026-09-27T12:00,15.1,67,0.0,1028.8,2.14,191,72,2026-09-26
Шереметьево,55.967,37.4,2026-09-27T13:00,15.9,65,0.0,1029.0,2.22,188,79,2026-09-26
Шереметьево,55.967,37.4,2026-09-27T14:00,16.5,63,0.0,1028.7,2.33,190,75,2026-09-26
Шереметьево,55.967,37.4,2026-09-27T15:00,16.5,64,0.0,1028.7,2.24,190,86,2026-09-26
Шереметьево,55.967,37.4,2026-09-27T16:00,16.5,65,0.0,1028.6,2.14,191,89,2026-09-26
Шереметьево,55.967,37.4,2026-09-27T17:00,15.9,69,0.0,1028.4,1.73,190,86,2026-09-26
Шереметьево,55.967,37.4,2026-09-27T18:00,14.5,76,0.0,1028.5,1.3,184,95,2026-09-26
Шереметьево,55.967,37.4,2026-09-27T19:00,13.5,81,0.0,1028.7,1.4,184,99,2026-09-26
Шереметьево,55.967,37.4,2026-09-27T20:00,13.1,82,0.0,1029.1,1.25,209,100,2026-09-26
Шереметьево,55.967,37.4,2026-09-27T21:00,12.7,84,0.1,1029.6,0.64,219,99,2026-09-26
Шереметьево,55.967,37.4,2026-09-27T22:00,12.3,88,0.2,1030.0,0.41,194,99,2026-09-26
Шереметьево,55.967,37.4,2026-09-27T23:00,12.0,91,0.4,1030.1,0.41,166,100,2026-09-26
Шереметьево,55.967,37.4,2026-09-28T00:00,11.7,92,0.1,1030.1,0.36,236,98,2026-09-26
Шереметьево,55.967,37.4,2026-09-28T01:00,11.6,93,0.3,1030.5,0.51,281,98,2026-09-26
Шереметьево,55.967,37.4,2026-09-28T02:00,11.6,93,0.2,1030.8,0.86,306,98,2026-09-26
Шереметьево,55.967,37.4,2026-09-28T03:00,11.5,94,0.0,1031.1,0.78,320,99,2026-09-26
Шереметьево,55.967,37.4,2026-09-28T04:00,11.2,95,0.0,1031.3,0.67,333,95,2026-09-26
Шереметьево,55.967,37.4,2026-09-28T05:00,10.8,96,0.0,1031.6,1.04,343,94,2026-09-26
Шереметьево,55.967,37.4,2026-09-28T06:00,10.3,97,0.0,1031.6,1.14,345,86,2026-09-26
Шереметьево,55.967,37.4,2026-09-28T07:00,10.1,97,0.0,1031.8,0.95,342,89,2026-09-26
Шереметьево,55.967,37.4,2026-09-28T08:00,10.8,97,0.0,1032.1,1.32,351,89,2026-09-26
Шереметьево,55.967,37.4,2026-09-28T09:00,11.5,92,0.0,1032.6,1.9,357,84,2026-09-26
Шереметьево,55.967,37.4,2026-09-28T10:00,12.2,88,0.0,1032.9,1.73,10,87,2026-09-26
Шереметьево,55.967,37.4,2026-09-28T11:00,13.3,81,0.0,1033.1,1.36,17,81,2026-09-26
Шереметьево,55.967,37.4,2026-09-28T12:00,14.1,74,0.0,1033.0,1.36,17,75,2026-09-26
Шереметьево,55.967,37.4,2026-09-28T13:00,14.9,69,0.0,1032.9,1.33,13,69,2026-09-26
Шереметьево,55.967,37.4,2026-09-28T14:00,15.4,66,0.0,1032.5,1.3,4,50,2026-09-26
Шереметьево,55.967,37.4,2026-09-28T15:00,15.6,63,0.0,1032.3,1.3,360,57,2026-09-26
Шереметьево,55.967,37.4,2026-09-28T16:00,15.3,63,0.0,1032.2,1.6,356,45,2026-09-26
Шереметьево,55.967,37.4,2026-09-28T17:00,14.3,69,0.0,1032.8,2.1,3,51,2026-09-26
Шереметьево,55.967,37.4,2026-09-28T18:00,12.7,79,0.0,1033.5,1.51,8,30,2026-09-26
Шереметьево,55.967,37.4,2026-09-28T19:00,11.1,85,0.0,1033.7,1.2,5,3,2026-09-26
Шереметьево,55.967,37.4,2026-09-28T20:00,10.3,84,0.0,1033.9,1.0,360,0,2026-09-26
Шереметьево,55.967,37.4,2026-09-28T21:00,9.6,84,0.0,1034.1,1.2,355,0,2026-09-26
Шереметьево,55.967,37.4,2026-09-28T22:00,9.1,84,0.0,1034.3,1.12,10,0,2026-09-26
Шереметьево,55.967,37.4,2026-09-28T23:00,8.6,84,0.0,1034.5,0.92,13,0,2026-09-26
Шереметьево,55.967,37.4,2026-09-29T00:00,8.2,84,0.0,1034.7,1.02,11,0,2026-09-26
Шереметьево,55.967,37.4,2026-09-29T01:00,7.9,84,0.0,1034.9,0.92,13,0,2026-09-26
Шереметьево,55.967,37.4,2026-09-29T02:00,7.5,86,0.0,1035.1,1.0,360,0,2026-09-26
Шереметьево,55.967,37.4,2026-09-29T03:00,7.2,87,0.0,1035.4,0.91,354,8,2026-09-26
Шереметьево,55.967,37.4,2026-09-29T04:00,6.9,88,0.0,1035.6,0.91,354,24,2026-09-26
Шереметьево,55.967,37.4,2026-09-29T05:00,6.6,89,0.0,1035.7,0.9,360,24,2026-09-26
Шереметьево,55.967,37.4,2026-09-29T06:00,6.4,90,0.0,1035.7,0.91,354,17,2026-09-26
Шереметьево,55.967,37.4,2026-09-29T07:00,6.3,91,0.0,1035.9,1.0,354,7,2026-09-26
Шереметьево,55.967,37.4,2026-09-29T08:00,7.5,90,0.0,1036.1,0.91,354,8,2026-09-26
Шереметьево,55.967,37.4,2026-09-29T09:00,9.7,86,0.0,1036.3,1.0,354,25,2026-09-26
Шереметьево,55.967,37.4,2026-09-29T10:00,11.7,77,0.0,1036.4,1.2,5,5,2026-09-26
Шереметьево,55.967,37.4,2026-09-29T11:00,13.3,66,0.0,1036.2,1.41,8,27,2026-09-26
Шереметьево,55.967,37.4,2026-09-29T12:00,14.2,61,0.0,1036.0,1.7,3,42,2026-09-26
Шереметьево,55.967,37.4,2026-09-29T13:00,14.8,61,0.0,1035.7,1.6,360,38,2026-09-26
Шереметьево,55.967,37.4,2026-09-29T14:00,15.2,59,0.0,1035.3,1.4,356,31,2026-09-26
Шереметьево,55.967,37.4,2026-09-29T15:00,15.4,58,0.0,1035.0,1.32,351,25,2026-09-26
Шереметьево,55.967,37.4,2026-09-29T16:00,15.2,58,0.0,1034.8,1.36,343,14,2026-09-26
Шереметьево,55.967,37.4,2026-09-29T17:00,14.3,65,0.0,1034.8,1.14,345,26,2026-09-26
Шереметьево,55.967,37.4,2026-09-29T18:00,12.8,74,0.0,1034.9,0.89,333,2,2026-09-26
Шереметьево,55.967,37.4,2026-09-29T19:00,11.3,78,0.0,1034.9,0.86,324,0,2026-09-26
Шереметьево,55.967,37.4,2026-09-29T20:00,10.4,80,0.0,1035.2,1.0,323,8,2026-09-26
Шереметьево,55.967,37.4,2026-09-29T21:00,9.8,81,0.0,1035.4,0.78,310,100,2026-09-26
Шереметьево,55.967,37.4,2026-09-29T22:00,9.5,81,0.0,1035.5,0.86,306,100,2026-09-26
Шереметьево,55.967,37.4,2026-09-29T23:00,9.4,81,0.0,1035.6,0.89,297,100,2026-09-26
Шереметьево,55.967,37.4,2026-09-30T00:00,9.3,81,0.0,1035.7,0.98,294,100,2026-09-26
Шереметьево,55.967,37.4,2026-09-30T01:00,9.2,82,0.0,1035.7,1.04,287,91,2026-09-26
Шереметьево,55.967,37.4,2026-09-30T02:00,9.1,83,0.0,1035.6,1.02,281,81,2026-09-26
Шереметьево,55.967,37.4,2026-09-30T03:00,8.9,84,0.0,1035.6,1.02,281,72,2026-09-26
Шереметьево,55.967,37.4,2026-09-30T04:00,8.4,86,0.0,1035.5,1.04,287,63,2026-09-26
Шереметьево,55.967,37.4,2026-09-30T05:00,7.8,87,0.0,1035.5,1.08,292,54,2026-09-26
Шереметьево,55.967,37.4,2026-09-30T06:00,7.6,88,0.0,1035.5,1.17,301,45,2026-09-26
Шереметьево,55.967,37.4,2026-09-30T07:00,8.1,87,0.0,1035.8,1.28,309,32,2026-09-26
Шереметьево,55.967,37.4,2026-09-30T08:00,9.1,86,0.0,1036.2,1.49,312,19,2026-09-26
Шереметьево,55.967,37.4,2026-09-30T09:00,10.2,83,0.0,1036.5,1.7,320,6,2026-09-26
Шереметьево,55.967,37.4,2026-09-30T10:00,11.6,79,0.0,1036.6,1.97,330,26,2026-09-26
Шереметьево,55.967,37.4,2026-09-30T11:00,13.2,74,0.0,1036.5,2.34,340,47,2026-09-26
Шереметьево,55.967,37.4,2026-09-30T12:00,14.5,70,0.0,1036.3,2.6,344,67,2026-09-26
Шереметьево,55.967,37.4,2026-09-30T13:00,15.3,68,0.0,1035.9,2.82,343,63,2026-09-26
Шереметьево,55.967,37.4,2026-09-30T14:00,15.7,67,0.0,1035.4,2.85,342,60,2026-09-26
Шереметьево,55.967,37.4,2026-09-30T15:00,15.7,67,0.0,1035.1,2.88,340,56,2026-09-26
Шереметьево,55.967,37.4,2026-09-30T16:00,15.0,69,0.0,1035.0,2.66,340,49,2026-09-26
Шереметьево,55.967,37.4,2026-09-30T17:00,13.9,72,0.0,1035.1,2.34,340,41,2026-09-26
Шереметьево,55.967,37.4,2026-09-30T18:00,12.7,76,0.0,1035.2,2.02,340,34,2026-09-26
Шереметьево,55.967,37.4,2026-09-30T19:00,11.5,81,0.0,1035.4,1.9,342,23,2026-09-26
Шереметьево,55.967,37.4,2026-09-30T20:00,10.3,87,0.0,1035.8,1.77,344,11,2026-09-26
Шереметьево,55.967,37.4,2026-09-30T21:00,9.3,91,0.0,1036.1,1.65,346,0,2026-09-26
Шереметьево,55.967,37.4,2026-09-30T22:00,8.7,92,0.0,1036.4,1.55,345,4,2026-09-26
Шереметьево,55.967,37.4,2026-09-30T23:00,8.3,91,0.0,1036.7,1.53,349,7,2026-09-26
Шереметьево,55.967,37.4,2026-10-01T00:00,7.9,90,0.0,1036.9,1.53,349,11,2026-09-26
Шереметьево,55.967,37.4,2026-10-01T01:00,7.5,90,0.0,1037.0,1.53,349,20,2026-09-26
Шереметьево,55.967,37.4,2026-10-01T02:00,7.1,91,0.0,1037.0,1.51,352,29,2026-09-26
Шереметьево,55.967,37.4,2026-10-01T03:00,6.7,91,0.0,1037.1,1.51,352,38,2026-09-26
Шереметьево,55.967,37.4,2026-10-01T04:00,6.2,92,0.0,1037.2,1.51,352,40,2026-09-26
Шереметьево,55.967,37.4,2026-10-01T05:00,5.6,93,0.0,1037.4,1.51,352,43,2026-09-26
Шереметьево,55.967,37.4,2026-10-01T06:00,5.5,93,0.0,1037.7,1.51,352,45,2026-09-26
Шереметьево,55.967,37.4,2026-10-01T07:00,6.0,92,0.0,1038.1,1.6,356,51,2026-09-26
Шереметьево,55.967,37.4,2026-10-01T08:00,6.8,91,0.0,1038.6,1.6,360,57,2026-09-26
Шереметьево,55.967,37.4,2026-10-01T09:00,7.9,87,0.0,1039.0,1.8,3,63,2026-09-26
Шереметьево,55.967,37.4,2026-10-01T10:00,9.4,80,0.0,1039.1,2.11,5,58,2026-09-26
Шереметьево,55.967,37.4,2026-10-01T11:00,11.1,71,0.0,1039.1,2.51,5,52,2026-09-26
Шереметьево,55.967,37.4,2026-10-01T12:00,12.4,64,0.0,1038.9,2.71,4,47,2026-09-26
Шереметьево,55.967,37.4,2026-10-01T13:00,13.1,59,0.0,1038.6,2.7,359,38,2026-09-26
Шереметьево,55.967,37.4,2026-10-01T14:00,13.4,57,0.0,1038.1,2.76,355,28,2026-09-26
Шереметьево,55.967,37.4,2026-10-01T15:00,13.4,56,0.0,1037.8,2.7,351,15,2026-09-26
Шереметьево,55.967,37.4,2026-10-01T16:00,12.6,60,0.0,1037.6,2.35,348,9,2026-09-26
Шереметьево,55.967,37.4,2026-10-01T17:00,11.3,67,0.0,1037.6,1.87,344,5,2026-09-26
Шереметьево,55.967,37.4,2026-10-01T18:00,9.9,73,0.0,1037.6,1.49,340,0,2026-09-26
Шереметьево,55.967,37.4,2026-10-01T19:00,8.6,79,0.0,1037.8,1.39,339,1,2026-09-26
Шереметьево,55.967,37.4,2026-10-01T20:00,7.3,84,0.0,1038.0,1.3,337,2,2026-09-26
Шереметьево,55.967,37.4,2026-10-01T21:00,6.2,88,0.0,1038.2,1.3,337,3,2026-09-26
Шереметьево,55.967,37.4,2026-10-01T22:00,5.6,89,0.0,1038.2,1.25,331,11,2026-09-26
Шереметьево,55.967,37.4,2026-10-01T23:00,5.3,88,0.0,1038.2,1.22,325,20,2026-09-26
Шереметьево,55.967,37.4,2026-10-02T00:00,5.1,88,0.0,1038.1,1.2,318,28,2026-09-26
Шереметьево,55.967,37.4,2026-10-02T01:00,4.7,89,0.0,1037.9,1.2,312,36,2026-09-26
Шереметьево,55.967,37.4,2026-10-02T02:00,4.5,91,0.0,1037.6,1.3,302,45,2026-09-26
Шереметьево,55.967,37.4,2026-10-02T03:00,4.4,92,0.0,1037.4,1.39,300,53,2026-09-26
Шереметьево,55.967,37.4,2026-10-02T04:00,4.5,93,0.0,1037.2,1.39,300,61,2026-09-26
Шереметьево,55.967,37.4,2026-10-02T05:00,4.8,94,0.0,1037.0,1.39,300,70,2026-09-26
Шереметьево,55.967,37.4,2026-10-02T06:00,5.3,94,0.0,1036.8,1.48,298,78,2026-09-26
Шереметьево,55.967,37.4,2026-10-02T07:00,6.3,91,0.0,1036.7,1.7,298,77,2026-09-26
Шереметьево,55.967,37.4,2026-10-02T08:00,7.5,87,0.0,1036.7,1.84,299,76,2026-09-26
Шереметьево,55.967,37.4,2026-10-02T09:00,8.8,82,0.0,1036.5,2.11,301,75,2026-09-26
Шереметьево,55.967,37.4,2026-10-02T10:00,10.3,76,0.0,1036.2,2.42,308,70,2026-09-26
Шереметьево,55.967,37.4,2026-10-02T11:00,11.9,70,0.0,1035.7,2.69,315,66,2026-09-26
Шереметьево,55.967,37.4,2026-10-02T12:00,13.2,64,0.0,1035.2,2.98,320,61,2026-09-26
Шереметьево,55.967,37.4,2026-10-02T13:00,13.9,59,0.0,1034.6,3.08,324,60,2026-09-26
Шереметьево,55.967,37.4,2026-10-02T14:00,14.3,55,0.0,1034.0,3.11,327,58,2026-09-26
Шереметьево,55.967,37.4,2026-10-02T15:00,14.3,54,0.0,1033.5,3.05,328,57,2026-09-26
Шереметьево,55.967,37.4,2026-10-02T16:00,13.7,59,0.0,1033.3,2.69,329,70,2026-09-26
Шереметьево,55.967,37.4,2026-10-02T17:00,12.7,67,0.0,1033.3,2.11,329,83,2026-09-26
Шереметьево,55.967,37.4,2026-10-02T18:00,11.8,74,0.0,1033.3,1.66,327,96,2026-09-26
Шереметьево,55.967,37.4,2026-10-02T19:00,11.4,77,0.0,1033.2,1.53,328,97,2026-09-26
Шереметьево,55.967,37.4,2026-10-02T20:00,11.2,80,0.0,1033.1,1.66,327,99,2026-09-26
Шереметьево,55.967,37.4,2026-10-02T21:00,11.0,82,0.0,1033.0,1.7,332,100,2026-09-26
Шереметьево,55.967,37.4,2026-10-02T22:00,10.8,86,0.0,1033.1,1.62,338,100,2026-09-26
Шереметьево,55.967,37.4,2026-10-02T23:00,10.5,90,0.0,1033.2,1.55,345,100,2026-09-26
Шереметьево,55.967,37.4,2026-10-03T00:00,10.3,93,0.0,1033.4,1.5,356,100,2026-09-26
Шереметьево,55.967,37.4,2026-10-03T01:00,10.2,94,0.0,1033.5,1.43,12,100,2026-09-26
Шереметьево,55.967,37.4,2026-10-03T02:00,10.1,94,0.0,1033.6,1.34,27,100,2026-09-26
Шереметьево,55.967,37.4,2026-10-03T03:00,9.9,94,0.0,1033.7,1.41,45,100,2026-09-26
Шереметьево,55.967,37.4,2026-10-03T04:00,9.5,93,0.0,1033.9,1.48,62,97,2026-09-26
Шереметьево,55.967,37.4,2026-10-03T05:00,9.0,92,0.0,1034.2,1.53,79,93,2026-09-26
Шереметьево,55.967,37.4,2026-10-03T06:00,8.6,91,0.0,1034.5,1.7,90,90,2026-09-26
Шереметьево,55.967,37.4,2026-10-03T07:00,8.4,90,0.0,1035.0,1.7,93,87,2026-09-26
Шереметьево,55.967,37.4,2026-10-03T08:00,8.2,89,0.0,1035.6,1.71,97,83,2026-09-26
Шереметьево,55.967,37.4,2026-10-03T09:00,8.4,87,0.0,1036.1,1.71,97,80,2026-09-26
Шереметьево,55.967,37.4,2026-10-03T10:00,9.0,82,0.0,1036.3,1.82,99,74,2026-09-26
Шереметьево,55.967,37.4,2026-10-03T11:00,10.0,75,0.0,1036.4,1.82,99,69,2026-09-26
Шереметьево,55.967,37.4,2026-10-03T12:00,10.7,69,0.0,1036.3,1.82,99,63,2026-09-26
Шереметьево,55.967,37.4,2026-10-03T13:00,11.1,64,0.0,1036.1,1.6,90,68,2026-09-26
Шереметьево,55.967,37.4,2026-10-03T14:00,11.3,60,0.0,1035.8,1.46,74,73,2026-09-26
Шереметьево,55.967,37.4,2026-10-03T15:00,11.1,59,0.0,1035.6,1.34,63,78,2026-09-26
Шереметьево,55.967,37.4,2026-10-03T16:00,10.6,62,0.0,1035.7,1.25,61,75,2026-09-26
Шереметьево,55.967,37.4,2026-10-03T17:00,9.7,67,0.0,1035.8,1.17,70,71,2026-09-26
Шереметьево,55.967,37.4,2026-10-03T18:00,8.8,71,0.0,1036.0,1.14,75,68,2026-09-26
Шереметьево,55.967,37.4,2026-10-03T19:00,7.8,74,0.0,1036.1,1.14,75,63,2026-09-26
Шереметьево,55.967,37.4,2026-10-03T20:00,6.7,76,0.0,1036.3,1.14,75,59,2026-09-26
Шереметьево,55.967,37.4,2026-10-03T21:00,5.7,78,0.0,1036.4,1.12,80,54,2026-09-26
Шереметьево,55.967,37.4,2026-10-03T22:00,4.9,79,0.0,1036.5,1.2,90,53,2026-09-26
Шереметьево,55.967,37.4,2026-10-03T23:00,4.2,78,0.0,1036.7,1.24,104,51,2026-09-26
Шереметьево,55.967,37.4,2026-10-04T00:00,3.6,78,0.0,1036.8,1.3,113,50,2026-09-26
Шереметьево,55.967,37.4,2026-10-04T01:00,2.6,79,0.0,1036.7,1.25,151,32,2026-09-26
Шереметьево,55.967,37.4,2026-10-04T02:00,1.8,81,0.0,1036.6,1.39,187,17,2026-09-26
Шереметьево,55.967,37.4,2026-10-04T03:00,1.3,84,0.0,1036.3,1.79,212,7,2026-09-26
Шереметьево,55.967,37.4,2026-10-04T04:00,1.1,86,0.0,1035.9,2.2,231,0,2026-09-26
Шереметьево,55.967,37.4,2026-10-04T05:00,1.3,85,0.0,1035.8,2.16,230,0,2026-09-26
Шереметьево,55.967,37.4,2026-10-04T06:00,1.6,83,0.0,1035.7,2.06,229,0,2026-09-26
Шереметьево,55.967,37.4,2026-10-04T07:00,2.0,81,0.0,1035.5,1.95,228,0,2026-09-26
Шереметьево,55.967,37.4,2026-10-04T08:00,2.7,78,0.0,1035.3,1.88,228,0,2026-09-26
Шереметьево,55.967,37.4,2026-10-04T09:00,3.5,76,0.0,1034.9,1.87,226,1,2026-09-26
Шереметьево,55.967,37.4,2026-10-04T10:00,4.8,72,0.0,1034.4,1.98,225,11,2026-09-26
Шереметьево,55.967,37.4,2026-10-04T11:00,6.5,67,0.0,1033.7,2.09,222,25,2026-09-26
Шереметьево,55.967,37.4,2026-10-04T12:00,8.5,63,0.0,1033.0,2.3,221,42,2026-09-26
Шереметьево,55.967,37.4,2026-10-04T13:00,10.3,59,0.0,1032.3,2.52,219,58,2026-09-26
Шереметьево,55.967,37.4,2026-10-04T14:00,11.8,57,0.0,1031.6,2.7,219,72,2026-09-26
Шереметьево,55.967,37.4,2026-10-04T15:00,12.6,56,0.0,1031.0,2.84,219,81,2026-09-26
Шереметьево,55.967,37.4,2026-10-04T16:00,12.6,58,0.0,1030.5,2.98,221,84,2026-09-26
Шереметьево,55.967,37.4,2026-10-04T17:00,12.0,62,0.0,1030.1,3.11,224,84,2026-09-26
Шереметьево,55.967,37.4,2026-10-04T18:00,11.1,67,0.0,1029.8,3.26,227,81,2026-09-26
Шереметьево,55.967,37.4,2026-10-04T19:00,10.0,73,0.0,1029.5,3.37,230,77,2026-09-26
Шереметьево,55.967,37.4,2026-10-04T20:00,9.0,79,0.0,1029.2,3.5,233,74,2026-09-26
Шереметьево,55.967,37.4,2026-10-04T21:00,8.3,83,0.0,1028.8,3.52,235,73,2026-09-26
Шереметьево,55.967,37.4,2026-10-04T22:00,8.0,87,0.0,1028.4,3.51,237,74,2026-09-26
Шереметьево,55.967,37.4,2026-10-04T23:00,7.8,89,0.0,1028.0,3.43,239,76,2026-09-26
Шереметьево,55.967,37.4,2026-10-05T00:00,7.6,91,0.0,1027.7,3.31,241,79,2026-09-26
Шереметьево,55.967,37.4,2026-10-05T01:00,7.6,92,0.0,1027.3,3.2,243,82,2026-09-26
Шереметьево,55.967,37.4,2026-10-05T02:00,7.6,93,0.0,1026.9,3.11,244,85,2026-09-26
Шереметьево,55.967,37.4,2026-10-05T03:00,7.6,94,0.0,1026.5,3.04,245,88,2026-09-26
Шереметьево,55.967,37.4,2026-10-05T04:00,7.6,95,0.0,1026.1,3.02,243,90,2026-09-26
Шереметьево,55.967,37.4,2026-10-05T05:00,7.6,96,0.0,1025.8,3.05,240,93,2026-09-26
Шереметьево,55.967,37.4,2026-10-05T06:00,7.6,96,0.0,1025.5,3.08,238,95,2026-09-26
Шереметьево,55.967,37.4,2026-10-05T07:00,7.7,96,0.0,1025.1,3.12,235,97,2026-09-26
Шереметьево,55.967,37.4,2026-10-05T08:00,8.0,94,0.0,1024.7,3.14,233,99,2026-09-26
Шереметьево,55.967,37.4,2026-10-05T09:00,8.4,92,0.0,1024.3,3.15,234,100,2026-09-26
Шереметьево,55.967,37.4,2026-10-05T10:00,9.2,87,0.0,1023.8,3.12,238,100,2026-09-26
Шереметьево,55.967,37.4,2026-10-05T11:00,10.3,81,0.0,1023.3,3.13,245,100,2026-09-26
Шереметьево,55.967,37.4,2026-10-05T12:00,11.5,75,0.0,1022.7,3.17,254,100,2026-09-26
Шереметьево,55.967,37.4,2026-10-05T13:00,12.7,69,0.0,1022.1,3.28,262,100,2026-09-26
Шереметьево,55.967,37.4,2026-10-05T14:00,13.6,65,0.0,1021.6,3.45,269,100,2026-09-26
Шереметьево,55.967,37.4,2026-10-05T15:00,14.0,63,0.0,1021.2,3.55,272,100,2026-09-26
Шереметьево,55.967,37.4,2026-10-05T16:00,13.9,64,0.0,1020.9,3.61,273,99,2026-09-26
Шереметьево,55.967,37.4,2026-10-05T17:00,13.4,66,0.0,1020.7,3.6,272,98,2026-09-26
Шереметьево,55.967,37.4,2026-10-05T18:00,12.6,69,0.0,1020.5,3.55,271,97,2026-09-26
Шереметьево,55.967,37.4,2026-10-05T19:00,11.8,74,0.0,1020.4,3.5,268,96,2026-09-26
Шереметьево,55.967,37.4,2026-10-05T20:00,11.0,78,0.0,1020.2,3.41,266,95,2026-09-26
Шереметьево,55.967,37.4,2026-10-05T21:00,10.5,81,0.0,1020.0,3.37,264,95,2026-09-26
Шереметьево,55.967,37.4,2026-10-05T22:00,10.2,83,0.0,1019.7,3.32,263,96,2026-09-26
Шереметьево,55.967,37.4,2026-10-05T23:00,10.1,84,0.0,1019.4,3.23,262,97,2026-09-26
Шереметьево,55.967,37.4,2026-10-06T00:00,10.0,86,0.0,1019.1,3.09,261,99,2026-09-26
Шереметьево,55.967,37.4,2026-10-06T01:00,10.1,86,0.0,1018.8,3.05,260,100,2026-09-26
Шереметьево,55.967,37.4,2026-10-06T02:00,10.1,87,0.0,1018.5,2.96,258,100,2026-09-26
Шереметьево,55.967,37.4,2026-10-06T03:00,10.2,87,0.0,1018.3,2.93,256,100,2026-09-26
Шереметьево,55.967,37.4,2026-10-06T04:00,10.3,87,0.0,1018.1,2.97,253,96,2026-09-26
Шереметьево,55.967,37.4,2026-10-06T05:00,10.5,88,0.0,1018.0,2.97,250,91,2026-09-26
Шереметьево,55.967,37.4,2026-10-06T06:00,10.7,87,0.0,1017.9,3.09,247,84,2026-09-26
Шереметьево,55.967,37.4,2026-10-06T07:00,10.9,87,0.0,1017.7,3.2,245,78,2026-09-26
Шереметьево,55.967,37.4,2026-10-06T08:00,11.2,86,0.0,1017.5,3.31,243,73,2026-09-26
Шереметьево,55.967,37.4,2026-10-06T09:00,11.5,84,0.0,1017.3,3.44,242,71,2026-09-26
Шереметьево,55.967,37.4,2026-10-06T10:00,11.9,81,0.0,1017.0,3.64,243,73,2026-09-26
Шереметьево,55.967,37.4,2026-10-06T11:00,12.5,76,0.0,1016.5,3.85,245,77,2026-09-26
Шереметьево,55.967,37.4,2026-10-06T12:00,13.0,71,0.0,1016.0,4.12,247,84,2026-09-26
Шереметьево,55.967,37.4,2026-10-06T13:00,13.5,67,0.0,1015.6,4.34,249,90,2026-09-26
Шереметьево,55.967,37.4,2026-10-06T14:00,13.9,63,0.0,1015.1,4.49,251,96,2026-09-26
Шереметьево,55.967,37.4,2026-10-06T15:00,14.0,62,0.0,1014.8,4.57,252,100,2026-09-26
Шереметьево,55.967,37.4,2026-10-06T16:00,13.8,62,0.0,1014.6,4.46,252,100,2026-09-26
Шереметьево,55.967,37.4,2026-10-06T17:00,13.4,63,0.0,1014.4,4.22,253,100,2026-09-26
Шереметьево,55.967,37.4,2026-10-06T18:00,12.8,66,0.0,1014.4,3.91,254,100,2026-09-26
Шереметьево,55.967,37.4,2026-10-06T19:00,12.1,69,0.0,1014.3,3.59,254,100,2026-09-26
Шереметьево,55.967,37.4,2026-10-06T20:00,11.5,73,0.0,1014.1,3.29,253,100,2026-09-26
Шереметьево,55.967,37.4,2026-10-06T21:00,11.1,76,0.0,1013.9,3.15,252,100,2026-09-26
Шереметьево,55.967,37.4,2026-10-06T22:00,10.9,78,0.1,1013.5,3.07,251,100,2026-09-26
Шереметьево,55.967,37.4,2026-10-06T23:00,10.7,81,0.1,1013.1,3.12,248,100,2026-09-26
Шереметьево,55.967,37.4,2026-10-07T00:00,10.7,84,0.1,1012.6,3.18,246,100,2026-09-26
Шереметьево,55.967,37.4,2026-10-07T01:00,10.6,87,0.1,1012.0,3.29,244,100,2026-09-26
Шереметьево,55.967,37.4,2026-10-07T02:00,10.7,90,0.1,1011.6,3.4,242,100,2026-09-26
Шереметьево,55.967,37.4,2026-10-07T03:00,10.8,91,0.1,1011.2,3.54,241,100,2026-09-26
Шереметьево,55.967,37.4,2026-10-07T04:00,11.0,91,0.0,1010.9,3.72,241,100,2026-09-26
Шереметьево,55.967,37.4,2026-10-07T05:00,11.2,91,0.0,1010.7,3.96,242,100,2026-09-26
Шереметьево,55.967,37.4,2026-10-07T06:00,11.6,90,0.0,1010.6,4.2,243,99,2026-09-26
Шереметьево,55.967,37.4,2026-10-07T07:00,12.0,88,0.0,1010.5,4.45,244,99,2026-09-26
Шереметьево,55.967,37.4,2026-10-07T08:00,12.3,86,0.0,1010.3,4.65,245,99,2026-09-26
Шереметьево,55.967,37.4,2026-10-07T09:00,12.7,84,0.0,1010.2,4.81,245,99,2026-09-26
Шереметьево,55.967,37.4,2026-10-07T10:00,13.1,81,0.0,1010.0,4.94,244,99,2026-09-26
Шереметьево,55.967,37.4,2026-10-07T11:00,13.5,77,0.0,1009.8,4.99,243,100,2026-09-26
Шереметьево,55.967,37.4,2026-10-07T12:00,13.9,73,0.0,1009.5,5.03,242,100,2026-09-26
Шереметьево,55.967,37.4,2026-10-07T13:00,14.3,70,0.0,1009.3,5.08,241,100,2026-09-26
Шереметьево,55.967,37.4,2026-10-07T14:00,14.6,67,0.0,1009.2,5.06,240,100,2026-09-26
Шереметьево,55.967,37.4,2026-10-07T15:00,14.6,65,0.0,1009.2,5.06,240,100,2026-09-26
Шереметьево,55.967,37.4,2026-10-07T16:00,14.4,66,0.0,1009.3,5.01,241,99,2026-09-26
Шереметьево,55.967,37.4,2026-10-07T17:00,14.0,67,0.0,1009.5,4.92,243,97,2026-09-26
Шереметьево,55.967,37.4,2026-10-07T18:00,13.5,69,0.0,1009.9,4.79,245,94,2026-09-26
Шереметьево,55.967,37.4,2026-10-07T19:00,12.9,71,0.0,1010.2,4.69,248,92,2026-09-26
Шереметьево,55.967,37.4,2026-10-07T20:00,12.4,74,0.0,1010.5,4.52,250,90,2026-09-26
Шереметьево,55.967,37.4,2026-10-07T21:00,11.9,76,0.0,1010.8,4.38,251,88,2026-09-26
Шереметьево,55.967,37.4,2026-10-07T22:00,11.4,79,0.0,1011.1,4.19,253,86,2026-09-26
Шереметьево,55.967,37.4,2026-10-07T23:00,10.9,81,0.0,1011.3,3.97,253,85,2026-09-26
Шереметьево,55.967,37.4,2026-10-08T00:00,10.5,84,0.0,1011.6,3.69,254,83,2026-09-26
Шереметьево,55.967,37.4,2026-10-08T01:00,10.0,87,0.0,1011.8,3.43,254,82,2026-09-26
Шереметьево,55.967,37.4,2026-10-08T02:00,9.7,89,0.0,1012.0,3.19,253,82,2026-09-26
Шереметьево,55.967,37.4,2026-10-08T03:00,9.5,91,0.0,1012.2,2.99,249,82,2026-09-26
Шереметьево,55.967,37.4,2026-10-08T04:00,9.3,92,0.0,1012.4,2.82,243,85,2026-09-26
Шереметьево,55.967,37.4,2026-10-08T05:00,9.2,93,0.0,1012.5,2.71,232,90,2026-09-26
Шереметьево,55.967,37.4,2026-10-08T06:00,9.2,94,0.0,1012.6,2.73,221,96,2026-09-26
Шереметьево,55.967,37.4,2026-10-08T07:00,9.3,94,0.0,1012.7,2.92,211,100,2026-09-26
Шереметьево,55.967,37.4,2026-10-08T08:00,9.5,93,0.0,1012.7,3.2,205,100,2026-09-26
Шереметьево,55.967,37.4,2026-10-08T09:00,10.0,90,0.0,1012.6,3.47,203,99,2026-09-26
Шереметьево,55.967,37.4,2026-10-08T10:00,10.8,85,0.0,1012.4,3.85,206,89,2026-09-26
Шереметьево,55.967,37.4,2026-10-08T11:00,12.1,78,0.0,1012.0,4.31,212,74,2026-09-26
Шереметьево,55.967,37.4,2026-10-08T12:00,13.6,71,0.0,1011.6,4.88,218,56,2026-09-26
Шереметьево,55.967,37.4,2026-10-08T13:00,14.9,65,0.0,1011.2,5.48,223,38,2026-09-26
Шереметьево,55.967,37.4,2026-10-08T14:00,16.0,60,0.0,1010.8,5.91,226,21,2026-09-26
Шереметьево,55.967,37.4,2026-10-08T15:00,16.5,58,0.0,1010.6,6.12,227,10,2026-09-26
Шереметьево,55.967,37.4,2026-10-08T16:00,16.4,59,0.0,1010.5,6.01,226,3,2026-09-26
Шереметьево,55.967,37.4,2026-10-08T17:00,15.7,61,0.0,1010.5,5.62,224,0,2026-09-26
Шереметьево,55.967,37.4,2026-10-08T18:00,14.7,65,0.0,1010.5,5.11,220,0,2026-09-26
Шереметьево,55.967,37.4,2026-10-08T19:00,13.7,70,0.0,1010.5,4.56,215,0,2026-09-26
Шереметьево,55.967,37.4,2026-10-08T20:00,12.6,75,0.0,1010.6,4.16,209,0,2026-09-26
Шереметьево,55.967,37.4,2026-10-08T21:00,11.9,78,0.0,1010.6,3.89,204,0,2026-09-26
Шереметьево,55.967,37.4,2026-10-08T22:00,11.3,81,0.0,1010.6,3.77,202,11,2026-09-26
Шереметьево,55.967,37.4,2026-10-08T23:00,10.9,83,0.0,1010.5,3.69,201,29,2026-09-26
Шереметьево,55.967,37.4,2026-10-09T00:00,10.5,85,0.0,1010.4,3.67,200,50,2026-09-26
Шереметьево,55.967,37.4,2026-10-09T01:00,10.1,86,0.0,1010.4,3.67,200,70,2026-09-26
Шереметьево,55.967,37.4,2026-10-09T02:00,9.9,87,0.0,1010.3,3.67,200,87,2026-09-26
Шереметьево,55.967,37.4,2026-10-09T03:00,9.7,88,0.0,1010.3,3.59,199,98,2026-09-26
Шереметьево,55.967,37.4,2026-10-09T04:00,9.6,89,0.0,1010.3,3.5,197,100,2026-09-26
Шереметьево,55.967,37.4,2026-10-09T05:00,9.6,90,0.0,1010.3,3.35,194,99,2026-09-26
Шереметьево,55.967,37.4,2026-10-09T06:00,9.7,91,0.0,1010.4,3.2,190,94,2026-09-26
Шереметьево,55.967,37.4,2026-10-09T07:00,9.8,91,0.0,1010.4,3.07,187,87,2026-09-26
Шереметьево,55.967,37.4,2026-10-09T08:00,10.1,90,0.0,1010.4,3.06,184,81,2026-09-26
Шереметьево,55.967,37.4,2026-10-09T09:00,10.5,87,0.0,1010.4,3.1,182,78,2026-09-26
Шереметьево,55.967,37.4,2026-10-09T10:00,11.2,83,0.0,1010.3,3.3,182,78,2026-09-26
Шереметьево,55.967,37.4,2026-10-09T11:00,12.2,76,0.0,1010.1,3.55,182,80,2026-09-26
Шереметьево,55.967,37.4,2026-10-09T12:00,13.3,70,0.0,1009.9,3.91,183,83,2026-09-26
Шереметьево,55.967,37.4,2026-10-09T13:00,14.3,64,0.0,1009.6,4.21,183,85,2026-09-26
Шереметьево,55.967,37.4,2026-10-09T14:00,15.1,59,0.0,1009.5,4.52,185,85,2026-09-26
Шереметьево,55.967,37.4,2026-10-09T15:00,15.5,57,0.0,1009.4,4.68,186,82,2026-09-26
Шереметьево,55.967,37.4,2026-10-09T16:00,15.3,57,0.0,1009.4,4.74,187,73,2026-09-26
Шереметьево,55.967,37.4,2026-10-09T17:00,14.7,59,0.0,1009.5,4.81,189,59,2026-09-26
Шереметьево,55.967,37.4,2026-10-09T18:00,13.9,61,0.0,1009.7,4.79,191,42,2026-09-26
Шереметьево,55.967,37.4,2026-10-09T19:00,13.0,65,0.0,1009.8,4.72,193,27,2026-09-26
Шереметьево,55.967,37.4,2026-10-09T20:00,12.2,68,0.0,1010.0,4.57,196,16,2026-09-26
Шереметьево,55.967,37.4,2026-10-09T21:00,11.7,71,0.0,1010.2,4.4,199,13,2026-09-26
Шереметьево,55.967,37.4,2026-10-09T22:00,11.4,74,0.0,1010.4,4.12,204,19,2026-09-26
Шереметьево,55.967,37.4,2026-10-09T23:00,11.2,76,0.0,1010.5,3.79,211,34,2026-09-26
Шереметьево,55.967,37.4,2026-10-10T00:00,11.2,79,0.0,1010.6,3.51,220,52,2026-09-26
Шереметьево,55.967,37.4,2026-10-10T01:00,11.1,81,0.0,1010.8,3.26,230,72,2026-09-26
Шереметьево,55.967,37.4,2026-10-10T02:00,11.0,83,0.0,1011.1,3.16,241,89,2026-09-26
Шереметьево,55.967,37.4,2026-10-10T03:00,10.8,84,0.0,1011.4,3.2,250,100,2026-09-26
Шереметьево,55.967,37.4,2026-10-10T04:00,10.5,85,0.0,1011.8,3.29,257,100,2026-09-26
Шереметьево,55.967,37.4,2026-10-10T05:00,10.0,84,0.0,1012.4,3.44,262,100,2026-09-26
Шереметьево,55.967,37.4,2026-10-10T06:00,9.5,84,0.0,1012.9,3.61,266,100,2026-09-26
Шереметьево,55.967,37.4,2026-10-10T07:00,9.0,83,0.0,1013.5,3.75,269,100,2026-09-26
Шереметьево,55.967,37.4,2026-10-10T08:00,8.6,81,0.0,1014.1,3.85,271,100,2026-09-26
Шереметьево,55.967,37.4,2026-10-10T09:00,8.4,79,0.0,1014.7,3.96,274,100,2026-09-26
Шереметьево,55.967,37.4,2026-10-10T10:00,8.5,76,0.0,1015.2,4.02,276,100,2026-09-26
Шереметьево,55.967,37.4,2026-10-10T11:00,8.8,71,0.0,1015.7,4.03,276,100,2026-09-26
Шереметьево,55.967,37.4,2026-10-10T12:00,9.1,66,0.0,1016.2,4.04,278,100,2026-09-26
Шереметьево,55.967,37.4,2026-10-10T13:00,9.5,62,0.0,1016.7,4.0,279,100,2026-09-26
Шереметьево,55.967,37.4,2026-10-10T14:00,9.7,59,0.0,1017.2,3.9,280,100,2026-09-26
Шереметьево,55.967,37.4,2026-10-10T15:00,9.8,57,0.0,1017.7,3.78,281,99,2026-09-26
Шереметьево,55.967,37.4,2026-10-10T16:00,9.6,57,0.0,1018.2,3.57,285,91,2026-09-26
Шереметьево,55.967,37.4,2026-10-10T17:00,9.2,58,0.0,1018.7,3.32,288,79,2026-09-26
Шереметьево,55.967,37.4,2026-10-10T18:00,8.7,60,0.0,1019.3,3.05,293,66,2026-09-26
Шереметьево,55.967,37.4,2026-10-10T19:00,8.2,63,0.0,1019.8,2.75,299,52,2026-09-26
Шереметьево,55.967,37.4,2026-10-10T20:00,7.6,65,0.0,1020.2,2.51,305,39,2026-09-26
Шереметьево,55.967,37.4,2026-10-10T21:00,6.9,68,0.0,1020.6,2.34,310,29,2026-09-26
Шереметьево,55.967,37.4,2026-10-10T22:00,6.2,71,0.0,1020.9,2.16,312,21,2026-09-26
Шереметьево,55.967,37.4,2026-10-10T23:00,5.3,75,0.0,1021.1,1.91,313,15,2026-09-26
Шереметьево,55.967,37.4,2026-10-11T00:00,4.3,79,0.0,1021.3,1.7,310,10,2026-09-26
Шереметьево,55.967,37.4,2026-10-11T01:00,4.4,85,0.0,1022.4,2.02,291,18,2026-09-26
Шереметьево,55.967,37.4,2026-10-11T02:00,4.9,89,0.0,1022.9,2.53,272,40,2026-09-26
Шереметьево,55.967,37.4,2026-10-11T03:00,5.8,92,0.0,1023.0,3.3,254,70,2026-09-26
Шереметьево,55.967,37.4,2026-10-11T04:00,7.0,92,0.0,1022.6,4.22,239,99,2026-09-26
Шереметьево,55.967,37.4,2026-10-11T05:00,7.1,91,0.0,1021.9,4.49,238,100,2026-09-26
Шереметьево,55.967,37.4,2026-10-11T06:00,7.4,88,0.0,1021.2,4.8,239,100,2026-09-26
Шереметьево,55.967,37.4,2026-10-11T07:00,8.0,82,0.0,1020.6,5.06,240,100,2026-09-26
Шереметьево,55.967,37.4,2026-10-11T08:00,8.8,74,0.0,1020.2,5.28,243,100,2026-09-26
Шереметьево,55.967,37.4,2026-10-11T09:00,9.3,69,0.0,1019.7,5.55,244,100,2026-09-26
Шереметьево,55.967,37.4,2026-10-11T10:00,9.4,71,0.2,1019.2,5.77,242,100,2026-09-26
Шереметьево,55.967,37.4,2026-10-11T11:00,9.2,77,0.2,1018.7,5.97,239,100,2026-09-26
Шереметьево,55.967,37.4,2026-10-11T12:00,9.1,82,0.2,1018.2,6.19,239,100,2026-09-26
Шереметьево,55.967,37.4,2026-10-11T13:00,9.2,83,0.1,1017.8,6.4,245,100,2026-09-26
Шереметьево,55.967,37.4,2026-10-11T14:00,9.4,83,0.1,1017.4,6.68,253,100,2026-09-26
Шереметьево,55.967,37.4,2026-10-11T15:00,9.6,83,0.1,1017.2,6.71,260,100,2026-09-26
Шереметьево,55.967,37.4,2026-10-11T16:00,9.8,84,0.0,1017.2,6.25,263,100,2026-09-26
Шереметьево,55.967,37.4,2026-10-11T17:00,9.9,85,0.0,1017.3,5.51,266,100,2026-09-26
Шереметьево,55.967,37.4,2026-10-11T18:00,10.0,86,0.0,1017.4,4.9,268,100,2026-09-26
Шереметьево,55.967,37.4,2026-10-11T19:00,10.2,88,0.0,1017.4,4.8,268,100,2026-09-26
Шереметьево,55.967,37.4,2026-10-11T20:00,10.4,90,0.0,1017.5,4.91,266,100,2026-09-26
Шереметьево,55.967,37.4,2026-10-11T21:00,10.5,91,0.0,1017.6,4.9,270,100,2026-09-26
Шереметьево,55.967,37.4,2026-10-11T22:00,10.8,90,0.0,1017.9,4.73,283,100,2026-09-26
Шереметьево,55.967,37.4,2026-10-11T23:00,11.0,87,0.0,1018.3,4.94,302,100,2026-09-26
Внуково,55.583,37.267,2026-09-26T00:00,8.3,98,0.0,1027.3,1.53,148,65,2026-09-26
Внуково,55.583,37.267,2026-09-26T01:00,8.1,98,0.0,1026.9,1.66,147,67,2026-09-26
Внуково,55.583,37.267,2026-09-26T02:00,7.9,98,0.0,1027.1,1.61,150,72,2026-09-26
Внуково,55.583,37.267,2026-09-26T03:00,7.5,98,0.0,1027.6,1.44,146,69,2026-09-26
Внуково,55.583,37.267,2026-09-26T04:00,7.4,98,0.0,1027.9,1.3,148,99,2026-09-26
Внуково,55.583,37.267,2026-09-26T05:00,7.0,98,0.0,1027.9,1.35,138,56,2026-09-26
Внуково,55.583,37.267,2026-09-26T06:00,7.1,99,0.0,1028.5,1.35,132,61,2026-09-26
Внуково,55.583,37.267,2026-09-26T07:00,7.1,98,0.0,1028.6,1.35,138,58,2026-09-26
Внуково,55.583,37.267,2026-09-26T08:00,8.2,96,0.0,1028.8,1.64,142,55,2026-09-26
Внуково,55.583,37.267,2026-09-26T09:00,9.6,91,0.0,1029.4,2.42,156,90,2026-09-26
Внуково,55.583,37.267,2026-09-26T10:00,11.2,86,0.0,1029.4,2.06,151,84,2026-09-26
Внуково,55.583,37.267,2026-09-26T11:00,12.8,81,0.0,1029.0,2.11,149,100,2026-09-26
Внуково,55.583,37.267,2026-09-26T12:00,14.5,73,0.0,1028.7,2.15,158,53,2026-09-26
Внуково,55.583,37.267,2026-09-26T13:00,15.4,63,0.0,1028.7,2.3,182,56,2026-09-26
Внуково,55.583,37.267,2026-09-26T14:00,15.7,58,0.0,1028.1,2.2,183,78,2026-09-26
Внуково,55.583,37.267,2026-09-26T15:00,16.3,56,0.0,1028.9,2.04,169,38,2026-09-26
Внуково,55.583,37.267,2026-09-26T16:00,15.8,60,0.0,1028.4,1.94,168,45,2026-09-26
Внуково,55.583,37.267,2026-09-26T17:00,15.0,67,0.0,1028.1,1.34,153,1,2026-09-26
Внуково,55.583,37.267,2026-09-26T18:00,13.3,75,0.0,1028.1,1.08,146,44,2026-09-26
Внуково,55.583,37.267,2026-09-26T19:00,11.8,78,0.0,1028.2,1.28,141,63,2026-09-26
Внуково,55.583,37.267,2026-09-26T20:00,10.8,82,0.0,1028.6,1.36,144,2,2026-09-26
Внуково,55.583,37.267,2026-09-26T21:00,10.3,84,0.0,1028.7,1.3,148,5,2026-09-26
Внуково,55.583,37.267,2026-09-26T22:00,9.9,84,0.0,1029.0,1.25,151,87,2026-09-26
Внуково,55.583,37.267,2026-09-26T23:00,9.7,84,0.0,1029.3,1.21,156,100,2026-09-26
Внуково,55.583,37.267,2026-09-27T00:00,9.7,83,0.0,1029.4,1.14,165,100,2026-09-26
Внуково,55.583,37.267,2026-09-27T01:00,9.6,82,0.0,1029.1,1.2,175,97,2026-09-26
Внуково,55.583,37.267,2026-09-27T02:00,9.4,82,0.0,1029.1,1.2,175,91,2026-09-26
Внуково,55.583,37.267,2026-09-27T03:00,9.1,83,0.0,1029.0,1.2,175,90,2026-09-26
Внуково,55.583,37.267,2026-09-27T04:00,8.9,84,0.0,1029.3,1.2,175,39,2026-09-26
Внуково,55.583,37.267,2026-09-27T05:00,8.7,84,0.0,1029.5,1.3,180,38,2026-09-26
Внуково,55.583,37.267,2026-09-27T06:00,8.4,85,0.0,1029.5,1.4,180,42,2026-09-26
Внуково,55.583,37.267,2026-09-27T07:00,8.4,85,0.0,1029.6,1.3,180,41,2026-09-26
Внуково,55.583,37.267,2026-09-27T08:00,9.2,85,0.0,1029.5,1.8,180,47,2026-09-26
Внуково,55.583,37.267,2026-09-27T09:00,11.1,79,0.0,1029.5,1.82,189,95,2026-09-26
Внуково,55.583,37.267,2026-09-27T10:00,13.0,72,0.0,1029.4,2.28,195,97,2026-09-26
Внуково,55.583,37.267,2026-09-27T11:00,14.5,67,0.0,1029.3,2.44,199,98,2026-09-26
Внуково,55.583,37.267,2026-09-27T12:00,15.5,64,0.0,1029.0,2.28,195,100,2026-09-26
Внуково,55.583,37.267,2026-09-27T13:00,16.5,62,0.0,1029.2,2.28,195,79,2026-09-26
Внуково,55.583,37.267,2026-09-27T14:00,17.1,60,0.0,1029.0,2.45,192,71,2026-09-26
Внуково,55.583,37.267,2026-09-27T15:00,17.1,59,0.0,1029.0,2.53,198,79,2026-09-26
Внуково,55.583,37.267,2026-09-27T16:00,16.7,61,0.0,1028.9,2.12,188,92,2026-09-26
Внуково,55.583,37.267,2026-09-27T17:00,15.7,70,0.0,1028.7,1.84,167,85,2026-09-26
Внуково,55.583,37.267,2026-09-27T18:00,14.0,79,0.0,1028.8,1.75,167,95,2026-09-26
Внуково,55.583,37.267,2026-09-27T19:00,12.6,82,0.0,1029.0,1.81,174,96,2026-09-26
Внуково,55.583,37.267,2026-09-27T20:00,11.6,85,0.0,1029.4,1.7,180,82,2026-09-26
Внуково,55.583,37.267,2026-09-27T21:00,11.1,87,0.0,1029.9,1.12,207,97,2026-09-26
Внуково,55.583,37.267,2026-09-27T22:00,10.8,88,0.0,1030.2,0.94,238,99,2026-09-26
Внуково,55.583,37.267,2026-09-27T23:00,10.8,89,0.0,1030.2,0.72,214,100,2026-09-26
Внуково,55.583,37.267,2026-09-28T00:00,10.7,89,0.0,1030.3,0.67,207,99,2026-09-26
Внуково,55.583,37.267,2026-09-28T01:00,10.8,90,0.1,1030.6,0.45,207,97,2026-09-26
Внуково,55.583,37.267,2026-09-28T02:00,10.5,92,0.4,1030.9,0.32,288,97,2026-09-26
Внуково,55.583,37.267,2026-09-28T03:00,10.6,93,0.3,1031.2,0.3,360,95,2026-09-26
Внуково,55.583,37.267,2026-09-28T04:00,10.7,93,0.1,1031.3,0.4,360,95,2026-09-26
Внуково,55.583,37.267,2026-09-28T05:00,10.9,94,0.0,1031.4,0.7,360,95,2026-09-26
Внуково,55.583,37.267,2026-09-28T06:00,10.8,95,0.0,1031.4,0.95,342,87,2026-09-26
Внуково,55.583,37.267,2026-09-28T07:00,10.4,97,0.0,1031.6,1.24,346,82,2026-09-26
Внуково,55.583,37.267,2026-09-28T08:00,10.9,97,0.0,1032.0,1.4,356,89,2026-09-26
Внуково,55.583,37.267,2026-09-28T09:00,11.6,94,0.0,1032.4,1.75,13,86,2026-09-26
Внуково,55.583,37.267,2026-09-28T10:00,12.6,87,0.0,1032.7,1.8,19,90,2026-09-26
Внуково,55.583,37.267,2026-09-28T11:00,13.7,80,0.0,1032.9,1.84,22,72,2026-09-26
Внуково,55.583,37.267,2026-09-28T12:00,14.5,74,0.0,1032.8,1.87,16,79,2026-09-26
Внуково,55.583,37.267,2026-09-28T13:00,15.0,70,0.0,1032.8,1.75,13,93,2026-09-26
Внуково,55.583,37.267,2026-09-28T14:00,15.2,69,0.0,1032.4,1.68,17,81,2026-09-26
Внуково,55.583,37.267,2026-09-28T15:00,15.5,68,0.0,1032.3,1.58,18,67,2026-09-26
Внуково,55.583,37.267,2026-09-28T16:00,15.3,67,0.0,1032.1,1.53,11,45,2026-09-26
Внуково,55.583,37.267,2026-09-28T17:00,14.7,71,0.0,1032.5,1.22,9,35,2026-09-26
Внуково,55.583,37.267,2026-09-28T18:00,13.2,79,0.0,1033.0,0.9,360,41,2026-09-26
Внуково,55.583,37.267,2026-09-28T19:00,11.8,83,0.0,1033.3,1.6,360,56,2026-09-26
Внуково,55.583,37.267,2026-09-28T20:00,10.6,90,0.0,1033.6,1.61,7,22,2026-09-26
Внуково,55.583,37.267,2026-09-28T21:00,10.0,90,0.0,1033.8,1.2,5,5,2026-09-26
Внуково,55.583,37.267,2026-09-28T22:00,9.3,89,0.0,1034.2,1.2,5,11,2026-09-26
Внуково,55.583,37.267,2026-09-28T23:00,8.9,87,0.0,1034.3,1.14,15,0,2026-09-26
Внуково,55.583,37.267,2026-09-29T00:00,8.3,88,0.0,1034.5,1.0,6,0,2026-09-26
Внуково,55.583,37.267,2026-09-29T01:00,7.8,89,0.0,1034.7,1.0,6,0,2026-09-26
Внуково,55.583,37.267,2026-09-29T02:00,7.4,90,0.0,1034.9,1.1,360,0,2026-09-26
Внуково,55.583,37.267,2026-09-29T03:00,7.0,90,0.0,1035.3,1.0,6,0,2026-09-26
Внуково,55.583,37.267,2026-09-29T04:00,6.8,90,0.0,1035.5,0.9,360,0,2026-09-26
Внуково,55.583,37.267,2026-09-29T05:00,6.4,90,0.0,1035.6,0.91,6,0,2026-09-26
Внуково,55.583,37.267,2026-09-29T06:00,6.2,91,0.0,1035.6,0.9,360,0,2026-09-26
Внуково,55.583,37.267,2026-09-29T07:00,6.0,91,0.0,1035.8,1.0,354,0,2026-09-26
Внуково,55.583,37.267,2026-09-29T08:00,7.5,91,0.0,1036.0,1.0,360,0,2026-09-26
Внуково,55.583,37.267,2026-09-29T09:00,9.8,85,0.0,1036.3,1.2,5,0,2026-09-26
Внуково,55.583,37.267,2026-09-29T10:00,11.7,77,0.0,1036.4,1.33,13,0,2026-09-26
Внуково,55.583,37.267,2026-09-29T11:00,13.2,70,0.0,1036.1,1.52,23,21,2026-09-26
Внуково,55.583,37.267,2026-09-29T12:00,14.0,64,0.0,1036.0,1.77,16,47,2026-09-26
Внуково,55.583,37.267,2026-09-29T13:00,14.6,62,0.0,1035.7,1.8,3,40,2026-09-26
Внуково,55.583,37.267,2026-09-29T14:00,15.1,58,0.0,1035.4,1.6,4,14,2026-09-26
Внуково,55.583,37.267,2026-09-29T15:00,15.3,52,0.0,1035.1,1.5,4,9,2026-09-26
Внуково,55.583,37.267,2026-09-29T16:00,15.0,54,0.0,1034.8,1.4,356,7,2026-09-26
Внуково,55.583,37.267,2026-09-29T17:00,14.0,64,0.0,1034.8,1.04,343,0,2026-09-26
Внуково,55.583,37.267,2026-09-29T18:00,12.4,73,0.0,1034.9,0.86,324,0,2026-09-26
Внуково,55.583,37.267,2026-09-29T19:00,10.9,76,0.0,1035.0,0.85,315,0,2026-09-26
Внуково,55.583,37.267,2026-09-29T20:00,10.0,78,0.0,1035.1,0.94,328,0,2026-09-26
Внуково,55.583,37.267,2026-09-29T21:00,9.4,80,0.0,1035.5,0.85,339,12,2026-09-26
Внуково,55.583,37.267,2026-09-29T22:00,8.9,81,0.0,1035.6,0.86,324,37,2026-09-26
Внуково,55.583,37.267,2026-09-29T23:00,8.7,81,0.0,1035.7,0.92,311,62,2026-09-26
Внуково,55.583,37.267,2026-09-30T00:00,8.5,82,0.0,1035.8,1.03,299,87,2026-09-26
Внуково,55.583,37.267,2026-09-30T01:00,8.4,83,0.0,1035.8,0.98,294,91,2026-09-26
Внуково,55.583,37.267,2026-09-30T02:00,8.4,85,0.0,1035.8,0.95,288,96,2026-09-26
Внуково,55.583,37.267,2026-09-30T03:00,8.4,86,0.0,1035.8,0.95,288,100,2026-09-26
Внуково,55.583,37.267,2026-09-30T04:00,8.0,87,0.0,1035.7,0.95,288,79,2026-09-26
Внуково,55.583,37.267,2026-09-30T05:00,7.6,88,0.0,1035.7,1.12,297,59,2026-09-26
Внуково,55.583,37.267,2026-09-30T06:00,7.6,88,0.0,1035.7,1.17,301,38,2026-09-26
Внуково,55.583,37.267,2026-09-30T07:00,8.3,86,0.0,1035.9,1.28,309,29,2026-09-26
Внуково,55.583,37.267,2026-09-30T08:00,9.5,83,0.0,1036.3,1.49,312,20,2026-09-26
Внуково,55.583,37.267,2026-09-30T09:00,10.8,79,0.0,1036.5,1.7,320,11,2026-09-26
Внуково,55.583,37.267,2026-09-30T10:00,12.2,74,0.0,1036.5,2.06,331,21,2026-09-26
Внуково,55.583,37.267,2026-09-30T11:00,13.7,70,0.0,1036.5,2.51,337,30,2026-09-26
Внуково,55.583,37.267,2026-09-30T12:00,14.9,66,0.0,1036.3,2.85,342,40,2026-09-26
Внуково,55.583,37.267,2026-09-30T13:00,15.7,65,0.0,1035.9,2.85,342,39,2026-09-26
Внуково,55.583,37.267,2026-09-30T14:00,16.1,65,0.0,1035.4,2.6,337,37,2026-09-26
Внуково,55.583,37.267,2026-09-30T15:00,16.1,66,0.0,1035.0,2.42,336,36,2026-09-26
Внуково,55.583,37.267,2026-09-30T16:00,15.4,69,0.0,1034.9,2.28,337,38,2026-09-26
Внуково,55.583,37.267,2026-09-30T17:00,14.2,73,0.0,1034.9,2.25,339,41,2026-09-26
Внуково,55.583,37.267,2026-09-30T18:00,13.0,78,0.0,1035.0,2.12,341,43,2026-09-26
Внуково,55.583,37.267,2026-09-30T19:00,11.7,83,0.0,1035.3,1.99,342,30,2026-09-26
Внуково,55.583,37.267,2026-09-30T20:00,10.4,88,0.0,1035.7,1.84,347,17,2026-09-26
Внуково,55.583,37.267,2026-09-30T21:00,9.3,91,0.0,1036.0,1.73,350,4,2026-09-26
Внуково,55.583,37.267,2026-09-30T22:00,8.6,92,0.0,1036.3,1.61,353,7,2026-09-26
Внуково,55.583,37.267,2026-09-30T23:00,8.2,92,0.0,1036.5,1.5,356,10,2026-09-26
Внуково,55.583,37.267,2026-10-01T00:00,7.8,91,0.0,1036.7,1.4,356,13,2026-09-26
Внуково,55.583,37.267,2026-10-01T01:00,7.5,91,0.0,1036.8,1.3,356,25,2026-09-26
Внуково,55.583,37.267,2026-10-01T02:00,7.1,90,0.0,1036.8,1.22,351,38,2026-09-26
Внуково,55.583,37.267,2026-10-01T03:00,6.8,90,0.0,1036.9,1.24,346,50,2026-09-26
Внуково,55.583,37.267,2026-10-01T04:00,6.2,91,0.0,1037.0,1.24,346,44,2026-09-26
Внуково,55.583,37.267,2026-10-01T05:00,5.6,92,0.0,1037.2,1.14,345,38,2026-09-26
Внуково,55.583,37.267,2026-10-01T06:00,5.5,92,0.0,1037.4,1.24,346,32,2026-09-26
Внуково,55.583,37.267,2026-10-01T07:00,6.0,92,0.0,1037.9,1.41,352,42,2026-09-26
Внуково,55.583,37.267,2026-10-01T08:00,6.9,90,0.0,1038.4,1.8,360,52,2026-09-26
Внуково,55.583,37.267,2026-10-01T09:00,8.1,87,0.0,1038.8,2.1,3,62,2026-09-26
Внуково,55.583,37.267,2026-10-01T10:00,9.7,80,0.0,1038.9,2.32,7,54,2026-09-26
Внуково,55.583,37.267,2026-10-01T11:00,11.6,71,0.0,1038.8,2.53,9,47,2026-09-26
Внуково,55.583,37.267,2026-10-01T12:00,13.0,63,0.0,1038.6,2.75,10,39,2026-09-26
Внуково,55.583,37.267,2026-10-01T13:00,13.5,58,0.0,1038.3,2.83,8,34,2026-09-26
Внуково,55.583,37.267,2026-10-01T14:00,13.7,53,0.0,1037.9,2.9,181,28,2026-09-26
Внуково,55.583,37.267,2026-10-01T15:00,13.6,51,0.0,1037.6,2.83,356,20,2026-09-26
Внуково,55.583,37.267,2026-10-01T16:00,12.9,56,0.0,1037.4,2.42,353,12,2026-09-26
Внуково,55.583,37.267,2026-10-01T17:00,11.7,64,0.0,1037.4,1.84,347,7,2026-09-26
Внуково,55.583,37.267,2026-10-01T18:00,10.6,71,0.0,1037.4,1.46,344,1,2026-09-26
Внуково,55.583,37.267,2026-10-01T19:00,9.5,76,0.0,1037.6,1.36,343,2,2026-09-26
Внуково,55.583,37.267,2026-10-01T20:00,8.5,79,0.0,1037.9,1.26,342,4,2026-09-26
Внуково,55.583,37.267,2026-10-01T21:00,7.6,82,0.0,1038.1,1.26,342,5,2026-09-26
Внуково,55.583,37.267,2026-10-01T22:00,7.0,84,0.0,1038.1,1.17,340,13,2026-09-26
Внуково,55.583,37.267,2026-10-01T23:00,6.6,84,0.0,1038.1,1.03,331,21,2026-09-26
Внуково,55.583,37.267,2026-10-02T00:00,6.2,85,0.0,1038.0,1.0,323,29,2026-09-26
Внуково,55.583,37.267,2026-10-02T01:00,5.8,85,0.0,1037.9,0.99,315,37,2026-09-26
Внуково,55.583,37.267,2026-10-02T02:00,5.6,86,0.0,1037.7,1.08,304,44,2026-09-26
Внуково,55.583,37.267,2026-10-02T03:00,5.4,86,0.0,1037.5,1.17,301,52,2026-09-26
Внуково,55.583,37.267,2026-10-02T04:00,5.3,87,0.0,1037.3,1.25,299,57,2026-09-26
Внуково,55.583,37.267,2026-10-02T05:00,5.3,87,0.0,1037.1,1.43,295,63,2026-09-26
Внуково,55.583,37.267,2026-10-02T06:00,5.6,87,0.0,1037.0,1.52,293,68,2026-09-26
Внуково,55.583,37.267,2026-10-02T07:00,6.3,85,0.0,1037.0,1.66,295,60,2026-09-26
Внуково,55.583,37.267,2026-10-02T08:00,7.3,83,0.0,1037.0,1.75,301,53,2026-09-26
Внуково,55.583,37.267,2026-10-02T09:00,8.5,80,0.0,1036.8,1.94,305,45,2026-09-26
Внуково,55.583,37.267,2026-10-02T10:00,10.0,76,0.0,1036.4,2.2,309,51,2026-09-26
Внуково,55.583,37.267,2026-10-02T11:00,11.7,72,0.0,1035.9,2.62,313,57,2026-09-26
Внуково,55.583,37.267,2026-10-02T12:00,13.1,67,0.0,1035.3,2.9,316,63,2026-09-26
Внуково,55.583,37.267,2026-10-02T13:00,13.9,62,0.0,1034.7,3.11,318,54,2026-09-26
Внуково,55.583,37.267,2026-10-02T14:00,14.4,56,0.0,1034.0,3.26,317,46,2026-09-26
Внуково,55.583,37.267,2026-10-02T15:00,14.5,54,0.0,1033.5,3.19,319,37,2026-09-26
Внуково,55.583,37.267,2026-10-02T16:00,14.0,57,0.0,1033.3,2.7,321,54,2026-09-26
Внуково,55.583,37.267,2026-10-02T17:00,13.0,63,0.0,1033.3,2.08,325,72,2026-09-26
Внуково,55.583,37.267,2026-10-02T18:00,12.1,69,0.0,1033.3,1.61,330,89,2026-09-26
Внуково,55.583,37.267,2026-10-02T19:00,11.6,73,0.0,1033.2,1.48,332,93,2026-09-26
Внуково,55.583,37.267,2026-10-02T20:00,11.1,77,0.0,1033.1,1.58,325,96,2026-09-26
Внуково,55.583,37.267,2026-10-02T21:00,10.8,80,0.0,1033.0,1.58,325,100,2026-09-26
Внуково,55.583,37.267,2026-10-02T22:00,10.5,83,0.0,1033.1,1.53,328,98,2026-09-26
Внуково,55.583,37.267,2026-10-02T23:00,10.2,86,0.0,1033.2,1.57,333,97,2026-09-26
Внуково,55.583,37.267,2026-10-03T00:00,10.0,88,0.0,1033.3,1.49,340,95,2026-09-26
Внуково,55.583,37.267,2026-10-03T01:00,10.0,91,0.0,1033.4,1.33,347,97,2026-09-26
Внуково,55.583,37.267,2026-10-03T02:00,10.0,94,0.0,1033.4,1.3,360,98,2026-09-26
Внуково,55.583,37.267,2026-10-03T03:00,10.0,95,0.0,1033.5,1.14,15,100,2026-09-26
Внуково,55.583,37.267,2026-10-03T04:00,9.8,94,0.0,1033.7,1.2,42,100,2026-09-26
Внуково,55.583,37.267,2026-10-03T05:00,9.6,92,0.0,1033.9,1.52,67,100,2026-09-26
Внуково,55.583,37.267,2026-10-03T06:00,9.4,90,0.0,1034.2,1.82,81,100,2026-09-26
Внуково,55.583,37.267,2026-10-03T07:00,9.1,88,0.0,1034.7,2.0,87,91,2026-09-26
Внуково,55.583,37.267,2026-10-03T08:00,8.9,85,0.0,1035.3,2.1,93,83,2026-09-26
Внуково,55.583,37.267,2026-10-03T09:00,8.8,82,0.0,1035.7,2.11,95,74,2026-09-26
Внуково,55.583,37.267,2026-10-03T10:00,9.3,78,0.0,1036.0,2.11,95,74,2026-09-26
Внуково,55.583,37.267,2026-10-03T11:00,10.0,74,0.0,1036.1,2.1,93,75,2026-09-26
Внуково,55.583,37.267,2026-10-03T12:00,10.6,70,0.0,1036.1,2.0,90,75,2026-09-26
Внуково,55.583,37.267,2026-10-03T13:00,11.0,65,0.0,1035.9,1.81,84,71,2026-09-26
Внуково,55.583,37.267,2026-10-03T14:00,11.3,61,0.0,1035.7,1.58,72,67,2026-09-26
Внуково,55.583,37.267,2026-10-03T15:00,11.3,59,0.0,1035.5,1.43,65,63,2026-09-26
Внуково,55.583,37.267,2026-10-03T16:00,10.9,61,0.0,1035.5,1.25,61,69,2026-09-26
Внуково,55.583,37.267,2026-10-03T17:00,10.2,66,0.0,1035.6,1.03,61,75,2026-09-26
Внуково,55.583,37.267,2026-10-03T18:00,9.4,70,0.0,1035.7,0.85,69,81,2026-09-26
Внуково,55.583,37.267,2026-10-03T19:00,8.7,72,0.0,1035.8,0.9,90,80,2026-09-26
Внуково,55.583,37.267,2026-10-03T20:00,8.0,74,0.0,1036.0,1.04,107,80,2026-09-26
Внуково,55.583,37.267,2026-10-03T21:00,7.2,76,0.0,1036.2,1.21,114,79,2026-09-26
Внуково,55.583,37.267,2026-10-03T22:00,6.2,77,0.0,1036.4,1.17,121,67,2026-09-26
Внуково,55.583,37.267,2026-10-03T23:00,5.1,79,0.0,1036.6,1.08,124,56,2026-09-26
Внуково,55.583,37.267,2026-10-04T00:00,4.2,79,0.0,1036.8,1.0,127,44,2026-09-26
Внуково,55.583,37.267,2026-10-04T01:00,2.7,80,0.0,1036.8,1.07,155,22,2026-09-26
Внуково,55.583,37.267,2026-10-04T02:00,1.4,81,0.0,1036.7,1.4,186,8,2026-09-26
Внуково,55.583,37.267,2026-10-04T03:00,0.5,83,0.0,1036.5,1.87,208,0,2026-09-26
Внуково,55.583,37.267,2026-10-04T04:00,0.0,85,0.0,1036.2,2.3,228,0,2026-09-26
Внуково,55.583,37.267,2026-10-04T05:00,0.4,83,0.0,1036.1,2.26,227,0,2026-09-26
Внуково,55.583,37.267,2026-10-04T06:00,1.1,81,0.0,1036.0,2.12,227,0,2026-09-26
Внуково,55.583,37.267,2026-10-04T07:00,1.9,79,0.0,1035.9,1.98,227,0,2026-09-26
Внуково,55.583,37.267,2026-10-04T08:00,2.8,76,0.0,1035.6,1.84,227,0,2026-09-26
Внуково,55.583,37.267,2026-10-04T09:00,3.9,73,0.0,1035.3,1.81,228,1,2026-09-26
Внуково,55.583,37.267,2026-10-04T10:00,5.3,69,0.0,1034.8,1.88,230,9,2026-09-26
Внуково,55.583,37.267,2026-10-04T11:00,7.0,65,0.0,1034.2,2.03,232,20,2026-09-26
Внуково,55.583,37.267,2026-10-04T12:00,8.9,61,0.0,1033.5,2.18,233,34,2026-09-26
Внуково,55.583,37.267,2026-10-04T13:00,10.7,57,0.0,1032.8,2.37,235,47,2026-09-26
Внуково,55.583,37.267,2026-10-04T14:00,12.1,55,0.0,1032.1,2.57,237,59,2026-09-26
Внуково,55.583,37.267,2026-10-04T15:00,12.9,55,0.0,1031.5,2.75,237,69,2026-09-26
Внуково,55.583,37.267,2026-10-04T16:00,12.9,56,0.0,1031.0,2.93,237,76,2026-09-26
Внуково,55.583,37.267,2026-10-04T17:00,12.3,60,0.0,1030.6,3.09,236,83,2026-09-26
Внуково,55.583,37.267,2026-10-04T18:00,11.3,65,0.0,1030.3,3.26,234,88,2026-09-26
Внуково,55.583,37.267,2026-10-04T19:00,10.2,71,0.0,1030.0,3.4,234,92,2026-09-26
Внуково,55.583,37.267,2026-10-04T20:00,9.1,77,0.0,1029.6,3.54,234,94,2026-09-26
Внуково,55.583,37.267,2026-10-04T21:00,8.4,81,0.0,1029.3,3.61,233,94,2026-09-26
Внуково,55.583,37.267,2026-10-04T22:00,7.9,85,0.0,1028.9,3.62,235,91,2026-09-26
Внуково,55.583,37.267,2026-10-04T23:00,7.5,88,0.0,1028.6,3.61,236,86,2026-09-26
Внуково,55.583,37.267,2026-10-05T00:00,7.2,91,0.0,1028.2,3.54,239,79,2026-09-26
Внуково,55.583,37.267,2026-10-05T01:00,7.0,93,0.0,1027.8,3.51,242,71,2026-09-26
Внуково,55.583,37.267,2026-10-05T02:00,6.8,94,0.0,1027.5,3.44,244,64,2026-09-26
Внуково,55.583,37.267,2026-10-05T03:00,6.8,95,0.0,1027.1,3.38,245,58,2026-09-26
Внуково,55.583,37.267,2026-10-05T04:00,6.8,96,0.0,1026.7,3.29,244,53,2026-09-26
Внуково,55.583,37.267,2026-10-05T05:00,6.9,96,0.0,1026.4,3.2,241,48,2026-09-26
Внуково,55.583,37.267,2026-10-05T06:00,7.1,96,0.0,1026.1,3.11,237,43,2026-09-26
Внуково,55.583,37.267,2026-10-05T07:00,7.4,95,0.0,1025.7,3.04,234,40,2026-09-26
Внуково,55.583,37.267,2026-10-05T08:00,7.8,94,0.0,1025.3,2.96,233,37,2026-09-26
Внуково,55.583,37.267,2026-10-05T09:00,8.4,91,0.0,1024.9,2.97,234,37,2026-09-26
Внуково,55.583,37.267,2026-10-05T10:00,9.3,86,0.0,1024.4,3.0,240,40,2026-09-26
Внуково,55.583,37.267,2026-10-05T11:00,10.6,79,0.0,1023.8,3.17,249,45,2026-09-26
Внуково,55.583,37.267,2026-10-05T12:00,11.9,72,0.0,1023.2,3.42,258,53,2026-09-26
Внуково,55.583,37.267,2026-10-05T13:00,13.2,66,0.0,1022.6,3.76,266,60,2026-09-26
Внуково,55.583,37.267,2026-10-05T14:00,14.2,62,0.0,1022.0,4.05,271,65,2026-09-26
Внуково,55.583,37.267,2026-10-05T15:00,14.7,60,0.0,1021.6,4.26,274,66,2026-09-26
Внуково,55.583,37.267,2026-10-05T16:00,14.5,61,0.0,1021.3,4.26,275,62,2026-09-26
Внуково,55.583,37.267,2026-10-05T17:00,13.8,64,0.0,1021.1,4.16,274,54,2026-09-26
Внуково,55.583,37.267,2026-10-05T18:00,12.8,68,0.0,1021.0,4.0,272,44,2026-09-26
Внуково,55.583,37.267,2026-10-05T19:00,11.6,74,0.0,1020.9,3.8,269,34,2026-09-26
Внуково,55.583,37.267,2026-10-05T20:00,10.7,79,0.0,1020.8,3.61,267,28,2026-09-26
Внуково,55.583,37.267,2026-10-05T21:00,10.0,83,0.0,1020.6,3.47,264,27,2026-09-26
Внуково,55.583,37.267,2026-10-05T22:00,9.6,85,0.0,1020.4,3.38,262,34,2026-09-26
Внуково,55.583,37.267,2026-10-05T23:00,9.4,87,0.0,1020.1,3.35,261,46,2026-09-26
Внуково,55.583,37.267,2026-10-06T00:00,9.3,89,0.0,1019.8,3.27,259,61,2026-09-26
Внуково,55.583,37.267,2026-10-06T01:00,9.2,90,0.0,1019.5,3.23,257,77,2026-09-26
Внуково,55.583,37.267,2026-10-06T02:00,9.3,90,0.0,1019.2,3.2,256,91,2026-09-26
Внуково,55.583,37.267,2026-10-06T03:00,9.3,91,0.0,1019.0,3.21,255,100,2026-09-26
Внуково,55.583,37.267,2026-10-06T04:00,9.4,91,0.0,1018.8,3.23,254,100,2026-09-26
Внуково,55.583,37.267,2026-10-06T05:00,9.5,92,0.0,1018.7,3.24,253,100,2026-09-26
Внуково,55.583,37.267,2026-10-06T06:00,9.7,92,0.0,1018.6,3.26,252,100,2026-09-26
Внуково,55.583,37.267,2026-10-06T07:00,10.0,92,0.0,1018.5,3.32,252,100,2026-09-26
Внуково,55.583,37.267,2026-10-06T08:00,10.3,91,0.0,1018.3,3.43,251,100,2026-09-26
Внуково,55.583,37.267,2026-10-06T09:00,10.7,88,0.0,1018.1,3.53,252,100,2026-09-26
Внуково,55.583,37.267,2026-10-06T10:00,11.2,83,0.0,1017.7,3.72,253,100,2026-09-26
Внуково,55.583,37.267,2026-10-06T11:00,12.0,77,0.0,1017.3,4.0,254,100,2026-09-26
Внуково,55.583,37.267,2026-10-06T12:00,12.9,71,0.0,1016.7,4.29,255,100,2026-09-26
Внуково,55.583,37.267,2026-10-06T13:00,13.6,65,0.0,1016.2,4.57,257,100,2026-09-26
Внуково,55.583,37.267,2026-10-06T14:00,14.2,61,0.0,1015.8,4.77,257,100,2026-09-26
Внуково,55.583,37.267,2026-10-06T15:00,14.4,59,0.0,1015.4,4.86,258,100,2026-09-26
Внуково,55.583,37.267,2026-10-06T16:00,14.2,60,0.0,1015.2,4.77,257,100,2026-09-26
Внуково,55.583,37.267,2026-10-06T17:00,13.5,62,0.0,1015.1,4.51,257,100,2026-09-26
Внуково,55.583,37.267,2026-10-06T18:00,12.7,66,0.0,1015.0,4.16,257,100,2026-09-26
Внуково,55.583,37.267,2026-10-06T19:00,11.8,71,0.0,1014.9,3.82,256,100,2026-09-26
Внуково,55.583,37.267,2026-10-06T20:00,11.0,76,0.0,1014.8,3.53,254,100,2026-09-26
Внуково,55.583,37.267,2026-10-06T21:00,10.6,79,0.0,1014.6,3.42,252,100,2026-09-26
Внуково,55.583,37.267,2026-10-06T22:00,10.5,81,0.0,1014.3,3.48,249,100,2026-09-26
Внуково,55.583,37.267,2026-10-06T23:00,10.5,82,0.0,1013.8,3.62,246,99,2026-09-26
Внуково,55.583,37.267,2026-10-07T00:00,10.7,83,0.0,1013.3,3.91,242,99,2026-09-26
Внуково,55.583,37.267,2026-10-07T01:00,11.0,83,0.0,1012.8,4.19,239,98,2026-09-26
Внуково,55.583,37.267,2026-10-07T02:00,11.3,83,0.0,1012.4,4.45,237,98,2026-09-26
Внуково,55.583,37.267,2026-10-07T03:00,11.5,83,0.0,1012.0,4.62,236,98,2026-09-26
Внуково,55.583,37.267,2026-10-07T04:00,11.7,84,0.0,1011.8,4.62,236,98,2026-09-26
Внуково,55.583,37.267,2026-10-07T05:00,11.9,84,0.0,1011.6,4.56,238,99,2026-09-26
Внуково,55.583,37.267,2026-10-07T06:00,12.0,85,0.0,1011.5,4.42,239,99,2026-09-26
Внуково,55.583,37.267,2026-10-07T07:00,12.2,85,0.0,1011.4,4.27,241,100,2026-09-26
Внуково,55.583,37.267,2026-10-07T08:00,12.4,84,0.0,1011.3,4.2,243,100,2026-09-26
Внуково,55.583,37.267,2026-10-07T09:00,12.7,83,0.0,1011.2,4.25,245,100,2026-09-26
Внуково,55.583,37.267,2026-10-07T10:00,13.0,81,0.0,1011.0,4.46,247,100,2026-09-26
Внуково,55.583,37.267,2026-10-07T11:00,13.4,78,0.0,1010.8,4.8,248,99,2026-09-26
Внуково,55.583,37.267,2026-10-07T12:00,13.9,74,0.0,1010.6,5.19,249,98,2026-09-26
Внуково,55.583,37.267,2026-10-07T13:00,14.3,70,0.0,1010.4,5.58,250,96,2026-09-26
Внуково,55.583,37.267,2026-10-07T14:00,14.5,68,0.0,1010.3,5.87,251,96,2026-09-26
Внуково,55.583,37.267,2026-10-07T15:00,14.6,67,0.0,1010.3,5.96,251,95,2026-09-26
Внуково,55.583,37.267,2026-10-07T16:00,14.3,67,0.0,1010.4,5.85,252,95,2026-09-26
Внуково,55.583,37.267,2026-10-07T17:00,13.9,68,0.0,1010.6,5.58,252,95,2026-09-26
Внуково,55.583,37.267,2026-10-07T18:00,13.3,70,0.0,1010.9,5.22,252,95,2026-09-26
Внуково,55.583,37.267,2026-10-07T19:00,12.6,73,0.0,1011.2,4.76,251,96,2026-09-26
Внуково,55.583,37.267,2026-10-07T20:00,12.0,76,0.0,1011.5,4.4,251,96,2026-09-26
Внуково,55.583,37.267,2026-10-07T21:00,11.5,78,0.0,1011.7,4.1,250,96,2026-09-26
Внуково,55.583,37.267,2026-10-07T22:00,11.1,80,0.0,1011.9,3.87,250,96,2026-09-26
Внуково,55.583,37.267,2026-10-07T23:00,10.6,83,0.0,1012.1,3.72,250,96,2026-09-26
Внуково,55.583,37.267,2026-10-08T00:00,10.3,85,0.0,1012.3,3.54,251,96,2026-09-26
Внуково,55.583,37.267,2026-10-08T01:00,9.9,87,0.0,1012.4,3.38,251,96,2026-09-26
Внуково,55.583,37.267,2026-10-08T02:00,9.7,89,0.0,1012.6,3.24,250,96,2026-09-26
Внуково,55.583,37.267,2026-10-08T03:00,9.5,91,0.0,1012.7,3.09,247,95,2026-09-26
Внуково,55.583,37.267,2026-10-08T04:00,9.4,92,0.0,1012.8,2.91,241,94,2026-09-26
Внуково,55.583,37.267,2026-10-08T05:00,9.3,93,0.0,1013.0,2.7,231,94,2026-09-26
Внуково,55.583,37.267,2026-10-08T06:00,9.3,93,0.0,1013.1,2.67,218,93,2026-09-26
Внуково,55.583,37.267,2026-10-08T07:00,9.3,93,0.0,1013.2,2.77,208,92,2026-09-26
Внуково,55.583,37.267,2026-10-08T08:00,9.6,92,0.0,1013.3,3.04,200,91,2026-09-26
Внуково,55.583,37.267,2026-10-08T09:00,10.1,89,0.0,1013.2,3.27,199,88,2026-09-26
Внуково,55.583,37.267,2026-10-08T10:00,11.0,84,0.0,1013.0,3.58,203,84,2026-09-26
Внуково,55.583,37.267,2026-10-08T11:00,12.3,76,0.0,1012.7,4.01,211,80,2026-09-26
Внуково,55.583,37.267,2026-10-08T12:00,13.8,69,0.0,1012.2,4.62,219,75,2026-09-26
Внуково,55.583,37.267,2026-10-08T13:00,15.3,63,0.0,1011.8,5.23,225,69,2026-09-26
Внуково,55.583,37.267,2026-10-08T14:00,16.4,58,0.0,1011.5,5.74,229,63,2026-09-26
Внуково,55.583,37.267,2026-10-08T15:00,16.9,56,0.0,1011.2,5.96,230,56,2026-09-26
Внуково,55.583,37.267,2026-10-08T16:00,16.7,57,0.0,1011.1,5.88,228,46,2026-09-26
Внуково,55.583,37.267,2026-10-08T17:00,15.9,60,0.0,1011.0,5.52,225,33,2026-09-26
Внуково,55.583,37.267,2026-10-08T18:00,14.8,64,0.0,1011.0,5.04,219,20,2026-09-26
Внуково,55.583,37.267,2026-10-08T19:00,13.6,69,0.0,1011.0,4.63,213,8,2026-09-26
Внуково,55.583,37.267,2026-10-08T20:00,12.4,75,0.0,1011.0,4.27,206,1,2026-09-26
Внуково,55.583,37.267,2026-10-08T21:00,11.6,79,0.0,1011.0,4.1,200,0,2026-09-26
Внуково,55.583,37.267,2026-10-08T22:00,11.1,82,0.0,1011.0,4.03,197,9,2026-09-26
Внуково,55.583,37.267,2026-10-08T23:00,10.7,84,0.0,1010.9,4.0,196,26,2026-09-26
Внуково,55.583,37.267,2026-10-09T00:00,10.4,86,0.0,1010.8,4.0,196,48,2026-09-26
Внуково,55.583,37.267,2026-10-09T01:00,10.1,87,0.0,1010.8,4.02,197,70,2026-09-26
Внуково,55.583,37.267,2026-10-09T02:00,10.0,88,0.0,1010.7,4.02,197,88,2026-09-26
Внуково,55.583,37.267,2026-10-09T03:00,9.9,89,0.0,1010.7,4.0,196,99,2026-09-26
Внуково,55.583,37.267,2026-10-09T04:00,9.8,89,0.0,1010.7,3.92,194,100,2026-09-26
Внуково,55.583,37.267,2026-10-09T05:00,9.9,89,0.0,1010.7,3.82,191,95,2026-09-26
Внуково,55.583,37.267,2026-10-09T06:00,9.9,90,0.0,1010.7,3.68,188,86,2026-09-26
Внуково,55.583,37.267,2026-10-09T07:00,10.1,89,0.0,1010.7,3.61,185,76,2026-09-26
Внуково,55.583,37.267,2026-10-09T08:00,10.4,88,0.0,1010.7,3.55,182,68,2026-09-26
Внуково,55.583,37.267,2026-10-09T09:00,10.9,85,0.0,1010.6,3.6,181,64,2026-09-26
Внуково,55.583,37.267,2026-10-09T10:00,11.6,79,0.0,1010.5,3.75,182,65,2026-09-26
Внуково,55.583,37.267,2026-10-09T11:00,12.6,72,0.0,1010.3,3.96,183,71,2026-09-26
Внуково,55.583,37.267,2026-10-09T12:00,13.8,65,0.0,1010.1,4.27,185,78,2026-09-26
Внуково,55.583,37.267,2026-10-09T13:00,14.8,59,0.0,1009.9,4.53,187,84,2026-09-26
Внуково,55.583,37.267,2026-10-09T14:00,15.6,54,0.0,1009.7,4.76,189,87,2026-09-26
Внуково,55.583,37.267,2026-10-09T15:00,16.0,52,0.0,1009.7,4.93,191,85,2026-09-26
Внуково,55.583,37.267,2026-10-09T16:00,15.7,53,0.0,1009.8,5.0,192,75,2026-09-26
Внуково,55.583,37.267,2026-10-09T17:00,15.1,55,0.0,1009.9,5.06,192,58,2026-09-26
Внуково,55.583,37.267,2026-10-09T18:00,14.1,59,0.0,1010.1,5.03,193,38,2026-09-26
Внуково,55.583,37.267,2026-10-09T19:00,13.1,63,0.0,1010.3,5.0,194,19,2026-09-26
Внуково,55.583,37.267,2026-10-09T20:00,12.1,68,0.0,1010.5,4.83,196,6,2026-09-26
Внуково,55.583,37.267,2026-10-09T21:00,11.5,71,0.0,1010.7,4.63,198,1,2026-09-26
Внуково,55.583,37.267,2026-10-09T22:00,11.1,74,0.0,1010.9,4.33,202,8,2026-09-26
Внуково,55.583,37.267,2026-10-09T23:00,10.9,77,0.0,1011.0,3.89,209,23,2026-09-26
Внуково,55.583,37.267,2026-10-10T00:00,10.9,80,0.0,1011.2,3.52,219,44,2026-09-26
Внуково,55.583,37.267,2026-10-10T01:00,10.8,83,0.0,1011.3,3.23,229,66,2026-09-26
Внуково,55.583,37.267,2026-10-10T02:00,10.7,85,0.0,1011.6,3.13,241,85,2026-09-26
Внуково,55.583,37.267,2026-10-10T03:00,10.5,86,0.0,1011.9,3.11,251,98,2026-09-26
Внуково,55.583,37.267,2026-10-10T04:00,10.2,87,0.0,1012.3,3.22,258,100,2026-09-26
Внуково,55.583,37.267,2026-10-10T05:00,9.7,88,0.0,1012.9,3.32,264,100,2026-09-26
Внуково,55.583,37.267,2026-10-10T06:00,9.1,88,0.0,1013.5,3.45,268,100,2026-09-26
Внуково,55.583,37.267,2026-10-10T07:00,8.6,87,0.0,1014.2,3.55,271,100,2026-09-26
Внуково,55.583,37.267,2026-10-10T08:00,8.3,85,0.0,1014.8,3.66,273,100,2026-09-26
Внуково,55.583,37.267,2026-10-10T09:00,8.1,83,0.0,1015.3,3.72,276,100,2026-09-26
Внуково,55.583,37.267,2026-10-10T10:00,8.3,78,0.0,1015.8,3.8,279,99,2026-09-26
Внуково,55.583,37.267,2026-10-10T11:00,8.7,72,0.0,1016.2,3.87,281,98,2026-09-26
Внуково,55.583,37.267,2026-10-10T12:00,9.3,66,0.0,1016.6,3.91,283,97,2026-09-26
Внуково,55.583,37.267,2026-10-10T13:00,9.8,60,0.0,1017.0,3.88,285,96,2026-09-26
Внуково,55.583,37.267,2026-10-10T14:00,10.2,56,0.0,1017.4,3.87,287,95,2026-09-26
Внуково,55.583,37.267,2026-10-10T15:00,10.3,54,0.0,1017.8,3.76,289,94,2026-09-26
Внуково,55.583,37.267,2026-10-10T16:00,10.0,54,0.0,1018.3,3.57,292,95,2026-09-26
Внуково,55.583,37.267,2026-10-10T17:00,9.6,55,0.0,1018.8,3.31,297,98,2026-09-26
Внуково,55.583,37.267,2026-10-10T18:00,9.0,57,0.0,1019.3,3.01,302,100,2026-09-26
Внуково,55.583,37.267,2026-10-10T19:00,8.3,60,0.0,1019.8,2.75,307,100,2026-09-26
Внуково,55.583,37.267,2026-10-10T20:00,7.5,63,0.0,1020.2,2.48,313,100,2026-09-26
Внуково,55.583,37.267,2026-10-10T21:00,6.8,66,0.0,1020.6,2.26,317,96,2026-09-26
Внуково,55.583,37.267,2026-10-10T22:00,6.0,70,0.0,1020.9,2.06,319,85,2026-09-26
Внуково,55.583,37.267,2026-10-10T23:00,5.0,74,0.0,1021.2,1.8,316,68,2026-09-26
Внуково,55.583,37.267,2026-10-11T00:00,4.1,78,0.0,1021.4,1.59,314,49,2026-09-26
Внуково,55.583,37.267,2026-10-11T01:00,4.1,85,0.0,1022.7,1.73,291,36,2026-09-26
Внуково,55.583,37.267,2026-10-11T02:00,4.6,89,0.0,1023.5,2.11,270,47,2026-09-26
Внуково,55.583,37.267,2026-10-11T03:00,5.6,91,0.0,1023.8,2.71,251,75,2026-09-26
Внуково,55.583,37.267,2026-10-11T04:00,6.9,93,0.0,1023.7,3.52,235,100,2026-09-26
Внуково,55.583,37.267,2026-10-11T05:00,7.0,93,0.0,1023.1,3.74,236,100,2026-09-26
Внуково,55.583,37.267,2026-10-11T06:00,7.2,91,0.0,1022.5,3.97,236,100,2026-09-26
Внуково,55.583,37.267,2026-10-11T07:00,7.7,85,0.0,1022.0,4.17,240,100,2026-09-26
Внуково,55.583,37.267,2026-10-11T08:00,8.4,76,0.0,1021.5,4.43,245,100,2026-09-26
Внуково,55.583,37.267,2026-10-11T09:00,8.9,71,0.0,1021.1,4.66,247,100,2026-09-26
Внуково,55.583,37.267,2026-10-11T10:00,9.2,71,0.1,1020.7,4.83,246,100,2026-09-26
Внуково,55.583,37.267,2026-10-11T11:00,9.3,75,0.1,1020.3,4.92,243,100,2026-09-26
Внуково,55.583,37.267,2026-10-11T12:00,9.3,78,0.1,1019.9,5.1,242,100,2026-09-26
Внуково,55.583,37.267,2026-10-11T13:00,9.3,79,0.1,1019.3,5.37,243,100,2026-09-26
Внуково,55.583,37.267,2026-10-11T14:00,9.2,80,0.1,1018.7,5.74,247,100,2026-09-26
Внуково,55.583,37.267,2026-10-11T15:00,9.2,81,0.1,1018.3,5.85,250,100,2026-09-26
Внуково,55.583,37.267,2026-10-11T16:00,9.4,82,0.0,1018.2,5.66,253,100,2026-09-26
Внуково,55.583,37.267,2026-10-11T17:00,9.6,83,0.0,1018.3,5.24,257,99,2026-09-26
Внуково,55.583,37.267,2026-10-11T18:00,9.8,84,0.0,1018.4,4.87,261,99,2026-09-26
Внуково,55.583,37.267,2026-10-11T19:00,9.9,86,0.0,1018.5,4.72,265,99,2026-09-26
Внуково,55.583,37.267,2026-10-11T20:00,10.0,88,0.0,1018.7,4.5,270,100,2026-09-26
Внуково,55.583,37.267,2026-10-11T21:00,10.0,90,0.0,1018.8,4.41,274,100,2026-09-26
Внуково,55.583,37.267,2026-10-11T22:00,10.0,92,0.0,1018.9,4.23,277,99,2026-09-26
Внуково,55.583,37.267,2026-10-11T23:00,10.0,94,0.0,1019.0,4.16,280,98,2026-09-26
Домодедово,55.4,37.9,2026-09-26T00:00,9.2,98,0.0,1027.7,1.61,150,99,2026-09-26
Домодедово,55.4,37.9,2026-09-26T01:00,9.0,98,0.0,1027.2,1.52,157,83,2026-09-26
Домодедово,55.4,37.9,2026-09-26T02:00,8.7,98,0.0,1027.4,1.52,157,82,2026-09-26
Домодедово,55.4,37.9,2026-09-26T03:00,7.9,98,0.0,1027.9,1.2,138,67,2026-09-26
Домодедово,55.4,37.9,2026-09-26T04:00,7.6,98,0.0,1028.3,1.27,135,64,2026-09-26
Домодедово,55.4,37.9,2026-09-26T05:00,7.2,98,0.0,1028.3,1.27,135,52,2026-09-26
Домодедово,55.4,37.9,2026-09-26T06:00,7.2,99,0.0,1028.9,1.27,135,63,2026-09-26
Домодедово,55.4,37.9,2026-09-26T07:00,7.2,99,0.0,1029.0,1.13,135,60,2026-09-26
Домодедово,55.4,37.9,2026-09-26T08:00,8.2,98,0.0,1029.2,1.49,138,62,2026-09-26
Домодедово,55.4,37.9,2026-09-26T09:00,9.8,93,0.0,1029.8,2.25,148,80,2026-09-26
Домодедово,55.4,37.9,2026-09-26T10:00,11.5,87,0.0,1029.7,1.94,145,55,2026-09-26
Домодедово,55.4,37.9,2026-09-26T11:00,13.1,82,0.0,1029.3,2.02,147,91,2026-09-26
Домодедово,55.4,37.9,2026-09-26T12:00,14.6,74,0.0,1029.1,1.93,159,77,2026-09-26
Домодедово,55.4,37.9,2026-09-26T13:00,15.4,65,0.0,1029.0,1.92,171,94,2026-09-26
Домодедово,55.4,37.9,2026-09-26T14:00,15.8,61,0.0,1028.4,1.9,183,70,2026-09-26
Домодедово,55.4,37.9,2026-09-26T15:00,16.0,60,0.0,1029.3,1.49,160,33,2026-09-26
Домодедово,55.4,37.9,2026-09-26T16:00,15.7,62,0.0,1028.8,1.66,155,28,2026-09-26
Домодедово,55.4,37.9,2026-09-26T17:00,14.7,72,0.0,1028.6,1.42,129,77,2026-09-26
Домодедово,55.4,37.9,2026-09-26T18:00,12.9,84,0.0,1028.5,1.7,118,99,2026-09-26
Домодедово,55.4,37.9,2026-09-26T19:00,11.3,92,0.0,1028.8,1.61,120,100,2026-09-26
Домодедово,55.4,37.9,2026-09-26T20:00,10.7,92,0.0,1029.1,1.49,138,100,2026-09-26
Домодедово,55.4,37.9,2026-09-26T21:00,10.2,92,0.0,1029.2,1.3,148,88,2026-09-26
Домодедово,55.4,37.9,2026-09-26T22:00,9.8,92,0.0,1029.5,1.25,151,84,2026-09-26
Домодедово,55.4,37.9,2026-09-26T23:00,9.6,91,0.0,1029.7,1.21,156,98,2026-09-26
Домодедово,55.4,37.9,2026-09-27T00:00,9.5,90,0.0,1029.9,1.14,165,86,2026-09-26
Домодедово,55.4,37.9,2026-09-27T01:00,9.2,89,0.0,1029.5,1.22,171,54,2026-09-26
Домодедово,55.4,37.9,2026-09-27T02:00,8.9,88,0.0,1029.6,1.2,175,2,2026-09-26
Домодедово,55.4,37.9,2026-09-27T03:00,8.6,88,0.0,1029.5,1.3,180,0,2026-09-26
Домодедово,55.4,37.9,2026-09-27T04:00,8.5,88,0.0,1029.7,1.3,184,7,2026-09-26
Домодедово,55.4,37.9,2026-09-27T05:00,8.3,89,0.0,1030.0,1.32,189,57,2026-09-26
Домодедово,55.4,37.9,2026-09-27T06:00,8.2,89,0.0,1029.9,1.32,189,19,2026-09-26
Домодедово,55.4,37.9,2026-09-27T07:00,8.2,89,0.0,1030.1,1.32,189,62,2026-09-26
Домодедово,55.4,37.9,2026-09-27T08:00,9.6,86,0.0,1029.8,1.51,188,97,2026-09-26
Домодедово,55.4,37.9,2026-09-27T09:00,11.5,80,0.0,1029.9,1.87,196,100,2026-09-26
Домодедово,55.4,37.9,2026-09-27T10:00,13.1,74,0.0,1029.8,2.02,200,100,2026-09-26
Домодедово,55.4,37.9,2026-09-27T11:00,14.5,69,0.0,1029.8,2.21,198,98,2026-09-26
Домодедово,55.4,37.9,2026-09-27T12:00,15.4,66,0.0,1029.5,2.28,195,100,2026-09-26
Домодедово,55.4,37.9,2026-09-27T13:00,16.2,65,0.0,1029.7,2.3,182,97,2026-09-26
Домодедово,55.4,37.9,2026-09-27T14:00,16.7,63,0.0,1029.5,2.61,184,86,2026-09-26
Домодедово,55.4,37.9,2026-09-27T15:00,16.8,62,0.0,1029.6,2.6,182,88,2026-09-26
Домодедово,55.4,37.9,2026-09-27T16:00,16.3,66,0.0,1029.4,2.1,177,94,2026-09-26
Домодедово,55.4,37.9,2026-09-27T17:00,15.4,74,0.0,1029.3,1.61,173,91,2026-09-26
Домодедово,55.4,37.9,2026-09-27T18:00,13.7,80,0.0,1029.3,1.82,171,86,2026-09-26
Домодедово,55.4,37.9,2026-09-27T19:00,12.2,85,0.0,1029.5,1.6,176,88,2026-09-26
Домодедово,55.4,37.9,2026-09-27T20:00,11.4,86,0.0,1029.8,1.3,184,100,2026-09-26
Домодедово,55.4,37.9,2026-09-27T21:00,10.8,88,0.0,1030.1,1.22,189,87,2026-09-26
Домодедово,55.4,37.9,2026-09-27T22:00,10.3,88,0.0,1030.2,1.12,190,95,2026-09-26
Домодедово,55.4,37.9,2026-09-27T23:00,10.0,88,0.0,1030.4,1.08,202,96,2026-09-26
Домодедово,55.4,37.9,2026-09-28T00:00,9.9,86,0.0,1030.5,0.92,257,91,2026-09-26
Домодедово,55.4,37.9,2026-09-28T01:00,9.6,86,0.0,1030.7,0.72,214,93,2026-09-26
Домодедово,55.4,37.9,2026-09-28T02:00,9.4,86,0.0,1030.9,0.67,207,91,2026-09-26
Домодедово,55.4,37.9,2026-09-28T03:00,9.1,87,0.0,1031.2,0.45,207,85,2026-09-26
Домодедово,55.4,37.9,2026-09-28T04:00,8.7,88,0.0,1031.4,0.2,270,64,2026-09-26
Домодедово,55.4,37.9,2026-09-28T05:00,8.5,90,0.0,1031.6,0.41,256,75,2026-09-26
Домодедово,55.4,37.9,2026-09-28T06:00,8.6,91,0.0,1031.4,0.32,288,87,2026-09-26
Домодедово,55.4,37.9,2026-09-28T07:00,8.8,91,0.0,1031.5,0.71,315,86,2026-09-26
Домодедово,55.4,37.9,2026-09-28T08:00,9.9,90,0.0,1031.8,0.85,339,86,2026-09-26
Домодедово,55.4,37.9,2026-09-28T09:00,11.4,89,0.0,1032.1,1.1,360,94,2026-09-26
Домодедово,55.4,37.9,2026-09-28T10:00,12.4,89,0.0,1032.6,1.77,16,96,2026-09-26
Домодедово,55.4,37.9,2026-09-28T11:00,13.4,85,0.0,1032.7,1.84,29,95,2026-09-26
Домодедово,55.4,37.9,2026-09-28T12:00,13.8,83,0.0,1032.7,1.96,15,99,2026-09-26
Домодедово,55.4,37.9,2026-09-28T13:00,14.0,82,0.0,1032.7,1.77,16,100,2026-09-26
Домодедово,55.4,37.9,2026-09-28T14:00,14.2,80,0.0,1032.4,1.26,18,98,2026-09-26
Домодедово,55.4,37.9,2026-09-28T15:00,14.6,77,0.0,1032.2,1.33,13,95,2026-09-26
Домодедово,55.4,37.9,2026-09-28T16:00,14.9,72,0.0,1032.0,1.43,12,90,2026-09-26
Домодедово,55.4,37.9,2026-09-28T17:00,14.4,78,0.0,1032.4,1.12,10,84,2026-09-26
Домодедово,55.4,37.9,2026-09-28T18:00,13.1,85,0.0,1032.9,0.82,14,57,2026-09-26
Домодедово,55.4,37.9,2026-09-28T19:00,11.8,86,0.0,1033.1,1.0,6,23,2026-09-26
Домодедово,55.4,37.9,2026-09-28T20:00,11.0,86,0.0,1033.2,1.22,9,31,2026-09-26
Домодедово,55.4,37.9,2026-09-28T21:00,10.1,90,0.0,1033.4,1.71,7,26,2026-09-26
Домодедово,55.4,37.9,2026-09-28T22:00,9.4,92,0.0,1033.9,1.46,16,33,2026-09-26
Домодедово,55.4,37.9,2026-09-28T23:00,9.2,91,0.0,1034.1,1.24,14,35,2026-09-26
Домодедово,55.4,37.9,2026-09-29T00:00,8.6,91,0.0,1034.2,1.22,9,21,2026-09-26
Домодедово,55.4,37.9,2026-09-29T01:00,8.0,90,0.0,1034.4,1.04,17,10,2026-09-26
Домодедово,55.4,37.9,2026-09-29T02:00,7.5,91,0.0,1034.7,1.1,5,28,2026-09-26
Домодедово,55.4,37.9,2026-09-29T03:00,7.2,91,0.0,1035.0,1.1,5,36,2026-09-26
Домодедово,55.4,37.9,2026-09-29T04:00,7.0,91,0.0,1035.3,1.0,360,41,2026-09-26
Домодедово,55.4,37.9,2026-09-29T05:00,6.7,91,0.0,1035.4,1.0,6,37,2026-09-26
Домодедово,55.4,37.9,2026-09-29T06:00,6.5,90,0.0,1035.4,0.91,6,31,2026-09-26
Домодедово,55.4,37.9,2026-09-29T07:00,6.4,90,0.0,1035.5,1.0,6,0,2026-09-26
Домодедово,55.4,37.9,2026-09-29T08:00,7.7,90,0.0,1035.8,1.0,6,0,2026-09-26
Домодедово,55.4,37.9,2026-09-29T09:00,9.8,85,0.0,1036.1,1.51,8,0,2026-09-26
Домодедово,55.4,37.9,2026-09-29T10:00,11.6,78,0.0,1036.1,1.63,11,0,2026-09-26
Домодедово,55.4,37.9,2026-09-29T11:00,13.2,72,0.0,1035.9,1.94,12,32,2026-09-26
Домодедово,55.4,37.9,2026-09-29T12:00,14.2,62,0.0,1035.7,2.12,8,33,2026-09-26
Домодедово,55.4,37.9,2026-09-29T13:00,14.7,59,0.0,1035.4,2.1,360,33,2026-09-26
Домодедово,55.4,37.9,2026-09-29T14:00,15.0,59,0.0,1035.2,2.1,357,35,2026-09-26
Домодедово,55.4,37.9,2026-09-29T15:00,15.1,58,0.0,1034.9,1.9,360,28,2026-09-26
Домодедово,55.4,37.9,2026-09-29T16:00,14.8,60,0.0,1034.7,1.71,353,22,2026-09-26
Домодедово,55.4,37.9,2026-09-29T17:00,13.9,69,0.0,1034.6,1.12,350,12,2026-09-26
Домодедово,55.4,37.9,2026-09-29T18:00,12.2,76,0.0,1034.7,0.89,333,0,2026-09-26
Домодедово,55.4,37.9,2026-09-29T19:00,10.9,77,0.0,1034.8,0.81,330,0,2026-09-26
Домодедово,55.4,37.9,2026-09-29T20:00,10.1,76,0.0,1034.9,0.86,324,0,2026-09-26
Домодедово,55.4,37.9,2026-09-29T21:00,9.5,77,0.0,1035.2,0.92,319,3,2026-09-26
Домодедово,55.4,37.9,2026-09-29T22:00,9.1,77,0.0,1035.3,0.92,311,35,2026-09-26
Домодедово,55.4,37.9,2026-09-29T23:00,8.9,78,0.0,1035.4,0.94,302,68,2026-09-26
Домодедово,55.4,37.9,2026-09-30T00:00,8.7,79,0.0,1035.5,1.03,299,100,2026-09-26
Домодедово,55.4,37.9,2026-09-30T01:00,8.7,80,0.0,1035.6,1.17,301,100,2026-09-26
Домодедово,55.4,37.9,2026-09-30T02:00,8.7,82,0.0,1035.6,1.39,300,99,2026-09-26
Домодедово,55.4,37.9,2026-09-30T03:00,8.5,84,0.0,1035.6,1.48,298,99,2026-09-26
Домодедово,55.4,37.9,2026-09-30T04:00,8.0,86,0.0,1035.5,1.43,295,79,2026-09-26
Домодедово,55.4,37.9,2026-09-30T05:00,7.4,87,0.0,1035.4,1.26,288,59,2026-09-26
Домодедово,55.4,37.9,2026-09-30T06:00,7.2,88,0.0,1035.4,1.26,288,39,2026-09-26
Домодедово,55.4,37.9,2026-09-30T07:00,8.0,87,0.0,1035.6,1.39,291,26,2026-09-26
Домодедово,55.4,37.9,2026-09-30T08:00,9.2,85,0.0,1036.0,1.61,300,14,2026-09-26
Домодедово,55.4,37.9,2026-09-30T09:00,10.6,82,0.0,1036.2,1.78,308,1,2026-09-26
Домодедово,55.4,37.9,2026-09-30T10:00,12.1,77,0.0,1036.2,2.13,319,4,2026-09-26
Домодедово,55.4,37.9,2026-09-30T11:00,13.8,70,0.0,1036.1,2.56,329,7,2026-09-26
Домодедово,55.4,37.9,2026-09-30T12:00,15.0,65,0.0,1035.9,2.86,335,10,2026-09-26
Домодедово,55.4,37.9,2026-09-30T13:00,15.8,62,0.0,1035.5,2.92,338,28,2026-09-26
Домодедово,55.4,37.9,2026-09-30T14:00,16.1,62,0.0,1035.1,2.82,337,45,2026-09-26
Домодедово,55.4,37.9,2026-09-30T15:00,16.0,63,0.0,1034.7,2.69,338,63,2026-09-26
Домодедово,55.4,37.9,2026-09-30T16:00,15.4,68,0.0,1034.5,2.56,339,60,2026-09-26
Домодедово,55.4,37.9,2026-09-30T17:00,14.4,75,0.0,1034.4,2.31,342,57,2026-09-26
Домодедово,55.4,37.9,2026-09-30T18:00,13.2,81,0.0,1034.4,2.09,343,54,2026-09-26
Домодедово,55.4,37.9,2026-09-30T19:00,12.0,86,0.0,1034.7,1.96,345,38,2026-09-26
Домодедово,55.4,37.9,2026-09-30T20:00,10.6,89,0.0,1035.1,1.87,344,21,2026-09-26
Домодедово,55.4,37.9,2026-09-30T21:00,9.5,92,0.0,1035.5,1.75,347,5,2026-09-26
Домодедово,55.4,37.9,2026-09-30T22:00,8.8,93,0.0,1035.8,1.73,350,29,2026-09-26
Домодедово,55.4,37.9,2026-09-30T23:00,8.2,93,0.0,1036.0,1.81,354,52,2026-09-26
Домодедово,55.4,37.9,2026-10-01T00:00,7.8,93,0.0,1036.2,1.8,357,76,2026-09-26
Домодедово,55.4,37.9,2026-10-01T01:00,7.4,93,0.0,1036.3,1.7,357,58,2026-09-26
Домодедово,55.4,37.9,2026-10-01T02:00,7.0,92,0.0,1036.3,1.5,356,41,2026-09-26
Домодедово,55.4,37.9,2026-10-01T03:00,6.7,92,0.0,1036.4,1.32,351,23,2026-09-26
Домодедово,55.4,37.9,2026-10-01T04:00,6.1,93,0.0,1036.5,1.24,346,29,2026-09-26
Домодедово,55.4,37.9,2026-10-01T05:00,5.6,94,0.0,1036.7,1.26,342,34,2026-09-26
Домодедово,55.4,37.9,2026-10-01T06:00,5.5,94,0.0,1037.0,1.36,343,40,2026-09-26
Домодедово,55.4,37.9,2026-10-01T07:00,6.0,93,0.0,1037.4,1.61,353,50,2026-09-26
Домодедово,55.4,37.9,2026-10-01T08:00,7.1,91,0.0,1038.0,1.9,360,60,2026-09-26
Домодедово,55.4,37.9,2026-10-01T09:00,8.3,87,0.0,1038.3,2.31,5,70,2026-09-26
Домодедово,55.4,37.9,2026-10-01T10:00,9.8,79,0.0,1038.4,2.61,4,77,2026-09-26
Домодедово,55.4,37.9,2026-10-01T11:00,11.5,69,0.0,1038.3,2.91,4,85,2026-09-26
Домодедово,55.4,37.9,2026-10-01T12:00,12.8,62,0.0,1038.1,3.1,2,92,2026-09-26
Домодедово,55.4,37.9,2026-10-01T13:00,13.4,59,0.0,1037.8,3.2,359,79,2026-09-26
Домодедово,55.4,37.9,2026-10-01T14:00,13.6,58,0.0,1037.4,3.16,355,68,2026-09-26
Домодедово,55.4,37.9,2026-10-01T15:00,13.5,58,0.0,1037.1,3.13,353,56,2026-09-26
Домодедово,55.4,37.9,2026-10-01T16:00,12.7,63,0.0,1036.9,2.75,350,37,2026-09-26
Домодедово,55.4,37.9,2026-10-01T17:00,11.4,70,0.0,1036.9,2.16,347,20,2026-09-26
Домодедово,55.4,37.9,2026-10-01T18:00,10.2,76,0.0,1036.9,1.68,343,2,2026-09-26
Домодедово,55.4,37.9,2026-10-01T19:00,9.0,80,0.0,1037.1,1.46,344,5,2026-09-26
Домодедово,55.4,37.9,2026-10-01T20:00,7.9,83,0.0,1037.5,1.43,348,7,2026-09-26
Домодедово,55.4,37.9,2026-10-01T21:00,7.0,85,0.0,1037.7,1.33,347,10,2026-09-26
Домодедово,55.4,37.9,2026-10-01T22:00,6.5,86,0.0,1037.8,1.26,342,27,2026-09-26
Домодедово,55.4,37.9,2026-10-01T23:00,6.1,87,0.0,1037.8,1.12,333,45,2026-09-26
Домодедово,55.4,37.9,2026-10-02T00:00,5.8,88,0.0,1037.7,1.08,326,62,2026-09-26
Домодедово,55.4,37.9,2026-10-02T01:00,5.6,89,0.0,1037.6,1.06,319,68,2026-09-26
Домодедово,55.4,37.9,2026-10-02T02:00,5.4,89,0.0,1037.5,1.13,315,74,2026-09-26
Домодедово,55.4,37.9,2026-10-02T03:00,5.3,90,0.0,1037.3,1.14,308,80,2026-09-26
Домодедово,55.4,37.9,2026-10-02T04:00,5.1,91,0.0,1037.1,1.17,301,77,2026-09-26
Домодедово,55.4,37.9,2026-10-02T05:00,5.0,93,0.0,1037.0,1.21,294,73,2026-09-26
Домодедово,55.4,37.9,2026-10-02T06:00,5.2,93,0.0,1036.8,1.3,293,70,2026-09-26
Домодедово,55.4,37.9,2026-10-02T07:00,6.0,91,0.0,1036.7,1.57,297,67,2026-09-26
Домодедово,55.4,37.9,2026-10-02T08:00,7.2,87,0.0,1036.7,1.92,298,65,2026-09-26
Домодедово,55.4,37.9,2026-10-02T09:00,8.5,83,0.0,1036.5,2.25,302,62,2026-09-26
Домодедово,55.4,37.9,2026-10-02T10:00,10.0,78,0.0,1036.1,2.58,306,63,2026-09-26
Домодедово,55.4,37.9,2026-10-02T11:00,11.6,72,0.0,1035.6,2.78,308,63,2026-09-26
Домодедово,55.4,37.9,2026-10-02T12:00,12.8,67,0.0,1035.0,3.05,311,64,2026-09-26
Домодедово,55.4,37.9,2026-10-02T13:00,13.7,62,0.0,1034.3,3.25,315,68,2026-09-26
Домодедово,55.4,37.9,2026-10-02T14:00,14.3,58,0.0,1033.6,3.55,320,71,2026-09-26
Домодедово,55.4,37.9,2026-10-02T15:00,14.4,57,0.0,1033.1,3.56,322,75,2026-09-26
Домодедово,55.4,37.9,2026-10-02T16:00,13.8,60,0.0,1032.9,3.08,324,81,2026-09-26
Домодедово,55.4,37.9,2026-10-02T17:00,12.6,66,0.0,1032.8,2.3,326,87,2026-09-26
Домодедово,55.4,37.9,2026-10-02T18:00,11.7,71,0.0,1032.8,1.75,329,93,2026-09-26
Домодедово,55.4,37.9,2026-10-02T19:00,11.3,75,0.0,1032.7,1.61,330,95,2026-09-26
Домодедово,55.4,37.9,2026-10-02T20:00,11.1,78,0.0,1032.6,1.75,329,98,2026-09-26
Домодедово,55.4,37.9,2026-10-02T21:00,10.9,81,0.0,1032.6,1.79,333,100,2026-09-26
Домодедово,55.4,37.9,2026-10-02T22:00,10.7,85,0.1,1032.7,1.68,343,100,2026-09-26
Домодедово,55.4,37.9,2026-10-02T23:00,10.5,89,0.1,1032.8,1.5,356,100,2026-09-26
Домодедово,55.4,37.9,2026-10-03T00:00,10.3,92,0.1,1032.9,1.43,12,100,2026-09-26
Домодедово,55.4,37.9,2026-10-03T01:00,10.1,93,0.1,1033.1,1.44,34,100,2026-09-26
Домодедово,55.4,37.9,2026-10-03T02:00,9.8,94,0.1,1033.3,1.66,57,100,2026-09-26
Домодедово,55.4,37.9,2026-10-03T03:00,9.5,94,0.1,1033.5,1.93,69,100,2026-09-26
Домодедово,55.4,37.9,2026-10-03T04:00,9.0,95,0.0,1033.7,2.02,70,96,2026-09-26
Домодедово,55.4,37.9,2026-10-03T05:00,8.6,95,0.0,1034.0,2.01,63,92,2026-09-26
Домодедово,55.4,37.9,2026-10-03T06:00,8.2,95,0.0,1034.3,2.01,63,88,2026-09-26
Домодедово,55.4,37.9,2026-10-03T07:00,8.0,94,0.0,1034.8,2.06,67,87,2026-09-26
Домодедово,55.4,37.9,2026-10-03T08:00,7.9,93,0.0,1035.4,1.96,75,86,2026-09-26
Домодедово,55.4,37.9,2026-10-03T09:00,8.0,91,0.0,1035.8,2.04,79,85,2026-09-26
Домодедово,55.4,37.9,2026-10-03T10:00,8.5,87,0.0,1036.1,2.04,79,84,2026-09-26
Домодедово,55.4,37.9,2026-10-03T11:00,9.1,82,0.0,1036.2,2.06,76,84,2026-09-26
Домодедово,55.4,37.9,2026-10-03T12:00,9.7,76,0.0,1036.2,2.12,71,83,2026-09-26
Домодедово,55.4,37.9,2026-10-03T13:00,10.3,68,0.0,1036.0,2.15,62,77,2026-09-26
Домодедово,55.4,37.9,2026-10-03T14:00,10.7,59,0.0,1035.7,2.2,51,72,2026-09-26
Домодедово,55.4,37.9,2026-10-03T15:00,10.8,55,0.0,1035.5,2.19,43,66,2026-09-26
Домодедово,55.4,37.9,2026-10-03T16:00,10.1,58,0.0,1035.5,1.91,43,66,2026-09-26
Домодедово,55.4,37.9,2026-10-03T17:00,9.1,65,0.0,1035.7,1.49,48,66,2026-09-26
Домодедово,55.4,37.9,2026-10-03T18:00,8.0,71,0.0,1035.9,1.14,52,66,2026-09-26
Домодедово,55.4,37.9,2026-10-03T19:00,6.8,74,0.0,1036.1,1.03,61,44,2026-09-26
Домодедово,55.4,37.9,2026-10-03T20:00,5.6,77,0.0,1036.3,1.04,73,22,2026-09-26
Домодедово,55.4,37.9,2026-10-03T21:00,4.6,78,0.0,1036.5,1.0,84,0,2026-09-26
Домодедово,55.4,37.9,2026-10-03T22:00,3.7,77,0.0,1036.7,1.0,96,0,2026-09-26
Домодедово,55.4,37.9,2026-10-03T23:00,3.1,74,0.0,1036.9,0.98,114,0,2026-09-26
Домодедово,55.4,37.9,2026-10-04T00:00,2.5,72,0.0,1037.0,0.94,122,0,2026-09-26
Домодедово,55.4,37.9,2026-10-04T01:00,1.4,74,0.0,1037.0,1.04,148,0,2026-09-26
Домодедово,55.4,37.9,2026-10-04T02:00,0.5,77,0.0,1036.9,1.38,179,0,2026-09-26
Домодедово,55.4,37.9,2026-10-04T03:00,-0.0,81,0.0,1036.6,1.86,206,0,2026-09-26
Домодедово,55.4,37.9,2026-10-04T04:00,-0.2,84,0.0,1036.3,2.48,227,0,2026-09-26
Домодедово,55.4,37.9,2026-10-04T05:00,0.4,82,0.0,1036.3,2.52,229,0,2026-09-26
Домодедово,55.4,37.9,2026-10-04T06:00,1.0,80,0.0,1036.2,2.48,230,0,2026-09-26
Домодедово,55.4,37.9,2026-10-04T07:00,1.8,77,0.0,1036.1,2.42,232,0,2026-09-26
Домодедово,55.4,37.9,2026-10-04T08:00,2.8,74,0.0,1035.9,2.39,233,0,2026-09-26
Домодедово,55.4,37.9,2026-10-04T09:00,3.8,71,0.0,1035.6,2.4,234,0,2026-09-26
Домодедово,55.4,37.9,2026-10-04T10:00,5.1,67,0.0,1035.1,2.45,237,0,2026-09-26
Домодедово,55.4,37.9,2026-10-04T11:00,6.7,63,0.0,1034.6,2.58,238,0,2026-09-26
Домодедово,55.4,37.9,2026-10-04T12:00,8.5,58,0.0,1033.9,2.71,240,0,2026-09-26
Домодедово,55.4,37.9,2026-10-04T13:00,10.1,55,0.0,1033.2,2.8,241,0,2026-09-26
Домодедово,55.4,37.9,2026-10-04T14:00,11.4,53,0.0,1032.6,2.93,243,0,2026-09-26
Домодедово,55.4,37.9,2026-10-04T15:00,12.1,52,0.0,1032.0,3.04,243,0,2026-09-26
Домодедово,55.4,37.9,2026-10-04T16:00,12.1,54,0.0,1031.5,3.18,242,3,2026-09-26
Домодедово,55.4,37.9,2026-10-04T17:00,11.5,58,0.0,1031.1,3.29,240,8,2026-09-26
Домодедово,55.4,37.9,2026-10-04T18:00,10.5,63,0.0,1030.8,3.41,238,13,2026-09-26
Домодедово,55.4,37.9,2026-10-04T19:00,9.4,69,0.0,1030.4,3.54,237,18,2026-09-26
Домодедово,55.4,37.9,2026-10-04T20:00,8.4,75,0.0,1030.1,3.66,235,22,2026-09-26
Домодедово,55.4,37.9,2026-10-04T21:00,7.7,80,0.0,1029.7,3.73,235,23,2026-09-26
Домодедово,55.4,37.9,2026-10-04T22:00,7.3,84,0.0,1029.3,3.74,236,21,2026-09-26
Домодедово,55.4,37.9,2026-10-04T23:00,7.0,87,0.0,1028.9,3.77,238,16,2026-09-26
Домодедово,55.4,37.9,2026-10-05T00:00,6.8,90,0.0,1028.5,3.76,240,9,2026-09-26
Домодедово,55.4,37.9,2026-10-05T01:00,6.7,91,0.0,1028.2,3.74,242,3,2026-09-26
Домодедово,55.4,37.9,2026-10-05T02:00,6.6,93,0.0,1027.8,3.71,244,0,2026-09-26
Домодедово,55.4,37.9,2026-10-05T03:00,6.7,94,0.0,1027.4,3.74,245,0,2026-09-26
Домодедово,55.4,37.9,2026-10-05T04:00,6.7,94,0.0,1027.1,3.76,245,6,2026-09-26
Домодедово,55.4,37.9,2026-10-05T05:00,6.9,94,0.0,1026.7,3.76,243,16,2026-09-26
Домодедово,55.4,37.9,2026-10-05T06:00,7.1,94,0.0,1026.4,3.76,241,29,2026-09-26
Домодедово,55.4,37.9,2026-10-05T07:00,7.4,93,0.0,1026.1,3.76,240,42,2026-09-26
Домодедово,55.4,37.9,2026-10-05T08:00,7.8,91,0.0,1025.7,3.79,239,52,2026-09-26
Домодедово,55.4,37.9,2026-10-05T09:00,8.4,88,0.0,1025.3,3.78,241,59,2026-09-26
Домодедово,55.4,37.9,2026-10-05T10:00,9.4,82,0.0,1024.7,3.83,246,61,2026-09-26
Домодедово,55.4,37.9,2026-10-05T11:00,10.8,76,0.0,1024.1,3.94,255,61,2026-09-26
Домодедово,55.4,37.9,2026-10-05T12:00,12.3,69,0.0,1023.4,4.13,263,58,2026-09-26
Домодедово,55.4,37.9,2026-10-05T13:00,13.7,64,0.0,1022.7,4.45,270,54,2026-09-26
Домодедово,55.4,37.9,2026-10-05T14:00,14.7,60,0.0,1022.1,4.67,276,50,2026-09-26
Домодедово,55.4,37.9,2026-10-05T15:00,15.2,58,0.0,1021.6,4.79,278,46,2026-09-26
Домодедово,55.4,37.9,2026-10-05T16:00,15.0,59,0.0,1021.3,4.69,277,41,2026-09-26
Домодедово,55.4,37.9,2026-10-05T17:00,14.2,63,0.0,1021.0,4.36,275,34,2026-09-26
Домодедово,55.4,37.9,2026-10-05T18:00,13.1,67,0.0,1020.9,4.05,270,26,2026-09-26
Домодедово,55.4,37.9,2026-10-05T19:00,11.9,73,0.0,1020.8,3.67,264,20,2026-09-26
Домодедово,55.4,37.9,2026-10-05T20:00,10.8,79,0.0,1020.7,3.43,257,16,2026-09-26
Домодедово,55.4,37.9,2026-10-05T21:00,10.0,83,0.0,1020.5,3.3,252,18,2026-09-26
Домодедово,55.4,37.9,2026-10-05T22:00,9.4,86,0.0,1020.3,3.31,250,26,2026-09-26
Домодедово,55.4,37.9,2026-10-05T23:00,9.0,88,0.0,1020.1,3.32,249,40,2026-09-26
Домодедово,55.4,37.9,2026-10-06T00:00,8.6,91,0.0,1019.8,3.44,249,57,2026-09-26
Домодедово,55.4,37.9,2026-10-06T01:00,8.3,92,0.0,1019.6,3.55,248,75,2026-09-26
Домодедово,55.4,37.9,2026-10-06T02:00,8.2,92,0.0,1019.4,3.59,249,90,2026-09-26
Домодедово,55.4,37.9,2026-10-06T03:00,8.2,92,0.0,1019.2,3.64,249,100,2026-09-26
Домодедово,55.4,37.9,2026-10-06T04:00,8.4,92,0.0,1019.0,3.59,249,100,2026-09-26
Домодедово,55.4,37.9,2026-10-06T05:00,8.8,92,0.0,1018.9,3.48,249,100,2026-09-26
Домодедово,55.4,37.9,2026-10-06T06:00,9.3,91,0.0,1018.8,3.39,248,100,2026-09-26
Домодедово,55.4,37.9,2026-10-06T07:00,9.9,89,0.0,1018.6,3.28,249,100,2026-09-26
Домодедово,55.4,37.9,2026-10-06T08:00,10.5,87,0.0,1018.5,3.21,249,100,2026-09-26
Домодедово,55.4,37.9,2026-10-06T09:00,11.0,84,0.0,1018.2,3.26,249,100,2026-09-26
Домодедово,55.4,37.9,2026-10-06T10:00,11.6,80,0.0,1017.9,3.45,251,100,2026-09-26
Домодедово,55.4,37.9,2026-10-06T11:00,12.3,76,0.0,1017.4,3.75,251,100,2026-09-26
Домодедово,55.4,37.9,2026-10-06T12:00,13.0,71,0.0,1016.9,4.14,252,100,2026-09-26
Домодедово,55.4,37.9,2026-10-06T13:00,13.7,66,0.0,1016.5,4.49,253,100,2026-09-26
Домодедово,55.4,37.9,2026-10-06T14:00,14.1,63,0.0,1016.0,4.78,254,100,2026-09-26
Домодедово,55.4,37.9,2026-10-06T15:00,14.3,61,0.0,1015.7,4.94,254,100,2026-09-26
Домодедово,55.4,37.9,2026-10-06T16:00,14.0,62,0.0,1015.5,4.94,254,91,2026-09-26
Домодедово,55.4,37.9,2026-10-06T17:00,13.5,64,0.0,1015.3,4.78,254,78,2026-09-26
Домодедово,55.4,37.9,2026-10-06T18:00,12.7,67,0.0,1015.2,4.59,254,63,2026-09-26
Домодедово,55.4,37.9,2026-10-06T19:00,12.0,70,0.0,1015.1,4.38,253,49,2026-09-26
Домодедово,55.4,37.9,2026-10-06T20:00,11.3,74,0.0,1015.0,4.21,252,38,2026-09-26
Домодедово,55.4,37.9,2026-10-06T21:00,10.8,76,0.0,1014.8,4.08,251,34,2026-09-26
Домодедово,55.4,37.9,2026-10-06T22:00,10.6,78,0.0,1014.5,4.09,248,37,2026-09-26
Домодедово,55.4,37.9,2026-10-06T23:00,10.5,80,0.0,1014.1,4.14,245,47,2026-09-26
Домодедово,55.4,37.9,2026-10-07T00:00,10.6,81,0.0,1013.7,4.27,241,60,2026-09-26
Домодедово,55.4,37.9,2026-10-07T01:00,10.6,83,0.0,1013.2,4.44,239,74,2026-09-26
Домодедово,55.4,37.9,2026-10-07T02:00,10.8,83,0.0,1012.8,4.62,236,87,2026-09-26
Домодедово,55.4,37.9,2026-10-07T03:00,10.9,84,0.0,1012.5,4.72,236,95,2026-09-26
Домодедово,55.4,37.9,2026-10-07T04:00,11.1,84,0.1,1012.3,4.8,236,99,2026-09-26
Домодедово,55.4,37.9,2026-10-07T05:00,11.4,84,0.1,1012.1,4.85,238,100,2026-09-26
Домодедово,55.4,37.9,2026-10-07T06:00,11.6,85,0.1,1011.9,4.91,240,100,2026-09-26
Домодедово,55.4,37.9,2026-10-07T07:00,12.0,84,0.1,1011.8,4.96,242,100,2026-09-26
Домодедово,55.4,37.9,2026-10-07T08:00,12.3,83,0.1,1011.6,5.08,245,99,2026-09-26
Домодедово,55.4,37.9,2026-10-07T09:00,12.7,81,0.1,1011.5,5.22,247,99,2026-09-26
Домодедово,55.4,37.9,2026-10-07T10:00,13.1,79,0.1,1011.3,5.43,248,99,2026-09-26
Домодедово,55.4,37.9,2026-10-07T11:00,13.7,75,0.1,1011.1,5.74,250,100,2026-09-26
Домодедово,55.4,37.9,2026-10-07T12:00,14.3,71,0.1,1010.9,6.07,251,100,2026-09-26
Домодедово,55.4,37.9,2026-10-07T13:00,14.8,68,0.1,1010.7,6.34,253,100,2026-09-26
Домодедово,55.4,37.9,2026-10-07T14:00,15.1,65,0.1,1010.6,6.53,253,100,2026-09-26
Домодедово,55.4,37.9,2026-10-07T15:00,15.2,64,0.1,1010.6,6.57,254,100,2026-09-26
Домодедово,55.4,37.9,2026-10-07T16:00,15.0,64,0.0,1010.7,6.41,254,99,2026-09-26
Домодедово,55.4,37.9,2026-10-07T17:00,14.5,66,0.0,1010.9,6.15,253,98,2026-09-26
Домодедово,55.4,37.9,2026-10-07T18:00,13.8,68,0.0,1011.2,5.76,253,97,2026-09-26
Домодедово,55.4,37.9,2026-10-07T19:00,13.0,70,0.0,1011.5,5.31,252,96,2026-09-26
Домодедово,55.4,37.9,2026-10-07T20:00,12.3,73,0.0,1011.8,4.93,250,94,2026-09-26
Домодедово,55.4,37.9,2026-10-07T21:00,11.7,76,0.0,1012.0,4.63,250,93,2026-09-26
Домодедово,55.4,37.9,2026-10-07T22:00,11.2,78,0.0,1012.2,4.38,249,92,2026-09-26
Домодедово,55.4,37.9,2026-10-07T23:00,10.7,81,0.0,1012.4,4.18,249,91,2026-09-26
Домодедово,55.4,37.9,2026-10-08T00:00,10.3,84,0.0,1012.5,3.97,249,90,2026-09-26
Домодедово,55.4,37.9,2026-10-08T01:00,9.9,87,0.0,1012.7,3.83,248,89,2026-09-26
Домодедово,55.4,37.9,2026-10-08T02:00,9.6,90,0.0,1012.8,3.65,247,88,2026-09-26
Домодедово,55.4,37.9,2026-10-08T03:00,9.4,92,0.0,1013.0,3.51,244,87,2026-09-26
Домодедово,55.4,37.9,2026-10-08T04:00,9.3,93,0.0,1013.2,3.36,240,86,2026-09-26
Домодедово,55.4,37.9,2026-10-08T05:00,9.3,93,0.0,1013.4,3.21,233,85,2026-09-26
Домодедово,55.4,37.9,2026-10-08T06:00,9.3,93,0.0,1013.6,3.18,225,83,2026-09-26
Домодедово,55.4,37.9,2026-10-08T07:00,9.5,92,0.0,1013.8,3.21,217,82,2026-09-26
Домодедово,55.4,37.9,2026-10-08T08:00,9.8,90,0.0,1013.9,3.3,212,79,2026-09-26
Домодедово,55.4,37.9,2026-10-08T09:00,10.4,87,0.0,1013.9,3.49,209,75,2026-09-26
Домодедово,55.4,37.9,2026-10-08T10:00,11.3,83,0.0,1013.7,3.74,210,69,2026-09-26
Домодедово,55.4,37.9,2026-10-08T11:00,12.6,76,0.0,1013.4,4.12,213,62,2026-09-26
Домодедово,55.4,37.9,2026-10-08T12:00,14.1,69,0.0,1013.0,4.5,217,54,2026-09-26
Домодедово,55.4,37.9,2026-10-08T13:00,15.4,64,0.0,1012.5,4.9,220,45,2026-09-26
Домодедово,55.4,37.9,2026-10-08T14:00,16.5,60,0.0,1012.2,5.24,222,37,2026-09-26
Домодедово,55.4,37.9,2026-10-08T15:00,17.0,58,0.0,1011.9,5.42,222,30,2026-09-26
Домодедово,55.4,37.9,2026-10-08T16:00,16.8,59,0.0,1011.8,5.39,221,23,2026-09-26
Домодедово,55.4,37.9,2026-10-08T17:00,16.0,61,0.0,1011.7,5.2,218,14,2026-09-26
Домодедово,55.4,37.9,2026-10-08T18:00,14.9,65,0.0,1011.7,4.96,214,6,2026-09-26
Домодедово,55.4,37.9,2026-10-08T19:00,13.7,70,0.0,1011.8,4.73,210,0,2026-09-26
Домодедово,55.4,37.9,2026-10-08T20:00,12.6,76,0.0,1011.8,4.54,205,0,2026-09-26
Домодедово,55.4,37.9,2026-10-08T21:00,11.8,79,0.0,1011.8,4.42,202,0,2026-09-26
Домодедово,55.4,37.9,2026-10-08T22:00,11.2,82,0.0,1011.8,4.37,200,10,2026-09-26
Домодедово,55.4,37.9,2026-10-08T23:00,10.7,85,0.0,1011.7,4.29,199,27,2026-09-26
Домодедово,55.4,37.9,2026-10-09T00:00,10.3,87,0.0,1011.7,4.27,198,48,2026-09-26
Домодедово,55.4,37.9,2026-10-09T01:00,10.0,89,0.0,1011.6,4.21,198,69,2026-09-26
Домодедово,55.4,37.9,2026-10-09T02:00,9.9,90,0.0,1011.5,4.16,198,87,2026-09-26
Домодедово,55.4,37.9,2026-10-09T03:00,9.8,91,0.0,1011.5,4.13,197,99,2026-09-26
Домодедово,55.4,37.9,2026-10-09T04:00,9.8,91,0.0,1011.5,4.04,195,100,2026-09-26
Домодедово,55.4,37.9,2026-10-09T05:00,9.9,91,0.0,1011.5,3.95,193,100,2026-09-26
Домодедово,55.4,37.9,2026-10-09T06:00,10.2,90,0.0,1011.5,3.86,190,100,2026-09-26
Домодедово,55.4,37.9,2026-10-09T07:00,10.5,88,0.0,1011.5,3.79,188,96,2026-09-26
Домодедово,55.4,37.9,2026-10-09T08:00,11.0,85,0.0,1011.5,3.78,187,93,2026-09-26
Домодедово,55.4,37.9,2026-10-09T09:00,11.5,82,0.0,1011.4,3.87,186,91,2026-09-26
Домодедово,55.4,37.9,2026-10-09T10:00,12.3,76,0.0,1011.3,4.08,187,93,2026-09-26
Домодедово,55.4,37.9,2026-10-09T11:00,13.4,69,0.0,1011.1,4.35,189,96,2026-09-26
Домодедово,55.4,37.9,2026-10-09T12:00,14.6,62,0.0,1010.9,4.74,191,100,2026-09-26
Домодедово,55.4,37.9,2026-10-09T13:00,15.7,55,0.0,1010.7,5.07,193,100,2026-09-26
Домодедово,55.4,37.9,2026-10-09T14:00,16.5,51,0.0,1010.5,5.37,195,100,2026-09-26
Домодедово,55.4,37.9,2026-10-09T15:00,16.8,49,0.0,1010.5,5.56,196,99,2026-09-26
Домодедово,55.4,37.9,2026-10-09T16:00,16.5,49,0.0,1010.6,5.58,197,87,2026-09-26
Домодедово,55.4,37.9,2026-10-09T17:00,15.7,51,0.0,1010.7,5.5,197,67,2026-09-26
Домодедово,55.4,37.9,2026-10-09T18:00,14.7,53,0.0,1010.9,5.42,198,44,2026-09-26
Домодедово,55.4,37.9,2026-10-09T19:00,13.5,56,0.0,1011.1,5.25,199,23,2026-09-26
Домодедово,55.4,37.9,2026-10-09T20:00,12.4,60,0.0,1011.3,5.03,201,7,2026-09-26
Домодедово,55.4,37.9,2026-10-09T21:00,11.6,64,0.0,1011.5,4.87,202,0,2026-09-26
Домодедово,55.4,37.9,2026-10-09T22:00,11.1,67,0.0,1011.6,4.68,205,5,2026-09-26
Домодедово,55.4,37.9,2026-10-09T23:00,10.7,70,0.0,1011.7,4.49,207,19,2026-09-26
Домодедово,55.4,37.9,2026-10-10T00:00,10.3,75,0.0,1011.7,4.32,210,38,2026-09-26
Домодедово,55.4,37.9,2026-10-10T01:00,10.1,78,0.0,1011.8,4.15,214,58,2026-09-26
Домодедово,55.4,37.9,2026-10-10T02:00,9.9,82,0.0,1012.0,3.99,218,77,2026-09-26
Домодедово,55.4,37.9,2026-10-10T03:00,9.7,84,0.0,1012.2,3.82,223,89,2026-09-26
Домодедово,55.4,37.9,2026-10-10T04:00,9.5,86,0.0,1012.5,3.72,229,96,2026-09-26
Домодедово,55.4,37.9,2026-10-10T05:00,9.5,86,0.0,1013.0,3.69,237,100,2026-09-26
Домодедово,55.4,37.9,2026-10-10T06:00,9.5,86,0.0,1013.5,3.74,245,100,2026-09-26
Домодедово,55.4,37.9,2026-10-10T07:00,9.5,86,0.0,1014.0,3.87,253,100,2026-09-26
Домодедово,55.4,37.9,2026-10-10T08:00,9.6,84,0.0,1014.5,3.96,260,100,2026-09-26
Домодедово,55.4,37.9,2026-10-10T09:00,9.6,82,0.0,1015.0,4.07,265,99,2026-09-26
Домодедово,55.4,37.9,2026-10-10T10:00,9.8,79,0.0,1015.5,4.1,270,97,2026-09-26
Домодедово,55.4,37.9,2026-10-10T11:00,10.0,74,0.0,1016.0,4.11,274,94,2026-09-26
Домодедово,55.4,37.9,2026-10-10T12:00,10.3,69,0.0,1016.5,4.04,279,90,2026-09-26
Домодедово,55.4,37.9,2026-10-10T13:00,10.5,65,0.0,1017.0,3.99,282,85,2026-09-26
Домодедово,55.4,37.9,2026-10-10T14:00,10.6,62,0.0,1017.4,3.91,286,78,2026-09-26
Домодедово,55.4,37.9,2026-10-10T15:00,10.4,60,0.0,1017.9,3.78,290,71,2026-09-26
Домодедово,55.4,37.9,2026-10-10T16:00,10.0,60,0.0,1018.4,3.58,295,61,2026-09-26
Домодедово,55.4,37.9,2026-10-10T17:00,9.4,62,0.0,1018.8,3.34,300,48,2026-09-26
Домодедово,55.4,37.9,2026-10-10T18:00,8.6,65,0.0,1019.2,3.08,306,35,2026-09-26
Домодедово,55.4,37.9,2026-10-10T19:00,7.8,68,0.0,1019.7,2.8,313,21,2026-09-26
Домодедово,55.4,37.9,2026-10-10T20:00,7.0,72,0.0,1020.1,2.59,319,10,2026-09-26
Домодедово,55.4,37.9,2026-10-10T21:00,6.3,75,0.0,1020.4,2.43,323,2,2026-09-26
Домодедово,55.4,37.9,2026-10-10T22:00,5.6,77,0.0,1020.7,2.26,325,0,2026-09-26
Домодедово,55.4,37.9,2026-10-10T23:00,4.9,80,0.0,1021.0,2.07,323,0,2026-09-26
Домодедово,55.4,37.9,2026-10-11T00:00,4.2,83,0.0,1021.3,1.91,319,0,2026-09-26
Домодедово,55.4,37.9,2026-10-11T01:00,4.4,86,0.0,1022.6,2.19,296,6,2026-09-26
Домодедово,55.4,37.9,2026-10-11T02:00,4.9,89,0.0,1023.4,2.71,270,28,2026-09-26
Домодедово,55.4,37.9,2026-10-11T03:00,5.6,91,0.0,1023.7,3.47,246,61,2026-09-26
Домодедово,55.4,37.9,2026-10-11T04:00,6.6,92,0.0,1023.7,4.39,229,92,2026-09-26
Домодедово,55.4,37.9,2026-10-11T05:00,6.7,94,0.0,1023.1,4.58,234,97,2026-09-26
Домодедово,55.4,37.9,2026-10-11T06:00,7.0,93,0.0,1022.5,4.85,238,100,2026-09-26
Домодедово,55.4,37.9,2026-10-11T07:00,7.6,87,0.0,1021.9,5.15,241,100,2026-09-26
Домодедово,55.4,37.9,2026-10-11T08:00,8.4,79,0.0,1021.4,5.55,244,100,2026-09-26
Домодедово,55.4,37.9,2026-10-11T09:00,9.1,73,0.0,1020.9,5.82,246,100,2026-09-26
Домодедово,55.4,37.9,2026-10-11T10:00,9.4,70,0.1,1020.5,5.95,245,100,2026-09-26
Домодедово,55.4,37.9,2026-10-11T11:00,9.7,69,0.1,1020.1,6.08,245,100,2026-09-26
Домодедово,55.4,37.9,2026-10-11T12:00,9.8,69,0.1,1019.6,6.22,244,100,2026-09-26
Домодедово,55.4,37.9,2026-10-11T13:00,9.7,71,0.1,1019.0,6.62,245,100,2026-09-26
Домодедово,55.4,37.9,2026-10-11T14:00,9.6,74,0.1,1018.3,7.07,245,100,2026-09-26
Домодедово,55.4,37.9,2026-10-11T15:00,9.5,77,0.1,1017.8,7.26,247,100,2026-09-26
Домодедово,55.4,37.9,2026-10-11T16:00,9.5,78,0.0,1017.7,7.02,253,99,2026-09-26
Домодедово,55.4,37.9,2026-10-11T17:00,9.6,79,0.0,1017.8,6.49,260,98,2026-09-26
Домодедово,55.4,37.9,2026-10-11T18:00,9.7,80,0.0,1017.9,6.21,267,98,2026-09-26
Домодедово,55.4,37.9,2026-10-11T19:00,9.8,82,0.0,1018.0,6.0,270,99,2026-09-26
Домодедово,55.4,37.9,2026-10-11T20:00,9.8,85,0.0,1018.1,5.7,270,100,2026-09-26
Домодедово,55.4,37.9,2026-10-11T21:00,9.9,88,0.0,1018.2,5.5,271,100,2026-09-26
Домодедово,55.4,37.9,2026-10-11T22:00,9.8,90,0.0,1018.2,5.31,273,98,2026-09-26
Домодедово,55.4,37.9,2026-10-11T23:00,9.7,92,0.0,1018.3,5.22,275,95,2026-09-26
Жуковский,55.55,38.15,2026-09-26T00:00,9.7,97,0.0,1027.8,1.5,143,100,2026-09-26
Жуковский,55.55,38.15,2026-09-26T01:00,9.7,97,0.0,1027.3,1.44,146,100,2026-09-26
Жуковский,55.55,38.15,2026-09-26T02:00,9.5,97,0.0,1027.5,1.44,146,91,2026-09-26
Жуковский,55.55,38.15,2026-09-26T03:00,8.8,97,0.0,1028.0,1.42,129,81,2026-09-26
Жуковский,55.55,38.15,2026-09-26T04:00,8.7,98,0.0,1028.4,1.49,132,82,2026-09-26
Жуковский,55.55,38.15,2026-09-26T05:00,8.6,98,0.0,1028.4,1.58,145,90,2026-09-26
Жуковский,55.55,38.15,2026-09-26T06:00,8.6,100,0.0,1028.9,1.84,151,96,2026-09-26
Жуковский,55.55,38.15,2026-09-26T07:00,8.4,100,0.0,1029.0,1.8,146,100,2026-09-26
Жуковский,55.55,38.15,2026-09-26T08:00,8.6,100,0.0,1029.4,1.7,140,100,2026-09-26
Жуковский,55.55,38.15,2026-09-26T09:00,9.3,99,0.0,1029.9,1.7,140,99,2026-09-26
Жуковский,55.55,38.15,2026-09-26T10:00,11.0,89,0.0,1030.0,2.02,160,76,2026-09-26
Жуковский,55.55,38.15,2026-09-26T11:00,12.4,84,0.0,1029.6,1.7,152,66,2026-09-26
Жуковский,55.55,38.15,2026-09-26T12:00,13.8,76,0.0,1029.5,1.84,139,58,2026-09-26
Жуковский,55.55,38.15,2026-09-26T13:00,14.8,72,0.0,1029.4,1.84,135,40,2026-09-26
Жуковский,55.55,38.15,2026-09-26T14:00,15.3,68,0.0,1028.8,1.98,139,46,2026-09-26
Жуковский,55.55,38.15,2026-09-26T15:00,15.2,69,0.0,1029.7,1.98,131,50,2026-09-26
Жуковский,55.55,38.15,2026-09-26T16:00,15.1,70,0.0,1029.2,2.36,126,92,2026-09-26
Жуковский,55.55,38.15,2026-09-26T17:00,14.4,74,0.0,1028.8,1.66,123,91,2026-09-26
Жуковский,55.55,38.15,2026-09-26T18:00,13.0,82,0.0,1028.7,1.66,123,97,2026-09-26
Жуковский,55.55,38.15,2026-09-26T19:00,11.6,90,0.0,1028.9,1.49,132,100,2026-09-26
Жуковский,55.55,38.15,2026-09-26T20:00,10.9,93,0.0,1029.2,1.49,138,100,2026-09-26
Жуковский,55.55,38.15,2026-09-26T21:00,10.3,94,0.0,1029.3,1.36,144,45,2026-09-26
Жуковский,55.55,38.15,2026-09-26T22:00,9.8,94,0.0,1029.5,1.28,141,31,2026-09-26
Жуковский,55.55,38.15,2026-09-26T23:00,9.5,94,0.0,1029.8,1.22,145,92,2026-09-26
Жуковский,55.55,38.15,2026-09-27T00:00,9.4,94,0.0,1029.9,1.14,142,96,2026-09-26
Жуковский,55.55,38.15,2026-09-27T01:00,9.2,93,0.0,1029.6,1.08,146,35,2026-09-26
Жуковский,55.55,38.15,2026-09-27T02:00,8.9,91,0.0,1029.6,1.12,153,0,2026-09-26
Жуковский,55.55,38.15,2026-09-27T03:00,8.7,90,0.0,1029.5,1.08,158,0,2026-09-26
Жуковский,55.55,38.15,2026-09-27T04:00,8.6,88,0.0,1029.7,1.08,158,0,2026-09-26
Жуковский,55.55,38.15,2026-09-27T05:00,8.5,87,0.0,1029.9,1.04,163,14,2026-09-26
Жуковский,55.55,38.15,2026-09-27T06:00,8.3,87,0.0,1029.9,1.12,170,36,2026-09-26
Жуковский,55.55,38.15,2026-09-27T07:00,8.3,87,0.0,1030.0,1.14,165,67,2026-09-26
Жуковский,55.55,38.15,2026-09-27T08:00,9.3,89,0.0,1029.9,1.12,170,95,2026-09-26
Жуковский,55.55,38.15,2026-09-27T09:00,11.3,82,0.0,1029.9,1.4,180,100,2026-09-26
Жуковский,55.55,38.15,2026-09-27T10:00,13.1,77,0.0,1029.8,1.73,190,100,2026-09-26
Жуковский,55.55,38.15,2026-09-27T11:00,14.7,71,0.0,1029.8,1.91,186,100,2026-09-26
Жуковский,55.55,38.15,2026-09-27T12:00,15.8,67,0.0,1029.5,2.1,183,100,2026-09-26
Жуковский,55.55,38.15,2026-09-27T13:00,16.7,64,0.0,1029.7,2.5,178,91,2026-09-26
Жуковский,55.55,38.15,2026-09-27T14:00,16.9,64,0.0,1029.6,2.61,176,90,2026-09-26
Жуковский,55.55,38.15,2026-09-27T15:00,17.1,63,0.0,1029.6,2.6,180,84,2026-09-26
Жуковский,55.55,38.15,2026-09-27T16:00,16.7,65,0.0,1029.4,2.31,175,86,2026-09-26
Жуковский,55.55,38.15,2026-09-27T17:00,15.8,71,0.0,1029.3,1.73,170,72,2026-09-26
Жуковский,55.55,38.15,2026-09-27T18:00,14.6,77,0.0,1029.2,1.77,164,92,2026-09-26
Жуковский,55.55,38.15,2026-09-27T19:00,13.2,82,0.0,1029.4,1.61,173,93,2026-09-26
Жуковский,55.55,38.15,2026-09-27T20:00,12.2,85,0.0,1029.7,1.3,176,100,2026-09-26
Жуковский,55.55,38.15,2026-09-27T21:00,11.5,86,0.0,1030.0,1.2,180,100,2026-09-26
Жуковский,55.55,38.15,2026-09-27T22:00,10.9,87,0.0,1030.2,1.0,186,98,2026-09-26
Жуковский,55.55,38.15,2026-09-27T23:00,10.6,86,0.0,1030.3,0.82,194,100,2026-09-26
Жуковский,55.55,38.15,2026-09-28T00:00,10.4,86,0.0,1030.5,0.58,239,96,2026-09-26
Жуковский,55.55,38.15,2026-09-28T01:00,10.3,86,0.0,1030.7,0.61,189,100,2026-09-26
Жуковский,55.55,38.15,2026-09-28T02:00,10.1,86,0.0,1030.8,0.61,189,100,2026-09-26
Жуковский,55.55,38.15,2026-09-28T03:00,9.8,87,0.0,1031.2,0.28,225,94,2026-09-26
Жуковский,55.55,38.15,2026-09-28T04:00,9.5,89,0.0,1031.4,0.22,207,85,2026-09-26
Жуковский,55.55,38.15,2026-09-28T05:00,9.4,90,0.0,1031.5,0.28,225,92,2026-09-26
Жуковский,55.55,38.15,2026-09-28T06:00,9.5,91,0.0,1031.4,0.3,270,92,2026-09-26
Жуковский,55.55,38.15,2026-09-28T07:00,9.6,92,0.0,1031.5,0.58,329,87,2026-09-26
Жуковский,55.55,38.15,2026-09-28T08:00,10.3,92,0.0,1031.8,0.81,330,92,2026-09-26
Жуковский,55.55,38.15,2026-09-28T09:00,11.4,91,0.0,1032.2,0.91,354,96,2026-09-26
Жуковский,55.55,38.15,2026-09-28T10:00,12.5,90,0.0,1032.5,1.32,9,95,2026-09-26
Жуковский,55.55,38.15,2026-09-28T11:00,13.4,87,0.0,1032.8,1.41,8,90,2026-09-26
Жуковский,55.55,38.15,2026-09-28T12:00,14.0,83,0.0,1032.8,1.3,4,97,2026-09-26
Жуковский,55.55,38.15,2026-09-28T13:00,14.8,76,0.0,1032.6,1.32,9,88,2026-09-26
Жуковский,55.55,38.15,2026-09-28T14:00,15.1,74,0.0,1032.3,1.33,13,92,2026-09-26
Жуковский,55.55,38.15,2026-09-28T15:00,15.3,73,0.0,1032.2,1.3,4,89,2026-09-26
Жуковский,55.55,38.15,2026-09-28T16:00,15.5,72,0.0,1032.0,1.3,356,80,2026-09-26
Жуковский,55.55,38.15,2026-09-28T17:00,15.2,74,0.0,1032.3,1.22,351,39,2026-09-26
Жуковский,55.55,38.15,2026-09-28T18:00,13.7,81,0.0,1032.8,1.2,355,38,2026-09-26
Жуковский,55.55,38.15,2026-09-28T19:00,12.4,86,0.0,1033.0,1.1,355,34,2026-09-26
Жуковский,55.55,38.15,2026-09-28T20:00,11.5,88,0.0,1033.3,1.6,356,25,2026-09-26
Жуковский,55.55,38.15,2026-09-28T21:00,10.7,90,0.0,1033.5,1.41,8,13,2026-09-26
Жуковский,55.55,38.15,2026-09-28T22:00,10.1,90,0.0,1033.9,1.3,4,28,2026-09-26
Жуковский,55.55,38.15,2026-09-28T23:00,9.5,89,0.0,1034.1,1.1,5,19,2026-09-26
Жуковский,55.55,38.15,2026-09-29T00:00,8.9,89,0.0,1034.2,1.1,5,20,2026-09-26
Жуковский,55.55,38.15,2026-09-29T01:00,8.5,89,0.0,1034.4,1.0,6,23,2026-09-26
Жуковский,55.55,38.15,2026-09-29T02:00,8.1,89,0.0,1034.7,1.0,360,34,2026-09-26
Жуковский,55.55,38.15,2026-09-29T03:00,8.0,89,0.0,1035.0,1.0,360,38,2026-09-26
Жуковский,55.55,38.15,2026-09-29T04:00,7.7,89,0.0,1035.3,1.0,360,18,2026-09-26
Жуковский,55.55,38.15,2026-09-29T05:00,7.2,90,0.0,1035.4,0.91,354,5,2026-09-26
Жуковский,55.55,38.15,2026-09-29T06:00,6.8,90,0.0,1035.4,0.91,354,0,2026-09-26
Жуковский,55.55,38.15,2026-09-29T07:00,6.8,90,0.0,1035.5,1.0,354,0,2026-09-26
Жуковский,55.55,38.15,2026-09-29T08:00,8.1,89,0.0,1035.7,1.0,354,0,2026-09-26
Жуковский,55.55,38.15,2026-09-29T09:00,10.1,84,0.0,1036.0,1.3,356,0,2026-09-26
Жуковский,55.55,38.15,2026-09-29T10:00,12.0,78,0.0,1036.1,1.5,360,1,2026-09-26
Жуковский,55.55,38.15,2026-09-29T11:00,13.6,70,0.0,1035.8,1.9,3,27,2026-09-26
Жуковский,55.55,38.15,2026-09-29T12:00,14.6,63,0.0,1035.6,2.1,3,34,2026-09-26
Жуковский,55.55,38.15,2026-09-29T13:00,15.1,60,0.0,1035.4,2.1,357,37,2026-09-26
Жуковский,55.55,38.15,2026-09-29T14:00,15.5,60,0.0,1035.1,2.02,351,31,2026-09-26
Жуковский,55.55,38.15,2026-09-29T15:00,15.6,58,0.0,1034.8,1.8,357,35,2026-09-26
Жуковский,55.55,38.15,2026-09-29T16:00,15.4,59,0.0,1034.6,1.73,350,33,2026-09-26
Жуковский,55.55,38.15,2026-09-29T17:00,14.6,66,0.0,1034.5,1.14,345,4,2026-09-26
Жуковский,55.55,38.15,2026-09-29T18:00,13.1,73,0.0,1034.6,0.94,328,0,2026-09-26
Жуковский,55.55,38.15,2026-09-29T19:00,11.8,76,0.0,1034.7,1.0,323,0,2026-09-26
Жуковский,55.55,38.15,2026-09-29T20:00,10.9,77,0.0,1034.8,0.92,319,0,2026-09-26
Жуковский,55.55,38.15,2026-09-29T21:00,10.2,79,0.0,1035.1,1.14,322,49,2026-09-26
Жуковский,55.55,38.15,2026-09-29T22:00,9.8,80,0.0,1035.2,1.06,319,66,2026-09-26
Жуковский,55.55,38.15,2026-09-29T23:00,9.6,81,0.0,1035.3,1.06,311,83,2026-09-26
Жуковский,55.55,38.15,2026-09-30T00:00,9.5,82,0.0,1035.4,1.0,307,100,2026-09-26
Жуковский,55.55,38.15,2026-09-30T01:00,9.3,83,0.0,1035.4,1.08,304,100,2026-09-26
Жуковский,55.55,38.15,2026-09-30T02:00,9.2,85,0.0,1035.4,1.17,301,100,2026-09-26
Жуковский,55.55,38.15,2026-09-30T03:00,9.0,86,0.0,1035.4,1.25,299,100,2026-09-26
Жуковский,55.55,38.15,2026-09-30T04:00,8.5,87,0.0,1035.3,1.25,299,74,2026-09-26
Жуковский,55.55,38.15,2026-09-30T05:00,8.0,89,0.0,1035.3,1.25,299,48,2026-09-26
Жуковский,55.55,38.15,2026-09-30T06:00,8.0,89,0.0,1035.3,1.25,299,22,2026-09-26
Жуковский,55.55,38.15,2026-09-30T07:00,8.6,88,0.0,1035.5,1.39,300,15,2026-09-26
Жуковский,55.55,38.15,2026-09-30T08:00,9.7,86,0.0,1035.8,1.44,304,8,2026-09-26
Жуковский,55.55,38.15,2026-09-30T09:00,10.9,83,0.0,1036.0,1.7,310,1,2026-09-26
Жуковский,55.55,38.15,2026-09-30T10:00,12.4,78,0.0,1036.0,2.13,319,11,2026-09-26
Жуковский,55.55,38.15,2026-09-30T11:00,13.9,72,0.0,1036.0,2.61,328,22,2026-09-26
Жуковский,55.55,38.15,2026-09-30T12:00,15.2,67,0.0,1035.8,3.0,330,32,2026-09-26
Жуковский,55.55,38.15,2026-09-30T13:00,16.0,65,0.0,1035.4,2.92,329,37,2026-09-26
Жуковский,55.55,38.15,2026-09-30T14:00,16.4,65,0.0,1034.9,2.72,324,43,2026-09-26
Жуковский,55.55,38.15,2026-09-30T15:00,16.4,66,0.0,1034.5,2.5,323,48,2026-09-26
Жуковский,55.55,38.15,2026-09-30T16:00,15.8,67,0.0,1034.4,2.39,327,44,2026-09-26
Жуковский,55.55,38.15,2026-09-30T17:00,14.8,70,0.0,1034.4,2.33,335,41,2026-09-26
Жуковский,55.55,38.15,2026-09-30T18:00,13.6,73,0.0,1034.5,2.25,339,37,2026-09-26
Жуковский,55.55,38.15,2026-09-30T19:00,12.4,78,0.0,1034.7,2.09,343,29,2026-09-26
Жуковский,55.55,38.15,2026-09-30T20:00,11.2,84,0.0,1035.1,1.96,345,21,2026-09-26
Жуковский,55.55,38.15,2026-09-30T21:00,10.1,89,0.0,1035.4,1.84,347,13,2026-09-26
Жуковский,55.55,38.15,2026-09-30T22:00,9.4,91,0.0,1035.7,1.73,350,18,2026-09-26
Жуковский,55.55,38.15,2026-09-30T23:00,8.9,91,0.0,1035.9,1.73,350,23,2026-09-26
Жуковский,55.55,38.15,2026-10-01T00:00,8.4,91,0.0,1036.1,1.63,349,28,2026-09-26
Жуковский,55.55,38.15,2026-10-01T01:00,8.0,91,0.0,1036.2,1.53,349,27,2026-09-26
Жуковский,55.55,38.15,2026-10-01T02:00,7.6,91,0.0,1036.3,1.46,344,27,2026-09-26
Жуковский,55.55,38.15,2026-10-01T03:00,7.2,91,0.0,1036.4,1.36,343,26,2026-09-26
Жуковский,55.55,38.15,2026-10-01T04:00,6.7,92,0.0,1036.5,1.39,339,27,2026-09-26
Жуковский,55.55,38.15,2026-10-01T05:00,6.2,93,0.0,1036.7,1.39,339,27,2026-09-26
Жуковский,55.55,38.15,2026-10-01T06:00,6.1,93,0.0,1036.9,1.49,340,28,2026-09-26
Жуковский,55.55,38.15,2026-10-01T07:00,6.5,92,0.0,1037.4,1.65,346,41,2026-09-26
Жуковский,55.55,38.15,2026-10-01T08:00,7.4,90,0.0,1037.9,1.81,354,53,2026-09-26
Жуковский,55.55,38.15,2026-10-01T09:00,8.5,86,0.0,1038.3,2.1,357,66,2026-09-26
Жуковский,55.55,38.15,2026-10-01T10:00,10.0,79,0.0,1038.4,2.4,360,73,2026-09-26
Жуковский,55.55,38.15,2026-10-01T11:00,11.8,69,0.0,1038.2,2.8,360,80,2026-09-26
Жуковский,55.55,38.15,2026-10-01T12:00,13.1,62,0.0,1038.0,3.1,360,87,2026-09-26
Жуковский,55.55,38.15,2026-10-01T13:00,13.7,58,0.0,1037.7,3.26,356,72,2026-09-26
Жуковский,55.55,38.15,2026-10-01T14:00,14.0,55,0.0,1037.3,3.32,353,58,2026-09-26
Жуковский,55.55,38.15,2026-10-01T15:00,13.9,55,0.0,1037.0,3.26,349,47,2026-09-26
Жуковский,55.55,38.15,2026-10-01T16:00,13.0,59,0.0,1036.8,2.77,347,33,2026-09-26
Жуковский,55.55,38.15,2026-10-01T17:00,11.8,66,0.0,1036.8,2.09,343,18,2026-09-26
Жуковский,55.55,38.15,2026-10-01T18:00,10.5,73,0.0,1036.8,1.58,342,2,2026-09-26
Жуковский,55.55,38.15,2026-10-01T19:00,9.2,79,0.0,1037.1,1.36,343,9,2026-09-26
Жуковский,55.55,38.15,2026-10-01T20:00,7.9,84,0.0,1037.4,1.36,343,15,2026-09-26
Жуковский,55.55,38.15,2026-10-01T21:00,6.9,88,0.0,1037.7,1.36,343,22,2026-09-26
Жуковский,55.55,38.15,2026-10-01T22:00,6.3,90,0.0,1037.8,1.3,337,33,2026-09-26
Жуковский,55.55,38.15,2026-10-01T23:00,6.0,91,0.0,1037.7,1.22,325,43,2026-09-26
Жуковский,55.55,38.15,2026-10-02T00:00,5.7,91,0.0,1037.6,1.2,318,54,2026-09-26
Жуковский,55.55,38.15,2026-10-02T01:00,5.5,92,0.0,1037.5,1.2,312,60,2026-09-26
Жуковский,55.55,38.15,2026-10-02T02:00,5.4,92,0.0,1037.3,1.08,304,66,2026-09-26
Жуковский,55.55,38.15,2026-10-02T03:00,5.3,93,0.0,1037.1,1.12,297,72,2026-09-26
Жуковский,55.55,38.15,2026-10-02T04:00,5.1,94,0.0,1036.9,1.08,292,75,2026-09-26
Жуковский,55.55,38.15,2026-10-02T05:00,5.0,95,0.0,1036.8,1.17,290,78,2026-09-26
Жуковский,55.55,38.15,2026-10-02T06:00,5.2,94,0.0,1036.6,1.3,293,81,2026-09-26
Жуковский,55.55,38.15,2026-10-02T07:00,6.1,91,0.0,1036.5,1.57,297,78,2026-09-26
Жуковский,55.55,38.15,2026-10-02T08:00,7.5,87,0.0,1036.4,1.92,298,75,2026-09-26
Жуковский,55.55,38.15,2026-10-02T09:00,8.8,83,0.0,1036.2,2.33,301,72,2026-09-26
Жуковский,55.55,38.15,2026-10-02T10:00,10.2,78,0.0,1035.8,2.69,301,72,2026-09-26
Жуковский,55.55,38.15,2026-10-02T11:00,11.7,72,0.0,1035.3,2.97,303,72,2026-09-26
Жуковский,55.55,38.15,2026-10-02T12:00,12.9,67,0.0,1034.8,3.22,306,72,2026-09-26
Жуковский,55.55,38.15,2026-10-02T13:00,13.8,62,0.0,1034.2,3.4,313,73,2026-09-26
Жуковский,55.55,38.15,2026-10-02T14:00,14.4,57,0.0,1033.5,3.69,319,75,2026-09-26
Жуковский,55.55,38.15,2026-10-02T15:00,14.5,55,0.0,1033.0,3.66,325,76,2026-09-26
Жуковский,55.55,38.15,2026-10-02T16:00,14.0,58,0.0,1032.8,3.11,327,84,2026-09-26
Жуковский,55.55,38.15,2026-10-02T17:00,12.9,64,0.0,1032.7,2.33,329,92,2026-09-26
Жуковский,55.55,38.15,2026-10-02T18:00,12.1,70,0.0,1032.7,1.7,332,100,2026-09-26
Жуковский,55.55,38.15,2026-10-02T19:00,11.6,75,0.0,1032.6,1.66,335,100,2026-09-26
Жуковский,55.55,38.15,2026-10-02T20:00,11.4,79,0.0,1032.5,1.75,336,100,2026-09-26
Жуковский,55.55,38.15,2026-10-02T21:00,11.1,83,0.0,1032.5,1.8,341,100,2026-09-26
Жуковский,55.55,38.15,2026-10-02T22:00,10.9,87,0.1,1032.6,1.73,350,100,2026-09-26
Жуковский,55.55,38.15,2026-10-02T23:00,10.6,91,0.1,1032.8,1.61,7,100,2026-09-26
Жуковский,55.55,38.15,2026-10-03T00:00,10.3,94,0.1,1033.0,1.52,23,100,2026-09-26
Жуковский,55.55,38.15,2026-10-03T01:00,10.1,95,0.0,1033.2,1.42,39,100,2026-09-26
Жуковский,55.55,38.15,2026-10-03T02:00,9.8,94,0.0,1033.4,1.48,62,100,2026-09-26
Жуковский,55.55,38.15,2026-10-03T03:00,9.4,94,0.0,1033.6,1.58,72,100,2026-09-26
Жуковский,55.55,38.15,2026-10-03T04:00,8.9,94,0.0,1033.9,1.71,69,93,2026-09-26
Жуковский,55.55,38.15,2026-10-03T05:00,8.3,95,0.0,1034.2,1.88,65,85,2026-09-26
Жуковский,55.55,38.15,2026-10-03T06:00,7.8,95,0.0,1034.6,1.92,62,78,2026-09-26
Жуковский,55.55,38.15,2026-10-03T07:00,7.6,95,0.0,1035.1,1.97,66,83,2026-09-26
Жуковский,55.55,38.15,2026-10-03T08:00,7.6,94,0.0,1035.6,1.99,72,88,2026-09-26
Жуковский,55.55,38.15,2026-10-03T09:00,7.8,91,0.0,1036.0,1.96,75,93,2026-09-26
Жуковский,55.55,38.15,2026-10-03T10:00,8.5,85,0.0,1036.2,1.96,75,79,2026-09-26
Жуковский,55.55,38.15,2026-10-03T11:00,9.4,77,0.0,1036.3,1.96,75,64,2026-09-26
Жуковский,55.55,38.15,2026-10-03T12:00,10.2,69,0.0,1036.3,1.9,72,50,2026-09-26
Жуковский,55.55,38.15,2026-10-03T13:00,10.7,62,0.0,1036.1,2.06,61,57,2026-09-26
Жуковский,55.55,38.15,2026-10-03T14:00,11.0,55,0.0,1035.8,2.2,51,64,2026-09-26
Жуковский,55.55,38.15,2026-10-03T15:00,10.9,52,0.0,1035.6,2.33,43,71,2026-09-26
Жуковский,55.55,38.15,2026-10-03T16:00,10.2,55,0.0,1035.6,1.98,41,59,2026-09-26
Жуковский,55.55,38.15,2026-10-03T17:00,9.1,61,0.0,1035.8,1.56,40,48,2026-09-26
Жуковский,55.55,38.15,2026-10-03T18:00,7.9,67,0.0,1036.0,1.13,45,36,2026-09-26
Жуковский,55.55,38.15,2026-10-03T19:00,6.7,71,0.0,1036.2,1.03,61,24,2026-09-26
Жуковский,55.55,38.15,2026-10-03T20:00,5.5,73,0.0,1036.4,1.14,75,12,2026-09-26
Жуковский,55.55,38.15,2026-10-03T21:00,4.4,75,0.0,1036.6,1.2,85,0,2026-09-26
Жуковский,55.55,38.15,2026-10-03T22:00,3.5,75,0.0,1036.8,1.1,95,0,2026-09-26
Жуковский,55.55,38.15,2026-10-03T23:00,2.7,74,0.0,1037.0,0.98,114,0,2026-09-26
Жуковский,55.55,38.15,2026-10-04T00:00,2.1,73,0.0,1037.1,0.86,126,0,2026-09-26
Жуковский,55.55,38.15,2026-10-04T01:00,1.0,75,0.0,1037.0,0.82,153,0,2026-09-26
Жуковский,55.55,38.15,2026-10-04T02:00,0.2,79,0.0,1036.9,0.98,181,0,2026-09-26
Жуковский,55.55,38.15,2026-10-04T03:00,-0.4,82,0.0,1036.6,1.38,210,0,2026-09-26
Жуковский,55.55,38.15,2026-10-04T04:00,-0.5,84,0.0,1036.3,1.91,229,0,2026-09-26
Жуковский,55.55,38.15,2026-10-04T05:00,0.1,83,0.0,1036.3,1.96,232,0,2026-09-26
Жуковский,55.55,38.15,2026-10-04T06:00,0.8,81,0.0,1036.2,1.97,234,0,2026-09-26
Жуковский,55.55,38.15,2026-10-04T07:00,1.8,78,0.0,1036.0,1.98,236,0,2026-09-26
Жуковский,55.55,38.15,2026-10-04T08:00,2.8,75,0.0,1035.8,1.96,238,0,2026-09-26
Жуковский,55.55,38.15,2026-10-04T09:00,3.9,72,0.0,1035.5,2.04,239,0,2026-09-26
Жуковский,55.55,38.15,2026-10-04T10:00,5.2,69,0.0,1035.0,2.17,241,0,2026-09-26
Жуковский,55.55,38.15,2026-10-04T11:00,6.9,63,0.0,1034.5,2.3,243,0,2026-09-26
Жуковский,55.55,38.15,2026-10-04T12:00,8.6,59,0.0,1033.8,2.46,243,0,2026-09-26
Жуковский,55.55,38.15,2026-10-04T13:00,10.2,55,0.0,1033.1,2.62,244,0,2026-09-26
Жуковский,55.55,38.15,2026-10-04T14:00,11.5,52,0.0,1032.5,2.75,245,0,2026-09-26
Жуковский,55.55,38.15,2026-10-04T15:00,12.1,52,0.0,1031.9,2.82,245,0,2026-09-26
Жуковский,55.55,38.15,2026-10-04T16:00,12.0,54,0.0,1031.4,2.84,244,4,2026-09-26
Жуковский,55.55,38.15,2026-10-04T17:00,11.3,58,0.0,1031.0,2.82,243,11,2026-09-26
Жуковский,55.55,38.15,2026-10-04T18:00,10.2,63,0.0,1030.7,2.82,240,19,2026-09-26
Жуковский,55.55,38.15,2026-10-04T19:00,8.9,70,0.0,1030.3,2.76,238,26,2026-09-26
Жуковский,55.55,38.15,2026-10-04T20:00,7.8,77,0.0,1030.0,2.7,236,31,2026-09-26
Жуковский,55.55,38.15,2026-10-04T21:00,7.1,83,0.0,1029.6,2.7,236,33,2026-09-26
Жуковский,55.55,38.15,2026-10-04T22:00,6.7,86,0.0,1029.2,2.72,238,30,2026-09-26
Жуковский,55.55,38.15,2026-10-04T23:00,6.4,89,0.0,1028.8,2.71,240,23,2026-09-26
Жуковский,55.55,38.15,2026-10-05T00:00,6.3,90,0.0,1028.4,2.68,243,15,2026-09-26
Жуковский,55.55,38.15,2026-10-05T01:00,6.3,92,0.0,1028.0,2.73,246,6,2026-09-26
Жуковский,55.55,38.15,2026-10-05T02:00,6.4,92,0.0,1027.6,2.79,249,1,2026-09-26
Жуковский,55.55,38.15,2026-10-05T03:00,6.5,93,0.0,1027.2,2.82,250,1,2026-09-26
Жуковский,55.55,38.15,2026-10-05T04:00,6.6,94,0.0,1026.9,2.88,250,8,2026-09-26
Жуковский,55.55,38.15,2026-10-05T05:00,6.8,94,0.0,1026.5,2.93,247,21,2026-09-26
Жуковский,55.55,38.15,2026-10-05T06:00,7.1,94,0.0,1026.2,3.06,244,37,2026-09-26
Жуковский,55.55,38.15,2026-10-05T07:00,7.5,94,0.0,1025.9,3.2,241,52,2026-09-26
Жуковский,55.55,38.15,2026-10-05T08:00,8.0,92,0.0,1025.5,3.27,241,65,2026-09-26
Жуковский,55.55,38.15,2026-10-05T09:00,8.6,89,0.0,1025.1,3.38,243,72,2026-09-26
Жуковский,55.55,38.15,2026-10-05T10:00,9.6,84,0.0,1024.5,3.5,248,72,2026-09-26
Жуковский,55.55,38.15,2026-10-05T11:00,11.0,77,0.0,1023.9,3.7,257,67,2026-09-26
Жуковский,55.55,38.15,2026-10-05T12:00,12.5,70,0.0,1023.2,4.01,266,60,2026-09-26
Жуковский,55.55,38.15,2026-10-05T13:00,13.9,65,0.0,1022.5,4.35,273,51,2026-09-26
Жуковский,55.55,38.15,2026-10-05T14:00,14.9,61,0.0,1021.9,4.64,277,44,2026-09-26
Жуковский,55.55,38.15,2026-10-05T15:00,15.4,59,0.0,1021.4,4.72,280,39,2026-09-26
Жуковский,55.55,38.15,2026-10-05T16:00,15.1,60,0.0,1021.1,4.51,280,37,2026-09-26
Жуковский,55.55,38.15,2026-10-05T17:00,14.2,63,0.0,1020.9,4.09,278,36,2026-09-26
Жуковский,55.55,38.15,2026-10-05T18:00,12.9,69,0.0,1020.7,3.56,273,35,2026-09-26
Жуковский,55.55,38.15,2026-10-05T19:00,11.6,74,0.0,1020.6,3.05,267,36,2026-09-26
Жуковский,55.55,38.15,2026-10-05T20:00,10.4,80,0.0,1020.5,2.64,260,39,2026-09-26
Жуковский,55.55,38.15,2026-10-05T21:00,9.5,85,0.0,1020.3,2.45,253,43,2026-09-26
Жуковский,55.55,38.15,2026-10-05T22:00,8.9,88,0.0,1020.1,2.45,250,50,2026-09-26
Жуковский,55.55,38.15,2026-10-05T23:00,8.5,90,0.0,1019.8,2.56,249,60,2026-09-26
Жуковский,55.55,38.15,2026-10-06T00:00,8.2,92,0.0,1019.6,2.72,250,72,2026-09-26
Жуковский,55.55,38.15,2026-10-06T01:00,8.0,92,0.0,1019.3,2.93,250,83,2026-09-26
Жуковский,55.55,38.15,2026-10-06T02:00,7.9,93,0.0,1019.1,3.07,251,93,2026-09-26
Жуковский,55.55,38.15,2026-10-06T03:00,8.0,93,0.0,1018.9,3.16,252,100,2026-09-26
Жуковский,55.55,38.15,2026-10-06T04:00,8.2,93,0.0,1018.8,3.15,252,100,2026-09-26
Жуковский,55.55,38.15,2026-10-06T05:00,8.7,92,0.0,1018.6,3.02,254,100,2026-09-26
Жуковский,55.55,38.15,2026-10-06T06:00,9.3,91,0.0,1018.6,2.85,255,100,2026-09-26
Жуковский,55.55,38.15,2026-10-06T07:00,9.9,90,0.0,1018.5,2.73,256,100,2026-09-26
Жуковский,55.55,38.15,2026-10-06T08:00,10.5,88,0.0,1018.3,2.71,258,100,2026-09-26
Жуковский,55.55,38.15,2026-10-06T09:00,11.1,85,0.0,1018.1,2.76,258,100,2026-09-26
Жуковский,55.55,38.15,2026-10-06T10:00,11.7,82,0.0,1017.8,3.01,259,100,2026-09-26
Жуковский,55.55,38.15,2026-10-06T11:00,12.5,77,0.0,1017.4,3.37,258,100,2026-09-26
Жуковский,55.55,38.15,2026-10-06T12:00,13.2,72,0.0,1016.9,3.8,257,100,2026-09-26
Жуковский,55.55,38.15,2026-10-06T13:00,13.8,68,0.0,1016.5,4.21,257,100,2026-09-26
Жуковский,55.55,38.15,2026-10-06T14:00,14.2,65,0.0,1016.0,4.58,256,100,2026-09-26
Жуковский,55.55,38.15,2026-10-06T15:00,14.4,63,0.0,1015.7,4.74,256,100,2026-09-26
Жуковский,55.55,38.15,2026-10-06T16:00,14.1,63,0.0,1015.5,4.69,256,88,2026-09-26
Жуковский,55.55,38.15,2026-10-06T17:00,13.5,65,0.0,1015.3,4.49,256,70,2026-09-26
Жуковский,55.55,38.15,2026-10-06T18:00,12.8,68,0.0,1015.2,4.18,255,49,2026-09-26
Жуковский,55.55,38.15,2026-10-06T19:00,11.9,71,0.0,1015.0,3.88,255,29,2026-09-26
Жуковский,55.55,38.15,2026-10-06T20:00,11.2,74,0.0,1014.8,3.64,254,15,2026-09-26
Жуковский,55.55,38.15,2026-10-06T21:00,10.7,77,0.0,1014.6,3.48,252,9,2026-09-26
Жуковский,55.55,38.15,2026-10-06T22:00,10.5,78,0.0,1014.3,3.45,248,15,2026-09-26
Жуковский,55.55,38.15,2026-10-06T23:00,10.4,80,0.0,1013.8,3.53,243,29,2026-09-26
Жуковский,55.55,38.15,2026-10-07T00:00,10.4,82,0.0,1013.4,3.7,238,48,2026-09-26
Жуковский,55.55,38.15,2026-10-07T01:00,10.5,83,0.0,1012.9,3.94,234,69,2026-09-26
Жуковский,55.55,38.15,2026-10-07T02:00,10.6,85,0.0,1012.5,4.16,231,87,2026-09-26
Жуковский,55.55,38.15,2026-10-07T03:00,10.8,85,0.0,1012.2,4.33,231,98,2026-09-26
Жуковский,55.55,38.15,2026-10-07T04:00,10.9,86,0.1,1012.0,4.45,232,100,2026-09-26
Жуковский,55.55,38.15,2026-10-07T05:00,11.2,87,0.1,1011.8,4.55,234,100,2026-09-26
Жуковский,55.55,38.15,2026-10-07T06:00,11.4,88,0.1,1011.7,4.67,238,99,2026-09-26
Жуковский,55.55,38.15,2026-10-07T07:00,11.7,88,0.1,1011.5,4.79,241,95,2026-09-26
Жуковский,55.55,38.15,2026-10-07T08:00,12.0,87,0.1,1011.4,4.99,244,91,2026-09-26
Жуковский,55.55,38.15,2026-10-07T09:00,12.4,86,0.1,1011.3,5.15,247,90,2026-09-26
Жуковский,55.55,38.15,2026-10-07T10:00,12.9,83,0.1,1011.1,5.4,249,91,2026-09-26
Жуковский,55.55,38.15,2026-10-07T11:00,13.6,78,0.1,1010.9,5.69,252,93,2026-09-26
Жуковский,55.55,38.15,2026-10-07T12:00,14.3,73,0.1,1010.7,6.0,254,95,2026-09-26
Жуковский,55.55,38.15,2026-10-07T13:00,14.9,69,0.1,1010.5,6.32,255,97,2026-09-26
Жуковский,55.55,38.15,2026-10-07T14:00,15.4,65,0.1,1010.4,6.44,256,99,2026-09-26
Жуковский,55.55,38.15,2026-10-07T15:00,15.5,64,0.1,1010.4,6.48,257,100,2026-09-26
Жуковский,55.55,38.15,2026-10-07T16:00,15.3,64,0.0,1010.5,6.27,257,100,2026-09-26
Жуковский,55.55,38.15,2026-10-07T17:00,14.7,65,0.0,1010.7,5.88,256,98,2026-09-26
Жуковский,55.55,38.15,2026-10-07T18:00,14.0,67,0.0,1010.9,5.4,254,96,2026-09-26
Жуковский,55.55,38.15,2026-10-07T19:00,13.2,70,0.0,1011.2,4.92,253,94,2026-09-26
Жуковский,55.55,38.15,2026-10-07T20:00,12.4,73,0.0,1011.5,4.44,251,92,2026-09-26
Жуковский,55.55,38.15,2026-10-07T21:00,11.8,76,0.0,1011.7,4.05,250,91,2026-09-26
Жуковский,55.55,38.15,2026-10-07T22:00,11.3,78,0.0,1011.9,3.8,249,90,2026-09-26
Жуковский,55.55,38.15,2026-10-07T23:00,10.8,81,0.0,1012.1,3.51,250,90,2026-09-26
Жуковский,55.55,38.15,2026-10-08T00:00,10.3,84,0.0,1012.3,3.34,251,90,2026-09-26
Жуковский,55.55,38.15,2026-10-08T01:00,9.9,87,0.0,1012.4,3.11,251,90,2026-09-26
Жуковский,55.55,38.15,2026-10-08T02:00,9.6,89,0.0,1012.6,2.97,250,89,2026-09-26
Жуковский,55.55,38.15,2026-10-08T03:00,9.5,91,0.0,1012.8,2.85,248,87,2026-09-26
Жуковский,55.55,38.15,2026-10-08T04:00,9.4,92,0.0,1013.0,2.75,243,84,2026-09-26
Жуковский,55.55,38.15,2026-10-08T05:00,9.4,92,0.0,1013.3,2.69,235,80,2026-09-26
Жуковский,55.55,38.15,2026-10-08T06:00,9.5,92,0.0,1013.5,2.76,226,76,2026-09-26
Жуковский,55.55,38.15,2026-10-08T07:00,9.8,91,0.0,1013.7,2.88,219,71,2026-09-26
Жуковский,55.55,38.15,2026-10-08T08:00,10.1,89,0.0,1013.8,3.11,213,65,2026-09-26
Жуковский,55.55,38.15,2026-10-08T09:00,10.7,87,0.0,1013.8,3.34,210,59,2026-09-26
Жуковский,55.55,38.15,2026-10-08T10:00,11.6,82,0.0,1013.6,3.6,209,51,2026-09-26
Жуковский,55.55,38.15,2026-10-08T11:00,12.9,76,0.0,1013.3,3.94,210,41,2026-09-26
Жуковский,55.55,38.15,2026-10-08T12:00,14.3,70,0.0,1012.9,4.31,212,31,2026-09-26
Жуковский,55.55,38.15,2026-10-08T13:00,15.7,64,0.0,1012.4,4.65,214,20,2026-09-26
Жуковский,55.55,38.15,2026-10-08T14:00,16.7,60,0.0,1012.0,4.84,215,11,2026-09-26
Жуковский,55.55,38.15,2026-10-08T15:00,17.1,59,0.0,1011.8,4.95,215,5,2026-09-26
Жуковский,55.55,38.15,2026-10-08T16:00,16.8,60,0.0,1011.7,4.87,214,0,2026-09-26
Жуковский,55.55,38.15,2026-10-08T17:00,16.0,62,0.0,1011.7,4.65,212,0,2026-09-26
Жуковский,55.55,38.15,2026-10-08T18:00,14.9,66,0.0,1011.7,4.32,208,0,2026-09-26
Жуковский,55.55,38.15,2026-10-08T19:00,13.6,72,0.0,1011.8,3.98,205,0,2026-09-26
Жуковский,55.55,38.15,2026-10-08T20:00,12.4,77,0.0,1011.9,3.7,201,0,2026-09-26
Жуковский,55.55,38.15,2026-10-08T21:00,11.5,81,0.0,1011.9,3.53,198,0,2026-09-26
Жуковский,55.55,38.15,2026-10-08T22:00,10.9,84,0.0,1011.9,3.45,197,11,2026-09-26
Жуковский,55.55,38.15,2026-10-08T23:00,10.5,86,0.0,1011.8,3.32,196,28,2026-09-26
Жуковский,55.55,38.15,2026-10-09T00:00,10.1,88,0.0,1011.8,3.32,196,48,2026-09-26
Жуковский,55.55,38.15,2026-10-09T01:00,9.8,89,0.0,1011.7,3.28,196,68,2026-09-26
Жуковский,55.55,38.15,2026-10-09T02:00,9.6,90,0.0,1011.6,3.28,196,85,2026-09-26
Жуковский,55.55,38.15,2026-10-09T03:00,9.6,91,0.0,1011.6,3.26,195,97,2026-09-26
Жуковский,55.55,38.15,2026-10-09T04:00,9.6,91,0.0,1011.6,3.24,193,100,2026-09-26
Жуковский,55.55,38.15,2026-10-09T05:00,9.8,91,0.0,1011.6,3.26,191,100,2026-09-26
Жуковский,55.55,38.15,2026-10-09T06:00,10.1,91,0.0,1011.6,3.29,189,100,2026-09-26
Жуковский,55.55,38.15,2026-10-09T07:00,10.5,90,0.0,1011.6,3.32,186,98,2026-09-26
Жуковский,55.55,38.15,2026-10-09T08:00,11.0,87,0.0,1011.6,3.41,184,95,2026-09-26
Жуковский,55.55,38.15,2026-10-09T09:00,11.6,84,0.0,1011.5,3.56,184,94,2026-09-26
Жуковский,55.55,38.15,2026-10-09T10:00,12.5,78,0.0,1011.4,3.82,185,95,2026-09-26
Жуковский,55.55,38.15,2026-10-09T11:00,13.6,70,0.0,1011.2,4.18,187,98,2026-09-26
Жуковский,55.55,38.15,2026-10-09T12:00,14.9,63,0.0,1011.0,4.6,188,100,2026-09-26
Жуковский,55.55,38.15,2026-10-09T13:00,16.0,56,0.0,1010.8,4.97,190,100,2026-09-26
Жуковский,55.55,38.15,2026-10-09T14:00,16.8,52,0.0,1010.7,5.26,192,100,2026-09-26
Жуковский,55.55,38.15,2026-10-09T15:00,17.2,49,0.0,1010.6,5.43,193,97,2026-09-26
Жуковский,55.55,38.15,2026-10-09T16:00,16.9,48,0.0,1010.6,5.41,194,85,2026-09-26
Жуковский,55.55,38.15,2026-10-09T17:00,16.0,49,0.0,1010.8,5.23,195,67,2026-09-26
Жуковский,55.55,38.15,2026-10-09T18:00,14.9,52,0.0,1011.0,5.0,196,46,2026-09-26
Жуковский,55.55,38.15,2026-10-09T19:00,13.7,54,0.0,1011.1,4.71,197,26,2026-09-26
Жуковский,55.55,38.15,2026-10-09T20:00,12.5,57,0.0,1011.3,4.4,199,10,2026-09-26
Жуковский,55.55,38.15,2026-10-09T21:00,11.7,60,0.0,1011.5,4.18,201,3,2026-09-26
Жуковский,55.55,38.15,2026-10-09T22:00,11.1,64,0.0,1011.6,3.97,203,6,2026-09-26
Жуковский,55.55,38.15,2026-10-09T23:00,10.7,67,0.0,1011.7,3.8,205,17,2026-09-26
Жуковский,55.55,38.15,2026-10-10T00:00,10.3,71,0.0,1011.7,3.6,207,32,2026-09-26
Жуковский,55.55,38.15,2026-10-10T01:00,10.1,75,0.0,1011.8,3.47,210,49,2026-09-26
Жуковский,55.55,38.15,2026-10-10T02:00,9.9,79,0.0,1012.0,3.31,214,64,2026-09-26
Жуковский,55.55,38.15,2026-10-10T03:00,9.7,82,0.0,1012.2,3.19,220,75,2026-09-26
Жуковский,55.55,38.15,2026-10-10T04:00,9.6,84,0.0,1012.5,3.19,228,82,2026-09-26
Жуковский,55.55,38.15,2026-10-10T05:00,9.7,85,0.0,1012.9,3.24,236,87,2026-09-26
Жуковский,55.55,38.15,2026-10-10T06:00,9.7,85,0.0,1013.4,3.4,246,90,2026-09-26
Жуковский,55.55,38.15,2026-10-10T07:00,9.9,85,0.0,1013.8,3.65,253,93,2026-09-26
Жуковский,55.55,38.15,2026-10-10T08:00,10.0,84,0.0,1014.3,3.91,260,94,2026-09-26
Жуковский,55.55,38.15,2026-10-10T09:00,10.1,82,0.0,1014.8,4.07,265,95,2026-09-26
Жуковский,55.55,38.15,2026-10-10T10:00,10.2,79,0.0,1015.3,4.15,269,96,2026-09-26
Жуковский,55.55,38.15,2026-10-10T11:00,10.4,75,0.0,1015.8,4.16,273,96,2026-09-26
Жуковский,55.55,38.15,2026-10-10T12:00,10.7,70,0.0,1016.3,4.19,278,96,2026-09-26
Жуковский,55.55,38.15,2026-10-10T13:00,10.8,65,0.0,1016.8,4.13,281,94,2026-09-26
Жуковский,55.55,38.15,2026-10-10T14:00,10.9,62,0.0,1017.3,3.99,285,90,2026-09-26
Жуковский,55.55,38.15,2026-10-10T15:00,10.7,60,0.0,1017.8,3.86,289,84,2026-09-26
Жуковский,55.55,38.15,2026-10-10T16:00,10.3,60,0.0,1018.3,3.63,293,73,2026-09-26
Жуковский,55.55,38.15,2026-10-10T17:00,9.8,61,0.0,1018.7,3.29,298,59,2026-09-26
Жуковский,55.55,38.15,2026-10-10T18:00,9.1,63,0.0,1019.2,2.87,305,42,2026-09-26
Жуковский,55.55,38.15,2026-10-10T19:00,8.3,66,0.0,1019.6,2.51,313,25,2026-09-26
Жуковский,55.55,38.15,2026-10-10T20:00,7.5,68,0.0,1020.0,2.23,320,11,2026-09-26
Жуковский,55.55,38.15,2026-10-10T21:00,6.8,71,0.0,1020.3,2.05,326,1,2026-09-26
Жуковский,55.55,38.15,2026-10-10T22:00,6.1,74,0.0,1020.6,1.89,328,0,2026-09-26
Жуковский,55.55,38.15,2026-10-10T23:00,5.4,77,0.0,1020.9,1.76,325,0,2026-09-26
Жуковский,55.55,38.15,2026-10-11T00:00,4.7,81,0.0,1021.2,1.6,321,0,2026-09-26
Жуковский,55.55,38.15,2026-10-11T01:00,4.8,86,0.0,1022.5,1.9,296,7,2026-09-26
Жуковский,55.55,38.15,2026-10-11T02:00,5.3,89,0.0,1023.3,2.29,270,32,2026-09-26
Жуковский,55.55,38.15,2026-10-11T03:00,6.0,91,0.0,1023.7,2.9,246,68,2026-09-26
Жуковский,55.55,38.15,2026-10-11T04:00,6.9,92,0.0,1023.6,3.69,229,99,2026-09-26
Жуковский,55.55,38.15,2026-10-11T05:00,7.0,93,0.0,1023.0,4.0,233,100,2026-09-26
Жуковский,55.55,38.15,2026-10-11T06:00,7.3,92,0.0,1022.4,4.27,237,100,2026-09-26
Жуковский,55.55,38.15,2026-10-11T07:00,8.0,87,0.0,1021.9,4.48,241,100,2026-09-26
Жуковский,55.55,38.15,2026-10-11T08:00,8.8,79,0.0,1021.4,4.65,245,100,2026-09-26
Жуковский,55.55,38.15,2026-10-11T09:00,9.5,74,0.0,1020.9,4.92,246,100,2026-09-26
Жуковский,55.55,38.15,2026-10-11T10:00,9.6,73,0.2,1020.4,5.19,245,100,2026-09-26
Жуковский,55.55,38.15,2026-10-11T11:00,9.4,75,0.2,1020.0,5.41,242,100,2026-09-26
Жуковский,55.55,38.15,2026-10-11T12:00,9.3,77,0.2,1019.5,5.68,242,100,2026-09-26
Жуковский,55.55,38.15,2026-10-11T13:00,9.3,78,0.1,1018.9,5.99,244,100,2026-09-26
Жуковский,55.55,38.15,2026-10-11T14:00,9.4,80,0.1,1018.2,6.28,248,100,2026-09-26
Жуковский,55.55,38.15,2026-10-11T15:00,9.6,81,0.1,1017.7,6.45,251,100,2026-09-26
Жуковский,55.55,38.15,2026-10-11T16:00,9.7,82,0.0,1017.6,6.21,255,100,2026-09-26
Жуковский,55.55,38.15,2026-10-11T17:00,9.9,82,0.0,1017.7,5.87,261,100,2026-09-26
Жуковский,55.55,38.15,2026-10-11T18:00,10.1,83,0.0,1017.8,5.51,266,100,2026-09-26
Жуковский,55.55,38.15,2026-10-11T19:00,10.2,84,0.0,1017.9,5.2,269,99,2026-09-26
Жуковский,55.55,38.15,2026-10-11T20:00,10.4,86,0.0,1017.9,4.9,271,98,2026-09-26
Жуковский,55.55,38.15,2026-10-11T21:00,10.5,87,0.0,1018.0,4.71,274,97,2026-09-26
Жуковский,55.55,38.15,2026-10-11T22:00,10.6,89,0.0,1018.0,4.64,277,98,2026-09-26
Жуковский,55.55,38.15,2026-10-11T23:00,10.6,90,0.0,1018.1,4.61,283,99,2026-09-26
