route;date;hour;prediction
1;2025-11-01;0;4
1;2025-11-01;1;0
1;2025-11-01;2;0
1;2025-11-01;3;0
1;2025-11-01;4;5
1;2025-11-01;5;144
1;2025-11-01;6;680
1;2025-11-01;7;1746
1;2025-11-01;8;2274
1;2025-11-01;9;1824
1;2025-11-01;10;1630
1;2025-11-01;11;1640
1;2025-11-01;12;1672
1;2025-11-01;13;1693
1;2025-11-01;14;1628
1;2025-11-01;15;1744
1;2025-11-01;16;1800
1;2025-11-01;17;2072
1;2025-11-01;18;2103
1;2025-11-01;19;1590
1;2025-11-01;20;999
1;2025-11-01;21;558
1;2025-11-01;22;245
1;2025-11-01;23;59
1;2025-11-02;0;7
1;2025-11-02;1;0
1;2025-11-02;2;0
1;2025-11-02;3;0
1;2025-11-02;4;2
1;2025-11-02;5;24
1;2025-11-02;6;136
1;2025-11-02;7;280
1;2025-11-02;8;396
1;2025-11-02;9;570
1;2025-11-02;10;684
1;2025-11-02;11;707
1;2025-11-02;12;813
1;2025-11-02;13;850
1;2025-11-02;14;797
1;2025-11-02;15;752
1;2025-11-02;16;713
1;2025-11-02;17;635
1;2025-11-02;18;579
1;2025-11-02;19;506
1;2025-11-02;20;366
1;2025-11-02;21;276
1;2025-11-02;22;123
1;2025-11-02;23;28
1;2025-11-03;0;5
1;2025-11-03;1;0
1;2025-11-03;2;0
1;2025-11-03;3;0
1;2025-11-03;4;2
1;2025-11-03;5;31
1;2025-11-03;6;154
1;2025-11-03;7;306
1;2025-11-03;8;472
1;2025-11-03;9;574
1;2025-11-03;10;670
1;2025-11-03;11;689
1;2025-11-03;12;780
1;2025-11-03;13;820
1;2025-11-03;14;775
1;2025-11-03;15;742
1;2025-11-03;16;712
1;2025-11-03;17;674
1;2025-11-03;18;634
1;2025-11-03;19;550
1;2025-11-03;20;389
1;2025-11-03;21;292
1;2025-11-03;22;130
1;2025-11-03;23;30
1;2025-11-04;0;4
1;2025-11-04;1;2
1;2025-11-04;2;2
1;2025-11-04;3;2
1;2025-11-04;4;0
1;2025-11-04;5;12
1;2025-11-04;6;106
1;2025-11-04;7;244
1;2025-11-04;8;393
1;2025-11-04;9;487
1;2025-11-04;10;567
1;2025-11-04;11;582
1;2025-11-04;12;695
1;2025-11-04;13;748
1;2025-11-04;14;706
1;2025-11-04;15;678
1;2025-11-04;16;650
1;2025-11-04;17;586
1;2025-11-04;18;539
1;2025-11-04;19;458
1;2025-11-04;20;322
1;2025-11-04;21;256
1;2025-11-04;22;107
1;2025-11-04;23;18
1;2025-11-05;0;4
1;2025-11-05;1;0
1;2025-11-05;2;0
1;2025-11-05;3;0
1;2025-11-05;4;9
1;2025-11-05;5;132
1;2025-11-05;6;600
1;2025-11-05;7;1544
1;2025-11-05;8;2030
1;2025-11-05;9;1547
1;2025-11-05;10;1354
1;2025-11-05;11;1345
1;2025-11-05;12;1372
1;2025-11-05;13;1396
1;2025-11-05;14;1358
1;2025-11-05;15;1469
1;2025-11-05;16;1551
1;2025-11-05;17;1847
1;2025-11-05;18;1908
1;2025-11-05;19;1446
1;2025-11-05;20;916
1;2025-11-05;21;515
1;2025-11-05;22;221
1;2025-11-05;23;44
1;2025-11-06;0;4
1;2025-11-06;1;0
1;2025-11-06;2;0
1;2025-11-06;3;0
1;2025-11-06;4;8
1;2025-11-06;5;132
1;2025-11-06;6;601
1;2025-11-06;7;1544
1;2025-11-06;8;2034
1;2025-11-06;9;1555
1;2025-11-06;10;1365
1;2025-11-06;11;1360
1;2025-11-06;12;1390
1;2025-11-06;13;1416
1;2025-11-06;14;1378
1;2025-11-06;15;1490
1;2025-11-06;16;1572
1;2025-11-06;17;1851
1;2025-11-06;18;1914
1;2025-11-06;19;1450
1;2025-11-06;20;916
1;2025-11-06;21;518
1;2025-11-06;22;223
1;2025-11-06;23;48
1;2025-11-07;0;4
1;2025-11-07;1;0
1;2025-11-07;2;0
1;2025-11-07;3;0
1;2025-11-07;4;8
1;2025-11-07;5;130
1;2025-11-07;6;590
1;2025-11-07;7;1532
1;2025-11-07;8;2018
1;2025-11-07;9;1538
1;2025-11-07;10;1352
1;2025-11-07;11;1347
1;2025-11-07;12;1375
1;2025-11-07;13;1424
1;2025-11-07;14;1390
1;2025-11-07;15;1494
1;2025-11-07;16;1571
1;2025-11-07;17;1788
1;2025-11-07;18;1752
1;2025-11-07;19;1323
1;2025-11-07;20;856
1;2025-11-07;21;500
1;2025-11-07;22;218
1;2025-11-07;23;52
1;2025-11-08;0;5
1;2025-11-08;1;0
1;2025-11-08;2;0
1;2025-11-08;3;0
1;2025-11-08;4;0
1;2025-11-08;5;30
1;2025-11-08;6;175
1;2025-11-08;7;358
1;2025-11-08;8;491
1;2025-11-08;9;684
1;2025-11-08;10;806
1;2025-11-08;11;822
1;2025-11-08;12;936
1;2025-11-08;13;973
1;2025-11-08;14;911
1;2025-11-08;15;856
1;2025-11-08;16;802
1;2025-11-08;17;730
1;2025-11-08;18;672
1;2025-11-08;19;581
1;2025-11-08;20;424
1;2025-11-08;21;310
1;2025-11-08;22;138
1;2025-11-08;23;36
1;2025-11-09;0;7
1;2025-11-09;1;0
1;2025-11-09;2;0
1;2025-11-09;3;0
1;2025-11-09;4;2
1;2025-11-09;5;24
1;2025-11-09;6;136
1;2025-11-09;7;280
1;2025-11-09;8;396
1;2025-11-09;9;570
1;2025-11-09;10;684
1;2025-11-09;11;707
1;2025-11-09;12;813
1;2025-11-09;13;850
1;2025-11-09;14;797
1;2025-11-09;15;752
1;2025-11-09;16;713
1;2025-11-09;17;635
1;2025-11-09;18;579
1;2025-11-09;19;506
1;2025-11-09;20;366
1;2025-11-09;21;276
1;2025-11-09;22;123
1;2025-11-09;23;28
1;2025-11-10;0;3
1;2025-11-10;1;0
1;2025-11-10;2;0
1;2025-11-10;3;0
1;2025-11-10;4;8
1;2025-11-10;5;124
1;2025-11-10;6;576
1;2025-11-10;7;1495
1;2025-11-10;8;1973
1;2025-11-10;9;1504
1;2025-11-10;10;1314
1;2025-11-10;11;1307
1;2025-11-10;12;1336
1;2025-11-10;13;1362
1;2025-11-10;14;1327
1;2025-11-10;15;1438
1;2025-11-10;16;1524
1;2025-11-10;17;1813
1;2025-11-10;18;1876
1;2025-11-10;19;1434
1;2025-11-10;20;900
1;2025-11-10;21;505
1;2025-11-10;22;212
1;2025-11-10;23;36
1;2025-11-11;0;4
1;2025-11-11;1;0
1;2025-11-11;2;0
1;2025-11-11;3;0
1;2025-11-11;4;8
1;2025-11-11;5;132
1;2025-11-11;6;606
1;2025-11-11;7;1558
1;2025-11-11;8;2049
1;2025-11-11;9;1560
1;2025-11-11;10;1358
1;2025-11-11;11;1346
1;2025-11-11;12;1369
1;2025-11-11;13;1390
1;2025-11-11;14;1350
1;2025-11-11;15;1460
1;2025-11-11;16;1540
1;2025-11-11;17;1824
1;2025-11-11;18;1898
1;2025-11-11;19;1438
1;2025-11-11;20;908
1;2025-11-11;21;512
1;2025-11-11;22;220
1;2025-11-11;23;43
1;2025-11-12;0;4
1;2025-11-12;1;0
1;2025-11-12;2;0
1;2025-11-12;3;0
1;2025-11-12;4;9
1;2025-11-12;5;132
1;2025-11-12;6;600
1;2025-11-12;7;1544
1;2025-11-12;8;2030
1;2025-11-12;9;1547
1;2025-11-12;10;1354
1;2025-11-12;11;1345
1;2025-11-12;12;1372
1;2025-11-12;13;1396
1;2025-11-12;14;1358
1;2025-11-12;15;1469
1;2025-11-12;16;1551
1;2025-11-12;17;1847
1;2025-11-12;18;1908
1;2025-11-12;19;1446
1;2025-11-12;20;916
1;2025-11-12;21;515
1;2025-11-12;22;221
1;2025-11-12;23;44
1;2025-11-13;0;4
1;2025-11-13;1;0
1;2025-11-13;2;0
1;2025-11-13;3;0
1;2025-11-13;4;8
1;2025-11-13;5;132
1;2025-11-13;6;601
1;2025-11-13;7;1544
1;2025-11-13;8;2034
1;2025-11-13;9;1555
1;2025-11-13;10;1365
1;2025-11-13;11;1360
1;2025-11-13;12;1390
1;2025-11-13;13;1416
1;2025-11-13;14;1378
1;2025-11-13;15;1490
1;2025-11-13;16;1572
1;2025-11-13;17;1851
1;2025-11-13;18;1914
1;2025-11-13;19;1450
1;2025-11-13;20;916
1;2025-11-13;21;518
1;2025-11-13;22;223
1;2025-11-13;23;48
1;2025-11-14;0;4
1;2025-11-14;1;0
1;2025-11-14;2;0
1;2025-11-14;3;0
1;2025-11-14;4;8
1;2025-11-14;5;130
1;2025-11-14;6;590
1;2025-11-14;7;1532
1;2025-11-14;8;2018
1;2025-11-14;9;1538
1;2025-11-14;10;1352
1;2025-11-14;11;1347
1;2025-11-14;12;1375
1;2025-11-14;13;1424
1;2025-11-14;14;1390
1;2025-11-14;15;1494
1;2025-11-14;16;1571
1;2025-11-14;17;1788
1;2025-11-14;18;1752
1;2025-11-14;19;1323
1;2025-11-14;20;856
1;2025-11-14;21;500
1;2025-11-14;22;218
1;2025-11-14;23;52
1;2025-11-15;0;5
1;2025-11-15;1;0
1;2025-11-15;2;0
1;2025-11-15;3;0
1;2025-11-15;4;0
1;2025-11-15;5;30
1;2025-11-15;6;175
1;2025-11-15;7;358
1;2025-11-15;8;491
1;2025-11-15;9;684
1;2025-11-15;10;806
1;2025-11-15;11;822
1;2025-11-15;12;936
1;2025-11-15;13;973
1;2025-11-15;14;911
1;2025-11-15;15;856
1;2025-11-15;16;802
1;2025-11-15;17;730
1;2025-11-15;18;672
1;2025-11-15;19;581
1;2025-11-15;20;424
1;2025-11-15;21;310
1;2025-11-15;22;138
1;2025-11-15;23;36
1;2025-11-16;0;7
1;2025-11-16;1;0
1;2025-11-16;2;0
1;2025-11-16;3;0
1;2025-11-16;4;2
1;2025-11-16;5;24
1;2025-11-16;6;136
1;2025-11-16;7;280
1;2025-11-16;8;396
1;2025-11-16;9;570
1;2025-11-16;10;684
1;2025-11-16;11;707
1;2025-11-16;12;813
1;2025-11-16;13;850
1;2025-11-16;14;797
1;2025-11-16;15;752
1;2025-11-16;16;713
1;2025-11-16;17;635
1;2025-11-16;18;579
1;2025-11-16;19;506
1;2025-11-16;20;366
1;2025-11-16;21;276
1;2025-11-16;22;123
1;2025-11-16;23;28
1;2025-11-17;0;3
1;2025-11-17;1;0
1;2025-11-17;2;0
1;2025-11-17;3;0
1;2025-11-17;4;8
1;2025-11-17;5;124
1;2025-11-17;6;576
1;2025-11-17;7;1495
1;2025-11-17;8;1973
1;2025-11-17;9;1504
1;2025-11-17;10;1314
1;2025-11-17;11;1307
1;2025-11-17;12;1336
1;2025-11-17;13;1362
1;2025-11-17;14;1327
1;2025-11-17;15;1438
1;2025-11-17;16;1524
1;2025-11-17;17;1813
1;2025-11-17;18;1876
1;2025-11-17;19;1434
1;2025-11-17;20;900
1;2025-11-17;21;505
1;2025-11-17;22;212
1;2025-11-17;23;36
1;2025-11-18;0;4
1;2025-11-18;1;0
1;2025-11-18;2;0
1;2025-11-18;3;0
1;2025-11-18;4;8
1;2025-11-18;5;132
1;2025-11-18;6;606
1;2025-11-18;7;1558
1;2025-11-18;8;2049
1;2025-11-18;9;1560
1;2025-11-18;10;1358
1;2025-11-18;11;1346
1;2025-11-18;12;1369
1;2025-11-18;13;1390
1;2025-11-18;14;1350
1;2025-11-18;15;1460
1;2025-11-18;16;1540
1;2025-11-18;17;1824
1;2025-11-18;18;1898
1;2025-11-18;19;1438
1;2025-11-18;20;908
1;2025-11-18;21;512
1;2025-11-18;22;220
1;2025-11-18;23;43
1;2025-11-19;0;4
1;2025-11-19;1;0
1;2025-11-19;2;0
1;2025-11-19;3;0
1;2025-11-19;4;9
1;2025-11-19;5;132
1;2025-11-19;6;600
1;2025-11-19;7;1544
1;2025-11-19;8;2030
1;2025-11-19;9;1547
1;2025-11-19;10;1354
1;2025-11-19;11;1345
1;2025-11-19;12;1372
1;2025-11-19;13;1396
1;2025-11-19;14;1358
1;2025-11-19;15;1469
1;2025-11-19;16;1551
1;2025-11-19;17;1847
1;2025-11-19;18;1908
1;2025-11-19;19;1446
1;2025-11-19;20;916
1;2025-11-19;21;515
1;2025-11-19;22;221
1;2025-11-19;23;44
1;2025-11-20;0;4
1;2025-11-20;1;0
1;2025-11-20;2;0
1;2025-11-20;3;0
1;2025-11-20;4;8
1;2025-11-20;5;132
1;2025-11-20;6;601
1;2025-11-20;7;1544
1;2025-11-20;8;2034
1;2025-11-20;9;1555
1;2025-11-20;10;1365
1;2025-11-20;11;1360
1;2025-11-20;12;1390
1;2025-11-20;13;1416
1;2025-11-20;14;1378
1;2025-11-20;15;1490
1;2025-11-20;16;1572
1;2025-11-20;17;1851
1;2025-11-20;18;1914
1;2025-11-20;19;1450
1;2025-11-20;20;916
1;2025-11-20;21;518
1;2025-11-20;22;223
1;2025-11-20;23;48
1;2025-11-21;0;4
1;2025-11-21;1;0
1;2025-11-21;2;0
1;2025-11-21;3;0
1;2025-11-21;4;8
1;2025-11-21;5;130
1;2025-11-21;6;590
1;2025-11-21;7;1532
1;2025-11-21;8;2018
1;2025-11-21;9;1538
1;2025-11-21;10;1352
1;2025-11-21;11;1347
1;2025-11-21;12;1375
1;2025-11-21;13;1424
1;2025-11-21;14;1390
1;2025-11-21;15;1494
1;2025-11-21;16;1571
1;2025-11-21;17;1788
1;2025-11-21;18;1752
1;2025-11-21;19;1323
1;2025-11-21;20;856
1;2025-11-21;21;500
1;2025-11-21;22;218
1;2025-11-21;23;52
1;2025-11-22;0;5
1;2025-11-22;1;0
1;2025-11-22;2;0
1;2025-11-22;3;0
1;2025-11-22;4;0
1;2025-11-22;5;30
1;2025-11-22;6;175
1;2025-11-22;7;358
1;2025-11-22;8;491
1;2025-11-22;9;684
1;2025-11-22;10;806
1;2025-11-22;11;822
1;2025-11-22;12;936
1;2025-11-22;13;973
1;2025-11-22;14;911
1;2025-11-22;15;856
1;2025-11-22;16;802
1;2025-11-22;17;730
1;2025-11-22;18;672
1;2025-11-22;19;581
1;2025-11-22;20;424
1;2025-11-22;21;310
1;2025-11-22;22;138
1;2025-11-22;23;36
1;2025-11-23;0;7
1;2025-11-23;1;0
1;2025-11-23;2;0
1;2025-11-23;3;0
1;2025-11-23;4;2
1;2025-11-23;5;24
1;2025-11-23;6;136
1;2025-11-23;7;280
1;2025-11-23;8;396
1;2025-11-23;9;570
1;2025-11-23;10;684
1;2025-11-23;11;707
1;2025-11-23;12;813
1;2025-11-23;13;850
1;2025-11-23;14;797
1;2025-11-23;15;752
1;2025-11-23;16;713
1;2025-11-23;17;635
1;2025-11-23;18;579
1;2025-11-23;19;506
1;2025-11-23;20;366
1;2025-11-23;21;276
1;2025-11-23;22;123
1;2025-11-23;23;28
1;2025-11-24;0;3
1;2025-11-24;1;0
1;2025-11-24;2;0
1;2025-11-24;3;0
1;2025-11-24;4;8
1;2025-11-24;5;124
1;2025-11-24;6;576
1;2025-11-24;7;1495
1;2025-11-24;8;1973
1;2025-11-24;9;1504
1;2025-11-24;10;1314
1;2025-11-24;11;1307
1;2025-11-24;12;1336
1;2025-11-24;13;1362
1;2025-11-24;14;1327
1;2025-11-24;15;1438
1;2025-11-24;16;1524
1;2025-11-24;17;1813
1;2025-11-24;18;1876
1;2025-11-24;19;1434
1;2025-11-24;20;900
1;2025-11-24;21;505
1;2025-11-24;22;212
1;2025-11-24;23;36
1;2025-11-25;0;4
1;2025-11-25;1;0
1;2025-11-25;2;0
1;2025-11-25;3;0
1;2025-11-25;4;8
1;2025-11-25;5;132
1;2025-11-25;6;606
1;2025-11-25;7;1558
1;2025-11-25;8;2049
1;2025-11-25;9;1560
1;2025-11-25;10;1358
1;2025-11-25;11;1346
1;2025-11-25;12;1369
1;2025-11-25;13;1390
1;2025-11-25;14;1350
1;2025-11-25;15;1460
1;2025-11-25;16;1540
1;2025-11-25;17;1824
1;2025-11-25;18;1898
1;2025-11-25;19;1438
1;2025-11-25;20;908
1;2025-11-25;21;512
1;2025-11-25;22;220
1;2025-11-25;23;43
1;2025-11-26;0;4
1;2025-11-26;1;0
1;2025-11-26;2;0
1;2025-11-26;3;0
1;2025-11-26;4;9
1;2025-11-26;5;132
1;2025-11-26;6;600
1;2025-11-26;7;1544
1;2025-11-26;8;2030
1;2025-11-26;9;1547
1;2025-11-26;10;1354
1;2025-11-26;11;1345
1;2025-11-26;12;1372
1;2025-11-26;13;1396
1;2025-11-26;14;1358
1;2025-11-26;15;1469
1;2025-11-26;16;1551
1;2025-11-26;17;1847
1;2025-11-26;18;1908
1;2025-11-26;19;1446
1;2025-11-26;20;916
1;2025-11-26;21;515
1;2025-11-26;22;221
1;2025-11-26;23;44
1;2025-11-27;0;4
1;2025-11-27;1;0
1;2025-11-27;2;0
1;2025-11-27;3;0
1;2025-11-27;4;8
1;2025-11-27;5;132
1;2025-11-27;6;601
1;2025-11-27;7;1544
1;2025-11-27;8;2034
1;2025-11-27;9;1555
1;2025-11-27;10;1365
1;2025-11-27;11;1360
1;2025-11-27;12;1390
1;2025-11-27;13;1416
1;2025-11-27;14;1378
1;2025-11-27;15;1490
1;2025-11-27;16;1572
1;2025-11-27;17;1851
1;2025-11-27;18;1914
1;2025-11-27;19;1450
1;2025-11-27;20;916
1;2025-11-27;21;518
1;2025-11-27;22;223
1;2025-11-27;23;48
1;2025-11-28;0;4
1;2025-11-28;1;0
1;2025-11-28;2;0
1;2025-11-28;3;0
1;2025-11-28;4;8
1;2025-11-28;5;130
1;2025-11-28;6;590
1;2025-11-28;7;1532
1;2025-11-28;8;2018
1;2025-11-28;9;1538
1;2025-11-28;10;1352
1;2025-11-28;11;1347
1;2025-11-28;12;1375
1;2025-11-28;13;1424
1;2025-11-28;14;1390
1;2025-11-28;15;1494
1;2025-11-28;16;1571
1;2025-11-28;17;1788
1;2025-11-28;18;1752
1;2025-11-28;19;1323
1;2025-11-28;20;856
1;2025-11-28;21;500
1;2025-11-28;22;218
1;2025-11-28;23;52
1;2025-11-29;0;5
1;2025-11-29;1;0
1;2025-11-29;2;0
1;2025-11-29;3;0
1;2025-11-29;4;0
1;2025-11-29;5;30
1;2025-11-29;6;175
1;2025-11-29;7;358
1;2025-11-29;8;491
1;2025-11-29;9;684
1;2025-11-29;10;806
1;2025-11-29;11;822
1;2025-11-29;12;936
1;2025-11-29;13;973
1;2025-11-29;14;911
1;2025-11-29;15;856
1;2025-11-29;16;802
1;2025-11-29;17;730
1;2025-11-29;18;672
1;2025-11-29;19;581
1;2025-11-29;20;424
1;2025-11-29;21;310
1;2025-11-29;22;138
1;2025-11-29;23;36
1;2025-11-30;0;7
1;2025-11-30;1;0
1;2025-11-30;2;0
1;2025-11-30;3;0
1;2025-11-30;4;2
1;2025-11-30;5;24
1;2025-11-30;6;136
1;2025-11-30;7;280
1;2025-11-30;8;396
1;2025-11-30;9;570
1;2025-11-30;10;684
1;2025-11-30;11;707
1;2025-11-30;12;813
1;2025-11-30;13;850
1;2025-11-30;14;797
1;2025-11-30;15;752
1;2025-11-30;16;713
1;2025-11-30;17;635
1;2025-11-30;18;579
1;2025-11-30;19;506
1;2025-11-30;20;366
1;2025-11-30;21;276
1;2025-11-30;22;123
1;2025-11-30;23;28
1;2025-12-01;0;4
1;2025-12-01;1;0
1;2025-12-01;2;0
1;2025-12-01;3;0
1;2025-12-01;4;6
1;2025-12-01;5;124
1;2025-12-01;6;590
1;2025-12-01;7;1472
1;2025-12-01;8;1928
1;2025-12-01;9;1500
1;2025-12-01;10;1318
1;2025-12-01;11;1311
1;2025-12-01;12;1329
1;2025-12-01;13;1352
1;2025-12-01;14;1316
1;2025-12-01;15;1422
1;2025-12-01;16;1508
1;2025-12-01;17;1786
1;2025-12-01;18;1853
1;2025-12-01;19;1432
1;2025-12-01;20;902
1;2025-12-01;21;506
1;2025-12-01;22;218
1;2025-12-01;23;34
1;2025-12-02;0;4
1;2025-12-02;1;0
1;2025-12-02;2;0
1;2025-12-02;3;0
1;2025-12-02;4;8
1;2025-12-02;5;134
1;2025-12-02;6;620
1;2025-12-02;7;1536
1;2025-12-02;8;2005
1;2025-12-02;9;1559
1;2025-12-02;10;1363
1;2025-12-02;11;1352
1;2025-12-02;12;1364
1;2025-12-02;13;1382
1;2025-12-02;14;1341
1;2025-12-02;15;1444
1;2025-12-02;16;1525
1;2025-12-02;17;1798
1;2025-12-02;18;1872
1;2025-12-02;19;1436
1;2025-12-02;20;911
1;2025-12-02;21;514
1;2025-12-02;22;226
1;2025-12-02;23;40
1;2025-12-03;0;4
1;2025-12-03;1;0
1;2025-12-03;2;0
1;2025-12-03;3;0
1;2025-12-03;4;9
1;2025-12-03;5;132
1;2025-12-03;6;612
1;2025-12-03;7;1522
1;2025-12-03;8;1986
1;2025-12-03;9;1544
1;2025-12-03;10;1358
1;2025-12-03;11;1350
1;2025-12-03;12;1365
1;2025-12-03;13;1386
1;2025-12-03;14;1348
1;2025-12-03;15;1453
1;2025-12-03;16;1535
1;2025-12-03;17;1813
1;2025-12-03;18;1877
1;2025-12-03;19;1440
1;2025-12-03;20;916
1;2025-12-03;21;517
1;2025-12-03;22;227
1;2025-12-03;23;42
1;2025-12-04;0;4
1;2025-12-04;1;0
1;2025-12-04;2;0
1;2025-12-04;3;0
1;2025-12-04;4;9
1;2025-12-04;5;133
1;2025-12-04;6;614
1;2025-12-04;7;1522
1;2025-12-04;8;1990
1;2025-12-04;9;1554
1;2025-12-04;10;1371
1;2025-12-04;11;1366
1;2025-12-04;12;1384
1;2025-12-04;13;1406
1;2025-12-04;14;1368
1;2025-12-04;15;1474
1;2025-12-04;16;1558
1;2025-12-04;17;1826
1;2025-12-04;18;1892
1;2025-12-04;19;1449
1;2025-12-04;20;920
1;2025-12-04;21;520
1;2025-12-04;22;230
1;2025-12-04;23;46
1;2025-12-05;0;4
1;2025-12-05;1;0
1;2025-12-05;2;0
1;2025-12-05;3;0
1;2025-12-05;4;8
1;2025-12-05;5;130
1;2025-12-05;6;604
1;2025-12-05;7;1506
1;2025-12-05;8;1970
1;2025-12-05;9;1538
1;2025-12-05;10;1360
1;2025-12-05;11;1354
1;2025-12-05;12;1371
1;2025-12-05;13;1417
1;2025-12-05;14;1383
1;2025-12-05;15;1482
1;2025-12-05;16;1558
1;2025-12-05;17;1766
1;2025-12-05;18;1737
1;2025-12-05;19;1331
1;2025-12-05;20;866
1;2025-12-05;21;505
1;2025-12-05;22;226
1;2025-12-05;23;52
1;2025-12-06;0;6
1;2025-12-06;1;0
1;2025-12-06;2;0
1;2025-12-06;3;0
1;2025-12-06;4;0
1;2025-12-06;5;27
1;2025-12-06;6;180
1;2025-12-06;7;338
1;2025-12-06;8;464
1;2025-12-06;9;662
1;2025-12-06;10;788
1;2025-12-06;11;808
1;2025-12-06;12;925
1;2025-12-06;13;964
1;2025-12-06;14;902
1;2025-12-06;15;842
1;2025-12-06;16;785
1;2025-12-06;17;710
1;2025-12-06;18;654
1;2025-12-06;19;578
1;2025-12-06;20;422
1;2025-12-06;21;307
1;2025-12-06;22;138
1;2025-12-06;23;32
1;2025-12-07;0;8
1;2025-12-07;1;0
1;2025-12-07;2;0
1;2025-12-07;3;0
1;2025-12-07;4;2
1;2025-12-07;5;22
1;2025-12-07;6;138
1;2025-12-07;7;264
1;2025-12-07;8;369
1;2025-12-07;9;556
1;2025-12-07;10;680
1;2025-12-07;11;705
1;2025-12-07;12;818
1;2025-12-07;13;858
1;2025-12-07;14;806
1;2025-12-07;15;754
1;2025-12-07;16;714
1;2025-12-07;17;634
1;2025-12-07;18;580
1;2025-12-07;19;505
1;2025-12-07;20;367
1;2025-12-07;21;274
1;2025-12-07;22;122
1;2025-12-07;23;20
1;2025-12-08;0;4
1;2025-12-08;1;0
1;2025-12-08;2;0
1;2025-12-08;3;0
1;2025-12-08;4;6
1;2025-12-08;5;124
1;2025-12-08;6;590
1;2025-12-08;7;1472
1;2025-12-08;8;1928
1;2025-12-08;9;1500
1;2025-12-08;10;1318
1;2025-12-08;11;1311
1;2025-12-08;12;1329
1;2025-12-08;13;1352
1;2025-12-08;14;1316
1;2025-12-08;15;1422
1;2025-12-08;16;1508
1;2025-12-08;17;1786
1;2025-12-08;18;1853
1;2025-12-08;19;1432
1;2025-12-08;20;902
1;2025-12-08;21;506
1;2025-12-08;22;218
1;2025-12-08;23;34
1;2025-12-09;0;4
1;2025-12-09;1;0
1;2025-12-09;2;0
1;2025-12-09;3;0
1;2025-12-09;4;8
1;2025-12-09;5;134
1;2025-12-09;6;620
1;2025-12-09;7;1536
1;2025-12-09;8;2005
1;2025-12-09;9;1559
1;2025-12-09;10;1363
1;2025-12-09;11;1352
1;2025-12-09;12;1364
1;2025-12-09;13;1382
1;2025-12-09;14;1341
1;2025-12-09;15;1444
1;2025-12-09;16;1525
1;2025-12-09;17;1798
1;2025-12-09;18;1872
1;2025-12-09;19;1436
1;2025-12-09;20;911
1;2025-12-09;21;514
1;2025-12-09;22;226
1;2025-12-09;23;40
1;2025-12-10;0;4
1;2025-12-10;1;0
1;2025-12-10;2;0
1;2025-12-10;3;0
1;2025-12-10;4;9
1;2025-12-10;5;132
1;2025-12-10;6;612
1;2025-12-10;7;1522
1;2025-12-10;8;1986
1;2025-12-10;9;1544
1;2025-12-10;10;1358
1;2025-12-10;11;1350
1;2025-12-10;12;1365
1;2025-12-10;13;1386
1;2025-12-10;14;1348
1;2025-12-10;15;1453
1;2025-12-10;16;1535
1;2025-12-10;17;1813
1;2025-12-10;18;1877
1;2025-12-10;19;1440
1;2025-12-10;20;916
1;2025-12-10;21;517
1;2025-12-10;22;227
1;2025-12-10;23;42
1;2025-12-11;0;4
1;2025-12-11;1;0
1;2025-12-11;2;0
1;2025-12-11;3;0
1;2025-12-11;4;9
1;2025-12-11;5;133
1;2025-12-11;6;614
1;2025-12-11;7;1522
1;2025-12-11;8;1990
1;2025-12-11;9;1554
1;2025-12-11;10;1371
1;2025-12-11;11;1366
1;2025-12-11;12;1384
1;2025-12-11;13;1406
1;2025-12-11;14;1368
1;2025-12-11;15;1474
1;2025-12-11;16;1558
1;2025-12-11;17;1826
1;2025-12-11;18;1892
1;2025-12-11;19;1449
1;2025-12-11;20;920
1;2025-12-11;21;520
1;2025-12-11;22;230
1;2025-12-11;23;46
1;2025-12-12;0;4
1;2025-12-12;1;0
1;2025-12-12;2;0
1;2025-12-12;3;0
1;2025-12-12;4;8
1;2025-12-12;5;130
1;2025-12-12;6;604
1;2025-12-12;7;1506
1;2025-12-12;8;1970
1;2025-12-12;9;1538
1;2025-12-12;10;1360
1;2025-12-12;11;1354
1;2025-12-12;12;1371
1;2025-12-12;13;1417
1;2025-12-12;14;1383
1;2025-12-12;15;1482
1;2025-12-12;16;1558
1;2025-12-12;17;1766
1;2025-12-12;18;1737
1;2025-12-12;19;1331
1;2025-12-12;20;866
1;2025-12-12;21;505
1;2025-12-12;22;226
1;2025-12-12;23;52
1;2025-12-13;0;6
1;2025-12-13;1;0
1;2025-12-13;2;0
1;2025-12-13;3;0
1;2025-12-13;4;0
1;2025-12-13;5;27
1;2025-12-13;6;180
1;2025-12-13;7;338
1;2025-12-13;8;464
1;2025-12-13;9;662
1;2025-12-13;10;788
1;2025-12-13;11;808
1;2025-12-13;12;925
1;2025-12-13;13;964
1;2025-12-13;14;902
1;2025-12-13;15;842
1;2025-12-13;16;785
1;2025-12-13;17;710
1;2025-12-13;18;654
1;2025-12-13;19;578
1;2025-12-13;20;422
1;2025-12-13;21;307
1;2025-12-13;22;138
1;2025-12-13;23;32
1;2025-12-14;0;8
1;2025-12-14;1;0
1;2025-12-14;2;0
1;2025-12-14;3;0
1;2025-12-14;4;2
1;2025-12-14;5;22
1;2025-12-14;6;138
1;2025-12-14;7;264
1;2025-12-14;8;369
1;2025-12-14;9;556
1;2025-12-14;10;680
1;2025-12-14;11;705
1;2025-12-14;12;818
1;2025-12-14;13;858
1;2025-12-14;14;806
1;2025-12-14;15;754
1;2025-12-14;16;714
1;2025-12-14;17;634
1;2025-12-14;18;580
1;2025-12-14;19;505
1;2025-12-14;20;367
1;2025-12-14;21;274
1;2025-12-14;22;122
1;2025-12-14;23;20
1;2025-12-15;0;4
1;2025-12-15;1;0
1;2025-12-15;2;0
1;2025-12-15;3;0
1;2025-12-15;4;6
1;2025-12-15;5;124
1;2025-12-15;6;590
1;2025-12-15;7;1472
1;2025-12-15;8;1928
1;2025-12-15;9;1500
1;2025-12-15;10;1318
1;2025-12-15;11;1311
1;2025-12-15;12;1329
1;2025-12-15;13;1352
1;2025-12-15;14;1316
1;2025-12-15;15;1422
1;2025-12-15;16;1508
1;2025-12-15;17;1786
1;2025-12-15;18;1853
1;2025-12-15;19;1432
1;2025-12-15;20;902
1;2025-12-15;21;506
1;2025-12-15;22;218
1;2025-12-15;23;34
1;2025-12-16;0;4
1;2025-12-16;1;0
1;2025-12-16;2;0
1;2025-12-16;3;0
1;2025-12-16;4;8
1;2025-12-16;5;134
1;2025-12-16;6;620
1;2025-12-16;7;1536
1;2025-12-16;8;2005
1;2025-12-16;9;1559
1;2025-12-16;10;1363
1;2025-12-16;11;1352
1;2025-12-16;12;1364
1;2025-12-16;13;1382
1;2025-12-16;14;1341
1;2025-12-16;15;1444
1;2025-12-16;16;1525
1;2025-12-16;17;1798
1;2025-12-16;18;1872
1;2025-12-16;19;1436
1;2025-12-16;20;911
1;2025-12-16;21;514
1;2025-12-16;22;226
1;2025-12-16;23;40
1;2025-12-17;0;4
1;2025-12-17;1;0
1;2025-12-17;2;0
1;2025-12-17;3;0
1;2025-12-17;4;9
1;2025-12-17;5;132
1;2025-12-17;6;612
1;2025-12-17;7;1522
1;2025-12-17;8;1986
1;2025-12-17;9;1544
1;2025-12-17;10;1358
1;2025-12-17;11;1350
1;2025-12-17;12;1365
1;2025-12-17;13;1386
1;2025-12-17;14;1348
1;2025-12-17;15;1453
1;2025-12-17;16;1535
1;2025-12-17;17;1813
1;2025-12-17;18;1877
1;2025-12-17;19;1440
1;2025-12-17;20;916
1;2025-12-17;21;517
1;2025-12-17;22;227
1;2025-12-17;23;42
1;2025-12-18;0;4
1;2025-12-18;1;0
1;2025-12-18;2;0
1;2025-12-18;3;0
1;2025-12-18;4;9
1;2025-12-18;5;133
1;2025-12-18;6;614
1;2025-12-18;7;1522
1;2025-12-18;8;1990
1;2025-12-18;9;1554
1;2025-12-18;10;1371
1;2025-12-18;11;1366
1;2025-12-18;12;1384
1;2025-12-18;13;1406
1;2025-12-18;14;1368
1;2025-12-18;15;1474
1;2025-12-18;16;1558
1;2025-12-18;17;1826
1;2025-12-18;18;1892
1;2025-12-18;19;1449
1;2025-12-18;20;920
1;2025-12-18;21;520
1;2025-12-18;22;230
1;2025-12-18;23;46
1;2025-12-19;0;4
1;2025-12-19;1;0
1;2025-12-19;2;0
1;2025-12-19;3;0
1;2025-12-19;4;8
1;2025-12-19;5;130
1;2025-12-19;6;604
1;2025-12-19;7;1506
1;2025-12-19;8;1970
1;2025-12-19;9;1538
1;2025-12-19;10;1360
1;2025-12-19;11;1354
1;2025-12-19;12;1371
1;2025-12-19;13;1417
1;2025-12-19;14;1383
1;2025-12-19;15;1482
1;2025-12-19;16;1558
1;2025-12-19;17;1766
1;2025-12-19;18;1737
1;2025-12-19;19;1331
1;2025-12-19;20;866
1;2025-12-19;21;505
1;2025-12-19;22;226
1;2025-12-19;23;52
1;2025-12-20;0;6
1;2025-12-20;1;0
1;2025-12-20;2;0
1;2025-12-20;3;0
1;2025-12-20;4;0
1;2025-12-20;5;27
1;2025-12-20;6;180
1;2025-12-20;7;338
1;2025-12-20;8;464
1;2025-12-20;9;662
1;2025-12-20;10;788
1;2025-12-20;11;808
1;2025-12-20;12;925
1;2025-12-20;13;964
1;2025-12-20;14;902
1;2025-12-20;15;842
1;2025-12-20;16;785
1;2025-12-20;17;710
1;2025-12-20;18;654
1;2025-12-20;19;578
1;2025-12-20;20;422
1;2025-12-20;21;307
1;2025-12-20;22;138
1;2025-12-20;23;32
1;2025-12-21;0;8
1;2025-12-21;1;0
1;2025-12-21;2;0
1;2025-12-21;3;0
1;2025-12-21;4;2
1;2025-12-21;5;22
1;2025-12-21;6;138
1;2025-12-21;7;264
1;2025-12-21;8;369
1;2025-12-21;9;556
1;2025-12-21;10;680
1;2025-12-21;11;705
1;2025-12-21;12;818
1;2025-12-21;13;858
1;2025-12-21;14;806
1;2025-12-21;15;754
1;2025-12-21;16;714
1;2025-12-21;17;634
1;2025-12-21;18;580
1;2025-12-21;19;505
1;2025-12-21;20;367
1;2025-12-21;21;274
1;2025-12-21;22;122
1;2025-12-21;23;20
1;2025-12-22;0;4
1;2025-12-22;1;0
1;2025-12-22;2;0
1;2025-12-22;3;0
1;2025-12-22;4;6
1;2025-12-22;5;124
1;2025-12-22;6;590
1;2025-12-22;7;1472
1;2025-12-22;8;1928
1;2025-12-22;9;1500
1;2025-12-22;10;1318
1;2025-12-22;11;1311
1;2025-12-22;12;1329
1;2025-12-22;13;1352
1;2025-12-22;14;1316
1;2025-12-22;15;1422
1;2025-12-22;16;1508
1;2025-12-22;17;1786
1;2025-12-22;18;1853
1;2025-12-22;19;1432
1;2025-12-22;20;902
1;2025-12-22;21;506
1;2025-12-22;22;218
1;2025-12-22;23;34
1;2025-12-23;0;4
1;2025-12-23;1;0
1;2025-12-23;2;0
1;2025-12-23;3;0
1;2025-12-23;4;8
1;2025-12-23;5;134
1;2025-12-23;6;620
1;2025-12-23;7;1536
1;2025-12-23;8;2005
1;2025-12-23;9;1559
1;2025-12-23;10;1363
1;2025-12-23;11;1352
1;2025-12-23;12;1364
1;2025-12-23;13;1382
1;2025-12-23;14;1341
1;2025-12-23;15;1444
1;2025-12-23;16;1525
1;2025-12-23;17;1798
1;2025-12-23;18;1872
1;2025-12-23;19;1436
1;2025-12-23;20;911
1;2025-12-23;21;514
1;2025-12-23;22;226
1;2025-12-23;23;40
1;2025-12-24;0;4
1;2025-12-24;1;0
1;2025-12-24;2;0
1;2025-12-24;3;0
1;2025-12-24;4;9
1;2025-12-24;5;132
1;2025-12-24;6;612
1;2025-12-24;7;1522
1;2025-12-24;8;1986
1;2025-12-24;9;1544
1;2025-12-24;10;1358
1;2025-12-24;11;1350
1;2025-12-24;12;1365
1;2025-12-24;13;1386
1;2025-12-24;14;1348
1;2025-12-24;15;1453
1;2025-12-24;16;1535
1;2025-12-24;17;1813
1;2025-12-24;18;1877
1;2025-12-24;19;1440
1;2025-12-24;20;916
1;2025-12-24;21;517
1;2025-12-24;22;227
1;2025-12-24;23;42
1;2025-12-25;0;4
1;2025-12-25;1;0
1;2025-12-25;2;0
1;2025-12-25;3;0
1;2025-12-25;4;9
1;2025-12-25;5;133
1;2025-12-25;6;614
1;2025-12-25;7;1522
1;2025-12-25;8;1990
1;2025-12-25;9;1554
1;2025-12-25;10;1371
1;2025-12-25;11;1366
1;2025-12-25;12;1384
1;2025-12-25;13;1406
1;2025-12-25;14;1368
1;2025-12-25;15;1474
1;2025-12-25;16;1558
1;2025-12-25;17;1826
1;2025-12-25;18;1892
1;2025-12-25;19;1449
1;2025-12-25;20;920
1;2025-12-25;21;520
1;2025-12-25;22;230
1;2025-12-25;23;46
1;2025-12-26;0;4
1;2025-12-26;1;0
1;2025-12-26;2;0
1;2025-12-26;3;0
1;2025-12-26;4;8
1;2025-12-26;5;130
1;2025-12-26;6;604
1;2025-12-26;7;1506
1;2025-12-26;8;1970
1;2025-12-26;9;1538
1;2025-12-26;10;1360
1;2025-12-26;11;1354
1;2025-12-26;12;1371
1;2025-12-26;13;1417
1;2025-12-26;14;1383
1;2025-12-26;15;1482
1;2025-12-26;16;1558
1;2025-12-26;17;1766
1;2025-12-26;18;1737
1;2025-12-26;19;1331
1;2025-12-26;20;866
1;2025-12-26;21;505
1;2025-12-26;22;226
1;2025-12-26;23;52
1;2025-12-27;0;6
1;2025-12-27;1;0
1;2025-12-27;2;0
1;2025-12-27;3;0
1;2025-12-27;4;0
1;2025-12-27;5;27
1;2025-12-27;6;180
1;2025-12-27;7;338
1;2025-12-27;8;464
1;2025-12-27;9;662
1;2025-12-27;10;788
1;2025-12-27;11;808
1;2025-12-27;12;925
1;2025-12-27;13;964
1;2025-12-27;14;902
1;2025-12-27;15;842
1;2025-12-27;16;785
1;2025-12-27;17;710
1;2025-12-27;18;654
1;2025-12-27;19;578
1;2025-12-27;20;422
1;2025-12-27;21;307
1;2025-12-27;22;138
1;2025-12-27;23;32
1;2025-12-28;0;8
1;2025-12-28;1;0
1;2025-12-28;2;0
1;2025-12-28;3;0
1;2025-12-28;4;2
1;2025-12-28;5;22
1;2025-12-28;6;138
1;2025-12-28;7;264
1;2025-12-28;8;369
1;2025-12-28;9;556
1;2025-12-28;10;680
1;2025-12-28;11;705
1;2025-12-28;12;818
1;2025-12-28;13;858
1;2025-12-28;14;806
1;2025-12-28;15;754
1;2025-12-28;16;714
1;2025-12-28;17;634
1;2025-12-28;18;580
1;2025-12-28;19;505
1;2025-12-28;20;367
1;2025-12-28;21;274
1;2025-12-28;22;122
1;2025-12-28;23;20
1;2025-12-29;0;4
1;2025-12-29;1;0
1;2025-12-29;2;0
1;2025-12-29;3;0
1;2025-12-29;4;6
1;2025-12-29;5;124
1;2025-12-29;6;590
1;2025-12-29;7;1472
1;2025-12-29;8;1928
1;2025-12-29;9;1500
1;2025-12-29;10;1318
1;2025-12-29;11;1311
1;2025-12-29;12;1329
1;2025-12-29;13;1352
1;2025-12-29;14;1316
1;2025-12-29;15;1422
1;2025-12-29;16;1508
1;2025-12-29;17;1786
1;2025-12-29;18;1853
1;2025-12-29;19;1432
1;2025-12-29;20;902
1;2025-12-29;21;506
1;2025-12-29;22;218
1;2025-12-29;23;34
1;2025-12-30;0;4
1;2025-12-30;1;0
1;2025-12-30;2;0
1;2025-12-30;3;0
1;2025-12-30;4;8
1;2025-12-30;5;134
1;2025-12-30;6;620
1;2025-12-30;7;1536
1;2025-12-30;8;2005
1;2025-12-30;9;1559
1;2025-12-30;10;1363
1;2025-12-30;11;1352
1;2025-12-30;12;1364
1;2025-12-30;13;1382
1;2025-12-30;14;1341
1;2025-12-30;15;1444
1;2025-12-30;16;1525
1;2025-12-30;17;1798
1;2025-12-30;18;1872
1;2025-12-30;19;1436
1;2025-12-30;20;911
1;2025-12-30;21;514
1;2025-12-30;22;226
1;2025-12-30;23;40
1;2025-12-31;0;4
1;2025-12-31;1;0
1;2025-12-31;2;0
1;2025-12-31;3;0
1;2025-12-31;4;0
1;2025-12-31;5;24
1;2025-12-31;6;142
1;2025-12-31;7;271
1;2025-12-31;8;424
1;2025-12-31;9;540
1;2025-12-31;10;645
1;2025-12-31;11;662
1;2025-12-31;12;757
1;2025-12-31;13;796
1;2025-12-31;14;748
1;2025-12-31;15;709
1;2025-12-31;16;676
1;2025-12-31;17;625
1;2025-12-31;18;586
1;2025-12-31;19;512
1;2025-12-31;20;363
1;2025-12-31;21;276
1;2025-12-31;22;114
1;2025-12-31;23;19
5;2025-11-01;0;0
5;2025-11-01;1;0
5;2025-11-01;2;0
5;2025-11-01;3;0
5;2025-11-01;4;0
5;2025-11-01;5;0
5;2025-11-01;6;0
5;2025-11-01;7;0
5;2025-11-01;8;0
5;2025-11-01;9;0
5;2025-11-01;10;0
5;2025-11-01;11;0
5;2025-11-01;12;0
5;2025-11-01;13;0
5;2025-11-01;14;0
5;2025-11-01;15;0
5;2025-11-01;16;0
5;2025-11-01;17;0
5;2025-11-01;18;0
5;2025-11-01;19;0
5;2025-11-01;20;0
5;2025-11-01;21;0
5;2025-11-01;22;0
5;2025-11-01;23;0
5;2025-11-02;0;0
5;2025-11-02;1;0
5;2025-11-02;2;0
5;2025-11-02;3;0
5;2025-11-02;4;0
5;2025-11-02;5;0
5;2025-11-02;6;0
5;2025-11-02;7;0
5;2025-11-02;8;0
5;2025-11-02;9;0
5;2025-11-02;10;0
5;2025-11-02;11;0
5;2025-11-02;12;0
5;2025-11-02;13;0
5;2025-11-02;14;0
5;2025-11-02;15;0
5;2025-11-02;16;0
5;2025-11-02;17;0
5;2025-11-02;18;0
5;2025-11-02;19;0
5;2025-11-02;20;0
5;2025-11-02;21;0
5;2025-11-02;22;0
5;2025-11-02;23;0
5;2025-11-03;0;0
5;2025-11-03;1;0
5;2025-11-03;2;0
5;2025-11-03;3;0
5;2025-11-03;4;0
5;2025-11-03;5;0
5;2025-11-03;6;0
5;2025-11-03;7;0
5;2025-11-03;8;0
5;2025-11-03;9;0
5;2025-11-03;10;0
5;2025-11-03;11;0
5;2025-11-03;12;0
5;2025-11-03;13;0
5;2025-11-03;14;0
5;2025-11-03;15;0
5;2025-11-03;16;0
5;2025-11-03;17;0
5;2025-11-03;18;0
5;2025-11-03;19;0
5;2025-11-03;20;0
5;2025-11-03;21;0
5;2025-11-03;22;0
5;2025-11-03;23;0
5;2025-11-04;0;0
5;2025-11-04;1;0
5;2025-11-04;2;0
5;2025-11-04;3;0
5;2025-11-04;4;0
5;2025-11-04;5;0
5;2025-11-04;6;0
5;2025-11-04;7;0
5;2025-11-04;8;0
5;2025-11-04;9;0
5;2025-11-04;10;0
5;2025-11-04;11;0
5;2025-11-04;12;0
5;2025-11-04;13;0
5;2025-11-04;14;0
5;2025-11-04;15;0
5;2025-11-04;16;0
5;2025-11-04;17;0
5;2025-11-04;18;0
5;2025-11-04;19;0
5;2025-11-04;20;0
5;2025-11-04;21;0
5;2025-11-04;22;0
5;2025-11-04;23;0
5;2025-11-05;0;0
5;2025-11-05;1;0
5;2025-11-05;2;0
5;2025-11-05;3;0
5;2025-11-05;4;0
5;2025-11-05;5;0
5;2025-11-05;6;0
5;2025-11-05;7;0
5;2025-11-05;8;0
5;2025-11-05;9;0
5;2025-11-05;10;0
5;2025-11-05;11;0
5;2025-11-05;12;0
5;2025-11-05;13;0
5;2025-11-05;14;0
5;2025-11-05;15;0
5;2025-11-05;16;0
5;2025-11-05;17;0
5;2025-11-05;18;0
5;2025-11-05;19;0
5;2025-11-05;20;0
5;2025-11-05;21;0
5;2025-11-05;22;0
5;2025-11-05;23;0
5;2025-11-06;0;0
5;2025-11-06;1;0
5;2025-11-06;2;0
5;2025-11-06;3;0
5;2025-11-06;4;0
5;2025-11-06;5;0
5;2025-11-06;6;0
5;2025-11-06;7;0
5;2025-11-06;8;0
5;2025-11-06;9;0
5;2025-11-06;10;0
5;2025-11-06;11;0
5;2025-11-06;12;0
5;2025-11-06;13;0
5;2025-11-06;14;0
5;2025-11-06;15;0
5;2025-11-06;16;0
5;2025-11-06;17;0
5;2025-11-06;18;0
5;2025-11-06;19;0
5;2025-11-06;20;0
5;2025-11-06;21;0
5;2025-11-06;22;0
5;2025-11-06;23;0
5;2025-11-07;0;0
5;2025-11-07;1;0
5;2025-11-07;2;0
5;2025-11-07;3;0
5;2025-11-07;4;0
5;2025-11-07;5;0
5;2025-11-07;6;0
5;2025-11-07;7;0
5;2025-11-07;8;0
5;2025-11-07;9;0
5;2025-11-07;10;0
5;2025-11-07;11;0
5;2025-11-07;12;0
5;2025-11-07;13;0
5;2025-11-07;14;0
5;2025-11-07;15;0
5;2025-11-07;16;0
5;2025-11-07;17;0
5;2025-11-07;18;0
5;2025-11-07;19;0
5;2025-11-07;20;0
5;2025-11-07;21;0
5;2025-11-07;22;0
5;2025-11-07;23;0
5;2025-11-08;0;0
5;2025-11-08;1;0
5;2025-11-08;2;0
5;2025-11-08;3;0
5;2025-11-08;4;0
5;2025-11-08;5;0
5;2025-11-08;6;0
5;2025-11-08;7;0
5;2025-11-08;8;0
5;2025-11-08;9;0
5;2025-11-08;10;0
5;2025-11-08;11;0
5;2025-11-08;12;0
5;2025-11-08;13;0
5;2025-11-08;14;0
5;2025-11-08;15;0
5;2025-11-08;16;0
5;2025-11-08;17;0
5;2025-11-08;18;0
5;2025-11-08;19;0
5;2025-11-08;20;0
5;2025-11-08;21;0
5;2025-11-08;22;0
5;2025-11-08;23;0
5;2025-11-09;0;0
5;2025-11-09;1;0
5;2025-11-09;2;0
5;2025-11-09;3;0
5;2025-11-09;4;0
5;2025-11-09;5;0
5;2025-11-09;6;0
5;2025-11-09;7;0
5;2025-11-09;8;0
5;2025-11-09;9;0
5;2025-11-09;10;0
5;2025-11-09;11;0
5;2025-11-09;12;0
5;2025-11-09;13;0
5;2025-11-09;14;0
5;2025-11-09;15;0
5;2025-11-09;16;0
5;2025-11-09;17;0
5;2025-11-09;18;0
5;2025-11-09;19;0
5;2025-11-09;20;0
5;2025-11-09;21;0
5;2025-11-09;22;0
5;2025-11-09;23;0
5;2025-11-10;0;0
5;2025-11-10;1;0
5;2025-11-10;2;0
5;2025-11-10;3;0
5;2025-11-10;4;0
5;2025-11-10;5;0
5;2025-11-10;6;0
5;2025-11-10;7;0
5;2025-11-10;8;0
5;2025-11-10;9;0
5;2025-11-10;10;0
5;2025-11-10;11;0
5;2025-11-10;12;0
5;2025-11-10;13;0
5;2025-11-10;14;0
5;2025-11-10;15;0
5;2025-11-10;16;0
5;2025-11-10;17;0
5;2025-11-10;18;0
5;2025-11-10;19;0
5;2025-11-10;20;0
5;2025-11-10;21;0
5;2025-11-10;22;0
5;2025-11-10;23;0
5;2025-11-11;0;0
5;2025-11-11;1;0
5;2025-11-11;2;0
5;2025-11-11;3;0
5;2025-11-11;4;0
5;2025-11-11;5;0
5;2025-11-11;6;0
5;2025-11-11;7;0
5;2025-11-11;8;0
5;2025-11-11;9;0
5;2025-11-11;10;0
5;2025-11-11;11;0
5;2025-11-11;12;0
5;2025-11-11;13;0
5;2025-11-11;14;0
5;2025-11-11;15;0
5;2025-11-11;16;0
5;2025-11-11;17;0
5;2025-11-11;18;0
5;2025-11-11;19;0
5;2025-11-11;20;0
5;2025-11-11;21;0
5;2025-11-11;22;0
5;2025-11-11;23;0
5;2025-11-12;0;0
5;2025-11-12;1;0
5;2025-11-12;2;0
5;2025-11-12;3;0
5;2025-11-12;4;0
5;2025-11-12;5;0
5;2025-11-12;6;0
5;2025-11-12;7;0
5;2025-11-12;8;0
5;2025-11-12;9;0
5;2025-11-12;10;0
5;2025-11-12;11;0
5;2025-11-12;12;0
5;2025-11-12;13;0
5;2025-11-12;14;0
5;2025-11-12;15;0
5;2025-11-12;16;0
5;2025-11-12;17;0
5;2025-11-12;18;0
5;2025-11-12;19;0
5;2025-11-12;20;0
5;2025-11-12;21;0
5;2025-11-12;22;0
5;2025-11-12;23;0
5;2025-11-13;0;0
5;2025-11-13;1;0
5;2025-11-13;2;0
5;2025-11-13;3;0
5;2025-11-13;4;0
5;2025-11-13;5;0
5;2025-11-13;6;0
5;2025-11-13;7;0
5;2025-11-13;8;0
5;2025-11-13;9;0
5;2025-11-13;10;0
5;2025-11-13;11;0
5;2025-11-13;12;0
5;2025-11-13;13;0
5;2025-11-13;14;0
5;2025-11-13;15;0
5;2025-11-13;16;0
5;2025-11-13;17;0
5;2025-11-13;18;0
5;2025-11-13;19;0
5;2025-11-13;20;0
5;2025-11-13;21;0
5;2025-11-13;22;0
5;2025-11-13;23;0
5;2025-11-14;0;0
5;2025-11-14;1;0
5;2025-11-14;2;0
5;2025-11-14;3;0
5;2025-11-14;4;0
5;2025-11-14;5;0
5;2025-11-14;6;0
5;2025-11-14;7;0
5;2025-11-14;8;0
5;2025-11-14;9;0
5;2025-11-14;10;0
5;2025-11-14;11;0
5;2025-11-14;12;0
5;2025-11-14;13;0
5;2025-11-14;14;0
5;2025-11-14;15;0
5;2025-11-14;16;0
5;2025-11-14;17;0
5;2025-11-14;18;0
5;2025-11-14;19;0
5;2025-11-14;20;0
5;2025-11-14;21;0
5;2025-11-14;22;0
5;2025-11-14;23;0
5;2025-11-15;0;0
5;2025-11-15;1;0
5;2025-11-15;2;0
5;2025-11-15;3;0
5;2025-11-15;4;0
5;2025-11-15;5;0
5;2025-11-15;6;0
5;2025-11-15;7;0
5;2025-11-15;8;0
5;2025-11-15;9;0
5;2025-11-15;10;0
5;2025-11-15;11;0
5;2025-11-15;12;0
5;2025-11-15;13;0
5;2025-11-15;14;0
5;2025-11-15;15;0
5;2025-11-15;16;0
5;2025-11-15;17;0
5;2025-11-15;18;0
5;2025-11-15;19;0
5;2025-11-15;20;0
5;2025-11-15;21;0
5;2025-11-15;22;0
5;2025-11-15;23;0
5;2025-11-16;0;0
5;2025-11-16;1;0
5;2025-11-16;2;0
5;2025-11-16;3;0
5;2025-11-16;4;0
5;2025-11-16;5;0
5;2025-11-16;6;0
5;2025-11-16;7;0
5;2025-11-16;8;0
5;2025-11-16;9;0
5;2025-11-16;10;0
5;2025-11-16;11;0
5;2025-11-16;12;0
5;2025-11-16;13;0
5;2025-11-16;14;0
5;2025-11-16;15;0
5;2025-11-16;16;0
5;2025-11-16;17;0
5;2025-11-16;18;0
5;2025-11-16;19;0
5;2025-11-16;20;0
5;2025-11-16;21;0
5;2025-11-16;22;0
5;2025-11-16;23;0
5;2025-11-17;0;0
5;2025-11-17;1;0
5;2025-11-17;2;0
5;2025-11-17;3;0
5;2025-11-17;4;0
5;2025-11-17;5;0
5;2025-11-17;6;0
5;2025-11-17;7;0
5;2025-11-17;8;0
5;2025-11-17;9;0
5;2025-11-17;10;0
5;2025-11-17;11;0
5;2025-11-17;12;0
5;2025-11-17;13;0
5;2025-11-17;14;0
5;2025-11-17;15;0
5;2025-11-17;16;0
5;2025-11-17;17;0
5;2025-11-17;18;0
5;2025-11-17;19;0
5;2025-11-17;20;0
5;2025-11-17;21;0
5;2025-11-17;22;0
5;2025-11-17;23;0
5;2025-11-18;0;0
5;2025-11-18;1;0
5;2025-11-18;2;0
5;2025-11-18;3;0
5;2025-11-18;4;0
5;2025-11-18;5;0
5;2025-11-18;6;0
5;2025-11-18;7;0
5;2025-11-18;8;0
5;2025-11-18;9;0
5;2025-11-18;10;0
5;2025-11-18;11;0
5;2025-11-18;12;0
5;2025-11-18;13;0
5;2025-11-18;14;0
5;2025-11-18;15;0
5;2025-11-18;16;0
5;2025-11-18;17;0
5;2025-11-18;18;0
5;2025-11-18;19;0
5;2025-11-18;20;0
5;2025-11-18;21;0
5;2025-11-18;22;0
5;2025-11-18;23;0
5;2025-11-19;0;0
5;2025-11-19;1;0
5;2025-11-19;2;0
5;2025-11-19;3;0
5;2025-11-19;4;0
5;2025-11-19;5;0
5;2025-11-19;6;0
5;2025-11-19;7;0
5;2025-11-19;8;0
5;2025-11-19;9;0
5;2025-11-19;10;0
5;2025-11-19;11;0
5;2025-11-19;12;0
5;2025-11-19;13;0
5;2025-11-19;14;0
5;2025-11-19;15;0
5;2025-11-19;16;0
5;2025-11-19;17;0
5;2025-11-19;18;0
5;2025-11-19;19;0
5;2025-11-19;20;0
5;2025-11-19;21;0
5;2025-11-19;22;0
5;2025-11-19;23;0
5;2025-11-20;0;0
5;2025-11-20;1;0
5;2025-11-20;2;0
5;2025-11-20;3;0
5;2025-11-20;4;0
5;2025-11-20;5;0
5;2025-11-20;6;0
5;2025-11-20;7;0
5;2025-11-20;8;0
5;2025-11-20;9;0
5;2025-11-20;10;0
5;2025-11-20;11;0
5;2025-11-20;12;0
5;2025-11-20;13;0
5;2025-11-20;14;0
5;2025-11-20;15;0
5;2025-11-20;16;0
5;2025-11-20;17;0
5;2025-11-20;18;0
5;2025-11-20;19;0
5;2025-11-20;20;0
5;2025-11-20;21;0
5;2025-11-20;22;0
5;2025-11-20;23;0
5;2025-11-21;0;0
5;2025-11-21;1;0
5;2025-11-21;2;0
5;2025-11-21;3;0
5;2025-11-21;4;0
5;2025-11-21;5;0
5;2025-11-21;6;0
5;2025-11-21;7;0
5;2025-11-21;8;0
5;2025-11-21;9;0
5;2025-11-21;10;0
5;2025-11-21;11;0
5;2025-11-21;12;0
5;2025-11-21;13;0
5;2025-11-21;14;0
5;2025-11-21;15;0
5;2025-11-21;16;0
5;2025-11-21;17;0
5;2025-11-21;18;0
5;2025-11-21;19;0
5;2025-11-21;20;0
5;2025-11-21;21;0
5;2025-11-21;22;0
5;2025-11-21;23;0
5;2025-11-22;0;0
5;2025-11-22;1;0
5;2025-11-22;2;0
5;2025-11-22;3;0
5;2025-11-22;4;0
5;2025-11-22;5;0
5;2025-11-22;6;0
5;2025-11-22;7;0
5;2025-11-22;8;0
5;2025-11-22;9;0
5;2025-11-22;10;0
5;2025-11-22;11;0
5;2025-11-22;12;0
5;2025-11-22;13;0
5;2025-11-22;14;0
5;2025-11-22;15;0
5;2025-11-22;16;0
5;2025-11-22;17;0
5;2025-11-22;18;0
5;2025-11-22;19;0
5;2025-11-22;20;0
5;2025-11-22;21;0
5;2025-11-22;22;0
5;2025-11-22;23;0
5;2025-11-23;0;0
5;2025-11-23;1;0
5;2025-11-23;2;0
5;2025-11-23;3;0
5;2025-11-23;4;0
5;2025-11-23;5;0
5;2025-11-23;6;0
5;2025-11-23;7;0
5;2025-11-23;8;0
5;2025-11-23;9;0
5;2025-11-23;10;0
5;2025-11-23;11;0
5;2025-11-23;12;0
5;2025-11-23;13;0
5;2025-11-23;14;0
5;2025-11-23;15;0
5;2025-11-23;16;0
5;2025-11-23;17;0
5;2025-11-23;18;0
5;2025-11-23;19;0
5;2025-11-23;20;0
5;2025-11-23;21;0
5;2025-11-23;22;0
5;2025-11-23;23;0
5;2025-11-24;0;0
5;2025-11-24;1;0
5;2025-11-24;2;0
5;2025-11-24;3;0
5;2025-11-24;4;0
5;2025-11-24;5;0
5;2025-11-24;6;0
5;2025-11-24;7;0
5;2025-11-24;8;0
5;2025-11-24;9;0
5;2025-11-24;10;0
5;2025-11-24;11;0
5;2025-11-24;12;0
5;2025-11-24;13;0
5;2025-11-24;14;0
5;2025-11-24;15;0
5;2025-11-24;16;0
5;2025-11-24;17;0
5;2025-11-24;18;0
5;2025-11-24;19;0
5;2025-11-24;20;0
5;2025-11-24;21;0
5;2025-11-24;22;0
5;2025-11-24;23;0
5;2025-11-25;0;0
5;2025-11-25;1;0
5;2025-11-25;2;0
5;2025-11-25;3;0
5;2025-11-25;4;0
5;2025-11-25;5;0
5;2025-11-25;6;0
5;2025-11-25;7;0
5;2025-11-25;8;0
5;2025-11-25;9;0
5;2025-11-25;10;0
5;2025-11-25;11;0
5;2025-11-25;12;0
5;2025-11-25;13;0
5;2025-11-25;14;0
5;2025-11-25;15;0
5;2025-11-25;16;0
5;2025-11-25;17;0
5;2025-11-25;18;0
5;2025-11-25;19;0
5;2025-11-25;20;0
5;2025-11-25;21;0
5;2025-11-25;22;0
5;2025-11-25;23;0
5;2025-11-26;0;0
5;2025-11-26;1;0
5;2025-11-26;2;0
5;2025-11-26;3;0
5;2025-11-26;4;0
5;2025-11-26;5;0
5;2025-11-26;6;0
5;2025-11-26;7;0
5;2025-11-26;8;0
5;2025-11-26;9;0
5;2025-11-26;10;0
5;2025-11-26;11;0
5;2025-11-26;12;0
5;2025-11-26;13;0
5;2025-11-26;14;0
5;2025-11-26;15;0
5;2025-11-26;16;0
5;2025-11-26;17;0
5;2025-11-26;18;0
5;2025-11-26;19;0
5;2025-11-26;20;0
5;2025-11-26;21;0
5;2025-11-26;22;0
5;2025-11-26;23;0
5;2025-11-27;0;0
5;2025-11-27;1;0
5;2025-11-27;2;0
5;2025-11-27;3;0
5;2025-11-27;4;0
5;2025-11-27;5;0
5;2025-11-27;6;0
5;2025-11-27;7;0
5;2025-11-27;8;0
5;2025-11-27;9;0
5;2025-11-27;10;0
5;2025-11-27;11;0
5;2025-11-27;12;0
5;2025-11-27;13;0
5;2025-11-27;14;0
5;2025-11-27;15;0
5;2025-11-27;16;0
5;2025-11-27;17;0
5;2025-11-27;18;0
5;2025-11-27;19;0
5;2025-11-27;20;0
5;2025-11-27;21;0
5;2025-11-27;22;0
5;2025-11-27;23;0
5;2025-11-28;0;0
5;2025-11-28;1;0
5;2025-11-28;2;0
5;2025-11-28;3;0
5;2025-11-28;4;0
5;2025-11-28;5;0
5;2025-11-28;6;0
5;2025-11-28;7;0
5;2025-11-28;8;0
5;2025-11-28;9;0
5;2025-11-28;10;0
5;2025-11-28;11;0
5;2025-11-28;12;0
5;2025-11-28;13;0
5;2025-11-28;14;0
5;2025-11-28;15;0
5;2025-11-28;16;0
5;2025-11-28;17;0
5;2025-11-28;18;0
5;2025-11-28;19;0
5;2025-11-28;20;0
5;2025-11-28;21;0
5;2025-11-28;22;0
5;2025-11-28;23;0
5;2025-11-29;0;0
5;2025-11-29;1;0
5;2025-11-29;2;0
5;2025-11-29;3;0
5;2025-11-29;4;0
5;2025-11-29;5;0
5;2025-11-29;6;0
5;2025-11-29;7;0
5;2025-11-29;8;0
5;2025-11-29;9;0
5;2025-11-29;10;0
5;2025-11-29;11;0
5;2025-11-29;12;0
5;2025-11-29;13;0
5;2025-11-29;14;0
5;2025-11-29;15;0
5;2025-11-29;16;0
5;2025-11-29;17;0
5;2025-11-29;18;0
5;2025-11-29;19;0
5;2025-11-29;20;0
5;2025-11-29;21;0
5;2025-11-29;22;0
5;2025-11-29;23;0
5;2025-11-30;0;0
5;2025-11-30;1;0
5;2025-11-30;2;0
5;2025-11-30;3;0
5;2025-11-30;4;0
5;2025-11-30;5;0
5;2025-11-30;6;0
5;2025-11-30;7;0
5;2025-11-30;8;0
5;2025-11-30;9;0
5;2025-11-30;10;0
5;2025-11-30;11;0
5;2025-11-30;12;0
5;2025-11-30;13;0
5;2025-11-30;14;0
5;2025-11-30;15;0
5;2025-11-30;16;0
5;2025-11-30;17;0
5;2025-11-30;18;0
5;2025-11-30;19;0
5;2025-11-30;20;0
5;2025-11-30;21;0
5;2025-11-30;22;0
5;2025-11-30;23;0
5;2025-12-01;0;0
5;2025-12-01;1;0
5;2025-12-01;2;0
5;2025-12-01;3;0
5;2025-12-01;4;0
5;2025-12-01;5;0
5;2025-12-01;6;0
5;2025-12-01;7;0
5;2025-12-01;8;0
5;2025-12-01;9;0
5;2025-12-01;10;0
5;2025-12-01;11;0
5;2025-12-01;12;0
5;2025-12-01;13;0
5;2025-12-01;14;0
5;2025-12-01;15;0
5;2025-12-01;16;0
5;2025-12-01;17;0
5;2025-12-01;18;0
5;2025-12-01;19;0
5;2025-12-01;20;0
5;2025-12-01;21;0
5;2025-12-01;22;0
5;2025-12-01;23;0
5;2025-12-02;0;0
5;2025-12-02;1;0
5;2025-12-02;2;0
5;2025-12-02;3;0
5;2025-12-02;4;0
5;2025-12-02;5;0
5;2025-12-02;6;0
5;2025-12-02;7;0
5;2025-12-02;8;0
5;2025-12-02;9;0
5;2025-12-02;10;0
5;2025-12-02;11;0
5;2025-12-02;12;0
5;2025-12-02;13;0
5;2025-12-02;14;0
5;2025-12-02;15;0
5;2025-12-02;16;0
5;2025-12-02;17;0
5;2025-12-02;18;0
5;2025-12-02;19;0
5;2025-12-02;20;0
5;2025-12-02;21;0
5;2025-12-02;22;0
5;2025-12-02;23;0
5;2025-12-03;0;0
5;2025-12-03;1;0
5;2025-12-03;2;0
5;2025-12-03;3;0
5;2025-12-03;4;0
5;2025-12-03;5;0
5;2025-12-03;6;0
5;2025-12-03;7;0
5;2025-12-03;8;0
5;2025-12-03;9;0
5;2025-12-03;10;0
5;2025-12-03;11;0
5;2025-12-03;12;0
5;2025-12-03;13;0
5;2025-12-03;14;0
5;2025-12-03;15;0
5;2025-12-03;16;0
5;2025-12-03;17;0
5;2025-12-03;18;0
5;2025-12-03;19;0
5;2025-12-03;20;0
5;2025-12-03;21;0
5;2025-12-03;22;0
5;2025-12-03;23;0
5;2025-12-04;0;0
5;2025-12-04;1;0
5;2025-12-04;2;0
5;2025-12-04;3;0
5;2025-12-04;4;0
5;2025-12-04;5;0
5;2025-12-04;6;0
5;2025-12-04;7;0
5;2025-12-04;8;0
5;2025-12-04;9;0
5;2025-12-04;10;0
5;2025-12-04;11;0
5;2025-12-04;12;0
5;2025-12-04;13;0
5;2025-12-04;14;0
5;2025-12-04;15;0
5;2025-12-04;16;0
5;2025-12-04;17;0
5;2025-12-04;18;0
5;2025-12-04;19;0
5;2025-12-04;20;0
5;2025-12-04;21;0
5;2025-12-04;22;0
5;2025-12-04;23;0
5;2025-12-05;0;0
5;2025-12-05;1;0
5;2025-12-05;2;0
5;2025-12-05;3;0
5;2025-12-05;4;0
5;2025-12-05;5;0
5;2025-12-05;6;0
5;2025-12-05;7;0
5;2025-12-05;8;0
5;2025-12-05;9;0
5;2025-12-05;10;0
5;2025-12-05;11;0
5;2025-12-05;12;0
5;2025-12-05;13;0
5;2025-12-05;14;0
5;2025-12-05;15;0
5;2025-12-05;16;0
5;2025-12-05;17;0
5;2025-12-05;18;0
5;2025-12-05;19;0
5;2025-12-05;20;0
5;2025-12-05;21;0
5;2025-12-05;22;0
5;2025-12-05;23;0
5;2025-12-06;0;0
5;2025-12-06;1;0
5;2025-12-06;2;0
5;2025-12-06;3;0
5;2025-12-06;4;0
5;2025-12-06;5;0
5;2025-12-06;6;0
5;2025-12-06;7;0
5;2025-12-06;8;0
5;2025-12-06;9;0
5;2025-12-06;10;0
5;2025-12-06;11;0
5;2025-12-06;12;0
5;2025-12-06;13;0
5;2025-12-06;14;0
5;2025-12-06;15;0
5;2025-12-06;16;0
5;2025-12-06;17;0
5;2025-12-06;18;0
5;2025-12-06;19;0
5;2025-12-06;20;0
5;2025-12-06;21;0
5;2025-12-06;22;0
5;2025-12-06;23;0
5;2025-12-07;0;0
5;2025-12-07;1;0
5;2025-12-07;2;0
5;2025-12-07;3;0
5;2025-12-07;4;0
5;2025-12-07;5;0
5;2025-12-07;6;0
5;2025-12-07;7;0
5;2025-12-07;8;0
5;2025-12-07;9;0
5;2025-12-07;10;0
5;2025-12-07;11;0
5;2025-12-07;12;0
5;2025-12-07;13;0
5;2025-12-07;14;0
5;2025-12-07;15;0
5;2025-12-07;16;0
5;2025-12-07;17;0
5;2025-12-07;18;0
5;2025-12-07;19;0
5;2025-12-07;20;0
5;2025-12-07;21;0
5;2025-12-07;22;0
5;2025-12-07;23;0
5;2025-12-08;0;0
5;2025-12-08;1;0
5;2025-12-08;2;0
5;2025-12-08;3;0
5;2025-12-08;4;0
5;2025-12-08;5;0
5;2025-12-08;6;0
5;2025-12-08;7;0
5;2025-12-08;8;0
5;2025-12-08;9;0
5;2025-12-08;10;0
5;2025-12-08;11;0
5;2025-12-08;12;0
5;2025-12-08;13;0
5;2025-12-08;14;0
5;2025-12-08;15;0
5;2025-12-08;16;0
5;2025-12-08;17;0
5;2025-12-08;18;0
5;2025-12-08;19;0
5;2025-12-08;20;0
5;2025-12-08;21;0
5;2025-12-08;22;0
5;2025-12-08;23;0
5;2025-12-09;0;0
5;2025-12-09;1;0
5;2025-12-09;2;0
5;2025-12-09;3;0
5;2025-12-09;4;0
5;2025-12-09;5;0
5;2025-12-09;6;0
5;2025-12-09;7;0
5;2025-12-09;8;0
5;2025-12-09;9;0
5;2025-12-09;10;0
5;2025-12-09;11;0
5;2025-12-09;12;0
5;2025-12-09;13;0
5;2025-12-09;14;0
5;2025-12-09;15;0
5;2025-12-09;16;0
5;2025-12-09;17;0
5;2025-12-09;18;0
5;2025-12-09;19;0
5;2025-12-09;20;0
5;2025-12-09;21;0
5;2025-12-09;22;0
5;2025-12-09;23;0
5;2025-12-10;0;0
5;2025-12-10;1;0
5;2025-12-10;2;0
5;2025-12-10;3;0
5;2025-12-10;4;0
5;2025-12-10;5;0
5;2025-12-10;6;0
5;2025-12-10;7;0
5;2025-12-10;8;0
5;2025-12-10;9;0
5;2025-12-10;10;0
5;2025-12-10;11;0
5;2025-12-10;12;0
5;2025-12-10;13;0
5;2025-12-10;14;0
5;2025-12-10;15;0
5;2025-12-10;16;0
5;2025-12-10;17;0
5;2025-12-10;18;0
5;2025-12-10;19;0
5;2025-12-10;20;0
5;2025-12-10;21;0
5;2025-12-10;22;0
5;2025-12-10;23;0
5;2025-12-11;0;0
5;2025-12-11;1;0
5;2025-12-11;2;0
5;2025-12-11;3;0
5;2025-12-11;4;0
5;2025-12-11;5;0
5;2025-12-11;6;0
5;2025-12-11;7;0
5;2025-12-11;8;0
5;2025-12-11;9;0
5;2025-12-11;10;0
5;2025-12-11;11;0
5;2025-12-11;12;0
5;2025-12-11;13;0
5;2025-12-11;14;0
5;2025-12-11;15;0
5;2025-12-11;16;0
5;2025-12-11;17;0
5;2025-12-11;18;0
5;2025-12-11;19;0
5;2025-12-11;20;0
5;2025-12-11;21;0
5;2025-12-11;22;0
5;2025-12-11;23;0
5;2025-12-12;0;0
5;2025-12-12;1;0
5;2025-12-12;2;0
5;2025-12-12;3;0
5;2025-12-12;4;0
5;2025-12-12;5;0
5;2025-12-12;6;0
5;2025-12-12;7;0
5;2025-12-12;8;0
5;2025-12-12;9;0
5;2025-12-12;10;0
5;2025-12-12;11;0
5;2025-12-12;12;0
5;2025-12-12;13;0
5;2025-12-12;14;0
5;2025-12-12;15;0
5;2025-12-12;16;0
5;2025-12-12;17;0
5;2025-12-12;18;0
5;2025-12-12;19;0
5;2025-12-12;20;0
5;2025-12-12;21;0
5;2025-12-12;22;0
5;2025-12-12;23;0
5;2025-12-13;0;0
5;2025-12-13;1;0
5;2025-12-13;2;0
5;2025-12-13;3;0
5;2025-12-13;4;0
5;2025-12-13;5;0
5;2025-12-13;6;0
5;2025-12-13;7;0
5;2025-12-13;8;0
5;2025-12-13;9;0
5;2025-12-13;10;0
5;2025-12-13;11;0
5;2025-12-13;12;0
5;2025-12-13;13;0
5;2025-12-13;14;0
5;2025-12-13;15;0
5;2025-12-13;16;0
5;2025-12-13;17;0
5;2025-12-13;18;0
5;2025-12-13;19;0
5;2025-12-13;20;0
5;2025-12-13;21;0
5;2025-12-13;22;0
5;2025-12-13;23;0
5;2025-12-14;0;0
5;2025-12-14;1;0
5;2025-12-14;2;0
5;2025-12-14;3;0
5;2025-12-14;4;0
5;2025-12-14;5;0
5;2025-12-14;6;0
5;2025-12-14;7;0
5;2025-12-14;8;0
5;2025-12-14;9;0
5;2025-12-14;10;0
5;2025-12-14;11;0
5;2025-12-14;12;0
5;2025-12-14;13;0
5;2025-12-14;14;0
5;2025-12-14;15;0
5;2025-12-14;16;0
5;2025-12-14;17;0
5;2025-12-14;18;0
5;2025-12-14;19;0
5;2025-12-14;20;0
5;2025-12-14;21;0
5;2025-12-14;22;0
5;2025-12-14;23;0
5;2025-12-15;0;0
5;2025-12-15;1;0
5;2025-12-15;2;0
5;2025-12-15;3;0
5;2025-12-15;4;0
5;2025-12-15;5;0
5;2025-12-15;6;0
5;2025-12-15;7;0
5;2025-12-15;8;0
5;2025-12-15;9;0
5;2025-12-15;10;0
5;2025-12-15;11;0
5;2025-12-15;12;0
5;2025-12-15;13;0
5;2025-12-15;14;0
5;2025-12-15;15;0
5;2025-12-15;16;0
5;2025-12-15;17;0
5;2025-12-15;18;0
5;2025-12-15;19;0
5;2025-12-15;20;0
5;2025-12-15;21;0
5;2025-12-15;22;0
5;2025-12-15;23;0
5;2025-12-16;0;0
5;2025-12-16;1;0
5;2025-12-16;2;0
5;2025-12-16;3;0
5;2025-12-16;4;0
5;2025-12-16;5;0
5;2025-12-16;6;0
5;2025-12-16;7;0
5;2025-12-16;8;0
5;2025-12-16;9;0
5;2025-12-16;10;0
5;2025-12-16;11;0
5;2025-12-16;12;0
5;2025-12-16;13;0
5;2025-12-16;14;0
5;2025-12-16;15;0
5;2025-12-16;16;0
5;2025-12-16;17;0
5;2025-12-16;18;0
5;2025-12-16;19;0
5;2025-12-16;20;0
5;2025-12-16;21;0
5;2025-12-16;22;0
5;2025-12-16;23;0
5;2025-12-17;0;0
5;2025-12-17;1;0
5;2025-12-17;2;0
5;2025-12-17;3;0
5;2025-12-17;4;0
5;2025-12-17;5;0
5;2025-12-17;6;0
5;2025-12-17;7;0
5;2025-12-17;8;0
5;2025-12-17;9;0
5;2025-12-17;10;0
5;2025-12-17;11;0
5;2025-12-17;12;0
5;2025-12-17;13;0
5;2025-12-17;14;0
5;2025-12-17;15;0
5;2025-12-17;16;0
5;2025-12-17;17;0
5;2025-12-17;18;0
5;2025-12-17;19;0
5;2025-12-17;20;0
5;2025-12-17;21;0
5;2025-12-17;22;0
5;2025-12-17;23;0
5;2025-12-18;0;0
5;2025-12-18;1;0
5;2025-12-18;2;0
5;2025-12-18;3;0
5;2025-12-18;4;0
5;2025-12-18;5;0
5;2025-12-18;6;0
5;2025-12-18;7;0
5;2025-12-18;8;0
5;2025-12-18;9;0
5;2025-12-18;10;0
5;2025-12-18;11;0
5;2025-12-18;12;0
5;2025-12-18;13;0
5;2025-12-18;14;0
5;2025-12-18;15;0
5;2025-12-18;16;0
5;2025-12-18;17;0
5;2025-12-18;18;0
5;2025-12-18;19;0
5;2025-12-18;20;0
5;2025-12-18;21;0
5;2025-12-18;22;0
5;2025-12-18;23;0
5;2025-12-19;0;0
5;2025-12-19;1;0
5;2025-12-19;2;0
5;2025-12-19;3;0
5;2025-12-19;4;0
5;2025-12-19;5;0
5;2025-12-19;6;0
5;2025-12-19;7;0
5;2025-12-19;8;0
5;2025-12-19;9;0
5;2025-12-19;10;0
5;2025-12-19;11;0
5;2025-12-19;12;0
5;2025-12-19;13;0
5;2025-12-19;14;0
5;2025-12-19;15;0
5;2025-12-19;16;0
5;2025-12-19;17;0
5;2025-12-19;18;0
5;2025-12-19;19;0
5;2025-12-19;20;0
5;2025-12-19;21;0
5;2025-12-19;22;0
5;2025-12-19;23;0
5;2025-12-20;0;0
5;2025-12-20;1;0
5;2025-12-20;2;0
5;2025-12-20;3;0
5;2025-12-20;4;0
5;2025-12-20;5;0
5;2025-12-20;6;0
5;2025-12-20;7;0
5;2025-12-20;8;0
5;2025-12-20;9;0
5;2025-12-20;10;0
5;2025-12-20;11;0
5;2025-12-20;12;0
5;2025-12-20;13;0
5;2025-12-20;14;0
5;2025-12-20;15;0
5;2025-12-20;16;0
5;2025-12-20;17;0
5;2025-12-20;18;0
5;2025-12-20;19;0
5;2025-12-20;20;0
5;2025-12-20;21;0
5;2025-12-20;22;0
5;2025-12-20;23;0
5;2025-12-21;0;0
5;2025-12-21;1;0
5;2025-12-21;2;0
5;2025-12-21;3;0
5;2025-12-21;4;0
5;2025-12-21;5;0
5;2025-12-21;6;0
5;2025-12-21;7;0
5;2025-12-21;8;0
5;2025-12-21;9;0
5;2025-12-21;10;0
5;2025-12-21;11;0
5;2025-12-21;12;0
5;2025-12-21;13;0
5;2025-12-21;14;0
5;2025-12-21;15;0
5;2025-12-21;16;0
5;2025-12-21;17;0
5;2025-12-21;18;0
5;2025-12-21;19;0
5;2025-12-21;20;0
5;2025-12-21;21;0
5;2025-12-21;22;0
5;2025-12-21;23;0
5;2025-12-22;0;0
5;2025-12-22;1;0
5;2025-12-22;2;0
5;2025-12-22;3;0
5;2025-12-22;4;0
5;2025-12-22;5;0
5;2025-12-22;6;0
5;2025-12-22;7;0
5;2025-12-22;8;0
5;2025-12-22;9;0
5;2025-12-22;10;0
5;2025-12-22;11;0
5;2025-12-22;12;0
5;2025-12-22;13;0
5;2025-12-22;14;0
5;2025-12-22;15;0
5;2025-12-22;16;0
5;2025-12-22;17;0
5;2025-12-22;18;0
5;2025-12-22;19;0
5;2025-12-22;20;0
5;2025-12-22;21;0
5;2025-12-22;22;0
5;2025-12-22;23;0
5;2025-12-23;0;0
5;2025-12-23;1;0
5;2025-12-23;2;0
5;2025-12-23;3;0
5;2025-12-23;4;0
5;2025-12-23;5;0
5;2025-12-23;6;0
5;2025-12-23;7;0
5;2025-12-23;8;0
5;2025-12-23;9;0
5;2025-12-23;10;0
5;2025-12-23;11;0
5;2025-12-23;12;0
5;2025-12-23;13;0
5;2025-12-23;14;0
5;2025-12-23;15;0
5;2025-12-23;16;0
5;2025-12-23;17;0
5;2025-12-23;18;0
5;2025-12-23;19;0
5;2025-12-23;20;0
5;2025-12-23;21;0
5;2025-12-23;22;0
5;2025-12-23;23;0
5;2025-12-24;0;0
5;2025-12-24;1;0
5;2025-12-24;2;0
5;2025-12-24;3;0
5;2025-12-24;4;0
5;2025-12-24;5;0
5;2025-12-24;6;0
5;2025-12-24;7;0
5;2025-12-24;8;0
5;2025-12-24;9;0
5;2025-12-24;10;0
5;2025-12-24;11;0
5;2025-12-24;12;0
5;2025-12-24;13;0
5;2025-12-24;14;0
5;2025-12-24;15;0
5;2025-12-24;16;0
5;2025-12-24;17;0
5;2025-12-24;18;0
5;2025-12-24;19;0
5;2025-12-24;20;0
5;2025-12-24;21;0
5;2025-12-24;22;0
5;2025-12-24;23;0
5;2025-12-25;0;0
5;2025-12-25;1;0
5;2025-12-25;2;0
5;2025-12-25;3;0
5;2025-12-25;4;0
5;2025-12-25;5;0
5;2025-12-25;6;0
5;2025-12-25;7;0
5;2025-12-25;8;0
5;2025-12-25;9;0
5;2025-12-25;10;0
5;2025-12-25;11;0
5;2025-12-25;12;0
5;2025-12-25;13;0
5;2025-12-25;14;0
5;2025-12-25;15;0
5;2025-12-25;16;0
5;2025-12-25;17;0
5;2025-12-25;18;0
5;2025-12-25;19;0
5;2025-12-25;20;0
5;2025-12-25;21;0
5;2025-12-25;22;0
5;2025-12-25;23;0
5;2025-12-26;0;0
5;2025-12-26;1;0
5;2025-12-26;2;0
5;2025-12-26;3;0
5;2025-12-26;4;0
5;2025-12-26;5;0
5;2025-12-26;6;0
5;2025-12-26;7;0
5;2025-12-26;8;0
5;2025-12-26;9;0
5;2025-12-26;10;0
5;2025-12-26;11;0
5;2025-12-26;12;0
5;2025-12-26;13;0
5;2025-12-26;14;0
5;2025-12-26;15;0
5;2025-12-26;16;0
5;2025-12-26;17;0
5;2025-12-26;18;0
5;2025-12-26;19;0
5;2025-12-26;20;0
5;2025-12-26;21;0
5;2025-12-26;22;0
5;2025-12-26;23;0
5;2025-12-27;0;0
5;2025-12-27;1;0
5;2025-12-27;2;0
5;2025-12-27;3;0
5;2025-12-27;4;0
5;2025-12-27;5;0
5;2025-12-27;6;0
5;2025-12-27;7;0
5;2025-12-27;8;0
5;2025-12-27;9;0
5;2025-12-27;10;0
5;2025-12-27;11;0
5;2025-12-27;12;0
5;2025-12-27;13;0
5;2025-12-27;14;0
5;2025-12-27;15;0
5;2025-12-27;16;0
5;2025-12-27;17;0
5;2025-12-27;18;0
5;2025-12-27;19;0
5;2025-12-27;20;0
5;2025-12-27;21;0
5;2025-12-27;22;0
5;2025-12-27;23;0
5;2025-12-28;0;0
5;2025-12-28;1;0
5;2025-12-28;2;0
5;2025-12-28;3;0
5;2025-12-28;4;0
5;2025-12-28;5;0
5;2025-12-28;6;0
5;2025-12-28;7;0
5;2025-12-28;8;0
5;2025-12-28;9;0
5;2025-12-28;10;0
5;2025-12-28;11;0
5;2025-12-28;12;0
5;2025-12-28;13;0
5;2025-12-28;14;0
5;2025-12-28;15;0
5;2025-12-28;16;0
5;2025-12-28;17;0
5;2025-12-28;18;0
5;2025-12-28;19;0
5;2025-12-28;20;0
5;2025-12-28;21;0
5;2025-12-28;22;0
5;2025-12-28;23;0
5;2025-12-29;0;0
5;2025-12-29;1;0
5;2025-12-29;2;0
5;2025-12-29;3;0
5;2025-12-29;4;0
5;2025-12-29;5;0
5;2025-12-29;6;0
5;2025-12-29;7;0
5;2025-12-29;8;0
5;2025-12-29;9;0
5;2025-12-29;10;0
5;2025-12-29;11;0
5;2025-12-29;12;0
5;2025-12-29;13;0
5;2025-12-29;14;0
5;2025-12-29;15;0
5;2025-12-29;16;0
5;2025-12-29;17;0
5;2025-12-29;18;0
5;2025-12-29;19;0
5;2025-12-29;20;0
5;2025-12-29;21;0
5;2025-12-29;22;0
5;2025-12-29;23;0
5;2025-12-30;0;0
5;2025-12-30;1;0
5;2025-12-30;2;0
5;2025-12-30;3;0
5;2025-12-30;4;0
5;2025-12-30;5;0
5;2025-12-30;6;0
5;2025-12-30;7;0
5;2025-12-30;8;0
5;2025-12-30;9;0
5;2025-12-30;10;0
5;2025-12-30;11;0
5;2025-12-30;12;0
5;2025-12-30;13;0
5;2025-12-30;14;0
5;2025-12-30;15;0
5;2025-12-30;16;0
5;2025-12-30;17;0
5;2025-12-30;18;0
5;2025-12-30;19;0
5;2025-12-30;20;0
5;2025-12-30;21;0
5;2025-12-30;22;0
5;2025-12-30;23;0
5;2025-12-31;0;0
5;2025-12-31;1;0
5;2025-12-31;2;0
5;2025-12-31;3;0
5;2025-12-31;4;0
5;2025-12-31;5;0
5;2025-12-31;6;0
5;2025-12-31;7;0
5;2025-12-31;8;0
5;2025-12-31;9;0
5;2025-12-31;10;0
5;2025-12-31;11;0
5;2025-12-31;12;0
5;2025-12-31;13;0
5;2025-12-31;14;0
5;2025-12-31;15;0
5;2025-12-31;16;0
5;2025-12-31;17;0
5;2025-12-31;18;0
5;2025-12-31;19;0
5;2025-12-31;20;0
5;2025-12-31;21;0
5;2025-12-31;22;0
5;2025-12-31;23;0
7;2025-11-01;0;66
7;2025-11-01;1;12
7;2025-11-01;2;0
7;2025-11-01;3;0
7;2025-11-01;4;1
7;2025-11-01;5;209
7;2025-11-01;6;780
7;2025-11-01;7;1785
7;2025-11-01;8;2590
7;2025-11-01;9;2046
7;2025-11-01;10;1772
7;2025-11-01;11;1696
7;2025-11-01;12;1778
7;2025-11-01;13;1814
7;2025-11-01;14;1852
7;2025-11-01;15;1975
7;2025-11-01;16;2108
7;2025-11-01;17;2538
7;2025-11-01;18;2672
7;2025-11-01;19;1894
7;2025-11-01;20;1208
7;2025-11-01;21;717
7;2025-11-01;22;375
7;2025-11-01;23;226
7;2025-11-02;0;93
7;2025-11-02;1;21
7;2025-11-02;2;0
7;2025-11-02;3;0
7;2025-11-02;4;0
7;2025-11-02;5;34
7;2025-11-02;6;174
7;2025-11-02;7;286
7;2025-11-02;8;459
7;2025-11-02;9;537
7;2025-11-02;10;605
7;2025-11-02;11;704
7;2025-11-02;12;781
7;2025-11-02;13;824
7;2025-11-02;14;851
7;2025-11-02;15;836
7;2025-11-02;16;812
7;2025-11-02;17;789
7;2025-11-02;18;748
7;2025-11-02;19;672
7;2025-11-02;20;497
7;2025-11-02;21;396
7;2025-11-02;22;218
7;2025-11-02;23;126
7;2025-11-03;0;91
7;2025-11-03;1;20
7;2025-11-03;2;2
7;2025-11-03;3;1
7;2025-11-03;4;0
7;2025-11-03;5;54
7;2025-11-03;6;220
7;2025-11-03;7;355
7;2025-11-03;8;590
7;2025-11-03;9;624
7;2025-11-03;10;677
7;2025-11-03;11;772
7;2025-11-03;12;840
7;2025-11-03;13;879
7;2025-11-03;14;901
7;2025-11-03;15;882
7;2025-11-03;16;858
7;2025-11-03;17;864
7;2025-11-03;18;828
7;2025-11-03;19;730
7;2025-11-03;20;533
7;2025-11-03;21;426
7;2025-11-03;22;240
7;2025-11-03;23;144
7;2025-11-04;0;87
7;2025-11-04;1;24
7;2025-11-04;2;2
7;2025-11-04;3;2
7;2025-11-04;4;0
7;2025-11-04;5;26
7;2025-11-04;6;176
7;2025-11-04;7;300
7;2025-11-04;8;517
7;2025-11-04;9;562
7;2025-11-04;10;613
7;2025-11-04;11;718
7;2025-11-04;12;812
7;2025-11-04;13;900
7;2025-11-04;14;890
7;2025-11-04;15;854
7;2025-11-04;16;852
7;2025-11-04;17;838
7;2025-11-04;18;793
7;2025-11-04;19;693
7;2025-11-04;20;500
7;2025-11-04;21;414
7;2025-11-04;22;246
7;2025-11-04;23;133
7;2025-11-05;0;60
7;2025-11-05;1;12
7;2025-11-05;2;0
7;2025-11-05;3;0
7;2025-11-05;4;3
7;2025-11-05;5;190
7;2025-11-05;6;688
7;2025-11-05;7;1598
7;2025-11-05;8;2318
7;2025-11-05;9;1755
7;2025-11-05;10;1489
7;2025-11-05;11;1410
7;2025-11-05;12;1465
7;2025-11-05;13;1490
7;2025-11-05;14;1520
7;2025-11-05;15;1627
7;2025-11-05;16;1763
7;2025-11-05;17;2171
7;2025-11-05;18;2312
7;2025-11-05;19;1662
7;2025-11-05;20;1076
7;2025-11-05;21;645
7;2025-11-05;22;336
7;2025-11-05;23;199
7;2025-11-06;0;61
7;2025-11-06;1;12
7;2025-11-06;2;0
7;2025-11-06;3;0
7;2025-11-06;4;2
7;2025-11-06;5;187
7;2025-11-06;6;684
7;2025-11-06;7;1587
7;2025-11-06;8;2308
7;2025-11-06;9;1748
7;2025-11-06;10;1484
7;2025-11-06;11;1409
7;2025-11-06;12;1464
7;2025-11-06;13;1491
7;2025-11-06;14;1521
7;2025-11-06;15;1630
7;2025-11-06;16;1765
7;2025-11-06;17;2156
7;2025-11-06;18;2297
7;2025-11-06;19;1647
7;2025-11-06;20;1060
7;2025-11-06;21;634
7;2025-11-06;22;326
7;2025-11-06;23;190
7;2025-11-07;0;60
7;2025-11-07;1;12
7;2025-11-07;2;0
7;2025-11-07;3;0
7;2025-11-07;4;2
7;2025-11-07;5;182
7;2025-11-07;6;668
7;2025-11-07;7;1563
7;2025-11-07;8;2278
7;2025-11-07;9;1726
7;2025-11-07;10;1473
7;2025-11-07;11;1402
7;2025-11-07;12;1461
7;2025-11-07;13;1512
7;2025-11-07;14;1547
7;2025-11-07;15;1650
7;2025-11-07;16;1780
7;2025-11-07;17;2110
7;2025-11-07;18;2154
7;2025-11-07;19;1534
7;2025-11-07;20;1003
7;2025-11-07;21;616
7;2025-11-07;22;320
7;2025-11-07;23;192
7;2025-11-08;0;92
7;2025-11-08;1;21
7;2025-11-08;2;0
7;2025-11-08;3;0
7;2025-11-08;4;0
7;2025-11-08;5;48
7;2025-11-08;6;233
7;2025-11-08;7;388
7;2025-11-08;8;594
7;2025-11-08;9;684
7;2025-11-08;10;758
7;2025-11-08;11;871
7;2025-11-08;12;954
7;2025-11-08;13;996
7;2025-11-08;14;1024
7;2025-11-08;15;996
7;2025-11-08;16;948
7;2025-11-08;17;928
7;2025-11-08;18;876
7;2025-11-08;19;768
7;2025-11-08;20;566
7;2025-11-08;21;438
7;2025-11-08;22;241
7;2025-11-08;23;141
7;2025-11-09;0;93
7;2025-11-09;1;21
7;2025-11-09;2;0
7;2025-11-09;3;0
7;2025-11-09;4;0
7;2025-11-09;5;34
7;2025-11-09;6;174
7;2025-11-09;7;286
7;2025-11-09;8;459
7;2025-11-09;9;537
7;2025-11-09;10;605
7;2025-11-09;11;704
7;2025-11-09;12;781
7;2025-11-09;13;824
7;2025-11-09;14;851
7;2025-11-09;15;836
7;2025-11-09;16;812
7;2025-11-09;17;789
7;2025-11-09;18;748
7;2025-11-09;19;672
7;2025-11-09;20;497
7;2025-11-09;21;396
7;2025-11-09;22;218
7;2025-11-09;23;126
7;2025-11-10;0;59
7;2025-11-10;1;12
7;2025-11-10;2;0
7;2025-11-10;3;0
7;2025-11-10;4;1
7;2025-11-10;5;175
7;2025-11-10;6;658
7;2025-11-10;7;1544
7;2025-11-10;8;2250
7;2025-11-10;9;1698
7;2025-11-10;10;1438
7;2025-11-10;11;1362
7;2025-11-10;12;1418
7;2025-11-10;13;1442
7;2025-11-10;14;1470
7;2025-11-10;15;1574
7;2025-11-10;16;1708
7;2025-11-10;17;2097
7;2025-11-10;18;2230
7;2025-11-10;19;1608
7;2025-11-10;20;1026
7;2025-11-10;21;610
7;2025-11-10;22;309
7;2025-11-10;23;176
7;2025-11-11;0;59
7;2025-11-11;1;12
7;2025-11-11;2;0
7;2025-11-11;3;0
7;2025-11-11;4;2
7;2025-11-11;5;185
7;2025-11-11;6;682
7;2025-11-11;7;1584
7;2025-11-11;8;2310
7;2025-11-11;9;1750
7;2025-11-11;10;1480
7;2025-11-11;11;1402
7;2025-11-11;12;1456
7;2025-11-11;13;1480
7;2025-11-11;14;1507
7;2025-11-11;15;1614
7;2025-11-11;16;1748
7;2025-11-11;17;2149
7;2025-11-11;18;2298
7;2025-11-11;19;1646
7;2025-11-11;20;1060
7;2025-11-11;21;636
7;2025-11-11;22;328
7;2025-11-11;23;192
7;2025-11-12;0;60
7;2025-11-12;1;12
7;2025-11-12;2;0
7;2025-11-12;3;0
7;2025-11-12;4;3
7;2025-11-12;5;190
7;2025-11-12;6;688
7;2025-11-12;7;1598
7;2025-11-12;8;2318
7;2025-11-12;9;1755
7;2025-11-12;10;1489
7;2025-11-12;11;1410
7;2025-11-12;12;1465
7;2025-11-12;13;1490
7;2025-11-12;14;1520
7;2025-11-12;15;1627
7;2025-11-12;16;1763
7;2025-11-12;17;2171
7;2025-11-12;18;2312
7;2025-11-12;19;1662
7;2025-11-12;20;1076
7;2025-11-12;21;645
7;2025-11-12;22;336
7;2025-11-12;23;199
7;2025-11-13;0;61
7;2025-11-13;1;12
7;2025-11-13;2;0
7;2025-11-13;3;0
7;2025-11-13;4;2
7;2025-11-13;5;187
7;2025-11-13;6;684
7;2025-11-13;7;1587
7;2025-11-13;8;2308
7;2025-11-13;9;1748
7;2025-11-13;10;1484
7;2025-11-13;11;1409
7;2025-11-13;12;1464
7;2025-11-13;13;1491
7;2025-11-13;14;1521
7;2025-11-13;15;1630
7;2025-11-13;16;1765
7;2025-11-13;17;2156
7;2025-11-13;18;2297
7;2025-11-13;19;1647
7;2025-11-13;20;1060
7;2025-11-13;21;634
7;2025-11-13;22;326
7;2025-11-13;23;190
7;2025-11-14;0;60
7;2025-11-14;1;12
7;2025-11-14;2;0
7;2025-11-14;3;0
7;2025-11-14;4;2
7;2025-11-14;5;182
7;2025-11-14;6;668
7;2025-11-14;7;1563
7;2025-11-14;8;2278
7;2025-11-14;9;1726
7;2025-11-14;10;1473
7;2025-11-14;11;1402
7;2025-11-14;12;1461
7;2025-11-14;13;1512
7;2025-11-14;14;1547
7;2025-11-14;15;1650
7;2025-11-14;16;1780
7;2025-11-14;17;2110
7;2025-11-14;18;2154
7;2025-11-14;19;1534
7;2025-11-14;20;1003
7;2025-11-14;21;616
7;2025-11-14;22;320
7;2025-11-14;23;192
7;2025-11-15;0;92
7;2025-11-15;1;21
7;2025-11-15;2;0
7;2025-11-15;3;0
7;2025-11-15;4;0
7;2025-11-15;5;48
7;2025-11-15;6;233
7;2025-11-15;7;388
7;2025-11-15;8;594
7;2025-11-15;9;684
7;2025-11-15;10;758
7;2025-11-15;11;871
7;2025-11-15;12;954
7;2025-11-15;13;996
7;2025-11-15;14;1024
7;2025-11-15;15;996
7;2025-11-15;16;948
7;2025-11-15;17;928
7;2025-11-15;18;876
7;2025-11-15;19;768
7;2025-11-15;20;566
7;2025-11-15;21;438
7;2025-11-15;22;241
7;2025-11-15;23;141
7;2025-11-16;0;93
7;2025-11-16;1;21
7;2025-11-16;2;0
7;2025-11-16;3;0
7;2025-11-16;4;0
7;2025-11-16;5;34
7;2025-11-16;6;174
7;2025-11-16;7;286
7;2025-11-16;8;459
7;2025-11-16;9;537
7;2025-11-16;10;605
7;2025-11-16;11;704
7;2025-11-16;12;781
7;2025-11-16;13;824
7;2025-11-16;14;851
7;2025-11-16;15;836
7;2025-11-16;16;812
7;2025-11-16;17;789
7;2025-11-16;18;748
7;2025-11-16;19;672
7;2025-11-16;20;497
7;2025-11-16;21;396
7;2025-11-16;22;218
7;2025-11-16;23;126
7;2025-11-17;0;59
7;2025-11-17;1;12
7;2025-11-17;2;0
7;2025-11-17;3;0
7;2025-11-17;4;1
7;2025-11-17;5;175
7;2025-11-17;6;658
7;2025-11-17;7;1544
7;2025-11-17;8;2250
7;2025-11-17;9;1698
7;2025-11-17;10;1438
7;2025-11-17;11;1362
7;2025-11-17;12;1418
7;2025-11-17;13;1442
7;2025-11-17;14;1470
7;2025-11-17;15;1574
7;2025-11-17;16;1708
7;2025-11-17;17;2097
7;2025-11-17;18;2230
7;2025-11-17;19;1608
7;2025-11-17;20;1026
7;2025-11-17;21;610
7;2025-11-17;22;309
7;2025-11-17;23;176
7;2025-11-18;0;59
7;2025-11-18;1;12
7;2025-11-18;2;0
7;2025-11-18;3;0
7;2025-11-18;4;2
7;2025-11-18;5;185
7;2025-11-18;6;682
7;2025-11-18;7;1584
7;2025-11-18;8;2310
7;2025-11-18;9;1750
7;2025-11-18;10;1480
7;2025-11-18;11;1402
7;2025-11-18;12;1456
7;2025-11-18;13;1480
7;2025-11-18;14;1507
7;2025-11-18;15;1614
7;2025-11-18;16;1748
7;2025-11-18;17;2149
7;2025-11-18;18;2298
7;2025-11-18;19;1646
7;2025-11-18;20;1060
7;2025-11-18;21;636
7;2025-11-18;22;328
7;2025-11-18;23;192
7;2025-11-19;0;60
7;2025-11-19;1;12
7;2025-11-19;2;0
7;2025-11-19;3;0
7;2025-11-19;4;3
7;2025-11-19;5;190
7;2025-11-19;6;688
7;2025-11-19;7;1598
7;2025-11-19;8;2318
7;2025-11-19;9;1755
7;2025-11-19;10;1489
7;2025-11-19;11;1410
7;2025-11-19;12;1465
7;2025-11-19;13;1490
7;2025-11-19;14;1520
7;2025-11-19;15;1627
7;2025-11-19;16;1763
7;2025-11-19;17;2171
7;2025-11-19;18;2312
7;2025-11-19;19;1662
7;2025-11-19;20;1076
7;2025-11-19;21;645
7;2025-11-19;22;336
7;2025-11-19;23;199
7;2025-11-20;0;61
7;2025-11-20;1;12
7;2025-11-20;2;0
7;2025-11-20;3;0
7;2025-11-20;4;2
7;2025-11-20;5;187
7;2025-11-20;6;684
7;2025-11-20;7;1587
7;2025-11-20;8;2308
7;2025-11-20;9;1748
7;2025-11-20;10;1484
7;2025-11-20;11;1409
7;2025-11-20;12;1464
7;2025-11-20;13;1491
7;2025-11-20;14;1521
7;2025-11-20;15;1630
7;2025-11-20;16;1765
7;2025-11-20;17;2156
7;2025-11-20;18;2297
7;2025-11-20;19;1647
7;2025-11-20;20;1060
7;2025-11-20;21;634
7;2025-11-20;22;326
7;2025-11-20;23;190
7;2025-11-21;0;60
7;2025-11-21;1;12
7;2025-11-21;2;0
7;2025-11-21;3;0
7;2025-11-21;4;2
7;2025-11-21;5;182
7;2025-11-21;6;668
7;2025-11-21;7;1563
7;2025-11-21;8;2278
7;2025-11-21;9;1726
7;2025-11-21;10;1473
7;2025-11-21;11;1402
7;2025-11-21;12;1461
7;2025-11-21;13;1512
7;2025-11-21;14;1547
7;2025-11-21;15;1650
7;2025-11-21;16;1780
7;2025-11-21;17;2110
7;2025-11-21;18;2154
7;2025-11-21;19;1534
7;2025-11-21;20;1003
7;2025-11-21;21;616
7;2025-11-21;22;320
7;2025-11-21;23;192
7;2025-11-22;0;92
7;2025-11-22;1;21
7;2025-11-22;2;0
7;2025-11-22;3;0
7;2025-11-22;4;0
7;2025-11-22;5;48
7;2025-11-22;6;233
7;2025-11-22;7;388
7;2025-11-22;8;594
7;2025-11-22;9;684
7;2025-11-22;10;758
7;2025-11-22;11;871
7;2025-11-22;12;954
7;2025-11-22;13;996
7;2025-11-22;14;1024
7;2025-11-22;15;996
7;2025-11-22;16;948
7;2025-11-22;17;928
7;2025-11-22;18;876
7;2025-11-22;19;768
7;2025-11-22;20;566
7;2025-11-22;21;438
7;2025-11-22;22;241
7;2025-11-22;23;141
7;2025-11-23;0;93
7;2025-11-23;1;21
7;2025-11-23;2;0
7;2025-11-23;3;0
7;2025-11-23;4;0
7;2025-11-23;5;34
7;2025-11-23;6;174
7;2025-11-23;7;286
7;2025-11-23;8;459
7;2025-11-23;9;537
7;2025-11-23;10;605
7;2025-11-23;11;704
7;2025-11-23;12;781
7;2025-11-23;13;824
7;2025-11-23;14;851
7;2025-11-23;15;836
7;2025-11-23;16;812
7;2025-11-23;17;789
7;2025-11-23;18;748
7;2025-11-23;19;672
7;2025-11-23;20;497
7;2025-11-23;21;396
7;2025-11-23;22;218
7;2025-11-23;23;126
7;2025-11-24;0;59
7;2025-11-24;1;12
7;2025-11-24;2;0
7;2025-11-24;3;0
7;2025-11-24;4;1
7;2025-11-24;5;175
7;2025-11-24;6;658
7;2025-11-24;7;1544
7;2025-11-24;8;2250
7;2025-11-24;9;1698
7;2025-11-24;10;1438
7;2025-11-24;11;1362
7;2025-11-24;12;1418
7;2025-11-24;13;1442
7;2025-11-24;14;1470
7;2025-11-24;15;1574
7;2025-11-24;16;1708
7;2025-11-24;17;2097
7;2025-11-24;18;2230
7;2025-11-24;19;1608
7;2025-11-24;20;1026
7;2025-11-24;21;610
7;2025-11-24;22;309
7;2025-11-24;23;176
7;2025-11-25;0;59
7;2025-11-25;1;12
7;2025-11-25;2;0
7;2025-11-25;3;0
7;2025-11-25;4;2
7;2025-11-25;5;185
7;2025-11-25;6;682
7;2025-11-25;7;1584
7;2025-11-25;8;2310
7;2025-11-25;9;1750
7;2025-11-25;10;1480
7;2025-11-25;11;1402
7;2025-11-25;12;1456
7;2025-11-25;13;1480
7;2025-11-25;14;1507
7;2025-11-25;15;1614
7;2025-11-25;16;1748
7;2025-11-25;17;2149
7;2025-11-25;18;2298
7;2025-11-25;19;1646
7;2025-11-25;20;1060
7;2025-11-25;21;636
7;2025-11-25;22;328
7;2025-11-25;23;192
7;2025-11-26;0;60
7;2025-11-26;1;12
7;2025-11-26;2;0
7;2025-11-26;3;0
7;2025-11-26;4;3
7;2025-11-26;5;190
7;2025-11-26;6;688
7;2025-11-26;7;1598
7;2025-11-26;8;2318
7;2025-11-26;9;1755
7;2025-11-26;10;1489
7;2025-11-26;11;1410
7;2025-11-26;12;1465
7;2025-11-26;13;1490
7;2025-11-26;14;1520
7;2025-11-26;15;1627
7;2025-11-26;16;1763
7;2025-11-26;17;2171
7;2025-11-26;18;2312
7;2025-11-26;19;1662
7;2025-11-26;20;1076
7;2025-11-26;21;645
7;2025-11-26;22;336
7;2025-11-26;23;199
7;2025-11-27;0;61
7;2025-11-27;1;12
7;2025-11-27;2;0
7;2025-11-27;3;0
7;2025-11-27;4;2
7;2025-11-27;5;187
7;2025-11-27;6;684
7;2025-11-27;7;1587
7;2025-11-27;8;2308
7;2025-11-27;9;1748
7;2025-11-27;10;1484
7;2025-11-27;11;1409
7;2025-11-27;12;1464
7;2025-11-27;13;1491
7;2025-11-27;14;1521
7;2025-11-27;15;1630
7;2025-11-27;16;1765
7;2025-11-27;17;2156
7;2025-11-27;18;2297
7;2025-11-27;19;1647
7;2025-11-27;20;1060
7;2025-11-27;21;634
7;2025-11-27;22;326
7;2025-11-27;23;190
7;2025-11-28;0;60
7;2025-11-28;1;12
7;2025-11-28;2;0
7;2025-11-28;3;0
7;2025-11-28;4;2
7;2025-11-28;5;182
7;2025-11-28;6;668
7;2025-11-28;7;1563
7;2025-11-28;8;2278
7;2025-11-28;9;1726
7;2025-11-28;10;1473
7;2025-11-28;11;1402
7;2025-11-28;12;1461
7;2025-11-28;13;1512
7;2025-11-28;14;1547
7;2025-11-28;15;1650
7;2025-11-28;16;1780
7;2025-11-28;17;2110
7;2025-11-28;18;2154
7;2025-11-28;19;1534
7;2025-11-28;20;1003
7;2025-11-28;21;616
7;2025-11-28;22;320
7;2025-11-28;23;192
7;2025-11-29;0;92
7;2025-11-29;1;21
7;2025-11-29;2;0
7;2025-11-29;3;0
7;2025-11-29;4;0
7;2025-11-29;5;48
7;2025-11-29;6;233
7;2025-11-29;7;388
7;2025-11-29;8;594
7;2025-11-29;9;684
7;2025-11-29;10;758
7;2025-11-29;11;871
7;2025-11-29;12;954
7;2025-11-29;13;996
7;2025-11-29;14;1024
7;2025-11-29;15;996
7;2025-11-29;16;948
7;2025-11-29;17;928
7;2025-11-29;18;876
7;2025-11-29;19;768
7;2025-11-29;20;566
7;2025-11-29;21;438
7;2025-11-29;22;241
7;2025-11-29;23;141
7;2025-11-30;0;93
7;2025-11-30;1;21
7;2025-11-30;2;0
7;2025-11-30;3;0
7;2025-11-30;4;0
7;2025-11-30;5;34
7;2025-11-30;6;174
7;2025-11-30;7;286
7;2025-11-30;8;459
7;2025-11-30;9;537
7;2025-11-30;10;605
7;2025-11-30;11;704
7;2025-11-30;12;781
7;2025-11-30;13;824
7;2025-11-30;14;851
7;2025-11-30;15;836
7;2025-11-30;16;812
7;2025-11-30;17;789
7;2025-11-30;18;748
7;2025-11-30;19;672
7;2025-11-30;20;497
7;2025-11-30;21;396
7;2025-11-30;22;218
7;2025-11-30;23;126
7;2025-12-01;0;60
7;2025-12-01;1;12
7;2025-12-01;2;0
7;2025-12-01;3;0
7;2025-12-01;4;2
7;2025-12-01;5;181
7;2025-12-01;6;695
7;2025-12-01;7;1543
7;2025-12-01;8;2224
7;2025-12-01;9;1709
7;2025-12-01;10;1446
7;2025-12-01;11;1368
7;2025-12-01;12;1414
7;2025-12-01;13;1435
7;2025-12-01;14;1463
7;2025-12-01;15;1564
7;2025-12-01;16;1696
7;2025-12-01;17;2082
7;2025-12-01;18;2218
7;2025-12-01;19;1612
7;2025-12-01;20;1034
7;2025-12-01;21;612
7;2025-12-01;22;313
7;2025-12-01;23;170
7;2025-12-02;0;60
7;2025-12-02;1;12
7;2025-12-02;2;0
7;2025-12-02;3;0
7;2025-12-02;4;4
7;2025-12-02;5;190
7;2025-12-02;6;718
7;2025-12-02;7;1583
7;2025-12-02;8;2282
7;2025-12-02;9;1761
7;2025-12-02;10;1488
7;2025-12-02;11;1408
7;2025-12-02;12;1452
7;2025-12-02;13;1472
7;2025-12-02;14;1501
7;2025-12-02;15;1603
7;2025-12-02;16;1737
7;2025-12-02;17;2134
7;2025-12-02;18;2284
7;2025-12-02;19;1650
7;2025-12-02;20;1068
7;2025-12-02;21;637
7;2025-12-02;22;332
7;2025-12-02;23;186
7;2025-12-03;0;60
7;2025-12-03;1;12
7;2025-12-03;2;0
7;2025-12-03;3;0
7;2025-12-03;4;4
7;2025-12-03;5;194
7;2025-12-03;6;723
7;2025-12-03;7;1594
7;2025-12-03;8;2289
7;2025-12-03;9;1763
7;2025-12-03;10;1494
7;2025-12-03;11;1414
7;2025-12-03;12;1458
7;2025-12-03;13;1480
7;2025-12-03;14;1510
7;2025-12-03;15;1613
7;2025-12-03;16;1750
7;2025-12-03;17;2146
7;2025-12-03;18;2292
7;2025-12-03;19;1661
7;2025-12-03;20;1080
7;2025-12-03;21;645
7;2025-12-03;22;339
7;2025-12-03;23;192
7;2025-12-04;0;62
7;2025-12-04;1;12
7;2025-12-04;2;0
7;2025-12-04;3;0
7;2025-12-04;4;4
7;2025-12-04;5;192
7;2025-12-04;6;722
7;2025-12-04;7;1586
7;2025-12-04;8;2282
7;2025-12-04;9;1760
7;2025-12-04;10;1493
7;2025-12-04;11;1415
7;2025-12-04;12;1462
7;2025-12-04;13;1484
7;2025-12-04;14;1516
7;2025-12-04;15;1620
7;2025-12-04;16;1756
7;2025-12-04;17;2142
7;2025-12-04;18;2288
7;2025-12-04;19;1653
7;2025-12-04;20;1070
7;2025-12-04;21;638
7;2025-12-04;22;332
7;2025-12-04;23;186
7;2025-12-05;0;61
7;2025-12-05;1;12
7;2025-12-05;2;0
7;2025-12-05;3;0
7;2025-12-05;4;4
7;2025-12-05;5;186
7;2025-12-05;6;704
7;2025-12-05;7;1558
7;2025-12-05;8;2247
7;2025-12-05;9;1738
7;2025-12-05;10;1482
7;2025-12-05;11;1409
7;2025-12-05;12;1458
7;2025-12-05;13;1507
7;2025-12-05;14;1544
7;2025-12-05;15;1641
7;2025-12-05;16;1772
7;2025-12-05;17;2099
7;2025-12-05;18;2149
7;2025-12-05;19;1546
7;2025-12-05;20;1018
7;2025-12-05;21;620
7;2025-12-05;22;326
7;2025-12-05;23;188
7;2025-12-06;0;92
7;2025-12-06;1;21
7;2025-12-06;2;0
7;2025-12-06;3;0
7;2025-12-06;4;0
7;2025-12-06;5;57
7;2025-12-06;6;272
7;2025-12-06;7;444
7;2025-12-06;8;650
7;2025-12-06;9;752
7;2025-12-06;10;853
7;2025-12-06;11;982
7;2025-12-06;12;1067
7;2025-12-06;13;1113
7;2025-12-06;14;1140
7;2025-12-06;15;1107
7;2025-12-06;16;1058
7;2025-12-06;17;1028
7;2025-12-06;18;979
7;2025-12-06;19;872
7;2025-12-06;20;672
7;2025-12-06;21;520
7;2025-12-06;22;318
7;2025-12-06;23;204
7;2025-12-07;0;93
7;2025-12-07;1;21
7;2025-12-07;2;0
7;2025-12-07;3;0
7;2025-12-07;4;0
7;2025-12-07;5;42
7;2025-12-07;6;210
7;2025-12-07;7;346
7;2025-12-07;8;518
7;2025-12-07;9;614
7;2025-12-07;10;714
7;2025-12-07;11;828
7;2025-12-07;12;912
7;2025-12-07;13;957
7;2025-12-07;14;984
7;2025-12-07;15;963
7;2025-12-07;16;938
7;2025-12-07;17;907
7;2025-12-07;18;868
7;2025-12-07;19;772
7;2025-12-07;20;600
7;2025-12-07;21;474
7;2025-12-07;22;293
7;2025-12-07;23;184
7;2025-12-08;0;60
7;2025-12-08;1;12
7;2025-12-08;2;0
7;2025-12-08;3;0
7;2025-12-08;4;2
7;2025-12-08;5;181
7;2025-12-08;6;695
7;2025-12-08;7;1543
7;2025-12-08;8;2224
7;2025-12-08;9;1709
7;2025-12-08;10;1446
7;2025-12-08;11;1368
7;2025-12-08;12;1414
7;2025-12-08;13;1435
7;2025-12-08;14;1463
7;2025-12-08;15;1564
7;2025-12-08;16;1696
7;2025-12-08;17;2082
7;2025-12-08;18;2218
7;2025-12-08;19;1612
7;2025-12-08;20;1034
7;2025-12-08;21;612
7;2025-12-08;22;313
7;2025-12-08;23;170
7;2025-12-09;0;60
7;2025-12-09;1;12
7;2025-12-09;2;0
7;2025-12-09;3;0
7;2025-12-09;4;4
7;2025-12-09;5;190
7;2025-12-09;6;718
7;2025-12-09;7;1583
7;2025-12-09;8;2282
7;2025-12-09;9;1761
7;2025-12-09;10;1488
7;2025-12-09;11;1408
7;2025-12-09;12;1452
7;2025-12-09;13;1472
7;2025-12-09;14;1501
7;2025-12-09;15;1603
7;2025-12-09;16;1737
7;2025-12-09;17;2134
7;2025-12-09;18;2284
7;2025-12-09;19;1650
7;2025-12-09;20;1068
7;2025-12-09;21;637
7;2025-12-09;22;332
7;2025-12-09;23;186
7;2025-12-10;0;60
7;2025-12-10;1;12
7;2025-12-10;2;0
7;2025-12-10;3;0
7;2025-12-10;4;4
7;2025-12-10;5;194
7;2025-12-10;6;723
7;2025-12-10;7;1594
7;2025-12-10;8;2289
7;2025-12-10;9;1763
7;2025-12-10;10;1494
7;2025-12-10;11;1414
7;2025-12-10;12;1458
7;2025-12-10;13;1480
7;2025-12-10;14;1510
7;2025-12-10;15;1613
7;2025-12-10;16;1750
7;2025-12-10;17;2146
7;2025-12-10;18;2292
7;2025-12-10;19;1661
7;2025-12-10;20;1080
7;2025-12-10;21;645
7;2025-12-10;22;339
7;2025-12-10;23;192
7;2025-12-11;0;62
7;2025-12-11;1;12
7;2025-12-11;2;0
7;2025-12-11;3;0
7;2025-12-11;4;4
7;2025-12-11;5;192
7;2025-12-11;6;722
7;2025-12-11;7;1586
7;2025-12-11;8;2282
7;2025-12-11;9;1760
7;2025-12-11;10;1493
7;2025-12-11;11;1415
7;2025-12-11;12;1462
7;2025-12-11;13;1484
7;2025-12-11;14;1516
7;2025-12-11;15;1620
7;2025-12-11;16;1756
7;2025-12-11;17;2142
7;2025-12-11;18;2288
7;2025-12-11;19;1653
7;2025-12-11;20;1070
7;2025-12-11;21;638
7;2025-12-11;22;332
7;2025-12-11;23;186
7;2025-12-12;0;61
7;2025-12-12;1;12
7;2025-12-12;2;0
7;2025-12-12;3;0
7;2025-12-12;4;4
7;2025-12-12;5;186
7;2025-12-12;6;704
7;2025-12-12;7;1558
7;2025-12-12;8;2247
7;2025-12-12;9;1738
7;2025-12-12;10;1482
7;2025-12-12;11;1409
7;2025-12-12;12;1458
7;2025-12-12;13;1507
7;2025-12-12;14;1544
7;2025-12-12;15;1641
7;2025-12-12;16;1772
7;2025-12-12;17;2099
7;2025-12-12;18;2149
7;2025-12-12;19;1546
7;2025-12-12;20;1018
7;2025-12-12;21;620
7;2025-12-12;22;326
7;2025-12-12;23;188
7;2025-12-13;0;92
7;2025-12-13;1;21
7;2025-12-13;2;0
7;2025-12-13;3;0
7;2025-12-13;4;0
7;2025-12-13;5;57
7;2025-12-13;6;272
7;2025-12-13;7;444
7;2025-12-13;8;650
7;2025-12-13;9;752
7;2025-12-13;10;853
7;2025-12-13;11;982
7;2025-12-13;12;1067
7;2025-12-13;13;1113
7;2025-12-13;14;1140
7;2025-12-13;15;1107
7;2025-12-13;16;1058
7;2025-12-13;17;1028
7;2025-12-13;18;979
7;2025-12-13;19;872
7;2025-12-13;20;672
7;2025-12-13;21;520
7;2025-12-13;22;318
7;2025-12-13;23;204
7;2025-12-14;0;93
7;2025-12-14;1;21
7;2025-12-14;2;0
7;2025-12-14;3;0
7;2025-12-14;4;0
7;2025-12-14;5;42
7;2025-12-14;6;210
7;2025-12-14;7;346
7;2025-12-14;8;518
7;2025-12-14;9;614
7;2025-12-14;10;714
7;2025-12-14;11;828
7;2025-12-14;12;912
7;2025-12-14;13;957
7;2025-12-14;14;984
7;2025-12-14;15;963
7;2025-12-14;16;938
7;2025-12-14;17;907
7;2025-12-14;18;868
7;2025-12-14;19;772
7;2025-12-14;20;600
7;2025-12-14;21;474
7;2025-12-14;22;293
7;2025-12-14;23;184
7;2025-12-15;0;60
7;2025-12-15;1;12
7;2025-12-15;2;0
7;2025-12-15;3;0
7;2025-12-15;4;2
7;2025-12-15;5;181
7;2025-12-15;6;695
7;2025-12-15;7;1543
7;2025-12-15;8;2224
7;2025-12-15;9;1709
7;2025-12-15;10;1446
7;2025-12-15;11;1368
7;2025-12-15;12;1414
7;2025-12-15;13;1435
7;2025-12-15;14;1463
7;2025-12-15;15;1564
7;2025-12-15;16;1696
7;2025-12-15;17;2082
7;2025-12-15;18;2218
7;2025-12-15;19;1612
7;2025-12-15;20;1034
7;2025-12-15;21;612
7;2025-12-15;22;313
7;2025-12-15;23;170
7;2025-12-16;0;60
7;2025-12-16;1;12
7;2025-12-16;2;0
7;2025-12-16;3;0
7;2025-12-16;4;4
7;2025-12-16;5;190
7;2025-12-16;6;718
7;2025-12-16;7;1583
7;2025-12-16;8;2282
7;2025-12-16;9;1761
7;2025-12-16;10;1488
7;2025-12-16;11;1408
7;2025-12-16;12;1452
7;2025-12-16;13;1472
7;2025-12-16;14;1501
7;2025-12-16;15;1603
7;2025-12-16;16;1737
7;2025-12-16;17;2134
7;2025-12-16;18;2284
7;2025-12-16;19;1650
7;2025-12-16;20;1068
7;2025-12-16;21;637
7;2025-12-16;22;332
7;2025-12-16;23;186
7;2025-12-17;0;60
7;2025-12-17;1;12
7;2025-12-17;2;0
7;2025-12-17;3;0
7;2025-12-17;4;4
7;2025-12-17;5;194
7;2025-12-17;6;723
7;2025-12-17;7;1594
7;2025-12-17;8;2289
7;2025-12-17;9;1763
7;2025-12-17;10;1494
7;2025-12-17;11;1414
7;2025-12-17;12;1458
7;2025-12-17;13;1480
7;2025-12-17;14;1510
7;2025-12-17;15;1613
7;2025-12-17;16;1750
7;2025-12-17;17;2146
7;2025-12-17;18;2292
7;2025-12-17;19;1661
7;2025-12-17;20;1080
7;2025-12-17;21;645
7;2025-12-17;22;339
7;2025-12-17;23;192
7;2025-12-18;0;62
7;2025-12-18;1;12
7;2025-12-18;2;0
7;2025-12-18;3;0
7;2025-12-18;4;4
7;2025-12-18;5;192
7;2025-12-18;6;722
7;2025-12-18;7;1586
7;2025-12-18;8;2282
7;2025-12-18;9;1760
7;2025-12-18;10;1493
7;2025-12-18;11;1415
7;2025-12-18;12;1462
7;2025-12-18;13;1484
7;2025-12-18;14;1516
7;2025-12-18;15;1620
7;2025-12-18;16;1756
7;2025-12-18;17;2142
7;2025-12-18;18;2288
7;2025-12-18;19;1653
7;2025-12-18;20;1070
7;2025-12-18;21;638
7;2025-12-18;22;332
7;2025-12-18;23;186
7;2025-12-19;0;61
7;2025-12-19;1;12
7;2025-12-19;2;0
7;2025-12-19;3;0
7;2025-12-19;4;4
7;2025-12-19;5;186
7;2025-12-19;6;704
7;2025-12-19;7;1558
7;2025-12-19;8;2247
7;2025-12-19;9;1738
7;2025-12-19;10;1482
7;2025-12-19;11;1409
7;2025-12-19;12;1458
7;2025-12-19;13;1507
7;2025-12-19;14;1544
7;2025-12-19;15;1641
7;2025-12-19;16;1772
7;2025-12-19;17;2099
7;2025-12-19;18;2149
7;2025-12-19;19;1546
7;2025-12-19;20;1018
7;2025-12-19;21;620
7;2025-12-19;22;326
7;2025-12-19;23;188
7;2025-12-20;0;92
7;2025-12-20;1;21
7;2025-12-20;2;0
7;2025-12-20;3;0
7;2025-12-20;4;0
7;2025-12-20;5;57
7;2025-12-20;6;272
7;2025-12-20;7;444
7;2025-12-20;8;650
7;2025-12-20;9;752
7;2025-12-20;10;853
7;2025-12-20;11;982
7;2025-12-20;12;1067
7;2025-12-20;13;1113
7;2025-12-20;14;1140
7;2025-12-20;15;1107
7;2025-12-20;16;1058
7;2025-12-20;17;1028
7;2025-12-20;18;979
7;2025-12-20;19;872
7;2025-12-20;20;672
7;2025-12-20;21;520
7;2025-12-20;22;318
7;2025-12-20;23;204
7;2025-12-21;0;93
7;2025-12-21;1;21
7;2025-12-21;2;0
7;2025-12-21;3;0
7;2025-12-21;4;0
7;2025-12-21;5;42
7;2025-12-21;6;210
7;2025-12-21;7;346
7;2025-12-21;8;518
7;2025-12-21;9;614
7;2025-12-21;10;714
7;2025-12-21;11;828
7;2025-12-21;12;912
7;2025-12-21;13;957
7;2025-12-21;14;984
7;2025-12-21;15;963
7;2025-12-21;16;938
7;2025-12-21;17;907
7;2025-12-21;18;868
7;2025-12-21;19;772
7;2025-12-21;20;600
7;2025-12-21;21;474
7;2025-12-21;22;293
7;2025-12-21;23;184
7;2025-12-22;0;60
7;2025-12-22;1;12
7;2025-12-22;2;0
7;2025-12-22;3;0
7;2025-12-22;4;2
7;2025-12-22;5;181
7;2025-12-22;6;695
7;2025-12-22;7;1543
7;2025-12-22;8;2224
7;2025-12-22;9;1709
7;2025-12-22;10;1446
7;2025-12-22;11;1368
7;2025-12-22;12;1414
7;2025-12-22;13;1435
7;2025-12-22;14;1463
7;2025-12-22;15;1564
7;2025-12-22;16;1696
7;2025-12-22;17;2082
7;2025-12-22;18;2218
7;2025-12-22;19;1612
7;2025-12-22;20;1034
7;2025-12-22;21;612
7;2025-12-22;22;313
7;2025-12-22;23;170
7;2025-12-23;0;60
7;2025-12-23;1;12
7;2025-12-23;2;0
7;2025-12-23;3;0
7;2025-12-23;4;4
7;2025-12-23;5;190
7;2025-12-23;6;718
7;2025-12-23;7;1583
7;2025-12-23;8;2282
7;2025-12-23;9;1761
7;2025-12-23;10;1488
7;2025-12-23;11;1408
7;2025-12-23;12;1452
7;2025-12-23;13;1472
7;2025-12-23;14;1501
7;2025-12-23;15;1603
7;2025-12-23;16;1737
7;2025-12-23;17;2134
7;2025-12-23;18;2284
7;2025-12-23;19;1650
7;2025-12-23;20;1068
7;2025-12-23;21;637
7;2025-12-23;22;332
7;2025-12-23;23;186
7;2025-12-24;0;60
7;2025-12-24;1;12
7;2025-12-24;2;0
7;2025-12-24;3;0
7;2025-12-24;4;4
7;2025-12-24;5;194
7;2025-12-24;6;723
7;2025-12-24;7;1594
7;2025-12-24;8;2289
7;2025-12-24;9;1763
7;2025-12-24;10;1494
7;2025-12-24;11;1414
7;2025-12-24;12;1458
7;2025-12-24;13;1480
7;2025-12-24;14;1510
7;2025-12-24;15;1613
7;2025-12-24;16;1750
7;2025-12-24;17;2146
7;2025-12-24;18;2292
7;2025-12-24;19;1661
7;2025-12-24;20;1080
7;2025-12-24;21;645
7;2025-12-24;22;339
7;2025-12-24;23;192
7;2025-12-25;0;62
7;2025-12-25;1;12
7;2025-12-25;2;0
7;2025-12-25;3;0
7;2025-12-25;4;4
7;2025-12-25;5;192
7;2025-12-25;6;722
7;2025-12-25;7;1586
7;2025-12-25;8;2282
7;2025-12-25;9;1760
7;2025-12-25;10;1493
7;2025-12-25;11;1415
7;2025-12-25;12;1462
7;2025-12-25;13;1484
7;2025-12-25;14;1516
7;2025-12-25;15;1620
7;2025-12-25;16;1756
7;2025-12-25;17;2142
7;2025-12-25;18;2288
7;2025-12-25;19;1653
7;2025-12-25;20;1070
7;2025-12-25;21;638
7;2025-12-25;22;332
7;2025-12-25;23;186
7;2025-12-26;0;61
7;2025-12-26;1;12
7;2025-12-26;2;0
7;2025-12-26;3;0
7;2025-12-26;4;4
7;2025-12-26;5;186
7;2025-12-26;6;704
7;2025-12-26;7;1558
7;2025-12-26;8;2247
7;2025-12-26;9;1738
7;2025-12-26;10;1482
7;2025-12-26;11;1409
7;2025-12-26;12;1458
7;2025-12-26;13;1507
7;2025-12-26;14;1544
7;2025-12-26;15;1641
7;2025-12-26;16;1772
7;2025-12-26;17;2099
7;2025-12-26;18;2149
7;2025-12-26;19;1546
7;2025-12-26;20;1018
7;2025-12-26;21;620
7;2025-12-26;22;326
7;2025-12-26;23;188
7;2025-12-27;0;92
7;2025-12-27;1;21
7;2025-12-27;2;0
7;2025-12-27;3;0
7;2025-12-27;4;0
7;2025-12-27;5;57
7;2025-12-27;6;272
7;2025-12-27;7;444
7;2025-12-27;8;650
7;2025-12-27;9;752
7;2025-12-27;10;853
7;2025-12-27;11;982
7;2025-12-27;12;1067
7;2025-12-27;13;1113
7;2025-12-27;14;1140
7;2025-12-27;15;1107
7;2025-12-27;16;1058
7;2025-12-27;17;1028
7;2025-12-27;18;979
7;2025-12-27;19;872
7;2025-12-27;20;672
7;2025-12-27;21;520
7;2025-12-27;22;318
7;2025-12-27;23;204
7;2025-12-28;0;93
7;2025-12-28;1;21
7;2025-12-28;2;0
7;2025-12-28;3;0
7;2025-12-28;4;0
7;2025-12-28;5;42
7;2025-12-28;6;210
7;2025-12-28;7;346
7;2025-12-28;8;518
7;2025-12-28;9;614
7;2025-12-28;10;714
7;2025-12-28;11;828
7;2025-12-28;12;912
7;2025-12-28;13;957
7;2025-12-28;14;984
7;2025-12-28;15;963
7;2025-12-28;16;938
7;2025-12-28;17;907
7;2025-12-28;18;868
7;2025-12-28;19;772
7;2025-12-28;20;600
7;2025-12-28;21;474
7;2025-12-28;22;293
7;2025-12-28;23;184
7;2025-12-29;0;60
7;2025-12-29;1;12
7;2025-12-29;2;0
7;2025-12-29;3;0
7;2025-12-29;4;2
7;2025-12-29;5;181
7;2025-12-29;6;695
7;2025-12-29;7;1543
7;2025-12-29;8;2224
7;2025-12-29;9;1709
7;2025-12-29;10;1446
7;2025-12-29;11;1368
7;2025-12-29;12;1414
7;2025-12-29;13;1435
7;2025-12-29;14;1463
7;2025-12-29;15;1564
7;2025-12-29;16;1696
7;2025-12-29;17;2082
7;2025-12-29;18;2218
7;2025-12-29;19;1612
7;2025-12-29;20;1034
7;2025-12-29;21;612
7;2025-12-29;22;313
7;2025-12-29;23;170
7;2025-12-30;0;60
7;2025-12-30;1;12
7;2025-12-30;2;0
7;2025-12-30;3;0
7;2025-12-30;4;4
7;2025-12-30;5;190
7;2025-12-30;6;718
7;2025-12-30;7;1583
7;2025-12-30;8;2282
7;2025-12-30;9;1761
7;2025-12-30;10;1488
7;2025-12-30;11;1408
7;2025-12-30;12;1452
7;2025-12-30;13;1472
7;2025-12-30;14;1501
7;2025-12-30;15;1603
7;2025-12-30;16;1737
7;2025-12-30;17;2134
7;2025-12-30;18;2284
7;2025-12-30;19;1650
7;2025-12-30;20;1068
7;2025-12-30;21;637
7;2025-12-30;22;332
7;2025-12-30;23;186
7;2025-12-31;0;92
7;2025-12-31;1;20
7;2025-12-31;2;0
7;2025-12-31;3;0
7;2025-12-31;4;0
7;2025-12-31;5;56
7;2025-12-31;6;245
7;2025-12-31;7;398
7;2025-12-31;8;632
7;2025-12-31;9;676
7;2025-12-31;10;760
7;2025-12-31;11;866
7;2025-12-31;12;938
7;2025-12-31;13;976
7;2025-12-31;14;1000
7;2025-12-31;15;978
7;2025-12-31;16;951
7;2025-12-31;17;942
7;2025-12-31;18;911
7;2025-12-31;19;812
7;2025-12-31;20;623
7;2025-12-31;21;496
7;2025-12-31;22;300
7;2025-12-31;23;184
11;2025-11-01;0;75
11;2025-11-01;1;2
11;2025-11-01;2;0
11;2025-11-01;3;0
11;2025-11-01;4;1
11;2025-11-01;5;380
11;2025-11-01;6;1654
11;2025-11-01;7;2926
11;2025-11-01;8;3736
11;2025-11-01;9;3048
11;2025-11-01;10;2460
11;2025-11-01;11;2413
11;2025-11-01;12;2428
11;2025-11-01;13;2504
11;2025-11-01;14;2478
11;2025-11-01;15;2562
11;2025-11-01;16;2757
11;2025-11-01;17;3285
11;2025-11-01;18;3407
11;2025-11-01;19;2612
11;2025-11-01;20;1752
11;2025-11-01;21;1034
11;2025-11-01;22;535
11;2025-11-01;23;302
11;2025-11-02;0;101
11;2025-11-02;1;10
11;2025-11-02;2;0
11;2025-11-02;3;0
11;2025-11-02;4;2
11;2025-11-02;5;152
11;2025-11-02;6;578
11;2025-11-02;7;696
11;2025-11-02;8;843
11;2025-11-02;9;1001
11;2025-11-02;10;1192
11;2025-11-02;11;1446
11;2025-11-02;12;1554
11;2025-11-02;13;1555
11;2025-11-02;14;1578
11;2025-11-02;15;1612
11;2025-11-02;16;1622
11;2025-11-02;17;1621
11;2025-11-02;18;1475
11;2025-11-02;19;1312
11;2025-11-02;20;1038
11;2025-11-02;21;723
11;2025-11-02;22;427
11;2025-11-02;23;272
11;2025-11-03;0;94
11;2025-11-03;1;8
11;2025-11-03;2;0
11;2025-11-03;3;1
11;2025-11-03;4;2
11;2025-11-03;5;168
11;2025-11-03;6;589
11;2025-11-03;7;714
11;2025-11-03;8;902
11;2025-11-03;9;984
11;2025-11-03;10;1140
11;2025-11-03;11;1355
11;2025-11-03;12;1448
11;2025-11-03;13;1463
11;2025-11-03;14;1488
11;2025-11-03;15;1529
11;2025-11-03;16;1554
11;2025-11-03;17;1601
11;2025-11-03;18;1489
11;2025-11-03;19;1331
11;2025-11-03;20;1048
11;2025-11-03;21;730
11;2025-11-03;22;430
11;2025-11-03;23;276
11;2025-11-04;0;84
11;2025-11-04;1;14
11;2025-11-04;2;4
11;2025-11-04;3;2
11;2025-11-04;4;2
11;2025-11-04;5;145
11;2025-11-04;6;516
11;2025-11-04;7;630
11;2025-11-04;8;782
11;2025-11-04;9;856
11;2025-11-04;10;1001
11;2025-11-04;11;1220
11;2025-11-04;12;1360
11;2025-11-04;13;1397
11;2025-11-04;14;1449
11;2025-11-04;15;1502
11;2025-11-04;16;1467
11;2025-11-04;17;1503
11;2025-11-04;18;1409
11;2025-11-04;19;1238
11;2025-11-04;20;980
11;2025-11-04;21;714
11;2025-11-04;22;407
11;2025-11-04;23;266
11;2025-11-05;0;68
11;2025-11-05;1;2
11;2025-11-05;2;0
11;2025-11-05;3;0
11;2025-11-05;4;1
11;2025-11-05;5;312
11;2025-11-05;6;1361
11;2025-11-05;7;2430
11;2025-11-05;8;3098
11;2025-11-05;9;2446
11;2025-11-05;10;1958
11;2025-11-05;11;1909
11;2025-11-05;12;1932
11;2025-11-05;13;2004
11;2025-11-05;14;2010
11;2025-11-05;15;2114
11;2025-11-05;16;2324
11;2025-11-05;17;2856
11;2025-11-05;18;3014
11;2025-11-05;19;2336
11;2025-11-05;20;1586
11;2025-11-05;21;937
11;2025-11-05;22;472
11;2025-11-05;23;252
11;2025-11-06;0;68
11;2025-11-06;1;2
11;2025-11-06;2;0
11;2025-11-06;3;0
11;2025-11-06;4;1
11;2025-11-06;5;314
11;2025-11-06;6;1367
11;2025-11-06;7;2442
11;2025-11-06;8;3121
11;2025-11-06;9;2472
11;2025-11-06;10;1984
11;2025-11-06;11;1938
11;2025-11-06;12;1964
11;2025-11-06;13;2039
11;2025-11-06;14;2044
11;2025-11-06;15;2148
11;2025-11-06;16;2360
11;2025-11-06;17;2873
11;2025-11-06;18;3031
11;2025-11-06;19;2342
11;2025-11-06;20;1583
11;2025-11-06;21;940
11;2025-11-06;22;472
11;2025-11-06;23;254
11;2025-11-07;0;68
11;2025-11-07;1;2
11;2025-11-07;2;0
11;2025-11-07;3;0
11;2025-11-07;4;1
11;2025-11-07;5;308
11;2025-11-07;6;1346
11;2025-11-07;7;2416
11;2025-11-07;8;3084
11;2025-11-07;9;2438
11;2025-11-07;10;1956
11;2025-11-07;11;1914
11;2025-11-07;12;1939
11;2025-11-07;13;2036
11;2025-11-07;14;2046
11;2025-11-07;15;2146
11;2025-11-07;16;2354
11;2025-11-07;17;2806
11;2025-11-07;18;2869
11;2025-11-07;19;2227
11;2025-11-07;20;1536
11;2025-11-07;21;938
11;2025-11-07;22;480
11;2025-11-07;23;268
11;2025-11-08;0;100
11;2025-11-08;1;8
11;2025-11-08;2;0
11;2025-11-08;3;0
11;2025-11-08;4;2
11;2025-11-08;5;205
11;2025-11-08;6;720
11;2025-11-08;7;856
11;2025-11-08;8;1034
11;2025-11-08;9;1212
11;2025-11-08;10;1395
11;2025-11-08;11;1674
11;2025-11-08;12;1784
11;2025-11-08;13;1766
11;2025-11-08;14;1782
11;2025-11-08;15;1806
11;2025-11-08;16;1796
11;2025-11-08;17;1802
11;2025-11-08;18;1638
11;2025-11-08;19;1452
11;2025-11-08;20;1152
11;2025-11-08;21;794
11;2025-11-08;22;475
11;2025-11-08;23;314
11;2025-11-09;0;101
11;2025-11-09;1;10
11;2025-11-09;2;0
11;2025-11-09;3;0
11;2025-11-09;4;2
11;2025-11-09;5;152
11;2025-11-09;6;578
11;2025-11-09;7;696
11;2025-11-09;8;843
11;2025-11-09;9;1001
11;2025-11-09;10;1192
11;2025-11-09;11;1446
11;2025-11-09;12;1554
11;2025-11-09;13;1555
11;2025-11-09;14;1578
11;2025-11-09;15;1612
11;2025-11-09;16;1622
11;2025-11-09;17;1621
11;2025-11-09;18;1475
11;2025-11-09;19;1312
11;2025-11-09;20;1038
11;2025-11-09;21;723
11;2025-11-09;22;427
11;2025-11-09;23;272
11;2025-11-10;0;67
11;2025-11-10;1;3
11;2025-11-10;2;0
11;2025-11-10;3;0
11;2025-11-10;4;1
11;2025-11-10;5;299
11;2025-11-10;6;1318
11;2025-11-10;7;2368
11;2025-11-10;8;3028
11;2025-11-10;9;2393
11;2025-11-10;10;1915
11;2025-11-10;11;1870
11;2025-11-10;12;1896
11;2025-11-10;13;1971
11;2025-11-10;14;1976
11;2025-11-10;15;2081
11;2025-11-10;16;2292
11;2025-11-10;17;2809
11;2025-11-10;18;2966
11;2025-11-10;19;2308
11;2025-11-10;20;1555
11;2025-11-10;21;918
11;2025-11-10;22;458
11;2025-11-10;23;240
11;2025-11-11;0;68
11;2025-11-11;1;2
11;2025-11-11;2;0
11;2025-11-11;3;0
11;2025-11-11;4;1
11;2025-11-11;5;312
11;2025-11-11;6;1363
11;2025-11-11;7;2434
11;2025-11-11;8;3107
11;2025-11-11;9;2454
11;2025-11-11;10;1958
11;2025-11-11;11;1908
11;2025-11-11;12;1928
11;2025-11-11;13;1999
11;2025-11-11;14;2002
11;2025-11-11;15;2107
11;2025-11-11;16;2316
11;2025-11-11;17;2842
11;2025-11-11;18;3012
11;2025-11-11;19;2328
11;2025-11-11;20;1576
11;2025-11-11;21;936
11;2025-11-11;22;472
11;2025-11-11;23;252
11;2025-11-12;0;68
11;2025-11-12;1;2
11;2025-11-12;2;0
11;2025-11-12;3;0
11;2025-11-12;4;1
11;2025-11-12;5;312
11;2025-11-12;6;1361
11;2025-11-12;7;2430
11;2025-11-12;8;3098
11;2025-11-12;9;2446
11;2025-11-12;10;1958
11;2025-11-12;11;1909
11;2025-11-12;12;1932
11;2025-11-12;13;2004
11;2025-11-12;14;2010
11;2025-11-12;15;2114
11;2025-11-12;16;2324
11;2025-11-12;17;2856
11;2025-11-12;18;3014
11;2025-11-12;19;2336
11;2025-11-12;20;1586
11;2025-11-12;21;937
11;2025-11-12;22;472
11;2025-11-12;23;252
11;2025-11-13;0;68
11;2025-11-13;1;2
11;2025-11-13;2;0
11;2025-11-13;3;0
11;2025-11-13;4;1
11;2025-11-13;5;314
11;2025-11-13;6;1367
11;2025-11-13;7;2442
11;2025-11-13;8;3121
11;2025-11-13;9;2472
11;2025-11-13;10;1984
11;2025-11-13;11;1938
11;2025-11-13;12;1964
11;2025-11-13;13;2039
11;2025-11-13;14;2044
11;2025-11-13;15;2148
11;2025-11-13;16;2360
11;2025-11-13;17;2873
11;2025-11-13;18;3031
11;2025-11-13;19;2342
11;2025-11-13;20;1583
11;2025-11-13;21;940
11;2025-11-13;22;472
11;2025-11-13;23;254
11;2025-11-14;0;68
11;2025-11-14;1;2
11;2025-11-14;2;0
11;2025-11-14;3;0
11;2025-11-14;4;1
11;2025-11-14;5;308
11;2025-11-14;6;1346
11;2025-11-14;7;2416
11;2025-11-14;8;3084
11;2025-11-14;9;2438
11;2025-11-14;10;1956
11;2025-11-14;11;1914
11;2025-11-14;12;1939
11;2025-11-14;13;2036
11;2025-11-14;14;2046
11;2025-11-14;15;2146
11;2025-11-14;16;2354
11;2025-11-14;17;2806
11;2025-11-14;18;2869
11;2025-11-14;19;2227
11;2025-11-14;20;1536
11;2025-11-14;21;938
11;2025-11-14;22;480
11;2025-11-14;23;268
11;2025-11-15;0;100
11;2025-11-15;1;8
11;2025-11-15;2;0
11;2025-11-15;3;0
11;2025-11-15;4;2
11;2025-11-15;5;205
11;2025-11-15;6;720
11;2025-11-15;7;856
11;2025-11-15;8;1034
11;2025-11-15;9;1212
11;2025-11-15;10;1395
11;2025-11-15;11;1674
11;2025-11-15;12;1784
11;2025-11-15;13;1766
11;2025-11-15;14;1782
11;2025-11-15;15;1806
11;2025-11-15;16;1796
11;2025-11-15;17;1802
11;2025-11-15;18;1638
11;2025-11-15;19;1452
11;2025-11-15;20;1152
11;2025-11-15;21;794
11;2025-11-15;22;475
11;2025-11-15;23;314
11;2025-11-16;0;101
11;2025-11-16;1;10
11;2025-11-16;2;0
11;2025-11-16;3;0
11;2025-11-16;4;2
11;2025-11-16;5;152
11;2025-11-16;6;578
11;2025-11-16;7;696
11;2025-11-16;8;843
11;2025-11-16;9;1001
11;2025-11-16;10;1192
11;2025-11-16;11;1446
11;2025-11-16;12;1554
11;2025-11-16;13;1555
11;2025-11-16;14;1578
11;2025-11-16;15;1612
11;2025-11-16;16;1622
11;2025-11-16;17;1621
11;2025-11-16;18;1475
11;2025-11-16;19;1312
11;2025-11-16;20;1038
11;2025-11-16;21;723
11;2025-11-16;22;427
11;2025-11-16;23;272
11;2025-11-17;0;67
11;2025-11-17;1;3
11;2025-11-17;2;0
11;2025-11-17;3;0
11;2025-11-17;4;1
11;2025-11-17;5;299
11;2025-11-17;6;1318
11;2025-11-17;7;2368
11;2025-11-17;8;3028
11;2025-11-17;9;2393
11;2025-11-17;10;1915
11;2025-11-17;11;1870
11;2025-11-17;12;1896
11;2025-11-17;13;1971
11;2025-11-17;14;1976
11;2025-11-17;15;2081
11;2025-11-17;16;2292
11;2025-11-17;17;2809
11;2025-11-17;18;2966
11;2025-11-17;19;2308
11;2025-11-17;20;1555
11;2025-11-17;21;918
11;2025-11-17;22;458
11;2025-11-17;23;240
11;2025-11-18;0;68
11;2025-11-18;1;2
11;2025-11-18;2;0
11;2025-11-18;3;0
11;2025-11-18;4;1
11;2025-11-18;5;312
11;2025-11-18;6;1363
11;2025-11-18;7;2434
11;2025-11-18;8;3107
11;2025-11-18;9;2454
11;2025-11-18;10;1958
11;2025-11-18;11;1908
11;2025-11-18;12;1928
11;2025-11-18;13;1999
11;2025-11-18;14;2002
11;2025-11-18;15;2107
11;2025-11-18;16;2316
11;2025-11-18;17;2842
11;2025-11-18;18;3012
11;2025-11-18;19;2328
11;2025-11-18;20;1576
11;2025-11-18;21;936
11;2025-11-18;22;472
11;2025-11-18;23;252
11;2025-11-19;0;68
11;2025-11-19;1;2
11;2025-11-19;2;0
11;2025-11-19;3;0
11;2025-11-19;4;1
11;2025-11-19;5;312
11;2025-11-19;6;1361
11;2025-11-19;7;2430
11;2025-11-19;8;3098
11;2025-11-19;9;2446
11;2025-11-19;10;1958
11;2025-11-19;11;1909
11;2025-11-19;12;1932
11;2025-11-19;13;2004
11;2025-11-19;14;2010
11;2025-11-19;15;2114
11;2025-11-19;16;2324
11;2025-11-19;17;2856
11;2025-11-19;18;3014
11;2025-11-19;19;2336
11;2025-11-19;20;1586
11;2025-11-19;21;937
11;2025-11-19;22;472
11;2025-11-19;23;252
11;2025-11-20;0;68
11;2025-11-20;1;2
11;2025-11-20;2;0
11;2025-11-20;3;0
11;2025-11-20;4;1
11;2025-11-20;5;314
11;2025-11-20;6;1367
11;2025-11-20;7;2442
11;2025-11-20;8;3121
11;2025-11-20;9;2472
11;2025-11-20;10;1984
11;2025-11-20;11;1938
11;2025-11-20;12;1964
11;2025-11-20;13;2039
11;2025-11-20;14;2044
11;2025-11-20;15;2148
11;2025-11-20;16;2360
11;2025-11-20;17;2873
11;2025-11-20;18;3031
11;2025-11-20;19;2342
11;2025-11-20;20;1583
11;2025-11-20;21;940
11;2025-11-20;22;472
11;2025-11-20;23;254
11;2025-11-21;0;68
11;2025-11-21;1;2
11;2025-11-21;2;0
11;2025-11-21;3;0
11;2025-11-21;4;1
11;2025-11-21;5;308
11;2025-11-21;6;1346
11;2025-11-21;7;2416
11;2025-11-21;8;3084
11;2025-11-21;9;2438
11;2025-11-21;10;1956
11;2025-11-21;11;1914
11;2025-11-21;12;1939
11;2025-11-21;13;2036
11;2025-11-21;14;2046
11;2025-11-21;15;2146
11;2025-11-21;16;2354
11;2025-11-21;17;2806
11;2025-11-21;18;2869
11;2025-11-21;19;2227
11;2025-11-21;20;1536
11;2025-11-21;21;938
11;2025-11-21;22;480
11;2025-11-21;23;268
11;2025-11-22;0;100
11;2025-11-22;1;8
11;2025-11-22;2;0
11;2025-11-22;3;0
11;2025-11-22;4;2
11;2025-11-22;5;205
11;2025-11-22;6;720
11;2025-11-22;7;856
11;2025-11-22;8;1034
11;2025-11-22;9;1212
11;2025-11-22;10;1395
11;2025-11-22;11;1674
11;2025-11-22;12;1784
11;2025-11-22;13;1766
11;2025-11-22;14;1782
11;2025-11-22;15;1806
11;2025-11-22;16;1796
11;2025-11-22;17;1802
11;2025-11-22;18;1638
11;2025-11-22;19;1452
11;2025-11-22;20;1152
11;2025-11-22;21;794
11;2025-11-22;22;475
11;2025-11-22;23;314
11;2025-11-23;0;101
11;2025-11-23;1;10
11;2025-11-23;2;0
11;2025-11-23;3;0
11;2025-11-23;4;2
11;2025-11-23;5;152
11;2025-11-23;6;578
11;2025-11-23;7;696
11;2025-11-23;8;843
11;2025-11-23;9;1001
11;2025-11-23;10;1192
11;2025-11-23;11;1446
11;2025-11-23;12;1554
11;2025-11-23;13;1555
11;2025-11-23;14;1578
11;2025-11-23;15;1612
11;2025-11-23;16;1622
11;2025-11-23;17;1621
11;2025-11-23;18;1475
11;2025-11-23;19;1312
11;2025-11-23;20;1038
11;2025-11-23;21;723
11;2025-11-23;22;427
11;2025-11-23;23;272
11;2025-11-24;0;67
11;2025-11-24;1;3
11;2025-11-24;2;0
11;2025-11-24;3;0
11;2025-11-24;4;1
11;2025-11-24;5;299
11;2025-11-24;6;1318
11;2025-11-24;7;2368
11;2025-11-24;8;3028
11;2025-11-24;9;2393
11;2025-11-24;10;1915
11;2025-11-24;11;1870
11;2025-11-24;12;1896
11;2025-11-24;13;1971
11;2025-11-24;14;1976
11;2025-11-24;15;2081
11;2025-11-24;16;2292
11;2025-11-24;17;2809
11;2025-11-24;18;2966
11;2025-11-24;19;2308
11;2025-11-24;20;1555
11;2025-11-24;21;918
11;2025-11-24;22;458
11;2025-11-24;23;240
11;2025-11-25;0;68
11;2025-11-25;1;2
11;2025-11-25;2;0
11;2025-11-25;3;0
11;2025-11-25;4;1
11;2025-11-25;5;312
11;2025-11-25;6;1363
11;2025-11-25;7;2434
11;2025-11-25;8;3107
11;2025-11-25;9;2454
11;2025-11-25;10;1958
11;2025-11-25;11;1908
11;2025-11-25;12;1928
11;2025-11-25;13;1999
11;2025-11-25;14;2002
11;2025-11-25;15;2107
11;2025-11-25;16;2316
11;2025-11-25;17;2842
11;2025-11-25;18;3012
11;2025-11-25;19;2328
11;2025-11-25;20;1576
11;2025-11-25;21;936
11;2025-11-25;22;472
11;2025-11-25;23;252
11;2025-11-26;0;68
11;2025-11-26;1;2
11;2025-11-26;2;0
11;2025-11-26;3;0
11;2025-11-26;4;1
11;2025-11-26;5;312
11;2025-11-26;6;1361
11;2025-11-26;7;2430
11;2025-11-26;8;3098
11;2025-11-26;9;2446
11;2025-11-26;10;1958
11;2025-11-26;11;1909
11;2025-11-26;12;1932
11;2025-11-26;13;2004
11;2025-11-26;14;2010
11;2025-11-26;15;2114
11;2025-11-26;16;2324
11;2025-11-26;17;2856
11;2025-11-26;18;3014
11;2025-11-26;19;2336
11;2025-11-26;20;1586
11;2025-11-26;21;937
11;2025-11-26;22;472
11;2025-11-26;23;252
11;2025-11-27;0;68
11;2025-11-27;1;2
11;2025-11-27;2;0
11;2025-11-27;3;0
11;2025-11-27;4;1
11;2025-11-27;5;314
11;2025-11-27;6;1367
11;2025-11-27;7;2442
11;2025-11-27;8;3121
11;2025-11-27;9;2472
11;2025-11-27;10;1984
11;2025-11-27;11;1938
11;2025-11-27;12;1964
11;2025-11-27;13;2039
11;2025-11-27;14;2044
11;2025-11-27;15;2148
11;2025-11-27;16;2360
11;2025-11-27;17;2873
11;2025-11-27;18;3031
11;2025-11-27;19;2342
11;2025-11-27;20;1583
11;2025-11-27;21;940
11;2025-11-27;22;472
11;2025-11-27;23;254
11;2025-11-28;0;68
11;2025-11-28;1;2
11;2025-11-28;2;0
11;2025-11-28;3;0
11;2025-11-28;4;1
11;2025-11-28;5;308
11;2025-11-28;6;1346
11;2025-11-28;7;2416
11;2025-11-28;8;3084
11;2025-11-28;9;2438
11;2025-11-28;10;1956
11;2025-11-28;11;1914
11;2025-11-28;12;1939
11;2025-11-28;13;2036
11;2025-11-28;14;2046
11;2025-11-28;15;2146
11;2025-11-28;16;2354
11;2025-11-28;17;2806
11;2025-11-28;18;2869
11;2025-11-28;19;2227
11;2025-11-28;20;1536
11;2025-11-28;21;938
11;2025-11-28;22;480
11;2025-11-28;23;268
11;2025-11-29;0;100
11;2025-11-29;1;8
11;2025-11-29;2;0
11;2025-11-29;3;0
11;2025-11-29;4;2
11;2025-11-29;5;205
11;2025-11-29;6;720
11;2025-11-29;7;856
11;2025-11-29;8;1034
11;2025-11-29;9;1212
11;2025-11-29;10;1395
11;2025-11-29;11;1674
11;2025-11-29;12;1784
11;2025-11-29;13;1766
11;2025-11-29;14;1782
11;2025-11-29;15;1806
11;2025-11-29;16;1796
11;2025-11-29;17;1802
11;2025-11-29;18;1638
11;2025-11-29;19;1452
11;2025-11-29;20;1152
11;2025-11-29;21;794
11;2025-11-29;22;475
11;2025-11-29;23;314
11;2025-11-30;0;101
11;2025-11-30;1;10
11;2025-11-30;2;0
11;2025-11-30;3;0
11;2025-11-30;4;2
11;2025-11-30;5;152
11;2025-11-30;6;578
11;2025-11-30;7;696
11;2025-11-30;8;843
11;2025-11-30;9;1001
11;2025-11-30;10;1192
11;2025-11-30;11;1446
11;2025-11-30;12;1554
11;2025-11-30;13;1555
11;2025-11-30;14;1578
11;2025-11-30;15;1612
11;2025-11-30;16;1622
11;2025-11-30;17;1621
11;2025-11-30;18;1475
11;2025-11-30;19;1312
11;2025-11-30;20;1038
11;2025-11-30;21;723
11;2025-11-30;22;427
11;2025-11-30;23;272
11;2025-12-01;0;68
11;2025-12-01;1;3
11;2025-12-01;2;0
11;2025-12-01;3;0
11;2025-12-01;4;1
11;2025-12-01;5;310
11;2025-12-01;6;1321
11;2025-12-01;7;2341
11;2025-12-01;8;2978
11;2025-12-01;9;2385
11;2025-12-01;10;1914
11;2025-12-01;11;1873
11;2025-12-01;12;1889
11;2025-12-01;13;1960
11;2025-12-01;14;1966
11;2025-12-01;15;2066
11;2025-12-01;16;2277
11;2025-12-01;17;2800
11;2025-12-01;18;2960
11;2025-12-01;19;2322
11;2025-12-01;20;1573
11;2025-12-01;21;930
11;2025-12-01;22;474
11;2025-12-01;23;248
11;2025-12-02;0;69
11;2025-12-02;1;3
11;2025-12-02;2;0
11;2025-12-02;3;0
11;2025-12-02;4;2
11;2025-12-02;5;324
11;2025-12-02;6;1366
11;2025-12-02;7;2406
11;2025-12-02;8;3058
11;2025-12-02;9;2446
11;2025-12-02;10;1957
11;2025-12-02;11;1912
11;2025-12-02;12;1923
11;2025-12-02;13;1990
11;2025-12-02;14;1994
11;2025-12-02;15;2092
11;2025-12-02;16;2302
11;2025-12-02;17;2832
11;2025-12-02;18;3004
11;2025-12-02;19;2341
11;2025-12-02;20;1593
11;2025-12-02;21;948
11;2025-12-02;22;488
11;2025-12-02;23;260
11;2025-12-03;0;70
11;2025-12-03;1;3
11;2025-12-03;2;0
11;2025-12-03;3;0
11;2025-12-03;4;2
11;2025-12-03;5;324
11;2025-12-03;6;1364
11;2025-12-03;7;2402
11;2025-12-03;8;3047
11;2025-12-03;9;2438
11;2025-12-03;10;1956
11;2025-12-03;11;1912
11;2025-12-03;12;1926
11;2025-12-03;13;1994
11;2025-12-03;14;2000
11;2025-12-03;15;2099
11;2025-12-03;16;2310
11;2025-12-03;17;2840
11;2025-12-03;18;3002
11;2025-12-03;19;2346
11;2025-12-03;20;1600
11;2025-12-03;21;948
11;2025-12-03;22;489
11;2025-12-03;23;260
11;2025-12-04;0;70
11;2025-12-04;1;3
11;2025-12-04;2;0
11;2025-12-04;3;0
11;2025-12-04;4;3
11;2025-12-04;5;326
11;2025-12-04;6;1370
11;2025-12-04;7;2416
11;2025-12-04;8;3071
11;2025-12-04;9;2464
11;2025-12-04;10;1983
11;2025-12-04;11;1942
11;2025-12-04;12;1958
11;2025-12-04;13;2028
11;2025-12-04;14;2034
11;2025-12-04;15;2134
11;2025-12-04;16;2346
11;2025-12-04;17;2865
11;2025-12-04;18;3027
11;2025-12-04;19;2356
11;2025-12-04;20;1602
11;2025-12-04;21;952
11;2025-12-04;22;490
11;2025-12-04;23;262
11;2025-12-05;0;70
11;2025-12-05;1;4
11;2025-12-05;2;0
11;2025-12-05;3;0
11;2025-12-05;4;2
11;2025-12-05;5;320
11;2025-12-05;6;1350
11;2025-12-05;7;2386
11;2025-12-05;8;3031
11;2025-12-05;9;2433
11;2025-12-05;10;1958
11;2025-12-05;11;1919
11;2025-12-05;12;1935
11;2025-12-05;13;2030
11;2025-12-05;14;2040
11;2025-12-05;15;2136
11;2025-12-05;16;2344
11;2025-12-05;17;2802
11;2025-12-05;18;2872
11;2025-12-05;19;2250
11;2025-12-05;20;1560
11;2025-12-05;21;952
11;2025-12-05;22;500
11;2025-12-05;23;278
11;2025-12-06;0;100
11;2025-12-06;1;9
11;2025-12-06;2;0
11;2025-12-06;3;0
11;2025-12-06;4;2
11;2025-12-06;5;207
11;2025-12-06;6;691
11;2025-12-06;7;806
11;2025-12-06;8;974
11;2025-12-06;9;1156
11;2025-12-06;10;1334
11;2025-12-06;11;1613
11;2025-12-06;12;1726
11;2025-12-06;13;1711
11;2025-12-06;14;1727
11;2025-12-06;15;1747
11;2025-12-06;16;1734
11;2025-12-06;17;1757
11;2025-12-06;18;1596
11;2025-12-06;19;1426
11;2025-12-06;20;1131
11;2025-12-06;21;790
11;2025-12-06;22;474
11;2025-12-06;23;306
11;2025-12-07;0;100
11;2025-12-07;1;9
11;2025-12-07;2;0
11;2025-12-07;3;0
11;2025-12-07;4;2
11;2025-12-07;5;158
11;2025-12-07;6;556
11;2025-12-07;7;656
11;2025-12-07;8;792
11;2025-12-07;9;963
11;2025-12-07;10;1154
11;2025-12-07;11;1404
11;2025-12-07;12;1520
11;2025-12-07;13;1523
11;2025-12-07;14;1546
11;2025-12-07;15;1574
11;2025-12-07;16;1583
11;2025-12-07;17;1599
11;2025-12-07;18;1455
11;2025-12-07;19;1294
11;2025-12-07;20;1024
11;2025-12-07;21;720
11;2025-12-07;22;427
11;2025-12-07;23;266
11;2025-12-08;0;68
11;2025-12-08;1;3
11;2025-12-08;2;0
11;2025-12-08;3;0
11;2025-12-08;4;1
11;2025-12-08;5;310
11;2025-12-08;6;1321
11;2025-12-08;7;2341
11;2025-12-08;8;2978
11;2025-12-08;9;2385
11;2025-12-08;10;1914
11;2025-12-08;11;1873
11;2025-12-08;12;1889
11;2025-12-08;13;1960
11;2025-12-08;14;1966
11;2025-12-08;15;2066
11;2025-12-08;16;2277
11;2025-12-08;17;2800
11;2025-12-08;18;2960
11;2025-12-08;19;2322
11;2025-12-08;20;1573
11;2025-12-08;21;930
11;2025-12-08;22;474
11;2025-12-08;23;248
11;2025-12-09;0;69
11;2025-12-09;1;3
11;2025-12-09;2;0
11;2025-12-09;3;0
11;2025-12-09;4;2
11;2025-12-09;5;324
11;2025-12-09;6;1366
11;2025-12-09;7;2406
11;2025-12-09;8;3058
11;2025-12-09;9;2446
11;2025-12-09;10;1957
11;2025-12-09;11;1912
11;2025-12-09;12;1923
11;2025-12-09;13;1990
11;2025-12-09;14;1994
11;2025-12-09;15;2092
11;2025-12-09;16;2302
11;2025-12-09;17;2832
11;2025-12-09;18;3004
11;2025-12-09;19;2341
11;2025-12-09;20;1593
11;2025-12-09;21;948
11;2025-12-09;22;488
11;2025-12-09;23;260
11;2025-12-10;0;70
11;2025-12-10;1;3
11;2025-12-10;2;0
11;2025-12-10;3;0
11;2025-12-10;4;2
11;2025-12-10;5;324
11;2025-12-10;6;1364
11;2025-12-10;7;2402
11;2025-12-10;8;3047
11;2025-12-10;9;2438
11;2025-12-10;10;1956
11;2025-12-10;11;1912
11;2025-12-10;12;1926
11;2025-12-10;13;1994
11;2025-12-10;14;2000
11;2025-12-10;15;2099
11;2025-12-10;16;2310
11;2025-12-10;17;2840
11;2025-12-10;18;3002
11;2025-12-10;19;2346
11;2025-12-10;20;1600
11;2025-12-10;21;948
11;2025-12-10;22;489
11;2025-12-10;23;260
11;2025-12-11;0;70
11;2025-12-11;1;3
11;2025-12-11;2;0
11;2025-12-11;3;0
11;2025-12-11;4;3
11;2025-12-11;5;326
11;2025-12-11;6;1370
11;2025-12-11;7;2416
11;2025-12-11;8;3071
11;2025-12-11;9;2464
11;2025-12-11;10;1983
11;2025-12-11;11;1942
11;2025-12-11;12;1958
11;2025-12-11;13;2028
11;2025-12-11;14;2034
11;2025-12-11;15;2134
11;2025-12-11;16;2346
11;2025-12-11;17;2865
11;2025-12-11;18;3027
11;2025-12-11;19;2356
11;2025-12-11;20;1602
11;2025-12-11;21;952
11;2025-12-11;22;490
11;2025-12-11;23;262
11;2025-12-12;0;70
11;2025-12-12;1;4
11;2025-12-12;2;0
11;2025-12-12;3;0
11;2025-12-12;4;2
11;2025-12-12;5;320
11;2025-12-12;6;1350
11;2025-12-12;7;2386
11;2025-12-12;8;3031
11;2025-12-12;9;2433
11;2025-12-12;10;1958
11;2025-12-12;11;1919
11;2025-12-12;12;1935
11;2025-12-12;13;2030
11;2025-12-12;14;2040
11;2025-12-12;15;2136
11;2025-12-12;16;2344
11;2025-12-12;17;2802
11;2025-12-12;18;2872
11;2025-12-12;19;2250
11;2025-12-12;20;1560
11;2025-12-12;21;952
11;2025-12-12;22;500
11;2025-12-12;23;278
11;2025-12-13;0;100
11;2025-12-13;1;9
11;2025-12-13;2;0
11;2025-12-13;3;0
11;2025-12-13;4;2
11;2025-12-13;5;207
11;2025-12-13;6;691
11;2025-12-13;7;806
11;2025-12-13;8;974
11;2025-12-13;9;1156
11;2025-12-13;10;1334
11;2025-12-13;11;1613
11;2025-12-13;12;1726
11;2025-12-13;13;1711
11;2025-12-13;14;1727
11;2025-12-13;15;1747
11;2025-12-13;16;1734
11;2025-12-13;17;1757
11;2025-12-13;18;1596
11;2025-12-13;19;1426
11;2025-12-13;20;1131
11;2025-12-13;21;790
11;2025-12-13;22;474
11;2025-12-13;23;306
11;2025-12-14;0;100
11;2025-12-14;1;9
11;2025-12-14;2;0
11;2025-12-14;3;0
11;2025-12-14;4;2
11;2025-12-14;5;158
11;2025-12-14;6;556
11;2025-12-14;7;656
11;2025-12-14;8;792
11;2025-12-14;9;963
11;2025-12-14;10;1154
11;2025-12-14;11;1404
11;2025-12-14;12;1520
11;2025-12-14;13;1523
11;2025-12-14;14;1546
11;2025-12-14;15;1574
11;2025-12-14;16;1583
11;2025-12-14;17;1599
11;2025-12-14;18;1455
11;2025-12-14;19;1294
11;2025-12-14;20;1024
11;2025-12-14;21;720
11;2025-12-14;22;427
11;2025-12-14;23;266
11;2025-12-15;0;68
11;2025-12-15;1;3
11;2025-12-15;2;0
11;2025-12-15;3;0
11;2025-12-15;4;1
11;2025-12-15;5;310
11;2025-12-15;6;1321
11;2025-12-15;7;2341
11;2025-12-15;8;2978
11;2025-12-15;9;2385
11;2025-12-15;10;1914
11;2025-12-15;11;1873
11;2025-12-15;12;1889
11;2025-12-15;13;1960
11;2025-12-15;14;1966
11;2025-12-15;15;2066
11;2025-12-15;16;2277
11;2025-12-15;17;2800
11;2025-12-15;18;2960
11;2025-12-15;19;2322
11;2025-12-15;20;1573
11;2025-12-15;21;930
11;2025-12-15;22;474
11;2025-12-15;23;248
11;2025-12-16;0;69
11;2025-12-16;1;3
11;2025-12-16;2;0
11;2025-12-16;3;0
11;2025-12-16;4;2
11;2025-12-16;5;324
11;2025-12-16;6;1366
11;2025-12-16;7;2406
11;2025-12-16;8;3058
11;2025-12-16;9;2446
11;2025-12-16;10;1957
11;2025-12-16;11;1912
11;2025-12-16;12;1923
11;2025-12-16;13;1990
11;2025-12-16;14;1994
11;2025-12-16;15;2092
11;2025-12-16;16;2302
11;2025-12-16;17;2832
11;2025-12-16;18;3004
11;2025-12-16;19;2341
11;2025-12-16;20;1593
11;2025-12-16;21;948
11;2025-12-16;22;488
11;2025-12-16;23;260
11;2025-12-17;0;70
11;2025-12-17;1;3
11;2025-12-17;2;0
11;2025-12-17;3;0
11;2025-12-17;4;2
11;2025-12-17;5;324
11;2025-12-17;6;1364
11;2025-12-17;7;2402
11;2025-12-17;8;3047
11;2025-12-17;9;2438
11;2025-12-17;10;1956
11;2025-12-17;11;1912
11;2025-12-17;12;1926
11;2025-12-17;13;1994
11;2025-12-17;14;2000
11;2025-12-17;15;2099
11;2025-12-17;16;2310
11;2025-12-17;17;2840
11;2025-12-17;18;3002
11;2025-12-17;19;2346
11;2025-12-17;20;1600
11;2025-12-17;21;948
11;2025-12-17;22;489
11;2025-12-17;23;260
11;2025-12-18;0;70
11;2025-12-18;1;3
11;2025-12-18;2;0
11;2025-12-18;3;0
11;2025-12-18;4;3
11;2025-12-18;5;326
11;2025-12-18;6;1370
11;2025-12-18;7;2416
11;2025-12-18;8;3071
11;2025-12-18;9;2464
11;2025-12-18;10;1983
11;2025-12-18;11;1942
11;2025-12-18;12;1958
11;2025-12-18;13;2028
11;2025-12-18;14;2034
11;2025-12-18;15;2134
11;2025-12-18;16;2346
11;2025-12-18;17;2865
11;2025-12-18;18;3027
11;2025-12-18;19;2356
11;2025-12-18;20;1602
11;2025-12-18;21;952
11;2025-12-18;22;490
11;2025-12-18;23;262
11;2025-12-19;0;70
11;2025-12-19;1;4
11;2025-12-19;2;0
11;2025-12-19;3;0
11;2025-12-19;4;2
11;2025-12-19;5;320
11;2025-12-19;6;1350
11;2025-12-19;7;2386
11;2025-12-19;8;3031
11;2025-12-19;9;2433
11;2025-12-19;10;1958
11;2025-12-19;11;1919
11;2025-12-19;12;1935
11;2025-12-19;13;2030
11;2025-12-19;14;2040
11;2025-12-19;15;2136
11;2025-12-19;16;2344
11;2025-12-19;17;2802
11;2025-12-19;18;2872
11;2025-12-19;19;2250
11;2025-12-19;20;1560
11;2025-12-19;21;952
11;2025-12-19;22;500
11;2025-12-19;23;278
11;2025-12-20;0;100
11;2025-12-20;1;9
11;2025-12-20;2;0
11;2025-12-20;3;0
11;2025-12-20;4;2
11;2025-12-20;5;207
11;2025-12-20;6;691
11;2025-12-20;7;806
11;2025-12-20;8;974
11;2025-12-20;9;1156
11;2025-12-20;10;1334
11;2025-12-20;11;1613
11;2025-12-20;12;1726
11;2025-12-20;13;1711
11;2025-12-20;14;1727
11;2025-12-20;15;1747
11;2025-12-20;16;1734
11;2025-12-20;17;1757
11;2025-12-20;18;1596
11;2025-12-20;19;1426
11;2025-12-20;20;1131
11;2025-12-20;21;790
11;2025-12-20;22;474
11;2025-12-20;23;306
11;2025-12-21;0;100
11;2025-12-21;1;9
11;2025-12-21;2;0
11;2025-12-21;3;0
11;2025-12-21;4;2
11;2025-12-21;5;158
11;2025-12-21;6;556
11;2025-12-21;7;656
11;2025-12-21;8;792
11;2025-12-21;9;963
11;2025-12-21;10;1154
11;2025-12-21;11;1404
11;2025-12-21;12;1520
11;2025-12-21;13;1523
11;2025-12-21;14;1546
11;2025-12-21;15;1574
11;2025-12-21;16;1583
11;2025-12-21;17;1599
11;2025-12-21;18;1455
11;2025-12-21;19;1294
11;2025-12-21;20;1024
11;2025-12-21;21;720
11;2025-12-21;22;427
11;2025-12-21;23;266
11;2025-12-22;0;68
11;2025-12-22;1;3
11;2025-12-22;2;0
11;2025-12-22;3;0
11;2025-12-22;4;1
11;2025-12-22;5;310
11;2025-12-22;6;1321
11;2025-12-22;7;2341
11;2025-12-22;8;2978
11;2025-12-22;9;2385
11;2025-12-22;10;1914
11;2025-12-22;11;1873
11;2025-12-22;12;1889
11;2025-12-22;13;1960
11;2025-12-22;14;1966
11;2025-12-22;15;2066
11;2025-12-22;16;2277
11;2025-12-22;17;2800
11;2025-12-22;18;2960
11;2025-12-22;19;2322
11;2025-12-22;20;1573
11;2025-12-22;21;930
11;2025-12-22;22;474
11;2025-12-22;23;248
11;2025-12-23;0;69
11;2025-12-23;1;3
11;2025-12-23;2;0
11;2025-12-23;3;0
11;2025-12-23;4;2
11;2025-12-23;5;324
11;2025-12-23;6;1366
11;2025-12-23;7;2406
11;2025-12-23;8;3058
11;2025-12-23;9;2446
11;2025-12-23;10;1957
11;2025-12-23;11;1912
11;2025-12-23;12;1923
11;2025-12-23;13;1990
11;2025-12-23;14;1994
11;2025-12-23;15;2092
11;2025-12-23;16;2302
11;2025-12-23;17;2832
11;2025-12-23;18;3004
11;2025-12-23;19;2341
11;2025-12-23;20;1593
11;2025-12-23;21;948
11;2025-12-23;22;488
11;2025-12-23;23;260
11;2025-12-24;0;70
11;2025-12-24;1;3
11;2025-12-24;2;0
11;2025-12-24;3;0
11;2025-12-24;4;2
11;2025-12-24;5;324
11;2025-12-24;6;1364
11;2025-12-24;7;2402
11;2025-12-24;8;3047
11;2025-12-24;9;2438
11;2025-12-24;10;1956
11;2025-12-24;11;1912
11;2025-12-24;12;1926
11;2025-12-24;13;1994
11;2025-12-24;14;2000
11;2025-12-24;15;2099
11;2025-12-24;16;2310
11;2025-12-24;17;2840
11;2025-12-24;18;3002
11;2025-12-24;19;2346
11;2025-12-24;20;1600
11;2025-12-24;21;948
11;2025-12-24;22;489
11;2025-12-24;23;260
11;2025-12-25;0;70
11;2025-12-25;1;3
11;2025-12-25;2;0
11;2025-12-25;3;0
11;2025-12-25;4;3
11;2025-12-25;5;326
11;2025-12-25;6;1370
11;2025-12-25;7;2416
11;2025-12-25;8;3071
11;2025-12-25;9;2464
11;2025-12-25;10;1983
11;2025-12-25;11;1942
11;2025-12-25;12;1958
11;2025-12-25;13;2028
11;2025-12-25;14;2034
11;2025-12-25;15;2134
11;2025-12-25;16;2346
11;2025-12-25;17;2865
11;2025-12-25;18;3027
11;2025-12-25;19;2356
11;2025-12-25;20;1602
11;2025-12-25;21;952
11;2025-12-25;22;490
11;2025-12-25;23;262
11;2025-12-26;0;70
11;2025-12-26;1;4
11;2025-12-26;2;0
11;2025-12-26;3;0
11;2025-12-26;4;2
11;2025-12-26;5;320
11;2025-12-26;6;1350
11;2025-12-26;7;2386
11;2025-12-26;8;3031
11;2025-12-26;9;2433
11;2025-12-26;10;1958
11;2025-12-26;11;1919
11;2025-12-26;12;1935
11;2025-12-26;13;2030
11;2025-12-26;14;2040
11;2025-12-26;15;2136
11;2025-12-26;16;2344
11;2025-12-26;17;2802
11;2025-12-26;18;2872
11;2025-12-26;19;2250
11;2025-12-26;20;1560
11;2025-12-26;21;952
11;2025-12-26;22;500
11;2025-12-26;23;278
11;2025-12-27;0;100
11;2025-12-27;1;9
11;2025-12-27;2;0
11;2025-12-27;3;0
11;2025-12-27;4;2
11;2025-12-27;5;207
11;2025-12-27;6;691
11;2025-12-27;7;806
11;2025-12-27;8;974
11;2025-12-27;9;1156
11;2025-12-27;10;1334
11;2025-12-27;11;1613
11;2025-12-27;12;1726
11;2025-12-27;13;1711
11;2025-12-27;14;1727
11;2025-12-27;15;1747
11;2025-12-27;16;1734
11;2025-12-27;17;1757
11;2025-12-27;18;1596
11;2025-12-27;19;1426
11;2025-12-27;20;1131
11;2025-12-27;21;790
11;2025-12-27;22;474
11;2025-12-27;23;306
11;2025-12-28;0;100
11;2025-12-28;1;9
11;2025-12-28;2;0
11;2025-12-28;3;0
11;2025-12-28;4;2
11;2025-12-28;5;158
11;2025-12-28;6;556
11;2025-12-28;7;656
11;2025-12-28;8;792
11;2025-12-28;9;963
11;2025-12-28;10;1154
11;2025-12-28;11;1404
11;2025-12-28;12;1520
11;2025-12-28;13;1523
11;2025-12-28;14;1546
11;2025-12-28;15;1574
11;2025-12-28;16;1583
11;2025-12-28;17;1599
11;2025-12-28;18;1455
11;2025-12-28;19;1294
11;2025-12-28;20;1024
11;2025-12-28;21;720
11;2025-12-28;22;427
11;2025-12-28;23;266
11;2025-12-29;0;68
11;2025-12-29;1;3
11;2025-12-29;2;0
11;2025-12-29;3;0
11;2025-12-29;4;1
11;2025-12-29;5;310
11;2025-12-29;6;1321
11;2025-12-29;7;2341
11;2025-12-29;8;2978
11;2025-12-29;9;2385
11;2025-12-29;10;1914
11;2025-12-29;11;1873
11;2025-12-29;12;1889
11;2025-12-29;13;1960
11;2025-12-29;14;1966
11;2025-12-29;15;2066
11;2025-12-29;16;2277
11;2025-12-29;17;2800
11;2025-12-29;18;2960
11;2025-12-29;19;2322
11;2025-12-29;20;1573
11;2025-12-29;21;930
11;2025-12-29;22;474
11;2025-12-29;23;248
11;2025-12-30;0;69
11;2025-12-30;1;3
11;2025-12-30;2;0
11;2025-12-30;3;0
11;2025-12-30;4;2
11;2025-12-30;5;324
11;2025-12-30;6;1366
11;2025-12-30;7;2406
11;2025-12-30;8;3058
11;2025-12-30;9;2446
11;2025-12-30;10;1957
11;2025-12-30;11;1912
11;2025-12-30;12;1923
11;2025-12-30;13;1990
11;2025-12-30;14;1994
11;2025-12-30;15;2092
11;2025-12-30;16;2302
11;2025-12-30;17;2832
11;2025-12-30;18;3004
11;2025-12-30;19;2341
11;2025-12-30;20;1593
11;2025-12-30;21;948
11;2025-12-30;22;488
11;2025-12-30;23;260
11;2025-12-31;0;94
11;2025-12-31;1;8
11;2025-12-31;2;0
11;2025-12-31;3;0
11;2025-12-31;4;2
11;2025-12-31;5;176
11;2025-12-31;6;568
11;2025-12-31;7;664
11;2025-12-31;8;838
11;2025-12-31;9;936
11;2025-12-31;10;1088
11;2025-12-31;11;1304
11;2025-12-31;12;1400
11;2025-12-31;13;1406
11;2025-12-31;14;1431
11;2025-12-31;15;1470
11;2025-12-31;16;1492
11;2025-12-31;17;1551
11;2025-12-31;18;1439
11;2025-12-31;19;1294
11;2025-12-31;20;1024
11;2025-12-31;21;724
11;2025-12-31;22;424
11;2025-12-31;23;260
12;2025-11-01;0;64
12;2025-11-01;1;3
12;2025-11-01;2;0
12;2025-11-01;3;0
12;2025-11-01;4;8
12;2025-11-01;5;438
12;2025-11-01;6;1744
12;2025-11-01;7;3261
12;2025-11-01;8;4132
12;2025-11-01;9;3140
12;2025-11-01;10;2614
12;2025-11-01;11;2563
12;2025-11-01;12;2593
12;2025-11-01;13;2560
12;2025-11-01;14;2516
12;2025-11-01;15;2722
12;2025-11-01;16;3136
12;2025-11-01;17;3438
12;2025-11-01;18;3462
12;2025-11-01;19;2747
12;2025-11-01;20;1777
12;2025-11-01;21;1096
12;2025-11-01;22;594
12;2025-11-01;23;321
12;2025-11-02;0;82
12;2025-11-02;1;5
12;2025-11-02;2;0
12;2025-11-02;3;0
12;2025-11-02;4;2
12;2025-11-02;5;206
12;2025-11-02;6;609
12;2025-11-02;7;770
12;2025-11-02;8;838
12;2025-11-02;9;989
12;2025-11-02;10;1174
12;2025-11-02;11;1270
12;2025-11-02;12;1312
12;2025-11-02;13;1448
12;2025-11-02;14;1416
12;2025-11-02;15;1380
12;2025-11-02;16;1444
12;2025-11-02;17;1426
12;2025-11-02;18;1330
12;2025-11-02;19;1190
12;2025-11-02;20;882
12;2025-11-02;21;642
12;2025-11-02;22;404
12;2025-11-02;23;246
12;2025-11-03;0;76
12;2025-11-03;1;5
12;2025-11-03;2;0
12;2025-11-03;3;0
12;2025-11-03;4;2
12;2025-11-03;5;216
12;2025-11-03;6;634
12;2025-11-03;7;802
12;2025-11-03;8;918
12;2025-11-03;9;986
12;2025-11-03;10;1128
12;2025-11-03;11;1208
12;2025-11-03;12;1247
12;2025-11-03;13;1370
12;2025-11-03;14;1348
12;2025-11-03;15;1329
12;2025-11-03;16;1398
12;2025-11-03;17;1430
12;2025-11-03;18;1362
12;2025-11-03;19;1222
12;2025-11-03;20;907
12;2025-11-03;21;662
12;2025-11-03;22;412
12;2025-11-03;23;252
12;2025-11-04;0;68
12;2025-11-04;1;8
12;2025-11-04;2;2
12;2025-11-04;3;1
12;2025-11-04;4;1
12;2025-11-04;5;170
12;2025-11-04;6;567
12;2025-11-04;7;722
12;2025-11-04;8;834
12;2025-11-04;9;866
12;2025-11-04;10;1018
12;2025-11-04;11;1112
12;2025-11-04;12;1186
12;2025-11-04;13;1340
12;2025-11-04;14;1324
12;2025-11-04;15;1261
12;2025-11-04;16;1356
12;2025-11-04;17;1306
12;2025-11-04;18;1270
12;2025-11-04;19;1108
12;2025-11-04;20;824
12;2025-11-04;21;598
12;2025-11-04;22;374
12;2025-11-04;23;222
12;2025-11-05;0;57
12;2025-11-05;1;2
12;2025-11-05;2;0
12;2025-11-05;3;0
12;2025-11-05;4;8
12;2025-11-05;5;375
12;2025-11-05;6;1452
12;2025-11-05;7;2698
12;2025-11-05;8;3394
12;2025-11-05;9;2525
12;2025-11-05;10;2076
12;2025-11-05;11;2023
12;2025-11-05;12;2056
12;2025-11-05;13;2054
12;2025-11-05;14;2050
12;2025-11-05;15;2248
12;2025-11-05;16;2637
12;2025-11-05;17;3002
12;2025-11-05;18;3087
12;2025-11-05;19;2479
12;2025-11-05;20;1630
12;2025-11-05;21;1008
12;2025-11-05;22;540
12;2025-11-05;23;281
12;2025-11-06;0;56
12;2025-11-06;1;2
12;2025-11-06;2;0
12;2025-11-06;3;0
12;2025-11-06;4;8
12;2025-11-06;5;371
12;2025-11-06;6;1439
12;2025-11-06;7;2680
12;2025-11-06;8;3377
12;2025-11-06;9;2518
12;2025-11-06;10;2076
12;2025-11-06;11;2026
12;2025-11-06;12;2063
12;2025-11-06;13;2064
12;2025-11-06;14;2061
12;2025-11-06;15;2262
12;2025-11-06;16;2654
12;2025-11-06;17;3000
12;2025-11-06;18;3088
12;2025-11-06;19;2479
12;2025-11-06;20;1626
12;2025-11-06;21;1006
12;2025-11-06;22;538
12;2025-11-06;23;280
12;2025-11-07;0;56
12;2025-11-07;1;2
12;2025-11-07;2;0
12;2025-11-07;3;0
12;2025-11-07;4;8
12;2025-11-07;5;368
12;2025-11-07;6;1428
12;2025-11-07;7;2668
12;2025-11-07;8;3358
12;2025-11-07;9;2498
12;2025-11-07;10;2058
12;2025-11-07;11;2008
12;2025-11-07;12;2042
12;2025-11-07;13;2064
12;2025-11-07;14;2065
12;2025-11-07;15;2256
12;2025-11-07;16;2638
12;2025-11-07;17;2926
12;2025-11-07;18;2922
12;2025-11-07;19;2352
12;2025-11-07;20;1572
12;2025-11-07;21;998
12;2025-11-07;22;542
12;2025-11-07;23;292
12;2025-11-08;0;82
12;2025-11-08;1;6
12;2025-11-08;2;0
12;2025-11-08;3;0
12;2025-11-08;4;3
12;2025-11-08;5;251
12;2025-11-08;6;744
12;2025-11-08;7;940
12;2025-11-08;8;1023
12;2025-11-08;9;1174
12;2025-11-08;10;1370
12;2025-11-08;11;1467
12;2025-11-08;12;1498
12;2025-11-08;13;1642
12;2025-11-08;14;1594
12;2025-11-08;15;1540
12;2025-11-08;16;1588
12;2025-11-08;17;1576
12;2025-11-08;18;1470
12;2025-11-08;19;1308
12;2025-11-08;20;977
12;2025-11-08;21;705
12;2025-11-08;22;440
12;2025-11-08;23;272
12;2025-11-09;0;82
12;2025-11-09;1;5
12;2025-11-09;2;0
12;2025-11-09;3;0
12;2025-11-09;4;2
12;2025-11-09;5;206
12;2025-11-09;6;609
12;2025-11-09;7;770
12;2025-11-09;8;838
12;2025-11-09;9;989
12;2025-11-09;10;1174
12;2025-11-09;11;1270
12;2025-11-09;12;1312
12;2025-11-09;13;1448
12;2025-11-09;14;1416
12;2025-11-09;15;1380
12;2025-11-09;16;1444
12;2025-11-09;17;1426
12;2025-11-09;18;1330
12;2025-11-09;19;1190
12;2025-11-09;20;882
12;2025-11-09;21;642
12;2025-11-09;22;404
12;2025-11-09;23;246
12;2025-11-10;0;56
12;2025-11-10;1;2
12;2025-11-10;2;0
12;2025-11-10;3;0
12;2025-11-10;4;6
12;2025-11-10;5;357
12;2025-11-10;6;1402
12;2025-11-10;7;2626
12;2025-11-10;8;3320
12;2025-11-10;9;2476
12;2025-11-10;10;2028
12;2025-11-10;11;1978
12;2025-11-10;12;2016
12;2025-11-10;13;2014
12;2025-11-10;14;2008
12;2025-11-10;15;2201
12;2025-11-10;16;2580
12;2025-11-10;17;2930
12;2025-11-10;18;3010
12;2025-11-10;19;2424
12;2025-11-10;20;1582
12;2025-11-10;21;978
12;2025-11-10;22;520
12;2025-11-10;23;266
12;2025-11-11;0;56
12;2025-11-11;1;2
12;2025-11-11;2;0
12;2025-11-11;3;0
12;2025-11-11;4;9
12;2025-11-11;5;374
12;2025-11-11;6;1457
12;2025-11-11;7;2715
12;2025-11-11;8;3430
12;2025-11-11;9;2554
12;2025-11-11;10;2088
12;2025-11-11;11;2033
12;2025-11-11;12;2064
12;2025-11-11;13;2058
12;2025-11-11;14;2050
12;2025-11-11;15;2246
12;2025-11-11;16;2631
12;2025-11-11;17;2988
12;2025-11-11;18;3084
12;2025-11-11;19;2470
12;2025-11-11;20;1618
12;2025-11-11;21;1002
12;2025-11-11;22;535
12;2025-11-11;23;276
12;2025-11-12;0;57
12;2025-11-12;1;2
12;2025-11-12;2;0
12;2025-11-12;3;0
12;2025-11-12;4;8
12;2025-11-12;5;375
12;2025-11-12;6;1452
12;2025-11-12;7;2698
12;2025-11-12;8;3394
12;2025-11-12;9;2525
12;2025-11-12;10;2076
12;2025-11-12;11;2023
12;2025-11-12;12;2056
12;2025-11-12;13;2054
12;2025-11-12;14;2050
12;2025-11-12;15;2248
12;2025-11-12;16;2637
12;2025-11-12;17;3002
12;2025-11-12;18;3087
12;2025-11-12;19;2479
12;2025-11-12;20;1630
12;2025-11-12;21;1008
12;2025-11-12;22;540
12;2025-11-12;23;281
12;2025-11-13;0;56
12;2025-11-13;1;2
12;2025-11-13;2;0
12;2025-11-13;3;0
12;2025-11-13;4;8
12;2025-11-13;5;371
12;2025-11-13;6;1439
12;2025-11-13;7;2680
12;2025-11-13;8;3377
12;2025-11-13;9;2518
12;2025-11-13;10;2076
12;2025-11-13;11;2026
12;2025-11-13;12;2063
12;2025-11-13;13;2064
12;2025-11-13;14;2061
12;2025-11-13;15;2262
12;2025-11-13;16;2654
12;2025-11-13;17;3000
12;2025-11-13;18;3088
12;2025-11-13;19;2479
12;2025-11-13;20;1626
12;2025-11-13;21;1006
12;2025-11-13;22;538
12;2025-11-13;23;280
12;2025-11-14;0;56
12;2025-11-14;1;2
12;2025-11-14;2;0
12;2025-11-14;3;0
12;2025-11-14;4;8
12;2025-11-14;5;368
12;2025-11-14;6;1428
12;2025-11-14;7;2668
12;2025-11-14;8;3358
12;2025-11-14;9;2498
12;2025-11-14;10;2058
12;2025-11-14;11;2008
12;2025-11-14;12;2042
12;2025-11-14;13;2064
12;2025-11-14;14;2065
12;2025-11-14;15;2256
12;2025-11-14;16;2638
12;2025-11-14;17;2926
12;2025-11-14;18;2922
12;2025-11-14;19;2352
12;2025-11-14;20;1572
12;2025-11-14;21;998
12;2025-11-14;22;542
12;2025-11-14;23;292
12;2025-11-15;0;82
12;2025-11-15;1;6
12;2025-11-15;2;0
12;2025-11-15;3;0
12;2025-11-15;4;3
12;2025-11-15;5;251
12;2025-11-15;6;744
12;2025-11-15;7;940
12;2025-11-15;8;1023
12;2025-11-15;9;1174
12;2025-11-15;10;1370
12;2025-11-15;11;1467
12;2025-11-15;12;1498
12;2025-11-15;13;1642
12;2025-11-15;14;1594
12;2025-11-15;15;1540
12;2025-11-15;16;1588
12;2025-11-15;17;1576
12;2025-11-15;18;1470
12;2025-11-15;19;1308
12;2025-11-15;20;977
12;2025-11-15;21;705
12;2025-11-15;22;440
12;2025-11-15;23;272
12;2025-11-16;0;82
12;2025-11-16;1;5
12;2025-11-16;2;0
12;2025-11-16;3;0
12;2025-11-16;4;2
12;2025-11-16;5;206
12;2025-11-16;6;609
12;2025-11-16;7;770
12;2025-11-16;8;838
12;2025-11-16;9;989
12;2025-11-16;10;1174
12;2025-11-16;11;1270
12;2025-11-16;12;1312
12;2025-11-16;13;1448
12;2025-11-16;14;1416
12;2025-11-16;15;1380
12;2025-11-16;16;1444
12;2025-11-16;17;1426
12;2025-11-16;18;1330
12;2025-11-16;19;1190
12;2025-11-16;20;882
12;2025-11-16;21;642
12;2025-11-16;22;404
12;2025-11-16;23;246
12;2025-11-17;0;56
12;2025-11-17;1;2
12;2025-11-17;2;0
12;2025-11-17;3;0
12;2025-11-17;4;6
12;2025-11-17;5;357
12;2025-11-17;6;1402
12;2025-11-17;7;2626
12;2025-11-17;8;3320
12;2025-11-17;9;2476
12;2025-11-17;10;2028
12;2025-11-17;11;1978
12;2025-11-17;12;2016
12;2025-11-17;13;2014
12;2025-11-17;14;2008
12;2025-11-17;15;2201
12;2025-11-17;16;2580
12;2025-11-17;17;2930
12;2025-11-17;18;3010
12;2025-11-17;19;2424
12;2025-11-17;20;1582
12;2025-11-17;21;978
12;2025-11-17;22;520
12;2025-11-17;23;266
12;2025-11-18;0;56
12;2025-11-18;1;2
12;2025-11-18;2;0
12;2025-11-18;3;0
12;2025-11-18;4;9
12;2025-11-18;5;374
12;2025-11-18;6;1457
12;2025-11-18;7;2715
12;2025-11-18;8;3430
12;2025-11-18;9;2554
12;2025-11-18;10;2088
12;2025-11-18;11;2033
12;2025-11-18;12;2064
12;2025-11-18;13;2058
12;2025-11-18;14;2050
12;2025-11-18;15;2246
12;2025-11-18;16;2631
12;2025-11-18;17;2988
12;2025-11-18;18;3084
12;2025-11-18;19;2470
12;2025-11-18;20;1618
12;2025-11-18;21;1002
12;2025-11-18;22;535
12;2025-11-18;23;276
12;2025-11-19;0;57
12;2025-11-19;1;2
12;2025-11-19;2;0
12;2025-11-19;3;0
12;2025-11-19;4;8
12;2025-11-19;5;375
12;2025-11-19;6;1452
12;2025-11-19;7;2698
12;2025-11-19;8;3394
12;2025-11-19;9;2525
12;2025-11-19;10;2076
12;2025-11-19;11;2023
12;2025-11-19;12;2056
12;2025-11-19;13;2054
12;2025-11-19;14;2050
12;2025-11-19;15;2248
12;2025-11-19;16;2637
12;2025-11-19;17;3002
12;2025-11-19;18;3087
12;2025-11-19;19;2479
12;2025-11-19;20;1630
12;2025-11-19;21;1008
12;2025-11-19;22;540
12;2025-11-19;23;281
12;2025-11-20;0;56
12;2025-11-20;1;2
12;2025-11-20;2;0
12;2025-11-20;3;0
12;2025-11-20;4;8
12;2025-11-20;5;371
12;2025-11-20;6;1439
12;2025-11-20;7;2680
12;2025-11-20;8;3377
12;2025-11-20;9;2518
12;2025-11-20;10;2076
12;2025-11-20;11;2026
12;2025-11-20;12;2063
12;2025-11-20;13;2064
12;2025-11-20;14;2061
12;2025-11-20;15;2262
12;2025-11-20;16;2654
12;2025-11-20;17;3000
12;2025-11-20;18;3088
12;2025-11-20;19;2479
12;2025-11-20;20;1626
12;2025-11-20;21;1006
12;2025-11-20;22;538
12;2025-11-20;23;280
12;2025-11-21;0;56
12;2025-11-21;1;2
12;2025-11-21;2;0
12;2025-11-21;3;0
12;2025-11-21;4;8
12;2025-11-21;5;368
12;2025-11-21;6;1428
12;2025-11-21;7;2668
12;2025-11-21;8;3358
12;2025-11-21;9;2498
12;2025-11-21;10;2058
12;2025-11-21;11;2008
12;2025-11-21;12;2042
12;2025-11-21;13;2064
12;2025-11-21;14;2065
12;2025-11-21;15;2256
12;2025-11-21;16;2638
12;2025-11-21;17;2926
12;2025-11-21;18;2922
12;2025-11-21;19;2352
12;2025-11-21;20;1572
12;2025-11-21;21;998
12;2025-11-21;22;542
12;2025-11-21;23;292
12;2025-11-22;0;82
12;2025-11-22;1;6
12;2025-11-22;2;0
12;2025-11-22;3;0
12;2025-11-22;4;3
12;2025-11-22;5;251
12;2025-11-22;6;744
12;2025-11-22;7;940
12;2025-11-22;8;1023
12;2025-11-22;9;1174
12;2025-11-22;10;1370
12;2025-11-22;11;1467
12;2025-11-22;12;1498
12;2025-11-22;13;1642
12;2025-11-22;14;1594
12;2025-11-22;15;1540
12;2025-11-22;16;1588
12;2025-11-22;17;1576
12;2025-11-22;18;1470
12;2025-11-22;19;1308
12;2025-11-22;20;977
12;2025-11-22;21;705
12;2025-11-22;22;440
12;2025-11-22;23;272
12;2025-11-23;0;82
12;2025-11-23;1;5
12;2025-11-23;2;0
12;2025-11-23;3;0
12;2025-11-23;4;2
12;2025-11-23;5;206
12;2025-11-23;6;609
12;2025-11-23;7;770
12;2025-11-23;8;838
12;2025-11-23;9;989
12;2025-11-23;10;1174
12;2025-11-23;11;1270
12;2025-11-23;12;1312
12;2025-11-23;13;1448
12;2025-11-23;14;1416
12;2025-11-23;15;1380
12;2025-11-23;16;1444
12;2025-11-23;17;1426
12;2025-11-23;18;1330
12;2025-11-23;19;1190
12;2025-11-23;20;882
12;2025-11-23;21;642
12;2025-11-23;22;404
12;2025-11-23;23;246
12;2025-11-24;0;56
12;2025-11-24;1;2
12;2025-11-24;2;0
12;2025-11-24;3;0
12;2025-11-24;4;6
12;2025-11-24;5;357
12;2025-11-24;6;1402
12;2025-11-24;7;2626
12;2025-11-24;8;3320
12;2025-11-24;9;2476
12;2025-11-24;10;2028
12;2025-11-24;11;1978
12;2025-11-24;12;2016
12;2025-11-24;13;2014
12;2025-11-24;14;2008
12;2025-11-24;15;2201
12;2025-11-24;16;2580
12;2025-11-24;17;2930
12;2025-11-24;18;3010
12;2025-11-24;19;2424
12;2025-11-24;20;1582
12;2025-11-24;21;978
12;2025-11-24;22;520
12;2025-11-24;23;266
12;2025-11-25;0;56
12;2025-11-25;1;2
12;2025-11-25;2;0
12;2025-11-25;3;0
12;2025-11-25;4;9
12;2025-11-25;5;374
12;2025-11-25;6;1457
12;2025-11-25;7;2715
12;2025-11-25;8;3430
12;2025-11-25;9;2554
12;2025-11-25;10;2088
12;2025-11-25;11;2033
12;2025-11-25;12;2064
12;2025-11-25;13;2058
12;2025-11-25;14;2050
12;2025-11-25;15;2246
12;2025-11-25;16;2631
12;2025-11-25;17;2988
12;2025-11-25;18;3084
12;2025-11-25;19;2470
12;2025-11-25;20;1618
12;2025-11-25;21;1002
12;2025-11-25;22;535
12;2025-11-25;23;276
12;2025-11-26;0;57
12;2025-11-26;1;2
12;2025-11-26;2;0
12;2025-11-26;3;0
12;2025-11-26;4;8
12;2025-11-26;5;375
12;2025-11-26;6;1452
12;2025-11-26;7;2698
12;2025-11-26;8;3394
12;2025-11-26;9;2525
12;2025-11-26;10;2076
12;2025-11-26;11;2023
12;2025-11-26;12;2056
12;2025-11-26;13;2054
12;2025-11-26;14;2050
12;2025-11-26;15;2248
12;2025-11-26;16;2637
12;2025-11-26;17;3002
12;2025-11-26;18;3087
12;2025-11-26;19;2479
12;2025-11-26;20;1630
12;2025-11-26;21;1008
12;2025-11-26;22;540
12;2025-11-26;23;281
12;2025-11-27;0;56
12;2025-11-27;1;2
12;2025-11-27;2;0
12;2025-11-27;3;0
12;2025-11-27;4;8
12;2025-11-27;5;371
12;2025-11-27;6;1439
12;2025-11-27;7;2680
12;2025-11-27;8;3377
12;2025-11-27;9;2518
12;2025-11-27;10;2076
12;2025-11-27;11;2026
12;2025-11-27;12;2063
12;2025-11-27;13;2064
12;2025-11-27;14;2061
12;2025-11-27;15;2262
12;2025-11-27;16;2654
12;2025-11-27;17;3000
12;2025-11-27;18;3088
12;2025-11-27;19;2479
12;2025-11-27;20;1626
12;2025-11-27;21;1006
12;2025-11-27;22;538
12;2025-11-27;23;280
12;2025-11-28;0;56
12;2025-11-28;1;2
12;2025-11-28;2;0
12;2025-11-28;3;0
12;2025-11-28;4;8
12;2025-11-28;5;368
12;2025-11-28;6;1428
12;2025-11-28;7;2668
12;2025-11-28;8;3358
12;2025-11-28;9;2498
12;2025-11-28;10;2058
12;2025-11-28;11;2008
12;2025-11-28;12;2042
12;2025-11-28;13;2064
12;2025-11-28;14;2065
12;2025-11-28;15;2256
12;2025-11-28;16;2638
12;2025-11-28;17;2926
12;2025-11-28;18;2922
12;2025-11-28;19;2352
12;2025-11-28;20;1572
12;2025-11-28;21;998
12;2025-11-28;22;542
12;2025-11-28;23;292
12;2025-11-29;0;82
12;2025-11-29;1;6
12;2025-11-29;2;0
12;2025-11-29;3;0
12;2025-11-29;4;3
12;2025-11-29;5;251
12;2025-11-29;6;744
12;2025-11-29;7;940
12;2025-11-29;8;1023
12;2025-11-29;9;1174
12;2025-11-29;10;1370
12;2025-11-29;11;1467
12;2025-11-29;12;1498
12;2025-11-29;13;1642
12;2025-11-29;14;1594
12;2025-11-29;15;1540
12;2025-11-29;16;1588
12;2025-11-29;17;1576
12;2025-11-29;18;1470
12;2025-11-29;19;1308
12;2025-11-29;20;977
12;2025-11-29;21;705
12;2025-11-29;22;440
12;2025-11-29;23;272
12;2025-11-30;0;82
12;2025-11-30;1;5
12;2025-11-30;2;0
12;2025-11-30;3;0
12;2025-11-30;4;2
12;2025-11-30;5;206
12;2025-11-30;6;609
12;2025-11-30;7;770
12;2025-11-30;8;838
12;2025-11-30;9;989
12;2025-11-30;10;1174
12;2025-11-30;11;1270
12;2025-11-30;12;1312
12;2025-11-30;13;1448
12;2025-11-30;14;1416
12;2025-11-30;15;1380
12;2025-11-30;16;1444
12;2025-11-30;17;1426
12;2025-11-30;18;1330
12;2025-11-30;19;1190
12;2025-11-30;20;882
12;2025-11-30;21;642
12;2025-11-30;22;404
12;2025-11-30;23;246
12;2025-12-01;0;56
12;2025-12-01;1;2
12;2025-12-01;2;0
12;2025-12-01;3;0
12;2025-12-01;4;7
12;2025-12-01;5;360
12;2025-12-01;6;1405
12;2025-12-01;7;2597
12;2025-12-01;8;3272
12;2025-12-01;9;2476
12;2025-12-01;10;2063
12;2025-12-01;11;2013
12;2025-12-01;12;2041
12;2025-12-01;13;2038
12;2025-12-01;14;2034
12;2025-12-01;15;2222
12;2025-12-01;16;2598
12;2025-12-01;17;2932
12;2025-12-01;18;3014
12;2025-12-01;19;2446
12;2025-12-01;20;1604
12;2025-12-01;21;980
12;2025-12-01;22;524
12;2025-12-01;23;262
12;2025-12-02;0;57
12;2025-12-02;1;2
12;2025-12-02;2;0
12;2025-12-02;3;0
12;2025-12-02;4;10
12;2025-12-02;5;376
12;2025-12-02;6;1462
12;2025-12-02;7;2688
12;2025-12-02;8;3384
12;2025-12-02;9;2554
12;2025-12-02;10;2123
12;2025-12-02;11;2068
12;2025-12-02;12;2091
12;2025-12-02;13;2084
12;2025-12-02;14;2078
12;2025-12-02;15;2268
12;2025-12-02;16;2652
12;2025-12-02;17;2990
12;2025-12-02;18;3084
12;2025-12-02;19;2490
12;2025-12-02;20;1642
12;2025-12-02;21;1008
12;2025-12-02;22;543
12;2025-12-02;23;276
12;2025-12-03;0;58
12;2025-12-03;1;2
12;2025-12-03;2;0
12;2025-12-03;3;0
12;2025-12-03;4;9
12;2025-12-03;5;378
12;2025-12-03;6;1455
12;2025-12-03;7;2670
12;2025-12-03;8;3347
12;2025-12-03;9;2523
12;2025-12-03;10;2108
12;2025-12-03;11;2056
12;2025-12-03;12;2081
12;2025-12-03;13;2079
12;2025-12-03;14;2076
12;2025-12-03;15;2270
12;2025-12-03;16;2656
12;2025-12-03;17;2994
12;2025-12-03;18;3082
12;2025-12-03;19;2496
12;2025-12-03;20;1651
12;2025-12-03;21;1014
12;2025-12-03;22;548
12;2025-12-03;23;280
12;2025-12-04;0;58
12;2025-12-04;1;2
12;2025-12-04;2;0
12;2025-12-04;3;0
12;2025-12-04;4;9
12;2025-12-04;5;373
12;2025-12-04;6;1442
12;2025-12-04;7;2650
12;2025-12-04;8;3328
12;2025-12-04;9;2515
12;2025-12-04;10;2108
12;2025-12-04;11;2058
12;2025-12-04;12;2087
12;2025-12-04;13;2088
12;2025-12-04;14;2086
12;2025-12-04;15;2282
12;2025-12-04;16;2672
12;2025-12-04;17;3001
12;2025-12-04;18;3090
12;2025-12-04;19;2498
12;2025-12-04;20;1649
12;2025-12-04;21;1012
12;2025-12-04;22;544
12;2025-12-04;23;278
12;2025-12-05;0;58
12;2025-12-05;1;2
12;2025-12-05;2;0
12;2025-12-05;3;0
12;2025-12-05;4;8
12;2025-12-05;5;370
12;2025-12-05;6;1430
12;2025-12-05;7;2635
12;2025-12-05;8;3306
12;2025-12-05;9;2498
12;2025-12-05;10;2092
12;2025-12-05;11;2042
12;2025-12-05;12;2068
12;2025-12-05;13;2091
12;2025-12-05;14;2092
12;2025-12-05;15;2280
12;2025-12-05;16;2658
12;2025-12-05;17;2930
12;2025-12-05;18;2930
12;2025-12-05;19;2380
12;2025-12-05;20;1602
12;2025-12-05;21;1004
12;2025-12-05;22;550
12;2025-12-05;23;291
12;2025-12-06;0;82
12;2025-12-06;1;6
12;2025-12-06;2;0
12;2025-12-06;3;0
12;2025-12-06;4;4
12;2025-12-06;5;249
12;2025-12-06;6;727
12;2025-12-06;7;904
12;2025-12-06;8;982
12;2025-12-06;9;1138
12;2025-12-06;10;1345
12;2025-12-06;11;1444
12;2025-12-06;12;1476
12;2025-12-06;13;1624
12;2025-12-06;14;1575
12;2025-12-06;15;1516
12;2025-12-06;16;1560
12;2025-12-06;17;1544
12;2025-12-06;18;1442
12;2025-12-06;19;1294
12;2025-12-06;20;966
12;2025-12-06;21;694
12;2025-12-06;22;432
12;2025-12-06;23;259
12;2025-12-07;0;82
12;2025-12-07;1;6
12;2025-12-07;2;0
12;2025-12-07;3;0
12;2025-12-07;4;2
12;2025-12-07;5;207
12;2025-12-07;6;596
12;2025-12-07;7;743
12;2025-12-07;8;802
12;2025-12-07;9;966
12;2025-12-07;10;1162
12;2025-12-07;11;1260
12;2025-12-07;12;1308
12;2025-12-07;13;1446
12;2025-12-07;14;1414
12;2025-12-07;15;1372
12;2025-12-07;16;1431
12;2025-12-07;17;1410
12;2025-12-07;18;1316
12;2025-12-07;19;1175
12;2025-12-07;20;870
12;2025-12-07;21;628
12;2025-12-07;22;394
12;2025-12-07;23;230
12;2025-12-08;0;56
12;2025-12-08;1;2
12;2025-12-08;2;0
12;2025-12-08;3;0
12;2025-12-08;4;7
12;2025-12-08;5;360
12;2025-12-08;6;1405
12;2025-12-08;7;2597
12;2025-12-08;8;3272
12;2025-12-08;9;2476
12;2025-12-08;10;2063
12;2025-12-08;11;2013
12;2025-12-08;12;2041
12;2025-12-08;13;2038
12;2025-12-08;14;2034
12;2025-12-08;15;2222
12;2025-12-08;16;2598
12;2025-12-08;17;2932
12;2025-12-08;18;3014
12;2025-12-08;19;2446
12;2025-12-08;20;1604
12;2025-12-08;21;980
12;2025-12-08;22;524
12;2025-12-08;23;262
12;2025-12-09;0;57
12;2025-12-09;1;2
12;2025-12-09;2;0
12;2025-12-09;3;0
12;2025-12-09;4;10
12;2025-12-09;5;376
12;2025-12-09;6;1462
12;2025-12-09;7;2688
12;2025-12-09;8;3384
12;2025-12-09;9;2554
12;2025-12-09;10;2123
12;2025-12-09;11;2068
12;2025-12-09;12;2091
12;2025-12-09;13;2084
12;2025-12-09;14;2078
12;2025-12-09;15;2268
12;2025-12-09;16;2652
12;2025-12-09;17;2990
12;2025-12-09;18;3084
12;2025-12-09;19;2490
12;2025-12-09;20;1642
12;2025-12-09;21;1008
12;2025-12-09;22;543
12;2025-12-09;23;276
12;2025-12-10;0;58
12;2025-12-10;1;2
12;2025-12-10;2;0
12;2025-12-10;3;0
12;2025-12-10;4;9
12;2025-12-10;5;378
12;2025-12-10;6;1455
12;2025-12-10;7;2670
12;2025-12-10;8;3347
12;2025-12-10;9;2523
12;2025-12-10;10;2108
12;2025-12-10;11;2056
12;2025-12-10;12;2081
12;2025-12-10;13;2079
12;2025-12-10;14;2076
12;2025-12-10;15;2270
12;2025-12-10;16;2656
12;2025-12-10;17;2994
12;2025-12-10;18;3082
12;2025-12-10;19;2496
12;2025-12-10;20;1651
12;2025-12-10;21;1014
12;2025-12-10;22;548
12;2025-12-10;23;280
12;2025-12-11;0;58
12;2025-12-11;1;2
12;2025-12-11;2;0
12;2025-12-11;3;0
12;2025-12-11;4;9
12;2025-12-11;5;373
12;2025-12-11;6;1442
12;2025-12-11;7;2650
12;2025-12-11;8;3328
12;2025-12-11;9;2515
12;2025-12-11;10;2108
12;2025-12-11;11;2058
12;2025-12-11;12;2087
12;2025-12-11;13;2088
12;2025-12-11;14;2086
12;2025-12-11;15;2282
12;2025-12-11;16;2672
12;2025-12-11;17;3001
12;2025-12-11;18;3090
12;2025-12-11;19;2498
12;2025-12-11;20;1649
12;2025-12-11;21;1012
12;2025-12-11;22;544
12;2025-12-11;23;278
12;2025-12-12;0;58
12;2025-12-12;1;2
12;2025-12-12;2;0
12;2025-12-12;3;0
12;2025-12-12;4;8
12;2025-12-12;5;370
12;2025-12-12;6;1430
12;2025-12-12;7;2635
12;2025-12-12;8;3306
12;2025-12-12;9;2498
12;2025-12-12;10;2092
12;2025-12-12;11;2042
12;2025-12-12;12;2068
12;2025-12-12;13;2091
12;2025-12-12;14;2092
12;2025-12-12;15;2280
12;2025-12-12;16;2658
12;2025-12-12;17;2930
12;2025-12-12;18;2930
12;2025-12-12;19;2380
12;2025-12-12;20;1602
12;2025-12-12;21;1004
12;2025-12-12;22;550
12;2025-12-12;23;291
12;2025-12-13;0;82
12;2025-12-13;1;6
12;2025-12-13;2;0
12;2025-12-13;3;0
12;2025-12-13;4;4
12;2025-12-13;5;249
12;2025-12-13;6;727
12;2025-12-13;7;904
12;2025-12-13;8;982
12;2025-12-13;9;1138
12;2025-12-13;10;1345
12;2025-12-13;11;1444
12;2025-12-13;12;1476
12;2025-12-13;13;1624
12;2025-12-13;14;1575
12;2025-12-13;15;1516
12;2025-12-13;16;1560
12;2025-12-13;17;1544
12;2025-12-13;18;1442
12;2025-12-13;19;1294
12;2025-12-13;20;966
12;2025-12-13;21;694
12;2025-12-13;22;432
12;2025-12-13;23;259
12;2025-12-14;0;82
12;2025-12-14;1;6
12;2025-12-14;2;0
12;2025-12-14;3;0
12;2025-12-14;4;2
12;2025-12-14;5;207
12;2025-12-14;6;596
12;2025-12-14;7;743
12;2025-12-14;8;802
12;2025-12-14;9;966
12;2025-12-14;10;1162
12;2025-12-14;11;1260
12;2025-12-14;12;1308
12;2025-12-14;13;1446
12;2025-12-14;14;1414
12;2025-12-14;15;1372
12;2025-12-14;16;1431
12;2025-12-14;17;1410
12;2025-12-14;18;1316
12;2025-12-14;19;1175
12;2025-12-14;20;870
12;2025-12-14;21;628
12;2025-12-14;22;394
12;2025-12-14;23;230
12;2025-12-15;0;56
12;2025-12-15;1;2
12;2025-12-15;2;0
12;2025-12-15;3;0
12;2025-12-15;4;7
12;2025-12-15;5;360
12;2025-12-15;6;1405
12;2025-12-15;7;2597
12;2025-12-15;8;3272
12;2025-12-15;9;2476
12;2025-12-15;10;2063
12;2025-12-15;11;2013
12;2025-12-15;12;2041
12;2025-12-15;13;2038
12;2025-12-15;14;2034
12;2025-12-15;15;2222
12;2025-12-15;16;2598
12;2025-12-15;17;2932
12;2025-12-15;18;3014
12;2025-12-15;19;2446
12;2025-12-15;20;1604
12;2025-12-15;21;980
12;2025-12-15;22;524
12;2025-12-15;23;262
12;2025-12-16;0;57
12;2025-12-16;1;2
12;2025-12-16;2;0
12;2025-12-16;3;0
12;2025-12-16;4;10
12;2025-12-16;5;376
12;2025-12-16;6;1462
12;2025-12-16;7;2688
12;2025-12-16;8;3384
12;2025-12-16;9;2554
12;2025-12-16;10;2123
12;2025-12-16;11;2068
12;2025-12-16;12;2091
12;2025-12-16;13;2084
12;2025-12-16;14;2078
12;2025-12-16;15;2268
12;2025-12-16;16;2652
12;2025-12-16;17;2990
12;2025-12-16;18;3084
12;2025-12-16;19;2490
12;2025-12-16;20;1642
12;2025-12-16;21;1008
12;2025-12-16;22;543
12;2025-12-16;23;276
12;2025-12-17;0;58
12;2025-12-17;1;2
12;2025-12-17;2;0
12;2025-12-17;3;0
12;2025-12-17;4;9
12;2025-12-17;5;378
12;2025-12-17;6;1455
12;2025-12-17;7;2670
12;2025-12-17;8;3347
12;2025-12-17;9;2523
12;2025-12-17;10;2108
12;2025-12-17;11;2056
12;2025-12-17;12;2081
12;2025-12-17;13;2079
12;2025-12-17;14;2076
12;2025-12-17;15;2270
12;2025-12-17;16;2656
12;2025-12-17;17;2994
12;2025-12-17;18;3082
12;2025-12-17;19;2496
12;2025-12-17;20;1651
12;2025-12-17;21;1014
12;2025-12-17;22;548
12;2025-12-17;23;280
12;2025-12-18;0;58
12;2025-12-18;1;2
12;2025-12-18;2;0
12;2025-12-18;3;0
12;2025-12-18;4;9
12;2025-12-18;5;373
12;2025-12-18;6;1442
12;2025-12-18;7;2650
12;2025-12-18;8;3328
12;2025-12-18;9;2515
12;2025-12-18;10;2108
12;2025-12-18;11;2058
12;2025-12-18;12;2087
12;2025-12-18;13;2088
12;2025-12-18;14;2086
12;2025-12-18;15;2282
12;2025-12-18;16;2672
12;2025-12-18;17;3001
12;2025-12-18;18;3090
12;2025-12-18;19;2498
12;2025-12-18;20;1649
12;2025-12-18;21;1012
12;2025-12-18;22;544
12;2025-12-18;23;278
12;2025-12-19;0;58
12;2025-12-19;1;2
12;2025-12-19;2;0
12;2025-12-19;3;0
12;2025-12-19;4;8
12;2025-12-19;5;370
12;2025-12-19;6;1430
12;2025-12-19;7;2635
12;2025-12-19;8;3306
12;2025-12-19;9;2498
12;2025-12-19;10;2092
12;2025-12-19;11;2042
12;2025-12-19;12;2068
12;2025-12-19;13;2091
12;2025-12-19;14;2092
12;2025-12-19;15;2280
12;2025-12-19;16;2658
12;2025-12-19;17;2930
12;2025-12-19;18;2930
12;2025-12-19;19;2380
12;2025-12-19;20;1602
12;2025-12-19;21;1004
12;2025-12-19;22;550
12;2025-12-19;23;291
12;2025-12-20;0;82
12;2025-12-20;1;6
12;2025-12-20;2;0
12;2025-12-20;3;0
12;2025-12-20;4;4
12;2025-12-20;5;249
12;2025-12-20;6;727
12;2025-12-20;7;904
12;2025-12-20;8;982
12;2025-12-20;9;1138
12;2025-12-20;10;1345
12;2025-12-20;11;1444
12;2025-12-20;12;1476
12;2025-12-20;13;1624
12;2025-12-20;14;1575
12;2025-12-20;15;1516
12;2025-12-20;16;1560
12;2025-12-20;17;1544
12;2025-12-20;18;1442
12;2025-12-20;19;1294
12;2025-12-20;20;966
12;2025-12-20;21;694
12;2025-12-20;22;432
12;2025-12-20;23;259
12;2025-12-21;0;82
12;2025-12-21;1;6
12;2025-12-21;2;0
12;2025-12-21;3;0
12;2025-12-21;4;2
12;2025-12-21;5;207
12;2025-12-21;6;596
12;2025-12-21;7;743
12;2025-12-21;8;802
12;2025-12-21;9;966
12;2025-12-21;10;1162
12;2025-12-21;11;1260
12;2025-12-21;12;1308
12;2025-12-21;13;1446
12;2025-12-21;14;1414
12;2025-12-21;15;1372
12;2025-12-21;16;1431
12;2025-12-21;17;1410
12;2025-12-21;18;1316
12;2025-12-21;19;1175
12;2025-12-21;20;870
12;2025-12-21;21;628
12;2025-12-21;22;394
12;2025-12-21;23;230
12;2025-12-22;0;56
12;2025-12-22;1;2
12;2025-12-22;2;0
12;2025-12-22;3;0
12;2025-12-22;4;7
12;2025-12-22;5;360
12;2025-12-22;6;1405
12;2025-12-22;7;2597
12;2025-12-22;8;3272
12;2025-12-22;9;2476
12;2025-12-22;10;2063
12;2025-12-22;11;2013
12;2025-12-22;12;2041
12;2025-12-22;13;2038
12;2025-12-22;14;2034
12;2025-12-22;15;2222
12;2025-12-22;16;2598
12;2025-12-22;17;2932
12;2025-12-22;18;3014
12;2025-12-22;19;2446
12;2025-12-22;20;1604
12;2025-12-22;21;980
12;2025-12-22;22;524
12;2025-12-22;23;262
12;2025-12-23;0;57
12;2025-12-23;1;2
12;2025-12-23;2;0
12;2025-12-23;3;0
12;2025-12-23;4;10
12;2025-12-23;5;376
12;2025-12-23;6;1462
12;2025-12-23;7;2688
12;2025-12-23;8;3384
12;2025-12-23;9;2554
12;2025-12-23;10;2123
12;2025-12-23;11;2068
12;2025-12-23;12;2091
12;2025-12-23;13;2084
12;2025-12-23;14;2078
12;2025-12-23;15;2268
12;2025-12-23;16;2652
12;2025-12-23;17;2990
12;2025-12-23;18;3084
12;2025-12-23;19;2490
12;2025-12-23;20;1642
12;2025-12-23;21;1008
12;2025-12-23;22;543
12;2025-12-23;23;276
12;2025-12-24;0;58
12;2025-12-24;1;2
12;2025-12-24;2;0
12;2025-12-24;3;0
12;2025-12-24;4;9
12;2025-12-24;5;378
12;2025-12-24;6;1455
12;2025-12-24;7;2670
12;2025-12-24;8;3347
12;2025-12-24;9;2523
12;2025-12-24;10;2108
12;2025-12-24;11;2056
12;2025-12-24;12;2081
12;2025-12-24;13;2079
12;2025-12-24;14;2076
12;2025-12-24;15;2270
12;2025-12-24;16;2656
12;2025-12-24;17;2994
12;2025-12-24;18;3082
12;2025-12-24;19;2496
12;2025-12-24;20;1651
12;2025-12-24;21;1014
12;2025-12-24;22;548
12;2025-12-24;23;280
12;2025-12-25;0;58
12;2025-12-25;1;2
12;2025-12-25;2;0
12;2025-12-25;3;0
12;2025-12-25;4;9
12;2025-12-25;5;373
12;2025-12-25;6;1442
12;2025-12-25;7;2650
12;2025-12-25;8;3328
12;2025-12-25;9;2515
12;2025-12-25;10;2108
12;2025-12-25;11;2058
12;2025-12-25;12;2087
12;2025-12-25;13;2088
12;2025-12-25;14;2086
12;2025-12-25;15;2282
12;2025-12-25;16;2672
12;2025-12-25;17;3001
12;2025-12-25;18;3090
12;2025-12-25;19;2498
12;2025-12-25;20;1649
12;2025-12-25;21;1012
12;2025-12-25;22;544
12;2025-12-25;23;278
12;2025-12-26;0;58
12;2025-12-26;1;2
12;2025-12-26;2;0
12;2025-12-26;3;0
12;2025-12-26;4;8
12;2025-12-26;5;370
12;2025-12-26;6;1430
12;2025-12-26;7;2635
12;2025-12-26;8;3306
12;2025-12-26;9;2498
12;2025-12-26;10;2092
12;2025-12-26;11;2042
12;2025-12-26;12;2068
12;2025-12-26;13;2091
12;2025-12-26;14;2092
12;2025-12-26;15;2280
12;2025-12-26;16;2658
12;2025-12-26;17;2930
12;2025-12-26;18;2930
12;2025-12-26;19;2380
12;2025-12-26;20;1602
12;2025-12-26;21;1004
12;2025-12-26;22;550
12;2025-12-26;23;291
12;2025-12-27;0;82
12;2025-12-27;1;6
12;2025-12-27;2;0
12;2025-12-27;3;0
12;2025-12-27;4;4
12;2025-12-27;5;249
12;2025-12-27;6;727
12;2025-12-27;7;904
12;2025-12-27;8;982
12;2025-12-27;9;1138
12;2025-12-27;10;1345
12;2025-12-27;11;1444
12;2025-12-27;12;1476
12;2025-12-27;13;1624
12;2025-12-27;14;1575
12;2025-12-27;15;1516
12;2025-12-27;16;1560
12;2025-12-27;17;1544
12;2025-12-27;18;1442
12;2025-12-27;19;1294
12;2025-12-27;20;966
12;2025-12-27;21;694
12;2025-12-27;22;432
12;2025-12-27;23;259
12;2025-12-28;0;82
12;2025-12-28;1;6
12;2025-12-28;2;0
12;2025-12-28;3;0
12;2025-12-28;4;2
12;2025-12-28;5;207
12;2025-12-28;6;596
12;2025-12-28;7;743
12;2025-12-28;8;802
12;2025-12-28;9;966
12;2025-12-28;10;1162
12;2025-12-28;11;1260
12;2025-12-28;12;1308
12;2025-12-28;13;1446
12;2025-12-28;14;1414
12;2025-12-28;15;1372
12;2025-12-28;16;1431
12;2025-12-28;17;1410
12;2025-12-28;18;1316
12;2025-12-28;19;1175
12;2025-12-28;20;870
12;2025-12-28;21;628
12;2025-12-28;22;394
12;2025-12-28;23;230
12;2025-12-29;0;56
12;2025-12-29;1;2
12;2025-12-29;2;0
12;2025-12-29;3;0
12;2025-12-29;4;7
12;2025-12-29;5;360
12;2025-12-29;6;1405
12;2025-12-29;7;2597
12;2025-12-29;8;3272
12;2025-12-29;9;2476
12;2025-12-29;10;2063
12;2025-12-29;11;2013
12;2025-12-29;12;2041
12;2025-12-29;13;2038
12;2025-12-29;14;2034
12;2025-12-29;15;2222
12;2025-12-29;16;2598
12;2025-12-29;17;2932
12;2025-12-29;18;3014
12;2025-12-29;19;2446
12;2025-12-29;20;1604
12;2025-12-29;21;980
12;2025-12-29;22;524
12;2025-12-29;23;262
12;2025-12-30;0;57
12;2025-12-30;1;2
12;2025-12-30;2;0
12;2025-12-30;3;0
12;2025-12-30;4;10
12;2025-12-30;5;376
12;2025-12-30;6;1462
12;2025-12-30;7;2688
12;2025-12-30;8;3384
12;2025-12-30;9;2554
12;2025-12-30;10;2123
12;2025-12-30;11;2068
12;2025-12-30;12;2091
12;2025-12-30;13;2084
12;2025-12-30;14;2078
12;2025-12-30;15;2268
12;2025-12-30;16;2652
12;2025-12-30;17;2990
12;2025-12-30;18;3084
12;2025-12-30;19;2490
12;2025-12-30;20;1642
12;2025-12-30;21;1008
12;2025-12-30;22;543
12;2025-12-30;23;276
12;2025-12-31;0;77
12;2025-12-31;1;5
12;2025-12-31;2;0
12;2025-12-31;3;0
12;2025-12-31;4;2
12;2025-12-31;5;216
12;2025-12-31;6;620
12;2025-12-31;7;764
12;2025-12-31;8;864
12;2025-12-31;9;940
12;2025-12-31;10;1104
12;2025-12-31;11;1184
12;2025-12-31;12;1220
12;2025-12-31;13;1346
12;2025-12-31;14;1324
12;2025-12-31;15;1302
12;2025-12-31;16;1369
12;2025-12-31;17;1390
12;2025-12-31;18;1324
12;2025-12-31;19;1197
12;2025-12-31;20;890
12;2025-12-31;21;648
12;2025-12-31;22;396
12;2025-12-31;23;224
17;2025-11-01;0;153
17;2025-11-01;1;16
17;2025-11-01;2;0
17;2025-11-01;3;0
17;2025-11-01;4;28
17;2025-11-01;5;414
17;2025-11-01;6;1918
17;2025-11-01;7;4953
17;2025-11-01;8;6290
17;2025-11-01;9;4806
17;2025-11-01;10;3834
17;2025-11-01;11;3769
17;2025-11-01;12;3824
17;2025-11-01;13;3866
17;2025-11-01;14;3862
17;2025-11-01;15;3997
17;2025-11-01;16;4407
17;2025-11-01;17;5214
17;2025-11-01;18;5441
17;2025-11-01;19;3967
17;2025-11-01;20;2770
17;2025-11-01;21;1740
17;2025-11-01;22;950
17;2025-11-01;23;463
17;2025-11-02;0;187
17;2025-11-02;1;26
17;2025-11-02;2;0
17;2025-11-02;3;0
17;2025-11-02;4;5
17;2025-11-02;5;90
17;2025-11-02;6;465
17;2025-11-02;7;1030
17;2025-11-02;8;1376
17;2025-11-02;9;1740
17;2025-11-02;10;2216
17;2025-11-02;11;2500
17;2025-11-02;12;2710
17;2025-11-02;13;2882
17;2025-11-02;14;2920
17;2025-11-02;15;2958
17;2025-11-02;16;3012
17;2025-11-02;17;2908
17;2025-11-02;18;2718
17;2025-11-02;19;2244
17;2025-11-02;20;1762
17;2025-11-02;21;1252
17;2025-11-02;22;771
17;2025-11-02;23;378
17;2025-11-03;0;172
17;2025-11-03;1;24
17;2025-11-03;2;0
17;2025-11-03;3;0
17;2025-11-03;4;4
17;2025-11-03;5;118
17;2025-11-03;6;510
17;2025-11-03;7;1100
17;2025-11-03;8;1491
17;2025-11-03;9;1740
17;2025-11-03;10;2114
17;2025-11-03;11;2362
17;2025-11-03;12;2533
17;2025-11-03;13;2708
17;2025-11-03;14;2753
17;2025-11-03;15;2808
17;2025-11-03;16;2880
17;2025-11-03;17;2934
17;2025-11-03;18;2787
17;2025-11-03;19;2314
17;2025-11-03;20;1827
17;2025-11-03;21;1300
17;2025-11-03;22;809
17;2025-11-03;23;408
17;2025-11-04;0;162
17;2025-11-04;1;26
17;2025-11-04;2;4
17;2025-11-04;3;2
17;2025-11-04;4;2
17;2025-11-04;5;89
17;2025-11-04;6;464
17;2025-11-04;7;1044
17;2025-11-04;8;1414
17;2025-11-04;9;1626
17;2025-11-04;10;1990
17;2025-11-04;11;2300
17;2025-11-04;12;2566
17;2025-11-04;13;2776
17;2025-11-04;14;2844
17;2025-11-04;15;2978
17;2025-11-04;16;3073
17;2025-11-04;17;3080
17;2025-11-04;18;2892
17;2025-11-04;19;2336
17;2025-11-04;20;1848
17;2025-11-04;21;1348
17;2025-11-04;22;840
17;2025-11-04;23;416
17;2025-11-05;0;136
17;2025-11-05;1;14
17;2025-11-05;2;0
17;2025-11-05;3;0
17;2025-11-05;4;24
17;2025-11-05;5;346
17;2025-11-05;6;1616
17;2025-11-05;7;4176
17;2025-11-05;8;5240
17;2025-11-05;9;3923
17;2025-11-05;10;3094
17;2025-11-05;11;3027
17;2025-11-05;12;3078
17;2025-11-05;13;3132
17;2025-11-05;14;3162
17;2025-11-05;15;3330
17;2025-11-05;16;3746
17;2025-11-05;17;4561
17;2025-11-05;18;4843
17;2025-11-05;19;3578
17;2025-11-05;20;2538
17;2025-11-05;21;1600
17;2025-11-05;22;874
17;2025-11-05;23;412
17;2025-11-06;0;135
17;2025-11-06;1;14
17;2025-11-06;2;0
17;2025-11-06;3;0
17;2025-11-06;4;25
17;2025-11-06;5;350
17;2025-11-06;6;1618
17;2025-11-06;7;4178
17;2025-11-06;8;5260
17;2025-11-06;9;3952
17;2025-11-06;10;3127
17;2025-11-06;11;3069
17;2025-11-06;12;3129
17;2025-11-06;13;3191
17;2025-11-06;14;3226
17;2025-11-06;15;3398
17;2025-11-06;16;3820
17;2025-11-06;17;4621
17;2025-11-06;18;4906
17;2025-11-06;19;3626
17;2025-11-06;20;2568
17;2025-11-06;21;1618
17;2025-11-06;22;884
17;2025-11-06;23;418
17;2025-11-07;0;135
17;2025-11-07;1;14
17;2025-11-07;2;0
17;2025-11-07;3;0
17;2025-11-07;4;24
17;2025-11-07;5;346
17;2025-11-07;6;1604
17;2025-11-07;7;4164
17;2025-11-07;8;5238
17;2025-11-07;9;3938
17;2025-11-07;10;3119
17;2025-11-07;11;3065
17;2025-11-07;12;3126
17;2025-11-07;13;3212
17;2025-11-07;14;3261
17;2025-11-07;15;3428
17;2025-11-07;16;3848
17;2025-11-07;17;4594
17;2025-11-07;18;4772
17;2025-11-07;19;3532
17;2025-11-07;20;2538
17;2025-11-07;21;1634
17;2025-11-07;22;908
17;2025-11-07;23;446
17;2025-11-08;0;196
17;2025-11-08;1;28
17;2025-11-08;2;0
17;2025-11-08;3;0
17;2025-11-08;4;8
17;2025-11-08;5;142
17;2025-11-08;6;594
17;2025-11-08;7;1276
17;2025-11-08;8;1686
17;2025-11-08;9;2042
17;2025-11-08;10;2456
17;2025-11-08;11;2762
17;2025-11-08;12;2966
17;2025-11-08;13;3142
17;2025-11-08;14;3169
17;2025-11-08;15;3193
17;2025-11-08;16;3221
17;2025-11-08;17;3208
17;2025-11-08;18;2998
17;2025-11-08;19;2468
17;2025-11-08;20;1950
17;2025-11-08;21;1380
17;2025-11-08;22;860
17;2025-11-08;23;444
17;2025-11-09;0;187
17;2025-11-09;1;26
17;2025-11-09;2;0
17;2025-11-09;3;0
17;2025-11-09;4;5
17;2025-11-09;5;90
17;2025-11-09;6;465
17;2025-11-09;7;1030
17;2025-11-09;8;1376
17;2025-11-09;9;1740
17;2025-11-09;10;2216
17;2025-11-09;11;2500
17;2025-11-09;12;2710
17;2025-11-09;13;2882
17;2025-11-09;14;2920
17;2025-11-09;15;2958
17;2025-11-09;16;3012
17;2025-11-09;17;2908
17;2025-11-09;18;2718
17;2025-11-09;19;2244
17;2025-11-09;20;1762
17;2025-11-09;21;1252
17;2025-11-09;22;771
17;2025-11-09;23;378
17;2025-11-10;0;129
17;2025-11-10;1;12
17;2025-11-10;2;0
17;2025-11-10;3;0
17;2025-11-10;4;21
17;2025-11-10;5;330
17;2025-11-10;6;1564
17;2025-11-10;7;4080
17;2025-11-10;8;5156
17;2025-11-10;9;3882
17;2025-11-10;10;3070
17;2025-11-10;11;3014
17;2025-11-10;12;3073
17;2025-11-10;13;3131
17;2025-11-10;14;3159
17;2025-11-10;15;3322
17;2025-11-10;16;3730
17;2025-11-10;17;4518
17;2025-11-10;18;4782
17;2025-11-10;19;3538
17;2025-11-10;20;2490
17;2025-11-10;21;1560
17;2025-11-10;22;844
17;2025-11-10;23;388
17;2025-11-11;0;132
17;2025-11-11;1;13
17;2025-11-11;2;0
17;2025-11-11;3;0
17;2025-11-11;4;24
17;2025-11-11;5;346
17;2025-11-11;6;1616
17;2025-11-11;7;4188
17;2025-11-11;8;5281
17;2025-11-11;9;3964
17;2025-11-11;10;3118
17;2025-11-11;11;3054
17;2025-11-11;12;3106
17;2025-11-11;13;3160
17;2025-11-11;14;3188
17;2025-11-11;15;3355
17;2025-11-11;16;3770
17;2025-11-11;17;4578
17;2025-11-11;18;4870
17;2025-11-11;19;3598
17;2025-11-11;20;2546
17;2025-11-11;21;1605
17;2025-11-11;22;877
17;2025-11-11;23;411
17;2025-11-12;0;136
17;2025-11-12;1;14
17;2025-11-12;2;0
17;2025-11-12;3;0
17;2025-11-12;4;24
17;2025-11-12;5;346
17;2025-11-12;6;1616
17;2025-11-12;7;4176
17;2025-11-12;8;5240
17;2025-11-12;9;3923
17;2025-11-12;10;3094
17;2025-11-12;11;3027
17;2025-11-12;12;3078
17;2025-11-12;13;3132
17;2025-11-12;14;3162
17;2025-11-12;15;3330
17;2025-11-12;16;3746
17;2025-11-12;17;4561
17;2025-11-12;18;4843
17;2025-11-12;19;3578
17;2025-11-12;20;2538
17;2025-11-12;21;1600
17;2025-11-12;22;874
17;2025-11-12;23;412
17;2025-11-13;0;135
17;2025-11-13;1;14
17;2025-11-13;2;0
17;2025-11-13;3;0
17;2025-11-13;4;25
17;2025-11-13;5;350
17;2025-11-13;6;1618
17;2025-11-13;7;4178
17;2025-11-13;8;5260
17;2025-11-13;9;3952
17;2025-11-13;10;3127
17;2025-11-13;11;3069
17;2025-11-13;12;3129
17;2025-11-13;13;3191
17;2025-11-13;14;3226
17;2025-11-13;15;3398
17;2025-11-13;16;3820
17;2025-11-13;17;4621
17;2025-11-13;18;4906
17;2025-11-13;19;3626
17;2025-11-13;20;2568
17;2025-11-13;21;1618
17;2025-11-13;22;884
17;2025-11-13;23;418
17;2025-11-14;0;135
17;2025-11-14;1;14
17;2025-11-14;2;0
17;2025-11-14;3;0
17;2025-11-14;4;24
17;2025-11-14;5;346
17;2025-11-14;6;1604
17;2025-11-14;7;4164
17;2025-11-14;8;5238
17;2025-11-14;9;3938
17;2025-11-14;10;3119
17;2025-11-14;11;3065
17;2025-11-14;12;3126
17;2025-11-14;13;3212
17;2025-11-14;14;3261
17;2025-11-14;15;3428
17;2025-11-14;16;3848
17;2025-11-14;17;4594
17;2025-11-14;18;4772
17;2025-11-14;19;3532
17;2025-11-14;20;2538
17;2025-11-14;21;1634
17;2025-11-14;22;908
17;2025-11-14;23;446
17;2025-11-15;0;196
17;2025-11-15;1;28
17;2025-11-15;2;0
17;2025-11-15;3;0
17;2025-11-15;4;8
17;2025-11-15;5;142
17;2025-11-15;6;594
17;2025-11-15;7;1276
17;2025-11-15;8;1686
17;2025-11-15;9;2042
17;2025-11-15;10;2456
17;2025-11-15;11;2762
17;2025-11-15;12;2966
17;2025-11-15;13;3142
17;2025-11-15;14;3169
17;2025-11-15;15;3193
17;2025-11-15;16;3221
17;2025-11-15;17;3208
17;2025-11-15;18;2998
17;2025-11-15;19;2468
17;2025-11-15;20;1950
17;2025-11-15;21;1380
17;2025-11-15;22;860
17;2025-11-15;23;444
17;2025-11-16;0;187
17;2025-11-16;1;26
17;2025-11-16;2;0
17;2025-11-16;3;0
17;2025-11-16;4;5
17;2025-11-16;5;90
17;2025-11-16;6;465
17;2025-11-16;7;1030
17;2025-11-16;8;1376
17;2025-11-16;9;1740
17;2025-11-16;10;2216
17;2025-11-16;11;2500
17;2025-11-16;12;2710
17;2025-11-16;13;2882
17;2025-11-16;14;2920
17;2025-11-16;15;2958
17;2025-11-16;16;3012
17;2025-11-16;17;2908
17;2025-11-16;18;2718
17;2025-11-16;19;2244
17;2025-11-16;20;1762
17;2025-11-16;21;1252
17;2025-11-16;22;771
17;2025-11-16;23;378
17;2025-11-17;0;129
17;2025-11-17;1;12
17;2025-11-17;2;0
17;2025-11-17;3;0
17;2025-11-17;4;21
17;2025-11-17;5;330
17;2025-11-17;6;1564
17;2025-11-17;7;4080
17;2025-11-17;8;5156
17;2025-11-17;9;3882
17;2025-11-17;10;3070
17;2025-11-17;11;3014
17;2025-11-17;12;3073
17;2025-11-17;13;3131
17;2025-11-17;14;3159
17;2025-11-17;15;3322
17;2025-11-17;16;3730
17;2025-11-17;17;4518
17;2025-11-17;18;4782
17;2025-11-17;19;3538
17;2025-11-17;20;2490
17;2025-11-17;21;1560
17;2025-11-17;22;844
17;2025-11-17;23;388
17;2025-11-18;0;132
17;2025-11-18;1;13
17;2025-11-18;2;0
17;2025-11-18;3;0
17;2025-11-18;4;24
17;2025-11-18;5;346
17;2025-11-18;6;1616
17;2025-11-18;7;4188
17;2025-11-18;8;5281
17;2025-11-18;9;3964
17;2025-11-18;10;3118
17;2025-11-18;11;3054
17;2025-11-18;12;3106
17;2025-11-18;13;3160
17;2025-11-18;14;3188
17;2025-11-18;15;3355
17;2025-11-18;16;3770
17;2025-11-18;17;4578
17;2025-11-18;18;4870
17;2025-11-18;19;3598
17;2025-11-18;20;2546
17;2025-11-18;21;1605
17;2025-11-18;22;877
17;2025-11-18;23;411
17;2025-11-19;0;136
17;2025-11-19;1;14
17;2025-11-19;2;0
17;2025-11-19;3;0
17;2025-11-19;4;24
17;2025-11-19;5;346
17;2025-11-19;6;1616
17;2025-11-19;7;4176
17;2025-11-19;8;5240
17;2025-11-19;9;3923
17;2025-11-19;10;3094
17;2025-11-19;11;3027
17;2025-11-19;12;3078
17;2025-11-19;13;3132
17;2025-11-19;14;3162
17;2025-11-19;15;3330
17;2025-11-19;16;3746
17;2025-11-19;17;4561
17;2025-11-19;18;4843
17;2025-11-19;19;3578
17;2025-11-19;20;2538
17;2025-11-19;21;1600
17;2025-11-19;22;874
17;2025-11-19;23;412
17;2025-11-20;0;135
17;2025-11-20;1;14
17;2025-11-20;2;0
17;2025-11-20;3;0
17;2025-11-20;4;25
17;2025-11-20;5;350
17;2025-11-20;6;1618
17;2025-11-20;7;4178
17;2025-11-20;8;5260
17;2025-11-20;9;3952
17;2025-11-20;10;3127
17;2025-11-20;11;3069
17;2025-11-20;12;3129
17;2025-11-20;13;3191
17;2025-11-20;14;3226
17;2025-11-20;15;3398
17;2025-11-20;16;3820
17;2025-11-20;17;4621
17;2025-11-20;18;4906
17;2025-11-20;19;3626
17;2025-11-20;20;2568
17;2025-11-20;21;1618
17;2025-11-20;22;884
17;2025-11-20;23;418
17;2025-11-21;0;135
17;2025-11-21;1;14
17;2025-11-21;2;0
17;2025-11-21;3;0
17;2025-11-21;4;24
17;2025-11-21;5;346
17;2025-11-21;6;1604
17;2025-11-21;7;4164
17;2025-11-21;8;5238
17;2025-11-21;9;3938
17;2025-11-21;10;3119
17;2025-11-21;11;3065
17;2025-11-21;12;3126
17;2025-11-21;13;3212
17;2025-11-21;14;3261
17;2025-11-21;15;3428
17;2025-11-21;16;3848
17;2025-11-21;17;4594
17;2025-11-21;18;4772
17;2025-11-21;19;3532
17;2025-11-21;20;2538
17;2025-11-21;21;1634
17;2025-11-21;22;908
17;2025-11-21;23;446
17;2025-11-22;0;196
17;2025-11-22;1;28
17;2025-11-22;2;0
17;2025-11-22;3;0
17;2025-11-22;4;8
17;2025-11-22;5;142
17;2025-11-22;6;594
17;2025-11-22;7;1276
17;2025-11-22;8;1686
17;2025-11-22;9;2042
17;2025-11-22;10;2456
17;2025-11-22;11;2762
17;2025-11-22;12;2966
17;2025-11-22;13;3142
17;2025-11-22;14;3169
17;2025-11-22;15;3193
17;2025-11-22;16;3221
17;2025-11-22;17;3208
17;2025-11-22;18;2998
17;2025-11-22;19;2468
17;2025-11-22;20;1950
17;2025-11-22;21;1380
17;2025-11-22;22;860
17;2025-11-22;23;444
17;2025-11-23;0;187
17;2025-11-23;1;26
17;2025-11-23;2;0
17;2025-11-23;3;0
17;2025-11-23;4;5
17;2025-11-23;5;90
17;2025-11-23;6;465
17;2025-11-23;7;1030
17;2025-11-23;8;1376
17;2025-11-23;9;1740
17;2025-11-23;10;2216
17;2025-11-23;11;2500
17;2025-11-23;12;2710
17;2025-11-23;13;2882
17;2025-11-23;14;2920
17;2025-11-23;15;2958
17;2025-11-23;16;3012
17;2025-11-23;17;2908
17;2025-11-23;18;2718
17;2025-11-23;19;2244
17;2025-11-23;20;1762
17;2025-11-23;21;1252
17;2025-11-23;22;771
17;2025-11-23;23;378
17;2025-11-24;0;129
17;2025-11-24;1;12
17;2025-11-24;2;0
17;2025-11-24;3;0
17;2025-11-24;4;21
17;2025-11-24;5;330
17;2025-11-24;6;1564
17;2025-11-24;7;4080
17;2025-11-24;8;5156
17;2025-11-24;9;3882
17;2025-11-24;10;3070
17;2025-11-24;11;3014
17;2025-11-24;12;3073
17;2025-11-24;13;3131
17;2025-11-24;14;3159
17;2025-11-24;15;3322
17;2025-11-24;16;3730
17;2025-11-24;17;4518
17;2025-11-24;18;4782
17;2025-11-24;19;3538
17;2025-11-24;20;2490
17;2025-11-24;21;1560
17;2025-11-24;22;844
17;2025-11-24;23;388
17;2025-11-25;0;132
17;2025-11-25;1;13
17;2025-11-25;2;0
17;2025-11-25;3;0
17;2025-11-25;4;24
17;2025-11-25;5;346
17;2025-11-25;6;1616
17;2025-11-25;7;4188
17;2025-11-25;8;5281
17;2025-11-25;9;3964
17;2025-11-25;10;3118
17;2025-11-25;11;3054
17;2025-11-25;12;3106
17;2025-11-25;13;3160
17;2025-11-25;14;3188
17;2025-11-25;15;3355
17;2025-11-25;16;3770
17;2025-11-25;17;4578
17;2025-11-25;18;4870
17;2025-11-25;19;3598
17;2025-11-25;20;2546
17;2025-11-25;21;1605
17;2025-11-25;22;877
17;2025-11-25;23;411
17;2025-11-26;0;136
17;2025-11-26;1;14
17;2025-11-26;2;0
17;2025-11-26;3;0
17;2025-11-26;4;24
17;2025-11-26;5;346
17;2025-11-26;6;1616
17;2025-11-26;7;4176
17;2025-11-26;8;5240
17;2025-11-26;9;3923
17;2025-11-26;10;3094
17;2025-11-26;11;3027
17;2025-11-26;12;3078
17;2025-11-26;13;3132
17;2025-11-26;14;3162
17;2025-11-26;15;3330
17;2025-11-26;16;3746
17;2025-11-26;17;4561
17;2025-11-26;18;4843
17;2025-11-26;19;3578
17;2025-11-26;20;2538
17;2025-11-26;21;1600
17;2025-11-26;22;874
17;2025-11-26;23;412
17;2025-11-27;0;135
17;2025-11-27;1;14
17;2025-11-27;2;0
17;2025-11-27;3;0
17;2025-11-27;4;25
17;2025-11-27;5;350
17;2025-11-27;6;1618
17;2025-11-27;7;4178
17;2025-11-27;8;5260
17;2025-11-27;9;3952
17;2025-11-27;10;3127
17;2025-11-27;11;3069
17;2025-11-27;12;3129
17;2025-11-27;13;3191
17;2025-11-27;14;3226
17;2025-11-27;15;3398
17;2025-11-27;16;3820
17;2025-11-27;17;4621
17;2025-11-27;18;4906
17;2025-11-27;19;3626
17;2025-11-27;20;2568
17;2025-11-27;21;1618
17;2025-11-27;22;884
17;2025-11-27;23;418
17;2025-11-28;0;135
17;2025-11-28;1;14
17;2025-11-28;2;0
17;2025-11-28;3;0
17;2025-11-28;4;24
17;2025-11-28;5;346
17;2025-11-28;6;1604
17;2025-11-28;7;4164
17;2025-11-28;8;5238
17;2025-11-28;9;3938
17;2025-11-28;10;3119
17;2025-11-28;11;3065
17;2025-11-28;12;3126
17;2025-11-28;13;3212
17;2025-11-28;14;3261
17;2025-11-28;15;3428
17;2025-11-28;16;3848
17;2025-11-28;17;4594
17;2025-11-28;18;4772
17;2025-11-28;19;3532
17;2025-11-28;20;2538
17;2025-11-28;21;1634
17;2025-11-28;22;908
17;2025-11-28;23;446
17;2025-11-29;0;196
17;2025-11-29;1;28
17;2025-11-29;2;0
17;2025-11-29;3;0
17;2025-11-29;4;8
17;2025-11-29;5;142
17;2025-11-29;6;594
17;2025-11-29;7;1276
17;2025-11-29;8;1686
17;2025-11-29;9;2042
17;2025-11-29;10;2456
17;2025-11-29;11;2762
17;2025-11-29;12;2966
17;2025-11-29;13;3142
17;2025-11-29;14;3169
17;2025-11-29;15;3193
17;2025-11-29;16;3221
17;2025-11-29;17;3208
17;2025-11-29;18;2998
17;2025-11-29;19;2468
17;2025-11-29;20;1950
17;2025-11-29;21;1380
17;2025-11-29;22;860
17;2025-11-29;23;444
17;2025-11-30;0;187
17;2025-11-30;1;26
17;2025-11-30;2;0
17;2025-11-30;3;0
17;2025-11-30;4;5
17;2025-11-30;5;90
17;2025-11-30;6;465
17;2025-11-30;7;1030
17;2025-11-30;8;1376
17;2025-11-30;9;1740
17;2025-11-30;10;2216
17;2025-11-30;11;2500
17;2025-11-30;12;2710
17;2025-11-30;13;2882
17;2025-11-30;14;2920
17;2025-11-30;15;2958
17;2025-11-30;16;3012
17;2025-11-30;17;2908
17;2025-11-30;18;2718
17;2025-11-30;19;2244
17;2025-11-30;20;1762
17;2025-11-30;21;1252
17;2025-11-30;22;771
17;2025-11-30;23;378
17;2025-12-01;0;129
17;2025-12-01;1;12
17;2025-12-01;2;0
17;2025-12-01;3;0
17;2025-12-01;4;21
17;2025-12-01;5;330
17;2025-12-01;6;1552
17;2025-12-01;7;3986
17;2025-12-01;8;5039
17;2025-12-01;9;3835
17;2025-12-01;10;3062
17;2025-12-01;11;3007
17;2025-12-01;12;3058
17;2025-12-01;13;3112
17;2025-12-01;14;3140
17;2025-12-01;15;3294
17;2025-12-01;16;3704
17;2025-12-01;17;4488
17;2025-12-01;18;4758
17;2025-12-01;19;3549
17;2025-12-01;20;2505
17;2025-12-01;21;1575
17;2025-12-01;22;870
17;2025-12-01;23;396
17;2025-12-02;0;132
17;2025-12-02;1;12
17;2025-12-02;2;0
17;2025-12-02;3;0
17;2025-12-02;4;24
17;2025-12-02;5;346
17;2025-12-02;6;1604
17;2025-12-02;7;4094
17;2025-12-02;8;5164
17;2025-12-02;9;3918
17;2025-12-02;10;3112
17;2025-12-02;11;3046
17;2025-12-02;12;3092
17;2025-12-02;13;3142
17;2025-12-02;14;3170
17;2025-12-02;15;3328
17;2025-12-02;16;3744
17;2025-12-02;17;4547
17;2025-12-02;18;4844
17;2025-12-02;19;3608
17;2025-12-02;20;2561
17;2025-12-02;21;1620
17;2025-12-02;22;902
17;2025-12-02;23;419
17;2025-12-03;0;135
17;2025-12-03;1;14
17;2025-12-03;2;0
17;2025-12-03;3;0
17;2025-12-03;4;24
17;2025-12-03;5;346
17;2025-12-03;6;1603
17;2025-12-03;7;4080
17;2025-12-03;8;5122
17;2025-12-03;9;3875
17;2025-12-03;10;3084
17;2025-12-03;11;3018
17;2025-12-03;12;3062
17;2025-12-03;13;3112
17;2025-12-03;14;3142
17;2025-12-03;15;3302
17;2025-12-03;16;3718
17;2025-12-03;17;4518
17;2025-12-03;18;4806
17;2025-12-03;19;3588
17;2025-12-03;20;2553
17;2025-12-03;21;1614
17;2025-12-03;22;900
17;2025-12-03;23;420
17;2025-12-04;0;135
17;2025-12-04;1;13
17;2025-12-04;2;0
17;2025-12-04;3;0
17;2025-12-04;4;26
17;2025-12-04;5;350
17;2025-12-04;6;1606
17;2025-12-04;7;4084
17;2025-12-04;8;5144
17;2025-12-04;9;3906
17;2025-12-04;10;3120
17;2025-12-04;11;3062
17;2025-12-04;12;3114
17;2025-12-04;13;3172
17;2025-12-04;14;3208
17;2025-12-04;15;3372
17;2025-12-04;16;3794
17;2025-12-04;17;4592
17;2025-12-04;18;4884
17;2025-12-04;19;3638
17;2025-12-04;20;2584
17;2025-12-04;21;1634
17;2025-12-04;22;910
17;2025-12-04;23;427
17;2025-12-05;0;135
17;2025-12-05;1;14
17;2025-12-05;2;0
17;2025-12-05;3;0
17;2025-12-05;4;24
17;2025-12-05;5;346
17;2025-12-05;6;1592
17;2025-12-05;7;4066
17;2025-12-05;8;5120
17;2025-12-05;9;3894
17;2025-12-05;10;3114
17;2025-12-05;11;3060
17;2025-12-05;12;3114
17;2025-12-05;13;3197
17;2025-12-05;14;3247
17;2025-12-05;15;3406
17;2025-12-05;16;3826
17;2025-12-05;17;4570
17;2025-12-05;18;4758
17;2025-12-05;19;3548
17;2025-12-05;20;2556
17;2025-12-05;21;1650
17;2025-12-05;22;934
17;2025-12-05;23;453
17;2025-12-06;0;196
17;2025-12-06;1;27
17;2025-12-06;2;0
17;2025-12-06;3;0
17;2025-12-06;4;4
17;2025-12-06;5;134
17;2025-12-06;6;568
17;2025-12-06;7;1198
17;2025-12-06;8;1596
17;2025-12-06;9;1942
17;2025-12-06;10;2338
17;2025-12-06;11;2646
17;2025-12-06;12;2855
17;2025-12-06;13;3035
17;2025-12-06;14;3061
17;2025-12-06;15;3075
17;2025-12-06;16;3102
17;2025-12-06;17;3113
17;2025-12-06;18;2916
17;2025-12-06;19;2427
17;2025-12-06;20;1912
17;2025-12-06;21;1368
17;2025-12-06;22;866
17;2025-12-06;23;438
17;2025-12-07;0;186
17;2025-12-07;1;25
17;2025-12-07;2;0
17;2025-12-07;3;0
17;2025-12-07;4;3
17;2025-12-07;5;86
17;2025-12-07;6;442
17;2025-12-07;7;966
17;2025-12-07;8;1298
17;2025-12-07;9;1661
17;2025-12-07;10;2079
17;2025-12-07;11;2364
17;2025-12-07;12;2578
17;2025-12-07;13;2754
17;2025-12-07;14;2790
17;2025-12-07;15;2812
17;2025-12-07;16;2865
17;2025-12-07;17;2808
17;2025-12-07;18;2632
17;2025-12-07;19;2204
17;2025-12-07;20;1726
17;2025-12-07;21;1241
17;2025-12-07;22;778
17;2025-12-07;23;372
17;2025-12-08;0;129
17;2025-12-08;1;12
17;2025-12-08;2;0
17;2025-12-08;3;0
17;2025-12-08;4;21
17;2025-12-08;5;330
17;2025-12-08;6;1552
17;2025-12-08;7;3986
17;2025-12-08;8;5039
17;2025-12-08;9;3835
17;2025-12-08;10;3062
17;2025-12-08;11;3007
17;2025-12-08;12;3058
17;2025-12-08;13;3112
17;2025-12-08;14;3140
17;2025-12-08;15;3294
17;2025-12-08;16;3704
17;2025-12-08;17;4488
17;2025-12-08;18;4758
17;2025-12-08;19;3549
17;2025-12-08;20;2505
17;2025-12-08;21;1575
17;2025-12-08;22;870
17;2025-12-08;23;396
17;2025-12-09;0;132
17;2025-12-09;1;12
17;2025-12-09;2;0
17;2025-12-09;3;0
17;2025-12-09;4;24
17;2025-12-09;5;346
17;2025-12-09;6;1604
17;2025-12-09;7;4094
17;2025-12-09;8;5164
17;2025-12-09;9;3918
17;2025-12-09;10;3112
17;2025-12-09;11;3046
17;2025-12-09;12;3092
17;2025-12-09;13;3142
17;2025-12-09;14;3170
17;2025-12-09;15;3328
17;2025-12-09;16;3744
17;2025-12-09;17;4547
17;2025-12-09;18;4844
17;2025-12-09;19;3608
17;2025-12-09;20;2561
17;2025-12-09;21;1620
17;2025-12-09;22;902
17;2025-12-09;23;419
17;2025-12-10;0;135
17;2025-12-10;1;14
17;2025-12-10;2;0
17;2025-12-10;3;0
17;2025-12-10;4;24
17;2025-12-10;5;346
17;2025-12-10;6;1603
17;2025-12-10;7;4080
17;2025-12-10;8;5122
17;2025-12-10;9;3875
17;2025-12-10;10;3084
17;2025-12-10;11;3018
17;2025-12-10;12;3062
17;2025-12-10;13;3112
17;2025-12-10;14;3142
17;2025-12-10;15;3302
17;2025-12-10;16;3718
17;2025-12-10;17;4518
17;2025-12-10;18;4806
17;2025-12-10;19;3588
17;2025-12-10;20;2553
17;2025-12-10;21;1614
17;2025-12-10;22;900
17;2025-12-10;23;420
17;2025-12-11;0;135
17;2025-12-11;1;13
17;2025-12-11;2;0
17;2025-12-11;3;0
17;2025-12-11;4;26
17;2025-12-11;5;350
17;2025-12-11;6;1606
17;2025-12-11;7;4084
17;2025-12-11;8;5144
17;2025-12-11;9;3906
17;2025-12-11;10;3120
17;2025-12-11;11;3062
17;2025-12-11;12;3114
17;2025-12-11;13;3172
17;2025-12-11;14;3208
17;2025-12-11;15;3372
17;2025-12-11;16;3794
17;2025-12-11;17;4592
17;2025-12-11;18;4884
17;2025-12-11;19;3638
17;2025-12-11;20;2584
17;2025-12-11;21;1634
17;2025-12-11;22;910
17;2025-12-11;23;427
17;2025-12-12;0;135
17;2025-12-12;1;14
17;2025-12-12;2;0
17;2025-12-12;3;0
17;2025-12-12;4;24
17;2025-12-12;5;346
17;2025-12-12;6;1592
17;2025-12-12;7;4066
17;2025-12-12;8;5120
17;2025-12-12;9;3894
17;2025-12-12;10;3114
17;2025-12-12;11;3060
17;2025-12-12;12;3114
17;2025-12-12;13;3197
17;2025-12-12;14;3247
17;2025-12-12;15;3406
17;2025-12-12;16;3826
17;2025-12-12;17;4570
17;2025-12-12;18;4758
17;2025-12-12;19;3548
17;2025-12-12;20;2556
17;2025-12-12;21;1650
17;2025-12-12;22;934
17;2025-12-12;23;453
17;2025-12-13;0;196
17;2025-12-13;1;27
17;2025-12-13;2;0
17;2025-12-13;3;0
17;2025-12-13;4;4
17;2025-12-13;5;134
17;2025-12-13;6;568
17;2025-12-13;7;1198
17;2025-12-13;8;1596
17;2025-12-13;9;1942
17;2025-12-13;10;2338
17;2025-12-13;11;2646
17;2025-12-13;12;2855
17;2025-12-13;13;3035
17;2025-12-13;14;3061
17;2025-12-13;15;3075
17;2025-12-13;16;3102
17;2025-12-13;17;3113
17;2025-12-13;18;2916
17;2025-12-13;19;2427
17;2025-12-13;20;1912
17;2025-12-13;21;1368
17;2025-12-13;22;866
17;2025-12-13;23;438
17;2025-12-14;0;186
17;2025-12-14;1;25
17;2025-12-14;2;0
17;2025-12-14;3;0
17;2025-12-14;4;3
17;2025-12-14;5;86
17;2025-12-14;6;442
17;2025-12-14;7;966
17;2025-12-14;8;1298
17;2025-12-14;9;1661
17;2025-12-14;10;2079
17;2025-12-14;11;2364
17;2025-12-14;12;2578
17;2025-12-14;13;2754
17;2025-12-14;14;2790
17;2025-12-14;15;2812
17;2025-12-14;16;2865
17;2025-12-14;17;2808
17;2025-12-14;18;2632
17;2025-12-14;19;2204
17;2025-12-14;20;1726
17;2025-12-14;21;1241
17;2025-12-14;22;778
17;2025-12-14;23;372
17;2025-12-15;0;129
17;2025-12-15;1;12
17;2025-12-15;2;0
17;2025-12-15;3;0
17;2025-12-15;4;21
17;2025-12-15;5;330
17;2025-12-15;6;1552
17;2025-12-15;7;3986
17;2025-12-15;8;5039
17;2025-12-15;9;3835
17;2025-12-15;10;3062
17;2025-12-15;11;3007
17;2025-12-15;12;3058
17;2025-12-15;13;3112
17;2025-12-15;14;3140
17;2025-12-15;15;3294
17;2025-12-15;16;3704
17;2025-12-15;17;4488
17;2025-12-15;18;4758
17;2025-12-15;19;3549
17;2025-12-15;20;2505
17;2025-12-15;21;1575
17;2025-12-15;22;870
17;2025-12-15;23;396
17;2025-12-16;0;132
17;2025-12-16;1;12
17;2025-12-16;2;0
17;2025-12-16;3;0
17;2025-12-16;4;24
17;2025-12-16;5;346
17;2025-12-16;6;1604
17;2025-12-16;7;4094
17;2025-12-16;8;5164
17;2025-12-16;9;3918
17;2025-12-16;10;3112
17;2025-12-16;11;3046
17;2025-12-16;12;3092
17;2025-12-16;13;3142
17;2025-12-16;14;3170
17;2025-12-16;15;3328
17;2025-12-16;16;3744
17;2025-12-16;17;4547
17;2025-12-16;18;4844
17;2025-12-16;19;3608
17;2025-12-16;20;2561
17;2025-12-16;21;1620
17;2025-12-16;22;902
17;2025-12-16;23;419
17;2025-12-17;0;135
17;2025-12-17;1;14
17;2025-12-17;2;0
17;2025-12-17;3;0
17;2025-12-17;4;24
17;2025-12-17;5;346
17;2025-12-17;6;1603
17;2025-12-17;7;4080
17;2025-12-17;8;5122
17;2025-12-17;9;3875
17;2025-12-17;10;3084
17;2025-12-17;11;3018
17;2025-12-17;12;3062
17;2025-12-17;13;3112
17;2025-12-17;14;3142
17;2025-12-17;15;3302
17;2025-12-17;16;3718
17;2025-12-17;17;4518
17;2025-12-17;18;4806
17;2025-12-17;19;3588
17;2025-12-17;20;2553
17;2025-12-17;21;1614
17;2025-12-17;22;900
17;2025-12-17;23;420
17;2025-12-18;0;135
17;2025-12-18;1;13
17;2025-12-18;2;0
17;2025-12-18;3;0
17;2025-12-18;4;26
17;2025-12-18;5;350
17;2025-12-18;6;1606
17;2025-12-18;7;4084
17;2025-12-18;8;5144
17;2025-12-18;9;3906
17;2025-12-18;10;3120
17;2025-12-18;11;3062
17;2025-12-18;12;3114
17;2025-12-18;13;3172
17;2025-12-18;14;3208
17;2025-12-18;15;3372
17;2025-12-18;16;3794
17;2025-12-18;17;4592
17;2025-12-18;18;4884
17;2025-12-18;19;3638
17;2025-12-18;20;2584
17;2025-12-18;21;1634
17;2025-12-18;22;910
17;2025-12-18;23;427
17;2025-12-19;0;135
17;2025-12-19;1;14
17;2025-12-19;2;0
17;2025-12-19;3;0
17;2025-12-19;4;24
17;2025-12-19;5;346
17;2025-12-19;6;1592
17;2025-12-19;7;4066
17;2025-12-19;8;5120
17;2025-12-19;9;3894
17;2025-12-19;10;3114
17;2025-12-19;11;3060
17;2025-12-19;12;3114
17;2025-12-19;13;3197
17;2025-12-19;14;3247
17;2025-12-19;15;3406
17;2025-12-19;16;3826
17;2025-12-19;17;4570
17;2025-12-19;18;4758
17;2025-12-19;19;3548
17;2025-12-19;20;2556
17;2025-12-19;21;1650
17;2025-12-19;22;934
17;2025-12-19;23;453
17;2025-12-20;0;196
17;2025-12-20;1;27
17;2025-12-20;2;0
17;2025-12-20;3;0
17;2025-12-20;4;4
17;2025-12-20;5;134
17;2025-12-20;6;568
17;2025-12-20;7;1198
17;2025-12-20;8;1596
17;2025-12-20;9;1942
17;2025-12-20;10;2338
17;2025-12-20;11;2646
17;2025-12-20;12;2855
17;2025-12-20;13;3035
17;2025-12-20;14;3061
17;2025-12-20;15;3075
17;2025-12-20;16;3102
17;2025-12-20;17;3113
17;2025-12-20;18;2916
17;2025-12-20;19;2427
17;2025-12-20;20;1912
17;2025-12-20;21;1368
17;2025-12-20;22;866
17;2025-12-20;23;438
17;2025-12-21;0;186
17;2025-12-21;1;25
17;2025-12-21;2;0
17;2025-12-21;3;0
17;2025-12-21;4;3
17;2025-12-21;5;86
17;2025-12-21;6;442
17;2025-12-21;7;966
17;2025-12-21;8;1298
17;2025-12-21;9;1661
17;2025-12-21;10;2079
17;2025-12-21;11;2364
17;2025-12-21;12;2578
17;2025-12-21;13;2754
17;2025-12-21;14;2790
17;2025-12-21;15;2812
17;2025-12-21;16;2865
17;2025-12-21;17;2808
17;2025-12-21;18;2632
17;2025-12-21;19;2204
17;2025-12-21;20;1726
17;2025-12-21;21;1241
17;2025-12-21;22;778
17;2025-12-21;23;372
17;2025-12-22;0;129
17;2025-12-22;1;12
17;2025-12-22;2;0
17;2025-12-22;3;0
17;2025-12-22;4;21
17;2025-12-22;5;330
17;2025-12-22;6;1552
17;2025-12-22;7;3986
17;2025-12-22;8;5039
17;2025-12-22;9;3835
17;2025-12-22;10;3062
17;2025-12-22;11;3007
17;2025-12-22;12;3058
17;2025-12-22;13;3112
17;2025-12-22;14;3140
17;2025-12-22;15;3294
17;2025-12-22;16;3704
17;2025-12-22;17;4488
17;2025-12-22;18;4758
17;2025-12-22;19;3549
17;2025-12-22;20;2505
17;2025-12-22;21;1575
17;2025-12-22;22;870
17;2025-12-22;23;396
17;2025-12-23;0;132
17;2025-12-23;1;12
17;2025-12-23;2;0
17;2025-12-23;3;0
17;2025-12-23;4;24
17;2025-12-23;5;346
17;2025-12-23;6;1604
17;2025-12-23;7;4094
17;2025-12-23;8;5164
17;2025-12-23;9;3918
17;2025-12-23;10;3112
17;2025-12-23;11;3046
17;2025-12-23;12;3092
17;2025-12-23;13;3142
17;2025-12-23;14;3170
17;2025-12-23;15;3328
17;2025-12-23;16;3744
17;2025-12-23;17;4547
17;2025-12-23;18;4844
17;2025-12-23;19;3608
17;2025-12-23;20;2561
17;2025-12-23;21;1620
17;2025-12-23;22;902
17;2025-12-23;23;419
17;2025-12-24;0;135
17;2025-12-24;1;14
17;2025-12-24;2;0
17;2025-12-24;3;0
17;2025-12-24;4;24
17;2025-12-24;5;346
17;2025-12-24;6;1603
17;2025-12-24;7;4080
17;2025-12-24;8;5122
17;2025-12-24;9;3875
17;2025-12-24;10;3084
17;2025-12-24;11;3018
17;2025-12-24;12;3062
17;2025-12-24;13;3112
17;2025-12-24;14;3142
17;2025-12-24;15;3302
17;2025-12-24;16;3718
17;2025-12-24;17;4518
17;2025-12-24;18;4806
17;2025-12-24;19;3588
17;2025-12-24;20;2553
17;2025-12-24;21;1614
17;2025-12-24;22;900
17;2025-12-24;23;420
17;2025-12-25;0;135
17;2025-12-25;1;13
17;2025-12-25;2;0
17;2025-12-25;3;0
17;2025-12-25;4;26
17;2025-12-25;5;350
17;2025-12-25;6;1606
17;2025-12-25;7;4084
17;2025-12-25;8;5144
17;2025-12-25;9;3906
17;2025-12-25;10;3120
17;2025-12-25;11;3062
17;2025-12-25;12;3114
17;2025-12-25;13;3172
17;2025-12-25;14;3208
17;2025-12-25;15;3372
17;2025-12-25;16;3794
17;2025-12-25;17;4592
17;2025-12-25;18;4884
17;2025-12-25;19;3638
17;2025-12-25;20;2584
17;2025-12-25;21;1634
17;2025-12-25;22;910
17;2025-12-25;23;427
17;2025-12-26;0;135
17;2025-12-26;1;14
17;2025-12-26;2;0
17;2025-12-26;3;0
17;2025-12-26;4;24
17;2025-12-26;5;346
17;2025-12-26;6;1592
17;2025-12-26;7;4066
17;2025-12-26;8;5120
17;2025-12-26;9;3894
17;2025-12-26;10;3114
17;2025-12-26;11;3060
17;2025-12-26;12;3114
17;2025-12-26;13;3197
17;2025-12-26;14;3247
17;2025-12-26;15;3406
17;2025-12-26;16;3826
17;2025-12-26;17;4570
17;2025-12-26;18;4758
17;2025-12-26;19;3548
17;2025-12-26;20;2556
17;2025-12-26;21;1650
17;2025-12-26;22;934
17;2025-12-26;23;453
17;2025-12-27;0;196
17;2025-12-27;1;27
17;2025-12-27;2;0
17;2025-12-27;3;0
17;2025-12-27;4;4
17;2025-12-27;5;134
17;2025-12-27;6;568
17;2025-12-27;7;1198
17;2025-12-27;8;1596
17;2025-12-27;9;1942
17;2025-12-27;10;2338
17;2025-12-27;11;2646
17;2025-12-27;12;2855
17;2025-12-27;13;3035
17;2025-12-27;14;3061
17;2025-12-27;15;3075
17;2025-12-27;16;3102
17;2025-12-27;17;3113
17;2025-12-27;18;2916
17;2025-12-27;19;2427
17;2025-12-27;20;1912
17;2025-12-27;21;1368
17;2025-12-27;22;866
17;2025-12-27;23;438
17;2025-12-28;0;186
17;2025-12-28;1;25
17;2025-12-28;2;0
17;2025-12-28;3;0
17;2025-12-28;4;3
17;2025-12-28;5;86
17;2025-12-28;6;442
17;2025-12-28;7;966
17;2025-12-28;8;1298
17;2025-12-28;9;1661
17;2025-12-28;10;2079
17;2025-12-28;11;2364
17;2025-12-28;12;2578
17;2025-12-28;13;2754
17;2025-12-28;14;2790
17;2025-12-28;15;2812
17;2025-12-28;16;2865
17;2025-12-28;17;2808
17;2025-12-28;18;2632
17;2025-12-28;19;2204
17;2025-12-28;20;1726
17;2025-12-28;21;1241
17;2025-12-28;22;778
17;2025-12-28;23;372
17;2025-12-29;0;129
17;2025-12-29;1;12
17;2025-12-29;2;0
17;2025-12-29;3;0
17;2025-12-29;4;21
17;2025-12-29;5;330
17;2025-12-29;6;1552
17;2025-12-29;7;3986
17;2025-12-29;8;5039
17;2025-12-29;9;3835
17;2025-12-29;10;3062
17;2025-12-29;11;3007
17;2025-12-29;12;3058
17;2025-12-29;13;3112
17;2025-12-29;14;3140
17;2025-12-29;15;3294
17;2025-12-29;16;3704
17;2025-12-29;17;4488
17;2025-12-29;18;4758
17;2025-12-29;19;3549
17;2025-12-29;20;2505
17;2025-12-29;21;1575
17;2025-12-29;22;870
17;2025-12-29;23;396
17;2025-12-30;0;132
17;2025-12-30;1;12
17;2025-12-30;2;0
17;2025-12-30;3;0
17;2025-12-30;4;24
17;2025-12-30;5;346
17;2025-12-30;6;1604
17;2025-12-30;7;4094
17;2025-12-30;8;5164
17;2025-12-30;9;3918
17;2025-12-30;10;3112
17;2025-12-30;11;3046
17;2025-12-30;12;3092
17;2025-12-30;13;3142
17;2025-12-30;14;3170
17;2025-12-30;15;3328
17;2025-12-30;16;3744
17;2025-12-30;17;4547
17;2025-12-30;18;4844
17;2025-12-30;19;3608
17;2025-12-30;20;2561
17;2025-12-30;21;1620
17;2025-12-30;22;902
17;2025-12-30;23;419
17;2025-12-31;0;180
17;2025-12-31;1;24
17;2025-12-31;2;0
17;2025-12-31;3;0
17;2025-12-31;4;2
17;2025-12-31;5;112
17;2025-12-31;6;482
17;2025-12-31;7;1029
17;2025-12-31;8;1400
17;2025-12-31;9;1628
17;2025-12-31;10;1979
17;2025-12-31;11;2220
17;2025-12-31;12;2390
17;2025-12-31;13;2554
17;2025-12-31;14;2600
17;2025-12-31;15;2650
17;2025-12-31;16;2731
17;2025-12-31;17;2814
17;2025-12-31;18;2687
17;2025-12-31;19;2254
17;2025-12-31;20;1788
17;2025-12-31;21;1292
17;2025-12-31;22;814
17;2025-12-31;23;394
25;2025-11-01;0;3
25;2025-11-01;1;0
25;2025-11-01;2;0
25;2025-11-01;3;0
25;2025-11-01;4;0
25;2025-11-01;5;14
25;2025-11-01;6;217
25;2025-11-01;7;717
25;2025-11-01;8;1170
25;2025-11-01;9;708
25;2025-11-01;10;539
25;2025-11-01;11;578
25;2025-11-01;12;610
25;2025-11-01;13;706
25;2025-11-01;14;667
25;2025-11-01;15;776
25;2025-11-01;16;904
25;2025-11-01;17;998
25;2025-11-01;18;1044
25;2025-11-01;19;704
25;2025-11-01;20;423
25;2025-11-01;21;269
25;2025-11-01;22;147
25;2025-11-01;23;25
25;2025-11-02;0;16
25;2025-11-02;1;0
25;2025-11-02;2;0
25;2025-11-02;3;0
25;2025-11-02;4;6
25;2025-11-02;5;3
25;2025-11-02;6;40
25;2025-11-02;7;108
25;2025-11-02;8;234
25;2025-11-02;9;248
25;2025-11-02;10;275
25;2025-11-02;11;344
25;2025-11-02;12;400
25;2025-11-02;13;495
25;2025-11-02;14;514
25;2025-11-02;15;568
25;2025-11-02;16;544
25;2025-11-02;17;500
25;2025-11-02;18;466
25;2025-11-02;19;364
25;2025-11-02;20;252
25;2025-11-02;21;214
25;2025-11-02;22;134
25;2025-11-02;23;50
25;2025-11-03;0;12
25;2025-11-03;1;0
25;2025-11-03;2;0
25;2025-11-03;3;0
25;2025-11-03;4;6
25;2025-11-03;5;12
25;2025-11-03;6;44
25;2025-11-03;7;112
25;2025-11-03;8;273
25;2025-11-03;9;254
25;2025-11-03;10;268
25;2025-11-03;11;322
25;2025-11-03;12;369
25;2025-11-03;13;454
25;2025-11-03;14;470
25;2025-11-03;15;516
25;2025-11-03;16;504
25;2025-11-03;17;491
25;2025-11-03;18;464
25;2025-11-03;19;373
25;2025-11-03;20;254
25;2025-11-03;21;214
25;2025-11-03;22;132
25;2025-11-03;23;48
25;2025-11-04;0;10
25;2025-11-04;1;2
25;2025-11-04;2;0
25;2025-11-04;3;0
25;2025-11-04;4;0
25;2025-11-04;5;0
25;2025-11-04;6;19
25;2025-11-04;7;78
25;2025-11-04;8;208
25;2025-11-04;9;196
25;2025-11-04;10;215
25;2025-11-04;11;259
25;2025-11-04;12;320
25;2025-11-04;13;401
25;2025-11-04;14;434
25;2025-11-04;15;466
25;2025-11-04;16;470
25;2025-11-04;17;438
25;2025-11-04;18;412
25;2025-11-04;19;322
25;2025-11-04;20;235
25;2025-11-04;21;201
25;2025-11-04;22;119
25;2025-11-04;23;42
25;2025-11-05;0;4
25;2025-11-05;1;0
25;2025-11-05;2;0
25;2025-11-05;3;0
25;2025-11-05;4;0
25;2025-11-05;5;8
25;2025-11-05;6;166
25;2025-11-05;7;604
25;2025-11-05;8;1024
25;2025-11-05;9;560
25;2025-11-05;10;406
25;2025-11-05;11;424
25;2025-11-05;12;452
25;2025-11-05;13;526
25;2025-11-05;14;505
25;2025-11-05;15;604
25;2025-11-05;16;729
25;2025-11-05;17;862
25;2025-11-05;18;922
25;2025-11-05;19;612
25;2025-11-05;20;364
25;2025-11-05;21;234
25;2025-11-05;22;126
25;2025-11-05;23;12
25;2025-11-06;0;4
25;2025-11-06;1;0
25;2025-11-06;2;0
25;2025-11-06;3;0
25;2025-11-06;4;0
25;2025-11-06;5;8
25;2025-11-06;6;168
25;2025-11-06;7;602
25;2025-11-06;8;1021
25;2025-11-06;9;560
25;2025-11-06;10;408
25;2025-11-06;11;427
25;2025-11-06;12;456
25;2025-11-06;13;530
25;2025-11-06;14;510
25;2025-11-06;15;610
25;2025-11-06;16;734
25;2025-11-06;17;846
25;2025-11-06;18;910
25;2025-11-06;19;608
25;2025-11-06;20;360
25;2025-11-06;21;232
25;2025-11-06;22;124
25;2025-11-06;23;12
25;2025-11-07;0;4
25;2025-11-07;1;0
25;2025-11-07;2;0
25;2025-11-07;3;0
25;2025-11-07;4;0
25;2025-11-07;5;8
25;2025-11-07;6;160
25;2025-11-07;7;596
25;2025-11-07;8;1014
25;2025-11-07;9;552
25;2025-11-07;10;405
25;2025-11-07;11;427
25;2025-11-07;12;459
25;2025-11-07;13;564
25;2025-11-07;14;550
25;2025-11-07;15;650
25;2025-11-07;16;776
25;2025-11-07;17;833
25;2025-11-07;18;795
25;2025-11-07;19;518
25;2025-11-07;20;324
25;2025-11-07;21;234
25;2025-11-07;22;130
25;2025-11-07;23;24
25;2025-11-08;0;11
25;2025-11-08;1;0
25;2025-11-08;2;0
25;2025-11-08;3;0
25;2025-11-08;4;1
25;2025-11-08;5;14
25;2025-11-08;6;64
25;2025-11-08;7;156
25;2025-11-08;8;282
25;2025-11-08;9;329
25;2025-11-08;10;353
25;2025-11-08;11;426
25;2025-11-08;12;480
25;2025-11-08;13;584
25;2025-11-08;14;606
25;2025-11-08;15;661
25;2025-11-08;16;614
25;2025-11-08;17;564
25;2025-11-08;18;526
25;2025-11-08;19;424
25;2025-11-08;20;308
25;2025-11-08;21;249
25;2025-11-08;22;156
25;2025-11-08;23;64
25;2025-11-09;0;16
25;2025-11-09;1;0
25;2025-11-09;2;0
25;2025-11-09;3;0
25;2025-11-09;4;6
25;2025-11-09;5;3
25;2025-11-09;6;40
25;2025-11-09;7;108
25;2025-11-09;8;234
25;2025-11-09;9;248
25;2025-11-09;10;275
25;2025-11-09;11;344
25;2025-11-09;12;400
25;2025-11-09;13;495
25;2025-11-09;14;514
25;2025-11-09;15;568
25;2025-11-09;16;544
25;2025-11-09;17;500
25;2025-11-09;18;466
25;2025-11-09;19;364
25;2025-11-09;20;252
25;2025-11-09;21;214
25;2025-11-09;22;134
25;2025-11-09;23;50
25;2025-11-10;0;4
25;2025-11-10;1;0
25;2025-11-10;2;0
25;2025-11-10;3;0
25;2025-11-10;4;0
25;2025-11-10;5;4
25;2025-11-10;6;154
25;2025-11-10;7;580
25;2025-11-10;8;993
25;2025-11-10;9;538
25;2025-11-10;10;384
25;2025-11-10;11;400
25;2025-11-10;12;430
25;2025-11-10;13;500
25;2025-11-10;14;479
25;2025-11-10;15;576
25;2025-11-10;16;698
25;2025-11-10;17;820
25;2025-11-10;18;878
25;2025-11-10;19;592
25;2025-11-10;20;338
25;2025-11-10;21;214
25;2025-11-10;22;111
25;2025-11-10;23;6
25;2025-11-11;0;3
25;2025-11-11;1;0
25;2025-11-11;2;0
25;2025-11-11;3;0
25;2025-11-11;4;0
25;2025-11-11;5;7
25;2025-11-11;6;165
25;2025-11-11;7;600
25;2025-11-11;8;1024
25;2025-11-11;9;562
25;2025-11-11;10;401
25;2025-11-11;11;417
25;2025-11-11;12;444
25;2025-11-11;13;516
25;2025-11-11;14;493
25;2025-11-11;15;590
25;2025-11-11;16;712
25;2025-11-11;17;840
25;2025-11-11;18;911
25;2025-11-11;19;600
25;2025-11-11;20;350
25;2025-11-11;21;226
25;2025-11-11;22;121
25;2025-11-11;23;8
25;2025-11-12;0;4
25;2025-11-12;1;0
25;2025-11-12;2;0
25;2025-11-12;3;0
25;2025-11-12;4;0
25;2025-11-12;5;8
25;2025-11-12;6;166
25;2025-11-12;7;604
25;2025-11-12;8;1024
25;2025-11-12;9;560
25;2025-11-12;10;406
25;2025-11-12;11;424
25;2025-11-12;12;452
25;2025-11-12;13;526
25;2025-11-12;14;505
25;2025-11-12;15;604
25;2025-11-12;16;729
25;2025-11-12;17;862
25;2025-11-12;18;922
25;2025-11-12;19;612
25;2025-11-12;20;364
25;2025-11-12;21;234
25;2025-11-12;22;126
25;2025-11-12;23;12
25;2025-11-13;0;4
25;2025-11-13;1;0
25;2025-11-13;2;0
25;2025-11-13;3;0
25;2025-11-13;4;0
25;2025-11-13;5;8
25;2025-11-13;6;168
25;2025-11-13;7;602
25;2025-11-13;8;1021
25;2025-11-13;9;560
25;2025-11-13;10;408
25;2025-11-13;11;427
25;2025-11-13;12;456
25;2025-11-13;13;530
25;2025-11-13;14;510
25;2025-11-13;15;610
25;2025-11-13;16;734
25;2025-11-13;17;846
25;2025-11-13;18;910
25;2025-11-13;19;608
25;2025-11-13;20;360
25;2025-11-13;21;232
25;2025-11-13;22;124
25;2025-11-13;23;12
25;2025-11-14;0;4
25;2025-11-14;1;0
25;2025-11-14;2;0
25;2025-11-14;3;0
25;2025-11-14;4;0
25;2025-11-14;5;8
25;2025-11-14;6;160
25;2025-11-14;7;596
25;2025-11-14;8;1014
25;2025-11-14;9;552
25;2025-11-14;10;405
25;2025-11-14;11;427
25;2025-11-14;12;459
25;2025-11-14;13;564
25;2025-11-14;14;550
25;2025-11-14;15;650
25;2025-11-14;16;776
25;2025-11-14;17;833
25;2025-11-14;18;795
25;2025-11-14;19;518
25;2025-11-14;20;324
25;2025-11-14;21;234
25;2025-11-14;22;130
25;2025-11-14;23;24
25;2025-11-15;0;11
25;2025-11-15;1;0
25;2025-11-15;2;0
25;2025-11-15;3;0
25;2025-11-15;4;1
25;2025-11-15;5;14
25;2025-11-15;6;64
25;2025-11-15;7;156
25;2025-11-15;8;282
25;2025-11-15;9;329
25;2025-11-15;10;353
25;2025-11-15;11;426
25;2025-11-15;12;480
25;2025-11-15;13;584
25;2025-11-15;14;606
25;2025-11-15;15;661
25;2025-11-15;16;614
25;2025-11-15;17;564
25;2025-11-15;18;526
25;2025-11-15;19;424
25;2025-11-15;20;308
25;2025-11-15;21;249
25;2025-11-15;22;156
25;2025-11-15;23;64
25;2025-11-16;0;16
25;2025-11-16;1;0
25;2025-11-16;2;0
25;2025-11-16;3;0
25;2025-11-16;4;6
25;2025-11-16;5;3
25;2025-11-16;6;40
25;2025-11-16;7;108
25;2025-11-16;8;234
25;2025-11-16;9;248
25;2025-11-16;10;275
25;2025-11-16;11;344
25;2025-11-16;12;400
25;2025-11-16;13;495
25;2025-11-16;14;514
25;2025-11-16;15;568
25;2025-11-16;16;544
25;2025-11-16;17;500
25;2025-11-16;18;466
25;2025-11-16;19;364
25;2025-11-16;20;252
25;2025-11-16;21;214
25;2025-11-16;22;134
25;2025-11-16;23;50
25;2025-11-17;0;4
25;2025-11-17;1;0
25;2025-11-17;2;0
25;2025-11-17;3;0
25;2025-11-17;4;0
25;2025-11-17;5;4
25;2025-11-17;6;154
25;2025-11-17;7;580
25;2025-11-17;8;993
25;2025-11-17;9;538
25;2025-11-17;10;384
25;2025-11-17;11;400
25;2025-11-17;12;430
25;2025-11-17;13;500
25;2025-11-17;14;479
25;2025-11-17;15;576
25;2025-11-17;16;698
25;2025-11-17;17;820
25;2025-11-17;18;878
25;2025-11-17;19;592
25;2025-11-17;20;338
25;2025-11-17;21;214
25;2025-11-17;22;111
25;2025-11-17;23;6
25;2025-11-18;0;3
25;2025-11-18;1;0
25;2025-11-18;2;0
25;2025-11-18;3;0
25;2025-11-18;4;0
25;2025-11-18;5;7
25;2025-11-18;6;165
25;2025-11-18;7;600
25;2025-11-18;8;1024
25;2025-11-18;9;562
25;2025-11-18;10;401
25;2025-11-18;11;417
25;2025-11-18;12;444
25;2025-11-18;13;516
25;2025-11-18;14;493
25;2025-11-18;15;590
25;2025-11-18;16;712
25;2025-11-18;17;840
25;2025-11-18;18;911
25;2025-11-18;19;600
25;2025-11-18;20;350
25;2025-11-18;21;226
25;2025-11-18;22;121
25;2025-11-18;23;8
25;2025-11-19;0;4
25;2025-11-19;1;0
25;2025-11-19;2;0
25;2025-11-19;3;0
25;2025-11-19;4;0
25;2025-11-19;5;8
25;2025-11-19;6;166
25;2025-11-19;7;604
25;2025-11-19;8;1024
25;2025-11-19;9;560
25;2025-11-19;10;406
25;2025-11-19;11;424
25;2025-11-19;12;452
25;2025-11-19;13;526
25;2025-11-19;14;505
25;2025-11-19;15;604
25;2025-11-19;16;729
25;2025-11-19;17;862
25;2025-11-19;18;922
25;2025-11-19;19;612
25;2025-11-19;20;364
25;2025-11-19;21;234
25;2025-11-19;22;126
25;2025-11-19;23;12
25;2025-11-20;0;4
25;2025-11-20;1;0
25;2025-11-20;2;0
25;2025-11-20;3;0
25;2025-11-20;4;0
25;2025-11-20;5;8
25;2025-11-20;6;168
25;2025-11-20;7;602
25;2025-11-20;8;1021
25;2025-11-20;9;560
25;2025-11-20;10;408
25;2025-11-20;11;427
25;2025-11-20;12;456
25;2025-11-20;13;530
25;2025-11-20;14;510
25;2025-11-20;15;610
25;2025-11-20;16;734
25;2025-11-20;17;846
25;2025-11-20;18;910
25;2025-11-20;19;608
25;2025-11-20;20;360
25;2025-11-20;21;232
25;2025-11-20;22;124
25;2025-11-20;23;12
25;2025-11-21;0;4
25;2025-11-21;1;0
25;2025-11-21;2;0
25;2025-11-21;3;0
25;2025-11-21;4;0
25;2025-11-21;5;8
25;2025-11-21;6;160
25;2025-11-21;7;596
25;2025-11-21;8;1014
25;2025-11-21;9;552
25;2025-11-21;10;405
25;2025-11-21;11;427
25;2025-11-21;12;459
25;2025-11-21;13;564
25;2025-11-21;14;550
25;2025-11-21;15;650
25;2025-11-21;16;776
25;2025-11-21;17;833
25;2025-11-21;18;795
25;2025-11-21;19;518
25;2025-11-21;20;324
25;2025-11-21;21;234
25;2025-11-21;22;130
25;2025-11-21;23;24
25;2025-11-22;0;11
25;2025-11-22;1;0
25;2025-11-22;2;0
25;2025-11-22;3;0
25;2025-11-22;4;1
25;2025-11-22;5;14
25;2025-11-22;6;64
25;2025-11-22;7;156
25;2025-11-22;8;282
25;2025-11-22;9;329
25;2025-11-22;10;353
25;2025-11-22;11;426
25;2025-11-22;12;480
25;2025-11-22;13;584
25;2025-11-22;14;606
25;2025-11-22;15;661
25;2025-11-22;16;614
25;2025-11-22;17;564
25;2025-11-22;18;526
25;2025-11-22;19;424
25;2025-11-22;20;308
25;2025-11-22;21;249
25;2025-11-22;22;156
25;2025-11-22;23;64
25;2025-11-23;0;16
25;2025-11-23;1;0
25;2025-11-23;2;0
25;2025-11-23;3;0
25;2025-11-23;4;6
25;2025-11-23;5;3
25;2025-11-23;6;40
25;2025-11-23;7;108
25;2025-11-23;8;234
25;2025-11-23;9;248
25;2025-11-23;10;275
25;2025-11-23;11;344
25;2025-11-23;12;400
25;2025-11-23;13;495
25;2025-11-23;14;514
25;2025-11-23;15;568
25;2025-11-23;16;544
25;2025-11-23;17;500
25;2025-11-23;18;466
25;2025-11-23;19;364
25;2025-11-23;20;252
25;2025-11-23;21;214
25;2025-11-23;22;134
25;2025-11-23;23;50
25;2025-11-24;0;4
25;2025-11-24;1;0
25;2025-11-24;2;0
25;2025-11-24;3;0
25;2025-11-24;4;0
25;2025-11-24;5;4
25;2025-11-24;6;154
25;2025-11-24;7;580
25;2025-11-24;8;993
25;2025-11-24;9;538
25;2025-11-24;10;384
25;2025-11-24;11;400
25;2025-11-24;12;430
25;2025-11-24;13;500
25;2025-11-24;14;479
25;2025-11-24;15;576
25;2025-11-24;16;698
25;2025-11-24;17;820
25;2025-11-24;18;878
25;2025-11-24;19;592
25;2025-11-24;20;338
25;2025-11-24;21;214
25;2025-11-24;22;111
25;2025-11-24;23;6
25;2025-11-25;0;3
25;2025-11-25;1;0
25;2025-11-25;2;0
25;2025-11-25;3;0
25;2025-11-25;4;0
25;2025-11-25;5;7
25;2025-11-25;6;165
25;2025-11-25;7;600
25;2025-11-25;8;1024
25;2025-11-25;9;562
25;2025-11-25;10;401
25;2025-11-25;11;417
25;2025-11-25;12;444
25;2025-11-25;13;516
25;2025-11-25;14;493
25;2025-11-25;15;590
25;2025-11-25;16;712
25;2025-11-25;17;840
25;2025-11-25;18;911
25;2025-11-25;19;600
25;2025-11-25;20;350
25;2025-11-25;21;226
25;2025-11-25;22;121
25;2025-11-25;23;8
25;2025-11-26;0;4
25;2025-11-26;1;0
25;2025-11-26;2;0
25;2025-11-26;3;0
25;2025-11-26;4;0
25;2025-11-26;5;8
25;2025-11-26;6;166
25;2025-11-26;7;604
25;2025-11-26;8;1024
25;2025-11-26;9;560
25;2025-11-26;10;406
25;2025-11-26;11;424
25;2025-11-26;12;452
25;2025-11-26;13;526
25;2025-11-26;14;505
25;2025-11-26;15;604
25;2025-11-26;16;729
25;2025-11-26;17;862
25;2025-11-26;18;922
25;2025-11-26;19;612
25;2025-11-26;20;364
25;2025-11-26;21;234
25;2025-11-26;22;126
25;2025-11-26;23;12
25;2025-11-27;0;4
25;2025-11-27;1;0
25;2025-11-27;2;0
25;2025-11-27;3;0
25;2025-11-27;4;0
25;2025-11-27;5;8
25;2025-11-27;6;168
25;2025-11-27;7;602
25;2025-11-27;8;1021
25;2025-11-27;9;560
25;2025-11-27;10;408
25;2025-11-27;11;427
25;2025-11-27;12;456
25;2025-11-27;13;530
25;2025-11-27;14;510
25;2025-11-27;15;610
25;2025-11-27;16;734
25;2025-11-27;17;846
25;2025-11-27;18;910
25;2025-11-27;19;608
25;2025-11-27;20;360
25;2025-11-27;21;232
25;2025-11-27;22;124
25;2025-11-27;23;12
25;2025-11-28;0;4
25;2025-11-28;1;0
25;2025-11-28;2;0
25;2025-11-28;3;0
25;2025-11-28;4;0
25;2025-11-28;5;8
25;2025-11-28;6;160
25;2025-11-28;7;596
25;2025-11-28;8;1014
25;2025-11-28;9;552
25;2025-11-28;10;405
25;2025-11-28;11;427
25;2025-11-28;12;459
25;2025-11-28;13;564
25;2025-11-28;14;550
25;2025-11-28;15;650
25;2025-11-28;16;776
25;2025-11-28;17;833
25;2025-11-28;18;795
25;2025-11-28;19;518
25;2025-11-28;20;324
25;2025-11-28;21;234
25;2025-11-28;22;130
25;2025-11-28;23;24
25;2025-11-29;0;11
25;2025-11-29;1;0
25;2025-11-29;2;0
25;2025-11-29;3;0
25;2025-11-29;4;1
25;2025-11-29;5;14
25;2025-11-29;6;64
25;2025-11-29;7;156
25;2025-11-29;8;282
25;2025-11-29;9;329
25;2025-11-29;10;353
25;2025-11-29;11;426
25;2025-11-29;12;480
25;2025-11-29;13;584
25;2025-11-29;14;606
25;2025-11-29;15;661
25;2025-11-29;16;614
25;2025-11-29;17;564
25;2025-11-29;18;526
25;2025-11-29;19;424
25;2025-11-29;20;308
25;2025-11-29;21;249
25;2025-11-29;22;156
25;2025-11-29;23;64
25;2025-11-30;0;16
25;2025-11-30;1;0
25;2025-11-30;2;0
25;2025-11-30;3;0
25;2025-11-30;4;6
25;2025-11-30;5;3
25;2025-11-30;6;40
25;2025-11-30;7;108
25;2025-11-30;8;234
25;2025-11-30;9;248
25;2025-11-30;10;275
25;2025-11-30;11;344
25;2025-11-30;12;400
25;2025-11-30;13;495
25;2025-11-30;14;514
25;2025-11-30;15;568
25;2025-11-30;16;544
25;2025-11-30;17;500
25;2025-11-30;18;466
25;2025-11-30;19;364
25;2025-11-30;20;252
25;2025-11-30;21;214
25;2025-11-30;22;134
25;2025-11-30;23;50
25;2025-12-01;0;4
25;2025-12-01;1;0
25;2025-12-01;2;0
25;2025-12-01;3;0
25;2025-12-01;4;0
25;2025-12-01;5;3
25;2025-12-01;6;160
25;2025-12-01;7;558
25;2025-12-01;8;945
25;2025-12-01;9;533
25;2025-12-01;10;380
25;2025-12-01;11;395
25;2025-12-01;12;412
25;2025-12-01;13;475
25;2025-12-01;14;455
25;2025-12-01;15;546
25;2025-12-01;16;669
25;2025-12-01;17;782
25;2025-12-01;18;844
25;2025-12-01;19;572
25;2025-12-01;20;326
25;2025-12-01;21;211
25;2025-12-01;22;110
25;2025-12-01;23;6
25;2025-12-02;0;4
25;2025-12-02;1;0
25;2025-12-02;2;0
25;2025-12-02;3;0
25;2025-12-02;4;0
25;2025-12-02;5;5
25;2025-12-02;6;171
25;2025-12-02;7;578
25;2025-12-02;8;976
25;2025-12-02;9;557
25;2025-12-02;10;396
25;2025-12-02;11;412
25;2025-12-02;12;428
25;2025-12-02;13;492
25;2025-12-02;14;470
25;2025-12-02;15;561
25;2025-12-02;16;683
25;2025-12-02;17;802
25;2025-12-02;18;874
25;2025-12-02;19;579
25;2025-12-02;20;338
25;2025-12-02;21;222
25;2025-12-02;22;120
25;2025-12-02;23;6
25;2025-12-03;0;4
25;2025-12-03;1;0
25;2025-12-03;2;0
25;2025-12-03;3;0
25;2025-12-03;4;0
25;2025-12-03;5;6
25;2025-12-03;6;172
25;2025-12-03;7;582
25;2025-12-03;8;978
25;2025-12-03;9;556
25;2025-12-03;10;402
25;2025-12-03;11;419
25;2025-12-03;12;436
25;2025-12-03;13;502
25;2025-12-03;14;482
25;2025-12-03;15;575
25;2025-12-03;16;701
25;2025-12-03;17;816
25;2025-12-03;18;880
25;2025-12-03;19;590
25;2025-12-03;20;350
25;2025-12-03;21;230
25;2025-12-03;22;125
25;2025-12-03;23;7
25;2025-12-04;0;4
25;2025-12-04;1;0
25;2025-12-04;2;0
25;2025-12-04;3;0
25;2025-12-04;4;0
25;2025-12-04;5;6
25;2025-12-04;6;173
25;2025-12-04;7;580
25;2025-12-04;8;974
25;2025-12-04;9;556
25;2025-12-04;10;404
25;2025-12-04;11;422
25;2025-12-04;12;440
25;2025-12-04;13;506
25;2025-12-04;14;486
25;2025-12-04;15;580
25;2025-12-04;16;706
25;2025-12-04;17;810
25;2025-12-04;18;878
25;2025-12-04;19;588
25;2025-12-04;20;349
25;2025-12-04;21;230
25;2025-12-04;22;124
25;2025-12-04;23;6
25;2025-12-05;0;4
25;2025-12-05;1;0
25;2025-12-05;2;0
25;2025-12-05;3;0
25;2025-12-05;4;0
25;2025-12-05;5;6
25;2025-12-05;6;166
25;2025-12-05;7;572
25;2025-12-05;8;964
25;2025-12-05;9;550
25;2025-12-05;10;402
25;2025-12-05;11;424
25;2025-12-05;12;444
25;2025-12-05;13;543
25;2025-12-05;14;532
25;2025-12-05;15;625
25;2025-12-05;16;751
25;2025-12-05;17;799
25;2025-12-05;18;768
25;2025-12-05;19;508
25;2025-12-05;20;320
25;2025-12-05;21;232
25;2025-12-05;22;131
25;2025-12-05;23;14
25;2025-12-06;0;11
25;2025-12-06;1;0
25;2025-12-06;2;0
25;2025-12-06;3;0
25;2025-12-06;4;0
25;2025-12-06;5;8
25;2025-12-06;6;60
25;2025-12-06;7;130
25;2025-12-06;8;242
25;2025-12-06;9;294
25;2025-12-06;10;318
25;2025-12-06;11;392
25;2025-12-06;12;450
25;2025-12-06;13;550
25;2025-12-06;14;571
25;2025-12-06;15;621
25;2025-12-06;16;573
25;2025-12-06;17;515
25;2025-12-06;18;480
25;2025-12-06;19;398
25;2025-12-06;20;288
25;2025-12-06;21;241
25;2025-12-06;22;153
25;2025-12-06;23;54
25;2025-12-07;0;15
25;2025-12-07;1;0
25;2025-12-07;2;0
25;2025-12-07;3;0
25;2025-12-07;4;4
25;2025-12-07;5;2
25;2025-12-07;6;36
25;2025-12-07;7;84
25;2025-12-07;8;194
25;2025-12-07;9;222
25;2025-12-07;10;250
25;2025-12-07;11;320
25;2025-12-07;12;382
25;2025-12-07;13;474
25;2025-12-07;14;492
25;2025-12-07;15;540
25;2025-12-07;16;514
25;2025-12-07;17;460
25;2025-12-07;18;428
25;2025-12-07;19;338
25;2025-12-07;20;234
25;2025-12-07;21;206
25;2025-12-07;22;130
25;2025-12-07;23;38
25;2025-12-08;0;4
25;2025-12-08;1;0
25;2025-12-08;2;0
25;2025-12-08;3;0
25;2025-12-08;4;0
25;2025-12-08;5;3
25;2025-12-08;6;160
25;2025-12-08;7;558
25;2025-12-08;8;945
25;2025-12-08;9;533
25;2025-12-08;10;380
25;2025-12-08;11;395
25;2025-12-08;12;412
25;2025-12-08;13;475
25;2025-12-08;14;455
25;2025-12-08;15;546
25;2025-12-08;16;669
25;2025-12-08;17;782
25;2025-12-08;18;844
25;2025-12-08;19;572
25;2025-12-08;20;326
25;2025-12-08;21;211
25;2025-12-08;22;110
25;2025-12-08;23;6
25;2025-12-09;0;4
25;2025-12-09;1;0
25;2025-12-09;2;0
25;2025-12-09;3;0
25;2025-12-09;4;0
25;2025-12-09;5;5
25;2025-12-09;6;171
25;2025-12-09;7;578
25;2025-12-09;8;976
25;2025-12-09;9;557
25;2025-12-09;10;396
25;2025-12-09;11;412
25;2025-12-09;12;428
25;2025-12-09;13;492
25;2025-12-09;14;470
25;2025-12-09;15;561
25;2025-12-09;16;683
25;2025-12-09;17;802
25;2025-12-09;18;874
25;2025-12-09;19;579
25;2025-12-09;20;338
25;2025-12-09;21;222
25;2025-12-09;22;120
25;2025-12-09;23;6
25;2025-12-10;0;4
25;2025-12-10;1;0
25;2025-12-10;2;0
25;2025-12-10;3;0
25;2025-12-10;4;0
25;2025-12-10;5;6
25;2025-12-10;6;172
25;2025-12-10;7;582
25;2025-12-10;8;978
25;2025-12-10;9;556
25;2025-12-10;10;402
25;2025-12-10;11;419
25;2025-12-10;12;436
25;2025-12-10;13;502
25;2025-12-10;14;482
25;2025-12-10;15;575
25;2025-12-10;16;701
25;2025-12-10;17;816
25;2025-12-10;18;880
25;2025-12-10;19;590
25;2025-12-10;20;350
25;2025-12-10;21;230
25;2025-12-10;22;125
25;2025-12-10;23;7
25;2025-12-11;0;4
25;2025-12-11;1;0
25;2025-12-11;2;0
25;2025-12-11;3;0
25;2025-12-11;4;0
25;2025-12-11;5;6
25;2025-12-11;6;173
25;2025-12-11;7;580
25;2025-12-11;8;974
25;2025-12-11;9;556
25;2025-12-11;10;404
25;2025-12-11;11;422
25;2025-12-11;12;440
25;2025-12-11;13;506
25;2025-12-11;14;486
25;2025-12-11;15;580
25;2025-12-11;16;706
25;2025-12-11;17;810
25;2025-12-11;18;878
25;2025-12-11;19;588
25;2025-12-11;20;349
25;2025-12-11;21;230
25;2025-12-11;22;124
25;2025-12-11;23;6
25;2025-12-12;0;4
25;2025-12-12;1;0
25;2025-12-12;2;0
25;2025-12-12;3;0
25;2025-12-12;4;0
25;2025-12-12;5;6
25;2025-12-12;6;166
25;2025-12-12;7;572
25;2025-12-12;8;964
25;2025-12-12;9;550
25;2025-12-12;10;402
25;2025-12-12;11;424
25;2025-12-12;12;444
25;2025-12-12;13;543
25;2025-12-12;14;532
25;2025-12-12;15;625
25;2025-12-12;16;751
25;2025-12-12;17;799
25;2025-12-12;18;768
25;2025-12-12;19;508
25;2025-12-12;20;320
25;2025-12-12;21;232
25;2025-12-12;22;131
25;2025-12-12;23;14
25;2025-12-13;0;11
25;2025-12-13;1;0
25;2025-12-13;2;0
25;2025-12-13;3;0
25;2025-12-13;4;0
25;2025-12-13;5;8
25;2025-12-13;6;60
25;2025-12-13;7;130
25;2025-12-13;8;242
25;2025-12-13;9;294
25;2025-12-13;10;318
25;2025-12-13;11;392
25;2025-12-13;12;450
25;2025-12-13;13;550
25;2025-12-13;14;571
25;2025-12-13;15;621
25;2025-12-13;16;573
25;2025-12-13;17;515
25;2025-12-13;18;480
25;2025-12-13;19;398
25;2025-12-13;20;288
25;2025-12-13;21;241
25;2025-12-13;22;153
25;2025-12-13;23;54
25;2025-12-14;0;15
25;2025-12-14;1;0
25;2025-12-14;2;0
25;2025-12-14;3;0
25;2025-12-14;4;4
25;2025-12-14;5;2
25;2025-12-14;6;36
25;2025-12-14;7;84
25;2025-12-14;8;194
25;2025-12-14;9;222
25;2025-12-14;10;250
25;2025-12-14;11;320
25;2025-12-14;12;382
25;2025-12-14;13;474
25;2025-12-14;14;492
25;2025-12-14;15;540
25;2025-12-14;16;514
25;2025-12-14;17;460
25;2025-12-14;18;428
25;2025-12-14;19;338
25;2025-12-14;20;234
25;2025-12-14;21;206
25;2025-12-14;22;130
25;2025-12-14;23;38
25;2025-12-15;0;4
25;2025-12-15;1;0
25;2025-12-15;2;0
25;2025-12-15;3;0
25;2025-12-15;4;0
25;2025-12-15;5;3
25;2025-12-15;6;160
25;2025-12-15;7;558
25;2025-12-15;8;945
25;2025-12-15;9;533
25;2025-12-15;10;380
25;2025-12-15;11;395
25;2025-12-15;12;412
25;2025-12-15;13;475
25;2025-12-15;14;455
25;2025-12-15;15;546
25;2025-12-15;16;669
25;2025-12-15;17;782
25;2025-12-15;18;844
25;2025-12-15;19;572
25;2025-12-15;20;326
25;2025-12-15;21;211
25;2025-12-15;22;110
25;2025-12-15;23;6
25;2025-12-16;0;4
25;2025-12-16;1;0
25;2025-12-16;2;0
25;2025-12-16;3;0
25;2025-12-16;4;0
25;2025-12-16;5;5
25;2025-12-16;6;171
25;2025-12-16;7;578
25;2025-12-16;8;976
25;2025-12-16;9;557
25;2025-12-16;10;396
25;2025-12-16;11;412
25;2025-12-16;12;428
25;2025-12-16;13;492
25;2025-12-16;14;470
25;2025-12-16;15;561
25;2025-12-16;16;683
25;2025-12-16;17;802
25;2025-12-16;18;874
25;2025-12-16;19;579
25;2025-12-16;20;338
25;2025-12-16;21;222
25;2025-12-16;22;120
25;2025-12-16;23;6
25;2025-12-17;0;4
25;2025-12-17;1;0
25;2025-12-17;2;0
25;2025-12-17;3;0
25;2025-12-17;4;0
25;2025-12-17;5;6
25;2025-12-17;6;172
25;2025-12-17;7;582
25;2025-12-17;8;978
25;2025-12-17;9;556
25;2025-12-17;10;402
25;2025-12-17;11;419
25;2025-12-17;12;436
25;2025-12-17;13;502
25;2025-12-17;14;482
25;2025-12-17;15;575
25;2025-12-17;16;701
25;2025-12-17;17;816
25;2025-12-17;18;880
25;2025-12-17;19;590
25;2025-12-17;20;350
25;2025-12-17;21;230
25;2025-12-17;22;125
25;2025-12-17;23;7
25;2025-12-18;0;4
25;2025-12-18;1;0
25;2025-12-18;2;0
25;2025-12-18;3;0
25;2025-12-18;4;0
25;2025-12-18;5;6
25;2025-12-18;6;173
25;2025-12-18;7;580
25;2025-12-18;8;974
25;2025-12-18;9;556
25;2025-12-18;10;404
25;2025-12-18;11;422
25;2025-12-18;12;440
25;2025-12-18;13;506
25;2025-12-18;14;486
25;2025-12-18;15;580
25;2025-12-18;16;706
25;2025-12-18;17;810
25;2025-12-18;18;878
25;2025-12-18;19;588
25;2025-12-18;20;349
25;2025-12-18;21;230
25;2025-12-18;22;124
25;2025-12-18;23;6
25;2025-12-19;0;4
25;2025-12-19;1;0
25;2025-12-19;2;0
25;2025-12-19;3;0
25;2025-12-19;4;0
25;2025-12-19;5;6
25;2025-12-19;6;166
25;2025-12-19;7;572
25;2025-12-19;8;964
25;2025-12-19;9;550
25;2025-12-19;10;402
25;2025-12-19;11;424
25;2025-12-19;12;444
25;2025-12-19;13;543
25;2025-12-19;14;532
25;2025-12-19;15;625
25;2025-12-19;16;751
25;2025-12-19;17;799
25;2025-12-19;18;768
25;2025-12-19;19;508
25;2025-12-19;20;320
25;2025-12-19;21;232
25;2025-12-19;22;131
25;2025-12-19;23;14
25;2025-12-20;0;11
25;2025-12-20;1;0
25;2025-12-20;2;0
25;2025-12-20;3;0
25;2025-12-20;4;0
25;2025-12-20;5;8
25;2025-12-20;6;60
25;2025-12-20;7;130
25;2025-12-20;8;242
25;2025-12-20;9;294
25;2025-12-20;10;318
25;2025-12-20;11;392
25;2025-12-20;12;450
25;2025-12-20;13;550
25;2025-12-20;14;571
25;2025-12-20;15;621
25;2025-12-20;16;573
25;2025-12-20;17;515
25;2025-12-20;18;480
25;2025-12-20;19;398
25;2025-12-20;20;288
25;2025-12-20;21;241
25;2025-12-20;22;153
25;2025-12-20;23;54
25;2025-12-21;0;15
25;2025-12-21;1;0
25;2025-12-21;2;0
25;2025-12-21;3;0
25;2025-12-21;4;4
25;2025-12-21;5;2
25;2025-12-21;6;36
25;2025-12-21;7;84
25;2025-12-21;8;194
25;2025-12-21;9;222
25;2025-12-21;10;250
25;2025-12-21;11;320
25;2025-12-21;12;382
25;2025-12-21;13;474
25;2025-12-21;14;492
25;2025-12-21;15;540
25;2025-12-21;16;514
25;2025-12-21;17;460
25;2025-12-21;18;428
25;2025-12-21;19;338
25;2025-12-21;20;234
25;2025-12-21;21;206
25;2025-12-21;22;130
25;2025-12-21;23;38
25;2025-12-22;0;4
25;2025-12-22;1;0
25;2025-12-22;2;0
25;2025-12-22;3;0
25;2025-12-22;4;0
25;2025-12-22;5;3
25;2025-12-22;6;160
25;2025-12-22;7;558
25;2025-12-22;8;945
25;2025-12-22;9;533
25;2025-12-22;10;380
25;2025-12-22;11;395
25;2025-12-22;12;412
25;2025-12-22;13;475
25;2025-12-22;14;455
25;2025-12-22;15;546
25;2025-12-22;16;669
25;2025-12-22;17;782
25;2025-12-22;18;844
25;2025-12-22;19;572
25;2025-12-22;20;326
25;2025-12-22;21;211
25;2025-12-22;22;110
25;2025-12-22;23;6
25;2025-12-23;0;4
25;2025-12-23;1;0
25;2025-12-23;2;0
25;2025-12-23;3;0
25;2025-12-23;4;0
25;2025-12-23;5;5
25;2025-12-23;6;171
25;2025-12-23;7;578
25;2025-12-23;8;976
25;2025-12-23;9;557
25;2025-12-23;10;396
25;2025-12-23;11;412
25;2025-12-23;12;428
25;2025-12-23;13;492
25;2025-12-23;14;470
25;2025-12-23;15;561
25;2025-12-23;16;683
25;2025-12-23;17;802
25;2025-12-23;18;874
25;2025-12-23;19;579
25;2025-12-23;20;338
25;2025-12-23;21;222
25;2025-12-23;22;120
25;2025-12-23;23;6
25;2025-12-24;0;4
25;2025-12-24;1;0
25;2025-12-24;2;0
25;2025-12-24;3;0
25;2025-12-24;4;0
25;2025-12-24;5;6
25;2025-12-24;6;172
25;2025-12-24;7;582
25;2025-12-24;8;978
25;2025-12-24;9;556
25;2025-12-24;10;402
25;2025-12-24;11;419
25;2025-12-24;12;436
25;2025-12-24;13;502
25;2025-12-24;14;482
25;2025-12-24;15;575
25;2025-12-24;16;701
25;2025-12-24;17;816
25;2025-12-24;18;880
25;2025-12-24;19;590
25;2025-12-24;20;350
25;2025-12-24;21;230
25;2025-12-24;22;125
25;2025-12-24;23;7
25;2025-12-25;0;4
25;2025-12-25;1;0
25;2025-12-25;2;0
25;2025-12-25;3;0
25;2025-12-25;4;0
25;2025-12-25;5;6
25;2025-12-25;6;173
25;2025-12-25;7;580
25;2025-12-25;8;974
25;2025-12-25;9;556
25;2025-12-25;10;404
25;2025-12-25;11;422
25;2025-12-25;12;440
25;2025-12-25;13;506
25;2025-12-25;14;486
25;2025-12-25;15;580
25;2025-12-25;16;706
25;2025-12-25;17;810
25;2025-12-25;18;878
25;2025-12-25;19;588
25;2025-12-25;20;349
25;2025-12-25;21;230
25;2025-12-25;22;124
25;2025-12-25;23;6
25;2025-12-26;0;4
25;2025-12-26;1;0
25;2025-12-26;2;0
25;2025-12-26;3;0
25;2025-12-26;4;0
25;2025-12-26;5;6
25;2025-12-26;6;166
25;2025-12-26;7;572
25;2025-12-26;8;964
25;2025-12-26;9;550
25;2025-12-26;10;402
25;2025-12-26;11;424
25;2025-12-26;12;444
25;2025-12-26;13;543
25;2025-12-26;14;532
25;2025-12-26;15;625
25;2025-12-26;16;751
25;2025-12-26;17;799
25;2025-12-26;18;768
25;2025-12-26;19;508
25;2025-12-26;20;320
25;2025-12-26;21;232
25;2025-12-26;22;131
25;2025-12-26;23;14
25;2025-12-27;0;11
25;2025-12-27;1;0
25;2025-12-27;2;0
25;2025-12-27;3;0
25;2025-12-27;4;0
25;2025-12-27;5;8
25;2025-12-27;6;60
25;2025-12-27;7;130
25;2025-12-27;8;242
25;2025-12-27;9;294
25;2025-12-27;10;318
25;2025-12-27;11;392
25;2025-12-27;12;450
25;2025-12-27;13;550
25;2025-12-27;14;571
25;2025-12-27;15;621
25;2025-12-27;16;573
25;2025-12-27;17;515
25;2025-12-27;18;480
25;2025-12-27;19;398
25;2025-12-27;20;288
25;2025-12-27;21;241
25;2025-12-27;22;153
25;2025-12-27;23;54
25;2025-12-28;0;15
25;2025-12-28;1;0
25;2025-12-28;2;0
25;2025-12-28;3;0
25;2025-12-28;4;4
25;2025-12-28;5;2
25;2025-12-28;6;36
25;2025-12-28;7;84
25;2025-12-28;8;194
25;2025-12-28;9;222
25;2025-12-28;10;250
25;2025-12-28;11;320
25;2025-12-28;12;382
25;2025-12-28;13;474
25;2025-12-28;14;492
25;2025-12-28;15;540
25;2025-12-28;16;514
25;2025-12-28;17;460
25;2025-12-28;18;428
25;2025-12-28;19;338
25;2025-12-28;20;234
25;2025-12-28;21;206
25;2025-12-28;22;130
25;2025-12-28;23;38
25;2025-12-29;0;4
25;2025-12-29;1;0
25;2025-12-29;2;0
25;2025-12-29;3;0
25;2025-12-29;4;0
25;2025-12-29;5;3
25;2025-12-29;6;160
25;2025-12-29;7;558
25;2025-12-29;8;945
25;2025-12-29;9;533
25;2025-12-29;10;380
25;2025-12-29;11;395
25;2025-12-29;12;412
25;2025-12-29;13;475
25;2025-12-29;14;455
25;2025-12-29;15;546
25;2025-12-29;16;669
25;2025-12-29;17;782
25;2025-12-29;18;844
25;2025-12-29;19;572
25;2025-12-29;20;326
25;2025-12-29;21;211
25;2025-12-29;22;110
25;2025-12-29;23;6
25;2025-12-30;0;4
25;2025-12-30;1;0
25;2025-12-30;2;0
25;2025-12-30;3;0
25;2025-12-30;4;0
25;2025-12-30;5;5
25;2025-12-30;6;171
25;2025-12-30;7;578
25;2025-12-30;8;976
25;2025-12-30;9;557
25;2025-12-30;10;396
25;2025-12-30;11;412
25;2025-12-30;12;428
25;2025-12-30;13;492
25;2025-12-30;14;470
25;2025-12-30;15;561
25;2025-12-30;16;683
25;2025-12-30;17;802
25;2025-12-30;18;874
25;2025-12-30;19;579
25;2025-12-30;20;338
25;2025-12-30;21;222
25;2025-12-30;22;120
25;2025-12-30;23;6
25;2025-12-31;0;10
25;2025-12-31;1;0
25;2025-12-31;2;0
25;2025-12-31;3;0
25;2025-12-31;4;2
25;2025-12-31;5;2
25;2025-12-31;6;26
25;2025-12-31;7;67
25;2025-12-31;8;207
25;2025-12-31;9;200
25;2025-12-31;10;218
25;2025-12-31;11;273
25;2025-12-31;12;323
25;2025-12-31;13;405
25;2025-12-31;14;422
25;2025-12-31;15;467
25;2025-12-31;16;450
25;2025-12-31;17;426
25;2025-12-31;18;402
25;2025-12-31;19;324
25;2025-12-31;20;222
25;2025-12-31;21;202
25;2025-12-31;22;121
25;2025-12-31;23;26
26;2025-11-01;0;38
26;2025-11-01;1;2
26;2025-11-01;2;0
26;2025-11-01;3;0
26;2025-11-01;4;6
26;2025-11-01;5;104
26;2025-11-01;6;680
26;2025-11-01;7;1488
26;2025-11-01;8;2554
26;2025-11-01;9;1935
26;2025-11-01;10;1596
26;2025-11-01;11;1497
26;2025-11-01;12;1557
26;2025-11-01;13;1598
26;2025-11-01;14;1610
26;2025-11-01;15;1702
26;2025-11-01;16;1873
26;2025-11-01;17;2140
26;2025-11-01;18;2206
26;2025-11-01;19;1558
26;2025-11-01;20;956
26;2025-11-01;21;563
26;2025-11-01;22;283
26;2025-11-01;23;164
26;2025-11-02;0;52
26;2025-11-02;1;4
26;2025-11-02;2;0
26;2025-11-02;3;0
26;2025-11-02;4;1
26;2025-11-02;5;33
26;2025-11-02;6;192
26;2025-11-02;7;288
26;2025-11-02;8;442
26;2025-11-02;9;546
26;2025-11-02;10;650
26;2025-11-02;11;773
26;2025-11-02;12;824
26;2025-11-02;13;860
26;2025-11-02;14;856
26;2025-11-02;15;838
26;2025-11-02;16;838
26;2025-11-02;17;794
26;2025-11-02;18;747
26;2025-11-02;19;650
26;2025-11-02;20;466
26;2025-11-02;21;339
26;2025-11-02;22;212
26;2025-11-02;23;128
26;2025-11-03;0;47
26;2025-11-03;1;4
26;2025-11-03;2;0
26;2025-11-03;3;0
26;2025-11-03;4;1
26;2025-11-03;5;38
26;2025-11-03;6;206
26;2025-11-03;7;301
26;2025-11-03;8;510
26;2025-11-03;9;551
26;2025-11-03;10;636
26;2025-11-03;11;742
26;2025-11-03;12;786
26;2025-11-03;13;828
26;2025-11-03;14;827
26;2025-11-03;15;818
26;2025-11-03;16;826
26;2025-11-03;17;824
26;2025-11-03;18;795
26;2025-11-03;19;686
26;2025-11-03;20;482
26;2025-11-03;21;354
26;2025-11-03;22;218
26;2025-11-03;23;132
26;2025-11-04;0;45
26;2025-11-04;1;8
26;2025-11-04;2;3
26;2025-11-04;3;2
26;2025-11-04;4;1
26;2025-11-04;5;16
26;2025-11-04;6;174
26;2025-11-04;7;254
26;2025-11-04;8;404
26;2025-11-04;9;442
26;2025-11-04;10;522
26;2025-11-04;11;624
26;2025-11-04;12;686
26;2025-11-04;13;742
26;2025-11-04;14;745
26;2025-11-04;15;738
26;2025-11-04;16;738
26;2025-11-04;17;734
26;2025-11-04;18;706
26;2025-11-04;19;614
26;2025-11-04;20;414
26;2025-11-04;21;304
26;2025-11-04;22;190
26;2025-11-04;23;112
26;2025-11-05;0;36
26;2025-11-05;1;2
26;2025-11-05;2;0
26;2025-11-05;3;0
26;2025-11-05;4;5
26;2025-11-05;5;84
26;2025-11-05;6;556
26;2025-11-05;7;1243
26;2025-11-05;8;2125
26;2025-11-05;9;1516
26;2025-11-05;10;1213
26;2025-11-05;11;1131
26;2025-11-05;12;1175
26;2025-11-05;13;1212
26;2025-11-05;14;1234
26;2025-11-05;15;1334
26;2025-11-05;16;1508
26;2025-11-05;17;1812
26;2025-11-05;18;1912
26;2025-11-05;19;1364
26;2025-11-05;20;842
26;2025-11-05;21;505
26;2025-11-05;22;248
26;2025-11-05;23;138
26;2025-11-06;0;36
26;2025-11-06;1;2
26;2025-11-06;2;0
26;2025-11-06;3;0
26;2025-11-06;4;4
26;2025-11-06;5;84
26;2025-11-06;6;554
26;2025-11-06;7;1240
26;2025-11-06;8;2126
26;2025-11-06;9;1523
26;2025-11-06;10;1222
26;2025-11-06;11;1144
26;2025-11-06;12;1190
26;2025-11-06;13;1230
26;2025-11-06;14;1253
26;2025-11-06;15;1355
26;2025-11-06;16;1531
26;2025-11-06;17;1816
26;2025-11-06;18;1918
26;2025-11-06;19;1367
26;2025-11-06;20;839
26;2025-11-06;21;504
26;2025-11-06;22;246
26;2025-11-06;23;138
26;2025-11-07;0;35
26;2025-11-07;1;2
26;2025-11-07;2;0
26;2025-11-07;3;0
26;2025-11-07;4;4
26;2025-11-07;5;81
26;2025-11-07;6;538
26;2025-11-07;7;1222
26;2025-11-07;8;2096
26;2025-11-07;9;1498
26;2025-11-07;10;1204
26;2025-11-07;11;1127
26;2025-11-07;12;1174
26;2025-11-07;13;1238
26;2025-11-07;14;1264
26;2025-11-07;15;1358
26;2025-11-07;16;1525
26;2025-11-07;17;1748
26;2025-11-07;18;1745
26;2025-11-07;19;1234
26;2025-11-07;20;776
26;2025-11-07;21;486
26;2025-11-07;22;240
26;2025-11-07;23;148
26;2025-11-08;0;51
26;2025-11-08;1;4
26;2025-11-08;2;0
26;2025-11-08;3;0
26;2025-11-08;4;4
26;2025-11-08;5;50
26;2025-11-08;6;262
26;2025-11-08;7;400
26;2025-11-08;8;582
26;2025-11-08;9;708
26;2025-11-08;10;819
26;2025-11-08;11;962
26;2025-11-08;12;1012
26;2025-11-08;13;1051
26;2025-11-08;14;1042
26;2025-11-08;15;1011
26;2025-11-08;16;996
26;2025-11-08;17;958
26;2025-11-08;18;906
26;2025-11-08;19;778
26;2025-11-08;20;564
26;2025-11-08;21;398
26;2025-11-08;22;249
26;2025-11-08;23;153
26;2025-11-09;0;52
26;2025-11-09;1;4
26;2025-11-09;2;0
26;2025-11-09;3;0
26;2025-11-09;4;1
26;2025-11-09;5;33
26;2025-11-09;6;192
26;2025-11-09;7;288
26;2025-11-09;8;442
26;2025-11-09;9;546
26;2025-11-09;10;650
26;2025-11-09;11;773
26;2025-11-09;12;824
26;2025-11-09;13;860
26;2025-11-09;14;856
26;2025-11-09;15;838
26;2025-11-09;16;838
26;2025-11-09;17;794
26;2025-11-09;18;747
26;2025-11-09;19;650
26;2025-11-09;20;466
26;2025-11-09;21;339
26;2025-11-09;22;212
26;2025-11-09;23;128
26;2025-11-10;0;34
26;2025-11-10;1;2
26;2025-11-10;2;0
26;2025-11-10;3;0
26;2025-11-10;4;3
26;2025-11-10;5;76
26;2025-11-10;6;530
26;2025-11-10;7;1208
26;2025-11-10;8;2080
26;2025-11-10;9;1490
26;2025-11-10;10;1193
26;2025-11-10;11;1115
26;2025-11-10;12;1162
26;2025-11-10;13;1200
26;2025-11-10;14;1220
26;2025-11-10;15;1318
26;2025-11-10;16;1490
26;2025-11-10;17;1780
26;2025-11-10;18;1872
26;2025-11-10;19;1342
26;2025-11-10;20;814
26;2025-11-10;21;486
26;2025-11-10;22;234
26;2025-11-10;23;127
26;2025-11-11;0;34
26;2025-11-11;1;2
26;2025-11-11;2;0
26;2025-11-11;3;0
26;2025-11-11;4;4
26;2025-11-11;5;84
26;2025-11-11;6;557
26;2025-11-11;7;1248
26;2025-11-11;8;2144
26;2025-11-11;9;1534
26;2025-11-11;10;1223
26;2025-11-11;11;1140
26;2025-11-11;12;1183
26;2025-11-11;13;1220
26;2025-11-11;14;1240
26;2025-11-11;15;1339
26;2025-11-11;16;1512
26;2025-11-11;17;1812
26;2025-11-11;18;1924
26;2025-11-11;19;1366
26;2025-11-11;20;838
26;2025-11-11;21;504
26;2025-11-11;22;247
26;2025-11-11;23;137
26;2025-11-12;0;36
26;2025-11-12;1;2
26;2025-11-12;2;0
26;2025-11-12;3;0
26;2025-11-12;4;5
26;2025-11-12;5;84
26;2025-11-12;6;556
26;2025-11-12;7;1243
26;2025-11-12;8;2125
26;2025-11-12;9;1516
26;2025-11-12;10;1213
26;2025-11-12;11;1131
26;2025-11-12;12;1175
26;2025-11-12;13;1212
26;2025-11-12;14;1234
26;2025-11-12;15;1334
26;2025-11-12;16;1508
26;2025-11-12;17;1812
26;2025-11-12;18;1912
26;2025-11-12;19;1364
26;2025-11-12;20;842
26;2025-11-12;21;505
26;2025-11-12;22;248
26;2025-11-12;23;138
26;2025-11-13;0;36
26;2025-11-13;1;2
26;2025-11-13;2;0
26;2025-11-13;3;0
26;2025-11-13;4;4
26;2025-11-13;5;84
26;2025-11-13;6;554
26;2025-11-13;7;1240
26;2025-11-13;8;2126
26;2025-11-13;9;1523
26;2025-11-13;10;1222
26;2025-11-13;11;1144
26;2025-11-13;12;1190
26;2025-11-13;13;1230
26;2025-11-13;14;1253
26;2025-11-13;15;1355
26;2025-11-13;16;1531
26;2025-11-13;17;1816
26;2025-11-13;18;1918
26;2025-11-13;19;1367
26;2025-11-13;20;839
26;2025-11-13;21;504
26;2025-11-13;22;246
26;2025-11-13;23;138
26;2025-11-14;0;35
26;2025-11-14;1;2
26;2025-11-14;2;0
26;2025-11-14;3;0
26;2025-11-14;4;4
26;2025-11-14;5;81
26;2025-11-14;6;538
26;2025-11-14;7;1222
26;2025-11-14;8;2096
26;2025-11-14;9;1498
26;2025-11-14;10;1204
26;2025-11-14;11;1127
26;2025-11-14;12;1174
26;2025-11-14;13;1238
26;2025-11-14;14;1264
26;2025-11-14;15;1358
26;2025-11-14;16;1525
26;2025-11-14;17;1748
26;2025-11-14;18;1745
26;2025-11-14;19;1234
26;2025-11-14;20;776
26;2025-11-14;21;486
26;2025-11-14;22;240
26;2025-11-14;23;148
26;2025-11-15;0;51
26;2025-11-15;1;4
26;2025-11-15;2;0
26;2025-11-15;3;0
26;2025-11-15;4;4
26;2025-11-15;5;50
26;2025-11-15;6;262
26;2025-11-15;7;400
26;2025-11-15;8;582
26;2025-11-15;9;708
26;2025-11-15;10;819
26;2025-11-15;11;962
26;2025-11-15;12;1012
26;2025-11-15;13;1051
26;2025-11-15;14;1042
26;2025-11-15;15;1011
26;2025-11-15;16;996
26;2025-11-15;17;958
26;2025-11-15;18;906
26;2025-11-15;19;778
26;2025-11-15;20;564
26;2025-11-15;21;398
26;2025-11-15;22;249
26;2025-11-15;23;153
26;2025-11-16;0;52
26;2025-11-16;1;4
26;2025-11-16;2;0
26;2025-11-16;3;0
26;2025-11-16;4;1
26;2025-11-16;5;33
26;2025-11-16;6;192
26;2025-11-16;7;288
26;2025-11-16;8;442
26;2025-11-16;9;546
26;2025-11-16;10;650
26;2025-11-16;11;773
26;2025-11-16;12;824
26;2025-11-16;13;860
26;2025-11-16;14;856
26;2025-11-16;15;838
26;2025-11-16;16;838
26;2025-11-16;17;794
26;2025-11-16;18;747
26;2025-11-16;19;650
26;2025-11-16;20;466
26;2025-11-16;21;339
26;2025-11-16;22;212
26;2025-11-16;23;128
26;2025-11-17;0;34
26;2025-11-17;1;2
26;2025-11-17;2;0
26;2025-11-17;3;0
26;2025-11-17;4;3
26;2025-11-17;5;76
26;2025-11-17;6;530
26;2025-11-17;7;1208
26;2025-11-17;8;2080
26;2025-11-17;9;1490
26;2025-11-17;10;1193
26;2025-11-17;11;1115
26;2025-11-17;12;1162
26;2025-11-17;13;1200
26;2025-11-17;14;1220
26;2025-11-17;15;1318
26;2025-11-17;16;1490
26;2025-11-17;17;1780
26;2025-11-17;18;1872
26;2025-11-17;19;1342
26;2025-11-17;20;814
26;2025-11-17;21;486
26;2025-11-17;22;234
26;2025-11-17;23;127
26;2025-11-18;0;34
26;2025-11-18;1;2
26;2025-11-18;2;0
26;2025-11-18;3;0
26;2025-11-18;4;4
26;2025-11-18;5;84
26;2025-11-18;6;557
26;2025-11-18;7;1248
26;2025-11-18;8;2144
26;2025-11-18;9;1534
26;2025-11-18;10;1223
26;2025-11-18;11;1140
26;2025-11-18;12;1183
26;2025-11-18;13;1220
26;2025-11-18;14;1240
26;2025-11-18;15;1339
26;2025-11-18;16;1512
26;2025-11-18;17;1812
26;2025-11-18;18;1924
26;2025-11-18;19;1366
26;2025-11-18;20;838
26;2025-11-18;21;504
26;2025-11-18;22;247
26;2025-11-18;23;137
26;2025-11-19;0;36
26;2025-11-19;1;2
26;2025-11-19;2;0
26;2025-11-19;3;0
26;2025-11-19;4;5
26;2025-11-19;5;84
26;2025-11-19;6;556
26;2025-11-19;7;1243
26;2025-11-19;8;2125
26;2025-11-19;9;1516
26;2025-11-19;10;1213
26;2025-11-19;11;1131
26;2025-11-19;12;1175
26;2025-11-19;13;1212
26;2025-11-19;14;1234
26;2025-11-19;15;1334
26;2025-11-19;16;1508
26;2025-11-19;17;1812
26;2025-11-19;18;1912
26;2025-11-19;19;1364
26;2025-11-19;20;842
26;2025-11-19;21;505
26;2025-11-19;22;248
26;2025-11-19;23;138
26;2025-11-20;0;36
26;2025-11-20;1;2
26;2025-11-20;2;0
26;2025-11-20;3;0
26;2025-11-20;4;4
26;2025-11-20;5;84
26;2025-11-20;6;554
26;2025-11-20;7;1240
26;2025-11-20;8;2126
26;2025-11-20;9;1523
26;2025-11-20;10;1222
26;2025-11-20;11;1144
26;2025-11-20;12;1190
26;2025-11-20;13;1230
26;2025-11-20;14;1253
26;2025-11-20;15;1355
26;2025-11-20;16;1531
26;2025-11-20;17;1816
26;2025-11-20;18;1918
26;2025-11-20;19;1367
26;2025-11-20;20;839
26;2025-11-20;21;504
26;2025-11-20;22;246
26;2025-11-20;23;138
26;2025-11-21;0;35
26;2025-11-21;1;2
26;2025-11-21;2;0
26;2025-11-21;3;0
26;2025-11-21;4;4
26;2025-11-21;5;81
26;2025-11-21;6;538
26;2025-11-21;7;1222
26;2025-11-21;8;2096
26;2025-11-21;9;1498
26;2025-11-21;10;1204
26;2025-11-21;11;1127
26;2025-11-21;12;1174
26;2025-11-21;13;1238
26;2025-11-21;14;1264
26;2025-11-21;15;1358
26;2025-11-21;16;1525
26;2025-11-21;17;1748
26;2025-11-21;18;1745
26;2025-11-21;19;1234
26;2025-11-21;20;776
26;2025-11-21;21;486
26;2025-11-21;22;240
26;2025-11-21;23;148
26;2025-11-22;0;51
26;2025-11-22;1;4
26;2025-11-22;2;0
26;2025-11-22;3;0
26;2025-11-22;4;4
26;2025-11-22;5;50
26;2025-11-22;6;262
26;2025-11-22;7;400
26;2025-11-22;8;582
26;2025-11-22;9;708
26;2025-11-22;10;819
26;2025-11-22;11;962
26;2025-11-22;12;1012
26;2025-11-22;13;1051
26;2025-11-22;14;1042
26;2025-11-22;15;1011
26;2025-11-22;16;996
26;2025-11-22;17;958
26;2025-11-22;18;906
26;2025-11-22;19;778
26;2025-11-22;20;564
26;2025-11-22;21;398
26;2025-11-22;22;249
26;2025-11-22;23;153
26;2025-11-23;0;52
26;2025-11-23;1;4
26;2025-11-23;2;0
26;2025-11-23;3;0
26;2025-11-23;4;1
26;2025-11-23;5;33
26;2025-11-23;6;192
26;2025-11-23;7;288
26;2025-11-23;8;442
26;2025-11-23;9;546
26;2025-11-23;10;650
26;2025-11-23;11;773
26;2025-11-23;12;824
26;2025-11-23;13;860
26;2025-11-23;14;856
26;2025-11-23;15;838
26;2025-11-23;16;838
26;2025-11-23;17;794
26;2025-11-23;18;747
26;2025-11-23;19;650
26;2025-11-23;20;466
26;2025-11-23;21;339
26;2025-11-23;22;212
26;2025-11-23;23;128
26;2025-11-24;0;34
26;2025-11-24;1;2
26;2025-11-24;2;0
26;2025-11-24;3;0
26;2025-11-24;4;3
26;2025-11-24;5;76
26;2025-11-24;6;530
26;2025-11-24;7;1208
26;2025-11-24;8;2080
26;2025-11-24;9;1490
26;2025-11-24;10;1193
26;2025-11-24;11;1115
26;2025-11-24;12;1162
26;2025-11-24;13;1200
26;2025-11-24;14;1220
26;2025-11-24;15;1318
26;2025-11-24;16;1490
26;2025-11-24;17;1780
26;2025-11-24;18;1872
26;2025-11-24;19;1342
26;2025-11-24;20;814
26;2025-11-24;21;486
26;2025-11-24;22;234
26;2025-11-24;23;127
26;2025-11-25;0;34
26;2025-11-25;1;2
26;2025-11-25;2;0
26;2025-11-25;3;0
26;2025-11-25;4;4
26;2025-11-25;5;84
26;2025-11-25;6;557
26;2025-11-25;7;1248
26;2025-11-25;8;2144
26;2025-11-25;9;1534
26;2025-11-25;10;1223
26;2025-11-25;11;1140
26;2025-11-25;12;1183
26;2025-11-25;13;1220
26;2025-11-25;14;1240
26;2025-11-25;15;1339
26;2025-11-25;16;1512
26;2025-11-25;17;1812
26;2025-11-25;18;1924
26;2025-11-25;19;1366
26;2025-11-25;20;838
26;2025-11-25;21;504
26;2025-11-25;22;247
26;2025-11-25;23;137
26;2025-11-26;0;36
26;2025-11-26;1;2
26;2025-11-26;2;0
26;2025-11-26;3;0
26;2025-11-26;4;5
26;2025-11-26;5;84
26;2025-11-26;6;556
26;2025-11-26;7;1243
26;2025-11-26;8;2125
26;2025-11-26;9;1516
26;2025-11-26;10;1213
26;2025-11-26;11;1131
26;2025-11-26;12;1175
26;2025-11-26;13;1212
26;2025-11-26;14;1234
26;2025-11-26;15;1334
26;2025-11-26;16;1508
26;2025-11-26;17;1812
26;2025-11-26;18;1912
26;2025-11-26;19;1364
26;2025-11-26;20;842
26;2025-11-26;21;505
26;2025-11-26;22;248
26;2025-11-26;23;138
26;2025-11-27;0;36
26;2025-11-27;1;2
26;2025-11-27;2;0
26;2025-11-27;3;0
26;2025-11-27;4;4
26;2025-11-27;5;84
26;2025-11-27;6;554
26;2025-11-27;7;1240
26;2025-11-27;8;2126
26;2025-11-27;9;1523
26;2025-11-27;10;1222
26;2025-11-27;11;1144
26;2025-11-27;12;1190
26;2025-11-27;13;1230
26;2025-11-27;14;1253
26;2025-11-27;15;1355
26;2025-11-27;16;1531
26;2025-11-27;17;1816
26;2025-11-27;18;1918
26;2025-11-27;19;1367
26;2025-11-27;20;839
26;2025-11-27;21;504
26;2025-11-27;22;246
26;2025-11-27;23;138
26;2025-11-28;0;35
26;2025-11-28;1;2
26;2025-11-28;2;0
26;2025-11-28;3;0
26;2025-11-28;4;4
26;2025-11-28;5;81
26;2025-11-28;6;538
26;2025-11-28;7;1222
26;2025-11-28;8;2096
26;2025-11-28;9;1498
26;2025-11-28;10;1204
26;2025-11-28;11;1127
26;2025-11-28;12;1174
26;2025-11-28;13;1238
26;2025-11-28;14;1264
26;2025-11-28;15;1358
26;2025-11-28;16;1525
26;2025-11-28;17;1748
26;2025-11-28;18;1745
26;2025-11-28;19;1234
26;2025-11-28;20;776
26;2025-11-28;21;486
26;2025-11-28;22;240
26;2025-11-28;23;148
26;2025-11-29;0;51
26;2025-11-29;1;4
26;2025-11-29;2;0
26;2025-11-29;3;0
26;2025-11-29;4;4
26;2025-11-29;5;50
26;2025-11-29;6;262
26;2025-11-29;7;400
26;2025-11-29;8;582
26;2025-11-29;9;708
26;2025-11-29;10;819
26;2025-11-29;11;962
26;2025-11-29;12;1012
26;2025-11-29;13;1051
26;2025-11-29;14;1042
26;2025-11-29;15;1011
26;2025-11-29;16;996
26;2025-11-29;17;958
26;2025-11-29;18;906
26;2025-11-29;19;778
26;2025-11-29;20;564
26;2025-11-29;21;398
26;2025-11-29;22;249
26;2025-11-29;23;153
26;2025-11-30;0;52
26;2025-11-30;1;4
26;2025-11-30;2;0
26;2025-11-30;3;0
26;2025-11-30;4;1
26;2025-11-30;5;33
26;2025-11-30;6;192
26;2025-11-30;7;288
26;2025-11-30;8;442
26;2025-11-30;9;546
26;2025-11-30;10;650
26;2025-11-30;11;773
26;2025-11-30;12;824
26;2025-11-30;13;860
26;2025-11-30;14;856
26;2025-11-30;15;838
26;2025-11-30;16;838
26;2025-11-30;17;794
26;2025-11-30;18;747
26;2025-11-30;19;650
26;2025-11-30;20;466
26;2025-11-30;21;339
26;2025-11-30;22;212
26;2025-11-30;23;128
26;2025-12-01;0;34
26;2025-12-01;1;2
26;2025-12-01;2;0
26;2025-12-01;3;0
26;2025-12-01;4;4
26;2025-12-01;5;76
26;2025-12-01;6;540
26;2025-12-01;7;1186
26;2025-12-01;8;2025
26;2025-12-01;9;1484
26;2025-12-01;10;1193
26;2025-12-01;11;1114
26;2025-12-01;12;1150
26;2025-12-01;13;1185
26;2025-12-01;14;1206
26;2025-12-01;15;1298
26;2025-12-01;16;1470
26;2025-12-01;17;1752
26;2025-12-01;18;1848
26;2025-12-01;19;1338
26;2025-12-01;20;815
26;2025-12-01;21;482
26;2025-12-01;22;233
26;2025-12-01;23;120
26;2025-12-02;0;35
26;2025-12-02;1;2
26;2025-12-02;2;0
26;2025-12-02;3;0
26;2025-12-02;4;5
26;2025-12-02;5;84
26;2025-12-02;6;566
26;2025-12-02;7;1226
26;2025-12-02;8;2091
26;2025-12-02;9;1529
26;2025-12-02;10;1224
26;2025-12-02;11;1140
26;2025-12-02;12;1174
26;2025-12-02;13;1206
26;2025-12-02;14;1227
26;2025-12-02;15;1320
26;2025-12-02;16;1494
26;2025-12-02;17;1784
26;2025-12-02;18;1897
26;2025-12-02;19;1364
26;2025-12-02;20;840
26;2025-12-02;21;500
26;2025-12-02;22;246
26;2025-12-02;23;130
26;2025-12-03;0;36
26;2025-12-03;1;2
26;2025-12-03;2;0
26;2025-12-03;3;0
26;2025-12-03;4;6
26;2025-12-03;5;84
26;2025-12-03;6;563
26;2025-12-03;7;1220
26;2025-12-03;8;2068
26;2025-12-03;9;1508
26;2025-12-03;10;1212
26;2025-12-03;11;1128
26;2025-12-03;12;1162
26;2025-12-03;13;1196
26;2025-12-03;14;1218
26;2025-12-03;15;1312
26;2025-12-03;16;1488
26;2025-12-03;17;1775
26;2025-12-03;18;1880
26;2025-12-03;19;1356
26;2025-12-03;20;839
26;2025-12-03;21;500
26;2025-12-03;22;246
26;2025-12-03;23;130
26;2025-12-04;0;36
26;2025-12-04;1;2
26;2025-12-04;2;0
26;2025-12-04;3;0
26;2025-12-04;4;6
26;2025-12-04;5;84
26;2025-12-04;6;563
26;2025-12-04;7;1218
26;2025-12-04;8;2071
26;2025-12-04;9;1518
26;2025-12-04;10;1223
26;2025-12-04;11;1143
26;2025-12-04;12;1180
26;2025-12-04;13;1216
26;2025-12-04;14;1240
26;2025-12-04;15;1336
26;2025-12-04;16;1513
26;2025-12-04;17;1790
26;2025-12-04;18;1896
26;2025-12-04;19;1365
26;2025-12-04;20;842
26;2025-12-04;21;502
26;2025-12-04;22;247
26;2025-12-04;23;132
26;2025-12-05;0;36
26;2025-12-05;1;2
26;2025-12-05;2;0
26;2025-12-05;3;0
26;2025-12-05;4;4
26;2025-12-05;5;81
26;2025-12-05;6;547
26;2025-12-05;7;1196
26;2025-12-05;8;2038
26;2025-12-05;9;1494
26;2025-12-05;10;1206
26;2025-12-05;11;1128
26;2025-12-05;12;1164
26;2025-12-05;13;1226
26;2025-12-05;14;1253
26;2025-12-05;15;1342
26;2025-12-05;16;1509
26;2025-12-05;17;1724
26;2025-12-05;18;1728
26;2025-12-05;19;1240
26;2025-12-05;20;784
26;2025-12-05;21;484
26;2025-12-05;22;242
26;2025-12-05;23;142
26;2025-12-06;0;51
26;2025-12-06;1;4
26;2025-12-06;2;0
26;2025-12-06;3;0
26;2025-12-06;4;4
26;2025-12-06;5;47
26;2025-12-06;6;258
26;2025-12-06;7;375
26;2025-12-06;8;546
26;2025-12-06;9;676
26;2025-12-06;10;792
26;2025-12-06;11;936
26;2025-12-06;12;990
26;2025-12-06;13;1032
26;2025-12-06;14;1022
26;2025-12-06;15;987
26;2025-12-06;16;970
26;2025-12-06;17;928
26;2025-12-06;18;882
26;2025-12-06;19;768
26;2025-12-06;20;555
26;2025-12-06;21;392
26;2025-12-06;22;246
26;2025-12-06;23;145
26;2025-12-07;0;52
26;2025-12-07;1;4
26;2025-12-07;2;0
26;2025-12-07;3;0
26;2025-12-07;4;2
26;2025-12-07;5;32
26;2025-12-07;6;190
26;2025-12-07;7;268
26;2025-12-07;8;408
26;2025-12-07;9;526
26;2025-12-07;10;640
26;2025-12-07;11;764
26;2025-12-07;12;821
26;2025-12-07;13;861
26;2025-12-07;14;856
26;2025-12-07;15;832
26;2025-12-07;16;831
26;2025-12-07;17;786
26;2025-12-07;18;742
26;2025-12-07;19;641
26;2025-12-07;20;458
26;2025-12-07;21;333
26;2025-12-07;22;208
26;2025-12-07;23;117
26;2025-12-08;0;34
26;2025-12-08;1;2
26;2025-12-08;2;0
26;2025-12-08;3;0
26;2025-12-08;4;4
26;2025-12-08;5;76
26;2025-12-08;6;540
26;2025-12-08;7;1186
26;2025-12-08;8;2025
26;2025-12-08;9;1484
26;2025-12-08;10;1193
26;2025-12-08;11;1114
26;2025-12-08;12;1150
26;2025-12-08;13;1185
26;2025-12-08;14;1206
26;2025-12-08;15;1298
26;2025-12-08;16;1470
26;2025-12-08;17;1752
26;2025-12-08;18;1848
26;2025-12-08;19;1338
26;2025-12-08;20;815
26;2025-12-08;21;482
26;2025-12-08;22;233
26;2025-12-08;23;120
26;2025-12-09;0;35
26;2025-12-09;1;2
26;2025-12-09;2;0
26;2025-12-09;3;0
26;2025-12-09;4;5
26;2025-12-09;5;84
26;2025-12-09;6;566
26;2025-12-09;7;1226
26;2025-12-09;8;2091
26;2025-12-09;9;1529
26;2025-12-09;10;1224
26;2025-12-09;11;1140
26;2025-12-09;12;1174
26;2025-12-09;13;1206
26;2025-12-09;14;1227
26;2025-12-09;15;1320
26;2025-12-09;16;1494
26;2025-12-09;17;1784
26;2025-12-09;18;1897
26;2025-12-09;19;1364
26;2025-12-09;20;840
26;2025-12-09;21;500
26;2025-12-09;22;246
26;2025-12-09;23;130
26;2025-12-10;0;36
26;2025-12-10;1;2
26;2025-12-10;2;0
26;2025-12-10;3;0
26;2025-12-10;4;6
26;2025-12-10;5;84
26;2025-12-10;6;563
26;2025-12-10;7;1220
26;2025-12-10;8;2068
26;2025-12-10;9;1508
26;2025-12-10;10;1212
26;2025-12-10;11;1128
26;2025-12-10;12;1162
26;2025-12-10;13;1196
26;2025-12-10;14;1218
26;2025-12-10;15;1312
26;2025-12-10;16;1488
26;2025-12-10;17;1775
26;2025-12-10;18;1880
26;2025-12-10;19;1356
26;2025-12-10;20;839
26;2025-12-10;21;500
26;2025-12-10;22;246
26;2025-12-10;23;130
26;2025-12-11;0;36
26;2025-12-11;1;2
26;2025-12-11;2;0
26;2025-12-11;3;0
26;2025-12-11;4;6
26;2025-12-11;5;84
26;2025-12-11;6;563
26;2025-12-11;7;1218
26;2025-12-11;8;2071
26;2025-12-11;9;1518
26;2025-12-11;10;1223
26;2025-12-11;11;1143
26;2025-12-11;12;1180
26;2025-12-11;13;1216
26;2025-12-11;14;1240
26;2025-12-11;15;1336
26;2025-12-11;16;1513
26;2025-12-11;17;1790
26;2025-12-11;18;1896
26;2025-12-11;19;1365
26;2025-12-11;20;842
26;2025-12-11;21;502
26;2025-12-11;22;247
26;2025-12-11;23;132
26;2025-12-12;0;36
26;2025-12-12;1;2
26;2025-12-12;2;0
26;2025-12-12;3;0
26;2025-12-12;4;4
26;2025-12-12;5;81
26;2025-12-12;6;547
26;2025-12-12;7;1196
26;2025-12-12;8;2038
26;2025-12-12;9;1494
26;2025-12-12;10;1206
26;2025-12-12;11;1128
26;2025-12-12;12;1164
26;2025-12-12;13;1226
26;2025-12-12;14;1253
26;2025-12-12;15;1342
26;2025-12-12;16;1509
26;2025-12-12;17;1724
26;2025-12-12;18;1728
26;2025-12-12;19;1240
26;2025-12-12;20;784
26;2025-12-12;21;484
26;2025-12-12;22;242
26;2025-12-12;23;142
26;2025-12-13;0;51
26;2025-12-13;1;4
26;2025-12-13;2;0
26;2025-12-13;3;0
26;2025-12-13;4;4
26;2025-12-13;5;47
26;2025-12-13;6;258
26;2025-12-13;7;375
26;2025-12-13;8;546
26;2025-12-13;9;676
26;2025-12-13;10;792
26;2025-12-13;11;936
26;2025-12-13;12;990
26;2025-12-13;13;1032
26;2025-12-13;14;1022
26;2025-12-13;15;987
26;2025-12-13;16;970
26;2025-12-13;17;928
26;2025-12-13;18;882
26;2025-12-13;19;768
26;2025-12-13;20;555
26;2025-12-13;21;392
26;2025-12-13;22;246
26;2025-12-13;23;145
26;2025-12-14;0;52
26;2025-12-14;1;4
26;2025-12-14;2;0
26;2025-12-14;3;0
26;2025-12-14;4;2
26;2025-12-14;5;32
26;2025-12-14;6;190
26;2025-12-14;7;268
26;2025-12-14;8;408
26;2025-12-14;9;526
26;2025-12-14;10;640
26;2025-12-14;11;764
26;2025-12-14;12;821
26;2025-12-14;13;861
26;2025-12-14;14;856
26;2025-12-14;15;832
26;2025-12-14;16;831
26;2025-12-14;17;786
26;2025-12-14;18;742
26;2025-12-14;19;641
26;2025-12-14;20;458
26;2025-12-14;21;333
26;2025-12-14;22;208
26;2025-12-14;23;117
26;2025-12-15;0;34
26;2025-12-15;1;2
26;2025-12-15;2;0
26;2025-12-15;3;0
26;2025-12-15;4;4
26;2025-12-15;5;76
26;2025-12-15;6;540
26;2025-12-15;7;1186
26;2025-12-15;8;2025
26;2025-12-15;9;1484
26;2025-12-15;10;1193
26;2025-12-15;11;1114
26;2025-12-15;12;1150
26;2025-12-15;13;1185
26;2025-12-15;14;1206
26;2025-12-15;15;1298
26;2025-12-15;16;1470
26;2025-12-15;17;1752
26;2025-12-15;18;1848
26;2025-12-15;19;1338
26;2025-12-15;20;815
26;2025-12-15;21;482
26;2025-12-15;22;233
26;2025-12-15;23;120
26;2025-12-16;0;35
26;2025-12-16;1;2
26;2025-12-16;2;0
26;2025-12-16;3;0
26;2025-12-16;4;5
26;2025-12-16;5;84
26;2025-12-16;6;566
26;2025-12-16;7;1226
26;2025-12-16;8;2091
26;2025-12-16;9;1529
26;2025-12-16;10;1224
26;2025-12-16;11;1140
26;2025-12-16;12;1174
26;2025-12-16;13;1206
26;2025-12-16;14;1227
26;2025-12-16;15;1320
26;2025-12-16;16;1494
26;2025-12-16;17;1784
26;2025-12-16;18;1897
26;2025-12-16;19;1364
26;2025-12-16;20;840
26;2025-12-16;21;500
26;2025-12-16;22;246
26;2025-12-16;23;130
26;2025-12-17;0;36
26;2025-12-17;1;2
26;2025-12-17;2;0
26;2025-12-17;3;0
26;2025-12-17;4;6
26;2025-12-17;5;84
26;2025-12-17;6;563
26;2025-12-17;7;1220
26;2025-12-17;8;2068
26;2025-12-17;9;1508
26;2025-12-17;10;1212
26;2025-12-17;11;1128
26;2025-12-17;12;1162
26;2025-12-17;13;1196
26;2025-12-17;14;1218
26;2025-12-17;15;1312
26;2025-12-17;16;1488
26;2025-12-17;17;1775
26;2025-12-17;18;1880
26;2025-12-17;19;1356
26;2025-12-17;20;839
26;2025-12-17;21;500
26;2025-12-17;22;246
26;2025-12-17;23;130
26;2025-12-18;0;36
26;2025-12-18;1;2
26;2025-12-18;2;0
26;2025-12-18;3;0
26;2025-12-18;4;6
26;2025-12-18;5;84
26;2025-12-18;6;563
26;2025-12-18;7;1218
26;2025-12-18;8;2071
26;2025-12-18;9;1518
26;2025-12-18;10;1223
26;2025-12-18;11;1143
26;2025-12-18;12;1180
26;2025-12-18;13;1216
26;2025-12-18;14;1240
26;2025-12-18;15;1336
26;2025-12-18;16;1513
26;2025-12-18;17;1790
26;2025-12-18;18;1896
26;2025-12-18;19;1365
26;2025-12-18;20;842
26;2025-12-18;21;502
26;2025-12-18;22;247
26;2025-12-18;23;132
26;2025-12-19;0;36
26;2025-12-19;1;2
26;2025-12-19;2;0
26;2025-12-19;3;0
26;2025-12-19;4;4
26;2025-12-19;5;81
26;2025-12-19;6;547
26;2025-12-19;7;1196
26;2025-12-19;8;2038
26;2025-12-19;9;1494
26;2025-12-19;10;1206
26;2025-12-19;11;1128
26;2025-12-19;12;1164
26;2025-12-19;13;1226
26;2025-12-19;14;1253
26;2025-12-19;15;1342
26;2025-12-19;16;1509
26;2025-12-19;17;1724
26;2025-12-19;18;1728
26;2025-12-19;19;1240
26;2025-12-19;20;784
26;2025-12-19;21;484
26;2025-12-19;22;242
26;2025-12-19;23;142
26;2025-12-20;0;51
26;2025-12-20;1;4
26;2025-12-20;2;0
26;2025-12-20;3;0
26;2025-12-20;4;4
26;2025-12-20;5;47
26;2025-12-20;6;258
26;2025-12-20;7;375
26;2025-12-20;8;546
26;2025-12-20;9;676
26;2025-12-20;10;792
26;2025-12-20;11;936
26;2025-12-20;12;990
26;2025-12-20;13;1032
26;2025-12-20;14;1022
26;2025-12-20;15;987
26;2025-12-20;16;970
26;2025-12-20;17;928
26;2025-12-20;18;882
26;2025-12-20;19;768
26;2025-12-20;20;555
26;2025-12-20;21;392
26;2025-12-20;22;246
26;2025-12-20;23;145
26;2025-12-21;0;52
26;2025-12-21;1;4
26;2025-12-21;2;0
26;2025-12-21;3;0
26;2025-12-21;4;2
26;2025-12-21;5;32
26;2025-12-21;6;190
26;2025-12-21;7;268
26;2025-12-21;8;408
26;2025-12-21;9;526
26;2025-12-21;10;640
26;2025-12-21;11;764
26;2025-12-21;12;821
26;2025-12-21;13;861
26;2025-12-21;14;856
26;2025-12-21;15;832
26;2025-12-21;16;831
26;2025-12-21;17;786
26;2025-12-21;18;742
26;2025-12-21;19;641
26;2025-12-21;20;458
26;2025-12-21;21;333
26;2025-12-21;22;208
26;2025-12-21;23;117
26;2025-12-22;0;34
26;2025-12-22;1;2
26;2025-12-22;2;0
26;2025-12-22;3;0
26;2025-12-22;4;4
26;2025-12-22;5;76
26;2025-12-22;6;540
26;2025-12-22;7;1186
26;2025-12-22;8;2025
26;2025-12-22;9;1484
26;2025-12-22;10;1193
26;2025-12-22;11;1114
26;2025-12-22;12;1150
26;2025-12-22;13;1185
26;2025-12-22;14;1206
26;2025-12-22;15;1298
26;2025-12-22;16;1470
26;2025-12-22;17;1752
26;2025-12-22;18;1848
26;2025-12-22;19;1338
26;2025-12-22;20;815
26;2025-12-22;21;482
26;2025-12-22;22;233
26;2025-12-22;23;120
26;2025-12-23;0;35
26;2025-12-23;1;2
26;2025-12-23;2;0
26;2025-12-23;3;0
26;2025-12-23;4;5
26;2025-12-23;5;84
26;2025-12-23;6;566
26;2025-12-23;7;1226
26;2025-12-23;8;2091
26;2025-12-23;9;1529
26;2025-12-23;10;1224
26;2025-12-23;11;1140
26;2025-12-23;12;1174
26;2025-12-23;13;1206
26;2025-12-23;14;1227
26;2025-12-23;15;1320
26;2025-12-23;16;1494
26;2025-12-23;17;1784
26;2025-12-23;18;1897
26;2025-12-23;19;1364
26;2025-12-23;20;840
26;2025-12-23;21;500
26;2025-12-23;22;246
26;2025-12-23;23;130
26;2025-12-24;0;36
26;2025-12-24;1;2
26;2025-12-24;2;0
26;2025-12-24;3;0
26;2025-12-24;4;6
26;2025-12-24;5;84
26;2025-12-24;6;563
26;2025-12-24;7;1220
26;2025-12-24;8;2068
26;2025-12-24;9;1508
26;2025-12-24;10;1212
26;2025-12-24;11;1128
26;2025-12-24;12;1162
26;2025-12-24;13;1196
26;2025-12-24;14;1218
26;2025-12-24;15;1312
26;2025-12-24;16;1488
26;2025-12-24;17;1775
26;2025-12-24;18;1880
26;2025-12-24;19;1356
26;2025-12-24;20;839
26;2025-12-24;21;500
26;2025-12-24;22;246
26;2025-12-24;23;130
26;2025-12-25;0;36
26;2025-12-25;1;2
26;2025-12-25;2;0
26;2025-12-25;3;0
26;2025-12-25;4;6
26;2025-12-25;5;84
26;2025-12-25;6;563
26;2025-12-25;7;1218
26;2025-12-25;8;2071
26;2025-12-25;9;1518
26;2025-12-25;10;1223
26;2025-12-25;11;1143
26;2025-12-25;12;1180
26;2025-12-25;13;1216
26;2025-12-25;14;1240
26;2025-12-25;15;1336
26;2025-12-25;16;1513
26;2025-12-25;17;1790
26;2025-12-25;18;1896
26;2025-12-25;19;1365
26;2025-12-25;20;842
26;2025-12-25;21;502
26;2025-12-25;22;247
26;2025-12-25;23;132
26;2025-12-26;0;36
26;2025-12-26;1;2
26;2025-12-26;2;0
26;2025-12-26;3;0
26;2025-12-26;4;4
26;2025-12-26;5;81
26;2025-12-26;6;547
26;2025-12-26;7;1196
26;2025-12-26;8;2038
26;2025-12-26;9;1494
26;2025-12-26;10;1206
26;2025-12-26;11;1128
26;2025-12-26;12;1164
26;2025-12-26;13;1226
26;2025-12-26;14;1253
26;2025-12-26;15;1342
26;2025-12-26;16;1509
26;2025-12-26;17;1724
26;2025-12-26;18;1728
26;2025-12-26;19;1240
26;2025-12-26;20;784
26;2025-12-26;21;484
26;2025-12-26;22;242
26;2025-12-26;23;142
26;2025-12-27;0;51
26;2025-12-27;1;4
26;2025-12-27;2;0
26;2025-12-27;3;0
26;2025-12-27;4;4
26;2025-12-27;5;47
26;2025-12-27;6;258
26;2025-12-27;7;375
26;2025-12-27;8;546
26;2025-12-27;9;676
26;2025-12-27;10;792
26;2025-12-27;11;936
26;2025-12-27;12;990
26;2025-12-27;13;1032
26;2025-12-27;14;1022
26;2025-12-27;15;987
26;2025-12-27;16;970
26;2025-12-27;17;928
26;2025-12-27;18;882
26;2025-12-27;19;768
26;2025-12-27;20;555
26;2025-12-27;21;392
26;2025-12-27;22;246
26;2025-12-27;23;145
26;2025-12-28;0;52
26;2025-12-28;1;4
26;2025-12-28;2;0
26;2025-12-28;3;0
26;2025-12-28;4;2
26;2025-12-28;5;32
26;2025-12-28;6;190
26;2025-12-28;7;268
26;2025-12-28;8;408
26;2025-12-28;9;526
26;2025-12-28;10;640
26;2025-12-28;11;764
26;2025-12-28;12;821
26;2025-12-28;13;861
26;2025-12-28;14;856
26;2025-12-28;15;832
26;2025-12-28;16;831
26;2025-12-28;17;786
26;2025-12-28;18;742
26;2025-12-28;19;641
26;2025-12-28;20;458
26;2025-12-28;21;333
26;2025-12-28;22;208
26;2025-12-28;23;117
26;2025-12-29;0;34
26;2025-12-29;1;2
26;2025-12-29;2;0
26;2025-12-29;3;0
26;2025-12-29;4;4
26;2025-12-29;5;76
26;2025-12-29;6;540
26;2025-12-29;7;1186
26;2025-12-29;8;2025
26;2025-12-29;9;1484
26;2025-12-29;10;1193
26;2025-12-29;11;1114
26;2025-12-29;12;1150
26;2025-12-29;13;1185
26;2025-12-29;14;1206
26;2025-12-29;15;1298
26;2025-12-29;16;1470
26;2025-12-29;17;1752
26;2025-12-29;18;1848
26;2025-12-29;19;1338
26;2025-12-29;20;815
26;2025-12-29;21;482
26;2025-12-29;22;233
26;2025-12-29;23;120
26;2025-12-30;0;35
26;2025-12-30;1;2
26;2025-12-30;2;0
26;2025-12-30;3;0
26;2025-12-30;4;5
26;2025-12-30;5;84
26;2025-12-30;6;566
26;2025-12-30;7;1226
26;2025-12-30;8;2091
26;2025-12-30;9;1529
26;2025-12-30;10;1224
26;2025-12-30;11;1140
26;2025-12-30;12;1174
26;2025-12-30;13;1206
26;2025-12-30;14;1227
26;2025-12-30;15;1320
26;2025-12-30;16;1494
26;2025-12-30;17;1784
26;2025-12-30;18;1897
26;2025-12-30;19;1364
26;2025-12-30;20;840
26;2025-12-30;21;500
26;2025-12-30;22;246
26;2025-12-30;23;130
26;2025-12-31;0;48
26;2025-12-31;1;3
26;2025-12-31;2;0
26;2025-12-31;3;0
26;2025-12-31;4;2
26;2025-12-31;5;34
26;2025-12-31;6;192
26;2025-12-31;7;264
26;2025-12-31;8;456
26;2025-12-31;9;504
26;2025-12-31;10;596
26;2025-12-31;11;700
26;2025-12-31;12;744
26;2025-12-31;13;786
26;2025-12-31;14;785
26;2025-12-31;15;774
26;2025-12-31;16;781
26;2025-12-31;17;770
26;2025-12-31;18;748
26;2025-12-31;19;652
26;2025-12-31;20;460
26;2025-12-31;21;340
26;2025-12-31;22;204
26;2025-12-31;23;109
28;2025-11-01;0;2
28;2025-11-01;1;0
28;2025-11-01;2;0
28;2025-11-01;3;0
28;2025-11-01;4;2
28;2025-11-01;5;91
28;2025-11-01;6;312
28;2025-11-01;7;910
28;2025-11-01;8;1424
28;2025-11-01;9;1042
28;2025-11-01;10;770
28;2025-11-01;11;740
28;2025-11-01;12;841
28;2025-11-01;13;880
28;2025-11-01;14;838
28;2025-11-01;15;890
28;2025-11-01;16;1064
28;2025-11-01;17;1202
28;2025-11-01;18;1200
28;2025-11-01;19;872
28;2025-11-01;20;568
28;2025-11-01;21;362
28;2025-11-01;22;155
28;2025-11-01;23;31
28;2025-11-02;0;6
28;2025-11-02;1;1
28;2025-11-02;2;0
28;2025-11-02;3;0
28;2025-11-02;4;6
28;2025-11-02;5;30
28;2025-11-02;6;74
28;2025-11-02;7;150
28;2025-11-02;8;237
28;2025-11-02;9;320
28;2025-11-02;10;368
28;2025-11-02;11;408
28;2025-11-02;12;464
28;2025-11-02;13;504
28;2025-11-02;14;504
28;2025-11-02;15;505
28;2025-11-02;16;495
28;2025-11-02;17;455
28;2025-11-02;18;406
28;2025-11-02;19;342
28;2025-11-02;20;272
28;2025-11-02;21;238
28;2025-11-02;22;117
28;2025-11-02;23;23
28;2025-11-03;0;4
28;2025-11-03;1;1
28;2025-11-03;2;0
28;2025-11-03;3;0
28;2025-11-03;4;4
28;2025-11-03;5;31
28;2025-11-03;6;74
28;2025-11-03;7;160
28;2025-11-03;8;296
28;2025-11-03;9;320
28;2025-11-03;10;352
28;2025-11-03;11;382
28;2025-11-03;12;426
28;2025-11-03;13;462
28;2025-11-03;14;459
28;2025-11-03;15;462
28;2025-11-03;16;456
28;2025-11-03;17;439
28;2025-11-03;18;404
28;2025-11-03;19;335
28;2025-11-03;20;260
28;2025-11-03;21;224
28;2025-11-03;22;109
28;2025-11-03;23;20
28;2025-11-04;0;10
28;2025-11-04;1;5
28;2025-11-04;2;4
28;2025-11-04;3;2
28;2025-11-04;4;0
28;2025-11-04;5;12
28;2025-11-04;6;40
28;2025-11-04;7;118
28;2025-11-04;8;248
28;2025-11-04;9;265
28;2025-11-04;10;297
28;2025-11-04;11;339
28;2025-11-04;12;394
28;2025-11-04;13;434
28;2025-11-04;14;436
28;2025-11-04;15;442
28;2025-11-04;16;418
28;2025-11-04;17;404
28;2025-11-04;18;360
28;2025-11-04;19;284
28;2025-11-04;20;238
28;2025-11-04;21;200
28;2025-11-04;22;92
28;2025-11-04;23;13
28;2025-11-05;0;1
28;2025-11-05;1;0
28;2025-11-05;2;0
28;2025-11-05;3;0
28;2025-11-05;4;2
28;2025-11-05;5;73
28;2025-11-05;6;258
28;2025-11-05;7;796
28;2025-11-05;8;1258
28;2025-11-05;9;848
28;2025-11-05;10;600
28;2025-11-05;11;563
28;2025-11-05;12;630
28;2025-11-05;13;660
28;2025-11-05;14;636
28;2025-11-05;15;690
28;2025-11-05;16;848
28;2025-11-05;17;1006
28;2025-11-05;18;1037
28;2025-11-05;19;748
28;2025-11-05;20;490
28;2025-11-05;21;317
28;2025-11-05;22;129
28;2025-11-05;23;14
28;2025-11-06;0;2
28;2025-11-06;1;0
28;2025-11-06;2;0
28;2025-11-06;3;0
28;2025-11-06;4;2
28;2025-11-06;5;75
28;2025-11-06;6;263
28;2025-11-06;7;804
28;2025-11-06;8;1268
28;2025-11-06;9;858
28;2025-11-06;10;609
28;2025-11-06;11;572
28;2025-11-06;12;642
28;2025-11-06;13;672
28;2025-11-06;14;648
28;2025-11-06;15;704
28;2025-11-06;16;864
28;2025-11-06;17;1011
28;2025-11-06;18;1045
28;2025-11-06;19;753
28;2025-11-06;20;491
28;2025-11-06;21;319
28;2025-11-06;22;130
28;2025-11-06;23;15
28;2025-11-07;0;1
28;2025-11-07;1;0
28;2025-11-07;2;0
28;2025-11-07;3;0
28;2025-11-07;4;1
28;2025-11-07;5;72
28;2025-11-07;6;250
28;2025-11-07;7;786
28;2025-11-07;8;1244
28;2025-11-07;9;837
28;2025-11-07;10;596
28;2025-11-07;11;562
28;2025-11-07;12;634
28;2025-11-07;13;690
28;2025-11-07;14;674
28;2025-11-07;15;726
28;2025-11-07;16;883
28;2025-11-07;17;976
28;2025-11-07;18;916
28;2025-11-07;19;650
28;2025-11-07;20;442
28;2025-11-07;21;307
28;2025-11-07;22;128
28;2025-11-07;23;22
28;2025-11-08;0;4
28;2025-11-08;1;1
28;2025-11-08;2;0
28;2025-11-08;3;0
28;2025-11-08;4;4
28;2025-11-08;5;40
28;2025-11-08;6;100
28;2025-11-08;7;210
28;2025-11-08;8;336
28;2025-11-08;9;414
28;2025-11-08;10;460
28;2025-11-08;11;499
28;2025-11-08;12;556
28;2025-11-08;13;598
28;2025-11-08;14;592
28;2025-11-08;15;589
28;2025-11-08;16;562
28;2025-11-08;17;524
28;2025-11-08;18;470
28;2025-11-08;19;394
28;2025-11-08;20;314
28;2025-11-08;21;261
28;2025-11-08;22;132
28;2025-11-08;23;32
28;2025-11-09;0;6
28;2025-11-09;1;1
28;2025-11-09;2;0
28;2025-11-09;3;0
28;2025-11-09;4;6
28;2025-11-09;5;30
28;2025-11-09;6;74
28;2025-11-09;7;150
28;2025-11-09;8;237
28;2025-11-09;9;320
28;2025-11-09;10;368
28;2025-11-09;11;408
28;2025-11-09;12;464
28;2025-11-09;13;504
28;2025-11-09;14;504
28;2025-11-09;15;505
28;2025-11-09;16;495
28;2025-11-09;17;455
28;2025-11-09;18;406
28;2025-11-09;19;342
28;2025-11-09;20;272
28;2025-11-09;21;238
28;2025-11-09;22;117
28;2025-11-09;23;23
28;2025-11-10;0;1
28;2025-11-10;1;0
28;2025-11-10;2;0
28;2025-11-10;3;0
28;2025-11-10;4;1
28;2025-11-10;5;66
28;2025-11-10;6;244
28;2025-11-10;7;772
28;2025-11-10;8;1226
28;2025-11-10;9;824
28;2025-11-10;10;580
28;2025-11-10;11;544
28;2025-11-10;12;612
28;2025-11-10;13;642
28;2025-11-10;14;619
28;2025-11-10;15;673
28;2025-11-10;16;829
28;2025-11-10;17;983
28;2025-11-10;18;1010
28;2025-11-10;19;732
28;2025-11-10;20;466
28;2025-11-10;21;300
28;2025-11-10;22;116
28;2025-11-10;23;9
28;2025-11-11;0;1
28;2025-11-11;1;0
28;2025-11-11;2;0
28;2025-11-11;3;0
28;2025-11-11;4;2
28;2025-11-11;5;72
28;2025-11-11;6;258
28;2025-11-11;7;798
28;2025-11-11;8;1266
28;2025-11-11;9;858
28;2025-11-11;10;602
28;2025-11-11;11;564
28;2025-11-11;12;632
28;2025-11-11;13;660
28;2025-11-11;14;634
28;2025-11-11;15;688
28;2025-11-11;16;842
28;2025-11-11;17;1000
28;2025-11-11;18;1040
28;2025-11-11;19;740
28;2025-11-11;20;478
28;2025-11-11;21;310
28;2025-11-11;22;125
28;2025-11-11;23;11
28;2025-11-12;0;1
28;2025-11-12;1;0
28;2025-11-12;2;0
28;2025-11-12;3;0
28;2025-11-12;4;2
28;2025-11-12;5;73
28;2025-11-12;6;258
28;2025-11-12;7;796
28;2025-11-12;8;1258
28;2025-11-12;9;848
28;2025-11-12;10;600
28;2025-11-12;11;563
28;2025-11-12;12;630
28;2025-11-12;13;660
28;2025-11-12;14;636
28;2025-11-12;15;690
28;2025-11-12;16;848
28;2025-11-12;17;1006
28;2025-11-12;18;1037
28;2025-11-12;19;748
28;2025-11-12;20;490
28;2025-11-12;21;317
28;2025-11-12;22;129
28;2025-11-12;23;14
28;2025-11-13;0;2
28;2025-11-13;1;0
28;2025-11-13;2;0
28;2025-11-13;3;0
28;2025-11-13;4;2
28;2025-11-13;5;75
28;2025-11-13;6;263
28;2025-11-13;7;804
28;2025-11-13;8;1268
28;2025-11-13;9;858
28;2025-11-13;10;609
28;2025-11-13;11;572
28;2025-11-13;12;642
28;2025-11-13;13;672
28;2025-11-13;14;648
28;2025-11-13;15;704
28;2025-11-13;16;864
28;2025-11-13;17;1011
28;2025-11-13;18;1045
28;2025-11-13;19;753
28;2025-11-13;20;491
28;2025-11-13;21;319
28;2025-11-13;22;130
28;2025-11-13;23;15
28;2025-11-14;0;1
28;2025-11-14;1;0
28;2025-11-14;2;0
28;2025-11-14;3;0
28;2025-11-14;4;1
28;2025-11-14;5;72
28;2025-11-14;6;250
28;2025-11-14;7;786
28;2025-11-14;8;1244
28;2025-11-14;9;837
28;2025-11-14;10;596
28;2025-11-14;11;562
28;2025-11-14;12;634
28;2025-11-14;13;690
28;2025-11-14;14;674
28;2025-11-14;15;726
28;2025-11-14;16;883
28;2025-11-14;17;976
28;2025-11-14;18;916
28;2025-11-14;19;650
28;2025-11-14;20;442
28;2025-11-14;21;307
28;2025-11-14;22;128
28;2025-11-14;23;22
28;2025-11-15;0;4
28;2025-11-15;1;1
28;2025-11-15;2;0
28;2025-11-15;3;0
28;2025-11-15;4;4
28;2025-11-15;5;40
28;2025-11-15;6;100
28;2025-11-15;7;210
28;2025-11-15;8;336
28;2025-11-15;9;414
28;2025-11-15;10;460
28;2025-11-15;11;499
28;2025-11-15;12;556
28;2025-11-15;13;598
28;2025-11-15;14;592
28;2025-11-15;15;589
28;2025-11-15;16;562
28;2025-11-15;17;524
28;2025-11-15;18;470
28;2025-11-15;19;394
28;2025-11-15;20;314
28;2025-11-15;21;261
28;2025-11-15;22;132
28;2025-11-15;23;32
28;2025-11-16;0;6
28;2025-11-16;1;1
28;2025-11-16;2;0
28;2025-11-16;3;0
28;2025-11-16;4;6
28;2025-11-16;5;30
28;2025-11-16;6;74
28;2025-11-16;7;150
28;2025-11-16;8;237
28;2025-11-16;9;320
28;2025-11-16;10;368
28;2025-11-16;11;408
28;2025-11-16;12;464
28;2025-11-16;13;504
28;2025-11-16;14;504
28;2025-11-16;15;505
28;2025-11-16;16;495
28;2025-11-16;17;455
28;2025-11-16;18;406
28;2025-11-16;19;342
28;2025-11-16;20;272
28;2025-11-16;21;238
28;2025-11-16;22;117
28;2025-11-16;23;23
28;2025-11-17;0;1
28;2025-11-17;1;0
28;2025-11-17;2;0
28;2025-11-17;3;0
28;2025-11-17;4;1
28;2025-11-17;5;66
28;2025-11-17;6;244
28;2025-11-17;7;772
28;2025-11-17;8;1226
28;2025-11-17;9;824
28;2025-11-17;10;580
28;2025-11-17;11;544
28;2025-11-17;12;612
28;2025-11-17;13;642
28;2025-11-17;14;619
28;2025-11-17;15;673
28;2025-11-17;16;829
28;2025-11-17;17;983
28;2025-11-17;18;1010
28;2025-11-17;19;732
28;2025-11-17;20;466
28;2025-11-17;21;300
28;2025-11-17;22;116
28;2025-11-17;23;9
28;2025-11-18;0;1
28;2025-11-18;1;0
28;2025-11-18;2;0
28;2025-11-18;3;0
28;2025-11-18;4;2
28;2025-11-18;5;72
28;2025-11-18;6;258
28;2025-11-18;7;798
28;2025-11-18;8;1266
28;2025-11-18;9;858
28;2025-11-18;10;602
28;2025-11-18;11;564
28;2025-11-18;12;632
28;2025-11-18;13;660
28;2025-11-18;14;634
28;2025-11-18;15;688
28;2025-11-18;16;842
28;2025-11-18;17;1000
28;2025-11-18;18;1040
28;2025-11-18;19;740
28;2025-11-18;20;478
28;2025-11-18;21;310
28;2025-11-18;22;125
28;2025-11-18;23;11
28;2025-11-19;0;1
28;2025-11-19;1;0
28;2025-11-19;2;0
28;2025-11-19;3;0
28;2025-11-19;4;2
28;2025-11-19;5;73
28;2025-11-19;6;258
28;2025-11-19;7;796
28;2025-11-19;8;1258
28;2025-11-19;9;848
28;2025-11-19;10;600
28;2025-11-19;11;563
28;2025-11-19;12;630
28;2025-11-19;13;660
28;2025-11-19;14;636
28;2025-11-19;15;690
28;2025-11-19;16;848
28;2025-11-19;17;1006
28;2025-11-19;18;1037
28;2025-11-19;19;748
28;2025-11-19;20;490
28;2025-11-19;21;317
28;2025-11-19;22;129
28;2025-11-19;23;14
28;2025-11-20;0;2
28;2025-11-20;1;0
28;2025-11-20;2;0
28;2025-11-20;3;0
28;2025-11-20;4;2
28;2025-11-20;5;75
28;2025-11-20;6;263
28;2025-11-20;7;804
28;2025-11-20;8;1268
28;2025-11-20;9;858
28;2025-11-20;10;609
28;2025-11-20;11;572
28;2025-11-20;12;642
28;2025-11-20;13;672
28;2025-11-20;14;648
28;2025-11-20;15;704
28;2025-11-20;16;864
28;2025-11-20;17;1011
28;2025-11-20;18;1045
28;2025-11-20;19;753
28;2025-11-20;20;491
28;2025-11-20;21;319
28;2025-11-20;22;130
28;2025-11-20;23;15
28;2025-11-21;0;1
28;2025-11-21;1;0
28;2025-11-21;2;0
28;2025-11-21;3;0
28;2025-11-21;4;1
28;2025-11-21;5;72
28;2025-11-21;6;250
28;2025-11-21;7;786
28;2025-11-21;8;1244
28;2025-11-21;9;837
28;2025-11-21;10;596
28;2025-11-21;11;562
28;2025-11-21;12;634
28;2025-11-21;13;690
28;2025-11-21;14;674
28;2025-11-21;15;726
28;2025-11-21;16;883
28;2025-11-21;17;976
28;2025-11-21;18;916
28;2025-11-21;19;650
28;2025-11-21;20;442
28;2025-11-21;21;307
28;2025-11-21;22;128
28;2025-11-21;23;22
28;2025-11-22;0;4
28;2025-11-22;1;1
28;2025-11-22;2;0
28;2025-11-22;3;0
28;2025-11-22;4;4
28;2025-11-22;5;40
28;2025-11-22;6;100
28;2025-11-22;7;210
28;2025-11-22;8;336
28;2025-11-22;9;414
28;2025-11-22;10;460
28;2025-11-22;11;499
28;2025-11-22;12;556
28;2025-11-22;13;598
28;2025-11-22;14;592
28;2025-11-22;15;589
28;2025-11-22;16;562
28;2025-11-22;17;524
28;2025-11-22;18;470
28;2025-11-22;19;394
28;2025-11-22;20;314
28;2025-11-22;21;261
28;2025-11-22;22;132
28;2025-11-22;23;32
28;2025-11-23;0;6
28;2025-11-23;1;1
28;2025-11-23;2;0
28;2025-11-23;3;0
28;2025-11-23;4;6
28;2025-11-23;5;30
28;2025-11-23;6;74
28;2025-11-23;7;150
28;2025-11-23;8;237
28;2025-11-23;9;320
28;2025-11-23;10;368
28;2025-11-23;11;408
28;2025-11-23;12;464
28;2025-11-23;13;504
28;2025-11-23;14;504
28;2025-11-23;15;505
28;2025-11-23;16;495
28;2025-11-23;17;455
28;2025-11-23;18;406
28;2025-11-23;19;342
28;2025-11-23;20;272
28;2025-11-23;21;238
28;2025-11-23;22;117
28;2025-11-23;23;23
28;2025-11-24;0;1
28;2025-11-24;1;0
28;2025-11-24;2;0
28;2025-11-24;3;0
28;2025-11-24;4;1
28;2025-11-24;5;66
28;2025-11-24;6;244
28;2025-11-24;7;772
28;2025-11-24;8;1226
28;2025-11-24;9;824
28;2025-11-24;10;580
28;2025-11-24;11;544
28;2025-11-24;12;612
28;2025-11-24;13;642
28;2025-11-24;14;619
28;2025-11-24;15;673
28;2025-11-24;16;829
28;2025-11-24;17;983
28;2025-11-24;18;1010
28;2025-11-24;19;732
28;2025-11-24;20;466
28;2025-11-24;21;300
28;2025-11-24;22;116
28;2025-11-24;23;9
28;2025-11-25;0;1
28;2025-11-25;1;0
28;2025-11-25;2;0
28;2025-11-25;3;0
28;2025-11-25;4;2
28;2025-11-25;5;72
28;2025-11-25;6;258
28;2025-11-25;7;798
28;2025-11-25;8;1266
28;2025-11-25;9;858
28;2025-11-25;10;602
28;2025-11-25;11;564
28;2025-11-25;12;632
28;2025-11-25;13;660
28;2025-11-25;14;634
28;2025-11-25;15;688
28;2025-11-25;16;842
28;2025-11-25;17;1000
28;2025-11-25;18;1040
28;2025-11-25;19;740
28;2025-11-25;20;478
28;2025-11-25;21;310
28;2025-11-25;22;125
28;2025-11-25;23;11
28;2025-11-26;0;1
28;2025-11-26;1;0
28;2025-11-26;2;0
28;2025-11-26;3;0
28;2025-11-26;4;2
28;2025-11-26;5;73
28;2025-11-26;6;258
28;2025-11-26;7;796
28;2025-11-26;8;1258
28;2025-11-26;9;848
28;2025-11-26;10;600
28;2025-11-26;11;563
28;2025-11-26;12;630
28;2025-11-26;13;660
28;2025-11-26;14;636
28;2025-11-26;15;690
28;2025-11-26;16;848
28;2025-11-26;17;1006
28;2025-11-26;18;1037
28;2025-11-26;19;748
28;2025-11-26;20;490
28;2025-11-26;21;317
28;2025-11-26;22;129
28;2025-11-26;23;14
28;2025-11-27;0;2
28;2025-11-27;1;0
28;2025-11-27;2;0
28;2025-11-27;3;0
28;2025-11-27;4;2
28;2025-11-27;5;75
28;2025-11-27;6;263
28;2025-11-27;7;804
28;2025-11-27;8;1268
28;2025-11-27;9;858
28;2025-11-27;10;609
28;2025-11-27;11;572
28;2025-11-27;12;642
28;2025-11-27;13;672
28;2025-11-27;14;648
28;2025-11-27;15;704
28;2025-11-27;16;864
28;2025-11-27;17;1011
28;2025-11-27;18;1045
28;2025-11-27;19;753
28;2025-11-27;20;491
28;2025-11-27;21;319
28;2025-11-27;22;130
28;2025-11-27;23;15
28;2025-11-28;0;1
28;2025-11-28;1;0
28;2025-11-28;2;0
28;2025-11-28;3;0
28;2025-11-28;4;1
28;2025-11-28;5;72
28;2025-11-28;6;250
28;2025-11-28;7;786
28;2025-11-28;8;1244
28;2025-11-28;9;837
28;2025-11-28;10;596
28;2025-11-28;11;562
28;2025-11-28;12;634
28;2025-11-28;13;690
28;2025-11-28;14;674
28;2025-11-28;15;726
28;2025-11-28;16;883
28;2025-11-28;17;976
28;2025-11-28;18;916
28;2025-11-28;19;650
28;2025-11-28;20;442
28;2025-11-28;21;307
28;2025-11-28;22;128
28;2025-11-28;23;22
28;2025-11-29;0;4
28;2025-11-29;1;1
28;2025-11-29;2;0
28;2025-11-29;3;0
28;2025-11-29;4;4
28;2025-11-29;5;40
28;2025-11-29;6;100
28;2025-11-29;7;210
28;2025-11-29;8;336
28;2025-11-29;9;414
28;2025-11-29;10;460
28;2025-11-29;11;499
28;2025-11-29;12;556
28;2025-11-29;13;598
28;2025-11-29;14;592
28;2025-11-29;15;589
28;2025-11-29;16;562
28;2025-11-29;17;524
28;2025-11-29;18;470
28;2025-11-29;19;394
28;2025-11-29;20;314
28;2025-11-29;21;261
28;2025-11-29;22;132
28;2025-11-29;23;32
28;2025-11-30;0;6
28;2025-11-30;1;1
28;2025-11-30;2;0
28;2025-11-30;3;0
28;2025-11-30;4;6
28;2025-11-30;5;30
28;2025-11-30;6;74
28;2025-11-30;7;150
28;2025-11-30;8;237
28;2025-11-30;9;320
28;2025-11-30;10;368
28;2025-11-30;11;408
28;2025-11-30;12;464
28;2025-11-30;13;504
28;2025-11-30;14;504
28;2025-11-30;15;505
28;2025-11-30;16;495
28;2025-11-30;17;455
28;2025-11-30;18;406
28;2025-11-30;19;342
28;2025-11-30;20;272
28;2025-11-30;21;238
28;2025-11-30;22;117
28;2025-11-30;23;23
28;2025-12-01;0;2
28;2025-12-01;1;0
28;2025-12-01;2;0
28;2025-12-01;3;0
28;2025-12-01;4;1
28;2025-12-01;5;70
28;2025-12-01;6;258
28;2025-12-01;7;759
28;2025-12-01;8;1197
28;2025-12-01;9;830
28;2025-12-01;10;592
28;2025-12-01;11;556
28;2025-12-01;12;614
28;2025-12-01;13;640
28;2025-12-01;14;618
28;2025-12-01;15;668
28;2025-12-01;16;824
28;2025-12-01;17;972
28;2025-12-01;18;1002
28;2025-12-01;19;738
28;2025-12-01;20;474
28;2025-12-01;21;302
28;2025-12-01;22;122
28;2025-12-01;23;9
28;2025-12-02;0;1
28;2025-12-02;1;0
28;2025-12-02;2;0
28;2025-12-02;3;0
28;2025-12-02;4;2
28;2025-12-02;5;74
28;2025-12-02;6;270
28;2025-12-02;7;784
28;2025-12-02;8;1236
28;2025-12-02;9;862
28;2025-12-02;10;613
28;2025-12-02;11;576
28;2025-12-02;12;634
28;2025-12-02;13;658
28;2025-12-02;14;634
28;2025-12-02;15;682
28;2025-12-02;16;836
28;2025-12-02;17;987
28;2025-12-02;18;1027
28;2025-12-02;19;746
28;2025-12-02;20;486
28;2025-12-02;21;312
28;2025-12-02;22;130
28;2025-12-02;23;9
28;2025-12-03;0;2
28;2025-12-03;1;0
28;2025-12-03;2;0
28;2025-12-03;3;0
28;2025-12-03;4;2
28;2025-12-03;5;74
28;2025-12-03;6;268
28;2025-12-03;7;782
28;2025-12-03;8;1226
28;2025-12-03;9;852
28;2025-12-03;10;610
28;2025-12-03;11;573
28;2025-12-03;12;632
28;2025-12-03;13;656
28;2025-12-03;14;634
28;2025-12-03;15;684
28;2025-12-03;16;842
28;2025-12-03;17;986
28;2025-12-03;18;1020
28;2025-12-03;19;750
28;2025-12-03;20;495
28;2025-12-03;21;320
28;2025-12-03;22;135
28;2025-12-03;23;11
28;2025-12-04;0;2
28;2025-12-04;1;0
28;2025-12-04;2;0
28;2025-12-04;3;0
28;2025-12-04;4;2
28;2025-12-04;5;76
28;2025-12-04;6;274
28;2025-12-04;7;790
28;2025-12-04;8;1238
28;2025-12-04;9;862
28;2025-12-04;10;620
28;2025-12-04;11;582
28;2025-12-04;12;643
28;2025-12-04;13;670
28;2025-12-04;14;646
28;2025-12-04;15;698
28;2025-12-04;16;858
28;2025-12-04;17;1000
28;2025-12-04;18;1036
28;2025-12-04;19;760
28;2025-12-04;20;500
28;2025-12-04;21;322
28;2025-12-04;22;136
28;2025-12-04;23;13
28;2025-12-05;0;2
28;2025-12-05;1;0
28;2025-12-05;2;0
28;2025-12-05;3;0
28;2025-12-05;4;2
28;2025-12-05;5;74
28;2025-12-05;6;262
28;2025-12-05;7;768
28;2025-12-05;8;1209
28;2025-12-05;9;843
28;2025-12-05;10;608
28;2025-12-05;11;574
28;2025-12-05;12;637
28;2025-12-05;13;690
28;2025-12-05;14;675
28;2025-12-05;15;724
28;2025-12-05;16;880
28;2025-12-05;17;967
28;2025-12-05;18;913
28;2025-12-05;19;664
28;2025-12-05;20;456
28;2025-12-05;21;312
28;2025-12-05;22;136
28;2025-12-05;23;21
28;2025-12-06;0;4
28;2025-12-06;1;1
28;2025-12-06;2;0
28;2025-12-06;3;0
28;2025-12-06;4;4
28;2025-12-06;5;39
28;2025-12-06;6;102
28;2025-12-06;7;194
28;2025-12-06;8;308
28;2025-12-06;9;394
28;2025-12-06;10;448
28;2025-12-06;11;488
28;2025-12-06;12;548
28;2025-12-06;13;594
28;2025-12-06;14;588
28;2025-12-06;15;581
28;2025-12-06;16;552
28;2025-12-06;17;512
28;2025-12-06;18;462
28;2025-12-06;19;396
28;2025-12-06;20;315
28;2025-12-06;21;260
28;2025-12-06;22;132
28;2025-12-06;23;27
28;2025-12-07;0;6
28;2025-12-07;1;1
28;2025-12-07;2;0
28;2025-12-07;3;0
28;2025-12-07;4;6
28;2025-12-07;5;28
28;2025-12-07;6;72
28;2025-12-07;7;134
28;2025-12-07;8;216
28;2025-12-07;9;306
28;2025-12-07;10;365
28;2025-12-07;11;406
28;2025-12-07;12;470
28;2025-12-07;13;512
28;2025-12-07;14;511
28;2025-12-07;15;508
28;2025-12-07;16;497
28;2025-12-07;17;458
28;2025-12-07;18;410
28;2025-12-07;19;340
28;2025-12-07;20;270
28;2025-12-07;21;234
28;2025-12-07;22;114
28;2025-12-07;23;15
28;2025-12-08;0;2
28;2025-12-08;1;0
28;2025-12-08;2;0
28;2025-12-08;3;0
28;2025-12-08;4;1
28;2025-12-08;5;70
28;2025-12-08;6;258
28;2025-12-08;7;759
28;2025-12-08;8;1197
28;2025-12-08;9;830
28;2025-12-08;10;592
28;2025-12-08;11;556
28;2025-12-08;12;614
28;2025-12-08;13;640
28;2025-12-08;14;618
28;2025-12-08;15;668
28;2025-12-08;16;824
28;2025-12-08;17;972
28;2025-12-08;18;1002
28;2025-12-08;19;738
28;2025-12-08;20;474
28;2025-12-08;21;302
28;2025-12-08;22;122
28;2025-12-08;23;9
28;2025-12-09;0;1
28;2025-12-09;1;0
28;2025-12-09;2;0
28;2025-12-09;3;0
28;2025-12-09;4;2
28;2025-12-09;5;74
28;2025-12-09;6;270
28;2025-12-09;7;784
28;2025-12-09;8;1236
28;2025-12-09;9;862
28;2025-12-09;10;613
28;2025-12-09;11;576
28;2025-12-09;12;634
28;2025-12-09;13;658
28;2025-12-09;14;634
28;2025-12-09;15;682
28;2025-12-09;16;836
28;2025-12-09;17;987
28;2025-12-09;18;1027
28;2025-12-09;19;746
28;2025-12-09;20;486
28;2025-12-09;21;312
28;2025-12-09;22;130
28;2025-12-09;23;9
28;2025-12-10;0;2
28;2025-12-10;1;0
28;2025-12-10;2;0
28;2025-12-10;3;0
28;2025-12-10;4;2
28;2025-12-10;5;74
28;2025-12-10;6;268
28;2025-12-10;7;782
28;2025-12-10;8;1226
28;2025-12-10;9;852
28;2025-12-10;10;610
28;2025-12-10;11;573
28;2025-12-10;12;632
28;2025-12-10;13;656
28;2025-12-10;14;634
28;2025-12-10;15;684
28;2025-12-10;16;842
28;2025-12-10;17;986
28;2025-12-10;18;1020
28;2025-12-10;19;750
28;2025-12-10;20;495
28;2025-12-10;21;320
28;2025-12-10;22;135
28;2025-12-10;23;11
28;2025-12-11;0;2
28;2025-12-11;1;0
28;2025-12-11;2;0
28;2025-12-11;3;0
28;2025-12-11;4;2
28;2025-12-11;5;76
28;2025-12-11;6;274
28;2025-12-11;7;790
28;2025-12-11;8;1238
28;2025-12-11;9;862
28;2025-12-11;10;620
28;2025-12-11;11;582
28;2025-12-11;12;643
28;2025-12-11;13;670
28;2025-12-11;14;646
28;2025-12-11;15;698
28;2025-12-11;16;858
28;2025-12-11;17;1000
28;2025-12-11;18;1036
28;2025-12-11;19;760
28;2025-12-11;20;500
28;2025-12-11;21;322
28;2025-12-11;22;136
28;2025-12-11;23;13
28;2025-12-12;0;2
28;2025-12-12;1;0
28;2025-12-12;2;0
28;2025-12-12;3;0
28;2025-12-12;4;2
28;2025-12-12;5;74
28;2025-12-12;6;262
28;2025-12-12;7;768
28;2025-12-12;8;1209
28;2025-12-12;9;843
28;2025-12-12;10;608
28;2025-12-12;11;574
28;2025-12-12;12;637
28;2025-12-12;13;690
28;2025-12-12;14;675
28;2025-12-12;15;724
28;2025-12-12;16;880
28;2025-12-12;17;967
28;2025-12-12;18;913
28;2025-12-12;19;664
28;2025-12-12;20;456
28;2025-12-12;21;312
28;2025-12-12;22;136
28;2025-12-12;23;21
28;2025-12-13;0;4
28;2025-12-13;1;1
28;2025-12-13;2;0
28;2025-12-13;3;0
28;2025-12-13;4;4
28;2025-12-13;5;39
28;2025-12-13;6;102
28;2025-12-13;7;194
28;2025-12-13;8;308
28;2025-12-13;9;394
28;2025-12-13;10;448
28;2025-12-13;11;488
28;2025-12-13;12;548
28;2025-12-13;13;594
28;2025-12-13;14;588
28;2025-12-13;15;581
28;2025-12-13;16;552
28;2025-12-13;17;512
28;2025-12-13;18;462
28;2025-12-13;19;396
28;2025-12-13;20;315
28;2025-12-13;21;260
28;2025-12-13;22;132
28;2025-12-13;23;27
28;2025-12-14;0;6
28;2025-12-14;1;1
28;2025-12-14;2;0
28;2025-12-14;3;0
28;2025-12-14;4;6
28;2025-12-14;5;28
28;2025-12-14;6;72
28;2025-12-14;7;134
28;2025-12-14;8;216
28;2025-12-14;9;306
28;2025-12-14;10;365
28;2025-12-14;11;406
28;2025-12-14;12;470
28;2025-12-14;13;512
28;2025-12-14;14;511
28;2025-12-14;15;508
28;2025-12-14;16;497
28;2025-12-14;17;458
28;2025-12-14;18;410
28;2025-12-14;19;340
28;2025-12-14;20;270
28;2025-12-14;21;234
28;2025-12-14;22;114
28;2025-12-14;23;15
28;2025-12-15;0;2
28;2025-12-15;1;0
28;2025-12-15;2;0
28;2025-12-15;3;0
28;2025-12-15;4;1
28;2025-12-15;5;70
28;2025-12-15;6;258
28;2025-12-15;7;759
28;2025-12-15;8;1197
28;2025-12-15;9;830
28;2025-12-15;10;592
28;2025-12-15;11;556
28;2025-12-15;12;614
28;2025-12-15;13;640
28;2025-12-15;14;618
28;2025-12-15;15;668
28;2025-12-15;16;824
28;2025-12-15;17;972
28;2025-12-15;18;1002
28;2025-12-15;19;738
28;2025-12-15;20;474
28;2025-12-15;21;302
28;2025-12-15;22;122
28;2025-12-15;23;9
28;2025-12-16;0;1
28;2025-12-16;1;0
28;2025-12-16;2;0
28;2025-12-16;3;0
28;2025-12-16;4;2
28;2025-12-16;5;74
28;2025-12-16;6;270
28;2025-12-16;7;784
28;2025-12-16;8;1236
28;2025-12-16;9;862
28;2025-12-16;10;613
28;2025-12-16;11;576
28;2025-12-16;12;634
28;2025-12-16;13;658
28;2025-12-16;14;634
28;2025-12-16;15;682
28;2025-12-16;16;836
28;2025-12-16;17;987
28;2025-12-16;18;1027
28;2025-12-16;19;746
28;2025-12-16;20;486
28;2025-12-16;21;312
28;2025-12-16;22;130
28;2025-12-16;23;9
28;2025-12-17;0;2
28;2025-12-17;1;0
28;2025-12-17;2;0
28;2025-12-17;3;0
28;2025-12-17;4;2
28;2025-12-17;5;74
28;2025-12-17;6;268
28;2025-12-17;7;782
28;2025-12-17;8;1226
28;2025-12-17;9;852
28;2025-12-17;10;610
28;2025-12-17;11;573
28;2025-12-17;12;632
28;2025-12-17;13;656
28;2025-12-17;14;634
28;2025-12-17;15;684
28;2025-12-17;16;842
28;2025-12-17;17;986
28;2025-12-17;18;1020
28;2025-12-17;19;750
28;2025-12-17;20;495
28;2025-12-17;21;320
28;2025-12-17;22;135
28;2025-12-17;23;11
28;2025-12-18;0;2
28;2025-12-18;1;0
28;2025-12-18;2;0
28;2025-12-18;3;0
28;2025-12-18;4;2
28;2025-12-18;5;76
28;2025-12-18;6;274
28;2025-12-18;7;790
28;2025-12-18;8;1238
28;2025-12-18;9;862
28;2025-12-18;10;620
28;2025-12-18;11;582
28;2025-12-18;12;643
28;2025-12-18;13;670
28;2025-12-18;14;646
28;2025-12-18;15;698
28;2025-12-18;16;858
28;2025-12-18;17;1000
28;2025-12-18;18;1036
28;2025-12-18;19;760
28;2025-12-18;20;500
28;2025-12-18;21;322
28;2025-12-18;22;136
28;2025-12-18;23;13
28;2025-12-19;0;2
28;2025-12-19;1;0
28;2025-12-19;2;0
28;2025-12-19;3;0
28;2025-12-19;4;2
28;2025-12-19;5;74
28;2025-12-19;6;262
28;2025-12-19;7;768
28;2025-12-19;8;1209
28;2025-12-19;9;843
28;2025-12-19;10;608
28;2025-12-19;11;574
28;2025-12-19;12;637
28;2025-12-19;13;690
28;2025-12-19;14;675
28;2025-12-19;15;724
28;2025-12-19;16;880
28;2025-12-19;17;967
28;2025-12-19;18;913
28;2025-12-19;19;664
28;2025-12-19;20;456
28;2025-12-19;21;312
28;2025-12-19;22;136
28;2025-12-19;23;21
28;2025-12-20;0;4
28;2025-12-20;1;1
28;2025-12-20;2;0
28;2025-12-20;3;0
28;2025-12-20;4;4
28;2025-12-20;5;39
28;2025-12-20;6;102
28;2025-12-20;7;194
28;2025-12-20;8;308
28;2025-12-20;9;394
28;2025-12-20;10;448
28;2025-12-20;11;488
28;2025-12-20;12;548
28;2025-12-20;13;594
28;2025-12-20;14;588
28;2025-12-20;15;581
28;2025-12-20;16;552
28;2025-12-20;17;512
28;2025-12-20;18;462
28;2025-12-20;19;396
28;2025-12-20;20;315
28;2025-12-20;21;260
28;2025-12-20;22;132
28;2025-12-20;23;27
28;2025-12-21;0;6
28;2025-12-21;1;1
28;2025-12-21;2;0
28;2025-12-21;3;0
28;2025-12-21;4;6
28;2025-12-21;5;28
28;2025-12-21;6;72
28;2025-12-21;7;134
28;2025-12-21;8;216
28;2025-12-21;9;306
28;2025-12-21;10;365
28;2025-12-21;11;406
28;2025-12-21;12;470
28;2025-12-21;13;512
28;2025-12-21;14;511
28;2025-12-21;15;508
28;2025-12-21;16;497
28;2025-12-21;17;458
28;2025-12-21;18;410
28;2025-12-21;19;340
28;2025-12-21;20;270
28;2025-12-21;21;234
28;2025-12-21;22;114
28;2025-12-21;23;15
28;2025-12-22;0;2
28;2025-12-22;1;0
28;2025-12-22;2;0
28;2025-12-22;3;0
28;2025-12-22;4;1
28;2025-12-22;5;70
28;2025-12-22;6;258
28;2025-12-22;7;759
28;2025-12-22;8;1197
28;2025-12-22;9;830
28;2025-12-22;10;592
28;2025-12-22;11;556
28;2025-12-22;12;614
28;2025-12-22;13;640
28;2025-12-22;14;618
28;2025-12-22;15;668
28;2025-12-22;16;824
28;2025-12-22;17;972
28;2025-12-22;18;1002
28;2025-12-22;19;738
28;2025-12-22;20;474
28;2025-12-22;21;302
28;2025-12-22;22;122
28;2025-12-22;23;9
28;2025-12-23;0;1
28;2025-12-23;1;0
28;2025-12-23;2;0
28;2025-12-23;3;0
28;2025-12-23;4;2
28;2025-12-23;5;74
28;2025-12-23;6;270
28;2025-12-23;7;784
28;2025-12-23;8;1236
28;2025-12-23;9;862
28;2025-12-23;10;613
28;2025-12-23;11;576
28;2025-12-23;12;634
28;2025-12-23;13;658
28;2025-12-23;14;634
28;2025-12-23;15;682
28;2025-12-23;16;836
28;2025-12-23;17;987
28;2025-12-23;18;1027
28;2025-12-23;19;746
28;2025-12-23;20;486
28;2025-12-23;21;312
28;2025-12-23;22;130
28;2025-12-23;23;9
28;2025-12-24;0;2
28;2025-12-24;1;0
28;2025-12-24;2;0
28;2025-12-24;3;0
28;2025-12-24;4;2
28;2025-12-24;5;74
28;2025-12-24;6;268
28;2025-12-24;7;782
28;2025-12-24;8;1226
28;2025-12-24;9;852
28;2025-12-24;10;610
28;2025-12-24;11;573
28;2025-12-24;12;632
28;2025-12-24;13;656
28;2025-12-24;14;634
28;2025-12-24;15;684
28;2025-12-24;16;842
28;2025-12-24;17;986
28;2025-12-24;18;1020
28;2025-12-24;19;750
28;2025-12-24;20;495
28;2025-12-24;21;320
28;2025-12-24;22;135
28;2025-12-24;23;11
28;2025-12-25;0;2
28;2025-12-25;1;0
28;2025-12-25;2;0
28;2025-12-25;3;0
28;2025-12-25;4;2
28;2025-12-25;5;76
28;2025-12-25;6;274
28;2025-12-25;7;790
28;2025-12-25;8;1238
28;2025-12-25;9;862
28;2025-12-25;10;620
28;2025-12-25;11;582
28;2025-12-25;12;643
28;2025-12-25;13;670
28;2025-12-25;14;646
28;2025-12-25;15;698
28;2025-12-25;16;858
28;2025-12-25;17;1000
28;2025-12-25;18;1036
28;2025-12-25;19;760
28;2025-12-25;20;500
28;2025-12-25;21;322
28;2025-12-25;22;136
28;2025-12-25;23;13
28;2025-12-26;0;2
28;2025-12-26;1;0
28;2025-12-26;2;0
28;2025-12-26;3;0
28;2025-12-26;4;2
28;2025-12-26;5;74
28;2025-12-26;6;262
28;2025-12-26;7;768
28;2025-12-26;8;1209
28;2025-12-26;9;843
28;2025-12-26;10;608
28;2025-12-26;11;574
28;2025-12-26;12;637
28;2025-12-26;13;690
28;2025-12-26;14;675
28;2025-12-26;15;724
28;2025-12-26;16;880
28;2025-12-26;17;967
28;2025-12-26;18;913
28;2025-12-26;19;664
28;2025-12-26;20;456
28;2025-12-26;21;312
28;2025-12-26;22;136
28;2025-12-26;23;21
28;2025-12-27;0;4
28;2025-12-27;1;1
28;2025-12-27;2;0
28;2025-12-27;3;0
28;2025-12-27;4;4
28;2025-12-27;5;39
28;2025-12-27;6;102
28;2025-12-27;7;194
28;2025-12-27;8;308
28;2025-12-27;9;394
28;2025-12-27;10;448
28;2025-12-27;11;488
28;2025-12-27;12;548
28;2025-12-27;13;594
28;2025-12-27;14;588
28;2025-12-27;15;581
28;2025-12-27;16;552
28;2025-12-27;17;512
28;2025-12-27;18;462
28;2025-12-27;19;396
28;2025-12-27;20;315
28;2025-12-27;21;260
28;2025-12-27;22;132
28;2025-12-27;23;27
28;2025-12-28;0;6
28;2025-12-28;1;1
28;2025-12-28;2;0
28;2025-12-28;3;0
28;2025-12-28;4;6
28;2025-12-28;5;28
28;2025-12-28;6;72
28;2025-12-28;7;134
28;2025-12-28;8;216
28;2025-12-28;9;306
28;2025-12-28;10;365
28;2025-12-28;11;406
28;2025-12-28;12;470
28;2025-12-28;13;512
28;2025-12-28;14;511
28;2025-12-28;15;508
28;2025-12-28;16;497
28;2025-12-28;17;458
28;2025-12-28;18;410
28;2025-12-28;19;340
28;2025-12-28;20;270
28;2025-12-28;21;234
28;2025-12-28;22;114
28;2025-12-28;23;15
28;2025-12-29;0;2
28;2025-12-29;1;0
28;2025-12-29;2;0
28;2025-12-29;3;0
28;2025-12-29;4;1
28;2025-12-29;5;70
28;2025-12-29;6;258
28;2025-12-29;7;759
28;2025-12-29;8;1197
28;2025-12-29;9;830
28;2025-12-29;10;592
28;2025-12-29;11;556
28;2025-12-29;12;614
28;2025-12-29;13;640
28;2025-12-29;14;618
28;2025-12-29;15;668
28;2025-12-29;16;824
28;2025-12-29;17;972
28;2025-12-29;18;1002
28;2025-12-29;19;738
28;2025-12-29;20;474
28;2025-12-29;21;302
28;2025-12-29;22;122
28;2025-12-29;23;9
28;2025-12-30;0;1
28;2025-12-30;1;0
28;2025-12-30;2;0
28;2025-12-30;3;0
28;2025-12-30;4;2
28;2025-12-30;5;74
28;2025-12-30;6;270
28;2025-12-30;7;784
28;2025-12-30;8;1236
28;2025-12-30;9;862
28;2025-12-30;10;613
28;2025-12-30;11;576
28;2025-12-30;12;634
28;2025-12-30;13;658
28;2025-12-30;14;634
28;2025-12-30;15;682
28;2025-12-30;16;836
28;2025-12-30;17;987
28;2025-12-30;18;1027
28;2025-12-30;19;746
28;2025-12-30;20;486
28;2025-12-30;21;312
28;2025-12-30;22;130
28;2025-12-30;23;9
28;2025-12-31;0;4
28;2025-12-31;1;1
28;2025-12-31;2;0
28;2025-12-31;3;0
28;2025-12-31;4;2
28;2025-12-31;5;26
28;2025-12-31;6;62
28;2025-12-31;7;126
28;2025-12-31;8;257
28;2025-12-31;9;284
28;2025-12-31;10;326
28;2025-12-31;11;357
28;2025-12-31;12;403
28;2025-12-31;13;438
28;2025-12-31;14;434
28;2025-12-31;15;436
28;2025-12-31;16;427
28;2025-12-31;17;397
28;2025-12-31;18;364
28;2025-12-31;19;308
28;2025-12-31;20;244
28;2025-12-31;21;216
28;2025-12-31;22;100
28;2025-12-31;23;10
50;2025-11-01;0;34
50;2025-11-01;1;2
50;2025-11-01;2;0
50;2025-11-01;3;0
50;2025-11-01;4;1
50;2025-11-01;5;81
50;2025-11-01;6;568
50;2025-11-01;7;1662
50;2025-11-01;8;2464
50;2025-11-01;9;1980
50;2025-11-01;10;1529
50;2025-11-01;11;1468
50;2025-11-01;12;1414
50;2025-11-01;13;1410
50;2025-11-01;14;1374
50;2025-11-01;15;1484
50;2025-11-01;16;1602
50;2025-11-01;17;1980
50;2025-11-01;18;1996
50;2025-11-01;19;1306
50;2025-11-01;20;798
50;2025-11-01;21;536
50;2025-11-01;22;254
50;2025-11-01;23;138
50;2025-11-02;0;40
50;2025-11-02;1;3
50;2025-11-02;2;0
50;2025-11-02;3;0
50;2025-11-02;4;0
50;2025-11-02;5;14
50;2025-11-02;6;62
50;2025-11-02;7;114
50;2025-11-02;8;169
50;2025-11-02;9;188
50;2025-11-02;10;195
50;2025-11-02;11;240
50;2025-11-02;12;275
50;2025-11-02;13;320
50;2025-11-02;14;327
50;2025-11-02;15;318
50;2025-11-02;16;324
50;2025-11-02;17;316
50;2025-11-02;18;280
50;2025-11-02;19;257
50;2025-11-02;20;198
50;2025-11-02;21;186
50;2025-11-02;22;96
50;2025-11-02;23;60
50;2025-11-03;0;52
50;2025-11-03;1;12
50;2025-11-03;2;9
50;2025-11-03;3;5
50;2025-11-03;4;2
50;2025-11-03;5;26
50;2025-11-03;6;99
50;2025-11-03;7;132
50;2025-11-03;8;273
50;2025-11-03;9;241
50;2025-11-03;10;204
50;2025-11-03;11;272
50;2025-11-03;12;301
50;2025-11-03;13;346
50;2025-11-03;14;350
50;2025-11-03;15;345
50;2025-11-03;16;350
50;2025-11-03;17;374
50;2025-11-03;18;348
50;2025-11-03;19;304
50;2025-11-03;20;200
50;2025-11-03;21;204
50;2025-11-03;22;100
50;2025-11-03;23;64
50;2025-11-04;0;38
50;2025-11-04;1;6
50;2025-11-04;2;1
50;2025-11-04;3;0
50;2025-11-04;4;0
50;2025-11-04;5;12
50;2025-11-04;6;65
50;2025-11-04;7;114
50;2025-11-04;8;210
50;2025-11-04;9;192
50;2025-11-04;10;180
50;2025-11-04;11;238
50;2025-11-04;12;280
50;2025-11-04;13;324
50;2025-11-04;14;329
50;2025-11-04;15;320
50;2025-11-04;16;322
50;2025-11-04;17;337
50;2025-11-04;18;303
50;2025-11-04;19;254
50;2025-11-04;20;182
50;2025-11-04;21;166
50;2025-11-04;22;104
50;2025-11-04;23;62
50;2025-11-05;0;32
50;2025-11-05;1;2
50;2025-11-05;2;0
50;2025-11-05;3;0
50;2025-11-05;4;2
50;2025-11-05;5;76
50;2025-11-05;6;540
50;2025-11-05;7;1582
50;2025-11-05;8;2327
50;2025-11-05;9;1786
50;2025-11-05;10;1358
50;2025-11-05;11;1296
50;2025-11-05;12;1252
50;2025-11-05;13;1259
50;2025-11-05;14;1246
50;2025-11-05;15;1369
50;2025-11-05;16;1521
50;2025-11-05;17;1956
50;2025-11-05;18;2026
50;2025-11-05;19;1346
50;2025-11-05;20;846
50;2025-11-05;21;562
50;2025-11-05;22;266
50;2025-11-05;23;136
50;2025-11-06;0;32
50;2025-11-06;1;2
50;2025-11-06;2;0
50;2025-11-06;3;0
50;2025-11-06;4;1
50;2025-11-06;5;75
50;2025-11-06;6;536
50;2025-11-06;7;1564
50;2025-11-06;8;2308
50;2025-11-06;9;1776
50;2025-11-06;10;1356
50;2025-11-06;11;1298
50;2025-11-06;12;1258
50;2025-11-06;13;1268
50;2025-11-06;14;1256
50;2025-11-06;15;1381
50;2025-11-06;16;1535
50;2025-11-06;17;1954
50;2025-11-06;18;2027
50;2025-11-06;19;1345
50;2025-11-06;20;842
50;2025-11-06;21;561
50;2025-11-06;22;264
50;2025-11-06;23;136
50;2025-11-07;0;32
50;2025-11-07;1;2
50;2025-11-07;2;0
50;2025-11-07;3;0
50;2025-11-07;4;1
50;2025-11-07;5;74
50;2025-11-07;6;529
50;2025-11-07;7;1561
50;2025-11-07;8;2307
50;2025-11-07;9;1774
50;2025-11-07;10;1354
50;2025-11-07;11;1295
50;2025-11-07;12;1252
50;2025-11-07;13;1279
50;2025-11-07;14;1268
50;2025-11-07;15;1380
50;2025-11-07;16;1522
50;2025-11-07;17;1870
50;2025-11-07;18;1846
50;2025-11-07;19;1210
50;2025-11-07;20;770
50;2025-11-07;21;530
50;2025-11-07;22;250
50;2025-11-07;23;135
50;2025-11-08;0;46
50;2025-11-08;1;2
50;2025-11-08;2;0
50;2025-11-08;3;0
50;2025-11-08;4;0
50;2025-11-08;5;21
50;2025-11-08;6;96
50;2025-11-08;7;152
50;2025-11-08;8;264
50;2025-11-08;9;284
50;2025-11-08;10;256
50;2025-11-08;11;338
50;2025-11-08;12;368
50;2025-11-08;13;411
50;2025-11-08;14;412
50;2025-11-08;15;392
50;2025-11-08;16;380
50;2025-11-08;17;376
50;2025-11-08;18;332
50;2025-11-08;19;282
50;2025-11-08;20;194
50;2025-11-08;21;194
50;2025-11-08;22;88
50;2025-11-08;23;54
50;2025-11-09;0;40
50;2025-11-09;1;3
50;2025-11-09;2;0
50;2025-11-09;3;0
50;2025-11-09;4;0
50;2025-11-09;5;14
50;2025-11-09;6;62
50;2025-11-09;7;114
50;2025-11-09;8;169
50;2025-11-09;9;188
50;2025-11-09;10;195
50;2025-11-09;11;240
50;2025-11-09;12;275
50;2025-11-09;13;320
50;2025-11-09;14;327
50;2025-11-09;15;318
50;2025-11-09;16;324
50;2025-11-09;17;316
50;2025-11-09;18;280
50;2025-11-09;19;257
50;2025-11-09;20;198
50;2025-11-09;21;186
50;2025-11-09;22;96
50;2025-11-09;23;60
50;2025-11-10;0;30
50;2025-11-10;1;2
50;2025-11-10;2;0
50;2025-11-10;3;0
50;2025-11-10;4;1
50;2025-11-10;5;69
50;2025-11-10;6;518
50;2025-11-10;7;1532
50;2025-11-10;8;2275
50;2025-11-10;9;1750
50;2025-11-10;10;1331
50;2025-11-10;11;1271
50;2025-11-10;12;1229
50;2025-11-10;13;1236
50;2025-11-10;14;1220
50;2025-11-10;15;1338
50;2025-11-10;16;1484
50;2025-11-10;17;1898
50;2025-11-10;18;1960
50;2025-11-10;19;1308
50;2025-11-10;20;810
50;2025-11-10;21;537
50;2025-11-10;22;248
50;2025-11-10;23;122
50;2025-11-11;0;32
50;2025-11-11;1;2
50;2025-11-11;2;0
50;2025-11-11;3;0
50;2025-11-11;4;1
50;2025-11-11;5;74
50;2025-11-11;6;540
50;2025-11-11;7;1588
50;2025-11-11;8;2344
50;2025-11-11;9;1800
50;2025-11-11;10;1365
50;2025-11-11;11;1300
50;2025-11-11;12;1254
50;2025-11-11;13;1258
50;2025-11-11;14;1242
50;2025-11-11;15;1362
50;2025-11-11;16;1510
50;2025-11-11;17;1936
50;2025-11-11;18;2017
50;2025-11-11;19;1338
50;2025-11-11;20;838
50;2025-11-11;21;561
50;2025-11-11;22;266
50;2025-11-11;23;134
50;2025-11-12;0;32
50;2025-11-12;1;2
50;2025-11-12;2;0
50;2025-11-12;3;0
50;2025-11-12;4;2
50;2025-11-12;5;76
50;2025-11-12;6;540
50;2025-11-12;7;1582
50;2025-11-12;8;2327
50;2025-11-12;9;1786
50;2025-11-12;10;1358
50;2025-11-12;11;1296
50;2025-11-12;12;1252
50;2025-11-12;13;1259
50;2025-11-12;14;1246
50;2025-11-12;15;1369
50;2025-11-12;16;1521
50;2025-11-12;17;1956
50;2025-11-12;18;2026
50;2025-11-12;19;1346
50;2025-11-12;20;846
50;2025-11-12;21;562
50;2025-11-12;22;266
50;2025-11-12;23;136
50;2025-11-13;0;32
50;2025-11-13;1;2
50;2025-11-13;2;0
50;2025-11-13;3;0
50;2025-11-13;4;1
50;2025-11-13;5;75
50;2025-11-13;6;536
50;2025-11-13;7;1564
50;2025-11-13;8;2308
50;2025-11-13;9;1776
50;2025-11-13;10;1356
50;2025-11-13;11;1298
50;2025-11-13;12;1258
50;2025-11-13;13;1268
50;2025-11-13;14;1256
50;2025-11-13;15;1381
50;2025-11-13;16;1535
50;2025-11-13;17;1954
50;2025-11-13;18;2027
50;2025-11-13;19;1345
50;2025-11-13;20;842
50;2025-11-13;21;561
50;2025-11-13;22;264
50;2025-11-13;23;136
50;2025-11-14;0;32
50;2025-11-14;1;2
50;2025-11-14;2;0
50;2025-11-14;3;0
50;2025-11-14;4;1
50;2025-11-14;5;74
50;2025-11-14;6;529
50;2025-11-14;7;1561
50;2025-11-14;8;2307
50;2025-11-14;9;1774
50;2025-11-14;10;1354
50;2025-11-14;11;1295
50;2025-11-14;12;1252
50;2025-11-14;13;1279
50;2025-11-14;14;1268
50;2025-11-14;15;1380
50;2025-11-14;16;1522
50;2025-11-14;17;1870
50;2025-11-14;18;1846
50;2025-11-14;19;1210
50;2025-11-14;20;770
50;2025-11-14;21;530
50;2025-11-14;22;250
50;2025-11-14;23;135
50;2025-11-15;0;46
50;2025-11-15;1;2
50;2025-11-15;2;0
50;2025-11-15;3;0
50;2025-11-15;4;0
50;2025-11-15;5;21
50;2025-11-15;6;96
50;2025-11-15;7;152
50;2025-11-15;8;264
50;2025-11-15;9;284
50;2025-11-15;10;256
50;2025-11-15;11;338
50;2025-11-15;12;368
50;2025-11-15;13;411
50;2025-11-15;14;412
50;2025-11-15;15;392
50;2025-11-15;16;380
50;2025-11-15;17;376
50;2025-11-15;18;332
50;2025-11-15;19;282
50;2025-11-15;20;194
50;2025-11-15;21;194
50;2025-11-15;22;88
50;2025-11-15;23;54
50;2025-11-16;0;40
50;2025-11-16;1;3
50;2025-11-16;2;0
50;2025-11-16;3;0
50;2025-11-16;4;0
50;2025-11-16;5;14
50;2025-11-16;6;62
50;2025-11-16;7;114
50;2025-11-16;8;169
50;2025-11-16;9;188
50;2025-11-16;10;195
50;2025-11-16;11;240
50;2025-11-16;12;275
50;2025-11-16;13;320
50;2025-11-16;14;327
50;2025-11-16;15;318
50;2025-11-16;16;324
50;2025-11-16;17;316
50;2025-11-16;18;280
50;2025-11-16;19;257
50;2025-11-16;20;198
50;2025-11-16;21;186
50;2025-11-16;22;96
50;2025-11-16;23;60
50;2025-11-17;0;30
50;2025-11-17;1;2
50;2025-11-17;2;0
50;2025-11-17;3;0
50;2025-11-17;4;1
50;2025-11-17;5;69
50;2025-11-17;6;518
50;2025-11-17;7;1532
50;2025-11-17;8;2275
50;2025-11-17;9;1750
50;2025-11-17;10;1331
50;2025-11-17;11;1271
50;2025-11-17;12;1229
50;2025-11-17;13;1236
50;2025-11-17;14;1220
50;2025-11-17;15;1338
50;2025-11-17;16;1484
50;2025-11-17;17;1898
50;2025-11-17;18;1960
50;2025-11-17;19;1308
50;2025-11-17;20;810
50;2025-11-17;21;537
50;2025-11-17;22;248
50;2025-11-17;23;122
50;2025-11-18;0;32
50;2025-11-18;1;2
50;2025-11-18;2;0
50;2025-11-18;3;0
50;2025-11-18;4;1
50;2025-11-18;5;74
50;2025-11-18;6;540
50;2025-11-18;7;1588
50;2025-11-18;8;2344
50;2025-11-18;9;1800
50;2025-11-18;10;1365
50;2025-11-18;11;1300
50;2025-11-18;12;1254
50;2025-11-18;13;1258
50;2025-11-18;14;1242
50;2025-11-18;15;1362
50;2025-11-18;16;1510
50;2025-11-18;17;1936
50;2025-11-18;18;2017
50;2025-11-18;19;1338
50;2025-11-18;20;838
50;2025-11-18;21;561
50;2025-11-18;22;266
50;2025-11-18;23;134
50;2025-11-19;0;32
50;2025-11-19;1;2
50;2025-11-19;2;0
50;2025-11-19;3;0
50;2025-11-19;4;2
50;2025-11-19;5;76
50;2025-11-19;6;540
50;2025-11-19;7;1582
50;2025-11-19;8;2327
50;2025-11-19;9;1786
50;2025-11-19;10;1358
50;2025-11-19;11;1296
50;2025-11-19;12;1252
50;2025-11-19;13;1259
50;2025-11-19;14;1246
50;2025-11-19;15;1369
50;2025-11-19;16;1521
50;2025-11-19;17;1956
50;2025-11-19;18;2026
50;2025-11-19;19;1346
50;2025-11-19;20;846
50;2025-11-19;21;562
50;2025-11-19;22;266
50;2025-11-19;23;136
50;2025-11-20;0;32
50;2025-11-20;1;2
50;2025-11-20;2;0
50;2025-11-20;3;0
50;2025-11-20;4;1
50;2025-11-20;5;75
50;2025-11-20;6;536
50;2025-11-20;7;1564
50;2025-11-20;8;2308
50;2025-11-20;9;1776
50;2025-11-20;10;1356
50;2025-11-20;11;1298
50;2025-11-20;12;1258
50;2025-11-20;13;1268
50;2025-11-20;14;1256
50;2025-11-20;15;1381
50;2025-11-20;16;1535
50;2025-11-20;17;1954
50;2025-11-20;18;2027
50;2025-11-20;19;1345
50;2025-11-20;20;842
50;2025-11-20;21;561
50;2025-11-20;22;264
50;2025-11-20;23;136
50;2025-11-21;0;32
50;2025-11-21;1;2
50;2025-11-21;2;0
50;2025-11-21;3;0
50;2025-11-21;4;1
50;2025-11-21;5;74
50;2025-11-21;6;529
50;2025-11-21;7;1561
50;2025-11-21;8;2307
50;2025-11-21;9;1774
50;2025-11-21;10;1354
50;2025-11-21;11;1295
50;2025-11-21;12;1252
50;2025-11-21;13;1279
50;2025-11-21;14;1268
50;2025-11-21;15;1380
50;2025-11-21;16;1522
50;2025-11-21;17;1870
50;2025-11-21;18;1846
50;2025-11-21;19;1210
50;2025-11-21;20;770
50;2025-11-21;21;530
50;2025-11-21;22;250
50;2025-11-21;23;135
50;2025-11-22;0;46
50;2025-11-22;1;2
50;2025-11-22;2;0
50;2025-11-22;3;0
50;2025-11-22;4;0
50;2025-11-22;5;21
50;2025-11-22;6;96
50;2025-11-22;7;152
50;2025-11-22;8;264
50;2025-11-22;9;284
50;2025-11-22;10;256
50;2025-11-22;11;338
50;2025-11-22;12;368
50;2025-11-22;13;411
50;2025-11-22;14;412
50;2025-11-22;15;392
50;2025-11-22;16;380
50;2025-11-22;17;376
50;2025-11-22;18;332
50;2025-11-22;19;282
50;2025-11-22;20;194
50;2025-11-22;21;194
50;2025-11-22;22;88
50;2025-11-22;23;54
50;2025-11-23;0;40
50;2025-11-23;1;3
50;2025-11-23;2;0
50;2025-11-23;3;0
50;2025-11-23;4;0
50;2025-11-23;5;14
50;2025-11-23;6;62
50;2025-11-23;7;114
50;2025-11-23;8;169
50;2025-11-23;9;188
50;2025-11-23;10;195
50;2025-11-23;11;240
50;2025-11-23;12;275
50;2025-11-23;13;320
50;2025-11-23;14;327
50;2025-11-23;15;318
50;2025-11-23;16;324
50;2025-11-23;17;316
50;2025-11-23;18;280
50;2025-11-23;19;257
50;2025-11-23;20;198
50;2025-11-23;21;186
50;2025-11-23;22;96
50;2025-11-23;23;60
50;2025-11-24;0;30
50;2025-11-24;1;2
50;2025-11-24;2;0
50;2025-11-24;3;0
50;2025-11-24;4;1
50;2025-11-24;5;69
50;2025-11-24;6;518
50;2025-11-24;7;1532
50;2025-11-24;8;2275
50;2025-11-24;9;1750
50;2025-11-24;10;1331
50;2025-11-24;11;1271
50;2025-11-24;12;1229
50;2025-11-24;13;1236
50;2025-11-24;14;1220
50;2025-11-24;15;1338
50;2025-11-24;16;1484
50;2025-11-24;17;1898
50;2025-11-24;18;1960
50;2025-11-24;19;1308
50;2025-11-24;20;810
50;2025-11-24;21;537
50;2025-11-24;22;248
50;2025-11-24;23;122
50;2025-11-25;0;32
50;2025-11-25;1;2
50;2025-11-25;2;0
50;2025-11-25;3;0
50;2025-11-25;4;1
50;2025-11-25;5;74
50;2025-11-25;6;540
50;2025-11-25;7;1588
50;2025-11-25;8;2344
50;2025-11-25;9;1800
50;2025-11-25;10;1365
50;2025-11-25;11;1300
50;2025-11-25;12;1254
50;2025-11-25;13;1258
50;2025-11-25;14;1242
50;2025-11-25;15;1362
50;2025-11-25;16;1510
50;2025-11-25;17;1936
50;2025-11-25;18;2017
50;2025-11-25;19;1338
50;2025-11-25;20;838
50;2025-11-25;21;561
50;2025-11-25;22;266
50;2025-11-25;23;134
50;2025-11-26;0;32
50;2025-11-26;1;2
50;2025-11-26;2;0
50;2025-11-26;3;0
50;2025-11-26;4;2
50;2025-11-26;5;76
50;2025-11-26;6;540
50;2025-11-26;7;1582
50;2025-11-26;8;2327
50;2025-11-26;9;1786
50;2025-11-26;10;1358
50;2025-11-26;11;1296
50;2025-11-26;12;1252
50;2025-11-26;13;1259
50;2025-11-26;14;1246
50;2025-11-26;15;1369
50;2025-11-26;16;1521
50;2025-11-26;17;1956
50;2025-11-26;18;2026
50;2025-11-26;19;1346
50;2025-11-26;20;846
50;2025-11-26;21;562
50;2025-11-26;22;266
50;2025-11-26;23;136
50;2025-11-27;0;32
50;2025-11-27;1;2
50;2025-11-27;2;0
50;2025-11-27;3;0
50;2025-11-27;4;1
50;2025-11-27;5;75
50;2025-11-27;6;536
50;2025-11-27;7;1564
50;2025-11-27;8;2308
50;2025-11-27;9;1776
50;2025-11-27;10;1356
50;2025-11-27;11;1298
50;2025-11-27;12;1258
50;2025-11-27;13;1268
50;2025-11-27;14;1256
50;2025-11-27;15;1381
50;2025-11-27;16;1535
50;2025-11-27;17;1954
50;2025-11-27;18;2027
50;2025-11-27;19;1345
50;2025-11-27;20;842
50;2025-11-27;21;561
50;2025-11-27;22;264
50;2025-11-27;23;136
50;2025-11-28;0;32
50;2025-11-28;1;2
50;2025-11-28;2;0
50;2025-11-28;3;0
50;2025-11-28;4;1
50;2025-11-28;5;74
50;2025-11-28;6;529
50;2025-11-28;7;1561
50;2025-11-28;8;2307
50;2025-11-28;9;1774
50;2025-11-28;10;1354
50;2025-11-28;11;1295
50;2025-11-28;12;1252
50;2025-11-28;13;1279
50;2025-11-28;14;1268
50;2025-11-28;15;1380
50;2025-11-28;16;1522
50;2025-11-28;17;1870
50;2025-11-28;18;1846
50;2025-11-28;19;1210
50;2025-11-28;20;770
50;2025-11-28;21;530
50;2025-11-28;22;250
50;2025-11-28;23;135
50;2025-11-29;0;46
50;2025-11-29;1;2
50;2025-11-29;2;0
50;2025-11-29;3;0
50;2025-11-29;4;0
50;2025-11-29;5;21
50;2025-11-29;6;96
50;2025-11-29;7;152
50;2025-11-29;8;264
50;2025-11-29;9;284
50;2025-11-29;10;256
50;2025-11-29;11;338
50;2025-11-29;12;368
50;2025-11-29;13;411
50;2025-11-29;14;412
50;2025-11-29;15;392
50;2025-11-29;16;380
50;2025-11-29;17;376
50;2025-11-29;18;332
50;2025-11-29;19;282
50;2025-11-29;20;194
50;2025-11-29;21;194
50;2025-11-29;22;88
50;2025-11-29;23;54
50;2025-11-30;0;40
50;2025-11-30;1;3
50;2025-11-30;2;0
50;2025-11-30;3;0
50;2025-11-30;4;0
50;2025-11-30;5;14
50;2025-11-30;6;62
50;2025-11-30;7;114
50;2025-11-30;8;169
50;2025-11-30;9;188
50;2025-11-30;10;195
50;2025-11-30;11;240
50;2025-11-30;12;275
50;2025-11-30;13;320
50;2025-11-30;14;327
50;2025-11-30;15;318
50;2025-11-30;16;324
50;2025-11-30;17;316
50;2025-11-30;18;280
50;2025-11-30;19;257
50;2025-11-30;20;198
50;2025-11-30;21;186
50;2025-11-30;22;96
50;2025-11-30;23;60
50;2025-12-01;0;34
50;2025-12-01;1;2
50;2025-12-01;2;0
50;2025-12-01;3;0
50;2025-12-01;4;1
50;2025-12-01;5;72
50;2025-12-01;6;548
50;2025-12-01;7;1543
50;2025-12-01;8;2268
50;2025-12-01;9;1774
50;2025-12-01;10;1362
50;2025-12-01;11;1302
50;2025-12-01;12;1252
50;2025-12-01;13;1254
50;2025-12-01;14;1239
50;2025-12-01;15;1352
50;2025-12-01;16;1499
50;2025-12-01;17;1912
50;2025-12-01;18;1979
50;2025-12-01;19;1330
50;2025-12-01;20;836
50;2025-12-01;21;542
50;2025-12-01;22;254
50;2025-12-01;23;120
50;2025-12-02;0;34
50;2025-12-02;1;2
50;2025-12-02;2;0
50;2025-12-02;3;0
50;2025-12-02;4;2
50;2025-12-02;5;76
50;2025-12-02;6;570
50;2025-12-02;7;1601
50;2025-12-02;8;2339
50;2025-12-02;9;1828
50;2025-12-02;10;1400
50;2025-12-02;11;1334
50;2025-12-02;12;1279
50;2025-12-02;13;1278
50;2025-12-02;14;1264
50;2025-12-02;15;1379
50;2025-12-02;16;1528
50;2025-12-02;17;1954
50;2025-12-02;18;2034
50;2025-12-02;19;1362
50;2025-12-02;20;866
50;2025-12-02;21;568
50;2025-12-02;22;274
50;2025-12-02;23;133
50;2025-12-03;0;36
50;2025-12-03;1;2
50;2025-12-03;2;0
50;2025-12-03;3;0
50;2025-12-03;4;2
50;2025-12-03;5;78
50;2025-12-03;6;568
50;2025-12-03;7;1590
50;2025-12-03;8;2319
50;2025-12-03;9;1810
50;2025-12-03;10;1389
50;2025-12-03;11;1326
50;2025-12-03;12;1273
50;2025-12-03;13;1276
50;2025-12-03;14;1264
50;2025-12-03;15;1382
50;2025-12-03;16;1534
50;2025-12-03;17;1962
50;2025-12-03;18;2037
50;2025-12-03;19;1364
50;2025-12-03;20;868
50;2025-12-03;21;566
50;2025-12-03;22;271
50;2025-12-03;23;132
50;2025-12-04;0;36
50;2025-12-04;1;2
50;2025-12-04;2;0
50;2025-12-04;3;0
50;2025-12-04;4;2
50;2025-12-04;5;78
50;2025-12-04;6;566
50;2025-12-04;7;1576
50;2025-12-04;8;2302
50;2025-12-04;9;1802
50;2025-12-04;10;1388
50;2025-12-04;11;1330
50;2025-12-04;12;1280
50;2025-12-04;13;1286
50;2025-12-04;14;1275
50;2025-12-04;15;1396
50;2025-12-04;16;1550
50;2025-12-04;17;1971
50;2025-12-04;18;2046
50;2025-12-04;19;1368
50;2025-12-04;20;868
50;2025-12-04;21;566
50;2025-12-04;22;271
50;2025-12-04;23;134
50;2025-12-05;0;35
50;2025-12-05;1;2
50;2025-12-05;2;0
50;2025-12-05;3;0
50;2025-12-05;4;2
50;2025-12-05;5;76
50;2025-12-05;6;558
50;2025-12-05;7;1568
50;2025-12-05;8;2298
50;2025-12-05;9;1800
50;2025-12-05;10;1388
50;2025-12-05;11;1328
50;2025-12-05;12;1276
50;2025-12-05;13;1300
50;2025-12-05;14;1290
50;2025-12-05;15;1398
50;2025-12-05;16;1540
50;2025-12-05;17;1889
50;2025-12-05;18;1870
50;2025-12-05;19;1240
50;2025-12-05;20;802
50;2025-12-05;21;536
50;2025-12-05;22;260
50;2025-12-05;23;134
50;2025-12-06;0;52
50;2025-12-06;1;4
50;2025-12-06;2;0
50;2025-12-06;3;1
50;2025-12-06;4;0
50;2025-12-06;5;30
50;2025-12-06;6;172
50;2025-12-06;7;306
50;2025-12-06;8;440
50;2025-12-06;9;492
50;2025-12-06;10;544
50;2025-12-06;11;628
50;2025-12-06;12;666
50;2025-12-06;13;714
50;2025-12-06;14;714
50;2025-12-06;15;690
50;2025-12-06;16;676
50;2025-12-06;17;653
50;2025-12-06;18;612
50;2025-12-06;19;534
50;2025-12-06;20;407
50;2025-12-06;21;318
50;2025-12-06;22;186
50;2025-12-06;23;117
50;2025-12-07;0;48
50;2025-12-07;1;4
50;2025-12-07;2;0
50;2025-12-07;3;0
50;2025-12-07;4;1
50;2025-12-07;5;20
50;2025-12-07;6;122
50;2025-12-07;7;220
50;2025-12-07;8;325
50;2025-12-07;9;385
50;2025-12-07;10;444
50;2025-12-07;11;524
50;2025-12-07;12;572
50;2025-12-07;13;620
50;2025-12-07;14;627
50;2025-12-07;15;614
50;2025-12-07;16;617
50;2025-12-07;17;590
50;2025-12-07;18;555
50;2025-12-07;19;488
50;2025-12-07;20;376
50;2025-12-07;21;302
50;2025-12-07;22;180
50;2025-12-07;23;112
50;2025-12-08;0;34
50;2025-12-08;1;2
50;2025-12-08;2;0
50;2025-12-08;3;0
50;2025-12-08;4;1
50;2025-12-08;5;72
50;2025-12-08;6;548
50;2025-12-08;7;1543
50;2025-12-08;8;2268
50;2025-12-08;9;1774
50;2025-12-08;10;1362
50;2025-12-08;11;1302
50;2025-12-08;12;1252
50;2025-12-08;13;1254
50;2025-12-08;14;1239
50;2025-12-08;15;1352
50;2025-12-08;16;1499
50;2025-12-08;17;1912
50;2025-12-08;18;1979
50;2025-12-08;19;1330
50;2025-12-08;20;836
50;2025-12-08;21;542
50;2025-12-08;22;254
50;2025-12-08;23;120
50;2025-12-09;0;34
50;2025-12-09;1;2
50;2025-12-09;2;0
50;2025-12-09;3;0
50;2025-12-09;4;2
50;2025-12-09;5;76
50;2025-12-09;6;570
50;2025-12-09;7;1601
50;2025-12-09;8;2339
50;2025-12-09;9;1828
50;2025-12-09;10;1400
50;2025-12-09;11;1334
50;2025-12-09;12;1279
50;2025-12-09;13;1278
50;2025-12-09;14;1264
50;2025-12-09;15;1379
50;2025-12-09;16;1528
50;2025-12-09;17;1954
50;2025-12-09;18;2034
50;2025-12-09;19;1362
50;2025-12-09;20;866
50;2025-12-09;21;568
50;2025-12-09;22;274
50;2025-12-09;23;133
50;2025-12-10;0;36
50;2025-12-10;1;2
50;2025-12-10;2;0
50;2025-12-10;3;0
50;2025-12-10;4;2
50;2025-12-10;5;78
50;2025-12-10;6;568
50;2025-12-10;7;1590
50;2025-12-10;8;2319
50;2025-12-10;9;1810
50;2025-12-10;10;1389
50;2025-12-10;11;1326
50;2025-12-10;12;1273
50;2025-12-10;13;1276
50;2025-12-10;14;1264
50;2025-12-10;15;1382
50;2025-12-10;16;1534
50;2025-12-10;17;1962
50;2025-12-10;18;2037
50;2025-12-10;19;1364
50;2025-12-10;20;868
50;2025-12-10;21;566
50;2025-12-10;22;271
50;2025-12-10;23;132
50;2025-12-11;0;36
50;2025-12-11;1;2
50;2025-12-11;2;0
50;2025-12-11;3;0
50;2025-12-11;4;2
50;2025-12-11;5;78
50;2025-12-11;6;566
50;2025-12-11;7;1576
50;2025-12-11;8;2302
50;2025-12-11;9;1802
50;2025-12-11;10;1388
50;2025-12-11;11;1330
50;2025-12-11;12;1280
50;2025-12-11;13;1286
50;2025-12-11;14;1275
50;2025-12-11;15;1396
50;2025-12-11;16;1550
50;2025-12-11;17;1971
50;2025-12-11;18;2046
50;2025-12-11;19;1368
50;2025-12-11;20;868
50;2025-12-11;21;566
50;2025-12-11;22;271
50;2025-12-11;23;134
50;2025-12-12;0;35
50;2025-12-12;1;2
50;2025-12-12;2;0
50;2025-12-12;3;0
50;2025-12-12;4;2
50;2025-12-12;5;76
50;2025-12-12;6;558
50;2025-12-12;7;1568
50;2025-12-12;8;2298
50;2025-12-12;9;1800
50;2025-12-12;10;1388
50;2025-12-12;11;1328
50;2025-12-12;12;1276
50;2025-12-12;13;1300
50;2025-12-12;14;1290
50;2025-12-12;15;1398
50;2025-12-12;16;1540
50;2025-12-12;17;1889
50;2025-12-12;18;1870
50;2025-12-12;19;1240
50;2025-12-12;20;802
50;2025-12-12;21;536
50;2025-12-12;22;260
50;2025-12-12;23;134
50;2025-12-13;0;52
50;2025-12-13;1;4
50;2025-12-13;2;0
50;2025-12-13;3;1
50;2025-12-13;4;0
50;2025-12-13;5;30
50;2025-12-13;6;172
50;2025-12-13;7;306
50;2025-12-13;8;440
50;2025-12-13;9;492
50;2025-12-13;10;544
50;2025-12-13;11;628
50;2025-12-13;12;666
50;2025-12-13;13;714
50;2025-12-13;14;714
50;2025-12-13;15;690
50;2025-12-13;16;676
50;2025-12-13;17;653
50;2025-12-13;18;612
50;2025-12-13;19;534
50;2025-12-13;20;407
50;2025-12-13;21;318
50;2025-12-13;22;186
50;2025-12-13;23;117
50;2025-12-14;0;48
50;2025-12-14;1;4
50;2025-12-14;2;0
50;2025-12-14;3;0
50;2025-12-14;4;1
50;2025-12-14;5;20
50;2025-12-14;6;122
50;2025-12-14;7;220
50;2025-12-14;8;325
50;2025-12-14;9;385
50;2025-12-14;10;444
50;2025-12-14;11;524
50;2025-12-14;12;572
50;2025-12-14;13;620
50;2025-12-14;14;627
50;2025-12-14;15;614
50;2025-12-14;16;617
50;2025-12-14;17;590
50;2025-12-14;18;555
50;2025-12-14;19;488
50;2025-12-14;20;376
50;2025-12-14;21;302
50;2025-12-14;22;180
50;2025-12-14;23;112
50;2025-12-15;0;34
50;2025-12-15;1;2
50;2025-12-15;2;0
50;2025-12-15;3;0
50;2025-12-15;4;1
50;2025-12-15;5;72
50;2025-12-15;6;548
50;2025-12-15;7;1543
50;2025-12-15;8;2268
50;2025-12-15;9;1774
50;2025-12-15;10;1362
50;2025-12-15;11;1302
50;2025-12-15;12;1252
50;2025-12-15;13;1254
50;2025-12-15;14;1239
50;2025-12-15;15;1352
50;2025-12-15;16;1499
50;2025-12-15;17;1912
50;2025-12-15;18;1979
50;2025-12-15;19;1330
50;2025-12-15;20;836
50;2025-12-15;21;542
50;2025-12-15;22;254
50;2025-12-15;23;120
50;2025-12-16;0;34
50;2025-12-16;1;2
50;2025-12-16;2;0
50;2025-12-16;3;0
50;2025-12-16;4;2
50;2025-12-16;5;76
50;2025-12-16;6;570
50;2025-12-16;7;1601
50;2025-12-16;8;2339
50;2025-12-16;9;1828
50;2025-12-16;10;1400
50;2025-12-16;11;1334
50;2025-12-16;12;1279
50;2025-12-16;13;1278
50;2025-12-16;14;1264
50;2025-12-16;15;1379
50;2025-12-16;16;1528
50;2025-12-16;17;1954
50;2025-12-16;18;2034
50;2025-12-16;19;1362
50;2025-12-16;20;866
50;2025-12-16;21;568
50;2025-12-16;22;274
50;2025-12-16;23;133
50;2025-12-17;0;36
50;2025-12-17;1;2
50;2025-12-17;2;0
50;2025-12-17;3;0
50;2025-12-17;4;2
50;2025-12-17;5;78
50;2025-12-17;6;568
50;2025-12-17;7;1590
50;2025-12-17;8;2319
50;2025-12-17;9;1810
50;2025-12-17;10;1389
50;2025-12-17;11;1326
50;2025-12-17;12;1273
50;2025-12-17;13;1276
50;2025-12-17;14;1264
50;2025-12-17;15;1382
50;2025-12-17;16;1534
50;2025-12-17;17;1962
50;2025-12-17;18;2037
50;2025-12-17;19;1364
50;2025-12-17;20;868
50;2025-12-17;21;566
50;2025-12-17;22;271
50;2025-12-17;23;132
50;2025-12-18;0;36
50;2025-12-18;1;2
50;2025-12-18;2;0
50;2025-12-18;3;0
50;2025-12-18;4;2
50;2025-12-18;5;78
50;2025-12-18;6;566
50;2025-12-18;7;1576
50;2025-12-18;8;2302
50;2025-12-18;9;1802
50;2025-12-18;10;1388
50;2025-12-18;11;1330
50;2025-12-18;12;1280
50;2025-12-18;13;1286
50;2025-12-18;14;1275
50;2025-12-18;15;1396
50;2025-12-18;16;1550
50;2025-12-18;17;1971
50;2025-12-18;18;2046
50;2025-12-18;19;1368
50;2025-12-18;20;868
50;2025-12-18;21;566
50;2025-12-18;22;271
50;2025-12-18;23;134
50;2025-12-19;0;35
50;2025-12-19;1;2
50;2025-12-19;2;0
50;2025-12-19;3;0
50;2025-12-19;4;2
50;2025-12-19;5;76
50;2025-12-19;6;558
50;2025-12-19;7;1568
50;2025-12-19;8;2298
50;2025-12-19;9;1800
50;2025-12-19;10;1388
50;2025-12-19;11;1328
50;2025-12-19;12;1276
50;2025-12-19;13;1300
50;2025-12-19;14;1290
50;2025-12-19;15;1398
50;2025-12-19;16;1540
50;2025-12-19;17;1889
50;2025-12-19;18;1870
50;2025-12-19;19;1240
50;2025-12-19;20;802
50;2025-12-19;21;536
50;2025-12-19;22;260
50;2025-12-19;23;134
50;2025-12-20;0;52
50;2025-12-20;1;4
50;2025-12-20;2;0
50;2025-12-20;3;1
50;2025-12-20;4;0
50;2025-12-20;5;30
50;2025-12-20;6;172
50;2025-12-20;7;306
50;2025-12-20;8;440
50;2025-12-20;9;492
50;2025-12-20;10;544
50;2025-12-20;11;628
50;2025-12-20;12;666
50;2025-12-20;13;714
50;2025-12-20;14;714
50;2025-12-20;15;690
50;2025-12-20;16;676
50;2025-12-20;17;653
50;2025-12-20;18;612
50;2025-12-20;19;534
50;2025-12-20;20;407
50;2025-12-20;21;318
50;2025-12-20;22;186
50;2025-12-20;23;117
50;2025-12-21;0;48
50;2025-12-21;1;4
50;2025-12-21;2;0
50;2025-12-21;3;0
50;2025-12-21;4;1
50;2025-12-21;5;20
50;2025-12-21;6;122
50;2025-12-21;7;220
50;2025-12-21;8;325
50;2025-12-21;9;385
50;2025-12-21;10;444
50;2025-12-21;11;524
50;2025-12-21;12;572
50;2025-12-21;13;620
50;2025-12-21;14;627
50;2025-12-21;15;614
50;2025-12-21;16;617
50;2025-12-21;17;590
50;2025-12-21;18;555
50;2025-12-21;19;488
50;2025-12-21;20;376
50;2025-12-21;21;302
50;2025-12-21;22;180
50;2025-12-21;23;112
50;2025-12-22;0;34
50;2025-12-22;1;2
50;2025-12-22;2;0
50;2025-12-22;3;0
50;2025-12-22;4;1
50;2025-12-22;5;72
50;2025-12-22;6;548
50;2025-12-22;7;1543
50;2025-12-22;8;2268
50;2025-12-22;9;1774
50;2025-12-22;10;1362
50;2025-12-22;11;1302
50;2025-12-22;12;1252
50;2025-12-22;13;1254
50;2025-12-22;14;1239
50;2025-12-22;15;1352
50;2025-12-22;16;1499
50;2025-12-22;17;1912
50;2025-12-22;18;1979
50;2025-12-22;19;1330
50;2025-12-22;20;836
50;2025-12-22;21;542
50;2025-12-22;22;254
50;2025-12-22;23;120
50;2025-12-23;0;34
50;2025-12-23;1;2
50;2025-12-23;2;0
50;2025-12-23;3;0
50;2025-12-23;4;2
50;2025-12-23;5;76
50;2025-12-23;6;570
50;2025-12-23;7;1601
50;2025-12-23;8;2339
50;2025-12-23;9;1828
50;2025-12-23;10;1400
50;2025-12-23;11;1334
50;2025-12-23;12;1279
50;2025-12-23;13;1278
50;2025-12-23;14;1264
50;2025-12-23;15;1379
50;2025-12-23;16;1528
50;2025-12-23;17;1954
50;2025-12-23;18;2034
50;2025-12-23;19;1362
50;2025-12-23;20;866
50;2025-12-23;21;568
50;2025-12-23;22;274
50;2025-12-23;23;133
50;2025-12-24;0;36
50;2025-12-24;1;2
50;2025-12-24;2;0
50;2025-12-24;3;0
50;2025-12-24;4;2
50;2025-12-24;5;78
50;2025-12-24;6;568
50;2025-12-24;7;1590
50;2025-12-24;8;2319
50;2025-12-24;9;1810
50;2025-12-24;10;1389
50;2025-12-24;11;1326
50;2025-12-24;12;1273
50;2025-12-24;13;1276
50;2025-12-24;14;1264
50;2025-12-24;15;1382
50;2025-12-24;16;1534
50;2025-12-24;17;1962
50;2025-12-24;18;2037
50;2025-12-24;19;1364
50;2025-12-24;20;868
50;2025-12-24;21;566
50;2025-12-24;22;271
50;2025-12-24;23;132
50;2025-12-25;0;36
50;2025-12-25;1;2
50;2025-12-25;2;0
50;2025-12-25;3;0
50;2025-12-25;4;2
50;2025-12-25;5;78
50;2025-12-25;6;566
50;2025-12-25;7;1576
50;2025-12-25;8;2302
50;2025-12-25;9;1802
50;2025-12-25;10;1388
50;2025-12-25;11;1330
50;2025-12-25;12;1280
50;2025-12-25;13;1286
50;2025-12-25;14;1275
50;2025-12-25;15;1396
50;2025-12-25;16;1550
50;2025-12-25;17;1971
50;2025-12-25;18;2046
50;2025-12-25;19;1368
50;2025-12-25;20;868
50;2025-12-25;21;566
50;2025-12-25;22;271
50;2025-12-25;23;134
50;2025-12-26;0;35
50;2025-12-26;1;2
50;2025-12-26;2;0
50;2025-12-26;3;0
50;2025-12-26;4;2
50;2025-12-26;5;76
50;2025-12-26;6;558
50;2025-12-26;7;1568
50;2025-12-26;8;2298
50;2025-12-26;9;1800
50;2025-12-26;10;1388
50;2025-12-26;11;1328
50;2025-12-26;12;1276
50;2025-12-26;13;1300
50;2025-12-26;14;1290
50;2025-12-26;15;1398
50;2025-12-26;16;1540
50;2025-12-26;17;1889
50;2025-12-26;18;1870
50;2025-12-26;19;1240
50;2025-12-26;20;802
50;2025-12-26;21;536
50;2025-12-26;22;260
50;2025-12-26;23;134
50;2025-12-27;0;52
50;2025-12-27;1;4
50;2025-12-27;2;0
50;2025-12-27;3;1
50;2025-12-27;4;0
50;2025-12-27;5;30
50;2025-12-27;6;172
50;2025-12-27;7;306
50;2025-12-27;8;440
50;2025-12-27;9;492
50;2025-12-27;10;544
50;2025-12-27;11;628
50;2025-12-27;12;666
50;2025-12-27;13;714
50;2025-12-27;14;714
50;2025-12-27;15;690
50;2025-12-27;16;676
50;2025-12-27;17;653
50;2025-12-27;18;612
50;2025-12-27;19;534
50;2025-12-27;20;407
50;2025-12-27;21;318
50;2025-12-27;22;186
50;2025-12-27;23;117
50;2025-12-28;0;48
50;2025-12-28;1;4
50;2025-12-28;2;0
50;2025-12-28;3;0
50;2025-12-28;4;1
50;2025-12-28;5;20
50;2025-12-28;6;122
50;2025-12-28;7;220
50;2025-12-28;8;325
50;2025-12-28;9;385
50;2025-12-28;10;444
50;2025-12-28;11;524
50;2025-12-28;12;572
50;2025-12-28;13;620
50;2025-12-28;14;627
50;2025-12-28;15;614
50;2025-12-28;16;617
50;2025-12-28;17;590
50;2025-12-28;18;555
50;2025-12-28;19;488
50;2025-12-28;20;376
50;2025-12-28;21;302
50;2025-12-28;22;180
50;2025-12-28;23;112
50;2025-12-29;0;34
50;2025-12-29;1;2
50;2025-12-29;2;0
50;2025-12-29;3;0
50;2025-12-29;4;1
50;2025-12-29;5;72
50;2025-12-29;6;548
50;2025-12-29;7;1543
50;2025-12-29;8;2268
50;2025-12-29;9;1774
50;2025-12-29;10;1362
50;2025-12-29;11;1302
50;2025-12-29;12;1252
50;2025-12-29;13;1254
50;2025-12-29;14;1239
50;2025-12-29;15;1352
50;2025-12-29;16;1499
50;2025-12-29;17;1912
50;2025-12-29;18;1979
50;2025-12-29;19;1330
50;2025-12-29;20;836
50;2025-12-29;21;542
50;2025-12-29;22;254
50;2025-12-29;23;120
50;2025-12-30;0;34
50;2025-12-30;1;2
50;2025-12-30;2;0
50;2025-12-30;3;0
50;2025-12-30;4;2
50;2025-12-30;5;76
50;2025-12-30;6;570
50;2025-12-30;7;1601
50;2025-12-30;8;2339
50;2025-12-30;9;1828
50;2025-12-30;10;1400
50;2025-12-30;11;1334
50;2025-12-30;12;1279
50;2025-12-30;13;1278
50;2025-12-30;14;1264
50;2025-12-30;15;1379
50;2025-12-30;16;1528
50;2025-12-30;17;1954
50;2025-12-30;18;2034
50;2025-12-30;19;1362
50;2025-12-30;20;866
50;2025-12-30;21;568
50;2025-12-30;22;274
50;2025-12-30;23;133
50;2025-12-31;0;52
50;2025-12-31;1;4
50;2025-12-31;2;0
50;2025-12-31;3;1
50;2025-12-31;4;0
50;2025-12-31;5;25
50;2025-12-31;6;138
50;2025-12-31;7;251
50;2025-12-31;8;405
50;2025-12-31;9;410
50;2025-12-31;10;452
50;2025-12-31;11;520
50;2025-12-31;12;558
50;2025-12-31;13;603
50;2025-12-31;14;610
50;2025-12-31;15;602
50;2025-12-31;16;608
50;2025-12-31;17;610
50;2025-12-31;18;587
50;2025-12-31;19;513
50;2025-12-31;20;388
50;2025-12-31;21;318
50;2025-12-31;22;182
50;2025-12-31;23;106
