route;date;hour;prediction
1;2025-11-01;0;18
1;2025-11-01;1;2
1;2025-11-01;2;0
1;2025-11-01;3;0
1;2025-11-01;4;2
1;2025-11-01;5;149
1;2025-11-01;6;737
1;2025-11-01;7;945
1;2025-11-01;8;1086
1;2025-11-01;9;1275
1;2025-11-01;10;1364
1;2025-11-01;11;1474
1;2025-11-01;12;1440
1;2025-11-01;13;1583
1;2025-11-01;14;1494
1;2025-11-01;15;1528
1;2025-11-01;16;1617
1;2025-11-01;17;1498
1;2025-11-01;18;1622
1;2025-11-01;19;1303
1;2025-11-01;20;1248
1;2025-11-01;21;1007
1;2025-11-01;22;670
1;2025-11-01;23;360
1;2025-11-02;0;1
1;2025-11-02;1;0
1;2025-11-02;2;0
1;2025-11-02;3;0
1;2025-11-02;4;0
1;2025-11-02;5;28
1;2025-11-02;6;124
1;2025-11-02;7;255
1;2025-11-02;8;353
1;2025-11-02;9;579
1;2025-11-02;10;675
1;2025-11-02;11;641
1;2025-11-02;12;796
1;2025-11-02;13;819
1;2025-11-02;14;736
1;2025-11-02;15;674
1;2025-11-02;16;626
1;2025-11-02;17;570
1;2025-11-02;18;542
1;2025-11-02;19;462
1;2025-11-02;20;373
1;2025-11-02;21;267
1;2025-11-02;22;117
1;2025-11-02;23;31
1;2025-11-03;0;1
1;2025-11-03;1;0
1;2025-11-03;2;0
1;2025-11-03;3;0
1;2025-11-03;4;0
1;2025-11-03;5;62
1;2025-11-03;6;185
1;2025-11-03;7;357
1;2025-11-03;8;428
1;2025-11-03;9;585
1;2025-11-03;10;612
1;2025-11-03;11;586
1;2025-11-03;12;718
1;2025-11-03;13;749
1;2025-11-03;14;727
1;2025-11-03;15;718
1;2025-11-03;16;686
1;2025-11-03;17;688
1;2025-11-03;18;571
1;2025-11-03;19;553
1;2025-11-03;20;369
1;2025-11-03;21;275
1;2025-11-03;22;139
1;2025-11-03;23;27
1;2025-11-04;0;4
1;2025-11-04;1;1
1;2025-11-04;2;0
1;2025-11-04;3;0
1;2025-11-04;4;0
1;2025-11-04;5;23
1;2025-11-04;6;90
1;2025-11-04;7;186
1;2025-11-04;8;266
1;2025-11-04;9;462
1;2025-11-04;10;479
1;2025-11-04;11;416
1;2025-11-04;12;535
1;2025-11-04;13;687
1;2025-11-04;14;602
1;2025-11-04;15;548
1;2025-11-04;16;588
1;2025-11-04;17;455
1;2025-11-04;18;345
1;2025-11-04;19;385
1;2025-11-04;20;309
1;2025-11-04;21;246
1;2025-11-04;22;134
1;2025-11-04;23;23
1;2025-11-05;0;3
1;2025-11-05;1;0
1;2025-11-05;2;0
1;2025-11-05;3;0
1;2025-11-05;4;5
1;2025-11-05;5;137
1;2025-11-05;6;545
1;2025-11-05;7;1430
1;2025-11-05;8;1801
1;2025-11-05;9;1425
1;2025-11-05;10;1267
1;2025-11-05;11;1308
1;2025-11-05;12;1308
1;2025-11-05;13;1372
1;2025-11-05;14;1284
1;2025-11-05;15;1403
1;2025-11-05;16;1403
1;2025-11-05;17;1663
1;2025-11-05;18;1712
1;2025-11-05;19;1364
1;2025-11-05;20;866
1;2025-11-05;21;472
1;2025-11-05;22;260
1;2025-11-05;23;43
1;2025-11-06;0;4
1;2025-11-06;1;0
1;2025-11-06;2;0
1;2025-11-06;3;0
1;2025-11-06;4;4
1;2025-11-06;5;127
1;2025-11-06;6;521
1;2025-11-06;7;1443
1;2025-11-06;8;1803
1;2025-11-06;9;1421
1;2025-11-06;10;1291
1;2025-11-06;11;1314
1;2025-11-06;12;1338
1;2025-11-06;13;1378
1;2025-11-06;14;1283
1;2025-11-06;15;1436
1;2025-11-06;16;1461
1;2025-11-06;17;1696
1;2025-11-06;18;1724
1;2025-11-06;19;1346
1;2025-11-06;20;866
1;2025-11-06;21;496
1;2025-11-06;22;252
1;2025-11-06;23;50
1;2025-11-07;0;3
1;2025-11-07;1;0
1;2025-11-07;2;0
1;2025-11-07;3;0
1;2025-11-07;4;2
1;2025-11-07;5;133
1;2025-11-07;6;502
1;2025-11-07;7;1429
1;2025-11-07;8;1763
1;2025-11-07;9;1360
1;2025-11-07;10;1239
1;2025-11-07;11;1338
1;2025-11-07;12;1323
1;2025-11-07;13;1375
1;2025-11-07;14;1267
1;2025-11-07;15;1427
1;2025-11-07;16;1474
1;2025-11-07;17;1640
1;2025-11-07;18;1487
1;2025-11-07;19;1144
1;2025-11-07;20;793
1;2025-11-07;21;495
1;2025-11-07;22;261
1;2025-11-07;23;50
1;2025-11-08;0;3
1;2025-11-08;1;0
1;2025-11-08;2;0
1;2025-11-08;3;0
1;2025-11-08;4;0
1;2025-11-08;5;34
1;2025-11-08;6;171
1;2025-11-08;7;326
1;2025-11-08;8;446
1;2025-11-08;9;702
1;2025-11-08;10;789
1;2025-11-08;11;703
1;2025-11-08;12;882
1;2025-11-08;13;919
1;2025-11-08;14;830
1;2025-11-08;15;721
1;2025-11-08;16;711
1;2025-11-08;17;671
1;2025-11-08;18;595
1;2025-11-08;19;547
1;2025-11-08;20;412
1;2025-11-08;21;300
1;2025-11-08;22;136
1;2025-11-08;23;32
1;2025-11-09;0;1
1;2025-11-09;1;0
1;2025-11-09;2;0
1;2025-11-09;3;0
1;2025-11-09;4;0
1;2025-11-09;5;28
1;2025-11-09;6;124
1;2025-11-09;7;255
1;2025-11-09;8;353
1;2025-11-09;9;579
1;2025-11-09;10;675
1;2025-11-09;11;641
1;2025-11-09;12;796
1;2025-11-09;13;819
1;2025-11-09;14;736
1;2025-11-09;15;674
1;2025-11-09;16;626
1;2025-11-09;17;570
1;2025-11-09;18;542
1;2025-11-09;19;462
1;2025-11-09;20;373
1;2025-11-09;21;267
1;2025-11-09;22;117
1;2025-11-09;23;31
1;2025-11-10;0;1
1;2025-11-10;1;0
1;2025-11-10;2;0
1;2025-11-10;3;0
1;2025-11-10;4;2
1;2025-11-10;5;130
1;2025-11-10;6;511
1;2025-11-10;7;1407
1;2025-11-10;8;1779
1;2025-11-10;9;1325
1;2025-11-10;10;1196
1;2025-11-10;11;1230
1;2025-11-10;12;1259
1;2025-11-10;13;1263
1;2025-11-10;14;1214
1;2025-11-10;15;1361
1;2025-11-10;16;1416
1;2025-11-10;17;1657
1;2025-11-10;18;1768
1;2025-11-10;19;1363
1;2025-11-10;20;860
1;2025-11-10;21;459
1;2025-11-10;22;233
1;2025-11-10;23;38
1;2025-11-11;0;2
1;2025-11-11;1;0
1;2025-11-11;2;0
1;2025-11-11;3;0
1;2025-11-11;4;2
1;2025-11-11;5;138
1;2025-11-11;6;533
1;2025-11-11;7;1486
1;2025-11-11;8;1806
1;2025-11-11;9;1433
1;2025-11-11;10;1299
1;2025-11-11;11;1291
1;2025-11-11;12;1332
1;2025-11-11;13;1346
1;2025-11-11;14;1253
1;2025-11-11;15;1404
1;2025-11-11;16;1411
1;2025-11-11;17;1649
1;2025-11-11;18;1726
1;2025-11-11;19;1367
1;2025-11-11;20;900
1;2025-11-11;21;477
1;2025-11-11;22;237
1;2025-11-11;23;43
1;2025-11-12;0;3
1;2025-11-12;1;0
1;2025-11-12;2;0
1;2025-11-12;3;0
1;2025-11-12;4;5
1;2025-11-12;5;137
1;2025-11-12;6;545
1;2025-11-12;7;1430
1;2025-11-12;8;1801
1;2025-11-12;9;1425
1;2025-11-12;10;1267
1;2025-11-12;11;1308
1;2025-11-12;12;1308
1;2025-11-12;13;1372
1;2025-11-12;14;1284
1;2025-11-12;15;1403
1;2025-11-12;16;1403
1;2025-11-12;17;1663
1;2025-11-12;18;1712
1;2025-11-12;19;1364
1;2025-11-12;20;866
1;2025-11-12;21;472
1;2025-11-12;22;260
1;2025-11-12;23;43
1;2025-11-13;0;4
1;2025-11-13;1;0
1;2025-11-13;2;0
1;2025-11-13;3;0
1;2025-11-13;4;4
1;2025-11-13;5;127
1;2025-11-13;6;521
1;2025-11-13;7;1443
1;2025-11-13;8;1803
1;2025-11-13;9;1421
1;2025-11-13;10;1291
1;2025-11-13;11;1314
1;2025-11-13;12;1338
1;2025-11-13;13;1378
1;2025-11-13;14;1283
1;2025-11-13;15;1436
1;2025-11-13;16;1461
1;2025-11-13;17;1696
1;2025-11-13;18;1724
1;2025-11-13;19;1346
1;2025-11-13;20;866
1;2025-11-13;21;496
1;2025-11-13;22;252
1;2025-11-13;23;50
1;2025-11-14;0;3
1;2025-11-14;1;0
1;2025-11-14;2;0
1;2025-11-14;3;0
1;2025-11-14;4;2
1;2025-11-14;5;133
1;2025-11-14;6;502
1;2025-11-14;7;1429
1;2025-11-14;8;1763
1;2025-11-14;9;1360
1;2025-11-14;10;1239
1;2025-11-14;11;1338
1;2025-11-14;12;1323
1;2025-11-14;13;1375
1;2025-11-14;14;1267
1;2025-11-14;15;1427
1;2025-11-14;16;1474
1;2025-11-14;17;1640
1;2025-11-14;18;1487
1;2025-11-14;19;1144
1;2025-11-14;20;793
1;2025-11-14;21;495
1;2025-11-14;22;261
1;2025-11-14;23;50
1;2025-11-15;0;3
1;2025-11-15;1;0
1;2025-11-15;2;0
1;2025-11-15;3;0
1;2025-11-15;4;0
1;2025-11-15;5;34
1;2025-11-15;6;171
1;2025-11-15;7;326
1;2025-11-15;8;446
1;2025-11-15;9;702
1;2025-11-15;10;789
1;2025-11-15;11;703
1;2025-11-15;12;882
1;2025-11-15;13;919
1;2025-11-15;14;830
1;2025-11-15;15;721
1;2025-11-15;16;711
1;2025-11-15;17;671
1;2025-11-15;18;595
1;2025-11-15;19;547
1;2025-11-15;20;412
1;2025-11-15;21;300
1;2025-11-15;22;136
1;2025-11-15;23;32
1;2025-11-16;0;1
1;2025-11-16;1;0
1;2025-11-16;2;0
1;2025-11-16;3;0
1;2025-11-16;4;0
1;2025-11-16;5;28
1;2025-11-16;6;124
1;2025-11-16;7;255
1;2025-11-16;8;353
1;2025-11-16;9;579
1;2025-11-16;10;675
1;2025-11-16;11;641
1;2025-11-16;12;796
1;2025-11-16;13;819
1;2025-11-16;14;736
1;2025-11-16;15;674
1;2025-11-16;16;626
1;2025-11-16;17;570
1;2025-11-16;18;542
1;2025-11-16;19;462
1;2025-11-16;20;373
1;2025-11-16;21;267
1;2025-11-16;22;117
1;2025-11-16;23;31
1;2025-11-17;0;1
1;2025-11-17;1;0
1;2025-11-17;2;0
1;2025-11-17;3;0
1;2025-11-17;4;2
1;2025-11-17;5;130
1;2025-11-17;6;511
1;2025-11-17;7;1407
1;2025-11-17;8;1779
1;2025-11-17;9;1325
1;2025-11-17;10;1196
1;2025-11-17;11;1230
1;2025-11-17;12;1259
1;2025-11-17;13;1263
1;2025-11-17;14;1214
1;2025-11-17;15;1361
1;2025-11-17;16;1416
1;2025-11-17;17;1657
1;2025-11-17;18;1768
1;2025-11-17;19;1363
1;2025-11-17;20;860
1;2025-11-17;21;459
1;2025-11-17;22;233
1;2025-11-17;23;38
1;2025-11-18;0;2
1;2025-11-18;1;0
1;2025-11-18;2;0
1;2025-11-18;3;0
1;2025-11-18;4;2
1;2025-11-18;5;138
1;2025-11-18;6;533
1;2025-11-18;7;1486
1;2025-11-18;8;1806
1;2025-11-18;9;1433
1;2025-11-18;10;1299
1;2025-11-18;11;1291
1;2025-11-18;12;1332
1;2025-11-18;13;1346
1;2025-11-18;14;1253
1;2025-11-18;15;1404
1;2025-11-18;16;1411
1;2025-11-18;17;1649
1;2025-11-18;18;1726
1;2025-11-18;19;1367
1;2025-11-18;20;900
1;2025-11-18;21;477
1;2025-11-18;22;237
1;2025-11-18;23;43
1;2025-11-19;0;3
1;2025-11-19;1;0
1;2025-11-19;2;0
1;2025-11-19;3;0
1;2025-11-19;4;5
1;2025-11-19;5;137
1;2025-11-19;6;545
1;2025-11-19;7;1430
1;2025-11-19;8;1801
1;2025-11-19;9;1425
1;2025-11-19;10;1267
1;2025-11-19;11;1308
1;2025-11-19;12;1308
1;2025-11-19;13;1372
1;2025-11-19;14;1284
1;2025-11-19;15;1403
1;2025-11-19;16;1403
1;2025-11-19;17;1663
1;2025-11-19;18;1712
1;2025-11-19;19;1364
1;2025-11-19;20;866
1;2025-11-19;21;472
1;2025-11-19;22;260
1;2025-11-19;23;43
1;2025-11-20;0;4
1;2025-11-20;1;0
1;2025-11-20;2;0
1;2025-11-20;3;0
1;2025-11-20;4;4
1;2025-11-20;5;127
1;2025-11-20;6;521
1;2025-11-20;7;1443
1;2025-11-20;8;1803
1;2025-11-20;9;1421
1;2025-11-20;10;1291
1;2025-11-20;11;1314
1;2025-11-20;12;1338
1;2025-11-20;13;1378
1;2025-11-20;14;1283
1;2025-11-20;15;1436
1;2025-11-20;16;1461
1;2025-11-20;17;1696
1;2025-11-20;18;1724
1;2025-11-20;19;1346
1;2025-11-20;20;866
1;2025-11-20;21;496
1;2025-11-20;22;252
1;2025-11-20;23;50
1;2025-11-21;0;3
1;2025-11-21;1;0
1;2025-11-21;2;0
1;2025-11-21;3;0
1;2025-11-21;4;2
1;2025-11-21;5;133
1;2025-11-21;6;502
1;2025-11-21;7;1429
1;2025-11-21;8;1763
1;2025-11-21;9;1360
1;2025-11-21;10;1239
1;2025-11-21;11;1338
1;2025-11-21;12;1323
1;2025-11-21;13;1375
1;2025-11-21;14;1267
1;2025-11-21;15;1427
1;2025-11-21;16;1474
1;2025-11-21;17;1640
1;2025-11-21;18;1487
1;2025-11-21;19;1144
1;2025-11-21;20;793
1;2025-11-21;21;495
1;2025-11-21;22;261
1;2025-11-21;23;50
1;2025-11-22;0;3
1;2025-11-22;1;0
1;2025-11-22;2;0
1;2025-11-22;3;0
1;2025-11-22;4;0
1;2025-11-22;5;34
1;2025-11-22;6;171
1;2025-11-22;7;326
1;2025-11-22;8;446
1;2025-11-22;9;702
1;2025-11-22;10;789
1;2025-11-22;11;703
1;2025-11-22;12;882
1;2025-11-22;13;919
1;2025-11-22;14;830
1;2025-11-22;15;721
1;2025-11-22;16;711
1;2025-11-22;17;671
1;2025-11-22;18;595
1;2025-11-22;19;547
1;2025-11-22;20;412
1;2025-11-22;21;300
1;2025-11-22;22;136
1;2025-11-22;23;32
1;2025-11-23;0;1
1;2025-11-23;1;0
1;2025-11-23;2;0
1;2025-11-23;3;0
1;2025-11-23;4;0
1;2025-11-23;5;28
1;2025-11-23;6;124
1;2025-11-23;7;255
1;2025-11-23;8;353
1;2025-11-23;9;579
1;2025-11-23;10;675
1;2025-11-23;11;641
1;2025-11-23;12;796
1;2025-11-23;13;819
1;2025-11-23;14;736
1;2025-11-23;15;674
1;2025-11-23;16;626
1;2025-11-23;17;570
1;2025-11-23;18;542
1;2025-11-23;19;462
1;2025-11-23;20;373
1;2025-11-23;21;267
1;2025-11-23;22;117
1;2025-11-23;23;31
1;2025-11-24;0;1
1;2025-11-24;1;0
1;2025-11-24;2;0
1;2025-11-24;3;0
1;2025-11-24;4;2
1;2025-11-24;5;130
1;2025-11-24;6;511
1;2025-11-24;7;1407
1;2025-11-24;8;1779
1;2025-11-24;9;1325
1;2025-11-24;10;1196
1;2025-11-24;11;1230
1;2025-11-24;12;1259
1;2025-11-24;13;1263
1;2025-11-24;14;1214
1;2025-11-24;15;1361
1;2025-11-24;16;1416
1;2025-11-24;17;1657
1;2025-11-24;18;1768
1;2025-11-24;19;1363
1;2025-11-24;20;860
1;2025-11-24;21;459
1;2025-11-24;22;233
1;2025-11-24;23;38
1;2025-11-25;0;2
1;2025-11-25;1;0
1;2025-11-25;2;0
1;2025-11-25;3;0
1;2025-11-25;4;2
1;2025-11-25;5;138
1;2025-11-25;6;533
1;2025-11-25;7;1486
1;2025-11-25;8;1806
1;2025-11-25;9;1433
1;2025-11-25;10;1299
1;2025-11-25;11;1291
1;2025-11-25;12;1332
1;2025-11-25;13;1346
1;2025-11-25;14;1253
1;2025-11-25;15;1404
1;2025-11-25;16;1411
1;2025-11-25;17;1649
1;2025-11-25;18;1726
1;2025-11-25;19;1367
1;2025-11-25;20;900
1;2025-11-25;21;477
1;2025-11-25;22;237
1;2025-11-25;23;43
1;2025-11-26;0;3
1;2025-11-26;1;0
1;2025-11-26;2;0
1;2025-11-26;3;0
1;2025-11-26;4;5
1;2025-11-26;5;137
1;2025-11-26;6;545
1;2025-11-26;7;1430
1;2025-11-26;8;1801
1;2025-11-26;9;1425
1;2025-11-26;10;1267
1;2025-11-26;11;1308
1;2025-11-26;12;1308
1;2025-11-26;13;1372
1;2025-11-26;14;1284
1;2025-11-26;15;1403
1;2025-11-26;16;1403
1;2025-11-26;17;1663
1;2025-11-26;18;1712
1;2025-11-26;19;1364
1;2025-11-26;20;866
1;2025-11-26;21;472
1;2025-11-26;22;260
1;2025-11-26;23;43
1;2025-11-27;0;4
1;2025-11-27;1;0
1;2025-11-27;2;0
1;2025-11-27;3;0
1;2025-11-27;4;4
1;2025-11-27;5;127
1;2025-11-27;6;521
1;2025-11-27;7;1443
1;2025-11-27;8;1803
1;2025-11-27;9;1421
1;2025-11-27;10;1291
1;2025-11-27;11;1314
1;2025-11-27;12;1338
1;2025-11-27;13;1378
1;2025-11-27;14;1283
1;2025-11-27;15;1436
1;2025-11-27;16;1461
1;2025-11-27;17;1696
1;2025-11-27;18;1724
1;2025-11-27;19;1346
1;2025-11-27;20;866
1;2025-11-27;21;496
1;2025-11-27;22;252
1;2025-11-27;23;50
1;2025-11-28;0;3
1;2025-11-28;1;0
1;2025-11-28;2;0
1;2025-11-28;3;0
1;2025-11-28;4;2
1;2025-11-28;5;133
1;2025-11-28;6;502
1;2025-11-28;7;1429
1;2025-11-28;8;1763
1;2025-11-28;9;1360
1;2025-11-28;10;1239
1;2025-11-28;11;1338
1;2025-11-28;12;1323
1;2025-11-28;13;1375
1;2025-11-28;14;1267
1;2025-11-28;15;1427
1;2025-11-28;16;1474
1;2025-11-28;17;1640
1;2025-11-28;18;1487
1;2025-11-28;19;1144
1;2025-11-28;20;793
1;2025-11-28;21;495
1;2025-11-28;22;261
1;2025-11-28;23;50
1;2025-11-29;0;3
1;2025-11-29;1;0
1;2025-11-29;2;0
1;2025-11-29;3;0
1;2025-11-29;4;0
1;2025-11-29;5;34
1;2025-11-29;6;171
1;2025-11-29;7;326
1;2025-11-29;8;446
1;2025-11-29;9;702
1;2025-11-29;10;789
1;2025-11-29;11;703
1;2025-11-29;12;882
1;2025-11-29;13;919
1;2025-11-29;14;830
1;2025-11-29;15;721
1;2025-11-29;16;711
1;2025-11-29;17;671
1;2025-11-29;18;595
1;2025-11-29;19;547
1;2025-11-29;20;412
1;2025-11-29;21;300
1;2025-11-29;22;136
1;2025-11-29;23;32
1;2025-11-30;0;1
1;2025-11-30;1;0
1;2025-11-30;2;0
1;2025-11-30;3;0
1;2025-11-30;4;0
1;2025-11-30;5;28
1;2025-11-30;6;124
1;2025-11-30;7;255
1;2025-11-30;8;353
1;2025-11-30;9;579
1;2025-11-30;10;675
1;2025-11-30;11;641
1;2025-11-30;12;796
1;2025-11-30;13;819
1;2025-11-30;14;736
1;2025-11-30;15;674
1;2025-11-30;16;626
1;2025-11-30;17;570
1;2025-11-30;18;542
1;2025-11-30;19;462
1;2025-11-30;20;373
1;2025-11-30;21;267
1;2025-11-30;22;117
1;2025-11-30;23;31
1;2025-12-01;0;1
1;2025-12-01;1;0
1;2025-12-01;2;0
1;2025-12-01;3;0
1;2025-12-01;4;2
1;2025-12-01;5;130
1;2025-12-01;6;511
1;2025-12-01;7;1407
1;2025-12-01;8;1779
1;2025-12-01;9;1325
1;2025-12-01;10;1196
1;2025-12-01;11;1230
1;2025-12-01;12;1259
1;2025-12-01;13;1263
1;2025-12-01;14;1214
1;2025-12-01;15;1361
1;2025-12-01;16;1416
1;2025-12-01;17;1657
1;2025-12-01;18;1768
1;2025-12-01;19;1363
1;2025-12-01;20;860
1;2025-12-01;21;459
1;2025-12-01;22;233
1;2025-12-01;23;38
1;2025-12-02;0;2
1;2025-12-02;1;0
1;2025-12-02;2;0
1;2025-12-02;3;0
1;2025-12-02;4;2
1;2025-12-02;5;138
1;2025-12-02;6;533
1;2025-12-02;7;1486
1;2025-12-02;8;1806
1;2025-12-02;9;1433
1;2025-12-02;10;1299
1;2025-12-02;11;1291
1;2025-12-02;12;1332
1;2025-12-02;13;1346
1;2025-12-02;14;1253
1;2025-12-02;15;1404
1;2025-12-02;16;1411
1;2025-12-02;17;1649
1;2025-12-02;18;1726
1;2025-12-02;19;1367
1;2025-12-02;20;900
1;2025-12-02;21;477
1;2025-12-02;22;237
1;2025-12-02;23;43
1;2025-12-03;0;3
1;2025-12-03;1;0
1;2025-12-03;2;0
1;2025-12-03;3;0
1;2025-12-03;4;5
1;2025-12-03;5;137
1;2025-12-03;6;545
1;2025-12-03;7;1430
1;2025-12-03;8;1801
1;2025-12-03;9;1425
1;2025-12-03;10;1267
1;2025-12-03;11;1308
1;2025-12-03;12;1308
1;2025-12-03;13;1372
1;2025-12-03;14;1284
1;2025-12-03;15;1403
1;2025-12-03;16;1403
1;2025-12-03;17;1663
1;2025-12-03;18;1712
1;2025-12-03;19;1364
1;2025-12-03;20;866
1;2025-12-03;21;472
1;2025-12-03;22;260
1;2025-12-03;23;43
1;2025-12-04;0;4
1;2025-12-04;1;0
1;2025-12-04;2;0
1;2025-12-04;3;0
1;2025-12-04;4;4
1;2025-12-04;5;127
1;2025-12-04;6;521
1;2025-12-04;7;1443
1;2025-12-04;8;1803
1;2025-12-04;9;1421
1;2025-12-04;10;1291
1;2025-12-04;11;1314
1;2025-12-04;12;1338
1;2025-12-04;13;1378
1;2025-12-04;14;1283
1;2025-12-04;15;1436
1;2025-12-04;16;1461
1;2025-12-04;17;1696
1;2025-12-04;18;1724
1;2025-12-04;19;1346
1;2025-12-04;20;866
1;2025-12-04;21;496
1;2025-12-04;22;252
1;2025-12-04;23;50
1;2025-12-05;0;3
1;2025-12-05;1;0
1;2025-12-05;2;0
1;2025-12-05;3;0
1;2025-12-05;4;2
1;2025-12-05;5;133
1;2025-12-05;6;502
1;2025-12-05;7;1429
1;2025-12-05;8;1763
1;2025-12-05;9;1360
1;2025-12-05;10;1239
1;2025-12-05;11;1338
1;2025-12-05;12;1323
1;2025-12-05;13;1375
1;2025-12-05;14;1267
1;2025-12-05;15;1427
1;2025-12-05;16;1474
1;2025-12-05;17;1640
1;2025-12-05;18;1487
1;2025-12-05;19;1144
1;2025-12-05;20;793
1;2025-12-05;21;495
1;2025-12-05;22;261
1;2025-12-05;23;50
1;2025-12-06;0;3
1;2025-12-06;1;0
1;2025-12-06;2;0
1;2025-12-06;3;0
1;2025-12-06;4;0
1;2025-12-06;5;34
1;2025-12-06;6;171
1;2025-12-06;7;326
1;2025-12-06;8;446
1;2025-12-06;9;702
1;2025-12-06;10;789
1;2025-12-06;11;703
1;2025-12-06;12;882
1;2025-12-06;13;919
1;2025-12-06;14;830
1;2025-12-06;15;721
1;2025-12-06;16;711
1;2025-12-06;17;671
1;2025-12-06;18;595
1;2025-12-06;19;547
1;2025-12-06;20;412
1;2025-12-06;21;300
1;2025-12-06;22;136
1;2025-12-06;23;32
1;2025-12-07;0;1
1;2025-12-07;1;0
1;2025-12-07;2;0
1;2025-12-07;3;0
1;2025-12-07;4;0
1;2025-12-07;5;28
1;2025-12-07;6;124
1;2025-12-07;7;255
1;2025-12-07;8;353
1;2025-12-07;9;579
1;2025-12-07;10;675
1;2025-12-07;11;641
1;2025-12-07;12;796
1;2025-12-07;13;819
1;2025-12-07;14;736
1;2025-12-07;15;674
1;2025-12-07;16;626
1;2025-12-07;17;570
1;2025-12-07;18;542
1;2025-12-07;19;462
1;2025-12-07;20;373
1;2025-12-07;21;267
1;2025-12-07;22;117
1;2025-12-07;23;31
1;2025-12-08;0;1
1;2025-12-08;1;0
1;2025-12-08;2;0
1;2025-12-08;3;0
1;2025-12-08;4;2
1;2025-12-08;5;130
1;2025-12-08;6;511
1;2025-12-08;7;1407
1;2025-12-08;8;1779
1;2025-12-08;9;1325
1;2025-12-08;10;1196
1;2025-12-08;11;1230
1;2025-12-08;12;1259
1;2025-12-08;13;1263
1;2025-12-08;14;1214
1;2025-12-08;15;1361
1;2025-12-08;16;1416
1;2025-12-08;17;1657
1;2025-12-08;18;1768
1;2025-12-08;19;1363
1;2025-12-08;20;860
1;2025-12-08;21;459
1;2025-12-08;22;233
1;2025-12-08;23;38
1;2025-12-09;0;2
1;2025-12-09;1;0
1;2025-12-09;2;0
1;2025-12-09;3;0
1;2025-12-09;4;2
1;2025-12-09;5;138
1;2025-12-09;6;533
1;2025-12-09;7;1486
1;2025-12-09;8;1806
1;2025-12-09;9;1433
1;2025-12-09;10;1299
1;2025-12-09;11;1291
1;2025-12-09;12;1332
1;2025-12-09;13;1346
1;2025-12-09;14;1253
1;2025-12-09;15;1404
1;2025-12-09;16;1411
1;2025-12-09;17;1649
1;2025-12-09;18;1726
1;2025-12-09;19;1367
1;2025-12-09;20;900
1;2025-12-09;21;477
1;2025-12-09;22;237
1;2025-12-09;23;43
1;2025-12-10;0;3
1;2025-12-10;1;0
1;2025-12-10;2;0
1;2025-12-10;3;0
1;2025-12-10;4;5
1;2025-12-10;5;137
1;2025-12-10;6;545
1;2025-12-10;7;1430
1;2025-12-10;8;1801
1;2025-12-10;9;1425
1;2025-12-10;10;1267
1;2025-12-10;11;1308
1;2025-12-10;12;1308
1;2025-12-10;13;1372
1;2025-12-10;14;1284
1;2025-12-10;15;1403
1;2025-12-10;16;1403
1;2025-12-10;17;1663
1;2025-12-10;18;1712
1;2025-12-10;19;1364
1;2025-12-10;20;866
1;2025-12-10;21;472
1;2025-12-10;22;260
1;2025-12-10;23;43
1;2025-12-11;0;4
1;2025-12-11;1;0
1;2025-12-11;2;0
1;2025-12-11;3;0
1;2025-12-11;4;4
1;2025-12-11;5;127
1;2025-12-11;6;521
1;2025-12-11;7;1443
1;2025-12-11;8;1803
1;2025-12-11;9;1421
1;2025-12-11;10;1291
1;2025-12-11;11;1314
1;2025-12-11;12;1338
1;2025-12-11;13;1378
1;2025-12-11;14;1283
1;2025-12-11;15;1436
1;2025-12-11;16;1461
1;2025-12-11;17;1696
1;2025-12-11;18;1724
1;2025-12-11;19;1346
1;2025-12-11;20;866
1;2025-12-11;21;496
1;2025-12-11;22;252
1;2025-12-11;23;50
1;2025-12-12;0;3
1;2025-12-12;1;0
1;2025-12-12;2;0
1;2025-12-12;3;0
1;2025-12-12;4;2
1;2025-12-12;5;133
1;2025-12-12;6;502
1;2025-12-12;7;1429
1;2025-12-12;8;1763
1;2025-12-12;9;1360
1;2025-12-12;10;1239
1;2025-12-12;11;1338
1;2025-12-12;12;1323
1;2025-12-12;13;1375
1;2025-12-12;14;1267
1;2025-12-12;15;1427
1;2025-12-12;16;1474
1;2025-12-12;17;1640
1;2025-12-12;18;1487
1;2025-12-12;19;1144
1;2025-12-12;20;793
1;2025-12-12;21;495
1;2025-12-12;22;261
1;2025-12-12;23;50
1;2025-12-13;0;3
1;2025-12-13;1;0
1;2025-12-13;2;0
1;2025-12-13;3;0
1;2025-12-13;4;0
1;2025-12-13;5;34
1;2025-12-13;6;171
1;2025-12-13;7;326
1;2025-12-13;8;446
1;2025-12-13;9;702
1;2025-12-13;10;789
1;2025-12-13;11;703
1;2025-12-13;12;882
1;2025-12-13;13;919
1;2025-12-13;14;830
1;2025-12-13;15;721
1;2025-12-13;16;711
1;2025-12-13;17;671
1;2025-12-13;18;595
1;2025-12-13;19;547
1;2025-12-13;20;412
1;2025-12-13;21;300
1;2025-12-13;22;136
1;2025-12-13;23;32
1;2025-12-14;0;1
1;2025-12-14;1;0
1;2025-12-14;2;0
1;2025-12-14;3;0
1;2025-12-14;4;0
1;2025-12-14;5;28
1;2025-12-14;6;124
1;2025-12-14;7;255
1;2025-12-14;8;353
1;2025-12-14;9;579
1;2025-12-14;10;675
1;2025-12-14;11;641
1;2025-12-14;12;796
1;2025-12-14;13;819
1;2025-12-14;14;736
1;2025-12-14;15;674
1;2025-12-14;16;626
1;2025-12-14;17;570
1;2025-12-14;18;542
1;2025-12-14;19;462
1;2025-12-14;20;373
1;2025-12-14;21;267
1;2025-12-14;22;117
1;2025-12-14;23;31
1;2025-12-15;0;1
1;2025-12-15;1;0
1;2025-12-15;2;0
1;2025-12-15;3;0
1;2025-12-15;4;2
1;2025-12-15;5;130
1;2025-12-15;6;511
1;2025-12-15;7;1407
1;2025-12-15;8;1779
1;2025-12-15;9;1325
1;2025-12-15;10;1196
1;2025-12-15;11;1230
1;2025-12-15;12;1259
1;2025-12-15;13;1263
1;2025-12-15;14;1214
1;2025-12-15;15;1361
1;2025-12-15;16;1416
1;2025-12-15;17;1657
1;2025-12-15;18;1768
1;2025-12-15;19;1363
1;2025-12-15;20;860
1;2025-12-15;21;459
1;2025-12-15;22;233
1;2025-12-15;23;38
1;2025-12-16;0;2
1;2025-12-16;1;0
1;2025-12-16;2;0
1;2025-12-16;3;0
1;2025-12-16;4;2
1;2025-12-16;5;138
1;2025-12-16;6;533
1;2025-12-16;7;1486
1;2025-12-16;8;1806
1;2025-12-16;9;1433
1;2025-12-16;10;1299
1;2025-12-16;11;1291
1;2025-12-16;12;1332
1;2025-12-16;13;1346
1;2025-12-16;14;1253
1;2025-12-16;15;1404
1;2025-12-16;16;1411
1;2025-12-16;17;1649
1;2025-12-16;18;1726
1;2025-12-16;19;1367
1;2025-12-16;20;900
1;2025-12-16;21;477
1;2025-12-16;22;237
1;2025-12-16;23;43
1;2025-12-17;0;3
1;2025-12-17;1;0
1;2025-12-17;2;0
1;2025-12-17;3;0
1;2025-12-17;4;5
1;2025-12-17;5;137
1;2025-12-17;6;545
1;2025-12-17;7;1430
1;2025-12-17;8;1801
1;2025-12-17;9;1425
1;2025-12-17;10;1267
1;2025-12-17;11;1308
1;2025-12-17;12;1308
1;2025-12-17;13;1372
1;2025-12-17;14;1284
1;2025-12-17;15;1403
1;2025-12-17;16;1403
1;2025-12-17;17;1663
1;2025-12-17;18;1712
1;2025-12-17;19;1364
1;2025-12-17;20;866
1;2025-12-17;21;472
1;2025-12-17;22;260
1;2025-12-17;23;43
1;2025-12-18;0;4
1;2025-12-18;1;0
1;2025-12-18;2;0
1;2025-12-18;3;0
1;2025-12-18;4;4
1;2025-12-18;5;127
1;2025-12-18;6;521
1;2025-12-18;7;1443
1;2025-12-18;8;1803
1;2025-12-18;9;1421
1;2025-12-18;10;1291
1;2025-12-18;11;1314
1;2025-12-18;12;1338
1;2025-12-18;13;1378
1;2025-12-18;14;1283
1;2025-12-18;15;1436
1;2025-12-18;16;1461
1;2025-12-18;17;1696
1;2025-12-18;18;1724
1;2025-12-18;19;1346
1;2025-12-18;20;866
1;2025-12-18;21;496
1;2025-12-18;22;252
1;2025-12-18;23;50
1;2025-12-19;0;3
1;2025-12-19;1;0
1;2025-12-19;2;0
1;2025-12-19;3;0
1;2025-12-19;4;2
1;2025-12-19;5;133
1;2025-12-19;6;502
1;2025-12-19;7;1429
1;2025-12-19;8;1763
1;2025-12-19;9;1360
1;2025-12-19;10;1239
1;2025-12-19;11;1338
1;2025-12-19;12;1323
1;2025-12-19;13;1375
1;2025-12-19;14;1267
1;2025-12-19;15;1427
1;2025-12-19;16;1474
1;2025-12-19;17;1640
1;2025-12-19;18;1487
1;2025-12-19;19;1144
1;2025-12-19;20;793
1;2025-12-19;21;495
1;2025-12-19;22;261
1;2025-12-19;23;50
1;2025-12-20;0;3
1;2025-12-20;1;0
1;2025-12-20;2;0
1;2025-12-20;3;0
1;2025-12-20;4;0
1;2025-12-20;5;34
1;2025-12-20;6;171
1;2025-12-20;7;326
1;2025-12-20;8;446
1;2025-12-20;9;702
1;2025-12-20;10;789
1;2025-12-20;11;703
1;2025-12-20;12;882
1;2025-12-20;13;919
1;2025-12-20;14;830
1;2025-12-20;15;721
1;2025-12-20;16;711
1;2025-12-20;17;671
1;2025-12-20;18;595
1;2025-12-20;19;547
1;2025-12-20;20;412
1;2025-12-20;21;300
1;2025-12-20;22;136
1;2025-12-20;23;32
1;2025-12-21;0;1
1;2025-12-21;1;0
1;2025-12-21;2;0
1;2025-12-21;3;0
1;2025-12-21;4;0
1;2025-12-21;5;28
1;2025-12-21;6;124
1;2025-12-21;7;255
1;2025-12-21;8;353
1;2025-12-21;9;579
1;2025-12-21;10;675
1;2025-12-21;11;641
1;2025-12-21;12;796
1;2025-12-21;13;819
1;2025-12-21;14;736
1;2025-12-21;15;674
1;2025-12-21;16;626
1;2025-12-21;17;570
1;2025-12-21;18;542
1;2025-12-21;19;462
1;2025-12-21;20;373
1;2025-12-21;21;267
1;2025-12-21;22;117
1;2025-12-21;23;31
1;2025-12-22;0;1
1;2025-12-22;1;0
1;2025-12-22;2;0
1;2025-12-22;3;0
1;2025-12-22;4;2
1;2025-12-22;5;130
1;2025-12-22;6;511
1;2025-12-22;7;1407
1;2025-12-22;8;1779
1;2025-12-22;9;1325
1;2025-12-22;10;1196
1;2025-12-22;11;1230
1;2025-12-22;12;1259
1;2025-12-22;13;1263
1;2025-12-22;14;1214
1;2025-12-22;15;1361
1;2025-12-22;16;1416
1;2025-12-22;17;1657
1;2025-12-22;18;1768
1;2025-12-22;19;1363
1;2025-12-22;20;860
1;2025-12-22;21;459
1;2025-12-22;22;233
1;2025-12-22;23;38
1;2025-12-23;0;2
1;2025-12-23;1;0
1;2025-12-23;2;0
1;2025-12-23;3;0
1;2025-12-23;4;2
1;2025-12-23;5;138
1;2025-12-23;6;533
1;2025-12-23;7;1486
1;2025-12-23;8;1806
1;2025-12-23;9;1433
1;2025-12-23;10;1299
1;2025-12-23;11;1291
1;2025-12-23;12;1332
1;2025-12-23;13;1346
1;2025-12-23;14;1253
1;2025-12-23;15;1404
1;2025-12-23;16;1411
1;2025-12-23;17;1649
1;2025-12-23;18;1726
1;2025-12-23;19;1367
1;2025-12-23;20;900
1;2025-12-23;21;477
1;2025-12-23;22;237
1;2025-12-23;23;43
1;2025-12-24;0;3
1;2025-12-24;1;0
1;2025-12-24;2;0
1;2025-12-24;3;0
1;2025-12-24;4;5
1;2025-12-24;5;137
1;2025-12-24;6;545
1;2025-12-24;7;1430
1;2025-12-24;8;1801
1;2025-12-24;9;1425
1;2025-12-24;10;1267
1;2025-12-24;11;1308
1;2025-12-24;12;1308
1;2025-12-24;13;1372
1;2025-12-24;14;1284
1;2025-12-24;15;1403
1;2025-12-24;16;1403
1;2025-12-24;17;1663
1;2025-12-24;18;1712
1;2025-12-24;19;1364
1;2025-12-24;20;866
1;2025-12-24;21;472
1;2025-12-24;22;260
1;2025-12-24;23;43
1;2025-12-25;0;4
1;2025-12-25;1;0
1;2025-12-25;2;0
1;2025-12-25;3;0
1;2025-12-25;4;4
1;2025-12-25;5;127
1;2025-12-25;6;521
1;2025-12-25;7;1443
1;2025-12-25;8;1803
1;2025-12-25;9;1421
1;2025-12-25;10;1291
1;2025-12-25;11;1314
1;2025-12-25;12;1338
1;2025-12-25;13;1378
1;2025-12-25;14;1283
1;2025-12-25;15;1436
1;2025-12-25;16;1461
1;2025-12-25;17;1696
1;2025-12-25;18;1724
1;2025-12-25;19;1346
1;2025-12-25;20;866
1;2025-12-25;21;496
1;2025-12-25;22;252
1;2025-12-25;23;50
1;2025-12-26;0;3
1;2025-12-26;1;0
1;2025-12-26;2;0
1;2025-12-26;3;0
1;2025-12-26;4;2
1;2025-12-26;5;133
1;2025-12-26;6;502
1;2025-12-26;7;1429
1;2025-12-26;8;1763
1;2025-12-26;9;1360
1;2025-12-26;10;1239
1;2025-12-26;11;1338
1;2025-12-26;12;1323
1;2025-12-26;13;1375
1;2025-12-26;14;1267
1;2025-12-26;15;1427
1;2025-12-26;16;1474
1;2025-12-26;17;1640
1;2025-12-26;18;1487
1;2025-12-26;19;1144
1;2025-12-26;20;793
1;2025-12-26;21;495
1;2025-12-26;22;261
1;2025-12-26;23;50
1;2025-12-27;0;3
1;2025-12-27;1;0
1;2025-12-27;2;0
1;2025-12-27;3;0
1;2025-12-27;4;0
1;2025-12-27;5;34
1;2025-12-27;6;171
1;2025-12-27;7;326
1;2025-12-27;8;446
1;2025-12-27;9;702
1;2025-12-27;10;789
1;2025-12-27;11;703
1;2025-12-27;12;882
1;2025-12-27;13;919
1;2025-12-27;14;830
1;2025-12-27;15;721
1;2025-12-27;16;711
1;2025-12-27;17;671
1;2025-12-27;18;595
1;2025-12-27;19;547
1;2025-12-27;20;412
1;2025-12-27;21;300
1;2025-12-27;22;136
1;2025-12-27;23;32
1;2025-12-28;0;1
1;2025-12-28;1;0
1;2025-12-28;2;0
1;2025-12-28;3;0
1;2025-12-28;4;0
1;2025-12-28;5;28
1;2025-12-28;6;124
1;2025-12-28;7;255
1;2025-12-28;8;353
1;2025-12-28;9;579
1;2025-12-28;10;675
1;2025-12-28;11;641
1;2025-12-28;12;796
1;2025-12-28;13;819
1;2025-12-28;14;736
1;2025-12-28;15;674
1;2025-12-28;16;626
1;2025-12-28;17;570
1;2025-12-28;18;542
1;2025-12-28;19;462
1;2025-12-28;20;373
1;2025-12-28;21;267
1;2025-12-28;22;117
1;2025-12-28;23;31
1;2025-12-29;0;1
1;2025-12-29;1;0
1;2025-12-29;2;0
1;2025-12-29;3;0
1;2025-12-29;4;2
1;2025-12-29;5;130
1;2025-12-29;6;511
1;2025-12-29;7;1407
1;2025-12-29;8;1779
1;2025-12-29;9;1325
1;2025-12-29;10;1196
1;2025-12-29;11;1230
1;2025-12-29;12;1259
1;2025-12-29;13;1263
1;2025-12-29;14;1214
1;2025-12-29;15;1361
1;2025-12-29;16;1416
1;2025-12-29;17;1657
1;2025-12-29;18;1768
1;2025-12-29;19;1363
1;2025-12-29;20;860
1;2025-12-29;21;459
1;2025-12-29;22;233
1;2025-12-29;23;38
1;2025-12-30;0;2
1;2025-12-30;1;0
1;2025-12-30;2;0
1;2025-12-30;3;0
1;2025-12-30;4;2
1;2025-12-30;5;138
1;2025-12-30;6;533
1;2025-12-30;7;1486
1;2025-12-30;8;1806
1;2025-12-30;9;1433
1;2025-12-30;10;1299
1;2025-12-30;11;1291
1;2025-12-30;12;1332
1;2025-12-30;13;1346
1;2025-12-30;14;1253
1;2025-12-30;15;1404
1;2025-12-30;16;1411
1;2025-12-30;17;1649
1;2025-12-30;18;1726
1;2025-12-30;19;1367
1;2025-12-30;20;900
1;2025-12-30;21;477
1;2025-12-30;22;237
1;2025-12-30;23;43
1;2025-12-31;0;1
1;2025-12-31;1;0
1;2025-12-31;2;0
1;2025-12-31;3;0
1;2025-12-31;4;2
1;2025-12-31;5;34
1;2025-12-31;6;155
1;2025-12-31;7;303
1;2025-12-31;8;384
1;2025-12-31;9;515
1;2025-12-31;10;506
1;2025-12-31;11;582
1;2025-12-31;12;621
1;2025-12-31;13;562
1;2025-12-31;14;614
1;2025-12-31;15;611
1;2025-12-31;16;619
1;2025-12-31;17;549
1;2025-12-31;18;497
1;2025-12-31;19;409
1;2025-12-31;20;375
1;2025-12-31;21;205
1;2025-12-31;22;122
1;2025-12-31;23;28
5;2025-11-01;0;0
5;2025-11-01;1;0
5;2025-11-01;2;0
5;2025-11-01;3;0
5;2025-11-01;4;0
5;2025-11-01;5;0
5;2025-11-01;6;0
5;2025-11-01;7;0
5;2025-11-01;8;0
5;2025-11-01;9;0
5;2025-11-01;10;0
5;2025-11-01;11;0
5;2025-11-01;12;0
5;2025-11-01;13;0
5;2025-11-01;14;0
5;2025-11-01;15;0
5;2025-11-01;16;0
5;2025-11-01;17;0
5;2025-11-01;18;0
5;2025-11-01;19;0
5;2025-11-01;20;0
5;2025-11-01;21;0
5;2025-11-01;22;0
5;2025-11-01;23;0
5;2025-11-02;0;0
5;2025-11-02;1;0
5;2025-11-02;2;0
5;2025-11-02;3;0
5;2025-11-02;4;0
5;2025-11-02;5;0
5;2025-11-02;6;0
5;2025-11-02;7;0
5;2025-11-02;8;0
5;2025-11-02;9;0
5;2025-11-02;10;0
5;2025-11-02;11;0
5;2025-11-02;12;0
5;2025-11-02;13;0
5;2025-11-02;14;0
5;2025-11-02;15;0
5;2025-11-02;16;0
5;2025-11-02;17;0
5;2025-11-02;18;0
5;2025-11-02;19;0
5;2025-11-02;20;0
5;2025-11-02;21;0
5;2025-11-02;22;0
5;2025-11-02;23;0
5;2025-11-03;0;0
5;2025-11-03;1;0
5;2025-11-03;2;0
5;2025-11-03;3;0
5;2025-11-03;4;0
5;2025-11-03;5;0
5;2025-11-03;6;0
5;2025-11-03;7;0
5;2025-11-03;8;0
5;2025-11-03;9;0
5;2025-11-03;10;0
5;2025-11-03;11;0
5;2025-11-03;12;0
5;2025-11-03;13;0
5;2025-11-03;14;0
5;2025-11-03;15;0
5;2025-11-03;16;0
5;2025-11-03;17;0
5;2025-11-03;18;0
5;2025-11-03;19;0
5;2025-11-03;20;0
5;2025-11-03;21;0
5;2025-11-03;22;0
5;2025-11-03;23;0
5;2025-11-04;0;0
5;2025-11-04;1;0
5;2025-11-04;2;0
5;2025-11-04;3;0
5;2025-11-04;4;0
5;2025-11-04;5;0
5;2025-11-04;6;0
5;2025-11-04;7;0
5;2025-11-04;8;0
5;2025-11-04;9;0
5;2025-11-04;10;0
5;2025-11-04;11;0
5;2025-11-04;12;0
5;2025-11-04;13;0
5;2025-11-04;14;0
5;2025-11-04;15;0
5;2025-11-04;16;0
5;2025-11-04;17;0
5;2025-11-04;18;0
5;2025-11-04;19;0
5;2025-11-04;20;0
5;2025-11-04;21;0
5;2025-11-04;22;0
5;2025-11-04;23;0
5;2025-11-05;0;0
5;2025-11-05;1;0
5;2025-11-05;2;0
5;2025-11-05;3;0
5;2025-11-05;4;0
5;2025-11-05;5;0
5;2025-11-05;6;0
5;2025-11-05;7;0
5;2025-11-05;8;0
5;2025-11-05;9;0
5;2025-11-05;10;0
5;2025-11-05;11;0
5;2025-11-05;12;0
5;2025-11-05;13;0
5;2025-11-05;14;0
5;2025-11-05;15;0
5;2025-11-05;16;0
5;2025-11-05;17;0
5;2025-11-05;18;0
5;2025-11-05;19;0
5;2025-11-05;20;0
5;2025-11-05;21;0
5;2025-11-05;22;0
5;2025-11-05;23;0
5;2025-11-06;0;0
5;2025-11-06;1;0
5;2025-11-06;2;0
5;2025-11-06;3;0
5;2025-11-06;4;0
5;2025-11-06;5;0
5;2025-11-06;6;0
5;2025-11-06;7;0
5;2025-11-06;8;0
5;2025-11-06;9;0
5;2025-11-06;10;0
5;2025-11-06;11;0
5;2025-11-06;12;0
5;2025-11-06;13;0
5;2025-11-06;14;0
5;2025-11-06;15;0
5;2025-11-06;16;0
5;2025-11-06;17;0
5;2025-11-06;18;0
5;2025-11-06;19;0
5;2025-11-06;20;0
5;2025-11-06;21;0
5;2025-11-06;22;0
5;2025-11-06;23;0
5;2025-11-07;0;0
5;2025-11-07;1;0
5;2025-11-07;2;0
5;2025-11-07;3;0
5;2025-11-07;4;0
5;2025-11-07;5;0
5;2025-11-07;6;0
5;2025-11-07;7;0
5;2025-11-07;8;0
5;2025-11-07;9;0
5;2025-11-07;10;0
5;2025-11-07;11;0
5;2025-11-07;12;0
5;2025-11-07;13;0
5;2025-11-07;14;0
5;2025-11-07;15;0
5;2025-11-07;16;0
5;2025-11-07;17;0
5;2025-11-07;18;0
5;2025-11-07;19;0
5;2025-11-07;20;0
5;2025-11-07;21;0
5;2025-11-07;22;0
5;2025-11-07;23;0
5;2025-11-08;0;0
5;2025-11-08;1;0
5;2025-11-08;2;0
5;2025-11-08;3;0
5;2025-11-08;4;0
5;2025-11-08;5;0
5;2025-11-08;6;0
5;2025-11-08;7;0
5;2025-11-08;8;0
5;2025-11-08;9;0
5;2025-11-08;10;0
5;2025-11-08;11;0
5;2025-11-08;12;0
5;2025-11-08;13;0
5;2025-11-08;14;0
5;2025-11-08;15;0
5;2025-11-08;16;0
5;2025-11-08;17;0
5;2025-11-08;18;0
5;2025-11-08;19;0
5;2025-11-08;20;0
5;2025-11-08;21;0
5;2025-11-08;22;0
5;2025-11-08;23;0
5;2025-11-09;0;0
5;2025-11-09;1;0
5;2025-11-09;2;0
5;2025-11-09;3;0
5;2025-11-09;4;0
5;2025-11-09;5;0
5;2025-11-09;6;0
5;2025-11-09;7;0
5;2025-11-09;8;0
5;2025-11-09;9;0
5;2025-11-09;10;0
5;2025-11-09;11;0
5;2025-11-09;12;0
5;2025-11-09;13;0
5;2025-11-09;14;0
5;2025-11-09;15;0
5;2025-11-09;16;0
5;2025-11-09;17;0
5;2025-11-09;18;0
5;2025-11-09;19;0
5;2025-11-09;20;0
5;2025-11-09;21;0
5;2025-11-09;22;0
5;2025-11-09;23;0
5;2025-11-10;0;0
5;2025-11-10;1;0
5;2025-11-10;2;0
5;2025-11-10;3;0
5;2025-11-10;4;0
5;2025-11-10;5;0
5;2025-11-10;6;0
5;2025-11-10;7;0
5;2025-11-10;8;0
5;2025-11-10;9;0
5;2025-11-10;10;0
5;2025-11-10;11;0
5;2025-11-10;12;0
5;2025-11-10;13;0
5;2025-11-10;14;0
5;2025-11-10;15;0
5;2025-11-10;16;0
5;2025-11-10;17;0
5;2025-11-10;18;0
5;2025-11-10;19;0
5;2025-11-10;20;0
5;2025-11-10;21;0
5;2025-11-10;22;0
5;2025-11-10;23;0
5;2025-11-11;0;0
5;2025-11-11;1;0
5;2025-11-11;2;0
5;2025-11-11;3;0
5;2025-11-11;4;0
5;2025-11-11;5;0
5;2025-11-11;6;0
5;2025-11-11;7;0
5;2025-11-11;8;0
5;2025-11-11;9;0
5;2025-11-11;10;0
5;2025-11-11;11;0
5;2025-11-11;12;0
5;2025-11-11;13;0
5;2025-11-11;14;0
5;2025-11-11;15;0
5;2025-11-11;16;0
5;2025-11-11;17;0
5;2025-11-11;18;0
5;2025-11-11;19;0
5;2025-11-11;20;0
5;2025-11-11;21;0
5;2025-11-11;22;0
5;2025-11-11;23;0
5;2025-11-12;0;0
5;2025-11-12;1;0
5;2025-11-12;2;0
5;2025-11-12;3;0
5;2025-11-12;4;0
5;2025-11-12;5;0
5;2025-11-12;6;0
5;2025-11-12;7;0
5;2025-11-12;8;0
5;2025-11-12;9;0
5;2025-11-12;10;0
5;2025-11-12;11;0
5;2025-11-12;12;0
5;2025-11-12;13;0
5;2025-11-12;14;0
5;2025-11-12;15;0
5;2025-11-12;16;0
5;2025-11-12;17;0
5;2025-11-12;18;0
5;2025-11-12;19;0
5;2025-11-12;20;0
5;2025-11-12;21;0
5;2025-11-12;22;0
5;2025-11-12;23;0
5;2025-11-13;0;0
5;2025-11-13;1;0
5;2025-11-13;2;0
5;2025-11-13;3;0
5;2025-11-13;4;0
5;2025-11-13;5;0
5;2025-11-13;6;0
5;2025-11-13;7;0
5;2025-11-13;8;0
5;2025-11-13;9;0
5;2025-11-13;10;0
5;2025-11-13;11;0
5;2025-11-13;12;0
5;2025-11-13;13;0
5;2025-11-13;14;0
5;2025-11-13;15;0
5;2025-11-13;16;0
5;2025-11-13;17;0
5;2025-11-13;18;0
5;2025-11-13;19;0
5;2025-11-13;20;0
5;2025-11-13;21;0
5;2025-11-13;22;0
5;2025-11-13;23;0
5;2025-11-14;0;0
5;2025-11-14;1;0
5;2025-11-14;2;0
5;2025-11-14;3;0
5;2025-11-14;4;0
5;2025-11-14;5;0
5;2025-11-14;6;0
5;2025-11-14;7;0
5;2025-11-14;8;0
5;2025-11-14;9;0
5;2025-11-14;10;0
5;2025-11-14;11;0
5;2025-11-14;12;0
5;2025-11-14;13;0
5;2025-11-14;14;0
5;2025-11-14;15;0
5;2025-11-14;16;0
5;2025-11-14;17;0
5;2025-11-14;18;0
5;2025-11-14;19;0
5;2025-11-14;20;0
5;2025-11-14;21;0
5;2025-11-14;22;0
5;2025-11-14;23;0
5;2025-11-15;0;0
5;2025-11-15;1;0
5;2025-11-15;2;0
5;2025-11-15;3;0
5;2025-11-15;4;0
5;2025-11-15;5;0
5;2025-11-15;6;0
5;2025-11-15;7;0
5;2025-11-15;8;0
5;2025-11-15;9;0
5;2025-11-15;10;0
5;2025-11-15;11;0
5;2025-11-15;12;0
5;2025-11-15;13;0
5;2025-11-15;14;0
5;2025-11-15;15;0
5;2025-11-15;16;0
5;2025-11-15;17;0
5;2025-11-15;18;0
5;2025-11-15;19;0
5;2025-11-15;20;0
5;2025-11-15;21;0
5;2025-11-15;22;0
5;2025-11-15;23;0
5;2025-11-16;0;0
5;2025-11-16;1;0
5;2025-11-16;2;0
5;2025-11-16;3;0
5;2025-11-16;4;0
5;2025-11-16;5;0
5;2025-11-16;6;0
5;2025-11-16;7;0
5;2025-11-16;8;0
5;2025-11-16;9;0
5;2025-11-16;10;0
5;2025-11-16;11;0
5;2025-11-16;12;0
5;2025-11-16;13;0
5;2025-11-16;14;0
5;2025-11-16;15;0
5;2025-11-16;16;0
5;2025-11-16;17;0
5;2025-11-16;18;0
5;2025-11-16;19;0
5;2025-11-16;20;0
5;2025-11-16;21;0
5;2025-11-16;22;0
5;2025-11-16;23;0
5;2025-11-17;0;0
5;2025-11-17;1;0
5;2025-11-17;2;0
5;2025-11-17;3;0
5;2025-11-17;4;0
5;2025-11-17;5;0
5;2025-11-17;6;0
5;2025-11-17;7;0
5;2025-11-17;8;0
5;2025-11-17;9;0
5;2025-11-17;10;0
5;2025-11-17;11;0
5;2025-11-17;12;0
5;2025-11-17;13;0
5;2025-11-17;14;0
5;2025-11-17;15;0
5;2025-11-17;16;0
5;2025-11-17;17;0
5;2025-11-17;18;0
5;2025-11-17;19;0
5;2025-11-17;20;0
5;2025-11-17;21;0
5;2025-11-17;22;0
5;2025-11-17;23;0
5;2025-11-18;0;0
5;2025-11-18;1;0
5;2025-11-18;2;0
5;2025-11-18;3;0
5;2025-11-18;4;0
5;2025-11-18;5;0
5;2025-11-18;6;0
5;2025-11-18;7;0
5;2025-11-18;8;0
5;2025-11-18;9;0
5;2025-11-18;10;0
5;2025-11-18;11;0
5;2025-11-18;12;0
5;2025-11-18;13;0
5;2025-11-18;14;0
5;2025-11-18;15;0
5;2025-11-18;16;0
5;2025-11-18;17;0
5;2025-11-18;18;0
5;2025-11-18;19;0
5;2025-11-18;20;0
5;2025-11-18;21;0
5;2025-11-18;22;0
5;2025-11-18;23;0
5;2025-11-19;0;0
5;2025-11-19;1;0
5;2025-11-19;2;0
5;2025-11-19;3;0
5;2025-11-19;4;0
5;2025-11-19;5;0
5;2025-11-19;6;0
5;2025-11-19;7;0
5;2025-11-19;8;0
5;2025-11-19;9;0
5;2025-11-19;10;0
5;2025-11-19;11;0
5;2025-11-19;12;0
5;2025-11-19;13;0
5;2025-11-19;14;0
5;2025-11-19;15;0
5;2025-11-19;16;0
5;2025-11-19;17;0
5;2025-11-19;18;0
5;2025-11-19;19;0
5;2025-11-19;20;0
5;2025-11-19;21;0
5;2025-11-19;22;0
5;2025-11-19;23;0
5;2025-11-20;0;0
5;2025-11-20;1;0
5;2025-11-20;2;0
5;2025-11-20;3;0
5;2025-11-20;4;0
5;2025-11-20;5;0
5;2025-11-20;6;0
5;2025-11-20;7;0
5;2025-11-20;8;0
5;2025-11-20;9;0
5;2025-11-20;10;0
5;2025-11-20;11;0
5;2025-11-20;12;0
5;2025-11-20;13;0
5;2025-11-20;14;0
5;2025-11-20;15;0
5;2025-11-20;16;0
5;2025-11-20;17;0
5;2025-11-20;18;0
5;2025-11-20;19;0
5;2025-11-20;20;0
5;2025-11-20;21;0
5;2025-11-20;22;0
5;2025-11-20;23;0
5;2025-11-21;0;0
5;2025-11-21;1;0
5;2025-11-21;2;0
5;2025-11-21;3;0
5;2025-11-21;4;0
5;2025-11-21;5;0
5;2025-11-21;6;0
5;2025-11-21;7;0
5;2025-11-21;8;0
5;2025-11-21;9;0
5;2025-11-21;10;0
5;2025-11-21;11;0
5;2025-11-21;12;0
5;2025-11-21;13;0
5;2025-11-21;14;0
5;2025-11-21;15;0
5;2025-11-21;16;0
5;2025-11-21;17;0
5;2025-11-21;18;0
5;2025-11-21;19;0
5;2025-11-21;20;0
5;2025-11-21;21;0
5;2025-11-21;22;0
5;2025-11-21;23;0
5;2025-11-22;0;0
5;2025-11-22;1;0
5;2025-11-22;2;0
5;2025-11-22;3;0
5;2025-11-22;4;0
5;2025-11-22;5;0
5;2025-11-22;6;0
5;2025-11-22;7;0
5;2025-11-22;8;0
5;2025-11-22;9;0
5;2025-11-22;10;0
5;2025-11-22;11;0
5;2025-11-22;12;0
5;2025-11-22;13;0
5;2025-11-22;14;0
5;2025-11-22;15;0
5;2025-11-22;16;0
5;2025-11-22;17;0
5;2025-11-22;18;0
5;2025-11-22;19;0
5;2025-11-22;20;0
5;2025-11-22;21;0
5;2025-11-22;22;0
5;2025-11-22;23;0
5;2025-11-23;0;0
5;2025-11-23;1;0
5;2025-11-23;2;0
5;2025-11-23;3;0
5;2025-11-23;4;0
5;2025-11-23;5;0
5;2025-11-23;6;0
5;2025-11-23;7;0
5;2025-11-23;8;0
5;2025-11-23;9;0
5;2025-11-23;10;0
5;2025-11-23;11;0
5;2025-11-23;12;0
5;2025-11-23;13;0
5;2025-11-23;14;0
5;2025-11-23;15;0
5;2025-11-23;16;0
5;2025-11-23;17;0
5;2025-11-23;18;0
5;2025-11-23;19;0
5;2025-11-23;20;0
5;2025-11-23;21;0
5;2025-11-23;22;0
5;2025-11-23;23;0
5;2025-11-24;0;0
5;2025-11-24;1;0
5;2025-11-24;2;0
5;2025-11-24;3;0
5;2025-11-24;4;0
5;2025-11-24;5;0
5;2025-11-24;6;0
5;2025-11-24;7;0
5;2025-11-24;8;0
5;2025-11-24;9;0
5;2025-11-24;10;0
5;2025-11-24;11;0
5;2025-11-24;12;0
5;2025-11-24;13;0
5;2025-11-24;14;0
5;2025-11-24;15;0
5;2025-11-24;16;0
5;2025-11-24;17;0
5;2025-11-24;18;0
5;2025-11-24;19;0
5;2025-11-24;20;0
5;2025-11-24;21;0
5;2025-11-24;22;0
5;2025-11-24;23;0
5;2025-11-25;0;0
5;2025-11-25;1;0
5;2025-11-25;2;0
5;2025-11-25;3;0
5;2025-11-25;4;0
5;2025-11-25;5;0
5;2025-11-25;6;0
5;2025-11-25;7;0
5;2025-11-25;8;0
5;2025-11-25;9;0
5;2025-11-25;10;0
5;2025-11-25;11;0
5;2025-11-25;12;0
5;2025-11-25;13;0
5;2025-11-25;14;0
5;2025-11-25;15;0
5;2025-11-25;16;0
5;2025-11-25;17;0
5;2025-11-25;18;0
5;2025-11-25;19;0
5;2025-11-25;20;0
5;2025-11-25;21;0
5;2025-11-25;22;0
5;2025-11-25;23;0
5;2025-11-26;0;0
5;2025-11-26;1;0
5;2025-11-26;2;0
5;2025-11-26;3;0
5;2025-11-26;4;0
5;2025-11-26;5;0
5;2025-11-26;6;0
5;2025-11-26;7;0
5;2025-11-26;8;0
5;2025-11-26;9;0
5;2025-11-26;10;0
5;2025-11-26;11;0
5;2025-11-26;12;0
5;2025-11-26;13;0
5;2025-11-26;14;0
5;2025-11-26;15;0
5;2025-11-26;16;0
5;2025-11-26;17;0
5;2025-11-26;18;0
5;2025-11-26;19;0
5;2025-11-26;20;0
5;2025-11-26;21;0
5;2025-11-26;22;0
5;2025-11-26;23;0
5;2025-11-27;0;0
5;2025-11-27;1;0
5;2025-11-27;2;0
5;2025-11-27;3;0
5;2025-11-27;4;0
5;2025-11-27;5;0
5;2025-11-27;6;0
5;2025-11-27;7;0
5;2025-11-27;8;0
5;2025-11-27;9;0
5;2025-11-27;10;0
5;2025-11-27;11;0
5;2025-11-27;12;0
5;2025-11-27;13;0
5;2025-11-27;14;0
5;2025-11-27;15;0
5;2025-11-27;16;0
5;2025-11-27;17;0
5;2025-11-27;18;0
5;2025-11-27;19;0
5;2025-11-27;20;0
5;2025-11-27;21;0
5;2025-11-27;22;0
5;2025-11-27;23;0
5;2025-11-28;0;0
5;2025-11-28;1;0
5;2025-11-28;2;0
5;2025-11-28;3;0
5;2025-11-28;4;0
5;2025-11-28;5;0
5;2025-11-28;6;0
5;2025-11-28;7;0
5;2025-11-28;8;0
5;2025-11-28;9;0
5;2025-11-28;10;0
5;2025-11-28;11;0
5;2025-11-28;12;0
5;2025-11-28;13;0
5;2025-11-28;14;0
5;2025-11-28;15;0
5;2025-11-28;16;0
5;2025-11-28;17;0
5;2025-11-28;18;0
5;2025-11-28;19;0
5;2025-11-28;20;0
5;2025-11-28;21;0
5;2025-11-28;22;0
5;2025-11-28;23;0
5;2025-11-29;0;0
5;2025-11-29;1;0
5;2025-11-29;2;0
5;2025-11-29;3;0
5;2025-11-29;4;0
5;2025-11-29;5;0
5;2025-11-29;6;0
5;2025-11-29;7;0
5;2025-11-29;8;0
5;2025-11-29;9;0
5;2025-11-29;10;0
5;2025-11-29;11;0
5;2025-11-29;12;0
5;2025-11-29;13;0
5;2025-11-29;14;0
5;2025-11-29;15;0
5;2025-11-29;16;0
5;2025-11-29;17;0
5;2025-11-29;18;0
5;2025-11-29;19;0
5;2025-11-29;20;0
5;2025-11-29;21;0
5;2025-11-29;22;0
5;2025-11-29;23;0
5;2025-11-30;0;0
5;2025-11-30;1;0
5;2025-11-30;2;0
5;2025-11-30;3;0
5;2025-11-30;4;0
5;2025-11-30;5;0
5;2025-11-30;6;0
5;2025-11-30;7;0
5;2025-11-30;8;0
5;2025-11-30;9;0
5;2025-11-30;10;0
5;2025-11-30;11;0
5;2025-11-30;12;0
5;2025-11-30;13;0
5;2025-11-30;14;0
5;2025-11-30;15;0
5;2025-11-30;16;0
5;2025-11-30;17;0
5;2025-11-30;18;0
5;2025-11-30;19;0
5;2025-11-30;20;0
5;2025-11-30;21;0
5;2025-11-30;22;0
5;2025-11-30;23;0
5;2025-12-01;0;0
5;2025-12-01;1;0
5;2025-12-01;2;0
5;2025-12-01;3;0
5;2025-12-01;4;0
5;2025-12-01;5;0
5;2025-12-01;6;0
5;2025-12-01;7;0
5;2025-12-01;8;0
5;2025-12-01;9;0
5;2025-12-01;10;0
5;2025-12-01;11;0
5;2025-12-01;12;0
5;2025-12-01;13;0
5;2025-12-01;14;0
5;2025-12-01;15;0
5;2025-12-01;16;0
5;2025-12-01;17;0
5;2025-12-01;18;0
5;2025-12-01;19;0
5;2025-12-01;20;0
5;2025-12-01;21;0
5;2025-12-01;22;0
5;2025-12-01;23;0
5;2025-12-02;0;0
5;2025-12-02;1;0
5;2025-12-02;2;0
5;2025-12-02;3;0
5;2025-12-02;4;0
5;2025-12-02;5;0
5;2025-12-02;6;0
5;2025-12-02;7;0
5;2025-12-02;8;0
5;2025-12-02;9;0
5;2025-12-02;10;0
5;2025-12-02;11;0
5;2025-12-02;12;0
5;2025-12-02;13;0
5;2025-12-02;14;0
5;2025-12-02;15;0
5;2025-12-02;16;0
5;2025-12-02;17;0
5;2025-12-02;18;0
5;2025-12-02;19;0
5;2025-12-02;20;0
5;2025-12-02;21;0
5;2025-12-02;22;0
5;2025-12-02;23;0
5;2025-12-03;0;0
5;2025-12-03;1;0
5;2025-12-03;2;0
5;2025-12-03;3;0
5;2025-12-03;4;0
5;2025-12-03;5;0
5;2025-12-03;6;0
5;2025-12-03;7;0
5;2025-12-03;8;0
5;2025-12-03;9;0
5;2025-12-03;10;0
5;2025-12-03;11;0
5;2025-12-03;12;0
5;2025-12-03;13;0
5;2025-12-03;14;0
5;2025-12-03;15;0
5;2025-12-03;16;0
5;2025-12-03;17;0
5;2025-12-03;18;0
5;2025-12-03;19;0
5;2025-12-03;20;0
5;2025-12-03;21;0
5;2025-12-03;22;0
5;2025-12-03;23;0
5;2025-12-04;0;0
5;2025-12-04;1;0
5;2025-12-04;2;0
5;2025-12-04;3;0
5;2025-12-04;4;0
5;2025-12-04;5;0
5;2025-12-04;6;0
5;2025-12-04;7;0
5;2025-12-04;8;0
5;2025-12-04;9;0
5;2025-12-04;10;0
5;2025-12-04;11;0
5;2025-12-04;12;0
5;2025-12-04;13;0
5;2025-12-04;14;0
5;2025-12-04;15;0
5;2025-12-04;16;0
5;2025-12-04;17;0
5;2025-12-04;18;0
5;2025-12-04;19;0
5;2025-12-04;20;0
5;2025-12-04;21;0
5;2025-12-04;22;0
5;2025-12-04;23;0
5;2025-12-05;0;0
5;2025-12-05;1;0
5;2025-12-05;2;0
5;2025-12-05;3;0
5;2025-12-05;4;0
5;2025-12-05;5;0
5;2025-12-05;6;0
5;2025-12-05;7;0
5;2025-12-05;8;0
5;2025-12-05;9;0
5;2025-12-05;10;0
5;2025-12-05;11;0
5;2025-12-05;12;0
5;2025-12-05;13;0
5;2025-12-05;14;0
5;2025-12-05;15;0
5;2025-12-05;16;0
5;2025-12-05;17;0
5;2025-12-05;18;0
5;2025-12-05;19;0
5;2025-12-05;20;0
5;2025-12-05;21;0
5;2025-12-05;22;0
5;2025-12-05;23;0
5;2025-12-06;0;0
5;2025-12-06;1;0
5;2025-12-06;2;0
5;2025-12-06;3;0
5;2025-12-06;4;0
5;2025-12-06;5;0
5;2025-12-06;6;0
5;2025-12-06;7;0
5;2025-12-06;8;0
5;2025-12-06;9;0
5;2025-12-06;10;0
5;2025-12-06;11;0
5;2025-12-06;12;0
5;2025-12-06;13;0
5;2025-12-06;14;0
5;2025-12-06;15;0
5;2025-12-06;16;0
5;2025-12-06;17;0
5;2025-12-06;18;0
5;2025-12-06;19;0
5;2025-12-06;20;0
5;2025-12-06;21;0
5;2025-12-06;22;0
5;2025-12-06;23;0
5;2025-12-07;0;0
5;2025-12-07;1;0
5;2025-12-07;2;0
5;2025-12-07;3;0
5;2025-12-07;4;0
5;2025-12-07;5;0
5;2025-12-07;6;0
5;2025-12-07;7;0
5;2025-12-07;8;0
5;2025-12-07;9;0
5;2025-12-07;10;0
5;2025-12-07;11;0
5;2025-12-07;12;0
5;2025-12-07;13;0
5;2025-12-07;14;0
5;2025-12-07;15;0
5;2025-12-07;16;0
5;2025-12-07;17;0
5;2025-12-07;18;0
5;2025-12-07;19;0
5;2025-12-07;20;0
5;2025-12-07;21;0
5;2025-12-07;22;0
5;2025-12-07;23;0
5;2025-12-08;0;0
5;2025-12-08;1;0
5;2025-12-08;2;0
5;2025-12-08;3;0
5;2025-12-08;4;0
5;2025-12-08;5;0
5;2025-12-08;6;0
5;2025-12-08;7;0
5;2025-12-08;8;0
5;2025-12-08;9;0
5;2025-12-08;10;0
5;2025-12-08;11;0
5;2025-12-08;12;0
5;2025-12-08;13;0
5;2025-12-08;14;0
5;2025-12-08;15;0
5;2025-12-08;16;0
5;2025-12-08;17;0
5;2025-12-08;18;0
5;2025-12-08;19;0
5;2025-12-08;20;0
5;2025-12-08;21;0
5;2025-12-08;22;0
5;2025-12-08;23;0
5;2025-12-09;0;0
5;2025-12-09;1;0
5;2025-12-09;2;0
5;2025-12-09;3;0
5;2025-12-09;4;0
5;2025-12-09;5;0
5;2025-12-09;6;0
5;2025-12-09;7;0
5;2025-12-09;8;0
5;2025-12-09;9;0
5;2025-12-09;10;0
5;2025-12-09;11;0
5;2025-12-09;12;0
5;2025-12-09;13;0
5;2025-12-09;14;0
5;2025-12-09;15;0
5;2025-12-09;16;0
5;2025-12-09;17;0
5;2025-12-09;18;0
5;2025-12-09;19;0
5;2025-12-09;20;0
5;2025-12-09;21;0
5;2025-12-09;22;0
5;2025-12-09;23;0
5;2025-12-10;0;0
5;2025-12-10;1;0
5;2025-12-10;2;0
5;2025-12-10;3;0
5;2025-12-10;4;0
5;2025-12-10;5;0
5;2025-12-10;6;0
5;2025-12-10;7;0
5;2025-12-10;8;0
5;2025-12-10;9;0
5;2025-12-10;10;0
5;2025-12-10;11;0
5;2025-12-10;12;0
5;2025-12-10;13;0
5;2025-12-10;14;0
5;2025-12-10;15;0
5;2025-12-10;16;0
5;2025-12-10;17;0
5;2025-12-10;18;0
5;2025-12-10;19;0
5;2025-12-10;20;0
5;2025-12-10;21;0
5;2025-12-10;22;0
5;2025-12-10;23;0
5;2025-12-11;0;0
5;2025-12-11;1;0
5;2025-12-11;2;0
5;2025-12-11;3;0
5;2025-12-11;4;0
5;2025-12-11;5;0
5;2025-12-11;6;0
5;2025-12-11;7;0
5;2025-12-11;8;0
5;2025-12-11;9;0
5;2025-12-11;10;0
5;2025-12-11;11;0
5;2025-12-11;12;0
5;2025-12-11;13;0
5;2025-12-11;14;0
5;2025-12-11;15;0
5;2025-12-11;16;0
5;2025-12-11;17;0
5;2025-12-11;18;0
5;2025-12-11;19;0
5;2025-12-11;20;0
5;2025-12-11;21;0
5;2025-12-11;22;0
5;2025-12-11;23;0
5;2025-12-12;0;0
5;2025-12-12;1;0
5;2025-12-12;2;0
5;2025-12-12;3;0
5;2025-12-12;4;0
5;2025-12-12;5;0
5;2025-12-12;6;0
5;2025-12-12;7;0
5;2025-12-12;8;0
5;2025-12-12;9;0
5;2025-12-12;10;0
5;2025-12-12;11;0
5;2025-12-12;12;0
5;2025-12-12;13;0
5;2025-12-12;14;0
5;2025-12-12;15;0
5;2025-12-12;16;0
5;2025-12-12;17;0
5;2025-12-12;18;0
5;2025-12-12;19;0
5;2025-12-12;20;0
5;2025-12-12;21;0
5;2025-12-12;22;0
5;2025-12-12;23;0
5;2025-12-13;0;0
5;2025-12-13;1;0
5;2025-12-13;2;0
5;2025-12-13;3;0
5;2025-12-13;4;0
5;2025-12-13;5;0
5;2025-12-13;6;0
5;2025-12-13;7;0
5;2025-12-13;8;0
5;2025-12-13;9;0
5;2025-12-13;10;0
5;2025-12-13;11;0
5;2025-12-13;12;0
5;2025-12-13;13;0
5;2025-12-13;14;0
5;2025-12-13;15;0
5;2025-12-13;16;0
5;2025-12-13;17;0
5;2025-12-13;18;0
5;2025-12-13;19;0
5;2025-12-13;20;0
5;2025-12-13;21;0
5;2025-12-13;22;0
5;2025-12-13;23;0
5;2025-12-14;0;0
5;2025-12-14;1;0
5;2025-12-14;2;0
5;2025-12-14;3;0
5;2025-12-14;4;0
5;2025-12-14;5;0
5;2025-12-14;6;0
5;2025-12-14;7;0
5;2025-12-14;8;0
5;2025-12-14;9;0
5;2025-12-14;10;0
5;2025-12-14;11;0
5;2025-12-14;12;0
5;2025-12-14;13;0
5;2025-12-14;14;0
5;2025-12-14;15;0
5;2025-12-14;16;0
5;2025-12-14;17;0
5;2025-12-14;18;0
5;2025-12-14;19;0
5;2025-12-14;20;0
5;2025-12-14;21;0
5;2025-12-14;22;0
5;2025-12-14;23;0
5;2025-12-15;0;0
5;2025-12-15;1;0
5;2025-12-15;2;0
5;2025-12-15;3;0
5;2025-12-15;4;0
5;2025-12-15;5;0
5;2025-12-15;6;0
5;2025-12-15;7;0
5;2025-12-15;8;0
5;2025-12-15;9;0
5;2025-12-15;10;0
5;2025-12-15;11;0
5;2025-12-15;12;0
5;2025-12-15;13;0
5;2025-12-15;14;0
5;2025-12-15;15;0
5;2025-12-15;16;0
5;2025-12-15;17;0
5;2025-12-15;18;0
5;2025-12-15;19;0
5;2025-12-15;20;0
5;2025-12-15;21;0
5;2025-12-15;22;0
5;2025-12-15;23;0
5;2025-12-16;0;0
5;2025-12-16;1;0
5;2025-12-16;2;0
5;2025-12-16;3;0
5;2025-12-16;4;0
5;2025-12-16;5;0
5;2025-12-16;6;0
5;2025-12-16;7;0
5;2025-12-16;8;0
5;2025-12-16;9;0
5;2025-12-16;10;0
5;2025-12-16;11;0
5;2025-12-16;12;0
5;2025-12-16;13;0
5;2025-12-16;14;0
5;2025-12-16;15;0
5;2025-12-16;16;0
5;2025-12-16;17;0
5;2025-12-16;18;0
5;2025-12-16;19;0
5;2025-12-16;20;0
5;2025-12-16;21;0
5;2025-12-16;22;0
5;2025-12-16;23;0
5;2025-12-17;0;0
5;2025-12-17;1;0
5;2025-12-17;2;0
5;2025-12-17;3;0
5;2025-12-17;4;0
5;2025-12-17;5;0
5;2025-12-17;6;0
5;2025-12-17;7;0
5;2025-12-17;8;0
5;2025-12-17;9;0
5;2025-12-17;10;0
5;2025-12-17;11;0
5;2025-12-17;12;0
5;2025-12-17;13;0
5;2025-12-17;14;0
5;2025-12-17;15;0
5;2025-12-17;16;0
5;2025-12-17;17;0
5;2025-12-17;18;0
5;2025-12-17;19;0
5;2025-12-17;20;0
5;2025-12-17;21;0
5;2025-12-17;22;0
5;2025-12-17;23;0
5;2025-12-18;0;0
5;2025-12-18;1;0
5;2025-12-18;2;0
5;2025-12-18;3;0
5;2025-12-18;4;0
5;2025-12-18;5;0
5;2025-12-18;6;0
5;2025-12-18;7;0
5;2025-12-18;8;0
5;2025-12-18;9;0
5;2025-12-18;10;0
5;2025-12-18;11;0
5;2025-12-18;12;0
5;2025-12-18;13;0
5;2025-12-18;14;0
5;2025-12-18;15;0
5;2025-12-18;16;0
5;2025-12-18;17;0
5;2025-12-18;18;0
5;2025-12-18;19;0
5;2025-12-18;20;0
5;2025-12-18;21;0
5;2025-12-18;22;0
5;2025-12-18;23;0
5;2025-12-19;0;0
5;2025-12-19;1;0
5;2025-12-19;2;0
5;2025-12-19;3;0
5;2025-12-19;4;0
5;2025-12-19;5;0
5;2025-12-19;6;0
5;2025-12-19;7;0
5;2025-12-19;8;0
5;2025-12-19;9;0
5;2025-12-19;10;0
5;2025-12-19;11;0
5;2025-12-19;12;0
5;2025-12-19;13;0
5;2025-12-19;14;0
5;2025-12-19;15;0
5;2025-12-19;16;0
5;2025-12-19;17;0
5;2025-12-19;18;0
5;2025-12-19;19;0
5;2025-12-19;20;0
5;2025-12-19;21;0
5;2025-12-19;22;0
5;2025-12-19;23;0
5;2025-12-20;0;0
5;2025-12-20;1;0
5;2025-12-20;2;0
5;2025-12-20;3;0
5;2025-12-20;4;0
5;2025-12-20;5;0
5;2025-12-20;6;0
5;2025-12-20;7;0
5;2025-12-20;8;0
5;2025-12-20;9;0
5;2025-12-20;10;0
5;2025-12-20;11;0
5;2025-12-20;12;0
5;2025-12-20;13;0
5;2025-12-20;14;0
5;2025-12-20;15;0
5;2025-12-20;16;0
5;2025-12-20;17;0
5;2025-12-20;18;0
5;2025-12-20;19;0
5;2025-12-20;20;0
5;2025-12-20;21;0
5;2025-12-20;22;0
5;2025-12-20;23;0
5;2025-12-21;0;0
5;2025-12-21;1;0
5;2025-12-21;2;0
5;2025-12-21;3;0
5;2025-12-21;4;0
5;2025-12-21;5;0
5;2025-12-21;6;0
5;2025-12-21;7;0
5;2025-12-21;8;0
5;2025-12-21;9;0
5;2025-12-21;10;0
5;2025-12-21;11;0
5;2025-12-21;12;0
5;2025-12-21;13;0
5;2025-12-21;14;0
5;2025-12-21;15;0
5;2025-12-21;16;0
5;2025-12-21;17;0
5;2025-12-21;18;0
5;2025-12-21;19;0
5;2025-12-21;20;0
5;2025-12-21;21;0
5;2025-12-21;22;0
5;2025-12-21;23;0
5;2025-12-22;0;0
5;2025-12-22;1;0
5;2025-12-22;2;0
5;2025-12-22;3;0
5;2025-12-22;4;0
5;2025-12-22;5;0
5;2025-12-22;6;0
5;2025-12-22;7;0
5;2025-12-22;8;0
5;2025-12-22;9;0
5;2025-12-22;10;0
5;2025-12-22;11;0
5;2025-12-22;12;0
5;2025-12-22;13;0
5;2025-12-22;14;0
5;2025-12-22;15;0
5;2025-12-22;16;0
5;2025-12-22;17;0
5;2025-12-22;18;0
5;2025-12-22;19;0
5;2025-12-22;20;0
5;2025-12-22;21;0
5;2025-12-22;22;0
5;2025-12-22;23;0
5;2025-12-23;0;0
5;2025-12-23;1;0
5;2025-12-23;2;0
5;2025-12-23;3;0
5;2025-12-23;4;0
5;2025-12-23;5;0
5;2025-12-23;6;0
5;2025-12-23;7;0
5;2025-12-23;8;0
5;2025-12-23;9;0
5;2025-12-23;10;0
5;2025-12-23;11;0
5;2025-12-23;12;0
5;2025-12-23;13;0
5;2025-12-23;14;0
5;2025-12-23;15;0
5;2025-12-23;16;0
5;2025-12-23;17;0
5;2025-12-23;18;0
5;2025-12-23;19;0
5;2025-12-23;20;0
5;2025-12-23;21;0
5;2025-12-23;22;0
5;2025-12-23;23;0
5;2025-12-24;0;0
5;2025-12-24;1;0
5;2025-12-24;2;0
5;2025-12-24;3;0
5;2025-12-24;4;0
5;2025-12-24;5;0
5;2025-12-24;6;0
5;2025-12-24;7;0
5;2025-12-24;8;0
5;2025-12-24;9;0
5;2025-12-24;10;0
5;2025-12-24;11;0
5;2025-12-24;12;0
5;2025-12-24;13;0
5;2025-12-24;14;0
5;2025-12-24;15;0
5;2025-12-24;16;0
5;2025-12-24;17;0
5;2025-12-24;18;0
5;2025-12-24;19;0
5;2025-12-24;20;0
5;2025-12-24;21;0
5;2025-12-24;22;0
5;2025-12-24;23;0
5;2025-12-25;0;0
5;2025-12-25;1;0
5;2025-12-25;2;0
5;2025-12-25;3;0
5;2025-12-25;4;0
5;2025-12-25;5;0
5;2025-12-25;6;0
5;2025-12-25;7;0
5;2025-12-25;8;0
5;2025-12-25;9;0
5;2025-12-25;10;0
5;2025-12-25;11;0
5;2025-12-25;12;0
5;2025-12-25;13;0
5;2025-12-25;14;0
5;2025-12-25;15;0
5;2025-12-25;16;0
5;2025-12-25;17;0
5;2025-12-25;18;0
5;2025-12-25;19;0
5;2025-12-25;20;0
5;2025-12-25;21;0
5;2025-12-25;22;0
5;2025-12-25;23;0
5;2025-12-26;0;0
5;2025-12-26;1;0
5;2025-12-26;2;0
5;2025-12-26;3;0
5;2025-12-26;4;0
5;2025-12-26;5;0
5;2025-12-26;6;0
5;2025-12-26;7;0
5;2025-12-26;8;0
5;2025-12-26;9;0
5;2025-12-26;10;0
5;2025-12-26;11;0
5;2025-12-26;12;0
5;2025-12-26;13;0
5;2025-12-26;14;0
5;2025-12-26;15;0
5;2025-12-26;16;0
5;2025-12-26;17;0
5;2025-12-26;18;0
5;2025-12-26;19;0
5;2025-12-26;20;0
5;2025-12-26;21;0
5;2025-12-26;22;0
5;2025-12-26;23;0
5;2025-12-27;0;0
5;2025-12-27;1;0
5;2025-12-27;2;0
5;2025-12-27;3;0
5;2025-12-27;4;0
5;2025-12-27;5;0
5;2025-12-27;6;0
5;2025-12-27;7;0
5;2025-12-27;8;0
5;2025-12-27;9;0
5;2025-12-27;10;0
5;2025-12-27;11;0
5;2025-12-27;12;0
5;2025-12-27;13;0
5;2025-12-27;14;0
5;2025-12-27;15;0
5;2025-12-27;16;0
5;2025-12-27;17;0
5;2025-12-27;18;0
5;2025-12-27;19;0
5;2025-12-27;20;0
5;2025-12-27;21;0
5;2025-12-27;22;0
5;2025-12-27;23;0
5;2025-12-28;0;0
5;2025-12-28;1;0
5;2025-12-28;2;0
5;2025-12-28;3;0
5;2025-12-28;4;0
5;2025-12-28;5;0
5;2025-12-28;6;0
5;2025-12-28;7;0
5;2025-12-28;8;0
5;2025-12-28;9;0
5;2025-12-28;10;0
5;2025-12-28;11;0
5;2025-12-28;12;0
5;2025-12-28;13;0
5;2025-12-28;14;0
5;2025-12-28;15;0
5;2025-12-28;16;0
5;2025-12-28;17;0
5;2025-12-28;18;0
5;2025-12-28;19;0
5;2025-12-28;20;0
5;2025-12-28;21;0
5;2025-12-28;22;0
5;2025-12-28;23;0
5;2025-12-29;0;0
5;2025-12-29;1;0
5;2025-12-29;2;0
5;2025-12-29;3;0
5;2025-12-29;4;0
5;2025-12-29;5;0
5;2025-12-29;6;0
5;2025-12-29;7;0
5;2025-12-29;8;0
5;2025-12-29;9;0
5;2025-12-29;10;0
5;2025-12-29;11;0
5;2025-12-29;12;0
5;2025-12-29;13;0
5;2025-12-29;14;0
5;2025-12-29;15;0
5;2025-12-29;16;0
5;2025-12-29;17;0
5;2025-12-29;18;0
5;2025-12-29;19;0
5;2025-12-29;20;0
5;2025-12-29;21;0
5;2025-12-29;22;0
5;2025-12-29;23;0
5;2025-12-30;0;0
5;2025-12-30;1;0
5;2025-12-30;2;0
5;2025-12-30;3;0
5;2025-12-30;4;0
5;2025-12-30;5;0
5;2025-12-30;6;0
5;2025-12-30;7;0
5;2025-12-30;8;0
5;2025-12-30;9;0
5;2025-12-30;10;0
5;2025-12-30;11;0
5;2025-12-30;12;0
5;2025-12-30;13;0
5;2025-12-30;14;0
5;2025-12-30;15;0
5;2025-12-30;16;0
5;2025-12-30;17;0
5;2025-12-30;18;0
5;2025-12-30;19;0
5;2025-12-30;20;0
5;2025-12-30;21;0
5;2025-12-30;22;0
5;2025-12-30;23;0
5;2025-12-31;0;0
5;2025-12-31;1;0
5;2025-12-31;2;0
5;2025-12-31;3;0
5;2025-12-31;4;0
5;2025-12-31;5;0
5;2025-12-31;6;0
5;2025-12-31;7;0
5;2025-12-31;8;0
5;2025-12-31;9;0
5;2025-12-31;10;0
5;2025-12-31;11;0
5;2025-12-31;12;0
5;2025-12-31;13;0
5;2025-12-31;14;0
5;2025-12-31;15;0
5;2025-12-31;16;0
5;2025-12-31;17;0
5;2025-12-31;18;0
5;2025-12-31;19;0
5;2025-12-31;20;0
5;2025-12-31;21;0
5;2025-12-31;22;0
5;2025-12-31;23;0
7;2025-11-01;0;257
7;2025-11-01;1;94
7;2025-11-01;2;0
7;2025-11-01;3;0
7;2025-11-01;4;15
7;2025-11-01;5;296
7;2025-11-01;6;1052
7;2025-11-01;7;1366
7;2025-11-01;8;1484
7;2025-11-01;9;1584
7;2025-11-01;10;1733
7;2025-11-01;11;1863
7;2025-11-01;12;1832
7;2025-11-01;13;2121
7;2025-11-01;14;1972
7;2025-11-01;15;2067
7;2025-11-01;16;2185
7;2025-11-01;17;2073
7;2025-11-01;18;2159
7;2025-11-01;19;1739
7;2025-11-01;20;1738
7;2025-11-01;21;1460
7;2025-11-01;22;1037
7;2025-11-01;23;715
7;2025-11-02;0;101
7;2025-11-02;1;18
7;2025-11-02;2;0
7;2025-11-02;3;0
7;2025-11-02;4;1
7;2025-11-02;5;36
7;2025-11-02;6;188
7;2025-11-02;7;320
7;2025-11-02;8;513
7;2025-11-02;9;606
7;2025-11-02;10;673
7;2025-11-02;11;873
7;2025-11-02;12;899
7;2025-11-02;13;1027
7;2025-11-02;14;1052
7;2025-11-02;15;1000
7;2025-11-02;16;918
7;2025-11-02;17;944
7;2025-11-02;18;863
7;2025-11-02;19;749
7;2025-11-02;20;635
7;2025-11-02;21;485
7;2025-11-02;22;280
7;2025-11-02;23;163
7;2025-11-03;0;82
7;2025-11-03;1;17
7;2025-11-03;2;0
7;2025-11-03;3;0
7;2025-11-03;4;2
7;2025-11-03;5;133
7;2025-11-03;6;382
7;2025-11-03;7;579
7;2025-11-03;8;642
7;2025-11-03;9;793
7;2025-11-03;10;833
7;2025-11-03;11;917
7;2025-11-03;12;1025
7;2025-11-03;13;1038
7;2025-11-03;14;1018
7;2025-11-03;15;1024
7;2025-11-03;16;976
7;2025-11-03;17;1062
7;2025-11-03;18;970
7;2025-11-03;19;907
7;2025-11-03;20;691
7;2025-11-03;21;488
7;2025-11-03;22;308
7;2025-11-03;23;191
7;2025-11-04;0;96
7;2025-11-04;1;59
7;2025-11-04;2;0
7;2025-11-04;3;0
7;2025-11-04;4;2
7;2025-11-04;5;52
7;2025-11-04;6;242
7;2025-11-04;7;303
7;2025-11-04;8;543
7;2025-11-04;9;543
7;2025-11-04;10;586
7;2025-11-04;11;787
7;2025-11-04;12;955
7;2025-11-04;13;1071
7;2025-11-04;14;1011
7;2025-11-04;15;955
7;2025-11-04;16;901
7;2025-11-04;17;872
7;2025-11-04;18;852
7;2025-11-04;19;828
7;2025-11-04;20;572
7;2025-11-04;21;542
7;2025-11-04;22;339
7;2025-11-04;23;164
7;2025-11-05;0;59
7;2025-11-05;1;11
7;2025-11-05;2;0
7;2025-11-05;3;0
7;2025-11-05;4;2
7;2025-11-05;5;206
7;2025-11-05;6;710
7;2025-11-05;7;1579
7;2025-11-05;8;2550
7;2025-11-05;9;1906
7;2025-11-05;10;1671
7;2025-11-05;11;1458
7;2025-11-05;12;1510
7;2025-11-05;13;1513
7;2025-11-05;14;1568
7;2025-11-05;15;1726
7;2025-11-05;16;1792
7;2025-11-05;17;2327
7;2025-11-05;18;2550
7;2025-11-05;19;1686
7;2025-11-05;20;1083
7;2025-11-05;21;642
7;2025-11-05;22;349
7;2025-11-05;23;205
7;2025-11-06;0;65
7;2025-11-06;1;13
7;2025-11-06;2;0
7;2025-11-06;3;0
7;2025-11-06;4;2
7;2025-11-06;5;203
7;2025-11-06;6;697
7;2025-11-06;7;1611
7;2025-11-06;8;2473
7;2025-11-06;9;1824
7;2025-11-06;10;1568
7;2025-11-06;11;1398
7;2025-11-06;12;1461
7;2025-11-06;13;1506
7;2025-11-06;14;1614
7;2025-11-06;15;1633
7;2025-11-06;16;1782
7;2025-11-06;17;2249
7;2025-11-06;18;2658
7;2025-11-06;19;1677
7;2025-11-06;20;1084
7;2025-11-06;21;654
7;2025-11-06;22;322
7;2025-11-06;23;199
7;2025-11-07;0;69
7;2025-11-07;1;12
7;2025-11-07;2;0
7;2025-11-07;3;0
7;2025-11-07;4;2
7;2025-11-07;5;199
7;2025-11-07;6;599
7;2025-11-07;7;1520
7;2025-11-07;8;2358
7;2025-11-07;9;1750
7;2025-11-07;10;1512
7;2025-11-07;11;1433
7;2025-11-07;12;1548
7;2025-11-07;13;1632
7;2025-11-07;14;1652
7;2025-11-07;15;1770
7;2025-11-07;16;1984
7;2025-11-07;17;2152
7;2025-11-07;18;2040
7;2025-11-07;19;1437
7;2025-11-07;20;1018
7;2025-11-07;21;613
7;2025-11-07;22;346
7;2025-11-07;23;227
7;2025-11-08;0;96
7;2025-11-08;1;21
7;2025-11-08;2;0
7;2025-11-08;3;0
7;2025-11-08;4;1
7;2025-11-08;5;56
7;2025-11-08;6;279
7;2025-11-08;7;464
7;2025-11-08;8;694
7;2025-11-08;9;740
7;2025-11-08;10;842
7;2025-11-08;11;1011
7;2025-11-08;12;1071
7;2025-11-08;13;1102
7;2025-11-08;14;1063
7;2025-11-08;15;1134
7;2025-11-08;16;991
7;2025-11-08;17;946
7;2025-11-08;18;997
7;2025-11-08;19;1018
7;2025-11-08;20;769
7;2025-11-08;21;605
7;2025-11-08;22;326
7;2025-11-08;23;216
7;2025-11-09;0;101
7;2025-11-09;1;18
7;2025-11-09;2;0
7;2025-11-09;3;0
7;2025-11-09;4;1
7;2025-11-09;5;36
7;2025-11-09;6;188
7;2025-11-09;7;320
7;2025-11-09;8;513
7;2025-11-09;9;606
7;2025-11-09;10;673
7;2025-11-09;11;873
7;2025-11-09;12;899
7;2025-11-09;13;1027
7;2025-11-09;14;1052
7;2025-11-09;15;1000
7;2025-11-09;16;918
7;2025-11-09;17;944
7;2025-11-09;18;863
7;2025-11-09;19;749
7;2025-11-09;20;635
7;2025-11-09;21;485
7;2025-11-09;22;280
7;2025-11-09;23;163
7;2025-11-10;0;70
7;2025-11-10;1;12
7;2025-11-10;2;0
7;2025-11-10;3;0
7;2025-11-10;4;2
7;2025-11-10;5;202
7;2025-11-10;6;679
7;2025-11-10;7;1546
7;2025-11-10;8;2346
7;2025-11-10;9;1790
7;2025-11-10;10;1493
7;2025-11-10;11;1281
7;2025-11-10;12;1448
7;2025-11-10;13;1424
7;2025-11-10;14;1471
7;2025-11-10;15;1578
7;2025-11-10;16;1731
7;2025-11-10;17;2189
7;2025-11-10;18;2490
7;2025-11-10;19;1668
7;2025-11-10;20;1046
7;2025-11-10;21;580
7;2025-11-10;22;297
7;2025-11-10;23;170
7;2025-11-11;0;53
7;2025-11-11;1;11
7;2025-11-11;2;0
7;2025-11-11;3;0
7;2025-11-11;4;2
7;2025-11-11;5;209
7;2025-11-11;6;694
7;2025-11-11;7;1625
7;2025-11-11;8;2436
7;2025-11-11;9;1787
7;2025-11-11;10;1576
7;2025-11-11;11;1461
7;2025-11-11;12;1521
7;2025-11-11;13;1531
7;2025-11-11;14;1531
7;2025-11-11;15;1681
7;2025-11-11;16;1780
7;2025-11-11;17;2155
7;2025-11-11;18;2553
7;2025-11-11;19;1802
7;2025-11-11;20;1110
7;2025-11-11;21;659
7;2025-11-11;22;332
7;2025-11-11;23;186
7;2025-11-12;0;59
7;2025-11-12;1;11
7;2025-11-12;2;0
7;2025-11-12;3;0
7;2025-11-12;4;2
7;2025-11-12;5;206
7;2025-11-12;6;710
7;2025-11-12;7;1579
7;2025-11-12;8;2550
7;2025-11-12;9;1906
7;2025-11-12;10;1671
7;2025-11-12;11;1458
7;2025-11-12;12;1510
7;2025-11-12;13;1513
7;2025-11-12;14;1568
7;2025-11-12;15;1726
7;2025-11-12;16;1792
7;2025-11-12;17;2327
7;2025-11-12;18;2550
7;2025-11-12;19;1686
7;2025-11-12;20;1083
7;2025-11-12;21;642
7;2025-11-12;22;349
7;2025-11-12;23;205
7;2025-11-13;0;65
7;2025-11-13;1;13
7;2025-11-13;2;0
7;2025-11-13;3;0
7;2025-11-13;4;2
7;2025-11-13;5;203
7;2025-11-13;6;697
7;2025-11-13;7;1611
7;2025-11-13;8;2473
7;2025-11-13;9;1824
7;2025-11-13;10;1568
7;2025-11-13;11;1398
7;2025-11-13;12;1461
7;2025-11-13;13;1506
7;2025-11-13;14;1614
7;2025-11-13;15;1633
7;2025-11-13;16;1782
7;2025-11-13;17;2249
7;2025-11-13;18;2658
7;2025-11-13;19;1677
7;2025-11-13;20;1084
7;2025-11-13;21;654
7;2025-11-13;22;322
7;2025-11-13;23;199
7;2025-11-14;0;69
7;2025-11-14;1;12
7;2025-11-14;2;0
7;2025-11-14;3;0
7;2025-11-14;4;2
7;2025-11-14;5;199
7;2025-11-14;6;599
7;2025-11-14;7;1520
7;2025-11-14;8;2358
7;2025-11-14;9;1750
7;2025-11-14;10;1512
7;2025-11-14;11;1433
7;2025-11-14;12;1548
7;2025-11-14;13;1632
7;2025-11-14;14;1652
7;2025-11-14;15;1770
7;2025-11-14;16;1984
7;2025-11-14;17;2152
7;2025-11-14;18;2040
7;2025-11-14;19;1437
7;2025-11-14;20;1018
7;2025-11-14;21;613
7;2025-11-14;22;346
7;2025-11-14;23;227
7;2025-11-15;0;96
7;2025-11-15;1;21
7;2025-11-15;2;0
7;2025-11-15;3;0
7;2025-11-15;4;1
7;2025-11-15;5;56
7;2025-11-15;6;279
7;2025-11-15;7;464
7;2025-11-15;8;694
7;2025-11-15;9;740
7;2025-11-15;10;842
7;2025-11-15;11;1011
7;2025-11-15;12;1071
7;2025-11-15;13;1102
7;2025-11-15;14;1063
7;2025-11-15;15;1134
7;2025-11-15;16;991
7;2025-11-15;17;946
7;2025-11-15;18;997
7;2025-11-15;19;1018
7;2025-11-15;20;769
7;2025-11-15;21;605
7;2025-11-15;22;326
7;2025-11-15;23;216
7;2025-11-16;0;101
7;2025-11-16;1;18
7;2025-11-16;2;0
7;2025-11-16;3;0
7;2025-11-16;4;1
7;2025-11-16;5;36
7;2025-11-16;6;188
7;2025-11-16;7;320
7;2025-11-16;8;513
7;2025-11-16;9;606
7;2025-11-16;10;673
7;2025-11-16;11;873
7;2025-11-16;12;899
7;2025-11-16;13;1027
7;2025-11-16;14;1052
7;2025-11-16;15;1000
7;2025-11-16;16;918
7;2025-11-16;17;944
7;2025-11-16;18;863
7;2025-11-16;19;749
7;2025-11-16;20;635
7;2025-11-16;21;485
7;2025-11-16;22;280
7;2025-11-16;23;163
7;2025-11-17;0;70
7;2025-11-17;1;12
7;2025-11-17;2;0
7;2025-11-17;3;0
7;2025-11-17;4;2
7;2025-11-17;5;202
7;2025-11-17;6;679
7;2025-11-17;7;1546
7;2025-11-17;8;2346
7;2025-11-17;9;1790
7;2025-11-17;10;1493
7;2025-11-17;11;1281
7;2025-11-17;12;1448
7;2025-11-17;13;1424
7;2025-11-17;14;1471
7;2025-11-17;15;1578
7;2025-11-17;16;1731
7;2025-11-17;17;2189
7;2025-11-17;18;2490
7;2025-11-17;19;1668
7;2025-11-17;20;1046
7;2025-11-17;21;580
7;2025-11-17;22;297
7;2025-11-17;23;170
7;2025-11-18;0;53
7;2025-11-18;1;11
7;2025-11-18;2;0
7;2025-11-18;3;0
7;2025-11-18;4;2
7;2025-11-18;5;209
7;2025-11-18;6;694
7;2025-11-18;7;1625
7;2025-11-18;8;2436
7;2025-11-18;9;1787
7;2025-11-18;10;1576
7;2025-11-18;11;1461
7;2025-11-18;12;1521
7;2025-11-18;13;1531
7;2025-11-18;14;1531
7;2025-11-18;15;1681
7;2025-11-18;16;1780
7;2025-11-18;17;2155
7;2025-11-18;18;2553
7;2025-11-18;19;1802
7;2025-11-18;20;1110
7;2025-11-18;21;659
7;2025-11-18;22;332
7;2025-11-18;23;186
7;2025-11-19;0;59
7;2025-11-19;1;11
7;2025-11-19;2;0
7;2025-11-19;3;0
7;2025-11-19;4;2
7;2025-11-19;5;206
7;2025-11-19;6;710
7;2025-11-19;7;1579
7;2025-11-19;8;2550
7;2025-11-19;9;1906
7;2025-11-19;10;1671
7;2025-11-19;11;1458
7;2025-11-19;12;1510
7;2025-11-19;13;1513
7;2025-11-19;14;1568
7;2025-11-19;15;1726
7;2025-11-19;16;1792
7;2025-11-19;17;2327
7;2025-11-19;18;2550
7;2025-11-19;19;1686
7;2025-11-19;20;1083
7;2025-11-19;21;642
7;2025-11-19;22;349
7;2025-11-19;23;205
7;2025-11-20;0;65
7;2025-11-20;1;13
7;2025-11-20;2;0
7;2025-11-20;3;0
7;2025-11-20;4;2
7;2025-11-20;5;203
7;2025-11-20;6;697
7;2025-11-20;7;1611
7;2025-11-20;8;2473
7;2025-11-20;9;1824
7;2025-11-20;10;1568
7;2025-11-20;11;1398
7;2025-11-20;12;1461
7;2025-11-20;13;1506
7;2025-11-20;14;1614
7;2025-11-20;15;1633
7;2025-11-20;16;1782
7;2025-11-20;17;2249
7;2025-11-20;18;2658
7;2025-11-20;19;1677
7;2025-11-20;20;1084
7;2025-11-20;21;654
7;2025-11-20;22;322
7;2025-11-20;23;199
7;2025-11-21;0;69
7;2025-11-21;1;12
7;2025-11-21;2;0
7;2025-11-21;3;0
7;2025-11-21;4;2
7;2025-11-21;5;199
7;2025-11-21;6;599
7;2025-11-21;7;1520
7;2025-11-21;8;2358
7;2025-11-21;9;1750
7;2025-11-21;10;1512
7;2025-11-21;11;1433
7;2025-11-21;12;1548
7;2025-11-21;13;1632
7;2025-11-21;14;1652
7;2025-11-21;15;1770
7;2025-11-21;16;1984
7;2025-11-21;17;2152
7;2025-11-21;18;2040
7;2025-11-21;19;1437
7;2025-11-21;20;1018
7;2025-11-21;21;613
7;2025-11-21;22;346
7;2025-11-21;23;227
7;2025-11-22;0;96
7;2025-11-22;1;21
7;2025-11-22;2;0
7;2025-11-22;3;0
7;2025-11-22;4;1
7;2025-11-22;5;56
7;2025-11-22;6;279
7;2025-11-22;7;464
7;2025-11-22;8;694
7;2025-11-22;9;740
7;2025-11-22;10;842
7;2025-11-22;11;1011
7;2025-11-22;12;1071
7;2025-11-22;13;1102
7;2025-11-22;14;1063
7;2025-11-22;15;1134
7;2025-11-22;16;991
7;2025-11-22;17;946
7;2025-11-22;18;997
7;2025-11-22;19;1018
7;2025-11-22;20;769
7;2025-11-22;21;605
7;2025-11-22;22;326
7;2025-11-22;23;216
7;2025-11-23;0;101
7;2025-11-23;1;18
7;2025-11-23;2;0
7;2025-11-23;3;0
7;2025-11-23;4;1
7;2025-11-23;5;36
7;2025-11-23;6;188
7;2025-11-23;7;320
7;2025-11-23;8;513
7;2025-11-23;9;606
7;2025-11-23;10;673
7;2025-11-23;11;873
7;2025-11-23;12;899
7;2025-11-23;13;1027
7;2025-11-23;14;1052
7;2025-11-23;15;1000
7;2025-11-23;16;918
7;2025-11-23;17;944
7;2025-11-23;18;863
7;2025-11-23;19;749
7;2025-11-23;20;635
7;2025-11-23;21;485
7;2025-11-23;22;280
7;2025-11-23;23;163
7;2025-11-24;0;70
7;2025-11-24;1;12
7;2025-11-24;2;0
7;2025-11-24;3;0
7;2025-11-24;4;2
7;2025-11-24;5;202
7;2025-11-24;6;679
7;2025-11-24;7;1546
7;2025-11-24;8;2346
7;2025-11-24;9;1790
7;2025-11-24;10;1493
7;2025-11-24;11;1281
7;2025-11-24;12;1448
7;2025-11-24;13;1424
7;2025-11-24;14;1471
7;2025-11-24;15;1578
7;2025-11-24;16;1731
7;2025-11-24;17;2189
7;2025-11-24;18;2490
7;2025-11-24;19;1668
7;2025-11-24;20;1046
7;2025-11-24;21;580
7;2025-11-24;22;297
7;2025-11-24;23;170
7;2025-11-25;0;53
7;2025-11-25;1;11
7;2025-11-25;2;0
7;2025-11-25;3;0
7;2025-11-25;4;2
7;2025-11-25;5;209
7;2025-11-25;6;694
7;2025-11-25;7;1625
7;2025-11-25;8;2436
7;2025-11-25;9;1787
7;2025-11-25;10;1576
7;2025-11-25;11;1461
7;2025-11-25;12;1521
7;2025-11-25;13;1531
7;2025-11-25;14;1531
7;2025-11-25;15;1681
7;2025-11-25;16;1780
7;2025-11-25;17;2155
7;2025-11-25;18;2553
7;2025-11-25;19;1802
7;2025-11-25;20;1110
7;2025-11-25;21;659
7;2025-11-25;22;332
7;2025-11-25;23;186
7;2025-11-26;0;59
7;2025-11-26;1;11
7;2025-11-26;2;0
7;2025-11-26;3;0
7;2025-11-26;4;2
7;2025-11-26;5;206
7;2025-11-26;6;710
7;2025-11-26;7;1579
7;2025-11-26;8;2550
7;2025-11-26;9;1906
7;2025-11-26;10;1671
7;2025-11-26;11;1458
7;2025-11-26;12;1510
7;2025-11-26;13;1513
7;2025-11-26;14;1568
7;2025-11-26;15;1726
7;2025-11-26;16;1792
7;2025-11-26;17;2327
7;2025-11-26;18;2550
7;2025-11-26;19;1686
7;2025-11-26;20;1083
7;2025-11-26;21;642
7;2025-11-26;22;349
7;2025-11-26;23;205
7;2025-11-27;0;65
7;2025-11-27;1;13
7;2025-11-27;2;0
7;2025-11-27;3;0
7;2025-11-27;4;2
7;2025-11-27;5;203
7;2025-11-27;6;697
7;2025-11-27;7;1611
7;2025-11-27;8;2473
7;2025-11-27;9;1824
7;2025-11-27;10;1568
7;2025-11-27;11;1398
7;2025-11-27;12;1461
7;2025-11-27;13;1506
7;2025-11-27;14;1614
7;2025-11-27;15;1633
7;2025-11-27;16;1782
7;2025-11-27;17;2249
7;2025-11-27;18;2658
7;2025-11-27;19;1677
7;2025-11-27;20;1084
7;2025-11-27;21;654
7;2025-11-27;22;322
7;2025-11-27;23;199
7;2025-11-28;0;69
7;2025-11-28;1;12
7;2025-11-28;2;0
7;2025-11-28;3;0
7;2025-11-28;4;2
7;2025-11-28;5;199
7;2025-11-28;6;599
7;2025-11-28;7;1520
7;2025-11-28;8;2358
7;2025-11-28;9;1750
7;2025-11-28;10;1512
7;2025-11-28;11;1433
7;2025-11-28;12;1548
7;2025-11-28;13;1632
7;2025-11-28;14;1652
7;2025-11-28;15;1770
7;2025-11-28;16;1984
7;2025-11-28;17;2152
7;2025-11-28;18;2040
7;2025-11-28;19;1437
7;2025-11-28;20;1018
7;2025-11-28;21;613
7;2025-11-28;22;346
7;2025-11-28;23;227
7;2025-11-29;0;96
7;2025-11-29;1;21
7;2025-11-29;2;0
7;2025-11-29;3;0
7;2025-11-29;4;1
7;2025-11-29;5;56
7;2025-11-29;6;279
7;2025-11-29;7;464
7;2025-11-29;8;694
7;2025-11-29;9;740
7;2025-11-29;10;842
7;2025-11-29;11;1011
7;2025-11-29;12;1071
7;2025-11-29;13;1102
7;2025-11-29;14;1063
7;2025-11-29;15;1134
7;2025-11-29;16;991
7;2025-11-29;17;946
7;2025-11-29;18;997
7;2025-11-29;19;1018
7;2025-11-29;20;769
7;2025-11-29;21;605
7;2025-11-29;22;326
7;2025-11-29;23;216
7;2025-11-30;0;101
7;2025-11-30;1;18
7;2025-11-30;2;0
7;2025-11-30;3;0
7;2025-11-30;4;1
7;2025-11-30;5;36
7;2025-11-30;6;188
7;2025-11-30;7;320
7;2025-11-30;8;513
7;2025-11-30;9;606
7;2025-11-30;10;673
7;2025-11-30;11;873
7;2025-11-30;12;899
7;2025-11-30;13;1027
7;2025-11-30;14;1052
7;2025-11-30;15;1000
7;2025-11-30;16;918
7;2025-11-30;17;944
7;2025-11-30;18;863
7;2025-11-30;19;749
7;2025-11-30;20;635
7;2025-11-30;21;485
7;2025-11-30;22;280
7;2025-11-30;23;163
7;2025-12-01;0;70
7;2025-12-01;1;12
7;2025-12-01;2;0
7;2025-12-01;3;0
7;2025-12-01;4;2
7;2025-12-01;5;202
7;2025-12-01;6;679
7;2025-12-01;7;1546
7;2025-12-01;8;2346
7;2025-12-01;9;1790
7;2025-12-01;10;1493
7;2025-12-01;11;1281
7;2025-12-01;12;1448
7;2025-12-01;13;1424
7;2025-12-01;14;1471
7;2025-12-01;15;1578
7;2025-12-01;16;1731
7;2025-12-01;17;2189
7;2025-12-01;18;2490
7;2025-12-01;19;1668
7;2025-12-01;20;1046
7;2025-12-01;21;580
7;2025-12-01;22;297
7;2025-12-01;23;170
7;2025-12-02;0;53
7;2025-12-02;1;11
7;2025-12-02;2;0
7;2025-12-02;3;0
7;2025-12-02;4;2
7;2025-12-02;5;209
7;2025-12-02;6;694
7;2025-12-02;7;1625
7;2025-12-02;8;2436
7;2025-12-02;9;1787
7;2025-12-02;10;1576
7;2025-12-02;11;1461
7;2025-12-02;12;1521
7;2025-12-02;13;1531
7;2025-12-02;14;1531
7;2025-12-02;15;1681
7;2025-12-02;16;1780
7;2025-12-02;17;2155
7;2025-12-02;18;2553
7;2025-12-02;19;1802
7;2025-12-02;20;1110
7;2025-12-02;21;659
7;2025-12-02;22;332
7;2025-12-02;23;186
7;2025-12-03;0;59
7;2025-12-03;1;11
7;2025-12-03;2;0
7;2025-12-03;3;0
7;2025-12-03;4;2
7;2025-12-03;5;206
7;2025-12-03;6;710
7;2025-12-03;7;1579
7;2025-12-03;8;2550
7;2025-12-03;9;1906
7;2025-12-03;10;1671
7;2025-12-03;11;1458
7;2025-12-03;12;1510
7;2025-12-03;13;1513
7;2025-12-03;14;1568
7;2025-12-03;15;1726
7;2025-12-03;16;1792
7;2025-12-03;17;2327
7;2025-12-03;18;2550
7;2025-12-03;19;1686
7;2025-12-03;20;1083
7;2025-12-03;21;642
7;2025-12-03;22;349
7;2025-12-03;23;205
7;2025-12-04;0;65
7;2025-12-04;1;13
7;2025-12-04;2;0
7;2025-12-04;3;0
7;2025-12-04;4;2
7;2025-12-04;5;203
7;2025-12-04;6;697
7;2025-12-04;7;1611
7;2025-12-04;8;2473
7;2025-12-04;9;1824
7;2025-12-04;10;1568
7;2025-12-04;11;1398
7;2025-12-04;12;1461
7;2025-12-04;13;1506
7;2025-12-04;14;1614
7;2025-12-04;15;1633
7;2025-12-04;16;1782
7;2025-12-04;17;2249
7;2025-12-04;18;2658
7;2025-12-04;19;1677
7;2025-12-04;20;1084
7;2025-12-04;21;654
7;2025-12-04;22;322
7;2025-12-04;23;199
7;2025-12-05;0;69
7;2025-12-05;1;12
7;2025-12-05;2;0
7;2025-12-05;3;0
7;2025-12-05;4;2
7;2025-12-05;5;199
7;2025-12-05;6;599
7;2025-12-05;7;1520
7;2025-12-05;8;2358
7;2025-12-05;9;1750
7;2025-12-05;10;1512
7;2025-12-05;11;1433
7;2025-12-05;12;1548
7;2025-12-05;13;1632
7;2025-12-05;14;1652
7;2025-12-05;15;1770
7;2025-12-05;16;1984
7;2025-12-05;17;2152
7;2025-12-05;18;2040
7;2025-12-05;19;1437
7;2025-12-05;20;1018
7;2025-12-05;21;613
7;2025-12-05;22;346
7;2025-12-05;23;227
7;2025-12-06;0;96
7;2025-12-06;1;21
7;2025-12-06;2;0
7;2025-12-06;3;0
7;2025-12-06;4;1
7;2025-12-06;5;56
7;2025-12-06;6;279
7;2025-12-06;7;464
7;2025-12-06;8;694
7;2025-12-06;9;740
7;2025-12-06;10;842
7;2025-12-06;11;1011
7;2025-12-06;12;1071
7;2025-12-06;13;1102
7;2025-12-06;14;1063
7;2025-12-06;15;1134
7;2025-12-06;16;991
7;2025-12-06;17;946
7;2025-12-06;18;997
7;2025-12-06;19;1018
7;2025-12-06;20;769
7;2025-12-06;21;605
7;2025-12-06;22;326
7;2025-12-06;23;216
7;2025-12-07;0;101
7;2025-12-07;1;18
7;2025-12-07;2;0
7;2025-12-07;3;0
7;2025-12-07;4;1
7;2025-12-07;5;36
7;2025-12-07;6;188
7;2025-12-07;7;320
7;2025-12-07;8;513
7;2025-12-07;9;606
7;2025-12-07;10;673
7;2025-12-07;11;873
7;2025-12-07;12;899
7;2025-12-07;13;1027
7;2025-12-07;14;1052
7;2025-12-07;15;1000
7;2025-12-07;16;918
7;2025-12-07;17;944
7;2025-12-07;18;863
7;2025-12-07;19;749
7;2025-12-07;20;635
7;2025-12-07;21;485
7;2025-12-07;22;280
7;2025-12-07;23;163
7;2025-12-08;0;70
7;2025-12-08;1;12
7;2025-12-08;2;0
7;2025-12-08;3;0
7;2025-12-08;4;2
7;2025-12-08;5;202
7;2025-12-08;6;679
7;2025-12-08;7;1546
7;2025-12-08;8;2346
7;2025-12-08;9;1790
7;2025-12-08;10;1493
7;2025-12-08;11;1281
7;2025-12-08;12;1448
7;2025-12-08;13;1424
7;2025-12-08;14;1471
7;2025-12-08;15;1578
7;2025-12-08;16;1731
7;2025-12-08;17;2189
7;2025-12-08;18;2490
7;2025-12-08;19;1668
7;2025-12-08;20;1046
7;2025-12-08;21;580
7;2025-12-08;22;297
7;2025-12-08;23;170
7;2025-12-09;0;53
7;2025-12-09;1;11
7;2025-12-09;2;0
7;2025-12-09;3;0
7;2025-12-09;4;2
7;2025-12-09;5;209
7;2025-12-09;6;694
7;2025-12-09;7;1625
7;2025-12-09;8;2436
7;2025-12-09;9;1787
7;2025-12-09;10;1576
7;2025-12-09;11;1461
7;2025-12-09;12;1521
7;2025-12-09;13;1531
7;2025-12-09;14;1531
7;2025-12-09;15;1681
7;2025-12-09;16;1780
7;2025-12-09;17;2155
7;2025-12-09;18;2553
7;2025-12-09;19;1802
7;2025-12-09;20;1110
7;2025-12-09;21;659
7;2025-12-09;22;332
7;2025-12-09;23;186
7;2025-12-10;0;59
7;2025-12-10;1;11
7;2025-12-10;2;0
7;2025-12-10;3;0
7;2025-12-10;4;2
7;2025-12-10;5;206
7;2025-12-10;6;710
7;2025-12-10;7;1579
7;2025-12-10;8;2550
7;2025-12-10;9;1906
7;2025-12-10;10;1671
7;2025-12-10;11;1458
7;2025-12-10;12;1510
7;2025-12-10;13;1513
7;2025-12-10;14;1568
7;2025-12-10;15;1726
7;2025-12-10;16;1792
7;2025-12-10;17;2327
7;2025-12-10;18;2550
7;2025-12-10;19;1686
7;2025-12-10;20;1083
7;2025-12-10;21;642
7;2025-12-10;22;349
7;2025-12-10;23;205
7;2025-12-11;0;65
7;2025-12-11;1;13
7;2025-12-11;2;0
7;2025-12-11;3;0
7;2025-12-11;4;2
7;2025-12-11;5;203
7;2025-12-11;6;697
7;2025-12-11;7;1611
7;2025-12-11;8;2473
7;2025-12-11;9;1824
7;2025-12-11;10;1568
7;2025-12-11;11;1398
7;2025-12-11;12;1461
7;2025-12-11;13;1506
7;2025-12-11;14;1614
7;2025-12-11;15;1633
7;2025-12-11;16;1782
7;2025-12-11;17;2249
7;2025-12-11;18;2658
7;2025-12-11;19;1677
7;2025-12-11;20;1084
7;2025-12-11;21;654
7;2025-12-11;22;322
7;2025-12-11;23;199
7;2025-12-12;0;69
7;2025-12-12;1;12
7;2025-12-12;2;0
7;2025-12-12;3;0
7;2025-12-12;4;2
7;2025-12-12;5;199
7;2025-12-12;6;599
7;2025-12-12;7;1520
7;2025-12-12;8;2358
7;2025-12-12;9;1750
7;2025-12-12;10;1512
7;2025-12-12;11;1433
7;2025-12-12;12;1548
7;2025-12-12;13;1632
7;2025-12-12;14;1652
7;2025-12-12;15;1770
7;2025-12-12;16;1984
7;2025-12-12;17;2152
7;2025-12-12;18;2040
7;2025-12-12;19;1437
7;2025-12-12;20;1018
7;2025-12-12;21;613
7;2025-12-12;22;346
7;2025-12-12;23;227
7;2025-12-13;0;96
7;2025-12-13;1;21
7;2025-12-13;2;0
7;2025-12-13;3;0
7;2025-12-13;4;1
7;2025-12-13;5;56
7;2025-12-13;6;279
7;2025-12-13;7;464
7;2025-12-13;8;694
7;2025-12-13;9;740
7;2025-12-13;10;842
7;2025-12-13;11;1011
7;2025-12-13;12;1071
7;2025-12-13;13;1102
7;2025-12-13;14;1063
7;2025-12-13;15;1134
7;2025-12-13;16;991
7;2025-12-13;17;946
7;2025-12-13;18;997
7;2025-12-13;19;1018
7;2025-12-13;20;769
7;2025-12-13;21;605
7;2025-12-13;22;326
7;2025-12-13;23;216
7;2025-12-14;0;101
7;2025-12-14;1;18
7;2025-12-14;2;0
7;2025-12-14;3;0
7;2025-12-14;4;1
7;2025-12-14;5;36
7;2025-12-14;6;188
7;2025-12-14;7;320
7;2025-12-14;8;513
7;2025-12-14;9;606
7;2025-12-14;10;673
7;2025-12-14;11;873
7;2025-12-14;12;899
7;2025-12-14;13;1027
7;2025-12-14;14;1052
7;2025-12-14;15;1000
7;2025-12-14;16;918
7;2025-12-14;17;944
7;2025-12-14;18;863
7;2025-12-14;19;749
7;2025-12-14;20;635
7;2025-12-14;21;485
7;2025-12-14;22;280
7;2025-12-14;23;163
7;2025-12-15;0;70
7;2025-12-15;1;12
7;2025-12-15;2;0
7;2025-12-15;3;0
7;2025-12-15;4;2
7;2025-12-15;5;202
7;2025-12-15;6;679
7;2025-12-15;7;1546
7;2025-12-15;8;2346
7;2025-12-15;9;1790
7;2025-12-15;10;1493
7;2025-12-15;11;1281
7;2025-12-15;12;1448
7;2025-12-15;13;1424
7;2025-12-15;14;1471
7;2025-12-15;15;1578
7;2025-12-15;16;1731
7;2025-12-15;17;2189
7;2025-12-15;18;2490
7;2025-12-15;19;1668
7;2025-12-15;20;1046
7;2025-12-15;21;580
7;2025-12-15;22;297
7;2025-12-15;23;170
7;2025-12-16;0;53
7;2025-12-16;1;11
7;2025-12-16;2;0
7;2025-12-16;3;0
7;2025-12-16;4;2
7;2025-12-16;5;209
7;2025-12-16;6;694
7;2025-12-16;7;1625
7;2025-12-16;8;2436
7;2025-12-16;9;1787
7;2025-12-16;10;1576
7;2025-12-16;11;1461
7;2025-12-16;12;1521
7;2025-12-16;13;1531
7;2025-12-16;14;1531
7;2025-12-16;15;1681
7;2025-12-16;16;1780
7;2025-12-16;17;2155
7;2025-12-16;18;2553
7;2025-12-16;19;1802
7;2025-12-16;20;1110
7;2025-12-16;21;659
7;2025-12-16;22;332
7;2025-12-16;23;186
7;2025-12-17;0;59
7;2025-12-17;1;11
7;2025-12-17;2;0
7;2025-12-17;3;0
7;2025-12-17;4;2
7;2025-12-17;5;206
7;2025-12-17;6;710
7;2025-12-17;7;1579
7;2025-12-17;8;2550
7;2025-12-17;9;1906
7;2025-12-17;10;1671
7;2025-12-17;11;1458
7;2025-12-17;12;1510
7;2025-12-17;13;1513
7;2025-12-17;14;1568
7;2025-12-17;15;1726
7;2025-12-17;16;1792
7;2025-12-17;17;2327
7;2025-12-17;18;2550
7;2025-12-17;19;1686
7;2025-12-17;20;1083
7;2025-12-17;21;642
7;2025-12-17;22;349
7;2025-12-17;23;205
7;2025-12-18;0;65
7;2025-12-18;1;13
7;2025-12-18;2;0
7;2025-12-18;3;0
7;2025-12-18;4;2
7;2025-12-18;5;203
7;2025-12-18;6;697
7;2025-12-18;7;1611
7;2025-12-18;8;2473
7;2025-12-18;9;1824
7;2025-12-18;10;1568
7;2025-12-18;11;1398
7;2025-12-18;12;1461
7;2025-12-18;13;1506
7;2025-12-18;14;1614
7;2025-12-18;15;1633
7;2025-12-18;16;1782
7;2025-12-18;17;2249
7;2025-12-18;18;2658
7;2025-12-18;19;1677
7;2025-12-18;20;1084
7;2025-12-18;21;654
7;2025-12-18;22;322
7;2025-12-18;23;199
7;2025-12-19;0;69
7;2025-12-19;1;12
7;2025-12-19;2;0
7;2025-12-19;3;0
7;2025-12-19;4;2
7;2025-12-19;5;199
7;2025-12-19;6;599
7;2025-12-19;7;1520
7;2025-12-19;8;2358
7;2025-12-19;9;1750
7;2025-12-19;10;1512
7;2025-12-19;11;1433
7;2025-12-19;12;1548
7;2025-12-19;13;1632
7;2025-12-19;14;1652
7;2025-12-19;15;1770
7;2025-12-19;16;1984
7;2025-12-19;17;2152
7;2025-12-19;18;2040
7;2025-12-19;19;1437
7;2025-12-19;20;1018
7;2025-12-19;21;613
7;2025-12-19;22;346
7;2025-12-19;23;227
7;2025-12-20;0;96
7;2025-12-20;1;21
7;2025-12-20;2;0
7;2025-12-20;3;0
7;2025-12-20;4;1
7;2025-12-20;5;56
7;2025-12-20;6;279
7;2025-12-20;7;464
7;2025-12-20;8;694
7;2025-12-20;9;740
7;2025-12-20;10;842
7;2025-12-20;11;1011
7;2025-12-20;12;1071
7;2025-12-20;13;1102
7;2025-12-20;14;1063
7;2025-12-20;15;1134
7;2025-12-20;16;991
7;2025-12-20;17;946
7;2025-12-20;18;997
7;2025-12-20;19;1018
7;2025-12-20;20;769
7;2025-12-20;21;605
7;2025-12-20;22;326
7;2025-12-20;23;216
7;2025-12-21;0;101
7;2025-12-21;1;18
7;2025-12-21;2;0
7;2025-12-21;3;0
7;2025-12-21;4;1
7;2025-12-21;5;36
7;2025-12-21;6;188
7;2025-12-21;7;320
7;2025-12-21;8;513
7;2025-12-21;9;606
7;2025-12-21;10;673
7;2025-12-21;11;873
7;2025-12-21;12;899
7;2025-12-21;13;1027
7;2025-12-21;14;1052
7;2025-12-21;15;1000
7;2025-12-21;16;918
7;2025-12-21;17;944
7;2025-12-21;18;863
7;2025-12-21;19;749
7;2025-12-21;20;635
7;2025-12-21;21;485
7;2025-12-21;22;280
7;2025-12-21;23;163
7;2025-12-22;0;70
7;2025-12-22;1;12
7;2025-12-22;2;0
7;2025-12-22;3;0
7;2025-12-22;4;2
7;2025-12-22;5;202
7;2025-12-22;6;679
7;2025-12-22;7;1546
7;2025-12-22;8;2346
7;2025-12-22;9;1790
7;2025-12-22;10;1493
7;2025-12-22;11;1281
7;2025-12-22;12;1448
7;2025-12-22;13;1424
7;2025-12-22;14;1471
7;2025-12-22;15;1578
7;2025-12-22;16;1731
7;2025-12-22;17;2189
7;2025-12-22;18;2490
7;2025-12-22;19;1668
7;2025-12-22;20;1046
7;2025-12-22;21;580
7;2025-12-22;22;297
7;2025-12-22;23;170
7;2025-12-23;0;53
7;2025-12-23;1;11
7;2025-12-23;2;0
7;2025-12-23;3;0
7;2025-12-23;4;2
7;2025-12-23;5;209
7;2025-12-23;6;694
7;2025-12-23;7;1625
7;2025-12-23;8;2436
7;2025-12-23;9;1787
7;2025-12-23;10;1576
7;2025-12-23;11;1461
7;2025-12-23;12;1521
7;2025-12-23;13;1531
7;2025-12-23;14;1531
7;2025-12-23;15;1681
7;2025-12-23;16;1780
7;2025-12-23;17;2155
7;2025-12-23;18;2553
7;2025-12-23;19;1802
7;2025-12-23;20;1110
7;2025-12-23;21;659
7;2025-12-23;22;332
7;2025-12-23;23;186
7;2025-12-24;0;59
7;2025-12-24;1;11
7;2025-12-24;2;0
7;2025-12-24;3;0
7;2025-12-24;4;2
7;2025-12-24;5;206
7;2025-12-24;6;710
7;2025-12-24;7;1579
7;2025-12-24;8;2550
7;2025-12-24;9;1906
7;2025-12-24;10;1671
7;2025-12-24;11;1458
7;2025-12-24;12;1510
7;2025-12-24;13;1513
7;2025-12-24;14;1568
7;2025-12-24;15;1726
7;2025-12-24;16;1792
7;2025-12-24;17;2327
7;2025-12-24;18;2550
7;2025-12-24;19;1686
7;2025-12-24;20;1083
7;2025-12-24;21;642
7;2025-12-24;22;349
7;2025-12-24;23;205
7;2025-12-25;0;65
7;2025-12-25;1;13
7;2025-12-25;2;0
7;2025-12-25;3;0
7;2025-12-25;4;2
7;2025-12-25;5;203
7;2025-12-25;6;697
7;2025-12-25;7;1611
7;2025-12-25;8;2473
7;2025-12-25;9;1824
7;2025-12-25;10;1568
7;2025-12-25;11;1398
7;2025-12-25;12;1461
7;2025-12-25;13;1506
7;2025-12-25;14;1614
7;2025-12-25;15;1633
7;2025-12-25;16;1782
7;2025-12-25;17;2249
7;2025-12-25;18;2658
7;2025-12-25;19;1677
7;2025-12-25;20;1084
7;2025-12-25;21;654
7;2025-12-25;22;322
7;2025-12-25;23;199
7;2025-12-26;0;69
7;2025-12-26;1;12
7;2025-12-26;2;0
7;2025-12-26;3;0
7;2025-12-26;4;2
7;2025-12-26;5;199
7;2025-12-26;6;599
7;2025-12-26;7;1520
7;2025-12-26;8;2358
7;2025-12-26;9;1750
7;2025-12-26;10;1512
7;2025-12-26;11;1433
7;2025-12-26;12;1548
7;2025-12-26;13;1632
7;2025-12-26;14;1652
7;2025-12-26;15;1770
7;2025-12-26;16;1984
7;2025-12-26;17;2152
7;2025-12-26;18;2040
7;2025-12-26;19;1437
7;2025-12-26;20;1018
7;2025-12-26;21;613
7;2025-12-26;22;346
7;2025-12-26;23;227
7;2025-12-27;0;96
7;2025-12-27;1;21
7;2025-12-27;2;0
7;2025-12-27;3;0
7;2025-12-27;4;1
7;2025-12-27;5;56
7;2025-12-27;6;279
7;2025-12-27;7;464
7;2025-12-27;8;694
7;2025-12-27;9;740
7;2025-12-27;10;842
7;2025-12-27;11;1011
7;2025-12-27;12;1071
7;2025-12-27;13;1102
7;2025-12-27;14;1063
7;2025-12-27;15;1134
7;2025-12-27;16;991
7;2025-12-27;17;946
7;2025-12-27;18;997
7;2025-12-27;19;1018
7;2025-12-27;20;769
7;2025-12-27;21;605
7;2025-12-27;22;326
7;2025-12-27;23;216
7;2025-12-28;0;101
7;2025-12-28;1;18
7;2025-12-28;2;0
7;2025-12-28;3;0
7;2025-12-28;4;1
7;2025-12-28;5;36
7;2025-12-28;6;188
7;2025-12-28;7;320
7;2025-12-28;8;513
7;2025-12-28;9;606
7;2025-12-28;10;673
7;2025-12-28;11;873
7;2025-12-28;12;899
7;2025-12-28;13;1027
7;2025-12-28;14;1052
7;2025-12-28;15;1000
7;2025-12-28;16;918
7;2025-12-28;17;944
7;2025-12-28;18;863
7;2025-12-28;19;749
7;2025-12-28;20;635
7;2025-12-28;21;485
7;2025-12-28;22;280
7;2025-12-28;23;163
7;2025-12-29;0;70
7;2025-12-29;1;12
7;2025-12-29;2;0
7;2025-12-29;3;0
7;2025-12-29;4;2
7;2025-12-29;5;202
7;2025-12-29;6;679
7;2025-12-29;7;1546
7;2025-12-29;8;2346
7;2025-12-29;9;1790
7;2025-12-29;10;1493
7;2025-12-29;11;1281
7;2025-12-29;12;1448
7;2025-12-29;13;1424
7;2025-12-29;14;1471
7;2025-12-29;15;1578
7;2025-12-29;16;1731
7;2025-12-29;17;2189
7;2025-12-29;18;2490
7;2025-12-29;19;1668
7;2025-12-29;20;1046
7;2025-12-29;21;580
7;2025-12-29;22;297
7;2025-12-29;23;170
7;2025-12-30;0;53
7;2025-12-30;1;11
7;2025-12-30;2;0
7;2025-12-30;3;0
7;2025-12-30;4;2
7;2025-12-30;5;209
7;2025-12-30;6;694
7;2025-12-30;7;1625
7;2025-12-30;8;2436
7;2025-12-30;9;1787
7;2025-12-30;10;1576
7;2025-12-30;11;1461
7;2025-12-30;12;1521
7;2025-12-30;13;1531
7;2025-12-30;14;1531
7;2025-12-30;15;1681
7;2025-12-30;16;1780
7;2025-12-30;17;2155
7;2025-12-30;18;2553
7;2025-12-30;19;1802
7;2025-12-30;20;1110
7;2025-12-30;21;659
7;2025-12-30;22;332
7;2025-12-30;23;186
7;2025-12-31;0;49
7;2025-12-31;1;14
7;2025-12-31;2;0
7;2025-12-31;3;0
7;2025-12-31;4;3
7;2025-12-31;5;78
7;2025-12-31;6;285
7;2025-12-31;7;550
7;2025-12-31;8;721
7;2025-12-31;9;779
7;2025-12-31;10;777
7;2025-12-31;11;877
7;2025-12-31;12;874
7;2025-12-31;13;863
7;2025-12-31;14;890
7;2025-12-31;15;963
7;2025-12-31;16;868
7;2025-12-31;17;863
7;2025-12-31;18;840
7;2025-12-31;19;750
7;2025-12-31;20;639
7;2025-12-31;21;432
7;2025-12-31;22;271
7;2025-12-31;23;154
11;2025-11-01;0;206
11;2025-11-01;1;33
11;2025-11-01;2;0
11;2025-11-01;3;0
11;2025-11-01;4;18
11;2025-11-01;5;527
11;2025-11-01;6;1545
11;2025-11-01;7;1728
11;2025-11-01;8;1614
11;2025-11-01;9;1916
11;2025-11-01;10;2132
11;2025-11-01;11;2087
11;2025-11-01;12;2118
11;2025-11-01;13;2385
11;2025-11-01;14;2195
11;2025-11-01;15;2291
11;2025-11-01;16;2479
11;2025-11-01;17;2377
11;2025-11-01;18;2453
11;2025-11-01;19;2014
11;2025-11-01;20;2102
11;2025-11-01;21;1727
11;2025-11-01;22;1136
11;2025-11-01;23;967
11;2025-11-02;0;113
11;2025-11-02;1;13
11;2025-11-02;2;0
11;2025-11-02;3;0
11;2025-11-02;4;1
11;2025-11-02;5;121
11;2025-11-02;6;529
11;2025-11-02;7;534
11;2025-11-02;8;681
11;2025-11-02;9;917
11;2025-11-02;10;1034
11;2025-11-02;11;1432
11;2025-11-02;12;1587
11;2025-11-02;13;1466
11;2025-11-02;14;1536
11;2025-11-02;15;1603
11;2025-11-02;16;1526
11;2025-11-02;17;1629
11;2025-11-02;18;1348
11;2025-11-02;19;1180
11;2025-11-02;20;920
11;2025-11-02;21;684
11;2025-11-02;22;384
11;2025-11-02;23;257
11;2025-11-03;0;86
11;2025-11-03;1;11
11;2025-11-03;2;0
11;2025-11-03;3;0
11;2025-11-03;4;2
11;2025-11-03;5;262
11;2025-11-03;6;804
11;2025-11-03;7;807
11;2025-11-03;8;910
11;2025-11-03;9;972
11;2025-11-03;10;1137
11;2025-11-03;11;1237
11;2025-11-03;12;1424
11;2025-11-03;13;1427
11;2025-11-03;14;1496
11;2025-11-03;15;1506
11;2025-11-03;16;1479
11;2025-11-03;17;1567
11;2025-11-03;18;1386
11;2025-11-03;19;1303
11;2025-11-03;20;1057
11;2025-11-03;21;685
11;2025-11-03;22;419
11;2025-11-03;23;284
11;2025-11-04;0;127
11;2025-11-04;1;25
11;2025-11-04;2;0
11;2025-11-04;3;0
11;2025-11-04;4;2
11;2025-11-04;5;147
11;2025-11-04;6;437
11;2025-11-04;7;364
11;2025-11-04;8;512
11;2025-11-04;9;564
11;2025-11-04;10;585
11;2025-11-04;11;911
11;2025-11-04;12;1170
11;2025-11-04;13;1206
11;2025-11-04;14;1172
11;2025-11-04;15;1272
11;2025-11-04;16;1188
11;2025-11-04;17;1279
11;2025-11-04;18;1235
11;2025-11-04;19;1006
11;2025-11-04;20;769
11;2025-11-04;21;764
11;2025-11-04;22;390
11;2025-11-04;23;267
11;2025-11-05;0;68
11;2025-11-05;1;1
11;2025-11-05;2;0
11;2025-11-05;3;0
11;2025-11-05;4;2
11;2025-11-05;5;294
11;2025-11-05;6;1317
11;2025-11-05;7;2372
11;2025-11-05;8;3151
11;2025-11-05;9;2304
11;2025-11-05;10;1810
11;2025-11-05;11;1794
11;2025-11-05;12;1887
11;2025-11-05;13;1951
11;2025-11-05;14;1895
11;2025-11-05;15;1941
11;2025-11-05;16;2072
11;2025-11-05;17;2730
11;2025-11-05;18;3070
11;2025-11-05;19;2391
11;2025-11-05;20;1581
11;2025-11-05;21;924
11;2025-11-05;22;460
11;2025-11-05;23;256
11;2025-11-06;0;70
11;2025-11-06;1;2
11;2025-11-06;2;0
11;2025-11-06;3;0
11;2025-11-06;4;1
11;2025-11-06;5;286
11;2025-11-06;6;1354
11;2025-11-06;7;2314
11;2025-11-06;8;3032
11;2025-11-06;9;2448
11;2025-11-06;10;1917
11;2025-11-06;11;1822
11;2025-11-06;12;1887
11;2025-11-06;13;2004
11;2025-11-06;14;1933
11;2025-11-06;15;1985
11;2025-11-06;16;2162
11;2025-11-06;17;2726
11;2025-11-06;18;3049
11;2025-11-06;19;2341
11;2025-11-06;20;1555
11;2025-11-06;21;958
11;2025-11-06;22;477
11;2025-11-06;23;263
11;2025-11-07;0;79
11;2025-11-07;1;1
11;2025-11-07;2;0
11;2025-11-07;3;0
11;2025-11-07;4;1
11;2025-11-07;5;293
11;2025-11-07;6;1346
11;2025-11-07;7;2256
11;2025-11-07;8;2987
11;2025-11-07;9;2287
11;2025-11-07;10;1837
11;2025-11-07;11;1793
11;2025-11-07;12;1834
11;2025-11-07;13;1945
11;2025-11-07;14;1939
11;2025-11-07;15;2147
11;2025-11-07;16;2342
11;2025-11-07;17;2859
11;2025-11-07;18;2557
11;2025-11-07;19;2113
11;2025-11-07;20;1482
11;2025-11-07;21;940
11;2025-11-07;22;489
11;2025-11-07;23;300
11;2025-11-08;0;102
11;2025-11-08;1;3
11;2025-11-08;2;0
11;2025-11-08;3;0
11;2025-11-08;4;1
11;2025-11-08;5;209
11;2025-11-08;6;829
11;2025-11-08;7;716
11;2025-11-08;8;965
11;2025-11-08;9;1112
11;2025-11-08;10;1239
11;2025-11-08;11;1630
11;2025-11-08;12;1843
11;2025-11-08;13;1650
11;2025-11-08;14;1723
11;2025-11-08;15;1696
11;2025-11-08;16;1743
11;2025-11-08;17;1798
11;2025-11-08;18;1536
11;2025-11-08;19;1495
11;2025-11-08;20;1168
11;2025-11-08;21;803
11;2025-11-08;22;454
11;2025-11-08;23;319
11;2025-11-09;0;113
11;2025-11-09;1;13
11;2025-11-09;2;0
11;2025-11-09;3;0
11;2025-11-09;4;1
11;2025-11-09;5;121
11;2025-11-09;6;529
11;2025-11-09;7;534
11;2025-11-09;8;681
11;2025-11-09;9;917
11;2025-11-09;10;1034
11;2025-11-09;11;1432
11;2025-11-09;12;1587
11;2025-11-09;13;1466
11;2025-11-09;14;1536
11;2025-11-09;15;1603
11;2025-11-09;16;1526
11;2025-11-09;17;1629
11;2025-11-09;18;1348
11;2025-11-09;19;1180
11;2025-11-09;20;920
11;2025-11-09;21;684
11;2025-11-09;22;384
11;2025-11-09;23;257
11;2025-11-10;0;80
11;2025-11-10;1;5
11;2025-11-10;2;0
11;2025-11-10;3;0
11;2025-11-10;4;1
11;2025-11-10;5;299
11;2025-11-10;6;1343
11;2025-11-10;7;2317
11;2025-11-10;8;3023
11;2025-11-10;9;2344
11;2025-11-10;10;1769
11;2025-11-10;11;1767
11;2025-11-10;12;1703
11;2025-11-10;13;1844
11;2025-11-10;14;1828
11;2025-11-10;15;1917
11;2025-11-10;16;2157
11;2025-11-10;17;2717
11;2025-11-10;18;3069
11;2025-11-10;19;2334
11;2025-11-10;20;1556
11;2025-11-10;21;871
11;2025-11-10;22;455
11;2025-11-10;23;222
11;2025-11-11;0;66
11;2025-11-11;1;1
11;2025-11-11;2;0
11;2025-11-11;3;0
11;2025-11-11;4;1
11;2025-11-11;5;287
11;2025-11-11;6;1358
11;2025-11-11;7;2366
11;2025-11-11;8;3148
11;2025-11-11;9;2405
11;2025-11-11;10;1816
11;2025-11-11;11;1815
11;2025-11-11;12;1809
11;2025-11-11;13;1923
11;2025-11-11;14;1915
11;2025-11-11;15;1942
11;2025-11-11;16;2200
11;2025-11-11;17;2750
11;2025-11-11;18;3019
11;2025-11-11;19;2336
11;2025-11-11;20;1574
11;2025-11-11;21;896
11;2025-11-11;22;454
11;2025-11-11;23;232
11;2025-11-12;0;68
11;2025-11-12;1;1
11;2025-11-12;2;0
11;2025-11-12;3;0
11;2025-11-12;4;2
11;2025-11-12;5;294
11;2025-11-12;6;1317
11;2025-11-12;7;2372
11;2025-11-12;8;3151
11;2025-11-12;9;2304
11;2025-11-12;10;1810
11;2025-11-12;11;1794
11;2025-11-12;12;1887
11;2025-11-12;13;1951
11;2025-11-12;14;1895
11;2025-11-12;15;1941
11;2025-11-12;16;2072
11;2025-11-12;17;2730
11;2025-11-12;18;3070
11;2025-11-12;19;2391
11;2025-11-12;20;1581
11;2025-11-12;21;924
11;2025-11-12;22;460
11;2025-11-12;23;256
11;2025-11-13;0;70
11;2025-11-13;1;2
11;2025-11-13;2;0
11;2025-11-13;3;0
11;2025-11-13;4;1
11;2025-11-13;5;286
11;2025-11-13;6;1354
11;2025-11-13;7;2314
11;2025-11-13;8;3032
11;2025-11-13;9;2448
11;2025-11-13;10;1917
11;2025-11-13;11;1822
11;2025-11-13;12;1887
11;2025-11-13;13;2004
11;2025-11-13;14;1933
11;2025-11-13;15;1985
11;2025-11-13;16;2162
11;2025-11-13;17;2726
11;2025-11-13;18;3049
11;2025-11-13;19;2341
11;2025-11-13;20;1555
11;2025-11-13;21;958
11;2025-11-13;22;477
11;2025-11-13;23;263
11;2025-11-14;0;79
11;2025-11-14;1;1
11;2025-11-14;2;0
11;2025-11-14;3;0
11;2025-11-14;4;1
11;2025-11-14;5;293
11;2025-11-14;6;1346
11;2025-11-14;7;2256
11;2025-11-14;8;2987
11;2025-11-14;9;2287
11;2025-11-14;10;1837
11;2025-11-14;11;1793
11;2025-11-14;12;1834
11;2025-11-14;13;1945
11;2025-11-14;14;1939
11;2025-11-14;15;2147
11;2025-11-14;16;2342
11;2025-11-14;17;2859
11;2025-11-14;18;2557
11;2025-11-14;19;2113
11;2025-11-14;20;1482
11;2025-11-14;21;940
11;2025-11-14;22;489
11;2025-11-14;23;300
11;2025-11-15;0;102
11;2025-11-15;1;3
11;2025-11-15;2;0
11;2025-11-15;3;0
11;2025-11-15;4;1
11;2025-11-15;5;209
11;2025-11-15;6;829
11;2025-11-15;7;716
11;2025-11-15;8;965
11;2025-11-15;9;1112
11;2025-11-15;10;1239
11;2025-11-15;11;1630
11;2025-11-15;12;1843
11;2025-11-15;13;1650
11;2025-11-15;14;1723
11;2025-11-15;15;1696
11;2025-11-15;16;1743
11;2025-11-15;17;1798
11;2025-11-15;18;1536
11;2025-11-15;19;1495
11;2025-11-15;20;1168
11;2025-11-15;21;803
11;2025-11-15;22;454
11;2025-11-15;23;319
11;2025-11-16;0;113
11;2025-11-16;1;13
11;2025-11-16;2;0
11;2025-11-16;3;0
11;2025-11-16;4;1
11;2025-11-16;5;121
11;2025-11-16;6;529
11;2025-11-16;7;534
11;2025-11-16;8;681
11;2025-11-16;9;917
11;2025-11-16;10;1034
11;2025-11-16;11;1432
11;2025-11-16;12;1587
11;2025-11-16;13;1466
11;2025-11-16;14;1536
11;2025-11-16;15;1603
11;2025-11-16;16;1526
11;2025-11-16;17;1629
11;2025-11-16;18;1348
11;2025-11-16;19;1180
11;2025-11-16;20;920
11;2025-11-16;21;684
11;2025-11-16;22;384
11;2025-11-16;23;257
11;2025-11-17;0;80
11;2025-11-17;1;5
11;2025-11-17;2;0
11;2025-11-17;3;0
11;2025-11-17;4;1
11;2025-11-17;5;299
11;2025-11-17;6;1343
11;2025-11-17;7;2317
11;2025-11-17;8;3023
11;2025-11-17;9;2344
11;2025-11-17;10;1769
11;2025-11-17;11;1767
11;2025-11-17;12;1703
11;2025-11-17;13;1844
11;2025-11-17;14;1828
11;2025-11-17;15;1917
11;2025-11-17;16;2157
11;2025-11-17;17;2717
11;2025-11-17;18;3069
11;2025-11-17;19;2334
11;2025-11-17;20;1556
11;2025-11-17;21;871
11;2025-11-17;22;455
11;2025-11-17;23;222
11;2025-11-18;0;66
11;2025-11-18;1;1
11;2025-11-18;2;0
11;2025-11-18;3;0
11;2025-11-18;4;1
11;2025-11-18;5;287
11;2025-11-18;6;1358
11;2025-11-18;7;2366
11;2025-11-18;8;3148
11;2025-11-18;9;2405
11;2025-11-18;10;1816
11;2025-11-18;11;1815
11;2025-11-18;12;1809
11;2025-11-18;13;1923
11;2025-11-18;14;1915
11;2025-11-18;15;1942
11;2025-11-18;16;2200
11;2025-11-18;17;2750
11;2025-11-18;18;3019
11;2025-11-18;19;2336
11;2025-11-18;20;1574
11;2025-11-18;21;896
11;2025-11-18;22;454
11;2025-11-18;23;232
11;2025-11-19;0;68
11;2025-11-19;1;1
11;2025-11-19;2;0
11;2025-11-19;3;0
11;2025-11-19;4;2
11;2025-11-19;5;294
11;2025-11-19;6;1317
11;2025-11-19;7;2372
11;2025-11-19;8;3151
11;2025-11-19;9;2304
11;2025-11-19;10;1810
11;2025-11-19;11;1794
11;2025-11-19;12;1887
11;2025-11-19;13;1951
11;2025-11-19;14;1895
11;2025-11-19;15;1941
11;2025-11-19;16;2072
11;2025-11-19;17;2730
11;2025-11-19;18;3070
11;2025-11-19;19;2391
11;2025-11-19;20;1581
11;2025-11-19;21;924
11;2025-11-19;22;460
11;2025-11-19;23;256
11;2025-11-20;0;70
11;2025-11-20;1;2
11;2025-11-20;2;0
11;2025-11-20;3;0
11;2025-11-20;4;1
11;2025-11-20;5;286
11;2025-11-20;6;1354
11;2025-11-20;7;2314
11;2025-11-20;8;3032
11;2025-11-20;9;2448
11;2025-11-20;10;1917
11;2025-11-20;11;1822
11;2025-11-20;12;1887
11;2025-11-20;13;2004
11;2025-11-20;14;1933
11;2025-11-20;15;1985
11;2025-11-20;16;2162
11;2025-11-20;17;2726
11;2025-11-20;18;3049
11;2025-11-20;19;2341
11;2025-11-20;20;1555
11;2025-11-20;21;958
11;2025-11-20;22;477
11;2025-11-20;23;263
11;2025-11-21;0;79
11;2025-11-21;1;1
11;2025-11-21;2;0
11;2025-11-21;3;0
11;2025-11-21;4;1
11;2025-11-21;5;293
11;2025-11-21;6;1346
11;2025-11-21;7;2256
11;2025-11-21;8;2987
11;2025-11-21;9;2287
11;2025-11-21;10;1837
11;2025-11-21;11;1793
11;2025-11-21;12;1834
11;2025-11-21;13;1945
11;2025-11-21;14;1939
11;2025-11-21;15;2147
11;2025-11-21;16;2342
11;2025-11-21;17;2859
11;2025-11-21;18;2557
11;2025-11-21;19;2113
11;2025-11-21;20;1482
11;2025-11-21;21;940
11;2025-11-21;22;489
11;2025-11-21;23;300
11;2025-11-22;0;102
11;2025-11-22;1;3
11;2025-11-22;2;0
11;2025-11-22;3;0
11;2025-11-22;4;1
11;2025-11-22;5;209
11;2025-11-22;6;829
11;2025-11-22;7;716
11;2025-11-22;8;965
11;2025-11-22;9;1112
11;2025-11-22;10;1239
11;2025-11-22;11;1630
11;2025-11-22;12;1843
11;2025-11-22;13;1650
11;2025-11-22;14;1723
11;2025-11-22;15;1696
11;2025-11-22;16;1743
11;2025-11-22;17;1798
11;2025-11-22;18;1536
11;2025-11-22;19;1495
11;2025-11-22;20;1168
11;2025-11-22;21;803
11;2025-11-22;22;454
11;2025-11-22;23;319
11;2025-11-23;0;113
11;2025-11-23;1;13
11;2025-11-23;2;0
11;2025-11-23;3;0
11;2025-11-23;4;1
11;2025-11-23;5;121
11;2025-11-23;6;529
11;2025-11-23;7;534
11;2025-11-23;8;681
11;2025-11-23;9;917
11;2025-11-23;10;1034
11;2025-11-23;11;1432
11;2025-11-23;12;1587
11;2025-11-23;13;1466
11;2025-11-23;14;1536
11;2025-11-23;15;1603
11;2025-11-23;16;1526
11;2025-11-23;17;1629
11;2025-11-23;18;1348
11;2025-11-23;19;1180
11;2025-11-23;20;920
11;2025-11-23;21;684
11;2025-11-23;22;384
11;2025-11-23;23;257
11;2025-11-24;0;80
11;2025-11-24;1;5
11;2025-11-24;2;0
11;2025-11-24;3;0
11;2025-11-24;4;1
11;2025-11-24;5;299
11;2025-11-24;6;1343
11;2025-11-24;7;2317
11;2025-11-24;8;3023
11;2025-11-24;9;2344
11;2025-11-24;10;1769
11;2025-11-24;11;1767
11;2025-11-24;12;1703
11;2025-11-24;13;1844
11;2025-11-24;14;1828
11;2025-11-24;15;1917
11;2025-11-24;16;2157
11;2025-11-24;17;2717
11;2025-11-24;18;3069
11;2025-11-24;19;2334
11;2025-11-24;20;1556
11;2025-11-24;21;871
11;2025-11-24;22;455
11;2025-11-24;23;222
11;2025-11-25;0;66
11;2025-11-25;1;1
11;2025-11-25;2;0
11;2025-11-25;3;0
11;2025-11-25;4;1
11;2025-11-25;5;287
11;2025-11-25;6;1358
11;2025-11-25;7;2366
11;2025-11-25;8;3148
11;2025-11-25;9;2405
11;2025-11-25;10;1816
11;2025-11-25;11;1815
11;2025-11-25;12;1809
11;2025-11-25;13;1923
11;2025-11-25;14;1915
11;2025-11-25;15;1942
11;2025-11-25;16;2200
11;2025-11-25;17;2750
11;2025-11-25;18;3019
11;2025-11-25;19;2336
11;2025-11-25;20;1574
11;2025-11-25;21;896
11;2025-11-25;22;454
11;2025-11-25;23;232
11;2025-11-26;0;68
11;2025-11-26;1;1
11;2025-11-26;2;0
11;2025-11-26;3;0
11;2025-11-26;4;2
11;2025-11-26;5;294
11;2025-11-26;6;1317
11;2025-11-26;7;2372
11;2025-11-26;8;3151
11;2025-11-26;9;2304
11;2025-11-26;10;1810
11;2025-11-26;11;1794
11;2025-11-26;12;1887
11;2025-11-26;13;1951
11;2025-11-26;14;1895
11;2025-11-26;15;1941
11;2025-11-26;16;2072
11;2025-11-26;17;2730
11;2025-11-26;18;3070
11;2025-11-26;19;2391
11;2025-11-26;20;1581
11;2025-11-26;21;924
11;2025-11-26;22;460
11;2025-11-26;23;256
11;2025-11-27;0;70
11;2025-11-27;1;2
11;2025-11-27;2;0
11;2025-11-27;3;0
11;2025-11-27;4;1
11;2025-11-27;5;286
11;2025-11-27;6;1354
11;2025-11-27;7;2314
11;2025-11-27;8;3032
11;2025-11-27;9;2448
11;2025-11-27;10;1917
11;2025-11-27;11;1822
11;2025-11-27;12;1887
11;2025-11-27;13;2004
11;2025-11-27;14;1933
11;2025-11-27;15;1985
11;2025-11-27;16;2162
11;2025-11-27;17;2726
11;2025-11-27;18;3049
11;2025-11-27;19;2341
11;2025-11-27;20;1555
11;2025-11-27;21;958
11;2025-11-27;22;477
11;2025-11-27;23;263
11;2025-11-28;0;79
11;2025-11-28;1;1
11;2025-11-28;2;0
11;2025-11-28;3;0
11;2025-11-28;4;1
11;2025-11-28;5;293
11;2025-11-28;6;1346
11;2025-11-28;7;2256
11;2025-11-28;8;2987
11;2025-11-28;9;2287
11;2025-11-28;10;1837
11;2025-11-28;11;1793
11;2025-11-28;12;1834
11;2025-11-28;13;1945
11;2025-11-28;14;1939
11;2025-11-28;15;2147
11;2025-11-28;16;2342
11;2025-11-28;17;2859
11;2025-11-28;18;2557
11;2025-11-28;19;2113
11;2025-11-28;20;1482
11;2025-11-28;21;940
11;2025-11-28;22;489
11;2025-11-28;23;300
11;2025-11-29;0;102
11;2025-11-29;1;3
11;2025-11-29;2;0
11;2025-11-29;3;0
11;2025-11-29;4;1
11;2025-11-29;5;209
11;2025-11-29;6;829
11;2025-11-29;7;716
11;2025-11-29;8;965
11;2025-11-29;9;1112
11;2025-11-29;10;1239
11;2025-11-29;11;1630
11;2025-11-29;12;1843
11;2025-11-29;13;1650
11;2025-11-29;14;1723
11;2025-11-29;15;1696
11;2025-11-29;16;1743
11;2025-11-29;17;1798
11;2025-11-29;18;1536
11;2025-11-29;19;1495
11;2025-11-29;20;1168
11;2025-11-29;21;803
11;2025-11-29;22;454
11;2025-11-29;23;319
11;2025-11-30;0;113
11;2025-11-30;1;13
11;2025-11-30;2;0
11;2025-11-30;3;0
11;2025-11-30;4;1
11;2025-11-30;5;121
11;2025-11-30;6;529
11;2025-11-30;7;534
11;2025-11-30;8;681
11;2025-11-30;9;917
11;2025-11-30;10;1034
11;2025-11-30;11;1432
11;2025-11-30;12;1587
11;2025-11-30;13;1466
11;2025-11-30;14;1536
11;2025-11-30;15;1603
11;2025-11-30;16;1526
11;2025-11-30;17;1629
11;2025-11-30;18;1348
11;2025-11-30;19;1180
11;2025-11-30;20;920
11;2025-11-30;21;684
11;2025-11-30;22;384
11;2025-11-30;23;257
11;2025-12-01;0;80
11;2025-12-01;1;5
11;2025-12-01;2;0
11;2025-12-01;3;0
11;2025-12-01;4;1
11;2025-12-01;5;299
11;2025-12-01;6;1343
11;2025-12-01;7;2317
11;2025-12-01;8;3023
11;2025-12-01;9;2344
11;2025-12-01;10;1769
11;2025-12-01;11;1767
11;2025-12-01;12;1703
11;2025-12-01;13;1844
11;2025-12-01;14;1828
11;2025-12-01;15;1917
11;2025-12-01;16;2157
11;2025-12-01;17;2717
11;2025-12-01;18;3069
11;2025-12-01;19;2334
11;2025-12-01;20;1556
11;2025-12-01;21;871
11;2025-12-01;22;455
11;2025-12-01;23;222
11;2025-12-02;0;66
11;2025-12-02;1;1
11;2025-12-02;2;0
11;2025-12-02;3;0
11;2025-12-02;4;1
11;2025-12-02;5;287
11;2025-12-02;6;1358
11;2025-12-02;7;2366
11;2025-12-02;8;3148
11;2025-12-02;9;2405
11;2025-12-02;10;1816
11;2025-12-02;11;1815
11;2025-12-02;12;1809
11;2025-12-02;13;1923
11;2025-12-02;14;1915
11;2025-12-02;15;1942
11;2025-12-02;16;2200
11;2025-12-02;17;2750
11;2025-12-02;18;3019
11;2025-12-02;19;2336
11;2025-12-02;20;1574
11;2025-12-02;21;896
11;2025-12-02;22;454
11;2025-12-02;23;232
11;2025-12-03;0;68
11;2025-12-03;1;1
11;2025-12-03;2;0
11;2025-12-03;3;0
11;2025-12-03;4;2
11;2025-12-03;5;294
11;2025-12-03;6;1317
11;2025-12-03;7;2372
11;2025-12-03;8;3151
11;2025-12-03;9;2304
11;2025-12-03;10;1810
11;2025-12-03;11;1794
11;2025-12-03;12;1887
11;2025-12-03;13;1951
11;2025-12-03;14;1895
11;2025-12-03;15;1941
11;2025-12-03;16;2072
11;2025-12-03;17;2730
11;2025-12-03;18;3070
11;2025-12-03;19;2391
11;2025-12-03;20;1581
11;2025-12-03;21;924
11;2025-12-03;22;460
11;2025-12-03;23;256
11;2025-12-04;0;70
11;2025-12-04;1;2
11;2025-12-04;2;0
11;2025-12-04;3;0
11;2025-12-04;4;1
11;2025-12-04;5;286
11;2025-12-04;6;1354
11;2025-12-04;7;2314
11;2025-12-04;8;3032
11;2025-12-04;9;2448
11;2025-12-04;10;1917
11;2025-12-04;11;1822
11;2025-12-04;12;1887
11;2025-12-04;13;2004
11;2025-12-04;14;1933
11;2025-12-04;15;1985
11;2025-12-04;16;2162
11;2025-12-04;17;2726
11;2025-12-04;18;3049
11;2025-12-04;19;2341
11;2025-12-04;20;1555
11;2025-12-04;21;958
11;2025-12-04;22;477
11;2025-12-04;23;263
11;2025-12-05;0;79
11;2025-12-05;1;1
11;2025-12-05;2;0
11;2025-12-05;3;0
11;2025-12-05;4;1
11;2025-12-05;5;293
11;2025-12-05;6;1346
11;2025-12-05;7;2256
11;2025-12-05;8;2987
11;2025-12-05;9;2287
11;2025-12-05;10;1837
11;2025-12-05;11;1793
11;2025-12-05;12;1834
11;2025-12-05;13;1945
11;2025-12-05;14;1939
11;2025-12-05;15;2147
11;2025-12-05;16;2342
11;2025-12-05;17;2859
11;2025-12-05;18;2557
11;2025-12-05;19;2113
11;2025-12-05;20;1482
11;2025-12-05;21;940
11;2025-12-05;22;489
11;2025-12-05;23;300
11;2025-12-06;0;102
11;2025-12-06;1;3
11;2025-12-06;2;0
11;2025-12-06;3;0
11;2025-12-06;4;1
11;2025-12-06;5;209
11;2025-12-06;6;829
11;2025-12-06;7;716
11;2025-12-06;8;965
11;2025-12-06;9;1112
11;2025-12-06;10;1239
11;2025-12-06;11;1630
11;2025-12-06;12;1843
11;2025-12-06;13;1650
11;2025-12-06;14;1723
11;2025-12-06;15;1696
11;2025-12-06;16;1743
11;2025-12-06;17;1798
11;2025-12-06;18;1536
11;2025-12-06;19;1495
11;2025-12-06;20;1168
11;2025-12-06;21;803
11;2025-12-06;22;454
11;2025-12-06;23;319
11;2025-12-07;0;113
11;2025-12-07;1;13
11;2025-12-07;2;0
11;2025-12-07;3;0
11;2025-12-07;4;1
11;2025-12-07;5;121
11;2025-12-07;6;529
11;2025-12-07;7;534
11;2025-12-07;8;681
11;2025-12-07;9;917
11;2025-12-07;10;1034
11;2025-12-07;11;1432
11;2025-12-07;12;1587
11;2025-12-07;13;1466
11;2025-12-07;14;1536
11;2025-12-07;15;1603
11;2025-12-07;16;1526
11;2025-12-07;17;1629
11;2025-12-07;18;1348
11;2025-12-07;19;1180
11;2025-12-07;20;920
11;2025-12-07;21;684
11;2025-12-07;22;384
11;2025-12-07;23;257
11;2025-12-08;0;80
11;2025-12-08;1;5
11;2025-12-08;2;0
11;2025-12-08;3;0
11;2025-12-08;4;1
11;2025-12-08;5;299
11;2025-12-08;6;1343
11;2025-12-08;7;2317
11;2025-12-08;8;3023
11;2025-12-08;9;2344
11;2025-12-08;10;1769
11;2025-12-08;11;1767
11;2025-12-08;12;1703
11;2025-12-08;13;1844
11;2025-12-08;14;1828
11;2025-12-08;15;1917
11;2025-12-08;16;2157
11;2025-12-08;17;2717
11;2025-12-08;18;3069
11;2025-12-08;19;2334
11;2025-12-08;20;1556
11;2025-12-08;21;871
11;2025-12-08;22;455
11;2025-12-08;23;222
11;2025-12-09;0;66
11;2025-12-09;1;1
11;2025-12-09;2;0
11;2025-12-09;3;0
11;2025-12-09;4;1
11;2025-12-09;5;287
11;2025-12-09;6;1358
11;2025-12-09;7;2366
11;2025-12-09;8;3148
11;2025-12-09;9;2405
11;2025-12-09;10;1816
11;2025-12-09;11;1815
11;2025-12-09;12;1809
11;2025-12-09;13;1923
11;2025-12-09;14;1915
11;2025-12-09;15;1942
11;2025-12-09;16;2200
11;2025-12-09;17;2750
11;2025-12-09;18;3019
11;2025-12-09;19;2336
11;2025-12-09;20;1574
11;2025-12-09;21;896
11;2025-12-09;22;454
11;2025-12-09;23;232
11;2025-12-10;0;68
11;2025-12-10;1;1
11;2025-12-10;2;0
11;2025-12-10;3;0
11;2025-12-10;4;2
11;2025-12-10;5;294
11;2025-12-10;6;1317
11;2025-12-10;7;2372
11;2025-12-10;8;3151
11;2025-12-10;9;2304
11;2025-12-10;10;1810
11;2025-12-10;11;1794
11;2025-12-10;12;1887
11;2025-12-10;13;1951
11;2025-12-10;14;1895
11;2025-12-10;15;1941
11;2025-12-10;16;2072
11;2025-12-10;17;2730
11;2025-12-10;18;3070
11;2025-12-10;19;2391
11;2025-12-10;20;1581
11;2025-12-10;21;924
11;2025-12-10;22;460
11;2025-12-10;23;256
11;2025-12-11;0;70
11;2025-12-11;1;2
11;2025-12-11;2;0
11;2025-12-11;3;0
11;2025-12-11;4;1
11;2025-12-11;5;286
11;2025-12-11;6;1354
11;2025-12-11;7;2314
11;2025-12-11;8;3032
11;2025-12-11;9;2448
11;2025-12-11;10;1917
11;2025-12-11;11;1822
11;2025-12-11;12;1887
11;2025-12-11;13;2004
11;2025-12-11;14;1933
11;2025-12-11;15;1985
11;2025-12-11;16;2162
11;2025-12-11;17;2726
11;2025-12-11;18;3049
11;2025-12-11;19;2341
11;2025-12-11;20;1555
11;2025-12-11;21;958
11;2025-12-11;22;477
11;2025-12-11;23;263
11;2025-12-12;0;79
11;2025-12-12;1;1
11;2025-12-12;2;0
11;2025-12-12;3;0
11;2025-12-12;4;1
11;2025-12-12;5;293
11;2025-12-12;6;1346
11;2025-12-12;7;2256
11;2025-12-12;8;2987
11;2025-12-12;9;2287
11;2025-12-12;10;1837
11;2025-12-12;11;1793
11;2025-12-12;12;1834
11;2025-12-12;13;1945
11;2025-12-12;14;1939
11;2025-12-12;15;2147
11;2025-12-12;16;2342
11;2025-12-12;17;2859
11;2025-12-12;18;2557
11;2025-12-12;19;2113
11;2025-12-12;20;1482
11;2025-12-12;21;940
11;2025-12-12;22;489
11;2025-12-12;23;300
11;2025-12-13;0;102
11;2025-12-13;1;3
11;2025-12-13;2;0
11;2025-12-13;3;0
11;2025-12-13;4;1
11;2025-12-13;5;209
11;2025-12-13;6;829
11;2025-12-13;7;716
11;2025-12-13;8;965
11;2025-12-13;9;1112
11;2025-12-13;10;1239
11;2025-12-13;11;1630
11;2025-12-13;12;1843
11;2025-12-13;13;1650
11;2025-12-13;14;1723
11;2025-12-13;15;1696
11;2025-12-13;16;1743
11;2025-12-13;17;1798
11;2025-12-13;18;1536
11;2025-12-13;19;1495
11;2025-12-13;20;1168
11;2025-12-13;21;803
11;2025-12-13;22;454
11;2025-12-13;23;319
11;2025-12-14;0;113
11;2025-12-14;1;13
11;2025-12-14;2;0
11;2025-12-14;3;0
11;2025-12-14;4;1
11;2025-12-14;5;121
11;2025-12-14;6;529
11;2025-12-14;7;534
11;2025-12-14;8;681
11;2025-12-14;9;917
11;2025-12-14;10;1034
11;2025-12-14;11;1432
11;2025-12-14;12;1587
11;2025-12-14;13;1466
11;2025-12-14;14;1536
11;2025-12-14;15;1603
11;2025-12-14;16;1526
11;2025-12-14;17;1629
11;2025-12-14;18;1348
11;2025-12-14;19;1180
11;2025-12-14;20;920
11;2025-12-14;21;684
11;2025-12-14;22;384
11;2025-12-14;23;257
11;2025-12-15;0;80
11;2025-12-15;1;5
11;2025-12-15;2;0
11;2025-12-15;3;0
11;2025-12-15;4;1
11;2025-12-15;5;299
11;2025-12-15;6;1343
11;2025-12-15;7;2317
11;2025-12-15;8;3023
11;2025-12-15;9;2344
11;2025-12-15;10;1769
11;2025-12-15;11;1767
11;2025-12-15;12;1703
11;2025-12-15;13;1844
11;2025-12-15;14;1828
11;2025-12-15;15;1917
11;2025-12-15;16;2157
11;2025-12-15;17;2717
11;2025-12-15;18;3069
11;2025-12-15;19;2334
11;2025-12-15;20;1556
11;2025-12-15;21;871
11;2025-12-15;22;455
11;2025-12-15;23;222
11;2025-12-16;0;66
11;2025-12-16;1;1
11;2025-12-16;2;0
11;2025-12-16;3;0
11;2025-12-16;4;1
11;2025-12-16;5;287
11;2025-12-16;6;1358
11;2025-12-16;7;2366
11;2025-12-16;8;3148
11;2025-12-16;9;2405
11;2025-12-16;10;1816
11;2025-12-16;11;1815
11;2025-12-16;12;1809
11;2025-12-16;13;1923
11;2025-12-16;14;1915
11;2025-12-16;15;1942
11;2025-12-16;16;2200
11;2025-12-16;17;2750
11;2025-12-16;18;3019
11;2025-12-16;19;2336
11;2025-12-16;20;1574
11;2025-12-16;21;896
11;2025-12-16;22;454
11;2025-12-16;23;232
11;2025-12-17;0;68
11;2025-12-17;1;1
11;2025-12-17;2;0
11;2025-12-17;3;0
11;2025-12-17;4;2
11;2025-12-17;5;294
11;2025-12-17;6;1317
11;2025-12-17;7;2372
11;2025-12-17;8;3151
11;2025-12-17;9;2304
11;2025-12-17;10;1810
11;2025-12-17;11;1794
11;2025-12-17;12;1887
11;2025-12-17;13;1951
11;2025-12-17;14;1895
11;2025-12-17;15;1941
11;2025-12-17;16;2072
11;2025-12-17;17;2730
11;2025-12-17;18;3070
11;2025-12-17;19;2391
11;2025-12-17;20;1581
11;2025-12-17;21;924
11;2025-12-17;22;460
11;2025-12-17;23;256
11;2025-12-18;0;70
11;2025-12-18;1;2
11;2025-12-18;2;0
11;2025-12-18;3;0
11;2025-12-18;4;1
11;2025-12-18;5;286
11;2025-12-18;6;1354
11;2025-12-18;7;2314
11;2025-12-18;8;3032
11;2025-12-18;9;2448
11;2025-12-18;10;1917
11;2025-12-18;11;1822
11;2025-12-18;12;1887
11;2025-12-18;13;2004
11;2025-12-18;14;1933
11;2025-12-18;15;1985
11;2025-12-18;16;2162
11;2025-12-18;17;2726
11;2025-12-18;18;3049
11;2025-12-18;19;2341
11;2025-12-18;20;1555
11;2025-12-18;21;958
11;2025-12-18;22;477
11;2025-12-18;23;263
11;2025-12-19;0;79
11;2025-12-19;1;1
11;2025-12-19;2;0
11;2025-12-19;3;0
11;2025-12-19;4;1
11;2025-12-19;5;293
11;2025-12-19;6;1346
11;2025-12-19;7;2256
11;2025-12-19;8;2987
11;2025-12-19;9;2287
11;2025-12-19;10;1837
11;2025-12-19;11;1793
11;2025-12-19;12;1834
11;2025-12-19;13;1945
11;2025-12-19;14;1939
11;2025-12-19;15;2147
11;2025-12-19;16;2342
11;2025-12-19;17;2859
11;2025-12-19;18;2557
11;2025-12-19;19;2113
11;2025-12-19;20;1482
11;2025-12-19;21;940
11;2025-12-19;22;489
11;2025-12-19;23;300
11;2025-12-20;0;102
11;2025-12-20;1;3
11;2025-12-20;2;0
11;2025-12-20;3;0
11;2025-12-20;4;1
11;2025-12-20;5;209
11;2025-12-20;6;829
11;2025-12-20;7;716
11;2025-12-20;8;965
11;2025-12-20;9;1112
11;2025-12-20;10;1239
11;2025-12-20;11;1630
11;2025-12-20;12;1843
11;2025-12-20;13;1650
11;2025-12-20;14;1723
11;2025-12-20;15;1696
11;2025-12-20;16;1743
11;2025-12-20;17;1798
11;2025-12-20;18;1536
11;2025-12-20;19;1495
11;2025-12-20;20;1168
11;2025-12-20;21;803
11;2025-12-20;22;454
11;2025-12-20;23;319
11;2025-12-21;0;113
11;2025-12-21;1;13
11;2025-12-21;2;0
11;2025-12-21;3;0
11;2025-12-21;4;1
11;2025-12-21;5;121
11;2025-12-21;6;529
11;2025-12-21;7;534
11;2025-12-21;8;681
11;2025-12-21;9;917
11;2025-12-21;10;1034
11;2025-12-21;11;1432
11;2025-12-21;12;1587
11;2025-12-21;13;1466
11;2025-12-21;14;1536
11;2025-12-21;15;1603
11;2025-12-21;16;1526
11;2025-12-21;17;1629
11;2025-12-21;18;1348
11;2025-12-21;19;1180
11;2025-12-21;20;920
11;2025-12-21;21;684
11;2025-12-21;22;384
11;2025-12-21;23;257
11;2025-12-22;0;80
11;2025-12-22;1;5
11;2025-12-22;2;0
11;2025-12-22;3;0
11;2025-12-22;4;1
11;2025-12-22;5;299
11;2025-12-22;6;1343
11;2025-12-22;7;2317
11;2025-12-22;8;3023
11;2025-12-22;9;2344
11;2025-12-22;10;1769
11;2025-12-22;11;1767
11;2025-12-22;12;1703
11;2025-12-22;13;1844
11;2025-12-22;14;1828
11;2025-12-22;15;1917
11;2025-12-22;16;2157
11;2025-12-22;17;2717
11;2025-12-22;18;3069
11;2025-12-22;19;2334
11;2025-12-22;20;1556
11;2025-12-22;21;871
11;2025-12-22;22;455
11;2025-12-22;23;222
11;2025-12-23;0;66
11;2025-12-23;1;1
11;2025-12-23;2;0
11;2025-12-23;3;0
11;2025-12-23;4;1
11;2025-12-23;5;287
11;2025-12-23;6;1358
11;2025-12-23;7;2366
11;2025-12-23;8;3148
11;2025-12-23;9;2405
11;2025-12-23;10;1816
11;2025-12-23;11;1815
11;2025-12-23;12;1809
11;2025-12-23;13;1923
11;2025-12-23;14;1915
11;2025-12-23;15;1942
11;2025-12-23;16;2200
11;2025-12-23;17;2750
11;2025-12-23;18;3019
11;2025-12-23;19;2336
11;2025-12-23;20;1574
11;2025-12-23;21;896
11;2025-12-23;22;454
11;2025-12-23;23;232
11;2025-12-24;0;68
11;2025-12-24;1;1
11;2025-12-24;2;0
11;2025-12-24;3;0
11;2025-12-24;4;2
11;2025-12-24;5;294
11;2025-12-24;6;1317
11;2025-12-24;7;2372
11;2025-12-24;8;3151
11;2025-12-24;9;2304
11;2025-12-24;10;1810
11;2025-12-24;11;1794
11;2025-12-24;12;1887
11;2025-12-24;13;1951
11;2025-12-24;14;1895
11;2025-12-24;15;1941
11;2025-12-24;16;2072
11;2025-12-24;17;2730
11;2025-12-24;18;3070
11;2025-12-24;19;2391
11;2025-12-24;20;1581
11;2025-12-24;21;924
11;2025-12-24;22;460
11;2025-12-24;23;256
11;2025-12-25;0;70
11;2025-12-25;1;2
11;2025-12-25;2;0
11;2025-12-25;3;0
11;2025-12-25;4;1
11;2025-12-25;5;286
11;2025-12-25;6;1354
11;2025-12-25;7;2314
11;2025-12-25;8;3032
11;2025-12-25;9;2448
11;2025-12-25;10;1917
11;2025-12-25;11;1822
11;2025-12-25;12;1887
11;2025-12-25;13;2004
11;2025-12-25;14;1933
11;2025-12-25;15;1985
11;2025-12-25;16;2162
11;2025-12-25;17;2726
11;2025-12-25;18;3049
11;2025-12-25;19;2341
11;2025-12-25;20;1555
11;2025-12-25;21;958
11;2025-12-25;22;477
11;2025-12-25;23;263
11;2025-12-26;0;79
11;2025-12-26;1;1
11;2025-12-26;2;0
11;2025-12-26;3;0
11;2025-12-26;4;1
11;2025-12-26;5;293
11;2025-12-26;6;1346
11;2025-12-26;7;2256
11;2025-12-26;8;2987
11;2025-12-26;9;2287
11;2025-12-26;10;1837
11;2025-12-26;11;1793
11;2025-12-26;12;1834
11;2025-12-26;13;1945
11;2025-12-26;14;1939
11;2025-12-26;15;2147
11;2025-12-26;16;2342
11;2025-12-26;17;2859
11;2025-12-26;18;2557
11;2025-12-26;19;2113
11;2025-12-26;20;1482
11;2025-12-26;21;940
11;2025-12-26;22;489
11;2025-12-26;23;300
11;2025-12-27;0;102
11;2025-12-27;1;3
11;2025-12-27;2;0
11;2025-12-27;3;0
11;2025-12-27;4;1
11;2025-12-27;5;209
11;2025-12-27;6;829
11;2025-12-27;7;716
11;2025-12-27;8;965
11;2025-12-27;9;1112
11;2025-12-27;10;1239
11;2025-12-27;11;1630
11;2025-12-27;12;1843
11;2025-12-27;13;1650
11;2025-12-27;14;1723
11;2025-12-27;15;1696
11;2025-12-27;16;1743
11;2025-12-27;17;1798
11;2025-12-27;18;1536
11;2025-12-27;19;1495
11;2025-12-27;20;1168
11;2025-12-27;21;803
11;2025-12-27;22;454
11;2025-12-27;23;319
11;2025-12-28;0;113
11;2025-12-28;1;13
11;2025-12-28;2;0
11;2025-12-28;3;0
11;2025-12-28;4;1
11;2025-12-28;5;121
11;2025-12-28;6;529
11;2025-12-28;7;534
11;2025-12-28;8;681
11;2025-12-28;9;917
11;2025-12-28;10;1034
11;2025-12-28;11;1432
11;2025-12-28;12;1587
11;2025-12-28;13;1466
11;2025-12-28;14;1536
11;2025-12-28;15;1603
11;2025-12-28;16;1526
11;2025-12-28;17;1629
11;2025-12-28;18;1348
11;2025-12-28;19;1180
11;2025-12-28;20;920
11;2025-12-28;21;684
11;2025-12-28;22;384
11;2025-12-28;23;257
11;2025-12-29;0;80
11;2025-12-29;1;5
11;2025-12-29;2;0
11;2025-12-29;3;0
11;2025-12-29;4;1
11;2025-12-29;5;299
11;2025-12-29;6;1343
11;2025-12-29;7;2317
11;2025-12-29;8;3023
11;2025-12-29;9;2344
11;2025-12-29;10;1769
11;2025-12-29;11;1767
11;2025-12-29;12;1703
11;2025-12-29;13;1844
11;2025-12-29;14;1828
11;2025-12-29;15;1917
11;2025-12-29;16;2157
11;2025-12-29;17;2717
11;2025-12-29;18;3069
11;2025-12-29;19;2334
11;2025-12-29;20;1556
11;2025-12-29;21;871
11;2025-12-29;22;455
11;2025-12-29;23;222
11;2025-12-30;0;66
11;2025-12-30;1;1
11;2025-12-30;2;0
11;2025-12-30;3;0
11;2025-12-30;4;1
11;2025-12-30;5;287
11;2025-12-30;6;1358
11;2025-12-30;7;2366
11;2025-12-30;8;3148
11;2025-12-30;9;2405
11;2025-12-30;10;1816
11;2025-12-30;11;1815
11;2025-12-30;12;1809
11;2025-12-30;13;1923
11;2025-12-30;14;1915
11;2025-12-30;15;1942
11;2025-12-30;16;2200
11;2025-12-30;17;2750
11;2025-12-30;18;3019
11;2025-12-30;19;2336
11;2025-12-30;20;1574
11;2025-12-30;21;896
11;2025-12-30;22;454
11;2025-12-30;23;232
11;2025-12-31;0;55
11;2025-12-31;1;4
11;2025-12-31;2;0
11;2025-12-31;3;0
11;2025-12-31;4;3
11;2025-12-31;5;175
11;2025-12-31;6;586
11;2025-12-31;7;732
11;2025-12-31;8;873
11;2025-12-31;9;1033
11;2025-12-31;10;977
11;2025-12-31;11;1182
11;2025-12-31;12;1220
11;2025-12-31;13;1210
11;2025-12-31;14;1340
11;2025-12-31;15;1263
11;2025-12-31;16;1284
11;2025-12-31;17;1198
11;2025-12-31;18;1167
11;2025-12-31;19;1005
11;2025-12-31;20;940
11;2025-12-31;21;596
11;2025-12-31;22;358
11;2025-12-31;23;225
12;2025-11-01;0;239
12;2025-11-01;1;35
12;2025-11-01;2;0
12;2025-11-01;3;0
12;2025-11-01;4;22
12;2025-11-01;5;552
12;2025-11-01;6;1637
12;2025-11-01;7;1884
12;2025-11-01;8;1844
12;2025-11-01;9;2088
12;2025-11-01;10;2312
12;2025-11-01;11;2531
12;2025-11-01;12;2428
12;2025-11-01;13;2719
12;2025-11-01;14;2495
12;2025-11-01;15;2663
12;2025-11-01;16;2774
12;2025-11-01;17;2621
12;2025-11-01;18;2788
12;2025-11-01;19;2293
12;2025-11-01;20;2301
12;2025-11-01;21;1937
12;2025-11-01;22;1292
12;2025-11-01;23;957
12;2025-11-02;0;95
12;2025-11-02;1;7
12;2025-11-02;2;0
12;2025-11-02;3;0
12;2025-11-02;4;1
12;2025-11-02;5;178
12;2025-11-02;6;545
12;2025-11-02;7;643
12;2025-11-02;8;737
12;2025-11-02;9;927
12;2025-11-02;10;1094
12;2025-11-02;11;1273
12;2025-11-02;12;1320
12;2025-11-02;13;1543
12;2025-11-02;14;1418
12;2025-11-02;15;1321
12;2025-11-02;16;1430
12;2025-11-02;17;1485
12;2025-11-02;18;1243
12;2025-11-02;19;1037
12;2025-11-02;20;790
12;2025-11-02;21;615
12;2025-11-02;22;404
12;2025-11-02;23;219
12;2025-11-03;0;82
12;2025-11-03;1;11
12;2025-11-03;2;0
12;2025-11-03;3;0
12;2025-11-03;4;5
12;2025-11-03;5;266
12;2025-11-03;6;809
12;2025-11-03;7;958
12;2025-11-03;8;913
12;2025-11-03;9;1072
12;2025-11-03;10;1181
12;2025-11-03;11;1257
12;2025-11-03;12;1259
12;2025-11-03;13;1373
12;2025-11-03;14;1355
12;2025-11-03;15;1325
12;2025-11-03;16;1405
12;2025-11-03;17;1395
12;2025-11-03;18;1264
12;2025-11-03;19;1205
12;2025-11-03;20;1031
12;2025-11-03;21;591
12;2025-11-03;22;402
12;2025-11-03;23;289
12;2025-11-04;0;72
12;2025-11-04;1;12
12;2025-11-04;2;0
12;2025-11-04;3;0
12;2025-11-04;4;4
12;2025-11-04;5;143
12;2025-11-04;6;516
12;2025-11-04;7;557
12;2025-11-04;8;619
12;2025-11-04;9;703
12;2025-11-04;10;869
12;2025-11-04;11;902
12;2025-11-04;12;1110
12;2025-11-04;13;1345
12;2025-11-04;14;1202
12;2025-11-04;15;983
12;2025-11-04;16;1344
12;2025-11-04;17;1075
12;2025-11-04;18;1086
12;2025-11-04;19;1110
12;2025-11-04;20;695
12;2025-11-04;21;660
12;2025-11-04;22;360
12;2025-11-04;23;219
12;2025-11-05;0;61
12;2025-11-05;1;1
12;2025-11-05;2;0
12;2025-11-05;3;0
12;2025-11-05;4;8
12;2025-11-05;5;359
12;2025-11-05;6;1490
12;2025-11-05;7;2664
12;2025-11-05;8;3407
12;2025-11-05;9;2492
12;2025-11-05;10;2054
12;2025-11-05;11;1922
12;2025-11-05;12;2036
12;2025-11-05;13;1985
12;2025-11-05;14;1973
12;2025-11-05;15;2153
12;2025-11-05;16;2682
12;2025-11-05;17;2910
12;2025-11-05;18;3155
12;2025-11-05;19;2530
12;2025-11-05;20;1580
12;2025-11-05;21;1032
12;2025-11-05;22;535
12;2025-11-05;23;270
12;2025-11-06;0;55
12;2025-11-06;1;2
12;2025-11-06;2;0
12;2025-11-06;3;0
12;2025-11-06;4;6
12;2025-11-06;5;363
12;2025-11-06;6;1430
12;2025-11-06;7;2667
12;2025-11-06;8;3452
12;2025-11-06;9;2406
12;2025-11-06;10;1994
12;2025-11-06;11;1942
12;2025-11-06;12;1992
12;2025-11-06;13;1971
12;2025-11-06;14;1962
12;2025-11-06;15;2221
12;2025-11-06;16;2708
12;2025-11-06;17;2997
12;2025-11-06;18;3165
12;2025-11-06;19;2528
12;2025-11-06;20;1656
12;2025-11-06;21;987
12;2025-11-06;22;530
12;2025-11-06;23;277
12;2025-11-07;0;63
12;2025-11-07;1;2
12;2025-11-07;2;0
12;2025-11-07;3;0
12;2025-11-07;4;6
12;2025-11-07;5;340
12;2025-11-07;6;1437
12;2025-11-07;7;2599
12;2025-11-07;8;3352
12;2025-11-07;9;2340
12;2025-11-07;10;1920
12;2025-11-07;11;1924
12;2025-11-07;12;1895
12;2025-11-07;13;1950
12;2025-11-07;14;1954
12;2025-11-07;15;2294
12;2025-11-07;16;2823
12;2025-11-07;17;2942
12;2025-11-07;18;2583
12;2025-11-07;19;2289
12;2025-11-07;20;1492
12;2025-11-07;21;1048
12;2025-11-07;22;558
12;2025-11-07;23;309
12;2025-11-08;0;87
12;2025-11-08;1;3
12;2025-11-08;2;0
12;2025-11-08;3;0
12;2025-11-08;4;2
12;2025-11-08;5;269
12;2025-11-08;6;879
12;2025-11-08;7;911
12;2025-11-08;8;962
12;2025-11-08;9;1103
12;2025-11-08;10;1337
12;2025-11-08;11;1397
12;2025-11-08;12;1361
12;2025-11-08;13;1606
12;2025-11-08;14;1541
12;2025-11-08;15;1360
12;2025-11-08;16;1486
12;2025-11-08;17;1426
12;2025-11-08;18;1419
12;2025-11-08;19;1415
12;2025-11-08;20;1022
12;2025-11-08;21;705
12;2025-11-08;22;432
12;2025-11-08;23;283
12;2025-11-09;0;95
12;2025-11-09;1;7
12;2025-11-09;2;0
12;2025-11-09;3;0
12;2025-11-09;4;1
12;2025-11-09;5;178
12;2025-11-09;6;545
12;2025-11-09;7;643
12;2025-11-09;8;737
12;2025-11-09;9;927
12;2025-11-09;10;1094
12;2025-11-09;11;1273
12;2025-11-09;12;1320
12;2025-11-09;13;1543
12;2025-11-09;14;1418
12;2025-11-09;15;1321
12;2025-11-09;16;1430
12;2025-11-09;17;1485
12;2025-11-09;18;1243
12;2025-11-09;19;1037
12;2025-11-09;20;790
12;2025-11-09;21;615
12;2025-11-09;22;404
12;2025-11-09;23;219
12;2025-11-10;0;70
12;2025-11-10;1;4
12;2025-11-10;2;0
12;2025-11-10;3;0
12;2025-11-10;4;6
12;2025-11-10;5;352
12;2025-11-10;6;1397
12;2025-11-10;7;2577
12;2025-11-10;8;3344
12;2025-11-10;9;2316
12;2025-11-10;10;1893
12;2025-11-10;11;1828
12;2025-11-10;12;1959
12;2025-11-10;13;1922
12;2025-11-10;14;1851
12;2025-11-10;15;2102
12;2025-11-10;16;2567
12;2025-11-10;17;2895
12;2025-11-10;18;3118
12;2025-11-10;19;2433
12;2025-11-10;20;1564
12;2025-11-10;21;935
12;2025-11-10;22;482
12;2025-11-10;23;244
12;2025-11-11;0;52
12;2025-11-11;1;1
12;2025-11-11;2;0
12;2025-11-11;3;0
12;2025-11-11;4;7
12;2025-11-11;5;363
12;2025-11-11;6;1453
12;2025-11-11;7;2722
12;2025-11-11;8;3533
12;2025-11-11;9;2471
12;2025-11-11;10;2038
12;2025-11-11;11;2001
12;2025-11-11;12;2013
12;2025-11-11;13;2030
12;2025-11-11;14;1917
12;2025-11-11;15;2179
12;2025-11-11;16;2685
12;2025-11-11;17;3005
12;2025-11-11;18;3189
12;2025-11-11;19;2554
12;2025-11-11;20;1570
12;2025-11-11;21;959
12;2025-11-11;22;533
12;2025-11-11;23;253
12;2025-11-12;0;61
12;2025-11-12;1;1
12;2025-11-12;2;0
12;2025-11-12;3;0
12;2025-11-12;4;8
12;2025-11-12;5;359
12;2025-11-12;6;1490
12;2025-11-12;7;2664
12;2025-11-12;8;3407
12;2025-11-12;9;2492
12;2025-11-12;10;2054
12;2025-11-12;11;1922
12;2025-11-12;12;2036
12;2025-11-12;13;1985
12;2025-11-12;14;1973
12;2025-11-12;15;2153
12;2025-11-12;16;2682
12;2025-11-12;17;2910
12;2025-11-12;18;3155
12;2025-11-12;19;2530
12;2025-11-12;20;1580
12;2025-11-12;21;1032
12;2025-11-12;22;535
12;2025-11-12;23;270
12;2025-11-13;0;55
12;2025-11-13;1;2
12;2025-11-13;2;0
12;2025-11-13;3;0
12;2025-11-13;4;6
12;2025-11-13;5;363
12;2025-11-13;6;1430
12;2025-11-13;7;2667
12;2025-11-13;8;3452
12;2025-11-13;9;2406
12;2025-11-13;10;1994
12;2025-11-13;11;1942
12;2025-11-13;12;1992
12;2025-11-13;13;1971
12;2025-11-13;14;1962
12;2025-11-13;15;2221
12;2025-11-13;16;2708
12;2025-11-13;17;2997
12;2025-11-13;18;3165
12;2025-11-13;19;2528
12;2025-11-13;20;1656
12;2025-11-13;21;987
12;2025-11-13;22;530
12;2025-11-13;23;277
12;2025-11-14;0;63
12;2025-11-14;1;2
12;2025-11-14;2;0
12;2025-11-14;3;0
12;2025-11-14;4;6
12;2025-11-14;5;340
12;2025-11-14;6;1437
12;2025-11-14;7;2599
12;2025-11-14;8;3352
12;2025-11-14;9;2340
12;2025-11-14;10;1920
12;2025-11-14;11;1924
12;2025-11-14;12;1895
12;2025-11-14;13;1950
12;2025-11-14;14;1954
12;2025-11-14;15;2294
12;2025-11-14;16;2823
12;2025-11-14;17;2942
12;2025-11-14;18;2583
12;2025-11-14;19;2289
12;2025-11-14;20;1492
12;2025-11-14;21;1048
12;2025-11-14;22;558
12;2025-11-14;23;309
12;2025-11-15;0;87
12;2025-11-15;1;3
12;2025-11-15;2;0
12;2025-11-15;3;0
12;2025-11-15;4;2
12;2025-11-15;5;269
12;2025-11-15;6;879
12;2025-11-15;7;911
12;2025-11-15;8;962
12;2025-11-15;9;1103
12;2025-11-15;10;1337
12;2025-11-15;11;1397
12;2025-11-15;12;1361
12;2025-11-15;13;1606
12;2025-11-15;14;1541
12;2025-11-15;15;1360
12;2025-11-15;16;1486
12;2025-11-15;17;1426
12;2025-11-15;18;1419
12;2025-11-15;19;1415
12;2025-11-15;20;1022
12;2025-11-15;21;705
12;2025-11-15;22;432
12;2025-11-15;23;283
12;2025-11-16;0;95
12;2025-11-16;1;7
12;2025-11-16;2;0
12;2025-11-16;3;0
12;2025-11-16;4;1
12;2025-11-16;5;178
12;2025-11-16;6;545
12;2025-11-16;7;643
12;2025-11-16;8;737
12;2025-11-16;9;927
12;2025-11-16;10;1094
12;2025-11-16;11;1273
12;2025-11-16;12;1320
12;2025-11-16;13;1543
12;2025-11-16;14;1418
12;2025-11-16;15;1321
12;2025-11-16;16;1430
12;2025-11-16;17;1485
12;2025-11-16;18;1243
12;2025-11-16;19;1037
12;2025-11-16;20;790
12;2025-11-16;21;615
12;2025-11-16;22;404
12;2025-11-16;23;219
12;2025-11-17;0;70
12;2025-11-17;1;4
12;2025-11-17;2;0
12;2025-11-17;3;0
12;2025-11-17;4;6
12;2025-11-17;5;352
12;2025-11-17;6;1397
12;2025-11-17;7;2577
12;2025-11-17;8;3344
12;2025-11-17;9;2316
12;2025-11-17;10;1893
12;2025-11-17;11;1828
12;2025-11-17;12;1959
12;2025-11-17;13;1922
12;2025-11-17;14;1851
12;2025-11-17;15;2102
12;2025-11-17;16;2567
12;2025-11-17;17;2895
12;2025-11-17;18;3118
12;2025-11-17;19;2433
12;2025-11-17;20;1564
12;2025-11-17;21;935
12;2025-11-17;22;482
12;2025-11-17;23;244
12;2025-11-18;0;52
12;2025-11-18;1;1
12;2025-11-18;2;0
12;2025-11-18;3;0
12;2025-11-18;4;7
12;2025-11-18;5;363
12;2025-11-18;6;1453
12;2025-11-18;7;2722
12;2025-11-18;8;3533
12;2025-11-18;9;2471
12;2025-11-18;10;2038
12;2025-11-18;11;2001
12;2025-11-18;12;2013
12;2025-11-18;13;2030
12;2025-11-18;14;1917
12;2025-11-18;15;2179
12;2025-11-18;16;2685
12;2025-11-18;17;3005
12;2025-11-18;18;3189
12;2025-11-18;19;2554
12;2025-11-18;20;1570
12;2025-11-18;21;959
12;2025-11-18;22;533
12;2025-11-18;23;253
12;2025-11-19;0;61
12;2025-11-19;1;1
12;2025-11-19;2;0
12;2025-11-19;3;0
12;2025-11-19;4;8
12;2025-11-19;5;359
12;2025-11-19;6;1490
12;2025-11-19;7;2664
12;2025-11-19;8;3407
12;2025-11-19;9;2492
12;2025-11-19;10;2054
12;2025-11-19;11;1922
12;2025-11-19;12;2036
12;2025-11-19;13;1985
12;2025-11-19;14;1973
12;2025-11-19;15;2153
12;2025-11-19;16;2682
12;2025-11-19;17;2910
12;2025-11-19;18;3155
12;2025-11-19;19;2530
12;2025-11-19;20;1580
12;2025-11-19;21;1032
12;2025-11-19;22;535
12;2025-11-19;23;270
12;2025-11-20;0;55
12;2025-11-20;1;2
12;2025-11-20;2;0
12;2025-11-20;3;0
12;2025-11-20;4;6
12;2025-11-20;5;363
12;2025-11-20;6;1430
12;2025-11-20;7;2667
12;2025-11-20;8;3452
12;2025-11-20;9;2406
12;2025-11-20;10;1994
12;2025-11-20;11;1942
12;2025-11-20;12;1992
12;2025-11-20;13;1971
12;2025-11-20;14;1962
12;2025-11-20;15;2221
12;2025-11-20;16;2708
12;2025-11-20;17;2997
12;2025-11-20;18;3165
12;2025-11-20;19;2528
12;2025-11-20;20;1656
12;2025-11-20;21;987
12;2025-11-20;22;530
12;2025-11-20;23;277
12;2025-11-21;0;63
12;2025-11-21;1;2
12;2025-11-21;2;0
12;2025-11-21;3;0
12;2025-11-21;4;6
12;2025-11-21;5;340
12;2025-11-21;6;1437
12;2025-11-21;7;2599
12;2025-11-21;8;3352
12;2025-11-21;9;2340
12;2025-11-21;10;1920
12;2025-11-21;11;1924
12;2025-11-21;12;1895
12;2025-11-21;13;1950
12;2025-11-21;14;1954
12;2025-11-21;15;2294
12;2025-11-21;16;2823
12;2025-11-21;17;2942
12;2025-11-21;18;2583
12;2025-11-21;19;2289
12;2025-11-21;20;1492
12;2025-11-21;21;1048
12;2025-11-21;22;558
12;2025-11-21;23;309
12;2025-11-22;0;87
12;2025-11-22;1;3
12;2025-11-22;2;0
12;2025-11-22;3;0
12;2025-11-22;4;2
12;2025-11-22;5;269
12;2025-11-22;6;879
12;2025-11-22;7;911
12;2025-11-22;8;962
12;2025-11-22;9;1103
12;2025-11-22;10;1337
12;2025-11-22;11;1397
12;2025-11-22;12;1361
12;2025-11-22;13;1606
12;2025-11-22;14;1541
12;2025-11-22;15;1360
12;2025-11-22;16;1486
12;2025-11-22;17;1426
12;2025-11-22;18;1419
12;2025-11-22;19;1415
12;2025-11-22;20;1022
12;2025-11-22;21;705
12;2025-11-22;22;432
12;2025-11-22;23;283
12;2025-11-23;0;95
12;2025-11-23;1;7
12;2025-11-23;2;0
12;2025-11-23;3;0
12;2025-11-23;4;1
12;2025-11-23;5;178
12;2025-11-23;6;545
12;2025-11-23;7;643
12;2025-11-23;8;737
12;2025-11-23;9;927
12;2025-11-23;10;1094
12;2025-11-23;11;1273
12;2025-11-23;12;1320
12;2025-11-23;13;1543
12;2025-11-23;14;1418
12;2025-11-23;15;1321
12;2025-11-23;16;1430
12;2025-11-23;17;1485
12;2025-11-23;18;1243
12;2025-11-23;19;1037
12;2025-11-23;20;790
12;2025-11-23;21;615
12;2025-11-23;22;404
12;2025-11-23;23;219
12;2025-11-24;0;70
12;2025-11-24;1;4
12;2025-11-24;2;0
12;2025-11-24;3;0
12;2025-11-24;4;6
12;2025-11-24;5;352
12;2025-11-24;6;1397
12;2025-11-24;7;2577
12;2025-11-24;8;3344
12;2025-11-24;9;2316
12;2025-11-24;10;1893
12;2025-11-24;11;1828
12;2025-11-24;12;1959
12;2025-11-24;13;1922
12;2025-11-24;14;1851
12;2025-11-24;15;2102
12;2025-11-24;16;2567
12;2025-11-24;17;2895
12;2025-11-24;18;3118
12;2025-11-24;19;2433
12;2025-11-24;20;1564
12;2025-11-24;21;935
12;2025-11-24;22;482
12;2025-11-24;23;244
12;2025-11-25;0;52
12;2025-11-25;1;1
12;2025-11-25;2;0
12;2025-11-25;3;0
12;2025-11-25;4;7
12;2025-11-25;5;363
12;2025-11-25;6;1453
12;2025-11-25;7;2722
12;2025-11-25;8;3533
12;2025-11-25;9;2471
12;2025-11-25;10;2038
12;2025-11-25;11;2001
12;2025-11-25;12;2013
12;2025-11-25;13;2030
12;2025-11-25;14;1917
12;2025-11-25;15;2179
12;2025-11-25;16;2685
12;2025-11-25;17;3005
12;2025-11-25;18;3189
12;2025-11-25;19;2554
12;2025-11-25;20;1570
12;2025-11-25;21;959
12;2025-11-25;22;533
12;2025-11-25;23;253
12;2025-11-26;0;61
12;2025-11-26;1;1
12;2025-11-26;2;0
12;2025-11-26;3;0
12;2025-11-26;4;8
12;2025-11-26;5;359
12;2025-11-26;6;1490
12;2025-11-26;7;2664
12;2025-11-26;8;3407
12;2025-11-26;9;2492
12;2025-11-26;10;2054
12;2025-11-26;11;1922
12;2025-11-26;12;2036
12;2025-11-26;13;1985
12;2025-11-26;14;1973
12;2025-11-26;15;2153
12;2025-11-26;16;2682
12;2025-11-26;17;2910
12;2025-11-26;18;3155
12;2025-11-26;19;2530
12;2025-11-26;20;1580
12;2025-11-26;21;1032
12;2025-11-26;22;535
12;2025-11-26;23;270
12;2025-11-27;0;55
12;2025-11-27;1;2
12;2025-11-27;2;0
12;2025-11-27;3;0
12;2025-11-27;4;6
12;2025-11-27;5;363
12;2025-11-27;6;1430
12;2025-11-27;7;2667
12;2025-11-27;8;3452
12;2025-11-27;9;2406
12;2025-11-27;10;1994
12;2025-11-27;11;1942
12;2025-11-27;12;1992
12;2025-11-27;13;1971
12;2025-11-27;14;1962
12;2025-11-27;15;2221
12;2025-11-27;16;2708
12;2025-11-27;17;2997
12;2025-11-27;18;3165
12;2025-11-27;19;2528
12;2025-11-27;20;1656
12;2025-11-27;21;987
12;2025-11-27;22;530
12;2025-11-27;23;277
12;2025-11-28;0;63
12;2025-11-28;1;2
12;2025-11-28;2;0
12;2025-11-28;3;0
12;2025-11-28;4;6
12;2025-11-28;5;340
12;2025-11-28;6;1437
12;2025-11-28;7;2599
12;2025-11-28;8;3352
12;2025-11-28;9;2340
12;2025-11-28;10;1920
12;2025-11-28;11;1924
12;2025-11-28;12;1895
12;2025-11-28;13;1950
12;2025-11-28;14;1954
12;2025-11-28;15;2294
12;2025-11-28;16;2823
12;2025-11-28;17;2942
12;2025-11-28;18;2583
12;2025-11-28;19;2289
12;2025-11-28;20;1492
12;2025-11-28;21;1048
12;2025-11-28;22;558
12;2025-11-28;23;309
12;2025-11-29;0;87
12;2025-11-29;1;3
12;2025-11-29;2;0
12;2025-11-29;3;0
12;2025-11-29;4;2
12;2025-11-29;5;269
12;2025-11-29;6;879
12;2025-11-29;7;911
12;2025-11-29;8;962
12;2025-11-29;9;1103
12;2025-11-29;10;1337
12;2025-11-29;11;1397
12;2025-11-29;12;1361
12;2025-11-29;13;1606
12;2025-11-29;14;1541
12;2025-11-29;15;1360
12;2025-11-29;16;1486
12;2025-11-29;17;1426
12;2025-11-29;18;1419
12;2025-11-29;19;1415
12;2025-11-29;20;1022
12;2025-11-29;21;705
12;2025-11-29;22;432
12;2025-11-29;23;283
12;2025-11-30;0;95
12;2025-11-30;1;7
12;2025-11-30;2;0
12;2025-11-30;3;0
12;2025-11-30;4;1
12;2025-11-30;5;178
12;2025-11-30;6;545
12;2025-11-30;7;643
12;2025-11-30;8;737
12;2025-11-30;9;927
12;2025-11-30;10;1094
12;2025-11-30;11;1273
12;2025-11-30;12;1320
12;2025-11-30;13;1543
12;2025-11-30;14;1418
12;2025-11-30;15;1321
12;2025-11-30;16;1430
12;2025-11-30;17;1485
12;2025-11-30;18;1243
12;2025-11-30;19;1037
12;2025-11-30;20;790
12;2025-11-30;21;615
12;2025-11-30;22;404
12;2025-11-30;23;219
12;2025-12-01;0;70
12;2025-12-01;1;4
12;2025-12-01;2;0
12;2025-12-01;3;0
12;2025-12-01;4;6
12;2025-12-01;5;352
12;2025-12-01;6;1397
12;2025-12-01;7;2577
12;2025-12-01;8;3344
12;2025-12-01;9;2316
12;2025-12-01;10;1893
12;2025-12-01;11;1828
12;2025-12-01;12;1959
12;2025-12-01;13;1922
12;2025-12-01;14;1851
12;2025-12-01;15;2102
12;2025-12-01;16;2567
12;2025-12-01;17;2895
12;2025-12-01;18;3118
12;2025-12-01;19;2433
12;2025-12-01;20;1564
12;2025-12-01;21;935
12;2025-12-01;22;482
12;2025-12-01;23;244
12;2025-12-02;0;52
12;2025-12-02;1;1
12;2025-12-02;2;0
12;2025-12-02;3;0
12;2025-12-02;4;7
12;2025-12-02;5;363
12;2025-12-02;6;1453
12;2025-12-02;7;2722
12;2025-12-02;8;3533
12;2025-12-02;9;2471
12;2025-12-02;10;2038
12;2025-12-02;11;2001
12;2025-12-02;12;2013
12;2025-12-02;13;2030
12;2025-12-02;14;1917
12;2025-12-02;15;2179
12;2025-12-02;16;2685
12;2025-12-02;17;3005
12;2025-12-02;18;3189
12;2025-12-02;19;2554
12;2025-12-02;20;1570
12;2025-12-02;21;959
12;2025-12-02;22;533
12;2025-12-02;23;253
12;2025-12-03;0;61
12;2025-12-03;1;1
12;2025-12-03;2;0
12;2025-12-03;3;0
12;2025-12-03;4;8
12;2025-12-03;5;359
12;2025-12-03;6;1490
12;2025-12-03;7;2664
12;2025-12-03;8;3407
12;2025-12-03;9;2492
12;2025-12-03;10;2054
12;2025-12-03;11;1922
12;2025-12-03;12;2036
12;2025-12-03;13;1985
12;2025-12-03;14;1973
12;2025-12-03;15;2153
12;2025-12-03;16;2682
12;2025-12-03;17;2910
12;2025-12-03;18;3155
12;2025-12-03;19;2530
12;2025-12-03;20;1580
12;2025-12-03;21;1032
12;2025-12-03;22;535
12;2025-12-03;23;270
12;2025-12-04;0;55
12;2025-12-04;1;2
12;2025-12-04;2;0
12;2025-12-04;3;0
12;2025-12-04;4;6
12;2025-12-04;5;363
12;2025-12-04;6;1430
12;2025-12-04;7;2667
12;2025-12-04;8;3452
12;2025-12-04;9;2406
12;2025-12-04;10;1994
12;2025-12-04;11;1942
12;2025-12-04;12;1992
12;2025-12-04;13;1971
12;2025-12-04;14;1962
12;2025-12-04;15;2221
12;2025-12-04;16;2708
12;2025-12-04;17;2997
12;2025-12-04;18;3165
12;2025-12-04;19;2528
12;2025-12-04;20;1656
12;2025-12-04;21;987
12;2025-12-04;22;530
12;2025-12-04;23;277
12;2025-12-05;0;63
12;2025-12-05;1;2
12;2025-12-05;2;0
12;2025-12-05;3;0
12;2025-12-05;4;6
12;2025-12-05;5;340
12;2025-12-05;6;1437
12;2025-12-05;7;2599
12;2025-12-05;8;3352
12;2025-12-05;9;2340
12;2025-12-05;10;1920
12;2025-12-05;11;1924
12;2025-12-05;12;1895
12;2025-12-05;13;1950
12;2025-12-05;14;1954
12;2025-12-05;15;2294
12;2025-12-05;16;2823
12;2025-12-05;17;2942
12;2025-12-05;18;2583
12;2025-12-05;19;2289
12;2025-12-05;20;1492
12;2025-12-05;21;1048
12;2025-12-05;22;558
12;2025-12-05;23;309
12;2025-12-06;0;87
12;2025-12-06;1;3
12;2025-12-06;2;0
12;2025-12-06;3;0
12;2025-12-06;4;2
12;2025-12-06;5;269
12;2025-12-06;6;879
12;2025-12-06;7;911
12;2025-12-06;8;962
12;2025-12-06;9;1103
12;2025-12-06;10;1337
12;2025-12-06;11;1397
12;2025-12-06;12;1361
12;2025-12-06;13;1606
12;2025-12-06;14;1541
12;2025-12-06;15;1360
12;2025-12-06;16;1486
12;2025-12-06;17;1426
12;2025-12-06;18;1419
12;2025-12-06;19;1415
12;2025-12-06;20;1022
12;2025-12-06;21;705
12;2025-12-06;22;432
12;2025-12-06;23;283
12;2025-12-07;0;95
12;2025-12-07;1;7
12;2025-12-07;2;0
12;2025-12-07;3;0
12;2025-12-07;4;1
12;2025-12-07;5;178
12;2025-12-07;6;545
12;2025-12-07;7;643
12;2025-12-07;8;737
12;2025-12-07;9;927
12;2025-12-07;10;1094
12;2025-12-07;11;1273
12;2025-12-07;12;1320
12;2025-12-07;13;1543
12;2025-12-07;14;1418
12;2025-12-07;15;1321
12;2025-12-07;16;1430
12;2025-12-07;17;1485
12;2025-12-07;18;1243
12;2025-12-07;19;1037
12;2025-12-07;20;790
12;2025-12-07;21;615
12;2025-12-07;22;404
12;2025-12-07;23;219
12;2025-12-08;0;70
12;2025-12-08;1;4
12;2025-12-08;2;0
12;2025-12-08;3;0
12;2025-12-08;4;6
12;2025-12-08;5;352
12;2025-12-08;6;1397
12;2025-12-08;7;2577
12;2025-12-08;8;3344
12;2025-12-08;9;2316
12;2025-12-08;10;1893
12;2025-12-08;11;1828
12;2025-12-08;12;1959
12;2025-12-08;13;1922
12;2025-12-08;14;1851
12;2025-12-08;15;2102
12;2025-12-08;16;2567
12;2025-12-08;17;2895
12;2025-12-08;18;3118
12;2025-12-08;19;2433
12;2025-12-08;20;1564
12;2025-12-08;21;935
12;2025-12-08;22;482
12;2025-12-08;23;244
12;2025-12-09;0;52
12;2025-12-09;1;1
12;2025-12-09;2;0
12;2025-12-09;3;0
12;2025-12-09;4;7
12;2025-12-09;5;363
12;2025-12-09;6;1453
12;2025-12-09;7;2722
12;2025-12-09;8;3533
12;2025-12-09;9;2471
12;2025-12-09;10;2038
12;2025-12-09;11;2001
12;2025-12-09;12;2013
12;2025-12-09;13;2030
12;2025-12-09;14;1917
12;2025-12-09;15;2179
12;2025-12-09;16;2685
12;2025-12-09;17;3005
12;2025-12-09;18;3189
12;2025-12-09;19;2554
12;2025-12-09;20;1570
12;2025-12-09;21;959
12;2025-12-09;22;533
12;2025-12-09;23;253
12;2025-12-10;0;61
12;2025-12-10;1;1
12;2025-12-10;2;0
12;2025-12-10;3;0
12;2025-12-10;4;8
12;2025-12-10;5;359
12;2025-12-10;6;1490
12;2025-12-10;7;2664
12;2025-12-10;8;3407
12;2025-12-10;9;2492
12;2025-12-10;10;2054
12;2025-12-10;11;1922
12;2025-12-10;12;2036
12;2025-12-10;13;1985
12;2025-12-10;14;1973
12;2025-12-10;15;2153
12;2025-12-10;16;2682
12;2025-12-10;17;2910
12;2025-12-10;18;3155
12;2025-12-10;19;2530
12;2025-12-10;20;1580
12;2025-12-10;21;1032
12;2025-12-10;22;535
12;2025-12-10;23;270
12;2025-12-11;0;55
12;2025-12-11;1;2
12;2025-12-11;2;0
12;2025-12-11;3;0
12;2025-12-11;4;6
12;2025-12-11;5;363
12;2025-12-11;6;1430
12;2025-12-11;7;2667
12;2025-12-11;8;3452
12;2025-12-11;9;2406
12;2025-12-11;10;1994
12;2025-12-11;11;1942
12;2025-12-11;12;1992
12;2025-12-11;13;1971
12;2025-12-11;14;1962
12;2025-12-11;15;2221
12;2025-12-11;16;2708
12;2025-12-11;17;2997
12;2025-12-11;18;3165
12;2025-12-11;19;2528
12;2025-12-11;20;1656
12;2025-12-11;21;987
12;2025-12-11;22;530
12;2025-12-11;23;277
12;2025-12-12;0;63
12;2025-12-12;1;2
12;2025-12-12;2;0
12;2025-12-12;3;0
12;2025-12-12;4;6
12;2025-12-12;5;340
12;2025-12-12;6;1437
12;2025-12-12;7;2599
12;2025-12-12;8;3352
12;2025-12-12;9;2340
12;2025-12-12;10;1920
12;2025-12-12;11;1924
12;2025-12-12;12;1895
12;2025-12-12;13;1950
12;2025-12-12;14;1954
12;2025-12-12;15;2294
12;2025-12-12;16;2823
12;2025-12-12;17;2942
12;2025-12-12;18;2583
12;2025-12-12;19;2289
12;2025-12-12;20;1492
12;2025-12-12;21;1048
12;2025-12-12;22;558
12;2025-12-12;23;309
12;2025-12-13;0;87
12;2025-12-13;1;3
12;2025-12-13;2;0
12;2025-12-13;3;0
12;2025-12-13;4;2
12;2025-12-13;5;269
12;2025-12-13;6;879
12;2025-12-13;7;911
12;2025-12-13;8;962
12;2025-12-13;9;1103
12;2025-12-13;10;1337
12;2025-12-13;11;1397
12;2025-12-13;12;1361
12;2025-12-13;13;1606
12;2025-12-13;14;1541
12;2025-12-13;15;1360
12;2025-12-13;16;1486
12;2025-12-13;17;1426
12;2025-12-13;18;1419
12;2025-12-13;19;1415
12;2025-12-13;20;1022
12;2025-12-13;21;705
12;2025-12-13;22;432
12;2025-12-13;23;283
12;2025-12-14;0;95
12;2025-12-14;1;7
12;2025-12-14;2;0
12;2025-12-14;3;0
12;2025-12-14;4;1
12;2025-12-14;5;178
12;2025-12-14;6;545
12;2025-12-14;7;643
12;2025-12-14;8;737
12;2025-12-14;9;927
12;2025-12-14;10;1094
12;2025-12-14;11;1273
12;2025-12-14;12;1320
12;2025-12-14;13;1543
12;2025-12-14;14;1418
12;2025-12-14;15;1321
12;2025-12-14;16;1430
12;2025-12-14;17;1485
12;2025-12-14;18;1243
12;2025-12-14;19;1037
12;2025-12-14;20;790
12;2025-12-14;21;615
12;2025-12-14;22;404
12;2025-12-14;23;219
12;2025-12-15;0;70
12;2025-12-15;1;4
12;2025-12-15;2;0
12;2025-12-15;3;0
12;2025-12-15;4;6
12;2025-12-15;5;352
12;2025-12-15;6;1397
12;2025-12-15;7;2577
12;2025-12-15;8;3344
12;2025-12-15;9;2316
12;2025-12-15;10;1893
12;2025-12-15;11;1828
12;2025-12-15;12;1959
12;2025-12-15;13;1922
12;2025-12-15;14;1851
12;2025-12-15;15;2102
12;2025-12-15;16;2567
12;2025-12-15;17;2895
12;2025-12-15;18;3118
12;2025-12-15;19;2433
12;2025-12-15;20;1564
12;2025-12-15;21;935
12;2025-12-15;22;482
12;2025-12-15;23;244
12;2025-12-16;0;52
12;2025-12-16;1;1
12;2025-12-16;2;0
12;2025-12-16;3;0
12;2025-12-16;4;7
12;2025-12-16;5;363
12;2025-12-16;6;1453
12;2025-12-16;7;2722
12;2025-12-16;8;3533
12;2025-12-16;9;2471
12;2025-12-16;10;2038
12;2025-12-16;11;2001
12;2025-12-16;12;2013
12;2025-12-16;13;2030
12;2025-12-16;14;1917
12;2025-12-16;15;2179
12;2025-12-16;16;2685
12;2025-12-16;17;3005
12;2025-12-16;18;3189
12;2025-12-16;19;2554
12;2025-12-16;20;1570
12;2025-12-16;21;959
12;2025-12-16;22;533
12;2025-12-16;23;253
12;2025-12-17;0;61
12;2025-12-17;1;1
12;2025-12-17;2;0
12;2025-12-17;3;0
12;2025-12-17;4;8
12;2025-12-17;5;359
12;2025-12-17;6;1490
12;2025-12-17;7;2664
12;2025-12-17;8;3407
12;2025-12-17;9;2492
12;2025-12-17;10;2054
12;2025-12-17;11;1922
12;2025-12-17;12;2036
12;2025-12-17;13;1985
12;2025-12-17;14;1973
12;2025-12-17;15;2153
12;2025-12-17;16;2682
12;2025-12-17;17;2910
12;2025-12-17;18;3155
12;2025-12-17;19;2530
12;2025-12-17;20;1580
12;2025-12-17;21;1032
12;2025-12-17;22;535
12;2025-12-17;23;270
12;2025-12-18;0;55
12;2025-12-18;1;2
12;2025-12-18;2;0
12;2025-12-18;3;0
12;2025-12-18;4;6
12;2025-12-18;5;363
12;2025-12-18;6;1430
12;2025-12-18;7;2667
12;2025-12-18;8;3452
12;2025-12-18;9;2406
12;2025-12-18;10;1994
12;2025-12-18;11;1942
12;2025-12-18;12;1992
12;2025-12-18;13;1971
12;2025-12-18;14;1962
12;2025-12-18;15;2221
12;2025-12-18;16;2708
12;2025-12-18;17;2997
12;2025-12-18;18;3165
12;2025-12-18;19;2528
12;2025-12-18;20;1656
12;2025-12-18;21;987
12;2025-12-18;22;530
12;2025-12-18;23;277
12;2025-12-19;0;63
12;2025-12-19;1;2
12;2025-12-19;2;0
12;2025-12-19;3;0
12;2025-12-19;4;6
12;2025-12-19;5;340
12;2025-12-19;6;1437
12;2025-12-19;7;2599
12;2025-12-19;8;3352
12;2025-12-19;9;2340
12;2025-12-19;10;1920
12;2025-12-19;11;1924
12;2025-12-19;12;1895
12;2025-12-19;13;1950
12;2025-12-19;14;1954
12;2025-12-19;15;2294
12;2025-12-19;16;2823
12;2025-12-19;17;2942
12;2025-12-19;18;2583
12;2025-12-19;19;2289
12;2025-12-19;20;1492
12;2025-12-19;21;1048
12;2025-12-19;22;558
12;2025-12-19;23;309
12;2025-12-20;0;87
12;2025-12-20;1;3
12;2025-12-20;2;0
12;2025-12-20;3;0
12;2025-12-20;4;2
12;2025-12-20;5;269
12;2025-12-20;6;879
12;2025-12-20;7;911
12;2025-12-20;8;962
12;2025-12-20;9;1103
12;2025-12-20;10;1337
12;2025-12-20;11;1397
12;2025-12-20;12;1361
12;2025-12-20;13;1606
12;2025-12-20;14;1541
12;2025-12-20;15;1360
12;2025-12-20;16;1486
12;2025-12-20;17;1426
12;2025-12-20;18;1419
12;2025-12-20;19;1415
12;2025-12-20;20;1022
12;2025-12-20;21;705
12;2025-12-20;22;432
12;2025-12-20;23;283
12;2025-12-21;0;95
12;2025-12-21;1;7
12;2025-12-21;2;0
12;2025-12-21;3;0
12;2025-12-21;4;1
12;2025-12-21;5;178
12;2025-12-21;6;545
12;2025-12-21;7;643
12;2025-12-21;8;737
12;2025-12-21;9;927
12;2025-12-21;10;1094
12;2025-12-21;11;1273
12;2025-12-21;12;1320
12;2025-12-21;13;1543
12;2025-12-21;14;1418
12;2025-12-21;15;1321
12;2025-12-21;16;1430
12;2025-12-21;17;1485
12;2025-12-21;18;1243
12;2025-12-21;19;1037
12;2025-12-21;20;790
12;2025-12-21;21;615
12;2025-12-21;22;404
12;2025-12-21;23;219
12;2025-12-22;0;70
12;2025-12-22;1;4
12;2025-12-22;2;0
12;2025-12-22;3;0
12;2025-12-22;4;6
12;2025-12-22;5;352
12;2025-12-22;6;1397
12;2025-12-22;7;2577
12;2025-12-22;8;3344
12;2025-12-22;9;2316
12;2025-12-22;10;1893
12;2025-12-22;11;1828
12;2025-12-22;12;1959
12;2025-12-22;13;1922
12;2025-12-22;14;1851
12;2025-12-22;15;2102
12;2025-12-22;16;2567
12;2025-12-22;17;2895
12;2025-12-22;18;3118
12;2025-12-22;19;2433
12;2025-12-22;20;1564
12;2025-12-22;21;935
12;2025-12-22;22;482
12;2025-12-22;23;244
12;2025-12-23;0;52
12;2025-12-23;1;1
12;2025-12-23;2;0
12;2025-12-23;3;0
12;2025-12-23;4;7
12;2025-12-23;5;363
12;2025-12-23;6;1453
12;2025-12-23;7;2722
12;2025-12-23;8;3533
12;2025-12-23;9;2471
12;2025-12-23;10;2038
12;2025-12-23;11;2001
12;2025-12-23;12;2013
12;2025-12-23;13;2030
12;2025-12-23;14;1917
12;2025-12-23;15;2179
12;2025-12-23;16;2685
12;2025-12-23;17;3005
12;2025-12-23;18;3189
12;2025-12-23;19;2554
12;2025-12-23;20;1570
12;2025-12-23;21;959
12;2025-12-23;22;533
12;2025-12-23;23;253
12;2025-12-24;0;61
12;2025-12-24;1;1
12;2025-12-24;2;0
12;2025-12-24;3;0
12;2025-12-24;4;8
12;2025-12-24;5;359
12;2025-12-24;6;1490
12;2025-12-24;7;2664
12;2025-12-24;8;3407
12;2025-12-24;9;2492
12;2025-12-24;10;2054
12;2025-12-24;11;1922
12;2025-12-24;12;2036
12;2025-12-24;13;1985
12;2025-12-24;14;1973
12;2025-12-24;15;2153
12;2025-12-24;16;2682
12;2025-12-24;17;2910
12;2025-12-24;18;3155
12;2025-12-24;19;2530
12;2025-12-24;20;1580
12;2025-12-24;21;1032
12;2025-12-24;22;535
12;2025-12-24;23;270
12;2025-12-25;0;55
12;2025-12-25;1;2
12;2025-12-25;2;0
12;2025-12-25;3;0
12;2025-12-25;4;6
12;2025-12-25;5;363
12;2025-12-25;6;1430
12;2025-12-25;7;2667
12;2025-12-25;8;3452
12;2025-12-25;9;2406
12;2025-12-25;10;1994
12;2025-12-25;11;1942
12;2025-12-25;12;1992
12;2025-12-25;13;1971
12;2025-12-25;14;1962
12;2025-12-25;15;2221
12;2025-12-25;16;2708
12;2025-12-25;17;2997
12;2025-12-25;18;3165
12;2025-12-25;19;2528
12;2025-12-25;20;1656
12;2025-12-25;21;987
12;2025-12-25;22;530
12;2025-12-25;23;277
12;2025-12-26;0;63
12;2025-12-26;1;2
12;2025-12-26;2;0
12;2025-12-26;3;0
12;2025-12-26;4;6
12;2025-12-26;5;340
12;2025-12-26;6;1437
12;2025-12-26;7;2599
12;2025-12-26;8;3352
12;2025-12-26;9;2340
12;2025-12-26;10;1920
12;2025-12-26;11;1924
12;2025-12-26;12;1895
12;2025-12-26;13;1950
12;2025-12-26;14;1954
12;2025-12-26;15;2294
12;2025-12-26;16;2823
12;2025-12-26;17;2942
12;2025-12-26;18;2583
12;2025-12-26;19;2289
12;2025-12-26;20;1492
12;2025-12-26;21;1048
12;2025-12-26;22;558
12;2025-12-26;23;309
12;2025-12-27;0;87
12;2025-12-27;1;3
12;2025-12-27;2;0
12;2025-12-27;3;0
12;2025-12-27;4;2
12;2025-12-27;5;269
12;2025-12-27;6;879
12;2025-12-27;7;911
12;2025-12-27;8;962
12;2025-12-27;9;1103
12;2025-12-27;10;1337
12;2025-12-27;11;1397
12;2025-12-27;12;1361
12;2025-12-27;13;1606
12;2025-12-27;14;1541
12;2025-12-27;15;1360
12;2025-12-27;16;1486
12;2025-12-27;17;1426
12;2025-12-27;18;1419
12;2025-12-27;19;1415
12;2025-12-27;20;1022
12;2025-12-27;21;705
12;2025-12-27;22;432
12;2025-12-27;23;283
12;2025-12-28;0;95
12;2025-12-28;1;7
12;2025-12-28;2;0
12;2025-12-28;3;0
12;2025-12-28;4;1
12;2025-12-28;5;178
12;2025-12-28;6;545
12;2025-12-28;7;643
12;2025-12-28;8;737
12;2025-12-28;9;927
12;2025-12-28;10;1094
12;2025-12-28;11;1273
12;2025-12-28;12;1320
12;2025-12-28;13;1543
12;2025-12-28;14;1418
12;2025-12-28;15;1321
12;2025-12-28;16;1430
12;2025-12-28;17;1485
12;2025-12-28;18;1243
12;2025-12-28;19;1037
12;2025-12-28;20;790
12;2025-12-28;21;615
12;2025-12-28;22;404
12;2025-12-28;23;219
12;2025-12-29;0;70
12;2025-12-29;1;4
12;2025-12-29;2;0
12;2025-12-29;3;0
12;2025-12-29;4;6
12;2025-12-29;5;352
12;2025-12-29;6;1397
12;2025-12-29;7;2577
12;2025-12-29;8;3344
12;2025-12-29;9;2316
12;2025-12-29;10;1893
12;2025-12-29;11;1828
12;2025-12-29;12;1959
12;2025-12-29;13;1922
12;2025-12-29;14;1851
12;2025-12-29;15;2102
12;2025-12-29;16;2567
12;2025-12-29;17;2895
12;2025-12-29;18;3118
12;2025-12-29;19;2433
12;2025-12-29;20;1564
12;2025-12-29;21;935
12;2025-12-29;22;482
12;2025-12-29;23;244
12;2025-12-30;0;52
12;2025-12-30;1;1
12;2025-12-30;2;0
12;2025-12-30;3;0
12;2025-12-30;4;7
12;2025-12-30;5;363
12;2025-12-30;6;1453
12;2025-12-30;7;2722
12;2025-12-30;8;3533
12;2025-12-30;9;2471
12;2025-12-30;10;2038
12;2025-12-30;11;2001
12;2025-12-30;12;2013
12;2025-12-30;13;2030
12;2025-12-30;14;1917
12;2025-12-30;15;2179
12;2025-12-30;16;2685
12;2025-12-30;17;3005
12;2025-12-30;18;3189
12;2025-12-30;19;2554
12;2025-12-30;20;1570
12;2025-12-30;21;959
12;2025-12-30;22;533
12;2025-12-30;23;253
12;2025-12-31;0;55
12;2025-12-31;1;4
12;2025-12-31;2;0
12;2025-12-31;3;0
12;2025-12-31;4;7
12;2025-12-31;5;204
12;2025-12-31;6;628
12;2025-12-31;7;839
12;2025-12-31;8;836
12;2025-12-31;9;993
12;2025-12-31;10;1030
12;2025-12-31;11;1149
12;2025-12-31;12;1218
12;2025-12-31;13;1153
12;2025-12-31;14;1200
12;2025-12-31;15;1143
12;2025-12-31;16;1253
12;2025-12-31;17;1157
12;2025-12-31;18;1078
12;2025-12-31;19;1000
12;2025-12-31;20;808
12;2025-12-31;21;574
12;2025-12-31;22;381
12;2025-12-31;23;206
17;2025-11-01;0;410
17;2025-11-01;1;116
17;2025-11-01;2;0
17;2025-11-01;3;0
17;2025-11-01;4;35
17;2025-11-01;5;477
17;2025-11-01;6;1715
17;2025-11-01;7;2390
17;2025-11-01;8;2575
17;2025-11-01;9;3128
17;2025-11-01;10;3310
17;2025-11-01;11;3385
17;2025-11-01;12;3319
17;2025-11-01;13;3806
17;2025-11-01;14;3484
17;2025-11-01;15;3695
17;2025-11-01;16;3898
17;2025-11-01;17;3713
17;2025-11-01;18;3855
17;2025-11-01;19;3207
17;2025-11-01;20;3167
17;2025-11-01;21;2822
17;2025-11-01;22;1885
17;2025-11-01;23;1389
17;2025-11-02;0;187
17;2025-11-02;1;25
17;2025-11-02;2;0
17;2025-11-02;3;0
17;2025-11-02;4;3
17;2025-11-02;5;103
17;2025-11-02;6;410
17;2025-11-02;7;752
17;2025-11-02;8;1165
17;2025-11-02;9;1599
17;2025-11-02;10;1848
17;2025-11-02;11;2255
17;2025-11-02;12;2619
17;2025-11-02;13;2861
17;2025-11-02;14;2886
17;2025-11-02;15;2897
17;2025-11-02;16;2763
17;2025-11-02;17;2733
17;2025-11-02;18;2467
17;2025-11-02;19;2042
17;2025-11-02;20;1607
17;2025-11-02;21;1160
17;2025-11-02;22;755
17;2025-11-02;23;329
17;2025-11-03;0;115
17;2025-11-03;1;21
17;2025-11-03;2;0
17;2025-11-03;3;0
17;2025-11-03;4;17
17;2025-11-03;5;221
17;2025-11-03;6;736
17;2025-11-03;7;1283
17;2025-11-03;8;1564
17;2025-11-03;9;1868
17;2025-11-03;10;2005
17;2025-11-03;11;2008
17;2025-11-03;12;2468
17;2025-11-03;13;2541
17;2025-11-03;14;2556
17;2025-11-03;15;2719
17;2025-11-03;16;2697
17;2025-11-03;17;2821
17;2025-11-03;18;2626
17;2025-11-03;19;2188
17;2025-11-03;20;1833
17;2025-11-03;21;1163
17;2025-11-03;22;694
17;2025-11-03;23;367
17;2025-11-04;0;206
17;2025-11-04;1;61
17;2025-11-04;2;0
17;2025-11-04;3;0
17;2025-11-04;4;11
17;2025-11-04;5;97
17;2025-11-04;6;377
17;2025-11-04;7;691
17;2025-11-04;8;999
17;2025-11-04;9;1215
17;2025-11-04;10;1393
17;2025-11-04;11;1824
17;2025-11-04;12;2270
17;2025-11-04;13;2589
17;2025-11-04;14;2673
17;2025-11-04;15;2904
17;2025-11-04;16;3083
17;2025-11-04;17;2971
17;2025-11-04;18;2437
17;2025-11-04;19;2220
17;2025-11-04;20;1667
17;2025-11-04;21;1282
17;2025-11-04;22;841
17;2025-11-04;23;339
17;2025-11-05;0;130
17;2025-11-05;1;11
17;2025-11-05;2;0
17;2025-11-05;3;0
17;2025-11-05;4;28
17;2025-11-05;5;313
17;2025-11-05;6;1495
17;2025-11-05;7;3912
17;2025-11-05;8;5126
17;2025-11-05;9;3659
17;2025-11-05;10;2863
17;2025-11-05;11;2831
17;2025-11-05;12;2895
17;2025-11-05;13;2961
17;2025-11-05;14;2988
17;2025-11-05;15;3117
17;2025-11-05;16;3461
17;2025-11-05;17;4272
17;2025-11-05;18;4805
17;2025-11-05;19;3413
17;2025-11-05;20;2360
17;2025-11-05;21;1510
17;2025-11-05;22;846
17;2025-11-05;23;395
17;2025-11-06;0;140
17;2025-11-06;1;9
17;2025-11-06;2;0
17;2025-11-06;3;0
17;2025-11-06;4;26
17;2025-11-06;5;317
17;2025-11-06;6;1499
17;2025-11-06;7;3837
17;2025-11-06;8;5156
17;2025-11-06;9;3709
17;2025-11-06;10;2902
17;2025-11-06;11;2830
17;2025-11-06;12;2905
17;2025-11-06;13;2974
17;2025-11-06;14;2964
17;2025-11-06;15;3131
17;2025-11-06;16;3579
17;2025-11-06;17;4386
17;2025-11-06;18;4789
17;2025-11-06;19;3460
17;2025-11-06;20;2427
17;2025-11-06;21;1552
17;2025-11-06;22;881
17;2025-11-06;23;412
17;2025-11-07;0;150
17;2025-11-07;1;15
17;2025-11-07;2;0
17;2025-11-07;3;0
17;2025-11-07;4;25
17;2025-11-07;5;306
17;2025-11-07;6;1473
17;2025-11-07;7;3790
17;2025-11-07;8;5034
17;2025-11-07;9;3619
17;2025-11-07;10;2855
17;2025-11-07;11;2847
17;2025-11-07;12;2892
17;2025-11-07;13;2984
17;2025-11-07;14;3077
17;2025-11-07;15;3329
17;2025-11-07;16;3924
17;2025-11-07;17;4383
17;2025-11-07;18;4298
17;2025-11-07;19;3183
17;2025-11-07;20;2339
17;2025-11-07;21;1609
17;2025-11-07;22;940
17;2025-11-07;23;469
17;2025-11-08;0;199
17;2025-11-08;1;23
17;2025-11-08;2;0
17;2025-11-08;3;0
17;2025-11-08;4;4
17;2025-11-08;5;127
17;2025-11-08;6;535
17;2025-11-08;7;1129
17;2025-11-08;8;1618
17;2025-11-08;9;1980
17;2025-11-08;10;2204
17;2025-11-08;11;2563
17;2025-11-08;12;2814
17;2025-11-08;13;2963
17;2025-11-08;14;2906
17;2025-11-08;15;3015
17;2025-11-08;16;2974
17;2025-11-08;17;2898
17;2025-11-08;18;2730
17;2025-11-08;19;2325
17;2025-11-08;20;1880
17;2025-11-08;21;1367
17;2025-11-08;22;892
17;2025-11-08;23;442
17;2025-11-09;0;187
17;2025-11-09;1;25
17;2025-11-09;2;0
17;2025-11-09;3;0
17;2025-11-09;4;3
17;2025-11-09;5;103
17;2025-11-09;6;410
17;2025-11-09;7;752
17;2025-11-09;8;1165
17;2025-11-09;9;1599
17;2025-11-09;10;1848
17;2025-11-09;11;2255
17;2025-11-09;12;2619
17;2025-11-09;13;2861
17;2025-11-09;14;2886
17;2025-11-09;15;2897
17;2025-11-09;16;2763
17;2025-11-09;17;2733
17;2025-11-09;18;2467
17;2025-11-09;19;2042
17;2025-11-09;20;1607
17;2025-11-09;21;1160
17;2025-11-09;22;755
17;2025-11-09;23;329
17;2025-11-10;0;115
17;2025-11-10;1;13
17;2025-11-10;2;0
17;2025-11-10;3;0
17;2025-11-10;4;24
17;2025-11-10;5;306
17;2025-11-10;6;1469
17;2025-11-10;7;3855
17;2025-11-10;8;5151
17;2025-11-10;9;3627
17;2025-11-10;10;2770
17;2025-11-10;11;2761
17;2025-11-10;12;2768
17;2025-11-10;13;2840
17;2025-11-10;14;2847
17;2025-11-10;15;3054
17;2025-11-10;16;3430
17;2025-11-10;17;4268
17;2025-11-10;18;4772
17;2025-11-10;19;3427
17;2025-11-10;20;2314
17;2025-11-10;21;1392
17;2025-11-10;22;774
17;2025-11-10;23;333
17;2025-11-11;0;116
17;2025-11-11;1;9
17;2025-11-11;2;0
17;2025-11-11;3;0
17;2025-11-11;4;26
17;2025-11-11;5;308
17;2025-11-11;6;1515
17;2025-11-11;7;3922
17;2025-11-11;8;5239
17;2025-11-11;9;3751
17;2025-11-11;10;2886
17;2025-11-11;11;2753
17;2025-11-11;12;2879
17;2025-11-11;13;2897
17;2025-11-11;14;2966
17;2025-11-11;15;3078
17;2025-11-11;16;3484
17;2025-11-11;17;4372
17;2025-11-11;18;4868
17;2025-11-11;19;3460
17;2025-11-11;20;2397
17;2025-11-11;21;1490
17;2025-11-11;22;812
17;2025-11-11;23;366
17;2025-11-12;0;130
17;2025-11-12;1;11
17;2025-11-12;2;0
17;2025-11-12;3;0
17;2025-11-12;4;28
17;2025-11-12;5;313
17;2025-11-12;6;1495
17;2025-11-12;7;3912
17;2025-11-12;8;5126
17;2025-11-12;9;3659
17;2025-11-12;10;2863
17;2025-11-12;11;2831
17;2025-11-12;12;2895
17;2025-11-12;13;2961
17;2025-11-12;14;2988
17;2025-11-12;15;3117
17;2025-11-12;16;3461
17;2025-11-12;17;4272
17;2025-11-12;18;4805
17;2025-11-12;19;3413
17;2025-11-12;20;2360
17;2025-11-12;21;1510
17;2025-11-12;22;846
17;2025-11-12;23;395
17;2025-11-13;0;140
17;2025-11-13;1;9
17;2025-11-13;2;0
17;2025-11-13;3;0
17;2025-11-13;4;26
17;2025-11-13;5;317
17;2025-11-13;6;1499
17;2025-11-13;7;3837
17;2025-11-13;8;5156
17;2025-11-13;9;3709
17;2025-11-13;10;2902
17;2025-11-13;11;2830
17;2025-11-13;12;2905
17;2025-11-13;13;2974
17;2025-11-13;14;2964
17;2025-11-13;15;3131
17;2025-11-13;16;3579
17;2025-11-13;17;4386
17;2025-11-13;18;4789
17;2025-11-13;19;3460
17;2025-11-13;20;2427
17;2025-11-13;21;1552
17;2025-11-13;22;881
17;2025-11-13;23;412
17;2025-11-14;0;150
17;2025-11-14;1;15
17;2025-11-14;2;0
17;2025-11-14;3;0
17;2025-11-14;4;25
17;2025-11-14;5;306
17;2025-11-14;6;1473
17;2025-11-14;7;3790
17;2025-11-14;8;5034
17;2025-11-14;9;3619
17;2025-11-14;10;2855
17;2025-11-14;11;2847
17;2025-11-14;12;2892
17;2025-11-14;13;2984
17;2025-11-14;14;3077
17;2025-11-14;15;3329
17;2025-11-14;16;3924
17;2025-11-14;17;4383
17;2025-11-14;18;4298
17;2025-11-14;19;3183
17;2025-11-14;20;2339
17;2025-11-14;21;1609
17;2025-11-14;22;940
17;2025-11-14;23;469
17;2025-11-15;0;199
17;2025-11-15;1;23
17;2025-11-15;2;0
17;2025-11-15;3;0
17;2025-11-15;4;4
17;2025-11-15;5;127
17;2025-11-15;6;535
17;2025-11-15;7;1129
17;2025-11-15;8;1618
17;2025-11-15;9;1980
17;2025-11-15;10;2204
17;2025-11-15;11;2563
17;2025-11-15;12;2814
17;2025-11-15;13;2963
17;2025-11-15;14;2906
17;2025-11-15;15;3015
17;2025-11-15;16;2974
17;2025-11-15;17;2898
17;2025-11-15;18;2730
17;2025-11-15;19;2325
17;2025-11-15;20;1880
17;2025-11-15;21;1367
17;2025-11-15;22;892
17;2025-11-15;23;442
17;2025-11-16;0;187
17;2025-11-16;1;25
17;2025-11-16;2;0
17;2025-11-16;3;0
17;2025-11-16;4;3
17;2025-11-16;5;103
17;2025-11-16;6;410
17;2025-11-16;7;752
17;2025-11-16;8;1165
17;2025-11-16;9;1599
17;2025-11-16;10;1848
17;2025-11-16;11;2255
17;2025-11-16;12;2619
17;2025-11-16;13;2861
17;2025-11-16;14;2886
17;2025-11-16;15;2897
17;2025-11-16;16;2763
17;2025-11-16;17;2733
17;2025-11-16;18;2467
17;2025-11-16;19;2042
17;2025-11-16;20;1607
17;2025-11-16;21;1160
17;2025-11-16;22;755
17;2025-11-16;23;329
17;2025-11-17;0;115
17;2025-11-17;1;13
17;2025-11-17;2;0
17;2025-11-17;3;0
17;2025-11-17;4;24
17;2025-11-17;5;306
17;2025-11-17;6;1469
17;2025-11-17;7;3855
17;2025-11-17;8;5151
17;2025-11-17;9;3627
17;2025-11-17;10;2770
17;2025-11-17;11;2761
17;2025-11-17;12;2768
17;2025-11-17;13;2840
17;2025-11-17;14;2847
17;2025-11-17;15;3054
17;2025-11-17;16;3430
17;2025-11-17;17;4268
17;2025-11-17;18;4772
17;2025-11-17;19;3427
17;2025-11-17;20;2314
17;2025-11-17;21;1392
17;2025-11-17;22;774
17;2025-11-17;23;333
17;2025-11-18;0;116
17;2025-11-18;1;9
17;2025-11-18;2;0
17;2025-11-18;3;0
17;2025-11-18;4;26
17;2025-11-18;5;308
17;2025-11-18;6;1515
17;2025-11-18;7;3922
17;2025-11-18;8;5239
17;2025-11-18;9;3751
17;2025-11-18;10;2886
17;2025-11-18;11;2753
17;2025-11-18;12;2879
17;2025-11-18;13;2897
17;2025-11-18;14;2966
17;2025-11-18;15;3078
17;2025-11-18;16;3484
17;2025-11-18;17;4372
17;2025-11-18;18;4868
17;2025-11-18;19;3460
17;2025-11-18;20;2397
17;2025-11-18;21;1490
17;2025-11-18;22;812
17;2025-11-18;23;366
17;2025-11-19;0;130
17;2025-11-19;1;11
17;2025-11-19;2;0
17;2025-11-19;3;0
17;2025-11-19;4;28
17;2025-11-19;5;313
17;2025-11-19;6;1495
17;2025-11-19;7;3912
17;2025-11-19;8;5126
17;2025-11-19;9;3659
17;2025-11-19;10;2863
17;2025-11-19;11;2831
17;2025-11-19;12;2895
17;2025-11-19;13;2961
17;2025-11-19;14;2988
17;2025-11-19;15;3117
17;2025-11-19;16;3461
17;2025-11-19;17;4272
17;2025-11-19;18;4805
17;2025-11-19;19;3413
17;2025-11-19;20;2360
17;2025-11-19;21;1510
17;2025-11-19;22;846
17;2025-11-19;23;395
17;2025-11-20;0;140
17;2025-11-20;1;9
17;2025-11-20;2;0
17;2025-11-20;3;0
17;2025-11-20;4;26
17;2025-11-20;5;317
17;2025-11-20;6;1499
17;2025-11-20;7;3837
17;2025-11-20;8;5156
17;2025-11-20;9;3709
17;2025-11-20;10;2902
17;2025-11-20;11;2830
17;2025-11-20;12;2905
17;2025-11-20;13;2974
17;2025-11-20;14;2964
17;2025-11-20;15;3131
17;2025-11-20;16;3579
17;2025-11-20;17;4386
17;2025-11-20;18;4789
17;2025-11-20;19;3460
17;2025-11-20;20;2427
17;2025-11-20;21;1552
17;2025-11-20;22;881
17;2025-11-20;23;412
17;2025-11-21;0;150
17;2025-11-21;1;15
17;2025-11-21;2;0
17;2025-11-21;3;0
17;2025-11-21;4;25
17;2025-11-21;5;306
17;2025-11-21;6;1473
17;2025-11-21;7;3790
17;2025-11-21;8;5034
17;2025-11-21;9;3619
17;2025-11-21;10;2855
17;2025-11-21;11;2847
17;2025-11-21;12;2892
17;2025-11-21;13;2984
17;2025-11-21;14;3077
17;2025-11-21;15;3329
17;2025-11-21;16;3924
17;2025-11-21;17;4383
17;2025-11-21;18;4298
17;2025-11-21;19;3183
17;2025-11-21;20;2339
17;2025-11-21;21;1609
17;2025-11-21;22;940
17;2025-11-21;23;469
17;2025-11-22;0;199
17;2025-11-22;1;23
17;2025-11-22;2;0
17;2025-11-22;3;0
17;2025-11-22;4;4
17;2025-11-22;5;127
17;2025-11-22;6;535
17;2025-11-22;7;1129
17;2025-11-22;8;1618
17;2025-11-22;9;1980
17;2025-11-22;10;2204
17;2025-11-22;11;2563
17;2025-11-22;12;2814
17;2025-11-22;13;2963
17;2025-11-22;14;2906
17;2025-11-22;15;3015
17;2025-11-22;16;2974
17;2025-11-22;17;2898
17;2025-11-22;18;2730
17;2025-11-22;19;2325
17;2025-11-22;20;1880
17;2025-11-22;21;1367
17;2025-11-22;22;892
17;2025-11-22;23;442
17;2025-11-23;0;187
17;2025-11-23;1;25
17;2025-11-23;2;0
17;2025-11-23;3;0
17;2025-11-23;4;3
17;2025-11-23;5;103
17;2025-11-23;6;410
17;2025-11-23;7;752
17;2025-11-23;8;1165
17;2025-11-23;9;1599
17;2025-11-23;10;1848
17;2025-11-23;11;2255
17;2025-11-23;12;2619
17;2025-11-23;13;2861
17;2025-11-23;14;2886
17;2025-11-23;15;2897
17;2025-11-23;16;2763
17;2025-11-23;17;2733
17;2025-11-23;18;2467
17;2025-11-23;19;2042
17;2025-11-23;20;1607
17;2025-11-23;21;1160
17;2025-11-23;22;755
17;2025-11-23;23;329
17;2025-11-24;0;115
17;2025-11-24;1;13
17;2025-11-24;2;0
17;2025-11-24;3;0
17;2025-11-24;4;24
17;2025-11-24;5;306
17;2025-11-24;6;1469
17;2025-11-24;7;3855
17;2025-11-24;8;5151
17;2025-11-24;9;3627
17;2025-11-24;10;2770
17;2025-11-24;11;2761
17;2025-11-24;12;2768
17;2025-11-24;13;2840
17;2025-11-24;14;2847
17;2025-11-24;15;3054
17;2025-11-24;16;3430
17;2025-11-24;17;4268
17;2025-11-24;18;4772
17;2025-11-24;19;3427
17;2025-11-24;20;2314
17;2025-11-24;21;1392
17;2025-11-24;22;774
17;2025-11-24;23;333
17;2025-11-25;0;116
17;2025-11-25;1;9
17;2025-11-25;2;0
17;2025-11-25;3;0
17;2025-11-25;4;26
17;2025-11-25;5;308
17;2025-11-25;6;1515
17;2025-11-25;7;3922
17;2025-11-25;8;5239
17;2025-11-25;9;3751
17;2025-11-25;10;2886
17;2025-11-25;11;2753
17;2025-11-25;12;2879
17;2025-11-25;13;2897
17;2025-11-25;14;2966
17;2025-11-25;15;3078
17;2025-11-25;16;3484
17;2025-11-25;17;4372
17;2025-11-25;18;4868
17;2025-11-25;19;3460
17;2025-11-25;20;2397
17;2025-11-25;21;1490
17;2025-11-25;22;812
17;2025-11-25;23;366
17;2025-11-26;0;130
17;2025-11-26;1;11
17;2025-11-26;2;0
17;2025-11-26;3;0
17;2025-11-26;4;28
17;2025-11-26;5;313
17;2025-11-26;6;1495
17;2025-11-26;7;3912
17;2025-11-26;8;5126
17;2025-11-26;9;3659
17;2025-11-26;10;2863
17;2025-11-26;11;2831
17;2025-11-26;12;2895
17;2025-11-26;13;2961
17;2025-11-26;14;2988
17;2025-11-26;15;3117
17;2025-11-26;16;3461
17;2025-11-26;17;4272
17;2025-11-26;18;4805
17;2025-11-26;19;3413
17;2025-11-26;20;2360
17;2025-11-26;21;1510
17;2025-11-26;22;846
17;2025-11-26;23;395
17;2025-11-27;0;140
17;2025-11-27;1;9
17;2025-11-27;2;0
17;2025-11-27;3;0
17;2025-11-27;4;26
17;2025-11-27;5;317
17;2025-11-27;6;1499
17;2025-11-27;7;3837
17;2025-11-27;8;5156
17;2025-11-27;9;3709
17;2025-11-27;10;2902
17;2025-11-27;11;2830
17;2025-11-27;12;2905
17;2025-11-27;13;2974
17;2025-11-27;14;2964
17;2025-11-27;15;3131
17;2025-11-27;16;3579
17;2025-11-27;17;4386
17;2025-11-27;18;4789
17;2025-11-27;19;3460
17;2025-11-27;20;2427
17;2025-11-27;21;1552
17;2025-11-27;22;881
17;2025-11-27;23;412
17;2025-11-28;0;150
17;2025-11-28;1;15
17;2025-11-28;2;0
17;2025-11-28;3;0
17;2025-11-28;4;25
17;2025-11-28;5;306
17;2025-11-28;6;1473
17;2025-11-28;7;3790
17;2025-11-28;8;5034
17;2025-11-28;9;3619
17;2025-11-28;10;2855
17;2025-11-28;11;2847
17;2025-11-28;12;2892
17;2025-11-28;13;2984
17;2025-11-28;14;3077
17;2025-11-28;15;3329
17;2025-11-28;16;3924
17;2025-11-28;17;4383
17;2025-11-28;18;4298
17;2025-11-28;19;3183
17;2025-11-28;20;2339
17;2025-11-28;21;1609
17;2025-11-28;22;940
17;2025-11-28;23;469
17;2025-11-29;0;199
17;2025-11-29;1;23
17;2025-11-29;2;0
17;2025-11-29;3;0
17;2025-11-29;4;4
17;2025-11-29;5;127
17;2025-11-29;6;535
17;2025-11-29;7;1129
17;2025-11-29;8;1618
17;2025-11-29;9;1980
17;2025-11-29;10;2204
17;2025-11-29;11;2563
17;2025-11-29;12;2814
17;2025-11-29;13;2963
17;2025-11-29;14;2906
17;2025-11-29;15;3015
17;2025-11-29;16;2974
17;2025-11-29;17;2898
17;2025-11-29;18;2730
17;2025-11-29;19;2325
17;2025-11-29;20;1880
17;2025-11-29;21;1367
17;2025-11-29;22;892
17;2025-11-29;23;442
17;2025-11-30;0;187
17;2025-11-30;1;25
17;2025-11-30;2;0
17;2025-11-30;3;0
17;2025-11-30;4;3
17;2025-11-30;5;103
17;2025-11-30;6;410
17;2025-11-30;7;752
17;2025-11-30;8;1165
17;2025-11-30;9;1599
17;2025-11-30;10;1848
17;2025-11-30;11;2255
17;2025-11-30;12;2619
17;2025-11-30;13;2861
17;2025-11-30;14;2886
17;2025-11-30;15;2897
17;2025-11-30;16;2763
17;2025-11-30;17;2733
17;2025-11-30;18;2467
17;2025-11-30;19;2042
17;2025-11-30;20;1607
17;2025-11-30;21;1160
17;2025-11-30;22;755
17;2025-11-30;23;329
17;2025-12-01;0;115
17;2025-12-01;1;13
17;2025-12-01;2;0
17;2025-12-01;3;0
17;2025-12-01;4;24
17;2025-12-01;5;306
17;2025-12-01;6;1469
17;2025-12-01;7;3855
17;2025-12-01;8;5151
17;2025-12-01;9;3627
17;2025-12-01;10;2770
17;2025-12-01;11;2761
17;2025-12-01;12;2768
17;2025-12-01;13;2840
17;2025-12-01;14;2847
17;2025-12-01;15;3054
17;2025-12-01;16;3430
17;2025-12-01;17;4268
17;2025-12-01;18;4772
17;2025-12-01;19;3427
17;2025-12-01;20;2314
17;2025-12-01;21;1392
17;2025-12-01;22;774
17;2025-12-01;23;333
17;2025-12-02;0;116
17;2025-12-02;1;9
17;2025-12-02;2;0
17;2025-12-02;3;0
17;2025-12-02;4;26
17;2025-12-02;5;308
17;2025-12-02;6;1515
17;2025-12-02;7;3922
17;2025-12-02;8;5239
17;2025-12-02;9;3751
17;2025-12-02;10;2886
17;2025-12-02;11;2753
17;2025-12-02;12;2879
17;2025-12-02;13;2897
17;2025-12-02;14;2966
17;2025-12-02;15;3078
17;2025-12-02;16;3484
17;2025-12-02;17;4372
17;2025-12-02;18;4868
17;2025-12-02;19;3460
17;2025-12-02;20;2397
17;2025-12-02;21;1490
17;2025-12-02;22;812
17;2025-12-02;23;366
17;2025-12-03;0;130
17;2025-12-03;1;11
17;2025-12-03;2;0
17;2025-12-03;3;0
17;2025-12-03;4;28
17;2025-12-03;5;313
17;2025-12-03;6;1495
17;2025-12-03;7;3912
17;2025-12-03;8;5126
17;2025-12-03;9;3659
17;2025-12-03;10;2863
17;2025-12-03;11;2831
17;2025-12-03;12;2895
17;2025-12-03;13;2961
17;2025-12-03;14;2988
17;2025-12-03;15;3117
17;2025-12-03;16;3461
17;2025-12-03;17;4272
17;2025-12-03;18;4805
17;2025-12-03;19;3413
17;2025-12-03;20;2360
17;2025-12-03;21;1510
17;2025-12-03;22;846
17;2025-12-03;23;395
17;2025-12-04;0;140
17;2025-12-04;1;9
17;2025-12-04;2;0
17;2025-12-04;3;0
17;2025-12-04;4;26
17;2025-12-04;5;317
17;2025-12-04;6;1499
17;2025-12-04;7;3837
17;2025-12-04;8;5156
17;2025-12-04;9;3709
17;2025-12-04;10;2902
17;2025-12-04;11;2830
17;2025-12-04;12;2905
17;2025-12-04;13;2974
17;2025-12-04;14;2964
17;2025-12-04;15;3131
17;2025-12-04;16;3579
17;2025-12-04;17;4386
17;2025-12-04;18;4789
17;2025-12-04;19;3460
17;2025-12-04;20;2427
17;2025-12-04;21;1552
17;2025-12-04;22;881
17;2025-12-04;23;412
17;2025-12-05;0;150
17;2025-12-05;1;15
17;2025-12-05;2;0
17;2025-12-05;3;0
17;2025-12-05;4;25
17;2025-12-05;5;306
17;2025-12-05;6;1473
17;2025-12-05;7;3790
17;2025-12-05;8;5034
17;2025-12-05;9;3619
17;2025-12-05;10;2855
17;2025-12-05;11;2847
17;2025-12-05;12;2892
17;2025-12-05;13;2984
17;2025-12-05;14;3077
17;2025-12-05;15;3329
17;2025-12-05;16;3924
17;2025-12-05;17;4383
17;2025-12-05;18;4298
17;2025-12-05;19;3183
17;2025-12-05;20;2339
17;2025-12-05;21;1609
17;2025-12-05;22;940
17;2025-12-05;23;469
17;2025-12-06;0;199
17;2025-12-06;1;23
17;2025-12-06;2;0
17;2025-12-06;3;0
17;2025-12-06;4;4
17;2025-12-06;5;127
17;2025-12-06;6;535
17;2025-12-06;7;1129
17;2025-12-06;8;1618
17;2025-12-06;9;1980
17;2025-12-06;10;2204
17;2025-12-06;11;2563
17;2025-12-06;12;2814
17;2025-12-06;13;2963
17;2025-12-06;14;2906
17;2025-12-06;15;3015
17;2025-12-06;16;2974
17;2025-12-06;17;2898
17;2025-12-06;18;2730
17;2025-12-06;19;2325
17;2025-12-06;20;1880
17;2025-12-06;21;1367
17;2025-12-06;22;892
17;2025-12-06;23;442
17;2025-12-07;0;187
17;2025-12-07;1;25
17;2025-12-07;2;0
17;2025-12-07;3;0
17;2025-12-07;4;3
17;2025-12-07;5;103
17;2025-12-07;6;410
17;2025-12-07;7;752
17;2025-12-07;8;1165
17;2025-12-07;9;1599
17;2025-12-07;10;1848
17;2025-12-07;11;2255
17;2025-12-07;12;2619
17;2025-12-07;13;2861
17;2025-12-07;14;2886
17;2025-12-07;15;2897
17;2025-12-07;16;2763
17;2025-12-07;17;2733
17;2025-12-07;18;2467
17;2025-12-07;19;2042
17;2025-12-07;20;1607
17;2025-12-07;21;1160
17;2025-12-07;22;755
17;2025-12-07;23;329
17;2025-12-08;0;115
17;2025-12-08;1;13
17;2025-12-08;2;0
17;2025-12-08;3;0
17;2025-12-08;4;24
17;2025-12-08;5;306
17;2025-12-08;6;1469
17;2025-12-08;7;3855
17;2025-12-08;8;5151
17;2025-12-08;9;3627
17;2025-12-08;10;2770
17;2025-12-08;11;2761
17;2025-12-08;12;2768
17;2025-12-08;13;2840
17;2025-12-08;14;2847
17;2025-12-08;15;3054
17;2025-12-08;16;3430
17;2025-12-08;17;4268
17;2025-12-08;18;4772
17;2025-12-08;19;3427
17;2025-12-08;20;2314
17;2025-12-08;21;1392
17;2025-12-08;22;774
17;2025-12-08;23;333
17;2025-12-09;0;116
17;2025-12-09;1;9
17;2025-12-09;2;0
17;2025-12-09;3;0
17;2025-12-09;4;26
17;2025-12-09;5;308
17;2025-12-09;6;1515
17;2025-12-09;7;3922
17;2025-12-09;8;5239
17;2025-12-09;9;3751
17;2025-12-09;10;2886
17;2025-12-09;11;2753
17;2025-12-09;12;2879
17;2025-12-09;13;2897
17;2025-12-09;14;2966
17;2025-12-09;15;3078
17;2025-12-09;16;3484
17;2025-12-09;17;4372
17;2025-12-09;18;4868
17;2025-12-09;19;3460
17;2025-12-09;20;2397
17;2025-12-09;21;1490
17;2025-12-09;22;812
17;2025-12-09;23;366
17;2025-12-10;0;130
17;2025-12-10;1;11
17;2025-12-10;2;0
17;2025-12-10;3;0
17;2025-12-10;4;28
17;2025-12-10;5;313
17;2025-12-10;6;1495
17;2025-12-10;7;3912
17;2025-12-10;8;5126
17;2025-12-10;9;3659
17;2025-12-10;10;2863
17;2025-12-10;11;2831
17;2025-12-10;12;2895
17;2025-12-10;13;2961
17;2025-12-10;14;2988
17;2025-12-10;15;3117
17;2025-12-10;16;3461
17;2025-12-10;17;4272
17;2025-12-10;18;4805
17;2025-12-10;19;3413
17;2025-12-10;20;2360
17;2025-12-10;21;1510
17;2025-12-10;22;846
17;2025-12-10;23;395
17;2025-12-11;0;140
17;2025-12-11;1;9
17;2025-12-11;2;0
17;2025-12-11;3;0
17;2025-12-11;4;26
17;2025-12-11;5;317
17;2025-12-11;6;1499
17;2025-12-11;7;3837
17;2025-12-11;8;5156
17;2025-12-11;9;3709
17;2025-12-11;10;2902
17;2025-12-11;11;2830
17;2025-12-11;12;2905
17;2025-12-11;13;2974
17;2025-12-11;14;2964
17;2025-12-11;15;3131
17;2025-12-11;16;3579
17;2025-12-11;17;4386
17;2025-12-11;18;4789
17;2025-12-11;19;3460
17;2025-12-11;20;2427
17;2025-12-11;21;1552
17;2025-12-11;22;881
17;2025-12-11;23;412
17;2025-12-12;0;150
17;2025-12-12;1;15
17;2025-12-12;2;0
17;2025-12-12;3;0
17;2025-12-12;4;25
17;2025-12-12;5;306
17;2025-12-12;6;1473
17;2025-12-12;7;3790
17;2025-12-12;8;5034
17;2025-12-12;9;3619
17;2025-12-12;10;2855
17;2025-12-12;11;2847
17;2025-12-12;12;2892
17;2025-12-12;13;2984
17;2025-12-12;14;3077
17;2025-12-12;15;3329
17;2025-12-12;16;3924
17;2025-12-12;17;4383
17;2025-12-12;18;4298
17;2025-12-12;19;3183
17;2025-12-12;20;2339
17;2025-12-12;21;1609
17;2025-12-12;22;940
17;2025-12-12;23;469
17;2025-12-13;0;199
17;2025-12-13;1;23
17;2025-12-13;2;0
17;2025-12-13;3;0
17;2025-12-13;4;4
17;2025-12-13;5;127
17;2025-12-13;6;535
17;2025-12-13;7;1129
17;2025-12-13;8;1618
17;2025-12-13;9;1980
17;2025-12-13;10;2204
17;2025-12-13;11;2563
17;2025-12-13;12;2814
17;2025-12-13;13;2963
17;2025-12-13;14;2906
17;2025-12-13;15;3015
17;2025-12-13;16;2974
17;2025-12-13;17;2898
17;2025-12-13;18;2730
17;2025-12-13;19;2325
17;2025-12-13;20;1880
17;2025-12-13;21;1367
17;2025-12-13;22;892
17;2025-12-13;23;442
17;2025-12-14;0;187
17;2025-12-14;1;25
17;2025-12-14;2;0
17;2025-12-14;3;0
17;2025-12-14;4;3
17;2025-12-14;5;103
17;2025-12-14;6;410
17;2025-12-14;7;752
17;2025-12-14;8;1165
17;2025-12-14;9;1599
17;2025-12-14;10;1848
17;2025-12-14;11;2255
17;2025-12-14;12;2619
17;2025-12-14;13;2861
17;2025-12-14;14;2886
17;2025-12-14;15;2897
17;2025-12-14;16;2763
17;2025-12-14;17;2733
17;2025-12-14;18;2467
17;2025-12-14;19;2042
17;2025-12-14;20;1607
17;2025-12-14;21;1160
17;2025-12-14;22;755
17;2025-12-14;23;329
17;2025-12-15;0;115
17;2025-12-15;1;13
17;2025-12-15;2;0
17;2025-12-15;3;0
17;2025-12-15;4;24
17;2025-12-15;5;306
17;2025-12-15;6;1469
17;2025-12-15;7;3855
17;2025-12-15;8;5151
17;2025-12-15;9;3627
17;2025-12-15;10;2770
17;2025-12-15;11;2761
17;2025-12-15;12;2768
17;2025-12-15;13;2840
17;2025-12-15;14;2847
17;2025-12-15;15;3054
17;2025-12-15;16;3430
17;2025-12-15;17;4268
17;2025-12-15;18;4772
17;2025-12-15;19;3427
17;2025-12-15;20;2314
17;2025-12-15;21;1392
17;2025-12-15;22;774
17;2025-12-15;23;333
17;2025-12-16;0;116
17;2025-12-16;1;9
17;2025-12-16;2;0
17;2025-12-16;3;0
17;2025-12-16;4;26
17;2025-12-16;5;308
17;2025-12-16;6;1515
17;2025-12-16;7;3922
17;2025-12-16;8;5239
17;2025-12-16;9;3751
17;2025-12-16;10;2886
17;2025-12-16;11;2753
17;2025-12-16;12;2879
17;2025-12-16;13;2897
17;2025-12-16;14;2966
17;2025-12-16;15;3078
17;2025-12-16;16;3484
17;2025-12-16;17;4372
17;2025-12-16;18;4868
17;2025-12-16;19;3460
17;2025-12-16;20;2397
17;2025-12-16;21;1490
17;2025-12-16;22;812
17;2025-12-16;23;366
17;2025-12-17;0;130
17;2025-12-17;1;11
17;2025-12-17;2;0
17;2025-12-17;3;0
17;2025-12-17;4;28
17;2025-12-17;5;313
17;2025-12-17;6;1495
17;2025-12-17;7;3912
17;2025-12-17;8;5126
17;2025-12-17;9;3659
17;2025-12-17;10;2863
17;2025-12-17;11;2831
17;2025-12-17;12;2895
17;2025-12-17;13;2961
17;2025-12-17;14;2988
17;2025-12-17;15;3117
17;2025-12-17;16;3461
17;2025-12-17;17;4272
17;2025-12-17;18;4805
17;2025-12-17;19;3413
17;2025-12-17;20;2360
17;2025-12-17;21;1510
17;2025-12-17;22;846
17;2025-12-17;23;395
17;2025-12-18;0;140
17;2025-12-18;1;9
17;2025-12-18;2;0
17;2025-12-18;3;0
17;2025-12-18;4;26
17;2025-12-18;5;317
17;2025-12-18;6;1499
17;2025-12-18;7;3837
17;2025-12-18;8;5156
17;2025-12-18;9;3709
17;2025-12-18;10;2902
17;2025-12-18;11;2830
17;2025-12-18;12;2905
17;2025-12-18;13;2974
17;2025-12-18;14;2964
17;2025-12-18;15;3131
17;2025-12-18;16;3579
17;2025-12-18;17;4386
17;2025-12-18;18;4789
17;2025-12-18;19;3460
17;2025-12-18;20;2427
17;2025-12-18;21;1552
17;2025-12-18;22;881
17;2025-12-18;23;412
17;2025-12-19;0;150
17;2025-12-19;1;15
17;2025-12-19;2;0
17;2025-12-19;3;0
17;2025-12-19;4;25
17;2025-12-19;5;306
17;2025-12-19;6;1473
17;2025-12-19;7;3790
17;2025-12-19;8;5034
17;2025-12-19;9;3619
17;2025-12-19;10;2855
17;2025-12-19;11;2847
17;2025-12-19;12;2892
17;2025-12-19;13;2984
17;2025-12-19;14;3077
17;2025-12-19;15;3329
17;2025-12-19;16;3924
17;2025-12-19;17;4383
17;2025-12-19;18;4298
17;2025-12-19;19;3183
17;2025-12-19;20;2339
17;2025-12-19;21;1609
17;2025-12-19;22;940
17;2025-12-19;23;469
17;2025-12-20;0;199
17;2025-12-20;1;23
17;2025-12-20;2;0
17;2025-12-20;3;0
17;2025-12-20;4;4
17;2025-12-20;5;127
17;2025-12-20;6;535
17;2025-12-20;7;1129
17;2025-12-20;8;1618
17;2025-12-20;9;1980
17;2025-12-20;10;2204
17;2025-12-20;11;2563
17;2025-12-20;12;2814
17;2025-12-20;13;2963
17;2025-12-20;14;2906
17;2025-12-20;15;3015
17;2025-12-20;16;2974
17;2025-12-20;17;2898
17;2025-12-20;18;2730
17;2025-12-20;19;2325
17;2025-12-20;20;1880
17;2025-12-20;21;1367
17;2025-12-20;22;892
17;2025-12-20;23;442
17;2025-12-21;0;187
17;2025-12-21;1;25
17;2025-12-21;2;0
17;2025-12-21;3;0
17;2025-12-21;4;3
17;2025-12-21;5;103
17;2025-12-21;6;410
17;2025-12-21;7;752
17;2025-12-21;8;1165
17;2025-12-21;9;1599
17;2025-12-21;10;1848
17;2025-12-21;11;2255
17;2025-12-21;12;2619
17;2025-12-21;13;2861
17;2025-12-21;14;2886
17;2025-12-21;15;2897
17;2025-12-21;16;2763
17;2025-12-21;17;2733
17;2025-12-21;18;2467
17;2025-12-21;19;2042
17;2025-12-21;20;1607
17;2025-12-21;21;1160
17;2025-12-21;22;755
17;2025-12-21;23;329
17;2025-12-22;0;115
17;2025-12-22;1;13
17;2025-12-22;2;0
17;2025-12-22;3;0
17;2025-12-22;4;24
17;2025-12-22;5;306
17;2025-12-22;6;1469
17;2025-12-22;7;3855
17;2025-12-22;8;5151
17;2025-12-22;9;3627
17;2025-12-22;10;2770
17;2025-12-22;11;2761
17;2025-12-22;12;2768
17;2025-12-22;13;2840
17;2025-12-22;14;2847
17;2025-12-22;15;3054
17;2025-12-22;16;3430
17;2025-12-22;17;4268
17;2025-12-22;18;4772
17;2025-12-22;19;3427
17;2025-12-22;20;2314
17;2025-12-22;21;1392
17;2025-12-22;22;774
17;2025-12-22;23;333
17;2025-12-23;0;116
17;2025-12-23;1;9
17;2025-12-23;2;0
17;2025-12-23;3;0
17;2025-12-23;4;26
17;2025-12-23;5;308
17;2025-12-23;6;1515
17;2025-12-23;7;3922
17;2025-12-23;8;5239
17;2025-12-23;9;3751
17;2025-12-23;10;2886
17;2025-12-23;11;2753
17;2025-12-23;12;2879
17;2025-12-23;13;2897
17;2025-12-23;14;2966
17;2025-12-23;15;3078
17;2025-12-23;16;3484
17;2025-12-23;17;4372
17;2025-12-23;18;4868
17;2025-12-23;19;3460
17;2025-12-23;20;2397
17;2025-12-23;21;1490
17;2025-12-23;22;812
17;2025-12-23;23;366
17;2025-12-24;0;130
17;2025-12-24;1;11
17;2025-12-24;2;0
17;2025-12-24;3;0
17;2025-12-24;4;28
17;2025-12-24;5;313
17;2025-12-24;6;1495
17;2025-12-24;7;3912
17;2025-12-24;8;5126
17;2025-12-24;9;3659
17;2025-12-24;10;2863
17;2025-12-24;11;2831
17;2025-12-24;12;2895
17;2025-12-24;13;2961
17;2025-12-24;14;2988
17;2025-12-24;15;3117
17;2025-12-24;16;3461
17;2025-12-24;17;4272
17;2025-12-24;18;4805
17;2025-12-24;19;3413
17;2025-12-24;20;2360
17;2025-12-24;21;1510
17;2025-12-24;22;846
17;2025-12-24;23;395
17;2025-12-25;0;140
17;2025-12-25;1;9
17;2025-12-25;2;0
17;2025-12-25;3;0
17;2025-12-25;4;26
17;2025-12-25;5;317
17;2025-12-25;6;1499
17;2025-12-25;7;3837
17;2025-12-25;8;5156
17;2025-12-25;9;3709
17;2025-12-25;10;2902
17;2025-12-25;11;2830
17;2025-12-25;12;2905
17;2025-12-25;13;2974
17;2025-12-25;14;2964
17;2025-12-25;15;3131
17;2025-12-25;16;3579
17;2025-12-25;17;4386
17;2025-12-25;18;4789
17;2025-12-25;19;3460
17;2025-12-25;20;2427
17;2025-12-25;21;1552
17;2025-12-25;22;881
17;2025-12-25;23;412
17;2025-12-26;0;150
17;2025-12-26;1;15
17;2025-12-26;2;0
17;2025-12-26;3;0
17;2025-12-26;4;25
17;2025-12-26;5;306
17;2025-12-26;6;1473
17;2025-12-26;7;3790
17;2025-12-26;8;5034
17;2025-12-26;9;3619
17;2025-12-26;10;2855
17;2025-12-26;11;2847
17;2025-12-26;12;2892
17;2025-12-26;13;2984
17;2025-12-26;14;3077
17;2025-12-26;15;3329
17;2025-12-26;16;3924
17;2025-12-26;17;4383
17;2025-12-26;18;4298
17;2025-12-26;19;3183
17;2025-12-26;20;2339
17;2025-12-26;21;1609
17;2025-12-26;22;940
17;2025-12-26;23;469
17;2025-12-27;0;199
17;2025-12-27;1;23
17;2025-12-27;2;0
17;2025-12-27;3;0
17;2025-12-27;4;4
17;2025-12-27;5;127
17;2025-12-27;6;535
17;2025-12-27;7;1129
17;2025-12-27;8;1618
17;2025-12-27;9;1980
17;2025-12-27;10;2204
17;2025-12-27;11;2563
17;2025-12-27;12;2814
17;2025-12-27;13;2963
17;2025-12-27;14;2906
17;2025-12-27;15;3015
17;2025-12-27;16;2974
17;2025-12-27;17;2898
17;2025-12-27;18;2730
17;2025-12-27;19;2325
17;2025-12-27;20;1880
17;2025-12-27;21;1367
17;2025-12-27;22;892
17;2025-12-27;23;442
17;2025-12-28;0;187
17;2025-12-28;1;25
17;2025-12-28;2;0
17;2025-12-28;3;0
17;2025-12-28;4;3
17;2025-12-28;5;103
17;2025-12-28;6;410
17;2025-12-28;7;752
17;2025-12-28;8;1165
17;2025-12-28;9;1599
17;2025-12-28;10;1848
17;2025-12-28;11;2255
17;2025-12-28;12;2619
17;2025-12-28;13;2861
17;2025-12-28;14;2886
17;2025-12-28;15;2897
17;2025-12-28;16;2763
17;2025-12-28;17;2733
17;2025-12-28;18;2467
17;2025-12-28;19;2042
17;2025-12-28;20;1607
17;2025-12-28;21;1160
17;2025-12-28;22;755
17;2025-12-28;23;329
17;2025-12-29;0;115
17;2025-12-29;1;13
17;2025-12-29;2;0
17;2025-12-29;3;0
17;2025-12-29;4;24
17;2025-12-29;5;306
17;2025-12-29;6;1469
17;2025-12-29;7;3855
17;2025-12-29;8;5151
17;2025-12-29;9;3627
17;2025-12-29;10;2770
17;2025-12-29;11;2761
17;2025-12-29;12;2768
17;2025-12-29;13;2840
17;2025-12-29;14;2847
17;2025-12-29;15;3054
17;2025-12-29;16;3430
17;2025-12-29;17;4268
17;2025-12-29;18;4772
17;2025-12-29;19;3427
17;2025-12-29;20;2314
17;2025-12-29;21;1392
17;2025-12-29;22;774
17;2025-12-29;23;333
17;2025-12-30;0;116
17;2025-12-30;1;9
17;2025-12-30;2;0
17;2025-12-30;3;0
17;2025-12-30;4;26
17;2025-12-30;5;308
17;2025-12-30;6;1515
17;2025-12-30;7;3922
17;2025-12-30;8;5239
17;2025-12-30;9;3751
17;2025-12-30;10;2886
17;2025-12-30;11;2753
17;2025-12-30;12;2879
17;2025-12-30;13;2897
17;2025-12-30;14;2966
17;2025-12-30;15;3078
17;2025-12-30;16;3484
17;2025-12-30;17;4372
17;2025-12-30;18;4868
17;2025-12-30;19;3460
17;2025-12-30;20;2397
17;2025-12-30;21;1490
17;2025-12-30;22;812
17;2025-12-30;23;366
17;2025-12-31;0;92
17;2025-12-31;1;16
17;2025-12-31;2;0
17;2025-12-31;3;0
17;2025-12-31;4;18
17;2025-12-31;5;128
17;2025-12-31;6;570
17;2025-12-31;7;1194
17;2025-12-31;8;1594
17;2025-12-31;9;1865
17;2025-12-31;10;1824
17;2025-12-31;11;2131
17;2025-12-31;12;2095
17;2025-12-31;13;2108
17;2025-12-31;14;2293
17;2025-12-31;15;2316
17;2025-12-31;16;2433
17;2025-12-31;17;2324
17;2025-12-31;18;2265
17;2025-12-31;19;1742
17;2025-12-31;20;1625
17;2025-12-31;21;1072
17;2025-12-31;22;715
17;2025-12-31;23;332
25;2025-11-01;0;2
25;2025-11-01;1;1
25;2025-11-01;2;0
25;2025-11-01;3;0
25;2025-11-01;4;0
25;2025-11-01;5;13
25;2025-11-01;6;127
25;2025-11-01;7;270
25;2025-11-01;8;351
25;2025-11-01;9;393
25;2025-11-01;10;416
25;2025-11-01;11;485
25;2025-11-01;12;484
25;2025-11-01;13;577
25;2025-11-01;14;548
25;2025-11-01;15;593
25;2025-11-01;16;597
25;2025-11-01;17;573
25;2025-11-01;18;598
25;2025-11-01;19;449
25;2025-11-01;20;436
25;2025-11-01;21;400
25;2025-11-01;22;161
25;2025-11-01;23;107
25;2025-11-02;0;17
25;2025-11-02;1;0
25;2025-11-02;2;0
25;2025-11-02;3;0
25;2025-11-02;4;0
25;2025-11-02;5;2
25;2025-11-02;6;41
25;2025-11-02;7;92
25;2025-11-02;8;173
25;2025-11-02;9;186
25;2025-11-02;10;203
25;2025-11-02;11;260
25;2025-11-02;12;315
25;2025-11-02;13;394
25;2025-11-02;14;431
25;2025-11-02;15;529
25;2025-11-02;16;430
25;2025-11-02;17;402
25;2025-11-02;18;394
25;2025-11-02;19;303
25;2025-11-02;20;222
25;2025-11-02;21;182
25;2025-11-02;22;110
25;2025-11-02;23;38
25;2025-11-03;0;7
25;2025-11-03;1;0
25;2025-11-03;2;0
25;2025-11-03;3;0
25;2025-11-03;4;0
25;2025-11-03;5;11
25;2025-11-03;6;61
25;2025-11-03;7;159
25;2025-11-03;8;205
25;2025-11-03;9;227
25;2025-11-03;10;201
25;2025-11-03;11;267
25;2025-11-03;12;299
25;2025-11-03;13;377
25;2025-11-03;14;328
25;2025-11-03;15;394
25;2025-11-03;16;419
25;2025-11-03;17;410
25;2025-11-03;18;392
25;2025-11-03;19;304
25;2025-11-03;20;245
25;2025-11-03;21;167
25;2025-11-03;22;98
25;2025-11-03;23;37
25;2025-11-04;0;3
25;2025-11-04;1;0
25;2025-11-04;2;0
25;2025-11-04;3;0
25;2025-11-04;4;0
25;2025-11-04;5;5
25;2025-11-04;6;28
25;2025-11-04;7;76
25;2025-11-04;8;105
25;2025-11-04;9;133
25;2025-11-04;10;134
25;2025-11-04;11;154
25;2025-11-04;12;199
25;2025-11-04;13;289
25;2025-11-04;14;308
25;2025-11-04;15;352
25;2025-11-04;16;286
25;2025-11-04;17;246
25;2025-11-04;18;233
25;2025-11-04;19;248
25;2025-11-04;20;174
25;2025-11-04;21;148
25;2025-11-04;22;82
25;2025-11-04;23;21
25;2025-11-05;0;0
25;2025-11-05;1;0
25;2025-11-05;2;0
25;2025-11-05;3;0
25;2025-11-05;4;0
25;2025-11-05;5;3
25;2025-11-05;6;144
25;2025-11-05;7;482
25;2025-11-05;8;830
25;2025-11-05;9;434
25;2025-11-05;10;317
25;2025-11-05;11;365
25;2025-11-05;12;367
25;2025-11-05;13;469
25;2025-11-05;14;394
25;2025-11-05;15;462
25;2025-11-05;16;588
25;2025-11-05;17;662
25;2025-11-05;18;754
25;2025-11-05;19;467
25;2025-11-05;20;320
25;2025-11-05;21;209
25;2025-11-05;22;114
25;2025-11-05;23;5
25;2025-11-06;0;0
25;2025-11-06;1;0
25;2025-11-06;2;0
25;2025-11-06;3;0
25;2025-11-06;4;0
25;2025-11-06;5;4
25;2025-11-06;6;143
25;2025-11-06;7;480
25;2025-11-06;8;818
25;2025-11-06;9;427
25;2025-11-06;10;341
25;2025-11-06;11;363
25;2025-11-06;12;371
25;2025-11-06;13;435
25;2025-11-06;14;415
25;2025-11-06;15;467
25;2025-11-06;16;576
25;2025-11-06;17;674
25;2025-11-06;18;717
25;2025-11-06;19;475
25;2025-11-06;20;303
25;2025-11-06;21;208
25;2025-11-06;22;122
25;2025-11-06;23;7
25;2025-11-07;0;0
25;2025-11-07;1;0
25;2025-11-07;2;0
25;2025-11-07;3;0
25;2025-11-07;4;0
25;2025-11-07;5;4
25;2025-11-07;6;142
25;2025-11-07;7;485
25;2025-11-07;8;781
25;2025-11-07;9;414
25;2025-11-07;10;324
25;2025-11-07;11;394
25;2025-11-07;12;382
25;2025-11-07;13;480
25;2025-11-07;14;444
25;2025-11-07;15;522
25;2025-11-07;16;648
25;2025-11-07;17;672
25;2025-11-07;18;607
25;2025-11-07;19;434
25;2025-11-07;20;296
25;2025-11-07;21;211
25;2025-11-07;22;131
25;2025-11-07;23;7
25;2025-11-08;0;1
25;2025-11-08;1;0
25;2025-11-08;2;0
25;2025-11-08;3;0
25;2025-11-08;4;0
25;2025-11-08;5;2
25;2025-11-08;6;46
25;2025-11-08;7;123
25;2025-11-08;8;264
25;2025-11-08;9;242
25;2025-11-08;10;250
25;2025-11-08;11;338
25;2025-11-08;12;338
25;2025-11-08;13;466
25;2025-11-08;14;456
25;2025-11-08;15;568
25;2025-11-08;16;489
25;2025-11-08;17;433
25;2025-11-08;18;434
25;2025-11-08;19;380
25;2025-11-08;20;257
25;2025-11-08;21;202
25;2025-11-08;22;135
25;2025-11-08;23;54
25;2025-11-09;0;17
25;2025-11-09;1;0
25;2025-11-09;2;0
25;2025-11-09;3;0
25;2025-11-09;4;0
25;2025-11-09;5;2
25;2025-11-09;6;41
25;2025-11-09;7;92
25;2025-11-09;8;173
25;2025-11-09;9;186
25;2025-11-09;10;203
25;2025-11-09;11;260
25;2025-11-09;12;315
25;2025-11-09;13;394
25;2025-11-09;14;431
25;2025-11-09;15;529
25;2025-11-09;16;430
25;2025-11-09;17;402
25;2025-11-09;18;394
25;2025-11-09;19;303
25;2025-11-09;20;222
25;2025-11-09;21;182
25;2025-11-09;22;110
25;2025-11-09;23;38
25;2025-11-10;0;7
25;2025-11-10;1;0
25;2025-11-10;2;0
25;2025-11-10;3;0
25;2025-11-10;4;0
25;2025-11-10;5;4
25;2025-11-10;6;143
25;2025-11-10;7;482
25;2025-11-10;8;798
25;2025-11-10;9;415
25;2025-11-10;10;300
25;2025-11-10;11;334
25;2025-11-10;12;348
25;2025-11-10;13;453
25;2025-11-10;14;356
25;2025-11-10;15;445
25;2025-11-10;16;582
25;2025-11-10;17;644
25;2025-11-10;18;709
25;2025-11-10;19;431
25;2025-11-10;20;284
25;2025-11-10;21;192
25;2025-11-10;22;98
25;2025-11-10;23;6
25;2025-11-11;0;1
25;2025-11-11;1;0
25;2025-11-11;2;0
25;2025-11-11;3;0
25;2025-11-11;4;0
25;2025-11-11;5;3
25;2025-11-11;6;146
25;2025-11-11;7;498
25;2025-11-11;8;812
25;2025-11-11;9;443
25;2025-11-11;10;340
25;2025-11-11;11;378
25;2025-11-11;12;347
25;2025-11-11;13;423
25;2025-11-11;14;404
25;2025-11-11;15;460
25;2025-11-11;16;581
25;2025-11-11;17;617
25;2025-11-11;18;717
25;2025-11-11;19;461
25;2025-11-11;20;296
25;2025-11-11;21;194
25;2025-11-11;22;104
25;2025-11-11;23;6
25;2025-11-12;0;0
25;2025-11-12;1;0
25;2025-11-12;2;0
25;2025-11-12;3;0
25;2025-11-12;4;0
25;2025-11-12;5;3
25;2025-11-12;6;144
25;2025-11-12;7;482
25;2025-11-12;8;830
25;2025-11-12;9;434
25;2025-11-12;10;317
25;2025-11-12;11;365
25;2025-11-12;12;367
25;2025-11-12;13;469
25;2025-11-12;14;394
25;2025-11-12;15;462
25;2025-11-12;16;588
25;2025-11-12;17;662
25;2025-11-12;18;754
25;2025-11-12;19;467
25;2025-11-12;20;320
25;2025-11-12;21;209
25;2025-11-12;22;114
25;2025-11-12;23;5
25;2025-11-13;0;0
25;2025-11-13;1;0
25;2025-11-13;2;0
25;2025-11-13;3;0
25;2025-11-13;4;0
25;2025-11-13;5;4
25;2025-11-13;6;143
25;2025-11-13;7;480
25;2025-11-13;8;818
25;2025-11-13;9;427
25;2025-11-13;10;341
25;2025-11-13;11;363
25;2025-11-13;12;371
25;2025-11-13;13;435
25;2025-11-13;14;415
25;2025-11-13;15;467
25;2025-11-13;16;576
25;2025-11-13;17;674
25;2025-11-13;18;717
25;2025-11-13;19;475
25;2025-11-13;20;303
25;2025-11-13;21;208
25;2025-11-13;22;122
25;2025-11-13;23;7
25;2025-11-14;0;0
25;2025-11-14;1;0
25;2025-11-14;2;0
25;2025-11-14;3;0
25;2025-11-14;4;0
25;2025-11-14;5;4
25;2025-11-14;6;142
25;2025-11-14;7;485
25;2025-11-14;8;781
25;2025-11-14;9;414
25;2025-11-14;10;324
25;2025-11-14;11;394
25;2025-11-14;12;382
25;2025-11-14;13;480
25;2025-11-14;14;444
25;2025-11-14;15;522
25;2025-11-14;16;648
25;2025-11-14;17;672
25;2025-11-14;18;607
25;2025-11-14;19;434
25;2025-11-14;20;296
25;2025-11-14;21;211
25;2025-11-14;22;131
25;2025-11-14;23;7
25;2025-11-15;0;1
25;2025-11-15;1;0
25;2025-11-15;2;0
25;2025-11-15;3;0
25;2025-11-15;4;0
25;2025-11-15;5;2
25;2025-11-15;6;46
25;2025-11-15;7;123
25;2025-11-15;8;264
25;2025-11-15;9;242
25;2025-11-15;10;250
25;2025-11-15;11;338
25;2025-11-15;12;338
25;2025-11-15;13;466
25;2025-11-15;14;456
25;2025-11-15;15;568
25;2025-11-15;16;489
25;2025-11-15;17;433
25;2025-11-15;18;434
25;2025-11-15;19;380
25;2025-11-15;20;257
25;2025-11-15;21;202
25;2025-11-15;22;135
25;2025-11-15;23;54
25;2025-11-16;0;17
25;2025-11-16;1;0
25;2025-11-16;2;0
25;2025-11-16;3;0
25;2025-11-16;4;0
25;2025-11-16;5;2
25;2025-11-16;6;41
25;2025-11-16;7;92
25;2025-11-16;8;173
25;2025-11-16;9;186
25;2025-11-16;10;203
25;2025-11-16;11;260
25;2025-11-16;12;315
25;2025-11-16;13;394
25;2025-11-16;14;431
25;2025-11-16;15;529
25;2025-11-16;16;430
25;2025-11-16;17;402
25;2025-11-16;18;394
25;2025-11-16;19;303
25;2025-11-16;20;222
25;2025-11-16;21;182
25;2025-11-16;22;110
25;2025-11-16;23;38
25;2025-11-17;0;7
25;2025-11-17;1;0
25;2025-11-17;2;0
25;2025-11-17;3;0
25;2025-11-17;4;0
25;2025-11-17;5;4
25;2025-11-17;6;143
25;2025-11-17;7;482
25;2025-11-17;8;798
25;2025-11-17;9;415
25;2025-11-17;10;300
25;2025-11-17;11;334
25;2025-11-17;12;348
25;2025-11-17;13;453
25;2025-11-17;14;356
25;2025-11-17;15;445
25;2025-11-17;16;582
25;2025-11-17;17;644
25;2025-11-17;18;709
25;2025-11-17;19;431
25;2025-11-17;20;284
25;2025-11-17;21;192
25;2025-11-17;22;98
25;2025-11-17;23;6
25;2025-11-18;0;1
25;2025-11-18;1;0
25;2025-11-18;2;0
25;2025-11-18;3;0
25;2025-11-18;4;0
25;2025-11-18;5;3
25;2025-11-18;6;146
25;2025-11-18;7;498
25;2025-11-18;8;812
25;2025-11-18;9;443
25;2025-11-18;10;340
25;2025-11-18;11;378
25;2025-11-18;12;347
25;2025-11-18;13;423
25;2025-11-18;14;404
25;2025-11-18;15;460
25;2025-11-18;16;581
25;2025-11-18;17;617
25;2025-11-18;18;717
25;2025-11-18;19;461
25;2025-11-18;20;296
25;2025-11-18;21;194
25;2025-11-18;22;104
25;2025-11-18;23;6
25;2025-11-19;0;0
25;2025-11-19;1;0
25;2025-11-19;2;0
25;2025-11-19;3;0
25;2025-11-19;4;0
25;2025-11-19;5;3
25;2025-11-19;6;144
25;2025-11-19;7;482
25;2025-11-19;8;830
25;2025-11-19;9;434
25;2025-11-19;10;317
25;2025-11-19;11;365
25;2025-11-19;12;367
25;2025-11-19;13;469
25;2025-11-19;14;394
25;2025-11-19;15;462
25;2025-11-19;16;588
25;2025-11-19;17;662
25;2025-11-19;18;754
25;2025-11-19;19;467
25;2025-11-19;20;320
25;2025-11-19;21;209
25;2025-11-19;22;114
25;2025-11-19;23;5
25;2025-11-20;0;0
25;2025-11-20;1;0
25;2025-11-20;2;0
25;2025-11-20;3;0
25;2025-11-20;4;0
25;2025-11-20;5;4
25;2025-11-20;6;143
25;2025-11-20;7;480
25;2025-11-20;8;818
25;2025-11-20;9;427
25;2025-11-20;10;341
25;2025-11-20;11;363
25;2025-11-20;12;371
25;2025-11-20;13;435
25;2025-11-20;14;415
25;2025-11-20;15;467
25;2025-11-20;16;576
25;2025-11-20;17;674
25;2025-11-20;18;717
25;2025-11-20;19;475
25;2025-11-20;20;303
25;2025-11-20;21;208
25;2025-11-20;22;122
25;2025-11-20;23;7
25;2025-11-21;0;0
25;2025-11-21;1;0
25;2025-11-21;2;0
25;2025-11-21;3;0
25;2025-11-21;4;0
25;2025-11-21;5;4
25;2025-11-21;6;142
25;2025-11-21;7;485
25;2025-11-21;8;781
25;2025-11-21;9;414
25;2025-11-21;10;324
25;2025-11-21;11;394
25;2025-11-21;12;382
25;2025-11-21;13;480
25;2025-11-21;14;444
25;2025-11-21;15;522
25;2025-11-21;16;648
25;2025-11-21;17;672
25;2025-11-21;18;607
25;2025-11-21;19;434
25;2025-11-21;20;296
25;2025-11-21;21;211
25;2025-11-21;22;131
25;2025-11-21;23;7
25;2025-11-22;0;1
25;2025-11-22;1;0
25;2025-11-22;2;0
25;2025-11-22;3;0
25;2025-11-22;4;0
25;2025-11-22;5;2
25;2025-11-22;6;46
25;2025-11-22;7;123
25;2025-11-22;8;264
25;2025-11-22;9;242
25;2025-11-22;10;250
25;2025-11-22;11;338
25;2025-11-22;12;338
25;2025-11-22;13;466
25;2025-11-22;14;456
25;2025-11-22;15;568
25;2025-11-22;16;489
25;2025-11-22;17;433
25;2025-11-22;18;434
25;2025-11-22;19;380
25;2025-11-22;20;257
25;2025-11-22;21;202
25;2025-11-22;22;135
25;2025-11-22;23;54
25;2025-11-23;0;17
25;2025-11-23;1;0
25;2025-11-23;2;0
25;2025-11-23;3;0
25;2025-11-23;4;0
25;2025-11-23;5;2
25;2025-11-23;6;41
25;2025-11-23;7;92
25;2025-11-23;8;173
25;2025-11-23;9;186
25;2025-11-23;10;203
25;2025-11-23;11;260
25;2025-11-23;12;315
25;2025-11-23;13;394
25;2025-11-23;14;431
25;2025-11-23;15;529
25;2025-11-23;16;430
25;2025-11-23;17;402
25;2025-11-23;18;394
25;2025-11-23;19;303
25;2025-11-23;20;222
25;2025-11-23;21;182
25;2025-11-23;22;110
25;2025-11-23;23;38
25;2025-11-24;0;7
25;2025-11-24;1;0
25;2025-11-24;2;0
25;2025-11-24;3;0
25;2025-11-24;4;0
25;2025-11-24;5;4
25;2025-11-24;6;143
25;2025-11-24;7;482
25;2025-11-24;8;798
25;2025-11-24;9;415
25;2025-11-24;10;300
25;2025-11-24;11;334
25;2025-11-24;12;348
25;2025-11-24;13;453
25;2025-11-24;14;356
25;2025-11-24;15;445
25;2025-11-24;16;582
25;2025-11-24;17;644
25;2025-11-24;18;709
25;2025-11-24;19;431
25;2025-11-24;20;284
25;2025-11-24;21;192
25;2025-11-24;22;98
25;2025-11-24;23;6
25;2025-11-25;0;1
25;2025-11-25;1;0
25;2025-11-25;2;0
25;2025-11-25;3;0
25;2025-11-25;4;0
25;2025-11-25;5;3
25;2025-11-25;6;146
25;2025-11-25;7;498
25;2025-11-25;8;812
25;2025-11-25;9;443
25;2025-11-25;10;340
25;2025-11-25;11;378
25;2025-11-25;12;347
25;2025-11-25;13;423
25;2025-11-25;14;404
25;2025-11-25;15;460
25;2025-11-25;16;581
25;2025-11-25;17;617
25;2025-11-25;18;717
25;2025-11-25;19;461
25;2025-11-25;20;296
25;2025-11-25;21;194
25;2025-11-25;22;104
25;2025-11-25;23;6
25;2025-11-26;0;0
25;2025-11-26;1;0
25;2025-11-26;2;0
25;2025-11-26;3;0
25;2025-11-26;4;0
25;2025-11-26;5;3
25;2025-11-26;6;144
25;2025-11-26;7;482
25;2025-11-26;8;830
25;2025-11-26;9;434
25;2025-11-26;10;317
25;2025-11-26;11;365
25;2025-11-26;12;367
25;2025-11-26;13;469
25;2025-11-26;14;394
25;2025-11-26;15;462
25;2025-11-26;16;588
25;2025-11-26;17;662
25;2025-11-26;18;754
25;2025-11-26;19;467
25;2025-11-26;20;320
25;2025-11-26;21;209
25;2025-11-26;22;114
25;2025-11-26;23;5
25;2025-11-27;0;0
25;2025-11-27;1;0
25;2025-11-27;2;0
25;2025-11-27;3;0
25;2025-11-27;4;0
25;2025-11-27;5;4
25;2025-11-27;6;143
25;2025-11-27;7;480
25;2025-11-27;8;818
25;2025-11-27;9;427
25;2025-11-27;10;341
25;2025-11-27;11;363
25;2025-11-27;12;371
25;2025-11-27;13;435
25;2025-11-27;14;415
25;2025-11-27;15;467
25;2025-11-27;16;576
25;2025-11-27;17;674
25;2025-11-27;18;717
25;2025-11-27;19;475
25;2025-11-27;20;303
25;2025-11-27;21;208
25;2025-11-27;22;122
25;2025-11-27;23;7
25;2025-11-28;0;0
25;2025-11-28;1;0
25;2025-11-28;2;0
25;2025-11-28;3;0
25;2025-11-28;4;0
25;2025-11-28;5;4
25;2025-11-28;6;142
25;2025-11-28;7;485
25;2025-11-28;8;781
25;2025-11-28;9;414
25;2025-11-28;10;324
25;2025-11-28;11;394
25;2025-11-28;12;382
25;2025-11-28;13;480
25;2025-11-28;14;444
25;2025-11-28;15;522
25;2025-11-28;16;648
25;2025-11-28;17;672
25;2025-11-28;18;607
25;2025-11-28;19;434
25;2025-11-28;20;296
25;2025-11-28;21;211
25;2025-11-28;22;131
25;2025-11-28;23;7
25;2025-11-29;0;1
25;2025-11-29;1;0
25;2025-11-29;2;0
25;2025-11-29;3;0
25;2025-11-29;4;0
25;2025-11-29;5;2
25;2025-11-29;6;46
25;2025-11-29;7;123
25;2025-11-29;8;264
25;2025-11-29;9;242
25;2025-11-29;10;250
25;2025-11-29;11;338
25;2025-11-29;12;338
25;2025-11-29;13;466
25;2025-11-29;14;456
25;2025-11-29;15;568
25;2025-11-29;16;489
25;2025-11-29;17;433
25;2025-11-29;18;434
25;2025-11-29;19;380
25;2025-11-29;20;257
25;2025-11-29;21;202
25;2025-11-29;22;135
25;2025-11-29;23;54
25;2025-11-30;0;17
25;2025-11-30;1;0
25;2025-11-30;2;0
25;2025-11-30;3;0
25;2025-11-30;4;0
25;2025-11-30;5;2
25;2025-11-30;6;41
25;2025-11-30;7;92
25;2025-11-30;8;173
25;2025-11-30;9;186
25;2025-11-30;10;203
25;2025-11-30;11;260
25;2025-11-30;12;315
25;2025-11-30;13;394
25;2025-11-30;14;431
25;2025-11-30;15;529
25;2025-11-30;16;430
25;2025-11-30;17;402
25;2025-11-30;18;394
25;2025-11-30;19;303
25;2025-11-30;20;222
25;2025-11-30;21;182
25;2025-11-30;22;110
25;2025-11-30;23;38
25;2025-12-01;0;7
25;2025-12-01;1;0
25;2025-12-01;2;0
25;2025-12-01;3;0
25;2025-12-01;4;0
25;2025-12-01;5;4
25;2025-12-01;6;143
25;2025-12-01;7;482
25;2025-12-01;8;798
25;2025-12-01;9;415
25;2025-12-01;10;300
25;2025-12-01;11;334
25;2025-12-01;12;348
25;2025-12-01;13;453
25;2025-12-01;14;356
25;2025-12-01;15;445
25;2025-12-01;16;582
25;2025-12-01;17;644
25;2025-12-01;18;709
25;2025-12-01;19;431
25;2025-12-01;20;284
25;2025-12-01;21;192
25;2025-12-01;22;98
25;2025-12-01;23;6
25;2025-12-02;0;1
25;2025-12-02;1;0
25;2025-12-02;2;0
25;2025-12-02;3;0
25;2025-12-02;4;0
25;2025-12-02;5;3
25;2025-12-02;6;146
25;2025-12-02;7;498
25;2025-12-02;8;812
25;2025-12-02;9;443
25;2025-12-02;10;340
25;2025-12-02;11;378
25;2025-12-02;12;347
25;2025-12-02;13;423
25;2025-12-02;14;404
25;2025-12-02;15;460
25;2025-12-02;16;581
25;2025-12-02;17;617
25;2025-12-02;18;717
25;2025-12-02;19;461
25;2025-12-02;20;296
25;2025-12-02;21;194
25;2025-12-02;22;104
25;2025-12-02;23;6
25;2025-12-03;0;0
25;2025-12-03;1;0
25;2025-12-03;2;0
25;2025-12-03;3;0
25;2025-12-03;4;0
25;2025-12-03;5;3
25;2025-12-03;6;144
25;2025-12-03;7;482
25;2025-12-03;8;830
25;2025-12-03;9;434
25;2025-12-03;10;317
25;2025-12-03;11;365
25;2025-12-03;12;367
25;2025-12-03;13;469
25;2025-12-03;14;394
25;2025-12-03;15;462
25;2025-12-03;16;588
25;2025-12-03;17;662
25;2025-12-03;18;754
25;2025-12-03;19;467
25;2025-12-03;20;320
25;2025-12-03;21;209
25;2025-12-03;22;114
25;2025-12-03;23;5
25;2025-12-04;0;0
25;2025-12-04;1;0
25;2025-12-04;2;0
25;2025-12-04;3;0
25;2025-12-04;4;0
25;2025-12-04;5;4
25;2025-12-04;6;143
25;2025-12-04;7;480
25;2025-12-04;8;818
25;2025-12-04;9;427
25;2025-12-04;10;341
25;2025-12-04;11;363
25;2025-12-04;12;371
25;2025-12-04;13;435
25;2025-12-04;14;415
25;2025-12-04;15;467
25;2025-12-04;16;576
25;2025-12-04;17;674
25;2025-12-04;18;717
25;2025-12-04;19;475
25;2025-12-04;20;303
25;2025-12-04;21;208
25;2025-12-04;22;122
25;2025-12-04;23;7
25;2025-12-05;0;0
25;2025-12-05;1;0
25;2025-12-05;2;0
25;2025-12-05;3;0
25;2025-12-05;4;0
25;2025-12-05;5;4
25;2025-12-05;6;142
25;2025-12-05;7;485
25;2025-12-05;8;781
25;2025-12-05;9;414
25;2025-12-05;10;324
25;2025-12-05;11;394
25;2025-12-05;12;382
25;2025-12-05;13;480
25;2025-12-05;14;444
25;2025-12-05;15;522
25;2025-12-05;16;648
25;2025-12-05;17;672
25;2025-12-05;18;607
25;2025-12-05;19;434
25;2025-12-05;20;296
25;2025-12-05;21;211
25;2025-12-05;22;131
25;2025-12-05;23;7
25;2025-12-06;0;1
25;2025-12-06;1;0
25;2025-12-06;2;0
25;2025-12-06;3;0
25;2025-12-06;4;0
25;2025-12-06;5;2
25;2025-12-06;6;46
25;2025-12-06;7;123
25;2025-12-06;8;264
25;2025-12-06;9;242
25;2025-12-06;10;250
25;2025-12-06;11;338
25;2025-12-06;12;338
25;2025-12-06;13;466
25;2025-12-06;14;456
25;2025-12-06;15;568
25;2025-12-06;16;489
25;2025-12-06;17;433
25;2025-12-06;18;434
25;2025-12-06;19;380
25;2025-12-06;20;257
25;2025-12-06;21;202
25;2025-12-06;22;135
25;2025-12-06;23;54
25;2025-12-07;0;17
25;2025-12-07;1;0
25;2025-12-07;2;0
25;2025-12-07;3;0
25;2025-12-07;4;0
25;2025-12-07;5;2
25;2025-12-07;6;41
25;2025-12-07;7;92
25;2025-12-07;8;173
25;2025-12-07;9;186
25;2025-12-07;10;203
25;2025-12-07;11;260
25;2025-12-07;12;315
25;2025-12-07;13;394
25;2025-12-07;14;431
25;2025-12-07;15;529
25;2025-12-07;16;430
25;2025-12-07;17;402
25;2025-12-07;18;394
25;2025-12-07;19;303
25;2025-12-07;20;222
25;2025-12-07;21;182
25;2025-12-07;22;110
25;2025-12-07;23;38
25;2025-12-08;0;7
25;2025-12-08;1;0
25;2025-12-08;2;0
25;2025-12-08;3;0
25;2025-12-08;4;0
25;2025-12-08;5;4
25;2025-12-08;6;143
25;2025-12-08;7;482
25;2025-12-08;8;798
25;2025-12-08;9;415
25;2025-12-08;10;300
25;2025-12-08;11;334
25;2025-12-08;12;348
25;2025-12-08;13;453
25;2025-12-08;14;356
25;2025-12-08;15;445
25;2025-12-08;16;582
25;2025-12-08;17;644
25;2025-12-08;18;709
25;2025-12-08;19;431
25;2025-12-08;20;284
25;2025-12-08;21;192
25;2025-12-08;22;98
25;2025-12-08;23;6
25;2025-12-09;0;1
25;2025-12-09;1;0
25;2025-12-09;2;0
25;2025-12-09;3;0
25;2025-12-09;4;0
25;2025-12-09;5;3
25;2025-12-09;6;146
25;2025-12-09;7;498
25;2025-12-09;8;812
25;2025-12-09;9;443
25;2025-12-09;10;340
25;2025-12-09;11;378
25;2025-12-09;12;347
25;2025-12-09;13;423
25;2025-12-09;14;404
25;2025-12-09;15;460
25;2025-12-09;16;581
25;2025-12-09;17;617
25;2025-12-09;18;717
25;2025-12-09;19;461
25;2025-12-09;20;296
25;2025-12-09;21;194
25;2025-12-09;22;104
25;2025-12-09;23;6
25;2025-12-10;0;0
25;2025-12-10;1;0
25;2025-12-10;2;0
25;2025-12-10;3;0
25;2025-12-10;4;0
25;2025-12-10;5;3
25;2025-12-10;6;144
25;2025-12-10;7;482
25;2025-12-10;8;830
25;2025-12-10;9;434
25;2025-12-10;10;317
25;2025-12-10;11;365
25;2025-12-10;12;367
25;2025-12-10;13;469
25;2025-12-10;14;394
25;2025-12-10;15;462
25;2025-12-10;16;588
25;2025-12-10;17;662
25;2025-12-10;18;754
25;2025-12-10;19;467
25;2025-12-10;20;320
25;2025-12-10;21;209
25;2025-12-10;22;114
25;2025-12-10;23;5
25;2025-12-11;0;0
25;2025-12-11;1;0
25;2025-12-11;2;0
25;2025-12-11;3;0
25;2025-12-11;4;0
25;2025-12-11;5;4
25;2025-12-11;6;143
25;2025-12-11;7;480
25;2025-12-11;8;818
25;2025-12-11;9;427
25;2025-12-11;10;341
25;2025-12-11;11;363
25;2025-12-11;12;371
25;2025-12-11;13;435
25;2025-12-11;14;415
25;2025-12-11;15;467
25;2025-12-11;16;576
25;2025-12-11;17;674
25;2025-12-11;18;717
25;2025-12-11;19;475
25;2025-12-11;20;303
25;2025-12-11;21;208
25;2025-12-11;22;122
25;2025-12-11;23;7
25;2025-12-12;0;0
25;2025-12-12;1;0
25;2025-12-12;2;0
25;2025-12-12;3;0
25;2025-12-12;4;0
25;2025-12-12;5;4
25;2025-12-12;6;142
25;2025-12-12;7;485
25;2025-12-12;8;781
25;2025-12-12;9;414
25;2025-12-12;10;324
25;2025-12-12;11;394
25;2025-12-12;12;382
25;2025-12-12;13;480
25;2025-12-12;14;444
25;2025-12-12;15;522
25;2025-12-12;16;648
25;2025-12-12;17;672
25;2025-12-12;18;607
25;2025-12-12;19;434
25;2025-12-12;20;296
25;2025-12-12;21;211
25;2025-12-12;22;131
25;2025-12-12;23;7
25;2025-12-13;0;1
25;2025-12-13;1;0
25;2025-12-13;2;0
25;2025-12-13;3;0
25;2025-12-13;4;0
25;2025-12-13;5;2
25;2025-12-13;6;46
25;2025-12-13;7;123
25;2025-12-13;8;264
25;2025-12-13;9;242
25;2025-12-13;10;250
25;2025-12-13;11;338
25;2025-12-13;12;338
25;2025-12-13;13;466
25;2025-12-13;14;456
25;2025-12-13;15;568
25;2025-12-13;16;489
25;2025-12-13;17;433
25;2025-12-13;18;434
25;2025-12-13;19;380
25;2025-12-13;20;257
25;2025-12-13;21;202
25;2025-12-13;22;135
25;2025-12-13;23;54
25;2025-12-14;0;17
25;2025-12-14;1;0
25;2025-12-14;2;0
25;2025-12-14;3;0
25;2025-12-14;4;0
25;2025-12-14;5;2
25;2025-12-14;6;41
25;2025-12-14;7;92
25;2025-12-14;8;173
25;2025-12-14;9;186
25;2025-12-14;10;203
25;2025-12-14;11;260
25;2025-12-14;12;315
25;2025-12-14;13;394
25;2025-12-14;14;431
25;2025-12-14;15;529
25;2025-12-14;16;430
25;2025-12-14;17;402
25;2025-12-14;18;394
25;2025-12-14;19;303
25;2025-12-14;20;222
25;2025-12-14;21;182
25;2025-12-14;22;110
25;2025-12-14;23;38
25;2025-12-15;0;7
25;2025-12-15;1;0
25;2025-12-15;2;0
25;2025-12-15;3;0
25;2025-12-15;4;0
25;2025-12-15;5;4
25;2025-12-15;6;143
25;2025-12-15;7;482
25;2025-12-15;8;798
25;2025-12-15;9;415
25;2025-12-15;10;300
25;2025-12-15;11;334
25;2025-12-15;12;348
25;2025-12-15;13;453
25;2025-12-15;14;356
25;2025-12-15;15;445
25;2025-12-15;16;582
25;2025-12-15;17;644
25;2025-12-15;18;709
25;2025-12-15;19;431
25;2025-12-15;20;284
25;2025-12-15;21;192
25;2025-12-15;22;98
25;2025-12-15;23;6
25;2025-12-16;0;1
25;2025-12-16;1;0
25;2025-12-16;2;0
25;2025-12-16;3;0
25;2025-12-16;4;0
25;2025-12-16;5;3
25;2025-12-16;6;146
25;2025-12-16;7;498
25;2025-12-16;8;812
25;2025-12-16;9;443
25;2025-12-16;10;340
25;2025-12-16;11;378
25;2025-12-16;12;347
25;2025-12-16;13;423
25;2025-12-16;14;404
25;2025-12-16;15;460
25;2025-12-16;16;581
25;2025-12-16;17;617
25;2025-12-16;18;717
25;2025-12-16;19;461
25;2025-12-16;20;296
25;2025-12-16;21;194
25;2025-12-16;22;104
25;2025-12-16;23;6
25;2025-12-17;0;0
25;2025-12-17;1;0
25;2025-12-17;2;0
25;2025-12-17;3;0
25;2025-12-17;4;0
25;2025-12-17;5;3
25;2025-12-17;6;144
25;2025-12-17;7;482
25;2025-12-17;8;830
25;2025-12-17;9;434
25;2025-12-17;10;317
25;2025-12-17;11;365
25;2025-12-17;12;367
25;2025-12-17;13;469
25;2025-12-17;14;394
25;2025-12-17;15;462
25;2025-12-17;16;588
25;2025-12-17;17;662
25;2025-12-17;18;754
25;2025-12-17;19;467
25;2025-12-17;20;320
25;2025-12-17;21;209
25;2025-12-17;22;114
25;2025-12-17;23;5
25;2025-12-18;0;0
25;2025-12-18;1;0
25;2025-12-18;2;0
25;2025-12-18;3;0
25;2025-12-18;4;0
25;2025-12-18;5;4
25;2025-12-18;6;143
25;2025-12-18;7;480
25;2025-12-18;8;818
25;2025-12-18;9;427
25;2025-12-18;10;341
25;2025-12-18;11;363
25;2025-12-18;12;371
25;2025-12-18;13;435
25;2025-12-18;14;415
25;2025-12-18;15;467
25;2025-12-18;16;576
25;2025-12-18;17;674
25;2025-12-18;18;717
25;2025-12-18;19;475
25;2025-12-18;20;303
25;2025-12-18;21;208
25;2025-12-18;22;122
25;2025-12-18;23;7
25;2025-12-19;0;0
25;2025-12-19;1;0
25;2025-12-19;2;0
25;2025-12-19;3;0
25;2025-12-19;4;0
25;2025-12-19;5;4
25;2025-12-19;6;142
25;2025-12-19;7;485
25;2025-12-19;8;781
25;2025-12-19;9;414
25;2025-12-19;10;324
25;2025-12-19;11;394
25;2025-12-19;12;382
25;2025-12-19;13;480
25;2025-12-19;14;444
25;2025-12-19;15;522
25;2025-12-19;16;648
25;2025-12-19;17;672
25;2025-12-19;18;607
25;2025-12-19;19;434
25;2025-12-19;20;296
25;2025-12-19;21;211
25;2025-12-19;22;131
25;2025-12-19;23;7
25;2025-12-20;0;1
25;2025-12-20;1;0
25;2025-12-20;2;0
25;2025-12-20;3;0
25;2025-12-20;4;0
25;2025-12-20;5;2
25;2025-12-20;6;46
25;2025-12-20;7;123
25;2025-12-20;8;264
25;2025-12-20;9;242
25;2025-12-20;10;250
25;2025-12-20;11;338
25;2025-12-20;12;338
25;2025-12-20;13;466
25;2025-12-20;14;456
25;2025-12-20;15;568
25;2025-12-20;16;489
25;2025-12-20;17;433
25;2025-12-20;18;434
25;2025-12-20;19;380
25;2025-12-20;20;257
25;2025-12-20;21;202
25;2025-12-20;22;135
25;2025-12-20;23;54
25;2025-12-21;0;17
25;2025-12-21;1;0
25;2025-12-21;2;0
25;2025-12-21;3;0
25;2025-12-21;4;0
25;2025-12-21;5;2
25;2025-12-21;6;41
25;2025-12-21;7;92
25;2025-12-21;8;173
25;2025-12-21;9;186
25;2025-12-21;10;203
25;2025-12-21;11;260
25;2025-12-21;12;315
25;2025-12-21;13;394
25;2025-12-21;14;431
25;2025-12-21;15;529
25;2025-12-21;16;430
25;2025-12-21;17;402
25;2025-12-21;18;394
25;2025-12-21;19;303
25;2025-12-21;20;222
25;2025-12-21;21;182
25;2025-12-21;22;110
25;2025-12-21;23;38
25;2025-12-22;0;7
25;2025-12-22;1;0
25;2025-12-22;2;0
25;2025-12-22;3;0
25;2025-12-22;4;0
25;2025-12-22;5;4
25;2025-12-22;6;143
25;2025-12-22;7;482
25;2025-12-22;8;798
25;2025-12-22;9;415
25;2025-12-22;10;300
25;2025-12-22;11;334
25;2025-12-22;12;348
25;2025-12-22;13;453
25;2025-12-22;14;356
25;2025-12-22;15;445
25;2025-12-22;16;582
25;2025-12-22;17;644
25;2025-12-22;18;709
25;2025-12-22;19;431
25;2025-12-22;20;284
25;2025-12-22;21;192
25;2025-12-22;22;98
25;2025-12-22;23;6
25;2025-12-23;0;1
25;2025-12-23;1;0
25;2025-12-23;2;0
25;2025-12-23;3;0
25;2025-12-23;4;0
25;2025-12-23;5;3
25;2025-12-23;6;146
25;2025-12-23;7;498
25;2025-12-23;8;812
25;2025-12-23;9;443
25;2025-12-23;10;340
25;2025-12-23;11;378
25;2025-12-23;12;347
25;2025-12-23;13;423
25;2025-12-23;14;404
25;2025-12-23;15;460
25;2025-12-23;16;581
25;2025-12-23;17;617
25;2025-12-23;18;717
25;2025-12-23;19;461
25;2025-12-23;20;296
25;2025-12-23;21;194
25;2025-12-23;22;104
25;2025-12-23;23;6
25;2025-12-24;0;0
25;2025-12-24;1;0
25;2025-12-24;2;0
25;2025-12-24;3;0
25;2025-12-24;4;0
25;2025-12-24;5;3
25;2025-12-24;6;144
25;2025-12-24;7;482
25;2025-12-24;8;830
25;2025-12-24;9;434
25;2025-12-24;10;317
25;2025-12-24;11;365
25;2025-12-24;12;367
25;2025-12-24;13;469
25;2025-12-24;14;394
25;2025-12-24;15;462
25;2025-12-24;16;588
25;2025-12-24;17;662
25;2025-12-24;18;754
25;2025-12-24;19;467
25;2025-12-24;20;320
25;2025-12-24;21;209
25;2025-12-24;22;114
25;2025-12-24;23;5
25;2025-12-25;0;0
25;2025-12-25;1;0
25;2025-12-25;2;0
25;2025-12-25;3;0
25;2025-12-25;4;0
25;2025-12-25;5;4
25;2025-12-25;6;143
25;2025-12-25;7;480
25;2025-12-25;8;818
25;2025-12-25;9;427
25;2025-12-25;10;341
25;2025-12-25;11;363
25;2025-12-25;12;371
25;2025-12-25;13;435
25;2025-12-25;14;415
25;2025-12-25;15;467
25;2025-12-25;16;576
25;2025-12-25;17;674
25;2025-12-25;18;717
25;2025-12-25;19;475
25;2025-12-25;20;303
25;2025-12-25;21;208
25;2025-12-25;22;122
25;2025-12-25;23;7
25;2025-12-26;0;0
25;2025-12-26;1;0
25;2025-12-26;2;0
25;2025-12-26;3;0
25;2025-12-26;4;0
25;2025-12-26;5;4
25;2025-12-26;6;142
25;2025-12-26;7;485
25;2025-12-26;8;781
25;2025-12-26;9;414
25;2025-12-26;10;324
25;2025-12-26;11;394
25;2025-12-26;12;382
25;2025-12-26;13;480
25;2025-12-26;14;444
25;2025-12-26;15;522
25;2025-12-26;16;648
25;2025-12-26;17;672
25;2025-12-26;18;607
25;2025-12-26;19;434
25;2025-12-26;20;296
25;2025-12-26;21;211
25;2025-12-26;22;131
25;2025-12-26;23;7
25;2025-12-27;0;1
25;2025-12-27;1;0
25;2025-12-27;2;0
25;2025-12-27;3;0
25;2025-12-27;4;0
25;2025-12-27;5;2
25;2025-12-27;6;46
25;2025-12-27;7;123
25;2025-12-27;8;264
25;2025-12-27;9;242
25;2025-12-27;10;250
25;2025-12-27;11;338
25;2025-12-27;12;338
25;2025-12-27;13;466
25;2025-12-27;14;456
25;2025-12-27;15;568
25;2025-12-27;16;489
25;2025-12-27;17;433
25;2025-12-27;18;434
25;2025-12-27;19;380
25;2025-12-27;20;257
25;2025-12-27;21;202
25;2025-12-27;22;135
25;2025-12-27;23;54
25;2025-12-28;0;17
25;2025-12-28;1;0
25;2025-12-28;2;0
25;2025-12-28;3;0
25;2025-12-28;4;0
25;2025-12-28;5;2
25;2025-12-28;6;41
25;2025-12-28;7;92
25;2025-12-28;8;173
25;2025-12-28;9;186
25;2025-12-28;10;203
25;2025-12-28;11;260
25;2025-12-28;12;315
25;2025-12-28;13;394
25;2025-12-28;14;431
25;2025-12-28;15;529
25;2025-12-28;16;430
25;2025-12-28;17;402
25;2025-12-28;18;394
25;2025-12-28;19;303
25;2025-12-28;20;222
25;2025-12-28;21;182
25;2025-12-28;22;110
25;2025-12-28;23;38
25;2025-12-29;0;7
25;2025-12-29;1;0
25;2025-12-29;2;0
25;2025-12-29;3;0
25;2025-12-29;4;0
25;2025-12-29;5;4
25;2025-12-29;6;143
25;2025-12-29;7;482
25;2025-12-29;8;798
25;2025-12-29;9;415
25;2025-12-29;10;300
25;2025-12-29;11;334
25;2025-12-29;12;348
25;2025-12-29;13;453
25;2025-12-29;14;356
25;2025-12-29;15;445
25;2025-12-29;16;582
25;2025-12-29;17;644
25;2025-12-29;18;709
25;2025-12-29;19;431
25;2025-12-29;20;284
25;2025-12-29;21;192
25;2025-12-29;22;98
25;2025-12-29;23;6
25;2025-12-30;0;1
25;2025-12-30;1;0
25;2025-12-30;2;0
25;2025-12-30;3;0
25;2025-12-30;4;0
25;2025-12-30;5;3
25;2025-12-30;6;146
25;2025-12-30;7;498
25;2025-12-30;8;812
25;2025-12-30;9;443
25;2025-12-30;10;340
25;2025-12-30;11;378
25;2025-12-30;12;347
25;2025-12-30;13;423
25;2025-12-30;14;404
25;2025-12-30;15;460
25;2025-12-30;16;581
25;2025-12-30;17;617
25;2025-12-30;18;717
25;2025-12-30;19;461
25;2025-12-30;20;296
25;2025-12-30;21;194
25;2025-12-30;22;104
25;2025-12-30;23;6
25;2025-12-31;0;1
25;2025-12-31;1;0
25;2025-12-31;2;0
25;2025-12-31;3;0
25;2025-12-31;4;0
25;2025-12-31;5;3
25;2025-12-31;6;57
25;2025-12-31;7;126
25;2025-12-31;8;238
25;2025-12-31;9;198
25;2025-12-31;10;201
25;2025-12-31;11;249
25;2025-12-31;12;252
25;2025-12-31;13;293
25;2025-12-31;14;308
25;2025-12-31;15;331
25;2025-12-31;16;350
25;2025-12-31;17;337
25;2025-12-31;18;369
25;2025-12-31;19;243
25;2025-12-31;20;191
25;2025-12-31;21;142
25;2025-12-31;22;104
25;2025-12-31;23;23
26;2025-11-01;0;94
26;2025-11-01;1;19
26;2025-11-01;2;0
26;2025-11-01;3;0
26;2025-11-01;4;6
26;2025-11-01;5;142
26;2025-11-01;6;595
26;2025-11-01;7;859
26;2025-11-01;8;877
26;2025-11-01;9;988
26;2025-11-01;10;1202
26;2025-11-01;11;1298
26;2025-11-01;12;1215
26;2025-11-01;13;1387
26;2025-11-01;14;1336
26;2025-11-01;15;1404
26;2025-11-01;16;1456
26;2025-11-01;17;1398
26;2025-11-01;18;1434
26;2025-11-01;19;1131
26;2025-11-01;20;1077
26;2025-11-01;21;812
26;2025-11-01;22;623
26;2025-11-01;23;408
26;2025-11-02;0;50
26;2025-11-02;1;6
26;2025-11-02;2;0
26;2025-11-02;3;0
26;2025-11-02;4;1
26;2025-11-02;5;29
26;2025-11-02;6;156
26;2025-11-02;7;257
26;2025-11-02;8;371
26;2025-11-02;9;504
26;2025-11-02;10;552
26;2025-11-02;11;730
26;2025-11-02;12;787
26;2025-11-02;13;818
26;2025-11-02;14;773
26;2025-11-02;15;729
26;2025-11-02;16;720
26;2025-11-02;17;725
26;2025-11-02;18;670
26;2025-11-02;19;541
26;2025-11-02;20;422
26;2025-11-02;21;290
26;2025-11-02;22;205
26;2025-11-02;23;106
26;2025-11-03;0;35
26;2025-11-03;1;7
26;2025-11-03;2;0
26;2025-11-03;3;0
26;2025-11-03;4;2
26;2025-11-03;5;73
26;2025-11-03;6;296
26;2025-11-03;7;372
26;2025-11-03;8;420
26;2025-11-03;9;525
26;2025-11-03;10;626
26;2025-11-03;11;644
26;2025-11-03;12;699
26;2025-11-03;13;743
26;2025-11-03;14;749
26;2025-11-03;15;750
26;2025-11-03;16;736
26;2025-11-03;17;797
26;2025-11-03;18;693
26;2025-11-03;19;696
26;2025-11-03;20;476
26;2025-11-03;21;315
26;2025-11-03;22;195
26;2025-11-03;23;124
26;2025-11-04;0;41
26;2025-11-04;1;17
26;2025-11-04;2;0
26;2025-11-04;3;0
26;2025-11-04;4;3
26;2025-11-04;5;36
26;2025-11-04;6;194
26;2025-11-04;7;193
26;2025-11-04;8;259
26;2025-11-04;9;307
26;2025-11-04;10;333
26;2025-11-04;11;506
26;2025-11-04;12;539
26;2025-11-04;13;606
26;2025-11-04;14;598
26;2025-11-04;15;590
26;2025-11-04;16;558
26;2025-11-04;17;571
26;2025-11-04;18;541
26;2025-11-04;19;577
26;2025-11-04;20;428
26;2025-11-04;21;285
26;2025-11-04;22;175
26;2025-11-04;23;112
26;2025-11-05;0;32
26;2025-11-05;1;1
26;2025-11-05;2;0
26;2025-11-05;3;0
26;2025-11-05;4;2
26;2025-11-05;5;86
26;2025-11-05;6;495
26;2025-11-05;7;1032
26;2025-11-05;8;1972
26;2025-11-05;9;1398
26;2025-11-05;10;1121
26;2025-11-05;11;1035
26;2025-11-05;12;1078
26;2025-11-05;13;1124
26;2025-11-05;14;1224
26;2025-11-05;15;1232
26;2025-11-05;16;1366
26;2025-11-05;17;1540
26;2025-11-05;18;1723
26;2025-11-05;19;1186
26;2025-11-05;20;756
26;2025-11-05;21;489
26;2025-11-05;22;243
26;2025-11-05;23;127
26;2025-11-06;0;37
26;2025-11-06;1;1
26;2025-11-06;2;0
26;2025-11-06;3;0
26;2025-11-06;4;2
26;2025-11-06;5;85
26;2025-11-06;6;492
26;2025-11-06;7;1017
26;2025-11-06;8;2007
26;2025-11-06;9;1396
26;2025-11-06;10;1122
26;2025-11-06;11;1056
26;2025-11-06;12;1075
26;2025-11-06;13;1098
26;2025-11-06;14;1151
26;2025-11-06;15;1259
26;2025-11-06;16;1397
26;2025-11-06;17;1592
26;2025-11-06;18;1765
26;2025-11-06;19;1202
26;2025-11-06;20;766
26;2025-11-06;21;474
26;2025-11-06;22;255
26;2025-11-06;23;136
26;2025-11-07;0;37
26;2025-11-07;1;1
26;2025-11-07;2;0
26;2025-11-07;3;0
26;2025-11-07;4;2
26;2025-11-07;5;81
26;2025-11-07;6;494
26;2025-11-07;7;1001
26;2025-11-07;8;1871
26;2025-11-07;9;1317
26;2025-11-07;10;1119
26;2025-11-07;11;996
26;2025-11-07;12;1085
26;2025-11-07;13;1126
26;2025-11-07;14;1150
26;2025-11-07;15;1319
26;2025-11-07;16;1531
26;2025-11-07;17;1621
26;2025-11-07;18;1343
26;2025-11-07;19;1037
26;2025-11-07;20;688
26;2025-11-07;21;444
26;2025-11-07;22;236
26;2025-11-07;23;157
26;2025-11-08;0;48
26;2025-11-08;1;2
26;2025-11-08;2;0
26;2025-11-08;3;0
26;2025-11-08;4;1
26;2025-11-08;5;47
26;2025-11-08;6;262
26;2025-11-08;7;354
26;2025-11-08;8;524
26;2025-11-08;9;652
26;2025-11-08;10;746
26;2025-11-08;11;929
26;2025-11-08;12;922
26;2025-11-08;13;969
26;2025-11-08;14;941
26;2025-11-08;15;891
26;2025-11-08;16;845
26;2025-11-08;17;864
26;2025-11-08;18;836
26;2025-11-08;19;773
26;2025-11-08;20;539
26;2025-11-08;21;366
26;2025-11-08;22;227
26;2025-11-08;23;147
26;2025-11-09;0;50
26;2025-11-09;1;6
26;2025-11-09;2;0
26;2025-11-09;3;0
26;2025-11-09;4;1
26;2025-11-09;5;29
26;2025-11-09;6;156
26;2025-11-09;7;257
26;2025-11-09;8;371
26;2025-11-09;9;504
26;2025-11-09;10;552
26;2025-11-09;11;730
26;2025-11-09;12;787
26;2025-11-09;13;818
26;2025-11-09;14;773
26;2025-11-09;15;729
26;2025-11-09;16;720
26;2025-11-09;17;725
26;2025-11-09;18;670
26;2025-11-09;19;541
26;2025-11-09;20;422
26;2025-11-09;21;290
26;2025-11-09;22;205
26;2025-11-09;23;106
26;2025-11-10;0;31
26;2025-11-10;1;3
26;2025-11-10;2;0
26;2025-11-10;3;0
26;2025-11-10;4;2
26;2025-11-10;5;83
26;2025-11-10;6;499
26;2025-11-10;7;1016
26;2025-11-10;8;1939
26;2025-11-10;9;1389
26;2025-11-10;10;1118
26;2025-11-10;11;1004
26;2025-11-10;12;1015
26;2025-11-10;13;1105
26;2025-11-10;14;1073
26;2025-11-10;15;1169
26;2025-11-10;16;1339
26;2025-11-10;17;1572
26;2025-11-10;18;1764
26;2025-11-10;19;1177
26;2025-11-10;20;750
26;2025-11-10;21;437
26;2025-11-10;22;222
26;2025-11-10;23;109
26;2025-11-11;0;30
26;2025-11-11;1;1
26;2025-11-11;2;0
26;2025-11-11;3;0
26;2025-11-11;4;3
26;2025-11-11;5;85
26;2025-11-11;6;513
26;2025-11-11;7;1031
26;2025-11-11;8;1979
26;2025-11-11;9;1399
26;2025-11-11;10;1115
26;2025-11-11;11;1034
26;2025-11-11;12;1088
26;2025-11-11;13;1091
26;2025-11-11;14;1134
26;2025-11-11;15;1213
26;2025-11-11;16;1419
26;2025-11-11;17;1626
26;2025-11-11;18;1776
26;2025-11-11;19;1207
26;2025-11-11;20;765
26;2025-11-11;21;454
26;2025-11-11;22;234
26;2025-11-11;23;118
26;2025-11-12;0;32
26;2025-11-12;1;1
26;2025-11-12;2;0
26;2025-11-12;3;0
26;2025-11-12;4;2
26;2025-11-12;5;86
26;2025-11-12;6;495
26;2025-11-12;7;1032
26;2025-11-12;8;1972
26;2025-11-12;9;1398
26;2025-11-12;10;1121
26;2025-11-12;11;1035
26;2025-11-12;12;1078
26;2025-11-12;13;1124
26;2025-11-12;14;1224
26;2025-11-12;15;1232
26;2025-11-12;16;1366
26;2025-11-12;17;1540
26;2025-11-12;18;1723
26;2025-11-12;19;1186
26;2025-11-12;20;756
26;2025-11-12;21;489
26;2025-11-12;22;243
26;2025-11-12;23;127
26;2025-11-13;0;37
26;2025-11-13;1;1
26;2025-11-13;2;0
26;2025-11-13;3;0
26;2025-11-13;4;2
26;2025-11-13;5;85
26;2025-11-13;6;492
26;2025-11-13;7;1017
26;2025-11-13;8;2007
26;2025-11-13;9;1396
26;2025-11-13;10;1122
26;2025-11-13;11;1056
26;2025-11-13;12;1075
26;2025-11-13;13;1098
26;2025-11-13;14;1151
26;2025-11-13;15;1259
26;2025-11-13;16;1397
26;2025-11-13;17;1592
26;2025-11-13;18;1765
26;2025-11-13;19;1202
26;2025-11-13;20;766
26;2025-11-13;21;474
26;2025-11-13;22;255
26;2025-11-13;23;136
26;2025-11-14;0;37
26;2025-11-14;1;1
26;2025-11-14;2;0
26;2025-11-14;3;0
26;2025-11-14;4;2
26;2025-11-14;5;81
26;2025-11-14;6;494
26;2025-11-14;7;1001
26;2025-11-14;8;1871
26;2025-11-14;9;1317
26;2025-11-14;10;1119
26;2025-11-14;11;996
26;2025-11-14;12;1085
26;2025-11-14;13;1126
26;2025-11-14;14;1150
26;2025-11-14;15;1319
26;2025-11-14;16;1531
26;2025-11-14;17;1621
26;2025-11-14;18;1343
26;2025-11-14;19;1037
26;2025-11-14;20;688
26;2025-11-14;21;444
26;2025-11-14;22;236
26;2025-11-14;23;157
26;2025-11-15;0;48
26;2025-11-15;1;2
26;2025-11-15;2;0
26;2025-11-15;3;0
26;2025-11-15;4;1
26;2025-11-15;5;47
26;2025-11-15;6;262
26;2025-11-15;7;354
26;2025-11-15;8;524
26;2025-11-15;9;652
26;2025-11-15;10;746
26;2025-11-15;11;929
26;2025-11-15;12;922
26;2025-11-15;13;969
26;2025-11-15;14;941
26;2025-11-15;15;891
26;2025-11-15;16;845
26;2025-11-15;17;864
26;2025-11-15;18;836
26;2025-11-15;19;773
26;2025-11-15;20;539
26;2025-11-15;21;366
26;2025-11-15;22;227
26;2025-11-15;23;147
26;2025-11-16;0;50
26;2025-11-16;1;6
26;2025-11-16;2;0
26;2025-11-16;3;0
26;2025-11-16;4;1
26;2025-11-16;5;29
26;2025-11-16;6;156
26;2025-11-16;7;257
26;2025-11-16;8;371
26;2025-11-16;9;504
26;2025-11-16;10;552
26;2025-11-16;11;730
26;2025-11-16;12;787
26;2025-11-16;13;818
26;2025-11-16;14;773
26;2025-11-16;15;729
26;2025-11-16;16;720
26;2025-11-16;17;725
26;2025-11-16;18;670
26;2025-11-16;19;541
26;2025-11-16;20;422
26;2025-11-16;21;290
26;2025-11-16;22;205
26;2025-11-16;23;106
26;2025-11-17;0;31
26;2025-11-17;1;3
26;2025-11-17;2;0
26;2025-11-17;3;0
26;2025-11-17;4;2
26;2025-11-17;5;83
26;2025-11-17;6;499
26;2025-11-17;7;1016
26;2025-11-17;8;1939
26;2025-11-17;9;1389
26;2025-11-17;10;1118
26;2025-11-17;11;1004
26;2025-11-17;12;1015
26;2025-11-17;13;1105
26;2025-11-17;14;1073
26;2025-11-17;15;1169
26;2025-11-17;16;1339
26;2025-11-17;17;1572
26;2025-11-17;18;1764
26;2025-11-17;19;1177
26;2025-11-17;20;750
26;2025-11-17;21;437
26;2025-11-17;22;222
26;2025-11-17;23;109
26;2025-11-18;0;30
26;2025-11-18;1;1
26;2025-11-18;2;0
26;2025-11-18;3;0
26;2025-11-18;4;3
26;2025-11-18;5;85
26;2025-11-18;6;513
26;2025-11-18;7;1031
26;2025-11-18;8;1979
26;2025-11-18;9;1399
26;2025-11-18;10;1115
26;2025-11-18;11;1034
26;2025-11-18;12;1088
26;2025-11-18;13;1091
26;2025-11-18;14;1134
26;2025-11-18;15;1213
26;2025-11-18;16;1419
26;2025-11-18;17;1626
26;2025-11-18;18;1776
26;2025-11-18;19;1207
26;2025-11-18;20;765
26;2025-11-18;21;454
26;2025-11-18;22;234
26;2025-11-18;23;118
26;2025-11-19;0;32
26;2025-11-19;1;1
26;2025-11-19;2;0
26;2025-11-19;3;0
26;2025-11-19;4;2
26;2025-11-19;5;86
26;2025-11-19;6;495
26;2025-11-19;7;1032
26;2025-11-19;8;1972
26;2025-11-19;9;1398
26;2025-11-19;10;1121
26;2025-11-19;11;1035
26;2025-11-19;12;1078
26;2025-11-19;13;1124
26;2025-11-19;14;1224
26;2025-11-19;15;1232
26;2025-11-19;16;1366
26;2025-11-19;17;1540
26;2025-11-19;18;1723
26;2025-11-19;19;1186
26;2025-11-19;20;756
26;2025-11-19;21;489
26;2025-11-19;22;243
26;2025-11-19;23;127
26;2025-11-20;0;37
26;2025-11-20;1;1
26;2025-11-20;2;0
26;2025-11-20;3;0
26;2025-11-20;4;2
26;2025-11-20;5;85
26;2025-11-20;6;492
26;2025-11-20;7;1017
26;2025-11-20;8;2007
26;2025-11-20;9;1396
26;2025-11-20;10;1122
26;2025-11-20;11;1056
26;2025-11-20;12;1075
26;2025-11-20;13;1098
26;2025-11-20;14;1151
26;2025-11-20;15;1259
26;2025-11-20;16;1397
26;2025-11-20;17;1592
26;2025-11-20;18;1765
26;2025-11-20;19;1202
26;2025-11-20;20;766
26;2025-11-20;21;474
26;2025-11-20;22;255
26;2025-11-20;23;136
26;2025-11-21;0;37
26;2025-11-21;1;1
26;2025-11-21;2;0
26;2025-11-21;3;0
26;2025-11-21;4;2
26;2025-11-21;5;81
26;2025-11-21;6;494
26;2025-11-21;7;1001
26;2025-11-21;8;1871
26;2025-11-21;9;1317
26;2025-11-21;10;1119
26;2025-11-21;11;996
26;2025-11-21;12;1085
26;2025-11-21;13;1126
26;2025-11-21;14;1150
26;2025-11-21;15;1319
26;2025-11-21;16;1531
26;2025-11-21;17;1621
26;2025-11-21;18;1343
26;2025-11-21;19;1037
26;2025-11-21;20;688
26;2025-11-21;21;444
26;2025-11-21;22;236
26;2025-11-21;23;157
26;2025-11-22;0;48
26;2025-11-22;1;2
26;2025-11-22;2;0
26;2025-11-22;3;0
26;2025-11-22;4;1
26;2025-11-22;5;47
26;2025-11-22;6;262
26;2025-11-22;7;354
26;2025-11-22;8;524
26;2025-11-22;9;652
26;2025-11-22;10;746
26;2025-11-22;11;929
26;2025-11-22;12;922
26;2025-11-22;13;969
26;2025-11-22;14;941
26;2025-11-22;15;891
26;2025-11-22;16;845
26;2025-11-22;17;864
26;2025-11-22;18;836
26;2025-11-22;19;773
26;2025-11-22;20;539
26;2025-11-22;21;366
26;2025-11-22;22;227
26;2025-11-22;23;147
26;2025-11-23;0;50
26;2025-11-23;1;6
26;2025-11-23;2;0
26;2025-11-23;3;0
26;2025-11-23;4;1
26;2025-11-23;5;29
26;2025-11-23;6;156
26;2025-11-23;7;257
26;2025-11-23;8;371
26;2025-11-23;9;504
26;2025-11-23;10;552
26;2025-11-23;11;730
26;2025-11-23;12;787
26;2025-11-23;13;818
26;2025-11-23;14;773
26;2025-11-23;15;729
26;2025-11-23;16;720
26;2025-11-23;17;725
26;2025-11-23;18;670
26;2025-11-23;19;541
26;2025-11-23;20;422
26;2025-11-23;21;290
26;2025-11-23;22;205
26;2025-11-23;23;106
26;2025-11-24;0;31
26;2025-11-24;1;3
26;2025-11-24;2;0
26;2025-11-24;3;0
26;2025-11-24;4;2
26;2025-11-24;5;83
26;2025-11-24;6;499
26;2025-11-24;7;1016
26;2025-11-24;8;1939
26;2025-11-24;9;1389
26;2025-11-24;10;1118
26;2025-11-24;11;1004
26;2025-11-24;12;1015
26;2025-11-24;13;1105
26;2025-11-24;14;1073
26;2025-11-24;15;1169
26;2025-11-24;16;1339
26;2025-11-24;17;1572
26;2025-11-24;18;1764
26;2025-11-24;19;1177
26;2025-11-24;20;750
26;2025-11-24;21;437
26;2025-11-24;22;222
26;2025-11-24;23;109
26;2025-11-25;0;30
26;2025-11-25;1;1
26;2025-11-25;2;0
26;2025-11-25;3;0
26;2025-11-25;4;3
26;2025-11-25;5;85
26;2025-11-25;6;513
26;2025-11-25;7;1031
26;2025-11-25;8;1979
26;2025-11-25;9;1399
26;2025-11-25;10;1115
26;2025-11-25;11;1034
26;2025-11-25;12;1088
26;2025-11-25;13;1091
26;2025-11-25;14;1134
26;2025-11-25;15;1213
26;2025-11-25;16;1419
26;2025-11-25;17;1626
26;2025-11-25;18;1776
26;2025-11-25;19;1207
26;2025-11-25;20;765
26;2025-11-25;21;454
26;2025-11-25;22;234
26;2025-11-25;23;118
26;2025-11-26;0;32
26;2025-11-26;1;1
26;2025-11-26;2;0
26;2025-11-26;3;0
26;2025-11-26;4;2
26;2025-11-26;5;86
26;2025-11-26;6;495
26;2025-11-26;7;1032
26;2025-11-26;8;1972
26;2025-11-26;9;1398
26;2025-11-26;10;1121
26;2025-11-26;11;1035
26;2025-11-26;12;1078
26;2025-11-26;13;1124
26;2025-11-26;14;1224
26;2025-11-26;15;1232
26;2025-11-26;16;1366
26;2025-11-26;17;1540
26;2025-11-26;18;1723
26;2025-11-26;19;1186
26;2025-11-26;20;756
26;2025-11-26;21;489
26;2025-11-26;22;243
26;2025-11-26;23;127
26;2025-11-27;0;37
26;2025-11-27;1;1
26;2025-11-27;2;0
26;2025-11-27;3;0
26;2025-11-27;4;2
26;2025-11-27;5;85
26;2025-11-27;6;492
26;2025-11-27;7;1017
26;2025-11-27;8;2007
26;2025-11-27;9;1396
26;2025-11-27;10;1122
26;2025-11-27;11;1056
26;2025-11-27;12;1075
26;2025-11-27;13;1098
26;2025-11-27;14;1151
26;2025-11-27;15;1259
26;2025-11-27;16;1397
26;2025-11-27;17;1592
26;2025-11-27;18;1765
26;2025-11-27;19;1202
26;2025-11-27;20;766
26;2025-11-27;21;474
26;2025-11-27;22;255
26;2025-11-27;23;136
26;2025-11-28;0;37
26;2025-11-28;1;1
26;2025-11-28;2;0
26;2025-11-28;3;0
26;2025-11-28;4;2
26;2025-11-28;5;81
26;2025-11-28;6;494
26;2025-11-28;7;1001
26;2025-11-28;8;1871
26;2025-11-28;9;1317
26;2025-11-28;10;1119
26;2025-11-28;11;996
26;2025-11-28;12;1085
26;2025-11-28;13;1126
26;2025-11-28;14;1150
26;2025-11-28;15;1319
26;2025-11-28;16;1531
26;2025-11-28;17;1621
26;2025-11-28;18;1343
26;2025-11-28;19;1037
26;2025-11-28;20;688
26;2025-11-28;21;444
26;2025-11-28;22;236
26;2025-11-28;23;157
26;2025-11-29;0;48
26;2025-11-29;1;2
26;2025-11-29;2;0
26;2025-11-29;3;0
26;2025-11-29;4;1
26;2025-11-29;5;47
26;2025-11-29;6;262
26;2025-11-29;7;354
26;2025-11-29;8;524
26;2025-11-29;9;652
26;2025-11-29;10;746
26;2025-11-29;11;929
26;2025-11-29;12;922
26;2025-11-29;13;969
26;2025-11-29;14;941
26;2025-11-29;15;891
26;2025-11-29;16;845
26;2025-11-29;17;864
26;2025-11-29;18;836
26;2025-11-29;19;773
26;2025-11-29;20;539
26;2025-11-29;21;366
26;2025-11-29;22;227
26;2025-11-29;23;147
26;2025-11-30;0;50
26;2025-11-30;1;6
26;2025-11-30;2;0
26;2025-11-30;3;0
26;2025-11-30;4;1
26;2025-11-30;5;29
26;2025-11-30;6;156
26;2025-11-30;7;257
26;2025-11-30;8;371
26;2025-11-30;9;504
26;2025-11-30;10;552
26;2025-11-30;11;730
26;2025-11-30;12;787
26;2025-11-30;13;818
26;2025-11-30;14;773
26;2025-11-30;15;729
26;2025-11-30;16;720
26;2025-11-30;17;725
26;2025-11-30;18;670
26;2025-11-30;19;541
26;2025-11-30;20;422
26;2025-11-30;21;290
26;2025-11-30;22;205
26;2025-11-30;23;106
26;2025-12-01;0;31
26;2025-12-01;1;3
26;2025-12-01;2;0
26;2025-12-01;3;0
26;2025-12-01;4;2
26;2025-12-01;5;83
26;2025-12-01;6;499
26;2025-12-01;7;1016
26;2025-12-01;8;1939
26;2025-12-01;9;1389
26;2025-12-01;10;1118
26;2025-12-01;11;1004
26;2025-12-01;12;1015
26;2025-12-01;13;1105
26;2025-12-01;14;1073
26;2025-12-01;15;1169
26;2025-12-01;16;1339
26;2025-12-01;17;1572
26;2025-12-01;18;1764
26;2025-12-01;19;1177
26;2025-12-01;20;750
26;2025-12-01;21;437
26;2025-12-01;22;222
26;2025-12-01;23;109
26;2025-12-02;0;30
26;2025-12-02;1;1
26;2025-12-02;2;0
26;2025-12-02;3;0
26;2025-12-02;4;3
26;2025-12-02;5;85
26;2025-12-02;6;513
26;2025-12-02;7;1031
26;2025-12-02;8;1979
26;2025-12-02;9;1399
26;2025-12-02;10;1115
26;2025-12-02;11;1034
26;2025-12-02;12;1088
26;2025-12-02;13;1091
26;2025-12-02;14;1134
26;2025-12-02;15;1213
26;2025-12-02;16;1419
26;2025-12-02;17;1626
26;2025-12-02;18;1776
26;2025-12-02;19;1207
26;2025-12-02;20;765
26;2025-12-02;21;454
26;2025-12-02;22;234
26;2025-12-02;23;118
26;2025-12-03;0;32
26;2025-12-03;1;1
26;2025-12-03;2;0
26;2025-12-03;3;0
26;2025-12-03;4;2
26;2025-12-03;5;86
26;2025-12-03;6;495
26;2025-12-03;7;1032
26;2025-12-03;8;1972
26;2025-12-03;9;1398
26;2025-12-03;10;1121
26;2025-12-03;11;1035
26;2025-12-03;12;1078
26;2025-12-03;13;1124
26;2025-12-03;14;1224
26;2025-12-03;15;1232
26;2025-12-03;16;1366
26;2025-12-03;17;1540
26;2025-12-03;18;1723
26;2025-12-03;19;1186
26;2025-12-03;20;756
26;2025-12-03;21;489
26;2025-12-03;22;243
26;2025-12-03;23;127
26;2025-12-04;0;37
26;2025-12-04;1;1
26;2025-12-04;2;0
26;2025-12-04;3;0
26;2025-12-04;4;2
26;2025-12-04;5;85
26;2025-12-04;6;492
26;2025-12-04;7;1017
26;2025-12-04;8;2007
26;2025-12-04;9;1396
26;2025-12-04;10;1122
26;2025-12-04;11;1056
26;2025-12-04;12;1075
26;2025-12-04;13;1098
26;2025-12-04;14;1151
26;2025-12-04;15;1259
26;2025-12-04;16;1397
26;2025-12-04;17;1592
26;2025-12-04;18;1765
26;2025-12-04;19;1202
26;2025-12-04;20;766
26;2025-12-04;21;474
26;2025-12-04;22;255
26;2025-12-04;23;136
26;2025-12-05;0;37
26;2025-12-05;1;1
26;2025-12-05;2;0
26;2025-12-05;3;0
26;2025-12-05;4;2
26;2025-12-05;5;81
26;2025-12-05;6;494
26;2025-12-05;7;1001
26;2025-12-05;8;1871
26;2025-12-05;9;1317
26;2025-12-05;10;1119
26;2025-12-05;11;996
26;2025-12-05;12;1085
26;2025-12-05;13;1126
26;2025-12-05;14;1150
26;2025-12-05;15;1319
26;2025-12-05;16;1531
26;2025-12-05;17;1621
26;2025-12-05;18;1343
26;2025-12-05;19;1037
26;2025-12-05;20;688
26;2025-12-05;21;444
26;2025-12-05;22;236
26;2025-12-05;23;157
26;2025-12-06;0;48
26;2025-12-06;1;2
26;2025-12-06;2;0
26;2025-12-06;3;0
26;2025-12-06;4;1
26;2025-12-06;5;47
26;2025-12-06;6;262
26;2025-12-06;7;354
26;2025-12-06;8;524
26;2025-12-06;9;652
26;2025-12-06;10;746
26;2025-12-06;11;929
26;2025-12-06;12;922
26;2025-12-06;13;969
26;2025-12-06;14;941
26;2025-12-06;15;891
26;2025-12-06;16;845
26;2025-12-06;17;864
26;2025-12-06;18;836
26;2025-12-06;19;773
26;2025-12-06;20;539
26;2025-12-06;21;366
26;2025-12-06;22;227
26;2025-12-06;23;147
26;2025-12-07;0;50
26;2025-12-07;1;6
26;2025-12-07;2;0
26;2025-12-07;3;0
26;2025-12-07;4;1
26;2025-12-07;5;29
26;2025-12-07;6;156
26;2025-12-07;7;257
26;2025-12-07;8;371
26;2025-12-07;9;504
26;2025-12-07;10;552
26;2025-12-07;11;730
26;2025-12-07;12;787
26;2025-12-07;13;818
26;2025-12-07;14;773
26;2025-12-07;15;729
26;2025-12-07;16;720
26;2025-12-07;17;725
26;2025-12-07;18;670
26;2025-12-07;19;541
26;2025-12-07;20;422
26;2025-12-07;21;290
26;2025-12-07;22;205
26;2025-12-07;23;106
26;2025-12-08;0;31
26;2025-12-08;1;3
26;2025-12-08;2;0
26;2025-12-08;3;0
26;2025-12-08;4;2
26;2025-12-08;5;83
26;2025-12-08;6;499
26;2025-12-08;7;1016
26;2025-12-08;8;1939
26;2025-12-08;9;1389
26;2025-12-08;10;1118
26;2025-12-08;11;1004
26;2025-12-08;12;1015
26;2025-12-08;13;1105
26;2025-12-08;14;1073
26;2025-12-08;15;1169
26;2025-12-08;16;1339
26;2025-12-08;17;1572
26;2025-12-08;18;1764
26;2025-12-08;19;1177
26;2025-12-08;20;750
26;2025-12-08;21;437
26;2025-12-08;22;222
26;2025-12-08;23;109
26;2025-12-09;0;30
26;2025-12-09;1;1
26;2025-12-09;2;0
26;2025-12-09;3;0
26;2025-12-09;4;3
26;2025-12-09;5;85
26;2025-12-09;6;513
26;2025-12-09;7;1031
26;2025-12-09;8;1979
26;2025-12-09;9;1399
26;2025-12-09;10;1115
26;2025-12-09;11;1034
26;2025-12-09;12;1088
26;2025-12-09;13;1091
26;2025-12-09;14;1134
26;2025-12-09;15;1213
26;2025-12-09;16;1419
26;2025-12-09;17;1626
26;2025-12-09;18;1776
26;2025-12-09;19;1207
26;2025-12-09;20;765
26;2025-12-09;21;454
26;2025-12-09;22;234
26;2025-12-09;23;118
26;2025-12-10;0;32
26;2025-12-10;1;1
26;2025-12-10;2;0
26;2025-12-10;3;0
26;2025-12-10;4;2
26;2025-12-10;5;86
26;2025-12-10;6;495
26;2025-12-10;7;1032
26;2025-12-10;8;1972
26;2025-12-10;9;1398
26;2025-12-10;10;1121
26;2025-12-10;11;1035
26;2025-12-10;12;1078
26;2025-12-10;13;1124
26;2025-12-10;14;1224
26;2025-12-10;15;1232
26;2025-12-10;16;1366
26;2025-12-10;17;1540
26;2025-12-10;18;1723
26;2025-12-10;19;1186
26;2025-12-10;20;756
26;2025-12-10;21;489
26;2025-12-10;22;243
26;2025-12-10;23;127
26;2025-12-11;0;37
26;2025-12-11;1;1
26;2025-12-11;2;0
26;2025-12-11;3;0
26;2025-12-11;4;2
26;2025-12-11;5;85
26;2025-12-11;6;492
26;2025-12-11;7;1017
26;2025-12-11;8;2007
26;2025-12-11;9;1396
26;2025-12-11;10;1122
26;2025-12-11;11;1056
26;2025-12-11;12;1075
26;2025-12-11;13;1098
26;2025-12-11;14;1151
26;2025-12-11;15;1259
26;2025-12-11;16;1397
26;2025-12-11;17;1592
26;2025-12-11;18;1765
26;2025-12-11;19;1202
26;2025-12-11;20;766
26;2025-12-11;21;474
26;2025-12-11;22;255
26;2025-12-11;23;136
26;2025-12-12;0;37
26;2025-12-12;1;1
26;2025-12-12;2;0
26;2025-12-12;3;0
26;2025-12-12;4;2
26;2025-12-12;5;81
26;2025-12-12;6;494
26;2025-12-12;7;1001
26;2025-12-12;8;1871
26;2025-12-12;9;1317
26;2025-12-12;10;1119
26;2025-12-12;11;996
26;2025-12-12;12;1085
26;2025-12-12;13;1126
26;2025-12-12;14;1150
26;2025-12-12;15;1319
26;2025-12-12;16;1531
26;2025-12-12;17;1621
26;2025-12-12;18;1343
26;2025-12-12;19;1037
26;2025-12-12;20;688
26;2025-12-12;21;444
26;2025-12-12;22;236
26;2025-12-12;23;157
26;2025-12-13;0;48
26;2025-12-13;1;2
26;2025-12-13;2;0
26;2025-12-13;3;0
26;2025-12-13;4;1
26;2025-12-13;5;47
26;2025-12-13;6;262
26;2025-12-13;7;354
26;2025-12-13;8;524
26;2025-12-13;9;652
26;2025-12-13;10;746
26;2025-12-13;11;929
26;2025-12-13;12;922
26;2025-12-13;13;969
26;2025-12-13;14;941
26;2025-12-13;15;891
26;2025-12-13;16;845
26;2025-12-13;17;864
26;2025-12-13;18;836
26;2025-12-13;19;773
26;2025-12-13;20;539
26;2025-12-13;21;366
26;2025-12-13;22;227
26;2025-12-13;23;147
26;2025-12-14;0;50
26;2025-12-14;1;6
26;2025-12-14;2;0
26;2025-12-14;3;0
26;2025-12-14;4;1
26;2025-12-14;5;29
26;2025-12-14;6;156
26;2025-12-14;7;257
26;2025-12-14;8;371
26;2025-12-14;9;504
26;2025-12-14;10;552
26;2025-12-14;11;730
26;2025-12-14;12;787
26;2025-12-14;13;818
26;2025-12-14;14;773
26;2025-12-14;15;729
26;2025-12-14;16;720
26;2025-12-14;17;725
26;2025-12-14;18;670
26;2025-12-14;19;541
26;2025-12-14;20;422
26;2025-12-14;21;290
26;2025-12-14;22;205
26;2025-12-14;23;106
26;2025-12-15;0;31
26;2025-12-15;1;3
26;2025-12-15;2;0
26;2025-12-15;3;0
26;2025-12-15;4;2
26;2025-12-15;5;83
26;2025-12-15;6;499
26;2025-12-15;7;1016
26;2025-12-15;8;1939
26;2025-12-15;9;1389
26;2025-12-15;10;1118
26;2025-12-15;11;1004
26;2025-12-15;12;1015
26;2025-12-15;13;1105
26;2025-12-15;14;1073
26;2025-12-15;15;1169
26;2025-12-15;16;1339
26;2025-12-15;17;1572
26;2025-12-15;18;1764
26;2025-12-15;19;1177
26;2025-12-15;20;750
26;2025-12-15;21;437
26;2025-12-15;22;222
26;2025-12-15;23;109
26;2025-12-16;0;30
26;2025-12-16;1;1
26;2025-12-16;2;0
26;2025-12-16;3;0
26;2025-12-16;4;3
26;2025-12-16;5;85
26;2025-12-16;6;513
26;2025-12-16;7;1031
26;2025-12-16;8;1979
26;2025-12-16;9;1399
26;2025-12-16;10;1115
26;2025-12-16;11;1034
26;2025-12-16;12;1088
26;2025-12-16;13;1091
26;2025-12-16;14;1134
26;2025-12-16;15;1213
26;2025-12-16;16;1419
26;2025-12-16;17;1626
26;2025-12-16;18;1776
26;2025-12-16;19;1207
26;2025-12-16;20;765
26;2025-12-16;21;454
26;2025-12-16;22;234
26;2025-12-16;23;118
26;2025-12-17;0;32
26;2025-12-17;1;1
26;2025-12-17;2;0
26;2025-12-17;3;0
26;2025-12-17;4;2
26;2025-12-17;5;86
26;2025-12-17;6;495
26;2025-12-17;7;1032
26;2025-12-17;8;1972
26;2025-12-17;9;1398
26;2025-12-17;10;1121
26;2025-12-17;11;1035
26;2025-12-17;12;1078
26;2025-12-17;13;1124
26;2025-12-17;14;1224
26;2025-12-17;15;1232
26;2025-12-17;16;1366
26;2025-12-17;17;1540
26;2025-12-17;18;1723
26;2025-12-17;19;1186
26;2025-12-17;20;756
26;2025-12-17;21;489
26;2025-12-17;22;243
26;2025-12-17;23;127
26;2025-12-18;0;37
26;2025-12-18;1;1
26;2025-12-18;2;0
26;2025-12-18;3;0
26;2025-12-18;4;2
26;2025-12-18;5;85
26;2025-12-18;6;492
26;2025-12-18;7;1017
26;2025-12-18;8;2007
26;2025-12-18;9;1396
26;2025-12-18;10;1122
26;2025-12-18;11;1056
26;2025-12-18;12;1075
26;2025-12-18;13;1098
26;2025-12-18;14;1151
26;2025-12-18;15;1259
26;2025-12-18;16;1397
26;2025-12-18;17;1592
26;2025-12-18;18;1765
26;2025-12-18;19;1202
26;2025-12-18;20;766
26;2025-12-18;21;474
26;2025-12-18;22;255
26;2025-12-18;23;136
26;2025-12-19;0;37
26;2025-12-19;1;1
26;2025-12-19;2;0
26;2025-12-19;3;0
26;2025-12-19;4;2
26;2025-12-19;5;81
26;2025-12-19;6;494
26;2025-12-19;7;1001
26;2025-12-19;8;1871
26;2025-12-19;9;1317
26;2025-12-19;10;1119
26;2025-12-19;11;996
26;2025-12-19;12;1085
26;2025-12-19;13;1126
26;2025-12-19;14;1150
26;2025-12-19;15;1319
26;2025-12-19;16;1531
26;2025-12-19;17;1621
26;2025-12-19;18;1343
26;2025-12-19;19;1037
26;2025-12-19;20;688
26;2025-12-19;21;444
26;2025-12-19;22;236
26;2025-12-19;23;157
26;2025-12-20;0;48
26;2025-12-20;1;2
26;2025-12-20;2;0
26;2025-12-20;3;0
26;2025-12-20;4;1
26;2025-12-20;5;47
26;2025-12-20;6;262
26;2025-12-20;7;354
26;2025-12-20;8;524
26;2025-12-20;9;652
26;2025-12-20;10;746
26;2025-12-20;11;929
26;2025-12-20;12;922
26;2025-12-20;13;969
26;2025-12-20;14;941
26;2025-12-20;15;891
26;2025-12-20;16;845
26;2025-12-20;17;864
26;2025-12-20;18;836
26;2025-12-20;19;773
26;2025-12-20;20;539
26;2025-12-20;21;366
26;2025-12-20;22;227
26;2025-12-20;23;147
26;2025-12-21;0;50
26;2025-12-21;1;6
26;2025-12-21;2;0
26;2025-12-21;3;0
26;2025-12-21;4;1
26;2025-12-21;5;29
26;2025-12-21;6;156
26;2025-12-21;7;257
26;2025-12-21;8;371
26;2025-12-21;9;504
26;2025-12-21;10;552
26;2025-12-21;11;730
26;2025-12-21;12;787
26;2025-12-21;13;818
26;2025-12-21;14;773
26;2025-12-21;15;729
26;2025-12-21;16;720
26;2025-12-21;17;725
26;2025-12-21;18;670
26;2025-12-21;19;541
26;2025-12-21;20;422
26;2025-12-21;21;290
26;2025-12-21;22;205
26;2025-12-21;23;106
26;2025-12-22;0;31
26;2025-12-22;1;3
26;2025-12-22;2;0
26;2025-12-22;3;0
26;2025-12-22;4;2
26;2025-12-22;5;83
26;2025-12-22;6;499
26;2025-12-22;7;1016
26;2025-12-22;8;1939
26;2025-12-22;9;1389
26;2025-12-22;10;1118
26;2025-12-22;11;1004
26;2025-12-22;12;1015
26;2025-12-22;13;1105
26;2025-12-22;14;1073
26;2025-12-22;15;1169
26;2025-12-22;16;1339
26;2025-12-22;17;1572
26;2025-12-22;18;1764
26;2025-12-22;19;1177
26;2025-12-22;20;750
26;2025-12-22;21;437
26;2025-12-22;22;222
26;2025-12-22;23;109
26;2025-12-23;0;30
26;2025-12-23;1;1
26;2025-12-23;2;0
26;2025-12-23;3;0
26;2025-12-23;4;3
26;2025-12-23;5;85
26;2025-12-23;6;513
26;2025-12-23;7;1031
26;2025-12-23;8;1979
26;2025-12-23;9;1399
26;2025-12-23;10;1115
26;2025-12-23;11;1034
26;2025-12-23;12;1088
26;2025-12-23;13;1091
26;2025-12-23;14;1134
26;2025-12-23;15;1213
26;2025-12-23;16;1419
26;2025-12-23;17;1626
26;2025-12-23;18;1776
26;2025-12-23;19;1207
26;2025-12-23;20;765
26;2025-12-23;21;454
26;2025-12-23;22;234
26;2025-12-23;23;118
26;2025-12-24;0;32
26;2025-12-24;1;1
26;2025-12-24;2;0
26;2025-12-24;3;0
26;2025-12-24;4;2
26;2025-12-24;5;86
26;2025-12-24;6;495
26;2025-12-24;7;1032
26;2025-12-24;8;1972
26;2025-12-24;9;1398
26;2025-12-24;10;1121
26;2025-12-24;11;1035
26;2025-12-24;12;1078
26;2025-12-24;13;1124
26;2025-12-24;14;1224
26;2025-12-24;15;1232
26;2025-12-24;16;1366
26;2025-12-24;17;1540
26;2025-12-24;18;1723
26;2025-12-24;19;1186
26;2025-12-24;20;756
26;2025-12-24;21;489
26;2025-12-24;22;243
26;2025-12-24;23;127
26;2025-12-25;0;37
26;2025-12-25;1;1
26;2025-12-25;2;0
26;2025-12-25;3;0
26;2025-12-25;4;2
26;2025-12-25;5;85
26;2025-12-25;6;492
26;2025-12-25;7;1017
26;2025-12-25;8;2007
26;2025-12-25;9;1396
26;2025-12-25;10;1122
26;2025-12-25;11;1056
26;2025-12-25;12;1075
26;2025-12-25;13;1098
26;2025-12-25;14;1151
26;2025-12-25;15;1259
26;2025-12-25;16;1397
26;2025-12-25;17;1592
26;2025-12-25;18;1765
26;2025-12-25;19;1202
26;2025-12-25;20;766
26;2025-12-25;21;474
26;2025-12-25;22;255
26;2025-12-25;23;136
26;2025-12-26;0;37
26;2025-12-26;1;1
26;2025-12-26;2;0
26;2025-12-26;3;0
26;2025-12-26;4;2
26;2025-12-26;5;81
26;2025-12-26;6;494
26;2025-12-26;7;1001
26;2025-12-26;8;1871
26;2025-12-26;9;1317
26;2025-12-26;10;1119
26;2025-12-26;11;996
26;2025-12-26;12;1085
26;2025-12-26;13;1126
26;2025-12-26;14;1150
26;2025-12-26;15;1319
26;2025-12-26;16;1531
26;2025-12-26;17;1621
26;2025-12-26;18;1343
26;2025-12-26;19;1037
26;2025-12-26;20;688
26;2025-12-26;21;444
26;2025-12-26;22;236
26;2025-12-26;23;157
26;2025-12-27;0;48
26;2025-12-27;1;2
26;2025-12-27;2;0
26;2025-12-27;3;0
26;2025-12-27;4;1
26;2025-12-27;5;47
26;2025-12-27;6;262
26;2025-12-27;7;354
26;2025-12-27;8;524
26;2025-12-27;9;652
26;2025-12-27;10;746
26;2025-12-27;11;929
26;2025-12-27;12;922
26;2025-12-27;13;969
26;2025-12-27;14;941
26;2025-12-27;15;891
26;2025-12-27;16;845
26;2025-12-27;17;864
26;2025-12-27;18;836
26;2025-12-27;19;773
26;2025-12-27;20;539
26;2025-12-27;21;366
26;2025-12-27;22;227
26;2025-12-27;23;147
26;2025-12-28;0;50
26;2025-12-28;1;6
26;2025-12-28;2;0
26;2025-12-28;3;0
26;2025-12-28;4;1
26;2025-12-28;5;29
26;2025-12-28;6;156
26;2025-12-28;7;257
26;2025-12-28;8;371
26;2025-12-28;9;504
26;2025-12-28;10;552
26;2025-12-28;11;730
26;2025-12-28;12;787
26;2025-12-28;13;818
26;2025-12-28;14;773
26;2025-12-28;15;729
26;2025-12-28;16;720
26;2025-12-28;17;725
26;2025-12-28;18;670
26;2025-12-28;19;541
26;2025-12-28;20;422
26;2025-12-28;21;290
26;2025-12-28;22;205
26;2025-12-28;23;106
26;2025-12-29;0;31
26;2025-12-29;1;3
26;2025-12-29;2;0
26;2025-12-29;3;0
26;2025-12-29;4;2
26;2025-12-29;5;83
26;2025-12-29;6;499
26;2025-12-29;7;1016
26;2025-12-29;8;1939
26;2025-12-29;9;1389
26;2025-12-29;10;1118
26;2025-12-29;11;1004
26;2025-12-29;12;1015
26;2025-12-29;13;1105
26;2025-12-29;14;1073
26;2025-12-29;15;1169
26;2025-12-29;16;1339
26;2025-12-29;17;1572
26;2025-12-29;18;1764
26;2025-12-29;19;1177
26;2025-12-29;20;750
26;2025-12-29;21;437
26;2025-12-29;22;222
26;2025-12-29;23;109
26;2025-12-30;0;30
26;2025-12-30;1;1
26;2025-12-30;2;0
26;2025-12-30;3;0
26;2025-12-30;4;3
26;2025-12-30;5;85
26;2025-12-30;6;513
26;2025-12-30;7;1031
26;2025-12-30;8;1979
26;2025-12-30;9;1399
26;2025-12-30;10;1115
26;2025-12-30;11;1034
26;2025-12-30;12;1088
26;2025-12-30;13;1091
26;2025-12-30;14;1134
26;2025-12-30;15;1213
26;2025-12-30;16;1419
26;2025-12-30;17;1626
26;2025-12-30;18;1776
26;2025-12-30;19;1207
26;2025-12-30;20;765
26;2025-12-30;21;454
26;2025-12-30;22;234
26;2025-12-30;23;118
26;2025-12-31;0;25
26;2025-12-31;1;3
26;2025-12-31;2;0
26;2025-12-31;3;0
26;2025-12-31;4;4
26;2025-12-31;5;43
26;2025-12-31;6;229
26;2025-12-31;7;350
26;2025-12-31;8;416
26;2025-12-31;9;551
26;2025-12-31;10;535
26;2025-12-31;11;620
26;2025-12-31;12;628
26;2025-12-31;13;611
26;2025-12-31;14;679
26;2025-12-31;15;643
26;2025-12-31;16;683
26;2025-12-31;17;629
26;2025-12-31;18;578
26;2025-12-31;19;524
26;2025-12-31;20;455
26;2025-12-31;21;283
26;2025-12-31;22;182
26;2025-12-31;23;102
28;2025-11-01;0;7
28;2025-11-01;1;0
28;2025-11-01;2;0
28;2025-11-01;3;0
28;2025-11-01;4;1
28;2025-11-01;5;107
28;2025-11-01;6;342
28;2025-11-01;7;465
28;2025-11-01;8;541
28;2025-11-01;9;626
28;2025-11-01;10;694
28;2025-11-01;11;706
28;2025-11-01;12;687
28;2025-11-01;13;773
28;2025-11-01;14;716
28;2025-11-01;15;752
28;2025-11-01;16;762
28;2025-11-01;17;753
28;2025-11-01;18;766
28;2025-11-01;19;643
28;2025-11-01;20;596
28;2025-11-01;21;511
28;2025-11-01;22;348
28;2025-11-01;23;151
28;2025-11-02;0;1
28;2025-11-02;1;0
28;2025-11-02;2;0
28;2025-11-02;3;0
28;2025-11-02;4;0
28;2025-11-02;5;33
28;2025-11-02;6;82
28;2025-11-02;7;145
28;2025-11-02;8;234
28;2025-11-02;9;301
28;2025-11-02;10;344
28;2025-11-02;11;362
28;2025-11-02;12;420
28;2025-11-02;13;470
28;2025-11-02;14;462
28;2025-11-02;15;466
28;2025-11-02;16;439
28;2025-11-02;17;435
28;2025-11-02;18;397
28;2025-11-02;19;349
28;2025-11-02;20;286
28;2025-11-02;21;232
28;2025-11-02;22;113
28;2025-11-02;23;11
28;2025-11-03;0;1
28;2025-11-03;1;0
28;2025-11-03;2;0
28;2025-11-03;3;0
28;2025-11-03;4;0
28;2025-11-03;5;45
28;2025-11-03;6;107
28;2025-11-03;7;220
28;2025-11-03;8;288
28;2025-11-03;9;351
28;2025-11-03;10;342
28;2025-11-03;11;328
28;2025-11-03;12;402
28;2025-11-03;13;458
28;2025-11-03;14;446
28;2025-11-03;15;453
28;2025-11-03;16;451
28;2025-11-03;17;469
28;2025-11-03;18;375
28;2025-11-03;19;340
28;2025-11-03;20;287
28;2025-11-03;21;211
28;2025-11-03;22;100
28;2025-11-03;23;14
28;2025-11-04;0;3
28;2025-11-04;1;0
28;2025-11-04;2;0
28;2025-11-04;3;0
28;2025-11-04;4;0
28;2025-11-04;5;20
28;2025-11-04;6;65
28;2025-11-04;7;138
28;2025-11-04;8;210
28;2025-11-04;9;256
28;2025-11-04;10;283
28;2025-11-04;11;306
28;2025-11-04;12;407
28;2025-11-04;13;445
28;2025-11-04;14;453
28;2025-11-04;15;403
28;2025-11-04;16;410
28;2025-11-04;17;423
28;2025-11-04;18;368
28;2025-11-04;19;327
28;2025-11-04;20;314
28;2025-11-04;21;224
28;2025-11-04;22;98
28;2025-11-04;23;17
28;2025-11-05;0;0
28;2025-11-05;1;0
28;2025-11-05;2;0
28;2025-11-05;3;0
28;2025-11-05;4;1
28;2025-11-05;5;85
28;2025-11-05;6;265
28;2025-11-05;7;732
28;2025-11-05;8;1146
28;2025-11-05;9;761
28;2025-11-05;10;570
28;2025-11-05;11;546
28;2025-11-05;12;608
28;2025-11-05;13;667
28;2025-11-05;14;612
28;2025-11-05;15;660
28;2025-11-05;16;796
28;2025-11-05;17;890
28;2025-11-05;18;900
28;2025-11-05;19;699
28;2025-11-05;20;487
28;2025-11-05;21;301
28;2025-11-05;22;143
28;2025-11-05;23;12
28;2025-11-06;0;1
28;2025-11-06;1;0
28;2025-11-06;2;0
28;2025-11-06;3;0
28;2025-11-06;4;1
28;2025-11-06;5;79
28;2025-11-06;6;270
28;2025-11-06;7;744
28;2025-11-06;8;1124
28;2025-11-06;9;813
28;2025-11-06;10;585
28;2025-11-06;11;528
28;2025-11-06;12;662
28;2025-11-06;13;680
28;2025-11-06;14;626
28;2025-11-06;15;647
28;2025-11-06;16;790
28;2025-11-06;17;913
28;2025-11-06;18;933
28;2025-11-06;19;687
28;2025-11-06;20;515
28;2025-11-06;21;327
28;2025-11-06;22;146
28;2025-11-06;23;13
28;2025-11-07;0;0
28;2025-11-07;1;0
28;2025-11-07;2;0
28;2025-11-07;3;0
28;2025-11-07;4;0
28;2025-11-07;5;77
28;2025-11-07;6;248
28;2025-11-07;7;708
28;2025-11-07;8;1057
28;2025-11-07;9;759
28;2025-11-07;10;550
28;2025-11-07;11;524
28;2025-11-07;12;609
28;2025-11-07;13;676
28;2025-11-07;14;633
28;2025-11-07;15;659
28;2025-11-07;16;871
28;2025-11-07;17;879
28;2025-11-07;18;755
28;2025-11-07;19;612
28;2025-11-07;20;442
28;2025-11-07;21;312
28;2025-11-07;22;141
28;2025-11-07;23;14
28;2025-11-08;0;1
28;2025-11-08;1;0
28;2025-11-08;2;0
28;2025-11-08;3;0
28;2025-11-08;4;0
28;2025-11-08;5;39
28;2025-11-08;6;99
28;2025-11-08;7;209
28;2025-11-08;8;327
28;2025-11-08;9;440
28;2025-11-08;10;453
28;2025-11-08;11;434
28;2025-11-08;12;509
28;2025-11-08;13;548
28;2025-11-08;14;548
28;2025-11-08;15;531
28;2025-11-08;16;503
28;2025-11-08;17;504
28;2025-11-08;18;450
28;2025-11-08;19;393
28;2025-11-08;20;304
28;2025-11-08;21;268
28;2025-11-08;22;133
28;2025-11-08;23;15
28;2025-11-09;0;1
28;2025-11-09;1;0
28;2025-11-09;2;0
28;2025-11-09;3;0
28;2025-11-09;4;0
28;2025-11-09;5;33
28;2025-11-09;6;82
28;2025-11-09;7;145
28;2025-11-09;8;234
28;2025-11-09;9;301
28;2025-11-09;10;344
28;2025-11-09;11;362
28;2025-11-09;12;420
28;2025-11-09;13;470
28;2025-11-09;14;462
28;2025-11-09;15;466
28;2025-11-09;16;439
28;2025-11-09;17;435
28;2025-11-09;18;397
28;2025-11-09;19;349
28;2025-11-09;20;286
28;2025-11-09;21;232
28;2025-11-09;22;113
28;2025-11-09;23;11
28;2025-11-10;0;1
28;2025-11-10;1;0
28;2025-11-10;2;0
28;2025-11-10;3;0
28;2025-11-10;4;0
28;2025-11-10;5;79
28;2025-11-10;6;253
28;2025-11-10;7;715
28;2025-11-10;8;1104
28;2025-11-10;9;805
28;2025-11-10;10;553
28;2025-11-10;11;500
28;2025-11-10;12;621
28;2025-11-10;13;635
28;2025-11-10;14;591
28;2025-11-10;15;608
28;2025-11-10;16;785
28;2025-11-10;17;879
28;2025-11-10;18;904
28;2025-11-10;19;694
28;2025-11-10;20;466
28;2025-11-10;21;293
28;2025-11-10;22;121
28;2025-11-10;23;10
28;2025-11-11;0;1
28;2025-11-11;1;0
28;2025-11-11;2;0
28;2025-11-11;3;0
28;2025-11-11;4;0
28;2025-11-11;5;76
28;2025-11-11;6;255
28;2025-11-11;7;733
28;2025-11-11;8;1126
28;2025-11-11;9;810
28;2025-11-11;10;610
28;2025-11-11;11;538
28;2025-11-11;12;619
28;2025-11-11;13;660
28;2025-11-11;14;620
28;2025-11-11;15;632
28;2025-11-11;16;754
28;2025-11-11;17;891
28;2025-11-11;18;899
28;2025-11-11;19;695
28;2025-11-11;20;502
28;2025-11-11;21;304
28;2025-11-11;22;135
28;2025-11-11;23;14
28;2025-11-12;0;0
28;2025-11-12;1;0
28;2025-11-12;2;0
28;2025-11-12;3;0
28;2025-11-12;4;1
28;2025-11-12;5;85
28;2025-11-12;6;265
28;2025-11-12;7;732
28;2025-11-12;8;1146
28;2025-11-12;9;761
28;2025-11-12;10;570
28;2025-11-12;11;546
28;2025-11-12;12;608
28;2025-11-12;13;667
28;2025-11-12;14;612
28;2025-11-12;15;660
28;2025-11-12;16;796
28;2025-11-12;17;890
28;2025-11-12;18;900
28;2025-11-12;19;699
28;2025-11-12;20;487
28;2025-11-12;21;301
28;2025-11-12;22;143
28;2025-11-12;23;12
28;2025-11-13;0;1
28;2025-11-13;1;0
28;2025-11-13;2;0
28;2025-11-13;3;0
28;2025-11-13;4;1
28;2025-11-13;5;79
28;2025-11-13;6;270
28;2025-11-13;7;744
28;2025-11-13;8;1124
28;2025-11-13;9;813
28;2025-11-13;10;585
28;2025-11-13;11;528
28;2025-11-13;12;662
28;2025-11-13;13;680
28;2025-11-13;14;626
28;2025-11-13;15;647
28;2025-11-13;16;790
28;2025-11-13;17;913
28;2025-11-13;18;933
28;2025-11-13;19;687
28;2025-11-13;20;515
28;2025-11-13;21;327
28;2025-11-13;22;146
28;2025-11-13;23;13
28;2025-11-14;0;0
28;2025-11-14;1;0
28;2025-11-14;2;0
28;2025-11-14;3;0
28;2025-11-14;4;0
28;2025-11-14;5;77
28;2025-11-14;6;248
28;2025-11-14;7;708
28;2025-11-14;8;1057
28;2025-11-14;9;759
28;2025-11-14;10;550
28;2025-11-14;11;524
28;2025-11-14;12;609
28;2025-11-14;13;676
28;2025-11-14;14;633
28;2025-11-14;15;659
28;2025-11-14;16;871
28;2025-11-14;17;879
28;2025-11-14;18;755
28;2025-11-14;19;612
28;2025-11-14;20;442
28;2025-11-14;21;312
28;2025-11-14;22;141
28;2025-11-14;23;14
28;2025-11-15;0;1
28;2025-11-15;1;0
28;2025-11-15;2;0
28;2025-11-15;3;0
28;2025-11-15;4;0
28;2025-11-15;5;39
28;2025-11-15;6;99
28;2025-11-15;7;209
28;2025-11-15;8;327
28;2025-11-15;9;440
28;2025-11-15;10;453
28;2025-11-15;11;434
28;2025-11-15;12;509
28;2025-11-15;13;548
28;2025-11-15;14;548
28;2025-11-15;15;531
28;2025-11-15;16;503
28;2025-11-15;17;504
28;2025-11-15;18;450
28;2025-11-15;19;393
28;2025-11-15;20;304
28;2025-11-15;21;268
28;2025-11-15;22;133
28;2025-11-15;23;15
28;2025-11-16;0;1
28;2025-11-16;1;0
28;2025-11-16;2;0
28;2025-11-16;3;0
28;2025-11-16;4;0
28;2025-11-16;5;33
28;2025-11-16;6;82
28;2025-11-16;7;145
28;2025-11-16;8;234
28;2025-11-16;9;301
28;2025-11-16;10;344
28;2025-11-16;11;362
28;2025-11-16;12;420
28;2025-11-16;13;470
28;2025-11-16;14;462
28;2025-11-16;15;466
28;2025-11-16;16;439
28;2025-11-16;17;435
28;2025-11-16;18;397
28;2025-11-16;19;349
28;2025-11-16;20;286
28;2025-11-16;21;232
28;2025-11-16;22;113
28;2025-11-16;23;11
28;2025-11-17;0;1
28;2025-11-17;1;0
28;2025-11-17;2;0
28;2025-11-17;3;0
28;2025-11-17;4;0
28;2025-11-17;5;79
28;2025-11-17;6;253
28;2025-11-17;7;715
28;2025-11-17;8;1104
28;2025-11-17;9;805
28;2025-11-17;10;553
28;2025-11-17;11;500
28;2025-11-17;12;621
28;2025-11-17;13;635
28;2025-11-17;14;591
28;2025-11-17;15;608
28;2025-11-17;16;785
28;2025-11-17;17;879
28;2025-11-17;18;904
28;2025-11-17;19;694
28;2025-11-17;20;466
28;2025-11-17;21;293
28;2025-11-17;22;121
28;2025-11-17;23;10
28;2025-11-18;0;1
28;2025-11-18;1;0
28;2025-11-18;2;0
28;2025-11-18;3;0
28;2025-11-18;4;0
28;2025-11-18;5;76
28;2025-11-18;6;255
28;2025-11-18;7;733
28;2025-11-18;8;1126
28;2025-11-18;9;810
28;2025-11-18;10;610
28;2025-11-18;11;538
28;2025-11-18;12;619
28;2025-11-18;13;660
28;2025-11-18;14;620
28;2025-11-18;15;632
28;2025-11-18;16;754
28;2025-11-18;17;891
28;2025-11-18;18;899
28;2025-11-18;19;695
28;2025-11-18;20;502
28;2025-11-18;21;304
28;2025-11-18;22;135
28;2025-11-18;23;14
28;2025-11-19;0;0
28;2025-11-19;1;0
28;2025-11-19;2;0
28;2025-11-19;3;0
28;2025-11-19;4;1
28;2025-11-19;5;85
28;2025-11-19;6;265
28;2025-11-19;7;732
28;2025-11-19;8;1146
28;2025-11-19;9;761
28;2025-11-19;10;570
28;2025-11-19;11;546
28;2025-11-19;12;608
28;2025-11-19;13;667
28;2025-11-19;14;612
28;2025-11-19;15;660
28;2025-11-19;16;796
28;2025-11-19;17;890
28;2025-11-19;18;900
28;2025-11-19;19;699
28;2025-11-19;20;487
28;2025-11-19;21;301
28;2025-11-19;22;143
28;2025-11-19;23;12
28;2025-11-20;0;1
28;2025-11-20;1;0
28;2025-11-20;2;0
28;2025-11-20;3;0
28;2025-11-20;4;1
28;2025-11-20;5;79
28;2025-11-20;6;270
28;2025-11-20;7;744
28;2025-11-20;8;1124
28;2025-11-20;9;813
28;2025-11-20;10;585
28;2025-11-20;11;528
28;2025-11-20;12;662
28;2025-11-20;13;680
28;2025-11-20;14;626
28;2025-11-20;15;647
28;2025-11-20;16;790
28;2025-11-20;17;913
28;2025-11-20;18;933
28;2025-11-20;19;687
28;2025-11-20;20;515
28;2025-11-20;21;327
28;2025-11-20;22;146
28;2025-11-20;23;13
28;2025-11-21;0;0
28;2025-11-21;1;0
28;2025-11-21;2;0
28;2025-11-21;3;0
28;2025-11-21;4;0
28;2025-11-21;5;77
28;2025-11-21;6;248
28;2025-11-21;7;708
28;2025-11-21;8;1057
28;2025-11-21;9;759
28;2025-11-21;10;550
28;2025-11-21;11;524
28;2025-11-21;12;609
28;2025-11-21;13;676
28;2025-11-21;14;633
28;2025-11-21;15;659
28;2025-11-21;16;871
28;2025-11-21;17;879
28;2025-11-21;18;755
28;2025-11-21;19;612
28;2025-11-21;20;442
28;2025-11-21;21;312
28;2025-11-21;22;141
28;2025-11-21;23;14
28;2025-11-22;0;1
28;2025-11-22;1;0
28;2025-11-22;2;0
28;2025-11-22;3;0
28;2025-11-22;4;0
28;2025-11-22;5;39
28;2025-11-22;6;99
28;2025-11-22;7;209
28;2025-11-22;8;327
28;2025-11-22;9;440
28;2025-11-22;10;453
28;2025-11-22;11;434
28;2025-11-22;12;509
28;2025-11-22;13;548
28;2025-11-22;14;548
28;2025-11-22;15;531
28;2025-11-22;16;503
28;2025-11-22;17;504
28;2025-11-22;18;450
28;2025-11-22;19;393
28;2025-11-22;20;304
28;2025-11-22;21;268
28;2025-11-22;22;133
28;2025-11-22;23;15
28;2025-11-23;0;1
28;2025-11-23;1;0
28;2025-11-23;2;0
28;2025-11-23;3;0
28;2025-11-23;4;0
28;2025-11-23;5;33
28;2025-11-23;6;82
28;2025-11-23;7;145
28;2025-11-23;8;234
28;2025-11-23;9;301
28;2025-11-23;10;344
28;2025-11-23;11;362
28;2025-11-23;12;420
28;2025-11-23;13;470
28;2025-11-23;14;462
28;2025-11-23;15;466
28;2025-11-23;16;439
28;2025-11-23;17;435
28;2025-11-23;18;397
28;2025-11-23;19;349
28;2025-11-23;20;286
28;2025-11-23;21;232
28;2025-11-23;22;113
28;2025-11-23;23;11
28;2025-11-24;0;1
28;2025-11-24;1;0
28;2025-11-24;2;0
28;2025-11-24;3;0
28;2025-11-24;4;0
28;2025-11-24;5;79
28;2025-11-24;6;253
28;2025-11-24;7;715
28;2025-11-24;8;1104
28;2025-11-24;9;805
28;2025-11-24;10;553
28;2025-11-24;11;500
28;2025-11-24;12;621
28;2025-11-24;13;635
28;2025-11-24;14;591
28;2025-11-24;15;608
28;2025-11-24;16;785
28;2025-11-24;17;879
28;2025-11-24;18;904
28;2025-11-24;19;694
28;2025-11-24;20;466
28;2025-11-24;21;293
28;2025-11-24;22;121
28;2025-11-24;23;10
28;2025-11-25;0;1
28;2025-11-25;1;0
28;2025-11-25;2;0
28;2025-11-25;3;0
28;2025-11-25;4;0
28;2025-11-25;5;76
28;2025-11-25;6;255
28;2025-11-25;7;733
28;2025-11-25;8;1126
28;2025-11-25;9;810
28;2025-11-25;10;610
28;2025-11-25;11;538
28;2025-11-25;12;619
28;2025-11-25;13;660
28;2025-11-25;14;620
28;2025-11-25;15;632
28;2025-11-25;16;754
28;2025-11-25;17;891
28;2025-11-25;18;899
28;2025-11-25;19;695
28;2025-11-25;20;502
28;2025-11-25;21;304
28;2025-11-25;22;135
28;2025-11-25;23;14
28;2025-11-26;0;0
28;2025-11-26;1;0
28;2025-11-26;2;0
28;2025-11-26;3;0
28;2025-11-26;4;1
28;2025-11-26;5;85
28;2025-11-26;6;265
28;2025-11-26;7;732
28;2025-11-26;8;1146
28;2025-11-26;9;761
28;2025-11-26;10;570
28;2025-11-26;11;546
28;2025-11-26;12;608
28;2025-11-26;13;667
28;2025-11-26;14;612
28;2025-11-26;15;660
28;2025-11-26;16;796
28;2025-11-26;17;890
28;2025-11-26;18;900
28;2025-11-26;19;699
28;2025-11-26;20;487
28;2025-11-26;21;301
28;2025-11-26;22;143
28;2025-11-26;23;12
28;2025-11-27;0;1
28;2025-11-27;1;0
28;2025-11-27;2;0
28;2025-11-27;3;0
28;2025-11-27;4;1
28;2025-11-27;5;79
28;2025-11-27;6;270
28;2025-11-27;7;744
28;2025-11-27;8;1124
28;2025-11-27;9;813
28;2025-11-27;10;585
28;2025-11-27;11;528
28;2025-11-27;12;662
28;2025-11-27;13;680
28;2025-11-27;14;626
28;2025-11-27;15;647
28;2025-11-27;16;790
28;2025-11-27;17;913
28;2025-11-27;18;933
28;2025-11-27;19;687
28;2025-11-27;20;515
28;2025-11-27;21;327
28;2025-11-27;22;146
28;2025-11-27;23;13
28;2025-11-28;0;0
28;2025-11-28;1;0
28;2025-11-28;2;0
28;2025-11-28;3;0
28;2025-11-28;4;0
28;2025-11-28;5;77
28;2025-11-28;6;248
28;2025-11-28;7;708
28;2025-11-28;8;1057
28;2025-11-28;9;759
28;2025-11-28;10;550
28;2025-11-28;11;524
28;2025-11-28;12;609
28;2025-11-28;13;676
28;2025-11-28;14;633
28;2025-11-28;15;659
28;2025-11-28;16;871
28;2025-11-28;17;879
28;2025-11-28;18;755
28;2025-11-28;19;612
28;2025-11-28;20;442
28;2025-11-28;21;312
28;2025-11-28;22;141
28;2025-11-28;23;14
28;2025-11-29;0;1
28;2025-11-29;1;0
28;2025-11-29;2;0
28;2025-11-29;3;0
28;2025-11-29;4;0
28;2025-11-29;5;39
28;2025-11-29;6;99
28;2025-11-29;7;209
28;2025-11-29;8;327
28;2025-11-29;9;440
28;2025-11-29;10;453
28;2025-11-29;11;434
28;2025-11-29;12;509
28;2025-11-29;13;548
28;2025-11-29;14;548
28;2025-11-29;15;531
28;2025-11-29;16;503
28;2025-11-29;17;504
28;2025-11-29;18;450
28;2025-11-29;19;393
28;2025-11-29;20;304
28;2025-11-29;21;268
28;2025-11-29;22;133
28;2025-11-29;23;15
28;2025-11-30;0;1
28;2025-11-30;1;0
28;2025-11-30;2;0
28;2025-11-30;3;0
28;2025-11-30;4;0
28;2025-11-30;5;33
28;2025-11-30;6;82
28;2025-11-30;7;145
28;2025-11-30;8;234
28;2025-11-30;9;301
28;2025-11-30;10;344
28;2025-11-30;11;362
28;2025-11-30;12;420
28;2025-11-30;13;470
28;2025-11-30;14;462
28;2025-11-30;15;466
28;2025-11-30;16;439
28;2025-11-30;17;435
28;2025-11-30;18;397
28;2025-11-30;19;349
28;2025-11-30;20;286
28;2025-11-30;21;232
28;2025-11-30;22;113
28;2025-11-30;23;11
28;2025-12-01;0;1
28;2025-12-01;1;0
28;2025-12-01;2;0
28;2025-12-01;3;0
28;2025-12-01;4;0
28;2025-12-01;5;79
28;2025-12-01;6;253
28;2025-12-01;7;715
28;2025-12-01;8;1104
28;2025-12-01;9;805
28;2025-12-01;10;553
28;2025-12-01;11;500
28;2025-12-01;12;621
28;2025-12-01;13;635
28;2025-12-01;14;591
28;2025-12-01;15;608
28;2025-12-01;16;785
28;2025-12-01;17;879
28;2025-12-01;18;904
28;2025-12-01;19;694
28;2025-12-01;20;466
28;2025-12-01;21;293
28;2025-12-01;22;121
28;2025-12-01;23;10
28;2025-12-02;0;1
28;2025-12-02;1;0
28;2025-12-02;2;0
28;2025-12-02;3;0
28;2025-12-02;4;0
28;2025-12-02;5;76
28;2025-12-02;6;255
28;2025-12-02;7;733
28;2025-12-02;8;1126
28;2025-12-02;9;810
28;2025-12-02;10;610
28;2025-12-02;11;538
28;2025-12-02;12;619
28;2025-12-02;13;660
28;2025-12-02;14;620
28;2025-12-02;15;632
28;2025-12-02;16;754
28;2025-12-02;17;891
28;2025-12-02;18;899
28;2025-12-02;19;695
28;2025-12-02;20;502
28;2025-12-02;21;304
28;2025-12-02;22;135
28;2025-12-02;23;14
28;2025-12-03;0;0
28;2025-12-03;1;0
28;2025-12-03;2;0
28;2025-12-03;3;0
28;2025-12-03;4;1
28;2025-12-03;5;85
28;2025-12-03;6;265
28;2025-12-03;7;732
28;2025-12-03;8;1146
28;2025-12-03;9;761
28;2025-12-03;10;570
28;2025-12-03;11;546
28;2025-12-03;12;608
28;2025-12-03;13;667
28;2025-12-03;14;612
28;2025-12-03;15;660
28;2025-12-03;16;796
28;2025-12-03;17;890
28;2025-12-03;18;900
28;2025-12-03;19;699
28;2025-12-03;20;487
28;2025-12-03;21;301
28;2025-12-03;22;143
28;2025-12-03;23;12
28;2025-12-04;0;1
28;2025-12-04;1;0
28;2025-12-04;2;0
28;2025-12-04;3;0
28;2025-12-04;4;1
28;2025-12-04;5;79
28;2025-12-04;6;270
28;2025-12-04;7;744
28;2025-12-04;8;1124
28;2025-12-04;9;813
28;2025-12-04;10;585
28;2025-12-04;11;528
28;2025-12-04;12;662
28;2025-12-04;13;680
28;2025-12-04;14;626
28;2025-12-04;15;647
28;2025-12-04;16;790
28;2025-12-04;17;913
28;2025-12-04;18;933
28;2025-12-04;19;687
28;2025-12-04;20;515
28;2025-12-04;21;327
28;2025-12-04;22;146
28;2025-12-04;23;13
28;2025-12-05;0;0
28;2025-12-05;1;0
28;2025-12-05;2;0
28;2025-12-05;3;0
28;2025-12-05;4;0
28;2025-12-05;5;77
28;2025-12-05;6;248
28;2025-12-05;7;708
28;2025-12-05;8;1057
28;2025-12-05;9;759
28;2025-12-05;10;550
28;2025-12-05;11;524
28;2025-12-05;12;609
28;2025-12-05;13;676
28;2025-12-05;14;633
28;2025-12-05;15;659
28;2025-12-05;16;871
28;2025-12-05;17;879
28;2025-12-05;18;755
28;2025-12-05;19;612
28;2025-12-05;20;442
28;2025-12-05;21;312
28;2025-12-05;22;141
28;2025-12-05;23;14
28;2025-12-06;0;1
28;2025-12-06;1;0
28;2025-12-06;2;0
28;2025-12-06;3;0
28;2025-12-06;4;0
28;2025-12-06;5;39
28;2025-12-06;6;99
28;2025-12-06;7;209
28;2025-12-06;8;327
28;2025-12-06;9;440
28;2025-12-06;10;453
28;2025-12-06;11;434
28;2025-12-06;12;509
28;2025-12-06;13;548
28;2025-12-06;14;548
28;2025-12-06;15;531
28;2025-12-06;16;503
28;2025-12-06;17;504
28;2025-12-06;18;450
28;2025-12-06;19;393
28;2025-12-06;20;304
28;2025-12-06;21;268
28;2025-12-06;22;133
28;2025-12-06;23;15
28;2025-12-07;0;1
28;2025-12-07;1;0
28;2025-12-07;2;0
28;2025-12-07;3;0
28;2025-12-07;4;0
28;2025-12-07;5;33
28;2025-12-07;6;82
28;2025-12-07;7;145
28;2025-12-07;8;234
28;2025-12-07;9;301
28;2025-12-07;10;344
28;2025-12-07;11;362
28;2025-12-07;12;420
28;2025-12-07;13;470
28;2025-12-07;14;462
28;2025-12-07;15;466
28;2025-12-07;16;439
28;2025-12-07;17;435
28;2025-12-07;18;397
28;2025-12-07;19;349
28;2025-12-07;20;286
28;2025-12-07;21;232
28;2025-12-07;22;113
28;2025-12-07;23;11
28;2025-12-08;0;1
28;2025-12-08;1;0
28;2025-12-08;2;0
28;2025-12-08;3;0
28;2025-12-08;4;0
28;2025-12-08;5;79
28;2025-12-08;6;253
28;2025-12-08;7;715
28;2025-12-08;8;1104
28;2025-12-08;9;805
28;2025-12-08;10;553
28;2025-12-08;11;500
28;2025-12-08;12;621
28;2025-12-08;13;635
28;2025-12-08;14;591
28;2025-12-08;15;608
28;2025-12-08;16;785
28;2025-12-08;17;879
28;2025-12-08;18;904
28;2025-12-08;19;694
28;2025-12-08;20;466
28;2025-12-08;21;293
28;2025-12-08;22;121
28;2025-12-08;23;10
28;2025-12-09;0;1
28;2025-12-09;1;0
28;2025-12-09;2;0
28;2025-12-09;3;0
28;2025-12-09;4;0
28;2025-12-09;5;76
28;2025-12-09;6;255
28;2025-12-09;7;733
28;2025-12-09;8;1126
28;2025-12-09;9;810
28;2025-12-09;10;610
28;2025-12-09;11;538
28;2025-12-09;12;619
28;2025-12-09;13;660
28;2025-12-09;14;620
28;2025-12-09;15;632
28;2025-12-09;16;754
28;2025-12-09;17;891
28;2025-12-09;18;899
28;2025-12-09;19;695
28;2025-12-09;20;502
28;2025-12-09;21;304
28;2025-12-09;22;135
28;2025-12-09;23;14
28;2025-12-10;0;0
28;2025-12-10;1;0
28;2025-12-10;2;0
28;2025-12-10;3;0
28;2025-12-10;4;1
28;2025-12-10;5;85
28;2025-12-10;6;265
28;2025-12-10;7;732
28;2025-12-10;8;1146
28;2025-12-10;9;761
28;2025-12-10;10;570
28;2025-12-10;11;546
28;2025-12-10;12;608
28;2025-12-10;13;667
28;2025-12-10;14;612
28;2025-12-10;15;660
28;2025-12-10;16;796
28;2025-12-10;17;890
28;2025-12-10;18;900
28;2025-12-10;19;699
28;2025-12-10;20;487
28;2025-12-10;21;301
28;2025-12-10;22;143
28;2025-12-10;23;12
28;2025-12-11;0;1
28;2025-12-11;1;0
28;2025-12-11;2;0
28;2025-12-11;3;0
28;2025-12-11;4;1
28;2025-12-11;5;79
28;2025-12-11;6;270
28;2025-12-11;7;744
28;2025-12-11;8;1124
28;2025-12-11;9;813
28;2025-12-11;10;585
28;2025-12-11;11;528
28;2025-12-11;12;662
28;2025-12-11;13;680
28;2025-12-11;14;626
28;2025-12-11;15;647
28;2025-12-11;16;790
28;2025-12-11;17;913
28;2025-12-11;18;933
28;2025-12-11;19;687
28;2025-12-11;20;515
28;2025-12-11;21;327
28;2025-12-11;22;146
28;2025-12-11;23;13
28;2025-12-12;0;0
28;2025-12-12;1;0
28;2025-12-12;2;0
28;2025-12-12;3;0
28;2025-12-12;4;0
28;2025-12-12;5;77
28;2025-12-12;6;248
28;2025-12-12;7;708
28;2025-12-12;8;1057
28;2025-12-12;9;759
28;2025-12-12;10;550
28;2025-12-12;11;524
28;2025-12-12;12;609
28;2025-12-12;13;676
28;2025-12-12;14;633
28;2025-12-12;15;659
28;2025-12-12;16;871
28;2025-12-12;17;879
28;2025-12-12;18;755
28;2025-12-12;19;612
28;2025-12-12;20;442
28;2025-12-12;21;312
28;2025-12-12;22;141
28;2025-12-12;23;14
28;2025-12-13;0;1
28;2025-12-13;1;0
28;2025-12-13;2;0
28;2025-12-13;3;0
28;2025-12-13;4;0
28;2025-12-13;5;39
28;2025-12-13;6;99
28;2025-12-13;7;209
28;2025-12-13;8;327
28;2025-12-13;9;440
28;2025-12-13;10;453
28;2025-12-13;11;434
28;2025-12-13;12;509
28;2025-12-13;13;548
28;2025-12-13;14;548
28;2025-12-13;15;531
28;2025-12-13;16;503
28;2025-12-13;17;504
28;2025-12-13;18;450
28;2025-12-13;19;393
28;2025-12-13;20;304
28;2025-12-13;21;268
28;2025-12-13;22;133
28;2025-12-13;23;15
28;2025-12-14;0;1
28;2025-12-14;1;0
28;2025-12-14;2;0
28;2025-12-14;3;0
28;2025-12-14;4;0
28;2025-12-14;5;33
28;2025-12-14;6;82
28;2025-12-14;7;145
28;2025-12-14;8;234
28;2025-12-14;9;301
28;2025-12-14;10;344
28;2025-12-14;11;362
28;2025-12-14;12;420
28;2025-12-14;13;470
28;2025-12-14;14;462
28;2025-12-14;15;466
28;2025-12-14;16;439
28;2025-12-14;17;435
28;2025-12-14;18;397
28;2025-12-14;19;349
28;2025-12-14;20;286
28;2025-12-14;21;232
28;2025-12-14;22;113
28;2025-12-14;23;11
28;2025-12-15;0;1
28;2025-12-15;1;0
28;2025-12-15;2;0
28;2025-12-15;3;0
28;2025-12-15;4;0
28;2025-12-15;5;79
28;2025-12-15;6;253
28;2025-12-15;7;715
28;2025-12-15;8;1104
28;2025-12-15;9;805
28;2025-12-15;10;553
28;2025-12-15;11;500
28;2025-12-15;12;621
28;2025-12-15;13;635
28;2025-12-15;14;591
28;2025-12-15;15;608
28;2025-12-15;16;785
28;2025-12-15;17;879
28;2025-12-15;18;904
28;2025-12-15;19;694
28;2025-12-15;20;466
28;2025-12-15;21;293
28;2025-12-15;22;121
28;2025-12-15;23;10
28;2025-12-16;0;1
28;2025-12-16;1;0
28;2025-12-16;2;0
28;2025-12-16;3;0
28;2025-12-16;4;0
28;2025-12-16;5;76
28;2025-12-16;6;255
28;2025-12-16;7;733
28;2025-12-16;8;1126
28;2025-12-16;9;810
28;2025-12-16;10;610
28;2025-12-16;11;538
28;2025-12-16;12;619
28;2025-12-16;13;660
28;2025-12-16;14;620
28;2025-12-16;15;632
28;2025-12-16;16;754
28;2025-12-16;17;891
28;2025-12-16;18;899
28;2025-12-16;19;695
28;2025-12-16;20;502
28;2025-12-16;21;304
28;2025-12-16;22;135
28;2025-12-16;23;14
28;2025-12-17;0;0
28;2025-12-17;1;0
28;2025-12-17;2;0
28;2025-12-17;3;0
28;2025-12-17;4;1
28;2025-12-17;5;85
28;2025-12-17;6;265
28;2025-12-17;7;732
28;2025-12-17;8;1146
28;2025-12-17;9;761
28;2025-12-17;10;570
28;2025-12-17;11;546
28;2025-12-17;12;608
28;2025-12-17;13;667
28;2025-12-17;14;612
28;2025-12-17;15;660
28;2025-12-17;16;796
28;2025-12-17;17;890
28;2025-12-17;18;900
28;2025-12-17;19;699
28;2025-12-17;20;487
28;2025-12-17;21;301
28;2025-12-17;22;143
28;2025-12-17;23;12
28;2025-12-18;0;1
28;2025-12-18;1;0
28;2025-12-18;2;0
28;2025-12-18;3;0
28;2025-12-18;4;1
28;2025-12-18;5;79
28;2025-12-18;6;270
28;2025-12-18;7;744
28;2025-12-18;8;1124
28;2025-12-18;9;813
28;2025-12-18;10;585
28;2025-12-18;11;528
28;2025-12-18;12;662
28;2025-12-18;13;680
28;2025-12-18;14;626
28;2025-12-18;15;647
28;2025-12-18;16;790
28;2025-12-18;17;913
28;2025-12-18;18;933
28;2025-12-18;19;687
28;2025-12-18;20;515
28;2025-12-18;21;327
28;2025-12-18;22;146
28;2025-12-18;23;13
28;2025-12-19;0;0
28;2025-12-19;1;0
28;2025-12-19;2;0
28;2025-12-19;3;0
28;2025-12-19;4;0
28;2025-12-19;5;77
28;2025-12-19;6;248
28;2025-12-19;7;708
28;2025-12-19;8;1057
28;2025-12-19;9;759
28;2025-12-19;10;550
28;2025-12-19;11;524
28;2025-12-19;12;609
28;2025-12-19;13;676
28;2025-12-19;14;633
28;2025-12-19;15;659
28;2025-12-19;16;871
28;2025-12-19;17;879
28;2025-12-19;18;755
28;2025-12-19;19;612
28;2025-12-19;20;442
28;2025-12-19;21;312
28;2025-12-19;22;141
28;2025-12-19;23;14
28;2025-12-20;0;1
28;2025-12-20;1;0
28;2025-12-20;2;0
28;2025-12-20;3;0
28;2025-12-20;4;0
28;2025-12-20;5;39
28;2025-12-20;6;99
28;2025-12-20;7;209
28;2025-12-20;8;327
28;2025-12-20;9;440
28;2025-12-20;10;453
28;2025-12-20;11;434
28;2025-12-20;12;509
28;2025-12-20;13;548
28;2025-12-20;14;548
28;2025-12-20;15;531
28;2025-12-20;16;503
28;2025-12-20;17;504
28;2025-12-20;18;450
28;2025-12-20;19;393
28;2025-12-20;20;304
28;2025-12-20;21;268
28;2025-12-20;22;133
28;2025-12-20;23;15
28;2025-12-21;0;1
28;2025-12-21;1;0
28;2025-12-21;2;0
28;2025-12-21;3;0
28;2025-12-21;4;0
28;2025-12-21;5;33
28;2025-12-21;6;82
28;2025-12-21;7;145
28;2025-12-21;8;234
28;2025-12-21;9;301
28;2025-12-21;10;344
28;2025-12-21;11;362
28;2025-12-21;12;420
28;2025-12-21;13;470
28;2025-12-21;14;462
28;2025-12-21;15;466
28;2025-12-21;16;439
28;2025-12-21;17;435
28;2025-12-21;18;397
28;2025-12-21;19;349
28;2025-12-21;20;286
28;2025-12-21;21;232
28;2025-12-21;22;113
28;2025-12-21;23;11
28;2025-12-22;0;1
28;2025-12-22;1;0
28;2025-12-22;2;0
28;2025-12-22;3;0
28;2025-12-22;4;0
28;2025-12-22;5;79
28;2025-12-22;6;253
28;2025-12-22;7;715
28;2025-12-22;8;1104
28;2025-12-22;9;805
28;2025-12-22;10;553
28;2025-12-22;11;500
28;2025-12-22;12;621
28;2025-12-22;13;635
28;2025-12-22;14;591
28;2025-12-22;15;608
28;2025-12-22;16;785
28;2025-12-22;17;879
28;2025-12-22;18;904
28;2025-12-22;19;694
28;2025-12-22;20;466
28;2025-12-22;21;293
28;2025-12-22;22;121
28;2025-12-22;23;10
28;2025-12-23;0;1
28;2025-12-23;1;0
28;2025-12-23;2;0
28;2025-12-23;3;0
28;2025-12-23;4;0
28;2025-12-23;5;76
28;2025-12-23;6;255
28;2025-12-23;7;733
28;2025-12-23;8;1126
28;2025-12-23;9;810
28;2025-12-23;10;610
28;2025-12-23;11;538
28;2025-12-23;12;619
28;2025-12-23;13;660
28;2025-12-23;14;620
28;2025-12-23;15;632
28;2025-12-23;16;754
28;2025-12-23;17;891
28;2025-12-23;18;899
28;2025-12-23;19;695
28;2025-12-23;20;502
28;2025-12-23;21;304
28;2025-12-23;22;135
28;2025-12-23;23;14
28;2025-12-24;0;0
28;2025-12-24;1;0
28;2025-12-24;2;0
28;2025-12-24;3;0
28;2025-12-24;4;1
28;2025-12-24;5;85
28;2025-12-24;6;265
28;2025-12-24;7;732
28;2025-12-24;8;1146
28;2025-12-24;9;761
28;2025-12-24;10;570
28;2025-12-24;11;546
28;2025-12-24;12;608
28;2025-12-24;13;667
28;2025-12-24;14;612
28;2025-12-24;15;660
28;2025-12-24;16;796
28;2025-12-24;17;890
28;2025-12-24;18;900
28;2025-12-24;19;699
28;2025-12-24;20;487
28;2025-12-24;21;301
28;2025-12-24;22;143
28;2025-12-24;23;12
28;2025-12-25;0;1
28;2025-12-25;1;0
28;2025-12-25;2;0
28;2025-12-25;3;0
28;2025-12-25;4;1
28;2025-12-25;5;79
28;2025-12-25;6;270
28;2025-12-25;7;744
28;2025-12-25;8;1124
28;2025-12-25;9;813
28;2025-12-25;10;585
28;2025-12-25;11;528
28;2025-12-25;12;662
28;2025-12-25;13;680
28;2025-12-25;14;626
28;2025-12-25;15;647
28;2025-12-25;16;790
28;2025-12-25;17;913
28;2025-12-25;18;933
28;2025-12-25;19;687
28;2025-12-25;20;515
28;2025-12-25;21;327
28;2025-12-25;22;146
28;2025-12-25;23;13
28;2025-12-26;0;0
28;2025-12-26;1;0
28;2025-12-26;2;0
28;2025-12-26;3;0
28;2025-12-26;4;0
28;2025-12-26;5;77
28;2025-12-26;6;248
28;2025-12-26;7;708
28;2025-12-26;8;1057
28;2025-12-26;9;759
28;2025-12-26;10;550
28;2025-12-26;11;524
28;2025-12-26;12;609
28;2025-12-26;13;676
28;2025-12-26;14;633
28;2025-12-26;15;659
28;2025-12-26;16;871
28;2025-12-26;17;879
28;2025-12-26;18;755
28;2025-12-26;19;612
28;2025-12-26;20;442
28;2025-12-26;21;312
28;2025-12-26;22;141
28;2025-12-26;23;14
28;2025-12-27;0;1
28;2025-12-27;1;0
28;2025-12-27;2;0
28;2025-12-27;3;0
28;2025-12-27;4;0
28;2025-12-27;5;39
28;2025-12-27;6;99
28;2025-12-27;7;209
28;2025-12-27;8;327
28;2025-12-27;9;440
28;2025-12-27;10;453
28;2025-12-27;11;434
28;2025-12-27;12;509
28;2025-12-27;13;548
28;2025-12-27;14;548
28;2025-12-27;15;531
28;2025-12-27;16;503
28;2025-12-27;17;504
28;2025-12-27;18;450
28;2025-12-27;19;393
28;2025-12-27;20;304
28;2025-12-27;21;268
28;2025-12-27;22;133
28;2025-12-27;23;15
28;2025-12-28;0;1
28;2025-12-28;1;0
28;2025-12-28;2;0
28;2025-12-28;3;0
28;2025-12-28;4;0
28;2025-12-28;5;33
28;2025-12-28;6;82
28;2025-12-28;7;145
28;2025-12-28;8;234
28;2025-12-28;9;301
28;2025-12-28;10;344
28;2025-12-28;11;362
28;2025-12-28;12;420
28;2025-12-28;13;470
28;2025-12-28;14;462
28;2025-12-28;15;466
28;2025-12-28;16;439
28;2025-12-28;17;435
28;2025-12-28;18;397
28;2025-12-28;19;349
28;2025-12-28;20;286
28;2025-12-28;21;232
28;2025-12-28;22;113
28;2025-12-28;23;11
28;2025-12-29;0;1
28;2025-12-29;1;0
28;2025-12-29;2;0
28;2025-12-29;3;0
28;2025-12-29;4;0
28;2025-12-29;5;79
28;2025-12-29;6;253
28;2025-12-29;7;715
28;2025-12-29;8;1104
28;2025-12-29;9;805
28;2025-12-29;10;553
28;2025-12-29;11;500
28;2025-12-29;12;621
28;2025-12-29;13;635
28;2025-12-29;14;591
28;2025-12-29;15;608
28;2025-12-29;16;785
28;2025-12-29;17;879
28;2025-12-29;18;904
28;2025-12-29;19;694
28;2025-12-29;20;466
28;2025-12-29;21;293
28;2025-12-29;22;121
28;2025-12-29;23;10
28;2025-12-30;0;1
28;2025-12-30;1;0
28;2025-12-30;2;0
28;2025-12-30;3;0
28;2025-12-30;4;0
28;2025-12-30;5;76
28;2025-12-30;6;255
28;2025-12-30;7;733
28;2025-12-30;8;1126
28;2025-12-30;9;810
28;2025-12-30;10;610
28;2025-12-30;11;538
28;2025-12-30;12;619
28;2025-12-30;13;660
28;2025-12-30;14;620
28;2025-12-30;15;632
28;2025-12-30;16;754
28;2025-12-30;17;891
28;2025-12-30;18;899
28;2025-12-30;19;695
28;2025-12-30;20;502
28;2025-12-30;21;304
28;2025-12-30;22;135
28;2025-12-30;23;14
28;2025-12-31;0;0
28;2025-12-31;1;0
28;2025-12-31;2;0
28;2025-12-31;3;0
28;2025-12-31;4;0
28;2025-12-31;5;27
28;2025-12-31;6;92
28;2025-12-31;7;191
28;2025-12-31;8;260
28;2025-12-31;9;312
28;2025-12-31;10;304
28;2025-12-31;11;359
28;2025-12-31;12;351
28;2025-12-31;13;347
28;2025-12-31;14;385
28;2025-12-31;15;374
28;2025-12-31;16;401
28;2025-12-31;17;370
28;2025-12-31;18;330
28;2025-12-31;19;274
28;2025-12-31;20;243
28;2025-12-31;21;171
28;2025-12-31;22;83
28;2025-12-31;23;15
50;2025-11-01;0;115
50;2025-11-01;1;30
50;2025-11-01;2;0
50;2025-11-01;3;0
50;2025-11-01;4;6
50;2025-11-01;5;127
50;2025-11-01;6;592
50;2025-11-01;7;1051
50;2025-11-01;8;1172
50;2025-11-01;9;1303
50;2025-11-01;10;1563
50;2025-11-01;11;1629
50;2025-11-01;12;1549
50;2025-11-01;13;1816
50;2025-11-01;14;1712
50;2025-11-01;15;1762
50;2025-11-01;16;1878
50;2025-11-01;17;1791
50;2025-11-01;18;1852
50;2025-11-01;19;1438
50;2025-11-01;20;1306
50;2025-11-01;21;1021
50;2025-11-01;22;800
50;2025-11-01;23;507
50;2025-11-02;0;51
50;2025-11-02;1;5
50;2025-11-02;2;0
50;2025-11-02;3;0
50;2025-11-02;4;0
50;2025-11-02;5;25
50;2025-11-02;6;125
50;2025-11-02;7;227
50;2025-11-02;8;363
50;2025-11-02;9;451
50;2025-11-02;10;470
50;2025-11-02;11;607
50;2025-11-02;12;671
50;2025-11-02;13;719
50;2025-11-02;14;752
50;2025-11-02;15;678
50;2025-11-02;16;698
50;2025-11-02;17;703
50;2025-11-02;18;631
50;2025-11-02;19;552
50;2025-11-02;20;454
50;2025-11-02;21;351
50;2025-11-02;22;210
50;2025-11-02;23;114
50;2025-11-03;0;34
50;2025-11-03;1;8
50;2025-11-03;2;0
50;2025-11-03;3;0
50;2025-11-03;4;2
50;2025-11-03;5;58
50;2025-11-03;6;202
50;2025-11-03;7;364
50;2025-11-03;8;461
50;2025-11-03;9;544
50;2025-11-03;10;572
50;2025-11-03;11;592
50;2025-11-03;12;691
50;2025-11-03;13;720
50;2025-11-03;14;732
50;2025-11-03;15;718
50;2025-11-03;16;670
50;2025-11-03;17;756
50;2025-11-03;18;635
50;2025-11-03;19;613
50;2025-11-03;20;504
50;2025-11-03;21;367
50;2025-11-03;22;221
50;2025-11-03;23;152
50;2025-11-04;0;57
50;2025-11-04;1;21
50;2025-11-04;2;0
50;2025-11-04;3;0
50;2025-11-04;4;3
50;2025-11-04;5;33
50;2025-11-04;6;128
50;2025-11-04;7;199
50;2025-11-04;8;354
50;2025-11-04;9;422
50;2025-11-04;10;390
50;2025-11-04;11;491
50;2025-11-04;12;546
50;2025-11-04;13;567
50;2025-11-04;14;599
50;2025-11-04;15;595
50;2025-11-04;16;611
50;2025-11-04;17;545
50;2025-11-04;18;471
50;2025-11-04;19;528
50;2025-11-04;20;417
50;2025-11-04;21;304
50;2025-11-04;22;210
50;2025-11-04;23;114
50;2025-11-05;0;36
50;2025-11-05;1;2
50;2025-11-05;2;0
50;2025-11-05;3;0
50;2025-11-05;4;2
50;2025-11-05;5;73
50;2025-11-05;6;550
50;2025-11-05;7;1720
50;2025-11-05;8;2626
50;2025-11-05;9;2073
50;2025-11-05;10;1582
50;2025-11-05;11;1446
50;2025-11-05;12;1418
50;2025-11-05;13;1406
50;2025-11-05;14;1310
50;2025-11-05;15;1462
50;2025-11-05;16;1622
50;2025-11-05;17;2191
50;2025-11-05;18;2436
50;2025-11-05;19;1472
50;2025-11-05;20;866
50;2025-11-05;21;620
50;2025-11-05;22;298
50;2025-11-05;23;145
50;2025-11-06;0;42
50;2025-11-06;1;2
50;2025-11-06;2;0
50;2025-11-06;3;0
50;2025-11-06;4;2
50;2025-11-06;5;73
50;2025-11-06;6;557
50;2025-11-06;7;1747
50;2025-11-06;8;2629
50;2025-11-06;9;2059
50;2025-11-06;10;1602
50;2025-11-06;11;1486
50;2025-11-06;12;1390
50;2025-11-06;13;1385
50;2025-11-06;14;1281
50;2025-11-06;15;1508
50;2025-11-06;16;1656
50;2025-11-06;17;2239
50;2025-11-06;18;2429
50;2025-11-06;19;1469
50;2025-11-06;20;940
50;2025-11-06;21;675
50;2025-11-06;22;300
50;2025-11-06;23;160
50;2025-11-07;0;42
50;2025-11-07;1;2
50;2025-11-07;2;0
50;2025-11-07;3;0
50;2025-11-07;4;2
50;2025-11-07;5;69
50;2025-11-07;6;559
50;2025-11-07;7;1703
50;2025-11-07;8;2616
50;2025-11-07;9;2010
50;2025-11-07;10;1488
50;2025-11-07;11;1531
50;2025-11-07;12;1457
50;2025-11-07;13;1393
50;2025-11-07;14;1360
50;2025-11-07;15;1604
50;2025-11-07;16;1960
50;2025-11-07;17;2084
50;2025-11-07;18;1753
50;2025-11-07;19;1220
50;2025-11-07;20;801
50;2025-11-07;21;555
50;2025-11-07;22;313
50;2025-11-07;23;177
50;2025-11-08;0;61
50;2025-11-08;1;4
50;2025-11-08;2;0
50;2025-11-08;3;0
50;2025-11-08;4;1
50;2025-11-08;5;33
50;2025-11-08;6;167
50;2025-11-08;7;380
50;2025-11-08;8;579
50;2025-11-08;9;620
50;2025-11-08;10;611
50;2025-11-08;11;735
50;2025-11-08;12;764
50;2025-11-08;13;801
50;2025-11-08;14;796
50;2025-11-08;15;758
50;2025-11-08;16;738
50;2025-11-08;17;773
50;2025-11-08;18;688
50;2025-11-08;19;633
50;2025-11-08;20;473
50;2025-11-08;21;372
50;2025-11-08;22;240
50;2025-11-08;23;144
50;2025-11-09;0;51
50;2025-11-09;1;5
50;2025-11-09;2;0
50;2025-11-09;3;0
50;2025-11-09;4;0
50;2025-11-09;5;25
50;2025-11-09;6;125
50;2025-11-09;7;227
50;2025-11-09;8;363
50;2025-11-09;9;451
50;2025-11-09;10;470
50;2025-11-09;11;607
50;2025-11-09;12;671
50;2025-11-09;13;719
50;2025-11-09;14;752
50;2025-11-09;15;678
50;2025-11-09;16;698
50;2025-11-09;17;703
50;2025-11-09;18;631
50;2025-11-09;19;552
50;2025-11-09;20;454
50;2025-11-09;21;351
50;2025-11-09;22;210
50;2025-11-09;23;114
50;2025-11-10;0;36
50;2025-11-10;1;2
50;2025-11-10;2;0
50;2025-11-10;3;0
50;2025-11-10;4;2
50;2025-11-10;5;70
50;2025-11-10;6;534
50;2025-11-10;7;1720
50;2025-11-10;8;2646
50;2025-11-10;9;2069
50;2025-11-10;10;1530
50;2025-11-10;11;1451
50;2025-11-10;12;1318
50;2025-11-10;13;1354
50;2025-11-10;14;1308
50;2025-11-10;15;1481
50;2025-11-10;16;1531
50;2025-11-10;17;2206
50;2025-11-10;18;2428
50;2025-11-10;19;1448
50;2025-11-10;20;877
50;2025-11-10;21;587
50;2025-11-10;22;263
50;2025-11-10;23;129
50;2025-11-11;0;36
50;2025-11-11;1;2
50;2025-11-11;2;0
50;2025-11-11;3;0
50;2025-11-11;4;2
50;2025-11-11;5;70
50;2025-11-11;6;567
50;2025-11-11;7;1784
50;2025-11-11;8;2736
50;2025-11-11;9;2119
50;2025-11-11;10;1622
50;2025-11-11;11;1480
50;2025-11-11;12;1423
50;2025-11-11;13;1418
50;2025-11-11;14;1357
50;2025-11-11;15;1514
50;2025-11-11;16;1530
50;2025-11-11;17;2270
50;2025-11-11;18;2467
50;2025-11-11;19;1466
50;2025-11-11;20;931
50;2025-11-11;21;624
50;2025-11-11;22;285
50;2025-11-11;23;135
50;2025-11-12;0;36
50;2025-11-12;1;2
50;2025-11-12;2;0
50;2025-11-12;3;0
50;2025-11-12;4;2
50;2025-11-12;5;73
50;2025-11-12;6;550
50;2025-11-12;7;1720
50;2025-11-12;8;2626
50;2025-11-12;9;2073
50;2025-11-12;10;1582
50;2025-11-12;11;1446
50;2025-11-12;12;1418
50;2025-11-12;13;1406
50;2025-11-12;14;1310
50;2025-11-12;15;1462
50;2025-11-12;16;1622
50;2025-11-12;17;2191
50;2025-11-12;18;2436
50;2025-11-12;19;1472
50;2025-11-12;20;866
50;2025-11-12;21;620
50;2025-11-12;22;298
50;2025-11-12;23;145
50;2025-11-13;0;42
50;2025-11-13;1;2
50;2025-11-13;2;0
50;2025-11-13;3;0
50;2025-11-13;4;2
50;2025-11-13;5;73
50;2025-11-13;6;557
50;2025-11-13;7;1747
50;2025-11-13;8;2629
50;2025-11-13;9;2059
50;2025-11-13;10;1602
50;2025-11-13;11;1486
50;2025-11-13;12;1390
50;2025-11-13;13;1385
50;2025-11-13;14;1281
50;2025-11-13;15;1508
50;2025-11-13;16;1656
50;2025-11-13;17;2239
50;2025-11-13;18;2429
50;2025-11-13;19;1469
50;2025-11-13;20;940
50;2025-11-13;21;675
50;2025-11-13;22;300
50;2025-11-13;23;160
50;2025-11-14;0;42
50;2025-11-14;1;2
50;2025-11-14;2;0
50;2025-11-14;3;0
50;2025-11-14;4;2
50;2025-11-14;5;69
50;2025-11-14;6;559
50;2025-11-14;7;1703
50;2025-11-14;8;2616
50;2025-11-14;9;2010
50;2025-11-14;10;1488
50;2025-11-14;11;1531
50;2025-11-14;12;1457
50;2025-11-14;13;1393
50;2025-11-14;14;1360
50;2025-11-14;15;1604
50;2025-11-14;16;1960
50;2025-11-14;17;2084
50;2025-11-14;18;1753
50;2025-11-14;19;1220
50;2025-11-14;20;801
50;2025-11-14;21;555
50;2025-11-14;22;313
50;2025-11-14;23;177
50;2025-11-15;0;61
50;2025-11-15;1;4
50;2025-11-15;2;0
50;2025-11-15;3;0
50;2025-11-15;4;1
50;2025-11-15;5;33
50;2025-11-15;6;167
50;2025-11-15;7;380
50;2025-11-15;8;579
50;2025-11-15;9;620
50;2025-11-15;10;611
50;2025-11-15;11;735
50;2025-11-15;12;764
50;2025-11-15;13;801
50;2025-11-15;14;796
50;2025-11-15;15;758
50;2025-11-15;16;738
50;2025-11-15;17;773
50;2025-11-15;18;688
50;2025-11-15;19;633
50;2025-11-15;20;473
50;2025-11-15;21;372
50;2025-11-15;22;240
50;2025-11-15;23;144
50;2025-11-16;0;51
50;2025-11-16;1;5
50;2025-11-16;2;0
50;2025-11-16;3;0
50;2025-11-16;4;0
50;2025-11-16;5;25
50;2025-11-16;6;125
50;2025-11-16;7;227
50;2025-11-16;8;363
50;2025-11-16;9;451
50;2025-11-16;10;470
50;2025-11-16;11;607
50;2025-11-16;12;671
50;2025-11-16;13;719
50;2025-11-16;14;752
50;2025-11-16;15;678
50;2025-11-16;16;698
50;2025-11-16;17;703
50;2025-11-16;18;631
50;2025-11-16;19;552
50;2025-11-16;20;454
50;2025-11-16;21;351
50;2025-11-16;22;210
50;2025-11-16;23;114
50;2025-11-17;0;36
50;2025-11-17;1;2
50;2025-11-17;2;0
50;2025-11-17;3;0
50;2025-11-17;4;2
50;2025-11-17;5;70
50;2025-11-17;6;534
50;2025-11-17;7;1720
50;2025-11-17;8;2646
50;2025-11-17;9;2069
50;2025-11-17;10;1530
50;2025-11-17;11;1451
50;2025-11-17;12;1318
50;2025-11-17;13;1354
50;2025-11-17;14;1308
50;2025-11-17;15;1481
50;2025-11-17;16;1531
50;2025-11-17;17;2206
50;2025-11-17;18;2428
50;2025-11-17;19;1448
50;2025-11-17;20;877
50;2025-11-17;21;587
50;2025-11-17;22;263
50;2025-11-17;23;129
50;2025-11-18;0;36
50;2025-11-18;1;2
50;2025-11-18;2;0
50;2025-11-18;3;0
50;2025-11-18;4;2
50;2025-11-18;5;70
50;2025-11-18;6;567
50;2025-11-18;7;1784
50;2025-11-18;8;2736
50;2025-11-18;9;2119
50;2025-11-18;10;1622
50;2025-11-18;11;1480
50;2025-11-18;12;1423
50;2025-11-18;13;1418
50;2025-11-18;14;1357
50;2025-11-18;15;1514
50;2025-11-18;16;1530
50;2025-11-18;17;2270
50;2025-11-18;18;2467
50;2025-11-18;19;1466
50;2025-11-18;20;931
50;2025-11-18;21;624
50;2025-11-18;22;285
50;2025-11-18;23;135
50;2025-11-19;0;36
50;2025-11-19;1;2
50;2025-11-19;2;0
50;2025-11-19;3;0
50;2025-11-19;4;2
50;2025-11-19;5;73
50;2025-11-19;6;550
50;2025-11-19;7;1720
50;2025-11-19;8;2626
50;2025-11-19;9;2073
50;2025-11-19;10;1582
50;2025-11-19;11;1446
50;2025-11-19;12;1418
50;2025-11-19;13;1406
50;2025-11-19;14;1310
50;2025-11-19;15;1462
50;2025-11-19;16;1622
50;2025-11-19;17;2191
50;2025-11-19;18;2436
50;2025-11-19;19;1472
50;2025-11-19;20;866
50;2025-11-19;21;620
50;2025-11-19;22;298
50;2025-11-19;23;145
50;2025-11-20;0;42
50;2025-11-20;1;2
50;2025-11-20;2;0
50;2025-11-20;3;0
50;2025-11-20;4;2
50;2025-11-20;5;73
50;2025-11-20;6;557
50;2025-11-20;7;1747
50;2025-11-20;8;2629
50;2025-11-20;9;2059
50;2025-11-20;10;1602
50;2025-11-20;11;1486
50;2025-11-20;12;1390
50;2025-11-20;13;1385
50;2025-11-20;14;1281
50;2025-11-20;15;1508
50;2025-11-20;16;1656
50;2025-11-20;17;2239
50;2025-11-20;18;2429
50;2025-11-20;19;1469
50;2025-11-20;20;940
50;2025-11-20;21;675
50;2025-11-20;22;300
50;2025-11-20;23;160
50;2025-11-21;0;42
50;2025-11-21;1;2
50;2025-11-21;2;0
50;2025-11-21;3;0
50;2025-11-21;4;2
50;2025-11-21;5;69
50;2025-11-21;6;559
50;2025-11-21;7;1703
50;2025-11-21;8;2616
50;2025-11-21;9;2010
50;2025-11-21;10;1488
50;2025-11-21;11;1531
50;2025-11-21;12;1457
50;2025-11-21;13;1393
50;2025-11-21;14;1360
50;2025-11-21;15;1604
50;2025-11-21;16;1960
50;2025-11-21;17;2084
50;2025-11-21;18;1753
50;2025-11-21;19;1220
50;2025-11-21;20;801
50;2025-11-21;21;555
50;2025-11-21;22;313
50;2025-11-21;23;177
50;2025-11-22;0;61
50;2025-11-22;1;4
50;2025-11-22;2;0
50;2025-11-22;3;0
50;2025-11-22;4;1
50;2025-11-22;5;33
50;2025-11-22;6;167
50;2025-11-22;7;380
50;2025-11-22;8;579
50;2025-11-22;9;620
50;2025-11-22;10;611
50;2025-11-22;11;735
50;2025-11-22;12;764
50;2025-11-22;13;801
50;2025-11-22;14;796
50;2025-11-22;15;758
50;2025-11-22;16;738
50;2025-11-22;17;773
50;2025-11-22;18;688
50;2025-11-22;19;633
50;2025-11-22;20;473
50;2025-11-22;21;372
50;2025-11-22;22;240
50;2025-11-22;23;144
50;2025-11-23;0;51
50;2025-11-23;1;5
50;2025-11-23;2;0
50;2025-11-23;3;0
50;2025-11-23;4;0
50;2025-11-23;5;25
50;2025-11-23;6;125
50;2025-11-23;7;227
50;2025-11-23;8;363
50;2025-11-23;9;451
50;2025-11-23;10;470
50;2025-11-23;11;607
50;2025-11-23;12;671
50;2025-11-23;13;719
50;2025-11-23;14;752
50;2025-11-23;15;678
50;2025-11-23;16;698
50;2025-11-23;17;703
50;2025-11-23;18;631
50;2025-11-23;19;552
50;2025-11-23;20;454
50;2025-11-23;21;351
50;2025-11-23;22;210
50;2025-11-23;23;114
50;2025-11-24;0;36
50;2025-11-24;1;2
50;2025-11-24;2;0
50;2025-11-24;3;0
50;2025-11-24;4;2
50;2025-11-24;5;70
50;2025-11-24;6;534
50;2025-11-24;7;1720
50;2025-11-24;8;2646
50;2025-11-24;9;2069
50;2025-11-24;10;1530
50;2025-11-24;11;1451
50;2025-11-24;12;1318
50;2025-11-24;13;1354
50;2025-11-24;14;1308
50;2025-11-24;15;1481
50;2025-11-24;16;1531
50;2025-11-24;17;2206
50;2025-11-24;18;2428
50;2025-11-24;19;1448
50;2025-11-24;20;877
50;2025-11-24;21;587
50;2025-11-24;22;263
50;2025-11-24;23;129
50;2025-11-25;0;36
50;2025-11-25;1;2
50;2025-11-25;2;0
50;2025-11-25;3;0
50;2025-11-25;4;2
50;2025-11-25;5;70
50;2025-11-25;6;567
50;2025-11-25;7;1784
50;2025-11-25;8;2736
50;2025-11-25;9;2119
50;2025-11-25;10;1622
50;2025-11-25;11;1480
50;2025-11-25;12;1423
50;2025-11-25;13;1418
50;2025-11-25;14;1357
50;2025-11-25;15;1514
50;2025-11-25;16;1530
50;2025-11-25;17;2270
50;2025-11-25;18;2467
50;2025-11-25;19;1466
50;2025-11-25;20;931
50;2025-11-25;21;624
50;2025-11-25;22;285
50;2025-11-25;23;135
50;2025-11-26;0;36
50;2025-11-26;1;2
50;2025-11-26;2;0
50;2025-11-26;3;0
50;2025-11-26;4;2
50;2025-11-26;5;73
50;2025-11-26;6;550
50;2025-11-26;7;1720
50;2025-11-26;8;2626
50;2025-11-26;9;2073
50;2025-11-26;10;1582
50;2025-11-26;11;1446
50;2025-11-26;12;1418
50;2025-11-26;13;1406
50;2025-11-26;14;1310
50;2025-11-26;15;1462
50;2025-11-26;16;1622
50;2025-11-26;17;2191
50;2025-11-26;18;2436
50;2025-11-26;19;1472
50;2025-11-26;20;866
50;2025-11-26;21;620
50;2025-11-26;22;298
50;2025-11-26;23;145
50;2025-11-27;0;42
50;2025-11-27;1;2
50;2025-11-27;2;0
50;2025-11-27;3;0
50;2025-11-27;4;2
50;2025-11-27;5;73
50;2025-11-27;6;557
50;2025-11-27;7;1747
50;2025-11-27;8;2629
50;2025-11-27;9;2059
50;2025-11-27;10;1602
50;2025-11-27;11;1486
50;2025-11-27;12;1390
50;2025-11-27;13;1385
50;2025-11-27;14;1281
50;2025-11-27;15;1508
50;2025-11-27;16;1656
50;2025-11-27;17;2239
50;2025-11-27;18;2429
50;2025-11-27;19;1469
50;2025-11-27;20;940
50;2025-11-27;21;675
50;2025-11-27;22;300
50;2025-11-27;23;160
50;2025-11-28;0;42
50;2025-11-28;1;2
50;2025-11-28;2;0
50;2025-11-28;3;0
50;2025-11-28;4;2
50;2025-11-28;5;69
50;2025-11-28;6;559
50;2025-11-28;7;1703
50;2025-11-28;8;2616
50;2025-11-28;9;2010
50;2025-11-28;10;1488
50;2025-11-28;11;1531
50;2025-11-28;12;1457
50;2025-11-28;13;1393
50;2025-11-28;14;1360
50;2025-11-28;15;1604
50;2025-11-28;16;1960
50;2025-11-28;17;2084
50;2025-11-28;18;1753
50;2025-11-28;19;1220
50;2025-11-28;20;801
50;2025-11-28;21;555
50;2025-11-28;22;313
50;2025-11-28;23;177
50;2025-11-29;0;61
50;2025-11-29;1;4
50;2025-11-29;2;0
50;2025-11-29;3;0
50;2025-11-29;4;1
50;2025-11-29;5;33
50;2025-11-29;6;167
50;2025-11-29;7;380
50;2025-11-29;8;579
50;2025-11-29;9;620
50;2025-11-29;10;611
50;2025-11-29;11;735
50;2025-11-29;12;764
50;2025-11-29;13;801
50;2025-11-29;14;796
50;2025-11-29;15;758
50;2025-11-29;16;738
50;2025-11-29;17;773
50;2025-11-29;18;688
50;2025-11-29;19;633
50;2025-11-29;20;473
50;2025-11-29;21;372
50;2025-11-29;22;240
50;2025-11-29;23;144
50;2025-11-30;0;51
50;2025-11-30;1;5
50;2025-11-30;2;0
50;2025-11-30;3;0
50;2025-11-30;4;0
50;2025-11-30;5;25
50;2025-11-30;6;125
50;2025-11-30;7;227
50;2025-11-30;8;363
50;2025-11-30;9;451
50;2025-11-30;10;470
50;2025-11-30;11;607
50;2025-11-30;12;671
50;2025-11-30;13;719
50;2025-11-30;14;752
50;2025-11-30;15;678
50;2025-11-30;16;698
50;2025-11-30;17;703
50;2025-11-30;18;631
50;2025-11-30;19;552
50;2025-11-30;20;454
50;2025-11-30;21;351
50;2025-11-30;22;210
50;2025-11-30;23;114
50;2025-12-01;0;36
50;2025-12-01;1;2
50;2025-12-01;2;0
50;2025-12-01;3;0
50;2025-12-01;4;2
50;2025-12-01;5;70
50;2025-12-01;6;534
50;2025-12-01;7;1720
50;2025-12-01;8;2646
50;2025-12-01;9;2069
50;2025-12-01;10;1530
50;2025-12-01;11;1451
50;2025-12-01;12;1318
50;2025-12-01;13;1354
50;2025-12-01;14;1308
50;2025-12-01;15;1481
50;2025-12-01;16;1531
50;2025-12-01;17;2206
50;2025-12-01;18;2428
50;2025-12-01;19;1448
50;2025-12-01;20;877
50;2025-12-01;21;587
50;2025-12-01;22;263
50;2025-12-01;23;129
50;2025-12-02;0;36
50;2025-12-02;1;2
50;2025-12-02;2;0
50;2025-12-02;3;0
50;2025-12-02;4;2
50;2025-12-02;5;70
50;2025-12-02;6;567
50;2025-12-02;7;1784
50;2025-12-02;8;2736
50;2025-12-02;9;2119
50;2025-12-02;10;1622
50;2025-12-02;11;1480
50;2025-12-02;12;1423
50;2025-12-02;13;1418
50;2025-12-02;14;1357
50;2025-12-02;15;1514
50;2025-12-02;16;1530
50;2025-12-02;17;2270
50;2025-12-02;18;2467
50;2025-12-02;19;1466
50;2025-12-02;20;931
50;2025-12-02;21;624
50;2025-12-02;22;285
50;2025-12-02;23;135
50;2025-12-03;0;36
50;2025-12-03;1;2
50;2025-12-03;2;0
50;2025-12-03;3;0
50;2025-12-03;4;2
50;2025-12-03;5;73
50;2025-12-03;6;550
50;2025-12-03;7;1720
50;2025-12-03;8;2626
50;2025-12-03;9;2073
50;2025-12-03;10;1582
50;2025-12-03;11;1446
50;2025-12-03;12;1418
50;2025-12-03;13;1406
50;2025-12-03;14;1310
50;2025-12-03;15;1462
50;2025-12-03;16;1622
50;2025-12-03;17;2191
50;2025-12-03;18;2436
50;2025-12-03;19;1472
50;2025-12-03;20;866
50;2025-12-03;21;620
50;2025-12-03;22;298
50;2025-12-03;23;145
50;2025-12-04;0;42
50;2025-12-04;1;2
50;2025-12-04;2;0
50;2025-12-04;3;0
50;2025-12-04;4;2
50;2025-12-04;5;73
50;2025-12-04;6;557
50;2025-12-04;7;1747
50;2025-12-04;8;2629
50;2025-12-04;9;2059
50;2025-12-04;10;1602
50;2025-12-04;11;1486
50;2025-12-04;12;1390
50;2025-12-04;13;1385
50;2025-12-04;14;1281
50;2025-12-04;15;1508
50;2025-12-04;16;1656
50;2025-12-04;17;2239
50;2025-12-04;18;2429
50;2025-12-04;19;1469
50;2025-12-04;20;940
50;2025-12-04;21;675
50;2025-12-04;22;300
50;2025-12-04;23;160
50;2025-12-05;0;42
50;2025-12-05;1;2
50;2025-12-05;2;0
50;2025-12-05;3;0
50;2025-12-05;4;2
50;2025-12-05;5;69
50;2025-12-05;6;559
50;2025-12-05;7;1703
50;2025-12-05;8;2616
50;2025-12-05;9;2010
50;2025-12-05;10;1488
50;2025-12-05;11;1531
50;2025-12-05;12;1457
50;2025-12-05;13;1393
50;2025-12-05;14;1360
50;2025-12-05;15;1604
50;2025-12-05;16;1960
50;2025-12-05;17;2084
50;2025-12-05;18;1753
50;2025-12-05;19;1220
50;2025-12-05;20;801
50;2025-12-05;21;555
50;2025-12-05;22;313
50;2025-12-05;23;177
50;2025-12-06;0;61
50;2025-12-06;1;4
50;2025-12-06;2;0
50;2025-12-06;3;0
50;2025-12-06;4;1
50;2025-12-06;5;33
50;2025-12-06;6;167
50;2025-12-06;7;380
50;2025-12-06;8;579
50;2025-12-06;9;620
50;2025-12-06;10;611
50;2025-12-06;11;735
50;2025-12-06;12;764
50;2025-12-06;13;801
50;2025-12-06;14;796
50;2025-12-06;15;758
50;2025-12-06;16;738
50;2025-12-06;17;773
50;2025-12-06;18;688
50;2025-12-06;19;633
50;2025-12-06;20;473
50;2025-12-06;21;372
50;2025-12-06;22;240
50;2025-12-06;23;144
50;2025-12-07;0;51
50;2025-12-07;1;5
50;2025-12-07;2;0
50;2025-12-07;3;0
50;2025-12-07;4;0
50;2025-12-07;5;25
50;2025-12-07;6;125
50;2025-12-07;7;227
50;2025-12-07;8;363
50;2025-12-07;9;451
50;2025-12-07;10;470
50;2025-12-07;11;607
50;2025-12-07;12;671
50;2025-12-07;13;719
50;2025-12-07;14;752
50;2025-12-07;15;678
50;2025-12-07;16;698
50;2025-12-07;17;703
50;2025-12-07;18;631
50;2025-12-07;19;552
50;2025-12-07;20;454
50;2025-12-07;21;351
50;2025-12-07;22;210
50;2025-12-07;23;114
50;2025-12-08;0;36
50;2025-12-08;1;2
50;2025-12-08;2;0
50;2025-12-08;3;0
50;2025-12-08;4;2
50;2025-12-08;5;70
50;2025-12-08;6;534
50;2025-12-08;7;1720
50;2025-12-08;8;2646
50;2025-12-08;9;2069
50;2025-12-08;10;1530
50;2025-12-08;11;1451
50;2025-12-08;12;1318
50;2025-12-08;13;1354
50;2025-12-08;14;1308
50;2025-12-08;15;1481
50;2025-12-08;16;1531
50;2025-12-08;17;2206
50;2025-12-08;18;2428
50;2025-12-08;19;1448
50;2025-12-08;20;877
50;2025-12-08;21;587
50;2025-12-08;22;263
50;2025-12-08;23;129
50;2025-12-09;0;36
50;2025-12-09;1;2
50;2025-12-09;2;0
50;2025-12-09;3;0
50;2025-12-09;4;2
50;2025-12-09;5;70
50;2025-12-09;6;567
50;2025-12-09;7;1784
50;2025-12-09;8;2736
50;2025-12-09;9;2119
50;2025-12-09;10;1622
50;2025-12-09;11;1480
50;2025-12-09;12;1423
50;2025-12-09;13;1418
50;2025-12-09;14;1357
50;2025-12-09;15;1514
50;2025-12-09;16;1530
50;2025-12-09;17;2270
50;2025-12-09;18;2467
50;2025-12-09;19;1466
50;2025-12-09;20;931
50;2025-12-09;21;624
50;2025-12-09;22;285
50;2025-12-09;23;135
50;2025-12-10;0;36
50;2025-12-10;1;2
50;2025-12-10;2;0
50;2025-12-10;3;0
50;2025-12-10;4;2
50;2025-12-10;5;73
50;2025-12-10;6;550
50;2025-12-10;7;1720
50;2025-12-10;8;2626
50;2025-12-10;9;2073
50;2025-12-10;10;1582
50;2025-12-10;11;1446
50;2025-12-10;12;1418
50;2025-12-10;13;1406
50;2025-12-10;14;1310
50;2025-12-10;15;1462
50;2025-12-10;16;1622
50;2025-12-10;17;2191
50;2025-12-10;18;2436
50;2025-12-10;19;1472
50;2025-12-10;20;866
50;2025-12-10;21;620
50;2025-12-10;22;298
50;2025-12-10;23;145
50;2025-12-11;0;42
50;2025-12-11;1;2
50;2025-12-11;2;0
50;2025-12-11;3;0
50;2025-12-11;4;2
50;2025-12-11;5;73
50;2025-12-11;6;557
50;2025-12-11;7;1747
50;2025-12-11;8;2629
50;2025-12-11;9;2059
50;2025-12-11;10;1602
50;2025-12-11;11;1486
50;2025-12-11;12;1390
50;2025-12-11;13;1385
50;2025-12-11;14;1281
50;2025-12-11;15;1508
50;2025-12-11;16;1656
50;2025-12-11;17;2239
50;2025-12-11;18;2429
50;2025-12-11;19;1469
50;2025-12-11;20;940
50;2025-12-11;21;675
50;2025-12-11;22;300
50;2025-12-11;23;160
50;2025-12-12;0;42
50;2025-12-12;1;2
50;2025-12-12;2;0
50;2025-12-12;3;0
50;2025-12-12;4;2
50;2025-12-12;5;69
50;2025-12-12;6;559
50;2025-12-12;7;1703
50;2025-12-12;8;2616
50;2025-12-12;9;2010
50;2025-12-12;10;1488
50;2025-12-12;11;1531
50;2025-12-12;12;1457
50;2025-12-12;13;1393
50;2025-12-12;14;1360
50;2025-12-12;15;1604
50;2025-12-12;16;1960
50;2025-12-12;17;2084
50;2025-12-12;18;1753
50;2025-12-12;19;1220
50;2025-12-12;20;801
50;2025-12-12;21;555
50;2025-12-12;22;313
50;2025-12-12;23;177
50;2025-12-13;0;61
50;2025-12-13;1;4
50;2025-12-13;2;0
50;2025-12-13;3;0
50;2025-12-13;4;1
50;2025-12-13;5;33
50;2025-12-13;6;167
50;2025-12-13;7;380
50;2025-12-13;8;579
50;2025-12-13;9;620
50;2025-12-13;10;611
50;2025-12-13;11;735
50;2025-12-13;12;764
50;2025-12-13;13;801
50;2025-12-13;14;796
50;2025-12-13;15;758
50;2025-12-13;16;738
50;2025-12-13;17;773
50;2025-12-13;18;688
50;2025-12-13;19;633
50;2025-12-13;20;473
50;2025-12-13;21;372
50;2025-12-13;22;240
50;2025-12-13;23;144
50;2025-12-14;0;51
50;2025-12-14;1;5
50;2025-12-14;2;0
50;2025-12-14;3;0
50;2025-12-14;4;0
50;2025-12-14;5;25
50;2025-12-14;6;125
50;2025-12-14;7;227
50;2025-12-14;8;363
50;2025-12-14;9;451
50;2025-12-14;10;470
50;2025-12-14;11;607
50;2025-12-14;12;671
50;2025-12-14;13;719
50;2025-12-14;14;752
50;2025-12-14;15;678
50;2025-12-14;16;698
50;2025-12-14;17;703
50;2025-12-14;18;631
50;2025-12-14;19;552
50;2025-12-14;20;454
50;2025-12-14;21;351
50;2025-12-14;22;210
50;2025-12-14;23;114
50;2025-12-15;0;36
50;2025-12-15;1;2
50;2025-12-15;2;0
50;2025-12-15;3;0
50;2025-12-15;4;2
50;2025-12-15;5;70
50;2025-12-15;6;534
50;2025-12-15;7;1720
50;2025-12-15;8;2646
50;2025-12-15;9;2069
50;2025-12-15;10;1530
50;2025-12-15;11;1451
50;2025-12-15;12;1318
50;2025-12-15;13;1354
50;2025-12-15;14;1308
50;2025-12-15;15;1481
50;2025-12-15;16;1531
50;2025-12-15;17;2206
50;2025-12-15;18;2428
50;2025-12-15;19;1448
50;2025-12-15;20;877
50;2025-12-15;21;587
50;2025-12-15;22;263
50;2025-12-15;23;129
50;2025-12-16;0;36
50;2025-12-16;1;2
50;2025-12-16;2;0
50;2025-12-16;3;0
50;2025-12-16;4;2
50;2025-12-16;5;70
50;2025-12-16;6;567
50;2025-12-16;7;1784
50;2025-12-16;8;2736
50;2025-12-16;9;2119
50;2025-12-16;10;1622
50;2025-12-16;11;1480
50;2025-12-16;12;1423
50;2025-12-16;13;1418
50;2025-12-16;14;1357
50;2025-12-16;15;1514
50;2025-12-16;16;1530
50;2025-12-16;17;2270
50;2025-12-16;18;2467
50;2025-12-16;19;1466
50;2025-12-16;20;931
50;2025-12-16;21;624
50;2025-12-16;22;285
50;2025-12-16;23;135
50;2025-12-17;0;36
50;2025-12-17;1;2
50;2025-12-17;2;0
50;2025-12-17;3;0
50;2025-12-17;4;2
50;2025-12-17;5;73
50;2025-12-17;6;550
50;2025-12-17;7;1720
50;2025-12-17;8;2626
50;2025-12-17;9;2073
50;2025-12-17;10;1582
50;2025-12-17;11;1446
50;2025-12-17;12;1418
50;2025-12-17;13;1406
50;2025-12-17;14;1310
50;2025-12-17;15;1462
50;2025-12-17;16;1622
50;2025-12-17;17;2191
50;2025-12-17;18;2436
50;2025-12-17;19;1472
50;2025-12-17;20;866
50;2025-12-17;21;620
50;2025-12-17;22;298
50;2025-12-17;23;145
50;2025-12-18;0;42
50;2025-12-18;1;2
50;2025-12-18;2;0
50;2025-12-18;3;0
50;2025-12-18;4;2
50;2025-12-18;5;73
50;2025-12-18;6;557
50;2025-12-18;7;1747
50;2025-12-18;8;2629
50;2025-12-18;9;2059
50;2025-12-18;10;1602
50;2025-12-18;11;1486
50;2025-12-18;12;1390
50;2025-12-18;13;1385
50;2025-12-18;14;1281
50;2025-12-18;15;1508
50;2025-12-18;16;1656
50;2025-12-18;17;2239
50;2025-12-18;18;2429
50;2025-12-18;19;1469
50;2025-12-18;20;940
50;2025-12-18;21;675
50;2025-12-18;22;300
50;2025-12-18;23;160
50;2025-12-19;0;42
50;2025-12-19;1;2
50;2025-12-19;2;0
50;2025-12-19;3;0
50;2025-12-19;4;2
50;2025-12-19;5;69
50;2025-12-19;6;559
50;2025-12-19;7;1703
50;2025-12-19;8;2616
50;2025-12-19;9;2010
50;2025-12-19;10;1488
50;2025-12-19;11;1531
50;2025-12-19;12;1457
50;2025-12-19;13;1393
50;2025-12-19;14;1360
50;2025-12-19;15;1604
50;2025-12-19;16;1960
50;2025-12-19;17;2084
50;2025-12-19;18;1753
50;2025-12-19;19;1220
50;2025-12-19;20;801
50;2025-12-19;21;555
50;2025-12-19;22;313
50;2025-12-19;23;177
50;2025-12-20;0;61
50;2025-12-20;1;4
50;2025-12-20;2;0
50;2025-12-20;3;0
50;2025-12-20;4;1
50;2025-12-20;5;33
50;2025-12-20;6;167
50;2025-12-20;7;380
50;2025-12-20;8;579
50;2025-12-20;9;620
50;2025-12-20;10;611
50;2025-12-20;11;735
50;2025-12-20;12;764
50;2025-12-20;13;801
50;2025-12-20;14;796
50;2025-12-20;15;758
50;2025-12-20;16;738
50;2025-12-20;17;773
50;2025-12-20;18;688
50;2025-12-20;19;633
50;2025-12-20;20;473
50;2025-12-20;21;372
50;2025-12-20;22;240
50;2025-12-20;23;144
50;2025-12-21;0;51
50;2025-12-21;1;5
50;2025-12-21;2;0
50;2025-12-21;3;0
50;2025-12-21;4;0
50;2025-12-21;5;25
50;2025-12-21;6;125
50;2025-12-21;7;227
50;2025-12-21;8;363
50;2025-12-21;9;451
50;2025-12-21;10;470
50;2025-12-21;11;607
50;2025-12-21;12;671
50;2025-12-21;13;719
50;2025-12-21;14;752
50;2025-12-21;15;678
50;2025-12-21;16;698
50;2025-12-21;17;703
50;2025-12-21;18;631
50;2025-12-21;19;552
50;2025-12-21;20;454
50;2025-12-21;21;351
50;2025-12-21;22;210
50;2025-12-21;23;114
50;2025-12-22;0;36
50;2025-12-22;1;2
50;2025-12-22;2;0
50;2025-12-22;3;0
50;2025-12-22;4;2
50;2025-12-22;5;70
50;2025-12-22;6;534
50;2025-12-22;7;1720
50;2025-12-22;8;2646
50;2025-12-22;9;2069
50;2025-12-22;10;1530
50;2025-12-22;11;1451
50;2025-12-22;12;1318
50;2025-12-22;13;1354
50;2025-12-22;14;1308
50;2025-12-22;15;1481
50;2025-12-22;16;1531
50;2025-12-22;17;2206
50;2025-12-22;18;2428
50;2025-12-22;19;1448
50;2025-12-22;20;877
50;2025-12-22;21;587
50;2025-12-22;22;263
50;2025-12-22;23;129
50;2025-12-23;0;36
50;2025-12-23;1;2
50;2025-12-23;2;0
50;2025-12-23;3;0
50;2025-12-23;4;2
50;2025-12-23;5;70
50;2025-12-23;6;567
50;2025-12-23;7;1784
50;2025-12-23;8;2736
50;2025-12-23;9;2119
50;2025-12-23;10;1622
50;2025-12-23;11;1480
50;2025-12-23;12;1423
50;2025-12-23;13;1418
50;2025-12-23;14;1357
50;2025-12-23;15;1514
50;2025-12-23;16;1530
50;2025-12-23;17;2270
50;2025-12-23;18;2467
50;2025-12-23;19;1466
50;2025-12-23;20;931
50;2025-12-23;21;624
50;2025-12-23;22;285
50;2025-12-23;23;135
50;2025-12-24;0;36
50;2025-12-24;1;2
50;2025-12-24;2;0
50;2025-12-24;3;0
50;2025-12-24;4;2
50;2025-12-24;5;73
50;2025-12-24;6;550
50;2025-12-24;7;1720
50;2025-12-24;8;2626
50;2025-12-24;9;2073
50;2025-12-24;10;1582
50;2025-12-24;11;1446
50;2025-12-24;12;1418
50;2025-12-24;13;1406
50;2025-12-24;14;1310
50;2025-12-24;15;1462
50;2025-12-24;16;1622
50;2025-12-24;17;2191
50;2025-12-24;18;2436
50;2025-12-24;19;1472
50;2025-12-24;20;866
50;2025-12-24;21;620
50;2025-12-24;22;298
50;2025-12-24;23;145
50;2025-12-25;0;42
50;2025-12-25;1;2
50;2025-12-25;2;0
50;2025-12-25;3;0
50;2025-12-25;4;2
50;2025-12-25;5;73
50;2025-12-25;6;557
50;2025-12-25;7;1747
50;2025-12-25;8;2629
50;2025-12-25;9;2059
50;2025-12-25;10;1602
50;2025-12-25;11;1486
50;2025-12-25;12;1390
50;2025-12-25;13;1385
50;2025-12-25;14;1281
50;2025-12-25;15;1508
50;2025-12-25;16;1656
50;2025-12-25;17;2239
50;2025-12-25;18;2429
50;2025-12-25;19;1469
50;2025-12-25;20;940
50;2025-12-25;21;675
50;2025-12-25;22;300
50;2025-12-25;23;160
50;2025-12-26;0;42
50;2025-12-26;1;2
50;2025-12-26;2;0
50;2025-12-26;3;0
50;2025-12-26;4;2
50;2025-12-26;5;69
50;2025-12-26;6;559
50;2025-12-26;7;1703
50;2025-12-26;8;2616
50;2025-12-26;9;2010
50;2025-12-26;10;1488
50;2025-12-26;11;1531
50;2025-12-26;12;1457
50;2025-12-26;13;1393
50;2025-12-26;14;1360
50;2025-12-26;15;1604
50;2025-12-26;16;1960
50;2025-12-26;17;2084
50;2025-12-26;18;1753
50;2025-12-26;19;1220
50;2025-12-26;20;801
50;2025-12-26;21;555
50;2025-12-26;22;313
50;2025-12-26;23;177
50;2025-12-27;0;61
50;2025-12-27;1;4
50;2025-12-27;2;0
50;2025-12-27;3;0
50;2025-12-27;4;1
50;2025-12-27;5;33
50;2025-12-27;6;167
50;2025-12-27;7;380
50;2025-12-27;8;579
50;2025-12-27;9;620
50;2025-12-27;10;611
50;2025-12-27;11;735
50;2025-12-27;12;764
50;2025-12-27;13;801
50;2025-12-27;14;796
50;2025-12-27;15;758
50;2025-12-27;16;738
50;2025-12-27;17;773
50;2025-12-27;18;688
50;2025-12-27;19;633
50;2025-12-27;20;473
50;2025-12-27;21;372
50;2025-12-27;22;240
50;2025-12-27;23;144
50;2025-12-28;0;51
50;2025-12-28;1;5
50;2025-12-28;2;0
50;2025-12-28;3;0
50;2025-12-28;4;0
50;2025-12-28;5;25
50;2025-12-28;6;125
50;2025-12-28;7;227
50;2025-12-28;8;363
50;2025-12-28;9;451
50;2025-12-28;10;470
50;2025-12-28;11;607
50;2025-12-28;12;671
50;2025-12-28;13;719
50;2025-12-28;14;752
50;2025-12-28;15;678
50;2025-12-28;16;698
50;2025-12-28;17;703
50;2025-12-28;18;631
50;2025-12-28;19;552
50;2025-12-28;20;454
50;2025-12-28;21;351
50;2025-12-28;22;210
50;2025-12-28;23;114
50;2025-12-29;0;36
50;2025-12-29;1;2
50;2025-12-29;2;0
50;2025-12-29;3;0
50;2025-12-29;4;2
50;2025-12-29;5;70
50;2025-12-29;6;534
50;2025-12-29;7;1720
50;2025-12-29;8;2646
50;2025-12-29;9;2069
50;2025-12-29;10;1530
50;2025-12-29;11;1451
50;2025-12-29;12;1318
50;2025-12-29;13;1354
50;2025-12-29;14;1308
50;2025-12-29;15;1481
50;2025-12-29;16;1531
50;2025-12-29;17;2206
50;2025-12-29;18;2428
50;2025-12-29;19;1448
50;2025-12-29;20;877
50;2025-12-29;21;587
50;2025-12-29;22;263
50;2025-12-29;23;129
50;2025-12-30;0;36
50;2025-12-30;1;2
50;2025-12-30;2;0
50;2025-12-30;3;0
50;2025-12-30;4;2
50;2025-12-30;5;70
50;2025-12-30;6;567
50;2025-12-30;7;1784
50;2025-12-30;8;2736
50;2025-12-30;9;2119
50;2025-12-30;10;1622
50;2025-12-30;11;1480
50;2025-12-30;12;1423
50;2025-12-30;13;1418
50;2025-12-30;14;1357
50;2025-12-30;15;1514
50;2025-12-30;16;1530
50;2025-12-30;17;2270
50;2025-12-30;18;2467
50;2025-12-30;19;1466
50;2025-12-30;20;931
50;2025-12-30;21;624
50;2025-12-30;22;285
50;2025-12-30;23;135
50;2025-12-31;0;24
50;2025-12-31;1;4
50;2025-12-31;2;0
50;2025-12-31;3;0
50;2025-12-31;4;3
50;2025-12-31;5;30
50;2025-12-31;6;156
50;2025-12-31;7;347
50;2025-12-31;8;449
50;2025-12-31;9;502
50;2025-12-31;10;504
50;2025-12-31;11;586
50;2025-12-31;12;563
50;2025-12-31;13;565
50;2025-12-31;14;594
50;2025-12-31;15;595
50;2025-12-31;16;606
50;2025-12-31;17;601
50;2025-12-31;18;510
50;2025-12-31;19;455
50;2025-12-31;20;410
50;2025-12-31;21;262
50;2025-12-31;22;176
50;2025-12-31;23;101
