route;date;hour;prediction
1;2025-11-01;0;3
1;2025-11-01;1;0
1;2025-11-01;2;0
1;2025-11-01;3;0
1;2025-11-01;4;0
1;2025-11-01;5;118
1;2025-11-01;6;668
1;2025-11-01;7;1587
1;2025-11-01;8;2024
1;2025-11-01;9;1637
1;2025-11-01;10;1399
1;2025-11-01;11;1377
1;2025-11-01;12;1423
1;2025-11-01;13;1446
1;2025-11-01;14;1447
1;2025-11-01;15;1520
1;2025-11-01;16;1622
1;2025-11-01;17;1893
1;2025-11-01;18;1958
1;2025-11-01;19;1481
1;2025-11-01;20;907
1;2025-11-01;21;524
1;2025-11-01;22;193
1;2025-11-01;23;61
1;2025-11-02;0;8
1;2025-11-02;1;0
1;2025-11-02;2;0
1;2025-11-02;3;0
1;2025-11-02;4;3
1;2025-11-02;5;15
1;2025-11-02;6;121
1;2025-11-02;7;263
1;2025-11-02;8;391
1;2025-11-02;9;502
1;2025-11-02;10;638
1;2025-11-02;11;715
1;2025-11-02;12;780
1;2025-11-02;13;832
1;2025-11-02;14;805
1;2025-11-02;15;796
1;2025-11-02;16;765
1;2025-11-02;17;642
1;2025-11-02;18;577
1;2025-11-02;19;495
1;2025-11-02;20;332
1;2025-11-02;21;253
1;2025-11-02;22;110
1;2025-11-02;23;18
1;2025-11-03;0;4
1;2025-11-03;1;1
1;2025-11-03;2;0
1;2025-11-03;3;0
1;2025-11-03;4;5
1;2025-11-03;5;33
1;2025-11-03;6;171
1;2025-11-03;7;349
1;2025-11-03;8;592
1;2025-11-03;9;597
1;2025-11-03;10;714
1;2025-11-03;11;781
1;2025-11-03;12;839
1;2025-11-03;13;896
1;2025-11-03;14;869
1;2025-11-03;15;864
1;2025-11-03;16;838
1;2025-11-03;17;779
1;2025-11-03;18;729
1;2025-11-03;19;609
1;2025-11-03;20;389
1;2025-11-03;21;286
1;2025-11-03;22;121
1;2025-11-03;23;23
1;2025-11-04;0;6
1;2025-11-04;1;5
1;2025-11-04;2;3
1;2025-11-04;3;3
1;2025-11-04;4;0
1;2025-11-04;5;0
1;2025-11-04;6;97
1;2025-11-04;7;268
1;2025-11-04;8;494
1;2025-11-04;9;516
1;2025-11-04;10;628
1;2025-11-04;11;696
1;2025-11-04;12;750
1;2025-11-04;13;805
1;2025-11-04;14;778
1;2025-11-04;15;767
1;2025-11-04;16;734
1;2025-11-04;17;657
1;2025-11-04;18;612
1;2025-11-04;19;502
1;2025-11-04;20;328
1;2025-11-04;21;245
1;2025-11-04;22;84
1;2025-11-04;23;0
1;2025-11-05;0;3
1;2025-11-05;1;0
1;2025-11-05;2;0
1;2025-11-05;3;0
1;2025-11-05;4;9
1;2025-11-05;5;120
1;2025-11-05;6;635
1;2025-11-05;7;1586
1;2025-11-05;8;2130
1;2025-11-05;9;1595
1;2025-11-05;10;1348
1;2025-11-05;11;1316
1;2025-11-05;12;1363
1;2025-11-05;13;1393
1;2025-11-05;14;1394
1;2025-11-05;15;1473
1;2025-11-05;16;1594
1;2025-11-05;17;1927
1;2025-11-05;18;1994
1;2025-11-05;19;1470
1;2025-11-05;20;893
1;2025-11-05;21;504
1;2025-11-05;22;173
1;2025-11-05;23;36
1;2025-11-06;0;3
1;2025-11-06;1;0
1;2025-11-06;2;0
1;2025-11-06;3;0
1;2025-11-06;4;8
1;2025-11-06;5;122
1;2025-11-06;6;640
1;2025-11-06;7;1590
1;2025-11-06;8;2133
1;2025-11-06;9;1600
1;2025-11-06;10;1353
1;2025-11-06;11;1323
1;2025-11-06;12;1369
1;2025-11-06;13;1400
1;2025-11-06;14;1402
1;2025-11-06;15;1483
1;2025-11-06;16;1607
1;2025-11-06;17;1908
1;2025-11-06;18;1987
1;2025-11-06;19;1473
1;2025-11-06;20;895
1;2025-11-06;21;514
1;2025-11-06;22;180
1;2025-11-06;23;43
1;2025-11-07;0;3
1;2025-11-07;1;0
1;2025-11-07;2;0
1;2025-11-07;3;0
1;2025-11-07;4;8
1;2025-11-07;5;119
1;2025-11-07;6;625
1;2025-11-07;7;1578
1;2025-11-07;8;2115
1;2025-11-07;9;1577
1;2025-11-07;10;1340
1;2025-11-07;11;1313
1;2025-11-07;12;1364
1;2025-11-07;13;1448
1;2025-11-07;14;1467
1;2025-11-07;15;1546
1;2025-11-07;16;1672
1;2025-11-07;17;1871
1;2025-11-07;18;1764
1;2025-11-07;19;1298
1;2025-11-07;20;823
1;2025-11-07;21;504
1;2025-11-07;22;179
1;2025-11-07;23;54
1;2025-11-08;0;4
1;2025-11-08;1;0
1;2025-11-08;2;0
1;2025-11-08;3;0
1;2025-11-08;4;0
1;2025-11-08;5;25
1;2025-11-08;6;182
1;2025-11-08;7;381
1;2025-11-08;8;526
1;2025-11-08;9;637
1;2025-11-08;10;767
1;2025-11-08;11;835
1;2025-11-08;12;892
1;2025-11-08;13;943
1;2025-11-08;14;916
1;2025-11-08;15;907
1;2025-11-08;16;858
1;2025-11-08;17;759
1;2025-11-08;18;704
1;2025-11-08;19;599
1;2025-11-08;20;417
1;2025-11-08;21;300
1;2025-11-08;22;133
1;2025-11-08;23;34
1;2025-11-09;0;8
1;2025-11-09;1;0
1;2025-11-09;2;0
1;2025-11-09;3;0
1;2025-11-09;4;3
1;2025-11-09;5;15
1;2025-11-09;6;121
1;2025-11-09;7;263
1;2025-11-09;8;391
1;2025-11-09;9;502
1;2025-11-09;10;638
1;2025-11-09;11;715
1;2025-11-09;12;780
1;2025-11-09;13;832
1;2025-11-09;14;805
1;2025-11-09;15;796
1;2025-11-09;16;765
1;2025-11-09;17;642
1;2025-11-09;18;577
1;2025-11-09;19;495
1;2025-11-09;20;332
1;2025-11-09;21;253
1;2025-11-09;22;110
1;2025-11-09;23;18
1;2025-11-10;0;1
1;2025-11-10;1;0
1;2025-11-10;2;0
1;2025-11-10;3;0
1;2025-11-10;4;7
1;2025-11-10;5;113
1;2025-11-10;6;621
1;2025-11-10;7;1570
1;2025-11-10;8;2112
1;2025-11-10;9;1576
1;2025-11-10;10;1323
1;2025-11-10;11;1290
1;2025-11-10;12;1337
1;2025-11-10;13;1368
1;2025-11-10;14;1370
1;2025-11-10;15;1451
1;2025-11-10;16;1577
1;2025-11-10;17;1897
1;2025-11-10;18;1964
1;2025-11-10;19;1466
1;2025-11-10;20;867
1;2025-11-10;21;486
1;2025-11-10;22;155
1;2025-11-10;23;19
1;2025-11-11;0;2
1;2025-11-11;1;0
1;2025-11-11;2;0
1;2025-11-11;3;0
1;2025-11-11;4;8
1;2025-11-11;5;119
1;2025-11-11;6;635
1;2025-11-11;7;1584
1;2025-11-11;8;2136
1;2025-11-11;9;1603
1;2025-11-11;10;1344
1;2025-11-11;11;1313
1;2025-11-11;12;1358
1;2025-11-11;13;1388
1;2025-11-11;14;1390
1;2025-11-11;15;1472
1;2025-11-11;16;1593
1;2025-11-11;17;1907
1;2025-11-11;18;1998
1;2025-11-11;19;1471
1;2025-11-11;20;884
1;2025-11-11;21;502
1;2025-11-11;22;171
1;2025-11-11;23;33
1;2025-11-12;0;3
1;2025-11-12;1;0
1;2025-11-12;2;0
1;2025-11-12;3;0
1;2025-11-12;4;9
1;2025-11-12;5;120
1;2025-11-12;6;635
1;2025-11-12;7;1586
1;2025-11-12;8;2130
1;2025-11-12;9;1595
1;2025-11-12;10;1348
1;2025-11-12;11;1316
1;2025-11-12;12;1363
1;2025-11-12;13;1393
1;2025-11-12;14;1394
1;2025-11-12;15;1473
1;2025-11-12;16;1594
1;2025-11-12;17;1927
1;2025-11-12;18;1994
1;2025-11-12;19;1470
1;2025-11-12;20;893
1;2025-11-12;21;504
1;2025-11-12;22;173
1;2025-11-12;23;36
1;2025-11-13;0;3
1;2025-11-13;1;0
1;2025-11-13;2;0
1;2025-11-13;3;0
1;2025-11-13;4;8
1;2025-11-13;5;122
1;2025-11-13;6;640
1;2025-11-13;7;1590
1;2025-11-13;8;2133
1;2025-11-13;9;1600
1;2025-11-13;10;1353
1;2025-11-13;11;1323
1;2025-11-13;12;1369
1;2025-11-13;13;1400
1;2025-11-13;14;1402
1;2025-11-13;15;1483
1;2025-11-13;16;1607
1;2025-11-13;17;1908
1;2025-11-13;18;1987
1;2025-11-13;19;1473
1;2025-11-13;20;895
1;2025-11-13;21;514
1;2025-11-13;22;180
1;2025-11-13;23;43
1;2025-11-14;0;3
1;2025-11-14;1;0
1;2025-11-14;2;0
1;2025-11-14;3;0
1;2025-11-14;4;8
1;2025-11-14;5;119
1;2025-11-14;6;625
1;2025-11-14;7;1578
1;2025-11-14;8;2115
1;2025-11-14;9;1577
1;2025-11-14;10;1340
1;2025-11-14;11;1313
1;2025-11-14;12;1364
1;2025-11-14;13;1448
1;2025-11-14;14;1467
1;2025-11-14;15;1546
1;2025-11-14;16;1672
1;2025-11-14;17;1871
1;2025-11-14;18;1764
1;2025-11-14;19;1298
1;2025-11-14;20;823
1;2025-11-14;21;504
1;2025-11-14;22;179
1;2025-11-14;23;54
1;2025-11-15;0;4
1;2025-11-15;1;0
1;2025-11-15;2;0
1;2025-11-15;3;0
1;2025-11-15;4;0
1;2025-11-15;5;25
1;2025-11-15;6;182
1;2025-11-15;7;381
1;2025-11-15;8;526
1;2025-11-15;9;637
1;2025-11-15;10;767
1;2025-11-15;11;835
1;2025-11-15;12;892
1;2025-11-15;13;943
1;2025-11-15;14;916
1;2025-11-15;15;907
1;2025-11-15;16;858
1;2025-11-15;17;759
1;2025-11-15;18;704
1;2025-11-15;19;599
1;2025-11-15;20;417
1;2025-11-15;21;300
1;2025-11-15;22;133
1;2025-11-15;23;34
1;2025-11-16;0;8
1;2025-11-16;1;0
1;2025-11-16;2;0
1;2025-11-16;3;0
1;2025-11-16;4;3
1;2025-11-16;5;15
1;2025-11-16;6;121
1;2025-11-16;7;263
1;2025-11-16;8;391
1;2025-11-16;9;502
1;2025-11-16;10;638
1;2025-11-16;11;715
1;2025-11-16;12;780
1;2025-11-16;13;832
1;2025-11-16;14;805
1;2025-11-16;15;796
1;2025-11-16;16;765
1;2025-11-16;17;642
1;2025-11-16;18;577
1;2025-11-16;19;495
1;2025-11-16;20;332
1;2025-11-16;21;253
1;2025-11-16;22;110
1;2025-11-16;23;18
1;2025-11-17;0;1
1;2025-11-17;1;0
1;2025-11-17;2;0
1;2025-11-17;3;0
1;2025-11-17;4;7
1;2025-11-17;5;113
1;2025-11-17;6;621
1;2025-11-17;7;1570
1;2025-11-17;8;2112
1;2025-11-17;9;1576
1;2025-11-17;10;1323
1;2025-11-17;11;1290
1;2025-11-17;12;1337
1;2025-11-17;13;1368
1;2025-11-17;14;1370
1;2025-11-17;15;1451
1;2025-11-17;16;1577
1;2025-11-17;17;1897
1;2025-11-17;18;1964
1;2025-11-17;19;1466
1;2025-11-17;20;867
1;2025-11-17;21;486
1;2025-11-17;22;155
1;2025-11-17;23;19
1;2025-11-18;0;2
1;2025-11-18;1;0
1;2025-11-18;2;0
1;2025-11-18;3;0
1;2025-11-18;4;8
1;2025-11-18;5;119
1;2025-11-18;6;635
1;2025-11-18;7;1584
1;2025-11-18;8;2136
1;2025-11-18;9;1603
1;2025-11-18;10;1344
1;2025-11-18;11;1313
1;2025-11-18;12;1358
1;2025-11-18;13;1388
1;2025-11-18;14;1390
1;2025-11-18;15;1472
1;2025-11-18;16;1593
1;2025-11-18;17;1907
1;2025-11-18;18;1998
1;2025-11-18;19;1471
1;2025-11-18;20;884
1;2025-11-18;21;502
1;2025-11-18;22;171
1;2025-11-18;23;33
1;2025-11-19;0;3
1;2025-11-19;1;0
1;2025-11-19;2;0
1;2025-11-19;3;0
1;2025-11-19;4;9
1;2025-11-19;5;120
1;2025-11-19;6;635
1;2025-11-19;7;1586
1;2025-11-19;8;2130
1;2025-11-19;9;1595
1;2025-11-19;10;1348
1;2025-11-19;11;1316
1;2025-11-19;12;1363
1;2025-11-19;13;1393
1;2025-11-19;14;1394
1;2025-11-19;15;1473
1;2025-11-19;16;1594
1;2025-11-19;17;1927
1;2025-11-19;18;1994
1;2025-11-19;19;1470
1;2025-11-19;20;893
1;2025-11-19;21;504
1;2025-11-19;22;173
1;2025-11-19;23;36
1;2025-11-20;0;3
1;2025-11-20;1;0
1;2025-11-20;2;0
1;2025-11-20;3;0
1;2025-11-20;4;8
1;2025-11-20;5;122
1;2025-11-20;6;640
1;2025-11-20;7;1590
1;2025-11-20;8;2133
1;2025-11-20;9;1600
1;2025-11-20;10;1353
1;2025-11-20;11;1323
1;2025-11-20;12;1369
1;2025-11-20;13;1400
1;2025-11-20;14;1402
1;2025-11-20;15;1483
1;2025-11-20;16;1607
1;2025-11-20;17;1908
1;2025-11-20;18;1987
1;2025-11-20;19;1473
1;2025-11-20;20;895
1;2025-11-20;21;514
1;2025-11-20;22;180
1;2025-11-20;23;43
1;2025-11-21;0;3
1;2025-11-21;1;0
1;2025-11-21;2;0
1;2025-11-21;3;0
1;2025-11-21;4;8
1;2025-11-21;5;119
1;2025-11-21;6;625
1;2025-11-21;7;1578
1;2025-11-21;8;2115
1;2025-11-21;9;1577
1;2025-11-21;10;1340
1;2025-11-21;11;1313
1;2025-11-21;12;1364
1;2025-11-21;13;1448
1;2025-11-21;14;1467
1;2025-11-21;15;1546
1;2025-11-21;16;1672
1;2025-11-21;17;1871
1;2025-11-21;18;1764
1;2025-11-21;19;1298
1;2025-11-21;20;823
1;2025-11-21;21;504
1;2025-11-21;22;179
1;2025-11-21;23;54
1;2025-11-22;0;4
1;2025-11-22;1;0
1;2025-11-22;2;0
1;2025-11-22;3;0
1;2025-11-22;4;0
1;2025-11-22;5;25
1;2025-11-22;6;182
1;2025-11-22;7;381
1;2025-11-22;8;526
1;2025-11-22;9;637
1;2025-11-22;10;767
1;2025-11-22;11;835
1;2025-11-22;12;892
1;2025-11-22;13;943
1;2025-11-22;14;916
1;2025-11-22;15;907
1;2025-11-22;16;858
1;2025-11-22;17;759
1;2025-11-22;18;704
1;2025-11-22;19;599
1;2025-11-22;20;417
1;2025-11-22;21;300
1;2025-11-22;22;133
1;2025-11-22;23;34
1;2025-11-23;0;8
1;2025-11-23;1;0
1;2025-11-23;2;0
1;2025-11-23;3;0
1;2025-11-23;4;3
1;2025-11-23;5;15
1;2025-11-23;6;121
1;2025-11-23;7;263
1;2025-11-23;8;391
1;2025-11-23;9;502
1;2025-11-23;10;638
1;2025-11-23;11;715
1;2025-11-23;12;780
1;2025-11-23;13;832
1;2025-11-23;14;805
1;2025-11-23;15;796
1;2025-11-23;16;765
1;2025-11-23;17;642
1;2025-11-23;18;577
1;2025-11-23;19;495
1;2025-11-23;20;332
1;2025-11-23;21;253
1;2025-11-23;22;110
1;2025-11-23;23;18
1;2025-11-24;0;1
1;2025-11-24;1;0
1;2025-11-24;2;0
1;2025-11-24;3;0
1;2025-11-24;4;7
1;2025-11-24;5;113
1;2025-11-24;6;621
1;2025-11-24;7;1570
1;2025-11-24;8;2112
1;2025-11-24;9;1576
1;2025-11-24;10;1323
1;2025-11-24;11;1290
1;2025-11-24;12;1337
1;2025-11-24;13;1368
1;2025-11-24;14;1370
1;2025-11-24;15;1451
1;2025-11-24;16;1577
1;2025-11-24;17;1897
1;2025-11-24;18;1964
1;2025-11-24;19;1466
1;2025-11-24;20;867
1;2025-11-24;21;486
1;2025-11-24;22;155
1;2025-11-24;23;19
1;2025-11-25;0;2
1;2025-11-25;1;0
1;2025-11-25;2;0
1;2025-11-25;3;0
1;2025-11-25;4;8
1;2025-11-25;5;119
1;2025-11-25;6;635
1;2025-11-25;7;1584
1;2025-11-25;8;2136
1;2025-11-25;9;1603
1;2025-11-25;10;1344
1;2025-11-25;11;1313
1;2025-11-25;12;1358
1;2025-11-25;13;1388
1;2025-11-25;14;1390
1;2025-11-25;15;1472
1;2025-11-25;16;1593
1;2025-11-25;17;1907
1;2025-11-25;18;1998
1;2025-11-25;19;1471
1;2025-11-25;20;884
1;2025-11-25;21;502
1;2025-11-25;22;171
1;2025-11-25;23;33
1;2025-11-26;0;3
1;2025-11-26;1;0
1;2025-11-26;2;0
1;2025-11-26;3;0
1;2025-11-26;4;9
1;2025-11-26;5;120
1;2025-11-26;6;635
1;2025-11-26;7;1586
1;2025-11-26;8;2130
1;2025-11-26;9;1595
1;2025-11-26;10;1348
1;2025-11-26;11;1316
1;2025-11-26;12;1363
1;2025-11-26;13;1393
1;2025-11-26;14;1394
1;2025-11-26;15;1473
1;2025-11-26;16;1594
1;2025-11-26;17;1927
1;2025-11-26;18;1994
1;2025-11-26;19;1470
1;2025-11-26;20;893
1;2025-11-26;21;504
1;2025-11-26;22;173
1;2025-11-26;23;36
1;2025-11-27;0;3
1;2025-11-27;1;0
1;2025-11-27;2;0
1;2025-11-27;3;0
1;2025-11-27;4;8
1;2025-11-27;5;122
1;2025-11-27;6;640
1;2025-11-27;7;1590
1;2025-11-27;8;2133
1;2025-11-27;9;1600
1;2025-11-27;10;1353
1;2025-11-27;11;1323
1;2025-11-27;12;1369
1;2025-11-27;13;1400
1;2025-11-27;14;1402
1;2025-11-27;15;1483
1;2025-11-27;16;1607
1;2025-11-27;17;1908
1;2025-11-27;18;1987
1;2025-11-27;19;1473
1;2025-11-27;20;895
1;2025-11-27;21;514
1;2025-11-27;22;180
1;2025-11-27;23;43
1;2025-11-28;0;3
1;2025-11-28;1;0
1;2025-11-28;2;0
1;2025-11-28;3;0
1;2025-11-28;4;8
1;2025-11-28;5;119
1;2025-11-28;6;625
1;2025-11-28;7;1578
1;2025-11-28;8;2115
1;2025-11-28;9;1577
1;2025-11-28;10;1340
1;2025-11-28;11;1313
1;2025-11-28;12;1364
1;2025-11-28;13;1448
1;2025-11-28;14;1467
1;2025-11-28;15;1546
1;2025-11-28;16;1672
1;2025-11-28;17;1871
1;2025-11-28;18;1764
1;2025-11-28;19;1298
1;2025-11-28;20;823
1;2025-11-28;21;504
1;2025-11-28;22;179
1;2025-11-28;23;54
1;2025-11-29;0;4
1;2025-11-29;1;0
1;2025-11-29;2;0
1;2025-11-29;3;0
1;2025-11-29;4;0
1;2025-11-29;5;25
1;2025-11-29;6;182
1;2025-11-29;7;381
1;2025-11-29;8;526
1;2025-11-29;9;637
1;2025-11-29;10;767
1;2025-11-29;11;835
1;2025-11-29;12;892
1;2025-11-29;13;943
1;2025-11-29;14;916
1;2025-11-29;15;907
1;2025-11-29;16;858
1;2025-11-29;17;759
1;2025-11-29;18;704
1;2025-11-29;19;599
1;2025-11-29;20;417
1;2025-11-29;21;300
1;2025-11-29;22;133
1;2025-11-29;23;34
1;2025-11-30;0;8
1;2025-11-30;1;0
1;2025-11-30;2;0
1;2025-11-30;3;0
1;2025-11-30;4;3
1;2025-11-30;5;15
1;2025-11-30;6;121
1;2025-11-30;7;263
1;2025-11-30;8;391
1;2025-11-30;9;502
1;2025-11-30;10;638
1;2025-11-30;11;715
1;2025-11-30;12;780
1;2025-11-30;13;832
1;2025-11-30;14;805
1;2025-11-30;15;796
1;2025-11-30;16;765
1;2025-11-30;17;642
1;2025-11-30;18;577
1;2025-11-30;19;495
1;2025-11-30;20;332
1;2025-11-30;21;253
1;2025-11-30;22;110
1;2025-11-30;23;18
1;2025-12-01;0;2
1;2025-12-01;1;0
1;2025-12-01;2;0
1;2025-12-01;3;0
1;2025-12-01;4;4
1;2025-12-01;5;113
1;2025-12-01;6;647
1;2025-12-01;7;1524
1;2025-12-01;8;2021
1;2025-12-01;9;1569
1;2025-12-01;10;1331
1;2025-12-01;11;1298
1;2025-12-01;12;1323
1;2025-12-01;13;1346
1;2025-12-01;14;1348
1;2025-12-01;15;1417
1;2025-12-01;16;1543
1;2025-12-01;17;1843
1;2025-12-01;18;1917
1;2025-12-01;19;1462
1;2025-12-01;20;872
1;2025-12-01;21;489
1;2025-12-01;22;166
1;2025-12-01;23;14
1;2025-12-02;0;3
1;2025-12-02;1;0
1;2025-12-02;2;0
1;2025-12-02;3;0
1;2025-12-02;4;8
1;2025-12-02;5;121
1;2025-12-02;6;661
1;2025-12-02;7;1540
1;2025-12-02;8;2048
1;2025-12-02;9;1600
1;2025-12-02;10;1355
1;2025-12-02;11;1324
1;2025-12-02;12;1349
1;2025-12-02;13;1371
1;2025-12-02;14;1372
1;2025-12-02;15;1440
1;2025-12-02;16;1562
1;2025-12-02;17;1855
1;2025-12-02;18;1947
1;2025-12-02;19;1468
1;2025-12-02;20;890
1;2025-12-02;21;505
1;2025-12-02;22;182
1;2025-12-02;23;28
1;2025-12-03;0;3
1;2025-12-03;1;0
1;2025-12-03;2;0
1;2025-12-03;3;0
1;2025-12-03;4;9
1;2025-12-03;5;121
1;2025-12-03;6;657
1;2025-12-03;7;1541
1;2025-12-03;8;2040
1;2025-12-03;9;1590
1;2025-12-03;10;1358
1;2025-12-03;11;1326
1;2025-12-03;12;1350
1;2025-12-03;13;1372
1;2025-12-03;14;1374
1;2025-12-03;15;1441
1;2025-12-03;16;1562
1;2025-12-03;17;1859
1;2025-12-03;18;1933
1;2025-12-03;19;1460
1;2025-12-03;20;893
1;2025-12-03;21;508
1;2025-12-03;22;185
1;2025-12-03;23;32
1;2025-12-04;0;4
1;2025-12-04;1;0
1;2025-12-04;2;0
1;2025-12-04;3;0
1;2025-12-04;4;9
1;2025-12-04;5;124
1;2025-12-04;6;667
1;2025-12-04;7;1546
1;2025-12-04;8;2045
1;2025-12-04;9;1597
1;2025-12-04;10;1365
1;2025-12-04;11;1334
1;2025-12-04;12;1358
1;2025-12-04;13;1381
1;2025-12-04;14;1383
1;2025-12-04;15;1452
1;2025-12-04;16;1577
1;2025-12-04;17;1858
1;2025-12-04;18;1944
1;2025-12-04;19;1471
1;2025-12-04;20;902
1;2025-12-04;21;519
1;2025-12-04;22;193
1;2025-12-04;23;40
1;2025-12-05;0;4
1;2025-12-05;1;0
1;2025-12-05;2;0
1;2025-12-05;3;0
1;2025-12-05;4;8
1;2025-12-05;5;120
1;2025-12-05;6;651
1;2025-12-05;7;1527
1;2025-12-05;8;2019
1;2025-12-05;9;1578
1;2025-12-05;10;1354
1;2025-12-05;11;1327
1;2025-12-05;12;1356
1;2025-12-05;13;1435
1;2025-12-05;14;1454
1;2025-12-05;15;1521
1;2025-12-05;16;1647
1;2025-12-05;17;1828
1;2025-12-05;18;1733
1;2025-12-05;19;1314
1;2025-12-05;20;842
1;2025-12-05;21;513
1;2025-12-05;22;196
1;2025-12-05;23;53
1;2025-12-06;0;6
1;2025-12-06;1;1
1;2025-12-06;2;0
1;2025-12-06;3;0
1;2025-12-06;4;0
1;2025-12-06;5;20
1;2025-12-06;6;191
1;2025-12-06;7;343
1;2025-12-06;8;472
1;2025-12-06;9;593
1;2025-12-06;10;733
1;2025-12-06;11;805
1;2025-12-06;12;869
1;2025-12-06;13;925
1;2025-12-06;14;898
1;2025-12-06;15;878
1;2025-12-06;16;825
1;2025-12-06;17;719
1;2025-12-06;18;670
1;2025-12-06;19;593
1;2025-12-06;20;414
1;2025-12-06;21;295
1;2025-12-06;22;134
1;2025-12-06;23;24
1;2025-12-07;0;9
1;2025-12-07;1;1
1;2025-12-07;2;0
1;2025-12-07;3;0
1;2025-12-07;4;4
1;2025-12-07;5;13
1;2025-12-07;6;125
1;2025-12-07;7;230
1;2025-12-07;8;338
1;2025-12-07;9;475
1;2025-12-07;10;631
1;2025-12-07;11;711
1;2025-12-07;12;791
1;2025-12-07;13;849
1;2025-12-07;14;822
1;2025-12-07;15;799
1;2025-12-07;16;766
1;2025-12-07;17;640
1;2025-12-07;18;579
1;2025-12-07;19;492
1;2025-12-07;20;334
1;2025-12-07;21;247
1;2025-12-07;22;109
1;2025-12-07;23;4
1;2025-12-08;0;2
1;2025-12-08;1;0
1;2025-12-08;2;0
1;2025-12-08;3;0
1;2025-12-08;4;4
1;2025-12-08;5;113
1;2025-12-08;6;647
1;2025-12-08;7;1524
1;2025-12-08;8;2021
1;2025-12-08;9;1569
1;2025-12-08;10;1331
1;2025-12-08;11;1298
1;2025-12-08;12;1323
1;2025-12-08;13;1346
1;2025-12-08;14;1348
1;2025-12-08;15;1417
1;2025-12-08;16;1543
1;2025-12-08;17;1843
1;2025-12-08;18;1917
1;2025-12-08;19;1462
1;2025-12-08;20;872
1;2025-12-08;21;489
1;2025-12-08;22;166
1;2025-12-08;23;14
1;2025-12-09;0;3
1;2025-12-09;1;0
1;2025-12-09;2;0
1;2025-12-09;3;0
1;2025-12-09;4;8
1;2025-12-09;5;121
1;2025-12-09;6;661
1;2025-12-09;7;1540
1;2025-12-09;8;2048
1;2025-12-09;9;1600
1;2025-12-09;10;1355
1;2025-12-09;11;1324
1;2025-12-09;12;1349
1;2025-12-09;13;1371
1;2025-12-09;14;1372
1;2025-12-09;15;1440
1;2025-12-09;16;1562
1;2025-12-09;17;1855
1;2025-12-09;18;1947
1;2025-12-09;19;1468
1;2025-12-09;20;890
1;2025-12-09;21;505
1;2025-12-09;22;182
1;2025-12-09;23;28
1;2025-12-10;0;3
1;2025-12-10;1;0
1;2025-12-10;2;0
1;2025-12-10;3;0
1;2025-12-10;4;9
1;2025-12-10;5;121
1;2025-12-10;6;657
1;2025-12-10;7;1541
1;2025-12-10;8;2040
1;2025-12-10;9;1590
1;2025-12-10;10;1358
1;2025-12-10;11;1326
1;2025-12-10;12;1350
1;2025-12-10;13;1372
1;2025-12-10;14;1374
1;2025-12-10;15;1441
1;2025-12-10;16;1562
1;2025-12-10;17;1859
1;2025-12-10;18;1933
1;2025-12-10;19;1460
1;2025-12-10;20;893
1;2025-12-10;21;508
1;2025-12-10;22;185
1;2025-12-10;23;32
1;2025-12-11;0;4
1;2025-12-11;1;0
1;2025-12-11;2;0
1;2025-12-11;3;0
1;2025-12-11;4;9
1;2025-12-11;5;124
1;2025-12-11;6;667
1;2025-12-11;7;1546
1;2025-12-11;8;2045
1;2025-12-11;9;1597
1;2025-12-11;10;1365
1;2025-12-11;11;1334
1;2025-12-11;12;1358
1;2025-12-11;13;1381
1;2025-12-11;14;1383
1;2025-12-11;15;1452
1;2025-12-11;16;1577
1;2025-12-11;17;1858
1;2025-12-11;18;1944
1;2025-12-11;19;1471
1;2025-12-11;20;902
1;2025-12-11;21;519
1;2025-12-11;22;193
1;2025-12-11;23;40
1;2025-12-12;0;4
1;2025-12-12;1;0
1;2025-12-12;2;0
1;2025-12-12;3;0
1;2025-12-12;4;8
1;2025-12-12;5;120
1;2025-12-12;6;651
1;2025-12-12;7;1527
1;2025-12-12;8;2019
1;2025-12-12;9;1578
1;2025-12-12;10;1354
1;2025-12-12;11;1327
1;2025-12-12;12;1356
1;2025-12-12;13;1435
1;2025-12-12;14;1454
1;2025-12-12;15;1521
1;2025-12-12;16;1647
1;2025-12-12;17;1828
1;2025-12-12;18;1733
1;2025-12-12;19;1314
1;2025-12-12;20;842
1;2025-12-12;21;513
1;2025-12-12;22;196
1;2025-12-12;23;53
1;2025-12-13;0;6
1;2025-12-13;1;1
1;2025-12-13;2;0
1;2025-12-13;3;0
1;2025-12-13;4;0
1;2025-12-13;5;20
1;2025-12-13;6;191
1;2025-12-13;7;343
1;2025-12-13;8;472
1;2025-12-13;9;593
1;2025-12-13;10;733
1;2025-12-13;11;805
1;2025-12-13;12;869
1;2025-12-13;13;925
1;2025-12-13;14;898
1;2025-12-13;15;878
1;2025-12-13;16;825
1;2025-12-13;17;719
1;2025-12-13;18;670
1;2025-12-13;19;593
1;2025-12-13;20;414
1;2025-12-13;21;295
1;2025-12-13;22;134
1;2025-12-13;23;24
1;2025-12-14;0;9
1;2025-12-14;1;1
1;2025-12-14;2;0
1;2025-12-14;3;0
1;2025-12-14;4;4
1;2025-12-14;5;13
1;2025-12-14;6;125
1;2025-12-14;7;230
1;2025-12-14;8;338
1;2025-12-14;9;475
1;2025-12-14;10;631
1;2025-12-14;11;711
1;2025-12-14;12;791
1;2025-12-14;13;849
1;2025-12-14;14;822
1;2025-12-14;15;799
1;2025-12-14;16;766
1;2025-12-14;17;640
1;2025-12-14;18;579
1;2025-12-14;19;492
1;2025-12-14;20;334
1;2025-12-14;21;247
1;2025-12-14;22;109
1;2025-12-14;23;4
1;2025-12-15;0;2
1;2025-12-15;1;0
1;2025-12-15;2;0
1;2025-12-15;3;0
1;2025-12-15;4;4
1;2025-12-15;5;113
1;2025-12-15;6;647
1;2025-12-15;7;1524
1;2025-12-15;8;2021
1;2025-12-15;9;1569
1;2025-12-15;10;1331
1;2025-12-15;11;1298
1;2025-12-15;12;1323
1;2025-12-15;13;1346
1;2025-12-15;14;1348
1;2025-12-15;15;1417
1;2025-12-15;16;1543
1;2025-12-15;17;1843
1;2025-12-15;18;1917
1;2025-12-15;19;1462
1;2025-12-15;20;872
1;2025-12-15;21;489
1;2025-12-15;22;166
1;2025-12-15;23;14
1;2025-12-16;0;3
1;2025-12-16;1;0
1;2025-12-16;2;0
1;2025-12-16;3;0
1;2025-12-16;4;8
1;2025-12-16;5;121
1;2025-12-16;6;661
1;2025-12-16;7;1540
1;2025-12-16;8;2048
1;2025-12-16;9;1600
1;2025-12-16;10;1355
1;2025-12-16;11;1324
1;2025-12-16;12;1349
1;2025-12-16;13;1371
1;2025-12-16;14;1372
1;2025-12-16;15;1440
1;2025-12-16;16;1562
1;2025-12-16;17;1855
1;2025-12-16;18;1947
1;2025-12-16;19;1468
1;2025-12-16;20;890
1;2025-12-16;21;505
1;2025-12-16;22;182
1;2025-12-16;23;28
1;2025-12-17;0;3
1;2025-12-17;1;0
1;2025-12-17;2;0
1;2025-12-17;3;0
1;2025-12-17;4;9
1;2025-12-17;5;121
1;2025-12-17;6;657
1;2025-12-17;7;1541
1;2025-12-17;8;2040
1;2025-12-17;9;1590
1;2025-12-17;10;1358
1;2025-12-17;11;1326
1;2025-12-17;12;1350
1;2025-12-17;13;1372
1;2025-12-17;14;1374
1;2025-12-17;15;1441
1;2025-12-17;16;1562
1;2025-12-17;17;1859
1;2025-12-17;18;1933
1;2025-12-17;19;1460
1;2025-12-17;20;893
1;2025-12-17;21;508
1;2025-12-17;22;185
1;2025-12-17;23;32
1;2025-12-18;0;4
1;2025-12-18;1;0
1;2025-12-18;2;0
1;2025-12-18;3;0
1;2025-12-18;4;9
1;2025-12-18;5;124
1;2025-12-18;6;667
1;2025-12-18;7;1546
1;2025-12-18;8;2045
1;2025-12-18;9;1597
1;2025-12-18;10;1365
1;2025-12-18;11;1334
1;2025-12-18;12;1358
1;2025-12-18;13;1381
1;2025-12-18;14;1383
1;2025-12-18;15;1452
1;2025-12-18;16;1577
1;2025-12-18;17;1858
1;2025-12-18;18;1944
1;2025-12-18;19;1471
1;2025-12-18;20;902
1;2025-12-18;21;519
1;2025-12-18;22;193
1;2025-12-18;23;40
1;2025-12-19;0;4
1;2025-12-19;1;0
1;2025-12-19;2;0
1;2025-12-19;3;0
1;2025-12-19;4;8
1;2025-12-19;5;120
1;2025-12-19;6;651
1;2025-12-19;7;1527
1;2025-12-19;8;2019
1;2025-12-19;9;1578
1;2025-12-19;10;1354
1;2025-12-19;11;1327
1;2025-12-19;12;1356
1;2025-12-19;13;1435
1;2025-12-19;14;1454
1;2025-12-19;15;1521
1;2025-12-19;16;1647
1;2025-12-19;17;1828
1;2025-12-19;18;1733
1;2025-12-19;19;1314
1;2025-12-19;20;842
1;2025-12-19;21;513
1;2025-12-19;22;196
1;2025-12-19;23;53
1;2025-12-20;0;6
1;2025-12-20;1;1
1;2025-12-20;2;0
1;2025-12-20;3;0
1;2025-12-20;4;0
1;2025-12-20;5;20
1;2025-12-20;6;191
1;2025-12-20;7;343
1;2025-12-20;8;472
1;2025-12-20;9;593
1;2025-12-20;10;733
1;2025-12-20;11;805
1;2025-12-20;12;869
1;2025-12-20;13;925
1;2025-12-20;14;898
1;2025-12-20;15;878
1;2025-12-20;16;825
1;2025-12-20;17;719
1;2025-12-20;18;670
1;2025-12-20;19;593
1;2025-12-20;20;414
1;2025-12-20;21;295
1;2025-12-20;22;134
1;2025-12-20;23;24
1;2025-12-21;0;9
1;2025-12-21;1;1
1;2025-12-21;2;0
1;2025-12-21;3;0
1;2025-12-21;4;4
1;2025-12-21;5;13
1;2025-12-21;6;125
1;2025-12-21;7;230
1;2025-12-21;8;338
1;2025-12-21;9;475
1;2025-12-21;10;631
1;2025-12-21;11;711
1;2025-12-21;12;791
1;2025-12-21;13;849
1;2025-12-21;14;822
1;2025-12-21;15;799
1;2025-12-21;16;766
1;2025-12-21;17;640
1;2025-12-21;18;579
1;2025-12-21;19;492
1;2025-12-21;20;334
1;2025-12-21;21;247
1;2025-12-21;22;109
1;2025-12-21;23;4
1;2025-12-22;0;2
1;2025-12-22;1;0
1;2025-12-22;2;0
1;2025-12-22;3;0
1;2025-12-22;4;4
1;2025-12-22;5;113
1;2025-12-22;6;647
1;2025-12-22;7;1524
1;2025-12-22;8;2021
1;2025-12-22;9;1569
1;2025-12-22;10;1331
1;2025-12-22;11;1298
1;2025-12-22;12;1323
1;2025-12-22;13;1346
1;2025-12-22;14;1348
1;2025-12-22;15;1417
1;2025-12-22;16;1543
1;2025-12-22;17;1843
1;2025-12-22;18;1917
1;2025-12-22;19;1462
1;2025-12-22;20;872
1;2025-12-22;21;489
1;2025-12-22;22;166
1;2025-12-22;23;14
1;2025-12-23;0;3
1;2025-12-23;1;0
1;2025-12-23;2;0
1;2025-12-23;3;0
1;2025-12-23;4;8
1;2025-12-23;5;121
1;2025-12-23;6;661
1;2025-12-23;7;1540
1;2025-12-23;8;2048
1;2025-12-23;9;1600
1;2025-12-23;10;1355
1;2025-12-23;11;1324
1;2025-12-23;12;1349
1;2025-12-23;13;1371
1;2025-12-23;14;1372
1;2025-12-23;15;1440
1;2025-12-23;16;1562
1;2025-12-23;17;1855
1;2025-12-23;18;1947
1;2025-12-23;19;1468
1;2025-12-23;20;890
1;2025-12-23;21;505
1;2025-12-23;22;182
1;2025-12-23;23;28
1;2025-12-24;0;3
1;2025-12-24;1;0
1;2025-12-24;2;0
1;2025-12-24;3;0
1;2025-12-24;4;9
1;2025-12-24;5;121
1;2025-12-24;6;657
1;2025-12-24;7;1541
1;2025-12-24;8;2040
1;2025-12-24;9;1590
1;2025-12-24;10;1358
1;2025-12-24;11;1326
1;2025-12-24;12;1350
1;2025-12-24;13;1372
1;2025-12-24;14;1374
1;2025-12-24;15;1441
1;2025-12-24;16;1562
1;2025-12-24;17;1859
1;2025-12-24;18;1933
1;2025-12-24;19;1460
1;2025-12-24;20;893
1;2025-12-24;21;508
1;2025-12-24;22;185
1;2025-12-24;23;32
1;2025-12-25;0;4
1;2025-12-25;1;0
1;2025-12-25;2;0
1;2025-12-25;3;0
1;2025-12-25;4;9
1;2025-12-25;5;124
1;2025-12-25;6;667
1;2025-12-25;7;1546
1;2025-12-25;8;2045
1;2025-12-25;9;1597
1;2025-12-25;10;1365
1;2025-12-25;11;1334
1;2025-12-25;12;1358
1;2025-12-25;13;1381
1;2025-12-25;14;1383
1;2025-12-25;15;1452
1;2025-12-25;16;1577
1;2025-12-25;17;1858
1;2025-12-25;18;1944
1;2025-12-25;19;1471
1;2025-12-25;20;902
1;2025-12-25;21;519
1;2025-12-25;22;193
1;2025-12-25;23;40
1;2025-12-26;0;4
1;2025-12-26;1;0
1;2025-12-26;2;0
1;2025-12-26;3;0
1;2025-12-26;4;8
1;2025-12-26;5;120
1;2025-12-26;6;651
1;2025-12-26;7;1527
1;2025-12-26;8;2019
1;2025-12-26;9;1578
1;2025-12-26;10;1354
1;2025-12-26;11;1327
1;2025-12-26;12;1356
1;2025-12-26;13;1435
1;2025-12-26;14;1454
1;2025-12-26;15;1521
1;2025-12-26;16;1647
1;2025-12-26;17;1828
1;2025-12-26;18;1733
1;2025-12-26;19;1314
1;2025-12-26;20;842
1;2025-12-26;21;513
1;2025-12-26;22;196
1;2025-12-26;23;53
1;2025-12-27;0;6
1;2025-12-27;1;1
1;2025-12-27;2;0
1;2025-12-27;3;0
1;2025-12-27;4;0
1;2025-12-27;5;20
1;2025-12-27;6;191
1;2025-12-27;7;343
1;2025-12-27;8;472
1;2025-12-27;9;593
1;2025-12-27;10;733
1;2025-12-27;11;805
1;2025-12-27;12;869
1;2025-12-27;13;925
1;2025-12-27;14;898
1;2025-12-27;15;878
1;2025-12-27;16;825
1;2025-12-27;17;719
1;2025-12-27;18;670
1;2025-12-27;19;593
1;2025-12-27;20;414
1;2025-12-27;21;295
1;2025-12-27;22;134
1;2025-12-27;23;24
1;2025-12-28;0;9
1;2025-12-28;1;1
1;2025-12-28;2;0
1;2025-12-28;3;0
1;2025-12-28;4;4
1;2025-12-28;5;13
1;2025-12-28;6;125
1;2025-12-28;7;230
1;2025-12-28;8;338
1;2025-12-28;9;475
1;2025-12-28;10;631
1;2025-12-28;11;711
1;2025-12-28;12;791
1;2025-12-28;13;849
1;2025-12-28;14;822
1;2025-12-28;15;799
1;2025-12-28;16;766
1;2025-12-28;17;640
1;2025-12-28;18;579
1;2025-12-28;19;492
1;2025-12-28;20;334
1;2025-12-28;21;247
1;2025-12-28;22;109
1;2025-12-28;23;4
1;2025-12-29;0;2
1;2025-12-29;1;0
1;2025-12-29;2;0
1;2025-12-29;3;0
1;2025-12-29;4;4
1;2025-12-29;5;113
1;2025-12-29;6;647
1;2025-12-29;7;1524
1;2025-12-29;8;2021
1;2025-12-29;9;1569
1;2025-12-29;10;1331
1;2025-12-29;11;1298
1;2025-12-29;12;1323
1;2025-12-29;13;1346
1;2025-12-29;14;1348
1;2025-12-29;15;1417
1;2025-12-29;16;1543
1;2025-12-29;17;1843
1;2025-12-29;18;1917
1;2025-12-29;19;1462
1;2025-12-29;20;872
1;2025-12-29;21;489
1;2025-12-29;22;166
1;2025-12-29;23;14
1;2025-12-30;0;3
1;2025-12-30;1;0
1;2025-12-30;2;0
1;2025-12-30;3;0
1;2025-12-30;4;8
1;2025-12-30;5;121
1;2025-12-30;6;661
1;2025-12-30;7;1540
1;2025-12-30;8;2048
1;2025-12-30;9;1600
1;2025-12-30;10;1355
1;2025-12-30;11;1324
1;2025-12-30;12;1349
1;2025-12-30;13;1371
1;2025-12-30;14;1372
1;2025-12-30;15;1440
1;2025-12-30;16;1562
1;2025-12-30;17;1855
1;2025-12-30;18;1947
1;2025-12-30;19;1468
1;2025-12-30;20;890
1;2025-12-30;21;505
1;2025-12-30;22;182
1;2025-12-30;23;28
1;2025-12-31;0;3
1;2025-12-31;1;0
1;2025-12-31;2;0
1;2025-12-31;3;0
1;2025-12-31;4;0
1;2025-12-31;5;17
1;2025-12-31;6;138
1;2025-12-31;7;263
1;2025-12-31;8;478
1;2025-12-31;9;503
1;2025-12-31;10;637
1;2025-12-31;11;704
1;2025-12-31;12;768
1;2025-12-31;13;825
1;2025-12-31;14;797
1;2025-12-31;15;783
1;2025-12-31;16;749
1;2025-12-31;17;668
1;2025-12-31;18;623
1;2025-12-31;19;527
1;2025-12-31;20;333
1;2025-12-31;21;251
1;2025-12-31;22;91
1;2025-12-31;23;0
5;2025-11-01;0;0
5;2025-11-01;1;0
5;2025-11-01;2;0
5;2025-11-01;3;0
5;2025-11-01;4;0
5;2025-11-01;5;0
5;2025-11-01;6;0
5;2025-11-01;7;0
5;2025-11-01;8;0
5;2025-11-01;9;0
5;2025-11-01;10;0
5;2025-11-01;11;0
5;2025-11-01;12;0
5;2025-11-01;13;0
5;2025-11-01;14;0
5;2025-11-01;15;0
5;2025-11-01;16;0
5;2025-11-01;17;0
5;2025-11-01;18;0
5;2025-11-01;19;0
5;2025-11-01;20;0
5;2025-11-01;21;0
5;2025-11-01;22;0
5;2025-11-01;23;0
5;2025-11-02;0;0
5;2025-11-02;1;0
5;2025-11-02;2;0
5;2025-11-02;3;0
5;2025-11-02;4;0
5;2025-11-02;5;0
5;2025-11-02;6;0
5;2025-11-02;7;0
5;2025-11-02;8;0
5;2025-11-02;9;0
5;2025-11-02;10;0
5;2025-11-02;11;0
5;2025-11-02;12;0
5;2025-11-02;13;0
5;2025-11-02;14;0
5;2025-11-02;15;0
5;2025-11-02;16;0
5;2025-11-02;17;0
5;2025-11-02;18;0
5;2025-11-02;19;0
5;2025-11-02;20;0
5;2025-11-02;21;0
5;2025-11-02;22;0
5;2025-11-02;23;0
5;2025-11-03;0;0
5;2025-11-03;1;0
5;2025-11-03;2;0
5;2025-11-03;3;0
5;2025-11-03;4;0
5;2025-11-03;5;0
5;2025-11-03;6;0
5;2025-11-03;7;0
5;2025-11-03;8;0
5;2025-11-03;9;0
5;2025-11-03;10;0
5;2025-11-03;11;0
5;2025-11-03;12;0
5;2025-11-03;13;0
5;2025-11-03;14;0
5;2025-11-03;15;0
5;2025-11-03;16;0
5;2025-11-03;17;0
5;2025-11-03;18;0
5;2025-11-03;19;0
5;2025-11-03;20;0
5;2025-11-03;21;0
5;2025-11-03;22;0
5;2025-11-03;23;0
5;2025-11-04;0;0
5;2025-11-04;1;0
5;2025-11-04;2;0
5;2025-11-04;3;0
5;2025-11-04;4;0
5;2025-11-04;5;0
5;2025-11-04;6;0
5;2025-11-04;7;0
5;2025-11-04;8;0
5;2025-11-04;9;0
5;2025-11-04;10;0
5;2025-11-04;11;0
5;2025-11-04;12;0
5;2025-11-04;13;0
5;2025-11-04;14;0
5;2025-11-04;15;0
5;2025-11-04;16;0
5;2025-11-04;17;0
5;2025-11-04;18;0
5;2025-11-04;19;0
5;2025-11-04;20;0
5;2025-11-04;21;0
5;2025-11-04;22;0
5;2025-11-04;23;0
5;2025-11-05;0;0
5;2025-11-05;1;0
5;2025-11-05;2;0
5;2025-11-05;3;0
5;2025-11-05;4;0
5;2025-11-05;5;0
5;2025-11-05;6;0
5;2025-11-05;7;0
5;2025-11-05;8;0
5;2025-11-05;9;0
5;2025-11-05;10;0
5;2025-11-05;11;0
5;2025-11-05;12;0
5;2025-11-05;13;0
5;2025-11-05;14;0
5;2025-11-05;15;0
5;2025-11-05;16;0
5;2025-11-05;17;0
5;2025-11-05;18;0
5;2025-11-05;19;0
5;2025-11-05;20;0
5;2025-11-05;21;0
5;2025-11-05;22;0
5;2025-11-05;23;0
5;2025-11-06;0;0
5;2025-11-06;1;0
5;2025-11-06;2;0
5;2025-11-06;3;0
5;2025-11-06;4;0
5;2025-11-06;5;0
5;2025-11-06;6;0
5;2025-11-06;7;0
5;2025-11-06;8;0
5;2025-11-06;9;0
5;2025-11-06;10;0
5;2025-11-06;11;0
5;2025-11-06;12;0
5;2025-11-06;13;0
5;2025-11-06;14;0
5;2025-11-06;15;0
5;2025-11-06;16;0
5;2025-11-06;17;0
5;2025-11-06;18;0
5;2025-11-06;19;0
5;2025-11-06;20;0
5;2025-11-06;21;0
5;2025-11-06;22;0
5;2025-11-06;23;0
5;2025-11-07;0;0
5;2025-11-07;1;0
5;2025-11-07;2;0
5;2025-11-07;3;0
5;2025-11-07;4;0
5;2025-11-07;5;0
5;2025-11-07;6;0
5;2025-11-07;7;0
5;2025-11-07;8;0
5;2025-11-07;9;0
5;2025-11-07;10;0
5;2025-11-07;11;0
5;2025-11-07;12;0
5;2025-11-07;13;0
5;2025-11-07;14;0
5;2025-11-07;15;0
5;2025-11-07;16;0
5;2025-11-07;17;0
5;2025-11-07;18;0
5;2025-11-07;19;0
5;2025-11-07;20;0
5;2025-11-07;21;0
5;2025-11-07;22;0
5;2025-11-07;23;0
5;2025-11-08;0;0
5;2025-11-08;1;0
5;2025-11-08;2;0
5;2025-11-08;3;0
5;2025-11-08;4;0
5;2025-11-08;5;0
5;2025-11-08;6;0
5;2025-11-08;7;0
5;2025-11-08;8;0
5;2025-11-08;9;0
5;2025-11-08;10;0
5;2025-11-08;11;0
5;2025-11-08;12;0
5;2025-11-08;13;0
5;2025-11-08;14;0
5;2025-11-08;15;0
5;2025-11-08;16;0
5;2025-11-08;17;0
5;2025-11-08;18;0
5;2025-11-08;19;0
5;2025-11-08;20;0
5;2025-11-08;21;0
5;2025-11-08;22;0
5;2025-11-08;23;0
5;2025-11-09;0;0
5;2025-11-09;1;0
5;2025-11-09;2;0
5;2025-11-09;3;0
5;2025-11-09;4;0
5;2025-11-09;5;0
5;2025-11-09;6;0
5;2025-11-09;7;0
5;2025-11-09;8;0
5;2025-11-09;9;0
5;2025-11-09;10;0
5;2025-11-09;11;0
5;2025-11-09;12;0
5;2025-11-09;13;0
5;2025-11-09;14;0
5;2025-11-09;15;0
5;2025-11-09;16;0
5;2025-11-09;17;0
5;2025-11-09;18;0
5;2025-11-09;19;0
5;2025-11-09;20;0
5;2025-11-09;21;0
5;2025-11-09;22;0
5;2025-11-09;23;0
5;2025-11-10;0;0
5;2025-11-10;1;0
5;2025-11-10;2;0
5;2025-11-10;3;0
5;2025-11-10;4;0
5;2025-11-10;5;0
5;2025-11-10;6;0
5;2025-11-10;7;0
5;2025-11-10;8;0
5;2025-11-10;9;0
5;2025-11-10;10;0
5;2025-11-10;11;0
5;2025-11-10;12;0
5;2025-11-10;13;0
5;2025-11-10;14;0
5;2025-11-10;15;0
5;2025-11-10;16;0
5;2025-11-10;17;0
5;2025-11-10;18;0
5;2025-11-10;19;0
5;2025-11-10;20;0
5;2025-11-10;21;0
5;2025-11-10;22;0
5;2025-11-10;23;0
5;2025-11-11;0;0
5;2025-11-11;1;0
5;2025-11-11;2;0
5;2025-11-11;3;0
5;2025-11-11;4;0
5;2025-11-11;5;0
5;2025-11-11;6;0
5;2025-11-11;7;0
5;2025-11-11;8;0
5;2025-11-11;9;0
5;2025-11-11;10;0
5;2025-11-11;11;0
5;2025-11-11;12;0
5;2025-11-11;13;0
5;2025-11-11;14;0
5;2025-11-11;15;0
5;2025-11-11;16;0
5;2025-11-11;17;0
5;2025-11-11;18;0
5;2025-11-11;19;0
5;2025-11-11;20;0
5;2025-11-11;21;0
5;2025-11-11;22;0
5;2025-11-11;23;0
5;2025-11-12;0;0
5;2025-11-12;1;0
5;2025-11-12;2;0
5;2025-11-12;3;0
5;2025-11-12;4;0
5;2025-11-12;5;0
5;2025-11-12;6;0
5;2025-11-12;7;0
5;2025-11-12;8;0
5;2025-11-12;9;0
5;2025-11-12;10;0
5;2025-11-12;11;0
5;2025-11-12;12;0
5;2025-11-12;13;0
5;2025-11-12;14;0
5;2025-11-12;15;0
5;2025-11-12;16;0
5;2025-11-12;17;0
5;2025-11-12;18;0
5;2025-11-12;19;0
5;2025-11-12;20;0
5;2025-11-12;21;0
5;2025-11-12;22;0
5;2025-11-12;23;0
5;2025-11-13;0;0
5;2025-11-13;1;0
5;2025-11-13;2;0
5;2025-11-13;3;0
5;2025-11-13;4;0
5;2025-11-13;5;0
5;2025-11-13;6;0
5;2025-11-13;7;0
5;2025-11-13;8;0
5;2025-11-13;9;0
5;2025-11-13;10;0
5;2025-11-13;11;0
5;2025-11-13;12;0
5;2025-11-13;13;0
5;2025-11-13;14;0
5;2025-11-13;15;0
5;2025-11-13;16;0
5;2025-11-13;17;0
5;2025-11-13;18;0
5;2025-11-13;19;0
5;2025-11-13;20;0
5;2025-11-13;21;0
5;2025-11-13;22;0
5;2025-11-13;23;0
5;2025-11-14;0;0
5;2025-11-14;1;0
5;2025-11-14;2;0
5;2025-11-14;3;0
5;2025-11-14;4;0
5;2025-11-14;5;0
5;2025-11-14;6;0
5;2025-11-14;7;0
5;2025-11-14;8;0
5;2025-11-14;9;0
5;2025-11-14;10;0
5;2025-11-14;11;0
5;2025-11-14;12;0
5;2025-11-14;13;0
5;2025-11-14;14;0
5;2025-11-14;15;0
5;2025-11-14;16;0
5;2025-11-14;17;0
5;2025-11-14;18;0
5;2025-11-14;19;0
5;2025-11-14;20;0
5;2025-11-14;21;0
5;2025-11-14;22;0
5;2025-11-14;23;0
5;2025-11-15;0;0
5;2025-11-15;1;0
5;2025-11-15;2;0
5;2025-11-15;3;0
5;2025-11-15;4;0
5;2025-11-15;5;0
5;2025-11-15;6;0
5;2025-11-15;7;0
5;2025-11-15;8;0
5;2025-11-15;9;0
5;2025-11-15;10;0
5;2025-11-15;11;0
5;2025-11-15;12;0
5;2025-11-15;13;0
5;2025-11-15;14;0
5;2025-11-15;15;0
5;2025-11-15;16;0
5;2025-11-15;17;0
5;2025-11-15;18;0
5;2025-11-15;19;0
5;2025-11-15;20;0
5;2025-11-15;21;0
5;2025-11-15;22;0
5;2025-11-15;23;0
5;2025-11-16;0;0
5;2025-11-16;1;0
5;2025-11-16;2;0
5;2025-11-16;3;0
5;2025-11-16;4;0
5;2025-11-16;5;0
5;2025-11-16;6;0
5;2025-11-16;7;0
5;2025-11-16;8;0
5;2025-11-16;9;0
5;2025-11-16;10;0
5;2025-11-16;11;0
5;2025-11-16;12;0
5;2025-11-16;13;0
5;2025-11-16;14;0
5;2025-11-16;15;0
5;2025-11-16;16;0
5;2025-11-16;17;0
5;2025-11-16;18;0
5;2025-11-16;19;0
5;2025-11-16;20;0
5;2025-11-16;21;0
5;2025-11-16;22;0
5;2025-11-16;23;0
5;2025-11-17;0;0
5;2025-11-17;1;0
5;2025-11-17;2;0
5;2025-11-17;3;0
5;2025-11-17;4;0
5;2025-11-17;5;0
5;2025-11-17;6;0
5;2025-11-17;7;0
5;2025-11-17;8;0
5;2025-11-17;9;0
5;2025-11-17;10;0
5;2025-11-17;11;0
5;2025-11-17;12;0
5;2025-11-17;13;0
5;2025-11-17;14;0
5;2025-11-17;15;0
5;2025-11-17;16;0
5;2025-11-17;17;0
5;2025-11-17;18;0
5;2025-11-17;19;0
5;2025-11-17;20;0
5;2025-11-17;21;0
5;2025-11-17;22;0
5;2025-11-17;23;0
5;2025-11-18;0;0
5;2025-11-18;1;0
5;2025-11-18;2;0
5;2025-11-18;3;0
5;2025-11-18;4;0
5;2025-11-18;5;0
5;2025-11-18;6;0
5;2025-11-18;7;0
5;2025-11-18;8;0
5;2025-11-18;9;0
5;2025-11-18;10;0
5;2025-11-18;11;0
5;2025-11-18;12;0
5;2025-11-18;13;0
5;2025-11-18;14;0
5;2025-11-18;15;0
5;2025-11-18;16;0
5;2025-11-18;17;0
5;2025-11-18;18;0
5;2025-11-18;19;0
5;2025-11-18;20;0
5;2025-11-18;21;0
5;2025-11-18;22;0
5;2025-11-18;23;0
5;2025-11-19;0;0
5;2025-11-19;1;0
5;2025-11-19;2;0
5;2025-11-19;3;0
5;2025-11-19;4;0
5;2025-11-19;5;0
5;2025-11-19;6;0
5;2025-11-19;7;0
5;2025-11-19;8;0
5;2025-11-19;9;0
5;2025-11-19;10;0
5;2025-11-19;11;0
5;2025-11-19;12;0
5;2025-11-19;13;0
5;2025-11-19;14;0
5;2025-11-19;15;0
5;2025-11-19;16;0
5;2025-11-19;17;0
5;2025-11-19;18;0
5;2025-11-19;19;0
5;2025-11-19;20;0
5;2025-11-19;21;0
5;2025-11-19;22;0
5;2025-11-19;23;0
5;2025-11-20;0;0
5;2025-11-20;1;0
5;2025-11-20;2;0
5;2025-11-20;3;0
5;2025-11-20;4;0
5;2025-11-20;5;0
5;2025-11-20;6;0
5;2025-11-20;7;0
5;2025-11-20;8;0
5;2025-11-20;9;0
5;2025-11-20;10;0
5;2025-11-20;11;0
5;2025-11-20;12;0
5;2025-11-20;13;0
5;2025-11-20;14;0
5;2025-11-20;15;0
5;2025-11-20;16;0
5;2025-11-20;17;0
5;2025-11-20;18;0
5;2025-11-20;19;0
5;2025-11-20;20;0
5;2025-11-20;21;0
5;2025-11-20;22;0
5;2025-11-20;23;0
5;2025-11-21;0;0
5;2025-11-21;1;0
5;2025-11-21;2;0
5;2025-11-21;3;0
5;2025-11-21;4;0
5;2025-11-21;5;0
5;2025-11-21;6;0
5;2025-11-21;7;0
5;2025-11-21;8;0
5;2025-11-21;9;0
5;2025-11-21;10;0
5;2025-11-21;11;0
5;2025-11-21;12;0
5;2025-11-21;13;0
5;2025-11-21;14;0
5;2025-11-21;15;0
5;2025-11-21;16;0
5;2025-11-21;17;0
5;2025-11-21;18;0
5;2025-11-21;19;0
5;2025-11-21;20;0
5;2025-11-21;21;0
5;2025-11-21;22;0
5;2025-11-21;23;0
5;2025-11-22;0;0
5;2025-11-22;1;0
5;2025-11-22;2;0
5;2025-11-22;3;0
5;2025-11-22;4;0
5;2025-11-22;5;0
5;2025-11-22;6;0
5;2025-11-22;7;0
5;2025-11-22;8;0
5;2025-11-22;9;0
5;2025-11-22;10;0
5;2025-11-22;11;0
5;2025-11-22;12;0
5;2025-11-22;13;0
5;2025-11-22;14;0
5;2025-11-22;15;0
5;2025-11-22;16;0
5;2025-11-22;17;0
5;2025-11-22;18;0
5;2025-11-22;19;0
5;2025-11-22;20;0
5;2025-11-22;21;0
5;2025-11-22;22;0
5;2025-11-22;23;0
5;2025-11-23;0;0
5;2025-11-23;1;0
5;2025-11-23;2;0
5;2025-11-23;3;0
5;2025-11-23;4;0
5;2025-11-23;5;0
5;2025-11-23;6;0
5;2025-11-23;7;0
5;2025-11-23;8;0
5;2025-11-23;9;0
5;2025-11-23;10;0
5;2025-11-23;11;0
5;2025-11-23;12;0
5;2025-11-23;13;0
5;2025-11-23;14;0
5;2025-11-23;15;0
5;2025-11-23;16;0
5;2025-11-23;17;0
5;2025-11-23;18;0
5;2025-11-23;19;0
5;2025-11-23;20;0
5;2025-11-23;21;0
5;2025-11-23;22;0
5;2025-11-23;23;0
5;2025-11-24;0;0
5;2025-11-24;1;0
5;2025-11-24;2;0
5;2025-11-24;3;0
5;2025-11-24;4;0
5;2025-11-24;5;0
5;2025-11-24;6;0
5;2025-11-24;7;0
5;2025-11-24;8;0
5;2025-11-24;9;0
5;2025-11-24;10;0
5;2025-11-24;11;0
5;2025-11-24;12;0
5;2025-11-24;13;0
5;2025-11-24;14;0
5;2025-11-24;15;0
5;2025-11-24;16;0
5;2025-11-24;17;0
5;2025-11-24;18;0
5;2025-11-24;19;0
5;2025-11-24;20;0
5;2025-11-24;21;0
5;2025-11-24;22;0
5;2025-11-24;23;0
5;2025-11-25;0;0
5;2025-11-25;1;0
5;2025-11-25;2;0
5;2025-11-25;3;0
5;2025-11-25;4;0
5;2025-11-25;5;0
5;2025-11-25;6;0
5;2025-11-25;7;0
5;2025-11-25;8;0
5;2025-11-25;9;0
5;2025-11-25;10;0
5;2025-11-25;11;0
5;2025-11-25;12;0
5;2025-11-25;13;0
5;2025-11-25;14;0
5;2025-11-25;15;0
5;2025-11-25;16;0
5;2025-11-25;17;0
5;2025-11-25;18;0
5;2025-11-25;19;0
5;2025-11-25;20;0
5;2025-11-25;21;0
5;2025-11-25;22;0
5;2025-11-25;23;0
5;2025-11-26;0;0
5;2025-11-26;1;0
5;2025-11-26;2;0
5;2025-11-26;3;0
5;2025-11-26;4;0
5;2025-11-26;5;0
5;2025-11-26;6;0
5;2025-11-26;7;0
5;2025-11-26;8;0
5;2025-11-26;9;0
5;2025-11-26;10;0
5;2025-11-26;11;0
5;2025-11-26;12;0
5;2025-11-26;13;0
5;2025-11-26;14;0
5;2025-11-26;15;0
5;2025-11-26;16;0
5;2025-11-26;17;0
5;2025-11-26;18;0
5;2025-11-26;19;0
5;2025-11-26;20;0
5;2025-11-26;21;0
5;2025-11-26;22;0
5;2025-11-26;23;0
5;2025-11-27;0;0
5;2025-11-27;1;0
5;2025-11-27;2;0
5;2025-11-27;3;0
5;2025-11-27;4;0
5;2025-11-27;5;0
5;2025-11-27;6;0
5;2025-11-27;7;0
5;2025-11-27;8;0
5;2025-11-27;9;0
5;2025-11-27;10;0
5;2025-11-27;11;0
5;2025-11-27;12;0
5;2025-11-27;13;0
5;2025-11-27;14;0
5;2025-11-27;15;0
5;2025-11-27;16;0
5;2025-11-27;17;0
5;2025-11-27;18;0
5;2025-11-27;19;0
5;2025-11-27;20;0
5;2025-11-27;21;0
5;2025-11-27;22;0
5;2025-11-27;23;0
5;2025-11-28;0;0
5;2025-11-28;1;0
5;2025-11-28;2;0
5;2025-11-28;3;0
5;2025-11-28;4;0
5;2025-11-28;5;0
5;2025-11-28;6;0
5;2025-11-28;7;0
5;2025-11-28;8;0
5;2025-11-28;9;0
5;2025-11-28;10;0
5;2025-11-28;11;0
5;2025-11-28;12;0
5;2025-11-28;13;0
5;2025-11-28;14;0
5;2025-11-28;15;0
5;2025-11-28;16;0
5;2025-11-28;17;0
5;2025-11-28;18;0
5;2025-11-28;19;0
5;2025-11-28;20;0
5;2025-11-28;21;0
5;2025-11-28;22;0
5;2025-11-28;23;0
5;2025-11-29;0;0
5;2025-11-29;1;0
5;2025-11-29;2;0
5;2025-11-29;3;0
5;2025-11-29;4;0
5;2025-11-29;5;0
5;2025-11-29;6;0
5;2025-11-29;7;0
5;2025-11-29;8;0
5;2025-11-29;9;0
5;2025-11-29;10;0
5;2025-11-29;11;0
5;2025-11-29;12;0
5;2025-11-29;13;0
5;2025-11-29;14;0
5;2025-11-29;15;0
5;2025-11-29;16;0
5;2025-11-29;17;0
5;2025-11-29;18;0
5;2025-11-29;19;0
5;2025-11-29;20;0
5;2025-11-29;21;0
5;2025-11-29;22;0
5;2025-11-29;23;0
5;2025-11-30;0;0
5;2025-11-30;1;0
5;2025-11-30;2;0
5;2025-11-30;3;0
5;2025-11-30;4;0
5;2025-11-30;5;0
5;2025-11-30;6;0
5;2025-11-30;7;0
5;2025-11-30;8;0
5;2025-11-30;9;0
5;2025-11-30;10;0
5;2025-11-30;11;0
5;2025-11-30;12;0
5;2025-11-30;13;0
5;2025-11-30;14;0
5;2025-11-30;15;0
5;2025-11-30;16;0
5;2025-11-30;17;0
5;2025-11-30;18;0
5;2025-11-30;19;0
5;2025-11-30;20;0
5;2025-11-30;21;0
5;2025-11-30;22;0
5;2025-11-30;23;0
5;2025-12-01;0;0
5;2025-12-01;1;0
5;2025-12-01;2;0
5;2025-12-01;3;0
5;2025-12-01;4;0
5;2025-12-01;5;0
5;2025-12-01;6;0
5;2025-12-01;7;0
5;2025-12-01;8;0
5;2025-12-01;9;0
5;2025-12-01;10;0
5;2025-12-01;11;0
5;2025-12-01;12;0
5;2025-12-01;13;0
5;2025-12-01;14;0
5;2025-12-01;15;0
5;2025-12-01;16;0
5;2025-12-01;17;0
5;2025-12-01;18;0
5;2025-12-01;19;0
5;2025-12-01;20;0
5;2025-12-01;21;0
5;2025-12-01;22;0
5;2025-12-01;23;0
5;2025-12-02;0;0
5;2025-12-02;1;0
5;2025-12-02;2;0
5;2025-12-02;3;0
5;2025-12-02;4;0
5;2025-12-02;5;0
5;2025-12-02;6;0
5;2025-12-02;7;0
5;2025-12-02;8;0
5;2025-12-02;9;0
5;2025-12-02;10;0
5;2025-12-02;11;0
5;2025-12-02;12;0
5;2025-12-02;13;0
5;2025-12-02;14;0
5;2025-12-02;15;0
5;2025-12-02;16;0
5;2025-12-02;17;0
5;2025-12-02;18;0
5;2025-12-02;19;0
5;2025-12-02;20;0
5;2025-12-02;21;0
5;2025-12-02;22;0
5;2025-12-02;23;0
5;2025-12-03;0;0
5;2025-12-03;1;0
5;2025-12-03;2;0
5;2025-12-03;3;0
5;2025-12-03;4;0
5;2025-12-03;5;0
5;2025-12-03;6;0
5;2025-12-03;7;0
5;2025-12-03;8;0
5;2025-12-03;9;0
5;2025-12-03;10;0
5;2025-12-03;11;0
5;2025-12-03;12;0
5;2025-12-03;13;0
5;2025-12-03;14;0
5;2025-12-03;15;0
5;2025-12-03;16;0
5;2025-12-03;17;0
5;2025-12-03;18;0
5;2025-12-03;19;0
5;2025-12-03;20;0
5;2025-12-03;21;0
5;2025-12-03;22;0
5;2025-12-03;23;0
5;2025-12-04;0;0
5;2025-12-04;1;0
5;2025-12-04;2;0
5;2025-12-04;3;0
5;2025-12-04;4;0
5;2025-12-04;5;0
5;2025-12-04;6;0
5;2025-12-04;7;0
5;2025-12-04;8;0
5;2025-12-04;9;0
5;2025-12-04;10;0
5;2025-12-04;11;0
5;2025-12-04;12;0
5;2025-12-04;13;0
5;2025-12-04;14;0
5;2025-12-04;15;0
5;2025-12-04;16;0
5;2025-12-04;17;0
5;2025-12-04;18;0
5;2025-12-04;19;0
5;2025-12-04;20;0
5;2025-12-04;21;0
5;2025-12-04;22;0
5;2025-12-04;23;0
5;2025-12-05;0;0
5;2025-12-05;1;0
5;2025-12-05;2;0
5;2025-12-05;3;0
5;2025-12-05;4;0
5;2025-12-05;5;0
5;2025-12-05;6;0
5;2025-12-05;7;0
5;2025-12-05;8;0
5;2025-12-05;9;0
5;2025-12-05;10;0
5;2025-12-05;11;0
5;2025-12-05;12;0
5;2025-12-05;13;0
5;2025-12-05;14;0
5;2025-12-05;15;0
5;2025-12-05;16;0
5;2025-12-05;17;0
5;2025-12-05;18;0
5;2025-12-05;19;0
5;2025-12-05;20;0
5;2025-12-05;21;0
5;2025-12-05;22;0
5;2025-12-05;23;0
5;2025-12-06;0;0
5;2025-12-06;1;0
5;2025-12-06;2;0
5;2025-12-06;3;0
5;2025-12-06;4;0
5;2025-12-06;5;0
5;2025-12-06;6;0
5;2025-12-06;7;0
5;2025-12-06;8;0
5;2025-12-06;9;0
5;2025-12-06;10;0
5;2025-12-06;11;0
5;2025-12-06;12;0
5;2025-12-06;13;0
5;2025-12-06;14;0
5;2025-12-06;15;0
5;2025-12-06;16;0
5;2025-12-06;17;0
5;2025-12-06;18;0
5;2025-12-06;19;0
5;2025-12-06;20;0
5;2025-12-06;21;0
5;2025-12-06;22;0
5;2025-12-06;23;0
5;2025-12-07;0;0
5;2025-12-07;1;0
5;2025-12-07;2;0
5;2025-12-07;3;0
5;2025-12-07;4;0
5;2025-12-07;5;0
5;2025-12-07;6;0
5;2025-12-07;7;0
5;2025-12-07;8;0
5;2025-12-07;9;0
5;2025-12-07;10;0
5;2025-12-07;11;0
5;2025-12-07;12;0
5;2025-12-07;13;0
5;2025-12-07;14;0
5;2025-12-07;15;0
5;2025-12-07;16;0
5;2025-12-07;17;0
5;2025-12-07;18;0
5;2025-12-07;19;0
5;2025-12-07;20;0
5;2025-12-07;21;0
5;2025-12-07;22;0
5;2025-12-07;23;0
5;2025-12-08;0;0
5;2025-12-08;1;0
5;2025-12-08;2;0
5;2025-12-08;3;0
5;2025-12-08;4;0
5;2025-12-08;5;0
5;2025-12-08;6;0
5;2025-12-08;7;0
5;2025-12-08;8;0
5;2025-12-08;9;0
5;2025-12-08;10;0
5;2025-12-08;11;0
5;2025-12-08;12;0
5;2025-12-08;13;0
5;2025-12-08;14;0
5;2025-12-08;15;0
5;2025-12-08;16;0
5;2025-12-08;17;0
5;2025-12-08;18;0
5;2025-12-08;19;0
5;2025-12-08;20;0
5;2025-12-08;21;0
5;2025-12-08;22;0
5;2025-12-08;23;0
5;2025-12-09;0;0
5;2025-12-09;1;0
5;2025-12-09;2;0
5;2025-12-09;3;0
5;2025-12-09;4;0
5;2025-12-09;5;0
5;2025-12-09;6;0
5;2025-12-09;7;0
5;2025-12-09;8;0
5;2025-12-09;9;0
5;2025-12-09;10;0
5;2025-12-09;11;0
5;2025-12-09;12;0
5;2025-12-09;13;0
5;2025-12-09;14;0
5;2025-12-09;15;0
5;2025-12-09;16;0
5;2025-12-09;17;0
5;2025-12-09;18;0
5;2025-12-09;19;0
5;2025-12-09;20;0
5;2025-12-09;21;0
5;2025-12-09;22;0
5;2025-12-09;23;0
5;2025-12-10;0;0
5;2025-12-10;1;0
5;2025-12-10;2;0
5;2025-12-10;3;0
5;2025-12-10;4;0
5;2025-12-10;5;0
5;2025-12-10;6;0
5;2025-12-10;7;0
5;2025-12-10;8;0
5;2025-12-10;9;0
5;2025-12-10;10;0
5;2025-12-10;11;0
5;2025-12-10;12;0
5;2025-12-10;13;0
5;2025-12-10;14;0
5;2025-12-10;15;0
5;2025-12-10;16;0
5;2025-12-10;17;0
5;2025-12-10;18;0
5;2025-12-10;19;0
5;2025-12-10;20;0
5;2025-12-10;21;0
5;2025-12-10;22;0
5;2025-12-10;23;0
5;2025-12-11;0;0
5;2025-12-11;1;0
5;2025-12-11;2;0
5;2025-12-11;3;0
5;2025-12-11;4;0
5;2025-12-11;5;0
5;2025-12-11;6;0
5;2025-12-11;7;0
5;2025-12-11;8;0
5;2025-12-11;9;0
5;2025-12-11;10;0
5;2025-12-11;11;0
5;2025-12-11;12;0
5;2025-12-11;13;0
5;2025-12-11;14;0
5;2025-12-11;15;0
5;2025-12-11;16;0
5;2025-12-11;17;0
5;2025-12-11;18;0
5;2025-12-11;19;0
5;2025-12-11;20;0
5;2025-12-11;21;0
5;2025-12-11;22;0
5;2025-12-11;23;0
5;2025-12-12;0;0
5;2025-12-12;1;0
5;2025-12-12;2;0
5;2025-12-12;3;0
5;2025-12-12;4;0
5;2025-12-12;5;0
5;2025-12-12;6;0
5;2025-12-12;7;0
5;2025-12-12;8;0
5;2025-12-12;9;0
5;2025-12-12;10;0
5;2025-12-12;11;0
5;2025-12-12;12;0
5;2025-12-12;13;0
5;2025-12-12;14;0
5;2025-12-12;15;0
5;2025-12-12;16;0
5;2025-12-12;17;0
5;2025-12-12;18;0
5;2025-12-12;19;0
5;2025-12-12;20;0
5;2025-12-12;21;0
5;2025-12-12;22;0
5;2025-12-12;23;0
5;2025-12-13;0;0
5;2025-12-13;1;0
5;2025-12-13;2;0
5;2025-12-13;3;0
5;2025-12-13;4;0
5;2025-12-13;5;0
5;2025-12-13;6;0
5;2025-12-13;7;0
5;2025-12-13;8;0
5;2025-12-13;9;0
5;2025-12-13;10;0
5;2025-12-13;11;0
5;2025-12-13;12;0
5;2025-12-13;13;0
5;2025-12-13;14;0
5;2025-12-13;15;0
5;2025-12-13;16;0
5;2025-12-13;17;0
5;2025-12-13;18;0
5;2025-12-13;19;0
5;2025-12-13;20;0
5;2025-12-13;21;0
5;2025-12-13;22;0
5;2025-12-13;23;0
5;2025-12-14;0;0
5;2025-12-14;1;0
5;2025-12-14;2;0
5;2025-12-14;3;0
5;2025-12-14;4;0
5;2025-12-14;5;0
5;2025-12-14;6;0
5;2025-12-14;7;0
5;2025-12-14;8;0
5;2025-12-14;9;0
5;2025-12-14;10;0
5;2025-12-14;11;0
5;2025-12-14;12;0
5;2025-12-14;13;0
5;2025-12-14;14;0
5;2025-12-14;15;0
5;2025-12-14;16;0
5;2025-12-14;17;0
5;2025-12-14;18;0
5;2025-12-14;19;0
5;2025-12-14;20;0
5;2025-12-14;21;0
5;2025-12-14;22;0
5;2025-12-14;23;0
5;2025-12-15;0;0
5;2025-12-15;1;0
5;2025-12-15;2;0
5;2025-12-15;3;0
5;2025-12-15;4;0
5;2025-12-15;5;0
5;2025-12-15;6;0
5;2025-12-15;7;0
5;2025-12-15;8;0
5;2025-12-15;9;0
5;2025-12-15;10;0
5;2025-12-15;11;0
5;2025-12-15;12;0
5;2025-12-15;13;0
5;2025-12-15;14;0
5;2025-12-15;15;0
5;2025-12-15;16;0
5;2025-12-15;17;0
5;2025-12-15;18;0
5;2025-12-15;19;0
5;2025-12-15;20;0
5;2025-12-15;21;0
5;2025-12-15;22;0
5;2025-12-15;23;0
5;2025-12-16;0;0
5;2025-12-16;1;0
5;2025-12-16;2;0
5;2025-12-16;3;0
5;2025-12-16;4;0
5;2025-12-16;5;0
5;2025-12-16;6;0
5;2025-12-16;7;0
5;2025-12-16;8;0
5;2025-12-16;9;0
5;2025-12-16;10;0
5;2025-12-16;11;0
5;2025-12-16;12;0
5;2025-12-16;13;0
5;2025-12-16;14;0
5;2025-12-16;15;0
5;2025-12-16;16;0
5;2025-12-16;17;0
5;2025-12-16;18;0
5;2025-12-16;19;0
5;2025-12-16;20;0
5;2025-12-16;21;0
5;2025-12-16;22;0
5;2025-12-16;23;0
5;2025-12-17;0;0
5;2025-12-17;1;0
5;2025-12-17;2;0
5;2025-12-17;3;0
5;2025-12-17;4;0
5;2025-12-17;5;0
5;2025-12-17;6;0
5;2025-12-17;7;0
5;2025-12-17;8;0
5;2025-12-17;9;0
5;2025-12-17;10;0
5;2025-12-17;11;0
5;2025-12-17;12;0
5;2025-12-17;13;0
5;2025-12-17;14;0
5;2025-12-17;15;0
5;2025-12-17;16;0
5;2025-12-17;17;0
5;2025-12-17;18;0
5;2025-12-17;19;0
5;2025-12-17;20;0
5;2025-12-17;21;0
5;2025-12-17;22;0
5;2025-12-17;23;0
5;2025-12-18;0;0
5;2025-12-18;1;0
5;2025-12-18;2;0
5;2025-12-18;3;0
5;2025-12-18;4;0
5;2025-12-18;5;0
5;2025-12-18;6;0
5;2025-12-18;7;0
5;2025-12-18;8;0
5;2025-12-18;9;0
5;2025-12-18;10;0
5;2025-12-18;11;0
5;2025-12-18;12;0
5;2025-12-18;13;0
5;2025-12-18;14;0
5;2025-12-18;15;0
5;2025-12-18;16;0
5;2025-12-18;17;0
5;2025-12-18;18;0
5;2025-12-18;19;0
5;2025-12-18;20;0
5;2025-12-18;21;0
5;2025-12-18;22;0
5;2025-12-18;23;0
5;2025-12-19;0;0
5;2025-12-19;1;0
5;2025-12-19;2;0
5;2025-12-19;3;0
5;2025-12-19;4;0
5;2025-12-19;5;0
5;2025-12-19;6;0
5;2025-12-19;7;0
5;2025-12-19;8;0
5;2025-12-19;9;0
5;2025-12-19;10;0
5;2025-12-19;11;0
5;2025-12-19;12;0
5;2025-12-19;13;0
5;2025-12-19;14;0
5;2025-12-19;15;0
5;2025-12-19;16;0
5;2025-12-19;17;0
5;2025-12-19;18;0
5;2025-12-19;19;0
5;2025-12-19;20;0
5;2025-12-19;21;0
5;2025-12-19;22;0
5;2025-12-19;23;0
5;2025-12-20;0;0
5;2025-12-20;1;0
5;2025-12-20;2;0
5;2025-12-20;3;0
5;2025-12-20;4;0
5;2025-12-20;5;0
5;2025-12-20;6;0
5;2025-12-20;7;0
5;2025-12-20;8;0
5;2025-12-20;9;0
5;2025-12-20;10;0
5;2025-12-20;11;0
5;2025-12-20;12;0
5;2025-12-20;13;0
5;2025-12-20;14;0
5;2025-12-20;15;0
5;2025-12-20;16;0
5;2025-12-20;17;0
5;2025-12-20;18;0
5;2025-12-20;19;0
5;2025-12-20;20;0
5;2025-12-20;21;0
5;2025-12-20;22;0
5;2025-12-20;23;0
5;2025-12-21;0;0
5;2025-12-21;1;0
5;2025-12-21;2;0
5;2025-12-21;3;0
5;2025-12-21;4;0
5;2025-12-21;5;0
5;2025-12-21;6;0
5;2025-12-21;7;0
5;2025-12-21;8;0
5;2025-12-21;9;0
5;2025-12-21;10;0
5;2025-12-21;11;0
5;2025-12-21;12;0
5;2025-12-21;13;0
5;2025-12-21;14;0
5;2025-12-21;15;0
5;2025-12-21;16;0
5;2025-12-21;17;0
5;2025-12-21;18;0
5;2025-12-21;19;0
5;2025-12-21;20;0
5;2025-12-21;21;0
5;2025-12-21;22;0
5;2025-12-21;23;0
5;2025-12-22;0;0
5;2025-12-22;1;0
5;2025-12-22;2;0
5;2025-12-22;3;0
5;2025-12-22;4;0
5;2025-12-22;5;0
5;2025-12-22;6;0
5;2025-12-22;7;0
5;2025-12-22;8;0
5;2025-12-22;9;0
5;2025-12-22;10;0
5;2025-12-22;11;0
5;2025-12-22;12;0
5;2025-12-22;13;0
5;2025-12-22;14;0
5;2025-12-22;15;0
5;2025-12-22;16;0
5;2025-12-22;17;0
5;2025-12-22;18;0
5;2025-12-22;19;0
5;2025-12-22;20;0
5;2025-12-22;21;0
5;2025-12-22;22;0
5;2025-12-22;23;0
5;2025-12-23;0;0
5;2025-12-23;1;0
5;2025-12-23;2;0
5;2025-12-23;3;0
5;2025-12-23;4;0
5;2025-12-23;5;0
5;2025-12-23;6;0
5;2025-12-23;7;0
5;2025-12-23;8;0
5;2025-12-23;9;0
5;2025-12-23;10;0
5;2025-12-23;11;0
5;2025-12-23;12;0
5;2025-12-23;13;0
5;2025-12-23;14;0
5;2025-12-23;15;0
5;2025-12-23;16;0
5;2025-12-23;17;0
5;2025-12-23;18;0
5;2025-12-23;19;0
5;2025-12-23;20;0
5;2025-12-23;21;0
5;2025-12-23;22;0
5;2025-12-23;23;0
5;2025-12-24;0;0
5;2025-12-24;1;0
5;2025-12-24;2;0
5;2025-12-24;3;0
5;2025-12-24;4;0
5;2025-12-24;5;0
5;2025-12-24;6;0
5;2025-12-24;7;0
5;2025-12-24;8;0
5;2025-12-24;9;0
5;2025-12-24;10;0
5;2025-12-24;11;0
5;2025-12-24;12;0
5;2025-12-24;13;0
5;2025-12-24;14;0
5;2025-12-24;15;0
5;2025-12-24;16;0
5;2025-12-24;17;0
5;2025-12-24;18;0
5;2025-12-24;19;0
5;2025-12-24;20;0
5;2025-12-24;21;0
5;2025-12-24;22;0
5;2025-12-24;23;0
5;2025-12-25;0;0
5;2025-12-25;1;0
5;2025-12-25;2;0
5;2025-12-25;3;0
5;2025-12-25;4;0
5;2025-12-25;5;0
5;2025-12-25;6;0
5;2025-12-25;7;0
5;2025-12-25;8;0
5;2025-12-25;9;0
5;2025-12-25;10;0
5;2025-12-25;11;0
5;2025-12-25;12;0
5;2025-12-25;13;0
5;2025-12-25;14;0
5;2025-12-25;15;0
5;2025-12-25;16;0
5;2025-12-25;17;0
5;2025-12-25;18;0
5;2025-12-25;19;0
5;2025-12-25;20;0
5;2025-12-25;21;0
5;2025-12-25;22;0
5;2025-12-25;23;0
5;2025-12-26;0;0
5;2025-12-26;1;0
5;2025-12-26;2;0
5;2025-12-26;3;0
5;2025-12-26;4;0
5;2025-12-26;5;0
5;2025-12-26;6;0
5;2025-12-26;7;0
5;2025-12-26;8;0
5;2025-12-26;9;0
5;2025-12-26;10;0
5;2025-12-26;11;0
5;2025-12-26;12;0
5;2025-12-26;13;0
5;2025-12-26;14;0
5;2025-12-26;15;0
5;2025-12-26;16;0
5;2025-12-26;17;0
5;2025-12-26;18;0
5;2025-12-26;19;0
5;2025-12-26;20;0
5;2025-12-26;21;0
5;2025-12-26;22;0
5;2025-12-26;23;0
5;2025-12-27;0;0
5;2025-12-27;1;0
5;2025-12-27;2;0
5;2025-12-27;3;0
5;2025-12-27;4;0
5;2025-12-27;5;0
5;2025-12-27;6;0
5;2025-12-27;7;0
5;2025-12-27;8;0
5;2025-12-27;9;0
5;2025-12-27;10;0
5;2025-12-27;11;0
5;2025-12-27;12;0
5;2025-12-27;13;0
5;2025-12-27;14;0
5;2025-12-27;15;0
5;2025-12-27;16;0
5;2025-12-27;17;0
5;2025-12-27;18;0
5;2025-12-27;19;0
5;2025-12-27;20;0
5;2025-12-27;21;0
5;2025-12-27;22;0
5;2025-12-27;23;0
5;2025-12-28;0;0
5;2025-12-28;1;0
5;2025-12-28;2;0
5;2025-12-28;3;0
5;2025-12-28;4;0
5;2025-12-28;5;0
5;2025-12-28;6;0
5;2025-12-28;7;0
5;2025-12-28;8;0
5;2025-12-28;9;0
5;2025-12-28;10;0
5;2025-12-28;11;0
5;2025-12-28;12;0
5;2025-12-28;13;0
5;2025-12-28;14;0
5;2025-12-28;15;0
5;2025-12-28;16;0
5;2025-12-28;17;0
5;2025-12-28;18;0
5;2025-12-28;19;0
5;2025-12-28;20;0
5;2025-12-28;21;0
5;2025-12-28;22;0
5;2025-12-28;23;0
5;2025-12-29;0;0
5;2025-12-29;1;0
5;2025-12-29;2;0
5;2025-12-29;3;0
5;2025-12-29;4;0
5;2025-12-29;5;0
5;2025-12-29;6;0
5;2025-12-29;7;0
5;2025-12-29;8;0
5;2025-12-29;9;0
5;2025-12-29;10;0
5;2025-12-29;11;0
5;2025-12-29;12;0
5;2025-12-29;13;0
5;2025-12-29;14;0
5;2025-12-29;15;0
5;2025-12-29;16;0
5;2025-12-29;17;0
5;2025-12-29;18;0
5;2025-12-29;19;0
5;2025-12-29;20;0
5;2025-12-29;21;0
5;2025-12-29;22;0
5;2025-12-29;23;0
5;2025-12-30;0;0
5;2025-12-30;1;0
5;2025-12-30;2;0
5;2025-12-30;3;0
5;2025-12-30;4;0
5;2025-12-30;5;0
5;2025-12-30;6;0
5;2025-12-30;7;0
5;2025-12-30;8;0
5;2025-12-30;9;0
5;2025-12-30;10;0
5;2025-12-30;11;0
5;2025-12-30;12;0
5;2025-12-30;13;0
5;2025-12-30;14;0
5;2025-12-30;15;0
5;2025-12-30;16;0
5;2025-12-30;17;0
5;2025-12-30;18;0
5;2025-12-30;19;0
5;2025-12-30;20;0
5;2025-12-30;21;0
5;2025-12-30;22;0
5;2025-12-30;23;0
5;2025-12-31;0;0
5;2025-12-31;1;0
5;2025-12-31;2;0
5;2025-12-31;3;0
5;2025-12-31;4;0
5;2025-12-31;5;0
5;2025-12-31;6;0
5;2025-12-31;7;0
5;2025-12-31;8;0
5;2025-12-31;9;0
5;2025-12-31;10;0
5;2025-12-31;11;0
5;2025-12-31;12;0
5;2025-12-31;13;0
5;2025-12-31;14;0
5;2025-12-31;15;0
5;2025-12-31;16;0
5;2025-12-31;17;0
5;2025-12-31;18;0
5;2025-12-31;19;0
5;2025-12-31;20;0
5;2025-12-31;21;0
5;2025-12-31;22;0
5;2025-12-31;23;0
7;2025-11-01;0;60
7;2025-11-01;1;11
7;2025-11-01;2;0
7;2025-11-01;3;0
7;2025-11-01;4;0
7;2025-11-01;5;174
7;2025-11-01;6;714
7;2025-11-01;7;1634
7;2025-11-01;8;2206
7;2025-11-01;9;1789
7;2025-11-01;10;1529
7;2025-11-01;11;1509
7;2025-11-01;12;1552
7;2025-11-01;13;1589
7;2025-11-01;14;1601
7;2025-11-01;15;1687
7;2025-11-01;16;1821
7;2025-11-01;17;2133
7;2025-11-01;18;2184
7;2025-11-01;19;1668
7;2025-11-01;20;1087
7;2025-11-01;21;674
7;2025-11-01;22;356
7;2025-11-01;23;224
7;2025-11-02;0;86
7;2025-11-02;1;21
7;2025-11-02;2;0
7;2025-11-02;3;0
7;2025-11-02;4;0
7;2025-11-02;5;21
7;2025-11-02;6;123
7;2025-11-02;7;226
7;2025-11-02;8;370
7;2025-11-02;9;455
7;2025-11-02;10;547
7;2025-11-02;11;609
7;2025-11-02;12;674
7;2025-11-02;13;735
7;2025-11-02;14;733
7;2025-11-02;15;749
7;2025-11-02;16;756
7;2025-11-02;17;691
7;2025-11-02;18;631
7;2025-11-02;19;533
7;2025-11-02;20;349
7;2025-11-02;21;275
7;2025-11-02;22;142
7;2025-11-02;23;66
7;2025-11-03;0;77
7;2025-11-03;1;19
7;2025-11-03;2;2
7;2025-11-03;3;1
7;2025-11-03;4;0
7;2025-11-03;5;56
7;2025-11-03;6;194
7;2025-11-03;7;330
7;2025-11-03;8;584
7;2025-11-03;9;584
7;2025-11-03;10;655
7;2025-11-03;11;714
7;2025-11-03;12;772
7;2025-11-03;13;838
7;2025-11-03;14;836
7;2025-11-03;15;855
7;2025-11-03;16;865
7;2025-11-03;17;861
7;2025-11-03;18;812
7;2025-11-03;19;667
7;2025-11-03;20;431
7;2025-11-03;21;338
7;2025-11-03;22;184
7;2025-11-03;23;100
7;2025-11-04;0;83
7;2025-11-04;1;26
7;2025-11-04;2;4
7;2025-11-04;3;4
7;2025-11-04;4;0
7;2025-11-04;5;12
7;2025-11-04;6;140
7;2025-11-04;7;271
7;2025-11-04;8;510
7;2025-11-04;9;513
7;2025-11-04;10;580
7;2025-11-04;11;634
7;2025-11-04;12;690
7;2025-11-04;13;753
7;2025-11-04;14;751
7;2025-11-04;15;761
7;2025-11-04;16;766
7;2025-11-04;17;757
7;2025-11-04;18;715
7;2025-11-04;19;570
7;2025-11-04;20;374
7;2025-11-04;21;301
7;2025-11-04;22;150
7;2025-11-04;23;72
7;2025-11-05;0;54
7;2025-11-05;1;10
7;2025-11-05;2;0
7;2025-11-05;3;0
7;2025-11-05;4;4
7;2025-11-05;5;170
7;2025-11-05;6;672
7;2025-11-05;7;1628
7;2025-11-05;8;2302
7;2025-11-05;9;1753
7;2025-11-05;10;1481
7;2025-11-05;11;1452
7;2025-11-05;12;1496
7;2025-11-05;13;1533
7;2025-11-05;14;1546
7;2025-11-05;15;1637
7;2025-11-05;16;1788
7;2025-11-05;17;2158
7;2025-11-05;18;2211
7;2025-11-05;19;1651
7;2025-11-05;20;1067
7;2025-11-05;21;647
7;2025-11-05;22;327
7;2025-11-05;23;192
7;2025-11-06;0;56
7;2025-11-06;1;11
7;2025-11-06;2;0
7;2025-11-06;3;0
7;2025-11-06;4;3
7;2025-11-06;5;166
7;2025-11-06;6;669
7;2025-11-06;7;1616
7;2025-11-06;8;2290
7;2025-11-06;9;1741
7;2025-11-06;10;1469
7;2025-11-06;11;1442
7;2025-11-06;12;1485
7;2025-11-06;13;1522
7;2025-11-06;14;1535
7;2025-11-06;15;1629
7;2025-11-06;16;1782
7;2025-11-06;17;2122
7;2025-11-06;18;2187
7;2025-11-06;19;1636
7;2025-11-06;20;1051
7;2025-11-06;21;639
7;2025-11-06;22;317
7;2025-11-06;23;182
7;2025-11-07;0;56
7;2025-11-07;1;11
7;2025-11-07;2;0
7;2025-11-07;3;0
7;2025-11-07;4;2
7;2025-11-07;5;163
7;2025-11-07;6;659
7;2025-11-07;7;1608
7;2025-11-07;8;2276
7;2025-11-07;9;1723
7;2025-11-07;10;1462
7;2025-11-07;11;1438
7;2025-11-07;12;1487
7;2025-11-07;13;1573
7;2025-11-07;14;1602
7;2025-11-07;15;1692
7;2025-11-07;16;1848
7;2025-11-07;17;2094
7;2025-11-07;18;1987
7;2025-11-07;19;1480
7;2025-11-07;20;990
7;2025-11-07;21;636
7;2025-11-07;22;322
7;2025-11-07;23;197
7;2025-11-08;0;83
7;2025-11-08;1;20
7;2025-11-08;2;0
7;2025-11-08;3;0
7;2025-11-08;4;0
7;2025-11-08;5;43
7;2025-11-08;6;202
7;2025-11-08;7;360
7;2025-11-08;8;521
7;2025-11-08;9;607
7;2025-11-08;10;693
7;2025-11-08;11;747
7;2025-11-08;12;805
7;2025-11-08;13;866
7;2025-11-08;14;864
7;2025-11-08;15;880
7;2025-11-08;16;870
7;2025-11-08;17;829
7;2025-11-08;18;778
7;2025-11-08;19;647
7;2025-11-08;20;445
7;2025-11-08;21;340
7;2025-11-08;22;186
7;2025-11-08;23;99
7;2025-11-09;0;86
7;2025-11-09;1;21
7;2025-11-09;2;0
7;2025-11-09;3;0
7;2025-11-09;4;0
7;2025-11-09;5;21
7;2025-11-09;6;123
7;2025-11-09;7;226
7;2025-11-09;8;370
7;2025-11-09;9;455
7;2025-11-09;10;547
7;2025-11-09;11;609
7;2025-11-09;12;674
7;2025-11-09;13;735
7;2025-11-09;14;733
7;2025-11-09;15;749
7;2025-11-09;16;756
7;2025-11-09;17;691
7;2025-11-09;18;631
7;2025-11-09;19;533
7;2025-11-09;20;349
7;2025-11-09;21;275
7;2025-11-09;22;142
7;2025-11-09;23;66
7;2025-11-10;0;55
7;2025-11-10;1;11
7;2025-11-10;2;0
7;2025-11-10;3;0
7;2025-11-10;4;0
7;2025-11-10;5;153
7;2025-11-10;6;650
7;2025-11-10;7;1600
7;2025-11-10;8;2275
7;2025-11-10;9;1713
7;2025-11-10;10;1435
7;2025-11-10;11;1405
7;2025-11-10;12;1450
7;2025-11-10;13;1488
7;2025-11-10;14;1501
7;2025-11-10;15;1594
7;2025-11-10;16;1749
7;2025-11-10;17;2107
7;2025-11-10;18;2161
7;2025-11-10;19;1625
7;2025-11-10;20;1021
7;2025-11-10;21;609
7;2025-11-10;22;289
7;2025-11-10;23;155
7;2025-11-11;0;54
7;2025-11-11;1;10
7;2025-11-11;2;0
7;2025-11-11;3;0
7;2025-11-11;4;3
7;2025-11-11;5;164
7;2025-11-11;6;668
7;2025-11-11;7;1614
7;2025-11-11;8;2297
7;2025-11-11;9;1748
7;2025-11-11;10;1465
7;2025-11-11;11;1437
7;2025-11-11;12;1480
7;2025-11-11;13;1517
7;2025-11-11;14;1530
7;2025-11-11;15;1623
7;2025-11-11;16;1775
7;2025-11-11;17;2139
7;2025-11-11;18;2214
7;2025-11-11;19;1640
7;2025-11-11;20;1046
7;2025-11-11;21;634
7;2025-11-11;22;314
7;2025-11-11;23;178
7;2025-11-12;0;54
7;2025-11-12;1;10
7;2025-11-12;2;0
7;2025-11-12;3;0
7;2025-11-12;4;4
7;2025-11-12;5;170
7;2025-11-12;6;672
7;2025-11-12;7;1628
7;2025-11-12;8;2302
7;2025-11-12;9;1753
7;2025-11-12;10;1481
7;2025-11-12;11;1452
7;2025-11-12;12;1496
7;2025-11-12;13;1533
7;2025-11-12;14;1546
7;2025-11-12;15;1637
7;2025-11-12;16;1788
7;2025-11-12;17;2158
7;2025-11-12;18;2211
7;2025-11-12;19;1651
7;2025-11-12;20;1067
7;2025-11-12;21;647
7;2025-11-12;22;327
7;2025-11-12;23;192
7;2025-11-13;0;56
7;2025-11-13;1;11
7;2025-11-13;2;0
7;2025-11-13;3;0
7;2025-11-13;4;3
7;2025-11-13;5;166
7;2025-11-13;6;669
7;2025-11-13;7;1616
7;2025-11-13;8;2290
7;2025-11-13;9;1741
7;2025-11-13;10;1469
7;2025-11-13;11;1442
7;2025-11-13;12;1485
7;2025-11-13;13;1522
7;2025-11-13;14;1535
7;2025-11-13;15;1629
7;2025-11-13;16;1782
7;2025-11-13;17;2122
7;2025-11-13;18;2187
7;2025-11-13;19;1636
7;2025-11-13;20;1051
7;2025-11-13;21;639
7;2025-11-13;22;317
7;2025-11-13;23;182
7;2025-11-14;0;56
7;2025-11-14;1;11
7;2025-11-14;2;0
7;2025-11-14;3;0
7;2025-11-14;4;2
7;2025-11-14;5;163
7;2025-11-14;6;659
7;2025-11-14;7;1608
7;2025-11-14;8;2276
7;2025-11-14;9;1723
7;2025-11-14;10;1462
7;2025-11-14;11;1438
7;2025-11-14;12;1487
7;2025-11-14;13;1573
7;2025-11-14;14;1602
7;2025-11-14;15;1692
7;2025-11-14;16;1848
7;2025-11-14;17;2094
7;2025-11-14;18;1987
7;2025-11-14;19;1480
7;2025-11-14;20;990
7;2025-11-14;21;636
7;2025-11-14;22;322
7;2025-11-14;23;197
7;2025-11-15;0;83
7;2025-11-15;1;20
7;2025-11-15;2;0
7;2025-11-15;3;0
7;2025-11-15;4;0
7;2025-11-15;5;43
7;2025-11-15;6;202
7;2025-11-15;7;360
7;2025-11-15;8;521
7;2025-11-15;9;607
7;2025-11-15;10;693
7;2025-11-15;11;747
7;2025-11-15;12;805
7;2025-11-15;13;866
7;2025-11-15;14;864
7;2025-11-15;15;880
7;2025-11-15;16;870
7;2025-11-15;17;829
7;2025-11-15;18;778
7;2025-11-15;19;647
7;2025-11-15;20;445
7;2025-11-15;21;340
7;2025-11-15;22;186
7;2025-11-15;23;99
7;2025-11-16;0;86
7;2025-11-16;1;21
7;2025-11-16;2;0
7;2025-11-16;3;0
7;2025-11-16;4;0
7;2025-11-16;5;21
7;2025-11-16;6;123
7;2025-11-16;7;226
7;2025-11-16;8;370
7;2025-11-16;9;455
7;2025-11-16;10;547
7;2025-11-16;11;609
7;2025-11-16;12;674
7;2025-11-16;13;735
7;2025-11-16;14;733
7;2025-11-16;15;749
7;2025-11-16;16;756
7;2025-11-16;17;691
7;2025-11-16;18;631
7;2025-11-16;19;533
7;2025-11-16;20;349
7;2025-11-16;21;275
7;2025-11-16;22;142
7;2025-11-16;23;66
7;2025-11-17;0;55
7;2025-11-17;1;11
7;2025-11-17;2;0
7;2025-11-17;3;0
7;2025-11-17;4;0
7;2025-11-17;5;153
7;2025-11-17;6;650
7;2025-11-17;7;1600
7;2025-11-17;8;2275
7;2025-11-17;9;1713
7;2025-11-17;10;1435
7;2025-11-17;11;1405
7;2025-11-17;12;1450
7;2025-11-17;13;1488
7;2025-11-17;14;1501
7;2025-11-17;15;1594
7;2025-11-17;16;1749
7;2025-11-17;17;2107
7;2025-11-17;18;2161
7;2025-11-17;19;1625
7;2025-11-17;20;1021
7;2025-11-17;21;609
7;2025-11-17;22;289
7;2025-11-17;23;155
7;2025-11-18;0;54
7;2025-11-18;1;10
7;2025-11-18;2;0
7;2025-11-18;3;0
7;2025-11-18;4;3
7;2025-11-18;5;164
7;2025-11-18;6;668
7;2025-11-18;7;1614
7;2025-11-18;8;2297
7;2025-11-18;9;1748
7;2025-11-18;10;1465
7;2025-11-18;11;1437
7;2025-11-18;12;1480
7;2025-11-18;13;1517
7;2025-11-18;14;1530
7;2025-11-18;15;1623
7;2025-11-18;16;1775
7;2025-11-18;17;2139
7;2025-11-18;18;2214
7;2025-11-18;19;1640
7;2025-11-18;20;1046
7;2025-11-18;21;634
7;2025-11-18;22;314
7;2025-11-18;23;178
7;2025-11-19;0;54
7;2025-11-19;1;10
7;2025-11-19;2;0
7;2025-11-19;3;0
7;2025-11-19;4;4
7;2025-11-19;5;170
7;2025-11-19;6;672
7;2025-11-19;7;1628
7;2025-11-19;8;2302
7;2025-11-19;9;1753
7;2025-11-19;10;1481
7;2025-11-19;11;1452
7;2025-11-19;12;1496
7;2025-11-19;13;1533
7;2025-11-19;14;1546
7;2025-11-19;15;1637
7;2025-11-19;16;1788
7;2025-11-19;17;2158
7;2025-11-19;18;2211
7;2025-11-19;19;1651
7;2025-11-19;20;1067
7;2025-11-19;21;647
7;2025-11-19;22;327
7;2025-11-19;23;192
7;2025-11-20;0;56
7;2025-11-20;1;11
7;2025-11-20;2;0
7;2025-11-20;3;0
7;2025-11-20;4;3
7;2025-11-20;5;166
7;2025-11-20;6;669
7;2025-11-20;7;1616
7;2025-11-20;8;2290
7;2025-11-20;9;1741
7;2025-11-20;10;1469
7;2025-11-20;11;1442
7;2025-11-20;12;1485
7;2025-11-20;13;1522
7;2025-11-20;14;1535
7;2025-11-20;15;1629
7;2025-11-20;16;1782
7;2025-11-20;17;2122
7;2025-11-20;18;2187
7;2025-11-20;19;1636
7;2025-11-20;20;1051
7;2025-11-20;21;639
7;2025-11-20;22;317
7;2025-11-20;23;182
7;2025-11-21;0;56
7;2025-11-21;1;11
7;2025-11-21;2;0
7;2025-11-21;3;0
7;2025-11-21;4;2
7;2025-11-21;5;163
7;2025-11-21;6;659
7;2025-11-21;7;1608
7;2025-11-21;8;2276
7;2025-11-21;9;1723
7;2025-11-21;10;1462
7;2025-11-21;11;1438
7;2025-11-21;12;1487
7;2025-11-21;13;1573
7;2025-11-21;14;1602
7;2025-11-21;15;1692
7;2025-11-21;16;1848
7;2025-11-21;17;2094
7;2025-11-21;18;1987
7;2025-11-21;19;1480
7;2025-11-21;20;990
7;2025-11-21;21;636
7;2025-11-21;22;322
7;2025-11-21;23;197
7;2025-11-22;0;83
7;2025-11-22;1;20
7;2025-11-22;2;0
7;2025-11-22;3;0
7;2025-11-22;4;0
7;2025-11-22;5;43
7;2025-11-22;6;202
7;2025-11-22;7;360
7;2025-11-22;8;521
7;2025-11-22;9;607
7;2025-11-22;10;693
7;2025-11-22;11;747
7;2025-11-22;12;805
7;2025-11-22;13;866
7;2025-11-22;14;864
7;2025-11-22;15;880
7;2025-11-22;16;870
7;2025-11-22;17;829
7;2025-11-22;18;778
7;2025-11-22;19;647
7;2025-11-22;20;445
7;2025-11-22;21;340
7;2025-11-22;22;186
7;2025-11-22;23;99
7;2025-11-23;0;86
7;2025-11-23;1;21
7;2025-11-23;2;0
7;2025-11-23;3;0
7;2025-11-23;4;0
7;2025-11-23;5;21
7;2025-11-23;6;123
7;2025-11-23;7;226
7;2025-11-23;8;370
7;2025-11-23;9;455
7;2025-11-23;10;547
7;2025-11-23;11;609
7;2025-11-23;12;674
7;2025-11-23;13;735
7;2025-11-23;14;733
7;2025-11-23;15;749
7;2025-11-23;16;756
7;2025-11-23;17;691
7;2025-11-23;18;631
7;2025-11-23;19;533
7;2025-11-23;20;349
7;2025-11-23;21;275
7;2025-11-23;22;142
7;2025-11-23;23;66
7;2025-11-24;0;55
7;2025-11-24;1;11
7;2025-11-24;2;0
7;2025-11-24;3;0
7;2025-11-24;4;0
7;2025-11-24;5;153
7;2025-11-24;6;650
7;2025-11-24;7;1600
7;2025-11-24;8;2275
7;2025-11-24;9;1713
7;2025-11-24;10;1435
7;2025-11-24;11;1405
7;2025-11-24;12;1450
7;2025-11-24;13;1488
7;2025-11-24;14;1501
7;2025-11-24;15;1594
7;2025-11-24;16;1749
7;2025-11-24;17;2107
7;2025-11-24;18;2161
7;2025-11-24;19;1625
7;2025-11-24;20;1021
7;2025-11-24;21;609
7;2025-11-24;22;289
7;2025-11-24;23;155
7;2025-11-25;0;54
7;2025-11-25;1;10
7;2025-11-25;2;0
7;2025-11-25;3;0
7;2025-11-25;4;3
7;2025-11-25;5;164
7;2025-11-25;6;668
7;2025-11-25;7;1614
7;2025-11-25;8;2297
7;2025-11-25;9;1748
7;2025-11-25;10;1465
7;2025-11-25;11;1437
7;2025-11-25;12;1480
7;2025-11-25;13;1517
7;2025-11-25;14;1530
7;2025-11-25;15;1623
7;2025-11-25;16;1775
7;2025-11-25;17;2139
7;2025-11-25;18;2214
7;2025-11-25;19;1640
7;2025-11-25;20;1046
7;2025-11-25;21;634
7;2025-11-25;22;314
7;2025-11-25;23;178
7;2025-11-26;0;54
7;2025-11-26;1;10
7;2025-11-26;2;0
7;2025-11-26;3;0
7;2025-11-26;4;4
7;2025-11-26;5;170
7;2025-11-26;6;672
7;2025-11-26;7;1628
7;2025-11-26;8;2302
7;2025-11-26;9;1753
7;2025-11-26;10;1481
7;2025-11-26;11;1452
7;2025-11-26;12;1496
7;2025-11-26;13;1533
7;2025-11-26;14;1546
7;2025-11-26;15;1637
7;2025-11-26;16;1788
7;2025-11-26;17;2158
7;2025-11-26;18;2211
7;2025-11-26;19;1651
7;2025-11-26;20;1067
7;2025-11-26;21;647
7;2025-11-26;22;327
7;2025-11-26;23;192
7;2025-11-27;0;56
7;2025-11-27;1;11
7;2025-11-27;2;0
7;2025-11-27;3;0
7;2025-11-27;4;3
7;2025-11-27;5;166
7;2025-11-27;6;669
7;2025-11-27;7;1616
7;2025-11-27;8;2290
7;2025-11-27;9;1741
7;2025-11-27;10;1469
7;2025-11-27;11;1442
7;2025-11-27;12;1485
7;2025-11-27;13;1522
7;2025-11-27;14;1535
7;2025-11-27;15;1629
7;2025-11-27;16;1782
7;2025-11-27;17;2122
7;2025-11-27;18;2187
7;2025-11-27;19;1636
7;2025-11-27;20;1051
7;2025-11-27;21;639
7;2025-11-27;22;317
7;2025-11-27;23;182
7;2025-11-28;0;56
7;2025-11-28;1;11
7;2025-11-28;2;0
7;2025-11-28;3;0
7;2025-11-28;4;2
7;2025-11-28;5;163
7;2025-11-28;6;659
7;2025-11-28;7;1608
7;2025-11-28;8;2276
7;2025-11-28;9;1723
7;2025-11-28;10;1462
7;2025-11-28;11;1438
7;2025-11-28;12;1487
7;2025-11-28;13;1573
7;2025-11-28;14;1602
7;2025-11-28;15;1692
7;2025-11-28;16;1848
7;2025-11-28;17;2094
7;2025-11-28;18;1987
7;2025-11-28;19;1480
7;2025-11-28;20;990
7;2025-11-28;21;636
7;2025-11-28;22;322
7;2025-11-28;23;197
7;2025-11-29;0;83
7;2025-11-29;1;20
7;2025-11-29;2;0
7;2025-11-29;3;0
7;2025-11-29;4;0
7;2025-11-29;5;43
7;2025-11-29;6;202
7;2025-11-29;7;360
7;2025-11-29;8;521
7;2025-11-29;9;607
7;2025-11-29;10;693
7;2025-11-29;11;747
7;2025-11-29;12;805
7;2025-11-29;13;866
7;2025-11-29;14;864
7;2025-11-29;15;880
7;2025-11-29;16;870
7;2025-11-29;17;829
7;2025-11-29;18;778
7;2025-11-29;19;647
7;2025-11-29;20;445
7;2025-11-29;21;340
7;2025-11-29;22;186
7;2025-11-29;23;99
7;2025-11-30;0;86
7;2025-11-30;1;21
7;2025-11-30;2;0
7;2025-11-30;3;0
7;2025-11-30;4;0
7;2025-11-30;5;21
7;2025-11-30;6;123
7;2025-11-30;7;226
7;2025-11-30;8;370
7;2025-11-30;9;455
7;2025-11-30;10;547
7;2025-11-30;11;609
7;2025-11-30;12;674
7;2025-11-30;13;735
7;2025-11-30;14;733
7;2025-11-30;15;749
7;2025-11-30;16;756
7;2025-11-30;17;691
7;2025-11-30;18;631
7;2025-11-30;19;533
7;2025-11-30;20;349
7;2025-11-30;21;275
7;2025-11-30;22;142
7;2025-11-30;23;66
7;2025-12-01;0;58
7;2025-12-01;1;12
7;2025-12-01;2;0
7;2025-12-01;3;0
7;2025-12-01;4;2
7;2025-12-01;5;165
7;2025-12-01;6;725
7;2025-12-01;7;1599
7;2025-12-01;8;2221
7;2025-12-01;9;1735
7;2025-12-01;10;1452
7;2025-12-01;11;1416
7;2025-12-01;12;1442
7;2025-12-01;13;1473
7;2025-12-01;14;1487
7;2025-12-01;15;1572
7;2025-12-01;16;1727
7;2025-12-01;17;2076
7;2025-12-01;18;2138
7;2025-12-01;19;1634
7;2025-12-01;20;1037
7;2025-12-01;21;612
7;2025-12-01;22;297
7;2025-12-01;23;143
7;2025-12-02;0;56
7;2025-12-02;1;11
7;2025-12-02;2;0
7;2025-12-02;3;0
7;2025-12-02;4;6
7;2025-12-02;5;175
7;2025-12-02;6;740
7;2025-12-02;7;1611
7;2025-12-02;8;2242
7;2025-12-02;9;1770
7;2025-12-02;10;1480
7;2025-12-02;11;1448
7;2025-12-02;12;1474
7;2025-12-02;13;1503
7;2025-12-02;14;1518
7;2025-12-02;15;1601
7;2025-12-02;16;1753
7;2025-12-02;17;2108
7;2025-12-02;18;2186
7;2025-12-02;19;1648
7;2025-12-02;20;1063
7;2025-12-02;21;637
7;2025-12-02;22;321
7;2025-12-02;23;166
7;2025-12-03;0;55
7;2025-12-03;1;11
7;2025-12-03;2;0
7;2025-12-03;3;0
7;2025-12-03;4;6
7;2025-12-03;5;179
7;2025-12-03;6;741
7;2025-12-03;7;1620
7;2025-12-03;8;2243
7;2025-12-03;9;1769
7;2025-12-03;10;1491
7;2025-12-03;11;1458
7;2025-12-03;12;1483
7;2025-12-03;13;1513
7;2025-12-03;14;1527
7;2025-12-03;15;1609
7;2025-12-03;16;1761
7;2025-12-03;17;2108
7;2025-12-03;18;2170
7;2025-12-03;19;1649
7;2025-12-03;20;1074
7;2025-12-03;21;647
7;2025-12-03;22;332
7;2025-12-03;23;177
7;2025-12-04;0;58
7;2025-12-04;1;12
7;2025-12-04;2;0
7;2025-12-04;3;0
7;2025-12-04;4;5
7;2025-12-04;5;176
7;2025-12-04;6;744
7;2025-12-04;7;1615
7;2025-12-04;8;2237
7;2025-12-04;9;1765
7;2025-12-04;10;1486
7;2025-12-04;11;1454
7;2025-12-04;12;1480
7;2025-12-04;13;1509
7;2025-12-04;14;1524
7;2025-12-04;15;1608
7;2025-12-04;16;1763
7;2025-12-04;17;2095
7;2025-12-04;18;2169
7;2025-12-04;19;1648
7;2025-12-04;20;1071
7;2025-12-04;21;646
7;2025-12-04;22;328
7;2025-12-04;23;174
7;2025-12-05;0;58
7;2025-12-05;1;12
7;2025-12-05;2;0
7;2025-12-05;3;0
7;2025-12-05;4;5
7;2025-12-05;5;173
7;2025-12-05;6;730
7;2025-12-05;7;1598
7;2025-12-05;8;2215
7;2025-12-05;9;1748
7;2025-12-05;10;1480
7;2025-12-05;11;1452
7;2025-12-05;12;1482
7;2025-12-05;13;1564
7;2025-12-05;14;1595
7;2025-12-05;15;1675
7;2025-12-05;16;1832
7;2025-12-05;17;2071
7;2025-12-05;18;1978
7;2025-12-05;19;1506
7;2025-12-05;20;1019
7;2025-12-05;21;644
7;2025-12-05;22;334
7;2025-12-05;23;189
7;2025-12-06;0;84
7;2025-12-06;1;20
7;2025-12-06;2;0
7;2025-12-06;3;0
7;2025-12-06;4;0
7;2025-12-06;5;61
7;2025-12-06;6;281
7;2025-12-06;7;472
7;2025-12-06;8;633
7;2025-12-06;9;742
7;2025-12-06;10;884
7;2025-12-06;11;968
7;2025-12-06;12;1031
7;2025-12-06;13;1099
7;2025-12-06;14;1096
7;2025-12-06;15;1103
7;2025-12-06;16;1091
7;2025-12-06;17;1029
7;2025-12-06;18;984
7;2025-12-06;19;855
7;2025-12-06;20;657
7;2025-12-06;21;502
7;2025-12-06;22;340
7;2025-12-06;23;224
7;2025-12-07;0;86
7;2025-12-07;1;21
7;2025-12-07;2;0
7;2025-12-07;3;0
7;2025-12-07;4;0
7;2025-12-07;5;39
7;2025-12-07;6;196
7;2025-12-07;7;347
7;2025-12-07;8;487
7;2025-12-07;9;609
7;2025-12-07;10;766
7;2025-12-07;11;857
7;2025-12-07;12;935
7;2025-12-07;13;1002
7;2025-12-07;14;999
7;2025-12-07;15;1004
7;2025-12-07;16;1009
7;2025-12-07;17;927
7;2025-12-07;18;871
7;2025-12-07;19;735
7;2025-12-07;20;555
7;2025-12-07;21;431
7;2025-12-07;22;291
7;2025-12-07;23;182
7;2025-12-08;0;58
7;2025-12-08;1;12
7;2025-12-08;2;0
7;2025-12-08;3;0
7;2025-12-08;4;2
7;2025-12-08;5;165
7;2025-12-08;6;725
7;2025-12-08;7;1599
7;2025-12-08;8;2221
7;2025-12-08;9;1735
7;2025-12-08;10;1452
7;2025-12-08;11;1416
7;2025-12-08;12;1442
7;2025-12-08;13;1473
7;2025-12-08;14;1487
7;2025-12-08;15;1572
7;2025-12-08;16;1727
7;2025-12-08;17;2076
7;2025-12-08;18;2138
7;2025-12-08;19;1634
7;2025-12-08;20;1037
7;2025-12-08;21;612
7;2025-12-08;22;297
7;2025-12-08;23;143
7;2025-12-09;0;56
7;2025-12-09;1;11
7;2025-12-09;2;0
7;2025-12-09;3;0
7;2025-12-09;4;6
7;2025-12-09;5;175
7;2025-12-09;6;740
7;2025-12-09;7;1611
7;2025-12-09;8;2242
7;2025-12-09;9;1770
7;2025-12-09;10;1480
7;2025-12-09;11;1448
7;2025-12-09;12;1474
7;2025-12-09;13;1503
7;2025-12-09;14;1518
7;2025-12-09;15;1601
7;2025-12-09;16;1753
7;2025-12-09;17;2108
7;2025-12-09;18;2186
7;2025-12-09;19;1648
7;2025-12-09;20;1063
7;2025-12-09;21;637
7;2025-12-09;22;321
7;2025-12-09;23;166
7;2025-12-10;0;55
7;2025-12-10;1;11
7;2025-12-10;2;0
7;2025-12-10;3;0
7;2025-12-10;4;6
7;2025-12-10;5;179
7;2025-12-10;6;741
7;2025-12-10;7;1620
7;2025-12-10;8;2243
7;2025-12-10;9;1769
7;2025-12-10;10;1491
7;2025-12-10;11;1458
7;2025-12-10;12;1483
7;2025-12-10;13;1513
7;2025-12-10;14;1527
7;2025-12-10;15;1609
7;2025-12-10;16;1761
7;2025-12-10;17;2108
7;2025-12-10;18;2170
7;2025-12-10;19;1649
7;2025-12-10;20;1074
7;2025-12-10;21;647
7;2025-12-10;22;332
7;2025-12-10;23;177
7;2025-12-11;0;58
7;2025-12-11;1;12
7;2025-12-11;2;0
7;2025-12-11;3;0
7;2025-12-11;4;5
7;2025-12-11;5;176
7;2025-12-11;6;744
7;2025-12-11;7;1615
7;2025-12-11;8;2237
7;2025-12-11;9;1765
7;2025-12-11;10;1486
7;2025-12-11;11;1454
7;2025-12-11;12;1480
7;2025-12-11;13;1509
7;2025-12-11;14;1524
7;2025-12-11;15;1608
7;2025-12-11;16;1763
7;2025-12-11;17;2095
7;2025-12-11;18;2169
7;2025-12-11;19;1648
7;2025-12-11;20;1071
7;2025-12-11;21;646
7;2025-12-11;22;328
7;2025-12-11;23;174
7;2025-12-12;0;58
7;2025-12-12;1;12
7;2025-12-12;2;0
7;2025-12-12;3;0
7;2025-12-12;4;5
7;2025-12-12;5;173
7;2025-12-12;6;730
7;2025-12-12;7;1598
7;2025-12-12;8;2215
7;2025-12-12;9;1748
7;2025-12-12;10;1480
7;2025-12-12;11;1452
7;2025-12-12;12;1482
7;2025-12-12;13;1564
7;2025-12-12;14;1595
7;2025-12-12;15;1675
7;2025-12-12;16;1832
7;2025-12-12;17;2071
7;2025-12-12;18;1978
7;2025-12-12;19;1506
7;2025-12-12;20;1019
7;2025-12-12;21;644
7;2025-12-12;22;334
7;2025-12-12;23;189
7;2025-12-13;0;84
7;2025-12-13;1;20
7;2025-12-13;2;0
7;2025-12-13;3;0
7;2025-12-13;4;0
7;2025-12-13;5;61
7;2025-12-13;6;281
7;2025-12-13;7;472
7;2025-12-13;8;633
7;2025-12-13;9;742
7;2025-12-13;10;884
7;2025-12-13;11;968
7;2025-12-13;12;1031
7;2025-12-13;13;1099
7;2025-12-13;14;1096
7;2025-12-13;15;1103
7;2025-12-13;16;1091
7;2025-12-13;17;1029
7;2025-12-13;18;984
7;2025-12-13;19;855
7;2025-12-13;20;657
7;2025-12-13;21;502
7;2025-12-13;22;340
7;2025-12-13;23;224
7;2025-12-14;0;86
7;2025-12-14;1;21
7;2025-12-14;2;0
7;2025-12-14;3;0
7;2025-12-14;4;0
7;2025-12-14;5;39
7;2025-12-14;6;196
7;2025-12-14;7;347
7;2025-12-14;8;487
7;2025-12-14;9;609
7;2025-12-14;10;766
7;2025-12-14;11;857
7;2025-12-14;12;935
7;2025-12-14;13;1002
7;2025-12-14;14;999
7;2025-12-14;15;1004
7;2025-12-14;16;1009
7;2025-12-14;17;927
7;2025-12-14;18;871
7;2025-12-14;19;735
7;2025-12-14;20;555
7;2025-12-14;21;431
7;2025-12-14;22;291
7;2025-12-14;23;182
7;2025-12-15;0;58
7;2025-12-15;1;12
7;2025-12-15;2;0
7;2025-12-15;3;0
7;2025-12-15;4;2
7;2025-12-15;5;165
7;2025-12-15;6;725
7;2025-12-15;7;1599
7;2025-12-15;8;2221
7;2025-12-15;9;1735
7;2025-12-15;10;1452
7;2025-12-15;11;1416
7;2025-12-15;12;1442
7;2025-12-15;13;1473
7;2025-12-15;14;1487
7;2025-12-15;15;1572
7;2025-12-15;16;1727
7;2025-12-15;17;2076
7;2025-12-15;18;2138
7;2025-12-15;19;1634
7;2025-12-15;20;1037
7;2025-12-15;21;612
7;2025-12-15;22;297
7;2025-12-15;23;143
7;2025-12-16;0;56
7;2025-12-16;1;11
7;2025-12-16;2;0
7;2025-12-16;3;0
7;2025-12-16;4;6
7;2025-12-16;5;175
7;2025-12-16;6;740
7;2025-12-16;7;1611
7;2025-12-16;8;2242
7;2025-12-16;9;1770
7;2025-12-16;10;1480
7;2025-12-16;11;1448
7;2025-12-16;12;1474
7;2025-12-16;13;1503
7;2025-12-16;14;1518
7;2025-12-16;15;1601
7;2025-12-16;16;1753
7;2025-12-16;17;2108
7;2025-12-16;18;2186
7;2025-12-16;19;1648
7;2025-12-16;20;1063
7;2025-12-16;21;637
7;2025-12-16;22;321
7;2025-12-16;23;166
7;2025-12-17;0;55
7;2025-12-17;1;11
7;2025-12-17;2;0
7;2025-12-17;3;0
7;2025-12-17;4;6
7;2025-12-17;5;179
7;2025-12-17;6;741
7;2025-12-17;7;1620
7;2025-12-17;8;2243
7;2025-12-17;9;1769
7;2025-12-17;10;1491
7;2025-12-17;11;1458
7;2025-12-17;12;1483
7;2025-12-17;13;1513
7;2025-12-17;14;1527
7;2025-12-17;15;1609
7;2025-12-17;16;1761
7;2025-12-17;17;2108
7;2025-12-17;18;2170
7;2025-12-17;19;1649
7;2025-12-17;20;1074
7;2025-12-17;21;647
7;2025-12-17;22;332
7;2025-12-17;23;177
7;2025-12-18;0;58
7;2025-12-18;1;12
7;2025-12-18;2;0
7;2025-12-18;3;0
7;2025-12-18;4;5
7;2025-12-18;5;176
7;2025-12-18;6;744
7;2025-12-18;7;1615
7;2025-12-18;8;2237
7;2025-12-18;9;1765
7;2025-12-18;10;1486
7;2025-12-18;11;1454
7;2025-12-18;12;1480
7;2025-12-18;13;1509
7;2025-12-18;14;1524
7;2025-12-18;15;1608
7;2025-12-18;16;1763
7;2025-12-18;17;2095
7;2025-12-18;18;2169
7;2025-12-18;19;1648
7;2025-12-18;20;1071
7;2025-12-18;21;646
7;2025-12-18;22;328
7;2025-12-18;23;174
7;2025-12-19;0;58
7;2025-12-19;1;12
7;2025-12-19;2;0
7;2025-12-19;3;0
7;2025-12-19;4;5
7;2025-12-19;5;173
7;2025-12-19;6;730
7;2025-12-19;7;1598
7;2025-12-19;8;2215
7;2025-12-19;9;1748
7;2025-12-19;10;1480
7;2025-12-19;11;1452
7;2025-12-19;12;1482
7;2025-12-19;13;1564
7;2025-12-19;14;1595
7;2025-12-19;15;1675
7;2025-12-19;16;1832
7;2025-12-19;17;2071
7;2025-12-19;18;1978
7;2025-12-19;19;1506
7;2025-12-19;20;1019
7;2025-12-19;21;644
7;2025-12-19;22;334
7;2025-12-19;23;189
7;2025-12-20;0;84
7;2025-12-20;1;20
7;2025-12-20;2;0
7;2025-12-20;3;0
7;2025-12-20;4;0
7;2025-12-20;5;61
7;2025-12-20;6;281
7;2025-12-20;7;472
7;2025-12-20;8;633
7;2025-12-20;9;742
7;2025-12-20;10;884
7;2025-12-20;11;968
7;2025-12-20;12;1031
7;2025-12-20;13;1099
7;2025-12-20;14;1096
7;2025-12-20;15;1103
7;2025-12-20;16;1091
7;2025-12-20;17;1029
7;2025-12-20;18;984
7;2025-12-20;19;855
7;2025-12-20;20;657
7;2025-12-20;21;502
7;2025-12-20;22;340
7;2025-12-20;23;224
7;2025-12-21;0;86
7;2025-12-21;1;21
7;2025-12-21;2;0
7;2025-12-21;3;0
7;2025-12-21;4;0
7;2025-12-21;5;39
7;2025-12-21;6;196
7;2025-12-21;7;347
7;2025-12-21;8;487
7;2025-12-21;9;609
7;2025-12-21;10;766
7;2025-12-21;11;857
7;2025-12-21;12;935
7;2025-12-21;13;1002
7;2025-12-21;14;999
7;2025-12-21;15;1004
7;2025-12-21;16;1009
7;2025-12-21;17;927
7;2025-12-21;18;871
7;2025-12-21;19;735
7;2025-12-21;20;555
7;2025-12-21;21;431
7;2025-12-21;22;291
7;2025-12-21;23;182
7;2025-12-22;0;58
7;2025-12-22;1;12
7;2025-12-22;2;0
7;2025-12-22;3;0
7;2025-12-22;4;2
7;2025-12-22;5;165
7;2025-12-22;6;725
7;2025-12-22;7;1599
7;2025-12-22;8;2221
7;2025-12-22;9;1735
7;2025-12-22;10;1452
7;2025-12-22;11;1416
7;2025-12-22;12;1442
7;2025-12-22;13;1473
7;2025-12-22;14;1487
7;2025-12-22;15;1572
7;2025-12-22;16;1727
7;2025-12-22;17;2076
7;2025-12-22;18;2138
7;2025-12-22;19;1634
7;2025-12-22;20;1037
7;2025-12-22;21;612
7;2025-12-22;22;297
7;2025-12-22;23;143
7;2025-12-23;0;56
7;2025-12-23;1;11
7;2025-12-23;2;0
7;2025-12-23;3;0
7;2025-12-23;4;6
7;2025-12-23;5;175
7;2025-12-23;6;740
7;2025-12-23;7;1611
7;2025-12-23;8;2242
7;2025-12-23;9;1770
7;2025-12-23;10;1480
7;2025-12-23;11;1448
7;2025-12-23;12;1474
7;2025-12-23;13;1503
7;2025-12-23;14;1518
7;2025-12-23;15;1601
7;2025-12-23;16;1753
7;2025-12-23;17;2108
7;2025-12-23;18;2186
7;2025-12-23;19;1648
7;2025-12-23;20;1063
7;2025-12-23;21;637
7;2025-12-23;22;321
7;2025-12-23;23;166
7;2025-12-24;0;55
7;2025-12-24;1;11
7;2025-12-24;2;0
7;2025-12-24;3;0
7;2025-12-24;4;6
7;2025-12-24;5;179
7;2025-12-24;6;741
7;2025-12-24;7;1620
7;2025-12-24;8;2243
7;2025-12-24;9;1769
7;2025-12-24;10;1491
7;2025-12-24;11;1458
7;2025-12-24;12;1483
7;2025-12-24;13;1513
7;2025-12-24;14;1527
7;2025-12-24;15;1609
7;2025-12-24;16;1761
7;2025-12-24;17;2108
7;2025-12-24;18;2170
7;2025-12-24;19;1649
7;2025-12-24;20;1074
7;2025-12-24;21;647
7;2025-12-24;22;332
7;2025-12-24;23;177
7;2025-12-25;0;58
7;2025-12-25;1;12
7;2025-12-25;2;0
7;2025-12-25;3;0
7;2025-12-25;4;5
7;2025-12-25;5;176
7;2025-12-25;6;744
7;2025-12-25;7;1615
7;2025-12-25;8;2237
7;2025-12-25;9;1765
7;2025-12-25;10;1486
7;2025-12-25;11;1454
7;2025-12-25;12;1480
7;2025-12-25;13;1509
7;2025-12-25;14;1524
7;2025-12-25;15;1608
7;2025-12-25;16;1763
7;2025-12-25;17;2095
7;2025-12-25;18;2169
7;2025-12-25;19;1648
7;2025-12-25;20;1071
7;2025-12-25;21;646
7;2025-12-25;22;328
7;2025-12-25;23;174
7;2025-12-26;0;58
7;2025-12-26;1;12
7;2025-12-26;2;0
7;2025-12-26;3;0
7;2025-12-26;4;5
7;2025-12-26;5;173
7;2025-12-26;6;730
7;2025-12-26;7;1598
7;2025-12-26;8;2215
7;2025-12-26;9;1748
7;2025-12-26;10;1480
7;2025-12-26;11;1452
7;2025-12-26;12;1482
7;2025-12-26;13;1564
7;2025-12-26;14;1595
7;2025-12-26;15;1675
7;2025-12-26;16;1832
7;2025-12-26;17;2071
7;2025-12-26;18;1978
7;2025-12-26;19;1506
7;2025-12-26;20;1019
7;2025-12-26;21;644
7;2025-12-26;22;334
7;2025-12-26;23;189
7;2025-12-27;0;84
7;2025-12-27;1;20
7;2025-12-27;2;0
7;2025-12-27;3;0
7;2025-12-27;4;0
7;2025-12-27;5;61
7;2025-12-27;6;281
7;2025-12-27;7;472
7;2025-12-27;8;633
7;2025-12-27;9;742
7;2025-12-27;10;884
7;2025-12-27;11;968
7;2025-12-27;12;1031
7;2025-12-27;13;1099
7;2025-12-27;14;1096
7;2025-12-27;15;1103
7;2025-12-27;16;1091
7;2025-12-27;17;1029
7;2025-12-27;18;984
7;2025-12-27;19;855
7;2025-12-27;20;657
7;2025-12-27;21;502
7;2025-12-27;22;340
7;2025-12-27;23;224
7;2025-12-28;0;86
7;2025-12-28;1;21
7;2025-12-28;2;0
7;2025-12-28;3;0
7;2025-12-28;4;0
7;2025-12-28;5;39
7;2025-12-28;6;196
7;2025-12-28;7;347
7;2025-12-28;8;487
7;2025-12-28;9;609
7;2025-12-28;10;766
7;2025-12-28;11;857
7;2025-12-28;12;935
7;2025-12-28;13;1002
7;2025-12-28;14;999
7;2025-12-28;15;1004
7;2025-12-28;16;1009
7;2025-12-28;17;927
7;2025-12-28;18;871
7;2025-12-28;19;735
7;2025-12-28;20;555
7;2025-12-28;21;431
7;2025-12-28;22;291
7;2025-12-28;23;182
7;2025-12-29;0;58
7;2025-12-29;1;12
7;2025-12-29;2;0
7;2025-12-29;3;0
7;2025-12-29;4;2
7;2025-12-29;5;165
7;2025-12-29;6;725
7;2025-12-29;7;1599
7;2025-12-29;8;2221
7;2025-12-29;9;1735
7;2025-12-29;10;1452
7;2025-12-29;11;1416
7;2025-12-29;12;1442
7;2025-12-29;13;1473
7;2025-12-29;14;1487
7;2025-12-29;15;1572
7;2025-12-29;16;1727
7;2025-12-29;17;2076
7;2025-12-29;18;2138
7;2025-12-29;19;1634
7;2025-12-29;20;1037
7;2025-12-29;21;612
7;2025-12-29;22;297
7;2025-12-29;23;143
7;2025-12-30;0;56
7;2025-12-30;1;11
7;2025-12-30;2;0
7;2025-12-30;3;0
7;2025-12-30;4;6
7;2025-12-30;5;175
7;2025-12-30;6;740
7;2025-12-30;7;1611
7;2025-12-30;8;2242
7;2025-12-30;9;1770
7;2025-12-30;10;1480
7;2025-12-30;11;1448
7;2025-12-30;12;1474
7;2025-12-30;13;1503
7;2025-12-30;14;1518
7;2025-12-30;15;1601
7;2025-12-30;16;1753
7;2025-12-30;17;2108
7;2025-12-30;18;2186
7;2025-12-30;19;1648
7;2025-12-30;20;1063
7;2025-12-30;21;637
7;2025-12-30;22;321
7;2025-12-30;23;166
7;2025-12-31;0;74
7;2025-12-31;1;17
7;2025-12-31;2;0
7;2025-12-31;3;0
7;2025-12-31;4;0
7;2025-12-31;5;58
7;2025-12-31;6;228
7;2025-12-31;7;396
7;2025-12-31;8;640
7;2025-12-31;9;659
7;2025-12-31;10;792
7;2025-12-31;11;872
7;2025-12-31;12;935
7;2025-12-31;13;1000
7;2025-12-31;14;998
7;2025-12-31;15;1011
7;2025-12-31;16;1015
7;2025-12-31;17;977
7;2025-12-31;18;936
7;2025-12-31;19;789
7;2025-12-31;20;577
7;2025-12-31;21;451
7;2025-12-31;22;289
7;2025-12-31;23;170
11;2025-11-01;0;66
11;2025-11-01;1;1
11;2025-11-01;2;0
11;2025-11-01;3;0
11;2025-11-01;4;0
11;2025-11-01;5;361
11;2025-11-01;6;1421
11;2025-11-01;7;2550
11;2025-11-01;8;3060
11;2025-11-01;9;2587
11;2025-11-01;10;2152
11;2025-11-01;11;2102
11;2025-11-01;12;2150
11;2025-11-01;13;2186
11;2025-11-01;14;2199
11;2025-11-01;15;2300
11;2025-11-01;16;2479
11;2025-11-01;17;2905
11;2025-11-01;18;2984
11;2025-11-01;19;2378
11;2025-11-01;20;1643
11;2025-11-01;21;991
11;2025-11-01;22;527
11;2025-11-01;23;315
11;2025-11-02;0;93
11;2025-11-02;1;9
11;2025-11-02;2;0
11;2025-11-02;3;0
11;2025-11-02;4;0
11;2025-11-02;5;142
11;2025-11-02;6;519
11;2025-11-02;7;804
11;2025-11-02;8;906
11;2025-11-02;9;1041
11;2025-11-02;10;1321
11;2025-11-02;11;1469
11;2025-11-02;12;1547
11;2025-11-02;13;1621
11;2025-11-02;14;1618
11;2025-11-02;15;1644
11;2025-11-02;16;1664
11;2025-11-02;17;1593
11;2025-11-02;18;1519
11;2025-11-02;19;1304
11;2025-11-02;20;1006
11;2025-11-02;21;689
11;2025-11-02;22;412
11;2025-11-02;23;254
11;2025-11-03;0;83
11;2025-11-03;1;7
11;2025-11-03;2;0
11;2025-11-03;3;1
11;2025-11-03;4;0
11;2025-11-03;5;191
11;2025-11-03;6;616
11;2025-11-03;7;917
11;2025-11-03;8;1134
11;2025-11-03;9;1152
11;2025-11-03;10;1385
11;2025-11-03;11;1518
11;2025-11-03;12;1589
11;2025-11-03;13;1674
11;2025-11-03;14;1671
11;2025-11-03;15;1701
11;2025-11-03;16;1725
11;2025-11-03;17;1731
11;2025-11-03;18;1673
11;2025-11-03;19;1430
11;2025-11-03;20;1075
11;2025-11-03;21;721
11;2025-11-03;22;418
11;2025-11-03;23;256
11;2025-11-04;0;86
11;2025-11-04;1;13
11;2025-11-04;2;4
11;2025-11-04;3;3
11;2025-11-04;4;0
11;2025-11-04;5;137
11;2025-11-04;6;534
11;2025-11-04;7;828
11;2025-11-04;8;1031
11;2025-11-04;9;1078
11;2025-11-04;10;1308
11;2025-11-04;11;1443
11;2025-11-04;12;1511
11;2025-11-04;13;1580
11;2025-11-04;14;1578
11;2025-11-04;15;1602
11;2025-11-04;16;1619
11;2025-11-04;17;1620
11;2025-11-04;18;1566
11;2025-11-04;19;1315
11;2025-11-04;20;1004
11;2025-11-04;21;677
11;2025-11-04;22;385
11;2025-11-04;23;232
11;2025-11-05;0;60
11;2025-11-05;1;2
11;2025-11-05;2;0
11;2025-11-05;3;0
11;2025-11-05;4;0
11;2025-11-05;5;319
11;2025-11-05;6;1320
11;2025-11-05;7;2480
11;2025-11-05;8;3095
11;2025-11-05;9;2475
11;2025-11-05;10;2030
11;2025-11-05;11;1970
11;2025-11-05;12;2018
11;2025-11-05;13;2060
11;2025-11-05;14;2075
11;2025-11-05;15;2182
11;2025-11-05;16;2379
11;2025-11-05;17;2872
11;2025-11-05;18;2953
11;2025-11-05;19;2306
11;2025-11-05;20;1573
11;2025-11-05;21;921
11;2025-11-05;22;453
11;2025-11-05;23;237
11;2025-11-06;0;61
11;2025-11-06;1;2
11;2025-11-06;2;0
11;2025-11-06;3;0
11;2025-11-06;4;0
11;2025-11-06;5;323
11;2025-11-06;6;1328
11;2025-11-06;7;2487
11;2025-11-06;8;3102
11;2025-11-06;9;2482
11;2025-11-06;10;2038
11;2025-11-06;11;1979
11;2025-11-06;12;2027
11;2025-11-06;13;2070
11;2025-11-06;14;2084
11;2025-11-06;15;2194
11;2025-11-06;16;2394
11;2025-11-06;17;2852
11;2025-11-06;18;2945
11;2025-11-06;19;2302
11;2025-11-06;20;1567
11;2025-11-06;21;932
11;2025-11-06;22;460
11;2025-11-06;23;245
11;2025-11-07;0;61
11;2025-11-07;1;2
11;2025-11-07;2;0
11;2025-11-07;3;0
11;2025-11-07;4;0
11;2025-11-07;5;318
11;2025-11-07;6;1312
11;2025-11-07;7;2475
11;2025-11-07;8;3080
11;2025-11-07;9;2456
11;2025-11-07;10;2020
11;2025-11-07;11;1968
11;2025-11-07;12;2022
11;2025-11-07;13;2118
11;2025-11-07;14;2149
11;2025-11-07;15;2258
11;2025-11-07;16;2462
11;2025-11-07;17;2813
11;2025-11-07;18;2714
11;2025-11-07;19;2126
11;2025-11-07;20;1494
11;2025-11-07;21;927
11;2025-11-07;22;465
11;2025-11-07;23;261
11;2025-11-08;0;87
11;2025-11-08;1;6
11;2025-11-08;2;0
11;2025-11-08;3;0
11;2025-11-08;4;1
11;2025-11-08;5;221
11;2025-11-08;6;689
11;2025-11-08;7;1012
11;2025-11-08;8;1136
11;2025-11-08;9;1273
11;2025-11-08;10;1518
11;2025-11-08;11;1653
11;2025-11-08;12;1723
11;2025-11-08;13;1790
11;2025-11-08;14;1788
11;2025-11-08;15;1814
11;2025-11-08;16;1815
11;2025-11-08;17;1778
11;2025-11-08;18;1714
11;2025-11-08;19;1482
11;2025-11-08;20;1164
11;2025-11-08;21;787
11;2025-11-08;22;485
11;2025-11-08;23;321
11;2025-11-09;0;93
11;2025-11-09;1;9
11;2025-11-09;2;0
11;2025-11-09;3;0
11;2025-11-09;4;0
11;2025-11-09;5;142
11;2025-11-09;6;519
11;2025-11-09;7;804
11;2025-11-09;8;906
11;2025-11-09;9;1041
11;2025-11-09;10;1321
11;2025-11-09;11;1469
11;2025-11-09;12;1547
11;2025-11-09;13;1621
11;2025-11-09;14;1618
11;2025-11-09;15;1644
11;2025-11-09;16;1664
11;2025-11-09;17;1593
11;2025-11-09;18;1519
11;2025-11-09;19;1304
11;2025-11-09;20;1006
11;2025-11-09;21;689
11;2025-11-09;22;412
11;2025-11-09;23;254
11;2025-11-10;0;61
11;2025-11-10;1;3
11;2025-11-10;2;0
11;2025-11-10;3;0
11;2025-11-10;4;0
11;2025-11-10;5;309
11;2025-11-10;6;1303
11;2025-11-10;7;2461
11;2025-11-10;8;3075
11;2025-11-10;9;2448
11;2025-11-10;10;1997
11;2025-11-10;11;1936
11;2025-11-10;12;1986
11;2025-11-10;13;2032
11;2025-11-10;14;2047
11;2025-11-10;15;2156
11;2025-11-10;16;2358
11;2025-11-10;17;2836
11;2025-11-10;18;2917
11;2025-11-10;19;2295
11;2025-11-10;20;1539
11;2025-11-10;21;897
11;2025-11-10;22;430
11;2025-11-10;23;216
11;2025-11-11;0;61
11;2025-11-11;1;2
11;2025-11-11;2;0
11;2025-11-11;3;0
11;2025-11-11;4;0
11;2025-11-11;5;318
11;2025-11-11;6;1320
11;2025-11-11;7;2479
11;2025-11-11;8;3102
11;2025-11-11;9;2483
11;2025-11-11;10;2026
11;2025-11-11;11;1966
11;2025-11-11;12;2014
11;2025-11-11;13;2056
11;2025-11-11;14;2071
11;2025-11-11;15;2181
11;2025-11-11;16;2378
11;2025-11-11;17;2863
11;2025-11-11;18;2967
11;2025-11-11;19;2298
11;2025-11-11;20;1555
11;2025-11-11;21;919
11;2025-11-11;22;451
11;2025-11-11;23;235
11;2025-11-12;0;60
11;2025-11-12;1;2
11;2025-11-12;2;0
11;2025-11-12;3;0
11;2025-11-12;4;0
11;2025-11-12;5;319
11;2025-11-12;6;1320
11;2025-11-12;7;2480
11;2025-11-12;8;3095
11;2025-11-12;9;2475
11;2025-11-12;10;2030
11;2025-11-12;11;1970
11;2025-11-12;12;2018
11;2025-11-12;13;2060
11;2025-11-12;14;2075
11;2025-11-12;15;2182
11;2025-11-12;16;2379
11;2025-11-12;17;2872
11;2025-11-12;18;2953
11;2025-11-12;19;2306
11;2025-11-12;20;1573
11;2025-11-12;21;921
11;2025-11-12;22;453
11;2025-11-12;23;237
11;2025-11-13;0;61
11;2025-11-13;1;2
11;2025-11-13;2;0
11;2025-11-13;3;0
11;2025-11-13;4;0
11;2025-11-13;5;323
11;2025-11-13;6;1328
11;2025-11-13;7;2487
11;2025-11-13;8;3102
11;2025-11-13;9;2482
11;2025-11-13;10;2038
11;2025-11-13;11;1979
11;2025-11-13;12;2027
11;2025-11-13;13;2070
11;2025-11-13;14;2084
11;2025-11-13;15;2194
11;2025-11-13;16;2394
11;2025-11-13;17;2852
11;2025-11-13;18;2945
11;2025-11-13;19;2302
11;2025-11-13;20;1567
11;2025-11-13;21;932
11;2025-11-13;22;460
11;2025-11-13;23;245
11;2025-11-14;0;61
11;2025-11-14;1;2
11;2025-11-14;2;0
11;2025-11-14;3;0
11;2025-11-14;4;0
11;2025-11-14;5;318
11;2025-11-14;6;1312
11;2025-11-14;7;2475
11;2025-11-14;8;3080
11;2025-11-14;9;2456
11;2025-11-14;10;2020
11;2025-11-14;11;1968
11;2025-11-14;12;2022
11;2025-11-14;13;2118
11;2025-11-14;14;2149
11;2025-11-14;15;2258
11;2025-11-14;16;2462
11;2025-11-14;17;2813
11;2025-11-14;18;2714
11;2025-11-14;19;2126
11;2025-11-14;20;1494
11;2025-11-14;21;927
11;2025-11-14;22;465
11;2025-11-14;23;261
11;2025-11-15;0;87
11;2025-11-15;1;6
11;2025-11-15;2;0
11;2025-11-15;3;0
11;2025-11-15;4;1
11;2025-11-15;5;221
11;2025-11-15;6;689
11;2025-11-15;7;1012
11;2025-11-15;8;1136
11;2025-11-15;9;1273
11;2025-11-15;10;1518
11;2025-11-15;11;1653
11;2025-11-15;12;1723
11;2025-11-15;13;1790
11;2025-11-15;14;1788
11;2025-11-15;15;1814
11;2025-11-15;16;1815
11;2025-11-15;17;1778
11;2025-11-15;18;1714
11;2025-11-15;19;1482
11;2025-11-15;20;1164
11;2025-11-15;21;787
11;2025-11-15;22;485
11;2025-11-15;23;321
11;2025-11-16;0;93
11;2025-11-16;1;9
11;2025-11-16;2;0
11;2025-11-16;3;0
11;2025-11-16;4;0
11;2025-11-16;5;142
11;2025-11-16;6;519
11;2025-11-16;7;804
11;2025-11-16;8;906
11;2025-11-16;9;1041
11;2025-11-16;10;1321
11;2025-11-16;11;1469
11;2025-11-16;12;1547
11;2025-11-16;13;1621
11;2025-11-16;14;1618
11;2025-11-16;15;1644
11;2025-11-16;16;1664
11;2025-11-16;17;1593
11;2025-11-16;18;1519
11;2025-11-16;19;1304
11;2025-11-16;20;1006
11;2025-11-16;21;689
11;2025-11-16;22;412
11;2025-11-16;23;254
11;2025-11-17;0;61
11;2025-11-17;1;3
11;2025-11-17;2;0
11;2025-11-17;3;0
11;2025-11-17;4;0
11;2025-11-17;5;309
11;2025-11-17;6;1303
11;2025-11-17;7;2461
11;2025-11-17;8;3075
11;2025-11-17;9;2448
11;2025-11-17;10;1997
11;2025-11-17;11;1936
11;2025-11-17;12;1986
11;2025-11-17;13;2032
11;2025-11-17;14;2047
11;2025-11-17;15;2156
11;2025-11-17;16;2358
11;2025-11-17;17;2836
11;2025-11-17;18;2917
11;2025-11-17;19;2295
11;2025-11-17;20;1539
11;2025-11-17;21;897
11;2025-11-17;22;430
11;2025-11-17;23;216
11;2025-11-18;0;61
11;2025-11-18;1;2
11;2025-11-18;2;0
11;2025-11-18;3;0
11;2025-11-18;4;0
11;2025-11-18;5;318
11;2025-11-18;6;1320
11;2025-11-18;7;2479
11;2025-11-18;8;3102
11;2025-11-18;9;2483
11;2025-11-18;10;2026
11;2025-11-18;11;1966
11;2025-11-18;12;2014
11;2025-11-18;13;2056
11;2025-11-18;14;2071
11;2025-11-18;15;2181
11;2025-11-18;16;2378
11;2025-11-18;17;2863
11;2025-11-18;18;2967
11;2025-11-18;19;2298
11;2025-11-18;20;1555
11;2025-11-18;21;919
11;2025-11-18;22;451
11;2025-11-18;23;235
11;2025-11-19;0;60
11;2025-11-19;1;2
11;2025-11-19;2;0
11;2025-11-19;3;0
11;2025-11-19;4;0
11;2025-11-19;5;319
11;2025-11-19;6;1320
11;2025-11-19;7;2480
11;2025-11-19;8;3095
11;2025-11-19;9;2475
11;2025-11-19;10;2030
11;2025-11-19;11;1970
11;2025-11-19;12;2018
11;2025-11-19;13;2060
11;2025-11-19;14;2075
11;2025-11-19;15;2182
11;2025-11-19;16;2379
11;2025-11-19;17;2872
11;2025-11-19;18;2953
11;2025-11-19;19;2306
11;2025-11-19;20;1573
11;2025-11-19;21;921
11;2025-11-19;22;453
11;2025-11-19;23;237
11;2025-11-20;0;61
11;2025-11-20;1;2
11;2025-11-20;2;0
11;2025-11-20;3;0
11;2025-11-20;4;0
11;2025-11-20;5;323
11;2025-11-20;6;1328
11;2025-11-20;7;2487
11;2025-11-20;8;3102
11;2025-11-20;9;2482
11;2025-11-20;10;2038
11;2025-11-20;11;1979
11;2025-11-20;12;2027
11;2025-11-20;13;2070
11;2025-11-20;14;2084
11;2025-11-20;15;2194
11;2025-11-20;16;2394
11;2025-11-20;17;2852
11;2025-11-20;18;2945
11;2025-11-20;19;2302
11;2025-11-20;20;1567
11;2025-11-20;21;932
11;2025-11-20;22;460
11;2025-11-20;23;245
11;2025-11-21;0;61
11;2025-11-21;1;2
11;2025-11-21;2;0
11;2025-11-21;3;0
11;2025-11-21;4;0
11;2025-11-21;5;318
11;2025-11-21;6;1312
11;2025-11-21;7;2475
11;2025-11-21;8;3080
11;2025-11-21;9;2456
11;2025-11-21;10;2020
11;2025-11-21;11;1968
11;2025-11-21;12;2022
11;2025-11-21;13;2118
11;2025-11-21;14;2149
11;2025-11-21;15;2258
11;2025-11-21;16;2462
11;2025-11-21;17;2813
11;2025-11-21;18;2714
11;2025-11-21;19;2126
11;2025-11-21;20;1494
11;2025-11-21;21;927
11;2025-11-21;22;465
11;2025-11-21;23;261
11;2025-11-22;0;87
11;2025-11-22;1;6
11;2025-11-22;2;0
11;2025-11-22;3;0
11;2025-11-22;4;1
11;2025-11-22;5;221
11;2025-11-22;6;689
11;2025-11-22;7;1012
11;2025-11-22;8;1136
11;2025-11-22;9;1273
11;2025-11-22;10;1518
11;2025-11-22;11;1653
11;2025-11-22;12;1723
11;2025-11-22;13;1790
11;2025-11-22;14;1788
11;2025-11-22;15;1814
11;2025-11-22;16;1815
11;2025-11-22;17;1778
11;2025-11-22;18;1714
11;2025-11-22;19;1482
11;2025-11-22;20;1164
11;2025-11-22;21;787
11;2025-11-22;22;485
11;2025-11-22;23;321
11;2025-11-23;0;93
11;2025-11-23;1;9
11;2025-11-23;2;0
11;2025-11-23;3;0
11;2025-11-23;4;0
11;2025-11-23;5;142
11;2025-11-23;6;519
11;2025-11-23;7;804
11;2025-11-23;8;906
11;2025-11-23;9;1041
11;2025-11-23;10;1321
11;2025-11-23;11;1469
11;2025-11-23;12;1547
11;2025-11-23;13;1621
11;2025-11-23;14;1618
11;2025-11-23;15;1644
11;2025-11-23;16;1664
11;2025-11-23;17;1593
11;2025-11-23;18;1519
11;2025-11-23;19;1304
11;2025-11-23;20;1006
11;2025-11-23;21;689
11;2025-11-23;22;412
11;2025-11-23;23;254
11;2025-11-24;0;61
11;2025-11-24;1;3
11;2025-11-24;2;0
11;2025-11-24;3;0
11;2025-11-24;4;0
11;2025-11-24;5;309
11;2025-11-24;6;1303
11;2025-11-24;7;2461
11;2025-11-24;8;3075
11;2025-11-24;9;2448
11;2025-11-24;10;1997
11;2025-11-24;11;1936
11;2025-11-24;12;1986
11;2025-11-24;13;2032
11;2025-11-24;14;2047
11;2025-11-24;15;2156
11;2025-11-24;16;2358
11;2025-11-24;17;2836
11;2025-11-24;18;2917
11;2025-11-24;19;2295
11;2025-11-24;20;1539
11;2025-11-24;21;897
11;2025-11-24;22;430
11;2025-11-24;23;216
11;2025-11-25;0;61
11;2025-11-25;1;2
11;2025-11-25;2;0
11;2025-11-25;3;0
11;2025-11-25;4;0
11;2025-11-25;5;318
11;2025-11-25;6;1320
11;2025-11-25;7;2479
11;2025-11-25;8;3102
11;2025-11-25;9;2483
11;2025-11-25;10;2026
11;2025-11-25;11;1966
11;2025-11-25;12;2014
11;2025-11-25;13;2056
11;2025-11-25;14;2071
11;2025-11-25;15;2181
11;2025-11-25;16;2378
11;2025-11-25;17;2863
11;2025-11-25;18;2967
11;2025-11-25;19;2298
11;2025-11-25;20;1555
11;2025-11-25;21;919
11;2025-11-25;22;451
11;2025-11-25;23;235
11;2025-11-26;0;60
11;2025-11-26;1;2
11;2025-11-26;2;0
11;2025-11-26;3;0
11;2025-11-26;4;0
11;2025-11-26;5;319
11;2025-11-26;6;1320
11;2025-11-26;7;2480
11;2025-11-26;8;3095
11;2025-11-26;9;2475
11;2025-11-26;10;2030
11;2025-11-26;11;1970
11;2025-11-26;12;2018
11;2025-11-26;13;2060
11;2025-11-26;14;2075
11;2025-11-26;15;2182
11;2025-11-26;16;2379
11;2025-11-26;17;2872
11;2025-11-26;18;2953
11;2025-11-26;19;2306
11;2025-11-26;20;1573
11;2025-11-26;21;921
11;2025-11-26;22;453
11;2025-11-26;23;237
11;2025-11-27;0;61
11;2025-11-27;1;2
11;2025-11-27;2;0
11;2025-11-27;3;0
11;2025-11-27;4;0
11;2025-11-27;5;323
11;2025-11-27;6;1328
11;2025-11-27;7;2487
11;2025-11-27;8;3102
11;2025-11-27;9;2482
11;2025-11-27;10;2038
11;2025-11-27;11;1979
11;2025-11-27;12;2027
11;2025-11-27;13;2070
11;2025-11-27;14;2084
11;2025-11-27;15;2194
11;2025-11-27;16;2394
11;2025-11-27;17;2852
11;2025-11-27;18;2945
11;2025-11-27;19;2302
11;2025-11-27;20;1567
11;2025-11-27;21;932
11;2025-11-27;22;460
11;2025-11-27;23;245
11;2025-11-28;0;61
11;2025-11-28;1;2
11;2025-11-28;2;0
11;2025-11-28;3;0
11;2025-11-28;4;0
11;2025-11-28;5;318
11;2025-11-28;6;1312
11;2025-11-28;7;2475
11;2025-11-28;8;3080
11;2025-11-28;9;2456
11;2025-11-28;10;2020
11;2025-11-28;11;1968
11;2025-11-28;12;2022
11;2025-11-28;13;2118
11;2025-11-28;14;2149
11;2025-11-28;15;2258
11;2025-11-28;16;2462
11;2025-11-28;17;2813
11;2025-11-28;18;2714
11;2025-11-28;19;2126
11;2025-11-28;20;1494
11;2025-11-28;21;927
11;2025-11-28;22;465
11;2025-11-28;23;261
11;2025-11-29;0;87
11;2025-11-29;1;6
11;2025-11-29;2;0
11;2025-11-29;3;0
11;2025-11-29;4;1
11;2025-11-29;5;221
11;2025-11-29;6;689
11;2025-11-29;7;1012
11;2025-11-29;8;1136
11;2025-11-29;9;1273
11;2025-11-29;10;1518
11;2025-11-29;11;1653
11;2025-11-29;12;1723
11;2025-11-29;13;1790
11;2025-11-29;14;1788
11;2025-11-29;15;1814
11;2025-11-29;16;1815
11;2025-11-29;17;1778
11;2025-11-29;18;1714
11;2025-11-29;19;1482
11;2025-11-29;20;1164
11;2025-11-29;21;787
11;2025-11-29;22;485
11;2025-11-29;23;321
11;2025-11-30;0;93
11;2025-11-30;1;9
11;2025-11-30;2;0
11;2025-11-30;3;0
11;2025-11-30;4;0
11;2025-11-30;5;142
11;2025-11-30;6;519
11;2025-11-30;7;804
11;2025-11-30;8;906
11;2025-11-30;9;1041
11;2025-11-30;10;1321
11;2025-11-30;11;1469
11;2025-11-30;12;1547
11;2025-11-30;13;1621
11;2025-11-30;14;1618
11;2025-11-30;15;1644
11;2025-11-30;16;1664
11;2025-11-30;17;1593
11;2025-11-30;18;1519
11;2025-11-30;19;1304
11;2025-11-30;20;1006
11;2025-11-30;21;689
11;2025-11-30;22;412
11;2025-11-30;23;254
11;2025-12-01;0;64
11;2025-12-01;1;3
11;2025-12-01;2;0
11;2025-12-01;3;0
11;2025-12-01;4;0
11;2025-12-01;5;332
11;2025-12-01;6;1310
11;2025-12-01;7;2408
11;2025-12-01;8;2975
11;2025-12-01;9;2432
11;2025-12-01;10;1996
11;2025-12-01;11;1942
11;2025-12-01;12;1972
11;2025-12-01;13;2011
11;2025-12-01;14;2026
11;2025-12-01;15;2126
11;2025-12-01;16;2329
11;2025-12-01;17;2818
11;2025-12-01;18;2906
11;2025-12-01;19;2323
11;2025-12-01;20;1575
11;2025-12-01;21;921
11;2025-12-01;22;463
11;2025-12-01;23;232
11;2025-12-02;0;63
11;2025-12-02;1;3
11;2025-12-02;2;0
11;2025-12-02;3;0
11;2025-12-02;4;2
11;2025-12-02;5;341
11;2025-12-02;6;1326
11;2025-12-02;7;2425
11;2025-12-02;8;3003
11;2025-12-02;9;2468
11;2025-12-02;10;2025
11;2025-12-02;11;1974
11;2025-12-02;12;2003
11;2025-12-02;13;2038
11;2025-12-02;14;2053
11;2025-12-02;15;2152
11;2025-12-02;16;2350
11;2025-12-02;17;2845
11;2025-12-02;18;2950
11;2025-12-02;19;2325
11;2025-12-02;20;1590
11;2025-12-02;21;942
11;2025-12-02;22;484
11;2025-12-02;23;250
11;2025-12-03;0;63
11;2025-12-03;1;3
11;2025-12-03;2;0
11;2025-12-03;3;0
11;2025-12-03;4;3
11;2025-12-03;5;342
11;2025-12-03;6;1325
11;2025-12-03;7;2426
11;2025-12-03;8;2994
11;2025-12-03;9;2458
11;2025-12-03;10;2028
11;2025-12-03;11;1976
11;2025-12-03;12;2005
11;2025-12-03;13;2039
11;2025-12-03;14;2055
11;2025-12-03;15;2152
11;2025-12-03;16;2350
11;2025-12-03;17;2839
11;2025-12-03;18;2927
11;2025-12-03;19;2325
11;2025-12-03;20;1601
11;2025-12-03;21;944
11;2025-12-03;22;487
11;2025-12-03;23;253
11;2025-12-04;0;63
11;2025-12-04;1;3
11;2025-12-04;2;0
11;2025-12-04;3;0
11;2025-12-04;4;4
11;2025-12-04;5;346
11;2025-12-04;6;1334
11;2025-12-04;7;2434
11;2025-12-04;8;3002
11;2025-12-04;9;2468
11;2025-12-04;10;2037
11;2025-12-04;11;1986
11;2025-12-04;12;2015
11;2025-12-04;13;2049
11;2025-12-04;14;2065
11;2025-12-04;15;2165
11;2025-12-04;16;2366
11;2025-12-04;17;2836
11;2025-12-04;18;2937
11;2025-12-04;19;2330
11;2025-12-04;20;1604
11;2025-12-04;21;957
11;2025-12-04;22;495
11;2025-12-04;23;262
11;2025-12-05;0;65
11;2025-12-05;1;4
11;2025-12-05;2;1
11;2025-12-05;3;1
11;2025-12-05;4;3
11;2025-12-05;5;342
11;2025-12-05;6;1319
11;2025-12-05;7;2415
11;2025-12-05;8;2975
11;2025-12-05;9;2447
11;2025-12-05;10;2024
11;2025-12-05;11;1979
11;2025-12-05;12;2014
11;2025-12-05;13;2104
11;2025-12-05;14;2138
11;2025-12-05;15;2237
11;2025-12-05;16;2441
11;2025-12-05;17;2807
11;2025-12-05;18;2721
11;2025-12-05;19;2172
11;2025-12-05;20;1543
11;2025-12-05;21;956
11;2025-12-05;22;504
11;2025-12-05;23;281
11;2025-12-06;0;87
11;2025-12-06;1;7
11;2025-12-06;2;0
11;2025-12-06;3;0
11;2025-12-06;4;2
11;2025-12-06;5;225
11;2025-12-06;6;632
11;2025-12-06;7;912
11;2025-12-06;8;1015
11;2025-12-06;9;1162
11;2025-12-06;10;1395
11;2025-12-06;11;1531
11;2025-12-06;12;1607
11;2025-12-06;13;1681
11;2025-12-06;14;1678
11;2025-12-06;15;1695
11;2025-12-06;16;1693
11;2025-12-06;17;1689
11;2025-12-06;18;1631
11;2025-12-06;19;1430
11;2025-12-06;20;1122
11;2025-12-06;21;778
11;2025-12-06;22;482
11;2025-12-06;23;306
11;2025-12-07;0;91
11;2025-12-07;1;8
11;2025-12-07;2;0
11;2025-12-07;3;0
11;2025-12-07;4;0
11;2025-12-07;5;153
11;2025-12-07;6;475
11;2025-12-07;7;724
11;2025-12-07;8;803
11;2025-12-07;9;965
11;2025-12-07;10;1246
11;2025-12-07;11;1385
11;2025-12-07;12;1477
11;2025-12-07;13;1557
11;2025-12-07;14;1554
11;2025-12-07;15;1569
11;2025-12-07;16;1585
11;2025-12-07;17;1549
11;2025-12-07;18;1479
11;2025-12-07;19;1268
11;2025-12-07;20;979
11;2025-12-07;21;682
11;2025-12-07;22;412
11;2025-12-07;23;240
11;2025-12-08;0;64
11;2025-12-08;1;3
11;2025-12-08;2;0
11;2025-12-08;3;0
11;2025-12-08;4;0
11;2025-12-08;5;332
11;2025-12-08;6;1310
11;2025-12-08;7;2408
11;2025-12-08;8;2975
11;2025-12-08;9;2432
11;2025-12-08;10;1996
11;2025-12-08;11;1942
11;2025-12-08;12;1972
11;2025-12-08;13;2011
11;2025-12-08;14;2026
11;2025-12-08;15;2126
11;2025-12-08;16;2329
11;2025-12-08;17;2818
11;2025-12-08;18;2906
11;2025-12-08;19;2323
11;2025-12-08;20;1575
11;2025-12-08;21;921
11;2025-12-08;22;463
11;2025-12-08;23;232
11;2025-12-09;0;63
11;2025-12-09;1;3
11;2025-12-09;2;0
11;2025-12-09;3;0
11;2025-12-09;4;2
11;2025-12-09;5;341
11;2025-12-09;6;1326
11;2025-12-09;7;2425
11;2025-12-09;8;3003
11;2025-12-09;9;2468
11;2025-12-09;10;2025
11;2025-12-09;11;1974
11;2025-12-09;12;2003
11;2025-12-09;13;2038
11;2025-12-09;14;2053
11;2025-12-09;15;2152
11;2025-12-09;16;2350
11;2025-12-09;17;2845
11;2025-12-09;18;2950
11;2025-12-09;19;2325
11;2025-12-09;20;1590
11;2025-12-09;21;942
11;2025-12-09;22;484
11;2025-12-09;23;250
11;2025-12-10;0;63
11;2025-12-10;1;3
11;2025-12-10;2;0
11;2025-12-10;3;0
11;2025-12-10;4;3
11;2025-12-10;5;342
11;2025-12-10;6;1325
11;2025-12-10;7;2426
11;2025-12-10;8;2994
11;2025-12-10;9;2458
11;2025-12-10;10;2028
11;2025-12-10;11;1976
11;2025-12-10;12;2005
11;2025-12-10;13;2039
11;2025-12-10;14;2055
11;2025-12-10;15;2152
11;2025-12-10;16;2350
11;2025-12-10;17;2839
11;2025-12-10;18;2927
11;2025-12-10;19;2325
11;2025-12-10;20;1601
11;2025-12-10;21;944
11;2025-12-10;22;487
11;2025-12-10;23;253
11;2025-12-11;0;63
11;2025-12-11;1;3
11;2025-12-11;2;0
11;2025-12-11;3;0
11;2025-12-11;4;4
11;2025-12-11;5;346
11;2025-12-11;6;1334
11;2025-12-11;7;2434
11;2025-12-11;8;3002
11;2025-12-11;9;2468
11;2025-12-11;10;2037
11;2025-12-11;11;1986
11;2025-12-11;12;2015
11;2025-12-11;13;2049
11;2025-12-11;14;2065
11;2025-12-11;15;2165
11;2025-12-11;16;2366
11;2025-12-11;17;2836
11;2025-12-11;18;2937
11;2025-12-11;19;2330
11;2025-12-11;20;1604
11;2025-12-11;21;957
11;2025-12-11;22;495
11;2025-12-11;23;262
11;2025-12-12;0;65
11;2025-12-12;1;4
11;2025-12-12;2;1
11;2025-12-12;3;1
11;2025-12-12;4;3
11;2025-12-12;5;342
11;2025-12-12;6;1319
11;2025-12-12;7;2415
11;2025-12-12;8;2975
11;2025-12-12;9;2447
11;2025-12-12;10;2024
11;2025-12-12;11;1979
11;2025-12-12;12;2014
11;2025-12-12;13;2104
11;2025-12-12;14;2138
11;2025-12-12;15;2237
11;2025-12-12;16;2441
11;2025-12-12;17;2807
11;2025-12-12;18;2721
11;2025-12-12;19;2172
11;2025-12-12;20;1543
11;2025-12-12;21;956
11;2025-12-12;22;504
11;2025-12-12;23;281
11;2025-12-13;0;87
11;2025-12-13;1;7
11;2025-12-13;2;0
11;2025-12-13;3;0
11;2025-12-13;4;2
11;2025-12-13;5;225
11;2025-12-13;6;632
11;2025-12-13;7;912
11;2025-12-13;8;1015
11;2025-12-13;9;1162
11;2025-12-13;10;1395
11;2025-12-13;11;1531
11;2025-12-13;12;1607
11;2025-12-13;13;1681
11;2025-12-13;14;1678
11;2025-12-13;15;1695
11;2025-12-13;16;1693
11;2025-12-13;17;1689
11;2025-12-13;18;1631
11;2025-12-13;19;1430
11;2025-12-13;20;1122
11;2025-12-13;21;778
11;2025-12-13;22;482
11;2025-12-13;23;306
11;2025-12-14;0;91
11;2025-12-14;1;8
11;2025-12-14;2;0
11;2025-12-14;3;0
11;2025-12-14;4;0
11;2025-12-14;5;153
11;2025-12-14;6;475
11;2025-12-14;7;724
11;2025-12-14;8;803
11;2025-12-14;9;965
11;2025-12-14;10;1246
11;2025-12-14;11;1385
11;2025-12-14;12;1477
11;2025-12-14;13;1557
11;2025-12-14;14;1554
11;2025-12-14;15;1569
11;2025-12-14;16;1585
11;2025-12-14;17;1549
11;2025-12-14;18;1479
11;2025-12-14;19;1268
11;2025-12-14;20;979
11;2025-12-14;21;682
11;2025-12-14;22;412
11;2025-12-14;23;240
11;2025-12-15;0;64
11;2025-12-15;1;3
11;2025-12-15;2;0
11;2025-12-15;3;0
11;2025-12-15;4;0
11;2025-12-15;5;332
11;2025-12-15;6;1310
11;2025-12-15;7;2408
11;2025-12-15;8;2975
11;2025-12-15;9;2432
11;2025-12-15;10;1996
11;2025-12-15;11;1942
11;2025-12-15;12;1972
11;2025-12-15;13;2011
11;2025-12-15;14;2026
11;2025-12-15;15;2126
11;2025-12-15;16;2329
11;2025-12-15;17;2818
11;2025-12-15;18;2906
11;2025-12-15;19;2323
11;2025-12-15;20;1575
11;2025-12-15;21;921
11;2025-12-15;22;463
11;2025-12-15;23;232
11;2025-12-16;0;63
11;2025-12-16;1;3
11;2025-12-16;2;0
11;2025-12-16;3;0
11;2025-12-16;4;2
11;2025-12-16;5;341
11;2025-12-16;6;1326
11;2025-12-16;7;2425
11;2025-12-16;8;3003
11;2025-12-16;9;2468
11;2025-12-16;10;2025
11;2025-12-16;11;1974
11;2025-12-16;12;2003
11;2025-12-16;13;2038
11;2025-12-16;14;2053
11;2025-12-16;15;2152
11;2025-12-16;16;2350
11;2025-12-16;17;2845
11;2025-12-16;18;2950
11;2025-12-16;19;2325
11;2025-12-16;20;1590
11;2025-12-16;21;942
11;2025-12-16;22;484
11;2025-12-16;23;250
11;2025-12-17;0;63
11;2025-12-17;1;3
11;2025-12-17;2;0
11;2025-12-17;3;0
11;2025-12-17;4;3
11;2025-12-17;5;342
11;2025-12-17;6;1325
11;2025-12-17;7;2426
11;2025-12-17;8;2994
11;2025-12-17;9;2458
11;2025-12-17;10;2028
11;2025-12-17;11;1976
11;2025-12-17;12;2005
11;2025-12-17;13;2039
11;2025-12-17;14;2055
11;2025-12-17;15;2152
11;2025-12-17;16;2350
11;2025-12-17;17;2839
11;2025-12-17;18;2927
11;2025-12-17;19;2325
11;2025-12-17;20;1601
11;2025-12-17;21;944
11;2025-12-17;22;487
11;2025-12-17;23;253
11;2025-12-18;0;63
11;2025-12-18;1;3
11;2025-12-18;2;0
11;2025-12-18;3;0
11;2025-12-18;4;4
11;2025-12-18;5;346
11;2025-12-18;6;1334
11;2025-12-18;7;2434
11;2025-12-18;8;3002
11;2025-12-18;9;2468
11;2025-12-18;10;2037
11;2025-12-18;11;1986
11;2025-12-18;12;2015
11;2025-12-18;13;2049
11;2025-12-18;14;2065
11;2025-12-18;15;2165
11;2025-12-18;16;2366
11;2025-12-18;17;2836
11;2025-12-18;18;2937
11;2025-12-18;19;2330
11;2025-12-18;20;1604
11;2025-12-18;21;957
11;2025-12-18;22;495
11;2025-12-18;23;262
11;2025-12-19;0;65
11;2025-12-19;1;4
11;2025-12-19;2;1
11;2025-12-19;3;1
11;2025-12-19;4;3
11;2025-12-19;5;342
11;2025-12-19;6;1319
11;2025-12-19;7;2415
11;2025-12-19;8;2975
11;2025-12-19;9;2447
11;2025-12-19;10;2024
11;2025-12-19;11;1979
11;2025-12-19;12;2014
11;2025-12-19;13;2104
11;2025-12-19;14;2138
11;2025-12-19;15;2237
11;2025-12-19;16;2441
11;2025-12-19;17;2807
11;2025-12-19;18;2721
11;2025-12-19;19;2172
11;2025-12-19;20;1543
11;2025-12-19;21;956
11;2025-12-19;22;504
11;2025-12-19;23;281
11;2025-12-20;0;87
11;2025-12-20;1;7
11;2025-12-20;2;0
11;2025-12-20;3;0
11;2025-12-20;4;2
11;2025-12-20;5;225
11;2025-12-20;6;632
11;2025-12-20;7;912
11;2025-12-20;8;1015
11;2025-12-20;9;1162
11;2025-12-20;10;1395
11;2025-12-20;11;1531
11;2025-12-20;12;1607
11;2025-12-20;13;1681
11;2025-12-20;14;1678
11;2025-12-20;15;1695
11;2025-12-20;16;1693
11;2025-12-20;17;1689
11;2025-12-20;18;1631
11;2025-12-20;19;1430
11;2025-12-20;20;1122
11;2025-12-20;21;778
11;2025-12-20;22;482
11;2025-12-20;23;306
11;2025-12-21;0;91
11;2025-12-21;1;8
11;2025-12-21;2;0
11;2025-12-21;3;0
11;2025-12-21;4;0
11;2025-12-21;5;153
11;2025-12-21;6;475
11;2025-12-21;7;724
11;2025-12-21;8;803
11;2025-12-21;9;965
11;2025-12-21;10;1246
11;2025-12-21;11;1385
11;2025-12-21;12;1477
11;2025-12-21;13;1557
11;2025-12-21;14;1554
11;2025-12-21;15;1569
11;2025-12-21;16;1585
11;2025-12-21;17;1549
11;2025-12-21;18;1479
11;2025-12-21;19;1268
11;2025-12-21;20;979
11;2025-12-21;21;682
11;2025-12-21;22;412
11;2025-12-21;23;240
11;2025-12-22;0;64
11;2025-12-22;1;3
11;2025-12-22;2;0
11;2025-12-22;3;0
11;2025-12-22;4;0
11;2025-12-22;5;332
11;2025-12-22;6;1310
11;2025-12-22;7;2408
11;2025-12-22;8;2975
11;2025-12-22;9;2432
11;2025-12-22;10;1996
11;2025-12-22;11;1942
11;2025-12-22;12;1972
11;2025-12-22;13;2011
11;2025-12-22;14;2026
11;2025-12-22;15;2126
11;2025-12-22;16;2329
11;2025-12-22;17;2818
11;2025-12-22;18;2906
11;2025-12-22;19;2323
11;2025-12-22;20;1575
11;2025-12-22;21;921
11;2025-12-22;22;463
11;2025-12-22;23;232
11;2025-12-23;0;63
11;2025-12-23;1;3
11;2025-12-23;2;0
11;2025-12-23;3;0
11;2025-12-23;4;2
11;2025-12-23;5;341
11;2025-12-23;6;1326
11;2025-12-23;7;2425
11;2025-12-23;8;3003
11;2025-12-23;9;2468
11;2025-12-23;10;2025
11;2025-12-23;11;1974
11;2025-12-23;12;2003
11;2025-12-23;13;2038
11;2025-12-23;14;2053
11;2025-12-23;15;2152
11;2025-12-23;16;2350
11;2025-12-23;17;2845
11;2025-12-23;18;2950
11;2025-12-23;19;2325
11;2025-12-23;20;1590
11;2025-12-23;21;942
11;2025-12-23;22;484
11;2025-12-23;23;250
11;2025-12-24;0;63
11;2025-12-24;1;3
11;2025-12-24;2;0
11;2025-12-24;3;0
11;2025-12-24;4;3
11;2025-12-24;5;342
11;2025-12-24;6;1325
11;2025-12-24;7;2426
11;2025-12-24;8;2994
11;2025-12-24;9;2458
11;2025-12-24;10;2028
11;2025-12-24;11;1976
11;2025-12-24;12;2005
11;2025-12-24;13;2039
11;2025-12-24;14;2055
11;2025-12-24;15;2152
11;2025-12-24;16;2350
11;2025-12-24;17;2839
11;2025-12-24;18;2927
11;2025-12-24;19;2325
11;2025-12-24;20;1601
11;2025-12-24;21;944
11;2025-12-24;22;487
11;2025-12-24;23;253
11;2025-12-25;0;63
11;2025-12-25;1;3
11;2025-12-25;2;0
11;2025-12-25;3;0
11;2025-12-25;4;4
11;2025-12-25;5;346
11;2025-12-25;6;1334
11;2025-12-25;7;2434
11;2025-12-25;8;3002
11;2025-12-25;9;2468
11;2025-12-25;10;2037
11;2025-12-25;11;1986
11;2025-12-25;12;2015
11;2025-12-25;13;2049
11;2025-12-25;14;2065
11;2025-12-25;15;2165
11;2025-12-25;16;2366
11;2025-12-25;17;2836
11;2025-12-25;18;2937
11;2025-12-25;19;2330
11;2025-12-25;20;1604
11;2025-12-25;21;957
11;2025-12-25;22;495
11;2025-12-25;23;262
11;2025-12-26;0;65
11;2025-12-26;1;4
11;2025-12-26;2;1
11;2025-12-26;3;1
11;2025-12-26;4;3
11;2025-12-26;5;342
11;2025-12-26;6;1319
11;2025-12-26;7;2415
11;2025-12-26;8;2975
11;2025-12-26;9;2447
11;2025-12-26;10;2024
11;2025-12-26;11;1979
11;2025-12-26;12;2014
11;2025-12-26;13;2104
11;2025-12-26;14;2138
11;2025-12-26;15;2237
11;2025-12-26;16;2441
11;2025-12-26;17;2807
11;2025-12-26;18;2721
11;2025-12-26;19;2172
11;2025-12-26;20;1543
11;2025-12-26;21;956
11;2025-12-26;22;504
11;2025-12-26;23;281
11;2025-12-27;0;87
11;2025-12-27;1;7
11;2025-12-27;2;0
11;2025-12-27;3;0
11;2025-12-27;4;2
11;2025-12-27;5;225
11;2025-12-27;6;632
11;2025-12-27;7;912
11;2025-12-27;8;1015
11;2025-12-27;9;1162
11;2025-12-27;10;1395
11;2025-12-27;11;1531
11;2025-12-27;12;1607
11;2025-12-27;13;1681
11;2025-12-27;14;1678
11;2025-12-27;15;1695
11;2025-12-27;16;1693
11;2025-12-27;17;1689
11;2025-12-27;18;1631
11;2025-12-27;19;1430
11;2025-12-27;20;1122
11;2025-12-27;21;778
11;2025-12-27;22;482
11;2025-12-27;23;306
11;2025-12-28;0;91
11;2025-12-28;1;8
11;2025-12-28;2;0
11;2025-12-28;3;0
11;2025-12-28;4;0
11;2025-12-28;5;153
11;2025-12-28;6;475
11;2025-12-28;7;724
11;2025-12-28;8;803
11;2025-12-28;9;965
11;2025-12-28;10;1246
11;2025-12-28;11;1385
11;2025-12-28;12;1477
11;2025-12-28;13;1557
11;2025-12-28;14;1554
11;2025-12-28;15;1569
11;2025-12-28;16;1585
11;2025-12-28;17;1549
11;2025-12-28;18;1479
11;2025-12-28;19;1268
11;2025-12-28;20;979
11;2025-12-28;21;682
11;2025-12-28;22;412
11;2025-12-28;23;240
11;2025-12-29;0;64
11;2025-12-29;1;3
11;2025-12-29;2;0
11;2025-12-29;3;0
11;2025-12-29;4;0
11;2025-12-29;5;332
11;2025-12-29;6;1310
11;2025-12-29;7;2408
11;2025-12-29;8;2975
11;2025-12-29;9;2432
11;2025-12-29;10;1996
11;2025-12-29;11;1942
11;2025-12-29;12;1972
11;2025-12-29;13;2011
11;2025-12-29;14;2026
11;2025-12-29;15;2126
11;2025-12-29;16;2329
11;2025-12-29;17;2818
11;2025-12-29;18;2906
11;2025-12-29;19;2323
11;2025-12-29;20;1575
11;2025-12-29;21;921
11;2025-12-29;22;463
11;2025-12-29;23;232
11;2025-12-30;0;63
11;2025-12-30;1;3
11;2025-12-30;2;0
11;2025-12-30;3;0
11;2025-12-30;4;2
11;2025-12-30;5;341
11;2025-12-30;6;1326
11;2025-12-30;7;2425
11;2025-12-30;8;3003
11;2025-12-30;9;2468
11;2025-12-30;10;2025
11;2025-12-30;11;1974
11;2025-12-30;12;2003
11;2025-12-30;13;2038
11;2025-12-30;14;2053
11;2025-12-30;15;2152
11;2025-12-30;16;2350
11;2025-12-30;17;2845
11;2025-12-30;18;2950
11;2025-12-30;19;2325
11;2025-12-30;20;1590
11;2025-12-30;21;942
11;2025-12-30;22;484
11;2025-12-30;23;250
11;2025-12-31;0;80
11;2025-12-31;1;5
11;2025-12-31;2;0
11;2025-12-31;3;0
11;2025-12-31;4;0
11;2025-12-31;5;196
11;2025-12-31;6;543
11;2025-12-31;7;793
11;2025-12-31;8;980
11;2025-12-31;9;1030
11;2025-12-31;10;1257
11;2025-12-31;11;1387
11;2025-12-31;12;1463
11;2025-12-31;13;1535
11;2025-12-31;14;1532
11;2025-12-31;15;1556
11;2025-12-31;16;1572
11;2025-12-31;17;1600
11;2025-12-31;18;1546
11;2025-12-31;19;1331
11;2025-12-31;20;1007
11;2025-12-31;21;696
11;2025-12-31;22;400
11;2025-12-31;23;221
12;2025-11-01;0;58
12;2025-11-01;1;3
12;2025-11-01;2;0
12;2025-11-01;3;0
12;2025-11-01;4;6
12;2025-11-01;5;384
12;2025-11-01;6;1458
12;2025-11-01;7;2713
12;2025-11-01;8;3216
12;2025-11-01;9;2632
12;2025-11-01;10;2182
12;2025-11-01;11;2150
12;2025-11-01;12;2189
12;2025-11-01;13;2215
12;2025-11-01;14;2228
12;2025-11-01;15;2350
12;2025-11-01;16;2598
12;2025-11-01;17;2987
12;2025-11-01;18;3045
12;2025-11-01;19;2450
12;2025-11-01;20;1671
12;2025-11-01;21;1050
12;2025-11-01;22;586
12;2025-11-01;23;343
12;2025-11-02;0;78
12;2025-11-02;1;5
12;2025-11-02;2;0
12;2025-11-02;3;0
12;2025-11-02;4;0
12;2025-11-02;5;203
12;2025-11-02;6;561
12;2025-11-02;7;822
12;2025-11-02;8;888
12;2025-11-02;9;1030
12;2025-11-02;10;1206
12;2025-11-02;11;1299
12;2025-11-02;12;1370
12;2025-11-02;13;1434
12;2025-11-02;14;1433
12;2025-11-02;15;1457
12;2025-11-02;16;1497
12;2025-11-02;17;1436
12;2025-11-02;18;1359
12;2025-11-02;19;1181
12;2025-11-02;20;875
12;2025-11-02;21;619
12;2025-11-02;22;389
12;2025-11-02;23;241
12;2025-11-03;0;69
12;2025-11-03;1;5
12;2025-11-03;2;0
12;2025-11-03;3;0
12;2025-11-03;4;1
12;2025-11-03;5;244
12;2025-11-03;6;683
12;2025-11-03;7;976
12;2025-11-03;8;1158
12;2025-11-03;9;1167
12;2025-11-03;10;1297
12;2025-11-03;11;1380
12;2025-11-03;12;1450
12;2025-11-03;13;1520
12;2025-11-03;14;1519
12;2025-11-03;15;1547
12;2025-11-03;16;1591
12;2025-11-03;17;1607
12;2025-11-03;18;1545
12;2025-11-03;19;1330
12;2025-11-03;20;966
12;2025-11-03;21;675
12;2025-11-03;22;407
12;2025-11-03;23;246
12;2025-11-04;0;71
12;2025-11-04;1;11
12;2025-11-04;2;3
12;2025-11-04;3;2
12;2025-11-04;4;0
12;2025-11-04;5;184
12;2025-11-04;6;590
12;2025-11-04;7;876
12;2025-11-04;8;1045
12;2025-11-04;9;1071
12;2025-11-04;10;1201
12;2025-11-04;11;1288
12;2025-11-04;12;1348
12;2025-11-04;13;1414
12;2025-11-04;14;1413
12;2025-11-04;15;1428
12;2025-11-04;16;1466
12;2025-11-04;17;1470
12;2025-11-04;18;1413
12;2025-11-04;19;1196
12;2025-11-04;20;877
12;2025-11-04;21;606
12;2025-11-04;22;341
12;2025-11-04;23;199
12;2025-11-05;0;52
12;2025-11-05;1;2
12;2025-11-05;2;0
12;2025-11-05;3;0
12;2025-11-05;4;8
12;2025-11-05;5;379
12;2025-11-05;6;1428
12;2025-11-05;7;2715
12;2025-11-05;8;3325
12;2025-11-05;9;2594
12;2025-11-05;10;2124
12;2025-11-05;11;2069
12;2025-11-05;12;2108
12;2025-11-05;13;2134
12;2025-11-05;14;2148
12;2025-11-05;15;2275
12;2025-11-05;16;2541
12;2025-11-05;17;2994
12;2025-11-05;18;3053
12;2025-11-05;19;2412
12;2025-11-05;20;1629
12;2025-11-05;21;997
12;2025-11-05;22;532
12;2025-11-05;23;285
12;2025-11-06;0;51
12;2025-11-06;1;2
12;2025-11-06;2;0
12;2025-11-06;3;0
12;2025-11-06;4;8
12;2025-11-06;5;377
12;2025-11-06;6;1425
12;2025-11-06;7;2710
12;2025-11-06;8;3321
12;2025-11-06;9;2591
12;2025-11-06;10;2124
12;2025-11-06;11;2070
12;2025-11-06;12;2108
12;2025-11-06;13;2135
12;2025-11-06;14;2149
12;2025-11-06;15;2279
12;2025-11-06;16;2547
12;2025-11-06;17;2968
12;2025-11-06;18;3039
12;2025-11-06;19;2408
12;2025-11-06;20;1624
12;2025-11-06;21;1000
12;2025-11-06;22;532
12;2025-11-06;23;286
12;2025-11-07;0;52
12;2025-11-07;1;2
12;2025-11-07;2;0
12;2025-11-07;3;0
12;2025-11-07;4;7
12;2025-11-07;5;373
12;2025-11-07;6;1414
12;2025-11-07;7;2703
12;2025-11-07;8;3303
12;2025-11-07;9;2568
12;2025-11-07;10;2107
12;2025-11-07;11;2058
12;2025-11-07;12;2101
12;2025-11-07;13;2181
12;2025-11-07;14;2212
12;2025-11-07;15;2341
12;2025-11-07;16;2617
12;2025-11-07;17;2937
12;2025-11-07;18;2824
12;2025-11-07;19;2240
12;2025-11-07;20;1558
12;2025-11-07;21;996
12;2025-11-07;22;537
12;2025-11-07;23;301
12;2025-11-08;0;74
12;2025-11-08;1;5
12;2025-11-08;2;0
12;2025-11-08;3;0
12;2025-11-08;4;2
12;2025-11-08;5;256
12;2025-11-08;6;708
12;2025-11-08;7;1023
12;2025-11-08;8;1101
12;2025-11-08;9;1217
12;2025-11-08;10;1385
12;2025-11-08;11;1470
12;2025-11-08;12;1532
12;2025-11-08;13;1597
12;2025-11-08;14;1594
12;2025-11-08;15;1618
12;2025-11-08;16;1640
12;2025-11-08;17;1609
12;2025-11-08;18;1542
12;2025-11-08;19;1343
12;2025-11-08;20;1018
12;2025-11-08;21;717
12;2025-11-08;22;447
12;2025-11-08;23;284
12;2025-11-09;0;78
12;2025-11-09;1;5
12;2025-11-09;2;0
12;2025-11-09;3;0
12;2025-11-09;4;0
12;2025-11-09;5;203
12;2025-11-09;6;561
12;2025-11-09;7;822
12;2025-11-09;8;888
12;2025-11-09;9;1030
12;2025-11-09;10;1206
12;2025-11-09;11;1299
12;2025-11-09;12;1370
12;2025-11-09;13;1434
12;2025-11-09;14;1433
12;2025-11-09;15;1457
12;2025-11-09;16;1497
12;2025-11-09;17;1436
12;2025-11-09;18;1359
12;2025-11-09;19;1181
12;2025-11-09;20;875
12;2025-11-09;21;619
12;2025-11-09;22;389
12;2025-11-09;23;241
12;2025-11-10;0;52
12;2025-11-10;1;2
12;2025-11-10;2;0
12;2025-11-10;3;0
12;2025-11-10;4;6
12;2025-11-10;5;366
12;2025-11-10;6;1408
12;2025-11-10;7;2693
12;2025-11-10;8;3306
12;2025-11-10;9;2572
12;2025-11-10;10;2081
12;2025-11-10;11;2025
12;2025-11-10;12;2071
12;2025-11-10;13;2099
12;2025-11-10;14;2113
12;2025-11-10;15;2243
12;2025-11-10;16;2513
12;2025-11-10;17;2959
12;2025-11-10;18;3018
12;2025-11-10;19;2402
12;2025-11-10;20;1596
12;2025-11-10;21;972
12;2025-11-10;22;507
12;2025-11-10;23;262
12;2025-11-11;0;52
12;2025-11-11;1;2
12;2025-11-11;2;0
12;2025-11-11;3;0
12;2025-11-11;4;10
12;2025-11-11;5;375
12;2025-11-11;6;1422
12;2025-11-11;7;2707
12;2025-11-11;8;3335
12;2025-11-11;9;2604
12;2025-11-11;10;2111
12;2025-11-11;11;2057
12;2025-11-11;12;2095
12;2025-11-11;13;2122
12;2025-11-11;14;2135
12;2025-11-11;15;2265
12;2025-11-11;16;2531
12;2025-11-11;17;2978
12;2025-11-11;18;3061
12;2025-11-11;19;2405
12;2025-11-11;20;1611
12;2025-11-11;21;987
12;2025-11-11;22;521
12;2025-11-11;23;274
12;2025-11-12;0;52
12;2025-11-12;1;2
12;2025-11-12;2;0
12;2025-11-12;3;0
12;2025-11-12;4;8
12;2025-11-12;5;379
12;2025-11-12;6;1428
12;2025-11-12;7;2715
12;2025-11-12;8;3325
12;2025-11-12;9;2594
12;2025-11-12;10;2124
12;2025-11-12;11;2069
12;2025-11-12;12;2108
12;2025-11-12;13;2134
12;2025-11-12;14;2148
12;2025-11-12;15;2275
12;2025-11-12;16;2541
12;2025-11-12;17;2994
12;2025-11-12;18;3053
12;2025-11-12;19;2412
12;2025-11-12;20;1629
12;2025-11-12;21;997
12;2025-11-12;22;532
12;2025-11-12;23;285
12;2025-11-13;0;51
12;2025-11-13;1;2
12;2025-11-13;2;0
12;2025-11-13;3;0
12;2025-11-13;4;8
12;2025-11-13;5;377
12;2025-11-13;6;1425
12;2025-11-13;7;2710
12;2025-11-13;8;3321
12;2025-11-13;9;2591
12;2025-11-13;10;2124
12;2025-11-13;11;2070
12;2025-11-13;12;2108
12;2025-11-13;13;2135
12;2025-11-13;14;2149
12;2025-11-13;15;2279
12;2025-11-13;16;2547
12;2025-11-13;17;2968
12;2025-11-13;18;3039
12;2025-11-13;19;2408
12;2025-11-13;20;1624
12;2025-11-13;21;1000
12;2025-11-13;22;532
12;2025-11-13;23;286
12;2025-11-14;0;52
12;2025-11-14;1;2
12;2025-11-14;2;0
12;2025-11-14;3;0
12;2025-11-14;4;7
12;2025-11-14;5;373
12;2025-11-14;6;1414
12;2025-11-14;7;2703
12;2025-11-14;8;3303
12;2025-11-14;9;2568
12;2025-11-14;10;2107
12;2025-11-14;11;2058
12;2025-11-14;12;2101
12;2025-11-14;13;2181
12;2025-11-14;14;2212
12;2025-11-14;15;2341
12;2025-11-14;16;2617
12;2025-11-14;17;2937
12;2025-11-14;18;2824
12;2025-11-14;19;2240
12;2025-11-14;20;1558
12;2025-11-14;21;996
12;2025-11-14;22;537
12;2025-11-14;23;301
12;2025-11-15;0;74
12;2025-11-15;1;5
12;2025-11-15;2;0
12;2025-11-15;3;0
12;2025-11-15;4;2
12;2025-11-15;5;256
12;2025-11-15;6;708
12;2025-11-15;7;1023
12;2025-11-15;8;1101
12;2025-11-15;9;1217
12;2025-11-15;10;1385
12;2025-11-15;11;1470
12;2025-11-15;12;1532
12;2025-11-15;13;1597
12;2025-11-15;14;1594
12;2025-11-15;15;1618
12;2025-11-15;16;1640
12;2025-11-15;17;1609
12;2025-11-15;18;1542
12;2025-11-15;19;1343
12;2025-11-15;20;1018
12;2025-11-15;21;717
12;2025-11-15;22;447
12;2025-11-15;23;284
12;2025-11-16;0;78
12;2025-11-16;1;5
12;2025-11-16;2;0
12;2025-11-16;3;0
12;2025-11-16;4;0
12;2025-11-16;5;203
12;2025-11-16;6;561
12;2025-11-16;7;822
12;2025-11-16;8;888
12;2025-11-16;9;1030
12;2025-11-16;10;1206
12;2025-11-16;11;1299
12;2025-11-16;12;1370
12;2025-11-16;13;1434
12;2025-11-16;14;1433
12;2025-11-16;15;1457
12;2025-11-16;16;1497
12;2025-11-16;17;1436
12;2025-11-16;18;1359
12;2025-11-16;19;1181
12;2025-11-16;20;875
12;2025-11-16;21;619
12;2025-11-16;22;389
12;2025-11-16;23;241
12;2025-11-17;0;52
12;2025-11-17;1;2
12;2025-11-17;2;0
12;2025-11-17;3;0
12;2025-11-17;4;6
12;2025-11-17;5;366
12;2025-11-17;6;1408
12;2025-11-17;7;2693
12;2025-11-17;8;3306
12;2025-11-17;9;2572
12;2025-11-17;10;2081
12;2025-11-17;11;2025
12;2025-11-17;12;2071
12;2025-11-17;13;2099
12;2025-11-17;14;2113
12;2025-11-17;15;2243
12;2025-11-17;16;2513
12;2025-11-17;17;2959
12;2025-11-17;18;3018
12;2025-11-17;19;2402
12;2025-11-17;20;1596
12;2025-11-17;21;972
12;2025-11-17;22;507
12;2025-11-17;23;262
12;2025-11-18;0;52
12;2025-11-18;1;2
12;2025-11-18;2;0
12;2025-11-18;3;0
12;2025-11-18;4;10
12;2025-11-18;5;375
12;2025-11-18;6;1422
12;2025-11-18;7;2707
12;2025-11-18;8;3335
12;2025-11-18;9;2604
12;2025-11-18;10;2111
12;2025-11-18;11;2057
12;2025-11-18;12;2095
12;2025-11-18;13;2122
12;2025-11-18;14;2135
12;2025-11-18;15;2265
12;2025-11-18;16;2531
12;2025-11-18;17;2978
12;2025-11-18;18;3061
12;2025-11-18;19;2405
12;2025-11-18;20;1611
12;2025-11-18;21;987
12;2025-11-18;22;521
12;2025-11-18;23;274
12;2025-11-19;0;52
12;2025-11-19;1;2
12;2025-11-19;2;0
12;2025-11-19;3;0
12;2025-11-19;4;8
12;2025-11-19;5;379
12;2025-11-19;6;1428
12;2025-11-19;7;2715
12;2025-11-19;8;3325
12;2025-11-19;9;2594
12;2025-11-19;10;2124
12;2025-11-19;11;2069
12;2025-11-19;12;2108
12;2025-11-19;13;2134
12;2025-11-19;14;2148
12;2025-11-19;15;2275
12;2025-11-19;16;2541
12;2025-11-19;17;2994
12;2025-11-19;18;3053
12;2025-11-19;19;2412
12;2025-11-19;20;1629
12;2025-11-19;21;997
12;2025-11-19;22;532
12;2025-11-19;23;285
12;2025-11-20;0;51
12;2025-11-20;1;2
12;2025-11-20;2;0
12;2025-11-20;3;0
12;2025-11-20;4;8
12;2025-11-20;5;377
12;2025-11-20;6;1425
12;2025-11-20;7;2710
12;2025-11-20;8;3321
12;2025-11-20;9;2591
12;2025-11-20;10;2124
12;2025-11-20;11;2070
12;2025-11-20;12;2108
12;2025-11-20;13;2135
12;2025-11-20;14;2149
12;2025-11-20;15;2279
12;2025-11-20;16;2547
12;2025-11-20;17;2968
12;2025-11-20;18;3039
12;2025-11-20;19;2408
12;2025-11-20;20;1624
12;2025-11-20;21;1000
12;2025-11-20;22;532
12;2025-11-20;23;286
12;2025-11-21;0;52
12;2025-11-21;1;2
12;2025-11-21;2;0
12;2025-11-21;3;0
12;2025-11-21;4;7
12;2025-11-21;5;373
12;2025-11-21;6;1414
12;2025-11-21;7;2703
12;2025-11-21;8;3303
12;2025-11-21;9;2568
12;2025-11-21;10;2107
12;2025-11-21;11;2058
12;2025-11-21;12;2101
12;2025-11-21;13;2181
12;2025-11-21;14;2212
12;2025-11-21;15;2341
12;2025-11-21;16;2617
12;2025-11-21;17;2937
12;2025-11-21;18;2824
12;2025-11-21;19;2240
12;2025-11-21;20;1558
12;2025-11-21;21;996
12;2025-11-21;22;537
12;2025-11-21;23;301
12;2025-11-22;0;74
12;2025-11-22;1;5
12;2025-11-22;2;0
12;2025-11-22;3;0
12;2025-11-22;4;2
12;2025-11-22;5;256
12;2025-11-22;6;708
12;2025-11-22;7;1023
12;2025-11-22;8;1101
12;2025-11-22;9;1217
12;2025-11-22;10;1385
12;2025-11-22;11;1470
12;2025-11-22;12;1532
12;2025-11-22;13;1597
12;2025-11-22;14;1594
12;2025-11-22;15;1618
12;2025-11-22;16;1640
12;2025-11-22;17;1609
12;2025-11-22;18;1542
12;2025-11-22;19;1343
12;2025-11-22;20;1018
12;2025-11-22;21;717
12;2025-11-22;22;447
12;2025-11-22;23;284
12;2025-11-23;0;78
12;2025-11-23;1;5
12;2025-11-23;2;0
12;2025-11-23;3;0
12;2025-11-23;4;0
12;2025-11-23;5;203
12;2025-11-23;6;561
12;2025-11-23;7;822
12;2025-11-23;8;888
12;2025-11-23;9;1030
12;2025-11-23;10;1206
12;2025-11-23;11;1299
12;2025-11-23;12;1370
12;2025-11-23;13;1434
12;2025-11-23;14;1433
12;2025-11-23;15;1457
12;2025-11-23;16;1497
12;2025-11-23;17;1436
12;2025-11-23;18;1359
12;2025-11-23;19;1181
12;2025-11-23;20;875
12;2025-11-23;21;619
12;2025-11-23;22;389
12;2025-11-23;23;241
12;2025-11-24;0;52
12;2025-11-24;1;2
12;2025-11-24;2;0
12;2025-11-24;3;0
12;2025-11-24;4;6
12;2025-11-24;5;366
12;2025-11-24;6;1408
12;2025-11-24;7;2693
12;2025-11-24;8;3306
12;2025-11-24;9;2572
12;2025-11-24;10;2081
12;2025-11-24;11;2025
12;2025-11-24;12;2071
12;2025-11-24;13;2099
12;2025-11-24;14;2113
12;2025-11-24;15;2243
12;2025-11-24;16;2513
12;2025-11-24;17;2959
12;2025-11-24;18;3018
12;2025-11-24;19;2402
12;2025-11-24;20;1596
12;2025-11-24;21;972
12;2025-11-24;22;507
12;2025-11-24;23;262
12;2025-11-25;0;52
12;2025-11-25;1;2
12;2025-11-25;2;0
12;2025-11-25;3;0
12;2025-11-25;4;10
12;2025-11-25;5;375
12;2025-11-25;6;1422
12;2025-11-25;7;2707
12;2025-11-25;8;3335
12;2025-11-25;9;2604
12;2025-11-25;10;2111
12;2025-11-25;11;2057
12;2025-11-25;12;2095
12;2025-11-25;13;2122
12;2025-11-25;14;2135
12;2025-11-25;15;2265
12;2025-11-25;16;2531
12;2025-11-25;17;2978
12;2025-11-25;18;3061
12;2025-11-25;19;2405
12;2025-11-25;20;1611
12;2025-11-25;21;987
12;2025-11-25;22;521
12;2025-11-25;23;274
12;2025-11-26;0;52
12;2025-11-26;1;2
12;2025-11-26;2;0
12;2025-11-26;3;0
12;2025-11-26;4;8
12;2025-11-26;5;379
12;2025-11-26;6;1428
12;2025-11-26;7;2715
12;2025-11-26;8;3325
12;2025-11-26;9;2594
12;2025-11-26;10;2124
12;2025-11-26;11;2069
12;2025-11-26;12;2108
12;2025-11-26;13;2134
12;2025-11-26;14;2148
12;2025-11-26;15;2275
12;2025-11-26;16;2541
12;2025-11-26;17;2994
12;2025-11-26;18;3053
12;2025-11-26;19;2412
12;2025-11-26;20;1629
12;2025-11-26;21;997
12;2025-11-26;22;532
12;2025-11-26;23;285
12;2025-11-27;0;51
12;2025-11-27;1;2
12;2025-11-27;2;0
12;2025-11-27;3;0
12;2025-11-27;4;8
12;2025-11-27;5;377
12;2025-11-27;6;1425
12;2025-11-27;7;2710
12;2025-11-27;8;3321
12;2025-11-27;9;2591
12;2025-11-27;10;2124
12;2025-11-27;11;2070
12;2025-11-27;12;2108
12;2025-11-27;13;2135
12;2025-11-27;14;2149
12;2025-11-27;15;2279
12;2025-11-27;16;2547
12;2025-11-27;17;2968
12;2025-11-27;18;3039
12;2025-11-27;19;2408
12;2025-11-27;20;1624
12;2025-11-27;21;1000
12;2025-11-27;22;532
12;2025-11-27;23;286
12;2025-11-28;0;52
12;2025-11-28;1;2
12;2025-11-28;2;0
12;2025-11-28;3;0
12;2025-11-28;4;7
12;2025-11-28;5;373
12;2025-11-28;6;1414
12;2025-11-28;7;2703
12;2025-11-28;8;3303
12;2025-11-28;9;2568
12;2025-11-28;10;2107
12;2025-11-28;11;2058
12;2025-11-28;12;2101
12;2025-11-28;13;2181
12;2025-11-28;14;2212
12;2025-11-28;15;2341
12;2025-11-28;16;2617
12;2025-11-28;17;2937
12;2025-11-28;18;2824
12;2025-11-28;19;2240
12;2025-11-28;20;1558
12;2025-11-28;21;996
12;2025-11-28;22;537
12;2025-11-28;23;301
12;2025-11-29;0;74
12;2025-11-29;1;5
12;2025-11-29;2;0
12;2025-11-29;3;0
12;2025-11-29;4;2
12;2025-11-29;5;256
12;2025-11-29;6;708
12;2025-11-29;7;1023
12;2025-11-29;8;1101
12;2025-11-29;9;1217
12;2025-11-29;10;1385
12;2025-11-29;11;1470
12;2025-11-29;12;1532
12;2025-11-29;13;1597
12;2025-11-29;14;1594
12;2025-11-29;15;1618
12;2025-11-29;16;1640
12;2025-11-29;17;1609
12;2025-11-29;18;1542
12;2025-11-29;19;1343
12;2025-11-29;20;1018
12;2025-11-29;21;717
12;2025-11-29;22;447
12;2025-11-29;23;284
12;2025-11-30;0;78
12;2025-11-30;1;5
12;2025-11-30;2;0
12;2025-11-30;3;0
12;2025-11-30;4;0
12;2025-11-30;5;203
12;2025-11-30;6;561
12;2025-11-30;7;822
12;2025-11-30;8;888
12;2025-11-30;9;1030
12;2025-11-30;10;1206
12;2025-11-30;11;1299
12;2025-11-30;12;1370
12;2025-11-30;13;1434
12;2025-11-30;14;1433
12;2025-11-30;15;1457
12;2025-11-30;16;1497
12;2025-11-30;17;1436
12;2025-11-30;18;1359
12;2025-11-30;19;1181
12;2025-11-30;20;875
12;2025-11-30;21;619
12;2025-11-30;22;389
12;2025-11-30;23;241
12;2025-12-01;0;54
12;2025-12-01;1;3
12;2025-12-01;2;0
12;2025-12-01;3;0
12;2025-12-01;4;7
12;2025-12-01;5;372
12;2025-12-01;6;1415
12;2025-12-01;7;2635
12;2025-12-01;8;3212
12;2025-12-01;9;2571
12;2025-12-01;10;2150
12;2025-12-01;11;2094
12;2025-12-01;12;2120
12;2025-12-01;13;2148
12;2025-12-01;14;2163
12;2025-12-01;15;2284
12;2025-12-01;16;2550
12;2025-12-01;17;2963
12;2025-12-01;18;3026
12;2025-12-01;19;2446
12;2025-12-01;20;1640
12;2025-12-01;21;978
12;2025-12-01;22;517
12;2025-12-01;23;255
12;2025-12-02;0;53
12;2025-12-02;1;2
12;2025-12-02;2;0
12;2025-12-02;3;0
12;2025-12-02;4;12
12;2025-12-02;5;380
12;2025-12-02;6;1432
12;2025-12-02;7;2653
12;2025-12-02;8;3243
12;2025-12-02;9;2604
12;2025-12-02;10;2180
12;2025-12-02;11;2126
12;2025-12-02;12;2149
12;2025-12-02;13;2176
12;2025-12-02;14;2191
12;2025-12-02;15;2310
12;2025-12-02;16;2572
12;2025-12-02;17;2982
12;2025-12-02;18;3062
12;2025-12-02;19;2446
12;2025-12-02;20;1661
12;2025-12-02;21;999
12;2025-12-02;22;537
12;2025-12-02;23;273
12;2025-12-03;0;53
12;2025-12-03;1;2
12;2025-12-03;2;0
12;2025-12-03;3;0
12;2025-12-03;4;10
12;2025-12-03;5;385
12;2025-12-03;6;1435
12;2025-12-03;7;2659
12;2025-12-03;8;3230
12;2025-12-03;9;2590
12;2025-12-03;10;2189
12;2025-12-03;11;2134
12;2025-12-03;12;2157
12;2025-12-03;13;2184
12;2025-12-03;14;2199
12;2025-12-03;15;2317
12;2025-12-03;16;2578
12;2025-12-03;17;2980
12;2025-12-03;18;3043
12;2025-12-03;19;2445
12;2025-12-03;20;1671
12;2025-12-03;21;1008
12;2025-12-03;22;547
12;2025-12-03;23;283
12;2025-12-04;0;53
12;2025-12-04;1;2
12;2025-12-04;2;0
12;2025-12-04;3;0
12;2025-12-04;4;10
12;2025-12-04;5;381
12;2025-12-04;6;1430
12;2025-12-04;7;2652
12;2025-12-04;8;3224
12;2025-12-04;9;2586
12;2025-12-04;10;2188
12;2025-12-04;11;2134
12;2025-12-04;12;2156
12;2025-12-04;13;2183
12;2025-12-04;14;2199
12;2025-12-04;15;2319
12;2025-12-04;16;2583
12;2025-12-04;17;2970
12;2025-12-04;18;3044
12;2025-12-04;19;2447
12;2025-12-04;20;1671
12;2025-12-04;21;1010
12;2025-12-04;22;545
12;2025-12-04;23;282
12;2025-12-05;0;54
12;2025-12-05;1;2
12;2025-12-05;2;0
12;2025-12-05;3;0
12;2025-12-05;4;9
12;2025-12-05;5;378
12;2025-12-05;6;1418
12;2025-12-05;7;2637
12;2025-12-05;8;3199
12;2025-12-05;9;2567
12;2025-12-05;10;2174
12;2025-12-05;11;2124
12;2025-12-05;12;2152
12;2025-12-05;13;2235
12;2025-12-05;14;2267
12;2025-12-05;15;2387
12;2025-12-05;16;2658
12;2025-12-05;17;2945
12;2025-12-05;18;2840
12;2025-12-05;19;2296
12;2025-12-05;20;1616
12;2025-12-05;21;1008
12;2025-12-05;22;553
12;2025-12-05;23;300
12;2025-12-06;0;74
12;2025-12-06;1;5
12;2025-12-06;2;0
12;2025-12-06;3;0
12;2025-12-06;4;5
12;2025-12-06;5;252
12;2025-12-06;6;673
12;2025-12-06;7;951
12;2025-12-06;8;1019
12;2025-12-06;9;1144
12;2025-12-06;10;1334
12;2025-12-06;11;1423
12;2025-12-06;12;1488
12;2025-12-06;13;1560
12;2025-12-06;14;1556
12;2025-12-06;15;1569
12;2025-12-06;16;1582
12;2025-12-06;17;1545
12;2025-12-06;18;1485
12;2025-12-06;19;1316
12;2025-12-06;20;995
12;2025-12-06;21;694
12;2025-12-06;22;431
12;2025-12-06;23;257
12;2025-12-07;0;78
12;2025-12-07;1;6
12;2025-12-07;2;0
12;2025-12-07;3;0
12;2025-12-07;4;1
12;2025-12-07;5;205
12;2025-12-07;6;536
12;2025-12-07;7;768
12;2025-12-07;8;815
12;2025-12-07;9;983
12;2025-12-07;10;1183
12;2025-12-07;11;1279
12;2025-12-07;12;1361
12;2025-12-07;13;1431
12;2025-12-07;14;1429
12;2025-12-07;15;1441
12;2025-12-07;16;1472
12;2025-12-07;17;1404
12;2025-12-07;18;1333
12;2025-12-07;19;1152
12;2025-12-07;20;850
12;2025-12-07;21;593
12;2025-12-07;22;371
12;2025-12-07;23;209
12;2025-12-08;0;54
12;2025-12-08;1;3
12;2025-12-08;2;0
12;2025-12-08;3;0
12;2025-12-08;4;7
12;2025-12-08;5;372
12;2025-12-08;6;1415
12;2025-12-08;7;2635
12;2025-12-08;8;3212
12;2025-12-08;9;2571
12;2025-12-08;10;2150
12;2025-12-08;11;2094
12;2025-12-08;12;2120
12;2025-12-08;13;2148
12;2025-12-08;14;2163
12;2025-12-08;15;2284
12;2025-12-08;16;2550
12;2025-12-08;17;2963
12;2025-12-08;18;3026
12;2025-12-08;19;2446
12;2025-12-08;20;1640
12;2025-12-08;21;978
12;2025-12-08;22;517
12;2025-12-08;23;255
12;2025-12-09;0;53
12;2025-12-09;1;2
12;2025-12-09;2;0
12;2025-12-09;3;0
12;2025-12-09;4;12
12;2025-12-09;5;380
12;2025-12-09;6;1432
12;2025-12-09;7;2653
12;2025-12-09;8;3243
12;2025-12-09;9;2604
12;2025-12-09;10;2180
12;2025-12-09;11;2126
12;2025-12-09;12;2149
12;2025-12-09;13;2176
12;2025-12-09;14;2191
12;2025-12-09;15;2310
12;2025-12-09;16;2572
12;2025-12-09;17;2982
12;2025-12-09;18;3062
12;2025-12-09;19;2446
12;2025-12-09;20;1661
12;2025-12-09;21;999
12;2025-12-09;22;537
12;2025-12-09;23;273
12;2025-12-10;0;53
12;2025-12-10;1;2
12;2025-12-10;2;0
12;2025-12-10;3;0
12;2025-12-10;4;10
12;2025-12-10;5;385
12;2025-12-10;6;1435
12;2025-12-10;7;2659
12;2025-12-10;8;3230
12;2025-12-10;9;2590
12;2025-12-10;10;2189
12;2025-12-10;11;2134
12;2025-12-10;12;2157
12;2025-12-10;13;2184
12;2025-12-10;14;2199
12;2025-12-10;15;2317
12;2025-12-10;16;2578
12;2025-12-10;17;2980
12;2025-12-10;18;3043
12;2025-12-10;19;2445
12;2025-12-10;20;1671
12;2025-12-10;21;1008
12;2025-12-10;22;547
12;2025-12-10;23;283
12;2025-12-11;0;53
12;2025-12-11;1;2
12;2025-12-11;2;0
12;2025-12-11;3;0
12;2025-12-11;4;10
12;2025-12-11;5;381
12;2025-12-11;6;1430
12;2025-12-11;7;2652
12;2025-12-11;8;3224
12;2025-12-11;9;2586
12;2025-12-11;10;2188
12;2025-12-11;11;2134
12;2025-12-11;12;2156
12;2025-12-11;13;2183
12;2025-12-11;14;2199
12;2025-12-11;15;2319
12;2025-12-11;16;2583
12;2025-12-11;17;2970
12;2025-12-11;18;3044
12;2025-12-11;19;2447
12;2025-12-11;20;1671
12;2025-12-11;21;1010
12;2025-12-11;22;545
12;2025-12-11;23;282
12;2025-12-12;0;54
12;2025-12-12;1;2
12;2025-12-12;2;0
12;2025-12-12;3;0
12;2025-12-12;4;9
12;2025-12-12;5;378
12;2025-12-12;6;1418
12;2025-12-12;7;2637
12;2025-12-12;8;3199
12;2025-12-12;9;2567
12;2025-12-12;10;2174
12;2025-12-12;11;2124
12;2025-12-12;12;2152
12;2025-12-12;13;2235
12;2025-12-12;14;2267
12;2025-12-12;15;2387
12;2025-12-12;16;2658
12;2025-12-12;17;2945
12;2025-12-12;18;2840
12;2025-12-12;19;2296
12;2025-12-12;20;1616
12;2025-12-12;21;1008
12;2025-12-12;22;553
12;2025-12-12;23;300
12;2025-12-13;0;74
12;2025-12-13;1;5
12;2025-12-13;2;0
12;2025-12-13;3;0
12;2025-12-13;4;5
12;2025-12-13;5;252
12;2025-12-13;6;673
12;2025-12-13;7;951
12;2025-12-13;8;1019
12;2025-12-13;9;1144
12;2025-12-13;10;1334
12;2025-12-13;11;1423
12;2025-12-13;12;1488
12;2025-12-13;13;1560
12;2025-12-13;14;1556
12;2025-12-13;15;1569
12;2025-12-13;16;1582
12;2025-12-13;17;1545
12;2025-12-13;18;1485
12;2025-12-13;19;1316
12;2025-12-13;20;995
12;2025-12-13;21;694
12;2025-12-13;22;431
12;2025-12-13;23;257
12;2025-12-14;0;78
12;2025-12-14;1;6
12;2025-12-14;2;0
12;2025-12-14;3;0
12;2025-12-14;4;1
12;2025-12-14;5;205
12;2025-12-14;6;536
12;2025-12-14;7;768
12;2025-12-14;8;815
12;2025-12-14;9;983
12;2025-12-14;10;1183
12;2025-12-14;11;1279
12;2025-12-14;12;1361
12;2025-12-14;13;1431
12;2025-12-14;14;1429
12;2025-12-14;15;1441
12;2025-12-14;16;1472
12;2025-12-14;17;1404
12;2025-12-14;18;1333
12;2025-12-14;19;1152
12;2025-12-14;20;850
12;2025-12-14;21;593
12;2025-12-14;22;371
12;2025-12-14;23;209
12;2025-12-15;0;54
12;2025-12-15;1;3
12;2025-12-15;2;0
12;2025-12-15;3;0
12;2025-12-15;4;7
12;2025-12-15;5;372
12;2025-12-15;6;1415
12;2025-12-15;7;2635
12;2025-12-15;8;3212
12;2025-12-15;9;2571
12;2025-12-15;10;2150
12;2025-12-15;11;2094
12;2025-12-15;12;2120
12;2025-12-15;13;2148
12;2025-12-15;14;2163
12;2025-12-15;15;2284
12;2025-12-15;16;2550
12;2025-12-15;17;2963
12;2025-12-15;18;3026
12;2025-12-15;19;2446
12;2025-12-15;20;1640
12;2025-12-15;21;978
12;2025-12-15;22;517
12;2025-12-15;23;255
12;2025-12-16;0;53
12;2025-12-16;1;2
12;2025-12-16;2;0
12;2025-12-16;3;0
12;2025-12-16;4;12
12;2025-12-16;5;380
12;2025-12-16;6;1432
12;2025-12-16;7;2653
12;2025-12-16;8;3243
12;2025-12-16;9;2604
12;2025-12-16;10;2180
12;2025-12-16;11;2126
12;2025-12-16;12;2149
12;2025-12-16;13;2176
12;2025-12-16;14;2191
12;2025-12-16;15;2310
12;2025-12-16;16;2572
12;2025-12-16;17;2982
12;2025-12-16;18;3062
12;2025-12-16;19;2446
12;2025-12-16;20;1661
12;2025-12-16;21;999
12;2025-12-16;22;537
12;2025-12-16;23;273
12;2025-12-17;0;53
12;2025-12-17;1;2
12;2025-12-17;2;0
12;2025-12-17;3;0
12;2025-12-17;4;10
12;2025-12-17;5;385
12;2025-12-17;6;1435
12;2025-12-17;7;2659
12;2025-12-17;8;3230
12;2025-12-17;9;2590
12;2025-12-17;10;2189
12;2025-12-17;11;2134
12;2025-12-17;12;2157
12;2025-12-17;13;2184
12;2025-12-17;14;2199
12;2025-12-17;15;2317
12;2025-12-17;16;2578
12;2025-12-17;17;2980
12;2025-12-17;18;3043
12;2025-12-17;19;2445
12;2025-12-17;20;1671
12;2025-12-17;21;1008
12;2025-12-17;22;547
12;2025-12-17;23;283
12;2025-12-18;0;53
12;2025-12-18;1;2
12;2025-12-18;2;0
12;2025-12-18;3;0
12;2025-12-18;4;10
12;2025-12-18;5;381
12;2025-12-18;6;1430
12;2025-12-18;7;2652
12;2025-12-18;8;3224
12;2025-12-18;9;2586
12;2025-12-18;10;2188
12;2025-12-18;11;2134
12;2025-12-18;12;2156
12;2025-12-18;13;2183
12;2025-12-18;14;2199
12;2025-12-18;15;2319
12;2025-12-18;16;2583
12;2025-12-18;17;2970
12;2025-12-18;18;3044
12;2025-12-18;19;2447
12;2025-12-18;20;1671
12;2025-12-18;21;1010
12;2025-12-18;22;545
12;2025-12-18;23;282
12;2025-12-19;0;54
12;2025-12-19;1;2
12;2025-12-19;2;0
12;2025-12-19;3;0
12;2025-12-19;4;9
12;2025-12-19;5;378
12;2025-12-19;6;1418
12;2025-12-19;7;2637
12;2025-12-19;8;3199
12;2025-12-19;9;2567
12;2025-12-19;10;2174
12;2025-12-19;11;2124
12;2025-12-19;12;2152
12;2025-12-19;13;2235
12;2025-12-19;14;2267
12;2025-12-19;15;2387
12;2025-12-19;16;2658
12;2025-12-19;17;2945
12;2025-12-19;18;2840
12;2025-12-19;19;2296
12;2025-12-19;20;1616
12;2025-12-19;21;1008
12;2025-12-19;22;553
12;2025-12-19;23;300
12;2025-12-20;0;74
12;2025-12-20;1;5
12;2025-12-20;2;0
12;2025-12-20;3;0
12;2025-12-20;4;5
12;2025-12-20;5;252
12;2025-12-20;6;673
12;2025-12-20;7;951
12;2025-12-20;8;1019
12;2025-12-20;9;1144
12;2025-12-20;10;1334
12;2025-12-20;11;1423
12;2025-12-20;12;1488
12;2025-12-20;13;1560
12;2025-12-20;14;1556
12;2025-12-20;15;1569
12;2025-12-20;16;1582
12;2025-12-20;17;1545
12;2025-12-20;18;1485
12;2025-12-20;19;1316
12;2025-12-20;20;995
12;2025-12-20;21;694
12;2025-12-20;22;431
12;2025-12-20;23;257
12;2025-12-21;0;78
12;2025-12-21;1;6
12;2025-12-21;2;0
12;2025-12-21;3;0
12;2025-12-21;4;1
12;2025-12-21;5;205
12;2025-12-21;6;536
12;2025-12-21;7;768
12;2025-12-21;8;815
12;2025-12-21;9;983
12;2025-12-21;10;1183
12;2025-12-21;11;1279
12;2025-12-21;12;1361
12;2025-12-21;13;1431
12;2025-12-21;14;1429
12;2025-12-21;15;1441
12;2025-12-21;16;1472
12;2025-12-21;17;1404
12;2025-12-21;18;1333
12;2025-12-21;19;1152
12;2025-12-21;20;850
12;2025-12-21;21;593
12;2025-12-21;22;371
12;2025-12-21;23;209
12;2025-12-22;0;54
12;2025-12-22;1;3
12;2025-12-22;2;0
12;2025-12-22;3;0
12;2025-12-22;4;7
12;2025-12-22;5;372
12;2025-12-22;6;1415
12;2025-12-22;7;2635
12;2025-12-22;8;3212
12;2025-12-22;9;2571
12;2025-12-22;10;2150
12;2025-12-22;11;2094
12;2025-12-22;12;2120
12;2025-12-22;13;2148
12;2025-12-22;14;2163
12;2025-12-22;15;2284
12;2025-12-22;16;2550
12;2025-12-22;17;2963
12;2025-12-22;18;3026
12;2025-12-22;19;2446
12;2025-12-22;20;1640
12;2025-12-22;21;978
12;2025-12-22;22;517
12;2025-12-22;23;255
12;2025-12-23;0;53
12;2025-12-23;1;2
12;2025-12-23;2;0
12;2025-12-23;3;0
12;2025-12-23;4;12
12;2025-12-23;5;380
12;2025-12-23;6;1432
12;2025-12-23;7;2653
12;2025-12-23;8;3243
12;2025-12-23;9;2604
12;2025-12-23;10;2180
12;2025-12-23;11;2126
12;2025-12-23;12;2149
12;2025-12-23;13;2176
12;2025-12-23;14;2191
12;2025-12-23;15;2310
12;2025-12-23;16;2572
12;2025-12-23;17;2982
12;2025-12-23;18;3062
12;2025-12-23;19;2446
12;2025-12-23;20;1661
12;2025-12-23;21;999
12;2025-12-23;22;537
12;2025-12-23;23;273
12;2025-12-24;0;53
12;2025-12-24;1;2
12;2025-12-24;2;0
12;2025-12-24;3;0
12;2025-12-24;4;10
12;2025-12-24;5;385
12;2025-12-24;6;1435
12;2025-12-24;7;2659
12;2025-12-24;8;3230
12;2025-12-24;9;2590
12;2025-12-24;10;2189
12;2025-12-24;11;2134
12;2025-12-24;12;2157
12;2025-12-24;13;2184
12;2025-12-24;14;2199
12;2025-12-24;15;2317
12;2025-12-24;16;2578
12;2025-12-24;17;2980
12;2025-12-24;18;3043
12;2025-12-24;19;2445
12;2025-12-24;20;1671
12;2025-12-24;21;1008
12;2025-12-24;22;547
12;2025-12-24;23;283
12;2025-12-25;0;53
12;2025-12-25;1;2
12;2025-12-25;2;0
12;2025-12-25;3;0
12;2025-12-25;4;10
12;2025-12-25;5;381
12;2025-12-25;6;1430
12;2025-12-25;7;2652
12;2025-12-25;8;3224
12;2025-12-25;9;2586
12;2025-12-25;10;2188
12;2025-12-25;11;2134
12;2025-12-25;12;2156
12;2025-12-25;13;2183
12;2025-12-25;14;2199
12;2025-12-25;15;2319
12;2025-12-25;16;2583
12;2025-12-25;17;2970
12;2025-12-25;18;3044
12;2025-12-25;19;2447
12;2025-12-25;20;1671
12;2025-12-25;21;1010
12;2025-12-25;22;545
12;2025-12-25;23;282
12;2025-12-26;0;54
12;2025-12-26;1;2
12;2025-12-26;2;0
12;2025-12-26;3;0
12;2025-12-26;4;9
12;2025-12-26;5;378
12;2025-12-26;6;1418
12;2025-12-26;7;2637
12;2025-12-26;8;3199
12;2025-12-26;9;2567
12;2025-12-26;10;2174
12;2025-12-26;11;2124
12;2025-12-26;12;2152
12;2025-12-26;13;2235
12;2025-12-26;14;2267
12;2025-12-26;15;2387
12;2025-12-26;16;2658
12;2025-12-26;17;2945
12;2025-12-26;18;2840
12;2025-12-26;19;2296
12;2025-12-26;20;1616
12;2025-12-26;21;1008
12;2025-12-26;22;553
12;2025-12-26;23;300
12;2025-12-27;0;74
12;2025-12-27;1;5
12;2025-12-27;2;0
12;2025-12-27;3;0
12;2025-12-27;4;5
12;2025-12-27;5;252
12;2025-12-27;6;673
12;2025-12-27;7;951
12;2025-12-27;8;1019
12;2025-12-27;9;1144
12;2025-12-27;10;1334
12;2025-12-27;11;1423
12;2025-12-27;12;1488
12;2025-12-27;13;1560
12;2025-12-27;14;1556
12;2025-12-27;15;1569
12;2025-12-27;16;1582
12;2025-12-27;17;1545
12;2025-12-27;18;1485
12;2025-12-27;19;1316
12;2025-12-27;20;995
12;2025-12-27;21;694
12;2025-12-27;22;431
12;2025-12-27;23;257
12;2025-12-28;0;78
12;2025-12-28;1;6
12;2025-12-28;2;0
12;2025-12-28;3;0
12;2025-12-28;4;1
12;2025-12-28;5;205
12;2025-12-28;6;536
12;2025-12-28;7;768
12;2025-12-28;8;815
12;2025-12-28;9;983
12;2025-12-28;10;1183
12;2025-12-28;11;1279
12;2025-12-28;12;1361
12;2025-12-28;13;1431
12;2025-12-28;14;1429
12;2025-12-28;15;1441
12;2025-12-28;16;1472
12;2025-12-28;17;1404
12;2025-12-28;18;1333
12;2025-12-28;19;1152
12;2025-12-28;20;850
12;2025-12-28;21;593
12;2025-12-28;22;371
12;2025-12-28;23;209
12;2025-12-29;0;54
12;2025-12-29;1;3
12;2025-12-29;2;0
12;2025-12-29;3;0
12;2025-12-29;4;7
12;2025-12-29;5;372
12;2025-12-29;6;1415
12;2025-12-29;7;2635
12;2025-12-29;8;3212
12;2025-12-29;9;2571
12;2025-12-29;10;2150
12;2025-12-29;11;2094
12;2025-12-29;12;2120
12;2025-12-29;13;2148
12;2025-12-29;14;2163
12;2025-12-29;15;2284
12;2025-12-29;16;2550
12;2025-12-29;17;2963
12;2025-12-29;18;3026
12;2025-12-29;19;2446
12;2025-12-29;20;1640
12;2025-12-29;21;978
12;2025-12-29;22;517
12;2025-12-29;23;255
12;2025-12-30;0;53
12;2025-12-30;1;2
12;2025-12-30;2;0
12;2025-12-30;3;0
12;2025-12-30;4;12
12;2025-12-30;5;380
12;2025-12-30;6;1432
12;2025-12-30;7;2653
12;2025-12-30;8;3243
12;2025-12-30;9;2604
12;2025-12-30;10;2180
12;2025-12-30;11;2126
12;2025-12-30;12;2149
12;2025-12-30;13;2176
12;2025-12-30;14;2191
12;2025-12-30;15;2310
12;2025-12-30;16;2572
12;2025-12-30;17;2982
12;2025-12-30;18;3062
12;2025-12-30;19;2446
12;2025-12-30;20;1661
12;2025-12-30;21;999
12;2025-12-30;22;537
12;2025-12-30;23;273
12;2025-12-31;0;67
12;2025-12-31;1;4
12;2025-12-31;2;0
12;2025-12-31;3;0
12;2025-12-31;4;0
12;2025-12-31;5;230
12;2025-12-31;6;621
12;2025-12-31;7;869
12;2025-12-31;8;1023
12;2025-12-31;9;1051
12;2025-12-31;10;1225
12;2025-12-31;11;1308
12;2025-12-31;12;1374
12;2025-12-31;13;1443
12;2025-12-31;14;1441
12;2025-12-31;15;1460
12;2025-12-31;16;1492
12;2025-12-31;17;1479
12;2025-12-31;18;1423
12;2025-12-31;19;1236
12;2025-12-31;20;899
12;2025-12-31;21;622
12;2025-12-31;22;362
12;2025-12-31;23;185
17;2025-11-01;0;146
17;2025-11-01;1;17
17;2025-11-01;2;0
17;2025-11-01;3;0
17;2025-11-01;4;21
17;2025-11-01;5;397
17;2025-11-01;6;1733
17;2025-11-01;7;4327
17;2025-11-01;8;5088
17;2025-11-01;9;4136
17;2025-11-01;10;3331
17;2025-11-01;11;3274
17;2025-11-01;12;3337
17;2025-11-01;13;3391
17;2025-11-01;14;3412
17;2025-11-01;15;3573
17;2025-11-01;16;3939
17;2025-11-01;17;4673
17;2025-11-01;18;4776
17;2025-11-01;19;3674
17;2025-11-01;20;2640
17;2025-11-01;21;1664
17;2025-11-01;22;890
17;2025-11-01;23;471
17;2025-11-02;0;178
17;2025-11-02;1;25
17;2025-11-02;2;0
17;2025-11-02;3;0
17;2025-11-02;4;6
17;2025-11-02;5;71
17;2025-11-02;6;481
17;2025-11-02;7;1178
17;2025-11-02;8;1457
17;2025-11-02;9;1817
17;2025-11-02;10;2558
17;2025-11-02;11;2746
17;2025-11-02;12;2887
17;2025-11-02;13;3034
17;2025-11-02;14;3056
17;2025-11-02;15;3108
17;2025-11-02;16;3236
17;2025-11-02;17;3091
17;2025-11-02;18;2937
17;2025-11-02;19;2344
17;2025-11-02;20;1800
17;2025-11-02;21;1243
17;2025-11-02;22;719
17;2025-11-02;23;366
17;2025-11-03;0;162
17;2025-11-03;1;23
17;2025-11-03;2;0
17;2025-11-03;3;0
17;2025-11-03;4;4
17;2025-11-03;5;139
17;2025-11-03;6;619
17;2025-11-03;7;1420
17;2025-11-03;8;1852
17;2025-11-03;9;2044
17;2025-11-03;10;2617
17;2025-11-03;11;2794
17;2025-11-03;12;2894
17;2025-11-03;13;3064
17;2025-11-03;14;3086
17;2025-11-03;15;3142
17;2025-11-03;16;3264
17;2025-11-03;17;3381
17;2025-11-03;18;3243
17;2025-11-03;19;2582
17;2025-11-03;20;1973
17;2025-11-03;21;1343
17;2025-11-03;22;781
17;2025-11-03;23;413
17;2025-11-04;0;167
17;2025-11-04;1;30
17;2025-11-04;2;4
17;2025-11-04;3;4
17;2025-11-04;4;0
17;2025-11-04;5;82
17;2025-11-04;6;530
17;2025-11-04;7;1342
17;2025-11-04;8;1767
17;2025-11-04;9;1953
17;2025-11-04;10;2519
17;2025-11-04;11;2698
17;2025-11-04;12;2793
17;2025-11-04;13;2943
17;2025-11-04;14;2964
17;2025-11-04;15;3024
17;2025-11-04;16;3150
17;2025-11-04;17;3261
17;2025-11-04;18;3127
17;2025-11-04;19;2464
17;2025-11-04;20;1906
17;2025-11-04;21;1303
17;2025-11-04;22;745
17;2025-11-04;23;387
17;2025-11-05;0;127
17;2025-11-05;1;13
17;2025-11-05;2;0
17;2025-11-05;3;0
17;2025-11-05;4;19
17;2025-11-05;5;357
17;2025-11-05;6;1644
17;2025-11-05;7;4261
17;2025-11-05;8;5130
17;2025-11-05;9;4016
17;2025-11-05;10;3196
17;2025-11-05;11;3130
17;2025-11-05;12;3192
17;2025-11-05;13;3247
17;2025-11-05;14;3269
17;2025-11-05;15;3443
17;2025-11-05;16;3828
17;2025-11-05;17;4640
17;2025-11-05;18;4745
17;2025-11-05;19;3577
17;2025-11-05;20;2552
17;2025-11-05;21;1569
17;2025-11-05;22;818
17;2025-11-05;23;396
17;2025-11-06;0;128
17;2025-11-06;1;14
17;2025-11-06;2;0
17;2025-11-06;3;0
17;2025-11-06;4;22
17;2025-11-06;5;366
17;2025-11-06;6;1655
17;2025-11-06;7;4267
17;2025-11-06;8;5141
17;2025-11-06;9;4028
17;2025-11-06;10;3209
17;2025-11-06;11;3143
17;2025-11-06;12;3206
17;2025-11-06;13;3261
17;2025-11-06;14;3283
17;2025-11-06;15;3460
17;2025-11-06;16;3843
17;2025-11-06;17;4608
17;2025-11-06;18;4725
17;2025-11-06;19;3585
17;2025-11-06;20;2564
17;2025-11-06;21;1588
17;2025-11-06;22;831
17;2025-11-06;23;409
17;2025-11-07;0;129
17;2025-11-07;1;14
17;2025-11-07;2;0
17;2025-11-07;3;0
17;2025-11-07;4;20
17;2025-11-07;5;363
17;2025-11-07;6;1640
17;2025-11-07;7;4260
17;2025-11-07;8;5112
17;2025-11-07;9;4005
17;2025-11-07;10;3194
17;2025-11-07;11;3137
17;2025-11-07;12;3205
17;2025-11-07;13;3315
17;2025-11-07;14;3372
17;2025-11-07;15;3547
17;2025-11-07;16;3938
17;2025-11-07;17;4604
17;2025-11-07;18;4505
17;2025-11-07;19;3417
17;2025-11-07;20;2503
17;2025-11-07;21;1600
17;2025-11-07;22;855
17;2025-11-07;23;444
17;2025-11-08;0;182
17;2025-11-08;1;27
17;2025-11-08;2;0
17;2025-11-08;3;0
17;2025-11-08;4;10
17;2025-11-08;5;157
17;2025-11-08;6;660
17;2025-11-08;7;1512
17;2025-11-08;8;1845
17;2025-11-08;9;2124
17;2025-11-08;10;2709
17;2025-11-08;11;2888
17;2025-11-08;12;2986
17;2025-11-08;13;3133
17;2025-11-08;14;3155
17;2025-11-08;15;3205
17;2025-11-08;16;3314
17;2025-11-08;17;3390
17;2025-11-08;18;3247
17;2025-11-08;19;2601
17;2025-11-08;20;2037
17;2025-11-08;21;1405
17;2025-11-08;22;841
17;2025-11-08;23;470
17;2025-11-09;0;178
17;2025-11-09;1;25
17;2025-11-09;2;0
17;2025-11-09;3;0
17;2025-11-09;4;6
17;2025-11-09;5;71
17;2025-11-09;6;481
17;2025-11-09;7;1178
17;2025-11-09;8;1457
17;2025-11-09;9;1817
17;2025-11-09;10;2558
17;2025-11-09;11;2746
17;2025-11-09;12;2887
17;2025-11-09;13;3034
17;2025-11-09;14;3056
17;2025-11-09;15;3108
17;2025-11-09;16;3236
17;2025-11-09;17;3091
17;2025-11-09;18;2937
17;2025-11-09;19;2344
17;2025-11-09;20;1800
17;2025-11-09;21;1243
17;2025-11-09;22;719
17;2025-11-09;23;366
17;2025-11-10;0;126
17;2025-11-10;1;13
17;2025-11-10;2;0
17;2025-11-10;3;0
17;2025-11-10;4;16
17;2025-11-10;5;346
17;2025-11-10;6;1623
17;2025-11-10;7;4229
17;2025-11-10;8;5095
17;2025-11-10;9;3980
17;2025-11-10;10;3154
17;2025-11-10;11;3087
17;2025-11-10;12;3150
17;2025-11-10;13;3207
17;2025-11-10;14;3229
17;2025-11-10;15;3406
17;2025-11-10;16;3795
17;2025-11-10;17;4580
17;2025-11-10;18;4685
17;2025-11-10;19;3562
17;2025-11-10;20;2513
17;2025-11-10;21;1532
17;2025-11-10;22;781
17;2025-11-10;23;360
17;2025-11-11;0;126
17;2025-11-11;1;13
17;2025-11-11;2;0
17;2025-11-11;3;0
17;2025-11-11;4;21
17;2025-11-11;5;359
17;2025-11-11;6;1644
17;2025-11-11;7;4260
17;2025-11-11;8;5148
17;2025-11-11;9;4035
17;2025-11-11;10;3187
17;2025-11-11;11;3121
17;2025-11-11;12;3183
17;2025-11-11;13;3238
17;2025-11-11;14;3260
17;2025-11-11;15;3437
17;2025-11-11;16;3822
17;2025-11-11;17;4614
17;2025-11-11;18;4743
17;2025-11-11;19;3577
17;2025-11-11;20;2540
17;2025-11-11;21;1563
17;2025-11-11;22;812
17;2025-11-11;23;389
17;2025-11-12;0;127
17;2025-11-12;1;13
17;2025-11-12;2;0
17;2025-11-12;3;0
17;2025-11-12;4;19
17;2025-11-12;5;357
17;2025-11-12;6;1644
17;2025-11-12;7;4261
17;2025-11-12;8;5130
17;2025-11-12;9;4016
17;2025-11-12;10;3196
17;2025-11-12;11;3130
17;2025-11-12;12;3192
17;2025-11-12;13;3247
17;2025-11-12;14;3269
17;2025-11-12;15;3443
17;2025-11-12;16;3828
17;2025-11-12;17;4640
17;2025-11-12;18;4745
17;2025-11-12;19;3577
17;2025-11-12;20;2552
17;2025-11-12;21;1569
17;2025-11-12;22;818
17;2025-11-12;23;396
17;2025-11-13;0;128
17;2025-11-13;1;14
17;2025-11-13;2;0
17;2025-11-13;3;0
17;2025-11-13;4;22
17;2025-11-13;5;366
17;2025-11-13;6;1655
17;2025-11-13;7;4267
17;2025-11-13;8;5141
17;2025-11-13;9;4028
17;2025-11-13;10;3209
17;2025-11-13;11;3143
17;2025-11-13;12;3206
17;2025-11-13;13;3261
17;2025-11-13;14;3283
17;2025-11-13;15;3460
17;2025-11-13;16;3843
17;2025-11-13;17;4608
17;2025-11-13;18;4725
17;2025-11-13;19;3585
17;2025-11-13;20;2564
17;2025-11-13;21;1588
17;2025-11-13;22;831
17;2025-11-13;23;409
17;2025-11-14;0;129
17;2025-11-14;1;14
17;2025-11-14;2;0
17;2025-11-14;3;0
17;2025-11-14;4;20
17;2025-11-14;5;363
17;2025-11-14;6;1640
17;2025-11-14;7;4260
17;2025-11-14;8;5112
17;2025-11-14;9;4005
17;2025-11-14;10;3194
17;2025-11-14;11;3137
17;2025-11-14;12;3205
17;2025-11-14;13;3315
17;2025-11-14;14;3372
17;2025-11-14;15;3547
17;2025-11-14;16;3938
17;2025-11-14;17;4604
17;2025-11-14;18;4505
17;2025-11-14;19;3417
17;2025-11-14;20;2503
17;2025-11-14;21;1600
17;2025-11-14;22;855
17;2025-11-14;23;444
17;2025-11-15;0;182
17;2025-11-15;1;27
17;2025-11-15;2;0
17;2025-11-15;3;0
17;2025-11-15;4;10
17;2025-11-15;5;157
17;2025-11-15;6;660
17;2025-11-15;7;1512
17;2025-11-15;8;1845
17;2025-11-15;9;2124
17;2025-11-15;10;2709
17;2025-11-15;11;2888
17;2025-11-15;12;2986
17;2025-11-15;13;3133
17;2025-11-15;14;3155
17;2025-11-15;15;3205
17;2025-11-15;16;3314
17;2025-11-15;17;3390
17;2025-11-15;18;3247
17;2025-11-15;19;2601
17;2025-11-15;20;2037
17;2025-11-15;21;1405
17;2025-11-15;22;841
17;2025-11-15;23;470
17;2025-11-16;0;178
17;2025-11-16;1;25
17;2025-11-16;2;0
17;2025-11-16;3;0
17;2025-11-16;4;6
17;2025-11-16;5;71
17;2025-11-16;6;481
17;2025-11-16;7;1178
17;2025-11-16;8;1457
17;2025-11-16;9;1817
17;2025-11-16;10;2558
17;2025-11-16;11;2746
17;2025-11-16;12;2887
17;2025-11-16;13;3034
17;2025-11-16;14;3056
17;2025-11-16;15;3108
17;2025-11-16;16;3236
17;2025-11-16;17;3091
17;2025-11-16;18;2937
17;2025-11-16;19;2344
17;2025-11-16;20;1800
17;2025-11-16;21;1243
17;2025-11-16;22;719
17;2025-11-16;23;366
17;2025-11-17;0;126
17;2025-11-17;1;13
17;2025-11-17;2;0
17;2025-11-17;3;0
17;2025-11-17;4;16
17;2025-11-17;5;346
17;2025-11-17;6;1623
17;2025-11-17;7;4229
17;2025-11-17;8;5095
17;2025-11-17;9;3980
17;2025-11-17;10;3154
17;2025-11-17;11;3087
17;2025-11-17;12;3150
17;2025-11-17;13;3207
17;2025-11-17;14;3229
17;2025-11-17;15;3406
17;2025-11-17;16;3795
17;2025-11-17;17;4580
17;2025-11-17;18;4685
17;2025-11-17;19;3562
17;2025-11-17;20;2513
17;2025-11-17;21;1532
17;2025-11-17;22;781
17;2025-11-17;23;360
17;2025-11-18;0;126
17;2025-11-18;1;13
17;2025-11-18;2;0
17;2025-11-18;3;0
17;2025-11-18;4;21
17;2025-11-18;5;359
17;2025-11-18;6;1644
17;2025-11-18;7;4260
17;2025-11-18;8;5148
17;2025-11-18;9;4035
17;2025-11-18;10;3187
17;2025-11-18;11;3121
17;2025-11-18;12;3183
17;2025-11-18;13;3238
17;2025-11-18;14;3260
17;2025-11-18;15;3437
17;2025-11-18;16;3822
17;2025-11-18;17;4614
17;2025-11-18;18;4743
17;2025-11-18;19;3577
17;2025-11-18;20;2540
17;2025-11-18;21;1563
17;2025-11-18;22;812
17;2025-11-18;23;389
17;2025-11-19;0;127
17;2025-11-19;1;13
17;2025-11-19;2;0
17;2025-11-19;3;0
17;2025-11-19;4;19
17;2025-11-19;5;357
17;2025-11-19;6;1644
17;2025-11-19;7;4261
17;2025-11-19;8;5130
17;2025-11-19;9;4016
17;2025-11-19;10;3196
17;2025-11-19;11;3130
17;2025-11-19;12;3192
17;2025-11-19;13;3247
17;2025-11-19;14;3269
17;2025-11-19;15;3443
17;2025-11-19;16;3828
17;2025-11-19;17;4640
17;2025-11-19;18;4745
17;2025-11-19;19;3577
17;2025-11-19;20;2552
17;2025-11-19;21;1569
17;2025-11-19;22;818
17;2025-11-19;23;396
17;2025-11-20;0;128
17;2025-11-20;1;14
17;2025-11-20;2;0
17;2025-11-20;3;0
17;2025-11-20;4;22
17;2025-11-20;5;366
17;2025-11-20;6;1655
17;2025-11-20;7;4267
17;2025-11-20;8;5141
17;2025-11-20;9;4028
17;2025-11-20;10;3209
17;2025-11-20;11;3143
17;2025-11-20;12;3206
17;2025-11-20;13;3261
17;2025-11-20;14;3283
17;2025-11-20;15;3460
17;2025-11-20;16;3843
17;2025-11-20;17;4608
17;2025-11-20;18;4725
17;2025-11-20;19;3585
17;2025-11-20;20;2564
17;2025-11-20;21;1588
17;2025-11-20;22;831
17;2025-11-20;23;409
17;2025-11-21;0;129
17;2025-11-21;1;14
17;2025-11-21;2;0
17;2025-11-21;3;0
17;2025-11-21;4;20
17;2025-11-21;5;363
17;2025-11-21;6;1640
17;2025-11-21;7;4260
17;2025-11-21;8;5112
17;2025-11-21;9;4005
17;2025-11-21;10;3194
17;2025-11-21;11;3137
17;2025-11-21;12;3205
17;2025-11-21;13;3315
17;2025-11-21;14;3372
17;2025-11-21;15;3547
17;2025-11-21;16;3938
17;2025-11-21;17;4604
17;2025-11-21;18;4505
17;2025-11-21;19;3417
17;2025-11-21;20;2503
17;2025-11-21;21;1600
17;2025-11-21;22;855
17;2025-11-21;23;444
17;2025-11-22;0;182
17;2025-11-22;1;27
17;2025-11-22;2;0
17;2025-11-22;3;0
17;2025-11-22;4;10
17;2025-11-22;5;157
17;2025-11-22;6;660
17;2025-11-22;7;1512
17;2025-11-22;8;1845
17;2025-11-22;9;2124
17;2025-11-22;10;2709
17;2025-11-22;11;2888
17;2025-11-22;12;2986
17;2025-11-22;13;3133
17;2025-11-22;14;3155
17;2025-11-22;15;3205
17;2025-11-22;16;3314
17;2025-11-22;17;3390
17;2025-11-22;18;3247
17;2025-11-22;19;2601
17;2025-11-22;20;2037
17;2025-11-22;21;1405
17;2025-11-22;22;841
17;2025-11-22;23;470
17;2025-11-23;0;178
17;2025-11-23;1;25
17;2025-11-23;2;0
17;2025-11-23;3;0
17;2025-11-23;4;6
17;2025-11-23;5;71
17;2025-11-23;6;481
17;2025-11-23;7;1178
17;2025-11-23;8;1457
17;2025-11-23;9;1817
17;2025-11-23;10;2558
17;2025-11-23;11;2746
17;2025-11-23;12;2887
17;2025-11-23;13;3034
17;2025-11-23;14;3056
17;2025-11-23;15;3108
17;2025-11-23;16;3236
17;2025-11-23;17;3091
17;2025-11-23;18;2937
17;2025-11-23;19;2344
17;2025-11-23;20;1800
17;2025-11-23;21;1243
17;2025-11-23;22;719
17;2025-11-23;23;366
17;2025-11-24;0;126
17;2025-11-24;1;13
17;2025-11-24;2;0
17;2025-11-24;3;0
17;2025-11-24;4;16
17;2025-11-24;5;346
17;2025-11-24;6;1623
17;2025-11-24;7;4229
17;2025-11-24;8;5095
17;2025-11-24;9;3980
17;2025-11-24;10;3154
17;2025-11-24;11;3087
17;2025-11-24;12;3150
17;2025-11-24;13;3207
17;2025-11-24;14;3229
17;2025-11-24;15;3406
17;2025-11-24;16;3795
17;2025-11-24;17;4580
17;2025-11-24;18;4685
17;2025-11-24;19;3562
17;2025-11-24;20;2513
17;2025-11-24;21;1532
17;2025-11-24;22;781
17;2025-11-24;23;360
17;2025-11-25;0;126
17;2025-11-25;1;13
17;2025-11-25;2;0
17;2025-11-25;3;0
17;2025-11-25;4;21
17;2025-11-25;5;359
17;2025-11-25;6;1644
17;2025-11-25;7;4260
17;2025-11-25;8;5148
17;2025-11-25;9;4035
17;2025-11-25;10;3187
17;2025-11-25;11;3121
17;2025-11-25;12;3183
17;2025-11-25;13;3238
17;2025-11-25;14;3260
17;2025-11-25;15;3437
17;2025-11-25;16;3822
17;2025-11-25;17;4614
17;2025-11-25;18;4743
17;2025-11-25;19;3577
17;2025-11-25;20;2540
17;2025-11-25;21;1563
17;2025-11-25;22;812
17;2025-11-25;23;389
17;2025-11-26;0;127
17;2025-11-26;1;13
17;2025-11-26;2;0
17;2025-11-26;3;0
17;2025-11-26;4;19
17;2025-11-26;5;357
17;2025-11-26;6;1644
17;2025-11-26;7;4261
17;2025-11-26;8;5130
17;2025-11-26;9;4016
17;2025-11-26;10;3196
17;2025-11-26;11;3130
17;2025-11-26;12;3192
17;2025-11-26;13;3247
17;2025-11-26;14;3269
17;2025-11-26;15;3443
17;2025-11-26;16;3828
17;2025-11-26;17;4640
17;2025-11-26;18;4745
17;2025-11-26;19;3577
17;2025-11-26;20;2552
17;2025-11-26;21;1569
17;2025-11-26;22;818
17;2025-11-26;23;396
17;2025-11-27;0;128
17;2025-11-27;1;14
17;2025-11-27;2;0
17;2025-11-27;3;0
17;2025-11-27;4;22
17;2025-11-27;5;366
17;2025-11-27;6;1655
17;2025-11-27;7;4267
17;2025-11-27;8;5141
17;2025-11-27;9;4028
17;2025-11-27;10;3209
17;2025-11-27;11;3143
17;2025-11-27;12;3206
17;2025-11-27;13;3261
17;2025-11-27;14;3283
17;2025-11-27;15;3460
17;2025-11-27;16;3843
17;2025-11-27;17;4608
17;2025-11-27;18;4725
17;2025-11-27;19;3585
17;2025-11-27;20;2564
17;2025-11-27;21;1588
17;2025-11-27;22;831
17;2025-11-27;23;409
17;2025-11-28;0;129
17;2025-11-28;1;14
17;2025-11-28;2;0
17;2025-11-28;3;0
17;2025-11-28;4;20
17;2025-11-28;5;363
17;2025-11-28;6;1640
17;2025-11-28;7;4260
17;2025-11-28;8;5112
17;2025-11-28;9;4005
17;2025-11-28;10;3194
17;2025-11-28;11;3137
17;2025-11-28;12;3205
17;2025-11-28;13;3315
17;2025-11-28;14;3372
17;2025-11-28;15;3547
17;2025-11-28;16;3938
17;2025-11-28;17;4604
17;2025-11-28;18;4505
17;2025-11-28;19;3417
17;2025-11-28;20;2503
17;2025-11-28;21;1600
17;2025-11-28;22;855
17;2025-11-28;23;444
17;2025-11-29;0;182
17;2025-11-29;1;27
17;2025-11-29;2;0
17;2025-11-29;3;0
17;2025-11-29;4;10
17;2025-11-29;5;157
17;2025-11-29;6;660
17;2025-11-29;7;1512
17;2025-11-29;8;1845
17;2025-11-29;9;2124
17;2025-11-29;10;2709
17;2025-11-29;11;2888
17;2025-11-29;12;2986
17;2025-11-29;13;3133
17;2025-11-29;14;3155
17;2025-11-29;15;3205
17;2025-11-29;16;3314
17;2025-11-29;17;3390
17;2025-11-29;18;3247
17;2025-11-29;19;2601
17;2025-11-29;20;2037
17;2025-11-29;21;1405
17;2025-11-29;22;841
17;2025-11-29;23;470
17;2025-11-30;0;178
17;2025-11-30;1;25
17;2025-11-30;2;0
17;2025-11-30;3;0
17;2025-11-30;4;6
17;2025-11-30;5;71
17;2025-11-30;6;481
17;2025-11-30;7;1178
17;2025-11-30;8;1457
17;2025-11-30;9;1817
17;2025-11-30;10;2558
17;2025-11-30;11;2746
17;2025-11-30;12;2887
17;2025-11-30;13;3034
17;2025-11-30;14;3056
17;2025-11-30;15;3108
17;2025-11-30;16;3236
17;2025-11-30;17;3091
17;2025-11-30;18;2937
17;2025-11-30;19;2344
17;2025-11-30;20;1800
17;2025-11-30;21;1243
17;2025-11-30;22;719
17;2025-11-30;23;366
17;2025-12-01;0;126
17;2025-12-01;1;13
17;2025-12-01;2;0
17;2025-12-01;3;0
17;2025-12-01;4;16
17;2025-12-01;5;347
17;2025-12-01;6;1600
17;2025-12-01;7;4041
17;2025-12-01;8;4861
17;2025-12-01;9;3887
17;2025-12-01;10;3139
17;2025-12-01;11;3072
17;2025-12-01;12;3119
17;2025-12-01;13;3168
17;2025-12-01;14;3192
17;2025-12-01;15;3351
17;2025-12-01;16;3741
17;2025-12-01;17;4519
17;2025-12-01;18;4637
17;2025-12-01;19;3585
17;2025-12-01;20;2544
17;2025-12-01;21;1563
17;2025-12-01;22;833
17;2025-12-01;23;377
17;2025-12-02;0;125
17;2025-12-02;1;12
17;2025-12-02;2;0
17;2025-12-02;3;0
17;2025-12-02;4;22
17;2025-12-02;5;359
17;2025-12-02;6;1620
17;2025-12-02;7;4072
17;2025-12-02;8;4915
17;2025-12-02;9;3943
17;2025-12-02;10;3173
17;2025-12-02;11;3107
17;2025-12-02;12;3155
17;2025-12-02;13;3201
17;2025-12-02;14;3225
17;2025-12-02;15;3383
17;2025-12-02;16;3769
17;2025-12-02;17;4553
17;2025-12-02;18;4689
17;2025-12-02;19;3598
17;2025-12-02;20;2571
17;2025-12-02;21;1593
17;2025-12-02;22;863
17;2025-12-02;23;405
17;2025-12-03;0;126
17;2025-12-03;1;13
17;2025-12-03;2;0
17;2025-12-03;3;0
17;2025-12-03;4;19
17;2025-12-03;5;357
17;2025-12-03;6;1617
17;2025-12-03;7;4070
17;2025-12-03;8;4893
17;2025-12-03;9;3920
17;2025-12-03;10;3178
17;2025-12-03;11;3112
17;2025-12-03;12;3159
17;2025-12-03;13;3206
17;2025-12-03;14;3229
17;2025-12-03;15;3386
17;2025-12-03;16;3772
17;2025-12-03;17;4555
17;2025-12-03;18;4672
17;2025-12-03;19;3598
17;2025-12-03;20;2581
17;2025-12-03;21;1598
17;2025-12-03;22;868
17;2025-12-03;23;413
17;2025-12-04;0;128
17;2025-12-04;1;13
17;2025-12-04;2;0
17;2025-12-04;3;0
17;2025-12-04;4;23
17;2025-12-04;5;366
17;2025-12-04;6;1631
17;2025-12-04;7;4079
17;2025-12-04;8;4908
17;2025-12-04;9;3936
17;2025-12-04;10;3194
17;2025-12-04;11;3129
17;2025-12-04;12;3176
17;2025-12-04;13;3223
17;2025-12-04;14;3247
17;2025-12-04;15;3406
17;2025-12-04;16;3791
17;2025-12-04;17;4550
17;2025-12-04;18;4681
17;2025-12-04;19;3609
17;2025-12-04;20;2596
17;2025-12-04;21;1619
17;2025-12-04;22;884
17;2025-12-04;23;427
17;2025-12-05;0;129
17;2025-12-05;1;14
17;2025-12-05;2;0
17;2025-12-05;3;0
17;2025-12-05;4;21
17;2025-12-05;5;363
17;2025-12-05;6;1615
17;2025-12-05;7;4064
17;2025-12-05;8;4876
17;2025-12-05;9;3918
17;2025-12-05;10;3184
17;2025-12-05;11;3128
17;2025-12-05;12;3180
17;2025-12-05;13;3284
17;2025-12-05;14;3344
17;2025-12-05;15;3502
17;2025-12-05;16;3893
17;2025-12-05;17;4556
17;2025-12-05;18;4477
17;2025-12-05;19;3450
17;2025-12-05;20;2539
17;2025-12-05;21;1631
17;2025-12-05;22;907
17;2025-12-05;23;459
17;2025-12-06;0;181
17;2025-12-06;1;26
17;2025-12-06;2;0
17;2025-12-06;3;0
17;2025-12-06;4;2
17;2025-12-06;5;141
17;2025-12-06;6;608
17;2025-12-06;7;1356
17;2025-12-06;8;1663
17;2025-12-06;9;1924
17;2025-12-06;10;2474
17;2025-12-06;11;2656
17;2025-12-06;12;2765
17;2025-12-06;13;2919
17;2025-12-06;14;2939
17;2025-12-06;15;2969
17;2025-12-06;16;3075
17;2025-12-06;17;3201
17;2025-12-06;18;3084
17;2025-12-06;19;2518
17;2025-12-06;20;1963
17;2025-12-06;21;1382
17;2025-12-06;22;853
17;2025-12-06;23;459
17;2025-12-07;0;176
17;2025-12-07;1;24
17;2025-12-07;2;0
17;2025-12-07;3;0
17;2025-12-07;4;2
17;2025-12-07;5;63
17;2025-12-07;6;435
17;2025-12-07;7;1048
17;2025-12-07;8;1300
17;2025-12-07;9;1660
17;2025-12-07;10;2284
17;2025-12-07;11;2474
17;2025-12-07;12;2623
17;2025-12-07;13;2776
17;2025-12-07;14;2797
17;2025-12-07;15;2816
17;2025-12-07;16;2941
17;2025-12-07;17;2892
17;2025-12-07;18;2763
17;2025-12-07;19;2263
17;2025-12-07;20;1728
17;2025-12-07;21;1221
17;2025-12-07;22;733
17;2025-12-07;23;353
17;2025-12-08;0;126
17;2025-12-08;1;13
17;2025-12-08;2;0
17;2025-12-08;3;0
17;2025-12-08;4;16
17;2025-12-08;5;347
17;2025-12-08;6;1600
17;2025-12-08;7;4041
17;2025-12-08;8;4861
17;2025-12-08;9;3887
17;2025-12-08;10;3139
17;2025-12-08;11;3072
17;2025-12-08;12;3119
17;2025-12-08;13;3168
17;2025-12-08;14;3192
17;2025-12-08;15;3351
17;2025-12-08;16;3741
17;2025-12-08;17;4519
17;2025-12-08;18;4637
17;2025-12-08;19;3585
17;2025-12-08;20;2544
17;2025-12-08;21;1563
17;2025-12-08;22;833
17;2025-12-08;23;377
17;2025-12-09;0;125
17;2025-12-09;1;12
17;2025-12-09;2;0
17;2025-12-09;3;0
17;2025-12-09;4;22
17;2025-12-09;5;359
17;2025-12-09;6;1620
17;2025-12-09;7;4072
17;2025-12-09;8;4915
17;2025-12-09;9;3943
17;2025-12-09;10;3173
17;2025-12-09;11;3107
17;2025-12-09;12;3155
17;2025-12-09;13;3201
17;2025-12-09;14;3225
17;2025-12-09;15;3383
17;2025-12-09;16;3769
17;2025-12-09;17;4553
17;2025-12-09;18;4689
17;2025-12-09;19;3598
17;2025-12-09;20;2571
17;2025-12-09;21;1593
17;2025-12-09;22;863
17;2025-12-09;23;405
17;2025-12-10;0;126
17;2025-12-10;1;13
17;2025-12-10;2;0
17;2025-12-10;3;0
17;2025-12-10;4;19
17;2025-12-10;5;357
17;2025-12-10;6;1617
17;2025-12-10;7;4070
17;2025-12-10;8;4893
17;2025-12-10;9;3920
17;2025-12-10;10;3178
17;2025-12-10;11;3112
17;2025-12-10;12;3159
17;2025-12-10;13;3206
17;2025-12-10;14;3229
17;2025-12-10;15;3386
17;2025-12-10;16;3772
17;2025-12-10;17;4555
17;2025-12-10;18;4672
17;2025-12-10;19;3598
17;2025-12-10;20;2581
17;2025-12-10;21;1598
17;2025-12-10;22;868
17;2025-12-10;23;413
17;2025-12-11;0;128
17;2025-12-11;1;13
17;2025-12-11;2;0
17;2025-12-11;3;0
17;2025-12-11;4;23
17;2025-12-11;5;366
17;2025-12-11;6;1631
17;2025-12-11;7;4079
17;2025-12-11;8;4908
17;2025-12-11;9;3936
17;2025-12-11;10;3194
17;2025-12-11;11;3129
17;2025-12-11;12;3176
17;2025-12-11;13;3223
17;2025-12-11;14;3247
17;2025-12-11;15;3406
17;2025-12-11;16;3791
17;2025-12-11;17;4550
17;2025-12-11;18;4681
17;2025-12-11;19;3609
17;2025-12-11;20;2596
17;2025-12-11;21;1619
17;2025-12-11;22;884
17;2025-12-11;23;427
17;2025-12-12;0;129
17;2025-12-12;1;14
17;2025-12-12;2;0
17;2025-12-12;3;0
17;2025-12-12;4;21
17;2025-12-12;5;363
17;2025-12-12;6;1615
17;2025-12-12;7;4064
17;2025-12-12;8;4876
17;2025-12-12;9;3918
17;2025-12-12;10;3184
17;2025-12-12;11;3128
17;2025-12-12;12;3180
17;2025-12-12;13;3284
17;2025-12-12;14;3344
17;2025-12-12;15;3502
17;2025-12-12;16;3893
17;2025-12-12;17;4556
17;2025-12-12;18;4477
17;2025-12-12;19;3450
17;2025-12-12;20;2539
17;2025-12-12;21;1631
17;2025-12-12;22;907
17;2025-12-12;23;459
17;2025-12-13;0;181
17;2025-12-13;1;26
17;2025-12-13;2;0
17;2025-12-13;3;0
17;2025-12-13;4;2
17;2025-12-13;5;141
17;2025-12-13;6;608
17;2025-12-13;7;1356
17;2025-12-13;8;1663
17;2025-12-13;9;1924
17;2025-12-13;10;2474
17;2025-12-13;11;2656
17;2025-12-13;12;2765
17;2025-12-13;13;2919
17;2025-12-13;14;2939
17;2025-12-13;15;2969
17;2025-12-13;16;3075
17;2025-12-13;17;3201
17;2025-12-13;18;3084
17;2025-12-13;19;2518
17;2025-12-13;20;1963
17;2025-12-13;21;1382
17;2025-12-13;22;853
17;2025-12-13;23;459
17;2025-12-14;0;176
17;2025-12-14;1;24
17;2025-12-14;2;0
17;2025-12-14;3;0
17;2025-12-14;4;2
17;2025-12-14;5;63
17;2025-12-14;6;435
17;2025-12-14;7;1048
17;2025-12-14;8;1300
17;2025-12-14;9;1660
17;2025-12-14;10;2284
17;2025-12-14;11;2474
17;2025-12-14;12;2623
17;2025-12-14;13;2776
17;2025-12-14;14;2797
17;2025-12-14;15;2816
17;2025-12-14;16;2941
17;2025-12-14;17;2892
17;2025-12-14;18;2763
17;2025-12-14;19;2263
17;2025-12-14;20;1728
17;2025-12-14;21;1221
17;2025-12-14;22;733
17;2025-12-14;23;353
17;2025-12-15;0;126
17;2025-12-15;1;13
17;2025-12-15;2;0
17;2025-12-15;3;0
17;2025-12-15;4;16
17;2025-12-15;5;347
17;2025-12-15;6;1600
17;2025-12-15;7;4041
17;2025-12-15;8;4861
17;2025-12-15;9;3887
17;2025-12-15;10;3139
17;2025-12-15;11;3072
17;2025-12-15;12;3119
17;2025-12-15;13;3168
17;2025-12-15;14;3192
17;2025-12-15;15;3351
17;2025-12-15;16;3741
17;2025-12-15;17;4519
17;2025-12-15;18;4637
17;2025-12-15;19;3585
17;2025-12-15;20;2544
17;2025-12-15;21;1563
17;2025-12-15;22;833
17;2025-12-15;23;377
17;2025-12-16;0;125
17;2025-12-16;1;12
17;2025-12-16;2;0
17;2025-12-16;3;0
17;2025-12-16;4;22
17;2025-12-16;5;359
17;2025-12-16;6;1620
17;2025-12-16;7;4072
17;2025-12-16;8;4915
17;2025-12-16;9;3943
17;2025-12-16;10;3173
17;2025-12-16;11;3107
17;2025-12-16;12;3155
17;2025-12-16;13;3201
17;2025-12-16;14;3225
17;2025-12-16;15;3383
17;2025-12-16;16;3769
17;2025-12-16;17;4553
17;2025-12-16;18;4689
17;2025-12-16;19;3598
17;2025-12-16;20;2571
17;2025-12-16;21;1593
17;2025-12-16;22;863
17;2025-12-16;23;405
17;2025-12-17;0;126
17;2025-12-17;1;13
17;2025-12-17;2;0
17;2025-12-17;3;0
17;2025-12-17;4;19
17;2025-12-17;5;357
17;2025-12-17;6;1617
17;2025-12-17;7;4070
17;2025-12-17;8;4893
17;2025-12-17;9;3920
17;2025-12-17;10;3178
17;2025-12-17;11;3112
17;2025-12-17;12;3159
17;2025-12-17;13;3206
17;2025-12-17;14;3229
17;2025-12-17;15;3386
17;2025-12-17;16;3772
17;2025-12-17;17;4555
17;2025-12-17;18;4672
17;2025-12-17;19;3598
17;2025-12-17;20;2581
17;2025-12-17;21;1598
17;2025-12-17;22;868
17;2025-12-17;23;413
17;2025-12-18;0;128
17;2025-12-18;1;13
17;2025-12-18;2;0
17;2025-12-18;3;0
17;2025-12-18;4;23
17;2025-12-18;5;366
17;2025-12-18;6;1631
17;2025-12-18;7;4079
17;2025-12-18;8;4908
17;2025-12-18;9;3936
17;2025-12-18;10;3194
17;2025-12-18;11;3129
17;2025-12-18;12;3176
17;2025-12-18;13;3223
17;2025-12-18;14;3247
17;2025-12-18;15;3406
17;2025-12-18;16;3791
17;2025-12-18;17;4550
17;2025-12-18;18;4681
17;2025-12-18;19;3609
17;2025-12-18;20;2596
17;2025-12-18;21;1619
17;2025-12-18;22;884
17;2025-12-18;23;427
17;2025-12-19;0;129
17;2025-12-19;1;14
17;2025-12-19;2;0
17;2025-12-19;3;0
17;2025-12-19;4;21
17;2025-12-19;5;363
17;2025-12-19;6;1615
17;2025-12-19;7;4064
17;2025-12-19;8;4876
17;2025-12-19;9;3918
17;2025-12-19;10;3184
17;2025-12-19;11;3128
17;2025-12-19;12;3180
17;2025-12-19;13;3284
17;2025-12-19;14;3344
17;2025-12-19;15;3502
17;2025-12-19;16;3893
17;2025-12-19;17;4556
17;2025-12-19;18;4477
17;2025-12-19;19;3450
17;2025-12-19;20;2539
17;2025-12-19;21;1631
17;2025-12-19;22;907
17;2025-12-19;23;459
17;2025-12-20;0;181
17;2025-12-20;1;26
17;2025-12-20;2;0
17;2025-12-20;3;0
17;2025-12-20;4;2
17;2025-12-20;5;141
17;2025-12-20;6;608
17;2025-12-20;7;1356
17;2025-12-20;8;1663
17;2025-12-20;9;1924
17;2025-12-20;10;2474
17;2025-12-20;11;2656
17;2025-12-20;12;2765
17;2025-12-20;13;2919
17;2025-12-20;14;2939
17;2025-12-20;15;2969
17;2025-12-20;16;3075
17;2025-12-20;17;3201
17;2025-12-20;18;3084
17;2025-12-20;19;2518
17;2025-12-20;20;1963
17;2025-12-20;21;1382
17;2025-12-20;22;853
17;2025-12-20;23;459
17;2025-12-21;0;176
17;2025-12-21;1;24
17;2025-12-21;2;0
17;2025-12-21;3;0
17;2025-12-21;4;2
17;2025-12-21;5;63
17;2025-12-21;6;435
17;2025-12-21;7;1048
17;2025-12-21;8;1300
17;2025-12-21;9;1660
17;2025-12-21;10;2284
17;2025-12-21;11;2474
17;2025-12-21;12;2623
17;2025-12-21;13;2776
17;2025-12-21;14;2797
17;2025-12-21;15;2816
17;2025-12-21;16;2941
17;2025-12-21;17;2892
17;2025-12-21;18;2763
17;2025-12-21;19;2263
17;2025-12-21;20;1728
17;2025-12-21;21;1221
17;2025-12-21;22;733
17;2025-12-21;23;353
17;2025-12-22;0;126
17;2025-12-22;1;13
17;2025-12-22;2;0
17;2025-12-22;3;0
17;2025-12-22;4;16
17;2025-12-22;5;347
17;2025-12-22;6;1600
17;2025-12-22;7;4041
17;2025-12-22;8;4861
17;2025-12-22;9;3887
17;2025-12-22;10;3139
17;2025-12-22;11;3072
17;2025-12-22;12;3119
17;2025-12-22;13;3168
17;2025-12-22;14;3192
17;2025-12-22;15;3351
17;2025-12-22;16;3741
17;2025-12-22;17;4519
17;2025-12-22;18;4637
17;2025-12-22;19;3585
17;2025-12-22;20;2544
17;2025-12-22;21;1563
17;2025-12-22;22;833
17;2025-12-22;23;377
17;2025-12-23;0;125
17;2025-12-23;1;12
17;2025-12-23;2;0
17;2025-12-23;3;0
17;2025-12-23;4;22
17;2025-12-23;5;359
17;2025-12-23;6;1620
17;2025-12-23;7;4072
17;2025-12-23;8;4915
17;2025-12-23;9;3943
17;2025-12-23;10;3173
17;2025-12-23;11;3107
17;2025-12-23;12;3155
17;2025-12-23;13;3201
17;2025-12-23;14;3225
17;2025-12-23;15;3383
17;2025-12-23;16;3769
17;2025-12-23;17;4553
17;2025-12-23;18;4689
17;2025-12-23;19;3598
17;2025-12-23;20;2571
17;2025-12-23;21;1593
17;2025-12-23;22;863
17;2025-12-23;23;405
17;2025-12-24;0;126
17;2025-12-24;1;13
17;2025-12-24;2;0
17;2025-12-24;3;0
17;2025-12-24;4;19
17;2025-12-24;5;357
17;2025-12-24;6;1617
17;2025-12-24;7;4070
17;2025-12-24;8;4893
17;2025-12-24;9;3920
17;2025-12-24;10;3178
17;2025-12-24;11;3112
17;2025-12-24;12;3159
17;2025-12-24;13;3206
17;2025-12-24;14;3229
17;2025-12-24;15;3386
17;2025-12-24;16;3772
17;2025-12-24;17;4555
17;2025-12-24;18;4672
17;2025-12-24;19;3598
17;2025-12-24;20;2581
17;2025-12-24;21;1598
17;2025-12-24;22;868
17;2025-12-24;23;413
17;2025-12-25;0;128
17;2025-12-25;1;13
17;2025-12-25;2;0
17;2025-12-25;3;0
17;2025-12-25;4;23
17;2025-12-25;5;366
17;2025-12-25;6;1631
17;2025-12-25;7;4079
17;2025-12-25;8;4908
17;2025-12-25;9;3936
17;2025-12-25;10;3194
17;2025-12-25;11;3129
17;2025-12-25;12;3176
17;2025-12-25;13;3223
17;2025-12-25;14;3247
17;2025-12-25;15;3406
17;2025-12-25;16;3791
17;2025-12-25;17;4550
17;2025-12-25;18;4681
17;2025-12-25;19;3609
17;2025-12-25;20;2596
17;2025-12-25;21;1619
17;2025-12-25;22;884
17;2025-12-25;23;427
17;2025-12-26;0;129
17;2025-12-26;1;14
17;2025-12-26;2;0
17;2025-12-26;3;0
17;2025-12-26;4;21
17;2025-12-26;5;363
17;2025-12-26;6;1615
17;2025-12-26;7;4064
17;2025-12-26;8;4876
17;2025-12-26;9;3918
17;2025-12-26;10;3184
17;2025-12-26;11;3128
17;2025-12-26;12;3180
17;2025-12-26;13;3284
17;2025-12-26;14;3344
17;2025-12-26;15;3502
17;2025-12-26;16;3893
17;2025-12-26;17;4556
17;2025-12-26;18;4477
17;2025-12-26;19;3450
17;2025-12-26;20;2539
17;2025-12-26;21;1631
17;2025-12-26;22;907
17;2025-12-26;23;459
17;2025-12-27;0;181
17;2025-12-27;1;26
17;2025-12-27;2;0
17;2025-12-27;3;0
17;2025-12-27;4;2
17;2025-12-27;5;141
17;2025-12-27;6;608
17;2025-12-27;7;1356
17;2025-12-27;8;1663
17;2025-12-27;9;1924
17;2025-12-27;10;2474
17;2025-12-27;11;2656
17;2025-12-27;12;2765
17;2025-12-27;13;2919
17;2025-12-27;14;2939
17;2025-12-27;15;2969
17;2025-12-27;16;3075
17;2025-12-27;17;3201
17;2025-12-27;18;3084
17;2025-12-27;19;2518
17;2025-12-27;20;1963
17;2025-12-27;21;1382
17;2025-12-27;22;853
17;2025-12-27;23;459
17;2025-12-28;0;176
17;2025-12-28;1;24
17;2025-12-28;2;0
17;2025-12-28;3;0
17;2025-12-28;4;2
17;2025-12-28;5;63
17;2025-12-28;6;435
17;2025-12-28;7;1048
17;2025-12-28;8;1300
17;2025-12-28;9;1660
17;2025-12-28;10;2284
17;2025-12-28;11;2474
17;2025-12-28;12;2623
17;2025-12-28;13;2776
17;2025-12-28;14;2797
17;2025-12-28;15;2816
17;2025-12-28;16;2941
17;2025-12-28;17;2892
17;2025-12-28;18;2763
17;2025-12-28;19;2263
17;2025-12-28;20;1728
17;2025-12-28;21;1221
17;2025-12-28;22;733
17;2025-12-28;23;353
17;2025-12-29;0;126
17;2025-12-29;1;13
17;2025-12-29;2;0
17;2025-12-29;3;0
17;2025-12-29;4;16
17;2025-12-29;5;347
17;2025-12-29;6;1600
17;2025-12-29;7;4041
17;2025-12-29;8;4861
17;2025-12-29;9;3887
17;2025-12-29;10;3139
17;2025-12-29;11;3072
17;2025-12-29;12;3119
17;2025-12-29;13;3168
17;2025-12-29;14;3192
17;2025-12-29;15;3351
17;2025-12-29;16;3741
17;2025-12-29;17;4519
17;2025-12-29;18;4637
17;2025-12-29;19;3585
17;2025-12-29;20;2544
17;2025-12-29;21;1563
17;2025-12-29;22;833
17;2025-12-29;23;377
17;2025-12-30;0;125
17;2025-12-30;1;12
17;2025-12-30;2;0
17;2025-12-30;3;0
17;2025-12-30;4;22
17;2025-12-30;5;359
17;2025-12-30;6;1620
17;2025-12-30;7;4072
17;2025-12-30;8;4915
17;2025-12-30;9;3943
17;2025-12-30;10;3173
17;2025-12-30;11;3107
17;2025-12-30;12;3155
17;2025-12-30;13;3201
17;2025-12-30;14;3225
17;2025-12-30;15;3383
17;2025-12-30;16;3769
17;2025-12-30;17;4553
17;2025-12-30;18;4689
17;2025-12-30;19;3598
17;2025-12-30;20;2571
17;2025-12-30;21;1593
17;2025-12-30;22;863
17;2025-12-30;23;405
17;2025-12-31;0;159
17;2025-12-31;1;21
17;2025-12-31;2;0
17;2025-12-31;3;0
17;2025-12-31;4;0
17;2025-12-31;5;121
17;2025-12-31;6;541
17;2025-12-31;7;1248
17;2025-12-31;8;1640
17;2025-12-31;9;1802
17;2025-12-31;10;2345
17;2025-12-31;11;2523
17;2025-12-31;12;2631
17;2025-12-31;13;2783
17;2025-12-31;14;2804
17;2025-12-31;15;2842
17;2025-12-31;16;2967
17;2025-12-31;17;3126
17;2025-12-31;18;3013
17;2025-12-31;19;2425
17;2025-12-31;20;1854
17;2025-12-31;21;1294
17;2025-12-31;22;767
17;2025-12-31;23;372
25;2025-11-01;0;1
25;2025-11-01;1;0
25;2025-11-01;2;0
25;2025-11-01;3;0
25;2025-11-01;4;0
25;2025-11-01;5;19
25;2025-11-01;6;184
25;2025-11-01;7;637
25;2025-11-01;8;992
25;2025-11-01;9;663
25;2025-11-01;10;483
25;2025-11-01;11;498
25;2025-11-01;12;550
25;2025-11-01;13;607
25;2025-11-01;14;606
25;2025-11-01;15;706
25;2025-11-01;16;808
25;2025-11-01;17;926
25;2025-11-01;18;989
25;2025-11-01;19;696
25;2025-11-01;20;388
25;2025-11-01;21;240
25;2025-11-01;22;134
25;2025-11-01;23;35
25;2025-11-02;0;18
25;2025-11-02;1;0
25;2025-11-02;2;0
25;2025-11-02;3;0
25;2025-11-02;4;11
25;2025-11-02;5;3
25;2025-11-02;6;22
25;2025-11-02;7;96
25;2025-11-02;8;231
25;2025-11-02;9;253
25;2025-11-02;10;308
25;2025-11-02;11;373
25;2025-11-02;12;448
25;2025-11-02;13;541
25;2025-11-02;14;542
25;2025-11-02;15;563
25;2025-11-02;16;586
25;2025-11-02;17;541
25;2025-11-02;18;474
25;2025-11-02;19;346
25;2025-11-02;20;237
25;2025-11-02;21;201
25;2025-11-02;22;124
25;2025-11-02;23;49
25;2025-11-03;0;11
25;2025-11-03;1;0
25;2025-11-03;2;0
25;2025-11-03;3;0
25;2025-11-03;4;11
25;2025-11-03;5;22
25;2025-11-03;6;39
25;2025-11-03;7;122
25;2025-11-03;8;348
25;2025-11-03;9;308
25;2025-11-03;10;340
25;2025-11-03;11;393
25;2025-11-03;12;459
25;2025-11-03;13;554
25;2025-11-03;14;555
25;2025-11-03;15;571
25;2025-11-03;16;599
25;2025-11-03;17;602
25;2025-11-03;18;540
25;2025-11-03;19;411
25;2025-11-03;20;269
25;2025-11-03;21;217
25;2025-11-03;22;129
25;2025-11-03;23;47
25;2025-11-04;0;11
25;2025-11-04;1;3
25;2025-11-04;2;0
25;2025-11-04;3;0
25;2025-11-04;4;0
25;2025-11-04;5;0
25;2025-11-04;6;0
25;2025-11-04;7;66
25;2025-11-04;8;268
25;2025-11-04;9;251
25;2025-11-04;10;276
25;2025-11-04;11;328
25;2025-11-04;12;391
25;2025-11-04;13;487
25;2025-11-04;14;488
25;2025-11-04;15;509
25;2025-11-04;16;530
25;2025-11-04;17;519
25;2025-11-04;18;471
25;2025-11-04;19;319
25;2025-11-04;20;229
25;2025-11-04;21;187
25;2025-11-04;22;104
25;2025-11-04;23;29
25;2025-11-05;0;2
25;2025-11-05;1;0
25;2025-11-05;2;0
25;2025-11-05;3;0
25;2025-11-05;4;1
25;2025-11-05;5;8
25;2025-11-05;6;143
25;2025-11-05;7;630
25;2025-11-05;8;1106
25;2025-11-05;9;609
25;2025-11-05;10;419
25;2025-11-05;11;418
25;2025-11-05;12;469
25;2025-11-05;13;527
25;2025-11-05;14;527
25;2025-11-05;15;633
25;2025-11-05;16;757
25;2025-11-05;17;945
25;2025-11-05;18;1010
25;2025-11-05;19;661
25;2025-11-05;20;351
25;2025-11-05;21;214
25;2025-11-05;22;112
25;2025-11-05;23;10
25;2025-11-06;0;2
25;2025-11-06;1;0
25;2025-11-06;2;0
25;2025-11-06;3;0
25;2025-11-06;4;1
25;2025-11-06;5;9
25;2025-11-06;6;150
25;2025-11-06;7;635
25;2025-11-06;8;1112
25;2025-11-06;9;616
25;2025-11-06;10;426
25;2025-11-06;11;426
25;2025-11-06;12;477
25;2025-11-06;13;535
25;2025-11-06;14;536
25;2025-11-06;15;645
25;2025-11-06;16;771
25;2025-11-06;17;919
25;2025-11-06;18;998
25;2025-11-06;19;664
25;2025-11-06;20;351
25;2025-11-06;21;218
25;2025-11-06;22;113
25;2025-11-06;23;12
25;2025-11-07;0;2
25;2025-11-07;1;0
25;2025-11-07;2;0
25;2025-11-07;3;0
25;2025-11-07;4;1
25;2025-11-07;5;9
25;2025-11-07;6;137
25;2025-11-07;7;626
25;2025-11-07;8;1094
25;2025-11-07;9;593
25;2025-11-07;10;413
25;2025-11-07;11;418
25;2025-11-07;12;475
25;2025-11-07;13;592
25;2025-11-07;14;611
25;2025-11-07;15;720
25;2025-11-07;16;850
25;2025-11-07;17;892
25;2025-11-07;18;768
25;2025-11-07;19;485
25;2025-11-07;20;280
25;2025-11-07;21;219
25;2025-11-07;22;122
25;2025-11-07;23;33
25;2025-11-08;0;9
25;2025-11-08;1;0
25;2025-11-08;2;0
25;2025-11-08;3;0
25;2025-11-08;4;2
25;2025-11-08;5;24
25;2025-11-08;6;61
25;2025-11-08;7;170
25;2025-11-08;8;281
25;2025-11-08;9;365
25;2025-11-08;10;411
25;2025-11-08;11;466
25;2025-11-08;12;531
25;2025-11-08;13;624
25;2025-11-08;14;625
25;2025-11-08;15;637
25;2025-11-08;16;638
25;2025-11-08;17;597
25;2025-11-08;18;528
25;2025-11-08;19;417
25;2025-11-08;20;318
25;2025-11-08;21;248
25;2025-11-08;22;158
25;2025-11-08;23;73
25;2025-11-09;0;18
25;2025-11-09;1;0
25;2025-11-09;2;0
25;2025-11-09;3;0
25;2025-11-09;4;11
25;2025-11-09;5;3
25;2025-11-09;6;22
25;2025-11-09;7;96
25;2025-11-09;8;231
25;2025-11-09;9;253
25;2025-11-09;10;308
25;2025-11-09;11;373
25;2025-11-09;12;448
25;2025-11-09;13;541
25;2025-11-09;14;542
25;2025-11-09;15;563
25;2025-11-09;16;586
25;2025-11-09;17;541
25;2025-11-09;18;474
25;2025-11-09;19;346
25;2025-11-09;20;237
25;2025-11-09;21;201
25;2025-11-09;22;124
25;2025-11-09;23;49
25;2025-11-10;0;2
25;2025-11-10;1;0
25;2025-11-10;2;0
25;2025-11-10;3;0
25;2025-11-10;4;0
25;2025-11-10;5;1
25;2025-11-10;6;130
25;2025-11-10;7;615
25;2025-11-10;8;1093
25;2025-11-10;9;591
25;2025-11-10;10;394
25;2025-11-10;11;392
25;2025-11-10;12;445
25;2025-11-10;13;503
25;2025-11-10;14;503
25;2025-11-10;15;613
25;2025-11-10;16;741
25;2025-11-10;17;916
25;2025-11-10;18;981
25;2025-11-10;19;661
25;2025-11-10;20;324
25;2025-11-10;21;191
25;2025-11-10;22;90
25;2025-11-10;23;0
25;2025-11-11;0;1
25;2025-11-11;1;0
25;2025-11-11;2;0
25;2025-11-11;3;0
25;2025-11-11;4;0
25;2025-11-11;5;7
25;2025-11-11;6;143
25;2025-11-11;7;629
25;2025-11-11;8;1115
25;2025-11-11;9;619
25;2025-11-11;10;415
25;2025-11-11;11;414
25;2025-11-11;12;465
25;2025-11-11;13;523
25;2025-11-11;14;523
25;2025-11-11;15;633
25;2025-11-11;16;756
25;2025-11-11;17;939
25;2025-11-11;18;1031
25;2025-11-11;19;664
25;2025-11-11;20;340
25;2025-11-11;21;208
25;2025-11-11;22;106
25;2025-11-11;23;3
25;2025-11-12;0;2
25;2025-11-12;1;0
25;2025-11-12;2;0
25;2025-11-12;3;0
25;2025-11-12;4;1
25;2025-11-12;5;8
25;2025-11-12;6;143
25;2025-11-12;7;630
25;2025-11-12;8;1106
25;2025-11-12;9;609
25;2025-11-12;10;419
25;2025-11-12;11;418
25;2025-11-12;12;469
25;2025-11-12;13;527
25;2025-11-12;14;527
25;2025-11-12;15;633
25;2025-11-12;16;757
25;2025-11-12;17;945
25;2025-11-12;18;1010
25;2025-11-12;19;661
25;2025-11-12;20;351
25;2025-11-12;21;214
25;2025-11-12;22;112
25;2025-11-12;23;10
25;2025-11-13;0;2
25;2025-11-13;1;0
25;2025-11-13;2;0
25;2025-11-13;3;0
25;2025-11-13;4;1
25;2025-11-13;5;9
25;2025-11-13;6;150
25;2025-11-13;7;635
25;2025-11-13;8;1112
25;2025-11-13;9;616
25;2025-11-13;10;426
25;2025-11-13;11;426
25;2025-11-13;12;477
25;2025-11-13;13;535
25;2025-11-13;14;536
25;2025-11-13;15;645
25;2025-11-13;16;771
25;2025-11-13;17;919
25;2025-11-13;18;998
25;2025-11-13;19;664
25;2025-11-13;20;351
25;2025-11-13;21;218
25;2025-11-13;22;113
25;2025-11-13;23;12
25;2025-11-14;0;2
25;2025-11-14;1;0
25;2025-11-14;2;0
25;2025-11-14;3;0
25;2025-11-14;4;1
25;2025-11-14;5;9
25;2025-11-14;6;137
25;2025-11-14;7;626
25;2025-11-14;8;1094
25;2025-11-14;9;593
25;2025-11-14;10;413
25;2025-11-14;11;418
25;2025-11-14;12;475
25;2025-11-14;13;592
25;2025-11-14;14;611
25;2025-11-14;15;720
25;2025-11-14;16;850
25;2025-11-14;17;892
25;2025-11-14;18;768
25;2025-11-14;19;485
25;2025-11-14;20;280
25;2025-11-14;21;219
25;2025-11-14;22;122
25;2025-11-14;23;33
25;2025-11-15;0;9
25;2025-11-15;1;0
25;2025-11-15;2;0
25;2025-11-15;3;0
25;2025-11-15;4;2
25;2025-11-15;5;24
25;2025-11-15;6;61
25;2025-11-15;7;170
25;2025-11-15;8;281
25;2025-11-15;9;365
25;2025-11-15;10;411
25;2025-11-15;11;466
25;2025-11-15;12;531
25;2025-11-15;13;624
25;2025-11-15;14;625
25;2025-11-15;15;637
25;2025-11-15;16;638
25;2025-11-15;17;597
25;2025-11-15;18;528
25;2025-11-15;19;417
25;2025-11-15;20;318
25;2025-11-15;21;248
25;2025-11-15;22;158
25;2025-11-15;23;73
25;2025-11-16;0;18
25;2025-11-16;1;0
25;2025-11-16;2;0
25;2025-11-16;3;0
25;2025-11-16;4;11
25;2025-11-16;5;3
25;2025-11-16;6;22
25;2025-11-16;7;96
25;2025-11-16;8;231
25;2025-11-16;9;253
25;2025-11-16;10;308
25;2025-11-16;11;373
25;2025-11-16;12;448
25;2025-11-16;13;541
25;2025-11-16;14;542
25;2025-11-16;15;563
25;2025-11-16;16;586
25;2025-11-16;17;541
25;2025-11-16;18;474
25;2025-11-16;19;346
25;2025-11-16;20;237
25;2025-11-16;21;201
25;2025-11-16;22;124
25;2025-11-16;23;49
25;2025-11-17;0;2
25;2025-11-17;1;0
25;2025-11-17;2;0
25;2025-11-17;3;0
25;2025-11-17;4;0
25;2025-11-17;5;1
25;2025-11-17;6;130
25;2025-11-17;7;615
25;2025-11-17;8;1093
25;2025-11-17;9;591
25;2025-11-17;10;394
25;2025-11-17;11;392
25;2025-11-17;12;445
25;2025-11-17;13;503
25;2025-11-17;14;503
25;2025-11-17;15;613
25;2025-11-17;16;741
25;2025-11-17;17;916
25;2025-11-17;18;981
25;2025-11-17;19;661
25;2025-11-17;20;324
25;2025-11-17;21;191
25;2025-11-17;22;90
25;2025-11-17;23;0
25;2025-11-18;0;1
25;2025-11-18;1;0
25;2025-11-18;2;0
25;2025-11-18;3;0
25;2025-11-18;4;0
25;2025-11-18;5;7
25;2025-11-18;6;143
25;2025-11-18;7;629
25;2025-11-18;8;1115
25;2025-11-18;9;619
25;2025-11-18;10;415
25;2025-11-18;11;414
25;2025-11-18;12;465
25;2025-11-18;13;523
25;2025-11-18;14;523
25;2025-11-18;15;633
25;2025-11-18;16;756
25;2025-11-18;17;939
25;2025-11-18;18;1031
25;2025-11-18;19;664
25;2025-11-18;20;340
25;2025-11-18;21;208
25;2025-11-18;22;106
25;2025-11-18;23;3
25;2025-11-19;0;2
25;2025-11-19;1;0
25;2025-11-19;2;0
25;2025-11-19;3;0
25;2025-11-19;4;1
25;2025-11-19;5;8
25;2025-11-19;6;143
25;2025-11-19;7;630
25;2025-11-19;8;1106
25;2025-11-19;9;609
25;2025-11-19;10;419
25;2025-11-19;11;418
25;2025-11-19;12;469
25;2025-11-19;13;527
25;2025-11-19;14;527
25;2025-11-19;15;633
25;2025-11-19;16;757
25;2025-11-19;17;945
25;2025-11-19;18;1010
25;2025-11-19;19;661
25;2025-11-19;20;351
25;2025-11-19;21;214
25;2025-11-19;22;112
25;2025-11-19;23;10
25;2025-11-20;0;2
25;2025-11-20;1;0
25;2025-11-20;2;0
25;2025-11-20;3;0
25;2025-11-20;4;1
25;2025-11-20;5;9
25;2025-11-20;6;150
25;2025-11-20;7;635
25;2025-11-20;8;1112
25;2025-11-20;9;616
25;2025-11-20;10;426
25;2025-11-20;11;426
25;2025-11-20;12;477
25;2025-11-20;13;535
25;2025-11-20;14;536
25;2025-11-20;15;645
25;2025-11-20;16;771
25;2025-11-20;17;919
25;2025-11-20;18;998
25;2025-11-20;19;664
25;2025-11-20;20;351
25;2025-11-20;21;218
25;2025-11-20;22;113
25;2025-11-20;23;12
25;2025-11-21;0;2
25;2025-11-21;1;0
25;2025-11-21;2;0
25;2025-11-21;3;0
25;2025-11-21;4;1
25;2025-11-21;5;9
25;2025-11-21;6;137
25;2025-11-21;7;626
25;2025-11-21;8;1094
25;2025-11-21;9;593
25;2025-11-21;10;413
25;2025-11-21;11;418
25;2025-11-21;12;475
25;2025-11-21;13;592
25;2025-11-21;14;611
25;2025-11-21;15;720
25;2025-11-21;16;850
25;2025-11-21;17;892
25;2025-11-21;18;768
25;2025-11-21;19;485
25;2025-11-21;20;280
25;2025-11-21;21;219
25;2025-11-21;22;122
25;2025-11-21;23;33
25;2025-11-22;0;9
25;2025-11-22;1;0
25;2025-11-22;2;0
25;2025-11-22;3;0
25;2025-11-22;4;2
25;2025-11-22;5;24
25;2025-11-22;6;61
25;2025-11-22;7;170
25;2025-11-22;8;281
25;2025-11-22;9;365
25;2025-11-22;10;411
25;2025-11-22;11;466
25;2025-11-22;12;531
25;2025-11-22;13;624
25;2025-11-22;14;625
25;2025-11-22;15;637
25;2025-11-22;16;638
25;2025-11-22;17;597
25;2025-11-22;18;528
25;2025-11-22;19;417
25;2025-11-22;20;318
25;2025-11-22;21;248
25;2025-11-22;22;158
25;2025-11-22;23;73
25;2025-11-23;0;18
25;2025-11-23;1;0
25;2025-11-23;2;0
25;2025-11-23;3;0
25;2025-11-23;4;11
25;2025-11-23;5;3
25;2025-11-23;6;22
25;2025-11-23;7;96
25;2025-11-23;8;231
25;2025-11-23;9;253
25;2025-11-23;10;308
25;2025-11-23;11;373
25;2025-11-23;12;448
25;2025-11-23;13;541
25;2025-11-23;14;542
25;2025-11-23;15;563
25;2025-11-23;16;586
25;2025-11-23;17;541
25;2025-11-23;18;474
25;2025-11-23;19;346
25;2025-11-23;20;237
25;2025-11-23;21;201
25;2025-11-23;22;124
25;2025-11-23;23;49
25;2025-11-24;0;2
25;2025-11-24;1;0
25;2025-11-24;2;0
25;2025-11-24;3;0
25;2025-11-24;4;0
25;2025-11-24;5;1
25;2025-11-24;6;130
25;2025-11-24;7;615
25;2025-11-24;8;1093
25;2025-11-24;9;591
25;2025-11-24;10;394
25;2025-11-24;11;392
25;2025-11-24;12;445
25;2025-11-24;13;503
25;2025-11-24;14;503
25;2025-11-24;15;613
25;2025-11-24;16;741
25;2025-11-24;17;916
25;2025-11-24;18;981
25;2025-11-24;19;661
25;2025-11-24;20;324
25;2025-11-24;21;191
25;2025-11-24;22;90
25;2025-11-24;23;0
25;2025-11-25;0;1
25;2025-11-25;1;0
25;2025-11-25;2;0
25;2025-11-25;3;0
25;2025-11-25;4;0
25;2025-11-25;5;7
25;2025-11-25;6;143
25;2025-11-25;7;629
25;2025-11-25;8;1115
25;2025-11-25;9;619
25;2025-11-25;10;415
25;2025-11-25;11;414
25;2025-11-25;12;465
25;2025-11-25;13;523
25;2025-11-25;14;523
25;2025-11-25;15;633
25;2025-11-25;16;756
25;2025-11-25;17;939
25;2025-11-25;18;1031
25;2025-11-25;19;664
25;2025-11-25;20;340
25;2025-11-25;21;208
25;2025-11-25;22;106
25;2025-11-25;23;3
25;2025-11-26;0;2
25;2025-11-26;1;0
25;2025-11-26;2;0
25;2025-11-26;3;0
25;2025-11-26;4;1
25;2025-11-26;5;8
25;2025-11-26;6;143
25;2025-11-26;7;630
25;2025-11-26;8;1106
25;2025-11-26;9;609
25;2025-11-26;10;419
25;2025-11-26;11;418
25;2025-11-26;12;469
25;2025-11-26;13;527
25;2025-11-26;14;527
25;2025-11-26;15;633
25;2025-11-26;16;757
25;2025-11-26;17;945
25;2025-11-26;18;1010
25;2025-11-26;19;661
25;2025-11-26;20;351
25;2025-11-26;21;214
25;2025-11-26;22;112
25;2025-11-26;23;10
25;2025-11-27;0;2
25;2025-11-27;1;0
25;2025-11-27;2;0
25;2025-11-27;3;0
25;2025-11-27;4;1
25;2025-11-27;5;9
25;2025-11-27;6;150
25;2025-11-27;7;635
25;2025-11-27;8;1112
25;2025-11-27;9;616
25;2025-11-27;10;426
25;2025-11-27;11;426
25;2025-11-27;12;477
25;2025-11-27;13;535
25;2025-11-27;14;536
25;2025-11-27;15;645
25;2025-11-27;16;771
25;2025-11-27;17;919
25;2025-11-27;18;998
25;2025-11-27;19;664
25;2025-11-27;20;351
25;2025-11-27;21;218
25;2025-11-27;22;113
25;2025-11-27;23;12
25;2025-11-28;0;2
25;2025-11-28;1;0
25;2025-11-28;2;0
25;2025-11-28;3;0
25;2025-11-28;4;1
25;2025-11-28;5;9
25;2025-11-28;6;137
25;2025-11-28;7;626
25;2025-11-28;8;1094
25;2025-11-28;9;593
25;2025-11-28;10;413
25;2025-11-28;11;418
25;2025-11-28;12;475
25;2025-11-28;13;592
25;2025-11-28;14;611
25;2025-11-28;15;720
25;2025-11-28;16;850
25;2025-11-28;17;892
25;2025-11-28;18;768
25;2025-11-28;19;485
25;2025-11-28;20;280
25;2025-11-28;21;219
25;2025-11-28;22;122
25;2025-11-28;23;33
25;2025-11-29;0;9
25;2025-11-29;1;0
25;2025-11-29;2;0
25;2025-11-29;3;0
25;2025-11-29;4;2
25;2025-11-29;5;24
25;2025-11-29;6;61
25;2025-11-29;7;170
25;2025-11-29;8;281
25;2025-11-29;9;365
25;2025-11-29;10;411
25;2025-11-29;11;466
25;2025-11-29;12;531
25;2025-11-29;13;624
25;2025-11-29;14;625
25;2025-11-29;15;637
25;2025-11-29;16;638
25;2025-11-29;17;597
25;2025-11-29;18;528
25;2025-11-29;19;417
25;2025-11-29;20;318
25;2025-11-29;21;248
25;2025-11-29;22;158
25;2025-11-29;23;73
25;2025-11-30;0;18
25;2025-11-30;1;0
25;2025-11-30;2;0
25;2025-11-30;3;0
25;2025-11-30;4;11
25;2025-11-30;5;3
25;2025-11-30;6;22
25;2025-11-30;7;96
25;2025-11-30;8;231
25;2025-11-30;9;253
25;2025-11-30;10;308
25;2025-11-30;11;373
25;2025-11-30;12;448
25;2025-11-30;13;541
25;2025-11-30;14;542
25;2025-11-30;15;563
25;2025-11-30;16;586
25;2025-11-30;17;541
25;2025-11-30;18;474
25;2025-11-30;19;346
25;2025-11-30;20;237
25;2025-11-30;21;201
25;2025-11-30;22;124
25;2025-11-30;23;49
25;2025-12-01;0;3
25;2025-12-01;1;0
25;2025-12-01;2;0
25;2025-12-01;3;0
25;2025-12-01;4;0
25;2025-12-01;5;0
25;2025-12-01;6;143
25;2025-12-01;7;572
25;2025-12-01;8;997
25;2025-12-01;9;581
25;2025-12-01;10;384
25;2025-12-01;11;381
25;2025-12-01;12;411
25;2025-12-01;13;452
25;2025-12-01;14;455
25;2025-12-01;15;553
25;2025-12-01;16;683
25;2025-12-01;17;840
25;2025-12-01;18;913
25;2025-12-01;19;621
25;2025-12-01;20;301
25;2025-12-01;21;184
25;2025-12-01;22;88
25;2025-12-01;23;0
25;2025-12-02;0;2
25;2025-12-02;1;0
25;2025-12-02;2;0
25;2025-12-02;3;0
25;2025-12-02;4;0
25;2025-12-02;5;3
25;2025-12-02;6;155
25;2025-12-02;7;585
25;2025-12-02;8;1020
25;2025-12-02;9;610
25;2025-12-02;10;406
25;2025-12-02;11;404
25;2025-12-02;12;434
25;2025-12-02;13;475
25;2025-12-02;14;478
25;2025-12-02;15;574
25;2025-12-02;16;699
25;2025-12-02;17;863
25;2025-12-02;18;956
25;2025-12-02;19;623
25;2025-12-02;20;317
25;2025-12-02;21;200
25;2025-12-02;22;104
25;2025-12-02;23;0
25;2025-12-03;0;2
25;2025-12-03;1;0
25;2025-12-03;2;0
25;2025-12-03;3;0
25;2025-12-03;4;0
25;2025-12-03;5;4
25;2025-12-03;6;155
25;2025-12-03;7;588
25;2025-12-03;8;1012
25;2025-12-03;9;601
25;2025-12-03;10;410
25;2025-12-03;11;408
25;2025-12-03;12;437
25;2025-12-03;13;478
25;2025-12-03;14;481
25;2025-12-03;15;576
25;2025-12-03;16;701
25;2025-12-03;17;854
25;2025-12-03;18;927
25;2025-12-03;19;616
25;2025-12-03;20;324
25;2025-12-03;21;206
25;2025-12-03;22;110
25;2025-12-03;23;0
25;2025-12-04;0;3
25;2025-12-04;1;0
25;2025-12-04;2;0
25;2025-12-04;3;0
25;2025-12-04;4;0
25;2025-12-04;5;6
25;2025-12-04;6;161
25;2025-12-04;7;593
25;2025-12-04;8;1017
25;2025-12-04;9;607
25;2025-12-04;10;417
25;2025-12-04;11;415
25;2025-12-04;12;444
25;2025-12-04;13;486
25;2025-12-04;14;489
25;2025-12-04;15;587
25;2025-12-04;16;714
25;2025-12-04;17;846
25;2025-12-04;18;933
25;2025-12-04;19;625
25;2025-12-04;20;330
25;2025-12-04;21;212
25;2025-12-04;22;113
25;2025-12-04;23;0
25;2025-12-05;0;3
25;2025-12-05;1;0
25;2025-12-05;2;0
25;2025-12-05;3;0
25;2025-12-05;4;0
25;2025-12-05;5;5
25;2025-12-05;6;147
25;2025-12-05;7;576
25;2025-12-05;8;992
25;2025-12-05;9;589
25;2025-12-05;10;408
25;2025-12-05;11;411
25;2025-12-05;12;446
25;2025-12-05;13;550
25;2025-12-05;14;573
25;2025-12-05;15;670
25;2025-12-05;16;800
25;2025-12-05;17;824
25;2025-12-05;18;715
25;2025-12-05;19;463
25;2025-12-05;20;270
25;2025-12-05;21;214
25;2025-12-05;22;123
25;2025-12-05;23;14
25;2025-12-06;0;9
25;2025-12-06;1;0
25;2025-12-06;2;0
25;2025-12-06;3;0
25;2025-12-06;4;0
25;2025-12-06;5;13
25;2025-12-06;6;53
25;2025-12-06;7;118
25;2025-12-06;8;200
25;2025-12-06;9;296
25;2025-12-06;10;342
25;2025-12-06;11;399
25;2025-12-06;12;471
25;2025-12-06;13;555
25;2025-12-06;14;556
25;2025-12-06;15;557
25;2025-12-06;16;555
25;2025-12-06;17;498
25;2025-12-06;18;436
25;2025-12-06;19;364
25;2025-12-06;20;280
25;2025-12-06;21;232
25;2025-12-06;22;151
25;2025-12-06;23;53
25;2025-12-07;0;17
25;2025-12-07;1;0
25;2025-12-07;2;0
25;2025-12-07;3;0
25;2025-12-07;4;8
25;2025-12-07;5;0
25;2025-12-07;6;13
25;2025-12-07;7;48
25;2025-12-07;8;150
25;2025-12-07;9;202
25;2025-12-07;10;258
25;2025-12-07;11;324
25;2025-12-07;12;414
25;2025-12-07;13;498
25;2025-12-07;14;499
25;2025-12-07;15;507
25;2025-12-07;16;527
25;2025-12-07;17;463
25;2025-12-07;18;400
25;2025-12-07;19;294
25;2025-12-07;20;200
25;2025-12-07;21;184
25;2025-12-07;22;116
25;2025-12-07;23;26
25;2025-12-08;0;3
25;2025-12-08;1;0
25;2025-12-08;2;0
25;2025-12-08;3;0
25;2025-12-08;4;0
25;2025-12-08;5;0
25;2025-12-08;6;143
25;2025-12-08;7;572
25;2025-12-08;8;997
25;2025-12-08;9;581
25;2025-12-08;10;384
25;2025-12-08;11;381
25;2025-12-08;12;411
25;2025-12-08;13;452
25;2025-12-08;14;455
25;2025-12-08;15;553
25;2025-12-08;16;683
25;2025-12-08;17;840
25;2025-12-08;18;913
25;2025-12-08;19;621
25;2025-12-08;20;301
25;2025-12-08;21;184
25;2025-12-08;22;88
25;2025-12-08;23;0
25;2025-12-09;0;2
25;2025-12-09;1;0
25;2025-12-09;2;0
25;2025-12-09;3;0
25;2025-12-09;4;0
25;2025-12-09;5;3
25;2025-12-09;6;155
25;2025-12-09;7;585
25;2025-12-09;8;1020
25;2025-12-09;9;610
25;2025-12-09;10;406
25;2025-12-09;11;404
25;2025-12-09;12;434
25;2025-12-09;13;475
25;2025-12-09;14;478
25;2025-12-09;15;574
25;2025-12-09;16;699
25;2025-12-09;17;863
25;2025-12-09;18;956
25;2025-12-09;19;623
25;2025-12-09;20;317
25;2025-12-09;21;200
25;2025-12-09;22;104
25;2025-12-09;23;0
25;2025-12-10;0;2
25;2025-12-10;1;0
25;2025-12-10;2;0
25;2025-12-10;3;0
25;2025-12-10;4;0
25;2025-12-10;5;4
25;2025-12-10;6;155
25;2025-12-10;7;588
25;2025-12-10;8;1012
25;2025-12-10;9;601
25;2025-12-10;10;410
25;2025-12-10;11;408
25;2025-12-10;12;437
25;2025-12-10;13;478
25;2025-12-10;14;481
25;2025-12-10;15;576
25;2025-12-10;16;701
25;2025-12-10;17;854
25;2025-12-10;18;927
25;2025-12-10;19;616
25;2025-12-10;20;324
25;2025-12-10;21;206
25;2025-12-10;22;110
25;2025-12-10;23;0
25;2025-12-11;0;3
25;2025-12-11;1;0
25;2025-12-11;2;0
25;2025-12-11;3;0
25;2025-12-11;4;0
25;2025-12-11;5;6
25;2025-12-11;6;161
25;2025-12-11;7;593
25;2025-12-11;8;1017
25;2025-12-11;9;607
25;2025-12-11;10;417
25;2025-12-11;11;415
25;2025-12-11;12;444
25;2025-12-11;13;486
25;2025-12-11;14;489
25;2025-12-11;15;587
25;2025-12-11;16;714
25;2025-12-11;17;846
25;2025-12-11;18;933
25;2025-12-11;19;625
25;2025-12-11;20;330
25;2025-12-11;21;212
25;2025-12-11;22;113
25;2025-12-11;23;0
25;2025-12-12;0;3
25;2025-12-12;1;0
25;2025-12-12;2;0
25;2025-12-12;3;0
25;2025-12-12;4;0
25;2025-12-12;5;5
25;2025-12-12;6;147
25;2025-12-12;7;576
25;2025-12-12;8;992
25;2025-12-12;9;589
25;2025-12-12;10;408
25;2025-12-12;11;411
25;2025-12-12;12;446
25;2025-12-12;13;550
25;2025-12-12;14;573
25;2025-12-12;15;670
25;2025-12-12;16;800
25;2025-12-12;17;824
25;2025-12-12;18;715
25;2025-12-12;19;463
25;2025-12-12;20;270
25;2025-12-12;21;214
25;2025-12-12;22;123
25;2025-12-12;23;14
25;2025-12-13;0;9
25;2025-12-13;1;0
25;2025-12-13;2;0
25;2025-12-13;3;0
25;2025-12-13;4;0
25;2025-12-13;5;13
25;2025-12-13;6;53
25;2025-12-13;7;118
25;2025-12-13;8;200
25;2025-12-13;9;296
25;2025-12-13;10;342
25;2025-12-13;11;399
25;2025-12-13;12;471
25;2025-12-13;13;555
25;2025-12-13;14;556
25;2025-12-13;15;557
25;2025-12-13;16;555
25;2025-12-13;17;498
25;2025-12-13;18;436
25;2025-12-13;19;364
25;2025-12-13;20;280
25;2025-12-13;21;232
25;2025-12-13;22;151
25;2025-12-13;23;53
25;2025-12-14;0;17
25;2025-12-14;1;0
25;2025-12-14;2;0
25;2025-12-14;3;0
25;2025-12-14;4;8
25;2025-12-14;5;0
25;2025-12-14;6;13
25;2025-12-14;7;48
25;2025-12-14;8;150
25;2025-12-14;9;202
25;2025-12-14;10;258
25;2025-12-14;11;324
25;2025-12-14;12;414
25;2025-12-14;13;498
25;2025-12-14;14;499
25;2025-12-14;15;507
25;2025-12-14;16;527
25;2025-12-14;17;463
25;2025-12-14;18;400
25;2025-12-14;19;294
25;2025-12-14;20;200
25;2025-12-14;21;184
25;2025-12-14;22;116
25;2025-12-14;23;26
25;2025-12-15;0;3
25;2025-12-15;1;0
25;2025-12-15;2;0
25;2025-12-15;3;0
25;2025-12-15;4;0
25;2025-12-15;5;0
25;2025-12-15;6;143
25;2025-12-15;7;572
25;2025-12-15;8;997
25;2025-12-15;9;581
25;2025-12-15;10;384
25;2025-12-15;11;381
25;2025-12-15;12;411
25;2025-12-15;13;452
25;2025-12-15;14;455
25;2025-12-15;15;553
25;2025-12-15;16;683
25;2025-12-15;17;840
25;2025-12-15;18;913
25;2025-12-15;19;621
25;2025-12-15;20;301
25;2025-12-15;21;184
25;2025-12-15;22;88
25;2025-12-15;23;0
25;2025-12-16;0;2
25;2025-12-16;1;0
25;2025-12-16;2;0
25;2025-12-16;3;0
25;2025-12-16;4;0
25;2025-12-16;5;3
25;2025-12-16;6;155
25;2025-12-16;7;585
25;2025-12-16;8;1020
25;2025-12-16;9;610
25;2025-12-16;10;406
25;2025-12-16;11;404
25;2025-12-16;12;434
25;2025-12-16;13;475
25;2025-12-16;14;478
25;2025-12-16;15;574
25;2025-12-16;16;699
25;2025-12-16;17;863
25;2025-12-16;18;956
25;2025-12-16;19;623
25;2025-12-16;20;317
25;2025-12-16;21;200
25;2025-12-16;22;104
25;2025-12-16;23;0
25;2025-12-17;0;2
25;2025-12-17;1;0
25;2025-12-17;2;0
25;2025-12-17;3;0
25;2025-12-17;4;0
25;2025-12-17;5;4
25;2025-12-17;6;155
25;2025-12-17;7;588
25;2025-12-17;8;1012
25;2025-12-17;9;601
25;2025-12-17;10;410
25;2025-12-17;11;408
25;2025-12-17;12;437
25;2025-12-17;13;478
25;2025-12-17;14;481
25;2025-12-17;15;576
25;2025-12-17;16;701
25;2025-12-17;17;854
25;2025-12-17;18;927
25;2025-12-17;19;616
25;2025-12-17;20;324
25;2025-12-17;21;206
25;2025-12-17;22;110
25;2025-12-17;23;0
25;2025-12-18;0;3
25;2025-12-18;1;0
25;2025-12-18;2;0
25;2025-12-18;3;0
25;2025-12-18;4;0
25;2025-12-18;5;6
25;2025-12-18;6;161
25;2025-12-18;7;593
25;2025-12-18;8;1017
25;2025-12-18;9;607
25;2025-12-18;10;417
25;2025-12-18;11;415
25;2025-12-18;12;444
25;2025-12-18;13;486
25;2025-12-18;14;489
25;2025-12-18;15;587
25;2025-12-18;16;714
25;2025-12-18;17;846
25;2025-12-18;18;933
25;2025-12-18;19;625
25;2025-12-18;20;330
25;2025-12-18;21;212
25;2025-12-18;22;113
25;2025-12-18;23;0
25;2025-12-19;0;3
25;2025-12-19;1;0
25;2025-12-19;2;0
25;2025-12-19;3;0
25;2025-12-19;4;0
25;2025-12-19;5;5
25;2025-12-19;6;147
25;2025-12-19;7;576
25;2025-12-19;8;992
25;2025-12-19;9;589
25;2025-12-19;10;408
25;2025-12-19;11;411
25;2025-12-19;12;446
25;2025-12-19;13;550
25;2025-12-19;14;573
25;2025-12-19;15;670
25;2025-12-19;16;800
25;2025-12-19;17;824
25;2025-12-19;18;715
25;2025-12-19;19;463
25;2025-12-19;20;270
25;2025-12-19;21;214
25;2025-12-19;22;123
25;2025-12-19;23;14
25;2025-12-20;0;9
25;2025-12-20;1;0
25;2025-12-20;2;0
25;2025-12-20;3;0
25;2025-12-20;4;0
25;2025-12-20;5;13
25;2025-12-20;6;53
25;2025-12-20;7;118
25;2025-12-20;8;200
25;2025-12-20;9;296
25;2025-12-20;10;342
25;2025-12-20;11;399
25;2025-12-20;12;471
25;2025-12-20;13;555
25;2025-12-20;14;556
25;2025-12-20;15;557
25;2025-12-20;16;555
25;2025-12-20;17;498
25;2025-12-20;18;436
25;2025-12-20;19;364
25;2025-12-20;20;280
25;2025-12-20;21;232
25;2025-12-20;22;151
25;2025-12-20;23;53
25;2025-12-21;0;17
25;2025-12-21;1;0
25;2025-12-21;2;0
25;2025-12-21;3;0
25;2025-12-21;4;8
25;2025-12-21;5;0
25;2025-12-21;6;13
25;2025-12-21;7;48
25;2025-12-21;8;150
25;2025-12-21;9;202
25;2025-12-21;10;258
25;2025-12-21;11;324
25;2025-12-21;12;414
25;2025-12-21;13;498
25;2025-12-21;14;499
25;2025-12-21;15;507
25;2025-12-21;16;527
25;2025-12-21;17;463
25;2025-12-21;18;400
25;2025-12-21;19;294
25;2025-12-21;20;200
25;2025-12-21;21;184
25;2025-12-21;22;116
25;2025-12-21;23;26
25;2025-12-22;0;3
25;2025-12-22;1;0
25;2025-12-22;2;0
25;2025-12-22;3;0
25;2025-12-22;4;0
25;2025-12-22;5;0
25;2025-12-22;6;143
25;2025-12-22;7;572
25;2025-12-22;8;997
25;2025-12-22;9;581
25;2025-12-22;10;384
25;2025-12-22;11;381
25;2025-12-22;12;411
25;2025-12-22;13;452
25;2025-12-22;14;455
25;2025-12-22;15;553
25;2025-12-22;16;683
25;2025-12-22;17;840
25;2025-12-22;18;913
25;2025-12-22;19;621
25;2025-12-22;20;301
25;2025-12-22;21;184
25;2025-12-22;22;88
25;2025-12-22;23;0
25;2025-12-23;0;2
25;2025-12-23;1;0
25;2025-12-23;2;0
25;2025-12-23;3;0
25;2025-12-23;4;0
25;2025-12-23;5;3
25;2025-12-23;6;155
25;2025-12-23;7;585
25;2025-12-23;8;1020
25;2025-12-23;9;610
25;2025-12-23;10;406
25;2025-12-23;11;404
25;2025-12-23;12;434
25;2025-12-23;13;475
25;2025-12-23;14;478
25;2025-12-23;15;574
25;2025-12-23;16;699
25;2025-12-23;17;863
25;2025-12-23;18;956
25;2025-12-23;19;623
25;2025-12-23;20;317
25;2025-12-23;21;200
25;2025-12-23;22;104
25;2025-12-23;23;0
25;2025-12-24;0;2
25;2025-12-24;1;0
25;2025-12-24;2;0
25;2025-12-24;3;0
25;2025-12-24;4;0
25;2025-12-24;5;4
25;2025-12-24;6;155
25;2025-12-24;7;588
25;2025-12-24;8;1012
25;2025-12-24;9;601
25;2025-12-24;10;410
25;2025-12-24;11;408
25;2025-12-24;12;437
25;2025-12-24;13;478
25;2025-12-24;14;481
25;2025-12-24;15;576
25;2025-12-24;16;701
25;2025-12-24;17;854
25;2025-12-24;18;927
25;2025-12-24;19;616
25;2025-12-24;20;324
25;2025-12-24;21;206
25;2025-12-24;22;110
25;2025-12-24;23;0
25;2025-12-25;0;3
25;2025-12-25;1;0
25;2025-12-25;2;0
25;2025-12-25;3;0
25;2025-12-25;4;0
25;2025-12-25;5;6
25;2025-12-25;6;161
25;2025-12-25;7;593
25;2025-12-25;8;1017
25;2025-12-25;9;607
25;2025-12-25;10;417
25;2025-12-25;11;415
25;2025-12-25;12;444
25;2025-12-25;13;486
25;2025-12-25;14;489
25;2025-12-25;15;587
25;2025-12-25;16;714
25;2025-12-25;17;846
25;2025-12-25;18;933
25;2025-12-25;19;625
25;2025-12-25;20;330
25;2025-12-25;21;212
25;2025-12-25;22;113
25;2025-12-25;23;0
25;2025-12-26;0;3
25;2025-12-26;1;0
25;2025-12-26;2;0
25;2025-12-26;3;0
25;2025-12-26;4;0
25;2025-12-26;5;5
25;2025-12-26;6;147
25;2025-12-26;7;576
25;2025-12-26;8;992
25;2025-12-26;9;589
25;2025-12-26;10;408
25;2025-12-26;11;411
25;2025-12-26;12;446
25;2025-12-26;13;550
25;2025-12-26;14;573
25;2025-12-26;15;670
25;2025-12-26;16;800
25;2025-12-26;17;824
25;2025-12-26;18;715
25;2025-12-26;19;463
25;2025-12-26;20;270
25;2025-12-26;21;214
25;2025-12-26;22;123
25;2025-12-26;23;14
25;2025-12-27;0;9
25;2025-12-27;1;0
25;2025-12-27;2;0
25;2025-12-27;3;0
25;2025-12-27;4;0
25;2025-12-27;5;13
25;2025-12-27;6;53
25;2025-12-27;7;118
25;2025-12-27;8;200
25;2025-12-27;9;296
25;2025-12-27;10;342
25;2025-12-27;11;399
25;2025-12-27;12;471
25;2025-12-27;13;555
25;2025-12-27;14;556
25;2025-12-27;15;557
25;2025-12-27;16;555
25;2025-12-27;17;498
25;2025-12-27;18;436
25;2025-12-27;19;364
25;2025-12-27;20;280
25;2025-12-27;21;232
25;2025-12-27;22;151
25;2025-12-27;23;53
25;2025-12-28;0;17
25;2025-12-28;1;0
25;2025-12-28;2;0
25;2025-12-28;3;0
25;2025-12-28;4;8
25;2025-12-28;5;0
25;2025-12-28;6;13
25;2025-12-28;7;48
25;2025-12-28;8;150
25;2025-12-28;9;202
25;2025-12-28;10;258
25;2025-12-28;11;324
25;2025-12-28;12;414
25;2025-12-28;13;498
25;2025-12-28;14;499
25;2025-12-28;15;507
25;2025-12-28;16;527
25;2025-12-28;17;463
25;2025-12-28;18;400
25;2025-12-28;19;294
25;2025-12-28;20;200
25;2025-12-28;21;184
25;2025-12-28;22;116
25;2025-12-28;23;26
25;2025-12-29;0;3
25;2025-12-29;1;0
25;2025-12-29;2;0
25;2025-12-29;3;0
25;2025-12-29;4;0
25;2025-12-29;5;0
25;2025-12-29;6;143
25;2025-12-29;7;572
25;2025-12-29;8;997
25;2025-12-29;9;581
25;2025-12-29;10;384
25;2025-12-29;11;381
25;2025-12-29;12;411
25;2025-12-29;13;452
25;2025-12-29;14;455
25;2025-12-29;15;553
25;2025-12-29;16;683
25;2025-12-29;17;840
25;2025-12-29;18;913
25;2025-12-29;19;621
25;2025-12-29;20;301
25;2025-12-29;21;184
25;2025-12-29;22;88
25;2025-12-29;23;0
25;2025-12-30;0;2
25;2025-12-30;1;0
25;2025-12-30;2;0
25;2025-12-30;3;0
25;2025-12-30;4;0
25;2025-12-30;5;3
25;2025-12-30;6;155
25;2025-12-30;7;585
25;2025-12-30;8;1020
25;2025-12-30;9;610
25;2025-12-30;10;406
25;2025-12-30;11;404
25;2025-12-30;12;434
25;2025-12-30;13;475
25;2025-12-30;14;478
25;2025-12-30;15;574
25;2025-12-30;16;699
25;2025-12-30;17;863
25;2025-12-30;18;956
25;2025-12-30;19;623
25;2025-12-30;20;317
25;2025-12-30;21;200
25;2025-12-30;22;104
25;2025-12-30;23;0
25;2025-12-31;0;9
25;2025-12-31;1;0
25;2025-12-31;2;0
25;2025-12-31;3;0
25;2025-12-31;4;3
25;2025-12-31;5;0
25;2025-12-31;6;0
25;2025-12-31;7;26
25;2025-12-31;8;205
25;2025-12-31;9;191
25;2025-12-31;10;230
25;2025-12-31;11;281
25;2025-12-31;12;353
25;2025-12-31;13;435
25;2025-12-31;14;436
25;2025-12-31;15;444
25;2025-12-31;16;464
25;2025-12-31;17;444
25;2025-12-31;18;387
25;2025-12-31;19;288
25;2025-12-31;20;187
25;2025-12-31;21;178
25;2025-12-31;22;98
25;2025-12-31;23;0
26;2025-11-01;0;38
26;2025-11-01;1;1
26;2025-11-01;2;0
26;2025-11-01;3;0
26;2025-11-01;4;5
26;2025-11-01;5;93
26;2025-11-01;6;618
26;2025-11-01;7;1445
26;2025-11-01;8;2103
26;2025-11-01;9;1645
26;2025-11-01;10;1320
26;2025-11-01;11;1289
26;2025-11-01;12;1337
26;2025-11-01;13;1379
26;2025-11-01;14;1393
26;2025-11-01;15;1488
26;2025-11-01;16;1626
26;2025-11-01;17;1948
26;2025-11-01;18;2004
26;2025-11-01;19;1484
26;2025-11-01;20;915
26;2025-11-01;21;539
26;2025-11-01;22;268
26;2025-11-01;23;175
26;2025-11-02;0;51
26;2025-11-02;1;3
26;2025-11-02;2;0
26;2025-11-02;3;0
26;2025-11-02;4;0
26;2025-11-02;5;26
26;2025-11-02;6;171
26;2025-11-02;7;270
26;2025-11-02;8;435
26;2025-11-02;9;533
26;2025-11-02;10;668
26;2025-11-02;11;756
26;2025-11-02;12;829
26;2025-11-02;13;886
26;2025-11-02;14;884
26;2025-11-02;15;896
26;2025-11-02;16;891
26;2025-11-02;17;807
26;2025-11-02;18;741
26;2025-11-02;19;623
26;2025-11-02;20;432
26;2025-11-02;21;327
26;2025-11-02;22;195
26;2025-11-02;23;122
26;2025-11-03;0;44
26;2025-11-03;1;2
26;2025-11-03;2;0
26;2025-11-03;3;0
26;2025-11-03;4;0
26;2025-11-03;5;38
26;2025-11-03;6;220
26;2025-11-03;7;328
26;2025-11-03;8;624
26;2025-11-03;9;614
26;2025-11-03;10;727
26;2025-11-03;11;805
26;2025-11-03;12;871
26;2025-11-03;13;938
26;2025-11-03;14;936
26;2025-11-03;15;952
26;2025-11-03;16;952
26;2025-11-03;17;936
26;2025-11-03;18;887
26;2025-11-03;19;725
26;2025-11-03;20;476
26;2025-11-03;21;355
26;2025-11-03;22;201
26;2025-11-03;23;124
26;2025-11-04;0;48
26;2025-11-04;1;9
26;2025-11-04;2;4
26;2025-11-04;3;4
26;2025-11-04;4;0
26;2025-11-04;5;0
26;2025-11-04;6;149
26;2025-11-04;7;276
26;2025-11-04;8;519
26;2025-11-04;9;527
26;2025-11-04;10;635
26;2025-11-04;11;715
26;2025-11-04;12;777
26;2025-11-04;13;841
26;2025-11-04;14;838
26;2025-11-04;15;848
26;2025-11-04;16;842
26;2025-11-04;17;821
26;2025-11-04;18;776
26;2025-11-04;19;612
26;2025-11-04;20;408
26;2025-11-04;21;310
26;2025-11-04;22;160
26;2025-11-04;23;90
26;2025-11-05;0;32
26;2025-11-05;1;1
26;2025-11-05;2;0
26;2025-11-05;3;0
26;2025-11-05;4;4
26;2025-11-05;5;75
26;2025-11-05;6;545
26;2025-11-05;7;1370
26;2025-11-05;8;2154
26;2025-11-05;9;1536
26;2025-11-05;10;1202
26;2025-11-05;11;1166
26;2025-11-05;12;1214
26;2025-11-05;13;1257
26;2025-11-05;14;1272
26;2025-11-05;15;1377
26;2025-11-05;16;1534
26;2025-11-05;17;1921
26;2025-11-05;18;1978
26;2025-11-05;19;1414
26;2025-11-05;20;842
26;2025-11-05;21;493
26;2025-11-05;22;223
26;2025-11-05;23;131
26;2025-11-06;0;33
26;2025-11-06;1;1
26;2025-11-06;2;0
26;2025-11-06;3;0
26;2025-11-06;4;3
26;2025-11-06;5;77
26;2025-11-06;6;548
26;2025-11-06;7;1372
26;2025-11-06;8;2156
26;2025-11-06;9;1540
26;2025-11-06;10;1205
26;2025-11-06;11;1169
26;2025-11-06;12;1217
26;2025-11-06;13;1260
26;2025-11-06;14;1275
26;2025-11-06;15;1383
26;2025-11-06;16;1542
26;2025-11-06;17;1895
26;2025-11-06;18;1965
26;2025-11-06;19;1413
26;2025-11-06;20;839
26;2025-11-06;21;498
26;2025-11-06;22;226
26;2025-11-06;23;135
26;2025-11-07;0;33
26;2025-11-07;1;1
26;2025-11-07;2;0
26;2025-11-07;3;0
26;2025-11-07;4;2
26;2025-11-07;5;73
26;2025-11-07;6;530
26;2025-11-07;7;1358
26;2025-11-07;8;2134
26;2025-11-07;9;1513
26;2025-11-07;10;1188
26;2025-11-07;11;1157
26;2025-11-07;12;1211
26;2025-11-07;13;1309
26;2025-11-07;14;1340
26;2025-11-07;15;1447
26;2025-11-07;16;1609
26;2025-11-07;17;1858
26;2025-11-07;18;1736
26;2025-11-07;19;1230
26;2025-11-07;20;762
26;2025-11-07;21;486
26;2025-11-07;22;223
26;2025-11-07;23;156
26;2025-11-08;0;49
26;2025-11-08;1;2
26;2025-11-08;2;0
26;2025-11-08;3;0
26;2025-11-08;4;4
26;2025-11-08;5;52
26;2025-11-08;6;269
26;2025-11-08;7;426
26;2025-11-08;8;605
26;2025-11-08;9;712
26;2025-11-08;10;838
26;2025-11-08;11;918
26;2025-11-08;12;982
26;2025-11-08;13;1043
26;2025-11-08;14;1041
26;2025-11-08;15;1053
26;2025-11-08;16;1030
26;2025-11-08;17;974
26;2025-11-08;18;919
26;2025-11-08;19;768
26;2025-11-08;20;557
26;2025-11-08;21;402
26;2025-11-08;22;245
26;2025-11-08;23;160
26;2025-11-09;0;51
26;2025-11-09;1;3
26;2025-11-09;2;0
26;2025-11-09;3;0
26;2025-11-09;4;0
26;2025-11-09;5;26
26;2025-11-09;6;171
26;2025-11-09;7;270
26;2025-11-09;8;435
26;2025-11-09;9;533
26;2025-11-09;10;668
26;2025-11-09;11;756
26;2025-11-09;12;829
26;2025-11-09;13;886
26;2025-11-09;14;884
26;2025-11-09;15;896
26;2025-11-09;16;891
26;2025-11-09;17;807
26;2025-11-09;18;741
26;2025-11-09;19;623
26;2025-11-09;20;432
26;2025-11-09;21;327
26;2025-11-09;22;195
26;2025-11-09;23;122
26;2025-11-10;0;32
26;2025-11-10;1;1
26;2025-11-10;2;0
26;2025-11-10;3;0
26;2025-11-10;4;1
26;2025-11-10;5;66
26;2025-11-10;6;529
26;2025-11-10;7;1353
26;2025-11-10;8;2135
26;2025-11-10;9;1515
26;2025-11-10;10;1174
26;2025-11-10;11;1137
26;2025-11-10;12;1187
26;2025-11-10;13;1231
26;2025-11-10;14;1246
26;2025-11-10;15;1353
26;2025-11-10;16;1515
26;2025-11-10;17;1889
26;2025-11-10;18;1946
26;2025-11-10;19;1409
26;2025-11-10;20;814
26;2025-11-10;21;472
26;2025-11-10;22;203
26;2025-11-10;23;113
26;2025-11-11;0;32
26;2025-11-11;1;1
26;2025-11-11;2;0
26;2025-11-11;3;0
26;2025-11-11;4;3
26;2025-11-11;5;74
26;2025-11-11;6;544
26;2025-11-11;7;1367
26;2025-11-11;8;2159
26;2025-11-11;9;1543
26;2025-11-11;10;1196
26;2025-11-11;11;1160
26;2025-11-11;12;1208
26;2025-11-11;13;1251
26;2025-11-11;14;1266
26;2025-11-11;15;1374
26;2025-11-11;16;1530
26;2025-11-11;17;1911
26;2025-11-11;18;1993
26;2025-11-11;19;1414
26;2025-11-11;20;831
26;2025-11-11;21;489
26;2025-11-11;22;219
26;2025-11-11;23;127
26;2025-11-12;0;32
26;2025-11-12;1;1
26;2025-11-12;2;0
26;2025-11-12;3;0
26;2025-11-12;4;4
26;2025-11-12;5;75
26;2025-11-12;6;545
26;2025-11-12;7;1370
26;2025-11-12;8;2154
26;2025-11-12;9;1536
26;2025-11-12;10;1202
26;2025-11-12;11;1166
26;2025-11-12;12;1214
26;2025-11-12;13;1257
26;2025-11-12;14;1272
26;2025-11-12;15;1377
26;2025-11-12;16;1534
26;2025-11-12;17;1921
26;2025-11-12;18;1978
26;2025-11-12;19;1414
26;2025-11-12;20;842
26;2025-11-12;21;493
26;2025-11-12;22;223
26;2025-11-12;23;131
26;2025-11-13;0;33
26;2025-11-13;1;1
26;2025-11-13;2;0
26;2025-11-13;3;0
26;2025-11-13;4;3
26;2025-11-13;5;77
26;2025-11-13;6;548
26;2025-11-13;7;1372
26;2025-11-13;8;2156
26;2025-11-13;9;1540
26;2025-11-13;10;1205
26;2025-11-13;11;1169
26;2025-11-13;12;1217
26;2025-11-13;13;1260
26;2025-11-13;14;1275
26;2025-11-13;15;1383
26;2025-11-13;16;1542
26;2025-11-13;17;1895
26;2025-11-13;18;1965
26;2025-11-13;19;1413
26;2025-11-13;20;839
26;2025-11-13;21;498
26;2025-11-13;22;226
26;2025-11-13;23;135
26;2025-11-14;0;33
26;2025-11-14;1;1
26;2025-11-14;2;0
26;2025-11-14;3;0
26;2025-11-14;4;2
26;2025-11-14;5;73
26;2025-11-14;6;530
26;2025-11-14;7;1358
26;2025-11-14;8;2134
26;2025-11-14;9;1513
26;2025-11-14;10;1188
26;2025-11-14;11;1157
26;2025-11-14;12;1211
26;2025-11-14;13;1309
26;2025-11-14;14;1340
26;2025-11-14;15;1447
26;2025-11-14;16;1609
26;2025-11-14;17;1858
26;2025-11-14;18;1736
26;2025-11-14;19;1230
26;2025-11-14;20;762
26;2025-11-14;21;486
26;2025-11-14;22;223
26;2025-11-14;23;156
26;2025-11-15;0;49
26;2025-11-15;1;2
26;2025-11-15;2;0
26;2025-11-15;3;0
26;2025-11-15;4;4
26;2025-11-15;5;52
26;2025-11-15;6;269
26;2025-11-15;7;426
26;2025-11-15;8;605
26;2025-11-15;9;712
26;2025-11-15;10;838
26;2025-11-15;11;918
26;2025-11-15;12;982
26;2025-11-15;13;1043
26;2025-11-15;14;1041
26;2025-11-15;15;1053
26;2025-11-15;16;1030
26;2025-11-15;17;974
26;2025-11-15;18;919
26;2025-11-15;19;768
26;2025-11-15;20;557
26;2025-11-15;21;402
26;2025-11-15;22;245
26;2025-11-15;23;160
26;2025-11-16;0;51
26;2025-11-16;1;3
26;2025-11-16;2;0
26;2025-11-16;3;0
26;2025-11-16;4;0
26;2025-11-16;5;26
26;2025-11-16;6;171
26;2025-11-16;7;270
26;2025-11-16;8;435
26;2025-11-16;9;533
26;2025-11-16;10;668
26;2025-11-16;11;756
26;2025-11-16;12;829
26;2025-11-16;13;886
26;2025-11-16;14;884
26;2025-11-16;15;896
26;2025-11-16;16;891
26;2025-11-16;17;807
26;2025-11-16;18;741
26;2025-11-16;19;623
26;2025-11-16;20;432
26;2025-11-16;21;327
26;2025-11-16;22;195
26;2025-11-16;23;122
26;2025-11-17;0;32
26;2025-11-17;1;1
26;2025-11-17;2;0
26;2025-11-17;3;0
26;2025-11-17;4;1
26;2025-11-17;5;66
26;2025-11-17;6;529
26;2025-11-17;7;1353
26;2025-11-17;8;2135
26;2025-11-17;9;1515
26;2025-11-17;10;1174
26;2025-11-17;11;1137
26;2025-11-17;12;1187
26;2025-11-17;13;1231
26;2025-11-17;14;1246
26;2025-11-17;15;1353
26;2025-11-17;16;1515
26;2025-11-17;17;1889
26;2025-11-17;18;1946
26;2025-11-17;19;1409
26;2025-11-17;20;814
26;2025-11-17;21;472
26;2025-11-17;22;203
26;2025-11-17;23;113
26;2025-11-18;0;32
26;2025-11-18;1;1
26;2025-11-18;2;0
26;2025-11-18;3;0
26;2025-11-18;4;3
26;2025-11-18;5;74
26;2025-11-18;6;544
26;2025-11-18;7;1367
26;2025-11-18;8;2159
26;2025-11-18;9;1543
26;2025-11-18;10;1196
26;2025-11-18;11;1160
26;2025-11-18;12;1208
26;2025-11-18;13;1251
26;2025-11-18;14;1266
26;2025-11-18;15;1374
26;2025-11-18;16;1530
26;2025-11-18;17;1911
26;2025-11-18;18;1993
26;2025-11-18;19;1414
26;2025-11-18;20;831
26;2025-11-18;21;489
26;2025-11-18;22;219
26;2025-11-18;23;127
26;2025-11-19;0;32
26;2025-11-19;1;1
26;2025-11-19;2;0
26;2025-11-19;3;0
26;2025-11-19;4;4
26;2025-11-19;5;75
26;2025-11-19;6;545
26;2025-11-19;7;1370
26;2025-11-19;8;2154
26;2025-11-19;9;1536
26;2025-11-19;10;1202
26;2025-11-19;11;1166
26;2025-11-19;12;1214
26;2025-11-19;13;1257
26;2025-11-19;14;1272
26;2025-11-19;15;1377
26;2025-11-19;16;1534
26;2025-11-19;17;1921
26;2025-11-19;18;1978
26;2025-11-19;19;1414
26;2025-11-19;20;842
26;2025-11-19;21;493
26;2025-11-19;22;223
26;2025-11-19;23;131
26;2025-11-20;0;33
26;2025-11-20;1;1
26;2025-11-20;2;0
26;2025-11-20;3;0
26;2025-11-20;4;3
26;2025-11-20;5;77
26;2025-11-20;6;548
26;2025-11-20;7;1372
26;2025-11-20;8;2156
26;2025-11-20;9;1540
26;2025-11-20;10;1205
26;2025-11-20;11;1169
26;2025-11-20;12;1217
26;2025-11-20;13;1260
26;2025-11-20;14;1275
26;2025-11-20;15;1383
26;2025-11-20;16;1542
26;2025-11-20;17;1895
26;2025-11-20;18;1965
26;2025-11-20;19;1413
26;2025-11-20;20;839
26;2025-11-20;21;498
26;2025-11-20;22;226
26;2025-11-20;23;135
26;2025-11-21;0;33
26;2025-11-21;1;1
26;2025-11-21;2;0
26;2025-11-21;3;0
26;2025-11-21;4;2
26;2025-11-21;5;73
26;2025-11-21;6;530
26;2025-11-21;7;1358
26;2025-11-21;8;2134
26;2025-11-21;9;1513
26;2025-11-21;10;1188
26;2025-11-21;11;1157
26;2025-11-21;12;1211
26;2025-11-21;13;1309
26;2025-11-21;14;1340
26;2025-11-21;15;1447
26;2025-11-21;16;1609
26;2025-11-21;17;1858
26;2025-11-21;18;1736
26;2025-11-21;19;1230
26;2025-11-21;20;762
26;2025-11-21;21;486
26;2025-11-21;22;223
26;2025-11-21;23;156
26;2025-11-22;0;49
26;2025-11-22;1;2
26;2025-11-22;2;0
26;2025-11-22;3;0
26;2025-11-22;4;4
26;2025-11-22;5;52
26;2025-11-22;6;269
26;2025-11-22;7;426
26;2025-11-22;8;605
26;2025-11-22;9;712
26;2025-11-22;10;838
26;2025-11-22;11;918
26;2025-11-22;12;982
26;2025-11-22;13;1043
26;2025-11-22;14;1041
26;2025-11-22;15;1053
26;2025-11-22;16;1030
26;2025-11-22;17;974
26;2025-11-22;18;919
26;2025-11-22;19;768
26;2025-11-22;20;557
26;2025-11-22;21;402
26;2025-11-22;22;245
26;2025-11-22;23;160
26;2025-11-23;0;51
26;2025-11-23;1;3
26;2025-11-23;2;0
26;2025-11-23;3;0
26;2025-11-23;4;0
26;2025-11-23;5;26
26;2025-11-23;6;171
26;2025-11-23;7;270
26;2025-11-23;8;435
26;2025-11-23;9;533
26;2025-11-23;10;668
26;2025-11-23;11;756
26;2025-11-23;12;829
26;2025-11-23;13;886
26;2025-11-23;14;884
26;2025-11-23;15;896
26;2025-11-23;16;891
26;2025-11-23;17;807
26;2025-11-23;18;741
26;2025-11-23;19;623
26;2025-11-23;20;432
26;2025-11-23;21;327
26;2025-11-23;22;195
26;2025-11-23;23;122
26;2025-11-24;0;32
26;2025-11-24;1;1
26;2025-11-24;2;0
26;2025-11-24;3;0
26;2025-11-24;4;1
26;2025-11-24;5;66
26;2025-11-24;6;529
26;2025-11-24;7;1353
26;2025-11-24;8;2135
26;2025-11-24;9;1515
26;2025-11-24;10;1174
26;2025-11-24;11;1137
26;2025-11-24;12;1187
26;2025-11-24;13;1231
26;2025-11-24;14;1246
26;2025-11-24;15;1353
26;2025-11-24;16;1515
26;2025-11-24;17;1889
26;2025-11-24;18;1946
26;2025-11-24;19;1409
26;2025-11-24;20;814
26;2025-11-24;21;472
26;2025-11-24;22;203
26;2025-11-24;23;113
26;2025-11-25;0;32
26;2025-11-25;1;1
26;2025-11-25;2;0
26;2025-11-25;3;0
26;2025-11-25;4;3
26;2025-11-25;5;74
26;2025-11-25;6;544
26;2025-11-25;7;1367
26;2025-11-25;8;2159
26;2025-11-25;9;1543
26;2025-11-25;10;1196
26;2025-11-25;11;1160
26;2025-11-25;12;1208
26;2025-11-25;13;1251
26;2025-11-25;14;1266
26;2025-11-25;15;1374
26;2025-11-25;16;1530
26;2025-11-25;17;1911
26;2025-11-25;18;1993
26;2025-11-25;19;1414
26;2025-11-25;20;831
26;2025-11-25;21;489
26;2025-11-25;22;219
26;2025-11-25;23;127
26;2025-11-26;0;32
26;2025-11-26;1;1
26;2025-11-26;2;0
26;2025-11-26;3;0
26;2025-11-26;4;4
26;2025-11-26;5;75
26;2025-11-26;6;545
26;2025-11-26;7;1370
26;2025-11-26;8;2154
26;2025-11-26;9;1536
26;2025-11-26;10;1202
26;2025-11-26;11;1166
26;2025-11-26;12;1214
26;2025-11-26;13;1257
26;2025-11-26;14;1272
26;2025-11-26;15;1377
26;2025-11-26;16;1534
26;2025-11-26;17;1921
26;2025-11-26;18;1978
26;2025-11-26;19;1414
26;2025-11-26;20;842
26;2025-11-26;21;493
26;2025-11-26;22;223
26;2025-11-26;23;131
26;2025-11-27;0;33
26;2025-11-27;1;1
26;2025-11-27;2;0
26;2025-11-27;3;0
26;2025-11-27;4;3
26;2025-11-27;5;77
26;2025-11-27;6;548
26;2025-11-27;7;1372
26;2025-11-27;8;2156
26;2025-11-27;9;1540
26;2025-11-27;10;1205
26;2025-11-27;11;1169
26;2025-11-27;12;1217
26;2025-11-27;13;1260
26;2025-11-27;14;1275
26;2025-11-27;15;1383
26;2025-11-27;16;1542
26;2025-11-27;17;1895
26;2025-11-27;18;1965
26;2025-11-27;19;1413
26;2025-11-27;20;839
26;2025-11-27;21;498
26;2025-11-27;22;226
26;2025-11-27;23;135
26;2025-11-28;0;33
26;2025-11-28;1;1
26;2025-11-28;2;0
26;2025-11-28;3;0
26;2025-11-28;4;2
26;2025-11-28;5;73
26;2025-11-28;6;530
26;2025-11-28;7;1358
26;2025-11-28;8;2134
26;2025-11-28;9;1513
26;2025-11-28;10;1188
26;2025-11-28;11;1157
26;2025-11-28;12;1211
26;2025-11-28;13;1309
26;2025-11-28;14;1340
26;2025-11-28;15;1447
26;2025-11-28;16;1609
26;2025-11-28;17;1858
26;2025-11-28;18;1736
26;2025-11-28;19;1230
26;2025-11-28;20;762
26;2025-11-28;21;486
26;2025-11-28;22;223
26;2025-11-28;23;156
26;2025-11-29;0;49
26;2025-11-29;1;2
26;2025-11-29;2;0
26;2025-11-29;3;0
26;2025-11-29;4;4
26;2025-11-29;5;52
26;2025-11-29;6;269
26;2025-11-29;7;426
26;2025-11-29;8;605
26;2025-11-29;9;712
26;2025-11-29;10;838
26;2025-11-29;11;918
26;2025-11-29;12;982
26;2025-11-29;13;1043
26;2025-11-29;14;1041
26;2025-11-29;15;1053
26;2025-11-29;16;1030
26;2025-11-29;17;974
26;2025-11-29;18;919
26;2025-11-29;19;768
26;2025-11-29;20;557
26;2025-11-29;21;402
26;2025-11-29;22;245
26;2025-11-29;23;160
26;2025-11-30;0;51
26;2025-11-30;1;3
26;2025-11-30;2;0
26;2025-11-30;3;0
26;2025-11-30;4;0
26;2025-11-30;5;26
26;2025-11-30;6;171
26;2025-11-30;7;270
26;2025-11-30;8;435
26;2025-11-30;9;533
26;2025-11-30;10;668
26;2025-11-30;11;756
26;2025-11-30;12;829
26;2025-11-30;13;886
26;2025-11-30;14;884
26;2025-11-30;15;896
26;2025-11-30;16;891
26;2025-11-30;17;807
26;2025-11-30;18;741
26;2025-11-30;19;623
26;2025-11-30;20;432
26;2025-11-30;21;327
26;2025-11-30;22;195
26;2025-11-30;23;122
26;2025-12-01;0;33
26;2025-12-01;1;1
26;2025-12-01;2;0
26;2025-12-01;3;0
26;2025-12-01;4;2
26;2025-12-01;5;67
26;2025-12-01;6;548
26;2025-12-01;7;1309
26;2025-12-01;8;2025
26;2025-12-01;9;1502
26;2025-12-01;10;1174
26;2025-12-01;11;1135
26;2025-12-01;12;1164
26;2025-12-01;13;1200
26;2025-12-01;14;1216
26;2025-12-01;15;1314
26;2025-12-01;16;1476
26;2025-12-01;17;1832
26;2025-12-01;18;1898
26;2025-12-01;19;1403
26;2025-12-01;20;816
26;2025-12-01;21;464
26;2025-12-01;22;202
26;2025-12-01;23;98
26;2025-12-02;0;33
26;2025-12-02;1;1
26;2025-12-02;2;0
26;2025-12-02;3;0
26;2025-12-02;4;4
26;2025-12-02;5;74
26;2025-12-02;6;562
26;2025-12-02;7;1323
26;2025-12-02;8;2052
26;2025-12-02;9;1533
26;2025-12-02;10;1198
26;2025-12-02;11;1160
26;2025-12-02;12;1190
26;2025-12-02;13;1224
26;2025-12-02;14;1241
26;2025-12-02;15;1337
26;2025-12-02;16;1494
26;2025-12-02;17;1856
26;2025-12-02;18;1940
26;2025-12-02;19;1408
26;2025-12-02;20;834
26;2025-12-02;21;481
26;2025-12-02;22;218
26;2025-12-02;23;112
26;2025-12-03;0;33
26;2025-12-03;1;1
26;2025-12-03;2;0
26;2025-12-03;3;0
26;2025-12-03;4;5
26;2025-12-03;5;75
26;2025-12-03;6;559
26;2025-12-03;7;1323
26;2025-12-03;8;2041
26;2025-12-03;9;1521
26;2025-12-03;10;1199
26;2025-12-03;11;1161
26;2025-12-03;12;1189
26;2025-12-03;13;1224
26;2025-12-03;14;1240
26;2025-12-03;15;1335
26;2025-12-03;16;1493
26;2025-12-03;17;1846
26;2025-12-03;18;1913
26;2025-12-03;19;1399
26;2025-12-03;20;836
26;2025-12-03;21;482
26;2025-12-03;22;220
26;2025-12-03;23;114
26;2025-12-04;0;33
26;2025-12-04;1;1
26;2025-12-04;2;0
26;2025-12-04;3;0
26;2025-12-04;4;5
26;2025-12-04;5;77
26;2025-12-04;6;566
26;2025-12-04;7;1329
26;2025-12-04;8;2047
26;2025-12-04;9;1529
26;2025-12-04;10;1206
26;2025-12-04;11;1168
26;2025-12-04;12;1197
26;2025-12-04;13;1232
26;2025-12-04;14;1248
26;2025-12-04;15;1346
26;2025-12-04;16;1506
26;2025-12-04;17;1843
26;2025-12-04;18;1922
26;2025-12-04;19;1409
26;2025-12-04;20;844
26;2025-12-04;21;492
26;2025-12-04;22;227
26;2025-12-04;23;122
26;2025-12-05;0;34
26;2025-12-05;1;1
26;2025-12-05;2;0
26;2025-12-05;3;0
26;2025-12-05;4;4
26;2025-12-05;5;73
26;2025-12-05;6;547
26;2025-12-05;7;1306
26;2025-12-05;8;2018
26;2025-12-05;9;1506
26;2025-12-05;10;1191
26;2025-12-05;11;1159
26;2025-12-05;12;1192
26;2025-12-05;13;1285
26;2025-12-05;14;1319
26;2025-12-05;15;1415
26;2025-12-05;16;1577
26;2025-12-05;17;1811
26;2025-12-05;18;1703
26;2025-12-05;19;1243
26;2025-12-05;20;778
26;2025-12-05;21;482
26;2025-12-05;22;226
26;2025-12-05;23;144
26;2025-12-06;0;49
26;2025-12-06;1;3
26;2025-12-06;2;0
26;2025-12-06;3;0
26;2025-12-06;4;6
26;2025-12-06;5;47
26;2025-12-06;6;261
26;2025-12-06;7;376
26;2025-12-06;8;532
26;2025-12-06;9;647
26;2025-12-06;10;785
26;2025-12-06;11;866
26;2025-12-06;12;937
26;2025-12-06;13;1005
26;2025-12-06;14;1002
26;2025-12-06;15;1005
26;2025-12-06;16;979
26;2025-12-06;17;915
26;2025-12-06;18;870
26;2025-12-06;19;746
26;2025-12-06;20;540
26;2025-12-06;21;391
26;2025-12-06;22;238
26;2025-12-06;23;144
26;2025-12-07;0;51
26;2025-12-07;1;3
26;2025-12-07;2;0
26;2025-12-07;3;0
26;2025-12-07;4;2
26;2025-12-07;5;25
26;2025-12-07;6;167
26;2025-12-07;7;231
26;2025-12-07;8;368
26;2025-12-07;9;492
26;2025-12-07;10;648
26;2025-12-07;11;737
26;2025-12-07;12;824
26;2025-12-07;13;887
26;2025-12-07;14;885
26;2025-12-07;15;885
26;2025-12-07;16;878
26;2025-12-07;17;791
26;2025-12-07;18;730
26;2025-12-07;19;604
26;2025-12-07;20;418
26;2025-12-07;21;315
26;2025-12-07;22;186
26;2025-12-07;23;100
26;2025-12-08;0;33
26;2025-12-08;1;1
26;2025-12-08;2;0
26;2025-12-08;3;0
26;2025-12-08;4;2
26;2025-12-08;5;67
26;2025-12-08;6;548
26;2025-12-08;7;1309
26;2025-12-08;8;2025
26;2025-12-08;9;1502
26;2025-12-08;10;1174
26;2025-12-08;11;1135
26;2025-12-08;12;1164
26;2025-12-08;13;1200
26;2025-12-08;14;1216
26;2025-12-08;15;1314
26;2025-12-08;16;1476
26;2025-12-08;17;1832
26;2025-12-08;18;1898
26;2025-12-08;19;1403
26;2025-12-08;20;816
26;2025-12-08;21;464
26;2025-12-08;22;202
26;2025-12-08;23;98
26;2025-12-09;0;33
26;2025-12-09;1;1
26;2025-12-09;2;0
26;2025-12-09;3;0
26;2025-12-09;4;4
26;2025-12-09;5;74
26;2025-12-09;6;562
26;2025-12-09;7;1323
26;2025-12-09;8;2052
26;2025-12-09;9;1533
26;2025-12-09;10;1198
26;2025-12-09;11;1160
26;2025-12-09;12;1190
26;2025-12-09;13;1224
26;2025-12-09;14;1241
26;2025-12-09;15;1337
26;2025-12-09;16;1494
26;2025-12-09;17;1856
26;2025-12-09;18;1940
26;2025-12-09;19;1408
26;2025-12-09;20;834
26;2025-12-09;21;481
26;2025-12-09;22;218
26;2025-12-09;23;112
26;2025-12-10;0;33
26;2025-12-10;1;1
26;2025-12-10;2;0
26;2025-12-10;3;0
26;2025-12-10;4;5
26;2025-12-10;5;75
26;2025-12-10;6;559
26;2025-12-10;7;1323
26;2025-12-10;8;2041
26;2025-12-10;9;1521
26;2025-12-10;10;1199
26;2025-12-10;11;1161
26;2025-12-10;12;1189
26;2025-12-10;13;1224
26;2025-12-10;14;1240
26;2025-12-10;15;1335
26;2025-12-10;16;1493
26;2025-12-10;17;1846
26;2025-12-10;18;1913
26;2025-12-10;19;1399
26;2025-12-10;20;836
26;2025-12-10;21;482
26;2025-12-10;22;220
26;2025-12-10;23;114
26;2025-12-11;0;33
26;2025-12-11;1;1
26;2025-12-11;2;0
26;2025-12-11;3;0
26;2025-12-11;4;5
26;2025-12-11;5;77
26;2025-12-11;6;566
26;2025-12-11;7;1329
26;2025-12-11;8;2047
26;2025-12-11;9;1529
26;2025-12-11;10;1206
26;2025-12-11;11;1168
26;2025-12-11;12;1197
26;2025-12-11;13;1232
26;2025-12-11;14;1248
26;2025-12-11;15;1346
26;2025-12-11;16;1506
26;2025-12-11;17;1843
26;2025-12-11;18;1922
26;2025-12-11;19;1409
26;2025-12-11;20;844
26;2025-12-11;21;492
26;2025-12-11;22;227
26;2025-12-11;23;122
26;2025-12-12;0;34
26;2025-12-12;1;1
26;2025-12-12;2;0
26;2025-12-12;3;0
26;2025-12-12;4;4
26;2025-12-12;5;73
26;2025-12-12;6;547
26;2025-12-12;7;1306
26;2025-12-12;8;2018
26;2025-12-12;9;1506
26;2025-12-12;10;1191
26;2025-12-12;11;1159
26;2025-12-12;12;1192
26;2025-12-12;13;1285
26;2025-12-12;14;1319
26;2025-12-12;15;1415
26;2025-12-12;16;1577
26;2025-12-12;17;1811
26;2025-12-12;18;1703
26;2025-12-12;19;1243
26;2025-12-12;20;778
26;2025-12-12;21;482
26;2025-12-12;22;226
26;2025-12-12;23;144
26;2025-12-13;0;49
26;2025-12-13;1;3
26;2025-12-13;2;0
26;2025-12-13;3;0
26;2025-12-13;4;6
26;2025-12-13;5;47
26;2025-12-13;6;261
26;2025-12-13;7;376
26;2025-12-13;8;532
26;2025-12-13;9;647
26;2025-12-13;10;785
26;2025-12-13;11;866
26;2025-12-13;12;937
26;2025-12-13;13;1005
26;2025-12-13;14;1002
26;2025-12-13;15;1005
26;2025-12-13;16;979
26;2025-12-13;17;915
26;2025-12-13;18;870
26;2025-12-13;19;746
26;2025-12-13;20;540
26;2025-12-13;21;391
26;2025-12-13;22;238
26;2025-12-13;23;144
26;2025-12-14;0;51
26;2025-12-14;1;3
26;2025-12-14;2;0
26;2025-12-14;3;0
26;2025-12-14;4;2
26;2025-12-14;5;25
26;2025-12-14;6;167
26;2025-12-14;7;231
26;2025-12-14;8;368
26;2025-12-14;9;492
26;2025-12-14;10;648
26;2025-12-14;11;737
26;2025-12-14;12;824
26;2025-12-14;13;887
26;2025-12-14;14;885
26;2025-12-14;15;885
26;2025-12-14;16;878
26;2025-12-14;17;791
26;2025-12-14;18;730
26;2025-12-14;19;604
26;2025-12-14;20;418
26;2025-12-14;21;315
26;2025-12-14;22;186
26;2025-12-14;23;100
26;2025-12-15;0;33
26;2025-12-15;1;1
26;2025-12-15;2;0
26;2025-12-15;3;0
26;2025-12-15;4;2
26;2025-12-15;5;67
26;2025-12-15;6;548
26;2025-12-15;7;1309
26;2025-12-15;8;2025
26;2025-12-15;9;1502
26;2025-12-15;10;1174
26;2025-12-15;11;1135
26;2025-12-15;12;1164
26;2025-12-15;13;1200
26;2025-12-15;14;1216
26;2025-12-15;15;1314
26;2025-12-15;16;1476
26;2025-12-15;17;1832
26;2025-12-15;18;1898
26;2025-12-15;19;1403
26;2025-12-15;20;816
26;2025-12-15;21;464
26;2025-12-15;22;202
26;2025-12-15;23;98
26;2025-12-16;0;33
26;2025-12-16;1;1
26;2025-12-16;2;0
26;2025-12-16;3;0
26;2025-12-16;4;4
26;2025-12-16;5;74
26;2025-12-16;6;562
26;2025-12-16;7;1323
26;2025-12-16;8;2052
26;2025-12-16;9;1533
26;2025-12-16;10;1198
26;2025-12-16;11;1160
26;2025-12-16;12;1190
26;2025-12-16;13;1224
26;2025-12-16;14;1241
26;2025-12-16;15;1337
26;2025-12-16;16;1494
26;2025-12-16;17;1856
26;2025-12-16;18;1940
26;2025-12-16;19;1408
26;2025-12-16;20;834
26;2025-12-16;21;481
26;2025-12-16;22;218
26;2025-12-16;23;112
26;2025-12-17;0;33
26;2025-12-17;1;1
26;2025-12-17;2;0
26;2025-12-17;3;0
26;2025-12-17;4;5
26;2025-12-17;5;75
26;2025-12-17;6;559
26;2025-12-17;7;1323
26;2025-12-17;8;2041
26;2025-12-17;9;1521
26;2025-12-17;10;1199
26;2025-12-17;11;1161
26;2025-12-17;12;1189
26;2025-12-17;13;1224
26;2025-12-17;14;1240
26;2025-12-17;15;1335
26;2025-12-17;16;1493
26;2025-12-17;17;1846
26;2025-12-17;18;1913
26;2025-12-17;19;1399
26;2025-12-17;20;836
26;2025-12-17;21;482
26;2025-12-17;22;220
26;2025-12-17;23;114
26;2025-12-18;0;33
26;2025-12-18;1;1
26;2025-12-18;2;0
26;2025-12-18;3;0
26;2025-12-18;4;5
26;2025-12-18;5;77
26;2025-12-18;6;566
26;2025-12-18;7;1329
26;2025-12-18;8;2047
26;2025-12-18;9;1529
26;2025-12-18;10;1206
26;2025-12-18;11;1168
26;2025-12-18;12;1197
26;2025-12-18;13;1232
26;2025-12-18;14;1248
26;2025-12-18;15;1346
26;2025-12-18;16;1506
26;2025-12-18;17;1843
26;2025-12-18;18;1922
26;2025-12-18;19;1409
26;2025-12-18;20;844
26;2025-12-18;21;492
26;2025-12-18;22;227
26;2025-12-18;23;122
26;2025-12-19;0;34
26;2025-12-19;1;1
26;2025-12-19;2;0
26;2025-12-19;3;0
26;2025-12-19;4;4
26;2025-12-19;5;73
26;2025-12-19;6;547
26;2025-12-19;7;1306
26;2025-12-19;8;2018
26;2025-12-19;9;1506
26;2025-12-19;10;1191
26;2025-12-19;11;1159
26;2025-12-19;12;1192
26;2025-12-19;13;1285
26;2025-12-19;14;1319
26;2025-12-19;15;1415
26;2025-12-19;16;1577
26;2025-12-19;17;1811
26;2025-12-19;18;1703
26;2025-12-19;19;1243
26;2025-12-19;20;778
26;2025-12-19;21;482
26;2025-12-19;22;226
26;2025-12-19;23;144
26;2025-12-20;0;49
26;2025-12-20;1;3
26;2025-12-20;2;0
26;2025-12-20;3;0
26;2025-12-20;4;6
26;2025-12-20;5;47
26;2025-12-20;6;261
26;2025-12-20;7;376
26;2025-12-20;8;532
26;2025-12-20;9;647
26;2025-12-20;10;785
26;2025-12-20;11;866
26;2025-12-20;12;937
26;2025-12-20;13;1005
26;2025-12-20;14;1002
26;2025-12-20;15;1005
26;2025-12-20;16;979
26;2025-12-20;17;915
26;2025-12-20;18;870
26;2025-12-20;19;746
26;2025-12-20;20;540
26;2025-12-20;21;391
26;2025-12-20;22;238
26;2025-12-20;23;144
26;2025-12-21;0;51
26;2025-12-21;1;3
26;2025-12-21;2;0
26;2025-12-21;3;0
26;2025-12-21;4;2
26;2025-12-21;5;25
26;2025-12-21;6;167
26;2025-12-21;7;231
26;2025-12-21;8;368
26;2025-12-21;9;492
26;2025-12-21;10;648
26;2025-12-21;11;737
26;2025-12-21;12;824
26;2025-12-21;13;887
26;2025-12-21;14;885
26;2025-12-21;15;885
26;2025-12-21;16;878
26;2025-12-21;17;791
26;2025-12-21;18;730
26;2025-12-21;19;604
26;2025-12-21;20;418
26;2025-12-21;21;315
26;2025-12-21;22;186
26;2025-12-21;23;100
26;2025-12-22;0;33
26;2025-12-22;1;1
26;2025-12-22;2;0
26;2025-12-22;3;0
26;2025-12-22;4;2
26;2025-12-22;5;67
26;2025-12-22;6;548
26;2025-12-22;7;1309
26;2025-12-22;8;2025
26;2025-12-22;9;1502
26;2025-12-22;10;1174
26;2025-12-22;11;1135
26;2025-12-22;12;1164
26;2025-12-22;13;1200
26;2025-12-22;14;1216
26;2025-12-22;15;1314
26;2025-12-22;16;1476
26;2025-12-22;17;1832
26;2025-12-22;18;1898
26;2025-12-22;19;1403
26;2025-12-22;20;816
26;2025-12-22;21;464
26;2025-12-22;22;202
26;2025-12-22;23;98
26;2025-12-23;0;33
26;2025-12-23;1;1
26;2025-12-23;2;0
26;2025-12-23;3;0
26;2025-12-23;4;4
26;2025-12-23;5;74
26;2025-12-23;6;562
26;2025-12-23;7;1323
26;2025-12-23;8;2052
26;2025-12-23;9;1533
26;2025-12-23;10;1198
26;2025-12-23;11;1160
26;2025-12-23;12;1190
26;2025-12-23;13;1224
26;2025-12-23;14;1241
26;2025-12-23;15;1337
26;2025-12-23;16;1494
26;2025-12-23;17;1856
26;2025-12-23;18;1940
26;2025-12-23;19;1408
26;2025-12-23;20;834
26;2025-12-23;21;481
26;2025-12-23;22;218
26;2025-12-23;23;112
26;2025-12-24;0;33
26;2025-12-24;1;1
26;2025-12-24;2;0
26;2025-12-24;3;0
26;2025-12-24;4;5
26;2025-12-24;5;75
26;2025-12-24;6;559
26;2025-12-24;7;1323
26;2025-12-24;8;2041
26;2025-12-24;9;1521
26;2025-12-24;10;1199
26;2025-12-24;11;1161
26;2025-12-24;12;1189
26;2025-12-24;13;1224
26;2025-12-24;14;1240
26;2025-12-24;15;1335
26;2025-12-24;16;1493
26;2025-12-24;17;1846
26;2025-12-24;18;1913
26;2025-12-24;19;1399
26;2025-12-24;20;836
26;2025-12-24;21;482
26;2025-12-24;22;220
26;2025-12-24;23;114
26;2025-12-25;0;33
26;2025-12-25;1;1
26;2025-12-25;2;0
26;2025-12-25;3;0
26;2025-12-25;4;5
26;2025-12-25;5;77
26;2025-12-25;6;566
26;2025-12-25;7;1329
26;2025-12-25;8;2047
26;2025-12-25;9;1529
26;2025-12-25;10;1206
26;2025-12-25;11;1168
26;2025-12-25;12;1197
26;2025-12-25;13;1232
26;2025-12-25;14;1248
26;2025-12-25;15;1346
26;2025-12-25;16;1506
26;2025-12-25;17;1843
26;2025-12-25;18;1922
26;2025-12-25;19;1409
26;2025-12-25;20;844
26;2025-12-25;21;492
26;2025-12-25;22;227
26;2025-12-25;23;122
26;2025-12-26;0;34
26;2025-12-26;1;1
26;2025-12-26;2;0
26;2025-12-26;3;0
26;2025-12-26;4;4
26;2025-12-26;5;73
26;2025-12-26;6;547
26;2025-12-26;7;1306
26;2025-12-26;8;2018
26;2025-12-26;9;1506
26;2025-12-26;10;1191
26;2025-12-26;11;1159
26;2025-12-26;12;1192
26;2025-12-26;13;1285
26;2025-12-26;14;1319
26;2025-12-26;15;1415
26;2025-12-26;16;1577
26;2025-12-26;17;1811
26;2025-12-26;18;1703
26;2025-12-26;19;1243
26;2025-12-26;20;778
26;2025-12-26;21;482
26;2025-12-26;22;226
26;2025-12-26;23;144
26;2025-12-27;0;49
26;2025-12-27;1;3
26;2025-12-27;2;0
26;2025-12-27;3;0
26;2025-12-27;4;6
26;2025-12-27;5;47
26;2025-12-27;6;261
26;2025-12-27;7;376
26;2025-12-27;8;532
26;2025-12-27;9;647
26;2025-12-27;10;785
26;2025-12-27;11;866
26;2025-12-27;12;937
26;2025-12-27;13;1005
26;2025-12-27;14;1002
26;2025-12-27;15;1005
26;2025-12-27;16;979
26;2025-12-27;17;915
26;2025-12-27;18;870
26;2025-12-27;19;746
26;2025-12-27;20;540
26;2025-12-27;21;391
26;2025-12-27;22;238
26;2025-12-27;23;144
26;2025-12-28;0;51
26;2025-12-28;1;3
26;2025-12-28;2;0
26;2025-12-28;3;0
26;2025-12-28;4;2
26;2025-12-28;5;25
26;2025-12-28;6;167
26;2025-12-28;7;231
26;2025-12-28;8;368
26;2025-12-28;9;492
26;2025-12-28;10;648
26;2025-12-28;11;737
26;2025-12-28;12;824
26;2025-12-28;13;887
26;2025-12-28;14;885
26;2025-12-28;15;885
26;2025-12-28;16;878
26;2025-12-28;17;791
26;2025-12-28;18;730
26;2025-12-28;19;604
26;2025-12-28;20;418
26;2025-12-28;21;315
26;2025-12-28;22;186
26;2025-12-28;23;100
26;2025-12-29;0;33
26;2025-12-29;1;1
26;2025-12-29;2;0
26;2025-12-29;3;0
26;2025-12-29;4;2
26;2025-12-29;5;67
26;2025-12-29;6;548
26;2025-12-29;7;1309
26;2025-12-29;8;2025
26;2025-12-29;9;1502
26;2025-12-29;10;1174
26;2025-12-29;11;1135
26;2025-12-29;12;1164
26;2025-12-29;13;1200
26;2025-12-29;14;1216
26;2025-12-29;15;1314
26;2025-12-29;16;1476
26;2025-12-29;17;1832
26;2025-12-29;18;1898
26;2025-12-29;19;1403
26;2025-12-29;20;816
26;2025-12-29;21;464
26;2025-12-29;22;202
26;2025-12-29;23;98
26;2025-12-30;0;33
26;2025-12-30;1;1
26;2025-12-30;2;0
26;2025-12-30;3;0
26;2025-12-30;4;4
26;2025-12-30;5;74
26;2025-12-30;6;562
26;2025-12-30;7;1323
26;2025-12-30;8;2052
26;2025-12-30;9;1533
26;2025-12-30;10;1198
26;2025-12-30;11;1160
26;2025-12-30;12;1190
26;2025-12-30;13;1224
26;2025-12-30;14;1241
26;2025-12-30;15;1337
26;2025-12-30;16;1494
26;2025-12-30;17;1856
26;2025-12-30;18;1940
26;2025-12-30;19;1408
26;2025-12-30;20;834
26;2025-12-30;21;481
26;2025-12-30;22;218
26;2025-12-30;23;112
26;2025-12-31;0;42
26;2025-12-31;1;1
26;2025-12-31;2;0
26;2025-12-31;3;0
26;2025-12-31;4;0
26;2025-12-31;5;29
26;2025-12-31;6;177
26;2025-12-31;7;240
26;2025-12-31;8;500
26;2025-12-31;9;509
26;2025-12-31;10;641
26;2025-12-31;11;717
26;2025-12-31;12;787
26;2025-12-31;13;854
26;2025-12-31;14;851
26;2025-12-31;15;860
26;2025-12-31;16;853
26;2025-12-31;17;815
26;2025-12-31;18;774
26;2025-12-31;19;636
26;2025-12-31;20;413
26;2025-12-31;21;316
26;2025-12-31;22;166
26;2025-12-31;23;73
28;2025-11-01;0;2
28;2025-11-01;1;0
28;2025-11-01;2;0
28;2025-11-01;3;0
28;2025-11-01;4;1
28;2025-11-01;5;83
28;2025-11-01;6;292
28;2025-11-01;7;852
28;2025-11-01;8;1314
28;2025-11-01;9;929
28;2025-11-01;10;667
28;2025-11-01;11;640
28;2025-11-01;12;680
28;2025-11-01;13;713
28;2025-11-01;14;726
28;2025-11-01;15;797
28;2025-11-01;16;924
28;2025-11-01;17;1085
28;2025-11-01;18;1151
28;2025-11-01;19;817
28;2025-11-01;20;505
28;2025-11-01;21;340
28;2025-11-01;22;145
28;2025-11-01;23;43
28;2025-11-02;0;7
28;2025-11-02;1;0
28;2025-11-02;2;0
28;2025-11-02;3;0
28;2025-11-02;4;10
28;2025-11-02;5;25
28;2025-11-02;6;59
28;2025-11-02;7;132
28;2025-11-02;8;205
28;2025-11-02;9;297
28;2025-11-02;10;371
28;2025-11-02;11;435
28;2025-11-02;12;490
28;2025-11-02;13;530
28;2025-11-02;14;528
28;2025-11-02;15;531
28;2025-11-02;16;528
28;2025-11-02;17;443
28;2025-11-02;18;383
28;2025-11-02;19;306
28;2025-11-02;20;237
28;2025-11-02;21;208
28;2025-11-02;22;106
28;2025-11-02;23;26
28;2025-11-03;0;4
28;2025-11-03;1;0
28;2025-11-03;2;0
28;2025-11-03;3;0
28;2025-11-03;4;7
28;2025-11-03;5;29
28;2025-11-03;6;64
28;2025-11-03;7;161
28;2025-11-03;8;349
28;2025-11-03;9;337
28;2025-11-03;10;391
28;2025-11-03;11;446
28;2025-11-03;12;494
28;2025-11-03;13;539
28;2025-11-03;14;537
28;2025-11-03;15;544
28;2025-11-03;16;545
28;2025-11-03;17;505
28;2025-11-03;18;459
28;2025-11-03;19;356
28;2025-11-03;20;259
28;2025-11-03;21;214
28;2025-11-03;22;103
28;2025-11-03;23;23
28;2025-11-04;0;9
28;2025-11-04;1;7
28;2025-11-04;2;4
28;2025-11-04;3;3
28;2025-11-04;4;0
28;2025-11-04;5;0
28;2025-11-04;6;13
28;2025-11-04;7;108
28;2025-11-04;8;304
28;2025-11-04;9;288
28;2025-11-04;10;336
28;2025-11-04;11;392
28;2025-11-04;12;437
28;2025-11-04;13;478
28;2025-11-04;14;475
28;2025-11-04;15;476
28;2025-11-04;16;471
28;2025-11-04;17;426
28;2025-11-04;18;384
28;2025-11-04;19;279
28;2025-11-04;20;215
28;2025-11-04;21;185
28;2025-11-04;22;77
28;2025-11-04;23;1
28;2025-11-05;0;0
28;2025-11-05;1;0
28;2025-11-05;2;0
28;2025-11-05;3;0
28;2025-11-05;4;1
28;2025-11-05;5;61
28;2025-11-05;6;243
28;2025-11-05;7;833
28;2025-11-05;8;1368
28;2025-11-05;9;869
28;2025-11-05;10;598
28;2025-11-05;11;564
28;2025-11-05;12;603
28;2025-11-05;13;637
28;2025-11-05;14;651
28;2025-11-05;15;728
28;2025-11-05;16;872
28;2025-11-05;17;1075
28;2025-11-05;18;1144
28;2025-11-05;19;771
28;2025-11-05;20;458
28;2025-11-05;21;298
28;2025-11-05;22;107
28;2025-11-05;23;8
28;2025-11-06;0;1
28;2025-11-06;1;0
28;2025-11-06;2;0
28;2025-11-06;3;0
28;2025-11-06;4;2
28;2025-11-06;5;64
28;2025-11-06;6;250
28;2025-11-06;7;840
28;2025-11-06;8;1374
28;2025-11-06;9;876
28;2025-11-06;10;606
28;2025-11-06;11;570
28;2025-11-06;12;610
28;2025-11-06;13;644
28;2025-11-06;14;658
28;2025-11-06;15;737
28;2025-11-06;16;884
28;2025-11-06;17;1066
28;2025-11-06;18;1147
28;2025-11-06;19;775
28;2025-11-06;20;461
28;2025-11-06;21;305
28;2025-11-06;22;111
28;2025-11-06;23;12
28;2025-11-07;0;0
28;2025-11-07;1;0
28;2025-11-07;2;0
28;2025-11-07;3;0
28;2025-11-07;4;0
28;2025-11-07;5;61
28;2025-11-07;6;235
28;2025-11-07;7;828
28;2025-11-07;8;1356
28;2025-11-07;9;853
28;2025-11-07;10;591
28;2025-11-07;11;560
28;2025-11-07;12;605
28;2025-11-07;13;691
28;2025-11-07;14;722
28;2025-11-07;15;800
28;2025-11-07;16;951
28;2025-11-07;17;1033
28;2025-11-07;18;931
28;2025-11-07;19;606
28;2025-11-07;20;392
28;2025-11-07;21;298
28;2025-11-07;22;113
28;2025-11-07;23;26
28;2025-11-08;0;5
28;2025-11-08;1;0
28;2025-11-08;2;0
28;2025-11-08;3;0
28;2025-11-08;4;6
28;2025-11-08;5;42
28;2025-11-08;6;95
28;2025-11-08;7;215
28;2025-11-08;8;339
28;2025-11-08;9;401
28;2025-11-08;10;466
28;2025-11-08;11;523
28;2025-11-08;12;570
28;2025-11-08;13;610
28;2025-11-08;14;607
28;2025-11-08;15;611
28;2025-11-08;16;589
28;2025-11-08;17;519
28;2025-11-08;18;468
28;2025-11-08;19;380
28;2025-11-08;20;304
28;2025-11-08;21;246
28;2025-11-08;22;133
28;2025-11-08;23;45
28;2025-11-09;0;7
28;2025-11-09;1;0
28;2025-11-09;2;0
28;2025-11-09;3;0
28;2025-11-09;4;10
28;2025-11-09;5;25
28;2025-11-09;6;59
28;2025-11-09;7;132
28;2025-11-09;8;205
28;2025-11-09;9;297
28;2025-11-09;10;371
28;2025-11-09;11;435
28;2025-11-09;12;490
28;2025-11-09;13;530
28;2025-11-09;14;528
28;2025-11-09;15;531
28;2025-11-09;16;528
28;2025-11-09;17;443
28;2025-11-09;18;383
28;2025-11-09;19;306
28;2025-11-09;20;237
28;2025-11-09;21;208
28;2025-11-09;22;106
28;2025-11-09;23;26
28;2025-11-10;0;0
28;2025-11-10;1;0
28;2025-11-10;2;0
28;2025-11-10;3;0
28;2025-11-10;4;0
28;2025-11-10;5;52
28;2025-11-10;6;230
28;2025-11-10;7;818
28;2025-11-10;8;1351
28;2025-11-10;9;849
28;2025-11-10;10;573
28;2025-11-10;11;536
28;2025-11-10;12;577
28;2025-11-10;13;611
28;2025-11-10;14;625
28;2025-11-10;15;704
28;2025-11-10;16;853
28;2025-11-10;17;1055
28;2025-11-10;18;1124
28;2025-11-10;19;768
28;2025-11-10;20;437
28;2025-11-10;21;281
28;2025-11-10;22;90
28;2025-11-10;23;0
28;2025-11-11;0;0
28;2025-11-11;1;0
28;2025-11-11;2;0
28;2025-11-11;3;0
28;2025-11-11;4;1
28;2025-11-11;5;61
28;2025-11-11;6;245
28;2025-11-11;7;835
28;2025-11-11;8;1378
28;2025-11-11;9;880
28;2025-11-11;10;597
28;2025-11-11;11;561
28;2025-11-11;12;601
28;2025-11-11;13;634
28;2025-11-11;14;648
28;2025-11-11;15;727
28;2025-11-11;16;872
28;2025-11-11;17;1081
28;2025-11-11;18;1172
28;2025-11-11;19;776
28;2025-11-11;20;452
28;2025-11-11;21;295
28;2025-11-11;22;104
28;2025-11-11;23;4
28;2025-11-12;0;0
28;2025-11-12;1;0
28;2025-11-12;2;0
28;2025-11-12;3;0
28;2025-11-12;4;1
28;2025-11-12;5;61
28;2025-11-12;6;243
28;2025-11-12;7;833
28;2025-11-12;8;1368
28;2025-11-12;9;869
28;2025-11-12;10;598
28;2025-11-12;11;564
28;2025-11-12;12;603
28;2025-11-12;13;637
28;2025-11-12;14;651
28;2025-11-12;15;728
28;2025-11-12;16;872
28;2025-11-12;17;1075
28;2025-11-12;18;1144
28;2025-11-12;19;771
28;2025-11-12;20;458
28;2025-11-12;21;298
28;2025-11-12;22;107
28;2025-11-12;23;8
28;2025-11-13;0;1
28;2025-11-13;1;0
28;2025-11-13;2;0
28;2025-11-13;3;0
28;2025-11-13;4;2
28;2025-11-13;5;64
28;2025-11-13;6;250
28;2025-11-13;7;840
28;2025-11-13;8;1374
28;2025-11-13;9;876
28;2025-11-13;10;606
28;2025-11-13;11;570
28;2025-11-13;12;610
28;2025-11-13;13;644
28;2025-11-13;14;658
28;2025-11-13;15;737
28;2025-11-13;16;884
28;2025-11-13;17;1066
28;2025-11-13;18;1147
28;2025-11-13;19;775
28;2025-11-13;20;461
28;2025-11-13;21;305
28;2025-11-13;22;111
28;2025-11-13;23;12
28;2025-11-14;0;0
28;2025-11-14;1;0
28;2025-11-14;2;0
28;2025-11-14;3;0
28;2025-11-14;4;0
28;2025-11-14;5;61
28;2025-11-14;6;235
28;2025-11-14;7;828
28;2025-11-14;8;1356
28;2025-11-14;9;853
28;2025-11-14;10;591
28;2025-11-14;11;560
28;2025-11-14;12;605
28;2025-11-14;13;691
28;2025-11-14;14;722
28;2025-11-14;15;800
28;2025-11-14;16;951
28;2025-11-14;17;1033
28;2025-11-14;18;931
28;2025-11-14;19;606
28;2025-11-14;20;392
28;2025-11-14;21;298
28;2025-11-14;22;113
28;2025-11-14;23;26
28;2025-11-15;0;5
28;2025-11-15;1;0
28;2025-11-15;2;0
28;2025-11-15;3;0
28;2025-11-15;4;6
28;2025-11-15;5;42
28;2025-11-15;6;95
28;2025-11-15;7;215
28;2025-11-15;8;339
28;2025-11-15;9;401
28;2025-11-15;10;466
28;2025-11-15;11;523
28;2025-11-15;12;570
28;2025-11-15;13;610
28;2025-11-15;14;607
28;2025-11-15;15;611
28;2025-11-15;16;589
28;2025-11-15;17;519
28;2025-11-15;18;468
28;2025-11-15;19;380
28;2025-11-15;20;304
28;2025-11-15;21;246
28;2025-11-15;22;133
28;2025-11-15;23;45
28;2025-11-16;0;7
28;2025-11-16;1;0
28;2025-11-16;2;0
28;2025-11-16;3;0
28;2025-11-16;4;10
28;2025-11-16;5;25
28;2025-11-16;6;59
28;2025-11-16;7;132
28;2025-11-16;8;205
28;2025-11-16;9;297
28;2025-11-16;10;371
28;2025-11-16;11;435
28;2025-11-16;12;490
28;2025-11-16;13;530
28;2025-11-16;14;528
28;2025-11-16;15;531
28;2025-11-16;16;528
28;2025-11-16;17;443
28;2025-11-16;18;383
28;2025-11-16;19;306
28;2025-11-16;20;237
28;2025-11-16;21;208
28;2025-11-16;22;106
28;2025-11-16;23;26
28;2025-11-17;0;0
28;2025-11-17;1;0
28;2025-11-17;2;0
28;2025-11-17;3;0
28;2025-11-17;4;0
28;2025-11-17;5;52
28;2025-11-17;6;230
28;2025-11-17;7;818
28;2025-11-17;8;1351
28;2025-11-17;9;849
28;2025-11-17;10;573
28;2025-11-17;11;536
28;2025-11-17;12;577
28;2025-11-17;13;611
28;2025-11-17;14;625
28;2025-11-17;15;704
28;2025-11-17;16;853
28;2025-11-17;17;1055
28;2025-11-17;18;1124
28;2025-11-17;19;768
28;2025-11-17;20;437
28;2025-11-17;21;281
28;2025-11-17;22;90
28;2025-11-17;23;0
28;2025-11-18;0;0
28;2025-11-18;1;0
28;2025-11-18;2;0
28;2025-11-18;3;0
28;2025-11-18;4;1
28;2025-11-18;5;61
28;2025-11-18;6;245
28;2025-11-18;7;835
28;2025-11-18;8;1378
28;2025-11-18;9;880
28;2025-11-18;10;597
28;2025-11-18;11;561
28;2025-11-18;12;601
28;2025-11-18;13;634
28;2025-11-18;14;648
28;2025-11-18;15;727
28;2025-11-18;16;872
28;2025-11-18;17;1081
28;2025-11-18;18;1172
28;2025-11-18;19;776
28;2025-11-18;20;452
28;2025-11-18;21;295
28;2025-11-18;22;104
28;2025-11-18;23;4
28;2025-11-19;0;0
28;2025-11-19;1;0
28;2025-11-19;2;0
28;2025-11-19;3;0
28;2025-11-19;4;1
28;2025-11-19;5;61
28;2025-11-19;6;243
28;2025-11-19;7;833
28;2025-11-19;8;1368
28;2025-11-19;9;869
28;2025-11-19;10;598
28;2025-11-19;11;564
28;2025-11-19;12;603
28;2025-11-19;13;637
28;2025-11-19;14;651
28;2025-11-19;15;728
28;2025-11-19;16;872
28;2025-11-19;17;1075
28;2025-11-19;18;1144
28;2025-11-19;19;771
28;2025-11-19;20;458
28;2025-11-19;21;298
28;2025-11-19;22;107
28;2025-11-19;23;8
28;2025-11-20;0;1
28;2025-11-20;1;0
28;2025-11-20;2;0
28;2025-11-20;3;0
28;2025-11-20;4;2
28;2025-11-20;5;64
28;2025-11-20;6;250
28;2025-11-20;7;840
28;2025-11-20;8;1374
28;2025-11-20;9;876
28;2025-11-20;10;606
28;2025-11-20;11;570
28;2025-11-20;12;610
28;2025-11-20;13;644
28;2025-11-20;14;658
28;2025-11-20;15;737
28;2025-11-20;16;884
28;2025-11-20;17;1066
28;2025-11-20;18;1147
28;2025-11-20;19;775
28;2025-11-20;20;461
28;2025-11-20;21;305
28;2025-11-20;22;111
28;2025-11-20;23;12
28;2025-11-21;0;0
28;2025-11-21;1;0
28;2025-11-21;2;0
28;2025-11-21;3;0
28;2025-11-21;4;0
28;2025-11-21;5;61
28;2025-11-21;6;235
28;2025-11-21;7;828
28;2025-11-21;8;1356
28;2025-11-21;9;853
28;2025-11-21;10;591
28;2025-11-21;11;560
28;2025-11-21;12;605
28;2025-11-21;13;691
28;2025-11-21;14;722
28;2025-11-21;15;800
28;2025-11-21;16;951
28;2025-11-21;17;1033
28;2025-11-21;18;931
28;2025-11-21;19;606
28;2025-11-21;20;392
28;2025-11-21;21;298
28;2025-11-21;22;113
28;2025-11-21;23;26
28;2025-11-22;0;5
28;2025-11-22;1;0
28;2025-11-22;2;0
28;2025-11-22;3;0
28;2025-11-22;4;6
28;2025-11-22;5;42
28;2025-11-22;6;95
28;2025-11-22;7;215
28;2025-11-22;8;339
28;2025-11-22;9;401
28;2025-11-22;10;466
28;2025-11-22;11;523
28;2025-11-22;12;570
28;2025-11-22;13;610
28;2025-11-22;14;607
28;2025-11-22;15;611
28;2025-11-22;16;589
28;2025-11-22;17;519
28;2025-11-22;18;468
28;2025-11-22;19;380
28;2025-11-22;20;304
28;2025-11-22;21;246
28;2025-11-22;22;133
28;2025-11-22;23;45
28;2025-11-23;0;7
28;2025-11-23;1;0
28;2025-11-23;2;0
28;2025-11-23;3;0
28;2025-11-23;4;10
28;2025-11-23;5;25
28;2025-11-23;6;59
28;2025-11-23;7;132
28;2025-11-23;8;205
28;2025-11-23;9;297
28;2025-11-23;10;371
28;2025-11-23;11;435
28;2025-11-23;12;490
28;2025-11-23;13;530
28;2025-11-23;14;528
28;2025-11-23;15;531
28;2025-11-23;16;528
28;2025-11-23;17;443
28;2025-11-23;18;383
28;2025-11-23;19;306
28;2025-11-23;20;237
28;2025-11-23;21;208
28;2025-11-23;22;106
28;2025-11-23;23;26
28;2025-11-24;0;0
28;2025-11-24;1;0
28;2025-11-24;2;0
28;2025-11-24;3;0
28;2025-11-24;4;0
28;2025-11-24;5;52
28;2025-11-24;6;230
28;2025-11-24;7;818
28;2025-11-24;8;1351
28;2025-11-24;9;849
28;2025-11-24;10;573
28;2025-11-24;11;536
28;2025-11-24;12;577
28;2025-11-24;13;611
28;2025-11-24;14;625
28;2025-11-24;15;704
28;2025-11-24;16;853
28;2025-11-24;17;1055
28;2025-11-24;18;1124
28;2025-11-24;19;768
28;2025-11-24;20;437
28;2025-11-24;21;281
28;2025-11-24;22;90
28;2025-11-24;23;0
28;2025-11-25;0;0
28;2025-11-25;1;0
28;2025-11-25;2;0
28;2025-11-25;3;0
28;2025-11-25;4;1
28;2025-11-25;5;61
28;2025-11-25;6;245
28;2025-11-25;7;835
28;2025-11-25;8;1378
28;2025-11-25;9;880
28;2025-11-25;10;597
28;2025-11-25;11;561
28;2025-11-25;12;601
28;2025-11-25;13;634
28;2025-11-25;14;648
28;2025-11-25;15;727
28;2025-11-25;16;872
28;2025-11-25;17;1081
28;2025-11-25;18;1172
28;2025-11-25;19;776
28;2025-11-25;20;452
28;2025-11-25;21;295
28;2025-11-25;22;104
28;2025-11-25;23;4
28;2025-11-26;0;0
28;2025-11-26;1;0
28;2025-11-26;2;0
28;2025-11-26;3;0
28;2025-11-26;4;1
28;2025-11-26;5;61
28;2025-11-26;6;243
28;2025-11-26;7;833
28;2025-11-26;8;1368
28;2025-11-26;9;869
28;2025-11-26;10;598
28;2025-11-26;11;564
28;2025-11-26;12;603
28;2025-11-26;13;637
28;2025-11-26;14;651
28;2025-11-26;15;728
28;2025-11-26;16;872
28;2025-11-26;17;1075
28;2025-11-26;18;1144
28;2025-11-26;19;771
28;2025-11-26;20;458
28;2025-11-26;21;298
28;2025-11-26;22;107
28;2025-11-26;23;8
28;2025-11-27;0;1
28;2025-11-27;1;0
28;2025-11-27;2;0
28;2025-11-27;3;0
28;2025-11-27;4;2
28;2025-11-27;5;64
28;2025-11-27;6;250
28;2025-11-27;7;840
28;2025-11-27;8;1374
28;2025-11-27;9;876
28;2025-11-27;10;606
28;2025-11-27;11;570
28;2025-11-27;12;610
28;2025-11-27;13;644
28;2025-11-27;14;658
28;2025-11-27;15;737
28;2025-11-27;16;884
28;2025-11-27;17;1066
28;2025-11-27;18;1147
28;2025-11-27;19;775
28;2025-11-27;20;461
28;2025-11-27;21;305
28;2025-11-27;22;111
28;2025-11-27;23;12
28;2025-11-28;0;0
28;2025-11-28;1;0
28;2025-11-28;2;0
28;2025-11-28;3;0
28;2025-11-28;4;0
28;2025-11-28;5;61
28;2025-11-28;6;235
28;2025-11-28;7;828
28;2025-11-28;8;1356
28;2025-11-28;9;853
28;2025-11-28;10;591
28;2025-11-28;11;560
28;2025-11-28;12;605
28;2025-11-28;13;691
28;2025-11-28;14;722
28;2025-11-28;15;800
28;2025-11-28;16;951
28;2025-11-28;17;1033
28;2025-11-28;18;931
28;2025-11-28;19;606
28;2025-11-28;20;392
28;2025-11-28;21;298
28;2025-11-28;22;113
28;2025-11-28;23;26
28;2025-11-29;0;5
28;2025-11-29;1;0
28;2025-11-29;2;0
28;2025-11-29;3;0
28;2025-11-29;4;6
28;2025-11-29;5;42
28;2025-11-29;6;95
28;2025-11-29;7;215
28;2025-11-29;8;339
28;2025-11-29;9;401
28;2025-11-29;10;466
28;2025-11-29;11;523
28;2025-11-29;12;570
28;2025-11-29;13;610
28;2025-11-29;14;607
28;2025-11-29;15;611
28;2025-11-29;16;589
28;2025-11-29;17;519
28;2025-11-29;18;468
28;2025-11-29;19;380
28;2025-11-29;20;304
28;2025-11-29;21;246
28;2025-11-29;22;133
28;2025-11-29;23;45
28;2025-11-30;0;7
28;2025-11-30;1;0
28;2025-11-30;2;0
28;2025-11-30;3;0
28;2025-11-30;4;10
28;2025-11-30;5;25
28;2025-11-30;6;59
28;2025-11-30;7;132
28;2025-11-30;8;205
28;2025-11-30;9;297
28;2025-11-30;10;371
28;2025-11-30;11;435
28;2025-11-30;12;490
28;2025-11-30;13;530
28;2025-11-30;14;528
28;2025-11-30;15;531
28;2025-11-30;16;528
28;2025-11-30;17;443
28;2025-11-30;18;383
28;2025-11-30;19;306
28;2025-11-30;20;237
28;2025-11-30;21;208
28;2025-11-30;22;106
28;2025-11-30;23;26
28;2025-12-01;0;1
28;2025-12-01;1;0
28;2025-12-01;2;0
28;2025-12-01;3;0
28;2025-12-01;4;0
28;2025-12-01;5;59
28;2025-12-01;6;256
28;2025-12-01;7;793
28;2025-12-01;8;1292
28;2025-12-01;9;859
28;2025-12-01;10;597
28;2025-12-01;11;560
28;2025-12-01;12;581
28;2025-12-01;13;608
28;2025-12-01;14;623
28;2025-12-01;15;695
28;2025-12-01;16;844
28;2025-12-01;17;1032
28;2025-12-01;18;1107
28;2025-12-01;19;782
28;2025-12-01;20;453
28;2025-12-01;21;286
28;2025-12-01;22;102
28;2025-12-01;23;0
28;2025-12-02;0;0
28;2025-12-02;1;0
28;2025-12-02;2;0
28;2025-12-02;3;0
28;2025-12-02;4;3
28;2025-12-02;5;64
28;2025-12-02;6;268
28;2025-12-02;7;806
28;2025-12-02;8;1317
28;2025-12-02;9;888
28;2025-12-02;10;619
28;2025-12-02;11;584
28;2025-12-02;12;605
28;2025-12-02;13;631
28;2025-12-02;14;646
28;2025-12-02;15;716
28;2025-12-02;16;861
28;2025-12-02;17;1055
28;2025-12-02;18;1147
28;2025-12-02;19;787
28;2025-12-02;20;467
28;2025-12-02;21;299
28;2025-12-02;22;115
28;2025-12-02;23;0
28;2025-12-03;0;1
28;2025-12-03;1;0
28;2025-12-03;2;0
28;2025-12-03;3;0
28;2025-12-03;4;1
28;2025-12-03;5;63
28;2025-12-03;6;264
28;2025-12-03;7;804
28;2025-12-03;8;1306
28;2025-12-03;9;876
28;2025-12-03;10;619
28;2025-12-03;11;584
28;2025-12-03;12;605
28;2025-12-03;13;631
28;2025-12-03;14;646
28;2025-12-03;15;715
28;2025-12-03;16;860
28;2025-12-03;17;1034
28;2025-12-03;18;1109
28;2025-12-03;19;776
28;2025-12-03;20;469
28;2025-12-03;21;303
28;2025-12-03;22;119
28;2025-12-03;23;3
28;2025-12-04;0;1
28;2025-12-04;1;0
28;2025-12-04;2;0
28;2025-12-04;3;0
28;2025-12-04;4;3
28;2025-12-04;5;67
28;2025-12-04;6;273
28;2025-12-04;7;812
28;2025-12-04;8;1313
28;2025-12-04;9;884
28;2025-12-04;10;628
28;2025-12-04;11;592
28;2025-12-04;12;613
28;2025-12-04;13;639
28;2025-12-04;14;654
28;2025-12-04;15;726
28;2025-12-04;16;873
28;2025-12-04;17;1043
28;2025-12-04;18;1130
28;2025-12-04;19;788
28;2025-12-04;20;478
28;2025-12-04;21;311
28;2025-12-04;22;124
28;2025-12-04;23;8
28;2025-12-05;0;1
28;2025-12-05;1;0
28;2025-12-05;2;0
28;2025-12-05;3;0
28;2025-12-05;4;2
28;2025-12-05;5;65
28;2025-12-05;6;257
28;2025-12-05;7;793
28;2025-12-05;8;1287
28;2025-12-05;9;865
28;2025-12-05;10;616
28;2025-12-05;11;585
28;2025-12-05;12;611
28;2025-12-05;13;692
28;2025-12-05;14;725
28;2025-12-05;15;795
28;2025-12-05;16;945
28;2025-12-05;17;1016
28;2025-12-05;18;926
28;2025-12-05;19;635
28;2025-12-05;20;420
28;2025-12-05;21;307
28;2025-12-05;22;129
28;2025-12-05;23;24
28;2025-12-06;0;5
28;2025-12-06;1;0
28;2025-12-06;2;0
28;2025-12-06;3;0
28;2025-12-06;4;8
28;2025-12-06;5;39
28;2025-12-06;6;97
28;2025-12-06;7;181
28;2025-12-06;8;285
28;2025-12-06;9;359
28;2025-12-06;10;441
28;2025-12-06;11;501
28;2025-12-06;12;555
28;2025-12-06;13;601
28;2025-12-06;14;598
28;2025-12-06;15;595
28;2025-12-06;16;571
28;2025-12-06;17;496
28;2025-12-06;18;451
28;2025-12-06;19;382
28;2025-12-06;20;306
28;2025-12-06;21;243
28;2025-12-06;22;133
28;2025-12-06;23;34
28;2025-12-07;0;7
28;2025-12-07;1;0
28;2025-12-07;2;0
28;2025-12-07;3;0
28;2025-12-07;4;11
28;2025-12-07;5;23
28;2025-12-07;6;56
28;2025-12-07;7;98
28;2025-12-07;8;162
28;2025-12-07;9;268
28;2025-12-07;10;365
28;2025-12-07;11;431
28;2025-12-07;12;500
28;2025-12-07;13;546
28;2025-12-07;14;543
28;2025-12-07;15;538
28;2025-12-07;16;532
28;2025-12-07;17;448
28;2025-12-07;18;392
28;2025-12-07;19;301
28;2025-12-07;20;233
28;2025-12-07;21;199
28;2025-12-07;22;101
28;2025-12-07;23;10
28;2025-12-08;0;1
28;2025-12-08;1;0
28;2025-12-08;2;0
28;2025-12-08;3;0
28;2025-12-08;4;0
28;2025-12-08;5;59
28;2025-12-08;6;256
28;2025-12-08;7;793
28;2025-12-08;8;1292
28;2025-12-08;9;859
28;2025-12-08;10;597
28;2025-12-08;11;560
28;2025-12-08;12;581
28;2025-12-08;13;608
28;2025-12-08;14;623
28;2025-12-08;15;695
28;2025-12-08;16;844
28;2025-12-08;17;1032
28;2025-12-08;18;1107
28;2025-12-08;19;782
28;2025-12-08;20;453
28;2025-12-08;21;286
28;2025-12-08;22;102
28;2025-12-08;23;0
28;2025-12-09;0;0
28;2025-12-09;1;0
28;2025-12-09;2;0
28;2025-12-09;3;0
28;2025-12-09;4;3
28;2025-12-09;5;64
28;2025-12-09;6;268
28;2025-12-09;7;806
28;2025-12-09;8;1317
28;2025-12-09;9;888
28;2025-12-09;10;619
28;2025-12-09;11;584
28;2025-12-09;12;605
28;2025-12-09;13;631
28;2025-12-09;14;646
28;2025-12-09;15;716
28;2025-12-09;16;861
28;2025-12-09;17;1055
28;2025-12-09;18;1147
28;2025-12-09;19;787
28;2025-12-09;20;467
28;2025-12-09;21;299
28;2025-12-09;22;115
28;2025-12-09;23;0
28;2025-12-10;0;1
28;2025-12-10;1;0
28;2025-12-10;2;0
28;2025-12-10;3;0
28;2025-12-10;4;1
28;2025-12-10;5;63
28;2025-12-10;6;264
28;2025-12-10;7;804
28;2025-12-10;8;1306
28;2025-12-10;9;876
28;2025-12-10;10;619
28;2025-12-10;11;584
28;2025-12-10;12;605
28;2025-12-10;13;631
28;2025-12-10;14;646
28;2025-12-10;15;715
28;2025-12-10;16;860
28;2025-12-10;17;1034
28;2025-12-10;18;1109
28;2025-12-10;19;776
28;2025-12-10;20;469
28;2025-12-10;21;303
28;2025-12-10;22;119
28;2025-12-10;23;3
28;2025-12-11;0;1
28;2025-12-11;1;0
28;2025-12-11;2;0
28;2025-12-11;3;0
28;2025-12-11;4;3
28;2025-12-11;5;67
28;2025-12-11;6;273
28;2025-12-11;7;812
28;2025-12-11;8;1313
28;2025-12-11;9;884
28;2025-12-11;10;628
28;2025-12-11;11;592
28;2025-12-11;12;613
28;2025-12-11;13;639
28;2025-12-11;14;654
28;2025-12-11;15;726
28;2025-12-11;16;873
28;2025-12-11;17;1043
28;2025-12-11;18;1130
28;2025-12-11;19;788
28;2025-12-11;20;478
28;2025-12-11;21;311
28;2025-12-11;22;124
28;2025-12-11;23;8
28;2025-12-12;0;1
28;2025-12-12;1;0
28;2025-12-12;2;0
28;2025-12-12;3;0
28;2025-12-12;4;2
28;2025-12-12;5;65
28;2025-12-12;6;257
28;2025-12-12;7;793
28;2025-12-12;8;1287
28;2025-12-12;9;865
28;2025-12-12;10;616
28;2025-12-12;11;585
28;2025-12-12;12;611
28;2025-12-12;13;692
28;2025-12-12;14;725
28;2025-12-12;15;795
28;2025-12-12;16;945
28;2025-12-12;17;1016
28;2025-12-12;18;926
28;2025-12-12;19;635
28;2025-12-12;20;420
28;2025-12-12;21;307
28;2025-12-12;22;129
28;2025-12-12;23;24
28;2025-12-13;0;5
28;2025-12-13;1;0
28;2025-12-13;2;0
28;2025-12-13;3;0
28;2025-12-13;4;8
28;2025-12-13;5;39
28;2025-12-13;6;97
28;2025-12-13;7;181
28;2025-12-13;8;285
28;2025-12-13;9;359
28;2025-12-13;10;441
28;2025-12-13;11;501
28;2025-12-13;12;555
28;2025-12-13;13;601
28;2025-12-13;14;598
28;2025-12-13;15;595
28;2025-12-13;16;571
28;2025-12-13;17;496
28;2025-12-13;18;451
28;2025-12-13;19;382
28;2025-12-13;20;306
28;2025-12-13;21;243
28;2025-12-13;22;133
28;2025-12-13;23;34
28;2025-12-14;0;7
28;2025-12-14;1;0
28;2025-12-14;2;0
28;2025-12-14;3;0
28;2025-12-14;4;11
28;2025-12-14;5;23
28;2025-12-14;6;56
28;2025-12-14;7;98
28;2025-12-14;8;162
28;2025-12-14;9;268
28;2025-12-14;10;365
28;2025-12-14;11;431
28;2025-12-14;12;500
28;2025-12-14;13;546
28;2025-12-14;14;543
28;2025-12-14;15;538
28;2025-12-14;16;532
28;2025-12-14;17;448
28;2025-12-14;18;392
28;2025-12-14;19;301
28;2025-12-14;20;233
28;2025-12-14;21;199
28;2025-12-14;22;101
28;2025-12-14;23;10
28;2025-12-15;0;1
28;2025-12-15;1;0
28;2025-12-15;2;0
28;2025-12-15;3;0
28;2025-12-15;4;0
28;2025-12-15;5;59
28;2025-12-15;6;256
28;2025-12-15;7;793
28;2025-12-15;8;1292
28;2025-12-15;9;859
28;2025-12-15;10;597
28;2025-12-15;11;560
28;2025-12-15;12;581
28;2025-12-15;13;608
28;2025-12-15;14;623
28;2025-12-15;15;695
28;2025-12-15;16;844
28;2025-12-15;17;1032
28;2025-12-15;18;1107
28;2025-12-15;19;782
28;2025-12-15;20;453
28;2025-12-15;21;286
28;2025-12-15;22;102
28;2025-12-15;23;0
28;2025-12-16;0;0
28;2025-12-16;1;0
28;2025-12-16;2;0
28;2025-12-16;3;0
28;2025-12-16;4;3
28;2025-12-16;5;64
28;2025-12-16;6;268
28;2025-12-16;7;806
28;2025-12-16;8;1317
28;2025-12-16;9;888
28;2025-12-16;10;619
28;2025-12-16;11;584
28;2025-12-16;12;605
28;2025-12-16;13;631
28;2025-12-16;14;646
28;2025-12-16;15;716
28;2025-12-16;16;861
28;2025-12-16;17;1055
28;2025-12-16;18;1147
28;2025-12-16;19;787
28;2025-12-16;20;467
28;2025-12-16;21;299
28;2025-12-16;22;115
28;2025-12-16;23;0
28;2025-12-17;0;1
28;2025-12-17;1;0
28;2025-12-17;2;0
28;2025-12-17;3;0
28;2025-12-17;4;1
28;2025-12-17;5;63
28;2025-12-17;6;264
28;2025-12-17;7;804
28;2025-12-17;8;1306
28;2025-12-17;9;876
28;2025-12-17;10;619
28;2025-12-17;11;584
28;2025-12-17;12;605
28;2025-12-17;13;631
28;2025-12-17;14;646
28;2025-12-17;15;715
28;2025-12-17;16;860
28;2025-12-17;17;1034
28;2025-12-17;18;1109
28;2025-12-17;19;776
28;2025-12-17;20;469
28;2025-12-17;21;303
28;2025-12-17;22;119
28;2025-12-17;23;3
28;2025-12-18;0;1
28;2025-12-18;1;0
28;2025-12-18;2;0
28;2025-12-18;3;0
28;2025-12-18;4;3
28;2025-12-18;5;67
28;2025-12-18;6;273
28;2025-12-18;7;812
28;2025-12-18;8;1313
28;2025-12-18;9;884
28;2025-12-18;10;628
28;2025-12-18;11;592
28;2025-12-18;12;613
28;2025-12-18;13;639
28;2025-12-18;14;654
28;2025-12-18;15;726
28;2025-12-18;16;873
28;2025-12-18;17;1043
28;2025-12-18;18;1130
28;2025-12-18;19;788
28;2025-12-18;20;478
28;2025-12-18;21;311
28;2025-12-18;22;124
28;2025-12-18;23;8
28;2025-12-19;0;1
28;2025-12-19;1;0
28;2025-12-19;2;0
28;2025-12-19;3;0
28;2025-12-19;4;2
28;2025-12-19;5;65
28;2025-12-19;6;257
28;2025-12-19;7;793
28;2025-12-19;8;1287
28;2025-12-19;9;865
28;2025-12-19;10;616
28;2025-12-19;11;585
28;2025-12-19;12;611
28;2025-12-19;13;692
28;2025-12-19;14;725
28;2025-12-19;15;795
28;2025-12-19;16;945
28;2025-12-19;17;1016
28;2025-12-19;18;926
28;2025-12-19;19;635
28;2025-12-19;20;420
28;2025-12-19;21;307
28;2025-12-19;22;129
28;2025-12-19;23;24
28;2025-12-20;0;5
28;2025-12-20;1;0
28;2025-12-20;2;0
28;2025-12-20;3;0
28;2025-12-20;4;8
28;2025-12-20;5;39
28;2025-12-20;6;97
28;2025-12-20;7;181
28;2025-12-20;8;285
28;2025-12-20;9;359
28;2025-12-20;10;441
28;2025-12-20;11;501
28;2025-12-20;12;555
28;2025-12-20;13;601
28;2025-12-20;14;598
28;2025-12-20;15;595
28;2025-12-20;16;571
28;2025-12-20;17;496
28;2025-12-20;18;451
28;2025-12-20;19;382
28;2025-12-20;20;306
28;2025-12-20;21;243
28;2025-12-20;22;133
28;2025-12-20;23;34
28;2025-12-21;0;7
28;2025-12-21;1;0
28;2025-12-21;2;0
28;2025-12-21;3;0
28;2025-12-21;4;11
28;2025-12-21;5;23
28;2025-12-21;6;56
28;2025-12-21;7;98
28;2025-12-21;8;162
28;2025-12-21;9;268
28;2025-12-21;10;365
28;2025-12-21;11;431
28;2025-12-21;12;500
28;2025-12-21;13;546
28;2025-12-21;14;543
28;2025-12-21;15;538
28;2025-12-21;16;532
28;2025-12-21;17;448
28;2025-12-21;18;392
28;2025-12-21;19;301
28;2025-12-21;20;233
28;2025-12-21;21;199
28;2025-12-21;22;101
28;2025-12-21;23;10
28;2025-12-22;0;1
28;2025-12-22;1;0
28;2025-12-22;2;0
28;2025-12-22;3;0
28;2025-12-22;4;0
28;2025-12-22;5;59
28;2025-12-22;6;256
28;2025-12-22;7;793
28;2025-12-22;8;1292
28;2025-12-22;9;859
28;2025-12-22;10;597
28;2025-12-22;11;560
28;2025-12-22;12;581
28;2025-12-22;13;608
28;2025-12-22;14;623
28;2025-12-22;15;695
28;2025-12-22;16;844
28;2025-12-22;17;1032
28;2025-12-22;18;1107
28;2025-12-22;19;782
28;2025-12-22;20;453
28;2025-12-22;21;286
28;2025-12-22;22;102
28;2025-12-22;23;0
28;2025-12-23;0;0
28;2025-12-23;1;0
28;2025-12-23;2;0
28;2025-12-23;3;0
28;2025-12-23;4;3
28;2025-12-23;5;64
28;2025-12-23;6;268
28;2025-12-23;7;806
28;2025-12-23;8;1317
28;2025-12-23;9;888
28;2025-12-23;10;619
28;2025-12-23;11;584
28;2025-12-23;12;605
28;2025-12-23;13;631
28;2025-12-23;14;646
28;2025-12-23;15;716
28;2025-12-23;16;861
28;2025-12-23;17;1055
28;2025-12-23;18;1147
28;2025-12-23;19;787
28;2025-12-23;20;467
28;2025-12-23;21;299
28;2025-12-23;22;115
28;2025-12-23;23;0
28;2025-12-24;0;1
28;2025-12-24;1;0
28;2025-12-24;2;0
28;2025-12-24;3;0
28;2025-12-24;4;1
28;2025-12-24;5;63
28;2025-12-24;6;264
28;2025-12-24;7;804
28;2025-12-24;8;1306
28;2025-12-24;9;876
28;2025-12-24;10;619
28;2025-12-24;11;584
28;2025-12-24;12;605
28;2025-12-24;13;631
28;2025-12-24;14;646
28;2025-12-24;15;715
28;2025-12-24;16;860
28;2025-12-24;17;1034
28;2025-12-24;18;1109
28;2025-12-24;19;776
28;2025-12-24;20;469
28;2025-12-24;21;303
28;2025-12-24;22;119
28;2025-12-24;23;3
28;2025-12-25;0;1
28;2025-12-25;1;0
28;2025-12-25;2;0
28;2025-12-25;3;0
28;2025-12-25;4;3
28;2025-12-25;5;67
28;2025-12-25;6;273
28;2025-12-25;7;812
28;2025-12-25;8;1313
28;2025-12-25;9;884
28;2025-12-25;10;628
28;2025-12-25;11;592
28;2025-12-25;12;613
28;2025-12-25;13;639
28;2025-12-25;14;654
28;2025-12-25;15;726
28;2025-12-25;16;873
28;2025-12-25;17;1043
28;2025-12-25;18;1130
28;2025-12-25;19;788
28;2025-12-25;20;478
28;2025-12-25;21;311
28;2025-12-25;22;124
28;2025-12-25;23;8
28;2025-12-26;0;1
28;2025-12-26;1;0
28;2025-12-26;2;0
28;2025-12-26;3;0
28;2025-12-26;4;2
28;2025-12-26;5;65
28;2025-12-26;6;257
28;2025-12-26;7;793
28;2025-12-26;8;1287
28;2025-12-26;9;865
28;2025-12-26;10;616
28;2025-12-26;11;585
28;2025-12-26;12;611
28;2025-12-26;13;692
28;2025-12-26;14;725
28;2025-12-26;15;795
28;2025-12-26;16;945
28;2025-12-26;17;1016
28;2025-12-26;18;926
28;2025-12-26;19;635
28;2025-12-26;20;420
28;2025-12-26;21;307
28;2025-12-26;22;129
28;2025-12-26;23;24
28;2025-12-27;0;5
28;2025-12-27;1;0
28;2025-12-27;2;0
28;2025-12-27;3;0
28;2025-12-27;4;8
28;2025-12-27;5;39
28;2025-12-27;6;97
28;2025-12-27;7;181
28;2025-12-27;8;285
28;2025-12-27;9;359
28;2025-12-27;10;441
28;2025-12-27;11;501
28;2025-12-27;12;555
28;2025-12-27;13;601
28;2025-12-27;14;598
28;2025-12-27;15;595
28;2025-12-27;16;571
28;2025-12-27;17;496
28;2025-12-27;18;451
28;2025-12-27;19;382
28;2025-12-27;20;306
28;2025-12-27;21;243
28;2025-12-27;22;133
28;2025-12-27;23;34
28;2025-12-28;0;7
28;2025-12-28;1;0
28;2025-12-28;2;0
28;2025-12-28;3;0
28;2025-12-28;4;11
28;2025-12-28;5;23
28;2025-12-28;6;56
28;2025-12-28;7;98
28;2025-12-28;8;162
28;2025-12-28;9;268
28;2025-12-28;10;365
28;2025-12-28;11;431
28;2025-12-28;12;500
28;2025-12-28;13;546
28;2025-12-28;14;543
28;2025-12-28;15;538
28;2025-12-28;16;532
28;2025-12-28;17;448
28;2025-12-28;18;392
28;2025-12-28;19;301
28;2025-12-28;20;233
28;2025-12-28;21;199
28;2025-12-28;22;101
28;2025-12-28;23;10
28;2025-12-29;0;1
28;2025-12-29;1;0
28;2025-12-29;2;0
28;2025-12-29;3;0
28;2025-12-29;4;0
28;2025-12-29;5;59
28;2025-12-29;6;256
28;2025-12-29;7;793
28;2025-12-29;8;1292
28;2025-12-29;9;859
28;2025-12-29;10;597
28;2025-12-29;11;560
28;2025-12-29;12;581
28;2025-12-29;13;608
28;2025-12-29;14;623
28;2025-12-29;15;695
28;2025-12-29;16;844
28;2025-12-29;17;1032
28;2025-12-29;18;1107
28;2025-12-29;19;782
28;2025-12-29;20;453
28;2025-12-29;21;286
28;2025-12-29;22;102
28;2025-12-29;23;0
28;2025-12-30;0;0
28;2025-12-30;1;0
28;2025-12-30;2;0
28;2025-12-30;3;0
28;2025-12-30;4;3
28;2025-12-30;5;64
28;2025-12-30;6;268
28;2025-12-30;7;806
28;2025-12-30;8;1317
28;2025-12-30;9;888
28;2025-12-30;10;619
28;2025-12-30;11;584
28;2025-12-30;12;605
28;2025-12-30;13;631
28;2025-12-30;14;646
28;2025-12-30;15;716
28;2025-12-30;16;861
28;2025-12-30;17;1055
28;2025-12-30;18;1147
28;2025-12-30;19;787
28;2025-12-30;20;467
28;2025-12-30;21;299
28;2025-12-30;22;115
28;2025-12-30;23;0
28;2025-12-31;0;3
28;2025-12-31;1;0
28;2025-12-31;2;0
28;2025-12-31;3;0
28;2025-12-31;4;3
28;2025-12-31;5;18
28;2025-12-31;6;34
28;2025-12-31;7;88
28;2025-12-31;8;260
28;2025-12-31;9;256
28;2025-12-31;10;331
28;2025-12-31;11;389
28;2025-12-31;12;442
28;2025-12-31;13;486
28;2025-12-31;14;483
28;2025-12-31;15;486
28;2025-12-31;16;480
28;2025-12-31;17;410
28;2025-12-31;18;369
28;2025-12-31;19;290
28;2025-12-31;20;213
28;2025-12-31;21;187
28;2025-12-31;22;79
28;2025-12-31;23;0
50;2025-11-01;0;32
50;2025-11-01;1;2
50;2025-11-01;2;1
50;2025-11-01;3;1
50;2025-11-01;4;0
50;2025-11-01;5;86
50;2025-11-01;6;574
50;2025-11-01;7;1535
50;2025-11-01;8;2168
50;2025-11-01;9;1752
50;2025-11-01;10;1338
50;2025-11-01;11;1303
50;2025-11-01;12;1300
50;2025-11-01;13;1321
50;2025-11-01;14;1332
50;2025-11-01;15;1406
50;2025-11-01;16;1540
50;2025-11-01;17;1855
50;2025-11-01;18;1906
50;2025-11-01;19;1362
50;2025-11-01;20;828
50;2025-11-01;21;565
50;2025-11-01;22;268
50;2025-11-01;23;156
50;2025-11-02;0;32
50;2025-11-02;1;2
50;2025-11-02;2;0
50;2025-11-02;3;0
50;2025-11-02;4;0
50;2025-11-02;5;0
50;2025-11-02;6;1
50;2025-11-02;7;0
50;2025-11-02;8;0
50;2025-11-02;9;0
50;2025-11-02;10;0
50;2025-11-02;11;4
50;2025-11-02;12;47
50;2025-11-02;13;95
50;2025-11-02;14;93
50;2025-11-02;15;106
50;2025-11-02;16;111
50;2025-11-02;17;84
50;2025-11-02;18;38
50;2025-11-02;19;41
50;2025-11-02;20;0
50;2025-11-02;21;51
50;2025-11-02;22;0
50;2025-11-02;23;0
50;2025-11-03;0;53
50;2025-11-03;1;20
50;2025-11-03;2;18
50;2025-11-03;3;10
50;2025-11-03;4;4
50;2025-11-03;5;23
50;2025-11-03;6;66
50;2025-11-03;7;23
50;2025-11-03;8;196
50;2025-11-03;9;100
50;2025-11-03;10;20
50;2025-11-03;11;79
50;2025-11-03;12;119
50;2025-11-03;13;172
50;2025-11-03;14;170
50;2025-11-03;15;187
50;2025-11-03;16;188
50;2025-11-03;17;218
50;2025-11-03;18;185
50;2025-11-03;19;136
50;2025-11-03;20;0
50;2025-11-03;21;76
50;2025-11-03;22;0
50;2025-11-03;23;0
50;2025-11-04;0;35
50;2025-11-04;1;4
50;2025-11-04;2;0
50;2025-11-04;3;0
50;2025-11-04;4;0
50;2025-11-04;5;0
50;2025-11-04;6;6
50;2025-11-04;7;0
50;2025-11-04;8;111
50;2025-11-04;9;29
50;2025-11-04;10;0
50;2025-11-04;11;5
50;2025-11-04;12;42
50;2025-11-04;13;92
50;2025-11-04;14;90
50;2025-11-04;15;101
50;2025-11-04;16;105
50;2025-11-04;17;130
50;2025-11-04;18;100
50;2025-11-04;19;50
50;2025-11-04;20;0
50;2025-11-04;21;45
50;2025-11-04;22;0
50;2025-11-04;23;0
50;2025-11-05;0;26
50;2025-11-05;1;1
50;2025-11-05;2;0
50;2025-11-05;3;0
50;2025-11-05;4;1
50;2025-11-05;5;79
50;2025-11-05;6;564
50;2025-11-05;7;1584
50;2025-11-05;8;2308
50;2025-11-05;9;1752
50;2025-11-05;10;1329
50;2025-11-05;11;1286
50;2025-11-05;12;1283
50;2025-11-05;13;1304
50;2025-11-05;14;1317
50;2025-11-05;15;1395
50;2025-11-05;16;1546
50;2025-11-05;17;1923
50;2025-11-05;18;1975
50;2025-11-05;19;1380
50;2025-11-05;20;843
50;2025-11-05;21;538
50;2025-11-05;22;241
50;2025-11-05;23;124
50;2025-11-06;0;26
50;2025-11-06;1;1
50;2025-11-06;2;0
50;2025-11-06;3;0
50;2025-11-06;4;0
50;2025-11-06;5;79
50;2025-11-06;6;571
50;2025-11-06;7;1585
50;2025-11-06;8;2309
50;2025-11-06;9;1752
50;2025-11-06;10;1330
50;2025-11-06;11;1288
50;2025-11-06;12;1285
50;2025-11-06;13;1306
50;2025-11-06;14;1318
50;2025-11-06;15;1399
50;2025-11-06;16;1554
50;2025-11-06;17;1902
50;2025-11-06;18;1966
50;2025-11-06;19;1380
50;2025-11-06;20;841
50;2025-11-06;21;543
50;2025-11-06;22;243
50;2025-11-06;23;127
50;2025-11-07;0;26
50;2025-11-07;1;1
50;2025-11-07;2;0
50;2025-11-07;3;0
50;2025-11-07;4;0
50;2025-11-07;5;77
50;2025-11-07;6;557
50;2025-11-07;7;1574
50;2025-11-07;8;2292
50;2025-11-07;9;1731
50;2025-11-07;10;1316
50;2025-11-07;11;1278
50;2025-11-07;12;1279
50;2025-11-07;13;1347
50;2025-11-07;14;1374
50;2025-11-07;15;1454
50;2025-11-07;16;1610
50;2025-11-07;17;1870
50;2025-11-07;18;1772
50;2025-11-07;19;1227
50;2025-11-07;20;778
50;2025-11-07;21;535
50;2025-11-07;22;243
50;2025-11-07;23;138
50;2025-11-08;0;39
50;2025-11-08;1;0
50;2025-11-08;2;0
50;2025-11-08;3;0
50;2025-11-08;4;0
50;2025-11-08;5;7
50;2025-11-08;6;38
50;2025-11-08;7;11
50;2025-11-08;8;94
50;2025-11-08;9;85
50;2025-11-08;10;16
50;2025-11-08;11;77
50;2025-11-08;12;115
50;2025-11-08;13;163
50;2025-11-08;14;161
50;2025-11-08;15;175
50;2025-11-08;16;163
50;2025-11-08;17;159
50;2025-11-08;18;121
50;2025-11-08;19;86
50;2025-11-08;20;0
50;2025-11-08;21;83
50;2025-11-08;22;0
50;2025-11-08;23;0
50;2025-11-09;0;32
50;2025-11-09;1;2
50;2025-11-09;2;0
50;2025-11-09;3;0
50;2025-11-09;4;0
50;2025-11-09;5;0
50;2025-11-09;6;1
50;2025-11-09;7;0
50;2025-11-09;8;0
50;2025-11-09;9;0
50;2025-11-09;10;0
50;2025-11-09;11;4
50;2025-11-09;12;47
50;2025-11-09;13;95
50;2025-11-09;14;93
50;2025-11-09;15;106
50;2025-11-09;16;111
50;2025-11-09;17;84
50;2025-11-09;18;38
50;2025-11-09;19;41
50;2025-11-09;20;0
50;2025-11-09;21;51
50;2025-11-09;22;0
50;2025-11-09;23;0
50;2025-11-10;0;26
50;2025-11-10;1;1
50;2025-11-10;2;0
50;2025-11-10;3;0
50;2025-11-10;4;0
50;2025-11-10;5;71
50;2025-11-10;6;554
50;2025-11-10;7;1566
50;2025-11-10;8;2293
50;2025-11-10;9;1729
50;2025-11-10;10;1301
50;2025-11-10;11;1257
50;2025-11-10;12;1255
50;2025-11-10;13;1277
50;2025-11-10;14;1290
50;2025-11-10;15;1370
50;2025-11-10;16;1525
50;2025-11-10;17;1891
50;2025-11-10;18;1943
50;2025-11-10;19;1371
50;2025-11-10;20;814
50;2025-11-10;21;516
50;2025-11-10;22;219
50;2025-11-10;23;104
50;2025-11-11;0;26
50;2025-11-11;1;1
50;2025-11-11;2;0
50;2025-11-11;3;0
50;2025-11-11;4;0
50;2025-11-11;5;76
50;2025-11-11;6;564
50;2025-11-11;7;1588
50;2025-11-11;8;2319
50;2025-11-11;9;1762
50;2025-11-11;10;1329
50;2025-11-11;11;1286
50;2025-11-11;12;1283
50;2025-11-11;13;1304
50;2025-11-11;14;1317
50;2025-11-11;15;1397
50;2025-11-11;16;1548
50;2025-11-11;17;1920
50;2025-11-11;18;1993
50;2025-11-11;19;1385
50;2025-11-11;20;838
50;2025-11-11;21;540
50;2025-11-11;22;242
50;2025-11-11;23;120
50;2025-11-12;0;26
50;2025-11-12;1;1
50;2025-11-12;2;0
50;2025-11-12;3;0
50;2025-11-12;4;1
50;2025-11-12;5;79
50;2025-11-12;6;564
50;2025-11-12;7;1584
50;2025-11-12;8;2308
50;2025-11-12;9;1752
50;2025-11-12;10;1329
50;2025-11-12;11;1286
50;2025-11-12;12;1283
50;2025-11-12;13;1304
50;2025-11-12;14;1317
50;2025-11-12;15;1395
50;2025-11-12;16;1546
50;2025-11-12;17;1923
50;2025-11-12;18;1975
50;2025-11-12;19;1380
50;2025-11-12;20;843
50;2025-11-12;21;538
50;2025-11-12;22;241
50;2025-11-12;23;124
50;2025-11-13;0;26
50;2025-11-13;1;1
50;2025-11-13;2;0
50;2025-11-13;3;0
50;2025-11-13;4;0
50;2025-11-13;5;79
50;2025-11-13;6;571
50;2025-11-13;7;1585
50;2025-11-13;8;2309
50;2025-11-13;9;1752
50;2025-11-13;10;1330
50;2025-11-13;11;1288
50;2025-11-13;12;1285
50;2025-11-13;13;1306
50;2025-11-13;14;1318
50;2025-11-13;15;1399
50;2025-11-13;16;1554
50;2025-11-13;17;1902
50;2025-11-13;18;1966
50;2025-11-13;19;1380
50;2025-11-13;20;841
50;2025-11-13;21;543
50;2025-11-13;22;243
50;2025-11-13;23;127
50;2025-11-14;0;26
50;2025-11-14;1;1
50;2025-11-14;2;0
50;2025-11-14;3;0
50;2025-11-14;4;0
50;2025-11-14;5;77
50;2025-11-14;6;557
50;2025-11-14;7;1574
50;2025-11-14;8;2292
50;2025-11-14;9;1731
50;2025-11-14;10;1316
50;2025-11-14;11;1278
50;2025-11-14;12;1279
50;2025-11-14;13;1347
50;2025-11-14;14;1374
50;2025-11-14;15;1454
50;2025-11-14;16;1610
50;2025-11-14;17;1870
50;2025-11-14;18;1772
50;2025-11-14;19;1227
50;2025-11-14;20;778
50;2025-11-14;21;535
50;2025-11-14;22;243
50;2025-11-14;23;138
50;2025-11-15;0;39
50;2025-11-15;1;0
50;2025-11-15;2;0
50;2025-11-15;3;0
50;2025-11-15;4;0
50;2025-11-15;5;7
50;2025-11-15;6;38
50;2025-11-15;7;11
50;2025-11-15;8;94
50;2025-11-15;9;85
50;2025-11-15;10;16
50;2025-11-15;11;77
50;2025-11-15;12;115
50;2025-11-15;13;163
50;2025-11-15;14;161
50;2025-11-15;15;175
50;2025-11-15;16;163
50;2025-11-15;17;159
50;2025-11-15;18;121
50;2025-11-15;19;86
50;2025-11-15;20;0
50;2025-11-15;21;83
50;2025-11-15;22;0
50;2025-11-15;23;0
50;2025-11-16;0;32
50;2025-11-16;1;2
50;2025-11-16;2;0
50;2025-11-16;3;0
50;2025-11-16;4;0
50;2025-11-16;5;0
50;2025-11-16;6;1
50;2025-11-16;7;0
50;2025-11-16;8;0
50;2025-11-16;9;0
50;2025-11-16;10;0
50;2025-11-16;11;4
50;2025-11-16;12;47
50;2025-11-16;13;95
50;2025-11-16;14;93
50;2025-11-16;15;106
50;2025-11-16;16;111
50;2025-11-16;17;84
50;2025-11-16;18;38
50;2025-11-16;19;41
50;2025-11-16;20;0
50;2025-11-16;21;51
50;2025-11-16;22;0
50;2025-11-16;23;0
50;2025-11-17;0;26
50;2025-11-17;1;1
50;2025-11-17;2;0
50;2025-11-17;3;0
50;2025-11-17;4;0
50;2025-11-17;5;71
50;2025-11-17;6;554
50;2025-11-17;7;1566
50;2025-11-17;8;2293
50;2025-11-17;9;1729
50;2025-11-17;10;1301
50;2025-11-17;11;1257
50;2025-11-17;12;1255
50;2025-11-17;13;1277
50;2025-11-17;14;1290
50;2025-11-17;15;1370
50;2025-11-17;16;1525
50;2025-11-17;17;1891
50;2025-11-17;18;1943
50;2025-11-17;19;1371
50;2025-11-17;20;814
50;2025-11-17;21;516
50;2025-11-17;22;219
50;2025-11-17;23;104
50;2025-11-18;0;26
50;2025-11-18;1;1
50;2025-11-18;2;0
50;2025-11-18;3;0
50;2025-11-18;4;0
50;2025-11-18;5;76
50;2025-11-18;6;564
50;2025-11-18;7;1588
50;2025-11-18;8;2319
50;2025-11-18;9;1762
50;2025-11-18;10;1329
50;2025-11-18;11;1286
50;2025-11-18;12;1283
50;2025-11-18;13;1304
50;2025-11-18;14;1317
50;2025-11-18;15;1397
50;2025-11-18;16;1548
50;2025-11-18;17;1920
50;2025-11-18;18;1993
50;2025-11-18;19;1385
50;2025-11-18;20;838
50;2025-11-18;21;540
50;2025-11-18;22;242
50;2025-11-18;23;120
50;2025-11-19;0;26
50;2025-11-19;1;1
50;2025-11-19;2;0
50;2025-11-19;3;0
50;2025-11-19;4;1
50;2025-11-19;5;79
50;2025-11-19;6;564
50;2025-11-19;7;1584
50;2025-11-19;8;2308
50;2025-11-19;9;1752
50;2025-11-19;10;1329
50;2025-11-19;11;1286
50;2025-11-19;12;1283
50;2025-11-19;13;1304
50;2025-11-19;14;1317
50;2025-11-19;15;1395
50;2025-11-19;16;1546
50;2025-11-19;17;1923
50;2025-11-19;18;1975
50;2025-11-19;19;1380
50;2025-11-19;20;843
50;2025-11-19;21;538
50;2025-11-19;22;241
50;2025-11-19;23;124
50;2025-11-20;0;26
50;2025-11-20;1;1
50;2025-11-20;2;0
50;2025-11-20;3;0
50;2025-11-20;4;0
50;2025-11-20;5;79
50;2025-11-20;6;571
50;2025-11-20;7;1585
50;2025-11-20;8;2309
50;2025-11-20;9;1752
50;2025-11-20;10;1330
50;2025-11-20;11;1288
50;2025-11-20;12;1285
50;2025-11-20;13;1306
50;2025-11-20;14;1318
50;2025-11-20;15;1399
50;2025-11-20;16;1554
50;2025-11-20;17;1902
50;2025-11-20;18;1966
50;2025-11-20;19;1380
50;2025-11-20;20;841
50;2025-11-20;21;543
50;2025-11-20;22;243
50;2025-11-20;23;127
50;2025-11-21;0;26
50;2025-11-21;1;1
50;2025-11-21;2;0
50;2025-11-21;3;0
50;2025-11-21;4;0
50;2025-11-21;5;77
50;2025-11-21;6;557
50;2025-11-21;7;1574
50;2025-11-21;8;2292
50;2025-11-21;9;1731
50;2025-11-21;10;1316
50;2025-11-21;11;1278
50;2025-11-21;12;1279
50;2025-11-21;13;1347
50;2025-11-21;14;1374
50;2025-11-21;15;1454
50;2025-11-21;16;1610
50;2025-11-21;17;1870
50;2025-11-21;18;1772
50;2025-11-21;19;1227
50;2025-11-21;20;778
50;2025-11-21;21;535
50;2025-11-21;22;243
50;2025-11-21;23;138
50;2025-11-22;0;39
50;2025-11-22;1;0
50;2025-11-22;2;0
50;2025-11-22;3;0
50;2025-11-22;4;0
50;2025-11-22;5;7
50;2025-11-22;6;38
50;2025-11-22;7;11
50;2025-11-22;8;94
50;2025-11-22;9;85
50;2025-11-22;10;16
50;2025-11-22;11;77
50;2025-11-22;12;115
50;2025-11-22;13;163
50;2025-11-22;14;161
50;2025-11-22;15;175
50;2025-11-22;16;163
50;2025-11-22;17;159
50;2025-11-22;18;121
50;2025-11-22;19;86
50;2025-11-22;20;0
50;2025-11-22;21;83
50;2025-11-22;22;0
50;2025-11-22;23;0
50;2025-11-23;0;32
50;2025-11-23;1;2
50;2025-11-23;2;0
50;2025-11-23;3;0
50;2025-11-23;4;0
50;2025-11-23;5;0
50;2025-11-23;6;1
50;2025-11-23;7;0
50;2025-11-23;8;0
50;2025-11-23;9;0
50;2025-11-23;10;0
50;2025-11-23;11;4
50;2025-11-23;12;47
50;2025-11-23;13;95
50;2025-11-23;14;93
50;2025-11-23;15;106
50;2025-11-23;16;111
50;2025-11-23;17;84
50;2025-11-23;18;38
50;2025-11-23;19;41
50;2025-11-23;20;0
50;2025-11-23;21;51
50;2025-11-23;22;0
50;2025-11-23;23;0
50;2025-11-24;0;26
50;2025-11-24;1;1
50;2025-11-24;2;0
50;2025-11-24;3;0
50;2025-11-24;4;0
50;2025-11-24;5;71
50;2025-11-24;6;554
50;2025-11-24;7;1566
50;2025-11-24;8;2293
50;2025-11-24;9;1729
50;2025-11-24;10;1301
50;2025-11-24;11;1257
50;2025-11-24;12;1255
50;2025-11-24;13;1277
50;2025-11-24;14;1290
50;2025-11-24;15;1370
50;2025-11-24;16;1525
50;2025-11-24;17;1891
50;2025-11-24;18;1943
50;2025-11-24;19;1371
50;2025-11-24;20;814
50;2025-11-24;21;516
50;2025-11-24;22;219
50;2025-11-24;23;104
50;2025-11-25;0;26
50;2025-11-25;1;1
50;2025-11-25;2;0
50;2025-11-25;3;0
50;2025-11-25;4;0
50;2025-11-25;5;76
50;2025-11-25;6;564
50;2025-11-25;7;1588
50;2025-11-25;8;2319
50;2025-11-25;9;1762
50;2025-11-25;10;1329
50;2025-11-25;11;1286
50;2025-11-25;12;1283
50;2025-11-25;13;1304
50;2025-11-25;14;1317
50;2025-11-25;15;1397
50;2025-11-25;16;1548
50;2025-11-25;17;1920
50;2025-11-25;18;1993
50;2025-11-25;19;1385
50;2025-11-25;20;838
50;2025-11-25;21;540
50;2025-11-25;22;242
50;2025-11-25;23;120
50;2025-11-26;0;26
50;2025-11-26;1;1
50;2025-11-26;2;0
50;2025-11-26;3;0
50;2025-11-26;4;1
50;2025-11-26;5;79
50;2025-11-26;6;564
50;2025-11-26;7;1584
50;2025-11-26;8;2308
50;2025-11-26;9;1752
50;2025-11-26;10;1329
50;2025-11-26;11;1286
50;2025-11-26;12;1283
50;2025-11-26;13;1304
50;2025-11-26;14;1317
50;2025-11-26;15;1395
50;2025-11-26;16;1546
50;2025-11-26;17;1923
50;2025-11-26;18;1975
50;2025-11-26;19;1380
50;2025-11-26;20;843
50;2025-11-26;21;538
50;2025-11-26;22;241
50;2025-11-26;23;124
50;2025-11-27;0;26
50;2025-11-27;1;1
50;2025-11-27;2;0
50;2025-11-27;3;0
50;2025-11-27;4;0
50;2025-11-27;5;79
50;2025-11-27;6;571
50;2025-11-27;7;1585
50;2025-11-27;8;2309
50;2025-11-27;9;1752
50;2025-11-27;10;1330
50;2025-11-27;11;1288
50;2025-11-27;12;1285
50;2025-11-27;13;1306
50;2025-11-27;14;1318
50;2025-11-27;15;1399
50;2025-11-27;16;1554
50;2025-11-27;17;1902
50;2025-11-27;18;1966
50;2025-11-27;19;1380
50;2025-11-27;20;841
50;2025-11-27;21;543
50;2025-11-27;22;243
50;2025-11-27;23;127
50;2025-11-28;0;26
50;2025-11-28;1;1
50;2025-11-28;2;0
50;2025-11-28;3;0
50;2025-11-28;4;0
50;2025-11-28;5;77
50;2025-11-28;6;557
50;2025-11-28;7;1574
50;2025-11-28;8;2292
50;2025-11-28;9;1731
50;2025-11-28;10;1316
50;2025-11-28;11;1278
50;2025-11-28;12;1279
50;2025-11-28;13;1347
50;2025-11-28;14;1374
50;2025-11-28;15;1454
50;2025-11-28;16;1610
50;2025-11-28;17;1870
50;2025-11-28;18;1772
50;2025-11-28;19;1227
50;2025-11-28;20;778
50;2025-11-28;21;535
50;2025-11-28;22;243
50;2025-11-28;23;138
50;2025-11-29;0;39
50;2025-11-29;1;0
50;2025-11-29;2;0
50;2025-11-29;3;0
50;2025-11-29;4;0
50;2025-11-29;5;7
50;2025-11-29;6;38
50;2025-11-29;7;11
50;2025-11-29;8;94
50;2025-11-29;9;85
50;2025-11-29;10;16
50;2025-11-29;11;77
50;2025-11-29;12;115
50;2025-11-29;13;163
50;2025-11-29;14;161
50;2025-11-29;15;175
50;2025-11-29;16;163
50;2025-11-29;17;159
50;2025-11-29;18;121
50;2025-11-29;19;86
50;2025-11-29;20;0
50;2025-11-29;21;83
50;2025-11-29;22;0
50;2025-11-29;23;0
50;2025-11-30;0;32
50;2025-11-30;1;2
50;2025-11-30;2;0
50;2025-11-30;3;0
50;2025-11-30;4;0
50;2025-11-30;5;0
50;2025-11-30;6;1
50;2025-11-30;7;0
50;2025-11-30;8;0
50;2025-11-30;9;0
50;2025-11-30;10;0
50;2025-11-30;11;4
50;2025-11-30;12;47
50;2025-11-30;13;95
50;2025-11-30;14;93
50;2025-11-30;15;106
50;2025-11-30;16;111
50;2025-11-30;17;84
50;2025-11-30;18;38
50;2025-11-30;19;41
50;2025-11-30;20;0
50;2025-11-30;21;51
50;2025-11-30;22;0
50;2025-11-30;23;0
50;2025-12-01;0;33
50;2025-12-01;1;2
50;2025-12-01;2;0
50;2025-12-01;3;0
50;2025-12-01;4;0
50;2025-12-01;5;76
50;2025-12-01;6;613
50;2025-12-01;7;1588
50;2025-12-01;8;2279
50;2025-12-01;9;1778
50;2025-12-01;10;1364
50;2025-12-01;11;1320
50;2025-12-01;12;1300
50;2025-12-01;13;1313
50;2025-12-01;14;1327
50;2025-12-01;15;1399
50;2025-12-01;16;1555
50;2025-12-01;17;1921
50;2025-12-01;18;1980
50;2025-12-01;19;1416
50;2025-12-01;20;867
50;2025-12-01;21;526
50;2025-12-01;22;233
50;2025-12-01;23;99
50;2025-12-02;0;32
50;2025-12-02;1;1
50;2025-12-02;2;0
50;2025-12-02;3;0
50;2025-12-02;4;1
50;2025-12-02;5;80
50;2025-12-02;6;622
50;2025-12-02;7;1613
50;2025-12-02;8;2310
50;2025-12-02;9;1817
50;2025-12-02;10;1398
50;2025-12-02;11;1355
50;2025-12-02;12;1334
50;2025-12-02;13;1346
50;2025-12-02;14;1360
50;2025-12-02;15;1431
50;2025-12-02;16;1583
50;2025-12-02;17;1954
50;2025-12-02;18;2028
50;2025-12-02;19;1433
50;2025-12-02;20;894
50;2025-12-02;21;553
50;2025-12-02;22;259
50;2025-12-02;23;119
50;2025-12-03;0;32
50;2025-12-03;1;1
50;2025-12-03;2;0
50;2025-12-03;3;0
50;2025-12-03;4;3
50;2025-12-03;5;83
50;2025-12-03;6;619
50;2025-12-03;7;1602
50;2025-12-03;8;2292
50;2025-12-03;9;1799
50;2025-12-03;10;1390
50;2025-12-03;11;1347
50;2025-12-03;12;1326
50;2025-12-03;13;1338
50;2025-12-03;14;1351
50;2025-12-03;15;1421
50;2025-12-03;16;1573
50;2025-12-03;17;1937
50;2025-12-03;18;1996
50;2025-12-03;19;1417
50;2025-12-03;20;887
50;2025-12-03;21;546
50;2025-12-03;22;252
50;2025-12-03;23;117
50;2025-12-04;0;33
50;2025-12-04;1;1
50;2025-12-04;2;0
50;2025-12-04;3;0
50;2025-12-04;4;3
50;2025-12-04;5;84
50;2025-12-04;6;629
50;2025-12-04;7;1607
50;2025-12-04;8;2296
50;2025-12-04;9;1803
50;2025-12-04;10;1394
50;2025-12-04;11;1352
50;2025-12-04;12;1331
50;2025-12-04;13;1343
50;2025-12-04;14;1357
50;2025-12-04;15;1429
50;2025-12-04;16;1585
50;2025-12-04;17;1935
50;2025-12-04;18;2004
50;2025-12-04;19;1425
50;2025-12-04;20;894
50;2025-12-04;21;554
50;2025-12-04;22;258
50;2025-12-04;23;123
50;2025-12-05;0;33
50;2025-12-05;1;1
50;2025-12-05;2;0
50;2025-12-05;3;0
50;2025-12-05;4;2
50;2025-12-05;5;81
50;2025-12-05;6;614
50;2025-12-05;7;1589
50;2025-12-05;8;2273
50;2025-12-05;9;1785
50;2025-12-05;10;1383
50;2025-12-05;11;1345
50;2025-12-05;12;1328
50;2025-12-05;13;1389
50;2025-12-05;14;1418
50;2025-12-05;15;1490
50;2025-12-05;16;1646
50;2025-12-05;17;1908
50;2025-12-05;18;1821
50;2025-12-05;19;1288
50;2025-12-05;20;841
50;2025-12-05;21;548
50;2025-12-05;22;261
50;2025-12-05;23;136
50;2025-12-06;0;51
50;2025-12-06;1;4
50;2025-12-06;2;1
50;2025-12-06;3;1
50;2025-12-06;4;0
50;2025-12-06;5;25
50;2025-12-06;6;190
50;2025-12-06;7;320
50;2025-12-06;8;446
50;2025-12-06;9;503
50;2025-12-06;10;592
50;2025-12-06;11;656
50;2025-12-06;12;712
50;2025-12-06;13;768
50;2025-12-06;14;765
50;2025-12-06;15;771
50;2025-12-06;16;754
50;2025-12-06;17;713
50;2025-12-06;18;681
50;2025-12-06;19;589
50;2025-12-06;20;427
50;2025-12-06;21;331
50;2025-12-06;22;194
50;2025-12-06;23;125
50;2025-12-07;0;49
50;2025-12-07;1;4
50;2025-12-07;2;1
50;2025-12-07;3;1
50;2025-12-07;4;1
50;2025-12-07;5;12
50;2025-12-07;6;121
50;2025-12-07;7;211
50;2025-12-07;8;312
50;2025-12-07;9;393
50;2025-12-07;10;499
50;2025-12-07;11;570
50;2025-12-07;12;641
50;2025-12-07;13;696
50;2025-12-07;14;693
50;2025-12-07;15;697
50;2025-12-07;16;697
50;2025-12-07;17;632
50;2025-12-07;18;589
50;2025-12-07;19;502
50;2025-12-07;20;357
50;2025-12-07;21;284
50;2025-12-07;22;168
50;2025-12-07;23;103
50;2025-12-08;0;33
50;2025-12-08;1;2
50;2025-12-08;2;0
50;2025-12-08;3;0
50;2025-12-08;4;0
50;2025-12-08;5;76
50;2025-12-08;6;613
50;2025-12-08;7;1588
50;2025-12-08;8;2279
50;2025-12-08;9;1778
50;2025-12-08;10;1364
50;2025-12-08;11;1320
50;2025-12-08;12;1300
50;2025-12-08;13;1313
50;2025-12-08;14;1327
50;2025-12-08;15;1399
50;2025-12-08;16;1555
50;2025-12-08;17;1921
50;2025-12-08;18;1980
50;2025-12-08;19;1416
50;2025-12-08;20;867
50;2025-12-08;21;526
50;2025-12-08;22;233
50;2025-12-08;23;99
50;2025-12-09;0;32
50;2025-12-09;1;1
50;2025-12-09;2;0
50;2025-12-09;3;0
50;2025-12-09;4;1
50;2025-12-09;5;80
50;2025-12-09;6;622
50;2025-12-09;7;1613
50;2025-12-09;8;2310
50;2025-12-09;9;1817
50;2025-12-09;10;1398
50;2025-12-09;11;1355
50;2025-12-09;12;1334
50;2025-12-09;13;1346
50;2025-12-09;14;1360
50;2025-12-09;15;1431
50;2025-12-09;16;1583
50;2025-12-09;17;1954
50;2025-12-09;18;2028
50;2025-12-09;19;1433
50;2025-12-09;20;894
50;2025-12-09;21;553
50;2025-12-09;22;259
50;2025-12-09;23;119
50;2025-12-10;0;32
50;2025-12-10;1;1
50;2025-12-10;2;0
50;2025-12-10;3;0
50;2025-12-10;4;3
50;2025-12-10;5;83
50;2025-12-10;6;619
50;2025-12-10;7;1602
50;2025-12-10;8;2292
50;2025-12-10;9;1799
50;2025-12-10;10;1390
50;2025-12-10;11;1347
50;2025-12-10;12;1326
50;2025-12-10;13;1338
50;2025-12-10;14;1351
50;2025-12-10;15;1421
50;2025-12-10;16;1573
50;2025-12-10;17;1937
50;2025-12-10;18;1996
50;2025-12-10;19;1417
50;2025-12-10;20;887
50;2025-12-10;21;546
50;2025-12-10;22;252
50;2025-12-10;23;117
50;2025-12-11;0;33
50;2025-12-11;1;1
50;2025-12-11;2;0
50;2025-12-11;3;0
50;2025-12-11;4;3
50;2025-12-11;5;84
50;2025-12-11;6;629
50;2025-12-11;7;1607
50;2025-12-11;8;2296
50;2025-12-11;9;1803
50;2025-12-11;10;1394
50;2025-12-11;11;1352
50;2025-12-11;12;1331
50;2025-12-11;13;1343
50;2025-12-11;14;1357
50;2025-12-11;15;1429
50;2025-12-11;16;1585
50;2025-12-11;17;1935
50;2025-12-11;18;2004
50;2025-12-11;19;1425
50;2025-12-11;20;894
50;2025-12-11;21;554
50;2025-12-11;22;258
50;2025-12-11;23;123
50;2025-12-12;0;33
50;2025-12-12;1;1
50;2025-12-12;2;0
50;2025-12-12;3;0
50;2025-12-12;4;2
50;2025-12-12;5;81
50;2025-12-12;6;614
50;2025-12-12;7;1589
50;2025-12-12;8;2273
50;2025-12-12;9;1785
50;2025-12-12;10;1383
50;2025-12-12;11;1345
50;2025-12-12;12;1328
50;2025-12-12;13;1389
50;2025-12-12;14;1418
50;2025-12-12;15;1490
50;2025-12-12;16;1646
50;2025-12-12;17;1908
50;2025-12-12;18;1821
50;2025-12-12;19;1288
50;2025-12-12;20;841
50;2025-12-12;21;548
50;2025-12-12;22;261
50;2025-12-12;23;136
50;2025-12-13;0;51
50;2025-12-13;1;4
50;2025-12-13;2;1
50;2025-12-13;3;1
50;2025-12-13;4;0
50;2025-12-13;5;25
50;2025-12-13;6;190
50;2025-12-13;7;320
50;2025-12-13;8;446
50;2025-12-13;9;503
50;2025-12-13;10;592
50;2025-12-13;11;656
50;2025-12-13;12;712
50;2025-12-13;13;768
50;2025-12-13;14;765
50;2025-12-13;15;771
50;2025-12-13;16;754
50;2025-12-13;17;713
50;2025-12-13;18;681
50;2025-12-13;19;589
50;2025-12-13;20;427
50;2025-12-13;21;331
50;2025-12-13;22;194
50;2025-12-13;23;125
50;2025-12-14;0;49
50;2025-12-14;1;4
50;2025-12-14;2;1
50;2025-12-14;3;1
50;2025-12-14;4;1
50;2025-12-14;5;12
50;2025-12-14;6;121
50;2025-12-14;7;211
50;2025-12-14;8;312
50;2025-12-14;9;393
50;2025-12-14;10;499
50;2025-12-14;11;570
50;2025-12-14;12;641
50;2025-12-14;13;696
50;2025-12-14;14;693
50;2025-12-14;15;697
50;2025-12-14;16;697
50;2025-12-14;17;632
50;2025-12-14;18;589
50;2025-12-14;19;502
50;2025-12-14;20;357
50;2025-12-14;21;284
50;2025-12-14;22;168
50;2025-12-14;23;103
50;2025-12-15;0;33
50;2025-12-15;1;2
50;2025-12-15;2;0
50;2025-12-15;3;0
50;2025-12-15;4;0
50;2025-12-15;5;76
50;2025-12-15;6;613
50;2025-12-15;7;1588
50;2025-12-15;8;2279
50;2025-12-15;9;1778
50;2025-12-15;10;1364
50;2025-12-15;11;1320
50;2025-12-15;12;1300
50;2025-12-15;13;1313
50;2025-12-15;14;1327
50;2025-12-15;15;1399
50;2025-12-15;16;1555
50;2025-12-15;17;1921
50;2025-12-15;18;1980
50;2025-12-15;19;1416
50;2025-12-15;20;867
50;2025-12-15;21;526
50;2025-12-15;22;233
50;2025-12-15;23;99
50;2025-12-16;0;32
50;2025-12-16;1;1
50;2025-12-16;2;0
50;2025-12-16;3;0
50;2025-12-16;4;1
50;2025-12-16;5;80
50;2025-12-16;6;622
50;2025-12-16;7;1613
50;2025-12-16;8;2310
50;2025-12-16;9;1817
50;2025-12-16;10;1398
50;2025-12-16;11;1355
50;2025-12-16;12;1334
50;2025-12-16;13;1346
50;2025-12-16;14;1360
50;2025-12-16;15;1431
50;2025-12-16;16;1583
50;2025-12-16;17;1954
50;2025-12-16;18;2028
50;2025-12-16;19;1433
50;2025-12-16;20;894
50;2025-12-16;21;553
50;2025-12-16;22;259
50;2025-12-16;23;119
50;2025-12-17;0;32
50;2025-12-17;1;1
50;2025-12-17;2;0
50;2025-12-17;3;0
50;2025-12-17;4;3
50;2025-12-17;5;83
50;2025-12-17;6;619
50;2025-12-17;7;1602
50;2025-12-17;8;2292
50;2025-12-17;9;1799
50;2025-12-17;10;1390
50;2025-12-17;11;1347
50;2025-12-17;12;1326
50;2025-12-17;13;1338
50;2025-12-17;14;1351
50;2025-12-17;15;1421
50;2025-12-17;16;1573
50;2025-12-17;17;1937
50;2025-12-17;18;1996
50;2025-12-17;19;1417
50;2025-12-17;20;887
50;2025-12-17;21;546
50;2025-12-17;22;252
50;2025-12-17;23;117
50;2025-12-18;0;33
50;2025-12-18;1;1
50;2025-12-18;2;0
50;2025-12-18;3;0
50;2025-12-18;4;3
50;2025-12-18;5;84
50;2025-12-18;6;629
50;2025-12-18;7;1607
50;2025-12-18;8;2296
50;2025-12-18;9;1803
50;2025-12-18;10;1394
50;2025-12-18;11;1352
50;2025-12-18;12;1331
50;2025-12-18;13;1343
50;2025-12-18;14;1357
50;2025-12-18;15;1429
50;2025-12-18;16;1585
50;2025-12-18;17;1935
50;2025-12-18;18;2004
50;2025-12-18;19;1425
50;2025-12-18;20;894
50;2025-12-18;21;554
50;2025-12-18;22;258
50;2025-12-18;23;123
50;2025-12-19;0;33
50;2025-12-19;1;1
50;2025-12-19;2;0
50;2025-12-19;3;0
50;2025-12-19;4;2
50;2025-12-19;5;81
50;2025-12-19;6;614
50;2025-12-19;7;1589
50;2025-12-19;8;2273
50;2025-12-19;9;1785
50;2025-12-19;10;1383
50;2025-12-19;11;1345
50;2025-12-19;12;1328
50;2025-12-19;13;1389
50;2025-12-19;14;1418
50;2025-12-19;15;1490
50;2025-12-19;16;1646
50;2025-12-19;17;1908
50;2025-12-19;18;1821
50;2025-12-19;19;1288
50;2025-12-19;20;841
50;2025-12-19;21;548
50;2025-12-19;22;261
50;2025-12-19;23;136
50;2025-12-20;0;51
50;2025-12-20;1;4
50;2025-12-20;2;1
50;2025-12-20;3;1
50;2025-12-20;4;0
50;2025-12-20;5;25
50;2025-12-20;6;190
50;2025-12-20;7;320
50;2025-12-20;8;446
50;2025-12-20;9;503
50;2025-12-20;10;592
50;2025-12-20;11;656
50;2025-12-20;12;712
50;2025-12-20;13;768
50;2025-12-20;14;765
50;2025-12-20;15;771
50;2025-12-20;16;754
50;2025-12-20;17;713
50;2025-12-20;18;681
50;2025-12-20;19;589
50;2025-12-20;20;427
50;2025-12-20;21;331
50;2025-12-20;22;194
50;2025-12-20;23;125
50;2025-12-21;0;49
50;2025-12-21;1;4
50;2025-12-21;2;1
50;2025-12-21;3;1
50;2025-12-21;4;1
50;2025-12-21;5;12
50;2025-12-21;6;121
50;2025-12-21;7;211
50;2025-12-21;8;312
50;2025-12-21;9;393
50;2025-12-21;10;499
50;2025-12-21;11;570
50;2025-12-21;12;641
50;2025-12-21;13;696
50;2025-12-21;14;693
50;2025-12-21;15;697
50;2025-12-21;16;697
50;2025-12-21;17;632
50;2025-12-21;18;589
50;2025-12-21;19;502
50;2025-12-21;20;357
50;2025-12-21;21;284
50;2025-12-21;22;168
50;2025-12-21;23;103
50;2025-12-22;0;33
50;2025-12-22;1;2
50;2025-12-22;2;0
50;2025-12-22;3;0
50;2025-12-22;4;0
50;2025-12-22;5;76
50;2025-12-22;6;613
50;2025-12-22;7;1588
50;2025-12-22;8;2279
50;2025-12-22;9;1778
50;2025-12-22;10;1364
50;2025-12-22;11;1320
50;2025-12-22;12;1300
50;2025-12-22;13;1313
50;2025-12-22;14;1327
50;2025-12-22;15;1399
50;2025-12-22;16;1555
50;2025-12-22;17;1921
50;2025-12-22;18;1980
50;2025-12-22;19;1416
50;2025-12-22;20;867
50;2025-12-22;21;526
50;2025-12-22;22;233
50;2025-12-22;23;99
50;2025-12-23;0;32
50;2025-12-23;1;1
50;2025-12-23;2;0
50;2025-12-23;3;0
50;2025-12-23;4;1
50;2025-12-23;5;80
50;2025-12-23;6;622
50;2025-12-23;7;1613
50;2025-12-23;8;2310
50;2025-12-23;9;1817
50;2025-12-23;10;1398
50;2025-12-23;11;1355
50;2025-12-23;12;1334
50;2025-12-23;13;1346
50;2025-12-23;14;1360
50;2025-12-23;15;1431
50;2025-12-23;16;1583
50;2025-12-23;17;1954
50;2025-12-23;18;2028
50;2025-12-23;19;1433
50;2025-12-23;20;894
50;2025-12-23;21;553
50;2025-12-23;22;259
50;2025-12-23;23;119
50;2025-12-24;0;32
50;2025-12-24;1;1
50;2025-12-24;2;0
50;2025-12-24;3;0
50;2025-12-24;4;3
50;2025-12-24;5;83
50;2025-12-24;6;619
50;2025-12-24;7;1602
50;2025-12-24;8;2292
50;2025-12-24;9;1799
50;2025-12-24;10;1390
50;2025-12-24;11;1347
50;2025-12-24;12;1326
50;2025-12-24;13;1338
50;2025-12-24;14;1351
50;2025-12-24;15;1421
50;2025-12-24;16;1573
50;2025-12-24;17;1937
50;2025-12-24;18;1996
50;2025-12-24;19;1417
50;2025-12-24;20;887
50;2025-12-24;21;546
50;2025-12-24;22;252
50;2025-12-24;23;117
50;2025-12-25;0;33
50;2025-12-25;1;1
50;2025-12-25;2;0
50;2025-12-25;3;0
50;2025-12-25;4;3
50;2025-12-25;5;84
50;2025-12-25;6;629
50;2025-12-25;7;1607
50;2025-12-25;8;2296
50;2025-12-25;9;1803
50;2025-12-25;10;1394
50;2025-12-25;11;1352
50;2025-12-25;12;1331
50;2025-12-25;13;1343
50;2025-12-25;14;1357
50;2025-12-25;15;1429
50;2025-12-25;16;1585
50;2025-12-25;17;1935
50;2025-12-25;18;2004
50;2025-12-25;19;1425
50;2025-12-25;20;894
50;2025-12-25;21;554
50;2025-12-25;22;258
50;2025-12-25;23;123
50;2025-12-26;0;33
50;2025-12-26;1;1
50;2025-12-26;2;0
50;2025-12-26;3;0
50;2025-12-26;4;2
50;2025-12-26;5;81
50;2025-12-26;6;614
50;2025-12-26;7;1589
50;2025-12-26;8;2273
50;2025-12-26;9;1785
50;2025-12-26;10;1383
50;2025-12-26;11;1345
50;2025-12-26;12;1328
50;2025-12-26;13;1389
50;2025-12-26;14;1418
50;2025-12-26;15;1490
50;2025-12-26;16;1646
50;2025-12-26;17;1908
50;2025-12-26;18;1821
50;2025-12-26;19;1288
50;2025-12-26;20;841
50;2025-12-26;21;548
50;2025-12-26;22;261
50;2025-12-26;23;136
50;2025-12-27;0;51
50;2025-12-27;1;4
50;2025-12-27;2;1
50;2025-12-27;3;1
50;2025-12-27;4;0
50;2025-12-27;5;25
50;2025-12-27;6;190
50;2025-12-27;7;320
50;2025-12-27;8;446
50;2025-12-27;9;503
50;2025-12-27;10;592
50;2025-12-27;11;656
50;2025-12-27;12;712
50;2025-12-27;13;768
50;2025-12-27;14;765
50;2025-12-27;15;771
50;2025-12-27;16;754
50;2025-12-27;17;713
50;2025-12-27;18;681
50;2025-12-27;19;589
50;2025-12-27;20;427
50;2025-12-27;21;331
50;2025-12-27;22;194
50;2025-12-27;23;125
50;2025-12-28;0;49
50;2025-12-28;1;4
50;2025-12-28;2;1
50;2025-12-28;3;1
50;2025-12-28;4;1
50;2025-12-28;5;12
50;2025-12-28;6;121
50;2025-12-28;7;211
50;2025-12-28;8;312
50;2025-12-28;9;393
50;2025-12-28;10;499
50;2025-12-28;11;570
50;2025-12-28;12;641
50;2025-12-28;13;696
50;2025-12-28;14;693
50;2025-12-28;15;697
50;2025-12-28;16;697
50;2025-12-28;17;632
50;2025-12-28;18;589
50;2025-12-28;19;502
50;2025-12-28;20;357
50;2025-12-28;21;284
50;2025-12-28;22;168
50;2025-12-28;23;103
50;2025-12-29;0;33
50;2025-12-29;1;2
50;2025-12-29;2;0
50;2025-12-29;3;0
50;2025-12-29;4;0
50;2025-12-29;5;76
50;2025-12-29;6;613
50;2025-12-29;7;1588
50;2025-12-29;8;2279
50;2025-12-29;9;1778
50;2025-12-29;10;1364
50;2025-12-29;11;1320
50;2025-12-29;12;1300
50;2025-12-29;13;1313
50;2025-12-29;14;1327
50;2025-12-29;15;1399
50;2025-12-29;16;1555
50;2025-12-29;17;1921
50;2025-12-29;18;1980
50;2025-12-29;19;1416
50;2025-12-29;20;867
50;2025-12-29;21;526
50;2025-12-29;22;233
50;2025-12-29;23;99
50;2025-12-30;0;32
50;2025-12-30;1;1
50;2025-12-30;2;0
50;2025-12-30;3;0
50;2025-12-30;4;1
50;2025-12-30;5;80
50;2025-12-30;6;622
50;2025-12-30;7;1613
50;2025-12-30;8;2310
50;2025-12-30;9;1817
50;2025-12-30;10;1398
50;2025-12-30;11;1355
50;2025-12-30;12;1334
50;2025-12-30;13;1346
50;2025-12-30;14;1360
50;2025-12-30;15;1431
50;2025-12-30;16;1583
50;2025-12-30;17;1954
50;2025-12-30;18;2028
50;2025-12-30;19;1433
50;2025-12-30;20;894
50;2025-12-30;21;553
50;2025-12-30;22;259
50;2025-12-30;23;119
50;2025-12-31;0;44
50;2025-12-31;1;3
50;2025-12-31;2;1
50;2025-12-31;3;1
50;2025-12-31;4;0
50;2025-12-31;5;17
50;2025-12-31;6;136
50;2025-12-31;7;247
50;2025-12-31;8;446
50;2025-12-31;9;426
50;2025-12-31;10;509
50;2025-12-31;11;568
50;2025-12-31;12;625
50;2025-12-31;13;679
50;2025-12-31;14;676
50;2025-12-31;15;687
50;2025-12-31;16;686
50;2025-12-31;17;667
50;2025-12-31;18;638
50;2025-12-31;19;530
50;2025-12-31;20;354
50;2025-12-31;21;288
50;2025-12-31;22;153
50;2025-12-31;23;80
