route;date;hour;prediction
1;2025-11-01;0;20
1;2025-11-01;1;12
1;2025-11-01;2;12
1;2025-11-01;3;13
1;2025-11-01;4;16
1;2025-11-01;5;137
1;2025-11-01;6;500
1;2025-11-01;7;1190
1;2025-11-01;8;1612
1;2025-11-01;9;1352
1;2025-11-01;10;1288
1;2025-11-01;11;1298
1;2025-11-01;12;1318
1;2025-11-01;13;1336
1;2025-11-01;14;1307
1;2025-11-01;15;1385
1;2025-11-01;16;1457
1;2025-11-01;17;1526
1;2025-11-01;18;1542
1;2025-11-01;19;1164
1;2025-11-01;20;835
1;2025-11-01;21;566
1;2025-11-01;22;287
1;2025-11-01;23;115
1;2025-11-02;0;1
1;2025-11-02;1;0
1;2025-11-02;2;0
1;2025-11-02;3;1
1;2025-11-02;4;2
1;2025-11-02;5;6
1;2025-11-02;6;87
1;2025-11-02;7;189
1;2025-11-02;8;286
1;2025-11-02;9;464
1;2025-11-02;10;576
1;2025-11-02;11;601
1;2025-11-02;12;691
1;2025-11-02;13;730
1;2025-11-02;14;696
1;2025-11-02;15;636
1;2025-11-02;16;579
1;2025-11-02;17;499
1;2025-11-02;18;439
1;2025-11-02;19;387
1;2025-11-02;20;315
1;2025-11-02;21;220
1;2025-11-02;22;79
1;2025-11-02;23;18
1;2025-11-03;0;2
1;2025-11-03;1;0
1;2025-11-03;2;2
1;2025-11-03;3;0
1;2025-11-03;4;2
1;2025-11-03;5;14
1;2025-11-03;6;153
1;2025-11-03;7;364
1;2025-11-03;8;477
1;2025-11-03;9;571
1;2025-11-03;10;626
1;2025-11-03;11;642
1;2025-11-03;12;748
1;2025-11-03;13;785
1;2025-11-03;14;762
1;2025-11-03;15;744
1;2025-11-03;16;722
1;2025-11-03;17;736
1;2025-11-03;18;712
1;2025-11-03;19;609
1;2025-11-03;20;427
1;2025-11-03;21;282
1;2025-11-03;22;83
1;2025-11-03;23;12
1;2025-11-04;0;1
1;2025-11-04;1;0
1;2025-11-04;2;1
1;2025-11-04;3;0
1;2025-11-04;4;2
1;2025-11-04;5;5
1;2025-11-04;6;102
1;2025-11-04;7;294
1;2025-11-04;8;395
1;2025-11-04;9;504
1;2025-11-04;10;549
1;2025-11-04;11;572
1;2025-11-04;12;657
1;2025-11-04;13;726
1;2025-11-04;14;678
1;2025-11-04;15;640
1;2025-11-04;16;632
1;2025-11-04;17;601
1;2025-11-04;18;565
1;2025-11-04;19;494
1;2025-11-04;20;373
1;2025-11-04;21;245
1;2025-11-04;22;61
1;2025-11-04;23;7
1;2025-11-05;0;2
1;2025-11-05;1;0
1;2025-11-05;2;0
1;2025-11-05;3;0
1;2025-11-05;4;1
1;2025-11-05;5;119
1;2025-11-05;6;504
1;2025-11-05;7;1434
1;2025-11-05;8;1997
1;2025-11-05;9;1433
1;2025-11-05;10;1244
1;2025-11-05;11;1246
1;2025-11-05;12;1271
1;2025-11-05;13;1293
1;2025-11-05;14;1246
1;2025-11-05;15;1351
1;2025-11-05;16;1437
1;2025-11-05;17;1717
1;2025-11-05;18;1790
1;2025-11-05;19;1325
1;2025-11-05;20;807
1;2025-11-05;21;451
1;2025-11-05;22;178
1;2025-11-05;23;30
1;2025-11-06;0;2
1;2025-11-06;1;0
1;2025-11-06;2;0
1;2025-11-06;3;0
1;2025-11-06;4;1
1;2025-11-06;5;115
1;2025-11-06;6;482
1;2025-11-06;7;1404
1;2025-11-06;8;1945
1;2025-11-06;9;1407
1;2025-11-06;10;1219
1;2025-11-06;11;1222
1;2025-11-06;12;1252
1;2025-11-06;13;1270
1;2025-11-06;14;1228
1;2025-11-06;15;1343
1;2025-11-06;16;1429
1;2025-11-06;17;1690
1;2025-11-06;18;1763
1;2025-11-06;19;1289
1;2025-11-06;20;792
1;2025-11-06;21;444
1;2025-11-06;22;180
1;2025-11-06;23;31
1;2025-11-07;0;4
1;2025-11-07;1;0
1;2025-11-07;2;0
1;2025-11-07;3;0
1;2025-11-07;4;6
1;2025-11-07;5;121
1;2025-11-07;6;523
1;2025-11-07;7;1452
1;2025-11-07;8;2001
1;2025-11-07;9;1452
1;2025-11-07;10;1300
1;2025-11-07;11;1328
1;2025-11-07;12;1353
1;2025-11-07;13;1381
1;2025-11-07;14;1359
1;2025-11-07;15;1485
1;2025-11-07;16;1584
1;2025-11-07;17;1727
1;2025-11-07;18;1628
1;2025-11-07;19;1237
1;2025-11-07;20;794
1;2025-11-07;21;478
1;2025-11-07;22;190
1;2025-11-07;23;45
1;2025-11-08;0;2
1;2025-11-08;1;0
1;2025-11-08;2;0
1;2025-11-08;3;0
1;2025-11-08;4;0
1;2025-11-08;5;24
1;2025-11-08;6;182
1;2025-11-08;7;353
1;2025-11-08;8;490
1;2025-11-08;9;691
1;2025-11-08;10;808
1;2025-11-08;11;825
1;2025-11-08;12;935
1;2025-11-08;13;959
1;2025-11-08;14;910
1;2025-11-08;15;844
1;2025-11-08;16;792
1;2025-11-08;17;726
1;2025-11-08;18;642
1;2025-11-08;19;577
1;2025-11-08;20;427
1;2025-11-08;21;295
1;2025-11-08;22;116
1;2025-11-08;23;27
1;2025-11-09;0;2
1;2025-11-09;1;0
1;2025-11-09;2;0
1;2025-11-09;3;0
1;2025-11-09;4;0
1;2025-11-09;5;11
1;2025-11-09;6;112
1;2025-11-09;7;237
1;2025-11-09;8;336
1;2025-11-09;9;530
1;2025-11-09;10;654
1;2025-11-09;11;697
1;2025-11-09;12;798
1;2025-11-09;13;832
1;2025-11-09;14;788
1;2025-11-09;15;724
1;2025-11-09;16;660
1;2025-11-09;17;594
1;2025-11-09;18;525
1;2025-11-09;19;447
1;2025-11-09;20;348
1;2025-11-09;21;235
1;2025-11-09;22;78
1;2025-11-09;23;9
1;2025-11-10;0;1
1;2025-11-10;1;0
1;2025-11-10;2;0
1;2025-11-10;3;0
1;2025-11-10;4;7
1;2025-11-10;5;119
1;2025-11-10;6;530
1;2025-11-10;7;1511
1;2025-11-10;8;2060
1;2025-11-10;9;1477
1;2025-11-10;10;1274
1;2025-11-10;11;1274
1;2025-11-10;12;1314
1;2025-11-10;13;1326
1;2025-11-10;14;1302
1;2025-11-10;15;1430
1;2025-11-10;16;1522
1;2025-11-10;17;1805
1;2025-11-10;18;1901
1;2025-11-10;19;1407
1;2025-11-10;20;870
1;2025-11-10;21;479
1;2025-11-10;22;175
1;2025-11-10;23;22
1;2025-11-11;0;2
1;2025-11-11;1;0
1;2025-11-11;2;0
1;2025-11-11;3;0
1;2025-11-11;4;7
1;2025-11-11;5;123
1;2025-11-11;6;538
1;2025-11-11;7;1537
1;2025-11-11;8;2077
1;2025-11-11;9;1510
1;2025-11-11;10;1323
1;2025-11-11;11;1317
1;2025-11-11;12;1348
1;2025-11-11;13;1361
1;2025-11-11;14;1318
1;2025-11-11;15;1434
1;2025-11-11;16;1520
1;2025-11-11;17;1801
1;2025-11-11;18;1892
1;2025-11-11;19;1392
1;2025-11-11;20;880
1;2025-11-11;21;491
1;2025-11-11;22;190
1;2025-11-11;23;36
1;2025-11-12;0;3
1;2025-11-12;1;0
1;2025-11-12;2;0
1;2025-11-12;3;0
1;2025-11-12;4;7
1;2025-11-12;5;124
1;2025-11-12;6;540
1;2025-11-12;7;1530
1;2025-11-12;8;2097
1;2025-11-12;9;1520
1;2025-11-12;10;1329
1;2025-11-12;11;1334
1;2025-11-12;12;1359
1;2025-11-12;13;1383
1;2025-11-12;14;1340
1;2025-11-12;15;1449
1;2025-11-12;16;1533
1;2025-11-12;17;1816
1;2025-11-12;18;1899
1;2025-11-12;19;1395
1;2025-11-12;20;873
1;2025-11-12;21;497
1;2025-11-12;22;202
1;2025-11-12;23;40
1;2025-11-13;0;3
1;2025-11-13;1;0
1;2025-11-13;2;0
1;2025-11-13;3;0
1;2025-11-13;4;7
1;2025-11-13;5;119
1;2025-11-13;6;526
1;2025-11-13;7;1502
1;2025-11-13;8;2055
1;2025-11-13;9;1504
1;2025-11-13;10;1317
1;2025-11-13;11;1319
1;2025-11-13;12;1350
1;2025-11-13;13;1370
1;2025-11-13;14;1329
1;2025-11-13;15;1446
1;2025-11-13;16;1527
1;2025-11-13;17;1794
1;2025-11-13;18;1862
1;2025-11-13;19;1367
1;2025-11-13;20;864
1;2025-11-13;21;497
1;2025-11-13;22;199
1;2025-11-13;23;44
1;2025-11-14;0;4
1;2025-11-14;1;0
1;2025-11-14;2;0
1;2025-11-14;3;0
1;2025-11-14;4;6
1;2025-11-14;5;120
1;2025-11-14;6;530
1;2025-11-14;7;1485
1;2025-11-14;8;2042
1;2025-11-14;9;1480
1;2025-11-14;10;1329
1;2025-11-14;11;1353
1;2025-11-14;12;1378
1;2025-11-14;13;1406
1;2025-11-14;14;1386
1;2025-11-14;15;1513
1;2025-11-14;16;1613
1;2025-11-14;17;1760
1;2025-11-14;18;1658
1;2025-11-14;19;1259
1;2025-11-14;20;813
1;2025-11-14;21;491
1;2025-11-14;22;203
1;2025-11-14;23;55
1;2025-11-15;0;3
1;2025-11-15;1;0
1;2025-11-15;2;0
1;2025-11-15;3;0
1;2025-11-15;4;1
1;2025-11-15;5;35
1;2025-11-15;6;200
1;2025-11-15;7;384
1;2025-11-15;8;537
1;2025-11-15;9;742
1;2025-11-15;10;862
1;2025-11-15;11;879
1;2025-11-15;12;982
1;2025-11-15;13;1008
1;2025-11-15;14;960
1;2025-11-15;15;890
1;2025-11-15;16;833
1;2025-11-15;17;770
1;2025-11-15;18;684
1;2025-11-15;19;610
1;2025-11-15;20;453
1;2025-11-15;21;317
1;2025-11-15;22;137
1;2025-11-15;23;40
1;2025-11-16;0;1
1;2025-11-16;1;0
1;2025-11-16;2;0
1;2025-11-16;3;0
1;2025-11-16;4;0
1;2025-11-16;5;18
1;2025-11-16;6;126
1;2025-11-16;7;258
1;2025-11-16;8;371
1;2025-11-16;9;568
1;2025-11-16;10;696
1;2025-11-16;11;733
1;2025-11-16;12;829
1;2025-11-16;13;865
1;2025-11-16;14;823
1;2025-11-16;15;755
1;2025-11-16;16;691
1;2025-11-16;17;629
1;2025-11-16;18;559
1;2025-11-16;19;472
1;2025-11-16;20;369
1;2025-11-16;21;251
1;2025-11-16;22;95
1;2025-11-16;23;17
1;2025-11-17;0;1
1;2025-11-17;1;0
1;2025-11-17;2;0
1;2025-11-17;3;0
1;2025-11-17;4;6
1;2025-11-17;5;119
1;2025-11-17;6;534
1;2025-11-17;7;1518
1;2025-11-17;8;2080
1;2025-11-17;9;1493
1;2025-11-17;10;1293
1;2025-11-17;11;1293
1;2025-11-17;12;1328
1;2025-11-17;13;1342
1;2025-11-17;14;1321
1;2025-11-17;15;1444
1;2025-11-17;16;1537
1;2025-11-17;17;1820
1;2025-11-17;18;1919
1;2025-11-17;19;1420
1;2025-11-17;20;883
1;2025-11-17;21;491
1;2025-11-17;22;186
1;2025-11-17;23;28
1;2025-11-18;0;1
1;2025-11-18;1;0
1;2025-11-18;2;0
1;2025-11-18;3;0
1;2025-11-18;4;6
1;2025-11-18;5;122
1;2025-11-18;6;536
1;2025-11-18;7;1532
1;2025-11-18;8;2079
1;2025-11-18;9;1510
1;2025-11-18;10;1321
1;2025-11-18;11;1314
1;2025-11-18;12;1344
1;2025-11-18;13;1357
1;2025-11-18;14;1314
1;2025-11-18;15;1429
1;2025-11-18;16;1517
1;2025-11-18;17;1799
1;2025-11-18;18;1892
1;2025-11-18;19;1390
1;2025-11-18;20;879
1;2025-11-18;21;491
1;2025-11-18;22;191
1;2025-11-18;23;36
1;2025-11-19;0;2
1;2025-11-19;1;0
1;2025-11-19;2;0
1;2025-11-19;3;0
1;2025-11-19;4;7
1;2025-11-19;5;123
1;2025-11-19;6;537
1;2025-11-19;7;1523
1;2025-11-19;8;2094
1;2025-11-19;9;1516
1;2025-11-19;10;1324
1;2025-11-19;11;1330
1;2025-11-19;12;1354
1;2025-11-19;13;1378
1;2025-11-19;14;1334
1;2025-11-19;15;1442
1;2025-11-19;16;1528
1;2025-11-19;17;1812
1;2025-11-19;18;1896
1;2025-11-19;19;1392
1;2025-11-19;20;871
1;2025-11-19;21;497
1;2025-11-19;22;202
1;2025-11-19;23;40
1;2025-11-20;0;3
1;2025-11-20;1;0
1;2025-11-20;2;0
1;2025-11-20;3;0
1;2025-11-20;4;7
1;2025-11-20;5;117
1;2025-11-20;6;523
1;2025-11-20;7;1497
1;2025-11-20;8;2054
1;2025-11-20;9;1502
1;2025-11-20;10;1315
1;2025-11-20;11;1319
1;2025-11-20;12;1348
1;2025-11-20;13;1367
1;2025-11-20;14;1325
1;2025-11-20;15;1441
1;2025-11-20;16;1523
1;2025-11-20;17;1791
1;2025-11-20;18;1859
1;2025-11-20;19;1365
1;2025-11-20;20;862
1;2025-11-20;21;497
1;2025-11-20;22;199
1;2025-11-20;23;43
1;2025-11-21;0;4
1;2025-11-21;1;0
1;2025-11-21;2;0
1;2025-11-21;3;0
1;2025-11-21;4;6
1;2025-11-21;5;119
1;2025-11-21;6;528
1;2025-11-21;7;1481
1;2025-11-21;8;2039
1;2025-11-21;9;1477
1;2025-11-21;10;1325
1;2025-11-21;11;1353
1;2025-11-21;12;1376
1;2025-11-21;13;1404
1;2025-11-21;14;1386
1;2025-11-21;15;1513
1;2025-11-21;16;1614
1;2025-11-21;17;1761
1;2025-11-21;18;1662
1;2025-11-21;19;1262
1;2025-11-21;20;814
1;2025-11-21;21;492
1;2025-11-21;22;203
1;2025-11-21;23;54
1;2025-11-22;0;4
1;2025-11-22;1;0
1;2025-11-22;2;0
1;2025-11-22;3;0
1;2025-11-22;4;1
1;2025-11-22;5;33
1;2025-11-22;6;197
1;2025-11-22;7;388
1;2025-11-22;8;539
1;2025-11-22;9;743
1;2025-11-22;10;862
1;2025-11-22;11;881
1;2025-11-22;12;986
1;2025-11-22;13;1013
1;2025-11-22;14;964
1;2025-11-22;15;893
1;2025-11-22;16;838
1;2025-11-22;17;777
1;2025-11-22;18;693
1;2025-11-22;19;615
1;2025-11-22;20;457
1;2025-11-22;21;320
1;2025-11-22;22;139
1;2025-11-22;23;41
1;2025-11-23;0;4
1;2025-11-23;1;0
1;2025-11-23;2;0
1;2025-11-23;3;0
1;2025-11-23;4;1
1;2025-11-23;5;18
1;2025-11-23;6;122
1;2025-11-23;7;250
1;2025-11-23;8;363
1;2025-11-23;9;557
1;2025-11-23;10;683
1;2025-11-23;11;730
1;2025-11-23;12;825
1;2025-11-23;13;863
1;2025-11-23;14;820
1;2025-11-23;15;753
1;2025-11-23;16;688
1;2025-11-23;17;630
1;2025-11-23;18;560
1;2025-11-23;19;476
1;2025-11-23;20;371
1;2025-11-23;21;256
1;2025-11-23;22;96
1;2025-11-23;23;19
1;2025-11-24;0;2
1;2025-11-24;1;0
1;2025-11-24;2;0
1;2025-11-24;3;0
1;2025-11-24;4;7
1;2025-11-24;5;115
1;2025-11-24;6;526
1;2025-11-24;7;1506
1;2025-11-24;8;2067
1;2025-11-24;9;1485
1;2025-11-24;10;1283
1;2025-11-24;11;1288
1;2025-11-24;12;1323
1;2025-11-24;13;1339
1;2025-11-24;14;1315
1;2025-11-24;15;1438
1;2025-11-24;16;1533
1;2025-11-24;17;1816
1;2025-11-24;18;1915
1;2025-11-24;19;1416
1;2025-11-24;20;880
1;2025-11-24;21;487
1;2025-11-24;22;182
1;2025-11-24;23;23
1;2025-11-25;0;2
1;2025-11-25;1;0
1;2025-11-25;2;0
1;2025-11-25;3;0
1;2025-11-25;4;6
1;2025-11-25;5;119
1;2025-11-25;6;531
1;2025-11-25;7;1518
1;2025-11-25;8;2062
1;2025-11-25;9;1496
1;2025-11-25;10;1311
1;2025-11-25;11;1302
1;2025-11-25;12;1333
1;2025-11-25;13;1347
1;2025-11-25;14;1306
1;2025-11-25;15;1418
1;2025-11-25;16;1511
1;2025-11-25;17;1793
1;2025-11-25;18;1889
1;2025-11-25;19;1387
1;2025-11-25;20;876
1;2025-11-25;21;489
1;2025-11-25;22;189
1;2025-11-25;23;32
1;2025-11-26;0;2
1;2025-11-26;1;0
1;2025-11-26;2;0
1;2025-11-26;3;0
1;2025-11-26;4;7
1;2025-11-26;5;124
1;2025-11-26;6;536
1;2025-11-26;7;1513
1;2025-11-26;8;2083
1;2025-11-26;9;1509
1;2025-11-26;10;1317
1;2025-11-26;11;1319
1;2025-11-26;12;1343
1;2025-11-26;13;1364
1;2025-11-26;14;1320
1;2025-11-26;15;1426
1;2025-11-26;16;1517
1;2025-11-26;17;1801
1;2025-11-26;18;1894
1;2025-11-26;19;1389
1;2025-11-26;20;869
1;2025-11-26;21;495
1;2025-11-26;22;202
1;2025-11-26;23;41
1;2025-11-27;0;3
1;2025-11-27;1;0
1;2025-11-27;2;0
1;2025-11-27;3;0
1;2025-11-27;4;7
1;2025-11-27;5;119
1;2025-11-27;6;524
1;2025-11-27;7;1487
1;2025-11-27;8;2042
1;2025-11-27;9;1495
1;2025-11-27;10;1309
1;2025-11-27;11;1309
1;2025-11-27;12;1337
1;2025-11-27;13;1356
1;2025-11-27;14;1312
1;2025-11-27;15;1427
1;2025-11-27;16;1512
1;2025-11-27;17;1781
1;2025-11-27;18;1855
1;2025-11-27;19;1362
1;2025-11-27;20;861
1;2025-11-27;21;495
1;2025-11-27;22;198
1;2025-11-27;23;45
1;2025-11-28;0;5
1;2025-11-28;1;0
1;2025-11-28;2;0
1;2025-11-28;3;0
1;2025-11-28;4;6
1;2025-11-28;5;122
1;2025-11-28;6;530
1;2025-11-28;7;1474
1;2025-11-28;8;2030
1;2025-11-28;9;1472
1;2025-11-28;10;1319
1;2025-11-28;11;1343
1;2025-11-28;12;1367
1;2025-11-28;13;1393
1;2025-11-28;14;1372
1;2025-11-28;15;1497
1;2025-11-28;16;1601
1;2025-11-28;17;1751
1;2025-11-28;18;1659
1;2025-11-28;19;1261
1;2025-11-28;20;815
1;2025-11-28;21;493
1;2025-11-28;22;204
1;2025-11-28;23;56
1;2025-11-29;0;3
1;2025-11-29;1;0
1;2025-11-29;2;0
1;2025-11-29;3;0
1;2025-11-29;4;1
1;2025-11-29;5;36
1;2025-11-29;6;200
1;2025-11-29;7;385
1;2025-11-29;8;531
1;2025-11-29;9;731
1;2025-11-29;10;841
1;2025-11-29;11;860
1;2025-11-29;12;959
1;2025-11-29;13;983
1;2025-11-29;14;932
1;2025-11-29;15;863
1;2025-11-29;16;810
1;2025-11-29;17;751
1;2025-11-29;18;670
1;2025-11-29;19;598
1;2025-11-29;20;443
1;2025-11-29;21;309
1;2025-11-29;22;133
1;2025-11-29;23;38
1;2025-11-30;0;3
1;2025-11-30;1;0
1;2025-11-30;2;0
1;2025-11-30;3;0
1;2025-11-30;4;0
1;2025-11-30;5;20
1;2025-11-30;6;123
1;2025-11-30;7;248
1;2025-11-30;8;354
1;2025-11-30;9;546
1;2025-11-30;10;664
1;2025-11-30;11;703
1;2025-11-30;12;796
1;2025-11-30;13;829
1;2025-11-30;14;786
1;2025-11-30;15;721
1;2025-11-30;16;656
1;2025-11-30;17;602
1;2025-11-30;18;538
1;2025-11-30;19;460
1;2025-11-30;20;360
1;2025-11-30;21;246
1;2025-11-30;22;91
1;2025-11-30;23;14
1;2025-12-01;0;1
1;2025-12-01;1;0
1;2025-12-01;2;0
1;2025-12-01;3;0
1;2025-12-01;4;6
1;2025-12-01;5;116
1;2025-12-01;6;536
1;2025-12-01;7;1469
1;2025-12-01;8;1990
1;2025-12-01;9;1465
1;2025-12-01;10;1262
1;2025-12-01;11;1255
1;2025-12-01;12;1282
1;2025-12-01;13;1287
1;2025-12-01;14;1258
1;2025-12-01;15;1381
1;2025-12-01;16;1471
1;2025-12-01;17;1764
1;2025-12-01;18;1873
1;2025-12-01;19;1390
1;2025-12-01;20;862
1;2025-12-01;21;479
1;2025-12-01;22;186
1;2025-12-01;23;21
1;2025-12-02;0;1
1;2025-12-02;1;0
1;2025-12-02;2;0
1;2025-12-02;3;0
1;2025-12-02;4;7
1;2025-12-02;5;121
1;2025-12-02;6;539
1;2025-12-02;7;1482
1;2025-12-02;8;1992
1;2025-12-02;9;1484
1;2025-12-02;10;1297
1;2025-12-02;11;1283
1;2025-12-02;12;1310
1;2025-12-02;13;1314
1;2025-12-02;14;1267
1;2025-12-02;15;1376
1;2025-12-02;16;1462
1;2025-12-02;17;1745
1;2025-12-02;18;1842
1;2025-12-02;19;1366
1;2025-12-02;20;863
1;2025-12-02;21;483
1;2025-12-02;22;194
1;2025-12-02;23;28
1;2025-12-03;0;2
1;2025-12-03;1;0
1;2025-12-03;2;0
1;2025-12-03;3;0
1;2025-12-03;4;7
1;2025-12-03;5;123
1;2025-12-03;6;544
1;2025-12-03;7;1482
1;2025-12-03;8;2026
1;2025-12-03;9;1509
1;2025-12-03;10;1320
1;2025-12-03;11;1321
1;2025-12-03;12;1345
1;2025-12-03;13;1359
1;2025-12-03;14;1312
1;2025-12-03;15;1414
1;2025-12-03;16;1498
1;2025-12-03;17;1777
1;2025-12-03;18;1866
1;2025-12-03;19;1378
1;2025-12-03;20;865
1;2025-12-03;21;498
1;2025-12-03;22;215
1;2025-12-03;23;43
1;2025-12-04;0;3
1;2025-12-04;1;0
1;2025-12-04;2;0
1;2025-12-04;3;0
1;2025-12-04;4;7
1;2025-12-04;5;123
1;2025-12-04;6;535
1;2025-12-04;7;1460
1;2025-12-04;8;1988
1;2025-12-04;9;1498
1;2025-12-04;10;1314
1;2025-12-04;11;1311
1;2025-12-04;12;1340
1;2025-12-04;13;1351
1;2025-12-04;14;1304
1;2025-12-04;15;1416
1;2025-12-04;16;1497
1;2025-12-04;17;1761
1;2025-12-04;18;1832
1;2025-12-04;19;1357
1;2025-12-04;20;862
1;2025-12-04;21;504
1;2025-12-04;22;213
1;2025-12-04;23;48
1;2025-12-05;0;5
1;2025-12-05;1;0
1;2025-12-05;2;0
1;2025-12-05;3;0
1;2025-12-05;4;7
1;2025-12-05;5;123
1;2025-12-05;6;539
1;2025-12-05;7;1450
1;2025-12-05;8;1977
1;2025-12-05;9;1476
1;2025-12-05;10;1325
1;2025-12-05;11;1349
1;2025-12-05;12;1372
1;2025-12-05;13;1393
1;2025-12-05;14;1365
1;2025-12-05;15;1486
1;2025-12-05;16;1582
1;2025-12-05;17;1737
1;2025-12-05;18;1643
1;2025-12-05;19;1259
1;2025-12-05;20;823
1;2025-12-05;21;505
1;2025-12-05;22;221
1;2025-12-05;23;55
1;2025-12-06;0;5
1;2025-12-06;1;0
1;2025-12-06;2;0
1;2025-12-06;3;0
1;2025-12-06;4;1
1;2025-12-06;5;30
1;2025-12-06;6;189
1;2025-12-06;7;356
1;2025-12-06;8;504
1;2025-12-06;9;717
1;2025-12-06;10;829
1;2025-12-06;11;853
1;2025-12-06;12;956
1;2025-12-06;13;985
1;2025-12-06;14;933
1;2025-12-06;15;862
1;2025-12-06;16;807
1;2025-12-06;17;748
1;2025-12-06;18;660
1;2025-12-06;19;596
1;2025-12-06;20;444
1;2025-12-06;21;314
1;2025-12-06;22;140
1;2025-12-06;23;33
1;2025-12-07;0;4
1;2025-12-07;1;0
1;2025-12-07;2;0
1;2025-12-07;3;0
1;2025-12-07;4;1
1;2025-12-07;5;16
1;2025-12-07;6;116
1;2025-12-07;7;230
1;2025-12-07;8;341
1;2025-12-07;9;550
1;2025-12-07;10;674
1;2025-12-07;11;718
1;2025-12-07;12;814
1;2025-12-07;13;852
1;2025-12-07;14;806
1;2025-12-07;15;737
1;2025-12-07;16;667
1;2025-12-07;17;607
1;2025-12-07;18;532
1;2025-12-07;19;457
1;2025-12-07;20;361
1;2025-12-07;21;250
1;2025-12-07;22;99
1;2025-12-07;23;10
1;2025-12-08;0;1
1;2025-12-08;1;0
1;2025-12-08;2;0
1;2025-12-08;3;0
1;2025-12-08;4;7
1;2025-12-08;5;120
1;2025-12-08;6;542
1;2025-12-08;7;1487
1;2025-12-08;8;2019
1;2025-12-08;9;1493
1;2025-12-08;10;1293
1;2025-12-08;11;1295
1;2025-12-08;12;1324
1;2025-12-08;13;1330
1;2025-12-08;14;1299
1;2025-12-08;15;1423
1;2025-12-08;16;1510
1;2025-12-08;17;1797
1;2025-12-08;18;1892
1;2025-12-08;19;1407
1;2025-12-08;20;878
1;2025-12-08;21;492
1;2025-12-08;22;195
1;2025-12-08;23;29
1;2025-12-09;0;1
1;2025-12-09;1;0
1;2025-12-09;2;0
1;2025-12-09;3;0
1;2025-12-09;4;7
1;2025-12-09;5;125
1;2025-12-09;6;547
1;2025-12-09;7;1506
1;2025-12-09;8;2026
1;2025-12-09;9;1517
1;2025-12-09;10;1333
1;2025-12-09;11;1326
1;2025-12-09;12;1354
1;2025-12-09;13;1360
1;2025-12-09;14;1313
1;2025-12-09;15;1423
1;2025-12-09;16;1506
1;2025-12-09;17;1783
1;2025-12-09;18;1873
1;2025-12-09;19;1388
1;2025-12-09;20;883
1;2025-12-09;21;501
1;2025-12-09;22;205
1;2025-12-09;23;37
1;2025-12-10;0;3
1;2025-12-10;1;0
1;2025-12-10;2;0
1;2025-12-10;3;0
1;2025-12-10;4;7
1;2025-12-10;5;126
1;2025-12-10;6;551
1;2025-12-10;7;1503
1;2025-12-10;8;2047
1;2025-12-10;9;1527
1;2025-12-10;10;1340
1;2025-12-10;11;1344
1;2025-12-10;12;1368
1;2025-12-10;13;1384
1;2025-12-10;14;1337
1;2025-12-10;15;1440
1;2025-12-10;16;1520
1;2025-12-10;17;1800
1;2025-12-10;18;1882
1;2025-12-10;19;1393
1;2025-12-10;20;878
1;2025-12-10;21;509
1;2025-12-10;22;219
1;2025-12-10;23;44
1;2025-12-11;0;3
1;2025-12-11;1;0
1;2025-12-11;2;0
1;2025-12-11;3;0
1;2025-12-11;4;7
1;2025-12-11;5;122
1;2025-12-11;6;536
1;2025-12-11;7;1475
1;2025-12-11;8;2004
1;2025-12-11;9;1510
1;2025-12-11;10;1327
1;2025-12-11;11;1329
1;2025-12-11;12;1357
1;2025-12-11;13;1370
1;2025-12-11;14;1324
1;2025-12-11;15;1437
1;2025-12-11;16;1513
1;2025-12-11;17;1777
1;2025-12-11;18;1843
1;2025-12-11;19;1364
1;2025-12-11;20;868
1;2025-12-11;21;508
1;2025-12-11;22;215
1;2025-12-11;23;48
1;2025-12-12;0;4
1;2025-12-12;1;0
1;2025-12-12;2;0
1;2025-12-12;3;0
1;2025-12-12;4;7
1;2025-12-12;5;121
1;2025-12-12;6;538
1;2025-12-12;7;1459
1;2025-12-12;8;1988
1;2025-12-12;9;1482
1;2025-12-12;10;1334
1;2025-12-12;11;1361
1;2025-12-12;12;1384
1;2025-12-12;13;1406
1;2025-12-12;14;1380
1;2025-12-12;15;1504
1;2025-12-12;16;1598
1;2025-12-12;17;1746
1;2025-12-12;18;1643
1;2025-12-12;19;1258
1;2025-12-12;20;820
1;2025-12-12;21;503
1;2025-12-12;22;220
1;2025-12-12;23;54
1;2025-12-13;0;5
1;2025-12-13;1;0
1;2025-12-13;2;0
1;2025-12-13;3;0
1;2025-12-13;4;1
1;2025-12-13;5;31
1;2025-12-13;6;191
1;2025-12-13;7;361
1;2025-12-13;8;512
1;2025-12-13;9;728
1;2025-12-13;10;845
1;2025-12-13;11;869
1;2025-12-13;12;972
1;2025-12-13;13;1003
1;2025-12-13;14;952
1;2025-12-13;15;882
1;2025-12-13;16;825
1;2025-12-13;17;765
1;2025-12-13;18;672
1;2025-12-13;19;604
1;2025-12-13;20;449
1;2025-12-13;21;318
1;2025-12-13;22;143
1;2025-12-13;23;34
1;2025-12-14;0;3
1;2025-12-14;1;0
1;2025-12-14;2;0
1;2025-12-14;3;0
1;2025-12-14;4;1
1;2025-12-14;5;18
1;2025-12-14;6;119
1;2025-12-14;7;239
1;2025-12-14;8;351
1;2025-12-14;9;561
1;2025-12-14;10;686
1;2025-12-14;11;728
1;2025-12-14;12;823
1;2025-12-14;13;862
1;2025-12-14;14;817
1;2025-12-14;15;752
1;2025-12-14;16;681
1;2025-12-14;17;620
1;2025-12-14;18;548
1;2025-12-14;19;468
1;2025-12-14;20;371
1;2025-12-14;21;259
1;2025-12-14;22;104
1;2025-12-14;23;14
1;2025-12-15;0;1
1;2025-12-15;1;0
1;2025-12-15;2;0
1;2025-12-15;3;0
1;2025-12-15;4;7
1;2025-12-15;5;120
1;2025-12-15;6;543
1;2025-12-15;7;1497
1;2025-12-15;8;2034
1;2025-12-15;9;1502
1;2025-12-15;10;1303
1;2025-12-15;11;1303
1;2025-12-15;12;1331
1;2025-12-15;13;1337
1;2025-12-15;14;1308
1;2025-12-15;15;1428
1;2025-12-15;16;1516
1;2025-12-15;17;1802
1;2025-12-15;18;1902
1;2025-12-15;19;1412
1;2025-12-15;20;882
1;2025-12-15;21;495
1;2025-12-15;22;196
1;2025-12-15;23;30
1;2025-12-16;0;1
1;2025-12-16;1;0
1;2025-12-16;2;0
1;2025-12-16;3;0
1;2025-12-16;4;7
1;2025-12-16;5;125
1;2025-12-16;6;549
1;2025-12-16;7;1515
1;2025-12-16;8;2045
1;2025-12-16;9;1528
1;2025-12-16;10;1348
1;2025-12-16;11;1340
1;2025-12-16;12;1367
1;2025-12-16;13;1373
1;2025-12-16;14;1327
1;2025-12-16;15;1436
1;2025-12-16;16;1519
1;2025-12-16;17;1793
1;2025-12-16;18;1883
1;2025-12-16;19;1393
1;2025-12-16;20;887
1;2025-12-16;21;503
1;2025-12-16;22;207
1;2025-12-16;23;40
1;2025-12-17;0;3
1;2025-12-17;1;0
1;2025-12-17;2;0
1;2025-12-17;3;0
1;2025-12-17;4;7
1;2025-12-17;5;127
1;2025-12-17;6;551
1;2025-12-17;7;1504
1;2025-12-17;8;2057
1;2025-12-17;9;1530
1;2025-12-17;10;1347
1;2025-12-17;11;1351
1;2025-12-17;12;1373
1;2025-12-17;13;1390
1;2025-12-17;14;1344
1;2025-12-17;15;1446
1;2025-12-17;16;1523
1;2025-12-17;17;1800
1;2025-12-17;18;1883
1;2025-12-17;19;1394
1;2025-12-17;20;878
1;2025-12-17;21;509
1;2025-12-17;22;220
1;2025-12-17;23;44
1;2025-12-18;0;3
1;2025-12-18;1;0
1;2025-12-18;2;0
1;2025-12-18;3;0
1;2025-12-18;4;7
1;2025-12-18;5;122
1;2025-12-18;6;537
1;2025-12-18;7;1473
1;2025-12-18;8;2010
1;2025-12-18;9;1514
1;2025-12-18;10;1333
1;2025-12-18;11;1333
1;2025-12-18;12;1360
1;2025-12-18;13;1374
1;2025-12-18;14;1327
1;2025-12-18;15;1435
1;2025-12-18;16;1512
1;2025-12-18;17;1777
1;2025-12-18;18;1845
1;2025-12-18;19;1366
1;2025-12-18;20;868
1;2025-12-18;21;508
1;2025-12-18;22;216
1;2025-12-18;23;47
1;2025-12-19;0;4
1;2025-12-19;1;0
1;2025-12-19;2;0
1;2025-12-19;3;0
1;2025-12-19;4;7
1;2025-12-19;5;123
1;2025-12-19;6;541
1;2025-12-19;7;1460
1;2025-12-19;8;1994
1;2025-12-19;9;1487
1;2025-12-19;10;1340
1;2025-12-19;11;1370
1;2025-12-19;12;1391
1;2025-12-19;13;1413
1;2025-12-19;14;1388
1;2025-12-19;15;1512
1;2025-12-19;16;1607
1;2025-12-19;17;1754
1;2025-12-19;18;1652
1;2025-12-19;19;1267
1;2025-12-19;20;825
1;2025-12-19;21;507
1;2025-12-19;22;224
1;2025-12-19;23;56
1;2025-12-20;0;5
1;2025-12-20;1;0
1;2025-12-20;2;0
1;2025-12-20;3;0
1;2025-12-20;4;1
1;2025-12-20;5;30
1;2025-12-20;6;191
1;2025-12-20;7;366
1;2025-12-20;8;521
1;2025-12-20;9;736
1;2025-12-20;10;854
1;2025-12-20;11;879
1;2025-12-20;12;981
1;2025-12-20;13;1013
1;2025-12-20;14;960
1;2025-12-20;15;889
1;2025-12-20;16;832
1;2025-12-20;17;773
1;2025-12-20;18;679
1;2025-12-20;19;611
1;2025-12-20;20;456
1;2025-12-20;21;323
1;2025-12-20;22;149
1;2025-12-20;23;38
1;2025-12-21;0;4
1;2025-12-21;1;0
1;2025-12-21;2;0
1;2025-12-21;3;0
1;2025-12-21;4;1
1;2025-12-21;5;17
1;2025-12-21;6;118
1;2025-12-21;7;236
1;2025-12-21;8;350
1;2025-12-21;9;561
1;2025-12-21;10;687
1;2025-12-21;11;728
1;2025-12-21;12;824
1;2025-12-21;13;863
1;2025-12-21;14;819
1;2025-12-21;15;752
1;2025-12-21;16;680
1;2025-12-21;17;620
1;2025-12-21;18;544
1;2025-12-21;19;465
1;2025-12-21;20;370
1;2025-12-21;21;259
1;2025-12-21;22;107
1;2025-12-21;23;14
1;2025-12-22;0;1
1;2025-12-22;1;0
1;2025-12-22;2;0
1;2025-12-22;3;0
1;2025-12-22;4;6
1;2025-12-22;5;120
1;2025-12-22;6;542
1;2025-12-22;7;1493
1;2025-12-22;8;2026
1;2025-12-22;9;1496
1;2025-12-22;10;1296
1;2025-12-22;11;1300
1;2025-12-22;12;1328
1;2025-12-22;13;1334
1;2025-12-22;14;1301
1;2025-12-22;15;1427
1;2025-12-22;16;1515
1;2025-12-22;17;1802
1;2025-12-22;18;1900
1;2025-12-22;19;1411
1;2025-12-22;20;882
1;2025-12-22;21;497
1;2025-12-22;22;199
1;2025-12-22;23;31
1;2025-12-23;0;2
1;2025-12-23;1;0
1;2025-12-23;2;0
1;2025-12-23;3;0
1;2025-12-23;4;7
1;2025-12-23;5;125
1;2025-12-23;6;548
1;2025-12-23;7;1507
1;2025-12-23;8;2030
1;2025-12-23;9;1519
1;2025-12-23;10;1336
1;2025-12-23;11;1330
1;2025-12-23;12;1358
1;2025-12-23;13;1364
1;2025-12-23;14;1316
1;2025-12-23;15;1429
1;2025-12-23;16;1512
1;2025-12-23;17;1790
1;2025-12-23;18;1879
1;2025-12-23;19;1392
1;2025-12-23;20;887
1;2025-12-23;21;505
1;2025-12-23;22;210
1;2025-12-23;23;40
1;2025-12-24;0;3
1;2025-12-24;1;0
1;2025-12-24;2;0
1;2025-12-24;3;0
1;2025-12-24;4;7
1;2025-12-24;5;127
1;2025-12-24;6;550
1;2025-12-24;7;1499
1;2025-12-24;8;2049
1;2025-12-24;9;1530
1;2025-12-24;10;1342
1;2025-12-24;11;1344
1;2025-12-24;12;1367
1;2025-12-24;13;1383
1;2025-12-24;14;1335
1;2025-12-24;15;1440
1;2025-12-24;16;1521
1;2025-12-24;17;1801
1;2025-12-24;18;1886
1;2025-12-24;19;1393
1;2025-12-24;20;878
1;2025-12-24;21;510
1;2025-12-24;22;221
1;2025-12-24;23;44
1;2025-12-25;0;3
1;2025-12-25;1;0
1;2025-12-25;2;0
1;2025-12-25;3;0
1;2025-12-25;4;7
1;2025-12-25;5;126
1;2025-12-25;6;538
1;2025-12-25;7;1452
1;2025-12-25;8;1981
1;2025-12-25;9;1511
1;2025-12-25;10;1345
1;2025-12-25;11;1342
1;2025-12-25;12;1373
1;2025-12-25;13;1381
1;2025-12-25;14;1336
1;2025-12-25;15;1445
1;2025-12-25;16;1512
1;2025-12-25;17;1768
1;2025-12-25;18;1830
1;2025-12-25;19;1360
1;2025-12-25;20;873
1;2025-12-25;21;514
1;2025-12-25;22;220
1;2025-12-25;23;49
1;2025-12-26;0;4
1;2025-12-26;1;0
1;2025-12-26;2;0
1;2025-12-26;3;0
1;2025-12-26;4;5
1;2025-12-26;5;129
1;2025-12-26;6;540
1;2025-12-26;7;1441
1;2025-12-26;8;1987
1;2025-12-26;9;1496
1;2025-12-26;10;1355
1;2025-12-26;11;1375
1;2025-12-26;12;1398
1;2025-12-26;13;1413
1;2025-12-26;14;1386
1;2025-12-26;15;1504
1;2025-12-26;16;1599
1;2025-12-26;17;1741
1;2025-12-26;18;1647
1;2025-12-26;19;1254
1;2025-12-26;20;827
1;2025-12-26;21;510
1;2025-12-26;22;228
1;2025-12-26;23;57
1;2025-12-27;0;4
1;2025-12-27;1;0
1;2025-12-27;2;0
1;2025-12-27;3;0
1;2025-12-27;4;2
1;2025-12-27;5;37
1;2025-12-27;6;193
1;2025-12-27;7;366
1;2025-12-27;8;513
1;2025-12-27;9;725
1;2025-12-27;10;832
1;2025-12-27;11;847
1;2025-12-27;12;946
1;2025-12-27;13;969
1;2025-12-27;14;921
1;2025-12-27;15;846
1;2025-12-27;16;792
1;2025-12-27;17;727
1;2025-12-27;18;643
1;2025-12-27;19;584
1;2025-12-27;20;442
1;2025-12-27;21;317
1;2025-12-27;22;143
1;2025-12-27;23;37
1;2025-12-28;0;3
1;2025-12-28;1;0
1;2025-12-28;2;0
1;2025-12-28;3;0
1;2025-12-28;4;0
1;2025-12-28;5;24
1;2025-12-28;6;119
1;2025-12-28;7;228
1;2025-12-28;8;346
1;2025-12-28;9;548
1;2025-12-28;10;668
1;2025-12-28;11;704
1;2025-12-28;12;793
1;2025-12-28;13;824
1;2025-12-28;14;781
1;2025-12-28;15;711
1;2025-12-28;16;642
1;2025-12-28;17;577
1;2025-12-28;18;507
1;2025-12-28;19;446
1;2025-12-28;20;357
1;2025-12-28;21;253
1;2025-12-28;22;102
1;2025-12-28;23;16
1;2025-12-29;0;0
1;2025-12-29;1;0
1;2025-12-29;2;0
1;2025-12-29;3;0
1;2025-12-29;4;7
1;2025-12-29;5;129
1;2025-12-29;6;544
1;2025-12-29;7;1455
1;2025-12-29;8;2022
1;2025-12-29;9;1508
1;2025-12-29;10;1327
1;2025-12-29;11;1324
1;2025-12-29;12;1357
1;2025-12-29;13;1350
1;2025-12-29;14;1313
1;2025-12-29;15;1438
1;2025-12-29;16;1519
1;2025-12-29;17;1792
1;2025-12-29;18;1882
1;2025-12-29;19;1404
1;2025-12-29;20;880
1;2025-12-29;21;494
1;2025-12-29;22;193
1;2025-12-29;23;31
1;2025-12-30;0;1
1;2025-12-30;1;0
1;2025-12-30;2;0
1;2025-12-30;3;0
1;2025-12-30;4;6
1;2025-12-30;5;126
1;2025-12-30;6;538
1;2025-12-30;7;1451
1;2025-12-30;8;2007
1;2025-12-30;9;1521
1;2025-12-30;10;1352
1;2025-12-30;11;1344
1;2025-12-30;12;1376
1;2025-12-30;13;1374
1;2025-12-30;14;1323
1;2025-12-30;15;1430
1;2025-12-30;16;1501
1;2025-12-30;17;1750
1;2025-12-30;18;1813
1;2025-12-30;19;1366
1;2025-12-30;20;869
1;2025-12-30;21;495
1;2025-12-30;22;206
1;2025-12-30;23;38
1;2025-12-31;0;0
1;2025-12-31;1;0
1;2025-12-31;2;0
1;2025-12-31;3;0
1;2025-12-31;4;1
1;2025-12-31;5;8
1;2025-12-31;6;60
1;2025-12-31;7;196
1;2025-12-31;8;272
1;2025-12-31;9;402
1;2025-12-31;10;432
1;2025-12-31;11;496
1;2025-12-31;12;564
1;2025-12-31;13;583
1;2025-12-31;14;549
1;2025-12-31;15;512
1;2025-12-31;16;493
1;2025-12-31;17;491
1;2025-12-31;18;434
1;2025-12-31;19;384
1;2025-12-31;20;295
1;2025-12-31;21;189
1;2025-12-31;22;28
1;2025-12-31;23;6
5;2025-11-01;0;5
5;2025-11-01;1;1
5;2025-11-01;2;1
5;2025-11-01;3;1
5;2025-11-01;4;1
5;2025-11-01;5;12
5;2025-11-01;6;41
5;2025-11-01;7;84
5;2025-11-01;8;113
5;2025-11-01;9;92
5;2025-11-01;10;84
5;2025-11-01;11;83
5;2025-11-01;12;84
5;2025-11-01;13;88
5;2025-11-01;14;87
5;2025-11-01;15;94
5;2025-11-01;16;102
5;2025-11-01;17;110
5;2025-11-01;18;111
5;2025-11-01;19;83
5;2025-11-01;20;61
5;2025-11-01;21;44
5;2025-11-01;22;26
5;2025-11-01;23;15
5;2025-11-02;0;3
5;2025-11-02;1;0
5;2025-11-02;2;0
5;2025-11-02;3;0
5;2025-11-02;4;0
5;2025-11-02;5;3
5;2025-11-02;6;12
5;2025-11-02;7;16
5;2025-11-02;8;25
5;2025-11-02;9;33
5;2025-11-02;10;40
5;2025-11-02;11;47
5;2025-11-02;12;52
5;2025-11-02;13;57
5;2025-11-02;14;57
5;2025-11-02;15;56
5;2025-11-02;16;55
5;2025-11-02;17;52
5;2025-11-02;18;48
5;2025-11-02;19;40
5;2025-11-02;20;31
5;2025-11-02;21;23
5;2025-11-02;22;13
5;2025-11-02;23;7
5;2025-11-03;0;3
5;2025-11-03;1;0
5;2025-11-03;2;0
5;2025-11-03;3;0
5;2025-11-03;4;0
5;2025-11-03;5;4
5;2025-11-03;6;18
5;2025-11-03;7;32
5;2025-11-03;8;42
5;2025-11-03;9;45
5;2025-11-03;10;46
5;2025-11-03;11;51
5;2025-11-03;12;56
5;2025-11-03;13;60
5;2025-11-03;14;60
5;2025-11-03;15;61
5;2025-11-03;16;63
5;2025-11-03;17;66
5;2025-11-03;18;65
5;2025-11-03;19;54
5;2025-11-03;20;40
5;2025-11-03;21;27
5;2025-11-03;22;14
5;2025-11-03;23;8
5;2025-11-04;0;3
5;2025-11-04;1;1
5;2025-11-04;2;0
5;2025-11-04;3;0
5;2025-11-04;4;0
5;2025-11-04;5;2
5;2025-11-04;6;15
5;2025-11-04;7;27
5;2025-11-04;8;38
5;2025-11-04;9;40
5;2025-11-04;10;41
5;2025-11-04;11;48
5;2025-11-04;12;53
5;2025-11-04;13;58
5;2025-11-04;14;58
5;2025-11-04;15;58
5;2025-11-04;16;60
5;2025-11-04;17;60
5;2025-11-04;18;60
5;2025-11-04;19;50
5;2025-11-04;20;37
5;2025-11-04;21;27
5;2025-11-04;22;13
5;2025-11-04;23;8
5;2025-11-05;0;2
5;2025-11-05;1;0
5;2025-11-05;2;0
5;2025-11-05;3;0
5;2025-11-05;4;0
5;2025-11-05;5;10
5;2025-11-05;6;44
5;2025-11-05;7;106
5;2025-11-05;8;152
5;2025-11-05;9;107
5;2025-11-05;10;87
5;2025-11-05;11;83
5;2025-11-05;12;84
5;2025-11-05;13;86
5;2025-11-05;14;86
5;2025-11-05;15;94
5;2025-11-05;16;106
5;2025-11-05;17;128
5;2025-11-05;18;136
5;2025-11-05;19;97
5;2025-11-05;20;62
5;2025-11-05;21;38
5;2025-11-05;22;19
5;2025-11-05;23;9
5;2025-11-06;0;2
5;2025-11-06;1;0
5;2025-11-06;2;0
5;2025-11-06;3;0
5;2025-11-06;4;0
5;2025-11-06;5;10
5;2025-11-06;6;43
5;2025-11-06;7;104
5;2025-11-06;8;149
5;2025-11-06;9;106
5;2025-11-06;10;85
5;2025-11-06;11;82
5;2025-11-06;12;83
5;2025-11-06;13;85
5;2025-11-06;14;86
5;2025-11-06;15;93
5;2025-11-06;16;106
5;2025-11-06;17;127
5;2025-11-06;18;135
5;2025-11-06;19;96
5;2025-11-06;20;62
5;2025-11-06;21;38
5;2025-11-06;22;19
5;2025-11-06;23;9
5;2025-11-07;0;3
5;2025-11-07;1;0
5;2025-11-07;2;0
5;2025-11-07;3;0
5;2025-11-07;4;0
5;2025-11-07;5;10
5;2025-11-07;6;45
5;2025-11-07;7;104
5;2025-11-07;8;148
5;2025-11-07;9;106
5;2025-11-07;10;88
5;2025-11-07;11;86
5;2025-11-07;12;87
5;2025-11-07;13;90
5;2025-11-07;14;92
5;2025-11-07;15;101
5;2025-11-07;16;114
5;2025-11-07;17;126
5;2025-11-07;18;121
5;2025-11-07;19;91
5;2025-11-07;20;61
5;2025-11-07;21;39
5;2025-11-07;22;20
5;2025-11-07;23;10
5;2025-11-08;0;3
5;2025-11-08;1;0
5;2025-11-08;2;0
5;2025-11-08;3;0
5;2025-11-08;4;0
5;2025-11-08;5;4
5;2025-11-08;6;19
5;2025-11-08;7;29
5;2025-11-08;8;40
5;2025-11-08;9;47
5;2025-11-08;10;53
5;2025-11-08;11;61
5;2025-11-08;12;66
5;2025-11-08;13;70
5;2025-11-08;14;70
5;2025-11-08;15;69
5;2025-11-08;16;68
5;2025-11-08;17;67
5;2025-11-08;18;62
5;2025-11-08;19;54
5;2025-11-08;20;40
5;2025-11-08;21;29
5;2025-11-08;22;17
5;2025-11-08;23;9
5;2025-11-09;0;3
5;2025-11-09;1;0
5;2025-11-09;2;0
5;2025-11-09;3;0
5;2025-11-09;4;0
5;2025-11-09;5;3
5;2025-11-09;6;13
5;2025-11-09;7;19
5;2025-11-09;8;28
5;2025-11-09;9;37
5;2025-11-09;10;44
5;2025-11-09;11;52
5;2025-11-09;12;58
5;2025-11-09;13;63
5;2025-11-09;14;63
5;2025-11-09;15;62
5;2025-11-09;16;60
5;2025-11-09;17;58
5;2025-11-09;18;54
5;2025-11-09;19;44
5;2025-11-09;20;33
5;2025-11-09;21;24
5;2025-11-09;22;13
5;2025-11-09;23;7
5;2025-11-10;0;2
5;2025-11-10;1;0
5;2025-11-10;2;0
5;2025-11-10;3;0
5;2025-11-10;4;0
5;2025-11-10;5;10
5;2025-11-10;6;44
5;2025-11-10;7;107
5;2025-11-10;8;151
5;2025-11-10;9;107
5;2025-11-10;10;86
5;2025-11-10;11;82
5;2025-11-10;12;84
5;2025-11-10;13;86
5;2025-11-10;14;86
5;2025-11-10;15;94
5;2025-11-10;16;106
5;2025-11-10;17;128
5;2025-11-10;18;137
5;2025-11-10;19;98
5;2025-11-10;20;63
5;2025-11-10;21;37
5;2025-11-10;22;18
5;2025-11-10;23;8
5;2025-11-11;0;2
5;2025-11-11;1;0
5;2025-11-11;2;0
5;2025-11-11;3;0
5;2025-11-11;4;0
5;2025-11-11;5;10
5;2025-11-11;6;46
5;2025-11-11;7;111
5;2025-11-11;8;156
5;2025-11-11;9;111
5;2025-11-11;10;90
5;2025-11-11;11;86
5;2025-11-11;12;88
5;2025-11-11;13;90
5;2025-11-11;14;90
5;2025-11-11;15;97
5;2025-11-11;16;110
5;2025-11-11;17;132
5;2025-11-11;18;141
5;2025-11-11;19;101
5;2025-11-11;20;66
5;2025-11-11;21;40
5;2025-11-11;22;20
5;2025-11-11;23;9
5;2025-11-12;0;2
5;2025-11-12;1;0
5;2025-11-12;2;0
5;2025-11-12;3;0
5;2025-11-12;4;0
5;2025-11-12;5;10
5;2025-11-12;6;46
5;2025-11-12;7;112
5;2025-11-12;8;158
5;2025-11-12;9;112
5;2025-11-12;10;92
5;2025-11-12;11;88
5;2025-11-12;12;89
5;2025-11-12;13;91
5;2025-11-12;14;91
5;2025-11-12;15;99
5;2025-11-12;16;111
5;2025-11-12;17;133
5;2025-11-12;18;143
5;2025-11-12;19;102
5;2025-11-12;20;66
5;2025-11-12;21;41
5;2025-11-12;22;21
5;2025-11-12;23;9
5;2025-11-13;0;2
5;2025-11-13;1;0
5;2025-11-13;2;0
5;2025-11-13;3;0
5;2025-11-13;4;0
5;2025-11-13;5;10
5;2025-11-13;6;46
5;2025-11-13;7;110
5;2025-11-13;8;156
5;2025-11-13;9;112
5;2025-11-13;10;91
5;2025-11-13;11;87
5;2025-11-13;12;89
5;2025-11-13;13;91
5;2025-11-13;14;91
5;2025-11-13;15;99
5;2025-11-13;16;111
5;2025-11-13;17;132
5;2025-11-13;18;141
5;2025-11-13;19;101
5;2025-11-13;20;66
5;2025-11-13;21;41
5;2025-11-13;22;21
5;2025-11-13;23;10
5;2025-11-14;0;3
5;2025-11-14;1;0
5;2025-11-14;2;0
5;2025-11-14;3;0
5;2025-11-14;4;0
5;2025-11-14;5;10
5;2025-11-14;6;45
5;2025-11-14;7;107
5;2025-11-14;8;151
5;2025-11-14;9;108
5;2025-11-14;10;90
5;2025-11-14;11;87
5;2025-11-14;12;89
5;2025-11-14;13;92
5;2025-11-14;14;93
5;2025-11-14;15;103
5;2025-11-14;16;116
5;2025-11-14;17;129
5;2025-11-14;18;123
5;2025-11-14;19;92
5;2025-11-14;20;62
5;2025-11-14;21;40
5;2025-11-14;22;21
5;2025-11-14;23;11
5;2025-11-15;0;4
5;2025-11-15;1;0
5;2025-11-15;2;0
5;2025-11-15;3;0
5;2025-11-15;4;0
5;2025-11-15;5;5
5;2025-11-15;6;20
5;2025-11-15;7;31
5;2025-11-15;8;42
5;2025-11-15;9;50
5;2025-11-15;10;56
5;2025-11-15;11;64
5;2025-11-15;12;68
5;2025-11-15;13;73
5;2025-11-15;14;72
5;2025-11-15;15;72
5;2025-11-15;16;71
5;2025-11-15;17;69
5;2025-11-15;18;65
5;2025-11-15;19;55
5;2025-11-15;20;41
5;2025-11-15;21;30
5;2025-11-15;22;18
5;2025-11-15;23;10
5;2025-11-16;0;4
5;2025-11-16;1;0
5;2025-11-16;2;0
5;2025-11-16;3;0
5;2025-11-16;4;0
5;2025-11-16;5;3
5;2025-11-16;6;14
5;2025-11-16;7;21
5;2025-11-16;8;30
5;2025-11-16;9;39
5;2025-11-16;10;46
5;2025-11-16;11;54
5;2025-11-16;12;59
5;2025-11-16;13;64
5;2025-11-16;14;64
5;2025-11-16;15;64
5;2025-11-16;16;61
5;2025-11-16;17;60
5;2025-11-16;18;55
5;2025-11-16;19;45
5;2025-11-16;20;34
5;2025-11-16;21;25
5;2025-11-16;22;14
5;2025-11-16;23;7
5;2025-11-17;0;2
5;2025-11-17;1;0
5;2025-11-17;2;0
5;2025-11-17;3;0
5;2025-11-17;4;0
5;2025-11-17;5;10
5;2025-11-17;6;45
5;2025-11-17;7;108
5;2025-11-17;8;152
5;2025-11-17;9;108
5;2025-11-17;10;87
5;2025-11-17;11;83
5;2025-11-17;12;84
5;2025-11-17;13;86
5;2025-11-17;14;87
5;2025-11-17;15;95
5;2025-11-17;16;107
5;2025-11-17;17;129
5;2025-11-17;18;139
5;2025-11-17;19;99
5;2025-11-17;20;64
5;2025-11-17;21;38
5;2025-11-17;22;19
5;2025-11-17;23;8
5;2025-11-18;0;2
5;2025-11-18;1;0
5;2025-11-18;2;0
5;2025-11-18;3;0
5;2025-11-18;4;0
5;2025-11-18;5;10
5;2025-11-18;6;46
5;2025-11-18;7;111
5;2025-11-18;8;156
5;2025-11-18;9;111
5;2025-11-18;10;90
5;2025-11-18;11;86
5;2025-11-18;12;88
5;2025-11-18;13;89
5;2025-11-18;14;89
5;2025-11-18;15;97
5;2025-11-18;16;110
5;2025-11-18;17;132
5;2025-11-18;18;141
5;2025-11-18;19;101
5;2025-11-18;20;66
5;2025-11-18;21;40
5;2025-11-18;22;20
5;2025-11-18;23;9
5;2025-11-19;0;2
5;2025-11-19;1;0
5;2025-11-19;2;0
5;2025-11-19;3;0
5;2025-11-19;4;0
5;2025-11-19;5;10
5;2025-11-19;6;46
5;2025-11-19;7;111
5;2025-11-19;8;158
5;2025-11-19;9;112
5;2025-11-19;10;91
5;2025-11-19;11;87
5;2025-11-19;12;89
5;2025-11-19;13;91
5;2025-11-19;14;91
5;2025-11-19;15;99
5;2025-11-19;16;111
5;2025-11-19;17;133
5;2025-11-19;18;143
5;2025-11-19;19;101
5;2025-11-19;20;66
5;2025-11-19;21;41
5;2025-11-19;22;21
5;2025-11-19;23;9
5;2025-11-20;0;2
5;2025-11-20;1;0
5;2025-11-20;2;0
5;2025-11-20;3;0
5;2025-11-20;4;0
5;2025-11-20;5;10
5;2025-11-20;6;46
5;2025-11-20;7;110
5;2025-11-20;8;156
5;2025-11-20;9;112
5;2025-11-20;10;91
5;2025-11-20;11;87
5;2025-11-20;12;89
5;2025-11-20;13;91
5;2025-11-20;14;91
5;2025-11-20;15;99
5;2025-11-20;16;111
5;2025-11-20;17;132
5;2025-11-20;18;141
5;2025-11-20;19;100
5;2025-11-20;20;66
5;2025-11-20;21;41
5;2025-11-20;22;21
5;2025-11-20;23;10
5;2025-11-21;0;3
5;2025-11-21;1;0
5;2025-11-21;2;0
5;2025-11-21;3;0
5;2025-11-21;4;0
5;2025-11-21;5;10
5;2025-11-21;6;45
5;2025-11-21;7;106
5;2025-11-21;8;151
5;2025-11-21;9;107
5;2025-11-21;10;89
5;2025-11-21;11;87
5;2025-11-21;12;89
5;2025-11-21;13;92
5;2025-11-21;14;93
5;2025-11-21;15;103
5;2025-11-21;16;116
5;2025-11-21;17;129
5;2025-11-21;18;124
5;2025-11-21;19;93
5;2025-11-21;20;62
5;2025-11-21;21;40
5;2025-11-21;22;21
5;2025-11-21;23;10
5;2025-11-22;0;4
5;2025-11-22;1;0
5;2025-11-22;2;0
5;2025-11-22;3;0
5;2025-11-22;4;0
5;2025-11-22;5;5
5;2025-11-22;6;20
5;2025-11-22;7;31
5;2025-11-22;8;42
5;2025-11-22;9;50
5;2025-11-22;10;56
5;2025-11-22;11;64
5;2025-11-22;12;69
5;2025-11-22;13;73
5;2025-11-22;14;72
5;2025-11-22;15;72
5;2025-11-22;16;71
5;2025-11-22;17;69
5;2025-11-22;18;65
5;2025-11-22;19;56
5;2025-11-22;20;41
5;2025-11-22;21;30
5;2025-11-22;22;18
5;2025-11-22;23;10
5;2025-11-23;0;4
5;2025-11-23;1;0
5;2025-11-23;2;0
5;2025-11-23;3;0
5;2025-11-23;4;0
5;2025-11-23;5;3
5;2025-11-23;6;13
5;2025-11-23;7;20
5;2025-11-23;8;30
5;2025-11-23;9;38
5;2025-11-23;10;45
5;2025-11-23;11;54
5;2025-11-23;12;59
5;2025-11-23;13;64
5;2025-11-23;14;64
5;2025-11-23;15;64
5;2025-11-23;16;61
5;2025-11-23;17;60
5;2025-11-23;18;56
5;2025-11-23;19;46
5;2025-11-23;20;35
5;2025-11-23;21;25
5;2025-11-23;22;14
5;2025-11-23;23;7
5;2025-11-24;0;2
5;2025-11-24;1;0
5;2025-11-24;2;0
5;2025-11-24;3;0
5;2025-11-24;4;0
5;2025-11-24;5;9
5;2025-11-24;6;44
5;2025-11-24;7;107
5;2025-11-24;8;151
5;2025-11-24;9;107
5;2025-11-24;10;86
5;2025-11-24;11;83
5;2025-11-24;12;84
5;2025-11-24;13;86
5;2025-11-24;14;87
5;2025-11-24;15;95
5;2025-11-24;16;107
5;2025-11-24;17;129
5;2025-11-24;18;139
5;2025-11-24;19;99
5;2025-11-24;20;64
5;2025-11-24;21;38
5;2025-11-24;22;18
5;2025-11-24;23;8
5;2025-11-25;0;2
5;2025-11-25;1;0
5;2025-11-25;2;0
5;2025-11-25;3;0
5;2025-11-25;4;0
5;2025-11-25;5;10
5;2025-11-25;6;46
5;2025-11-25;7;110
5;2025-11-25;8;155
5;2025-11-25;9;110
5;2025-11-25;10;90
5;2025-11-25;11;85
5;2025-11-25;12;87
5;2025-11-25;13;89
5;2025-11-25;14;89
5;2025-11-25;15;97
5;2025-11-25;16;109
5;2025-11-25;17;131
5;2025-11-25;18;141
5;2025-11-25;19;100
5;2025-11-25;20;65
5;2025-11-25;21;39
5;2025-11-25;22;19
5;2025-11-25;23;8
5;2025-11-26;0;2
5;2025-11-26;1;0
5;2025-11-26;2;0
5;2025-11-26;3;0
5;2025-11-26;4;0
5;2025-11-26;5;10
5;2025-11-26;6;46
5;2025-11-26;7;111
5;2025-11-26;8;158
5;2025-11-26;9;112
5;2025-11-26;10;91
5;2025-11-26;11;87
5;2025-11-26;12;89
5;2025-11-26;13;91
5;2025-11-26;14;91
5;2025-11-26;15;98
5;2025-11-26;16;111
5;2025-11-26;17;133
5;2025-11-26;18;143
5;2025-11-26;19;101
5;2025-11-26;20;66
5;2025-11-26;21;41
5;2025-11-26;22;21
5;2025-11-26;23;9
5;2025-11-27;0;2
5;2025-11-27;1;0
5;2025-11-27;2;0
5;2025-11-27;3;0
5;2025-11-27;4;0
5;2025-11-27;5;10
5;2025-11-27;6;46
5;2025-11-27;7;109
5;2025-11-27;8;155
5;2025-11-27;9;111
5;2025-11-27;10;90
5;2025-11-27;11;87
5;2025-11-27;12;88
5;2025-11-27;13;90
5;2025-11-27;14;90
5;2025-11-27;15;98
5;2025-11-27;16;110
5;2025-11-27;17;132
5;2025-11-27;18;141
5;2025-11-27;19;100
5;2025-11-27;20;66
5;2025-11-27;21;41
5;2025-11-27;22;21
5;2025-11-27;23;10
5;2025-11-28;0;3
5;2025-11-28;1;0
5;2025-11-28;2;0
5;2025-11-28;3;0
5;2025-11-28;4;0
5;2025-11-28;5;10
5;2025-11-28;6;45
5;2025-11-28;7;106
5;2025-11-28;8;151
5;2025-11-28;9;107
5;2025-11-28;10;89
5;2025-11-28;11;87
5;2025-11-28;12;88
5;2025-11-28;13;91
5;2025-11-28;14;93
5;2025-11-28;15;102
5;2025-11-28;16;115
5;2025-11-28;17;128
5;2025-11-28;18;123
5;2025-11-28;19;92
5;2025-11-28;20;62
5;2025-11-28;21;40
5;2025-11-28;22;21
5;2025-11-28;23;11
5;2025-11-29;0;4
5;2025-11-29;1;0
5;2025-11-29;2;0
5;2025-11-29;3;0
5;2025-11-29;4;0
5;2025-11-29;5;5
5;2025-11-29;6;20
5;2025-11-29;7;31
5;2025-11-29;8;42
5;2025-11-29;9;50
5;2025-11-29;10;55
5;2025-11-29;11;63
5;2025-11-29;12;67
5;2025-11-29;13;71
5;2025-11-29;14;71
5;2025-11-29;15;71
5;2025-11-29;16;69
5;2025-11-29;17;68
5;2025-11-29;18;64
5;2025-11-29;19;55
5;2025-11-29;20;40
5;2025-11-29;21;29
5;2025-11-29;22;18
5;2025-11-29;23;10
5;2025-11-30;0;4
5;2025-11-30;1;0
5;2025-11-30;2;0
5;2025-11-30;3;0
5;2025-11-30;4;0
5;2025-11-30;5;3
5;2025-11-30;6;13
5;2025-11-30;7;20
5;2025-11-30;8;29
5;2025-11-30;9;38
5;2025-11-30;10;44
5;2025-11-30;11;52
5;2025-11-30;12;57
5;2025-11-30;13;62
5;2025-11-30;14;62
5;2025-11-30;15;62
5;2025-11-30;16;59
5;2025-11-30;17;59
5;2025-11-30;18;54
5;2025-11-30;19;45
5;2025-11-30;20;34
5;2025-11-30;21;24
5;2025-11-30;22;14
5;2025-11-30;23;7
5;2025-12-01;0;2
5;2025-12-01;1;0
5;2025-12-01;2;0
5;2025-12-01;3;0
5;2025-12-01;4;0
5;2025-12-01;5;10
5;2025-12-01;6;45
5;2025-12-01;7;105
5;2025-12-01;8;147
5;2025-12-01;9;106
5;2025-12-01;10;85
5;2025-12-01;11;81
5;2025-12-01;12;82
5;2025-12-01;13;84
5;2025-12-01;14;84
5;2025-12-01;15;92
5;2025-12-01;16;104
5;2025-12-01;17;127
5;2025-12-01;18;137
5;2025-12-01;19;99
5;2025-12-01;20;63
5;2025-12-01;21;38
5;2025-12-01;22;19
5;2025-12-01;23;8
5;2025-12-02;0;2
5;2025-12-02;1;0
5;2025-12-02;2;0
5;2025-12-02;3;0
5;2025-12-02;4;0
5;2025-12-02;5;10
5;2025-12-02;6;47
5;2025-12-02;7;108
5;2025-12-02;8;151
5;2025-12-02;9;109
5;2025-12-02;10;89
5;2025-12-02;11;85
5;2025-12-02;12;86
5;2025-12-02;13;87
5;2025-12-02;14;87
5;2025-12-02;15;95
5;2025-12-02;16;107
5;2025-12-02;17;130
5;2025-12-02;18;140
5;2025-12-02;19;100
5;2025-12-02;20;65
5;2025-12-02;21;40
5;2025-12-02;22;20
5;2025-12-02;23;8
5;2025-12-03;0;2
5;2025-12-03;1;0
5;2025-12-03;2;0
5;2025-12-03;3;0
5;2025-12-03;4;0
5;2025-12-03;5;10
5;2025-12-03;6;47
5;2025-12-03;7;109
5;2025-12-03;8;154
5;2025-12-03;9;111
5;2025-12-03;10;91
5;2025-12-03;11;87
5;2025-12-03;12;89
5;2025-12-03;13;90
5;2025-12-03;14;90
5;2025-12-03;15;98
5;2025-12-03;16;110
5;2025-12-03;17;132
5;2025-12-03;18;142
5;2025-12-03;19;101
5;2025-12-03;20;66
5;2025-12-03;21;41
5;2025-12-03;22;21
5;2025-12-03;23;9
5;2025-12-04;0;3
5;2025-12-04;1;0
5;2025-12-04;2;0
5;2025-12-04;3;0
5;2025-12-04;4;0
5;2025-12-04;5;10
5;2025-12-04;6;47
5;2025-12-04;7;108
5;2025-12-04;8;152
5;2025-12-04;9;111
5;2025-12-04;10;91
5;2025-12-04;11;87
5;2025-12-04;12;88
5;2025-12-04;13;90
5;2025-12-04;14;90
5;2025-12-04;15;98
5;2025-12-04;16;110
5;2025-12-04;17;131
5;2025-12-04;18;140
5;2025-12-04;19;101
5;2025-12-04;20;66
5;2025-12-04;21;41
5;2025-12-04;22;21
5;2025-12-04;23;10
5;2025-12-05;0;3
5;2025-12-05;1;0
5;2025-12-05;2;0
5;2025-12-05;3;0
5;2025-12-05;4;0
5;2025-12-05;5;10
5;2025-12-05;6;46
5;2025-12-05;7;105
5;2025-12-05;8;147
5;2025-12-05;9;107
5;2025-12-05;10;89
5;2025-12-05;11;87
5;2025-12-05;12;89
5;2025-12-05;13;91
5;2025-12-05;14;92
5;2025-12-05;15;101
5;2025-12-05;16;115
5;2025-12-05;17;128
5;2025-12-05;18;123
5;2025-12-05;19;93
5;2025-12-05;20;63
5;2025-12-05;21;41
5;2025-12-05;22;22
5;2025-12-05;23;10
5;2025-12-06;0;4
5;2025-12-06;1;0
5;2025-12-06;2;0
5;2025-12-06;3;0
5;2025-12-06;4;0
5;2025-12-06;5;5
5;2025-12-06;6;20
5;2025-12-06;7;31
5;2025-12-06;8;42
5;2025-12-06;9;51
5;2025-12-06;10;58
5;2025-12-06;11;66
5;2025-12-06;12;71
5;2025-12-06;13;75
5;2025-12-06;14;75
5;2025-12-06;15;74
5;2025-12-06;16;73
5;2025-12-06;17;71
5;2025-12-06;18;67
5;2025-12-06;19;58
5;2025-12-06;20;43
5;2025-12-06;21;32
5;2025-12-06;22;20
5;2025-12-06;23;10
5;2025-12-07;0;4
5;2025-12-07;1;0
5;2025-12-07;2;0
5;2025-12-07;3;0
5;2025-12-07;4;0
5;2025-12-07;5;3
5;2025-12-07;6;14
5;2025-12-07;7;20
5;2025-12-07;8;30
5;2025-12-07;9;41
5;2025-12-07;10;48
5;2025-12-07;11;57
5;2025-12-07;12;63
5;2025-12-07;13;68
5;2025-12-07;14;68
5;2025-12-07;15;67
5;2025-12-07;16;65
5;2025-12-07;17;63
5;2025-12-07;18;58
5;2025-12-07;19;49
5;2025-12-07;20;37
5;2025-12-07;21;27
5;2025-12-07;22;16
5;2025-12-07;23;8
5;2025-12-08;0;2
5;2025-12-08;1;0
5;2025-12-08;2;0
5;2025-12-08;3;0
5;2025-12-08;4;0
5;2025-12-08;5;10
5;2025-12-08;6;45
5;2025-12-08;7;106
5;2025-12-08;8;148
5;2025-12-08;9;108
5;2025-12-08;10;87
5;2025-12-08;11;83
5;2025-12-08;12;84
5;2025-12-08;13;86
5;2025-12-08;14;86
5;2025-12-08;15;94
5;2025-12-08;16;106
5;2025-12-08;17;128
5;2025-12-08;18;138
5;2025-12-08;19;99
5;2025-12-08;20;64
5;2025-12-08;21;38
5;2025-12-08;22;19
5;2025-12-08;23;8
5;2025-12-09;0;2
5;2025-12-09;1;0
5;2025-12-09;2;0
5;2025-12-09;3;0
5;2025-12-09;4;0
5;2025-12-09;5;10
5;2025-12-09;6;47
5;2025-12-09;7;109
5;2025-12-09;8;153
5;2025-12-09;9;111
5;2025-12-09;10;91
5;2025-12-09;11;87
5;2025-12-09;12;88
5;2025-12-09;13;90
5;2025-12-09;14;89
5;2025-12-09;15;97
5;2025-12-09;16;109
5;2025-12-09;17;132
5;2025-12-09;18;141
5;2025-12-09;19;101
5;2025-12-09;20;66
5;2025-12-09;21;40
5;2025-12-09;22;21
5;2025-12-09;23;9
5;2025-12-10;0;2
5;2025-12-10;1;0
5;2025-12-10;2;0
5;2025-12-10;3;0
5;2025-12-10;4;0
5;2025-12-10;5;10
5;2025-12-10;6;47
5;2025-12-10;7;110
5;2025-12-10;8;155
5;2025-12-10;9;112
5;2025-12-10;10;92
5;2025-12-10;11;88
5;2025-12-10;12;90
5;2025-12-10;13;91
5;2025-12-10;14;91
5;2025-12-10;15;99
5;2025-12-10;16;111
5;2025-12-10;17;133
5;2025-12-10;18;142
5;2025-12-10;19;102
5;2025-12-10;20;66
5;2025-12-10;21;41
5;2025-12-10;22;22
5;2025-12-10;23;9
5;2025-12-11;0;3
5;2025-12-11;1;0
5;2025-12-11;2;0
5;2025-12-11;3;0
5;2025-12-11;4;0
5;2025-12-11;5;10
5;2025-12-11;6;47
5;2025-12-11;7;109
5;2025-12-11;8;152
5;2025-12-11;9;112
5;2025-12-11;10;91
5;2025-12-11;11;88
5;2025-12-11;12;89
5;2025-12-11;13;91
5;2025-12-11;14;91
5;2025-12-11;15;99
5;2025-12-11;16;111
5;2025-12-11;17;132
5;2025-12-11;18;141
5;2025-12-11;19;101
5;2025-12-11;20;66
5;2025-12-11;21;41
5;2025-12-11;22;21
5;2025-12-11;23;10
5;2025-12-12;0;3
5;2025-12-12;1;0
5;2025-12-12;2;0
5;2025-12-12;3;0
5;2025-12-12;4;0
5;2025-12-12;5;10
5;2025-12-12;6;46
5;2025-12-12;7;105
5;2025-12-12;8;148
5;2025-12-12;9;108
5;2025-12-12;10;90
5;2025-12-12;11;88
5;2025-12-12;12;89
5;2025-12-12;13;92
5;2025-12-12;14;93
5;2025-12-12;15;102
5;2025-12-12;16;116
5;2025-12-12;17;128
5;2025-12-12;18;123
5;2025-12-12;19;93
5;2025-12-12;20;62
5;2025-12-12;21;40
5;2025-12-12;22;22
5;2025-12-12;23;10
5;2025-12-13;0;4
5;2025-12-13;1;0
5;2025-12-13;2;0
5;2025-12-13;3;0
5;2025-12-13;4;0
5;2025-12-13;5;5
5;2025-12-13;6;20
5;2025-12-13;7;31
5;2025-12-13;8;43
5;2025-12-13;9;52
5;2025-12-13;10;59
5;2025-12-13;11;67
5;2025-12-13;12;72
5;2025-12-13;13;76
5;2025-12-13;14;76
5;2025-12-13;15;75
5;2025-12-13;16;74
5;2025-12-13;17;72
5;2025-12-13;18;67
5;2025-12-13;19;58
5;2025-12-13;20;44
5;2025-12-13;21;32
5;2025-12-13;22;20
5;2025-12-13;23;10
5;2025-12-14;0;4
5;2025-12-14;1;0
5;2025-12-14;2;0
5;2025-12-14;3;0
5;2025-12-14;4;0
5;2025-12-14;5;3
5;2025-12-14;6;14
5;2025-12-14;7;21
5;2025-12-14;8;31
5;2025-12-14;9;41
5;2025-12-14;10;49
5;2025-12-14;11;58
5;2025-12-14;12;63
5;2025-12-14;13;68
5;2025-12-14;14;68
5;2025-12-14;15;68
5;2025-12-14;16;65
5;2025-12-14;17;64
5;2025-12-14;18;59
5;2025-12-14;19;49
5;2025-12-14;20;38
5;2025-12-14;21;28
5;2025-12-14;22;16
5;2025-12-14;23;8
5;2025-12-15;0;2
5;2025-12-15;1;0
5;2025-12-15;2;0
5;2025-12-15;3;0
5;2025-12-15;4;0
5;2025-12-15;5;10
5;2025-12-15;6;45
5;2025-12-15;7;106
5;2025-12-15;8;149
5;2025-12-15;9;108
5;2025-12-15;10;87
5;2025-12-15;11;83
5;2025-12-15;12;85
5;2025-12-15;13;86
5;2025-12-15;14;86
5;2025-12-15;15;95
5;2025-12-15;16;106
5;2025-12-15;17;129
5;2025-12-15;18;139
5;2025-12-15;19;100
5;2025-12-15;20;64
5;2025-12-15;21;38
5;2025-12-15;22;19
5;2025-12-15;23;8
5;2025-12-16;0;2
5;2025-12-16;1;0
5;2025-12-16;2;0
5;2025-12-16;3;0
5;2025-12-16;4;0
5;2025-12-16;5;10
5;2025-12-16;6;47
5;2025-12-16;7;110
5;2025-12-16;8;154
5;2025-12-16;9;112
5;2025-12-16;10;92
5;2025-12-16;11;88
5;2025-12-16;12;89
5;2025-12-16;13;90
5;2025-12-16;14;90
5;2025-12-16;15;98
5;2025-12-16;16;110
5;2025-12-16;17;132
5;2025-12-16;18;142
5;2025-12-16;19;102
5;2025-12-16;20;66
5;2025-12-16;21;40
5;2025-12-16;22;21
5;2025-12-16;23;9
5;2025-12-17;0;2
5;2025-12-17;1;0
5;2025-12-17;2;0
5;2025-12-17;3;0
5;2025-12-17;4;0
5;2025-12-17;5;10
5;2025-12-17;6;47
5;2025-12-17;7;110
5;2025-12-17;8;156
5;2025-12-17;9;113
5;2025-12-17;10;92
5;2025-12-17;11;89
5;2025-12-17;12;90
5;2025-12-17;13;92
5;2025-12-17;14;92
5;2025-12-17;15;99
5;2025-12-17;16;111
5;2025-12-17;17;133
5;2025-12-17;18;143
5;2025-12-17;19;102
5;2025-12-17;20;66
5;2025-12-17;21;41
5;2025-12-17;22;22
5;2025-12-17;23;9
5;2025-12-18;0;3
5;2025-12-18;1;0
5;2025-12-18;2;0
5;2025-12-18;3;0
5;2025-12-18;4;0
5;2025-12-18;5;10
5;2025-12-18;6;47
5;2025-12-18;7;108
5;2025-12-18;8;153
5;2025-12-18;9;112
5;2025-12-18;10;91
5;2025-12-18;11;88
5;2025-12-18;12;89
5;2025-12-18;13;91
5;2025-12-18;14;91
5;2025-12-18;15;99
5;2025-12-18;16;111
5;2025-12-18;17;132
5;2025-12-18;18;141
5;2025-12-18;19;101
5;2025-12-18;20;66
5;2025-12-18;21;41
5;2025-12-18;22;22
5;2025-12-18;23;9
5;2025-12-19;0;3
5;2025-12-19;1;0
5;2025-12-19;2;0
5;2025-12-19;3;0
5;2025-12-19;4;0
5;2025-12-19;5;10
5;2025-12-19;6;46
5;2025-12-19;7;105
5;2025-12-19;8;148
5;2025-12-19;9;108
5;2025-12-19;10;90
5;2025-12-19;11;88
5;2025-12-19;12;90
5;2025-12-19;13;92
5;2025-12-19;14;94
5;2025-12-19;15;103
5;2025-12-19;16;116
5;2025-12-19;17;129
5;2025-12-19;18;124
5;2025-12-19;19;93
5;2025-12-19;20;63
5;2025-12-19;21;41
5;2025-12-19;22;22
5;2025-12-19;23;10
5;2025-12-20;0;4
5;2025-12-20;1;0
5;2025-12-20;2;0
5;2025-12-20;3;0
5;2025-12-20;4;0
5;2025-12-20;5;5
5;2025-12-20;6;20
5;2025-12-20;7;31
5;2025-12-20;8;43
5;2025-12-20;9;53
5;2025-12-20;10;59
5;2025-12-20;11;67
5;2025-12-20;12;72
5;2025-12-20;13;77
5;2025-12-20;14;76
5;2025-12-20;15;76
5;2025-12-20;16;74
5;2025-12-20;17;73
5;2025-12-20;18;68
5;2025-12-20;19;59
5;2025-12-20;20;44
5;2025-12-20;21;33
5;2025-12-20;22;20
5;2025-12-20;23;11
5;2025-12-21;0;4
5;2025-12-21;1;0
5;2025-12-21;2;0
5;2025-12-21;3;0
5;2025-12-21;4;0
5;2025-12-21;5;3
5;2025-12-21;6;14
5;2025-12-21;7;21
5;2025-12-21;8;31
5;2025-12-21;9;41
5;2025-12-21;10;49
5;2025-12-21;11;58
5;2025-12-21;12;63
5;2025-12-21;13;69
5;2025-12-21;14;69
5;2025-12-21;15;68
5;2025-12-21;16;65
5;2025-12-21;17;64
5;2025-12-21;18;59
5;2025-12-21;19;49
5;2025-12-21;20;37
5;2025-12-21;21;28
5;2025-12-21;22;16
5;2025-12-21;23;8
5;2025-12-22;0;2
5;2025-12-22;1;0
5;2025-12-22;2;0
5;2025-12-22;3;0
5;2025-12-22;4;0
5;2025-12-22;5;10
5;2025-12-22;6;45
5;2025-12-22;7;106
5;2025-12-22;8;149
5;2025-12-22;9;108
5;2025-12-22;10;87
5;2025-12-22;11;83
5;2025-12-22;12;85
5;2025-12-22;13;86
5;2025-12-22;14;86
5;2025-12-22;15;95
5;2025-12-22;16;106
5;2025-12-22;17;129
5;2025-12-22;18;139
5;2025-12-22;19;100
5;2025-12-22;20;64
5;2025-12-22;21;39
5;2025-12-22;22;19
5;2025-12-22;23;8
5;2025-12-23;0;2
5;2025-12-23;1;0
5;2025-12-23;2;0
5;2025-12-23;3;0
5;2025-12-23;4;0
5;2025-12-23;5;10
5;2025-12-23;6;47
5;2025-12-23;7;109
5;2025-12-23;8;153
5;2025-12-23;9;111
5;2025-12-23;10;91
5;2025-12-23;11;87
5;2025-12-23;12;88
5;2025-12-23;13;90
5;2025-12-23;14;90
5;2025-12-23;15;97
5;2025-12-23;16;110
5;2025-12-23;17;132
5;2025-12-23;18;142
5;2025-12-23;19;102
5;2025-12-23;20;66
5;2025-12-23;21;41
5;2025-12-23;22;21
5;2025-12-23;23;9
5;2025-12-24;0;3
5;2025-12-24;1;0
5;2025-12-24;2;0
5;2025-12-24;3;0
5;2025-12-24;4;0
5;2025-12-24;5;10
5;2025-12-24;6;47
5;2025-12-24;7;110
5;2025-12-24;8;155
5;2025-12-24;9;113
5;2025-12-24;10;92
5;2025-12-24;11;88
5;2025-12-24;12;90
5;2025-12-24;13;92
5;2025-12-24;14;91
5;2025-12-24;15;99
5;2025-12-24;16;111
5;2025-12-24;17;133
5;2025-12-24;18;143
5;2025-12-24;19;102
5;2025-12-24;20;66
5;2025-12-24;21;41
5;2025-12-24;22;22
5;2025-12-24;23;9
5;2025-12-25;0;3
5;2025-12-25;1;0
5;2025-12-25;2;0
5;2025-12-25;3;0
5;2025-12-25;4;0
5;2025-12-25;5;11
5;2025-12-25;6;47
5;2025-12-25;7;107
5;2025-12-25;8;151
5;2025-12-25;9;112
5;2025-12-25;10;93
5;2025-12-25;11;89
5;2025-12-25;12;90
5;2025-12-25;13;92
5;2025-12-25;14;92
5;2025-12-25;15;100
5;2025-12-25;16;111
5;2025-12-25;17;132
5;2025-12-25;18;140
5;2025-12-25;19;101
5;2025-12-25;20;66
5;2025-12-25;21;42
5;2025-12-25;22;22
5;2025-12-25;23;10
5;2025-12-26;0;3
5;2025-12-26;1;0
5;2025-12-26;2;0
5;2025-12-26;3;0
5;2025-12-26;4;0
5;2025-12-26;5;10
5;2025-12-26;6;46
5;2025-12-26;7;104
5;2025-12-26;8;148
5;2025-12-26;9;109
5;2025-12-26;10;91
5;2025-12-26;11;89
5;2025-12-26;12;91
5;2025-12-26;13;93
5;2025-12-26;14;94
5;2025-12-26;15;103
5;2025-12-26;16;116
5;2025-12-26;17;128
5;2025-12-26;18;123
5;2025-12-26;19;93
5;2025-12-26;20;63
5;2025-12-26;21;41
5;2025-12-26;22;22
5;2025-12-26;23;11
5;2025-12-27;0;4
5;2025-12-27;1;0
5;2025-12-27;2;0
5;2025-12-27;3;0
5;2025-12-27;4;0
5;2025-12-27;5;5
5;2025-12-27;6;20
5;2025-12-27;7;31
5;2025-12-27;8;43
5;2025-12-27;9;52
5;2025-12-27;10;58
5;2025-12-27;11;66
5;2025-12-27;12;71
5;2025-12-27;13;74
5;2025-12-27;14;74
5;2025-12-27;15;73
5;2025-12-27;16;72
5;2025-12-27;17;70
5;2025-12-27;18;66
5;2025-12-27;19;57
5;2025-12-27;20;43
5;2025-12-27;21;32
5;2025-12-27;22;20
5;2025-12-27;23;11
5;2025-12-28;0;4
5;2025-12-28;1;0
5;2025-12-28;2;0
5;2025-12-28;3;0
5;2025-12-28;4;0
5;2025-12-28;5;4
5;2025-12-28;6;14
5;2025-12-28;7;20
5;2025-12-28;8;30
5;2025-12-28;9;40
5;2025-12-28;10;48
5;2025-12-28;11;56
5;2025-12-28;12;61
5;2025-12-28;13;66
5;2025-12-28;14;66
5;2025-12-28;15;65
5;2025-12-28;16;62
5;2025-12-28;17;61
5;2025-12-28;18;56
5;2025-12-28;19;48
5;2025-12-28;20;37
5;2025-12-28;21;27
5;2025-12-28;22;16
5;2025-12-28;23;8
5;2025-12-29;0;2
5;2025-12-29;1;0
5;2025-12-29;2;0
5;2025-12-29;3;0
5;2025-12-29;4;0
5;2025-12-29;5;10
5;2025-12-29;6;45
5;2025-12-29;7;104
5;2025-12-29;8;148
5;2025-12-29;9;109
5;2025-12-29;10;89
5;2025-12-29;11;85
5;2025-12-29;12;87
5;2025-12-29;13;88
5;2025-12-29;14;87
5;2025-12-29;15;95
5;2025-12-29;16;106
5;2025-12-29;17;128
5;2025-12-29;18;137
5;2025-12-29;19;99
5;2025-12-29;20;64
5;2025-12-29;21;39
5;2025-12-29;22;19
5;2025-12-29;23;8
5;2025-12-30;0;2
5;2025-12-30;1;0
5;2025-12-30;2;0
5;2025-12-30;3;0
5;2025-12-30;4;0
5;2025-12-30;5;10
5;2025-12-30;6;46
5;2025-12-30;7;106
5;2025-12-30;8;151
5;2025-12-30;9;112
5;2025-12-30;10;92
5;2025-12-30;11;88
5;2025-12-30;12;90
5;2025-12-30;13;91
5;2025-12-30;14;90
5;2025-12-30;15;98
5;2025-12-30;16;109
5;2025-12-30;17;129
5;2025-12-30;18;137
5;2025-12-30;19;100
5;2025-12-30;20;65
5;2025-12-30;21;40
5;2025-12-30;22;21
5;2025-12-30;23;9
5;2025-12-31;0;2
5;2025-12-31;1;0
5;2025-12-31;2;0
5;2025-12-31;3;0
5;2025-12-31;4;0
5;2025-12-31;5;2
5;2025-12-31;6;14
5;2025-12-31;7;24
5;2025-12-31;8;32
5;2025-12-31;9;37
5;2025-12-31;10;37
5;2025-12-31;11;44
5;2025-12-31;12;48
5;2025-12-31;13;51
5;2025-12-31;14;51
5;2025-12-31;15;51
5;2025-12-31;16;53
5;2025-12-31;17;54
5;2025-12-31;18;52
5;2025-12-31;19;44
5;2025-12-31;20;34
5;2025-12-31;21;24
5;2025-12-31;22;12
5;2025-12-31;23;7
7;2025-11-01;0;118
7;2025-11-01;1;38
7;2025-11-01;2;14
7;2025-11-01;3;16
7;2025-11-01;4;13
7;2025-11-01;5;193
7;2025-11-01;6;617
7;2025-11-01;7;1320
7;2025-11-01;8;1829
7;2025-11-01;9;1492
7;2025-11-01;10;1318
7;2025-11-01;11;1289
7;2025-11-01;12;1319
7;2025-11-01;13;1396
7;2025-11-01;14;1361
7;2025-11-01;15;1485
7;2025-11-01;16;1609
7;2025-11-01;17;1769
7;2025-11-01;18;1814
7;2025-11-01;19;1291
7;2025-11-01;20;922
7;2025-11-01;21;669
7;2025-11-01;22;383
7;2025-11-01;23;244
7;2025-11-02;0;84
7;2025-11-02;1;16
7;2025-11-02;2;0
7;2025-11-02;3;3
7;2025-11-02;4;0
7;2025-11-02;5;15
7;2025-11-02;6;105
7;2025-11-02;7;197
7;2025-11-02;8;343
7;2025-11-02;9;402
7;2025-11-02;10;467
7;2025-11-02;11;593
7;2025-11-02;12;652
7;2025-11-02;13;732
7;2025-11-02;14;737
7;2025-11-02;15;717
7;2025-11-02;16;677
7;2025-11-02;17;643
7;2025-11-02;18;585
7;2025-11-02;19;495
7;2025-11-02;20;399
7;2025-11-02;21;305
7;2025-11-02;22;178
7;2025-11-02;23;111
7;2025-11-03;0;81
7;2025-11-03;1;19
7;2025-11-03;2;2
7;2025-11-03;3;1
7;2025-11-03;4;1
7;2025-11-03;5;67
7;2025-11-03;6;228
7;2025-11-03;7;446
7;2025-11-03;8;676
7;2025-11-03;9;730
7;2025-11-03;10;777
7;2025-11-03;11;874
7;2025-11-03;12;954
7;2025-11-03;13;1000
7;2025-11-03;14;1011
7;2025-11-03;15;1025
7;2025-11-03;16;1021
7;2025-11-03;17;1093
7;2025-11-03;18;1090
7;2025-11-03;19;888
7;2025-11-03;20;645
7;2025-11-03;21;464
7;2025-11-03;22;253
7;2025-11-03;23;163
7;2025-11-04;0;81
7;2025-11-04;1;27
7;2025-11-04;2;1
7;2025-11-04;3;1
7;2025-11-04;4;0
7;2025-11-04;5;26
7;2025-11-04;6;176
7;2025-11-04;7;363
7;2025-11-04;8;617
7;2025-11-04;9;652
7;2025-11-04;10;701
7;2025-11-04;11;829
7;2025-11-04;12;912
7;2025-11-04;13;989
7;2025-11-04;14;978
7;2025-11-04;15;965
7;2025-11-04;16;962
7;2025-11-04;17;997
7;2025-11-04;18;994
7;2025-11-04;19;815
7;2025-11-04;20;601
7;2025-11-04;21;462
7;2025-11-04;22;247
7;2025-11-04;23;159
7;2025-11-05;0;57
7;2025-11-05;1;10
7;2025-11-05;2;0
7;2025-11-05;3;0
7;2025-11-05;4;0
7;2025-11-05;5;185
7;2025-11-05;6;633
7;2025-11-05;7;1589
7;2025-11-05;8;2458
7;2025-11-05;9;1791
7;2025-11-05;10;1540
7;2025-11-05;11;1435
7;2025-11-05;12;1469
7;2025-11-05;13;1495
7;2025-11-05;14;1510
7;2025-11-05;15;1652
7;2025-11-05;16;1805
7;2025-11-05;17;2241
7;2025-11-05;18;2398
7;2025-11-05;19;1636
7;2025-11-05;20;1021
7;2025-11-05;21;627
7;2025-11-05;22;322
7;2025-11-05;23;179
7;2025-11-06;0;59
7;2025-11-06;1;11
7;2025-11-06;2;0
7;2025-11-06;3;0
7;2025-11-06;4;0
7;2025-11-06;5;184
7;2025-11-06;6;608
7;2025-11-06;7;1564
7;2025-11-06;8;2392
7;2025-11-06;9;1742
7;2025-11-06;10;1485
7;2025-11-06;11;1399
7;2025-11-06;12;1437
7;2025-11-06;13;1474
7;2025-11-06;14;1506
7;2025-11-06;15;1620
7;2025-11-06;16;1787
7;2025-11-06;17;2197
7;2025-11-06;18;2396
7;2025-11-06;19;1605
7;2025-11-06;20;1006
7;2025-11-06;21;617
7;2025-11-06;22;318
7;2025-11-06;23;177
7;2025-11-07;0;64
7;2025-11-07;1;12
7;2025-11-07;2;0
7;2025-11-07;3;0
7;2025-11-07;4;0
7;2025-11-07;5;183
7;2025-11-07;6;622
7;2025-11-07;7;1558
7;2025-11-07;8;2373
7;2025-11-07;9;1742
7;2025-11-07;10;1523
7;2025-11-07;11;1469
7;2025-11-07;12;1520
7;2025-11-07;13;1570
7;2025-11-07;14;1607
7;2025-11-07;15;1755
7;2025-11-07;16;1935
7;2025-11-07;17;2155
7;2025-11-07;18;2097
7;2025-11-07;19;1487
7;2025-11-07;20;981
7;2025-11-07;21;620
7;2025-11-07;22;314
7;2025-11-07;23;186
7;2025-11-08;0;88
7;2025-11-08;1;19
7;2025-11-08;2;1
7;2025-11-08;3;3
7;2025-11-08;4;0
7;2025-11-08;5;35
7;2025-11-08;6;208
7;2025-11-08;7;370
7;2025-11-08;8;557
7;2025-11-08;9;632
7;2025-11-08;10;669
7;2025-11-08;11;785
7;2025-11-08;12;863
7;2025-11-08;13;914
7;2025-11-08;14;896
7;2025-11-08;15;913
7;2025-11-08;16;870
7;2025-11-08;17;849
7;2025-11-08;18;797
7;2025-11-08;19;697
7;2025-11-08;20;515
7;2025-11-08;21;383
7;2025-11-08;22;206
7;2025-11-08;23;123
7;2025-11-09;0;84
7;2025-11-09;1;16
7;2025-11-09;2;0
7;2025-11-09;3;2
7;2025-11-09;4;0
7;2025-11-09;5;11
7;2025-11-09;6;114
7;2025-11-09;7;231
7;2025-11-09;8;370
7;2025-11-09;9;438
7;2025-11-09;10;505
7;2025-11-09;11;643
7;2025-11-09;12;712
7;2025-11-09;13;788
7;2025-11-09;14;784
7;2025-11-09;15;765
7;2025-11-09;16;727
7;2025-11-09;17;713
7;2025-11-09;18;655
7;2025-11-09;19;524
7;2025-11-09;20;412
7;2025-11-09;21;300
7;2025-11-09;22;158
7;2025-11-09;23;92
7;2025-11-10;0;62
7;2025-11-10;1;12
7;2025-11-10;2;0
7;2025-11-10;3;0
7;2025-11-10;4;1
7;2025-11-10;5;183
7;2025-11-10;6;649
7;2025-11-10;7;1647
7;2025-11-10;8;2461
7;2025-11-10;9;1814
7;2025-11-10;10;1533
7;2025-11-10;11;1431
7;2025-11-10;12;1496
7;2025-11-10;13;1515
7;2025-11-10;14;1540
7;2025-11-10;15;1680
7;2025-11-10;16;1844
7;2025-11-10;17;2268
7;2025-11-10;18;2464
7;2025-11-10;19;1681
7;2025-11-10;20;1056
7;2025-11-10;21;630
7;2025-11-10;22;305
7;2025-11-10;23;165
7;2025-11-11;0;56
7;2025-11-11;1;11
7;2025-11-11;2;0
7;2025-11-11;3;0
7;2025-11-11;4;1
7;2025-11-11;5;188
7;2025-11-11;6;670
7;2025-11-11;7;1709
7;2025-11-11;8;2543
7;2025-11-11;9;1864
7;2025-11-11;10;1614
7;2025-11-11;11;1526
7;2025-11-11;12;1563
7;2025-11-11;13;1591
7;2025-11-11;14;1598
7;2025-11-11;15;1742
7;2025-11-11;16;1906
7;2025-11-11;17;2316
7;2025-11-11;18;2536
7;2025-11-11;19;1740
7;2025-11-11;20;1103
7;2025-11-11;21;677
7;2025-11-11;22;338
7;2025-11-11;23;186
7;2025-11-12;0;57
7;2025-11-12;1;11
7;2025-11-12;2;0
7;2025-11-12;3;0
7;2025-11-12;4;1
7;2025-11-12;5;191
7;2025-11-12;6;669
7;2025-11-12;7;1690
7;2025-11-12;8;2566
7;2025-11-12;9;1887
7;2025-11-12;10;1637
7;2025-11-12;11;1533
7;2025-11-12;12;1568
7;2025-11-12;13;1596
7;2025-11-12;14;1615
7;2025-11-12;15;1759
7;2025-11-12;16;1914
7;2025-11-12;17;2350
7;2025-11-12;18;2537
7;2025-11-12;19;1715
7;2025-11-12;20;1092
7;2025-11-12;21;678
7;2025-11-12;22;350
7;2025-11-12;23;198
7;2025-11-13;0;60
7;2025-11-13;1;11
7;2025-11-13;2;0
7;2025-11-13;3;0
7;2025-11-13;4;1
7;2025-11-13;5;189
7;2025-11-13;6;653
7;2025-11-13;7;1666
7;2025-11-13;8;2509
7;2025-11-13;9;1850
7;2025-11-13;10;1595
7;2025-11-13;11;1507
7;2025-11-13;12;1546
7;2025-11-13;13;1585
7;2025-11-13;14;1617
7;2025-11-13;15;1732
7;2025-11-13;16;1898
7;2025-11-13;17;2310
7;2025-11-13;18;2517
7;2025-11-13;19;1691
7;2025-11-13;20;1081
7;2025-11-13;21;672
7;2025-11-13;22;340
7;2025-11-13;23;195
7;2025-11-14;0;64
7;2025-11-14;1;12
7;2025-11-14;2;0
7;2025-11-14;3;0
7;2025-11-14;4;1
7;2025-11-14;5;183
7;2025-11-14;6;631
7;2025-11-14;7;1596
7;2025-11-14;8;2421
7;2025-11-14;9;1779
7;2025-11-14;10;1558
7;2025-11-14;11;1499
7;2025-11-14;12;1549
7;2025-11-14;13;1601
7;2025-11-14;14;1638
7;2025-11-14;15;1787
7;2025-11-14;16;1970
7;2025-11-14;17;2194
7;2025-11-14;18;2144
7;2025-11-14;19;1516
7;2025-11-14;20;1006
7;2025-11-14;21;638
7;2025-11-14;22;332
7;2025-11-14;23;204
7;2025-11-15;0;90
7;2025-11-15;1;20
7;2025-11-15;2;1
7;2025-11-15;3;3
7;2025-11-15;4;0
7;2025-11-15;5;49
7;2025-11-15;6;225
7;2025-11-15;7;397
7;2025-11-15;8;596
7;2025-11-15;9;673
7;2025-11-15;10;705
7;2025-11-15;11;822
7;2025-11-15;12;893
7;2025-11-15;13;947
7;2025-11-15;14;929
7;2025-11-15;15;944
7;2025-11-15;16;897
7;2025-11-15;17;880
7;2025-11-15;18;836
7;2025-11-15;19;718
7;2025-11-15;20;527
7;2025-11-15;21;397
7;2025-11-15;22;219
7;2025-11-15;23;133
7;2025-11-16;0;84
7;2025-11-16;1;16
7;2025-11-16;2;0
7;2025-11-16;3;1
7;2025-11-16;4;0
7;2025-11-16;5;22
7;2025-11-16;6;134
7;2025-11-16;7;253
7;2025-11-16;8;400
7;2025-11-16;9;471
7;2025-11-16;10;535
7;2025-11-16;11;667
7;2025-11-16;12;731
7;2025-11-16;13;810
7;2025-11-16;14;808
7;2025-11-16;15;787
7;2025-11-16;16;747
7;2025-11-16;17;737
7;2025-11-16;18;678
7;2025-11-16;19;541
7;2025-11-16;20;426
7;2025-11-16;21;315
7;2025-11-16;22;169
7;2025-11-16;23;99
7;2025-11-17;0;62
7;2025-11-17;1;11
7;2025-11-17;2;0
7;2025-11-17;3;0
7;2025-11-17;4;1
7;2025-11-17;5;184
7;2025-11-17;6;637
7;2025-11-17;7;1635
7;2025-11-17;8;2464
7;2025-11-17;9;1814
7;2025-11-17;10;1530
7;2025-11-17;11;1428
7;2025-11-17;12;1487
7;2025-11-17;13;1508
7;2025-11-17;14;1538
7;2025-11-17;15;1671
7;2025-11-17;16;1837
7;2025-11-17;17;2260
7;2025-11-17;18;2464
7;2025-11-17;19;1680
7;2025-11-17;20;1056
7;2025-11-17;21;627
7;2025-11-17;22;308
7;2025-11-17;23;166
7;2025-11-18;0;55
7;2025-11-18;1;11
7;2025-11-18;2;0
7;2025-11-18;3;0
7;2025-11-18;4;1
7;2025-11-18;5;187
7;2025-11-18;6;668
7;2025-11-18;7;1704
7;2025-11-18;8;2545
7;2025-11-18;9;1865
7;2025-11-18;10;1614
7;2025-11-18;11;1525
7;2025-11-18;12;1561
7;2025-11-18;13;1589
7;2025-11-18;14;1596
7;2025-11-18;15;1740
7;2025-11-18;16;1904
7;2025-11-18;17;2315
7;2025-11-18;18;2541
7;2025-11-18;19;1741
7;2025-11-18;20;1105
7;2025-11-18;21;679
7;2025-11-18;22;341
7;2025-11-18;23;189
7;2025-11-19;0;57
7;2025-11-19;1;11
7;2025-11-19;2;0
7;2025-11-19;3;0
7;2025-11-19;4;1
7;2025-11-19;5;187
7;2025-11-19;6;659
7;2025-11-19;7;1676
7;2025-11-19;8;2557
7;2025-11-19;9;1877
7;2025-11-19;10;1624
7;2025-11-19;11;1521
7;2025-11-19;12;1555
7;2025-11-19;13;1583
7;2025-11-19;14;1602
7;2025-11-19;15;1745
7;2025-11-19;16;1901
7;2025-11-19;17;2337
7;2025-11-19;18;2530
7;2025-11-19;19;1703
7;2025-11-19;20;1088
7;2025-11-19;21;675
7;2025-11-19;22;348
7;2025-11-19;23;196
7;2025-11-20;0;59
7;2025-11-20;1;11
7;2025-11-20;2;0
7;2025-11-20;3;0
7;2025-11-20;4;1
7;2025-11-20;5;185
7;2025-11-20;6;646
7;2025-11-20;7;1657
7;2025-11-20;8;2504
7;2025-11-20;9;1844
7;2025-11-20;10;1587
7;2025-11-20;11;1500
7;2025-11-20;12;1538
7;2025-11-20;13;1576
7;2025-11-20;14;1607
7;2025-11-20;15;1721
7;2025-11-20;16;1888
7;2025-11-20;17;2300
7;2025-11-20;18;2511
7;2025-11-20;19;1682
7;2025-11-20;20;1080
7;2025-11-20;21;672
7;2025-11-20;22;340
7;2025-11-20;23;197
7;2025-11-21;0;64
7;2025-11-21;1;12
7;2025-11-21;2;0
7;2025-11-21;3;0
7;2025-11-21;4;1
7;2025-11-21;5;182
7;2025-11-21;6;627
7;2025-11-21;7;1588
7;2025-11-21;8;2416
7;2025-11-21;9;1773
7;2025-11-21;10;1553
7;2025-11-21;11;1498
7;2025-11-21;12;1547
7;2025-11-21;13;1598
7;2025-11-21;14;1638
7;2025-11-21;15;1786
7;2025-11-21;16;1971
7;2025-11-21;17;2194
7;2025-11-21;18;2146
7;2025-11-21;19;1517
7;2025-11-21;20;1003
7;2025-11-21;21;636
7;2025-11-21;22;329
7;2025-11-21;23;200
7;2025-11-22;0;90
7;2025-11-22;1;19
7;2025-11-22;2;1
7;2025-11-22;3;3
7;2025-11-22;4;0
7;2025-11-22;5;47
7;2025-11-22;6;223
7;2025-11-22;7;400
7;2025-11-22;8;595
7;2025-11-22;9;672
7;2025-11-22;10;705
7;2025-11-22;11;823
7;2025-11-22;12;896
7;2025-11-22;13;950
7;2025-11-22;14;929
7;2025-11-22;15;947
7;2025-11-22;16;902
7;2025-11-22;17;887
7;2025-11-22;18;847
7;2025-11-22;19;721
7;2025-11-22;20;528
7;2025-11-22;21;397
7;2025-11-22;22;218
7;2025-11-22;23;132
7;2025-11-23;0;87
7;2025-11-23;1;17
7;2025-11-23;2;0
7;2025-11-23;3;1
7;2025-11-23;4;0
7;2025-11-23;5;19
7;2025-11-23;6;123
7;2025-11-23;7;237
7;2025-11-23;8;387
7;2025-11-23;9;455
7;2025-11-23;10;526
7;2025-11-23;11;668
7;2025-11-23;12;731
7;2025-11-23;13;812
7;2025-11-23;14;805
7;2025-11-23;15;790
7;2025-11-23;16;750
7;2025-11-23;17;744
7;2025-11-23;18;691
7;2025-11-23;19;549
7;2025-11-23;20;430
7;2025-11-23;21;320
7;2025-11-23;22;176
7;2025-11-23;23;108
7;2025-11-24;0;63
7;2025-11-24;1;12
7;2025-11-24;2;0
7;2025-11-24;3;0
7;2025-11-24;4;1
7;2025-11-24;5;178
7;2025-11-24;6;620
7;2025-11-24;7;1616
7;2025-11-24;8;2447
7;2025-11-24;9;1802
7;2025-11-24;10;1534
7;2025-11-24;11;1436
7;2025-11-24;12;1496
7;2025-11-24;13;1519
7;2025-11-24;14;1543
7;2025-11-24;15;1684
7;2025-11-24;16;1850
7;2025-11-24;17;2274
7;2025-11-24;18;2483
7;2025-11-24;19;1680
7;2025-11-24;20;1055
7;2025-11-24;21;626
7;2025-11-24;22;309
7;2025-11-24;23;170
7;2025-11-25;0;56
7;2025-11-25;1;11
7;2025-11-25;2;0
7;2025-11-25;3;0
7;2025-11-25;4;1
7;2025-11-25;5;184
7;2025-11-25;6;657
7;2025-11-25;7;1685
7;2025-11-25;8;2523
7;2025-11-25;9;1845
7;2025-11-25;10;1600
7;2025-11-25;11;1511
7;2025-11-25;12;1547
7;2025-11-25;13;1577
7;2025-11-25;14;1585
7;2025-11-25;15;1729
7;2025-11-25;16;1894
7;2025-11-25;17;2306
7;2025-11-25;18;2539
7;2025-11-25;19;1732
7;2025-11-25;20;1094
7;2025-11-25;21;668
7;2025-11-25;22;331
7;2025-11-25;23;179
7;2025-11-26;0;57
7;2025-11-26;1;10
7;2025-11-26;2;0
7;2025-11-26;3;0
7;2025-11-26;4;1
7;2025-11-26;5;188
7;2025-11-26;6;658
7;2025-11-26;7;1665
7;2025-11-26;8;2545
7;2025-11-26;9;1868
7;2025-11-26;10;1620
7;2025-11-26;11;1515
7;2025-11-26;12;1548
7;2025-11-26;13;1575
7;2025-11-26;14;1593
7;2025-11-26;15;1734
7;2025-11-26;16;1892
7;2025-11-26;17;2328
7;2025-11-26;18;2529
7;2025-11-26;19;1702
7;2025-11-26;20;1085
7;2025-11-26;21;672
7;2025-11-26;22;347
7;2025-11-26;23;196
7;2025-11-27;0;59
7;2025-11-27;1;11
7;2025-11-27;2;0
7;2025-11-27;3;0
7;2025-11-27;4;1
7;2025-11-27;5;187
7;2025-11-27;6;646
7;2025-11-27;7;1648
7;2025-11-27;8;2492
7;2025-11-27;9;1836
7;2025-11-27;10;1582
7;2025-11-27;11;1494
7;2025-11-27;12;1531
7;2025-11-27;13;1568
7;2025-11-27;14;1599
7;2025-11-27;15;1712
7;2025-11-27;16;1878
7;2025-11-27;17;2291
7;2025-11-27;18;2508
7;2025-11-27;19;1681
7;2025-11-27;20;1076
7;2025-11-27;21;669
7;2025-11-27;22;337
7;2025-11-27;23;194
7;2025-11-28;0;64
7;2025-11-28;1;11
7;2025-11-28;2;0
7;2025-11-28;3;0
7;2025-11-28;4;1
7;2025-11-28;5;186
7;2025-11-28;6;628
7;2025-11-28;7;1583
7;2025-11-28;8;2408
7;2025-11-28;9;1768
7;2025-11-28;10;1549
7;2025-11-28;11;1491
7;2025-11-28;12;1540
7;2025-11-28;13;1590
7;2025-11-28;14;1627
7;2025-11-28;15;1774
7;2025-11-28;16;1958
7;2025-11-28;17;2185
7;2025-11-28;18;2145
7;2025-11-28;19;1518
7;2025-11-28;20;1006
7;2025-11-28;21;638
7;2025-11-28;22;332
7;2025-11-28;23;202
7;2025-11-29;0;90
7;2025-11-29;1;19
7;2025-11-29;2;1
7;2025-11-29;3;3
7;2025-11-29;4;0
7;2025-11-29;5;50
7;2025-11-29;6;228
7;2025-11-29;7;401
7;2025-11-29;8;589
7;2025-11-29;9;664
7;2025-11-29;10;693
7;2025-11-29;11;810
7;2025-11-29;12;877
7;2025-11-29;13;928
7;2025-11-29;14;908
7;2025-11-29;15;922
7;2025-11-29;16;878
7;2025-11-29;17;865
7;2025-11-29;18;826
7;2025-11-29;19;710
7;2025-11-29;20;520
7;2025-11-29;21;391
7;2025-11-29;22;217
7;2025-11-29;23;131
7;2025-11-30;0;86
7;2025-11-30;1;16
7;2025-11-30;2;0
7;2025-11-30;3;1
7;2025-11-30;4;0
7;2025-11-30;5;21
7;2025-11-30;6;123
7;2025-11-30;7;235
7;2025-11-30;8;374
7;2025-11-30;9;443
7;2025-11-30;10;505
7;2025-11-30;11;639
7;2025-11-30;12;701
7;2025-11-30;13;776
7;2025-11-30;14;773
7;2025-11-30;15;753
7;2025-11-30;16;713
7;2025-11-30;17;711
7;2025-11-30;18;660
7;2025-11-30;19;532
7;2025-11-30;20;412
7;2025-11-30;21;304
7;2025-11-30;22;164
7;2025-11-30;23;93
7;2025-12-01;0;62
7;2025-12-01;1;12
7;2025-12-01;2;0
7;2025-12-01;3;0
7;2025-12-01;4;2
7;2025-12-01;5;189
7;2025-12-01;6;697
7;2025-12-01;7;1658
7;2025-12-01;8;2426
7;2025-12-01;9;1815
7;2025-12-01;10;1518
7;2025-12-01;11;1410
7;2025-12-01;12;1459
7;2025-12-01;13;1473
7;2025-12-01;14;1498
7;2025-12-01;15;1644
7;2025-12-01;16;1807
7;2025-12-01;17;2246
7;2025-12-01;18;2462
7;2025-12-01;19;1694
7;2025-12-01;20;1059
7;2025-12-01;21;635
7;2025-12-01;22;314
7;2025-12-01;23;154
7;2025-12-02;0;56
7;2025-12-02;1;11
7;2025-12-02;2;0
7;2025-12-02;3;0
7;2025-12-02;4;3
7;2025-12-02;5;197
7;2025-12-02;6;718
7;2025-12-02;7;1715
7;2025-12-02;8;2494
7;2025-12-02;9;1854
7;2025-12-02;10;1586
7;2025-12-02;11;1491
7;2025-12-02;12;1516
7;2025-12-02;13;1538
7;2025-12-02;14;1548
7;2025-12-02;15;1698
7;2025-12-02;16;1859
7;2025-12-02;17;2276
7;2025-12-02;18;2510
7;2025-12-02;19;1744
7;2025-12-02;20;1098
7;2025-12-02;21;676
7;2025-12-02;22;341
7;2025-12-02;23;168
7;2025-12-03;0;57
7;2025-12-03;1;11
7;2025-12-03;2;0
7;2025-12-03;3;0
7;2025-12-03;4;3
7;2025-12-03;5;199
7;2025-12-03;6;718
7;2025-12-03;7;1699
7;2025-12-03;8;2528
7;2025-12-03;9;1889
7;2025-12-03;10;1623
7;2025-12-03;11;1512
7;2025-12-03;12;1538
7;2025-12-03;13;1560
7;2025-12-03;14;1580
7;2025-12-03;15;1729
7;2025-12-03;16;1882
7;2025-12-03;17;2320
7;2025-12-03;18;2515
7;2025-12-03;19;1720
7;2025-12-03;20;1095
7;2025-12-03;21;684
7;2025-12-03;22;361
7;2025-12-03;23;189
7;2025-12-04;0;60
7;2025-12-04;1;12
7;2025-12-04;2;0
7;2025-12-04;3;0
7;2025-12-04;4;3
7;2025-12-04;5;202
7;2025-12-04;6;709
7;2025-12-04;7;1684
7;2025-12-04;8;2477
7;2025-12-04;9;1858
7;2025-12-04;10;1583
7;2025-12-04;11;1488
7;2025-12-04;12;1518
7;2025-12-04;13;1550
7;2025-12-04;14;1583
7;2025-12-04;15;1704
7;2025-12-04;16;1868
7;2025-12-04;17;2282
7;2025-12-04;18;2495
7;2025-12-04;19;1700
7;2025-12-04;20;1089
7;2025-12-04;21;684
7;2025-12-04;22;352
7;2025-12-04;23;187
7;2025-12-05;0;64
7;2025-12-05;1;12
7;2025-12-05;2;0
7;2025-12-05;3;0
7;2025-12-05;4;3
7;2025-12-05;5;194
7;2025-12-05;6;684
7;2025-12-05;7;1628
7;2025-12-05;8;2411
7;2025-12-05;9;1806
7;2025-12-05;10;1571
7;2025-12-05;11;1510
7;2025-12-05;12;1550
7;2025-12-05;13;1598
7;2025-12-05;14;1633
7;2025-12-05;15;1787
7;2025-12-05;16;1966
7;2025-12-05;17;2204
7;2025-12-05;18;2159
7;2025-12-05;19;1557
7;2025-12-05;20;1038
7;2025-12-05;21;669
7;2025-12-05;22;361
7;2025-12-05;23;204
7;2025-12-06;0;92
7;2025-12-06;1;21
7;2025-12-06;2;0
7;2025-12-06;3;0
7;2025-12-06;4;0
7;2025-12-06;5;59
7;2025-12-06;6;284
7;2025-12-06;7;469
7;2025-12-06;8;686
7;2025-12-06;9;821
7;2025-12-06;10;924
7;2025-12-06;11;1057
7;2025-12-06;12;1134
7;2025-12-06;13;1188
7;2025-12-06;14;1186
7;2025-12-06;15;1191
7;2025-12-06;16;1146
7;2025-12-06;17;1113
7;2025-12-06;18;1056
7;2025-12-06;19;945
7;2025-12-06;20;719
7;2025-12-06;21;556
7;2025-12-06;22;346
7;2025-12-06;23;216
7;2025-12-07;0;90
7;2025-12-07;1;19
7;2025-12-07;2;0
7;2025-12-07;3;0
7;2025-12-07;4;0
7;2025-12-07;5;34
7;2025-12-07;6;179
7;2025-12-07;7;309
7;2025-12-07;8;475
7;2025-12-07;9;610
7;2025-12-07;10;725
7;2025-12-07;11;874
7;2025-12-07;12;944
7;2025-12-07;13;1023
7;2025-12-07;14;1032
7;2025-12-07;15;1003
7;2025-12-07;16;962
7;2025-12-07;17;933
7;2025-12-07;18;865
7;2025-12-07;19;731
7;2025-12-07;20;581
7;2025-12-07;21;442
7;2025-12-07;22;269
7;2025-12-07;23;159
7;2025-12-08;0;63
7;2025-12-08;1;12
7;2025-12-08;2;0
7;2025-12-08;3;0
7;2025-12-08;4;2
7;2025-12-08;5;191
7;2025-12-08;6;697
7;2025-12-08;7;1671
7;2025-12-08;8;2449
7;2025-12-08;9;1839
7;2025-12-08;10;1544
7;2025-12-08;11;1440
7;2025-12-08;12;1491
7;2025-12-08;13;1507
7;2025-12-08;14;1529
7;2025-12-08;15;1676
7;2025-12-08;16;1839
7;2025-12-08;17;2271
7;2025-12-08;18;2471
7;2025-12-08;19;1706
7;2025-12-08;20;1071
7;2025-12-08;21;644
7;2025-12-08;22;318
7;2025-12-08;23;158
7;2025-12-09;0;57
7;2025-12-09;1;11
7;2025-12-09;2;0
7;2025-12-09;3;0
7;2025-12-09;4;3
7;2025-12-09;5;200
7;2025-12-09;6;727
7;2025-12-09;7;1739
7;2025-12-09;8;2528
7;2025-12-09;9;1888
7;2025-12-09;10;1621
7;2025-12-09;11;1528
7;2025-12-09;12;1555
7;2025-12-09;13;1579
7;2025-12-09;14;1587
7;2025-12-09;15;1738
7;2025-12-09;16;1899
7;2025-12-09;17;2310
7;2025-12-09;18;2533
7;2025-12-09;19;1763
7;2025-12-09;20;1118
7;2025-12-09;21;692
7;2025-12-09;22;351
7;2025-12-09;23;177
7;2025-12-10;0;58
7;2025-12-10;1;12
7;2025-12-10;2;0
7;2025-12-10;3;0
7;2025-12-10;4;3
7;2025-12-10;5;200
7;2025-12-10;6;718
7;2025-12-10;7;1713
7;2025-12-10;8;2541
7;2025-12-10;9;1899
7;2025-12-10;10;1628
7;2025-12-10;11;1519
7;2025-12-10;12;1546
7;2025-12-10;13;1570
7;2025-12-10;14;1589
7;2025-12-10;15;1739
7;2025-12-10;16;1892
7;2025-12-10;17;2329
7;2025-12-10;18;2514
7;2025-12-10;19;1721
7;2025-12-10;20;1096
7;2025-12-10;21;684
7;2025-12-10;22;354
7;2025-12-10;23;180
7;2025-12-11;0;60
7;2025-12-11;1;12
7;2025-12-11;2;0
7;2025-12-11;3;0
7;2025-12-11;4;3
7;2025-12-11;5;199
7;2025-12-11;6;703
7;2025-12-11;7;1691
7;2025-12-11;8;2485
7;2025-12-11;9;1862
7;2025-12-11;10;1587
7;2025-12-11;11;1494
7;2025-12-11;12;1524
7;2025-12-11;13;1559
7;2025-12-11;14;1590
7;2025-12-11;15;1713
7;2025-12-11;16;1877
7;2025-12-11;17;2291
7;2025-12-11;18;2494
7;2025-12-11;19;1699
7;2025-12-11;20;1087
7;2025-12-11;21;679
7;2025-12-11;22;345
7;2025-12-11;23;181
7;2025-12-12;0;64
7;2025-12-12;1;12
7;2025-12-12;2;0
7;2025-12-12;3;0
7;2025-12-12;4;3
7;2025-12-12;5;192
7;2025-12-12;6;678
7;2025-12-12;7;1630
7;2025-12-12;8;2415
7;2025-12-12;9;1807
7;2025-12-12;10;1573
7;2025-12-12;11;1513
7;2025-12-12;12;1554
7;2025-12-12;13;1603
7;2025-12-12;14;1639
7;2025-12-12;15;1795
7;2025-12-12;16;1976
7;2025-12-12;17;2206
7;2025-12-12;18;2152
7;2025-12-12;19;1550
7;2025-12-12;20;1028
7;2025-12-12;21;660
7;2025-12-12;22;352
7;2025-12-12;23;197
7;2025-12-13;0;92
7;2025-12-13;1;21
7;2025-12-13;2;0
7;2025-12-13;3;0
7;2025-12-13;4;0
7;2025-12-13;5;60
7;2025-12-13;6;283
7;2025-12-13;7;472
7;2025-12-13;8;692
7;2025-12-13;9;827
7;2025-12-13;10;933
7;2025-12-13;11;1066
7;2025-12-13;12;1144
7;2025-12-13;13;1200
7;2025-12-13;14;1198
7;2025-12-13;15;1205
7;2025-12-13;16;1159
7;2025-12-13;17;1124
7;2025-12-13;18;1064
7;2025-12-13;19;947
7;2025-12-13;20;717
7;2025-12-13;21;555
7;2025-12-13;22;343
7;2025-12-13;23;212
7;2025-12-14;0;90
7;2025-12-14;1;20
7;2025-12-14;2;0
7;2025-12-14;3;0
7;2025-12-14;4;0
7;2025-12-14;5;36
7;2025-12-14;6;181
7;2025-12-14;7;316
7;2025-12-14;8;484
7;2025-12-14;9;618
7;2025-12-14;10;731
7;2025-12-14;11;878
7;2025-12-14;12;948
7;2025-12-14;13;1027
7;2025-12-14;14;1037
7;2025-12-14;15;1011
7;2025-12-14;16;969
7;2025-12-14;17;940
7;2025-12-14;18;873
7;2025-12-14;19;737
7;2025-12-14;20;584
7;2025-12-14;21;445
7;2025-12-14;22;268
7;2025-12-14;23;157
7;2025-12-15;0;62
7;2025-12-15;1;11
7;2025-12-15;2;0
7;2025-12-15;3;0
7;2025-12-15;4;2
7;2025-12-15;5;192
7;2025-12-15;6;683
7;2025-12-15;7;1664
7;2025-12-15;8;2447
7;2025-12-15;9;1831
7;2025-12-15;10;1532
7;2025-12-15;11;1426
7;2025-12-15;12;1476
7;2025-12-15;13;1492
7;2025-12-15;14;1516
7;2025-12-15;15;1657
7;2025-12-15;16;1822
7;2025-12-15;17;2254
7;2025-12-15;18;2459
7;2025-12-15;19;1696
7;2025-12-15;20;1058
7;2025-12-15;21;631
7;2025-12-15;22;309
7;2025-12-15;23;154
7;2025-12-16;0;56
7;2025-12-16;1;11
7;2025-12-16;2;0
7;2025-12-16;3;0
7;2025-12-16;4;2
7;2025-12-16;5;201
7;2025-12-16;6;723
7;2025-12-16;7;1742
7;2025-12-16;8;2538
7;2025-12-16;9;1894
7;2025-12-16;10;1623
7;2025-12-16;11;1529
7;2025-12-16;12;1555
7;2025-12-16;13;1579
7;2025-12-16;14;1589
7;2025-12-16;15;1739
7;2025-12-16;16;1900
7;2025-12-16;17;2309
7;2025-12-16;18;2532
7;2025-12-16;19;1759
7;2025-12-16;20;1113
7;2025-12-16;21;686
7;2025-12-16;22;345
7;2025-12-16;23;171
7;2025-12-17;0;58
7;2025-12-17;1;11
7;2025-12-17;2;0
7;2025-12-17;3;0
7;2025-12-17;4;2
7;2025-12-17;5;201
7;2025-12-17;6;721
7;2025-12-17;7;1715
7;2025-12-17;8;2551
7;2025-12-17;9;1906
7;2025-12-17;10;1634
7;2025-12-17;11;1524
7;2025-12-17;12;1549
7;2025-12-17;13;1574
7;2025-12-17;14;1594
7;2025-12-17;15;1744
7;2025-12-17;16;1893
7;2025-12-17;17;2329
7;2025-12-17;18;2518
7;2025-12-17;19;1724
7;2025-12-17;20;1098
7;2025-12-17;21;685
7;2025-12-17;22;357
7;2025-12-17;23;183
7;2025-12-18;0;60
7;2025-12-18;1;12
7;2025-12-18;2;0
7;2025-12-18;3;0
7;2025-12-18;4;2
7;2025-12-18;5;199
7;2025-12-18;6;705
7;2025-12-18;7;1690
7;2025-12-18;8;2491
7;2025-12-18;9;1868
7;2025-12-18;10;1589
7;2025-12-18;11;1496
7;2025-12-18;12;1525
7;2025-12-18;13;1560
7;2025-12-18;14;1590
7;2025-12-18;15;1709
7;2025-12-18;16;1873
7;2025-12-18;17;2287
7;2025-12-18;18;2497
7;2025-12-18;19;1698
7;2025-12-18;20;1086
7;2025-12-18;21;680
7;2025-12-18;22;345
7;2025-12-18;23;180
7;2025-12-19;0;64
7;2025-12-19;1;12
7;2025-12-19;2;0
7;2025-12-19;3;0
7;2025-12-19;4;2
7;2025-12-19;5;193
7;2025-12-19;6;681
7;2025-12-19;7;1635
7;2025-12-19;8;2424
7;2025-12-19;9;1816
7;2025-12-19;10;1578
7;2025-12-19;11;1521
7;2025-12-19;12;1561
7;2025-12-19;13;1609
7;2025-12-19;14;1646
7;2025-12-19;15;1802
7;2025-12-19;16;1984
7;2025-12-19;17;2213
7;2025-12-19;18;2160
7;2025-12-19;19;1557
7;2025-12-19;20;1033
7;2025-12-19;21;665
7;2025-12-19;22;357
7;2025-12-19;23;201
7;2025-12-20;0;93
7;2025-12-20;1;21
7;2025-12-20;2;1
7;2025-12-20;3;0
7;2025-12-20;4;0
7;2025-12-20;5;59
7;2025-12-20;6;285
7;2025-12-20;7;481
7;2025-12-20;8;705
7;2025-12-20;9;841
7;2025-12-20;10;945
7;2025-12-20;11;1080
7;2025-12-20;12;1156
7;2025-12-20;13;1212
7;2025-12-20;14;1210
7;2025-12-20;15;1215
7;2025-12-20;16;1168
7;2025-12-20;17;1134
7;2025-12-20;18;1077
7;2025-12-20;19;957
7;2025-12-20;20;729
7;2025-12-20;21;565
7;2025-12-20;22;354
7;2025-12-20;23;220
7;2025-12-21;0;91
7;2025-12-21;1;20
7;2025-12-21;2;0
7;2025-12-21;3;0
7;2025-12-21;4;0
7;2025-12-21;5;35
7;2025-12-21;6;179
7;2025-12-21;7;314
7;2025-12-21;8;484
7;2025-12-21;9;619
7;2025-12-21;10;732
7;2025-12-21;11;879
7;2025-12-21;12;950
7;2025-12-21;13;1028
7;2025-12-21;14;1039
7;2025-12-21;15;1012
7;2025-12-21;16;969
7;2025-12-21;17;942
7;2025-12-21;18;872
7;2025-12-21;19;734
7;2025-12-21;20;585
7;2025-12-21;21;447
7;2025-12-21;22;273
7;2025-12-21;23;159
7;2025-12-22;0;63
7;2025-12-22;1;12
7;2025-12-22;2;0
7;2025-12-22;3;0
7;2025-12-22;4;2
7;2025-12-22;5;193
7;2025-12-22;6;696
7;2025-12-22;7;1672
7;2025-12-22;8;2452
7;2025-12-22;9;1838
7;2025-12-22;10;1543
7;2025-12-22;11;1441
7;2025-12-22;12;1491
7;2025-12-22;13;1507
7;2025-12-22;14;1528
7;2025-12-22;15;1674
7;2025-12-22;16;1839
7;2025-12-22;17;2272
7;2025-12-22;18;2479
7;2025-12-22;19;1705
7;2025-12-22;20;1068
7;2025-12-22;21;642
7;2025-12-22;22;316
7;2025-12-22;23;156
7;2025-12-23;0;57
7;2025-12-23;1;11
7;2025-12-23;2;0
7;2025-12-23;3;0
7;2025-12-23;4;2
7;2025-12-23;5;200
7;2025-12-23;6;720
7;2025-12-23;7;1729
7;2025-12-23;8;2522
7;2025-12-23;9;1880
7;2025-12-23;10;1613
7;2025-12-23;11;1521
7;2025-12-23;12;1547
7;2025-12-23;13;1572
7;2025-12-23;14;1581
7;2025-12-23;15;1734
7;2025-12-23;16;1895
7;2025-12-23;17;2307
7;2025-12-23;18;2533
7;2025-12-23;19;1755
7;2025-12-23;20;1108
7;2025-12-23;21;684
7;2025-12-23;22;344
7;2025-12-23;23;169
7;2025-12-24;0;58
7;2025-12-24;1;11
7;2025-12-24;2;0
7;2025-12-24;3;0
7;2025-12-24;4;2
7;2025-12-24;5;201
7;2025-12-24;6;716
7;2025-12-24;7;1707
7;2025-12-24;8;2544
7;2025-12-24;9;1904
7;2025-12-24;10;1639
7;2025-12-24;11;1527
7;2025-12-24;12;1553
7;2025-12-24;13;1577
7;2025-12-24;14;1597
7;2025-12-24;15;1749
7;2025-12-24;16;1901
7;2025-12-24;17;2340
7;2025-12-24;18;2533
7;2025-12-24;19;1728
7;2025-12-24;20;1102
7;2025-12-24;21;691
7;2025-12-24;22;362
7;2025-12-24;23;188
7;2025-12-25;0;60
7;2025-12-25;1;12
7;2025-12-25;2;0
7;2025-12-25;3;0
7;2025-12-25;4;2
7;2025-12-25;5;204
7;2025-12-25;6;702
7;2025-12-25;7;1665
7;2025-12-25;8;2459
7;2025-12-25;9;1862
7;2025-12-25;10;1614
7;2025-12-25;11;1521
7;2025-12-25;12;1553
7;2025-12-25;13;1583
7;2025-12-25;14;1615
7;2025-12-25;15;1735
7;2025-12-25;16;1877
7;2025-12-25;17;2284
7;2025-12-25;18;2488
7;2025-12-25;19;1696
7;2025-12-25;20;1092
7;2025-12-25;21;686
7;2025-12-25;22;356
7;2025-12-25;23;189
7;2025-12-26;0;65
7;2025-12-26;1;12
7;2025-12-26;2;0
7;2025-12-26;3;0
7;2025-12-26;4;1
7;2025-12-26;5;200
7;2025-12-26;6;682
7;2025-12-26;7;1619
7;2025-12-26;8;2418
7;2025-12-26;9;1832
7;2025-12-26;10;1611
7;2025-12-26;11;1550
7;2025-12-26;12;1592
7;2025-12-26;13;1633
7;2025-12-26;14;1669
7;2025-12-26;15;1812
7;2025-12-26;16;1988
7;2025-12-26;17;2212
7;2025-12-26;18;2167
7;2025-12-26;19;1558
7;2025-12-26;20;1046
7;2025-12-26;21;678
7;2025-12-26;22;372
7;2025-12-26;23;212
7;2025-12-27;0;92
7;2025-12-27;1;21
7;2025-12-27;2;0
7;2025-12-27;3;0
7;2025-12-27;4;0
7;2025-12-27;5;67
7;2025-12-27;6;288
7;2025-12-27;7;481
7;2025-12-27;8;701
7;2025-12-27;9;840
7;2025-12-27;10;941
7;2025-12-27;11;1070
7;2025-12-27;12;1142
7;2025-12-27;13;1191
7;2025-12-27;14;1191
7;2025-12-27;15;1193
7;2025-12-27;16;1139
7;2025-12-27;17;1100
7;2025-12-27;18;1053
7;2025-12-27;19;945
7;2025-12-27;20;726
7;2025-12-27;21;569
7;2025-12-27;22;359
7;2025-12-27;23;229
7;2025-12-28;0;91
7;2025-12-28;1;19
7;2025-12-28;2;0
7;2025-12-28;3;0
7;2025-12-28;4;0
7;2025-12-28;5;45
7;2025-12-28;6;180
7;2025-12-28;7;304
7;2025-12-28;8;483
7;2025-12-28;9;617
7;2025-12-28;10;731
7;2025-12-28;11;876
7;2025-12-28;12;940
7;2025-12-28;13;1012
7;2025-12-28;14;1022
7;2025-12-28;15;990
7;2025-12-28;16;941
7;2025-12-28;17;905
7;2025-12-28;18;843
7;2025-12-28;19;727
7;2025-12-28;20;582
7;2025-12-28;21;450
7;2025-12-28;22;278
7;2025-12-28;23;168
7;2025-12-29;0;62
7;2025-12-29;1;12
7;2025-12-29;2;0
7;2025-12-29;3;0
7;2025-12-29;4;3
7;2025-12-29;5;203
7;2025-12-29;6;697
7;2025-12-29;7;1632
7;2025-12-29;8;2451
7;2025-12-29;9;1854
7;2025-12-29;10;1586
7;2025-12-29;11;1489
7;2025-12-29;12;1544
7;2025-12-29;13;1547
7;2025-12-29;14;1558
7;2025-12-29;15;1703
7;2025-12-29;16;1851
7;2025-12-29;17;2263
7;2025-12-29;18;2462
7;2025-12-29;19;1706
7;2025-12-29;20;1074
7;2025-12-29;21;650
7;2025-12-29;22;322
7;2025-12-29;23;169
7;2025-12-30;0;56
7;2025-12-30;1;11
7;2025-12-30;2;0
7;2025-12-30;3;0
7;2025-12-30;4;2
7;2025-12-30;5;203
7;2025-12-30;6;719
7;2025-12-30;7;1680
7;2025-12-30;8;2511
7;2025-12-30;9;1896
7;2025-12-30;10;1625
7;2025-12-30;11;1544
7;2025-12-30;12;1576
7;2025-12-30;13;1592
7;2025-12-30;14;1589
7;2025-12-30;15;1732
7;2025-12-30;16;1875
7;2025-12-30;17;2251
7;2025-12-30;18;2448
7;2025-12-30;19;1722
7;2025-12-30;20;1105
7;2025-12-30;21;690
7;2025-12-30;22;357
7;2025-12-30;23;178
7;2025-12-31;0;63
7;2025-12-31;1;10
7;2025-12-31;2;0
7;2025-12-31;3;0
7;2025-12-31;4;1
7;2025-12-31;5;17
7;2025-12-31;6;176
7;2025-12-31;7;350
7;2025-12-31;8;543
7;2025-12-31;9;622
7;2025-12-31;10;611
7;2025-12-31;11;731
7;2025-12-31;12;782
7;2025-12-31;13;829
7;2025-12-31;14;822
7;2025-12-31;15;831
7;2025-12-31;16;823
7;2025-12-31;17;869
7;2025-12-31;18;832
7;2025-12-31;19;704
7;2025-12-31;20;545
7;2025-12-31;21;397
7;2025-12-31;22;199
7;2025-12-31;23;130
11;2025-11-01;0;118
11;2025-11-01;1;22
11;2025-11-01;2;15
11;2025-11-01;3;14
11;2025-11-01;4;19
11;2025-11-01;5;353
11;2025-11-01;6;1245
11;2025-11-01;7;1955
11;2025-11-01;8;2414
11;2025-11-01;9;2072
11;2025-11-01;10;1945
11;2025-11-01;11;1908
11;2025-11-01;12;1937
11;2025-11-01;13;2019
11;2025-11-01;14;2007
11;2025-11-01;15;2132
11;2025-11-01;16;2299
11;2025-11-01;17;2489
11;2025-11-01;18;2515
11;2025-11-01;19;1979
11;2025-11-01;20;1497
11;2025-11-01;21;1057
11;2025-11-01;22;619
11;2025-11-01;23;448
11;2025-11-02;0;94
11;2025-11-02;1;11
11;2025-11-02;2;0
11;2025-11-02;3;2
11;2025-11-02;4;2
11;2025-11-02;5;107
11;2025-11-02;6;458
11;2025-11-02;7;476
11;2025-11-02;8;644
11;2025-11-02;9;830
11;2025-11-02;10;994
11;2025-11-02;11;1223
11;2025-11-02;12;1320
11;2025-11-02;13;1370
11;2025-11-02;14;1396
11;2025-11-02;15;1406
11;2025-11-02;16;1377
11;2025-11-02;17;1377
11;2025-11-02;18;1259
11;2025-11-02;19;1079
11;2025-11-02;20;837
11;2025-11-02;21;597
11;2025-11-02;22;351
11;2025-11-02;23;247
11;2025-11-03;0;81
11;2025-11-03;1;9
11;2025-11-03;2;1
11;2025-11-03;3;0
11;2025-11-03;4;0
11;2025-11-03;5;165
11;2025-11-03;6;669
11;2025-11-03;7;787
11;2025-11-03;8;987
11;2025-11-03;9;1034
11;2025-11-03;10;1091
11;2025-11-03;11;1224
11;2025-11-03;12;1324
11;2025-11-03;13;1384
11;2025-11-03;14;1415
11;2025-11-03;15;1428
11;2025-11-03;16;1468
11;2025-11-03;17;1552
11;2025-11-03;18;1542
11;2025-11-03;19;1326
11;2025-11-03;20;988
11;2025-11-03;21;641
11;2025-11-03;22;342
11;2025-11-03;23;232
11;2025-11-04;0;84
11;2025-11-04;1;6
11;2025-11-04;2;0
11;2025-11-04;3;0
11;2025-11-04;4;0
11;2025-11-04;5;115
11;2025-11-04;6;574
11;2025-11-04;7;687
11;2025-11-04;8;879
11;2025-11-04;9;929
11;2025-11-04;10;954
11;2025-11-04;11;1130
11;2025-11-04;12;1246
11;2025-11-04;13;1313
11;2025-11-04;14;1313
11;2025-11-04;15;1344
11;2025-11-04;16;1366
11;2025-11-04;17;1445
11;2025-11-04;18;1449
11;2025-11-04;19;1206
11;2025-11-04;20;912
11;2025-11-04;21;645
11;2025-11-04;22;324
11;2025-11-04;23;231
11;2025-11-05;0;61
11;2025-11-05;1;1
11;2025-11-05;2;0
11;2025-11-05;3;0
11;2025-11-05;4;0
11;2025-11-05;5;286
11;2025-11-05;6;1260
11;2025-11-05;7;2294
11;2025-11-05;8;3033
11;2025-11-05;9;2237
11;2025-11-05;10;1832
11;2025-11-05;11;1749
11;2025-11-05;12;1782
11;2025-11-05;13;1827
11;2025-11-05;14;1829
11;2025-11-05;15;1951
11;2025-11-05;16;2165
11;2025-11-05;17;2657
11;2025-11-05;18;2840
11;2025-11-05;19;2176
11;2025-11-05;20;1414
11;2025-11-05;21;824
11;2025-11-05;22;418
11;2025-11-05;23;232
11;2025-11-06;0;63
11;2025-11-06;1;1
11;2025-11-06;2;0
11;2025-11-06;3;0
11;2025-11-06;4;0
11;2025-11-06;5;292
11;2025-11-06;6;1289
11;2025-11-06;7;2312
11;2025-11-06;8;3038
11;2025-11-06;9;2300
11;2025-11-06;10;1873
11;2025-11-06;11;1782
11;2025-11-06;12;1809
11;2025-11-06;13;1869
11;2025-11-06;14;1875
11;2025-11-06;15;2004
11;2025-11-06;16;2228
11;2025-11-06;17;2698
11;2025-11-06;18;2886
11;2025-11-06;19;2194
11;2025-11-06;20;1434
11;2025-11-06;21;845
11;2025-11-06;22;440
11;2025-11-06;23;240
11;2025-11-07;0;68
11;2025-11-07;1;2
11;2025-11-07;2;0
11;2025-11-07;3;0
11;2025-11-07;4;2
11;2025-11-07;5;286
11;2025-11-07;6;1291
11;2025-11-07;7;2277
11;2025-11-07;8;3005
11;2025-11-07;9;2265
11;2025-11-07;10;1899
11;2025-11-07;11;1832
11;2025-11-07;12;1859
11;2025-11-07;13;1922
11;2025-11-07;14;1962
11;2025-11-07;15;2128
11;2025-11-07;16;2360
11;2025-11-07;17;2690
11;2025-11-07;18;2598
11;2025-11-07;19;2076
11;2025-11-07;20;1407
11;2025-11-07;21;858
11;2025-11-07;22;444
11;2025-11-07;23;260
11;2025-11-08;0;93
11;2025-11-08;1;6
11;2025-11-08;2;0
11;2025-11-08;3;0
11;2025-11-08;4;0
11;2025-11-08;5;170
11;2025-11-08;6;687
11;2025-11-08;7;730
11;2025-11-08;8;958
11;2025-11-08;9;1145
11;2025-11-08;10;1311
11;2025-11-08;11;1564
11;2025-11-08;12;1685
11;2025-11-08;13;1698
11;2025-11-08;14;1708
11;2025-11-08;15;1714
11;2025-11-08;16;1721
11;2025-11-08;17;1726
11;2025-11-08;18;1600
11;2025-11-08;19;1401
11;2025-11-08;20;1058
11;2025-11-08;21;732
11;2025-11-08;22;435
11;2025-11-08;23;297
11;2025-11-09;0;95
11;2025-11-09;1;10
11;2025-11-09;2;0
11;2025-11-09;3;0
11;2025-11-09;4;0
11;2025-11-09;5;112
11;2025-11-09;6;496
11;2025-11-09;7;549
11;2025-11-09;8;720
11;2025-11-09;9;922
11;2025-11-09;10;1097
11;2025-11-09;11;1347
11;2025-11-09;12;1454
11;2025-11-09;13;1498
11;2025-11-09;14;1509
11;2025-11-09;15;1521
11;2025-11-09;16;1495
11;2025-11-09;17;1508
11;2025-11-09;18;1382
11;2025-11-09;19;1163
11;2025-11-09;20;891
11;2025-11-09;21;615
11;2025-11-09;22;352
11;2025-11-09;23;237
11;2025-11-10;0;66
11;2025-11-10;1;4
11;2025-11-10;2;0
11;2025-11-10;3;0
11;2025-11-10;4;1
11;2025-11-10;5;287
11;2025-11-10;6;1287
11;2025-11-10;7;2328
11;2025-11-10;8;3032
11;2025-11-10;9;2277
11;2025-11-10;10;1842
11;2025-11-10;11;1765
11;2025-11-10;12;1773
11;2025-11-10;13;1834
11;2025-11-10;14;1857
11;2025-11-10;15;1995
11;2025-11-10;16;2222
11;2025-11-10;17;2701
11;2025-11-10;18;2900
11;2025-11-10;19;2213
11;2025-11-10;20;1448
11;2025-11-10;21;827
11;2025-11-10;22;410
11;2025-11-10;23;210
11;2025-11-11;0;62
11;2025-11-11;1;1
11;2025-11-11;2;0
11;2025-11-11;3;0
11;2025-11-11;4;1
11;2025-11-11;5;292
11;2025-11-11;6;1335
11;2025-11-11;7;2430
11;2025-11-11;8;3169
11;2025-11-11;9;2369
11;2025-11-11;10;1936
11;2025-11-11;11;1855
11;2025-11-11;12;1868
11;2025-11-11;13;1925
11;2025-11-11;14;1941
11;2025-11-11;15;2064
11;2025-11-11;16;2309
11;2025-11-11;17;2792
11;2025-11-11;18;2982
11;2025-11-11;19;2269
11;2025-11-11;20;1501
11;2025-11-11;21;871
11;2025-11-11;22;440
11;2025-11-11;23;233
11;2025-11-12;0;61
11;2025-11-12;1;1
11;2025-11-12;2;0
11;2025-11-12;3;0
11;2025-11-12;4;1
11;2025-11-12;5;293
11;2025-11-12;6;1300
11;2025-11-12;7;2394
11;2025-11-12;8;3137
11;2025-11-12;9;2329
11;2025-11-12;10;1920
11;2025-11-12;11;1841
11;2025-11-12;12;1874
11;2025-11-12;13;1921
11;2025-11-12;14;1927
11;2025-11-12;15;2051
11;2025-11-12;16;2265
11;2025-11-12;17;2761
11;2025-11-12;18;2957
11;2025-11-12;19;2251
11;2025-11-12;20;1483
11;2025-11-12;21;873
11;2025-11-12;22;446
11;2025-11-12;23;244
11;2025-11-13;0;64
11;2025-11-13;1;2
11;2025-11-13;2;0
11;2025-11-13;3;0
11;2025-11-13;4;1
11;2025-11-13;5;297
11;2025-11-13;6;1334
11;2025-11-13;7;2412
11;2025-11-13;8;3150
11;2025-11-13;9;2401
11;2025-11-13;10;1973
11;2025-11-13;11;1884
11;2025-11-13;12;1912
11;2025-11-13;13;1974
11;2025-11-13;14;1978
11;2025-11-13;15;2108
11;2025-11-13;16;2329
11;2025-11-13;17;2805
11;2025-11-13;18;2994
11;2025-11-13;19;2275
11;2025-11-13;20;1506
11;2025-11-13;21;898
11;2025-11-13;22;459
11;2025-11-13;23;254
11;2025-11-14;0;70
11;2025-11-14;1;3
11;2025-11-14;2;1
11;2025-11-14;3;0
11;2025-11-14;4;4
11;2025-11-14;5;285
11;2025-11-14;6;1298
11;2025-11-14;7;2312
11;2025-11-14;8;3049
11;2025-11-14;9;2298
11;2025-11-14;10;1930
11;2025-11-14;11;1861
11;2025-11-14;12;1887
11;2025-11-14;13;1951
11;2025-11-14;14;1992
11;2025-11-14;15;2159
11;2025-11-14;16;2392
11;2025-11-14;17;2727
11;2025-11-14;18;2633
11;2025-11-14;19;2101
11;2025-11-14;20;1428
11;2025-11-14;21;873
11;2025-11-14;22;459
11;2025-11-14;23;273
11;2025-11-15;0;94
11;2025-11-15;1;6
11;2025-11-15;2;0
11;2025-11-15;3;0
11;2025-11-15;4;1
11;2025-11-15;5;182
11;2025-11-15;6;701
11;2025-11-15;7;770
11;2025-11-15;8;1014
11;2025-11-15;9;1206
11;2025-11-15;10;1378
11;2025-11-15;11;1631
11;2025-11-15;12;1746
11;2025-11-15;13;1761
11;2025-11-15;14;1774
11;2025-11-15;15;1780
11;2025-11-15;16;1767
11;2025-11-15;17;1776
11;2025-11-15;18;1650
11;2025-11-15;19;1436
11;2025-11-15;20;1085
11;2025-11-15;21;759
11;2025-11-15;22;461
11;2025-11-15;23;312
11;2025-11-16;0;95
11;2025-11-16;1;10
11;2025-11-16;2;0
11;2025-11-16;3;0
11;2025-11-16;4;0
11;2025-11-16;5;121
11;2025-11-16;6;511
11;2025-11-16;7;571
11;2025-11-16;8;756
11;2025-11-16;9;958
11;2025-11-16;10;1140
11;2025-11-16;11;1385
11;2025-11-16;12;1488
11;2025-11-16;13;1534
11;2025-11-16;14;1541
11;2025-11-16;15;1552
11;2025-11-16;16;1510
11;2025-11-16;17;1527
11;2025-11-16;18;1403
11;2025-11-16;19;1180
11;2025-11-16;20;904
11;2025-11-16;21;628
11;2025-11-16;22;366
11;2025-11-16;23;248
11;2025-11-17;0;66
11;2025-11-17;1;4
11;2025-11-17;2;0
11;2025-11-17;3;0
11;2025-11-17;4;1
11;2025-11-17;5;286
11;2025-11-17;6;1288
11;2025-11-17;7;2342
11;2025-11-17;8;3059
11;2025-11-17;9;2303
11;2025-11-17;10;1870
11;2025-11-17;11;1795
11;2025-11-17;12;1798
11;2025-11-17;13;1860
11;2025-11-17;14;1888
11;2025-11-17;15;2024
11;2025-11-17;16;2254
11;2025-11-17;17;2732
11;2025-11-17;18;2935
11;2025-11-17;19;2235
11;2025-11-17;20;1471
11;2025-11-17;21;844
11;2025-11-17;22;427
11;2025-11-17;23;218
11;2025-11-18;0;63
11;2025-11-18;1;3
11;2025-11-18;2;1
11;2025-11-18;3;1
11;2025-11-18;4;2
11;2025-11-18;5;291
11;2025-11-18;6;1332
11;2025-11-18;7;2427
11;2025-11-18;8;3175
11;2025-11-18;9;2375
11;2025-11-18;10;1938
11;2025-11-18;11;1856
11;2025-11-18;12;1869
11;2025-11-18;13;1925
11;2025-11-18;14;1940
11;2025-11-18;15;2063
11;2025-11-18;16;2309
11;2025-11-18;17;2792
11;2025-11-18;18;2986
11;2025-11-18;19;2270
11;2025-11-18;20;1503
11;2025-11-18;21;873
11;2025-11-18;22;443
11;2025-11-18;23;235
11;2025-11-19;0;61
11;2025-11-19;1;1
11;2025-11-19;2;0
11;2025-11-19;3;0
11;2025-11-19;4;1
11;2025-11-19;5;292
11;2025-11-19;6;1298
11;2025-11-19;7;2390
11;2025-11-19;8;3136
11;2025-11-19;9;2328
11;2025-11-19;10;1919
11;2025-11-19;11;1841
11;2025-11-19;12;1873
11;2025-11-19;13;1919
11;2025-11-19;14;1923
11;2025-11-19;15;2047
11;2025-11-19;16;2262
11;2025-11-19;17;2758
11;2025-11-19;18;2956
11;2025-11-19;19;2249
11;2025-11-19;20;1483
11;2025-11-19;21;874
11;2025-11-19;22;447
11;2025-11-19;23;245
11;2025-11-20;0;64
11;2025-11-20;1;2
11;2025-11-20;2;0
11;2025-11-20;3;0
11;2025-11-20;4;1
11;2025-11-20;5;295
11;2025-11-20;6;1332
11;2025-11-20;7;2410
11;2025-11-20;8;3151
11;2025-11-20;9;2403
11;2025-11-20;10;1975
11;2025-11-20;11;1887
11;2025-11-20;12;1914
11;2025-11-20;13;1974
11;2025-11-20;14;1977
11;2025-11-20;15;2106
11;2025-11-20;16;2328
11;2025-11-20;17;2805
11;2025-11-20;18;2990
11;2025-11-20;19;2272
11;2025-11-20;20;1505
11;2025-11-20;21;898
11;2025-11-20;22;459
11;2025-11-20;23;253
11;2025-11-21;0;68
11;2025-11-21;1;2
11;2025-11-21;2;0
11;2025-11-21;3;0
11;2025-11-21;4;2
11;2025-11-21;5;285
11;2025-11-21;6;1298
11;2025-11-21;7;2310
11;2025-11-21;8;3046
11;2025-11-21;9;2295
11;2025-11-21;10;1928
11;2025-11-21;11;1863
11;2025-11-21;12;1887
11;2025-11-21;13;1950
11;2025-11-21;14;1993
11;2025-11-21;15;2160
11;2025-11-21;16;2395
11;2025-11-21;17;2728
11;2025-11-21;18;2633
11;2025-11-21;19;2102
11;2025-11-21;20;1427
11;2025-11-21;21;872
11;2025-11-21;22;457
11;2025-11-21;23;270
11;2025-11-22;0;95
11;2025-11-22;1;6
11;2025-11-22;2;0
11;2025-11-22;3;0
11;2025-11-22;4;1
11;2025-11-22;5;180
11;2025-11-22;6;704
11;2025-11-22;7;767
11;2025-11-22;8;1008
11;2025-11-22;9;1202
11;2025-11-22;10;1367
11;2025-11-22;11;1624
11;2025-11-22;12;1740
11;2025-11-22;13;1755
11;2025-11-22;14;1761
11;2025-11-22;15;1766
11;2025-11-22;16;1763
11;2025-11-22;17;1774
11;2025-11-22;18;1647
11;2025-11-22;19;1439
11;2025-11-22;20;1087
11;2025-11-22;21;756
11;2025-11-22;22;458
11;2025-11-22;23;313
11;2025-11-23;0;98
11;2025-11-23;1;10
11;2025-11-23;2;0
11;2025-11-23;3;0
11;2025-11-23;4;0
11;2025-11-23;5;120
11;2025-11-23;6;509
11;2025-11-23;7;564
11;2025-11-23;8;750
11;2025-11-23;9;956
11;2025-11-23;10;1129
11;2025-11-23;11;1384
11;2025-11-23;12;1486
11;2025-11-23;13;1532
11;2025-11-23;14;1541
11;2025-11-23;15;1554
11;2025-11-23;16;1519
11;2025-11-23;17;1540
11;2025-11-23;18;1412
11;2025-11-23;19;1192
11;2025-11-23;20;914
11;2025-11-23;21;635
11;2025-11-23;22;371
11;2025-11-23;23;250
11;2025-11-24;0;67
11;2025-11-24;1;4
11;2025-11-24;2;0
11;2025-11-24;3;0
11;2025-11-24;4;1
11;2025-11-24;5;282
11;2025-11-24;6;1285
11;2025-11-24;7;2326
11;2025-11-24;8;3040
11;2025-11-24;9;2285
11;2025-11-24;10;1851
11;2025-11-24;11;1778
11;2025-11-24;12;1782
11;2025-11-24;13;1845
11;2025-11-24;14;1867
11;2025-11-24;15;2004
11;2025-11-24;16;2233
11;2025-11-24;17;2712
11;2025-11-24;18;2913
11;2025-11-24;19;2219
11;2025-11-24;20;1456
11;2025-11-24;21;833
11;2025-11-24;22;416
11;2025-11-24;23;212
11;2025-11-25;0;62
11;2025-11-25;1;1
11;2025-11-25;2;0
11;2025-11-25;3;0
11;2025-11-25;4;1
11;2025-11-25;5;288
11;2025-11-25;6;1330
11;2025-11-25;7;2410
11;2025-11-25;8;3152
11;2025-11-25;9;2353
11;2025-11-25;10;1919
11;2025-11-25;11;1838
11;2025-11-25;12;1850
11;2025-11-25;13;1908
11;2025-11-25;14;1924
11;2025-11-25;15;2044
11;2025-11-25;16;2291
11;2025-11-25;17;2775
11;2025-11-25;18;2972
11;2025-11-25;19;2262
11;2025-11-25;20;1495
11;2025-11-25;21;865
11;2025-11-25;22;437
11;2025-11-25;23;229
11;2025-11-26;0;62
11;2025-11-26;1;1
11;2025-11-26;2;0
11;2025-11-26;3;0
11;2025-11-26;4;1
11;2025-11-26;5;294
11;2025-11-26;6;1298
11;2025-11-26;7;2380
11;2025-11-26;8;3125
11;2025-11-26;9;2320
11;2025-11-26;10;1913
11;2025-11-26;11;1833
11;2025-11-26;12;1865
11;2025-11-26;13;1909
11;2025-11-26;14;1913
11;2025-11-26;15;2036
11;2025-11-26;16;2252
11;2025-11-26;17;2748
11;2025-11-26;18;2952
11;2025-11-26;19;2246
11;2025-11-26;20;1480
11;2025-11-26;21;872
11;2025-11-26;22;446
11;2025-11-26;23;246
11;2025-11-27;0;64
11;2025-11-27;1;2
11;2025-11-27;2;0
11;2025-11-27;3;0
11;2025-11-27;4;1
11;2025-11-27;5;296
11;2025-11-27;6;1331
11;2025-11-27;7;2398
11;2025-11-27;8;3137
11;2025-11-27;9;2392
11;2025-11-27;10;1966
11;2025-11-27;11;1877
11;2025-11-27;12;1903
11;2025-11-27;13;1962
11;2025-11-27;14;1965
11;2025-11-27;15;2093
11;2025-11-27;16;2315
11;2025-11-27;17;2792
11;2025-11-27;18;2983
11;2025-11-27;19;2268
11;2025-11-27;20;1502
11;2025-11-27;21;895
11;2025-11-27;22;458
11;2025-11-27;23;255
11;2025-11-28;0;69
11;2025-11-28;1;2
11;2025-11-28;2;0
11;2025-11-28;3;0
11;2025-11-28;4;3
11;2025-11-28;5;287
11;2025-11-28;6;1298
11;2025-11-28;7;2301
11;2025-11-28;8;3035
11;2025-11-28;9;2286
11;2025-11-28;10;1918
11;2025-11-28;11;1850
11;2025-11-28;12;1876
11;2025-11-28;13;1937
11;2025-11-28;14;1978
11;2025-11-28;15;2143
11;2025-11-28;16;2378
11;2025-11-28;17;2714
11;2025-11-28;18;2628
11;2025-11-28;19;2100
11;2025-11-28;20;1426
11;2025-11-28;21;871
11;2025-11-28;22;457
11;2025-11-28;23;272
11;2025-11-29;0;95
11;2025-11-29;1;6
11;2025-11-29;2;0
11;2025-11-29;3;0
11;2025-11-29;4;1
11;2025-11-29;5;182
11;2025-11-29;6;704
11;2025-11-29;7;763
11;2025-11-29;8;1000
11;2025-11-29;9;1193
11;2025-11-29;10;1352
11;2025-11-29;11;1608
11;2025-11-29;12;1720
11;2025-11-29;13;1731
11;2025-11-29;14;1739
11;2025-11-29;15;1743
11;2025-11-29;16;1741
11;2025-11-29;17;1753
11;2025-11-29;18;1632
11;2025-11-29;19;1424
11;2025-11-29;20;1076
11;2025-11-29;21;747
11;2025-11-29;22;453
11;2025-11-29;23;312
11;2025-11-30;0;97
11;2025-11-30;1;11
11;2025-11-30;2;0
11;2025-11-30;3;0
11;2025-11-30;4;0
11;2025-11-30;5;121
11;2025-11-30;6;507
11;2025-11-30;7;559
11;2025-11-30;8;739
11;2025-11-30;9;946
11;2025-11-30;10;1114
11;2025-11-30;11;1360
11;2025-11-30;12;1460
11;2025-11-30;13;1504
11;2025-11-30;14;1515
11;2025-11-30;15;1526
11;2025-11-30;16;1492
11;2025-11-30;17;1516
11;2025-11-30;18;1395
11;2025-11-30;19;1179
11;2025-11-30;20;903
11;2025-11-30;21;626
11;2025-11-30;22;365
11;2025-11-30;23;247
11;2025-12-01;0;68
11;2025-12-01;1;3
11;2025-12-01;2;0
11;2025-12-01;3;0
11;2025-12-01;4;2
11;2025-12-01;5;292
11;2025-12-01;6;1288
11;2025-12-01;7;2284
11;2025-12-01;8;2952
11;2025-12-01;9;2260
11;2025-12-01;10;1825
11;2025-12-01;11;1746
11;2025-12-01;12;1745
11;2025-12-01;13;1801
11;2025-12-01;14;1826
11;2025-12-01;15;1962
11;2025-12-01;16;2188
11;2025-12-01;17;2680
11;2025-12-01;18;2893
11;2025-12-01;19;2214
11;2025-12-01;20;1449
11;2025-12-01;21;840
11;2025-12-01;22;431
11;2025-12-01;23;216
11;2025-12-02;0;63
11;2025-12-02;1;2
11;2025-12-02;2;0
11;2025-12-02;3;0
11;2025-12-02;4;2
11;2025-12-02;5;298
11;2025-12-02;6;1333
11;2025-12-02;7;2372
11;2025-12-02;8;3071
11;2025-12-02;9;2338
11;2025-12-02;10;1904
11;2025-12-02;11;1822
11;2025-12-02;12;1831
11;2025-12-02;13;1882
11;2025-12-02;14;1899
11;2025-12-02;15;2021
11;2025-12-02;16;2264
11;2025-12-02;17;2751
11;2025-12-02;18;2950
11;2025-12-02;19;2259
11;2025-12-02;20;1491
11;2025-12-02;21;873
11;2025-12-02;22;452
11;2025-12-02;23;231
11;2025-12-03;0;63
11;2025-12-03;1;2
11;2025-12-03;2;0
11;2025-12-03;3;0
11;2025-12-03;4;3
11;2025-12-03;5;299
11;2025-12-03;6;1300
11;2025-12-03;7;2340
11;2025-12-03;8;3049
11;2025-12-03;9;2307
11;2025-12-03;10;1901
11;2025-12-03;11;1822
11;2025-12-03;12;1854
11;2025-12-03;13;1894
11;2025-12-03;14;1899
11;2025-12-03;15;2023
11;2025-12-03;16;2235
11;2025-12-03;17;2730
11;2025-12-03;18;2935
11;2025-12-03;19;2243
11;2025-12-03;20;1476
11;2025-12-03;21;878
11;2025-12-03;22;460
11;2025-12-03;23;247
11;2025-12-04;0;66
11;2025-12-04;1;2
11;2025-12-04;2;0
11;2025-12-04;3;0
11;2025-12-04;4;3
11;2025-12-04;5;309
11;2025-12-04;6;1338
11;2025-12-04;7;2363
11;2025-12-04;8;3065
11;2025-12-04;9;2383
11;2025-12-04;10;1960
11;2025-12-04;11;1870
11;2025-12-04;12;1896
11;2025-12-04;13;1951
11;2025-12-04;14;1954
11;2025-12-04;15;2083
11;2025-12-04;16;2303
11;2025-12-04;17;2780
11;2025-12-04;18;2973
11;2025-12-04;19;2274
11;2025-12-04;20;1507
11;2025-12-04;21;911
11;2025-12-04;22;477
11;2025-12-04;23;258
11;2025-12-05;0;71
11;2025-12-05;1;2
11;2025-12-05;2;0
11;2025-12-05;3;0
11;2025-12-05;4;4
11;2025-12-05;5;298
11;2025-12-05;6;1305
11;2025-12-05;7;2273
11;2025-12-05;8;2969
11;2025-12-05;9;2282
11;2025-12-05;10;1916
11;2025-12-05;11;1851
11;2025-12-05;12;1875
11;2025-12-05;13;1934
11;2025-12-05;14;1973
11;2025-12-05;15;2138
11;2025-12-05;16;2368
11;2025-12-05;17;2713
11;2025-12-05;18;2628
11;2025-12-05;19;2111
11;2025-12-05;20;1439
11;2025-12-05;21;891
11;2025-12-05;22;480
11;2025-12-05;23;272
11;2025-12-06;0;96
11;2025-12-06;1;6
11;2025-12-06;2;0
11;2025-12-06;3;0
11;2025-12-06;4;2
11;2025-12-06;5;185
11;2025-12-06;6;679
11;2025-12-06;7;727
11;2025-12-06;8;954
11;2025-12-06;9;1164
11;2025-12-06;10;1323
11;2025-12-06;11;1581
11;2025-12-06;12;1694
11;2025-12-06;13;1710
11;2025-12-06;14;1719
11;2025-12-06;15;1724
11;2025-12-06;16;1720
11;2025-12-06;17;1738
11;2025-12-06;18;1610
11;2025-12-06;19;1413
11;2025-12-06;20;1077
11;2025-12-06;21;758
11;2025-12-06;22;466
11;2025-12-06;23;304
11;2025-12-07;0;97
11;2025-12-07;1;10
11;2025-12-07;2;0
11;2025-12-07;3;0
11;2025-12-07;4;0
11;2025-12-07;5;125
11;2025-12-07;6;488
11;2025-12-07;7;537
11;2025-12-07;8;706
11;2025-12-07;9;933
11;2025-12-07;10;1107
11;2025-12-07;11;1358
11;2025-12-07;12;1459
11;2025-12-07;13;1506
11;2025-12-07;14;1517
11;2025-12-07;15;1528
11;2025-12-07;16;1492
11;2025-12-07;17;1516
11;2025-12-07;18;1386
11;2025-12-07;19;1173
11;2025-12-07;20;905
11;2025-12-07;21;636
11;2025-12-07;22;379
11;2025-12-07;23;241
11;2025-12-08;0;69
11;2025-12-08;1;4
11;2025-12-08;2;0
11;2025-12-08;3;0
11;2025-12-08;4;2
11;2025-12-08;5;298
11;2025-12-08;6;1296
11;2025-12-08;7;2303
11;2025-12-08;8;2980
11;2025-12-08;9;2287
11;2025-12-08;10;1854
11;2025-12-08;11;1783
11;2025-12-08;12;1783
11;2025-12-08;13;1841
11;2025-12-08;14;1860
11;2025-12-08;15;1998
11;2025-12-08;16;2224
11;2025-12-08;17;2709
11;2025-12-08;18;2908
11;2025-12-08;19;2230
11;2025-12-08;20;1464
11;2025-12-08;21;852
11;2025-12-08;22;440
11;2025-12-08;23;219
11;2025-12-09;0;64
11;2025-12-09;1;2
11;2025-12-09;2;0
11;2025-12-09;3;0
11;2025-12-09;4;3
11;2025-12-09;5;304
11;2025-12-09;6;1342
11;2025-12-09;7;2396
11;2025-12-09;8;3105
11;2025-12-09;9;2370
11;2025-12-09;10;1940
11;2025-12-09;11;1860
11;2025-12-09;12;1870
11;2025-12-09;13;1923
11;2025-12-09;14;1939
11;2025-12-09;15;2062
11;2025-12-09;16;2304
11;2025-12-09;17;2786
11;2025-12-09;18;2976
11;2025-12-09;19;2279
11;2025-12-09;20;1510
11;2025-12-09;21;890
11;2025-12-09;22;462
11;2025-12-09;23;236
11;2025-12-10;0;63
11;2025-12-10;1;2
11;2025-12-10;2;0
11;2025-12-10;3;0
11;2025-12-10;4;3
11;2025-12-10;5;306
11;2025-12-10;6;1311
11;2025-12-10;7;2365
11;2025-12-10;8;3073
11;2025-12-10;9;2328
11;2025-12-10;10;1924
11;2025-12-10;11;1847
11;2025-12-10;12;1877
11;2025-12-10;13;1920
11;2025-12-10;14;1925
11;2025-12-10;15;2049
11;2025-12-10;16;2260
11;2025-12-10;17;2756
11;2025-12-10;18;2953
11;2025-12-10;19;2261
11;2025-12-10;20;1493
11;2025-12-10;21;893
11;2025-12-10;22;468
11;2025-12-10;23;248
11;2025-12-11;0;66
11;2025-12-11;1;2
11;2025-12-11;2;0
11;2025-12-11;3;0
11;2025-12-11;4;3
11;2025-12-11;5;310
11;2025-12-11;6;1342
11;2025-12-11;7;2381
11;2025-12-11;8;3084
11;2025-12-11;9;2398
11;2025-12-11;10;1976
11;2025-12-11;11;1889
11;2025-12-11;12;1913
11;2025-12-11;13;1971
11;2025-12-11;14;1973
11;2025-12-11;15;2104
11;2025-12-11;16;2323
11;2025-12-11;17;2800
11;2025-12-11;18;2987
11;2025-12-11;19;2285
11;2025-12-11;20;1515
11;2025-12-11;21;917
11;2025-12-11;22;482
11;2025-12-11;23;258
11;2025-12-12;0;70
11;2025-12-12;1;2
11;2025-12-12;2;0
11;2025-12-12;3;0
11;2025-12-12;4;4
11;2025-12-12;5;297
11;2025-12-12;6;1304
11;2025-12-12;7;2283
11;2025-12-12;8;2981
11;2025-12-12;9;2292
11;2025-12-12;10;1928
11;2025-12-12;11;1864
11;2025-12-12;12;1887
11;2025-12-12;13;1948
11;2025-12-12;14;1988
11;2025-12-12;15;2155
11;2025-12-12;16;2386
11;2025-12-12;17;2724
11;2025-12-12;18;2630
11;2025-12-12;19;2112
11;2025-12-12;20;1438
11;2025-12-12;21;891
11;2025-12-12;22;480
11;2025-12-12;23;270
11;2025-12-13;0;95
11;2025-12-13;1;6
11;2025-12-13;2;0
11;2025-12-13;3;0
11;2025-12-13;4;1
11;2025-12-13;5;185
11;2025-12-13;6;680
11;2025-12-13;7;733
11;2025-12-13;8;963
11;2025-12-13;9;1174
11;2025-12-13;10;1338
11;2025-12-13;11;1595
11;2025-12-13;12;1708
11;2025-12-13;13;1726
11;2025-12-13;14;1736
11;2025-12-13;15;1742
11;2025-12-13;16;1737
11;2025-12-13;17;1754
11;2025-12-13;18;1622
11;2025-12-13;19;1419
11;2025-12-13;20;1080
11;2025-12-13;21;761
11;2025-12-13;22;468
11;2025-12-13;23;305
11;2025-12-14;0;98
11;2025-12-14;1;11
11;2025-12-14;2;0
11;2025-12-14;3;0
11;2025-12-14;4;0
11;2025-12-14;5;126
11;2025-12-14;6;491
11;2025-12-14;7;547
11;2025-12-14;8;717
11;2025-12-14;9;945
11;2025-12-14;10;1118
11;2025-12-14;11;1367
11;2025-12-14;12;1468
11;2025-12-14;13;1515
11;2025-12-14;14;1528
11;2025-12-14;15;1541
11;2025-12-14;16;1505
11;2025-12-14;17;1527
11;2025-12-14;18;1399
11;2025-12-14;19;1183
11;2025-12-14;20;913
11;2025-12-14;21;644
11;2025-12-14;22;383
11;2025-12-14;23;244
11;2025-12-15;0;69
11;2025-12-15;1;4
11;2025-12-15;2;0
11;2025-12-15;3;0
11;2025-12-15;4;2
11;2025-12-15;5;297
11;2025-12-15;6;1296
11;2025-12-15;7;2313
11;2025-12-15;8;2995
11;2025-12-15;9;2300
11;2025-12-15;10;1868
11;2025-12-15;11;1794
11;2025-12-15;12;1794
11;2025-12-15;13;1852
11;2025-12-15;14;1873
11;2025-12-15;15;2010
11;2025-12-15;16;2238
11;2025-12-15;17;2723
11;2025-12-15;18;2927
11;2025-12-15;19;2240
11;2025-12-15;20;1474
11;2025-12-15;21;856
11;2025-12-15;22;442
11;2025-12-15;23;222
11;2025-12-16;0;64
11;2025-12-16;1;2
11;2025-12-16;2;0
11;2025-12-16;3;0
11;2025-12-16;4;3
11;2025-12-16;5;305
11;2025-12-16;6;1344
11;2025-12-16;7;2407
11;2025-12-16;8;3125
11;2025-12-16;9;2389
11;2025-12-16;10;1959
11;2025-12-16;11;1879
11;2025-12-16;12;1888
11;2025-12-16;13;1941
11;2025-12-16;14;1957
11;2025-12-16;15;2081
11;2025-12-16;16;2323
11;2025-12-16;17;2803
11;2025-12-16;18;2993
11;2025-12-16;19;2290
11;2025-12-16;20;1520
11;2025-12-16;21;893
11;2025-12-16;22;466
11;2025-12-16;23;239
11;2025-12-17;0;63
11;2025-12-17;1;2
11;2025-12-17;2;0
11;2025-12-17;3;0
11;2025-12-17;4;3
11;2025-12-17;5;302
11;2025-12-17;6;1308
11;2025-12-17;7;2364
11;2025-12-17;8;3084
11;2025-12-17;9;2339
11;2025-12-17;10;1936
11;2025-12-17;11;1861
11;2025-12-17;12;1890
11;2025-12-17;13;1933
11;2025-12-17;14;1936
11;2025-12-17;15;2061
11;2025-12-17;16;2270
11;2025-12-17;17;2763
11;2025-12-17;18;2961
11;2025-12-17;19;2268
11;2025-12-17;20;1498
11;2025-12-17;21;893
11;2025-12-17;22;470
11;2025-12-17;23;249
11;2025-12-18;0;66
11;2025-12-18;1;2
11;2025-12-18;2;0
11;2025-12-18;3;0
11;2025-12-18;4;2
11;2025-12-18;5;309
11;2025-12-18;6;1340
11;2025-12-18;7;2380
11;2025-12-18;8;3091
11;2025-12-18;9;2407
11;2025-12-18;10;1985
11;2025-12-18;11;1899
11;2025-12-18;12;1923
11;2025-12-18;13;1981
11;2025-12-18;14;1980
11;2025-12-18;15;2108
11;2025-12-18;16;2329
11;2025-12-18;17;2805
11;2025-12-18;18;2995
11;2025-12-18;19;2290
11;2025-12-18;20;1519
11;2025-12-18;21;917
11;2025-12-18;22;483
11;2025-12-18;23;257
11;2025-12-19;0;71
11;2025-12-19;1;2
11;2025-12-19;2;0
11;2025-12-19;3;0
11;2025-12-19;4;4
11;2025-12-19;5;299
11;2025-12-19;6;1308
11;2025-12-19;7;2288
11;2025-12-19;8;2991
11;2025-12-19;9;2301
11;2025-12-19;10;1936
11;2025-12-19;11;1875
11;2025-12-19;12;1896
11;2025-12-19;13;1956
11;2025-12-19;14;1996
11;2025-12-19;15;2164
11;2025-12-19;16;2396
11;2025-12-19;17;2733
11;2025-12-19;18;2640
11;2025-12-19;19;2120
11;2025-12-19;20;1443
11;2025-12-19;21;896
11;2025-12-19;22;484
11;2025-12-19;23;273
11;2025-12-20;0;96
11;2025-12-20;1;6
11;2025-12-20;2;0
11;2025-12-20;3;0
11;2025-12-20;4;2
11;2025-12-20;5;185
11;2025-12-20;6;681
11;2025-12-20;7;740
11;2025-12-20;8;974
11;2025-12-20;9;1185
11;2025-12-20;10;1349
11;2025-12-20;11;1608
11;2025-12-20;12;1720
11;2025-12-20;13;1737
11;2025-12-20;14;1746
11;2025-12-20;15;1750
11;2025-12-20;16;1745
11;2025-12-20;17;1763
11;2025-12-20;18;1628
11;2025-12-20;19;1427
11;2025-12-20;20;1088
11;2025-12-20;21;767
11;2025-12-20;22;474
11;2025-12-20;23;310
11;2025-12-21;0;98
11;2025-12-21;1;10
11;2025-12-21;2;0
11;2025-12-21;3;0
11;2025-12-21;4;0
11;2025-12-21;5;126
11;2025-12-21;6;489
11;2025-12-21;7;546
11;2025-12-21;8;717
11;2025-12-21;9;947
11;2025-12-21;10;1123
11;2025-12-21;11;1371
11;2025-12-21;12;1473
11;2025-12-21;13;1519
11;2025-12-21;14;1532
11;2025-12-21;15;1545
11;2025-12-21;16;1508
11;2025-12-21;17;1531
11;2025-12-21;18;1394
11;2025-12-21;19;1180
11;2025-12-21;20;913
11;2025-12-21;21;643
11;2025-12-21;22;386
11;2025-12-21;23;245
11;2025-12-22;0;69
11;2025-12-22;1;4
11;2025-12-22;2;0
11;2025-12-22;3;0
11;2025-12-22;4;2
11;2025-12-22;5;298
11;2025-12-22;6;1299
11;2025-12-22;7;2313
11;2025-12-22;8;2990
11;2025-12-22;9;2293
11;2025-12-22;10;1861
11;2025-12-22;11;1790
11;2025-12-22;12;1790
11;2025-12-22;13;1847
11;2025-12-22;14;1866
11;2025-12-22;15;2003
11;2025-12-22;16;2230
11;2025-12-22;17;2716
11;2025-12-22;18;2918
11;2025-12-22;19;2234
11;2025-12-22;20;1469
11;2025-12-22;21;857
11;2025-12-22;22;444
11;2025-12-22;23;223
11;2025-12-23;0;64
11;2025-12-23;1;2
11;2025-12-23;2;0
11;2025-12-23;3;0
11;2025-12-23;4;2
11;2025-12-23;5;305
11;2025-12-23;6;1344
11;2025-12-23;7;2397
11;2025-12-23;8;3108
11;2025-12-23;9;2371
11;2025-12-23;10;1941
11;2025-12-23;11;1862
11;2025-12-23;12;1871
11;2025-12-23;13;1923
11;2025-12-23;14;1940
11;2025-12-23;15;2063
11;2025-12-23;16;2305
11;2025-12-23;17;2787
11;2025-12-23;18;2979
11;2025-12-23;19;2283
11;2025-12-23;20;1514
11;2025-12-23;21;894
11;2025-12-23;22;467
11;2025-12-23;23;239
11;2025-12-24;0;64
11;2025-12-24;1;2
11;2025-12-24;2;0
11;2025-12-24;3;0
11;2025-12-24;4;3
11;2025-12-24;5;306
11;2025-12-24;6;1312
11;2025-12-24;7;2363
11;2025-12-24;8;3075
11;2025-12-24;9;2332
11;2025-12-24;10;1927
11;2025-12-24;11;1847
11;2025-12-24;12;1877
11;2025-12-24;13;1918
11;2025-12-24;14;1923
11;2025-12-24;15;2047
11;2025-12-24;16;2258
11;2025-12-24;17;2754
11;2025-12-24;18;2953
11;2025-12-24;19;2260
11;2025-12-24;20;1492
11;2025-12-24;21;893
11;2025-12-24;22;470
11;2025-12-24;23;248
11;2025-12-25;0;66
11;2025-12-25;1;2
11;2025-12-25;2;0
11;2025-12-25;3;0
11;2025-12-25;4;2
11;2025-12-25;5;314
11;2025-12-25;6;1347
11;2025-12-25;7;2361
11;2025-12-25;8;3060
11;2025-12-25;9;2397
11;2025-12-25;10;1995
11;2025-12-25;11;1908
11;2025-12-25;12;1935
11;2025-12-25;13;1992
11;2025-12-25;14;1995
11;2025-12-25;15;2122
11;2025-12-25;16;2322
11;2025-12-25;17;2791
11;2025-12-25;18;2971
11;2025-12-25;19;2278
11;2025-12-25;20;1517
11;2025-12-25;21;920
11;2025-12-25;22;487
11;2025-12-25;23;259
11;2025-12-26;0;70
11;2025-12-26;1;2
11;2025-12-26;2;0
11;2025-12-26;3;0
11;2025-12-26;4;2
11;2025-12-26;5;306
11;2025-12-26;6;1311
11;2025-12-26;7;2269
11;2025-12-26;8;2980
11;2025-12-26;9;2304
11;2025-12-26;10;1950
11;2025-12-26;11;1885
11;2025-12-26;12;1908
11;2025-12-26;13;1958
11;2025-12-26;14;1997
11;2025-12-26;15;2159
11;2025-12-26;16;2381
11;2025-12-26;17;2713
11;2025-12-26;18;2625
11;2025-12-26;19;2107
11;2025-12-26;20;1443
11;2025-12-26;21;897
11;2025-12-26;22;488
11;2025-12-26;23;273
11;2025-12-27;0;96
11;2025-12-27;1;6
11;2025-12-27;2;0
11;2025-12-27;3;0
11;2025-12-27;4;3
11;2025-12-27;5;190
11;2025-12-27;6;679
11;2025-12-27;7;731
11;2025-12-27;8;956
11;2025-12-27;9;1164
11;2025-12-27;10;1316
11;2025-12-27;11;1569
11;2025-12-27;12;1678
11;2025-12-27;13;1692
11;2025-12-27;14;1704
11;2025-12-27;15;1705
11;2025-12-27;16;1692
11;2025-12-27;17;1705
11;2025-12-27;18;1577
11;2025-12-27;19;1395
11;2025-12-27;20;1068
11;2025-12-27;21;758
11;2025-12-27;22;468
11;2025-12-27;23;308
11;2025-12-28;0;98
11;2025-12-28;1;10
11;2025-12-28;2;0
11;2025-12-28;3;0
11;2025-12-28;4;0
11;2025-12-28;5;130
11;2025-12-28;6;479
11;2025-12-28;7;522
11;2025-12-28;8;696
11;2025-12-28;9;915
11;2025-12-28;10;1083
11;2025-12-28;11;1329
11;2025-12-28;12;1424
11;2025-12-28;13;1467
11;2025-12-28;14;1481
11;2025-12-28;15;1487
11;2025-12-28;16;1444
11;2025-12-28;17;1464
11;2025-12-28;18;1336
11;2025-12-28;19;1148
11;2025-12-28;20;894
11;2025-12-28;21;636
11;2025-12-28;22;381
11;2025-12-28;23;248
11;2025-12-29;0;68
11;2025-12-29;1;4
11;2025-12-29;2;0
11;2025-12-29;3;0
11;2025-12-29;4;0
11;2025-12-29;5;298
11;2025-12-29;6;1286
11;2025-12-29;7;2258
11;2025-12-29;8;2965
11;2025-12-29;9;2282
11;2025-12-29;10;1871
11;2025-12-29;11;1802
11;2025-12-29;12;1807
11;2025-12-29;13;1856
11;2025-12-29;14;1869
11;2025-12-29;15;2003
11;2025-12-29;16;2215
11;2025-12-29;17;2686
11;2025-12-29;18;2877
11;2025-12-29;19;2211
11;2025-12-29;20;1457
11;2025-12-29;21;849
11;2025-12-29;22;436
11;2025-12-29;23;224
11;2025-12-30;0;63
11;2025-12-30;1;2
11;2025-12-30;2;0
11;2025-12-30;3;0
11;2025-12-30;4;0
11;2025-12-30;5;299
11;2025-12-30;6;1325
11;2025-12-30;7;2329
11;2025-12-30;8;3071
11;2025-12-30;9;2357
11;2025-12-30;10;1945
11;2025-12-30;11;1870
11;2025-12-30;12;1885
11;2025-12-30;13;1932
11;2025-12-30;14;1943
11;2025-12-30;15;2061
11;2025-12-30;16;2285
11;2025-12-30;17;2739
11;2025-12-30;18;2901
11;2025-12-30;19;2248
11;2025-12-30;20;1494
11;2025-12-30;21;885
11;2025-12-30;22;464
11;2025-12-30;23;240
11;2025-12-31;0;59
11;2025-12-31;1;1
11;2025-12-31;2;0
11;2025-12-31;3;0
11;2025-12-31;4;1
11;2025-12-31;5;91
11;2025-12-31;6;544
11;2025-12-31;7;640
11;2025-12-31;8;784
11;2025-12-31;9;896
11;2025-12-31;10;898
11;2025-12-31;11;1063
11;2025-12-31;12;1136
11;2025-12-31;13;1190
11;2025-12-31;14;1203
11;2025-12-31;15;1199
11;2025-12-31;16;1251
11;2025-12-31;17;1304
11;2025-12-31;18;1279
11;2025-12-31;19;1102
11;2025-12-31;20;862
11;2025-12-31;21;568
11;2025-12-31;22;290
11;2025-12-31;23;207
12;2025-11-01;0;106
12;2025-11-01;1;19
12;2025-11-01;2;12
12;2025-11-01;3;10
12;2025-11-01;4;19
12;2025-11-01;5;416
12;2025-11-01;6;1324
12;2025-11-01;7;2215
12;2025-11-01;8;2610
12;2025-11-01;9;2201
12;2025-11-01;10;2044
12;2025-11-01;11;2034
12;2025-11-01;12;2038
12;2025-11-01;13;2117
12;2025-11-01;14;2093
12;2025-11-01;15;2241
12;2025-11-01;16;2452
12;2025-11-01;17;2618
12;2025-11-01;18;2646
12;2025-11-01;19;2082
12;2025-11-01;20;1555
12;2025-11-01;21;1132
12;2025-11-01;22;679
12;2025-11-01;23;440
12;2025-11-02;0;76
12;2025-11-02;1;5
12;2025-11-02;2;0
12;2025-11-02;3;1
12;2025-11-02;4;4
12;2025-11-02;5;155
12;2025-11-02;6;497
12;2025-11-02;7;588
12;2025-11-02;8;685
12;2025-11-02;9;818
12;2025-11-02;10;994
12;2025-11-02;11;1108
12;2025-11-02;12;1173
12;2025-11-02;13;1290
12;2025-11-02;14;1275
12;2025-11-02;15;1237
12;2025-11-02;16;1260
12;2025-11-02;17;1251
12;2025-11-02;18;1135
12;2025-11-02;19;996
12;2025-11-02;20;753
12;2025-11-02;21;553
12;2025-11-02;22;333
12;2025-11-02;23;203
12;2025-11-03;0;68
12;2025-11-03;1;6
12;2025-11-03;2;1
12;2025-11-03;3;0
12;2025-11-03;4;1
12;2025-11-03;5;177
12;2025-11-03;6;724
12;2025-11-03;7;957
12;2025-11-03;8;1070
12;2025-11-03;9;1087
12;2025-11-03;10;1099
12;2025-11-03;11;1174
12;2025-11-03;12;1233
12;2025-11-03;13;1314
12;2025-11-03;14;1330
12;2025-11-03;15;1347
12;2025-11-03;16;1430
12;2025-11-03;17;1498
12;2025-11-03;18;1478
12;2025-11-03;19;1302
12;2025-11-03;20;965
12;2025-11-03;21;621
12;2025-11-03;22;346
12;2025-11-03;23;210
12;2025-11-04;0;67
12;2025-11-04;1;6
12;2025-11-04;2;1
12;2025-11-04;3;0
12;2025-11-04;4;0
12;2025-11-04;5;131
12;2025-11-04;6;637
12;2025-11-04;7;849
12;2025-11-04;8;971
12;2025-11-04;9;970
12;2025-11-04;10;997
12;2025-11-04;11;1061
12;2025-11-04;12;1156
12;2025-11-04;13;1265
12;2025-11-04;14;1242
12;2025-11-04;15;1217
12;2025-11-04;16;1361
12;2025-11-04;17;1363
12;2025-11-04;18;1360
12;2025-11-04;19;1210
12;2025-11-04;20;869
12;2025-11-04;21;611
12;2025-11-04;22;310
12;2025-11-04;23;194
12;2025-11-05;0;53
12;2025-11-05;1;1
12;2025-11-05;2;0
12;2025-11-05;3;1
12;2025-11-05;4;3
12;2025-11-05;5;367
12;2025-11-05;6;1401
12;2025-11-05;7;2634
12;2025-11-05;8;3351
12;2025-11-05;9;2428
12;2025-11-05;10;1993
12;2025-11-05;11;1888
12;2025-11-05;12;1929
12;2025-11-05;13;1938
12;2025-11-05;14;1945
12;2025-11-05;15;2121
12;2025-11-05;16;2507
12;2025-11-05;17;2891
12;2025-11-05;18;3035
12;2025-11-05;19;2331
12;2025-11-05;20;1499
12;2025-11-05;21;925
12;2025-11-05;22;492
12;2025-11-05;23;254
12;2025-11-06;0;49
12;2025-11-06;1;0
12;2025-11-06;2;0
12;2025-11-06;3;0
12;2025-11-06;4;1
12;2025-11-06;5;364
12;2025-11-06;6;1377
12;2025-11-06;7;2624
12;2025-11-06;8;3338
12;2025-11-06;9;2406
12;2025-11-06;10;1964
12;2025-11-06;11;1885
12;2025-11-06;12;1914
12;2025-11-06;13;1932
12;2025-11-06;14;1946
12;2025-11-06;15;2139
12;2025-11-06;16;2516
12;2025-11-06;17;2903
12;2025-11-06;18;3036
12;2025-11-06;19;2313
12;2025-11-06;20;1504
12;2025-11-06;21;909
12;2025-11-06;22;494
12;2025-11-06;23;254
12;2025-11-07;0;56
12;2025-11-07;1;2
12;2025-11-07;2;0
12;2025-11-07;3;1
12;2025-11-07;4;7
12;2025-11-07;5;360
12;2025-11-07;6;1384
12;2025-11-07;7;2576
12;2025-11-07;8;3271
12;2025-11-07;9;2374
12;2025-11-07;10;1978
12;2025-11-07;11;1926
12;2025-11-07;12;1938
12;2025-11-07;13;1980
12;2025-11-07;14;2016
12;2025-11-07;15;2233
12;2025-11-07;16;2620
12;2025-11-07;17;2838
12;2025-11-07;18;2708
12;2025-11-07;19;2172
12;2025-11-07;20;1448
12;2025-11-07;21;934
12;2025-11-07;22;501
12;2025-11-07;23;275
12;2025-11-08;0;77
12;2025-11-08;1;4
12;2025-11-08;2;0
12;2025-11-08;3;0
12;2025-11-08;4;2
12;2025-11-08;5;223
12;2025-11-08;6;731
12;2025-11-08;7;908
12;2025-11-08;8;1016
12;2025-11-08;9;1163
12;2025-11-08;10;1317
12;2025-11-08;11;1412
12;2025-11-08;12;1464
12;2025-11-08;13;1576
12;2025-11-08;14;1564
12;2025-11-08;15;1522
12;2025-11-08;16;1552
12;2025-11-08;17;1528
12;2025-11-08;18;1449
12;2025-11-08;19;1330
12;2025-11-08;20;973
12;2025-11-08;21;698
12;2025-11-08;22;418
12;2025-11-08;23;265
12;2025-11-09;0;78
12;2025-11-09;1;5
12;2025-11-09;2;0
12;2025-11-09;3;0
12;2025-11-09;4;1
12;2025-11-09;5;172
12;2025-11-09;6;534
12;2025-11-09;7;662
12;2025-11-09;8;771
12;2025-11-09;9;927
12;2025-11-09;10;1107
12;2025-11-09;11;1235
12;2025-11-09;12;1311
12;2025-11-09;13;1424
12;2025-11-09;14;1400
12;2025-11-09;15;1363
12;2025-11-09;16;1383
12;2025-11-09;17;1387
12;2025-11-09;18;1263
12;2025-11-09;19;1082
12;2025-11-09;20;808
12;2025-11-09;21;586
12;2025-11-09;22;349
12;2025-11-09;23;209
12;2025-11-10;0;56
12;2025-11-10;1;2
12;2025-11-10;2;0
12;2025-11-10;3;0
12;2025-11-10;4;6
12;2025-11-10;5;361
12;2025-11-10;6;1392
12;2025-11-10;7;2648
12;2025-11-10;8;3346
12;2025-11-10;9;2413
12;2025-11-10;10;1966
12;2025-11-10;11;1876
12;2025-11-10;12;1927
12;2025-11-10;13;1938
12;2025-11-10;14;1954
12;2025-11-10;15;2150
12;2025-11-10;16;2523
12;2025-11-10;17;2936
12;2025-11-10;18;3088
12;2025-11-10;19;2360
12;2025-11-10;20;1534
12;2025-11-10;21;911
12;2025-11-10;22;471
12;2025-11-10;23;231
12;2025-11-11;0;51
12;2025-11-11;1;1
12;2025-11-11;2;0
12;2025-11-11;3;0
12;2025-11-11;4;8
12;2025-11-11;5;370
12;2025-11-11;6;1448
12;2025-11-11;7;2760
12;2025-11-11;8;3474
12;2025-11-11;9;2510
12;2025-11-11;10;2074
12;2025-11-11;11;1986
12;2025-11-11;12;2005
12;2025-11-11;13;2030
12;2025-11-11;14;2023
12;2025-11-11;15;2218
12;2025-11-11;16;2607
12;2025-11-11;17;3022
12;2025-11-11;18;3171
12;2025-11-11;19;2421
12;2025-11-11;20;1573
12;2025-11-11;21;957
12;2025-11-11;22;510
12;2025-11-11;23;253
12;2025-11-12;0;54
12;2025-11-12;1;1
12;2025-11-12;2;0
12;2025-11-12;3;0
12;2025-11-12;4;8
12;2025-11-12;5;372
12;2025-11-12;6;1453
12;2025-11-12;7;2736
12;2025-11-12;8;3449
12;2025-11-12;9;2512
12;2025-11-12;10;2076
12;2025-11-12;11;1972
12;2025-11-12;12;2013
12;2025-11-12;13;2025
12;2025-11-12;14;2040
12;2025-11-12;15;2218
12;2025-11-12;16;2608
12;2025-11-12;17;2998
12;2025-11-12;18;3156
12;2025-11-12;19;2408
12;2025-11-12;20;1571
12;2025-11-12;21;979
12;2025-11-12;22;523
12;2025-11-12;23;265
12;2025-11-13;0;53
12;2025-11-13;1;2
12;2025-11-13;2;0
12;2025-11-13;3;0
12;2025-11-13;4;8
12;2025-11-13;5;371
12;2025-11-13;6;1435
12;2025-11-13;7;2725
12;2025-11-13;8;3442
12;2025-11-13;9;2501
12;2025-11-13;10;2061
12;2025-11-13;11;1980
12;2025-11-13;12;2010
12;2025-11-13;13;2030
12;2025-11-13;14;2045
12;2025-11-13;15;2240
12;2025-11-13;16;2614
12;2025-11-13;17;3009
12;2025-11-13;18;3145
12;2025-11-13;19;2400
12;2025-11-13;20;1583
12;2025-11-13;21;969
12;2025-11-13;22;521
12;2025-11-13;23;271
12;2025-11-14;0;56
12;2025-11-14;1;2
12;2025-11-14;2;0
12;2025-11-14;3;0
12;2025-11-14;4;8
12;2025-11-14;5;359
12;2025-11-14;6;1402
12;2025-11-14;7;2616
12;2025-11-14;8;3309
12;2025-11-14;9;2399
12;2025-11-14;10;2005
12;2025-11-14;11;1948
12;2025-11-14;12;1960
12;2025-11-14;13;2003
12;2025-11-14;14;2042
12;2025-11-14;15;2259
12;2025-11-14;16;2652
12;2025-11-14;17;2876
12;2025-11-14;18;2745
12;2025-11-14;19;2200
12;2025-11-14;20;1471
12;2025-11-14;21;952
12;2025-11-14;22;519
12;2025-11-14;23;287
12;2025-11-15;0;78
12;2025-11-15;1;4
12;2025-11-15;2;0
12;2025-11-15;3;0
12;2025-11-15;4;3
12;2025-11-15;5;233
12;2025-11-15;6;752
12;2025-11-15;7;941
12;2025-11-15;8;1058
12;2025-11-15;9;1212
12;2025-11-15;10;1369
12;2025-11-15;11;1467
12;2025-11-15;12;1512
12;2025-11-15;13;1627
12;2025-11-15;14;1616
12;2025-11-15;15;1573
12;2025-11-15;16;1593
12;2025-11-15;17;1576
12;2025-11-15;18;1497
12;2025-11-15;19;1367
12;2025-11-15;20;1003
12;2025-11-15;21;723
12;2025-11-15;22;442
12;2025-11-15;23;278
12;2025-11-16;0;78
12;2025-11-16;1;5
12;2025-11-16;2;0
12;2025-11-16;3;0
12;2025-11-16;4;1
12;2025-11-16;5;178
12;2025-11-16;6;558
12;2025-11-16;7;684
12;2025-11-16;8;808
12;2025-11-16;9;970
12;2025-11-16;10;1146
12;2025-11-16;11;1267
12;2025-11-16;12;1338
12;2025-11-16;13;1453
12;2025-11-16;14;1435
12;2025-11-16;15;1398
12;2025-11-16;16;1416
12;2025-11-16;17;1422
12;2025-11-16;18;1298
12;2025-11-16;19;1106
12;2025-11-16;20;828
12;2025-11-16;21;601
12;2025-11-16;22;365
12;2025-11-16;23;216
12;2025-11-17;0;56
12;2025-11-17;1;2
12;2025-11-17;2;0
12;2025-11-17;3;0
12;2025-11-17;4;6
12;2025-11-17;5;362
12;2025-11-17;6;1394
12;2025-11-17;7;2658
12;2025-11-17;8;3368
12;2025-11-17;9;2431
12;2025-11-17;10;1980
12;2025-11-17;11;1893
12;2025-11-17;12;1939
12;2025-11-17;13;1951
12;2025-11-17;14;1969
12;2025-11-17;15;2164
12;2025-11-17;16;2539
12;2025-11-17;17;2952
12;2025-11-17;18;3109
12;2025-11-17;19;2373
12;2025-11-17;20;1547
12;2025-11-17;21;925
12;2025-11-17;22;485
12;2025-11-17;23;240
12;2025-11-18;0;51
12;2025-11-18;1;1
12;2025-11-18;2;0
12;2025-11-18;3;0
12;2025-11-18;4;8
12;2025-11-18;5;371
12;2025-11-18;6;1447
12;2025-11-18;7;2757
12;2025-11-18;8;3478
12;2025-11-18;9;2513
12;2025-11-18;10;2073
12;2025-11-18;11;1985
12;2025-11-18;12;2003
12;2025-11-18;13;2027
12;2025-11-18;14;2020
12;2025-11-18;15;2215
12;2025-11-18;16;2605
12;2025-11-18;17;3021
12;2025-11-18;18;3174
12;2025-11-18;19;2420
12;2025-11-18;20;1574
12;2025-11-18;21;959
12;2025-11-18;22;513
12;2025-11-18;23;253
12;2025-11-19;0;53
12;2025-11-19;1;1
12;2025-11-19;2;0
12;2025-11-19;3;0
12;2025-11-19;4;8
12;2025-11-19;5;372
12;2025-11-19;6;1451
12;2025-11-19;7;2730
12;2025-11-19;8;3448
12;2025-11-19;9;2510
12;2025-11-19;10;2073
12;2025-11-19;11;1971
12;2025-11-19;12;2010
12;2025-11-19;13;2022
12;2025-11-19;14;2036
12;2025-11-19;15;2214
12;2025-11-19;16;2605
12;2025-11-19;17;2995
12;2025-11-19;18;3159
12;2025-11-19;19;2407
12;2025-11-19;20;1571
12;2025-11-19;21;979
12;2025-11-19;22;525
12;2025-11-19;23;265
12;2025-11-20;0;52
12;2025-11-20;1;2
12;2025-11-20;2;0
12;2025-11-20;3;0
12;2025-11-20;4;8
12;2025-11-20;5;372
12;2025-11-20;6;1436
12;2025-11-20;7;2724
12;2025-11-20;8;3445
12;2025-11-20;9;2503
12;2025-11-20;10;2063
12;2025-11-20;11;1984
12;2025-11-20;12;2012
12;2025-11-20;13;2032
12;2025-11-20;14;2047
12;2025-11-20;15;2240
12;2025-11-20;16;2615
12;2025-11-20;17;3011
12;2025-11-20;18;3149
12;2025-11-20;19;2402
12;2025-11-20;20;1586
12;2025-11-20;21;972
12;2025-11-20;22;525
12;2025-11-20;23;273
12;2025-11-21;0;56
12;2025-11-21;1;2
12;2025-11-21;2;0
12;2025-11-21;3;0
12;2025-11-21;4;8
12;2025-11-21;5;361
12;2025-11-21;6;1403
12;2025-11-21;7;2614
12;2025-11-21;8;3310
12;2025-11-21;9;2400
12;2025-11-21;10;2006
12;2025-11-21;11;1953
12;2025-11-21;12;1963
12;2025-11-21;13;2006
12;2025-11-21;14;2047
12;2025-11-21;15;2265
12;2025-11-21;16;2658
12;2025-11-21;17;2882
12;2025-11-21;18;2754
12;2025-11-21;19;2207
12;2025-11-21;20;1476
12;2025-11-21;21;956
12;2025-11-21;22;523
12;2025-11-21;23;289
12;2025-11-22;0;79
12;2025-11-22;1;4
12;2025-11-22;2;0
12;2025-11-22;3;0
12;2025-11-22;4;3
12;2025-11-22;5;235
12;2025-11-22;6;761
12;2025-11-22;7;950
12;2025-11-22;8;1064
12;2025-11-22;9;1215
12;2025-11-22;10;1373
12;2025-11-22;11;1471
12;2025-11-22;12;1518
12;2025-11-22;13;1633
12;2025-11-22;14;1612
12;2025-11-22;15;1579
12;2025-11-22;16;1605
12;2025-11-22;17;1590
12;2025-11-22;18;1515
12;2025-11-22;19;1380
12;2025-11-22;20;1013
12;2025-11-22;21;734
12;2025-11-22;22;452
12;2025-11-22;23;283
12;2025-11-23;0;81
12;2025-11-23;1;6
12;2025-11-23;2;0
12;2025-11-23;3;0
12;2025-11-23;4;2
12;2025-11-23;5;182
12;2025-11-23;6;557
12;2025-11-23;7;679
12;2025-11-23;8;803
12;2025-11-23;9;960
12;2025-11-23;10;1142
12;2025-11-23;11;1275
12;2025-11-23;12;1345
12;2025-11-23;13;1462
12;2025-11-23;14;1431
12;2025-11-23;15;1406
12;2025-11-23;16;1424
12;2025-11-23;17;1434
12;2025-11-23;18;1312
12;2025-11-23;19;1124
12;2025-11-23;20;844
12;2025-11-23;21;620
12;2025-11-23;22;381
12;2025-11-23;23;226
12;2025-11-24;0;57
12;2025-11-24;1;2
12;2025-11-24;2;0
12;2025-11-24;3;0
12;2025-11-24;4;5
12;2025-11-24;5;359
12;2025-11-24;6;1400
12;2025-11-24;7;2654
12;2025-11-24;8;3363
12;2025-11-24;9;2432
12;2025-11-24;10;1978
12;2025-11-24;11;1892
12;2025-11-24;12;1939
12;2025-11-24;13;1953
12;2025-11-24;14;1968
12;2025-11-24;15;2167
12;2025-11-24;16;2543
12;2025-11-24;17;2955
12;2025-11-24;18;3115
12;2025-11-24;19;2373
12;2025-11-24;20;1549
12;2025-11-24;21;925
12;2025-11-24;22;484
12;2025-11-24;23;239
12;2025-11-25;0;51
12;2025-11-25;1;1
12;2025-11-25;2;0
12;2025-11-25;3;0
12;2025-11-25;4;8
12;2025-11-25;5;369
12;2025-11-25;6;1443
12;2025-11-25;7;2742
12;2025-11-25;8;3461
12;2025-11-25;9;2498
12;2025-11-25;10;2057
12;2025-11-25;11;1969
12;2025-11-25;12;1988
12;2025-11-25;13;2013
12;2025-11-25;14;2006
12;2025-11-25;15;2204
12;2025-11-25;16;2594
12;2025-11-25;17;3010
12;2025-11-25;18;3169
12;2025-11-25;19;2414
12;2025-11-25;20;1567
12;2025-11-25;21;952
12;2025-11-25;22;507
12;2025-11-25;23;251
12;2025-11-26;0;54
12;2025-11-26;1;1
12;2025-11-26;2;0
12;2025-11-26;3;0
12;2025-11-26;4;8
12;2025-11-26;5;376
12;2025-11-26;6;1453
12;2025-11-26;7;2722
12;2025-11-26;8;3438
12;2025-11-26;9;2503
12;2025-11-26;10;2069
12;2025-11-26;11;1964
12;2025-11-26;12;2004
12;2025-11-26;13;2014
12;2025-11-26;14;2028
12;2025-11-26;15;2204
12;2025-11-26;16;2596
12;2025-11-26;17;2987
12;2025-11-26;18;3158
12;2025-11-26;19;2406
12;2025-11-26;20;1571
12;2025-11-26;21;980
12;2025-11-26;22;526
12;2025-11-26;23;269
12;2025-11-27;0;53
12;2025-11-27;1;2
12;2025-11-27;2;0
12;2025-11-27;3;0
12;2025-11-27;4;8
12;2025-11-27;5;374
12;2025-11-27;6;1436
12;2025-11-27;7;2713
12;2025-11-27;8;3431
12;2025-11-27;9;2493
12;2025-11-27;10;2056
12;2025-11-27;11;1975
12;2025-11-27;12;2003
12;2025-11-27;13;2021
12;2025-11-27;14;2036
12;2025-11-27;15;2228
12;2025-11-27;16;2603
12;2025-11-27;17;3000
12;2025-11-27;18;3143
12;2025-11-27;19;2398
12;2025-11-27;20;1583
12;2025-11-27;21;970
12;2025-11-27;22;523
12;2025-11-27;23;275
12;2025-11-28;0;57
12;2025-11-28;1;2
12;2025-11-28;2;0
12;2025-11-28;3;0
12;2025-11-28;4;8
12;2025-11-28;5;363
12;2025-11-28;6;1403
12;2025-11-28;7;2605
12;2025-11-28;8;3298
12;2025-11-28;9;2391
12;2025-11-28;10;1997
12;2025-11-28;11;1942
12;2025-11-28;12;1952
12;2025-11-28;13;1994
12;2025-11-28;14;2032
12;2025-11-28;15;2248
12;2025-11-28;16;2642
12;2025-11-28;17;2868
12;2025-11-28;18;2747
12;2025-11-28;19;2203
12;2025-11-28;20;1474
12;2025-11-28;21;955
12;2025-11-28;22;521
12;2025-11-28;23;289
12;2025-11-29;0;79
12;2025-11-29;1;4
12;2025-11-29;2;0
12;2025-11-29;3;0
12;2025-11-29;4;4
12;2025-11-29;5;237
12;2025-11-29;6;762
12;2025-11-29;7;946
12;2025-11-29;8;1054
12;2025-11-29;9;1203
12;2025-11-29;10;1353
12;2025-11-29;11;1450
12;2025-11-29;12;1492
12;2025-11-29;13;1604
12;2025-11-29;14;1593
12;2025-11-29;15;1549
12;2025-11-29;16;1575
12;2025-11-29;17;1562
12;2025-11-29;18;1487
12;2025-11-29;19;1359
12;2025-11-29;20;996
12;2025-11-29;21;720
12;2025-11-29;22;442
12;2025-11-29;23;279
12;2025-11-30;0;80
12;2025-11-30;1;6
12;2025-11-30;2;0
12;2025-11-30;3;0
12;2025-11-30;4;2
12;2025-11-30;5;181
12;2025-11-30;6;556
12;2025-11-30;7;677
12;2025-11-30;8;794
12;2025-11-30;9;950
12;2025-11-30;10;1119
12;2025-11-30;11;1244
12;2025-11-30;12;1312
12;2025-11-30;13;1424
12;2025-11-30;14;1404
12;2025-11-30;15;1366
12;2025-11-30;16;1384
12;2025-11-30;17;1398
12;2025-11-30;18;1279
12;2025-11-30;19;1102
12;2025-11-30;20;824
12;2025-11-30;21;600
12;2025-11-30;22;366
12;2025-11-30;23;218
12;2025-12-01;0;57
12;2025-12-01;1;3
12;2025-12-01;2;0
12;2025-12-01;3;0
12;2025-12-01;4;6
12;2025-12-01;5;361
12;2025-12-01;6;1390
12;2025-12-01;7;2598
12;2025-12-01;8;3265
12;2025-12-01;9;2399
12;2025-12-01;10;1974
12;2025-12-01;11;1905
12;2025-12-01;12;1944
12;2025-12-01;13;1949
12;2025-12-01;14;1965
12;2025-12-01;15;2153
12;2025-12-01;16;2521
12;2025-12-01;17;2943
12;2025-12-01;18;3110
12;2025-12-01;19;2375
12;2025-12-01;20;1552
12;2025-12-01;21;924
12;2025-12-01;22;495
12;2025-12-01;23;236
12;2025-12-02;0;52
12;2025-12-02;1;2
12;2025-12-02;2;0
12;2025-12-02;3;1
12;2025-12-02;4;9
12;2025-12-02;5;371
12;2025-12-02;6;1437
12;2025-12-02;7;2690
12;2025-12-02;8;3371
12;2025-12-02;9;2476
12;2025-12-02;10;2065
12;2025-12-02;11;1998
12;2025-12-02;12;2010
12;2025-12-02;13;2027
12;2025-12-02;14;2021
12;2025-12-02;15;2210
12;2025-12-02;16;2593
12;2025-12-02;17;3008
12;2025-12-02;18;3166
12;2025-12-02;19;2423
12;2025-12-02;20;1577
12;2025-12-02;21;958
12;2025-12-02;22;523
12;2025-12-02;23;249
12;2025-12-03;0;54
12;2025-12-03;1;2
12;2025-12-03;2;0
12;2025-12-03;3;1
12;2025-12-03;4;9
12;2025-12-03;5;374
12;2025-12-03;6;1444
12;2025-12-03;7;2673
12;2025-12-03;8;3358
12;2025-12-03;9;2491
12;2025-12-03;10;2084
12;2025-12-03;11;2001
12;2025-12-03;12;2038
12;2025-12-03;13;2042
12;2025-12-03;14;2057
12;2025-12-03;15;2228
12;2025-12-03;16;2612
12;2025-12-03;17;2997
12;2025-12-03;18;3163
12;2025-12-03;19;2417
12;2025-12-03;20;1581
12;2025-12-03;21;984
12;2025-12-03;22;540
12;2025-12-03;23;267
12;2025-12-04;0;53
12;2025-12-04;1;2
12;2025-12-04;2;0
12;2025-12-04;3;1
12;2025-12-04;4;9
12;2025-12-04;5;377
12;2025-12-04;6;1431
12;2025-12-04;7;2668
12;2025-12-04;8;3355
12;2025-12-04;9;2484
12;2025-12-04;10;2074
12;2025-12-04;11;2014
12;2025-12-04;12;2039
12;2025-12-04;13;2051
12;2025-12-04;14;2067
12;2025-12-04;15;2254
12;2025-12-04;16;2623
12;2025-12-04;17;3015
12;2025-12-04;18;3153
12;2025-12-04;19;2416
12;2025-12-04;20;1601
12;2025-12-04;21;982
12;2025-12-04;22;541
12;2025-12-04;23;275
12;2025-12-05;0;58
12;2025-12-05;1;3
12;2025-12-05;2;0
12;2025-12-05;3;1
12;2025-12-05;4;9
12;2025-12-05;5;365
12;2025-12-05;6;1400
12;2025-12-05;7;2569
12;2025-12-05;8;3230
12;2025-12-05;9;2387
12;2025-12-05;10;2017
12;2025-12-05;11;1986
12;2025-12-05;12;1992
12;2025-12-05;13;2030
12;2025-12-05;14;2071
12;2025-12-05;15;2281
12;2025-12-05;16;2671
12;2025-12-05;17;2897
12;2025-12-05;18;2774
12;2025-12-05;19;2230
12;2025-12-05;20;1504
12;2025-12-05;21;971
12;2025-12-05;22;543
12;2025-12-05;23;288
12;2025-12-06;0;82
12;2025-12-06;1;6
12;2025-12-06;2;0
12;2025-12-06;3;0
12;2025-12-06;4;3
12;2025-12-06;5;231
12;2025-12-06;6;735
12;2025-12-06;7;903
12;2025-12-06;8;1010
12;2025-12-06;9;1174
12;2025-12-06;10;1332
12;2025-12-06;11;1435
12;2025-12-06;12;1484
12;2025-12-06;13;1593
12;2025-12-06;14;1582
12;2025-12-06;15;1537
12;2025-12-06;16;1558
12;2025-12-06;17;1544
12;2025-12-06;18;1463
12;2025-12-06;19;1337
12;2025-12-06;20;977
12;2025-12-06;21;702
12;2025-12-06;22;441
12;2025-12-06;23;268
12;2025-12-07;0;82
12;2025-12-07;1;7
12;2025-12-07;2;0
12;2025-12-07;3;0
12;2025-12-07;4;2
12;2025-12-07;5;178
12;2025-12-07;6;534
12;2025-12-07;7;646
12;2025-12-07;8;763
12;2025-12-07;9;939
12;2025-12-07;10;1114
12;2025-12-07;11;1258
12;2025-12-07;12;1327
12;2025-12-07;13;1441
12;2025-12-07;14;1419
12;2025-12-07;15;1380
12;2025-12-07;16;1392
12;2025-12-07;17;1399
12;2025-12-07;18;1271
12;2025-12-07;19;1092
12;2025-12-07;20;818
12;2025-12-07;21;595
12;2025-12-07;22;369
12;2025-12-07;23;209
12;2025-12-08;0;57
12;2025-12-08;1;3
12;2025-12-08;2;0
12;2025-12-08;3;0
12;2025-12-08;4;6
12;2025-12-08;5;364
12;2025-12-08;6;1394
12;2025-12-08;7;2615
12;2025-12-08;8;3291
12;2025-12-08;9;2424
12;2025-12-08;10;2002
12;2025-12-08;11;1938
12;2025-12-08;12;1979
12;2025-12-08;13;1985
12;2025-12-08;14;1998
12;2025-12-08;15;2187
12;2025-12-08;16;2556
12;2025-12-08;17;2971
12;2025-12-08;18;3124
12;2025-12-08;19;2390
12;2025-12-08;20;1565
12;2025-12-08;21;934
12;2025-12-08;22;501
12;2025-12-08;23;240
12;2025-12-09;0;52
12;2025-12-09;1;2
12;2025-12-09;2;0
12;2025-12-09;3;1
12;2025-12-09;4;9
12;2025-12-09;5;374
12;2025-12-09;6;1444
12;2025-12-09;7;2714
12;2025-12-09;8;3403
12;2025-12-09;9;2508
12;2025-12-09;10;2100
12;2025-12-09;11;2035
12;2025-12-09;12;2049
12;2025-12-09;13;2067
12;2025-12-09;14;2061
12;2025-12-09;15;2250
12;2025-12-09;16;2632
12;2025-12-09;17;3042
12;2025-12-09;18;3192
12;2025-12-09;19;2443
12;2025-12-09;20;1595
12;2025-12-09;21;973
12;2025-12-09;22;532
12;2025-12-09;23;254
12;2025-12-10;0;54
12;2025-12-10;1;2
12;2025-12-10;2;0
12;2025-12-10;3;1
12;2025-12-10;4;9
12;2025-12-10;5;377
12;2025-12-10;6;1451
12;2025-12-10;7;2694
12;2025-12-10;8;3379
12;2025-12-10;9;2509
12;2025-12-10;10;2104
12;2025-12-10;11;2022
12;2025-12-10;12;2058
12;2025-12-10;13;2065
12;2025-12-10;14;2079
12;2025-12-10;15;2251
12;2025-12-10;16;2634
12;2025-12-10;17;3020
12;2025-12-10;18;3178
12;2025-12-10;19;2431
12;2025-12-10;20;1595
12;2025-12-10;21;995
12;2025-12-10;22;545
12;2025-12-10;23;268
12;2025-12-11;0;53
12;2025-12-11;1;2
12;2025-12-11;2;0
12;2025-12-11;3;1
12;2025-12-11;4;9
12;2025-12-11;5;375
12;2025-12-11;6;1433
12;2025-12-11;7;2684
12;2025-12-11;8;3371
12;2025-12-11;9;2498
12;2025-12-11;10;2088
12;2025-12-11;11;2030
12;2025-12-11;12;2054
12;2025-12-11;13;2069
12;2025-12-11;14;2083
12;2025-12-11;15;2273
12;2025-12-11;16;2641
12;2025-12-11;17;3033
12;2025-12-11;18;3165
12;2025-12-11;19;2424
12;2025-12-11;20;1607
12;2025-12-11;21;986
12;2025-12-11;22;544
12;2025-12-11;23;275
12;2025-12-12;0;57
12;2025-12-12;1;3
12;2025-12-12;2;0
12;2025-12-12;3;1
12;2025-12-12;4;9
12;2025-12-12;5;363
12;2025-12-12;6;1400
12;2025-12-12;7;2578
12;2025-12-12;8;3241
12;2025-12-12;9;2395
12;2025-12-12;10;2027
12;2025-12-12;11;1997
12;2025-12-12;12;2003
12;2025-12-12;13;2042
12;2025-12-12;14;2084
12;2025-12-12;15;2296
12;2025-12-12;16;2688
12;2025-12-12;17;2907
12;2025-12-12;18;2775
12;2025-12-12;19;2231
12;2025-12-12;20;1502
12;2025-12-12;21;970
12;2025-12-12;22;542
12;2025-12-12;23;286
12;2025-12-13;0;82
12;2025-12-13;1;6
12;2025-12-13;2;0
12;2025-12-13;3;0
12;2025-12-13;4;3
12;2025-12-13;5;230
12;2025-12-13;6;736
12;2025-12-13;7;909
12;2025-12-13;8;1020
12;2025-12-13;9;1184
12;2025-12-13;10;1346
12;2025-12-13;11;1448
12;2025-12-13;12;1497
12;2025-12-13;13;1608
12;2025-12-13;14;1598
12;2025-12-13;15;1554
12;2025-12-13;16;1574
12;2025-12-13;17;1559
12;2025-12-13;18;1474
12;2025-12-13;19;1344
12;2025-12-13;20;981
12;2025-12-13;21;705
12;2025-12-13;22;443
12;2025-12-13;23;269
12;2025-12-14;0;82
12;2025-12-14;1;7
12;2025-12-14;2;0
12;2025-12-14;3;0
12;2025-12-14;4;2
12;2025-12-14;5;180
12;2025-12-14;6;537
12;2025-12-14;7;655
12;2025-12-14;8;773
12;2025-12-14;9;949
12;2025-12-14;10;1124
12;2025-12-14;11;1266
12;2025-12-14;12;1334
12;2025-12-14;13;1449
12;2025-12-14;14;1428
12;2025-12-14;15;1391
12;2025-12-14;16;1403
12;2025-12-14;17;1409
12;2025-12-14;18;1284
12;2025-12-14;19;1101
12;2025-12-14;20;826
12;2025-12-14;21;602
12;2025-12-14;22;372
12;2025-12-14;23;212
12;2025-12-15;0;57
12;2025-12-15;1;3
12;2025-12-15;2;0
12;2025-12-15;3;0
12;2025-12-15;4;6
12;2025-12-15;5;365
12;2025-12-15;6;1394
12;2025-12-15;7;2628
12;2025-12-15;8;3308
12;2025-12-15;9;2435
12;2025-12-15;10;2008
12;2025-12-15;11;1944
12;2025-12-15;12;1985
12;2025-12-15;13;1991
12;2025-12-15;14;2003
12;2025-12-15;15;2192
12;2025-12-15;16;2563
12;2025-12-15;17;2978
12;2025-12-15;18;3136
12;2025-12-15;19;2394
12;2025-12-15;20;1568
12;2025-12-15;21;938
12;2025-12-15;22;504
12;2025-12-15;23;242
12;2025-12-16;0;52
12;2025-12-16;1;2
12;2025-12-16;2;0
12;2025-12-16;3;0
12;2025-12-16;4;9
12;2025-12-16;5;377
12;2025-12-16;6;1445
12;2025-12-16;7;2732
12;2025-12-16;8;3429
12;2025-12-16;9;2528
12;2025-12-16;10;2108
12;2025-12-16;11;2045
12;2025-12-16;12;2058
12;2025-12-16;13;2076
12;2025-12-16;14;2068
12;2025-12-16;15;2258
12;2025-12-16;16;2640
12;2025-12-16;17;3048
12;2025-12-16;18;3198
12;2025-12-16;19;2447
12;2025-12-16;20;1598
12;2025-12-16;21;975
12;2025-12-16;22;535
12;2025-12-16;23;258
12;2025-12-17;0;54
12;2025-12-17;1;2
12;2025-12-17;2;0
12;2025-12-17;3;1
12;2025-12-17;4;9
12;2025-12-17;5;377
12;2025-12-17;6;1449
12;2025-12-17;7;2702
12;2025-12-17;8;3394
12;2025-12-17;9;2521
12;2025-12-17;10;2104
12;2025-12-17;11;2019
12;2025-12-17;12;2053
12;2025-12-17;13;2060
12;2025-12-17;14;2079
12;2025-12-17;15;2252
12;2025-12-17;16;2632
12;2025-12-17;17;3016
12;2025-12-17;18;3175
12;2025-12-17;19;2431
12;2025-12-17;20;1592
12;2025-12-17;21;995
12;2025-12-17;22;546
12;2025-12-17;23;269
12;2025-12-18;0;53
12;2025-12-18;1;2
12;2025-12-18;2;0
12;2025-12-18;3;0
12;2025-12-18;4;8
12;2025-12-18;5;378
12;2025-12-18;6;1432
12;2025-12-18;7;2685
12;2025-12-18;8;3380
12;2025-12-18;9;2505
12;2025-12-18;10;2091
12;2025-12-18;11;2029
12;2025-12-18;12;2052
12;2025-12-18;13;2067
12;2025-12-18;14;2084
12;2025-12-18;15;2270
12;2025-12-18;16;2640
12;2025-12-18;17;3031
12;2025-12-18;18;3167
12;2025-12-18;19;2423
12;2025-12-18;20;1606
12;2025-12-18;21;987
12;2025-12-18;22;545
12;2025-12-18;23;274
12;2025-12-19;0;57
12;2025-12-19;1;3
12;2025-12-19;2;0
12;2025-12-19;3;1
12;2025-12-19;4;9
12;2025-12-19;5;366
12;2025-12-19;6;1404
12;2025-12-19;7;2582
12;2025-12-19;8;3249
12;2025-12-19;9;2403
12;2025-12-19;10;2034
12;2025-12-19;11;2006
12;2025-12-19;12;2011
12;2025-12-19;13;2050
12;2025-12-19;14;2093
12;2025-12-19;15;2305
12;2025-12-19;16;2697
12;2025-12-19;17;2915
12;2025-12-19;18;2785
12;2025-12-19;19;2239
12;2025-12-19;20;1507
12;2025-12-19;21;975
12;2025-12-19;22;547
12;2025-12-19;23;287
12;2025-12-20;0;82
12;2025-12-20;1;6
12;2025-12-20;2;0
12;2025-12-20;3;0
12;2025-12-20;4;3
12;2025-12-20;5;233
12;2025-12-20;6;739
12;2025-12-20;7;917
12;2025-12-20;8;1032
12;2025-12-20;9;1197
12;2025-12-20;10;1359
12;2025-12-20;11;1462
12;2025-12-20;12;1511
12;2025-12-20;13;1622
12;2025-12-20;14;1610
12;2025-12-20;15;1565
12;2025-12-20;16;1585
12;2025-12-20;17;1570
12;2025-12-20;18;1488
12;2025-12-20;19;1354
12;2025-12-20;20;991
12;2025-12-20;21;714
12;2025-12-20;22;452
12;2025-12-20;23;276
12;2025-12-21;0;83
12;2025-12-21;1;7
12;2025-12-21;2;0
12;2025-12-21;3;0
12;2025-12-21;4;2
12;2025-12-21;5;182
12;2025-12-21;6;538
12;2025-12-21;7;655
12;2025-12-21;8;775
12;2025-12-21;9;952
12;2025-12-21;10;1129
12;2025-12-21;11;1271
12;2025-12-21;12;1340
12;2025-12-21;13;1454
12;2025-12-21;14;1434
12;2025-12-21;15;1396
12;2025-12-21;16;1408
12;2025-12-21;17;1415
12;2025-12-21;18;1287
12;2025-12-21;19;1102
12;2025-12-21;20;829
12;2025-12-21;21;606
12;2025-12-21;22;379
12;2025-12-21;23;216
12;2025-12-22;0;57
12;2025-12-22;1;3
12;2025-12-22;2;0
12;2025-12-22;3;0
12;2025-12-22;4;6
12;2025-12-22;5;367
12;2025-12-22;6;1398
12;2025-12-22;7;2625
12;2025-12-22;8;3303
12;2025-12-22;9;2432
12;2025-12-22;10;2012
12;2025-12-22;11;1949
12;2025-12-22;12;1990
12;2025-12-22;13;1996
12;2025-12-22;14;2008
12;2025-12-22;15;2197
12;2025-12-22;16;2567
12;2025-12-22;17;2982
12;2025-12-22;18;3142
12;2025-12-22;19;2399
12;2025-12-22;20;1574
12;2025-12-22;21;944
12;2025-12-22;22;510
12;2025-12-22;23;245
12;2025-12-23;0;53
12;2025-12-23;1;2
12;2025-12-23;2;0
12;2025-12-23;3;1
12;2025-12-23;4;9
12;2025-12-23;5;378
12;2025-12-23;6;1448
12;2025-12-23;7;2718
12;2025-12-23;8;3411
12;2025-12-23;9;2514
12;2025-12-23;10;2108
12;2025-12-23;11;2044
12;2025-12-23;12;2057
12;2025-12-23;13;2076
12;2025-12-23;14;2070
12;2025-12-23;15;2259
12;2025-12-23;16;2642
12;2025-12-23;17;3052
12;2025-12-23;18;3205
12;2025-12-23;19;2451
12;2025-12-23;20;1603
12;2025-12-23;21;981
12;2025-12-23;22;541
12;2025-12-23;23;260
12;2025-12-24;0;55
12;2025-12-24;1;2
12;2025-12-24;2;0
12;2025-12-24;3;1
12;2025-12-24;4;9
12;2025-12-24;5;380
12;2025-12-24;6;1459
12;2025-12-24;7;2692
12;2025-12-24;8;3382
12;2025-12-24;9;2515
12;2025-12-24;10;2112
12;2025-12-24;11;2028
12;2025-12-24;12;2064
12;2025-12-24;13;2070
12;2025-12-24;14;2084
12;2025-12-24;15;2255
12;2025-12-24;16;2638
12;2025-12-24;17;3025
12;2025-12-24;18;3189
12;2025-12-24;19;2435
12;2025-12-24;20;1598
12;2025-12-24;21;1001
12;2025-12-24;22;551
12;2025-12-24;23;271
12;2025-12-25;0;53
12;2025-12-25;1;2
12;2025-12-25;2;0
12;2025-12-25;3;1
12;2025-12-25;4;8
12;2025-12-25;5;383
12;2025-12-25;6;1431
12;2025-12-25;7;2667
12;2025-12-25;8;3353
12;2025-12-25;9;2493
12;2025-12-25;10;2109
12;2025-12-25;11;2052
12;2025-12-25;12;2078
12;2025-12-25;13;2088
12;2025-12-25;14;2104
12;2025-12-25;15;2289
12;2025-12-25;16;2646
12;2025-12-25;17;3028
12;2025-12-25;18;3159
12;2025-12-25;19;2420
12;2025-12-25;20;1613
12;2025-12-25;21;993
12;2025-12-25;22;552
12;2025-12-25;23;278
12;2025-12-26;0;57
12;2025-12-26;1;3
12;2025-12-26;2;0
12;2025-12-26;3;0
12;2025-12-26;4;7
12;2025-12-26;5;372
12;2025-12-26;6;1398
12;2025-12-26;7;2553
12;2025-12-26;8;3230
12;2025-12-26;9;2408
12;2025-12-26;10;2054
12;2025-12-26;11;2022
12;2025-12-26;12;2029
12;2025-12-26;13;2061
12;2025-12-26;14;2103
12;2025-12-26;15;2310
12;2025-12-26;16;2680
12;2025-12-26;17;2892
12;2025-12-26;18;2769
12;2025-12-26;19;2222
12;2025-12-26;20;1509
12;2025-12-26;21;977
12;2025-12-26;22;552
12;2025-12-26;23;289
12;2025-12-27;0;82
12;2025-12-27;1;6
12;2025-12-27;2;0
12;2025-12-27;3;0
12;2025-12-27;4;4
12;2025-12-27;5;234
12;2025-12-27;6;732
12;2025-12-27;7;901
12;2025-12-27;8;1006
12;2025-12-27;9;1168
12;2025-12-27;10;1321
12;2025-12-27;11;1419
12;2025-12-27;12;1464
12;2025-12-27;13;1567
12;2025-12-27;14;1560
12;2025-12-27;15;1510
12;2025-12-27;16;1521
12;2025-12-27;17;1501
12;2025-12-27;18;1427
12;2025-12-27;19;1314
12;2025-12-27;20;968
12;2025-12-27;21;698
12;2025-12-27;22;439
12;2025-12-27;23;267
12;2025-12-28;0;82
12;2025-12-28;1;7
12;2025-12-28;2;0
12;2025-12-28;3;0
12;2025-12-28;4;1
12;2025-12-28;5;185
12;2025-12-28;6;533
12;2025-12-28;7;636
12;2025-12-28;8;758
12;2025-12-28;9;926
12;2025-12-28;10;1098
12;2025-12-28;11;1237
12;2025-12-28;12;1299
12;2025-12-28;13;1406
12;2025-12-28;14;1387
12;2025-12-28;15;1343
12;2025-12-28;16;1347
12;2025-12-28;17;1350
12;2025-12-28;18;1228
12;2025-12-28;19;1071
12;2025-12-28;20;809
12;2025-12-28;21;594
12;2025-12-28;22;370
12;2025-12-28;23;213
12;2025-12-29;0;55
12;2025-12-29;1;3
12;2025-12-29;2;0
12;2025-12-29;3;7
12;2025-12-29;4;17
12;2025-12-29;5;378
12;2025-12-29;6;1400
12;2025-12-29;7;2582
12;2025-12-29;8;3292
12;2025-12-29;9;2443
12;2025-12-29;10;2047
12;2025-12-29;11;1985
12;2025-12-29;12;2030
12;2025-12-29;13;2025
12;2025-12-29;14;2031
12;2025-12-29;15;2217
12;2025-12-29;16;2561
12;2025-12-29;17;2959
12;2025-12-29;18;3108
12;2025-12-29;19;2387
12;2025-12-29;20;1572
12;2025-12-29;21;944
12;2025-12-29;22;501
12;2025-12-29;23;245
12;2025-12-30;0;50
12;2025-12-30;1;2
12;2025-12-30;2;0
12;2025-12-30;3;0
12;2025-12-30;4;1
12;2025-12-30;5;366
12;2025-12-30;6;1425
12;2025-12-30;7;2643
12;2025-12-30;8;3366
12;2025-12-30;9;2503
12;2025-12-30;10;2113
12;2025-12-30;11;2054
12;2025-12-30;12;2073
12;2025-12-30;13;2083
12;2025-12-30;14;2072
12;2025-12-30;15;2256
12;2025-12-30;16;2608
12;2025-12-30;17;2988
12;2025-12-30;18;3109
12;2025-12-30;19;2407
12;2025-12-30;20;1572
12;2025-12-30;21;960
12;2025-12-30;22;533
12;2025-12-30;23;254
12;2025-12-31;0;54
12;2025-12-31;1;1
12;2025-12-31;2;0
12;2025-12-31;3;0
12;2025-12-31;4;2
12;2025-12-31;5;105
12;2025-12-31;6;601
12;2025-12-31;7;782
12;2025-12-31;8;848
12;2025-12-31;9;902
12;2025-12-31;10;917
12;2025-12-31;11;1026
12;2025-12-31;12;1087
12;2025-12-31;13;1130
12;2025-12-31;14;1139
12;2025-12-31;15;1135
12;2025-12-31;16;1228
12;2025-12-31;17;1274
12;2025-12-31;18;1223
12;2025-12-31;19;1091
12;2025-12-31;20;816
12;2025-12-31;21;555
12;2025-12-31;22;285
12;2025-12-31;23;168
17;2025-11-01;0;229
17;2025-11-01;1;49
17;2025-11-01;2;13
17;2025-11-01;3;13
17;2025-11-01;4;42
17;2025-11-01;5;380
17;2025-11-01;6;1392
17;2025-11-01;7;3215
17;2025-11-01;8;4017
17;2025-11-01;9;3354
17;2025-11-01;10;3129
17;2025-11-01;11;3064
17;2025-11-01;12;3156
17;2025-11-01;13;3330
17;2025-11-01;14;3327
17;2025-11-01;15;3505
17;2025-11-01;16;3791
17;2025-11-01;17;4163
17;2025-11-01;18;4222
17;2025-11-01;19;3212
17;2025-11-01;20;2398
17;2025-11-01;21;1838
17;2025-11-01;22;1135
17;2025-11-01;23;638
17;2025-11-02;0;174
17;2025-11-02;1;22
17;2025-11-02;2;0
17;2025-11-02;3;1
17;2025-11-02;4;5
17;2025-11-02;5;40
17;2025-11-02;6;360
17;2025-11-02;7;691
17;2025-11-02;8;1162
17;2025-11-02;9;1589
17;2025-11-02;10;1955
17;2025-11-02;11;2312
17;2025-11-02;12;2539
17;2025-11-02;13;2799
17;2025-11-02;14;2854
17;2025-11-02;15;2858
17;2025-11-02;16;2782
17;2025-11-02;17;2707
17;2025-11-02;18;2567
17;2025-11-02;19;2081
17;2025-11-02;20;1571
17;2025-11-02;21;1139
17;2025-11-02;22;710
17;2025-11-02;23;338
17;2025-11-03;0;139
17;2025-11-03;1;19
17;2025-11-03;2;1
17;2025-11-03;3;0
17;2025-11-03;4;4
17;2025-11-03;5;90
17;2025-11-03;6;620
17;2025-11-03;7;1357
17;2025-11-03;8;1772
17;2025-11-03;9;1962
17;2025-11-03;10;2019
17;2025-11-03;11;2262
17;2025-11-03;12;2467
17;2025-11-03;13;2605
17;2025-11-03;14;2655
17;2025-11-03;15;2729
17;2025-11-03;16;2802
17;2025-11-03;17;2899
17;2025-11-03;18;2910
17;2025-11-03;19;2326
17;2025-11-03;20;1739
17;2025-11-03;21;1176
17;2025-11-03;22;683
17;2025-11-03;23;331
17;2025-11-04;0;159
17;2025-11-04;1;27
17;2025-11-04;2;1
17;2025-11-04;3;0
17;2025-11-04;4;4
17;2025-11-04;5;38
17;2025-11-04;6;508
17;2025-11-04;7;1224
17;2025-11-04;8;1621
17;2025-11-04;9;1815
17;2025-11-04;10;1887
17;2025-11-04;11;2215
17;2025-11-04;12;2411
17;2025-11-04;13;2610
17;2025-11-04;14;2673
17;2025-11-04;15;2744
17;2025-11-04;16;2861
17;2025-11-04;17;2895
17;2025-11-04;18;2824
17;2025-11-04;19;2291
17;2025-11-04;20;1713
17;2025-11-04;21;1200
17;2025-11-04;22;711
17;2025-11-04;23;338
17;2025-11-05;0;126
17;2025-11-05;1;11
17;2025-11-05;2;0
17;2025-11-05;3;0
17;2025-11-05;4;18
17;2025-11-05;5;320
17;2025-11-05;6;1540
17;2025-11-05;7;4004
17;2025-11-05;8;5157
17;2025-11-05;9;3719
17;2025-11-05;10;2995
17;2025-11-05;11;2888
17;2025-11-05;12;2932
17;2025-11-05;13;2994
17;2025-11-05;14;3056
17;2025-11-05;15;3237
17;2025-11-05;16;3627
17;2025-11-05;17;4375
17;2025-11-05;18;4702
17;2025-11-05;19;3461
17;2025-11-05;20;2327
17;2025-11-05;21;1479
17;2025-11-05;22;841
17;2025-11-05;23;374
17;2025-11-06;0;131
17;2025-11-06;1;10
17;2025-11-06;2;0
17;2025-11-06;3;0
17;2025-11-06;4;18
17;2025-11-06;5;324
17;2025-11-06;6;1536
17;2025-11-06;7;3986
17;2025-11-06;8;5149
17;2025-11-06;9;3732
17;2025-11-06;10;2997
17;2025-11-06;11;2896
17;2025-11-06;12;2941
17;2025-11-06;13;3005
17;2025-11-06;14;3064
17;2025-11-06;15;3257
17;2025-11-06;16;3663
17;2025-11-06;17;4403
17;2025-11-06;18;4717
17;2025-11-06;19;3469
17;2025-11-06;20;2345
17;2025-11-06;21;1494
17;2025-11-06;22;864
17;2025-11-06;23;385
17;2025-11-07;0;140
17;2025-11-07;1;13
17;2025-11-07;2;0
17;2025-11-07;3;0
17;2025-11-07;4;25
17;2025-11-07;5;322
17;2025-11-07;6;1563
17;2025-11-07;7;3965
17;2025-11-07;8;5110
17;2025-11-07;9;3705
17;2025-11-07;10;3060
17;2025-11-07;11;2991
17;2025-11-07;12;3035
17;2025-11-07;13;3110
17;2025-11-07;14;3219
17;2025-11-07;15;3444
17;2025-11-07;16;3908
17;2025-11-07;17;4417
17;2025-11-07;18;4403
17;2025-11-07;19;3349
17;2025-11-07;20;2335
17;2025-11-07;21;1547
17;2025-11-07;22;900
17;2025-11-07;23;430
17;2025-11-08;0;188
17;2025-11-08;1;24
17;2025-11-08;2;0
17;2025-11-08;3;0
17;2025-11-08;4;7
17;2025-11-08;5;130
17;2025-11-08;6;597
17;2025-11-08;7;1284
17;2025-11-08;8;1737
17;2025-11-08;9;2116
17;2025-11-08;10;2446
17;2025-11-08;11;2815
17;2025-11-08;12;3040
17;2025-11-08;13;3231
17;2025-11-08;14;3256
17;2025-11-08;15;3298
17;2025-11-08;16;3285
17;2025-11-08;17;3214
17;2025-11-08;18;3080
17;2025-11-08;19;2506
17;2025-11-08;20;1907
17;2025-11-08;21;1384
17;2025-11-08;22;883
17;2025-11-08;23;446
17;2025-11-09;0;177
17;2025-11-09;1;23
17;2025-11-09;2;0
17;2025-11-09;3;0
17;2025-11-09;4;4
17;2025-11-09;5;73
17;2025-11-09;6;426
17;2025-11-09;7;833
17;2025-11-09;8;1285
17;2025-11-09;9;1739
17;2025-11-09;10;2117
17;2025-11-09;11;2501
17;2025-11-09;12;2739
17;2025-11-09;13;2995
17;2025-11-09;14;3034
17;2025-11-09;15;3040
17;2025-11-09;16;2963
17;2025-11-09;17;2899
17;2025-11-09;18;2763
17;2025-11-09;19;2209
17;2025-11-09;20;1655
17;2025-11-09;21;1183
17;2025-11-09;22;728
17;2025-11-09;23;334
17;2025-11-10;0;115
17;2025-11-10;1;11
17;2025-11-10;2;0
17;2025-11-10;3;0
17;2025-11-10;4;24
17;2025-11-10;5;309
17;2025-11-10;6;1511
17;2025-11-10;7;3985
17;2025-11-10;8;5111
17;2025-11-10;9;3647
17;2025-11-10;10;2910
17;2025-11-10;11;2815
17;2025-11-10;12;2847
17;2025-11-10;13;2908
17;2025-11-10;14;2976
17;2025-11-10;15;3179
17;2025-11-10;16;3559
17;2025-11-10;17;4297
17;2025-11-10;18;4638
17;2025-11-10;19;3407
17;2025-11-10;20;2278
17;2025-11-10;21;1413
17;2025-11-10;22;782
17;2025-11-10;23;322
17;2025-11-11;0;118
17;2025-11-11;1;11
17;2025-11-11;2;0
17;2025-11-11;3;0
17;2025-11-11;4;24
17;2025-11-11;5;318
17;2025-11-11;6;1565
17;2025-11-11;7;4117
17;2025-11-11;8;5284
17;2025-11-11;9;3787
17;2025-11-11;10;3047
17;2025-11-11;11;2922
17;2025-11-11;12;2972
17;2025-11-11;13;3025
17;2025-11-11;14;3096
17;2025-11-11;15;3275
17;2025-11-11;16;3675
17;2025-11-11;17;4443
17;2025-11-11;18;4792
17;2025-11-11;19;3496
17;2025-11-11;20;2365
17;2025-11-11;21;1489
17;2025-11-11;22;829
17;2025-11-11;23;354
17;2025-11-12;0;128
17;2025-11-12;1;11
17;2025-11-12;2;0
17;2025-11-12;3;0
17;2025-11-12;4;25
17;2025-11-12;5;330
17;2025-11-12;6;1581
17;2025-11-12;7;4159
17;2025-11-12;8;5332
17;2025-11-12;9;3824
17;2025-11-12;10;3091
17;2025-11-12;11;2985
17;2025-11-12;12;3026
17;2025-11-12;13;3091
17;2025-11-12;14;3157
17;2025-11-12;15;3340
17;2025-11-12;16;3731
17;2025-11-12;17;4483
17;2025-11-12;18;4829
17;2025-11-12;19;3535
17;2025-11-12;20;2393
17;2025-11-12;21;1529
17;2025-11-12;22;868
17;2025-11-12;23;386
17;2025-11-13;0;132
17;2025-11-13;1;11
17;2025-11-13;2;0
17;2025-11-13;3;0
17;2025-11-13;4;25
17;2025-11-13;5;333
17;2025-11-13;6;1586
17;2025-11-13;7;4144
17;2025-11-13;8;5334
17;2025-11-13;9;3849
17;2025-11-13;10;3109
17;2025-11-13;11;3003
17;2025-11-13;12;3046
17;2025-11-13;13;3112
17;2025-11-13;14;3172
17;2025-11-13;15;3366
17;2025-11-13;16;3771
17;2025-11-13;17;4517
17;2025-11-13;18;4837
17;2025-11-13;19;3552
17;2025-11-13;20;2417
17;2025-11-13;21;1549
17;2025-11-13;22;886
17;2025-11-13;23;399
17;2025-11-14;0;141
17;2025-11-14;1;13
17;2025-11-14;2;0
17;2025-11-14;3;0
17;2025-11-14;4;27
17;2025-11-14;5;327
17;2025-11-14;6;1576
17;2025-11-14;7;4056
17;2025-11-14;8;5224
17;2025-11-14;9;3750
17;2025-11-14;10;3100
17;2025-11-14;11;3023
17;2025-11-14;12;3063
17;2025-11-14;13;3139
17;2025-11-14;14;3251
17;2025-11-14;15;3477
17;2025-11-14;16;3944
17;2025-11-14;17;4458
17;2025-11-14;18;4447
17;2025-11-14;19;3373
17;2025-11-14;20;2351
17;2025-11-14;21;1562
17;2025-11-14;22;915
17;2025-11-14;23;442
17;2025-11-15;0;191
17;2025-11-15;1;24
17;2025-11-15;2;0
17;2025-11-15;3;0
17;2025-11-15;4;8
17;2025-11-15;5;145
17;2025-11-15;6;617
17;2025-11-15;7;1333
17;2025-11-15;8;1812
17;2025-11-15;9;2192
17;2025-11-15;10;2518
17;2025-11-15;11;2884
17;2025-11-15;12;3095
17;2025-11-15;13;3288
17;2025-11-15;14;3307
17;2025-11-15;15;3348
17;2025-11-15;16;3330
17;2025-11-15;17;3263
17;2025-11-15;18;3135
17;2025-11-15;19;2552
17;2025-11-15;20;1936
17;2025-11-15;21;1410
17;2025-11-15;22;908
17;2025-11-15;23;468
17;2025-11-16;0;178
17;2025-11-16;1;23
17;2025-11-16;2;0
17;2025-11-16;3;0
17;2025-11-16;4;5
17;2025-11-16;5;86
17;2025-11-16;6;444
17;2025-11-16;7;875
17;2025-11-16;8;1350
17;2025-11-16;9;1802
17;2025-11-16;10;2180
17;2025-11-16;11;2556
17;2025-11-16;12;2781
17;2025-11-16;13;3039
17;2025-11-16;14;3079
17;2025-11-16;15;3084
17;2025-11-16;16;3004
17;2025-11-16;17;2943
17;2025-11-16;18;2811
17;2025-11-16;19;2238
17;2025-11-16;20;1677
17;2025-11-16;21;1201
17;2025-11-16;22;746
17;2025-11-16;23;350
17;2025-11-17;0;114
17;2025-11-17;1;11
17;2025-11-17;2;0
17;2025-11-17;3;0
17;2025-11-17;4;23
17;2025-11-17;5;311
17;2025-11-17;6;1516
17;2025-11-17;7;4001
17;2025-11-17;8;5145
17;2025-11-17;9;3672
17;2025-11-17;10;2930
17;2025-11-17;11;2833
17;2025-11-17;12;2860
17;2025-11-17;13;2922
17;2025-11-17;14;2989
17;2025-11-17;15;3192
17;2025-11-17;16;3573
17;2025-11-17;17;4311
17;2025-11-17;18;4661
17;2025-11-17;19;3424
17;2025-11-17;20;2292
17;2025-11-17;21;1427
17;2025-11-17;22;795
17;2025-11-17;23;332
17;2025-11-18;0;118
17;2025-11-18;1;11
17;2025-11-18;2;0
17;2025-11-18;3;0
17;2025-11-18;4;24
17;2025-11-18;5;317
17;2025-11-18;6;1562
17;2025-11-18;7;4117
17;2025-11-18;8;5292
17;2025-11-18;9;3793
17;2025-11-18;10;3045
17;2025-11-18;11;2916
17;2025-11-18;12;2966
17;2025-11-18;13;3018
17;2025-11-18;14;3091
17;2025-11-18;15;3270
17;2025-11-18;16;3671
17;2025-11-18;17;4439
17;2025-11-18;18;4797
17;2025-11-18;19;3498
17;2025-11-18;20;2365
17;2025-11-18;21;1490
17;2025-11-18;22;831
17;2025-11-18;23;355
17;2025-11-19;0;128
17;2025-11-19;1;11
17;2025-11-19;2;0
17;2025-11-19;3;0
17;2025-11-19;4;25
17;2025-11-19;5;330
17;2025-11-19;6;1579
17;2025-11-19;7;4153
17;2025-11-19;8;5330
17;2025-11-19;9;3821
17;2025-11-19;10;3088
17;2025-11-19;11;2984
17;2025-11-19;12;3024
17;2025-11-19;13;3088
17;2025-11-19;14;3153
17;2025-11-19;15;3335
17;2025-11-19;16;3728
17;2025-11-19;17;4480
17;2025-11-19;18;4832
17;2025-11-19;19;3534
17;2025-11-19;20;2392
17;2025-11-19;21;1529
17;2025-11-19;22;870
17;2025-11-19;23;387
17;2025-11-20;0;132
17;2025-11-20;1;11
17;2025-11-20;2;0
17;2025-11-20;3;0
17;2025-11-20;4;25
17;2025-11-20;5;332
17;2025-11-20;6;1584
17;2025-11-20;7;4140
17;2025-11-20;8;5334
17;2025-11-20;9;3848
17;2025-11-20;10;3108
17;2025-11-20;11;3003
17;2025-11-20;12;3045
17;2025-11-20;13;3110
17;2025-11-20;14;3170
17;2025-11-20;15;3363
17;2025-11-20;16;3768
17;2025-11-20;17;4515
17;2025-11-20;18;4838
17;2025-11-20;19;3551
17;2025-11-20;20;2417
17;2025-11-20;21;1549
17;2025-11-20;22;887
17;2025-11-20;23;400
17;2025-11-21;0;141
17;2025-11-21;1;13
17;2025-11-21;2;0
17;2025-11-21;3;0
17;2025-11-21;4;27
17;2025-11-21;5;326
17;2025-11-21;6;1574
17;2025-11-21;7;4048
17;2025-11-21;8;5217
17;2025-11-21;9;3744
17;2025-11-21;10;3099
17;2025-11-21;11;3027
17;2025-11-21;12;3065
17;2025-11-21;13;3141
17;2025-11-21;14;3255
17;2025-11-21;15;3480
17;2025-11-21;16;3949
17;2025-11-21;17;4461
17;2025-11-21;18;4449
17;2025-11-21;19;3374
17;2025-11-21;20;2353
17;2025-11-21;21;1563
17;2025-11-21;22;916
17;2025-11-21;23;441
17;2025-11-22;0;193
17;2025-11-22;1;24
17;2025-11-22;2;0
17;2025-11-22;3;0
17;2025-11-22;4;8
17;2025-11-22;5;143
17;2025-11-22;6;615
17;2025-11-22;7;1331
17;2025-11-22;8;1804
17;2025-11-22;9;2185
17;2025-11-22;10;2514
17;2025-11-22;11;2883
17;2025-11-22;12;3095
17;2025-11-22;13;3289
17;2025-11-22;14;3311
17;2025-11-22;15;3351
17;2025-11-22;16;3334
17;2025-11-22;17;3270
17;2025-11-22;18;3141
17;2025-11-22;19;2547
17;2025-11-22;20;1932
17;2025-11-22;21;1405
17;2025-11-22;22;903
17;2025-11-22;23;464
17;2025-11-23;0;182
17;2025-11-23;1;24
17;2025-11-23;2;0
17;2025-11-23;3;0
17;2025-11-23;4;5
17;2025-11-23;5;85
17;2025-11-23;6;441
17;2025-11-23;7;858
17;2025-11-23;8;1334
17;2025-11-23;9;1784
17;2025-11-23;10;2158
17;2025-11-23;11;2544
17;2025-11-23;12;2768
17;2025-11-23;13;3028
17;2025-11-23;14;3067
17;2025-11-23;15;3078
17;2025-11-23;16;2999
17;2025-11-23;17;2931
17;2025-11-23;18;2799
17;2025-11-23;19;2235
17;2025-11-23;20;1675
17;2025-11-23;21;1201
17;2025-11-23;22;741
17;2025-11-23;23;347
17;2025-11-24;0;116
17;2025-11-24;1;11
17;2025-11-24;2;0
17;2025-11-24;3;0
17;2025-11-24;4;24
17;2025-11-24;5;305
17;2025-11-24;6;1507
17;2025-11-24;7;3979
17;2025-11-24;8;5126
17;2025-11-24;9;3659
17;2025-11-24;10;2925
17;2025-11-24;11;2831
17;2025-11-24;12;2859
17;2025-11-24;13;2923
17;2025-11-24;14;2991
17;2025-11-24;15;3191
17;2025-11-24;16;3573
17;2025-11-24;17;4310
17;2025-11-24;18;4658
17;2025-11-24;19;3417
17;2025-11-24;20;2289
17;2025-11-24;21;1422
17;2025-11-24;22;790
17;2025-11-24;23;326
17;2025-11-25;0;118
17;2025-11-25;1;11
17;2025-11-25;2;0
17;2025-11-25;3;0
17;2025-11-25;4;24
17;2025-11-25;5;314
17;2025-11-25;6;1558
17;2025-11-25;7;4097
17;2025-11-25;8;5270
17;2025-11-25;9;3774
17;2025-11-25;10;3035
17;2025-11-25;11;2906
17;2025-11-25;12;2956
17;2025-11-25;13;3010
17;2025-11-25;14;3083
17;2025-11-25;15;3259
17;2025-11-25;16;3662
17;2025-11-25;17;4430
17;2025-11-25;18;4789
17;2025-11-25;19;3488
17;2025-11-25;20;2359
17;2025-11-25;21;1484
17;2025-11-25;22;826
17;2025-11-25;23;351
17;2025-11-26;0;128
17;2025-11-26;1;11
17;2025-11-26;2;0
17;2025-11-26;3;0
17;2025-11-26;4;25
17;2025-11-26;5;331
17;2025-11-26;6;1579
17;2025-11-26;7;4138
17;2025-11-26;8;5314
17;2025-11-26;9;3809
17;2025-11-26;10;3082
17;2025-11-26;11;2976
17;2025-11-26;12;3016
17;2025-11-26;13;3078
17;2025-11-26;14;3143
17;2025-11-26;15;3323
17;2025-11-26;16;3717
17;2025-11-26;17;4470
17;2025-11-26;18;4825
17;2025-11-26;19;3527
17;2025-11-26;20;2389
17;2025-11-26;21;1527
17;2025-11-26;22;869
17;2025-11-26;23;387
17;2025-11-27;0;132
17;2025-11-27;1;11
17;2025-11-27;2;0
17;2025-11-27;3;0
17;2025-11-27;4;25
17;2025-11-27;5;334
17;2025-11-27;6;1586
17;2025-11-27;7;4126
17;2025-11-27;8;5318
17;2025-11-27;9;3835
17;2025-11-27;10;3103
17;2025-11-27;11;2996
17;2025-11-27;12;3038
17;2025-11-27;13;3101
17;2025-11-27;14;3161
17;2025-11-27;15;3352
17;2025-11-27;16;3758
17;2025-11-27;17;4506
17;2025-11-27;18;4829
17;2025-11-27;19;3544
17;2025-11-27;20;2414
17;2025-11-27;21;1548
17;2025-11-27;22;885
17;2025-11-27;23;400
17;2025-11-28;0;142
17;2025-11-28;1;13
17;2025-11-28;2;0
17;2025-11-28;3;0
17;2025-11-28;4;26
17;2025-11-28;5;330
17;2025-11-28;6;1577
17;2025-11-28;7;4042
17;2025-11-28;8;5209
17;2025-11-28;9;3738
17;2025-11-28;10;3092
17;2025-11-28;11;3017
17;2025-11-28;12;3056
17;2025-11-28;13;3130
17;2025-11-28;14;3241
17;2025-11-28;15;3465
17;2025-11-28;16;3934
17;2025-11-28;17;4450
17;2025-11-28;18;4445
17;2025-11-28;19;3372
17;2025-11-28;20;2353
17;2025-11-28;21;1563
17;2025-11-28;22;915
17;2025-11-28;23;442
17;2025-11-29;0;192
17;2025-11-29;1;24
17;2025-11-29;2;0
17;2025-11-29;3;0
17;2025-11-29;4;8
17;2025-11-29;5;146
17;2025-11-29;6;618
17;2025-11-29;7;1329
17;2025-11-29;8;1796
17;2025-11-29;9;2173
17;2025-11-29;10;2496
17;2025-11-29;11;2861
17;2025-11-29;12;3068
17;2025-11-29;13;3259
17;2025-11-29;14;3283
17;2025-11-29;15;3323
17;2025-11-29;16;3306
17;2025-11-29;17;3244
17;2025-11-29;18;3115
17;2025-11-29;19;2529
17;2025-11-29;20;1917
17;2025-11-29;21;1392
17;2025-11-29;22;897
17;2025-11-29;23;460
17;2025-11-30;0;181
17;2025-11-30;1;23
17;2025-11-30;2;0
17;2025-11-30;3;0
17;2025-11-30;4;4
17;2025-11-30;5;87
17;2025-11-30;6;441
17;2025-11-30;7;852
17;2025-11-30;8;1318
17;2025-11-30;9;1767
17;2025-11-30;10;2137
17;2025-11-30;11;2511
17;2025-11-30;12;2734
17;2025-11-30;13;2989
17;2025-11-30;14;3031
17;2025-11-30;15;3035
17;2025-11-30;16;2956
17;2025-11-30;17;2903
17;2025-11-30;18;2773
17;2025-11-30;19;2217
17;2025-11-30;20;1660
17;2025-11-30;21;1186
17;2025-11-30;22;736
17;2025-11-30;23;341
17;2025-12-01;0;112
17;2025-12-01;1;11
17;2025-12-01;2;0
17;2025-12-01;3;0
17;2025-12-01;4;24
17;2025-12-01;5;304
17;2025-12-01;6;1500
17;2025-12-01;7;3844
17;2025-12-01;8;4993
17;2025-12-01;9;3605
17;2025-12-01;10;2871
17;2025-12-01;11;2770
17;2025-12-01;12;2796
17;2025-12-01;13;2856
17;2025-12-01;14;2921
17;2025-12-01;15;3123
17;2025-12-01;16;3503
17;2025-12-01;17;4255
17;2025-12-01;18;4625
17;2025-12-01;19;3416
17;2025-12-01;20;2279
17;2025-12-01;21;1426
17;2025-12-01;22;808
17;2025-12-01;23;325
17;2025-12-02;0;115
17;2025-12-02;1;10
17;2025-12-02;2;0
17;2025-12-02;3;0
17;2025-12-02;4;25
17;2025-12-02;5;313
17;2025-12-02;6;1549
17;2025-12-02;7;3955
17;2025-12-02;8;5137
17;2025-12-02;9;3724
17;2025-12-02;10;2990
17;2025-12-02;11;2858
17;2025-12-02;12;2905
17;2025-12-02;13;2955
17;2025-12-02;14;3026
17;2025-12-02;15;3204
17;2025-12-02;16;3604
17;2025-12-02;17;4378
17;2025-12-02;18;4750
17;2025-12-02;19;3494
17;2025-12-02;20;2356
17;2025-12-02;21;1492
17;2025-12-02;22;848
17;2025-12-02;23;351
17;2025-12-03;0;125
17;2025-12-03;1;11
17;2025-12-03;2;0
17;2025-12-03;3;0
17;2025-12-03;4;26
17;2025-12-03;5;326
17;2025-12-03;6;1567
17;2025-12-03;7;3996
17;2025-12-03;8;5190
17;2025-12-03;9;3768
17;2025-12-03;10;3050
17;2025-12-03;11;2941
17;2025-12-03;12;2980
17;2025-12-03;13;3041
17;2025-12-03;14;3104
17;2025-12-03;15;3285
17;2025-12-03;16;3676
17;2025-12-03;17;4429
17;2025-12-03;18;4793
17;2025-12-03;19;3534
17;2025-12-03;20;2387
17;2025-12-03;21;1535
17;2025-12-03;22;891
17;2025-12-03;23;388
17;2025-12-04;0;129
17;2025-12-04;1;11
17;2025-12-04;2;0
17;2025-12-04;3;0
17;2025-12-04;4;25
17;2025-12-04;5;333
17;2025-12-04;6;1577
17;2025-12-04;7;3986
17;2025-12-04;8;5195
17;2025-12-04;9;3796
17;2025-12-04;10;3073
17;2025-12-04;11;2963
17;2025-12-04;12;3003
17;2025-12-04;13;3066
17;2025-12-04;14;3125
17;2025-12-04;15;3318
17;2025-12-04;16;3723
17;2025-12-04;17;4471
17;2025-12-04;18;4804
17;2025-12-04;19;3560
17;2025-12-04;20;2420
17;2025-12-04;21;1562
17;2025-12-04;22;910
17;2025-12-04;23;402
17;2025-12-05;0;138
17;2025-12-05;1;13
17;2025-12-05;2;0
17;2025-12-05;3;0
17;2025-12-05;4;25
17;2025-12-05;5;325
17;2025-12-05;6;1564
17;2025-12-05;7;3905
17;2025-12-05;8;5088
17;2025-12-05;9;3699
17;2025-12-05;10;3062
17;2025-12-05;11;2986
17;2025-12-05;12;3022
17;2025-12-05;13;3098
17;2025-12-05;14;3206
17;2025-12-05;15;3430
17;2025-12-05;16;3895
17;2025-12-05;17;4421
17;2025-12-05;18;4425
17;2025-12-05;19;3383
17;2025-12-05;20;2358
17;2025-12-05;21;1579
17;2025-12-05;22;941
17;2025-12-05;23;441
17;2025-12-06;0;191
17;2025-12-06;1;23
17;2025-12-06;2;0
17;2025-12-06;3;0
17;2025-12-06;4;3
17;2025-12-06;5;128
17;2025-12-06;6;591
17;2025-12-06;7;1230
17;2025-12-06;8;1701
17;2025-12-06;9;2072
17;2025-12-06;10;2402
17;2025-12-06;11;2771
17;2025-12-06;12;2980
17;2025-12-06;13;3170
17;2025-12-06;14;3192
17;2025-12-06;15;3232
17;2025-12-06;16;3213
17;2025-12-06;17;3156
17;2025-12-06;18;3035
17;2025-12-06;19;2520
17;2025-12-06;20;1907
17;2025-12-06;21;1396
17;2025-12-06;22;909
17;2025-12-06;23;453
17;2025-12-07;0;179
17;2025-12-07;1;23
17;2025-12-07;2;0
17;2025-12-07;3;0
17;2025-12-07;4;1
17;2025-12-07;5;72
17;2025-12-07;6;420
17;2025-12-07;7;773
17;2025-12-07;8;1238
17;2025-12-07;9;1686
17;2025-12-07;10;2057
17;2025-12-07;11;2439
17;2025-12-07;12;2666
17;2025-12-07;13;2923
17;2025-12-07;14;2960
17;2025-12-07;15;2964
17;2025-12-07;16;2881
17;2025-12-07;17;2826
17;2025-12-07;18;2702
17;2025-12-07;19;2209
17;2025-12-07;20;1651
17;2025-12-07;21;1189
17;2025-12-07;22;747
17;2025-12-07;23;336
17;2025-12-08;0;112
17;2025-12-08;1;11
17;2025-12-08;2;0
17;2025-12-08;3;0
17;2025-12-08;4;24
17;2025-12-08;5;306
17;2025-12-08;6;1504
17;2025-12-08;7;3860
17;2025-12-08;8;5019
17;2025-12-08;9;3629
17;2025-12-08;10;2897
17;2025-12-08;11;2804
17;2025-12-08;12;2832
17;2025-12-08;13;2893
17;2025-12-08;14;2953
17;2025-12-08;15;3157
17;2025-12-08;16;3537
17;2025-12-08;17;4283
17;2025-12-08;18;4638
17;2025-12-08;19;3430
17;2025-12-08;20;2293
17;2025-12-08;21;1436
17;2025-12-08;22;815
17;2025-12-08;23;331
17;2025-12-09;0;116
17;2025-12-09;1;10
17;2025-12-09;2;0
17;2025-12-09;3;0
17;2025-12-09;4;25
17;2025-12-09;5;316
17;2025-12-09;6;1555
17;2025-12-09;7;3977
17;2025-12-09;8;5168
17;2025-12-09;9;3754
17;2025-12-09;10;3024
17;2025-12-09;11;2896
17;2025-12-09;12;2945
17;2025-12-09;13;2998
17;2025-12-09;14;3065
17;2025-12-09;15;3244
17;2025-12-09;16;3643
17;2025-12-09;17;4412
17;2025-12-09;18;4775
17;2025-12-09;19;3514
17;2025-12-09;20;2374
17;2025-12-09;21;1507
17;2025-12-09;22;857
17;2025-12-09;23;358
17;2025-12-10;0;126
17;2025-12-10;1;11
17;2025-12-10;2;0
17;2025-12-10;3;0
17;2025-12-10;4;26
17;2025-12-10;5;329
17;2025-12-10;6;1574
17;2025-12-10;7;4018
17;2025-12-10;8;5211
17;2025-12-10;9;3786
17;2025-12-10;10;3069
17;2025-12-10;11;2966
17;2025-12-10;12;3003
17;2025-12-10;13;3067
17;2025-12-10;14;3127
17;2025-12-10;15;3310
17;2025-12-10;16;3700
17;2025-12-10;17;4453
17;2025-12-10;18;4809
17;2025-12-10;19;3549
17;2025-12-10;20;2401
17;2025-12-10;21;1547
17;2025-12-10;22;897
17;2025-12-10;23;391
17;2025-12-11;0;130
17;2025-12-11;1;11
17;2025-12-11;2;0
17;2025-12-11;3;0
17;2025-12-11;4;25
17;2025-12-11;5;332
17;2025-12-11;6;1577
17;2025-12-11;7;4002
17;2025-12-11;8;5211
17;2025-12-11;9;3809
17;2025-12-11;10;3086
17;2025-12-11;11;2982
17;2025-12-11;12;3021
17;2025-12-11;13;3086
17;2025-12-11;14;3142
17;2025-12-11;15;3337
17;2025-12-11;16;3742
17;2025-12-11;17;4489
17;2025-12-11;18;4816
17;2025-12-11;19;3568
17;2025-12-11;20;2427
17;2025-12-11;21;1566
17;2025-12-11;22;913
17;2025-12-11;23;404
17;2025-12-12;0;138
17;2025-12-12;1;13
17;2025-12-12;2;0
17;2025-12-12;3;0
17;2025-12-12;4;25
17;2025-12-12;5;323
17;2025-12-12;6;1563
17;2025-12-12;7;3913
17;2025-12-12;8;5099
17;2025-12-12;9;3706
17;2025-12-12;10;3071
17;2025-12-12;11;2998
17;2025-12-12;12;3033
17;2025-12-12;13;3111
17;2025-12-12;14;3220
17;2025-12-12;15;3446
17;2025-12-12;16;3912
17;2025-12-12;17;4430
17;2025-12-12;18;4426
17;2025-12-12;19;3383
17;2025-12-12;20;2356
17;2025-12-12;21;1577
17;2025-12-12;22;940
17;2025-12-12;23;440
17;2025-12-13;0;191
17;2025-12-13;1;23
17;2025-12-13;2;0
17;2025-12-13;3;0
17;2025-12-13;4;4
17;2025-12-13;5;130
17;2025-12-13;6;594
17;2025-12-13;7;1239
17;2025-12-13;8;1714
17;2025-12-13;9;2086
17;2025-12-13;10;2416
17;2025-12-13;11;2788
17;2025-12-13;12;2996
17;2025-12-13;13;3189
17;2025-12-13;14;3211
17;2025-12-13;15;3253
17;2025-12-13;16;3232
17;2025-12-13;17;3174
17;2025-12-13;18;3049
17;2025-12-13;19;2529
17;2025-12-13;20;1914
17;2025-12-13;21;1402
17;2025-12-13;22;911
17;2025-12-13;23;454
17;2025-12-14;0;179
17;2025-12-14;1;23
17;2025-12-14;2;0
17;2025-12-14;3;0
17;2025-12-14;4;1
17;2025-12-14;5;75
17;2025-12-14;6;423
17;2025-12-14;7;785
17;2025-12-14;8;1251
17;2025-12-14;9;1699
17;2025-12-14;10;2066
17;2025-12-14;11;2446
17;2025-12-14;12;2672
17;2025-12-14;13;2930
17;2025-12-14;14;2970
17;2025-12-14;15;2977
17;2025-12-14;16;2893
17;2025-12-14;17;2837
17;2025-12-14;18;2716
17;2025-12-14;19;2219
17;2025-12-14;20;1661
17;2025-12-14;21;1198
17;2025-12-14;22;748
17;2025-12-14;23;337
17;2025-12-15;0;112
17;2025-12-15;1;11
17;2025-12-15;2;0
17;2025-12-15;3;0
17;2025-12-15;4;24
17;2025-12-15;5;307
17;2025-12-15;6;1505
17;2025-12-15;7;3872
17;2025-12-15;8;5036
17;2025-12-15;9;3641
17;2025-12-15;10;2905
17;2025-12-15;11;2808
17;2025-12-15;12;2834
17;2025-12-15;13;2896
17;2025-12-15;14;2962
17;2025-12-15;15;3166
17;2025-12-15;16;3548
17;2025-12-15;17;4293
17;2025-12-15;18;4653
17;2025-12-15;19;3438
17;2025-12-15;20;2300
17;2025-12-15;21;1440
17;2025-12-15;22;818
17;2025-12-15;23;331
17;2025-12-16;0;116
17;2025-12-16;1;10
17;2025-12-16;2;0
17;2025-12-16;3;0
17;2025-12-16;4;25
17;2025-12-16;5;317
17;2025-12-16;6;1557
17;2025-12-16;7;3993
17;2025-12-16;8;5197
17;2025-12-16;9;3779
17;2025-12-16;10;3045
17;2025-12-16;11;2914
17;2025-12-16;12;2962
17;2025-12-16;13;3015
17;2025-12-16;14;3090
17;2025-12-16;15;3269
17;2025-12-16;16;3665
17;2025-12-16;17;4431
17;2025-12-16;18;4795
17;2025-12-16;19;3524
17;2025-12-16;20;2384
17;2025-12-16;21;1513
17;2025-12-16;22;864
17;2025-12-16;23;363
17;2025-12-17;0;126
17;2025-12-17;1;11
17;2025-12-17;2;0
17;2025-12-17;3;0
17;2025-12-17;4;26
17;2025-12-17;5;330
17;2025-12-17;6;1574
17;2025-12-17;7;4026
17;2025-12-17;8;5231
17;2025-12-17;9;3804
17;2025-12-17;10;3081
17;2025-12-17;11;2974
17;2025-12-17;12;3010
17;2025-12-17;13;3075
17;2025-12-17;14;3142
17;2025-12-17;15;3326
17;2025-12-17;16;3708
17;2025-12-17;17;4460
17;2025-12-17;18;4817
17;2025-12-17;19;3553
17;2025-12-17;20;2404
17;2025-12-17;21;1547
17;2025-12-17;22;899
17;2025-12-17;23;393
17;2025-12-18;0;129
17;2025-12-18;1;11
17;2025-12-18;2;0
17;2025-12-18;3;0
17;2025-12-18;4;25
17;2025-12-18;5;333
17;2025-12-18;6;1578
17;2025-12-18;7;4004
17;2025-12-18;8;5222
17;2025-12-18;9;3819
17;2025-12-18;10;3088
17;2025-12-18;11;2980
17;2025-12-18;12;3018
17;2025-12-18;13;3084
17;2025-12-18;14;3142
17;2025-12-18;15;3334
17;2025-12-18;16;3739
17;2025-12-18;17;4487
17;2025-12-18;18;4817
17;2025-12-18;19;3566
17;2025-12-18;20;2425
17;2025-12-18;21;1566
17;2025-12-18;22;914
17;2025-12-18;23;401
17;2025-12-19;0;139
17;2025-12-19;1;13
17;2025-12-19;2;0
17;2025-12-19;3;0
17;2025-12-19;4;25
17;2025-12-19;5;325
17;2025-12-19;6;1567
17;2025-12-19;7;3920
17;2025-12-19;8;5110
17;2025-12-19;9;3717
17;2025-12-19;10;3077
17;2025-12-19;11;3006
17;2025-12-19;12;3041
17;2025-12-19;13;3118
17;2025-12-19;14;3227
17;2025-12-19;15;3454
17;2025-12-19;16;3920
17;2025-12-19;17;4438
17;2025-12-19;18;4435
17;2025-12-19;19;3390
17;2025-12-19;20;2361
17;2025-12-19;21;1581
17;2025-12-19;22;945
17;2025-12-19;23;442
17;2025-12-20;0;192
17;2025-12-20;1;23
17;2025-12-20;2;0
17;2025-12-20;3;0
17;2025-12-20;4;4
17;2025-12-20;5;130
17;2025-12-20;6;594
17;2025-12-20;7;1245
17;2025-12-20;8;1724
17;2025-12-20;9;2096
17;2025-12-20;10;2427
17;2025-12-20;11;2800
17;2025-12-20;12;3008
17;2025-12-20;13;3200
17;2025-12-20;14;3221
17;2025-12-20;15;3262
17;2025-12-20;16;3240
17;2025-12-20;17;3183
17;2025-12-20;18;3061
17;2025-12-20;19;2537
17;2025-12-20;20;1922
17;2025-12-20;21;1409
17;2025-12-20;22;918
17;2025-12-20;23;459
17;2025-12-21;0;180
17;2025-12-21;1;23
17;2025-12-21;2;0
17;2025-12-21;3;0
17;2025-12-21;4;1
17;2025-12-21;5;74
17;2025-12-21;6;422
17;2025-12-21;7;780
17;2025-12-21;8;1248
17;2025-12-21;9;1697
17;2025-12-21;10;2070
17;2025-12-21;11;2450
17;2025-12-21;12;2676
17;2025-12-21;13;2933
17;2025-12-21;14;2974
17;2025-12-21;15;2980
17;2025-12-21;16;2896
17;2025-12-21;17;2841
17;2025-12-21;18;2717
17;2025-12-21;19;2219
17;2025-12-21;20;1661
17;2025-12-21;21;1199
17;2025-12-21;22;753
17;2025-12-21;23;339
17;2025-12-22;0;113
17;2025-12-22;1;11
17;2025-12-22;2;0
17;2025-12-22;3;0
17;2025-12-22;4;24
17;2025-12-22;5;307
17;2025-12-22;6;1504
17;2025-12-22;7;3866
17;2025-12-22;8;5027
17;2025-12-22;9;3635
17;2025-12-22;10;2904
17;2025-12-22;11;2809
17;2025-12-22;12;2836
17;2025-12-22;13;2898
17;2025-12-22;14;2959
17;2025-12-22;15;3161
17;2025-12-22;16;3543
17;2025-12-22;17;4290
17;2025-12-22;18;4651
17;2025-12-22;19;3435
17;2025-12-22;20;2297
17;2025-12-22;21;1441
17;2025-12-22;22;820
17;2025-12-22;23;334
17;2025-12-23;0;116
17;2025-12-23;1;10
17;2025-12-23;2;0
17;2025-12-23;3;0
17;2025-12-23;4;25
17;2025-12-23;5;317
17;2025-12-23;6;1556
17;2025-12-23;7;3978
17;2025-12-23;8;5173
17;2025-12-23;9;3758
17;2025-12-23;10;3029
17;2025-12-23;11;2900
17;2025-12-23;12;2948
17;2025-12-23;13;3001
17;2025-12-23;14;3071
17;2025-12-23;15;3249
17;2025-12-23;16;3648
17;2025-12-23;17;4417
17;2025-12-23;18;4784
17;2025-12-23;19;3517
17;2025-12-23;20;2378
17;2025-12-23;21;1511
17;2025-12-23;22;863
17;2025-12-23;23;362
17;2025-12-24;0;127
17;2025-12-24;1;11
17;2025-12-24;2;0
17;2025-12-24;3;0
17;2025-12-24;4;26
17;2025-12-24;5;330
17;2025-12-24;6;1573
17;2025-12-24;7;4017
17;2025-12-24;8;5213
17;2025-12-24;9;3792
17;2025-12-24;10;3074
17;2025-12-24;11;2965
17;2025-12-24;12;3002
17;2025-12-24;13;3066
17;2025-12-24;14;3128
17;2025-12-24;15;3313
17;2025-12-24;16;3703
17;2025-12-24;17;4459
17;2025-12-24;18;4820
17;2025-12-24;19;3547
17;2025-12-24;20;2400
17;2025-12-24;21;1546
17;2025-12-24;22;899
17;2025-12-24;23;392
17;2025-12-25;0;131
17;2025-12-25;1;11
17;2025-12-25;2;0
17;2025-12-25;3;0
17;2025-12-25;4;20
17;2025-12-25;5;332
17;2025-12-25;6;1573
17;2025-12-25;7;3949
17;2025-12-25;8;5143
17;2025-12-25;9;3804
17;2025-12-25;10;3100
17;2025-12-25;11;2994
17;2025-12-25;12;3035
17;2025-12-25;13;3095
17;2025-12-25;14;3155
17;2025-12-25;15;3349
17;2025-12-25;16;3731
17;2025-12-25;17;4465
17;2025-12-25;18;4770
17;2025-12-25;19;3553
17;2025-12-25;20;2428
17;2025-12-25;21;1568
17;2025-12-25;22;922
17;2025-12-25;23;409
17;2025-12-26;0;139
17;2025-12-26;1;13
17;2025-12-26;2;0
17;2025-12-26;3;0
17;2025-12-26;4;19
17;2025-12-26;5;327
17;2025-12-26;6;1560
17;2025-12-26;7;3869
17;2025-12-26;8;5059
17;2025-12-26;9;3720
17;2025-12-26;10;3093
17;2025-12-26;11;3012
17;2025-12-26;12;3048
17;2025-12-26;13;3118
17;2025-12-26;14;3227
17;2025-12-26;15;3447
17;2025-12-26;16;3900
17;2025-12-26;17;4406
17;2025-12-26;18;4402
17;2025-12-26;19;3361
17;2025-12-26;20;2353
17;2025-12-26;21;1574
17;2025-12-26;22;943
17;2025-12-26;23;437
17;2025-12-27;0;189
17;2025-12-27;1;23
17;2025-12-27;2;0
17;2025-12-27;3;0
17;2025-12-27;4;3
17;2025-12-27;5;129
17;2025-12-27;6;582
17;2025-12-27;7;1194
17;2025-12-27;8;1652
17;2025-12-27;9;2046
17;2025-12-27;10;2370
17;2025-12-27;11;2719
17;2025-12-27;12;2924
17;2025-12-27;13;3109
17;2025-12-27;14;3142
17;2025-12-27;15;3178
17;2025-12-27;16;3152
17;2025-12-27;17;3095
17;2025-12-27;18;2967
17;2025-12-27;19;2486
17;2025-12-27;20;1890
17;2025-12-27;21;1384
17;2025-12-27;22;901
17;2025-12-27;23;453
17;2025-12-28;0;177
17;2025-12-28;1;21
17;2025-12-28;2;0
17;2025-12-28;3;0
17;2025-12-28;4;1
17;2025-12-28;5;80
17;2025-12-28;6;405
17;2025-12-28;7;746
17;2025-12-28;8;1211
17;2025-12-28;9;1629
17;2025-12-28;10;1995
17;2025-12-28;11;2355
17;2025-12-28;12;2574
17;2025-12-28;13;2824
17;2025-12-28;14;2874
17;2025-12-28;15;2874
17;2025-12-28;16;2787
17;2025-12-28;17;2733
17;2025-12-28;18;2601
17;2025-12-28;19;2160
17;2025-12-28;20;1630
17;2025-12-28;21;1175
17;2025-12-28;22;737
17;2025-12-28;23;334
17;2025-12-29;0;111
17;2025-12-29;1;11
17;2025-12-29;2;0
17;2025-12-29;3;0
17;2025-12-29;4;22
17;2025-12-29;5;313
17;2025-12-29;6;1498
17;2025-12-29;7;3799
17;2025-12-29;8;4979
17;2025-12-29;9;3637
17;2025-12-29;10;2928
17;2025-12-29;11;2836
17;2025-12-29;12;2868
17;2025-12-29;13;2917
17;2025-12-29;14;2973
17;2025-12-29;15;3173
17;2025-12-29;16;3536
17;2025-12-29;17;4260
17;2025-12-29;18;4584
17;2025-12-29;19;3414
17;2025-12-29;20;2295
17;2025-12-29;21;1445
17;2025-12-29;22;826
17;2025-12-29;23;343
17;2025-12-30;0;115
17;2025-12-30;1;10
17;2025-12-30;2;0
17;2025-12-30;3;0
17;2025-12-30;4;20
17;2025-12-30;5;315
17;2025-12-30;6;1540
17;2025-12-30;7;3887
17;2025-12-30;8;5111
17;2025-12-30;9;3756
17;2025-12-30;10;3044
17;2025-12-30;11;2921
17;2025-12-30;12;2975
17;2025-12-30;13;3020
17;2025-12-30;14;3085
17;2025-12-30;15;3259
17;2025-12-30;16;3637
17;2025-12-30;17;4369
17;2025-12-30;18;4676
17;2025-12-30;19;3480
17;2025-12-30;20;2363
17;2025-12-30;21;1520
17;2025-12-30;22;878
17;2025-12-30;23;375
17;2025-12-31;0;131
17;2025-12-31;1;10
17;2025-12-31;2;0
17;2025-12-31;3;0
17;2025-12-31;4;4
17;2025-12-31;5;27
17;2025-12-31;6;518
17;2025-12-31;7;1152
17;2025-12-31;8;1564
17;2025-12-31;9;1783
17;2025-12-31;10;1825
17;2025-12-31;11;2134
17;2025-12-31;12;2252
17;2025-12-31;13;2401
17;2025-12-31;14;2448
17;2025-12-31;15;2485
17;2025-12-31;16;2588
17;2025-12-31;17;2644
17;2025-12-31;18;2634
17;2025-12-31;19;2142
17;2025-12-31;20;1648
17;2025-12-31;21;1147
17;2025-12-31;22;690
17;2025-12-31;23;339
25;2025-11-01;0;15
25;2025-11-01;1;13
25;2025-11-01;2;13
25;2025-11-01;3;14
25;2025-11-01;4;16
25;2025-11-01;5;32
25;2025-11-01;6;171
25;2025-11-01;7;450
25;2025-11-01;8;755
25;2025-11-01;9;509
25;2025-11-01;10;448
25;2025-11-01;11;487
25;2025-11-01;12;526
25;2025-11-01;13;595
25;2025-11-01;14;605
25;2025-11-01;15;681
25;2025-11-01;16;735
25;2025-11-01;17;751
25;2025-11-01;18;734
25;2025-11-01;19;544
25;2025-11-01;20;382
25;2025-11-01;21;278
25;2025-11-01;22;138
25;2025-11-01;23;48
25;2025-11-02;0;12
25;2025-11-02;1;0
25;2025-11-02;2;0
25;2025-11-02;3;1
25;2025-11-02;4;7
25;2025-11-02;5;9
25;2025-11-02;6;46
25;2025-11-02;7;65
25;2025-11-02;8;154
25;2025-11-02;9;169
25;2025-11-02;10;186
25;2025-11-02;11;260
25;2025-11-02;12;321
25;2025-11-02;13;415
25;2025-11-02;14;465
25;2025-11-02;15;520
25;2025-11-02;16;473
25;2025-11-02;17;406
25;2025-11-02;18;376
25;2025-11-02;19;294
25;2025-11-02;20;220
25;2025-11-02;21;186
25;2025-11-02;22;111
25;2025-11-02;23;48
25;2025-11-03;0;11
25;2025-11-03;1;2
25;2025-11-03;2;2
25;2025-11-03;3;1
25;2025-11-03;4;7
25;2025-11-03;5;2
25;2025-11-03;6;44
25;2025-11-03;7;122
25;2025-11-03;8;199
25;2025-11-03;9;158
25;2025-11-03;10;154
25;2025-11-03;11;238
25;2025-11-03;12;287
25;2025-11-03;13;370
25;2025-11-03;14;377
25;2025-11-03;15;422
25;2025-11-03;16;448
25;2025-11-03;17;417
25;2025-11-03;18;428
25;2025-11-03;19;322
25;2025-11-03;20;227
25;2025-11-03;21;169
25;2025-11-03;22;92
25;2025-11-03;23;46
25;2025-11-04;0;6
25;2025-11-04;1;2
25;2025-11-04;2;2
25;2025-11-04;3;2
25;2025-11-04;4;8
25;2025-11-04;5;1
25;2025-11-04;6;10
25;2025-11-04;7;75
25;2025-11-04;8;140
25;2025-11-04;9;113
25;2025-11-04;10;118
25;2025-11-04;11;190
25;2025-11-04;12;238
25;2025-11-04;13;326
25;2025-11-04;14;348
25;2025-11-04;15;384
25;2025-11-04;16;381
25;2025-11-04;17;316
25;2025-11-04;18;310
25;2025-11-04;19;260
25;2025-11-04;20;202
25;2025-11-04;21;151
25;2025-11-04;22;71
25;2025-11-04;23;39
25;2025-11-05;0;0
25;2025-11-05;1;0
25;2025-11-05;2;0
25;2025-11-05;3;0
25;2025-11-05;4;0
25;2025-11-05;5;2
25;2025-11-05;6;143
25;2025-11-05;7;518
25;2025-11-05;8;956
25;2025-11-05;9;460
25;2025-11-05;10;327
25;2025-11-05;11;372
25;2025-11-05;12;397
25;2025-11-05;13;463
25;2025-11-05;14;437
25;2025-11-05;15;522
25;2025-11-05;16;647
25;2025-11-05;17;736
25;2025-11-05;18;807
25;2025-11-05;19;528
25;2025-11-05;20;328
25;2025-11-05;21;192
25;2025-11-05;22;90
25;2025-11-05;23;1
25;2025-11-06;0;0
25;2025-11-06;1;0
25;2025-11-06;2;0
25;2025-11-06;3;0
25;2025-11-06;4;0
25;2025-11-06;5;5
25;2025-11-06;6;143
25;2025-11-06;7;522
25;2025-11-06;8;942
25;2025-11-06;9;462
25;2025-11-06;10;329
25;2025-11-06;11;371
25;2025-11-06;12;399
25;2025-11-06;13;457
25;2025-11-06;14;451
25;2025-11-06;15;534
25;2025-11-06;16;657
25;2025-11-06;17;741
25;2025-11-06;18;806
25;2025-11-06;19;520
25;2025-11-06;20;325
25;2025-11-06;21;194
25;2025-11-06;22;98
25;2025-11-06;23;2
25;2025-11-07;0;0
25;2025-11-07;1;0
25;2025-11-07;2;0
25;2025-11-07;3;0
25;2025-11-07;4;0
25;2025-11-07;5;6
25;2025-11-07;6;159
25;2025-11-07;7;520
25;2025-11-07;8;922
25;2025-11-07;9;458
25;2025-11-07;10;354
25;2025-11-07;11;407
25;2025-11-07;12;436
25;2025-11-07;13;508
25;2025-11-07;14;518
25;2025-11-07;15;616
25;2025-11-07;16;741
25;2025-11-07;17;773
25;2025-11-07;18;699
25;2025-11-07;19;494
25;2025-11-07;20;323
25;2025-11-07;21;208
25;2025-11-07;22;107
25;2025-11-07;23;8
25;2025-11-08;0;3
25;2025-11-08;1;0
25;2025-11-08;2;0
25;2025-11-08;3;0
25;2025-11-08;4;0
25;2025-11-08;5;2
25;2025-11-08;6;65
25;2025-11-08;7;135
25;2025-11-08;8;283
25;2025-11-08;9;277
25;2025-11-08;10;300
25;2025-11-08;11;379
25;2025-11-08;12;439
25;2025-11-08;13;542
25;2025-11-08;14;572
25;2025-11-08;15;628
25;2025-11-08;16;596
25;2025-11-08;17;528
25;2025-11-08;18;493
25;2025-11-08;19;406
25;2025-11-08;20;279
25;2025-11-08;21;213
25;2025-11-08;22;128
25;2025-11-08;23;45
25;2025-11-09;0;13
25;2025-11-09;1;0
25;2025-11-09;2;0
25;2025-11-09;3;0
25;2025-11-09;4;0
25;2025-11-09;5;1
25;2025-11-09;6;46
25;2025-11-09;7;74
25;2025-11-09;8;171
25;2025-11-09;9;192
25;2025-11-09;10;220
25;2025-11-09;11;306
25;2025-11-09;12;378
25;2025-11-09;13;470
25;2025-11-09;14;510
25;2025-11-09;15;563
25;2025-11-09;16;515
25;2025-11-09;17;462
25;2025-11-09;18;425
25;2025-11-09;19;327
25;2025-11-09;20;228
25;2025-11-09;21;184
25;2025-11-09;22;102
25;2025-11-09;23;29
25;2025-11-10;0;6
25;2025-11-10;1;0
25;2025-11-10;2;0
25;2025-11-10;3;0
25;2025-11-10;4;0
25;2025-11-10;5;3
25;2025-11-10;6;155
25;2025-11-10;7;549
25;2025-11-10;8;951
25;2025-11-10;9;474
25;2025-11-10;10;327
25;2025-11-10;11;365
25;2025-11-10;12;398
25;2025-11-10;13;461
25;2025-11-10;14;435
25;2025-11-10;15;527
25;2025-11-10;16;653
25;2025-11-10;17;757
25;2025-11-10;18;837
25;2025-11-10;19;535
25;2025-11-10;20;327
25;2025-11-10;21;186
25;2025-11-10;22;81
25;2025-11-10;23;1
25;2025-11-11;0;1
25;2025-11-11;1;0
25;2025-11-11;2;0
25;2025-11-11;3;0
25;2025-11-11;4;0
25;2025-11-11;5;4
25;2025-11-11;6;152
25;2025-11-11;7;553
25;2025-11-11;8;956
25;2025-11-11;9;486
25;2025-11-11;10;355
25;2025-11-11;11;395
25;2025-11-11;12;412
25;2025-11-11;13;469
25;2025-11-11;14;461
25;2025-11-11;15;543
25;2025-11-11;16;663
25;2025-11-11;17;750
25;2025-11-11;18;839
25;2025-11-11;19;542
25;2025-11-11;20;340
25;2025-11-11;21;199
25;2025-11-11;22;93
25;2025-11-11;23;4
25;2025-11-12;0;0
25;2025-11-12;1;0
25;2025-11-12;2;0
25;2025-11-12;3;0
25;2025-11-12;4;0
25;2025-11-12;5;5
25;2025-11-12;6;160
25;2025-11-12;7;577
25;2025-11-12;8;1018
25;2025-11-12;9;514
25;2025-11-12;10;373
25;2025-11-12;11;421
25;2025-11-12;12;447
25;2025-11-12;13;515
25;2025-11-12;14;494
25;2025-11-12;15;581
25;2025-11-12;16;707
25;2025-11-12;17;803
25;2025-11-12;18;893
25;2025-11-12;19;573
25;2025-11-12;20;366
25;2025-11-12;21;219
25;2025-11-12;22;108
25;2025-11-12;23;9
25;2025-11-13;0;0
25;2025-11-13;1;0
25;2025-11-13;2;0
25;2025-11-13;3;0
25;2025-11-13;4;0
25;2025-11-13;5;5
25;2025-11-13;6;157
25;2025-11-13;7;570
25;2025-11-13;8;1001
25;2025-11-13;9;515
25;2025-11-13;10;379
25;2025-11-13;11;420
25;2025-11-13;12;449
25;2025-11-13;13;509
25;2025-11-13;14;504
25;2025-11-13;15;588
25;2025-11-13;16;708
25;2025-11-13;17;802
25;2025-11-13;18;871
25;2025-11-13;19;563
25;2025-11-13;20;359
25;2025-11-13;21;216
25;2025-11-13;22;109
25;2025-11-13;23;8
25;2025-11-14;0;1
25;2025-11-14;1;0
25;2025-11-14;2;0
25;2025-11-14;3;0
25;2025-11-14;4;0
25;2025-11-14;5;5
25;2025-11-14;6;165
25;2025-11-14;7;547
25;2025-11-14;8;957
25;2025-11-14;9;484
25;2025-11-14;10;380
25;2025-11-14;11;430
25;2025-11-14;12;458
25;2025-11-14;13;531
25;2025-11-14;14;542
25;2025-11-14;15;640
25;2025-11-14;16;768
25;2025-11-14;17;807
25;2025-11-14;18;735
25;2025-11-14;19;521
25;2025-11-14;20;342
25;2025-11-14;21;220
25;2025-11-14;22;118
25;2025-11-14;23;18
25;2025-11-15;0;4
25;2025-11-15;1;0
25;2025-11-15;2;0
25;2025-11-15;3;0
25;2025-11-15;4;0
25;2025-11-15;5;11
25;2025-11-15;6;78
25;2025-11-15;7;156
25;2025-11-15;8;319
25;2025-11-15;9;317
25;2025-11-15;10;338
25;2025-11-15;11;417
25;2025-11-15;12;472
25;2025-11-15;13;578
25;2025-11-15;14;609
25;2025-11-15;15;663
25;2025-11-15;16;626
25;2025-11-15;17;564
25;2025-11-15;18;531
25;2025-11-15;19;436
25;2025-11-15;20;305
25;2025-11-15;21;234
25;2025-11-15;22;148
25;2025-11-15;23;59
25;2025-11-16;0;13
25;2025-11-16;1;0
25;2025-11-16;2;0
25;2025-11-16;3;0
25;2025-11-16;4;1
25;2025-11-16;5;10
25;2025-11-16;6;57
25;2025-11-16;7;91
25;2025-11-16;8;198
25;2025-11-16;9;224
25;2025-11-16;10;250
25;2025-11-16;11;330
25;2025-11-16;12;398
25;2025-11-16;13;493
25;2025-11-16;14;536
25;2025-11-16;15;588
25;2025-11-16;16;537
25;2025-11-16;17;490
25;2025-11-16;18;456
25;2025-11-16;19;351
25;2025-11-16;20;249
25;2025-11-16;21;199
25;2025-11-16;22;118
25;2025-11-16;23;42
25;2025-11-17;0;7
25;2025-11-17;1;0
25;2025-11-17;2;0
25;2025-11-17;3;0
25;2025-11-17;4;0
25;2025-11-17;5;2
25;2025-11-17;6;157
25;2025-11-17;7;555
25;2025-11-17;8;968
25;2025-11-17;9;489
25;2025-11-17;10;339
25;2025-11-17;11;378
25;2025-11-17;12;405
25;2025-11-17;13;470
25;2025-11-17;14;449
25;2025-11-17;15;540
25;2025-11-17;16;667
25;2025-11-17;17;772
25;2025-11-17;18;858
25;2025-11-17;19;548
25;2025-11-17;20;340
25;2025-11-17;21;198
25;2025-11-17;22;93
25;2025-11-17;23;6
25;2025-11-18;0;1
25;2025-11-18;1;0
25;2025-11-18;2;0
25;2025-11-18;3;0
25;2025-11-18;4;0
25;2025-11-18;5;4
25;2025-11-18;6;151
25;2025-11-18;7;548
25;2025-11-18;8;957
25;2025-11-18;9;487
25;2025-11-18;10;351
25;2025-11-18;11;391
25;2025-11-18;12;407
25;2025-11-18;13;464
25;2025-11-18;14;456
25;2025-11-18;15;537
25;2025-11-18;16;658
25;2025-11-18;17;746
25;2025-11-18;18;840
25;2025-11-18;19;540
25;2025-11-18;20;339
25;2025-11-18;21;199
25;2025-11-18;22;94
25;2025-11-18;23;5
25;2025-11-19;0;0
25;2025-11-19;1;0
25;2025-11-19;2;0
25;2025-11-19;3;0
25;2025-11-19;4;0
25;2025-11-19;5;3
25;2025-11-19;6;156
25;2025-11-19;7;568
25;2025-11-19;8;1013
25;2025-11-19;9;508
25;2025-11-19;10;367
25;2025-11-19;11;416
25;2025-11-19;12;441
25;2025-11-19;13;509
25;2025-11-19;14;487
25;2025-11-19;15;573
25;2025-11-19;16;700
25;2025-11-19;17;797
25;2025-11-19;18;893
25;2025-11-19;19;568
25;2025-11-19;20;362
25;2025-11-19;21;217
25;2025-11-19;22;107
25;2025-11-19;23;8
25;2025-11-20;0;0
25;2025-11-20;1;0
25;2025-11-20;2;0
25;2025-11-20;3;0
25;2025-11-20;4;0
25;2025-11-20;5;3
25;2025-11-20;6;155
25;2025-11-20;7;567
25;2025-11-20;8;1001
25;2025-11-20;9;514
25;2025-11-20;10;376
25;2025-11-20;11;420
25;2025-11-20;12;447
25;2025-11-20;13;506
25;2025-11-20;14;501
25;2025-11-20;15;583
25;2025-11-20;16;704
25;2025-11-20;17;799
25;2025-11-20;18;872
25;2025-11-20;19;561
25;2025-11-20;20;357
25;2025-11-20;21;216
25;2025-11-20;22;109
25;2025-11-20;23;9
25;2025-11-21;0;0
25;2025-11-21;1;0
25;2025-11-21;2;0
25;2025-11-21;3;0
25;2025-11-21;4;0
25;2025-11-21;5;3
25;2025-11-21;6;162
25;2025-11-21;7;543
25;2025-11-21;8;954
25;2025-11-21;9;481
25;2025-11-21;10;379
25;2025-11-21;11;433
25;2025-11-21;12;460
25;2025-11-21;13;532
25;2025-11-21;14;544
25;2025-11-21;15;643
25;2025-11-21;16;772
25;2025-11-21;17;809
25;2025-11-21;18;739
25;2025-11-21;19;523
25;2025-11-21;20;344
25;2025-11-21;21;222
25;2025-11-21;22;119
25;2025-11-21;23;19
25;2025-11-22;0;5
25;2025-11-22;1;0
25;2025-11-22;2;0
25;2025-11-22;3;0
25;2025-11-22;4;0
25;2025-11-22;5;12
25;2025-11-22;6;80
25;2025-11-22;7;165
25;2025-11-22;8;327
25;2025-11-22;9;325
25;2025-11-22;10;349
25;2025-11-22;11;430
25;2025-11-22;12;484
25;2025-11-22;13;590
25;2025-11-22;14;616
25;2025-11-22;15;671
25;2025-11-22;16;635
25;2025-11-22;17;574
25;2025-11-22;18;543
25;2025-11-22;19;443
25;2025-11-22;20;309
25;2025-11-22;21;238
25;2025-11-22;22;152
25;2025-11-22;23;62
25;2025-11-23;0;15
25;2025-11-23;1;0
25;2025-11-23;2;0
25;2025-11-23;3;0
25;2025-11-23;4;1
25;2025-11-23;5;9
25;2025-11-23;6;60
25;2025-11-23;7;88
25;2025-11-23;8;196
25;2025-11-23;9;221
25;2025-11-23;10;251
25;2025-11-23;11;339
25;2025-11-23;12;405
25;2025-11-23;13;501
25;2025-11-23;14;539
25;2025-11-23;15;595
25;2025-11-23;16;545
25;2025-11-23;17;498
25;2025-11-23;18;463
25;2025-11-23;19;358
25;2025-11-23;20;254
25;2025-11-23;21;207
25;2025-11-23;22;123
25;2025-11-23;23;46
25;2025-11-24;0;7
25;2025-11-24;1;0
25;2025-11-24;2;0
25;2025-11-24;3;0
25;2025-11-24;4;1
25;2025-11-24;5;1
25;2025-11-24;6;154
25;2025-11-24;7;550
25;2025-11-24;8;960
25;2025-11-24;9;487
25;2025-11-24;10;339
25;2025-11-24;11;385
25;2025-11-24;12;414
25;2025-11-24;13;480
25;2025-11-24;14;453
25;2025-11-24;15;546
25;2025-11-24;16;674
25;2025-11-24;17;780
25;2025-11-24;18;868
25;2025-11-24;19;552
25;2025-11-24;20;343
25;2025-11-24;21;202
25;2025-11-24;22;93
25;2025-11-24;23;4
25;2025-11-25;0;1
25;2025-11-25;1;0
25;2025-11-25;2;0
25;2025-11-25;3;0
25;2025-11-25;4;0
25;2025-11-25;5;1
25;2025-11-25;6;145
25;2025-11-25;7;541
25;2025-11-25;8;947
25;2025-11-25;9;478
25;2025-11-25;10;346
25;2025-11-25;11;390
25;2025-11-25;12;406
25;2025-11-25;13;465
25;2025-11-25;14;455
25;2025-11-25;15;537
25;2025-11-25;16;659
25;2025-11-25;17;747
25;2025-11-25;18;842
25;2025-11-25;19;540
25;2025-11-25;20;336
25;2025-11-25;21;196
25;2025-11-25;22;92
25;2025-11-25;23;2
25;2025-11-26;0;0
25;2025-11-26;1;0
25;2025-11-26;2;0
25;2025-11-26;3;0
25;2025-11-26;4;0
25;2025-11-26;5;3
25;2025-11-26;6;151
25;2025-11-26;7;563
25;2025-11-26;8;1007
25;2025-11-26;9;502
25;2025-11-26;10;365
25;2025-11-26;11;412
25;2025-11-26;12;437
25;2025-11-26;13;502
25;2025-11-26;14;481
25;2025-11-26;15;566
25;2025-11-26;16;694
25;2025-11-26;17;790
25;2025-11-26;18;890
25;2025-11-26;19;564
25;2025-11-26;20;358
25;2025-11-26;21;213
25;2025-11-26;22;104
25;2025-11-26;23;5
25;2025-11-27;0;0
25;2025-11-27;1;0
25;2025-11-27;2;0
25;2025-11-27;3;0
25;2025-11-27;4;0
25;2025-11-27;5;4
25;2025-11-27;6;152
25;2025-11-27;7;561
25;2025-11-27;8;993
25;2025-11-27;9;508
25;2025-11-27;10;374
25;2025-11-27;11;416
25;2025-11-27;12;443
25;2025-11-27;13;500
25;2025-11-27;14;495
25;2025-11-27;15;577
25;2025-11-27;16;698
25;2025-11-27;17;791
25;2025-11-27;18;867
25;2025-11-27;19;557
25;2025-11-27;20;353
25;2025-11-27;21;212
25;2025-11-27;22;106
25;2025-11-27;23;8
25;2025-11-28;0;1
25;2025-11-28;1;0
25;2025-11-28;2;0
25;2025-11-28;3;0
25;2025-11-28;4;0
25;2025-11-28;5;6
25;2025-11-28;6;161
25;2025-11-28;7;538
25;2025-11-28;8;948
25;2025-11-28;9;476
25;2025-11-28;10;372
25;2025-11-28;11;425
25;2025-11-28;12;452
25;2025-11-28;13;522
25;2025-11-28;14;531
25;2025-11-28;15;627
25;2025-11-28;16;757
25;2025-11-28;17;795
25;2025-11-28;18;729
25;2025-11-28;19;516
25;2025-11-28;20;337
25;2025-11-28;21;215
25;2025-11-28;22;114
25;2025-11-28;23;15
25;2025-11-29;0;4
25;2025-11-29;1;0
25;2025-11-29;2;0
25;2025-11-29;3;0
25;2025-11-29;4;0
25;2025-11-29;5;12
25;2025-11-29;6;79
25;2025-11-29;7;161
25;2025-11-29;8;318
25;2025-11-29;9;316
25;2025-11-29;10;334
25;2025-11-29;11;414
25;2025-11-29;12;466
25;2025-11-29;13;567
25;2025-11-29;14;597
25;2025-11-29;15;650
25;2025-11-29;16;615
25;2025-11-29;17;552
25;2025-11-29;18;521
25;2025-11-29;19;428
25;2025-11-29;20;297
25;2025-11-29;21;228
25;2025-11-29;22;145
25;2025-11-29;23;57
25;2025-11-30;0;15
25;2025-11-30;1;1
25;2025-11-30;2;0
25;2025-11-30;3;0
25;2025-11-30;4;1
25;2025-11-30;5;10
25;2025-11-30;6;55
25;2025-11-30;7;82
25;2025-11-30;8;184
25;2025-11-30;9;209
25;2025-11-30;10;230
25;2025-11-30;11;312
25;2025-11-30;12;377
25;2025-11-30;13;466
25;2025-11-30;14;508
25;2025-11-30;15;561
25;2025-11-30;16;510
25;2025-11-30;17;464
25;2025-11-30;18;431
25;2025-11-30;19;337
25;2025-11-30;20;241
25;2025-11-30;21;195
25;2025-11-30;22;115
25;2025-11-30;23;38
25;2025-12-01;0;6
25;2025-12-01;1;0
25;2025-12-01;2;0
25;2025-12-01;3;0
25;2025-12-01;4;0
25;2025-12-01;5;1
25;2025-12-01;6;149
25;2025-12-01;7;521
25;2025-12-01;8;893
25;2025-12-01;9;456
25;2025-12-01;10;304
25;2025-12-01;11;327
25;2025-12-01;12;350
25;2025-12-01;13;401
25;2025-12-01;14;377
25;2025-12-01;15;466
25;2025-12-01;16;589
25;2025-12-01;17;698
25;2025-12-01;18;793
25;2025-12-01;19;499
25;2025-12-01;20;307
25;2025-12-01;21;178
25;2025-12-01;22;85
25;2025-12-01;23;1
25;2025-12-02;0;0
25;2025-12-02;1;0
25;2025-12-02;2;0
25;2025-12-02;3;0
25;2025-12-02;4;0
25;2025-12-02;5;1
25;2025-12-02;6;147
25;2025-12-02;7;519
25;2025-12-02;8;889
25;2025-12-02;9;458
25;2025-12-02;10;323
25;2025-12-02;11;349
25;2025-12-02;12;359
25;2025-12-02;13;402
25;2025-12-02;14;393
25;2025-12-02;15;473
25;2025-12-02;16;589
25;2025-12-02;17;682
25;2025-12-02;18;781
25;2025-12-02;19;499
25;2025-12-02;20;312
25;2025-12-02;21;183
25;2025-12-02;22;93
25;2025-12-02;23;1
25;2025-12-03;0;0
25;2025-12-03;1;0
25;2025-12-03;2;0
25;2025-12-03;3;0
25;2025-12-03;4;0
25;2025-12-03;5;1
25;2025-12-03;6;153
25;2025-12-03;7;546
25;2025-12-03;8;962
25;2025-12-03;9;497
25;2025-12-03;10;357
25;2025-12-03;11;389
25;2025-12-03;12;411
25;2025-12-03;13;466
25;2025-12-03;14;443
25;2025-12-03;15;527
25;2025-12-03;16;648
25;2025-12-03;17;745
25;2025-12-03;18;844
25;2025-12-03;19;532
25;2025-12-03;20;338
25;2025-12-03;21;203
25;2025-12-03;22;108
25;2025-12-03;23;3
25;2025-12-04;0;0
25;2025-12-04;1;0
25;2025-12-04;2;0
25;2025-12-04;3;0
25;2025-12-04;4;0
25;2025-12-04;5;1
25;2025-12-04;6;153
25;2025-12-04;7;545
25;2025-12-04;8;948
25;2025-12-04;9;502
25;2025-12-04;10;365
25;2025-12-04;11;392
25;2025-12-04;12;416
25;2025-12-04;13;463
25;2025-12-04;14;455
25;2025-12-04;15;536
25;2025-12-04;16;653
25;2025-12-04;17;748
25;2025-12-04;18;822
25;2025-12-04;19;526
25;2025-12-04;20;334
25;2025-12-04;21;204
25;2025-12-04;22;110
25;2025-12-04;23;4
25;2025-12-05;0;0
25;2025-12-05;1;0
25;2025-12-05;2;0
25;2025-12-05;3;0
25;2025-12-05;4;0
25;2025-12-05;5;1
25;2025-12-05;6;156
25;2025-12-05;7;519
25;2025-12-05;8;903
25;2025-12-05;9;469
25;2025-12-05;10;361
25;2025-12-05;11;400
25;2025-12-05;12;424
25;2025-12-05;13;483
25;2025-12-05;14;490
25;2025-12-05;15;585
25;2025-12-05;16;703
25;2025-12-05;17;747
25;2025-12-05;18;685
25;2025-12-05;19;485
25;2025-12-05;20;319
25;2025-12-05;21;207
25;2025-12-05;22;118
25;2025-12-05;23;10
25;2025-12-06;0;4
25;2025-12-06;1;0
25;2025-12-06;2;0
25;2025-12-06;3;0
25;2025-12-06;4;0
25;2025-12-06;5;0
25;2025-12-06;6;59
25;2025-12-06;7;132
25;2025-12-06;8;282
25;2025-12-06;9;290
25;2025-12-06;10;305
25;2025-12-06;11;378
25;2025-12-06;12;431
25;2025-12-06;13;518
25;2025-12-06;14;537
25;2025-12-06;15;590
25;2025-12-06;16;549
25;2025-12-06;17;489
25;2025-12-06;18;456
25;2025-12-06;19;379
25;2025-12-06;20;268
25;2025-12-06;21;220
25;2025-12-06;22;139
25;2025-12-06;23;49
25;2025-12-07;0;14
25;2025-12-07;1;0
25;2025-12-07;2;0
25;2025-12-07;3;0
25;2025-12-07;4;0
25;2025-12-07;5;0
25;2025-12-07;6;40
25;2025-12-07;7;65
25;2025-12-07;8;159
25;2025-12-07;9;200
25;2025-12-07;10;221
25;2025-12-07;11;293
25;2025-12-07;12;359
25;2025-12-07;13;439
25;2025-12-07;14;469
25;2025-12-07;15;521
25;2025-12-07;16;463
25;2025-12-07;17;416
25;2025-12-07;18;380
25;2025-12-07;19;296
25;2025-12-07;20;213
25;2025-12-07;21;185
25;2025-12-07;22;108
25;2025-12-07;23;29
25;2025-12-08;0;6
25;2025-12-08;1;0
25;2025-12-08;2;0
25;2025-12-08;3;0
25;2025-12-08;4;0
25;2025-12-08;5;1
25;2025-12-08;6;150
25;2025-12-08;7;533
25;2025-12-08;8;915
25;2025-12-08;9;477
25;2025-12-08;10;325
25;2025-12-08;11;352
25;2025-12-08;12;378
25;2025-12-08;13;432
25;2025-12-08;14;405
25;2025-12-08;15;495
25;2025-12-08;16;617
25;2025-12-08;17;720
25;2025-12-08;18;803
25;2025-12-08;19;509
25;2025-12-08;20;313
25;2025-12-08;21;180
25;2025-12-08;22;87
25;2025-12-08;23;1
25;2025-12-09;0;1
25;2025-12-09;1;0
25;2025-12-09;2;0
25;2025-12-09;3;0
25;2025-12-09;4;0
25;2025-12-09;5;1
25;2025-12-09;6;150
25;2025-12-09;7;536
25;2025-12-09;8;917
25;2025-12-09;9;485
25;2025-12-09;10;350
25;2025-12-09;11;378
25;2025-12-09;12;390
25;2025-12-09;13;438
25;2025-12-09;14;427
25;2025-12-09;15;507
25;2025-12-09;16;622
25;2025-12-09;17;710
25;2025-12-09;18;802
25;2025-12-09;19;514
25;2025-12-09;20;323
25;2025-12-09;21;191
25;2025-12-09;22;98
25;2025-12-09;23;1
25;2025-12-10;0;0
25;2025-12-10;1;0
25;2025-12-10;2;0
25;2025-12-10;3;0
25;2025-12-10;4;0
25;2025-12-10;5;1
25;2025-12-10;6;157
25;2025-12-10;7;560
25;2025-12-10;8;975
25;2025-12-10;9;509
25;2025-12-10;10;369
25;2025-12-10;11;403
25;2025-12-10;12;424
25;2025-12-10;13;482
25;2025-12-10;14;457
25;2025-12-10;15;542
25;2025-12-10;16;663
25;2025-12-10;17;761
25;2025-12-10;18;852
25;2025-12-10;19;542
25;2025-12-10;20;347
25;2025-12-10;21;210
25;2025-12-10;22;112
25;2025-12-10;23;4
25;2025-12-11;0;0
25;2025-12-11;1;0
25;2025-12-11;2;0
25;2025-12-11;3;0
25;2025-12-11;4;0
25;2025-12-11;5;1
25;2025-12-11;6;155
25;2025-12-11;7;555
25;2025-12-11;8;959
25;2025-12-11;9;511
25;2025-12-11;10;375
25;2025-12-11;11;403
25;2025-12-11;12;427
25;2025-12-11;13;476
25;2025-12-11;14;467
25;2025-12-11;15;550
25;2025-12-11;16;666
25;2025-12-11;17;762
25;2025-12-11;18;830
25;2025-12-11;19;533
25;2025-12-11;20;340
25;2025-12-11;21;208
25;2025-12-11;22;112
25;2025-12-11;23;5
25;2025-12-12;0;0
25;2025-12-12;1;0
25;2025-12-12;2;0
25;2025-12-12;3;0
25;2025-12-12;4;0
25;2025-12-12;5;1
25;2025-12-12;6;157
25;2025-12-12;7;522
25;2025-12-12;8;907
25;2025-12-12;9;470
25;2025-12-12;10;363
25;2025-12-12;11;404
25;2025-12-12;12;427
25;2025-12-12;13;489
25;2025-12-12;14;497
25;2025-12-12;15;594
25;2025-12-12;16;714
25;2025-12-12;17;752
25;2025-12-12;18;684
25;2025-12-12;19;486
25;2025-12-12;20;319
25;2025-12-12;21;208
25;2025-12-12;22;117
25;2025-12-12;23;9
25;2025-12-13;0;4
25;2025-12-13;1;0
25;2025-12-13;2;0
25;2025-12-13;3;0
25;2025-12-13;4;0
25;2025-12-13;5;2
25;2025-12-13;6;61
25;2025-12-13;7;136
25;2025-12-13;8;287
25;2025-12-13;9;293
25;2025-12-13;10;310
25;2025-12-13;11;383
25;2025-12-13;12;435
25;2025-12-13;13;526
25;2025-12-13;14;545
25;2025-12-13;15;599
25;2025-12-13;16;556
25;2025-12-13;17;498
25;2025-12-13;18;464
25;2025-12-13;19;383
25;2025-12-13;20;271
25;2025-12-13;21;223
25;2025-12-13;22;140
25;2025-12-13;23;50
25;2025-12-14;0;15
25;2025-12-14;1;1
25;2025-12-14;2;0
25;2025-12-14;3;0
25;2025-12-14;4;0
25;2025-12-14;5;1
25;2025-12-14;6;42
25;2025-12-14;7;72
25;2025-12-14;8;168
25;2025-12-14;9;207
25;2025-12-14;10;228
25;2025-12-14;11;297
25;2025-12-14;12;363
25;2025-12-14;13;445
25;2025-12-14;14;476
25;2025-12-14;15;529
25;2025-12-14;16;472
25;2025-12-14;17;423
25;2025-12-14;18;393
25;2025-12-14;19;305
25;2025-12-14;20;220
25;2025-12-14;21;192
25;2025-12-14;22;111
25;2025-12-14;23;32
25;2025-12-15;0;7
25;2025-12-15;1;0
25;2025-12-15;2;0
25;2025-12-15;3;0
25;2025-12-15;4;0
25;2025-12-15;5;1
25;2025-12-15;6;150
25;2025-12-15;7;540
25;2025-12-15;8;929
25;2025-12-15;9;486
25;2025-12-15;10;330
25;2025-12-15;11;355
25;2025-12-15;12;379
25;2025-12-15;13;434
25;2025-12-15;14;408
25;2025-12-15;15;499
25;2025-12-15;16;623
25;2025-12-15;17;725
25;2025-12-15;18;816
25;2025-12-15;19;514
25;2025-12-15;20;317
25;2025-12-15;21;184
25;2025-12-15;22;89
25;2025-12-15;23;1
25;2025-12-16;0;1
25;2025-12-16;1;0
25;2025-12-16;2;0
25;2025-12-16;3;0
25;2025-12-16;4;0
25;2025-12-16;5;1
25;2025-12-16;6;151
25;2025-12-16;7;544
25;2025-12-16;8;932
25;2025-12-16;9;497
25;2025-12-16;10;358
25;2025-12-16;11;386
25;2025-12-16;12;397
25;2025-12-16;13;444
25;2025-12-16;14;435
25;2025-12-16;15;515
25;2025-12-16;16;630
25;2025-12-16;17;718
25;2025-12-16;18;810
25;2025-12-16;19;517
25;2025-12-16;20;325
25;2025-12-16;21;192
25;2025-12-16;22;99
25;2025-12-16;23;4
25;2025-12-17;0;0
25;2025-12-17;1;0
25;2025-12-17;2;0
25;2025-12-17;3;0
25;2025-12-17;4;0
25;2025-12-17;5;1
25;2025-12-17;6;156
25;2025-12-17;7;559
25;2025-12-17;8;982
25;2025-12-17;9;514
25;2025-12-17;10;370
25;2025-12-17;11;403
25;2025-12-17;12;423
25;2025-12-17;13;481
25;2025-12-17;14;457
25;2025-12-17;15;543
25;2025-12-17;16;661
25;2025-12-17;17;758
25;2025-12-17;18;851
25;2025-12-17;19;540
25;2025-12-17;20;344
25;2025-12-17;21;207
25;2025-12-17;22;110
25;2025-12-17;23;5
25;2025-12-18;0;0
25;2025-12-18;1;0
25;2025-12-18;2;0
25;2025-12-18;3;0
25;2025-12-18;4;0
25;2025-12-18;5;1
25;2025-12-18;6;156
25;2025-12-18;7;553
25;2025-12-18;8;964
25;2025-12-18;9;515
25;2025-12-18;10;375
25;2025-12-18;11;403
25;2025-12-18;12;426
25;2025-12-18;13;475
25;2025-12-18;14;465
25;2025-12-18;15;545
25;2025-12-18;16;661
25;2025-12-18;17;759
25;2025-12-18;18;831
25;2025-12-18;19;531
25;2025-12-18;20;337
25;2025-12-18;21;206
25;2025-12-18;22;111
25;2025-12-18;23;5
25;2025-12-19;0;0
25;2025-12-19;1;0
25;2025-12-19;2;0
25;2025-12-19;3;0
25;2025-12-19;4;0
25;2025-12-19;5;1
25;2025-12-19;6;159
25;2025-12-19;7;525
25;2025-12-19;8;913
25;2025-12-19;9;476
25;2025-12-19;10;368
25;2025-12-19;11;411
25;2025-12-19;12;433
25;2025-12-19;13;494
25;2025-12-19;14;501
25;2025-12-19;15;598
25;2025-12-19;16;719
25;2025-12-19;17;756
25;2025-12-19;18;689
25;2025-12-19;19;489
25;2025-12-19;20;321
25;2025-12-19;21;209
25;2025-12-19;22;119
25;2025-12-19;23;11
25;2025-12-20;0;4
25;2025-12-20;1;0
25;2025-12-20;2;0
25;2025-12-20;3;0
25;2025-12-20;4;0
25;2025-12-20;5;1
25;2025-12-20;6;61
25;2025-12-20;7;140
25;2025-12-20;8;295
25;2025-12-20;9;301
25;2025-12-20;10;319
25;2025-12-20;11;393
25;2025-12-20;12;444
25;2025-12-20;13;535
25;2025-12-20;14;553
25;2025-12-20;15;605
25;2025-12-20;16;562
25;2025-12-20;17;505
25;2025-12-20;18;474
25;2025-12-20;19;388
25;2025-12-20;20;277
25;2025-12-20;21;227
25;2025-12-20;22;145
25;2025-12-20;23;54
25;2025-12-21;0;15
25;2025-12-21;1;0
25;2025-12-21;2;0
25;2025-12-21;3;0
25;2025-12-21;4;0
25;2025-12-21;5;0
25;2025-12-21;6;40
25;2025-12-21;7;68
25;2025-12-21;8;164
25;2025-12-21;9;205
25;2025-12-21;10;229
25;2025-12-21;11;298
25;2025-12-21;12;364
25;2025-12-21;13;445
25;2025-12-21;14;478
25;2025-12-21;15;530
25;2025-12-21;16;472
25;2025-12-21;17;425
25;2025-12-21;18;390
25;2025-12-21;19;301
25;2025-12-21;20;218
25;2025-12-21;21;190
25;2025-12-21;22;114
25;2025-12-21;23;33
25;2025-12-22;0;7
25;2025-12-22;1;0
25;2025-12-22;2;0
25;2025-12-22;3;0
25;2025-12-22;4;0
25;2025-12-22;5;1
25;2025-12-22;6;149
25;2025-12-22;7;535
25;2025-12-22;8;919
25;2025-12-22;9;479
25;2025-12-22;10;329
25;2025-12-22;11;358
25;2025-12-22;12;384
25;2025-12-22;13;438
25;2025-12-22;14;412
25;2025-12-22;15;502
25;2025-12-22;16;626
25;2025-12-22;17;729
25;2025-12-22;18;818
25;2025-12-22;19;515
25;2025-12-22;20;318
25;2025-12-22;21;188
25;2025-12-22;22;94
25;2025-12-22;23;1
25;2025-12-23;0;1
25;2025-12-23;1;0
25;2025-12-23;2;0
25;2025-12-23;3;0
25;2025-12-23;4;0
25;2025-12-23;5;1
25;2025-12-23;6;149
25;2025-12-23;7;534
25;2025-12-23;8;917
25;2025-12-23;9;485
25;2025-12-23;10;352
25;2025-12-23;11;383
25;2025-12-23;12;395
25;2025-12-23;13;443
25;2025-12-23;14;433
25;2025-12-23;15;513
25;2025-12-23;16;628
25;2025-12-23;17;717
25;2025-12-23;18;813
25;2025-12-23;19;519
25;2025-12-23;20;327
25;2025-12-23;21;196
25;2025-12-23;22;103
25;2025-12-23;23;5
25;2025-12-24;0;0
25;2025-12-24;1;0
25;2025-12-24;2;0
25;2025-12-24;3;0
25;2025-12-24;4;0
25;2025-12-24;5;1
25;2025-12-24;6;153
25;2025-12-24;7;553
25;2025-12-24;8;977
25;2025-12-24;9;513
25;2025-12-24;10;374
25;2025-12-24;11;409
25;2025-12-24;12;430
25;2025-12-24;13;487
25;2025-12-24;14;461
25;2025-12-24;15;545
25;2025-12-24;16;666
25;2025-12-24;17;765
25;2025-12-24;18;861
25;2025-12-24;19;543
25;2025-12-24;20;348
25;2025-12-24;21;212
25;2025-12-24;22;114
25;2025-12-24;23;6
25;2025-12-25;0;0
25;2025-12-25;1;0
25;2025-12-25;2;0
25;2025-12-25;3;0
25;2025-12-25;4;0
25;2025-12-25;5;9
25;2025-12-25;6;159
25;2025-12-25;7;535
25;2025-12-25;8;945
25;2025-12-25;9;526
25;2025-12-25;10;412
25;2025-12-25;11;442
25;2025-12-25;12;467
25;2025-12-25;13;511
25;2025-12-25;14;501
25;2025-12-25;15;580
25;2025-12-25;16;677
25;2025-12-25;17;769
25;2025-12-25;18;833
25;2025-12-25;19;545
25;2025-12-25;20;347
25;2025-12-25;21;217
25;2025-12-25;22;118
25;2025-12-25;23;7
25;2025-12-26;0;0
25;2025-12-26;1;0
25;2025-12-26;2;0
25;2025-12-26;3;0
25;2025-12-26;4;0
25;2025-12-26;5;12
25;2025-12-26;6;161
25;2025-12-26;7;513
25;2025-12-26;8;919
25;2025-12-26;9;502
25;2025-12-26;10;405
25;2025-12-26;11;444
25;2025-12-26;12;466
25;2025-12-26;13;520
25;2025-12-26;14;526
25;2025-12-26;15;618
25;2025-12-26;16;728
25;2025-12-26;17;766
25;2025-12-26;18;702
25;2025-12-26;19;497
25;2025-12-26;20;328
25;2025-12-26;21;217
25;2025-12-26;22;125
25;2025-12-26;23;13
25;2025-12-27;0;4
25;2025-12-27;1;0
25;2025-12-27;2;0
25;2025-12-27;3;0
25;2025-12-27;4;1
25;2025-12-27;5;16
25;2025-12-27;6;73
25;2025-12-27;7;161
25;2025-12-27;8;315
25;2025-12-27;9;327
25;2025-12-27;10;338
25;2025-12-27;11;406
25;2025-12-27;12;456
25;2025-12-27;13;537
25;2025-12-27;14;561
25;2025-12-27;15;612
25;2025-12-27;16;564
25;2025-12-27;17;499
25;2025-12-27;18;473
25;2025-12-27;19;389
25;2025-12-27;20;281
25;2025-12-27;21;233
25;2025-12-27;22;149
25;2025-12-27;23;61
25;2025-12-28;0;15
25;2025-12-28;1;0
25;2025-12-28;2;0
25;2025-12-28;3;0
25;2025-12-28;4;1
25;2025-12-28;5;12
25;2025-12-28;6;52
25;2025-12-28;7;80
25;2025-12-28;8;186
25;2025-12-28;9;225
25;2025-12-28;10;240
25;2025-12-28;11;306
25;2025-12-28;12;366
25;2025-12-28;13;438
25;2025-12-28;14;472
25;2025-12-28;15;522
25;2025-12-28;16;460
25;2025-12-28;17;407
25;2025-12-28;18;377
25;2025-12-28;19;297
25;2025-12-28;20;223
25;2025-12-28;21;199
25;2025-12-28;22;120
25;2025-12-28;23;43
25;2025-12-29;0;5
25;2025-12-29;1;0
25;2025-12-29;2;0
25;2025-12-29;3;0
25;2025-12-29;4;1
25;2025-12-29;5;6
25;2025-12-29;6;155
25;2025-12-29;7;511
25;2025-12-29;8;931
25;2025-12-29;9;504
25;2025-12-29;10;365
25;2025-12-29;11;394
25;2025-12-29;12;423
25;2025-12-29;13;465
25;2025-12-29;14;433
25;2025-12-29;15;520
25;2025-12-29;16;632
25;2025-12-29;17;722
25;2025-12-29;18;798
25;2025-12-29;19;508
25;2025-12-29;20;314
25;2025-12-29;21;186
25;2025-12-29;22;90
25;2025-12-29;23;4
25;2025-12-30;0;0
25;2025-12-30;1;0
25;2025-12-30;2;0
25;2025-12-30;3;0
25;2025-12-30;4;0
25;2025-12-30;5;8
25;2025-12-30;6;152
25;2025-12-30;7;498
25;2025-12-30;8;915
25;2025-12-30;9;508
25;2025-12-30;10;380
25;2025-12-30;11;414
25;2025-12-30;12;430
25;2025-12-30;13;470
25;2025-12-30;14;455
25;2025-12-30;15;533
25;2025-12-30;16;632
25;2025-12-30;17;694
25;2025-12-30;18;754
25;2025-12-30;19;510
25;2025-12-30;20;325
25;2025-12-30;21;201
25;2025-12-30;22;106
25;2025-12-30;23;9
25;2025-12-31;0;0
25;2025-12-31;1;0
25;2025-12-31;2;0
25;2025-12-31;3;0
25;2025-12-31;4;0
25;2025-12-31;5;1
25;2025-12-31;6;14
25;2025-12-31;7;31
25;2025-12-31;8;74
25;2025-12-31;9;48
25;2025-12-31;10;42
25;2025-12-31;11;122
25;2025-12-31;12;162
25;2025-12-31;13;235
25;2025-12-31;14;233
25;2025-12-31;15;264
25;2025-12-31;16;270
25;2025-12-31;17;224
25;2025-12-31;18;205
25;2025-12-31;19;171
25;2025-12-31;20;127
25;2025-12-31;21;121
25;2025-12-31;22;56
25;2025-12-31;23;16
26;2025-11-01;0;63
26;2025-11-01;1;18
26;2025-11-01;2;12
26;2025-11-01;3;13
26;2025-11-01;4;18
26;2025-11-01;5;134
26;2025-11-01;6;519
26;2025-11-01;7;992
26;2025-11-01;8;1611
26;2025-11-01;9;1291
26;2025-11-01;10;1167
26;2025-11-01;11;1146
26;2025-11-01;12;1159
26;2025-11-01;13;1211
26;2025-11-01;14;1220
26;2025-11-01;15;1314
26;2025-11-01;16;1438
26;2025-11-01;17;1515
26;2025-11-01;18;1514
26;2025-11-01;19;1114
26;2025-11-01;20;789
26;2025-11-01;21;556
26;2025-11-01;22;316
26;2025-11-01;23;205
26;2025-11-02;0;48
26;2025-11-02;1;5
26;2025-11-02;2;0
26;2025-11-02;3;2
26;2025-11-02;4;7
26;2025-11-02;5;22
26;2025-11-02;6;118
26;2025-11-02;7;178
26;2025-11-02;8;307
26;2025-11-02;9;412
26;2025-11-02;10;493
26;2025-11-02;11;610
26;2025-11-02;12;673
26;2025-11-02;13;729
26;2025-11-02;14;733
26;2025-11-02;15;699
26;2025-11-02;16;671
26;2025-11-02;17;627
26;2025-11-02;18;565
26;2025-11-02;19;480
26;2025-11-02;20;367
26;2025-11-02;21;274
26;2025-11-02;22;158
26;2025-11-02;23;104
26;2025-11-03;0;43
26;2025-11-03;1;5
26;2025-11-03;2;2
26;2025-11-03;3;1
26;2025-11-03;4;2
26;2025-11-03;5;18
26;2025-11-03;6;158
26;2025-11-03;7;314
26;2025-11-03;8;479
26;2025-11-03;9;501
26;2025-11-03;10;541
26;2025-11-03;11;618
26;2025-11-03;12;679
26;2025-11-03;13;731
26;2025-11-03;14;742
26;2025-11-03;15;743
26;2025-11-03;16;756
26;2025-11-03;17;786
26;2025-11-03;18;790
26;2025-11-03;19;654
26;2025-11-03;20;433
26;2025-11-03;21;303
26;2025-11-03;22;145
26;2025-11-03;23;106
26;2025-11-04;0;43
26;2025-11-04;1;6
26;2025-11-04;2;1
26;2025-11-04;3;1
26;2025-11-04;4;2
26;2025-11-04;5;7
26;2025-11-04;6;108
26;2025-11-04;7;234
26;2025-11-04;8;403
26;2025-11-04;9;433
26;2025-11-04;10;452
26;2025-11-04;11;557
26;2025-11-04;12;611
26;2025-11-04;13;670
26;2025-11-04;14;680
26;2025-11-04;15;675
26;2025-11-04;16;679
26;2025-11-04;17;675
26;2025-11-04;18;682
26;2025-11-04;19;576
26;2025-11-04;20;404
26;2025-11-04;21;280
26;2025-11-04;22;119
26;2025-11-04;23;106
26;2025-11-05;0;33
26;2025-11-05;1;1
26;2025-11-05;2;0
26;2025-11-05;3;0
26;2025-11-05;4;1
26;2025-11-05;5;79
26;2025-11-05;6;459
26;2025-11-05;7;1137
26;2025-11-05;8;2120
26;2025-11-05;9;1420
26;2025-11-05;10;1117
26;2025-11-05;11;1042
26;2025-11-05;12;1070
26;2025-11-05;13;1100
26;2025-11-05;14;1134
26;2025-11-05;15;1245
26;2025-11-05;16;1415
26;2025-11-05;17;1663
26;2025-11-05;18;1791
26;2025-11-05;19;1237
26;2025-11-05;20;740
26;2025-11-05;21;448
26;2025-11-05;22;195
26;2025-11-05;23;111
26;2025-11-06;0;35
26;2025-11-06;1;1
26;2025-11-06;2;0
26;2025-11-06;3;1
26;2025-11-06;4;0
26;2025-11-06;5;82
26;2025-11-06;6;436
26;2025-11-06;7;1094
26;2025-11-06;8;2054
26;2025-11-06;9;1379
26;2025-11-06;10;1075
26;2025-11-06;11;1018
26;2025-11-06;12;1039
26;2025-11-06;13;1068
26;2025-11-06;14;1098
26;2025-11-06;15;1230
26;2025-11-06;16;1394
26;2025-11-06;17;1631
26;2025-11-06;18;1760
26;2025-11-06;19;1201
26;2025-11-06;20;722
26;2025-11-06;21;433
26;2025-11-06;22;202
26;2025-11-06;23;113
26;2025-11-07;0;36
26;2025-11-07;1;2
26;2025-11-07;2;0
26;2025-11-07;3;1
26;2025-11-07;4;0
26;2025-11-07;5;81
26;2025-11-07;6;477
26;2025-11-07;7;1131
26;2025-11-07;8;2046
26;2025-11-07;9;1396
26;2025-11-07;10;1142
26;2025-11-07;11;1086
26;2025-11-07;12;1125
26;2025-11-07;13;1162
26;2025-11-07;14;1200
26;2025-11-07;15;1352
26;2025-11-07;16;1535
26;2025-11-07;17;1664
26;2025-11-07;18;1550
26;2025-11-07;19;1133
26;2025-11-07;20;714
26;2025-11-07;21;453
26;2025-11-07;22;204
26;2025-11-07;23;130
26;2025-11-08;0;49
26;2025-11-08;1;3
26;2025-11-08;2;0
26;2025-11-08;3;0
26;2025-11-08;4;0
26;2025-11-08;5;46
26;2025-11-08;6;241
26;2025-11-08;7;364
26;2025-11-08;8;534
26;2025-11-08;9;656
26;2025-11-08;10;750
26;2025-11-08;11;866
26;2025-11-08;12;930
26;2025-11-08;13;976
26;2025-11-08;14;975
26;2025-11-08;15;954
26;2025-11-08;16;928
26;2025-11-08;17;899
26;2025-11-08;18;836
26;2025-11-08;19;725
26;2025-11-08;20;518
26;2025-11-08;21;375
26;2025-11-08;22;206
26;2025-11-08;23;139
26;2025-11-09;0;49
26;2025-11-09;1;5
26;2025-11-09;2;0
26;2025-11-09;3;0
26;2025-11-09;4;0
26;2025-11-09;5;21
26;2025-11-09;6;136
26;2025-11-09;7;220
26;2025-11-09;8;351
26;2025-11-09;9;469
26;2025-11-09;10;564
26;2025-11-09;11;696
26;2025-11-09;12;770
26;2025-11-09;13;823
26;2025-11-09;14;818
26;2025-11-09;15;786
26;2025-11-09;16;759
26;2025-11-09;17;728
26;2025-11-09;18;663
26;2025-11-09;19;539
26;2025-11-09;20;401
26;2025-11-09;21;288
26;2025-11-09;22;156
26;2025-11-09;23;94
26;2025-11-10;0;33
26;2025-11-10;1;2
26;2025-11-10;2;0
26;2025-11-10;3;0
26;2025-11-10;4;0
26;2025-11-10;5;80
26;2025-11-10;6;477
26;2025-11-10;7;1177
26;2025-11-10;8;2101
26;2025-11-10;9;1429
26;2025-11-10;10;1122
26;2025-11-10;11;1048
26;2025-11-10;12;1073
26;2025-11-10;13;1111
26;2025-11-10;14;1123
26;2025-11-10;15;1255
26;2025-11-10;16;1424
26;2025-11-10;17;1693
26;2025-11-10;18;1833
26;2025-11-10;19;1257
26;2025-11-10;20;763
26;2025-11-10;21;443
26;2025-11-10;22;184
26;2025-11-10;23;92
26;2025-11-11;0;33
26;2025-11-11;1;1
26;2025-11-11;2;0
26;2025-11-11;3;0
26;2025-11-11;4;1
26;2025-11-11;5;85
26;2025-11-11;6;506
26;2025-11-11;7;1234
26;2025-11-11;8;2198
26;2025-11-11;9;1496
26;2025-11-11;10;1190
26;2025-11-11;11;1118
26;2025-11-11;12;1146
26;2025-11-11;13;1169
26;2025-11-11;14;1194
26;2025-11-11;15;1321
26;2025-11-11;16;1510
26;2025-11-11;17;1771
26;2025-11-11;18;1908
26;2025-11-11;19;1307
26;2025-11-11;20;808
26;2025-11-11;21;481
26;2025-11-11;22;212
26;2025-11-11;23;114
26;2025-11-12;0;34
26;2025-11-12;1;1
26;2025-11-12;2;0
26;2025-11-12;3;0
26;2025-11-12;4;1
26;2025-11-12;5;87
26;2025-11-12;6;502
26;2025-11-12;7;1241
26;2025-11-12;8;2227
26;2025-11-12;9;1514
26;2025-11-12;10;1207
26;2025-11-12;11;1134
26;2025-11-12;12;1161
26;2025-11-12;13;1195
26;2025-11-12;14;1233
26;2025-11-12;15;1345
26;2025-11-12;16;1517
26;2025-11-12;17;1768
26;2025-11-12;18;1912
26;2025-11-12;19;1312
26;2025-11-12;20;810
26;2025-11-12;21;498
26;2025-11-12;22;223
26;2025-11-12;23;125
26;2025-11-13;0;35
26;2025-11-13;1;2
26;2025-11-13;2;0
26;2025-11-13;3;0
26;2025-11-13;4;1
26;2025-11-13;5;86
26;2025-11-13;6;486
26;2025-11-13;7;1198
26;2025-11-13;8;2168
26;2025-11-13;9;1482
26;2025-11-13;10;1177
26;2025-11-13;11;1117
26;2025-11-13;12;1139
26;2025-11-13;13;1170
26;2025-11-13;14;1199
26;2025-11-13;15;1333
26;2025-11-13;16;1495
26;2025-11-13;17;1739
26;2025-11-13;18;1869
26;2025-11-13;19;1282
26;2025-11-13;20;795
26;2025-11-13;21;486
26;2025-11-13;22;222
26;2025-11-13;23;128
26;2025-11-14;0;37
26;2025-11-14;1;2
26;2025-11-14;2;0
26;2025-11-14;3;0
26;2025-11-14;4;0
26;2025-11-14;5;80
26;2025-11-14;6;488
26;2025-11-14;7;1168
26;2025-11-14;8;2089
26;2025-11-14;9;1427
26;2025-11-14;10;1172
26;2025-11-14;11;1111
26;2025-11-14;12;1150
26;2025-11-14;13;1188
26;2025-11-14;14;1226
26;2025-11-14;15;1379
26;2025-11-14;16;1564
26;2025-11-14;17;1698
26;2025-11-14;18;1583
26;2025-11-14;19;1155
26;2025-11-14;20;733
26;2025-11-14;21;465
26;2025-11-14;22;218
26;2025-11-14;23;143
26;2025-11-15;0;51
26;2025-11-15;1;3
26;2025-11-15;2;0
26;2025-11-15;3;0
26;2025-11-15;4;3
26;2025-11-15;5;54
26;2025-11-15;6;258
26;2025-11-15;7;390
26;2025-11-15;8;581
26;2025-11-15;9;708
26;2025-11-15;10;800
26;2025-11-15;11;916
26;2025-11-15;12;974
26;2025-11-15;13;1022
26;2025-11-15;14;1022
26;2025-11-15;15;1000
26;2025-11-15;16;968
26;2025-11-15;17;943
26;2025-11-15;18;881
26;2025-11-15;19;759
26;2025-11-15;20;544
26;2025-11-15;21;397
26;2025-11-15;22;228
26;2025-11-15;23;152
26;2025-11-16;0;50
26;2025-11-16;1;5
26;2025-11-16;2;0
26;2025-11-16;3;0
26;2025-11-16;4;2
26;2025-11-16;5;26
26;2025-11-16;6;148
26;2025-11-16;7;235
26;2025-11-16;8;385
26;2025-11-16;9;506
26;2025-11-16;10;600
26;2025-11-16;11;726
26;2025-11-16;12;795
26;2025-11-16;13;849
26;2025-11-16;14;846
26;2025-11-16;15;813
26;2025-11-16;16;785
26;2025-11-16;17;758
26;2025-11-16;18;691
26;2025-11-16;19;561
26;2025-11-16;20;419
26;2025-11-16;21;302
26;2025-11-16;22;170
26;2025-11-16;23;101
26;2025-11-17;0;33
26;2025-11-17;1;2
26;2025-11-17;2;0
26;2025-11-17;3;0
26;2025-11-17;4;0
26;2025-11-17;5;76
26;2025-11-17;6;486
26;2025-11-17;7;1185
26;2025-11-17;8;2123
26;2025-11-17;9;1448
26;2025-11-17;10;1139
26;2025-11-17;11;1065
26;2025-11-17;12;1085
26;2025-11-17;13;1125
26;2025-11-17;14;1141
26;2025-11-17;15;1272
26;2025-11-17;16;1442
26;2025-11-17;17;1711
26;2025-11-17;18;1856
26;2025-11-17;19;1272
26;2025-11-17;20;778
26;2025-11-17;21;457
26;2025-11-17;22;198
26;2025-11-17;23;102
26;2025-11-18;0;32
26;2025-11-18;1;1
26;2025-11-18;2;0
26;2025-11-18;3;0
26;2025-11-18;4;1
26;2025-11-18;5;83
26;2025-11-18;6;503
26;2025-11-18;7;1229
26;2025-11-18;8;2201
26;2025-11-18;9;1498
26;2025-11-18;10;1188
26;2025-11-18;11;1115
26;2025-11-18;12;1142
26;2025-11-18;13;1165
26;2025-11-18;14;1190
26;2025-11-18;15;1317
26;2025-11-18;16;1506
26;2025-11-18;17;1768
26;2025-11-18;18;1909
26;2025-11-18;19;1305
26;2025-11-18;20;807
26;2025-11-18;21;481
26;2025-11-18;22;213
26;2025-11-18;23;115
26;2025-11-19;0;34
26;2025-11-19;1;1
26;2025-11-19;2;0
26;2025-11-19;3;0
26;2025-11-19;4;1
26;2025-11-19;5;85
26;2025-11-19;6;499
26;2025-11-19;7;1235
26;2025-11-19;8;2224
26;2025-11-19;9;1512
26;2025-11-19;10;1203
26;2025-11-19;11;1131
26;2025-11-19;12;1158
26;2025-11-19;13;1191
26;2025-11-19;14;1228
26;2025-11-19;15;1340
26;2025-11-19;16;1513
26;2025-11-19;17;1765
26;2025-11-19;18;1915
26;2025-11-19;19;1310
26;2025-11-19;20;809
26;2025-11-19;21;498
26;2025-11-19;22;224
26;2025-11-19;23;125
26;2025-11-20;0;34
26;2025-11-20;1;2
26;2025-11-20;2;0
26;2025-11-20;3;0
26;2025-11-20;4;1
26;2025-11-20;5;84
26;2025-11-20;6;483
26;2025-11-20;7;1192
26;2025-11-20;8;2167
26;2025-11-20;9;1481
26;2025-11-20;10;1175
26;2025-11-20;11;1118
26;2025-11-20;12;1138
26;2025-11-20;13;1168
26;2025-11-20;14;1196
26;2025-11-20;15;1329
26;2025-11-20;16;1492
26;2025-11-20;17;1736
26;2025-11-20;18;1870
26;2025-11-20;19;1280
26;2025-11-20;20;794
26;2025-11-20;21;486
26;2025-11-20;22;223
26;2025-11-20;23;128
26;2025-11-21;0;37
26;2025-11-21;1;2
26;2025-11-21;2;0
26;2025-11-21;3;0
26;2025-11-21;4;0
26;2025-11-21;5;79
26;2025-11-21;6;487
26;2025-11-21;7;1163
26;2025-11-21;8;2086
26;2025-11-21;9;1424
26;2025-11-21;10;1170
26;2025-11-21;11;1113
26;2025-11-21;12;1150
26;2025-11-21;13;1187
26;2025-11-21;14;1227
26;2025-11-21;15;1381
26;2025-11-21;16;1568
26;2025-11-21;17;1700
26;2025-11-21;18;1588
26;2025-11-21;19;1160
26;2025-11-21;20;734
26;2025-11-21;21;467
26;2025-11-21;22;219
26;2025-11-21;23;142
26;2025-11-22;0;52
26;2025-11-22;1;3
26;2025-11-22;2;0
26;2025-11-22;3;0
26;2025-11-22;4;3
26;2025-11-22;5;55
26;2025-11-22;6;254
26;2025-11-22;7;396
26;2025-11-22;8;582
26;2025-11-22;9;708
26;2025-11-22;10;800
26;2025-11-22;11;919
26;2025-11-22;12;979
26;2025-11-22;13;1027
26;2025-11-22;14;1023
26;2025-11-22;15;1000
26;2025-11-22;16;970
26;2025-11-22;17;947
26;2025-11-22;18;889
26;2025-11-22;19;762
26;2025-11-22;20;545
26;2025-11-22;21;398
26;2025-11-22;22;228
26;2025-11-22;23;154
26;2025-11-23;0;52
26;2025-11-23;1;5
26;2025-11-23;2;0
26;2025-11-23;3;0
26;2025-11-23;4;2
26;2025-11-23;5;28
26;2025-11-23;6;145
26;2025-11-23;7;229
26;2025-11-23;8;379
26;2025-11-23;9;498
26;2025-11-23;10;591
26;2025-11-23;11;726
26;2025-11-23;12;795
26;2025-11-23;13;851
26;2025-11-23;14;843
26;2025-11-23;15;812
26;2025-11-23;16;783
26;2025-11-23;17;760
26;2025-11-23;18;696
26;2025-11-23;19;566
26;2025-11-23;20;422
26;2025-11-23;21;307
26;2025-11-23;22;173
26;2025-11-23;23;105
26;2025-11-24;0;34
26;2025-11-24;1;2
26;2025-11-24;2;0
26;2025-11-24;3;0
26;2025-11-24;4;0
26;2025-11-24;5;75
26;2025-11-24;6;477
26;2025-11-24;7;1178
26;2025-11-24;8;2111
26;2025-11-24;9;1441
26;2025-11-24;10;1134
26;2025-11-24;11;1064
26;2025-11-24;12;1085
26;2025-11-24;13;1127
26;2025-11-24;14;1137
26;2025-11-24;15;1268
26;2025-11-24;16;1439
26;2025-11-24;17;1708
26;2025-11-24;18;1856
26;2025-11-24;19;1267
26;2025-11-24;20;773
26;2025-11-24;21;452
26;2025-11-24;22;192
26;2025-11-24;23;97
26;2025-11-25;0;33
26;2025-11-25;1;1
26;2025-11-25;2;0
26;2025-11-25;3;0
26;2025-11-25;4;1
26;2025-11-25;5;80
26;2025-11-25;6;499
26;2025-11-25;7;1215
26;2025-11-25;8;2184
26;2025-11-25;9;1483
26;2025-11-25;10;1178
26;2025-11-25;11;1105
26;2025-11-25;12;1132
26;2025-11-25;13;1157
26;2025-11-25;14;1182
26;2025-11-25;15;1307
26;2025-11-25;16;1497
26;2025-11-25;17;1760
26;2025-11-25;18;1905
26;2025-11-25;19;1301
26;2025-11-25;20;803
26;2025-11-25;21;477
26;2025-11-25;22;209
26;2025-11-25;23;112
26;2025-11-26;0;34
26;2025-11-26;1;1
26;2025-11-26;2;0
26;2025-11-26;3;0
26;2025-11-26;4;1
26;2025-11-26;5;87
26;2025-11-26;6;500
26;2025-11-26;7;1226
26;2025-11-26;8;2214
26;2025-11-26;9;1504
26;2025-11-26;10;1198
26;2025-11-26;11;1125
26;2025-11-26;12;1150
26;2025-11-26;13;1182
26;2025-11-26;14;1219
26;2025-11-26;15;1329
26;2025-11-26;16;1503
26;2025-11-26;17;1755
26;2025-11-26;18;1913
26;2025-11-26;19;1309
26;2025-11-26;20;809
26;2025-11-26;21;498
26;2025-11-26;22;224
26;2025-11-26;23;127
26;2025-11-27;0;35
26;2025-11-27;1;2
26;2025-11-27;2;0
26;2025-11-27;3;1
26;2025-11-27;4;2
26;2025-11-27;5;86
26;2025-11-27;6;484
26;2025-11-27;7;1184
26;2025-11-27;8;2156
26;2025-11-27;9;1474
26;2025-11-27;10;1171
26;2025-11-27;11;1112
26;2025-11-27;12;1131
26;2025-11-27;13;1160
26;2025-11-27;14;1189
26;2025-11-27;15;1320
26;2025-11-27;16;1483
26;2025-11-27;17;1728
26;2025-11-27;18;1867
26;2025-11-27;19;1279
26;2025-11-27;20;795
26;2025-11-27;21;487
26;2025-11-27;22;223
26;2025-11-27;23;130
26;2025-11-28;0;37
26;2025-11-28;1;2
26;2025-11-28;2;0
26;2025-11-28;3;0
26;2025-11-28;4;0
26;2025-11-28;5;82
26;2025-11-28;6;489
26;2025-11-28;7;1158
26;2025-11-28;8;2078
26;2025-11-28;9;1420
26;2025-11-28;10;1164
26;2025-11-28;11;1105
26;2025-11-28;12;1143
26;2025-11-28;13;1179
26;2025-11-28;14;1217
26;2025-11-28;15;1369
26;2025-11-28;16;1556
26;2025-11-28;17;1691
26;2025-11-28;18;1586
26;2025-11-28;19;1160
26;2025-11-28;20;737
26;2025-11-28;21;469
26;2025-11-28;22;220
26;2025-11-28;23;144
26;2025-11-29;0;52
26;2025-11-29;1;3
26;2025-11-29;2;0
26;2025-11-29;3;0
26;2025-11-29;4;3
26;2025-11-29;5;59
26;2025-11-29;6;258
26;2025-11-29;7;396
26;2025-11-29;8;576
26;2025-11-29;9;700
26;2025-11-29;10;786
26;2025-11-29;11;904
26;2025-11-29;12;959
26;2025-11-29;13;1004
26;2025-11-29;14;1001
26;2025-11-29;15;978
26;2025-11-29;16;948
26;2025-11-29;17;927
26;2025-11-29;18;870
26;2025-11-29;19;750
26;2025-11-29;20;536
26;2025-11-29;21;391
26;2025-11-29;22;225
26;2025-11-29;23;151
26;2025-11-30;0;52
26;2025-11-30;1;5
26;2025-11-30;2;0
26;2025-11-30;3;0
26;2025-11-30;4;2
26;2025-11-30;5;31
26;2025-11-30;6;147
26;2025-11-30;7;231
26;2025-11-30;8;372
26;2025-11-30;9;491
26;2025-11-30;10;578
26;2025-11-30;11;706
26;2025-11-30;12;772
26;2025-11-30;13;824
26;2025-11-30;14;820
26;2025-11-30;15;786
26;2025-11-30;16;757
26;2025-11-30;17;738
26;2025-11-30;18;677
26;2025-11-30;19;557
26;2025-11-30;20;415
26;2025-11-30;21;301
26;2025-11-30;22;170
26;2025-11-30;23;101
26;2025-12-01;0;33
26;2025-12-01;1;2
26;2025-12-01;2;0
26;2025-12-01;3;0
26;2025-12-01;4;0
26;2025-12-01;5;76
26;2025-12-01;6;490
26;2025-12-01;7;1150
26;2025-12-01;8;2012
26;2025-12-01;9;1411
26;2025-12-01;10;1105
26;2025-12-01;11;1028
26;2025-12-01;12;1042
26;2025-12-01;13;1076
26;2025-12-01;14;1070
26;2025-12-01;15;1198
26;2025-12-01;16;1365
26;2025-12-01;17;1649
26;2025-12-01;18;1804
26;2025-12-01;19;1244
26;2025-12-01;20;752
26;2025-12-01;21;441
26;2025-12-01;22;192
26;2025-12-01;23;91
26;2025-12-02;0;32
26;2025-12-02;1;1
26;2025-12-02;2;0
26;2025-12-02;3;0
26;2025-12-02;4;1
26;2025-12-02;5;81
26;2025-12-02;6;513
26;2025-12-02;7;1189
26;2025-12-02;8;2089
26;2025-12-02;9;1461
26;2025-12-02;10;1156
26;2025-12-02;11;1080
26;2025-12-02;12;1102
26;2025-12-02;13;1119
26;2025-12-02;14;1127
26;2025-12-02;15;1250
26;2025-12-02;16;1437
26;2025-12-02;17;1706
26;2025-12-02;18;1851
26;2025-12-02;19;1279
26;2025-12-02;20;782
26;2025-12-02;21;465
26;2025-12-02;22;208
26;2025-12-02;23;102
26;2025-12-03;0;33
26;2025-12-03;1;1
26;2025-12-03;2;0
26;2025-12-03;3;0
26;2025-12-03;4;1
26;2025-12-03;5;83
26;2025-12-03;6;512
26;2025-12-03;7;1201
26;2025-12-03;8;2128
26;2025-12-03;9;1490
26;2025-12-03;10;1189
26;2025-12-03;11;1112
26;2025-12-03;12;1136
26;2025-12-03;13;1163
26;2025-12-03;14;1183
26;2025-12-03;15;1291
26;2025-12-03;16;1461
26;2025-12-03;17;1715
26;2025-12-03;18;1867
26;2025-12-03;19;1289
26;2025-12-03;20;790
26;2025-12-03;21;486
26;2025-12-03;22;225
26;2025-12-03;23;118
26;2025-12-04;0;35
26;2025-12-04;1;2
26;2025-12-04;2;0
26;2025-12-04;3;0
26;2025-12-04;4;2
26;2025-12-04;5;88
26;2025-12-04;6;499
26;2025-12-04;7;1164
26;2025-12-04;8;2073
26;2025-12-04;9;1462
26;2025-12-04;10;1163
26;2025-12-04;11;1100
26;2025-12-04;12;1119
26;2025-12-04;13;1143
26;2025-12-04;14;1154
26;2025-12-04;15;1284
26;2025-12-04;16;1445
26;2025-12-04;17;1692
26;2025-12-04;18;1826
26;2025-12-04;19;1265
26;2025-12-04;20;783
26;2025-12-04;21;481
26;2025-12-04;22;226
26;2025-12-04;23;122
26;2025-12-05;0;37
26;2025-12-05;1;2
26;2025-12-05;2;0
26;2025-12-05;3;0
26;2025-12-05;4;0
26;2025-12-05;5;81
26;2025-12-05;6;499
26;2025-12-05;7;1139
26;2025-12-05;8;1998
26;2025-12-05;9;1408
26;2025-12-05;10;1156
26;2025-12-05;11;1097
26;2025-12-05;12;1131
26;2025-12-05;13;1165
26;2025-12-05;14;1184
26;2025-12-05;15;1333
26;2025-12-05;16;1514
26;2025-12-05;17;1659
26;2025-12-05;18;1552
26;2025-12-05;19;1148
26;2025-12-05;20;729
26;2025-12-05;21;465
26;2025-12-05;22;223
26;2025-12-05;23;134
26;2025-12-06;0;52
26;2025-12-06;1;3
26;2025-12-06;2;0
26;2025-12-06;3;0
26;2025-12-06;4;2
26;2025-12-06;5;49
26;2025-12-06;6;244
26;2025-12-06;7;371
26;2025-12-06;8;539
26;2025-12-06;9;677
26;2025-12-06;10;763
26;2025-12-06;11;883
26;2025-12-06;12;939
26;2025-12-06;13;988
26;2025-12-06;14;972
26;2025-12-06;15;952
26;2025-12-06;16;921
26;2025-12-06;17;904
26;2025-12-06;18;839
26;2025-12-06;19;734
26;2025-12-06;20;526
26;2025-12-06;21;384
26;2025-12-06;22;222
26;2025-12-06;23;140
26;2025-12-07;0;52
26;2025-12-07;1;4
26;2025-12-07;2;0
26;2025-12-07;3;0
26;2025-12-07;4;2
26;2025-12-07;5;24
26;2025-12-07;6;137
26;2025-12-07;7;217
26;2025-12-07;8;346
26;2025-12-07;9;484
26;2025-12-07;10;576
26;2025-12-07;11;705
26;2025-12-07;12;773
26;2025-12-07;13;828
26;2025-12-07;14;810
26;2025-12-07;15;779
26;2025-12-07;16;749
26;2025-12-07;17;727
26;2025-12-07;18;657
26;2025-12-07;19;543
26;2025-12-07;20;407
26;2025-12-07;21;295
26;2025-12-07;22;169
26;2025-12-07;23;92
26;2025-12-08;0;33
26;2025-12-08;1;2
26;2025-12-08;2;0
26;2025-12-08;3;0
26;2025-12-08;4;0
26;2025-12-08;5;78
26;2025-12-08;6;493
26;2025-12-08;7;1165
26;2025-12-08;8;2035
26;2025-12-08;9;1433
26;2025-12-08;10;1130
26;2025-12-08;11;1058
26;2025-12-08;12;1073
26;2025-12-08;13;1109
26;2025-12-08;14;1100
26;2025-12-08;15;1230
26;2025-12-08;16;1397
26;2025-12-08;17;1675
26;2025-12-08;18;1815
26;2025-12-08;19;1256
26;2025-12-08;20;764
26;2025-12-08;21;449
26;2025-12-08;22;196
26;2025-12-08;23;94
26;2025-12-09;0;33
26;2025-12-09;1;1
26;2025-12-09;2;0
26;2025-12-09;3;1
26;2025-12-09;4;1
26;2025-12-09;5;85
26;2025-12-09;6;521
26;2025-12-09;7;1210
26;2025-12-09;8;2120
26;2025-12-09;9;1491
26;2025-12-09;10;1189
26;2025-12-09;11;1116
26;2025-12-09;12;1139
26;2025-12-09;13;1158
26;2025-12-09;14;1165
26;2025-12-09;15;1289
26;2025-12-09;16;1475
26;2025-12-09;17;1738
26;2025-12-09;18;1875
26;2025-12-09;19;1297
26;2025-12-09;20;800
26;2025-12-09;21;479
26;2025-12-09;22;216
26;2025-12-09;23;108
26;2025-12-10;0;34
26;2025-12-10;1;1
26;2025-12-10;2;0
26;2025-12-10;3;0
26;2025-12-10;4;1
26;2025-12-10;5;86
26;2025-12-10;6;518
26;2025-12-10;7;1220
26;2025-12-10;8;2147
26;2025-12-10;9;1507
26;2025-12-10;10;1207
26;2025-12-10;11;1132
26;2025-12-10;12;1156
26;2025-12-10;13;1185
26;2025-12-10;14;1204
26;2025-12-10;15;1313
26;2025-12-10;16;1483
26;2025-12-10;17;1737
26;2025-12-10;18;1881
26;2025-12-10;19;1302
26;2025-12-10;20;802
26;2025-12-10;21;496
26;2025-12-10;22;229
26;2025-12-10;23;119
26;2025-12-11;0;35
26;2025-12-11;1;2
26;2025-12-11;2;0
26;2025-12-11;3;0
26;2025-12-11;4;2
26;2025-12-11;5;86
26;2025-12-11;6;500
26;2025-12-11;7;1177
26;2025-12-11;8;2088
26;2025-12-11;9;1473
26;2025-12-11;10;1175
26;2025-12-11;11;1115
26;2025-12-11;12;1132
26;2025-12-11;13;1158
26;2025-12-11;14;1169
26;2025-12-11;15;1300
26;2025-12-11;16;1461
26;2025-12-11;17;1707
26;2025-12-11;18;1835
26;2025-12-11;19;1271
26;2025-12-11;20;787
26;2025-12-11;21;483
26;2025-12-11;22;227
26;2025-12-11;23;122
26;2025-12-12;0;37
26;2025-12-12;1;2
26;2025-12-12;2;0
26;2025-12-12;3;0
26;2025-12-12;4;0
26;2025-12-12;5;79
26;2025-12-12;6;497
26;2025-12-12;7;1146
26;2025-12-12;8;2007
26;2025-12-12;9;1413
26;2025-12-12;10;1164
26;2025-12-12;11;1106
26;2025-12-12;12;1139
26;2025-12-12;13;1174
26;2025-12-12;14;1194
26;2025-12-12;15;1345
26;2025-12-12;16;1529
26;2025-12-12;17;1666
26;2025-12-12;18;1550
26;2025-12-12;19;1145
26;2025-12-12;20;724
26;2025-12-12;21;461
26;2025-12-12;22;220
26;2025-12-12;23;132
26;2025-12-13;0;52
26;2025-12-13;1;3
26;2025-12-13;2;0
26;2025-12-13;3;0
26;2025-12-13;4;2
26;2025-12-13;5;49
26;2025-12-13;6;245
26;2025-12-13;7;375
26;2025-12-13;8;547
26;2025-12-13;9;686
26;2025-12-13;10;776
26;2025-12-13;11;896
26;2025-12-13;12;952
26;2025-12-13;13;1002
26;2025-12-13;14;987
26;2025-12-13;15;968
26;2025-12-13;16;936
26;2025-12-13;17;918
26;2025-12-13;18;850
26;2025-12-13;19;740
26;2025-12-13;20;528
26;2025-12-13;21;387
26;2025-12-13;22;224
26;2025-12-13;23;140
26;2025-12-14;0;52
26;2025-12-14;1;5
26;2025-12-14;2;0
26;2025-12-14;3;0
26;2025-12-14;4;2
26;2025-12-14;5;25
26;2025-12-14;6;139
26;2025-12-14;7;225
26;2025-12-14;8;354
26;2025-12-14;9;492
26;2025-12-14;10;584
26;2025-12-14;11;711
26;2025-12-14;12;779
26;2025-12-14;13;834
26;2025-12-14;14;818
26;2025-12-14;15;789
26;2025-12-14;16;758
26;2025-12-14;17;735
26;2025-12-14;18;668
26;2025-12-14;19;551
26;2025-12-14;20;413
26;2025-12-14;21;300
26;2025-12-14;22;171
26;2025-12-14;23;93
26;2025-12-15;0;33
26;2025-12-15;1;2
26;2025-12-15;2;0
26;2025-12-15;3;0
26;2025-12-15;4;0
26;2025-12-15;5;79
26;2025-12-15;6;496
26;2025-12-15;7;1174
26;2025-12-15;8;2051
26;2025-12-15;9;1443
26;2025-12-15;10;1137
26;2025-12-15;11;1063
26;2025-12-15;12;1078
26;2025-12-15;13;1113
26;2025-12-15;14;1106
26;2025-12-15;15;1235
26;2025-12-15;16;1404
26;2025-12-15;17;1680
26;2025-12-15;18;1827
26;2025-12-15;19;1259
26;2025-12-15;20;766
26;2025-12-15;21;450
26;2025-12-15;22;198
26;2025-12-15;23;96
26;2025-12-16;0;33
26;2025-12-16;1;1
26;2025-12-16;2;0
26;2025-12-16;3;0
26;2025-12-16;4;1
26;2025-12-16;5;85
26;2025-12-16;6;520
26;2025-12-16;7;1217
26;2025-12-16;8;2136
26;2025-12-16;9;1503
26;2025-12-16;10;1198
26;2025-12-16;11;1123
26;2025-12-16;12;1145
26;2025-12-16;13;1165
26;2025-12-16;14;1173
26;2025-12-16;15;1298
26;2025-12-16;16;1484
26;2025-12-16;17;1746
26;2025-12-16;18;1883
26;2025-12-16;19;1298
26;2025-12-16;20;800
26;2025-12-16;21;479
26;2025-12-16;22;218
26;2025-12-16;23;111
26;2025-12-17;0;34
26;2025-12-17;1;1
26;2025-12-17;2;0
26;2025-12-17;3;0
26;2025-12-17;4;1
26;2025-12-17;5;84
26;2025-12-17;6;518
26;2025-12-17;7;1219
26;2025-12-17;8;2157
26;2025-12-17;9;1514
26;2025-12-17;10;1211
26;2025-12-17;11;1135
26;2025-12-17;12;1158
26;2025-12-17;13;1187
26;2025-12-17;14;1208
26;2025-12-17;15;1318
26;2025-12-17;16;1478
26;2025-12-17;17;1730
26;2025-12-17;18;1875
26;2025-12-17;19;1298
26;2025-12-17;20;796
26;2025-12-17;21;494
26;2025-12-17;22;229
26;2025-12-17;23;120
26;2025-12-18;0;35
26;2025-12-18;1;2
26;2025-12-18;2;0
26;2025-12-18;3;0
26;2025-12-18;4;1
26;2025-12-18;5;86
26;2025-12-18;6;500
26;2025-12-18;7;1175
26;2025-12-18;8;2095
26;2025-12-18;9;1480
26;2025-12-18;10;1179
26;2025-12-18;11;1117
26;2025-12-18;12;1134
26;2025-12-18;13;1160
26;2025-12-18;14;1170
26;2025-12-18;15;1298
26;2025-12-18;16;1459
26;2025-12-18;17;1706
26;2025-12-18;18;1838
26;2025-12-18;19;1271
26;2025-12-18;20;785
26;2025-12-18;21;482
26;2025-12-18;22;227
26;2025-12-18;23;121
26;2025-12-19;0;37
26;2025-12-19;1;2
26;2025-12-19;2;0
26;2025-12-19;3;0
26;2025-12-19;4;0
26;2025-12-19;5;81
26;2025-12-19;6;500
26;2025-12-19;7;1149
26;2025-12-19;8;2015
26;2025-12-19;9;1421
26;2025-12-19;10;1170
26;2025-12-19;11;1114
26;2025-12-19;12;1147
26;2025-12-19;13;1182
26;2025-12-19;14;1202
26;2025-12-19;15;1354
26;2025-12-19;16;1537
26;2025-12-19;17;1674
26;2025-12-19;18;1559
26;2025-12-19;19;1153
26;2025-12-19;20;729
26;2025-12-19;21;465
26;2025-12-19;22;225
26;2025-12-19;23;134
26;2025-12-20;0;53
26;2025-12-20;1;3
26;2025-12-20;2;0
26;2025-12-20;3;0
26;2025-12-20;4;2
26;2025-12-20;5;49
26;2025-12-20;6;245
26;2025-12-20;7;380
26;2025-12-20;8;556
26;2025-12-20;9;696
26;2025-12-20;10;786
26;2025-12-20;11;907
26;2025-12-20;12;962
26;2025-12-20;13;1013
26;2025-12-20;14;996
26;2025-12-20;15;976
26;2025-12-20;16;944
26;2025-12-20;17;926
26;2025-12-20;18;861
26;2025-12-20;19;747
26;2025-12-20;20;536
26;2025-12-20;21;392
26;2025-12-20;22;230
26;2025-12-20;23;145
26;2025-12-21;0;53
26;2025-12-21;1;4
26;2025-12-21;2;0
26;2025-12-21;3;0
26;2025-12-21;4;2
26;2025-12-21;5;24
26;2025-12-21;6;137
26;2025-12-21;7;221
26;2025-12-21;8;353
26;2025-12-21;9;492
26;2025-12-21;10;586
26;2025-12-21;11;713
26;2025-12-21;12;781
26;2025-12-21;13;836
26;2025-12-21;14;820
26;2025-12-21;15;790
26;2025-12-21;16;759
26;2025-12-21;17;737
26;2025-12-21;18;668
26;2025-12-21;19;548
26;2025-12-21;20;412
26;2025-12-21;21;300
26;2025-12-21;22;175
26;2025-12-21;23;94
26;2025-12-22;0;33
26;2025-12-22;1;2
26;2025-12-22;2;0
26;2025-12-22;3;0
26;2025-12-22;4;0
26;2025-12-22;5;79
26;2025-12-22;6;495
26;2025-12-22;7;1169
26;2025-12-22;8;2043
26;2025-12-22;9;1437
26;2025-12-22;10;1134
26;2025-12-22;11;1063
26;2025-12-22;12;1079
26;2025-12-22;13;1114
26;2025-12-22;14;1104
26;2025-12-22;15;1233
26;2025-12-22;16;1402
26;2025-12-22;17;1680
26;2025-12-22;18;1827
26;2025-12-22;19;1259
26;2025-12-22;20;767
26;2025-12-22;21;453
26;2025-12-22;22;200
26;2025-12-22;23;97
26;2025-12-23;0;33
26;2025-12-23;1;1
26;2025-12-23;2;0
26;2025-12-23;3;0
26;2025-12-23;4;1
26;2025-12-23;5;84
26;2025-12-23;6;520
26;2025-12-23;7;1209
26;2025-12-23;8;2123
26;2025-12-23;9;1492
26;2025-12-23;10;1191
26;2025-12-23;11;1119
26;2025-12-23;12;1141
26;2025-12-23;13;1161
26;2025-12-23;14;1169
26;2025-12-23;15;1293
26;2025-12-23;16;1479
26;2025-12-23;17;1743
26;2025-12-23;18;1883
26;2025-12-23;19;1299
26;2025-12-23;20;802
26;2025-12-23;21;482
26;2025-12-23;22;221
26;2025-12-23;23;112
26;2025-12-24;0;34
26;2025-12-24;1;1
26;2025-12-24;2;0
26;2025-12-24;3;0
26;2025-12-24;4;1
26;2025-12-24;5;86
26;2025-12-24;6;517
26;2025-12-24;7;1214
26;2025-12-24;8;2148
26;2025-12-24;9;1511
26;2025-12-24;10;1209
26;2025-12-24;11;1132
26;2025-12-24;12;1155
26;2025-12-24;13;1184
26;2025-12-24;14;1204
26;2025-12-24;15;1312
26;2025-12-24;16;1481
26;2025-12-24;17;1737
26;2025-12-24;18;1886
26;2025-12-24;19;1301
26;2025-12-24;20;801
26;2025-12-24;21;496
26;2025-12-24;22;230
26;2025-12-24;23;120
26;2025-12-25;0;35
26;2025-12-25;1;2
26;2025-12-25;2;0
26;2025-12-25;3;1
26;2025-12-25;4;1
26;2025-12-25;5;90
26;2025-12-25;6;501
26;2025-12-25;7;1153
26;2025-12-25;8;2063
26;2025-12-25;9;1474
26;2025-12-25;10;1195
26;2025-12-25;11;1135
26;2025-12-25;12;1154
26;2025-12-25;13;1175
26;2025-12-25;14;1187
26;2025-12-25;15;1314
26;2025-12-25;16;1456
26;2025-12-25;17;1695
26;2025-12-25;18;1821
26;2025-12-25;19;1266
26;2025-12-25;20;790
26;2025-12-25;21;488
26;2025-12-25;22;233
26;2025-12-25;23;124
26;2025-12-26;0;37
26;2025-12-26;1;2
26;2025-12-26;2;0
26;2025-12-26;3;1
26;2025-12-26;4;0
26;2025-12-26;5;86
26;2025-12-26;6;500
26;2025-12-26;7;1129
26;2025-12-26;8;2006
26;2025-12-26;9;1429
26;2025-12-26;10;1188
26;2025-12-26;11;1129
26;2025-12-26;12;1163
26;2025-12-26;13;1190
26;2025-12-26;14;1209
26;2025-12-26;15;1355
26;2025-12-26;16;1529
26;2025-12-26;17;1660
26;2025-12-26;18;1548
26;2025-12-26;19;1141
26;2025-12-26;20;731
26;2025-12-26;21;469
26;2025-12-26;22;231
26;2025-12-26;23;137
26;2025-12-27;0;51
26;2025-12-27;1;3
26;2025-12-27;2;0
26;2025-12-27;3;0
26;2025-12-27;4;4
26;2025-12-27;5;57
26;2025-12-27;6;249
26;2025-12-27;7;382
26;2025-12-27;8;548
26;2025-12-27;9;689
26;2025-12-27;10;766
26;2025-12-27;11;881
26;2025-12-27;12;933
26;2025-12-27;13;975
26;2025-12-27;14;962
26;2025-12-27;15;937
26;2025-12-27;16;899
26;2025-12-27;17;877
26;2025-12-27;18;815
26;2025-12-27;19;719
26;2025-12-27;20;519
26;2025-12-27;21;385
26;2025-12-27;22;225
26;2025-12-27;23;145
26;2025-12-28;0;52
26;2025-12-28;1;4
26;2025-12-28;2;0
26;2025-12-28;3;0
26;2025-12-28;4;2
26;2025-12-28;5;34
26;2025-12-28;6;143
26;2025-12-28;7;219
26;2025-12-28;8;353
26;2025-12-28;9;488
26;2025-12-28;10;572
26;2025-12-28;11;697
26;2025-12-28;12;758
26;2025-12-28;13;805
26;2025-12-28;14;789
26;2025-12-28;15;753
26;2025-12-28;16;717
26;2025-12-28;17;692
26;2025-12-28;18;625
26;2025-12-28;19;530
26;2025-12-28;20;400
26;2025-12-28;21;297
26;2025-12-28;22;174
26;2025-12-28;23;99
26;2025-12-29;0;31
26;2025-12-29;1;2
26;2025-12-29;2;0
26;2025-12-29;3;1
26;2025-12-29;4;3
26;2025-12-29;5;90
26;2025-12-29;6;501
26;2025-12-29;7;1139
26;2025-12-29;8;2042
26;2025-12-29;9;1452
26;2025-12-29;10;1168
26;2025-12-29;11;1099
26;2025-12-29;12;1119
26;2025-12-29;13;1141
26;2025-12-29;14;1125
26;2025-12-29;15;1251
26;2025-12-29;16;1405
26;2025-12-29;17;1667
26;2025-12-29;18;1804
26;2025-12-29;19;1253
26;2025-12-29;20;766
26;2025-12-29;21;451
26;2025-12-29;22;198
26;2025-12-29;23;100
26;2025-12-30;0;31
26;2025-12-30;1;2
26;2025-12-30;2;0
26;2025-12-30;3;0
26;2025-12-30;4;1
26;2025-12-30;5;90
26;2025-12-30;6;519
26;2025-12-30;7;1153
26;2025-12-30;8;2097
26;2025-12-30;9;1501
26;2025-12-30;10;1216
26;2025-12-30;11;1148
26;2025-12-30;12;1176
26;2025-12-30;13;1186
26;2025-12-30;14;1189
26;2025-12-30;15;1308
26;2025-12-30;16;1476
26;2025-12-30;17;1704
26;2025-12-30;18;1820
26;2025-12-30;19;1282
26;2025-12-30;20;792
26;2025-12-30;21;480
26;2025-12-30;22;223
26;2025-12-30;23;114
26;2025-12-31;0;32
26;2025-12-31;1;1
26;2025-12-31;2;0
26;2025-12-31;3;0
26;2025-12-31;4;1
26;2025-12-31;5;9
26;2025-12-31;6;70
26;2025-12-31;7;158
26;2025-12-31;8;273
26;2025-12-31;9;358
26;2025-12-31;10;359
26;2025-12-31;11;457
26;2025-12-31;12;508
26;2025-12-31;13;547
26;2025-12-31;14;543
26;2025-12-31;15;532
26;2025-12-31;16;553
26;2025-12-31;17;556
26;2025-12-31;18;527
26;2025-12-31;19;454
26;2025-12-31;20;317
26;2025-12-31;21;224
26;2025-12-31;22;80
26;2025-12-31;23;78
28;2025-11-01;0;16
28;2025-11-01;1;12
28;2025-11-01;2;13
28;2025-11-01;3;13
28;2025-11-01;4;15
28;2025-11-01;5;104
28;2025-11-01;6;261
28;2025-11-01;7;636
28;2025-11-01;8;1003
28;2025-11-01;9;750
28;2025-11-01;10;657
28;2025-11-01;11;628
28;2025-11-01;12;664
28;2025-11-01;13;702
28;2025-11-01;14;680
28;2025-11-01;15;742
28;2025-11-01;16;812
28;2025-11-01;17;864
28;2025-11-01;18;827
28;2025-11-01;19;613
28;2025-11-01;20;447
28;2025-11-01;21;346
28;2025-11-01;22;172
28;2025-11-01;23;57
28;2025-11-02;0;0
28;2025-11-02;1;0
28;2025-11-02;2;0
28;2025-11-02;3;1
28;2025-11-02;4;7
28;2025-11-02;5;27
28;2025-11-02;6;72
28;2025-11-02;7;86
28;2025-11-02;8;195
28;2025-11-02;9;267
28;2025-11-02;10;302
28;2025-11-02;11;341
28;2025-11-02;12;392
28;2025-11-02;13;453
28;2025-11-02;14;456
28;2025-11-02;15;443
28;2025-11-02;16;414
28;2025-11-02;17;375
28;2025-11-02;18;331
28;2025-11-02;19;282
28;2025-11-02;20;233
28;2025-11-02;21;202
28;2025-11-02;22;101
28;2025-11-02;23;23
28;2025-11-03;0;2
28;2025-11-03;1;1
28;2025-11-03;2;1
28;2025-11-03;3;0
28;2025-11-03;4;7
28;2025-11-03;5;19
28;2025-11-03;6;64
28;2025-11-03;7;133
28;2025-11-03;8;277
28;2025-11-03;9;271
28;2025-11-03;10;255
28;2025-11-03;11;289
28;2025-11-03;12;350
28;2025-11-03;13;401
28;2025-11-03;14;386
28;2025-11-03;15;378
28;2025-11-03;16;393
28;2025-11-03;17;379
28;2025-11-03;18;368
28;2025-11-03;19;310
28;2025-11-03;20;252
28;2025-11-03;21;187
28;2025-11-03;22;73
28;2025-11-03;23;13
28;2025-11-04;0;3
28;2025-11-04;1;3
28;2025-11-04;2;3
28;2025-11-04;3;3
28;2025-11-04;4;9
28;2025-11-04;5;8
28;2025-11-04;6;34
28;2025-11-04;7;94
28;2025-11-04;8;222
28;2025-11-04;9;227
28;2025-11-04;10;213
28;2025-11-04;11;262
28;2025-11-04;12;324
28;2025-11-04;13;375
28;2025-11-04;14;359
28;2025-11-04;15;332
28;2025-11-04;16;349
28;2025-11-04;17;340
28;2025-11-04;18;325
28;2025-11-04;19;278
28;2025-11-04;20;247
28;2025-11-04;21;183
28;2025-11-04;22;66
28;2025-11-04;23;13
28;2025-11-05;0;0
28;2025-11-05;1;0
28;2025-11-05;2;0
28;2025-11-05;3;0
28;2025-11-05;4;0
28;2025-11-05;5;71
28;2025-11-05;6;252
28;2025-11-05;7;781
28;2025-11-05;8;1349
28;2025-11-05;9;814
28;2025-11-05;10;580
28;2025-11-05;11;545
28;2025-11-05;12;599
28;2025-11-05;13;632
28;2025-11-05;14;592
28;2025-11-05;15;663
28;2025-11-05;16;811
28;2025-11-05;17;966
28;2025-11-05;18;1004
28;2025-11-05;19;703
28;2025-11-05;20;467
28;2025-11-05;21;271
28;2025-11-05;22;101
28;2025-11-05;23;3
28;2025-11-06;0;0
28;2025-11-06;1;0
28;2025-11-06;2;0
28;2025-11-06;3;0
28;2025-11-06;4;0
28;2025-11-06;5;70
28;2025-11-06;6;253
28;2025-11-06;7;777
28;2025-11-06;8;1320
28;2025-11-06;9;823
28;2025-11-06;10;575
28;2025-11-06;11;536
28;2025-11-06;12;605
28;2025-11-06;13;632
28;2025-11-06;14;599
28;2025-11-06;15;667
28;2025-11-06;16;812
28;2025-11-06;17;974
28;2025-11-06;18;1019
28;2025-11-06;19;701
28;2025-11-06;20;471
28;2025-11-06;21;277
28;2025-11-06;22;105
28;2025-11-06;23;3
28;2025-11-07;0;0
28;2025-11-07;1;0
28;2025-11-07;2;0
28;2025-11-07;3;0
28;2025-11-07;4;0
28;2025-11-07;5;69
28;2025-11-07;6;261
28;2025-11-07;7;767
28;2025-11-07;8;1294
28;2025-11-07;9;806
28;2025-11-07;10;602
28;2025-11-07;11;578
28;2025-11-07;12;642
28;2025-11-07;13;685
28;2025-11-07;14;680
28;2025-11-07;15;759
28;2025-11-07;16;921
28;2025-11-07;17;978
28;2025-11-07;18;874
28;2025-11-07;19;648
28;2025-11-07;20;438
28;2025-11-07;21;278
28;2025-11-07;22;107
28;2025-11-07;23;14
28;2025-11-08;0;0
28;2025-11-08;1;0
28;2025-11-08;2;0
28;2025-11-08;3;0
28;2025-11-08;4;0
28;2025-11-08;5;36
28;2025-11-08;6;112
28;2025-11-08;7;193
28;2025-11-08;8;331
28;2025-11-08;9;408
28;2025-11-08;10;448
28;2025-11-08;11;477
28;2025-11-08;12;545
28;2025-11-08;13;585
28;2025-11-08;14;576
28;2025-11-08;15;560
28;2025-11-08;16;541
28;2025-11-08;17;510
28;2025-11-08;18;455
28;2025-11-08;19;383
28;2025-11-08;20;292
28;2025-11-08;21;240
28;2025-11-08;22;116
28;2025-11-08;23;22
28;2025-11-09;0;0
28;2025-11-09;1;0
28;2025-11-09;2;0
28;2025-11-09;3;0
28;2025-11-09;4;0
28;2025-11-09;5;23
28;2025-11-09;6;76
28;2025-11-09;7;107
28;2025-11-09;8;215
28;2025-11-09;9;298
28;2025-11-09;10;346
28;2025-11-09;11;400
28;2025-11-09;12;462
28;2025-11-09;13;517
28;2025-11-09;14;510
28;2025-11-09;15;500
28;2025-11-09;16;471
28;2025-11-09;17;441
28;2025-11-09;18;387
28;2025-11-09;19;317
28;2025-11-09;20;245
28;2025-11-09;21;202
28;2025-11-09;22;88
28;2025-11-09;23;4
28;2025-11-10;0;0
28;2025-11-10;1;0
28;2025-11-10;2;0
28;2025-11-10;3;0
28;2025-11-10;4;2
28;2025-11-10;5;64
28;2025-11-10;6;253
28;2025-11-10;7;780
28;2025-11-10;8;1302
28;2025-11-10;9;810
28;2025-11-10;10;559
28;2025-11-10;11;515
28;2025-11-10;12;586
28;2025-11-10;13;609
28;2025-11-10;14;583
28;2025-11-10;15;653
28;2025-11-10;16;796
28;2025-11-10;17;950
28;2025-11-10;18;1005
28;2025-11-10;19;707
28;2025-11-10;20;464
28;2025-11-10;21;262
28;2025-11-10;22;85
28;2025-11-10;23;2
28;2025-11-11;0;0
28;2025-11-11;1;0
28;2025-11-11;2;0
28;2025-11-11;3;0
28;2025-11-11;4;2
28;2025-11-11;5;67
28;2025-11-11;6;260
28;2025-11-11;7;815
28;2025-11-11;8;1347
28;2025-11-11;9;840
28;2025-11-11;10;610
28;2025-11-11;11;567
28;2025-11-11;12;621
28;2025-11-11;13;652
28;2025-11-11;14;621
28;2025-11-11;15;684
28;2025-11-11;16;826
28;2025-11-11;17;994
28;2025-11-11;18;1046
28;2025-11-11;19;722
28;2025-11-11;20;492
28;2025-11-11;21;288
28;2025-11-11;22;109
28;2025-11-11;23;6
28;2025-11-12;0;0
28;2025-11-12;1;0
28;2025-11-12;2;0
28;2025-11-12;3;0
28;2025-11-12;4;2
28;2025-11-12;5;73
28;2025-11-12;6;272
28;2025-11-12;7;851
28;2025-11-12;8;1423
28;2025-11-12;9;876
28;2025-11-12;10;638
28;2025-11-12;11;604
28;2025-11-12;12;658
28;2025-11-12;13;695
28;2025-11-12;14;660
28;2025-11-12;15;733
28;2025-11-12;16;883
28;2025-11-12;17;1042
28;2025-11-12;18;1096
28;2025-11-12;19;756
28;2025-11-12;20;512
28;2025-11-12;21;304
28;2025-11-12;22;121
28;2025-11-12;23;9
28;2025-11-13;0;1
28;2025-11-13;1;0
28;2025-11-13;2;0
28;2025-11-13;3;0
28;2025-11-13;4;2
28;2025-11-13;5;71
28;2025-11-13;6;273
28;2025-11-13;7;842
28;2025-11-13;8;1396
28;2025-11-13;9;890
28;2025-11-13;10;640
28;2025-11-13;11;600
28;2025-11-13;12;669
28;2025-11-13;13;698
28;2025-11-13;14;666
28;2025-11-13;15;736
28;2025-11-13;16;879
28;2025-11-13;17;1044
28;2025-11-13;18;1091
28;2025-11-13;19;751
28;2025-11-13;20;515
28;2025-11-13;21;308
28;2025-11-13;22;123
28;2025-11-13;23;13
28;2025-11-14;0;1
28;2025-11-14;1;0
28;2025-11-14;2;0
28;2025-11-14;3;0
28;2025-11-14;4;1
28;2025-11-14;5;68
28;2025-11-14;6;268
28;2025-11-14;7;802
28;2025-11-14;8;1337
28;2025-11-14;9;838
28;2025-11-14;10;633
28;2025-11-14;11;604
28;2025-11-14;12;667
28;2025-11-14;13;711
28;2025-11-14;14;706
28;2025-11-14;15;786
28;2025-11-14;16;951
28;2025-11-14;17;1009
28;2025-11-14;18;904
28;2025-11-14;19;668
28;2025-11-14;20;456
28;2025-11-14;21;291
28;2025-11-14;22;120
28;2025-11-14;23;24
28;2025-11-15;0;2
28;2025-11-15;1;0
28;2025-11-15;2;0
28;2025-11-15;3;0
28;2025-11-15;4;1
28;2025-11-15;5;47
28;2025-11-15;6;127
28;2025-11-15;7;222
28;2025-11-15;8;376
28;2025-11-15;9;457
28;2025-11-15;10;495
28;2025-11-15;11;524
28;2025-11-15;12;586
28;2025-11-15;13;629
28;2025-11-15;14;621
28;2025-11-15;15;603
28;2025-11-15;16;579
28;2025-11-15;17;552
28;2025-11-15;18;498
28;2025-11-15;19;416
28;2025-11-15;20;316
28;2025-11-15;21;261
28;2025-11-15;22;136
28;2025-11-15;23;35
28;2025-11-16;0;1
28;2025-11-16;1;0
28;2025-11-16;2;0
28;2025-11-16;3;0
28;2025-11-16;4;1
28;2025-11-16;5;30
28;2025-11-16;6;89
28;2025-11-16;7;128
28;2025-11-16;8;249
28;2025-11-16;9;337
28;2025-11-16;10;383
28;2025-11-16;11;431
28;2025-11-16;12;488
28;2025-11-16;13;546
28;2025-11-16;14;541
28;2025-11-16;15;530
28;2025-11-16;16;500
28;2025-11-16;17;473
28;2025-11-16;18;419
28;2025-11-16;19;341
28;2025-11-16;20;266
28;2025-11-16;21;218
28;2025-11-16;22;104
28;2025-11-16;23;14
28;2025-11-17;0;1
28;2025-11-17;1;0
28;2025-11-17;2;0
28;2025-11-17;3;0
28;2025-11-17;4;1
28;2025-11-17;5;63
28;2025-11-17;6;255
28;2025-11-17;7;786
28;2025-11-17;8;1323
28;2025-11-17;9;828
28;2025-11-17;10;573
28;2025-11-17;11;530
28;2025-11-17;12;596
28;2025-11-17;13;620
28;2025-11-17;14;599
28;2025-11-17;15;669
28;2025-11-17;16;814
28;2025-11-17;17;968
28;2025-11-17;18;1028
28;2025-11-17;19;721
28;2025-11-17;20;477
28;2025-11-17;21;274
28;2025-11-17;22;97
28;2025-11-17;23;2
28;2025-11-18;0;0
28;2025-11-18;1;0
28;2025-11-18;2;0
28;2025-11-18;3;0
28;2025-11-18;4;1
28;2025-11-18;5;66
28;2025-11-18;6;258
28;2025-11-18;7;810
28;2025-11-18;8;1349
28;2025-11-18;9;842
28;2025-11-18;10;608
28;2025-11-18;11;564
28;2025-11-18;12;617
28;2025-11-18;13;648
28;2025-11-18;14;616
28;2025-11-18;15;679
28;2025-11-18;16;823
28;2025-11-18;17;990
28;2025-11-18;18;1047
28;2025-11-18;19;720
28;2025-11-18;20;491
28;2025-11-18;21;288
28;2025-11-18;22;110
28;2025-11-18;23;6
28;2025-11-19;0;0
28;2025-11-19;1;0
28;2025-11-19;2;0
28;2025-11-19;3;0
28;2025-11-19;4;1
28;2025-11-19;5;71
28;2025-11-19;6;268
28;2025-11-19;7;844
28;2025-11-19;8;1420
28;2025-11-19;9;872
28;2025-11-19;10;634
28;2025-11-19;11;601
28;2025-11-19;12;654
28;2025-11-19;13;690
28;2025-11-19;14;654
28;2025-11-19;15;727
28;2025-11-19;16;877
28;2025-11-19;17;1038
28;2025-11-19;18;1097
28;2025-11-19;19;753
28;2025-11-19;20;510
28;2025-11-19;21;303
28;2025-11-19;22;122
28;2025-11-19;23;9
28;2025-11-20;0;0
28;2025-11-20;1;0
28;2025-11-20;2;0
28;2025-11-20;3;0
28;2025-11-20;4;1
28;2025-11-20;5;68
28;2025-11-20;6;270
28;2025-11-20;7;836
28;2025-11-20;8;1394
28;2025-11-20;9;887
28;2025-11-20;10;638
28;2025-11-20;11;599
28;2025-11-20;12;666
28;2025-11-20;13;695
28;2025-11-20;14;662
28;2025-11-20;15;731
28;2025-11-20;16;874
28;2025-11-20;17;1040
28;2025-11-20;18;1090
28;2025-11-20;19;747
28;2025-11-20;20;513
28;2025-11-20;21;307
28;2025-11-20;22;123
28;2025-11-20;23;12
28;2025-11-21;0;1
28;2025-11-21;1;0
28;2025-11-21;2;0
28;2025-11-21;3;0
28;2025-11-21;4;1
28;2025-11-21;5;67
28;2025-11-21;6;265
28;2025-11-21;7;796
28;2025-11-21;8;1333
28;2025-11-21;9;834
28;2025-11-21;10;629
28;2025-11-21;11;604
28;2025-11-21;12;665
28;2025-11-21;13;709
28;2025-11-21;14;707
28;2025-11-21;15;788
28;2025-11-21;16;953
28;2025-11-21;17;1010
28;2025-11-21;18;908
28;2025-11-21;19;671
28;2025-11-21;20;457
28;2025-11-21;21;291
28;2025-11-21;22;120
28;2025-11-21;23;22
28;2025-11-22;0;2
28;2025-11-22;1;0
28;2025-11-22;2;0
28;2025-11-22;3;0
28;2025-11-22;4;1
28;2025-11-22;5;45
28;2025-11-22;6;125
28;2025-11-22;7;226
28;2025-11-22;8;378
28;2025-11-22;9;458
28;2025-11-22;10;497
28;2025-11-22;11;528
28;2025-11-22;12;592
28;2025-11-22;13;635
28;2025-11-22;14;623
28;2025-11-22;15;605
28;2025-11-22;16;582
28;2025-11-22;17;557
28;2025-11-22;18;506
28;2025-11-22;19;420
28;2025-11-22;20;318
28;2025-11-22;21;262
28;2025-11-22;22;137
28;2025-11-22;23;35
28;2025-11-23;0;3
28;2025-11-23;1;0
28;2025-11-23;2;0
28;2025-11-23;3;0
28;2025-11-23;4;1
28;2025-11-23;5;28
28;2025-11-23;6;83
28;2025-11-23;7;114
28;2025-11-23;8;237
28;2025-11-23;9;322
28;2025-11-23;10;369
28;2025-11-23;11;428
28;2025-11-23;12;484
28;2025-11-23;13;543
28;2025-11-23;14;534
28;2025-11-23;15;524
28;2025-11-23;16;494
28;2025-11-23;17;471
28;2025-11-23;18;420
28;2025-11-23;19;342
28;2025-11-23;20;265
28;2025-11-23;21;219
28;2025-11-23;22;103
28;2025-11-23;23;13
28;2025-11-24;0;1
28;2025-11-24;1;0
28;2025-11-24;2;0
28;2025-11-24;3;0
28;2025-11-24;4;1
28;2025-11-24;5;59
28;2025-11-24;6;249
28;2025-11-24;7;768
28;2025-11-24;8;1301
28;2025-11-24;9;811
28;2025-11-24;10;562
28;2025-11-24;11;523
28;2025-11-24;12;590
28;2025-11-24;13;616
28;2025-11-24;14;588
28;2025-11-24;15;657
28;2025-11-24;16;802
28;2025-11-24;17;957
28;2025-11-24;18;1016
28;2025-11-24;19;711
28;2025-11-24;20;472
28;2025-11-24;21;268
28;2025-11-24;22;90
28;2025-11-24;23;2
28;2025-11-25;0;0
28;2025-11-25;1;0
28;2025-11-25;2;0
28;2025-11-25;3;0
28;2025-11-25;4;1
28;2025-11-25;5;63
28;2025-11-25;6;253
28;2025-11-25;7;795
28;2025-11-25;8;1332
28;2025-11-25;9;826
28;2025-11-25;10;597
28;2025-11-25;11;553
28;2025-11-25;12;607
28;2025-11-25;13;639
28;2025-11-25;14;608
28;2025-11-25;15;669
28;2025-11-25;16;813
28;2025-11-25;17;981
28;2025-11-25;18;1043
28;2025-11-25;19;715
28;2025-11-25;20;486
28;2025-11-25;21;283
28;2025-11-25;22;106
28;2025-11-25;23;3
28;2025-11-26;0;0
28;2025-11-26;1;0
28;2025-11-26;2;0
28;2025-11-26;3;0
28;2025-11-26;4;1
28;2025-11-26;5;73
28;2025-11-26;6;270
28;2025-11-26;7;835
28;2025-11-26;8;1410
28;2025-11-26;9;865
28;2025-11-26;10;628
28;2025-11-26;11;594
28;2025-11-26;12;646
28;2025-11-26;13;681
28;2025-11-26;14;645
28;2025-11-26;15;716
28;2025-11-26;16;868
28;2025-11-26;17;1029
28;2025-11-26;18;1096
28;2025-11-26;19;751
28;2025-11-26;20;509
28;2025-11-26;21;302
28;2025-11-26;22;122
28;2025-11-26;23;11
28;2025-11-27;0;0
28;2025-11-27;1;0
28;2025-11-27;2;0
28;2025-11-27;3;0
28;2025-11-27;4;1
28;2025-11-27;5;71
28;2025-11-27;6;272
28;2025-11-27;7;828
28;2025-11-27;8;1384
28;2025-11-27;9;880
28;2025-11-27;10;634
28;2025-11-27;11;593
28;2025-11-27;12;660
28;2025-11-27;13;687
28;2025-11-27;14;654
28;2025-11-27;15;721
28;2025-11-27;16;865
28;2025-11-27;17;1032
28;2025-11-27;18;1088
28;2025-11-27;19;746
28;2025-11-27;20;513
28;2025-11-27;21;307
28;2025-11-27;22;124
28;2025-11-27;23;15
28;2025-11-28;0;1
28;2025-11-28;1;0
28;2025-11-28;2;0
28;2025-11-28;3;0
28;2025-11-28;4;1
28;2025-11-28;5;70
28;2025-11-28;6;268
28;2025-11-28;7;791
28;2025-11-28;8;1326
28;2025-11-28;9;829
28;2025-11-28;10;623
28;2025-11-28;11;596
28;2025-11-28;12;658
28;2025-11-28;13;701
28;2025-11-28;14;695
28;2025-11-28;15;774
28;2025-11-28;16;940
28;2025-11-28;17;1001
28;2025-11-28;18;906
28;2025-11-28;19;670
28;2025-11-28;20;458
28;2025-11-28;21;293
28;2025-11-28;22;122
28;2025-11-28;23;25
28;2025-11-29;0;2
28;2025-11-29;1;0
28;2025-11-29;2;0
28;2025-11-29;3;0
28;2025-11-29;4;1
28;2025-11-29;5;48
28;2025-11-29;6;130
28;2025-11-29;7;225
28;2025-11-29;8;371
28;2025-11-29;9;449
28;2025-11-29;10;482
28;2025-11-29;11;512
28;2025-11-29;12;571
28;2025-11-29;13;611
28;2025-11-29;14;600
28;2025-11-29;15;581
28;2025-11-29;16;559
28;2025-11-29;17;535
28;2025-11-29;18;484
28;2025-11-29;19;406
28;2025-11-29;20;308
28;2025-11-29;21;254
28;2025-11-29;22;133
28;2025-11-29;23;33
28;2025-11-30;0;2
28;2025-11-30;1;0
28;2025-11-30;2;0
28;2025-11-30;3;0
28;2025-11-30;4;1
28;2025-11-30;5;32
28;2025-11-30;6;88
28;2025-11-30;7;119
28;2025-11-30;8;235
28;2025-11-30;9;319
28;2025-11-30;10;358
28;2025-11-30;11;409
28;2025-11-30;12;463
28;2025-11-30;13;517
28;2025-11-30;14;511
28;2025-11-30;15;499
28;2025-11-30;16;469
28;2025-11-30;17;451
28;2025-11-30;18;402
28;2025-11-30;19;331
28;2025-11-30;20;258
28;2025-11-30;21;214
28;2025-11-30;22;101
28;2025-11-30;23;10
28;2025-12-01;0;0
28;2025-12-01;1;0
28;2025-12-01;2;0
28;2025-12-01;3;0
28;2025-12-01;4;2
28;2025-12-01;5;67
28;2025-12-01;6;260
28;2025-12-01;7;754
28;2025-12-01;8;1242
28;2025-12-01;9;811
28;2025-12-01;10;560
28;2025-12-01;11;519
28;2025-12-01;12;578
28;2025-12-01;13;596
28;2025-12-01;14;569
28;2025-12-01;15;637
28;2025-12-01;16;779
28;2025-12-01;17;941
28;2025-12-01;18;1010
28;2025-12-01;19;715
28;2025-12-01;20;469
28;2025-12-01;21;273
28;2025-12-01;22;105
28;2025-12-01;23;2
28;2025-12-02;0;0
28;2025-12-02;1;0
28;2025-12-02;2;0
28;2025-12-02;3;0
28;2025-12-02;4;2
28;2025-12-02;5;69
28;2025-12-02;6;262
28;2025-12-02;7;773
28;2025-12-02;8;1268
28;2025-12-02;9;825
28;2025-12-02;10;596
28;2025-12-02;11;553
28;2025-12-02;12;600
28;2025-12-02;13;625
28;2025-12-02;14;591
28;2025-12-02;15;653
28;2025-12-02;16;793
28;2025-12-02;17;962
28;2025-12-02;18;1023
28;2025-12-02;19;715
28;2025-12-02;20;484
28;2025-12-02;21;287
28;2025-12-02;22;119
28;2025-12-02;23;4
28;2025-12-03;0;0
28;2025-12-03;1;0
28;2025-12-03;2;0
28;2025-12-03;3;0
28;2025-12-03;4;2
28;2025-12-03;5;75
28;2025-12-03;6;275
28;2025-12-03;7;810
28;2025-12-03;8;1350
28;2025-12-03;9;870
28;2025-12-03;10;636
28;2025-12-03;11;602
28;2025-12-03;12;652
28;2025-12-03;13;681
28;2025-12-03;14;642
28;2025-12-03;15;713
28;2025-12-03;16;861
28;2025-12-03;17;1017
28;2025-12-03;18;1078
28;2025-12-03;19;752
28;2025-12-03;20;509
28;2025-12-03;21;307
28;2025-12-03;22;136
28;2025-12-03;23;13
28;2025-12-04;0;0
28;2025-12-04;1;0
28;2025-12-04;2;0
28;2025-12-04;3;0
28;2025-12-04;4;2
28;2025-12-04;5;78
28;2025-12-04;6;281
28;2025-12-04;7;808
28;2025-12-04;8;1328
28;2025-12-04;9;889
28;2025-12-04;10;644
28;2025-12-04;11;602
28;2025-12-04;12;667
28;2025-12-04;13;689
28;2025-12-04;14;653
28;2025-12-04;15;722
28;2025-12-04;16;863
28;2025-12-04;17;1025
28;2025-12-04;18;1076
28;2025-12-04;19;753
28;2025-12-04;20;519
28;2025-12-04;21;318
28;2025-12-04;22;140
28;2025-12-04;23;18
28;2025-12-05;0;1
28;2025-12-05;1;0
28;2025-12-05;2;0
28;2025-12-05;3;0
28;2025-12-05;4;2
28;2025-12-05;5;73
28;2025-12-05;6;274
28;2025-12-05;7;774
28;2025-12-05;8;1272
28;2025-12-05;9;837
28;2025-12-05;10;634
28;2025-12-05;11;609
28;2025-12-05;12;667
28;2025-12-05;13;706
28;2025-12-05;14;695
28;2025-12-05;15;774
28;2025-12-05;16;934
28;2025-12-05;17;1001
28;2025-12-05;18;904
28;2025-12-05;19;680
28;2025-12-05;20;470
28;2025-12-05;21;306
28;2025-12-05;22;139
28;2025-12-05;23;24
28;2025-12-06;0;3
28;2025-12-06;1;0
28;2025-12-06;2;0
28;2025-12-06;3;0
28;2025-12-06;4;1
28;2025-12-06;5;40
28;2025-12-06;6;115
28;2025-12-06;7;196
28;2025-12-06;8;341
28;2025-12-06;9;436
28;2025-12-06;10;469
28;2025-12-06;11;506
28;2025-12-06;12;566
28;2025-12-06;13;609
28;2025-12-06;14;596
28;2025-12-06;15;578
28;2025-12-06;16;554
28;2025-12-06;17;530
28;2025-12-06;18;472
28;2025-12-06;19;401
28;2025-12-06;20;306
28;2025-12-06;21;255
28;2025-12-06;22;136
28;2025-12-06;23;25
28;2025-12-07;0;3
28;2025-12-07;1;0
28;2025-12-07;2;0
28;2025-12-07;3;0
28;2025-12-07;4;1
28;2025-12-07;5;26
28;2025-12-07;6;77
28;2025-12-07;7;100
28;2025-12-07;8;212
28;2025-12-07;9;319
28;2025-12-07;10;365
28;2025-12-07;11;421
28;2025-12-07;12;476
28;2025-12-07;13;534
28;2025-12-07;14;524
28;2025-12-07;15;512
28;2025-12-07;16;480
28;2025-12-07;17;454
28;2025-12-07;18;396
28;2025-12-07;19;329
28;2025-12-07;20;257
28;2025-12-07;21;215
28;2025-12-07;22;106
28;2025-12-07;23;4
28;2025-12-08;0;0
28;2025-12-08;1;0
28;2025-12-08;2;0
28;2025-12-08;3;0
28;2025-12-08;4;2
28;2025-12-08;5;69
28;2025-12-08;6;263
28;2025-12-08;7;768
28;2025-12-08;8;1264
28;2025-12-08;9;834
28;2025-12-08;10;585
28;2025-12-08;11;547
28;2025-12-08;12;607
28;2025-12-08;13;627
28;2025-12-08;14;596
28;2025-12-08;15;666
28;2025-12-08;16;808
28;2025-12-08;17;963
28;2025-12-08;18;1017
28;2025-12-08;19;726
28;2025-12-08;20;481
28;2025-12-08;21;281
28;2025-12-08;22;109
28;2025-12-08;23;2
28;2025-12-09;0;0
28;2025-12-09;1;0
28;2025-12-09;2;0
28;2025-12-09;3;0
28;2025-12-09;4;2
28;2025-12-09;5;71
28;2025-12-09;6;266
28;2025-12-09;7;792
28;2025-12-09;8;1296
28;2025-12-09;9;853
28;2025-12-09;10;626
28;2025-12-09;11;583
28;2025-12-09;12;633
28;2025-12-09;13;659
28;2025-12-09;14;624
28;2025-12-09;15;687
28;2025-12-09;16;826
28;2025-12-09;17;989
28;2025-12-09;18;1041
28;2025-12-09;19;731
28;2025-12-09;20;500
28;2025-12-09;21;300
28;2025-12-09;22;125
28;2025-12-09;23;8
28;2025-12-10;0;0
28;2025-12-10;1;0
28;2025-12-10;2;0
28;2025-12-10;3;0
28;2025-12-10;4;2
28;2025-12-10;5;77
28;2025-12-10;6;280
28;2025-12-10;7;830
28;2025-12-10;8;1369
28;2025-12-10;9;886
28;2025-12-10;10;654
28;2025-12-10;11;622
28;2025-12-10;12;671
28;2025-12-10;13;703
28;2025-12-10;14;663
28;2025-12-10;15;735
28;2025-12-10;16;882
28;2025-12-10;17;1038
28;2025-12-10;18;1090
28;2025-12-10;19;765
28;2025-12-10;20;521
28;2025-12-10;21;316
28;2025-12-10;22;139
28;2025-12-10;23;13
28;2025-12-11;0;0
28;2025-12-11;1;0
28;2025-12-11;2;0
28;2025-12-11;3;0
28;2025-12-11;4;2
28;2025-12-11;5;75
28;2025-12-11;6;279
28;2025-12-11;7;821
28;2025-12-11;8;1341
28;2025-12-11;9;899
28;2025-12-11;10;655
28;2025-12-11;11;615
28;2025-12-11;12;679
28;2025-12-11;13;704
28;2025-12-11;14;667
28;2025-12-11;15;737
28;2025-12-11;16;878
28;2025-12-11;17;1039
28;2025-12-11;18;1083
28;2025-12-11;19;758
28;2025-12-11;20;522
28;2025-12-11;21;319
28;2025-12-11;22;139
28;2025-12-11;23;16
28;2025-12-12;0;0
28;2025-12-12;1;0
28;2025-12-12;2;0
28;2025-12-12;3;0
28;2025-12-12;4;1
28;2025-12-12;5;71
28;2025-12-12;6;271
28;2025-12-12;7;781
28;2025-12-12;8;1281
28;2025-12-12;9;843
28;2025-12-12;10;642
28;2025-12-12;11;619
28;2025-12-12;12;676
28;2025-12-12;13;717
28;2025-12-12;14;707
28;2025-12-12;15;787
28;2025-12-12;16;950
28;2025-12-12;17;1008
28;2025-12-12;18;901
28;2025-12-12;19;678
28;2025-12-12;20;466
28;2025-12-12;21;303
28;2025-12-12;22;136
28;2025-12-12;23;21
28;2025-12-13;0;3
28;2025-12-13;1;0
28;2025-12-13;2;0
28;2025-12-13;3;0
28;2025-12-13;4;0
28;2025-12-13;5;41
28;2025-12-13;6;115
28;2025-12-13;7;201
28;2025-12-13;8;349
28;2025-12-13;9;445
28;2025-12-13;10;482
28;2025-12-13;11;519
28;2025-12-13;12;578
28;2025-12-13;13;624
28;2025-12-13;14;611
28;2025-12-13;15;594
28;2025-12-13;16;570
28;2025-12-13;17;545
28;2025-12-13;18;484
28;2025-12-13;19;406
28;2025-12-13;20;309
28;2025-12-13;21;258
28;2025-12-13;22;137
28;2025-12-13;23;25
28;2025-12-14;0;3
28;2025-12-14;1;0
28;2025-12-14;2;0
28;2025-12-14;3;0
28;2025-12-14;4;1
28;2025-12-14;5;28
28;2025-12-14;6;81
28;2025-12-14;7;110
28;2025-12-14;8;222
28;2025-12-14;9;330
28;2025-12-14;10;375
28;2025-12-14;11;429
28;2025-12-14;12;484
28;2025-12-14;13;542
28;2025-12-14;14;534
28;2025-12-14;15;525
28;2025-12-14;16;492
28;2025-12-14;17;465
28;2025-12-14;18;410
28;2025-12-14;19;338
28;2025-12-14;20;265
28;2025-12-14;21;223
28;2025-12-14;22;109
28;2025-12-14;23;7
28;2025-12-15;0;1
28;2025-12-15;1;0
28;2025-12-15;2;0
28;2025-12-15;3;0
28;2025-12-15;4;2
28;2025-12-15;5;69
28;2025-12-15;6;262
28;2025-12-15;7;776
28;2025-12-15;8;1280
28;2025-12-15;9;845
28;2025-12-15;10;593
28;2025-12-15;11;553
28;2025-12-15;12;612
28;2025-12-15;13;632
28;2025-12-15;14;603
28;2025-12-15;15;673
28;2025-12-15;16;816
28;2025-12-15;17;970
28;2025-12-15;18;1031
28;2025-12-15;19;730
28;2025-12-15;20;483
28;2025-12-15;21;283
28;2025-12-15;22;110
28;2025-12-15;23;2
28;2025-12-16;0;0
28;2025-12-16;1;0
28;2025-12-16;2;0
28;2025-12-16;3;0
28;2025-12-16;4;2
28;2025-12-16;5;72
28;2025-12-16;6;266
28;2025-12-16;7;801
28;2025-12-16;8;1319
28;2025-12-16;9;868
28;2025-12-16;10;638
28;2025-12-16;11;594
28;2025-12-16;12;642
28;2025-12-16;13;669
28;2025-12-16;14;635
28;2025-12-16;15;699
28;2025-12-16;16;838
28;2025-12-16;17;999
28;2025-12-16;18;1052
28;2025-12-16;19;734
28;2025-12-16;20;502
28;2025-12-16;21;301
28;2025-12-16;22;127
28;2025-12-16;23;11
28;2025-12-17;0;0
28;2025-12-17;1;0
28;2025-12-17;2;0
28;2025-12-17;3;0
28;2025-12-17;4;1
28;2025-12-17;5;77
28;2025-12-17;6;278
28;2025-12-17;7;830
28;2025-12-17;8;1383
28;2025-12-17;9;895
28;2025-12-17;10;659
28;2025-12-17;11;625
28;2025-12-17;12;673
28;2025-12-17;13;705
28;2025-12-17;14;666
28;2025-12-17;15;740
28;2025-12-17;16;884
28;2025-12-17;17;1037
28;2025-12-17;18;1091
28;2025-12-17;19;764
28;2025-12-17;20;519
28;2025-12-17;21;315
28;2025-12-17;22;139
28;2025-12-17;23;13
28;2025-12-18;0;0
28;2025-12-18;1;0
28;2025-12-18;2;0
28;2025-12-18;3;0
28;2025-12-18;4;1
28;2025-12-18;5;75
28;2025-12-18;6;279
28;2025-12-18;7;819
28;2025-12-18;8;1349
28;2025-12-18;9;906
28;2025-12-18;10;660
28;2025-12-18;11;619
28;2025-12-18;12;682
28;2025-12-18;13;707
28;2025-12-18;14;669
28;2025-12-18;15;736
28;2025-12-18;16;877
28;2025-12-18;17;1039
28;2025-12-18;18;1087
28;2025-12-18;19;757
28;2025-12-18;20;520
28;2025-12-18;21;318
28;2025-12-18;22;139
28;2025-12-18;23;14
28;2025-12-19;0;1
28;2025-12-19;1;0
28;2025-12-19;2;0
28;2025-12-19;3;0
28;2025-12-19;4;1
28;2025-12-19;5;72
28;2025-12-19;6;274
28;2025-12-19;7;784
28;2025-12-19;8;1288
28;2025-12-19;9;851
28;2025-12-19;10;649
28;2025-12-19;11;627
28;2025-12-19;12;683
28;2025-12-19;13;724
28;2025-12-19;14;714
28;2025-12-19;15;795
28;2025-12-19;16;958
28;2025-12-19;17;1015
28;2025-12-19;18;910
28;2025-12-19;19;686
28;2025-12-19;20;470
28;2025-12-19;21;307
28;2025-12-19;22;140
28;2025-12-19;23;23
28;2025-12-20;0;3
28;2025-12-20;1;0
28;2025-12-20;2;0
28;2025-12-20;3;0
28;2025-12-20;4;1
28;2025-12-20;5;41
28;2025-12-20;6;116
28;2025-12-20;7;206
28;2025-12-20;8;358
28;2025-12-20;9;454
28;2025-12-20;10;492
28;2025-12-20;11;530
28;2025-12-20;12;588
28;2025-12-20;13;634
28;2025-12-20;14;620
28;2025-12-20;15;602
28;2025-12-20;16;577
28;2025-12-20;17;553
28;2025-12-20;18;494
28;2025-12-20;19;413
28;2025-12-20;20;316
28;2025-12-20;21;263
28;2025-12-20;22;143
28;2025-12-20;23;30
28;2025-12-21;0;3
28;2025-12-21;1;0
28;2025-12-21;2;0
28;2025-12-21;3;0
28;2025-12-21;4;1
28;2025-12-21;5;27
28;2025-12-21;6;78
28;2025-12-21;7;106
28;2025-12-21;8;221
28;2025-12-21;9;329
28;2025-12-21;10;377
28;2025-12-21;11;431
28;2025-12-21;12;486
28;2025-12-21;13;544
28;2025-12-21;14;536
28;2025-12-21;15;526
28;2025-12-21;16;492
28;2025-12-21;17;467
28;2025-12-21;18;409
28;2025-12-21;19;336
28;2025-12-21;20;264
28;2025-12-21;21;223
28;2025-12-21;22;112
28;2025-12-21;23;8
28;2025-12-22;0;1
28;2025-12-22;1;0
28;2025-12-22;2;0
28;2025-12-22;3;0
28;2025-12-22;4;1
28;2025-12-22;5;68
28;2025-12-22;6;261
28;2025-12-22;7;771
28;2025-12-22;8;1270
28;2025-12-22;9;836
28;2025-12-22;10;588
28;2025-12-22;11;551
28;2025-12-22;12;611
28;2025-12-22;13;630
28;2025-12-22;14;600
28;2025-12-22;15;668
28;2025-12-22;16;812
28;2025-12-22;17;967
28;2025-12-22;18;1029
28;2025-12-22;19;728
28;2025-12-22;20;483
28;2025-12-22;21;284
28;2025-12-22;22;112
28;2025-12-22;23;2
28;2025-12-23;0;0
28;2025-12-23;1;0
28;2025-12-23;2;0
28;2025-12-23;3;0
28;2025-12-23;4;1
28;2025-12-23;5;71
28;2025-12-23;6;266
28;2025-12-23;7;792
28;2025-12-23;8;1299
28;2025-12-23;9;855
28;2025-12-23;10;629
28;2025-12-23;11;587
28;2025-12-23;12;636
28;2025-12-23;13;662
28;2025-12-23;14;628
28;2025-12-23;15;691
28;2025-12-23;16;830
28;2025-12-23;17;993
28;2025-12-23;18;1049
28;2025-12-23;19;733
28;2025-12-23;20;502
28;2025-12-23;21;302
28;2025-12-23;22;129
28;2025-12-23;23;11
28;2025-12-24;0;0
28;2025-12-24;1;0
28;2025-12-24;2;0
28;2025-12-24;3;0
28;2025-12-24;4;1
28;2025-12-24;5;73
28;2025-12-24;6;273
28;2025-12-24;7;821
28;2025-12-24;8;1367
28;2025-12-24;9;887
28;2025-12-24;10;652
28;2025-12-24;11;617
28;2025-12-24;12;666
28;2025-12-24;13;697
28;2025-12-24;14;658
28;2025-12-24;15;729
28;2025-12-24;16;876
28;2025-12-24;17;1033
28;2025-12-24;18;1085
28;2025-12-24;19;752
28;2025-12-24;20;517
28;2025-12-24;21;314
28;2025-12-24;22;137
28;2025-12-24;23;10
28;2025-12-25;0;0
28;2025-12-25;1;0
28;2025-12-25;2;0
28;2025-12-25;3;0
28;2025-12-25;4;1
28;2025-12-25;5;79
28;2025-12-25;6;281
28;2025-12-25;7;797
28;2025-12-25;8;1315
28;2025-12-25;9;899
28;2025-12-25;10;675
28;2025-12-25;11;635
28;2025-12-25;12;701
28;2025-12-25;13;721
28;2025-12-25;14;685
28;2025-12-25;15;751
28;2025-12-25;16;872
28;2025-12-25;17;1026
28;2025-12-25;18;1068
28;2025-12-25;19;752
28;2025-12-25;20;525
28;2025-12-25;21;323
28;2025-12-25;22;145
28;2025-12-25;23;18
28;2025-12-26;0;1
28;2025-12-26;1;0
28;2025-12-26;2;0
28;2025-12-26;3;0
28;2025-12-26;4;0
28;2025-12-26;5;80
28;2025-12-26;6;273
28;2025-12-26;7;763
28;2025-12-26;8;1278
28;2025-12-26;9;858
28;2025-12-26;10;666
28;2025-12-26;11;640
28;2025-12-26;12;698
28;2025-12-26;13;732
28;2025-12-26;14;721
28;2025-12-26;15;796
28;2025-12-26;16;948
28;2025-12-26;17;1001
28;2025-12-26;18;903
28;2025-12-26;19;674
28;2025-12-26;20;474
28;2025-12-26;21;310
28;2025-12-26;22;146
28;2025-12-26;23;27
28;2025-12-27;0;4
28;2025-12-27;1;0
28;2025-12-27;2;0
28;2025-12-27;3;0
28;2025-12-27;4;2
28;2025-12-27;5;49
28;2025-12-27;6;124
28;2025-12-27;7;211
28;2025-12-27;8;358
28;2025-12-27;9;456
28;2025-12-27;10;482
28;2025-12-27;11;515
28;2025-12-27;12;570
28;2025-12-27;13;609
28;2025-12-27;14;598
28;2025-12-27;15;575
28;2025-12-27;16;545
28;2025-12-27;17;515
28;2025-12-27;18;465
28;2025-12-27;19;394
28;2025-12-27;20;309
28;2025-12-27;21;259
28;2025-12-27;22;141
28;2025-12-27;23;32
28;2025-12-28;0;4
28;2025-12-28;1;0
28;2025-12-28;2;0
28;2025-12-28;3;0
28;2025-12-28;4;1
28;2025-12-28;5;37
28;2025-12-28;6;84
28;2025-12-28;7;103
28;2025-12-28;8;226
28;2025-12-28;9;329
28;2025-12-28;10;369
28;2025-12-28;11;421
28;2025-12-28;12;468
28;2025-12-28;13;520
28;2025-12-28;14;512
28;2025-12-28;15;495
28;2025-12-28;16;458
28;2025-12-28;17;429
28;2025-12-28;18;378
28;2025-12-28;19;321
28;2025-12-28;20;256
28;2025-12-28;21;219
28;2025-12-28;22;111
28;2025-12-28;23;12
28;2025-12-29;0;0
28;2025-12-29;1;0
28;2025-12-29;2;0
28;2025-12-29;3;0
28;2025-12-29;4;2
28;2025-12-29;5;79
28;2025-12-29;6;265
28;2025-12-29;7;749
28;2025-12-29;8;1265
28;2025-12-29;9;846
28;2025-12-29;10;616
28;2025-12-29;11;580
28;2025-12-29;12;645
28;2025-12-29;13;653
28;2025-12-29;14;617
28;2025-12-29;15;682
28;2025-12-29;16;811
28;2025-12-29;17;951
28;2025-12-29;18;1002
28;2025-12-29;19;720
28;2025-12-29;20;479
28;2025-12-29;21;280
28;2025-12-29;22;107
28;2025-12-29;23;4
28;2025-12-30;0;0
28;2025-12-30;1;0
28;2025-12-30;2;0
28;2025-12-30;3;0
28;2025-12-30;4;2
28;2025-12-30;5;77
28;2025-12-30;6;263
28;2025-12-30;7;756
28;2025-12-30;8;1281
28;2025-12-30;9;860
28;2025-12-30;10;648
28;2025-12-30;11;611
28;2025-12-30;12;665
28;2025-12-30;13;685
28;2025-12-30;14;645
28;2025-12-30;15;703
28;2025-12-30;16;825
28;2025-12-30;17;959
28;2025-12-30;18;983
28;2025-12-30;19;714
28;2025-12-30;20;491
28;2025-12-30;21;298
28;2025-12-30;22;130
28;2025-12-30;23;13
28;2025-12-31;0;0
28;2025-12-31;1;0
28;2025-12-31;2;0
28;2025-12-31;3;0
28;2025-12-31;4;0
28;2025-12-31;5;6
28;2025-12-31;6;20
28;2025-12-31;7;42
28;2025-12-31;8;104
28;2025-12-31;9;146
28;2025-12-31;10;116
28;2025-12-31;11;190
28;2025-12-31;12;229
28;2025-12-31;13;269
28;2025-12-31;14;244
28;2025-12-31;15;222
28;2025-12-31;16;244
28;2025-12-31;17;215
28;2025-12-31;18;173
28;2025-12-31;19;170
28;2025-12-31;20;166
28;2025-12-31;21;124
28;2025-12-31;22;26
28;2025-12-31;23;3
50;2025-11-01;0;49
50;2025-11-01;1;9
50;2025-11-01;2;10
50;2025-11-01;3;20
50;2025-11-01;4;1
50;2025-11-01;5;38
50;2025-11-01;6;309
50;2025-11-01;7;911
50;2025-11-01;8;1376
50;2025-11-01;9;1050
50;2025-11-01;10;851
50;2025-11-01;11;757
50;2025-11-01;12;746
50;2025-11-01;13;809
50;2025-11-01;14;761
50;2025-11-01;15;853
50;2025-11-01;16;978
50;2025-11-01;17;1105
50;2025-11-01;18;1131
50;2025-11-01;19;725
50;2025-11-01;20;463
50;2025-11-01;21;326
50;2025-11-01;22;189
50;2025-11-01;23;97
50;2025-11-02;0;32
50;2025-11-02;1;1
50;2025-11-02;2;0
50;2025-11-02;3;8
50;2025-11-02;4;0
50;2025-11-02;5;4
50;2025-11-02;6;21
50;2025-11-02;7;39
50;2025-11-02;8;62
50;2025-11-02;9;77
50;2025-11-02;10;80
50;2025-11-02;11;103
50;2025-11-02;12;114
50;2025-11-02;13;150
50;2025-11-02;14;128
50;2025-11-02;15;115
50;2025-11-02;16;119
50;2025-11-02;17;120
50;2025-11-02;18;107
50;2025-11-02;19;94
50;2025-11-02;20;77
50;2025-11-02;21;60
50;2025-11-02;22;36
50;2025-11-02;23;19
50;2025-11-03;0;39
50;2025-11-03;1;4
50;2025-11-03;2;0
50;2025-11-03;3;0
50;2025-11-03;4;4
50;2025-11-03;5;16
50;2025-11-03;6;134
50;2025-11-03;7;356
50;2025-11-03;8;549
50;2025-11-03;9;505
50;2025-11-03;10;470
50;2025-11-03;11;498
50;2025-11-03;12;527
50;2025-11-03;13;560
50;2025-11-03;14;553
50;2025-11-03;15;562
50;2025-11-03;16;563
50;2025-11-03;17;666
50;2025-11-03;18;668
50;2025-11-03;19;554
50;2025-11-03;20;390
50;2025-11-03;21;304
50;2025-11-03;22;115
50;2025-11-03;23;86
50;2025-11-04;0;43
50;2025-11-04;1;9
50;2025-11-04;2;2
50;2025-11-04;3;0
50;2025-11-04;4;6
50;2025-11-04;5;6
50;2025-11-04;6;94
50;2025-11-04;7;336
50;2025-11-04;8;519
50;2025-11-04;9;488
50;2025-11-04;10;441
50;2025-11-04;11;486
50;2025-11-04;12;497
50;2025-11-04;13;537
50;2025-11-04;14;520
50;2025-11-04;15;526
50;2025-11-04;16;542
50;2025-11-04;17;605
50;2025-11-04;18;606
50;2025-11-04;19;493
50;2025-11-04;20;371
50;2025-11-04;21;292
50;2025-11-04;22;111
50;2025-11-04;23;97
50;2025-11-05;0;33
50;2025-11-05;1;0
50;2025-11-05;2;0
50;2025-11-05;3;0
50;2025-11-05;4;0
50;2025-11-05;5;70
50;2025-11-05;6;564
50;2025-11-05;7;1797
50;2025-11-05;8;2831
50;2025-11-05;9;2086
50;2025-11-05;10;1625
50;2025-11-05;11;1466
50;2025-11-05;12;1432
50;2025-11-05;13;1436
50;2025-11-05;14;1397
50;2025-11-05;15;1555
50;2025-11-05;16;1752
50;2025-11-05;17;2248
50;2025-11-05;18;2409
50;2025-11-05;19;1502
50;2025-11-05;20;903
50;2025-11-05;21;592
50;2025-11-05;22;267
50;2025-11-05;23;135
50;2025-11-06;0;33
50;2025-11-06;1;1
50;2025-11-06;2;0
50;2025-11-06;3;0
50;2025-11-06;4;0
50;2025-11-06;5;66
50;2025-11-06;6;513
50;2025-11-06;7;1674
50;2025-11-06;8;2626
50;2025-11-06;9;1942
50;2025-11-06;10;1507
50;2025-11-06;11;1375
50;2025-11-06;12;1330
50;2025-11-06;13;1339
50;2025-11-06;14;1306
50;2025-11-06;15;1474
50;2025-11-06;16;1648
50;2025-11-06;17;2107
50;2025-11-06;18;2253
50;2025-11-06;19;1394
50;2025-11-06;20;858
50;2025-11-06;21;561
50;2025-11-06;22;256
50;2025-11-06;23;128
50;2025-11-07;0;35
50;2025-11-07;1;1
50;2025-11-07;2;0
50;2025-11-07;3;0
50;2025-11-07;4;0
50;2025-11-07;5;69
50;2025-11-07;6;555
50;2025-11-07;7;1683
50;2025-11-07;8;2640
50;2025-11-07;9;1949
50;2025-11-07;10;1537
50;2025-11-07;11;1460
50;2025-11-07;12;1422
50;2025-11-07;13;1429
50;2025-11-07;14;1445
50;2025-11-07;15;1624
50;2025-11-07;16;1847
50;2025-11-07;17;2069
50;2025-11-07;18;1955
50;2025-11-07;19;1289
50;2025-11-07;20;827
50;2025-11-07;21;556
50;2025-11-07;22;256
50;2025-11-07;23;141
50;2025-11-08;0;34
50;2025-11-08;1;1
50;2025-11-08;2;0
50;2025-11-08;3;7
50;2025-11-08;4;0
50;2025-11-08;5;6
50;2025-11-08;6;35
50;2025-11-08;7;107
50;2025-11-08;8;161
50;2025-11-08;9;150
50;2025-11-08;10;127
50;2025-11-08;11;165
50;2025-11-08;12;188
50;2025-11-08;13;226
50;2025-11-08;14;192
50;2025-11-08;15;185
50;2025-11-08;16;179
50;2025-11-08;17;187
50;2025-11-08;18;133
50;2025-11-08;19;160
50;2025-11-08;20;92
50;2025-11-08;21;63
50;2025-11-08;22;41
50;2025-11-08;23;24
50;2025-11-09;0;33
50;2025-11-09;1;1
50;2025-11-09;2;0
50;2025-11-09;3;5
50;2025-11-09;4;0
50;2025-11-09;5;4
50;2025-11-09;6;21
50;2025-11-09;7;40
50;2025-11-09;8;64
50;2025-11-09;9;77
50;2025-11-09;10;80
50;2025-11-09;11;144
50;2025-11-09;12;180
50;2025-11-09;13;248
50;2025-11-09;14;215
50;2025-11-09;15;186
50;2025-11-09;16;175
50;2025-11-09;17;183
50;2025-11-09;18;115
50;2025-11-09;19;136
50;2025-11-09;20;95
50;2025-11-09;21;60
50;2025-11-09;22;36
50;2025-11-09;23;19
50;2025-11-10;0;30
50;2025-11-10;1;1
50;2025-11-10;2;0
50;2025-11-10;3;0
50;2025-11-10;4;0
50;2025-11-10;5;68
50;2025-11-10;6;546
50;2025-11-10;7;1744
50;2025-11-10;8;2701
50;2025-11-10;9;2004
50;2025-11-10;10;1544
50;2025-11-10;11;1411
50;2025-11-10;12;1362
50;2025-11-10;13;1378
50;2025-11-10;14;1364
50;2025-11-10;15;1522
50;2025-11-10;16;1674
50;2025-11-10;17;2167
50;2025-11-10;18;2326
50;2025-11-10;19;1464
50;2025-11-10;20;896
50;2025-11-10;21;569
50;2025-11-10;22;241
50;2025-11-10;23;118
50;2025-11-11;0;30
50;2025-11-11;1;1
50;2025-11-11;2;0
50;2025-11-11;3;0
50;2025-11-11;4;1
50;2025-11-11;5;73
50;2025-11-11;6;588
50;2025-11-11;7;1847
50;2025-11-11;8;2833
50;2025-11-11;9;2109
50;2025-11-11;10;1661
50;2025-11-11;11;1511
50;2025-11-11;12;1469
50;2025-11-11;13;1477
50;2025-11-11;14;1449
50;2025-11-11;15;1603
50;2025-11-11;16;1759
50;2025-11-11;17;2275
50;2025-11-11;18;2437
50;2025-11-11;19;1523
50;2025-11-11;20;959
50;2025-11-11;21;621
50;2025-11-11;22;282
50;2025-11-11;23;138
50;2025-11-12;0;34
50;2025-11-12;1;0
50;2025-11-12;2;0
50;2025-11-12;3;0
50;2025-11-12;4;0
50;2025-11-12;5;77
50;2025-11-12;6;606
50;2025-11-12;7;1916
50;2025-11-12;8;2955
50;2025-11-12;9;2202
50;2025-11-12;10;1735
50;2025-11-12;11;1578
50;2025-11-12;12;1542
50;2025-11-12;13;1549
50;2025-11-12;14;1514
50;2025-11-12;15;1672
50;2025-11-12;16;1866
50;2025-11-12;17;2366
50;2025-11-12;18;2543
50;2025-11-12;19;1591
50;2025-11-12;20;986
50;2025-11-12;21;655
50;2025-11-12;22;306
50;2025-11-12;23;153
50;2025-11-13;0;34
50;2025-11-13;1;1
50;2025-11-13;2;0
50;2025-11-13;3;1
50;2025-11-13;4;1
50;2025-11-13;5;73
50;2025-11-13;6;565
50;2025-11-13;7;1791
50;2025-11-13;8;2757
50;2025-11-13;9;2066
50;2025-11-13;10;1629
50;2025-11-13;11;1495
50;2025-11-13;12;1451
50;2025-11-13;13;1461
50;2025-11-13;14;1427
50;2025-11-13;15;1594
50;2025-11-13;16;1762
50;2025-11-13;17;2227
50;2025-11-13;18;2375
50;2025-11-13;19;1489
50;2025-11-13;20;945
50;2025-11-13;21;629
50;2025-11-13;22;290
50;2025-11-13;23;151
50;2025-11-14;0;36
50;2025-11-14;1;2
50;2025-11-14;2;0
50;2025-11-14;3;0
50;2025-11-14;4;0
50;2025-11-14;5;68
50;2025-11-14;6;566
50;2025-11-14;7;1731
50;2025-11-14;8;2697
50;2025-11-14;9;1999
50;2025-11-14;10;1586
50;2025-11-14;11;1504
50;2025-11-14;12;1467
50;2025-11-14;13;1475
50;2025-11-14;14;1489
50;2025-11-14;15;1670
50;2025-11-14;16;1891
50;2025-11-14;17;2118
50;2025-11-14;18;2003
50;2025-11-14;19;1325
50;2025-11-14;20;859
50;2025-11-14;21;584
50;2025-11-14;22;284
50;2025-11-14;23;162
50;2025-11-15;0;36
50;2025-11-15;1;1
50;2025-11-15;2;0
50;2025-11-15;3;7
50;2025-11-15;4;0
50;2025-11-15;5;6
50;2025-11-15;6;38
50;2025-11-15;7;118
50;2025-11-15;8;185
50;2025-11-15;9;172
50;2025-11-15;10;147
50;2025-11-15;11;184
50;2025-11-15;12;207
50;2025-11-15;13;247
50;2025-11-15;14;211
50;2025-11-15;15;204
50;2025-11-15;16;198
50;2025-11-15;17;209
50;2025-11-15;18;156
50;2025-11-15;19;174
50;2025-11-15;20;100
50;2025-11-15;21;75
50;2025-11-15;22;41
50;2025-11-15;23;24
50;2025-11-16;0;44
50;2025-11-16;1;1
50;2025-11-16;2;0
50;2025-11-16;3;5
50;2025-11-16;4;0
50;2025-11-16;5;4
50;2025-11-16;6;21
50;2025-11-16;7;45
50;2025-11-16;8;84
50;2025-11-16;9;77
50;2025-11-16;10;83
50;2025-11-16;11;169
50;2025-11-16;12;198
50;2025-11-16;13;268
50;2025-11-16;14;234
50;2025-11-16;15;206
50;2025-11-16;16;197
50;2025-11-16;17;210
50;2025-11-16;18;140
50;2025-11-16;19;151
50;2025-11-16;20;106
50;2025-11-16;21;73
50;2025-11-16;22;36
50;2025-11-16;23;19
50;2025-11-17;0;31
50;2025-11-17;1;1
50;2025-11-17;2;0
50;2025-11-17;3;0
50;2025-11-17;4;1
50;2025-11-17;5;68
50;2025-11-17;6;552
50;2025-11-17;7;1758
50;2025-11-17;8;2728
50;2025-11-17;9;2032
50;2025-11-17;10;1569
50;2025-11-17;11;1434
50;2025-11-17;12;1386
50;2025-11-17;13;1403
50;2025-11-17;14;1390
50;2025-11-17;15;1549
50;2025-11-17;16;1698
50;2025-11-17;17;2191
50;2025-11-17;18;2356
50;2025-11-17;19;1483
50;2025-11-17;20;915
50;2025-11-17;21;588
50;2025-11-17;22;261
50;2025-11-17;23;127
50;2025-11-18;0;30
50;2025-11-18;1;1
50;2025-11-18;2;0
50;2025-11-18;3;0
50;2025-11-18;4;1
50;2025-11-18;5;74
50;2025-11-18;6;588
50;2025-11-18;7;1846
50;2025-11-18;8;2840
50;2025-11-18;9;2115
50;2025-11-18;10;1663
50;2025-11-18;11;1508
50;2025-11-18;12;1472
50;2025-11-18;13;1479
50;2025-11-18;14;1448
50;2025-11-18;15;1603
50;2025-11-18;16;1760
50;2025-11-18;17;2277
50;2025-11-18;18;2443
50;2025-11-18;19;1525
50;2025-11-18;20;961
50;2025-11-18;21;624
50;2025-11-18;22;286
50;2025-11-18;23;142
50;2025-11-19;0;34
50;2025-11-19;1;1
50;2025-11-19;2;0
50;2025-11-19;3;0
50;2025-11-19;4;0
50;2025-11-19;5;76
50;2025-11-19;6;604
50;2025-11-19;7;1912
50;2025-11-19;8;2956
50;2025-11-19;9;2202
50;2025-11-19;10;1733
50;2025-11-19;11;1574
50;2025-11-19;12;1544
50;2025-11-19;13;1551
50;2025-11-19;14;1512
50;2025-11-19;15;1671
50;2025-11-19;16;1865
50;2025-11-19;17;2366
50;2025-11-19;18;2549
50;2025-11-19;19;1590
50;2025-11-19;20;986
50;2025-11-19;21;656
50;2025-11-19;22;308
50;2025-11-19;23;156
50;2025-11-20;0;35
50;2025-11-20;1;1
50;2025-11-20;2;0
50;2025-11-20;3;1
50;2025-11-20;4;1
50;2025-11-20;5;71
50;2025-11-20;6;562
50;2025-11-20;7;1789
50;2025-11-20;8;2759
50;2025-11-20;9;2067
50;2025-11-20;10;1629
50;2025-11-20;11;1498
50;2025-11-20;12;1453
50;2025-11-20;13;1463
50;2025-11-20;14;1426
50;2025-11-20;15;1593
50;2025-11-20;16;1762
50;2025-11-20;17;2228
50;2025-11-20;18;2378
50;2025-11-20;19;1488
50;2025-11-20;20;945
50;2025-11-20;21;631
50;2025-11-20;22;292
50;2025-11-20;23;153
50;2025-11-21;0;36
50;2025-11-21;1;2
50;2025-11-21;2;0
50;2025-11-21;3;0
50;2025-11-21;4;0
50;2025-11-21;5;67
50;2025-11-21;6;564
50;2025-11-21;7;1728
50;2025-11-21;8;2695
50;2025-11-21;9;1998
50;2025-11-21;10;1584
50;2025-11-21;11;1507
50;2025-11-21;12;1469
50;2025-11-21;13;1477
50;2025-11-21;14;1492
50;2025-11-21;15;1674
50;2025-11-21;16;1896
50;2025-11-21;17;2122
50;2025-11-21;18;2010
50;2025-11-21;19;1330
50;2025-11-21;20;861
50;2025-11-21;21;585
50;2025-11-21;22;285
50;2025-11-21;23;162
50;2025-11-22;0;36
50;2025-11-22;1;1
50;2025-11-22;2;0
50;2025-11-22;3;7
50;2025-11-22;4;0
50;2025-11-22;5;6
50;2025-11-22;6;36
50;2025-11-22;7;120
50;2025-11-22;8;187
50;2025-11-22;9;173
50;2025-11-22;10;149
50;2025-11-22;11;187
50;2025-11-22;12;209
50;2025-11-22;13;249
50;2025-11-22;14;210
50;2025-11-22;15;201
50;2025-11-22;16;197
50;2025-11-22;17;209
50;2025-11-22;18;159
50;2025-11-22;19;173
50;2025-11-22;20;101
50;2025-11-22;21;76
50;2025-11-22;22;41
50;2025-11-22;23;24
50;2025-11-23;0;37
50;2025-11-23;1;1
50;2025-11-23;2;0
50;2025-11-23;3;4
50;2025-11-23;4;0
50;2025-11-23;5;4
50;2025-11-23;6;21
50;2025-11-23;7;39
50;2025-11-23;8;77
50;2025-11-23;9;77
50;2025-11-23;10;80
50;2025-11-23;11;159
50;2025-11-23;12;190
50;2025-11-23;13;262
50;2025-11-23;14;225
50;2025-11-23;15;199
50;2025-11-23;16;191
50;2025-11-23;17;208
50;2025-11-23;18;142
50;2025-11-23;19;153
50;2025-11-23;20;101
50;2025-11-23;21;69
50;2025-11-23;22;36
50;2025-11-23;23;19
50;2025-11-24;0;31
50;2025-11-24;1;1
50;2025-11-24;2;0
50;2025-11-24;3;0
50;2025-11-24;4;1
50;2025-11-24;5;62
50;2025-11-24;6;543
50;2025-11-24;7;1744
50;2025-11-24;8;2712
50;2025-11-24;9;2021
50;2025-11-24;10;1560
50;2025-11-24;11;1430
50;2025-11-24;12;1380
50;2025-11-24;13;1400
50;2025-11-24;14;1380
50;2025-11-24;15;1539
50;2025-11-24;16;1689
50;2025-11-24;17;2182
50;2025-11-24;18;2348
50;2025-11-24;19;1471
50;2025-11-24;20;907
50;2025-11-24;21;579
50;2025-11-24;22;251
50;2025-11-24;23;119
50;2025-11-25;0;30
50;2025-11-25;1;1
50;2025-11-25;2;0
50;2025-11-25;3;0
50;2025-11-25;4;1
50;2025-11-25;5;68
50;2025-11-25;6;580
50;2025-11-25;7;1828
50;2025-11-25;8;2818
50;2025-11-25;9;2095
50;2025-11-25;10;1647
50;2025-11-25;11;1495
50;2025-11-25;12;1456
50;2025-11-25;13;1465
50;2025-11-25;14;1434
50;2025-11-25;15;1587
50;2025-11-25;16;1745
50;2025-11-25;17;2262
50;2025-11-25;18;2433
50;2025-11-25;19;1514
50;2025-11-25;20;954
50;2025-11-25;21;617
50;2025-11-25;22;280
50;2025-11-25;23;137
50;2025-11-26;0;34
50;2025-11-26;1;1
50;2025-11-26;2;0
50;2025-11-26;3;0
50;2025-11-26;4;0
50;2025-11-26;5;78
50;2025-11-26;6;604
50;2025-11-26;7;1899
50;2025-11-26;8;2941
50;2025-11-26;9;2190
50;2025-11-26;10;1725
50;2025-11-26;11;1568
50;2025-11-26;12;1536
50;2025-11-26;13;1541
50;2025-11-26;14;1501
50;2025-11-26;15;1659
50;2025-11-26;16;1854
50;2025-11-26;17;2356
50;2025-11-26;18;2547
50;2025-11-26;19;1588
50;2025-11-26;20;985
50;2025-11-26;21;656
50;2025-11-26;22;308
50;2025-11-26;23;157
50;2025-11-27;0;34
50;2025-11-27;1;1
50;2025-11-27;2;0
50;2025-11-27;3;2
50;2025-11-27;4;2
50;2025-11-27;5;75
50;2025-11-27;6;565
50;2025-11-27;7;1779
50;2025-11-27;8;2745
50;2025-11-27;9;2058
50;2025-11-27;10;1623
50;2025-11-27;11;1490
50;2025-11-27;12;1447
50;2025-11-27;13;1456
50;2025-11-27;14;1418
50;2025-11-27;15;1584
50;2025-11-27;16;1753
50;2025-11-27;17;2220
50;2025-11-27;18;2376
50;2025-11-27;19;1488
50;2025-11-27;20;946
50;2025-11-27;21;632
50;2025-11-27;22;291
50;2025-11-27;23;154
50;2025-11-28;0;36
50;2025-11-28;1;2
50;2025-11-28;2;0
50;2025-11-28;3;0
50;2025-11-28;4;0
50;2025-11-28;5;71
50;2025-11-28;6;566
50;2025-11-28;7;1721
50;2025-11-28;8;2684
50;2025-11-28;9;1990
50;2025-11-28;10;1576
50;2025-11-28;11;1497
50;2025-11-28;12;1462
50;2025-11-28;13;1468
50;2025-11-28;14;1481
50;2025-11-28;15;1661
50;2025-11-28;16;1884
50;2025-11-28;17;2113
50;2025-11-28;18;2008
50;2025-11-28;19;1330
50;2025-11-28;20;864
50;2025-11-28;21;588
50;2025-11-28;22;286
50;2025-11-28;23;164
50;2025-11-29;0;36
50;2025-11-29;1;1
50;2025-11-29;2;0
50;2025-11-29;3;6
50;2025-11-29;4;0
50;2025-11-29;5;6
50;2025-11-29;6;35
50;2025-11-29;7;114
50;2025-11-29;8;174
50;2025-11-29;9;159
50;2025-11-29;10;132
50;2025-11-29;11;173
50;2025-11-29;12;193
50;2025-11-29;13;231
50;2025-11-29;14;193
50;2025-11-29;15;184
50;2025-11-29;16;181
50;2025-11-29;17;195
50;2025-11-29;18;145
50;2025-11-29;19;165
50;2025-11-29;20;93
50;2025-11-29;21;69
50;2025-11-29;22;41
50;2025-11-29;23;24
50;2025-11-30;0;37
50;2025-11-30;1;1
50;2025-11-30;2;0
50;2025-11-30;3;5
50;2025-11-30;4;0
50;2025-11-30;5;4
50;2025-11-30;6;21
50;2025-11-30;7;39
50;2025-11-30;8;62
50;2025-11-30;9;77
50;2025-11-30;10;80
50;2025-11-30;11;125
50;2025-11-30;12;156
50;2025-11-30;13;222
50;2025-11-30;14;189
50;2025-11-30;15;160
50;2025-11-30;16;152
50;2025-11-30;17;174
50;2025-11-30;18;111
50;2025-11-30;19;135
50;2025-11-30;20;89
50;2025-11-30;21;61
50;2025-11-30;22;36
50;2025-11-30;23;19
50;2025-12-01;0;37
50;2025-12-01;1;3
50;2025-12-01;2;0
50;2025-12-01;3;0
50;2025-12-01;4;0
50;2025-12-01;5;70
50;2025-12-01;6;577
50;2025-12-01;7;1746
50;2025-12-01;8;2679
50;2025-12-01;9;2027
50;2025-12-01;10;1572
50;2025-12-01;11;1450
50;2025-12-01;12;1400
50;2025-12-01;13;1406
50;2025-12-01;14;1389
50;2025-12-01;15;1549
50;2025-12-01;16;1696
50;2025-12-01;17;2226
50;2025-12-01;18;2404
50;2025-12-01;19;1513
50;2025-12-01;20;923
50;2025-12-01;21;586
50;2025-12-01;22;266
50;2025-12-01;23;119
50;2025-12-02;0;36
50;2025-12-02;1;3
50;2025-12-02;2;0
50;2025-12-02;3;0
50;2025-12-02;4;1
50;2025-12-02;5;74
50;2025-12-02;6;611
50;2025-12-02;7;1828
50;2025-12-02;8;2787
50;2025-12-02;9;2106
50;2025-12-02;10;1665
50;2025-12-02;11;1524
50;2025-12-02;12;1487
50;2025-12-02;13;1482
50;2025-12-02;14;1454
50;2025-12-02;15;1611
50;2025-12-02;16;1763
50;2025-12-02;17;2309
50;2025-12-02;18;2483
50;2025-12-02;19;1556
50;2025-12-02;20;970
50;2025-12-02;21;620
50;2025-12-02;22;290
50;2025-12-02;23;130
50;2025-12-03;0;39
50;2025-12-03;1;2
50;2025-12-03;2;0
50;2025-12-03;3;0
50;2025-12-03;4;1
50;2025-12-03;5;80
50;2025-12-03;6;633
50;2025-12-03;7;1903
50;2025-12-03;8;2924
50;2025-12-03;9;2215
50;2025-12-03;10;1760
50;2025-12-03;11;1614
50;2025-12-03;12;1584
50;2025-12-03;13;1578
50;2025-12-03;14;1541
50;2025-12-03;15;1701
50;2025-12-03;16;1891
50;2025-12-03;17;2419
50;2025-12-03;18;2607
50;2025-12-03;19;1635
50;2025-12-03;20;1004
50;2025-12-03;21;660
50;2025-12-03;22;320
50;2025-12-03;23;152
50;2025-12-04;0;39
50;2025-12-04;1;3
50;2025-12-04;2;0
50;2025-12-04;3;2
50;2025-12-04;4;3
50;2025-12-04;5;82
50;2025-12-04;6;597
50;2025-12-04;7;1787
50;2025-12-04;8;2731
50;2025-12-04;9;2084
50;2025-12-04;10;1659
50;2025-12-04;11;1532
50;2025-12-04;12;1491
50;2025-12-04;13;1489
50;2025-12-04;14;1454
50;2025-12-04;15;1623
50;2025-12-04;16;1793
50;2025-12-04;17;2284
50;2025-12-04;18;2439
50;2025-12-04;19;1538
50;2025-12-04;20;969
50;2025-12-04;21;642
50;2025-12-04;22;306
50;2025-12-04;23;150
50;2025-12-05;0;40
50;2025-12-05;1;3
50;2025-12-05;2;0
50;2025-12-05;3;0
50;2025-12-05;4;1
50;2025-12-05;5;75
50;2025-12-05;6;597
50;2025-12-05;7;1732
50;2025-12-05;8;2673
50;2025-12-05;9;2019
50;2025-12-05;10;1614
50;2025-12-05;11;1545
50;2025-12-05;12;1510
50;2025-12-05;13;1508
50;2025-12-05;14;1511
50;2025-12-05;15;1693
50;2025-12-05;16;1913
50;2025-12-05;17;2184
50;2025-12-05;18;2081
50;2025-12-05;19;1382
50;2025-12-05;20;891
50;2025-12-05;21;598
50;2025-12-05;22;299
50;2025-12-05;23;159
50;2025-12-06;0;48
50;2025-12-06;1;5
50;2025-12-06;2;0
50;2025-12-06;3;0
50;2025-12-06;4;0
50;2025-12-06;5;30
50;2025-12-06;6;161
50;2025-12-06;7;309
50;2025-12-06;8;449
50;2025-12-06;9;510
50;2025-12-06;10;541
50;2025-12-06;11;623
50;2025-12-06;12;665
50;2025-12-06;13;706
50;2025-12-06;14;696
50;2025-12-06;15;685
50;2025-12-06;16;672
50;2025-12-06;17;660
50;2025-12-06;18;604
50;2025-12-06;19;545
50;2025-12-06;20;407
50;2025-12-06;21;318
50;2025-12-06;22;192
50;2025-12-06;23;112
50;2025-12-07;0;65
50;2025-12-07;1;7
50;2025-12-07;2;1
50;2025-12-07;3;0
50;2025-12-07;4;0
50;2025-12-07;5;22
50;2025-12-07;6;130
50;2025-12-07;7;257
50;2025-12-07;8;393
50;2025-12-07;9;490
50;2025-12-07;10;568
50;2025-12-07;11;704
50;2025-12-07;12;778
50;2025-12-07;13;848
50;2025-12-07;14;842
50;2025-12-07;15;807
50;2025-12-07;16;785
50;2025-12-07;17;762
50;2025-12-07;18;688
50;2025-12-07;19;603
50;2025-12-07;20;473
50;2025-12-07;21;371
50;2025-12-07;22;211
50;2025-12-07;23;116
50;2025-12-08;0;37
50;2025-12-08;1;3
50;2025-12-08;2;0
50;2025-12-08;3;0
50;2025-12-08;4;1
50;2025-12-08;5;71
50;2025-12-08;6;581
50;2025-12-08;7;1762
50;2025-12-08;8;2707
50;2025-12-08;9;2053
50;2025-12-08;10;1600
50;2025-12-08;11;1481
50;2025-12-08;12;1432
50;2025-12-08;13;1439
50;2025-12-08;14;1418
50;2025-12-08;15;1578
50;2025-12-08;16;1725
50;2025-12-08;17;2251
50;2025-12-08;18;2414
50;2025-12-08;19;1525
50;2025-12-08;20;935
50;2025-12-08;21;593
50;2025-12-08;22;270
50;2025-12-08;23;122
50;2025-12-09;0;37
50;2025-12-09;1;2
50;2025-12-09;2;0
50;2025-12-09;3;0
50;2025-12-09;4;1
50;2025-12-09;5;77
50;2025-12-09;6;618
50;2025-12-09;7;1852
50;2025-12-09;8;2824
50;2025-12-09;9;2141
50;2025-12-09;10;1702
50;2025-12-09;11;1562
50;2025-12-09;12;1525
50;2025-12-09;13;1522
50;2025-12-09;14;1492
50;2025-12-09;15;1648
50;2025-12-09;16;1799
50;2025-12-09;17;2341
50;2025-12-09;18;2506
50;2025-12-09;19;1576
50;2025-12-09;20;987
50;2025-12-09;21;635
50;2025-12-09;22;298
50;2025-12-09;23;136
50;2025-12-10;0;40
50;2025-12-10;1;2
50;2025-12-10;2;0
50;2025-12-10;3;0
50;2025-12-10;4;1
50;2025-12-10;5;82
50;2025-12-10;6;639
50;2025-12-10;7;1925
50;2025-12-10;8;2946
50;2025-12-10;9;2234
50;2025-12-10;10;1780
50;2025-12-10;11;1636
50;2025-12-10;12;1605
50;2025-12-10;13;1602
50;2025-12-10;14;1564
50;2025-12-10;15;1723
50;2025-12-10;16;1912
50;2025-12-10;17;2440
50;2025-12-10;18;2620
50;2025-12-10;19;1649
50;2025-12-10;20;1017
50;2025-12-10;21;670
50;2025-12-10;22;324
50;2025-12-10;23;151
50;2025-12-11;0;39
50;2025-12-11;1;3
50;2025-12-11;2;0
50;2025-12-11;3;1
50;2025-12-11;4;2
50;2025-12-11;5;79
50;2025-12-11;6;595
50;2025-12-11;7;1800
50;2025-12-11;8;2746
50;2025-12-11;9;2096
50;2025-12-11;10;1670
50;2025-12-11;11;1545
50;2025-12-11;12;1503
50;2025-12-11;13;1504
50;2025-12-11;14;1468
50;2025-12-11;15;1637
50;2025-12-11;16;1806
50;2025-12-11;17;2298
50;2025-12-11;18;2446
50;2025-12-11;19;1543
50;2025-12-11;20;973
50;2025-12-11;21;643
50;2025-12-11;22;306
50;2025-12-11;23;149
50;2025-12-12;0;41
50;2025-12-12;1;3
50;2025-12-12;2;0
50;2025-12-12;3;0
50;2025-12-12;4;1
50;2025-12-12;5;73
50;2025-12-12;6;594
50;2025-12-12;7;1740
50;2025-12-12;8;2685
50;2025-12-12;9;2026
50;2025-12-12;10;1623
50;2025-12-12;11;1555
50;2025-12-12;12;1520
50;2025-12-12;13;1519
50;2025-12-12;14;1523
50;2025-12-12;15;1705
50;2025-12-12;16;1928
50;2025-12-12;17;2191
50;2025-12-12;18;2078
50;2025-12-12;19;1381
50;2025-12-12;20;887
50;2025-12-12;21;595
50;2025-12-12;22;297
50;2025-12-12;23;156
50;2025-12-13;0;48
50;2025-12-13;1;5
50;2025-12-13;2;0
50;2025-12-13;3;0
50;2025-12-13;4;0
50;2025-12-13;5;32
50;2025-12-13;6;165
50;2025-12-13;7;316
50;2025-12-13;8;460
50;2025-12-13;9;520
50;2025-12-13;10;553
50;2025-12-13;11;635
50;2025-12-13;12;675
50;2025-12-13;13;718
50;2025-12-13;14;710
50;2025-12-13;15;699
50;2025-12-13;16;685
50;2025-12-13;17;672
50;2025-12-13;18;613
50;2025-12-13;19;552
50;2025-12-13;20;411
50;2025-12-13;21;322
50;2025-12-13;22;193
50;2025-12-13;23;113
50;2025-12-14;0;69
50;2025-12-14;1;7
50;2025-12-14;2;1
50;2025-12-14;3;0
50;2025-12-14;4;0
50;2025-12-14;5;24
50;2025-12-14;6;133
50;2025-12-14;7;266
50;2025-12-14;8;404
50;2025-12-14;9;501
50;2025-12-14;10;579
50;2025-12-14;11;708
50;2025-12-14;12;785
50;2025-12-14;13;856
50;2025-12-14;14;856
50;2025-12-14;15;824
50;2025-12-14;16;801
50;2025-12-14;17;777
50;2025-12-14;18;707
50;2025-12-14;19;617
50;2025-12-14;20;486
50;2025-12-14;21;382
50;2025-12-14;22;217
50;2025-12-14;23;123
50;2025-12-15;0;37
50;2025-12-15;1;3
50;2025-12-15;2;0
50;2025-12-15;3;0
50;2025-12-15;4;1
50;2025-12-15;5;71
50;2025-12-15;6;582
50;2025-12-15;7;1772
50;2025-12-15;8;2723
50;2025-12-15;9;2064
50;2025-12-15;10;1609
50;2025-12-15;11;1488
50;2025-12-15;12;1436
50;2025-12-15;13;1443
50;2025-12-15;14;1426
50;2025-12-15;15;1585
50;2025-12-15;16;1734
50;2025-12-15;17;2259
50;2025-12-15;18;2427
50;2025-12-15;19;1531
50;2025-12-15;20;939
50;2025-12-15;21;597
50;2025-12-15;22;272
50;2025-12-15;23;124
50;2025-12-16;0;36
50;2025-12-16;1;2
50;2025-12-16;2;0
50;2025-12-16;3;0
50;2025-12-16;4;1
50;2025-12-16;5;78
50;2025-12-16;6;620
50;2025-12-16;7;1864
50;2025-12-16;8;2844
50;2025-12-16;9;2157
50;2025-12-16;10;1716
50;2025-12-16;11;1579
50;2025-12-16;12;1537
50;2025-12-16;13;1534
50;2025-12-16;14;1505
50;2025-12-16;15;1662
50;2025-12-16;16;1813
50;2025-12-16;17;2353
50;2025-12-16;18;2519
50;2025-12-16;19;1580
50;2025-12-16;20;991
50;2025-12-16;21;637
50;2025-12-16;22;301
50;2025-12-16;23;139
50;2025-12-17;0;39
50;2025-12-17;1;2
50;2025-12-17;2;0
50;2025-12-17;3;0
50;2025-12-17;4;1
50;2025-12-17;5;83
50;2025-12-17;6;640
50;2025-12-17;7;1930
50;2025-12-17;8;2960
50;2025-12-17;9;2245
50;2025-12-17;10;1787
50;2025-12-17;11;1647
50;2025-12-17;12;1611
50;2025-12-17;13;1607
50;2025-12-17;14;1570
50;2025-12-17;15;1731
50;2025-12-17;16;1917
50;2025-12-17;17;2443
50;2025-12-17;18;2624
50;2025-12-17;19;1650
50;2025-12-17;20;1016
50;2025-12-17;21;670
50;2025-12-17;22;326
50;2025-12-17;23;154
50;2025-12-18;0;40
50;2025-12-18;1;3
50;2025-12-18;2;0
50;2025-12-18;3;1
50;2025-12-18;4;2
50;2025-12-18;5;80
50;2025-12-18;6;597
50;2025-12-18;7;1803
50;2025-12-18;8;2758
50;2025-12-18;9;2106
50;2025-12-18;10;1677
50;2025-12-18;11;1555
50;2025-12-18;12;1509
50;2025-12-18;13;1509
50;2025-12-18;14;1472
50;2025-12-18;15;1639
50;2025-12-18;16;1809
50;2025-12-18;17;2301
50;2025-12-18;18;2453
50;2025-12-18;19;1545
50;2025-12-18;20;973
50;2025-12-18;21;645
50;2025-12-18;22;309
50;2025-12-18;23;151
50;2025-12-19;0;41
50;2025-12-19;1;3
50;2025-12-19;2;0
50;2025-12-19;3;0
50;2025-12-19;4;1
50;2025-12-19;5;75
50;2025-12-19;6;599
50;2025-12-19;7;1747
50;2025-12-19;8;2696
50;2025-12-19;9;2037
50;2025-12-19;10;1632
50;2025-12-19;11;1570
50;2025-12-19;12;1530
50;2025-12-19;13;1529
50;2025-12-19;14;1533
50;2025-12-19;15;1717
50;2025-12-19;16;1940
50;2025-12-19;17;2202
50;2025-12-19;18;2091
50;2025-12-19;19;1390
50;2025-12-19;20;893
50;2025-12-19;21;600
50;2025-12-19;22;302
50;2025-12-19;23;159
50;2025-12-20;0;49
50;2025-12-20;1;5
50;2025-12-20;2;1
50;2025-12-20;3;0
50;2025-12-20;4;0
50;2025-12-20;5;32
50;2025-12-20;6;165
50;2025-12-20;7;320
50;2025-12-20;8;467
50;2025-12-20;9;529
50;2025-12-20;10;561
50;2025-12-20;11;647
50;2025-12-20;12;686
50;2025-12-20;13;729
50;2025-12-20;14;717
50;2025-12-20;15;705
50;2025-12-20;16;691
50;2025-12-20;17;679
50;2025-12-20;18;621
50;2025-12-20;19;557
50;2025-12-20;20;416
50;2025-12-20;21;326
50;2025-12-20;22;199
50;2025-12-20;23;116
50;2025-12-21;0;62
50;2025-12-21;1;6
50;2025-12-21;2;0
50;2025-12-21;3;0
50;2025-12-21;4;0
50;2025-12-21;5;22
50;2025-12-21;6;131
50;2025-12-21;7;263
50;2025-12-21;8;403
50;2025-12-21;9;501
50;2025-12-21;10;581
50;2025-12-21;11;712
50;2025-12-21;12;781
50;2025-12-21;13;852
50;2025-12-21;14;852
50;2025-12-21;15;821
50;2025-12-21;16;797
50;2025-12-21;17;775
50;2025-12-21;18;700
50;2025-12-21;19;607
50;2025-12-21;20;478
50;2025-12-21;21;375
50;2025-12-21;22;215
50;2025-12-21;23;117
50;2025-12-22;0;38
50;2025-12-22;1;3
50;2025-12-22;2;0
50;2025-12-22;3;0
50;2025-12-22;4;1
50;2025-12-22;5;71
50;2025-12-22;6;581
50;2025-12-22;7;1770
50;2025-12-22;8;2717
50;2025-12-22;9;2060
50;2025-12-22;10;1607
50;2025-12-22;11;1493
50;2025-12-22;12;1440
50;2025-12-22;13;1447
50;2025-12-22;14;1427
50;2025-12-22;15;1587
50;2025-12-22;16;1736
50;2025-12-22;17;2262
50;2025-12-22;18;2432
50;2025-12-22;19;1533
50;2025-12-22;20;941
50;2025-12-22;21;601
50;2025-12-22;22;276
50;2025-12-22;23;126
50;2025-12-23;0;37
50;2025-12-23;1;3
50;2025-12-23;2;0
50;2025-12-23;3;0
50;2025-12-23;4;1
50;2025-12-23;5;78
50;2025-12-23;6;620
50;2025-12-23;7;1856
50;2025-12-23;8;2832
50;2025-12-23;9;2148
50;2025-12-23;10;1709
50;2025-12-23;11;1574
50;2025-12-23;12;1533
50;2025-12-23;13;1530
50;2025-12-23;14;1502
50;2025-12-23;15;1659
50;2025-12-23;16;1810
50;2025-12-23;17;2353
50;2025-12-23;18;2521
50;2025-12-23;19;1583
50;2025-12-23;20;994
50;2025-12-23;21;642
50;2025-12-23;22;306
50;2025-12-23;23;143
50;2025-12-24;0;41
50;2025-12-24;1;3
50;2025-12-24;2;0
50;2025-12-24;3;0
50;2025-12-24;4;1
50;2025-12-24;5;87
50;2025-12-24;6;642
50;2025-12-24;7;1926
50;2025-12-24;8;2953
50;2025-12-24;9;2245
50;2025-12-24;10;1787
50;2025-12-24;11;1644
50;2025-12-24;12;1609
50;2025-12-24;13;1605
50;2025-12-24;14;1569
50;2025-12-24;15;1728
50;2025-12-24;16;1917
50;2025-12-24;17;2446
50;2025-12-24;18;2632
50;2025-12-24;19;1652
50;2025-12-24;20;1017
50;2025-12-24;21;673
50;2025-12-24;22;328
50;2025-12-24;23;154
50;2025-12-25;0;40
50;2025-12-25;1;3
50;2025-12-25;2;0
50;2025-12-25;3;2
50;2025-12-25;4;1
50;2025-12-25;5;87
50;2025-12-25;6;602
50;2025-12-25;7;1783
50;2025-12-25;8;2726
50;2025-12-25;9;2101
50;2025-12-25;10;1694
50;2025-12-25;11;1572
50;2025-12-25;12;1529
50;2025-12-25;13;1524
50;2025-12-25;14;1490
50;2025-12-25;15;1656
50;2025-12-25;16;1806
50;2025-12-25;17;2290
50;2025-12-25;18;2436
50;2025-12-25;19;1540
50;2025-12-25;20;977
50;2025-12-25;21;649
50;2025-12-25;22;315
50;2025-12-25;23;155
50;2025-12-26;0;41
50;2025-12-26;1;3
50;2025-12-26;2;0
50;2025-12-26;3;0
50;2025-12-26;4;0
50;2025-12-26;5;82
50;2025-12-26;6;599
50;2025-12-26;7;1728
50;2025-12-26;8;2686
50;2025-12-26;9;2045
50;2025-12-26;10;1649
50;2025-12-26;11;1583
50;2025-12-26;12;1545
50;2025-12-26;13;1537
50;2025-12-26;14;1541
50;2025-12-26;15;1719
50;2025-12-26;16;1932
50;2025-12-26;17;2189
50;2025-12-26;18;2085
50;2025-12-26;19;1379
50;2025-12-26;20;896
50;2025-12-26;21;604
50;2025-12-26;22;310
50;2025-12-26;23;164
50;2025-12-27;0;48
50;2025-12-27;1;4
50;2025-12-27;2;0
50;2025-12-27;3;0
50;2025-12-27;4;0
50;2025-12-27;5;38
50;2025-12-27;6;168
50;2025-12-27;7;320
50;2025-12-27;8;459
50;2025-12-27;9;522
50;2025-12-27;10;547
50;2025-12-27;11;627
50;2025-12-27;12;663
50;2025-12-27;13;700
50;2025-12-27;14;693
50;2025-12-27;15;678
50;2025-12-27;16;659
50;2025-12-27;17;643
50;2025-12-27;18;593
50;2025-12-27;19;539
50;2025-12-27;20;408
50;2025-12-27;21;324
50;2025-12-27;22;198
50;2025-12-27;23;120
50;2025-12-28;0;62
50;2025-12-28;1;6
50;2025-12-28;2;0
50;2025-12-28;3;0
50;2025-12-28;4;0
50;2025-12-28;5;34
50;2025-12-28;6;138
50;2025-12-28;7;259
50;2025-12-28;8;401
50;2025-12-28;9;494
50;2025-12-28;10;566
50;2025-12-28;11;694
50;2025-12-28;12;755
50;2025-12-28;13;817
50;2025-12-28;14;818
50;2025-12-28;15;779
50;2025-12-28;16;750
50;2025-12-28;17;723
50;2025-12-28;18;657
50;2025-12-28;19;588
50;2025-12-28;20;466
50;2025-12-28;21;373
50;2025-12-28;22;216
50;2025-12-28;23;125
50;2025-12-29;0;36
50;2025-12-29;1;3
50;2025-12-29;2;0
50;2025-12-29;3;0
50;2025-12-29;4;2
50;2025-12-29;5;82
50;2025-12-29;6;587
50;2025-12-29;7;1735
50;2025-12-29;8;2712
50;2025-12-29;9;2070
50;2025-12-29;10;1638
50;2025-12-29;11;1523
50;2025-12-29;12;1475
50;2025-12-29;13;1470
50;2025-12-29;14;1443
50;2025-12-29;15;1601
50;2025-12-29;16;1734
50;2025-12-29;17;2244
50;2025-12-29;18;2403
50;2025-12-29;19;1522
50;2025-12-29;20;936
50;2025-12-29;21;598
50;2025-12-29;22;273
50;2025-12-29;23;130
50;2025-12-30;0;35
50;2025-12-30;1;3
50;2025-12-30;2;0
50;2025-12-30;3;0
50;2025-12-30;4;0
50;2025-12-30;5;81
50;2025-12-30;6;617
50;2025-12-30;7;1787
50;2025-12-30;8;2794
50;2025-12-30;9;2150
50;2025-12-30;10;1727
50;2025-12-30;11;1594
50;2025-12-30;12;1559
50;2025-12-30;13;1548
50;2025-12-30;14;1514
50;2025-12-30;15;1666
50;2025-12-30;16;1799
50;2025-12-30;17;2296
50;2025-12-30;18;2432
50;2025-12-30;19;1555
50;2025-12-30;20;975
50;2025-12-30;21;633
50;2025-12-30;22;303
50;2025-12-30;23;139
50;2025-12-31;0;38
50;2025-12-31;1;1
50;2025-12-31;2;0
50;2025-12-31;3;0
50;2025-12-31;4;1
50;2025-12-31;5;7
50;2025-12-31;6;64
50;2025-12-31;7;292
50;2025-12-31;8;478
50;2025-12-31;9;500
50;2025-12-31;10;462
50;2025-12-31;11;540
50;2025-12-31;12;564
50;2025-12-31;13;601
50;2025-12-31;14;581
50;2025-12-31;15;587
50;2025-12-31;16;586
50;2025-12-31;17;674
50;2025-12-31;18;637
50;2025-12-31;19;507
50;2025-12-31;20;370
50;2025-12-31;21;289
50;2025-12-31;22;111
50;2025-12-31;23;84
