route;date;hour;prediction
1;2025-11-01;0;18
1;2025-11-01;1;11
1;2025-11-01;2;12
1;2025-11-01;3;12
1;2025-11-01;4;18
1;2025-11-01;5;123
1;2025-11-01;6;460
1;2025-11-01;7;1127
1;2025-11-01;8;1528
1;2025-11-01;9;1291
1;2025-11-01;10;1258
1;2025-11-01;11;1260
1;2025-11-01;12;1307
1;2025-11-01;13;1327
1;2025-11-01;14;1285
1;2025-11-01;15;1353
1;2025-11-01;16;1392
1;2025-11-01;17;1455
1;2025-11-01;18;1460
1;2025-11-01;19;1089
1;2025-11-01;20;779
1;2025-11-01;21;528
1;2025-11-01;22;266
1;2025-11-01;23;100
1;2025-11-02;0;1
1;2025-11-02;1;0
1;2025-11-02;2;0
1;2025-11-02;3;1
1;2025-11-02;4;2
1;2025-11-02;5;5
1;2025-11-02;6;84
1;2025-11-02;7;187
1;2025-11-02;8;281
1;2025-11-02;9;467
1;2025-11-02;10;570
1;2025-11-02;11;597
1;2025-11-02;12;690
1;2025-11-02;13;725
1;2025-11-02;14;692
1;2025-11-02;15;628
1;2025-11-02;16;571
1;2025-11-02;17;489
1;2025-11-02;18;425
1;2025-11-02;19;376
1;2025-11-02;20;304
1;2025-11-02;21;219
1;2025-11-02;22;77
1;2025-11-02;23;19
1;2025-11-03;0;1
1;2025-11-03;1;0
1;2025-11-03;2;1
1;2025-11-03;3;0
1;2025-11-03;4;2
1;2025-11-03;5;14
1;2025-11-03;6;143
1;2025-11-03;7;351
1;2025-11-03;8;458
1;2025-11-03;9;555
1;2025-11-03;10;600
1;2025-11-03;11;627
1;2025-11-03;12;733
1;2025-11-03;13;780
1;2025-11-03;14;758
1;2025-11-03;15;739
1;2025-11-03;16;708
1;2025-11-03;17;718
1;2025-11-03;18;696
1;2025-11-03;19;598
1;2025-11-03;20;421
1;2025-11-03;21;271
1;2025-11-03;22;83
1;2025-11-03;23;11
1;2025-11-04;0;1
1;2025-11-04;1;0
1;2025-11-04;2;1
1;2025-11-04;3;0
1;2025-11-04;4;3
1;2025-11-04;5;5
1;2025-11-04;6;99
1;2025-11-04;7;294
1;2025-11-04;8;390
1;2025-11-04;9;502
1;2025-11-04;10;551
1;2025-11-04;11;575
1;2025-11-04;12;659
1;2025-11-04;13;730
1;2025-11-04;14;668
1;2025-11-04;15;635
1;2025-11-04;16;626
1;2025-11-04;17;598
1;2025-11-04;18;559
1;2025-11-04;19;493
1;2025-11-04;20;367
1;2025-11-04;21;243
1;2025-11-04;22;59
1;2025-11-04;23;6
1;2025-11-05;0;1
1;2025-11-05;1;0
1;2025-11-05;2;0
1;2025-11-05;3;0
1;2025-11-05;4;1
1;2025-11-05;5;118
1;2025-11-05;6;497
1;2025-11-05;7;1414
1;2025-11-05;8;1963
1;2025-11-05;9;1402
1;2025-11-05;10;1241
1;2025-11-05;11;1236
1;2025-11-05;12;1269
1;2025-11-05;13;1303
1;2025-11-05;14;1238
1;2025-11-05;15;1356
1;2025-11-05;16;1421
1;2025-11-05;17;1690
1;2025-11-05;18;1761
1;2025-11-05;19;1304
1;2025-11-05;20;796
1;2025-11-05;21;443
1;2025-11-05;22;173
1;2025-11-05;23;29
1;2025-11-06;0;3
1;2025-11-06;1;0
1;2025-11-06;2;0
1;2025-11-06;3;0
1;2025-11-06;4;1
1;2025-11-06;5;113
1;2025-11-06;6;464
1;2025-11-06;7;1394
1;2025-11-06;8;1922
1;2025-11-06;9;1393
1;2025-11-06;10;1236
1;2025-11-06;11;1231
1;2025-11-06;12;1268
1;2025-11-06;13;1284
1;2025-11-06;14;1238
1;2025-11-06;15;1364
1;2025-11-06;16;1434
1;2025-11-06;17;1679
1;2025-11-06;18;1751
1;2025-11-06;19;1269
1;2025-11-06;20;793
1;2025-11-06;21;437
1;2025-11-06;22;173
1;2025-11-06;23;29
1;2025-11-07;0;4
1;2025-11-07;1;0
1;2025-11-07;2;0
1;2025-11-07;3;0
1;2025-11-07;4;5
1;2025-11-07;5;126
1;2025-11-07;6;501
1;2025-11-07;7;1436
1;2025-11-07;8;1944
1;2025-11-07;9;1424
1;2025-11-07;10;1288
1;2025-11-07;11;1328
1;2025-11-07;12;1340
1;2025-11-07;13;1375
1;2025-11-07;14;1339
1;2025-11-07;15;1469
1;2025-11-07;16;1565
1;2025-11-07;17;1715
1;2025-11-07;18;1580
1;2025-11-07;19;1213
1;2025-11-07;20;773
1;2025-11-07;21;465
1;2025-11-07;22;180
1;2025-11-07;23;41
1;2025-11-08;0;2
1;2025-11-08;1;0
1;2025-11-08;2;0
1;2025-11-08;3;0
1;2025-11-08;4;0
1;2025-11-08;5;21
1;2025-11-08;6;168
1;2025-11-08;7;334
1;2025-11-08;8;463
1;2025-11-08;9;663
1;2025-11-08;10;789
1;2025-11-08;11;802
1;2025-11-08;12;924
1;2025-11-08;13;946
1;2025-11-08;14;895
1;2025-11-08;15;821
1;2025-11-08;16;757
1;2025-11-08;17;694
1;2025-11-08;18;610
1;2025-11-08;19;541
1;2025-11-08;20;404
1;2025-11-08;21;277
1;2025-11-08;22;107
1;2025-11-08;23;24
1;2025-11-09;0;2
1;2025-11-09;1;0
1;2025-11-09;2;0
1;2025-11-09;3;0
1;2025-11-09;4;0
1;2025-11-09;5;10
1;2025-11-09;6;109
1;2025-11-09;7;235
1;2025-11-09;8;330
1;2025-11-09;9;533
1;2025-11-09;10;649
1;2025-11-09;11;693
1;2025-11-09;12;796
1;2025-11-09;13;828
1;2025-11-09;14;783
1;2025-11-09;15;715
1;2025-11-09;16;650
1;2025-11-09;17;582
1;2025-11-09;18;508
1;2025-11-09;19;434
1;2025-11-09;20;336
1;2025-11-09;21;233
1;2025-11-09;22;76
1;2025-11-09;23;8
1;2025-11-10;0;0
1;2025-11-10;1;0
1;2025-11-10;2;0
1;2025-11-10;3;0
1;2025-11-10;4;7
1;2025-11-10;5;119
1;2025-11-10;6;505
1;2025-11-10;7;1455
1;2025-11-10;8;1986
1;2025-11-10;9;1435
1;2025-11-10;10;1239
1;2025-11-10;11;1239
1;2025-11-10;12;1296
1;2025-11-10;13;1317
1;2025-11-10;14;1294
1;2025-11-10;15;1422
1;2025-11-10;16;1502
1;2025-11-10;17;1764
1;2025-11-10;18;1867
1;2025-11-10;19;1373
1;2025-11-10;20;849
1;2025-11-10;21;460
1;2025-11-10;22;167
1;2025-11-10;23;24
1;2025-11-11;0;2
1;2025-11-11;1;0
1;2025-11-11;2;0
1;2025-11-11;3;0
1;2025-11-11;4;7
1;2025-11-11;5;119
1;2025-11-11;6;524
1;2025-11-11;7;1533
1;2025-11-11;8;2048
1;2025-11-11;9;1502
1;2025-11-11;10;1328
1;2025-11-11;11;1318
1;2025-11-11;12;1347
1;2025-11-11;13;1363
1;2025-11-11;14;1302
1;2025-11-11;15;1419
1;2025-11-11;16;1505
1;2025-11-11;17;1789
1;2025-11-11;18;1866
1;2025-11-11;19;1387
1;2025-11-11;20;868
1;2025-11-11;21;488
1;2025-11-11;22;183
1;2025-11-11;23;35
1;2025-11-12;0;2
1;2025-11-12;1;0
1;2025-11-12;2;0
1;2025-11-12;3;0
1;2025-11-12;4;7
1;2025-11-12;5;123
1;2025-11-12;6;532
1;2025-11-12;7;1509
1;2025-11-12;8;2062
1;2025-11-12;9;1488
1;2025-11-12;10;1326
1;2025-11-12;11;1323
1;2025-11-12;12;1358
1;2025-11-12;13;1394
1;2025-11-12;14;1332
1;2025-11-12;15;1454
1;2025-11-12;16;1515
1;2025-11-12;17;1788
1;2025-11-12;18;1868
1;2025-11-12;19;1373
1;2025-11-12;20;860
1;2025-11-12;21;489
1;2025-11-12;22;197
1;2025-11-12;23;38
1;2025-11-13;0;4
1;2025-11-13;1;0
1;2025-11-13;2;0
1;2025-11-13;3;0
1;2025-11-13;4;7
1;2025-11-13;5;117
1;2025-11-13;6;506
1;2025-11-13;7;1491
1;2025-11-13;8;2029
1;2025-11-13;9;1489
1;2025-11-13;10;1335
1;2025-11-13;11;1329
1;2025-11-13;12;1367
1;2025-11-13;13;1385
1;2025-11-13;14;1339
1;2025-11-13;15;1468
1;2025-11-13;16;1532
1;2025-11-13;17;1782
1;2025-11-13;18;1850
1;2025-11-13;19;1346
1;2025-11-13;20;865
1;2025-11-13;21;489
1;2025-11-13;22;191
1;2025-11-13;23;40
1;2025-11-14;0;5
1;2025-11-14;1;0
1;2025-11-14;2;0
1;2025-11-14;3;0
1;2025-11-14;4;6
1;2025-11-14;5;124
1;2025-11-14;6;508
1;2025-11-14;7;1469
1;2025-11-14;8;1984
1;2025-11-14;9;1452
1;2025-11-14;10;1317
1;2025-11-14;11;1353
1;2025-11-14;12;1364
1;2025-11-14;13;1400
1;2025-11-14;14;1366
1;2025-11-14;15;1497
1;2025-11-14;16;1594
1;2025-11-14;17;1747
1;2025-11-14;18;1610
1;2025-11-14;19;1234
1;2025-11-14;20;791
1;2025-11-14;21;477
1;2025-11-14;22;193
1;2025-11-14;23;51
1;2025-11-15;0;3
1;2025-11-15;1;0
1;2025-11-15;2;0
1;2025-11-15;3;0
1;2025-11-15;4;1
1;2025-11-15;5;32
1;2025-11-15;6;184
1;2025-11-15;7;363
1;2025-11-15;8;507
1;2025-11-15;9;712
1;2025-11-15;10;841
1;2025-11-15;11;853
1;2025-11-15;12;970
1;2025-11-15;13;995
1;2025-11-15;14;944
1;2025-11-15;15;866
1;2025-11-15;16;796
1;2025-11-15;17;736
1;2025-11-15;18;651
1;2025-11-15;19;573
1;2025-11-15;20;429
1;2025-11-15;21;298
1;2025-11-15;22;127
1;2025-11-15;23;36
1;2025-11-16;0;1
1;2025-11-16;1;0
1;2025-11-16;2;0
1;2025-11-16;3;0
1;2025-11-16;4;0
1;2025-11-16;5;17
1;2025-11-16;6;123
1;2025-11-16;7;256
1;2025-11-16;8;365
1;2025-11-16;9;572
1;2025-11-16;10;690
1;2025-11-16;11;728
1;2025-11-16;12;827
1;2025-11-16;13;860
1;2025-11-16;14;818
1;2025-11-16;15;746
1;2025-11-16;16;681
1;2025-11-16;17;616
1;2025-11-16;18;540
1;2025-11-16;19;459
1;2025-11-16;20;357
1;2025-11-16;21;249
1;2025-11-16;22;93
1;2025-11-16;23;18
1;2025-11-17;0;1
1;2025-11-17;1;0
1;2025-11-17;2;0
1;2025-11-17;3;0
1;2025-11-17;4;7
1;2025-11-17;5;119
1;2025-11-17;6;508
1;2025-11-17;7;1462
1;2025-11-17;8;2005
1;2025-11-17;9;1450
1;2025-11-17;10;1257
1;2025-11-17;11;1257
1;2025-11-17;12;1309
1;2025-11-17;13;1332
1;2025-11-17;14;1314
1;2025-11-17;15;1437
1;2025-11-17;16;1517
1;2025-11-17;17;1778
1;2025-11-17;18;1885
1;2025-11-17;19;1386
1;2025-11-17;20;862
1;2025-11-17;21;472
1;2025-11-17;22;178
1;2025-11-17;23;31
1;2025-11-18;0;1
1;2025-11-18;1;0
1;2025-11-18;2;0
1;2025-11-18;3;0
1;2025-11-18;4;7
1;2025-11-18;5;118
1;2025-11-18;6;521
1;2025-11-18;7;1528
1;2025-11-18;8;2050
1;2025-11-18;9;1501
1;2025-11-18;10;1326
1;2025-11-18;11;1315
1;2025-11-18;12;1343
1;2025-11-18;13;1359
1;2025-11-18;14;1298
1;2025-11-18;15;1414
1;2025-11-18;16;1503
1;2025-11-18;17;1787
1;2025-11-18;18;1866
1;2025-11-18;19;1385
1;2025-11-18;20;868
1;2025-11-18;21;488
1;2025-11-18;22;184
1;2025-11-18;23;35
1;2025-11-19;0;2
1;2025-11-19;1;0
1;2025-11-19;2;0
1;2025-11-19;3;0
1;2025-11-19;4;7
1;2025-11-19;5;122
1;2025-11-19;6;529
1;2025-11-19;7;1502
1;2025-11-19;8;2059
1;2025-11-19;9;1484
1;2025-11-19;10;1320
1;2025-11-19;11;1319
1;2025-11-19;12;1353
1;2025-11-19;13;1389
1;2025-11-19;14;1326
1;2025-11-19;15;1448
1;2025-11-19;16;1510
1;2025-11-19;17;1784
1;2025-11-19;18;1866
1;2025-11-19;19;1371
1;2025-11-19;20;859
1;2025-11-19;21;488
1;2025-11-19;22;197
1;2025-11-19;23;38
1;2025-11-20;0;3
1;2025-11-20;1;0
1;2025-11-20;2;0
1;2025-11-20;3;0
1;2025-11-20;4;7
1;2025-11-20;5;115
1;2025-11-20;6;504
1;2025-11-20;7;1486
1;2025-11-20;8;2028
1;2025-11-20;9;1487
1;2025-11-20;10;1333
1;2025-11-20;11;1329
1;2025-11-20;12;1365
1;2025-11-20;13;1382
1;2025-11-20;14;1336
1;2025-11-20;15;1464
1;2025-11-20;16;1528
1;2025-11-20;17;1779
1;2025-11-20;18;1847
1;2025-11-20;19;1344
1;2025-11-20;20;864
1;2025-11-20;21;488
1;2025-11-20;22;192
1;2025-11-20;23;40
1;2025-11-21;0;5
1;2025-11-21;1;0
1;2025-11-21;2;0
1;2025-11-21;3;0
1;2025-11-21;4;6
1;2025-11-21;5;124
1;2025-11-21;6;506
1;2025-11-21;7;1465
1;2025-11-21;8;1981
1;2025-11-21;9;1449
1;2025-11-21;10;1313
1;2025-11-21;11;1353
1;2025-11-21;12;1362
1;2025-11-21;13;1398
1;2025-11-21;14;1366
1;2025-11-21;15;1497
1;2025-11-21;16;1595
1;2025-11-21;17;1748
1;2025-11-21;18;1613
1;2025-11-21;19;1237
1;2025-11-21;20;792
1;2025-11-21;21;478
1;2025-11-21;22;194
1;2025-11-21;23;50
1;2025-11-22;0;3
1;2025-11-22;1;0
1;2025-11-22;2;0
1;2025-11-22;3;0
1;2025-11-22;4;1
1;2025-11-22;5;30
1;2025-11-22;6;181
1;2025-11-22;7;367
1;2025-11-22;8;509
1;2025-11-22;9;714
1;2025-11-22;10;841
1;2025-11-22;11;856
1;2025-11-22;12;975
1;2025-11-22;13;1000
1;2025-11-22;14;948
1;2025-11-22;15;869
1;2025-11-22;16;801
1;2025-11-22;17;743
1;2025-11-22;18;659
1;2025-11-22;19;577
1;2025-11-22;20;433
1;2025-11-22;21;301
1;2025-11-22;22;129
1;2025-11-22;23;37
1;2025-11-23;0;3
1;2025-11-23;1;0
1;2025-11-23;2;0
1;2025-11-23;3;0
1;2025-11-23;4;1
1;2025-11-23;5;17
1;2025-11-23;6;119
1;2025-11-23;7;248
1;2025-11-23;8;357
1;2025-11-23;9;561
1;2025-11-23;10;677
1;2025-11-23;11;725
1;2025-11-23;12;823
1;2025-11-23;13;858
1;2025-11-23;14;814
1;2025-11-23;15;743
1;2025-11-23;16;678
1;2025-11-23;17;616
1;2025-11-23;18;542
1;2025-11-23;19;463
1;2025-11-23;20;359
1;2025-11-23;21;254
1;2025-11-23;22;94
1;2025-11-23;23;19
1;2025-11-24;0;1
1;2025-11-24;1;0
1;2025-11-24;2;0
1;2025-11-24;3;0
1;2025-11-24;4;7
1;2025-11-24;5;115
1;2025-11-24;6;500
1;2025-11-24;7;1451
1;2025-11-24;8;1992
1;2025-11-24;9;1443
1;2025-11-24;10;1248
1;2025-11-24;11;1252
1;2025-11-24;12;1305
1;2025-11-24;13;1329
1;2025-11-24;14;1308
1;2025-11-24;15;1430
1;2025-11-24;16;1513
1;2025-11-24;17;1774
1;2025-11-24;18;1881
1;2025-11-24;19;1382
1;2025-11-24;20;859
1;2025-11-24;21;468
1;2025-11-24;22;174
1;2025-11-24;23;25
1;2025-11-25;0;2
1;2025-11-25;1;0
1;2025-11-25;2;0
1;2025-11-25;3;0
1;2025-11-25;4;7
1;2025-11-25;5;115
1;2025-11-25;6;517
1;2025-11-25;7;1514
1;2025-11-25;8;2034
1;2025-11-25;9;1488
1;2025-11-25;10;1316
1;2025-11-25;11;1302
1;2025-11-25;12;1331
1;2025-11-25;13;1348
1;2025-11-25;14;1290
1;2025-11-25;15;1404
1;2025-11-25;16;1496
1;2025-11-25;17;1781
1;2025-11-25;18;1863
1;2025-11-25;19;1382
1;2025-11-25;20;865
1;2025-11-25;21;485
1;2025-11-25;22;181
1;2025-11-25;23;32
1;2025-11-26;0;2
1;2025-11-26;1;0
1;2025-11-26;2;0
1;2025-11-26;3;0
1;2025-11-26;4;7
1;2025-11-26;5;123
1;2025-11-26;6;529
1;2025-11-26;7;1491
1;2025-11-26;8;2048
1;2025-11-26;9;1476
1;2025-11-26;10;1313
1;2025-11-26;11;1308
1;2025-11-26;12;1341
1;2025-11-26;13;1375
1;2025-11-26;14;1312
1;2025-11-26;15;1432
1;2025-11-26;16;1499
1;2025-11-26;17;1773
1;2025-11-26;18;1863
1;2025-11-26;19;1367
1;2025-11-26;20;857
1;2025-11-26;21;486
1;2025-11-26;22;197
1;2025-11-26;23;39
1;2025-11-27;0;3
1;2025-11-27;1;0
1;2025-11-27;2;0
1;2025-11-27;3;0
1;2025-11-27;4;7
1;2025-11-27;5;117
1;2025-11-27;6;505
1;2025-11-27;7;1477
1;2025-11-27;8;2016
1;2025-11-27;9;1480
1;2025-11-27;10;1327
1;2025-11-27;11;1319
1;2025-11-27;12;1355
1;2025-11-27;13;1370
1;2025-11-27;14;1323
1;2025-11-27;15;1449
1;2025-11-27;16;1517
1;2025-11-27;17;1769
1;2025-11-27;18;1843
1;2025-11-27;19;1341
1;2025-11-27;20;862
1;2025-11-27;21;487
1;2025-11-27;22;191
1;2025-11-27;23;41
1;2025-11-28;0;5
1;2025-11-28;1;0
1;2025-11-28;2;0
1;2025-11-28;3;0
1;2025-11-28;4;6
1;2025-11-28;5;127
1;2025-11-28;6;507
1;2025-11-28;7;1459
1;2025-11-28;8;1972
1;2025-11-28;9;1444
1;2025-11-28;10;1307
1;2025-11-28;11;1343
1;2025-11-28;12;1353
1;2025-11-28;13;1387
1;2025-11-28;14;1352
1;2025-11-28;15;1480
1;2025-11-28;16;1582
1;2025-11-28;17;1738
1;2025-11-28;18;1610
1;2025-11-28;19;1236
1;2025-11-28;20;793
1;2025-11-28;21;479
1;2025-11-28;22;195
1;2025-11-28;23;51
1;2025-11-29;0;3
1;2025-11-29;1;0
1;2025-11-29;2;0
1;2025-11-29;3;0
1;2025-11-29;4;1
1;2025-11-29;5;33
1;2025-11-29;6;184
1;2025-11-29;7;365
1;2025-11-29;8;501
1;2025-11-29;9;702
1;2025-11-29;10;821
1;2025-11-29;11;835
1;2025-11-29;12;948
1;2025-11-29;13;970
1;2025-11-29;14;917
1;2025-11-29;15;840
1;2025-11-29;16;774
1;2025-11-29;17;718
1;2025-11-29;18;638
1;2025-11-29;19;561
1;2025-11-29;20;420
1;2025-11-29;21;290
1;2025-11-29;22;123
1;2025-11-29;23;34
1;2025-11-30;0;3
1;2025-11-30;1;0
1;2025-11-30;2;0
1;2025-11-30;3;0
1;2025-11-30;4;0
1;2025-11-30;5;19
1;2025-11-30;6;120
1;2025-11-30;7;246
1;2025-11-30;8;348
1;2025-11-30;9;550
1;2025-11-30;10;658
1;2025-11-30;11;698
1;2025-11-30;12;794
1;2025-11-30;13;824
1;2025-11-30;14;781
1;2025-11-30;15;711
1;2025-11-30;16;646
1;2025-11-30;17;589
1;2025-11-30;18;521
1;2025-11-30;19;447
1;2025-11-30;20;348
1;2025-11-30;21;244
1;2025-11-30;22;89
1;2025-11-30;23;14
1;2025-12-01;0;1
1;2025-12-01;1;0
1;2025-12-01;2;0
1;2025-12-01;3;0
1;2025-12-01;4;7
1;2025-12-01;5;116
1;2025-12-01;6;510
1;2025-12-01;7;1415
1;2025-12-01;8;1918
1;2025-12-01;9;1424
1;2025-12-01;10;1227
1;2025-12-01;11;1220
1;2025-12-01;12;1264
1;2025-12-01;13;1277
1;2025-12-01;14;1250
1;2025-12-01;15;1373
1;2025-12-01;16;1452
1;2025-12-01;17;1723
1;2025-12-01;18;1839
1;2025-12-01;19;1357
1;2025-12-01;20;841
1;2025-12-01;21;461
1;2025-12-01;22;178
1;2025-12-01;23;23
1;2025-12-02;0;1
1;2025-12-02;1;0
1;2025-12-02;2;0
1;2025-12-02;3;0
1;2025-12-02;4;7
1;2025-12-02;5;116
1;2025-12-02;6;524
1;2025-12-02;7;1478
1;2025-12-02;8;1964
1;2025-12-02;9;1475
1;2025-12-02;10;1302
1;2025-12-02;11;1284
1;2025-12-02;12;1308
1;2025-12-02;13;1315
1;2025-12-02;14;1251
1;2025-12-02;15;1362
1;2025-12-02;16;1448
1;2025-12-02;17;1733
1;2025-12-02;18;1817
1;2025-12-02;19;1361
1;2025-12-02;20;851
1;2025-12-02;21;480
1;2025-12-02;22;187
1;2025-12-02;23;28
1;2025-12-03;0;2
1;2025-12-03;1;0
1;2025-12-03;2;0
1;2025-12-03;3;0
1;2025-12-03;4;7
1;2025-12-03;5;123
1;2025-12-03;6;536
1;2025-12-03;7;1461
1;2025-12-03;8;1992
1;2025-12-03;9;1477
1;2025-12-03;10;1317
1;2025-12-03;11;1309
1;2025-12-03;12;1343
1;2025-12-03;13;1370
1;2025-12-03;14;1304
1;2025-12-03;15;1419
1;2025-12-03;16;1480
1;2025-12-03;17;1749
1;2025-12-03;18;1836
1;2025-12-03;19;1357
1;2025-12-03;20;853
1;2025-12-03;21;489
1;2025-12-03;22;209
1;2025-12-03;23;41
1;2025-12-04;0;3
1;2025-12-04;1;0
1;2025-12-04;2;0
1;2025-12-04;3;0
1;2025-12-04;4;8
1;2025-12-04;5;121
1;2025-12-04;6;515
1;2025-12-04;7;1450
1;2025-12-04;8;1963
1;2025-12-04;9;1483
1;2025-12-04;10;1332
1;2025-12-04;11;1321
1;2025-12-04;12;1358
1;2025-12-04;13;1366
1;2025-12-04;14;1315
1;2025-12-04;15;1438
1;2025-12-04;16;1501
1;2025-12-04;17;1749
1;2025-12-04;18;1820
1;2025-12-04;19;1336
1;2025-12-04;20;864
1;2025-12-04;21;496
1;2025-12-04;22;206
1;2025-12-04;23;44
1;2025-12-05;0;5
1;2025-12-05;1;0
1;2025-12-05;2;0
1;2025-12-05;3;0
1;2025-12-05;4;6
1;2025-12-05;5;128
1;2025-12-05;6;516
1;2025-12-05;7;1434
1;2025-12-05;8;1922
1;2025-12-05;9;1448
1;2025-12-05;10;1314
1;2025-12-05;11;1350
1;2025-12-05;12;1359
1;2025-12-05;13;1388
1;2025-12-05;14;1346
1;2025-12-05;15;1470
1;2025-12-05;16;1563
1;2025-12-05;17;1725
1;2025-12-05;18;1595
1;2025-12-05;19;1234
1;2025-12-05;20;801
1;2025-12-05;21;491
1;2025-12-05;22;211
1;2025-12-05;23;51
1;2025-12-06;0;4
1;2025-12-06;1;0
1;2025-12-06;2;0
1;2025-12-06;3;0
1;2025-12-06;4;1
1;2025-12-06;5;27
1;2025-12-06;6;174
1;2025-12-06;7;337
1;2025-12-06;8;475
1;2025-12-06;9;689
1;2025-12-06;10;809
1;2025-12-06;11;828
1;2025-12-06;12;945
1;2025-12-06;13;972
1;2025-12-06;14;918
1;2025-12-06;15;839
1;2025-12-06;16;771
1;2025-12-06;17;715
1;2025-12-06;18;628
1;2025-12-06;19;560
1;2025-12-06;20;421
1;2025-12-06;21;295
1;2025-12-06;22;130
1;2025-12-06;23;29
1;2025-12-07;0;3
1;2025-12-07;1;0
1;2025-12-07;2;0
1;2025-12-07;3;0
1;2025-12-07;4;0
1;2025-12-07;5;15
1;2025-12-07;6;113
1;2025-12-07;7;228
1;2025-12-07;8;336
1;2025-12-07;9;554
1;2025-12-07;10;668
1;2025-12-07;11;713
1;2025-12-07;12;812
1;2025-12-07;13;847
1;2025-12-07;14;801
1;2025-12-07;15;728
1;2025-12-07;16;657
1;2025-12-07;17;594
1;2025-12-07;18;515
1;2025-12-07;19;444
1;2025-12-07;20;349
1;2025-12-07;21;248
1;2025-12-07;22;97
1;2025-12-07;23;10
1;2025-12-08;0;1
1;2025-12-08;1;0
1;2025-12-08;2;0
1;2025-12-08;3;0
1;2025-12-08;4;7
1;2025-12-08;5;120
1;2025-12-08;6;516
1;2025-12-08;7;1433
1;2025-12-08;8;1946
1;2025-12-08;9;1451
1;2025-12-08;10;1257
1;2025-12-08;11;1259
1;2025-12-08;12;1305
1;2025-12-08;13;1320
1;2025-12-08;14;1291
1;2025-12-08;15;1415
1;2025-12-08;16;1491
1;2025-12-08;17;1756
1;2025-12-08;18;1858
1;2025-12-08;19;1374
1;2025-12-08;20;857
1;2025-12-08;21;472
1;2025-12-08;22;186
1;2025-12-08;23;32
1;2025-12-09;0;2
1;2025-12-09;1;0
1;2025-12-09;2;0
1;2025-12-09;3;0
1;2025-12-09;4;7
1;2025-12-09;5;121
1;2025-12-09;6;532
1;2025-12-09;7;1502
1;2025-12-09;8;1998
1;2025-12-09;9;1508
1;2025-12-09;10;1338
1;2025-12-09;11;1327
1;2025-12-09;12;1353
1;2025-12-09;13;1362
1;2025-12-09;14;1297
1;2025-12-09;15;1409
1;2025-12-09;16;1491
1;2025-12-09;17;1771
1;2025-12-09;18;1847
1;2025-12-09;19;1383
1;2025-12-09;20;871
1;2025-12-09;21;497
1;2025-12-09;22;197
1;2025-12-09;23;36
1;2025-12-10;0;2
1;2025-12-10;1;0
1;2025-12-10;2;0
1;2025-12-10;3;0
1;2025-12-10;4;7
1;2025-12-10;5;126
1;2025-12-10;6;543
1;2025-12-10;7;1482
1;2025-12-10;8;2013
1;2025-12-10;9;1494
1;2025-12-10;10;1336
1;2025-12-10;11;1333
1;2025-12-10;12;1366
1;2025-12-10;13;1395
1;2025-12-10;14;1329
1;2025-12-10;15;1446
1;2025-12-10;16;1502
1;2025-12-10;17;1772
1;2025-12-10;18;1852
1;2025-12-10;19;1371
1;2025-12-10;20;866
1;2025-12-10;21;500
1;2025-12-10;22;214
1;2025-12-10;23;42
1;2025-12-11;0;4
1;2025-12-11;1;0
1;2025-12-11;2;0
1;2025-12-11;3;0
1;2025-12-11;4;8
1;2025-12-11;5;120
1;2025-12-11;6;516
1;2025-12-11;7;1465
1;2025-12-11;8;1979
1;2025-12-11;9;1495
1;2025-12-11;10;1345
1;2025-12-11;11;1339
1;2025-12-11;12;1375
1;2025-12-11;13;1385
1;2025-12-11;14;1334
1;2025-12-11;15;1460
1;2025-12-11;16;1518
1;2025-12-11;17;1765
1;2025-12-11;18;1831
1;2025-12-11;19;1344
1;2025-12-11;20;869
1;2025-12-11;21;499
1;2025-12-11;22;207
1;2025-12-11;23;44
1;2025-12-12;0;5
1;2025-12-12;1;0
1;2025-12-12;2;0
1;2025-12-12;3;0
1;2025-12-12;4;6
1;2025-12-12;5;126
1;2025-12-12;6;515
1;2025-12-12;7;1443
1;2025-12-12;8;1932
1;2025-12-12;9;1454
1;2025-12-12;10;1322
1;2025-12-12;11;1362
1;2025-12-12;12;1370
1;2025-12-12;13;1401
1;2025-12-12;14;1360
1;2025-12-12;15;1488
1;2025-12-12;16;1579
1;2025-12-12;17;1733
1;2025-12-12;18;1595
1;2025-12-12;19;1234
1;2025-12-12;20;798
1;2025-12-12;21;489
1;2025-12-12;22;209
1;2025-12-12;23;49
1;2025-12-13;0;4
1;2025-12-13;1;0
1;2025-12-13;2;0
1;2025-12-13;3;0
1;2025-12-13;4;1
1;2025-12-13;5;28
1;2025-12-13;6;175
1;2025-12-13;7;342
1;2025-12-13;8;483
1;2025-12-13;9;699
1;2025-12-13;10;825
1;2025-12-13;11;843
1;2025-12-13;12;961
1;2025-12-13;13;990
1;2025-12-13;14;936
1;2025-12-13;15;858
1;2025-12-13;16;788
1;2025-12-13;17;731
1;2025-12-13;18;639
1;2025-12-13;19;567
1;2025-12-13;20;425
1;2025-12-13;21;299
1;2025-12-13;22;132
1;2025-12-13;23;30
1;2025-12-14;0;3
1;2025-12-14;1;0
1;2025-12-14;2;0
1;2025-12-14;3;0
1;2025-12-14;4;1
1;2025-12-14;5;17
1;2025-12-14;6;116
1;2025-12-14;7;237
1;2025-12-14;8;345
1;2025-12-14;9;564
1;2025-12-14;10;681
1;2025-12-14;11;723
1;2025-12-14;12;822
1;2025-12-14;13;857
1;2025-12-14;14;812
1;2025-12-14;15;742
1;2025-12-14;16;671
1;2025-12-14;17;606
1;2025-12-14;18;530
1;2025-12-14;19;455
1;2025-12-14;20;359
1;2025-12-14;21;257
1;2025-12-14;22;102
1;2025-12-14;23;14
1;2025-12-15;0;1
1;2025-12-15;1;0
1;2025-12-15;2;0
1;2025-12-15;3;0
1;2025-12-15;4;7
1;2025-12-15;5;120
1;2025-12-15;6;517
1;2025-12-15;7;1442
1;2025-12-15;8;1961
1;2025-12-15;9;1459
1;2025-12-15;10;1267
1;2025-12-15;11;1267
1;2025-12-15;12;1312
1;2025-12-15;13;1328
1;2025-12-15;14;1300
1;2025-12-15;15;1420
1;2025-12-15;16;1497
1;2025-12-15;17;1761
1;2025-12-15;18;1868
1;2025-12-15;19;1378
1;2025-12-15;20;860
1;2025-12-15;21;475
1;2025-12-15;22;187
1;2025-12-15;23;33
1;2025-12-16;0;1
1;2025-12-16;1;0
1;2025-12-16;2;0
1;2025-12-16;3;0
1;2025-12-16;4;7
1;2025-12-16;5;121
1;2025-12-16;6;534
1;2025-12-16;7;1511
1;2025-12-16;8;2017
1;2025-12-16;9;1519
1;2025-12-16;10;1353
1;2025-12-16;11;1341
1;2025-12-16;12;1366
1;2025-12-16;13;1375
1;2025-12-16;14;1311
1;2025-12-16;15;1422
1;2025-12-16;16;1504
1;2025-12-16;17;1781
1;2025-12-16;18;1857
1;2025-12-16;19;1388
1;2025-12-16;20;875
1;2025-12-16;21;499
1;2025-12-16;22;199
1;2025-12-16;23;39
1;2025-12-17;0;2
1;2025-12-17;1;0
1;2025-12-17;2;0
1;2025-12-17;3;0
1;2025-12-17;4;7
1;2025-12-17;5;126
1;2025-12-17;6;543
1;2025-12-17;7;1482
1;2025-12-17;8;2023
1;2025-12-17;9;1498
1;2025-12-17;10;1344
1;2025-12-17;11;1340
1;2025-12-17;12;1371
1;2025-12-17;13;1401
1;2025-12-17;14;1336
1;2025-12-17;15;1452
1;2025-12-17;16;1505
1;2025-12-17;17;1773
1;2025-12-17;18;1853
1;2025-12-17;19;1373
1;2025-12-17;20;865
1;2025-12-17;21;500
1;2025-12-17;22;214
1;2025-12-17;23;42
1;2025-12-18;0;3
1;2025-12-18;1;0
1;2025-12-18;2;0
1;2025-12-18;3;0
1;2025-12-18;4;7
1;2025-12-18;5;120
1;2025-12-18;6;517
1;2025-12-18;7;1463
1;2025-12-18;8;1985
1;2025-12-18;9;1499
1;2025-12-18;10;1351
1;2025-12-18;11;1344
1;2025-12-18;12;1378
1;2025-12-18;13;1389
1;2025-12-18;14;1337
1;2025-12-18;15;1458
1;2025-12-18;16;1517
1;2025-12-18;17;1765
1;2025-12-18;18;1833
1;2025-12-18;19;1345
1;2025-12-18;20;869
1;2025-12-18;21;500
1;2025-12-18;22;208
1;2025-12-18;23;44
1;2025-12-19;0;5
1;2025-12-19;1;0
1;2025-12-19;2;0
1;2025-12-19;3;0
1;2025-12-19;4;6
1;2025-12-19;5;128
1;2025-12-19;6;518
1;2025-12-19;7;1444
1;2025-12-19;8;1938
1;2025-12-19;9;1459
1;2025-12-19;10;1328
1;2025-12-19;11;1370
1;2025-12-19;12;1377
1;2025-12-19;13;1407
1;2025-12-19;14;1368
1;2025-12-19;15;1495
1;2025-12-19;16;1588
1;2025-12-19;17;1741
1;2025-12-19;18;1603
1;2025-12-19;19;1242
1;2025-12-19;20;803
1;2025-12-19;21;493
1;2025-12-19;22;213
1;2025-12-19;23;51
1;2025-12-20;0;5
1;2025-12-20;1;0
1;2025-12-20;2;0
1;2025-12-20;3;0
1;2025-12-20;4;1
1;2025-12-20;5;28
1;2025-12-20;6;175
1;2025-12-20;7;346
1;2025-12-20;8;491
1;2025-12-20;9;707
1;2025-12-20;10;834
1;2025-12-20;11;853
1;2025-12-20;12;970
1;2025-12-20;13;1000
1;2025-12-20;14;944
1;2025-12-20;15;865
1;2025-12-20;16;795
1;2025-12-20;17;738
1;2025-12-20;18;647
1;2025-12-20;19;574
1;2025-12-20;20;432
1;2025-12-20;21;304
1;2025-12-20;22;138
1;2025-12-20;23;34
1;2025-12-21;0;3
1;2025-12-21;1;0
1;2025-12-21;2;0
1;2025-12-21;3;0
1;2025-12-21;4;1
1;2025-12-21;5;17
1;2025-12-21;6;115
1;2025-12-21;7;235
1;2025-12-21;8;345
1;2025-12-21;9;565
1;2025-12-21;10;681
1;2025-12-21;11;723
1;2025-12-21;12;823
1;2025-12-21;13;858
1;2025-12-21;14;813
1;2025-12-21;15;742
1;2025-12-21;16;670
1;2025-12-21;17;607
1;2025-12-21;18;526
1;2025-12-21;19;452
1;2025-12-21;20;358
1;2025-12-21;21;257
1;2025-12-21;22;105
1;2025-12-21;23;14
1;2025-12-22;0;1
1;2025-12-22;1;0
1;2025-12-22;2;0
1;2025-12-22;3;0
1;2025-12-22;4;7
1;2025-12-22;5;120
1;2025-12-22;6;516
1;2025-12-22;7;1438
1;2025-12-22;8;1953
1;2025-12-22;9;1454
1;2025-12-22;10;1261
1;2025-12-22;11;1263
1;2025-12-22;12;1309
1;2025-12-22;13;1324
1;2025-12-22;14;1294
1;2025-12-22;15;1419
1;2025-12-22;16;1496
1;2025-12-22;17;1761
1;2025-12-22;18;1866
1;2025-12-22;19;1377
1;2025-12-22;20;861
1;2025-12-22;21;477
1;2025-12-22;22;190
1;2025-12-22;23;34
1;2025-12-23;0;2
1;2025-12-23;1;0
1;2025-12-23;2;0
1;2025-12-23;3;0
1;2025-12-23;4;7
1;2025-12-23;5;121
1;2025-12-23;6;533
1;2025-12-23;7;1503
1;2025-12-23;8;2002
1;2025-12-23;9;1510
1;2025-12-23;10;1341
1;2025-12-23;11;1331
1;2025-12-23;12;1356
1;2025-12-23;13;1365
1;2025-12-23;14;1300
1;2025-12-23;15;1415
1;2025-12-23;16;1498
1;2025-12-23;17;1778
1;2025-12-23;18;1854
1;2025-12-23;19;1387
1;2025-12-23;20;875
1;2025-12-23;21;502
1;2025-12-23;22;202
1;2025-12-23;23;40
1;2025-12-24;0;3
1;2025-12-24;1;0
1;2025-12-24;2;0
1;2025-12-24;3;0
1;2025-12-24;4;7
1;2025-12-24;5;126
1;2025-12-24;6;542
1;2025-12-24;7;1478
1;2025-12-24;8;2014
1;2025-12-24;9;1498
1;2025-12-24;10;1338
1;2025-12-24;11;1333
1;2025-12-24;12;1365
1;2025-12-24;13;1394
1;2025-12-24;14;1327
1;2025-12-24;15;1445
1;2025-12-24;16;1503
1;2025-12-24;17;1774
1;2025-12-24;18;1855
1;2025-12-24;19;1371
1;2025-12-24;20;866
1;2025-12-24;21;501
1;2025-12-24;22;215
1;2025-12-24;23;42
1;2025-12-25;0;4
1;2025-12-25;1;0
1;2025-12-25;2;0
1;2025-12-25;3;0
1;2025-12-25;4;8
1;2025-12-25;5;124
1;2025-12-25;6;518
1;2025-12-25;7;1442
1;2025-12-25;8;1957
1;2025-12-25;9;1496
1;2025-12-25;10;1364
1;2025-12-25;11;1353
1;2025-12-25;12;1391
1;2025-12-25;13;1396
1;2025-12-25;14;1346
1;2025-12-25;15;1468
1;2025-12-25;16;1516
1;2025-12-25;17;1756
1;2025-12-25;18;1818
1;2025-12-25;19;1340
1;2025-12-25;20;874
1;2025-12-25;21;505
1;2025-12-25;22;212
1;2025-12-25;23;45
1;2025-12-26;0;5
1;2025-12-26;1;0
1;2025-12-26;2;0
1;2025-12-26;3;0
1;2025-12-26;4;5
1;2025-12-26;5;135
1;2025-12-26;6;517
1;2025-12-26;7;1425
1;2025-12-26;8;1931
1;2025-12-26;9;1468
1;2025-12-26;10;1343
1;2025-12-26;11;1375
1;2025-12-26;12;1384
1;2025-12-26;13;1407
1;2025-12-26;14;1366
1;2025-12-26;15;1487
1;2025-12-26;16;1581
1;2025-12-26;17;1728
1;2025-12-26;18;1599
1;2025-12-26;19;1229
1;2025-12-26;20;805
1;2025-12-26;21;496
1;2025-12-26;22;218
1;2025-12-26;23;52
1;2025-12-27;0;4
1;2025-12-27;1;0
1;2025-12-27;2;0
1;2025-12-27;3;0
1;2025-12-27;4;2
1;2025-12-27;5;34
1;2025-12-27;6;177
1;2025-12-27;7;346
1;2025-12-27;8;484
1;2025-12-27;9;697
1;2025-12-27;10;812
1;2025-12-27;11;822
1;2025-12-27;12;935
1;2025-12-27;13;957
1;2025-12-27;14;906
1;2025-12-27;15;824
1;2025-12-27;16;757
1;2025-12-27;17;695
1;2025-12-27;18;612
1;2025-12-27;19;548
1;2025-12-27;20;419
1;2025-12-27;21;298
1;2025-12-27;22;132
1;2025-12-27;23;33
1;2025-12-28;0;2
1;2025-12-28;1;0
1;2025-12-28;2;0
1;2025-12-28;3;0
1;2025-12-28;4;0
1;2025-12-28;5;23
1;2025-12-28;6;116
1;2025-12-28;7;226
1;2025-12-28;8;340
1;2025-12-28;9;552
1;2025-12-28;10;663
1;2025-12-28;11;699
1;2025-12-28;12;791
1;2025-12-28;13;819
1;2025-12-28;14;776
1;2025-12-28;15;702
1;2025-12-28;16;633
1;2025-12-28;17;565
1;2025-12-28;18;491
1;2025-12-28;19;433
1;2025-12-28;20;346
1;2025-12-28;21;251
1;2025-12-28;22;100
1;2025-12-28;23;16
1;2025-12-29;0;0
1;2025-12-29;1;0
1;2025-12-29;2;0
1;2025-12-29;3;0
1;2025-12-29;4;7
1;2025-12-29;5;122
1;2025-12-29;6;492
1;2025-12-29;7;1331
1;2025-12-29;8;1852
1;2025-12-29;9;1392
1;2025-12-29;10;1226
1;2025-12-29;11;1223
1;2025-12-29;12;1271
1;2025-12-29;13;1274
1;2025-12-29;14;1241
1;2025-12-29;15;1359
1;2025-12-29;16;1425
1;2025-12-29;17;1663
1;2025-12-29;18;1755
1;2025-12-29;19;1302
1;2025-12-29;20;816
1;2025-12-29;21;451
1;2025-12-29;22;176
1;2025-12-29;23;32
1;2025-12-30;0;1
1;2025-12-30;1;0
1;2025-12-30;2;0
1;2025-12-30;3;0
1;2025-12-30;4;6
1;2025-12-30;5;112
1;2025-12-30;6;482
1;2025-12-30;7;1331
1;2025-12-30;8;1821
1;2025-12-30;9;1391
1;2025-12-30;10;1249
1;2025-12-30;11;1237
1;2025-12-30;12;1264
1;2025-12-30;13;1265
1;2025-12-30;14;1202
1;2025-12-30;15;1302
1;2025-12-30;16;1368
1;2025-12-30;17;1599
1;2025-12-30;18;1645
1;2025-12-30;19;1252
1;2025-12-30;20;789
1;2025-12-30;21;452
1;2025-12-30;22;183
1;2025-12-30;23;34
1;2025-12-31;0;0
1;2025-12-31;1;0
1;2025-12-31;2;0
1;2025-12-31;3;0
1;2025-12-31;4;0
1;2025-12-31;5;7
1;2025-12-31;6;56
1;2025-12-31;7;185
1;2025-12-31;8;261
1;2025-12-31;9;373
1;2025-12-31;10;411
1;2025-12-31;11;473
1;2025-12-31;12;519
1;2025-12-31;13;538
1;2025-12-31;14;502
1;2025-12-31;15;471
1;2025-12-31;16;446
1;2025-12-31;17;444
1;2025-12-31;18;313
1;2025-12-31;19;281
1;2025-12-31;20;216
1;2025-12-31;21;139
1;2025-12-31;22;18
1;2025-12-31;23;6
5;2025-11-01;0;5
5;2025-11-01;1;1
5;2025-11-01;2;1
5;2025-11-01;3;1
5;2025-11-01;4;1
5;2025-11-01;5;11
5;2025-11-01;6;40
5;2025-11-01;7;82
5;2025-11-01;8;111
5;2025-11-01;9;90
5;2025-11-01;10;82
5;2025-11-01;11;81
5;2025-11-01;12;85
5;2025-11-01;13;88
5;2025-11-01;14;87
5;2025-11-01;15;94
5;2025-11-01;16;101
5;2025-11-01;17;108
5;2025-11-01;18;108
5;2025-11-01;19;80
5;2025-11-01;20;58
5;2025-11-01;21;42
5;2025-11-01;22;24
5;2025-11-01;23;14
5;2025-11-02;0;3
5;2025-11-02;1;0
5;2025-11-02;2;0
5;2025-11-02;3;0
5;2025-11-02;4;0
5;2025-11-02;5;2
5;2025-11-02;6;12
5;2025-11-02;7;16
5;2025-11-02;8;25
5;2025-11-02;9;33
5;2025-11-02;10;39
5;2025-11-02;11;47
5;2025-11-02;12;52
5;2025-11-02;13;57
5;2025-11-02;14;58
5;2025-11-02;15;57
5;2025-11-02;16;55
5;2025-11-02;17;53
5;2025-11-02;18;48
5;2025-11-02;19;40
5;2025-11-02;20;31
5;2025-11-02;21;23
5;2025-11-02;22;13
5;2025-11-02;23;7
5;2025-11-03;0;3
5;2025-11-03;1;0
5;2025-11-03;2;0
5;2025-11-03;3;0
5;2025-11-03;4;0
5;2025-11-03;5;4
5;2025-11-03;6;18
5;2025-11-03;7;31
5;2025-11-03;8;42
5;2025-11-03;9;45
5;2025-11-03;10;46
5;2025-11-03;11;51
5;2025-11-03;12;56
5;2025-11-03;13;60
5;2025-11-03;14;60
5;2025-11-03;15;61
5;2025-11-03;16;62
5;2025-11-03;17;65
5;2025-11-03;18;65
5;2025-11-03;19;53
5;2025-11-03;20;39
5;2025-11-03;21;27
5;2025-11-03;22;14
5;2025-11-03;23;8
5;2025-11-04;0;3
5;2025-11-04;1;1
5;2025-11-04;2;0
5;2025-11-04;3;0
5;2025-11-04;4;0
5;2025-11-04;5;2
5;2025-11-04;6;14
5;2025-11-04;7;27
5;2025-11-04;8;38
5;2025-11-04;9;40
5;2025-11-04;10;41
5;2025-11-04;11;48
5;2025-11-04;12;52
5;2025-11-04;13;57
5;2025-11-04;14;57
5;2025-11-04;15;57
5;2025-11-04;16;59
5;2025-11-04;17;60
5;2025-11-04;18;59
5;2025-11-04;19;49
5;2025-11-04;20;37
5;2025-11-04;21;26
5;2025-11-04;22;13
5;2025-11-04;23;8
5;2025-11-05;0;2
5;2025-11-05;1;0
5;2025-11-05;2;0
5;2025-11-05;3;0
5;2025-11-05;4;0
5;2025-11-05;5;10
5;2025-11-05;6;43
5;2025-11-05;7;104
5;2025-11-05;8;150
5;2025-11-05;9;106
5;2025-11-05;10;86
5;2025-11-05;11;82
5;2025-11-05;12;84
5;2025-11-05;13;86
5;2025-11-05;14;85
5;2025-11-05;15;92
5;2025-11-05;16;104
5;2025-11-05;17;126
5;2025-11-05;18;134
5;2025-11-05;19;95
5;2025-11-05;20;60
5;2025-11-05;21;37
5;2025-11-05;22;18
5;2025-11-05;23;8
5;2025-11-06;0;2
5;2025-11-06;1;0
5;2025-11-06;2;0
5;2025-11-06;3;0
5;2025-11-06;4;0
5;2025-11-06;5;10
5;2025-11-06;6;43
5;2025-11-06;7;103
5;2025-11-06;8;148
5;2025-11-06;9;105
5;2025-11-06;10;85
5;2025-11-06;11;81
5;2025-11-06;12;83
5;2025-11-06;13;85
5;2025-11-06;14;85
5;2025-11-06;15;92
5;2025-11-06;16;104
5;2025-11-06;17;125
5;2025-11-06;18;134
5;2025-11-06;19;94
5;2025-11-06;20;61
5;2025-11-06;21;37
5;2025-11-06;22;19
5;2025-11-06;23;9
5;2025-11-07;0;3
5;2025-11-07;1;0
5;2025-11-07;2;0
5;2025-11-07;3;0
5;2025-11-07;4;0
5;2025-11-07;5;10
5;2025-11-07;6;44
5;2025-11-07;7;103
5;2025-11-07;8;147
5;2025-11-07;9;104
5;2025-11-07;10;87
5;2025-11-07;11;85
5;2025-11-07;12;87
5;2025-11-07;13;90
5;2025-11-07;14;91
5;2025-11-07;15;100
5;2025-11-07;16;114
5;2025-11-07;17;126
5;2025-11-07;18;118
5;2025-11-07;19;88
5;2025-11-07;20;59
5;2025-11-07;21;38
5;2025-11-07;22;19
5;2025-11-07;23;10
5;2025-11-08;0;4
5;2025-11-08;1;0
5;2025-11-08;2;0
5;2025-11-08;3;0
5;2025-11-08;4;0
5;2025-11-08;5;4
5;2025-11-08;6;18
5;2025-11-08;7;28
5;2025-11-08;8;39
5;2025-11-08;9;46
5;2025-11-08;10;52
5;2025-11-08;11;60
5;2025-11-08;12;66
5;2025-11-08;13;69
5;2025-11-08;14;69
5;2025-11-08;15;69
5;2025-11-08;16;67
5;2025-11-08;17;65
5;2025-11-08;18;60
5;2025-11-08;19;51
5;2025-11-08;20;38
5;2025-11-08;21;27
5;2025-11-08;22;16
5;2025-11-08;23;9
5;2025-11-09;0;3
5;2025-11-09;1;0
5;2025-11-09;2;0
5;2025-11-09;3;0
5;2025-11-09;4;0
5;2025-11-09;5;3
5;2025-11-09;6;13
5;2025-11-09;7;19
5;2025-11-09;8;28
5;2025-11-09;9;37
5;2025-11-09;10;43
5;2025-11-09;11;52
5;2025-11-09;12;58
5;2025-11-09;13;63
5;2025-11-09;14;63
5;2025-11-09;15;62
5;2025-11-09;16;60
5;2025-11-09;17;59
5;2025-11-09;18;53
5;2025-11-09;19;43
5;2025-11-09;20;33
5;2025-11-09;21;24
5;2025-11-09;22;13
5;2025-11-09;23;7
5;2025-11-10;0;2
5;2025-11-10;1;0
5;2025-11-10;2;0
5;2025-11-10;3;0
5;2025-11-10;4;0
5;2025-11-10;5;10
5;2025-11-10;6;44
5;2025-11-10;7;106
5;2025-11-10;8;150
5;2025-11-10;9;107
5;2025-11-10;10;85
5;2025-11-10;11;81
5;2025-11-10;12;83
5;2025-11-10;13;86
5;2025-11-10;14;86
5;2025-11-10;15;94
5;2025-11-10;16;105
5;2025-11-10;17;127
5;2025-11-10;18;136
5;2025-11-10;19;96
5;2025-11-10;20;62
5;2025-11-10;21;37
5;2025-11-10;22;17
5;2025-11-10;23;8
5;2025-11-11;0;2
5;2025-11-11;1;0
5;2025-11-11;2;0
5;2025-11-11;3;0
5;2025-11-11;4;0
5;2025-11-11;5;10
5;2025-11-11;6;45
5;2025-11-11;7;110
5;2025-11-11;8;155
5;2025-11-11;9;110
5;2025-11-11;10;90
5;2025-11-11;11;86
5;2025-11-11;12;87
5;2025-11-11;13;89
5;2025-11-11;14;88
5;2025-11-11;15;96
5;2025-11-11;16;108
5;2025-11-11;17;131
5;2025-11-11;18;140
5;2025-11-11;19;99
5;2025-11-11;20;64
5;2025-11-11;21;39
5;2025-11-11;22;19
5;2025-11-11;23;9
5;2025-11-12;0;2
5;2025-11-12;1;0
5;2025-11-12;2;0
5;2025-11-12;3;0
5;2025-11-12;4;0
5;2025-11-12;5;10
5;2025-11-12;6;45
5;2025-11-12;7;109
5;2025-11-12;8;156
5;2025-11-12;9;111
5;2025-11-12;10;91
5;2025-11-12;11;87
5;2025-11-12;12;89
5;2025-11-12;13;91
5;2025-11-12;14;90
5;2025-11-12;15;98
5;2025-11-12;16;109
5;2025-11-12;17;131
5;2025-11-12;18;140
5;2025-11-12;19;99
5;2025-11-12;20;64
5;2025-11-12;21;40
5;2025-11-12;22;20
5;2025-11-12;23;9
5;2025-11-13;0;2
5;2025-11-13;1;0
5;2025-11-13;2;0
5;2025-11-13;3;0
5;2025-11-13;4;0
5;2025-11-13;5;10
5;2025-11-13;6;45
5;2025-11-13;7;109
5;2025-11-13;8;154
5;2025-11-13;9;111
5;2025-11-13;10;91
5;2025-11-13;11;87
5;2025-11-13;12;89
5;2025-11-13;13;91
5;2025-11-13;14;91
5;2025-11-13;15;98
5;2025-11-13;16;110
5;2025-11-13;17;131
5;2025-11-13;18;140
5;2025-11-13;19;98
5;2025-11-13;20;65
5;2025-11-13;21;40
5;2025-11-13;22;20
5;2025-11-13;23;9
5;2025-11-14;0;3
5;2025-11-14;1;0
5;2025-11-14;2;0
5;2025-11-14;3;0
5;2025-11-14;4;0
5;2025-11-14;5;10
5;2025-11-14;6;45
5;2025-11-14;7;106
5;2025-11-14;8;150
5;2025-11-14;9;106
5;2025-11-14;10;89
5;2025-11-14;11;87
5;2025-11-14;12;88
5;2025-11-14;13;91
5;2025-11-14;14;93
5;2025-11-14;15;102
5;2025-11-14;16;116
5;2025-11-14;17;128
5;2025-11-14;18;120
5;2025-11-14;19;90
5;2025-11-14;20;60
5;2025-11-14;21;39
5;2025-11-14;22;20
5;2025-11-14;23;11
5;2025-11-15;0;4
5;2025-11-15;1;0
5;2025-11-15;2;0
5;2025-11-15;3;0
5;2025-11-15;4;0
5;2025-11-15;5;5
5;2025-11-15;6;19
5;2025-11-15;7;30
5;2025-11-15;8;41
5;2025-11-15;9;49
5;2025-11-15;10;55
5;2025-11-15;11;63
5;2025-11-15;12;68
5;2025-11-15;13;72
5;2025-11-15;14;71
5;2025-11-15;15;71
5;2025-11-15;16;70
5;2025-11-15;17;67
5;2025-11-15;18;63
5;2025-11-15;19;53
5;2025-11-15;20;39
5;2025-11-15;21;29
5;2025-11-15;22;17
5;2025-11-15;23;10
5;2025-11-16;0;4
5;2025-11-16;1;0
5;2025-11-16;2;0
5;2025-11-16;3;0
5;2025-11-16;4;0
5;2025-11-16;5;3
5;2025-11-16;6;14
5;2025-11-16;7;20
5;2025-11-16;8;30
5;2025-11-16;9;39
5;2025-11-16;10;46
5;2025-11-16;11;54
5;2025-11-16;12;59
5;2025-11-16;13;65
5;2025-11-16;14;65
5;2025-11-16;15;64
5;2025-11-16;16;61
5;2025-11-16;17;60
5;2025-11-16;18;55
5;2025-11-16;19;44
5;2025-11-16;20;34
5;2025-11-16;21;24
5;2025-11-16;22;14
5;2025-11-16;23;7
5;2025-11-17;0;2
5;2025-11-17;1;0
5;2025-11-17;2;0
5;2025-11-17;3;0
5;2025-11-17;4;0
5;2025-11-17;5;9
5;2025-11-17;6;44
5;2025-11-17;7;106
5;2025-11-17;8;152
5;2025-11-17;9;108
5;2025-11-17;10;86
5;2025-11-17;11;82
5;2025-11-17;12;84
5;2025-11-17;13;86
5;2025-11-17;14;87
5;2025-11-17;15;95
5;2025-11-17;16;106
5;2025-11-17;17;128
5;2025-11-17;18;137
5;2025-11-17;19;97
5;2025-11-17;20;63
5;2025-11-17;21;38
5;2025-11-17;22;18
5;2025-11-17;23;8
5;2025-11-18;0;2
5;2025-11-18;1;0
5;2025-11-18;2;0
5;2025-11-18;3;0
5;2025-11-18;4;0
5;2025-11-18;5;10
5;2025-11-18;6;45
5;2025-11-18;7;110
5;2025-11-18;8;155
5;2025-11-18;9;110
5;2025-11-18;10;90
5;2025-11-18;11;86
5;2025-11-18;12;87
5;2025-11-18;13;89
5;2025-11-18;14;88
5;2025-11-18;15;96
5;2025-11-18;16;108
5;2025-11-18;17;131
5;2025-11-18;18;140
5;2025-11-18;19;99
5;2025-11-18;20;64
5;2025-11-18;21;39
5;2025-11-18;22;19
5;2025-11-18;23;9
5;2025-11-19;0;2
5;2025-11-19;1;0
5;2025-11-19;2;0
5;2025-11-19;3;0
5;2025-11-19;4;0
5;2025-11-19;5;10
5;2025-11-19;6;45
5;2025-11-19;7;109
5;2025-11-19;8;156
5;2025-11-19;9;110
5;2025-11-19;10;91
5;2025-11-19;11;87
5;2025-11-19;12;89
5;2025-11-19;13;90
5;2025-11-19;14;90
5;2025-11-19;15;97
5;2025-11-19;16;109
5;2025-11-19;17;131
5;2025-11-19;18;140
5;2025-11-19;19;99
5;2025-11-19;20;64
5;2025-11-19;21;40
5;2025-11-19;22;20
5;2025-11-19;23;9
5;2025-11-20;0;2
5;2025-11-20;1;0
5;2025-11-20;2;0
5;2025-11-20;3;0
5;2025-11-20;4;0
5;2025-11-20;5;10
5;2025-11-20;6;45
5;2025-11-20;7;108
5;2025-11-20;8;154
5;2025-11-20;9;111
5;2025-11-20;10;91
5;2025-11-20;11;87
5;2025-11-20;12;89
5;2025-11-20;13;91
5;2025-11-20;14;91
5;2025-11-20;15;98
5;2025-11-20;16;110
5;2025-11-20;17;130
5;2025-11-20;18;140
5;2025-11-20;19;98
5;2025-11-20;20;65
5;2025-11-20;21;40
5;2025-11-20;22;20
5;2025-11-20;23;9
5;2025-11-21;0;3
5;2025-11-21;1;0
5;2025-11-21;2;0
5;2025-11-21;3;0
5;2025-11-21;4;0
5;2025-11-21;5;10
5;2025-11-21;6;45
5;2025-11-21;7;105
5;2025-11-21;8;150
5;2025-11-21;9;106
5;2025-11-21;10;89
5;2025-11-21;11;87
5;2025-11-21;12;88
5;2025-11-21;13;91
5;2025-11-21;14;93
5;2025-11-21;15;102
5;2025-11-21;16;117
5;2025-11-21;17;128
5;2025-11-21;18;121
5;2025-11-21;19;90
5;2025-11-21;20;60
5;2025-11-21;21;39
5;2025-11-21;22;20
5;2025-11-21;23;11
5;2025-11-22;0;4
5;2025-11-22;1;0
5;2025-11-22;2;0
5;2025-11-22;3;0
5;2025-11-22;4;0
5;2025-11-22;5;5
5;2025-11-22;6;19
5;2025-11-22;7;30
5;2025-11-22;8;41
5;2025-11-22;9;49
5;2025-11-22;10;55
5;2025-11-22;11;63
5;2025-11-22;12;68
5;2025-11-22;13;72
5;2025-11-22;14;71
5;2025-11-22;15;71
5;2025-11-22;16;70
5;2025-11-22;17;68
5;2025-11-22;18;63
5;2025-11-22;19;53
5;2025-11-22;20;39
5;2025-11-22;21;29
5;2025-11-22;22;17
5;2025-11-22;23;10
5;2025-11-23;0;4
5;2025-11-23;1;0
5;2025-11-23;2;0
5;2025-11-23;3;0
5;2025-11-23;4;0
5;2025-11-23;5;3
5;2025-11-23;6;13
5;2025-11-23;7;20
5;2025-11-23;8;29
5;2025-11-23;9;38
5;2025-11-23;10;45
5;2025-11-23;11;54
5;2025-11-23;12;59
5;2025-11-23;13;65
5;2025-11-23;14;65
5;2025-11-23;15;64
5;2025-11-23;16;61
5;2025-11-23;17;60
5;2025-11-23;18;55
5;2025-11-23;19;45
5;2025-11-23;20;34
5;2025-11-23;21;25
5;2025-11-23;22;14
5;2025-11-23;23;7
5;2025-11-24;0;2
5;2025-11-24;1;0
5;2025-11-24;2;0
5;2025-11-24;3;0
5;2025-11-24;4;0
5;2025-11-24;5;9
5;2025-11-24;6;44
5;2025-11-24;7;105
5;2025-11-24;8;151
5;2025-11-24;9;107
5;2025-11-24;10;86
5;2025-11-24;11;82
5;2025-11-24;12;84
5;2025-11-24;13;86
5;2025-11-24;14;87
5;2025-11-24;15;94
5;2025-11-24;16;106
5;2025-11-24;17;128
5;2025-11-24;18;137
5;2025-11-24;19;97
5;2025-11-24;20;62
5;2025-11-24;21;37
5;2025-11-24;22;18
5;2025-11-24;23;8
5;2025-11-25;0;2
5;2025-11-25;1;0
5;2025-11-25;2;0
5;2025-11-25;3;0
5;2025-11-25;4;0
5;2025-11-25;5;9
5;2025-11-25;6;45
5;2025-11-25;7;109
5;2025-11-25;8;154
5;2025-11-25;9;109
5;2025-11-25;10;89
5;2025-11-25;11;85
5;2025-11-25;12;86
5;2025-11-25;13;88
5;2025-11-25;14;88
5;2025-11-25;15;95
5;2025-11-25;16;107
5;2025-11-25;17;130
5;2025-11-25;18;140
5;2025-11-25;19;99
5;2025-11-25;20;64
5;2025-11-25;21;39
5;2025-11-25;22;19
5;2025-11-25;23;8
5;2025-11-26;0;2
5;2025-11-26;1;0
5;2025-11-26;2;0
5;2025-11-26;3;0
5;2025-11-26;4;0
5;2025-11-26;5;10
5;2025-11-26;6;45
5;2025-11-26;7;108
5;2025-11-26;8;155
5;2025-11-26;9;110
5;2025-11-26;10;90
5;2025-11-26;11;86
5;2025-11-26;12;88
5;2025-11-26;13;90
5;2025-11-26;14;89
5;2025-11-26;15;97
5;2025-11-26;16;109
5;2025-11-26;17;131
5;2025-11-26;18;140
5;2025-11-26;19;99
5;2025-11-26;20;64
5;2025-11-26;21;40
5;2025-11-26;22;20
5;2025-11-26;23;9
5;2025-11-27;0;2
5;2025-11-27;1;0
5;2025-11-27;2;0
5;2025-11-27;3;0
5;2025-11-27;4;0
5;2025-11-27;5;10
5;2025-11-27;6;45
5;2025-11-27;7;108
5;2025-11-27;8;153
5;2025-11-27;9;110
5;2025-11-27;10;90
5;2025-11-27;11;86
5;2025-11-27;12;88
5;2025-11-27;13;90
5;2025-11-27;14;90
5;2025-11-27;15;97
5;2025-11-27;16;109
5;2025-11-27;17;130
5;2025-11-27;18;140
5;2025-11-27;19;98
5;2025-11-27;20;65
5;2025-11-27;21;40
5;2025-11-27;22;20
5;2025-11-27;23;10
5;2025-11-28;0;3
5;2025-11-28;1;0
5;2025-11-28;2;0
5;2025-11-28;3;0
5;2025-11-28;4;0
5;2025-11-28;5;10
5;2025-11-28;6;45
5;2025-11-28;7;105
5;2025-11-28;8;149
5;2025-11-28;9;106
5;2025-11-28;10;89
5;2025-11-28;11;86
5;2025-11-28;12;88
5;2025-11-28;13;91
5;2025-11-28;14;92
5;2025-11-28;15;101
5;2025-11-28;16;116
5;2025-11-28;17;128
5;2025-11-28;18;120
5;2025-11-28;19;90
5;2025-11-28;20;60
5;2025-11-28;21;39
5;2025-11-28;22;20
5;2025-11-28;23;11
5;2025-11-29;0;4
5;2025-11-29;1;0
5;2025-11-29;2;0
5;2025-11-29;3;0
5;2025-11-29;4;0
5;2025-11-29;5;5
5;2025-11-29;6;19
5;2025-11-29;7;30
5;2025-11-29;8;41
5;2025-11-29;9;48
5;2025-11-29;10;54
5;2025-11-29;11;62
5;2025-11-29;12;67
5;2025-11-29;13;71
5;2025-11-29;14;70
5;2025-11-29;15;70
5;2025-11-29;16;68
5;2025-11-29;17;66
5;2025-11-29;18;62
5;2025-11-29;19;53
5;2025-11-29;20;39
5;2025-11-29;21;28
5;2025-11-29;22;17
5;2025-11-29;23;9
5;2025-11-30;0;4
5;2025-11-30;1;0
5;2025-11-30;2;0
5;2025-11-30;3;0
5;2025-11-30;4;0
5;2025-11-30;5;3
5;2025-11-30;6;13
5;2025-11-30;7;20
5;2025-11-30;8;29
5;2025-11-30;9;38
5;2025-11-30;10;44
5;2025-11-30;11;53
5;2025-11-30;12;58
5;2025-11-30;13;63
5;2025-11-30;14;63
5;2025-11-30;15;62
5;2025-11-30;16;59
5;2025-11-30;17;59
5;2025-11-30;18;53
5;2025-11-30;19;44
5;2025-11-30;20;33
5;2025-11-30;21;24
5;2025-11-30;22;14
5;2025-11-30;23;7
5;2025-12-01;0;2
5;2025-12-01;1;0
5;2025-12-01;2;0
5;2025-12-01;3;0
5;2025-12-01;4;0
5;2025-12-01;5;10
5;2025-12-01;6;45
5;2025-12-01;7;104
5;2025-12-01;8;146
5;2025-12-01;9;106
5;2025-12-01;10;85
5;2025-12-01;11;81
5;2025-12-01;12;82
5;2025-12-01;13;84
5;2025-12-01;14;84
5;2025-12-01;15;92
5;2025-12-01;16;104
5;2025-12-01;17;126
5;2025-12-01;18;136
5;2025-12-01;19;96
5;2025-12-01;20;62
5;2025-12-01;21;37
5;2025-12-01;22;18
5;2025-12-01;23;8
5;2025-12-02;0;2
5;2025-12-02;1;0
5;2025-12-02;2;0
5;2025-12-02;3;0
5;2025-12-02;4;0
5;2025-12-02;5;10
5;2025-12-02;6;46
5;2025-12-02;7;107
5;2025-12-02;8;150
5;2025-12-02;9;109
5;2025-12-02;10;89
5;2025-12-02;11;84
5;2025-12-02;12;85
5;2025-12-02;13;87
5;2025-12-02;14;86
5;2025-12-02;15;94
5;2025-12-02;16;105
5;2025-12-02;17;129
5;2025-12-02;18;138
5;2025-12-02;19;99
5;2025-12-02;20;64
5;2025-12-02;21;39
5;2025-12-02;22;19
5;2025-12-02;23;8
5;2025-12-03;0;2
5;2025-12-03;1;0
5;2025-12-03;2;0
5;2025-12-03;3;0
5;2025-12-03;4;0
5;2025-12-03;5;10
5;2025-12-03;6;46
5;2025-12-03;7;107
5;2025-12-03;8;152
5;2025-12-03;9;110
5;2025-12-03;10;90
5;2025-12-03;11;86
5;2025-12-03;12;88
5;2025-12-03;13;89
5;2025-12-03;14;89
5;2025-12-03;15;96
5;2025-12-03;16;108
5;2025-12-03;17;130
5;2025-12-03;18;139
5;2025-12-03;19;99
5;2025-12-03;20;64
5;2025-12-03;21;40
5;2025-12-03;22;20
5;2025-12-03;23;9
5;2025-12-04;0;3
5;2025-12-04;1;0
5;2025-12-04;2;0
5;2025-12-04;3;0
5;2025-12-04;4;0
5;2025-12-04;5;10
5;2025-12-04;6;46
5;2025-12-04;7;106
5;2025-12-04;8;150
5;2025-12-04;9;110
5;2025-12-04;10;90
5;2025-12-04;11;86
5;2025-12-04;12;88
5;2025-12-04;13;90
5;2025-12-04;14;90
5;2025-12-04;15;97
5;2025-12-04;16;108
5;2025-12-04;17;129
5;2025-12-04;18;139
5;2025-12-04;19;99
5;2025-12-04;20;65
5;2025-12-04;21;40
5;2025-12-04;22;21
5;2025-12-04;23;9
5;2025-12-05;0;3
5;2025-12-05;1;0
5;2025-12-05;2;0
5;2025-12-05;3;0
5;2025-12-05;4;0
5;2025-12-05;5;10
5;2025-12-05;6;45
5;2025-12-05;7;103
5;2025-12-05;8;146
5;2025-12-05;9;106
5;2025-12-05;10;89
5;2025-12-05;11;87
5;2025-12-05;12;88
5;2025-12-05;13;91
5;2025-12-05;14;92
5;2025-12-05;15;100
5;2025-12-05;16;115
5;2025-12-05;17;128
5;2025-12-05;18;120
5;2025-12-05;19;91
5;2025-12-05;20;61
5;2025-12-05;21;40
5;2025-12-05;22;21
5;2025-12-05;23;10
5;2025-12-06;0;4
5;2025-12-06;1;0
5;2025-12-06;2;0
5;2025-12-06;3;0
5;2025-12-06;4;0
5;2025-12-06;5;5
5;2025-12-06;6;20
5;2025-12-06;7;30
5;2025-12-06;8;41
5;2025-12-06;9;51
5;2025-12-06;10;57
5;2025-12-06;11;65
5;2025-12-06;12;71
5;2025-12-06;13;74
5;2025-12-06;14;74
5;2025-12-06;15;74
5;2025-12-06;16;72
5;2025-12-06;17;70
5;2025-12-06;18;65
5;2025-12-06;19;56
5;2025-12-06;20;42
5;2025-12-06;21;31
5;2025-12-06;22;19
5;2025-12-06;23;10
5;2025-12-07;0;4
5;2025-12-07;1;0
5;2025-12-07;2;0
5;2025-12-07;3;0
5;2025-12-07;4;0
5;2025-12-07;5;3
5;2025-12-07;6;14
5;2025-12-07;7;20
5;2025-12-07;8;30
5;2025-12-07;9;40
5;2025-12-07;10;48
5;2025-12-07;11;57
5;2025-12-07;12;63
5;2025-12-07;13;68
5;2025-12-07;14;68
5;2025-12-07;15;67
5;2025-12-07;16;65
5;2025-12-07;17;63
5;2025-12-07;18;57
5;2025-12-07;19;48
5;2025-12-07;20;36
5;2025-12-07;21;27
5;2025-12-07;22;16
5;2025-12-07;23;8
5;2025-12-08;0;2
5;2025-12-08;1;0
5;2025-12-08;2;0
5;2025-12-08;3;0
5;2025-12-08;4;0
5;2025-12-08;5;10
5;2025-12-08;6;45
5;2025-12-08;7;104
5;2025-12-08;8;148
5;2025-12-08;9;107
5;2025-12-08;10;86
5;2025-12-08;11;83
5;2025-12-08;12;84
5;2025-12-08;13;86
5;2025-12-08;14;86
5;2025-12-08;15;94
5;2025-12-08;16;105
5;2025-12-08;17;128
5;2025-12-08;18;137
5;2025-12-08;19;97
5;2025-12-08;20;63
5;2025-12-08;21;38
5;2025-12-08;22;19
5;2025-12-08;23;8
5;2025-12-09;0;2
5;2025-12-09;1;0
5;2025-12-09;2;0
5;2025-12-09;3;0
5;2025-12-09;4;0
5;2025-12-09;5;10
5;2025-12-09;6;46
5;2025-12-09;7;108
5;2025-12-09;8;152
5;2025-12-09;9;110
5;2025-12-09;10;91
5;2025-12-09;11;86
5;2025-12-09;12;87
5;2025-12-09;13;89
5;2025-12-09;14;88
5;2025-12-09;15;96
5;2025-12-09;16;107
5;2025-12-09;17;130
5;2025-12-09;18;140
5;2025-12-09;19;100
5;2025-12-09;20;65
5;2025-12-09;21;40
5;2025-12-09;22;20
5;2025-12-09;23;9
5;2025-12-10;0;2
5;2025-12-10;1;0
5;2025-12-10;2;0
5;2025-12-10;3;0
5;2025-12-10;4;0
5;2025-12-10;5;10
5;2025-12-10;6;46
5;2025-12-10;7;108
5;2025-12-10;8;153
5;2025-12-10;9;111
5;2025-12-10;10;91
5;2025-12-10;11;87
5;2025-12-10;12;89
5;2025-12-10;13;91
5;2025-12-10;14;90
5;2025-12-10;15;97
5;2025-12-10;16;109
5;2025-12-10;17;131
5;2025-12-10;18;140
5;2025-12-10;19;100
5;2025-12-10;20;65
5;2025-12-10;21;41
5;2025-12-10;22;21
5;2025-12-10;23;9
5;2025-12-11;0;3
5;2025-12-11;1;0
5;2025-12-11;2;0
5;2025-12-11;3;0
5;2025-12-11;4;0
5;2025-12-11;5;10
5;2025-12-11;6;46
5;2025-12-11;7;107
5;2025-12-11;8;151
5;2025-12-11;9;111
5;2025-12-11;10;91
5;2025-12-11;11;87
5;2025-12-11;12;89
5;2025-12-11;13;91
5;2025-12-11;14;91
5;2025-12-11;15;98
5;2025-12-11;16;109
5;2025-12-11;17;130
5;2025-12-11;18;140
5;2025-12-11;19;99
5;2025-12-11;20;65
5;2025-12-11;21;41
5;2025-12-11;22;21
5;2025-12-11;23;9
5;2025-12-12;0;3
5;2025-12-12;1;0
5;2025-12-12;2;0
5;2025-12-12;3;0
5;2025-12-12;4;0
5;2025-12-12;5;10
5;2025-12-12;6;45
5;2025-12-12;7;104
5;2025-12-12;8;147
5;2025-12-12;9;106
5;2025-12-12;10;89
5;2025-12-12;11;87
5;2025-12-12;12;89
5;2025-12-12;13;91
5;2025-12-12;14;92
5;2025-12-12;15;101
5;2025-12-12;16;116
5;2025-12-12;17;128
5;2025-12-12;18;120
5;2025-12-12;19;91
5;2025-12-12;20;61
5;2025-12-12;21;40
5;2025-12-12;22;21
5;2025-12-12;23;10
5;2025-12-13;0;4
5;2025-12-13;1;0
5;2025-12-13;2;0
5;2025-12-13;3;0
5;2025-12-13;4;0
5;2025-12-13;5;5
5;2025-12-13;6;20
5;2025-12-13;7;30
5;2025-12-13;8;42
5;2025-12-13;9;51
5;2025-12-13;10;58
5;2025-12-13;11;66
5;2025-12-13;12;72
5;2025-12-13;13;75
5;2025-12-13;14;75
5;2025-12-13;15;75
5;2025-12-13;16;73
5;2025-12-13;17;71
5;2025-12-13;18;65
5;2025-12-13;19;56
5;2025-12-13;20;43
5;2025-12-13;21;31
5;2025-12-13;22;19
5;2025-12-13;23;10
5;2025-12-14;0;4
5;2025-12-14;1;0
5;2025-12-14;2;0
5;2025-12-14;3;0
5;2025-12-14;4;0
5;2025-12-14;5;3
5;2025-12-14;6;14
5;2025-12-14;7;21
5;2025-12-14;8;30
5;2025-12-14;9;41
5;2025-12-14;10;48
5;2025-12-14;11;57
5;2025-12-14;12;63
5;2025-12-14;13;68
5;2025-12-14;14;69
5;2025-12-14;15;67
5;2025-12-14;16;65
5;2025-12-14;17;64
5;2025-12-14;18;58
5;2025-12-14;19;48
5;2025-12-14;20;36
5;2025-12-14;21;27
5;2025-12-14;22;16
5;2025-12-14;23;8
5;2025-12-15;0;2
5;2025-12-15;1;0
5;2025-12-15;2;0
5;2025-12-15;3;0
5;2025-12-15;4;0
5;2025-12-15;5;10
5;2025-12-15;6;45
5;2025-12-15;7;105
5;2025-12-15;8;149
5;2025-12-15;9;108
5;2025-12-15;10;87
5;2025-12-15;11;83
5;2025-12-15;12;84
5;2025-12-15;13;86
5;2025-12-15;14;86
5;2025-12-15;15;94
5;2025-12-15;16;106
5;2025-12-15;17;128
5;2025-12-15;18;137
5;2025-12-15;19;97
5;2025-12-15;20;63
5;2025-12-15;21;38
5;2025-12-15;22;19
5;2025-12-15;23;8
5;2025-12-16;0;2
5;2025-12-16;1;0
5;2025-12-16;2;0
5;2025-12-16;3;0
5;2025-12-16;4;0
5;2025-12-16;5;10
5;2025-12-16;6;46
5;2025-12-16;7;109
5;2025-12-16;8;153
5;2025-12-16;9;111
5;2025-12-16;10;91
5;2025-12-16;11;87
5;2025-12-16;12;88
5;2025-12-16;13;90
5;2025-12-16;14;89
5;2025-12-16;15;97
5;2025-12-16;16;108
5;2025-12-16;17;131
5;2025-12-16;18;140
5;2025-12-16;19;100
5;2025-12-16;20;65
5;2025-12-16;21;40
5;2025-12-16;22;20
5;2025-12-16;23;9
5;2025-12-17;0;2
5;2025-12-17;1;0
5;2025-12-17;2;0
5;2025-12-17;3;0
5;2025-12-17;4;0
5;2025-12-17;5;10
5;2025-12-17;6;46
5;2025-12-17;7;108
5;2025-12-17;8;153
5;2025-12-17;9;111
5;2025-12-17;10;92
5;2025-12-17;11;88
5;2025-12-17;12;90
5;2025-12-17;13;91
5;2025-12-17;14;90
5;2025-12-17;15;98
5;2025-12-17;16;109
5;2025-12-17;17;131
5;2025-12-17;18;140
5;2025-12-17;19;100
5;2025-12-17;20;65
5;2025-12-17;21;40
5;2025-12-17;22;21
5;2025-12-17;23;9
5;2025-12-18;0;3
5;2025-12-18;1;0
5;2025-12-18;2;0
5;2025-12-18;3;0
5;2025-12-18;4;0
5;2025-12-18;5;10
5;2025-12-18;6;46
5;2025-12-18;7;107
5;2025-12-18;8;151
5;2025-12-18;9;111
5;2025-12-18;10;91
5;2025-12-18;11;87
5;2025-12-18;12;89
5;2025-12-18;13;91
5;2025-12-18;14;91
5;2025-12-18;15;98
5;2025-12-18;16;109
5;2025-12-18;17;130
5;2025-12-18;18;140
5;2025-12-18;19;99
5;2025-12-18;20;65
5;2025-12-18;21;41
5;2025-12-18;22;21
5;2025-12-18;23;9
5;2025-12-19;0;3
5;2025-12-19;1;0
5;2025-12-19;2;0
5;2025-12-19;3;0
5;2025-12-19;4;0
5;2025-12-19;5;10
5;2025-12-19;6;45
5;2025-12-19;7;104
5;2025-12-19;8;147
5;2025-12-19;9;107
5;2025-12-19;10;90
5;2025-12-19;11;88
5;2025-12-19;12;89
5;2025-12-19;13;92
5;2025-12-19;14;93
5;2025-12-19;15;102
5;2025-12-19;16;116
5;2025-12-19;17;128
5;2025-12-19;18;121
5;2025-12-19;19;91
5;2025-12-19;20;61
5;2025-12-19;21;40
5;2025-12-19;22;21
5;2025-12-19;23;10
5;2025-12-20;0;4
5;2025-12-20;1;0
5;2025-12-20;2;0
5;2025-12-20;3;0
5;2025-12-20;4;0
5;2025-12-20;5;5
5;2025-12-20;6;20
5;2025-12-20;7;30
5;2025-12-20;8;43
5;2025-12-20;9;52
5;2025-12-20;10;58
5;2025-12-20;11;67
5;2025-12-20;12;72
5;2025-12-20;13;76
5;2025-12-20;14;76
5;2025-12-20;15;76
5;2025-12-20;16;74
5;2025-12-20;17;71
5;2025-12-20;18;66
5;2025-12-20;19;57
5;2025-12-20;20;43
5;2025-12-20;21;31
5;2025-12-20;22;19
5;2025-12-20;23;11
5;2025-12-21;0;4
5;2025-12-21;1;0
5;2025-12-21;2;0
5;2025-12-21;3;0
5;2025-12-21;4;0
5;2025-12-21;5;3
5;2025-12-21;6;14
5;2025-12-21;7;20
5;2025-12-21;8;30
5;2025-12-21;9;41
5;2025-12-21;10;48
5;2025-12-21;11;58
5;2025-12-21;12;64
5;2025-12-21;13;68
5;2025-12-21;14;69
5;2025-12-21;15;67
5;2025-12-21;16;65
5;2025-12-21;17;64
5;2025-12-21;18;58
5;2025-12-21;19;48
5;2025-12-21;20;36
5;2025-12-21;21;27
5;2025-12-21;22;16
5;2025-12-21;23;8
5;2025-12-22;0;2
5;2025-12-22;1;0
5;2025-12-22;2;0
5;2025-12-22;3;0
5;2025-12-22;4;0
5;2025-12-22;5;10
5;2025-12-22;6;45
5;2025-12-22;7;105
5;2025-12-22;8;148
5;2025-12-22;9;108
5;2025-12-22;10;87
5;2025-12-22;11;83
5;2025-12-22;12;85
5;2025-12-22;13;86
5;2025-12-22;14;86
5;2025-12-22;15;94
5;2025-12-22;16;106
5;2025-12-22;17;128
5;2025-12-22;18;137
5;2025-12-22;19;97
5;2025-12-22;20;63
5;2025-12-22;21;38
5;2025-12-22;22;19
5;2025-12-22;23;8
5;2025-12-23;0;2
5;2025-12-23;1;0
5;2025-12-23;2;0
5;2025-12-23;3;0
5;2025-12-23;4;0
5;2025-12-23;5;10
5;2025-12-23;6;46
5;2025-12-23;7;108
5;2025-12-23;8;152
5;2025-12-23;9;110
5;2025-12-23;10;91
5;2025-12-23;11;87
5;2025-12-23;12;88
5;2025-12-23;13;89
5;2025-12-23;14;89
5;2025-12-23;15;96
5;2025-12-23;16;108
5;2025-12-23;17;131
5;2025-12-23;18;140
5;2025-12-23;19;100
5;2025-12-23;20;65
5;2025-12-23;21;40
5;2025-12-23;22;20
5;2025-12-23;23;9
5;2025-12-24;0;2
5;2025-12-24;1;0
5;2025-12-24;2;0
5;2025-12-24;3;0
5;2025-12-24;4;0
5;2025-12-24;5;10
5;2025-12-24;6;46
5;2025-12-24;7;107
5;2025-12-24;8;153
5;2025-12-24;9;111
5;2025-12-24;10;92
5;2025-12-24;11;88
5;2025-12-24;12;89
5;2025-12-24;13;91
5;2025-12-24;14;90
5;2025-12-24;15;98
5;2025-12-24;16;109
5;2025-12-24;17;131
5;2025-12-24;18;140
5;2025-12-24;19;100
5;2025-12-24;20;65
5;2025-12-24;21;41
5;2025-12-24;22;21
5;2025-12-24;23;9
5;2025-12-25;0;3
5;2025-12-25;1;0
5;2025-12-25;2;0
5;2025-12-25;3;0
5;2025-12-25;4;0
5;2025-12-25;5;10
5;2025-12-25;6;46
5;2025-12-25;7;105
5;2025-12-25;8;149
5;2025-12-25;9;111
5;2025-12-25;10;92
5;2025-12-25;11;88
5;2025-12-25;12;91
5;2025-12-25;13;92
5;2025-12-25;14;92
5;2025-12-25;15;99
5;2025-12-25;16;109
5;2025-12-25;17;130
5;2025-12-25;18;139
5;2025-12-25;19;99
5;2025-12-25;20;65
5;2025-12-25;21;41
5;2025-12-25;22;21
5;2025-12-25;23;10
5;2025-12-26;0;3
5;2025-12-26;1;0
5;2025-12-26;2;0
5;2025-12-26;3;0
5;2025-12-26;4;0
5;2025-12-26;5;10
5;2025-12-26;6;45
5;2025-12-26;7;103
5;2025-12-26;8;146
5;2025-12-26;9;107
5;2025-12-26;10;91
5;2025-12-26;11;89
5;2025-12-26;12;90
5;2025-12-26;13;92
5;2025-12-26;14;93
5;2025-12-26;15;102
5;2025-12-26;16;116
5;2025-12-26;17;128
5;2025-12-26;18;120
5;2025-12-26;19;90
5;2025-12-26;20;61
5;2025-12-26;21;40
5;2025-12-26;22;21
5;2025-12-26;23;11
5;2025-12-27;0;4
5;2025-12-27;1;0
5;2025-12-27;2;0
5;2025-12-27;3;0
5;2025-12-27;4;0
5;2025-12-27;5;5
5;2025-12-27;6;20
5;2025-12-27;7;30
5;2025-12-27;8;42
5;2025-12-27;9;51
5;2025-12-27;10;57
5;2025-12-27;11;65
5;2025-12-27;12;71
5;2025-12-27;13;74
5;2025-12-27;14;74
5;2025-12-27;15;74
5;2025-12-27;16;71
5;2025-12-27;17;69
5;2025-12-27;18;64
5;2025-12-27;19;55
5;2025-12-27;20;42
5;2025-12-27;21;31
5;2025-12-27;22;19
5;2025-12-27;23;11
5;2025-12-28;0;4
5;2025-12-28;1;0
5;2025-12-28;2;0
5;2025-12-28;3;0
5;2025-12-28;4;0
5;2025-12-28;5;4
5;2025-12-28;6;14
5;2025-12-28;7;20
5;2025-12-28;8;30
5;2025-12-28;9;40
5;2025-12-28;10;47
5;2025-12-28;11;56
5;2025-12-28;12;62
5;2025-12-28;13;66
5;2025-12-28;14;67
5;2025-12-28;15;65
5;2025-12-28;16;62
5;2025-12-28;17;61
5;2025-12-28;18;55
5;2025-12-28;19;47
5;2025-12-28;20;36
5;2025-12-28;21;27
5;2025-12-28;22;16
5;2025-12-28;23;8
5;2025-12-29;0;2
5;2025-12-29;1;0
5;2025-12-29;2;0
5;2025-12-29;3;0
5;2025-12-29;4;0
5;2025-12-29;5;10
5;2025-12-29;6;43
5;2025-12-29;7;97
5;2025-12-29;8;140
5;2025-12-29;9;103
5;2025-12-29;10;84
5;2025-12-29;11;81
5;2025-12-29;12;82
5;2025-12-29;13;83
5;2025-12-29;14;83
5;2025-12-29;15;90
5;2025-12-29;16;100
5;2025-12-29;17;121
5;2025-12-29;18;129
5;2025-12-29;19;92
5;2025-12-29;20;60
5;2025-12-29;21;36
5;2025-12-29;22;18
5;2025-12-29;23;8
5;2025-12-30;0;2
5;2025-12-30;1;0
5;2025-12-30;2;0
5;2025-12-30;3;0
5;2025-12-30;4;0
5;2025-12-30;5;9
5;2025-12-30;6;42
5;2025-12-30;7;96
5;2025-12-30;8;138
5;2025-12-30;9;102
5;2025-12-30;10;84
5;2025-12-30;11;81
5;2025-12-30;12;82
5;2025-12-30;13;83
5;2025-12-30;14;82
5;2025-12-30;15;89
5;2025-12-30;16;98
5;2025-12-30;17;118
5;2025-12-30;18;125
5;2025-12-30;19;90
5;2025-12-30;20;59
5;2025-12-30;21;36
5;2025-12-30;22;18
5;2025-12-30;23;8
5;2025-12-31;0;2
5;2025-12-31;1;0
5;2025-12-31;2;0
5;2025-12-31;3;0
5;2025-12-31;4;0
5;2025-12-31;5;2
5;2025-12-31;6;13
5;2025-12-31;7;22
5;2025-12-31;8;31
5;2025-12-31;9;35
5;2025-12-31;10;35
5;2025-12-31;11;42
5;2025-12-31;12;44
5;2025-12-31;13;46
5;2025-12-31;14;46
5;2025-12-31;15;46
5;2025-12-31;16;48
5;2025-12-31;17;49
5;2025-12-31;18;38
5;2025-12-31;19;32
5;2025-12-31;20;24
5;2025-12-31;21;17
5;2025-12-31;22;8
5;2025-12-31;23;6
7;2025-11-01;0;138
7;2025-11-01;1;44
7;2025-11-01;2;14
7;2025-11-01;3;13
7;2025-11-01;4;12
7;2025-11-01;5;212
7;2025-11-01;6;656
7;2025-11-01;7;1267
7;2025-11-01;8;1906
7;2025-11-01;9;1461
7;2025-11-01;10;1294
7;2025-11-01;11;1270
7;2025-11-01;12;1359
7;2025-11-01;13;1411
7;2025-11-01;14;1355
7;2025-11-01;15;1479
7;2025-11-01;16;1606
7;2025-11-01;17;1755
7;2025-11-01;18;1805
7;2025-11-01;19;1249
7;2025-11-01;20;927
7;2025-11-01;21;663
7;2025-11-01;22;396
7;2025-11-01;23;254
7;2025-11-02;0;93
7;2025-11-02;1;19
7;2025-11-02;2;0
7;2025-11-02;3;3
7;2025-11-02;4;0
7;2025-11-02;5;18
7;2025-11-02;6;110
7;2025-11-02;7;196
7;2025-11-02;8;359
7;2025-11-02;9;436
7;2025-11-02;10;470
7;2025-11-02;11;616
7;2025-11-02;12;673
7;2025-11-02;13;746
7;2025-11-02;14;754
7;2025-11-02;15;748
7;2025-11-02;16;691
7;2025-11-02;17;661
7;2025-11-02;18;612
7;2025-11-02;19;507
7;2025-11-02;20;412
7;2025-11-02;21;316
7;2025-11-02;22;184
7;2025-11-02;23;122
7;2025-11-03;0;81
7;2025-11-03;1;19
7;2025-11-03;2;2
7;2025-11-03;3;1
7;2025-11-03;4;0
7;2025-11-03;5;66
7;2025-11-03;6;217
7;2025-11-03;7;434
7;2025-11-03;8;670
7;2025-11-03;9;716
7;2025-11-03;10;771
7;2025-11-03;11;871
7;2025-11-03;12;938
7;2025-11-03;13;987
7;2025-11-03;14;997
7;2025-11-03;15;1010
7;2025-11-03;16;994
7;2025-11-03;17;1088
7;2025-11-03;18;1085
7;2025-11-03;19;876
7;2025-11-03;20;631
7;2025-11-03;21;456
7;2025-11-03;22;254
7;2025-11-03;23;157
7;2025-11-04;0;81
7;2025-11-04;1;25
7;2025-11-04;2;1
7;2025-11-04;3;1
7;2025-11-04;4;0
7;2025-11-04;5;26
7;2025-11-04;6;168
7;2025-11-04;7;357
7;2025-11-04;8;603
7;2025-11-04;9;645
7;2025-11-04;10;701
7;2025-11-04;11;824
7;2025-11-04;12;914
7;2025-11-04;13;977
7;2025-11-04;14;951
7;2025-11-04;15;954
7;2025-11-04;16;938
7;2025-11-04;17;983
7;2025-11-04;18;989
7;2025-11-04;19;804
7;2025-11-04;20;593
7;2025-11-04;21;461
7;2025-11-04;22;244
7;2025-11-04;23;160
7;2025-11-05;0;57
7;2025-11-05;1;10
7;2025-11-05;2;0
7;2025-11-05;3;0
7;2025-11-05;4;0
7;2025-11-05;5;183
7;2025-11-05;6;611
7;2025-11-05;7;1537
7;2025-11-05;8;2426
7;2025-11-05;9;1770
7;2025-11-05;10;1551
7;2025-11-05;11;1421
7;2025-11-05;12;1492
7;2025-11-05;13;1467
7;2025-11-05;14;1487
7;2025-11-05;15;1634
7;2025-11-05;16;1789
7;2025-11-05;17;2241
7;2025-11-05;18;2403
7;2025-11-05;19;1611
7;2025-11-05;20;1007
7;2025-11-05;21;619
7;2025-11-05;22;315
7;2025-11-05;23;175
7;2025-11-06;0;59
7;2025-11-06;1;13
7;2025-11-06;2;0
7;2025-11-06;3;0
7;2025-11-06;4;0
7;2025-11-06;5;182
7;2025-11-06;6;599
7;2025-11-06;7;1542
7;2025-11-06;8;2385
7;2025-11-06;9;1739
7;2025-11-06;10;1487
7;2025-11-06;11;1407
7;2025-11-06;12;1458
7;2025-11-06;13;1455
7;2025-11-06;14;1522
7;2025-11-06;15;1613
7;2025-11-06;16;1774
7;2025-11-06;17;2173
7;2025-11-06;18;2408
7;2025-11-06;19;1578
7;2025-11-06;20;983
7;2025-11-06;21;605
7;2025-11-06;22;312
7;2025-11-06;23;180
7;2025-11-07;0;65
7;2025-11-07;1;13
7;2025-11-07;2;0
7;2025-11-07;3;0
7;2025-11-07;4;0
7;2025-11-07;5;182
7;2025-11-07;6;606
7;2025-11-07;7;1527
7;2025-11-07;8;2328
7;2025-11-07;9;1704
7;2025-11-07;10;1555
7;2025-11-07;11;1464
7;2025-11-07;12;1530
7;2025-11-07;13;1579
7;2025-11-07;14;1615
7;2025-11-07;15;1759
7;2025-11-07;16;1938
7;2025-11-07;17;2162
7;2025-11-07;18;2068
7;2025-11-07;19;1439
7;2025-11-07;20;959
7;2025-11-07;21;605
7;2025-11-07;22;311
7;2025-11-07;23;188
7;2025-11-08;0;98
7;2025-11-08;1;22
7;2025-11-08;2;1
7;2025-11-08;3;3
7;2025-11-08;4;0
7;2025-11-08;5;39
7;2025-11-08;6;218
7;2025-11-08;7;356
7;2025-11-08;8;584
7;2025-11-08;9;627
7;2025-11-08;10;661
7;2025-11-08;11;770
7;2025-11-08;12;883
7;2025-11-08;13;913
7;2025-11-08;14;887
7;2025-11-08;15;906
7;2025-11-08;16;865
7;2025-11-08;17;842
7;2025-11-08;18;794
7;2025-11-08;19;680
7;2025-11-08;20;517
7;2025-11-08;21;380
7;2025-11-08;22;208
7;2025-11-08;23;131
7;2025-11-09;0;93
7;2025-11-09;1;19
7;2025-11-09;2;0
7;2025-11-09;3;2
7;2025-11-09;4;0
7;2025-11-09;5;13
7;2025-11-09;6;118
7;2025-11-09;7;229
7;2025-11-09;8;387
7;2025-11-09;9;474
7;2025-11-09;10;507
7;2025-11-09;11;667
7;2025-11-09;12;733
7;2025-11-09;13;802
7;2025-11-09;14;801
7;2025-11-09;15;797
7;2025-11-09;16;741
7;2025-11-09;17;731
7;2025-11-09;18;684
7;2025-11-09;19;536
7;2025-11-09;20;425
7;2025-11-09;21;311
7;2025-11-09;22;164
7;2025-11-09;23;100
7;2025-11-10;0;61
7;2025-11-10;1;12
7;2025-11-10;2;0
7;2025-11-10;3;0
7;2025-11-10;4;1
7;2025-11-10;5;182
7;2025-11-10;6;624
7;2025-11-10;7;1608
7;2025-11-10;8;2441
7;2025-11-10;9;1781
7;2025-11-10;10;1531
7;2025-11-10;11;1428
7;2025-11-10;12;1482
7;2025-11-10;13;1499
7;2025-11-10;14;1518
7;2025-11-10;15;1662
7;2025-11-10;16;1805
7;2025-11-10;17;2267
7;2025-11-10;18;2441
7;2025-11-10;19;1659
7;2025-11-10;20;1033
7;2025-11-10;21;616
7;2025-11-10;22;298
7;2025-11-10;23;160
7;2025-11-11;0;56
7;2025-11-11;1;12
7;2025-11-11;2;0
7;2025-11-11;3;0
7;2025-11-11;4;1
7;2025-11-11;5;185
7;2025-11-11;6;642
7;2025-11-11;7;1677
7;2025-11-11;8;2485
7;2025-11-11;9;1844
7;2025-11-11;10;1611
7;2025-11-11;11;1518
7;2025-11-11;12;1566
7;2025-11-11;13;1572
7;2025-11-11;14;1553
7;2025-11-11;15;1723
7;2025-11-11;16;1859
7;2025-11-11;17;2284
7;2025-11-11;18;2525
7;2025-11-11;19;1716
7;2025-11-11;20;1089
7;2025-11-11;21;673
7;2025-11-11;22;332
7;2025-11-11;23;189
7;2025-11-12;0;58
7;2025-11-12;1;11
7;2025-11-12;2;0
7;2025-11-12;3;0
7;2025-11-12;4;1
7;2025-11-12;5;188
7;2025-11-12;6;646
7;2025-11-12;7;1634
7;2025-11-12;8;2533
7;2025-11-12;9;1866
7;2025-11-12;10;1648
7;2025-11-12;11;1518
7;2025-11-12;12;1592
7;2025-11-12;13;1566
7;2025-11-12;14;1590
7;2025-11-12;15;1740
7;2025-11-12;16;1897
7;2025-11-12;17;2350
7;2025-11-12;18;2543
7;2025-11-12;19;1688
7;2025-11-12;20;1076
7;2025-11-12;21;669
7;2025-11-12;22;342
7;2025-11-12;23;194
7;2025-11-13;0;60
7;2025-11-13;1;13
7;2025-11-13;2;0
7;2025-11-13;3;0
7;2025-11-13;4;1
7;2025-11-13;5;187
7;2025-11-13;6;643
7;2025-11-13;7;1643
7;2025-11-13;8;2502
7;2025-11-13;9;1846
7;2025-11-13;10;1597
7;2025-11-13;11;1515
7;2025-11-13;12;1569
7;2025-11-13;13;1565
7;2025-11-13;14;1633
7;2025-11-13;15;1724
7;2025-11-13;16;1883
7;2025-11-13;17;2284
7;2025-11-13;18;2530
7;2025-11-13;19;1663
7;2025-11-13;20;1057
7;2025-11-13;21;659
7;2025-11-13;22;333
7;2025-11-13;23;198
7;2025-11-14;0;65
7;2025-11-14;1;13
7;2025-11-14;2;0
7;2025-11-14;3;0
7;2025-11-14;4;1
7;2025-11-14;5;182
7;2025-11-14;6;615
7;2025-11-14;7;1563
7;2025-11-14;8;2375
7;2025-11-14;9;1741
7;2025-11-14;10;1590
7;2025-11-14;11;1494
7;2025-11-14;12;1560
7;2025-11-14;13;1610
7;2025-11-14;14;1647
7;2025-11-14;15;1791
7;2025-11-14;16;1973
7;2025-11-14;17;2201
7;2025-11-14;18;2114
7;2025-11-14;19;1467
7;2025-11-14;20;983
7;2025-11-14;21;622
7;2025-11-14;22;329
7;2025-11-14;23;206
7;2025-11-15;0;100
7;2025-11-15;1;23
7;2025-11-15;2;1
7;2025-11-15;3;3
7;2025-11-15;4;0
7;2025-11-15;5;55
7;2025-11-15;6;235
7;2025-11-15;7;382
7;2025-11-15;8;623
7;2025-11-15;9;666
7;2025-11-15;10;696
7;2025-11-15;11;805
7;2025-11-15;12;913
7;2025-11-15;13;945
7;2025-11-15;14;919
7;2025-11-15;15;936
7;2025-11-15;16;891
7;2025-11-15;17;872
7;2025-11-15;18;832
7;2025-11-15;19;700
7;2025-11-15;20;530
7;2025-11-15;21;394
7;2025-11-15;22;221
7;2025-11-15;23;142
7;2025-11-16;0;93
7;2025-11-16;1;19
7;2025-11-16;2;0
7;2025-11-16;3;1
7;2025-11-16;4;0
7;2025-11-16;5;26
7;2025-11-16;6;138
7;2025-11-16;7;250
7;2025-11-16;8;418
7;2025-11-16;9;509
7;2025-11-16;10;537
7;2025-11-16;11;691
7;2025-11-16;12;753
7;2025-11-16;13;823
7;2025-11-16;14;825
7;2025-11-16;15;819
7;2025-11-16;16;761
7;2025-11-16;17;754
7;2025-11-16;18;707
7;2025-11-16;19;553
7;2025-11-16;20;439
7;2025-11-16;21;326
7;2025-11-16;22;175
7;2025-11-16;23;108
7;2025-11-17;0;61
7;2025-11-17;1;11
7;2025-11-17;2;0
7;2025-11-17;3;0
7;2025-11-17;4;1
7;2025-11-17;5;183
7;2025-11-17;6;613
7;2025-11-17;7;1597
7;2025-11-17;8;2444
7;2025-11-17;9;1781
7;2025-11-17;10;1527
7;2025-11-17;11;1425
7;2025-11-17;12;1473
7;2025-11-17;13;1492
7;2025-11-17;14;1516
7;2025-11-17;15;1653
7;2025-11-17;16;1798
7;2025-11-17;17;2259
7;2025-11-17;18;2441
7;2025-11-17;19;1659
7;2025-11-17;20;1033
7;2025-11-17;21;614
7;2025-11-17;22;301
7;2025-11-17;23;161
7;2025-11-18;0;55
7;2025-11-18;1;11
7;2025-11-18;2;0
7;2025-11-18;3;0
7;2025-11-18;4;1
7;2025-11-18;5;184
7;2025-11-18;6;640
7;2025-11-18;7;1672
7;2025-11-18;8;2487
7;2025-11-18;9;1845
7;2025-11-18;10;1611
7;2025-11-18;11;1518
7;2025-11-18;12;1564
7;2025-11-18;13;1570
7;2025-11-18;14;1551
7;2025-11-18;15;1721
7;2025-11-18;16;1858
7;2025-11-18;17;2283
7;2025-11-18;18;2531
7;2025-11-18;19;1716
7;2025-11-18;20;1091
7;2025-11-18;21;675
7;2025-11-18;22;335
7;2025-11-18;23;192
7;2025-11-19;0;58
7;2025-11-19;1;10
7;2025-11-19;2;0
7;2025-11-19;3;0
7;2025-11-19;4;1
7;2025-11-19;5;184
7;2025-11-19;6;636
7;2025-11-19;7;1621
7;2025-11-19;8;2523
7;2025-11-19;9;1855
7;2025-11-19;10;1636
7;2025-11-19;11;1507
7;2025-11-19;12;1579
7;2025-11-19;13;1554
7;2025-11-19;14;1577
7;2025-11-19;15;1726
7;2025-11-19;16;1883
7;2025-11-19;17;2337
7;2025-11-19;18;2536
7;2025-11-19;19;1677
7;2025-11-19;20;1072
7;2025-11-19;21;666
7;2025-11-19;22;340
7;2025-11-19;23;193
7;2025-11-20;0;59
7;2025-11-20;1;13
7;2025-11-20;2;0
7;2025-11-20;3;0
7;2025-11-20;4;1
7;2025-11-20;5;183
7;2025-11-20;6;636
7;2025-11-20;7;1634
7;2025-11-20;8;2497
7;2025-11-20;9;1839
7;2025-11-20;10;1589
7;2025-11-20;11;1509
7;2025-11-20;12;1560
7;2025-11-20;13;1556
7;2025-11-20;14;1624
7;2025-11-20;15;1713
7;2025-11-20;16;1873
7;2025-11-20;17;2275
7;2025-11-20;18;2524
7;2025-11-20;19;1655
7;2025-11-20;20;1056
7;2025-11-20;21;659
7;2025-11-20;22;333
7;2025-11-20;23;199
7;2025-11-21;0;65
7;2025-11-21;1;13
7;2025-11-21;2;0
7;2025-11-21;3;0
7;2025-11-21;4;1
7;2025-11-21;5;181
7;2025-11-21;6;611
7;2025-11-21;7;1556
7;2025-11-21;8;2370
7;2025-11-21;9;1735
7;2025-11-21;10;1586
7;2025-11-21;11;1493
7;2025-11-21;12;1558
7;2025-11-21;13;1607
7;2025-11-21;14;1646
7;2025-11-21;15;1791
7;2025-11-21;16;1974
7;2025-11-21;17;2201
7;2025-11-21;18;2117
7;2025-11-21;19;1468
7;2025-11-21;20;980
7;2025-11-21;21;619
7;2025-11-21;22;326
7;2025-11-21;23;203
7;2025-11-22;0;100
7;2025-11-22;1;23
7;2025-11-22;2;1
7;2025-11-22;3;2
7;2025-11-22;4;0
7;2025-11-22;5;52
7;2025-11-22;6;233
7;2025-11-22;7;384
7;2025-11-22;8;622
7;2025-11-22;9;665
7;2025-11-22;10;695
7;2025-11-22;11;807
7;2025-11-22;12;917
7;2025-11-22;13;948
7;2025-11-22;14;918
7;2025-11-22;15;939
7;2025-11-22;16;896
7;2025-11-22;17;879
7;2025-11-22;18;842
7;2025-11-22;19;703
7;2025-11-22;20;530
7;2025-11-22;21;393
7;2025-11-22;22;220
7;2025-11-22;23;140
7;2025-11-23;0;97
7;2025-11-23;1;20
7;2025-11-23;2;0
7;2025-11-23;3;1
7;2025-11-23;4;0
7;2025-11-23;5;23
7;2025-11-23;6;127
7;2025-11-23;7;235
7;2025-11-23;8;404
7;2025-11-23;9;493
7;2025-11-23;10;528
7;2025-11-23;11;692
7;2025-11-23;12;753
7;2025-11-23;13;825
7;2025-11-23;14;822
7;2025-11-23;15;822
7;2025-11-23;16;764
7;2025-11-23;17;761
7;2025-11-23;18;720
7;2025-11-23;19;560
7;2025-11-23;20;443
7;2025-11-23;21;332
7;2025-11-23;22;183
7;2025-11-23;23;118
7;2025-11-24;0;62
7;2025-11-24;1;12
7;2025-11-24;2;0
7;2025-11-24;3;0
7;2025-11-24;4;1
7;2025-11-24;5;177
7;2025-11-24;6;596
7;2025-11-24;7;1578
7;2025-11-24;8;2427
7;2025-11-24;9;1769
7;2025-11-24;10;1531
7;2025-11-24;11;1433
7;2025-11-24;12;1483
7;2025-11-24;13;1503
7;2025-11-24;14;1520
7;2025-11-24;15;1665
7;2025-11-24;16;1810
7;2025-11-24;17;2273
7;2025-11-24;18;2460
7;2025-11-24;19;1658
7;2025-11-24;20;1032
7;2025-11-24;21;613
7;2025-11-24;22;302
7;2025-11-24;23;164
7;2025-11-25;0;56
7;2025-11-25;1;11
7;2025-11-25;2;0
7;2025-11-25;3;0
7;2025-11-25;4;1
7;2025-11-25;5;180
7;2025-11-25;6;630
7;2025-11-25;7;1653
7;2025-11-25;8;2466
7;2025-11-25;9;1826
7;2025-11-25;10;1597
7;2025-11-25;11;1504
7;2025-11-25;12;1550
7;2025-11-25;13;1558
7;2025-11-25;14;1540
7;2025-11-25;15;1711
7;2025-11-25;16;1848
7;2025-11-25;17;2274
7;2025-11-25;18;2529
7;2025-11-25;19;1708
7;2025-11-25;20;1079
7;2025-11-25;21;664
7;2025-11-25;22;325
7;2025-11-25;23;182
7;2025-11-26;0;58
7;2025-11-26;1;10
7;2025-11-26;2;0
7;2025-11-26;3;0
7;2025-11-26;4;1
7;2025-11-26;5;185
7;2025-11-26;6;635
7;2025-11-26;7;1611
7;2025-11-26;8;2511
7;2025-11-26;9;1847
7;2025-11-26;10;1631
7;2025-11-26;11;1501
7;2025-11-26;12;1572
7;2025-11-26;13;1545
7;2025-11-26;14;1568
7;2025-11-26;15;1715
7;2025-11-26;16;1874
7;2025-11-26;17;2329
7;2025-11-26;18;2535
7;2025-11-26;19;1676
7;2025-11-26;20;1069
7;2025-11-26;21;663
7;2025-11-26;22;339
7;2025-11-26;23;193
7;2025-11-27;0;59
7;2025-11-27;1;12
7;2025-11-27;2;0
7;2025-11-27;3;0
7;2025-11-27;4;1
7;2025-11-27;5;185
7;2025-11-27;6;636
7;2025-11-27;7;1625
7;2025-11-27;8;2485
7;2025-11-27;9;1832
7;2025-11-27;10;1584
7;2025-11-27;11;1503
7;2025-11-27;12;1553
7;2025-11-27;13;1548
7;2025-11-27;14;1615
7;2025-11-27;15;1704
7;2025-11-27;16;1863
7;2025-11-27;17;2266
7;2025-11-27;18;2521
7;2025-11-27;19;1653
7;2025-11-27;20;1052
7;2025-11-27;21;655
7;2025-11-27;22;331
7;2025-11-27;23;197
7;2025-11-28;0;65
7;2025-11-28;1;12
7;2025-11-28;2;0
7;2025-11-28;3;0
7;2025-11-28;4;1
7;2025-11-28;5;184
7;2025-11-28;6;612
7;2025-11-28;7;1551
7;2025-11-28;8;2362
7;2025-11-28;9;1730
7;2025-11-28;10;1581
7;2025-11-28;11;1486
7;2025-11-28;12;1551
7;2025-11-28;13;1599
7;2025-11-28;14;1635
7;2025-11-28;15;1778
7;2025-11-28;16;1961
7;2025-11-28;17;2192
7;2025-11-28;18;2115
7;2025-11-28;19;1468
7;2025-11-28;20;983
7;2025-11-28;21;622
7;2025-11-28;22;328
7;2025-11-28;23;205
7;2025-11-29;0;100
7;2025-11-29;1;22
7;2025-11-29;2;1
7;2025-11-29;3;2
7;2025-11-29;4;0
7;2025-11-29;5;56
7;2025-11-29;6;239
7;2025-11-29;7;385
7;2025-11-29;8;617
7;2025-11-29;9;658
7;2025-11-29;10;683
7;2025-11-29;11;794
7;2025-11-29;12;897
7;2025-11-29;13;926
7;2025-11-29;14;898
7;2025-11-29;15;915
7;2025-11-29;16;873
7;2025-11-29;17;858
7;2025-11-29;18;822
7;2025-11-29;19;693
7;2025-11-29;20;522
7;2025-11-29;21;388
7;2025-11-29;22;219
7;2025-11-29;23;139
7;2025-11-30;0;96
7;2025-11-30;1;19
7;2025-11-30;2;0
7;2025-11-30;3;1
7;2025-11-30;4;0
7;2025-11-30;5;25
7;2025-11-30;6;128
7;2025-11-30;7;232
7;2025-11-30;8;392
7;2025-11-30;9;479
7;2025-11-30;10;508
7;2025-11-30;11;663
7;2025-11-30;12;723
7;2025-11-30;13;790
7;2025-11-30;14;791
7;2025-11-30;15;784
7;2025-11-30;16;727
7;2025-11-30;17;728
7;2025-11-30;18;689
7;2025-11-30;19;543
7;2025-11-30;20;425
7;2025-11-30;21;315
7;2025-11-30;22;170
7;2025-11-30;23;102
7;2025-12-01;0;61
7;2025-12-01;1;12
7;2025-12-01;2;0
7;2025-12-01;3;0
7;2025-12-01;4;2
7;2025-12-01;5;188
7;2025-12-01;6;670
7;2025-12-01;7;1619
7;2025-12-01;8;2406
7;2025-12-01;9;1782
7;2025-12-01;10;1515
7;2025-12-01;11;1407
7;2025-12-01;12;1445
7;2025-12-01;13;1458
7;2025-12-01;14;1477
7;2025-12-01;15;1625
7;2025-12-01;16;1768
7;2025-12-01;17;2245
7;2025-12-01;18;2440
7;2025-12-01;19;1672
7;2025-12-01;20;1036
7;2025-12-01;21;622
7;2025-12-01;22;306
7;2025-12-01;23;149
7;2025-12-02;0;56
7;2025-12-02;1;12
7;2025-12-02;2;0
7;2025-12-02;3;0
7;2025-12-02;4;2
7;2025-12-02;5;193
7;2025-12-02;6;688
7;2025-12-02;7;1683
7;2025-12-02;8;2438
7;2025-12-02;9;1834
7;2025-12-02;10;1584
7;2025-12-02;11;1483
7;2025-12-02;12;1519
7;2025-12-02;13;1520
7;2025-12-02;14;1504
7;2025-12-02;15;1680
7;2025-12-02;16;1814
7;2025-12-02;17;2245
7;2025-12-02;18;2500
7;2025-12-02;19;1719
7;2025-12-02;20;1083
7;2025-12-02;21;672
7;2025-12-02;22;335
7;2025-12-02;23;171
7;2025-12-03;0;58
7;2025-12-03;1;11
7;2025-12-03;2;0
7;2025-12-03;3;0
7;2025-12-03;4;2
7;2025-12-03;5;196
7;2025-12-03;6;693
7;2025-12-03;7;1643
7;2025-12-03;8;2495
7;2025-12-03;9;1868
7;2025-12-03;10;1634
7;2025-12-03;11;1497
7;2025-12-03;12;1562
7;2025-12-03;13;1531
7;2025-12-03;14;1555
7;2025-12-03;15;1710
7;2025-12-03;16;1865
7;2025-12-03;17;2320
7;2025-12-03;18;2521
7;2025-12-03;19;1694
7;2025-12-03;20;1079
7;2025-12-03;21;675
7;2025-12-03;22;353
7;2025-12-03;23;186
7;2025-12-04;0;60
7;2025-12-04;1;13
7;2025-12-04;2;0
7;2025-12-04;3;0
7;2025-12-04;4;2
7;2025-12-04;5;199
7;2025-12-04;6;698
7;2025-12-04;7;1660
7;2025-12-04;8;2470
7;2025-12-04;9;1854
7;2025-12-04;10;1585
7;2025-12-04;11;1496
7;2025-12-04;12;1540
7;2025-12-04;13;1530
7;2025-12-04;14;1599
7;2025-12-04;15;1696
7;2025-12-04;16;1853
7;2025-12-04;17;2257
7;2025-12-04;18;2508
7;2025-12-04;19;1672
7;2025-12-04;20;1065
7;2025-12-04;21;671
7;2025-12-04;22;345
7;2025-12-04;23;190
7;2025-12-05;0;65
7;2025-12-05;1;13
7;2025-12-05;2;0
7;2025-12-05;3;0
7;2025-12-05;4;2
7;2025-12-05;5;193
7;2025-12-05;6;666
7;2025-12-05;7;1595
7;2025-12-05;8;2365
7;2025-12-05;9;1768
7;2025-12-05;10;1604
7;2025-12-05;11;1504
7;2025-12-05;12;1561
7;2025-12-05;13;1606
7;2025-12-05;14;1641
7;2025-12-05;15;1791
7;2025-12-05;16;1969
7;2025-12-05;17;2210
7;2025-12-05;18;2129
7;2025-12-05;19;1506
7;2025-12-05;20;1014
7;2025-12-05;21;652
7;2025-12-05;22;357
7;2025-12-05;23;207
7;2025-12-06;0;102
7;2025-12-06;1;24
7;2025-12-06;2;0
7;2025-12-06;3;0
7;2025-12-06;4;0
7;2025-12-06;5;66
7;2025-12-06;6;296
7;2025-12-06;7;449
7;2025-12-06;8;715
7;2025-12-06;9;810
7;2025-12-06;10;906
7;2025-12-06;11;1030
7;2025-12-06;12;1154
7;2025-12-06;13;1179
7;2025-12-06;14;1166
7;2025-12-06;15;1175
7;2025-12-06;16;1133
7;2025-12-06;17;1097
7;2025-12-06;18;1046
7;2025-12-06;19;915
7;2025-12-06;20;717
7;2025-12-06;21;548
7;2025-12-06;22;346
7;2025-12-06;23;228
7;2025-12-07;0;100
7;2025-12-07;1;23
7;2025-12-07;2;0
7;2025-12-07;3;0
7;2025-12-07;4;0
7;2025-12-07;5;41
7;2025-12-07;6;184
7;2025-12-07;7;303
7;2025-12-07;8;495
7;2025-12-07;9;657
7;2025-12-07;10;723
7;2025-12-07;11;901
7;2025-12-07;12;969
7;2025-12-07;13;1035
7;2025-12-07;14;1050
7;2025-12-07;15;1039
7;2025-12-07;16;975
7;2025-12-07;17;952
7;2025-12-07;18;898
7;2025-12-07;19;742
7;2025-12-07;20;594
7;2025-12-07;21;455
7;2025-12-07;22;278
7;2025-12-07;23;173
7;2025-12-08;0;62
7;2025-12-08;1;12
7;2025-12-08;2;0
7;2025-12-08;3;0
7;2025-12-08;4;2
7;2025-12-08;5;190
7;2025-12-08;6;671
7;2025-12-08;7;1632
7;2025-12-08;8;2429
7;2025-12-08;9;1805
7;2025-12-08;10;1541
7;2025-12-08;11;1437
7;2025-12-08;12;1477
7;2025-12-08;13;1491
7;2025-12-08;14;1507
7;2025-12-08;15;1657
7;2025-12-08;16;1799
7;2025-12-08;17;2270
7;2025-12-08;18;2448
7;2025-12-08;19;1684
7;2025-12-08;20;1047
7;2025-12-08;21;630
7;2025-12-08;22;311
7;2025-12-08;23;153
7;2025-12-09;0;57
7;2025-12-09;1;12
7;2025-12-09;2;0
7;2025-12-09;3;0
7;2025-12-09;4;2
7;2025-12-09;5;196
7;2025-12-09;6;697
7;2025-12-09;7;1706
7;2025-12-09;8;2471
7;2025-12-09;9;1868
7;2025-12-09;10;1618
7;2025-12-09;11;1520
7;2025-12-09;12;1558
7;2025-12-09;13;1560
7;2025-12-09;14;1542
7;2025-12-09;15;1719
7;2025-12-09;16;1853
7;2025-12-09;17;2278
7;2025-12-09;18;2523
7;2025-12-09;19;1739
7;2025-12-09;20;1103
7;2025-12-09;21;688
7;2025-12-09;22;345
7;2025-12-09;23;180
7;2025-12-10;0;59
7;2025-12-10;1;11
7;2025-12-10;2;0
7;2025-12-10;3;0
7;2025-12-10;4;2
7;2025-12-10;5;197
7;2025-12-10;6;694
7;2025-12-10;7;1657
7;2025-12-10;8;2508
7;2025-12-10;9;1878
7;2025-12-10;10;1640
7;2025-12-10;11;1505
7;2025-12-10;12;1570
7;2025-12-10;13;1540
7;2025-12-10;14;1564
7;2025-12-10;15;1720
7;2025-12-10;16;1874
7;2025-12-10;17;2329
7;2025-12-10;18;2520
7;2025-12-10;19;1695
7;2025-12-10;20;1080
7;2025-12-10;21;674
7;2025-12-10;22;346
7;2025-12-10;23;177
7;2025-12-11;0;60
7;2025-12-11;1;14
7;2025-12-11;2;0
7;2025-12-11;3;0
7;2025-12-11;4;2
7;2025-12-11;5;197
7;2025-12-11;6;693
7;2025-12-11;7;1667
7;2025-12-11;8;2478
7;2025-12-11;9;1858
7;2025-12-11;10;1589
7;2025-12-11;11;1503
7;2025-12-11;12;1547
7;2025-12-11;13;1539
7;2025-12-11;14;1607
7;2025-12-11;15;1705
7;2025-12-11;16;1862
7;2025-12-11;17;2266
7;2025-12-11;18;2507
7;2025-12-11;19;1671
7;2025-12-11;20;1062
7;2025-12-11;21;666
7;2025-12-11;22;338
7;2025-12-11;23;184
7;2025-12-12;0;65
7;2025-12-12;1;13
7;2025-12-12;2;0
7;2025-12-12;3;0
7;2025-12-12;4;2
7;2025-12-12;5;190
7;2025-12-12;6;661
7;2025-12-12;7;1597
7;2025-12-12;8;2369
7;2025-12-12;9;1769
7;2025-12-12;10;1606
7;2025-12-12;11;1508
7;2025-12-12;12;1565
7;2025-12-12;13;1611
7;2025-12-12;14;1648
7;2025-12-12;15;1799
7;2025-12-12;16;1979
7;2025-12-12;17;2213
7;2025-12-12;18;2122
7;2025-12-12;19;1500
7;2025-12-12;20;1004
7;2025-12-12;21;643
7;2025-12-12;22;348
7;2025-12-12;23;199
7;2025-12-13;0;102
7;2025-12-13;1;25
7;2025-12-13;2;0
7;2025-12-13;3;0
7;2025-12-13;4;0
7;2025-12-13;5;67
7;2025-12-13;6;294
7;2025-12-13;7;451
7;2025-12-13;8;722
7;2025-12-13;9;817
7;2025-12-13;10;914
7;2025-12-13;11;1039
7;2025-12-13;12;1164
7;2025-12-13;13;1191
7;2025-12-13;14;1179
7;2025-12-13;15;1189
7;2025-12-13;16;1145
7;2025-12-13;17;1108
7;2025-12-13;18;1053
7;2025-12-13;19;918
7;2025-12-13;20;716
7;2025-12-13;21;547
7;2025-12-13;22;343
7;2025-12-13;23;224
7;2025-12-14;0;100
7;2025-12-14;1;23
7;2025-12-14;2;0
7;2025-12-14;3;0
7;2025-12-14;4;0
7;2025-12-14;5;44
7;2025-12-14;6;186
7;2025-12-14;7;311
7;2025-12-14;8;504
7;2025-12-14;9;666
7;2025-12-14;10;729
7;2025-12-14;11;905
7;2025-12-14;12;972
7;2025-12-14;13;1039
7;2025-12-14;14;1055
7;2025-12-14;15;1047
7;2025-12-14;16;982
7;2025-12-14;17;958
7;2025-12-14;18;906
7;2025-12-14;19;747
7;2025-12-14;20;598
7;2025-12-14;21;458
7;2025-12-14;22;276
7;2025-12-14;23;171
7;2025-12-15;0;61
7;2025-12-15;1;12
7;2025-12-15;2;0
7;2025-12-15;3;0
7;2025-12-15;4;2
7;2025-12-15;5;191
7;2025-12-15;6;657
7;2025-12-15;7;1625
7;2025-12-15;8;2427
7;2025-12-15;9;1798
7;2025-12-15;10;1529
7;2025-12-15;11;1423
7;2025-12-15;12;1462
7;2025-12-15;13;1477
7;2025-12-15;14;1494
7;2025-12-15;15;1639
7;2025-12-15;16;1783
7;2025-12-15;17;2253
7;2025-12-15;18;2436
7;2025-12-15;19;1674
7;2025-12-15;20;1035
7;2025-12-15;21;617
7;2025-12-15;22;302
7;2025-12-15;23;149
7;2025-12-16;0;56
7;2025-12-16;1;12
7;2025-12-16;2;0
7;2025-12-16;3;0
7;2025-12-16;4;2
7;2025-12-16;5;197
7;2025-12-16;6;693
7;2025-12-16;7;1709
7;2025-12-16;8;2480
7;2025-12-16;9;1873
7;2025-12-16;10;1621
7;2025-12-16;11;1521
7;2025-12-16;12;1558
7;2025-12-16;13;1560
7;2025-12-16;14;1544
7;2025-12-16;15;1720
7;2025-12-16;16;1853
7;2025-12-16;17;2277
7;2025-12-16;18;2522
7;2025-12-16;19;1734
7;2025-12-16;20;1098
7;2025-12-16;21;682
7;2025-12-16;22;339
7;2025-12-16;23;174
7;2025-12-17;0;58
7;2025-12-17;1;11
7;2025-12-17;2;0
7;2025-12-17;3;0
7;2025-12-17;4;2
7;2025-12-17;5;198
7;2025-12-17;6;696
7;2025-12-17;7;1659
7;2025-12-17;8;2517
7;2025-12-17;9;1885
7;2025-12-17;10;1646
7;2025-12-17;11;1510
7;2025-12-17;12;1573
7;2025-12-17;13;1544
7;2025-12-17;14;1570
7;2025-12-17;15;1725
7;2025-12-17;16;1876
7;2025-12-17;17;2329
7;2025-12-17;18;2523
7;2025-12-17;19;1698
7;2025-12-17;20;1082
7;2025-12-17;21;676
7;2025-12-17;22;349
7;2025-12-17;23;179
7;2025-12-18;0;60
7;2025-12-18;1;13
7;2025-12-18;2;0
7;2025-12-18;3;0
7;2025-12-18;4;2
7;2025-12-18;5;197
7;2025-12-18;6;694
7;2025-12-18;7;1666
7;2025-12-18;8;2484
7;2025-12-18;9;1863
7;2025-12-18;10;1591
7;2025-12-18;11;1504
7;2025-12-18;12;1547
7;2025-12-18;13;1539
7;2025-12-18;14;1606
7;2025-12-18;15;1701
7;2025-12-18;16;1858
7;2025-12-18;17;2262
7;2025-12-18;18;2510
7;2025-12-18;19;1671
7;2025-12-18;20;1061
7;2025-12-18;21;666
7;2025-12-18;22;339
7;2025-12-18;23;182
7;2025-12-19;0;65
7;2025-12-19;1;13
7;2025-12-19;2;0
7;2025-12-19;3;0
7;2025-12-19;4;2
7;2025-12-19;5;192
7;2025-12-19;6;663
7;2025-12-19;7;1602
7;2025-12-19;8;2378
7;2025-12-19;9;1777
7;2025-12-19;10;1611
7;2025-12-19;11;1516
7;2025-12-19;12;1572
7;2025-12-19;13;1618
7;2025-12-19;14;1654
7;2025-12-19;15;1806
7;2025-12-19;16;1987
7;2025-12-19;17;2220
7;2025-12-19;18;2130
7;2025-12-19;19;1506
7;2025-12-19;20;1010
7;2025-12-19;21;648
7;2025-12-19;22;353
7;2025-12-19;23;203
7;2025-12-20;0;103
7;2025-12-20;1;25
7;2025-12-20;2;1
7;2025-12-20;3;0
7;2025-12-20;4;0
7;2025-12-20;5;66
7;2025-12-20;6;297
7;2025-12-20;7;459
7;2025-12-20;8;735
7;2025-12-20;9;830
7;2025-12-20;10;926
7;2025-12-20;11;1052
7;2025-12-20;12;1177
7;2025-12-20;13;1203
7;2025-12-20;14;1190
7;2025-12-20;15;1198
7;2025-12-20;16;1154
7;2025-12-20;17;1118
7;2025-12-20;18;1066
7;2025-12-20;19;927
7;2025-12-20;20;727
7;2025-12-20;21;556
7;2025-12-20;22;353
7;2025-12-20;23;232
7;2025-12-21;0;100
7;2025-12-21;1;23
7;2025-12-21;2;0
7;2025-12-21;3;0
7;2025-12-21;4;0
7;2025-12-21;5;42
7;2025-12-21;6;184
7;2025-12-21;7;309
7;2025-12-21;8;503
7;2025-12-21;9;667
7;2025-12-21;10;730
7;2025-12-21;11;906
7;2025-12-21;12;974
7;2025-12-21;13;1040
7;2025-12-21;14;1057
7;2025-12-21;15;1048
7;2025-12-21;16;983
7;2025-12-21;17;960
7;2025-12-21;18;904
7;2025-12-21;19;745
7;2025-12-21;20;599
7;2025-12-21;21;459
7;2025-12-21;22;282
7;2025-12-21;23;173
7;2025-12-22;0;62
7;2025-12-22;1;12
7;2025-12-22;2;0
7;2025-12-22;3;0
7;2025-12-22;4;2
7;2025-12-22;5;192
7;2025-12-22;6;670
7;2025-12-22;7;1633
7;2025-12-22;8;2432
7;2025-12-22;9;1805
7;2025-12-22;10;1541
7;2025-12-22;11;1437
7;2025-12-22;12;1477
7;2025-12-22;13;1491
7;2025-12-22;14;1506
7;2025-12-22;15;1656
7;2025-12-22;16;1800
7;2025-12-22;17;2271
7;2025-12-22;18;2456
7;2025-12-22;19;1683
7;2025-12-22;20;1045
7;2025-12-22;21;628
7;2025-12-22;22;309
7;2025-12-22;23;151
7;2025-12-23;0;57
7;2025-12-23;1;12
7;2025-12-23;2;0
7;2025-12-23;3;0
7;2025-12-23;4;2
7;2025-12-23;5;197
7;2025-12-23;6;690
7;2025-12-23;7;1697
7;2025-12-23;8;2464
7;2025-12-23;9;1860
7;2025-12-23;10;1610
7;2025-12-23;11;1513
7;2025-12-23;12;1550
7;2025-12-23;13;1553
7;2025-12-23;14;1536
7;2025-12-23;15;1716
7;2025-12-23;16;1849
7;2025-12-23;17;2275
7;2025-12-23;18;2523
7;2025-12-23;19;1730
7;2025-12-23;20;1094
7;2025-12-23;21;680
7;2025-12-23;22;338
7;2025-12-23;23;172
7;2025-12-24;0;59
7;2025-12-24;1;11
7;2025-12-24;2;0
7;2025-12-24;3;0
7;2025-12-24;4;2
7;2025-12-24;5;198
7;2025-12-24;6;691
7;2025-12-24;7;1651
7;2025-12-24;8;2511
7;2025-12-24;9;1883
7;2025-12-24;10;1650
7;2025-12-24;11;1513
7;2025-12-24;12;1577
7;2025-12-24;13;1547
7;2025-12-24;14;1572
7;2025-12-24;15;1730
7;2025-12-24;16;1884
7;2025-12-24;17;2340
7;2025-12-24;18;2539
7;2025-12-24;19;1701
7;2025-12-24;20;1086
7;2025-12-24;21;682
7;2025-12-24;22;354
7;2025-12-24;23;185
7;2025-12-25;0;60
7;2025-12-25;1;13
7;2025-12-25;2;0
7;2025-12-25;3;0
7;2025-12-25;4;2
7;2025-12-25;5;201
7;2025-12-25;6;691
7;2025-12-25;7;1641
7;2025-12-25;8;2452
7;2025-12-25;9;1858
7;2025-12-25;10;1616
7;2025-12-25;11;1529
7;2025-12-25;12;1576
7;2025-12-25;13;1562
7;2025-12-25;14;1632
7;2025-12-25;15;1726
7;2025-12-25;16;1863
7;2025-12-25;17;2259
7;2025-12-25;18;2501
7;2025-12-25;19;1668
7;2025-12-25;20;1067
7;2025-12-25;21;672
7;2025-12-25;22;350
7;2025-12-25;23;192
7;2025-12-26;0;66
7;2025-12-26;1;13
7;2025-12-26;2;0
7;2025-12-26;3;0
7;2025-12-26;4;1
7;2025-12-26;5;199
7;2025-12-26;6;665
7;2025-12-26;7;1586
7;2025-12-26;8;2372
7;2025-12-26;9;1793
7;2025-12-26;10;1645
7;2025-12-26;11;1545
7;2025-12-26;12;1603
7;2025-12-26;13;1642
7;2025-12-26;14;1678
7;2025-12-26;15;1816
7;2025-12-26;16;1991
7;2025-12-26;17;2219
7;2025-12-26;18;2137
7;2025-12-26;19;1507
7;2025-12-26;20;1022
7;2025-12-26;21;661
7;2025-12-26;22;368
7;2025-12-26;23;215
7;2025-12-27;0;102
7;2025-12-27;1;24
7;2025-12-27;2;0
7;2025-12-27;3;0
7;2025-12-27;4;0
7;2025-12-27;5;75
7;2025-12-27;6;299
7;2025-12-27;7;460
7;2025-12-27;8;730
7;2025-12-27;9;829
7;2025-12-27;10;922
7;2025-12-27;11;1043
7;2025-12-27;12;1163
7;2025-12-27;13;1183
7;2025-12-27;14;1172
7;2025-12-27;15;1177
7;2025-12-27;16;1126
7;2025-12-27;17;1085
7;2025-12-27;18;1042
7;2025-12-27;19;915
7;2025-12-27;20;724
7;2025-12-27;21;560
7;2025-12-27;22;358
7;2025-12-27;23;241
7;2025-12-28;0;100
7;2025-12-28;1;23
7;2025-12-28;2;0
7;2025-12-28;3;0
7;2025-12-28;4;0
7;2025-12-28;5;54
7;2025-12-28;6;186
7;2025-12-28;7;299
7;2025-12-28;8;503
7;2025-12-28;9;665
7;2025-12-28;10;729
7;2025-12-28;11;903
7;2025-12-28;12;964
7;2025-12-28;13;1024
7;2025-12-28;14;1039
7;2025-12-28;15;1025
7;2025-12-28;16;955
7;2025-12-28;17;923
7;2025-12-28;18;875
7;2025-12-28;19;738
7;2025-12-28;20;595
7;2025-12-28;21;463
7;2025-12-28;22;286
7;2025-12-28;23;183
7;2025-12-29;0;58
7;2025-12-29;1;11
7;2025-12-29;2;0
7;2025-12-29;3;0
7;2025-12-29;4;3
7;2025-12-29;5;191
7;2025-12-29;6;637
7;2025-12-29;7;1514
7;2025-12-29;8;2309
7;2025-12-29;9;1730
7;2025-12-29;10;1504
7;2025-12-29;11;1411
7;2025-12-29;12;1453
7;2025-12-29;13;1455
7;2025-12-29;14;1459
7;2025-12-29;15;1600
7;2025-12-29;16;1721
7;2025-12-29;17;2149
7;2025-12-29;18;2317
7;2025-12-29;19;1600
7;2025-12-29;20;998
7;2025-12-29;21;604
7;2025-12-29;22;299
7;2025-12-29;23;156
7;2025-12-30;0;51
7;2025-12-30;1;11
7;2025-12-30;2;0
7;2025-12-30;3;0
7;2025-12-30;4;2
7;2025-12-30;5;183
7;2025-12-30;6;634
7;2025-12-30;7;1516
7;2025-12-30;8;2258
7;2025-12-30;9;1726
7;2025-12-30;10;1493
7;2025-12-30;11;1413
7;2025-12-30;12;1453
7;2025-12-30;13;1447
7;2025-12-30;14;1421
7;2025-12-30;15;1576
7;2025-12-30;16;1683
7;2025-12-30;17;2043
7;2025-12-30;18;2243
7;2025-12-30;19;1562
7;2025-12-30;20;1003
7;2025-12-30;21;631
7;2025-12-30;22;323
7;2025-12-30;23;166
7;2025-12-31;0;62
7;2025-12-31;1;10
7;2025-12-31;2;0
7;2025-12-31;3;0
7;2025-12-31;4;0
7;2025-12-31;5;13
7;2025-12-31;6;166
7;2025-12-31;7;324
7;2025-12-31;8;515
7;2025-12-31;9;590
7;2025-12-31;10;588
7;2025-12-31;11;697
7;2025-12-31;12;724
7;2025-12-31;13;744
7;2025-12-31;14;745
7;2025-12-31;15;753
7;2025-12-31;16;745
7;2025-12-31;17;800
7;2025-12-31;18;616
7;2025-12-31;19;510
7;2025-12-31;20;397
7;2025-12-31;21;288
7;2025-12-31;22;143
7;2025-12-31;23;120
11;2025-11-01;0;120
11;2025-11-01;1;19
11;2025-11-01;2;13
11;2025-11-01;3;12
11;2025-11-01;4;17
11;2025-11-01;5;341
11;2025-11-01;6;1234
11;2025-11-01;7;1932
11;2025-11-01;8;2417
11;2025-11-01;9;2016
11;2025-11-01;10;1917
11;2025-11-01;11;1915
11;2025-11-01;12;1974
11;2025-11-01;13;2020
11;2025-11-01;14;2045
11;2025-11-01;15;2155
11;2025-11-01;16;2283
11;2025-11-01;17;2484
11;2025-11-01;18;2452
11;2025-11-01;19;1948
11;2025-11-01;20;1430
11;2025-11-01;21;1006
11;2025-11-01;22;590
11;2025-11-01;23;426
11;2025-11-02;0;99
11;2025-11-02;1;11
11;2025-11-02;2;0
11;2025-11-02;3;1
11;2025-11-02;4;2
11;2025-11-02;5;105
11;2025-11-02;6;460
11;2025-11-02;7;473
11;2025-11-02;8;651
11;2025-11-02;9;846
11;2025-11-02;10;1003
11;2025-11-02;11;1272
11;2025-11-02;12;1367
11;2025-11-02;13;1406
11;2025-11-02;14;1446
11;2025-11-02;15;1449
11;2025-11-02;16;1405
11;2025-11-02;17;1423
11;2025-11-02;18;1257
11;2025-11-02;19;1067
11;2025-11-02;20;830
11;2025-11-02;21;598
11;2025-11-02;22;349
11;2025-11-02;23;251
11;2025-11-03;0;83
11;2025-11-03;1;10
11;2025-11-03;2;1
11;2025-11-03;3;0
11;2025-11-03;4;0
11;2025-11-03;5;158
11;2025-11-03;6;675
11;2025-11-03;7;791
11;2025-11-03;8;1001
11;2025-11-03;9;1054
11;2025-11-03;10;1112
11;2025-11-03;11;1248
11;2025-11-03;12;1342
11;2025-11-03;13;1402
11;2025-11-03;14;1446
11;2025-11-03;15;1457
11;2025-11-03;16;1477
11;2025-11-03;17;1564
11;2025-11-03;18;1557
11;2025-11-03;19;1330
11;2025-11-03;20;968
11;2025-11-03;21;637
11;2025-11-03;22;336
11;2025-11-03;23;228
11;2025-11-04;0;82
11;2025-11-04;1;6
11;2025-11-04;2;0
11;2025-11-04;3;0
11;2025-11-04;4;0
11;2025-11-04;5;111
11;2025-11-04;6;576
11;2025-11-04;7;687
11;2025-11-04;8;890
11;2025-11-04;9;941
11;2025-11-04;10;970
11;2025-11-04;11;1131
11;2025-11-04;12;1251
11;2025-11-04;13;1334
11;2025-11-04;14;1313
11;2025-11-04;15;1334
11;2025-11-04;16;1351
11;2025-11-04;17;1451
11;2025-11-04;18;1449
11;2025-11-04;19;1203
11;2025-11-04;20;916
11;2025-11-04;21;632
11;2025-11-04;22;309
11;2025-11-04;23;230
11;2025-11-05;0;62
11;2025-11-05;1;1
11;2025-11-05;2;0
11;2025-11-05;3;0
11;2025-11-05;4;0
11;2025-11-05;5;285
11;2025-11-05;6;1262
11;2025-11-05;7;2338
11;2025-11-05;8;3070
11;2025-11-05;9;2278
11;2025-11-05;10;1867
11;2025-11-05;11;1796
11;2025-11-05;12;1824
11;2025-11-05;13;1889
11;2025-11-05;14;1882
11;2025-11-05;15;1955
11;2025-11-05;16;2150
11;2025-11-05;17;2668
11;2025-11-05;18;2883
11;2025-11-05;19;2156
11;2025-11-05;20;1386
11;2025-11-05;21;805
11;2025-11-05;22;404
11;2025-11-05;23;233
11;2025-11-06;0;63
11;2025-11-06;1;1
11;2025-11-06;2;0
11;2025-11-06;3;0
11;2025-11-06;4;0
11;2025-11-06;5;284
11;2025-11-06;6;1277
11;2025-11-06;7;2310
11;2025-11-06;8;3020
11;2025-11-06;9;2287
11;2025-11-06;10;1906
11;2025-11-06;11;1782
11;2025-11-06;12;1862
11;2025-11-06;13;1914
11;2025-11-06;14;1902
11;2025-11-06;15;1955
11;2025-11-06;16;2209
11;2025-11-06;17;2668
11;2025-11-06;18;2925
11;2025-11-06;19;2166
11;2025-11-06;20;1421
11;2025-11-06;21;834
11;2025-11-06;22;422
11;2025-11-06;23;240
11;2025-11-07;0;69
11;2025-11-07;1;2
11;2025-11-07;2;0
11;2025-11-07;3;0
11;2025-11-07;4;1
11;2025-11-07;5;285
11;2025-11-07;6;1297
11;2025-11-07;7;2316
11;2025-11-07;8;3074
11;2025-11-07;9;2282
11;2025-11-07;10;1919
11;2025-11-07;11;1831
11;2025-11-07;12;1890
11;2025-11-07;13;1928
11;2025-11-07;14;2003
11;2025-11-07;15;2129
11;2025-11-07;16;2362
11;2025-11-07;17;2738
11;2025-11-07;18;2585
11;2025-11-07;19;2030
11;2025-11-07;20;1392
11;2025-11-07;21;852
11;2025-11-07;22;426
11;2025-11-07;23;273
11;2025-11-08;0;94
11;2025-11-08;1;5
11;2025-11-08;2;0
11;2025-11-08;3;0
11;2025-11-08;4;0
11;2025-11-08;5;163
11;2025-11-08;6;691
11;2025-11-08;7;719
11;2025-11-08;8;954
11;2025-11-08;9;1127
11;2025-11-08;10;1298
11;2025-11-08;11;1569
11;2025-11-08;12;1712
11;2025-11-08;13;1697
11;2025-11-08;14;1743
11;2025-11-08;15;1726
11;2025-11-08;16;1709
11;2025-11-08;17;1723
11;2025-11-08;18;1559
11;2025-11-08;19;1378
11;2025-11-08;20;1024
11;2025-11-08;21;708
11;2025-11-08;22;417
11;2025-11-08;23;288
11;2025-11-09;0;100
11;2025-11-09;1;11
11;2025-11-09;2;0
11;2025-11-09;3;0
11;2025-11-09;4;0
11;2025-11-09;5;110
11;2025-11-09;6;498
11;2025-11-09;7;546
11;2025-11-09;8;728
11;2025-11-09;9;940
11;2025-11-09;10;1107
11;2025-11-09;11;1403
11;2025-11-09;12;1507
11;2025-11-09;13;1538
11;2025-11-09;14;1564
11;2025-11-09;15;1569
11;2025-11-09;16;1526
11;2025-11-09;17;1560
11;2025-11-09;18;1380
11;2025-11-09;19;1150
11;2025-11-09;20;884
11;2025-11-09;21;616
11;2025-11-09;22;351
11;2025-11-09;23;241
11;2025-11-10;0;68
11;2025-11-10;1;4
11;2025-11-10;2;0
11;2025-11-10;3;0
11;2025-11-10;4;1
11;2025-11-10;5;281
11;2025-11-10;6;1302
11;2025-11-10;7;2350
11;2025-11-10;8;3080
11;2025-11-10;9;2310
11;2025-11-10;10;1875
11;2025-11-10;11;1803
11;2025-11-10;12;1799
11;2025-11-10;13;1859
11;2025-11-10;14;1901
11;2025-11-10;15;2032
11;2025-11-10;16;2242
11;2025-11-10;17;2732
11;2025-11-10;18;2923
11;2025-11-10;19;2211
11;2025-11-10;20;1410
11;2025-11-10;21;818
11;2025-11-10;22;393
11;2025-11-10;23;210
11;2025-11-11;0;60
11;2025-11-11;1;1
11;2025-11-11;2;0
11;2025-11-11;3;0
11;2025-11-11;4;1
11;2025-11-11;5;282
11;2025-11-11;6;1333
11;2025-11-11;7;2436
11;2025-11-11;8;3204
11;2025-11-11;9;2397
11;2025-11-11;10;1968
11;2025-11-11;11;1855
11;2025-11-11;12;1876
11;2025-11-11;13;1956
11;2025-11-11;14;1942
11;2025-11-11;15;2048
11;2025-11-11;16;2284
11;2025-11-11;17;2800
11;2025-11-11;18;2982
11;2025-11-11;19;2266
11;2025-11-11;20;1503
11;2025-11-11;21;852
11;2025-11-11;22;420
11;2025-11-11;23;232
11;2025-11-12;0;63
11;2025-11-12;1;1
11;2025-11-12;2;0
11;2025-11-12;3;0
11;2025-11-12;4;1
11;2025-11-12;5;293
11;2025-11-12;6;1302
11;2025-11-12;7;2440
11;2025-11-12;8;3175
11;2025-11-12;9;2372
11;2025-11-12;10;1956
11;2025-11-12;11;1890
11;2025-11-12;12;1918
11;2025-11-12;13;1987
11;2025-11-12;14;1982
11;2025-11-12;15;2055
11;2025-11-12;16;2249
11;2025-11-12;17;2772
11;2025-11-12;18;3003
11;2025-11-12;19;2230
11;2025-11-12;20;1454
11;2025-11-12;21;853
11;2025-11-12;22;431
11;2025-11-12;23;245
11;2025-11-13;0;63
11;2025-11-13;1;1
11;2025-11-13;2;0
11;2025-11-13;3;0
11;2025-11-13;4;1
11;2025-11-13;5;288
11;2025-11-13;6;1322
11;2025-11-13;7;2411
11;2025-11-13;8;3131
11;2025-11-13;9;2388
11;2025-11-13;10;2008
11;2025-11-13;11;1884
11;2025-11-13;12;1968
11;2025-11-13;13;2022
11;2025-11-13;14;2006
11;2025-11-13;15;2056
11;2025-11-13;16;2309
11;2025-11-13;17;2774
11;2025-11-13;18;3035
11;2025-11-13;19;2246
11;2025-11-13;20;1493
11;2025-11-13;21;886
11;2025-11-13;22;441
11;2025-11-13;23;254
11;2025-11-14;0;70
11;2025-11-14;1;4
11;2025-11-14;2;1
11;2025-11-14;3;0
11;2025-11-14;4;3
11;2025-11-14;5;284
11;2025-11-14;6;1305
11;2025-11-14;7;2352
11;2025-11-14;8;3118
11;2025-11-14;9;2315
11;2025-11-14;10;1951
11;2025-11-14;11;1860
11;2025-11-14;12;1919
11;2025-11-14;13;1958
11;2025-11-14;14;2033
11;2025-11-14;15;2160
11;2025-11-14;16;2395
11;2025-11-14;17;2776
11;2025-11-14;18;2620
11;2025-11-14;19;2054
11;2025-11-14;20;1413
11;2025-11-14;21;866
11;2025-11-14;22;440
11;2025-11-14;23;286
11;2025-11-15;0;95
11;2025-11-15;1;5
11;2025-11-15;2;0
11;2025-11-15;3;0
11;2025-11-15;4;1
11;2025-11-15;5;175
11;2025-11-15;6;705
11;2025-11-15;7;757
11;2025-11-15;8;1010
11;2025-11-15;9;1187
11;2025-11-15;10;1364
11;2025-11-15;11;1636
11;2025-11-15;12;1774
11;2025-11-15;13;1759
11;2025-11-15;14;1811
11;2025-11-15;15;1792
11;2025-11-15;16;1755
11;2025-11-15;17;1773
11;2025-11-15;18;1607
11;2025-11-15;19;1413
11;2025-11-15;20;1050
11;2025-11-15;21;735
11;2025-11-15;22;442
11;2025-11-15;23;302
11;2025-11-16;0;100
11;2025-11-16;1;11
11;2025-11-16;2;0
11;2025-11-16;3;0
11;2025-11-16;4;0
11;2025-11-16;5;118
11;2025-11-16;6;513
11;2025-11-16;7;568
11;2025-11-16;8;764
11;2025-11-16;9;977
11;2025-11-16;10;1151
11;2025-11-16;11;1443
11;2025-11-16;12;1542
11;2025-11-16;13;1575
11;2025-11-16;14;1597
11;2025-11-16;15;1601
11;2025-11-16;16;1542
11;2025-11-16;17;1580
11;2025-11-16;18;1401
11;2025-11-16;19;1167
11;2025-11-16;20;898
11;2025-11-16;21;629
11;2025-11-16;22;364
11;2025-11-16;23;251
11;2025-11-17;0;68
11;2025-11-17;1;5
11;2025-11-17;2;0
11;2025-11-17;3;0
11;2025-11-17;4;1
11;2025-11-17;5;280
11;2025-11-17;6;1302
11;2025-11-17;7;2365
11;2025-11-17;8;3107
11;2025-11-17;9;2337
11;2025-11-17;10;1903
11;2025-11-17;11;1833
11;2025-11-17;12;1824
11;2025-11-17;13;1885
11;2025-11-17;14;1932
11;2025-11-17;15;2062
11;2025-11-17;16;2274
11;2025-11-17;17;2764
11;2025-11-17;18;2958
11;2025-11-17;19;2234
11;2025-11-17;20;1433
11;2025-11-17;21;835
11;2025-11-17;22;410
11;2025-11-17;23;218
11;2025-11-18;0;61
11;2025-11-18;1;2
11;2025-11-18;2;1
11;2025-11-18;3;1
11;2025-11-18;4;2
11;2025-11-18;5;281
11;2025-11-18;6;1330
11;2025-11-18;7;2434
11;2025-11-18;8;3211
11;2025-11-18;9;2403
11;2025-11-18;10;1970
11;2025-11-18;11;1857
11;2025-11-18;12;1877
11;2025-11-18;13;1956
11;2025-11-18;14;1941
11;2025-11-18;15;2047
11;2025-11-18;16;2284
11;2025-11-18;17;2801
11;2025-11-18;18;2986
11;2025-11-18;19;2267
11;2025-11-18;20;1505
11;2025-11-18;21;854
11;2025-11-18;22;423
11;2025-11-18;23;234
11;2025-11-19;0;63
11;2025-11-19;1;1
11;2025-11-19;2;0
11;2025-11-19;3;0
11;2025-11-19;4;1
11;2025-11-19;5;291
11;2025-11-19;6;1300
11;2025-11-19;7;2435
11;2025-11-19;8;3175
11;2025-11-19;9;2371
11;2025-11-19;10;1955
11;2025-11-19;11;1890
11;2025-11-19;12;1917
11;2025-11-19;13;1985
11;2025-11-19;14;1979
11;2025-11-19;15;2051
11;2025-11-19;16;2246
11;2025-11-19;17;2770
11;2025-11-19;18;3001
11;2025-11-19;19;2228
11;2025-11-19;20;1454
11;2025-11-19;21;854
11;2025-11-19;22;432
11;2025-11-19;23;246
11;2025-11-20;0;63
11;2025-11-20;1;1
11;2025-11-20;2;0
11;2025-11-20;3;0
11;2025-11-20;4;1
11;2025-11-20;5;287
11;2025-11-20;6;1319
11;2025-11-20;7;2408
11;2025-11-20;8;3133
11;2025-11-20;9;2389
11;2025-11-20;10;2010
11;2025-11-20;11;1887
11;2025-11-20;12;1969
11;2025-11-20;13;2022
11;2025-11-20;14;2006
11;2025-11-20;15;2055
11;2025-11-20;16;2308
11;2025-11-20;17;2774
11;2025-11-20;18;3031
11;2025-11-20;19;2244
11;2025-11-20;20;1492
11;2025-11-20;21;886
11;2025-11-20;22;441
11;2025-11-20;23;253
11;2025-11-21;0;69
11;2025-11-21;1;2
11;2025-11-21;2;0
11;2025-11-21;3;0
11;2025-11-21;4;2
11;2025-11-21;5;283
11;2025-11-21;6;1304
11;2025-11-21;7;2349
11;2025-11-21;8;3115
11;2025-11-21;9;2312
11;2025-11-21;10;1949
11;2025-11-21;11;1862
11;2025-11-21;12;1919
11;2025-11-21;13;1957
11;2025-11-21;14;2034
11;2025-11-21;15;2162
11;2025-11-21;16;2397
11;2025-11-21;17;2777
11;2025-11-21;18;2620
11;2025-11-21;19;2056
11;2025-11-21;20;1412
11;2025-11-21;21;866
11;2025-11-21;22;439
11;2025-11-21;23;284
11;2025-11-22;0;97
11;2025-11-22;1;5
11;2025-11-22;2;0
11;2025-11-22;3;0
11;2025-11-22;4;1
11;2025-11-22;5;173
11;2025-11-22;6;708
11;2025-11-22;7;755
11;2025-11-22;8;1003
11;2025-11-22;9;1183
11;2025-11-22;10;1353
11;2025-11-22;11;1629
11;2025-11-22;12;1768
11;2025-11-22;13;1753
11;2025-11-22;14;1797
11;2025-11-22;15;1778
11;2025-11-22;16;1751
11;2025-11-22;17;1770
11;2025-11-22;18;1605
11;2025-11-22;19;1416
11;2025-11-22;20;1052
11;2025-11-22;21;732
11;2025-11-22;22;439
11;2025-11-22;23;302
11;2025-11-23;0;104
11;2025-11-23;1;11
11;2025-11-23;2;0
11;2025-11-23;3;0
11;2025-11-23;4;0
11;2025-11-23;5;118
11;2025-11-23;6;512
11;2025-11-23;7;561
11;2025-11-23;8;758
11;2025-11-23;9;975
11;2025-11-23;10;1140
11;2025-11-23;11;1441
11;2025-11-23;12;1540
11;2025-11-23;13;1573
11;2025-11-23;14;1597
11;2025-11-23;15;1603
11;2025-11-23;16;1552
11;2025-11-23;17;1593
11;2025-11-23;18;1410
11;2025-11-23;19;1179
11;2025-11-23;20;907
11;2025-11-23;21;636
11;2025-11-23;22;370
11;2025-11-23;23;254
11;2025-11-24;0;70
11;2025-11-24;1;5
11;2025-11-24;2;0
11;2025-11-24;3;0
11;2025-11-24;4;1
11;2025-11-24;5;276
11;2025-11-24;6;1299
11;2025-11-24;7;2349
11;2025-11-24;8;3088
11;2025-11-24;9;2319
11;2025-11-24;10;1884
11;2025-11-24;11;1816
11;2025-11-24;12;1808
11;2025-11-24;13;1870
11;2025-11-24;14;1910
11;2025-11-24;15;2041
11;2025-11-24;16;2253
11;2025-11-24;17;2743
11;2025-11-24;18;2936
11;2025-11-24;19;2218
11;2025-11-24;20;1418
11;2025-11-24;21;824
11;2025-11-24;22;399
11;2025-11-24;23;211
11;2025-11-25;0;61
11;2025-11-25;1;1
11;2025-11-25;2;0
11;2025-11-25;3;0
11;2025-11-25;4;1
11;2025-11-25;5;278
11;2025-11-25;6;1328
11;2025-11-25;7;2417
11;2025-11-25;8;3188
11;2025-11-25;9;2380
11;2025-11-25;10;1951
11;2025-11-25;11;1838
11;2025-11-25;12;1859
11;2025-11-25;13;1939
11;2025-11-25;14;1924
11;2025-11-25;15;2029
11;2025-11-25;16;2267
11;2025-11-25;17;2784
11;2025-11-25;18;2973
11;2025-11-25;19;2259
11;2025-11-25;20;1497
11;2025-11-25;21;847
11;2025-11-25;22;417
11;2025-11-25;23;229
11;2025-11-26;0;63
11;2025-11-26;1;1
11;2025-11-26;2;0
11;2025-11-26;3;0
11;2025-11-26;4;1
11;2025-11-26;5;293
11;2025-11-26;6;1300
11;2025-11-26;7;2425
11;2025-11-26;8;3163
11;2025-11-26;9;2363
11;2025-11-26;10;1949
11;2025-11-26;11;1882
11;2025-11-26;12;1908
11;2025-11-26;13;1975
11;2025-11-26;14;1969
11;2025-11-26;15;2040
11;2025-11-26;16;2236
11;2025-11-26;17;2760
11;2025-11-26;18;2997
11;2025-11-26;19;2225
11;2025-11-26;20;1451
11;2025-11-26;21;852
11;2025-11-26;22;431
11;2025-11-26;23;247
11;2025-11-27;0;63
11;2025-11-27;1;1
11;2025-11-27;2;0
11;2025-11-27;3;0
11;2025-11-27;4;1
11;2025-11-27;5;288
11;2025-11-27;6;1319
11;2025-11-27;7;2397
11;2025-11-27;8;3119
11;2025-11-27;9;2378
11;2025-11-27;10;2001
11;2025-11-27;11;1877
11;2025-11-27;12;1959
11;2025-11-27;13;2010
11;2025-11-27;14;1993
11;2025-11-27;15;2042
11;2025-11-27;16;2295
11;2025-11-27;17;2762
11;2025-11-27;18;3024
11;2025-11-27;19;2240
11;2025-11-27;20;1488
11;2025-11-27;21;883
11;2025-11-27;22;439
11;2025-11-27;23;255
11;2025-11-28;0;70
11;2025-11-28;1;2
11;2025-11-28;2;0
11;2025-11-28;3;0
11;2025-11-28;4;2
11;2025-11-28;5;285
11;2025-11-28;6;1304
11;2025-11-28;7;2340
11;2025-11-28;8;3103
11;2025-11-28;9;2303
11;2025-11-28;10;1938
11;2025-11-28;11;1850
11;2025-11-28;12;1907
11;2025-11-28;13;1944
11;2025-11-28;14;2018
11;2025-11-28;15;2144
11;2025-11-28;16;2380
11;2025-11-28;17;2763
11;2025-11-28;18;2615
11;2025-11-28;19;2053
11;2025-11-28;20;1411
11;2025-11-28;21;865
11;2025-11-28;22;438
11;2025-11-28;23;286
11;2025-11-29;0;97
11;2025-11-29;1;5
11;2025-11-29;2;0
11;2025-11-29;3;0
11;2025-11-29;4;1
11;2025-11-29;5;175
11;2025-11-29;6;708
11;2025-11-29;7;751
11;2025-11-29;8;996
11;2025-11-29;9;1174
11;2025-11-29;10;1339
11;2025-11-29;11;1613
11;2025-11-29;12;1747
11;2025-11-29;13;1730
11;2025-11-29;14;1775
11;2025-11-29;15;1755
11;2025-11-29;16;1729
11;2025-11-29;17;1750
11;2025-11-29;18;1590
11;2025-11-29;19;1401
11;2025-11-29;20;1041
11;2025-11-29;21;723
11;2025-11-29;22;434
11;2025-11-29;23;302
11;2025-11-30;0;103
11;2025-11-30;1;11
11;2025-11-30;2;0
11;2025-11-30;3;0
11;2025-11-30;4;0
11;2025-11-30;5;119
11;2025-11-30;6;509
11;2025-11-30;7;556
11;2025-11-30;8;747
11;2025-11-30;9;964
11;2025-11-30;10;1124
11;2025-11-30;11;1417
11;2025-11-30;12;1514
11;2025-11-30;13;1544
11;2025-11-30;14;1570
11;2025-11-30;15;1574
11;2025-11-30;16;1523
11;2025-11-30;17;1569
11;2025-11-30;18;1393
11;2025-11-30;19;1166
11;2025-11-30;20;897
11;2025-11-30;21;627
11;2025-11-30;22;364
11;2025-11-30;23;250
11;2025-12-01;0;70
11;2025-12-01;1;4
11;2025-12-01;2;0
11;2025-12-01;3;0
11;2025-12-01;4;2
11;2025-12-01;5;285
11;2025-12-01;6;1303
11;2025-12-01;7;2307
11;2025-12-01;8;2999
11;2025-12-01;9;2293
11;2025-12-01;10;1857
11;2025-12-01;11;1783
11;2025-12-01;12;1770
11;2025-12-01;13;1826
11;2025-12-01;14;1869
11;2025-12-01;15;1999
11;2025-12-01;16;2208
11;2025-12-01;17;2711
11;2025-12-01;18;2916
11;2025-12-01;19;2212
11;2025-12-01;20;1411
11;2025-12-01;21;831
11;2025-12-01;22;413
11;2025-12-01;23;215
11;2025-12-02;0;62
11;2025-12-02;1;2
11;2025-12-02;2;0
11;2025-12-02;3;0
11;2025-12-02;4;2
11;2025-12-02;5;288
11;2025-12-02;6;1331
11;2025-12-02;7;2378
11;2025-12-02;8;3106
11;2025-12-02;9;2365
11;2025-12-02;10;1936
11;2025-12-02;11;1822
11;2025-12-02;12;1839
11;2025-12-02;13;1912
11;2025-12-02;14;1899
11;2025-12-02;15;2005
11;2025-12-02;16;2240
11;2025-12-02;17;2760
11;2025-12-02;18;2951
11;2025-12-02;19;2256
11;2025-12-02;20;1493
11;2025-12-02;21;854
11;2025-12-02;22;431
11;2025-12-02;23;231
11;2025-12-03;0;65
11;2025-12-03;1;1
11;2025-12-03;2;0
11;2025-12-03;3;0
11;2025-12-03;4;3
11;2025-12-03;5;298
11;2025-12-03;6;1302
11;2025-12-03;7;2384
11;2025-12-03;8;3086
11;2025-12-03;9;2349
11;2025-12-03;10;1937
11;2025-12-03;11;1871
11;2025-12-03;12;1897
11;2025-12-03;13;1959
11;2025-12-03;14;1954
11;2025-12-03;15;2027
11;2025-12-03;16;2219
11;2025-12-03;17;2741
11;2025-12-03;18;2980
11;2025-12-03;19;2222
11;2025-12-03;20;1447
11;2025-12-03;21;858
11;2025-12-03;22;445
11;2025-12-03;23;248
11;2025-12-04;0;65
11;2025-12-04;1;2
11;2025-12-04;2;0
11;2025-12-04;3;0
11;2025-12-04;4;3
11;2025-12-04;5;300
11;2025-12-04;6;1325
11;2025-12-04;7;2362
11;2025-12-04;8;3047
11;2025-12-04;9;2370
11;2025-12-04;10;1994
11;2025-12-04;11;1870
11;2025-12-04;12;1951
11;2025-12-04;13;1998
11;2025-12-04;14;1982
11;2025-12-04;15;2033
11;2025-12-04;16;2283
11;2025-12-04;17;2749
11;2025-12-04;18;3014
11;2025-12-04;19;2246
11;2025-12-04;20;1493
11;2025-12-04;21;899
11;2025-12-04;22;458
11;2025-12-04;23;258
11;2025-12-05;0;71
11;2025-12-05;1;3
11;2025-12-05;2;0
11;2025-12-05;3;0
11;2025-12-05;4;3
11;2025-12-05;5;297
11;2025-12-05;6;1311
11;2025-12-05;7;2312
11;2025-12-05;8;3036
11;2025-12-05;9;2299
11;2025-12-05;10;1937
11;2025-12-05;11;1851
11;2025-12-05;12;1906
11;2025-12-05;13;1941
11;2025-12-05;14;2013
11;2025-12-05;15;2139
11;2025-12-05;16;2370
11;2025-12-05;17;2762
11;2025-12-05;18;2616
11;2025-12-05;19;2064
11;2025-12-05;20;1424
11;2025-12-05;21;885
11;2025-12-05;22;461
11;2025-12-05;23;286
11;2025-12-06;0;97
11;2025-12-06;1;5
11;2025-12-06;2;0
11;2025-12-06;3;0
11;2025-12-06;4;1
11;2025-12-06;5;178
11;2025-12-06;6;683
11;2025-12-06;7;716
11;2025-12-06;8;950
11;2025-12-06;9;1145
11;2025-12-06;10;1310
11;2025-12-06;11;1585
11;2025-12-06;12;1721
11;2025-12-06;13;1708
11;2025-12-06;14;1754
11;2025-12-06;15;1736
11;2025-12-06;16;1708
11;2025-12-06;17;1735
11;2025-12-06;18;1569
11;2025-12-06;19;1390
11;2025-12-06;20;1042
11;2025-12-06;21;733
11;2025-12-06;22;447
11;2025-12-06;23;294
11;2025-12-07;0;103
11;2025-12-07;1;11
11;2025-12-07;2;0
11;2025-12-07;3;0
11;2025-12-07;4;0
11;2025-12-07;5;122
11;2025-12-07;6;490
11;2025-12-07;7;534
11;2025-12-07;8;714
11;2025-12-07;9;952
11;2025-12-07;10;1117
11;2025-12-07;11;1414
11;2025-12-07;12;1513
11;2025-12-07;13;1546
11;2025-12-07;14;1573
11;2025-12-07;15;1577
11;2025-12-07;16;1524
11;2025-12-07;17;1568
11;2025-12-07;18;1384
11;2025-12-07;19;1160
11;2025-12-07;20;899
11;2025-12-07;21;637
11;2025-12-07;22;378
11;2025-12-07;23;244
11;2025-12-08;0;71
11;2025-12-08;1;5
11;2025-12-08;2;0
11;2025-12-08;3;0
11;2025-12-08;4;2
11;2025-12-08;5;291
11;2025-12-08;6;1310
11;2025-12-08;7;2326
11;2025-12-08;8;3027
11;2025-12-08;9;2321
11;2025-12-08;10;1887
11;2025-12-08;11;1821
11;2025-12-08;12;1809
11;2025-12-08;13;1866
11;2025-12-08;14;1904
11;2025-12-08;15;2036
11;2025-12-08;16;2244
11;2025-12-08;17;2741
11;2025-12-08;18;2931
11;2025-12-08;19;2228
11;2025-12-08;20;1426
11;2025-12-08;21;843
11;2025-12-08;22;422
11;2025-12-08;23;219
11;2025-12-09;0;62
11;2025-12-09;1;2
11;2025-12-09;2;0
11;2025-12-09;3;0
11;2025-12-09;4;3
11;2025-12-09;5;294
11;2025-12-09;6;1340
11;2025-12-09;7;2402
11;2025-12-09;8;3139
11;2025-12-09;9;2398
11;2025-12-09;10;1972
11;2025-12-09;11;1860
11;2025-12-09;12;1878
11;2025-12-09;13;1954
11;2025-12-09;14;1940
11;2025-12-09;15;2046
11;2025-12-09;16;2279
11;2025-12-09;17;2795
11;2025-12-09;18;2977
11;2025-12-09;19;2277
11;2025-12-09;20;1512
11;2025-12-09;21;871
11;2025-12-09;22;441
11;2025-12-09;23;235
11;2025-12-10;0;65
11;2025-12-10;1;1
11;2025-12-10;2;0
11;2025-12-10;3;0
11;2025-12-10;4;3
11;2025-12-10;5;305
11;2025-12-10;6;1313
11;2025-12-10;7;2410
11;2025-12-10;8;3111
11;2025-12-10;9;2371
11;2025-12-10;10;1961
11;2025-12-10;11;1896
11;2025-12-10;12;1921
11;2025-12-10;13;1986
11;2025-12-10;14;1980
11;2025-12-10;15;2053
11;2025-12-10;16;2244
11;2025-12-10;17;2767
11;2025-12-10;18;2998
11;2025-12-10;19;2240
11;2025-12-10;20;1464
11;2025-12-10;21;872
11;2025-12-10;22;453
11;2025-12-10;23;249
11;2025-12-11;0;65
11;2025-12-11;1;2
11;2025-12-11;2;0
11;2025-12-11;3;0
11;2025-12-11;4;3
11;2025-12-11;5;301
11;2025-12-11;6;1329
11;2025-12-11;7;2380
11;2025-12-11;8;3065
11;2025-12-11;9;2385
11;2025-12-11;10;2011
11;2025-12-11;11;1888
11;2025-12-11;12;1969
11;2025-12-11;13;2019
11;2025-12-11;14;2002
11;2025-12-11;15;2053
11;2025-12-11;16;2303
11;2025-12-11;17;2769
11;2025-12-11;18;3028
11;2025-12-11;19;2256
11;2025-12-11;20;1502
11;2025-12-11;21;905
11;2025-12-11;22;463
11;2025-12-11;23;258
11;2025-12-12;0;71
11;2025-12-12;1;3
11;2025-12-12;2;0
11;2025-12-12;3;0
11;2025-12-12;4;3
11;2025-12-12;5;296
11;2025-12-12;6;1311
11;2025-12-12;7;2322
11;2025-12-12;8;3049
11;2025-12-12;9;2309
11;2025-12-12;10;1948
11;2025-12-12;11;1864
11;2025-12-12;12;1919
11;2025-12-12;13;1955
11;2025-12-12;14;2029
11;2025-12-12;15;2156
11;2025-12-12;16;2389
11;2025-12-12;17;2773
11;2025-12-12;18;2617
11;2025-12-12;19;2065
11;2025-12-12;20;1423
11;2025-12-12;21;885
11;2025-12-12;22;461
11;2025-12-12;23;283
11;2025-12-13;0;97
11;2025-12-13;1;5
11;2025-12-13;2;0
11;2025-12-13;3;0
11;2025-12-13;4;1
11;2025-12-13;5;178
11;2025-12-13;6;684
11;2025-12-13;7;722
11;2025-12-13;8;960
11;2025-12-13;9;1156
11;2025-12-13;10;1324
11;2025-12-13;11;1600
11;2025-12-13;12;1735
11;2025-12-13;13;1725
11;2025-12-13;14;1772
11;2025-12-13;15;1754
11;2025-12-13;16;1725
11;2025-12-13;17;1751
11;2025-12-13;18;1580
11;2025-12-13;19;1397
11;2025-12-13;20;1045
11;2025-12-13;21;736
11;2025-12-13;22;448
11;2025-12-13;23;295
11;2025-12-14;0;103
11;2025-12-14;1;11
11;2025-12-14;2;0
11;2025-12-14;3;0
11;2025-12-14;4;0
11;2025-12-14;5;124
11;2025-12-14;6;493
11;2025-12-14;7;544
11;2025-12-14;8;725
11;2025-12-14;9;963
11;2025-12-14;10;1128
11;2025-12-14;11;1423
11;2025-12-14;12;1522
11;2025-12-14;13;1555
11;2025-12-14;14;1583
11;2025-12-14;15;1590
11;2025-12-14;16;1537
11;2025-12-14;17;1580
11;2025-12-14;18;1397
11;2025-12-14;19;1170
11;2025-12-14;20;907
11;2025-12-14;21;645
11;2025-12-14;22;381
11;2025-12-14;23;248
11;2025-12-15;0;71
11;2025-12-15;1;5
11;2025-12-15;2;0
11;2025-12-15;3;0
11;2025-12-15;4;2
11;2025-12-15;5;291
11;2025-12-15;6;1311
11;2025-12-15;7;2336
11;2025-12-15;8;3043
11;2025-12-15;9;2334
11;2025-12-15;10;1901
11;2025-12-15;11;1833
11;2025-12-15;12;1820
11;2025-12-15;13;1877
11;2025-12-15;14;1916
11;2025-12-15;15;2048
11;2025-12-15;16;2258
11;2025-12-15;17;2755
11;2025-12-15;18;2950
11;2025-12-15;19;2239
11;2025-12-15;20;1435
11;2025-12-15;21;846
11;2025-12-15;22;424
11;2025-12-15;23;221
11;2025-12-16;0;62
11;2025-12-16;1;2
11;2025-12-16;2;0
11;2025-12-16;3;0
11;2025-12-16;4;3
11;2025-12-16;5;295
11;2025-12-16;6;1342
11;2025-12-16;7;2414
11;2025-12-16;8;3160
11;2025-12-16;9;2416
11;2025-12-16;10;1991
11;2025-12-16;11;1879
11;2025-12-16;12;1897
11;2025-12-16;13;1973
11;2025-12-16;14;1958
11;2025-12-16;15;2064
11;2025-12-16;16;2299
11;2025-12-16;17;2812
11;2025-12-16;18;2994
11;2025-12-16;19;2287
11;2025-12-16;20;1522
11;2025-12-16;21;874
11;2025-12-16;22;445
11;2025-12-16;23;239
11;2025-12-17;0;65
11;2025-12-17;1;2
11;2025-12-17;2;0
11;2025-12-17;3;0
11;2025-12-17;4;3
11;2025-12-17;5;302
11;2025-12-17;6;1310
11;2025-12-17;7;2409
11;2025-12-17;8;3122
11;2025-12-17;9;2382
11;2025-12-17;10;1973
11;2025-12-17;11;1911
11;2025-12-17;12;1934
11;2025-12-17;13;1999
11;2025-12-17;14;1992
11;2025-12-17;15;2065
11;2025-12-17;16;2254
11;2025-12-17;17;2775
11;2025-12-17;18;3006
11;2025-12-17;19;2247
11;2025-12-17;20;1469
11;2025-12-17;21;873
11;2025-12-17;22;454
11;2025-12-17;23;250
11;2025-12-18;0;65
11;2025-12-18;1;2
11;2025-12-18;2;0
11;2025-12-18;3;0
11;2025-12-18;4;2
11;2025-12-18;5;300
11;2025-12-18;6;1327
11;2025-12-18;7;2378
11;2025-12-18;8;3073
11;2025-12-18;9;2393
11;2025-12-18;10;2020
11;2025-12-18;11;1899
11;2025-12-18;12;1979
11;2025-12-18;13;2029
11;2025-12-18;14;2009
11;2025-12-18;15;2057
11;2025-12-18;16;2308
11;2025-12-18;17;2775
11;2025-12-18;18;3036
11;2025-12-18;19;2261
11;2025-12-18;20;1506
11;2025-12-18;21;905
11;2025-12-18;22;463
11;2025-12-18;23;257
11;2025-12-19;0;71
11;2025-12-19;1;3
11;2025-12-19;2;0
11;2025-12-19;3;0
11;2025-12-19;4;3
11;2025-12-19;5;298
11;2025-12-19;6;1315
11;2025-12-19;7;2328
11;2025-12-19;8;3058
11;2025-12-19;9;2318
11;2025-12-19;10;1957
11;2025-12-19;11;1874
11;2025-12-19;12;1928
11;2025-12-19;13;1963
11;2025-12-19;14;2037
11;2025-12-19;15;2165
11;2025-12-19;16;2398
11;2025-12-19;17;2782
11;2025-12-19;18;2627
11;2025-12-19;19;2073
11;2025-12-19;20;1428
11;2025-12-19;21;889
11;2025-12-19;22;465
11;2025-12-19;23;286
11;2025-12-20;0;98
11;2025-12-20;1;5
11;2025-12-20;2;0
11;2025-12-20;3;0
11;2025-12-20;4;1
11;2025-12-20;5;178
11;2025-12-20;6;684
11;2025-12-20;7;728
11;2025-12-20;8;970
11;2025-12-20;9;1167
11;2025-12-20;10;1336
11;2025-12-20;11;1612
11;2025-12-20;12;1747
11;2025-12-20;13;1735
11;2025-12-20;14;1782
11;2025-12-20;15;1763
11;2025-12-20;16;1733
11;2025-12-20;17;1760
11;2025-12-20;18;1586
11;2025-12-20;19;1404
11;2025-12-20;20;1052
11;2025-12-20;21;742
11;2025-12-20;22;454
11;2025-12-20;23;300
11;2025-12-21;0;104
11;2025-12-21;1;11
11;2025-12-21;2;0
11;2025-12-21;3;0
11;2025-12-21;4;0
11;2025-12-21;5;124
11;2025-12-21;6;491
11;2025-12-21;7;543
11;2025-12-21;8;725
11;2025-12-21;9;966
11;2025-12-21;10;1133
11;2025-12-21;11;1428
11;2025-12-21;12;1527
11;2025-12-21;13;1559
11;2025-12-21;14;1588
11;2025-12-21;15;1594
11;2025-12-21;16;1540
11;2025-12-21;17;1584
11;2025-12-21;18;1392
11;2025-12-21;19;1167
11;2025-12-21;20;906
11;2025-12-21;21;645
11;2025-12-21;22;385
11;2025-12-21;23;249
11;2025-12-22;0;71
11;2025-12-22;1;5
11;2025-12-22;2;0
11;2025-12-22;3;0
11;2025-12-22;4;2
11;2025-12-22;5;292
11;2025-12-22;6;1313
11;2025-12-22;7;2335
11;2025-12-22;8;3037
11;2025-12-22;9;2327
11;2025-12-22;10;1894
11;2025-12-22;11;1828
11;2025-12-22;12;1816
11;2025-12-22;13;1873
11;2025-12-22;14;1910
11;2025-12-22;15;2041
11;2025-12-22;16;2250
11;2025-12-22;17;2748
11;2025-12-22;18;2940
11;2025-12-22;19;2233
11;2025-12-22;20;1431
11;2025-12-22;21;848
11;2025-12-22;22;426
11;2025-12-22;23;222
11;2025-12-23;0;63
11;2025-12-23;1;2
11;2025-12-23;2;0
11;2025-12-23;3;0
11;2025-12-23;4;2
11;2025-12-23;5;295
11;2025-12-23;6;1342
11;2025-12-23;7;2404
11;2025-12-23;8;3142
11;2025-12-23;9;2398
11;2025-12-23;10;1973
11;2025-12-23;11;1862
11;2025-12-23;12;1880
11;2025-12-23;13;1954
11;2025-12-23;14;1941
11;2025-12-23;15;2047
11;2025-12-23;16;2280
11;2025-12-23;17;2796
11;2025-12-23;18;2980
11;2025-12-23;19;2280
11;2025-12-23;20;1516
11;2025-12-23;21;875
11;2025-12-23;22;446
11;2025-12-23;23;239
11;2025-12-24;0;66
11;2025-12-24;1;1
11;2025-12-24;2;0
11;2025-12-24;3;0
11;2025-12-24;4;3
11;2025-12-24;5;306
11;2025-12-24;6;1314
11;2025-12-24;7;2407
11;2025-12-24;8;3113
11;2025-12-24;9;2375
11;2025-12-24;10;1963
11;2025-12-24;11;1896
11;2025-12-24;12;1921
11;2025-12-24;13;1984
11;2025-12-24;14;1979
11;2025-12-24;15;2051
11;2025-12-24;16;2242
11;2025-12-24;17;2766
11;2025-12-24;18;2998
11;2025-12-24;19;2239
11;2025-12-24;20;1463
11;2025-12-24;21;873
11;2025-12-24;22;454
11;2025-12-24;23;249
11;2025-12-25;0;66
11;2025-12-25;1;2
11;2025-12-25;2;0
11;2025-12-25;3;0
11;2025-12-25;4;2
11;2025-12-25;5;305
11;2025-12-25;6;1334
11;2025-12-25;7;2360
11;2025-12-25;8;3042
11;2025-12-25;9;2384
11;2025-12-25;10;2031
11;2025-12-25;11;1908
11;2025-12-25;12;1992
11;2025-12-25;13;2041
11;2025-12-25;14;2024
11;2025-12-25;15;2070
11;2025-12-25;16;2302
11;2025-12-25;17;2761
11;2025-12-25;18;3012
11;2025-12-25;19;2249
11;2025-12-25;20;1504
11;2025-12-25;21;908
11;2025-12-25;22;467
11;2025-12-25;23;259
11;2025-12-26;0;70
11;2025-12-26;1;3
11;2025-12-26;2;0
11;2025-12-26;3;0
11;2025-12-26;4;2
11;2025-12-26;5;304
11;2025-12-26;6;1318
11;2025-12-26;7;2308
11;2025-12-26;8;3048
11;2025-12-26;9;2321
11;2025-12-26;10;1970
11;2025-12-26;11;1884
11;2025-12-26;12;1940
11;2025-12-26;13;1965
11;2025-12-26;14;2038
11;2025-12-26;15;2161
11;2025-12-26;16;2383
11;2025-12-26;17;2762
11;2025-12-26;18;2612
11;2025-12-26;19;2060
11;2025-12-26;20;1428
11;2025-12-26;21;890
11;2025-12-26;22;468
11;2025-12-26;23;287
11;2025-12-27;0;98
11;2025-12-27;1;5
11;2025-12-27;2;0
11;2025-12-27;3;0
11;2025-12-27;4;2
11;2025-12-27;5;183
11;2025-12-27;6;683
11;2025-12-27;7;720
11;2025-12-27;8;952
11;2025-12-27;9;1145
11;2025-12-27;10;1303
11;2025-12-27;11;1574
11;2025-12-27;12;1705
11;2025-12-27;13;1691
11;2025-12-27;14;1740
11;2025-12-27;15;1716
11;2025-12-27;16;1680
11;2025-12-27;17;1702
11;2025-12-27;18;1536
11;2025-12-27;19;1373
11;2025-12-27;20;1033
11;2025-12-27;21;733
11;2025-12-27;22;448
11;2025-12-27;23;298
11;2025-12-28;0;104
11;2025-12-28;1;11
11;2025-12-28;2;0
11;2025-12-28;3;0
11;2025-12-28;4;0
11;2025-12-28;5;128
11;2025-12-28;6;482
11;2025-12-28;7;519
11;2025-12-28;8;704
11;2025-12-28;9;933
11;2025-12-28;10;1093
11;2025-12-28;11;1384
11;2025-12-28;12;1476
11;2025-12-28;13;1506
11;2025-12-28;14;1535
11;2025-12-28;15;1534
11;2025-12-28;16;1474
11;2025-12-28;17;1515
11;2025-12-28;18;1334
11;2025-12-28;19;1136
11;2025-12-28;20;887
11;2025-12-28;21;637
11;2025-12-28;22;380
11;2025-12-28;23;251
11;2025-12-29;0;67
11;2025-12-29;1;5
11;2025-12-29;2;0
11;2025-12-29;3;0
11;2025-12-29;4;0
11;2025-12-29;5;277
11;2025-12-29;6;1236
11;2025-12-29;7;2166
11;2025-12-29;8;2862
11;2025-12-29;9;2200
11;2025-12-29;10;1810
11;2025-12-29;11;1748
11;2025-12-29;12;1741
11;2025-12-29;13;1788
11;2025-12-29;14;1817
11;2025-12-29;15;1939
11;2025-12-29;16;2123
11;2025-12-29;17;2581
11;2025-12-29;18;2754
11;2025-12-29;19;2099
11;2025-12-29;20;1349
11;2025-12-29;21;798
11;2025-12-29;22;397
11;2025-12-29;23;213
11;2025-12-30;0;56
11;2025-12-30;1;2
11;2025-12-30;2;0
11;2025-12-30;3;0
11;2025-12-30;4;0
11;2025-12-30;5;266
11;2025-12-30;6;1217
11;2025-12-30;7;2149
11;2025-12-30;8;2857
11;2025-12-30;9;2194
11;2025-12-30;10;1819
11;2025-12-30;11;1721
11;2025-12-30;12;1742
11;2025-12-30;13;1806
11;2025-12-30;14;1788
11;2025-12-30;15;1882
11;2025-12-30;16;2080
11;2025-12-30;17;2527
11;2025-12-30;18;2670
11;2025-12-30;19;2065
11;2025-12-30;20;1377
11;2025-12-30;21;797
11;2025-12-30;22;407
11;2025-12-30;23;220
11;2025-12-31;0;58
11;2025-12-31;1;0
11;2025-12-31;2;0
11;2025-12-31;3;0
11;2025-12-31;4;0
11;2025-12-31;5;84
11;2025-12-31;6;511
11;2025-12-31;7;621
11;2025-12-31;8;762
11;2025-12-31;9;875
11;2025-12-31;10;876
11;2025-12-31;11;1050
11;2025-12-31;12;1068
11;2025-12-31;13;1125
11;2025-12-31;14;1143
11;2025-12-31;15;1107
11;2025-12-31;16;1139
11;2025-12-31;17;1196
11;2025-12-31;18;947
11;2025-12-31;19;808
11;2025-12-31;20;622
11;2025-12-31;21;408
11;2025-12-31;22;207
11;2025-12-31;23;193
12;2025-11-01;0;108
12;2025-11-01;1;18
12;2025-11-01;2;12
12;2025-11-01;3;8
12;2025-11-01;4;16
12;2025-11-01;5;411
12;2025-11-01;6;1279
12;2025-11-01;7;2157
12;2025-11-01;8;2566
12;2025-11-01;9;2168
12;2025-11-01;10;2042
12;2025-11-01;11;2013
12;2025-11-01;12;2029
12;2025-11-01;13;2135
12;2025-11-01;14;2059
12;2025-11-01;15;2216
12;2025-11-01;16;2439
12;2025-11-01;17;2579
12;2025-11-01;18;2626
12;2025-11-01;19;2023
12;2025-11-01;20;1487
12;2025-11-01;21;1094
12;2025-11-01;22;645
12;2025-11-01;23;426
12;2025-11-02;0;76
12;2025-11-02;1;5
12;2025-11-02;2;0
12;2025-11-02;3;1
12;2025-11-02;4;3
12;2025-11-02;5;149
12;2025-11-02;6;494
12;2025-11-02;7;589
12;2025-11-02;8;677
12;2025-11-02;9;816
12;2025-11-02;10;1003
12;2025-11-02;11;1113
12;2025-11-02;12;1181
12;2025-11-02;13;1314
12;2025-11-02;14;1288
12;2025-11-02;15;1261
12;2025-11-02;16;1274
12;2025-11-02;17;1275
12;2025-11-02;18;1145
12;2025-11-02;19;985
12;2025-11-02;20;746
12;2025-11-02;21;553
12;2025-11-02;22;335
12;2025-11-02;23;201
12;2025-11-03;0;68
12;2025-11-03;1;6
12;2025-11-03;2;1
12;2025-11-03;3;0
12;2025-11-03;4;1
12;2025-11-03;5;168
12;2025-11-03;6;722
12;2025-11-03;7;952
12;2025-11-03;8;1076
12;2025-11-03;9;1088
12;2025-11-03;10;1097
12;2025-11-03;11;1166
12;2025-11-03;12;1241
12;2025-11-03;13;1315
12;2025-11-03;14;1323
12;2025-11-03;15;1345
12;2025-11-03;16;1438
12;2025-11-03;17;1493
12;2025-11-03;18;1486
12;2025-11-03;19;1294
12;2025-11-03;20;970
12;2025-11-03;21;627
12;2025-11-03;22;348
12;2025-11-03;23;206
12;2025-11-04;0;64
12;2025-11-04;1;5
12;2025-11-04;2;1
12;2025-11-04;3;0
12;2025-11-04;4;1
12;2025-11-04;5;127
12;2025-11-04;6;628
12;2025-11-04;7;846
12;2025-11-04;8;975
12;2025-11-04;9;968
12;2025-11-04;10;996
12;2025-11-04;11;1061
12;2025-11-04;12;1155
12;2025-11-04;13;1268
12;2025-11-04;14;1236
12;2025-11-04;15;1209
12;2025-11-04;16;1354
12;2025-11-04;17;1354
12;2025-11-04;18;1362
12;2025-11-04;19;1193
12;2025-11-04;20;851
12;2025-11-04;21;602
12;2025-11-04;22;302
12;2025-11-04;23;193
12;2025-11-05;0;55
12;2025-11-05;1;1
12;2025-11-05;2;0
12;2025-11-05;3;1
12;2025-11-05;4;3
12;2025-11-05;5;357
12;2025-11-05;6;1392
12;2025-11-05;7;2611
12;2025-11-05;8;3386
12;2025-11-05;9;2448
12;2025-11-05;10;2007
12;2025-11-05;11;1886
12;2025-11-05;12;1935
12;2025-11-05;13;1930
12;2025-11-05;14;1915
12;2025-11-05;15;2128
12;2025-11-05;16;2526
12;2025-11-05;17;2880
12;2025-11-05;18;3020
12;2025-11-05;19;2314
12;2025-11-05;20;1470
12;2025-11-05;21;922
12;2025-11-05;22;483
12;2025-11-05;23;253
12;2025-11-06;0;48
12;2025-11-06;1;0
12;2025-11-06;2;0
12;2025-11-06;3;0
12;2025-11-06;4;1
12;2025-11-06;5;350
12;2025-11-06;6;1365
12;2025-11-06;7;2626
12;2025-11-06;8;3394
12;2025-11-06;9;2434
12;2025-11-06;10;1976
12;2025-11-06;11;1868
12;2025-11-06;12;1911
12;2025-11-06;13;1931
12;2025-11-06;14;1915
12;2025-11-06;15;2130
12;2025-11-06;16;2525
12;2025-11-06;17;2894
12;2025-11-06;18;3060
12;2025-11-06;19;2303
12;2025-11-06;20;1489
12;2025-11-06;21;900
12;2025-11-06;22;486
12;2025-11-06;23;252
12;2025-11-07;0;56
12;2025-11-07;1;2
12;2025-11-07;2;0
12;2025-11-07;3;1
12;2025-11-07;4;7
12;2025-11-07;5;354
12;2025-11-07;6;1385
12;2025-11-07;7;2600
12;2025-11-07;8;3301
12;2025-11-07;9;2411
12;2025-11-07;10;1982
12;2025-11-07;11;1931
12;2025-11-07;12;1949
12;2025-11-07;13;2026
12;2025-11-07;14;2019
12;2025-11-07;15;2250
12;2025-11-07;16;2683
12;2025-11-07;17;2862
12;2025-11-07;18;2700
12;2025-11-07;19;2165
12;2025-11-07;20;1422
12;2025-11-07;21;941
12;2025-11-07;22;495
12;2025-11-07;23;286
12;2025-11-08;0;73
12;2025-11-08;1;3
12;2025-11-08;2;0
12;2025-11-08;3;0
12;2025-11-08;4;2
12;2025-11-08;5;212
12;2025-11-08;6;714
12;2025-11-08;7;881
12;2025-11-08;8;992
12;2025-11-08;9;1155
12;2025-11-08;10;1317
12;2025-11-08;11;1402
12;2025-11-08;12;1452
12;2025-11-08;13;1579
12;2025-11-08;14;1537
12;2025-11-08;15;1505
12;2025-11-08;16;1542
12;2025-11-08;17;1510
12;2025-11-08;18;1441
12;2025-11-08;19;1298
12;2025-11-08;20;942
12;2025-11-08;21;688
12;2025-11-08;22;398
12;2025-11-08;23;264
12;2025-11-09;0;78
12;2025-11-09;1;5
12;2025-11-09;2;0
12;2025-11-09;3;0
12;2025-11-09;4;1
12;2025-11-09;5;165
12;2025-11-09;6;531
12;2025-11-09;7;663
12;2025-11-09;8;763
12;2025-11-09;9;925
12;2025-11-09;10;1117
12;2025-11-09;11;1242
12;2025-11-09;12;1320
12;2025-11-09;13;1451
12;2025-11-09;14;1414
12;2025-11-09;15;1390
12;2025-11-09;16;1399
12;2025-11-09;17;1415
12;2025-11-09;18;1273
12;2025-11-09;19;1070
12;2025-11-09;20;801
12;2025-11-09;21;585
12;2025-11-09;22;351
12;2025-11-09;23;208
12;2025-11-10;0;55
12;2025-11-10;1;2
12;2025-11-10;2;0
12;2025-11-10;3;0
12;2025-11-10;4;6
12;2025-11-10;5;349
12;2025-11-10;6;1384
12;2025-11-10;7;2630
12;2025-11-10;8;3361
12;2025-11-10;9;2417
12;2025-11-10;10;1961
12;2025-11-10;11;1869
12;2025-11-10;12;1944
12;2025-11-10;13;1938
12;2025-11-10;14;1951
12;2025-11-10;15;2149
12;2025-11-10;16;2540
12;2025-11-10;17;2930
12;2025-11-10;18;3087
12;2025-11-10;19;2336
12;2025-11-10;20;1533
12;2025-11-10;21;912
12;2025-11-10;22;464
12;2025-11-10;23;230
12;2025-11-11;0;50
12;2025-11-11;1;1
12;2025-11-11;2;0
12;2025-11-11;3;0
12;2025-11-11;4;8
12;2025-11-11;5;359
12;2025-11-11;6;1430
12;2025-11-11;7;2747
12;2025-11-11;8;3493
12;2025-11-11;9;2506
12;2025-11-11;10;2072
12;2025-11-11;11;1984
12;2025-11-11;12;2005
12;2025-11-11;13;2034
12;2025-11-11;14;2011
12;2025-11-11;15;2206
12;2025-11-11;16;2593
12;2025-11-11;17;3003
12;2025-11-11;18;3173
12;2025-11-11;19;2385
12;2025-11-11;20;1542
12;2025-11-11;21;944
12;2025-11-11;22;498
12;2025-11-11;23;252
12;2025-11-12;0;55
12;2025-11-12;1;1
12;2025-11-12;2;0
12;2025-11-12;3;0
12;2025-11-12;4;8
12;2025-11-12;5;362
12;2025-11-12;6;1444
12;2025-11-12;7;2712
12;2025-11-12;8;3484
12;2025-11-12;9;2533
12;2025-11-12;10;2090
12;2025-11-12;11;1969
12;2025-11-12;12;2019
12;2025-11-12;13;2016
12;2025-11-12;14;2008
12;2025-11-12;15;2225
12;2025-11-12;16;2628
12;2025-11-12;17;2986
12;2025-11-12;18;3141
12;2025-11-12;19;2391
12;2025-11-12;20;1541
12;2025-11-12;21;975
12;2025-11-12;22;513
12;2025-11-12;23;264
12;2025-11-13;0;51
12;2025-11-13;1;2
12;2025-11-13;2;0
12;2025-11-13;3;0
12;2025-11-13;4;8
12;2025-11-13;5;356
12;2025-11-13;6;1422
12;2025-11-13;7;2726
12;2025-11-13;8;3499
12;2025-11-13;9;2529
12;2025-11-13;10;2074
12;2025-11-13;11;1962
12;2025-11-13;12;2007
12;2025-11-13;13;2028
12;2025-11-13;14;2013
12;2025-11-13;15;2231
12;2025-11-13;16;2623
12;2025-11-13;17;2999
12;2025-11-13;18;3169
12;2025-11-13;19;2391
12;2025-11-13;20;1568
12;2025-11-13;21;959
12;2025-11-13;22;512
12;2025-11-13;23;269
12;2025-11-14;0;56
12;2025-11-14;1;2
12;2025-11-14;2;0
12;2025-11-14;3;0
12;2025-11-14;4;7
12;2025-11-14;5;353
12;2025-11-14;6;1403
12;2025-11-14;7;2640
12;2025-11-14;8;3340
12;2025-11-14;9;2436
12;2025-11-14;10;2009
12;2025-11-14;11;1953
12;2025-11-14;12;1971
12;2025-11-14;13;2049
12;2025-11-14;14;2045
12;2025-11-14;15;2277
12;2025-11-14;16;2716
12;2025-11-14;17;2900
12;2025-11-14;18;2738
12;2025-11-14;19;2193
12;2025-11-14;20;1445
12;2025-11-14;21;958
12;2025-11-14;22;513
12;2025-11-14;23;299
12;2025-11-15;0;74
12;2025-11-15;1;3
12;2025-11-15;2;0
12;2025-11-15;3;0
12;2025-11-15;4;3
12;2025-11-15;5;221
12;2025-11-15;6;736
12;2025-11-15;7;914
12;2025-11-15;8;1033
12;2025-11-15;9;1203
12;2025-11-15;10;1368
12;2025-11-15;11;1456
12;2025-11-15;12;1500
12;2025-11-15;13;1630
12;2025-11-15;14;1589
12;2025-11-15;15;1555
12;2025-11-15;16;1583
12;2025-11-15;17;1556
12;2025-11-15;18;1489
12;2025-11-15;19;1335
12;2025-11-15;20;971
12;2025-11-15;21;713
12;2025-11-15;22;421
12;2025-11-15;23;277
12;2025-11-16;0;78
12;2025-11-16;1;5
12;2025-11-16;2;0
12;2025-11-16;3;0
12;2025-11-16;4;1
12;2025-11-16;5;170
12;2025-11-16;6;554
12;2025-11-16;7;685
12;2025-11-16;8;799
12;2025-11-16;9;968
12;2025-11-16;10;1157
12;2025-11-16;11;1274
12;2025-11-16;12;1347
12;2025-11-16;13;1481
12;2025-11-16;14;1450
12;2025-11-16;15;1425
12;2025-11-16;16;1432
12;2025-11-16;17;1451
12;2025-11-16;18;1308
12;2025-11-16;19;1093
12;2025-11-16;20;821
12;2025-11-16;21;600
12;2025-11-16;22;366
12;2025-11-16;23;214
12;2025-11-17;0;55
12;2025-11-17;1;2
12;2025-11-17;2;0
12;2025-11-17;3;0
12;2025-11-17;4;5
12;2025-11-17;5;350
12;2025-11-17;6;1386
12;2025-11-17;7;2641
12;2025-11-17;8;3383
12;2025-11-17;9;2436
12;2025-11-17;10;1975
12;2025-11-17;11;1885
12;2025-11-17;12;1956
12;2025-11-17;13;1951
12;2025-11-17;14;1966
12;2025-11-17;15;2163
12;2025-11-17;16;2556
12;2025-11-17;17;2945
12;2025-11-17;18;3108
12;2025-11-17;19;2349
12;2025-11-17;20;1546
12;2025-11-17;21;925
12;2025-11-17;22;478
12;2025-11-17;23;239
12;2025-11-18;0;50
12;2025-11-18;1;1
12;2025-11-18;2;0
12;2025-11-18;3;0
12;2025-11-18;4;7
12;2025-11-18;5;360
12;2025-11-18;6;1430
12;2025-11-18;7;2745
12;2025-11-18;8;3497
12;2025-11-18;9;2510
12;2025-11-18;10;2072
12;2025-11-18;11;1982
12;2025-11-18;12;2002
12;2025-11-18;13;2032
12;2025-11-18;14;2009
12;2025-11-18;15;2203
12;2025-11-18;16;2591
12;2025-11-18;17;3002
12;2025-11-18;18;3175
12;2025-11-18;19;2385
12;2025-11-18;20;1543
12;2025-11-18;21;945
12;2025-11-18;22;501
12;2025-11-18;23;252
12;2025-11-19;0;55
12;2025-11-19;1;1
12;2025-11-19;2;0
12;2025-11-19;3;0
12;2025-11-19;4;8
12;2025-11-19;5;362
12;2025-11-19;6;1443
12;2025-11-19;7;2707
12;2025-11-19;8;3483
12;2025-11-19;9;2531
12;2025-11-19;10;2087
12;2025-11-19;11;1968
12;2025-11-19;12;2017
12;2025-11-19;13;2014
12;2025-11-19;14;2004
12;2025-11-19;15;2221
12;2025-11-19;16;2625
12;2025-11-19;17;2983
12;2025-11-19;18;3145
12;2025-11-19;19;2390
12;2025-11-19;20;1540
12;2025-11-19;21;976
12;2025-11-19;22;515
12;2025-11-19;23;264
12;2025-11-20;0;51
12;2025-11-20;1;2
12;2025-11-20;2;0
12;2025-11-20;3;0
12;2025-11-20;4;7
12;2025-11-20;5;358
12;2025-11-20;6;1423
12;2025-11-20;7;2725
12;2025-11-20;8;3503
12;2025-11-20;9;2532
12;2025-11-20;10;2076
12;2025-11-20;11;1966
12;2025-11-20;12;2009
12;2025-11-20;13;2030
12;2025-11-20;14;2014
12;2025-11-20;15;2231
12;2025-11-20;16;2624
12;2025-11-20;17;3001
12;2025-11-20;18;3173
12;2025-11-20;19;2392
12;2025-11-20;20;1571
12;2025-11-20;21;963
12;2025-11-20;22;516
12;2025-11-20;23;272
12;2025-11-21;0;56
12;2025-11-21;1;2
12;2025-11-21;2;0
12;2025-11-21;3;0
12;2025-11-21;4;7
12;2025-11-21;5;355
12;2025-11-21;6;1405
12;2025-11-21;7;2639
12;2025-11-21;8;3340
12;2025-11-21;9;2437
12;2025-11-21;10;2011
12;2025-11-21;11;1958
12;2025-11-21;12;1974
12;2025-11-21;13;2052
12;2025-11-21;14;2050
12;2025-11-21;15;2283
12;2025-11-21;16;2723
12;2025-11-21;17;2906
12;2025-11-21;18;2746
12;2025-11-21;19;2200
12;2025-11-21;20;1449
12;2025-11-21;21;963
12;2025-11-21;22;517
12;2025-11-21;23;300
12;2025-11-22;0;75
12;2025-11-22;1;3
12;2025-11-22;2;0
12;2025-11-22;3;0
12;2025-11-22;4;3
12;2025-11-22;5;224
12;2025-11-22;6;744
12;2025-11-22;7;922
12;2025-11-22;8;1039
12;2025-11-22;9;1206
12;2025-11-22;10;1373
12;2025-11-22;11;1460
12;2025-11-22;12;1505
12;2025-11-22;13;1636
12;2025-11-22;14;1585
12;2025-11-22;15;1561
12;2025-11-22;16;1595
12;2025-11-22;17;1570
12;2025-11-22;18;1506
12;2025-11-22;19;1347
12;2025-11-22;20;981
12;2025-11-22;21;724
12;2025-11-22;22;431
12;2025-11-22;23;282
12;2025-11-23;0;81
12;2025-11-23;1;5
12;2025-11-23;2;0
12;2025-11-23;3;0
12;2025-11-23;4;2
12;2025-11-23;5;174
12;2025-11-23;6;553
12;2025-11-23;7;680
12;2025-11-23;8;794
12;2025-11-23;9;958
12;2025-11-23;10;1153
12;2025-11-23;11;1282
12;2025-11-23;12;1354
12;2025-11-23;13;1490
12;2025-11-23;14;1446
12;2025-11-23;15;1433
12;2025-11-23;16;1440
12;2025-11-23;17;1463
12;2025-11-23;18;1323
12;2025-11-23;19;1112
12;2025-11-23;20;837
12;2025-11-23;21;619
12;2025-11-23;22;383
12;2025-11-23;23;224
12;2025-11-24;0;56
12;2025-11-24;1;2
12;2025-11-24;2;0
12;2025-11-24;3;0
12;2025-11-24;4;5
12;2025-11-24;5;348
12;2025-11-24;6;1391
12;2025-11-24;7;2636
12;2025-11-24;8;3378
12;2025-11-24;9;2436
12;2025-11-24;10;1973
12;2025-11-24;11;1884
12;2025-11-24;12;1956
12;2025-11-24;13;1953
12;2025-11-24;14;1965
12;2025-11-24;15;2167
12;2025-11-24;16;2560
12;2025-11-24;17;2949
12;2025-11-24;18;3114
12;2025-11-24;19;2350
12;2025-11-24;20;1547
12;2025-11-24;21;925
12;2025-11-24;22;477
12;2025-11-24;23;238
12;2025-11-25;0;50
12;2025-11-25;1;1
12;2025-11-25;2;0
12;2025-11-25;3;0
12;2025-11-25;4;7
12;2025-11-25;5;358
12;2025-11-25;6;1425
12;2025-11-25;7;2730
12;2025-11-25;8;3480
12;2025-11-25;9;2495
12;2025-11-25;10;2056
12;2025-11-25;11;1966
12;2025-11-25;12;1987
12;2025-11-25;13;2018
12;2025-11-25;14;1995
12;2025-11-25;15;2192
12;2025-11-25;16;2580
12;2025-11-25;17;2992
12;2025-11-25;18;3170
12;2025-11-25;19;2378
12;2025-11-25;20;1537
12;2025-11-25;21;939
12;2025-11-25;22;496
12;2025-11-25;23;250
12;2025-11-26;0;55
12;2025-11-26;1;1
12;2025-11-26;2;0
12;2025-11-26;3;0
12;2025-11-26;4;8
12;2025-11-26;5;366
12;2025-11-26;6;1444
12;2025-11-26;7;2698
12;2025-11-26;8;3473
12;2025-11-26;9;2524
12;2025-11-26;10;2082
12;2025-11-26;11;1962
12;2025-11-26;12;2010
12;2025-11-26;13;2005
12;2025-11-26;14;1996
12;2025-11-26;15;2212
12;2025-11-26;16;2616
12;2025-11-26;17;2975
12;2025-11-26;18;3144
12;2025-11-26;19;2389
12;2025-11-26;20;1540
12;2025-11-26;21;976
12;2025-11-26;22;517
12;2025-11-26;23;267
12;2025-11-27;0;51
12;2025-11-27;1;2
12;2025-11-27;2;0
12;2025-11-27;3;0
12;2025-11-27;4;8
12;2025-11-27;5;359
12;2025-11-27;6;1423
12;2025-11-27;7;2714
12;2025-11-27;8;3489
12;2025-11-27;9;2522
12;2025-11-27;10;2069
12;2025-11-27;11;1957
12;2025-11-27;12;2000
12;2025-11-27;13;2020
12;2025-11-27;14;2003
12;2025-11-27;15;2219
12;2025-11-27;16;2612
12;2025-11-27;17;2990
12;2025-11-27;18;3167
12;2025-11-27;19;2388
12;2025-11-27;20;1568
12;2025-11-27;21;960
12;2025-11-27;22;515
12;2025-11-27;23;273
12;2025-11-28;0;57
12;2025-11-28;1;2
12;2025-11-28;2;0
12;2025-11-28;3;0
12;2025-11-28;4;7
12;2025-11-28;5;357
12;2025-11-28;6;1404
12;2025-11-28;7;2630
12;2025-11-28;8;3328
12;2025-11-28;9;2428
12;2025-11-28;10;2001
12;2025-11-28;11;1947
12;2025-11-28;12;1963
12;2025-11-28;13;2039
12;2025-11-28;14;2035
12;2025-11-28;15;2265
12;2025-11-28;16;2706
12;2025-11-28;17;2893
12;2025-11-28;18;2739
12;2025-11-28;19;2196
12;2025-11-28;20;1447
12;2025-11-28;21;961
12;2025-11-28;22;515
12;2025-11-28;23;300
12;2025-11-29;0;75
12;2025-11-29;1;3
12;2025-11-29;2;0
12;2025-11-29;3;0
12;2025-11-29;4;3
12;2025-11-29;5;226
12;2025-11-29;6;745
12;2025-11-29;7;919
12;2025-11-29;8;1029
12;2025-11-29;9;1194
12;2025-11-29;10;1353
12;2025-11-29;11;1439
12;2025-11-29;12;1480
12;2025-11-29;13;1607
12;2025-11-29;14;1566
12;2025-11-29;15;1531
12;2025-11-29;16;1565
12;2025-11-29;17;1542
12;2025-11-29;18;1479
12;2025-11-29;19;1327
12;2025-11-29;20;965
12;2025-11-29;21;709
12;2025-11-29;22;421
12;2025-11-29;23;278
12;2025-11-30;0;80
12;2025-11-30;1;5
12;2025-11-30;2;0
12;2025-11-30;3;0
12;2025-11-30;4;2
12;2025-11-30;5;174
12;2025-11-30;6;552
12;2025-11-30;7;678
12;2025-11-30;8;785
12;2025-11-30;9;948
12;2025-11-30;10;1130
12;2025-11-30;11;1251
12;2025-11-30;12;1321
12;2025-11-30;13;1452
12;2025-11-30;14;1418
12;2025-11-30;15;1392
12;2025-11-30;16;1400
12;2025-11-30;17;1427
12;2025-11-30;18;1290
12;2025-11-30;19;1089
12;2025-11-30;20;817
12;2025-11-30;21;600
12;2025-11-30;22;368
12;2025-11-30;23;216
12;2025-12-01;0;56
12;2025-12-01;1;3
12;2025-12-01;2;0
12;2025-12-01;3;0
12;2025-12-01;4;6
12;2025-12-01;5;349
12;2025-12-01;6;1381
12;2025-12-01;7;2581
12;2025-12-01;8;3279
12;2025-12-01;9;2403
12;2025-12-01;10;1969
12;2025-12-01;11;1898
12;2025-12-01;12;1962
12;2025-12-01;13;1950
12;2025-12-01;14;1962
12;2025-12-01;15;2153
12;2025-12-01;16;2538
12;2025-12-01;17;2937
12;2025-12-01;18;3109
12;2025-12-01;19;2352
12;2025-12-01;20;1550
12;2025-12-01;21;925
12;2025-12-01;22;487
12;2025-12-01;23;235
12;2025-12-02;0;51
12;2025-12-02;1;2
12;2025-12-02;2;0
12;2025-12-02;3;1
12;2025-12-02;4;8
12;2025-12-02;5;360
12;2025-12-02;6;1420
12;2025-12-02;7;2679
12;2025-12-02;8;3389
12;2025-12-02;9;2473
12;2025-12-02;10;2064
12;2025-12-02;11;1995
12;2025-12-02;12;2009
12;2025-12-02;13;2032
12;2025-12-02;14;2010
12;2025-12-02;15;2198
12;2025-12-02;16;2579
12;2025-12-02;17;2990
12;2025-12-02;18;3168
12;2025-12-02;19;2388
12;2025-12-02;20;1547
12;2025-12-02;21;944
12;2025-12-02;22;511
12;2025-12-02;23;248
12;2025-12-03;0;56
12;2025-12-03;1;2
12;2025-12-03;2;0
12;2025-12-03;3;1
12;2025-12-03;4;8
12;2025-12-03;5;364
12;2025-12-03;6;1435
12;2025-12-03;7;2650
12;2025-12-03;8;3393
12;2025-12-03;9;2512
12;2025-12-03;10;2098
12;2025-12-03;11;1998
12;2025-12-03;12;2044
12;2025-12-03;13;2033
12;2025-12-03;14;2025
12;2025-12-03;15;2235
12;2025-12-03;16;2632
12;2025-12-03;17;2985
12;2025-12-03;18;3149
12;2025-12-03;19;2400
12;2025-12-03;20;1551
12;2025-12-03;21;981
12;2025-12-03;22;531
12;2025-12-03;23;266
12;2025-12-04;0;52
12;2025-12-04;1;2
12;2025-12-04;2;0
12;2025-12-04;3;1
12;2025-12-04;4;8
12;2025-12-04;5;363
12;2025-12-04;6;1419
12;2025-12-04;7;2669
12;2025-12-04;8;3411
12;2025-12-04;9;2513
12;2025-12-04;10;2087
12;2025-12-04;11;1995
12;2025-12-04;12;2036
12;2025-12-04;13;2050
12;2025-12-04;14;2034
12;2025-12-04;15;2245
12;2025-12-04;16;2632
12;2025-12-04;17;3005
12;2025-12-04;18;3177
12;2025-12-04;19;2406
12;2025-12-04;20;1585
12;2025-12-04;21;972
12;2025-12-04;22;532
12;2025-12-04;23;273
12;2025-12-05;0;57
12;2025-12-05;1;3
12;2025-12-05;2;0
12;2025-12-05;3;1
12;2025-12-05;4;8
12;2025-12-05;5;359
12;2025-12-05;6;1401
12;2025-12-05;7;2592
12;2025-12-05;8;3259
12;2025-12-05;9;2424
12;2025-12-05;10;2022
12;2025-12-05;11;1991
12;2025-12-05;12;2003
12;2025-12-05;13;2076
12;2025-12-05;14;2074
12;2025-12-05;15;2299
12;2025-12-05;16;2736
12;2025-12-05;17;2922
12;2025-12-05;18;2767
12;2025-12-05;19;2223
12;2025-12-05;20;1477
12;2025-12-05;21;978
12;2025-12-05;22;537
12;2025-12-05;23;299
12;2025-12-06;0;78
12;2025-12-06;1;5
12;2025-12-06;2;0
12;2025-12-06;3;0
12;2025-12-06;4;2
12;2025-12-06;5;220
12;2025-12-06;6;718
12;2025-12-06;7;877
12;2025-12-06;8;987
12;2025-12-06;9;1166
12;2025-12-06;10;1332
12;2025-12-06;11;1424
12;2025-12-06;12;1471
12;2025-12-06;13;1596
12;2025-12-06;14;1555
12;2025-12-06;15;1519
12;2025-12-06;16;1548
12;2025-12-06;17;1525
12;2025-12-06;18;1454
12;2025-12-06;19;1305
12;2025-12-06;20;947
12;2025-12-06;21;692
12;2025-12-06;22;421
12;2025-12-06;23;268
12;2025-12-07;0;82
12;2025-12-07;1;6
12;2025-12-07;2;0
12;2025-12-07;3;0
12;2025-12-07;4;2
12;2025-12-07;5;170
12;2025-12-07;6;530
12;2025-12-07;7;647
12;2025-12-07;8;755
12;2025-12-07;9;937
12;2025-12-07;10;1125
12;2025-12-07;11;1265
12;2025-12-07;12;1336
12;2025-12-07;13;1469
12;2025-12-07;14;1434
12;2025-12-07;15;1406
12;2025-12-07;16;1408
12;2025-12-07;17;1428
12;2025-12-07;18;1282
12;2025-12-07;19;1080
12;2025-12-07;20;811
12;2025-12-07;21;595
12;2025-12-07;22;371
12;2025-12-07;23;208
12;2025-12-08;0;56
12;2025-12-08;1;3
12;2025-12-08;2;0
12;2025-12-08;3;0
12;2025-12-08;4;6
12;2025-12-08;5;352
12;2025-12-08;6;1386
12;2025-12-08;7;2598
12;2025-12-08;8;3306
12;2025-12-08;9;2429
12;2025-12-08;10;1997
12;2025-12-08;11;1930
12;2025-12-08;12;1996
12;2025-12-08;13;1985
12;2025-12-08;14;1994
12;2025-12-08;15;2187
12;2025-12-08;16;2573
12;2025-12-08;17;2965
12;2025-12-08;18;3122
12;2025-12-08;19;2366
12;2025-12-08;20;1563
12;2025-12-08;21;934
12;2025-12-08;22;494
12;2025-12-08;23;239
12;2025-12-09;0;51
12;2025-12-09;1;2
12;2025-12-09;2;0
12;2025-12-09;3;1
12;2025-12-09;4;8
12;2025-12-09;5;364
12;2025-12-09;6;1426
12;2025-12-09;7;2702
12;2025-12-09;8;3422
12;2025-12-09;9;2504
12;2025-12-09;10;2099
12;2025-12-09;11;2032
12;2025-12-09;12;2048
12;2025-12-09;13;2072
12;2025-12-09;14;2049
12;2025-12-09;15;2238
12;2025-12-09;16;2618
12;2025-12-09;17;3023
12;2025-12-09;18;3193
12;2025-12-09;19;2407
12;2025-12-09;20;1564
12;2025-12-09;21;959
12;2025-12-09;22;519
12;2025-12-09;23;253
12;2025-12-10;0;56
12;2025-12-10;1;2
12;2025-12-10;2;0
12;2025-12-10;3;1
12;2025-12-10;4;8
12;2025-12-10;5;367
12;2025-12-10;6;1442
12;2025-12-10;7;2671
12;2025-12-10;8;3414
12;2025-12-10;9;2530
12;2025-12-10;10;2117
12;2025-12-10;11;2019
12;2025-12-10;12;2065
12;2025-12-10;13;2056
12;2025-12-10;14;2046
12;2025-12-10;15;2258
12;2025-12-10;16;2655
12;2025-12-10;17;3008
12;2025-12-10;18;3163
12;2025-12-10;19;2414
12;2025-12-10;20;1564
12;2025-12-10;21;992
12;2025-12-10;22;536
12;2025-12-10;23;267
12;2025-12-11;0;52
12;2025-12-11;1;2
12;2025-12-11;2;0
12;2025-12-11;3;1
12;2025-12-11;4;8
12;2025-12-11;5;361
12;2025-12-11;6;1420
12;2025-12-11;7;2685
12;2025-12-11;8;3428
12;2025-12-11;9;2526
12;2025-12-11;10;2101
12;2025-12-11;11;2011
12;2025-12-11;12;2051
12;2025-12-11;13;2067
12;2025-12-11;14;2050
12;2025-12-11;15;2264
12;2025-12-11;16;2651
12;2025-12-11;17;3022
12;2025-12-11;18;3189
12;2025-12-11;19;2414
12;2025-12-11;20;1592
12;2025-12-11;21;976
12;2025-12-11;22;534
12;2025-12-11;23;273
12;2025-12-12;0;57
12;2025-12-12;1;3
12;2025-12-12;2;0
12;2025-12-12;3;1
12;2025-12-12;4;8
12;2025-12-12;5;357
12;2025-12-12;6;1401
12;2025-12-12;7;2602
12;2025-12-12;8;3271
12;2025-12-12;9;2432
12;2025-12-12;10;2032
12;2025-12-12;11;2003
12;2025-12-12;12;2014
12;2025-12-12;13;2089
12;2025-12-12;14;2088
12;2025-12-12;15;2314
12;2025-12-12;16;2754
12;2025-12-12;17;2932
12;2025-12-12;18;2767
12;2025-12-12;19;2224
12;2025-12-12;20;1475
12;2025-12-12;21;977
12;2025-12-12;22;536
12;2025-12-12;23;297
12;2025-12-13;0;78
12;2025-12-13;1;5
12;2025-12-13;2;0
12;2025-12-13;3;0
12;2025-12-13;4;2
12;2025-12-13;5;219
12;2025-12-13;6;720
12;2025-12-13;7;883
12;2025-12-13;8;996
12;2025-12-13;9;1176
12;2025-12-13;10;1345
12;2025-12-13;11;1438
12;2025-12-13;12;1484
12;2025-12-13;13;1612
12;2025-12-13;14;1572
12;2025-12-13;15;1536
12;2025-12-13;16;1565
12;2025-12-13;17;1540
12;2025-12-13;18;1465
12;2025-12-13;19;1312
12;2025-12-13;20;950
12;2025-12-13;21;695
12;2025-12-13;22;423
12;2025-12-13;23;268
12;2025-12-14;0;82
12;2025-12-14;1;7
12;2025-12-14;2;0
12;2025-12-14;3;0
12;2025-12-14;4;2
12;2025-12-14;5;172
12;2025-12-14;6;533
12;2025-12-14;7;657
12;2025-12-14;8;765
12;2025-12-14;9;947
12;2025-12-14;10;1135
12;2025-12-14;11;1273
12;2025-12-14;12;1343
12;2025-12-14;13;1477
12;2025-12-14;14;1443
12;2025-12-14;15;1418
12;2025-12-14;16;1419
12;2025-12-14;17;1438
12;2025-12-14;18;1295
12;2025-12-14;19;1089
12;2025-12-14;20;819
12;2025-12-14;21;602
12;2025-12-14;22;374
12;2025-12-14;23;211
12;2025-12-15;0;56
12;2025-12-15;1;3
12;2025-12-15;2;0
12;2025-12-15;3;0
12;2025-12-15;4;6
12;2025-12-15;5;353
12;2025-12-15;6;1385
12;2025-12-15;7;2610
12;2025-12-15;8;3322
12;2025-12-15;9;2440
12;2025-12-15;10;2003
12;2025-12-15;11;1937
12;2025-12-15;12;2002
12;2025-12-15;13;1992
12;2025-12-15;14;2000
12;2025-12-15;15;2192
12;2025-12-15;16;2580
12;2025-12-15;17;2971
12;2025-12-15;18;3135
12;2025-12-15;19;2370
12;2025-12-15;20;1567
12;2025-12-15;21;938
12;2025-12-15;22;496
12;2025-12-15;23;241
12;2025-12-16;0;51
12;2025-12-16;1;2
12;2025-12-16;2;0
12;2025-12-16;3;0
12;2025-12-16;4;8
12;2025-12-16;5;366
12;2025-12-16;6;1427
12;2025-12-16;7;2720
12;2025-12-16;8;3447
12;2025-12-16;9;2524
12;2025-12-16;10;2107
12;2025-12-16;11;2042
12;2025-12-16;12;2057
12;2025-12-16;13;2081
12;2025-12-16;14;2057
12;2025-12-16;15;2246
12;2025-12-16;16;2626
12;2025-12-16;17;3029
12;2025-12-16;18;3199
12;2025-12-16;19;2411
12;2025-12-16;20;1567
12;2025-12-16;21;962
12;2025-12-16;22;522
12;2025-12-16;23;257
12;2025-12-17;0;56
12;2025-12-17;1;2
12;2025-12-17;2;0
12;2025-12-17;3;0
12;2025-12-17;4;8
12;2025-12-17;5;367
12;2025-12-17;6;1440
12;2025-12-17;7;2678
12;2025-12-17;8;3429
12;2025-12-17;9;2542
12;2025-12-17;10;2118
12;2025-12-17;11;2016
12;2025-12-17;12;2060
12;2025-12-17;13;2051
12;2025-12-17;14;2046
12;2025-12-17;15;2260
12;2025-12-17;16;2652
12;2025-12-17;17;3003
12;2025-12-17;18;3160
12;2025-12-17;19;2414
12;2025-12-17;20;1562
12;2025-12-17;21;991
12;2025-12-17;22;536
12;2025-12-17;23;267
12;2025-12-18;0;52
12;2025-12-18;1;2
12;2025-12-18;2;0
12;2025-12-18;3;0
12;2025-12-18;4;8
12;2025-12-18;5;363
12;2025-12-18;6;1419
12;2025-12-18;7;2686
12;2025-12-18;8;3437
12;2025-12-18;9;2534
12;2025-12-18;10;2104
12;2025-12-18;11;2010
12;2025-12-18;12;2049
12;2025-12-18;13;2065
12;2025-12-18;14;2050
12;2025-12-18;15;2261
12;2025-12-18;16;2649
12;2025-12-18;17;3021
12;2025-12-18;18;3192
12;2025-12-18;19;2414
12;2025-12-18;20;1590
12;2025-12-18;21;977
12;2025-12-18;22;536
12;2025-12-18;23;272
12;2025-12-19;0;57
12;2025-12-19;1;3
12;2025-12-19;2;0
12;2025-12-19;3;1
12;2025-12-19;4;8
12;2025-12-19;5;360
12;2025-12-19;6;1405
12;2025-12-19;7;2606
12;2025-12-19;8;3279
12;2025-12-19;9;2440
12;2025-12-19;10;2039
12;2025-12-19;11;2012
12;2025-12-19;12;2022
12;2025-12-19;13;2097
12;2025-12-19;14;2096
12;2025-12-19;15;2323
12;2025-12-19;16;2763
12;2025-12-19;17;2940
12;2025-12-19;18;2777
12;2025-12-19;19;2232
12;2025-12-19;20;1480
12;2025-12-19;21;981
12;2025-12-19;22;541
12;2025-12-19;23;299
12;2025-12-20;0;78
12;2025-12-20;1;5
12;2025-12-20;2;0
12;2025-12-20;3;0
12;2025-12-20;4;2
12;2025-12-20;5;222
12;2025-12-20;6;723
12;2025-12-20;7;890
12;2025-12-20;8;1008
12;2025-12-20;9;1189
12;2025-12-20;10;1359
12;2025-12-20;11;1451
12;2025-12-20;12;1498
12;2025-12-20;13;1625
12;2025-12-20;14;1584
12;2025-12-20;15;1547
12;2025-12-20;16;1575
12;2025-12-20;17;1551
12;2025-12-20;18;1479
12;2025-12-20;19;1321
12;2025-12-20;20;960
12;2025-12-20;21;703
12;2025-12-20;22;431
12;2025-12-20;23;275
12;2025-12-21;0;83
12;2025-12-21;1;7
12;2025-12-21;2;0
12;2025-12-21;3;0
12;2025-12-21;4;2
12;2025-12-21;5;174
12;2025-12-21;6;534
12;2025-12-21;7;656
12;2025-12-21;8;767
12;2025-12-21;9;950
12;2025-12-21;10;1140
12;2025-12-21;11;1278
12;2025-12-21;12;1349
12;2025-12-21;13;1482
12;2025-12-21;14;1449
12;2025-12-21;15;1423
12;2025-12-21;16;1423
12;2025-12-21;17;1444
12;2025-12-21;18;1298
12;2025-12-21;19;1090
12;2025-12-21;20;821
12;2025-12-21;21;605
12;2025-12-21;22;380
12;2025-12-21;23;214
12;2025-12-22;0;56
12;2025-12-22;1;3
12;2025-12-22;2;0
12;2025-12-22;3;0
12;2025-12-22;4;6
12;2025-12-22;5;355
12;2025-12-22;6;1390
12;2025-12-22;7;2608
12;2025-12-22;8;3318
12;2025-12-22;9;2437
12;2025-12-22;10;2007
12;2025-12-22;11;1941
12;2025-12-22;12;2007
12;2025-12-22;13;1996
12;2025-12-22;14;2005
12;2025-12-22;15;2196
12;2025-12-22;16;2584
12;2025-12-22;17;2976
12;2025-12-22;18;3141
12;2025-12-22;19;2375
12;2025-12-22;20;1572
12;2025-12-22;21;944
12;2025-12-22;22;502
12;2025-12-22;23;244
12;2025-12-23;0;51
12;2025-12-23;1;2
12;2025-12-23;2;0
12;2025-12-23;3;1
12;2025-12-23;4;8
12;2025-12-23;5;367
12;2025-12-23;6;1430
12;2025-12-23;7;2706
12;2025-12-23;8;3430
12;2025-12-23;9;2511
12;2025-12-23;10;2107
12;2025-12-23;11;2041
12;2025-12-23;12;2057
12;2025-12-23;13;2081
12;2025-12-23;14;2059
12;2025-12-23;15;2248
12;2025-12-23;16;2627
12;2025-12-23;17;3033
12;2025-12-23;18;3207
12;2025-12-23;19;2414
12;2025-12-23;20;1572
12;2025-12-23;21;967
12;2025-12-23;22;528
12;2025-12-23;23;259
12;2025-12-24;0;56
12;2025-12-24;1;2
12;2025-12-24;2;0
12;2025-12-24;3;1
12;2025-12-24;4;8
12;2025-12-24;5;370
12;2025-12-24;6;1450
12;2025-12-24;7;2668
12;2025-12-24;8;3417
12;2025-12-24;9;2536
12;2025-12-24;10;2126
12;2025-12-24;11;2025
12;2025-12-24;12;2070
12;2025-12-24;13;2061
12;2025-12-24;14;2051
12;2025-12-24;15;2262
12;2025-12-24;16;2659
12;2025-12-24;17;3013
12;2025-12-24;18;3174
12;2025-12-24;19;2418
12;2025-12-24;20;1567
12;2025-12-24;21;997
12;2025-12-24;22;541
12;2025-12-24;23;270
12;2025-12-25;0;52
12;2025-12-25;1;2
12;2025-12-25;2;0
12;2025-12-25;3;1
12;2025-12-25;4;8
12;2025-12-25;5;368
12;2025-12-25;6;1419
12;2025-12-25;7;2669
12;2025-12-25;8;3409
12;2025-12-25;9;2521
12;2025-12-25;10;2123
12;2025-12-25;11;2033
12;2025-12-25;12;2076
12;2025-12-25;13;2087
12;2025-12-25;14;2070
12;2025-12-25;15;2279
12;2025-12-25;16;2655
12;2025-12-25;17;3018
12;2025-12-25;18;3183
12;2025-12-25;19;2411
12;2025-12-25;20;1597
12;2025-12-25;21;983
12;2025-12-25;22;543
12;2025-12-25;23;276
12;2025-12-26;0;57
12;2025-12-26;1;2
12;2025-12-26;2;0
12;2025-12-26;3;0
12;2025-12-26;4;6
12;2025-12-26;5;366
12;2025-12-26;6;1400
12;2025-12-26;7;2577
12;2025-12-26;8;3260
12;2025-12-26;9;2446
12;2025-12-26;10;2058
12;2025-12-26;11;2028
12;2025-12-26;12;2040
12;2025-12-26;13;2108
12;2025-12-26;14;2106
12;2025-12-26;15;2327
12;2025-12-26;16;2745
12;2025-12-26;17;2917
12;2025-12-26;18;2761
12;2025-12-26;19;2215
12;2025-12-26;20;1482
12;2025-12-26;21;984
12;2025-12-26;22;546
12;2025-12-26;23;300
12;2025-12-27;0;78
12;2025-12-27;1;5
12;2025-12-27;2;0
12;2025-12-27;3;0
12;2025-12-27;4;3
12;2025-12-27;5;223
12;2025-12-27;6;716
12;2025-12-27;7;875
12;2025-12-27;8;983
12;2025-12-27;9;1160
12;2025-12-27;10;1320
12;2025-12-27;11;1408
12;2025-12-27;12;1451
12;2025-12-27;13;1571
12;2025-12-27;14;1534
12;2025-12-27;15;1493
12;2025-12-27;16;1512
12;2025-12-27;17;1482
12;2025-12-27;18;1418
12;2025-12-27;19;1282
12;2025-12-27;20;938
12;2025-12-27;21;688
12;2025-12-27;22;418
12;2025-12-27;23;266
12;2025-12-28;0;82
12;2025-12-28;1;6
12;2025-12-28;2;0
12;2025-12-28;3;0
12;2025-12-28;4;1
12;2025-12-28;5;177
12;2025-12-28;6;529
12;2025-12-28;7;637
12;2025-12-28;8;749
12;2025-12-28;9;924
12;2025-12-28;10;1109
12;2025-12-28;11;1244
12;2025-12-28;12;1308
12;2025-12-28;13;1434
12;2025-12-28;14;1401
12;2025-12-28;15;1368
12;2025-12-28;16;1362
12;2025-12-28;17;1377
12;2025-12-28;18;1238
12;2025-12-28;19;1059
12;2025-12-28;20;802
12;2025-12-28;21;593
12;2025-12-28;22;371
12;2025-12-28;23;211
12;2025-12-29;0;51
12;2025-12-29;1;3
12;2025-12-29;2;0
12;2025-12-29;3;6
12;2025-12-29;4;16
12;2025-12-29;5;348
12;2025-12-29;6;1322
12;2025-12-29;7;2436
12;2025-12-29;8;3142
12;2025-12-29;9;2326
12;2025-12-29;10;1940
12;2025-12-29;11;1878
12;2025-12-29;12;1946
12;2025-12-29;13;1924
12;2025-12-29;14;1926
12;2025-12-29;15;2106
12;2025-12-29;16;2449
12;2025-12-29;17;2805
12;2025-12-29;18;2951
12;2025-12-29;19;2246
12;2025-12-29;20;1492
12;2025-12-29;21;897
12;2025-12-29;22;469
12;2025-12-29;23;232
12;2025-12-30;0;45
12;2025-12-30;1;2
12;2025-12-30;2;0
12;2025-12-30;3;0
12;2025-12-30;4;1
12;2025-12-30;5;327
12;2025-12-30;6;1295
12;2025-12-30;7;2421
12;2025-12-30;8;3114
12;2025-12-30;9;2299
12;2025-12-30;10;1943
12;2025-12-30;11;1887
12;2025-12-30;12;1906
12;2025-12-30;13;1921
12;2025-12-30;14;1895
12;2025-12-30;15;2065
12;2025-12-30;16;2386
12;2025-12-30;17;2732
12;2025-12-30;18;2861
12;2025-12-30;19;2182
12;2025-12-30;20;1418
12;2025-12-30;21;870
12;2025-12-30;22;479
12;2025-12-30;23;233
12;2025-12-31;0;53
12;2025-12-31;1;1
12;2025-12-31;2;0
12;2025-12-31;3;0
12;2025-12-31;4;1
12;2025-12-31;5;97
12;2025-12-31;6;578
12;2025-12-31;7;746
12;2025-12-31;8;821
12;2025-12-31;9;875
12;2025-12-31;10;886
12;2025-12-31;11;989
12;2025-12-31;12;998
12;2025-12-31;13;1028
12;2025-12-31;14;1026
12;2025-12-31;15;1047
12;2025-12-31;16;1136
12;2025-12-31;17;1167
12;2025-12-31;18;895
12;2025-12-31;19;801
12;2025-12-31;20;594
12;2025-12-31;21;407
12;2025-12-31;22;206
12;2025-12-31;23;156
17;2025-11-01;0;234
17;2025-11-01;1;47
17;2025-11-01;2;10
17;2025-11-01;3;10
17;2025-11-01;4;40
17;2025-11-01;5;355
17;2025-11-01;6;1305
17;2025-11-01;7;3072
17;2025-11-01;8;3856
17;2025-11-01;9;3222
17;2025-11-01;10;2973
17;2025-11-01;11;2980
17;2025-11-01;12;3104
17;2025-11-01;13;3268
17;2025-11-01;14;3259
17;2025-11-01;15;3440
17;2025-11-01;16;3701
17;2025-11-01;17;4010
17;2025-11-01;18;4017
17;2025-11-01;19;3010
17;2025-11-01;20;2246
17;2025-11-01;21;1689
17;2025-11-01;22;1057
17;2025-11-01;23;606
17;2025-11-02;0;171
17;2025-11-02;1;22
17;2025-11-02;2;0
17;2025-11-02;3;1
17;2025-11-02;4;5
17;2025-11-02;5;39
17;2025-11-02;6;354
17;2025-11-02;7;671
17;2025-11-02;8;1127
17;2025-11-02;9;1552
17;2025-11-02;10;1906
17;2025-11-02;11;2283
17;2025-11-02;12;2528
17;2025-11-02;13;2787
17;2025-11-02;14;2859
17;2025-11-02;15;2846
17;2025-11-02;16;2755
17;2025-11-02;17;2661
17;2025-11-02;18;2494
17;2025-11-02;19;2008
17;2025-11-02;20;1511
17;2025-11-02;21;1102
17;2025-11-02;22;684
17;2025-11-02;23;327
17;2025-11-03;0;141
17;2025-11-03;1;20
17;2025-11-03;2;1
17;2025-11-03;3;0
17;2025-11-03;4;5
17;2025-11-03;5;88
17;2025-11-03;6;609
17;2025-11-03;7;1364
17;2025-11-03;8;1807
17;2025-11-03;9;1980
17;2025-11-03;10;2022
17;2025-11-03;11;2267
17;2025-11-03;12;2468
17;2025-11-03;13;2627
17;2025-11-03;14;2680
17;2025-11-03;15;2719
17;2025-11-03;16;2808
17;2025-11-03;17;2882
17;2025-11-03;18;2908
17;2025-11-03;19;2248
17;2025-11-03;20;1703
17;2025-11-03;21;1165
17;2025-11-03;22;668
17;2025-11-03;23;318
17;2025-11-04;0;153
17;2025-11-04;1;24
17;2025-11-04;2;1
17;2025-11-04;3;0
17;2025-11-04;4;4
17;2025-11-04;5;38
17;2025-11-04;6;500
17;2025-11-04;7;1217
17;2025-11-04;8;1620
17;2025-11-04;9;1801
17;2025-11-04;10;1862
17;2025-11-04;11;2199
17;2025-11-04;12;2391
17;2025-11-04;13;2585
17;2025-11-04;14;2656
17;2025-11-04;15;2706
17;2025-11-04;16;2820
17;2025-11-04;17;2881
17;2025-11-04;18;2799
17;2025-11-04;19;2239
17;2025-11-04;20;1681
17;2025-11-04;21;1176
17;2025-11-04;22;673
17;2025-11-04;23;332
17;2025-11-05;0;122
17;2025-11-05;1;10
17;2025-11-05;2;0
17;2025-11-05;3;0
17;2025-11-05;4;18
17;2025-11-05;5;307
17;2025-11-05;6;1500
17;2025-11-05;7;3953
17;2025-11-05;8;5134
17;2025-11-05;9;3664
17;2025-11-05;10;2960
17;2025-11-05;11;2868
17;2025-11-05;12;2910
17;2025-11-05;13;2950
17;2025-11-05;14;3031
17;2025-11-05;15;3194
17;2025-11-05;16;3568
17;2025-11-05;17;4318
17;2025-11-05;18;4611
17;2025-11-05;19;3347
17;2025-11-05;20;2262
17;2025-11-05;21;1436
17;2025-11-05;22;795
17;2025-11-05;23;364
17;2025-11-06;0;129
17;2025-11-06;1;11
17;2025-11-06;2;0
17;2025-11-06;3;0
17;2025-11-06;4;17
17;2025-11-06;5;314
17;2025-11-06;6;1498
17;2025-11-06;7;3942
17;2025-11-06;8;5102
17;2025-11-06;9;3676
17;2025-11-06;10;2964
17;2025-11-06;11;2877
17;2025-11-06;12;2913
17;2025-11-06;13;2963
17;2025-11-06;14;3032
17;2025-11-06;15;3205
17;2025-11-06;16;3612
17;2025-11-06;17;4326
17;2025-11-06;18;4604
17;2025-11-06;19;3356
17;2025-11-06;20;2293
17;2025-11-06;21;1449
17;2025-11-06;22;816
17;2025-11-06;23;373
17;2025-11-07;0;137
17;2025-11-07;1;13
17;2025-11-07;2;0
17;2025-11-07;3;0
17;2025-11-07;4;24
17;2025-11-07;5;313
17;2025-11-07;6;1529
17;2025-11-07;7;3916
17;2025-11-07;8;5059
17;2025-11-07;9;3639
17;2025-11-07;10;3003
17;2025-11-07;11;2952
17;2025-11-07;12;2981
17;2025-11-07;13;3050
17;2025-11-07;14;3156
17;2025-11-07;15;3387
17;2025-11-07;16;3892
17;2025-11-07;17;4395
17;2025-11-07;18;4291
17;2025-11-07;19;3236
17;2025-11-07;20;2274
17;2025-11-07;21;1515
17;2025-11-07;22;852
17;2025-11-07;23;427
17;2025-11-08;0;182
17;2025-11-08;1;23
17;2025-11-08;2;0
17;2025-11-08;3;0
17;2025-11-08;4;7
17;2025-11-08;5;124
17;2025-11-08;6;564
17;2025-11-08;7;1220
17;2025-11-08;8;1659
17;2025-11-08;9;2044
17;2025-11-08;10;2347
17;2025-11-08;11;2734
17;2025-11-08;12;2977
17;2025-11-08;13;3167
17;2025-11-08;14;3186
17;2025-11-08;15;3217
17;2025-11-08;16;3206
17;2025-11-08;17;3090
17;2025-11-08;18;2930
17;2025-11-08;19;2350
17;2025-11-08;20;1803
17;2025-11-08;21;1305
17;2025-11-08;22;822
17;2025-11-08;23;425
17;2025-11-09;0;174
17;2025-11-09;1;23
17;2025-11-09;2;0
17;2025-11-09;3;0
17;2025-11-09;4;4
17;2025-11-09;5;72
17;2025-11-09;6;419
17;2025-11-09;7;809
17;2025-11-09;8;1247
17;2025-11-09;9;1699
17;2025-11-09;10;2064
17;2025-11-09;11;2470
17;2025-11-09;12;2728
17;2025-11-09;13;2983
17;2025-11-09;14;3041
17;2025-11-09;15;3028
17;2025-11-09;16;2935
17;2025-11-09;17;2850
17;2025-11-09;18;2685
17;2025-11-09;19;2132
17;2025-11-09;20;1593
17;2025-11-09;21;1145
17;2025-11-09;22;702
17;2025-11-09;23;322
17;2025-11-10;0;116
17;2025-11-10;1;12
17;2025-11-10;2;0
17;2025-11-10;3;0
17;2025-11-10;4;25
17;2025-11-10;5;306
17;2025-11-10;6;1513
17;2025-11-10;7;4007
17;2025-11-10;8;5189
17;2025-11-10;9;3677
17;2025-11-10;10;2918
17;2025-11-10;11;2825
17;2025-11-10;12;2861
17;2025-11-10;13;2926
17;2025-11-10;14;2992
17;2025-11-10;15;3176
17;2025-11-10;16;3576
17;2025-11-10;17;4284
17;2025-11-10;18;4611
17;2025-11-10;19;3286
17;2025-11-10;20;2233
17;2025-11-10;21;1398
17;2025-11-10;22;751
17;2025-11-10;23;317
17;2025-11-11;0;114
17;2025-11-11;1;11
17;2025-11-11;2;0
17;2025-11-11;3;0
17;2025-11-11;4;24
17;2025-11-11;5;312
17;2025-11-11;6;1544
17;2025-11-11;7;4096
17;2025-11-11;8;5275
17;2025-11-11;9;3760
17;2025-11-11;10;3008
17;2025-11-11;11;2902
17;2025-11-11;12;2948
17;2025-11-11;13;2992
17;2025-11-11;14;3077
17;2025-11-11;15;3230
17;2025-11-11;16;3622
17;2025-11-11;17;4419
17;2025-11-11;18;4753
17;2025-11-11;19;3416
17;2025-11-11;20;2322
17;2025-11-11;21;1459
17;2025-11-11;22;787
17;2025-11-11;23;348
17;2025-11-12;0;123
17;2025-11-12;1;11
17;2025-11-12;2;0
17;2025-11-12;3;0
17;2025-11-12;4;25
17;2025-11-12;5;317
17;2025-11-12;6;1540
17;2025-11-12;7;4105
17;2025-11-12;8;5308
17;2025-11-12;9;3766
17;2025-11-12;10;3054
17;2025-11-12;11;2964
17;2025-11-12;12;3004
17;2025-11-12;13;3046
17;2025-11-12;14;3131
17;2025-11-12;15;3296
17;2025-11-12;16;3671
17;2025-11-12;17;4425
17;2025-11-12;18;4737
17;2025-11-12;19;3418
17;2025-11-12;20;2326
17;2025-11-12;21;1484
17;2025-11-12;22;821
17;2025-11-12;23;375
17;2025-11-13;0;129
17;2025-11-13;1;11
17;2025-11-13;2;0
17;2025-11-13;3;0
17;2025-11-13;4;24
17;2025-11-13;5;323
17;2025-11-13;6;1547
17;2025-11-13;7;4098
17;2025-11-13;8;5286
17;2025-11-13;9;3791
17;2025-11-13;10;3074
17;2025-11-13;11;2983
17;2025-11-13;12;3017
17;2025-11-13;13;3068
17;2025-11-13;14;3139
17;2025-11-13;15;3313
17;2025-11-13;16;3718
17;2025-11-13;17;4438
17;2025-11-13;18;4721
17;2025-11-13;19;3437
17;2025-11-13;20;2363
17;2025-11-13;21;1503
17;2025-11-13;22;836
17;2025-11-13;23;387
17;2025-11-14;0;138
17;2025-11-14;1;14
17;2025-11-14;2;0
17;2025-11-14;3;0
17;2025-11-14;4;26
17;2025-11-14;5;317
17;2025-11-14;6;1541
17;2025-11-14;7;4007
17;2025-11-14;8;5173
17;2025-11-14;9;3683
17;2025-11-14;10;3042
17;2025-11-14;11;2983
17;2025-11-14;12;3010
17;2025-11-14;13;3079
17;2025-11-14;14;3187
17;2025-11-14;15;3420
17;2025-11-14;16;3928
17;2025-11-14;17;4435
17;2025-11-14;18;4334
17;2025-11-14;19;3259
17;2025-11-14;20;2291
17;2025-11-14;21;1529
17;2025-11-14;22;866
17;2025-11-14;23;439
17;2025-11-15;0;184
17;2025-11-15;1;24
17;2025-11-15;2;0
17;2025-11-15;3;0
17;2025-11-15;4;8
17;2025-11-15;5;138
17;2025-11-15;6;583
17;2025-11-15;7;1266
17;2025-11-15;8;1730
17;2025-11-15;9;2117
17;2025-11-15;10;2416
17;2025-11-15;11;2802
17;2025-11-15;12;3031
17;2025-11-15;13;3223
17;2025-11-15;14;3237
17;2025-11-15;15;3267
17;2025-11-15;16;3249
17;2025-11-15;17;3137
17;2025-11-15;18;2982
17;2025-11-15;19;2393
17;2025-11-15;20;1831
17;2025-11-15;21;1329
17;2025-11-15;22;845
17;2025-11-15;23;446
17;2025-11-16;0;176
17;2025-11-16;1;23
17;2025-11-16;2;0
17;2025-11-16;3;0
17;2025-11-16;4;5
17;2025-11-16;5;85
17;2025-11-16;6;437
17;2025-11-16;7;849
17;2025-11-16;8;1310
17;2025-11-16;9;1760
17;2025-11-16;10;2126
17;2025-11-16;11;2524
17;2025-11-16;12;2771
17;2025-11-16;13;3027
17;2025-11-16;14;3085
17;2025-11-16;15;3072
17;2025-11-16;16;2975
17;2025-11-16;17;2894
17;2025-11-16;18;2731
17;2025-11-16;19;2160
17;2025-11-16;20;1614
17;2025-11-16;21;1162
17;2025-11-16;22;720
17;2025-11-16;23;339
17;2025-11-17;0;115
17;2025-11-17;1;12
17;2025-11-17;2;0
17;2025-11-17;3;0
17;2025-11-17;4;24
17;2025-11-17;5;308
17;2025-11-17;6;1518
17;2025-11-17;7;4023
17;2025-11-17;8;5223
17;2025-11-17;9;3701
17;2025-11-17;10;2939
17;2025-11-17;11;2843
17;2025-11-17;12;2874
17;2025-11-17;13;2941
17;2025-11-17;14;3005
17;2025-11-17;15;3188
17;2025-11-17;16;3590
17;2025-11-17;17;4298
17;2025-11-17;18;4634
17;2025-11-17;19;3302
17;2025-11-17;20;2246
17;2025-11-17;21;1411
17;2025-11-17;22;764
17;2025-11-17;23;326
17;2025-11-18;0;114
17;2025-11-18;1;10
17;2025-11-18;2;0
17;2025-11-18;3;0
17;2025-11-18;4;24
17;2025-11-18;5;312
17;2025-11-18;6;1542
17;2025-11-18;7;4096
17;2025-11-18;8;5283
17;2025-11-18;9;3766
17;2025-11-18;10;3006
17;2025-11-18;11;2897
17;2025-11-18;12;2942
17;2025-11-18;13;2986
17;2025-11-18;14;3072
17;2025-11-18;15;3225
17;2025-11-18;16;3618
17;2025-11-18;17;4415
17;2025-11-18;18;4758
17;2025-11-18;19;3418
17;2025-11-18;20;2322
17;2025-11-18;21;1459
17;2025-11-18;22;788
17;2025-11-18;23;349
17;2025-11-19;0;123
17;2025-11-19;1;11
17;2025-11-19;2;0
17;2025-11-19;3;0
17;2025-11-19;4;24
17;2025-11-19;5;317
17;2025-11-19;6;1538
17;2025-11-19;7;4099
17;2025-11-19;8;5307
17;2025-11-19;9;3764
17;2025-11-19;10;3051
17;2025-11-19;11;2962
17;2025-11-19;12;3001
17;2025-11-19;13;3043
17;2025-11-19;14;3127
17;2025-11-19;15;3291
17;2025-11-19;16;3667
17;2025-11-19;17;4422
17;2025-11-19;18;4739
17;2025-11-19;19;3417
17;2025-11-19;20;2326
17;2025-11-19;21;1485
17;2025-11-19;22;822
17;2025-11-19;23;376
17;2025-11-20;0;129
17;2025-11-20;1;11
17;2025-11-20;2;0
17;2025-11-20;3;0
17;2025-11-20;4;24
17;2025-11-20;5;322
17;2025-11-20;6;1545
17;2025-11-20;7;4094
17;2025-11-20;8;5286
17;2025-11-20;9;3790
17;2025-11-20;10;3073
17;2025-11-20;11;2983
17;2025-11-20;12;3016
17;2025-11-20;13;3067
17;2025-11-20;14;3137
17;2025-11-20;15;3309
17;2025-11-20;16;3715
17;2025-11-20;17;4436
17;2025-11-20;18;4722
17;2025-11-20;19;3435
17;2025-11-20;20;2363
17;2025-11-20;21;1503
17;2025-11-20;22;837
17;2025-11-20;23;387
17;2025-11-21;0;139
17;2025-11-21;1;14
17;2025-11-21;2;0
17;2025-11-21;3;0
17;2025-11-21;4;26
17;2025-11-21;5;317
17;2025-11-21;6;1540
17;2025-11-21;7;3998
17;2025-11-21;8;5166
17;2025-11-21;9;3677
17;2025-11-21;10;3041
17;2025-11-21;11;2987
17;2025-11-21;12;3011
17;2025-11-21;13;3081
17;2025-11-21;14;3191
17;2025-11-21;15;3423
17;2025-11-21;16;3933
17;2025-11-21;17;4438
17;2025-11-21;18;4335
17;2025-11-21;19;3260
17;2025-11-21;20;2292
17;2025-11-21;21;1530
17;2025-11-21;22;867
17;2025-11-21;23;438
17;2025-11-22;0;186
17;2025-11-22;1;24
17;2025-11-22;2;0
17;2025-11-22;3;0
17;2025-11-22;4;8
17;2025-11-22;5;136
17;2025-11-22;6;581
17;2025-11-22;7;1265
17;2025-11-22;8;1723
17;2025-11-22;9;2110
17;2025-11-22;10;2412
17;2025-11-22;11;2801
17;2025-11-22;12;3031
17;2025-11-22;13;3224
17;2025-11-22;14;3241
17;2025-11-22;15;3270
17;2025-11-22;16;3254
17;2025-11-22;17;3144
17;2025-11-22;18;2988
17;2025-11-22;19;2388
17;2025-11-22;20;1827
17;2025-11-22;21;1324
17;2025-11-22;22;840
17;2025-11-22;23;442
17;2025-11-23;0;180
17;2025-11-23;1;23
17;2025-11-23;2;0
17;2025-11-23;3;0
17;2025-11-23;4;5
17;2025-11-23;5;84
17;2025-11-23;6;434
17;2025-11-23;7;833
17;2025-11-23;8;1294
17;2025-11-23;9;1743
17;2025-11-23;10;2104
17;2025-11-23;11;2512
17;2025-11-23;12;2758
17;2025-11-23;13;3016
17;2025-11-23;14;3073
17;2025-11-23;15;3066
17;2025-11-23;16;2971
17;2025-11-23;17;2882
17;2025-11-23;18;2719
17;2025-11-23;19;2157
17;2025-11-23;20;1612
17;2025-11-23;21;1161
17;2025-11-23;22;715
17;2025-11-23;23;335
17;2025-11-24;0;117
17;2025-11-24;1;12
17;2025-11-24;2;0
17;2025-11-24;3;0
17;2025-11-24;4;24
17;2025-11-24;5;302
17;2025-11-24;6;1509
17;2025-11-24;7;4001
17;2025-11-24;8;5203
17;2025-11-24;9;3688
17;2025-11-24;10;2933
17;2025-11-24;11;2841
17;2025-11-24;12;2873
17;2025-11-24;13;2941
17;2025-11-24;14;3007
17;2025-11-24;15;3187
17;2025-11-24;16;3590
17;2025-11-24;17;4297
17;2025-11-24;18;4630
17;2025-11-24;19;3295
17;2025-11-24;20;2243
17;2025-11-24;21;1406
17;2025-11-24;22;759
17;2025-11-24;23;321
17;2025-11-25;0;114
17;2025-11-25;1;10
17;2025-11-25;2;0
17;2025-11-25;3;0
17;2025-11-25;4;24
17;2025-11-25;5;308
17;2025-11-25;6;1537
17;2025-11-25;7;4077
17;2025-11-25;8;5261
17;2025-11-25;9;3747
17;2025-11-25;10;2996
17;2025-11-25;11;2886
17;2025-11-25;12;2932
17;2025-11-25;13;2977
17;2025-11-25;14;3064
17;2025-11-25;15;3215
17;2025-11-25;16;3609
17;2025-11-25;17;4406
17;2025-11-25;18;4749
17;2025-11-25;19;3409
17;2025-11-25;20;2316
17;2025-11-25;21;1454
17;2025-11-25;22;784
17;2025-11-25;23;344
17;2025-11-26;0;123
17;2025-11-26;1;11
17;2025-11-26;2;0
17;2025-11-26;3;0
17;2025-11-26;4;24
17;2025-11-26;5;318
17;2025-11-26;6;1538
17;2025-11-26;7;4085
17;2025-11-26;8;5290
17;2025-11-26;9;3752
17;2025-11-26;10;3046
17;2025-11-26;11;2955
17;2025-11-26;12;2993
17;2025-11-26;13;3033
17;2025-11-26;14;3117
17;2025-11-26;15;3280
17;2025-11-26;16;3657
17;2025-11-26;17;4412
17;2025-11-26;18;4732
17;2025-11-26;19;3410
17;2025-11-26;20;2323
17;2025-11-26;21;1482
17;2025-11-26;22;821
17;2025-11-26;23;377
17;2025-11-27;0;129
17;2025-11-27;1;11
17;2025-11-27;2;0
17;2025-11-27;3;0
17;2025-11-27;4;24
17;2025-11-27;5;324
17;2025-11-27;6;1547
17;2025-11-27;7;4080
17;2025-11-27;8;5270
17;2025-11-27;9;3778
17;2025-11-27;10;3068
17;2025-11-27;11;2976
17;2025-11-27;12;3009
17;2025-11-27;13;3058
17;2025-11-27;14;3128
17;2025-11-27;15;3299
17;2025-11-27;16;3705
17;2025-11-27;17;4427
17;2025-11-27;18;4713
17;2025-11-27;19;3429
17;2025-11-27;20;2360
17;2025-11-27;21;1502
17;2025-11-27;22;836
17;2025-11-27;23;388
17;2025-11-28;0;139
17;2025-11-28;1;14
17;2025-11-28;2;0
17;2025-11-28;3;0
17;2025-11-28;4;25
17;2025-11-28;5;320
17;2025-11-28;6;1542
17;2025-11-28;7;3992
17;2025-11-28;8;5157
17;2025-11-28;9;3671
17;2025-11-28;10;3034
17;2025-11-28;11;2977
17;2025-11-28;12;3002
17;2025-11-28;13;3070
17;2025-11-28;14;3178
17;2025-11-28;15;3408
17;2025-11-28;16;3918
17;2025-11-28;17;4427
17;2025-11-28;18;4331
17;2025-11-28;19;3259
17;2025-11-28;20;2292
17;2025-11-28;21;1531
17;2025-11-28;22;867
17;2025-11-28;23;439
17;2025-11-29;0;186
17;2025-11-29;1;23
17;2025-11-29;2;0
17;2025-11-29;3;0
17;2025-11-29;4;8
17;2025-11-29;5;138
17;2025-11-29;6;584
17;2025-11-29;7;1263
17;2025-11-29;8;1715
17;2025-11-29;9;2099
17;2025-11-29;10;2395
17;2025-11-29;11;2780
17;2025-11-29;12;3005
17;2025-11-29;13;3194
17;2025-11-29;14;3213
17;2025-11-29;15;3242
17;2025-11-29;16;3227
17;2025-11-29;17;3118
17;2025-11-29;18;2963
17;2025-11-29;19;2371
17;2025-11-29;20;1813
17;2025-11-29;21;1312
17;2025-11-29;22;835
17;2025-11-29;23;438
17;2025-11-30;0;179
17;2025-11-30;1;23
17;2025-11-30;2;0
17;2025-11-30;3;0
17;2025-11-30;4;4
17;2025-11-30;5;85
17;2025-11-30;6;434
17;2025-11-30;7;827
17;2025-11-30;8;1279
17;2025-11-30;9;1726
17;2025-11-30;10;2083
17;2025-11-30;11;2480
17;2025-11-30;12;2723
17;2025-11-30;13;2977
17;2025-11-30;14;3037
17;2025-11-30;15;3023
17;2025-11-30;16;2928
17;2025-11-30;17;2855
17;2025-11-30;18;2694
17;2025-11-30;19;2140
17;2025-11-30;20;1597
17;2025-11-30;21;1148
17;2025-11-30;22;710
17;2025-11-30;23;329
17;2025-12-01;0;113
17;2025-12-01;1;11
17;2025-12-01;2;0
17;2025-12-01;3;0
17;2025-12-01;4;25
17;2025-12-01;5;301
17;2025-12-01;6;1502
17;2025-12-01;7;3865
17;2025-12-01;8;5068
17;2025-12-01;9;3634
17;2025-12-01;10;2879
17;2025-12-01;11;2780
17;2025-12-01;12;2809
17;2025-12-01;13;2873
17;2025-12-01;14;2936
17;2025-12-01;15;3119
17;2025-12-01;16;3520
17;2025-12-01;17;4243
17;2025-12-01;18;4597
17;2025-12-01;19;3295
17;2025-12-01;20;2234
17;2025-12-01;21;1410
17;2025-12-01;22;776
17;2025-12-01;23;320
17;2025-12-02;0;111
17;2025-12-02;1;10
17;2025-12-02;2;0
17;2025-12-02;3;0
17;2025-12-02;4;24
17;2025-12-02;5;307
17;2025-12-02;6;1529
17;2025-12-02;7;3935
17;2025-12-02;8;5128
17;2025-12-02;9;3698
17;2025-12-02;10;2952
17;2025-12-02;11;2839
17;2025-12-02;12;2882
17;2025-12-02;13;2924
17;2025-12-02;14;3007
17;2025-12-02;15;3160
17;2025-12-02;16;3552
17;2025-12-02;17;4354
17;2025-12-02;18;4711
17;2025-12-02;19;3415
17;2025-12-02;20;2313
17;2025-12-02;21;1462
17;2025-12-02;22;805
17;2025-12-02;23;345
17;2025-12-03;0;120
17;2025-12-03;1;10
17;2025-12-03;2;0
17;2025-12-03;3;0
17;2025-12-03;4;25
17;2025-12-03;5;313
17;2025-12-03;6;1526
17;2025-12-03;7;3945
17;2025-12-03;8;5167
17;2025-12-03;9;3711
17;2025-12-03;10;3014
17;2025-12-03;11;2920
17;2025-12-03;12;2957
17;2025-12-03;13;2997
17;2025-12-03;14;3078
17;2025-12-03;15;3242
17;2025-12-03;16;3617
17;2025-12-03;17;4372
17;2025-12-03;18;4701
17;2025-12-03;19;3417
17;2025-12-03;20;2321
17;2025-12-03;21;1490
17;2025-12-03;22;842
17;2025-12-03;23;378
17;2025-12-04;0;127
17;2025-12-04;1;11
17;2025-12-04;2;0
17;2025-12-04;3;0
17;2025-12-04;4;25
17;2025-12-04;5;323
17;2025-12-04;6;1538
17;2025-12-04;7;3943
17;2025-12-04;8;5148
17;2025-12-04;9;3740
17;2025-12-04;10;3038
17;2025-12-04;11;2943
17;2025-12-04;12;2975
17;2025-12-04;13;3023
17;2025-12-04;14;3092
17;2025-12-04;15;3265
17;2025-12-04;16;3671
17;2025-12-04;17;4393
17;2025-12-04;18;4689
17;2025-12-04;19;3444
17;2025-12-04;20;2367
17;2025-12-04;21;1515
17;2025-12-04;22;860
17;2025-12-04;23;390
17;2025-12-05;0;136
17;2025-12-05;1;13
17;2025-12-05;2;0
17;2025-12-05;3;0
17;2025-12-05;4;25
17;2025-12-05;5;316
17;2025-12-05;6;1530
17;2025-12-05;7;3857
17;2025-12-05;8;5038
17;2025-12-05;9;3633
17;2025-12-05;10;3004
17;2025-12-05;11;2947
17;2025-12-05;12;2970
17;2025-12-05;13;3039
17;2025-12-05;14;3143
17;2025-12-05;15;3374
17;2025-12-05;16;3879
17;2025-12-05;17;4398
17;2025-12-05;18;4313
17;2025-12-05;19;3270
17;2025-12-05;20;2297
17;2025-12-05;21;1546
17;2025-12-05;22;891
17;2025-12-05;23;437
17;2025-12-06;0;184
17;2025-12-06;1;23
17;2025-12-06;2;0
17;2025-12-06;3;0
17;2025-12-06;4;3
17;2025-12-06;5;122
17;2025-12-06;6;558
17;2025-12-06;7;1168
17;2025-12-06;8;1624
17;2025-12-06;9;2001
17;2025-12-06;10;2305
17;2025-12-06;11;2692
17;2025-12-06;12;2918
17;2025-12-06;13;3107
17;2025-12-06;14;3124
17;2025-12-06;15;3153
17;2025-12-06;16;3135
17;2025-12-06;17;3034
17;2025-12-06;18;2887
17;2025-12-06;19;2362
17;2025-12-06;20;1804
17;2025-12-06;21;1316
17;2025-12-06;22;846
17;2025-12-06;23;432
17;2025-12-07;0;177
17;2025-12-07;1;23
17;2025-12-07;2;0
17;2025-12-07;3;0
17;2025-12-07;4;1
17;2025-12-07;5;71
17;2025-12-07;6;413
17;2025-12-07;7;750
17;2025-12-07;8;1201
17;2025-12-07;9;1647
17;2025-12-07;10;2006
17;2025-12-07;11;2409
17;2025-12-07;12;2655
17;2025-12-07;13;2911
17;2025-12-07;14;2965
17;2025-12-07;15;2952
17;2025-12-07;16;2854
17;2025-12-07;17;2778
17;2025-12-07;18;2625
17;2025-12-07;19;2132
17;2025-12-07;20;1589
17;2025-12-07;21;1150
17;2025-12-07;22;721
17;2025-12-07;23;324
17;2025-12-08;0;113
17;2025-12-08;1;11
17;2025-12-08;2;0
17;2025-12-08;3;0
17;2025-12-08;4;25
17;2025-12-08;5;303
17;2025-12-08;6;1506
17;2025-12-08;7;3881
17;2025-12-08;8;5094
17;2025-12-08;9;3658
17;2025-12-08;10;2905
17;2025-12-08;11;2814
17;2025-12-08;12;2845
17;2025-12-08;13;2911
17;2025-12-08;14;2969
17;2025-12-08;15;3153
17;2025-12-08;16;3554
17;2025-12-08;17;4270
17;2025-12-08;18;4610
17;2025-12-08;19;3308
17;2025-12-08;20;2247
17;2025-12-08;21;1420
17;2025-12-08;22;783
17;2025-12-08;23;326
17;2025-12-09;0;112
17;2025-12-09;1;10
17;2025-12-09;2;0
17;2025-12-09;3;0
17;2025-12-09;4;24
17;2025-12-09;5;311
17;2025-12-09;6;1535
17;2025-12-09;7;3957
17;2025-12-09;8;5159
17;2025-12-09;9;3728
17;2025-12-09;10;2985
17;2025-12-09;11;2877
17;2025-12-09;12;2922
17;2025-12-09;13;2965
17;2025-12-09;14;3046
17;2025-12-09;15;3200
17;2025-12-09;16;3591
17;2025-12-09;17;4388
17;2025-12-09;18;4736
17;2025-12-09;19;3434
17;2025-12-09;20;2331
17;2025-12-09;21;1477
17;2025-12-09;22;813
17;2025-12-09;23;352
17;2025-12-10;0;121
17;2025-12-10;1;11
17;2025-12-10;2;0
17;2025-12-10;3;0
17;2025-12-10;4;25
17;2025-12-10;5;316
17;2025-12-10;6;1533
17;2025-12-10;7;3966
17;2025-12-10;8;5188
17;2025-12-10;9;3729
17;2025-12-10;10;3033
17;2025-12-10;11;2944
17;2025-12-10;12;2981
17;2025-12-10;13;3023
17;2025-12-10;14;3101
17;2025-12-10;15;3266
17;2025-12-10;16;3640
17;2025-12-10;17;4396
17;2025-12-10;18;4716
17;2025-12-10;19;3432
17;2025-12-10;20;2335
17;2025-12-10;21;1502
17;2025-12-10;22;847
17;2025-12-10;23;380
17;2025-12-11;0;127
17;2025-12-11;1;11
17;2025-12-11;2;0
17;2025-12-11;3;0
17;2025-12-11;4;25
17;2025-12-11;5;322
17;2025-12-11;6;1539
17;2025-12-11;7;3958
17;2025-12-11;8;5164
17;2025-12-11;9;3752
17;2025-12-11;10;3052
17;2025-12-11;11;2962
17;2025-12-11;12;2992
17;2025-12-11;13;3043
17;2025-12-11;14;3109
17;2025-12-11;15;3284
17;2025-12-11;16;3689
17;2025-12-11;17;4411
17;2025-12-11;18;4701
17;2025-12-11;19;3452
17;2025-12-11;20;2373
17;2025-12-11;21;1520
17;2025-12-11;22;862
17;2025-12-11;23;392
17;2025-12-12;0;136
17;2025-12-12;1;14
17;2025-12-12;2;0
17;2025-12-12;3;0
17;2025-12-12;4;25
17;2025-12-12;5;314
17;2025-12-12;6;1529
17;2025-12-12;7;3866
17;2025-12-12;8;5049
17;2025-12-12;9;3639
17;2025-12-12;10;3013
17;2025-12-12;11;2958
17;2025-12-12;12;2980
17;2025-12-12;13;3051
17;2025-12-12;14;3156
17;2025-12-12;15;3389
17;2025-12-12;16;3896
17;2025-12-12;17;4408
17;2025-12-12;18;4313
17;2025-12-12;19;3269
17;2025-12-12;20;2295
17;2025-12-12;21;1544
17;2025-12-12;22;891
17;2025-12-12;23;437
17;2025-12-13;0;184
17;2025-12-13;1;23
17;2025-12-13;2;0
17;2025-12-13;3;0
17;2025-12-13;4;4
17;2025-12-13;5;123
17;2025-12-13;6;561
17;2025-12-13;7;1177
17;2025-12-13;8;1637
17;2025-12-13;9;2014
17;2025-12-13;10;2318
17;2025-12-13;11;2708
17;2025-12-13;12;2934
17;2025-12-13;13;3125
17;2025-12-13;14;3143
17;2025-12-13;15;3173
17;2025-12-13;16;3154
17;2025-12-13;17;3051
17;2025-12-13;18;2901
17;2025-12-13;19;2371
17;2025-12-13;20;1810
17;2025-12-13;21;1322
17;2025-12-13;22;848
17;2025-12-13;23;432
17;2025-12-14;0;177
17;2025-12-14;1;23
17;2025-12-14;2;0
17;2025-12-14;3;0
17;2025-12-14;4;1
17;2025-12-14;5;73
17;2025-12-14;6;416
17;2025-12-14;7;763
17;2025-12-14;8;1214
17;2025-12-14;9;1660
17;2025-12-14;10;2015
17;2025-12-14;11;2416
17;2025-12-14;12;2662
17;2025-12-14;13;2918
17;2025-12-14;14;2975
17;2025-12-14;15;2965
17;2025-12-14;16;2866
17;2025-12-14;17;2790
17;2025-12-14;18;2639
17;2025-12-14;19;2142
17;2025-12-14;20;1598
17;2025-12-14;21;1158
17;2025-12-14;22;722
17;2025-12-14;23;326
17;2025-12-15;0;113
17;2025-12-15;1;11
17;2025-12-15;2;0
17;2025-12-15;3;0
17;2025-12-15;4;25
17;2025-12-15;5;303
17;2025-12-15;6;1506
17;2025-12-15;7;3893
17;2025-12-15;8;5112
17;2025-12-15;9;3671
17;2025-12-15;10;2914
17;2025-12-15;11;2818
17;2025-12-15;12;2848
17;2025-12-15;13;2914
17;2025-12-15;14;2978
17;2025-12-15;15;3162
17;2025-12-15;16;3564
17;2025-12-15;17;4280
17;2025-12-15;18;4626
17;2025-12-15;19;3316
17;2025-12-15;20;2254
17;2025-12-15;21;1424
17;2025-12-15;22;786
17;2025-12-15;23;325
17;2025-12-16;0;112
17;2025-12-16;1;10
17;2025-12-16;2;0
17;2025-12-16;3;0
17;2025-12-16;4;24
17;2025-12-16;5;312
17;2025-12-16;6;1537
17;2025-12-16;7;3973
17;2025-12-16;8;5188
17;2025-12-16;9;3752
17;2025-12-16;10;3006
17;2025-12-16;11;2895
17;2025-12-16;12;2939
17;2025-12-16;13;2982
17;2025-12-16;14;3071
17;2025-12-16;15;3225
17;2025-12-16;16;3612
17;2025-12-16;17;4407
17;2025-12-16;18;4755
17;2025-12-16;19;3444
17;2025-12-16;20;2341
17;2025-12-16;21;1483
17;2025-12-16;22;820
17;2025-12-16;23;357
17;2025-12-17;0;121
17;2025-12-17;1;11
17;2025-12-17;2;0
17;2025-12-17;3;0
17;2025-12-17;4;25
17;2025-12-17;5;317
17;2025-12-17;6;1532
17;2025-12-17;7;3974
17;2025-12-17;8;5208
17;2025-12-17;9;3747
17;2025-12-17;10;3045
17;2025-12-17;11;2953
17;2025-12-17;12;2988
17;2025-12-17;13;3030
17;2025-12-17;14;3116
17;2025-12-17;15;3282
17;2025-12-17;16;3649
17;2025-12-17;17;4402
17;2025-12-17;18;4724
17;2025-12-17;19;3436
17;2025-12-17;20;2338
17;2025-12-17;21;1502
17;2025-12-17;22;850
17;2025-12-17;23;383
17;2025-12-18;0;127
17;2025-12-18;1;11
17;2025-12-18;2;0
17;2025-12-18;3;0
17;2025-12-18;4;25
17;2025-12-18;5;322
17;2025-12-18;6;1539
17;2025-12-18;7;3960
17;2025-12-18;8;5175
17;2025-12-18;9;3762
17;2025-12-18;10;3053
17;2025-12-18;11;2960
17;2025-12-18;12;2990
17;2025-12-18;13;3041
17;2025-12-18;14;3109
17;2025-12-18;15;3281
17;2025-12-18;16;3686
17;2025-12-18;17;4408
17;2025-12-18;18;4702
17;2025-12-18;19;3450
17;2025-12-18;20;2371
17;2025-12-18;21;1519
17;2025-12-18;22;863
17;2025-12-18;23;388
17;2025-12-19;0;136
17;2025-12-19;1;13
17;2025-12-19;2;0
17;2025-12-19;3;0
17;2025-12-19;4;24
17;2025-12-19;5;316
17;2025-12-19;6;1532
17;2025-12-19;7;3872
17;2025-12-19;8;5059
17;2025-12-19;9;3650
17;2025-12-19;10;3019
17;2025-12-19;11;2967
17;2025-12-19;12;2987
17;2025-12-19;13;3058
17;2025-12-19;14;3164
17;2025-12-19;15;3397
17;2025-12-19;16;3904
17;2025-12-19;17;4415
17;2025-12-19;18;4321
17;2025-12-19;19;3276
17;2025-12-19;20;2300
17;2025-12-19;21;1549
17;2025-12-19;22;895
17;2025-12-19;23;439
17;2025-12-20;0;185
17;2025-12-20;1;23
17;2025-12-20;2;0
17;2025-12-20;3;0
17;2025-12-20;4;4
17;2025-12-20;5;124
17;2025-12-20;6;561
17;2025-12-20;7;1182
17;2025-12-20;8;1647
17;2025-12-20;9;2024
17;2025-12-20;10;2329
17;2025-12-20;11;2720
17;2025-12-20;12;2945
17;2025-12-20;13;3136
17;2025-12-20;14;3152
17;2025-12-20;15;3182
17;2025-12-20;16;3162
17;2025-12-20;17;3060
17;2025-12-20;18;2912
17;2025-12-20;19;2378
17;2025-12-20;20;1818
17;2025-12-20;21;1328
17;2025-12-20;22;855
17;2025-12-20;23;438
17;2025-12-21;0;178
17;2025-12-21;1;23
17;2025-12-21;2;0
17;2025-12-21;3;0
17;2025-12-21;4;1
17;2025-12-21;5;73
17;2025-12-21;6;415
17;2025-12-21;7;757
17;2025-12-21;8;1211
17;2025-12-21;9;1657
17;2025-12-21;10;2018
17;2025-12-21;11;2419
17;2025-12-21;12;2665
17;2025-12-21;13;2921
17;2025-12-21;14;2980
17;2025-12-21;15;2968
17;2025-12-21;16;2868
17;2025-12-21;17;2793
17;2025-12-21;18;2639
17;2025-12-21;19;2141
17;2025-12-21;20;1599
17;2025-12-21;21;1159
17;2025-12-21;22;726
17;2025-12-21;23;328
17;2025-12-22;0;114
17;2025-12-22;1;12
17;2025-12-22;2;0
17;2025-12-22;3;0
17;2025-12-22;4;25
17;2025-12-22;5;304
17;2025-12-22;6;1506
17;2025-12-22;7;3887
17;2025-12-22;8;5102
17;2025-12-22;9;3664
17;2025-12-22;10;2912
17;2025-12-22;11;2819
17;2025-12-22;12;2850
17;2025-12-22;13;2915
17;2025-12-22;14;2975
17;2025-12-22;15;3158
17;2025-12-22;16;3560
17;2025-12-22;17;4277
17;2025-12-22;18;4624
17;2025-12-22;19;3313
17;2025-12-22;20;2252
17;2025-12-22;21;1425
17;2025-12-22;22;788
17;2025-12-22;23;329
17;2025-12-23;0;112
17;2025-12-23;1;10
17;2025-12-23;2;0
17;2025-12-23;3;0
17;2025-12-23;4;24
17;2025-12-23;5;311
17;2025-12-23;6;1536
17;2025-12-23;7;3958
17;2025-12-23;8;5164
17;2025-12-23;9;3732
17;2025-12-23;10;2990
17;2025-12-23;11;2880
17;2025-12-23;12;2924
17;2025-12-23;13;2968
17;2025-12-23;14;3052
17;2025-12-23;15;3205
17;2025-12-23;16;3596
17;2025-12-23;17;4393
17;2025-12-23;18;4745
17;2025-12-23;19;3437
17;2025-12-23;20;2334
17;2025-12-23;21;1481
17;2025-12-23;22;818
17;2025-12-23;23;356
17;2025-12-24;0;122
17;2025-12-24;1;11
17;2025-12-24;2;0
17;2025-12-24;3;0
17;2025-12-24;4;25
17;2025-12-24;5;317
17;2025-12-24;6;1532
17;2025-12-24;7;3965
17;2025-12-24;8;5190
17;2025-12-24;9;3735
17;2025-12-24;10;3037
17;2025-12-24;11;2944
17;2025-12-24;12;2980
17;2025-12-24;13;3021
17;2025-12-24;14;3102
17;2025-12-24;15;3270
17;2025-12-24;16;3644
17;2025-12-24;17;4401
17;2025-12-24;18;4727
17;2025-12-24;19;3430
17;2025-12-24;20;2333
17;2025-12-24;21;1501
17;2025-12-24;22;850
17;2025-12-24;23;381
17;2025-12-25;0;128
17;2025-12-25;1;11
17;2025-12-25;2;0
17;2025-12-25;3;0
17;2025-12-25;4;20
17;2025-12-25;5;322
17;2025-12-25;6;1535
17;2025-12-25;7;3906
17;2025-12-25;8;5096
17;2025-12-25;9;3747
17;2025-12-25;10;3066
17;2025-12-25;11;2974
17;2025-12-25;12;3006
17;2025-12-25;13;3052
17;2025-12-25;14;3122
17;2025-12-25;15;3296
17;2025-12-25;16;3679
17;2025-12-25;17;4387
17;2025-12-25;18;4656
17;2025-12-25;19;3437
17;2025-12-25;20;2374
17;2025-12-25;21;1522
17;2025-12-25;22;871
17;2025-12-25;23;396
17;2025-12-26;0;136
17;2025-12-26;1;13
17;2025-12-26;2;0
17;2025-12-26;3;0
17;2025-12-26;4;18
17;2025-12-26;5;317
17;2025-12-26;6;1526
17;2025-12-26;7;3822
17;2025-12-26;8;5008
17;2025-12-26;9;3654
17;2025-12-26;10;3035
17;2025-12-26;11;2972
17;2025-12-26;12;2994
17;2025-12-26;13;3058
17;2025-12-26;14;3163
17;2025-12-26;15;3391
17;2025-12-26;16;3884
17;2025-12-26;17;4383
17;2025-12-26;18;4290
17;2025-12-26;19;3249
17;2025-12-26;20;2292
17;2025-12-26;21;1541
17;2025-12-26;22;893
17;2025-12-26;23;433
17;2025-12-27;0;183
17;2025-12-27;1;22
17;2025-12-27;2;0
17;2025-12-27;3;0
17;2025-12-27;4;3
17;2025-12-27;5;123
17;2025-12-27;6;550
17;2025-12-27;7;1134
17;2025-12-27;8;1578
17;2025-12-27;9;1976
17;2025-12-27;10;2274
17;2025-12-27;11;2642
17;2025-12-27;12;2863
17;2025-12-27;13;3046
17;2025-12-27;14;3076
17;2025-12-27;15;3100
17;2025-12-27;16;3076
17;2025-12-27;17;2975
17;2025-12-27;18;2823
17;2025-12-27;19;2330
17;2025-12-27;20;1787
17;2025-12-27;21;1304
17;2025-12-27;22;839
17;2025-12-27;23;431
17;2025-12-28;0;175
17;2025-12-28;1;21
17;2025-12-28;2;0
17;2025-12-28;3;0
17;2025-12-28;4;1
17;2025-12-28;5;79
17;2025-12-28;6;399
17;2025-12-28;7;724
17;2025-12-28;8;1174
17;2025-12-28;9;1591
17;2025-12-28;10;1945
17;2025-12-28;11;2326
17;2025-12-28;12;2564
17;2025-12-28;13;2812
17;2025-12-28;14;2879
17;2025-12-28;15;2862
17;2025-12-28;16;2760
17;2025-12-28;17;2686
17;2025-12-28;18;2527
17;2025-12-28;19;2084
17;2025-12-28;20;1568
17;2025-12-28;21;1136
17;2025-12-28;22;711
17;2025-12-28;23;323
17;2025-12-29;0;107
17;2025-12-29;1;11
17;2025-12-29;2;0
17;2025-12-29;3;0
17;2025-12-29;4;21
17;2025-12-29;5;295
17;2025-12-29;6;1425
17;2025-12-29;7;3629
17;2025-12-29;8;4801
17;2025-12-29;9;3483
17;2025-12-29;10;2789
17;2025-12-29;11;2704
17;2025-12-29;12;2737
17;2025-12-29;13;2788
17;2025-12-29;14;2839
17;2025-12-29;15;3011
17;2025-12-29;16;3375
17;2025-12-29;17;4035
17;2025-12-29;18;4329
17;2025-12-29;19;3128
17;2025-12-29;20;2137
17;2025-12-29;21;1358
17;2025-12-29;22;753
17;2025-12-29;23;321
17;2025-12-30;0;102
17;2025-12-30;1;9
17;2025-12-30;2;0
17;2025-12-30;3;0
17;2025-12-30;4;18
17;2025-12-30;5;285
17;2025-12-30;6;1398
17;2025-12-30;7;3558
17;2025-12-30;8;4694
17;2025-12-30;9;3431
17;2025-12-30;10;2765
17;2025-12-30;11;2670
17;2025-12-30;12;2715
17;2025-12-30;13;2748
17;2025-12-30;14;2821
17;2025-12-30;15;2957
17;2025-12-30;16;3298
17;2025-12-30;17;3998
17;2025-12-30;18;4266
17;2025-12-30;19;3129
17;2025-12-30;20;2134
17;2025-12-30;21;1370
17;2025-12-30;22;766
17;2025-12-30;23;339
17;2025-12-31;0;122
17;2025-12-31;1;10
17;2025-12-31;2;0
17;2025-12-31;3;0
17;2025-12-31;4;3
17;2025-12-31;5;25
17;2025-12-31;6;487
17;2025-12-31;7;1089
17;2025-12-31;8;1506
17;2025-12-31;9;1697
17;2025-12-31;10;1733
17;2025-12-31;11;2064
17;2025-12-31;12;2058
17;2025-12-31;13;2170
17;2025-12-31;14;2237
17;2025-12-31;15;2255
17;2025-12-31;16;2350
17;2025-12-31;17;2399
17;2025-12-31;18;1892
17;2025-12-31;19;1532
17;2025-12-31;20;1185
17;2025-12-31;21;820
17;2025-12-31;22;481
17;2025-12-31;23;305
25;2025-11-01;0;13
25;2025-11-01;1;10
25;2025-11-01;2;10
25;2025-11-01;3;10
25;2025-11-01;4;14
25;2025-11-01;5;33
25;2025-11-01;6;183
25;2025-11-01;7;402
25;2025-11-01;8;689
25;2025-11-01;9;452
25;2025-11-01;10;404
25;2025-11-01;11;448
25;2025-11-01;12;479
25;2025-11-01;13;573
25;2025-11-01;14;582
25;2025-11-01;15;675
25;2025-11-01;16;721
25;2025-11-01;17;711
25;2025-11-01;18;682
25;2025-11-01;19;495
25;2025-11-01;20;336
25;2025-11-01;21;240
25;2025-11-01;22;121
25;2025-11-01;23;42
25;2025-11-02;0;11
25;2025-11-02;1;0
25;2025-11-02;2;0
25;2025-11-02;3;1
25;2025-11-02;4;5
25;2025-11-02;5;10
25;2025-11-02;6;51
25;2025-11-02;7;60
25;2025-11-02;8;143
25;2025-11-02;9;159
25;2025-11-02;10;173
25;2025-11-02;11;245
25;2025-11-02;12;301
25;2025-11-02;13;394
25;2025-11-02;14;452
25;2025-11-02;15;515
25;2025-11-02;16;455
25;2025-11-02;17;398
25;2025-11-02;18;349
25;2025-11-02;19;266
25;2025-11-02;20;202
25;2025-11-02;21;165
25;2025-11-02;22;100
25;2025-11-02;23;42
25;2025-11-03;0;12
25;2025-11-03;1;2
25;2025-11-03;2;2
25;2025-11-03;3;1
25;2025-11-03;4;5
25;2025-11-03;5;3
25;2025-11-03;6;46
25;2025-11-03;7;116
25;2025-11-03;8;189
25;2025-11-03;9;152
25;2025-11-03;10;149
25;2025-11-03;11;235
25;2025-11-03;12;276
25;2025-11-03;13;372
25;2025-11-03;14;362
25;2025-11-03;15;389
25;2025-11-03;16;431
25;2025-11-03;17;390
25;2025-11-03;18;396
25;2025-11-03;19;308
25;2025-11-03;20;213
25;2025-11-03;21;160
25;2025-11-03;22;85
25;2025-11-03;23;43
25;2025-11-04;0;7
25;2025-11-04;1;2
25;2025-11-04;2;2
25;2025-11-04;3;2
25;2025-11-04;4;6
25;2025-11-04;5;1
25;2025-11-04;6;11
25;2025-11-04;7;73
25;2025-11-04;8;133
25;2025-11-04;9;109
25;2025-11-04;10;116
25;2025-11-04;11;192
25;2025-11-04;12;234
25;2025-11-04;13;319
25;2025-11-04;14;336
25;2025-11-04;15;373
25;2025-11-04;16;370
25;2025-11-04;17;304
25;2025-11-04;18;292
25;2025-11-04;19;252
25;2025-11-04;20;198
25;2025-11-04;21;149
25;2025-11-04;22;66
25;2025-11-04;23;44
25;2025-11-05;0;0
25;2025-11-05;1;0
25;2025-11-05;2;0
25;2025-11-05;3;0
25;2025-11-05;4;0
25;2025-11-05;5;3
25;2025-11-05;6;154
25;2025-11-05;7;477
25;2025-11-05;8;874
25;2025-11-05;9;427
25;2025-11-05;10;314
25;2025-11-05;11;364
25;2025-11-05;12;380
25;2025-11-05;13;457
25;2025-11-05;14;395
25;2025-11-05;15;492
25;2025-11-05;16;604
25;2025-11-05;17;701
25;2025-11-05;18;752
25;2025-11-05;19;511
25;2025-11-05;20;308
25;2025-11-05;21;191
25;2025-11-05;22;82
25;2025-11-05;23;1
25;2025-11-06;0;0
25;2025-11-06;1;0
25;2025-11-06;2;0
25;2025-11-06;3;0
25;2025-11-06;4;0
25;2025-11-06;5;5
25;2025-11-06;6;157
25;2025-11-06;7;493
25;2025-11-06;8;868
25;2025-11-06;9;428
25;2025-11-06;10;318
25;2025-11-06;11;366
25;2025-11-06;12;382
25;2025-11-06;13;450
25;2025-11-06;14;442
25;2025-11-06;15;513
25;2025-11-06;16;628
25;2025-11-06;17;686
25;2025-11-06;18;747
25;2025-11-06;19;500
25;2025-11-06;20;304
25;2025-11-06;21;184
25;2025-11-06;22;87
25;2025-11-06;23;1
25;2025-11-07;0;0
25;2025-11-07;1;0
25;2025-11-07;2;0
25;2025-11-07;3;0
25;2025-11-07;4;0
25;2025-11-07;5;7
25;2025-11-07;6;174
25;2025-11-07;7;493
25;2025-11-07;8;848
25;2025-11-07;9;422
25;2025-11-07;10;343
25;2025-11-07;11;397
25;2025-11-07;12;412
25;2025-11-07;13;492
25;2025-11-07;14;479
25;2025-11-07;15;580
25;2025-11-07;16;716
25;2025-11-07;17;730
25;2025-11-07;18;657
25;2025-11-07;19;489
25;2025-11-07;20;315
25;2025-11-07;21;194
25;2025-11-07;22;96
25;2025-11-07;23;7
25;2025-11-08;0;2
25;2025-11-08;1;0
25;2025-11-08;2;0
25;2025-11-08;3;0
25;2025-11-08;4;0
25;2025-11-08;5;3
25;2025-11-08;6;70
25;2025-11-08;7;121
25;2025-11-08;8;260
25;2025-11-08;9;251
25;2025-11-08;10;271
25;2025-11-08;11;349
25;2025-11-08;12;397
25;2025-11-08;13;522
25;2025-11-08;14;549
25;2025-11-08;15;620
25;2025-11-08;16;584
25;2025-11-08;17;500
25;2025-11-08;18;458
25;2025-11-08;19;374
25;2025-11-08;20;249
25;2025-11-08;21;190
25;2025-11-08;22;112
25;2025-11-08;23;38
25;2025-11-09;0;12
25;2025-11-09;1;0
25;2025-11-09;2;0
25;2025-11-09;3;0
25;2025-11-09;4;0
25;2025-11-09;5;1
25;2025-11-09;6;51
25;2025-11-09;7;69
25;2025-11-09;8;158
25;2025-11-09;9;180
25;2025-11-09;10;205
25;2025-11-09;11;289
25;2025-11-09;12;354
25;2025-11-09;13;446
25;2025-11-09;14;496
25;2025-11-09;15;558
25;2025-11-09;16;495
25;2025-11-09;17;452
25;2025-11-09;18;394
25;2025-11-09;19;296
25;2025-11-09;20;210
25;2025-11-09;21;164
25;2025-11-09;22;91
25;2025-11-09;23;26
25;2025-11-10;0;6
25;2025-11-10;1;0
25;2025-11-10;2;0
25;2025-11-10;3;0
25;2025-11-10;4;0
25;2025-11-10;5;3
25;2025-11-10;6;170
25;2025-11-10;7;516
25;2025-11-10;8;894
25;2025-11-10;9;460
25;2025-11-10;10;313
25;2025-11-10;11;361
25;2025-11-10;12;386
25;2025-11-10;13;461
25;2025-11-10;14;419
25;2025-11-10;15;488
25;2025-11-10;16;626
25;2025-11-10;17;712
25;2025-11-10;18;767
25;2025-11-10;19;508
25;2025-11-10;20;309
25;2025-11-10;21;175
25;2025-11-10;22;74
25;2025-11-10;23;1
25;2025-11-11;0;1
25;2025-11-11;1;0
25;2025-11-11;2;0
25;2025-11-11;3;0
25;2025-11-11;4;0
25;2025-11-11;5;5
25;2025-11-11;6;169
25;2025-11-11;7;530
25;2025-11-11;8;918
25;2025-11-11;9;465
25;2025-11-11;10;347
25;2025-11-11;11;392
25;2025-11-11;12;407
25;2025-11-11;13;460
25;2025-11-11;14;446
25;2025-11-11;15;524
25;2025-11-11;16;645
25;2025-11-11;17;721
25;2025-11-11;18;792
25;2025-11-11;19;527
25;2025-11-11;20;331
25;2025-11-11;21;195
25;2025-11-11;22;86
25;2025-11-11;23;4
25;2025-11-12;0;0
25;2025-11-12;1;0
25;2025-11-12;2;0
25;2025-11-12;3;0
25;2025-11-12;4;0
25;2025-11-12;5;5
25;2025-11-12;6;172
25;2025-11-12;7;531
25;2025-11-12;8;931
25;2025-11-12;9;477
25;2025-11-12;10;359
25;2025-11-12;11;413
25;2025-11-12;12;428
25;2025-11-12;13;510
25;2025-11-12;14;447
25;2025-11-12;15;548
25;2025-11-12;16;661
25;2025-11-12;17;764
25;2025-11-12;18;832
25;2025-11-12;19;555
25;2025-11-12;20;343
25;2025-11-12;21;218
25;2025-11-12;22;99
25;2025-11-12;23;9
25;2025-11-13;0;1
25;2025-11-13;1;0
25;2025-11-13;2;0
25;2025-11-13;3;0
25;2025-11-13;4;0
25;2025-11-13;5;6
25;2025-11-13;6;172
25;2025-11-13;7;538
25;2025-11-13;8;923
25;2025-11-13;9;477
25;2025-11-13;10;366
25;2025-11-13;11;415
25;2025-11-13;12;430
25;2025-11-13;13;502
25;2025-11-13;14;493
25;2025-11-13;15;565
25;2025-11-13;16;676
25;2025-11-13;17;741
25;2025-11-13;18;808
25;2025-11-13;19;542
25;2025-11-13;20;335
25;2025-11-13;21;205
25;2025-11-13;22;96
25;2025-11-13;23;7
25;2025-11-14;0;0
25;2025-11-14;1;0
25;2025-11-14;2;0
25;2025-11-14;3;0
25;2025-11-14;4;0
25;2025-11-14;5;6
25;2025-11-14;6;180
25;2025-11-14;7;518
25;2025-11-14;8;880
25;2025-11-14;9;446
25;2025-11-14;10;368
25;2025-11-14;11;419
25;2025-11-14;12;432
25;2025-11-14;13;514
25;2025-11-14;14;500
25;2025-11-14;15;603
25;2025-11-14;16;742
25;2025-11-14;17;761
25;2025-11-14;18;690
25;2025-11-14;19;516
25;2025-11-14;20;334
25;2025-11-14;21;206
25;2025-11-14;22;107
25;2025-11-14;23;16
25;2025-11-15;0;3
25;2025-11-15;1;0
25;2025-11-15;2;0
25;2025-11-15;3;0
25;2025-11-15;4;0
25;2025-11-15;5;12
25;2025-11-15;6;84
25;2025-11-15;7;140
25;2025-11-15;8;292
25;2025-11-15;9;287
25;2025-11-15;10;305
25;2025-11-15;11;383
25;2025-11-15;12;428
25;2025-11-15;13;556
25;2025-11-15;14;584
25;2025-11-15;15;656
25;2025-11-15;16;613
25;2025-11-15;17;534
25;2025-11-15;18;493
25;2025-11-15;19;403
25;2025-11-15;20;271
25;2025-11-15;21;209
25;2025-11-15;22;130
25;2025-11-15;23;51
25;2025-11-16;0;11
25;2025-11-16;1;0
25;2025-11-16;2;0
25;2025-11-16;3;0
25;2025-11-16;4;1
25;2025-11-16;5;10
25;2025-11-16;6;63
25;2025-11-16;7;85
25;2025-11-16;8;183
25;2025-11-16;9;210
25;2025-11-16;10;233
25;2025-11-16;11;311
25;2025-11-16;12;373
25;2025-11-16;13;468
25;2025-11-16;14;520
25;2025-11-16;15;582
25;2025-11-16;16;516
25;2025-11-16;17;480
25;2025-11-16;18;423
25;2025-11-16;19;318
25;2025-11-16;20;229
25;2025-11-16;21;177
25;2025-11-16;22;106
25;2025-11-16;23;37
25;2025-11-17;0;7
25;2025-11-17;1;0
25;2025-11-17;2;0
25;2025-11-17;3;0
25;2025-11-17;4;0
25;2025-11-17;5;2
25;2025-11-17;6;172
25;2025-11-17;7;521
25;2025-11-17;8;910
25;2025-11-17;9;475
25;2025-11-17;10;325
25;2025-11-17;11;374
25;2025-11-17;12;393
25;2025-11-17;13;470
25;2025-11-17;14;431
25;2025-11-17;15;500
25;2025-11-17;16;640
25;2025-11-17;17;726
25;2025-11-17;18;786
25;2025-11-17;19;520
25;2025-11-17;20;321
25;2025-11-17;21;187
25;2025-11-17;22;85
25;2025-11-17;23;6
25;2025-11-18;0;1
25;2025-11-18;1;0
25;2025-11-18;2;0
25;2025-11-18;3;0
25;2025-11-18;4;0
25;2025-11-18;5;4
25;2025-11-18;6;168
25;2025-11-18;7;525
25;2025-11-18;8;919
25;2025-11-18;9;465
25;2025-11-18;10;344
25;2025-11-18;11;387
25;2025-11-18;12;401
25;2025-11-18;13;455
25;2025-11-18;14;440
25;2025-11-18;15;519
25;2025-11-18;16;640
25;2025-11-18;17;717
25;2025-11-18;18;793
25;2025-11-18;19;525
25;2025-11-18;20;331
25;2025-11-18;21;195
25;2025-11-18;22;87
25;2025-11-18;23;6
25;2025-11-19;0;0
25;2025-11-19;1;0
25;2025-11-19;2;0
25;2025-11-19;3;0
25;2025-11-19;4;0
25;2025-11-19;5;3
25;2025-11-19;6;168
25;2025-11-19;7;524
25;2025-11-19;8;927
25;2025-11-19;9;471
25;2025-11-19;10;352
25;2025-11-19;11;408
25;2025-11-19;12;422
25;2025-11-19;13;503
25;2025-11-19;14;440
25;2025-11-19;15;540
25;2025-11-19;16;654
25;2025-11-19;17;758
25;2025-11-19;18;832
25;2025-11-19;19;550
25;2025-11-19;20;340
25;2025-11-19;21;216
25;2025-11-19;22;98
25;2025-11-19;23;8
25;2025-11-20;0;0
25;2025-11-20;1;0
25;2025-11-20;2;0
25;2025-11-20;3;0
25;2025-11-20;4;0
25;2025-11-20;5;3
25;2025-11-20;6;169
25;2025-11-20;7;535
25;2025-11-20;8;923
25;2025-11-20;9;476
25;2025-11-20;10;364
25;2025-11-20;11;415
25;2025-11-20;12;428
25;2025-11-20;13;499
25;2025-11-20;14;490
25;2025-11-20;15;560
25;2025-11-20;16;673
25;2025-11-20;17;738
25;2025-11-20;18;808
25;2025-11-20;19;539
25;2025-11-20;20;334
25;2025-11-20;21;205
25;2025-11-20;22;97
25;2025-11-20;23;8
25;2025-11-21;0;0
25;2025-11-21;1;0
25;2025-11-21;2;0
25;2025-11-21;3;0
25;2025-11-21;4;0
25;2025-11-21;5;4
25;2025-11-21;6;177
25;2025-11-21;7;515
25;2025-11-21;8;878
25;2025-11-21;9;444
25;2025-11-21;10;368
25;2025-11-21;11;423
25;2025-11-21;12;434
25;2025-11-21;13;516
25;2025-11-21;14;503
25;2025-11-21;15;605
25;2025-11-21;16;745
25;2025-11-21;17;763
25;2025-11-21;18;694
25;2025-11-21;19;518
25;2025-11-21;20;336
25;2025-11-21;21;207
25;2025-11-21;22;108
25;2025-11-21;23;17
25;2025-11-22;0;4
25;2025-11-22;1;0
25;2025-11-22;2;0
25;2025-11-22;3;0
25;2025-11-22;4;0
25;2025-11-22;5;13
25;2025-11-22;6;86
25;2025-11-22;7;148
25;2025-11-22;8;300
25;2025-11-22;9;294
25;2025-11-22;10;315
25;2025-11-22;11;396
25;2025-11-22;12;439
25;2025-11-22;13;569
25;2025-11-22;14;591
25;2025-11-22;15;664
25;2025-11-22;16;623
25;2025-11-22;17;543
25;2025-11-22;18;505
25;2025-11-22;19;409
25;2025-11-22;20;275
25;2025-11-22;21;212
25;2025-11-22;22;133
25;2025-11-22;23;54
25;2025-11-23;0;14
25;2025-11-23;1;0
25;2025-11-23;2;0
25;2025-11-23;3;0
25;2025-11-23;4;1
25;2025-11-23;5;10
25;2025-11-23;6;66
25;2025-11-23;7;81
25;2025-11-23;8;182
25;2025-11-23;9;208
25;2025-11-23;10;233
25;2025-11-23;11;319
25;2025-11-23;12;379
25;2025-11-23;13;476
25;2025-11-23;14;524
25;2025-11-23;15;590
25;2025-11-23;16;523
25;2025-11-23;17;488
25;2025-11-23;18;430
25;2025-11-23;19;324
25;2025-11-23;20;233
25;2025-11-23;21;184
25;2025-11-23;22;110
25;2025-11-23;23;40
25;2025-11-24;0;7
25;2025-11-24;1;0
25;2025-11-24;2;0
25;2025-11-24;3;0
25;2025-11-24;4;0
25;2025-11-24;5;1
25;2025-11-24;6;169
25;2025-11-24;7;517
25;2025-11-24;8;903
25;2025-11-24;9;472
25;2025-11-24;10;325
25;2025-11-24;11;381
25;2025-11-24;12;401
25;2025-11-24;13;480
25;2025-11-24;14;435
25;2025-11-24;15;506
25;2025-11-24;16;647
25;2025-11-24;17;734
25;2025-11-24;18;796
25;2025-11-24;19;524
25;2025-11-24;20;323
25;2025-11-24;21;190
25;2025-11-24;22;85
25;2025-11-24;23;4
25;2025-11-25;0;1
25;2025-11-25;1;0
25;2025-11-25;2;0
25;2025-11-25;3;0
25;2025-11-25;4;0
25;2025-11-25;5;2
25;2025-11-25;6;161
25;2025-11-25;7;518
25;2025-11-25;8;909
25;2025-11-25;9;457
25;2025-11-25;10;339
25;2025-11-25;11;386
25;2025-11-25;12;401
25;2025-11-25;13;455
25;2025-11-25;14;440
25;2025-11-25;15;519
25;2025-11-25;16;641
25;2025-11-25;17;718
25;2025-11-25;18;795
25;2025-11-25;19;525
25;2025-11-25;20;328
25;2025-11-25;21;193
25;2025-11-25;22;85
25;2025-11-25;23;2
25;2025-11-26;0;0
25;2025-11-26;1;0
25;2025-11-26;2;0
25;2025-11-26;3;0
25;2025-11-26;4;0
25;2025-11-26;5;3
25;2025-11-26;6;163
25;2025-11-26;7;518
25;2025-11-26;8;920
25;2025-11-26;9;466
25;2025-11-26;10;350
25;2025-11-26;11;404
25;2025-11-26;12;418
25;2025-11-26;13;497
25;2025-11-26;14;435
25;2025-11-26;15;534
25;2025-11-26;16;649
25;2025-11-26;17;752
25;2025-11-26;18;830
25;2025-11-26;19;547
25;2025-11-26;20;336
25;2025-11-26;21;212
25;2025-11-26;22;95
25;2025-11-26;23;6
25;2025-11-27;0;0
25;2025-11-27;1;0
25;2025-11-27;2;0
25;2025-11-27;3;0
25;2025-11-27;4;0
25;2025-11-27;5;4
25;2025-11-27;6;166
25;2025-11-27;7;530
25;2025-11-27;8;915
25;2025-11-27;9;470
25;2025-11-27;10;362
25;2025-11-27;11;411
25;2025-11-27;12;424
25;2025-11-27;13;493
25;2025-11-27;14;485
25;2025-11-27;15;554
25;2025-11-27;16;667
25;2025-11-27;17;732
25;2025-11-27;18;804
25;2025-11-27;19;536
25;2025-11-27;20;331
25;2025-11-27;21;201
25;2025-11-27;22;94
25;2025-11-27;23;6
25;2025-11-28;0;1
25;2025-11-28;1;0
25;2025-11-28;2;0
25;2025-11-28;3;0
25;2025-11-28;4;0
25;2025-11-28;5;6
25;2025-11-28;6;176
25;2025-11-28;7;509
25;2025-11-28;8;871
25;2025-11-28;9;439
25;2025-11-28;10;361
25;2025-11-28;11;414
25;2025-11-28;12;426
25;2025-11-28;13;505
25;2025-11-28;14;490
25;2025-11-28;15;591
25;2025-11-28;16;731
25;2025-11-28;17;750
25;2025-11-28;18;685
25;2025-11-28;19;511
25;2025-11-28;20;329
25;2025-11-28;21;201
25;2025-11-28;22;103
25;2025-11-28;23;14
25;2025-11-29;0;3
25;2025-11-29;1;0
25;2025-11-29;2;0
25;2025-11-29;3;0
25;2025-11-29;4;0
25;2025-11-29;5;13
25;2025-11-29;6;85
25;2025-11-29;7;143
25;2025-11-29;8;292
25;2025-11-29;9;286
25;2025-11-29;10;302
25;2025-11-29;11;381
25;2025-11-29;12;422
25;2025-11-29;13;546
25;2025-11-29;14;572
25;2025-11-29;15;642
25;2025-11-29;16;603
25;2025-11-29;17;523
25;2025-11-29;18;485
25;2025-11-29;19;395
25;2025-11-29;20;264
25;2025-11-29;21;203
25;2025-11-29;22;127
25;2025-11-29;23;49
25;2025-11-30;0;14
25;2025-11-30;1;1
25;2025-11-30;2;0
25;2025-11-30;3;0
25;2025-11-30;4;1
25;2025-11-30;5;10
25;2025-11-30;6;60
25;2025-11-30;7;76
25;2025-11-30;8;170
25;2025-11-30;9;196
25;2025-11-30;10;214
25;2025-11-30;11;294
25;2025-11-30;12;353
25;2025-11-30;13;442
25;2025-11-30;14;494
25;2025-11-30;15;555
25;2025-11-30;16;490
25;2025-11-30;17;455
25;2025-11-30;18;400
25;2025-11-30;19;305
25;2025-11-30;20;222
25;2025-11-30;21;173
25;2025-11-30;22;103
25;2025-11-30;23;33
25;2025-12-01;0;6
25;2025-12-01;1;0
25;2025-12-01;2;0
25;2025-12-01;3;0
25;2025-12-01;4;0
25;2025-12-01;5;1
25;2025-12-01;6;163
25;2025-12-01;7;489
25;2025-12-01;8;840
25;2025-12-01;9;442
25;2025-12-01;10;292
25;2025-12-01;11;323
25;2025-12-01;12;339
25;2025-12-01;13;400
25;2025-12-01;14;363
25;2025-12-01;15;432
25;2025-12-01;16;565
25;2025-12-01;17;656
25;2025-12-01;18;728
25;2025-12-01;19;474
25;2025-12-01;20;290
25;2025-12-01;21;168
25;2025-12-01;22;78
25;2025-12-01;23;1
25;2025-12-02;0;0
25;2025-12-02;1;0
25;2025-12-02;2;0
25;2025-12-02;3;0
25;2025-12-02;4;0
25;2025-12-02;5;1
25;2025-12-02;6;163
25;2025-12-02;7;497
25;2025-12-02;8;854
25;2025-12-02;9;438
25;2025-12-02;10;316
25;2025-12-02;11;345
25;2025-12-02;12;354
25;2025-12-02;13;394
25;2025-12-02;14;379
25;2025-12-02;15;456
25;2025-12-02;16;572
25;2025-12-02;17;656
25;2025-12-02;18;737
25;2025-12-02;19;485
25;2025-12-02;20;304
25;2025-12-02;21;180
25;2025-12-02;22;86
25;2025-12-02;23;1
25;2025-12-03;0;0
25;2025-12-03;1;0
25;2025-12-03;2;0
25;2025-12-03;3;0
25;2025-12-03;4;0
25;2025-12-03;5;1
25;2025-12-03;6;165
25;2025-12-03;7;503
25;2025-12-03;8;880
25;2025-12-03;9;462
25;2025-12-03;10;342
25;2025-12-03;11;381
25;2025-12-03;12;394
25;2025-12-03;13;461
25;2025-12-03;14;400
25;2025-12-03;15;496
25;2025-12-03;16;606
25;2025-12-03;17;710
25;2025-12-03;18;787
25;2025-12-03;19;515
25;2025-12-03;20;317
25;2025-12-03;21;202
25;2025-12-03;22;99
25;2025-12-03;23;3
25;2025-12-04;0;0
25;2025-12-04;1;0
25;2025-12-04;2;0
25;2025-12-04;3;0
25;2025-12-04;4;0
25;2025-12-04;5;1
25;2025-12-04;6;168
25;2025-12-04;7;515
25;2025-12-04;8;874
25;2025-12-04;9;465
25;2025-12-04;10;353
25;2025-12-04;11;387
25;2025-12-04;12;399
25;2025-12-04;13;456
25;2025-12-04;14;445
25;2025-12-04;15;515
25;2025-12-04;16;624
25;2025-12-04;17;692
25;2025-12-04;18;762
25;2025-12-04;19;506
25;2025-12-04;20;312
25;2025-12-04;21;193
25;2025-12-04;22;98
25;2025-12-04;23;4
25;2025-12-05;0;0
25;2025-12-05;1;0
25;2025-12-05;2;0
25;2025-12-05;3;0
25;2025-12-05;4;0
25;2025-12-05;5;1
25;2025-12-05;6;171
25;2025-12-05;7;491
25;2025-12-05;8;830
25;2025-12-05;9;433
25;2025-12-05;10;350
25;2025-12-05;11;390
25;2025-12-05;12;400
25;2025-12-05;13;467
25;2025-12-05;14;453
25;2025-12-05;15;551
25;2025-12-05;16;679
25;2025-12-05;17;705
25;2025-12-05;18;644
25;2025-12-05;19;480
25;2025-12-05;20;311
25;2025-12-05;21;193
25;2025-12-05;22;107
25;2025-12-05;23;9
25;2025-12-06;0;3
25;2025-12-06;1;0
25;2025-12-06;2;0
25;2025-12-06;3;0
25;2025-12-06;4;0
25;2025-12-06;5;0
25;2025-12-06;6;63
25;2025-12-06;7;118
25;2025-12-06;8;259
25;2025-12-06;9;263
25;2025-12-06;10;276
25;2025-12-06;11;348
25;2025-12-06;12;390
25;2025-12-06;13;498
25;2025-12-06;14;515
25;2025-12-06;15;582
25;2025-12-06;16;537
25;2025-12-06;17;462
25;2025-12-06;18;423
25;2025-12-06;19;349
25;2025-12-06;20;239
25;2025-12-06;21;196
25;2025-12-06;22;121
25;2025-12-06;23;42
25;2025-12-07;0;13
25;2025-12-07;1;0
25;2025-12-07;2;0
25;2025-12-07;3;0
25;2025-12-07;4;0
25;2025-12-07;5;0
25;2025-12-07;6;44
25;2025-12-07;7;60
25;2025-12-07;8;147
25;2025-12-07;9;188
25;2025-12-07;10;205
25;2025-12-07;11;276
25;2025-12-07;12;336
25;2025-12-07;13;416
25;2025-12-07;14;456
25;2025-12-07;15;515
25;2025-12-07;16;445
25;2025-12-07;17;407
25;2025-12-07;18;353
25;2025-12-07;19;268
25;2025-12-07;20;196
25;2025-12-07;21;165
25;2025-12-07;22;97
25;2025-12-07;23;26
25;2025-12-08;0;7
25;2025-12-08;1;0
25;2025-12-08;2;0
25;2025-12-08;3;0
25;2025-12-08;4;0
25;2025-12-08;5;1
25;2025-12-08;6;164
25;2025-12-08;7;501
25;2025-12-08;8;861
25;2025-12-08;9;463
25;2025-12-08;10;312
25;2025-12-08;11;349
25;2025-12-08;12;366
25;2025-12-08;13;431
25;2025-12-08;14;389
25;2025-12-08;15;459
25;2025-12-08;16;592
25;2025-12-08;17;677
25;2025-12-08;18;736
25;2025-12-08;19;484
25;2025-12-08;20;295
25;2025-12-08;21;170
25;2025-12-08;22;80
25;2025-12-08;23;1
25;2025-12-09;0;1
25;2025-12-09;1;0
25;2025-12-09;2;0
25;2025-12-09;3;0
25;2025-12-09;4;0
25;2025-12-09;5;1
25;2025-12-09;6;166
25;2025-12-09;7;513
25;2025-12-09;8;881
25;2025-12-09;9;464
25;2025-12-09;10;342
25;2025-12-09;11;374
25;2025-12-09;12;385
25;2025-12-09;13;429
25;2025-12-09;14;412
25;2025-12-09;15;489
25;2025-12-09;16;605
25;2025-12-09;17;683
25;2025-12-09;18;757
25;2025-12-09;19;500
25;2025-12-09;20;315
25;2025-12-09;21;188
25;2025-12-09;22;90
25;2025-12-09;23;1
25;2025-12-10;0;0
25;2025-12-10;1;0
25;2025-12-10;2;0
25;2025-12-10;3;0
25;2025-12-10;4;0
25;2025-12-10;5;1
25;2025-12-10;6;169
25;2025-12-10;7;516
25;2025-12-10;8;892
25;2025-12-10;9;473
25;2025-12-10;10;354
25;2025-12-10;11;395
25;2025-12-10;12;406
25;2025-12-10;13;477
25;2025-12-10;14;413
25;2025-12-10;15;510
25;2025-12-10;16;619
25;2025-12-10;17;724
25;2025-12-10;18;794
25;2025-12-10;19;524
25;2025-12-10;20;325
25;2025-12-10;21;209
25;2025-12-10;22;102
25;2025-12-10;23;4
25;2025-12-11;0;0
25;2025-12-11;1;0
25;2025-12-11;2;0
25;2025-12-11;3;0
25;2025-12-11;4;0
25;2025-12-11;5;1
25;2025-12-11;6;170
25;2025-12-11;7;524
25;2025-12-11;8;884
25;2025-12-11;9;473
25;2025-12-11;10;363
25;2025-12-11;11;398
25;2025-12-11;12;409
25;2025-12-11;13;470
25;2025-12-11;14;457
25;2025-12-11;15;528
25;2025-12-11;16;636
25;2025-12-11;17;705
25;2025-12-11;18;770
25;2025-12-11;19;512
25;2025-12-11;20;318
25;2025-12-11;21;197
25;2025-12-11;22;100
25;2025-12-11;23;4
25;2025-12-12;0;0
25;2025-12-12;1;0
25;2025-12-12;2;0
25;2025-12-12;3;0
25;2025-12-12;4;0
25;2025-12-12;5;1
25;2025-12-12;6;172
25;2025-12-12;7;495
25;2025-12-12;8;834
25;2025-12-12;9;434
25;2025-12-12;10;352
25;2025-12-12;11;394
25;2025-12-12;12;403
25;2025-12-12;13;473
25;2025-12-12;14;459
25;2025-12-12;15;560
25;2025-12-12;16;690
25;2025-12-12;17;710
25;2025-12-12;18;643
25;2025-12-12;19;481
25;2025-12-12;20;311
25;2025-12-12;21;194
25;2025-12-12;22;106
25;2025-12-12;23;8
25;2025-12-13;0;3
25;2025-12-13;1;0
25;2025-12-13;2;0
25;2025-12-13;3;0
25;2025-12-13;4;0
25;2025-12-13;5;2
25;2025-12-13;6;65
25;2025-12-13;7;121
25;2025-12-13;8;263
25;2025-12-13;9;266
25;2025-12-13;10;280
25;2025-12-13;11;352
25;2025-12-13;12;394
25;2025-12-13;13;507
25;2025-12-13;14;523
25;2025-12-13;15;591
25;2025-12-13;16;545
25;2025-12-13;17;471
25;2025-12-13;18;431
25;2025-12-13;19;353
25;2025-12-13;20;241
25;2025-12-13;21;198
25;2025-12-13;22;123
25;2025-12-13;23;43
25;2025-12-14;0;14
25;2025-12-14;1;0
25;2025-12-14;2;0
25;2025-12-14;3;0
25;2025-12-14;4;0
25;2025-12-14;5;1
25;2025-12-14;6;46
25;2025-12-14;7;67
25;2025-12-14;8;155
25;2025-12-14;9;195
25;2025-12-14;10;212
25;2025-12-14;11;280
25;2025-12-14;12;340
25;2025-12-14;13;422
25;2025-12-14;14;463
25;2025-12-14;15;524
25;2025-12-14;16;453
25;2025-12-14;17;415
25;2025-12-14;18;364
25;2025-12-14;19;276
25;2025-12-14;20;202
25;2025-12-14;21;171
25;2025-12-14;22;100
25;2025-12-14;23;28
25;2025-12-15;0;7
25;2025-12-15;1;0
25;2025-12-15;2;0
25;2025-12-15;3;0
25;2025-12-15;4;0
25;2025-12-15;5;1
25;2025-12-15;6;165
25;2025-12-15;7;507
25;2025-12-15;8;873
25;2025-12-15;9;472
25;2025-12-15;10;316
25;2025-12-15;11;351
25;2025-12-15;12;368
25;2025-12-15;13;433
25;2025-12-15;14;393
25;2025-12-15;15;462
25;2025-12-15;16;597
25;2025-12-15;17;682
25;2025-12-15;18;748
25;2025-12-15;19;488
25;2025-12-15;20;299
25;2025-12-15;21;173
25;2025-12-15;22;82
25;2025-12-15;23;1
25;2025-12-16;0;1
25;2025-12-16;1;0
25;2025-12-16;2;0
25;2025-12-16;3;0
25;2025-12-16;4;0
25;2025-12-16;5;1
25;2025-12-16;6;168
25;2025-12-16;7;521
25;2025-12-16;8;895
25;2025-12-16;9;475
25;2025-12-16;10;351
25;2025-12-16;11;382
25;2025-12-16;12;391
25;2025-12-16;13;436
25;2025-12-16;14;420
25;2025-12-16;15;497
25;2025-12-16;16;613
25;2025-12-16;17;690
25;2025-12-16;18;765
25;2025-12-16;19;503
25;2025-12-16;20;317
25;2025-12-16;21;189
25;2025-12-16;22;92
25;2025-12-16;23;4
25;2025-12-17;0;0
25;2025-12-17;1;0
25;2025-12-17;2;0
25;2025-12-17;3;0
25;2025-12-17;4;0
25;2025-12-17;5;1
25;2025-12-17;6;168
25;2025-12-17;7;515
25;2025-12-17;8;898
25;2025-12-17;9;477
25;2025-12-17;10;355
25;2025-12-17;11;395
25;2025-12-17;12;405
25;2025-12-17;13;476
25;2025-12-17;14;413
25;2025-12-17;15;512
25;2025-12-17;16;617
25;2025-12-17;17;721
25;2025-12-17;18;793
25;2025-12-17;19;523
25;2025-12-17;20;322
25;2025-12-17;21;206
25;2025-12-17;22;101
25;2025-12-17;23;5
25;2025-12-18;0;0
25;2025-12-18;1;0
25;2025-12-18;2;0
25;2025-12-18;3;0
25;2025-12-18;4;0
25;2025-12-18;5;1
25;2025-12-18;6;170
25;2025-12-18;7;522
25;2025-12-18;8;889
25;2025-12-18;9;477
25;2025-12-18;10;363
25;2025-12-18;11;398
25;2025-12-18;12;408
25;2025-12-18;13;469
25;2025-12-18;14;455
25;2025-12-18;15;523
25;2025-12-18;16;631
25;2025-12-18;17;701
25;2025-12-18;18;771
25;2025-12-18;19;510
25;2025-12-18;20;315
25;2025-12-18;21;195
25;2025-12-18;22;99
25;2025-12-18;23;4
25;2025-12-19;0;0
25;2025-12-19;1;0
25;2025-12-19;2;0
25;2025-12-19;3;0
25;2025-12-19;4;0
25;2025-12-19;5;1
25;2025-12-19;6;175
25;2025-12-19;7;497
25;2025-12-19;8;839
25;2025-12-19;9;439
25;2025-12-19;10;357
25;2025-12-19;11;401
25;2025-12-19;12;408
25;2025-12-19;13;478
25;2025-12-19;14;463
25;2025-12-19;15;564
25;2025-12-19;16;695
25;2025-12-19;17;713
25;2025-12-19;18;648
25;2025-12-19;19;484
25;2025-12-19;20;313
25;2025-12-19;21;196
25;2025-12-19;22;108
25;2025-12-19;23;10
25;2025-12-20;0;4
25;2025-12-20;1;0
25;2025-12-20;2;0
25;2025-12-20;3;0
25;2025-12-20;4;0
25;2025-12-20;5;1
25;2025-12-20;6;65
25;2025-12-20;7;125
25;2025-12-20;8;270
25;2025-12-20;9;273
25;2025-12-20;10;288
25;2025-12-20;11;361
25;2025-12-20;12;402
25;2025-12-20;13;515
25;2025-12-20;14;530
25;2025-12-20;15;598
25;2025-12-20;16;551
25;2025-12-20;17;478
25;2025-12-20;18;440
25;2025-12-20;19;358
25;2025-12-20;20;246
25;2025-12-20;21;202
25;2025-12-20;22;127
25;2025-12-20;23;47
25;2025-12-21;0;14
25;2025-12-21;1;0
25;2025-12-21;2;0
25;2025-12-21;3;0
25;2025-12-21;4;0
25;2025-12-21;5;0
25;2025-12-21;6;43
25;2025-12-21;7;63
25;2025-12-21;8;152
25;2025-12-21;9;193
25;2025-12-21;10;213
25;2025-12-21;11;281
25;2025-12-21;12;341
25;2025-12-21;13;423
25;2025-12-21;14;465
25;2025-12-21;15;525
25;2025-12-21;16;453
25;2025-12-21;17;416
25;2025-12-21;18;362
25;2025-12-21;19;272
25;2025-12-21;20;200
25;2025-12-21;21;169
25;2025-12-21;22;102
25;2025-12-21;23;29
25;2025-12-22;0;7
25;2025-12-22;1;0
25;2025-12-22;2;0
25;2025-12-22;3;0
25;2025-12-22;4;0
25;2025-12-22;5;1
25;2025-12-22;6;163
25;2025-12-22;7;503
25;2025-12-22;8;864
25;2025-12-22;9;465
25;2025-12-22;10;315
25;2025-12-22;11;355
25;2025-12-22;12;372
25;2025-12-22;13;438
25;2025-12-22;14;396
25;2025-12-22;15;465
25;2025-12-22;16;600
25;2025-12-22;17;685
25;2025-12-22;18;751
25;2025-12-22;19;489
25;2025-12-22;20;300
25;2025-12-22;21;177
25;2025-12-22;22;86
25;2025-12-22;23;1
25;2025-12-23;0;2
25;2025-12-23;1;0
25;2025-12-23;2;0
25;2025-12-23;3;0
25;2025-12-23;4;0
25;2025-12-23;5;1
25;2025-12-23;6;166
25;2025-12-23;7;511
25;2025-12-23;8;881
25;2025-12-23;9;464
25;2025-12-23;10;345
25;2025-12-23;11;379
25;2025-12-23;12;390
25;2025-12-23;13;434
25;2025-12-23;14;418
25;2025-12-23;15;495
25;2025-12-23;16;611
25;2025-12-23;17;690
25;2025-12-23;18;767
25;2025-12-23;19;504
25;2025-12-23;20;319
25;2025-12-23;21;193
25;2025-12-23;22;95
25;2025-12-23;23;5
25;2025-12-24;0;0
25;2025-12-24;1;0
25;2025-12-24;2;0
25;2025-12-24;3;0
25;2025-12-24;4;0
25;2025-12-24;5;1
25;2025-12-24;6;165
25;2025-12-24;7;510
25;2025-12-24;8;893
25;2025-12-24;9;476
25;2025-12-24;10;359
25;2025-12-24;11;401
25;2025-12-24;12;411
25;2025-12-24;13;482
25;2025-12-24;14;417
25;2025-12-24;15;513
25;2025-12-24;16;622
25;2025-12-24;17;729
25;2025-12-24;18;803
25;2025-12-24;19;526
25;2025-12-24;20;326
25;2025-12-24;21;211
25;2025-12-24;22;105
25;2025-12-24;23;6
25;2025-12-25;0;1
25;2025-12-25;1;0
25;2025-12-25;2;0
25;2025-12-25;3;0
25;2025-12-25;4;0
25;2025-12-25;5;10
25;2025-12-25;6;174
25;2025-12-25;7;505
25;2025-12-25;8;872
25;2025-12-25;9;487
25;2025-12-25;10;399
25;2025-12-25;11;437
25;2025-12-25;12;448
25;2025-12-25;13;504
25;2025-12-25;14;491
25;2025-12-25;15;557
25;2025-12-25;16;646
25;2025-12-25;17;711
25;2025-12-25;18;773
25;2025-12-25;19;524
25;2025-12-25;20;325
25;2025-12-25;21;205
25;2025-12-25;22;105
25;2025-12-25;23;6
25;2025-12-26;0;0
25;2025-12-26;1;0
25;2025-12-26;2;0
25;2025-12-26;3;0
25;2025-12-26;4;0
25;2025-12-26;5;13
25;2025-12-26;6;177
25;2025-12-26;7;486
25;2025-12-26;8;845
25;2025-12-26;9;463
25;2025-12-26;10;393
25;2025-12-26;11;433
25;2025-12-26;12;440
25;2025-12-26;13;503
25;2025-12-26;14;486
25;2025-12-26;15;582
25;2025-12-26;16;703
25;2025-12-26;17;723
25;2025-12-26;18;659
25;2025-12-26;19;492
25;2025-12-26;20;320
25;2025-12-26;21;203
25;2025-12-26;22;114
25;2025-12-26;23;11
25;2025-12-27;0;4
25;2025-12-27;1;0
25;2025-12-27;2;0
25;2025-12-27;3;0
25;2025-12-27;4;1
25;2025-12-27;5;17
25;2025-12-27;6;78
25;2025-12-27;7;144
25;2025-12-27;8;289
25;2025-12-27;9;296
25;2025-12-27;10;306
25;2025-12-27;11;374
25;2025-12-27;12;413
25;2025-12-27;13;518
25;2025-12-27;14;537
25;2025-12-27;15;604
25;2025-12-27;16;552
25;2025-12-27;17;473
25;2025-12-27;18;440
25;2025-12-27;19;359
25;2025-12-27;20;250
25;2025-12-27;21;208
25;2025-12-27;22;130
25;2025-12-27;23;53
25;2025-12-28;0;14
25;2025-12-28;1;0
25;2025-12-28;2;0
25;2025-12-28;3;0
25;2025-12-28;4;1
25;2025-12-28;5;13
25;2025-12-28;6;57
25;2025-12-28;7;74
25;2025-12-28;8;172
25;2025-12-28;9;211
25;2025-12-28;10;223
25;2025-12-28;11;288
25;2025-12-28;12;342
25;2025-12-28;13;416
25;2025-12-28;14;459
25;2025-12-28;15;517
25;2025-12-28;16;442
25;2025-12-28;17;398
25;2025-12-28;18;349
25;2025-12-28;19;269
25;2025-12-28;20;205
25;2025-12-28;21;177
25;2025-12-28;22;107
25;2025-12-28;23;38
25;2025-12-29;0;5
25;2025-12-29;1;0
25;2025-12-29;2;0
25;2025-12-29;3;0
25;2025-12-29;4;1
25;2025-12-29;5;6
25;2025-12-29;6;161
25;2025-12-29;7;456
25;2025-12-29;8;832
25;2025-12-29;9;465
25;2025-12-29;10;332
25;2025-12-29;11;370
25;2025-12-29;12;390
25;2025-12-29;13;442
25;2025-12-29;14;396
25;2025-12-29;15;458
25;2025-12-29;16;576
25;2025-12-29;17;645
25;2025-12-29;18;696
25;2025-12-29;19;458
25;2025-12-29;20;282
25;2025-12-29;21;166
25;2025-12-29;22;78
25;2025-12-29;23;4
25;2025-12-30;0;0
25;2025-12-30;1;0
25;2025-12-30;2;0
25;2025-12-30;3;0
25;2025-12-30;4;0
25;2025-12-30;5;8
25;2025-12-30;6;155
25;2025-12-30;7;438
25;2025-12-30;8;808
25;2025-12-30;9;447
25;2025-12-30;10;343
25;2025-12-30;11;377
25;2025-12-30;12;390
25;2025-12-30;13;424
25;2025-12-30;14;404
25;2025-12-30;15;474
25;2025-12-30;16;565
25;2025-12-30;17;614
25;2025-12-30;18;654
25;2025-12-30;19;456
25;2025-12-30;20;291
25;2025-12-30;21;182
25;2025-12-30;22;90
25;2025-12-30;23;9
25;2025-12-31;0;0
25;2025-12-31;1;0
25;2025-12-31;2;0
25;2025-12-31;3;0
25;2025-12-31;4;0
25;2025-12-31;5;1
25;2025-12-31;6;14
25;2025-12-31;7;26
25;2025-12-31;8;65
25;2025-12-31;9;44
25;2025-12-31;10;38
25;2025-12-31;11;115
25;2025-12-31;12;143
25;2025-12-31;13;211
25;2025-12-31;14;195
25;2025-12-31;15;230
25;2025-12-31;16;232
25;2025-12-31;17;198
25;2025-12-31;18;144
25;2025-12-31;19;124
25;2025-12-31;20;88
25;2025-12-31;21;89
25;2025-12-31;22;38
25;2025-12-31;23;16
26;2025-11-01;0;62
26;2025-11-01;1;17
26;2025-11-01;2;10
26;2025-11-01;3;10
26;2025-11-01;4;17
26;2025-11-01;5;128
26;2025-11-01;6;492
26;2025-11-01;7;958
26;2025-11-01;8;1591
26;2025-11-01;9;1232
26;2025-11-01;10;1147
26;2025-11-01;11;1138
26;2025-11-01;12;1164
26;2025-11-01;13;1191
26;2025-11-01;14;1206
26;2025-11-01;15;1291
26;2025-11-01;16;1423
26;2025-11-01;17;1481
26;2025-11-01;18;1482
26;2025-11-01;19;1081
26;2025-11-01;20;754
26;2025-11-01;21;522
26;2025-11-01;22;303
26;2025-11-01;23;203
26;2025-11-02;0;48
26;2025-11-02;1;5
26;2025-11-02;2;0
26;2025-11-02;3;1
26;2025-11-02;4;7
26;2025-11-02;5;21
26;2025-11-02;6;118
26;2025-11-02;7;179
26;2025-11-02;8;308
26;2025-11-02;9;416
26;2025-11-02;10;497
26;2025-11-02;11;630
26;2025-11-02;12;684
26;2025-11-02;13;739
26;2025-11-02;14;744
26;2025-11-02;15;702
26;2025-11-02;16;671
26;2025-11-02;17;634
26;2025-11-02;18;567
26;2025-11-02;19;473
26;2025-11-02;20;361
26;2025-11-02;21;271
26;2025-11-02;22;154
26;2025-11-02;23;103
26;2025-11-03;0;41
26;2025-11-03;1;5
26;2025-11-03;2;2
26;2025-11-03;3;1
26;2025-11-03;4;2
26;2025-11-03;5;17
26;2025-11-03;6;152
26;2025-11-03;7;307
26;2025-11-03;8;477
26;2025-11-03;9;498
26;2025-11-03;10;542
26;2025-11-03;11;608
26;2025-11-03;12;672
26;2025-11-03;13;723
26;2025-11-03;14;747
26;2025-11-03;15;740
26;2025-11-03;16;740
26;2025-11-03;17;774
26;2025-11-03;18;781
26;2025-11-03;19;636
26;2025-11-03;20;428
26;2025-11-03;21;304
26;2025-11-03;22;145
26;2025-11-03;23;105
26;2025-11-04;0;41
26;2025-11-04;1;5
26;2025-11-04;2;1
26;2025-11-04;3;1
26;2025-11-04;4;2
26;2025-11-04;5;7
26;2025-11-04;6;101
26;2025-11-04;7;227
26;2025-11-04;8;402
26;2025-11-04;9;422
26;2025-11-04;10;451
26;2025-11-04;11;552
26;2025-11-04;12;602
26;2025-11-04;13;654
26;2025-11-04;14;668
26;2025-11-04;15;667
26;2025-11-04;16;662
26;2025-11-04;17;660
26;2025-11-04;18;672
26;2025-11-04;19;558
26;2025-11-04;20;387
26;2025-11-04;21;273
26;2025-11-04;22;112
26;2025-11-04;23;104
26;2025-11-05;0;32
26;2025-11-05;1;1
26;2025-11-05;2;0
26;2025-11-05;3;0
26;2025-11-05;4;1
26;2025-11-05;5;81
26;2025-11-05;6;431
26;2025-11-05;7;1087
26;2025-11-05;8;2090
26;2025-11-05;9;1378
26;2025-11-05;10;1098
26;2025-11-05;11;1005
26;2025-11-05;12;1050
26;2025-11-05;13;1078
26;2025-11-05;14;1138
26;2025-11-05;15;1233
26;2025-11-05;16;1384
26;2025-11-05;17;1602
26;2025-11-05;18;1737
26;2025-11-05;19;1192
26;2025-11-05;20;709
26;2025-11-05;21;447
26;2025-11-05;22;186
26;2025-11-05;23;109
26;2025-11-06;0;36
26;2025-11-06;1;1
26;2025-11-06;2;0
26;2025-11-06;3;1
26;2025-11-06;4;0
26;2025-11-06;5;84
26;2025-11-06;6;420
26;2025-11-06;7;1060
26;2025-11-06;8;2049
26;2025-11-06;9;1360
26;2025-11-06;10;1069
26;2025-11-06;11;1011
26;2025-11-06;12;1033
26;2025-11-06;13;1061
26;2025-11-06;14;1121
26;2025-11-06;15;1227
26;2025-11-06;16;1376
26;2025-11-06;17;1594
26;2025-11-06;18;1739
26;2025-11-06;19;1163
26;2025-11-06;20;696
26;2025-11-06;21;427
26;2025-11-06;22;192
26;2025-11-06;23;110
26;2025-11-07;0;35
26;2025-11-07;1;1
26;2025-11-07;2;0
26;2025-11-07;3;0
26;2025-11-07;4;0
26;2025-11-07;5;83
26;2025-11-07;6;467
26;2025-11-07;7;1100
26;2025-11-07;8;2070
26;2025-11-07;9;1373
26;2025-11-07;10;1163
26;2025-11-07;11;1083
26;2025-11-07;12;1111
26;2025-11-07;13;1155
26;2025-11-07;14;1220
26;2025-11-07;15;1337
26;2025-11-07;16;1542
26;2025-11-07;17;1661
26;2025-11-07;18;1491
26;2025-11-07;19;1094
26;2025-11-07;20;691
26;2025-11-07;21;452
26;2025-11-07;22;196
26;2025-11-07;23;131
26;2025-11-08;0;48
26;2025-11-08;1;3
26;2025-11-08;2;0
26;2025-11-08;3;0
26;2025-11-08;4;0
26;2025-11-08;5;44
26;2025-11-08;6;230
26;2025-11-08;7;350
26;2025-11-08;8;526
26;2025-11-08;9;633
26;2025-11-08;10;737
26;2025-11-08;11;863
26;2025-11-08;12;928
26;2025-11-08;13;958
26;2025-11-08;14;967
26;2025-11-08;15;934
26;2025-11-08;16;922
26;2025-11-08;17;881
26;2025-11-08;18;817
26;2025-11-08;19;705
26;2025-11-08;20;498
26;2025-11-08;21;356
26;2025-11-08;22;194
26;2025-11-08;23;135
26;2025-11-09;0;49
26;2025-11-09;1;4
26;2025-11-09;2;0
26;2025-11-09;3;0
26;2025-11-09;4;0
26;2025-11-09;5;21
26;2025-11-09;6;136
26;2025-11-09;7;221
26;2025-11-09;8;353
26;2025-11-09;9;474
26;2025-11-09;10;569
26;2025-11-09;11;720
26;2025-11-09;12;783
26;2025-11-09;13;835
26;2025-11-09;14;830
26;2025-11-09;15;790
26;2025-11-09;16;759
26;2025-11-09;17;737
26;2025-11-09;18;665
26;2025-11-09;19;532
26;2025-11-09;20;395
26;2025-11-09;21;285
26;2025-11-09;22;152
26;2025-11-09;23;93
26;2025-11-10;0;31
26;2025-11-10;1;2
26;2025-11-10;2;0
26;2025-11-10;3;0
26;2025-11-10;4;0
26;2025-11-10;5;84
26;2025-11-10;6;462
26;2025-11-10;7;1154
26;2025-11-10;8;2097
26;2025-11-10;9;1407
26;2025-11-10;10;1129
26;2025-11-10;11;1035
26;2025-11-10;12;1063
26;2025-11-10;13;1103
26;2025-11-10;14;1132
26;2025-11-10;15;1249
26;2025-11-10;16;1402
26;2025-11-10;17;1668
26;2025-11-10;18;1811
26;2025-11-10;19;1226
26;2025-11-10;20;746
26;2025-11-10;21;440
26;2025-11-10;22;179
26;2025-11-10;23;92
26;2025-11-11;0;32
26;2025-11-11;1;1
26;2025-11-11;2;0
26;2025-11-11;3;0
26;2025-11-11;4;0
26;2025-11-11;5;85
26;2025-11-11;6;483
26;2025-11-11;7;1189
26;2025-11-11;8;2185
26;2025-11-11;9;1460
26;2025-11-11;10;1188
26;2025-11-11;11;1108
26;2025-11-11;12;1129
26;2025-11-11;13;1140
26;2025-11-11;14;1172
26;2025-11-11;15;1306
26;2025-11-11;16;1472
26;2025-11-11;17;1731
26;2025-11-11;18;1876
26;2025-11-11;19;1273
26;2025-11-11;20;771
26;2025-11-11;21;470
26;2025-11-11;22;202
26;2025-11-11;23;110
26;2025-11-12;0;33
26;2025-11-12;1;1
26;2025-11-12;2;0
26;2025-11-12;3;0
26;2025-11-12;4;1
26;2025-11-12;5;89
26;2025-11-12;6;472
26;2025-11-12;7;1186
26;2025-11-12;8;2196
26;2025-11-12;9;1470
26;2025-11-12;10;1186
26;2025-11-12;11;1094
26;2025-11-12;12;1141
26;2025-11-12;13;1171
26;2025-11-12;14;1237
26;2025-11-12;15;1332
26;2025-11-12;16;1484
26;2025-11-12;17;1704
26;2025-11-12;18;1855
26;2025-11-12;19;1265
26;2025-11-12;20;777
26;2025-11-12;21;498
26;2025-11-12;22;213
26;2025-11-12;23;123
26;2025-11-13;0;36
26;2025-11-13;1;1
26;2025-11-13;2;0
26;2025-11-13;3;0
26;2025-11-13;4;1
26;2025-11-13;5;89
26;2025-11-13;6;468
26;2025-11-13;7;1160
26;2025-11-13;8;2162
26;2025-11-13;9;1463
26;2025-11-13;10;1171
26;2025-11-13;11;1110
26;2025-11-13;12;1133
26;2025-11-13;13;1163
26;2025-11-13;14;1225
26;2025-11-13;15;1331
26;2025-11-13;16;1476
26;2025-11-13;17;1699
26;2025-11-13;18;1847
26;2025-11-13;19;1242
26;2025-11-13;20;766
26;2025-11-13;21;480
26;2025-11-13;22;212
26;2025-11-13;23;124
26;2025-11-14;0;36
26;2025-11-14;1;2
26;2025-11-14;2;0
26;2025-11-14;3;0
26;2025-11-14;4;0
26;2025-11-14;5;82
26;2025-11-14;6;479
26;2025-11-14;7;1136
26;2025-11-14;8;2113
26;2025-11-14;9;1404
26;2025-11-14;10;1194
26;2025-11-14;11;1109
26;2025-11-14;12;1136
26;2025-11-14;13;1181
26;2025-11-14;14;1247
26;2025-11-14;15;1364
26;2025-11-14;16;1572
26;2025-11-14;17;1695
26;2025-11-14;18;1523
26;2025-11-14;19;1116
26;2025-11-14;20;709
26;2025-11-14;21;464
26;2025-11-14;22;209
26;2025-11-14;23;143
26;2025-11-15;0;49
26;2025-11-15;1;3
26;2025-11-15;2;0
26;2025-11-15;3;0
26;2025-11-15;4;3
26;2025-11-15;5;52
26;2025-11-15;6;246
26;2025-11-15;7;374
26;2025-11-15;8;573
26;2025-11-15;9;683
26;2025-11-15;10;786
26;2025-11-15;11;914
26;2025-11-15;12;972
26;2025-11-15;13;1003
26;2025-11-15;14;1013
26;2025-11-15;15;979
26;2025-11-15;16;962
26;2025-11-15;17;924
26;2025-11-15;18;861
26;2025-11-15;19;738
26;2025-11-15;20;523
26;2025-11-15;21;377
26;2025-11-15;22;214
26;2025-11-15;23;149
26;2025-11-16;0;50
26;2025-11-16;1;5
26;2025-11-16;2;0
26;2025-11-16;3;0
26;2025-11-16;4;2
26;2025-11-16;5;25
26;2025-11-16;6;149
26;2025-11-16;7;236
26;2025-11-16;8;386
26;2025-11-16;9;511
26;2025-11-16;10;605
26;2025-11-16;11;751
26;2025-11-16;12;809
26;2025-11-16;13;862
26;2025-11-16;14;859
26;2025-11-16;15;818
26;2025-11-16;16;785
26;2025-11-16;17;766
26;2025-11-16;18;694
26;2025-11-16;19;554
26;2025-11-16;20;412
26;2025-11-16;21;298
26;2025-11-16;22;166
26;2025-11-16;23;100
26;2025-11-17;0;31
26;2025-11-17;1;2
26;2025-11-17;2;0
26;2025-11-17;3;0
26;2025-11-17;4;0
26;2025-11-17;5;80
26;2025-11-17;6;470
26;2025-11-17;7;1162
26;2025-11-17;8;2119
26;2025-11-17;9;1425
26;2025-11-17;10;1146
26;2025-11-17;11;1052
26;2025-11-17;12;1075
26;2025-11-17;13;1117
26;2025-11-17;14;1150
26;2025-11-17;15;1266
26;2025-11-17;16;1421
26;2025-11-17;17;1686
26;2025-11-17;18;1834
26;2025-11-17;19;1241
26;2025-11-17;20;761
26;2025-11-17;21;455
26;2025-11-17;22;193
26;2025-11-17;23;101
26;2025-11-18;0;31
26;2025-11-18;1;1
26;2025-11-18;2;0
26;2025-11-18;3;0
26;2025-11-18;4;0
26;2025-11-18;5;84
26;2025-11-18;6;480
26;2025-11-18;7;1184
26;2025-11-18;8;2188
26;2025-11-18;9;1462
26;2025-11-18;10;1186
26;2025-11-18;11;1105
26;2025-11-18;12;1125
26;2025-11-18;13;1136
26;2025-11-18;14;1168
26;2025-11-18;15;1302
26;2025-11-18;16;1468
26;2025-11-18;17;1728
26;2025-11-18;18;1877
26;2025-11-18;19;1271
26;2025-11-18;20;770
26;2025-11-18;21;469
26;2025-11-18;22;202
26;2025-11-18;23;111
26;2025-11-19;0;33
26;2025-11-19;1;1
26;2025-11-19;2;0
26;2025-11-19;3;0
26;2025-11-19;4;1
26;2025-11-19;5;88
26;2025-11-19;6;469
26;2025-11-19;7;1180
26;2025-11-19;8;2194
26;2025-11-19;9;1467
26;2025-11-19;10;1183
26;2025-11-19;11;1092
26;2025-11-19;12;1137
26;2025-11-19;13;1168
26;2025-11-19;14;1233
26;2025-11-19;15;1327
26;2025-11-19;16;1480
26;2025-11-19;17;1700
26;2025-11-19;18;1857
26;2025-11-19;19;1263
26;2025-11-19;20;776
26;2025-11-19;21;498
26;2025-11-19;22;214
26;2025-11-19;23;123
26;2025-11-20;0;36
26;2025-11-20;1;1
26;2025-11-20;2;0
26;2025-11-20;3;0
26;2025-11-20;4;1
26;2025-11-20;5;86
26;2025-11-20;6;465
26;2025-11-20;7;1155
26;2025-11-20;8;2161
26;2025-11-20;9;1461
26;2025-11-20;10;1169
26;2025-11-20;11;1110
26;2025-11-20;12;1132
26;2025-11-20;13;1160
26;2025-11-20;14;1223
26;2025-11-20;15;1326
26;2025-11-20;16;1473
26;2025-11-20;17;1696
26;2025-11-20;18;1847
26;2025-11-20;19;1240
26;2025-11-20;20;765
26;2025-11-20;21;480
26;2025-11-20;22;212
26;2025-11-20;23;124
26;2025-11-21;0;35
26;2025-11-21;1;2
26;2025-11-21;2;0
26;2025-11-21;3;0
26;2025-11-21;4;0
26;2025-11-21;5;81
26;2025-11-21;6;477
26;2025-11-21;7;1131
26;2025-11-21;8;2110
26;2025-11-21;9;1401
26;2025-11-21;10;1192
26;2025-11-21;11;1110
26;2025-11-21;12;1136
26;2025-11-21;13;1180
26;2025-11-21;14;1249
26;2025-11-21;15;1367
26;2025-11-21;16;1575
26;2025-11-21;17;1698
26;2025-11-21;18;1527
26;2025-11-21;19;1120
26;2025-11-21;20;710
26;2025-11-21;21;466
26;2025-11-21;22;210
26;2025-11-21;23;142
26;2025-11-22;0;50
26;2025-11-22;1;3
26;2025-11-22;2;0
26;2025-11-22;3;0
26;2025-11-22;4;3
26;2025-11-22;5;52
26;2025-11-22;6;243
26;2025-11-22;7;380
26;2025-11-22;8;574
26;2025-11-22;9;684
26;2025-11-22;10;787
26;2025-11-22;11;917
26;2025-11-22;12;977
26;2025-11-22;13;1008
26;2025-11-22;14;1014
26;2025-11-22;15;979
26;2025-11-22;16;964
26;2025-11-22;17;928
26;2025-11-22;18;868
26;2025-11-22;19;741
26;2025-11-22;20;525
26;2025-11-22;21;378
26;2025-11-22;22;215
26;2025-11-22;23;150
26;2025-11-23;0;52
26;2025-11-23;1;5
26;2025-11-23;2;0
26;2025-11-23;3;0
26;2025-11-23;4;2
26;2025-11-23;5;27
26;2025-11-23;6;145
26;2025-11-23;7;230
26;2025-11-23;8;381
26;2025-11-23;9;503
26;2025-11-23;10;596
26;2025-11-23;11;752
26;2025-11-23;12;809
26;2025-11-23;13;863
26;2025-11-23;14;856
26;2025-11-23;15;816
26;2025-11-23;16;784
26;2025-11-23;17;769
26;2025-11-23;18;699
26;2025-11-23;19;559
26;2025-11-23;20;416
26;2025-11-23;21;303
26;2025-11-23;22;169
26;2025-11-23;23;105
26;2025-11-24;0;32
26;2025-11-24;1;2
26;2025-11-24;2;0
26;2025-11-24;3;0
26;2025-11-24;4;0
26;2025-11-24;5;79
26;2025-11-24;6;462
26;2025-11-24;7;1155
26;2025-11-24;8;2107
26;2025-11-24;9;1418
26;2025-11-24;10;1141
26;2025-11-24;11;1052
26;2025-11-24;12;1075
26;2025-11-24;13;1119
26;2025-11-24;14;1146
26;2025-11-24;15;1262
26;2025-11-24;16;1417
26;2025-11-24;17;1683
26;2025-11-24;18;1833
26;2025-11-24;19;1236
26;2025-11-24;20;756
26;2025-11-24;21;450
26;2025-11-24;22;187
26;2025-11-24;23;96
26;2025-11-25;0;31
26;2025-11-25;1;1
26;2025-11-25;2;0
26;2025-11-25;3;0
26;2025-11-25;4;0
26;2025-11-25;5;81
26;2025-11-25;6;476
26;2025-11-25;7;1171
26;2025-11-25;8;2171
26;2025-11-25;9;1447
26;2025-11-25;10;1176
26;2025-11-25;11;1095
26;2025-11-25;12;1116
26;2025-11-25;13;1128
26;2025-11-25;14;1160
26;2025-11-25;15;1292
26;2025-11-25;16;1460
26;2025-11-25;17;1720
26;2025-11-25;18;1874
26;2025-11-25;19;1267
26;2025-11-25;20;766
26;2025-11-25;21;466
26;2025-11-25;22;199
26;2025-11-25;23;108
26;2025-11-26;0;33
26;2025-11-26;1;1
26;2025-11-26;2;0
26;2025-11-26;3;0
26;2025-11-26;4;1
26;2025-11-26;5;89
26;2025-11-26;6;469
26;2025-11-26;7;1171
26;2025-11-26;8;2183
26;2025-11-26;9;1460
26;2025-11-26;10;1178
26;2025-11-26;11;1085
26;2025-11-26;12;1130
26;2025-11-26;13;1159
26;2025-11-26;14;1223
26;2025-11-26;15;1316
26;2025-11-26;16;1470
26;2025-11-26;17;1691
26;2025-11-26;18;1855
26;2025-11-26;19;1262
26;2025-11-26;20;775
26;2025-11-26;21;498
26;2025-11-26;22;214
26;2025-11-26;23;125
26;2025-11-27;0;36
26;2025-11-27;1;1
26;2025-11-27;2;0
26;2025-11-27;3;1
26;2025-11-27;4;1
26;2025-11-27;5;88
26;2025-11-27;6;467
26;2025-11-27;7;1147
26;2025-11-27;8;2150
26;2025-11-27;9;1454
26;2025-11-27;10;1165
26;2025-11-27;11;1104
26;2025-11-27;12;1125
26;2025-11-27;13;1153
26;2025-11-27;14;1214
26;2025-11-27;15;1318
26;2025-11-27;16;1464
26;2025-11-27;17;1688
26;2025-11-27;18;1844
26;2025-11-27;19;1240
26;2025-11-27;20;766
26;2025-11-27;21;480
26;2025-11-27;22;213
26;2025-11-27;23;126
26;2025-11-28;0;36
26;2025-11-28;1;2
26;2025-11-28;2;0
26;2025-11-28;3;0
26;2025-11-28;4;0
26;2025-11-28;5;84
26;2025-11-28;6;479
26;2025-11-28;7;1127
26;2025-11-28;8;2102
26;2025-11-28;9;1396
26;2025-11-28;10;1186
26;2025-11-28;11;1103
26;2025-11-28;12;1129
26;2025-11-28;13;1173
26;2025-11-28;14;1238
26;2025-11-28;15;1354
26;2025-11-28;16;1563
26;2025-11-28;17;1689
26;2025-11-28;18;1525
26;2025-11-28;19;1121
26;2025-11-28;20;712
26;2025-11-28;21;469
26;2025-11-28;22;212
26;2025-11-28;23;144
26;2025-11-29;0;50
26;2025-11-29;1;3
26;2025-11-29;2;0
26;2025-11-29;3;0
26;2025-11-29;4;3
26;2025-11-29;5;56
26;2025-11-29;6;247
26;2025-11-29;7;380
26;2025-11-29;8;568
26;2025-11-29;9;676
26;2025-11-29;10;773
26;2025-11-29;11;902
26;2025-11-29;12;957
26;2025-11-29;13;986
26;2025-11-29;14;993
26;2025-11-29;15;957
26;2025-11-29;16;943
26;2025-11-29;17;908
26;2025-11-29;18;849
26;2025-11-29;19;729
26;2025-11-29;20;516
26;2025-11-29;21;372
26;2025-11-29;22;211
26;2025-11-29;23;148
26;2025-11-30;0;52
26;2025-11-30;1;5
26;2025-11-30;2;0
26;2025-11-30;3;0
26;2025-11-30;4;2
26;2025-11-30;5;30
26;2025-11-30;6;147
26;2025-11-30;7;232
26;2025-11-30;8;374
26;2025-11-30;9;496
26;2025-11-30;10;583
26;2025-11-30;11;731
26;2025-11-30;12;786
26;2025-11-30;13;836
26;2025-11-30;14;832
26;2025-11-30;15;790
26;2025-11-30;16;758
26;2025-11-30;17;747
26;2025-11-30;18;680
26;2025-11-30;19;550
26;2025-11-30;20;409
26;2025-11-30;21;297
26;2025-11-30;22;166
26;2025-11-30;23;101
26;2025-12-01;0;32
26;2025-12-01;1;2
26;2025-12-01;2;0
26;2025-12-01;3;0
26;2025-12-01;4;0
26;2025-12-01;5;80
26;2025-12-01;6;475
26;2025-12-01;7;1128
26;2025-12-01;8;2008
26;2025-12-01;9;1389
26;2025-12-01;10;1111
26;2025-12-01;11;1015
26;2025-12-01;12;1032
26;2025-12-01;13;1068
26;2025-12-01;14;1078
26;2025-12-01;15;1192
26;2025-12-01;16;1344
26;2025-12-01;17;1625
26;2025-12-01;18;1782
26;2025-12-01;19;1213
26;2025-12-01;20;736
26;2025-12-01;21;438
26;2025-12-01;22;186
26;2025-12-01;23;90
26;2025-12-02;0;31
26;2025-12-02;1;1
26;2025-12-02;2;0
26;2025-12-02;3;0
26;2025-12-02;4;0
26;2025-12-02;5;81
26;2025-12-02;6;490
26;2025-12-02;7;1146
26;2025-12-02;8;2076
26;2025-12-02;9;1425
26;2025-12-02;10;1155
26;2025-12-02;11;1070
26;2025-12-02;12;1086
26;2025-12-02;13;1090
26;2025-12-02;14;1106
26;2025-12-02;15;1236
26;2025-12-02;16;1400
26;2025-12-02;17;1667
26;2025-12-02;18;1820
26;2025-12-02;19;1245
26;2025-12-02;20;747
26;2025-12-02;21;453
26;2025-12-02;22;198
26;2025-12-02;23;99
26;2025-12-03;0;33
26;2025-12-03;1;1
26;2025-12-03;2;0
26;2025-12-03;3;0
26;2025-12-03;4;1
26;2025-12-03;5;86
26;2025-12-03;6;481
26;2025-12-03;7;1148
26;2025-12-03;8;2098
26;2025-12-03;9;1446
26;2025-12-03;10;1168
26;2025-12-03;11;1073
26;2025-12-03;12;1116
26;2025-12-03;13;1140
26;2025-12-03;14;1187
26;2025-12-03;15;1279
26;2025-12-03;16;1429
26;2025-12-03;17;1652
26;2025-12-03;18;1811
26;2025-12-03;19;1242
26;2025-12-03;20;758
26;2025-12-03;21;486
26;2025-12-03;22;214
26;2025-12-03;23;116
26;2025-12-04;0;36
26;2025-12-04;1;1
26;2025-12-04;2;0
26;2025-12-04;3;0
26;2025-12-04;4;1
26;2025-12-04;5;90
26;2025-12-04;6;481
26;2025-12-04;7;1127
26;2025-12-04;8;2068
26;2025-12-04;9;1443
26;2025-12-04;10;1157
26;2025-12-04;11;1093
26;2025-12-04;12;1113
26;2025-12-04;13;1136
26;2025-12-04;14;1179
26;2025-12-04;15;1282
26;2025-12-04;16;1426
26;2025-12-04;17;1653
26;2025-12-04;18;1804
26;2025-12-04;19;1226
26;2025-12-04;20;754
26;2025-12-04;21;475
26;2025-12-04;22;216
26;2025-12-04;23;119
26;2025-12-05;0;36
26;2025-12-05;1;2
26;2025-12-05;2;0
26;2025-12-05;3;0
26;2025-12-05;4;0
26;2025-12-05;5;84
26;2025-12-05;6;489
26;2025-12-05;7;1108
26;2025-12-05;8;2021
26;2025-12-05;9;1385
26;2025-12-05;10;1177
26;2025-12-05;11;1094
26;2025-12-05;12;1117
26;2025-12-05;13;1158
26;2025-12-05;14;1204
26;2025-12-05;15;1318
26;2025-12-05;16;1521
26;2025-12-05;17;1656
26;2025-12-05;18;1493
26;2025-12-05;19;1109
26;2025-12-05;20;705
26;2025-12-05;21;464
26;2025-12-05;22;214
26;2025-12-05;23;135
26;2025-12-06;0;51
26;2025-12-06;1;3
26;2025-12-06;2;0
26;2025-12-06;3;0
26;2025-12-06;4;2
26;2025-12-06;5;47
26;2025-12-06;6;233
26;2025-12-06;7;356
26;2025-12-06;8;531
26;2025-12-06;9;654
26;2025-12-06;10;750
26;2025-12-06;11;881
26;2025-12-06;12;938
26;2025-12-06;13;970
26;2025-12-06;14;963
26;2025-12-06;15;932
26;2025-12-06;16;916
26;2025-12-06;17;886
26;2025-12-06;18;820
26;2025-12-06;19;714
26;2025-12-06;20;506
26;2025-12-06;21;365
26;2025-12-06;22;209
26;2025-12-06;23;136
26;2025-12-07;0;52
26;2025-12-07;1;4
26;2025-12-07;2;0
26;2025-12-07;3;0
26;2025-12-07;4;2
26;2025-12-07;5;23
26;2025-12-07;6;138
26;2025-12-07;7;218
26;2025-12-07;8;347
26;2025-12-07;9;489
26;2025-12-07;10;581
26;2025-12-07;11;730
26;2025-12-07;12;787
26;2025-12-07;13;840
26;2025-12-07;14;822
26;2025-12-07;15;783
26;2025-12-07;16;749
26;2025-12-07;17;735
26;2025-12-07;18;660
26;2025-12-07;19;536
26;2025-12-07;20;401
26;2025-12-07;21;291
26;2025-12-07;22;166
26;2025-12-07;23;91
26;2025-12-08;0;31
26;2025-12-08;1;2
26;2025-12-08;2;0
26;2025-12-08;3;0
26;2025-12-08;4;0
26;2025-12-08;5;81
26;2025-12-08;6;478
26;2025-12-08;7;1142
26;2025-12-08;8;2031
26;2025-12-08;9;1411
26;2025-12-08;10;1136
26;2025-12-08;11;1045
26;2025-12-08;12;1063
26;2025-12-08;13;1102
26;2025-12-08;14;1109
26;2025-12-08;15;1224
26;2025-12-08;16;1376
26;2025-12-08;17;1650
26;2025-12-08;18;1793
26;2025-12-08;19;1225
26;2025-12-08;20;747
26;2025-12-08;21;446
26;2025-12-08;22;191
26;2025-12-08;23;93
26;2025-12-09;0;32
26;2025-12-09;1;1
26;2025-12-09;2;0
26;2025-12-09;3;1
26;2025-12-09;4;1
26;2025-12-09;5;86
26;2025-12-09;6;498
26;2025-12-09;7;1167
26;2025-12-09;8;2107
26;2025-12-09;9;1455
26;2025-12-09;10;1188
26;2025-12-09;11;1105
26;2025-12-09;12;1123
26;2025-12-09;13;1129
26;2025-12-09;14;1144
26;2025-12-09;15;1274
26;2025-12-09;16;1438
26;2025-12-09;17;1699
26;2025-12-09;18;1844
26;2025-12-09;19;1263
26;2025-12-09;20;763
26;2025-12-09;21;467
26;2025-12-09;22;206
26;2025-12-09;23;104
26;2025-12-10;0;33
26;2025-12-10;1;1
26;2025-12-10;2;0
26;2025-12-10;3;0
26;2025-12-10;4;1
26;2025-12-10;5;88
26;2025-12-10;6;487
26;2025-12-10;7;1166
26;2025-12-10;8;2118
26;2025-12-10;9;1463
26;2025-12-10;10;1186
26;2025-12-10;11;1092
26;2025-12-10;12;1135
26;2025-12-10;13;1162
26;2025-12-10;14;1208
26;2025-12-10;15;1301
26;2025-12-10;16;1450
26;2025-12-10;17;1673
26;2025-12-10;18;1824
26;2025-12-10;19;1255
26;2025-12-10;20;769
26;2025-12-10;21;496
26;2025-12-10;22;219
26;2025-12-10;23;117
26;2025-12-11;0;36
26;2025-12-11;1;1
26;2025-12-11;2;0
26;2025-12-11;3;0
26;2025-12-11;4;1
26;2025-12-11;5;88
26;2025-12-11;6;482
26;2025-12-11;7;1140
26;2025-12-11;8;2082
26;2025-12-11;9;1454
26;2025-12-11;10;1169
26;2025-12-11;11;1107
26;2025-12-11;12;1126
26;2025-12-11;13;1151
26;2025-12-11;14;1194
26;2025-12-11;15;1298
26;2025-12-11;16;1441
26;2025-12-11;17;1668
26;2025-12-11;18;1813
26;2025-12-11;19;1232
26;2025-12-11;20;758
26;2025-12-11;21;477
26;2025-12-11;22;217
26;2025-12-11;23;118
26;2025-12-12;0;35
26;2025-12-12;1;2
26;2025-12-12;2;0
26;2025-12-12;3;0
26;2025-12-12;4;0
26;2025-12-12;5;81
26;2025-12-12;6;487
26;2025-12-12;7;1115
26;2025-12-12;8;2030
26;2025-12-12;9;1390
26;2025-12-12;10;1185
26;2025-12-12;11;1103
26;2025-12-12;12;1125
26;2025-12-12;13;1168
26;2025-12-12;14;1215
26;2025-12-12;15;1331
26;2025-12-12;16;1536
26;2025-12-12;17;1663
26;2025-12-12;18;1491
26;2025-12-12;19;1106
26;2025-12-12;20;700
26;2025-12-12;21;460
26;2025-12-12;22;212
26;2025-12-12;23;133
26;2025-12-13;0;51
26;2025-12-13;1;3
26;2025-12-13;2;0
26;2025-12-13;3;0
26;2025-12-13;4;2
26;2025-12-13;5;47
26;2025-12-13;6;234
26;2025-12-13;7;360
26;2025-12-13;8;540
26;2025-12-13;9;663
26;2025-12-13;10;763
26;2025-12-13;11;894
26;2025-12-13;12;950
26;2025-12-13;13;984
26;2025-12-13;14;979
26;2025-12-13;15;948
26;2025-12-13;16;931
26;2025-12-13;17;899
26;2025-12-13;18;830
26;2025-12-13;19;719
26;2025-12-13;20;508
26;2025-12-13;21;367
26;2025-12-13;22;211
26;2025-12-13;23;136
26;2025-12-14;0;52
26;2025-12-14;1;5
26;2025-12-14;2;0
26;2025-12-14;3;0
26;2025-12-14;4;2
26;2025-12-14;5;24
26;2025-12-14;6;140
26;2025-12-14;7;226
26;2025-12-14;8;356
26;2025-12-14;9;497
26;2025-12-14;10;589
26;2025-12-14;11;736
26;2025-12-14;12;792
26;2025-12-14;13;846
26;2025-12-14;14;829
26;2025-12-14;15;793
26;2025-12-14;16;758
26;2025-12-14;17;744
26;2025-12-14;18;671
26;2025-12-14;19;543
26;2025-12-14;20;406
26;2025-12-14;21;297
26;2025-12-14;22;167
26;2025-12-14;23;93
26;2025-12-15;0;32
26;2025-12-15;1;2
26;2025-12-15;2;0
26;2025-12-15;3;0
26;2025-12-15;4;0
26;2025-12-15;5;83
26;2025-12-15;6;480
26;2025-12-15;7;1151
26;2025-12-15;8;2047
26;2025-12-15;9;1421
26;2025-12-15;10;1143
26;2025-12-15;11;1050
26;2025-12-15;12;1068
26;2025-12-15;13;1106
26;2025-12-15;14;1114
26;2025-12-15;15;1229
26;2025-12-15;16;1382
26;2025-12-15;17;1656
26;2025-12-15;18;1805
26;2025-12-15;19;1228
26;2025-12-15;20;749
26;2025-12-15;21;448
26;2025-12-15;22;192
26;2025-12-15;23;95
26;2025-12-16;0;31
26;2025-12-16;1;1
26;2025-12-16;2;0
26;2025-12-16;3;0
26;2025-12-16;4;0
26;2025-12-16;5;85
26;2025-12-16;6;496
26;2025-12-16;7;1174
26;2025-12-16;8;2123
26;2025-12-16;9;1466
26;2025-12-16;10;1196
26;2025-12-16;11;1113
26;2025-12-16;12;1129
26;2025-12-16;13;1135
26;2025-12-16;14;1152
26;2025-12-16;15;1283
26;2025-12-16;16;1447
26;2025-12-16;17;1707
26;2025-12-16;18;1852
26;2025-12-16;19;1264
26;2025-12-16;20;763
26;2025-12-16;21;467
26;2025-12-16;22;208
26;2025-12-16;23;107
26;2025-12-17;0;33
26;2025-12-17;1;1
26;2025-12-17;2;0
26;2025-12-17;3;0
26;2025-12-17;4;1
26;2025-12-17;5;87
26;2025-12-17;6;487
26;2025-12-17;7;1165
26;2025-12-17;8;2127
26;2025-12-17;9;1470
26;2025-12-17;10;1191
26;2025-12-17;11;1096
26;2025-12-17;12;1137
26;2025-12-17;13;1164
26;2025-12-17;14;1212
26;2025-12-17;15;1305
26;2025-12-17;16;1445
26;2025-12-17;17;1666
26;2025-12-17;18;1818
26;2025-12-17;19;1252
26;2025-12-17;20;764
26;2025-12-17;21;494
26;2025-12-17;22;218
26;2025-12-17;23;118
26;2025-12-18;0;36
26;2025-12-18;1;1
26;2025-12-18;2;0
26;2025-12-18;3;0
26;2025-12-18;4;1
26;2025-12-18;5;88
26;2025-12-18;6;482
26;2025-12-18;7;1138
26;2025-12-18;8;2090
26;2025-12-18;9;1460
26;2025-12-18;10;1172
26;2025-12-18;11;1110
26;2025-12-18;12;1128
26;2025-12-18;13;1153
26;2025-12-18;14;1195
26;2025-12-18;15;1296
26;2025-12-18;16;1440
26;2025-12-18;17;1667
26;2025-12-18;18;1816
26;2025-12-18;19;1231
26;2025-12-18;20;756
26;2025-12-18;21;476
26;2025-12-18;22;217
26;2025-12-18;23;118
26;2025-12-19;0;36
26;2025-12-19;1;2
26;2025-12-19;2;0
26;2025-12-19;3;0
26;2025-12-19;4;0
26;2025-12-19;5;83
26;2025-12-19;6;490
26;2025-12-19;7;1118
26;2025-12-19;8;2038
26;2025-12-19;9;1398
26;2025-12-19;10;1192
26;2025-12-19;11;1112
26;2025-12-19;12;1133
26;2025-12-19;13;1175
26;2025-12-19;14;1223
26;2025-12-19;15;1339
26;2025-12-19;16;1545
26;2025-12-19;17;1671
26;2025-12-19;18;1500
26;2025-12-19;19;1114
26;2025-12-19;20;705
26;2025-12-19;21;464
26;2025-12-19;22;216
26;2025-12-19;23;134
26;2025-12-20;0;51
26;2025-12-20;1;3
26;2025-12-20;2;0
26;2025-12-20;3;0
26;2025-12-20;4;2
26;2025-12-20;5;47
26;2025-12-20;6;234
26;2025-12-20;7;364
26;2025-12-20;8;549
26;2025-12-20;9;672
26;2025-12-20;10;773
26;2025-12-20;11;905
26;2025-12-20;12;961
26;2025-12-20;13;994
26;2025-12-20;14;988
26;2025-12-20;15;956
26;2025-12-20;16;938
26;2025-12-20;17;907
26;2025-12-20;18;841
26;2025-12-20;19;726
26;2025-12-20;20;515
26;2025-12-20;21;372
26;2025-12-20;22;217
26;2025-12-20;23;141
26;2025-12-21;0;53
26;2025-12-21;1;4
26;2025-12-21;2;0
26;2025-12-21;3;0
26;2025-12-21;4;2
26;2025-12-21;5;23
26;2025-12-21;6;137
26;2025-12-21;7;222
26;2025-12-21;8;354
26;2025-12-21;9;497
26;2025-12-21;10;591
26;2025-12-21;11;738
26;2025-12-21;12;794
26;2025-12-21;13;848
26;2025-12-21;14;832
26;2025-12-21;15;794
26;2025-12-21;16;759
26;2025-12-21;17;745
26;2025-12-21;18;670
26;2025-12-21;19;541
26;2025-12-21;20;406
26;2025-12-21;21;297
26;2025-12-21;22;171
26;2025-12-21;23;94
26;2025-12-22;0;32
26;2025-12-22;1;2
26;2025-12-22;2;0
26;2025-12-22;3;0
26;2025-12-22;4;0
26;2025-12-22;5;83
26;2025-12-22;6;479
26;2025-12-22;7;1146
26;2025-12-22;8;2039
26;2025-12-22;9;1415
26;2025-12-22;10;1141
26;2025-12-22;11;1051
26;2025-12-22;12;1069
26;2025-12-22;13;1106
26;2025-12-22;14;1113
26;2025-12-22;15;1227
26;2025-12-22;16;1381
26;2025-12-22;17;1655
26;2025-12-22;18;1805
26;2025-12-22;19;1228
26;2025-12-22;20;750
26;2025-12-22;21;450
26;2025-12-22;22;195
26;2025-12-22;23;96
26;2025-12-23;0;32
26;2025-12-23;1;1
26;2025-12-23;2;0
26;2025-12-23;3;0
26;2025-12-23;4;0
26;2025-12-23;5;85
26;2025-12-23;6;496
26;2025-12-23;7;1165
26;2025-12-23;8;2110
26;2025-12-23;9;1456
26;2025-12-23;10;1190
26;2025-12-23;11;1108
26;2025-12-23;12;1125
26;2025-12-23;13;1132
26;2025-12-23;14;1148
26;2025-12-23;15;1278
26;2025-12-23;16;1441
26;2025-12-23;17;1703
26;2025-12-23;18;1852
26;2025-12-23;19;1265
26;2025-12-23;20;765
26;2025-12-23;21;470
26;2025-12-23;22;210
26;2025-12-23;23;108
26;2025-12-24;0;34
26;2025-12-24;1;1
26;2025-12-24;2;0
26;2025-12-24;3;0
26;2025-12-24;4;1
26;2025-12-24;5;88
26;2025-12-24;6;486
26;2025-12-24;7;1160
26;2025-12-24;8;2118
26;2025-12-24;9;1466
26;2025-12-24;10;1189
26;2025-12-24;11;1092
26;2025-12-24;12;1135
26;2025-12-24;13;1161
26;2025-12-24;14;1208
26;2025-12-24;15;1299
26;2025-12-24;16;1449
26;2025-12-24;17;1673
26;2025-12-24;18;1829
26;2025-12-24;19;1254
26;2025-12-24;20;768
26;2025-12-24;21;496
26;2025-12-24;22;220
26;2025-12-24;23;118
26;2025-12-25;0;36
26;2025-12-25;1;1
26;2025-12-25;2;0
26;2025-12-25;3;1
26;2025-12-25;4;1
26;2025-12-25;5;93
26;2025-12-25;6;483
26;2025-12-25;7;1117
26;2025-12-25;8;2057
26;2025-12-25;9;1454
26;2025-12-25;10;1188
26;2025-12-25;11;1127
26;2025-12-25;12;1148
26;2025-12-25;13;1168
26;2025-12-25;14;1213
26;2025-12-25;15;1311
26;2025-12-25;16;1436
26;2025-12-25;17;1656
26;2025-12-25;18;1798
26;2025-12-25;19;1226
26;2025-12-25;20;761
26;2025-12-25;21;481
26;2025-12-25;22;222
26;2025-12-25;23;121
26;2025-12-26;0;35
26;2025-12-26;1;2
26;2025-12-26;2;0
26;2025-12-26;3;0
26;2025-12-26;4;0
26;2025-12-26;5;89
26;2025-12-26;6;490
26;2025-12-26;7;1099
26;2025-12-26;8;2029
26;2025-12-26;9;1406
26;2025-12-26;10;1210
26;2025-12-26;11;1126
26;2025-12-26;12;1149
26;2025-12-26;13;1183
26;2025-12-26;14;1230
26;2025-12-26;15;1341
26;2025-12-26;16;1536
26;2025-12-26;17;1658
26;2025-12-26;18;1489
26;2025-12-26;19;1103
26;2025-12-26;20;707
26;2025-12-26;21;468
26;2025-12-26;22;222
26;2025-12-26;23;138
26;2025-12-27;0;49
26;2025-12-27;1;3
26;2025-12-27;2;0
26;2025-12-27;3;0
26;2025-12-27;4;3
26;2025-12-27;5;54
26;2025-12-27;6;237
26;2025-12-27;7;366
26;2025-12-27;8;541
26;2025-12-27;9;666
26;2025-12-27;10;753
26;2025-12-27;11;879
26;2025-12-27;12;931
26;2025-12-27;13;957
26;2025-12-27;14;953
26;2025-12-27;15;917
26;2025-12-27;16;894
26;2025-12-27;17;859
26;2025-12-27;18;796
26;2025-12-27;19;699
26;2025-12-27;20;500
26;2025-12-27;21;366
26;2025-12-27;22;212
26;2025-12-27;23;141
26;2025-12-28;0;52
26;2025-12-28;1;4
26;2025-12-28;2;0
26;2025-12-28;3;0
26;2025-12-28;4;2
26;2025-12-28;5;33
26;2025-12-28;6;143
26;2025-12-28;7;220
26;2025-12-28;8;354
26;2025-12-28;9;493
26;2025-12-28;10;577
26;2025-12-28;11;721
26;2025-12-28;12;771
26;2025-12-28;13;816
26;2025-12-28;14;800
26;2025-12-28;15;757
26;2025-12-28;16;718
26;2025-12-28;17;700
26;2025-12-28;18;627
26;2025-12-28;19;523
26;2025-12-28;20;393
26;2025-12-28;21;294
26;2025-12-28;22;170
26;2025-12-28;23;99
26;2025-12-29;0;28
26;2025-12-29;1;2
26;2025-12-29;2;0
26;2025-12-29;3;1
26;2025-12-29;4;3
26;2025-12-29;5;90
26;2025-12-29;6;461
26;2025-12-29;7;1061
26;2025-12-29;8;1936
26;2025-12-29;9;1358
26;2025-12-29;10;1117
26;2025-12-29;11;1031
26;2025-12-29;12;1053
26;2025-12-29;13;1077
26;2025-12-29;14;1078
26;2025-12-29;15;1183
26;2025-12-29;16;1314
26;2025-12-29;17;1560
26;2025-12-29;18;1693
26;2025-12-29;19;1161
26;2025-12-29;20;711
26;2025-12-29;21;426
26;2025-12-29;22;182
26;2025-12-29;23;95
26;2025-12-30;0;28
26;2025-12-30;1;1
26;2025-12-30;2;0
26;2025-12-30;3;0
26;2025-12-30;4;1
26;2025-12-30;5;83
26;2025-12-30;6;456
26;2025-12-30;7;1023
26;2025-12-30;8;1918
26;2025-12-30;9;1348
26;2025-12-30;10;1117
26;2025-12-30;11;1046
26;2025-12-30;12;1066
26;2025-12-30;13;1064
26;2025-12-30;14;1074
26;2025-12-30;15;1190
26;2025-12-30;16;1323
26;2025-12-30;17;1532
26;2025-12-30;18;1647
26;2025-12-30;19;1148
26;2025-12-30;20;696
26;2025-12-30;21;431
26;2025-12-30;22;196
26;2025-12-30;23;101
26;2025-12-31;0;30
26;2025-12-31;1;0
26;2025-12-31;2;0
26;2025-12-31;3;0
26;2025-12-31;4;1
26;2025-12-31;5;8
26;2025-12-31;6;60
26;2025-12-31;7;141
26;2025-12-31;8;263
26;2025-12-31;9;334
26;2025-12-31;10;332
26;2025-12-31;11;421
26;2025-12-31;12;455
26;2025-12-31;13;487
26;2025-12-31;14;502
26;2025-12-31;15;483
26;2025-12-31;16;496
26;2025-12-31;17;492
26;2025-12-31;18;374
26;2025-12-31;19;322
26;2025-12-31;20;223
26;2025-12-31;21;165
26;2025-12-31;22;55
26;2025-12-31;23;72
28;2025-11-01;0;15
28;2025-11-01;1;10
28;2025-11-01;2;12
28;2025-11-01;3;11
28;2025-11-01;4;14
28;2025-11-01;5;100
28;2025-11-01;6;249
28;2025-11-01;7;622
28;2025-11-01;8;1002
28;2025-11-01;9;727
28;2025-11-01;10;650
28;2025-11-01;11;617
28;2025-11-01;12;662
28;2025-11-01;13;687
28;2025-11-01;14;659
28;2025-11-01;15;731
28;2025-11-01;16;810
28;2025-11-01;17;857
28;2025-11-01;18;824
28;2025-11-01;19;581
28;2025-11-01;20;424
28;2025-11-01;21;332
28;2025-11-01;22;163
28;2025-11-01;23;52
28;2025-11-02;0;0
28;2025-11-02;1;0
28;2025-11-02;2;0
28;2025-11-02;3;1
28;2025-11-02;4;5
28;2025-11-02;5;26
28;2025-11-02;6;68
28;2025-11-02;7;85
28;2025-11-02;8;190
28;2025-11-02;9;264
28;2025-11-02;10;300
28;2025-11-02;11;335
28;2025-11-02;12;378
28;2025-11-02;13;444
28;2025-11-02;14;441
28;2025-11-02;15;431
28;2025-11-02;16;399
28;2025-11-02;17;368
28;2025-11-02;18;321
28;2025-11-02;19;277
28;2025-11-02;20;227
28;2025-11-02;21;196
28;2025-11-02;22;97
28;2025-11-02;23;20
28;2025-11-03;0;2
28;2025-11-03;1;2
28;2025-11-03;2;1
28;2025-11-03;3;0
28;2025-11-03;4;7
28;2025-11-03;5;18
28;2025-11-03;6;62
28;2025-11-03;7;129
28;2025-11-03;8;271
28;2025-11-03;9;270
28;2025-11-03;10;255
28;2025-11-03;11;288
28;2025-11-03;12;356
28;2025-11-03;13;404
28;2025-11-03;14;385
28;2025-11-03;15;367
28;2025-11-03;16;396
28;2025-11-03;17;377
28;2025-11-03;18;358
28;2025-11-03;19;303
28;2025-11-03;20;253
28;2025-11-03;21;187
28;2025-11-03;22;74
28;2025-11-03;23;12
28;2025-11-04;0;3
28;2025-11-04;1;3
28;2025-11-04;2;3
28;2025-11-04;3;3
28;2025-11-04;4;9
28;2025-11-04;5;8
28;2025-11-04;6;33
28;2025-11-04;7;93
28;2025-11-04;8;218
28;2025-11-04;9;224
28;2025-11-04;10;218
28;2025-11-04;11;261
28;2025-11-04;12;329
28;2025-11-04;13;374
28;2025-11-04;14;358
28;2025-11-04;15;329
28;2025-11-04;16;342
28;2025-11-04;17;336
28;2025-11-04;18;317
28;2025-11-04;19;273
28;2025-11-04;20;245
28;2025-11-04;21;181
28;2025-11-04;22;63
28;2025-11-04;23;15
28;2025-11-05;0;0
28;2025-11-05;1;0
28;2025-11-05;2;0
28;2025-11-05;3;0
28;2025-11-05;4;0
28;2025-11-05;5;68
28;2025-11-05;6;241
28;2025-11-05;7;741
28;2025-11-05;8;1286
28;2025-11-05;9;785
28;2025-11-05;10;565
28;2025-11-05;11;529
28;2025-11-05;12;602
28;2025-11-05;13;624
28;2025-11-05;14;573
28;2025-11-05;15;629
28;2025-11-05;16;797
28;2025-11-05;17;949
28;2025-11-05;18;959
28;2025-11-05;19;684
28;2025-11-05;20;459
28;2025-11-05;21;267
28;2025-11-05;22;96
28;2025-11-05;23;4
28;2025-11-06;0;0
28;2025-11-06;1;0
28;2025-11-06;2;0
28;2025-11-06;3;0
28;2025-11-06;4;0
28;2025-11-06;5;69
28;2025-11-06;6;242
28;2025-11-06;7;742
28;2025-11-06;8;1255
28;2025-11-06;9;799
28;2025-11-06;10;553
28;2025-11-06;11;519
28;2025-11-06;12;592
28;2025-11-06;13;622
28;2025-11-06;14;585
28;2025-11-06;15;648
28;2025-11-06;16;805
28;2025-11-06;17;970
28;2025-11-06;18;994
28;2025-11-06;19;686
28;2025-11-06;20;465
28;2025-11-06;21;272
28;2025-11-06;22;102
28;2025-11-06;23;2
28;2025-11-07;0;0
28;2025-11-07;1;0
28;2025-11-07;2;0
28;2025-11-07;3;0
28;2025-11-07;4;0
28;2025-11-07;5;67
28;2025-11-07;6;256
28;2025-11-07;7;745
28;2025-11-07;8;1238
28;2025-11-07;9;779
28;2025-11-07;10;588
28;2025-11-07;11;558
28;2025-11-07;12;648
28;2025-11-07;13;670
28;2025-11-07;14;660
28;2025-11-07;15;724
28;2025-11-07;16;901
28;2025-11-07;17;954
28;2025-11-07;18;851
28;2025-11-07;19;622
28;2025-11-07;20;418
28;2025-11-07;21;272
28;2025-11-07;22;103
28;2025-11-07;23;12
28;2025-11-08;0;0
28;2025-11-08;1;0
28;2025-11-08;2;0
28;2025-11-08;3;0
28;2025-11-08;4;0
28;2025-11-08;5;34
28;2025-11-08;6;106
28;2025-11-08;7;188
28;2025-11-08;8;329
28;2025-11-08;9;399
28;2025-11-08;10;443
28;2025-11-08;11;469
28;2025-11-08;12;541
28;2025-11-08;13;575
28;2025-11-08;14;558
28;2025-11-08;15;554
28;2025-11-08;16;541
28;2025-11-08;17;509
28;2025-11-08;18;450
28;2025-11-08;19;367
28;2025-11-08;20;279
28;2025-11-08;21;233
28;2025-11-08;22;108
28;2025-11-08;23;19
28;2025-11-09;0;0
28;2025-11-09;1;0
28;2025-11-09;2;0
28;2025-11-09;3;0
28;2025-11-09;4;0
28;2025-11-09;5;21
28;2025-11-09;6;72
28;2025-11-09;7;106
28;2025-11-09;8;209
28;2025-11-09;9;295
28;2025-11-09;10;343
28;2025-11-09;11;393
28;2025-11-09;12;445
28;2025-11-09;13;506
28;2025-11-09;14;494
28;2025-11-09;15;487
28;2025-11-09;16;454
28;2025-11-09;17;433
28;2025-11-09;18;376
28;2025-11-09;19;312
28;2025-11-09;20;239
28;2025-11-09;21;197
28;2025-11-09;22;84
28;2025-11-09;23;4
28;2025-11-10;0;0
28;2025-11-10;1;0
28;2025-11-10;2;0
28;2025-11-10;3;0
28;2025-11-10;4;2
28;2025-11-10;5;64
28;2025-11-10;6;251
28;2025-11-10;7;758
28;2025-11-10;8;1275
28;2025-11-10;9;803
28;2025-11-10;10;565
28;2025-11-10;11;512
28;2025-11-10;12;600
28;2025-11-10;13;613
28;2025-11-10;14;580
28;2025-11-10;15;635
28;2025-11-10;16;800
28;2025-11-10;17;944
28;2025-11-10;18;976
28;2025-11-10;19;694
28;2025-11-10;20;457
28;2025-11-10;21;260
28;2025-11-10;22;83
28;2025-11-10;23;2
28;2025-11-11;0;0
28;2025-11-11;1;0
28;2025-11-11;2;0
28;2025-11-11;3;0
28;2025-11-11;4;2
28;2025-11-11;5;66
28;2025-11-11;6;257
28;2025-11-11;7;802
28;2025-11-11;8;1336
28;2025-11-11;9;828
28;2025-11-11;10;618
28;2025-11-11;11;564
28;2025-11-11;12;629
28;2025-11-11;13;652
28;2025-11-11;14;619
28;2025-11-11;15;677
28;2025-11-11;16;812
28;2025-11-11;17;985
28;2025-11-11;18;1025
28;2025-11-11;19;709
28;2025-11-11;20;487
28;2025-11-11;21;289
28;2025-11-11;22;107
28;2025-11-11;23;6
28;2025-11-12;0;0
28;2025-11-12;1;0
28;2025-11-12;2;0
28;2025-11-12;3;0
28;2025-11-12;4;1
28;2025-11-12;5;70
28;2025-11-12;6;260
28;2025-11-12;7;807
28;2025-11-12;8;1356
28;2025-11-12;9;846
28;2025-11-12;10;622
28;2025-11-12;11;587
28;2025-11-12;12;662
28;2025-11-12;13;686
28;2025-11-12;14;639
28;2025-11-12;15;695
28;2025-11-12;16;868
28;2025-11-12;17;1024
28;2025-11-12;18;1047
28;2025-11-12;19;735
28;2025-11-12;20;503
28;2025-11-12;21;299
28;2025-11-12;22;116
28;2025-11-12;23;10
28;2025-11-13;0;1
28;2025-11-13;1;0
28;2025-11-13;2;0
28;2025-11-13;3;0
28;2025-11-13;4;1
28;2025-11-13;5;70
28;2025-11-13;6;262
28;2025-11-13;7;804
28;2025-11-13;8;1327
28;2025-11-13;9;863
28;2025-11-13;10;616
28;2025-11-13;11;580
28;2025-11-13;12;655
28;2025-11-13;13;688
28;2025-11-13;14;651
28;2025-11-13;15;715
28;2025-11-13;16;871
28;2025-11-13;17;1039
28;2025-11-13;18;1063
28;2025-11-13;19;734
28;2025-11-13;20;509
28;2025-11-13;21;302
28;2025-11-13;22;120
28;2025-11-13;23;12
28;2025-11-14;0;1
28;2025-11-14;1;0
28;2025-11-14;2;0
28;2025-11-14;3;0
28;2025-11-14;4;1
28;2025-11-14;5;67
28;2025-11-14;6;263
28;2025-11-14;7;778
28;2025-11-14;8;1278
28;2025-11-14;9;810
28;2025-11-14;10;618
28;2025-11-14;11;583
28;2025-11-14;12;673
28;2025-11-14;13;696
28;2025-11-14;14;685
28;2025-11-14;15;750
28;2025-11-14;16;931
28;2025-11-14;17;985
28;2025-11-14;18;880
28;2025-11-14;19;640
28;2025-11-14;20;435
28;2025-11-14;21;284
28;2025-11-14;22;115
28;2025-11-14;23;21
28;2025-11-15;0;2
28;2025-11-15;1;0
28;2025-11-15;2;0
28;2025-11-15;3;0
28;2025-11-15;4;1
28;2025-11-15;5;45
28;2025-11-15;6;120
28;2025-11-15;7;217
28;2025-11-15;8;374
28;2025-11-15;9;447
28;2025-11-15;10;490
28;2025-11-15;11;516
28;2025-11-15;12;583
28;2025-11-15;13;618
28;2025-11-15;14;601
28;2025-11-15;15;597
28;2025-11-15;16;579
28;2025-11-15;17;550
28;2025-11-15;18;493
28;2025-11-15;19;399
28;2025-11-15;20;303
28;2025-11-15;21;253
28;2025-11-15;22;127
28;2025-11-15;23;30
28;2025-11-16;0;1
28;2025-11-16;1;0
28;2025-11-16;2;0
28;2025-11-16;3;0
28;2025-11-16;4;1
28;2025-11-16;5;29
28;2025-11-16;6;84
28;2025-11-16;7;127
28;2025-11-16;8;243
28;2025-11-16;9;334
28;2025-11-16;10;380
28;2025-11-16;11;424
28;2025-11-16;12;470
28;2025-11-16;13;534
28;2025-11-16;14;524
28;2025-11-16;15;516
28;2025-11-16;16;482
28;2025-11-16;17;465
28;2025-11-16;18;407
28;2025-11-16;19;336
28;2025-11-16;20;258
28;2025-11-16;21;212
28;2025-11-16;22;100
28;2025-11-16;23;13
28;2025-11-17;0;1
28;2025-11-17;1;0
28;2025-11-17;2;0
28;2025-11-17;3;0
28;2025-11-17;4;1
28;2025-11-17;5;63
28;2025-11-17;6;253
28;2025-11-17;7;764
28;2025-11-17;8;1295
28;2025-11-17;9;820
28;2025-11-17;10;580
28;2025-11-17;11;526
28;2025-11-17;12;610
28;2025-11-17;13;624
28;2025-11-17;14;596
28;2025-11-17;15;651
28;2025-11-17;16;818
28;2025-11-17;17;962
28;2025-11-17;18;998
28;2025-11-17;19;707
28;2025-11-17;20;470
28;2025-11-17;21;273
28;2025-11-17;22;95
28;2025-11-17;23;2
28;2025-11-18;0;0
28;2025-11-18;1;0
28;2025-11-18;2;0
28;2025-11-18;3;0
28;2025-11-18;4;1
28;2025-11-18;5;65
28;2025-11-18;6;254
28;2025-11-18;7;797
28;2025-11-18;8;1339
28;2025-11-18;9;829
28;2025-11-18;10;615
28;2025-11-18;11;561
28;2025-11-18;12;625
28;2025-11-18;13;647
28;2025-11-18;14;614
28;2025-11-18;15;673
28;2025-11-18;16;808
28;2025-11-18;17;981
28;2025-11-18;18;1026
28;2025-11-18;19;707
28;2025-11-18;20;486
28;2025-11-18;21;289
28;2025-11-18;22;108
28;2025-11-18;23;6
28;2025-11-19;0;0
28;2025-11-19;1;0
28;2025-11-19;2;0
28;2025-11-19;3;0
28;2025-11-19;4;1
28;2025-11-19;5;68
28;2025-11-19;6;257
28;2025-11-19;7;800
28;2025-11-19;8;1353
28;2025-11-19;9;842
28;2025-11-19;10;617
28;2025-11-19;11;584
28;2025-11-19;12;658
28;2025-11-19;13;681
28;2025-11-19;14;633
28;2025-11-19;15;690
28;2025-11-19;16;863
28;2025-11-19;17;1019
28;2025-11-19;18;1048
28;2025-11-19;19;732
28;2025-11-19;20;501
28;2025-11-19;21;298
28;2025-11-19;22;116
28;2025-11-19;23;10
28;2025-11-20;0;0
28;2025-11-20;1;0
28;2025-11-20;2;0
28;2025-11-20;3;0
28;2025-11-20;4;1
28;2025-11-20;5;67
28;2025-11-20;6;259
28;2025-11-20;7;798
28;2025-11-20;8;1325
28;2025-11-20;9;861
28;2025-11-20;10;614
28;2025-11-20;11;580
28;2025-11-20;12;653
28;2025-11-20;13;685
28;2025-11-20;14;647
28;2025-11-20;15;710
28;2025-11-20;16;867
28;2025-11-20;17;1036
28;2025-11-20;18;1063
28;2025-11-20;19;731
28;2025-11-20;20;507
28;2025-11-20;21;301
28;2025-11-20;22;119
28;2025-11-20;23;11
28;2025-11-21;0;1
28;2025-11-21;1;0
28;2025-11-21;2;0
28;2025-11-21;3;0
28;2025-11-21;4;1
28;2025-11-21;5;65
28;2025-11-21;6;260
28;2025-11-21;7;773
28;2025-11-21;8;1274
28;2025-11-21;9;806
28;2025-11-21;10;615
28;2025-11-21;11;583
28;2025-11-21;12;672
28;2025-11-21;13;694
28;2025-11-21;14;686
28;2025-11-21;15;751
28;2025-11-21;16;933
28;2025-11-21;17;986
28;2025-11-21;18;884
28;2025-11-21;19;643
28;2025-11-21;20;436
28;2025-11-21;21;284
28;2025-11-21;22;115
28;2025-11-21;23;20
28;2025-11-22;0;2
28;2025-11-22;1;0
28;2025-11-22;2;0
28;2025-11-22;3;0
28;2025-11-22;4;1
28;2025-11-22;5;43
28;2025-11-22;6;118
28;2025-11-22;7;220
28;2025-11-22;8;375
28;2025-11-22;9;447
28;2025-11-22;10;492
28;2025-11-22;11;520
28;2025-11-22;12;589
28;2025-11-22;13;624
28;2025-11-22;14;603
28;2025-11-22;15;599
28;2025-11-22;16;582
28;2025-11-22;17;556
28;2025-11-22;18;502
28;2025-11-22;19;402
28;2025-11-22;20;305
28;2025-11-22;21;254
28;2025-11-22;22;127
28;2025-11-22;23;31
28;2025-11-23;0;3
28;2025-11-23;1;0
28;2025-11-23;2;0
28;2025-11-23;3;0
28;2025-11-23;4;1
28;2025-11-23;5;26
28;2025-11-23;6;78
28;2025-11-23;7;113
28;2025-11-23;8;231
28;2025-11-23;9;319
28;2025-11-23;10;366
28;2025-11-23;11;420
28;2025-11-23;12;466
28;2025-11-23;13;532
28;2025-11-23;14;516
28;2025-11-23;15;511
28;2025-11-23;16;476
28;2025-11-23;17;463
28;2025-11-23;18;408
28;2025-11-23;19;337
28;2025-11-23;20;258
28;2025-11-23;21;213
28;2025-11-23;22;99
28;2025-11-23;23;12
28;2025-11-24;0;1
28;2025-11-24;1;0
28;2025-11-24;2;0
28;2025-11-24;3;0
28;2025-11-24;4;1
28;2025-11-24;5;58
28;2025-11-24;6;248
28;2025-11-24;7;746
28;2025-11-24;8;1274
28;2025-11-24;9;804
28;2025-11-24;10;569
28;2025-11-24;11;519
28;2025-11-24;12;604
28;2025-11-24;13;620
28;2025-11-24;14;585
28;2025-11-24;15;640
28;2025-11-24;16;807
28;2025-11-24;17;951
28;2025-11-24;18;986
28;2025-11-24;19;697
28;2025-11-24;20;464
28;2025-11-24;21;266
28;2025-11-24;22;88
28;2025-11-24;23;2
28;2025-11-25;0;0
28;2025-11-25;1;0
28;2025-11-25;2;0
28;2025-11-25;3;0
28;2025-11-25;4;1
28;2025-11-25;5;61
28;2025-11-25;6;250
28;2025-11-25;7;783
28;2025-11-25;8;1322
28;2025-11-25;9;814
28;2025-11-25;10;604
28;2025-11-25;11;550
28;2025-11-25;12;614
28;2025-11-25;13;638
28;2025-11-25;14;606
28;2025-11-25;15;662
28;2025-11-25;16;798
28;2025-11-25;17;972
28;2025-11-25;18;1022
28;2025-11-25;19;702
28;2025-11-25;20;481
28;2025-11-25;21;284
28;2025-11-25;22;104
28;2025-11-25;23;3
28;2025-11-26;0;0
28;2025-11-26;1;0
28;2025-11-26;2;0
28;2025-11-26;3;0
28;2025-11-26;4;1
28;2025-11-26;5;70
28;2025-11-26;6;258
28;2025-11-26;7;791
28;2025-11-26;8;1343
28;2025-11-26;9;835
28;2025-11-26;10;612
28;2025-11-26;11;577
28;2025-11-26;12;650
28;2025-11-26;13;672
28;2025-11-26;14;624
28;2025-11-26;15;679
28;2025-11-26;16;853
28;2025-11-26;17;1011
28;2025-11-26;18;1047
28;2025-11-26;19;730
28;2025-11-26;20;501
28;2025-11-26;21;297
28;2025-11-26;22;116
28;2025-11-26;23;13
28;2025-11-27;0;0
28;2025-11-27;1;0
28;2025-11-27;2;0
28;2025-11-27;3;0
28;2025-11-27;4;1
28;2025-11-27;5;70
28;2025-11-27;6;261
28;2025-11-27;7;790
28;2025-11-27;8;1316
28;2025-11-27;9;854
28;2025-11-27;10;610
28;2025-11-27;11;574
28;2025-11-27;12;646
28;2025-11-27;13;677
28;2025-11-27;14;639
28;2025-11-27;15;701
28;2025-11-27;16;858
28;2025-11-27;17;1028
28;2025-11-27;18;1060
28;2025-11-27;19;729
28;2025-11-27;20;506
28;2025-11-27;21;301
28;2025-11-27;22;121
28;2025-11-27;23;14
28;2025-11-28;0;1
28;2025-11-28;1;0
28;2025-11-28;2;0
28;2025-11-28;3;0
28;2025-11-28;4;1
28;2025-11-28;5;68
28;2025-11-28;6;263
28;2025-11-28;7;768
28;2025-11-28;8;1267
28;2025-11-28;9;801
28;2025-11-28;10;609
28;2025-11-28;11;576
28;2025-11-28;12;665
28;2025-11-28;13;686
28;2025-11-28;14;675
28;2025-11-28;15;738
28;2025-11-28;16;920
28;2025-11-28;17;977
28;2025-11-28;18;882
28;2025-11-28;19;643
28;2025-11-28;20;437
28;2025-11-28;21;286
28;2025-11-28;22;117
28;2025-11-28;23;23
28;2025-11-29;0;2
28;2025-11-29;1;0
28;2025-11-29;2;0
28;2025-11-29;3;0
28;2025-11-29;4;1
28;2025-11-29;5;46
28;2025-11-29;6;123
28;2025-11-29;7;219
28;2025-11-29;8;369
28;2025-11-29;9;439
28;2025-11-29;10;477
28;2025-11-29;11;504
28;2025-11-29;12;568
28;2025-11-29;13;600
28;2025-11-29;14;581
28;2025-11-29;15;575
28;2025-11-29;16;559
28;2025-11-29;17;533
28;2025-11-29;18;480
28;2025-11-29;19;389
28;2025-11-29;20;295
28;2025-11-29;21;247
28;2025-11-29;22;124
28;2025-11-29;23;29
28;2025-11-30;0;2
28;2025-11-30;1;0
28;2025-11-30;2;0
28;2025-11-30;3;0
28;2025-11-30;4;1
28;2025-11-30;5;30
28;2025-11-30;6;83
28;2025-11-30;7;118
28;2025-11-30;8;230
28;2025-11-30;9;316
28;2025-11-30;10;355
28;2025-11-30;11;401
28;2025-11-30;12;446
28;2025-11-30;13;506
28;2025-11-30;14;495
28;2025-11-30;15;486
28;2025-11-30;16;452
28;2025-11-30;17;443
28;2025-11-30;18;391
28;2025-11-30;19;325
28;2025-11-30;20;251
28;2025-11-30;21;208
28;2025-11-30;22;98
28;2025-11-30;23;9
28;2025-12-01;0;0
28;2025-12-01;1;0
28;2025-12-01;2;0
28;2025-12-01;3;0
28;2025-12-01;4;2
28;2025-12-01;5;67
28;2025-12-01;6;259
28;2025-12-01;7;732
28;2025-12-01;8;1216
28;2025-12-01;9;804
28;2025-12-01;10;566
28;2025-12-01;11;516
28;2025-12-01;12;592
28;2025-12-01;13;600
28;2025-12-01;14;566
28;2025-12-01;15;620
28;2025-12-01;16;783
28;2025-12-01;17;935
28;2025-12-01;18;980
28;2025-12-01;19;701
28;2025-12-01;20;462
28;2025-12-01;21;271
28;2025-12-01;22;103
28;2025-12-01;23;2
28;2025-12-02;0;0
28;2025-12-02;1;0
28;2025-12-02;2;0
28;2025-12-02;3;0
28;2025-12-02;4;2
28;2025-12-02;5;68
28;2025-12-02;6;259
28;2025-12-02;7;760
28;2025-12-02;8;1259
28;2025-12-02;9;813
28;2025-12-02;10;603
28;2025-12-02;11;550
28;2025-12-02;12;607
28;2025-12-02;13;624
28;2025-12-02;14;589
28;2025-12-02;15;647
28;2025-12-02;16;779
28;2025-12-02;17;953
28;2025-12-02;18;1002
28;2025-12-02;19;702
28;2025-12-02;20;479
28;2025-12-02;21;288
28;2025-12-02;22;117
28;2025-12-02;23;4
28;2025-12-03;0;0
28;2025-12-03;1;0
28;2025-12-03;2;0
28;2025-12-03;3;0
28;2025-12-03;4;1
28;2025-12-03;5;72
28;2025-12-03;6;263
28;2025-12-03;7;768
28;2025-12-03;8;1287
28;2025-12-03;9;840
28;2025-12-03;10;620
28;2025-12-03;11;585
28;2025-12-03;12;655
28;2025-12-03;13;672
28;2025-12-03;14;621
28;2025-12-03;15;677
28;2025-12-03;16;847
28;2025-12-03;17;999
28;2025-12-03;18;1030
28;2025-12-03;19;731
28;2025-12-03;20;501
28;2025-12-03;21;302
28;2025-12-03;22;129
28;2025-12-03;23;15
28;2025-12-04;0;0
28;2025-12-04;1;0
28;2025-12-04;2;0
28;2025-12-04;3;0
28;2025-12-04;4;2
28;2025-12-04;5;76
28;2025-12-04;6;269
28;2025-12-04;7;772
28;2025-12-04;8;1263
28;2025-12-04;9;862
28;2025-12-04;10;620
28;2025-12-04;11;583
28;2025-12-04;12;653
28;2025-12-04;13;679
28;2025-12-04;14;637
28;2025-12-04;15;701
28;2025-12-04;16;855
28;2025-12-04;17;1021
28;2025-12-04;18;1048
28;2025-12-04;19;736
28;2025-12-04;20;512
28;2025-12-04;21;312
28;2025-12-04;22;136
28;2025-12-04;23;17
28;2025-12-05;0;1
28;2025-12-05;1;0
28;2025-12-05;2;0
28;2025-12-05;3;0
28;2025-12-05;4;1
28;2025-12-05;5;72
28;2025-12-05;6;269
28;2025-12-05;7;751
28;2025-12-05;8;1216
28;2025-12-05;9;809
28;2025-12-05;10;620
28;2025-12-05;11;588
28;2025-12-05;12;673
28;2025-12-05;13;691
28;2025-12-05;14;674
28;2025-12-05;15;738
28;2025-12-05;16;915
28;2025-12-05;17;977
28;2025-12-05;18;880
28;2025-12-05;19;652
28;2025-12-05;20;449
28;2025-12-05;21;299
28;2025-12-05;22;134
28;2025-12-05;23;22
28;2025-12-06;0;2
28;2025-12-06;1;0
28;2025-12-06;2;0
28;2025-12-06;3;0
28;2025-12-06;4;1
28;2025-12-06;5;39
28;2025-12-06;6;109
28;2025-12-06;7;191
28;2025-12-06;8;339
28;2025-12-06;9;426
28;2025-12-06;10;464
28;2025-12-06;11;498
28;2025-12-06;12;562
28;2025-12-06;13;598
28;2025-12-06;14;577
28;2025-12-06;15;572
28;2025-12-06;16;554
28;2025-12-06;17;528
28;2025-12-06;18;467
28;2025-12-06;19;384
28;2025-12-06;20;293
28;2025-12-06;21;248
28;2025-12-06;22;126
28;2025-12-06;23;22
28;2025-12-07;0;2
28;2025-12-07;1;0
28;2025-12-07;2;0
28;2025-12-07;3;0
28;2025-12-07;4;1
28;2025-12-07;5;25
28;2025-12-07;6;73
28;2025-12-07;7;99
28;2025-12-07;8;207
28;2025-12-07;9;316
28;2025-12-07;10;362
28;2025-12-07;11;414
28;2025-12-07;12;459
28;2025-12-07;13;523
28;2025-12-07;14;507
28;2025-12-07;15;499
28;2025-12-07;16;463
28;2025-12-07;17;447
28;2025-12-07;18;385
28;2025-12-07;19;323
28;2025-12-07;20;250
28;2025-12-07;21;209
28;2025-12-07;22;102
28;2025-12-07;23;4
28;2025-12-08;0;0
28;2025-12-08;1;0
28;2025-12-08;2;0
28;2025-12-08;3;0
28;2025-12-08;4;2
28;2025-12-08;5;68
28;2025-12-08;6;261
28;2025-12-08;7;746
28;2025-12-08;8;1238
28;2025-12-08;9;826
28;2025-12-08;10;592
28;2025-12-08;11;543
28;2025-12-08;12;622
28;2025-12-08;13;631
28;2025-12-08;14;593
28;2025-12-08;15;648
28;2025-12-08;16;813
28;2025-12-08;17;957
28;2025-12-08;18;988
28;2025-12-08;19;712
28;2025-12-08;20;473
28;2025-12-08;21;279
28;2025-12-08;22;108
28;2025-12-08;23;2
28;2025-12-09;0;0
28;2025-12-09;1;0
28;2025-12-09;2;0
28;2025-12-09;3;0
28;2025-12-09;4;2
28;2025-12-09;5;70
28;2025-12-09;6;263
28;2025-12-09;7;779
28;2025-12-09;8;1286
28;2025-12-09;9;840
28;2025-12-09;10;634
28;2025-12-09;11;580
28;2025-12-09;12;641
28;2025-12-09;13;659
28;2025-12-09;14;622
28;2025-12-09;15;680
28;2025-12-09;16;811
28;2025-12-09;17;980
28;2025-12-09;18;1020
28;2025-12-09;19;718
28;2025-12-09;20;495
28;2025-12-09;21;301
28;2025-12-09;22;123
28;2025-12-09;23;9
28;2025-12-10;0;0
28;2025-12-10;1;0
28;2025-12-10;2;0
28;2025-12-10;3;0
28;2025-12-10;4;1
28;2025-12-10;5;73
28;2025-12-10;6;268
28;2025-12-10;7;786
28;2025-12-10;8;1304
28;2025-12-10;9;856
28;2025-12-10;10;638
28;2025-12-10;11;604
28;2025-12-10;12;675
28;2025-12-10;13;694
28;2025-12-10;14;642
28;2025-12-10;15;697
28;2025-12-10;16;867
28;2025-12-10;17;1019
28;2025-12-10;18;1042
28;2025-12-10;19;744
28;2025-12-10;20;513
28;2025-12-10;21;312
28;2025-12-10;22;133
28;2025-12-10;23;15
28;2025-12-11;0;0
28;2025-12-11;1;0
28;2025-12-11;2;0
28;2025-12-11;3;0
28;2025-12-11;4;2
28;2025-12-11;5;74
28;2025-12-11;6;268
28;2025-12-11;7;784
28;2025-12-11;8;1275
28;2025-12-11;9;872
28;2025-12-11;10;631
28;2025-12-11;11;596
28;2025-12-11;12;665
28;2025-12-11;13;694
28;2025-12-11;14;651
28;2025-12-11;15;716
28;2025-12-11;16;870
28;2025-12-11;17;1035
28;2025-12-11;18;1056
28;2025-12-11;19;741
28;2025-12-11;20;516
28;2025-12-11;21;313
28;2025-12-11;22;135
28;2025-12-11;23;15
28;2025-12-12;0;0
28;2025-12-12;1;0
28;2025-12-12;2;0
28;2025-12-12;3;0
28;2025-12-12;4;1
28;2025-12-12;5;69
28;2025-12-12;6;266
28;2025-12-12;7;758
28;2025-12-12;8;1224
28;2025-12-12;9;815
28;2025-12-12;10;627
28;2025-12-12;11;597
28;2025-12-12;12;682
28;2025-12-12;13;702
28;2025-12-12;14;685
28;2025-12-12;15;751
28;2025-12-12;16;930
28;2025-12-12;17;983
28;2025-12-12;18;878
28;2025-12-12;19;650
28;2025-12-12;20;445
28;2025-12-12;21;296
28;2025-12-12;22;131
28;2025-12-12;23;19
28;2025-12-13;0;2
28;2025-12-13;1;0
28;2025-12-13;2;0
28;2025-12-13;3;0
28;2025-12-13;4;0
28;2025-12-13;5;39
28;2025-12-13;6;110
28;2025-12-13;7;196
28;2025-12-13;8;347
28;2025-12-13;9;435
28;2025-12-13;10;477
28;2025-12-13;11;511
28;2025-12-13;12;575
28;2025-12-13;13;613
28;2025-12-13;14;592
28;2025-12-13;15;588
28;2025-12-13;16;569
28;2025-12-13;17;544
28;2025-12-13;18;479
28;2025-12-13;19;389
28;2025-12-13;20;295
28;2025-12-13;21;250
28;2025-12-13;22;127
28;2025-12-13;23;22
28;2025-12-14;0;3
28;2025-12-14;1;0
28;2025-12-14;2;0
28;2025-12-14;3;0
28;2025-12-14;4;1
28;2025-12-14;5;26
28;2025-12-14;6;76
28;2025-12-14;7;109
28;2025-12-14;8;217
28;2025-12-14;9;326
28;2025-12-14;10;372
28;2025-12-14;11;422
28;2025-12-14;12;466
28;2025-12-14;13;531
28;2025-12-14;14;516
28;2025-12-14;15;511
28;2025-12-14;16;474
28;2025-12-14;17;457
28;2025-12-14;18;398
28;2025-12-14;19;333
28;2025-12-14;20;258
28;2025-12-14;21;217
28;2025-12-14;22;105
28;2025-12-14;23;7
28;2025-12-15;0;1
28;2025-12-15;1;0
28;2025-12-15;2;0
28;2025-12-15;3;0
28;2025-12-15;4;2
28;2025-12-15;5;68
28;2025-12-15;6;261
28;2025-12-15;7;754
28;2025-12-15;8;1253
28;2025-12-15;9;837
28;2025-12-15;10;600
28;2025-12-15;11;549
28;2025-12-15;12;627
28;2025-12-15;13;636
28;2025-12-15;14;600
28;2025-12-15;15;655
28;2025-12-15;16;821
28;2025-12-15;17;964
28;2025-12-15;18;1001
28;2025-12-15;19;716
28;2025-12-15;20;476
28;2025-12-15;21;281
28;2025-12-15;22;109
28;2025-12-15;23;2
28;2025-12-16;0;0
28;2025-12-16;1;0
28;2025-12-16;2;0
28;2025-12-16;3;0
28;2025-12-16;4;1
28;2025-12-16;5;71
28;2025-12-16;6;263
28;2025-12-16;7;788
28;2025-12-16;8;1309
28;2025-12-16;9;856
28;2025-12-16;10;646
28;2025-12-16;11;591
28;2025-12-16;12;650
28;2025-12-16;13;668
28;2025-12-16;14;633
28;2025-12-16;15;692
28;2025-12-16;16;823
28;2025-12-16;17;990
28;2025-12-16;18;1031
28;2025-12-16;19;721
28;2025-12-16;20;498
28;2025-12-16;21;302
28;2025-12-16;22;125
28;2025-12-16;23;12
28;2025-12-17;0;0
28;2025-12-17;1;0
28;2025-12-17;2;0
28;2025-12-17;3;0
28;2025-12-17;4;1
28;2025-12-17;5;74
28;2025-12-17;6;266
28;2025-12-17;7;786
28;2025-12-17;8;1318
28;2025-12-17;9;864
28;2025-12-17;10;642
28;2025-12-17;11;607
28;2025-12-17;12;677
28;2025-12-17;13;695
28;2025-12-17;14;645
28;2025-12-17;15;703
28;2025-12-17;16;869
28;2025-12-17;17;1019
28;2025-12-17;18;1043
28;2025-12-17;19;743
28;2025-12-17;20;510
28;2025-12-17;21;310
28;2025-12-17;22;132
28;2025-12-17;23;14
28;2025-12-18;0;0
28;2025-12-18;1;0
28;2025-12-18;2;0
28;2025-12-18;3;0
28;2025-12-18;4;1
28;2025-12-18;5;74
28;2025-12-18;6;267
28;2025-12-18;7;782
28;2025-12-18;8;1283
28;2025-12-18;9;879
28;2025-12-18;10;635
28;2025-12-18;11;599
28;2025-12-18;12;668
28;2025-12-18;13;696
28;2025-12-18;14;653
28;2025-12-18;15;715
28;2025-12-18;16;870
28;2025-12-18;17;1035
28;2025-12-18;18;1059
28;2025-12-18;19;740
28;2025-12-18;20;514
28;2025-12-18;21;312
28;2025-12-18;22;135
28;2025-12-18;23;14
28;2025-12-19;0;1
28;2025-12-19;1;0
28;2025-12-19;2;0
28;2025-12-19;3;0
28;2025-12-19;4;1
28;2025-12-19;5;71
28;2025-12-19;6;270
28;2025-12-19;7;761
28;2025-12-19;8;1231
28;2025-12-19;9;822
28;2025-12-19;10;634
28;2025-12-19;11;605
28;2025-12-19;12;690
28;2025-12-19;13;709
28;2025-12-19;14;693
28;2025-12-19;15;758
28;2025-12-19;16;938
28;2025-12-19;17;991
28;2025-12-19;18;887
28;2025-12-19;19;657
28;2025-12-19;20;449
28;2025-12-19;21;300
28;2025-12-19;22;135
28;2025-12-19;23;21
28;2025-12-20;0;3
28;2025-12-20;1;0
28;2025-12-20;2;0
28;2025-12-20;3;0
28;2025-12-20;4;1
28;2025-12-20;5;39
28;2025-12-20;6;110
28;2025-12-20;7;201
28;2025-12-20;8;356
28;2025-12-20;9;444
28;2025-12-20;10;487
28;2025-12-20;11;521
28;2025-12-20;12;585
28;2025-12-20;13;623
28;2025-12-20;14;600
28;2025-12-20;15;596
28;2025-12-20;16;577
28;2025-12-20;17;552
28;2025-12-20;18;490
28;2025-12-20;19;396
28;2025-12-20;20;302
28;2025-12-20;21;255
28;2025-12-20;22;133
28;2025-12-20;23;26
28;2025-12-21;0;3
28;2025-12-21;1;0
28;2025-12-21;2;0
28;2025-12-21;3;0
28;2025-12-21;4;1
28;2025-12-21;5;26
28;2025-12-21;6;74
28;2025-12-21;7;105
28;2025-12-21;8;215
28;2025-12-21;9;326
28;2025-12-21;10;374
28;2025-12-21;11;423
28;2025-12-21;12;468
28;2025-12-21;13;532
28;2025-12-21;14;519
28;2025-12-21;15;512
28;2025-12-21;16;474
28;2025-12-21;17;459
28;2025-12-21;18;397
28;2025-12-21;19;331
28;2025-12-21;20;257
28;2025-12-21;21;217
28;2025-12-21;22;108
28;2025-12-21;23;7
28;2025-12-22;0;1
28;2025-12-22;1;0
28;2025-12-22;2;0
28;2025-12-22;3;0
28;2025-12-22;4;1
28;2025-12-22;5;68
28;2025-12-22;6;260
28;2025-12-22;7;749
28;2025-12-22;8;1243
28;2025-12-22;9;829
28;2025-12-22;10;595
28;2025-12-22;11;547
28;2025-12-22;12;626
28;2025-12-22;13;634
28;2025-12-22;14;597
28;2025-12-22;15;651
28;2025-12-22;16;817
28;2025-12-22;17;961
28;2025-12-22;18;999
28;2025-12-22;19;714
28;2025-12-22;20;475
28;2025-12-22;21;282
28;2025-12-22;22;110
28;2025-12-22;23;2
28;2025-12-23;0;0
28;2025-12-23;1;0
28;2025-12-23;2;0
28;2025-12-23;3;0
28;2025-12-23;4;1
28;2025-12-23;5;69
28;2025-12-23;6;263
28;2025-12-23;7;779
28;2025-12-23;8;1289
28;2025-12-23;9;842
28;2025-12-23;10;637
28;2025-12-23;11;584
28;2025-12-23;12;644
28;2025-12-23;13;662
28;2025-12-23;14;626
28;2025-12-23;15;684
28;2025-12-23;16;815
28;2025-12-23;17;984
28;2025-12-23;18;1028
28;2025-12-23;19;720
28;2025-12-23;20;497
28;2025-12-23;21;304
28;2025-12-23;22;127
28;2025-12-23;23;12
28;2025-12-24;0;0
28;2025-12-24;1;0
28;2025-12-24;2;0
28;2025-12-24;3;0
28;2025-12-24;4;1
28;2025-12-24;5;70
28;2025-12-24;6;261
28;2025-12-24;7;778
28;2025-12-24;8;1302
28;2025-12-24;9;856
28;2025-12-24;10;636
28;2025-12-24;11;600
28;2025-12-24;12;670
28;2025-12-24;13;688
28;2025-12-24;14;637
28;2025-12-24;15;692
28;2025-12-24;16;862
28;2025-12-24;17;1014
28;2025-12-24;18;1037
28;2025-12-24;19;731
28;2025-12-24;20;509
28;2025-12-24;21;309
28;2025-12-24;22;131
28;2025-12-24;23;12
28;2025-12-25;0;0
28;2025-12-25;1;0
28;2025-12-25;2;0
28;2025-12-25;3;0
28;2025-12-25;4;1
28;2025-12-25;5;78
28;2025-12-25;6;270
28;2025-12-25;7;761
28;2025-12-25;8;1250
28;2025-12-25;9;872
28;2025-12-25;10;649
28;2025-12-25;11;615
28;2025-12-25;12;687
28;2025-12-25;13;711
28;2025-12-25;14;669
28;2025-12-25;15;729
28;2025-12-25;16;865
28;2025-12-25;17;1021
28;2025-12-25;18;1041
28;2025-12-25;19;735
28;2025-12-25;20;519
28;2025-12-25;21;317
28;2025-12-25;22;141
28;2025-12-25;23;17
28;2025-12-26;0;1
28;2025-12-26;1;0
28;2025-12-26;2;0
28;2025-12-26;3;0
28;2025-12-26;4;0
28;2025-12-26;5;78
28;2025-12-26;6;269
28;2025-12-26;7;741
28;2025-12-26;8;1222
28;2025-12-26;9;830
28;2025-12-26;10;650
28;2025-12-26;11;618
28;2025-12-26;12;705
28;2025-12-26;13;716
28;2025-12-26;14;699
28;2025-12-26;15;759
28;2025-12-26;16;929
28;2025-12-26;17;977
28;2025-12-26;18;880
28;2025-12-26;19;647
28;2025-12-26;20;452
28;2025-12-26;21;304
28;2025-12-26;22;141
28;2025-12-26;23;24
28;2025-12-27;0;3
28;2025-12-27;1;0
28;2025-12-27;2;0
28;2025-12-27;3;0
28;2025-12-27;4;2
28;2025-12-27;5;47
28;2025-12-27;6;117
28;2025-12-27;7;205
28;2025-12-27;8;356
28;2025-12-27;9;445
28;2025-12-27;10;477
28;2025-12-27;11;506
28;2025-12-27;12;566
28;2025-12-27;13;598
28;2025-12-27;14;579
28;2025-12-27;15;569
28;2025-12-27;16;545
28;2025-12-27;17;514
28;2025-12-27;18;460
28;2025-12-27;19;378
28;2025-12-27;20;295
28;2025-12-27;21;252
28;2025-12-27;22;132
28;2025-12-27;23;28
28;2025-12-28;0;3
28;2025-12-28;1;0
28;2025-12-28;2;0
28;2025-12-28;3;0
28;2025-12-28;4;1
28;2025-12-28;5;35
28;2025-12-28;6;80
28;2025-12-28;7;102
28;2025-12-28;8;220
28;2025-12-28;9;326
28;2025-12-28;10;367
28;2025-12-28;11;413
28;2025-12-28;12;451
28;2025-12-28;13;509
28;2025-12-28;14;496
28;2025-12-28;15;482
28;2025-12-28;16;441
28;2025-12-28;17;422
28;2025-12-28;18;367
28;2025-12-28;19;316
28;2025-12-28;20;249
28;2025-12-28;21;212
28;2025-12-28;22;107
28;2025-12-28;23;11
28;2025-12-29;0;0
28;2025-12-29;1;0
28;2025-12-29;2;0
28;2025-12-29;3;0
28;2025-12-29;4;2
28;2025-12-29;5;74
28;2025-12-29;6;250
28;2025-12-29;7;691
28;2025-12-29;8;1176
28;2025-12-29;9;796
28;2025-12-29;10;592
28;2025-12-29;11;547
28;2025-12-29;12;628
28;2025-12-29;13;625
28;2025-12-29;14;583
28;2025-12-29;15;631
28;2025-12-29;16;774
28;2025-12-29;17;898
28;2025-12-29;18;924
28;2025-12-29;19;670
28;2025-12-29;20;447
28;2025-12-29;21;264
28;2025-12-29;22;100
28;2025-12-29;23;3
28;2025-12-30;0;0
28;2025-12-30;1;0
28;2025-12-30;2;0
28;2025-12-30;3;0
28;2025-12-30;4;2
28;2025-12-30;5;70
28;2025-12-30;6;239
28;2025-12-30;7;684
28;2025-12-30;8;1170
28;2025-12-30;9;779
28;2025-12-30;10;604
28;2025-12-30;11;559
28;2025-12-30;12;620
28;2025-12-30;13;630
28;2025-12-30;14;592
28;2025-12-30;15;640
28;2025-12-30;16;745
28;2025-12-30;17;874
28;2025-12-30;18;886
28;2025-12-30;19;645
28;2025-12-30;20;448
28;2025-12-30;21;275
28;2025-12-30;22;118
28;2025-12-30;23;13
28;2025-12-31;0;0
28;2025-12-31;1;0
28;2025-12-31;2;0
28;2025-12-31;3;0
28;2025-12-31;4;0
28;2025-12-31;5;5
28;2025-12-31;6;18
28;2025-12-31;7;38
28;2025-12-31;8;98
28;2025-12-31;9;134
28;2025-12-31;10;106
28;2025-12-31;11;179
28;2025-12-31;12;208
28;2025-12-31;13;242
28;2025-12-31;14;214
28;2025-12-31;15;194
28;2025-12-31;16;220
28;2025-12-31;17;195
28;2025-12-31;18;124
28;2025-12-31;19;121
28;2025-12-31;20;120
28;2025-12-31;21;91
28;2025-12-31;22;18
28;2025-12-31;23;3
50;2025-11-01;0;64
50;2025-11-01;1;10
50;2025-11-01;2;10
50;2025-11-01;3;21
50;2025-11-01;4;1
50;2025-11-01;5;39
50;2025-11-01;6;313
50;2025-11-01;7;920
50;2025-11-01;8;1401
50;2025-11-01;9;1249
50;2025-11-01;10;879
50;2025-11-01;11;810
50;2025-11-01;12;842
50;2025-11-01;13;842
50;2025-11-01;14;823
50;2025-11-01;15;1032
50;2025-11-01;16;1065
50;2025-11-01;17;1193
50;2025-11-01;18;1139
50;2025-11-01;19;717
50;2025-11-01;20;541
50;2025-11-01;21;311
50;2025-11-01;22;198
50;2025-11-01;23;94
50;2025-11-02;0;25
50;2025-11-02;1;1
50;2025-11-02;2;0
50;2025-11-02;3;5
50;2025-11-02;4;0
50;2025-11-02;5;4
50;2025-11-02;6;21
50;2025-11-02;7;39
50;2025-11-02;8;62
50;2025-11-02;9;76
50;2025-11-02;10;80
50;2025-11-02;11;104
50;2025-11-02;12;114
50;2025-11-02;13;148
50;2025-11-02;14;129
50;2025-11-02;15;116
50;2025-11-02;16;120
50;2025-11-02;17;120
50;2025-11-02;18;107
50;2025-11-02;19;94
50;2025-11-02;20;77
50;2025-11-02;21;60
50;2025-11-02;22;36
50;2025-11-02;23;19
50;2025-11-03;0;33
50;2025-11-03;1;4
50;2025-11-03;2;0
50;2025-11-03;3;0
50;2025-11-03;4;4
50;2025-11-03;5;13
50;2025-11-03;6;130
50;2025-11-03;7;345
50;2025-11-03;8;541
50;2025-11-03;9;510
50;2025-11-03;10;461
50;2025-11-03;11;487
50;2025-11-03;12;511
50;2025-11-03;13;554
50;2025-11-03;14;542
50;2025-11-03;15;559
50;2025-11-03;16;545
50;2025-11-03;17;657
50;2025-11-03;18;666
50;2025-11-03;19;531
50;2025-11-03;20;383
50;2025-11-03;21;308
50;2025-11-03;22;117
50;2025-11-03;23;83
50;2025-11-04;0;42
50;2025-11-04;1;8
50;2025-11-04;2;2
50;2025-11-04;3;0
50;2025-11-04;4;7
50;2025-11-04;5;7
50;2025-11-04;6;92
50;2025-11-04;7;323
50;2025-11-04;8;504
50;2025-11-04;9;480
50;2025-11-04;10;434
50;2025-11-04;11;472
50;2025-11-04;12;477
50;2025-11-04;13;525
50;2025-11-04;14;503
50;2025-11-04;15;518
50;2025-11-04;16;525
50;2025-11-04;17;599
50;2025-11-04;18;591
50;2025-11-04;19;475
50;2025-11-04;20;361
50;2025-11-04;21;282
50;2025-11-04;22;105
50;2025-11-04;23;94
50;2025-11-05;0;28
50;2025-11-05;1;0
50;2025-11-05;2;0
50;2025-11-05;3;0
50;2025-11-05;4;1
50;2025-11-05;5;66
50;2025-11-05;6;529
50;2025-11-05;7;1684
50;2025-11-05;8;2683
50;2025-11-05;9;1978
50;2025-11-05;10;1552
50;2025-11-05;11;1403
50;2025-11-05;12;1368
50;2025-11-05;13;1373
50;2025-11-05;14;1327
50;2025-11-05;15;1491
50;2025-11-05;16;1650
50;2025-11-05;17;2143
50;2025-11-05;18;2281
50;2025-11-05;19;1409
50;2025-11-05;20;850
50;2025-11-05;21;561
50;2025-11-05;22;244
50;2025-11-05;23;129
50;2025-11-06;0;36
50;2025-11-06;1;1
50;2025-11-06;2;0
50;2025-11-06;3;0
50;2025-11-06;4;0
50;2025-11-06;5;65
50;2025-11-06;6;490
50;2025-11-06;7;1603
50;2025-11-06;8;2568
50;2025-11-06;9;1933
50;2025-11-06;10;1506
50;2025-11-06;11;1347
50;2025-11-06;12;1315
50;2025-11-06;13;1334
50;2025-11-06;14;1290
50;2025-11-06;15;1464
50;2025-11-06;16;1587
50;2025-11-06;17;2081
50;2025-11-06;18;2239
50;2025-11-06;19;1352
50;2025-11-06;20;846
50;2025-11-06;21;565
50;2025-11-06;22;244
50;2025-11-06;23;127
50;2025-11-07;0;36
50;2025-11-07;1;1
50;2025-11-07;2;0
50;2025-11-07;3;0
50;2025-11-07;4;0
50;2025-11-07;5;68
50;2025-11-07;6;531
50;2025-11-07;7;1631
50;2025-11-07;8;2604
50;2025-11-07;9;1936
50;2025-11-07;10;1489
50;2025-11-07;11;1427
50;2025-11-07;12;1379
50;2025-11-07;13;1408
50;2025-11-07;14;1414
50;2025-11-07;15;1608
50;2025-11-07;16;1887
50;2025-11-07;17;2033
50;2025-11-07;18;1850
50;2025-11-07;19;1235
50;2025-11-07;20;805
50;2025-11-07;21;540
50;2025-11-07;22;246
50;2025-11-07;23;137
50;2025-11-08;0;45
50;2025-11-08;1;1
50;2025-11-08;2;0
50;2025-11-08;3;7
50;2025-11-08;4;0
50;2025-11-08;5;6
50;2025-11-08;6;35
50;2025-11-08;7;108
50;2025-11-08;8;162
50;2025-11-08;9;161
50;2025-11-08;10;128
50;2025-11-08;11;169
50;2025-11-08;12;198
50;2025-11-08;13;231
50;2025-11-08;14;199
50;2025-11-08;15;203
50;2025-11-08;16;186
50;2025-11-08;17;193
50;2025-11-08;18;133
50;2025-11-08;19;160
50;2025-11-08;20;96
50;2025-11-08;21;63
50;2025-11-08;22;41
50;2025-11-08;23;25
50;2025-11-09;0;26
50;2025-11-09;1;1
50;2025-11-09;2;0
50;2025-11-09;3;3
50;2025-11-09;4;0
50;2025-11-09;5;4
50;2025-11-09;6;21
50;2025-11-09;7;40
50;2025-11-09;8;63
50;2025-11-09;9;76
50;2025-11-09;10;80
50;2025-11-09;11;138
50;2025-11-09;12;180
50;2025-11-09;13;236
50;2025-11-09;14;216
50;2025-11-09;15;175
50;2025-11-09;16;176
50;2025-11-09;17;184
50;2025-11-09;18;114
50;2025-11-09;19;137
50;2025-11-09;20;92
50;2025-11-09;21;60
50;2025-11-09;22;36
50;2025-11-09;23;19
50;2025-11-10;0;26
50;2025-11-10;1;1
50;2025-11-10;2;0
50;2025-11-10;3;0
50;2025-11-10;4;0
50;2025-11-10;5;67
50;2025-11-10;6;531
50;2025-11-10;7;1691
50;2025-11-10;8;2662
50;2025-11-10;9;2010
50;2025-11-10;10;1530
50;2025-11-10;11;1383
50;2025-11-10;12;1327
50;2025-11-10;13;1368
50;2025-11-10;14;1338
50;2025-11-10;15;1514
50;2025-11-10;16;1626
50;2025-11-10;17;2137
50;2025-11-10;18;2313
50;2025-11-10;19;1398
50;2025-11-10;20;872
50;2025-11-10;21;567
50;2025-11-10;22;231
50;2025-11-10;23;116
50;2025-11-11;0;29
50;2025-11-11;1;1
50;2025-11-11;2;0
50;2025-11-11;3;0
50;2025-11-11;4;1
50;2025-11-11;5;72
50;2025-11-11;6;569
50;2025-11-11;7;1773
50;2025-11-11;8;2750
50;2025-11-11;9;2077
50;2025-11-11;10;1638
50;2025-11-11;11;1464
50;2025-11-11;12;1410
50;2025-11-11;13;1440
50;2025-11-11;14;1399
50;2025-11-11;15;1572
50;2025-11-11;16;1704
50;2025-11-11;17;2253
50;2025-11-11;18;2379
50;2025-11-11;19;1465
50;2025-11-11;20;933
50;2025-11-11;21;601
50;2025-11-11;22;264
50;2025-11-11;23;136
50;2025-11-12;0;30
50;2025-11-12;1;0
50;2025-11-12;2;0
50;2025-11-12;3;0
50;2025-11-12;4;1
50;2025-11-12;5;73
50;2025-11-12;6;569
50;2025-11-12;7;1795
50;2025-11-12;8;2801
50;2025-11-12;9;2088
50;2025-11-12;10;1657
50;2025-11-12;11;1510
50;2025-11-12;12;1473
50;2025-11-12;13;1480
50;2025-11-12;14;1437
50;2025-11-12;15;1602
50;2025-11-12;16;1757
50;2025-11-12;17;2255
50;2025-11-12;18;2409
50;2025-11-12;19;1491
50;2025-11-12;20;927
50;2025-11-12;21;620
50;2025-11-12;22;280
50;2025-11-12;23;147
50;2025-11-13;0;37
50;2025-11-13;1;1
50;2025-11-13;2;0
50;2025-11-13;3;1
50;2025-11-13;4;1
50;2025-11-13;5;71
50;2025-11-13;6;539
50;2025-11-13;7;1715
50;2025-11-13;8;2695
50;2025-11-13;9;2056
50;2025-11-13;10;1628
50;2025-11-13;11;1465
50;2025-11-13;12;1435
50;2025-11-13;13;1455
50;2025-11-13;14;1408
50;2025-11-13;15;1583
50;2025-11-13;16;1696
50;2025-11-13;17;2200
50;2025-11-13;18;2360
50;2025-11-13;19;1444
50;2025-11-13;20;932
50;2025-11-13;21;635
50;2025-11-13;22;276
50;2025-11-13;23;150
50;2025-11-14;0;36
50;2025-11-14;1;2
50;2025-11-14;2;0
50;2025-11-14;3;0
50;2025-11-14;4;0
50;2025-11-14;5;68
50;2025-11-14;6;542
50;2025-11-14;7;1677
50;2025-11-14;8;2659
50;2025-11-14;9;1986
50;2025-11-14;10;1536
50;2025-11-14;11;1469
50;2025-11-14;12;1423
50;2025-11-14;13;1453
50;2025-11-14;14;1457
50;2025-11-14;15;1653
50;2025-11-14;16;1932
50;2025-11-14;17;2080
50;2025-11-14;18;1895
50;2025-11-14;19;1270
50;2025-11-14;20;837
50;2025-11-14;21;566
50;2025-11-14;22;273
50;2025-11-14;23;158
50;2025-11-15;0;48
50;2025-11-15;1;1
50;2025-11-15;2;0
50;2025-11-15;3;7
50;2025-11-15;4;0
50;2025-11-15;5;6
50;2025-11-15;6;38
50;2025-11-15;7;118
50;2025-11-15;8;187
50;2025-11-15;9;189
50;2025-11-15;10;150
50;2025-11-15;11;190
50;2025-11-15;12;220
50;2025-11-15;13;253
50;2025-11-15;14;220
50;2025-11-15;15;227
50;2025-11-15;16;208
50;2025-11-15;17;217
50;2025-11-15;18;156
50;2025-11-15;19;174
50;2025-11-15;20;106
50;2025-11-15;21;75
50;2025-11-15;22;41
50;2025-11-15;23;25
50;2025-11-16;0;34
50;2025-11-16;1;1
50;2025-11-16;2;0
50;2025-11-16;3;3
50;2025-11-16;4;0
50;2025-11-16;5;4
50;2025-11-16;6;21
50;2025-11-16;7;44
50;2025-11-16;8;79
50;2025-11-16;9;76
50;2025-11-16;10;83
50;2025-11-16;11;159
50;2025-11-16;12;198
50;2025-11-16;13;254
50;2025-11-16;14;235
50;2025-11-16;15;191
50;2025-11-16;16;198
50;2025-11-16;17;210
50;2025-11-16;18;137
50;2025-11-16;19;152
50;2025-11-16;20;101
50;2025-11-16;21;73
50;2025-11-16;22;36
50;2025-11-16;23;19
50;2025-11-17;0;27
50;2025-11-17;1;1
50;2025-11-17;2;0
50;2025-11-17;3;0
50;2025-11-17;4;1
50;2025-11-17;5;67
50;2025-11-17;6;537
50;2025-11-17;7;1704
50;2025-11-17;8;2688
50;2025-11-17;9;2038
50;2025-11-17;10;1554
50;2025-11-17;11;1406
50;2025-11-17;12;1350
50;2025-11-17;13;1393
50;2025-11-17;14;1364
50;2025-11-17;15;1541
50;2025-11-17;16;1649
50;2025-11-17;17;2161
50;2025-11-17;18;2342
50;2025-11-17;19;1417
50;2025-11-17;20;890
50;2025-11-17;21;586
50;2025-11-17;22;249
50;2025-11-17;23;126
50;2025-11-18;0;29
50;2025-11-18;1;1
50;2025-11-18;2;0
50;2025-11-18;3;0
50;2025-11-18;4;1
50;2025-11-18;5;73
50;2025-11-18;6;569
50;2025-11-18;7;1773
50;2025-11-18;8;2757
50;2025-11-18;9;2083
50;2025-11-18;10;1639
50;2025-11-18;11;1462
50;2025-11-18;12;1413
50;2025-11-18;13;1443
50;2025-11-18;14;1398
50;2025-11-18;15;1573
50;2025-11-18;16;1705
50;2025-11-18;17;2255
50;2025-11-18;18;2385
50;2025-11-18;19;1466
50;2025-11-18;20;935
50;2025-11-18;21;604
50;2025-11-18;22;267
50;2025-11-18;23;139
50;2025-11-19;0;30
50;2025-11-19;1;1
50;2025-11-19;2;0
50;2025-11-19;3;0
50;2025-11-19;4;1
50;2025-11-19;5;72
50;2025-11-19;6;566
50;2025-11-19;7;1791
50;2025-11-19;8;2802
50;2025-11-19;9;2088
50;2025-11-19;10;1655
50;2025-11-19;11;1507
50;2025-11-19;12;1475
50;2025-11-19;13;1482
50;2025-11-19;14;1435
50;2025-11-19;15;1600
50;2025-11-19;16;1756
50;2025-11-19;17;2255
50;2025-11-19;18;2414
50;2025-11-19;19;1491
50;2025-11-19;20;928
50;2025-11-19;21;621
50;2025-11-19;22;282
50;2025-11-19;23;149
50;2025-11-20;0;37
50;2025-11-20;1;1
50;2025-11-20;2;0
50;2025-11-20;3;1
50;2025-11-20;4;1
50;2025-11-20;5;70
50;2025-11-20;6;537
50;2025-11-20;7;1713
50;2025-11-20;8;2697
50;2025-11-20;9;2057
50;2025-11-20;10;1627
50;2025-11-20;11;1467
50;2025-11-20;12;1437
50;2025-11-20;13;1457
50;2025-11-20;14;1408
50;2025-11-20;15;1582
50;2025-11-20;16;1696
50;2025-11-20;17;2201
50;2025-11-20;18;2364
50;2025-11-20;19;1443
50;2025-11-20;20;932
50;2025-11-20;21;636
50;2025-11-20;22;278
50;2025-11-20;23;151
50;2025-11-21;0;36
50;2025-11-21;1;2
50;2025-11-21;2;0
50;2025-11-21;3;0
50;2025-11-21;4;0
50;2025-11-21;5;67
50;2025-11-21;6;540
50;2025-11-21;7;1674
50;2025-11-21;8;2658
50;2025-11-21;9;1984
50;2025-11-21;10;1534
50;2025-11-21;11;1472
50;2025-11-21;12;1425
50;2025-11-21;13;1455
50;2025-11-21;14;1459
50;2025-11-21;15;1657
50;2025-11-21;16;1938
50;2025-11-21;17;2085
50;2025-11-21;18;1901
50;2025-11-21;19;1274
50;2025-11-21;20;838
50;2025-11-21;21;568
50;2025-11-21;22;274
50;2025-11-21;23;158
50;2025-11-22;0;49
50;2025-11-22;1;1
50;2025-11-22;2;0
50;2025-11-22;3;7
50;2025-11-22;4;0
50;2025-11-22;5;6
50;2025-11-22;6;36
50;2025-11-22;7;121
50;2025-11-22;8;188
50;2025-11-22;9;190
50;2025-11-22;10;151
50;2025-11-22;11;194
50;2025-11-22;12;222
50;2025-11-22;13;256
50;2025-11-22;14;218
50;2025-11-22;15;223
50;2025-11-22;16;206
50;2025-11-22;17;217
50;2025-11-22;18;160
50;2025-11-22;19;174
50;2025-11-22;20;108
50;2025-11-22;21;76
50;2025-11-22;22;41
50;2025-11-22;23;25
50;2025-11-23;0;29
50;2025-11-23;1;1
50;2025-11-23;2;0
50;2025-11-23;3;3
50;2025-11-23;4;0
50;2025-11-23;5;4
50;2025-11-23;6;21
50;2025-11-23;7;39
50;2025-11-23;8;74
50;2025-11-23;9;76
50;2025-11-23;10;80
50;2025-11-23;11;150
50;2025-11-23;12;190
50;2025-11-23;13;249
50;2025-11-23;14;226
50;2025-11-23;15;185
50;2025-11-23;16;192
50;2025-11-23;17;208
50;2025-11-23;18;138
50;2025-11-23;19;153
50;2025-11-23;20;97
50;2025-11-23;21;69
50;2025-11-23;22;36
50;2025-11-23;23;19
50;2025-11-24;0;27
50;2025-11-24;1;1
50;2025-11-24;2;0
50;2025-11-24;3;0
50;2025-11-24;4;1
50;2025-11-24;5;61
50;2025-11-24;6;529
50;2025-11-24;7;1692
50;2025-11-24;8;2672
50;2025-11-24;9;2027
50;2025-11-24;10;1545
50;2025-11-24;11;1402
50;2025-11-24;12;1345
50;2025-11-24;13;1390
50;2025-11-24;14;1354
50;2025-11-24;15;1531
50;2025-11-24;16;1640
50;2025-11-24;17;2152
50;2025-11-24;18;2335
50;2025-11-24;19;1405
50;2025-11-24;20;883
50;2025-11-24;21;577
50;2025-11-24;22;240
50;2025-11-24;23;118
50;2025-11-25;0;29
50;2025-11-25;1;0
50;2025-11-25;2;0
50;2025-11-25;3;0
50;2025-11-25;4;1
50;2025-11-25;5;67
50;2025-11-25;6;562
50;2025-11-25;7;1756
50;2025-11-25;8;2735
50;2025-11-25;9;2064
50;2025-11-25;10;1624
50;2025-11-25;11;1449
50;2025-11-25;12;1398
50;2025-11-25;13;1429
50;2025-11-25;14;1384
50;2025-11-25;15;1557
50;2025-11-25;16;1690
50;2025-11-25;17;2240
50;2025-11-25;18;2375
50;2025-11-25;19;1456
50;2025-11-25;20;928
50;2025-11-25;21;597
50;2025-11-25;22;262
50;2025-11-25;23;134
50;2025-11-26;0;30
50;2025-11-26;1;1
50;2025-11-26;2;0
50;2025-11-26;3;0
50;2025-11-26;4;1
50;2025-11-26;5;74
50;2025-11-26;6;567
50;2025-11-26;7;1779
50;2025-11-26;8;2787
50;2025-11-26;9;2076
50;2025-11-26;10;1647
50;2025-11-26;11;1501
50;2025-11-26;12;1468
50;2025-11-26;13;1472
50;2025-11-26;14;1425
50;2025-11-26;15;1589
50;2025-11-26;16;1746
50;2025-11-26;17;2245
50;2025-11-26;18;2412
50;2025-11-26;19;1489
50;2025-11-26;20;927
50;2025-11-26;21;621
50;2025-11-26;22;282
50;2025-11-26;23;150
50;2025-11-27;0;37
50;2025-11-27;1;1
50;2025-11-27;2;0
50;2025-11-27;3;2
50;2025-11-27;4;2
50;2025-11-27;5;73
50;2025-11-27;6;539
50;2025-11-27;7;1703
50;2025-11-27;8;2684
50;2025-11-27;9;2048
50;2025-11-27;10;1622
50;2025-11-27;11;1460
50;2025-11-27;12;1431
50;2025-11-27;13;1449
50;2025-11-27;14;1400
50;2025-11-27;15;1574
50;2025-11-27;16;1688
50;2025-11-27;17;2193
50;2025-11-27;18;2361
50;2025-11-27;19;1443
50;2025-11-27;20;933
50;2025-11-27;21;637
50;2025-11-27;22;278
50;2025-11-27;23;153
50;2025-11-28;0;36
50;2025-11-28;1;2
50;2025-11-28;2;0
50;2025-11-28;3;0
50;2025-11-28;4;0
50;2025-11-28;5;70
50;2025-11-28;6;542
50;2025-11-28;7;1667
50;2025-11-28;8;2647
50;2025-11-28;9;1977
50;2025-11-28;10;1527
50;2025-11-28;11;1463
50;2025-11-28;12;1418
50;2025-11-28;13;1446
50;2025-11-28;14;1449
50;2025-11-28;15;1644
50;2025-11-28;16;1925
50;2025-11-28;17;2076
50;2025-11-28;18;1899
50;2025-11-28;19;1275
50;2025-11-28;20;841
50;2025-11-28;21;571
50;2025-11-28;22;275
50;2025-11-28;23;159
50;2025-11-29;0;48
50;2025-11-29;1;1
50;2025-11-29;2;0
50;2025-11-29;3;7
50;2025-11-29;4;0
50;2025-11-29;5;6
50;2025-11-29;6;35
50;2025-11-29;7;115
50;2025-11-29;8;176
50;2025-11-29;9;173
50;2025-11-29;10;134
50;2025-11-29;11;178
50;2025-11-29;12;204
50;2025-11-29;13;236
50;2025-11-29;14;199
50;2025-11-29;15;202
50;2025-11-29;16;189
50;2025-11-29;17;202
50;2025-11-29;18;146
50;2025-11-29;19;165
50;2025-11-29;20;97
50;2025-11-29;21;69
50;2025-11-29;22;41
50;2025-11-29;23;25
50;2025-11-30;0;28
50;2025-11-30;1;1
50;2025-11-30;2;0
50;2025-11-30;3;3
50;2025-11-30;4;0
50;2025-11-30;5;4
50;2025-11-30;6;21
50;2025-11-30;7;39
50;2025-11-30;8;62
50;2025-11-30;9;76
50;2025-11-30;10;80
50;2025-11-30;11;122
50;2025-11-30;12;156
50;2025-11-30;13;213
50;2025-11-30;14;190
50;2025-11-30;15;153
50;2025-11-30;16;153
50;2025-11-30;17;174
50;2025-11-30;18;111
50;2025-11-30;19;135
50;2025-11-30;20;88
50;2025-11-30;21;61
50;2025-11-30;22;36
50;2025-11-30;23;19
50;2025-12-01;0;31
50;2025-12-01;1;3
50;2025-12-01;2;0
50;2025-12-01;3;0
50;2025-12-01;4;1
50;2025-12-01;5;69
50;2025-12-01;6;561
50;2025-12-01;7;1693
50;2025-12-01;8;2640
50;2025-12-01;9;2032
50;2025-12-01;10;1557
50;2025-12-01;11;1422
50;2025-12-01;12;1364
50;2025-12-01;13;1396
50;2025-12-01;14;1363
50;2025-12-01;15;1540
50;2025-12-01;16;1647
50;2025-12-01;17;2196
50;2025-12-01;18;2390
50;2025-12-01;19;1445
50;2025-12-01;20;898
50;2025-12-01;21;583
50;2025-12-01;22;254
50;2025-12-01;23;117
50;2025-12-02;0;35
50;2025-12-02;1;2
50;2025-12-02;2;0
50;2025-12-02;3;0
50;2025-12-02;4;1
50;2025-12-02;5;73
50;2025-12-02;6;591
50;2025-12-02;7;1755
50;2025-12-02;8;2705
50;2025-12-02;9;2074
50;2025-12-02;10;1641
50;2025-12-02;11;1477
50;2025-12-02;12;1427
50;2025-12-02;13;1445
50;2025-12-02;14;1404
50;2025-12-02;15;1580
50;2025-12-02;16;1708
50;2025-12-02;17;2286
50;2025-12-02;18;2424
50;2025-12-02;19;1497
50;2025-12-02;20;943
50;2025-12-02;21;600
50;2025-12-02;22;271
50;2025-12-02;23;127
50;2025-12-03;0;34
50;2025-12-03;1;2
50;2025-12-03;2;0
50;2025-12-03;3;0
50;2025-12-03;4;1
50;2025-12-03;5;76
50;2025-12-03;6;594
50;2025-12-03;7;1783
50;2025-12-03;8;2771
50;2025-12-03;9;2100
50;2025-12-03;10;1681
50;2025-12-03;11;1545
50;2025-12-03;12;1514
50;2025-12-03;13;1508
50;2025-12-03;14;1462
50;2025-12-03;15;1630
50;2025-12-03;16;1780
50;2025-12-03;17;2305
50;2025-12-03;18;2470
50;2025-12-03;19;1533
50;2025-12-03;20;944
50;2025-12-03;21;625
50;2025-12-03;22;293
50;2025-12-03;23;145
50;2025-12-04;0;42
50;2025-12-04;1;3
50;2025-12-04;2;0
50;2025-12-04;3;2
50;2025-12-04;4;3
50;2025-12-04;5;80
50;2025-12-04;6;570
50;2025-12-04;7;1711
50;2025-12-04;8;2670
50;2025-12-04;9;2074
50;2025-12-04;10;1657
50;2025-12-04;11;1501
50;2025-12-04;12;1474
50;2025-12-04;13;1482
50;2025-12-04;14;1435
50;2025-12-04;15;1612
50;2025-12-04;16;1726
50;2025-12-04;17;2257
50;2025-12-04;18;2424
50;2025-12-04;19;1491
50;2025-12-04;20;956
50;2025-12-04;21;648
50;2025-12-04;22;292
50;2025-12-04;23;149
50;2025-12-05;0;41
50;2025-12-05;1;3
50;2025-12-05;2;0
50;2025-12-05;3;0
50;2025-12-05;4;1
50;2025-12-05;5;75
50;2025-12-05;6;572
50;2025-12-05;7;1678
50;2025-12-05;8;2637
50;2025-12-05;9;2005
50;2025-12-05;10;1563
50;2025-12-05;11;1509
50;2025-12-05;12;1465
50;2025-12-05;13;1485
50;2025-12-05;14;1478
50;2025-12-05;15;1675
50;2025-12-05;16;1955
50;2025-12-05;17;2145
50;2025-12-05;18;1968
50;2025-12-05;19;1324
50;2025-12-05;20;867
50;2025-12-05;21;580
50;2025-12-05;22;288
50;2025-12-05;23;155
50;2025-12-06;0;65
50;2025-12-06;1;5
50;2025-12-06;2;0
50;2025-12-06;3;0
50;2025-12-06;4;0
50;2025-12-06;5;35
50;2025-12-06;6;163
50;2025-12-06;7;311
50;2025-12-06;8;456
50;2025-12-06;9;613
50;2025-12-06;10;563
50;2025-12-06;11;676
50;2025-12-06;12;754
50;2025-12-06;13;739
50;2025-12-06;14;759
50;2025-12-06;15;854
50;2025-12-06;16;742
50;2025-12-06;17;714
50;2025-12-06;18;607
50;2025-12-06;19;546
50;2025-12-06;20;518
50;2025-12-06;21;322
50;2025-12-06;22;218
50;2025-12-06;23;127
50;2025-12-07;0;48
50;2025-12-07;1;6
50;2025-12-07;2;1
50;2025-12-07;3;0
50;2025-12-07;4;0
50;2025-12-07;5;19
50;2025-12-07;6;114
50;2025-12-07;7;231
50;2025-12-07;8;318
50;2025-12-07;9;420
50;2025-12-07;10;487
50;2025-12-07;11;605
50;2025-12-07;12;778
50;2025-12-07;13;779
50;2025-12-07;14;844
50;2025-12-07;15;693
50;2025-12-07;16;786
50;2025-12-07;17;763
50;2025-12-07;18;622
50;2025-12-07;19;604
50;2025-12-07;20;408
50;2025-12-07;21;370
50;2025-12-07;22;182
50;2025-12-07;23;100
50;2025-12-08;0;32
50;2025-12-08;1;3
50;2025-12-08;2;0
50;2025-12-08;3;0
50;2025-12-08;4;1
50;2025-12-08;5;70
50;2025-12-08;6;565
50;2025-12-08;7;1708
50;2025-12-08;8;2667
50;2025-12-08;9;2058
50;2025-12-08;10;1585
50;2025-12-08;11;1452
50;2025-12-08;12;1394
50;2025-12-08;13;1428
50;2025-12-08;14;1392
50;2025-12-08;15;1570
50;2025-12-08;16;1675
50;2025-12-08;17;2220
50;2025-12-08;18;2400
50;2025-12-08;19;1457
50;2025-12-08;20;909
50;2025-12-08;21;591
50;2025-12-08;22;258
50;2025-12-08;23;120
50;2025-12-09;0;35
50;2025-12-09;1;2
50;2025-12-09;2;0
50;2025-12-09;3;0
50;2025-12-09;4;1
50;2025-12-09;5;76
50;2025-12-09;6;599
50;2025-12-09;7;1778
50;2025-12-09;8;2741
50;2025-12-09;9;2109
50;2025-12-09;10;1678
50;2025-12-09;11;1514
50;2025-12-09;12;1464
50;2025-12-09;13;1484
50;2025-12-09;14;1441
50;2025-12-09;15;1616
50;2025-12-09;16;1743
50;2025-12-09;17;2318
50;2025-12-09;18;2446
50;2025-12-09;19;1515
50;2025-12-09;20;960
50;2025-12-09;21;614
50;2025-12-09;22;279
50;2025-12-09;23;133
50;2025-12-10;0;35
50;2025-12-10;1;2
50;2025-12-10;2;0
50;2025-12-10;3;0
50;2025-12-10;4;1
50;2025-12-10;5;78
50;2025-12-10;6;599
50;2025-12-10;7;1804
50;2025-12-10;8;2792
50;2025-12-10;9;2119
50;2025-12-10;10;1700
50;2025-12-10;11;1566
50;2025-12-10;12;1533
50;2025-12-10;13;1530
50;2025-12-10;14;1484
50;2025-12-10;15;1650
50;2025-12-10;16;1800
50;2025-12-10;17;2325
50;2025-12-10;18;2481
50;2025-12-10;19;1546
50;2025-12-10;20;956
50;2025-12-10;21;635
50;2025-12-10;22;297
50;2025-12-10;23;145
50;2025-12-11;0;42
50;2025-12-11;1;3
50;2025-12-11;2;0
50;2025-12-11;3;1
50;2025-12-11;4;2
50;2025-12-11;5;77
50;2025-12-11;6;568
50;2025-12-11;7;1723
50;2025-12-11;8;2685
50;2025-12-11;9;2086
50;2025-12-11;10;1668
50;2025-12-11;11;1514
50;2025-12-11;12;1487
50;2025-12-11;13;1497
50;2025-12-11;14;1449
50;2025-12-11;15;1626
50;2025-12-11;16;1739
50;2025-12-11;17;2270
50;2025-12-11;18;2431
50;2025-12-11;19;1496
50;2025-12-11;20;960
50;2025-12-11;21;649
50;2025-12-11;22;292
50;2025-12-11;23;148
50;2025-12-12;0;41
50;2025-12-12;1;3
50;2025-12-12;2;0
50;2025-12-12;3;0
50;2025-12-12;4;1
50;2025-12-12;5;72
50;2025-12-12;6;569
50;2025-12-12;7;1686
50;2025-12-12;8;2648
50;2025-12-12;9;2012
50;2025-12-12;10;1572
50;2025-12-12;11;1519
50;2025-12-12;12;1474
50;2025-12-12;13;1496
50;2025-12-12;14;1490
50;2025-12-12;15;1688
50;2025-12-12;16;1970
50;2025-12-12;17;2152
50;2025-12-12;18;1965
50;2025-12-12;19;1323
50;2025-12-12;20;863
50;2025-12-12;21;577
50;2025-12-12;22;286
50;2025-12-12;23;152
50;2025-12-13;0;66
50;2025-12-13;1;5
50;2025-12-13;2;0
50;2025-12-13;3;0
50;2025-12-13;4;0
50;2025-12-13;5;37
50;2025-12-13;6;167
50;2025-12-13;7;318
50;2025-12-13;8;467
50;2025-12-13;9;627
50;2025-12-13;10;576
50;2025-12-13;11;689
50;2025-12-13;12;766
50;2025-12-13;13;752
50;2025-12-13;14;775
50;2025-12-13;15;873
50;2025-12-13;16;756
50;2025-12-13;17;728
50;2025-12-13;18;617
50;2025-12-13;19;552
50;2025-12-13;20;524
50;2025-12-13;21;325
50;2025-12-13;22;220
50;2025-12-13;23;128
50;2025-12-14;0;52
50;2025-12-14;1;6
50;2025-12-14;2;1
50;2025-12-14;3;0
50;2025-12-14;4;0
50;2025-12-14;5;21
50;2025-12-14;6;117
50;2025-12-14;7;239
50;2025-12-14;8;327
50;2025-12-14;9;430
50;2025-12-14;10;496
50;2025-12-14;11;608
50;2025-12-14;12;785
50;2025-12-14;13;786
50;2025-12-14;14;857
50;2025-12-14;15;707
50;2025-12-14;16;803
50;2025-12-14;17;778
50;2025-12-14;18;639
50;2025-12-14;19;618
50;2025-12-14;20;418
50;2025-12-14;21;382
50;2025-12-14;22;187
50;2025-12-14;23;106
50;2025-12-15;0;32
50;2025-12-15;1;3
50;2025-12-15;2;0
50;2025-12-15;3;0
50;2025-12-15;4;1
50;2025-12-15;5;70
50;2025-12-15;6;566
50;2025-12-15;7;1718
50;2025-12-15;8;2683
50;2025-12-15;9;2070
50;2025-12-15;10;1594
50;2025-12-15;11;1459
50;2025-12-15;12;1399
50;2025-12-15;13;1433
50;2025-12-15;14;1399
50;2025-12-15;15;1577
50;2025-12-15;16;1683
50;2025-12-15;17;2228
50;2025-12-15;18;2413
50;2025-12-15;19;1463
50;2025-12-15;20;914
50;2025-12-15;21;595
50;2025-12-15;22;260
50;2025-12-15;23;122
50;2025-12-16;0;35
50;2025-12-16;1;2
50;2025-12-16;2;0
50;2025-12-16;3;0
50;2025-12-16;4;1
50;2025-12-16;5;77
50;2025-12-16;6;600
50;2025-12-16;7;1790
50;2025-12-16;8;2761
50;2025-12-16;9;2125
50;2025-12-16;10;1692
50;2025-12-16;11;1530
50;2025-12-16;12;1475
50;2025-12-16;13;1496
50;2025-12-16;14;1453
50;2025-12-16;15;1630
50;2025-12-16;16;1757
50;2025-12-16;17;2330
50;2025-12-16;18;2459
50;2025-12-16;19;1520
50;2025-12-16;20;964
50;2025-12-16;21;616
50;2025-12-16;22;282
50;2025-12-16;23;137
50;2025-12-17;0;34
50;2025-12-17;1;2
50;2025-12-17;2;0
50;2025-12-17;3;0
50;2025-12-17;4;1
50;2025-12-17;5;79
50;2025-12-17;6;600
50;2025-12-17;7;1808
50;2025-12-17;8;2805
50;2025-12-17;9;2129
50;2025-12-17;10;1707
50;2025-12-17;11;1576
50;2025-12-17;12;1539
50;2025-12-17;13;1535
50;2025-12-17;14;1490
50;2025-12-17;15;1659
50;2025-12-17;16;1805
50;2025-12-17;17;2328
50;2025-12-17;18;2486
50;2025-12-17;19;1547
50;2025-12-17;20;956
50;2025-12-17;21;635
50;2025-12-17;22;298
50;2025-12-17;23;147
50;2025-12-18;0;43
50;2025-12-18;1;4
50;2025-12-18;2;0
50;2025-12-18;3;1
50;2025-12-18;4;2
50;2025-12-18;5;78
50;2025-12-18;6;570
50;2025-12-18;7;1726
50;2025-12-18;8;2696
50;2025-12-18;9;2096
50;2025-12-18;10;1675
50;2025-12-18;11;1524
50;2025-12-18;12;1492
50;2025-12-18;13;1502
50;2025-12-18;14;1453
50;2025-12-18;15;1628
50;2025-12-18;16;1741
50;2025-12-18;17;2273
50;2025-12-18;18;2438
50;2025-12-18;19;1498
50;2025-12-18;20;960
50;2025-12-18;21;650
50;2025-12-18;22;294
50;2025-12-18;23;149
50;2025-12-19;0;41
50;2025-12-19;1;3
50;2025-12-19;2;0
50;2025-12-19;3;0
50;2025-12-19;4;1
50;2025-12-19;5;74
50;2025-12-19;6;573
50;2025-12-19;7;1693
50;2025-12-19;8;2659
50;2025-12-19;9;2024
50;2025-12-19;10;1580
50;2025-12-19;11;1534
50;2025-12-19;12;1484
50;2025-12-19;13;1506
50;2025-12-19;14;1500
50;2025-12-19;15;1699
50;2025-12-19;16;1982
50;2025-12-19;17;2163
50;2025-12-19;18;1977
50;2025-12-19;19;1332
50;2025-12-19;20;869
50;2025-12-19;21;583
50;2025-12-19;22;291
50;2025-12-19;23;155
50;2025-12-20;0;66
50;2025-12-20;1;5
50;2025-12-20;2;1
50;2025-12-20;3;0
50;2025-12-20;4;0
50;2025-12-20;5;37
50;2025-12-20;6;167
50;2025-12-20;7;322
50;2025-12-20;8;474
50;2025-12-20;9;637
50;2025-12-20;10;585
50;2025-12-20;11;703
50;2025-12-20;12;778
50;2025-12-20;13;763
50;2025-12-20;14;783
50;2025-12-20;15;881
50;2025-12-20;16;763
50;2025-12-20;17;734
50;2025-12-20;18;625
50;2025-12-20;19;558
50;2025-12-20;20;531
50;2025-12-20;21;329
50;2025-12-20;22;226
50;2025-12-20;23;133
50;2025-12-21;0;47
50;2025-12-21;1;5
50;2025-12-21;2;0
50;2025-12-21;3;0
50;2025-12-21;4;0
50;2025-12-21;5;19
50;2025-12-21;6;115
50;2025-12-21;7;236
50;2025-12-21;8;326
50;2025-12-21;9;430
50;2025-12-21;10;497
50;2025-12-21;11;611
50;2025-12-21;12;781
50;2025-12-21;13;782
50;2025-12-21;14;854
50;2025-12-21;15;704
50;2025-12-21;16;799
50;2025-12-21;17;775
50;2025-12-21;18;634
50;2025-12-21;19;608
50;2025-12-21;20;411
50;2025-12-21;21;375
50;2025-12-21;22;185
50;2025-12-21;23;101
50;2025-12-22;0;32
50;2025-12-22;1;3
50;2025-12-22;2;0
50;2025-12-22;3;0
50;2025-12-22;4;1
50;2025-12-22;5;70
50;2025-12-22;6;565
50;2025-12-22;7;1716
50;2025-12-22;8;2677
50;2025-12-22;9;2065
50;2025-12-22;10;1592
50;2025-12-22;11;1464
50;2025-12-22;12;1403
50;2025-12-22;13;1437
50;2025-12-22;14;1400
50;2025-12-22;15;1579
50;2025-12-22;16;1686
50;2025-12-22;17;2231
50;2025-12-22;18;2418
50;2025-12-22;19;1464
50;2025-12-22;20;915
50;2025-12-22;21;598
50;2025-12-22;22;264
50;2025-12-22;23;125
50;2025-12-23;0;36
50;2025-12-23;1;2
50;2025-12-23;2;0
50;2025-12-23;3;0
50;2025-12-23;4;1
50;2025-12-23;5;77
50;2025-12-23;6;600
50;2025-12-23;7;1783
50;2025-12-23;8;2748
50;2025-12-23;9;2115
50;2025-12-23;10;1685
50;2025-12-23;11;1525
50;2025-12-23;12;1471
50;2025-12-23;13;1492
50;2025-12-23;14;1450
50;2025-12-23;15;1627
50;2025-12-23;16;1754
50;2025-12-23;17;2329
50;2025-12-23;18;2461
50;2025-12-23;19;1522
50;2025-12-23;20;967
50;2025-12-23;21;621
50;2025-12-23;22;287
50;2025-12-23;23;140
50;2025-12-24;0;36
50;2025-12-24;1;3
50;2025-12-24;2;0
50;2025-12-24;3;0
50;2025-12-24;4;1
50;2025-12-24;5;82
50;2025-12-24;6;602
50;2025-12-24;7;1805
50;2025-12-24;8;2799
50;2025-12-24;9;2129
50;2025-12-24;10;1707
50;2025-12-24;11;1573
50;2025-12-24;12;1537
50;2025-12-24;13;1533
50;2025-12-24;14;1489
50;2025-12-24;15;1655
50;2025-12-24;16;1805
50;2025-12-24;17;2331
50;2025-12-24;18;2493
50;2025-12-24;19;1549
50;2025-12-24;20;957
50;2025-12-24;21;637
50;2025-12-24;22;300
50;2025-12-24;23;147
50;2025-12-25;0;44
50;2025-12-25;1;4
50;2025-12-25;2;0
50;2025-12-25;3;1
50;2025-12-25;4;1
50;2025-12-25;5;84
50;2025-12-25;6;574
50;2025-12-25;7;1707
50;2025-12-25;8;2665
50;2025-12-25;9;2091
50;2025-12-25;10;1692
50;2025-12-25;11;1540
50;2025-12-25;12;1512
50;2025-12-25;13;1517
50;2025-12-25;14;1471
50;2025-12-25;15;1644
50;2025-12-25;16;1739
50;2025-12-25;17;2262
50;2025-12-25;18;2421
50;2025-12-25;19;1493
50;2025-12-25;20;964
50;2025-12-25;21;654
50;2025-12-25;22;300
50;2025-12-25;23;153
50;2025-12-26;0;42
50;2025-12-26;1;3
50;2025-12-26;2;0
50;2025-12-26;3;0
50;2025-12-26;4;0
50;2025-12-26;5;81
50;2025-12-26;6;574
50;2025-12-26;7;1674
50;2025-12-26;8;2649
50;2025-12-26;9;2032
50;2025-12-26;10;1597
50;2025-12-26;11;1546
50;2025-12-26;12;1499
50;2025-12-26;13;1514
50;2025-12-26;14;1508
50;2025-12-26;15;1702
50;2025-12-26;16;1974
50;2025-12-26;17;2150
50;2025-12-26;18;1972
50;2025-12-26;19;1321
50;2025-12-26;20;872
50;2025-12-26;21;586
50;2025-12-26;22;299
50;2025-12-26;23;160
50;2025-12-27;0;65
50;2025-12-27;1;5
50;2025-12-27;2;0
50;2025-12-27;3;0
50;2025-12-27;4;1
50;2025-12-27;5;44
50;2025-12-27;6;170
50;2025-12-27;7;323
50;2025-12-27;8;466
50;2025-12-27;9;628
50;2025-12-27;10;570
50;2025-12-27;11;681
50;2025-12-27;12;752
50;2025-12-27;13;732
50;2025-12-27;14;756
50;2025-12-27;15;846
50;2025-12-27;16;727
50;2025-12-27;17;696
50;2025-12-27;18;597
50;2025-12-27;19;540
50;2025-12-27;20;520
50;2025-12-27;21;327
50;2025-12-27;22;226
50;2025-12-27;23;137
50;2025-12-28;0;46
50;2025-12-28;1;5
50;2025-12-28;2;0
50;2025-12-28;3;0
50;2025-12-28;4;0
50;2025-12-28;5;29
50;2025-12-28;6;121
50;2025-12-28;7;232
50;2025-12-28;8;324
50;2025-12-28;9;424
50;2025-12-28;10;485
50;2025-12-28;11;596
50;2025-12-28;12;755
50;2025-12-28;13;751
50;2025-12-28;14;819
50;2025-12-28;15;669
50;2025-12-28;16;752
50;2025-12-28;17;724
50;2025-12-28;18;595
50;2025-12-28;19;589
50;2025-12-28;20;402
50;2025-12-28;21;373
50;2025-12-28;22;186
50;2025-12-28;23;108
50;2025-12-29;0;29
50;2025-12-29;1;3
50;2025-12-29;2;0
50;2025-12-29;3;0
50;2025-12-29;4;1
50;2025-12-29;5;77
50;2025-12-29;6;543
50;2025-12-29;7;1598
50;2025-12-29;8;2539
50;2025-12-29;9;1972
50;2025-12-29;10;1541
50;2025-12-29;11;1418
50;2025-12-29;12;1365
50;2025-12-29;13;1386
50;2025-12-29;14;1345
50;2025-12-29;15;1513
50;2025-12-29;16;1599
50;2025-12-29;17;2102
50;2025-12-29;18;2270
50;2025-12-29;19;1381
50;2025-12-29;20;865
50;2025-12-29;21;566
50;2025-12-29;22;248
50;2025-12-29;23;122
50;2025-12-30;0;31
50;2025-12-30;1;2
50;2025-12-30;2;0
50;2025-12-30;3;0
50;2025-12-30;4;0
50;2025-12-30;5;73
50;2025-12-30;6;549
50;2025-12-30;7;1579
50;2025-12-30;8;2494
50;2025-12-30;9;1948
50;2025-12-30;10;1566
50;2025-12-30;11;1421
50;2025-12-30;12;1377
50;2025-12-30;13;1389
50;2025-12-30;14;1345
50;2025-12-30;15;1503
50;2025-12-30;16;1604
50;2025-12-30;17;2092
50;2025-12-30;18;2185
50;2025-12-30;19;1376
50;2025-12-30;20;872
50;2025-12-30;21;563
50;2025-12-30;22;261
50;2025-12-30;23;126
50;2025-12-31;0;33
50;2025-12-31;1;1
50;2025-12-31;2;0
50;2025-12-31;3;0
50;2025-12-31;4;1
50;2025-12-31;5;6
50;2025-12-31;6;59
50;2025-12-31;7;262
50;2025-12-31;8;435
50;2025-12-31;9;457
50;2025-12-31;10;424
50;2025-12-31;11;496
50;2025-12-31;12;491
50;2025-12-31;13;525
50;2025-12-31;14;507
50;2025-12-31;15;514
50;2025-12-31;16;507
50;2025-12-31;17;590
50;2025-12-31;18;443
50;2025-12-31;19;350
50;2025-12-31;20;256
50;2025-12-31;21;201
50;2025-12-31;22;75
50;2025-12-31;23;75
