route;date;hour;prediction
1;2025-11-01;0;51
1;2025-11-01;1;37
1;2025-11-01;2;37
1;2025-11-01;3;37
1;2025-11-01;4;51
1;2025-11-01;5;174
1;2025-11-01;6;588
1;2025-11-01;7;1135
1;2025-11-01;8;1438
1;2025-11-01;9;1318
1;2025-11-01;10;1311
1;2025-11-01;11;1374
1;2025-11-01;12;1386
1;2025-11-01;13;1429
1;2025-11-01;14;1404
1;2025-11-01;15;1437
1;2025-11-01;16;1480
1;2025-11-01;17;1515
1;2025-11-01;18;1477
1;2025-11-01;19;1176
1;2025-11-01;20;917
1;2025-11-01;21;642
1;2025-11-01;22;385
1;2025-11-01;23;192
1;2025-11-02;0;4
1;2025-11-02;1;1
1;2025-11-02;2;0
1;2025-11-02;3;0
1;2025-11-02;4;1
1;2025-11-02;5;18
1;2025-11-02;6;122
1;2025-11-02;7;240
1;2025-11-02;8;366
1;2025-11-02;9;551
1;2025-11-02;10;649
1;2025-11-02;11;698
1;2025-11-02;12;795
1;2025-11-02;13;821
1;2025-11-02;14;760
1;2025-11-02;15;726
1;2025-11-02;16;650
1;2025-11-02;17;594
1;2025-11-02;18;526
1;2025-11-02;19;434
1;2025-11-02;20;361
1;2025-11-02;21;243
1;2025-11-02;22;98
1;2025-11-02;23;24
1;2025-11-03;0;2
1;2025-11-03;1;0
1;2025-11-03;2;0
1;2025-11-03;3;0
1;2025-11-03;4;0
1;2025-11-03;5;39
1;2025-11-03;6;193
1;2025-11-03;7;510
1;2025-11-03;8;795
1;2025-11-03;9;713
1;2025-11-03;10;692
1;2025-11-03;11;721
1;2025-11-03;12;819
1;2025-11-03;13;843
1;2025-11-03;14;801
1;2025-11-03;15;819
1;2025-11-03;16;796
1;2025-11-03;17;882
1;2025-11-03;18;862
1;2025-11-03;19;669
1;2025-11-03;20;449
1;2025-11-03;21;289
1;2025-11-03;22;102
1;2025-11-03;23;11
1;2025-11-04;0;1
1;2025-11-04;1;1
1;2025-11-04;2;1
1;2025-11-04;3;1
1;2025-11-04;4;0
1;2025-11-04;5;8
1;2025-11-04;6;88
1;2025-11-04;7;354
1;2025-11-04;8;581
1;2025-11-04;9;534
1;2025-11-04;10;515
1;2025-11-04;11;529
1;2025-11-04;12;622
1;2025-11-04;13;687
1;2025-11-04;14;631
1;2025-11-04;15;642
1;2025-11-04;16;640
1;2025-11-04;17;652
1;2025-11-04;18;636
1;2025-11-04;19;479
1;2025-11-04;20;340
1;2025-11-04;21;224
1;2025-11-04;22;62
1;2025-11-04;23;6
1;2025-11-05;0;3
1;2025-11-05;1;0
1;2025-11-05;2;0
1;2025-11-05;3;0
1;2025-11-05;4;8
1;2025-11-05;5;123
1;2025-11-05;6;539
1;2025-11-05;7;1522
1;2025-11-05;8;2056
1;2025-11-05;9;1505
1;2025-11-05;10;1310
1;2025-11-05;11;1326
1;2025-11-05;12;1349
1;2025-11-05;13;1368
1;2025-11-05;14;1338
1;2025-11-05;15;1432
1;2025-11-05;16;1515
1;2025-11-05;17;1793
1;2025-11-05;18;1865
1;2025-11-05;19;1383
1;2025-11-05;20;884
1;2025-11-05;21;485
1;2025-11-05;22;210
1;2025-11-05;23;44
1;2025-11-06;0;4
1;2025-11-06;1;0
1;2025-11-06;2;0
1;2025-11-06;3;0
1;2025-11-06;4;7
1;2025-11-06;5;118
1;2025-11-06;6;522
1;2025-11-06;7;1508
1;2025-11-06;8;2018
1;2025-11-06;9;1488
1;2025-11-06;10;1303
1;2025-11-06;11;1315
1;2025-11-06;12;1345
1;2025-11-06;13;1359
1;2025-11-06;14;1332
1;2025-11-06;15;1436
1;2025-11-06;16;1522
1;2025-11-06;17;1782
1;2025-11-06;18;1844
1;2025-11-06;19;1357
1;2025-11-06;20;873
1;2025-11-06;21;491
1;2025-11-06;22;209
1;2025-11-06;23;52
1;2025-11-07;0;3
1;2025-11-07;1;0
1;2025-11-07;2;0
1;2025-11-07;3;0
1;2025-11-07;4;7
1;2025-11-07;5;121
1;2025-11-07;6;529
1;2025-11-07;7;1495
1;2025-11-07;8;1997
1;2025-11-07;9;1470
1;2025-11-07;10;1311
1;2025-11-07;11;1354
1;2025-11-07;12;1372
1;2025-11-07;13;1394
1;2025-11-07;14;1391
1;2025-11-07;15;1498
1;2025-11-07;16;1589
1;2025-11-07;17;1773
1;2025-11-07;18;1607
1;2025-11-07;19;1238
1;2025-11-07;20;851
1;2025-11-07;21;487
1;2025-11-07;22;213
1;2025-11-07;23;58
1;2025-11-08;0;4
1;2025-11-08;1;0
1;2025-11-08;2;0
1;2025-11-08;3;0
1;2025-11-08;4;0
1;2025-11-08;5;36
1;2025-11-08;6;186
1;2025-11-08;7;352
1;2025-11-08;8;504
1;2025-11-08;9;719
1;2025-11-08;10;815
1;2025-11-08;11;845
1;2025-11-08;12;959
1;2025-11-08;13;987
1;2025-11-08;14;926
1;2025-11-08;15;870
1;2025-11-08;16;796
1;2025-11-08;17;765
1;2025-11-08;18;675
1;2025-11-08;19;582
1;2025-11-08;20;450
1;2025-11-08;21;307
1;2025-11-08;22;139
1;2025-11-08;23;40
1;2025-11-09;0;3
1;2025-11-09;1;0
1;2025-11-09;2;0
1;2025-11-09;3;0
1;2025-11-09;4;1
1;2025-11-09;5;19
1;2025-11-09;6;127
1;2025-11-09;7;244
1;2025-11-09;8;373
1;2025-11-09;9;564
1;2025-11-09;10;666
1;2025-11-09;11;713
1;2025-11-09;12;815
1;2025-11-09;13;840
1;2025-11-09;14;785
1;2025-11-09;15;750
1;2025-11-09;16;674
1;2025-11-09;17;617
1;2025-11-09;18;550
1;2025-11-09;19;448
1;2025-11-09;20;373
1;2025-11-09;21;250
1;2025-11-09;22;105
1;2025-11-09;23;23
1;2025-11-10;0;1
1;2025-11-10;1;0
1;2025-11-10;2;0
1;2025-11-10;3;0
1;2025-11-10;4;5
1;2025-11-10;5;119
1;2025-11-10;6;530
1;2025-11-10;7;1516
1;2025-11-10;8;2058
1;2025-11-10;9;1463
1;2025-11-10;10;1288
1;2025-11-10;11;1300
1;2025-11-10;12;1330
1;2025-11-10;13;1334
1;2025-11-10;14;1320
1;2025-11-10;15;1416
1;2025-11-10;16;1528
1;2025-11-10;17;1818
1;2025-11-10;18;1924
1;2025-11-10;19;1403
1;2025-11-10;20;890
1;2025-11-10;21;475
1;2025-11-10;22;194
1;2025-11-10;23;33
1;2025-11-11;0;2
1;2025-11-11;1;0
1;2025-11-11;2;0
1;2025-11-11;3;0
1;2025-11-11;4;6
1;2025-11-11;5;125
1;2025-11-11;6;534
1;2025-11-11;7;1556
1;2025-11-11;8;2073
1;2025-11-11;9;1518
1;2025-11-11;10;1321
1;2025-11-11;11;1318
1;2025-11-11;12;1348
1;2025-11-11;13;1352
1;2025-11-11;14;1325
1;2025-11-11;15;1428
1;2025-11-11;16;1516
1;2025-11-11;17;1790
1;2025-11-11;18;1878
1;2025-11-11;19;1386
1;2025-11-11;20;897
1;2025-11-11;21;482
1;2025-11-11;22;197
1;2025-11-11;23;38
1;2025-11-12;0;3
1;2025-11-12;1;0
1;2025-11-12;2;0
1;2025-11-12;3;0
1;2025-11-12;4;7
1;2025-11-12;5;124
1;2025-11-12;6;538
1;2025-11-12;7;1537
1;2025-11-12;8;2077
1;2025-11-12;9;1518
1;2025-11-12;10;1321
1;2025-11-12;11;1337
1;2025-11-12;12;1360
1;2025-11-12;13;1379
1;2025-11-12;14;1353
1;2025-11-12;15;1447
1;2025-11-12;16;1531
1;2025-11-12;17;1810
1;2025-11-12;18;1883
1;2025-11-12;19;1392
1;2025-11-12;20;892
1;2025-11-12;21;488
1;2025-11-12;22;210
1;2025-11-12;23;41
1;2025-11-13;0;4
1;2025-11-13;1;0
1;2025-11-13;2;0
1;2025-11-13;3;0
1;2025-11-13;4;6
1;2025-11-13;5;119
1;2025-11-13;6;525
1;2025-11-13;7;1525
1;2025-11-13;8;2042
1;2025-11-13;9;1498
1;2025-11-13;10;1311
1;2025-11-13;11;1324
1;2025-11-13;12;1353
1;2025-11-13;13;1368
1;2025-11-13;14;1342
1;2025-11-13;15;1447
1;2025-11-13;16;1534
1;2025-11-13;17;1792
1;2025-11-13;18;1856
1;2025-11-13;19;1363
1;2025-11-13;20;878
1;2025-11-13;21;491
1;2025-11-13;22;207
1;2025-11-13;23;49
1;2025-11-14;0;3
1;2025-11-14;1;0
1;2025-11-14;2;0
1;2025-11-14;3;0
1;2025-11-14;4;6
1;2025-11-14;5;122
1;2025-11-14;6;528
1;2025-11-14;7;1511
1;2025-11-14;8;2020
1;2025-11-14;9;1479
1;2025-11-14;10;1323
1;2025-11-14;11;1366
1;2025-11-14;12;1382
1;2025-11-14;13;1405
1;2025-11-14;14;1402
1;2025-11-14;15;1509
1;2025-11-14;16;1601
1;2025-11-14;17;1784
1;2025-11-14;18;1614
1;2025-11-14;19;1244
1;2025-11-14;20;856
1;2025-11-14;21;488
1;2025-11-14;22;212
1;2025-11-14;23;57
1;2025-11-15;0;4
1;2025-11-15;1;0
1;2025-11-15;2;0
1;2025-11-15;3;0
1;2025-11-15;4;0
1;2025-11-15;5;42
1;2025-11-15;6;193
1;2025-11-15;7;372
1;2025-11-15;8;526
1;2025-11-15;9;737
1;2025-11-15;10;833
1;2025-11-15;11;865
1;2025-11-15;12;975
1;2025-11-15;13;1006
1;2025-11-15;14;945
1;2025-11-15;15;890
1;2025-11-15;16;816
1;2025-11-15;17;786
1;2025-11-15;18;687
1;2025-11-15;19;595
1;2025-11-15;20;459
1;2025-11-15;21;312
1;2025-11-15;22;143
1;2025-11-15;23;43
1;2025-11-16;0;3
1;2025-11-16;1;0
1;2025-11-16;2;0
1;2025-11-16;3;0
1;2025-11-16;4;0
1;2025-11-16;5;21
1;2025-11-16;6;134
1;2025-11-16;7;256
1;2025-11-16;8;387
1;2025-11-16;9;581
1;2025-11-16;10;683
1;2025-11-16;11;734
1;2025-11-16;12;835
1;2025-11-16;13;859
1;2025-11-16;14;800
1;2025-11-16;15;769
1;2025-11-16;16;693
1;2025-11-16;17;631
1;2025-11-16;18;558
1;2025-11-16;19;456
1;2025-11-16;20;378
1;2025-11-16;21;251
1;2025-11-16;22;104
1;2025-11-16;23;24
1;2025-11-17;0;1
1;2025-11-17;1;0
1;2025-11-17;2;0
1;2025-11-17;3;0
1;2025-11-17;4;5
1;2025-11-17;5;121
1;2025-11-17;6;530
1;2025-11-17;7;1516
1;2025-11-17;8;2054
1;2025-11-17;9;1460
1;2025-11-17;10;1285
1;2025-11-17;11;1296
1;2025-11-17;12;1326
1;2025-11-17;13;1330
1;2025-11-17;14;1315
1;2025-11-17;15;1416
1;2025-11-17;16;1528
1;2025-11-17;17;1819
1;2025-11-17;18;1923
1;2025-11-17;19;1409
1;2025-11-17;20;890
1;2025-11-17;21;475
1;2025-11-17;22;192
1;2025-11-17;23;33
1;2025-11-18;0;2
1;2025-11-18;1;0
1;2025-11-18;2;0
1;2025-11-18;3;0
1;2025-11-18;4;5
1;2025-11-18;5;125
1;2025-11-18;6;535
1;2025-11-18;7;1558
1;2025-11-18;8;2074
1;2025-11-18;9;1518
1;2025-11-18;10;1323
1;2025-11-18;11;1320
1;2025-11-18;12;1350
1;2025-11-18;13;1354
1;2025-11-18;14;1325
1;2025-11-18;15;1428
1;2025-11-18;16;1512
1;2025-11-18;17;1784
1;2025-11-18;18;1869
1;2025-11-18;19;1382
1;2025-11-18;20;892
1;2025-11-18;21;479
1;2025-11-18;22;194
1;2025-11-18;23;38
1;2025-11-19;0;3
1;2025-11-19;1;0
1;2025-11-19;2;0
1;2025-11-19;3;0
1;2025-11-19;4;7
1;2025-11-19;5;125
1;2025-11-19;6;540
1;2025-11-19;7;1541
1;2025-11-19;8;2079
1;2025-11-19;9;1519
1;2025-11-19;10;1324
1;2025-11-19;11;1341
1;2025-11-19;12;1364
1;2025-11-19;13;1383
1;2025-11-19;14;1354
1;2025-11-19;15;1449
1;2025-11-19;16;1531
1;2025-11-19;17;1808
1;2025-11-19;18;1879
1;2025-11-19;19;1391
1;2025-11-19;20;889
1;2025-11-19;21;485
1;2025-11-19;22;208
1;2025-11-19;23;41
1;2025-11-20;0;4
1;2025-11-20;1;0
1;2025-11-20;2;0
1;2025-11-20;3;0
1;2025-11-20;4;6
1;2025-11-20;5;120
1;2025-11-20;6;526
1;2025-11-20;7;1523
1;2025-11-20;8;2038
1;2025-11-20;9;1498
1;2025-11-20;10;1314
1;2025-11-20;11;1327
1;2025-11-20;12;1356
1;2025-11-20;13;1370
1;2025-11-20;14;1338
1;2025-11-20;15;1443
1;2025-11-20;16;1528
1;2025-11-20;17;1795
1;2025-11-20;18;1855
1;2025-11-20;19;1364
1;2025-11-20;20;876
1;2025-11-20;21;489
1;2025-11-20;22;205
1;2025-11-20;23;49
1;2025-11-21;0;3
1;2025-11-21;1;0
1;2025-11-21;2;0
1;2025-11-21;3;0
1;2025-11-21;4;6
1;2025-11-21;5;123
1;2025-11-21;6;531
1;2025-11-21;7;1512
1;2025-11-21;8;2019
1;2025-11-21;9;1484
1;2025-11-21;10;1331
1;2025-11-21;11;1376
1;2025-11-21;12;1393
1;2025-11-21;13;1414
1;2025-11-21;14;1408
1;2025-11-21;15;1515
1;2025-11-21;16;1605
1;2025-11-21;17;1791
1;2025-11-21;18;1625
1;2025-11-21;19;1248
1;2025-11-21;20;856
1;2025-11-21;21;488
1;2025-11-21;22;210
1;2025-11-21;23;57
1;2025-11-22;0;4
1;2025-11-22;1;0
1;2025-11-22;2;0
1;2025-11-22;3;0
1;2025-11-22;4;0
1;2025-11-22;5;39
1;2025-11-22;6;188
1;2025-11-22;7;369
1;2025-11-22;8;524
1;2025-11-22;9;736
1;2025-11-22;10;835
1;2025-11-22;11;865
1;2025-11-22;12;975
1;2025-11-22;13;1004
1;2025-11-22;14;940
1;2025-11-22;15;883
1;2025-11-22;16;810
1;2025-11-22;17;782
1;2025-11-22;18;682
1;2025-11-22;19;590
1;2025-11-22;20;456
1;2025-11-22;21;308
1;2025-11-22;22;138
1;2025-11-22;23;40
1;2025-11-23;0;3
1;2025-11-23;1;0
1;2025-11-23;2;0
1;2025-11-23;3;0
1;2025-11-23;4;2
1;2025-11-23;5;19
1;2025-11-23;6;126
1;2025-11-23;7;251
1;2025-11-23;8;379
1;2025-11-23;9;568
1;2025-11-23;10;671
1;2025-11-23;11;722
1;2025-11-23;12;822
1;2025-11-23;13;849
1;2025-11-23;14;789
1;2025-11-23;15;753
1;2025-11-23;16;683
1;2025-11-23;17;630
1;2025-11-23;18;560
1;2025-11-23;19;454
1;2025-11-23;20;374
1;2025-11-23;21;251
1;2025-11-23;22;103
1;2025-11-23;23;23
1;2025-11-24;0;1
1;2025-11-24;1;0
1;2025-11-24;2;0
1;2025-11-24;3;0
1;2025-11-24;4;7
1;2025-11-24;5;120
1;2025-11-24;6;530
1;2025-11-24;7;1516
1;2025-11-24;8;2050
1;2025-11-24;9;1463
1;2025-11-24;10;1290
1;2025-11-24;11;1304
1;2025-11-24;12;1333
1;2025-11-24;13;1338
1;2025-11-24;14;1322
1;2025-11-24;15;1422
1;2025-11-24;16;1533
1;2025-11-24;17;1820
1;2025-11-24;18;1919
1;2025-11-24;19;1405
1;2025-11-24;20;896
1;2025-11-24;21;480
1;2025-11-24;22;197
1;2025-11-24;23;39
1;2025-11-25;0;2
1;2025-11-25;1;0
1;2025-11-25;2;0
1;2025-11-25;3;0
1;2025-11-25;4;6
1;2025-11-25;5;124
1;2025-11-25;6;526
1;2025-11-25;7;1538
1;2025-11-25;8;2050
1;2025-11-25;9;1512
1;2025-11-25;10;1318
1;2025-11-25;11;1315
1;2025-11-25;12;1347
1;2025-11-25;13;1351
1;2025-11-25;14;1322
1;2025-11-25;15;1428
1;2025-11-25;16;1517
1;2025-11-25;17;1789
1;2025-11-25;18;1865
1;2025-11-25;19;1387
1;2025-11-25;20;901
1;2025-11-25;21;487
1;2025-11-25;22;202
1;2025-11-25;23;44
1;2025-11-26;0;3
1;2025-11-26;1;0
1;2025-11-26;2;0
1;2025-11-26;3;0
1;2025-11-26;4;7
1;2025-11-26;5;123
1;2025-11-26;6;531
1;2025-11-26;7;1519
1;2025-11-26;8;2050
1;2025-11-26;9;1515
1;2025-11-26;10;1321
1;2025-11-26;11;1339
1;2025-11-26;12;1362
1;2025-11-26;13;1381
1;2025-11-26;14;1353
1;2025-11-26;15;1448
1;2025-11-26;16;1530
1;2025-11-26;17;1809
1;2025-11-26;18;1870
1;2025-11-26;19;1392
1;2025-11-26;20;893
1;2025-11-26;21;491
1;2025-11-26;22;213
1;2025-11-26;23;47
1;2025-11-27;0;4
1;2025-11-27;1;0
1;2025-11-27;2;0
1;2025-11-27;3;0
1;2025-11-27;4;6
1;2025-11-27;5;119
1;2025-11-27;6;526
1;2025-11-27;7;1509
1;2025-11-27;8;2016
1;2025-11-27;9;1491
1;2025-11-27;10;1309
1;2025-11-27;11;1322
1;2025-11-27;12;1351
1;2025-11-27;13;1365
1;2025-11-27;14;1336
1;2025-11-27;15;1441
1;2025-11-27;16;1527
1;2025-11-27;17;1792
1;2025-11-27;18;1837
1;2025-11-27;19;1360
1;2025-11-27;20;873
1;2025-11-27;21;489
1;2025-11-27;22;207
1;2025-11-27;23;52
1;2025-11-28;0;3
1;2025-11-28;1;0
1;2025-11-28;2;0
1;2025-11-28;3;0
1;2025-11-28;4;7
1;2025-11-28;5;121
1;2025-11-28;6;528
1;2025-11-28;7;1496
1;2025-11-28;8;1994
1;2025-11-28;9;1471
1;2025-11-28;10;1317
1;2025-11-28;11;1362
1;2025-11-28;12;1378
1;2025-11-28;13;1400
1;2025-11-28;14;1391
1;2025-11-28;15;1496
1;2025-11-28;16;1587
1;2025-11-28;17;1776
1;2025-11-28;18;1601
1;2025-11-28;19;1236
1;2025-11-28;20;847
1;2025-11-28;21;483
1;2025-11-28;22;209
1;2025-11-28;23;59
1;2025-11-29;0;5
1;2025-11-29;1;0
1;2025-11-29;2;0
1;2025-11-29;3;0
1;2025-11-29;4;1
1;2025-11-29;5;39
1;2025-11-29;6;187
1;2025-11-29;7;361
1;2025-11-29;8;514
1;2025-11-29;9;722
1;2025-11-29;10;815
1;2025-11-29;11;846
1;2025-11-29;12;960
1;2025-11-29;13;984
1;2025-11-29;14;915
1;2025-11-29;15;860
1;2025-11-29;16;784
1;2025-11-29;17;754
1;2025-11-29;18;661
1;2025-11-29;19;579
1;2025-11-29;20;441
1;2025-11-29;21;300
1;2025-11-29;22;133
1;2025-11-29;23;38
1;2025-11-30;0;4
1;2025-11-30;1;1
1;2025-11-30;2;0
1;2025-11-30;3;0
1;2025-11-30;4;1
1;2025-11-30;5;19
1;2025-11-30;6;122
1;2025-11-30;7;240
1;2025-11-30;8;366
1;2025-11-30;9;557
1;2025-11-30;10;655
1;2025-11-30;11;705
1;2025-11-30;12;802
1;2025-11-30;13;828
1;2025-11-30;14;763
1;2025-11-30;15;728
1;2025-11-30;16;652
1;2025-11-30;17;599
1;2025-11-30;18;527
1;2025-11-30;19;434
1;2025-11-30;20;359
1;2025-11-30;21;242
1;2025-11-30;22;97
1;2025-11-30;23;24
1;2025-12-01;0;2
1;2025-12-01;1;0
1;2025-12-01;2;0
1;2025-12-01;3;0
1;2025-12-01;4;6
1;2025-12-01;5;122
1;2025-12-01;6;535
1;2025-12-01;7;1446
1;2025-12-01;8;1933
1;2025-12-01;9;1427
1;2025-12-01;10;1257
1;2025-12-01;11;1265
1;2025-12-01;12;1287
1;2025-12-01;13;1291
1;2025-12-01;14;1263
1;2025-12-01;15;1361
1;2025-12-01;16;1472
1;2025-12-01;17;1759
1;2025-12-01;18;1867
1;2025-12-01;19;1396
1;2025-12-01;20;889
1;2025-12-01;21;476
1;2025-12-01;22;199
1;2025-12-01;23;33
1;2025-12-02;0;2
1;2025-12-02;1;0
1;2025-12-02;2;0
1;2025-12-02;3;0
1;2025-12-02;4;6
1;2025-12-02;5;123
1;2025-12-02;6;536
1;2025-12-02;7;1485
1;2025-12-02;8;1957
1;2025-12-02;9;1489
1;2025-12-02;10;1301
1;2025-12-02;11;1296
1;2025-12-02;12;1320
1;2025-12-02;13;1324
1;2025-12-02;14;1280
1;2025-12-02;15;1382
1;2025-12-02;16;1469
1;2025-12-02;17;1734
1;2025-12-02;18;1820
1;2025-12-02;19;1375
1;2025-12-02;20;896
1;2025-12-02;21;482
1;2025-12-02;22;200
1;2025-12-02;23;37
1;2025-12-03;0;4
1;2025-12-03;1;0
1;2025-12-03;2;0
1;2025-12-03;3;0
1;2025-12-03;4;7
1;2025-12-03;5;125
1;2025-12-03;6;544
1;2025-12-03;7;1471
1;2025-12-03;8;1967
1;2025-12-03;9;1496
1;2025-12-03;10;1307
1;2025-12-03;11;1322
1;2025-12-03;12;1340
1;2025-12-03;13;1358
1;2025-12-03;14;1316
1;2025-12-03;15;1407
1;2025-12-03;16;1486
1;2025-12-03;17;1756
1;2025-12-03;18;1824
1;2025-12-03;19;1378
1;2025-12-03;20;888
1;2025-12-03;21;488
1;2025-12-03;22;215
1;2025-12-03;23;39
1;2025-12-04;0;5
1;2025-12-04;1;0
1;2025-12-04;2;0
1;2025-12-04;3;0
1;2025-12-04;4;7
1;2025-12-04;5;122
1;2025-12-04;6;535
1;2025-12-04;7;1462
1;2025-12-04;8;1934
1;2025-12-04;9;1479
1;2025-12-04;10;1301
1;2025-12-04;11;1314
1;2025-12-04;12;1338
1;2025-12-04;13;1353
1;2025-12-04;14;1311
1;2025-12-04;15;1413
1;2025-12-04;16;1495
1;2025-12-04;17;1748
1;2025-12-04;18;1813
1;2025-12-04;19;1354
1;2025-12-04;20;880
1;2025-12-04;21;496
1;2025-12-04;22;217
1;2025-12-04;23;50
1;2025-12-05;0;4
1;2025-12-05;1;0
1;2025-12-05;2;0
1;2025-12-05;3;0
1;2025-12-05;4;7
1;2025-12-05;5;124
1;2025-12-05;6;537
1;2025-12-05;7;1446
1;2025-12-05;8;1914
1;2025-12-05;9;1461
1;2025-12-05;10;1311
1;2025-12-05;11;1355
1;2025-12-05;12;1367
1;2025-12-05;13;1389
1;2025-12-05;14;1375
1;2025-12-05;15;1479
1;2025-12-05;16;1566
1;2025-12-05;17;1744
1;2025-12-05;18;1592
1;2025-12-05;19;1246
1;2025-12-05;20;863
1;2025-12-05;21;497
1;2025-12-05;22;226
1;2025-12-05;23;56
1;2025-12-06;0;5
1;2025-12-06;1;0
1;2025-12-06;2;0
1;2025-12-06;3;0
1;2025-12-06;4;1
1;2025-12-06;5;35
1;2025-12-06;6;177
1;2025-12-06;7;326
1;2025-12-06;8;462
1;2025-12-06;9;688
1;2025-12-06;10;784
1;2025-12-06;11;816
1;2025-12-06;12;931
1;2025-12-06;13;958
1;2025-12-06;14;893
1;2025-12-06;15;837
1;2025-12-06;16;761
1;2025-12-06;17;732
1;2025-12-06;18;641
1;2025-12-06;19;573
1;2025-12-06;20;445
1;2025-12-06;21;301
1;2025-12-06;22;137
1;2025-12-06;23;34
1;2025-12-07;0;0
1;2025-12-07;1;0
1;2025-12-07;2;0
1;2025-12-07;3;0
1;2025-12-07;4;0
1;2025-12-07;5;14
1;2025-12-07;6;119
1;2025-12-07;7;218
1;2025-12-07;8;338
1;2025-12-07;9;539
1;2025-12-07;10;640
1;2025-12-07;11;689
1;2025-12-07;12;794
1;2025-12-07;13;819
1;2025-12-07;14;759
1;2025-12-07;15;723
1;2025-12-07;16;648
1;2025-12-07;17;587
1;2025-12-07;18;519
1;2025-12-07;19;439
1;2025-12-07;20;370
1;2025-12-07;21;245
1;2025-12-07;22;99
1;2025-12-07;23;15
1;2025-12-08;0;2
1;2025-12-08;1;0
1;2025-12-08;2;0
1;2025-12-08;3;0
1;2025-12-08;4;5
1;2025-12-08;5;124
1;2025-12-08;6;539
1;2025-12-08;7;1460
1;2025-12-08;8;1961
1;2025-12-08;9;1449
1;2025-12-08;10;1283
1;2025-12-08;11;1296
1;2025-12-08;12;1321
1;2025-12-08;13;1325
1;2025-12-08;14;1297
1;2025-12-08;15;1391
1;2025-12-08;16;1499
1;2025-12-08;17;1781
1;2025-12-08;18;1879
1;2025-12-08;19;1404
1;2025-12-08;20;896
1;2025-12-08;21;481
1;2025-12-08;22;202
1;2025-12-08;23;33
1;2025-12-09;0;1
1;2025-12-09;1;0
1;2025-12-09;2;0
1;2025-12-09;3;0
1;2025-12-09;4;3
1;2025-12-09;5;124
1;2025-12-09;6;543
1;2025-12-09;7;1496
1;2025-12-09;8;1975
1;2025-12-09;9;1501
1;2025-12-09;10;1314
1;2025-12-09;11;1312
1;2025-12-09;12;1338
1;2025-12-09;13;1342
1;2025-12-09;14;1300
1;2025-12-09;15;1402
1;2025-12-09;16;1487
1;2025-12-09;17;1752
1;2025-12-09;18;1822
1;2025-12-09;19;1384
1;2025-12-09;20;905
1;2025-12-09;21;487
1;2025-12-09;22;203
1;2025-12-09;23;35
1;2025-12-10;0;4
1;2025-12-10;1;0
1;2025-12-10;2;0
1;2025-12-10;3;0
1;2025-12-10;4;6
1;2025-12-10;5;126
1;2025-12-10;6;550
1;2025-12-10;7;1494
1;2025-12-10;8;1995
1;2025-12-10;9;1514
1;2025-12-10;10;1324
1;2025-12-10;11;1340
1;2025-12-10;12;1359
1;2025-12-10;13;1378
1;2025-12-10;14;1336
1;2025-12-10;15;1427
1;2025-12-10;16;1506
1;2025-12-10;17;1779
1;2025-12-10;18;1846
1;2025-12-10;19;1388
1;2025-12-10;20;896
1;2025-12-10;21;491
1;2025-12-10;22;217
1;2025-12-10;23;40
1;2025-12-11;0;4
1;2025-12-11;1;0
1;2025-12-11;2;0
1;2025-12-11;3;0
1;2025-12-11;4;6
1;2025-12-11;5;124
1;2025-12-11;6;537
1;2025-12-11;7;1474
1;2025-12-11;8;1951
1;2025-12-11;9;1487
1;2025-12-11;10;1307
1;2025-12-11;11;1320
1;2025-12-11;12;1345
1;2025-12-11;13;1358
1;2025-12-11;14;1314
1;2025-12-11;15;1417
1;2025-12-11;16;1500
1;2025-12-11;17;1757
1;2025-12-11;18;1834
1;2025-12-11;19;1364
1;2025-12-11;20;887
1;2025-12-11;21;498
1;2025-12-11;22;217
1;2025-12-11;23;48
1;2025-12-12;0;4
1;2025-12-12;1;0
1;2025-12-12;2;0
1;2025-12-12;3;0
1;2025-12-12;4;6
1;2025-12-12;5;126
1;2025-12-12;6;537
1;2025-12-12;7;1458
1;2025-12-12;8;1933
1;2025-12-12;9;1470
1;2025-12-12;10;1320
1;2025-12-12;11;1364
1;2025-12-12;12;1376
1;2025-12-12;13;1398
1;2025-12-12;14;1382
1;2025-12-12;15;1487
1;2025-12-12;16;1576
1;2025-12-12;17;1755
1;2025-12-12;18;1597
1;2025-12-12;19;1251
1;2025-12-12;20;866
1;2025-12-12;21;496
1;2025-12-12;22;223
1;2025-12-12;23;51
1;2025-12-13;0;5
1;2025-12-13;1;0
1;2025-12-13;2;0
1;2025-12-13;3;0
1;2025-12-13;4;0
1;2025-12-13;5;35
1;2025-12-13;6;177
1;2025-12-13;7;335
1;2025-12-13;8;474
1;2025-12-13;9;701
1;2025-12-13;10;799
1;2025-12-13;11;831
1;2025-12-13;12;946
1;2025-12-13;13;975
1;2025-12-13;14;911
1;2025-12-13;15;855
1;2025-12-13;16;780
1;2025-12-13;17;750
1;2025-12-13;18;652
1;2025-12-13;19;581
1;2025-12-13;20;453
1;2025-12-13;21;303
1;2025-12-13;22;137
1;2025-12-13;23;30
1;2025-12-14;0;4
1;2025-12-14;1;0
1;2025-12-14;2;0
1;2025-12-14;3;0
1;2025-12-14;4;0
1;2025-12-14;5;19
1;2025-12-14;6;125
1;2025-12-14;7;231
1;2025-12-14;8;353
1;2025-12-14;9;555
1;2025-12-14;10;659
1;2025-12-14;11;708
1;2025-12-14;12;812
1;2025-12-14;13;840
1;2025-12-14;14;781
1;2025-12-14;15;745
1;2025-12-14;16;671
1;2025-12-14;17;613
1;2025-12-14;18;541
1;2025-12-14;19;454
1;2025-12-14;20;381
1;2025-12-14;21;252
1;2025-12-14;22;106
1;2025-12-14;23;17
1;2025-12-15;0;2
1;2025-12-15;1;0
1;2025-12-15;2;0
1;2025-12-15;3;0
1;2025-12-15;4;4
1;2025-12-15;5;125
1;2025-12-15;6;542
1;2025-12-15;7;1474
1;2025-12-15;8;1977
1;2025-12-15;9;1460
1;2025-12-15;10;1292
1;2025-12-15;11;1305
1;2025-12-15;12;1330
1;2025-12-15;13;1333
1;2025-12-15;14;1306
1;2025-12-15;15;1402
1;2025-12-15;16;1512
1;2025-12-15;17;1796
1;2025-12-15;18;1907
1;2025-12-15;19;1415
1;2025-12-15;20;904
1;2025-12-15;21;485
1;2025-12-15;22;205
1;2025-12-15;23;32
1;2025-12-16;0;3
1;2025-12-16;1;0
1;2025-12-16;2;0
1;2025-12-16;3;0
1;2025-12-16;4;5
1;2025-12-16;5;131
1;2025-12-16;6;549
1;2025-12-16;7;1515
1;2025-12-16;8;1993
1;2025-12-16;9;1517
1;2025-12-16;10;1328
1;2025-12-16;11;1325
1;2025-12-16;12;1350
1;2025-12-16;13;1354
1;2025-12-16;14;1313
1;2025-12-16;15;1415
1;2025-12-16;16;1497
1;2025-12-16;17;1762
1;2025-12-16;18;1849
1;2025-12-16;19;1390
1;2025-12-16;20;907
1;2025-12-16;21;490
1;2025-12-16;22;208
1;2025-12-16;23;38
1;2025-12-17;0;4
1;2025-12-17;1;0
1;2025-12-17;2;0
1;2025-12-17;3;0
1;2025-12-17;4;6
1;2025-12-17;5;128
1;2025-12-17;6;552
1;2025-12-17;7;1495
1;2025-12-17;8;1997
1;2025-12-17;9;1515
1;2025-12-17;10;1325
1;2025-12-17;11;1342
1;2025-12-17;12;1360
1;2025-12-17;13;1379
1;2025-12-17;14;1338
1;2025-12-17;15;1432
1;2025-12-17;16;1509
1;2025-12-17;17;1780
1;2025-12-17;18;1856
1;2025-12-17;19;1394
1;2025-12-17;20;900
1;2025-12-17;21;494
1;2025-12-17;22;220
1;2025-12-17;23;39
1;2025-12-18;0;5
1;2025-12-18;1;0
1;2025-12-18;2;0
1;2025-12-18;3;0
1;2025-12-18;4;6
1;2025-12-18;5;125
1;2025-12-18;6;539
1;2025-12-18;7;1483
1;2025-12-18;8;1963
1;2025-12-18;9;1496
1;2025-12-18;10;1317
1;2025-12-18;11;1330
1;2025-12-18;12;1355
1;2025-12-18;13;1369
1;2025-12-18;14;1326
1;2025-12-18;15;1429
1;2025-12-18;16;1511
1;2025-12-18;17;1768
1;2025-12-18;18;1843
1;2025-12-18;19;1371
1;2025-12-18;20;891
1;2025-12-18;21;503
1;2025-12-18;22;222
1;2025-12-18;23;50
1;2025-12-19;0;4
1;2025-12-19;1;0
1;2025-12-19;2;0
1;2025-12-19;3;0
1;2025-12-19;4;6
1;2025-12-19;5;126
1;2025-12-19;6;540
1;2025-12-19;7;1465
1;2025-12-19;8;1941
1;2025-12-19;9;1477
1;2025-12-19;10;1328
1;2025-12-19;11;1373
1;2025-12-19;12;1385
1;2025-12-19;13;1407
1;2025-12-19;14;1394
1;2025-12-19;15;1498
1;2025-12-19;16;1585
1;2025-12-19;17;1763
1;2025-12-19;18;1605
1;2025-12-19;19;1257
1;2025-12-19;20;870
1;2025-12-19;21;502
1;2025-12-19;22;228
1;2025-12-19;23;54
1;2025-12-20;0;5
1;2025-12-20;1;0
1;2025-12-20;2;0
1;2025-12-20;3;0
1;2025-12-20;4;0
1;2025-12-20;5;38
1;2025-12-20;6;182
1;2025-12-20;7;345
1;2025-12-20;8;488
1;2025-12-20;9;716
1;2025-12-20;10;814
1;2025-12-20;11;849
1;2025-12-20;12;965
1;2025-12-20;13;994
1;2025-12-20;14;932
1;2025-12-20;15;875
1;2025-12-20;16;798
1;2025-12-20;17;767
1;2025-12-20;18;667
1;2025-12-20;19;594
1;2025-12-20;20;460
1;2025-12-20;21;311
1;2025-12-20;22;145
1;2025-12-20;23;36
1;2025-12-21;0;4
1;2025-12-21;1;0
1;2025-12-21;2;0
1;2025-12-21;3;0
1;2025-12-21;4;0
1;2025-12-21;5;20
1;2025-12-21;6;125
1;2025-12-21;7;234
1;2025-12-21;8;359
1;2025-12-21;9;564
1;2025-12-21;10;668
1;2025-12-21;11;719
1;2025-12-21;12;823
1;2025-12-21;13;849
1;2025-12-21;14;791
1;2025-12-21;15;756
1;2025-12-21;16;682
1;2025-12-21;17;624
1;2025-12-21;18;551
1;2025-12-21;19;462
1;2025-12-21;20;386
1;2025-12-21;21;257
1;2025-12-21;22;108
1;2025-12-21;23;18
1;2025-12-22;0;2
1;2025-12-22;1;0
1;2025-12-22;2;0
1;2025-12-22;3;0
1;2025-12-22;4;4
1;2025-12-22;5;124
1;2025-12-22;6;543
1;2025-12-22;7;1474
1;2025-12-22;8;1977
1;2025-12-22;9;1462
1;2025-12-22;10;1296
1;2025-12-22;11;1310
1;2025-12-22;12;1335
1;2025-12-22;13;1339
1;2025-12-22;14;1311
1;2025-12-22;15;1407
1;2025-12-22;16;1515
1;2025-12-22;17;1801
1;2025-12-22;18;1910
1;2025-12-22;19;1420
1;2025-12-22;20;906
1;2025-12-22;21;486
1;2025-12-22;22;205
1;2025-12-22;23;32
1;2025-12-23;0;3
1;2025-12-23;1;0
1;2025-12-23;2;0
1;2025-12-23;3;0
1;2025-12-23;4;5
1;2025-12-23;5;128
1;2025-12-23;6;548
1;2025-12-23;7;1511
1;2025-12-23;8;1992
1;2025-12-23;9;1515
1;2025-12-23;10;1327
1;2025-12-23;11;1325
1;2025-12-23;12;1350
1;2025-12-23;13;1355
1;2025-12-23;14;1314
1;2025-12-23;15;1416
1;2025-12-23;16;1502
1;2025-12-23;17;1767
1;2025-12-23;18;1855
1;2025-12-23;19;1396
1;2025-12-23;20;914
1;2025-12-23;21;493
1;2025-12-23;22;209
1;2025-12-23;23;38
1;2025-12-24;0;4
1;2025-12-24;1;0
1;2025-12-24;2;0
1;2025-12-24;3;0
1;2025-12-24;4;6
1;2025-12-24;5;128
1;2025-12-24;6;556
1;2025-12-24;7;1495
1;2025-12-24;8;1999
1;2025-12-24;9;1523
1;2025-12-24;10;1335
1;2025-12-24;11;1352
1;2025-12-24;12;1371
1;2025-12-24;13;1391
1;2025-12-24;14;1350
1;2025-12-24;15;1443
1;2025-12-24;16;1521
1;2025-12-24;17;1796
1;2025-12-24;18;1870
1;2025-12-24;19;1409
1;2025-12-24;20;913
1;2025-12-24;21;501
1;2025-12-24;22;226
1;2025-12-24;23;45
1;2025-12-25;0;5
1;2025-12-25;1;0
1;2025-12-25;2;0
1;2025-12-25;3;0
1;2025-12-25;4;7
1;2025-12-25;5;124
1;2025-12-25;6;543
1;2025-12-25;7;1479
1;2025-12-25;8;1959
1;2025-12-25;9;1498
1;2025-12-25;10;1320
1;2025-12-25;11;1335
1;2025-12-25;12;1360
1;2025-12-25;13;1374
1;2025-12-25;14;1331
1;2025-12-25;15;1434
1;2025-12-25;16;1518
1;2025-12-25;17;1778
1;2025-12-25;18;1853
1;2025-12-25;19;1377
1;2025-12-25;20;898
1;2025-12-25;21;507
1;2025-12-25;22;225
1;2025-12-25;23;53
1;2025-12-26;0;4
1;2025-12-26;1;0
1;2025-12-26;2;0
1;2025-12-26;3;0
1;2025-12-26;4;7
1;2025-12-26;5;126
1;2025-12-26;6;545
1;2025-12-26;7;1458
1;2025-12-26;8;1941
1;2025-12-26;9;1477
1;2025-12-26;10;1330
1;2025-12-26;11;1376
1;2025-12-26;12;1388
1;2025-12-26;13;1410
1;2025-12-26;14;1396
1;2025-12-26;15;1501
1;2025-12-26;16;1590
1;2025-12-26;17;1771
1;2025-12-26;18;1617
1;2025-12-26;19;1264
1;2025-12-26;20;878
1;2025-12-26;21;507
1;2025-12-26;22;233
1;2025-12-26;23;60
1;2025-12-27;0;5
1;2025-12-27;1;0
1;2025-12-27;2;0
1;2025-12-27;3;0
1;2025-12-27;4;0
1;2025-12-27;5;37
1;2025-12-27;6;179
1;2025-12-27;7;337
1;2025-12-27;8;477
1;2025-12-27;9;708
1;2025-12-27;10;804
1;2025-12-27;11;839
1;2025-12-27;12;955
1;2025-12-27;13;982
1;2025-12-27;14;918
1;2025-12-27;15;862
1;2025-12-27;16;787
1;2025-12-27;17;759
1;2025-12-27;18;665
1;2025-12-27;19;592
1;2025-12-27;20;458
1;2025-12-27;21;312
1;2025-12-27;22;145
1;2025-12-27;23;39
1;2025-12-28;0;4
1;2025-12-28;1;1
1;2025-12-28;2;0
1;2025-12-28;3;0
1;2025-12-28;4;1
1;2025-12-28;5;20
1;2025-12-28;6;124
1;2025-12-28;7;229
1;2025-12-28;8;353
1;2025-12-28;9;553
1;2025-12-28;10;653
1;2025-12-28;11;705
1;2025-12-28;12;809
1;2025-12-28;13;833
1;2025-12-28;14;774
1;2025-12-28;15;739
1;2025-12-28;16;664
1;2025-12-28;17;607
1;2025-12-28;18;535
1;2025-12-28;19;453
1;2025-12-28;20;378
1;2025-12-28;21;253
1;2025-12-28;22;107
1;2025-12-28;23;19
1;2025-12-29;0;2
1;2025-12-29;1;0
1;2025-12-29;2;0
1;2025-12-29;3;0
1;2025-12-29;4;5
1;2025-12-29;5;117
1;2025-12-29;6;512
1;2025-12-29;7;1386
1;2025-12-29;8;1860
1;2025-12-29;9;1374
1;2025-12-29;10;1218
1;2025-12-29;11;1230
1;2025-12-29;12;1254
1;2025-12-29;13;1257
1;2025-12-29;14;1229
1;2025-12-29;15;1320
1;2025-12-29;16;1424
1;2025-12-29;17;1693
1;2025-12-29;18;1790
1;2025-12-29;19;1333
1;2025-12-29;20;850
1;2025-12-29;21;456
1;2025-12-29;22;192
1;2025-12-29;23;32
1;2025-12-30;0;2
1;2025-12-30;1;0
1;2025-12-30;2;0
1;2025-12-30;3;0
1;2025-12-30;4;5
1;2025-12-30;5;117
1;2025-12-30;6;499
1;2025-12-30;7;1376
1;2025-12-30;8;1813
1;2025-12-30;9;1381
1;2025-12-30;10;1210
1;2025-12-30;11;1207
1;2025-12-30;12;1230
1;2025-12-30;13;1232
1;2025-12-30;14;1193
1;2025-12-30;15;1286
1;2025-12-30;16;1363
1;2025-12-30;17;1607
1;2025-12-30;18;1683
1;2025-12-30;19;1271
1;2025-12-30;20;829
1;2025-12-30;21;449
1;2025-12-30;22;190
1;2025-12-30;23;36
1;2025-12-31;0;2
1;2025-12-31;1;1
1;2025-12-31;2;0
1;2025-12-31;3;1
1;2025-12-31;4;1
1;2025-12-31;5;27
1;2025-12-31;6;176
1;2025-12-31;7;418
1;2025-12-31;8;670
1;2025-12-31;9;645
1;2025-12-31;10;601
1;2025-12-31;11;660
1;2025-12-31;12;696
1;2025-12-31;13;677
1;2025-12-31;14;661
1;2025-12-31;15;674
1;2025-12-31;16;671
1;2025-12-31;17;704
1;2025-12-31;18;549
1;2025-12-31;19;433
1;2025-12-31;20;316
1;2025-12-31;21;197
1;2025-12-31;22;69
1;2025-12-31;23;7
5;2025-11-01;0;7
5;2025-11-01;1;3
5;2025-11-01;2;2
5;2025-11-01;3;2
5;2025-11-01;4;3
5;2025-11-01;5;14
5;2025-11-01;6;45
5;2025-11-01;7;80
5;2025-11-01;8;102
5;2025-11-01;9;91
5;2025-11-01;10;86
5;2025-11-01;11;88
5;2025-11-01;12;90
5;2025-11-01;13;95
5;2025-11-01;14;94
5;2025-11-01;15;98
5;2025-11-01;16;104
5;2025-11-01;17;108
5;2025-11-01;18;107
5;2025-11-01;19;85
5;2025-11-01;20;66
5;2025-11-01;21;50
5;2025-11-01;22;31
5;2025-11-01;23;20
5;2025-11-02;0;4
5;2025-11-02;1;0
5;2025-11-02;2;0
5;2025-11-02;3;0
5;2025-11-02;4;0
5;2025-11-02;5;3
5;2025-11-02;6;13
5;2025-11-02;7;20
5;2025-11-02;8;29
5;2025-11-02;9;37
5;2025-11-02;10;44
5;2025-11-02;11;53
5;2025-11-02;12;58
5;2025-11-02;13;64
5;2025-11-02;14;62
5;2025-11-02;15;63
5;2025-11-02;16;60
5;2025-11-02;17;59
5;2025-11-02;18;53
5;2025-11-02;19;44
5;2025-11-02;20;34
5;2025-11-02;21;25
5;2025-11-02;22;14
5;2025-11-02;23;7
5;2025-11-03;0;3
5;2025-11-03;1;0
5;2025-11-03;2;0
5;2025-11-03;3;0
5;2025-11-03;4;0
5;2025-11-03;5;6
5;2025-11-03;6;23
5;2025-11-03;7;43
5;2025-11-03;8;63
5;2025-11-03;9;53
5;2025-11-03;10;51
5;2025-11-03;11;55
5;2025-11-03;12;60
5;2025-11-03;13;64
5;2025-11-03;14;63
5;2025-11-03;15;66
5;2025-11-03;16;68
5;2025-11-03;17;75
5;2025-11-03;18;75
5;2025-11-03;19;59
5;2025-11-03;20;42
5;2025-11-03;21;28
5;2025-11-03;22;14
5;2025-11-03;23;7
5;2025-11-04;0;3
5;2025-11-04;1;1
5;2025-11-04;2;0
5;2025-11-04;3;0
5;2025-11-04;4;0
5;2025-11-04;5;2
5;2025-11-04;6;15
5;2025-11-04;7;32
5;2025-11-04;8;50
5;2025-11-04;9;41
5;2025-11-04;10;39
5;2025-11-04;11;45
5;2025-11-04;12;51
5;2025-11-04;13;57
5;2025-11-04;14;55
5;2025-11-04;15;58
5;2025-11-04;16;61
5;2025-11-04;17;64
5;2025-11-04;18;65
5;2025-11-04;19;50
5;2025-11-04;20;35
5;2025-11-04;21;26
5;2025-11-04;22;13
5;2025-11-04;23;6
5;2025-11-05;0;2
5;2025-11-05;1;0
5;2025-11-05;2;0
5;2025-11-05;3;0
5;2025-11-05;4;0
5;2025-11-05;5;10
5;2025-11-05;6;46
5;2025-11-05;7;111
5;2025-11-05;8;157
5;2025-11-05;9;112
5;2025-11-05;10;91
5;2025-11-05;11;87
5;2025-11-05;12;89
5;2025-11-05;13;91
5;2025-11-05;14;91
5;2025-11-05;15;98
5;2025-11-05;16;110
5;2025-11-05;17;132
5;2025-11-05;18;142
5;2025-11-05;19;102
5;2025-11-05;20;66
5;2025-11-05;21;41
5;2025-11-05;22;20
5;2025-11-05;23;9
5;2025-11-06;0;2
5;2025-11-06;1;0
5;2025-11-06;2;0
5;2025-11-06;3;0
5;2025-11-06;4;0
5;2025-11-06;5;10
5;2025-11-06;6;46
5;2025-11-06;7;110
5;2025-11-06;8;154
5;2025-11-06;9;111
5;2025-11-06;10;90
5;2025-11-06;11;87
5;2025-11-06;12;89
5;2025-11-06;13;90
5;2025-11-06;14;91
5;2025-11-06;15;98
5;2025-11-06;16;110
5;2025-11-06;17;131
5;2025-11-06;18;141
5;2025-11-06;19;101
5;2025-11-06;20;66
5;2025-11-06;21;41
5;2025-11-06;22;21
5;2025-11-06;23;10
5;2025-11-07;0;3
5;2025-11-07;1;0
5;2025-11-07;2;0
5;2025-11-07;3;0
5;2025-11-07;4;0
5;2025-11-07;5;10
5;2025-11-07;6;45
5;2025-11-07;7;106
5;2025-11-07;8;149
5;2025-11-07;9;108
5;2025-11-07;10;89
5;2025-11-07;11;87
5;2025-11-07;12;89
5;2025-11-07;13;91
5;2025-11-07;14;94
5;2025-11-07;15;102
5;2025-11-07;16;116
5;2025-11-07;17;129
5;2025-11-07;18;120
5;2025-11-07;19;93
5;2025-11-07;20;63
5;2025-11-07;21;40
5;2025-11-07;22;21
5;2025-11-07;23;11
5;2025-11-08;0;4
5;2025-11-08;1;0
5;2025-11-08;2;0
5;2025-11-08;3;0
5;2025-11-08;4;0
5;2025-11-08;5;5
5;2025-11-08;6;20
5;2025-11-08;7;30
5;2025-11-08;8;42
5;2025-11-08;9;49
5;2025-11-08;10;56
5;2025-11-08;11;63
5;2025-11-08;12;68
5;2025-11-08;13;72
5;2025-11-08;14;71
5;2025-11-08;15;71
5;2025-11-08;16;69
5;2025-11-08;17;69
5;2025-11-08;18;64
5;2025-11-08;19;56
5;2025-11-08;20;42
5;2025-11-08;21;30
5;2025-11-08;22;18
5;2025-11-08;23;10
5;2025-11-09;0;4
5;2025-11-09;1;0
5;2025-11-09;2;0
5;2025-11-09;3;0
5;2025-11-09;4;0
5;2025-11-09;5;3
5;2025-11-09;6;14
5;2025-11-09;7;20
5;2025-11-09;8;29
5;2025-11-09;9;38
5;2025-11-09;10;44
5;2025-11-09;11;53
5;2025-11-09;12;59
5;2025-11-09;13;64
5;2025-11-09;14;64
5;2025-11-09;15;64
5;2025-11-09;16;62
5;2025-11-09;17;60
5;2025-11-09;18;54
5;2025-11-09;19;45
5;2025-11-09;20;35
5;2025-11-09;21;25
5;2025-11-09;22;15
5;2025-11-09;23;7
5;2025-11-10;0;2
5;2025-11-10;1;0
5;2025-11-10;2;0
5;2025-11-10;3;0
5;2025-11-10;4;0
5;2025-11-10;5;10
5;2025-11-10;6;45
5;2025-11-10;7;107
5;2025-11-10;8;152
5;2025-11-10;9;108
5;2025-11-10;10;86
5;2025-11-10;11;83
5;2025-11-10;12;85
5;2025-11-10;13;86
5;2025-11-10;14;87
5;2025-11-10;15;94
5;2025-11-10;16;107
5;2025-11-10;17;129
5;2025-11-10;18;140
5;2025-11-10;19;100
5;2025-11-10;20;63
5;2025-11-10;21;38
5;2025-11-10;22;19
5;2025-11-10;23;8
5;2025-11-11;0;2
5;2025-11-11;1;0
5;2025-11-11;2;0
5;2025-11-11;3;0
5;2025-11-11;4;0
5;2025-11-11;5;10
5;2025-11-11;6;46
5;2025-11-11;7;112
5;2025-11-11;8;157
5;2025-11-11;9;112
5;2025-11-11;10;90
5;2025-11-11;11;87
5;2025-11-11;12;88
5;2025-11-11;13;89
5;2025-11-11;14;90
5;2025-11-11;15;97
5;2025-11-11;16;110
5;2025-11-11;17;132
5;2025-11-11;18;143
5;2025-11-11;19;102
5;2025-11-11;20;66
5;2025-11-11;21;40
5;2025-11-11;22;20
5;2025-11-11;23;9
5;2025-11-12;0;2
5;2025-11-12;1;0
5;2025-11-12;2;0
5;2025-11-12;3;0
5;2025-11-12;4;0
5;2025-11-12;5;10
5;2025-11-12;6;46
5;2025-11-12;7;111
5;2025-11-12;8;158
5;2025-11-12;9;113
5;2025-11-12;10;91
5;2025-11-12;11;88
5;2025-11-12;12;90
5;2025-11-12;13;91
5;2025-11-12;14;92
5;2025-11-12;15;99
5;2025-11-12;16;111
5;2025-11-12;17;133
5;2025-11-12;18;143
5;2025-11-12;19;103
5;2025-11-12;20;66
5;2025-11-12;21;41
5;2025-11-12;22;21
5;2025-11-12;23;9
5;2025-11-13;0;2
5;2025-11-13;1;0
5;2025-11-13;2;0
5;2025-11-13;3;0
5;2025-11-13;4;0
5;2025-11-13;5;10
5;2025-11-13;6;46
5;2025-11-13;7;111
5;2025-11-13;8;156
5;2025-11-13;9;112
5;2025-11-13;10;90
5;2025-11-13;11;87
5;2025-11-13;12;89
5;2025-11-13;13;91
5;2025-11-13;14;92
5;2025-11-13;15;99
5;2025-11-13;16;111
5;2025-11-13;17;132
5;2025-11-13;18;142
5;2025-11-13;19;102
5;2025-11-13;20;66
5;2025-11-13;21;41
5;2025-11-13;22;21
5;2025-11-13;23;10
5;2025-11-14;0;3
5;2025-11-14;1;0
5;2025-11-14;2;0
5;2025-11-14;3;0
5;2025-11-14;4;0
5;2025-11-14;5;10
5;2025-11-14;6;45
5;2025-11-14;7;107
5;2025-11-14;8;150
5;2025-11-14;9;108
5;2025-11-14;10;89
5;2025-11-14;11;88
5;2025-11-14;12;90
5;2025-11-14;13;92
5;2025-11-14;14;95
5;2025-11-14;15;103
5;2025-11-14;16;116
5;2025-11-14;17;130
5;2025-11-14;18;120
5;2025-11-14;19;93
5;2025-11-14;20;63
5;2025-11-14;21;40
5;2025-11-14;22;21
5;2025-11-14;23;11
5;2025-11-15;0;4
5;2025-11-15;1;0
5;2025-11-15;2;0
5;2025-11-15;3;0
5;2025-11-15;4;0
5;2025-11-15;5;5
5;2025-11-15;6;20
5;2025-11-15;7;31
5;2025-11-15;8;43
5;2025-11-15;9;50
5;2025-11-15;10;57
5;2025-11-15;11;64
5;2025-11-15;12;69
5;2025-11-15;13;73
5;2025-11-15;14;72
5;2025-11-15;15;73
5;2025-11-15;16;70
5;2025-11-15;17;70
5;2025-11-15;18;65
5;2025-11-15;19;56
5;2025-11-15;20;42
5;2025-11-15;21;30
5;2025-11-15;22;18
5;2025-11-15;23;10
5;2025-11-16;0;4
5;2025-11-16;1;0
5;2025-11-16;2;0
5;2025-11-16;3;0
5;2025-11-16;4;0
5;2025-11-16;5;3
5;2025-11-16;6;14
5;2025-11-16;7;21
5;2025-11-16;8;30
5;2025-11-16;9;39
5;2025-11-16;10;45
5;2025-11-16;11;55
5;2025-11-16;12;61
5;2025-11-16;13;66
5;2025-11-16;14;65
5;2025-11-16;15;65
5;2025-11-16;16;63
5;2025-11-16;17;61
5;2025-11-16;18;55
5;2025-11-16;19;45
5;2025-11-16;20;35
5;2025-11-16;21;25
5;2025-11-16;22;15
5;2025-11-16;23;8
5;2025-11-17;0;2
5;2025-11-17;1;0
5;2025-11-17;2;0
5;2025-11-17;3;0
5;2025-11-17;4;0
5;2025-11-17;5;10
5;2025-11-17;6;45
5;2025-11-17;7;107
5;2025-11-17;8;152
5;2025-11-17;9;107
5;2025-11-17;10;86
5;2025-11-17;11;83
5;2025-11-17;12;84
5;2025-11-17;13;86
5;2025-11-17;14;87
5;2025-11-17;15;94
5;2025-11-17;16;107
5;2025-11-17;17;129
5;2025-11-17;18;140
5;2025-11-17;19;100
5;2025-11-17;20;63
5;2025-11-17;21;38
5;2025-11-17;22;18
5;2025-11-17;23;8
5;2025-11-18;0;2
5;2025-11-18;1;0
5;2025-11-18;2;0
5;2025-11-18;3;0
5;2025-11-18;4;0
5;2025-11-18;5;10
5;2025-11-18;6;46
5;2025-11-18;7;112
5;2025-11-18;8;158
5;2025-11-18;9;112
5;2025-11-18;10;90
5;2025-11-18;11;87
5;2025-11-18;12;88
5;2025-11-18;13;90
5;2025-11-18;14;90
5;2025-11-18;15;97
5;2025-11-18;16;109
5;2025-11-18;17;132
5;2025-11-18;18;142
5;2025-11-18;19;102
5;2025-11-18;20;66
5;2025-11-18;21;40
5;2025-11-18;22;19
5;2025-11-18;23;9
5;2025-11-19;0;2
5;2025-11-19;1;0
5;2025-11-19;2;0
5;2025-11-19;3;0
5;2025-11-19;4;0
5;2025-11-19;5;10
5;2025-11-19;6;46
5;2025-11-19;7;112
5;2025-11-19;8;158
5;2025-11-19;9;113
5;2025-11-19;10;91
5;2025-11-19;11;88
5;2025-11-19;12;90
5;2025-11-19;13;91
5;2025-11-19;14;92
5;2025-11-19;15;99
5;2025-11-19;16;111
5;2025-11-19;17;133
5;2025-11-19;18;143
5;2025-11-19;19;103
5;2025-11-19;20;66
5;2025-11-19;21;41
5;2025-11-19;22;20
5;2025-11-19;23;9
5;2025-11-20;0;3
5;2025-11-20;1;0
5;2025-11-20;2;0
5;2025-11-20;3;0
5;2025-11-20;4;0
5;2025-11-20;5;10
5;2025-11-20;6;46
5;2025-11-20;7;110
5;2025-11-20;8;156
5;2025-11-20;9;112
5;2025-11-20;10;91
5;2025-11-20;11;87
5;2025-11-20;12;89
5;2025-11-20;13;91
5;2025-11-20;14;92
5;2025-11-20;15;99
5;2025-11-20;16;111
5;2025-11-20;17;132
5;2025-11-20;18;142
5;2025-11-20;19;102
5;2025-11-20;20;66
5;2025-11-20;21;41
5;2025-11-20;22;20
5;2025-11-20;23;10
5;2025-11-21;0;3
5;2025-11-21;1;0
5;2025-11-21;2;0
5;2025-11-21;3;0
5;2025-11-21;4;0
5;2025-11-21;5;10
5;2025-11-21;6;45
5;2025-11-21;7;107
5;2025-11-21;8;150
5;2025-11-21;9;108
5;2025-11-21;10;89
5;2025-11-21;11;88
5;2025-11-21;12;90
5;2025-11-21;13;92
5;2025-11-21;14;95
5;2025-11-21;15;103
5;2025-11-21;16;117
5;2025-11-21;17;130
5;2025-11-21;18;121
5;2025-11-21;19;93
5;2025-11-21;20;63
5;2025-11-21;21;40
5;2025-11-21;22;21
5;2025-11-21;23;11
5;2025-11-22;0;4
5;2025-11-22;1;0
5;2025-11-22;2;0
5;2025-11-22;3;0
5;2025-11-22;4;0
5;2025-11-22;5;5
5;2025-11-22;6;20
5;2025-11-22;7;31
5;2025-11-22;8;43
5;2025-11-22;9;51
5;2025-11-22;10;57
5;2025-11-22;11;64
5;2025-11-22;12;69
5;2025-11-22;13;74
5;2025-11-22;14;72
5;2025-11-22;15;72
5;2025-11-22;16;70
5;2025-11-22;17;70
5;2025-11-22;18;65
5;2025-11-22;19;56
5;2025-11-22;20;42
5;2025-11-22;21;30
5;2025-11-22;22;18
5;2025-11-22;23;10
5;2025-11-23;0;4
5;2025-11-23;1;0
5;2025-11-23;2;0
5;2025-11-23;3;0
5;2025-11-23;4;0
5;2025-11-23;5;3
5;2025-11-23;6;14
5;2025-11-23;7;21
5;2025-11-23;8;30
5;2025-11-23;9;38
5;2025-11-23;10;45
5;2025-11-23;11;54
5;2025-11-23;12;60
5;2025-11-23;13;65
5;2025-11-23;14;64
5;2025-11-23;15;64
5;2025-11-23;16;63
5;2025-11-23;17;61
5;2025-11-23;18;55
5;2025-11-23;19;45
5;2025-11-23;20;35
5;2025-11-23;21;25
5;2025-11-23;22;15
5;2025-11-23;23;7
5;2025-11-24;0;2
5;2025-11-24;1;0
5;2025-11-24;2;0
5;2025-11-24;3;0
5;2025-11-24;4;0
5;2025-11-24;5;10
5;2025-11-24;6;45
5;2025-11-24;7;107
5;2025-11-24;8;152
5;2025-11-24;9;108
5;2025-11-24;10;87
5;2025-11-24;11;83
5;2025-11-24;12;85
5;2025-11-24;13;87
5;2025-11-24;14;87
5;2025-11-24;15;94
5;2025-11-24;16;107
5;2025-11-24;17;129
5;2025-11-24;18;139
5;2025-11-24;19;99
5;2025-11-24;20;64
5;2025-11-24;21;38
5;2025-11-24;22;19
5;2025-11-24;23;8
5;2025-11-25;0;2
5;2025-11-25;1;0
5;2025-11-25;2;0
5;2025-11-25;3;0
5;2025-11-25;4;0
5;2025-11-25;5;10
5;2025-11-25;6;46
5;2025-11-25;7;111
5;2025-11-25;8;157
5;2025-11-25;9;112
5;2025-11-25;10;90
5;2025-11-25;11;87
5;2025-11-25;12;88
5;2025-11-25;13;89
5;2025-11-25;14;90
5;2025-11-25;15;97
5;2025-11-25;16;110
5;2025-11-25;17;132
5;2025-11-25;18;142
5;2025-11-25;19;102
5;2025-11-25;20;66
5;2025-11-25;21;40
5;2025-11-25;22;20
5;2025-11-25;23;9
5;2025-11-26;0;2
5;2025-11-26;1;0
5;2025-11-26;2;0
5;2025-11-26;3;0
5;2025-11-26;4;0
5;2025-11-26;5;10
5;2025-11-26;6;46
5;2025-11-26;7;111
5;2025-11-26;8;157
5;2025-11-26;9;113
5;2025-11-26;10;91
5;2025-11-26;11;88
5;2025-11-26;12;90
5;2025-11-26;13;91
5;2025-11-26;14;92
5;2025-11-26;15;99
5;2025-11-26;16;111
5;2025-11-26;17;133
5;2025-11-26;18;143
5;2025-11-26;19;103
5;2025-11-26;20;66
5;2025-11-26;21;41
5;2025-11-26;22;21
5;2025-11-26;23;10
5;2025-11-27;0;2
5;2025-11-27;1;0
5;2025-11-27;2;0
5;2025-11-27;3;0
5;2025-11-27;4;0
5;2025-11-27;5;10
5;2025-11-27;6;46
5;2025-11-27;7;110
5;2025-11-27;8;154
5;2025-11-27;9;112
5;2025-11-27;10;90
5;2025-11-27;11;87
5;2025-11-27;12;89
5;2025-11-27;13;91
5;2025-11-27;14;92
5;2025-11-27;15;99
5;2025-11-27;16;111
5;2025-11-27;17;132
5;2025-11-27;18;141
5;2025-11-27;19;102
5;2025-11-27;20;66
5;2025-11-27;21;41
5;2025-11-27;22;21
5;2025-11-27;23;10
5;2025-11-28;0;3
5;2025-11-28;1;0
5;2025-11-28;2;0
5;2025-11-28;3;0
5;2025-11-28;4;0
5;2025-11-28;5;10
5;2025-11-28;6;45
5;2025-11-28;7;107
5;2025-11-28;8;149
5;2025-11-28;9;108
5;2025-11-28;10;89
5;2025-11-28;11;88
5;2025-11-28;12;89
5;2025-11-28;13;92
5;2025-11-28;14;94
5;2025-11-28;15;102
5;2025-11-28;16;116
5;2025-11-28;17;129
5;2025-11-28;18;120
5;2025-11-28;19;93
5;2025-11-28;20;63
5;2025-11-28;21;40
5;2025-11-28;22;21
5;2025-11-28;23;11
5;2025-11-29;0;4
5;2025-11-29;1;0
5;2025-11-29;2;0
5;2025-11-29;3;0
5;2025-11-29;4;0
5;2025-11-29;5;5
5;2025-11-29;6;20
5;2025-11-29;7;31
5;2025-11-29;8;42
5;2025-11-29;9;50
5;2025-11-29;10;56
5;2025-11-29;11;63
5;2025-11-29;12;69
5;2025-11-29;13;73
5;2025-11-29;14;71
5;2025-11-29;15;71
5;2025-11-29;16;69
5;2025-11-29;17;68
5;2025-11-29;18;63
5;2025-11-29;19;56
5;2025-11-29;20;41
5;2025-11-29;21;30
5;2025-11-29;22;17
5;2025-11-29;23;10
5;2025-11-30;0;4
5;2025-11-30;1;0
5;2025-11-30;2;0
5;2025-11-30;3;0
5;2025-11-30;4;0
5;2025-11-30;5;3
5;2025-11-30;6;13
5;2025-11-30;7;20
5;2025-11-30;8;29
5;2025-11-30;9;38
5;2025-11-30;10;44
5;2025-11-30;11;53
5;2025-11-30;12;59
5;2025-11-30;13;64
5;2025-11-30;14;63
5;2025-11-30;15;63
5;2025-11-30;16;61
5;2025-11-30;17;59
5;2025-11-30;18;53
5;2025-11-30;19;44
5;2025-11-30;20;34
5;2025-11-30;21;25
5;2025-11-30;22;14
5;2025-11-30;23;7
5;2025-12-01;0;3
5;2025-12-01;1;0
5;2025-12-01;2;0
5;2025-12-01;3;0
5;2025-12-01;4;0
5;2025-12-01;5;10
5;2025-12-01;6;45
5;2025-12-01;7;104
5;2025-12-01;8;146
5;2025-12-01;9;106
5;2025-12-01;10;85
5;2025-12-01;11;82
5;2025-12-01;12;83
5;2025-12-01;13;85
5;2025-12-01;14;85
5;2025-12-01;15;91
5;2025-12-01;16;104
5;2025-12-01;17;126
5;2025-12-01;18;137
5;2025-12-01;19;100
5;2025-12-01;20;64
5;2025-12-01;21;39
5;2025-12-01;22;19
5;2025-12-01;23;8
5;2025-12-02;0;2
5;2025-12-02;1;0
5;2025-12-02;2;0
5;2025-12-02;3;0
5;2025-12-02;4;0
5;2025-12-02;5;10
5;2025-12-02;6;47
5;2025-12-02;7;108
5;2025-12-02;8;151
5;2025-12-02;9;111
5;2025-12-02;10;89
5;2025-12-02;11;86
5;2025-12-02;12;87
5;2025-12-02;13;89
5;2025-12-02;14;88
5;2025-12-02;15;95
5;2025-12-02;16;107
5;2025-12-02;17;129
5;2025-12-02;18;140
5;2025-12-02;19;102
5;2025-12-02;20;66
5;2025-12-02;21;40
5;2025-12-02;22;20
5;2025-12-02;23;9
5;2025-12-03;0;2
5;2025-12-03;1;0
5;2025-12-03;2;0
5;2025-12-03;3;0
5;2025-12-03;4;0
5;2025-12-03;5;10
5;2025-12-03;6;47
5;2025-12-03;7;108
5;2025-12-03;8;152
5;2025-12-03;9;112
5;2025-12-03;10;91
5;2025-12-03;11;87
5;2025-12-03;12;89
5;2025-12-03;13;90
5;2025-12-03;14;90
5;2025-12-03;15;97
5;2025-12-03;16;109
5;2025-12-03;17;130
5;2025-12-03;18;140
5;2025-12-03;19;102
5;2025-12-03;20;66
5;2025-12-03;21;41
5;2025-12-03;22;21
5;2025-12-03;23;9
5;2025-12-04;0;3
5;2025-12-04;1;0
5;2025-12-04;2;0
5;2025-12-04;3;0
5;2025-12-04;4;0
5;2025-12-04;5;10
5;2025-12-04;6;47
5;2025-12-04;7;107
5;2025-12-04;8;150
5;2025-12-04;9;111
5;2025-12-04;10;90
5;2025-12-04;11;87
5;2025-12-04;12;88
5;2025-12-04;13;90
5;2025-12-04;14;90
5;2025-12-04;15;97
5;2025-12-04;16;109
5;2025-12-04;17;130
5;2025-12-04;18;140
5;2025-12-04;19;101
5;2025-12-04;20;66
5;2025-12-04;21;42
5;2025-12-04;22;21
5;2025-12-04;23;10
5;2025-12-05;0;3
5;2025-12-05;1;0
5;2025-12-05;2;0
5;2025-12-05;3;0
5;2025-12-05;4;0
5;2025-12-05;5;10
5;2025-12-05;6;46
5;2025-12-05;7;104
5;2025-12-05;8;144
5;2025-12-05;9;107
5;2025-12-05;10;89
5;2025-12-05;11;87
5;2025-12-05;12;89
5;2025-12-05;13;91
5;2025-12-05;14;94
5;2025-12-05;15;102
5;2025-12-05;16;115
5;2025-12-05;17;128
5;2025-12-05;18;120
5;2025-12-05;19;94
5;2025-12-05;20;64
5;2025-12-05;21;41
5;2025-12-05;22;22
5;2025-12-05;23;11
5;2025-12-06;0;4
5;2025-12-06;1;0
5;2025-12-06;2;0
5;2025-12-06;3;0
5;2025-12-06;4;0
5;2025-12-06;5;5
5;2025-12-06;6;20
5;2025-12-06;7;30
5;2025-12-06;8;41
5;2025-12-06;9;50
5;2025-12-06;10;57
5;2025-12-06;11;64
5;2025-12-06;12;70
5;2025-12-06;13;74
5;2025-12-06;14;73
5;2025-12-06;15;73
5;2025-12-06;16;70
5;2025-12-06;17;70
5;2025-12-06;18;65
5;2025-12-06;19;58
5;2025-12-06;20;44
5;2025-12-06;21;32
5;2025-12-06;22;19
5;2025-12-06;23;11
5;2025-12-07;0;4
5;2025-12-07;1;0
5;2025-12-07;2;0
5;2025-12-07;3;0
5;2025-12-07;4;0
5;2025-12-07;5;3
5;2025-12-07;6;14
5;2025-12-07;7;20
5;2025-12-07;8;30
5;2025-12-07;9;39
5;2025-12-07;10;46
5;2025-12-07;11;56
5;2025-12-07;12;62
5;2025-12-07;13;67
5;2025-12-07;14;66
5;2025-12-07;15;66
5;2025-12-07;16;64
5;2025-12-07;17;62
5;2025-12-07;18;56
5;2025-12-07;19;47
5;2025-12-07;20;37
5;2025-12-07;21;27
5;2025-12-07;22;16
5;2025-12-07;23;8
5;2025-12-08;0;3
5;2025-12-08;1;0
5;2025-12-08;2;0
5;2025-12-08;3;0
5;2025-12-08;4;0
5;2025-12-08;5;10
5;2025-12-08;6;46
5;2025-12-08;7;104
5;2025-12-08;8;147
5;2025-12-08;9;107
5;2025-12-08;10;86
5;2025-12-08;11;83
5;2025-12-08;12;84
5;2025-12-08;13;86
5;2025-12-08;14;86
5;2025-12-08;15;93
5;2025-12-08;16;105
5;2025-12-08;17;127
5;2025-12-08;18;137
5;2025-12-08;19;100
5;2025-12-08;20;64
5;2025-12-08;21;39
5;2025-12-08;22;19
5;2025-12-08;23;8
5;2025-12-09;0;2
5;2025-12-09;1;0
5;2025-12-09;2;0
5;2025-12-09;3;0
5;2025-12-09;4;0
5;2025-12-09;5;10
5;2025-12-09;6;47
5;2025-12-09;7;108
5;2025-12-09;8;152
5;2025-12-09;9;112
5;2025-12-09;10;90
5;2025-12-09;11;86
5;2025-12-09;12;87
5;2025-12-09;13;89
5;2025-12-09;14;89
5;2025-12-09;15;96
5;2025-12-09;16;108
5;2025-12-09;17;129
5;2025-12-09;18;139
5;2025-12-09;19;102
5;2025-12-09;20;66
5;2025-12-09;21;40
5;2025-12-09;22;20
5;2025-12-09;23;8
5;2025-12-10;0;2
5;2025-12-10;1;0
5;2025-12-10;2;0
5;2025-12-10;3;0
5;2025-12-10;4;0
5;2025-12-10;5;10
5;2025-12-10;6;47
5;2025-12-10;7;109
5;2025-12-10;8;154
5;2025-12-10;9;113
5;2025-12-10;10;91
5;2025-12-10;11;88
5;2025-12-10;12;90
5;2025-12-10;13;91
5;2025-12-10;14;91
5;2025-12-10;15;98
5;2025-12-10;16;110
5;2025-12-10;17;131
5;2025-12-10;18;141
5;2025-12-10;19;102
5;2025-12-10;20;66
5;2025-12-10;21;41
5;2025-12-10;22;21
5;2025-12-10;23;9
5;2025-12-11;0;3
5;2025-12-11;1;0
5;2025-12-11;2;0
5;2025-12-11;3;0
5;2025-12-11;4;0
5;2025-12-11;5;10
5;2025-12-11;6;47
5;2025-12-11;7;107
5;2025-12-11;8;151
5;2025-12-11;9;111
5;2025-12-11;10;90
5;2025-12-11;11;87
5;2025-12-11;12;89
5;2025-12-11;13;90
5;2025-12-11;14;90
5;2025-12-11;15;97
5;2025-12-11;16;109
5;2025-12-11;17;130
5;2025-12-11;18;141
5;2025-12-11;19;102
5;2025-12-11;20;67
5;2025-12-11;21;42
5;2025-12-11;22;21
5;2025-12-11;23;9
5;2025-12-12;0;3
5;2025-12-12;1;0
5;2025-12-12;2;0
5;2025-12-12;3;0
5;2025-12-12;4;0
5;2025-12-12;5;10
5;2025-12-12;6;46
5;2025-12-12;7;104
5;2025-12-12;8;145
5;2025-12-12;9;108
5;2025-12-12;10;89
5;2025-12-12;11;88
5;2025-12-12;12;89
5;2025-12-12;13;92
5;2025-12-12;14;94
5;2025-12-12;15;102
5;2025-12-12;16;115
5;2025-12-12;17;128
5;2025-12-12;18;120
5;2025-12-12;19;94
5;2025-12-12;20;64
5;2025-12-12;21;41
5;2025-12-12;22;22
5;2025-12-12;23;10
5;2025-12-13;0;4
5;2025-12-13;1;0
5;2025-12-13;2;0
5;2025-12-13;3;0
5;2025-12-13;4;0
5;2025-12-13;5;5
5;2025-12-13;6;20
5;2025-12-13;7;31
5;2025-12-13;8;42
5;2025-12-13;9;51
5;2025-12-13;10;58
5;2025-12-13;11;65
5;2025-12-13;12;71
5;2025-12-13;13;75
5;2025-12-13;14;74
5;2025-12-13;15;74
5;2025-12-13;16;71
5;2025-12-13;17;71
5;2025-12-13;18;66
5;2025-12-13;19;58
5;2025-12-13;20;44
5;2025-12-13;21;32
5;2025-12-13;22;19
5;2025-12-13;23;10
5;2025-12-14;0;4
5;2025-12-14;1;0
5;2025-12-14;2;0
5;2025-12-14;3;0
5;2025-12-14;4;0
5;2025-12-14;5;3
5;2025-12-14;6;14
5;2025-12-14;7;21
5;2025-12-14;8;30
5;2025-12-14;9;40
5;2025-12-14;10;47
5;2025-12-14;11;57
5;2025-12-14;12;63
5;2025-12-14;13;68
5;2025-12-14;14;67
5;2025-12-14;15;67
5;2025-12-14;16;65
5;2025-12-14;17;63
5;2025-12-14;18;57
5;2025-12-14;19;48
5;2025-12-14;20;38
5;2025-12-14;21;27
5;2025-12-14;22;16
5;2025-12-14;23;8
5;2025-12-15;0;3
5;2025-12-15;1;0
5;2025-12-15;2;0
5;2025-12-15;3;0
5;2025-12-15;4;0
5;2025-12-15;5;10
5;2025-12-15;6;46
5;2025-12-15;7;105
5;2025-12-15;8;148
5;2025-12-15;9;108
5;2025-12-15;10;87
5;2025-12-15;11;84
5;2025-12-15;12;85
5;2025-12-15;13;87
5;2025-12-15;14;87
5;2025-12-15;15;93
5;2025-12-15;16;106
5;2025-12-15;17;128
5;2025-12-15;18;139
5;2025-12-15;19;101
5;2025-12-15;20;65
5;2025-12-15;21;39
5;2025-12-15;22;19
5;2025-12-15;23;8
5;2025-12-16;0;2
5;2025-12-16;1;0
5;2025-12-16;2;0
5;2025-12-16;3;0
5;2025-12-16;4;0
5;2025-12-16;5;11
5;2025-12-16;6;47
5;2025-12-16;7;109
5;2025-12-16;8;153
5;2025-12-16;9;113
5;2025-12-16;10;91
5;2025-12-16;11;87
5;2025-12-16;12;88
5;2025-12-16;13;90
5;2025-12-16;14;90
5;2025-12-16;15;97
5;2025-12-16;16;109
5;2025-12-16;17;130
5;2025-12-16;18;141
5;2025-12-16;19;103
5;2025-12-16;20;67
5;2025-12-16;21;41
5;2025-12-16;22;20
5;2025-12-16;23;9
5;2025-12-17;0;3
5;2025-12-17;1;0
5;2025-12-17;2;0
5;2025-12-17;3;0
5;2025-12-17;4;0
5;2025-12-17;5;10
5;2025-12-17;6;47
5;2025-12-17;7;109
5;2025-12-17;8;154
5;2025-12-17;9;113
5;2025-12-17;10;92
5;2025-12-17;11;88
5;2025-12-17;12;90
5;2025-12-17;13;91
5;2025-12-17;14;91
5;2025-12-17;15;98
5;2025-12-17;16;110
5;2025-12-17;17;131
5;2025-12-17;18;142
5;2025-12-17;19;103
5;2025-12-17;20;67
5;2025-12-17;21;41
5;2025-12-17;22;21
5;2025-12-17;23;9
5;2025-12-18;0;3
5;2025-12-18;1;0
5;2025-12-18;2;0
5;2025-12-18;3;0
5;2025-12-18;4;0
5;2025-12-18;5;10
5;2025-12-18;6;47
5;2025-12-18;7;108
5;2025-12-18;8;151
5;2025-12-18;9;112
5;2025-12-18;10;91
5;2025-12-18;11;88
5;2025-12-18;12;89
5;2025-12-18;13;91
5;2025-12-18;14;91
5;2025-12-18;15;98
5;2025-12-18;16;110
5;2025-12-18;17;131
5;2025-12-18;18;142
5;2025-12-18;19;102
5;2025-12-18;20;67
5;2025-12-18;21;42
5;2025-12-18;22;22
5;2025-12-18;23;10
5;2025-12-19;0;3
5;2025-12-19;1;0
5;2025-12-19;2;0
5;2025-12-19;3;0
5;2025-12-19;4;0
5;2025-12-19;5;10
5;2025-12-19;6;46
5;2025-12-19;7;105
5;2025-12-19;8;146
5;2025-12-19;9;108
5;2025-12-19;10;89
5;2025-12-19;11;88
5;2025-12-19;12;90
5;2025-12-19;13;92
5;2025-12-19;14;94
5;2025-12-19;15;102
5;2025-12-19;16;116
5;2025-12-19;17;129
5;2025-12-19;18;120
5;2025-12-19;19;94
5;2025-12-19;20;64
5;2025-12-19;21;41
5;2025-12-19;22;22
5;2025-12-19;23;11
5;2025-12-20;0;4
5;2025-12-20;1;0
5;2025-12-20;2;0
5;2025-12-20;3;0
5;2025-12-20;4;0
5;2025-12-20;5;5
5;2025-12-20;6;20
5;2025-12-20;7;31
5;2025-12-20;8;43
5;2025-12-20;9;52
5;2025-12-20;10;59
5;2025-12-20;11;66
5;2025-12-20;12;72
5;2025-12-20;13;76
5;2025-12-20;14;75
5;2025-12-20;15;75
5;2025-12-20;16;73
5;2025-12-20;17;72
5;2025-12-20;18;67
5;2025-12-20;19;59
5;2025-12-20;20;45
5;2025-12-20;21;32
5;2025-12-20;22;20
5;2025-12-20;23;11
5;2025-12-21;0;4
5;2025-12-21;1;0
5;2025-12-21;2;0
5;2025-12-21;3;0
5;2025-12-21;4;0
5;2025-12-21;5;3
5;2025-12-21;6;14
5;2025-12-21;7;21
5;2025-12-21;8;31
5;2025-12-21;9;41
5;2025-12-21;10;48
5;2025-12-21;11;57
5;2025-12-21;12;64
5;2025-12-21;13;69
5;2025-12-21;14;68
5;2025-12-21;15;68
5;2025-12-21;16;66
5;2025-12-21;17;64
5;2025-12-21;18;58
5;2025-12-21;19;49
5;2025-12-21;20;38
5;2025-12-21;21;28
5;2025-12-21;22;16
5;2025-12-21;23;8
5;2025-12-22;0;3
5;2025-12-22;1;0
5;2025-12-22;2;0
5;2025-12-22;3;0
5;2025-12-22;4;0
5;2025-12-22;5;10
5;2025-12-22;6;46
5;2025-12-22;7;105
5;2025-12-22;8;148
5;2025-12-22;9;108
5;2025-12-22;10;87
5;2025-12-22;11;84
5;2025-12-22;12;85
5;2025-12-22;13;87
5;2025-12-22;14;87
5;2025-12-22;15;94
5;2025-12-22;16;106
5;2025-12-22;17;128
5;2025-12-22;18;140
5;2025-12-22;19;101
5;2025-12-22;20;65
5;2025-12-22;21;39
5;2025-12-22;22;19
5;2025-12-22;23;8
5;2025-12-23;0;2
5;2025-12-23;1;0
5;2025-12-23;2;0
5;2025-12-23;3;0
5;2025-12-23;4;0
5;2025-12-23;5;10
5;2025-12-23;6;47
5;2025-12-23;7;109
5;2025-12-23;8;153
5;2025-12-23;9;112
5;2025-12-23;10;91
5;2025-12-23;11;87
5;2025-12-23;12;88
5;2025-12-23;13;90
5;2025-12-23;14;90
5;2025-12-23;15;96
5;2025-12-23;16;109
5;2025-12-23;17;130
5;2025-12-23;18;142
5;2025-12-23;19;103
5;2025-12-23;20;67
5;2025-12-23;21;41
5;2025-12-23;22;20
5;2025-12-23;23;9
5;2025-12-24;0;3
5;2025-12-24;1;0
5;2025-12-24;2;0
5;2025-12-24;3;0
5;2025-12-24;4;0
5;2025-12-24;5;10
5;2025-12-24;6;47
5;2025-12-24;7;109
5;2025-12-24;8;154
5;2025-12-24;9;113
5;2025-12-24;10;92
5;2025-12-24;11;89
5;2025-12-24;12;90
5;2025-12-24;13;92
5;2025-12-24;14;92
5;2025-12-24;15;99
5;2025-12-24;16;111
5;2025-12-24;17;132
5;2025-12-24;18;143
5;2025-12-24;19;104
5;2025-12-24;20;67
5;2025-12-24;21;42
5;2025-12-24;22;22
5;2025-12-24;23;10
5;2025-12-25;0;3
5;2025-12-25;1;0
5;2025-12-25;2;0
5;2025-12-25;3;0
5;2025-12-25;4;0
5;2025-12-25;5;10
5;2025-12-25;6;47
5;2025-12-25;7;108
5;2025-12-25;8;151
5;2025-12-25;9;112
5;2025-12-25;10;91
5;2025-12-25;11;88
5;2025-12-25;12;90
5;2025-12-25;13;91
5;2025-12-25;14;91
5;2025-12-25;15;98
5;2025-12-25;16;111
5;2025-12-25;17;132
5;2025-12-25;18;142
5;2025-12-25;19;103
5;2025-12-25;20;67
5;2025-12-25;21;42
5;2025-12-25;22;22
5;2025-12-25;23;10
5;2025-12-26;0;3
5;2025-12-26;1;0
5;2025-12-26;2;0
5;2025-12-26;3;0
5;2025-12-26;4;0
5;2025-12-26;5;10
5;2025-12-26;6;46
5;2025-12-26;7;104
5;2025-12-26;8;146
5;2025-12-26;9;108
5;2025-12-26;10;90
5;2025-12-26;11;89
5;2025-12-26;12;90
5;2025-12-26;13;93
5;2025-12-26;14;95
5;2025-12-26;15;103
5;2025-12-26;16;116
5;2025-12-26;17;129
5;2025-12-26;18;121
5;2025-12-26;19;95
5;2025-12-26;20;65
5;2025-12-26;21;42
5;2025-12-26;22;22
5;2025-12-26;23;11
5;2025-12-27;0;4
5;2025-12-27;1;0
5;2025-12-27;2;0
5;2025-12-27;3;0
5;2025-12-27;4;0
5;2025-12-27;5;5
5;2025-12-27;6;20
5;2025-12-27;7;31
5;2025-12-27;8;42
5;2025-12-27;9;52
5;2025-12-27;10;58
5;2025-12-27;11;66
5;2025-12-27;12;72
5;2025-12-27;13;76
5;2025-12-27;14;75
5;2025-12-27;15;75
5;2025-12-27;16;72
5;2025-12-27;17;72
5;2025-12-27;18;67
5;2025-12-27;19;59
5;2025-12-27;20;45
5;2025-12-27;21;33
5;2025-12-27;22;20
5;2025-12-27;23;11
5;2025-12-28;0;4
5;2025-12-28;1;0
5;2025-12-28;2;0
5;2025-12-28;3;0
5;2025-12-28;4;0
5;2025-12-28;5;3
5;2025-12-28;6;14
5;2025-12-28;7;21
5;2025-12-28;8;30
5;2025-12-28;9;40
5;2025-12-28;10;47
5;2025-12-28;11;57
5;2025-12-28;12;63
5;2025-12-28;13;68
5;2025-12-28;14;67
5;2025-12-28;15;67
5;2025-12-28;16;65
5;2025-12-28;17;63
5;2025-12-28;18;57
5;2025-12-28;19;48
5;2025-12-28;20;38
5;2025-12-28;21;28
5;2025-12-28;22;16
5;2025-12-28;23;8
5;2025-12-29;0;2
5;2025-12-29;1;0
5;2025-12-29;2;0
5;2025-12-29;3;0
5;2025-12-29;4;0
5;2025-12-29;5;10
5;2025-12-29;6;43
5;2025-12-29;7;99
5;2025-12-29;8;140
5;2025-12-29;9;102
5;2025-12-29;10;82
5;2025-12-29;11;79
5;2025-12-29;12;80
5;2025-12-29;13;82
5;2025-12-29;14;82
5;2025-12-29;15;88
5;2025-12-29;16;100
5;2025-12-29;17;121
5;2025-12-29;18;131
5;2025-12-29;19;95
5;2025-12-29;20;61
5;2025-12-29;21;37
5;2025-12-29;22;18
5;2025-12-29;23;8
5;2025-12-30;0;2
5;2025-12-30;1;0
5;2025-12-30;2;0
5;2025-12-30;3;0
5;2025-12-30;4;0
5;2025-12-30;5;10
5;2025-12-30;6;43
5;2025-12-30;7;100
5;2025-12-30;8;140
5;2025-12-30;9;103
5;2025-12-30;10;83
5;2025-12-30;11;80
5;2025-12-30;12;81
5;2025-12-30;13;82
5;2025-12-30;14;82
5;2025-12-30;15;88
5;2025-12-30;16;99
5;2025-12-30;17;119
5;2025-12-30;18;129
5;2025-12-30;19;94
5;2025-12-30;20;61
5;2025-12-30;21;37
5;2025-12-30;22;19
5;2025-12-30;23;8
5;2025-12-31;0;3
5;2025-12-31;1;0
5;2025-12-31;2;0
5;2025-12-31;3;0
5;2025-12-31;4;0
5;2025-12-31;5;5
5;2025-12-31;6;21
5;2025-12-31;7;38
5;2025-12-31;8;58
5;2025-12-31;9;51
5;2025-12-31;10;48
5;2025-12-31;11;53
5;2025-12-31;12;54
5;2025-12-31;13;56
5;2025-12-31;14;56
5;2025-12-31;15;58
5;2025-12-31;16;60
5;2025-12-31;17;64
5;2025-12-31;18;52
5;2025-12-31;19;42
5;2025-12-31;20;31
5;2025-12-31;21;21
5;2025-12-31;22;11
5;2025-12-31;23;7
7;2025-11-01;0;160
7;2025-11-01;1;69
7;2025-11-01;2;36
7;2025-11-01;3;36
7;2025-11-01;4;49
7;2025-11-01;5;219
7;2025-11-01;6;685
7;2025-11-01;7;1238
7;2025-11-01;8;1668
7;2025-11-01;9;1435
7;2025-11-01;10;1338
7;2025-11-01;11;1382
7;2025-11-01;12;1409
7;2025-11-01;13;1499
7;2025-11-01;14;1469
7;2025-11-01;15;1537
7;2025-11-01;16;1636
7;2025-11-01;17;1699
7;2025-11-01;18;1712
7;2025-11-01;19;1340
7;2025-11-01;20;1067
7;2025-11-01;21;784
7;2025-11-01;22;489
7;2025-11-01;23;350
7;2025-11-02;0;89
7;2025-11-02;1;17
7;2025-11-02;2;1
7;2025-11-02;3;1
7;2025-11-02;4;0
7;2025-11-02;5;26
7;2025-11-02;6;130
7;2025-11-02;7;223
7;2025-11-02;8;379
7;2025-11-02;9;443
7;2025-11-02;10;501
7;2025-11-02;11;629
7;2025-11-02;12;705
7;2025-11-02;13;789
7;2025-11-02;14;768
7;2025-11-02;15;750
7;2025-11-02;16;697
7;2025-11-02;17;674
7;2025-11-02;18;624
7;2025-11-02;19;532
7;2025-11-02;20;449
7;2025-11-02;21;322
7;2025-11-02;22;163
7;2025-11-02;23;110
7;2025-11-03;0;82
7;2025-11-03;1;17
7;2025-11-03;2;2
7;2025-11-03;3;2
7;2025-11-03;4;1
7;2025-11-03;5;88
7;2025-11-03;6;292
7;2025-11-03;7;608
7;2025-11-03;8;973
7;2025-11-03;9;863
7;2025-11-03;10;843
7;2025-11-03;11;907
7;2025-11-03;12;1003
7;2025-11-03;13;1049
7;2025-11-03;14;1036
7;2025-11-03;15;1071
7;2025-11-03;16;1084
7;2025-11-03;17;1213
7;2025-11-03;18;1249
7;2025-11-03;19;940
7;2025-11-03;20;646
7;2025-11-03;21;441
7;2025-11-03;22;227
7;2025-11-03;23;136
7;2025-11-04;0;84
7;2025-11-04;1;30
7;2025-11-04;2;2
7;2025-11-04;3;2
7;2025-11-04;4;0
7;2025-11-04;5;16
7;2025-11-04;6;176
7;2025-11-04;7;428
7;2025-11-04;8;791
7;2025-11-04;9;665
7;2025-11-04;10;656
7;2025-11-04;11;766
7;2025-11-04;12;877
7;2025-11-04;13;969
7;2025-11-04;14;945
7;2025-11-04;15;964
7;2025-11-04;16;964
7;2025-11-04;17;1040
7;2025-11-04;18;1096
7;2025-11-04;19;809
7;2025-11-04;20;555
7;2025-11-04;21;423
7;2025-11-04;22;216
7;2025-11-04;23;116
7;2025-11-05;0;57
7;2025-11-05;1;10
7;2025-11-05;2;0
7;2025-11-05;3;0
7;2025-11-05;4;2
7;2025-11-05;5;193
7;2025-11-05;6;675
7;2025-11-05;7;1670
7;2025-11-05;8;2568
7;2025-11-05;9;1908
7;2025-11-05;10;1637
7;2025-11-05;11;1534
7;2025-11-05;12;1570
7;2025-11-05;13;1579
7;2025-11-05;14;1629
7;2025-11-05;15;1751
7;2025-11-05;16;1908
7;2025-11-05;17;2325
7;2025-11-05;18;2536
7;2025-11-05;19;1723
7;2025-11-05;20;1111
7;2025-11-05;21;662
7;2025-11-05;22;341
7;2025-11-05;23;195
7;2025-11-06;0;60
7;2025-11-06;1;11
7;2025-11-06;2;0
7;2025-11-06;3;0
7;2025-11-06;4;2
7;2025-11-06;5;188
7;2025-11-06;6;669
7;2025-11-06;7;1670
7;2025-11-06;8;2513
7;2025-11-06;9;1867
7;2025-11-06;10;1591
7;2025-11-06;11;1503
7;2025-11-06;12;1544
7;2025-11-06;13;1568
7;2025-11-06;14;1638
7;2025-11-06;15;1717
7;2025-11-06;16;1895
7;2025-11-06;17;2280
7;2025-11-06;18;2548
7;2025-11-06;19;1701
7;2025-11-06;20;1098
7;2025-11-06;21;661
7;2025-11-06;22;332
7;2025-11-06;23;195
7;2025-11-07;0;64
7;2025-11-07;1;12
7;2025-11-07;2;0
7;2025-11-07;3;0
7;2025-11-07;4;1
7;2025-11-07;5;183
7;2025-11-07;6;634
7;2025-11-07;7;1595
7;2025-11-07;8;2409
7;2025-11-07;9;1795
7;2025-11-07;10;1557
7;2025-11-07;11;1517
7;2025-11-07;12;1579
7;2025-11-07;13;1623
7;2025-11-07;14;1690
7;2025-11-07;15;1802
7;2025-11-07;16;1995
7;2025-11-07;17;2214
7;2025-11-07;18;2108
7;2025-11-07;19;1533
7;2025-11-07;20;1062
7;2025-11-07;21;638
7;2025-11-07;22;337
7;2025-11-07;23;213
7;2025-11-08;0;90
7;2025-11-08;1;19
7;2025-11-08;2;0
7;2025-11-08;3;0
7;2025-11-08;4;0
7;2025-11-08;5;48
7;2025-11-08;6;217
7;2025-11-08;7;362
7;2025-11-08;8;572
7;2025-11-08;9;636
7;2025-11-08;10;702
7;2025-11-08;11;809
7;2025-11-08;12;896
7;2025-11-08;13;953
7;2025-11-08;14;922
7;2025-11-08;15;932
7;2025-11-08;16;856
7;2025-11-08;17;838
7;2025-11-08;18;815
7;2025-11-08;19;741
7;2025-11-08;20;576
7;2025-11-08;21;423
7;2025-11-08;22;226
7;2025-11-08;23;161
7;2025-11-09;0;89
7;2025-11-09;1;19
7;2025-11-09;2;1
7;2025-11-09;3;1
7;2025-11-09;4;0
7;2025-11-09;5;26
7;2025-11-09;6;139
7;2025-11-09;7;229
7;2025-11-09;8;390
7;2025-11-09;9;460
7;2025-11-09;10;522
7;2025-11-09;11;649
7;2025-11-09;12;729
7;2025-11-09;13;814
7;2025-11-09;14;799
7;2025-11-09;15;780
7;2025-11-09;16;727
7;2025-11-09;17;704
7;2025-11-09;18;653
7;2025-11-09;19;552
7;2025-11-09;20;468
7;2025-11-09;21;335
7;2025-11-09;22;176
7;2025-11-09;23;116
7;2025-11-10;0;63
7;2025-11-10;1;12
7;2025-11-10;2;0
7;2025-11-10;3;0
7;2025-11-10;4;2
7;2025-11-10;5;187
7;2025-11-10;6;665
7;2025-11-10;7;1642
7;2025-11-10;8;2491
7;2025-11-10;9;1834
7;2025-11-10;10;1555
7;2025-11-10;11;1451
7;2025-11-10;12;1520
7;2025-11-10;13;1521
7;2025-11-10;14;1572
7;2025-11-10;15;1670
7;2025-11-10;16;1863
7;2025-11-10;17;2272
7;2025-11-10;18;2521
7;2025-11-10;19;1709
7;2025-11-10;20;1082
7;2025-11-10;21;619
7;2025-11-10;22;304
7;2025-11-10;23;166
7;2025-11-11;0;56
7;2025-11-11;1;10
7;2025-11-11;2;0
7;2025-11-11;3;0
7;2025-11-11;4;1
7;2025-11-11;5;193
7;2025-11-11;6;679
7;2025-11-11;7;1720
7;2025-11-11;8;2574
7;2025-11-11;9;1896
7;2025-11-11;10;1620
7;2025-11-11;11;1544
7;2025-11-11;12;1579
7;2025-11-11;13;1591
7;2025-11-11;14;1628
7;2025-11-11;15;1750
7;2025-11-11;16;1925
7;2025-11-11;17;2301
7;2025-11-11;18;2580
7;2025-11-11;19;1784
7;2025-11-11;20;1136
7;2025-11-11;21;670
7;2025-11-11;22;334
7;2025-11-11;23;187
7;2025-11-12;0;58
7;2025-11-12;1;10
7;2025-11-12;2;0
7;2025-11-12;3;0
7;2025-11-12;4;1
7;2025-11-12;5;192
7;2025-11-12;6;680
7;2025-11-12;7;1689
7;2025-11-12;8;2594
7;2025-11-12;9;1922
7;2025-11-12;10;1648
7;2025-11-12;11;1547
7;2025-11-12;12;1583
7;2025-11-12;13;1592
7;2025-11-12;14;1645
7;2025-11-12;15;1768
7;2025-11-12;16;1926
7;2025-11-12;17;2345
7;2025-11-12;18;2559
7;2025-11-12;19;1734
7;2025-11-12;20;1121
7;2025-11-12;21;667
7;2025-11-12;22;344
7;2025-11-12;23;201
7;2025-11-13;0;61
7;2025-11-13;1;11
7;2025-11-13;2;0
7;2025-11-13;3;0
7;2025-11-13;4;1
7;2025-11-13;5;187
7;2025-11-13;6;666
7;2025-11-13;7;1688
7;2025-11-13;8;2539
7;2025-11-13;9;1880
7;2025-11-13;10;1596
7;2025-11-13;11;1508
7;2025-11-13;12;1549
7;2025-11-13;13;1573
7;2025-11-13;14;1644
7;2025-11-13;15;1725
7;2025-11-13;16;1905
7;2025-11-13;17;2289
7;2025-11-13;18;2558
7;2025-11-13;19;1704
7;2025-11-13;20;1100
7;2025-11-13;21;657
7;2025-11-13;22;325
7;2025-11-13;23;193
7;2025-11-14;0;65
7;2025-11-14;1;12
7;2025-11-14;2;0
7;2025-11-14;3;0
7;2025-11-14;4;1
7;2025-11-14;5;184
7;2025-11-14;6;633
7;2025-11-14;7;1618
7;2025-11-14;8;2439
7;2025-11-14;9;1813
7;2025-11-14;10;1573
7;2025-11-14;11;1533
7;2025-11-14;12;1593
7;2025-11-14;13;1638
7;2025-11-14;14;1705
7;2025-11-14;15;1817
7;2025-11-14;16;2013
7;2025-11-14;17;2231
7;2025-11-14;18;2119
7;2025-11-14;19;1542
7;2025-11-14;20;1069
7;2025-11-14;21;640
7;2025-11-14;22;336
7;2025-11-14;23;216
7;2025-11-15;0;90
7;2025-11-15;1;19
7;2025-11-15;2;0
7;2025-11-15;3;0
7;2025-11-15;4;0
7;2025-11-15;5;51
7;2025-11-15;6;219
7;2025-11-15;7;376
7;2025-11-15;8;588
7;2025-11-15;9;649
7;2025-11-15;10;717
7;2025-11-15;11;829
7;2025-11-15;12;911
7;2025-11-15;13;970
7;2025-11-15;14;939
7;2025-11-15;15;951
7;2025-11-15;16;874
7;2025-11-15;17;857
7;2025-11-15;18;826
7;2025-11-15;19;752
7;2025-11-15;20;583
7;2025-11-15;21;426
7;2025-11-15;22;227
7;2025-11-15;23;164
7;2025-11-16;0;87
7;2025-11-16;1;17
7;2025-11-16;2;0
7;2025-11-16;3;0
7;2025-11-16;4;0
7;2025-11-16;5;33
7;2025-11-16;6;150
7;2025-11-16;7;247
7;2025-11-16;8;417
7;2025-11-16;9;497
7;2025-11-16;10;559
7;2025-11-16;11;694
7;2025-11-16;12;772
7;2025-11-16;13;856
7;2025-11-16;14;834
7;2025-11-16;15;820
7;2025-11-16;16;767
7;2025-11-16;17;739
7;2025-11-16;18;683
7;2025-11-16;19;582
7;2025-11-16;20;494
7;2025-11-16;21;351
7;2025-11-16;22;190
7;2025-11-16;23;127
7;2025-11-17;0;63
7;2025-11-17;1;11
7;2025-11-17;2;0
7;2025-11-17;3;0
7;2025-11-17;4;1
7;2025-11-17;5;182
7;2025-11-17;6;654
7;2025-11-17;7;1635
7;2025-11-17;8;2483
7;2025-11-17;9;1828
7;2025-11-17;10;1539
7;2025-11-17;11;1436
7;2025-11-17;12;1505
7;2025-11-17;13;1506
7;2025-11-17;14;1554
7;2025-11-17;15;1656
7;2025-11-17;16;1851
7;2025-11-17;17;2261
7;2025-11-17;18;2510
7;2025-11-17;19;1705
7;2025-11-17;20;1073
7;2025-11-17;21;608
7;2025-11-17;22;290
7;2025-11-17;23;159
7;2025-11-18;0;56
7;2025-11-18;1;10
7;2025-11-18;2;0
7;2025-11-18;3;0
7;2025-11-18;4;1
7;2025-11-18;5;191
7;2025-11-18;6;672
7;2025-11-18;7;1716
7;2025-11-18;8;2572
7;2025-11-18;9;1894
7;2025-11-18;10;1610
7;2025-11-18;11;1536
7;2025-11-18;12;1570
7;2025-11-18;13;1582
7;2025-11-18;14;1614
7;2025-11-18;15;1737
7;2025-11-18;16;1910
7;2025-11-18;17;2284
7;2025-11-18;18;2564
7;2025-11-18;19;1773
7;2025-11-18;20;1124
7;2025-11-18;21;658
7;2025-11-18;22;321
7;2025-11-18;23;182
7;2025-11-19;0;58
7;2025-11-19;1;10
7;2025-11-19;2;0
7;2025-11-19;3;0
7;2025-11-19;4;1
7;2025-11-19;5;193
7;2025-11-19;6;673
7;2025-11-19;7;1688
7;2025-11-19;8;2592
7;2025-11-19;9;1923
7;2025-11-19;10;1641
7;2025-11-19;11;1542
7;2025-11-19;12;1577
7;2025-11-19;13;1586
7;2025-11-19;14;1636
7;2025-11-19;15;1759
7;2025-11-19;16;1916
7;2025-11-19;17;2334
7;2025-11-19;18;2551
7;2025-11-19;19;1729
7;2025-11-19;20;1113
7;2025-11-19;21;659
7;2025-11-19;22;335
7;2025-11-19;23;195
7;2025-11-20;0;61
7;2025-11-20;1;11
7;2025-11-20;2;0
7;2025-11-20;3;0
7;2025-11-20;4;1
7;2025-11-20;5;188
7;2025-11-20;6;664
7;2025-11-20;7;1676
7;2025-11-20;8;2527
7;2025-11-20;9;1872
7;2025-11-20;10;1594
7;2025-11-20;11;1507
7;2025-11-20;12;1548
7;2025-11-20;13;1571
7;2025-11-20;14;1636
7;2025-11-20;15;1718
7;2025-11-20;16;1897
7;2025-11-20;17;2289
7;2025-11-20;18;2555
7;2025-11-20;19;1702
7;2025-11-20;20;1095
7;2025-11-20;21;652
7;2025-11-20;22;320
7;2025-11-20;23;191
7;2025-11-21;0;65
7;2025-11-21;1;12
7;2025-11-21;2;0
7;2025-11-21;3;0
7;2025-11-21;4;1
7;2025-11-21;5;185
7;2025-11-21;6;631
7;2025-11-21;7;1608
7;2025-11-21;8;2428
7;2025-11-21;9;1808
7;2025-11-21;10;1575
7;2025-11-21;11;1537
7;2025-11-21;12;1597
7;2025-11-21;13;1641
7;2025-11-21;14;1705
7;2025-11-21;15;1817
7;2025-11-21;16;2011
7;2025-11-21;17;2233
7;2025-11-21;18;2125
7;2025-11-21;19;1542
7;2025-11-21;20;1065
7;2025-11-21;21;634
7;2025-11-21;22;329
7;2025-11-21;23;212
7;2025-11-22;0;90
7;2025-11-22;1;18
7;2025-11-22;2;0
7;2025-11-22;3;0
7;2025-11-22;4;0
7;2025-11-22;5;52
7;2025-11-22;6;223
7;2025-11-22;7;391
7;2025-11-22;8;604
7;2025-11-22;9;672
7;2025-11-22;10;735
7;2025-11-22;11;844
7;2025-11-22;12;926
7;2025-11-22;13;983
7;2025-11-22;14;948
7;2025-11-22;15;962
7;2025-11-22;16;887
7;2025-11-22;17;872
7;2025-11-22;18;839
7;2025-11-22;19;765
7;2025-11-22;20;597
7;2025-11-22;21;443
7;2025-11-22;22;242
7;2025-11-22;23;177
7;2025-11-23;0;89
7;2025-11-23;1;18
7;2025-11-23;2;0
7;2025-11-23;3;0
7;2025-11-23;4;0
7;2025-11-23;5;27
7;2025-11-23;6;130
7;2025-11-23;7;236
7;2025-11-23;8;396
7;2025-11-23;9;469
7;2025-11-23;10;527
7;2025-11-23;11;661
7;2025-11-23;12;740
7;2025-11-23;13;825
7;2025-11-23;14;805
7;2025-11-23;15;789
7;2025-11-23;16;742
7;2025-11-23;17;724
7;2025-11-23;18;669
7;2025-11-23;19;563
7;2025-11-23;20;472
7;2025-11-23;21;338
7;2025-11-23;22;176
7;2025-11-23;23;116
7;2025-11-24;0;64
7;2025-11-24;1;12
7;2025-11-24;2;0
7;2025-11-24;3;0
7;2025-11-24;4;1
7;2025-11-24;5;180
7;2025-11-24;6;655
7;2025-11-24;7;1631
7;2025-11-24;8;2470
7;2025-11-24;9;1829
7;2025-11-24;10;1552
7;2025-11-24;11;1452
7;2025-11-24;12;1521
7;2025-11-24;13;1522
7;2025-11-24;14;1570
7;2025-11-24;15;1670
7;2025-11-24;16;1865
7;2025-11-24;17;2271
7;2025-11-24;18;2506
7;2025-11-24;19;1704
7;2025-11-24;20;1082
7;2025-11-24;21;616
7;2025-11-24;22;299
7;2025-11-24;23;167
7;2025-11-25;0;56
7;2025-11-25;1;10
7;2025-11-25;2;0
7;2025-11-25;3;0
7;2025-11-25;4;1
7;2025-11-25;5;190
7;2025-11-25;6;660
7;2025-11-25;7;1689
7;2025-11-25;8;2540
7;2025-11-25;9;1879
7;2025-11-25;10;1607
7;2025-11-25;11;1531
7;2025-11-25;12;1567
7;2025-11-25;13;1579
7;2025-11-25;14;1612
7;2025-11-25;15;1734
7;2025-11-25;16;1909
7;2025-11-25;17;2284
7;2025-11-25;18;2544
7;2025-11-25;19;1767
7;2025-11-25;20;1121
7;2025-11-25;21;659
7;2025-11-25;22;323
7;2025-11-25;23;179
7;2025-11-26;0;57
7;2025-11-26;1;10
7;2025-11-26;2;0
7;2025-11-26;3;0
7;2025-11-26;4;1
7;2025-11-26;5;192
7;2025-11-26;6;671
7;2025-11-26;7;1670
7;2025-11-26;8;2567
7;2025-11-26;9;1918
7;2025-11-26;10;1647
7;2025-11-26;11;1547
7;2025-11-26;12;1583
7;2025-11-26;13;1592
7;2025-11-26;14;1642
7;2025-11-26;15;1765
7;2025-11-26;16;1922
7;2025-11-26;17;2341
7;2025-11-26;18;2540
7;2025-11-26;19;1731
7;2025-11-26;20;1118
7;2025-11-26;21;666
7;2025-11-26;22;341
7;2025-11-26;23;196
7;2025-11-27;0;60
7;2025-11-27;1;11
7;2025-11-27;2;0
7;2025-11-27;3;0
7;2025-11-27;4;1
7;2025-11-27;5;188
7;2025-11-27;6;668
7;2025-11-27;7;1667
7;2025-11-27;8;2510
7;2025-11-27;9;1869
7;2025-11-27;10;1595
7;2025-11-27;11;1508
7;2025-11-27;12;1549
7;2025-11-27;13;1573
7;2025-11-27;14;1640
7;2025-11-27;15;1721
7;2025-11-27;16;1899
7;2025-11-27;17;2291
7;2025-11-27;18;2539
7;2025-11-27;19;1702
7;2025-11-27;20;1096
7;2025-11-27;21;656
7;2025-11-27;22;327
7;2025-11-27;23;192
7;2025-11-28;0;64
7;2025-11-28;1;11
7;2025-11-28;2;0
7;2025-11-28;3;0
7;2025-11-28;4;1
7;2025-11-28;5;184
7;2025-11-28;6;633
7;2025-11-28;7;1599
7;2025-11-28;8;2410
7;2025-11-28;9;1803
7;2025-11-28;10;1570
7;2025-11-28;11;1531
7;2025-11-28;12;1591
7;2025-11-28;13;1635
7;2025-11-28;14;1696
7;2025-11-28;15;1807
7;2025-11-28;16;2001
7;2025-11-28;17;2226
7;2025-11-28;18;2106
7;2025-11-28;19;1536
7;2025-11-28;20;1063
7;2025-11-28;21;636
7;2025-11-28;22;334
7;2025-11-28;23;213
7;2025-11-29;0;89
7;2025-11-29;1;17
7;2025-11-29;2;0
7;2025-11-29;3;0
7;2025-11-29;4;0
7;2025-11-29;5;50
7;2025-11-29;6;210
7;2025-11-29;7;368
7;2025-11-29;8;578
7;2025-11-29;9;633
7;2025-11-29;10;692
7;2025-11-29;11;801
7;2025-11-29;12;887
7;2025-11-29;13;942
7;2025-11-29;14;903
7;2025-11-29;15;914
7;2025-11-29;16;837
7;2025-11-29;17;819
7;2025-11-29;18;795
7;2025-11-29;19;730
7;2025-11-29;20;560
7;2025-11-29;21;409
7;2025-11-29;22;212
7;2025-11-29;23;152
7;2025-11-30;0;89
7;2025-11-30;1;17
7;2025-11-30;2;0
7;2025-11-30;3;0
7;2025-11-30;4;0
7;2025-11-30;5;26
7;2025-11-30;6;128
7;2025-11-30;7;224
7;2025-11-30;8;380
7;2025-11-30;9;449
7;2025-11-30;10;503
7;2025-11-30;11;632
7;2025-11-30;12;708
7;2025-11-30;13;792
7;2025-11-30;14;768
7;2025-11-30;15;749
7;2025-11-30;16;695
7;2025-11-30;17;675
7;2025-11-30;18;623
7;2025-11-30;19;530
7;2025-11-30;20;446
7;2025-11-30;21;318
7;2025-11-30;22;160
7;2025-11-30;23;108
7;2025-12-01;0;65
7;2025-12-01;1;12
7;2025-12-01;2;0
7;2025-12-01;3;0
7;2025-12-01;4;3
7;2025-12-01;5;202
7;2025-12-01;6;721
7;2025-12-01;7;1635
7;2025-12-01;8;2432
7;2025-12-01;9;1852
7;2025-12-01;10;1553
7;2025-12-01;11;1446
7;2025-12-01;12;1510
7;2025-12-01;13;1513
7;2025-12-01;14;1542
7;2025-12-01;15;1644
7;2025-12-01;16;1835
7;2025-12-01;17;2236
7;2025-12-01;18;2490
7;2025-12-01;19;1740
7;2025-12-01;20;1109
7;2025-12-01;21;646
7;2025-12-01;22;325
7;2025-12-01;23;163
7;2025-12-02;0;57
7;2025-12-02;1;11
7;2025-12-02;2;0
7;2025-12-02;3;0
7;2025-12-02;4;2
7;2025-12-02;5;227
7;2025-12-02;6;752
7;2025-12-02;7;1728
7;2025-12-02;8;2536
7;2025-12-02;9;1930
7;2025-12-02;10;1638
7;2025-12-02;11;1554
7;2025-12-02;12;1582
7;2025-12-02;13;1596
7;2025-12-02;14;1614
7;2025-12-02;15;1734
7;2025-12-02;16;1904
7;2025-12-02;17;2269
7;2025-12-02;18;2551
7;2025-12-02;19;1815
7;2025-12-02;20;1166
7;2025-12-02;21;705
7;2025-12-02;22;365
7;2025-12-02;23;171
7;2025-12-03;0;59
7;2025-12-03;1;11
7;2025-12-03;2;0
7;2025-12-03;3;0
7;2025-12-03;4;2
7;2025-12-03;5;205
7;2025-12-03;6;739
7;2025-12-03;7;1686
7;2025-12-03;8;2541
7;2025-12-03;9;1943
7;2025-12-03;10;1656
7;2025-12-03;11;1544
7;2025-12-03;12;1574
7;2025-12-03;13;1584
7;2025-12-03;14;1620
7;2025-12-03;15;1741
7;2025-12-03;16;1896
7;2025-12-03;17;2304
7;2025-12-03;18;2518
7;2025-12-03;19;1752
7;2025-12-03;20;1138
7;2025-12-03;21;686
7;2025-12-03;22;359
7;2025-12-03;23;193
7;2025-12-04;0;62
7;2025-12-04;1;12
7;2025-12-04;2;0
7;2025-12-04;3;0
7;2025-12-04;4;3
7;2025-12-04;5;201
7;2025-12-04;6;726
7;2025-12-04;7;1677
7;2025-12-04;8;2478
7;2025-12-04;9;1895
7;2025-12-04;10;1603
7;2025-12-04;11;1510
7;2025-12-04;12;1547
7;2025-12-04;13;1570
7;2025-12-04;14;1624
7;2025-12-04;15;1704
7;2025-12-04;16;1882
7;2025-12-04;17;2258
7;2025-12-04;18;2536
7;2025-12-04;19;1728
7;2025-12-04;20;1125
7;2025-12-04;21;684
7;2025-12-04;22;349
7;2025-12-04;23;192
7;2025-12-05;0;66
7;2025-12-05;1;13
7;2025-12-05;2;0
7;2025-12-05;3;0
7;2025-12-05;4;3
7;2025-12-05;5;197
7;2025-12-05;6;690
7;2025-12-05;7;1605
7;2025-12-05;8;2382
7;2025-12-05;9;1829
7;2025-12-05;10;1578
7;2025-12-05;11;1537
7;2025-12-05;12;1593
7;2025-12-05;13;1638
7;2025-12-05;14;1689
7;2025-12-05;15;1799
7;2025-12-05;16;1992
7;2025-12-05;17;2204
7;2025-12-05;18;2117
7;2025-12-05;19;1576
7;2025-12-05;20;1097
7;2025-12-05;21;669
7;2025-12-05;22;362
7;2025-12-05;23;210
7;2025-12-06;0;93
7;2025-12-06;1;21
7;2025-12-06;2;0
7;2025-12-06;3;0
7;2025-12-06;4;1
7;2025-12-06;5;64
7;2025-12-06;6;283
7;2025-12-06;7;450
7;2025-12-06;8;676
7;2025-12-06;9;793
7;2025-12-06;10;893
7;2025-12-06;11;1022
7;2025-12-06;12;1110
7;2025-12-06;13;1165
7;2025-12-06;14;1146
7;2025-12-06;15;1155
7;2025-12-06;16;1076
7;2025-12-06;17;1059
7;2025-12-06;18;1025
7;2025-12-06;19;932
7;2025-12-06;20;730
7;2025-12-06;21;555
7;2025-12-06;22;343
7;2025-12-06;23;210
7;2025-12-07;0;91
7;2025-12-07;1;20
7;2025-12-07;2;0
7;2025-12-07;3;0
7;2025-12-07;4;0
7;2025-12-07;5;35
7;2025-12-07;6;189
7;2025-12-07;7;300
7;2025-12-07;8;480
7;2025-12-07;9;607
7;2025-12-07;10;703
7;2025-12-07;11;855
7;2025-12-07;12;939
7;2025-12-07;13;1023
7;2025-12-07;14;1018
7;2025-12-07;15;998
7;2025-12-07;16;944
7;2025-12-07;17;912
7;2025-12-07;18;840
7;2025-12-07;19;719
7;2025-12-07;20;597
7;2025-12-07;21;448
7;2025-12-07;22;271
7;2025-12-07;23;151
7;2025-12-08;0;65
7;2025-12-08;1;13
7;2025-12-08;2;0
7;2025-12-08;3;0
7;2025-12-08;4;3
7;2025-12-08;5;201
7;2025-12-08;6;713
7;2025-12-08;7;1632
7;2025-12-08;8;2436
7;2025-12-08;9;1848
7;2025-12-08;10;1554
7;2025-12-08;11;1445
7;2025-12-08;12;1509
7;2025-12-08;13;1510
7;2025-12-08;14;1544
7;2025-12-08;15;1642
7;2025-12-08;16;1836
7;2025-12-08;17;2235
7;2025-12-08;18;2485
7;2025-12-08;19;1728
7;2025-12-08;20;1096
7;2025-12-08;21;632
7;2025-12-08;22;314
7;2025-12-08;23;159
7;2025-12-09;0;55
7;2025-12-09;1;9
7;2025-12-09;2;0
7;2025-12-09;3;0
7;2025-12-09;4;1
7;2025-12-09;5;201
7;2025-12-09;6;726
7;2025-12-09;7;1704
7;2025-12-09;8;2515
7;2025-12-09;9;1902
7;2025-12-09;10;1611
7;2025-12-09;11;1526
7;2025-12-09;12;1556
7;2025-12-09;13;1569
7;2025-12-09;14;1588
7;2025-12-09;15;1709
7;2025-12-09;16;1881
7;2025-12-09;17;2246
7;2025-12-09;18;2517
7;2025-12-09;19;1786
7;2025-12-09;20;1137
7;2025-12-09;21;672
7;2025-12-09;22;335
7;2025-12-09;23;170
7;2025-12-10;0;60
7;2025-12-10;1;11
7;2025-12-10;2;0
7;2025-12-10;3;0
7;2025-12-10;4;1
7;2025-12-10;5;204
7;2025-12-10;6;729
7;2025-12-10;7;1689
7;2025-12-10;8;2549
7;2025-12-10;9;1939
7;2025-12-10;10;1649
7;2025-12-10;11;1538
7;2025-12-10;12;1569
7;2025-12-10;13;1578
7;2025-12-10;14;1615
7;2025-12-10;15;1736
7;2025-12-10;16;1892
7;2025-12-10;17;2303
7;2025-12-10;18;2521
7;2025-12-10;19;1740
7;2025-12-10;20;1124
7;2025-12-10;21;670
7;2025-12-10;22;346
7;2025-12-10;23;185
7;2025-12-11;0;63
7;2025-12-11;1;12
7;2025-12-11;2;0
7;2025-12-11;3;0
7;2025-12-11;4;2
7;2025-12-11;5;201
7;2025-12-11;6;714
7;2025-12-11;7;1674
7;2025-12-11;8;2480
7;2025-12-11;9;1884
7;2025-12-11;10;1589
7;2025-12-11;11;1495
7;2025-12-11;12;1531
7;2025-12-11;13;1554
7;2025-12-11;14;1606
7;2025-12-11;15;1686
7;2025-12-11;16;1866
7;2025-12-11;17;2246
7;2025-12-11;18;2538
7;2025-12-11;19;1717
7;2025-12-11;20;1111
7;2025-12-11;21;666
7;2025-12-11;22;333
7;2025-12-11;23;181
7;2025-12-12;0;67
7;2025-12-12;1;13
7;2025-12-12;2;0
7;2025-12-12;3;0
7;2025-12-12;4;2
7;2025-12-12;5;197
7;2025-12-12;6;679
7;2025-12-12;7;1605
7;2025-12-12;8;2386
7;2025-12-12;9;1821
7;2025-12-12;10;1569
7;2025-12-12;11;1527
7;2025-12-12;12;1583
7;2025-12-12;13;1627
7;2025-12-12;14;1676
7;2025-12-12;15;1787
7;2025-12-12;16;1983
7;2025-12-12;17;2196
7;2025-12-12;18;2105
7;2025-12-12;19;1562
7;2025-12-12;20;1082
7;2025-12-12;21;651
7;2025-12-12;22;346
7;2025-12-12;23;201
7;2025-12-13;0;93
7;2025-12-13;1;21
7;2025-12-13;2;0
7;2025-12-13;3;0
7;2025-12-13;4;0
7;2025-12-13;5;63
7;2025-12-13;6;281
7;2025-12-13;7;460
7;2025-12-13;8;690
7;2025-12-13;9;808
7;2025-12-13;10;909
7;2025-12-13;11;1036
7;2025-12-13;12;1124
7;2025-12-13;13;1181
7;2025-12-13;14;1163
7;2025-12-13;15;1173
7;2025-12-13;16;1095
7;2025-12-13;17;1077
7;2025-12-13;18;1035
7;2025-12-13;19;941
7;2025-12-13;20;737
7;2025-12-13;21;556
7;2025-12-13;22;343
7;2025-12-13;23;206
7;2025-12-14;0;91
7;2025-12-14;1;20
7;2025-12-14;2;0
7;2025-12-14;3;0
7;2025-12-14;4;0
7;2025-12-14;5;35
7;2025-12-14;6;195
7;2025-12-14;7;311
7;2025-12-14;8;495
7;2025-12-14;9;623
7;2025-12-14;10;720
7;2025-12-14;11;870
7;2025-12-14;12;952
7;2025-12-14;13;1039
7;2025-12-14;14;1035
7;2025-12-14;15;1016
7;2025-12-14;16;964
7;2025-12-14;17;935
7;2025-12-14;18;863
7;2025-12-14;19;736
7;2025-12-14;20;610
7;2025-12-14;21;456
7;2025-12-14;22;279
7;2025-12-14;23;153
7;2025-12-15;0;65
7;2025-12-15;1;12
7;2025-12-15;2;0
7;2025-12-15;3;0
7;2025-12-15;4;4
7;2025-12-15;5;206
7;2025-12-15;6;719
7;2025-12-15;7;1656
7;2025-12-15;8;2461
7;2025-12-15;9;1866
7;2025-12-15;10;1566
7;2025-12-15;11;1454
7;2025-12-15;12;1518
7;2025-12-15;13;1517
7;2025-12-15;14;1553
7;2025-12-15;15;1652
7;2025-12-15;16;1848
7;2025-12-15;17;2249
7;2025-12-15;18;2509
7;2025-12-15;19;1736
7;2025-12-15;20;1101
7;2025-12-15;21;633
7;2025-12-15;22;314
7;2025-12-15;23;154
7;2025-12-16;0;57
7;2025-12-16;1;15
7;2025-12-16;2;4
7;2025-12-16;3;4
7;2025-12-16;4;7
7;2025-12-16;5;212
7;2025-12-16;6;733
7;2025-12-16;7;1728
7;2025-12-16;8;2541
7;2025-12-16;9;1926
7;2025-12-16;10;1627
7;2025-12-16;11;1540
7;2025-12-16;12;1569
7;2025-12-16;13;1582
7;2025-12-16;14;1602
7;2025-12-16;15;1725
7;2025-12-16;16;1897
7;2025-12-16;17;2263
7;2025-12-16;18;2549
7;2025-12-16;19;1796
7;2025-12-16;20;1144
7;2025-12-16;21;677
7;2025-12-16;22;339
7;2025-12-16;23;174
7;2025-12-17;0;61
7;2025-12-17;1;13
7;2025-12-17;2;1
7;2025-12-17;3;1
7;2025-12-17;4;4
7;2025-12-17;5;204
7;2025-12-17;6;728
7;2025-12-17;7;1691
7;2025-12-17;8;2554
7;2025-12-17;9;1943
7;2025-12-17;10;1648
7;2025-12-17;11;1535
7;2025-12-17;12;1566
7;2025-12-17;13;1575
7;2025-12-17;14;1613
7;2025-12-17;15;1736
7;2025-12-17;16;1890
7;2025-12-17;17;2300
7;2025-12-17;18;2525
7;2025-12-17;19;1740
7;2025-12-17;20;1121
7;2025-12-17;21;666
7;2025-12-17;22;341
7;2025-12-17;23;179
7;2025-12-18;0;63
7;2025-12-18;1;12
7;2025-12-18;2;0
7;2025-12-18;3;0
7;2025-12-18;4;3
7;2025-12-18;5;203
7;2025-12-18;6;718
7;2025-12-18;7;1684
7;2025-12-18;8;2495
7;2025-12-18;9;1897
7;2025-12-18;10;1594
7;2025-12-18;11;1499
7;2025-12-18;12;1536
7;2025-12-18;13;1559
7;2025-12-18;14;1611
7;2025-12-18;15;1692
7;2025-12-18;16;1870
7;2025-12-18;17;2251
7;2025-12-18;18;2546
7;2025-12-18;19;1723
7;2025-12-18;20;1114
7;2025-12-18;21;669
7;2025-12-18;22;336
7;2025-12-18;23;183
7;2025-12-19;0;67
7;2025-12-19;1;13
7;2025-12-19;2;0
7;2025-12-19;3;0
7;2025-12-19;4;1
7;2025-12-19;5;197
7;2025-12-19;6;683
7;2025-12-19;7;1612
7;2025-12-19;8;2397
7;2025-12-19;9;1833
7;2025-12-19;10;1573
7;2025-12-19;11;1534
7;2025-12-19;12;1589
7;2025-12-19;13;1633
7;2025-12-19;14;1683
7;2025-12-19;15;1795
7;2025-12-19;16;1989
7;2025-12-19;17;2202
7;2025-12-19;18;2115
7;2025-12-19;19;1571
7;2025-12-19;20;1087
7;2025-12-19;21;657
7;2025-12-19;22;351
7;2025-12-19;23;205
7;2025-12-20;0;93
7;2025-12-20;1;21
7;2025-12-20;2;0
7;2025-12-20;3;0
7;2025-12-20;4;0
7;2025-12-20;5;65
7;2025-12-20;6;288
7;2025-12-20;7;476
7;2025-12-20;8;708
7;2025-12-20;9;831
7;2025-12-20;10;932
7;2025-12-20;11;1063
7;2025-12-20;12;1151
7;2025-12-20;13;1209
7;2025-12-20;14;1191
7;2025-12-20;15;1201
7;2025-12-20;16;1122
7;2025-12-20;17;1103
7;2025-12-20;18;1059
7;2025-12-20;19;960
7;2025-12-20;20;751
7;2025-12-20;21;569
7;2025-12-20;22;356
7;2025-12-20;23;216
7;2025-12-21;0;91
7;2025-12-21;1;20
7;2025-12-21;2;0
7;2025-12-21;3;0
7;2025-12-21;4;0
7;2025-12-21;5;35
7;2025-12-21;6;194
7;2025-12-21;7;315
7;2025-12-21;8;501
7;2025-12-21;9;635
7;2025-12-21;10;730
7;2025-12-21;11;884
7;2025-12-21;12;966
7;2025-12-21;13;1052
7;2025-12-21;14;1048
7;2025-12-21;15;1030
7;2025-12-21;16;978
7;2025-12-21;17;950
7;2025-12-21;18;877
7;2025-12-21;19;748
7;2025-12-21;20;618
7;2025-12-21;21;463
7;2025-12-21;22;284
7;2025-12-21;23;156
7;2025-12-22;0;65
7;2025-12-22;1;12
7;2025-12-22;2;0
7;2025-12-22;3;0
7;2025-12-22;4;1
7;2025-12-22;5;196
7;2025-12-22;6;709
7;2025-12-22;7;1639
7;2025-12-22;8;2447
7;2025-12-22;9;1856
7;2025-12-22;10;1562
7;2025-12-22;11;1452
7;2025-12-22;12;1516
7;2025-12-22;13;1517
7;2025-12-22;14;1551
7;2025-12-22;15;1651
7;2025-12-22;16;1845
7;2025-12-22;17;2250
7;2025-12-22;18;2508
7;2025-12-22;19;1736
7;2025-12-22;20;1097
7;2025-12-22;21;626
7;2025-12-22;22;306
7;2025-12-22;23;153
7;2025-12-23;0;58
7;2025-12-23;1;11
7;2025-12-23;2;0
7;2025-12-23;3;0
7;2025-12-23;4;1
7;2025-12-23;5;200
7;2025-12-23;6;721
7;2025-12-23;7;1709
7;2025-12-23;8;2524
7;2025-12-23;9;1908
7;2025-12-23;10;1617
7;2025-12-23;11;1531
7;2025-12-23;12;1561
7;2025-12-23;13;1573
7;2025-12-23;14;1594
7;2025-12-23;15;1715
7;2025-12-23;16;1889
7;2025-12-23;17;2257
7;2025-12-23;18;2540
7;2025-12-23;19;1791
7;2025-12-23;20;1138
7;2025-12-23;21;666
7;2025-12-23;22;327
7;2025-12-23;23;165
7;2025-12-24;0;60
7;2025-12-24;1;11
7;2025-12-24;2;0
7;2025-12-24;3;0
7;2025-12-24;4;1
7;2025-12-24;5;202
7;2025-12-24;6;736
7;2025-12-24;7;1691
7;2025-12-24;8;2556
7;2025-12-24;9;1952
7;2025-12-24;10;1664
7;2025-12-24;11;1553
7;2025-12-24;12;1584
7;2025-12-24;13;1594
7;2025-12-24;14;1631
7;2025-12-24;15;1754
7;2025-12-24;16;1910
7;2025-12-24;17;2324
7;2025-12-24;18;2544
7;2025-12-24;19;1764
7;2025-12-24;20;1142
7;2025-12-24;21;679
7;2025-12-24;22;352
7;2025-12-24;23;191
7;2025-12-25;0;63
7;2025-12-25;1;12
7;2025-12-25;2;0
7;2025-12-25;3;0
7;2025-12-25;4;2
7;2025-12-25;5;200
7;2025-12-25;6;722
7;2025-12-25;7;1681
7;2025-12-25;8;2491
7;2025-12-25;9;1905
7;2025-12-25;10;1612
7;2025-12-25;11;1521
7;2025-12-25;12;1558
7;2025-12-25;13;1581
7;2025-12-25;14;1633
7;2025-12-25;15;1715
7;2025-12-25;16;1895
7;2025-12-25;17;2279
7;2025-12-25;18;2563
7;2025-12-25;19;1739
7;2025-12-25;20;1130
7;2025-12-25;21;682
7;2025-12-25;22;347
7;2025-12-25;23;194
7;2025-12-26;0;67
7;2025-12-26;1;13
7;2025-12-26;2;0
7;2025-12-26;3;0
7;2025-12-26;4;2
7;2025-12-26;5;197
7;2025-12-26;6;696
7;2025-12-26;7;1613
7;2025-12-26;8;2400
7;2025-12-26;9;1843
7;2025-12-26;10;1595
7;2025-12-26;11;1556
7;2025-12-26;12;1613
7;2025-12-26;13;1656
7;2025-12-26;14;1707
7;2025-12-26;15;1818
7;2025-12-26;16;2014
7;2025-12-26;17;2230
7;2025-12-26;18;2140
7;2025-12-26;19;1592
7;2025-12-26;20;1109
7;2025-12-26;21;675
7;2025-12-26;22;368
7;2025-12-26;23;217
7;2025-12-27;0;93
7;2025-12-27;1;21
7;2025-12-27;2;0
7;2025-12-27;3;0
7;2025-12-27;4;0
7;2025-12-27;5;64
7;2025-12-27;6;283
7;2025-12-27;7;464
7;2025-12-27;8;693
7;2025-12-27;9;817
7;2025-12-27;10;915
7;2025-12-27;11;1048
7;2025-12-27;12;1137
7;2025-12-27;13;1192
7;2025-12-27;14;1173
7;2025-12-27;15;1184
7;2025-12-27;16;1105
7;2025-12-27;17;1089
7;2025-12-27;18;1054
7;2025-12-27;19;954
7;2025-12-27;20;745
7;2025-12-27;21;567
7;2025-12-27;22;352
7;2025-12-27;23;214
7;2025-12-28;0;91
7;2025-12-28;1;19
7;2025-12-28;2;0
7;2025-12-28;3;0
7;2025-12-28;4;0
7;2025-12-28;5;34
7;2025-12-28;6;190
7;2025-12-28;7;308
7;2025-12-28;8;490
7;2025-12-28;9;618
7;2025-12-28;10;710
7;2025-12-28;11;865
7;2025-12-28;12;948
7;2025-12-28;13;1031
7;2025-12-28;14;1027
7;2025-12-28;15;1007
7;2025-12-28;16;954
7;2025-12-28;17;927
7;2025-12-28;18;858
7;2025-12-28;19;733
7;2025-12-28;20;605
7;2025-12-28;21;453
7;2025-12-28;22;278
7;2025-12-28;23;151
7;2025-12-29;0;62
7;2025-12-29;1;12
7;2025-12-29;2;0
7;2025-12-29;3;0
7;2025-12-29;4;3
7;2025-12-29;5;191
7;2025-12-29;6;681
7;2025-12-29;7;1555
7;2025-12-29;8;2321
7;2025-12-29;9;1767
7;2025-12-29;10;1491
7;2025-12-29;11;1386
7;2025-12-29;12;1447
7;2025-12-29;13;1447
7;2025-12-29;14;1479
7;2025-12-29;15;1573
7;2025-12-29;16;1757
7;2025-12-29;17;2140
7;2025-12-29;18;2376
7;2025-12-29;19;1653
7;2025-12-29;20;1051
7;2025-12-29;21;609
7;2025-12-29;22;304
7;2025-12-29;23;151
7;2025-12-30;0;53
7;2025-12-30;1;10
7;2025-12-30;2;0
7;2025-12-30;3;0
7;2025-12-30;4;2
7;2025-12-30;5;188
7;2025-12-30;6;667
7;2025-12-30;7;1568
7;2025-12-30;8;2315
7;2025-12-30;9;1756
7;2025-12-30;10;1491
7;2025-12-30;11;1412
7;2025-12-30;12;1439
7;2025-12-30;13;1450
7;2025-12-30;14;1467
7;2025-12-30;15;1578
7;2025-12-30;16;1735
7;2025-12-30;17;2072
7;2025-12-30;18;2326
7;2025-12-30;19;1647
7;2025-12-30;20;1048
7;2025-12-30;21;622
7;2025-12-30;22;309
7;2025-12-30;23;156
7;2025-12-31;0;63
7;2025-12-31;1;13
7;2025-12-31;2;1
7;2025-12-31;3;1
7;2025-12-31;4;1
7;2025-12-31;5;73
7;2025-12-31;6;293
7;2025-12-31;7;585
7;2025-12-31;8;949
7;2025-12-31;9;871
7;2025-12-31;10;818
7;2025-12-31;11;894
7;2025-12-31;12;900
7;2025-12-31;13;934
7;2025-12-31;14;928
7;2025-12-31;15;975
7;2025-12-31;16;974
7;2025-12-31;17;1052
7;2025-12-31;18;875
7;2025-12-31;19;687
7;2025-12-31;20;503
7;2025-12-31;21;358
7;2025-12-31;22;191
7;2025-12-31;23;143
11;2025-11-01;0;162
11;2025-11-01;1;51
11;2025-11-01;2;36
11;2025-11-01;3;36
11;2025-11-01;4;58
11;2025-11-01;5;404
11;2025-11-01;6;1313
11;2025-11-01;7;1874
11;2025-11-01;8;2204
11;2025-11-01;9;2076
11;2025-11-01;10;1974
11;2025-11-01;11;1997
11;2025-11-01;12;2047
11;2025-11-01;13;2136
11;2025-11-01;14;2125
11;2025-11-01;15;2218
11;2025-11-01;16;2346
11;2025-11-01;17;2473
11;2025-11-01;18;2428
11;2025-11-01;19;1989
11;2025-11-01;20;1588
11;2025-11-01;21;1177
11;2025-11-01;22;736
11;2025-11-01;23;535
11;2025-11-02;0;99
11;2025-11-02;1;13
11;2025-11-02;2;1
11;2025-11-02;3;1
11;2025-11-02;4;0
11;2025-11-02;5;121
11;2025-11-02;6;514
11;2025-11-02;7;544
11;2025-11-02;8;716
11;2025-11-02;9;925
11;2025-11-02;10;1102
11;2025-11-02;11;1371
11;2025-11-02;12;1490
11;2025-11-02;13;1513
11;2025-11-02;14;1532
11;2025-11-02;15;1565
11;2025-11-02;16;1521
11;2025-11-02;17;1553
11;2025-11-02;18;1377
11;2025-11-02;19;1177
11;2025-11-02;20;895
11;2025-11-02;21;641
11;2025-11-02;22;376
11;2025-11-02;23;249
11;2025-11-03;0;80
11;2025-11-03;1;7
11;2025-11-03;2;1
11;2025-11-03;3;1
11;2025-11-03;4;0
11;2025-11-03;5;210
11;2025-11-03;6;775
11;2025-11-03;7;1036
11;2025-11-03;8;1359
11;2025-11-03;9;1184
11;2025-11-03;10;1214
11;2025-11-03;11;1310
11;2025-11-03;12;1420
11;2025-11-03;13;1471
11;2025-11-03;14;1471
11;2025-11-03;15;1523
11;2025-11-03;16;1554
11;2025-11-03;17;1722
11;2025-11-03;18;1743
11;2025-11-03;19;1441
11;2025-11-03;20;1032
11;2025-11-03;21;673
11;2025-11-03;22;366
11;2025-11-03;23;227
11;2025-11-04;0;91
11;2025-11-04;1;12
11;2025-11-04;2;2
11;2025-11-04;3;2
11;2025-11-04;4;0
11;2025-11-04;5;110
11;2025-11-04;6;583
11;2025-11-04;7;792
11;2025-11-04;8;1085
11;2025-11-04;9;938
11;2025-11-04;10;938
11;2025-11-04;11;1112
11;2025-11-04;12;1242
11;2025-11-04;13;1306
11;2025-11-04;14;1292
11;2025-11-04;15;1368
11;2025-11-04;16;1373
11;2025-11-04;17;1508
11;2025-11-04;18;1563
11;2025-11-04;19;1236
11;2025-11-04;20;878
11;2025-11-04;21;666
11;2025-11-04;22;335
11;2025-11-04;23;210
11;2025-11-05;0;61
11;2025-11-05;1;1
11;2025-11-05;2;0
11;2025-11-05;3;0
11;2025-11-05;4;1
11;2025-11-05;5;295
11;2025-11-05;6;1301
11;2025-11-05;7;2381
11;2025-11-05;8;3128
11;2025-11-05;9;2328
11;2025-11-05;10;1868
11;2025-11-05;11;1834
11;2025-11-05;12;1874
11;2025-11-05;13;1911
11;2025-11-05;14;1924
11;2025-11-05;15;2017
11;2025-11-05;16;2204
11;2025-11-05;17;2724
11;2025-11-05;18;2951
11;2025-11-05;19;2279
11;2025-11-05;20;1476
11;2025-11-05;21;885
11;2025-11-05;22;441
11;2025-11-05;23;240
11;2025-11-06;0;63
11;2025-11-06;1;2
11;2025-11-06;2;0
11;2025-11-06;3;0
11;2025-11-06;4;2
11;2025-11-06;5;297
11;2025-11-06;6;1337
11;2025-11-06;7;2406
11;2025-11-06;8;3122
11;2025-11-06;9;2423
11;2025-11-06;10;1942
11;2025-11-06;11;1887
11;2025-11-06;12;1920
11;2025-11-06;13;1974
11;2025-11-06;14;1987
11;2025-11-06;15;2084
11;2025-11-06;16;2284
11;2025-11-06;17;2778
11;2025-11-06;18;3003
11;2025-11-06;19;2305
11;2025-11-06;20;1498
11;2025-11-06;21;919
11;2025-11-06;22;463
11;2025-11-06;23;252
11;2025-11-07;0;67
11;2025-11-07;1;2
11;2025-11-07;2;0
11;2025-11-07;3;0
11;2025-11-07;4;2
11;2025-11-07;5;294
11;2025-11-07;6;1321
11;2025-11-07;7;2323
11;2025-11-07;8;3012
11;2025-11-07;9;2307
11;2025-11-07;10;1888
11;2025-11-07;11;1864
11;2025-11-07;12;1899
11;2025-11-07;13;1952
11;2025-11-07;14;2009
11;2025-11-07;15;2162
11;2025-11-07;16;2361
11;2025-11-07;17;2756
11;2025-11-07;18;2581
11;2025-11-07;19;2116
11;2025-11-07;20;1444
11;2025-11-07;21;898
11;2025-11-07;22;465
11;2025-11-07;23;274
11;2025-11-08;0;95
11;2025-11-08;1;7
11;2025-11-08;2;0
11;2025-11-08;3;1
11;2025-11-08;4;1
11;2025-11-08;5;190
11;2025-11-08;6;737
11;2025-11-08;7;773
11;2025-11-08;8;995
11;2025-11-08;9;1184
11;2025-11-08;10;1369
11;2025-11-08;11;1607
11;2025-11-08;12;1751
11;2025-11-08;13;1739
11;2025-11-08;14;1763
11;2025-11-08;15;1764
11;2025-11-08;16;1754
11;2025-11-08;17;1800
11;2025-11-08;18;1627
11;2025-11-08;19;1456
11;2025-11-08;20;1099
11;2025-11-08;21;773
11;2025-11-08;22;462
11;2025-11-08;23;309
11;2025-11-09;0;98
11;2025-11-09;1;13
11;2025-11-09;2;1
11;2025-11-09;3;1
11;2025-11-09;4;0
11;2025-11-09;5;122
11;2025-11-09;6;521
11;2025-11-09;7;547
11;2025-11-09;8;720
11;2025-11-09;9;930
11;2025-11-09;10;1111
11;2025-11-09;11;1378
11;2025-11-09;12;1501
11;2025-11-09;13;1524
11;2025-11-09;14;1549
11;2025-11-09;15;1582
11;2025-11-09;16;1541
11;2025-11-09;17;1571
11;2025-11-09;18;1394
11;2025-11-09;19;1185
11;2025-11-09;20;902
11;2025-11-09;21;643
11;2025-11-09;22;378
11;2025-11-09;23;242
11;2025-11-10;0;66
11;2025-11-10;1;4
11;2025-11-10;2;0
11;2025-11-10;3;0
11;2025-11-10;4;1
11;2025-11-10;5;292
11;2025-11-10;6;1314
11;2025-11-10;7;2353
11;2025-11-10;8;3080
11;2025-11-10;9;2314
11;2025-11-10;10;1837
11;2025-11-10;11;1798
11;2025-11-10;12;1789
11;2025-11-10;13;1854
11;2025-11-10;14;1883
11;2025-11-10;15;1985
11;2025-11-10;16;2213
11;2025-11-10;17;2722
11;2025-11-10;18;2960
11;2025-11-10;19;2260
11;2025-11-10;20;1460
11;2025-11-10;21;853
11;2025-11-10;22;429
11;2025-11-10;23;210
11;2025-11-11;0;61
11;2025-11-11;1;2
11;2025-11-11;2;0
11;2025-11-11;3;0
11;2025-11-11;4;0
11;2025-11-11;5;296
11;2025-11-11;6;1338
11;2025-11-11;7;2444
11;2025-11-11;8;3205
11;2025-11-11;9;2416
11;2025-11-11;10;1906
11;2025-11-11;11;1866
11;2025-11-11;12;1876
11;2025-11-11;13;1930
11;2025-11-11;14;1959
11;2025-11-11;15;2053
11;2025-11-11;16;2288
11;2025-11-11;17;2793
11;2025-11-11;18;3014
11;2025-11-11;19;2315
11;2025-11-11;20;1509
11;2025-11-11;21;888
11;2025-11-11;22;443
11;2025-11-11;23;226
11;2025-11-12;0;61
11;2025-11-12;1;1
11;2025-11-12;2;0
11;2025-11-12;3;0
11;2025-11-12;4;0
11;2025-11-12;5;295
11;2025-11-12;6;1304
11;2025-11-12;7;2400
11;2025-11-12;8;3155
11;2025-11-12;9;2346
11;2025-11-12;10;1883
11;2025-11-12;11;1849
11;2025-11-12;12;1889
11;2025-11-12;13;1926
11;2025-11-12;14;1942
11;2025-11-12;15;2037
11;2025-11-12;16;2227
11;2025-11-12;17;2747
11;2025-11-12;18;2975
11;2025-11-12;19;2292
11;2025-11-12;20;1488
11;2025-11-12;21;890
11;2025-11-12;22;444
11;2025-11-12;23;236
11;2025-11-13;0;63
11;2025-11-13;1;2
11;2025-11-13;2;0
11;2025-11-13;3;0
11;2025-11-13;4;1
11;2025-11-13;5;298
11;2025-11-13;6;1338
11;2025-11-13;7;2427
11;2025-11-13;8;3150
11;2025-11-13;9;2437
11;2025-11-13;10;1952
11;2025-11-13;11;1897
11;2025-11-13;12;1930
11;2025-11-13;13;1984
11;2025-11-13;14;1998
11;2025-11-13;15;2097
11;2025-11-13;16;2300
11;2025-11-13;17;2793
11;2025-11-13;18;3018
11;2025-11-13;19;2313
11;2025-11-13;20;1504
11;2025-11-13;21;918
11;2025-11-13;22;461
11;2025-11-13;23;247
11;2025-11-14;0;67
11;2025-11-14;1;2
11;2025-11-14;2;0
11;2025-11-14;3;0
11;2025-11-14;4;1
11;2025-11-14;5;295
11;2025-11-14;6;1319
11;2025-11-14;7;2339
11;2025-11-14;8;3036
11;2025-11-14;9;2315
11;2025-11-14;10;1898
11;2025-11-14;11;1873
11;2025-11-14;12;1906
11;2025-11-14;13;1960
11;2025-11-14;14;2017
11;2025-11-14;15;2171
11;2025-11-14;16;2375
11;2025-11-14;17;2769
11;2025-11-14;18;2587
11;2025-11-14;19;2120
11;2025-11-14;20;1447
11;2025-11-14;21;895
11;2025-11-14;22;461
11;2025-11-14;23;272
11;2025-11-15;0;95
11;2025-11-15;1;7
11;2025-11-15;2;0
11;2025-11-15;3;1
11;2025-11-15;4;1
11;2025-11-15;5;194
11;2025-11-15;6;741
11;2025-11-15;7;791
11;2025-11-15;8;1011
11;2025-11-15;9;1201
11;2025-11-15;10;1385
11;2025-11-15;11;1625
11;2025-11-15;12;1765
11;2025-11-15;13;1755
11;2025-11-15;14;1779
11;2025-11-15;15;1780
11;2025-11-15;16;1774
11;2025-11-15;17;1823
11;2025-11-15;18;1639
11;2025-11-15;19;1470
11;2025-11-15;20;1109
11;2025-11-15;21;778
11;2025-11-15;22;466
11;2025-11-15;23;316
11;2025-11-16;0;97
11;2025-11-16;1;12
11;2025-11-16;2;1
11;2025-11-16;3;0
11;2025-11-16;4;0
11;2025-11-16;5;120
11;2025-11-16;6;524
11;2025-11-16;7;559
11;2025-11-16;8;721
11;2025-11-16;9;938
11;2025-11-16;10;1118
11;2025-11-16;11;1390
11;2025-11-16;12;1511
11;2025-11-16;13;1533
11;2025-11-16;14;1553
11;2025-11-16;15;1590
11;2025-11-16;16;1550
11;2025-11-16;17;1581
11;2025-11-16;18;1400
11;2025-11-16;19;1190
11;2025-11-16;20;904
11;2025-11-16;21;640
11;2025-11-16;22;378
11;2025-11-16;23;245
11;2025-11-17;0;66
11;2025-11-17;1;4
11;2025-11-17;2;0
11;2025-11-17;3;0
11;2025-11-17;4;1
11;2025-11-17;5;294
11;2025-11-17;6;1315
11;2025-11-17;7;2356
11;2025-11-17;8;3084
11;2025-11-17;9;2317
11;2025-11-17;10;1840
11;2025-11-17;11;1801
11;2025-11-17;12;1791
11;2025-11-17;13;1856
11;2025-11-17;14;1883
11;2025-11-17;15;1995
11;2025-11-17;16;2224
11;2025-11-17;17;2731
11;2025-11-17;18;2966
11;2025-11-17;19;2273
11;2025-11-17;20;1467
11;2025-11-17;21;859
11;2025-11-17;22;425
11;2025-11-17;23;209
11;2025-11-18;0;61
11;2025-11-18;1;2
11;2025-11-18;2;0
11;2025-11-18;3;0
11;2025-11-18;4;1
11;2025-11-18;5;297
11;2025-11-18;6;1339
11;2025-11-18;7;2448
11;2025-11-18;8;3208
11;2025-11-18;9;2416
11;2025-11-18;10;1907
11;2025-11-18;11;1868
11;2025-11-18;12;1877
11;2025-11-18;13;1931
11;2025-11-18;14;1956
11;2025-11-18;15;2050
11;2025-11-18;16;2284
11;2025-11-18;17;2788
11;2025-11-18;18;3004
11;2025-11-18;19;2311
11;2025-11-18;20;1503
11;2025-11-18;21;883
11;2025-11-18;22;437
11;2025-11-18;23;224
11;2025-11-19;0;61
11;2025-11-19;1;1
11;2025-11-19;2;0
11;2025-11-19;3;0
11;2025-11-19;4;0
11;2025-11-19;5;296
11;2025-11-19;6;1306
11;2025-11-19;7;2406
11;2025-11-19;8;3158
11;2025-11-19;9;2347
11;2025-11-19;10;1885
11;2025-11-19;11;1852
11;2025-11-19;12;1892
11;2025-11-19;13;1928
11;2025-11-19;14;1942
11;2025-11-19;15;2036
11;2025-11-19;16;2225
11;2025-11-19;17;2746
11;2025-11-19;18;2970
11;2025-11-19;19;2291
11;2025-11-19;20;1484
11;2025-11-19;21;886
11;2025-11-19;22;440
11;2025-11-19;23;235
11;2025-11-20;0;64
11;2025-11-20;1;2
11;2025-11-20;2;0
11;2025-11-20;3;0
11;2025-11-20;4;1
11;2025-11-20;5;299
11;2025-11-20;6;1340
11;2025-11-20;7;2427
11;2025-11-20;8;3148
11;2025-11-20;9;2438
11;2025-11-20;10;1955
11;2025-11-20;11;1900
11;2025-11-20;12;1934
11;2025-11-20;13;1986
11;2025-11-20;14;1994
11;2025-11-20;15;2094
11;2025-11-20;16;2296
11;2025-11-20;17;2797
11;2025-11-20;18;3019
11;2025-11-20;19;2316
11;2025-11-20;20;1504
11;2025-11-20;21;917
11;2025-11-20;22;459
11;2025-11-20;23;248
11;2025-11-21;0;67
11;2025-11-21;1;2
11;2025-11-21;2;0
11;2025-11-21;3;0
11;2025-11-21;4;1
11;2025-11-21;5;296
11;2025-11-21;6;1320
11;2025-11-21;7;2339
11;2025-11-21;8;3031
11;2025-11-21;9;2316
11;2025-11-21;10;1901
11;2025-11-21;11;1879
11;2025-11-21;12;1911
11;2025-11-21;13;1965
11;2025-11-21;14;2018
11;2025-11-21;15;2172
11;2025-11-21;16;2375
11;2025-11-21;17;2773
11;2025-11-21;18;2594
11;2025-11-21;19;2126
11;2025-11-21;20;1448
11;2025-11-21;21;895
11;2025-11-21;22;459
11;2025-11-21;23;273
11;2025-11-22;0;95
11;2025-11-22;1;7
11;2025-11-22;2;0
11;2025-11-22;3;1
11;2025-11-22;4;1
11;2025-11-22;5;193
11;2025-11-22;6;741
11;2025-11-22;7;791
11;2025-11-22;8;1008
11;2025-11-22;9;1198
11;2025-11-22;10;1384
11;2025-11-22;11;1623
11;2025-11-22;12;1763
11;2025-11-22;13;1752
11;2025-11-22;14;1772
11;2025-11-22;15;1769
11;2025-11-22;16;1760
11;2025-11-22;17;1815
11;2025-11-22;18;1633
11;2025-11-22;19;1464
11;2025-11-22;20;1103
11;2025-11-22;21;773
11;2025-11-22;22;467
11;2025-11-22;23;316
11;2025-11-23;0;98
11;2025-11-23;1;12
11;2025-11-23;2;1
11;2025-11-23;3;0
11;2025-11-23;4;0
11;2025-11-23;5;118
11;2025-11-23;6;517
11;2025-11-23;7;554
11;2025-11-23;8;719
11;2025-11-23;9;931
11;2025-11-23;10;1112
11;2025-11-23;11;1383
11;2025-11-23;12;1505
11;2025-11-23;13;1528
11;2025-11-23;14;1548
11;2025-11-23;15;1577
11;2025-11-23;16;1539
11;2025-11-23;17;1578
11;2025-11-23;18;1402
11;2025-11-23;19;1179
11;2025-11-23;20;889
11;2025-11-23;21;643
11;2025-11-23;22;382
11;2025-11-23;23;246
11;2025-11-24;0;67
11;2025-11-24;1;3
11;2025-11-24;2;0
11;2025-11-24;3;0
11;2025-11-24;4;0
11;2025-11-24;5;287
11;2025-11-24;6;1311
11;2025-11-24;7;2354
11;2025-11-24;8;3080
11;2025-11-24;9;2319
11;2025-11-24;10;1844
11;2025-11-24;11;1805
11;2025-11-24;12;1796
11;2025-11-24;13;1861
11;2025-11-24;14;1888
11;2025-11-24;15;1990
11;2025-11-24;16;2223
11;2025-11-24;17;2737
11;2025-11-24;18;2967
11;2025-11-24;19;2256
11;2025-11-24;20;1460
11;2025-11-24;21;858
11;2025-11-24;22;426
11;2025-11-24;23;213
11;2025-11-25;0;61
11;2025-11-25;1;2
11;2025-11-25;2;0
11;2025-11-25;3;0
11;2025-11-25;4;1
11;2025-11-25;5;296
11;2025-11-25;6;1339
11;2025-11-25;7;2439
11;2025-11-25;8;3202
11;2025-11-25;9;2418
11;2025-11-25;10;1910
11;2025-11-25;11;1871
11;2025-11-25;12;1882
11;2025-11-25;13;1936
11;2025-11-25;14;1962
11;2025-11-25;15;2053
11;2025-11-25;16;2291
11;2025-11-25;17;2805
11;2025-11-25;18;3012
11;2025-11-25;19;2320
11;2025-11-25;20;1515
11;2025-11-25;21;894
11;2025-11-25;22;443
11;2025-11-25;23;230
11;2025-11-26;0;61
11;2025-11-26;1;1
11;2025-11-26;2;0
11;2025-11-26;3;0
11;2025-11-26;4;1
11;2025-11-26;5;295
11;2025-11-26;6;1307
11;2025-11-26;7;2393
11;2025-11-26;8;3144
11;2025-11-26;9;2349
11;2025-11-26;10;1888
11;2025-11-26;11;1856
11;2025-11-26;12;1897
11;2025-11-26;13;1933
11;2025-11-26;14;1948
11;2025-11-26;15;2042
11;2025-11-26;16;2229
11;2025-11-26;17;2750
11;2025-11-26;18;2967
11;2025-11-26;19;2291
11;2025-11-26;20;1487
11;2025-11-26;21;892
11;2025-11-26;22;445
11;2025-11-26;23;241
11;2025-11-27;0;63
11;2025-11-27;1;2
11;2025-11-27;2;0
11;2025-11-27;3;0
11;2025-11-27;4;0
11;2025-11-27;5;297
11;2025-11-27;6;1338
11;2025-11-27;7;2407
11;2025-11-27;8;3120
11;2025-11-27;9;2424
11;2025-11-27;10;1944
11;2025-11-27;11;1889
11;2025-11-27;12;1923
11;2025-11-27;13;1976
11;2025-11-27;14;1987
11;2025-11-27;15;2085
11;2025-11-27;16;2286
11;2025-11-27;17;2786
11;2025-11-27;18;2993
11;2025-11-27;19;2306
11;2025-11-27;20;1494
11;2025-11-27;21;914
11;2025-11-27;22;457
11;2025-11-27;23;251
11;2025-11-28;0;67
11;2025-11-28;1;2
11;2025-11-28;2;0
11;2025-11-28;3;0
11;2025-11-28;4;1
11;2025-11-28;5;294
11;2025-11-28;6;1319
11;2025-11-28;7;2325
11;2025-11-28;8;3010
11;2025-11-28;9;2306
11;2025-11-28;10;1891
11;2025-11-28;11;1869
11;2025-11-28;12;1901
11;2025-11-28;13;1955
11;2025-11-28;14;2006
11;2025-11-28;15;2158
11;2025-11-28;16;2358
11;2025-11-28;17;2759
11;2025-11-28;18;2573
11;2025-11-28;19;2113
11;2025-11-28;20;1438
11;2025-11-28;21;890
11;2025-11-28;22;456
11;2025-11-28;23;274
11;2025-11-29;0;95
11;2025-11-29;1;7
11;2025-11-29;2;0
11;2025-11-29;3;1
11;2025-11-29;4;2
11;2025-11-29;5;194
11;2025-11-29;6;737
11;2025-11-29;7;782
11;2025-11-29;8;1006
11;2025-11-29;9;1192
11;2025-11-29;10;1374
11;2025-11-29;11;1614
11;2025-11-29;12;1757
11;2025-11-29;13;1744
11;2025-11-29;14;1760
11;2025-11-29;15;1762
11;2025-11-29;16;1751
11;2025-11-29;17;1798
11;2025-11-29;18;1619
11;2025-11-29;19;1459
11;2025-11-29;20;1095
11;2025-11-29;21;771
11;2025-11-29;22;459
11;2025-11-29;23;314
11;2025-11-30;0;99
11;2025-11-30;1;13
11;2025-11-30;2;1
11;2025-11-30;3;1
11;2025-11-30;4;0
11;2025-11-30;5;122
11;2025-11-30;6;514
11;2025-11-30;7;544
11;2025-11-30;8;716
11;2025-11-30;9;931
11;2025-11-30;10;1108
11;2025-11-30;11;1378
11;2025-11-30;12;1497
11;2025-11-30;13;1519
11;2025-11-30;14;1535
11;2025-11-30;15;1568
11;2025-11-30;16;1523
11;2025-11-30;17;1557
11;2025-11-30;18;1378
11;2025-11-30;19;1177
11;2025-11-30;20;894
11;2025-11-30;21;640
11;2025-11-30;22;375
11;2025-11-30;23;249
11;2025-12-01;0;68
11;2025-12-01;1;4
11;2025-12-01;2;0
11;2025-12-01;3;0
11;2025-12-01;4;0
11;2025-12-01;5;300
11;2025-12-01;6;1308
11;2025-12-01;7;2278
11;2025-12-01;8;2950
11;2025-12-01;9;2272
11;2025-12-01;10;1800
11;2025-12-01;11;1767
11;2025-12-01;12;1754
11;2025-12-01;13;1820
11;2025-12-01;14;1831
11;2025-12-01;15;1938
11;2025-12-01;16;2166
11;2025-12-01;17;2671
11;2025-12-01;18;2913
11;2025-12-01;19;2257
11;2025-12-01;20;1470
11;2025-12-01;21;864
11;2025-12-01;22;437
11;2025-12-01;23;216
11;2025-12-02;0;62
11;2025-12-02;1;2
11;2025-12-02;2;0
11;2025-12-02;3;0
11;2025-12-02;4;0
11;2025-12-02;5;299
11;2025-12-02;6;1331
11;2025-12-02;7;2365
11;2025-12-02;8;3078
11;2025-12-02;9;2375
11;2025-12-02;10;1874
11;2025-12-02;11;1839
11;2025-12-02;12;1843
11;2025-12-02;13;1899
11;2025-12-02;14;1911
11;2025-12-02;15;2005
11;2025-12-02;16;2238
11;2025-12-02;17;2737
11;2025-12-02;18;2957
11;2025-12-02;19;2301
11;2025-12-02;20;1512
11;2025-12-02;21;895
11;2025-12-02;22;449
11;2025-12-02;23;231
11;2025-12-03;0;62
11;2025-12-03;1;2
11;2025-12-03;2;0
11;2025-12-03;3;0
11;2025-12-03;4;0
11;2025-12-03;5;302
11;2025-12-03;6;1300
11;2025-12-03;7;2329
11;2025-12-03;8;3036
11;2025-12-03;9;2315
11;2025-12-03;10;1859
11;2025-12-03;11;1827
11;2025-12-03;12;1863
11;2025-12-03;13;1900
11;2025-12-03;14;1902
11;2025-12-03;15;1996
11;2025-12-03;16;2185
11;2025-12-03;17;2700
11;2025-12-03;18;2925
11;2025-12-03;19;2282
11;2025-12-03;20;1495
11;2025-12-03;21;900
11;2025-12-03;22;453
11;2025-12-03;23;240
11;2025-12-04;0;65
11;2025-12-04;1;2
11;2025-12-04;2;0
11;2025-12-04;3;0
11;2025-12-04;4;1
11;2025-12-04;5;306
11;2025-12-04;6;1338
11;2025-12-04;7;2352
11;2025-12-04;8;3026
11;2025-12-04;9;2407
11;2025-12-04;10;1930
11;2025-12-04;11;1879
11;2025-12-04;12;1908
11;2025-12-04;13;1962
11;2025-12-04;14;1960
11;2025-12-04;15;2059
11;2025-12-04;16;2262
11;2025-12-04;17;2752
11;2025-12-04;18;2984
11;2025-12-04;19;2308
11;2025-12-04;20;1518
11;2025-12-04;21;935
11;2025-12-04;22;475
11;2025-12-04;23;255
11;2025-12-05;0;69
11;2025-12-05;1;3
11;2025-12-05;2;0
11;2025-12-05;3;0
11;2025-12-05;4;1
11;2025-12-05;5;302
11;2025-12-05;6;1318
11;2025-12-05;7;2268
11;2025-12-05;8;2918
11;2025-12-05;9;2287
11;2025-12-05;10;1876
11;2025-12-05;11;1856
11;2025-12-05;12;1885
11;2025-12-05;13;1939
11;2025-12-05;14;1987
11;2025-12-05;15;2139
11;2025-12-05;16;2341
11;2025-12-05;17;2737
11;2025-12-05;18;2577
11;2025-12-05;19;2129
11;2025-12-05;20;1464
11;2025-12-05;21;913
11;2025-12-05;22;479
11;2025-12-05;23;275
11;2025-12-06;0;94
11;2025-12-06;1;5
11;2025-12-06;2;0
11;2025-12-06;3;0
11;2025-12-06;4;2
11;2025-12-06;5;193
11;2025-12-06;6;700
11;2025-12-06;7;738
11;2025-12-06;8;935
11;2025-12-06;9;1131
11;2025-12-06;10;1311
11;2025-12-06;11;1553
11;2025-12-06;12;1698
11;2025-12-06;13;1684
11;2025-12-06;14;1705
11;2025-12-06;15;1706
11;2025-12-06;16;1690
11;2025-12-06;17;1742
11;2025-12-06;18;1585
11;2025-12-06;19;1440
11;2025-12-06;20;1093
11;2025-12-06;21;771
11;2025-12-06;22;463
11;2025-12-06;23;307
11;2025-12-07;0;96
11;2025-12-07;1;10
11;2025-12-07;2;0
11;2025-12-07;3;0
11;2025-12-07;4;0
11;2025-12-07;5;125
11;2025-12-07;6;484
11;2025-12-07;7;515
11;2025-12-07;8;670
11;2025-12-07;9;887
11;2025-12-07;10;1066
11;2025-12-07;11;1330
11;2025-12-07;12;1457
11;2025-12-07;13;1479
11;2025-12-07;14;1499
11;2025-12-07;15;1532
11;2025-12-07;16;1485
11;2025-12-07;17;1515
11;2025-12-07;18;1355
11;2025-12-07;19;1167
11;2025-12-07;20;897
11;2025-12-07;21;641
11;2025-12-07;22;375
11;2025-12-07;23;236
11;2025-12-08;0;68
11;2025-12-08;1;4
11;2025-12-08;2;0
11;2025-12-08;3;0
11;2025-12-08;4;1
11;2025-12-08;5;301
11;2025-12-08;6;1313
11;2025-12-08;7;2290
11;2025-12-08;8;2974
11;2025-12-08;9;2292
11;2025-12-08;10;1823
11;2025-12-08;11;1788
11;2025-12-08;12;1775
11;2025-12-08;13;1839
11;2025-12-08;14;1854
11;2025-12-08;15;1958
11;2025-12-08;16;2188
11;2025-12-08;17;2692
11;2025-12-08;18;2926
11;2025-12-08;19;2265
11;2025-12-08;20;1477
11;2025-12-08;21;869
11;2025-12-08;22;442
11;2025-12-08;23;215
11;2025-12-09;0;60
11;2025-12-09;1;0
11;2025-12-09;2;0
11;2025-12-09;3;0
11;2025-12-09;4;0
11;2025-12-09;5;299
11;2025-12-09;6;1336
11;2025-12-09;7;2367
11;2025-12-09;8;3088
11;2025-12-09;9;2391
11;2025-12-09;10;1889
11;2025-12-09;11;1848
11;2025-12-09;12;1853
11;2025-12-09;13;1908
11;2025-12-09;14;1921
11;2025-12-09;15;2015
11;2025-12-09;16;2251
11;2025-12-09;17;2751
11;2025-12-09;18;2955
11;2025-12-09;19;2304
11;2025-12-09;20;1515
11;2025-12-09;21;892
11;2025-12-09;22;445
11;2025-12-09;23;218
11;2025-12-10;0;62
11;2025-12-10;1;2
11;2025-12-10;2;0
11;2025-12-10;3;0
11;2025-12-10;4;0
11;2025-12-10;5;301
11;2025-12-10;6;1307
11;2025-12-10;7;2351
11;2025-12-10;8;3065
11;2025-12-10;9;2338
11;2025-12-10;10;1879
11;2025-12-10;11;1849
11;2025-12-10;12;1885
11;2025-12-10;13;1922
11;2025-12-10;14;1924
11;2025-12-10;15;2018
11;2025-12-10;16;2209
11;2025-12-10;17;2726
11;2025-12-10;18;2951
11;2025-12-10;19;2295
11;2025-12-10;20;1506
11;2025-12-10;21;904
11;2025-12-10;22;458
11;2025-12-10;23;238
11;2025-12-11;0;65
11;2025-12-11;1;2
11;2025-12-11;2;0
11;2025-12-11;3;0
11;2025-12-11;4;1
11;2025-12-11;5;306
11;2025-12-11;6;1342
11;2025-12-11;7;2368
11;2025-12-11;8;3048
11;2025-12-11;9;2421
11;2025-12-11;10;1942
11;2025-12-11;11;1890
11;2025-12-11;12;1920
11;2025-12-11;13;1973
11;2025-12-11;14;1969
11;2025-12-11;15;2068
11;2025-12-11;16;2274
11;2025-12-11;17;2768
11;2025-12-11;18;3010
11;2025-12-11;19;2322
11;2025-12-11;20;1529
11;2025-12-11;21;938
11;2025-12-11;22;478
11;2025-12-11;23;252
11;2025-12-12;0;69
11;2025-12-12;1;3
11;2025-12-12;2;0
11;2025-12-12;3;0
11;2025-12-12;4;1
11;2025-12-12;5;303
11;2025-12-12;6;1319
11;2025-12-12;7;2280
11;2025-12-12;8;2938
11;2025-12-12;9;2299
11;2025-12-12;10;1887
11;2025-12-12;11;1867
11;2025-12-12;12;1896
11;2025-12-12;13;1949
11;2025-12-12;14;1996
11;2025-12-12;15;2149
11;2025-12-12;16;2356
11;2025-12-12;17;2753
11;2025-12-12;18;2585
11;2025-12-12;19;2135
11;2025-12-12;20;1469
11;2025-12-12;21;913
11;2025-12-12;22;478
11;2025-12-12;23;271
11;2025-12-13;0;94
11;2025-12-13;1;5
11;2025-12-13;2;0
11;2025-12-13;3;0
11;2025-12-13;4;1
11;2025-12-13;5;191
11;2025-12-13;6;698
11;2025-12-13;7;744
11;2025-12-13;8;943
11;2025-12-13;9;1142
11;2025-12-13;10;1324
11;2025-12-13;11;1566
11;2025-12-13;12;1710
11;2025-12-13;13;1699
11;2025-12-13;14;1720
11;2025-12-13;15;1722
11;2025-12-13;16;1711
11;2025-12-13;17;1762
11;2025-12-13;18;1595
11;2025-12-13;19;1449
11;2025-12-13;20;1102
11;2025-12-13;21;774
11;2025-12-13;22;464
11;2025-12-13;23;306
11;2025-12-14;0;96
11;2025-12-14;1;10
11;2025-12-14;2;0
11;2025-12-14;3;0
11;2025-12-14;4;0
11;2025-12-14;5;125
11;2025-12-14;6;487
11;2025-12-14;7;521
11;2025-12-14;8;677
11;2025-12-14;9;898
11;2025-12-14;10;1079
11;2025-12-14;11;1343
11;2025-12-14;12;1468
11;2025-12-14;13;1493
11;2025-12-14;14;1514
11;2025-12-14;15;1548
11;2025-12-14;16;1505
11;2025-12-14;17;1538
11;2025-12-14;18;1376
11;2025-12-14;19;1183
11;2025-12-14;20;909
11;2025-12-14;21;649
11;2025-12-14;22;382
11;2025-12-14;23;240
11;2025-12-15;0;67
11;2025-12-15;1;4
11;2025-12-15;2;0
11;2025-12-15;3;0
11;2025-12-15;4;1
11;2025-12-15;5;303
11;2025-12-15;6;1318
11;2025-12-15;7;2310
11;2025-12-15;8;2997
11;2025-12-15;9;2307
11;2025-12-15;10;1836
11;2025-12-15;11;1801
11;2025-12-15;12;1788
11;2025-12-15;13;1851
11;2025-12-15;14;1867
11;2025-12-15;15;1972
11;2025-12-15;16;2206
11;2025-12-15;17;2712
11;2025-12-15;18;2958
11;2025-12-15;19;2279
11;2025-12-15;20;1489
11;2025-12-15;21;874
11;2025-12-15;22;445
11;2025-12-15;23;214
11;2025-12-16;0;62
11;2025-12-16;1;2
11;2025-12-16;2;0
11;2025-12-16;3;0
11;2025-12-16;4;1
11;2025-12-16;5;307
11;2025-12-16;6;1344
11;2025-12-16;7;2398
11;2025-12-16;8;3120
11;2025-12-16;9;2411
11;2025-12-16;10;1907
11;2025-12-16;11;1871
11;2025-12-16;12;1876
11;2025-12-16;13;1930
11;2025-12-16;14;1945
11;2025-12-16;15;2038
11;2025-12-16;16;2274
11;2025-12-16;17;2776
11;2025-12-16;18;2998
11;2025-12-16;19;2326
11;2025-12-16;20;1533
11;2025-12-16;21;908
11;2025-12-16;22;460
11;2025-12-16;23;229
11;2025-12-17;0;62
11;2025-12-17;1;2
11;2025-12-17;2;0
11;2025-12-17;3;0
11;2025-12-17;4;0
11;2025-12-17;5;304
11;2025-12-17;6;1309
11;2025-12-17;7;2354
11;2025-12-17;8;3071
11;2025-12-17;9;2340
11;2025-12-17;10;1882
11;2025-12-17;11;1852
11;2025-12-17;12;1888
11;2025-12-17;13;1925
11;2025-12-17;14;1927
11;2025-12-17;15;2020
11;2025-12-17;16;2210
11;2025-12-17;17;2727
11;2025-12-17;18;2962
11;2025-12-17;19;2302
11;2025-12-17;20;1510
11;2025-12-17;21;908
11;2025-12-17;22;459
11;2025-12-17;23;238
11;2025-12-18;0;65
11;2025-12-18;1;2
11;2025-12-18;2;0
11;2025-12-18;3;0
11;2025-12-18;4;1
11;2025-12-18;5;308
11;2025-12-18;6;1345
11;2025-12-18;7;2379
11;2025-12-18;8;3062
11;2025-12-18;9;2430
11;2025-12-18;10;1952
11;2025-12-18;11;1901
11;2025-12-18;12;1930
11;2025-12-18;13;1983
11;2025-12-18;14;1980
11;2025-12-18;15;2080
11;2025-12-18;16;2285
11;2025-12-18;17;2779
11;2025-12-18;18;3020
11;2025-12-18;19;2329
11;2025-12-18;20;1534
11;2025-12-18;21;943
11;2025-12-18;22;483
11;2025-12-18;23;254
11;2025-12-19;0;69
11;2025-12-19;1;3
11;2025-12-19;2;0
11;2025-12-19;3;0
11;2025-12-19;4;1
11;2025-12-19;5;304
11;2025-12-19;6;1322
11;2025-12-19;7;2288
11;2025-12-19;8;2947
11;2025-12-19;9;2306
11;2025-12-19;10;1895
11;2025-12-19;11;1876
11;2025-12-19;12;1905
11;2025-12-19;13;1958
11;2025-12-19;14;2006
11;2025-12-19;15;2159
11;2025-12-19;16;2366
11;2025-12-19;17;2762
11;2025-12-19;18;2593
11;2025-12-19;19;2142
11;2025-12-19;20;1473
11;2025-12-19;21;917
11;2025-12-19;22;483
11;2025-12-19;23;273
11;2025-12-20;0;94
11;2025-12-20;1;5
11;2025-12-20;2;0
11;2025-12-20;3;0
11;2025-12-20;4;1
11;2025-12-20;5;193
11;2025-12-20;6;705
11;2025-12-20;7;756
11;2025-12-20;8;959
11;2025-12-20;9;1160
11;2025-12-20;10;1342
11;2025-12-20;11;1588
11;2025-12-20;12;1733
11;2025-12-20;13;1722
11;2025-12-20;14;1744
11;2025-12-20;15;1746
11;2025-12-20;16;1733
11;2025-12-20;17;1783
11;2025-12-20;18;1616
11;2025-12-20;19;1465
11;2025-12-20;20;1113
11;2025-12-20;21;784
11;2025-12-20;22;474
11;2025-12-20;23;314
11;2025-12-21;0;97
11;2025-12-21;1;10
11;2025-12-21;2;0
11;2025-12-21;3;0
11;2025-12-21;4;0
11;2025-12-21;5;126
11;2025-12-21;6;490
11;2025-12-21;7;527
11;2025-12-21;8;685
11;2025-12-21;9;909
11;2025-12-21;10;1091
11;2025-12-21;11;1357
11;2025-12-21;12;1483
11;2025-12-21;13;1507
11;2025-12-21;14;1528
11;2025-12-21;15;1563
11;2025-12-21;16;1520
11;2025-12-21;17;1555
11;2025-12-21;18;1391
11;2025-12-21;19;1195
11;2025-12-21;20;917
11;2025-12-21;21;656
11;2025-12-21;22;388
11;2025-12-21;23;243
11;2025-12-22;0;68
11;2025-12-22;1;4
11;2025-12-22;2;0
11;2025-12-22;3;0
11;2025-12-22;4;0
11;2025-12-22;5;302
11;2025-12-22;6;1320
11;2025-12-22;7;2311
11;2025-12-22;8;2996
11;2025-12-22;9;2309
11;2025-12-22;10;1839
11;2025-12-22;11;1804
11;2025-12-22;12;1791
11;2025-12-22;13;1856
11;2025-12-22;14;1871
11;2025-12-22;15;1976
11;2025-12-22;16;2209
11;2025-12-22;17;2718
11;2025-12-22;18;2962
11;2025-12-22;19;2285
11;2025-12-22;20;1491
11;2025-12-22;21;875
11;2025-12-22;22;445
11;2025-12-22;23;214
11;2025-12-23;0;62
11;2025-12-23;1;2
11;2025-12-23;2;0
11;2025-12-23;3;0
11;2025-12-23;4;0
11;2025-12-23;5;304
11;2025-12-23;6;1344
11;2025-12-23;7;2391
11;2025-12-23;8;3113
11;2025-12-23;9;2401
11;2025-12-23;10;1898
11;2025-12-23;11;1862
11;2025-12-23;12;1868
11;2025-12-23;13;1922
11;2025-12-23;14;1936
11;2025-12-23;15;2027
11;2025-12-23;16;2269
11;2025-12-23;17;2774
11;2025-12-23;18;2997
11;2025-12-23;19;2328
11;2025-12-23;20;1535
11;2025-12-23;21;906
11;2025-12-23;22;458
11;2025-12-23;23;229
11;2025-12-24;0;63
11;2025-12-24;1;2
11;2025-12-24;2;0
11;2025-12-24;3;0
11;2025-12-24;4;0
11;2025-12-24;5;303
11;2025-12-24;6;1314
11;2025-12-24;7;2350
11;2025-12-24;8;3065
11;2025-12-24;9;2339
11;2025-12-24;10;1882
11;2025-12-24;11;1852
11;2025-12-24;12;1889
11;2025-12-24;13;1926
11;2025-12-24;14;1928
11;2025-12-24;15;2021
11;2025-12-24;16;2216
11;2025-12-24;17;2739
11;2025-12-24;18;2971
11;2025-12-24;19;2315
11;2025-12-24;20;1521
11;2025-12-24;21;911
11;2025-12-24;22;462
11;2025-12-24;23;243
11;2025-12-25;0;65
11;2025-12-25;1;2
11;2025-12-25;2;0
11;2025-12-25;3;0
11;2025-12-25;4;1
11;2025-12-25;5;307
11;2025-12-25;6;1349
11;2025-12-25;7;2373
11;2025-12-25;8;3055
11;2025-12-25;9;2430
11;2025-12-25;10;1952
11;2025-12-25;11;1902
11;2025-12-25;12;1932
11;2025-12-25;13;1985
11;2025-12-25;14;1982
11;2025-12-25;15;2079
11;2025-12-25;16;2289
11;2025-12-25;17;2790
11;2025-12-25;18;3030
11;2025-12-25;19;2337
11;2025-12-25;20;1541
11;2025-12-25;21;945
11;2025-12-25;22;483
11;2025-12-25;23;256
11;2025-12-26;0;69
11;2025-12-26;1;3
11;2025-12-26;2;0
11;2025-12-26;3;0
11;2025-12-26;4;2
11;2025-12-26;5;303
11;2025-12-26;6;1328
11;2025-12-26;7;2282
11;2025-12-26;8;2948
11;2025-12-26;9;2307
11;2025-12-26;10;1898
11;2025-12-26;11;1879
11;2025-12-26;12;1909
11;2025-12-26;13;1962
11;2025-12-26;14;2010
11;2025-12-26;15;2164
11;2025-12-26;16;2369
11;2025-12-26;17;2768
11;2025-12-26;18;2604
11;2025-12-26;19;2147
11;2025-12-26;20;1479
11;2025-12-26;21;924
11;2025-12-26;22;488
11;2025-12-26;23;279
11;2025-12-27;0;94
11;2025-12-27;1;6
11;2025-12-27;2;0
11;2025-12-27;3;0
11;2025-12-27;4;2
11;2025-12-27;5;194
11;2025-12-27;6;704
11;2025-12-27;7;751
11;2025-12-27;8;952
11;2025-12-27;9;1157
11;2025-12-27;10;1337
11;2025-12-27;11;1583
11;2025-12-27;12;1728
11;2025-12-27;13;1715
11;2025-12-27;14;1736
11;2025-12-27;15;1739
11;2025-12-27;16;1724
11;2025-12-27;17;1777
11;2025-12-27;18;1617
11;2025-12-27;19;1465
11;2025-12-27;20;1113
11;2025-12-27;21;788
11;2025-12-27;22;477
11;2025-12-27;23;318
11;2025-12-28;0;97
11;2025-12-28;1;10
11;2025-12-28;2;0
11;2025-12-28;3;0
11;2025-12-28;4;0
11;2025-12-28;5;127
11;2025-12-28;6;490
11;2025-12-28;7;523
11;2025-12-28;8;682
11;2025-12-28;9;901
11;2025-12-28;10;1081
11;2025-12-28;11;1348
11;2025-12-28;12;1473
11;2025-12-28;13;1495
11;2025-12-28;14;1516
11;2025-12-28;15;1550
11;2025-12-28;16;1503
11;2025-12-28;17;1538
11;2025-12-28;18;1378
11;2025-12-28;19;1187
11;2025-12-28;20;911
11;2025-12-28;21;654
11;2025-12-28;22;387
11;2025-12-28;23;247
11;2025-12-29;0;64
11;2025-12-29;1;3
11;2025-12-29;2;0
11;2025-12-29;3;0
11;2025-12-29;4;0
11;2025-12-29;5;287
11;2025-12-29;6;1247
11;2025-12-29;7;2175
11;2025-12-29;8;2823
11;2025-12-29;9;2174
11;2025-12-29;10;1731
11;2025-12-29;11;1697
11;2025-12-29;12;1684
11;2025-12-29;13;1746
11;2025-12-29;14;1759
11;2025-12-29;15;1858
11;2025-12-29;16;2077
11;2025-12-29;17;2559
11;2025-12-29;18;2786
11;2025-12-29;19;2152
11;2025-12-29;20;1402
11;2025-12-29;21;824
11;2025-12-29;22;418
11;2025-12-29;23;206
11;2025-12-30;0;57
11;2025-12-30;1;2
11;2025-12-30;2;0
11;2025-12-30;3;0
11;2025-12-30;4;0
11;2025-12-30;5;280
11;2025-12-30;6;1230
11;2025-12-30;7;2185
11;2025-12-30;8;2845
11;2025-12-30;9;2197
11;2025-12-30;10;1737
11;2025-12-30;11;1703
11;2025-12-30;12;1708
11;2025-12-30;13;1758
11;2025-12-30;14;1770
11;2025-12-30;15;1856
11;2025-12-30;16;2071
11;2025-12-30;17;2531
11;2025-12-30;18;2730
11;2025-12-30;19;2124
11;2025-12-30;20;1397
11;2025-12-30;21;829
11;2025-12-30;22;418
11;2025-12-30;23;214
11;2025-12-31;0;62
11;2025-12-31;1;4
11;2025-12-31;2;1
11;2025-12-31;3;1
11;2025-12-31;4;1
11;2025-12-31;5;179
11;2025-12-31;6;686
11;2025-12-31;7;915
11;2025-12-31;8;1216
11;2025-12-31;9;1140
11;2025-12-31;10;1099
11;2025-12-31;11;1224
11;2025-12-31;12;1241
11;2025-12-31;13;1275
11;2025-12-31;14;1285
11;2025-12-31;15;1305
11;2025-12-31;16;1347
11;2025-12-31;17;1444
11;2025-12-31;18;1183
11;2025-12-31;19;999
11;2025-12-31;20;745
11;2025-12-31;21;500
11;2025-12-31;22;268
11;2025-12-31;23;206
12;2025-11-01;0;165
12;2025-11-01;1;52
12;2025-11-01;2;36
12;2025-11-01;3;36
12;2025-11-01;4;59
12;2025-11-01;5;464
12;2025-11-01;6;1404
12;2025-11-01;7;2061
12;2025-11-01;8;2398
12;2025-11-01;9;2179
12;2025-11-01;10;2098
12;2025-11-01;11;2171
12;2025-11-01;12;2159
12;2025-11-01;13;2261
12;2025-11-01;14;2217
12;2025-11-01;15;2335
12;2025-11-01;16;2508
12;2025-11-01;17;2573
12;2025-11-01;18;2565
12;2025-11-01;19;2102
12;2025-11-01;20;1667
12;2025-11-01;21;1267
12;2025-11-01;22;779
12;2025-11-01;23;543
12;2025-11-02;0;85
12;2025-11-02;1;6
12;2025-11-02;2;0
12;2025-11-02;3;0
12;2025-11-02;4;3
12;2025-11-02;5;171
12;2025-11-02;6;536
12;2025-11-02;7;670
12;2025-11-02;8;782
12;2025-11-02;9;946
12;2025-11-02;10;1103
12;2025-11-02;11;1250
12;2025-11-02;12;1327
12;2025-11-02;13;1462
12;2025-11-02;14;1395
12;2025-11-02;15;1368
12;2025-11-02;16;1399
12;2025-11-02;17;1398
12;2025-11-02;18;1262
12;2025-11-02;19;1060
12;2025-11-02;20;812
12;2025-11-02;21;595
12;2025-11-02;22;370
12;2025-11-02;23;221
12;2025-11-03;0;72
12;2025-11-03;1;6
12;2025-11-03;2;1
12;2025-11-03;3;1
12;2025-11-03;4;1
12;2025-11-03;5;242
12;2025-11-03;6;834
12;2025-11-03;7;1215
12;2025-11-03;8;1486
12;2025-11-03;9;1284
12;2025-11-03;10;1235
12;2025-11-03;11;1300
12;2025-11-03;12;1364
12;2025-11-03;13;1447
12;2025-11-03;14;1416
12;2025-11-03;15;1465
12;2025-11-03;16;1585
12;2025-11-03;17;1692
12;2025-11-03;18;1714
12;2025-11-03;19;1428
12;2025-11-03;20;1031
12;2025-11-03;21;669
12;2025-11-03;22;389
12;2025-11-03;23;233
12;2025-11-04;0;70
12;2025-11-04;1;8
12;2025-11-04;2;2
12;2025-11-04;3;2
12;2025-11-04;4;1
12;2025-11-04;5;131
12;2025-11-04;6;643
12;2025-11-04;7;960
12;2025-11-04;8;1205
12;2025-11-04;9;1024
12;2025-11-04;10;998
12;2025-11-04;11;1058
12;2025-11-04;12;1172
12;2025-11-04;13;1308
12;2025-11-04;14;1252
12;2025-11-04;15;1248
12;2025-11-04;16;1440
12;2025-11-04;17;1451
12;2025-11-04;18;1512
12;2025-11-04;19;1252
12;2025-11-04;20;851
12;2025-11-04;21;632
12;2025-11-04;22;343
12;2025-11-04;23;193
12;2025-11-05;0;55
12;2025-11-05;1;1
12;2025-11-05;2;0
12;2025-11-05;3;0
12;2025-11-05;4;8
12;2025-11-05;5;369
12;2025-11-05;6;1469
12;2025-11-05;7;2674
12;2025-11-05;8;3436
12;2025-11-05;9;2504
12;2025-11-05;10;2066
12;2025-11-05;11;1982
12;2025-11-05;12;2013
12;2025-11-05;13;2010
12;2025-11-05;14;2032
12;2025-11-05;15;2206
12;2025-11-05;16;2616
12;2025-11-05;17;2962
12;2025-11-05;18;3140
12;2025-11-05;19;2441
12;2025-11-05;20;1567
12;2025-11-05;21;1004
12;2025-11-05;22;516
12;2025-11-05;23;265
12;2025-11-06;0;54
12;2025-11-06;1;2
12;2025-11-06;2;0
12;2025-11-06;3;0
12;2025-11-06;4;7
12;2025-11-06;5;363
12;2025-11-06;6;1437
12;2025-11-06;7;2659
12;2025-11-06;8;3402
12;2025-11-06;9;2475
12;2025-11-06;10;2043
12;2025-11-06;11;1984
12;2025-11-06;12;2001
12;2025-11-06;13;2009
12;2025-11-06;14;2033
12;2025-11-06;15;2230
12;2025-11-06;16;2622
12;2025-11-06;17;2980
12;2025-11-06;18;3135
12;2025-11-06;19;2433
12;2025-11-06;20;1585
12;2025-11-06;21;992
12;2025-11-06;22;517
12;2025-11-06;23;273
12;2025-11-07;0;58
12;2025-11-07;1;2
12;2025-11-07;2;0
12;2025-11-07;3;0
12;2025-11-07;4;7
12;2025-11-07;5;350
12;2025-11-07;6;1421
12;2025-11-07;7;2563
12;2025-11-07;8;3260
12;2025-11-07;9;2377
12;2025-11-07;10;1981
12;2025-11-07;11;1955
12;2025-11-07;12;1956
12;2025-11-07;13;1989
12;2025-11-07;14;2041
12;2025-11-07;15;2261
12;2025-11-07;16;2653
12;2025-11-07;17;2878
12;2025-11-07;18;2670
12;2025-11-07;19;2233
12;2025-11-07;20;1502
12;2025-11-07;21;988
12;2025-11-07;22;519
12;2025-11-07;23;291
12;2025-11-08;0;82
12;2025-11-08;1;4
12;2025-11-08;2;0
12;2025-11-08;3;0
12;2025-11-08;4;7
12;2025-11-08;5;237
12;2025-11-08;6;766
12;2025-11-08;7;926
12;2025-11-08;8;1041
12;2025-11-08;9;1189
12;2025-11-08;10;1359
12;2025-11-08;11;1453
12;2025-11-08;12;1510
12;2025-11-08;13;1643
12;2025-11-08;14;1601
12;2025-11-08;15;1547
12;2025-11-08;16;1573
12;2025-11-08;17;1564
12;2025-11-08;18;1506
12;2025-11-08;19;1356
12;2025-11-08;20;1007
12;2025-11-08;21;705
12;2025-11-08;22;437
12;2025-11-08;23;280
12;2025-11-09;0;84
12;2025-11-09;1;6
12;2025-11-09;2;0
12;2025-11-09;3;0
12;2025-11-09;4;2
12;2025-11-09;5;172
12;2025-11-09;6;543
12;2025-11-09;7;671
12;2025-11-09;8;786
12;2025-11-09;9;956
12;2025-11-09;10;1117
12;2025-11-09;11;1263
12;2025-11-09;12;1344
12;2025-11-09;13;1479
12;2025-11-09;14;1424
12;2025-11-09;15;1396
12;2025-11-09;16;1419
12;2025-11-09;17;1417
12;2025-11-09;18;1282
12;2025-11-09;19;1069
12;2025-11-09;20;820
12;2025-11-09;21;598
12;2025-11-09;22;374
12;2025-11-09;23;220
12;2025-11-10;0;59
12;2025-11-10;1;3
12;2025-11-10;2;0
12;2025-11-10;3;0
12;2025-11-10;4;4
12;2025-11-10;5;355
12;2025-11-10;6;1428
12;2025-11-10;7;2617
12;2025-11-10;8;3384
12;2025-11-10;9;2408
12;2025-11-10;10;1988
12;2025-11-10;11;1920
12;2025-11-10;12;1958
12;2025-11-10;13;1958
12;2025-11-10;14;1964
12;2025-11-10;15;2150
12;2025-11-10;16;2554
12;2025-11-10;17;2932
12;2025-11-10;18;3112
12;2025-11-10;19;2391
12;2025-11-10;20;1548
12;2025-11-10;21;955
12;2025-11-10;22;486
12;2025-11-10;23;240
12;2025-11-11;0;52
12;2025-11-11;1;1
12;2025-11-11;2;0
12;2025-11-11;3;0
12;2025-11-11;4;7
12;2025-11-11;5;373
12;2025-11-11;6;1468
12;2025-11-11;7;2732
12;2025-11-11;8;3518
12;2025-11-11;9;2534
12;2025-11-11;10;2084
12;2025-11-11;11;2022
12;2025-11-11;12;2020
12;2025-11-11;13;2037
12;2025-11-11;14;2031
12;2025-11-11;15;2234
12;2025-11-11;16;2646
12;2025-11-11;17;3026
12;2025-11-11;18;3201
12;2025-11-11;19;2482
12;2025-11-11;20;1587
12;2025-11-11;21;991
12;2025-11-11;22;515
12;2025-11-11;23;253
12;2025-11-12;0;55
12;2025-11-12;1;1
12;2025-11-12;2;0
12;2025-11-12;3;0
12;2025-11-12;4;7
12;2025-11-12;5;370
12;2025-11-12;6;1469
12;2025-11-12;7;2690
12;2025-11-12;8;3458
12;2025-11-12;9;2517
12;2025-11-12;10;2075
12;2025-11-12;11;1991
12;2025-11-12;12;2022
12;2025-11-12;13;2019
12;2025-11-12;14;2043
12;2025-11-12;15;2222
12;2025-11-12;16;2636
12;2025-11-12;17;2982
12;2025-11-12;18;3163
12;2025-11-12;19;2454
12;2025-11-12;20;1578
12;2025-11-12;21;1011
12;2025-11-12;22;518
12;2025-11-12;23;263
12;2025-11-13;0;54
12;2025-11-13;1;2
12;2025-11-13;2;0
12;2025-11-13;3;0
12;2025-11-13;4;6
12;2025-11-13;5;365
12;2025-11-13;6;1437
12;2025-11-13;7;2679
12;2025-11-13;8;3428
12;2025-11-13;9;2481
12;2025-11-13;10;2046
12;2025-11-13;11;1987
12;2025-11-13;12;2003
12;2025-11-13;13;2013
12;2025-11-13;14;2040
12;2025-11-13;15;2243
12;2025-11-13;16;2641
12;2025-11-13;17;2997
12;2025-11-13;18;3153
12;2025-11-13;19;2445
12;2025-11-13;20;1597
12;2025-11-13;21;999
12;2025-11-13;22;518
12;2025-11-13;23;270
12;2025-11-14;0;58
12;2025-11-14;1;2
12;2025-11-14;2;0
12;2025-11-14;3;0
12;2025-11-14;4;6
12;2025-11-14;5;353
12;2025-11-14;6;1419
12;2025-11-14;7;2581
12;2025-11-14;8;3285
12;2025-11-14;9;2383
12;2025-11-14;10;1987
12;2025-11-14;11;1961
12;2025-11-14;12;1960
12;2025-11-14;13;1995
12;2025-11-14;14;2050
12;2025-11-14;15;2274
12;2025-11-14;16;2672
12;2025-11-14;17;2895
12;2025-11-14;18;2683
12;2025-11-14;19;2245
12;2025-11-14;20;1513
12;2025-11-14;21;995
12;2025-11-14;22;521
12;2025-11-14;23;289
12;2025-11-15;0;82
12;2025-11-15;1;4
12;2025-11-15;2;0
12;2025-11-15;3;0
12;2025-11-15;4;6
12;2025-11-15;5;243
12;2025-11-15;6;769
12;2025-11-15;7;947
12;2025-11-15;8;1064
12;2025-11-15;9;1205
12;2025-11-15;10;1374
12;2025-11-15;11;1471
12;2025-11-15;12;1523
12;2025-11-15;13;1658
12;2025-11-15;14;1615
12;2025-11-15;15;1562
12;2025-11-15;16;1591
12;2025-11-15;17;1582
12;2025-11-15;18;1516
12;2025-11-15;19;1368
12;2025-11-15;20;1015
12;2025-11-15;21;708
12;2025-11-15;22;438
12;2025-11-15;23;284
12;2025-11-16;0;84
12;2025-11-16;1;6
12;2025-11-16;2;0
12;2025-11-16;3;0
12;2025-11-16;4;1
12;2025-11-16;5;174
12;2025-11-16;6;555
12;2025-11-16;7;695
12;2025-11-16;8;806
12;2025-11-16;9;975
12;2025-11-16;10;1135
12;2025-11-16;11;1285
12;2025-11-16;12;1364
12;2025-11-16;13;1499
12;2025-11-16;14;1435
12;2025-11-16;15;1413
12;2025-11-16;16;1443
12;2025-11-16;17;1436
12;2025-11-16;18;1296
12;2025-11-16;19;1083
12;2025-11-16;20;832
12;2025-11-16;21;604
12;2025-11-16;22;378
12;2025-11-16;23;225
12;2025-11-17;0;59
12;2025-11-17;1;3
12;2025-11-17;2;0
12;2025-11-17;3;0
12;2025-11-17;4;5
12;2025-11-17;5;358
12;2025-11-17;6;1429
12;2025-11-17;7;2622
12;2025-11-17;8;3385
12;2025-11-17;9;2403
12;2025-11-17;10;1982
12;2025-11-17;11;1914
12;2025-11-17;12;1951
12;2025-11-17;13;1950
12;2025-11-17;14;1954
12;2025-11-17;15;2148
12;2025-11-17;16;2555
12;2025-11-17;17;2933
12;2025-11-17;18;3108
12;2025-11-17;19;2393
12;2025-11-17;20;1546
12;2025-11-17;21;955
12;2025-11-17;22;480
12;2025-11-17;23;239
12;2025-11-18;0;52
12;2025-11-18;1;1
12;2025-11-18;2;0
12;2025-11-18;3;0
12;2025-11-18;4;7
12;2025-11-18;5;374
12;2025-11-18;6;1471
12;2025-11-18;7;2739
12;2025-11-18;8;3523
12;2025-11-18;9;2532
12;2025-11-18;10;2083
12;2025-11-18;11;2020
12;2025-11-18;12;2018
12;2025-11-18;13;2035
12;2025-11-18;14;2024
12;2025-11-18;15;2227
12;2025-11-18;16;2640
12;2025-11-18;17;3018
12;2025-11-18;18;3185
12;2025-11-18;19;2472
12;2025-11-18;20;1575
12;2025-11-18;21;983
12;2025-11-18;22;507
12;2025-11-18;23;252
12;2025-11-19;0;55
12;2025-11-19;1;1
12;2025-11-19;2;0
12;2025-11-19;3;0
12;2025-11-19;4;7
12;2025-11-19;5;372
12;2025-11-19;6;1473
12;2025-11-19;7;2698
12;2025-11-19;8;3464
12;2025-11-19;9;2520
12;2025-11-19;10;2080
12;2025-11-19;11;1996
12;2025-11-19;12;2027
12;2025-11-19;13;2023
12;2025-11-19;14;2042
12;2025-11-19;15;2221
12;2025-11-19;16;2635
12;2025-11-19;17;2981
12;2025-11-19;18;3155
12;2025-11-19;19;2450
12;2025-11-19;20;1572
12;2025-11-19;21;1007
12;2025-11-19;22;514
12;2025-11-19;23;262
12;2025-11-20;0;54
12;2025-11-20;1;1
12;2025-11-20;2;0
12;2025-11-20;3;0
12;2025-11-20;4;7
12;2025-11-20;5;368
12;2025-11-20;6;1442
12;2025-11-20;7;2681
12;2025-11-20;8;3429
12;2025-11-20;9;2484
12;2025-11-20;10;2052
12;2025-11-20;11;1992
12;2025-11-20;12;2009
12;2025-11-20;13;2016
12;2025-11-20;14;2036
12;2025-11-20;15;2239
12;2025-11-20;16;2637
12;2025-11-20;17;3003
12;2025-11-20;18;3152
12;2025-11-20;19;2446
12;2025-11-20;20;1593
12;2025-11-20;21;998
12;2025-11-20;22;517
12;2025-11-20;23;271
12;2025-11-21;0;59
12;2025-11-21;1;2
12;2025-11-21;2;0
12;2025-11-21;3;0
12;2025-11-21;4;7
12;2025-11-21;5;355
12;2025-11-21;6;1427
12;2025-11-21;7;2587
12;2025-11-21;8;3288
12;2025-11-21;9;2383
12;2025-11-21;10;1991
12;2025-11-21;11;1966
12;2025-11-21;12;1965
12;2025-11-21;13;1998
12;2025-11-21;14;2047
12;2025-11-21;15;2274
12;2025-11-21;16;2678
12;2025-11-21;17;2906
12;2025-11-21;18;2694
12;2025-11-21;19;2250
12;2025-11-21;20;1514
12;2025-11-21;21;997
12;2025-11-21;22;519
12;2025-11-21;23;290
12;2025-11-22;0;83
12;2025-11-22;1;4
12;2025-11-22;2;0
12;2025-11-22;3;0
12;2025-11-22;4;6
12;2025-11-22;5;241
12;2025-11-22;6;770
12;2025-11-22;7;949
12;2025-11-22;8;1067
12;2025-11-22;9;1208
12;2025-11-22;10;1378
12;2025-11-22;11;1474
12;2025-11-22;12;1526
12;2025-11-22;13;1659
12;2025-11-22;14;1612
12;2025-11-22;15;1562
12;2025-11-22;16;1591
12;2025-11-22;17;1586
12;2025-11-22;18;1518
12;2025-11-22;19;1371
12;2025-11-22;20;1018
12;2025-11-22;21;712
12;2025-11-22;22;440
12;2025-11-22;23;285
12;2025-11-23;0;84
12;2025-11-23;1;6
12;2025-11-23;2;0
12;2025-11-23;3;0
12;2025-11-23;4;3
12;2025-11-23;5;174
12;2025-11-23;6;544
12;2025-11-23;7;685
12;2025-11-23;8;798
12;2025-11-23;9;960
12;2025-11-23;10;1121
12;2025-11-23;11;1271
12;2025-11-23;12;1351
12;2025-11-23;13;1486
12;2025-11-23;14;1423
12;2025-11-23;15;1398
12;2025-11-23;16;1436
12;2025-11-23;17;1438
12;2025-11-23;18;1302
12;2025-11-23;19;1085
12;2025-11-23;20;830
12;2025-11-23;21;609
12;2025-11-23;22;381
12;2025-11-23;23;224
12;2025-11-24;0;59
12;2025-11-24;1;3
12;2025-11-24;2;0
12;2025-11-24;3;0
12;2025-11-24;4;6
12;2025-11-24;5;357
12;2025-11-24;6;1433
12;2025-11-24;7;2623
12;2025-11-24;8;3384
12;2025-11-24;9;2404
12;2025-11-24;10;1985
12;2025-11-24;11;1918
12;2025-11-24;12;1955
12;2025-11-24;13;1955
12;2025-11-24;14;1960
12;2025-11-24;15;2152
12;2025-11-24;16;2559
12;2025-11-24;17;2934
12;2025-11-24;18;3105
12;2025-11-24;19;2390
12;2025-11-24;20;1551
12;2025-11-24;21;959
12;2025-11-24;22;485
12;2025-11-24;23;246
12;2025-11-25;0;52
12;2025-11-25;1;1
12;2025-11-25;2;0
12;2025-11-25;3;0
12;2025-11-25;4;7
12;2025-11-25;5;373
12;2025-11-25;6;1472
12;2025-11-25;7;2728
12;2025-11-25;8;3509
12;2025-11-25;9;2525
12;2025-11-25;10;2079
12;2025-11-25;11;2016
12;2025-11-25;12;2015
12;2025-11-25;13;2033
12;2025-11-25;14;2024
12;2025-11-25;15;2226
12;2025-11-25;16;2638
12;2025-11-25;17;3018
12;2025-11-25;18;3176
12;2025-11-25;19;2472
12;2025-11-25;20;1578
12;2025-11-25;21;988
12;2025-11-25;22;514
12;2025-11-25;23;259
12;2025-11-26;0;55
12;2025-11-26;1;1
12;2025-11-26;2;0
12;2025-11-26;3;0
12;2025-11-26;4;8
12;2025-11-26;5;371
12;2025-11-26;6;1475
12;2025-11-26;7;2686
12;2025-11-26;8;3446
12;2025-11-26;9;2511
12;2025-11-26;10;2073
12;2025-11-26;11;1990
12;2025-11-26;12;2021
12;2025-11-26;13;2018
12;2025-11-26;14;2039
12;2025-11-26;15;2217
12;2025-11-26;16;2635
12;2025-11-26;17;2981
12;2025-11-26;18;3147
12;2025-11-26;19;2452
12;2025-11-26;20;1576
12;2025-11-26;21;1013
12;2025-11-26;22;520
12;2025-11-26;23;269
12;2025-11-27;0;54
12;2025-11-27;1;1
12;2025-11-27;2;0
12;2025-11-27;3;0
12;2025-11-27;4;6
12;2025-11-27;5;366
12;2025-11-27;6;1442
12;2025-11-27;7;2666
12;2025-11-27;8;3406
12;2025-11-27;9;2477
12;2025-11-27;10;2048
12;2025-11-27;11;1988
12;2025-11-27;12;2004
12;2025-11-27;13;2013
12;2025-11-27;14;2037
12;2025-11-27;15;2235
12;2025-11-27;16;2631
12;2025-11-27;17;2995
12;2025-11-27;18;3129
12;2025-11-27;19;2436
12;2025-11-27;20;1585
12;2025-11-27;21;993
12;2025-11-27;22;517
12;2025-11-27;23;273
12;2025-11-28;0;58
12;2025-11-28;1;2
12;2025-11-28;2;0
12;2025-11-28;3;0
12;2025-11-28;4;7
12;2025-11-28;5;351
12;2025-11-28;6;1421
12;2025-11-28;7;2569
12;2025-11-28;8;3261
12;2025-11-28;9;2376
12;2025-11-28;10;1984
12;2025-11-28;11;1959
12;2025-11-28;12;1957
12;2025-11-28;13;1991
12;2025-11-28;14;2039
12;2025-11-28;15;2258
12;2025-11-28;16;2654
12;2025-11-28;17;2884
12;2025-11-28;18;2664
12;2025-11-28;19;2231
12;2025-11-28;20;1497
12;2025-11-28;21;984
12;2025-11-28;22;515
12;2025-11-28;23;290
12;2025-11-29;0;83
12;2025-11-29;1;4
12;2025-11-29;2;0
12;2025-11-29;3;0
12;2025-11-29;4;6
12;2025-11-29;5;239
12;2025-11-29;6;765
12;2025-11-29;7;938
12;2025-11-29;8;1054
12;2025-11-29;9;1194
12;2025-11-29;10;1360
12;2025-11-29;11;1456
12;2025-11-29;12;1512
12;2025-11-29;13;1644
12;2025-11-29;14;1590
12;2025-11-29;15;1537
12;2025-11-29;16;1565
12;2025-11-29;17;1557
12;2025-11-29;18;1493
12;2025-11-29;19;1355
12;2025-11-29;20;999
12;2025-11-29;21;699
12;2025-11-29;22;431
12;2025-11-29;23;281
12;2025-11-30;0;85
12;2025-11-30;1;6
12;2025-11-30;2;0
12;2025-11-30;3;0
12;2025-11-30;4;2
12;2025-11-30;5;171
12;2025-11-30;6;537
12;2025-11-30;7;671
12;2025-11-30;8;783
12;2025-11-30;9;952
12;2025-11-30;10;1108
12;2025-11-30;11;1257
12;2025-11-30;12;1334
12;2025-11-30;13;1469
12;2025-11-30;14;1398
12;2025-11-30;15;1371
12;2025-11-30;16;1401
12;2025-11-30;17;1403
12;2025-11-30;18;1264
12;2025-11-30;19;1061
12;2025-11-30;20;812
12;2025-11-30;21;595
12;2025-11-30;22;371
12;2025-11-30;23;223
12;2025-12-01;0;60
12;2025-12-01;1;3
12;2025-12-01;2;0
12;2025-12-01;3;0
12;2025-12-01;4;4
12;2025-12-01;5;356
12;2025-12-01;6;1426
12;2025-12-01;7;2545
12;2025-12-01;8;3263
12;2025-12-01;9;2383
12;2025-12-01;10;1983
12;2025-12-01;11;1921
12;2025-12-01;12;1960
12;2025-12-01;13;1962
12;2025-12-01;14;1956
12;2025-12-01;15;2144
12;2025-12-01;16;2533
12;2025-12-01;17;2900
12;2025-12-01;18;3075
12;2025-12-01;19;2395
12;2025-12-01;20;1556
12;2025-12-01;21;962
12;2025-12-01;22;492
12;2025-12-01;23;243
12;2025-12-02;0;53
12;2025-12-02;1;2
12;2025-12-02;2;0
12;2025-12-02;3;0
12;2025-12-02;4;7
12;2025-12-02;5;369
12;2025-12-02;6;1464
12;2025-12-02;7;2656
12;2025-12-02;8;3398
12;2025-12-02;9;2509
12;2025-12-02;10;2083
12;2025-12-02;11;2025
12;2025-12-02;12;2024
12;2025-12-02;13;2043
12;2025-12-02;14;2026
12;2025-12-02;15;2222
12;2025-12-02;16;2618
12;2025-12-02;17;2986
12;2025-12-02;18;3149
12;2025-12-02;19;2471
12;2025-12-02;20;1583
12;2025-12-02;21;989
12;2025-12-02;22;519
12;2025-12-02;23;253
12;2025-12-03;0;56
12;2025-12-03;1;2
12;2025-12-03;2;0
12;2025-12-03;3;0
12;2025-12-03;4;7
12;2025-12-03;5;370
12;2025-12-03;6;1469
12;2025-12-03;7;2621
12;2025-12-03;8;3345
12;2025-12-03;9;2505
12;2025-12-03;10;2086
12;2025-12-03;11;2004
12;2025-12-03;12;2037
12;2025-12-03;13;2034
12;2025-12-03;14;2047
12;2025-12-03;15;2220
12;2025-12-03;16;2618
12;2025-12-03;17;2951
12;2025-12-03;18;3119
12;2025-12-03;19;2449
12;2025-12-03;20;1581
12;2025-12-03;21;1014
12;2025-12-03;22;527
12;2025-12-03;23;262
12;2025-12-04;0;55
12;2025-12-04;1;2
12;2025-12-04;2;0
12;2025-12-04;3;0
12;2025-12-04;4;7
12;2025-12-04;5;366
12;2025-12-04;6;1439
12;2025-12-04;7;2608
12;2025-12-04;8;3312
12;2025-12-04;9;2471
12;2025-12-04;10;2059
12;2025-12-04;11;2003
12;2025-12-04;12;2022
12;2025-12-04;13;2030
12;2025-12-04;14;2047
12;2025-12-04;15;2243
12;2025-12-04;16;2626
12;2025-12-04;17;2973
12;2025-12-04;18;3126
12;2025-12-04;19;2444
12;2025-12-04;20;1604
12;2025-12-04;21;1006
12;2025-12-04;22;531
12;2025-12-04;23;272
12;2025-12-05;0;60
12;2025-12-05;1;3
12;2025-12-05;2;0
12;2025-12-05;3;0
12;2025-12-05;4;7
12;2025-12-05;5;352
12;2025-12-05;6;1420
12;2025-12-05;7;2510
12;2025-12-05;8;3174
12;2025-12-05;9;2373
12;2025-12-05;10;1998
12;2025-12-05;11;1976
12;2025-12-05;12;1978
12;2025-12-05;13;2011
12;2025-12-05;14;2060
12;2025-12-05;15;2278
12;2025-12-05;16;2661
12;2025-12-05;17;2877
12;2025-12-05;18;2676
12;2025-12-05;19;2254
12;2025-12-05;20;1525
12;2025-12-05;21;1005
12;2025-12-05;22;536
12;2025-12-05;23;288
12;2025-12-06;0;85
12;2025-12-06;1;5
12;2025-12-06;2;0
12;2025-12-06;3;0
12;2025-12-06;4;5
12;2025-12-06;5;235
12;2025-12-06;6;749
12;2025-12-06;7;893
12;2025-12-06;8;993
12;2025-12-06;9;1151
12;2025-12-06;10;1321
12;2025-12-06;11;1418
12;2025-12-06;12;1475
12;2025-12-06;13;1606
12;2025-12-06;14;1562
12;2025-12-06;15;1506
12;2025-12-06;16;1524
12;2025-12-06;17;1516
12;2025-12-06;18;1454
12;2025-12-06;19;1335
12;2025-12-06;20;988
12;2025-12-06;21;688
12;2025-12-06;22;423
12;2025-12-06;23;270
12;2025-12-07;0;85
12;2025-12-07;1;6
12;2025-12-07;2;0
12;2025-12-07;3;0
12;2025-12-07;4;1
12;2025-12-07;5;170
12;2025-12-07;6;525
12;2025-12-07;7;639
12;2025-12-07;8;742
12;2025-12-07;9;921
12;2025-12-07;10;1082
12;2025-12-07;11;1225
12;2025-12-07;12;1310
12;2025-12-07;13;1445
12;2025-12-07;14;1384
12;2025-12-07;15;1355
12;2025-12-07;16;1377
12;2025-12-07;17;1371
12;2025-12-07;18;1234
12;2025-12-07;19;1048
12;2025-12-07;20;803
12;2025-12-07;21;583
12;2025-12-07;22;361
12;2025-12-07;23;209
12;2025-12-08;0;60
12;2025-12-08;1;3
12;2025-12-08;2;0
12;2025-12-08;3;0
12;2025-12-08;4;4
12;2025-12-08;5;359
12;2025-12-08;6;1431
12;2025-12-08;7;2555
12;2025-12-08;8;3284
12;2025-12-08;9;2402
12;2025-12-08;10;2004
12;2025-12-08;11;1940
12;2025-12-08;12;1980
12;2025-12-08;13;1980
12;2025-12-08;14;1975
12;2025-12-08;15;2160
12;2025-12-08;16;2550
12;2025-12-08;17;2917
12;2025-12-08;18;3084
12;2025-12-08;19;2398
12;2025-12-08;20;1560
12;2025-12-08;21;963
12;2025-12-08;22;494
12;2025-12-08;23;241
12;2025-12-09;0;50
12;2025-12-09;1;0
12;2025-12-09;2;0
12;2025-12-09;3;0
12;2025-12-09;4;4
12;2025-12-09;5;371
12;2025-12-09;6;1469
12;2025-12-09;7;2663
12;2025-12-09;8;3412
12;2025-12-09;9;2520
12;2025-12-09;10;2094
12;2025-12-09;11;2035
12;2025-12-09;12;2036
12;2025-12-09;13;2054
12;2025-12-09;14;2036
12;2025-12-09;15;2233
12;2025-12-09;16;2630
12;2025-12-09;17;2999
12;2025-12-09;18;3148
12;2025-12-09;19;2477
12;2025-12-09;20;1589
12;2025-12-09;21;991
12;2025-12-09;22;521
12;2025-12-09;23;249
12;2025-12-10;0;56
12;2025-12-10;1;2
12;2025-12-10;2;0
12;2025-12-10;3;0
12;2025-12-10;4;7
12;2025-12-10;5;371
12;2025-12-10;6;1474
12;2025-12-10;7;2639
12;2025-12-10;8;3370
12;2025-12-10;9;2522
12;2025-12-10;10;2101
12;2025-12-10;11;2019
12;2025-12-10;12;2053
12;2025-12-10;13;2050
12;2025-12-10;14;2062
12;2025-12-10;15;2234
12;2025-12-10;16;2634
12;2025-12-10;17;2970
12;2025-12-10;18;3138
12;2025-12-10;19;2455
12;2025-12-10;20;1586
12;2025-12-10;21;1015
12;2025-12-10;22;527
12;2025-12-10;23;261
12;2025-12-11;0;55
12;2025-12-11;1;2
12;2025-12-11;2;0
12;2025-12-11;3;0
12;2025-12-11;4;6
12;2025-12-11;5;368
12;2025-12-11;6;1441
12;2025-12-11;7;2618
12;2025-12-11;8;3328
12;2025-12-11;9;2479
12;2025-12-11;10;2063
12;2025-12-11;11;2008
12;2025-12-11;12;2027
12;2025-12-11;13;2035
12;2025-12-11;14;2047
12;2025-12-11;15;2247
12;2025-12-11;16;2633
12;2025-12-11;17;2984
12;2025-12-11;18;3148
12;2025-12-11;19;2455
12;2025-12-11;20;1613
12;2025-12-11;21;1010
12;2025-12-11;22;530
12;2025-12-11;23;269
12;2025-12-12;0;60
12;2025-12-12;1;3
12;2025-12-12;2;0
12;2025-12-12;3;0
12;2025-12-12;4;6
12;2025-12-12;5;354
12;2025-12-12;6;1421
12;2025-12-12;7;2521
12;2025-12-12;8;3191
12;2025-12-12;9;2382
12;2025-12-12;10;2006
12;2025-12-12;11;1984
12;2025-12-12;12;1986
12;2025-12-12;13;2019
12;2025-12-12;14;2065
12;2025-12-12;15;2287
12;2025-12-12;16;2673
12;2025-12-12;17;2890
12;2025-12-12;18;2684
12;2025-12-12;19;2261
12;2025-12-12;20;1531
12;2025-12-12;21;1007
12;2025-12-12;22;534
12;2025-12-12;23;284
12;2025-12-13;0;84
12;2025-12-13;1;5
12;2025-12-13;2;0
12;2025-12-13;3;0
12;2025-12-13;4;4
12;2025-12-13;5;235
12;2025-12-13;6;747
12;2025-12-13;7;904
12;2025-12-13;8;1007
12;2025-12-13;9;1165
12;2025-12-13;10;1339
12;2025-12-13;11;1434
12;2025-12-13;12;1492
12;2025-12-13;13;1625
12;2025-12-13;14;1583
12;2025-12-13;15;1528
12;2025-12-13;16;1545
12;2025-12-13;17;1537
12;2025-12-13;18;1468
12;2025-12-13;19;1347
12;2025-12-13;20;998
12;2025-12-13;21;693
12;2025-12-13;22;425
12;2025-12-13;23;268
12;2025-12-14;0;85
12;2025-12-14;1;7
12;2025-12-14;2;0
12;2025-12-14;3;0
12;2025-12-14;4;1
12;2025-12-14;5;172
12;2025-12-14;6;527
12;2025-12-14;7;650
12;2025-12-14;8;756
12;2025-12-14;9;937
12;2025-12-14;10;1100
12;2025-12-14;11;1243
12;2025-12-14;12;1326
12;2025-12-14;13;1463
12;2025-12-14;14;1404
12;2025-12-14;15;1376
12;2025-12-14;16;1399
12;2025-12-14;17;1395
12;2025-12-14;18;1258
12;2025-12-14;19;1065
12;2025-12-14;20;817
12;2025-12-14;21;592
12;2025-12-14;22;369
12;2025-12-14;23;211
12;2025-12-15;0;60
12;2025-12-15;1;3
12;2025-12-15;2;0
12;2025-12-15;3;0
12;2025-12-15;4;4
12;2025-12-15;5;361
12;2025-12-15;6;1432
12;2025-12-15;7;2572
12;2025-12-15;8;3303
12;2025-12-15;9;2414
12;2025-12-15;10;2013
12;2025-12-15;11;1949
12;2025-12-15;12;1989
12;2025-12-15;13;1987
12;2025-12-15;14;1986
12;2025-12-15;15;2177
12;2025-12-15;16;2568
12;2025-12-15;17;2936
12;2025-12-15;18;3117
12;2025-12-15;19;2415
12;2025-12-15;20;1574
12;2025-12-15;21;973
12;2025-12-15;22;498
12;2025-12-15;23;240
12;2025-12-16;0;53
12;2025-12-16;1;2
12;2025-12-16;2;0
12;2025-12-16;3;0
12;2025-12-16;4;7
12;2025-12-16;5;378
12;2025-12-16;6;1475
12;2025-12-16;7;2685
12;2025-12-16;8;3433
12;2025-12-16;9;2537
12;2025-12-16;10;2109
12;2025-12-16;11;2049
12;2025-12-16;12;2050
12;2025-12-16;13;2067
12;2025-12-16;14;2053
12;2025-12-16;15;2255
12;2025-12-16;16;2652
12;2025-12-16;17;3019
12;2025-12-16;18;3187
12;2025-12-16;19;2494
12;2025-12-16;20;1603
12;2025-12-16;21;1002
12;2025-12-16;22;528
12;2025-12-16;23;252
12;2025-12-17;0;56
12;2025-12-17;1;2
12;2025-12-17;2;0
12;2025-12-17;3;0
12;2025-12-17;4;7
12;2025-12-17;5;374
12;2025-12-17;6;1477
12;2025-12-17;7;2645
12;2025-12-17;8;3376
12;2025-12-17;9;2525
12;2025-12-17;10;2104
12;2025-12-17;11;2023
12;2025-12-17;12;2056
12;2025-12-17;13;2053
12;2025-12-17;14;2067
12;2025-12-17;15;2245
12;2025-12-17;16;2642
12;2025-12-17;17;2976
12;2025-12-17;18;3155
12;2025-12-17;19;2468
12;2025-12-17;20;1597
12;2025-12-17;21;1024
12;2025-12-17;22;532
12;2025-12-17;23;262
12;2025-12-18;0;55
12;2025-12-18;1;2
12;2025-12-18;2;0
12;2025-12-18;3;0
12;2025-12-18;4;6
12;2025-12-18;5;370
12;2025-12-18;6;1446
12;2025-12-18;7;2632
12;2025-12-18;8;3344
12;2025-12-18;9;2490
12;2025-12-18;10;2076
12;2025-12-18;11;2022
12;2025-12-18;12;2041
12;2025-12-18;13;2049
12;2025-12-18;14;2065
12;2025-12-18;15;2265
12;2025-12-18;16;2648
12;2025-12-18;17;3000
12;2025-12-18;18;3163
12;2025-12-18;19;2467
12;2025-12-18;20;1624
12;2025-12-18;21;1018
12;2025-12-18;22;538
12;2025-12-18;23;273
12;2025-12-19;0;60
12;2025-12-19;1;3
12;2025-12-19;2;0
12;2025-12-19;3;0
12;2025-12-19;4;7
12;2025-12-19;5;356
12;2025-12-19;6;1426
12;2025-12-19;7;2531
12;2025-12-19;8;3204
12;2025-12-19;9;2391
12;2025-12-19;10;2017
12;2025-12-19;11;1997
12;2025-12-19;12;1999
12;2025-12-19;13;2032
12;2025-12-19;14;2082
12;2025-12-19;15;2304
12;2025-12-19;16;2688
12;2025-12-19;17;2903
12;2025-12-19;18;2697
12;2025-12-19;19;2274
12;2025-12-19;20;1541
12;2025-12-19;21;1015
12;2025-12-19;22;542
12;2025-12-19;23;288
12;2025-12-20;0;85
12;2025-12-20;1;5
12;2025-12-20;2;0
12;2025-12-20;3;0
12;2025-12-20;4;4
12;2025-12-20;5;237
12;2025-12-20;6;754
12;2025-12-20;7;915
12;2025-12-20;8;1022
12;2025-12-20;9;1182
12;2025-12-20;10;1355
12;2025-12-20;11;1457
12;2025-12-20;12;1514
12;2025-12-20;13;1648
12;2025-12-20;14;1607
12;2025-12-20;15;1552
12;2025-12-20;16;1569
12;2025-12-20;17;1559
12;2025-12-20;18;1489
12;2025-12-20;19;1365
12;2025-12-20;20;1011
12;2025-12-20;21;704
12;2025-12-20;22;436
12;2025-12-20;23;275
12;2025-12-21;0;86
12;2025-12-21;1;7
12;2025-12-21;2;0
12;2025-12-21;3;0
12;2025-12-21;4;1
12;2025-12-21;5;175
12;2025-12-21;6;532
12;2025-12-21;7;656
12;2025-12-21;8;765
12;2025-12-21;9;948
12;2025-12-21;10;1111
12;2025-12-21;11;1259
12;2025-12-21;12;1342
12;2025-12-21;13;1478
12;2025-12-21;14;1420
12;2025-12-21;15;1398
12;2025-12-21;16;1420
12;2025-12-21;17;1418
12;2025-12-21;18;1280
12;2025-12-21;19;1086
12;2025-12-21;20;833
12;2025-12-21;21;606
12;2025-12-21;22;377
12;2025-12-21;23;215
12;2025-12-22;0;60
12;2025-12-22;1;3
12;2025-12-22;2;0
12;2025-12-22;3;0
12;2025-12-22;4;4
12;2025-12-22;5;361
12;2025-12-22;6;1438
12;2025-12-22;7;2575
12;2025-12-22;8;3306
12;2025-12-22;9;2418
12;2025-12-22;10;2020
12;2025-12-22;11;1958
12;2025-12-22;12;1998
12;2025-12-22;13;1998
12;2025-12-22;14;1995
12;2025-12-22;15;2187
12;2025-12-22;16;2578
12;2025-12-22;17;2950
12;2025-12-22;18;3129
12;2025-12-22;19;2428
12;2025-12-22;20;1583
12;2025-12-22;21;978
12;2025-12-22;22;501
12;2025-12-22;23;243
12;2025-12-23;0;53
12;2025-12-23;1;2
12;2025-12-23;2;0
12;2025-12-23;3;0
12;2025-12-23;4;6
12;2025-12-23;5;377
12;2025-12-23;6;1479
12;2025-12-23;7;2685
12;2025-12-23;8;3436
12;2025-12-23;9;2538
12;2025-12-23;10;2112
12;2025-12-23;11;2053
12;2025-12-23;12;2054
12;2025-12-23;13;2072
12;2025-12-23;14;2057
12;2025-12-23;15;2256
12;2025-12-23;16;2654
12;2025-12-23;17;3025
12;2025-12-23;18;3194
12;2025-12-23;19;2500
12;2025-12-23;20;1609
12;2025-12-23;21;1003
12;2025-12-23;22;529
12;2025-12-23;23;254
12;2025-12-24;0;57
12;2025-12-24;1;2
12;2025-12-24;2;0
12;2025-12-24;3;0
12;2025-12-24;4;7
12;2025-12-24;5;375
12;2025-12-24;6;1485
12;2025-12-24;7;2647
12;2025-12-24;8;3380
12;2025-12-24;9;2535
12;2025-12-24;10;2115
12;2025-12-24;11;2037
12;2025-12-24;12;2070
12;2025-12-24;13;2067
12;2025-12-24;14;2082
12;2025-12-24;15;2258
12;2025-12-24;16;2656
12;2025-12-24;17;2996
12;2025-12-24;18;3173
12;2025-12-24;19;2487
12;2025-12-24;20;1612
12;2025-12-24;21;1031
12;2025-12-24;22;539
12;2025-12-24;23;269
12;2025-12-25;0;56
12;2025-12-25;1;2
12;2025-12-25;2;0
12;2025-12-25;3;0
12;2025-12-25;4;7
12;2025-12-25;5;370
12;2025-12-25;6;1452
12;2025-12-25;7;2629
12;2025-12-25;8;3341
12;2025-12-25;9;2494
12;2025-12-25;10;2081
12;2025-12-25;11;2028
12;2025-12-25;12;2048
12;2025-12-25;13;2055
12;2025-12-25;14;2071
12;2025-12-25;15;2271
12;2025-12-25;16;2656
12;2025-12-25;17;3011
12;2025-12-25;18;3174
12;2025-12-25;19;2474
12;2025-12-25;20;1630
12;2025-12-25;21;1023
12;2025-12-25;22;542
12;2025-12-25;23;277
12;2025-12-26;0;60
12;2025-12-26;1;3
12;2025-12-26;2;0
12;2025-12-26;3;0
12;2025-12-26;4;7
12;2025-12-26;5;355
12;2025-12-26;6;1431
12;2025-12-26;7;2524
12;2025-12-26;8;3203
12;2025-12-26;9;2392
12;2025-12-26;10;2020
12;2025-12-26;11;2000
12;2025-12-26;12;2002
12;2025-12-26;13;2036
12;2025-12-26;14;2085
12;2025-12-26;15;2306
12;2025-12-26;16;2691
12;2025-12-26;17;2910
12;2025-12-26;18;2709
12;2025-12-26;19;2280
12;2025-12-26;20;1547
12;2025-12-26;21;1020
12;2025-12-26;22;547
12;2025-12-26;23;295
12;2025-12-27;0;85
12;2025-12-27;1;5
12;2025-12-27;2;0
12;2025-12-27;3;0
12;2025-12-27;4;5
12;2025-12-27;5;238
12;2025-12-27;6;755
12;2025-12-27;7;910
12;2025-12-27;8;1014
12;2025-12-27;9;1178
12;2025-12-27;10;1348
12;2025-12-27;11;1451
12;2025-12-27;12;1508
12;2025-12-27;13;1639
12;2025-12-27;14;1597
12;2025-12-27;15;1544
12;2025-12-27;16;1560
12;2025-12-27;17;1553
12;2025-12-27;18;1489
12;2025-12-27;19;1365
12;2025-12-27;20;1011
12;2025-12-27;21;707
12;2025-12-27;22;438
12;2025-12-27;23;279
12;2025-12-28;0;86
12;2025-12-28;1;7
12;2025-12-28;2;0
12;2025-12-28;3;0
12;2025-12-28;4;1
12;2025-12-28;5;174
12;2025-12-28;6;531
12;2025-12-28;7;651
12;2025-12-28;8;758
12;2025-12-28;9;936
12;2025-12-28;10;1096
12;2025-12-28;11;1244
12;2025-12-28;12;1327
12;2025-12-28;13;1462
12;2025-12-28;14;1402
12;2025-12-28;15;1375
12;2025-12-28;16;1397
12;2025-12-28;17;1395
12;2025-12-28;18;1259
12;2025-12-28;19;1071
12;2025-12-28;20;820
12;2025-12-28;21;596
12;2025-12-28;22;374
12;2025-12-28;23;215
12;2025-12-29;0;57
12;2025-12-29;1;3
12;2025-12-29;2;0
12;2025-12-29;3;0
12;2025-12-29;4;4
12;2025-12-29;5;340
12;2025-12-29;6;1360
12;2025-12-29;7;2430
12;2025-12-29;8;3120
12;2025-12-29;9;2281
12;2025-12-29;10;1905
12;2025-12-29;11;1845
12;2025-12-29;12;1883
12;2025-12-29;13;1883
12;2025-12-29;14;1880
12;2025-12-29;15;2056
12;2025-12-29;16;2428
12;2025-12-29;17;2779
12;2025-12-29;18;2942
12;2025-12-29;19;2286
12;2025-12-29;20;1487
12;2025-12-29;21;918
12;2025-12-29;22;472
12;2025-12-29;23;232
12;2025-12-30;0;49
12;2025-12-30;1;2
12;2025-12-30;2;0
12;2025-12-30;3;0
12;2025-12-30;4;6
12;2025-12-30;5;344
12;2025-12-30;6;1354
12;2025-12-30;7;2455
12;2025-12-30;8;3141
12;2025-12-30;9;2321
12;2025-12-30;10;1930
12;2025-12-30;11;1877
12;2025-12-30;12;1877
12;2025-12-30;13;1893
12;2025-12-30;14;1878
12;2025-12-30;15;2058
12;2025-12-30;16;2423
12;2025-12-30;17;2762
12;2025-12-30;18;2911
12;2025-12-30;19;2283
12;2025-12-30;20;1466
12;2025-12-30;21;916
12;2025-12-30;22;484
12;2025-12-30;23;236
12;2025-12-31;0;58
12;2025-12-31;1;4
12;2025-12-31;2;1
12;2025-12-31;3;1
12;2025-12-31;4;2
12;2025-12-31;5;222
12;2025-12-31;6;775
12;2025-12-31;7;1091
12;2025-12-31;8;1335
12;2025-12-31;9;1233
12;2025-12-31;10;1158
12;2025-12-31;11;1238
12;2025-12-31;12;1228
12;2025-12-31;13;1262
12;2025-12-31;14;1257
12;2025-12-31;15;1296
12;2025-12-31;16;1406
12;2025-12-31;17;1481
12;2025-12-31;18;1179
12;2025-12-31;19;999
12;2025-12-31;20;724
12;2025-12-31;21;501
12;2025-12-31;22;286
12;2025-12-31;23;199
17;2025-11-01;0;296
17;2025-11-01;1;91
17;2025-11-01;2;37
17;2025-11-01;3;39
17;2025-11-01;4;74
17;2025-11-01;5;410
17;2025-11-01;6;1457
17;2025-11-01;7;2996
17;2025-11-01;8;3558
17;2025-11-01;9;3355
17;2025-11-01;10;3152
17;2025-11-01;11;3220
17;2025-11-01;12;3312
17;2025-11-01;13;3545
17;2025-11-01;14;3524
17;2025-11-01;15;3674
17;2025-11-01;16;3848
17;2025-11-01;17;4053
17;2025-11-01;18;4116
17;2025-11-01;19;3239
17;2025-11-01;20;2529
17;2025-11-01;21;1955
17;2025-11-01;22;1265
17;2025-11-01;23;778
17;2025-11-02;0;177
17;2025-11-02;1;27
17;2025-11-02;2;1
17;2025-11-02;3;0
17;2025-11-02;4;4
17;2025-11-02;5;93
17;2025-11-02;6;433
17;2025-11-02;7;836
17;2025-11-02;8;1279
17;2025-11-02;9;1699
17;2025-11-02;10;2015
17;2025-11-02;11;2483
17;2025-11-02;12;2770
17;2025-11-02;13;3021
17;2025-11-02;14;3043
17;2025-11-02;15;3095
17;2025-11-02;16;3029
17;2025-11-02;17;2934
17;2025-11-02;18;2665
17;2025-11-02;19;2173
17;2025-11-02;20;1630
17;2025-11-02;21;1173
17;2025-11-02;22;730
17;2025-11-02;23;338
17;2025-11-03;0;135
17;2025-11-03;1;19
17;2025-11-03;2;1
17;2025-11-03;3;0
17;2025-11-03;4;9
17;2025-11-03;5;181
17;2025-11-03;6;814
17;2025-11-03;7;1760
17;2025-11-03;8;2504
17;2025-11-03;9;2177
17;2025-11-03;10;2145
17;2025-11-03;11;2299
17;2025-11-03;12;2539
17;2025-11-03;13;2645
17;2025-11-03;14;2652
17;2025-11-03;15;2805
17;2025-11-03;16;2909
17;2025-11-03;17;3133
17;2025-11-03;18;3165
17;2025-11-03;19;2462
17;2025-11-03;20;1788
17;2025-11-03;21;1209
17;2025-11-03;22;700
17;2025-11-03;23;323
17;2025-11-04;0;164
17;2025-11-04;1;33
17;2025-11-04;2;3
17;2025-11-04;3;2
17;2025-11-04;4;3
17;2025-11-04;5;44
17;2025-11-04;6;575
17;2025-11-04;7;1428
17;2025-11-04;8;2145
17;2025-11-04;9;1801
17;2025-11-04;10;1806
17;2025-11-04;11;2111
17;2025-11-04;12;2361
17;2025-11-04;13;2575
17;2025-11-04;14;2603
17;2025-11-04;15;2773
17;2025-11-04;16;2939
17;2025-11-04;17;3074
17;2025-11-04;18;2992
17;2025-11-04;19;2377
17;2025-11-04;20;1690
17;2025-11-04;21;1202
17;2025-11-04;22;739
17;2025-11-04;23;322
17;2025-11-05;0;125
17;2025-11-05;1;11
17;2025-11-05;2;0
17;2025-11-05;3;0
17;2025-11-05;4;27
17;2025-11-05;5;331
17;2025-11-05;6;1574
17;2025-11-05;7;4137
17;2025-11-05;8;5348
17;2025-11-05;9;3835
17;2025-11-05;10;3057
17;2025-11-05;11;2959
17;2025-11-05;12;2999
17;2025-11-05;13;3068
17;2025-11-05;14;3123
17;2025-11-05;15;3300
17;2025-11-05;16;3683
17;2025-11-05;17;4422
17;2025-11-05;18;4863
17;2025-11-05;19;3519
17;2025-11-05;20;2371
17;2025-11-05;21;1528
17;2025-11-05;22;845
17;2025-11-05;23;382
17;2025-11-06;0;131
17;2025-11-06;1;12
17;2025-11-06;2;0
17;2025-11-06;3;0
17;2025-11-06;4;26
17;2025-11-06;5;325
17;2025-11-06;6;1576
17;2025-11-06;7;4119
17;2025-11-06;8;5353
17;2025-11-06;9;3860
17;2025-11-06;10;3078
17;2025-11-06;11;2972
17;2025-11-06;12;3029
17;2025-11-06;13;3096
17;2025-11-06;14;3145
17;2025-11-06;15;3335
17;2025-11-06;16;3747
17;2025-11-06;17;4477
17;2025-11-06;18;4876
17;2025-11-06;19;3547
17;2025-11-06;20;2403
17;2025-11-06;21;1553
17;2025-11-06;22;870
17;2025-11-06;23;402
17;2025-11-07;0;137
17;2025-11-07;1;16
17;2025-11-07;2;0
17;2025-11-07;3;0
17;2025-11-07;4;25
17;2025-11-07;5;318
17;2025-11-07;6;1559
17;2025-11-07;7;4029
17;2025-11-07;8;5119
17;2025-11-07;9;3778
17;2025-11-07;10;3067
17;2025-11-07;11;3001
17;2025-11-07;12;3060
17;2025-11-07;13;3152
17;2025-11-07;14;3259
17;2025-11-07;15;3479
17;2025-11-07;16;3920
17;2025-11-07;17;4442
17;2025-11-07;18;4397
17;2025-11-07;19;3353
17;2025-11-07;20;2365
17;2025-11-07;21;1571
17;2025-11-07;22;906
17;2025-11-07;23;446
17;2025-11-08;0;190
17;2025-11-08;1;29
17;2025-11-08;2;0
17;2025-11-08;3;0
17;2025-11-08;4;4
17;2025-11-08;5;128
17;2025-11-08;6;623
17;2025-11-08;7;1301
17;2025-11-08;8;1812
17;2025-11-08;9;2200
17;2025-11-08;10;2460
17;2025-11-08;11;2804
17;2025-11-08;12;3066
17;2025-11-08;13;3245
17;2025-11-08;14;3249
17;2025-11-08;15;3330
17;2025-11-08;16;3253
17;2025-11-08;17;3264
17;2025-11-08;18;3073
17;2025-11-08;19;2548
17;2025-11-08;20;1920
17;2025-11-08;21;1393
17;2025-11-08;22;896
17;2025-11-08;23;468
17;2025-11-09;0;176
17;2025-11-09;1;27
17;2025-11-09;2;1
17;2025-11-09;3;0
17;2025-11-09;4;2
17;2025-11-09;5;93
17;2025-11-09;6;440
17;2025-11-09;7;840
17;2025-11-09;8;1285
17;2025-11-09;9;1712
17;2025-11-09;10;2031
17;2025-11-09;11;2497
17;2025-11-09;12;2788
17;2025-11-09;13;3039
17;2025-11-09;14;3067
17;2025-11-09;15;3119
17;2025-11-09;16;3053
17;2025-11-09;17;2956
17;2025-11-09;18;2689
17;2025-11-09;19;2186
17;2025-11-09;20;1642
17;2025-11-09;21;1181
17;2025-11-09;22;739
17;2025-11-09;23;339
17;2025-11-10;0;117
17;2025-11-10;1;12
17;2025-11-10;2;0
17;2025-11-10;3;0
17;2025-11-10;4;23
17;2025-11-10;5;307
17;2025-11-10;6;1516
17;2025-11-10;7;3998
17;2025-11-10;8;5182
17;2025-11-10;9;3677
17;2025-11-10;10;2910
17;2025-11-10;11;2822
17;2025-11-10;12;2853
17;2025-11-10;13;2920
17;2025-11-10;14;2971
17;2025-11-10;15;3158
17;2025-11-10;16;3549
17;2025-11-10;17;4284
17;2025-11-10;18;4715
17;2025-11-10;19;3408
17;2025-11-10;20;2271
17;2025-11-10;21;1420
17;2025-11-10;22;774
17;2025-11-10;23;325
17;2025-11-11;0;117
17;2025-11-11;1;11
17;2025-11-11;2;0
17;2025-11-11;3;0
17;2025-11-11;4;24
17;2025-11-11;5;324
17;2025-11-11;6;1567
17;2025-11-11;7;4142
17;2025-11-11;8;5353
17;2025-11-11;9;3837
17;2025-11-11;10;3036
17;2025-11-11;11;2902
17;2025-11-11;12;2961
17;2025-11-11;13;3013
17;2025-11-11;14;3084
17;2025-11-11;15;3254
17;2025-11-11;16;3659
17;2025-11-11;17;4422
17;2025-11-11;18;4862
17;2025-11-11;19;3509
17;2025-11-11;20;2363
17;2025-11-11;21;1497
17;2025-11-11;22;813
17;2025-11-11;23;355
17;2025-11-12;0;125
17;2025-11-12;1;11
17;2025-11-12;2;0
17;2025-11-12;3;0
17;2025-11-12;4;26
17;2025-11-12;5;330
17;2025-11-12;6;1572
17;2025-11-12;7;4158
17;2025-11-12;8;5366
17;2025-11-12;9;3849
17;2025-11-12;10;3068
17;2025-11-12;11;2970
17;2025-11-12;12;3011
17;2025-11-12;13;3079
17;2025-11-12;14;3138
17;2025-11-12;15;3316
17;2025-11-12;16;3701
17;2025-11-12;17;4438
17;2025-11-12;18;4881
17;2025-11-12;19;3526
17;2025-11-12;20;2377
17;2025-11-12;21;1530
17;2025-11-12;22;845
17;2025-11-12;23;379
17;2025-11-13;0;131
17;2025-11-13;1;12
17;2025-11-13;2;0
17;2025-11-13;3;0
17;2025-11-13;4;24
17;2025-11-13;5;325
17;2025-11-13;6;1576
17;2025-11-13;7;4143
17;2025-11-13;8;5374
17;2025-11-13;9;3872
17;2025-11-13;10;3087
17;2025-11-13;11;2980
17;2025-11-13;12;3037
17;2025-11-13;13;3105
17;2025-11-13;14;3155
17;2025-11-13;15;3347
17;2025-11-13;16;3761
17;2025-11-13;17;4488
17;2025-11-13;18;4889
17;2025-11-13;19;3552
17;2025-11-13;20;2406
17;2025-11-13;21;1552
17;2025-11-13;22;868
17;2025-11-13;23;397
17;2025-11-14;0;137
17;2025-11-14;1;16
17;2025-11-14;2;0
17;2025-11-14;3;0
17;2025-11-14;4;24
17;2025-11-14;5;319
17;2025-11-14;6;1558
17;2025-11-14;7;4052
17;2025-11-14;8;5140
17;2025-11-14;9;3790
17;2025-11-14;10;3080
17;2025-11-14;11;3013
17;2025-11-14;12;3070
17;2025-11-14;13;3164
17;2025-11-14;14;3271
17;2025-11-14;15;3491
17;2025-11-14;16;3934
17;2025-11-14;17;4455
17;2025-11-14;18;4405
17;2025-11-14;19;3359
17;2025-11-14;20;2369
17;2025-11-14;21;1571
17;2025-11-14;22;905
17;2025-11-14;23;444
17;2025-11-15;0;190
17;2025-11-15;1;29
17;2025-11-15;2;0
17;2025-11-15;3;1
17;2025-11-15;4;5
17;2025-11-15;5;136
17;2025-11-15;6;630
17;2025-11-15;7;1331
17;2025-11-15;8;1837
17;2025-11-15;9;2223
17;2025-11-15;10;2482
17;2025-11-15;11;2829
17;2025-11-15;12;3086
17;2025-11-15;13;3267
17;2025-11-15;14;3271
17;2025-11-15;15;3354
17;2025-11-15;16;3277
17;2025-11-15;17;3288
17;2025-11-15;18;3089
17;2025-11-15;19;2563
17;2025-11-15;20;1932
17;2025-11-15;21;1399
17;2025-11-15;22;902
17;2025-11-15;23;472
17;2025-11-16;0;176
17;2025-11-16;1;27
17;2025-11-16;2;1
17;2025-11-16;3;0
17;2025-11-16;4;1
17;2025-11-16;5;97
17;2025-11-16;6;444
17;2025-11-16;7;855
17;2025-11-16;8;1302
17;2025-11-16;9;1732
17;2025-11-16;10;2051
17;2025-11-16;11;2521
17;2025-11-16;12;2810
17;2025-11-16;13;3060
17;2025-11-16;14;3083
17;2025-11-16;15;3139
17;2025-11-16;16;3085
17;2025-11-16;17;2983
17;2025-11-16;18;2710
17;2025-11-16;19;2197
17;2025-11-16;20;1650
17;2025-11-16;21;1185
17;2025-11-16;22;741
17;2025-11-16;23;345
17;2025-11-17;0;117
17;2025-11-17;1;12
17;2025-11-17;2;0
17;2025-11-17;3;0
17;2025-11-17;4;21
17;2025-11-17;5;311
17;2025-11-17;6;1516
17;2025-11-17;7;4001
17;2025-11-17;8;5180
17;2025-11-17;9;3675
17;2025-11-17;10;2908
17;2025-11-17;11;2820
17;2025-11-17;12;2851
17;2025-11-17;13;2917
17;2025-11-17;14;2966
17;2025-11-17;15;3158
17;2025-11-17;16;3551
17;2025-11-17;17;4287
17;2025-11-17;18;4715
17;2025-11-17;19;3415
17;2025-11-17;20;2273
17;2025-11-17;21;1420
17;2025-11-17;22;772
17;2025-11-17;23;327
17;2025-11-18;0;118
17;2025-11-18;1;11
17;2025-11-18;2;0
17;2025-11-18;3;0
17;2025-11-18;4;24
17;2025-11-18;5;328
17;2025-11-18;6;1569
17;2025-11-18;7;4146
17;2025-11-18;8;5359
17;2025-11-18;9;3841
17;2025-11-18;10;3042
17;2025-11-18;11;2908
17;2025-11-18;12;2967
17;2025-11-18;13;3019
17;2025-11-18;14;3086
17;2025-11-18;15;3256
17;2025-11-18;16;3660
17;2025-11-18;17;4422
17;2025-11-18;18;4858
17;2025-11-18;19;3509
17;2025-11-18;20;2362
17;2025-11-18;21;1497
17;2025-11-18;22;813
17;2025-11-18;23;358
17;2025-11-19;0;126
17;2025-11-19;1;11
17;2025-11-19;2;0
17;2025-11-19;3;0
17;2025-11-19;4;26
17;2025-11-19;5;334
17;2025-11-19;6;1576
17;2025-11-19;7;4164
17;2025-11-19;8;5374
17;2025-11-19;9;3854
17;2025-11-19;10;3075
17;2025-11-19;11;2979
17;2025-11-19;12;3019
17;2025-11-19;13;3087
17;2025-11-19;14;3143
17;2025-11-19;15;3321
17;2025-11-19;16;3706
17;2025-11-19;17;4443
17;2025-11-19;18;4883
17;2025-11-19;19;3530
17;2025-11-19;20;2378
17;2025-11-19;21;1531
17;2025-11-19;22;847
17;2025-11-19;23;383
17;2025-11-20;0;132
17;2025-11-20;1;12
17;2025-11-20;2;0
17;2025-11-20;3;0
17;2025-11-20;4;24
17;2025-11-20;5;330
17;2025-11-20;6;1580
17;2025-11-20;7;4144
17;2025-11-20;8;5377
17;2025-11-20;9;3877
17;2025-11-20;10;3095
17;2025-11-20;11;2988
17;2025-11-20;12;3046
17;2025-11-20;13;3112
17;2025-11-20;14;3156
17;2025-11-20;15;3349
17;2025-11-20;16;3762
17;2025-11-20;17;4500
17;2025-11-20;18;4897
17;2025-11-20;19;3561
17;2025-11-20;20;2411
17;2025-11-20;21;1556
17;2025-11-20;22;871
17;2025-11-20;23;402
17;2025-11-21;0;138
17;2025-11-21;1;16
17;2025-11-21;2;0
17;2025-11-21;3;0
17;2025-11-21;4;24
17;2025-11-21;5;323
17;2025-11-21;6;1563
17;2025-11-21;7;4056
17;2025-11-21;8;5145
17;2025-11-21;9;3799
17;2025-11-21;10;3092
17;2025-11-21;11;3028
17;2025-11-21;12;3085
17;2025-11-21;13;3178
17;2025-11-21;14;3281
17;2025-11-21;15;3502
17;2025-11-21;16;3944
17;2025-11-21;17;4471
17;2025-11-21;18;4424
17;2025-11-21;19;3371
17;2025-11-21;20;2375
17;2025-11-21;21;1576
17;2025-11-21;22;908
17;2025-11-21;23;449
17;2025-11-22;0;191
17;2025-11-22;1;29
17;2025-11-22;2;0
17;2025-11-22;3;1
17;2025-11-22;4;5
17;2025-11-22;5;136
17;2025-11-22;6;628
17;2025-11-22;7;1331
17;2025-11-22;8;1842
17;2025-11-22;9;2227
17;2025-11-22;10;2488
17;2025-11-22;11;2833
17;2025-11-22;12;3091
17;2025-11-22;13;3270
17;2025-11-22;14;3270
17;2025-11-22;15;3355
17;2025-11-22;16;3280
17;2025-11-22;17;3296
17;2025-11-22;18;3095
17;2025-11-22;19;2569
17;2025-11-22;20;1937
17;2025-11-22;21;1404
17;2025-11-22;22;904
17;2025-11-22;23;474
17;2025-11-23;0;177
17;2025-11-23;1;27
17;2025-11-23;2;1
17;2025-11-23;3;0
17;2025-11-23;4;4
17;2025-11-23;5;98
17;2025-11-23;6;440
17;2025-11-23;7;854
17;2025-11-23;8;1299
17;2025-11-23;9;1723
17;2025-11-23;10;2043
17;2025-11-23;11;2517
17;2025-11-23;12;2807
17;2025-11-23;13;3059
17;2025-11-23;14;3081
17;2025-11-23;15;3136
17;2025-11-23;16;3077
17;2025-11-23;17;2986
17;2025-11-23;18;2715
17;2025-11-23;19;2207
17;2025-11-23;20;1661
17;2025-11-23;21;1190
17;2025-11-23;22;745
17;2025-11-23;23;344
17;2025-11-24;0;117
17;2025-11-24;1;12
17;2025-11-24;2;0
17;2025-11-24;3;0
17;2025-11-24;4;25
17;2025-11-24;5;310
17;2025-11-24;6;1518
17;2025-11-24;7;3997
17;2025-11-24;8;5178
17;2025-11-24;9;3679
17;2025-11-24;10;2914
17;2025-11-24;11;2824
17;2025-11-24;12;2855
17;2025-11-24;13;2921
17;2025-11-24;14;2970
17;2025-11-24;15;3160
17;2025-11-24;16;3553
17;2025-11-24;17;4286
17;2025-11-24;18;4710
17;2025-11-24;19;3409
17;2025-11-24;20;2275
17;2025-11-24;21;1426
17;2025-11-24;22;777
17;2025-11-24;23;332
17;2025-11-25;0;118
17;2025-11-25;1;11
17;2025-11-25;2;0
17;2025-11-25;3;0
17;2025-11-25;4;25
17;2025-11-25;5;328
17;2025-11-25;6;1570
17;2025-11-25;7;4132
17;2025-11-25;8;5346
17;2025-11-25;9;3833
17;2025-11-25;10;3035
17;2025-11-25;11;2901
17;2025-11-25;12;2962
17;2025-11-25;13;3014
17;2025-11-25;14;3082
17;2025-11-25;15;3252
17;2025-11-25;16;3658
17;2025-11-25;17;4422
17;2025-11-25;18;4849
17;2025-11-25;19;3510
17;2025-11-25;20;2364
17;2025-11-25;21;1503
17;2025-11-25;22;818
17;2025-11-25;23;362
17;2025-11-26;0;126
17;2025-11-26;1;11
17;2025-11-26;2;0
17;2025-11-26;3;0
17;2025-11-26;4;26
17;2025-11-26;5;335
17;2025-11-26;6;1578
17;2025-11-26;7;4149
17;2025-11-26;8;5356
17;2025-11-26;9;3849
17;2025-11-26;10;3072
17;2025-11-26;11;2976
17;2025-11-26;12;3017
17;2025-11-26;13;3085
17;2025-11-26;14;3142
17;2025-11-26;15;3320
17;2025-11-26;16;3704
17;2025-11-26;17;4444
17;2025-11-26;18;4874
17;2025-11-26;19;3534
17;2025-11-26;20;2383
17;2025-11-26;21;1537
17;2025-11-26;22;851
17;2025-11-26;23;388
17;2025-11-27;0;132
17;2025-11-27;1;12
17;2025-11-27;2;0
17;2025-11-27;3;0
17;2025-11-27;4;24
17;2025-11-27;5;330
17;2025-11-27;6;1581
17;2025-11-27;7;4126
17;2025-11-27;8;5356
17;2025-11-27;9;3867
17;2025-11-27;10;3088
17;2025-11-27;11;2981
17;2025-11-27;12;3038
17;2025-11-27;13;3105
17;2025-11-27;14;3153
17;2025-11-27;15;3344
17;2025-11-27;16;3758
17;2025-11-27;17;4496
17;2025-11-27;18;4877
17;2025-11-27;19;3556
17;2025-11-27;20;2407
17;2025-11-27;21;1554
17;2025-11-27;22;870
17;2025-11-27;23;403
17;2025-11-28;0;138
17;2025-11-28;1;15
17;2025-11-28;2;0
17;2025-11-28;3;0
17;2025-11-28;4;25
17;2025-11-28;5;322
17;2025-11-28;6;1559
17;2025-11-28;7;4035
17;2025-11-28;8;5120
17;2025-11-28;9;3783
17;2025-11-28;10;3076
17;2025-11-28;11;3011
17;2025-11-28;12;3068
17;2025-11-28;13;3160
17;2025-11-28;14;3261
17;2025-11-28;15;3480
17;2025-11-28;16;3922
17;2025-11-28;17;4453
17;2025-11-28;18;4397
17;2025-11-28;19;3356
17;2025-11-28;20;2364
17;2025-11-28;21;1568
17;2025-11-28;22;902
17;2025-11-28;23;448
17;2025-11-29;0;191
17;2025-11-29;1;29
17;2025-11-29;2;0
17;2025-11-29;3;1
17;2025-11-29;4;6
17;2025-11-29;5;137
17;2025-11-29;6;624
17;2025-11-29;7;1315
17;2025-11-29;8;1825
17;2025-11-29;9;2205
17;2025-11-29;10;2463
17;2025-11-29;11;2810
17;2025-11-29;12;3071
17;2025-11-29;13;3249
17;2025-11-29;14;3245
17;2025-11-29;15;3327
17;2025-11-29;16;3250
17;2025-11-29;17;3262
17;2025-11-29;18;3066
17;2025-11-29;19;2551
17;2025-11-29;20;1917
17;2025-11-29;21;1389
17;2025-11-29;22;891
17;2025-11-29;23;468
17;2025-11-30;0;177
17;2025-11-30;1;27
17;2025-11-30;2;1
17;2025-11-30;3;0
17;2025-11-30;4;4
17;2025-11-30;5;97
17;2025-11-30;6;434
17;2025-11-30;7;839
17;2025-11-30;8;1282
17;2025-11-30;9;1707
17;2025-11-30;10;2022
17;2025-11-30;11;2492
17;2025-11-30;12;2779
17;2025-11-30;13;3029
17;2025-11-30;14;3047
17;2025-11-30;15;3099
17;2025-11-30;16;3034
17;2025-11-30;17;2942
17;2025-11-30;18;2669
17;2025-11-30;19;2176
17;2025-11-30;20;1632
17;2025-11-30;21;1175
17;2025-11-30;22;732
17;2025-11-30;23;341
17;2025-12-01;0;115
17;2025-12-01;1;10
17;2025-12-01;2;0
17;2025-12-01;3;0
17;2025-12-01;4;24
17;2025-12-01;5;309
17;2025-12-01;6;1480
17;2025-12-01;7;3802
17;2025-12-01;8;4997
17;2025-12-01;9;3578
17;2025-12-01;10;2824
17;2025-12-01;11;2748
17;2025-12-01;12;2779
17;2025-12-01;13;2847
17;2025-12-01;14;2883
17;2025-12-01;15;3072
17;2025-12-01;16;3459
17;2025-12-01;17;4190
17;2025-12-01;18;4625
17;2025-12-01;19;3406
17;2025-12-01;20;2284
17;2025-12-01;21;1433
17;2025-12-01;22;791
17;2025-12-01;23;331
17;2025-12-02;0;117
17;2025-12-02;1;10
17;2025-12-02;2;0
17;2025-12-02;3;0
17;2025-12-02;4;25
17;2025-12-02;5;320
17;2025-12-02;6;1530
17;2025-12-02;7;3945
17;2025-12-02;8;5170
17;2025-12-02;9;3762
17;2025-12-02;10;2978
17;2025-12-02;11;2858
17;2025-12-02;12;2916
17;2025-12-02;13;2970
17;2025-12-02;14;3023
17;2025-12-02;15;3190
17;2025-12-02;16;3587
17;2025-12-02;17;4344
17;2025-12-02;18;4783
17;2025-12-02;19;3498
17;2025-12-02;20;2371
17;2025-12-02;21;1507
17;2025-12-02;22;829
17;2025-12-02;23;359
17;2025-12-03;0;125
17;2025-12-03;1;10
17;2025-12-03;2;0
17;2025-12-03;3;0
17;2025-12-03;4;26
17;2025-12-03;5;331
17;2025-12-03;6;1540
17;2025-12-03;7;3973
17;2025-12-03;8;5193
17;2025-12-03;9;3784
17;2025-12-03;10;3020
17;2025-12-03;11;2933
17;2025-12-03;12;2973
17;2025-12-03;13;3042
17;2025-12-03;14;3085
17;2025-12-03;15;3260
17;2025-12-03;16;3638
17;2025-12-03;17;4370
17;2025-12-03;18;4811
17;2025-12-03;19;3520
17;2025-12-03;20;2391
17;2025-12-03;21;1543
17;2025-12-03;22;865
17;2025-12-03;23;384
17;2025-12-04;0;131
17;2025-12-04;1;11
17;2025-12-04;2;0
17;2025-12-04;3;0
17;2025-12-04;4;26
17;2025-12-04;5;326
17;2025-12-04;6;1546
17;2025-12-04;7;3956
17;2025-12-04;8;5198
17;2025-12-04;9;3809
17;2025-12-04;10;3040
17;2025-12-04;11;2946
17;2025-12-04;12;3004
17;2025-12-04;13;3071
17;2025-12-04;14;3105
17;2025-12-04;15;3294
17;2025-12-04;16;3702
17;2025-12-04;17;4426
17;2025-12-04;18;4835
17;2025-12-04;19;3550
17;2025-12-04;20;2426
17;2025-12-04;21;1571
17;2025-12-04;22;892
17;2025-12-04;23;405
17;2025-12-05;0;137
17;2025-12-05;1;14
17;2025-12-05;2;0
17;2025-12-05;3;0
17;2025-12-05;4;25
17;2025-12-05;5;319
17;2025-12-05;6;1528
17;2025-12-05;7;3866
17;2025-12-05;8;4965
17;2025-12-05;9;3724
17;2025-12-05;10;3028
17;2025-12-05;11;2974
17;2025-12-05;12;3032
17;2025-12-05;13;3125
17;2025-12-05;14;3220
17;2025-12-05;15;3437
17;2025-12-05;16;3874
17;2025-12-05;17;4394
17;2025-12-05;18;4367
17;2025-12-05;19;3367
17;2025-12-05;20;2390
17;2025-12-05;21;1593
17;2025-12-05;22;932
17;2025-12-05;23;448
17;2025-12-06;0;187
17;2025-12-06;1;26
17;2025-12-06;2;0
17;2025-12-06;3;0
17;2025-12-06;4;5
17;2025-12-06;5;129
17;2025-12-06;6;585
17;2025-12-06;7;1206
17;2025-12-06;8;1698
17;2025-12-06;9;2092
17;2025-12-06;10;2356
17;2025-12-06;11;2695
17;2025-12-06;12;2952
17;2025-12-06;13;3129
17;2025-12-06;14;3130
17;2025-12-06;15;3210
17;2025-12-06;16;3129
17;2025-12-06;17;3147
17;2025-12-06;18;2960
17;2025-12-06;19;2515
17;2025-12-06;20;1913
17;2025-12-06;21;1386
17;2025-12-06;22;895
17;2025-12-06;23;455
17;2025-12-07;0;172
17;2025-12-07;1;23
17;2025-12-07;2;0
17;2025-12-07;3;0
17;2025-12-07;4;2
17;2025-12-07;5;89
17;2025-12-07;6;395
17;2025-12-07;7;756
17;2025-12-07;8;1190
17;2025-12-07;9;1612
17;2025-12-07;10;1934
17;2025-12-07;11;2372
17;2025-12-07;12;2662
17;2025-12-07;13;2912
17;2025-12-07;14;2935
17;2025-12-07;15;2985
17;2025-12-07;16;2917
17;2025-12-07;17;2821
17;2025-12-07;18;2564
17;2025-12-07;19;2138
17;2025-12-07;20;1621
17;2025-12-07;21;1162
17;2025-12-07;22;729
17;2025-12-07;23;320
17;2025-12-08;0;116
17;2025-12-08;1;12
17;2025-12-08;2;0
17;2025-12-08;3;0
17;2025-12-08;4;23
17;2025-12-08;5;309
17;2025-12-08;6;1486
17;2025-12-08;7;3825
17;2025-12-08;8;5022
17;2025-12-08;9;3621
17;2025-12-08;10;2869
17;2025-12-08;11;2795
17;2025-12-08;12;2827
17;2025-12-08;13;2893
17;2025-12-08;14;2930
17;2025-12-08;15;3115
17;2025-12-08;16;3502
17;2025-12-08;17;4231
17;2025-12-08;18;4656
17;2025-12-08;19;3413
17;2025-12-08;20;2292
17;2025-12-08;21;1438
17;2025-12-08;22;796
17;2025-12-08;23;331
17;2025-12-09;0;115
17;2025-12-09;1;8
17;2025-12-09;2;0
17;2025-12-09;3;0
17;2025-12-09;4;22
17;2025-12-09;5;319
17;2025-12-09;6;1533
17;2025-12-09;7;3966
17;2025-12-09;8;5187
17;2025-12-09;9;3777
17;2025-12-09;10;2992
17;2025-12-09;11;2872
17;2025-12-09;12;2932
17;2025-12-09;13;2984
17;2025-12-09;14;3039
17;2025-12-09;15;3207
17;2025-12-09;16;3604
17;2025-12-09;17;4361
17;2025-12-09;18;4783
17;2025-12-09;19;3504
17;2025-12-09;20;2378
17;2025-12-09;21;1511
17;2025-12-09;22;833
17;2025-12-09;23;357
17;2025-12-10;0;125
17;2025-12-10;1;11
17;2025-12-10;2;0
17;2025-12-10;3;0
17;2025-12-10;4;25
17;2025-12-10;5;329
17;2025-12-10;6;1543
17;2025-12-10;7;4000
17;2025-12-10;8;5217
17;2025-12-10;9;3803
17;2025-12-10;10;3036
17;2025-12-10;11;2951
17;2025-12-10;12;2992
17;2025-12-10;13;3060
17;2025-12-10;14;3104
17;2025-12-10;15;3278
17;2025-12-10;16;3657
17;2025-12-10;17;4390
17;2025-12-10;18;4828
17;2025-12-10;19;3527
17;2025-12-10;20;2396
17;2025-12-10;21;1545
17;2025-12-10;22;867
17;2025-12-10;23;384
17;2025-12-11;0;131
17;2025-12-11;1;11
17;2025-12-11;2;0
17;2025-12-11;3;0
17;2025-12-11;4;25
17;2025-12-11;5;325
17;2025-12-11;6;1546
17;2025-12-11;7;3974
17;2025-12-11;8;5214
17;2025-12-11;9;3818
17;2025-12-11;10;3046
17;2025-12-11;11;2953
17;2025-12-11;12;3011
17;2025-12-11;13;3077
17;2025-12-11;14;3109
17;2025-12-11;15;3298
17;2025-12-11;16;3708
17;2025-12-11;17;4435
17;2025-12-11;18;4855
17;2025-12-11;19;3558
17;2025-12-11;20;2430
17;2025-12-11;21;1571
17;2025-12-11;22;892
17;2025-12-11;23;402
17;2025-12-12;0;137
17;2025-12-12;1;15
17;2025-12-12;2;0
17;2025-12-12;3;0
17;2025-12-12;4;24
17;2025-12-12;5;318
17;2025-12-12;6;1528
17;2025-12-12;7;3886
17;2025-12-12;8;4982
17;2025-12-12;9;3734
17;2025-12-12;10;3037
17;2025-12-12;11;2984
17;2025-12-12;12;3042
17;2025-12-12;13;3134
17;2025-12-12;14;3228
17;2025-12-12;15;3446
17;2025-12-12;16;3885
17;2025-12-12;17;4405
17;2025-12-12;18;4372
17;2025-12-12;19;3370
17;2025-12-12;20;2392
17;2025-12-12;21;1592
17;2025-12-12;22;930
17;2025-12-12;23;445
17;2025-12-13;0;187
17;2025-12-13;1;26
17;2025-12-13;2;0
17;2025-12-13;3;0
17;2025-12-13;4;5
17;2025-12-13;5;129
17;2025-12-13;6;586
17;2025-12-13;7;1225
17;2025-12-13;8;1715
17;2025-12-13;9;2109
17;2025-12-13;10;2375
17;2025-12-13;11;2712
17;2025-12-13;12;2970
17;2025-12-13;13;3149
17;2025-12-13;14;3151
17;2025-12-13;15;3231
17;2025-12-13;16;3152
17;2025-12-13;17;3168
17;2025-12-13;18;2974
17;2025-12-13;19;2524
17;2025-12-13;20;1921
17;2025-12-13;21;1391
17;2025-12-13;22;898
17;2025-12-13;23;453
17;2025-12-14;0;172
17;2025-12-14;1;24
17;2025-12-14;2;0
17;2025-12-14;3;0
17;2025-12-14;4;1
17;2025-12-14;5;90
17;2025-12-14;6;398
17;2025-12-14;7;763
17;2025-12-14;8;1200
17;2025-12-14;9;1625
17;2025-12-14;10;1949
17;2025-12-14;11;2387
17;2025-12-14;12;2674
17;2025-12-14;13;2928
17;2025-12-14;14;2951
17;2025-12-14;15;3003
17;2025-12-14;16;2937
17;2025-12-14;17;2843
17;2025-12-14;18;2586
17;2025-12-14;19;2154
17;2025-12-14;20;1633
17;2025-12-14;21;1170
17;2025-12-14;22;737
17;2025-12-14;23;323
17;2025-12-15;0;116
17;2025-12-15;1;11
17;2025-12-15;2;0
17;2025-12-15;3;0
17;2025-12-15;4;22
17;2025-12-15;5;311
17;2025-12-15;6;1488
17;2025-12-15;7;3847
17;2025-12-15;8;5041
17;2025-12-15;9;3635
17;2025-12-15;10;2881
17;2025-12-15;11;2807
17;2025-12-15;12;2838
17;2025-12-15;13;2903
17;2025-12-15;14;2940
17;2025-12-15;15;3127
17;2025-12-15;16;3517
17;2025-12-15;17;4247
17;2025-12-15;18;4688
17;2025-12-15;19;3425
17;2025-12-15;20;2301
17;2025-12-15;21;1442
17;2025-12-15;22;799
17;2025-12-15;23;331
17;2025-12-16;0;118
17;2025-12-16;1;10
17;2025-12-16;2;0
17;2025-12-16;3;0
17;2025-12-16;4;25
17;2025-12-16;5;331
17;2025-12-16;6;1543
17;2025-12-16;7;3992
17;2025-12-16;8;5212
17;2025-12-16;9;3798
17;2025-12-16;10;3011
17;2025-12-16;11;2890
17;2025-12-16;12;2950
17;2025-12-16;13;3002
17;2025-12-16;14;3058
17;2025-12-16;15;3228
17;2025-12-16;16;3629
17;2025-12-16;17;4385
17;2025-12-16;18;4829
17;2025-12-16;19;3524
17;2025-12-16;20;2394
17;2025-12-16;21;1522
17;2025-12-16;22;843
17;2025-12-16;23;363
17;2025-12-17;0;126
17;2025-12-17;1;11
17;2025-12-17;2;0
17;2025-12-17;3;0
17;2025-12-17;4;27
17;2025-12-17;5;337
17;2025-12-17;6;1549
17;2025-12-17;7;4013
17;2025-12-17;8;5231
17;2025-12-17;9;3815
17;2025-12-17;10;3048
17;2025-12-17;11;2963
17;2025-12-17;12;3004
17;2025-12-17;13;3072
17;2025-12-17;14;3116
17;2025-12-17;15;3292
17;2025-12-17;16;3674
17;2025-12-17;17;4405
17;2025-12-17;18;4856
17;2025-12-17;19;3541
17;2025-12-17;20;2408
17;2025-12-17;21;1553
17;2025-12-17;22;875
17;2025-12-17;23;388
17;2025-12-18;0;132
17;2025-12-18;1;11
17;2025-12-18;2;0
17;2025-12-18;3;0
17;2025-12-18;4;25
17;2025-12-18;5;330
17;2025-12-18;6;1550
17;2025-12-18;7;3986
17;2025-12-18;8;5231
17;2025-12-18;9;3831
17;2025-12-18;10;3061
17;2025-12-18;11;2968
17;2025-12-18;12;3026
17;2025-12-18;13;3092
17;2025-12-18;14;3124
17;2025-12-18;15;3314
17;2025-12-18;16;3724
17;2025-12-18;17;4452
17;2025-12-18;18;4870
17;2025-12-18;19;3569
17;2025-12-18;20;2441
17;2025-12-18;21;1582
17;2025-12-18;22;902
17;2025-12-18;23;409
17;2025-12-19;0;138
17;2025-12-19;1;15
17;2025-12-19;2;0
17;2025-12-19;3;0
17;2025-12-19;4;24
17;2025-12-19;5;323
17;2025-12-19;6;1532
17;2025-12-19;7;3894
17;2025-12-19;8;4996
17;2025-12-19;9;3746
17;2025-12-19;10;3050
17;2025-12-19;11;2998
17;2025-12-19;12;3055
17;2025-12-19;13;3148
17;2025-12-19;14;3244
17;2025-12-19;15;3462
17;2025-12-19;16;3901
17;2025-12-19;17;4420
17;2025-12-19;18;4387
17;2025-12-19;19;3382
17;2025-12-19;20;2402
17;2025-12-19;21;1602
17;2025-12-19;22;940
17;2025-12-19;23;452
17;2025-12-20;0;188
17;2025-12-20;1;26
17;2025-12-20;2;0
17;2025-12-20;3;0
17;2025-12-20;4;5
17;2025-12-20;5;135
17;2025-12-20;6;592
17;2025-12-20;7;1236
17;2025-12-20;8;1734
17;2025-12-20;9;2129
17;2025-12-20;10;2395
17;2025-12-20;11;2736
17;2025-12-20;12;2993
17;2025-12-20;13;3173
17;2025-12-20;14;3175
17;2025-12-20;15;3256
17;2025-12-20;16;3177
17;2025-12-20;17;3192
17;2025-12-20;18;2997
17;2025-12-20;19;2543
17;2025-12-20;20;1934
17;2025-12-20;21;1403
17;2025-12-20;22;911
17;2025-12-20;23;463
17;2025-12-21;0;174
17;2025-12-21;1;24
17;2025-12-21;2;1
17;2025-12-21;3;0
17;2025-12-21;4;1
17;2025-12-21;5;95
17;2025-12-21;6;401
17;2025-12-21;7;771
17;2025-12-21;8;1211
17;2025-12-21;9;1638
17;2025-12-21;10;1963
17;2025-12-21;11;2403
17;2025-12-21;12;2691
17;2025-12-21;13;2943
17;2025-12-21;14;2967
17;2025-12-21;15;3019
17;2025-12-21;16;2955
17;2025-12-21;17;2864
17;2025-12-21;18;2606
17;2025-12-21;19;2170
17;2025-12-21;20;1644
17;2025-12-21;21;1180
17;2025-12-21;22;744
17;2025-12-21;23;328
17;2025-12-22;0;117
17;2025-12-22;1;12
17;2025-12-22;2;0
17;2025-12-22;3;0
17;2025-12-22;4;22
17;2025-12-22;5;312
17;2025-12-22;6;1492
17;2025-12-22;7;3849
17;2025-12-22;8;5045
17;2025-12-22;9;3641
17;2025-12-22;10;2889
17;2025-12-22;11;2815
17;2025-12-22;12;2847
17;2025-12-22;13;2913
17;2025-12-22;14;2949
17;2025-12-22;15;3136
17;2025-12-22;16;3526
17;2025-12-22;17;4261
17;2025-12-22;18;4700
17;2025-12-22;19;3437
17;2025-12-22;20;2308
17;2025-12-22;21;1448
17;2025-12-22;22;804
17;2025-12-22;23;336
17;2025-12-23;0;118
17;2025-12-23;1;10
17;2025-12-23;2;0
17;2025-12-23;3;0
17;2025-12-23;4;23
17;2025-12-23;5;327
17;2025-12-23;6;1542
17;2025-12-23;7;3985
17;2025-12-23;8;5212
17;2025-12-23;9;3796
17;2025-12-23;10;3011
17;2025-12-23;11;2890
17;2025-12-23;12;2949
17;2025-12-23;13;3001
17;2025-12-23;14;3057
17;2025-12-23;15;3225
17;2025-12-23;16;3626
17;2025-12-23;17;4386
17;2025-12-23;18;4830
17;2025-12-23;19;3525
17;2025-12-23;20;2393
17;2025-12-23;21;1521
17;2025-12-23;22;842
17;2025-12-23;23;365
17;2025-12-24;0;126
17;2025-12-24;1;11
17;2025-12-24;2;0
17;2025-12-24;3;0
17;2025-12-24;4;25
17;2025-12-24;5;334
17;2025-12-24;6;1552
17;2025-12-24;7;4005
17;2025-12-24;8;5229
17;2025-12-24;9;3817
17;2025-12-24;10;3052
17;2025-12-24;11;2969
17;2025-12-24;12;3010
17;2025-12-24;13;3079
17;2025-12-24;14;3123
17;2025-12-24;15;3299
17;2025-12-24;16;3679
17;2025-12-24;17;4417
17;2025-12-24;18;4866
17;2025-12-24;19;3556
17;2025-12-24;20;2418
17;2025-12-24;21;1561
17;2025-12-24;22;880
17;2025-12-24;23;395
17;2025-12-25;0;132
17;2025-12-25;1;11
17;2025-12-25;2;0
17;2025-12-25;3;0
17;2025-12-25;4;25
17;2025-12-25;5;330
17;2025-12-25;6;1555
17;2025-12-25;7;3979
17;2025-12-25;8;5226
17;2025-12-25;9;3833
17;2025-12-25;10;3063
17;2025-12-25;11;2971
17;2025-12-25;12;3029
17;2025-12-25;13;3096
17;2025-12-25;14;3128
17;2025-12-25;15;3318
17;2025-12-25;16;3730
17;2025-12-25;17;4463
17;2025-12-25;18;4881
17;2025-12-25;19;3576
17;2025-12-25;20;2445
17;2025-12-25;21;1585
17;2025-12-25;22;903
17;2025-12-25;23;411
17;2025-12-26;0;138
17;2025-12-26;1;15
17;2025-12-26;2;0
17;2025-12-26;3;0
17;2025-12-26;4;25
17;2025-12-26;5;323
17;2025-12-26;6;1538
17;2025-12-26;7;3883
17;2025-12-26;8;4996
17;2025-12-26;9;3744
17;2025-12-26;10;3050
17;2025-12-26;11;2998
17;2025-12-26;12;3056
17;2025-12-26;13;3149
17;2025-12-26;14;3245
17;2025-12-26;15;3463
17;2025-12-26;16;3904
17;2025-12-26;17;4427
17;2025-12-26;18;4398
17;2025-12-26;19;3389
17;2025-12-26;20;2408
17;2025-12-26;21;1607
17;2025-12-26;22;944
17;2025-12-26;23;457
17;2025-12-27;0;188
17;2025-12-27;1;26
17;2025-12-27;2;0
17;2025-12-27;3;0
17;2025-12-27;4;4
17;2025-12-27;5;134
17;2025-12-27;6;589
17;2025-12-27;7;1223
17;2025-12-27;8;1718
17;2025-12-27;9;2116
17;2025-12-27;10;2380
17;2025-12-27;11;2723
17;2025-12-27;12;2981
17;2025-12-27;13;3158
17;2025-12-27;14;3160
17;2025-12-27;15;3241
17;2025-12-27;16;3162
17;2025-12-27;17;3183
17;2025-12-27;18;2993
17;2025-12-27;19;2541
17;2025-12-27;20;1931
17;2025-12-27;21;1402
17;2025-12-27;22;908
17;2025-12-27;23;464
17;2025-12-28;0;173
17;2025-12-28;1;24
17;2025-12-28;2;0
17;2025-12-28;3;0
17;2025-12-28;4;3
17;2025-12-28;5;96
17;2025-12-28;6;400
17;2025-12-28;7;765
17;2025-12-28;8;1203
17;2025-12-28;9;1623
17;2025-12-28;10;1945
17;2025-12-28;11;2387
17;2025-12-28;12;2674
17;2025-12-28;13;2925
17;2025-12-28;14;2948
17;2025-12-28;15;2999
17;2025-12-28;16;2934
17;2025-12-28;17;2844
17;2025-12-28;18;2588
17;2025-12-28;19;2162
17;2025-12-28;20;1636
17;2025-12-28;21;1175
17;2025-12-28;22;741
17;2025-12-28;23;328
17;2025-12-29;0;111
17;2025-12-29;1;11
17;2025-12-29;2;0
17;2025-12-29;3;0
17;2025-12-29;4;22
17;2025-12-29;5;297
17;2025-12-29;6;1413
17;2025-12-29;7;3638
17;2025-12-29;8;4775
17;2025-12-29;9;3442
17;2025-12-29;10;2730
17;2025-12-29;11;2659
17;2025-12-29;12;2688
17;2025-12-29;13;2751
17;2025-12-29;14;2785
17;2025-12-29;15;2961
17;2025-12-29;16;3332
17;2025-12-29;17;4028
17;2025-12-29;18;4439
17;2025-12-29;19;3249
17;2025-12-29;20;2181
17;2025-12-29;21;1368
17;2025-12-29;22;758
17;2025-12-29;23;318
17;2025-12-30;0;108
17;2025-12-30;1;9
17;2025-12-30;2;0
17;2025-12-30;3;0
17;2025-12-30;4;23
17;2025-12-30;5;302
17;2025-12-30;6;1414
17;2025-12-30;7;3648
17;2025-12-30;8;4776
17;2025-12-30;9;3477
17;2025-12-30;10;2756
17;2025-12-30;11;2644
17;2025-12-30;12;2699
17;2025-12-30;13;2747
17;2025-12-30;14;2797
17;2025-12-30;15;2950
17;2025-12-30;16;3318
17;2025-12-30;17;4014
17;2025-12-30;18;4416
17;2025-12-30;19;3228
17;2025-12-30;20;2190
17;2025-12-30;21;1394
17;2025-12-30;22;770
17;2025-12-30;23;335
17;2025-12-31;0;121
17;2025-12-31;1;16
17;2025-12-31;2;0
17;2025-12-31;3;0
17;2025-12-31;4;7
17;2025-12-31;5;141
17;2025-12-31;6;714
17;2025-12-31;7;1535
17;2025-12-31;8;2331
17;2025-12-31;9;2056
17;2025-12-31;10;1990
17;2025-12-31;11;2229
17;2025-12-31;12;2220
17;2025-12-31;13;2310
17;2025-12-31;14;2321
17;2025-12-31;15;2437
17;2025-12-31;16;2565
17;2025-12-31;17;2720
17;2025-12-31;18;2204
17;2025-12-31;19;1747
17;2025-12-31;20;1314
17;2025-12-31;21;908
17;2025-12-31;22;551
17;2025-12-31;23;313
25;2025-11-01;0;43
25;2025-11-01;1;39
25;2025-11-01;2;39
25;2025-11-01;3;39
25;2025-11-01;4;38
25;2025-11-01;5;53
25;2025-11-01;6;198
25;2025-11-01;7;441
25;2025-11-01;8;712
25;2025-11-01;9;535
25;2025-11-01;10;496
25;2025-11-01;11;558
25;2025-11-01;12;588
25;2025-11-01;13;660
25;2025-11-01;14;669
25;2025-11-01;15;734
25;2025-11-01;16;767
25;2025-11-01;17;752
25;2025-11-01;18;738
25;2025-11-01;19;596
25;2025-11-01;20;413
25;2025-11-01;21;329
25;2025-11-01;22;197
25;2025-11-01;23;109
25;2025-11-02;0;17
25;2025-11-02;1;0
25;2025-11-02;2;0
25;2025-11-02;3;0
25;2025-11-02;4;2
25;2025-11-02;5;3
25;2025-11-02;6;47
25;2025-11-02;7;102
25;2025-11-02;8;201
25;2025-11-02;9;210
25;2025-11-02;10;235
25;2025-11-02;11;318
25;2025-11-02;12;385
25;2025-11-02;13;475
25;2025-11-02;14;517
25;2025-11-02;15;576
25;2025-11-02;16;526
25;2025-11-02;17;473
25;2025-11-02;18;429
25;2025-11-02;19;337
25;2025-11-02;20;244
25;2025-11-02;21;191
25;2025-11-02;22;114
25;2025-11-02;23;45
25;2025-11-03;0;10
25;2025-11-03;1;1
25;2025-11-03;2;1
25;2025-11-03;3;1
25;2025-11-03;4;0
25;2025-11-03;5;5
25;2025-11-03;6;65
25;2025-11-03;7;203
25;2025-11-03;8;367
25;2025-11-03;9;227
25;2025-11-03;10;193
25;2025-11-03;11;268
25;2025-11-03;12;326
25;2025-11-03;13;411
25;2025-11-03;14;394
25;2025-11-03;15;459
25;2025-11-03;16;500
25;2025-11-03;17;493
25;2025-11-03;18;474
25;2025-11-03;19;360
25;2025-11-03;20;247
25;2025-11-03;21;178
25;2025-11-03;22;92
25;2025-11-03;23;30
25;2025-11-04;0;7
25;2025-11-04;1;3
25;2025-11-04;2;1
25;2025-11-04;3;2
25;2025-11-04;4;0
25;2025-11-04;5;1
25;2025-11-04;6;8
25;2025-11-04;7;73
25;2025-11-04;8;192
25;2025-11-04;9;87
25;2025-11-04;10;76
25;2025-11-04;11;138
25;2025-11-04;12;195
25;2025-11-04;13;296
25;2025-11-04;14;308
25;2025-11-04;15;361
25;2025-11-04;16;356
25;2025-11-04;17;318
25;2025-11-04;18;302
25;2025-11-04;19;239
25;2025-11-04;20;173
25;2025-11-04;21;137
25;2025-11-04;22;62
25;2025-11-04;23;12
25;2025-11-05;0;0
25;2025-11-05;1;0
25;2025-11-05;2;0
25;2025-11-05;3;0
25;2025-11-05;4;1
25;2025-11-05;5;7
25;2025-11-05;6;158
25;2025-11-05;7;562
25;2025-11-05;8;985
25;2025-11-05;9;501
25;2025-11-05;10;369
25;2025-11-05;11;415
25;2025-11-05;12;444
25;2025-11-05;13;512
25;2025-11-05;14;484
25;2025-11-05;15;567
25;2025-11-05;16;689
25;2025-11-05;17;795
25;2025-11-05;18;874
25;2025-11-05;19;589
25;2025-11-05;20;340
25;2025-11-05;21;222
25;2025-11-05;22;114
25;2025-11-05;23;12
25;2025-11-06;0;0
25;2025-11-06;1;0
25;2025-11-06;2;0
25;2025-11-06;3;0
25;2025-11-06;4;1
25;2025-11-06;5;7
25;2025-11-06;6;158
25;2025-11-06;7;562
25;2025-11-06;8;970
25;2025-11-06;9;504
25;2025-11-06;10;382
25;2025-11-06;11;419
25;2025-11-06;12;451
25;2025-11-06;13;507
25;2025-11-06;14;503
25;2025-11-06;15;579
25;2025-11-06;16;696
25;2025-11-06;17;801
25;2025-11-06;18;863
25;2025-11-06;19;591
25;2025-11-06;20;336
25;2025-11-06;21;224
25;2025-11-06;22;119
25;2025-11-06;23;14
25;2025-11-07;0;0
25;2025-11-07;1;0
25;2025-11-07;2;0
25;2025-11-07;3;0
25;2025-11-07;4;1
25;2025-11-07;5;8
25;2025-11-07;6;158
25;2025-11-07;7;562
25;2025-11-07;8;929
25;2025-11-07;9;494
25;2025-11-07;10;379
25;2025-11-07;11;427
25;2025-11-07;12;456
25;2025-11-07;13;527
25;2025-11-07;14;542
25;2025-11-07;15;630
25;2025-11-07;16;750
25;2025-11-07;17;796
25;2025-11-07;18;707
25;2025-11-07;19;550
25;2025-11-07;20;325
25;2025-11-07;21;225
25;2025-11-07;22;124
25;2025-11-07;23;18
25;2025-11-08;0;6
25;2025-11-08;1;0
25;2025-11-08;2;0
25;2025-11-08;3;0
25;2025-11-08;4;0
25;2025-11-08;5;9
25;2025-11-08;6;82
25;2025-11-08;7;147
25;2025-11-08;8;301
25;2025-11-08;9;306
25;2025-11-08;10;325
25;2025-11-08;11;415
25;2025-11-08;12;465
25;2025-11-08;13;568
25;2025-11-08;14;596
25;2025-11-08;15;660
25;2025-11-08;16;612
25;2025-11-08;17;555
25;2025-11-08;18;515
25;2025-11-08;19;433
25;2025-11-08;20;304
25;2025-11-08;21;232
25;2025-11-08;22;147
25;2025-11-08;23;58
25;2025-11-09;0;15
25;2025-11-09;1;1
25;2025-11-09;2;0
25;2025-11-09;3;0
25;2025-11-09;4;1
25;2025-11-09;5;3
25;2025-11-09;6;53
25;2025-11-09;7;103
25;2025-11-09;8;203
25;2025-11-09;9;217
25;2025-11-09;10;243
25;2025-11-09;11;327
25;2025-11-09;12;399
25;2025-11-09;13;487
25;2025-11-09;14;544
25;2025-11-09;15;602
25;2025-11-09;16;546
25;2025-11-09;17;492
25;2025-11-09;18;448
25;2025-11-09;19;345
25;2025-11-09;20;251
25;2025-11-09;21;194
25;2025-11-09;22;118
25;2025-11-09;23;41
25;2025-11-10;0;6
25;2025-11-10;1;0
25;2025-11-10;2;0
25;2025-11-10;3;0
25;2025-11-10;4;0
25;2025-11-10;5;3
25;2025-11-10;6;154
25;2025-11-10;7;559
25;2025-11-10;8;966
25;2025-11-10;9;481
25;2025-11-10;10;347
25;2025-11-10;11;375
25;2025-11-10;12;406
25;2025-11-10;13;476
25;2025-11-10;14;443
25;2025-11-10;15;527
25;2025-11-10;16;660
25;2025-11-10;17;768
25;2025-11-10;18;847
25;2025-11-10;19;560
25;2025-11-10;20;314
25;2025-11-10;21;200
25;2025-11-10;22;94
25;2025-11-10;23;2
25;2025-11-11;0;0
25;2025-11-11;1;0
25;2025-11-11;2;0
25;2025-11-11;3;0
25;2025-11-11;4;0
25;2025-11-11;5;7
25;2025-11-11;6;153
25;2025-11-11;7;562
25;2025-11-11;8;958
25;2025-11-11;9;494
25;2025-11-11;10;362
25;2025-11-11;11;395
25;2025-11-11;12;410
25;2025-11-11;13;467
25;2025-11-11;14;462
25;2025-11-11;15;538
25;2025-11-11;16;659
25;2025-11-11;17;755
25;2025-11-11;18;843
25;2025-11-11;19;574
25;2025-11-11;20;324
25;2025-11-11;21;204
25;2025-11-11;22;99
25;2025-11-11;23;6
25;2025-11-12;0;0
25;2025-11-12;1;0
25;2025-11-12;2;0
25;2025-11-12;3;0
25;2025-11-12;4;0
25;2025-11-12;5;6
25;2025-11-12;6;155
25;2025-11-12;7;571
25;2025-11-12;8;1000
25;2025-11-12;9;507
25;2025-11-12;10;374
25;2025-11-12;11;419
25;2025-11-12;12;448
25;2025-11-12;13;518
25;2025-11-12;14;492
25;2025-11-12;15;576
25;2025-11-12;16;700
25;2025-11-12;17;807
25;2025-11-12;18;888
25;2025-11-12;19;597
25;2025-11-12;20;346
25;2025-11-12;21;224
25;2025-11-12;22;115
25;2025-11-12;23;10
25;2025-11-13;0;0
25;2025-11-13;1;0
25;2025-11-13;2;0
25;2025-11-13;3;0
25;2025-11-13;4;0
25;2025-11-13;5;7
25;2025-11-13;6;156
25;2025-11-13;7;571
25;2025-11-13;8;986
25;2025-11-13;9;506
25;2025-11-13;10;382
25;2025-11-13;11;419
25;2025-11-13;12;451
25;2025-11-13;13;509
25;2025-11-13;14;508
25;2025-11-13;15;586
25;2025-11-13;16;704
25;2025-11-13;17;807
25;2025-11-13;18;870
25;2025-11-13;19;597
25;2025-11-13;20;339
25;2025-11-13;21;223
25;2025-11-13;22;117
25;2025-11-13;23;10
25;2025-11-14;0;0
25;2025-11-14;1;0
25;2025-11-14;2;0
25;2025-11-14;3;0
25;2025-11-14;4;1
25;2025-11-14;5;8
25;2025-11-14;6;154
25;2025-11-14;7;573
25;2025-11-14;8;948
25;2025-11-14;9;498
25;2025-11-14;10;385
25;2025-11-14;11;432
25;2025-11-14;12;459
25;2025-11-14;13;532
25;2025-11-14;14;549
25;2025-11-14;15;638
25;2025-11-14;16;759
25;2025-11-14;17;803
25;2025-11-14;18;712
25;2025-11-14;19;557
25;2025-11-14;20;329
25;2025-11-14;21;225
25;2025-11-14;22;123
25;2025-11-14;23;16
25;2025-11-15;0;6
25;2025-11-15;1;0
25;2025-11-15;2;0
25;2025-11-15;3;0
25;2025-11-15;4;0
25;2025-11-15;5;12
25;2025-11-15;6;84
25;2025-11-15;7;164
25;2025-11-15;8;319
25;2025-11-15;9;319
25;2025-11-15;10;337
25;2025-11-15;11;429
25;2025-11-15;12;474
25;2025-11-15;13;580
25;2025-11-15;14;607
25;2025-11-15;15;673
25;2025-11-15;16;625
25;2025-11-15;17;569
25;2025-11-15;18;523
25;2025-11-15;19;442
25;2025-11-15;20;309
25;2025-11-15;21;232
25;2025-11-15;22;146
25;2025-11-15;23;60
25;2025-11-16;0;15
25;2025-11-16;1;0
25;2025-11-16;2;0
25;2025-11-16;3;0
25;2025-11-16;4;0
25;2025-11-16;5;3
25;2025-11-16;6;54
25;2025-11-16;7;112
25;2025-11-16;8;212
25;2025-11-16;9;230
25;2025-11-16;10;255
25;2025-11-16;11;342
25;2025-11-16;12;411
25;2025-11-16;13;500
25;2025-11-16;14;542
25;2025-11-16;15;605
25;2025-11-16;16;556
25;2025-11-16;17;497
25;2025-11-16;18;451
25;2025-11-16;19;348
25;2025-11-16;20;250
25;2025-11-16;21;187
25;2025-11-16;22;110
25;2025-11-16;23;37
25;2025-11-17;0;6
25;2025-11-17;1;0
25;2025-11-17;2;0
25;2025-11-17;3;0
25;2025-11-17;4;0
25;2025-11-17;5;4
25;2025-11-17;6;153
25;2025-11-17;7;559
25;2025-11-17;8;961
25;2025-11-17;9;479
25;2025-11-17;10;344
25;2025-11-17;11;372
25;2025-11-17;12;402
25;2025-11-17;13;472
25;2025-11-17;14;436
25;2025-11-17;15;526
25;2025-11-17;16;660
25;2025-11-17;17;767
25;2025-11-17;18;844
25;2025-11-17;19;565
25;2025-11-17;20;313
25;2025-11-17;21;197
25;2025-11-17;22;89
25;2025-11-17;23;2
25;2025-11-18;0;0
25;2025-11-18;1;0
25;2025-11-18;2;0
25;2025-11-18;3;0
25;2025-11-18;4;0
25;2025-11-18;5;7
25;2025-11-18;6;154
25;2025-11-18;7;564
25;2025-11-18;8;959
25;2025-11-18;9;497
25;2025-11-18;10;366
25;2025-11-18;11;399
25;2025-11-18;12;414
25;2025-11-18;13;471
25;2025-11-18;14;462
25;2025-11-18;15;538
25;2025-11-18;16;656
25;2025-11-18;17;750
25;2025-11-18;18;834
25;2025-11-18;19;571
25;2025-11-18;20;319
25;2025-11-18;21;200
25;2025-11-18;22;95
25;2025-11-18;23;5
25;2025-11-19;0;0
25;2025-11-19;1;0
25;2025-11-19;2;0
25;2025-11-19;3;0
25;2025-11-19;4;0
25;2025-11-19;5;6
25;2025-11-19;6;156
25;2025-11-19;7;573
25;2025-11-19;8;1000
25;2025-11-19;9;508
25;2025-11-19;10;377
25;2025-11-19;11;423
25;2025-11-19;12;452
25;2025-11-19;13;521
25;2025-11-19;14;493
25;2025-11-19;15;577
25;2025-11-19;16;699
25;2025-11-19;17;805
25;2025-11-19;18;883
25;2025-11-19;19;595
25;2025-11-19;20;342
25;2025-11-19;21;219
25;2025-11-19;22;110
25;2025-11-19;23;9
25;2025-11-20;0;0
25;2025-11-20;1;0
25;2025-11-20;2;0
25;2025-11-20;3;0
25;2025-11-20;4;0
25;2025-11-20;5;7
25;2025-11-20;6;156
25;2025-11-20;7;568
25;2025-11-20;8;981
25;2025-11-20;9;506
25;2025-11-20;10;385
25;2025-11-20;11;422
25;2025-11-20;12;454
25;2025-11-20;13;511
25;2025-11-20;14;503
25;2025-11-20;15;582
25;2025-11-20;16;698
25;2025-11-20;17;811
25;2025-11-20;18;870
25;2025-11-20;19;597
25;2025-11-20;20;337
25;2025-11-20;21;221
25;2025-11-20;22;113
25;2025-11-20;23;9
25;2025-11-21;0;0
25;2025-11-21;1;0
25;2025-11-21;2;0
25;2025-11-21;3;0
25;2025-11-21;4;1
25;2025-11-21;5;8
25;2025-11-21;6;156
25;2025-11-21;7;573
25;2025-11-21;8;944
25;2025-11-21;9;502
25;2025-11-21;10;392
25;2025-11-21;11;440
25;2025-11-21;12;467
25;2025-11-21;13;539
25;2025-11-21;14;553
25;2025-11-21;15;642
25;2025-11-21;16;761
25;2025-11-21;17;810
25;2025-11-21;18;719
25;2025-11-21;19;559
25;2025-11-21;20;327
25;2025-11-21;21;223
25;2025-11-21;22;117
25;2025-11-21;23;13
25;2025-11-22;0;6
25;2025-11-22;1;0
25;2025-11-22;2;0
25;2025-11-22;3;0
25;2025-11-22;4;0
25;2025-11-22;5;10
25;2025-11-22;6;80
25;2025-11-22;7;161
25;2025-11-22;8;318
25;2025-11-22;9;321
25;2025-11-22;10;339
25;2025-11-22;11;430
25;2025-11-22;12;475
25;2025-11-22;13;579
25;2025-11-22;14;602
25;2025-11-22;15;670
25;2025-11-22;16;623
25;2025-11-22;17;569
25;2025-11-22;18;520
25;2025-11-22;19;441
25;2025-11-22;20;310
25;2025-11-22;21;231
25;2025-11-22;22;143
25;2025-11-22;23;57
25;2025-11-23;0;15
25;2025-11-23;1;0
25;2025-11-23;2;0
25;2025-11-23;3;0
25;2025-11-23;4;3
25;2025-11-23;5;9
25;2025-11-23;6;55
25;2025-11-23;7;116
25;2025-11-23;8;216
25;2025-11-23;9;227
25;2025-11-23;10;253
25;2025-11-23;11;342
25;2025-11-23;12;412
25;2025-11-23;13;502
25;2025-11-23;14;543
25;2025-11-23;15;605
25;2025-11-23;16;563
25;2025-11-23;17;513
25;2025-11-23;18;469
25;2025-11-23;19;362
25;2025-11-23;20;266
25;2025-11-23;21;199
25;2025-11-23;22;119
25;2025-11-23;23;43
25;2025-11-24;0;6
25;2025-11-24;1;1
25;2025-11-24;2;0
25;2025-11-24;3;0
25;2025-11-24;4;2
25;2025-11-24;5;4
25;2025-11-24;6;154
25;2025-11-24;7;559
25;2025-11-24;8;959
25;2025-11-24;9;484
25;2025-11-24;10;353
25;2025-11-24;11;382
25;2025-11-24;12;412
25;2025-11-24;13;483
25;2025-11-24;14;447
25;2025-11-24;15;534
25;2025-11-24;16;668
25;2025-11-24;17;771
25;2025-11-24;18;842
25;2025-11-24;19;560
25;2025-11-24;20;318
25;2025-11-24;21;203
25;2025-11-24;22;94
25;2025-11-24;23;7
25;2025-11-25;0;0
25;2025-11-25;1;0
25;2025-11-25;2;0
25;2025-11-25;3;0
25;2025-11-25;4;1
25;2025-11-25;5;5
25;2025-11-25;6;151
25;2025-11-25;7;552
25;2025-11-25;8;944
25;2025-11-25;9;490
25;2025-11-25;10;362
25;2025-11-25;11;395
25;2025-11-25;12;411
25;2025-11-25;13;469
25;2025-11-25;14;459
25;2025-11-25;15;535
25;2025-11-25;16;656
25;2025-11-25;17;751
25;2025-11-25;18;824
25;2025-11-25;19;567
25;2025-11-25;20;319
25;2025-11-25;21;204
25;2025-11-25;22;99
25;2025-11-25;23;8
25;2025-11-26;0;0
25;2025-11-26;1;0
25;2025-11-26;2;0
25;2025-11-26;3;0
25;2025-11-26;4;1
25;2025-11-26;5;6
25;2025-11-26;6;156
25;2025-11-26;7;561
25;2025-11-26;8;983
25;2025-11-26;9;508
25;2025-11-26;10;378
25;2025-11-26;11;425
25;2025-11-26;12;454
25;2025-11-26;13;523
25;2025-11-26;14;496
25;2025-11-26;15;580
25;2025-11-26;16;702
25;2025-11-26;17;809
25;2025-11-26;18;876
25;2025-11-26;19;597
25;2025-11-26;20;347
25;2025-11-26;21;226
25;2025-11-26;22;114
25;2025-11-26;23;12
25;2025-11-27;0;0
25;2025-11-27;1;0
25;2025-11-27;2;0
25;2025-11-27;3;0
25;2025-11-27;4;0
25;2025-11-27;5;6
25;2025-11-27;6;158
25;2025-11-27;7;559
25;2025-11-27;8;964
25;2025-11-27;9;504
25;2025-11-27;10;384
25;2025-11-27;11;420
25;2025-11-27;12;453
25;2025-11-27;13;509
25;2025-11-27;14;506
25;2025-11-27;15;583
25;2025-11-27;16;699
25;2025-11-27;17;810
25;2025-11-27;18;854
25;2025-11-27;19;593
25;2025-11-27;20;334
25;2025-11-27;21;220
25;2025-11-27;22;114
25;2025-11-27;23;10
25;2025-11-28;0;0
25;2025-11-28;1;0
25;2025-11-28;2;0
25;2025-11-28;3;0
25;2025-11-28;4;1
25;2025-11-28;5;6
25;2025-11-28;6;155
25;2025-11-28;7;561
25;2025-11-28;8;924
25;2025-11-28;9;494
25;2025-11-28;10;384
25;2025-11-28;11;432
25;2025-11-28;12;459
25;2025-11-28;13;531
25;2025-11-28;14;541
25;2025-11-28;15;629
25;2025-11-28;16;748
25;2025-11-28;17;799
25;2025-11-28;18;699
25;2025-11-28;19;548
25;2025-11-28;20;320
25;2025-11-28;21;218
25;2025-11-28;22;116
25;2025-11-28;23;14
25;2025-11-29;0;6
25;2025-11-29;1;0
25;2025-11-29;2;0
25;2025-11-29;3;0
25;2025-11-29;4;0
25;2025-11-29;5;12
25;2025-11-29;6;81
25;2025-11-29;7;158
25;2025-11-29;8;314
25;2025-11-29;9;311
25;2025-11-29;10;329
25;2025-11-29;11;420
25;2025-11-29;12;470
25;2025-11-29;13;572
25;2025-11-29;14;592
25;2025-11-29;15;657
25;2025-11-29;16;607
25;2025-11-29;17;550
25;2025-11-29;18;505
25;2025-11-29;19;433
25;2025-11-29;20;298
25;2025-11-29;21;225
25;2025-11-29;22;139
25;2025-11-29;23;57
25;2025-11-30;0;17
25;2025-11-30;1;0
25;2025-11-30;2;0
25;2025-11-30;3;0
25;2025-11-30;4;2
25;2025-11-30;5;4
25;2025-11-30;6;47
25;2025-11-30;7;102
25;2025-11-30;8;201
25;2025-11-30;9;216
25;2025-11-30;10;240
25;2025-11-30;11;325
25;2025-11-30;12;392
25;2025-11-30;13;482
25;2025-11-30;14;520
25;2025-11-30;15;578
25;2025-11-30;16;528
25;2025-11-30;17;478
25;2025-11-30;18;430
25;2025-11-30;19;336
25;2025-11-30;20;242
25;2025-11-30;21;190
25;2025-11-30;22;112
25;2025-11-30;23;44
25;2025-12-01;0;7
25;2025-12-01;1;0
25;2025-12-01;2;0
25;2025-12-01;3;0
25;2025-12-01;4;0
25;2025-12-01;5;1
25;2025-12-01;6;149
25;2025-12-01;7;512
25;2025-12-01;8;875
25;2025-12-01;9;456
25;2025-12-01;10;319
25;2025-12-01;11;339
25;2025-12-01;12;362
25;2025-12-01;13;436
25;2025-12-01;14;387
25;2025-12-01;15;473
25;2025-12-01;16;599
25;2025-12-01;17;698
25;2025-12-01;18;779
25;2025-12-01;19;523
25;2025-12-01;20;293
25;2025-12-01;21;193
25;2025-12-01;22;91
25;2025-12-01;23;2
25;2025-12-02;0;0
25;2025-12-02;1;0
25;2025-12-02;2;0
25;2025-12-02;3;0
25;2025-12-02;4;0
25;2025-12-02;5;1
25;2025-12-02;6;147
25;2025-12-02;7;514
25;2025-12-02;8;875
25;2025-12-02;9;472
25;2025-12-02;10;342
25;2025-12-02;11;366
25;2025-12-02;12;372
25;2025-12-02;13;434
25;2025-12-02;14;415
25;2025-12-02;15;487
25;2025-12-02;16;598
25;2025-12-02;17;684
25;2025-12-02;18;768
25;2025-12-02;19;527
25;2025-12-02;20;298
25;2025-12-02;21;193
25;2025-12-02;22;95
25;2025-12-02;23;2
25;2025-12-03;0;0
25;2025-12-03;1;0
25;2025-12-03;2;0
25;2025-12-03;3;0
25;2025-12-03;4;0
25;2025-12-03;5;1
25;2025-12-03;6;154
25;2025-12-03;7;529
25;2025-12-03;8;922
25;2025-12-03;9;494
25;2025-12-03;10;361
25;2025-12-03;11;392
25;2025-12-03;12;413
25;2025-12-03;13;481
25;2025-12-03;14;448
25;2025-12-03;15;528
25;2025-12-03;16;643
25;2025-12-03;17;740
25;2025-12-03;18;815
25;2025-12-03;19;551
25;2025-12-03;20;322
25;2025-12-03;21;214
25;2025-12-03;22;111
25;2025-12-03;23;4
25;2025-12-04;0;0
25;2025-12-04;1;0
25;2025-12-04;2;0
25;2025-12-04;3;0
25;2025-12-04;4;0
25;2025-12-04;5;3
25;2025-12-04;6;158
25;2025-12-04;7;529
25;2025-12-04;8;907
25;2025-12-04;9;495
25;2025-12-04;10;372
25;2025-12-04;11;396
25;2025-12-04;12;421
25;2025-12-04;13;477
25;2025-12-04;14;467
25;2025-12-04;15;541
25;2025-12-04;16;651
25;2025-12-04;17;750
25;2025-12-04;18;817
25;2025-12-04;19;557
25;2025-12-04;20;322
25;2025-12-04;21;220
25;2025-12-04;22;120
25;2025-12-04;23;9
25;2025-12-05;0;0
25;2025-12-05;1;0
25;2025-12-05;2;0
25;2025-12-05;3;0
25;2025-12-05;4;0
25;2025-12-05;5;4
25;2025-12-05;6;155
25;2025-12-05;7;528
25;2025-12-05;8;870
25;2025-12-05;9;486
25;2025-12-05;10;373
25;2025-12-05;11;408
25;2025-12-05;12;428
25;2025-12-05;13;500
25;2025-12-05;14;509
25;2025-12-05;15;594
25;2025-12-05;16;707
25;2025-12-05;17;749
25;2025-12-05;18;668
25;2025-12-05;19;518
25;2025-12-05;20;310
25;2025-12-05;21;220
25;2025-12-05;22;124
25;2025-12-05;23;12
25;2025-12-06;0;6
25;2025-12-06;1;0
25;2025-12-06;2;0
25;2025-12-06;3;0
25;2025-12-06;4;0
25;2025-12-06;5;5
25;2025-12-06;6;65
25;2025-12-06;7;128
25;2025-12-06;8;266
25;2025-12-06;9;273
25;2025-12-06;10;289
25;2025-12-06;11;367
25;2025-12-06;12;407
25;2025-12-06;13;510
25;2025-12-06;14;517
25;2025-12-06;15;579
25;2025-12-06;16;529
25;2025-12-06;17;473
25;2025-12-06;18;445
25;2025-12-06;19;395
25;2025-12-06;20;278
25;2025-12-06;21;216
25;2025-12-06;22;139
25;2025-12-06;23;54
25;2025-12-07;0;15
25;2025-12-07;1;0
25;2025-12-07;2;0
25;2025-12-07;3;0
25;2025-12-07;4;0
25;2025-12-07;5;1
25;2025-12-07;6;38
25;2025-12-07;7;81
25;2025-12-07;8;171
25;2025-12-07;9;187
25;2025-12-07;10;211
25;2025-12-07;11;282
25;2025-12-07;12;346
25;2025-12-07;13;435
25;2025-12-07;14;461
25;2025-12-07;15;517
25;2025-12-07;16;468
25;2025-12-07;17;410
25;2025-12-07;18;378
25;2025-12-07;19;307
25;2025-12-07;20;226
25;2025-12-07;21;180
25;2025-12-07;22;107
25;2025-12-07;23;33
25;2025-12-08;0;6
25;2025-12-08;1;0
25;2025-12-08;2;0
25;2025-12-08;3;0
25;2025-12-08;4;0
25;2025-12-08;5;1
25;2025-12-08;6;154
25;2025-12-08;7;524
25;2025-12-08;8;900
25;2025-12-08;9;475
25;2025-12-08;10;341
25;2025-12-08;11;358
25;2025-12-08;12;381
25;2025-12-08;13;451
25;2025-12-08;14;411
25;2025-12-08;15;493
25;2025-12-08;16;619
25;2025-12-08;17;718
25;2025-12-08;18;790
25;2025-12-08;19;529
25;2025-12-08;20;300
25;2025-12-08;21;195
25;2025-12-08;22;94
25;2025-12-08;23;2
25;2025-12-09;0;0
25;2025-12-09;1;0
25;2025-12-09;2;0
25;2025-12-09;3;0
25;2025-12-09;4;0
25;2025-12-09;5;1
25;2025-12-09;6;150
25;2025-12-09;7;522
25;2025-12-09;8;890
25;2025-12-09;9;483
25;2025-12-09;10;352
25;2025-12-09;11;374
25;2025-12-09;12;382
25;2025-12-09;13;440
25;2025-12-09;14;425
25;2025-12-09;15;498
25;2025-12-09;16;610
25;2025-12-09;17;697
25;2025-12-09;18;766
25;2025-12-09;19;533
25;2025-12-09;20;304
25;2025-12-09;21;195
25;2025-12-09;22;96
25;2025-12-09;23;2
25;2025-12-10;0;0
25;2025-12-10;1;0
25;2025-12-10;2;0
25;2025-12-10;3;0
25;2025-12-10;4;0
25;2025-12-10;5;1
25;2025-12-10;6;156
25;2025-12-10;7;542
25;2025-12-10;8;942
25;2025-12-10;9;504
25;2025-12-10;10;370
25;2025-12-10;11;402
25;2025-12-10;12;424
25;2025-12-10;13;494
25;2025-12-10;14;460
25;2025-12-10;15;540
25;2025-12-10;16;656
25;2025-12-10;17;756
25;2025-12-10;18;832
25;2025-12-10;19;558
25;2025-12-10;20;327
25;2025-12-10;21;215
25;2025-12-10;22;112
25;2025-12-10;23;3
25;2025-12-11;0;1
25;2025-12-11;1;0
25;2025-12-11;2;0
25;2025-12-11;3;0
25;2025-12-11;4;0
25;2025-12-11;5;2
25;2025-12-11;6;157
25;2025-12-11;7;534
25;2025-12-11;8;917
25;2025-12-11;9;494
25;2025-12-11;10;370
25;2025-12-11;11;394
25;2025-12-11;12;419
25;2025-12-11;13;476
25;2025-12-11;14;462
25;2025-12-11;15;537
25;2025-12-11;16;649
25;2025-12-11;17;754
25;2025-12-11;18;832
25;2025-12-11;19;564
25;2025-12-11;20;326
25;2025-12-11;21;219
25;2025-12-11;22;119
25;2025-12-11;23;6
25;2025-12-12;0;0
25;2025-12-12;1;0
25;2025-12-12;2;0
25;2025-12-12;3;0
25;2025-12-12;4;0
25;2025-12-12;5;3
25;2025-12-12;6;153
25;2025-12-12;7;535
25;2025-12-12;8;883
25;2025-12-12;9;488
25;2025-12-12;10;374
25;2025-12-12;11;408
25;2025-12-12;12;429
25;2025-12-12;13;500
25;2025-12-12;14;508
25;2025-12-12;15;594
25;2025-12-12;16;710
25;2025-12-12;17;755
25;2025-12-12;18;670
25;2025-12-12;19;521
25;2025-12-12;20;311
25;2025-12-12;21;218
25;2025-12-12;22;121
25;2025-12-12;23;8
25;2025-12-13;0;6
25;2025-12-13;1;0
25;2025-12-13;2;0
25;2025-12-13;3;0
25;2025-12-13;4;0
25;2025-12-13;5;2
25;2025-12-13;6;62
25;2025-12-13;7;131
25;2025-12-13;8;271
25;2025-12-13;9;274
25;2025-12-13;10;290
25;2025-12-13;11;369
25;2025-12-13;12;409
25;2025-12-13;13;513
25;2025-12-13;14;522
25;2025-12-13;15;585
25;2025-12-13;16;535
25;2025-12-13;17;479
25;2025-12-13;18;447
25;2025-12-13;19;396
25;2025-12-13;20;278
25;2025-12-13;21;213
25;2025-12-13;22;134
25;2025-12-13;23;47
25;2025-12-14;0;15
25;2025-12-14;1;0
25;2025-12-14;2;0
25;2025-12-14;3;0
25;2025-12-14;4;0
25;2025-12-14;5;1
25;2025-12-14;6;40
25;2025-12-14;7;87
25;2025-12-14;8;178
25;2025-12-14;9;193
25;2025-12-14;10;217
25;2025-12-14;11;288
25;2025-12-14;12;350
25;2025-12-14;13;442
25;2025-12-14;14;470
25;2025-12-14;15;527
25;2025-12-14;16;480
25;2025-12-14;17;425
25;2025-12-14;18;394
25;2025-12-14;19;317
25;2025-12-14;20;232
25;2025-12-14;21;182
25;2025-12-14;22;109
25;2025-12-14;23;33
25;2025-12-15;0;6
25;2025-12-15;1;0
25;2025-12-15;2;0
25;2025-12-15;3;0
25;2025-12-15;4;0
25;2025-12-15;5;2
25;2025-12-15;6;156
25;2025-12-15;7;535
25;2025-12-15;8;912
25;2025-12-15;9;481
25;2025-12-15;10;346
25;2025-12-15;11;363
25;2025-12-15;12;386
25;2025-12-15;13;455
25;2025-12-15;14;415
25;2025-12-15;15;499
25;2025-12-15;16;629
25;2025-12-15;17;729
25;2025-12-15;18;816
25;2025-12-15;19;541
25;2025-12-15;20;308
25;2025-12-15;21;198
25;2025-12-15;22;96
25;2025-12-15;23;2
25;2025-12-16;0;1
25;2025-12-16;1;0
25;2025-12-16;2;0
25;2025-12-16;3;0
25;2025-12-16;4;0
25;2025-12-16;5;3
25;2025-12-16;6;155
25;2025-12-16;7;536
25;2025-12-16;8;903
25;2025-12-16;9;492
25;2025-12-16;10;361
25;2025-12-16;11;382
25;2025-12-16;12;390
25;2025-12-16;13;447
25;2025-12-16;14;435
25;2025-12-16;15;510
25;2025-12-16;16;622
25;2025-12-16;17;708
25;2025-12-16;18;797
25;2025-12-16;19;544
25;2025-12-16;20;311
25;2025-12-16;21;200
25;2025-12-16;22;100
25;2025-12-16;23;2
25;2025-12-17;0;1
25;2025-12-17;1;0
25;2025-12-17;2;0
25;2025-12-17;3;0
25;2025-12-17;4;0
25;2025-12-17;5;2
25;2025-12-17;6;158
25;2025-12-17;7;543
25;2025-12-17;8;943
25;2025-12-17;9;503
25;2025-12-17;10;369
25;2025-12-17;11;403
25;2025-12-17;12;424
25;2025-12-17;13;493
25;2025-12-17;14;461
25;2025-12-17;15;543
25;2025-12-17;16;657
25;2025-12-17;17;755
25;2025-12-17;18;843
25;2025-12-17;19;565
25;2025-12-17;20;331
25;2025-12-17;21;217
25;2025-12-17;22;114
25;2025-12-17;23;4
25;2025-12-18;0;1
25;2025-12-18;1;0
25;2025-12-18;2;0
25;2025-12-18;3;0
25;2025-12-18;4;0
25;2025-12-18;5;2
25;2025-12-18;6;158
25;2025-12-18;7;542
25;2025-12-18;8;927
25;2025-12-18;9;501
25;2025-12-18;10;379
25;2025-12-18;11;403
25;2025-12-18;12;429
25;2025-12-18;13;486
25;2025-12-18;14;474
25;2025-12-18;15;549
25;2025-12-18;16;659
25;2025-12-18;17;764
25;2025-12-18;18;842
25;2025-12-18;19;571
25;2025-12-18;20;330
25;2025-12-18;21;223
25;2025-12-18;22;122
25;2025-12-18;23;7
25;2025-12-19;0;0
25;2025-12-19;1;0
25;2025-12-19;2;0
25;2025-12-19;3;0
25;2025-12-19;4;0
25;2025-12-19;5;3
25;2025-12-19;6;154
25;2025-12-19;7;538
25;2025-12-19;8;888
25;2025-12-19;9;493
25;2025-12-19;10;380
25;2025-12-19;11;416
25;2025-12-19;12;437
25;2025-12-19;13;508
25;2025-12-19;14;519
25;2025-12-19;15;605
25;2025-12-19;16;719
25;2025-12-19;17;763
25;2025-12-19;18;677
25;2025-12-19;19;527
25;2025-12-19;20;315
25;2025-12-19;21;221
25;2025-12-19;22;124
25;2025-12-19;23;10
25;2025-12-20;0;6
25;2025-12-20;1;0
25;2025-12-20;2;0
25;2025-12-20;3;0
25;2025-12-20;4;0
25;2025-12-20;5;4
25;2025-12-20;6;66
25;2025-12-20;7;139
25;2025-12-20;8;282
25;2025-12-20;9;290
25;2025-12-20;10;305
25;2025-12-20;11;388
25;2025-12-20;12;428
25;2025-12-20;13;533
25;2025-12-20;14;542
25;2025-12-20;15;606
25;2025-12-20;16;555
25;2025-12-20;17;497
25;2025-12-20;18;464
25;2025-12-20;19;410
25;2025-12-20;20;287
25;2025-12-20;21;220
25;2025-12-20;22;142
25;2025-12-20;23;53
25;2025-12-21;0;15
25;2025-12-21;1;0
25;2025-12-21;2;0
25;2025-12-21;3;0
25;2025-12-21;4;0
25;2025-12-21;5;1
25;2025-12-21;6;41
25;2025-12-21;7;90
25;2025-12-21;8;184
25;2025-12-21;9;202
25;2025-12-21;10;226
25;2025-12-21;11;299
25;2025-12-21;12;362
25;2025-12-21;13;452
25;2025-12-21;14;481
25;2025-12-21;15;539
25;2025-12-21;16;492
25;2025-12-21;17;438
25;2025-12-21;18;405
25;2025-12-21;19;327
25;2025-12-21;20;238
25;2025-12-21;21;188
25;2025-12-21;22;112
25;2025-12-21;23;34
25;2025-12-22;0;6
25;2025-12-22;1;0
25;2025-12-22;2;0
25;2025-12-22;3;0
25;2025-12-22;4;0
25;2025-12-22;5;1
25;2025-12-22;6;156
25;2025-12-22;7;532
25;2025-12-22;8;909
25;2025-12-22;9;482
25;2025-12-22;10;351
25;2025-12-22;11;368
25;2025-12-22;12;391
25;2025-12-22;13;461
25;2025-12-22;14;421
25;2025-12-22;15;505
25;2025-12-22;16;633
25;2025-12-22;17;737
25;2025-12-22;18;822
25;2025-12-22;19;546
25;2025-12-22;20;310
25;2025-12-22;21;200
25;2025-12-22;22;95
25;2025-12-22;23;2
25;2025-12-23;0;1
25;2025-12-23;1;0
25;2025-12-23;2;0
25;2025-12-23;3;0
25;2025-12-23;4;0
25;2025-12-23;5;3
25;2025-12-23;6;154
25;2025-12-23;7;530
25;2025-12-23;8;901
25;2025-12-23;9;489
25;2025-12-23;10;361
25;2025-12-23;11;382
25;2025-12-23;12;390
25;2025-12-23;13;448
25;2025-12-23;14;435
25;2025-12-23;15;508
25;2025-12-23;16;622
25;2025-12-23;17;711
25;2025-12-23;18;800
25;2025-12-23;19;546
25;2025-12-23;20;313
25;2025-12-23;21;200
25;2025-12-23;22;99
25;2025-12-23;23;2
25;2025-12-24;0;1
25;2025-12-24;1;0
25;2025-12-24;2;0
25;2025-12-24;3;0
25;2025-12-24;4;0
25;2025-12-24;5;2
25;2025-12-24;6;162
25;2025-12-24;7;542
25;2025-12-24;8;945
25;2025-12-24;9;511
25;2025-12-24;10;380
25;2025-12-24;11;414
25;2025-12-24;12;436
25;2025-12-24;13;506
25;2025-12-24;14;474
25;2025-12-24;15;556
25;2025-12-24;16;671
25;2025-12-24;17;774
25;2025-12-24;18;858
25;2025-12-24;19;581
25;2025-12-24;20;345
25;2025-12-24;21;226
25;2025-12-24;22;119
25;2025-12-24;23;9
25;2025-12-25;0;1
25;2025-12-25;1;0
25;2025-12-25;2;0
25;2025-12-25;3;0
25;2025-12-25;4;0
25;2025-12-25;5;3
25;2025-12-25;6;161
25;2025-12-25;7;537
25;2025-12-25;8;923
25;2025-12-25;9;506
25;2025-12-25;10;385
25;2025-12-25;11;410
25;2025-12-25;12;436
25;2025-12-25;13;493
25;2025-12-25;14;481
25;2025-12-25;15;557
25;2025-12-25;16;668
25;2025-12-25;17;777
25;2025-12-25;18;853
25;2025-12-25;19;577
25;2025-12-25;20;337
25;2025-12-25;21;229
25;2025-12-25;22;125
25;2025-12-25;23;10
25;2025-12-26;0;1
25;2025-12-26;1;0
25;2025-12-26;2;0
25;2025-12-26;3;0
25;2025-12-26;4;0
25;2025-12-26;5;2
25;2025-12-26;6;157
25;2025-12-26;7;531
25;2025-12-26;8;889
25;2025-12-26;9;494
25;2025-12-26;10;383
25;2025-12-26;11;420
25;2025-12-26;12;441
25;2025-12-26;13;512
25;2025-12-26;14;522
25;2025-12-26;15;609
25;2025-12-26;16;724
25;2025-12-26;17;770
25;2025-12-26;18;690
25;2025-12-26;19;531
25;2025-12-26;20;320
25;2025-12-26;21;226
25;2025-12-26;22;126
25;2025-12-26;23;12
25;2025-12-27;0;6
25;2025-12-27;1;0
25;2025-12-27;2;0
25;2025-12-27;3;0
25;2025-12-27;4;0
25;2025-12-27;5;5
25;2025-12-27;6;65
25;2025-12-27;7;136
25;2025-12-27;8;277
25;2025-12-27;9;288
25;2025-12-27;10;303
25;2025-12-27;11;387
25;2025-12-27;12;427
25;2025-12-27;13;529
25;2025-12-27;14;539
25;2025-12-27;15;603
25;2025-12-27;16;553
25;2025-12-27;17;498
25;2025-12-27;18;469
25;2025-12-27;19;413
25;2025-12-27;20;290
25;2025-12-27;21;226
25;2025-12-27;22;145
25;2025-12-27;23;57
25;2025-12-28;0;15
25;2025-12-28;1;0
25;2025-12-28;2;0
25;2025-12-28;3;0
25;2025-12-28;4;0
25;2025-12-28;5;1
25;2025-12-28;6;40
25;2025-12-28;7;87
25;2025-12-28;8;182
25;2025-12-28;9;195
25;2025-12-28;10;218
25;2025-12-28;11;292
25;2025-12-28;12;355
25;2025-12-28;13;444
25;2025-12-28;14;472
25;2025-12-28;15;529
25;2025-12-28;16;482
25;2025-12-28;17;427
25;2025-12-28;18;395
25;2025-12-28;19;322
25;2025-12-28;20;234
25;2025-12-28;21;187
25;2025-12-28;22;113
25;2025-12-28;23;36
25;2025-12-29;0;6
25;2025-12-29;1;0
25;2025-12-29;2;0
25;2025-12-29;3;0
25;2025-12-29;4;0
25;2025-12-29;5;1
25;2025-12-29;6;146
25;2025-12-29;7;496
25;2025-12-29;8;851
25;2025-12-29;9;449
25;2025-12-29;10;324
25;2025-12-29;11;340
25;2025-12-29;12;361
25;2025-12-29;13;427
25;2025-12-29;14;387
25;2025-12-29;15;466
25;2025-12-29;16;588
25;2025-12-29;17;684
25;2025-12-29;18;758
25;2025-12-29;19;504
25;2025-12-29;20;284
25;2025-12-29;21;185
25;2025-12-29;22;88
25;2025-12-29;23;2
25;2025-12-30;0;0
25;2025-12-30;1;0
25;2025-12-30;2;0
25;2025-12-30;3;0
25;2025-12-30;4;0
25;2025-12-30;5;1
25;2025-12-30;6;140
25;2025-12-30;7;481
25;2025-12-30;8;816
25;2025-12-30;9;445
25;2025-12-30;10;326
25;2025-12-30;11;345
25;2025-12-30;12;352
25;2025-12-30;13;405
25;2025-12-30;14;391
25;2025-12-30;15;457
25;2025-12-30;16;560
25;2025-12-30;17;640
25;2025-12-30;18;715
25;2025-12-30;19;491
25;2025-12-30;20;279
25;2025-12-30;21;181
25;2025-12-30;22;90
25;2025-12-30;23;2
25;2025-12-31;0;5
25;2025-12-31;1;1
25;2025-12-31;2;1
25;2025-12-31;3;1
25;2025-12-31;4;0
25;2025-12-31;5;1
25;2025-12-31;6;49
25;2025-12-31;7;129
25;2025-12-31;8;292
25;2025-12-31;9;187
25;2025-12-31;10;161
25;2025-12-31;11;217
25;2025-12-31;12;245
25;2025-12-31;13;315
25;2025-12-31;14;318
25;2025-12-31;15;356
25;2025-12-31;16;376
25;2025-12-31;17;355
25;2025-12-31;18;279
25;2025-12-31;19;218
25;2025-12-31;20;161
25;2025-12-31;21;122
25;2025-12-31;22;72
25;2025-12-31;23;23
26;2025-11-01;0;101
26;2025-11-01;1;44
26;2025-11-01;2;36
26;2025-11-01;3;36
26;2025-11-01;4;50
26;2025-11-01;5;151
26;2025-11-01;6;546
26;2025-11-01;7;963
26;2025-11-01;8;1440
26;2025-11-01;9;1227
26;2025-11-01;10;1193
26;2025-11-01;11;1213
26;2025-11-01;12;1228
26;2025-11-01;13;1294
26;2025-11-01;14;1304
26;2025-11-01;15;1349
26;2025-11-01;16;1444
26;2025-11-01;17;1490
26;2025-11-01;18;1442
26;2025-11-01;19;1114
26;2025-11-01;20;838
26;2025-11-01;21;604
26;2025-11-01;22;403
26;2025-11-01;23;263
26;2025-11-02;0;52
26;2025-11-02;1;4
26;2025-11-02;2;0
26;2025-11-02;3;0
26;2025-11-02;4;3
26;2025-11-02;5;24
26;2025-11-02;6;146
26;2025-11-02;7;250
26;2025-11-02;8;380
26;2025-11-02;9;499
26;2025-11-02;10;583
26;2025-11-02;11;717
26;2025-11-02;12;786
26;2025-11-02;13;840
26;2025-11-02;14;805
26;2025-11-02;15;789
26;2025-11-02;16;757
26;2025-11-02;17;727
26;2025-11-02;18;663
26;2025-11-02;19;537
26;2025-11-02;20;424
26;2025-11-02;21;291
26;2025-11-02;22;176
26;2025-11-02;23;106
26;2025-11-03;0;41
26;2025-11-03;1;4
26;2025-11-03;2;1
26;2025-11-03;3;1
26;2025-11-03;4;1
26;2025-11-03;5;39
26;2025-11-03;6;221
26;2025-11-03;7;442
26;2025-11-03;8;793
26;2025-11-03;9;643
26;2025-11-03;10;623
26;2025-11-03;11;679
26;2025-11-03;12;749
26;2025-11-03;13;798
26;2025-11-03;14;775
26;2025-11-03;15;813
26;2025-11-03;16;839
26;2025-11-03;17;938
26;2025-11-03;18;953
26;2025-11-03;19;744
26;2025-11-03;20;484
26;2025-11-03;21;311
26;2025-11-03;22;163
26;2025-11-03;23;102
26;2025-11-04;0;43
26;2025-11-04;1;8
26;2025-11-04;2;2
26;2025-11-04;3;2
26;2025-11-04;4;1
26;2025-11-04;5;11
26;2025-11-04;6;128
26;2025-11-04;7;305
26;2025-11-04;8;607
26;2025-11-04;9;468
26;2025-11-04;10;439
26;2025-11-04;11;538
26;2025-11-04;12;592
26;2025-11-04;13;665
26;2025-11-04;14;644
26;2025-11-04;15;682
26;2025-11-04;16;691
26;2025-11-04;17;753
26;2025-11-04;18;800
26;2025-11-04;19;607
26;2025-11-04;20;414
26;2025-11-04;21;270
26;2025-11-04;22;128
26;2025-11-04;23;82
26;2025-11-05;0;33
26;2025-11-05;1;1
26;2025-11-05;2;0
26;2025-11-05;3;0
26;2025-11-05;4;3
26;2025-11-05;5;82
26;2025-11-05;6;511
26;2025-11-05;7;1230
26;2025-11-05;8;2202
26;2025-11-05;9;1504
26;2025-11-05;10;1195
26;2025-11-05;11;1125
26;2025-11-05;12;1160
26;2025-11-05;13;1187
26;2025-11-05;14;1243
26;2025-11-05;15;1326
26;2025-11-05;16;1502
26;2025-11-05;17;1758
26;2025-11-05;18;1920
26;2025-11-05;19;1304
26;2025-11-05;20;801
26;2025-11-05;21;492
26;2025-11-05;22;239
26;2025-11-05;23;131
26;2025-11-06;0;35
26;2025-11-06;1;1
26;2025-11-06;2;0
26;2025-11-06;3;0
26;2025-11-06;4;2
26;2025-11-06;5;78
26;2025-11-06;6;499
26;2025-11-06;7;1201
26;2025-11-06;8;2155
26;2025-11-06;9;1473
26;2025-11-06;10;1171
26;2025-11-06;11;1113
26;2025-11-06;12;1139
26;2025-11-06;13;1162
26;2025-11-06;14;1207
26;2025-11-06;15;1318
26;2025-11-06;16;1490
26;2025-11-06;17;1741
26;2025-11-06;18;1895
26;2025-11-06;19;1280
26;2025-11-06;20;787
26;2025-11-06;21;481
26;2025-11-06;22;242
26;2025-11-06;23;136
26;2025-11-07;0;37
26;2025-11-07;1;2
26;2025-11-07;2;0
26;2025-11-07;3;0
26;2025-11-07;4;2
26;2025-11-07;5;73
26;2025-11-07;6;493
26;2025-11-07;7;1145
26;2025-11-07;8;2031
26;2025-11-07;9;1394
26;2025-11-07;10;1149
26;2025-11-07;11;1089
26;2025-11-07;12;1145
26;2025-11-07;13;1175
26;2025-11-07;14;1238
26;2025-11-07;15;1369
26;2025-11-07;16;1558
26;2025-11-07;17;1714
26;2025-11-07;18;1515
26;2025-11-07;19;1138
26;2025-11-07;20;740
26;2025-11-07;21;456
26;2025-11-07;22;231
26;2025-11-07;23;150
26;2025-11-08;0;51
26;2025-11-08;1;2
26;2025-11-08;2;0
26;2025-11-08;3;0
26;2025-11-08;4;3
26;2025-11-08;5;51
26;2025-11-08;6;241
26;2025-11-08;7;380
26;2025-11-08;8;567
26;2025-11-08;9;693
26;2025-11-08;10;795
26;2025-11-08;11;919
26;2025-11-08;12;971
26;2025-11-08;13;1026
26;2025-11-08;14;1000
26;2025-11-08;15;979
26;2025-11-08;16;930
26;2025-11-08;17;932
26;2025-11-08;18;871
26;2025-11-08;19;750
26;2025-11-08;20;554
26;2025-11-08;21;383
26;2025-11-08;22;229
26;2025-11-08;23;149
26;2025-11-09;0;50
26;2025-11-09;1;4
26;2025-11-09;2;0
26;2025-11-09;3;0
26;2025-11-09;4;2
26;2025-11-09;5;24
26;2025-11-09;6;151
26;2025-11-09;7;248
26;2025-11-09;8;382
26;2025-11-09;9;506
26;2025-11-09;10;592
26;2025-11-09;11;725
26;2025-11-09;12;798
26;2025-11-09;13;853
26;2025-11-09;14;824
26;2025-11-09;15;807
26;2025-11-09;16;777
26;2025-11-09;17;747
26;2025-11-09;18;681
26;2025-11-09;19;544
26;2025-11-09;20;430
26;2025-11-09;21;295
26;2025-11-09;22;181
26;2025-11-09;23;104
26;2025-11-10;0;32
26;2025-11-10;1;2
26;2025-11-10;2;0
26;2025-11-10;3;0
26;2025-11-10;4;2
26;2025-11-10;5;74
26;2025-11-10;6;490
26;2025-11-10;7;1164
26;2025-11-10;8;2111
26;2025-11-10;9;1424
26;2025-11-10;10;1137
26;2025-11-10;11;1060
26;2025-11-10;12;1082
26;2025-11-10;13;1122
26;2025-11-10;14;1139
26;2025-11-10;15;1238
26;2025-11-10;16;1432
26;2025-11-10;17;1714
26;2025-11-10;18;1880
26;2025-11-10;19;1259
26;2025-11-10;20;762
26;2025-11-10;21;444
26;2025-11-10;22;210
26;2025-11-10;23;105
26;2025-11-11;0;31
26;2025-11-11;1;1
26;2025-11-11;2;0
26;2025-11-11;3;0
26;2025-11-11;4;2
26;2025-11-11;5;79
26;2025-11-11;6;511
26;2025-11-11;7;1235
26;2025-11-11;8;2206
26;2025-11-11;9;1502
26;2025-11-11;10;1183
26;2025-11-11;11;1111
26;2025-11-11;12;1147
26;2025-11-11;13;1159
26;2025-11-11;14;1200
26;2025-11-11;15;1305
26;2025-11-11;16;1508
26;2025-11-11;17;1783
26;2025-11-11;18;1942
26;2025-11-11;19;1309
26;2025-11-11;20;801
26;2025-11-11;21;473
26;2025-11-11;22;227
26;2025-11-11;23;119
26;2025-11-12;0;33
26;2025-11-12;1;1
26;2025-11-12;2;0
26;2025-11-12;3;0
26;2025-11-12;4;2
26;2025-11-12;5;81
26;2025-11-12;6;509
26;2025-11-12;7;1237
26;2025-11-12;8;2219
26;2025-11-12;9;1512
26;2025-11-12;10;1200
26;2025-11-12;11;1130
26;2025-11-12;12;1165
26;2025-11-12;13;1191
26;2025-11-12;14;1250
26;2025-11-12;15;1333
26;2025-11-12;16;1513
26;2025-11-12;17;1771
26;2025-11-12;18;1933
26;2025-11-12;19;1307
26;2025-11-12;20;802
26;2025-11-12;21;492
26;2025-11-12;22;238
26;2025-11-12;23;128
26;2025-11-13;0;35
26;2025-11-13;1;1
26;2025-11-13;2;0
26;2025-11-13;3;0
26;2025-11-13;4;1
26;2025-11-13;5;78
26;2025-11-13;6;498
26;2025-11-13;7;1210
26;2025-11-13;8;2174
26;2025-11-13;9;1479
26;2025-11-13;10;1174
26;2025-11-13;11;1115
26;2025-11-13;12;1142
26;2025-11-13;13;1164
26;2025-11-13;14;1209
26;2025-11-13;15;1322
26;2025-11-13;16;1497
26;2025-11-13;17;1748
26;2025-11-13;18;1901
26;2025-11-13;19;1281
26;2025-11-13;20;785
26;2025-11-13;21;479
26;2025-11-13;22;237
26;2025-11-13;23;132
26;2025-11-14;0;37
26;2025-11-14;1;2
26;2025-11-14;2;0
26;2025-11-14;3;0
26;2025-11-14;4;1
26;2025-11-14;5;73
26;2025-11-14;6;491
26;2025-11-14;7;1154
26;2025-11-14;8;2050
26;2025-11-14;9;1399
26;2025-11-14;10;1156
26;2025-11-14;11;1096
26;2025-11-14;12;1149
26;2025-11-14;13;1179
26;2025-11-14;14;1242
26;2025-11-14;15;1374
26;2025-11-14;16;1567
26;2025-11-14;17;1722
26;2025-11-14;18;1517
26;2025-11-14;19;1139
26;2025-11-14;20;739
26;2025-11-14;21;455
26;2025-11-14;22;228
26;2025-11-14;23;148
26;2025-11-15;0;51
26;2025-11-15;1;2
26;2025-11-15;2;0
26;2025-11-15;3;0
26;2025-11-15;4;3
26;2025-11-15;5;56
26;2025-11-15;6;245
26;2025-11-15;7;393
26;2025-11-15;8;583
26;2025-11-15;9;706
26;2025-11-15;10;807
26;2025-11-15;11;934
26;2025-11-15;12;982
26;2025-11-15;13;1040
26;2025-11-15;14;1015
26;2025-11-15;15;995
26;2025-11-15;16;947
26;2025-11-15;17;950
26;2025-11-15;18;879
26;2025-11-15;19;758
26;2025-11-15;20;559
26;2025-11-15;21;385
26;2025-11-15;22;230
26;2025-11-15;23;152
26;2025-11-16;0;51
26;2025-11-16;1;4
26;2025-11-16;2;0
26;2025-11-16;3;0
26;2025-11-16;4;2
26;2025-11-16;5;25
26;2025-11-16;6;155
26;2025-11-16;7;258
26;2025-11-16;8;392
26;2025-11-16;9;520
26;2025-11-16;10;606
26;2025-11-16;11;743
26;2025-11-16;12;814
26;2025-11-16;13;869
26;2025-11-16;14;836
26;2025-11-16;15;823
26;2025-11-16;16;794
26;2025-11-16;17;758
26;2025-11-16;18;687
26;2025-11-16;19;548
26;2025-11-16;20;431
26;2025-11-16;21;293
26;2025-11-16;22;178
26;2025-11-16;23;103
26;2025-11-17;0;32
26;2025-11-17;1;2
26;2025-11-17;2;0
26;2025-11-17;3;0
26;2025-11-17;4;1
26;2025-11-17;5;75
26;2025-11-17;6;490
26;2025-11-17;7;1163
26;2025-11-17;8;2105
26;2025-11-17;9;1419
26;2025-11-17;10;1133
26;2025-11-17;11;1055
26;2025-11-17;12;1077
26;2025-11-17;13;1117
26;2025-11-17;14;1133
26;2025-11-17;15;1237
26;2025-11-17;16;1432
26;2025-11-17;17;1715
26;2025-11-17;18;1877
26;2025-11-17;19;1263
26;2025-11-17;20;761
26;2025-11-17;21;441
26;2025-11-17;22;206
26;2025-11-17;23;105
26;2025-11-18;0;31
26;2025-11-18;1;1
26;2025-11-18;2;0
26;2025-11-18;3;0
26;2025-11-18;4;2
26;2025-11-18;5;80
26;2025-11-18;6;512
26;2025-11-18;7;1237
26;2025-11-18;8;2207
26;2025-11-18;9;1503
26;2025-11-18;10;1185
26;2025-11-18;11;1114
26;2025-11-18;12;1149
26;2025-11-18;13;1161
26;2025-11-18;14;1198
26;2025-11-18;15;1303
26;2025-11-18;16;1505
26;2025-11-18;17;1778
26;2025-11-18;18;1933
26;2025-11-18;19;1305
26;2025-11-18;20;796
26;2025-11-18;21;468
26;2025-11-18;22;222
26;2025-11-18;23;118
26;2025-11-19;0;33
26;2025-11-19;1;1
26;2025-11-19;2;0
26;2025-11-19;3;0
26;2025-11-19;4;2
26;2025-11-19;5;82
26;2025-11-19;6;511
26;2025-11-19;7;1241
26;2025-11-19;8;2221
26;2025-11-19;9;1512
26;2025-11-19;10;1203
26;2025-11-19;11;1135
26;2025-11-19;12;1169
26;2025-11-19;13;1195
26;2025-11-19;14;1251
26;2025-11-19;15;1334
26;2025-11-19;16;1513
26;2025-11-19;17;1770
26;2025-11-19;18;1929
26;2025-11-19;19;1307
26;2025-11-19;20;799
26;2025-11-19;21;489
26;2025-11-19;22;234
26;2025-11-19;23;128
26;2025-11-20;0;35
26;2025-11-20;1;1
26;2025-11-20;2;0
26;2025-11-20;3;0
26;2025-11-20;4;1
26;2025-11-20;5;79
26;2025-11-20;6;500
26;2025-11-20;7;1209
26;2025-11-20;8;2172
26;2025-11-20;9;1480
26;2025-11-20;10;1178
26;2025-11-20;11;1119
26;2025-11-20;12;1146
26;2025-11-20;13;1166
26;2025-11-20;14;1206
26;2025-11-20;15;1320
26;2025-11-20;16;1493
26;2025-11-20;17;1753
26;2025-11-20;18;1902
26;2025-11-20;19;1284
26;2025-11-20;20;785
26;2025-11-20;21;478
26;2025-11-20;22;236
26;2025-11-20;23;133
26;2025-11-21;0;37
26;2025-11-21;1;2
26;2025-11-21;2;0
26;2025-11-21;3;0
26;2025-11-21;4;1
26;2025-11-21;5;74
26;2025-11-21;6;495
26;2025-11-21;7;1156
26;2025-11-21;8;2050
26;2025-11-21;9;1405
26;2025-11-21;10;1164
26;2025-11-21;11;1106
26;2025-11-21;12;1160
26;2025-11-21;13;1189
26;2025-11-21;14;1248
26;2025-11-21;15;1380
26;2025-11-21;16;1572
26;2025-11-21;17;1731
26;2025-11-21;18;1529
26;2025-11-21;19;1145
26;2025-11-21;20;741
26;2025-11-21;21;455
26;2025-11-21;22;226
26;2025-11-21;23;149
26;2025-11-22;0;51
26;2025-11-22;1;2
26;2025-11-22;2;0
26;2025-11-22;3;0
26;2025-11-22;4;4
26;2025-11-22;5;54
26;2025-11-22;6;242
26;2025-11-22;7;394
26;2025-11-22;8;585
26;2025-11-22;9;709
26;2025-11-22;10;811
26;2025-11-22;11;937
26;2025-11-22;12;985
26;2025-11-22;13;1041
26;2025-11-22;14;1011
26;2025-11-22;15;993
26;2025-11-22;16;946
26;2025-11-22;17;952
26;2025-11-22;18;880
26;2025-11-22;19;760
26;2025-11-22;20;561
26;2025-11-22;21;386
26;2025-11-22;22;229
26;2025-11-22;23;150
26;2025-11-23;0;51
26;2025-11-23;1;4
26;2025-11-23;2;0
26;2025-11-23;3;0
26;2025-11-23;4;4
26;2025-11-23;5;24
26;2025-11-23;6;150
26;2025-11-23;7;257
26;2025-11-23;8;389
26;2025-11-23;9;511
26;2025-11-23;10;598
26;2025-11-23;11;735
26;2025-11-23;12;807
26;2025-11-23;13;862
26;2025-11-23;14;828
26;2025-11-23;15;814
26;2025-11-23;16;789
26;2025-11-23;17;763
26;2025-11-23;18;695
26;2025-11-23;19;555
26;2025-11-23;20;435
26;2025-11-23;21;300
26;2025-11-23;22;183
26;2025-11-23;23;105
26;2025-11-24;0;32
26;2025-11-24;1;2
26;2025-11-24;2;0
26;2025-11-24;3;0
26;2025-11-24;4;3
26;2025-11-24;5;74
26;2025-11-24;6;491
26;2025-11-24;7;1171
26;2025-11-24;8;2106
26;2025-11-24;9;1427
26;2025-11-24;10;1142
26;2025-11-24;11;1066
26;2025-11-24;12;1088
26;2025-11-24;13;1130
26;2025-11-24;14;1145
26;2025-11-24;15;1247
26;2025-11-24;16;1440
26;2025-11-24;17;1718
26;2025-11-24;18;1879
26;2025-11-24;19;1264
26;2025-11-24;20;771
26;2025-11-24;21;447
26;2025-11-24;22;211
26;2025-11-24;23;111
26;2025-11-25;0;31
26;2025-11-25;1;1
26;2025-11-25;2;0
26;2025-11-25;3;0
26;2025-11-25;4;2
26;2025-11-25;5;79
26;2025-11-25;6;512
26;2025-11-25;7;1233
26;2025-11-25;8;2195
26;2025-11-25;9;1500
26;2025-11-25;10;1184
26;2025-11-25;11;1113
26;2025-11-25;12;1150
26;2025-11-25;13;1164
26;2025-11-25;14;1201
26;2025-11-25;15;1306
26;2025-11-25;16;1507
26;2025-11-25;17;1781
26;2025-11-25;18;1929
26;2025-11-25;19;1310
26;2025-11-25;20;804
26;2025-11-25;21;476
26;2025-11-25;22;229
26;2025-11-25;23;124
26;2025-11-26;0;33
26;2025-11-26;1;1
26;2025-11-26;2;0
26;2025-11-26;3;0
26;2025-11-26;4;3
26;2025-11-26;5;82
26;2025-11-26;6;513
26;2025-11-26;7;1236
26;2025-11-26;8;2206
26;2025-11-26;9;1514
26;2025-11-26;10;1205
26;2025-11-26;11;1138
26;2025-11-26;12;1173
26;2025-11-26;13;1200
26;2025-11-26;14;1257
26;2025-11-26;15;1341
26;2025-11-26;16;1517
26;2025-11-26;17;1776
26;2025-11-26;18;1926
26;2025-11-26;19;1315
26;2025-11-26;20;810
26;2025-11-26;21;498
26;2025-11-26;22;242
26;2025-11-26;23;134
26;2025-11-27;0;35
26;2025-11-27;1;1
26;2025-11-27;2;0
26;2025-11-27;3;0
26;2025-11-27;4;1
26;2025-11-27;5;79
26;2025-11-27;6;501
26;2025-11-27;7;1203
26;2025-11-27;8;2155
26;2025-11-27;9;1478
26;2025-11-27;10;1178
26;2025-11-27;11;1120
26;2025-11-27;12;1146
26;2025-11-27;13;1169
26;2025-11-27;14;1212
26;2025-11-27;15;1324
26;2025-11-27;16;1496
26;2025-11-27;17;1754
26;2025-11-27;18;1889
26;2025-11-27;19;1285
26;2025-11-27;20;787
26;2025-11-27;21;480
26;2025-11-27;22;239
26;2025-11-27;23;136
26;2025-11-28;0;37
26;2025-11-28;1;1
26;2025-11-28;2;0
26;2025-11-28;3;0
26;2025-11-28;4;2
26;2025-11-28;5;74
26;2025-11-28;6;494
26;2025-11-28;7;1148
26;2025-11-28;8;2031
26;2025-11-28;9;1398
26;2025-11-28;10;1158
26;2025-11-28;11;1099
26;2025-11-28;12;1153
26;2025-11-28;13;1183
26;2025-11-28;14;1240
26;2025-11-28;15;1370
26;2025-11-28;16;1560
26;2025-11-28;17;1722
26;2025-11-28;18;1512
26;2025-11-28;19;1140
26;2025-11-28;20;739
26;2025-11-28;21;453
26;2025-11-28;22;227
26;2025-11-28;23;151
26;2025-11-29;0;51
26;2025-11-29;1;2
26;2025-11-29;2;0
26;2025-11-29;3;0
26;2025-11-29;4;4
26;2025-11-29;5;56
26;2025-11-29;6;241
26;2025-11-29;7;391
26;2025-11-29;8;582
26;2025-11-29;9;702
26;2025-11-29;10;801
26;2025-11-29;11;927
26;2025-11-29;12;979
26;2025-11-29;13;1032
26;2025-11-29;14;998
26;2025-11-29;15;978
26;2025-11-29;16;928
26;2025-11-29;17;928
26;2025-11-29;18;861
26;2025-11-29;19;751
26;2025-11-29;20;549
26;2025-11-29;21;379
26;2025-11-29;22;224
26;2025-11-29;23;150
26;2025-11-30;0;52
26;2025-11-30;1;4
26;2025-11-30;2;0
26;2025-11-30;3;0
26;2025-11-30;4;3
26;2025-11-30;5;25
26;2025-11-30;6;146
26;2025-11-30;7;250
26;2025-11-30;8;380
26;2025-11-30;9;505
26;2025-11-30;10;588
26;2025-11-30;11;724
26;2025-11-30;12;793
26;2025-11-30;13;847
26;2025-11-30;14;808
26;2025-11-30;15;791
26;2025-11-30;16;759
26;2025-11-30;17;732
26;2025-11-30;18;664
26;2025-11-30;19;537
26;2025-11-30;20;423
26;2025-11-30;21;290
26;2025-11-30;22;175
26;2025-11-30;23;106
26;2025-12-01;0;32
26;2025-12-01;1;2
26;2025-12-01;2;0
26;2025-12-01;3;0
26;2025-12-01;4;2
26;2025-12-01;5;77
26;2025-12-01;6;501
26;2025-12-01;7;1109
26;2025-12-01;8;1989
26;2025-12-01;9;1390
26;2025-12-01;10;1113
26;2025-12-01;11;1038
26;2025-12-01;12;1055
26;2025-12-01;13;1099
26;2025-12-01;14;1090
26;2025-12-01;15;1191
26;2025-12-01;16;1377
26;2025-12-01;17;1652
26;2025-12-01;18;1821
26;2025-12-01;19;1254
26;2025-12-01;20;762
26;2025-12-01;21;442
26;2025-12-01;22;210
26;2025-12-01;23;101
26;2025-12-02;0;31
26;2025-12-02;1;1
26;2025-12-02;2;0
26;2025-12-02;3;0
26;2025-12-02;4;2
26;2025-12-02;5;78
26;2025-12-02;6;519
26;2025-12-02;7;1177
26;2025-12-02;8;2088
26;2025-12-02;9;1471
26;2025-12-02;10;1164
26;2025-12-02;11;1095
26;2025-12-02;12;1123
26;2025-12-02;13;1140
26;2025-12-02;14;1156
26;2025-12-02;15;1257
26;2025-12-02;16;1450
26;2025-12-02;17;1715
26;2025-12-02;18;1873
26;2025-12-02;19;1293
26;2025-12-02;20;794
26;2025-12-02;21;467
26;2025-12-02;22;225
26;2025-12-02;23;113
26;2025-12-03;0;33
26;2025-12-03;1;1
26;2025-12-03;2;0
26;2025-12-03;3;0
26;2025-12-03;4;2
26;2025-12-03;5;84
26;2025-12-03;6;522
26;2025-12-03;7;1185
26;2025-12-03;8;2107
26;2025-12-03;9;1488
26;2025-12-03;10;1188
26;2025-12-03;11;1118
26;2025-12-03;12;1147
26;2025-12-03;13;1175
26;2025-12-03;14;1212
26;2025-12-03;15;1292
26;2025-12-03;16;1462
26;2025-12-03;17;1711
26;2025-12-03;18;1869
26;2025-12-03;19;1295
26;2025-12-03;20;799
26;2025-12-03;21;489
26;2025-12-03;22;239
26;2025-12-03;23;121
26;2025-12-04;0;35
26;2025-12-04;1;1
26;2025-12-04;2;0
26;2025-12-04;3;0
26;2025-12-04;4;2
26;2025-12-04;5;82
26;2025-12-04;6;514
26;2025-12-04;7;1159
26;2025-12-04;8;2063
26;2025-12-04;9;1459
26;2025-12-04;10;1166
26;2025-12-04;11;1108
26;2025-12-04;12;1129
26;2025-12-04;13;1152
26;2025-12-04;14;1176
26;2025-12-04;15;1286
26;2025-12-04;16;1452
26;2025-12-04;17;1696
26;2025-12-04;18;1855
26;2025-12-04;19;1273
26;2025-12-04;20;788
26;2025-12-04;21;481
26;2025-12-04;22;244
26;2025-12-04;23;129
26;2025-12-05;0;37
26;2025-12-05;1;2
26;2025-12-05;2;0
26;2025-12-05;3;0
26;2025-12-05;4;3
26;2025-12-05;5;76
26;2025-12-05;6;505
26;2025-12-05;7;1102
26;2025-12-05;8;1943
26;2025-12-05;9;1380
26;2025-12-05;10;1146
26;2025-12-05;11;1087
26;2025-12-05;12;1136
26;2025-12-05;13;1166
26;2025-12-05;14;1213
26;2025-12-05;15;1342
26;2025-12-05;16;1526
26;2025-12-05;17;1673
26;2025-12-05;18;1492
26;2025-12-05;19;1143
26;2025-12-05;20;747
26;2025-12-05;21;461
26;2025-12-05;22;237
26;2025-12-05;23;142
26;2025-12-06;0;51
26;2025-12-06;1;2
26;2025-12-06;2;0
26;2025-12-06;3;0
26;2025-12-06;4;4
26;2025-12-06;5;53
26;2025-12-06;6;234
26;2025-12-06;7;354
26;2025-12-06;8;525
26;2025-12-06;9;664
26;2025-12-06;10;762
26;2025-12-06;11;889
26;2025-12-06;12;941
26;2025-12-06;13;994
26;2025-12-06;14;963
26;2025-12-06;15;940
26;2025-12-06;16;889
26;2025-12-06;17;890
26;2025-12-06;18;832
26;2025-12-06;19;738
26;2025-12-06;20;545
26;2025-12-06;21;375
26;2025-12-06;22;225
26;2025-12-06;23;143
26;2025-12-07;0;50
26;2025-12-07;1;4
26;2025-12-07;2;0
26;2025-12-07;3;0
26;2025-12-07;4;2
26;2025-12-07;5;23
26;2025-12-07;6;145
26;2025-12-07;7;228
26;2025-12-07;8;346
26;2025-12-07;9;481
26;2025-12-07;10;565
26;2025-12-07;11;700
26;2025-12-07;12;775
26;2025-12-07;13;828
26;2025-12-07;14;793
26;2025-12-07;15;775
26;2025-12-07;16;743
26;2025-12-07;17;709
26;2025-12-07;18;646
26;2025-12-07;19;533
26;2025-12-07;20;425
26;2025-12-07;21;288
26;2025-12-07;22;174
26;2025-12-07;23;94
26;2025-12-08;0;32
26;2025-12-08;1;2
26;2025-12-08;2;0
26;2025-12-08;3;0
26;2025-12-08;4;2
26;2025-12-08;5;78
26;2025-12-08;6;504
26;2025-12-08;7;1120
26;2025-12-08;8;2012
26;2025-12-08;9;1406
26;2025-12-08;10;1131
26;2025-12-08;11;1055
26;2025-12-08;12;1072
26;2025-12-08;13;1114
26;2025-12-08;14;1110
26;2025-12-08;15;1207
26;2025-12-08;16;1395
26;2025-12-08;17;1669
26;2025-12-08;18;1830
26;2025-12-08;19;1258
26;2025-12-08;20;766
26;2025-12-08;21;443
26;2025-12-08;22;212
26;2025-12-08;23;100
26;2025-12-09;0;29
26;2025-12-09;1;0
26;2025-12-09;2;0
26;2025-12-09;3;0
26;2025-12-09;4;1
26;2025-12-09;5;77
26;2025-12-09;6;522
26;2025-12-09;7;1179
26;2025-12-09;8;2099
26;2025-12-09;9;1478
26;2025-12-09;10;1171
26;2025-12-09;11;1101
26;2025-12-09;12;1131
26;2025-12-09;13;1144
26;2025-12-09;14;1162
26;2025-12-09;15;1264
26;2025-12-09;16;1459
26;2025-12-09;17;1726
26;2025-12-09;18;1867
26;2025-12-09;19;1294
26;2025-12-09;20;795
26;2025-12-09;21;468
26;2025-12-09;22;225
26;2025-12-09;23;108
26;2025-12-10;0;33
26;2025-12-10;1;1
26;2025-12-10;2;0
26;2025-12-10;3;0
26;2025-12-10;4;1
26;2025-12-10;5;83
26;2025-12-10;6;524
26;2025-12-10;7;1198
26;2025-12-10;8;2129
26;2025-12-10;9;1501
26;2025-12-10;10;1198
26;2025-12-10;11;1129
26;2025-12-10;12;1159
26;2025-12-10;13;1185
26;2025-12-10;14;1222
26;2025-12-10;15;1302
26;2025-12-10;16;1475
26;2025-12-10;17;1726
26;2025-12-10;18;1884
26;2025-12-10;19;1297
26;2025-12-10;20;799
26;2025-12-10;21;489
26;2025-12-10;22;239
26;2025-12-10;23;119
26;2025-12-11;0;35
26;2025-12-11;1;1
26;2025-12-11;2;0
26;2025-12-11;3;0
26;2025-12-11;4;1
26;2025-12-11;5;81
26;2025-12-11;6;513
26;2025-12-11;7;1163
26;2025-12-11;8;2076
26;2025-12-11;9;1461
26;2025-12-11;10;1165
26;2025-12-11;11;1107
26;2025-12-11;12;1129
26;2025-12-11;13;1149
26;2025-12-11;14;1170
26;2025-12-11;15;1281
26;2025-12-11;16;1450
26;2025-12-11;17;1700
26;2025-12-11;18;1868
26;2025-12-11;19;1276
26;2025-12-11;20;788
26;2025-12-11;21;479
26;2025-12-11;22;242
26;2025-12-11;23;125
26;2025-12-12;0;37
26;2025-12-12;1;2
26;2025-12-12;2;0
26;2025-12-12;3;0
26;2025-12-12;4;1
26;2025-12-12;5;76
26;2025-12-12;6;503
26;2025-12-12;7;1106
26;2025-12-12;8;1956
26;2025-12-12;9;1383
26;2025-12-12;10;1148
26;2025-12-12;11;1089
26;2025-12-12;12;1139
26;2025-12-12;13;1167
26;2025-12-12;14;1212
26;2025-12-12;15;1342
26;2025-12-12;16;1529
26;2025-12-12;17;1679
26;2025-12-12;18;1490
26;2025-12-12;19;1140
26;2025-12-12;20;743
26;2025-12-12;21;457
26;2025-12-12;22;232
26;2025-12-12;23;138
26;2025-12-13;0;51
26;2025-12-13;1;2
26;2025-12-13;2;0
26;2025-12-13;3;0
26;2025-12-13;4;2
26;2025-12-13;5;51
26;2025-12-13;6;232
26;2025-12-13;7;356
26;2025-12-13;8;529
26;2025-12-13;9;667
26;2025-12-13;10;767
26;2025-12-13;11;893
26;2025-12-13;12;945
26;2025-12-13;13;1001
26;2025-12-13;14;971
26;2025-12-13;15;949
26;2025-12-13;16;900
26;2025-12-13;17;904
26;2025-12-13;18;837
26;2025-12-13;19;741
26;2025-12-13;20;547
26;2025-12-13;21;374
26;2025-12-13;22;222
26;2025-12-13;23;137
26;2025-12-14;0;50
26;2025-12-14;1;4
26;2025-12-14;2;0
26;2025-12-14;3;0
26;2025-12-14;4;1
26;2025-12-14;5;24
26;2025-12-14;6;149
26;2025-12-14;7;231
26;2025-12-14;8;354
26;2025-12-14;9;490
26;2025-12-14;10;576
26;2025-12-14;11;710
26;2025-12-14;12;783
26;2025-12-14;13;841
26;2025-12-14;14;806
26;2025-12-14;15;789
26;2025-12-14;16;760
26;2025-12-14;17;729
26;2025-12-14;18;663
26;2025-12-14;19;543
26;2025-12-14;20;431
26;2025-12-14;21;293
26;2025-12-14;22;178
26;2025-12-14;23;95
26;2025-12-15;0;32
26;2025-12-15;1;2
26;2025-12-15;2;0
26;2025-12-15;3;0
26;2025-12-15;4;1
26;2025-12-15;5;79
26;2025-12-15;6;507
26;2025-12-15;7;1128
26;2025-12-15;8;2025
26;2025-12-15;9;1415
26;2025-12-15;10;1137
26;2025-12-15;11;1061
26;2025-12-15;12;1078
26;2025-12-15;13;1117
26;2025-12-15;14;1114
26;2025-12-15;15;1213
26;2025-12-15;16;1404
26;2025-12-15;17;1681
26;2025-12-15;18;1854
26;2025-12-15;19;1265
26;2025-12-15;20;770
26;2025-12-15;21;447
26;2025-12-15;22;214
26;2025-12-15;23;100
26;2025-12-16;0;31
26;2025-12-16;1;1
26;2025-12-16;2;0
26;2025-12-16;3;0
26;2025-12-16;4;1
26;2025-12-16;5;84
26;2025-12-16;6;529
26;2025-12-16;7;1196
26;2025-12-16;8;2116
26;2025-12-16;9;1492
26;2025-12-16;10;1183
26;2025-12-16;11;1112
26;2025-12-16;12;1142
26;2025-12-16;13;1155
26;2025-12-16;14;1176
26;2025-12-16;15;1279
26;2025-12-16;16;1473
26;2025-12-16;17;1739
26;2025-12-16;18;1899
26;2025-12-16;19;1305
26;2025-12-16;20;803
26;2025-12-16;21;473
26;2025-12-16;22;230
26;2025-12-16;23;112
26;2025-12-17;0;33
26;2025-12-17;1;1
26;2025-12-17;2;0
26;2025-12-17;3;0
26;2025-12-17;4;1
26;2025-12-17;5;84
26;2025-12-17;6;526
26;2025-12-17;7;1198
26;2025-12-17;8;2129
26;2025-12-17;9;1500
26;2025-12-17;10;1198
26;2025-12-17;11;1129
26;2025-12-17;12;1159
26;2025-12-17;13;1184
26;2025-12-17;14;1223
26;2025-12-17;15;1306
26;2025-12-17;16;1475
26;2025-12-17;17;1725
26;2025-12-17;18;1892
26;2025-12-17;19;1302
26;2025-12-17;20;802
26;2025-12-17;21;491
26;2025-12-17;22;240
26;2025-12-17;23;120
26;2025-12-18;0;35
26;2025-12-18;1;1
26;2025-12-18;2;0
26;2025-12-18;3;0
26;2025-12-18;4;1
26;2025-12-18;5;83
26;2025-12-18;6;516
26;2025-12-18;7;1172
26;2025-12-18;8;2087
26;2025-12-18;9;1471
26;2025-12-18;10;1176
26;2025-12-18;11;1118
26;2025-12-18;12;1140
26;2025-12-18;13;1160
26;2025-12-18;14;1182
26;2025-12-18;15;1293
26;2025-12-18;16;1462
26;2025-12-18;17;1711
26;2025-12-18;18;1879
26;2025-12-18;19;1283
26;2025-12-18;20;794
26;2025-12-18;21;485
26;2025-12-18;22;247
26;2025-12-18;23;128
26;2025-12-19;0;37
26;2025-12-19;1;2
26;2025-12-19;2;0
26;2025-12-19;3;0
26;2025-12-19;4;1
26;2025-12-19;5;76
26;2025-12-19;6;507
26;2025-12-19;7;1112
26;2025-12-19;8;1965
26;2025-12-19;9;1390
26;2025-12-19;10;1156
26;2025-12-19;11;1099
26;2025-12-19;12;1148
26;2025-12-19;13;1176
26;2025-12-19;14;1223
26;2025-12-19;15;1353
26;2025-12-19;16;1540
26;2025-12-19;17;1689
26;2025-12-19;18;1500
26;2025-12-19;19;1149
26;2025-12-19;20;748
26;2025-12-19;21;462
26;2025-12-19;22;238
26;2025-12-19;23;141
26;2025-12-20;0;51
26;2025-12-20;1;2
26;2025-12-20;2;0
26;2025-12-20;3;0
26;2025-12-20;4;2
26;2025-12-20;5;53
26;2025-12-20;6;237
26;2025-12-20;7;365
26;2025-12-20;8;542
26;2025-12-20;9;683
26;2025-12-20;10;782
26;2025-12-20;11;913
26;2025-12-20;12;964
26;2025-12-20;13;1021
26;2025-12-20;14;992
26;2025-12-20;15;970
26;2025-12-20;16;920
26;2025-12-20;17;922
26;2025-12-20;18;855
26;2025-12-20;19;755
26;2025-12-20;20;556
26;2025-12-20;21;382
26;2025-12-20;22;231
26;2025-12-20;23;143
26;2025-12-21;0;51
26;2025-12-21;1;4
26;2025-12-21;2;0
26;2025-12-21;3;0
26;2025-12-21;4;1
26;2025-12-21;5;25
26;2025-12-21;6;149
26;2025-12-21;7;234
26;2025-12-21;8;360
26;2025-12-21;9;499
26;2025-12-21;10;585
26;2025-12-21;11;722
26;2025-12-21;12;795
26;2025-12-21;13;851
26;2025-12-21;14;817
26;2025-12-21;15;801
26;2025-12-21;16;772
26;2025-12-21;17;742
26;2025-12-21;18;675
26;2025-12-21;19;555
26;2025-12-21;20;438
26;2025-12-21;21;299
26;2025-12-21;22;182
26;2025-12-21;23;97
26;2025-12-22;0;32
26;2025-12-22;1;2
26;2025-12-22;2;0
26;2025-12-22;3;0
26;2025-12-22;4;1
26;2025-12-22;5;78
26;2025-12-22;6;508
26;2025-12-22;7;1128
26;2025-12-22;8;2025
26;2025-12-22;9;1417
26;2025-12-22;10;1142
26;2025-12-22;11;1066
26;2025-12-22;12;1083
26;2025-12-22;13;1123
26;2025-12-22;14;1119
26;2025-12-22;15;1218
26;2025-12-22;16;1408
26;2025-12-22;17;1688
26;2025-12-22;18;1859
26;2025-12-22;19;1272
26;2025-12-22;20;773
26;2025-12-22;21;448
26;2025-12-22;22;215
26;2025-12-22;23;100
26;2025-12-23;0;32
26;2025-12-23;1;1
26;2025-12-23;2;0
26;2025-12-23;3;0
26;2025-12-23;4;1
26;2025-12-23;5;81
26;2025-12-23;6;528
26;2025-12-23;7;1195
26;2025-12-23;8;2118
26;2025-12-23;9;1492
26;2025-12-23;10;1185
26;2025-12-23;11;1113
26;2025-12-23;12;1143
26;2025-12-23;13;1156
26;2025-12-23;14;1175
26;2025-12-23;15;1277
26;2025-12-23;16;1475
26;2025-12-23;17;1744
26;2025-12-23;18;1904
26;2025-12-23;19;1309
26;2025-12-23;20;806
26;2025-12-23;21;474
26;2025-12-23;22;230
26;2025-12-23;23;112
26;2025-12-24;0;34
26;2025-12-24;1;1
26;2025-12-24;2;0
26;2025-12-24;3;0
26;2025-12-24;4;1
26;2025-12-24;5;84
26;2025-12-24;6;532
26;2025-12-24;7;1200
26;2025-12-24;8;2134
26;2025-12-24;9;1510
26;2025-12-24;10;1209
26;2025-12-24;11;1141
26;2025-12-24;12;1171
26;2025-12-24;13;1197
26;2025-12-24;14;1235
26;2025-12-24;15;1317
26;2025-12-24;16;1490
26;2025-12-24;17;1745
26;2025-12-24;18;1910
26;2025-12-24;19;1320
26;2025-12-24;20;817
26;2025-12-24;21;499
26;2025-12-24;22;246
26;2025-12-24;23;126
26;2025-12-25;0;36
26;2025-12-25;1;1
26;2025-12-25;2;0
26;2025-12-25;3;0
26;2025-12-25;4;1
26;2025-12-25;5;82
26;2025-12-25;6;520
26;2025-12-25;7;1175
26;2025-12-25;8;2086
26;2025-12-25;9;1476
26;2025-12-25;10;1182
26;2025-12-25;11;1125
26;2025-12-25;12;1147
26;2025-12-25;13;1169
26;2025-12-25;14;1192
26;2025-12-25;15;1303
26;2025-12-25;16;1471
26;2025-12-25;17;1725
26;2025-12-25;18;1894
26;2025-12-25;19;1294
26;2025-12-25;20;804
26;2025-12-25;21;490
26;2025-12-25;22;250
26;2025-12-25;23;132
26;2025-12-26;0;38
26;2025-12-26;1;2
26;2025-12-26;2;0
26;2025-12-26;3;0
26;2025-12-26;4;2
26;2025-12-26;5;76
26;2025-12-26;6;511
26;2025-12-26;7;1112
26;2025-12-26;8;1967
26;2025-12-26;9;1393
26;2025-12-26;10;1162
26;2025-12-26;11;1105
26;2025-12-26;12;1154
26;2025-12-26;13;1184
26;2025-12-26;14;1231
26;2025-12-26;15;1361
26;2025-12-26;16;1547
26;2025-12-26;17;1699
26;2025-12-26;18;1516
26;2025-12-26;19;1160
26;2025-12-26;20;760
26;2025-12-26;21;469
26;2025-12-26;22;243
26;2025-12-26;23;147
26;2025-12-27;0;51
26;2025-12-27;1;2
26;2025-12-27;2;0
26;2025-12-27;3;0
26;2025-12-27;4;4
26;2025-12-27;5;54
26;2025-12-27;6;236
26;2025-12-27;7;365
26;2025-12-27;8;540
26;2025-12-27;9;684
26;2025-12-27;10;782
26;2025-12-27;11;913
26;2025-12-27;12;965
26;2025-12-27;13;1018
26;2025-12-27;14;988
26;2025-12-27;15;967
26;2025-12-27;16;917
26;2025-12-27;17;919
26;2025-12-27;18;858
26;2025-12-27;19;759
26;2025-12-27;20;560
26;2025-12-27;21;388
26;2025-12-27;22;234
26;2025-12-27;23;148
26;2025-12-28;0;51
26;2025-12-28;1;4
26;2025-12-28;2;0
26;2025-12-28;3;0
26;2025-12-28;4;2
26;2025-12-28;5;26
26;2025-12-28;6;149
26;2025-12-28;7;235
26;2025-12-28;8;358
26;2025-12-28;9;493
26;2025-12-28;10;576
26;2025-12-28;11;714
26;2025-12-28;12;787
26;2025-12-28;13;840
26;2025-12-28;14;806
26;2025-12-28;15;788
26;2025-12-28;16;758
26;2025-12-28;17;727
26;2025-12-28;18;665
26;2025-12-28;19;550
26;2025-12-28;20;435
26;2025-12-28;21;297
26;2025-12-28;22;182
26;2025-12-28;23;99
26;2025-12-29;0;31
26;2025-12-29;1;2
26;2025-12-29;2;0
26;2025-12-29;3;0
26;2025-12-29;4;2
26;2025-12-29;5;75
26;2025-12-29;6;481
26;2025-12-29;7;1065
26;2025-12-29;8;1911
26;2025-12-29;9;1337
26;2025-12-29;10;1078
26;2025-12-29;11;1005
26;2025-12-29;12;1021
26;2025-12-29;13;1061
26;2025-12-29;14;1056
26;2025-12-29;15;1149
26;2025-12-29;16;1328
26;2025-12-29;17;1591
26;2025-12-29;18;1749
26;2025-12-29;19;1199
26;2025-12-29;20;730
26;2025-12-29;21;423
26;2025-12-29;22;203
26;2025-12-29;23;98
26;2025-12-30;0;29
26;2025-12-30;1;1
26;2025-12-30;2;0
26;2025-12-30;3;0
26;2025-12-30;4;2
26;2025-12-30;5;76
26;2025-12-30;6;483
26;2025-12-30;7;1093
26;2025-12-30;8;1934
26;2025-12-30;9;1365
26;2025-12-30;10;1084
26;2025-12-30;11;1019
26;2025-12-30;12;1046
26;2025-12-30;13;1059
26;2025-12-30;14;1075
26;2025-12-30;15;1168
26;2025-12-30;16;1346
26;2025-12-30;17;1591
26;2025-12-30;18;1733
26;2025-12-30;19;1197
26;2025-12-30;20;737
26;2025-12-30;21;434
26;2025-12-30;22;212
26;2025-12-30;23;106
26;2025-12-31;0;36
26;2025-12-31;1;2
26;2025-12-31;2;1
26;2025-12-31;3;1
26;2025-12-31;4;1
26;2025-12-31;5;27
26;2025-12-31;6;211
26;2025-12-31;7;382
26;2025-12-31;8;703
26;2025-12-31;9;636
26;2025-12-31;10;575
26;2025-12-31;11;634
26;2025-12-31;12;660
26;2025-12-31;13;687
26;2025-12-31;14;678
26;2025-12-31;15;700
26;2025-12-31;16;731
26;2025-12-31;17;775
26;2025-12-31;18;630
26;2025-12-31;19;506
26;2025-12-31;20;359
26;2025-12-31;21;236
26;2025-12-31;22;121
26;2025-12-31;23;92
28;2025-11-01;0;43
28;2025-11-01;1;36
28;2025-11-01;2;37
28;2025-11-01;3;37
28;2025-11-01;4;38
28;2025-11-01;5;116
28;2025-11-01;6;260
28;2025-11-01;7;600
28;2025-11-01;8;885
28;2025-11-01;9;721
28;2025-11-01;10;666
28;2025-11-01;11;665
28;2025-11-01;12;685
28;2025-11-01;13;730
28;2025-11-01;14;725
28;2025-11-01;15;759
28;2025-11-01;16;805
28;2025-11-01;17;850
28;2025-11-01;18;807
28;2025-11-01;19;634
28;2025-11-01;20;472
28;2025-11-01;21;373
28;2025-11-01;22;220
28;2025-11-01;23;94
28;2025-11-02;0;5
28;2025-11-02;1;0
28;2025-11-02;2;0
28;2025-11-02;3;0
28;2025-11-02;4;3
28;2025-11-02;5;33
28;2025-11-02;6;84
28;2025-11-02;7;134
28;2025-11-02;8;237
28;2025-11-02;9;297
28;2025-11-02;10;355
28;2025-11-02;11;408
28;2025-11-02;12;460
28;2025-11-02;13;513
28;2025-11-02;14;490
28;2025-11-02;15;490
28;2025-11-02;16;459
28;2025-11-02;17;438
28;2025-11-02;18;385
28;2025-11-02;19;320
28;2025-11-02;20;265
28;2025-11-02;21;216
28;2025-11-02;22;96
28;2025-11-02;23;15
28;2025-11-03;0;3
28;2025-11-03;1;1
28;2025-11-03;2;1
28;2025-11-03;3;1
28;2025-11-03;4;0
28;2025-11-03;5;31
28;2025-11-03;6;103
28;2025-11-03;7;264
28;2025-11-03;8;505
28;2025-11-03;9;370
28;2025-11-03;10;316
28;2025-11-03;11;346
28;2025-11-03;12;398
28;2025-11-03;13;448
28;2025-11-03;14;428
28;2025-11-03;15;443
28;2025-11-03;16;466
28;2025-11-03;17;501
28;2025-11-03;18;457
28;2025-11-03;19;368
28;2025-11-03;20;274
28;2025-11-03;21;208
28;2025-11-03;22;78
28;2025-11-03;23;12
28;2025-11-04;0;4
28;2025-11-04;1;4
28;2025-11-04;2;2
28;2025-11-04;3;2
28;2025-11-04;4;0
28;2025-11-04;5;7
28;2025-11-04;6;19
28;2025-11-04;7;114
28;2025-11-04;8;305
28;2025-11-04;9;186
28;2025-11-04;10;172
28;2025-11-04;11;220
28;2025-11-04;12;285
28;2025-11-04;13;340
28;2025-11-04;14;326
28;2025-11-04;15;332
28;2025-11-04;16;341
28;2025-11-04;17;351
28;2025-11-04;18;318
28;2025-11-04;19;244
28;2025-11-04;20;214
28;2025-11-04;21;175
28;2025-11-04;22;53
28;2025-11-04;23;4
28;2025-11-05;0;0
28;2025-11-05;1;0
28;2025-11-05;2;0
28;2025-11-05;3;0
28;2025-11-05;4;3
28;2025-11-05;5;80
28;2025-11-05;6;261
28;2025-11-05;7;831
28;2025-11-05;8;1359
28;2025-11-05;9;844
28;2025-11-05;10;619
28;2025-11-05;11;596
28;2025-11-05;12;648
28;2025-11-05;13;684
28;2025-11-05;14;671
28;2025-11-05;15;732
28;2025-11-05;16;864
28;2025-11-05;17;1022
28;2025-11-05;18;1058
28;2025-11-05;19;764
28;2025-11-05;20;497
28;2025-11-05;21;321
28;2025-11-05;22;130
28;2025-11-05;23;14
28;2025-11-06;0;0
28;2025-11-06;1;0
28;2025-11-06;2;0
28;2025-11-06;3;0
28;2025-11-06;4;3
28;2025-11-06;5;78
28;2025-11-06;6;263
28;2025-11-06;7;832
28;2025-11-06;8;1333
28;2025-11-06;9;859
28;2025-11-06;10;624
28;2025-11-06;11;591
28;2025-11-06;12;665
28;2025-11-06;13;688
28;2025-11-06;14;682
28;2025-11-06;15;733
28;2025-11-06;16;865
28;2025-11-06;17;1029
28;2025-11-06;18;1068
28;2025-11-06;19;757
28;2025-11-06;20;503
28;2025-11-06;21;330
28;2025-11-06;22;133
28;2025-11-06;23;17
28;2025-11-07;0;1
28;2025-11-07;1;0
28;2025-11-07;2;0
28;2025-11-07;3;0
28;2025-11-07;4;3
28;2025-11-07;5;73
28;2025-11-07;6;253
28;2025-11-07;7;815
28;2025-11-07;8;1285
28;2025-11-07;9;829
28;2025-11-07;10;616
28;2025-11-07;11;593
28;2025-11-07;12;661
28;2025-11-07;13;703
28;2025-11-07;14;729
28;2025-11-07;15;786
28;2025-11-07;16;936
28;2025-11-07;17;1015
28;2025-11-07;18;855
28;2025-11-07;19;679
28;2025-11-07;20;463
28;2025-11-07;21;317
28;2025-11-07;22;126
28;2025-11-07;23;23
28;2025-11-08;0;2
28;2025-11-08;1;0
28;2025-11-08;2;0
28;2025-11-08;3;0
28;2025-11-08;4;0
28;2025-11-08;5;41
28;2025-11-08;6;123
28;2025-11-08;7;220
28;2025-11-08;8;368
28;2025-11-08;9;446
28;2025-11-08;10;479
28;2025-11-08;11;504
28;2025-11-08;12;564
28;2025-11-08;13;609
28;2025-11-08;14;594
28;2025-11-08;15;584
28;2025-11-08;16;549
28;2025-11-08;17;537
28;2025-11-08;18;478
28;2025-11-08;19;407
28;2025-11-08;20;317
28;2025-11-08;21;261
28;2025-11-08;22;131
28;2025-11-08;23;32
28;2025-11-09;0;4
28;2025-11-09;1;0
28;2025-11-09;2;0
28;2025-11-09;3;0
28;2025-11-09;4;1
28;2025-11-09;5;32
28;2025-11-09;6;89
28;2025-11-09;7;135
28;2025-11-09;8;242
28;2025-11-09;9;306
28;2025-11-09;10;368
28;2025-11-09;11;420
28;2025-11-09;12;476
28;2025-11-09;13;530
28;2025-11-09;14;513
28;2025-11-09;15;512
28;2025-11-09;16;482
28;2025-11-09;17;458
28;2025-11-09;18;407
28;2025-11-09;19;332
28;2025-11-09;20;275
28;2025-11-09;21;222
28;2025-11-09;22;103
28;2025-11-09;23;15
28;2025-11-10;0;1
28;2025-11-10;1;0
28;2025-11-10;2;0
28;2025-11-10;3;0
28;2025-11-10;4;0
28;2025-11-10;5;67
28;2025-11-10;6;240
28;2025-11-10;7;795
28;2025-11-10;8;1296
28;2025-11-10;9;813
28;2025-11-10;10;578
28;2025-11-10;11;537
28;2025-11-10;12;602
28;2025-11-10;13;623
28;2025-11-10;14;618
28;2025-11-10;15;661
28;2025-11-10;16;806
28;2025-11-10;17;973
28;2025-11-10;18;1018
28;2025-11-10;19;725
28;2025-11-10;20;458
28;2025-11-10;21;287
28;2025-11-10;22;102
28;2025-11-10;23;3
28;2025-11-11;0;0
28;2025-11-11;1;0
28;2025-11-11;2;0
28;2025-11-11;3;0
28;2025-11-11;4;2
28;2025-11-11;5;72
28;2025-11-11;6;247
28;2025-11-11;7;818
28;2025-11-11;8;1322
28;2025-11-11;9;839
28;2025-11-11;10;611
28;2025-11-11;11;569
28;2025-11-11;12;620
28;2025-11-11;13;650
28;2025-11-11;14;646
28;2025-11-11;15;693
28;2025-11-11;16;821
28;2025-11-11;17;992
28;2025-11-11;18;1038
28;2025-11-11;19;743
28;2025-11-11;20;488
28;2025-11-11;21;304
28;2025-11-11;22;115
28;2025-11-11;23;8
28;2025-11-12;0;0
28;2025-11-12;1;0
28;2025-11-12;2;0
28;2025-11-12;3;0
28;2025-11-12;4;2
28;2025-11-12;5;78
28;2025-11-12;6;257
28;2025-11-12;7;841
28;2025-11-12;8;1375
28;2025-11-12;9;852
28;2025-11-12;10;624
28;2025-11-12;11;601
28;2025-11-12;12;653
28;2025-11-12;13;689
28;2025-11-12;14;679
28;2025-11-12;15;741
28;2025-11-12;16;875
28;2025-11-12;17;1032
28;2025-11-12;18;1070
28;2025-11-12;19;768
28;2025-11-12;20;501
28;2025-11-12;21;320
28;2025-11-12;22;127
28;2025-11-12;23;11
28;2025-11-13;0;0
28;2025-11-13;1;0
28;2025-11-13;2;0
28;2025-11-13;3;0
28;2025-11-13;4;2
28;2025-11-13;5;77
28;2025-11-13;6;261
28;2025-11-13;7;848
28;2025-11-13;8;1355
28;2025-11-13;9;868
28;2025-11-13;10;630
28;2025-11-13;11;596
28;2025-11-13;12;670
28;2025-11-13;13;694
28;2025-11-13;14;688
28;2025-11-13;15;741
28;2025-11-13;16;875
28;2025-11-13;17;1038
28;2025-11-13;18;1078
28;2025-11-13;19;761
28;2025-11-13;20;506
28;2025-11-13;21;327
28;2025-11-13;22;129
28;2025-11-13;23;14
28;2025-11-14;0;1
28;2025-11-14;1;0
28;2025-11-14;2;0
28;2025-11-14;3;0
28;2025-11-14;4;2
28;2025-11-14;5;74
28;2025-11-14;6;251
28;2025-11-14;7;830
28;2025-11-14;8;1308
28;2025-11-14;9;837
28;2025-11-14;10;626
28;2025-11-14;11;603
28;2025-11-14;12;668
28;2025-11-14;13;712
28;2025-11-14;14;738
28;2025-11-14;15;795
28;2025-11-14;16;947
28;2025-11-14;17;1026
28;2025-11-14;18;861
28;2025-11-14;19;684
28;2025-11-14;20;467
28;2025-11-14;21;316
28;2025-11-14;22;124
28;2025-11-14;23;22
28;2025-11-15;0;2
28;2025-11-15;1;0
28;2025-11-15;2;0
28;2025-11-15;3;0
28;2025-11-15;4;0
28;2025-11-15;5;45
28;2025-11-15;6;125
28;2025-11-15;7;237
28;2025-11-15;8;387
28;2025-11-15;9;462
28;2025-11-15;10;495
28;2025-11-15;11;522
28;2025-11-15;12;577
28;2025-11-15;13;625
28;2025-11-15;14;610
28;2025-11-15;15;600
28;2025-11-15;16;565
28;2025-11-15;17;555
28;2025-11-15;18;488
28;2025-11-15;19;419
28;2025-11-15;20;326
28;2025-11-15;21;264
28;2025-11-15;22;134
28;2025-11-15;23;36
28;2025-11-16;0;4
28;2025-11-16;1;0
28;2025-11-16;2;0
28;2025-11-16;3;0
28;2025-11-16;4;0
28;2025-11-16;5;33
28;2025-11-16;6;93
28;2025-11-16;7;147
28;2025-11-16;8;255
28;2025-11-16;9;323
28;2025-11-16;10;384
28;2025-11-16;11;440
28;2025-11-16;12;495
28;2025-11-16;13;549
28;2025-11-16;14;526
28;2025-11-16;15;530
28;2025-11-16;16;500
28;2025-11-16;17;472
28;2025-11-16;18;416
28;2025-11-16;19;341
28;2025-11-16;20;280
28;2025-11-16;21;222
28;2025-11-16;22;102
28;2025-11-16;23;16
28;2025-11-17;0;1
28;2025-11-17;1;0
28;2025-11-17;2;0
28;2025-11-17;3;0
28;2025-11-17;4;0
28;2025-11-17;5;68
28;2025-11-17;6;239
28;2025-11-17;7;794
28;2025-11-17;8;1291
28;2025-11-17;9;809
28;2025-11-17;10;573
28;2025-11-17;11;533
28;2025-11-17;12;598
28;2025-11-17;13;619
28;2025-11-17;14;611
28;2025-11-17;15;659
28;2025-11-17;16;805
28;2025-11-17;17;974
28;2025-11-17;18;1016
28;2025-11-17;19;729
28;2025-11-17;20;458
28;2025-11-17;21;285
28;2025-11-17;22;98
28;2025-11-17;23;3
28;2025-11-18;0;0
28;2025-11-18;1;0
28;2025-11-18;2;0
28;2025-11-18;3;0
28;2025-11-18;4;2
28;2025-11-18;5;72
28;2025-11-18;6;247
28;2025-11-18;7;819
28;2025-11-18;8;1322
28;2025-11-18;9;838
28;2025-11-18;10;612
28;2025-11-18;11;570
28;2025-11-18;12;622
28;2025-11-18;13;651
28;2025-11-18;14;643
28;2025-11-18;15;690
28;2025-11-18;16;817
28;2025-11-18;17;988
28;2025-11-18;18;1029
28;2025-11-18;19;739
28;2025-11-18;20;483
28;2025-11-18;21;299
28;2025-11-18;22;110
28;2025-11-18;23;7
28;2025-11-19;0;0
28;2025-11-19;1;0
28;2025-11-19;2;0
28;2025-11-19;3;0
28;2025-11-19;4;2
28;2025-11-19;5;79
28;2025-11-19;6;259
28;2025-11-19;7;844
28;2025-11-19;8;1376
28;2025-11-19;9;852
28;2025-11-19;10;626
28;2025-11-19;11;602
28;2025-11-19;12;654
28;2025-11-19;13;690
28;2025-11-19;14;677
28;2025-11-19;15;740
28;2025-11-19;16;872
28;2025-11-19;17;1030
28;2025-11-19;18;1064
28;2025-11-19;19;765
28;2025-11-19;20;498
28;2025-11-19;21;316
28;2025-11-19;22;123
28;2025-11-19;23;10
28;2025-11-20;0;0
28;2025-11-20;1;0
28;2025-11-20;2;0
28;2025-11-20;3;0
28;2025-11-20;4;2
28;2025-11-20;5;78
28;2025-11-20;6;261
28;2025-11-20;7;844
28;2025-11-20;8;1350
28;2025-11-20;9;867
28;2025-11-20;10;631
28;2025-11-20;11;596
28;2025-11-20;12;670
28;2025-11-20;13;692
28;2025-11-20;14;680
28;2025-11-20;15;734
28;2025-11-20;16;867
28;2025-11-20;17;1037
28;2025-11-20;18;1073
28;2025-11-20;19;758
28;2025-11-20;20;505
28;2025-11-20;21;325
28;2025-11-20;22;126
28;2025-11-20;23;13
28;2025-11-21;0;1
28;2025-11-21;1;0
28;2025-11-21;2;0
28;2025-11-21;3;0
28;2025-11-21;4;2
28;2025-11-21;5;74
28;2025-11-21;6;250
28;2025-11-21;7;826
28;2025-11-21;8;1302
28;2025-11-21;9;837
28;2025-11-21;10;629
28;2025-11-21;11;606
28;2025-11-21;12;671
28;2025-11-21;13;714
28;2025-11-21;14;736
28;2025-11-21;15;794
28;2025-11-21;16;943
28;2025-11-21;17;1025
28;2025-11-21;18;863
28;2025-11-21;19;681
28;2025-11-21;20;464
28;2025-11-21;21;313
28;2025-11-21;22;120
28;2025-11-21;23;21
28;2025-11-22;0;3
28;2025-11-22;1;0
28;2025-11-22;2;0
28;2025-11-22;3;0
28;2025-11-22;4;1
28;2025-11-22;5;43
28;2025-11-22;6;121
28;2025-11-22;7;234
28;2025-11-22;8;386
28;2025-11-22;9;460
28;2025-11-22;10;494
28;2025-11-22;11;522
28;2025-11-22;12;578
28;2025-11-22;13;623
28;2025-11-22;14;604
28;2025-11-22;15;597
28;2025-11-22;16;562
28;2025-11-22;17;553
28;2025-11-22;18;484
28;2025-11-22;19;416
28;2025-11-22;20;325
28;2025-11-22;21;262
28;2025-11-22;22;130
28;2025-11-22;23;32
28;2025-11-23;0;4
28;2025-11-23;1;0
28;2025-11-23;2;0
28;2025-11-23;3;0
28;2025-11-23;4;3
28;2025-11-23;5;32
28;2025-11-23;6;84
28;2025-11-23;7;141
28;2025-11-23;8;247
28;2025-11-23;9;309
28;2025-11-23;10;370
28;2025-11-23;11;428
28;2025-11-23;12;482
28;2025-11-23;13;537
28;2025-11-23;14;514
28;2025-11-23;15;517
28;2025-11-23;16;492
28;2025-11-23;17;472
28;2025-11-23;18;419
28;2025-11-23;19;340
28;2025-11-23;20;275
28;2025-11-23;21;225
28;2025-11-23;22;102
28;2025-11-23;23;14
28;2025-11-24;0;1
28;2025-11-24;1;0
28;2025-11-24;2;0
28;2025-11-24;3;0
28;2025-11-24;4;2
28;2025-11-24;5;67
28;2025-11-24;6;235
28;2025-11-24;7;790
28;2025-11-24;8;1284
28;2025-11-24;9;808
28;2025-11-24;10;574
28;2025-11-24;11;533
28;2025-11-24;12;598
28;2025-11-24;13;619
28;2025-11-24;14;612
28;2025-11-24;15;657
28;2025-11-24;16;802
28;2025-11-24;17;966
28;2025-11-24;18;1004
28;2025-11-24;19;717
28;2025-11-24;20;455
28;2025-11-24;21;286
28;2025-11-24;22;101
28;2025-11-24;23;6
28;2025-11-25;0;0
28;2025-11-25;1;0
28;2025-11-25;2;0
28;2025-11-25;3;0
28;2025-11-25;4;2
28;2025-11-25;5;71
28;2025-11-25;6;244
28;2025-11-25;7;806
28;2025-11-25;8;1305
28;2025-11-25;9;829
28;2025-11-25;10;604
28;2025-11-25;11;561
28;2025-11-25;12;614
28;2025-11-25;13;644
28;2025-11-25;14;637
28;2025-11-25;15;684
28;2025-11-25;16;812
28;2025-11-25;17;982
28;2025-11-25;18;1015
28;2025-11-25;19;733
28;2025-11-25;20;482
28;2025-11-25;21;304
28;2025-11-25;22;115
28;2025-11-25;23;11
28;2025-11-26;0;0
28;2025-11-26;1;0
28;2025-11-26;2;0
28;2025-11-26;3;0
28;2025-11-26;4;2
28;2025-11-26;5;80
28;2025-11-26;6;257
28;2025-11-26;7;830
28;2025-11-26;8;1355
28;2025-11-26;9;848
28;2025-11-26;10;623
28;2025-11-26;11;600
28;2025-11-26;12;652
28;2025-11-26;13;688
28;2025-11-26;14;677
28;2025-11-26;15;739
28;2025-11-26;16;870
28;2025-11-26;17;1029
28;2025-11-26;18;1053
28;2025-11-26;19;766
28;2025-11-26;20;501
28;2025-11-26;21;323
28;2025-11-26;22;129
28;2025-11-26;23;15
28;2025-11-27;0;1
28;2025-11-27;1;0
28;2025-11-27;2;0
28;2025-11-27;3;0
28;2025-11-27;4;2
28;2025-11-27;5;79
28;2025-11-27;6;264
28;2025-11-27;7;835
28;2025-11-27;8;1333
28;2025-11-27;9;864
28;2025-11-27;10;632
28;2025-11-27;11;596
28;2025-11-27;12;670
28;2025-11-27;13;694
28;2025-11-27;14;685
28;2025-11-27;15;737
28;2025-11-27;16;870
28;2025-11-27;17;1040
28;2025-11-27;18;1060
28;2025-11-27;19;758
28;2025-11-27;20;504
28;2025-11-27;21;328
28;2025-11-27;22;130
28;2025-11-27;23;16
28;2025-11-28;0;1
28;2025-11-28;1;0
28;2025-11-28;2;0
28;2025-11-28;3;0
28;2025-11-28;4;3
28;2025-11-28;5;75
28;2025-11-28;6;253
28;2025-11-28;7;819
28;2025-11-28;8;1285
28;2025-11-28;9;833
28;2025-11-28;10;626
28;2025-11-28;11;601
28;2025-11-28;12;667
28;2025-11-28;13;709
28;2025-11-28;14;729
28;2025-11-28;15;785
28;2025-11-28;16;936
28;2025-11-28;17;1021
28;2025-11-28;18;850
28;2025-11-28;19;677
28;2025-11-28;20;462
28;2025-11-28;21;313
28;2025-11-28;22;122
28;2025-11-28;23;23
28;2025-11-29;0;2
28;2025-11-29;1;0
28;2025-11-29;2;0
28;2025-11-29;3;0
28;2025-11-29;4;2
28;2025-11-29;5;45
28;2025-11-29;6;121
28;2025-11-29;7;228
28;2025-11-29;8;378
28;2025-11-29;9;449
28;2025-11-29;10;480
28;2025-11-29;11;507
28;2025-11-29;12;566
28;2025-11-29;13;609
28;2025-11-29;14;586
28;2025-11-29;15;576
28;2025-11-29;16;540
28;2025-11-29;17;529
28;2025-11-29;18;464
28;2025-11-29;19;405
28;2025-11-29;20;311
28;2025-11-29;21;254
28;2025-11-29;22;124
28;2025-11-29;23;31
28;2025-11-30;0;5
28;2025-11-30;1;0
28;2025-11-30;2;0
28;2025-11-30;3;0
28;2025-11-30;4;3
28;2025-11-30;5;33
28;2025-11-30;6;84
28;2025-11-30;7;134
28;2025-11-30;8;238
28;2025-11-30;9;303
28;2025-11-30;10;361
28;2025-11-30;11;415
28;2025-11-30;12;467
28;2025-11-30;13;520
28;2025-11-30;14;493
28;2025-11-30;15;493
28;2025-11-30;16;461
28;2025-11-30;17;442
28;2025-11-30;18;387
28;2025-11-30;19;320
28;2025-11-30;20;264
28;2025-11-30;21;215
28;2025-11-30;22;96
28;2025-11-30;23;16
28;2025-12-01;0;1
28;2025-12-01;1;0
28;2025-12-01;2;0
28;2025-12-01;3;0
28;2025-12-01;4;3
28;2025-12-01;5;73
28;2025-12-01;6;251
28;2025-12-01;7;745
28;2025-12-01;8;1203
28;2025-12-01;9;803
28;2025-12-01;10;572
28;2025-12-01;11;534
28;2025-12-01;12;593
28;2025-12-01;13;616
28;2025-12-01;14;592
28;2025-12-01;15;637
28;2025-12-01;16;778
28;2025-12-01;17;936
28;2025-12-01;18;979
28;2025-12-01;19;729
28;2025-12-01;20;465
28;2025-12-01;21;295
28;2025-12-01;22;112
28;2025-12-01;23;4
28;2025-12-02;0;0
28;2025-12-02;1;0
28;2025-12-02;2;0
28;2025-12-02;3;0
28;2025-12-02;4;3
28;2025-12-02;5;71
28;2025-12-02;6;254
28;2025-12-02;7;764
28;2025-12-02;8;1232
28;2025-12-02;9;829
28;2025-12-02;10;610
28;2025-12-02;11;568
28;2025-12-02;12;612
28;2025-12-02;13;644
28;2025-12-02;14;623
28;2025-12-02;15;667
28;2025-12-02;16;789
28;2025-12-02;17;949
28;2025-12-02;18;988
28;2025-12-02;19;735
28;2025-12-02;20;485
28;2025-12-02;21;306
28;2025-12-02;22;120
28;2025-12-02;23;7
28;2025-12-03;0;0
28;2025-12-03;1;0
28;2025-12-03;2;0
28;2025-12-03;3;0
28;2025-12-03;4;2
28;2025-12-03;5;82
28;2025-12-03;6;270
28;2025-12-03;7;792
28;2025-12-03;8;1288
28;2025-12-03;9;851
28;2025-12-03;10;630
28;2025-12-03;11;605
28;2025-12-03;12;649
28;2025-12-03;13;686
28;2025-12-03;14;660
28;2025-12-03;15;720
28;2025-12-03;16;848
28;2025-12-03;17;994
28;2025-12-03;18;1023
28;2025-12-03;19;762
28;2025-12-03;20;502
28;2025-12-03;21;324
28;2025-12-03;22;136
28;2025-12-03;23;10
28;2025-12-04;0;1
28;2025-12-04;1;0
28;2025-12-04;2;0
28;2025-12-04;3;0
28;2025-12-04;4;3
28;2025-12-04;5;82
28;2025-12-04;6;276
28;2025-12-04;7;798
28;2025-12-04;8;1267
28;2025-12-04;9;869
28;2025-12-04;10;638
28;2025-12-04;11;605
28;2025-12-04;12;670
28;2025-12-04;13;694
28;2025-12-04;14;673
28;2025-12-04;15;723
28;2025-12-04;16;852
28;2025-12-04;17;1006
28;2025-12-04;18;1047
28;2025-12-04;19;759
28;2025-12-04;20;512
28;2025-12-04;21;336
28;2025-12-04;22;143
28;2025-12-04;23;16
28;2025-12-05;0;1
28;2025-12-05;1;0
28;2025-12-05;2;0
28;2025-12-05;3;0
28;2025-12-05;4;3
28;2025-12-05;5;77
28;2025-12-05;6;264
28;2025-12-05;7;777
28;2025-12-05;8;1220
28;2025-12-05;9;837
28;2025-12-05;10;632
28;2025-12-05;11;609
28;2025-12-05;12;667
28;2025-12-05;13;709
28;2025-12-05;14;724
28;2025-12-05;15;779
28;2025-12-05;16;926
28;2025-12-05;17;997
28;2025-12-05;18;850
28;2025-12-05;19;693
28;2025-12-05;20;476
28;2025-12-05;21;327
28;2025-12-05;22;140
28;2025-12-05;23;20
28;2025-12-06;0;3
28;2025-12-06;1;0
28;2025-12-06;2;0
28;2025-12-06;3;0
28;2025-12-06;4;1
28;2025-12-06;5;41
28;2025-12-06;6;114
28;2025-12-06;7;198
28;2025-12-06;8;330
28;2025-12-06;9;420
28;2025-12-06;10;453
28;2025-12-06;11;483
28;2025-12-06;12;544
28;2025-12-06;13;587
28;2025-12-06;14;569
28;2025-12-06;15;557
28;2025-12-06;16;521
28;2025-12-06;17;511
28;2025-12-06;18;451
28;2025-12-06;19;402
28;2025-12-06;20;313
28;2025-12-06;21;255
28;2025-12-06;22;129
28;2025-12-06;23;28
28;2025-12-07;0;4
28;2025-12-07;1;0
28;2025-12-07;2;0
28;2025-12-07;3;0
28;2025-12-07;4;1
28;2025-12-07;5;31
28;2025-12-07;6;83
28;2025-12-07;7;117
28;2025-12-07;8;211
28;2025-12-07;9;287
28;2025-12-07;10;349
28;2025-12-07;11;405
28;2025-12-07;12;465
28;2025-12-07;13;518
28;2025-12-07;14;496
28;2025-12-07;15;494
28;2025-12-07;16;465
28;2025-12-07;17;438
28;2025-12-07;18;383
28;2025-12-07;19;326
28;2025-12-07;20;272
28;2025-12-07;21;218
28;2025-12-07;22;99
28;2025-12-07;23;8
28;2025-12-08;0;1
28;2025-12-08;1;0
28;2025-12-08;2;0
28;2025-12-08;3;0
28;2025-12-08;4;2
28;2025-12-08;5;73
28;2025-12-08;6;253
28;2025-12-08;7;754
28;2025-12-08;8;1224
28;2025-12-08;9;818
28;2025-12-08;10;589
28;2025-12-08;11;549
28;2025-12-08;12;608
28;2025-12-08;13;629
28;2025-12-08;14;609
28;2025-12-08;15;651
28;2025-12-08;16;793
28;2025-12-08;17;950
28;2025-12-08;18;985
28;2025-12-08;19;732
28;2025-12-08;20;466
28;2025-12-08;21;294
28;2025-12-08;22;112
28;2025-12-08;23;3
28;2025-12-09;0;0
28;2025-12-09;1;0
28;2025-12-09;2;0
28;2025-12-09;3;0
28;2025-12-09;4;0
28;2025-12-09;5;70
28;2025-12-09;6;255
28;2025-12-09;7;768
28;2025-12-09;8;1243
28;2025-12-09;9;836
28;2025-12-09;10;616
28;2025-12-09;11;574
28;2025-12-09;12;620
28;2025-12-09;13;650
28;2025-12-09;14;630
28;2025-12-09;15;675
28;2025-12-09;16;797
28;2025-12-09;17;956
28;2025-12-09;18;981
28;2025-12-09;19;737
28;2025-12-09;20;488
28;2025-12-09;21;305
28;2025-12-09;22;119
28;2025-12-09;23;4
28;2025-12-10;0;0
28;2025-12-10;1;0
28;2025-12-10;2;0
28;2025-12-10;3;0
28;2025-12-10;4;1
28;2025-12-10;5;80
28;2025-12-10;6;270
28;2025-12-10;7;807
28;2025-12-10;8;1310
28;2025-12-10;9;864
28;2025-12-10;10;641
28;2025-12-10;11;617
28;2025-12-10;12;661
28;2025-12-10;13;697
28;2025-12-10;14;672
28;2025-12-10;15;731
28;2025-12-10;16;859
28;2025-12-10;17;1007
28;2025-12-10;18;1037
28;2025-12-10;19;766
28;2025-12-10;20;503
28;2025-12-10;21;322
28;2025-12-10;22;134
28;2025-12-10;23;8
28;2025-12-11;0;1
28;2025-12-11;1;0
28;2025-12-11;2;0
28;2025-12-11;3;0
28;2025-12-11;4;1
28;2025-12-11;5;80
28;2025-12-11;6;273
28;2025-12-11;7;804
28;2025-12-11;8;1280
28;2025-12-11;9;871
28;2025-12-11;10;637
28;2025-12-11;11;604
28;2025-12-11;12;670
28;2025-12-11;13;692
28;2025-12-11;14;668
28;2025-12-11;15;718
28;2025-12-11;16;849
28;2025-12-11;17;1006
28;2025-12-11;18;1059
28;2025-12-11;19;762
28;2025-12-11;20;514
28;2025-12-11;21;332
28;2025-12-11;22;138
28;2025-12-11;23;12
28;2025-12-12;0;1
28;2025-12-12;1;0
28;2025-12-12;2;0
28;2025-12-12;3;0
28;2025-12-12;4;2
28;2025-12-12;5;76
28;2025-12-12;6;260
28;2025-12-12;7;784
28;2025-12-12;8;1234
28;2025-12-12;9;841
28;2025-12-12;10;635
28;2025-12-12;11;611
28;2025-12-12;12;670
28;2025-12-12;13;712
28;2025-12-12;14;725
28;2025-12-12;15;781
28;2025-12-12;16;929
28;2025-12-12;17;1001
28;2025-12-12;18;848
28;2025-12-12;19;692
28;2025-12-12;20;476
28;2025-12-12;21;323
28;2025-12-12;22;134
28;2025-12-12;23;16
28;2025-12-13;0;2
28;2025-12-13;1;0
28;2025-12-13;2;0
28;2025-12-13;3;0
28;2025-12-13;4;0
28;2025-12-13;5;39
28;2025-12-13;6;111
28;2025-12-13;7;204
28;2025-12-13;8;339
28;2025-12-13;9;428
28;2025-12-13;10;463
28;2025-12-13;11;493
28;2025-12-13;12;554
28;2025-12-13;13;599
28;2025-12-13;14;581
28;2025-12-13;15;571
28;2025-12-13;16;536
28;2025-12-13;17;525
28;2025-12-13;18;457
28;2025-12-13;19;408
28;2025-12-13;20;318
28;2025-12-13;21;255
28;2025-12-13;22;128
28;2025-12-13;23;24
28;2025-12-14;0;4
28;2025-12-14;1;0
28;2025-12-14;2;0
28;2025-12-14;3;0
28;2025-12-14;4;0
28;2025-12-14;5;31
28;2025-12-14;6;84
28;2025-12-14;7;122
28;2025-12-14;8;219
28;2025-12-14;9;296
28;2025-12-14;10;360
28;2025-12-14;11;416
28;2025-12-14;12;474
28;2025-12-14;13;531
28;2025-12-14;14;509
28;2025-12-14;15;508
28;2025-12-14;16;481
28;2025-12-14;17;457
28;2025-12-14;18;402
28;2025-12-14;19;339
28;2025-12-14;20;282
28;2025-12-14;21;223
28;2025-12-14;22;103
28;2025-12-14;23;9
28;2025-12-15;0;1
28;2025-12-15;1;0
28;2025-12-15;2;0
28;2025-12-15;3;0
28;2025-12-15;4;1
28;2025-12-15;5;74
28;2025-12-15;6;255
28;2025-12-15;7;768
28;2025-12-15;8;1239
28;2025-12-15;9;829
28;2025-12-15;10;598
28;2025-12-15;11;557
28;2025-12-15;12;616
28;2025-12-15;13;636
28;2025-12-15;14;617
28;2025-12-15;15;660
28;2025-12-15;16;804
28;2025-12-15;17;964
28;2025-12-15;18;1012
28;2025-12-15;19;742
28;2025-12-15;20;475
28;2025-12-15;21;298
28;2025-12-15;22;114
28;2025-12-15;23;3
28;2025-12-16;0;0
28;2025-12-16;1;0
28;2025-12-16;2;0
28;2025-12-16;3;0
28;2025-12-16;4;2
28;2025-12-16;5;76
28;2025-12-16;6;261
28;2025-12-16;7;787
28;2025-12-16;8;1261
28;2025-12-16;9;852
28;2025-12-16;10;629
28;2025-12-16;11;587
28;2025-12-16;12;632
28;2025-12-16;13;662
28;2025-12-16;14;643
28;2025-12-16;15;690
28;2025-12-16;16;813
28;2025-12-16;17;973
28;2025-12-16;18;1017
28;2025-12-16;19;749
28;2025-12-16;20;498
28;2025-12-16;21;311
28;2025-12-16;22;125
28;2025-12-16;23;6
28;2025-12-17;0;0
28;2025-12-17;1;0
28;2025-12-17;2;0
28;2025-12-17;3;0
28;2025-12-17;4;1
28;2025-12-17;5;81
28;2025-12-17;6;272
28;2025-12-17;7;808
28;2025-12-17;8;1312
28;2025-12-17;9;864
28;2025-12-17;10;641
28;2025-12-17;11;618
28;2025-12-17;12;662
28;2025-12-17;13;698
28;2025-12-17;14;673
28;2025-12-17;15;735
28;2025-12-17;16;861
28;2025-12-17;17;1009
28;2025-12-17;18;1049
28;2025-12-17;19;772
28;2025-12-17;20;508
28;2025-12-17;21;325
28;2025-12-17;22;136
28;2025-12-17;23;8
28;2025-12-18;0;1
28;2025-12-18;1;0
28;2025-12-18;2;0
28;2025-12-18;3;0
28;2025-12-18;4;1
28;2025-12-18;5;81
28;2025-12-18;6;275
28;2025-12-18;7;814
28;2025-12-18;8;1292
28;2025-12-18;9;880
28;2025-12-18;10;648
28;2025-12-18;11;615
28;2025-12-18;12;681
28;2025-12-18;13;704
28;2025-12-18;14;680
28;2025-12-18;15;731
28;2025-12-18;16;861
28;2025-12-18;17;1020
28;2025-12-18;18;1071
28;2025-12-18;19;771
28;2025-12-18;20;520
28;2025-12-18;21;338
28;2025-12-18;22;143
28;2025-12-18;23;15
28;2025-12-19;0;1
28;2025-12-19;1;0
28;2025-12-19;2;0
28;2025-12-19;3;0
28;2025-12-19;4;2
28;2025-12-19;5;76
28;2025-12-19;6;263
28;2025-12-19;7;790
28;2025-12-19;8;1242
28;2025-12-19;9;848
28;2025-12-19;10;643
28;2025-12-19;11;621
28;2025-12-19;12;679
28;2025-12-19;13;721
28;2025-12-19;14;736
28;2025-12-19;15;793
28;2025-12-19;16;940
28;2025-12-19;17;1012
28;2025-12-19;18;858
28;2025-12-19;19;700
28;2025-12-19;20;482
28;2025-12-19;21;328
28;2025-12-19;22;139
28;2025-12-19;23;18
28;2025-12-20;0;3
28;2025-12-20;1;0
28;2025-12-20;2;0
28;2025-12-20;3;0
28;2025-12-20;4;0
28;2025-12-20;5;41
28;2025-12-20;6;114
28;2025-12-20;7;212
28;2025-12-20;8;351
28;2025-12-20;9;443
28;2025-12-20;10;477
28;2025-12-20;11;509
28;2025-12-20;12;571
28;2025-12-20;13;616
28;2025-12-20;14;599
28;2025-12-20;15;589
28;2025-12-20;16;553
28;2025-12-20;17;539
28;2025-12-20;18;472
28;2025-12-20;19;419
28;2025-12-20;20;328
28;2025-12-20;21;263
28;2025-12-20;22;136
28;2025-12-20;23;29
28;2025-12-21;0;4
28;2025-12-21;1;0
28;2025-12-21;2;0
28;2025-12-21;3;0
28;2025-12-21;4;0
28;2025-12-21;5;32
28;2025-12-21;6;84
28;2025-12-21;7;124
28;2025-12-21;8;224
28;2025-12-21;9;304
28;2025-12-21;10;367
28;2025-12-21;11;425
28;2025-12-21;12;483
28;2025-12-21;13;538
28;2025-12-21;14;518
28;2025-12-21;15;518
28;2025-12-21;16;490
28;2025-12-21;17;466
28;2025-12-21;18;410
28;2025-12-21;19;346
28;2025-12-21;20;288
28;2025-12-21;21;227
28;2025-12-21;22;106
28;2025-12-21;23;9
28;2025-12-22;0;1
28;2025-12-22;1;0
28;2025-12-22;2;0
28;2025-12-22;3;0
28;2025-12-22;4;1
28;2025-12-22;5;72
28;2025-12-22;6;252
28;2025-12-22;7;763
28;2025-12-22;8;1234
28;2025-12-22;9;825
28;2025-12-22;10;597
28;2025-12-22;11;557
28;2025-12-22;12;616
28;2025-12-22;13;637
28;2025-12-22;14;617
28;2025-12-22;15;660
28;2025-12-22;16;802
28;2025-12-22;17;963
28;2025-12-22;18;1010
28;2025-12-22;19;742
28;2025-12-22;20;472
28;2025-12-22;21;296
28;2025-12-22;22;113
28;2025-12-22;23;3
28;2025-12-23;0;0
28;2025-12-23;1;0
28;2025-12-23;2;0
28;2025-12-23;3;0
28;2025-12-23;4;1
28;2025-12-23;5;74
28;2025-12-23;6;257
28;2025-12-23;7;779
28;2025-12-23;8;1257
28;2025-12-23;9;845
28;2025-12-23;10;624
28;2025-12-23;11;583
28;2025-12-23;12;628
28;2025-12-23;13;658
28;2025-12-23;14;639
28;2025-12-23;15;684
28;2025-12-23;16;808
28;2025-12-23;17;969
28;2025-12-23;18;1013
28;2025-12-23;19;746
28;2025-12-23;20;495
28;2025-12-23;21;308
28;2025-12-23;22;122
28;2025-12-23;23;5
28;2025-12-24;0;0
28;2025-12-24;1;0
28;2025-12-24;2;0
28;2025-12-24;3;0
28;2025-12-24;4;1
28;2025-12-24;5;81
28;2025-12-24;6;271
28;2025-12-24;7;803
28;2025-12-24;8;1310
28;2025-12-24;9;867
28;2025-12-24;10;645
28;2025-12-24;11;623
28;2025-12-24;12;668
28;2025-12-24;13;704
28;2025-12-24;14;680
28;2025-12-24;15;741
28;2025-12-24;16;868
28;2025-12-24;17;1019
28;2025-12-24;18;1057
28;2025-12-24;19;782
28;2025-12-24;20;514
28;2025-12-24;21;329
28;2025-12-24;22;139
28;2025-12-24;23;12
28;2025-12-25;0;1
28;2025-12-25;1;0
28;2025-12-25;2;0
28;2025-12-25;3;0
28;2025-12-25;4;2
28;2025-12-25;5;80
28;2025-12-25;6;274
28;2025-12-25;7;805
28;2025-12-25;8;1282
28;2025-12-25;9;878
28;2025-12-25;10;647
28;2025-12-25;11;615
28;2025-12-25;12;681
28;2025-12-25;13;704
28;2025-12-25;14;681
28;2025-12-25;15;732
28;2025-12-25;16;863
28;2025-12-25;17;1024
28;2025-12-25;18;1076
28;2025-12-25;19;771
28;2025-12-25;20;519
28;2025-12-25;21;340
28;2025-12-25;22;144
28;2025-12-25;23;16
28;2025-12-26;0;1
28;2025-12-26;1;0
28;2025-12-26;2;0
28;2025-12-26;3;0
28;2025-12-26;4;2
28;2025-12-26;5;77
28;2025-12-26;6;265
28;2025-12-26;7;780
28;2025-12-26;8;1239
28;2025-12-26;9;845
28;2025-12-26;10;643
28;2025-12-26;11;622
28;2025-12-26;12;680
28;2025-12-26;13;722
28;2025-12-26;14;738
28;2025-12-26;15;794
28;2025-12-26;16;942
28;2025-12-26;17;1016
28;2025-12-26;18;867
28;2025-12-26;19;704
28;2025-12-26;20;486
28;2025-12-26;21;333
28;2025-12-26;22;144
28;2025-12-26;23;24
28;2025-12-27;0;3
28;2025-12-27;1;0
28;2025-12-27;2;0
28;2025-12-27;3;0
28;2025-12-27;4;1
28;2025-12-27;5;42
28;2025-12-27;6;115
28;2025-12-27;7;208
28;2025-12-27;8;344
28;2025-12-27;9;438
28;2025-12-27;10;471
28;2025-12-27;11;504
28;2025-12-27;12;565
28;2025-12-27;13;609
28;2025-12-27;14;591
28;2025-12-27;15;581
28;2025-12-27;16;545
28;2025-12-27;17;536
28;2025-12-27;18;473
28;2025-12-27;19;419
28;2025-12-27;20;327
28;2025-12-27;21;266
28;2025-12-27;22;138
28;2025-12-27;23;33
28;2025-12-28;0;4
28;2025-12-28;1;0
28;2025-12-28;2;0
28;2025-12-28;3;0
28;2025-12-28;4;2
28;2025-12-28;5;34
28;2025-12-28;6;85
28;2025-12-28;7;122
28;2025-12-28;8;221
28;2025-12-28;9;296
28;2025-12-28;10;357
28;2025-12-28;11;415
28;2025-12-28;12;473
28;2025-12-28;13;526
28;2025-12-28;14;505
28;2025-12-28;15;504
28;2025-12-28;16;475
28;2025-12-28;17;452
28;2025-12-28;18;398
28;2025-12-28;19;340
28;2025-12-28;20;282
28;2025-12-28;21;225
28;2025-12-28;22;106
28;2025-12-28;23;12
28;2025-12-29;0;1
28;2025-12-29;1;0
28;2025-12-29;2;0
28;2025-12-29;3;0
28;2025-12-29;4;2
28;2025-12-29;5;71
28;2025-12-29;6;243
28;2025-12-29;7;719
28;2025-12-29;8;1163
28;2025-12-29;9;779
28;2025-12-29;10;564
28;2025-12-29;11;526
28;2025-12-29;12;582
28;2025-12-29;13;602
28;2025-12-29;14;582
28;2025-12-29;15;622
28;2025-12-29;16;759
28;2025-12-29;17;910
28;2025-12-29;18;948
28;2025-12-29;19;700
28;2025-12-29;20;447
28;2025-12-29;21;283
28;2025-12-29;22;109
28;2025-12-29;23;5
28;2025-12-30;0;0
28;2025-12-30;1;0
28;2025-12-30;2;0
28;2025-12-30;3;0
28;2025-12-30;4;2
28;2025-12-30;5;70
28;2025-12-30;6;239
28;2025-12-30;7;713
28;2025-12-30;8;1147
28;2025-12-30;9;774
28;2025-12-30;10;574
28;2025-12-30;11;534
28;2025-12-30;12;575
28;2025-12-30;13;604
28;2025-12-30;14;584
28;2025-12-30;15;625
28;2025-12-30;16;738
28;2025-12-30;17;886
28;2025-12-30;18;919
28;2025-12-30;19;683
28;2025-12-30;20;453
28;2025-12-30;21;286
28;2025-12-30;22;116
28;2025-12-30;23;9
28;2025-12-31;0;1
28;2025-12-31;1;1
28;2025-12-31;2;1
28;2025-12-31;3;1
28;2025-12-31;4;0
28;2025-12-31;5;24
28;2025-12-31;6;99
28;2025-12-31;7;188
28;2025-12-31;8;413
28;2025-12-31;9;336
28;2025-12-31;10;283
28;2025-12-31;11;336
28;2025-12-31;12;352
28;2025-12-31;13;382
28;2025-12-31;14;366
28;2025-12-31;15;375
28;2025-12-31;16;399
28;2025-12-31;17;393
28;2025-12-31;18;282
28;2025-12-31;19;251
28;2025-12-31;20;201
28;2025-12-31;21;156
28;2025-12-31;22;59
28;2025-12-31;23;7
50;2025-11-01;0;81
50;2025-11-01;1;34
50;2025-11-01;2;29
50;2025-11-01;3;29
50;2025-11-01;4;34
50;2025-11-01;5;89
50;2025-11-01;6;388
50;2025-11-01;7;885
50;2025-11-01;8;1257
50;2025-11-01;9;1034
50;2025-11-01;10;961
50;2025-11-01;11;933
50;2025-11-01;12;912
50;2025-11-01;13;978
50;2025-11-01;14;938
50;2025-11-01;15;988
50;2025-11-01;16;1072
50;2025-11-01;17;1166
50;2025-11-01;18;1145
50;2025-11-01;19;864
50;2025-11-01;20;637
50;2025-11-01;21;471
50;2025-11-01;22;284
50;2025-11-01;23;216
50;2025-11-02;0;43
50;2025-11-02;1;1
50;2025-11-02;2;0
50;2025-11-02;3;2
50;2025-11-02;4;3
50;2025-11-02;5;6
50;2025-11-02;6;32
50;2025-11-02;7;58
50;2025-11-02;8;93
50;2025-11-02;9;115
50;2025-11-02;10;120
50;2025-11-02;11;164
50;2025-11-02;12;205
50;2025-11-02;13;273
50;2025-11-02;14;233
50;2025-11-02;15;210
50;2025-11-02;16;190
50;2025-11-02;17;188
50;2025-11-02;18;161
50;2025-11-02;19;163
50;2025-11-02;20;146
50;2025-11-02;21;100
50;2025-11-02;22;54
50;2025-11-02;23;29
50;2025-11-03;0;32
50;2025-11-03;1;4
50;2025-11-03;2;1
50;2025-11-03;3;1
50;2025-11-03;4;1
50;2025-11-03;5;16
50;2025-11-03;6;169
50;2025-11-03;7;501
50;2025-11-03;8;827
50;2025-11-03;9;651
50;2025-11-03;10;554
50;2025-11-03;11;540
50;2025-11-03;12;592
50;2025-11-03;13;635
50;2025-11-03;14;618
50;2025-11-03;15;648
50;2025-11-03;16;670
50;2025-11-03;17;826
50;2025-11-03;18;841
50;2025-11-03;19;608
50;2025-11-03;20;393
50;2025-11-03;21;276
50;2025-11-03;22;93
50;2025-11-03;23;43
50;2025-11-04;0;41
50;2025-11-04;1;8
50;2025-11-04;2;3
50;2025-11-04;3;3
50;2025-11-04;4;1
50;2025-11-04;5;10
50;2025-11-04;6;70
50;2025-11-04;7;363
50;2025-11-04;8;659
50;2025-11-04;9;495
50;2025-11-04;10;389
50;2025-11-04;11;398
50;2025-11-04;12;428
50;2025-11-04;13;493
50;2025-11-04;14;482
50;2025-11-04;15;518
50;2025-11-04;16;553
50;2025-11-04;17;631
50;2025-11-04;18;663
50;2025-11-04;19;462
50;2025-11-04;20;300
50;2025-11-04;21;211
50;2025-11-04;22;67
50;2025-11-04;23;35
50;2025-11-05;0;32
50;2025-11-05;1;1
50;2025-11-05;2;0
50;2025-11-05;3;0
50;2025-11-05;4;1
50;2025-11-05;5;74
50;2025-11-05;6;593
50;2025-11-05;7;1902
50;2025-11-05;8;2915
50;2025-11-05;9;2201
50;2025-11-05;10;1723
50;2025-11-05;11;1573
50;2025-11-05;12;1546
50;2025-11-05;13;1539
50;2025-11-05;14;1523
50;2025-11-05;15;1657
50;2025-11-05;16;1850
50;2025-11-05;17;2345
50;2025-11-05;18;2545
50;2025-11-05;19;1610
50;2025-11-05;20;977
50;2025-11-05;21;636
50;2025-11-05;22;298
50;2025-11-05;23;155
50;2025-11-06;0;33
50;2025-11-06;1;1
50;2025-11-06;2;0
50;2025-11-06;3;0
50;2025-11-06;4;1
50;2025-11-06;5;68
50;2025-11-06;6;560
50;2025-11-06;7;1796
50;2025-11-06;8;2725
50;2025-11-06;9;2062
50;2025-11-06;10;1623
50;2025-11-06;11;1490
50;2025-11-06;12;1448
50;2025-11-06;13;1444
50;2025-11-06;14;1433
50;2025-11-06;15;1582
50;2025-11-06;16;1757
50;2025-11-06;17;2219
50;2025-11-06;18;2390
50;2025-11-06;19;1509
50;2025-11-06;20;940
50;2025-11-06;21;617
50;2025-11-06;22;285
50;2025-11-06;23;155
50;2025-11-07;0;35
50;2025-11-07;1;1
50;2025-11-07;2;0
50;2025-11-07;3;0
50;2025-11-07;4;1
50;2025-11-07;5;64
50;2025-11-07;6;559
50;2025-11-07;7;1746
50;2025-11-07;8;2665
50;2025-11-07;9;2010
50;2025-11-07;10;1582
50;2025-11-07;11;1514
50;2025-11-07;12;1484
50;2025-11-07;13;1464
50;2025-11-07;14;1502
50;2025-11-07;15;1657
50;2025-11-07;16;1893
50;2025-11-07;17;2131
50;2025-11-07;18;1901
50;2025-11-07;19;1327
50;2025-11-07;20;878
50;2025-11-07;21;571
50;2025-11-07;22;287
50;2025-11-07;23;169
50;2025-11-08;0;36
50;2025-11-08;1;1
50;2025-11-08;2;0
50;2025-11-08;3;0
50;2025-11-08;4;0
50;2025-11-08;5;8
50;2025-11-08;6;42
50;2025-11-08;7;111
50;2025-11-08;8;191
50;2025-11-08;9;186
50;2025-11-08;10;197
50;2025-11-08;11;232
50;2025-11-08;12;257
50;2025-11-08;13;301
50;2025-11-08;14;268
50;2025-11-08;15;254
50;2025-11-08;16;228
50;2025-11-08;17;254
50;2025-11-08;18;200
50;2025-11-08;19;226
50;2025-11-08;20;161
50;2025-11-08;21;117
50;2025-11-08;22;61
50;2025-11-08;23;37
50;2025-11-09;0;40
50;2025-11-09;1;1
50;2025-11-09;2;0
50;2025-11-09;3;2
50;2025-11-09;4;2
50;2025-11-09;5;6
50;2025-11-09;6;32
50;2025-11-09;7;58
50;2025-11-09;8;93
50;2025-11-09;9;115
50;2025-11-09;10;120
50;2025-11-09;11;171
50;2025-11-09;12;209
50;2025-11-09;13;280
50;2025-11-09;14;248
50;2025-11-09;15;225
50;2025-11-09;16;206
50;2025-11-09;17;203
50;2025-11-09;18;161
50;2025-11-09;19;170
50;2025-11-09;20;151
50;2025-11-09;21;100
50;2025-11-09;22;54
50;2025-11-09;23;29
50;2025-11-10;0;28
50;2025-11-10;1;1
50;2025-11-10;2;0
50;2025-11-10;3;0
50;2025-11-10;4;1
50;2025-11-10;5;66
50;2025-11-10;6;549
50;2025-11-10;7;1761
50;2025-11-10;8;2724
50;2025-11-10;9;2031
50;2025-11-10;10;1578
50;2025-11-10;11;1452
50;2025-11-10;12;1382
50;2025-11-10;13;1393
50;2025-11-10;14;1397
50;2025-11-10;15;1523
50;2025-11-10;16;1680
50;2025-11-10;17;2197
50;2025-11-10;18;2385
50;2025-11-10;19;1502
50;2025-11-10;20;909
50;2025-11-10;21;570
50;2025-11-10;22;254
50;2025-11-10;23;125
50;2025-11-11;0;29
50;2025-11-11;1;1
50;2025-11-11;2;0
50;2025-11-11;3;0
50;2025-11-11;4;1
50;2025-11-11;5;72
50;2025-11-11;6;577
50;2025-11-11;7;1870
50;2025-11-11;8;2860
50;2025-11-11;9;2147
50;2025-11-11;10;1675
50;2025-11-11;11;1525
50;2025-11-11;12;1480
50;2025-11-11;13;1477
50;2025-11-11;14;1477
50;2025-11-11;15;1608
50;2025-11-11;16;1754
50;2025-11-11;17;2294
50;2025-11-11;18;2484
50;2025-11-11;19;1560
50;2025-11-11;20;968
50;2025-11-11;21;609
50;2025-11-11;22;276
50;2025-11-11;23;138
50;2025-11-12;0;32
50;2025-11-12;1;1
50;2025-11-12;2;0
50;2025-11-12;3;0
50;2025-11-12;4;1
50;2025-11-12;5;73
50;2025-11-12;6;591
50;2025-11-12;7;1915
50;2025-11-12;8;2936
50;2025-11-12;9;2212
50;2025-11-12;10;1731
50;2025-11-12;11;1581
50;2025-11-12;12;1554
50;2025-11-12;13;1546
50;2025-11-12;14;1534
50;2025-11-12;15;1669
50;2025-11-12;16;1863
50;2025-11-12;17;2359
50;2025-11-12;18;2561
50;2025-11-12;19;1615
50;2025-11-12;20;981
50;2025-11-12;21;636
50;2025-11-12;22;297
50;2025-11-12;23;151
50;2025-11-13;0;33
50;2025-11-13;1;1
50;2025-11-13;2;0
50;2025-11-13;3;0
50;2025-11-13;4;1
50;2025-11-13;5;68
50;2025-11-13;6;559
50;2025-11-13;7;1809
50;2025-11-13;8;2747
50;2025-11-13;9;2071
50;2025-11-13;10;1629
50;2025-11-13;11;1497
50;2025-11-13;12;1454
50;2025-11-13;13;1455
50;2025-11-13;14;1445
50;2025-11-13;15;1596
50;2025-11-13;16;1772
50;2025-11-13;17;2233
50;2025-11-13;18;2407
50;2025-11-13;19;1521
50;2025-11-13;20;950
50;2025-11-13;21;624
50;2025-11-13;22;288
50;2025-11-13;23;158
50;2025-11-14;0;35
50;2025-11-14;1;1
50;2025-11-14;2;0
50;2025-11-14;3;0
50;2025-11-14;4;1
50;2025-11-14;5;65
50;2025-11-14;6;559
50;2025-11-14;7;1759
50;2025-11-14;8;2686
50;2025-11-14;9;2018
50;2025-11-14;10;1590
50;2025-11-14;11;1521
50;2025-11-14;12;1494
50;2025-11-14;13;1480
50;2025-11-14;14;1517
50;2025-11-14;15;1674
50;2025-11-14;16;1913
50;2025-11-14;17;2150
50;2025-11-14;18;1917
50;2025-11-14;19;1342
50;2025-11-14;20;891
50;2025-11-14;21;578
50;2025-11-14;22;292
50;2025-11-14;23;175
50;2025-11-15;0;36
50;2025-11-15;1;1
50;2025-11-15;2;0
50;2025-11-15;3;1
50;2025-11-15;4;0
50;2025-11-15;5;8
50;2025-11-15;6;50
50;2025-11-15;7;135
50;2025-11-15;8;218
50;2025-11-15;9;210
50;2025-11-15;10;219
50;2025-11-15;11;257
50;2025-11-15;12;281
50;2025-11-15;13;326
50;2025-11-15;14;293
50;2025-11-15;15;280
50;2025-11-15;16;254
50;2025-11-15;17;281
50;2025-11-15;18;218
50;2025-11-15;19;240
50;2025-11-15;20;173
50;2025-11-15;21;123
50;2025-11-15;22;61
50;2025-11-15;23;37
50;2025-11-16;0;41
50;2025-11-16;1;1
50;2025-11-16;2;0
50;2025-11-16;3;2
50;2025-11-16;4;2
50;2025-11-16;5;6
50;2025-11-16;6;32
50;2025-11-16;7;58
50;2025-11-16;8;116
50;2025-11-16;9;123
50;2025-11-16;10;153
50;2025-11-16;11;214
50;2025-11-16;12;259
50;2025-11-16;13;337
50;2025-11-16;14;298
50;2025-11-16;15;279
50;2025-11-16;16;261
50;2025-11-16;17;252
50;2025-11-16;18;186
50;2025-11-16;19;201
50;2025-11-16;20;178
50;2025-11-16;21;102
50;2025-11-16;22;54
50;2025-11-16;23;29
50;2025-11-17;0;29
50;2025-11-17;1;1
50;2025-11-17;2;0
50;2025-11-17;3;0
50;2025-11-17;4;1
50;2025-11-17;5;69
50;2025-11-17;6;550
50;2025-11-17;7;1760
50;2025-11-17;8;2719
50;2025-11-17;9;2028
50;2025-11-17;10;1575
50;2025-11-17;11;1450
50;2025-11-17;12;1383
50;2025-11-17;13;1396
50;2025-11-17;14;1398
50;2025-11-17;15;1527
50;2025-11-17;16;1685
50;2025-11-17;17;2202
50;2025-11-17;18;2393
50;2025-11-17;19;1512
50;2025-11-17;20;914
50;2025-11-17;21;573
50;2025-11-17;22;254
50;2025-11-17;23;128
50;2025-11-18;0;29
50;2025-11-18;1;1
50;2025-11-18;2;0
50;2025-11-18;3;0
50;2025-11-18;4;1
50;2025-11-18;5;73
50;2025-11-18;6;578
50;2025-11-18;7;1870
50;2025-11-18;8;2860
50;2025-11-18;9;2146
50;2025-11-18;10;1673
50;2025-11-18;11;1525
50;2025-11-18;12;1480
50;2025-11-18;13;1479
50;2025-11-18;14;1475
50;2025-11-18;15;1607
50;2025-11-18;16;1751
50;2025-11-18;17;2290
50;2025-11-18;18;2480
50;2025-11-18;19;1561
50;2025-11-18;20;966
50;2025-11-18;21;608
50;2025-11-18;22;273
50;2025-11-18;23;139
50;2025-11-19;0;33
50;2025-11-19;1;1
50;2025-11-19;2;0
50;2025-11-19;3;0
50;2025-11-19;4;1
50;2025-11-19;5;76
50;2025-11-19;6;595
50;2025-11-19;7;1919
50;2025-11-19;8;2938
50;2025-11-19;9;2214
50;2025-11-19;10;1732
50;2025-11-19;11;1584
50;2025-11-19;12;1557
50;2025-11-19;13;1545
50;2025-11-19;14;1530
50;2025-11-19;15;1665
50;2025-11-19;16;1857
50;2025-11-19;17;2353
50;2025-11-19;18;2557
50;2025-11-19;19;1619
50;2025-11-19;20;981
50;2025-11-19;21;635
50;2025-11-19;22;295
50;2025-11-19;23;153
50;2025-11-20;0;33
50;2025-11-20;1;1
50;2025-11-20;2;0
50;2025-11-20;3;0
50;2025-11-20;4;1
50;2025-11-20;5;72
50;2025-11-20;6;563
50;2025-11-20;7;1812
50;2025-11-20;8;2748
50;2025-11-20;9;2077
50;2025-11-20;10;1637
50;2025-11-20;11;1505
50;2025-11-20;12;1463
50;2025-11-20;13;1461
50;2025-11-20;14;1445
50;2025-11-20;15;1596
50;2025-11-20;16;1771
50;2025-11-20;17;2241
50;2025-11-20;18;2408
50;2025-11-20;19;1520
50;2025-11-20;20;945
50;2025-11-20;21;619
50;2025-11-20;22;283
50;2025-11-20;23;156
50;2025-11-21;0;36
50;2025-11-21;1;2
50;2025-11-21;2;0
50;2025-11-21;3;0
50;2025-11-21;4;1
50;2025-11-21;5;69
50;2025-11-21;6;565
50;2025-11-21;7;1765
50;2025-11-21;8;2691
50;2025-11-21;9;2028
50;2025-11-21;10;1603
50;2025-11-21;11;1537
50;2025-11-21;12;1510
50;2025-11-21;13;1492
50;2025-11-21;14;1526
50;2025-11-21;15;1685
50;2025-11-21;16;1921
50;2025-11-21;17;2163
50;2025-11-21;18;1930
50;2025-11-21;19;1345
50;2025-11-21;20;889
50;2025-11-21;21;573
50;2025-11-21;22;286
50;2025-11-21;23;172
50;2025-11-22;0;36
50;2025-11-22;1;1
50;2025-11-22;2;0
50;2025-11-22;3;0
50;2025-11-22;4;0
50;2025-11-22;5;8
50;2025-11-22;6;45
50;2025-11-22;7;129
50;2025-11-22;8;212
50;2025-11-22;9;205
50;2025-11-22;10;216
50;2025-11-22;11;255
50;2025-11-22;12;283
50;2025-11-22;13;324
50;2025-11-22;14;287
50;2025-11-22;15;276
50;2025-11-22;16;251
50;2025-11-22;17;280
50;2025-11-22;18;217
50;2025-11-22;19;242
50;2025-11-22;20;174
50;2025-11-22;21;130
50;2025-11-22;22;61
50;2025-11-22;23;37
50;2025-11-23;0;44
50;2025-11-23;1;1
50;2025-11-23;2;0
50;2025-11-23;3;1
50;2025-11-23;4;4
50;2025-11-23;5;6
50;2025-11-23;6;32
50;2025-11-23;7;58
50;2025-11-23;8;95
50;2025-11-23;9;115
50;2025-11-23;10;125
50;2025-11-23;11;190
50;2025-11-23;12;240
50;2025-11-23;13;309
50;2025-11-23;14;270
50;2025-11-23;15;249
50;2025-11-23;16;238
50;2025-11-23;17;241
50;2025-11-23;18;178
50;2025-11-23;19;196
50;2025-11-23;20;167
50;2025-11-23;21;115
50;2025-11-23;22;54
50;2025-11-23;23;29
50;2025-11-24;0;29
50;2025-11-24;1;1
50;2025-11-24;2;0
50;2025-11-24;3;0
50;2025-11-24;4;1
50;2025-11-24;5;67
50;2025-11-24;6;552
50;2025-11-24;7;1764
50;2025-11-24;8;2720
50;2025-11-24;9;2035
50;2025-11-24;10;1586
50;2025-11-24;11;1462
50;2025-11-24;12;1393
50;2025-11-24;13;1402
50;2025-11-24;14;1404
50;2025-11-24;15;1531
50;2025-11-24;16;1689
50;2025-11-24;17;2202
50;2025-11-24;18;2382
50;2025-11-24;19;1504
50;2025-11-24;20;915
50;2025-11-24;21;573
50;2025-11-24;22;255
50;2025-11-24;23;131
50;2025-11-25;0;29
50;2025-11-25;1;1
50;2025-11-25;2;0
50;2025-11-25;3;0
50;2025-11-25;4;1
50;2025-11-25;5;74
50;2025-11-25;6;584
50;2025-11-25;7;1868
50;2025-11-25;8;2854
50;2025-11-25;9;2149
50;2025-11-25;10;1680
50;2025-11-25;11;1531
50;2025-11-25;12;1486
50;2025-11-25;13;1482
50;2025-11-25;14;1479
50;2025-11-25;15;1610
50;2025-11-25;16;1756
50;2025-11-25;17;2296
50;2025-11-25;18;2471
50;2025-11-25;19;1563
50;2025-11-25;20;971
50;2025-11-25;21;613
50;2025-11-25;22;279
50;2025-11-25;23;144
50;2025-11-26;0;33
50;2025-11-26;1;1
50;2025-11-26;2;0
50;2025-11-26;3;0
50;2025-11-26;4;1
50;2025-11-26;5;78
50;2025-11-26;6;602
50;2025-11-26;7;1915
50;2025-11-26;8;2927
50;2025-11-26;9;2221
50;2025-11-26;10;1743
50;2025-11-26;11;1596
50;2025-11-26;12;1569
50;2025-11-26;13;1564
50;2025-11-26;14;1550
50;2025-11-26;15;1685
50;2025-11-26;16;1878
50;2025-11-26;17;2374
50;2025-11-26;18;2561
50;2025-11-26;19;1628
50;2025-11-26;20;992
50;2025-11-26;21;646
50;2025-11-26;22;305
50;2025-11-26;23;163
50;2025-11-27;0;33
50;2025-11-27;1;1
50;2025-11-27;2;0
50;2025-11-27;3;0
50;2025-11-27;4;1
50;2025-11-27;5;72
50;2025-11-27;6;567
50;2025-11-27;7;1803
50;2025-11-27;8;2731
50;2025-11-27;9;2073
50;2025-11-27;10;1637
50;2025-11-27;11;1505
50;2025-11-27;12;1463
50;2025-11-27;13;1462
50;2025-11-27;14;1449
50;2025-11-27;15;1599
50;2025-11-27;16;1774
50;2025-11-27;17;2243
50;2025-11-27;18;2394
50;2025-11-27;19;1522
50;2025-11-27;20;948
50;2025-11-27;21;623
50;2025-11-27;22;289
50;2025-11-27;23;162
50;2025-11-28;0;36
50;2025-11-28;1;2
50;2025-11-28;2;0
50;2025-11-28;3;0
50;2025-11-28;4;1
50;2025-11-28;5;69
50;2025-11-28;6;565
50;2025-11-28;7;1754
50;2025-11-28;8;2671
50;2025-11-28;9;2021
50;2025-11-28;10;1596
50;2025-11-28;11;1529
50;2025-11-28;12;1502
50;2025-11-28;13;1485
50;2025-11-28;14;1516
50;2025-11-28;15;1673
50;2025-11-28;16;1910
50;2025-11-28;17;2154
50;2025-11-28;18;1912
50;2025-11-28;19;1340
50;2025-11-28;20;887
50;2025-11-28;21;575
50;2025-11-28;22;290
50;2025-11-28;23;177
50;2025-11-29;0;35
50;2025-11-29;1;1
50;2025-11-29;2;0
50;2025-11-29;3;0
50;2025-11-29;4;0
50;2025-11-29;5;8
50;2025-11-29;6;46
50;2025-11-29;7;124
50;2025-11-29;8;206
50;2025-11-29;9;196
50;2025-11-29;10;205
50;2025-11-29;11;243
50;2025-11-29;12;270
50;2025-11-29;13;310
50;2025-11-29;14;271
50;2025-11-29;15;258
50;2025-11-29;16;230
50;2025-11-29;17;256
50;2025-11-29;18;196
50;2025-11-29;19;230
50;2025-11-29;20;161
50;2025-11-29;21;119
50;2025-11-29;22;61
50;2025-11-29;23;37
50;2025-11-30;0;43
50;2025-11-30;1;1
50;2025-11-30;2;0
50;2025-11-30;3;2
50;2025-11-30;4;4
50;2025-11-30;5;6
50;2025-11-30;6;32
50;2025-11-30;7;58
50;2025-11-30;8;93
50;2025-11-30;9;115
50;2025-11-30;10;120
50;2025-11-30;11;174
50;2025-11-30;12;215
50;2025-11-30;13;283
50;2025-11-30;14;238
50;2025-11-30;15;215
50;2025-11-30;16;194
50;2025-11-30;17;195
50;2025-11-30;18;161
50;2025-11-30;19;163
50;2025-11-30;20;144
50;2025-11-30;21;100
50;2025-11-30;22;54
50;2025-11-30;23;29
50;2025-12-01;0;37
50;2025-12-01;1;2
50;2025-12-01;2;0
50;2025-12-01;3;0
50;2025-12-01;4;1
50;2025-12-01;5;75
50;2025-12-01;6;582
50;2025-12-01;7;1751
50;2025-12-01;8;2672
50;2025-12-01;9;2031
50;2025-12-01;10;1586
50;2025-12-01;11;1464
50;2025-12-01;12;1391
50;2025-12-01;13;1407
50;2025-12-01;14;1391
50;2025-12-01;15;1519
50;2025-12-01;16;1673
50;2025-12-01;17;2185
50;2025-12-01;18;2373
50;2025-12-01;19;1524
50;2025-12-01;20;927
50;2025-12-01;21;582
50;2025-12-01;22;267
50;2025-12-01;23;130
50;2025-12-02;0;36
50;2025-12-02;1;2
50;2025-12-02;2;0
50;2025-12-02;3;0
50;2025-12-02;4;1
50;2025-12-02;5;76
50;2025-12-02;6;607
50;2025-12-02;7;1856
50;2025-12-02;8;2809
50;2025-12-02;9;2147
50;2025-12-02;10;1687
50;2025-12-02;11;1542
50;2025-12-02;12;1491
50;2025-12-02;13;1491
50;2025-12-02;14;1473
50;2025-12-02;15;1600
50;2025-12-02;16;1741
50;2025-12-02;17;2273
50;2025-12-02;18;2458
50;2025-12-02;19;1570
50;2025-12-02;20;977
50;2025-12-02;21;617
50;2025-12-02;22;287
50;2025-12-02;23;141
50;2025-12-03;0;40
50;2025-12-03;1;2
50;2025-12-03;2;0
50;2025-12-03;3;0
50;2025-12-03;4;1
50;2025-12-03;5;82
50;2025-12-03;6;627
50;2025-12-03;7;1909
50;2025-12-03;8;2892
50;2025-12-03;9;2224
50;2025-12-03;10;1755
50;2025-12-03;11;1609
50;2025-12-03;12;1576
50;2025-12-03;13;1571
50;2025-12-03;14;1542
50;2025-12-03;15;1673
50;2025-12-03;16;1864
50;2025-12-03;17;2352
50;2025-12-03;18;2548
50;2025-12-03;19;1632
50;2025-12-03;20;998
50;2025-12-03;21;650
50;2025-12-03;22;313
50;2025-12-03;23;156
50;2025-12-04;0;39
50;2025-12-04;1;2
50;2025-12-04;2;0
50;2025-12-04;3;0
50;2025-12-04;4;1
50;2025-12-04;5;77
50;2025-12-04;6;596
50;2025-12-04;7;1805
50;2025-12-04;8;2706
50;2025-12-04;9;2085
50;2025-12-04;10;1655
50;2025-12-04;11;1528
50;2025-12-04;12;1477
50;2025-12-04;13;1475
50;2025-12-04;14;1449
50;2025-12-04;15;1596
50;2025-12-04;16;1770
50;2025-12-04;17;2226
50;2025-12-04;18;2403
50;2025-12-04;19;1535
50;2025-12-04;20;965
50;2025-12-04;21;636
50;2025-12-04;22;303
50;2025-12-04;23;160
50;2025-12-05;0;42
50;2025-12-05;1;3
50;2025-12-05;2;0
50;2025-12-05;3;0
50;2025-12-05;4;1
50;2025-12-05;5;75
50;2025-12-05;6;595
50;2025-12-05;7;1755
50;2025-12-05;8;2650
50;2025-12-05;9;2034
50;2025-12-05;10;1615
50;2025-12-05;11;1552
50;2025-12-05;12;1518
50;2025-12-05;13;1500
50;2025-12-05;14;1525
50;2025-12-05;15;1680
50;2025-12-05;16;1915
50;2025-12-05;17;2150
50;2025-12-05;18;1934
50;2025-12-05;19;1367
50;2025-12-05;20;910
50;2025-12-05;21;594
50;2025-12-05;22;310
50;2025-12-05;23;172
50;2025-12-06;0;50
50;2025-12-06;1;3
50;2025-12-06;2;0
50;2025-12-06;3;0
50;2025-12-06;4;1
50;2025-12-06;5;27
50;2025-12-06;6;153
50;2025-12-06;7;296
50;2025-12-06;8;435
50;2025-12-06;9;492
50;2025-12-06;10;522
50;2025-12-06;11;602
50;2025-12-06;12;652
50;2025-12-06;13;698
50;2025-12-06;14;680
50;2025-12-06;15;664
50;2025-12-06;16;634
50;2025-12-06;17;650
50;2025-12-06;18;586
50;2025-12-06;19;525
50;2025-12-06;20;399
50;2025-12-06;21;308
50;2025-12-06;22;190
50;2025-12-06;23;118
50;2025-12-07;0;61
50;2025-12-07;1;5
50;2025-12-07;2;0
50;2025-12-07;3;0
50;2025-12-07;4;0
50;2025-12-07;5;15
50;2025-12-07;6;140
50;2025-12-07;7;240
50;2025-12-07;8;386
50;2025-12-07;9;473
50;2025-12-07;10;535
50;2025-12-07;11;658
50;2025-12-07;12;738
50;2025-12-07;13;818
50;2025-12-07;14;804
50;2025-12-07;15;779
50;2025-12-07;16;758
50;2025-12-07;17;739
50;2025-12-07;18;662
50;2025-12-07;19;566
50;2025-12-07;20;463
50;2025-12-07;21;354
50;2025-12-07;22;207
50;2025-12-07;23;121
50;2025-12-08;0;37
50;2025-12-08;1;2
50;2025-12-08;2;0
50;2025-12-08;3;0
50;2025-12-08;4;1
50;2025-12-08;5;75
50;2025-12-08;6;583
50;2025-12-08;7;1761
50;2025-12-08;8;2693
50;2025-12-08;9;2047
50;2025-12-08;10;1604
50;2025-12-08;11;1484
50;2025-12-08;12;1412
50;2025-12-08;13;1421
50;2025-12-08;14;1410
50;2025-12-08;15;1534
50;2025-12-08;16;1690
50;2025-12-08;17;2200
50;2025-12-08;18;2381
50;2025-12-08;19;1526
50;2025-12-08;20;929
50;2025-12-08;21;583
50;2025-12-08;22;267
50;2025-12-08;23;126
50;2025-12-09;0;34
50;2025-12-09;1;1
50;2025-12-09;2;0
50;2025-12-09;3;0
50;2025-12-09;4;1
50;2025-12-09;5;75
50;2025-12-09;6;610
50;2025-12-09;7;1864
50;2025-12-09;8;2825
50;2025-12-09;9;2158
50;2025-12-09;10;1695
50;2025-12-09;11;1551
50;2025-12-09;12;1500
50;2025-12-09;13;1497
50;2025-12-09;14;1481
50;2025-12-09;15;1611
50;2025-12-09;16;1752
50;2025-12-09;17;2285
50;2025-12-09;18;2456
50;2025-12-09;19;1575
50;2025-12-09;20;981
50;2025-12-09;21;618
50;2025-12-09;22;287
50;2025-12-09;23;135
50;2025-12-10;0;39
50;2025-12-10;1;2
50;2025-12-10;2;0
50;2025-12-10;3;0
50;2025-12-10;4;1
50;2025-12-10;5;79
50;2025-12-10;6;627
50;2025-12-10;7;1924
50;2025-12-10;8;2915
50;2025-12-10;9;2236
50;2025-12-10;10;1762
50;2025-12-10;11;1618
50;2025-12-10;12;1583
50;2025-12-10;13;1579
50;2025-12-10;14;1550
50;2025-12-10;15;1684
50;2025-12-10;16;1875
50;2025-12-10;17;2366
50;2025-12-10;18;2563
50;2025-12-10;19;1634
50;2025-12-10;20;998
50;2025-12-10;21;647
50;2025-12-10;22;309
50;2025-12-10;23;150
50;2025-12-11;0;40
50;2025-12-11;1;2
50;2025-12-11;2;0
50;2025-12-11;3;0
50;2025-12-11;4;1
50;2025-12-11;5;77
50;2025-12-11;6;597
50;2025-12-11;7;1816
50;2025-12-11;8;2723
50;2025-12-11;9;2092
50;2025-12-11;10;1659
50;2025-12-11;11;1531
50;2025-12-11;12;1483
50;2025-12-11;13;1481
50;2025-12-11;14;1452
50;2025-12-11;15;1599
50;2025-12-11;16;1774
50;2025-12-11;17;2235
50;2025-12-11;18;2422
50;2025-12-11;19;1542
50;2025-12-11;20;969
50;2025-12-11;21;635
50;2025-12-11;22;300
50;2025-12-11;23;155
50;2025-12-12;0;42
50;2025-12-12;1;2
50;2025-12-12;2;0
50;2025-12-12;3;0
50;2025-12-12;4;1
50;2025-12-12;5;74
50;2025-12-12;6;594
50;2025-12-12;7;1766
50;2025-12-12;8;2668
50;2025-12-12;9;2042
50;2025-12-12;10;1622
50;2025-12-12;11;1559
50;2025-12-12;12;1525
50;2025-12-12;13;1506
50;2025-12-12;14;1529
50;2025-12-12;15;1685
50;2025-12-12;16;1922
50;2025-12-12;17;2159
50;2025-12-12;18;1937
50;2025-12-12;19;1369
50;2025-12-12;20;911
50;2025-12-12;21;590
50;2025-12-12;22;304
50;2025-12-12;23;166
50;2025-12-13;0;50
50;2025-12-13;1;3
50;2025-12-13;2;0
50;2025-12-13;3;0
50;2025-12-13;4;0
50;2025-12-13;5;26
50;2025-12-13;6;152
50;2025-12-13;7;306
50;2025-12-13;8;448
50;2025-12-13;9;505
50;2025-12-13;10;534
50;2025-12-13;11;613
50;2025-12-13;12;663
50;2025-12-13;13;710
50;2025-12-13;14;693
50;2025-12-13;15;678
50;2025-12-13;16;650
50;2025-12-13;17;665
50;2025-12-13;18;594
50;2025-12-13;19;531
50;2025-12-13;20;404
50;2025-12-13;21;307
50;2025-12-13;22;189
50;2025-12-13;23;114
50;2025-12-14;0;61
50;2025-12-14;1;5
50;2025-12-14;2;0
50;2025-12-14;3;0
50;2025-12-14;4;0
50;2025-12-14;5;15
50;2025-12-14;6;144
50;2025-12-14;7;256
50;2025-12-14;8;404
50;2025-12-14;9;494
50;2025-12-14;10;554
50;2025-12-14;11;676
50;2025-12-14;12;759
50;2025-12-14;13;832
50;2025-12-14;14;819
50;2025-12-14;15;794
50;2025-12-14;16;776
50;2025-12-14;17;760
50;2025-12-14;18;681
50;2025-12-14;19;583
50;2025-12-14;20;475
50;2025-12-14;21;360
50;2025-12-14;22;212
50;2025-12-14;23;122
50;2025-12-15;0;37
50;2025-12-15;1;2
50;2025-12-15;2;0
50;2025-12-15;3;0
50;2025-12-15;4;1
50;2025-12-15;5;78
50;2025-12-15;6;588
50;2025-12-15;7;1782
50;2025-12-15;8;2718
50;2025-12-15;9;2067
50;2025-12-15;10;1623
50;2025-12-15;11;1500
50;2025-12-15;12;1429
50;2025-12-15;13;1441
50;2025-12-15;14;1430
50;2025-12-15;15;1554
50;2025-12-15;16;1712
50;2025-12-15;17;2224
50;2025-12-15;18;2417
50;2025-12-15;19;1546
50;2025-12-15;20;945
50;2025-12-15;21;595
50;2025-12-15;22;279
50;2025-12-15;23;134
50;2025-12-16;0;36
50;2025-12-16;1;2
50;2025-12-16;2;0
50;2025-12-16;3;0
50;2025-12-16;4;1
50;2025-12-16;5;85
50;2025-12-16;6;620
50;2025-12-16;7;1891
50;2025-12-16;8;2853
50;2025-12-16;9;2185
50;2025-12-16;10;1720
50;2025-12-16;11;1573
50;2025-12-16;12;1523
50;2025-12-16;13;1518
50;2025-12-16;14;1502
50;2025-12-16;15;1632
50;2025-12-16;16;1774
50;2025-12-16;17;2307
50;2025-12-16;18;2495
50;2025-12-16;19;1590
50;2025-12-16;20;993
50;2025-12-16;21;625
50;2025-12-16;22;294
50;2025-12-16;23;139
50;2025-12-17;0;40
50;2025-12-17;1;2
50;2025-12-17;2;0
50;2025-12-17;3;0
50;2025-12-17;4;1
50;2025-12-17;5;76
50;2025-12-17;6;627
50;2025-12-17;7;1928
50;2025-12-17;8;2923
50;2025-12-17;9;2243
50;2025-12-17;10;1771
50;2025-12-17;11;1623
50;2025-12-17;12;1590
50;2025-12-17;13;1587
50;2025-12-17;14;1559
50;2025-12-17;15;1692
50;2025-12-17;16;1882
50;2025-12-17;17;2371
50;2025-12-17;18;2577
50;2025-12-17;19;1640
50;2025-12-17;20;1001
50;2025-12-17;21;653
50;2025-12-17;22;315
50;2025-12-17;23;154
50;2025-12-18;0;40
50;2025-12-18;1;2
50;2025-12-18;2;0
50;2025-12-18;3;0
50;2025-12-18;4;1
50;2025-12-18;5;78
50;2025-12-18;6;598
50;2025-12-18;7;1828
50;2025-12-18;8;2741
50;2025-12-18;9;2108
50;2025-12-18;10;1670
50;2025-12-18;11;1542
50;2025-12-18;12;1491
50;2025-12-18;13;1491
50;2025-12-18;14;1463
50;2025-12-18;15;1611
50;2025-12-18;16;1785
50;2025-12-18;17;2247
50;2025-12-18;18;2436
50;2025-12-18;19;1551
50;2025-12-18;20;976
50;2025-12-18;21;639
50;2025-12-18;22;305
50;2025-12-18;23;158
50;2025-12-19;0;42
50;2025-12-19;1;3
50;2025-12-19;2;0
50;2025-12-19;3;0
50;2025-12-19;4;1
50;2025-12-19;5;75
50;2025-12-19;6;596
50;2025-12-19;7;1775
50;2025-12-19;8;2684
50;2025-12-19;9;2055
50;2025-12-19;10;1632
50;2025-12-19;11;1568
50;2025-12-19;12;1533
50;2025-12-19;13;1517
50;2025-12-19;14;1542
50;2025-12-19;15;1698
50;2025-12-19;16;1935
50;2025-12-19;17;2171
50;2025-12-19;18;1952
50;2025-12-19;19;1380
50;2025-12-19;20;918
50;2025-12-19;21;595
50;2025-12-19;22;310
50;2025-12-19;23;170
50;2025-12-20;0;50
50;2025-12-20;1;3
50;2025-12-20;2;0
50;2025-12-20;3;0
50;2025-12-20;4;0
50;2025-12-20;5;28
50;2025-12-20;6;155
50;2025-12-20;7;313
50;2025-12-20;8;463
50;2025-12-20;9;518
50;2025-12-20;10;548
50;2025-12-20;11;627
50;2025-12-20;12;677
50;2025-12-20;13;724
50;2025-12-20;14;708
50;2025-12-20;15;693
50;2025-12-20;16;664
50;2025-12-20;17;680
50;2025-12-20;18;607
50;2025-12-20;19;542
50;2025-12-20;20;412
50;2025-12-20;21;313
50;2025-12-20;22;195
50;2025-12-20;23;119
50;2025-12-21;0;62
50;2025-12-21;1;5
50;2025-12-21;2;0
50;2025-12-21;3;0
50;2025-12-21;4;0
50;2025-12-21;5;16
50;2025-12-21;6;144
50;2025-12-21;7;255
50;2025-12-21;8;408
50;2025-12-21;9;500
50;2025-12-21;10;563
50;2025-12-21;11;684
50;2025-12-21;12;767
50;2025-12-21;13;841
50;2025-12-21;14;829
50;2025-12-21;15;805
50;2025-12-21;16;787
50;2025-12-21;17;773
50;2025-12-21;18;699
50;2025-12-21;19;595
50;2025-12-21;20;483
50;2025-12-21;21;366
50;2025-12-21;22;216
50;2025-12-21;23;123
50;2025-12-22;0;37
50;2025-12-22;1;2
50;2025-12-22;2;0
50;2025-12-22;3;0
50;2025-12-22;4;1
50;2025-12-22;5;76
50;2025-12-22;6;590
50;2025-12-22;7;1781
50;2025-12-22;8;2718
50;2025-12-22;9;2069
50;2025-12-22;10;1628
50;2025-12-22;11;1505
50;2025-12-22;12;1435
50;2025-12-22;13;1445
50;2025-12-22;14;1433
50;2025-12-22;15;1557
50;2025-12-22;16;1714
50;2025-12-22;17;2230
50;2025-12-22;18;2423
50;2025-12-22;19;1550
50;2025-12-22;20;946
50;2025-12-22;21;591
50;2025-12-22;22;273
50;2025-12-22;23;130
50;2025-12-23;0;37
50;2025-12-23;1;2
50;2025-12-23;2;0
50;2025-12-23;3;0
50;2025-12-23;4;1
50;2025-12-23;5;79
50;2025-12-23;6;617
50;2025-12-23;7;1884
50;2025-12-23;8;2851
50;2025-12-23;9;2179
50;2025-12-23;10;1718
50;2025-12-23;11;1570
50;2025-12-23;12;1523
50;2025-12-23;13;1520
50;2025-12-23;14;1505
50;2025-12-23;15;1633
50;2025-12-23;16;1777
50;2025-12-23;17;2312
50;2025-12-23;18;2504
50;2025-12-23;19;1598
50;2025-12-23;20;1000
50;2025-12-23;21;627
50;2025-12-23;22;294
50;2025-12-23;23;141
50;2025-12-24;0;41
50;2025-12-24;1;2
50;2025-12-24;2;0
50;2025-12-24;3;0
50;2025-12-24;4;1
50;2025-12-24;5;87
50;2025-12-24;6;644
50;2025-12-24;7;1939
50;2025-12-24;8;2937
50;2025-12-24;9;2262
50;2025-12-24;10;1793
50;2025-12-24;11;1646
50;2025-12-24;12;1613
50;2025-12-24;13;1606
50;2025-12-24;14;1579
50;2025-12-24;15;1711
50;2025-12-24;16;1902
50;2025-12-24;17;2398
50;2025-12-24;18;2604
50;2025-12-24;19;1672
50;2025-12-24;20;1029
50;2025-12-24;21;666
50;2025-12-24;22;325
50;2025-12-24;23;164
50;2025-12-25;0;41
50;2025-12-25;1;2
50;2025-12-25;2;0
50;2025-12-25;3;0
50;2025-12-25;4;1
50;2025-12-25;5;82
50;2025-12-25;6;609
50;2025-12-25;7;1831
50;2025-12-25;8;2744
50;2025-12-25;9;2118
50;2025-12-25;10;1686
50;2025-12-25;11;1558
50;2025-12-25;12;1508
50;2025-12-25;13;1504
50;2025-12-25;14;1476
50;2025-12-25;15;1624
50;2025-12-25;16;1800
50;2025-12-25;17;2265
50;2025-12-25;18;2452
50;2025-12-25;19;1564
50;2025-12-25;20;989
50;2025-12-25;21;649
50;2025-12-25;22;313
50;2025-12-25;23;166
50;2025-12-26;0;42
50;2025-12-26;1;3
50;2025-12-26;2;0
50;2025-12-26;3;0
50;2025-12-26;4;1
50;2025-12-26;5;78
50;2025-12-26;6;606
50;2025-12-26;7;1771
50;2025-12-26;8;2687
50;2025-12-26;9;2060
50;2025-12-26;10;1644
50;2025-12-26;11;1580
50;2025-12-26;12;1543
50;2025-12-26;13;1522
50;2025-12-26;14;1548
50;2025-12-26;15;1703
50;2025-12-26;16;1941
50;2025-12-26;17;2180
50;2025-12-26;18;1963
50;2025-12-26;19;1390
50;2025-12-26;20;929
50;2025-12-26;21;604
50;2025-12-26;22;316
50;2025-12-26;23;178
50;2025-12-27;0;50
50;2025-12-27;1;4
50;2025-12-27;2;0
50;2025-12-27;3;0
50;2025-12-27;4;0
50;2025-12-27;5;28
50;2025-12-27;6;156
50;2025-12-27;7;308
50;2025-12-27;8;455
50;2025-12-27;9;513
50;2025-12-27;10;542
50;2025-12-27;11;622
50;2025-12-27;12;672
50;2025-12-27;13;718
50;2025-12-27;14;700
50;2025-12-27;15;686
50;2025-12-27;16;657
50;2025-12-27;17;675
50;2025-12-27;18;610
50;2025-12-27;19;545
50;2025-12-27;20;414
50;2025-12-27;21;320
50;2025-12-27;22;200
50;2025-12-27;23;126
50;2025-12-28;0;62
50;2025-12-28;1;5
50;2025-12-28;2;0
50;2025-12-28;3;0
50;2025-12-28;4;0
50;2025-12-28;5;17
50;2025-12-28;6;145
50;2025-12-28;7;251
50;2025-12-28;8;401
50;2025-12-28;9;488
50;2025-12-28;10;549
50;2025-12-28;11;670
50;2025-12-28;12;753
50;2025-12-28;13;825
50;2025-12-28;14;812
50;2025-12-28;15;787
50;2025-12-28;16;767
50;2025-12-28;17;753
50;2025-12-28;18;682
50;2025-12-28;19;585
50;2025-12-28;20;475
50;2025-12-28;21;364
50;2025-12-28;22;218
50;2025-12-28;23;128
50;2025-12-29;0;35
50;2025-12-29;1;2
50;2025-12-29;2;0
50;2025-12-29;3;0
50;2025-12-29;4;1
50;2025-12-29;5;75
50;2025-12-29;6;559
50;2025-12-29;7;1680
50;2025-12-29;8;2566
50;2025-12-29;9;1952
50;2025-12-29;10;1536
50;2025-12-29;11;1419
50;2025-12-29;12;1352
50;2025-12-29;13;1361
50;2025-12-29;14;1349
50;2025-12-29;15;1466
50;2025-12-29;16;1616
50;2025-12-29;17;2103
50;2025-12-29;18;2280
50;2025-12-29;19;1460
50;2025-12-29;20;891
50;2025-12-29;21;559
50;2025-12-29;22;259
50;2025-12-29;23;126
50;2025-12-30;0;33
50;2025-12-30;1;2
50;2025-12-30;2;0
50;2025-12-30;3;0
50;2025-12-30;4;1
50;2025-12-30;5;74
50;2025-12-30;6;564
50;2025-12-30;7;1722
50;2025-12-30;8;2604
50;2025-12-30;9;1993
50;2025-12-30;10;1570
50;2025-12-30;11;1435
50;2025-12-30;12;1389
50;2025-12-30;13;1387
50;2025-12-30;14;1370
50;2025-12-30;15;1488
50;2025-12-30;16;1618
50;2025-12-30;17;2109
50;2025-12-30;18;2278
50;2025-12-30;19;1455
50;2025-12-30;20;908
50;2025-12-30;21;574
50;2025-12-30;22;270
50;2025-12-30;23;133
50;2025-12-31;0;42
50;2025-12-31;1;4
50;2025-12-31;2;1
50;2025-12-31;3;1
50;2025-12-31;4;1
50;2025-12-31;5;9
50;2025-12-31;6;196
50;2025-12-31;7;542
50;2025-12-31;8;903
50;2025-12-31;9;767
50;2025-12-31;10;668
50;2025-12-31;11;689
50;2025-12-31;12;686
50;2025-12-31;13;724
50;2025-12-31;14;699
50;2025-12-31;15;740
50;2025-12-31;16;769
50;2025-12-31;17;878
50;2025-12-31;18;711
50;2025-12-31;19;535
50;2025-12-31;20;374
50;2025-12-31;21;269
50;2025-12-31;22;136
50;2025-12-31;23;102
