route;date;hour;prediction
1;2025-11-01;0;10
1;2025-11-01;1;0
1;2025-11-01;2;1
1;2025-11-01;3;0
1;2025-11-01;4;2
1;2025-11-01;5;126
1;2025-11-01;6;556
1;2025-11-01;7;1137
1;2025-11-01;8;1469
1;2025-11-01;9;1291
1;2025-11-01;10;1259
1;2025-11-01;11;1338
1;2025-11-01;12;1346
1;2025-11-01;13;1393
1;2025-11-01;14;1348
1;2025-11-01;15;1394
1;2025-11-01;16;1454
1;2025-11-01;17;1488
1;2025-11-01;18;1491
1;2025-11-01;19;1134
1;2025-11-01;20;886
1;2025-11-01;21;591
1;2025-11-01;22;339
1;2025-11-01;23;147
1;2025-11-02;0;4
1;2025-11-02;1;0
1;2025-11-02;2;2
1;2025-11-02;3;2
1;2025-11-02;4;1
1;2025-11-02;5;8
1;2025-11-02;6;68
1;2025-11-02;7;144
1;2025-11-02;8;233
1;2025-11-02;9;435
1;2025-11-02;10;549
1;2025-11-02;11;595
1;2025-11-02;12;715
1;2025-11-02;13;746
1;2025-11-02;14;704
1;2025-11-02;15;633
1;2025-11-02;16;565
1;2025-11-02;17;494
1;2025-11-02;18;442
1;2025-11-02;19;367
1;2025-11-02;20;270
1;2025-11-02;21;211
1;2025-11-02;22;79
1;2025-11-02;23;11
1;2025-11-03;0;4
1;2025-11-03;1;1
1;2025-11-03;2;2
1;2025-11-03;3;0
1;2025-11-03;4;0
1;2025-11-03;5;18
1;2025-11-03;6;131
1;2025-11-03;7;381
1;2025-11-03;8;527
1;2025-11-03;9;569
1;2025-11-03;10;572
1;2025-11-03;11;606
1;2025-11-03;12;706
1;2025-11-03;13;722
1;2025-11-03;14;701
1;2025-11-03;15;715
1;2025-11-03;16;671
1;2025-11-03;17;713
1;2025-11-03;18;720
1;2025-11-03;19;575
1;2025-11-03;20;383
1;2025-11-03;21;260
1;2025-11-03;22;94
1;2025-11-03;23;9
1;2025-11-04;0;5
1;2025-11-04;1;0
1;2025-11-04;2;1
1;2025-11-04;3;0
1;2025-11-04;4;0
1;2025-11-04;5;8
1;2025-11-04;6;92
1;2025-11-04;7;330
1;2025-11-04;8;453
1;2025-11-04;9;508
1;2025-11-04;10;492
1;2025-11-04;11;517
1;2025-11-04;12;618
1;2025-11-04;13;687
1;2025-11-04;14;652
1;2025-11-04;15;643
1;2025-11-04;16;642
1;2025-11-04;17;627
1;2025-11-04;18;631
1;2025-11-04;19;515
1;2025-11-04;20;336
1;2025-11-04;21;245
1;2025-11-04;22;79
1;2025-11-04;23;6
1;2025-11-05;0;3
1;2025-11-05;1;0
1;2025-11-05;2;1
1;2025-11-05;3;1
1;2025-11-05;4;8
1;2025-11-05;5;120
1;2025-11-05;6;532
1;2025-11-05;7;1482
1;2025-11-05;8;1941
1;2025-11-05;9;1478
1;2025-11-05;10;1269
1;2025-11-05;11;1294
1;2025-11-05;12;1303
1;2025-11-05;13;1331
1;2025-11-05;14;1290
1;2025-11-05;15;1394
1;2025-11-05;16;1466
1;2025-11-05;17;1714
1;2025-11-05;18;1788
1;2025-11-05;19;1353
1;2025-11-05;20;842
1;2025-11-05;21;466
1;2025-11-05;22;195
1;2025-11-05;23;43
1;2025-11-06;0;3
1;2025-11-06;1;0
1;2025-11-06;2;1
1;2025-11-06;3;1
1;2025-11-06;4;7
1;2025-11-06;5;118
1;2025-11-06;6;525
1;2025-11-06;7;1488
1;2025-11-06;8;1942
1;2025-11-06;9;1477
1;2025-11-06;10;1276
1;2025-11-06;11;1286
1;2025-11-06;12;1305
1;2025-11-06;13;1344
1;2025-11-06;14;1296
1;2025-11-06;15;1401
1;2025-11-06;16;1483
1;2025-11-06;17;1730
1;2025-11-06;18;1793
1;2025-11-06;19;1334
1;2025-11-06;20;839
1;2025-11-06;21;474
1;2025-11-06;22;194
1;2025-11-06;23;42
1;2025-11-07;0;2
1;2025-11-07;1;0
1;2025-11-07;2;0
1;2025-11-07;3;0
1;2025-11-07;4;6
1;2025-11-07;5;118
1;2025-11-07;6;522
1;2025-11-07;7;1460
1;2025-11-07;8;1897
1;2025-11-07;9;1450
1;2025-11-07;10;1269
1;2025-11-07;11;1315
1;2025-11-07;12;1326
1;2025-11-07;13;1364
1;2025-11-07;14;1323
1;2025-11-07;15;1457
1;2025-11-07;16;1548
1;2025-11-07;17;1666
1;2025-11-07;18;1584
1;2025-11-07;19;1205
1;2025-11-07;20;794
1;2025-11-07;21;466
1;2025-11-07;22;203
1;2025-11-07;23;48
1;2025-11-08;0;6
1;2025-11-08;1;2
1;2025-11-08;2;3
1;2025-11-08;3;1
1;2025-11-08;4;3
1;2025-11-08;5;38
1;2025-11-08;6;177
1;2025-11-08;7;344
1;2025-11-08;8;487
1;2025-11-08;9;682
1;2025-11-08;10;768
1;2025-11-08;11;779
1;2025-11-08;12;909
1;2025-11-08;13;931
1;2025-11-08;14;893
1;2025-11-08;15;818
1;2025-11-08;16;770
1;2025-11-08;17;697
1;2025-11-08;18;622
1;2025-11-08;19;543
1;2025-11-08;20;420
1;2025-11-08;21;285
1;2025-11-08;22;126
1;2025-11-08;23;37
1;2025-11-09;0;4
1;2025-11-09;1;0
1;2025-11-09;2;1
1;2025-11-09;3;0
1;2025-11-09;4;0
1;2025-11-09;5;22
1;2025-11-09;6;119
1;2025-11-09;7;234
1;2025-11-09;8;339
1;2025-11-09;9;535
1;2025-11-09;10;633
1;2025-11-09;11;654
1;2025-11-09;12;785
1;2025-11-09;13;807
1;2025-11-09;14;769
1;2025-11-09;15;699
1;2025-11-09;16;647
1;2025-11-09;17;582
1;2025-11-09;18;520
1;2025-11-09;19;420
1;2025-11-09;20;326
1;2025-11-09;21;237
1;2025-11-09;22;95
1;2025-11-09;23;16
1;2025-11-10;0;1
1;2025-11-10;1;0
1;2025-11-10;2;0
1;2025-11-10;3;0
1;2025-11-10;4;5
1;2025-11-10;5;114
1;2025-11-10;6;518
1;2025-11-10;7;1486
1;2025-11-10;8;1967
1;2025-11-10;9;1470
1;2025-11-10;10;1254
1;2025-11-10;11;1272
1;2025-11-10;12;1295
1;2025-11-10;13;1318
1;2025-11-10;14;1285
1;2025-11-10;15;1408
1;2025-11-10;16;1498
1;2025-11-10;17;1762
1;2025-11-10;18;1852
1;2025-11-10;19;1360
1;2025-11-10;20;833
1;2025-11-10;21;465
1;2025-11-10;22;188
1;2025-11-10;23;32
1;2025-11-11;0;2
1;2025-11-11;1;0
1;2025-11-11;2;0
1;2025-11-11;3;0
1;2025-11-11;4;7
1;2025-11-11;5;124
1;2025-11-11;6;537
1;2025-11-11;7;1530
1;2025-11-11;8;1991
1;2025-11-11;9;1541
1;2025-11-11;10;1324
1;2025-11-11;11;1322
1;2025-11-11;12;1345
1;2025-11-11;13;1369
1;2025-11-11;14;1320
1;2025-11-11;15;1445
1;2025-11-11;16;1516
1;2025-11-11;17;1773
1;2025-11-11;18;1846
1;2025-11-11;19;1363
1;2025-11-11;20;859
1;2025-11-11;21;482
1;2025-11-11;22;200
1;2025-11-11;23;42
1;2025-11-12;0;3
1;2025-11-12;1;0
1;2025-11-12;2;0
1;2025-11-12;3;0
1;2025-11-12;4;8
1;2025-11-12;5;122
1;2025-11-12;6;546
1;2025-11-12;7;1520
1;2025-11-12;8;2001
1;2025-11-12;9;1531
1;2025-11-12;10;1321
1;2025-11-12;11;1334
1;2025-11-12;12;1349
1;2025-11-12;13;1380
1;2025-11-12;14;1336
1;2025-11-12;15;1441
1;2025-11-12;16;1515
1;2025-11-12;17;1785
1;2025-11-12;18;1840
1;2025-11-12;19;1366
1;2025-11-12;20;850
1;2025-11-12;21;481
1;2025-11-12;22;208
1;2025-11-12;23;46
1;2025-11-13;0;4
1;2025-11-13;1;0
1;2025-11-13;2;1
1;2025-11-13;3;1
1;2025-11-13;4;8
1;2025-11-13;5;121
1;2025-11-13;6;540
1;2025-11-13;7;1525
1;2025-11-13;8;1994
1;2025-11-13;9;1537
1;2025-11-13;10;1330
1;2025-11-13;11;1342
1;2025-11-13;12;1367
1;2025-11-13;13;1396
1;2025-11-13;14;1347
1;2025-11-13;15;1463
1;2025-11-13;16;1540
1;2025-11-13;17;1796
1;2025-11-13;18;1844
1;2025-11-13;19;1354
1;2025-11-13;20;849
1;2025-11-13;21;488
1;2025-11-13;22;206
1;2025-11-13;23;47
1;2025-11-14;0;3
1;2025-11-14;1;0
1;2025-11-14;2;0
1;2025-11-14;3;0
1;2025-11-14;4;5
1;2025-11-14;5;123
1;2025-11-14;6;527
1;2025-11-14;7;1501
1;2025-11-14;8;1954
1;2025-11-14;9;1497
1;2025-11-14;10;1309
1;2025-11-14;11;1359
1;2025-11-14;12;1363
1;2025-11-14;13;1401
1;2025-11-14;14;1359
1;2025-11-14;15;1493
1;2025-11-14;16;1589
1;2025-11-14;17;1713
1;2025-11-14;18;1613
1;2025-11-14;19;1223
1;2025-11-14;20;807
1;2025-11-14;21;475
1;2025-11-14;22;206
1;2025-11-14;23;52
1;2025-11-15;0;9
1;2025-11-15;1;1
1;2025-11-15;2;2
1;2025-11-15;3;0
1;2025-11-15;4;0
1;2025-11-15;5;30
1;2025-11-15;6;166
1;2025-11-15;7;334
1;2025-11-15;8;486
1;2025-11-15;9;674
1;2025-11-15;10;772
1;2025-11-15;11;770
1;2025-11-15;12;907
1;2025-11-15;13;956
1;2025-11-15;14;927
1;2025-11-15;15;856
1;2025-11-15;16;803
1;2025-11-15;17;736
1;2025-11-15;18;640
1;2025-11-15;19;536
1;2025-11-15;20;425
1;2025-11-15;21;295
1;2025-11-15;22;134
1;2025-11-15;23;39
1;2025-11-16;0;8
1;2025-11-16;1;1
1;2025-11-16;2;1
1;2025-11-16;3;2
1;2025-11-16;4;3
1;2025-11-16;5;23
1;2025-11-16;6;109
1;2025-11-16;7;229
1;2025-11-16;8;346
1;2025-11-16;9;540
1;2025-11-16;10;651
1;2025-11-16;11;696
1;2025-11-16;12;825
1;2025-11-16;13;853
1;2025-11-16;14;824
1;2025-11-16;15;741
1;2025-11-16;16;684
1;2025-11-16;17;602
1;2025-11-16;18;528
1;2025-11-16;19;417
1;2025-11-16;20;320
1;2025-11-16;21;240
1;2025-11-16;22;102
1;2025-11-16;23;23
1;2025-11-17;0;1
1;2025-11-17;1;0
1;2025-11-17;2;0
1;2025-11-17;3;0
1;2025-11-17;4;6
1;2025-11-17;5;114
1;2025-11-17;6;520
1;2025-11-17;7;1488
1;2025-11-17;8;1971
1;2025-11-17;9;1471
1;2025-11-17;10;1251
1;2025-11-17;11;1266
1;2025-11-17;12;1285
1;2025-11-17;13;1301
1;2025-11-17;14;1264
1;2025-11-17;15;1388
1;2025-11-17;16;1492
1;2025-11-17;17;1776
1;2025-11-17;18;1858
1;2025-11-17;19;1353
1;2025-11-17;20;832
1;2025-11-17;21;461
1;2025-11-17;22;187
1;2025-11-17;23;34
1;2025-11-18;0;2
1;2025-11-18;1;1
1;2025-11-18;2;1
1;2025-11-18;3;0
1;2025-11-18;4;7
1;2025-11-18;5;122
1;2025-11-18;6;539
1;2025-11-18;7;1528
1;2025-11-18;8;1968
1;2025-11-18;9;1503
1;2025-11-18;10;1315
1;2025-11-18;11;1306
1;2025-11-18;12;1330
1;2025-11-18;13;1350
1;2025-11-18;14;1311
1;2025-11-18;15;1430
1;2025-11-18;16;1510
1;2025-11-18;17;1761
1;2025-11-18;18;1831
1;2025-11-18;19;1346
1;2025-11-18;20;849
1;2025-11-18;21;473
1;2025-11-18;22;194
1;2025-11-18;23;38
1;2025-11-19;0;2
1;2025-11-19;1;0
1;2025-11-19;2;0
1;2025-11-19;3;0
1;2025-11-19;4;7
1;2025-11-19;5;123
1;2025-11-19;6;543
1;2025-11-19;7;1516
1;2025-11-19;8;1992
1;2025-11-19;9;1531
1;2025-11-19;10;1316
1;2025-11-19;11;1336
1;2025-11-19;12;1350
1;2025-11-19;13;1384
1;2025-11-19;14;1342
1;2025-11-19;15;1457
1;2025-11-19;16;1528
1;2025-11-19;17;1792
1;2025-11-19;18;1849
1;2025-11-19;19;1369
1;2025-11-19;20;855
1;2025-11-19;21;488
1;2025-11-19;22;212
1;2025-11-19;23;45
1;2025-11-20;0;3
1;2025-11-20;1;0
1;2025-11-20;2;0
1;2025-11-20;3;0
1;2025-11-20;4;7
1;2025-11-20;5;119
1;2025-11-20;6;536
1;2025-11-20;7;1517
1;2025-11-20;8;1989
1;2025-11-20;9;1534
1;2025-11-20;10;1326
1;2025-11-20;11;1337
1;2025-11-20;12;1367
1;2025-11-20;13;1396
1;2025-11-20;14;1347
1;2025-11-20;15;1465
1;2025-11-20;16;1544
1;2025-11-20;17;1794
1;2025-11-20;18;1854
1;2025-11-20;19;1360
1;2025-11-20;20;850
1;2025-11-20;21;491
1;2025-11-20;22;208
1;2025-11-20;23;47
1;2025-11-21;0;3
1;2025-11-21;1;0
1;2025-11-21;2;0
1;2025-11-21;3;0
1;2025-11-21;4;7
1;2025-11-21;5;120
1;2025-11-21;6;520
1;2025-11-21;7;1490
1;2025-11-21;8;1946
1;2025-11-21;9;1492
1;2025-11-21;10;1307
1;2025-11-21;11;1353
1;2025-11-21;12;1361
1;2025-11-21;13;1400
1;2025-11-21;14;1354
1;2025-11-21;15;1489
1;2025-11-21;16;1589
1;2025-11-21;17;1724
1;2025-11-21;18;1625
1;2025-11-21;19;1221
1;2025-11-21;20;807
1;2025-11-21;21;480
1;2025-11-21;22;213
1;2025-11-21;23;58
1;2025-11-22;0;5
1;2025-11-22;1;0
1;2025-11-22;2;0
1;2025-11-22;3;0
1;2025-11-22;4;1
1;2025-11-22;5;36
1;2025-11-22;6;180
1;2025-11-22;7;354
1;2025-11-22;8;509
1;2025-11-22;9;702
1;2025-11-22;10;800
1;2025-11-22;11;813
1;2025-11-22;12;949
1;2025-11-22;13;972
1;2025-11-22;14;933
1;2025-11-22;15;859
1;2025-11-22;16;806
1;2025-11-22;17;733
1;2025-11-22;18;640
1;2025-11-22;19;536
1;2025-11-22;20;424
1;2025-11-22;21;291
1;2025-11-22;22;132
1;2025-11-22;23;39
1;2025-11-23;0;5
1;2025-11-23;1;0
1;2025-11-23;2;1
1;2025-11-23;3;0
1;2025-11-23;4;0
1;2025-11-23;5;21
1;2025-11-23;6;106
1;2025-11-23;7;224
1;2025-11-23;8;337
1;2025-11-23;9;540
1;2025-11-23;10;655
1;2025-11-23;11;686
1;2025-11-23;12;824
1;2025-11-23;13;854
1;2025-11-23;14;819
1;2025-11-23;15;748
1;2025-11-23;16;687
1;2025-11-23;17;596
1;2025-11-23;18;525
1;2025-11-23;19;421
1;2025-11-23;20;324
1;2025-11-23;21;238
1;2025-11-23;22;95
1;2025-11-23;23;16
1;2025-11-24;0;0
1;2025-11-24;1;0
1;2025-11-24;2;0
1;2025-11-24;3;0
1;2025-11-24;4;6
1;2025-11-24;5;113
1;2025-11-24;6;512
1;2025-11-24;7;1482
1;2025-11-24;8;1965
1;2025-11-24;9;1468
1;2025-11-24;10;1256
1;2025-11-24;11;1265
1;2025-11-24;12;1289
1;2025-11-24;13;1315
1;2025-11-24;14;1276
1;2025-11-24;15;1408
1;2025-11-24;16;1499
1;2025-11-24;17;1767
1;2025-11-24;18;1852
1;2025-11-24;19;1349
1;2025-11-24;20;829
1;2025-11-24;21;456
1;2025-11-24;22;183
1;2025-11-24;23;32
1;2025-11-25;0;1
1;2025-11-25;1;0
1;2025-11-25;2;0
1;2025-11-25;3;0
1;2025-11-25;4;6
1;2025-11-25;5;120
1;2025-11-25;6;537
1;2025-11-25;7;1524
1;2025-11-25;8;1979
1;2025-11-25;9;1522
1;2025-11-25;10;1310
1;2025-11-25;11;1309
1;2025-11-25;12;1330
1;2025-11-25;13;1358
1;2025-11-25;14;1320
1;2025-11-25;15;1439
1;2025-11-25;16;1511
1;2025-11-25;17;1768
1;2025-11-25;18;1843
1;2025-11-25;19;1359
1;2025-11-25;20;854
1;2025-11-25;21;476
1;2025-11-25;22;195
1;2025-11-25;23;39
1;2025-11-26;0;3
1;2025-11-26;1;0
1;2025-11-26;2;0
1;2025-11-26;3;0
1;2025-11-26;4;7
1;2025-11-26;5;122
1;2025-11-26;6;547
1;2025-11-26;7;1509
1;2025-11-26;8;1980
1;2025-11-26;9;1524
1;2025-11-26;10;1321
1;2025-11-26;11;1335
1;2025-11-26;12;1345
1;2025-11-26;13;1376
1;2025-11-26;14;1326
1;2025-11-26;15;1434
1;2025-11-26;16;1502
1;2025-11-26;17;1773
1;2025-11-26;18;1830
1;2025-11-26;19;1357
1;2025-11-26;20;853
1;2025-11-26;21;483
1;2025-11-26;22;209
1;2025-11-26;23;47
1;2025-11-27;0;4
1;2025-11-27;1;0
1;2025-11-27;2;0
1;2025-11-27;3;0
1;2025-11-27;4;6
1;2025-11-27;5;120
1;2025-11-27;6;539
1;2025-11-27;7;1522
1;2025-11-27;8;1994
1;2025-11-27;9;1537
1;2025-11-27;10;1328
1;2025-11-27;11;1340
1;2025-11-27;12;1363
1;2025-11-27;13;1383
1;2025-11-27;14;1329
1;2025-11-27;15;1445
1;2025-11-27;16;1526
1;2025-11-27;17;1784
1;2025-11-27;18;1843
1;2025-11-27;19;1343
1;2025-11-27;20;835
1;2025-11-27;21;475
1;2025-11-27;22;203
1;2025-11-27;23;48
1;2025-11-28;0;3
1;2025-11-28;1;0
1;2025-11-28;2;1
1;2025-11-28;3;1
1;2025-11-28;4;7
1;2025-11-28;5;122
1;2025-11-28;6;519
1;2025-11-28;7;1498
1;2025-11-28;8;1957
1;2025-11-28;9;1508
1;2025-11-28;10;1317
1;2025-11-28;11;1361
1;2025-11-28;12;1370
1;2025-11-28;13;1403
1;2025-11-28;14;1363
1;2025-11-28;15;1498
1;2025-11-28;16;1596
1;2025-11-28;17;1716
1;2025-11-28;18;1626
1;2025-11-28;19;1216
1;2025-11-28;20;804
1;2025-11-28;21;479
1;2025-11-28;22;211
1;2025-11-28;23;55
1;2025-11-29;0;5
1;2025-11-29;1;0
1;2025-11-29;2;0
1;2025-11-29;3;0
1;2025-11-29;4;0
1;2025-11-29;5;33
1;2025-11-29;6;177
1;2025-11-29;7;339
1;2025-11-29;8;491
1;2025-11-29;9;682
1;2025-11-29;10;783
1;2025-11-29;11;790
1;2025-11-29;12;924
1;2025-11-29;13;940
1;2025-11-29;14;900
1;2025-11-29;15;823
1;2025-11-29;16;770
1;2025-11-29;17;696
1;2025-11-29;18;623
1;2025-11-29;19;518
1;2025-11-29;20;410
1;2025-11-29;21;289
1;2025-11-29;22;130
1;2025-11-29;23;39
1;2025-11-30;0;4
1;2025-11-30;1;0
1;2025-11-30;2;0
1;2025-11-30;3;0
1;2025-11-30;4;0
1;2025-11-30;5;20
1;2025-11-30;6;112
1;2025-11-30;7;228
1;2025-11-30;8;356
1;2025-11-30;9;552
1;2025-11-30;10;662
1;2025-11-30;11;686
1;2025-11-30;12;816
1;2025-11-30;13;847
1;2025-11-30;14;808
1;2025-11-30;15;738
1;2025-11-30;16;677
1;2025-11-30;17;584
1;2025-11-30;18;519
1;2025-11-30;19;415
1;2025-11-30;20;327
1;2025-11-30;21;237
1;2025-11-30;22;98
1;2025-11-30;23;18
1;2025-12-01;0;2
1;2025-12-01;1;0
1;2025-12-01;2;0
1;2025-12-01;3;0
1;2025-12-01;4;4
1;2025-12-01;5;114
1;2025-12-01;6;521
1;2025-12-01;7;1447
1;2025-12-01;8;1899
1;2025-12-01;9;1432
1;2025-12-01;10;1216
1;2025-12-01;11;1230
1;2025-12-01;12;1244
1;2025-12-01;13;1265
1;2025-12-01;14;1224
1;2025-12-01;15;1349
1;2025-12-01;16;1441
1;2025-12-01;17;1713
1;2025-12-01;18;1811
1;2025-12-01;19;1326
1;2025-12-01;20;820
1;2025-12-01;21;462
1;2025-12-01;22;191
1;2025-12-01;23;36
1;2025-12-02;0;2
1;2025-12-02;1;0
1;2025-12-02;2;0
1;2025-12-02;3;0
1;2025-12-02;4;4
1;2025-12-02;5;120
1;2025-12-02;6;531
1;2025-12-02;7;1487
1;2025-12-02;8;1923
1;2025-12-02;9;1497
1;2025-12-02;10;1285
1;2025-12-02;11;1284
1;2025-12-02;12;1303
1;2025-12-02;13;1324
1;2025-12-02;14;1276
1;2025-12-02;15;1395
1;2025-12-02;16;1467
1;2025-12-02;17;1728
1;2025-12-02;18;1808
1;2025-12-02;19;1349
1;2025-12-02;20;853
1;2025-12-02;21;483
1;2025-12-02;22;206
1;2025-12-02;23;45
1;2025-12-03;0;5
1;2025-12-03;1;0
1;2025-12-03;2;0
1;2025-12-03;3;0
1;2025-12-03;4;7
1;2025-12-03;5;122
1;2025-12-03;6;547
1;2025-12-03;7;1483
1;2025-12-03;8;1928
1;2025-12-03;9;1501
1;2025-12-03;10;1289
1;2025-12-03;11;1302
1;2025-12-03;12;1312
1;2025-12-03;13;1347
1;2025-12-03;14;1301
1;2025-12-03;15;1408
1;2025-12-03;16;1478
1;2025-12-03;17;1735
1;2025-12-03;18;1807
1;2025-12-03;19;1346
1;2025-12-03;20;853
1;2025-12-03;21;488
1;2025-12-03;22;219
1;2025-12-03;23;51
1;2025-12-04;0;5
1;2025-12-04;1;0
1;2025-12-04;2;0
1;2025-12-04;3;0
1;2025-12-04;4;6
1;2025-12-04;5;118
1;2025-12-04;6;541
1;2025-12-04;7;1487
1;2025-12-04;8;1928
1;2025-12-04;9;1501
1;2025-12-04;10;1295
1;2025-12-04;11;1305
1;2025-12-04;12;1323
1;2025-12-04;13;1357
1;2025-12-04;14;1306
1;2025-12-04;15;1423
1;2025-12-04;16;1503
1;2025-12-04;17;1751
1;2025-12-04;18;1812
1;2025-12-04;19;1350
1;2025-12-04;20;856
1;2025-12-04;21;500
1;2025-12-04;22;222
1;2025-12-04;23;55
1;2025-12-05;0;4
1;2025-12-05;1;0
1;2025-12-05;2;0
1;2025-12-05;3;0
1;2025-12-05;4;5
1;2025-12-05;5;122
1;2025-12-05;6;529
1;2025-12-05;7;1464
1;2025-12-05;8;1890
1;2025-12-05;9;1465
1;2025-12-05;10;1278
1;2025-12-05;11;1321
1;2025-12-05;12;1327
1;2025-12-05;13;1361
1;2025-12-05;14;1317
1;2025-12-05;15;1454
1;2025-12-05;16;1552
1;2025-12-05;17;1683
1;2025-12-05;18;1591
1;2025-12-05;19;1208
1;2025-12-05;20;806
1;2025-12-05;21;483
1;2025-12-05;22;221
1;2025-12-05;23;60
1;2025-12-06;0;6
1;2025-12-06;1;0
1;2025-12-06;2;0
1;2025-12-06;3;0
1;2025-12-06;4;0
1;2025-12-06;5;29
1;2025-12-06;6;172
1;2025-12-06;7;331
1;2025-12-06;8;466
1;2025-12-06;9;666
1;2025-12-06;10;761
1;2025-12-06;11;773
1;2025-12-06;12;908
1;2025-12-06;13;932
1;2025-12-06;14;893
1;2025-12-06;15;817
1;2025-12-06;16;764
1;2025-12-06;17;687
1;2025-12-06;18;611
1;2025-12-06;19;526
1;2025-12-06;20;419
1;2025-12-06;21;288
1;2025-12-06;22;135
1;2025-12-06;23;39
1;2025-12-07;0;6
1;2025-12-07;1;0
1;2025-12-07;2;1
1;2025-12-07;3;0
1;2025-12-07;4;0
1;2025-12-07;5;20
1;2025-12-07;6;114
1;2025-12-07;7;221
1;2025-12-07;8;331
1;2025-12-07;9;521
1;2025-12-07;10;631
1;2025-12-07;11;666
1;2025-12-07;12;797
1;2025-12-07;13;822
1;2025-12-07;14;787
1;2025-12-07;15;713
1;2025-12-07;16;657
1;2025-12-07;17;583
1;2025-12-07;18;519
1;2025-12-07;19;433
1;2025-12-07;20;343
1;2025-12-07;21;247
1;2025-12-07;22;105
1;2025-12-07;23;21
1;2025-12-08;0;2
1;2025-12-08;1;0
1;2025-12-08;2;0
1;2025-12-08;3;0
1;2025-12-08;4;4
1;2025-12-08;5;114
1;2025-12-08;6;523
1;2025-12-08;7;1458
1;2025-12-08;8;1904
1;2025-12-08;9;1442
1;2025-12-08;10;1226
1;2025-12-08;11;1245
1;2025-12-08;12;1261
1;2025-12-08;13;1285
1;2025-12-08;14;1244
1;2025-12-08;15;1369
1;2025-12-08;16;1461
1;2025-12-08;17;1733
1;2025-12-08;18;1820
1;2025-12-08;19;1343
1;2025-12-08;20;831
1;2025-12-08;21;464
1;2025-12-08;22;195
1;2025-12-08;23;37
1;2025-12-09;0;3
1;2025-12-09;1;0
1;2025-12-09;2;0
1;2025-12-09;3;0
1;2025-12-09;4;6
1;2025-12-09;5;122
1;2025-12-09;6;541
1;2025-12-09;7;1503
1;2025-12-09;8;1929
1;2025-12-09;9;1503
1;2025-12-09;10;1292
1;2025-12-09;11;1291
1;2025-12-09;12;1310
1;2025-12-09;13;1335
1;2025-12-09;14;1284
1;2025-12-09;15;1400
1;2025-12-09;16;1472
1;2025-12-09;17;1727
1;2025-12-09;18;1802
1;2025-12-09;19;1342
1;2025-12-09;20;852
1;2025-12-09;21;478
1;2025-12-09;22;204
1;2025-12-09;23;44
1;2025-12-10;0;4
1;2025-12-10;1;0
1;2025-12-10;2;0
1;2025-12-10;3;0
1;2025-12-10;4;7
1;2025-12-10;5;120
1;2025-12-10;6;550
1;2025-12-10;7;1492
1;2025-12-10;8;1936
1;2025-12-10;9;1508
1;2025-12-10;10;1295
1;2025-12-10;11;1306
1;2025-12-10;12;1320
1;2025-12-10;13;1353
1;2025-12-10;14;1306
1;2025-12-10;15;1412
1;2025-12-10;16;1487
1;2025-12-10;17;1747
1;2025-12-10;18;1807
1;2025-12-10;19;1355
1;2025-12-10;20;855
1;2025-12-10;21;488
1;2025-12-10;22;219
1;2025-12-10;23;49
1;2025-12-11;0;4
1;2025-12-11;1;0
1;2025-12-11;2;0
1;2025-12-11;3;0
1;2025-12-11;4;7
1;2025-12-11;5;119
1;2025-12-11;6;536
1;2025-12-11;7;1487
1;2025-12-11;8;1917
1;2025-12-11;9;1496
1;2025-12-11;10;1283
1;2025-12-11;11;1295
1;2025-12-11;12;1317
1;2025-12-11;13;1349
1;2025-12-11;14;1302
1;2025-12-11;15;1422
1;2025-12-11;16;1504
1;2025-12-11;17;1747
1;2025-12-11;18;1795
1;2025-12-11;19;1329
1;2025-12-11;20;845
1;2025-12-11;21;491
1;2025-12-11;22;219
1;2025-12-11;23;58
1;2025-12-12;0;3
1;2025-12-12;1;0
1;2025-12-12;2;0
1;2025-12-12;3;0
1;2025-12-12;4;6
1;2025-12-12;5;123
1;2025-12-12;6;528
1;2025-12-12;7;1469
1;2025-12-12;8;1889
1;2025-12-12;9;1470
1;2025-12-12;10;1288
1;2025-12-12;11;1327
1;2025-12-12;12;1330
1;2025-12-12;13;1351
1;2025-12-12;14;1297
1;2025-12-12;15;1425
1;2025-12-12;16;1529
1;2025-12-12;17;1658
1;2025-12-12;18;1560
1;2025-12-12;19;1197
1;2025-12-12;20;803
1;2025-12-12;21;483
1;2025-12-12;22;222
1;2025-12-12;23;59
1;2025-12-13;0;8
1;2025-12-13;1;1
1;2025-12-13;2;1
1;2025-12-13;3;0
1;2025-12-13;4;0
1;2025-12-13;5;30
1;2025-12-13;6;176
1;2025-12-13;7;337
1;2025-12-13;8;478
1;2025-12-13;9;670
1;2025-12-13;10;768
1;2025-12-13;11;784
1;2025-12-13;12;912
1;2025-12-13;13;934
1;2025-12-13;14;894
1;2025-12-13;15;814
1;2025-12-13;16;769
1;2025-12-13;17;687
1;2025-12-13;18;610
1;2025-12-13;19;523
1;2025-12-13;20;427
1;2025-12-13;21;296
1;2025-12-13;22;140
1;2025-12-13;23;43
1;2025-12-14;0;7
1;2025-12-14;1;1
1;2025-12-14;2;0
1;2025-12-14;3;0
1;2025-12-14;4;0
1;2025-12-14;5;23
1;2025-12-14;6;118
1;2025-12-14;7;225
1;2025-12-14;8;336
1;2025-12-14;9;527
1;2025-12-14;10;639
1;2025-12-14;11;667
1;2025-12-14;12;797
1;2025-12-14;13;820
1;2025-12-14;14;780
1;2025-12-14;15;709
1;2025-12-14;16;659
1;2025-12-14;17;586
1;2025-12-14;18;522
1;2025-12-14;19;436
1;2025-12-14;20;343
1;2025-12-14;21;257
1;2025-12-14;22;114
1;2025-12-14;23;25
1;2025-12-15;0;3
1;2025-12-15;1;1
1;2025-12-15;2;0
1;2025-12-15;3;0
1;2025-12-15;4;5
1;2025-12-15;5;117
1;2025-12-15;6;525
1;2025-12-15;7;1466
1;2025-12-15;8;1906
1;2025-12-15;9;1452
1;2025-12-15;10;1237
1;2025-12-15;11;1252
1;2025-12-15;12;1278
1;2025-12-15;13;1295
1;2025-12-15;14;1256
1;2025-12-15;15;1381
1;2025-12-15;16;1475
1;2025-12-15;17;1755
1;2025-12-15;18;1839
1;2025-12-15;19;1359
1;2025-12-15;20;836
1;2025-12-15;21;472
1;2025-12-15;22;199
1;2025-12-15;23;38
1;2025-12-16;0;3
1;2025-12-16;1;0
1;2025-12-16;2;0
1;2025-12-16;3;0
1;2025-12-16;4;6
1;2025-12-16;5;123
1;2025-12-16;6;542
1;2025-12-16;7;1502
1;2025-12-16;8;1932
1;2025-12-16;9;1503
1;2025-12-16;10;1288
1;2025-12-16;11;1282
1;2025-12-16;12;1304
1;2025-12-16;13;1327
1;2025-12-16;14;1278
1;2025-12-16;15;1401
1;2025-12-16;16;1475
1;2025-12-16;17;1734
1;2025-12-16;18;1809
1;2025-12-16;19;1345
1;2025-12-16;20;853
1;2025-12-16;21;481
1;2025-12-16;22;206
1;2025-12-16;23;45
1;2025-12-17;0;3
1;2025-12-17;1;0
1;2025-12-17;2;0
1;2025-12-17;3;0
1;2025-12-17;4;7
1;2025-12-17;5;124
1;2025-12-17;6;550
1;2025-12-17;7;1494
1;2025-12-17;8;1936
1;2025-12-17;9;1510
1;2025-12-17;10;1298
1;2025-12-17;11;1313
1;2025-12-17;12;1330
1;2025-12-17;13;1363
1;2025-12-17;14;1320
1;2025-12-17;15;1427
1;2025-12-17;16;1494
1;2025-12-17;17;1758
1;2025-12-17;18;1816
1;2025-12-17;19;1361
1;2025-12-17;20;859
1;2025-12-17;21;492
1;2025-12-17;22;222
1;2025-12-17;23;53
1;2025-12-18;0;4
1;2025-12-18;1;0
1;2025-12-18;2;0
1;2025-12-18;3;0
1;2025-12-18;4;7
1;2025-12-18;5;120
1;2025-12-18;6;539
1;2025-12-18;7;1495
1;2025-12-18;8;1934
1;2025-12-18;9;1506
1;2025-12-18;10;1302
1;2025-12-18;11;1311
1;2025-12-18;12;1333
1;2025-12-18;13;1363
1;2025-12-18;14;1312
1;2025-12-18;15;1431
1;2025-12-18;16;1512
1;2025-12-18;17;1763
1;2025-12-18;18;1819
1;2025-12-18;19;1352
1;2025-12-18;20;857
1;2025-12-18;21;498
1;2025-12-18;22;220
1;2025-12-18;23;55
1;2025-12-19;0;4
1;2025-12-19;1;0
1;2025-12-19;2;0
1;2025-12-19;3;0
1;2025-12-19;4;6
1;2025-12-19;5;123
1;2025-12-19;6;528
1;2025-12-19;7;1475
1;2025-12-19;8;1894
1;2025-12-19;9;1475
1;2025-12-19;10;1292
1;2025-12-19;11;1328
1;2025-12-19;12;1334
1;2025-12-19;13;1366
1;2025-12-19;14;1327
1;2025-12-19;15;1464
1;2025-12-19;16;1561
1;2025-12-19;17;1691
1;2025-12-19;18;1595
1;2025-12-19;19;1211
1;2025-12-19;20;808
1;2025-12-19;21;487
1;2025-12-19;22;224
1;2025-12-19;23;60
1;2025-12-20;0;6
1;2025-12-20;1;0
1;2025-12-20;2;0
1;2025-12-20;3;1
1;2025-12-20;4;1
1;2025-12-20;5;31
1;2025-12-20;6;173
1;2025-12-20;7;335
1;2025-12-20;8;473
1;2025-12-20;9;672
1;2025-12-20;10;769
1;2025-12-20;11;779
1;2025-12-20;12;911
1;2025-12-20;13;935
1;2025-12-20;14;895
1;2025-12-20;15;817
1;2025-12-20;16;771
1;2025-12-20;17;693
1;2025-12-20;18;607
1;2025-12-20;19;523
1;2025-12-20;20;418
1;2025-12-20;21;287
1;2025-12-20;22;134
1;2025-12-20;23;39
1;2025-12-21;0;6
1;2025-12-21;1;0
1;2025-12-21;2;1
1;2025-12-21;3;0
1;2025-12-21;4;0
1;2025-12-21;5;21
1;2025-12-21;6;106
1;2025-12-21;7;224
1;2025-12-21;8;335
1;2025-12-21;9;525
1;2025-12-21;10;642
1;2025-12-21;11;669
1;2025-12-21;12;799
1;2025-12-21;13;820
1;2025-12-21;14;787
1;2025-12-21;15;715
1;2025-12-21;16;661
1;2025-12-21;17;585
1;2025-12-21;18;517
1;2025-12-21;19;431
1;2025-12-21;20;338
1;2025-12-21;21;250
1;2025-12-21;22;108
1;2025-12-21;23;24
1;2025-12-22;0;4
1;2025-12-22;1;3
1;2025-12-22;2;3
1;2025-12-22;3;3
1;2025-12-22;4;7
1;2025-12-22;5;117
1;2025-12-22;6;526
1;2025-12-22;7;1474
1;2025-12-22;8;1920
1;2025-12-22;9;1454
1;2025-12-22;10;1240
1;2025-12-22;11;1255
1;2025-12-22;12;1270
1;2025-12-22;13;1289
1;2025-12-22;14;1247
1;2025-12-22;15;1368
1;2025-12-22;16;1460
1;2025-12-22;17;1734
1;2025-12-22;18;1819
1;2025-12-22;19;1342
1;2025-12-22;20;833
1;2025-12-22;21;469
1;2025-12-22;22;198
1;2025-12-22;23;37
1;2025-12-23;0;3
1;2025-12-23;1;0
1;2025-12-23;2;0
1;2025-12-23;3;0
1;2025-12-23;4;4
1;2025-12-23;5;122
1;2025-12-23;6;541
1;2025-12-23;7;1502
1;2025-12-23;8;1933
1;2025-12-23;9;1503
1;2025-12-23;10;1291
1;2025-12-23;11;1282
1;2025-12-23;12;1306
1;2025-12-23;13;1328
1;2025-12-23;14;1280
1;2025-12-23;15;1397
1;2025-12-23;16;1473
1;2025-12-23;17;1732
1;2025-12-23;18;1810
1;2025-12-23;19;1351
1;2025-12-23;20;853
1;2025-12-23;21;484
1;2025-12-23;22;208
1;2025-12-23;23;45
1;2025-12-24;0;3
1;2025-12-24;1;0
1;2025-12-24;2;0
1;2025-12-24;3;0
1;2025-12-24;4;7
1;2025-12-24;5;125
1;2025-12-24;6;555
1;2025-12-24;7;1496
1;2025-12-24;8;1943
1;2025-12-24;9;1511
1;2025-12-24;10;1296
1;2025-12-24;11;1302
1;2025-12-24;12;1316
1;2025-12-24;13;1344
1;2025-12-24;14;1298
1;2025-12-24;15;1406
1;2025-12-24;16;1482
1;2025-12-24;17;1751
1;2025-12-24;18;1816
1;2025-12-24;19;1359
1;2025-12-24;20;848
1;2025-12-24;21;486
1;2025-12-24;22;215
1;2025-12-24;23;46
1;2025-12-25;0;4
1;2025-12-25;1;0
1;2025-12-25;2;0
1;2025-12-25;3;1
1;2025-12-25;4;7
1;2025-12-25;5;122
1;2025-12-25;6;541
1;2025-12-25;7;1478
1;2025-12-25;8;1935
1;2025-12-25;9;1506
1;2025-12-25;10;1303
1;2025-12-25;11;1319
1;2025-12-25;12;1338
1;2025-12-25;13;1366
1;2025-12-25;14;1312
1;2025-12-25;15;1430
1;2025-12-25;16;1496
1;2025-12-25;17;1750
1;2025-12-25;18;1800
1;2025-12-25;19;1335
1;2025-12-25;20;851
1;2025-12-25;21;491
1;2025-12-25;22;217
1;2025-12-25;23;53
1;2025-12-26;0;4
1;2025-12-26;1;0
1;2025-12-26;2;0
1;2025-12-26;3;0
1;2025-12-26;4;6
1;2025-12-26;5;124
1;2025-12-26;6;527
1;2025-12-26;7;1461
1;2025-12-26;8;1888
1;2025-12-26;9;1468
1;2025-12-26;10;1274
1;2025-12-26;11;1318
1;2025-12-26;12;1318
1;2025-12-26;13;1374
1;2025-12-26;14;1324
1;2025-12-26;15;1460
1;2025-12-26;16;1550
1;2025-12-26;17;1676
1;2025-12-26;18;1585
1;2025-12-26;19;1204
1;2025-12-26;20;804
1;2025-12-26;21;479
1;2025-12-26;22;222
1;2025-12-26;23;59
1;2025-12-27;0;10
1;2025-12-27;1;3
1;2025-12-27;2;3
1;2025-12-27;3;2
1;2025-12-27;4;2
1;2025-12-27;5;34
1;2025-12-27;6;172
1;2025-12-27;7;333
1;2025-12-27;8;461
1;2025-12-27;9;658
1;2025-12-27;10;755
1;2025-12-27;11;767
1;2025-12-27;12;895
1;2025-12-27;13;924
1;2025-12-27;14;882
1;2025-12-27;15;819
1;2025-12-27;16;768
1;2025-12-27;17;684
1;2025-12-27;18;607
1;2025-12-27;19;523
1;2025-12-27;20;417
1;2025-12-27;21;290
1;2025-12-27;22;135
1;2025-12-27;23;40
1;2025-12-28;0;7
1;2025-12-28;1;1
1;2025-12-28;2;2
1;2025-12-28;3;0
1;2025-12-28;4;0
1;2025-12-28;5;21
1;2025-12-28;6;107
1;2025-12-28;7;205
1;2025-12-28;8;297
1;2025-12-28;9;487
1;2025-12-28;10;611
1;2025-12-28;11;641
1;2025-12-28;12;770
1;2025-12-28;13;793
1;2025-12-28;14;759
1;2025-12-28;15;686
1;2025-12-28;16;628
1;2025-12-28;17;548
1;2025-12-28;18;494
1;2025-12-28;19;414
1;2025-12-28;20;327
1;2025-12-28;21;244
1;2025-12-28;22;105
1;2025-12-28;23;24
1;2025-12-29;0;3
1;2025-12-29;1;1
1;2025-12-29;2;1
1;2025-12-29;3;1
1;2025-12-29;4;5
1;2025-12-29;5;109
1;2025-12-29;6;512
1;2025-12-29;7;1434
1;2025-12-29;8;1892
1;2025-12-29;9;1427
1;2025-12-29;10;1218
1;2025-12-29;11;1238
1;2025-12-29;12;1257
1;2025-12-29;13;1275
1;2025-12-29;14;1233
1;2025-12-29;15;1358
1;2025-12-29;16;1442
1;2025-12-29;17;1715
1;2025-12-29;18;1803
1;2025-12-29;19;1333
1;2025-12-29;20;822
1;2025-12-29;21;461
1;2025-12-29;22;190
1;2025-12-29;23;38
1;2025-12-30;0;4
1;2025-12-30;1;0
1;2025-12-30;2;0
1;2025-12-30;3;0
1;2025-12-30;4;4
1;2025-12-30;5;117
1;2025-12-30;6;530
1;2025-12-30;7;1473
1;2025-12-30;8;1904
1;2025-12-30;9;1474
1;2025-12-30;10;1267
1;2025-12-30;11;1271
1;2025-12-30;12;1293
1;2025-12-30;13;1307
1;2025-12-30;14;1252
1;2025-12-30;15;1373
1;2025-12-30;16;1442
1;2025-12-30;17;1701
1;2025-12-30;18;1783
1;2025-12-30;19;1328
1;2025-12-30;20;838
1;2025-12-30;21;473
1;2025-12-30;22;198
1;2025-12-30;23;44
1;2025-12-31;0;3
1;2025-12-31;1;0
1;2025-12-31;2;0
1;2025-12-31;3;0
1;2025-12-31;4;0
1;2025-12-31;5;10
1;2025-12-31;6;113
1;2025-12-31;7;320
1;2025-12-31;8;421
1;2025-12-31;9;487
1;2025-12-31;10;481
1;2025-12-31;11;530
1;2025-12-31;12;617
1;2025-12-31;13;614
1;2025-12-31;14;622
1;2025-12-31;15;647
1;2025-12-31;16;618
1;2025-12-31;17;618
1;2025-12-31;18;637
1;2025-12-31;19;490
1;2025-12-31;20;368
1;2025-12-31;21;250
1;2025-12-31;22;92
1;2025-12-31;23;11
5;2025-11-01;0;5
5;2025-11-01;1;1
5;2025-11-01;2;0
5;2025-11-01;3;0
5;2025-11-01;4;0
5;2025-11-01;5;11
5;2025-11-01;6;44
5;2025-11-01;7;82
5;2025-11-01;8;106
5;2025-11-01;9;90
5;2025-11-01;10;87
5;2025-11-01;11;90
5;2025-11-01;12;90
5;2025-11-01;13;96
5;2025-11-01;14;94
5;2025-11-01;15;99
5;2025-11-01;16;106
5;2025-11-01;17;110
5;2025-11-01;18;110
5;2025-11-01;19;84
5;2025-11-01;20;65
5;2025-11-01;21;47
5;2025-11-01;22;28
5;2025-11-01;23;17
5;2025-11-02;0;4
5;2025-11-02;1;1
5;2025-11-02;2;0
5;2025-11-02;3;0
5;2025-11-02;4;0
5;2025-11-02;5;3
5;2025-11-02;6;11
5;2025-11-02;7;16
5;2025-11-02;8;23
5;2025-11-02;9;33
5;2025-11-02;10;40
5;2025-11-02;11;49
5;2025-11-02;12;56
5;2025-11-02;13;60
5;2025-11-02;14;60
5;2025-11-02;15;59
5;2025-11-02;16;57
5;2025-11-02;17;55
5;2025-11-02;18;50
5;2025-11-02;19;41
5;2025-11-02;20;30
5;2025-11-02;21;23
5;2025-11-02;22;13
5;2025-11-02;23;7
5;2025-11-03;0;3
5;2025-11-03;1;0
5;2025-11-03;2;0
5;2025-11-03;3;0
5;2025-11-03;4;0
5;2025-11-03;5;4
5;2025-11-03;6;19
5;2025-11-03;7;35
5;2025-11-03;8;47
5;2025-11-03;9;46
5;2025-11-03;10;44
5;2025-11-03;11;49
5;2025-11-03;12;54
5;2025-11-03;13;57
5;2025-11-03;14;57
5;2025-11-03;15;60
5;2025-11-03;16;60
5;2025-11-03;17;66
5;2025-11-03;18;67
5;2025-11-03;19;54
5;2025-11-03;20;38
5;2025-11-03;21;27
5;2025-11-03;22;14
5;2025-11-03;23;7
5;2025-11-04;0;3
5;2025-11-04;1;1
5;2025-11-04;2;0
5;2025-11-04;3;0
5;2025-11-04;4;0
5;2025-11-04;5;3
5;2025-11-04;6;15
5;2025-11-04;7;29
5;2025-11-04;8;40
5;2025-11-04;9;39
5;2025-11-04;10;36
5;2025-11-04;11;42
5;2025-11-04;12;49
5;2025-11-04;13;53
5;2025-11-04;14;54
5;2025-11-04;15;57
5;2025-11-04;16;59
5;2025-11-04;17;63
5;2025-11-04;18;64
5;2025-11-04;19;52
5;2025-11-04;20;35
5;2025-11-04;21;27
5;2025-11-04;22;14
5;2025-11-04;23;7
5;2025-11-05;0;2
5;2025-11-05;1;0
5;2025-11-05;2;0
5;2025-11-05;3;0
5;2025-11-05;4;0
5;2025-11-05;5;10
5;2025-11-05;6;45
5;2025-11-05;7;107
5;2025-11-05;8;147
5;2025-11-05;9;109
5;2025-11-05;10;88
5;2025-11-05;11;85
5;2025-11-05;12;86
5;2025-11-05;13;88
5;2025-11-05;14;88
5;2025-11-05;15;95
5;2025-11-05;16;106
5;2025-11-05;17;126
5;2025-11-05;18;134
5;2025-11-05;19;99
5;2025-11-05;20;63
5;2025-11-05;21;39
5;2025-11-05;22;19
5;2025-11-05;23;9
5;2025-11-06;0;2
5;2025-11-06;1;0
5;2025-11-06;2;0
5;2025-11-06;3;0
5;2025-11-06;4;0
5;2025-11-06;5;10
5;2025-11-06;6;45
5;2025-11-06;7;107
5;2025-11-06;8;147
5;2025-11-06;9;109
5;2025-11-06;10;87
5;2025-11-06;11;84
5;2025-11-06;12;85
5;2025-11-06;13;88
5;2025-11-06;14;87
5;2025-11-06;15;95
5;2025-11-06;16;106
5;2025-11-06;17;127
5;2025-11-06;18;134
5;2025-11-06;19;98
5;2025-11-06;20;63
5;2025-11-06;21;39
5;2025-11-06;22;19
5;2025-11-06;23;9
5;2025-11-07;0;3
5;2025-11-07;1;0
5;2025-11-07;2;0
5;2025-11-07;3;0
5;2025-11-07;4;0
5;2025-11-07;5;10
5;2025-11-07;6;45
5;2025-11-07;7;104
5;2025-11-07;8;141
5;2025-11-07;9;105
5;2025-11-07;10;86
5;2025-11-07;11;85
5;2025-11-07;12;87
5;2025-11-07;13;90
5;2025-11-07;14;90
5;2025-11-07;15;100
5;2025-11-07;16;113
5;2025-11-07;17;123
5;2025-11-07;18;118
5;2025-11-07;19;90
5;2025-11-07;20;60
5;2025-11-07;21;38
5;2025-11-07;22;19
5;2025-11-07;23;10
5;2025-11-08;0;4
5;2025-11-08;1;1
5;2025-11-08;2;0
5;2025-11-08;3;0
5;2025-11-08;4;0
5;2025-11-08;5;5
5;2025-11-08;6;19
5;2025-11-08;7;29
5;2025-11-08;8;40
5;2025-11-08;9;47
5;2025-11-08;10;53
5;2025-11-08;11;60
5;2025-11-08;12;66
5;2025-11-08;13;69
5;2025-11-08;14;69
5;2025-11-08;15;69
5;2025-11-08;16;68
5;2025-11-08;17;66
5;2025-11-08;18;61
5;2025-11-08;19;53
5;2025-11-08;20;40
5;2025-11-08;21;29
5;2025-11-08;22;17
5;2025-11-08;23;10
5;2025-11-09;0;4
5;2025-11-09;1;0
5;2025-11-09;2;0
5;2025-11-09;3;0
5;2025-11-09;4;0
5;2025-11-09;5;3
5;2025-11-09;6;14
5;2025-11-09;7;21
5;2025-11-09;8;29
5;2025-11-09;9;37
5;2025-11-09;10;44
5;2025-11-09;11;51
5;2025-11-09;12;58
5;2025-11-09;13;62
5;2025-11-09;14;63
5;2025-11-09;15;62
5;2025-11-09;16;61
5;2025-11-09;17;60
5;2025-11-09;18;55
5;2025-11-09;19;45
5;2025-11-09;20;33
5;2025-11-09;21;25
5;2025-11-09;22;14
5;2025-11-09;23;7
5;2025-11-10;0;2
5;2025-11-10;1;0
5;2025-11-10;2;0
5;2025-11-10;3;0
5;2025-11-10;4;0
5;2025-11-10;5;10
5;2025-11-10;6;45
5;2025-11-10;7;107
5;2025-11-10;8;148
5;2025-11-10;9;109
5;2025-11-10;10;87
5;2025-11-10;11;84
5;2025-11-10;12;85
5;2025-11-10;13;87
5;2025-11-10;14;87
5;2025-11-10;15;96
5;2025-11-10;16;107
5;2025-11-10;17;129
5;2025-11-10;18;137
5;2025-11-10;19;99
5;2025-11-10;20;62
5;2025-11-10;21;38
5;2025-11-10;22;18
5;2025-11-10;23;8
5;2025-11-11;0;2
5;2025-11-11;1;0
5;2025-11-11;2;0
5;2025-11-11;3;0
5;2025-11-11;4;0
5;2025-11-11;5;10
5;2025-11-11;6;46
5;2025-11-11;7;109
5;2025-11-11;8;151
5;2025-11-11;9;112
5;2025-11-11;10;91
5;2025-11-11;11;87
5;2025-11-11;12;88
5;2025-11-11;13;90
5;2025-11-11;14;90
5;2025-11-11;15;98
5;2025-11-11;16;109
5;2025-11-11;17;131
5;2025-11-11;18;138
5;2025-11-11;19;100
5;2025-11-11;20;64
5;2025-11-11;21;39
5;2025-11-11;22;19
5;2025-11-11;23;9
5;2025-11-12;0;2
5;2025-11-12;1;0
5;2025-11-12;2;0
5;2025-11-12;3;0
5;2025-11-12;4;0
5;2025-11-12;5;10
5;2025-11-12;6;46
5;2025-11-12;7;110
5;2025-11-12;8;151
5;2025-11-12;9;112
5;2025-11-12;10;91
5;2025-11-12;11;87
5;2025-11-12;12;88
5;2025-11-12;13;90
5;2025-11-12;14;90
5;2025-11-12;15;98
5;2025-11-12;16;109
5;2025-11-12;17;131
5;2025-11-12;18;138
5;2025-11-12;19;100
5;2025-11-12;20;64
5;2025-11-12;21;40
5;2025-11-12;22;19
5;2025-11-12;23;9
5;2025-11-13;0;2
5;2025-11-13;1;0
5;2025-11-13;2;0
5;2025-11-13;3;0
5;2025-11-13;4;0
5;2025-11-13;5;10
5;2025-11-13;6;46
5;2025-11-13;7;109
5;2025-11-13;8;150
5;2025-11-13;9;112
5;2025-11-13;10;91
5;2025-11-13;11;88
5;2025-11-13;12;89
5;2025-11-13;13;91
5;2025-11-13;14;91
5;2025-11-13;15;99
5;2025-11-13;16;110
5;2025-11-13;17;132
5;2025-11-13;18;138
5;2025-11-13;19;99
5;2025-11-13;20;64
5;2025-11-13;21;40
5;2025-11-13;22;20
5;2025-11-13;23;9
5;2025-11-14;0;3
5;2025-11-14;1;0
5;2025-11-14;2;0
5;2025-11-14;3;0
5;2025-11-14;4;0
5;2025-11-14;5;10
5;2025-11-14;6;45
5;2025-11-14;7;107
5;2025-11-14;8;146
5;2025-11-14;9;109
5;2025-11-14;10;89
5;2025-11-14;11;88
5;2025-11-14;12;89
5;2025-11-14;13;92
5;2025-11-14;14;92
5;2025-11-14;15;103
5;2025-11-14;16;116
5;2025-11-14;17;126
5;2025-11-14;18;120
5;2025-11-14;19;91
5;2025-11-14;20;61
5;2025-11-14;21;39
5;2025-11-14;22;20
5;2025-11-14;23;10
5;2025-11-15;0;4
5;2025-11-15;1;0
5;2025-11-15;2;0
5;2025-11-15;3;0
5;2025-11-15;4;0
5;2025-11-15;5;5
5;2025-11-15;6;19
5;2025-11-15;7;28
5;2025-11-15;8;40
5;2025-11-15;9;47
5;2025-11-15;10;54
5;2025-11-15;11;60
5;2025-11-15;12;66
5;2025-11-15;13;71
5;2025-11-15;14;72
5;2025-11-15;15;72
5;2025-11-15;16;71
5;2025-11-15;17;68
5;2025-11-15;18;62
5;2025-11-15;19;52
5;2025-11-15;20;40
5;2025-11-15;21;29
5;2025-11-15;22;17
5;2025-11-15;23;10
5;2025-11-16;0;4
5;2025-11-16;1;0
5;2025-11-16;2;0
5;2025-11-16;3;0
5;2025-11-16;4;0
5;2025-11-16;5;3
5;2025-11-16;6;14
5;2025-11-16;7;21
5;2025-11-16;8;30
5;2025-11-16;9;39
5;2025-11-16;10;46
5;2025-11-16;11;55
5;2025-11-16;12;61
5;2025-11-16;13;66
5;2025-11-16;14;66
5;2025-11-16;15;65
5;2025-11-16;16;64
5;2025-11-16;17;61
5;2025-11-16;18;55
5;2025-11-16;19;44
5;2025-11-16;20;32
5;2025-11-16;21;25
5;2025-11-16;22;14
5;2025-11-16;23;7
5;2025-11-17;0;2
5;2025-11-17;1;0
5;2025-11-17;2;0
5;2025-11-17;3;0
5;2025-11-17;4;0
5;2025-11-17;5;10
5;2025-11-17;6;45
5;2025-11-17;7;107
5;2025-11-17;8;148
5;2025-11-17;9;109
5;2025-11-17;10;86
5;2025-11-17;11;83
5;2025-11-17;12;84
5;2025-11-17;13;86
5;2025-11-17;14;85
5;2025-11-17;15;94
5;2025-11-17;16;107
5;2025-11-17;17;130
5;2025-11-17;18;137
5;2025-11-17;19;98
5;2025-11-17;20;62
5;2025-11-17;21;37
5;2025-11-17;22;18
5;2025-11-17;23;8
5;2025-11-18;0;2
5;2025-11-18;1;0
5;2025-11-18;2;0
5;2025-11-18;3;0
5;2025-11-18;4;0
5;2025-11-18;5;10
5;2025-11-18;6;46
5;2025-11-18;7;109
5;2025-11-18;8;149
5;2025-11-18;9;110
5;2025-11-18;10;90
5;2025-11-18;11;85
5;2025-11-18;12;86
5;2025-11-18;13;89
5;2025-11-18;14;89
5;2025-11-18;15;98
5;2025-11-18;16;109
5;2025-11-18;17;130
5;2025-11-18;18;137
5;2025-11-18;19;99
5;2025-11-18;20;63
5;2025-11-18;21;39
5;2025-11-18;22;19
5;2025-11-18;23;8
5;2025-11-19;0;2
5;2025-11-19;1;0
5;2025-11-19;2;0
5;2025-11-19;3;0
5;2025-11-19;4;0
5;2025-11-19;5;10
5;2025-11-19;6;46
5;2025-11-19;7;109
5;2025-11-19;8;151
5;2025-11-19;9;112
5;2025-11-19;10;91
5;2025-11-19;11;88
5;2025-11-19;12;89
5;2025-11-19;13;91
5;2025-11-19;14;91
5;2025-11-19;15;99
5;2025-11-19;16;110
5;2025-11-19;17;132
5;2025-11-19;18;138
5;2025-11-19;19;100
5;2025-11-19;20;64
5;2025-11-19;21;40
5;2025-11-19;22;20
5;2025-11-19;23;9
5;2025-11-20;0;2
5;2025-11-20;1;0
5;2025-11-20;2;0
5;2025-11-20;3;0
5;2025-11-20;4;0
5;2025-11-20;5;10
5;2025-11-20;6;46
5;2025-11-20;7;109
5;2025-11-20;8;150
5;2025-11-20;9;112
5;2025-11-20;10;91
5;2025-11-20;11;88
5;2025-11-20;12;89
5;2025-11-20;13;91
5;2025-11-20;14;91
5;2025-11-20;15;99
5;2025-11-20;16;111
5;2025-11-20;17;132
5;2025-11-20;18;139
5;2025-11-20;19;100
5;2025-11-20;20;64
5;2025-11-20;21;40
5;2025-11-20;22;20
5;2025-11-20;23;9
5;2025-11-21;0;3
5;2025-11-21;1;0
5;2025-11-21;2;0
5;2025-11-21;3;0
5;2025-11-21;4;0
5;2025-11-21;5;10
5;2025-11-21;6;45
5;2025-11-21;7;106
5;2025-11-21;8;145
5;2025-11-21;9;109
5;2025-11-21;10;89
5;2025-11-21;11;88
5;2025-11-21;12;89
5;2025-11-21;13;92
5;2025-11-21;14;93
5;2025-11-21;15;103
5;2025-11-21;16;116
5;2025-11-21;17;128
5;2025-11-21;18;122
5;2025-11-21;19;92
5;2025-11-21;20;61
5;2025-11-21;21;39
5;2025-11-21;22;20
5;2025-11-21;23;10
5;2025-11-22;0;4
5;2025-11-22;1;0
5;2025-11-22;2;0
5;2025-11-22;3;0
5;2025-11-22;4;0
5;2025-11-22;5;5
5;2025-11-22;6;19
5;2025-11-22;7;30
5;2025-11-22;8;42
5;2025-11-22;9;49
5;2025-11-22;10;56
5;2025-11-22;11;63
5;2025-11-22;12;69
5;2025-11-22;13;72
5;2025-11-22;14;73
5;2025-11-22;15;72
5;2025-11-22;16;71
5;2025-11-22;17;69
5;2025-11-22;18;63
5;2025-11-22;19;53
5;2025-11-22;20;40
5;2025-11-22;21;29
5;2025-11-22;22;17
5;2025-11-22;23;9
5;2025-11-23;0;4
5;2025-11-23;1;0
5;2025-11-23;2;0
5;2025-11-23;3;0
5;2025-11-23;4;0
5;2025-11-23;5;3
5;2025-11-23;6;13
5;2025-11-23;7;20
5;2025-11-23;8;29
5;2025-11-23;9;38
5;2025-11-23;10;46
5;2025-11-23;11;54
5;2025-11-23;12;62
5;2025-11-23;13;66
5;2025-11-23;14;67
5;2025-11-23;15;66
5;2025-11-23;16;64
5;2025-11-23;17;61
5;2025-11-23;18;55
5;2025-11-23;19;45
5;2025-11-23;20;33
5;2025-11-23;21;25
5;2025-11-23;22;14
5;2025-11-23;23;7
5;2025-11-24;0;2
5;2025-11-24;1;0
5;2025-11-24;2;0
5;2025-11-24;3;0
5;2025-11-24;4;0
5;2025-11-24;5;9
5;2025-11-24;6;44
5;2025-11-24;7;107
5;2025-11-24;8;148
5;2025-11-24;9;109
5;2025-11-24;10;87
5;2025-11-24;11;83
5;2025-11-24;12;84
5;2025-11-24;13;87
5;2025-11-24;14;86
5;2025-11-24;15;96
5;2025-11-24;16;107
5;2025-11-24;17;129
5;2025-11-24;18;137
5;2025-11-24;19;98
5;2025-11-24;20;62
5;2025-11-24;21;37
5;2025-11-24;22;18
5;2025-11-24;23;8
5;2025-11-25;0;2
5;2025-11-25;1;0
5;2025-11-25;2;0
5;2025-11-25;3;0
5;2025-11-25;4;0
5;2025-11-25;5;10
5;2025-11-25;6;46
5;2025-11-25;7;109
5;2025-11-25;8;150
5;2025-11-25;9;111
5;2025-11-25;10;90
5;2025-11-25;11;86
5;2025-11-25;12;87
5;2025-11-25;13;90
5;2025-11-25;14;90
5;2025-11-25;15;98
5;2025-11-25;16;109
5;2025-11-25;17;130
5;2025-11-25;18;138
5;2025-11-25;19;100
5;2025-11-25;20;63
5;2025-11-25;21;39
5;2025-11-25;22;19
5;2025-11-25;23;8
5;2025-11-26;0;2
5;2025-11-26;1;0
5;2025-11-26;2;0
5;2025-11-26;3;0
5;2025-11-26;4;0
5;2025-11-26;5;10
5;2025-11-26;6;46
5;2025-11-26;7;109
5;2025-11-26;8;150
5;2025-11-26;9;111
5;2025-11-26;10;91
5;2025-11-26;11;88
5;2025-11-26;12;88
5;2025-11-26;13;90
5;2025-11-26;14;90
5;2025-11-26;15;98
5;2025-11-26;16;108
5;2025-11-26;17;130
5;2025-11-26;18;137
5;2025-11-26;19;99
5;2025-11-26;20;64
5;2025-11-26;21;40
5;2025-11-26;22;20
5;2025-11-26;23;9
5;2025-11-27;0;2
5;2025-11-27;1;0
5;2025-11-27;2;0
5;2025-11-27;3;0
5;2025-11-27;4;0
5;2025-11-27;5;10
5;2025-11-27;6;46
5;2025-11-27;7;109
5;2025-11-27;8;150
5;2025-11-27;9;112
5;2025-11-27;10;91
5;2025-11-27;11;88
5;2025-11-27;12;89
5;2025-11-27;13;91
5;2025-11-27;14;90
5;2025-11-27;15;98
5;2025-11-27;16;110
5;2025-11-27;17;131
5;2025-11-27;18;138
5;2025-11-27;19;99
5;2025-11-27;20;63
5;2025-11-27;21;39
5;2025-11-27;22;19
5;2025-11-27;23;9
5;2025-11-28;0;2
5;2025-11-28;1;0
5;2025-11-28;2;0
5;2025-11-28;3;0
5;2025-11-28;4;0
5;2025-11-28;5;10
5;2025-11-28;6;45
5;2025-11-28;7;107
5;2025-11-28;8;146
5;2025-11-28;9;110
5;2025-11-28;10;90
5;2025-11-28;11;89
5;2025-11-28;12;90
5;2025-11-28;13;92
5;2025-11-28;14;93
5;2025-11-28;15;103
5;2025-11-28;16;117
5;2025-11-28;17;127
5;2025-11-28;18;121
5;2025-11-28;19;91
5;2025-11-28;20;61
5;2025-11-28;21;39
5;2025-11-28;22;20
5;2025-11-28;23;10
5;2025-11-29;0;3
5;2025-11-29;1;0
5;2025-11-29;2;0
5;2025-11-29;3;0
5;2025-11-29;4;0
5;2025-11-29;5;5
5;2025-11-29;6;19
5;2025-11-29;7;29
5;2025-11-29;8;41
5;2025-11-29;9;48
5;2025-11-29;10;55
5;2025-11-29;11;62
5;2025-11-29;12;67
5;2025-11-29;13;70
5;2025-11-29;14;71
5;2025-11-29;15;70
5;2025-11-29;16;69
5;2025-11-29;17;66
5;2025-11-29;18;62
5;2025-11-29;19;52
5;2025-11-29;20;39
5;2025-11-29;21;29
5;2025-11-29;22;17
5;2025-11-29;23;9
5;2025-11-30;0;4
5;2025-11-30;1;0
5;2025-11-30;2;0
5;2025-11-30;3;0
5;2025-11-30;4;0
5;2025-11-30;5;3
5;2025-11-30;6;14
5;2025-11-30;7;21
5;2025-11-30;8;30
5;2025-11-30;9;39
5;2025-11-30;10;46
5;2025-11-30;11;54
5;2025-11-30;12;61
5;2025-11-30;13;65
5;2025-11-30;14;66
5;2025-11-30;15;65
5;2025-11-30;16;64
5;2025-11-30;17;61
5;2025-11-30;18;55
5;2025-11-30;19;45
5;2025-11-30;20;33
5;2025-11-30;21;25
5;2025-11-30;22;14
5;2025-11-30;23;7
5;2025-12-01;0;2
5;2025-12-01;1;0
5;2025-12-01;2;0
5;2025-12-01;3;0
5;2025-12-01;4;0
5;2025-12-01;5;10
5;2025-12-01;6;45
5;2025-12-01;7;105
5;2025-12-01;8;144
5;2025-12-01;9;107
5;2025-12-01;10;85
5;2025-12-01;11;82
5;2025-12-01;12;82
5;2025-12-01;13;84
5;2025-12-01;14;84
5;2025-12-01;15;92
5;2025-12-01;16;104
5;2025-12-01;17;126
5;2025-12-01;18;134
5;2025-12-01;19;97
5;2025-12-01;20;61
5;2025-12-01;21;37
5;2025-12-01;22;18
5;2025-12-01;23;8
5;2025-12-02;0;2
5;2025-12-02;1;0
5;2025-12-02;2;0
5;2025-12-02;3;0
5;2025-12-02;4;0
5;2025-12-02;5;10
5;2025-12-02;6;45
5;2025-12-02;7;107
5;2025-12-02;8;146
5;2025-12-02;9;110
5;2025-12-02;10;88
5;2025-12-02;11;85
5;2025-12-02;12;85
5;2025-12-02;13;87
5;2025-12-02;14;87
5;2025-12-02;15;95
5;2025-12-02;16;106
5;2025-12-02;17;128
5;2025-12-02;18;136
5;2025-12-02;19;99
5;2025-12-02;20;63
5;2025-12-02;21;39
5;2025-12-02;22;19
5;2025-12-02;23;9
5;2025-12-03;0;2
5;2025-12-03;1;0
5;2025-12-03;2;0
5;2025-12-03;3;0
5;2025-12-03;4;0
5;2025-12-03;5;10
5;2025-12-03;6;46
5;2025-12-03;7;107
5;2025-12-03;8;146
5;2025-12-03;9;110
5;2025-12-03;10;89
5;2025-12-03;11;86
5;2025-12-03;12;86
5;2025-12-03;13;89
5;2025-12-03;14;88
5;2025-12-03;15;96
5;2025-12-03;16;107
5;2025-12-03;17;128
5;2025-12-03;18;136
5;2025-12-03;19;99
5;2025-12-03;20;64
5;2025-12-03;21;40
5;2025-12-03;22;20
5;2025-12-03;23;9
5;2025-12-04;0;3
5;2025-12-04;1;0
5;2025-12-04;2;0
5;2025-12-04;3;0
5;2025-12-04;4;0
5;2025-12-04;5;10
5;2025-12-04;6;46
5;2025-12-04;7;107
5;2025-12-04;8;146
5;2025-12-04;9;110
5;2025-12-04;10;89
5;2025-12-04;11;86
5;2025-12-04;12;86
5;2025-12-04;13;89
5;2025-12-04;14;89
5;2025-12-04;15;97
5;2025-12-04;16;108
5;2025-12-04;17;129
5;2025-12-04;18;136
5;2025-12-04;19;99
5;2025-12-04;20;64
5;2025-12-04;21;40
5;2025-12-04;22;20
5;2025-12-04;23;10
5;2025-12-05;0;3
5;2025-12-05;1;0
5;2025-12-05;2;0
5;2025-12-05;3;0
5;2025-12-05;4;0
5;2025-12-05;5;10
5;2025-12-05;6;45
5;2025-12-05;7;105
5;2025-12-05;8;142
5;2025-12-05;9;107
5;2025-12-05;10;87
5;2025-12-05;11;86
5;2025-12-05;12;87
5;2025-12-05;13;90
5;2025-12-05;14;90
5;2025-12-05;15;101
5;2025-12-05;16;114
5;2025-12-05;17;126
5;2025-12-05;18;120
5;2025-12-05;19;91
5;2025-12-05;20;61
5;2025-12-05;21;39
5;2025-12-05;22;21
5;2025-12-05;23;10
5;2025-12-06;0;4
5;2025-12-06;1;0
5;2025-12-06;2;0
5;2025-12-06;3;0
5;2025-12-06;4;0
5;2025-12-06;5;5
5;2025-12-06;6;20
5;2025-12-06;7;30
5;2025-12-06;8;41
5;2025-12-06;9;49
5;2025-12-06;10;56
5;2025-12-06;11;64
5;2025-12-06;12;70
5;2025-12-06;13;73
5;2025-12-06;14;74
5;2025-12-06;15;73
5;2025-12-06;16;71
5;2025-12-06;17;69
5;2025-12-06;18;64
5;2025-12-06;19;55
5;2025-12-06;20;42
5;2025-12-06;21;31
5;2025-12-06;22;18
5;2025-12-06;23;10
5;2025-12-07;0;4
5;2025-12-07;1;0
5;2025-12-07;2;0
5;2025-12-07;3;0
5;2025-12-07;4;0
5;2025-12-07;5;3
5;2025-12-07;6;14
5;2025-12-07;7;21
5;2025-12-07;8;30
5;2025-12-07;9;39
5;2025-12-07;10;47
5;2025-12-07;11;55
5;2025-12-07;12;62
5;2025-12-07;13;66
5;2025-12-07;14;67
5;2025-12-07;15;66
5;2025-12-07;16;64
5;2025-12-07;17;63
5;2025-12-07;18;57
5;2025-12-07;19;47
5;2025-12-07;20;36
5;2025-12-07;21;27
5;2025-12-07;22;16
5;2025-12-07;23;8
5;2025-12-08;0;2
5;2025-12-08;1;0
5;2025-12-08;2;0
5;2025-12-08;3;0
5;2025-12-08;4;0
5;2025-12-08;5;10
5;2025-12-08;6;45
5;2025-12-08;7;105
5;2025-12-08;8;144
5;2025-12-08;9;108
5;2025-12-08;10;85
5;2025-12-08;11;82
5;2025-12-08;12;83
5;2025-12-08;13;86
5;2025-12-08;14;85
5;2025-12-08;15;94
5;2025-12-08;16;105
5;2025-12-08;17;128
5;2025-12-08;18;135
5;2025-12-08;19;98
5;2025-12-08;20;62
5;2025-12-08;21;37
5;2025-12-08;22;18
5;2025-12-08;23;8
5;2025-12-09;0;2
5;2025-12-09;1;0
5;2025-12-09;2;0
5;2025-12-09;3;0
5;2025-12-09;4;0
5;2025-12-09;5;10
5;2025-12-09;6;46
5;2025-12-09;7;107
5;2025-12-09;8;147
5;2025-12-09;9;110
5;2025-12-09;10;89
5;2025-12-09;11;85
5;2025-12-09;12;86
5;2025-12-09;13;88
5;2025-12-09;14;87
5;2025-12-09;15;96
5;2025-12-09;16;106
5;2025-12-09;17;128
5;2025-12-09;18;135
5;2025-12-09;19;99
5;2025-12-09;20;63
5;2025-12-09;21;39
5;2025-12-09;22;19
5;2025-12-09;23;8
5;2025-12-10;0;2
5;2025-12-10;1;0
5;2025-12-10;2;0
5;2025-12-10;3;0
5;2025-12-10;4;0
5;2025-12-10;5;10
5;2025-12-10;6;46
5;2025-12-10;7;107
5;2025-12-10;8;147
5;2025-12-10;9;110
5;2025-12-10;10;89
5;2025-12-10;11;86
5;2025-12-10;12;87
5;2025-12-10;13;89
5;2025-12-10;14;89
5;2025-12-10;15;96
5;2025-12-10;16;107
5;2025-12-10;17;129
5;2025-12-10;18;136
5;2025-12-10;19;99
5;2025-12-10;20;64
5;2025-12-10;21;40
5;2025-12-10;22;20
5;2025-12-10;23;9
5;2025-12-11;0;2
5;2025-12-11;1;0
5;2025-12-11;2;0
5;2025-12-11;3;0
5;2025-12-11;4;0
5;2025-12-11;5;10
5;2025-12-11;6;46
5;2025-12-11;7;106
5;2025-12-11;8;145
5;2025-12-11;9;110
5;2025-12-11;10;88
5;2025-12-11;11;85
5;2025-12-11;12;86
5;2025-12-11;13;88
5;2025-12-11;14;88
5;2025-12-11;15;96
5;2025-12-11;16;108
5;2025-12-11;17;129
5;2025-12-11;18;135
5;2025-12-11;19;98
5;2025-12-11;20;63
5;2025-12-11;21;40
5;2025-12-11;22;20
5;2025-12-11;23;10
5;2025-12-12;0;3
5;2025-12-12;1;0
5;2025-12-12;2;0
5;2025-12-12;3;0
5;2025-12-12;4;0
5;2025-12-12;5;10
5;2025-12-12;6;45
5;2025-12-12;7;105
5;2025-12-12;8;141
5;2025-12-12;9;107
5;2025-12-12;10;88
5;2025-12-12;11;87
5;2025-12-12;12;87
5;2025-12-12;13;89
5;2025-12-12;14;88
5;2025-12-12;15;98
5;2025-12-12;16;112
5;2025-12-12;17;124
5;2025-12-12;18;117
5;2025-12-12;19;90
5;2025-12-12;20;61
5;2025-12-12;21;39
5;2025-12-12;22;21
5;2025-12-12;23;10
5;2025-12-13;0;4
5;2025-12-13;1;0
5;2025-12-13;2;0
5;2025-12-13;3;0
5;2025-12-13;4;0
5;2025-12-13;5;5
5;2025-12-13;6;20
5;2025-12-13;7;30
5;2025-12-13;8;42
5;2025-12-13;9;49
5;2025-12-13;10;57
5;2025-12-13;11;64
5;2025-12-13;12;70
5;2025-12-13;13;73
5;2025-12-13;14;73
5;2025-12-13;15;72
5;2025-12-13;16;71
5;2025-12-13;17;68
5;2025-12-13;18;64
5;2025-12-13;19;54
5;2025-12-13;20;43
5;2025-12-13;21;31
5;2025-12-13;22;19
5;2025-12-13;23;11
5;2025-12-14;0;4
5;2025-12-14;1;0
5;2025-12-14;2;0
5;2025-12-14;3;0
5;2025-12-14;4;0
5;2025-12-14;5;4
5;2025-12-14;6;15
5;2025-12-14;7;21
5;2025-12-14;8;30
5;2025-12-14;9;40
5;2025-12-14;10;47
5;2025-12-14;11;56
5;2025-12-14;12;62
5;2025-12-14;13;66
5;2025-12-14;14;66
5;2025-12-14;15;65
5;2025-12-14;16;64
5;2025-12-14;17;63
5;2025-12-14;18;57
5;2025-12-14;19;47
5;2025-12-14;20;36
5;2025-12-14;21;28
5;2025-12-14;22;16
5;2025-12-14;23;8
5;2025-12-15;0;2
5;2025-12-15;1;0
5;2025-12-15;2;0
5;2025-12-15;3;0
5;2025-12-15;4;0
5;2025-12-15;5;10
5;2025-12-15;6;45
5;2025-12-15;7;106
5;2025-12-15;8;144
5;2025-12-15;9;108
5;2025-12-15;10;86
5;2025-12-15;11;83
5;2025-12-15;12;84
5;2025-12-15;13;86
5;2025-12-15;14;85
5;2025-12-15;15;94
5;2025-12-15;16;106
5;2025-12-15;17;129
5;2025-12-15;18;136
5;2025-12-15;19;99
5;2025-12-15;20;62
5;2025-12-15;21;38
5;2025-12-15;22;19
5;2025-12-15;23;8
5;2025-12-16;0;2
5;2025-12-16;1;0
5;2025-12-16;2;0
5;2025-12-16;3;0
5;2025-12-16;4;0
5;2025-12-16;5;10
5;2025-12-16;6;46
5;2025-12-16;7;107
5;2025-12-16;8;147
5;2025-12-16;9;110
5;2025-12-16;10;88
5;2025-12-16;11;84
5;2025-12-16;12;85
5;2025-12-16;13;87
5;2025-12-16;14;87
5;2025-12-16;15;96
5;2025-12-16;16;107
5;2025-12-16;17;128
5;2025-12-16;18;136
5;2025-12-16;19;99
5;2025-12-16;20;63
5;2025-12-16;21;39
5;2025-12-16;22;19
5;2025-12-16;23;9
5;2025-12-17;0;2
5;2025-12-17;1;0
5;2025-12-17;2;0
5;2025-12-17;3;0
5;2025-12-17;4;0
5;2025-12-17;5;10
5;2025-12-17;6;46
5;2025-12-17;7;107
5;2025-12-17;8;147
5;2025-12-17;9;110
5;2025-12-17;10;89
5;2025-12-17;11;86
5;2025-12-17;12;87
5;2025-12-17;13;89
5;2025-12-17;14;89
5;2025-12-17;15;97
5;2025-12-17;16;108
5;2025-12-17;17;129
5;2025-12-17;18;136
5;2025-12-17;19;99
5;2025-12-17;20;64
5;2025-12-17;21;40
5;2025-12-17;22;20
5;2025-12-17;23;9
5;2025-12-18;0;2
5;2025-12-18;1;0
5;2025-12-18;2;0
5;2025-12-18;3;0
5;2025-12-18;4;0
5;2025-12-18;5;10
5;2025-12-18;6;46
5;2025-12-18;7;107
5;2025-12-18;8;146
5;2025-12-18;9;110
5;2025-12-18;10;89
5;2025-12-18;11;86
5;2025-12-18;12;87
5;2025-12-18;13;89
5;2025-12-18;14;89
5;2025-12-18;15;97
5;2025-12-18;16;109
5;2025-12-18;17;130
5;2025-12-18;18;136
5;2025-12-18;19;99
5;2025-12-18;20;64
5;2025-12-18;21;40
5;2025-12-18;22;20
5;2025-12-18;23;9
5;2025-12-19;0;3
5;2025-12-19;1;0
5;2025-12-19;2;0
5;2025-12-19;3;0
5;2025-12-19;4;0
5;2025-12-19;5;10
5;2025-12-19;6;45
5;2025-12-19;7;105
5;2025-12-19;8;142
5;2025-12-19;9;108
5;2025-12-19;10;88
5;2025-12-19;11;87
5;2025-12-19;12;87
5;2025-12-19;13;90
5;2025-12-19;14;91
5;2025-12-19;15;101
5;2025-12-19;16;114
5;2025-12-19;17;126
5;2025-12-19;18;120
5;2025-12-19;19;91
5;2025-12-19;20;61
5;2025-12-19;21;40
5;2025-12-19;22;21
5;2025-12-19;23;10
5;2025-12-20;0;4
5;2025-12-20;1;0
5;2025-12-20;2;0
5;2025-12-20;3;0
5;2025-12-20;4;0
5;2025-12-20;5;5
5;2025-12-20;6;20
5;2025-12-20;7;30
5;2025-12-20;8;41
5;2025-12-20;9;49
5;2025-12-20;10;57
5;2025-12-20;11;64
5;2025-12-20;12;70
5;2025-12-20;13;73
5;2025-12-20;14;74
5;2025-12-20;15;72
5;2025-12-20;16;71
5;2025-12-20;17;69
5;2025-12-20;18;63
5;2025-12-20;19;54
5;2025-12-20;20;42
5;2025-12-20;21;31
5;2025-12-20;22;18
5;2025-12-20;23;10
5;2025-12-21;0;4
5;2025-12-21;1;0
5;2025-12-21;2;0
5;2025-12-21;3;0
5;2025-12-21;4;0
5;2025-12-21;5;3
5;2025-12-21;6;14
5;2025-12-21;7;21
5;2025-12-21;8;30
5;2025-12-21;9;40
5;2025-12-21;10;48
5;2025-12-21;11;56
5;2025-12-21;12;63
5;2025-12-21;13;66
5;2025-12-21;14;68
5;2025-12-21;15;66
5;2025-12-21;16;65
5;2025-12-21;17;63
5;2025-12-21;18;57
5;2025-12-21;19;47
5;2025-12-21;20;36
5;2025-12-21;21;27
5;2025-12-21;22;16
5;2025-12-21;23;8
5;2025-12-22;0;3
5;2025-12-22;1;0
5;2025-12-22;2;0
5;2025-12-22;3;0
5;2025-12-22;4;0
5;2025-12-22;5;10
5;2025-12-22;6;45
5;2025-12-22;7;106
5;2025-12-22;8;145
5;2025-12-22;9;108
5;2025-12-22;10;86
5;2025-12-22;11;83
5;2025-12-22;12;83
5;2025-12-22;13;86
5;2025-12-22;14;85
5;2025-12-22;15;93
5;2025-12-22;16;105
5;2025-12-22;17;128
5;2025-12-22;18;135
5;2025-12-22;19;98
5;2025-12-22;20;62
5;2025-12-22;21;38
5;2025-12-22;22;18
5;2025-12-22;23;8
5;2025-12-23;0;2
5;2025-12-23;1;0
5;2025-12-23;2;0
5;2025-12-23;3;0
5;2025-12-23;4;0
5;2025-12-23;5;10
5;2025-12-23;6;46
5;2025-12-23;7;107
5;2025-12-23;8;147
5;2025-12-23;9;110
5;2025-12-23;10;89
5;2025-12-23;11;85
5;2025-12-23;12;86
5;2025-12-23;13;87
5;2025-12-23;14;87
5;2025-12-23;15;95
5;2025-12-23;16;106
5;2025-12-23;17;128
5;2025-12-23;18;136
5;2025-12-23;19;99
5;2025-12-23;20;63
5;2025-12-23;21;39
5;2025-12-23;22;19
5;2025-12-23;23;9
5;2025-12-24;0;2
5;2025-12-24;1;0
5;2025-12-24;2;0
5;2025-12-24;3;0
5;2025-12-24;4;0
5;2025-12-24;5;10
5;2025-12-24;6;46
5;2025-12-24;7;107
5;2025-12-24;8;147
5;2025-12-24;9;110
5;2025-12-24;10;89
5;2025-12-24;11;85
5;2025-12-24;12;87
5;2025-12-24;13;88
5;2025-12-24;14;88
5;2025-12-24;15;96
5;2025-12-24;16;107
5;2025-12-24;17;129
5;2025-12-24;18;136
5;2025-12-24;19;99
5;2025-12-24;20;63
5;2025-12-24;21;40
5;2025-12-24;22;20
5;2025-12-24;23;9
5;2025-12-25;0;2
5;2025-12-25;1;0
5;2025-12-25;2;0
5;2025-12-25;3;0
5;2025-12-25;4;0
5;2025-12-25;5;10
5;2025-12-25;6;46
5;2025-12-25;7;106
5;2025-12-25;8;146
5;2025-12-25;9;110
5;2025-12-25;10;89
5;2025-12-25;11;86
5;2025-12-25;12;87
5;2025-12-25;13;89
5;2025-12-25;14;89
5;2025-12-25;15;97
5;2025-12-25;16;108
5;2025-12-25;17;129
5;2025-12-25;18;135
5;2025-12-25;19;98
5;2025-12-25;20;64
5;2025-12-25;21;40
5;2025-12-25;22;20
5;2025-12-25;23;9
5;2025-12-26;0;3
5;2025-12-26;1;0
5;2025-12-26;2;0
5;2025-12-26;3;0
5;2025-12-26;4;0
5;2025-12-26;5;10
5;2025-12-26;6;44
5;2025-12-26;7;104
5;2025-12-26;8;141
5;2025-12-26;9;107
5;2025-12-26;10;87
5;2025-12-26;11;86
5;2025-12-26;12;86
5;2025-12-26;13;90
5;2025-12-26;14;90
5;2025-12-26;15;100
5;2025-12-26;16;113
5;2025-12-26;17;124
5;2025-12-26;18;118
5;2025-12-26;19;90
5;2025-12-26;20;61
5;2025-12-26;21;39
5;2025-12-26;22;20
5;2025-12-26;23;10
5;2025-12-27;0;4
5;2025-12-27;1;1
5;2025-12-27;2;0
5;2025-12-27;3;0
5;2025-12-27;4;0
5;2025-12-27;5;5
5;2025-12-27;6;20
5;2025-12-27;7;30
5;2025-12-27;8;41
5;2025-12-27;9;48
5;2025-12-27;10;56
5;2025-12-27;11;63
5;2025-12-27;12;69
5;2025-12-27;13;72
5;2025-12-27;14;73
5;2025-12-27;15;72
5;2025-12-27;16;71
5;2025-12-27;17;68
5;2025-12-27;18;63
5;2025-12-27;19;54
5;2025-12-27;20;42
5;2025-12-27;21;31
5;2025-12-27;22;18
5;2025-12-27;23;10
5;2025-12-28;0;4
5;2025-12-28;1;1
5;2025-12-28;2;0
5;2025-12-28;3;0
5;2025-12-28;4;0
5;2025-12-28;5;4
5;2025-12-28;6;14
5;2025-12-28;7;20
5;2025-12-28;8;28
5;2025-12-28;9;37
5;2025-12-28;10;45
5;2025-12-28;11;53
5;2025-12-28;12;60
5;2025-12-28;13;64
5;2025-12-28;14;65
5;2025-12-28;15;64
5;2025-12-28;16;62
5;2025-12-28;17;60
5;2025-12-28;18;55
5;2025-12-28;19;46
5;2025-12-28;20;35
5;2025-12-28;21;27
5;2025-12-28;22;16
5;2025-12-28;23;8
5;2025-12-29;0;3
5;2025-12-29;1;0
5;2025-12-29;2;0
5;2025-12-29;3;0
5;2025-12-29;4;0
5;2025-12-29;5;9
5;2025-12-29;6;44
5;2025-12-29;7;104
5;2025-12-29;8;144
5;2025-12-29;9;107
5;2025-12-29;10;85
5;2025-12-29;11;82
5;2025-12-29;12;83
5;2025-12-29;13;85
5;2025-12-29;14;84
5;2025-12-29;15;93
5;2025-12-29;16;104
5;2025-12-29;17;127
5;2025-12-29;18;134
5;2025-12-29;19;97
5;2025-12-29;20;61
5;2025-12-29;21;37
5;2025-12-29;22;18
5;2025-12-29;23;8
5;2025-12-30;0;2
5;2025-12-30;1;0
5;2025-12-30;2;0
5;2025-12-30;3;0
5;2025-12-30;4;0
5;2025-12-30;5;10
5;2025-12-30;6;45
5;2025-12-30;7;106
5;2025-12-30;8;145
5;2025-12-30;9;109
5;2025-12-30;10;87
5;2025-12-30;11;84
5;2025-12-30;12;85
5;2025-12-30;13;87
5;2025-12-30;14;86
5;2025-12-30;15;94
5;2025-12-30;16;105
5;2025-12-30;17;127
5;2025-12-30;18;134
5;2025-12-30;19;98
5;2025-12-30;20;63
5;2025-12-30;21;39
5;2025-12-30;22;19
5;2025-12-30;23;9
5;2025-12-31;0;3
5;2025-12-31;1;0
5;2025-12-31;2;0
5;2025-12-31;3;0
5;2025-12-31;4;0
5;2025-12-31;5;3
5;2025-12-31;6;16
5;2025-12-31;7;30
5;2025-12-31;8;41
5;2025-12-31;9;42
5;2025-12-31;10;40
5;2025-12-31;11;46
5;2025-12-31;12;50
5;2025-12-31;13;51
5;2025-12-31;14;53
5;2025-12-31;15;56
5;2025-12-31;16;58
5;2025-12-31;17;62
5;2025-12-31;18;63
5;2025-12-31;19;49
5;2025-12-31;20;37
5;2025-12-31;21;26
5;2025-12-31;22;14
5;2025-12-31;23;7
7;2025-11-01;0;126
7;2025-11-01;1;33
7;2025-11-01;2;0
7;2025-11-01;3;2
7;2025-11-01;4;10
7;2025-11-01;5;182
7;2025-11-01;6;710
7;2025-11-01;7;1337
7;2025-11-01;8;1777
7;2025-11-01;9;1512
7;2025-11-01;10;1453
7;2025-11-01;11;1519
7;2025-11-01;12;1536
7;2025-11-01;13;1646
7;2025-11-01;14;1595
7;2025-11-01;15;1669
7;2025-11-01;16;1778
7;2025-11-01;17;1862
7;2025-11-01;18;1874
7;2025-11-01;19;1423
7;2025-11-01;20;1122
7;2025-11-01;21;818
7;2025-11-01;22;505
7;2025-11-01;23;340
7;2025-11-02;0;93
7;2025-11-02;1;21
7;2025-11-02;2;0
7;2025-11-02;3;2
7;2025-11-02;4;4
7;2025-11-02;5;21
7;2025-11-02;6;115
7;2025-11-02;7;188
7;2025-11-02;8;338
7;2025-11-02;9;444
7;2025-11-02;10;536
7;2025-11-02;11;685
7;2025-11-02;12;788
7;2025-11-02;13;858
7;2025-11-02;14;868
7;2025-11-02;15;817
7;2025-11-02;16;759
7;2025-11-02;17;756
7;2025-11-02;18;701
7;2025-11-02;19;591
7;2025-11-02;20;435
7;2025-11-02;21;344
7;2025-11-02;22;190
7;2025-11-02;23;126
7;2025-11-03;0;78
7;2025-11-03;1;17
7;2025-11-03;2;4
7;2025-11-03;3;1
7;2025-11-03;4;0
7;2025-11-03;5;71
7;2025-11-03;6;235
7;2025-11-03;7;501
7;2025-11-03;8;753
7;2025-11-03;9;755
7;2025-11-03;10;734
7;2025-11-03;11;816
7;2025-11-03;12;902
7;2025-11-03;13;937
7;2025-11-03;14;915
7;2025-11-03;15;955
7;2025-11-03;16;931
7;2025-11-03;17;1061
7;2025-11-03;18;1104
7;2025-11-03;19;872
7;2025-11-03;20;595
7;2025-11-03;21;431
7;2025-11-03;22;247
7;2025-11-03;23;155
7;2025-11-04;0;87
7;2025-11-04;1;28
7;2025-11-04;2;5
7;2025-11-04;3;4
7;2025-11-04;4;0
7;2025-11-04;5;37
7;2025-11-04;6;181
7;2025-11-04;7;406
7;2025-11-04;8;675
7;2025-11-04;9;638
7;2025-11-04;10;608
7;2025-11-04;11;736
7;2025-11-04;12;848
7;2025-11-04;13;920
7;2025-11-04;14;908
7;2025-11-04;15;915
7;2025-11-04;16;915
7;2025-11-04;17;1001
7;2025-11-04;18;1056
7;2025-11-04;19;842
7;2025-11-04;20;554
7;2025-11-04;21;452
7;2025-11-04;22;250
7;2025-11-04;23;145
7;2025-11-05;0;59
7;2025-11-05;1;9
7;2025-11-05;2;1
7;2025-11-05;3;0
7;2025-11-05;4;4
7;2025-11-05;5;190
7;2025-11-05;6;679
7;2025-11-05;7;1652
7;2025-11-05;8;2468
7;2025-11-05;9;1859
7;2025-11-05;10;1571
7;2025-11-05;11;1487
7;2025-11-05;12;1520
7;2025-11-05;13;1544
7;2025-11-05;14;1574
7;2025-11-05;15;1701
7;2025-11-05;16;1820
7;2025-11-05;17;2240
7;2025-11-05;18;2392
7;2025-11-05;19;1694
7;2025-11-05;20;1062
7;2025-11-05;21;641
7;2025-11-05;22;332
7;2025-11-05;23;193
7;2025-11-06;0;60
7;2025-11-06;1;12
7;2025-11-06;2;1
7;2025-11-06;3;0
7;2025-11-06;4;3
7;2025-11-06;5;186
7;2025-11-06;6;669
7;2025-11-06;7;1655
7;2025-11-06;8;2450
7;2025-11-06;9;1837
7;2025-11-06;10;1534
7;2025-11-06;11;1448
7;2025-11-06;12;1486
7;2025-11-06;13;1531
7;2025-11-06;14;1547
7;2025-11-06;15;1643
7;2025-11-06;16;1808
7;2025-11-06;17;2211
7;2025-11-06;18;2414
7;2025-11-06;19;1664
7;2025-11-06;20;1051
7;2025-11-06;21;639
7;2025-11-06;22;321
7;2025-11-06;23;191
7;2025-11-07;0;64
7;2025-11-07;1;11
7;2025-11-07;2;1
7;2025-11-07;3;0
7;2025-11-07;4;2
7;2025-11-07;5;179
7;2025-11-07;6;623
7;2025-11-07;7;1583
7;2025-11-07;8;2309
7;2025-11-07;9;1754
7;2025-11-07;10;1501
7;2025-11-07;11;1470
7;2025-11-07;12;1532
7;2025-11-07;13;1591
7;2025-11-07;14;1604
7;2025-11-07;15;1752
7;2025-11-07;16;1919
7;2025-11-07;17;2089
7;2025-11-07;18;2047
7;2025-11-07;19;1491
7;2025-11-07;20;996
7;2025-11-07;21;605
7;2025-11-07;22;323
7;2025-11-07;23;204
7;2025-11-08;0;92
7;2025-11-08;1;22
7;2025-11-08;2;0
7;2025-11-08;3;1
7;2025-11-08;4;0
7;2025-11-08;5;40
7;2025-11-08;6;211
7;2025-11-08;7;371
7;2025-11-08;8;567
7;2025-11-08;9;631
7;2025-11-08;10;698
7;2025-11-08;11;813
7;2025-11-08;12;922
7;2025-11-08;13;959
7;2025-11-08;14;948
7;2025-11-08;15;949
7;2025-11-08;16;898
7;2025-11-08;17;864
7;2025-11-08;18;831
7;2025-11-08;19;760
7;2025-11-08;20;569
7;2025-11-08;21;418
7;2025-11-08;22;222
7;2025-11-08;23;155
7;2025-11-09;0;91
7;2025-11-09;1;18
7;2025-11-09;2;0
7;2025-11-09;3;0
7;2025-11-09;4;0
7;2025-11-09;5;25
7;2025-11-09;6;142
7;2025-11-09;7;237
7;2025-11-09;8;395
7;2025-11-09;9;483
7;2025-11-09;10;571
7;2025-11-09;11;688
7;2025-11-09;12;784
7;2025-11-09;13;857
7;2025-11-09;14;890
7;2025-11-09;15;856
7;2025-11-09;16;820
7;2025-11-09;17;827
7;2025-11-09;18;758
7;2025-11-09;19;625
7;2025-11-09;20;477
7;2025-11-09;21;359
7;2025-11-09;22;195
7;2025-11-09;23;126
7;2025-11-10;0;61
7;2025-11-10;1;10
7;2025-11-10;2;0
7;2025-11-10;3;0
7;2025-11-10;4;2
7;2025-11-10;5;182
7;2025-11-10;6;658
7;2025-11-10;7;1649
7;2025-11-10;8;2436
7;2025-11-10;9;1849
7;2025-11-10;10;1524
7;2025-11-10;11;1429
7;2025-11-10;12;1494
7;2025-11-10;13;1518
7;2025-11-10;14;1533
7;2025-11-10;15;1671
7;2025-11-10;16;1824
7;2025-11-10;17;2243
7;2025-11-10;18;2408
7;2025-11-10;19;1683
7;2025-11-10;20;1036
7;2025-11-10;21;611
7;2025-11-10;22;300
7;2025-11-10;23;165
7;2025-11-11;0;55
7;2025-11-11;1;10
7;2025-11-11;2;0
7;2025-11-11;3;0
7;2025-11-11;4;2
7;2025-11-11;5;193
7;2025-11-11;6;686
7;2025-11-11;7;1699
7;2025-11-11;8;2497
7;2025-11-11;9;1892
7;2025-11-11;10;1608
7;2025-11-11;11;1529
7;2025-11-11;12;1563
7;2025-11-11;13;1595
7;2025-11-11;14;1599
7;2025-11-11;15;1746
7;2025-11-11;16;1878
7;2025-11-11;17;2270
7;2025-11-11;18;2466
7;2025-11-11;19;1743
7;2025-11-11;20;1085
7;2025-11-11;21;659
7;2025-11-11;22;334
7;2025-11-11;23;186
7;2025-11-12;0;59
7;2025-11-12;1;10
7;2025-11-12;2;1
7;2025-11-12;3;0
7;2025-11-12;4;3
7;2025-11-12;5;193
7;2025-11-12;6;699
7;2025-11-12;7;1697
7;2025-11-12;8;2549
7;2025-11-12;9;1936
7;2025-11-12;10;1649
7;2025-11-12;11;1542
7;2025-11-12;12;1566
7;2025-11-12;13;1594
7;2025-11-12;14;1609
7;2025-11-12;15;1756
7;2025-11-12;16;1882
7;2025-11-12;17;2328
7;2025-11-12;18;2467
7;2025-11-12;19;1711
7;2025-11-12;20;1077
7;2025-11-12;21;654
7;2025-11-12;22;344
7;2025-11-12;23;198
7;2025-11-13;0;61
7;2025-11-13;1;12
7;2025-11-13;2;1
7;2025-11-13;3;1
7;2025-11-13;4;3
7;2025-11-13;5;193
7;2025-11-13;6;692
7;2025-11-13;7;1700
7;2025-11-13;8;2505
7;2025-11-13;9;1900
7;2025-11-13;10;1600
7;2025-11-13;11;1510
7;2025-11-13;12;1545
7;2025-11-13;13;1586
7;2025-11-13;14;1615
7;2025-11-13;15;1717
7;2025-11-13;16;1871
7;2025-11-13;17;2286
7;2025-11-13;18;2476
7;2025-11-13;19;1688
7;2025-11-13;20;1064
7;2025-11-13;21;647
7;2025-11-13;22;328
7;2025-11-13;23;195
7;2025-11-14;0;62
7;2025-11-14;1;10
7;2025-11-14;2;0
7;2025-11-14;3;0
7;2025-11-14;4;0
7;2025-11-14;5;180
7;2025-11-14;6;639
7;2025-11-14;7;1646
7;2025-11-14;8;2414
7;2025-11-14;9;1844
7;2025-11-14;10;1562
7;2025-11-14;11;1520
7;2025-11-14;12;1568
7;2025-11-14;13;1619
7;2025-11-14;14;1636
7;2025-11-14;15;1787
7;2025-11-14;16;1966
7;2025-11-14;17;2147
7;2025-11-14;18;2078
7;2025-11-14;19;1510
7;2025-11-14;20;1009
7;2025-11-14;21;617
7;2025-11-14;22;329
7;2025-11-14;23;208
7;2025-11-15;0;94
7;2025-11-15;1;22
7;2025-11-15;2;0
7;2025-11-15;3;0
7;2025-11-15;4;2
7;2025-11-15;5;37
7;2025-11-15;6;212
7;2025-11-15;7;382
7;2025-11-15;8;608
7;2025-11-15;9;674
7;2025-11-15;10;771
7;2025-11-15;11;883
7;2025-11-15;12;973
7;2025-11-15;13;1034
7;2025-11-15;14;1034
7;2025-11-15;15;1041
7;2025-11-15;16;979
7;2025-11-15;17;935
7;2025-11-15;18;891
7;2025-11-15;19;782
7;2025-11-15;20;599
7;2025-11-15;21;435
7;2025-11-15;22;238
7;2025-11-15;23;167
7;2025-11-16;0;93
7;2025-11-16;1;19
7;2025-11-16;2;0
7;2025-11-16;3;0
7;2025-11-16;4;1
7;2025-11-16;5;30
7;2025-11-16;6;143
7;2025-11-16;7;253
7;2025-11-16;8;430
7;2025-11-16;9;518
7;2025-11-16;10;600
7;2025-11-16;11;753
7;2025-11-16;12;851
7;2025-11-16;13;925
7;2025-11-16;14;945
7;2025-11-16;15;891
7;2025-11-16;16;857
7;2025-11-16;17;832
7;2025-11-16;18;749
7;2025-11-16;19;611
7;2025-11-16;20;466
7;2025-11-16;21;354
7;2025-11-16;22;195
7;2025-11-16;23;124
7;2025-11-17;0;60
7;2025-11-17;1;10
7;2025-11-17;2;0
7;2025-11-17;3;0
7;2025-11-17;4;1
7;2025-11-17;5;180
7;2025-11-17;6;661
7;2025-11-17;7;1652
7;2025-11-17;8;2443
7;2025-11-17;9;1856
7;2025-11-17;10;1526
7;2025-11-17;11;1422
7;2025-11-17;12;1486
7;2025-11-17;13;1515
7;2025-11-17;14;1526
7;2025-11-17;15;1668
7;2025-11-17;16;1820
7;2025-11-17;17;2252
7;2025-11-17;18;2411
7;2025-11-17;19;1676
7;2025-11-17;20;1034
7;2025-11-17;21;607
7;2025-11-17;22;301
7;2025-11-17;23;168
7;2025-11-18;0;55
7;2025-11-18;1;12
7;2025-11-18;2;2
7;2025-11-18;3;0
7;2025-11-18;4;4
7;2025-11-18;5;190
7;2025-11-18;6;688
7;2025-11-18;7;1706
7;2025-11-18;8;2484
7;2025-11-18;9;1866
7;2025-11-18;10;1598
7;2025-11-18;11;1504
7;2025-11-18;12;1528
7;2025-11-18;13;1571
7;2025-11-18;14;1575
7;2025-11-18;15;1728
7;2025-11-18;16;1861
7;2025-11-18;17;2240
7;2025-11-18;18;2433
7;2025-11-18;19;1717
7;2025-11-18;20;1073
7;2025-11-18;21;649
7;2025-11-18;22;328
7;2025-11-18;23;180
7;2025-11-19;0;56
7;2025-11-19;1;9
7;2025-11-19;2;0
7;2025-11-19;3;0
7;2025-11-19;4;2
7;2025-11-19;5;195
7;2025-11-19;6;694
7;2025-11-19;7;1693
7;2025-11-19;8;2532
7;2025-11-19;9;1925
7;2025-11-19;10;1631
7;2025-11-19;11;1536
7;2025-11-19;12;1563
7;2025-11-19;13;1589
7;2025-11-19;14;1613
7;2025-11-19;15;1767
7;2025-11-19;16;1888
7;2025-11-19;17;2327
7;2025-11-19;18;2459
7;2025-11-19;19;1714
7;2025-11-19;20;1082
7;2025-11-19;21;659
7;2025-11-19;22;342
7;2025-11-19;23;192
7;2025-11-20;0;59
7;2025-11-20;1;11
7;2025-11-20;2;0
7;2025-11-20;3;0
7;2025-11-20;4;1
7;2025-11-20;5;190
7;2025-11-20;6;678
7;2025-11-20;7;1686
7;2025-11-20;8;2493
7;2025-11-20;9;1890
7;2025-11-20;10;1591
7;2025-11-20;11;1503
7;2025-11-20;12;1541
7;2025-11-20;13;1584
7;2025-11-20;14;1619
7;2025-11-20;15;1722
7;2025-11-20;16;1874
7;2025-11-20;17;2286
7;2025-11-20;18;2487
7;2025-11-20;19;1696
7;2025-11-20;20;1064
7;2025-11-20;21;650
7;2025-11-20;22;325
7;2025-11-20;23;190
7;2025-11-21;0;62
7;2025-11-21;1;10
7;2025-11-21;2;0
7;2025-11-21;3;0
7;2025-11-21;4;2
7;2025-11-21;5;180
7;2025-11-21;6;630
7;2025-11-21;7;1628
7;2025-11-21;8;2396
7;2025-11-21;9;1830
7;2025-11-21;10;1556
7;2025-11-21;11;1519
7;2025-11-21;12;1566
7;2025-11-21;13;1627
7;2025-11-21;14;1644
7;2025-11-21;15;1794
7;2025-11-21;16;1978
7;2025-11-21;17;2179
7;2025-11-21;18;2110
7;2025-11-21;19;1532
7;2025-11-21;20;1028
7;2025-11-21;21;631
7;2025-11-21;22;338
7;2025-11-21;23;215
7;2025-11-22;0;92
7;2025-11-22;1;23
7;2025-11-22;2;0
7;2025-11-22;3;3
7;2025-11-22;4;1
7;2025-11-22;5;43
7;2025-11-22;6;218
7;2025-11-22;7;394
7;2025-11-22;8;612
7;2025-11-22;9;685
7;2025-11-22;10;784
7;2025-11-22;11;914
7;2025-11-22;12;1015
7;2025-11-22;13;1053
7;2025-11-22;14;1047
7;2025-11-22;15;1048
7;2025-11-22;16;990
7;2025-11-22;17;943
7;2025-11-22;18;895
7;2025-11-22;19;795
7;2025-11-22;20;608
7;2025-11-22;21;438
7;2025-11-22;22;237
7;2025-11-22;23;160
7;2025-11-23;0;90
7;2025-11-23;1;19
7;2025-11-23;2;0
7;2025-11-23;3;0
7;2025-11-23;4;0
7;2025-11-23;5;29
7;2025-11-23;6;138
7;2025-11-23;7;248
7;2025-11-23;8;421
7;2025-11-23;9;512
7;2025-11-23;10;607
7;2025-11-23;11;750
7;2025-11-23;12;869
7;2025-11-23;13;938
7;2025-11-23;14;953
7;2025-11-23;15;910
7;2025-11-23;16;869
7;2025-11-23;17;842
7;2025-11-23;18;769
7;2025-11-23;19;629
7;2025-11-23;20;477
7;2025-11-23;21;357
7;2025-11-23;22;195
7;2025-11-23;23;123
7;2025-11-24;0;59
7;2025-11-24;1;10
7;2025-11-24;2;0
7;2025-11-24;3;0
7;2025-11-24;4;1
7;2025-11-24;5;162
7;2025-11-24;6;641
7;2025-11-24;7;1646
7;2025-11-24;8;2440
7;2025-11-24;9;1860
7;2025-11-24;10;1529
7;2025-11-24;11;1419
7;2025-11-24;12;1471
7;2025-11-24;13;1502
7;2025-11-24;14;1514
7;2025-11-24;15;1660
7;2025-11-24;16;1817
7;2025-11-24;17;2241
7;2025-11-24;18;2400
7;2025-11-24;19;1664
7;2025-11-24;20;1030
7;2025-11-24;21;600
7;2025-11-24;22;295
7;2025-11-24;23;164
7;2025-11-25;0;53
7;2025-11-25;1;9
7;2025-11-25;2;0
7;2025-11-25;3;0
7;2025-11-25;4;3
7;2025-11-25;5;193
7;2025-11-25;6;682
7;2025-11-25;7;1689
7;2025-11-25;8;2483
7;2025-11-25;9;1872
7;2025-11-25;10;1582
7;2025-11-25;11;1508
7;2025-11-25;12;1540
7;2025-11-25;13;1580
7;2025-11-25;14;1585
7;2025-11-25;15;1731
7;2025-11-25;16;1865
7;2025-11-25;17;2250
7;2025-11-25;18;2438
7;2025-11-25;19;1732
7;2025-11-25;20;1074
7;2025-11-25;21;648
7;2025-11-25;22;325
7;2025-11-25;23;180
7;2025-11-26;0;58
7;2025-11-26;1;9
7;2025-11-26;2;0
7;2025-11-26;3;0
7;2025-11-26;4;4
7;2025-11-26;5;193
7;2025-11-26;6;692
7;2025-11-26;7;1681
7;2025-11-26;8;2521
7;2025-11-26;9;1921
7;2025-11-26;10;1627
7;2025-11-26;11;1528
7;2025-11-26;12;1550
7;2025-11-26;13;1576
7;2025-11-26;14;1592
7;2025-11-26;15;1743
7;2025-11-26;16;1858
7;2025-11-26;17;2300
7;2025-11-26;18;2442
7;2025-11-26;19;1702
7;2025-11-26;20;1079
7;2025-11-26;21;656
7;2025-11-26;22;342
7;2025-11-26;23;195
7;2025-11-27;0;61
7;2025-11-27;1;13
7;2025-11-27;2;2
7;2025-11-27;3;1
7;2025-11-27;4;3
7;2025-11-27;5;191
7;2025-11-27;6;686
7;2025-11-27;7;1689
7;2025-11-27;8;2499
7;2025-11-27;9;1894
7;2025-11-27;10;1592
7;2025-11-27;11;1506
7;2025-11-27;12;1540
7;2025-11-27;13;1571
7;2025-11-27;14;1595
7;2025-11-27;15;1699
7;2025-11-27;16;1851
7;2025-11-27;17;2267
7;2025-11-27;18;2471
7;2025-11-27;19;1678
7;2025-11-27;20;1056
7;2025-11-27;21;640
7;2025-11-27;22;324
7;2025-11-27;23;190
7;2025-11-28;0;63
7;2025-11-28;1;12
7;2025-11-28;2;2
7;2025-11-28;3;1
7;2025-11-28;4;4
7;2025-11-28;5;184
7;2025-11-28;6;635
7;2025-11-28;7;1635
7;2025-11-28;8;2414
7;2025-11-28;9;1850
7;2025-11-28;10;1556
7;2025-11-28;11;1527
7;2025-11-28;12;1579
7;2025-11-28;13;1630
7;2025-11-28;14;1650
7;2025-11-28;15;1800
7;2025-11-28;16;1984
7;2025-11-28;17;2168
7;2025-11-28;18;2105
7;2025-11-28;19;1524
7;2025-11-28;20;1020
7;2025-11-28;21;624
7;2025-11-28;22;332
7;2025-11-28;23;207
7;2025-11-29;0;92
7;2025-11-29;1;21
7;2025-11-29;2;0
7;2025-11-29;3;0
7;2025-11-29;4;0
7;2025-11-29;5;38
7;2025-11-29;6;207
7;2025-11-29;7;384
7;2025-11-29;8;598
7;2025-11-29;9;668
7;2025-11-29;10;766
7;2025-11-29;11;888
7;2025-11-29;12;987
7;2025-11-29;13;1021
7;2025-11-29;14;1016
7;2025-11-29;15;1010
7;2025-11-29;16;954
7;2025-11-29;17;904
7;2025-11-29;18;878
7;2025-11-29;19;771
7;2025-11-29;20;584
7;2025-11-29;21;431
7;2025-11-29;22;234
7;2025-11-29;23;163
7;2025-11-30;0;91
7;2025-11-30;1;18
7;2025-11-30;2;0
7;2025-11-30;3;0
7;2025-11-30;4;0
7;2025-11-30;5;27
7;2025-11-30;6;148
7;2025-11-30;7;261
7;2025-11-30;8;448
7;2025-11-30;9;537
7;2025-11-30;10;618
7;2025-11-30;11;749
7;2025-11-30;12;853
7;2025-11-30;13;932
7;2025-11-30;14;941
7;2025-11-30;15;903
7;2025-11-30;16;858
7;2025-11-30;17;834
7;2025-11-30;18;753
7;2025-11-30;19;623
7;2025-11-30;20;478
7;2025-11-30;21;358
7;2025-11-30;22;198
7;2025-11-30;23;126
7;2025-12-01;0;64
7;2025-12-01;1;12
7;2025-12-01;2;2
7;2025-12-01;3;2
7;2025-12-01;4;3
7;2025-12-01;5;186
7;2025-12-01;6;693
7;2025-12-01;7;1630
7;2025-12-01;8;2389
7;2025-12-01;9;1826
7;2025-12-01;10;1484
7;2025-12-01;11;1377
7;2025-12-01;12;1434
7;2025-12-01;13;1459
7;2025-12-01;14;1471
7;2025-12-01;15;1603
7;2025-12-01;16;1766
7;2025-12-01;17;2187
7;2025-12-01;18;2361
7;2025-12-01;19;1648
7;2025-12-01;20;1021
7;2025-12-01;21;604
7;2025-12-01;22;299
7;2025-12-01;23;160
7;2025-12-02;0;55
7;2025-12-02;1;10
7;2025-12-02;2;0
7;2025-12-02;3;0
7;2025-12-02;4;2
7;2025-12-02;5;195
7;2025-12-02;6;701
7;2025-12-02;7;1667
7;2025-12-02;8;2432
7;2025-12-02;9;1844
7;2025-12-02;10;1547
7;2025-12-02;11;1470
7;2025-12-02;12;1495
7;2025-12-02;13;1528
7;2025-12-02;14;1530
7;2025-12-02;15;1673
7;2025-12-02;16;1814
7;2025-12-02;17;2204
7;2025-12-02;18;2401
7;2025-12-02;19;1722
7;2025-12-02;20;1068
7;2025-12-02;21;651
7;2025-12-02;22;331
7;2025-12-02;23;177
7;2025-12-03;0;59
7;2025-12-03;1;10
7;2025-12-03;2;1
7;2025-12-03;3;1
7;2025-12-03;4;3
7;2025-12-03;5;197
7;2025-12-03;6;721
7;2025-12-03;7;1670
7;2025-12-03;8;2483
7;2025-12-03;9;1900
7;2025-12-03;10;1593
7;2025-12-03;11;1487
7;2025-12-03;12;1515
7;2025-12-03;13;1543
7;2025-12-03;14;1564
7;2025-12-03;15;1708
7;2025-12-03;16;1837
7;2025-12-03;17;2267
7;2025-12-03;18;2416
7;2025-12-03;19;1690
7;2025-12-03;20;1076
7;2025-12-03;21;655
7;2025-12-03;22;346
7;2025-12-03;23;192
7;2025-12-04;0;62
7;2025-12-04;1;12
7;2025-12-04;2;1
7;2025-12-04;3;1
7;2025-12-04;4;3
7;2025-12-04;5;194
7;2025-12-04;6;718
7;2025-12-04;7;1677
7;2025-12-04;8;2457
7;2025-12-04;9;1872
7;2025-12-04;10;1556
7;2025-12-04;11;1464
7;2025-12-04;12;1490
7;2025-12-04;13;1542
7;2025-12-04;14;1575
7;2025-12-04;15;1677
7;2025-12-04;16;1836
7;2025-12-04;17;2249
7;2025-12-04;18;2450
7;2025-12-04;19;1691
7;2025-12-04;20;1074
7;2025-12-04;21;658
7;2025-12-04;22;338
7;2025-12-04;23;192
7;2025-12-05;0;65
7;2025-12-05;1;12
7;2025-12-05;2;1
7;2025-12-05;3;0
7;2025-12-05;4;4
7;2025-12-05;5;194
7;2025-12-05;6;681
7;2025-12-05;7;1631
7;2025-12-05;8;2374
7;2025-12-05;9;1823
7;2025-12-05;10;1529
7;2025-12-05;11;1484
7;2025-12-05;12;1533
7;2025-12-05;13;1587
7;2025-12-05;14;1606
7;2025-12-05;15;1756
7;2025-12-05;16;1946
7;2025-12-05;17;2145
7;2025-12-05;18;2084
7;2025-12-05;19;1524
7;2025-12-05;20;1029
7;2025-12-05;21;635
7;2025-12-05;22;343
7;2025-12-05;23;206
7;2025-12-06;0;91
7;2025-12-06;1;19
7;2025-12-06;2;2
7;2025-12-06;3;0
7;2025-12-06;4;2
7;2025-12-06;5;66
7;2025-12-06;6;290
7;2025-12-06;7;472
7;2025-12-06;8;695
7;2025-12-06;9;799
7;2025-12-06;10;925
7;2025-12-06;11;1056
7;2025-12-06;12;1156
7;2025-12-06;13;1197
7;2025-12-06;14;1196
7;2025-12-06;15;1195
7;2025-12-06;16;1123
7;2025-12-06;17;1065
7;2025-12-06;18;1024
7;2025-12-06;19;921
7;2025-12-06;20;730
7;2025-12-06;21;556
7;2025-12-06;22;348
7;2025-12-06;23;232
7;2025-12-07;0;93
7;2025-12-07;1;19
7;2025-12-07;2;3
7;2025-12-07;3;0
7;2025-12-07;4;0
7;2025-12-07;5;44
7;2025-12-07;6;209
7;2025-12-07;7;331
7;2025-12-07;8;519
7;2025-12-07;9;646
7;2025-12-07;10;762
7;2025-12-07;11;908
7;2025-12-07;12;1014
7;2025-12-07;13;1088
7;2025-12-07;14;1106
7;2025-12-07;15;1061
7;2025-12-07;16;1014
7;2025-12-07;17;985
7;2025-12-07;18;901
7;2025-12-07;19;766
7;2025-12-07;20;619
7;2025-12-07;21;478
7;2025-12-07;22;300
7;2025-12-07;23;188
7;2025-12-08;0;62
7;2025-12-08;1;11
7;2025-12-08;2;0
7;2025-12-08;3;0
7;2025-12-08;4;1
7;2025-12-08;5;188
7;2025-12-08;6;694
7;2025-12-08;7;1637
7;2025-12-08;8;2395
7;2025-12-08;9;1831
7;2025-12-08;10;1491
7;2025-12-08;11;1389
7;2025-12-08;12;1452
7;2025-12-08;13;1481
7;2025-12-08;14;1491
7;2025-12-08;15;1627
7;2025-12-08;16;1783
7;2025-12-08;17;2208
7;2025-12-08;18;2374
7;2025-12-08;19;1663
7;2025-12-08;20;1030
7;2025-12-08;21;604
7;2025-12-08;22;303
7;2025-12-08;23;162
7;2025-12-09;0;57
7;2025-12-09;1;12
7;2025-12-09;2;2
7;2025-12-09;3;1
7;2025-12-09;4;5
7;2025-12-09;5;197
7;2025-12-09;6;712
7;2025-12-09;7;1685
7;2025-12-09;8;2452
7;2025-12-09;9;1862
7;2025-12-09;10;1562
7;2025-12-09;11;1487
7;2025-12-09;12;1516
7;2025-12-09;13;1549
7;2025-12-09;14;1548
7;2025-12-09;15;1691
7;2025-12-09;16;1827
7;2025-12-09;17;2214
7;2025-12-09;18;2411
7;2025-12-09;19;1716
7;2025-12-09;20;1068
7;2025-12-09;21;647
7;2025-12-09;22;331
7;2025-12-09;23;179
7;2025-12-10;0;58
7;2025-12-10;1;10
7;2025-12-10;2;0
7;2025-12-10;3;0
7;2025-12-10;4;4
7;2025-12-10;5;194
7;2025-12-10;6;722
7;2025-12-10;7;1676
7;2025-12-10;8;2492
7;2025-12-10;9;1902
7;2025-12-10;10;1597
7;2025-12-10;11;1491
7;2025-12-10;12;1521
7;2025-12-10;13;1549
7;2025-12-10;14;1567
7;2025-12-10;15;1712
7;2025-12-10;16;1846
7;2025-12-10;17;2281
7;2025-12-10;18;2419
7;2025-12-10;19;1699
7;2025-12-10;20;1077
7;2025-12-10;21;654
7;2025-12-10;22;345
7;2025-12-10;23;190
7;2025-12-11;0;62
7;2025-12-11;1;13
7;2025-12-11;2;1
7;2025-12-11;3;1
7;2025-12-11;4;5
7;2025-12-11;5;195
7;2025-12-11;6;711
7;2025-12-11;7;1674
7;2025-12-11;8;2447
7;2025-12-11;9;1866
7;2025-12-11;10;1547
7;2025-12-11;11;1457
7;2025-12-11;12;1487
7;2025-12-11;13;1532
7;2025-12-11;14;1564
7;2025-12-11;15;1669
7;2025-12-11;16;1830
7;2025-12-11;17;2242
7;2025-12-11;18;2428
7;2025-12-11;19;1664
7;2025-12-11;20;1060
7;2025-12-11;21;646
7;2025-12-11;22;330
7;2025-12-11;23;190
7;2025-12-12;0;62
7;2025-12-12;1;11
7;2025-12-12;2;0
7;2025-12-12;3;0
7;2025-12-12;4;3
7;2025-12-12;5;194
7;2025-12-12;6;672
7;2025-12-12;7;1631
7;2025-12-12;8;2367
7;2025-12-12;9;1820
7;2025-12-12;10;1537
7;2025-12-12;11;1488
7;2025-12-12;12;1536
7;2025-12-12;13;1586
7;2025-12-12;14;1589
7;2025-12-12;15;1737
7;2025-12-12;16;1930
7;2025-12-12;17;2130
7;2025-12-12;18;2062
7;2025-12-12;19;1508
7;2025-12-12;20;1025
7;2025-12-12;21;632
7;2025-12-12;22;342
7;2025-12-12;23;204
7;2025-12-13;0;92
7;2025-12-13;1;21
7;2025-12-13;2;4
7;2025-12-13;3;1
7;2025-12-13;4;0
7;2025-12-13;5;68
7;2025-12-13;6;292
7;2025-12-13;7;480
7;2025-12-13;8;709
7;2025-12-13;9;802
7;2025-12-13;10;933
7;2025-12-13;11;1067
7;2025-12-13;12;1162
7;2025-12-13;13;1208
7;2025-12-13;14;1203
7;2025-12-13;15;1201
7;2025-12-13;16;1136
7;2025-12-13;17;1072
7;2025-12-13;18;1037
7;2025-12-13;19;917
7;2025-12-13;20;740
7;2025-12-13;21;564
7;2025-12-13;22;351
7;2025-12-13;23;233
7;2025-12-14;0;93
7;2025-12-14;1;20
7;2025-12-14;2;4
7;2025-12-14;3;1
7;2025-12-14;4;0
7;2025-12-14;5;48
7;2025-12-14;6;211
7;2025-12-14;7;335
7;2025-12-14;8;526
7;2025-12-14;9;653
7;2025-12-14;10;773
7;2025-12-14;11;915
7;2025-12-14;12;1013
7;2025-12-14;13;1094
7;2025-12-14;14;1104
7;2025-12-14;15;1060
7;2025-12-14;16;1019
7;2025-12-14;17;981
7;2025-12-14;18;908
7;2025-12-14;19;763
7;2025-12-14;20;615
7;2025-12-14;21;485
7;2025-12-14;22;307
7;2025-12-14;23;191
7;2025-12-15;0;64
7;2025-12-15;1;11
7;2025-12-15;2;0
7;2025-12-15;3;0
7;2025-12-15;4;2
7;2025-12-15;5;188
7;2025-12-15;6;692
7;2025-12-15;7;1648
7;2025-12-15;8;2398
7;2025-12-15;9;1847
7;2025-12-15;10;1509
7;2025-12-15;11;1401
7;2025-12-15;12;1470
7;2025-12-15;13;1492
7;2025-12-15;14;1504
7;2025-12-15;15;1637
7;2025-12-15;16;1800
7;2025-12-15;17;2232
7;2025-12-15;18;2392
7;2025-12-15;19;1682
7;2025-12-15;20;1037
7;2025-12-15;21;614
7;2025-12-15;22;310
7;2025-12-15;23;166
7;2025-12-16;0;56
7;2025-12-16;1;10
7;2025-12-16;2;0
7;2025-12-16;3;0
7;2025-12-16;4;3
7;2025-12-16;5;194
7;2025-12-16;6;708
7;2025-12-16;7;1680
7;2025-12-16;8;2448
7;2025-12-16;9;1857
7;2025-12-16;10;1563
7;2025-12-16;11;1484
7;2025-12-16;12;1506
7;2025-12-16;13;1532
7;2025-12-16;14;1537
7;2025-12-16;15;1680
7;2025-12-16;16;1818
7;2025-12-16;17;2206
7;2025-12-16;18;2402
7;2025-12-16;19;1709
7;2025-12-16;20;1063
7;2025-12-16;21;642
7;2025-12-16;22;325
7;2025-12-16;23;174
7;2025-12-17;0;57
7;2025-12-17;1;11
7;2025-12-17;2;1
7;2025-12-17;3;0
7;2025-12-17;4;4
7;2025-12-17;5;198
7;2025-12-17;6;721
7;2025-12-17;7;1676
7;2025-12-17;8;2488
7;2025-12-17;9;1906
7;2025-12-17;10;1602
7;2025-12-17;11;1496
7;2025-12-17;12;1522
7;2025-12-17;13;1551
7;2025-12-17;14;1575
7;2025-12-17;15;1720
7;2025-12-17;16;1846
7;2025-12-17;17;2280
7;2025-12-17;18;2422
7;2025-12-17;19;1697
7;2025-12-17;20;1077
7;2025-12-17;21;654
7;2025-12-17;22;346
7;2025-12-17;23;190
7;2025-12-18;0;62
7;2025-12-18;1;14
7;2025-12-18;2;1
7;2025-12-18;3;1
7;2025-12-18;4;4
7;2025-12-18;5;194
7;2025-12-18;6;708
7;2025-12-18;7;1677
7;2025-12-18;8;2455
7;2025-12-18;9;1868
7;2025-12-18;10;1556
7;2025-12-18;11;1462
7;2025-12-18;12;1495
7;2025-12-18;13;1541
7;2025-12-18;14;1573
7;2025-12-18;15;1678
7;2025-12-18;16;1836
7;2025-12-18;17;2248
7;2025-12-18;18;2449
7;2025-12-18;19;1684
7;2025-12-18;20;1067
7;2025-12-18;21;649
7;2025-12-18;22;328
7;2025-12-18;23;186
7;2025-12-19;0;65
7;2025-12-19;1;13
7;2025-12-19;2;2
7;2025-12-19;3;1
7;2025-12-19;4;4
7;2025-12-19;5;195
7;2025-12-19;6;669
7;2025-12-19;7;1635
7;2025-12-19;8;2373
7;2025-12-19;9;1831
7;2025-12-19;10;1539
7;2025-12-19;11;1486
7;2025-12-19;12;1531
7;2025-12-19;13;1584
7;2025-12-19;14;1610
7;2025-12-19;15;1760
7;2025-12-19;16;1944
7;2025-12-19;17;2138
7;2025-12-19;18;2081
7;2025-12-19;19;1521
7;2025-12-19;20;1026
7;2025-12-19;21;633
7;2025-12-19;22;343
7;2025-12-19;23;203
7;2025-12-20;0;92
7;2025-12-20;1;20
7;2025-12-20;2;3
7;2025-12-20;3;2
7;2025-12-20;4;1
7;2025-12-20;5;66
7;2025-12-20;6;282
7;2025-12-20;7;473
7;2025-12-20;8;699
7;2025-12-20;9;800
7;2025-12-20;10;929
7;2025-12-20;11;1056
7;2025-12-20;12;1152
7;2025-12-20;13;1193
7;2025-12-20;14;1190
7;2025-12-20;15;1189
7;2025-12-20;16;1118
7;2025-12-20;17;1058
7;2025-12-20;18;1017
7;2025-12-20;19;913
7;2025-12-20;20;728
7;2025-12-20;21;551
7;2025-12-20;22;344
7;2025-12-20;23;229
7;2025-12-21;0;94
7;2025-12-21;1;21
7;2025-12-21;2;4
7;2025-12-21;3;3
7;2025-12-21;4;1
7;2025-12-21;5;46
7;2025-12-21;6;197
7;2025-12-21;7;335
7;2025-12-21;8;524
7;2025-12-21;9;658
7;2025-12-21;10;774
7;2025-12-21;11;916
7;2025-12-21;12;1016
7;2025-12-21;13;1089
7;2025-12-21;14;1107
7;2025-12-21;15;1064
7;2025-12-21;16;1015
7;2025-12-21;17;985
7;2025-12-21;18;898
7;2025-12-21;19;761
7;2025-12-21;20;614
7;2025-12-21;21;481
7;2025-12-21;22;306
7;2025-12-21;23;191
7;2025-12-22;0;64
7;2025-12-22;1;14
7;2025-12-22;2;3
7;2025-12-22;3;4
7;2025-12-22;4;6
7;2025-12-22;5;191
7;2025-12-22;6;691
7;2025-12-22;7;1650
7;2025-12-22;8;2402
7;2025-12-22;9;1840
7;2025-12-22;10;1503
7;2025-12-22;11;1396
7;2025-12-22;12;1453
7;2025-12-22;13;1474
7;2025-12-22;14;1480
7;2025-12-22;15;1613
7;2025-12-22;16;1775
7;2025-12-22;17;2205
7;2025-12-22;18;2370
7;2025-12-22;19;1662
7;2025-12-22;20;1033
7;2025-12-22;21;612
7;2025-12-22;22;306
7;2025-12-22;23;158
7;2025-12-23;0;57
7;2025-12-23;1;10
7;2025-12-23;2;0
7;2025-12-23;3;0
7;2025-12-23;4;2
7;2025-12-23;5;196
7;2025-12-23;6;713
7;2025-12-23;7;1688
7;2025-12-23;8;2461
7;2025-12-23;9;1863
7;2025-12-23;10;1557
7;2025-12-23;11;1472
7;2025-12-23;12;1496
7;2025-12-23;13;1526
7;2025-12-23;14;1528
7;2025-12-23;15;1668
7;2025-12-23;16;1813
7;2025-12-23;17;2201
7;2025-12-23;18;2399
7;2025-12-23;19;1713
7;2025-12-23;20;1057
7;2025-12-23;21;641
7;2025-12-23;22;323
7;2025-12-23;23;172
7;2025-12-24;0;58
7;2025-12-24;1;10
7;2025-12-24;2;0
7;2025-12-24;3;0
7;2025-12-24;4;2
7;2025-12-24;5;199
7;2025-12-24;6;728
7;2025-12-24;7;1681
7;2025-12-24;8;2502
7;2025-12-24;9;1904
7;2025-12-24;10;1596
7;2025-12-24;11;1482
7;2025-12-24;12;1507
7;2025-12-24;13;1530
7;2025-12-24;14;1548
7;2025-12-24;15;1693
7;2025-12-24;16;1829
7;2025-12-24;17;2274
7;2025-12-24;18;2415
7;2025-12-24;19;1692
7;2025-12-24;20;1058
7;2025-12-24;21;640
7;2025-12-24;22;331
7;2025-12-24;23;180
7;2025-12-25;0;62
7;2025-12-25;1;12
7;2025-12-25;2;0
7;2025-12-25;3;1
7;2025-12-25;4;4
7;2025-12-25;5;196
7;2025-12-25;6;701
7;2025-12-25;7;1655
7;2025-12-25;8;2445
7;2025-12-25;9;1867
7;2025-12-25;10;1569
7;2025-12-25;11;1482
7;2025-12-25;12;1510
7;2025-12-25;13;1551
7;2025-12-25;14;1580
7;2025-12-25;15;1674
7;2025-12-25;16;1821
7;2025-12-25;17;2229
7;2025-12-25;18;2429
7;2025-12-25;19;1673
7;2025-12-25;20;1067
7;2025-12-25;21;648
7;2025-12-25;22;331
7;2025-12-25;23;188
7;2025-12-26;0;66
7;2025-12-26;1;14
7;2025-12-26;2;2
7;2025-12-26;3;3
7;2025-12-26;4;5
7;2025-12-26;5;194
7;2025-12-26;6;658
7;2025-12-26;7;1617
7;2025-12-26;8;2353
7;2025-12-26;9;1826
7;2025-12-26;10;1550
7;2025-12-26;11;1502
7;2025-12-26;12;1538
7;2025-12-26;13;1609
7;2025-12-26;14;1621
7;2025-12-26;15;1761
7;2025-12-26;16;1938
7;2025-12-26;17;2127
7;2025-12-26;18;2068
7;2025-12-26;19;1518
7;2025-12-26;20;1029
7;2025-12-26;21;632
7;2025-12-26;22;343
7;2025-12-26;23;204
7;2025-12-27;0;96
7;2025-12-27;1;24
7;2025-12-27;2;6
7;2025-12-27;3;4
7;2025-12-27;4;3
7;2025-12-27;5;70
7;2025-12-27;6;281
7;2025-12-27;7;475
7;2025-12-27;8;697
7;2025-12-27;9;797
7;2025-12-27;10;930
7;2025-12-27;11;1060
7;2025-12-27;12;1155
7;2025-12-27;13;1194
7;2025-12-27;14;1191
7;2025-12-27;15;1200
7;2025-12-27;16;1127
7;2025-12-27;17;1058
7;2025-12-27;18;1021
7;2025-12-27;19;917
7;2025-12-27;20;731
7;2025-12-27;21;559
7;2025-12-27;22;348
7;2025-12-27;23;233
7;2025-12-28;0;96
7;2025-12-28;1;22
7;2025-12-28;2;5
7;2025-12-28;3;2
7;2025-12-28;4;1
7;2025-12-28;5;46
7;2025-12-28;6;197
7;2025-12-28;7;321
7;2025-12-28;8;500
7;2025-12-28;9;624
7;2025-12-28;10;753
7;2025-12-28;11;892
7;2025-12-28;12;994
7;2025-12-28;13;1066
7;2025-12-28;14;1084
7;2025-12-28;15;1037
7;2025-12-28;16;984
7;2025-12-28;17;951
7;2025-12-28;18;879
7;2025-12-28;19;748
7;2025-12-28;20;603
7;2025-12-28;21;477
7;2025-12-28;22;301
7;2025-12-28;23;193
7;2025-12-29;0;66
7;2025-12-29;1;15
7;2025-12-29;2;3
7;2025-12-29;3;3
7;2025-12-29;4;5
7;2025-12-29;5;185
7;2025-12-29;6;672
7;2025-12-29;7;1608
7;2025-12-29;8;2368
7;2025-12-29;9;1822
7;2025-12-29;10;1499
7;2025-12-29;11;1401
7;2025-12-29;12;1464
7;2025-12-29;13;1482
7;2025-12-29;14;1491
7;2025-12-29;15;1616
7;2025-12-29;16;1762
7;2025-12-29;17;2188
7;2025-12-29;18;2355
7;2025-12-29;19;1655
7;2025-12-29;20;1026
7;2025-12-29;21;607
7;2025-12-29;22;301
7;2025-12-29;23;166
7;2025-12-30;0;60
7;2025-12-30;1;13
7;2025-12-30;2;2
7;2025-12-30;3;3
7;2025-12-30;4;3
7;2025-12-30;5;195
7;2025-12-30;6;693
7;2025-12-30;7;1654
7;2025-12-30;8;2420
7;2025-12-30;9;1847
7;2025-12-30;10;1551
7;2025-12-30;11;1481
7;2025-12-30;12;1501
7;2025-12-30;13;1529
7;2025-12-30;14;1523
7;2025-12-30;15;1660
7;2025-12-30;16;1787
7;2025-12-30;17;2182
7;2025-12-30;18;2384
7;2025-12-30;19;1709
7;2025-12-30;20;1063
7;2025-12-30;21;649
7;2025-12-30;22;331
7;2025-12-30;23;181
7;2025-12-31;0;66
7;2025-12-31;1;12
7;2025-12-31;2;0
7;2025-12-31;3;0
7;2025-12-31;4;1
7;2025-12-31;5;59
7;2025-12-31;6;231
7;2025-12-31;7;478
7;2025-12-31;8;721
7;2025-12-31;9;721
7;2025-12-31;10;704
7;2025-12-31;11;801
7;2025-12-31;12;860
7;2025-12-31;13;880
7;2025-12-31;14;907
7;2025-12-31;15;965
7;2025-12-31;16;928
7;2025-12-31;17;1015
7;2025-12-31;18;1060
7;2025-12-31;19;830
7;2025-12-31;20;615
7;2025-12-31;21;445
7;2025-12-31;22;253
7;2025-12-31;23;157
11;2025-11-01;0;112
11;2025-11-01;1;9
11;2025-11-01;2;0
11;2025-11-01;3;0
11;2025-11-01;4;7
11;2025-11-01;5;353
11;2025-11-01;6;1284
11;2025-11-01;7;1924
11;2025-11-01;8;2264
11;2025-11-01;9;2012
11;2025-11-01;10;1971
11;2025-11-01;11;1990
11;2025-11-01;12;2002
11;2025-11-01;13;2110
11;2025-11-01;14;2075
11;2025-11-01;15;2166
11;2025-11-01;16;2343
11;2025-11-01;17;2473
11;2025-11-01;18;2451
11;2025-11-01;19;1912
11;2025-11-01;20;1554
11;2025-11-01;21;1102
11;2025-11-01;22;664
11;2025-11-01;23;466
11;2025-11-02;0;94
11;2025-11-02;1;12
11;2025-11-02;2;1
11;2025-11-02;3;0
11;2025-11-02;4;2
11;2025-11-02;5;123
11;2025-11-02;6;480
11;2025-11-02;7;480
11;2025-11-02;8;615
11;2025-11-02;9;842
11;2025-11-02;10;997
11;2025-11-02;11;1260
11;2025-11-02;12;1389
11;2025-11-02;13;1392
11;2025-11-02;14;1449
11;2025-11-02;15;1451
11;2025-11-02;16;1423
11;2025-11-02;17;1445
11;2025-11-02;18;1304
11;2025-11-02;19;1107
11;2025-11-02;20;815
11;2025-11-02;21;608
11;2025-11-02;22;348
11;2025-11-02;23;224
11;2025-11-03;0;75
11;2025-11-03;1;8
11;2025-11-03;2;1
11;2025-11-03;3;1
11;2025-11-03;4;0
11;2025-11-03;5;185
11;2025-11-03;6;690
11;2025-11-03;7;881
11;2025-11-03;8;1093
11;2025-11-03;9;1059
11;2025-11-03;10;1091
11;2025-11-03;11;1207
11;2025-11-03;12;1302
11;2025-11-03;13;1333
11;2025-11-03;14;1368
11;2025-11-03;15;1443
11;2025-11-03;16;1453
11;2025-11-03;17;1599
11;2025-11-03;18;1621
11;2025-11-03;19;1363
11;2025-11-03;20;1010
11;2025-11-03;21;665
11;2025-11-03;22;373
11;2025-11-03;23;231
11;2025-11-04;0;90
11;2025-11-04;1;11
11;2025-11-04;2;2
11;2025-11-04;3;2
11;2025-11-04;4;0
11;2025-11-04;5;130
11;2025-11-04;6;570
11;2025-11-04;7;731
11;2025-11-04;8;914
11;2025-11-04;9;894
11;2025-11-04;10;861
11;2025-11-04;11;1058
11;2025-11-04;12;1180
11;2025-11-04;13;1237
11;2025-11-04;14;1265
11;2025-11-04;15;1338
11;2025-11-04;16;1366
11;2025-11-04;17;1506
11;2025-11-04;18;1543
11;2025-11-04;19;1250
11;2025-11-04;20;882
11;2025-11-04;21;678
11;2025-11-04;22;339
11;2025-11-04;23;219
11;2025-11-05;0;61
11;2025-11-05;1;1
11;2025-11-05;2;0
11;2025-11-05;3;1
11;2025-11-05;4;4
11;2025-11-05;5;297
11;2025-11-05;6;1322
11;2025-11-05;7;2411
11;2025-11-05;8;3079
11;2025-11-05;9;2344
11;2025-11-05;10;1909
11;2025-11-05;11;1875
11;2025-11-05;12;1896
11;2025-11-05;13;1938
11;2025-11-05;14;1938
11;2025-11-05;15;2060
11;2025-11-05;16;2238
11;2025-11-05;17;2734
11;2025-11-05;18;2905
11;2025-11-05;19;2281
11;2025-11-05;20;1493
11;2025-11-05;21;871
11;2025-11-05;22;434
11;2025-11-05;23;230
11;2025-11-06;0;63
11;2025-11-06;1;2
11;2025-11-06;2;0
11;2025-11-06;3;0
11;2025-11-06;4;4
11;2025-11-06;5;286
11;2025-11-06;6;1324
11;2025-11-06;7;2388
11;2025-11-06;8;3042
11;2025-11-06;9;2377
11;2025-11-06;10;1923
11;2025-11-06;11;1849
11;2025-11-06;12;1877
11;2025-11-06;13;1951
11;2025-11-06;14;1939
11;2025-11-06;15;2049
11;2025-11-06;16;2253
11;2025-11-06;17;2735
11;2025-11-06;18;2898
11;2025-11-06;19;2254
11;2025-11-06;20;1481
11;2025-11-06;21;885
11;2025-11-06;22;445
11;2025-11-06;23;237
11;2025-11-07;0;67
11;2025-11-07;1;2
11;2025-11-07;2;0
11;2025-11-07;3;0
11;2025-11-07;4;0
11;2025-11-07;5;282
11;2025-11-07;6;1321
11;2025-11-07;7;2340
11;2025-11-07;8;2937
11;2025-11-07;9;2291
11;2025-11-07;10;1899
11;2025-11-07;11;1878
11;2025-11-07;12;1900
11;2025-11-07;13;1972
11;2025-11-07;14;1989
11;2025-11-07;15;2166
11;2025-11-07;16;2383
11;2025-11-07;17;2707
11;2025-11-07;18;2568
11;2025-11-07;19;2061
11;2025-11-07;20;1428
11;2025-11-07;21;869
11;2025-11-07;22;452
11;2025-11-07;23;263
11;2025-11-08;0;92
11;2025-11-08;1;11
11;2025-11-08;2;5
11;2025-11-08;3;3
11;2025-11-08;4;4
11;2025-11-08;5;192
11;2025-11-08;6;721
11;2025-11-08;7;769
11;2025-11-08;8;972
11;2025-11-08;9;1133
11;2025-11-08;10;1308
11;2025-11-08;11;1553
11;2025-11-08;12;1699
11;2025-11-08;13;1671
11;2025-11-08;14;1727
11;2025-11-08;15;1707
11;2025-11-08;16;1727
11;2025-11-08;17;1737
11;2025-11-08;18;1572
11;2025-11-08;19;1411
11;2025-11-08;20;1092
11;2025-11-08;21;742
11;2025-11-08;22;442
11;2025-11-08;23;299
11;2025-11-09;0;96
11;2025-11-09;1;12
11;2025-11-09;2;1
11;2025-11-09;3;0
11;2025-11-09;4;0
11;2025-11-09;5;134
11;2025-11-09;6;542
11;2025-11-09;7;589
11;2025-11-09;8;726
11;2025-11-09;9;942
11;2025-11-09;10;1098
11;2025-11-09;11;1338
11;2025-11-09;12;1480
11;2025-11-09;13;1474
11;2025-11-09;14;1523
11;2025-11-09;15;1529
11;2025-11-09;16;1513
11;2025-11-09;17;1545
11;2025-11-09;18;1382
11;2025-11-09;19;1156
11;2025-11-09;20;882
11;2025-11-09;21;635
11;2025-11-09;22;362
11;2025-11-09;23;227
11;2025-11-10;0;66
11;2025-11-10;1;3
11;2025-11-10;2;0
11;2025-11-10;3;0
11;2025-11-10;4;2
11;2025-11-10;5;289
11;2025-11-10;6;1316
11;2025-11-10;7;2397
11;2025-11-10;8;3065
11;2025-11-10;9;2370
11;2025-11-10;10;1894
11;2025-11-10;11;1860
11;2025-11-10;12;1840
11;2025-11-10;13;1916
11;2025-11-10;14;1929
11;2025-11-10;15;2066
11;2025-11-10;16;2284
11;2025-11-10;17;2789
11;2025-11-10;18;2970
11;2025-11-10;19;2247
11;2025-11-10;20;1458
11;2025-11-10;21;847
11;2025-11-10;22;420
11;2025-11-10;23;204
11;2025-11-11;0;60
11;2025-11-11;1;1
11;2025-11-11;2;0
11;2025-11-11;3;0
11;2025-11-11;4;3
11;2025-11-11;5;295
11;2025-11-11;6;1345
11;2025-11-11;7;2438
11;2025-11-11;8;3130
11;2025-11-11;9;2434
11;2025-11-11;10;1967
11;2025-11-11;11;1913
11;2025-11-11;12;1905
11;2025-11-11;13;1966
11;2025-11-11;14;1983
11;2025-11-11;15;2100
11;2025-11-11;16;2321
11;2025-11-11;17;2823
11;2025-11-11;18;2979
11;2025-11-11;19;2261
11;2025-11-11;20;1483
11;2025-11-11;21;872
11;2025-11-11;22;435
11;2025-11-11;23;219
11;2025-11-12;0;61
11;2025-11-12;1;1
11;2025-11-12;2;0
11;2025-11-12;3;0
11;2025-11-12;4;3
11;2025-11-12;5;294
11;2025-11-12;6;1337
11;2025-11-12;7;2452
11;2025-11-12;8;3147
11;2025-11-12;9;2402
11;2025-11-12;10;1963
11;2025-11-12;11;1906
11;2025-11-12;12;1930
11;2025-11-12;13;1973
11;2025-11-12;14;1972
11;2025-11-12;15;2092
11;2025-11-12;16;2279
11;2025-11-12;17;2816
11;2025-11-12;18;2979
11;2025-11-12;19;2272
11;2025-11-12;20;1483
11;2025-11-12;21;880
11;2025-11-12;22;439
11;2025-11-12;23;231
11;2025-11-13;0;63
11;2025-11-13;1;2
11;2025-11-13;2;0
11;2025-11-13;3;0
11;2025-11-13;4;4
11;2025-11-13;5;293
11;2025-11-13;6;1344
11;2025-11-13;7;2424
11;2025-11-13;8;3093
11;2025-11-13;9;2440
11;2025-11-13;10;1987
11;2025-11-13;11;1928
11;2025-11-13;12;1946
11;2025-11-13;13;2012
11;2025-11-13;14;2006
11;2025-11-13;15;2126
11;2025-11-13;16;2325
11;2025-11-13;17;2814
11;2025-11-13;18;2963
11;2025-11-13;19;2249
11;2025-11-13;20;1468
11;2025-11-13;21;887
11;2025-11-13;22;446
11;2025-11-13;23;234
11;2025-11-14;0;67
11;2025-11-14;1;2
11;2025-11-14;2;0
11;2025-11-14;3;0
11;2025-11-14;4;0
11;2025-11-14;5;289
11;2025-11-14;6;1324
11;2025-11-14;7;2379
11;2025-11-14;8;3018
11;2025-11-14;9;2360
11;2025-11-14;10;1950
11;2025-11-14;11;1934
11;2025-11-14;12;1939
11;2025-11-14;13;2000
11;2025-11-14;14;2026
11;2025-11-14;15;2212
11;2025-11-14;16;2432
11;2025-11-14;17;2759
11;2025-11-14;18;2604
11;2025-11-14;19;2097
11;2025-11-14;20;1434
11;2025-11-14;21;873
11;2025-11-14;22;452
11;2025-11-14;23;259
11;2025-11-15;0;89
11;2025-11-15;1;8
11;2025-11-15;2;1
11;2025-11-15;3;0
11;2025-11-15;4;0
11;2025-11-15;5;188
11;2025-11-15;6;699
11;2025-11-15;7;740
11;2025-11-15;8;962
11;2025-11-15;9;1109
11;2025-11-15;10;1290
11;2025-11-15;11;1514
11;2025-11-15;12;1652
11;2025-11-15;13;1666
11;2025-11-15;14;1735
11;2025-11-15;15;1722
11;2025-11-15;16;1742
11;2025-11-15;17;1744
11;2025-11-15;18;1562
11;2025-11-15;19;1349
11;2025-11-15;20;1053
11;2025-11-15;21;735
11;2025-11-15;22;438
11;2025-11-15;23;295
11;2025-11-16;0;96
11;2025-11-16;1;12
11;2025-11-16;2;0
11;2025-11-16;3;2
11;2025-11-16;4;3
11;2025-11-16;5;140
11;2025-11-16;6;524
11;2025-11-16;7;581
11;2025-11-16;8;750
11;2025-11-16;9;967
11;2025-11-16;10;1120
11;2025-11-16;11;1385
11;2025-11-16;12;1520
11;2025-11-16;13;1523
11;2025-11-16;14;1587
11;2025-11-16;15;1571
11;2025-11-16;16;1554
11;2025-11-16;17;1563
11;2025-11-16;18;1377
11;2025-11-16;19;1144
11;2025-11-16;20;871
11;2025-11-16;21;630
11;2025-11-16;22;366
11;2025-11-16;23;232
11;2025-11-17;0;66
11;2025-11-17;1;4
11;2025-11-17;2;0
11;2025-11-17;3;0
11;2025-11-17;4;2
11;2025-11-17;5;286
11;2025-11-17;6;1318
11;2025-11-17;7;2405
11;2025-11-17;8;3075
11;2025-11-17;9;2369
11;2025-11-17;10;1875
11;2025-11-17;11;1831
11;2025-11-17;12;1811
11;2025-11-17;13;1874
11;2025-11-17;14;1885
11;2025-11-17;15;2031
11;2025-11-17;16;2274
11;2025-11-17;17;2788
11;2025-11-17;18;2965
11;2025-11-17;19;2230
11;2025-11-17;20;1446
11;2025-11-17;21;838
11;2025-11-17;22;416
11;2025-11-17;23;203
11;2025-11-18;0;59
11;2025-11-18;1;3
11;2025-11-18;2;0
11;2025-11-18;3;0
11;2025-11-18;4;1
11;2025-11-18;5;285
11;2025-11-18;6;1318
11;2025-11-18;7;2416
11;2025-11-18;8;3094
11;2025-11-18;9;2369
11;2025-11-18;10;1921
11;2025-11-18;11;1867
11;2025-11-18;12;1853
11;2025-11-18;13;1941
11;2025-11-18;14;1971
11;2025-11-18;15;2094
11;2025-11-18;16;2312
11;2025-11-18;17;2795
11;2025-11-18;18;2943
11;2025-11-18;19;2229
11;2025-11-18;20;1467
11;2025-11-18;21;860
11;2025-11-18;22;431
11;2025-11-18;23;219
11;2025-11-19;0;61
11;2025-11-19;1;1
11;2025-11-19;2;0
11;2025-11-19;3;0
11;2025-11-19;4;4
11;2025-11-19;5;294
11;2025-11-19;6;1335
11;2025-11-19;7;2454
11;2025-11-19;8;3141
11;2025-11-19;9;2392
11;2025-11-19;10;1950
11;2025-11-19;11;1916
11;2025-11-19;12;1941
11;2025-11-19;13;1991
11;2025-11-19;14;2000
11;2025-11-19;15;2130
11;2025-11-19;16;2312
11;2025-11-19;17;2836
11;2025-11-19;18;2991
11;2025-11-19;19;2290
11;2025-11-19;20;1499
11;2025-11-19;21;892
11;2025-11-19;22;446
11;2025-11-19;23;230
11;2025-11-20;0;62
11;2025-11-20;1;1
11;2025-11-20;2;0
11;2025-11-20;3;0
11;2025-11-20;4;4
11;2025-11-20;5;286
11;2025-11-20;6;1339
11;2025-11-20;7;2422
11;2025-11-20;8;3092
11;2025-11-20;9;2438
11;2025-11-20;10;1985
11;2025-11-20;11;1920
11;2025-11-20;12;1946
11;2025-11-20;13;2013
11;2025-11-20;14;2011
11;2025-11-20;15;2131
11;2025-11-20;16;2328
11;2025-11-20;17;2824
11;2025-11-20;18;2988
11;2025-11-20;19;2267
11;2025-11-20;20;1478
11;2025-11-20;21;894
11;2025-11-20;22;450
11;2025-11-20;23;236
11;2025-11-21;0;67
11;2025-11-21;1;2
11;2025-11-21;2;0
11;2025-11-21;3;0
11;2025-11-21;4;3
11;2025-11-21;5;286
11;2025-11-21;6;1319
11;2025-11-21;7;2370
11;2025-11-21;8;3008
11;2025-11-21;9;2350
11;2025-11-21;10;1944
11;2025-11-21;11;1921
11;2025-11-21;12;1934
11;2025-11-21;13;2011
11;2025-11-21;14;2037
11;2025-11-21;15;2220
11;2025-11-21;16;2447
11;2025-11-21;17;2796
11;2025-11-21;18;2642
11;2025-11-21;19;2092
11;2025-11-21;20;1430
11;2025-11-21;21;882
11;2025-11-21;22;459
11;2025-11-21;23;268
11;2025-11-22;0;88
11;2025-11-22;1;7
11;2025-11-22;2;1
11;2025-11-22;3;1
11;2025-11-22;4;2
11;2025-11-22;5;194
11;2025-11-22;6;716
11;2025-11-22;7;773
11;2025-11-22;8;999
11;2025-11-22;9;1153
11;2025-11-22;10;1339
11;2025-11-22;11;1580
11;2025-11-22;12;1717
11;2025-11-22;13;1691
11;2025-11-22;14;1745
11;2025-11-22;15;1720
11;2025-11-22;16;1742
11;2025-11-22;17;1750
11;2025-11-22;18;1560
11;2025-11-22;19;1359
11;2025-11-22;20;1061
11;2025-11-22;21;735
11;2025-11-22;22;432
11;2025-11-22;23;290
11;2025-11-23;0;94
11;2025-11-23;1;12
11;2025-11-23;2;0
11;2025-11-23;3;0
11;2025-11-23;4;0
11;2025-11-23;5;139
11;2025-11-23;6;527
11;2025-11-23;7;579
11;2025-11-23;8;740
11;2025-11-23;9;957
11;2025-11-23;10;1128
11;2025-11-23;11;1385
11;2025-11-23;12;1534
11;2025-11-23;13;1527
11;2025-11-23;14;1590
11;2025-11-23;15;1592
11;2025-11-23;16;1569
11;2025-11-23;17;1570
11;2025-11-23;18;1406
11;2025-11-23;19;1173
11;2025-11-23;20;888
11;2025-11-23;21;633
11;2025-11-23;22;362
11;2025-11-23;23;227
11;2025-11-24;0;65
11;2025-11-24;1;4
11;2025-11-24;2;0
11;2025-11-24;3;0
11;2025-11-24;4;0
11;2025-11-24;5;279
11;2025-11-24;6;1300
11;2025-11-24;7;2377
11;2025-11-24;8;3048
11;2025-11-24;9;2351
11;2025-11-24;10;1887
11;2025-11-24;11;1843
11;2025-11-24;12;1816
11;2025-11-24;13;1902
11;2025-11-24;14;1902
11;2025-11-24;15;2063
11;2025-11-24;16;2281
11;2025-11-24;17;2788
11;2025-11-24;18;2963
11;2025-11-24;19;2228
11;2025-11-24;20;1449
11;2025-11-24;21;837
11;2025-11-24;22;416
11;2025-11-24;23;208
11;2025-11-25;0;59
11;2025-11-25;1;1
11;2025-11-25;2;0
11;2025-11-25;3;0
11;2025-11-25;4;3
11;2025-11-25;5;288
11;2025-11-25;6;1345
11;2025-11-25;7;2437
11;2025-11-25;8;3119
11;2025-11-25;9;2407
11;2025-11-25;10;1929
11;2025-11-25;11;1891
11;2025-11-25;12;1889
11;2025-11-25;13;1962
11;2025-11-25;14;1984
11;2025-11-25;15;2100
11;2025-11-25;16;2322
11;2025-11-25;17;2812
11;2025-11-25;18;2963
11;2025-11-25;19;2261
11;2025-11-25;20;1477
11;2025-11-25;21;866
11;2025-11-25;22;430
11;2025-11-25;23;216
11;2025-11-26;0;61
11;2025-11-26;1;1
11;2025-11-26;2;0
11;2025-11-26;3;0
11;2025-11-26;4;1
11;2025-11-26;5;294
11;2025-11-26;6;1336
11;2025-11-26;7;2423
11;2025-11-26;8;3109
11;2025-11-26;9;2371
11;2025-11-26;10;1956
11;2025-11-26;11;1910
11;2025-11-26;12;1929
11;2025-11-26;13;1955
11;2025-11-26;14;1952
11;2025-11-26;15;2077
11;2025-11-26;16;2263
11;2025-11-26;17;2797
11;2025-11-26;18;2956
11;2025-11-26;19;2269
11;2025-11-26;20;1491
11;2025-11-26;21;884
11;2025-11-26;22;442
11;2025-11-26;23;233
11;2025-11-27;0;63
11;2025-11-27;1;1
11;2025-11-27;2;0
11;2025-11-27;3;0
11;2025-11-27;4;3
11;2025-11-27;5;293
11;2025-11-27;6;1335
11;2025-11-27;7;2418
11;2025-11-27;8;3092
11;2025-11-27;9;2442
11;2025-11-27;10;1984
11;2025-11-27;11;1923
11;2025-11-27;12;1943
11;2025-11-27;13;1996
11;2025-11-27;14;1985
11;2025-11-27;15;2107
11;2025-11-27;16;2306
11;2025-11-27;17;2801
11;2025-11-27;18;2958
11;2025-11-27;19;2231
11;2025-11-27;20;1452
11;2025-11-27;21;879
11;2025-11-27;22;442
11;2025-11-27;23;234
11;2025-11-28;0;67
11;2025-11-28;1;4
11;2025-11-28;2;0
11;2025-11-28;3;0
11;2025-11-28;4;3
11;2025-11-28;5;292
11;2025-11-28;6;1299
11;2025-11-28;7;2372
11;2025-11-28;8;3031
11;2025-11-28;9;2376
11;2025-11-28;10;1955
11;2025-11-28;11;1933
11;2025-11-28;12;1951
11;2025-11-28;13;2013
11;2025-11-28;14;2043
11;2025-11-28;15;2226
11;2025-11-28;16;2452
11;2025-11-28;17;2784
11;2025-11-28;18;2637
11;2025-11-28;19;2085
11;2025-11-28;20;1421
11;2025-11-28;21;876
11;2025-11-28;22;454
11;2025-11-28;23;262
11;2025-11-29;0;88
11;2025-11-29;1;6
11;2025-11-29;2;0
11;2025-11-29;3;0
11;2025-11-29;4;2
11;2025-11-29;5;192
11;2025-11-29;6;697
11;2025-11-29;7;758
11;2025-11-29;8;981
11;2025-11-29;9;1130
11;2025-11-29;10;1316
11;2025-11-29;11;1548
11;2025-11-29;12;1690
11;2025-11-29;13;1655
11;2025-11-29;14;1709
11;2025-11-29;15;1677
11;2025-11-29;16;1702
11;2025-11-29;17;1696
11;2025-11-29;18;1536
11;2025-11-29;19;1341
11;2025-11-29;20;1043
11;2025-11-29;21;732
11;2025-11-29;22;434
11;2025-11-29;23;292
11;2025-11-30;0;94
11;2025-11-30;1;11
11;2025-11-30;2;0
11;2025-11-30;3;0
11;2025-11-30;4;0
11;2025-11-30;5;139
11;2025-11-30;6;524
11;2025-11-30;7;587
11;2025-11-30;8;755
11;2025-11-30;9;976
11;2025-11-30;10;1130
11;2025-11-30;11;1373
11;2025-11-30;12;1506
11;2025-11-30;13;1516
11;2025-11-30;14;1571
11;2025-11-30;15;1571
11;2025-11-30;16;1542
11;2025-11-30;17;1554
11;2025-11-30;18;1383
11;2025-11-30;19;1161
11;2025-11-30;20;886
11;2025-11-30;21;634
11;2025-11-30;22;364
11;2025-11-30;23;227
11;2025-12-01;0;68
11;2025-12-01;1;3
11;2025-12-01;2;0
11;2025-12-01;3;0
11;2025-12-01;4;3
11;2025-12-01;5;296
11;2025-12-01;6;1312
11;2025-12-01;7;2354
11;2025-12-01;8;2995
11;2025-12-01;9;2337
11;2025-12-01;10;1858
11;2025-12-01;11;1816
11;2025-12-01;12;1789
11;2025-12-01;13;1868
11;2025-12-01;14;1878
11;2025-12-01;15;2021
11;2025-12-01;16;2242
11;2025-12-01;17;2764
11;2025-12-01;18;2950
11;2025-12-01;19;2231
11;2025-12-01;20;1451
11;2025-12-01;21;855
11;2025-12-01;22;432
11;2025-12-01;23;213
11;2025-12-02;0;61
11;2025-12-02;1;1
11;2025-12-02;2;0
11;2025-12-02;3;0
11;2025-12-02;4;3
11;2025-12-02;5;299
11;2025-12-02;6;1326
11;2025-12-02;7;2386
11;2025-12-02;8;3048
11;2025-12-02;9;2376
11;2025-12-02;10;1911
11;2025-12-02;11;1871
11;2025-12-02;12;1856
11;2025-12-02;13;1925
11;2025-12-02;14;1939
11;2025-12-02;15;2063
11;2025-12-02;16;2287
11;2025-12-02;17;2795
11;2025-12-02;18;2947
11;2025-12-02;19;2245
11;2025-12-02;20;1485
11;2025-12-02;21;884
11;2025-12-02;22;451
11;2025-12-02;23;228
11;2025-12-03;0;62
11;2025-12-03;1;1
11;2025-12-03;2;0
11;2025-12-03;3;0
11;2025-12-03;4;4
11;2025-12-03;5;304
11;2025-12-03;6;1326
11;2025-12-03;7;2400
11;2025-12-03;8;3061
11;2025-12-03;9;2363
11;2025-12-03;10;1924
11;2025-12-03;11;1877
11;2025-12-03;12;1898
11;2025-12-03;13;1945
11;2025-12-03;14;1950
11;2025-12-03;15;2076
11;2025-12-03;16;2262
11;2025-12-03;17;2795
11;2025-12-03;18;2964
11;2025-12-03;19;2263
11;2025-12-03;20;1501
11;2025-12-03;21;900
11;2025-12-03;22;461
11;2025-12-03;23;242
11;2025-12-04;0;64
11;2025-12-04;1;2
11;2025-12-04;2;0
11;2025-12-04;3;0
11;2025-12-04;4;4
11;2025-12-04;5;296
11;2025-12-04;6;1334
11;2025-12-04;7;2378
11;2025-12-04;8;3021
11;2025-12-04;9;2403
11;2025-12-04;10;1949
11;2025-12-04;11;1883
11;2025-12-04;12;1891
11;2025-12-04;13;1968
11;2025-12-04;14;1964
11;2025-12-04;15;2094
11;2025-12-04;16;2295
11;2025-12-04;17;2800
11;2025-12-04;18;2958
11;2025-12-04;19;2270
11;2025-12-04;20;1492
11;2025-12-04;21;914
11;2025-12-04;22;471
11;2025-12-04;23;248
11;2025-12-05;0;69
11;2025-12-05;1;3
11;2025-12-05;2;0
11;2025-12-05;3;0
11;2025-12-05;4;4
11;2025-12-05;5;298
11;2025-12-05;6;1316
11;2025-12-05;7;2335
11;2025-12-05;8;2948
11;2025-12-05;9;2324
11;2025-12-05;10;1912
11;2025-12-05;11;1890
11;2025-12-05;12;1900
11;2025-12-05;13;1965
11;2025-12-05;14;1995
11;2025-12-05;15;2188
11;2025-12-05;16;2415
11;2025-12-05;17;2774
11;2025-12-05;18;2626
11;2025-12-05;19;2071
11;2025-12-05;20;1432
11;2025-12-05;21;892
11;2025-12-05;22;469
11;2025-12-05;23;267
11;2025-12-06;0;89
11;2025-12-06;1;7
11;2025-12-06;2;0
11;2025-12-06;3;0
11;2025-12-06;4;2
11;2025-12-06;5;191
11;2025-12-06;6;684
11;2025-12-06;7;732
11;2025-12-06;8;929
11;2025-12-06;9;1095
11;2025-12-06;10;1271
11;2025-12-06;11;1515
11;2025-12-06;12;1647
11;2025-12-06;13;1627
11;2025-12-06;14;1685
11;2025-12-06;15;1672
11;2025-12-06;16;1694
11;2025-12-06;17;1690
11;2025-12-06;18;1528
11;2025-12-06;19;1334
11;2025-12-06;20;1047
11;2025-12-06;21;727
11;2025-12-06;22;441
11;2025-12-06;23;291
11;2025-12-07;0;96
11;2025-12-07;1;12
11;2025-12-07;2;0
11;2025-12-07;3;0
11;2025-12-07;4;0
11;2025-12-07;5;139
11;2025-12-07;6;507
11;2025-12-07;7;556
11;2025-12-07;8;706
11;2025-12-07;9;925
11;2025-12-07;10;1074
11;2025-12-07;11;1326
11;2025-12-07;12;1463
11;2025-12-07;13;1466
11;2025-12-07;14;1526
11;2025-12-07;15;1534
11;2025-12-07;16;1522
11;2025-12-07;17;1545
11;2025-12-07;18;1377
11;2025-12-07;19;1166
11;2025-12-07;20;898
11;2025-12-07;21;642
11;2025-12-07;22;376
11;2025-12-07;23;232
11;2025-12-08;0;68
11;2025-12-08;1;3
11;2025-12-08;2;0
11;2025-12-08;3;0
11;2025-12-08;4;2
11;2025-12-08;5;295
11;2025-12-08;6;1314
11;2025-12-08;7;2364
11;2025-12-08;8;3001
11;2025-12-08;9;2345
11;2025-12-08;10;1865
11;2025-12-08;11;1828
11;2025-12-08;12;1805
11;2025-12-08;13;1889
11;2025-12-08;14;1896
11;2025-12-08;15;2045
11;2025-12-08;16;2261
11;2025-12-08;17;2788
11;2025-12-08;18;2961
11;2025-12-08;19;2251
11;2025-12-08;20;1465
11;2025-12-08;21;861
11;2025-12-08;22;438
11;2025-12-08;23;215
11;2025-12-09;0;61
11;2025-12-09;1;2
11;2025-12-09;2;0
11;2025-12-09;3;0
11;2025-12-09;4;4
11;2025-12-09;5;297
11;2025-12-09;6;1336
11;2025-12-09;7;2398
11;2025-12-09;8;3057
11;2025-12-09;9;2384
11;2025-12-09;10;1915
11;2025-12-09;11;1874
11;2025-12-09;12;1867
11;2025-12-09;13;1932
11;2025-12-09;14;1949
11;2025-12-09;15;2074
11;2025-12-09;16;2290
11;2025-12-09;17;2789
11;2025-12-09;18;2942
11;2025-12-09;19;2255
11;2025-12-09;20;1477
11;2025-12-09;21;876
11;2025-12-09;22;448
11;2025-12-09;23;226
11;2025-12-10;0;62
11;2025-12-10;1;1
11;2025-12-10;2;0
11;2025-12-10;3;0
11;2025-12-10;4;5
11;2025-12-10;5;298
11;2025-12-10;6;1323
11;2025-12-10;7;2405
11;2025-12-10;8;3065
11;2025-12-10;9;2362
11;2025-12-10;10;1922
11;2025-12-10;11;1876
11;2025-12-10;12;1899
11;2025-12-10;13;1948
11;2025-12-10;14;1952
11;2025-12-10;15;2079
11;2025-12-10;16;2267
11;2025-12-10;17;2804
11;2025-12-10;18;2962
11;2025-12-10;19;2288
11;2025-12-10;20;1498
11;2025-12-10;21;897
11;2025-12-10;22;457
11;2025-12-10;23;239
11;2025-12-11;0;63
11;2025-12-11;1;2
11;2025-12-11;2;0
11;2025-12-11;3;0
11;2025-12-11;4;4
11;2025-12-11;5;293
11;2025-12-11;6;1326
11;2025-12-11;7;2358
11;2025-12-11;8;2995
11;2025-12-11;9;2386
11;2025-12-11;10;1919
11;2025-12-11;11;1865
11;2025-12-11;12;1881
11;2025-12-11;13;1964
11;2025-12-11;14;1962
11;2025-12-11;15;2093
11;2025-12-11;16;2291
11;2025-12-11;17;2789
11;2025-12-11;18;2935
11;2025-12-11;19;2224
11;2025-12-11;20;1476
11;2025-12-11;21;902
11;2025-12-11;22;465
11;2025-12-11;23;258
11;2025-12-12;0;69
11;2025-12-12;1;3
11;2025-12-12;2;0
11;2025-12-12;3;0
11;2025-12-12;4;3
11;2025-12-12;5;304
11;2025-12-12;6;1305
11;2025-12-12;7;2327
11;2025-12-12;8;2939
11;2025-12-12;9;2319
11;2025-12-12;10;1913
11;2025-12-12;11;1891
11;2025-12-12;12;1903
11;2025-12-12;13;1941
11;2025-12-12;14;1942
11;2025-12-12;15;2122
11;2025-12-12;16;2349
11;2025-12-12;17;2730
11;2025-12-12;18;2589
11;2025-12-12;19;2079
11;2025-12-12;20;1435
11;2025-12-12;21;896
11;2025-12-12;22;477
11;2025-12-12;23;271
11;2025-12-13;0;90
11;2025-12-13;1;7
11;2025-12-13;2;0
11;2025-12-13;3;0
11;2025-12-13;4;1
11;2025-12-13;5;191
11;2025-12-13;6;692
11;2025-12-13;7;735
11;2025-12-13;8;952
11;2025-12-13;9;1113
11;2025-12-13;10;1291
11;2025-12-13;11;1536
11;2025-12-13;12;1670
11;2025-12-13;13;1637
11;2025-12-13;14;1691
11;2025-12-13;15;1675
11;2025-12-13;16;1704
11;2025-12-13;17;1697
11;2025-12-13;18;1540
11;2025-12-13;19;1343
11;2025-12-13;20;1066
11;2025-12-13;21;747
11;2025-12-13;22;452
11;2025-12-13;23;298
11;2025-12-14;0;96
11;2025-12-14;1;12
11;2025-12-14;2;0
11;2025-12-14;3;0
11;2025-12-14;4;1
11;2025-12-14;5;139
11;2025-12-14;6;512
11;2025-12-14;7;555
11;2025-12-14;8;709
11;2025-12-14;9;932
11;2025-12-14;10;1085
11;2025-12-14;11;1344
11;2025-12-14;12;1476
11;2025-12-14;13;1476
11;2025-12-14;14;1530
11;2025-12-14;15;1541
11;2025-12-14;16;1530
11;2025-12-14;17;1546
11;2025-12-14;18;1384
11;2025-12-14;19;1168
11;2025-12-14;20;903
11;2025-12-14;21;658
11;2025-12-14;22;391
11;2025-12-14;23;239
11;2025-12-15;0;68
11;2025-12-15;1;4
11;2025-12-15;2;0
11;2025-12-15;3;0
11;2025-12-15;4;4
11;2025-12-15;5;304
11;2025-12-15;6;1324
11;2025-12-15;7;2379
11;2025-12-15;8;3011
11;2025-12-15;9;2363
11;2025-12-15;10;1884
11;2025-12-15;11;1835
11;2025-12-15;12;1826
11;2025-12-15;13;1901
11;2025-12-15;14;1912
11;2025-12-15;15;2058
11;2025-12-15;16;2278
11;2025-12-15;17;2813
11;2025-12-15;18;2986
11;2025-12-15;19;2269
11;2025-12-15;20;1470
11;2025-12-15;21;866
11;2025-12-15;22;446
11;2025-12-15;23;219
11;2025-12-16;0;62
11;2025-12-16;1;2
11;2025-12-16;2;0
11;2025-12-16;3;0
11;2025-12-16;4;4
11;2025-12-16;5;299
11;2025-12-16;6;1338
11;2025-12-16;7;2400
11;2025-12-16;8;3064
11;2025-12-16;9;2387
11;2025-12-16;10;1896
11;2025-12-16;11;1844
11;2025-12-16;12;1829
11;2025-12-16;13;1918
11;2025-12-16;14;1940
11;2025-12-16;15;2073
11;2025-12-16;16;2291
11;2025-12-16;17;2796
11;2025-12-16;18;2945
11;2025-12-16;19;2249
11;2025-12-16;20;1480
11;2025-12-16;21;879
11;2025-12-16;22;448
11;2025-12-16;23;227
11;2025-12-17;0;62
11;2025-12-17;1;2
11;2025-12-17;2;0
11;2025-12-17;3;0
11;2025-12-17;4;5
11;2025-12-17;5;310
11;2025-12-17;6;1319
11;2025-12-17;7;2400
11;2025-12-17;8;3064
11;2025-12-17;9;2367
11;2025-12-17;10;1932
11;2025-12-17;11;1894
11;2025-12-17;12;1918
11;2025-12-17;13;1969
11;2025-12-17;14;1977
11;2025-12-17;15;2104
11;2025-12-17;16;2284
11;2025-12-17;17;2819
11;2025-12-17;18;2972
11;2025-12-17;19;2290
11;2025-12-17;20;1503
11;2025-12-17;21;901
11;2025-12-17;22;462
11;2025-12-17;23;241
11;2025-12-18;0;64
11;2025-12-18;1;2
11;2025-12-18;2;0
11;2025-12-18;3;0
11;2025-12-18;4;4
11;2025-12-18;5;294
11;2025-12-18;6;1314
11;2025-12-18;7;2371
11;2025-12-18;8;3019
11;2025-12-18;9;2396
11;2025-12-18;10;1950
11;2025-12-18;11;1889
11;2025-12-18;12;1907
11;2025-12-18;13;1983
11;2025-12-18;14;1976
11;2025-12-18;15;2109
11;2025-12-18;16;2310
11;2025-12-18;17;2812
11;2025-12-18;18;2965
11;2025-12-18;19;2269
11;2025-12-18;20;1490
11;2025-12-18;21;912
11;2025-12-18;22;467
11;2025-12-18;23;248
11;2025-12-19;0;69
11;2025-12-19;1;4
11;2025-12-19;2;0
11;2025-12-19;3;0
11;2025-12-19;4;4
11;2025-12-19;5;298
11;2025-12-19;6;1301
11;2025-12-19;7;2339
11;2025-12-19;8;2961
11;2025-12-19;9;2344
11;2025-12-19;10;1931
11;2025-12-19;11;1901
11;2025-12-19;12;1909
11;2025-12-19;13;1977
11;2025-12-19;14;2011
11;2025-12-19;15;2204
11;2025-12-19;16;2423
11;2025-12-19;17;2778
11;2025-12-19;18;2631
11;2025-12-19;19;2092
11;2025-12-19;20;1434
11;2025-12-19;21;894
11;2025-12-19;22;474
11;2025-12-19;23;268
11;2025-12-20;0;89
11;2025-12-20;1;7
11;2025-12-20;2;0
11;2025-12-20;3;0
11;2025-12-20;4;3
11;2025-12-20;5;190
11;2025-12-20;6;687
11;2025-12-20;7;734
11;2025-12-20;8;938
11;2025-12-20;9;1098
11;2025-12-20;10;1276
11;2025-12-20;11;1514
11;2025-12-20;12;1648
11;2025-12-20;13;1623
11;2025-12-20;14;1681
11;2025-12-20;15;1668
11;2025-12-20;16;1688
11;2025-12-20;17;1678
11;2025-12-20;18;1509
11;2025-12-20;19;1327
11;2025-12-20;20;1046
11;2025-12-20;21;728
11;2025-12-20;22;440
11;2025-12-20;23;292
11;2025-12-21;0;96
11;2025-12-21;1;12
11;2025-12-21;2;0
11;2025-12-21;3;0
11;2025-12-21;4;0
11;2025-12-21;5;137
11;2025-12-21;6;486
11;2025-12-21;7;541
11;2025-12-21;8;703
11;2025-12-21;9;934
11;2025-12-21;10;1084
11;2025-12-21;11;1338
11;2025-12-21;12;1467
11;2025-12-21;13;1467
11;2025-12-21;14;1529
11;2025-12-21;15;1541
11;2025-12-21;16;1524
11;2025-12-21;17;1544
11;2025-12-21;18;1371
11;2025-12-21;19;1157
11;2025-12-21;20;894
11;2025-12-21;21;647
11;2025-12-21;22;380
11;2025-12-21;23;237
11;2025-12-22;0;69
11;2025-12-22;1;6
11;2025-12-22;2;2
11;2025-12-22;3;2
11;2025-12-22;4;5
11;2025-12-22;5;297
11;2025-12-22;6;1302
11;2025-12-22;7;2367
11;2025-12-22;8;3008
11;2025-12-22;9;2352
11;2025-12-22;10;1876
11;2025-12-22;11;1835
11;2025-12-22;12;1811
11;2025-12-22;13;1885
11;2025-12-22;14;1889
11;2025-12-22;15;2037
11;2025-12-22;16;2257
11;2025-12-22;17;2791
11;2025-12-22;18;2971
11;2025-12-22;19;2257
11;2025-12-22;20;1472
11;2025-12-22;21;871
11;2025-12-22;22;447
11;2025-12-22;23;220
11;2025-12-23;0;61
11;2025-12-23;1;2
11;2025-12-23;2;0
11;2025-12-23;3;0
11;2025-12-23;4;4
11;2025-12-23;5;304
11;2025-12-23;6;1341
11;2025-12-23;7;2404
11;2025-12-23;8;3069
11;2025-12-23;9;2393
11;2025-12-23;10;1922
11;2025-12-23;11;1876
11;2025-12-23;12;1870
11;2025-12-23;13;1933
11;2025-12-23;14;1948
11;2025-12-23;15;2059
11;2025-12-23;16;2284
11;2025-12-23;17;2779
11;2025-12-23;18;2937
11;2025-12-23;19;2251
11;2025-12-23;20;1484
11;2025-12-23;21;887
11;2025-12-23;22;455
11;2025-12-23;23;230
11;2025-12-24;0;62
11;2025-12-24;1;1
11;2025-12-24;2;0
11;2025-12-24;3;0
11;2025-12-24;4;5
11;2025-12-24;5;311
11;2025-12-24;6;1341
11;2025-12-24;7;2419
11;2025-12-24;8;3085
11;2025-12-24;9;2376
11;2025-12-24;10;1933
11;2025-12-24;11;1878
11;2025-12-24;12;1906
11;2025-12-24;13;1943
11;2025-12-24;14;1945
11;2025-12-24;15;2070
11;2025-12-24;16;2256
11;2025-12-24;17;2806
11;2025-12-24;18;2969
11;2025-12-24;19;2290
11;2025-12-24;20;1489
11;2025-12-24;21;894
11;2025-12-24;22;454
11;2025-12-24;23;235
11;2025-12-25;0;64
11;2025-12-25;1;2
11;2025-12-25;2;0
11;2025-12-25;3;0
11;2025-12-25;4;5
11;2025-12-25;5;293
11;2025-12-25;6;1330
11;2025-12-25;7;2361
11;2025-12-25;8;3021
11;2025-12-25;9;2396
11;2025-12-25;10;1946
11;2025-12-25;11;1891
11;2025-12-25;12;1904
11;2025-12-25;13;1971
11;2025-12-25;14;1964
11;2025-12-25;15;2099
11;2025-12-25;16;2278
11;2025-12-25;17;2781
11;2025-12-25;18;2936
11;2025-12-25;19;2243
11;2025-12-25;20;1481
11;2025-12-25;21;894
11;2025-12-25;22;463
11;2025-12-25;23;243
11;2025-12-26;0;68
11;2025-12-26;1;4
11;2025-12-26;2;0
11;2025-12-26;3;0
11;2025-12-26;4;0
11;2025-12-26;5;290
11;2025-12-26;6;1293
11;2025-12-26;7;2315
11;2025-12-26;8;2935
11;2025-12-26;9;2313
11;2025-12-26;10;1889
11;2025-12-26;11;1867
11;2025-12-26;12;1878
11;2025-12-26;13;1971
11;2025-12-26;14;1993
11;2025-12-26;15;2187
11;2025-12-26;16;2397
11;2025-12-26;17;2744
11;2025-12-26;18;2602
11;2025-12-26;19;2068
11;2025-12-26;20;1421
11;2025-12-26;21;881
11;2025-12-26;22;470
11;2025-12-26;23;265
11;2025-12-27;0;95
11;2025-12-27;1;12
11;2025-12-27;2;4
11;2025-12-27;3;4
11;2025-12-27;4;6
11;2025-12-27;5;195
11;2025-12-27;6;681
11;2025-12-27;7;724
11;2025-12-27;8;926
11;2025-12-27;9;1089
11;2025-12-27;10;1265
11;2025-12-27;11;1512
11;2025-12-27;12;1644
11;2025-12-27;13;1622
11;2025-12-27;14;1681
11;2025-12-27;15;1682
11;2025-12-27;16;1708
11;2025-12-27;17;1690
11;2025-12-27;18;1528
11;2025-12-27;19;1332
11;2025-12-27;20;1047
11;2025-12-27;21;733
11;2025-12-27;22;446
11;2025-12-27;23;297
11;2025-12-28;0;97
11;2025-12-28;1;14
11;2025-12-28;2;1
11;2025-12-28;3;1
11;2025-12-28;4;1
11;2025-12-28;5;136
11;2025-12-28;6;497
11;2025-12-28;7;537
11;2025-12-28;8;669
11;2025-12-28;9;885
11;2025-12-28;10;1050
11;2025-12-28;11;1299
11;2025-12-28;12;1430
11;2025-12-28;13;1432
11;2025-12-28;14;1494
11;2025-12-28;15;1506
11;2025-12-28;16;1487
11;2025-12-28;17;1499
11;2025-12-28;18;1347
11;2025-12-28;19;1150
11;2025-12-28;20;881
11;2025-12-28;21;639
11;2025-12-28;22;377
11;2025-12-28;23;237
11;2025-12-29;0;69
11;2025-12-29;1;5
11;2025-12-29;2;1
11;2025-12-29;3;1
11;2025-12-29;4;4
11;2025-12-29;5;290
11;2025-12-29;6;1302
11;2025-12-29;7;2341
11;2025-12-29;8;2986
11;2025-12-29;9;2329
11;2025-12-29;10;1856
11;2025-12-29;11;1821
11;2025-12-29;12;1803
11;2025-12-29;13;1875
11;2025-12-29;14;1882
11;2025-12-29;15;2028
11;2025-12-29;16;2243
11;2025-12-29;17;2764
11;2025-12-29;18;2942
11;2025-12-29;19;2235
11;2025-12-29;20;1454
11;2025-12-29;21;855
11;2025-12-29;22;433
11;2025-12-29;23;219
11;2025-12-30;0;62
11;2025-12-30;1;2
11;2025-12-30;2;0
11;2025-12-30;3;0
11;2025-12-30;4;3
11;2025-12-30;5;294
11;2025-12-30;6;1329
11;2025-12-30;7;2379
11;2025-12-30;8;3041
11;2025-12-30;9;2359
11;2025-12-30;10;1876
11;2025-12-30;11;1843
11;2025-12-30;12;1832
11;2025-12-30;13;1890
11;2025-12-30;14;1902
11;2025-12-30;15;2027
11;2025-12-30;16;2239
11;2025-12-30;17;2747
11;2025-12-30;18;2906
11;2025-12-30;19;2231
11;2025-12-30;20;1465
11;2025-12-30;21;869
11;2025-12-30;22;443
11;2025-12-30;23;226
11;2025-12-31;0;64
11;2025-12-31;1;1
11;2025-12-31;2;0
11;2025-12-31;3;0
11;2025-12-31;4;1
11;2025-12-31;5;155
11;2025-12-31;6;595
11;2025-12-31;7;754
11;2025-12-31;8;923
11;2025-12-31;9;977
11;2025-12-31;10;944
11;2025-12-31;11;1103
11;2025-12-31;12;1167
11;2025-12-31;13;1187
11;2025-12-31;14;1261
11;2025-12-31;15;1318
11;2025-12-31;16;1343
11;2025-12-31;17;1434
11;2025-12-31;18;1465
11;2025-12-31;19;1195
11;2025-12-31;20;932
11;2025-12-31;21;620
11;2025-12-31;22;336
11;2025-12-31;23;208
12;2025-11-01;0;117
12;2025-11-01;1;9
12;2025-11-01;2;0
12;2025-11-01;3;0
12;2025-11-01;4;10
12;2025-11-01;5;415
12;2025-11-01;6;1361
12;2025-11-01;7;2086
12;2025-11-01;8;2411
12;2025-11-01;9;2089
12;2025-11-01;10;2087
12;2025-11-01;11;2168
12;2025-11-01;12;2141
12;2025-11-01;13;2258
12;2025-11-01;14;2197
12;2025-11-01;15;2344
12;2025-11-01;16;2522
12;2025-11-01;17;2600
12;2025-11-01;18;2610
12;2025-11-01;19;2082
12;2025-11-01;20;1622
12;2025-11-01;21;1192
12;2025-11-01;22;742
12;2025-11-01;23;486
12;2025-11-02;0;79
12;2025-11-02;1;7
12;2025-11-02;2;1
12;2025-11-02;3;1
12;2025-11-02;4;2
12;2025-11-02;5;160
12;2025-11-02;6;495
12;2025-11-02;7;564
12;2025-11-02;8;647
12;2025-11-02;9;836
12;2025-11-02;10;1010
12;2025-11-02;11;1153
12;2025-11-02;12;1238
12;2025-11-02;13;1353
12;2025-11-02;14;1322
12;2025-11-02;15;1255
12;2025-11-02;16;1300
12;2025-11-02;17;1306
12;2025-11-02;18;1190
12;2025-11-02;19;984
12;2025-11-02;20;696
12;2025-11-02;21;541
12;2025-11-02;22;336
12;2025-11-02;23;193
12;2025-11-03;0;67
12;2025-11-03;1;6
12;2025-11-03;2;1
12;2025-11-03;3;0
12;2025-11-03;4;1
12;2025-11-03;5;197
12;2025-11-03;6;735
12;2025-11-03;7;1036
12;2025-11-03;8;1191
12;2025-11-03;9;1126
12;2025-11-03;10;1094
12;2025-11-03;11;1165
12;2025-11-03;12;1220
12;2025-11-03;13;1284
12;2025-11-03;14;1273
12;2025-11-03;15;1335
12;2025-11-03;16;1413
12;2025-11-03;17;1521
12;2025-11-03;18;1542
12;2025-11-03;19;1274
12;2025-11-03;20;914
12;2025-11-03;21;603
12;2025-11-03;22;347
12;2025-11-03;23;211
12;2025-11-04;0;68
12;2025-11-04;1;7
12;2025-11-04;2;3
12;2025-11-04;3;0
12;2025-11-04;4;1
12;2025-11-04;5;151
12;2025-11-04;6;623
12;2025-11-04;7;890
12;2025-11-04;8;1027
12;2025-11-04;9;958
12;2025-11-04;10;927
12;2025-11-04;11;988
12;2025-11-04;12;1110
12;2025-11-04;13;1226
12;2025-11-04;14;1202
12;2025-11-04;15;1198
12;2025-11-04;16;1393
12;2025-11-04;17;1416
12;2025-11-04;18;1455
12;2025-11-04;19;1218
12;2025-11-04;20;788
12;2025-11-04;21;612
12;2025-11-04;22;316
12;2025-11-04;23;188
12;2025-11-05;0;55
12;2025-11-05;1;2
12;2025-11-05;2;0
12;2025-11-05;3;0
12;2025-11-05;4;9
12;2025-11-05;5;360
12;2025-11-05;6;1435
12;2025-11-05;7;2662
12;2025-11-05;8;3328
12;2025-11-05;9;2489
12;2025-11-05;10;2061
12;2025-11-05;11;1994
12;2025-11-05;12;2010
12;2025-11-05;13;2007
12;2025-11-05;14;2019
12;2025-11-05;15;2235
12;2025-11-05;16;2609
12;2025-11-05;17;2944
12;2025-11-05;18;3070
12;2025-11-05;19;2418
12;2025-11-05;20;1531
12;2025-11-05;21;966
12;2025-11-05;22;492
12;2025-11-05;23;261
12;2025-11-06;0;52
12;2025-11-06;1;2
12;2025-11-06;2;0
12;2025-11-06;3;1
12;2025-11-06;4;10
12;2025-11-06;5;357
12;2025-11-06;6;1409
12;2025-11-06;7;2661
12;2025-11-06;8;3329
12;2025-11-06;9;2457
12;2025-11-06;10;2029
12;2025-11-06;11;1973
12;2025-11-06;12;1984
12;2025-11-06;13;2009
12;2025-11-06;14;2019
12;2025-11-06;15;2249
12;2025-11-06;16;2618
12;2025-11-06;17;2977
12;2025-11-06;18;3075
12;2025-11-06;19;2399
12;2025-11-06;20;1545
12;2025-11-06;21;949
12;2025-11-06;22;489
12;2025-11-06;23;265
12;2025-11-07;0;57
12;2025-11-07;1;2
12;2025-11-07;2;0
12;2025-11-07;3;0
12;2025-11-07;4;9
12;2025-11-07;5;353
12;2025-11-07;6;1413
12;2025-11-07;7;2620
12;2025-11-07;8;3228
12;2025-11-07;9;2406
12;2025-11-07;10;1999
12;2025-11-07;11;1990
12;2025-11-07;12;1985
12;2025-11-07;13;2023
12;2025-11-07;14;2047
12;2025-11-07;15;2326
12;2025-11-07;16;2707
12;2025-11-07;17;2892
12;2025-11-07;18;2736
12;2025-11-07;19;2246
12;2025-11-07;20;1475
12;2025-11-07;21;964
12;2025-11-07;22;506
12;2025-11-07;23;287
12;2025-11-08;0;79
12;2025-11-08;1;7
12;2025-11-08;2;2
12;2025-11-08;3;1
12;2025-11-08;4;3
12;2025-11-08;5;243
12;2025-11-08;6;755
12;2025-11-08;7;895
12;2025-11-08;8;1010
12;2025-11-08;9;1134
12;2025-11-08;10;1309
12;2025-11-08;11;1391
12;2025-11-08;12;1453
12;2025-11-08;13;1560
12;2025-11-08;14;1553
12;2025-11-08;15;1470
12;2025-11-08;16;1541
12;2025-11-08;17;1508
12;2025-11-08;18;1448
12;2025-11-08;19;1302
12;2025-11-08;20;959
12;2025-11-08;21;670
12;2025-11-08;22;415
12;2025-11-08;23;269
12;2025-11-09;0;80
12;2025-11-09;1;6
12;2025-11-09;2;0
12;2025-11-09;3;0
12;2025-11-09;4;2
12;2025-11-09;5;187
12;2025-11-09;6;566
12;2025-11-09;7;687
12;2025-11-09;8;786
12;2025-11-09;9;960
12;2025-11-09;10;1111
12;2025-11-09;11;1227
12;2025-11-09;12;1326
12;2025-11-09;13;1433
12;2025-11-09;14;1407
12;2025-11-09;15;1339
12;2025-11-09;16;1418
12;2025-11-09;17;1435
12;2025-11-09;18;1306
12;2025-11-09;19;1069
12;2025-11-09;20;787
12;2025-11-09;21;583
12;2025-11-09;22;365
12;2025-11-09;23;211
12;2025-11-10;0;56
12;2025-11-10;1;2
12;2025-11-10;2;0
12;2025-11-10;3;0
12;2025-11-10;4;6
12;2025-11-10;5;350
12;2025-11-10;6;1390
12;2025-11-10;7;2641
12;2025-11-10;8;3329
12;2025-11-10;9;2454
12;2025-11-10;10;2013
12;2025-11-10;11;1962
12;2025-11-10;12;1996
12;2025-11-10;13;2008
12;2025-11-10;14;2003
12;2025-11-10;15;2244
12;2025-11-10;16;2608
12;2025-11-10;17;2993
12;2025-11-10;18;3113
12;2025-11-10;19;2384
12;2025-11-10;20;1507
12;2025-11-10;21;926
12;2025-11-10;22;461
12;2025-11-10;23;236
12;2025-11-11;0;50
12;2025-11-11;1;2
12;2025-11-11;2;0
12;2025-11-11;3;0
12;2025-11-11;4;8
12;2025-11-11;5;361
12;2025-11-11;6;1426
12;2025-11-11;7;2708
12;2025-11-11;8;3411
12;2025-11-11;9;2540
12;2025-11-11;10;2099
12;2025-11-11;11;2053
12;2025-11-11;12;2045
12;2025-11-11;13;2072
12;2025-11-11;14;2056
12;2025-11-11;15;2301
12;2025-11-11;16;2670
12;2025-11-11;17;3048
12;2025-11-11;18;3148
12;2025-11-11;19;2433
12;2025-11-11;20;1531
12;2025-11-11;21;952
12;2025-11-11;22;495
12;2025-11-11;23;253
12;2025-11-12;0;54
12;2025-11-12;1;2
12;2025-11-12;2;0
12;2025-11-12;3;0
12;2025-11-12;4;8
12;2025-11-12;5;358
12;2025-11-12;6;1441
12;2025-11-12;7;2698
12;2025-11-12;8;3386
12;2025-11-12;9;2539
12;2025-11-12;10;2109
12;2025-11-12;11;2034
12;2025-11-12;12;2058
12;2025-11-12;13;2055
12;2025-11-12;14;2069
12;2025-11-12;15;2285
12;2025-11-12;16;2668
12;2025-11-12;17;3028
12;2025-11-12;18;3138
12;2025-11-12;19;2428
12;2025-11-12;20;1534
12;2025-11-12;21;975
12;2025-11-12;22;500
12;2025-11-12;23;264
12;2025-11-13;0;53
12;2025-11-13;1;2
12;2025-11-13;2;0
12;2025-11-13;3;1
12;2025-11-13;4;10
12;2025-11-13;5;363
12;2025-11-13;6;1424
12;2025-11-13;7;2699
12;2025-11-13;8;3391
12;2025-11-13;9;2521
12;2025-11-13;10;2094
12;2025-11-13;11;2050
12;2025-11-13;12;2057
12;2025-11-13;13;2069
12;2025-11-13;14;2075
12;2025-11-13;15;2311
12;2025-11-13;16;2677
12;2025-11-13;17;3058
12;2025-11-13;18;3140
12;2025-11-13;19;2413
12;2025-11-13;20;1551
12;2025-11-13;21;957
12;2025-11-13;22;495
12;2025-11-13;23;265
12;2025-11-14;0;56
12;2025-11-14;1;2
12;2025-11-14;2;0
12;2025-11-14;3;0
12;2025-11-14;4;6
12;2025-11-14;5;352
12;2025-11-14;6;1409
12;2025-11-14;7;2652
12;2025-11-14;8;3300
12;2025-11-14;9;2470
12;2025-11-14;10;2058
12;2025-11-14;11;2047
12;2025-11-14;12;2018
12;2025-11-14;13;2056
12;2025-11-14;14;2081
12;2025-11-14;15;2364
12;2025-11-14;16;2751
12;2025-11-14;17;2938
12;2025-11-14;18;2765
12;2025-11-14;19;2259
12;2025-11-14;20;1484
12;2025-11-14;21;970
12;2025-11-14;22;506
12;2025-11-14;23;283
12;2025-11-15;0;79
12;2025-11-15;1;5
12;2025-11-15;2;1
12;2025-11-15;3;0
12;2025-11-15;4;1
12;2025-11-15;5;232
12;2025-11-15;6;735
12;2025-11-15;7;888
12;2025-11-15;8;1017
12;2025-11-15;9;1140
12;2025-11-15;10;1331
12;2025-11-15;11;1394
12;2025-11-15;12;1452
12;2025-11-15;13;1591
12;2025-11-15;14;1599
12;2025-11-15;15;1521
12;2025-11-15;16;1586
12;2025-11-15;17;1546
12;2025-11-15;18;1467
12;2025-11-15;19;1277
12;2025-11-15;20;954
12;2025-11-15;21;675
12;2025-11-15;22;418
12;2025-11-15;23;268
12;2025-11-16;0;82
12;2025-11-16;1;6
12;2025-11-16;2;0
12;2025-11-16;3;2
12;2025-11-16;4;4
12;2025-11-16;5;184
12;2025-11-16;6;551
12;2025-11-16;7;680
12;2025-11-16;8;797
12;2025-11-16;9;977
12;2025-11-16;10;1149
12;2025-11-16;11;1289
12;2025-11-16;12;1379
12;2025-11-16;13;1495
12;2025-11-16;14;1479
12;2025-11-16;15;1395
12;2025-11-16;16;1461
12;2025-11-16;17;1452
12;2025-11-16;18;1309
12;2025-11-16;19;1060
12;2025-11-16;20;776
12;2025-11-16;21;583
12;2025-11-16;22;369
12;2025-11-16;23;216
12;2025-11-17;0;57
12;2025-11-17;1;3
12;2025-11-17;2;0
12;2025-11-17;3;0
12;2025-11-17;4;7
12;2025-11-17;5;346
12;2025-11-17;6;1387
12;2025-11-17;7;2642
12;2025-11-17;8;3329
12;2025-11-17;9;2451
12;2025-11-17;10;2006
12;2025-11-17;11;1948
12;2025-11-17;12;1978
12;2025-11-17;13;1977
12;2025-11-17;14;1971
12;2025-11-17;15;2224
12;2025-11-17;16;2595
12;2025-11-17;17;3004
12;2025-11-17;18;3116
12;2025-11-17;19;2370
12;2025-11-17;20;1501
12;2025-11-17;21;919
12;2025-11-17;22;457
12;2025-11-17;23;235
12;2025-11-18;0;50
12;2025-11-18;1;3
12;2025-11-18;2;0
12;2025-11-18;3;0
12;2025-11-18;4;8
12;2025-11-18;5;352
12;2025-11-18;6;1399
12;2025-11-18;7;2692
12;2025-11-18;8;3373
12;2025-11-18;9;2488
12;2025-11-18;10;2078
12;2025-11-18;11;2015
12;2025-11-18;12;2007
12;2025-11-18;13;2033
12;2025-11-18;14;2036
12;2025-11-18;15;2284
12;2025-11-18;16;2664
12;2025-11-18;17;3034
12;2025-11-18;18;3130
12;2025-11-18;19;2407
12;2025-11-18;20;1515
12;2025-11-18;21;939
12;2025-11-18;22;487
12;2025-11-18;23;251
12;2025-11-19;0;54
12;2025-11-19;1;2
12;2025-11-19;2;0
12;2025-11-19;3;0
12;2025-11-19;4;8
12;2025-11-19;5;357
12;2025-11-19;6;1434
12;2025-11-19;7;2692
12;2025-11-19;8;3374
12;2025-11-19;9;2538
12;2025-11-19;10;2106
12;2025-11-19;11;2037
12;2025-11-19;12;2060
12;2025-11-19;13;2068
12;2025-11-19;14;2083
12;2025-11-19;15;2310
12;2025-11-19;16;2686
12;2025-11-19;17;3041
12;2025-11-19;18;3151
12;2025-11-19;19;2433
12;2025-11-19;20;1544
12;2025-11-19;21;984
12;2025-11-19;22;504
12;2025-11-19;23;263
12;2025-11-20;0;52
12;2025-11-20;1;2
12;2025-11-20;2;0
12;2025-11-20;3;1
12;2025-11-20;4;10
12;2025-11-20;5;359
12;2025-11-20;6;1422
12;2025-11-20;7;2692
12;2025-11-20;8;3386
12;2025-11-20;9;2518
12;2025-11-20;10;2090
12;2025-11-20;11;2046
12;2025-11-20;12;2059
12;2025-11-20;13;2072
12;2025-11-20;14;2088
12;2025-11-20;15;2328
12;2025-11-20;16;2697
12;2025-11-20;17;3060
12;2025-11-20;18;3158
12;2025-11-20;19;2428
12;2025-11-20;20;1556
12;2025-11-20;21;963
12;2025-11-20;22;499
12;2025-11-20;23;263
12;2025-11-21;0;57
12;2025-11-21;1;2
12;2025-11-21;2;0
12;2025-11-21;3;1
12;2025-11-21;4;9
12;2025-11-21;5;350
12;2025-11-21;6;1408
12;2025-11-21;7;2647
12;2025-11-21;8;3296
12;2025-11-21;9;2460
12;2025-11-21;10;2052
12;2025-11-21;11;2044
12;2025-11-21;12;2028
12;2025-11-21;13;2074
12;2025-11-21;14;2098
12;2025-11-21;15;2379
12;2025-11-21;16;2771
12;2025-11-21;17;2971
12;2025-11-21;18;2800
12;2025-11-21;19;2266
12;2025-11-21;20;1489
12;2025-11-21;21;975
12;2025-11-21;22;513
12;2025-11-21;23;290
12;2025-11-22;0;76
12;2025-11-22;1;5
12;2025-11-22;2;0
12;2025-11-22;3;0
12;2025-11-22;4;3
12;2025-11-22;5;242
12;2025-11-22;6;759
12;2025-11-22;7;910
12;2025-11-22;8;1044
12;2025-11-22;9;1171
12;2025-11-22;10;1364
12;2025-11-22;11;1447
12;2025-11-22;12;1506
12;2025-11-22;13;1615
12;2025-11-22;14;1613
12;2025-11-22;15;1530
12;2025-11-22;16;1597
12;2025-11-22;17;1554
12;2025-11-22;18;1478
12;2025-11-22;19;1289
12;2025-11-22;20;959
12;2025-11-22;21;671
12;2025-11-22;22;417
12;2025-11-22;23;266
12;2025-11-23;0;79
12;2025-11-23;1;6
12;2025-11-23;2;0
12;2025-11-23;3;0
12;2025-11-23;4;2
12;2025-11-23;5;183
12;2025-11-23;6;556
12;2025-11-23;7;677
12;2025-11-23;8;790
12;2025-11-23;9;979
12;2025-11-23;10;1154
12;2025-11-23;11;1282
12;2025-11-23;12;1384
12;2025-11-23;13;1499
12;2025-11-23;14;1478
12;2025-11-23;15;1411
12;2025-11-23;16;1472
12;2025-11-23;17;1458
12;2025-11-23;18;1319
12;2025-11-23;19;1076
12;2025-11-23;20;792
12;2025-11-23;21;588
12;2025-11-23;22;367
12;2025-11-23;23;212
12;2025-11-24;0;55
12;2025-11-24;1;4
12;2025-11-24;2;0
12;2025-11-24;3;0
12;2025-11-24;4;6
12;2025-11-24;5;346
12;2025-11-24;6;1375
12;2025-11-24;7;2630
12;2025-11-24;8;3320
12;2025-11-24;9;2453
12;2025-11-24;10;2018
12;2025-11-24;11;1961
12;2025-11-24;12;1994
12;2025-11-24;13;2005
12;2025-11-24;14;1997
12;2025-11-24;15;2248
12;2025-11-24;16;2614
12;2025-11-24;17;3005
12;2025-11-24;18;3115
12;2025-11-24;19;2371
12;2025-11-24;20;1502
12;2025-11-24;21;915
12;2025-11-24;22;456
12;2025-11-24;23;237
12;2025-11-25;0;49
12;2025-11-25;1;2
12;2025-11-25;2;0
12;2025-11-25;3;0
12;2025-11-25;4;8
12;2025-11-25;5;356
12;2025-11-25;6;1424
12;2025-11-25;7;2700
12;2025-11-25;8;3396
12;2025-11-25;9;2520
12;2025-11-25;10;2086
12;2025-11-25;11;2039
12;2025-11-25;12;2028
12;2025-11-25;13;2063
12;2025-11-25;14;2056
12;2025-11-25;15;2298
12;2025-11-25;16;2668
12;2025-11-25;17;3047
12;2025-11-25;18;3148
12;2025-11-25;19;2428
12;2025-11-25;20;1528
12;2025-11-25;21;946
12;2025-11-25;22;491
12;2025-11-25;23;250
12;2025-11-26;0;54
12;2025-11-26;1;2
12;2025-11-26;2;0
12;2025-11-26;3;0
12;2025-11-26;4;8
12;2025-11-26;5;362
12;2025-11-26;6;1438
12;2025-11-26;7;2687
12;2025-11-26;8;3365
12;2025-11-26;9;2534
12;2025-11-26;10;2116
12;2025-11-26;11;2042
12;2025-11-26;12;2063
12;2025-11-26;13;2055
12;2025-11-26;14;2065
12;2025-11-26;15;2285
12;2025-11-26;16;2657
12;2025-11-26;17;3019
12;2025-11-26;18;3131
12;2025-11-26;19;2421
12;2025-11-26;20;1541
12;2025-11-26;21;978
12;2025-11-26;22;504
12;2025-11-26;23;267
12;2025-11-27;0;52
12;2025-11-27;1;2
12;2025-11-27;2;0
12;2025-11-27;3;1
12;2025-11-27;4;9
12;2025-11-27;5;365
12;2025-11-27;6;1423
12;2025-11-27;7;2698
12;2025-11-27;8;3394
12;2025-11-27;9;2524
12;2025-11-27;10;2095
12;2025-11-27;11;2050
12;2025-11-27;12;2058
12;2025-11-27;13;2062
12;2025-11-27;14;2071
12;2025-11-27;15;2309
12;2025-11-27;16;2679
12;2025-11-27;17;3057
12;2025-11-27;18;3148
12;2025-11-27;19;2408
12;2025-11-27;20;1545
12;2025-11-27;21;950
12;2025-11-27;22;489
12;2025-11-27;23;264
12;2025-11-28;0;55
12;2025-11-28;1;3
12;2025-11-28;2;0
12;2025-11-28;3;1
12;2025-11-28;4;9
12;2025-11-28;5;355
12;2025-11-28;6;1400
12;2025-11-28;7;2650
12;2025-11-28;8;3308
12;2025-11-28;9;2484
12;2025-11-28;10;2068
12;2025-11-28;11;2055
12;2025-11-28;12;2041
12;2025-11-28;13;2077
12;2025-11-28;14;2109
12;2025-11-28;15;2389
12;2025-11-28;16;2779
12;2025-11-28;17;2960
12;2025-11-28;18;2797
12;2025-11-28;19;2258
12;2025-11-28;20;1481
12;2025-11-28;21;972
12;2025-11-28;22;508
12;2025-11-28;23;284
12;2025-11-29;0;76
12;2025-11-29;1;4
12;2025-11-29;2;0
12;2025-11-29;3;0
12;2025-11-29;4;2
12;2025-11-29;5;236
12;2025-11-29;6;754
12;2025-11-29;7;896
12;2025-11-29;8;1026
12;2025-11-29;9;1150
12;2025-11-29;10;1344
12;2025-11-29;11;1421
12;2025-11-29;12;1480
12;2025-11-29;13;1582
12;2025-11-29;14;1577
12;2025-11-29;15;1489
12;2025-11-29;16;1556
12;2025-11-29;17;1514
12;2025-11-29;18;1455
12;2025-11-29;19;1267
12;2025-11-29;20;941
12;2025-11-29;21;669
12;2025-11-29;22;414
12;2025-11-29;23;267
12;2025-11-30;0;80
12;2025-11-30;1;6
12;2025-11-30;2;0
12;2025-11-30;3;0
12;2025-11-30;4;1
12;2025-11-30;5;181
12;2025-11-30;6;553
12;2025-11-30;7;680
12;2025-11-30;8;808
12;2025-11-30;9;987
12;2025-11-30;10;1156
12;2025-11-30;11;1276
12;2025-11-30;12;1371
12;2025-11-30;13;1487
12;2025-11-30;14;1463
12;2025-11-30;15;1397
12;2025-11-30;16;1458
12;2025-11-30;17;1441
12;2025-11-30;18;1308
12;2025-11-30;19;1065
12;2025-11-30;20;791
12;2025-11-30;21;585
12;2025-11-30;22;368
12;2025-11-30;23;212
12;2025-12-01;0;57
12;2025-12-01;1;2
12;2025-12-01;2;0
12;2025-12-01;3;0
12;2025-12-01;4;6
12;2025-12-01;5;351
12;2025-12-01;6;1381
12;2025-12-01;7;2595
12;2025-12-01;8;3252
12;2025-12-01;9;2423
12;2025-12-01;10;1995
12;2025-12-01;11;1937
12;2025-12-01;12;1961
12;2025-12-01;13;1971
12;2025-12-01;14;1962
12;2025-12-01;15;2202
12;2025-12-01;16;2563
12;2025-12-01;17;2957
12;2025-12-01;18;3082
12;2025-12-01;19;2352
12;2025-12-01;20;1495
12;2025-12-01;21;926
12;2025-12-01;22;466
12;2025-12-01;23;239
12;2025-12-02;0;50
12;2025-12-02;1;2
12;2025-12-02;2;0
12;2025-12-02;3;0
12;2025-12-02;4;6
12;2025-12-02;5;357
12;2025-12-02;6;1403
12;2025-12-02;7;2656
12;2025-12-02;8;3332
12;2025-12-02;9;2499
12;2025-12-02;10;2077
12;2025-12-02;11;2030
12;2025-12-02;12;2017
12;2025-12-02;13;2042
12;2025-12-02;14;2025
12;2025-12-02;15;2266
12;2025-12-02;16;2633
12;2025-12-02;17;3019
12;2025-12-02;18;3123
12;2025-12-02;19;2423
12;2025-12-02;20;1528
12;2025-12-02;21;956
12;2025-12-02;22;503
12;2025-12-02;23;256
12;2025-12-03;0;55
12;2025-12-03;1;2
12;2025-12-03;2;0
12;2025-12-03;3;0
12;2025-12-03;4;7
12;2025-12-03;5;360
12;2025-12-03;6;1428
12;2025-12-03;7;2652
12;2025-12-03;8;3303
12;2025-12-03;9;2514
12;2025-12-03;10;2097
12;2025-12-03;11;2019
12;2025-12-03;12;2041
12;2025-12-03;13;2046
12;2025-12-03;14;2060
12;2025-12-03;15;2275
12;2025-12-03;16;2648
12;2025-12-03;17;2997
12;2025-12-03;18;3120
12;2025-12-03;19;2416
12;2025-12-03;20;1543
12;2025-12-03;21;987
12;2025-12-03;22;513
12;2025-12-03;23;269
12;2025-12-04;0;54
12;2025-12-04;1;2
12;2025-12-04;2;0
12;2025-12-04;3;1
12;2025-12-04;4;9
12;2025-12-04;5;359
12;2025-12-04;6;1414
12;2025-12-04;7;2655
12;2025-12-04;8;3320
12;2025-12-04;9;2493
12;2025-12-04;10;2077
12;2025-12-04;11;2029
12;2025-12-04;12;2030
12;2025-12-04;13;2051
12;2025-12-04;14;2065
12;2025-12-04;15;2301
12;2025-12-04;16;2670
12;2025-12-04;17;3032
12;2025-12-04;18;3127
12;2025-12-04;19;2424
12;2025-12-04;20;1570
12;2025-12-04;21;980
12;2025-12-04;22;519
12;2025-12-04;23;276
12;2025-12-05;0;58
12;2025-12-05;1;2
12;2025-12-05;2;0
12;2025-12-05;3;1
12;2025-12-05;4;8
12;2025-12-05;5;354
12;2025-12-05;6;1406
12;2025-12-05;7;2613
12;2025-12-05;8;3235
12;2025-12-05;9;2443
12;2025-12-05;10;2043
12;2025-12-05;11;2030
12;2025-12-05;12;2012
12;2025-12-05;13;2048
12;2025-12-05;14;2078
12;2025-12-05;15;2358
12;2025-12-05;16;2747
12;2025-12-05;17;2942
12;2025-12-05;18;2775
12;2025-12-05;19;2256
12;2025-12-05;20;1490
12;2025-12-05;21;983
12;2025-12-05;22;523
12;2025-12-05;23;291
12;2025-12-06;0;78
12;2025-12-06;1;5
12;2025-12-06;2;0
12;2025-12-06;3;0
12;2025-12-06;4;2
12;2025-12-06;5;232
12;2025-12-06;6;739
12;2025-12-06;7;876
12;2025-12-06;8;990
12;2025-12-06;9;1127
12;2025-12-06;10;1315
12;2025-12-06;11;1396
12;2025-12-06;12;1456
12;2025-12-06;13;1568
12;2025-12-06;14;1565
12;2025-12-06;15;1480
12;2025-12-06;16;1539
12;2025-12-06;17;1497
12;2025-12-06;18;1435
12;2025-12-06;19;1269
12;2025-12-06;20;949
12;2025-12-06;21;662
12;2025-12-06;22;417
12;2025-12-06;23;263
12;2025-12-07;0;81
12;2025-12-07;1;7
12;2025-12-07;2;0
12;2025-12-07;3;0
12;2025-12-07;4;1
12;2025-12-07;5;179
12;2025-12-07;6;543
12;2025-12-07;7;662
12;2025-12-07;8;773
12;2025-12-07;9;944
12;2025-12-07;10;1115
12;2025-12-07;11;1245
12;2025-12-07;12;1340
12;2025-12-07;13;1452
12;2025-12-07;14;1432
12;2025-12-07;15;1361
12;2025-12-07;16;1424
12;2025-12-07;17;1429
12;2025-12-07;18;1297
12;2025-12-07;19;1079
12;2025-12-07;20;802
12;2025-12-07;21;590
12;2025-12-07;22;373
12;2025-12-07;23;212
12;2025-12-08;0;57
12;2025-12-08;1;2
12;2025-12-08;2;0
12;2025-12-08;3;0
12;2025-12-08;4;5
12;2025-12-08;5;349
12;2025-12-08;6;1384
12;2025-12-08;7;2608
12;2025-12-08;8;3261
12;2025-12-08;9;2436
12;2025-12-08;10;2003
12;2025-12-08;11;1952
12;2025-12-08;12;1977
12;2025-12-08;13;1989
12;2025-12-08;14;1979
12;2025-12-08;15;2222
12;2025-12-08;16;2581
12;2025-12-08;17;2975
12;2025-12-08;18;3090
12;2025-12-08;19;2371
12;2025-12-08;20;1509
12;2025-12-08;21;928
12;2025-12-08;22;470
12;2025-12-08;23;243
12;2025-12-09;0;51
12;2025-12-09;1;2
12;2025-12-09;2;0
12;2025-12-09;3;0
12;2025-12-09;4;7
12;2025-12-09;5;355
12;2025-12-09;6;1411
12;2025-12-09;7;2671
12;2025-12-09;8;3339
12;2025-12-09;9;2505
12;2025-12-09;10;2082
12;2025-12-09;11;2036
12;2025-12-09;12;2023
12;2025-12-09;13;2050
12;2025-12-09;14;2030
12;2025-12-09;15;2270
12;2025-12-09;16;2635
12;2025-12-09;17;3011
12;2025-12-09;18;3113
12;2025-12-09;19;2413
12;2025-12-09;20;1523
12;2025-12-09;21;949
12;2025-12-09;22;502
12;2025-12-09;23;256
12;2025-12-10;0;54
12;2025-12-10;1;2
12;2025-12-10;2;0
12;2025-12-10;3;0
12;2025-12-10;4;8
12;2025-12-10;5;354
12;2025-12-10;6;1427
12;2025-12-10;7;2660
12;2025-12-10;8;3310
12;2025-12-10;9;2520
12;2025-12-10;10;2099
12;2025-12-10;11;2022
12;2025-12-10;12;2047
12;2025-12-10;13;2049
12;2025-12-10;14;2062
12;2025-12-10;15;2277
12;2025-12-10;16;2656
12;2025-12-10;17;3006
12;2025-12-10;18;3119
12;2025-12-10;19;2427
12;2025-12-10;20;1547
12;2025-12-10;21;988
12;2025-12-10;22;514
12;2025-12-10;23;270
12;2025-12-11;0;53
12;2025-12-11;1;2
12;2025-12-11;2;0
12;2025-12-11;3;1
12;2025-12-11;4;9
12;2025-12-11;5;356
12;2025-12-11;6;1401
12;2025-12-11;7;2648
12;2025-12-11;8;3301
12;2025-12-11;9;2485
12;2025-12-11;10;2060
12;2025-12-11;11;2013
12;2025-12-11;12;2018
12;2025-12-11;13;2038
12;2025-12-11;14;2057
12;2025-12-11;15;2296
12;2025-12-11;16;2658
12;2025-12-11;17;3017
12;2025-12-11;18;3098
12;2025-12-11;19;2393
12;2025-12-11;20;1550
12;2025-12-11;21;966
12;2025-12-11;22;515
12;2025-12-11;23;281
12;2025-12-12;0;57
12;2025-12-12;1;2
12;2025-12-12;2;0
12;2025-12-12;3;1
12;2025-12-12;4;8
12;2025-12-12;5;351
12;2025-12-12;6;1394
12;2025-12-12;7;2610
12;2025-12-12;8;3225
12;2025-12-12;9;2444
12;2025-12-12;10;2045
12;2025-12-12;11;2030
12;2025-12-12;12;2009
12;2025-12-12;13;2030
12;2025-12-12;14;2047
12;2025-12-12;15;2308
12;2025-12-12;16;2707
12;2025-12-12;17;2899
12;2025-12-12;18;2731
12;2025-12-12;19;2240
12;2025-12-12;20;1484
12;2025-12-12;21;980
12;2025-12-12;22;523
12;2025-12-12;23;289
12;2025-12-13;0;78
12;2025-12-13;1;5
12;2025-12-13;2;0
12;2025-12-13;3;0
12;2025-12-13;4;1
12;2025-12-13;5;231
12;2025-12-13;6;744
12;2025-12-13;7;889
12;2025-12-13;8;1006
12;2025-12-13;9;1135
12;2025-12-13;10;1326
12;2025-12-13;11;1409
12;2025-12-13;12;1460
12;2025-12-13;13;1568
12;2025-12-13;14;1564
12;2025-12-13;15;1473
12;2025-12-13;16;1543
12;2025-12-13;17;1491
12;2025-12-13;18;1430
12;2025-12-13;19;1263
12;2025-12-13;20;954
12;2025-12-13;21;673
12;2025-12-13;22;422
12;2025-12-13;23;265
12;2025-12-14;0;82
12;2025-12-14;1;7
12;2025-12-14;2;0
12;2025-12-14;3;0
12;2025-12-14;4;2
12;2025-12-14;5;179
12;2025-12-14;6;552
12;2025-12-14;7;670
12;2025-12-14;8;780
12;2025-12-14;9;955
12;2025-12-14;10;1128
12;2025-12-14;11;1253
12;2025-12-14;12;1347
12;2025-12-14;13;1453
12;2025-12-14;14;1426
12;2025-12-14;15;1361
12;2025-12-14;16;1428
12;2025-12-14;17;1426
12;2025-12-14;18;1295
12;2025-12-14;19;1074
12;2025-12-14;20;798
12;2025-12-14;21;599
12;2025-12-14;22;381
12;2025-12-14;23;216
12;2025-12-15;0;58
12;2025-12-15;1;3
12;2025-12-15;2;0
12;2025-12-15;3;0
12;2025-12-15;4;7
12;2025-12-15;5;351
12;2025-12-15;6;1386
12;2025-12-15;7;2616
12;2025-12-15;8;3260
12;2025-12-15;9;2443
12;2025-12-15;10;2014
12;2025-12-15;11;1959
12;2025-12-15;12;1995
12;2025-12-15;13;2001
12;2025-12-15;14;1994
12;2025-12-15;15;2238
12;2025-12-15;16;2598
12;2025-12-15;17;3001
12;2025-12-15;18;3114
12;2025-12-15;19;2389
12;2025-12-15;20;1514
12;2025-12-15;21;937
12;2025-12-15;22;476
12;2025-12-15;23;245
12;2025-12-16;0;52
12;2025-12-16;1;2
12;2025-12-16;2;0
12;2025-12-16;3;0
12;2025-12-16;4;8
12;2025-12-16;5;357
12;2025-12-16;6;1416
12;2025-12-16;7;2673
12;2025-12-16;8;3342
12;2025-12-16;9;2504
12;2025-12-16;10;2075
12;2025-12-16;11;2021
12;2025-12-16;12;2007
12;2025-12-16;13;2035
12;2025-12-16;14;2020
12;2025-12-16;15;2266
12;2025-12-16;16;2639
12;2025-12-16;17;3023
12;2025-12-16;18;3123
12;2025-12-16;19;2416
12;2025-12-16;20;1525
12;2025-12-16;21;956
12;2025-12-16;22;505
12;2025-12-16;23;258
12;2025-12-17;0;54
12;2025-12-17;1;2
12;2025-12-17;2;0
12;2025-12-17;3;0
12;2025-12-17;4;8
12;2025-12-17;5;357
12;2025-12-17;6;1421
12;2025-12-17;7;2658
12;2025-12-17;8;3307
12;2025-12-17;9;2521
12;2025-12-17;10;2103
12;2025-12-17;11;2034
12;2025-12-17;12;2062
12;2025-12-17;13;2064
12;2025-12-17;14;2080
12;2025-12-17;15;2297
12;2025-12-17;16;2668
12;2025-12-17;17;3022
12;2025-12-17;18;3130
12;2025-12-17;19;2432
12;2025-12-17;20;1552
12;2025-12-17;21;993
12;2025-12-17;22;520
12;2025-12-17;23;275
12;2025-12-18;0;53
12;2025-12-18;1;2
12;2025-12-18;2;0
12;2025-12-18;3;1
12;2025-12-18;4;9
12;2025-12-18;5;356
12;2025-12-18;6;1399
12;2025-12-18;7;2656
12;2025-12-18;8;3317
12;2025-12-18;9;2491
12;2025-12-18;10;2077
12;2025-12-18;11;2033
12;2025-12-18;12;2038
12;2025-12-18;13;2053
12;2025-12-18;14;2068
12;2025-12-18;15;2306
12;2025-12-18;16;2674
12;2025-12-18;17;3041
12;2025-12-18;18;3130
12;2025-12-18;19;2422
12;2025-12-18;20;1569
12;2025-12-18;21;976
12;2025-12-18;22;515
12;2025-12-18;23;276
12;2025-12-19;0;57
12;2025-12-19;1;3
12;2025-12-19;2;0
12;2025-12-19;3;1
12;2025-12-19;4;9
12;2025-12-19;5;352
12;2025-12-19;6;1393
12;2025-12-19;7;2617
12;2025-12-19;8;3232
12;2025-12-19;9;2451
12;2025-12-19;10;2054
12;2025-12-19;11;2036
12;2025-12-19;12;2016
12;2025-12-19;13;2051
12;2025-12-19;14;2084
12;2025-12-19;15;2367
12;2025-12-19;16;2752
12;2025-12-19;17;2945
12;2025-12-19;18;2775
12;2025-12-19;19;2256
12;2025-12-19;20;1492
12;2025-12-19;21;986
12;2025-12-19;22;526
12;2025-12-19;23;290
12;2025-12-20;0;78
12;2025-12-20;1;5
12;2025-12-20;2;0
12;2025-12-20;3;1
12;2025-12-20;4;3
12;2025-12-20;5;234
12;2025-12-20;6;743
12;2025-12-20;7;884
12;2025-12-20;8;1000
12;2025-12-20;9;1136
12;2025-12-20;10;1326
12;2025-12-20;11;1405
12;2025-12-20;12;1461
12;2025-12-20;13;1572
12;2025-12-20;14;1570
12;2025-12-20;15;1480
12;2025-12-20;16;1546
12;2025-12-20;17;1502
12;2025-12-20;18;1430
12;2025-12-20;19;1265
12;2025-12-20;20;944
12;2025-12-20;21;661
12;2025-12-20;22;416
12;2025-12-20;23;263
12;2025-12-21;0;82
12;2025-12-21;1;7
12;2025-12-21;2;0
12;2025-12-21;3;0
12;2025-12-21;4;1
12;2025-12-21;5;178
12;2025-12-21;6;537
12;2025-12-21;7;661
12;2025-12-21;8;773
12;2025-12-21;9;950
12;2025-12-21;10;1129
12;2025-12-21;11;1256
12;2025-12-21;12;1349
12;2025-12-21;13;1456
12;2025-12-21;14;1439
12;2025-12-21;15;1370
12;2025-12-21;16;1434
12;2025-12-21;17;1436
12;2025-12-21;18;1298
12;2025-12-21;19;1080
12;2025-12-21;20;800
12;2025-12-21;21;595
12;2025-12-21;22;377
12;2025-12-21;23;216
12;2025-12-22;0;59
12;2025-12-22;1;5
12;2025-12-22;2;2
12;2025-12-22;3;2
12;2025-12-22;4;9
12;2025-12-22;5;352
12;2025-12-22;6;1384
12;2025-12-22;7;2620
12;2025-12-22;8;3270
12;2025-12-22;9;2446
12;2025-12-22;10;2018
12;2025-12-22;11;1966
12;2025-12-22;12;1990
12;2025-12-22;13;1997
12;2025-12-22;14;1988
12;2025-12-22;15;2227
12;2025-12-22;16;2584
12;2025-12-22;17;2980
12;2025-12-22;18;3094
12;2025-12-22;19;2372
12;2025-12-22;20;1512
12;2025-12-22;21;934
12;2025-12-22;22;476
12;2025-12-22;23;243
12;2025-12-23;0;51
12;2025-12-23;1;2
12;2025-12-23;2;0
12;2025-12-23;3;0
12;2025-12-23;4;7
12;2025-12-23;5;355
12;2025-12-23;6;1412
12;2025-12-23;7;2672
12;2025-12-23;8;3342
12;2025-12-23;9;2506
12;2025-12-23;10;2082
12;2025-12-23;11;2031
12;2025-12-23;12;2021
12;2025-12-23;13;2043
12;2025-12-23;14;2026
12;2025-12-23;15;2265
12;2025-12-23;16;2636
12;2025-12-23;17;3019
12;2025-12-23;18;3125
12;2025-12-23;19;2426
12;2025-12-23;20;1525
12;2025-12-23;21;958
12;2025-12-23;22;506
12;2025-12-23;23;261
12;2025-12-24;0;54
12;2025-12-24;1;2
12;2025-12-24;2;0
12;2025-12-24;3;0
12;2025-12-24;4;9
12;2025-12-24;5;363
12;2025-12-24;6;1447
12;2025-12-24;7;2669
12;2025-12-24;8;3320
12;2025-12-24;9;2525
12;2025-12-24;10;2102
12;2025-12-24;11;2021
12;2025-12-24;12;2045
12;2025-12-24;13;2042
12;2025-12-24;14;2055
12;2025-12-24;15;2271
12;2025-12-24;16;2650
12;2025-12-24;17;3011
12;2025-12-24;18;3129
12;2025-12-24;19;2427
12;2025-12-24;20;1536
12;2025-12-24;21;985
12;2025-12-24;22;511
12;2025-12-24;23;268
12;2025-12-25;0;53
12;2025-12-25;1;2
12;2025-12-25;2;0
12;2025-12-25;3;1
12;2025-12-25;4;10
12;2025-12-25;5;362
12;2025-12-25;6;1415
12;2025-12-25;7;2645
12;2025-12-25;8;3326
12;2025-12-25;9;2497
12;2025-12-25;10;2084
12;2025-12-25;11;2041
12;2025-12-25;12;2044
12;2025-12-25;13;2057
12;2025-12-25;14;2069
12;2025-12-25;15;2305
12;2025-12-25;16;2653
12;2025-12-25;17;3023
12;2025-12-25;18;3108
12;2025-12-25;19;2402
12;2025-12-25;20;1560
12;2025-12-25;21;962
12;2025-12-25;22;510
12;2025-12-25;23;271
12;2025-12-26;0;57
12;2025-12-26;1;2
12;2025-12-26;2;0
12;2025-12-26;3;0
12;2025-12-26;4;8
12;2025-12-26;5;353
12;2025-12-26;6;1390
12;2025-12-26;7;2602
12;2025-12-26;8;3224
12;2025-12-26;9;2444
12;2025-12-26;10;2035
12;2025-12-26;11;2022
12;2025-12-26;12;2000
12;2025-12-26;13;2063
12;2025-12-26;14;2084
12;2025-12-26;15;2364
12;2025-12-26;16;2739
12;2025-12-26;17;2928
12;2025-12-26;18;2764
12;2025-12-26;19;2247
12;2025-12-26;20;1485
12;2025-12-26;21;975
12;2025-12-26;22;524
12;2025-12-26;23;289
12;2025-12-27;0;81
12;2025-12-27;1;8
12;2025-12-27;2;2
12;2025-12-27;3;3
12;2025-12-27;4;3
12;2025-12-27;5;235
12;2025-12-27;6;743
12;2025-12-27;7;883
12;2025-12-27;8;989
12;2025-12-27;9;1122
12;2025-12-27;10;1312
12;2025-12-27;11;1397
12;2025-12-27;12;1452
12;2025-12-27;13;1567
12;2025-12-27;14;1563
12;2025-12-27;15;1490
12;2025-12-27;16;1553
12;2025-12-27;17;1502
12;2025-12-27;18;1438
12;2025-12-27;19;1272
12;2025-12-27;20;950
12;2025-12-27;21;669
12;2025-12-27;22;419
12;2025-12-27;23;267
12;2025-12-28;0;83
12;2025-12-28;1;8
12;2025-12-28;2;1
12;2025-12-28;3;0
12;2025-12-28;4;1
12;2025-12-28;5;178
12;2025-12-28;6;539
12;2025-12-28;7;649
12;2025-12-28;8;742
12;2025-12-28;9;916
12;2025-12-28;10;1101
12;2025-12-28;11;1226
12;2025-12-28;12;1320
12;2025-12-28;13;1429
12;2025-12-28;14;1412
12;2025-12-28;15;1340
12;2025-12-28;16;1400
12;2025-12-28;17;1396
12;2025-12-28;18;1275
12;2025-12-28;19;1062
12;2025-12-28;20;788
12;2025-12-28;21;588
12;2025-12-28;22;372
12;2025-12-28;23;216
12;2025-12-29;0;59
12;2025-12-29;1;4
12;2025-12-29;2;1
12;2025-12-29;3;0
12;2025-12-29;4;6
12;2025-12-29;5;344
12;2025-12-29;6;1375
12;2025-12-29;7;2586
12;2025-12-29;8;3248
12;2025-12-29;9;2421
12;2025-12-29;10;1997
12;2025-12-29;11;1947
12;2025-12-29;12;1978
12;2025-12-29;13;1983
12;2025-12-29;14;1974
12;2025-12-29;15;2215
12;2025-12-29;16;2567
12;2025-12-29;17;2965
12;2025-12-29;18;3081
12;2025-12-29;19;2364
12;2025-12-29;20;1502
12;2025-12-29;21;928
12;2025-12-29;22;467
12;2025-12-29;23;245
12;2025-12-30;0;52
12;2025-12-30;1;2
12;2025-12-30;2;0
12;2025-12-30;3;0
12;2025-12-30;4;6
12;2025-12-30;5;353
12;2025-12-30;6;1399
12;2025-12-30;7;2639
12;2025-12-30;8;3313
12;2025-12-30;9;2476
12;2025-12-30;10;2060
12;2025-12-30;11;2017
12;2025-12-30;12;2008
12;2025-12-30;13;2023
12;2025-12-30;14;2000
12;2025-12-30;15;2241
12;2025-12-30;16;2604
12;2025-12-30;17;2988
12;2025-12-30;18;3095
12;2025-12-30;19;2401
12;2025-12-30;20;1512
12;2025-12-30;21;946
12;2025-12-30;22;492
12;2025-12-30;23;253
12;2025-12-31;0;59
12;2025-12-31;1;1
12;2025-12-31;2;0
12;2025-12-31;3;0
12;2025-12-31;4;2
12;2025-12-31;5;166
12;2025-12-31;6;632
12;2025-12-31;7;918
12;2025-12-31;8;1037
12;2025-12-31;9;1034
12;2025-12-31;10;992
12;2025-12-31;11;1076
12;2025-12-31;12;1150
12;2025-12-31;13;1161
12;2025-12-31;14;1204
12;2025-12-31;15;1258
12;2025-12-31;16;1359
12;2025-12-31;17;1439
12;2025-12-31;18;1440
12;2025-12-31;19;1159
12;2025-12-31;20;838
12;2025-12-31;21;591
12;2025-12-31;22;326
12;2025-12-31;23;190
17;2025-11-01;0;217
17;2025-11-01;1;42
17;2025-11-01;2;0
17;2025-11-01;3;0
17;2025-11-01;4;27
17;2025-11-01;5;371
17;2025-11-01;6;1414
17;2025-11-01;7;2950
17;2025-11-01;8;3565
17;2025-11-01;9;3211
17;2025-11-01;10;3075
17;2025-11-01;11;3114
17;2025-11-01;12;3151
17;2025-11-01;13;3337
17;2025-11-01;14;3288
17;2025-11-01;15;3475
17;2025-11-01;16;3725
17;2025-11-01;17;3862
17;2025-11-01;18;3854
17;2025-11-01;19;3045
17;2025-11-01;20;2390
17;2025-11-01;21;1844
17;2025-11-01;22;1073
17;2025-11-01;23;683
17;2025-11-02;0;168
17;2025-11-02;1;23
17;2025-11-02;2;1
17;2025-11-02;3;1
17;2025-11-02;4;5
17;2025-11-02;5;39
17;2025-11-02;6;374
17;2025-11-02;7;712
17;2025-11-02;8;1098
17;2025-11-02;9;1499
17;2025-11-02;10;1892
17;2025-11-02;11;2302
17;2025-11-02;12;2600
17;2025-11-02;13;2781
17;2025-11-02;14;2875
17;2025-11-02;15;2918
17;2025-11-02;16;2832
17;2025-11-02;17;2718
17;2025-11-02;18;2552
17;2025-11-02;19;1995
17;2025-11-02;20;1456
17;2025-11-02;21;1104
17;2025-11-02;22;617
17;2025-11-02;23;320
17;2025-11-03;0;133
17;2025-11-03;1;18
17;2025-11-03;2;2
17;2025-11-03;3;1
17;2025-11-03;4;3
17;2025-11-03;5;104
17;2025-11-03;6;658
17;2025-11-03;7;1510
17;2025-11-03;8;1961
17;2025-11-03;9;1958
17;2025-11-03;10;1961
17;2025-11-03;11;2159
17;2025-11-03;12;2388
17;2025-11-03;13;2483
17;2025-11-03;14;2526
17;2025-11-03;15;2693
17;2025-11-03;16;2746
17;2025-11-03;17;2957
17;2025-11-03;18;2996
17;2025-11-03;19;2352
17;2025-11-03;20;1704
17;2025-11-03;21;1214
17;2025-11-03;22;676
17;2025-11-03;23;345
17;2025-11-04;0;167
17;2025-11-04;1;26
17;2025-11-04;2;3
17;2025-11-04;3;3
17;2025-11-04;4;8
17;2025-11-04;5;69
17;2025-11-04;6;541
17;2025-11-04;7;1340
17;2025-11-04;8;1752
17;2025-11-04;9;1736
17;2025-11-04;10;1666
17;2025-11-04;11;1973
17;2025-11-04;12;2220
17;2025-11-04;13;2415
17;2025-11-04;14;2525
17;2025-11-04;15;2702
17;2025-11-04;16;2883
17;2025-11-04;17;3010
17;2025-11-04;18;2914
17;2025-11-04;19;2336
17;2025-11-04;20;1661
17;2025-11-04;21;1259
17;2025-11-04;22;699
17;2025-11-04;23;327
17;2025-11-05;0;123
17;2025-11-05;1;11
17;2025-11-05;2;0
17;2025-11-05;3;1
17;2025-11-05;4;25
17;2025-11-05;5;327
17;2025-11-05;6;1526
17;2025-11-05;7;3988
17;2025-11-05;8;4969
17;2025-11-05;9;3724
17;2025-11-05;10;2979
17;2025-11-05;11;2900
17;2025-11-05;12;2924
17;2025-11-05;13;2975
17;2025-11-05;14;3004
17;2025-11-05;15;3219
17;2025-11-05;16;3565
17;2025-11-05;17;4300
17;2025-11-05;18;4563
17;2025-11-05;19;3409
17;2025-11-05;20;2297
17;2025-11-05;21;1509
17;2025-11-05;22;765
17;2025-11-05;23;363
17;2025-11-06;0;123
17;2025-11-06;1;11
17;2025-11-06;2;0
17;2025-11-06;3;2
17;2025-11-06;4;26
17;2025-11-06;5;334
17;2025-11-06;6;1533
17;2025-11-06;7;3963
17;2025-11-06;8;4980
17;2025-11-06;9;3737
17;2025-11-06;10;2979
17;2025-11-06;11;2857
17;2025-11-06;12;2899
17;2025-11-06;13;2987
17;2025-11-06;14;2985
17;2025-11-06;15;3198
17;2025-11-06;16;3601
17;2025-11-06;17;4336
17;2025-11-06;18;4566
17;2025-11-06;19;3410
17;2025-11-06;20;2320
17;2025-11-06;21;1530
17;2025-11-06;22;794
17;2025-11-06;23;384
17;2025-11-07;0;134
17;2025-11-07;1;15
17;2025-11-07;2;1
17;2025-11-07;3;2
17;2025-11-07;4;25
17;2025-11-07;5;324
17;2025-11-07;6;1498
17;2025-11-07;7;3871
17;2025-11-07;8;4802
17;2025-11-07;9;3639
17;2025-11-07;10;2956
17;2025-11-07;11;2936
17;2025-11-07;12;2981
17;2025-11-07;13;3059
17;2025-11-07;14;3127
17;2025-11-07;15;3382
17;2025-11-07;16;3819
17;2025-11-07;17;4273
17;2025-11-07;18;4229
17;2025-11-07;19;3215
17;2025-11-07;20;2260
17;2025-11-07;21;1534
17;2025-11-07;22;812
17;2025-11-07;23;409
17;2025-11-08;0;177
17;2025-11-08;1;23
17;2025-11-08;2;0
17;2025-11-08;3;0
17;2025-11-08;4;3
17;2025-11-08;5;131
17;2025-11-08;6;601
17;2025-11-08;7;1206
17;2025-11-08;8;1664
17;2025-11-08;9;1991
17;2025-11-08;10;2292
17;2025-11-08;11;2629
17;2025-11-08;12;2862
17;2025-11-08;13;2997
17;2025-11-08;14;3067
17;2025-11-08;15;3154
17;2025-11-08;16;3154
17;2025-11-08;17;3012
17;2025-11-08;18;2839
17;2025-11-08;19;2324
17;2025-11-08;20;1807
17;2025-11-08;21;1349
17;2025-11-08;22;805
17;2025-11-08;23;437
17;2025-11-09;0;176
17;2025-11-09;1;25
17;2025-11-09;2;0
17;2025-11-09;3;0
17;2025-11-09;4;5
17;2025-11-09;5;90
17;2025-11-09;6;469
17;2025-11-09;7;873
17;2025-11-09;8;1265
17;2025-11-09;9;1650
17;2025-11-09;10;2030
17;2025-11-09;11;2393
17;2025-11-09;12;2674
17;2025-11-09;13;2850
17;2025-11-09;14;2967
17;2025-11-09;15;3024
17;2025-11-09;16;2963
17;2025-11-09;17;2862
17;2025-11-09;18;2675
17;2025-11-09;19;2117
17;2025-11-09;20;1583
17;2025-11-09;21;1182
17;2025-11-09;22;672
17;2025-11-09;23;323
17;2025-11-10;0;111
17;2025-11-10;1;11
17;2025-11-10;2;0
17;2025-11-10;3;0
17;2025-11-10;4;22
17;2025-11-10;5;316
17;2025-11-10;6;1506
17;2025-11-10;7;3990
17;2025-11-10;8;5010
17;2025-11-10;9;3744
17;2025-11-10;10;2966
17;2025-11-10;11;2873
17;2025-11-10;12;2881
17;2025-11-10;13;2951
17;2025-11-10;14;2980
17;2025-11-10;15;3222
17;2025-11-10;16;3591
17;2025-11-10;17;4348
17;2025-11-10;18;4611
17;2025-11-10;19;3376
17;2025-11-10;20;2250
17;2025-11-10;21;1448
17;2025-11-10;22;720
17;2025-11-10;23;315
17;2025-11-11;0;111
17;2025-11-11;1;9
17;2025-11-11;2;0
17;2025-11-11;3;0
17;2025-11-11;4;24
17;2025-11-11;5;328
17;2025-11-11;6;1540
17;2025-11-11;7;4039
17;2025-11-11;8;5069
17;2025-11-11;9;3830
17;2025-11-11;10;3061
17;2025-11-11;11;2914
17;2025-11-11;12;2959
17;2025-11-11;13;3009
17;2025-11-11;14;3059
17;2025-11-11;15;3271
17;2025-11-11;16;3639
17;2025-11-11;17;4419
17;2025-11-11;18;4678
17;2025-11-11;19;3408
17;2025-11-11;20;2300
17;2025-11-11;21;1500
17;2025-11-11;22;749
17;2025-11-11;23;340
17;2025-11-12;0;118
17;2025-11-12;1;11
17;2025-11-12;2;0
17;2025-11-12;3;0
17;2025-11-12;4;24
17;2025-11-12;5;334
17;2025-11-12;6;1548
17;2025-11-12;7;4047
17;2025-11-12;8;5054
17;2025-11-12;9;3804
17;2025-11-12;10;3060
17;2025-11-12;11;2953
17;2025-11-12;12;2971
17;2025-11-12;13;3041
17;2025-11-12;14;3071
17;2025-11-12;15;3284
17;2025-11-12;16;3642
17;2025-11-12;17;4404
17;2025-11-12;18;4664
17;2025-11-12;19;3408
17;2025-11-12;20;2298
17;2025-11-12;21;1516
17;2025-11-12;22;774
17;2025-11-12;23;364
17;2025-11-13;0;123
17;2025-11-13;1;11
17;2025-11-13;2;1
17;2025-11-13;3;2
17;2025-11-13;4;25
17;2025-11-13;5;343
17;2025-11-13;6;1556
17;2025-11-13;7;4036
17;2025-11-13;8;5063
17;2025-11-13;9;3832
17;2025-11-13;10;3080
17;2025-11-13;11;2969
17;2025-11-13;12;3000
17;2025-11-13;13;3069
17;2025-11-13;14;3092
17;2025-11-13;15;3322
17;2025-11-13;16;3712
17;2025-11-13;17;4448
17;2025-11-13;18;4652
17;2025-11-13;19;3419
17;2025-11-13;20;2323
17;2025-11-13;21;1527
17;2025-11-13;22;789
17;2025-11-13;23;375
17;2025-11-14;0;129
17;2025-11-14;1;14
17;2025-11-14;2;0
17;2025-11-14;3;1
17;2025-11-14;4;23
17;2025-11-14;5;338
17;2025-11-14;6;1521
17;2025-11-14;7;3940
17;2025-11-14;8;4903
17;2025-11-14;9;3728
17;2025-11-14;10;3035
17;2025-11-14;11;3001
17;2025-11-14;12;3029
17;2025-11-14;13;3103
17;2025-11-14;14;3178
17;2025-11-14;15;3446
17;2025-11-14;16;3897
17;2025-11-14;17;4342
17;2025-11-14;18;4268
17;2025-11-14;19;3228
17;2025-11-14;20;2271
17;2025-11-14;21;1545
17;2025-11-14;22;809
17;2025-11-14;23;404
17;2025-11-15;0;174
17;2025-11-15;1;18
17;2025-11-15;2;0
17;2025-11-15;3;0
17;2025-11-15;4;1
17;2025-11-15;5;104
17;2025-11-15;6;552
17;2025-11-15;7;1147
17;2025-11-15;8;1625
17;2025-11-15;9;1921
17;2025-11-15;10;2245
17;2025-11-15;11;2572
17;2025-11-15;12;2791
17;2025-11-15;13;3040
17;2025-11-15;14;3129
17;2025-11-15;15;3229
17;2025-11-15;16;3226
17;2025-11-15;17;3069
17;2025-11-15;18;2871
17;2025-11-15;19;2284
17;2025-11-15;20;1767
17;2025-11-15;21;1311
17;2025-11-15;22;763
17;2025-11-15;23;426
17;2025-11-16;0;170
17;2025-11-16;1;22
17;2025-11-16;2;0
17;2025-11-16;3;2
17;2025-11-16;4;6
17;2025-11-16;5;77
17;2025-11-16;6;447
17;2025-11-16;7;854
17;2025-11-16;8;1278
17;2025-11-16;9;1661
17;2025-11-16;10;2059
17;2025-11-16;11;2452
17;2025-11-16;12;2749
17;2025-11-16;13;2935
17;2025-11-16;14;2934
17;2025-11-16;15;3065
17;2025-11-16;16;3019
17;2025-11-16;17;2865
17;2025-11-16;18;2642
17;2025-11-16;19;2066
17;2025-11-16;20;1527
17;2025-11-16;21;1144
17;2025-11-16;22;641
17;2025-11-16;23;325
17;2025-11-17;0;111
17;2025-11-17;1;11
17;2025-11-17;2;0
17;2025-11-17;3;0
17;2025-11-17;4;22
17;2025-11-17;5;316
17;2025-11-17;6;1511
17;2025-11-17;7;3992
17;2025-11-17;8;5018
17;2025-11-17;9;3742
17;2025-11-17;10;2945
17;2025-11-17;11;2840
17;2025-11-17;12;2845
17;2025-11-17;13;2897
17;2025-11-17;14;2917
17;2025-11-17;15;3165
17;2025-11-17;16;3578
17;2025-11-17;17;4360
17;2025-11-17;18;4617
17;2025-11-17;19;3372
17;2025-11-17;20;2248
17;2025-11-17;21;1440
17;2025-11-17;22;720
17;2025-11-17;23;319
17;2025-11-18;0;111
17;2025-11-18;1;9
17;2025-11-18;2;1
17;2025-11-18;3;0
17;2025-11-18;4;20
17;2025-11-18;5;317
17;2025-11-18;6;1537
17;2025-11-18;7;4012
17;2025-11-18;8;5019
17;2025-11-18;9;3757
17;2025-11-18;10;3013
17;2025-11-18;11;2848
17;2025-11-18;12;2878
17;2025-11-18;13;2986
17;2025-11-18;14;3048
17;2025-11-18;15;3267
17;2025-11-18;16;3638
17;2025-11-18;17;4394
17;2025-11-18;18;4650
17;2025-11-18;19;3389
17;2025-11-18;20;2290
17;2025-11-18;21;1491
17;2025-11-18;22;749
17;2025-11-18;23;342
17;2025-11-19;0;118
17;2025-11-19;1;11
17;2025-11-19;2;0
17;2025-11-19;3;0
17;2025-11-19;4;25
17;2025-11-19;5;335
17;2025-11-19;6;1542
17;2025-11-19;7;4043
17;2025-11-19;8;5041
17;2025-11-19;9;3800
17;2025-11-19;10;3050
17;2025-11-19;11;2952
17;2025-11-19;12;2979
17;2025-11-19;13;3043
17;2025-11-19;14;3085
17;2025-11-19;15;3310
17;2025-11-19;16;3663
17;2025-11-19;17;4425
17;2025-11-19;18;4668
17;2025-11-19;19;3422
17;2025-11-19;20;2311
17;2025-11-19;21;1531
17;2025-11-19;22;784
17;2025-11-19;23;361
17;2025-11-20;0;122
17;2025-11-20;1;10
17;2025-11-20;2;0
17;2025-11-20;3;1
17;2025-11-20;4;25
17;2025-11-20;5;335
17;2025-11-20;6;1546
17;2025-11-20;7;4022
17;2025-11-20;8;5053
17;2025-11-20;9;3821
17;2025-11-20;10;3070
17;2025-11-20;11;2962
17;2025-11-20;12;3001
17;2025-11-20;13;3070
17;2025-11-20;14;3096
17;2025-11-20;15;3323
17;2025-11-20;16;3703
17;2025-11-20;17;4449
17;2025-11-20;18;4673
17;2025-11-20;19;3428
17;2025-11-20;20;2322
17;2025-11-20;21;1535
17;2025-11-20;22;790
17;2025-11-20;23;370
17;2025-11-21;0;128
17;2025-11-21;1;13
17;2025-11-21;2;0
17;2025-11-21;3;1
17;2025-11-21;4;25
17;2025-11-21;5;326
17;2025-11-21;6;1506
17;2025-11-21;7;3924
17;2025-11-21;8;4886
17;2025-11-21;9;3713
17;2025-11-21;10;3031
17;2025-11-21;11;2996
17;2025-11-21;12;3031
17;2025-11-21;13;3113
17;2025-11-21;14;3187
17;2025-11-21;15;3454
17;2025-11-21;16;3907
17;2025-11-21;17;4389
17;2025-11-21;18;4315
17;2025-11-21;19;3244
17;2025-11-21;20;2280
17;2025-11-21;21;1552
17;2025-11-21;22;818
17;2025-11-21;23;413
17;2025-11-22;0;173
17;2025-11-22;1;13
17;2025-11-22;2;0
17;2025-11-22;3;0
17;2025-11-22;4;5
17;2025-11-22;5;130
17;2025-11-22;6;585
17;2025-11-22;7;1215
17;2025-11-22;8;1702
17;2025-11-22;9;2043
17;2025-11-22;10;2392
17;2025-11-22;11;2746
17;2025-11-22;12;2981
17;2025-11-22;13;3102
17;2025-11-22;14;3177
17;2025-11-22;15;3271
17;2025-11-22;16;3261
17;2025-11-22;17;3137
17;2025-11-22;18;2928
17;2025-11-22;19;2343
17;2025-11-22;20;1806
17;2025-11-22;21;1335
17;2025-11-22;22;786
17;2025-11-22;23;418
17;2025-11-23;0;169
17;2025-11-23;1;22
17;2025-11-23;2;0
17;2025-11-23;3;0
17;2025-11-23;4;3
17;2025-11-23;5;74
17;2025-11-23;6;442
17;2025-11-23;7;849
17;2025-11-23;8;1267
17;2025-11-23;9;1660
17;2025-11-23;10;2070
17;2025-11-23;11;2456
17;2025-11-23;12;2769
17;2025-11-23;13;2945
17;2025-11-23;14;3051
17;2025-11-23;15;3102
17;2025-11-23;16;3038
17;2025-11-23;17;2901
17;2025-11-23;18;2696
17;2025-11-23;19;2118
17;2025-11-23;20;1580
17;2025-11-23;21;1182
17;2025-11-23;22;671
17;2025-11-23;23;320
17;2025-11-24;0;109
17;2025-11-24;1;11
17;2025-11-24;2;0
17;2025-11-24;3;0
17;2025-11-24;4;18
17;2025-11-24;5;305
17;2025-11-24;6;1496
17;2025-11-24;7;3956
17;2025-11-24;8;4978
17;2025-11-24;9;3723
17;2025-11-24;10;2971
17;2025-11-24;11;2874
17;2025-11-24;12;2875
17;2025-11-24;13;2960
17;2025-11-24;14;2982
17;2025-11-24;15;3241
17;2025-11-24;16;3609
17;2025-11-24;17;4364
17;2025-11-24;18;4621
17;2025-11-24;19;3370
17;2025-11-24;20;2246
17;2025-11-24;21;1434
17;2025-11-24;22;715
17;2025-11-24;23;316
17;2025-11-25;0;109
17;2025-11-25;1;9
17;2025-11-25;2;0
17;2025-11-25;3;0
17;2025-11-25;4;23
17;2025-11-25;5;329
17;2025-11-25;6;1543
17;2025-11-25;7;4033
17;2025-11-25;8;5057
17;2025-11-25;9;3808
17;2025-11-25;10;3028
17;2025-11-25;11;2885
17;2025-11-25;12;2946
17;2025-11-25;13;3013
17;2025-11-25;14;3068
17;2025-11-25;15;3279
17;2025-11-25;16;3650
17;2025-11-25;17;4418
17;2025-11-25;18;4673
17;2025-11-25;19;3409
17;2025-11-25;20;2296
17;2025-11-25;21;1494
17;2025-11-25;22;746
17;2025-11-25;23;337
17;2025-11-26;0;119
17;2025-11-26;1;9
17;2025-11-26;2;0
17;2025-11-26;3;0
17;2025-11-26;4;23
17;2025-11-26;5;333
17;2025-11-26;6;1547
17;2025-11-26;7;4007
17;2025-11-26;8;5002
17;2025-11-26;9;3763
17;2025-11-26;10;3056
17;2025-11-26;11;2957
17;2025-11-26;12;2975
17;2025-11-26;13;3012
17;2025-11-26;14;3039
17;2025-11-26;15;3261
17;2025-11-26;16;3622
17;2025-11-26;17;4377
17;2025-11-26;18;4622
17;2025-11-26;19;3399
17;2025-11-26;20;2303
17;2025-11-26;21;1518
17;2025-11-26;22;773
17;2025-11-26;23;366
17;2025-11-27;0;123
17;2025-11-27;1;11
17;2025-11-27;2;1
17;2025-11-27;3;2
17;2025-11-27;4;26
17;2025-11-27;5;348
17;2025-11-27;6;1560
17;2025-11-27;7;4040
17;2025-11-27;8;5070
17;2025-11-27;9;3838
17;2025-11-27;10;3082
17;2025-11-27;11;2971
17;2025-11-27;12;3003
17;2025-11-27;13;3056
17;2025-11-27;14;3072
17;2025-11-27;15;3299
17;2025-11-27;16;3688
17;2025-11-27;17;4445
17;2025-11-27;18;4664
17;2025-11-27;19;3405
17;2025-11-27;20;2305
17;2025-11-27;21;1509
17;2025-11-27;22;762
17;2025-11-27;23;360
17;2025-11-28;0;123
17;2025-11-28;1;10
17;2025-11-28;2;0
17;2025-11-28;3;0
17;2025-11-28;4;22
17;2025-11-28;5;328
17;2025-11-28;6;1506
17;2025-11-28;7;3953
17;2025-11-28;8;4932
17;2025-11-28;9;3755
17;2025-11-28;10;3050
17;2025-11-28;11;3017
17;2025-11-28;12;3055
17;2025-11-28;13;3126
17;2025-11-28;14;3204
17;2025-11-28;15;3472
17;2025-11-28;16;3924
17;2025-11-28;17;4388
17;2025-11-28;18;4318
17;2025-11-28;19;3242
17;2025-11-28;20;2277
17;2025-11-28;21;1551
17;2025-11-28;22;819
17;2025-11-28;23;408
17;2025-11-29;0;172
17;2025-11-29;1;22
17;2025-11-29;2;1
17;2025-11-29;3;0
17;2025-11-29;4;4
17;2025-11-29;5;123
17;2025-11-29;6;569
17;2025-11-29;7;1199
17;2025-11-29;8;1672
17;2025-11-29;9;2001
17;2025-11-29;10;2328
17;2025-11-29;11;2674
17;2025-11-29;12;2907
17;2025-11-29;13;3029
17;2025-11-29;14;3100
17;2025-11-29;15;3183
17;2025-11-29;16;3183
17;2025-11-29;17;3057
17;2025-11-29;18;2873
17;2025-11-29;19;2296
17;2025-11-29;20;1782
17;2025-11-29;21;1336
17;2025-11-29;22;792
17;2025-11-29;23;424
17;2025-11-30;0;168
17;2025-11-30;1;22
17;2025-11-30;2;0
17;2025-11-30;3;0
17;2025-11-30;4;3
17;2025-11-30;5;79
17;2025-11-30;6;453
17;2025-11-30;7;853
17;2025-11-30;8;1283
17;2025-11-30;9;1678
17;2025-11-30;10;2070
17;2025-11-30;11;2469
17;2025-11-30;12;2768
17;2025-11-30;13;2954
17;2025-11-30;14;3051
17;2025-11-30;15;3103
17;2025-11-30;16;3030
17;2025-11-30;17;2906
17;2025-11-30;18;2701
17;2025-11-30;19;2132
17;2025-11-30;20;1605
17;2025-11-30;21;1185
17;2025-11-30;22;680
17;2025-11-30;23;327
17;2025-12-01;0;111
17;2025-12-01;1;10
17;2025-12-01;2;0
17;2025-12-01;3;0
17;2025-12-01;4;22
17;2025-12-01;5;319
17;2025-12-01;6;1479
17;2025-12-01;7;3858
17;2025-12-01;8;4882
17;2025-12-01;9;3687
17;2025-12-01;10;2911
17;2025-12-01;11;2813
17;2025-12-01;12;2816
17;2025-12-01;13;2881
17;2025-12-01;14;2909
17;2025-12-01;15;3151
17;2025-12-01;16;3521
17;2025-12-01;17;4291
17;2025-12-01;18;4560
17;2025-12-01;19;3354
17;2025-12-01;20;2242
17;2025-12-01;21;1451
17;2025-12-01;22;737
17;2025-12-01;23;326
17;2025-12-02;0;110
17;2025-12-02;1;9
17;2025-12-02;2;0
17;2025-12-02;3;0
17;2025-12-02;4;22
17;2025-12-02;5;326
17;2025-12-02;6;1498
17;2025-12-02;7;3894
17;2025-12-02;8;4925
17;2025-12-02;9;3747
17;2025-12-02;10;2986
17;2025-12-02;11;2852
17;2025-12-02;12;2890
17;2025-12-02;13;2943
17;2025-12-02;14;2993
17;2025-12-02;15;3201
17;2025-12-02;16;3572
17;2025-12-02;17;4352
17;2025-12-02;18;4614
17;2025-12-02;19;3398
17;2025-12-02;20;2298
17;2025-12-02;21;1508
17;2025-12-02;22;769
17;2025-12-02;23;349
17;2025-12-03;0;119
17;2025-12-03;1;10
17;2025-12-03;2;0
17;2025-12-03;3;0
17;2025-12-03;4;23
17;2025-12-03;5;335
17;2025-12-03;6;1512
17;2025-12-03;7;3910
17;2025-12-03;8;4914
17;2025-12-03;9;3745
17;2025-12-03;10;3001
17;2025-12-03;11;2899
17;2025-12-03;12;2925
17;2025-12-03;13;2991
17;2025-12-03;14;3030
17;2025-12-03;15;3239
17;2025-12-03;16;3591
17;2025-12-03;17;4338
17;2025-12-03;18;4602
17;2025-12-03;19;3393
17;2025-12-03;20;2307
17;2025-12-03;21;1530
17;2025-12-03;22;795
17;2025-12-03;23;374
17;2025-12-04;0;123
17;2025-12-04;1;10
17;2025-12-04;2;0
17;2025-12-04;3;2
17;2025-12-04;4;24
17;2025-12-04;5;336
17;2025-12-04;6;1517
17;2025-12-04;7;3894
17;2025-12-04;8;4929
17;2025-12-04;9;3766
17;2025-12-04;10;3018
17;2025-12-04;11;2906
17;2025-12-04;12;2931
17;2025-12-04;13;3006
17;2025-12-04;14;3031
17;2025-12-04;15;3258
17;2025-12-04;16;3647
17;2025-12-04;17;4398
17;2025-12-04;18;4619
17;2025-12-04;19;3431
17;2025-12-04;20;2343
17;2025-12-04;21;1555
17;2025-12-04;22;820
17;2025-12-04;23;390
17;2025-12-05;0;131
17;2025-12-05;1;13
17;2025-12-05;2;0
17;2025-12-05;3;1
17;2025-12-05;4;24
17;2025-12-05;5;329
17;2025-12-05;6;1481
17;2025-12-05;7;3821
17;2025-12-05;8;4796
17;2025-12-05;9;3677
17;2025-12-05;10;2990
17;2025-12-05;11;2948
17;2025-12-05;12;2980
17;2025-12-05;13;3054
17;2025-12-05;14;3135
17;2025-12-05;15;3403
17;2025-12-05;16;3855
17;2025-12-05;17;4335
17;2025-12-05;18;4268
17;2025-12-05;19;3237
17;2025-12-05;20;2283
17;2025-12-05;21;1566
17;2025-12-05;22;839
17;2025-12-05;23;419
17;2025-12-06;0;175
17;2025-12-06;1;23
17;2025-12-06;2;1
17;2025-12-06;3;1
17;2025-12-06;4;4
17;2025-12-06;5;118
17;2025-12-06;6;562
17;2025-12-06;7;1135
17;2025-12-06;8;1598
17;2025-12-06;9;1933
17;2025-12-06;10;2258
17;2025-12-06;11;2612
17;2025-12-06;12;2843
17;2025-12-06;13;2968
17;2025-12-06;14;3051
17;2025-12-06;15;3138
17;2025-12-06;16;3128
17;2025-12-06;17;3007
17;2025-12-06;18;2829
17;2025-12-06;19;2304
17;2025-12-06;20;1789
17;2025-12-06;21;1327
17;2025-12-06;22;803
17;2025-12-06;23;424
17;2025-12-07;0;171
17;2025-12-07;1;23
17;2025-12-07;2;0
17;2025-12-07;3;1
17;2025-12-07;4;3
17;2025-12-07;5;74
17;2025-12-07;6;433
17;2025-12-07;7;776
17;2025-12-07;8;1196
17;2025-12-07;9;1572
17;2025-12-07;10;1962
17;2025-12-07;11;2351
17;2025-12-07;12;2653
17;2025-12-07;13;2822
17;2025-12-07;14;2929
17;2025-12-07;15;2973
17;2025-12-07;16;2911
17;2025-12-07;17;2799
17;2025-12-07;18;2598
17;2025-12-07;19;2089
17;2025-12-07;20;1581
17;2025-12-07;21;1174
17;2025-12-07;22;683
17;2025-12-07;23;322
17;2025-12-08;0;112
17;2025-12-08;1;11
17;2025-12-08;2;0
17;2025-12-08;3;0
17;2025-12-08;4;21
17;2025-12-08;5;320
17;2025-12-08;6;1482
17;2025-12-08;7;3866
17;2025-12-08;8;4892
17;2025-12-08;9;3701
17;2025-12-08;10;2925
17;2025-12-08;11;2831
17;2025-12-08;12;2840
17;2025-12-08;13;2909
17;2025-12-08;14;2938
17;2025-12-08;15;3182
17;2025-12-08;16;3548
17;2025-12-08;17;4322
17;2025-12-08;18;4578
17;2025-12-08;19;3382
17;2025-12-08;20;2260
17;2025-12-08;21;1456
17;2025-12-08;22;744
17;2025-12-08;23;329
17;2025-12-09;0;111
17;2025-12-09;1;10
17;2025-12-09;2;1
17;2025-12-09;3;0
17;2025-12-09;4;23
17;2025-12-09;5;329
17;2025-12-09;6;1509
17;2025-12-09;7;3894
17;2025-12-09;8;4926
17;2025-12-09;9;3752
17;2025-12-09;10;2985
17;2025-12-09;11;2853
17;2025-12-09;12;2894
17;2025-12-09;13;2955
17;2025-12-09;14;2998
17;2025-12-09;15;3208
17;2025-12-09;16;3574
17;2025-12-09;17;4350
17;2025-12-09;18;4612
17;2025-12-09;19;3396
17;2025-12-09;20;2290
17;2025-12-09;21;1496
17;2025-12-09;22;764
17;2025-12-09;23;346
17;2025-12-10;0;118
17;2025-12-10;1;10
17;2025-12-10;2;0
17;2025-12-10;3;0
17;2025-12-10;4;24
17;2025-12-10;5;329
17;2025-12-10;6;1512
17;2025-12-10;7;3910
17;2025-12-10;8;4916
17;2025-12-10;9;3749
17;2025-12-10;10;3004
17;2025-12-10;11;2908
17;2025-12-10;12;2930
17;2025-12-10;13;2995
17;2025-12-10;14;3033
17;2025-12-10;15;3246
17;2025-12-10;16;3603
17;2025-12-10;17;4355
17;2025-12-10;18;4611
17;2025-12-10;19;3410
17;2025-12-10;20;2313
17;2025-12-10;21;1534
17;2025-12-10;22;798
17;2025-12-10;23;375
17;2025-12-11;0;123
17;2025-12-11;1;11
17;2025-12-11;2;1
17;2025-12-11;3;2
17;2025-12-11;4;25
17;2025-12-11;5;337
17;2025-12-11;6;1514
17;2025-12-11;7;3870
17;2025-12-11;8;4893
17;2025-12-11;9;3741
17;2025-12-11;10;2976
17;2025-12-11;11;2879
17;2025-12-11;12;2905
17;2025-12-11;13;3000
17;2025-12-11;14;3028
17;2025-12-11;15;3255
17;2025-12-11;16;3643
17;2025-12-11;17;4383
17;2025-12-11;18;4576
17;2025-12-11;19;3395
17;2025-12-11;20;2319
17;2025-12-11;21;1538
17;2025-12-11;22;811
17;2025-12-11;23;400
17;2025-12-12;0;129
17;2025-12-12;1;14
17;2025-12-12;2;0
17;2025-12-12;3;2
17;2025-12-12;4;25
17;2025-12-12;5;341
17;2025-12-12;6;1489
17;2025-12-12;7;3814
17;2025-12-12;8;4773
17;2025-12-12;9;3666
17;2025-12-12;10;2998
17;2025-12-12;11;2955
17;2025-12-12;12;2985
17;2025-12-12;13;2996
17;2025-12-12;14;3042
17;2025-12-12;15;3289
17;2025-12-12;16;3755
17;2025-12-12;17;4248
17;2025-12-12;18;4195
17;2025-12-12;19;3218
17;2025-12-12;20;2277
17;2025-12-12;21;1564
17;2025-12-12;22;843
17;2025-12-12;23;417
17;2025-12-13;0;173
17;2025-12-13;1;21
17;2025-12-13;2;0
17;2025-12-13;3;0
17;2025-12-13;4;1
17;2025-12-13;5;110
17;2025-12-13;6;561
17;2025-12-13;7;1120
17;2025-12-13;8;1596
17;2025-12-13;9;1913
17;2025-12-13;10;2241
17;2025-12-13;11;2590
17;2025-12-13;12;2816
17;2025-12-13;13;2931
17;2025-12-13;14;2904
17;2025-12-13;15;2991
17;2025-12-13;16;3001
17;2025-12-13;17;2972
17;2025-12-13;18;2800
17;2025-12-13;19;2278
17;2025-12-13;20;1781
17;2025-12-13;21;1328
17;2025-12-13;22;802
17;2025-12-13;23;419
17;2025-12-14;0;168
17;2025-12-14;1;21
17;2025-12-14;2;0
17;2025-12-14;3;0
17;2025-12-14;4;2
17;2025-12-14;5;71
17;2025-12-14;6;432
17;2025-12-14;7;761
17;2025-12-14;8;1190
17;2025-12-14;9;1558
17;2025-12-14;10;1950
17;2025-12-14;11;2333
17;2025-12-14;12;2628
17;2025-12-14;13;2799
17;2025-12-14;14;2798
17;2025-12-14;15;2841
17;2025-12-14;16;2804
17;2025-12-14;17;2796
17;2025-12-14;18;2605
17;2025-12-14;19;2096
17;2025-12-14;20;1584
17;2025-12-14;21;1193
17;2025-12-14;22;700
17;2025-12-14;23;324
17;2025-12-15;0;113
17;2025-12-15;1;11
17;2025-12-15;2;0
17;2025-12-15;3;0
17;2025-12-15;4;22
17;2025-12-15;5;316
17;2025-12-15;6;1476
17;2025-12-15;7;3873
17;2025-12-15;8;4894
17;2025-12-15;9;3711
17;2025-12-15;10;2933
17;2025-12-15;11;2834
17;2025-12-15;12;2848
17;2025-12-15;13;2912
17;2025-12-15;14;2934
17;2025-12-15;15;3177
17;2025-12-15;16;3552
17;2025-12-15;17;4331
17;2025-12-15;18;4589
17;2025-12-15;19;3390
17;2025-12-15;20;2259
17;2025-12-15;21;1465
17;2025-12-15;22;753
17;2025-12-15;23;331
17;2025-12-16;0;112
17;2025-12-16;1;9
17;2025-12-16;2;0
17;2025-12-16;3;0
17;2025-12-16;4;23
17;2025-12-16;5;321
17;2025-12-16;6;1503
17;2025-12-16;7;3903
17;2025-12-16;8;4939
17;2025-12-16;9;3759
17;2025-12-16;10;2959
17;2025-12-16;11;2810
17;2025-12-16;12;2838
17;2025-12-16;13;2932
17;2025-12-16;14;2999
17;2025-12-16;15;3216
17;2025-12-16;16;3584
17;2025-12-16;17;4359
17;2025-12-16;18;4616
17;2025-12-16;19;3393
17;2025-12-16;20;2299
17;2025-12-16;21;1505
17;2025-12-16;22;769
17;2025-12-16;23;351
17;2025-12-17;0;118
17;2025-12-17;1;11
17;2025-12-17;2;1
17;2025-12-17;3;1
17;2025-12-17;4;24
17;2025-12-17;5;345
17;2025-12-17;6;1524
17;2025-12-17;7;3922
17;2025-12-17;8;4915
17;2025-12-17;9;3749
17;2025-12-17;10;3020
17;2025-12-17;11;2925
17;2025-12-17;12;2947
17;2025-12-17;13;3014
17;2025-12-17;14;3056
17;2025-12-17;15;3270
17;2025-12-17;16;3620
17;2025-12-17;17;4363
17;2025-12-17;18;4618
17;2025-12-17;19;3409
17;2025-12-17;20;2315
17;2025-12-17;21;1536
17;2025-12-17;22;801
17;2025-12-17;23;376
17;2025-12-18;0;124
17;2025-12-18;1;11
17;2025-12-18;2;1
17;2025-12-18;3;2
17;2025-12-18;4;25
17;2025-12-18;5;338
17;2025-12-18;6;1515
17;2025-12-18;7;3902
17;2025-12-18;8;4930
17;2025-12-18;9;3759
17;2025-12-18;10;3029
17;2025-12-18;11;2915
17;2025-12-18;12;2949
17;2025-12-18;13;3021
17;2025-12-18;14;3048
17;2025-12-18;15;3275
17;2025-12-18;16;3666
17;2025-12-18;17;4405
17;2025-12-18;18;4623
17;2025-12-18;19;3428
17;2025-12-18;20;2342
17;2025-12-18;21;1553
17;2025-12-18;22;817
17;2025-12-18;23;390
17;2025-12-19;0;131
17;2025-12-19;1;15
17;2025-12-19;2;1
17;2025-12-19;3;2
17;2025-12-19;4;25
17;2025-12-19;5;332
17;2025-12-19;6;1479
17;2025-12-19;7;3830
17;2025-12-19;8;4804
17;2025-12-19;9;3689
17;2025-12-19;10;3002
17;2025-12-19;11;2953
17;2025-12-19;12;2984
17;2025-12-19;13;3058
17;2025-12-19;14;3144
17;2025-12-19;15;3413
17;2025-12-19;16;3861
17;2025-12-19;17;4334
17;2025-12-19;18;4273
17;2025-12-19;19;3238
17;2025-12-19;20;2286
17;2025-12-19;21;1569
17;2025-12-19;22;843
17;2025-12-19;23;420
17;2025-12-20;0;175
17;2025-12-20;1;23
17;2025-12-20;2;1
17;2025-12-20;3;2
17;2025-12-20;4;5
17;2025-12-20;5;121
17;2025-12-20;6;563
17;2025-12-20;7;1139
17;2025-12-20;8;1608
17;2025-12-20;9;1936
17;2025-12-20;10;2263
17;2025-12-20;11;2608
17;2025-12-20;12;2830
17;2025-12-20;13;2968
17;2025-12-20;14;3049
17;2025-12-20;15;3131
17;2025-12-20;16;3112
17;2025-12-20;17;2989
17;2025-12-20;18;2800
17;2025-12-20;19;2283
17;2025-12-20;20;1780
17;2025-12-20;21;1319
17;2025-12-20;22;797
17;2025-12-20;23;420
17;2025-12-21;0;170
17;2025-12-21;1;23
17;2025-12-21;2;0
17;2025-12-21;3;1
17;2025-12-21;4;3
17;2025-12-21;5;78
17;2025-12-21;6;431
17;2025-12-21;7;780
17;2025-12-21;8;1225
17;2025-12-21;9;1593
17;2025-12-21;10;2003
17;2025-12-21;11;2406
17;2025-12-21;12;2702
17;2025-12-21;13;2871
17;2025-12-21;14;2979
17;2025-12-21;15;3024
17;2025-12-21;16;2961
17;2025-12-21;17;2827
17;2025-12-21;18;2622
17;2025-12-21;19;2089
17;2025-12-21;20;1580
17;2025-12-21;21;1177
17;2025-12-21;22;684
17;2025-12-21;23;324
17;2025-12-22;0;114
17;2025-12-22;1;14
17;2025-12-22;2;3
17;2025-12-22;3;3
17;2025-12-22;4;25
17;2025-12-22;5;325
17;2025-12-22;6;1486
17;2025-12-22;7;3882
17;2025-12-22;8;4898
17;2025-12-22;9;3704
17;2025-12-22;10;2947
17;2025-12-22;11;2853
17;2025-12-22;12;2858
17;2025-12-22;13;2913
17;2025-12-22;14;2934
17;2025-12-22;15;3169
17;2025-12-22;16;3538
17;2025-12-22;17;4323
17;2025-12-22;18;4584
17;2025-12-22;19;3388
17;2025-12-22;20;2265
17;2025-12-22;21;1465
17;2025-12-22;22;753
17;2025-12-22;23;331
17;2025-12-23;0;109
17;2025-12-23;1;9
17;2025-12-23;2;0
17;2025-12-23;3;0
17;2025-12-23;4;22
17;2025-12-23;5;324
17;2025-12-23;6;1503
17;2025-12-23;7;3897
17;2025-12-23;8;4923
17;2025-12-23;9;3744
17;2025-12-23;10;2979
17;2025-12-23;11;2840
17;2025-12-23;12;2891
17;2025-12-23;13;2940
17;2025-12-23;14;2991
17;2025-12-23;15;3197
17;2025-12-23;16;3573
17;2025-12-23;17;4364
17;2025-12-23;18;4629
17;2025-12-23;19;3409
17;2025-12-23;20;2301
17;2025-12-23;21;1518
17;2025-12-23;22;779
17;2025-12-23;23;355
17;2025-12-24;0;118
17;2025-12-24;1;10
17;2025-12-24;2;0
17;2025-12-24;3;0
17;2025-12-24;4;24
17;2025-12-24;5;331
17;2025-12-24;6;1508
17;2025-12-24;7;3907
17;2025-12-24;8;4923
17;2025-12-24;9;3742
17;2025-12-24;10;2996
17;2025-12-24;11;2881
17;2025-12-24;12;2915
17;2025-12-24;13;2975
17;2025-12-24;14;3011
17;2025-12-24;15;3225
17;2025-12-24;16;3584
17;2025-12-24;17;4352
17;2025-12-24;18;4609
17;2025-12-24;19;3411
17;2025-12-24;20;2292
17;2025-12-24;21;1522
17;2025-12-24;22;793
17;2025-12-24;23;369
17;2025-12-25;0;123
17;2025-12-25;1;11
17;2025-12-25;2;0
17;2025-12-25;3;2
17;2025-12-25;4;25
17;2025-12-25;5;338
17;2025-12-25;6;1515
17;2025-12-25;7;3876
17;2025-12-25;8;4929
17;2025-12-25;9;3765
17;2025-12-25;10;3024
17;2025-12-25;11;2917
17;2025-12-25;12;2941
17;2025-12-25;13;3008
17;2025-12-25;14;3028
17;2025-12-25;15;3258
17;2025-12-25;16;3623
17;2025-12-25;17;4370
17;2025-12-25;18;4563
17;2025-12-25;19;3393
17;2025-12-25;20;2311
17;2025-12-25;21;1518
17;2025-12-25;22;794
17;2025-12-25;23;372
17;2025-12-26;0;124
17;2025-12-26;1;10
17;2025-12-26;2;1
17;2025-12-26;3;3
17;2025-12-26;4;25
17;2025-12-26;5;324
17;2025-12-26;6;1472
17;2025-12-26;7;3767
17;2025-12-26;8;4738
17;2025-12-26;9;3624
17;2025-12-26;10;2882
17;2025-12-26;11;2842
17;2025-12-26;12;2869
17;2025-12-26;13;2972
17;2025-12-26;14;3039
17;2025-12-26;15;3305
17;2025-12-26;16;3734
17;2025-12-26;17;4195
17;2025-12-26;18;4136
17;2025-12-26;19;3179
17;2025-12-26;20;2240
17;2025-12-26;21;1523
17;2025-12-26;22;824
17;2025-12-26;23;403
17;2025-12-27;0;178
17;2025-12-27;1;26
17;2025-12-27;2;4
17;2025-12-27;3;2
17;2025-12-27;4;6
17;2025-12-27;5;118
17;2025-12-27;6;563
17;2025-12-27;7;1093
17;2025-12-27;8;1556
17;2025-12-27;9;1888
17;2025-12-27;10;2181
17;2025-12-27;11;2539
17;2025-12-27;12;2766
17;2025-12-27;13;2886
17;2025-12-27;14;2967
17;2025-12-27;15;3069
17;2025-12-27;16;3059
17;2025-12-27;17;2913
17;2025-12-27;18;2733
17;2025-12-27;19;2280
17;2025-12-27;20;1766
17;2025-12-27;21;1311
17;2025-12-27;22;787
17;2025-12-27;23;412
17;2025-12-28;0;173
17;2025-12-28;1;25
17;2025-12-28;2;1
17;2025-12-28;3;2
17;2025-12-28;4;4
17;2025-12-28;5;74
17;2025-12-28;6;427
17;2025-12-28;7;731
17;2025-12-28;8;1138
17;2025-12-28;9;1510
17;2025-12-28;10;1862
17;2025-12-28;11;2243
17;2025-12-28;12;2541
17;2025-12-28;13;2710
17;2025-12-28;14;2814
17;2025-12-28;15;2859
17;2025-12-28;16;2789
17;2025-12-28;17;2681
17;2025-12-28;18;2492
17;2025-12-28;19;2054
17;2025-12-28;20;1547
17;2025-12-28;21;1157
17;2025-12-28;22;671
17;2025-12-28;23;316
17;2025-12-29;0;113
17;2025-12-29;1;12
17;2025-12-29;2;1
17;2025-12-29;3;0
17;2025-12-29;4;22
17;2025-12-29;5;307
17;2025-12-29;6;1463
17;2025-12-29;7;3834
17;2025-12-29;8;4866
17;2025-12-29;9;3679
17;2025-12-29;10;2914
17;2025-12-29;11;2824
17;2025-12-29;12;2835
17;2025-12-29;13;2897
17;2025-12-29;14;2922
17;2025-12-29;15;3165
17;2025-12-29;16;3521
17;2025-12-29;17;4290
17;2025-12-29;18;4553
17;2025-12-29;19;3356
17;2025-12-29;20;2239
17;2025-12-29;21;1449
17;2025-12-29;22;737
17;2025-12-29;23;333
17;2025-12-30;0;114
17;2025-12-30;1;10
17;2025-12-30;2;0
17;2025-12-30;3;0
17;2025-12-30;4;22
17;2025-12-30;5;313
17;2025-12-30;6;1484
17;2025-12-30;7;3866
17;2025-12-30;8;4909
17;2025-12-30;9;3736
17;2025-12-30;10;2960
17;2025-12-30;11;2837
17;2025-12-30;12;2871
17;2025-12-30;13;2923
17;2025-12-30;14;2967
17;2025-12-30;15;3176
17;2025-12-30;16;3532
17;2025-12-30;17;4317
17;2025-12-30;18;4582
17;2025-12-30;19;3384
17;2025-12-30;20;2284
17;2025-12-30;21;1500
17;2025-12-30;22;767
17;2025-12-30;23;357
17;2025-12-31;0;126
17;2025-12-31;1;12
17;2025-12-31;2;0
17;2025-12-31;3;0
17;2025-12-31;4;4
17;2025-12-31;5;69
17;2025-12-31;6;562
17;2025-12-31;7;1327
17;2025-12-31;8;1783
17;2025-12-31;9;1832
17;2025-12-31;10;1780
17;2025-12-31;11;2071
17;2025-12-31;12;2212
17;2025-12-31;13;2296
17;2025-12-31;14;2384
17;2025-12-31;15;2535
17;2025-12-31;16;2632
17;2025-12-31;17;2786
17;2025-12-31;18;2787
17;2025-12-31;19;2158
17;2025-12-31;20;1645
17;2025-12-31;21;1186
17;2025-12-31;22;685
17;2025-12-31;23;337
25;2025-11-01;0;3
25;2025-11-01;1;0
25;2025-11-01;2;0
25;2025-11-01;3;0
25;2025-11-01;4;2
25;2025-11-01;5;26
25;2025-11-01;6;172
25;2025-11-01;7;380
25;2025-11-01;8;626
25;2025-11-01;9;424
25;2025-11-01;10;398
25;2025-11-01;11;458
25;2025-11-01;12;479
25;2025-11-01;13;560
25;2025-11-01;14;564
25;2025-11-01;15;634
25;2025-11-01;16;666
25;2025-11-01;17;651
25;2025-11-01;18;647
25;2025-11-01;19;485
25;2025-11-01;20;344
25;2025-11-01;21;260
25;2025-11-01;22;131
25;2025-11-01;23;64
25;2025-11-02;0;14
25;2025-11-02;1;1
25;2025-11-02;2;2
25;2025-11-02;3;2
25;2025-11-02;4;7
25;2025-11-02;5;5
25;2025-11-02;6;21
25;2025-11-02;7;37
25;2025-11-02;8;114
25;2025-11-02;9;133
25;2025-11-02;10;166
25;2025-11-02;11;237
25;2025-11-02;12;311
25;2025-11-02;13;383
25;2025-11-02;14;419
25;2025-11-02;15;471
25;2025-11-02;16;406
25;2025-11-02;17;353
25;2025-11-02;18;326
25;2025-11-02;19;259
25;2025-11-02;20;171
25;2025-11-02;21;159
25;2025-11-02;22;92
25;2025-11-02;23;39
25;2025-11-03;0;10
25;2025-11-03;1;3
25;2025-11-03;2;3
25;2025-11-03;3;2
25;2025-11-03;4;6
25;2025-11-03;5;3
25;2025-11-03;6;32
25;2025-11-03;7;110
25;2025-11-03;8;230
25;2025-11-03;9;163
25;2025-11-03;10;117
25;2025-11-03;11;189
25;2025-11-03;12;250
25;2025-11-03;13;306
25;2025-11-03;14;308
25;2025-11-03;15;363
25;2025-11-03;16;369
25;2025-11-03;17;379
25;2025-11-03;18;400
25;2025-11-03;19;275
25;2025-11-03;20;202
25;2025-11-03;21;150
25;2025-11-03;22;89
25;2025-11-03;23;31
25;2025-11-04;0;8
25;2025-11-04;1;5
25;2025-11-04;2;4
25;2025-11-04;3;4
25;2025-11-04;4;7
25;2025-11-04;5;1
25;2025-11-04;6;13
25;2025-11-04;7;82
25;2025-11-04;8;174
25;2025-11-04;9;127
25;2025-11-04;10;82
25;2025-11-04;11;141
25;2025-11-04;12;202
25;2025-11-04;13;272
25;2025-11-04;14;294
25;2025-11-04;15;343
25;2025-11-04;16;331
25;2025-11-04;17;312
25;2025-11-04;18;328
25;2025-11-04;19;245
25;2025-11-04;20;163
25;2025-11-04;21;144
25;2025-11-04;22;73
25;2025-11-04;23;22
25;2025-11-05;0;1
25;2025-11-05;1;1
25;2025-11-05;2;1
25;2025-11-05;3;2
25;2025-11-05;4;4
25;2025-11-05;5;13
25;2025-11-05;6;153
25;2025-11-05;7;501
25;2025-11-05;8;858
25;2025-11-05;9;452
25;2025-11-05;10;315
25;2025-11-05;11;353
25;2025-11-05;12;387
25;2025-11-05;13;447
25;2025-11-05;14;419
25;2025-11-05;15;500
25;2025-11-05;16;613
25;2025-11-05;17;680
25;2025-11-05;18;757
25;2025-11-05;19;505
25;2025-11-05;20;297
25;2025-11-05;21;195
25;2025-11-05;22;94
25;2025-11-05;23;14
25;2025-11-06;0;1
25;2025-11-06;1;1
25;2025-11-06;2;1
25;2025-11-06;3;1
25;2025-11-06;4;3
25;2025-11-06;5;9
25;2025-11-06;6;157
25;2025-11-06;7;499
25;2025-11-06;8;858
25;2025-11-06;9;455
25;2025-11-06;10;320
25;2025-11-06;11;354
25;2025-11-06;12;377
25;2025-11-06;13;445
25;2025-11-06;14;443
25;2025-11-06;15;509
25;2025-11-06;16;618
25;2025-11-06;17;689
25;2025-11-06;18;748
25;2025-11-06;19;498
25;2025-11-06;20;287
25;2025-11-06;21;184
25;2025-11-06;22;86
25;2025-11-06;23;6
25;2025-11-07;0;1
25;2025-11-07;1;0
25;2025-11-07;2;0
25;2025-11-07;3;0
25;2025-11-07;4;0
25;2025-11-07;5;1
25;2025-11-07;6;159
25;2025-11-07;7;509
25;2025-11-07;8;815
25;2025-11-07;9;453
25;2025-11-07;10;328
25;2025-11-07;11;386
25;2025-11-07;12;406
25;2025-11-07;13;476
25;2025-11-07;14;472
25;2025-11-07;15;564
25;2025-11-07;16;675
25;2025-11-07;17;694
25;2025-11-07;18;665
25;2025-11-07;19;472
25;2025-11-07;20;282
25;2025-11-07;21;183
25;2025-11-07;22;99
25;2025-11-07;23;9
25;2025-11-08;0;8
25;2025-11-08;1;3
25;2025-11-08;2;3
25;2025-11-08;3;2
25;2025-11-08;4;4
25;2025-11-08;5;18
25;2025-11-08;6;80
25;2025-11-08;7;129
25;2025-11-08;8;267
25;2025-11-08;9;264
25;2025-11-08;10;281
25;2025-11-08;11;353
25;2025-11-08;12;415
25;2025-11-08;13;499
25;2025-11-08;14;525
25;2025-11-08;15;584
25;2025-11-08;16;533
25;2025-11-08;17;483
25;2025-11-08;18;448
25;2025-11-08;19;378
25;2025-11-08;20;264
25;2025-11-08;21;203
25;2025-11-08;22;123
25;2025-11-08;23;51
25;2025-11-09;0;13
25;2025-11-09;1;0
25;2025-11-09;2;0
25;2025-11-09;3;0
25;2025-11-09;4;2
25;2025-11-09;5;8
25;2025-11-09;6;58
25;2025-11-09;7;98
25;2025-11-09;8;182
25;2025-11-09;9;195
25;2025-11-09;10;220
25;2025-11-09;11;276
25;2025-11-09;12;355
25;2025-11-09;13;428
25;2025-11-09;14;462
25;2025-11-09;15;511
25;2025-11-09;16;456
25;2025-11-09;17;413
25;2025-11-09;18;375
25;2025-11-09;19;286
25;2025-11-09;20;200
25;2025-11-09;21;175
25;2025-11-09;22;99
25;2025-11-09;23;34
25;2025-11-10;0;5
25;2025-11-10;1;0
25;2025-11-10;2;0
25;2025-11-10;3;0
25;2025-11-10;4;1
25;2025-11-10;5;5
25;2025-11-10;6;156
25;2025-11-10;7;516
25;2025-11-10;8;876
25;2025-11-10;9;469
25;2025-11-10;10;321
25;2025-11-10;11;352
25;2025-11-10;12;369
25;2025-11-10;13;439
25;2025-11-10;14;409
25;2025-11-10;15;501
25;2025-11-10;16;619
25;2025-11-10;17;711
25;2025-11-10;18;779
25;2025-11-10;19;510
25;2025-11-10;20;280
25;2025-11-10;21;184
25;2025-11-10;22;84
25;2025-11-10;23;2
25;2025-11-11;0;1
25;2025-11-11;1;0
25;2025-11-11;2;0
25;2025-11-11;3;0
25;2025-11-11;4;2
25;2025-11-11;5;9
25;2025-11-11;6;158
25;2025-11-11;7;524
25;2025-11-11;8;890
25;2025-11-11;9;498
25;2025-11-11;10;362
25;2025-11-11;11;382
25;2025-11-11;12;383
25;2025-11-11;13;442
25;2025-11-11;14;438
25;2025-11-11;15;521
25;2025-11-11;16;632
25;2025-11-11;17;710
25;2025-11-11;18;795
25;2025-11-11;19;521
25;2025-11-11;20;297
25;2025-11-11;21;198
25;2025-11-11;22;97
25;2025-11-11;23;9
25;2025-11-12;0;0
25;2025-11-12;1;0
25;2025-11-12;2;0
25;2025-11-12;3;0
25;2025-11-12;4;2
25;2025-11-12;5;8
25;2025-11-12;6;169
25;2025-11-12;7;529
25;2025-11-12;8;910
25;2025-11-12;9;501
25;2025-11-12;10;364
25;2025-11-12;11;384
25;2025-11-12;12;395
25;2025-11-12;13;467
25;2025-11-12;14;446
25;2025-11-12;15;531
25;2025-11-12;16;641
25;2025-11-12;17;720
25;2025-11-12;18;796
25;2025-11-12;19;516
25;2025-11-12;20;303
25;2025-11-12;21;200
25;2025-11-12;22;102
25;2025-11-12;23;12
25;2025-11-13;0;1
25;2025-11-13;1;1
25;2025-11-13;2;1
25;2025-11-13;3;1
25;2025-11-13;4;2
25;2025-11-13;5;10
25;2025-11-13;6;168
25;2025-11-13;7;528
25;2025-11-13;8;897
25;2025-11-13;9;493
25;2025-11-13;10;361
25;2025-11-13;11;385
25;2025-11-13;12;404
25;2025-11-13;13;457
25;2025-11-13;14;453
25;2025-11-13;15;533
25;2025-11-13;16;646
25;2025-11-13;17;726
25;2025-11-13;18;778
25;2025-11-13;19;512
25;2025-11-13;20;297
25;2025-11-13;21;199
25;2025-11-13;22;105
25;2025-11-13;23;14
25;2025-11-14;0;0
25;2025-11-14;1;0
25;2025-11-14;2;0
25;2025-11-14;3;0
25;2025-11-14;4;0
25;2025-11-14;5;7
25;2025-11-14;6;157
25;2025-11-14;7;526
25;2025-11-14;8;863
25;2025-11-14;9;482
25;2025-11-14;10;346
25;2025-11-14;11;399
25;2025-11-14;12;430
25;2025-11-14;13;493
25;2025-11-14;14;493
25;2025-11-14;15;589
25;2025-11-14;16;707
25;2025-11-14;17;737
25;2025-11-14;18;685
25;2025-11-14;19;487
25;2025-11-14;20;289
25;2025-11-14;21;194
25;2025-11-14;22;113
25;2025-11-14;23;21
25;2025-11-15;0;5
25;2025-11-15;1;0
25;2025-11-15;2;0
25;2025-11-15;3;0
25;2025-11-15;4;3
25;2025-11-15;5;20
25;2025-11-15;6;85
25;2025-11-15;7;140
25;2025-11-15;8;283
25;2025-11-15;9;272
25;2025-11-15;10;287
25;2025-11-15;11;358
25;2025-11-15;12;404
25;2025-11-15;13;488
25;2025-11-15;14;526
25;2025-11-15;15;595
25;2025-11-15;16;537
25;2025-11-15;17;491
25;2025-11-15;18;445
25;2025-11-15;19;363
25;2025-11-15;20;257
25;2025-11-15;21;203
25;2025-11-15;22;125
25;2025-11-15;23;50
25;2025-11-16;0;14
25;2025-11-16;1;0
25;2025-11-16;2;0
25;2025-11-16;3;2
25;2025-11-16;4;5
25;2025-11-16;5;9
25;2025-11-16;6;51
25;2025-11-16;7;92
25;2025-11-16;8;192
25;2025-11-16;9;201
25;2025-11-16;10;232
25;2025-11-16;11;298
25;2025-11-16;12;372
25;2025-11-16;13;449
25;2025-11-16;14;496
25;2025-11-16;15;542
25;2025-11-16;16;485
25;2025-11-16;17;427
25;2025-11-16;18;377
25;2025-11-16;19;280
25;2025-11-16;20;193
25;2025-11-16;21;174
25;2025-11-16;22;103
25;2025-11-16;23;37
25;2025-11-17;0;5
25;2025-11-17;1;0
25;2025-11-17;2;0
25;2025-11-17;3;0
25;2025-11-17;4;1
25;2025-11-17;5;4
25;2025-11-17;6;156
25;2025-11-17;7;514
25;2025-11-17;8;878
25;2025-11-17;9;470
25;2025-11-17;10;324
25;2025-11-17;11;355
25;2025-11-17;12;372
25;2025-11-17;13;441
25;2025-11-17;14;404
25;2025-11-17;15;491
25;2025-11-17;16;616
25;2025-11-17;17;716
25;2025-11-17;18;781
25;2025-11-17;19;497
25;2025-11-17;20;280
25;2025-11-17;21;182
25;2025-11-17;22;86
25;2025-11-17;23;4
25;2025-11-18;0;0
25;2025-11-18;1;1
25;2025-11-18;2;1
25;2025-11-18;3;0
25;2025-11-18;4;3
25;2025-11-18;5;15
25;2025-11-18;6;171
25;2025-11-18;7;542
25;2025-11-18;8;888
25;2025-11-18;9;502
25;2025-11-18;10;366
25;2025-11-18;11;397
25;2025-11-18;12;403
25;2025-11-18;13;461
25;2025-11-18;14;434
25;2025-11-18;15;518
25;2025-11-18;16;628
25;2025-11-18;17;684
25;2025-11-18;18;760
25;2025-11-18;19;492
25;2025-11-18;20;284
25;2025-11-18;21;185
25;2025-11-18;22;89
25;2025-11-18;23;9
25;2025-11-19;0;1
25;2025-11-19;1;0
25;2025-11-19;2;0
25;2025-11-19;3;0
25;2025-11-19;4;2
25;2025-11-19;5;7
25;2025-11-19;6;164
25;2025-11-19;7;526
25;2025-11-19;8;902
25;2025-11-19;9;493
25;2025-11-19;10;349
25;2025-11-19;11;379
25;2025-11-19;12;394
25;2025-11-19;13;459
25;2025-11-19;14;439
25;2025-11-19;15;537
25;2025-11-19;16;649
25;2025-11-19;17;734
25;2025-11-19;18;800
25;2025-11-19;19;524
25;2025-11-19;20;309
25;2025-11-19;21;204
25;2025-11-19;22;101
25;2025-11-19;23;11
25;2025-11-20;0;0
25;2025-11-20;1;0
25;2025-11-20;2;0
25;2025-11-20;3;0
25;2025-11-20;4;1
25;2025-11-20;5;5
25;2025-11-20;6;164
25;2025-11-20;7;521
25;2025-11-20;8;894
25;2025-11-20;9;488
25;2025-11-20;10;356
25;2025-11-20;11;381
25;2025-11-20;12;401
25;2025-11-20;13;457
25;2025-11-20;14;455
25;2025-11-20;15;533
25;2025-11-20;16;645
25;2025-11-20;17;736
25;2025-11-20;18;793
25;2025-11-20;19;524
25;2025-11-20;20;298
25;2025-11-20;21;203
25;2025-11-20;22;105
25;2025-11-20;23;11
25;2025-11-21;0;0
25;2025-11-21;1;0
25;2025-11-21;2;0
25;2025-11-21;3;0
25;2025-11-21;4;0
25;2025-11-21;5;3
25;2025-11-21;6;157
25;2025-11-21;7;515
25;2025-11-21;8;853
25;2025-11-21;9;476
25;2025-11-21;10;343
25;2025-11-21;11;396
25;2025-11-21;12;408
25;2025-11-21;13;477
25;2025-11-21;14;479
25;2025-11-21;15;575
25;2025-11-21;16;695
25;2025-11-21;17;737
25;2025-11-21;18;688
25;2025-11-21;19;495
25;2025-11-21;20;295
25;2025-11-21;21;199
25;2025-11-21;22;111
25;2025-11-21;23;18
25;2025-11-22;0;5
25;2025-11-22;1;0
25;2025-11-22;2;0
25;2025-11-22;3;0
25;2025-11-22;4;2
25;2025-11-22;5;22
25;2025-11-22;6;87
25;2025-11-22;7;138
25;2025-11-22;8;284
25;2025-11-22;9;274
25;2025-11-22;10;300
25;2025-11-22;11;370
25;2025-11-22;12;425
25;2025-11-22;13;506
25;2025-11-22;14;535
25;2025-11-22;15;600
25;2025-11-22;16;543
25;2025-11-22;17;496
25;2025-11-22;18;449
25;2025-11-22;19;370
25;2025-11-22;20;257
25;2025-11-22;21;199
25;2025-11-22;22;120
25;2025-11-22;23;46
25;2025-11-23;0;12
25;2025-11-23;1;0
25;2025-11-23;2;0
25;2025-11-23;3;0
25;2025-11-23;4;2
25;2025-11-23;5;6
25;2025-11-23;6;39
25;2025-11-23;7;82
25;2025-11-23;8;174
25;2025-11-23;9;188
25;2025-11-23;10;226
25;2025-11-23;11;285
25;2025-11-23;12;367
25;2025-11-23;13;440
25;2025-11-23;14;488
25;2025-11-23;15;540
25;2025-11-23;16;478
25;2025-11-23;17;413
25;2025-11-23;18;376
25;2025-11-23;19;281
25;2025-11-23;20;196
25;2025-11-23;21;169
25;2025-11-23;22;95
25;2025-11-23;23;32
25;2025-11-24;0;4
25;2025-11-24;1;1
25;2025-11-24;2;2
25;2025-11-24;3;2
25;2025-11-24;4;1
25;2025-11-24;5;1
25;2025-11-24;6;163
25;2025-11-24;7;522
25;2025-11-24;8;880
25;2025-11-24;9;479
25;2025-11-24;10;325
25;2025-11-24;11;345
25;2025-11-24;12;367
25;2025-11-24;13;441
25;2025-11-24;14;407
25;2025-11-24;15;500
25;2025-11-24;16;617
25;2025-11-24;17;713
25;2025-11-24;18;780
25;2025-11-24;19;493
25;2025-11-24;20;277
25;2025-11-24;21;177
25;2025-11-24;22;84
25;2025-11-24;23;6
25;2025-11-25;0;0
25;2025-11-25;1;0
25;2025-11-25;2;0
25;2025-11-25;3;0
25;2025-11-25;4;1
25;2025-11-25;5;3
25;2025-11-25;6;160
25;2025-11-25;7;520
25;2025-11-25;8;879
25;2025-11-25;9;482
25;2025-11-25;10;340
25;2025-11-25;11;365
25;2025-11-25;12;372
25;2025-11-25;13;438
25;2025-11-25;14;434
25;2025-11-25;15;514
25;2025-11-25;16;625
25;2025-11-25;17;693
25;2025-11-25;18;771
25;2025-11-25;19;507
25;2025-11-25;20;292
25;2025-11-25;21;192
25;2025-11-25;22;92
25;2025-11-25;23;6
25;2025-11-26;0;0
25;2025-11-26;1;0
25;2025-11-26;2;0
25;2025-11-26;3;0
25;2025-11-26;4;2
25;2025-11-26;5;14
25;2025-11-26;6;179
25;2025-11-26;7;527
25;2025-11-26;8;895
25;2025-11-26;9;495
25;2025-11-26;10;350
25;2025-11-26;11;381
25;2025-11-26;12;389
25;2025-11-26;13;458
25;2025-11-26;14;441
25;2025-11-26;15;529
25;2025-11-26;16;635
25;2025-11-26;17;721
25;2025-11-26;18;791
25;2025-11-26;19;519
25;2025-11-26;20;310
25;2025-11-26;21;206
25;2025-11-26;22;103
25;2025-11-26;23;14
25;2025-11-27;0;0
25;2025-11-27;1;0
25;2025-11-27;2;0
25;2025-11-27;3;0
25;2025-11-27;4;1
25;2025-11-27;5;12
25;2025-11-27;6;165
25;2025-11-27;7;524
25;2025-11-27;8;900
25;2025-11-27;9;498
25;2025-11-27;10;363
25;2025-11-27;11;387
25;2025-11-27;12;404
25;2025-11-27;13;450
25;2025-11-27;14;444
25;2025-11-27;15;521
25;2025-11-27;16;632
25;2025-11-27;17;717
25;2025-11-27;18;776
25;2025-11-27;19;507
25;2025-11-27;20;307
25;2025-11-27;21;207
25;2025-11-27;22;107
25;2025-11-27;23;18
25;2025-11-28;0;1
25;2025-11-28;1;1
25;2025-11-28;2;1
25;2025-11-28;3;1
25;2025-11-28;4;1
25;2025-11-28;5;13
25;2025-11-28;6;157
25;2025-11-28;7;521
25;2025-11-28;8;869
25;2025-11-28;9;489
25;2025-11-28;10;345
25;2025-11-28;11;405
25;2025-11-28;12;420
25;2025-11-28;13;485
25;2025-11-28;14;481
25;2025-11-28;15;575
25;2025-11-28;16;695
25;2025-11-28;17;721
25;2025-11-28;18;678
25;2025-11-28;19;485
25;2025-11-28;20;287
25;2025-11-28;21;195
25;2025-11-28;22;107
25;2025-11-28;23;15
25;2025-11-29;0;5
25;2025-11-29;1;0
25;2025-11-29;2;0
25;2025-11-29;3;0
25;2025-11-29;4;1
25;2025-11-29;5;16
25;2025-11-29;6;74
25;2025-11-29;7;129
25;2025-11-29;8;273
25;2025-11-29;9;262
25;2025-11-29;10;284
25;2025-11-29;11;348
25;2025-11-29;12;402
25;2025-11-29;13;478
25;2025-11-29;14;507
25;2025-11-29;15;566
25;2025-11-29;16;510
25;2025-11-29;17;460
25;2025-11-29;18;426
25;2025-11-29;19;347
25;2025-11-29;20;242
25;2025-11-29;21;195
25;2025-11-29;22;120
25;2025-11-29;23;50
25;2025-11-30;0;13
25;2025-11-30;1;0
25;2025-11-30;2;0
25;2025-11-30;3;0
25;2025-11-30;4;2
25;2025-11-30;5;6
25;2025-11-30;6;49
25;2025-11-30;7;91
25;2025-11-30;8;194
25;2025-11-30;9;207
25;2025-11-30;10;236
25;2025-11-30;11;295
25;2025-11-30;12;369
25;2025-11-30;13;450
25;2025-11-30;14;490
25;2025-11-30;15;545
25;2025-11-30;16;478
25;2025-11-30;17;419
25;2025-11-30;18;377
25;2025-11-30;19;285
25;2025-11-30;20;204
25;2025-11-30;21;169
25;2025-11-30;22;102
25;2025-11-30;23;36
25;2025-12-01;0;5
25;2025-12-01;1;0
25;2025-12-01;2;0
25;2025-12-01;3;0
25;2025-12-01;4;0
25;2025-12-01;5;1
25;2025-12-01;6;147
25;2025-12-01;7;487
25;2025-12-01;8;818
25;2025-12-01;9;435
25;2025-12-01;10;284
25;2025-12-01;11;302
25;2025-12-01;12;313
25;2025-12-01;13;379
25;2025-12-01;14;344
25;2025-12-01;15;427
25;2025-12-01;16;548
25;2025-12-01;17;640
25;2025-12-01;18;718
25;2025-12-01;19;453
25;2025-12-01;20;252
25;2025-12-01;21;164
25;2025-12-01;22;79
25;2025-12-01;23;2
25;2025-12-02;0;0
25;2025-12-02;1;0
25;2025-12-02;2;0
25;2025-12-02;3;0
25;2025-12-02;4;0
25;2025-12-02;5;1
25;2025-12-02;6;146
25;2025-12-02;7;496
25;2025-12-02;8;830
25;2025-12-02;9;456
25;2025-12-02;10;317
25;2025-12-02;11;336
25;2025-12-02;12;333
25;2025-12-02;13;386
25;2025-12-02;14;384
25;2025-12-02;15;459
25;2025-12-02;16;571
25;2025-12-02;17;641
25;2025-12-02;18;721
25;2025-12-02;19;482
25;2025-12-02;20;273
25;2025-12-02;21;183
25;2025-12-02;22;93
25;2025-12-02;23;4
25;2025-12-03;0;1
25;2025-12-03;1;0
25;2025-12-03;2;0
25;2025-12-03;3;1
25;2025-12-03;4;0
25;2025-12-03;5;3
25;2025-12-03;6;155
25;2025-12-03;7;500
25;2025-12-03;8;845
25;2025-12-03;9;463
25;2025-12-03;10;320
25;2025-12-03;11;341
25;2025-12-03;12;352
25;2025-12-03;13;412
25;2025-12-03;14;393
25;2025-12-03;15;471
25;2025-12-03;16;586
25;2025-12-03;17;658
25;2025-12-03;18;738
25;2025-12-03;19;483
25;2025-12-03;20;292
25;2025-12-03;21;192
25;2025-12-03;22;103
25;2025-12-03;23;9
25;2025-12-04;0;1
25;2025-12-04;1;0
25;2025-12-04;2;0
25;2025-12-04;3;0
25;2025-12-04;4;0
25;2025-12-04;5;2
25;2025-12-04;6;156
25;2025-12-04;7;498
25;2025-12-04;8;841
25;2025-12-04;9;463
25;2025-12-04;10;326
25;2025-12-04;11;340
25;2025-12-04;12;348
25;2025-12-04;13;405
25;2025-12-04;14;398
25;2025-12-04;15;471
25;2025-12-04;16;583
25;2025-12-04;17;664
25;2025-12-04;18;723
25;2025-12-04;19;484
25;2025-12-04;20;283
25;2025-12-04;21;191
25;2025-12-04;22;104
25;2025-12-04;23;9
25;2025-12-05;0;1
25;2025-12-05;1;0
25;2025-12-05;2;0
25;2025-12-05;3;0
25;2025-12-05;4;0
25;2025-12-05;5;1
25;2025-12-05;6;151
25;2025-12-05;7;497
25;2025-12-05;8;806
25;2025-12-05;9;450
25;2025-12-05;10;312
25;2025-12-05;11;355
25;2025-12-05;12;365
25;2025-12-05;13;424
25;2025-12-05;14;420
25;2025-12-05;15;510
25;2025-12-05;16;631
25;2025-12-05;17;666
25;2025-12-05;18;623
25;2025-12-05;19;447
25;2025-12-05;20;271
25;2025-12-05;21;184
25;2025-12-05;22;105
25;2025-12-05;23;8
25;2025-12-06;0;6
25;2025-12-06;1;0
25;2025-12-06;2;0
25;2025-12-06;3;0
25;2025-12-06;4;0
25;2025-12-06;5;6
25;2025-12-06;6;59
25;2025-12-06;7;115
25;2025-12-06;8;242
25;2025-12-06;9;240
25;2025-12-06;10;254
25;2025-12-06;11;317
25;2025-12-06;12;369
25;2025-12-06;13;438
25;2025-12-06;14;461
25;2025-12-06;15;510
25;2025-12-06;16;465
25;2025-12-06;17;417
25;2025-12-06;18;379
25;2025-12-06;19;323
25;2025-12-06;20;230
25;2025-12-06;21;181
25;2025-12-06;22;117
25;2025-12-06;23;44
25;2025-12-07;0;14
25;2025-12-07;1;0
25;2025-12-07;2;0
25;2025-12-07;3;0
25;2025-12-07;4;0
25;2025-12-07;5;1
25;2025-12-07;6;37
25;2025-12-07;7;73
25;2025-12-07;8;161
25;2025-12-07;9;170
25;2025-12-07;10;197
25;2025-12-07;11;247
25;2025-12-07;12;322
25;2025-12-07;13;383
25;2025-12-07;14;419
25;2025-12-07;15;459
25;2025-12-07;16;414
25;2025-12-07;17;367
25;2025-12-07;18;330
25;2025-12-07;19;261
25;2025-12-07;20;190
25;2025-12-07;21;162
25;2025-12-07;22;97
25;2025-12-07;23;31
25;2025-12-08;0;9
25;2025-12-08;1;4
25;2025-12-08;2;4
25;2025-12-08;3;4
25;2025-12-08;4;3
25;2025-12-08;5;1
25;2025-12-08;6;145
25;2025-12-08;7;490
25;2025-12-08;8;816
25;2025-12-08;9;436
25;2025-12-08;10;286
25;2025-12-08;11;306
25;2025-12-08;12;321
25;2025-12-08;13;387
25;2025-12-08;14;348
25;2025-12-08;15;437
25;2025-12-08;16;554
25;2025-12-08;17;649
25;2025-12-08;18;717
25;2025-12-08;19;462
25;2025-12-08;20;255
25;2025-12-08;21;163
25;2025-12-08;22;78
25;2025-12-08;23;2
25;2025-12-09;0;0
25;2025-12-09;1;0
25;2025-12-09;2;0
25;2025-12-09;3;0
25;2025-12-09;4;0
25;2025-12-09;5;1
25;2025-12-09;6;150
25;2025-12-09;7;500
25;2025-12-09;8;834
25;2025-12-09;9;460
25;2025-12-09;10;320
25;2025-12-09;11;337
25;2025-12-09;12;338
25;2025-12-09;13;391
25;2025-12-09;14;378
25;2025-12-09;15;452
25;2025-12-09;16;560
25;2025-12-09;17;628
25;2025-12-09;18;710
25;2025-12-09;19;465
25;2025-12-09;20;263
25;2025-12-09;21;171
25;2025-12-09;22;87
25;2025-12-09;23;2
25;2025-12-10;0;0
25;2025-12-10;1;0
25;2025-12-10;2;0
25;2025-12-10;3;0
25;2025-12-10;4;0
25;2025-12-10;5;1
25;2025-12-10;6;156
25;2025-12-10;7;504
25;2025-12-10;8;849
25;2025-12-10;9;463
25;2025-12-10;10;323
25;2025-12-10;11;341
25;2025-12-10;12;354
25;2025-12-10;13;413
25;2025-12-10;14;389
25;2025-12-10;15;468
25;2025-12-10;16;588
25;2025-12-10;17;660
25;2025-12-10;18;729
25;2025-12-10;19;482
25;2025-12-10;20;286
25;2025-12-10;21;186
25;2025-12-10;22;97
25;2025-12-10;23;5
25;2025-12-11;0;0
25;2025-12-11;1;0
25;2025-12-11;2;0
25;2025-12-11;3;0
25;2025-12-11;4;0
25;2025-12-11;5;1
25;2025-12-11;6;149
25;2025-12-11;7;499
25;2025-12-11;8;831
25;2025-12-11;9;463
25;2025-12-11;10;325
25;2025-12-11;11;339
25;2025-12-11;12;353
25;2025-12-11;13;400
25;2025-12-11;14;392
25;2025-12-11;15;469
25;2025-12-11;16;587
25;2025-12-11;17;659
25;2025-12-11;18;711
25;2025-12-11;19;472
25;2025-12-11;20;277
25;2025-12-11;21;188
25;2025-12-11;22;103
25;2025-12-11;23;11
25;2025-12-12;0;0
25;2025-12-12;1;0
25;2025-12-12;2;0
25;2025-12-12;3;0
25;2025-12-12;4;0
25;2025-12-12;5;1
25;2025-12-12;6;148
25;2025-12-12;7;496
25;2025-12-12;8;797
25;2025-12-12;9;446
25;2025-12-12;10;322
25;2025-12-12;11;362
25;2025-12-12;12;369
25;2025-12-12;13;420
25;2025-12-12;14;407
25;2025-12-12;15;497
25;2025-12-12;16;618
25;2025-12-12;17;650
25;2025-12-12;18;601
25;2025-12-12;19;433
25;2025-12-12;20;270
25;2025-12-12;21;182
25;2025-12-12;22;106
25;2025-12-12;23;7
25;2025-12-13;0;7
25;2025-12-13;1;0
25;2025-12-13;2;0
25;2025-12-13;3;0
25;2025-12-13;4;0
25;2025-12-13;5;6
25;2025-12-13;6;62
25;2025-12-13;7;117
25;2025-12-13;8;253
25;2025-12-13;9;246
25;2025-12-13;10;262
25;2025-12-13;11;324
25;2025-12-13;12;375
25;2025-12-13;13;439
25;2025-12-13;14;463
25;2025-12-13;15;511
25;2025-12-13;16;473
25;2025-12-13;17;412
25;2025-12-13;18;383
25;2025-12-13;19;322
25;2025-12-13;20;239
25;2025-12-13;21;189
25;2025-12-13;22;120
25;2025-12-13;23;45
25;2025-12-14;0;14
25;2025-12-14;1;0
25;2025-12-14;2;0
25;2025-12-14;3;0
25;2025-12-14;4;0
25;2025-12-14;5;2
25;2025-12-14;6;39
25;2025-12-14;7;75
25;2025-12-14;8;166
25;2025-12-14;9;175
25;2025-12-14;10;204
25;2025-12-14;11;253
25;2025-12-14;12;326
25;2025-12-14;13;385
25;2025-12-14;14;423
25;2025-12-14;15;463
25;2025-12-14;16;420
25;2025-12-14;17;367
25;2025-12-14;18;334
25;2025-12-14;19;262
25;2025-12-14;20;189
25;2025-12-14;21;169
25;2025-12-14;22;102
25;2025-12-14;23;31
25;2025-12-15;0;6
25;2025-12-15;1;0
25;2025-12-15;2;0
25;2025-12-15;3;0
25;2025-12-15;4;0
25;2025-12-15;5;1
25;2025-12-15;6;145
25;2025-12-15;7;495
25;2025-12-15;8;817
25;2025-12-15;9;446
25;2025-12-15;10;298
25;2025-12-15;11;316
25;2025-12-15;12;333
25;2025-12-15;13;395
25;2025-12-15;14;360
25;2025-12-15;15;449
25;2025-12-15;16;569
25;2025-12-15;17;672
25;2025-12-15;18;736
25;2025-12-15;19;474
25;2025-12-15;20;263
25;2025-12-15;21;172
25;2025-12-15;22;86
25;2025-12-15;23;2
25;2025-12-16;0;2
25;2025-12-16;1;0
25;2025-12-16;2;0
25;2025-12-16;3;0
25;2025-12-16;4;0
25;2025-12-16;5;1
25;2025-12-16;6;149
25;2025-12-16;7;500
25;2025-12-16;8;839
25;2025-12-16;9;463
25;2025-12-16;10;330
25;2025-12-16;11;346
25;2025-12-16;12;342
25;2025-12-16;13;387
25;2025-12-16;14;381
25;2025-12-16;15;456
25;2025-12-16;16;565
25;2025-12-16;17;637
25;2025-12-16;18;714
25;2025-12-16;19;468
25;2025-12-16;20;267
25;2025-12-16;21;175
25;2025-12-16;22;89
25;2025-12-16;23;2
25;2025-12-17;0;0
25;2025-12-17;1;0
25;2025-12-17;2;0
25;2025-12-17;3;0
25;2025-12-17;4;0
25;2025-12-17;5;1
25;2025-12-17;6;155
25;2025-12-17;7;505
25;2025-12-17;8;849
25;2025-12-17;9;465
25;2025-12-17;10;324
25;2025-12-17;11;346
25;2025-12-17;12;359
25;2025-12-17;13;419
25;2025-12-17;14;401
25;2025-12-17;15;481
25;2025-12-17;16;593
25;2025-12-17;17;668
25;2025-12-17;18;735
25;2025-12-17;19;481
25;2025-12-17;20;288
25;2025-12-17;21;189
25;2025-12-17;22;101
25;2025-12-17;23;4
25;2025-12-18;0;1
25;2025-12-18;1;0
25;2025-12-18;2;0
25;2025-12-18;3;0
25;2025-12-18;4;0
25;2025-12-18;5;1
25;2025-12-18;6;151
25;2025-12-18;7;500
25;2025-12-18;8;840
25;2025-12-18;9;460
25;2025-12-18;10;325
25;2025-12-18;11;340
25;2025-12-18;12;357
25;2025-12-18;13;409
25;2025-12-18;14;401
25;2025-12-18;15;477
25;2025-12-18;16;589
25;2025-12-18;17;672
25;2025-12-18;18;727
25;2025-12-18;19;485
25;2025-12-18;20;282
25;2025-12-18;21;189
25;2025-12-18;22;103
25;2025-12-18;23;9
25;2025-12-19;0;1
25;2025-12-19;1;0
25;2025-12-19;2;0
25;2025-12-19;3;0
25;2025-12-19;4;0
25;2025-12-19;5;1
25;2025-12-19;6;147
25;2025-12-19;7;500
25;2025-12-19;8;808
25;2025-12-19;9;455
25;2025-12-19;10;319
25;2025-12-19;11;356
25;2025-12-19;12;366
25;2025-12-19;13;425
25;2025-12-19;14;426
25;2025-12-19;15;516
25;2025-12-19;16;633
25;2025-12-19;17;665
25;2025-12-19;18;621
25;2025-12-19;19;446
25;2025-12-19;20;271
25;2025-12-19;21;183
25;2025-12-19;22;106
25;2025-12-19;23;7
25;2025-12-20;0;6
25;2025-12-20;1;0
25;2025-12-20;2;0
25;2025-12-20;3;1
25;2025-12-20;4;0
25;2025-12-20;5;4
25;2025-12-20;6;57
25;2025-12-20;7;115
25;2025-12-20;8;247
25;2025-12-20;9;241
25;2025-12-20;10;255
25;2025-12-20;11;313
25;2025-12-20;12;364
25;2025-12-20;13;434
25;2025-12-20;14;454
25;2025-12-20;15;502
25;2025-12-20;16;461
25;2025-12-20;17;413
25;2025-12-20;18;373
25;2025-12-20;19;318
25;2025-12-20;20;229
25;2025-12-20;21;179
25;2025-12-20;22;115
25;2025-12-20;23;43
25;2025-12-21;0;14
25;2025-12-21;1;1
25;2025-12-21;2;0
25;2025-12-21;3;0
25;2025-12-21;4;0
25;2025-12-21;5;1
25;2025-12-21;6;32
25;2025-12-21;7;71
25;2025-12-21;8;163
25;2025-12-21;9;176
25;2025-12-21;10;201
25;2025-12-21;11;248
25;2025-12-21;12;319
25;2025-12-21;13;379
25;2025-12-21;14;415
25;2025-12-21;15;459
25;2025-12-21;16;413
25;2025-12-21;17;367
25;2025-12-21;18;327
25;2025-12-21;19;256
25;2025-12-21;20;186
25;2025-12-21;21;163
25;2025-12-21;22;99
25;2025-12-21;23;33
25;2025-12-22;0;7
25;2025-12-22;1;1
25;2025-12-22;2;1
25;2025-12-22;3;1
25;2025-12-22;4;0
25;2025-12-22;5;1
25;2025-12-22;6;146
25;2025-12-22;7;497
25;2025-12-22;8;822
25;2025-12-22;9;441
25;2025-12-22;10;293
25;2025-12-22;11;311
25;2025-12-22;12;324
25;2025-12-22;13;389
25;2025-12-22;14;347
25;2025-12-22;15;435
25;2025-12-22;16;553
25;2025-12-22;17;650
25;2025-12-22;18;717
25;2025-12-22;19;462
25;2025-12-22;20;258
25;2025-12-22;21;167
25;2025-12-22;22;82
25;2025-12-22;23;2
25;2025-12-23;0;0
25;2025-12-23;1;0
25;2025-12-23;2;0
25;2025-12-23;3;0
25;2025-12-23;4;0
25;2025-12-23;5;1
25;2025-12-23;6;145
25;2025-12-23;7;495
25;2025-12-23;8;832
25;2025-12-23;9;456
25;2025-12-23;10;314
25;2025-12-23;11;332
25;2025-12-23;12;333
25;2025-12-23;13;383
25;2025-12-23;14;378
25;2025-12-23;15;451
25;2025-12-23;16;567
25;2025-12-23;17;636
25;2025-12-23;18;720
25;2025-12-23;19;473
25;2025-12-23;20;268
25;2025-12-23;21;178
25;2025-12-23;22;90
25;2025-12-23;23;2
25;2025-12-24;0;1
25;2025-12-24;1;0
25;2025-12-24;2;0
25;2025-12-24;3;0
25;2025-12-24;4;0
25;2025-12-24;5;1
25;2025-12-24;6;152
25;2025-12-24;7;502
25;2025-12-24;8;850
25;2025-12-24;9;463
25;2025-12-24;10;318
25;2025-12-24;11;334
25;2025-12-24;12;349
25;2025-12-24;13;405
25;2025-12-24;14;383
25;2025-12-24;15;462
25;2025-12-24;16;580
25;2025-12-24;17;667
25;2025-12-24;18;741
25;2025-12-24;19;483
25;2025-12-24;20;281
25;2025-12-24;21;185
25;2025-12-24;22;95
25;2025-12-24;23;2
25;2025-12-25;0;1
25;2025-12-25;1;0
25;2025-12-25;2;0
25;2025-12-25;3;0
25;2025-12-25;4;2
25;2025-12-25;5;4
25;2025-12-25;6;153
25;2025-12-25;7;494
25;2025-12-25;8;852
25;2025-12-25;9;470
25;2025-12-25;10;336
25;2025-12-25;11;356
25;2025-12-25;12;370
25;2025-12-25;13;420
25;2025-12-25;14;411
25;2025-12-25;15;483
25;2025-12-25;16;591
25;2025-12-25;17;671
25;2025-12-25;18;730
25;2025-12-25;19;482
25;2025-12-25;20;284
25;2025-12-25;21;187
25;2025-12-25;22;105
25;2025-12-25;23;9
25;2025-12-26;0;0
25;2025-12-26;1;0
25;2025-12-26;2;0
25;2025-12-26;3;0
25;2025-12-26;4;0
25;2025-12-26;5;1
25;2025-12-26;6;148
25;2025-12-26;7;495
25;2025-12-26;8;803
25;2025-12-26;9;452
25;2025-12-26;10;324
25;2025-12-26;11;366
25;2025-12-26;12;373
25;2025-12-26;13;435
25;2025-12-26;14;426
25;2025-12-26;15;515
25;2025-12-26;16;636
25;2025-12-26;17;663
25;2025-12-26;18;624
25;2025-12-26;19;446
25;2025-12-26;20;270
25;2025-12-26;21;177
25;2025-12-26;22;103
25;2025-12-26;23;4
25;2025-12-27;0;10
25;2025-12-27;1;3
25;2025-12-27;2;2
25;2025-12-27;3;2
25;2025-12-27;4;4
25;2025-12-27;5;13
25;2025-12-27;6;64
25;2025-12-27;7;123
25;2025-12-27;8;242
25;2025-12-27;9;236
25;2025-12-27;10;251
25;2025-12-27;11;317
25;2025-12-27;12;366
25;2025-12-27;13;438
25;2025-12-27;14;457
25;2025-12-27;15;516
25;2025-12-27;16;473
25;2025-12-27;17;422
25;2025-12-27;18;385
25;2025-12-27;19;330
25;2025-12-27;20;238
25;2025-12-27;21;191
25;2025-12-27;22;125
25;2025-12-27;23;52
25;2025-12-28;0;15
25;2025-12-28;1;1
25;2025-12-28;2;0
25;2025-12-28;3;1
25;2025-12-28;4;4
25;2025-12-28;5;7
25;2025-12-28;6;42
25;2025-12-28;7;76
25;2025-12-28;8;151
25;2025-12-28;9;156
25;2025-12-28;10;186
25;2025-12-28;11;235
25;2025-12-28;12;310
25;2025-12-28;13;368
25;2025-12-28;14;403
25;2025-12-28;15;447
25;2025-12-28;16;400
25;2025-12-28;17;352
25;2025-12-28;18;322
25;2025-12-28;19;259
25;2025-12-28;20;185
25;2025-12-28;21;166
25;2025-12-28;22;102
25;2025-12-28;23;38
25;2025-12-29;0;6
25;2025-12-29;1;1
25;2025-12-29;2;0
25;2025-12-29;3;1
25;2025-12-29;4;1
25;2025-12-29;5;1
25;2025-12-29;6;141
25;2025-12-29;7;483
25;2025-12-29;8;821
25;2025-12-29;9;439
25;2025-12-29;10;294
25;2025-12-29;11;316
25;2025-12-29;12;333
25;2025-12-29;13;395
25;2025-12-29;14;358
25;2025-12-29;15;442
25;2025-12-29;16;558
25;2025-12-29;17;649
25;2025-12-29;18;726
25;2025-12-29;19;461
25;2025-12-29;20;254
25;2025-12-29;21;163
25;2025-12-29;22;79
25;2025-12-29;23;2
25;2025-12-30;0;1
25;2025-12-30;1;0
25;2025-12-30;2;0
25;2025-12-30;3;0
25;2025-12-30;4;0
25;2025-12-30;5;4
25;2025-12-30;6;147
25;2025-12-30;7;495
25;2025-12-30;8;833
25;2025-12-30;9;462
25;2025-12-30;10;320
25;2025-12-30;11;343
25;2025-12-30;12;342
25;2025-12-30;13;389
25;2025-12-30;14;378
25;2025-12-30;15;453
25;2025-12-30;16;556
25;2025-12-30;17;625
25;2025-12-30;18;710
25;2025-12-30;19;469
25;2025-12-30;20;267
25;2025-12-30;21;173
25;2025-12-30;22;85
25;2025-12-30;23;5
25;2025-12-31;0;4
25;2025-12-31;1;0
25;2025-12-31;2;0
25;2025-12-31;3;0
25;2025-12-31;4;6
25;2025-12-31;5;1
25;2025-12-31;6;19
25;2025-12-31;7;62
25;2025-12-31;8;162
25;2025-12-31;9;106
25;2025-12-31;10;61
25;2025-12-31;11;107
25;2025-12-31;12;159
25;2025-12-31;13;205
25;2025-12-31;14;230
25;2025-12-31;15;275
25;2025-12-31;16;278
25;2025-12-31;17;273
25;2025-12-31;18;302
25;2025-12-31;19;200
25;2025-12-31;20;157
25;2025-12-31;21;135
25;2025-12-31;22;83
25;2025-12-31;23;23
26;2025-11-01;0;57
26;2025-11-01;1;5
26;2025-11-01;2;0
26;2025-11-01;3;0
26;2025-11-01;4;3
26;2025-11-01;5;109
26;2025-11-01;6;518
26;2025-11-01;7;1015
26;2025-11-01;8;1438
26;2025-11-01;9;1173
26;2025-11-01;10;1161
26;2025-11-01;11;1196
26;2025-11-01;12;1205
26;2025-11-01;13;1285
26;2025-11-01;14;1263
26;2025-11-01;15;1319
26;2025-11-01;16;1431
26;2025-11-01;17;1482
26;2025-11-01;18;1453
26;2025-11-01;19;1102
26;2025-11-01;20;834
26;2025-11-01;21;559
26;2025-11-01;22;341
26;2025-11-01;23;218
26;2025-11-02;0;48
26;2025-11-02;1;5
26;2025-11-02;2;1
26;2025-11-02;3;2
26;2025-11-02;4;3
26;2025-11-02;5;22
26;2025-11-02;6;115
26;2025-11-02;7;167
26;2025-11-02;8;276
26;2025-11-02;9;414
26;2025-11-02;10;504
26;2025-11-02;11;633
26;2025-11-02;12;719
26;2025-11-02;13;768
26;2025-11-02;14;759
26;2025-11-02;15;710
26;2025-11-02;16;669
26;2025-11-02;17;658
26;2025-11-02;18;600
26;2025-11-02;19;487
26;2025-11-02;20;341
26;2025-11-02;21;268
26;2025-11-02;22;163
26;2025-11-02;23;97
26;2025-11-03;0;38
26;2025-11-03;1;5
26;2025-11-03;2;1
26;2025-11-03;3;0
26;2025-11-03;4;0
26;2025-11-03;5;22
26;2025-11-03;6;186
26;2025-11-03;7;339
26;2025-11-03;8;548
26;2025-11-03;9;546
26;2025-11-03;10;525
26;2025-11-03;11;590
26;2025-11-03;12;647
26;2025-11-03;13;689
26;2025-11-03;14;686
26;2025-11-03;15;723
26;2025-11-03;16;710
26;2025-11-03;17;818
26;2025-11-03;18;831
26;2025-11-03;19;662
26;2025-11-03;20;421
26;2025-11-03;21;287
26;2025-11-03;22;161
26;2025-11-03;23;99
26;2025-11-04;0;40
26;2025-11-04;1;7
26;2025-11-04;2;3
26;2025-11-04;3;3
26;2025-11-04;4;1
26;2025-11-04;5;10
26;2025-11-04;6;148
26;2025-11-04;7;287
26;2025-11-04;8;465
26;2025-11-04;9;448
26;2025-11-04;10;406
26;2025-11-04;11;514
26;2025-11-04;12;570
26;2025-11-04;13;629
26;2025-11-04;14;641
26;2025-11-04;15;668
26;2025-11-04;16;665
26;2025-11-04;17;748
26;2025-11-04;18;781
26;2025-11-04;19;626
26;2025-11-04;20;388
26;2025-11-04;21;274
26;2025-11-04;22;145
26;2025-11-04;23;91
26;2025-11-05;0;32
26;2025-11-05;1;1
26;2025-11-05;2;0
26;2025-11-05;3;0
26;2025-11-05;4;3
26;2025-11-05;5;83
26;2025-11-05;6;496
26;2025-11-05;7;1191
26;2025-11-05;8;2007
26;2025-11-05;9;1418
26;2025-11-05;10;1121
26;2025-11-05;11;1074
26;2025-11-05;12;1094
26;2025-11-05;13;1127
26;2025-11-05;14;1163
26;2025-11-05;15;1258
26;2025-11-05;16;1403
26;2025-11-05;17;1657
26;2025-11-05;18;1772
26;2025-11-05;19;1260
26;2025-11-05;20;761
26;2025-11-05;21;444
26;2025-11-05;22;207
26;2025-11-05;23;117
26;2025-11-06;0;33
26;2025-11-06;1;2
26;2025-11-06;2;0
26;2025-11-06;3;0
26;2025-11-06;4;3
26;2025-11-06;5;81
26;2025-11-06;6;492
26;2025-11-06;7;1185
26;2025-11-06;8;2009
26;2025-11-06;9;1412
26;2025-11-06;10;1111
26;2025-11-06;11;1067
26;2025-11-06;12;1082
26;2025-11-06;13;1125
26;2025-11-06;14;1143
26;2025-11-06;15;1255
26;2025-11-06;16;1412
26;2025-11-06;17;1677
26;2025-11-06;18;1785
26;2025-11-06;19;1246
26;2025-11-06;20;756
26;2025-11-06;21;435
26;2025-11-06;22;208
26;2025-11-06;23;121
26;2025-11-07;0;35
26;2025-11-07;1;1
26;2025-11-07;2;0
26;2025-11-07;3;0
26;2025-11-07;4;1
26;2025-11-07;5;76
26;2025-11-07;6;490
26;2025-11-07;7;1151
26;2025-11-07;8;1898
26;2025-11-07;9;1362
26;2025-11-07;10;1113
26;2025-11-07;11;1072
26;2025-11-07;12;1117
26;2025-11-07;13;1159
26;2025-11-07;14;1179
26;2025-11-07;15;1338
26;2025-11-07;16;1512
26;2025-11-07;17;1619
26;2025-11-07;18;1499
26;2025-11-07;19;1119
26;2025-11-07;20;713
26;2025-11-07;21;423
26;2025-11-07;22;213
26;2025-11-07;23;136
26;2025-11-08;0;49
26;2025-11-08;1;5
26;2025-11-08;2;3
26;2025-11-08;3;1
26;2025-11-08;4;4
26;2025-11-08;5;57
26;2025-11-08;6;236
26;2025-11-08;7;368
26;2025-11-08;8;538
26;2025-11-08;9;658
26;2025-11-08;10;755
26;2025-11-08;11;874
26;2025-11-08;12;934
26;2025-11-08;13;976
26;2025-11-08;14;977
26;2025-11-08;15;934
26;2025-11-08;16;900
26;2025-11-08;17;879
26;2025-11-08;18;819
26;2025-11-08;19;709
26;2025-11-08;20;524
26;2025-11-08;21;365
26;2025-11-08;22;213
26;2025-11-08;23;141
26;2025-11-09;0;48
26;2025-11-09;1;4
26;2025-11-09;2;0
26;2025-11-09;3;0
26;2025-11-09;4;1
26;2025-11-09;5;31
26;2025-11-09;6;152
26;2025-11-09;7;247
26;2025-11-09;8;369
26;2025-11-09;9;503
26;2025-11-09;10;581
26;2025-11-09;11;690
26;2025-11-09;12;783
26;2025-11-09;13;826
26;2025-11-09;14;817
26;2025-11-09;15;771
26;2025-11-09;16;747
26;2025-11-09;17;743
26;2025-11-09;18;673
26;2025-11-09;19;533
26;2025-11-09;20;392
26;2025-11-09;21;287
26;2025-11-09;22;174
26;2025-11-09;23;101
26;2025-11-10;0;30
26;2025-11-10;1;1
26;2025-11-10;2;0
26;2025-11-10;3;0
26;2025-11-10;4;1
26;2025-11-10;5;78
26;2025-11-10;6;494
26;2025-11-10;7;1198
26;2025-11-10;8;2026
26;2025-11-10;9;1441
26;2025-11-10;10;1128
26;2025-11-10;11;1070
26;2025-11-10;12;1082
26;2025-11-10;13;1137
26;2025-11-10;14;1132
26;2025-11-10;15;1259
26;2025-11-10;16;1420
26;2025-11-10;17;1711
26;2025-11-10;18;1826
26;2025-11-10;19;1262
26;2025-11-10;20;749
26;2025-11-10;21;425
26;2025-11-10;22;196
26;2025-11-10;23;98
26;2025-11-11;0;30
26;2025-11-11;1;1
26;2025-11-11;2;0
26;2025-11-11;3;0
26;2025-11-11;4;3
26;2025-11-11;5;85
26;2025-11-11;6;510
26;2025-11-11;7;1222
26;2025-11-11;8;2061
26;2025-11-11;9;1479
26;2025-11-11;10;1166
26;2025-11-11;11;1113
26;2025-11-11;12;1134
26;2025-11-11;13;1160
26;2025-11-11;14;1181
26;2025-11-11;15;1303
26;2025-11-11;16;1468
26;2025-11-11;17;1746
26;2025-11-11;18;1842
26;2025-11-11;19;1278
26;2025-11-11;20;772
26;2025-11-11;21;446
26;2025-11-11;22;214
26;2025-11-11;23;114
26;2025-11-12;0;31
26;2025-11-12;1;1
26;2025-11-12;2;0
26;2025-11-12;3;0
26;2025-11-12;4;3
26;2025-11-12;5;84
26;2025-11-12;6;510
26;2025-11-12;7;1227
26;2025-11-12;8;2065
26;2025-11-12;9;1468
26;2025-11-12;10;1170
26;2025-11-12;11;1116
26;2025-11-12;12;1132
26;2025-11-12;13;1168
26;2025-11-12;14;1206
26;2025-11-12;15;1300
26;2025-11-12;16;1451
26;2025-11-12;17;1727
26;2025-11-12;18;1825
26;2025-11-12;19;1274
26;2025-11-12;20;768
26;2025-11-12;21;454
26;2025-11-12;22;217
26;2025-11-12;23;119
26;2025-11-13;0;33
26;2025-11-13;1;2
26;2025-11-13;2;1
26;2025-11-13;3;1
26;2025-11-13;4;3
26;2025-11-13;5;83
26;2025-11-13;6;507
26;2025-11-13;7;1221
26;2025-11-13;8;2065
26;2025-11-13;9;1473
26;2025-11-13;10;1172
26;2025-11-13;11;1128
26;2025-11-13;12;1141
26;2025-11-13;13;1172
26;2025-11-13;14;1195
26;2025-11-13;15;1319
26;2025-11-13;16;1470
26;2025-11-13;17;1739
26;2025-11-13;18;1834
26;2025-11-13;19;1266
26;2025-11-13;20;766
26;2025-11-13;21;444
26;2025-11-13;22;216
26;2025-11-13;23;124
26;2025-11-14;0;34
26;2025-11-14;1;1
26;2025-11-14;2;0
26;2025-11-14;3;0
26;2025-11-14;4;1
26;2025-11-14;5;76
26;2025-11-14;6;493
26;2025-11-14;7;1189
26;2025-11-14;8;1966
26;2025-11-14;9;1417
26;2025-11-14;10;1153
26;2025-11-14;11;1112
26;2025-11-14;12;1144
26;2025-11-14;13;1185
26;2025-11-14;14;1206
26;2025-11-14;15;1367
26;2025-11-14;16;1552
26;2025-11-14;17;1663
26;2025-11-14;18;1524
26;2025-11-14;19;1133
26;2025-11-14;20;724
26;2025-11-14;21;429
26;2025-11-14;22;212
26;2025-11-14;23;136
26;2025-11-15;0;48
26;2025-11-15;1;2
26;2025-11-15;2;0
26;2025-11-15;3;0
26;2025-11-15;4;1
26;2025-11-15;5;47
26;2025-11-15;6;225
26;2025-11-15;7;358
26;2025-11-15;8;543
26;2025-11-15;9;657
26;2025-11-15;10;764
26;2025-11-15;11;869
26;2025-11-15;12;927
26;2025-11-15;13;994
26;2025-11-15;14;1012
26;2025-11-15;15;974
26;2025-11-15;16;933
26;2025-11-15;17;911
26;2025-11-15;18;828
26;2025-11-15;19;695
26;2025-11-15;20;522
26;2025-11-15;21;366
26;2025-11-15;22;215
26;2025-11-15;23;138
26;2025-11-16;0;50
26;2025-11-16;1;4
26;2025-11-16;2;0
26;2025-11-16;3;2
26;2025-11-16;4;4
26;2025-11-16;5;33
26;2025-11-16;6;147
26;2025-11-16;7;245
26;2025-11-16;8;385
26;2025-11-16;9;516
26;2025-11-16;10;607
26;2025-11-16;11;739
26;2025-11-16;12;825
26;2025-11-16;13;872
26;2025-11-16;14;874
26;2025-11-16;15;818
26;2025-11-16;16;790
26;2025-11-16;17;759
26;2025-11-16;18;677
26;2025-11-16;19;527
26;2025-11-16;20;385
26;2025-11-16;21;292
26;2025-11-16;22;182
26;2025-11-16;23;106
26;2025-11-17;0;30
26;2025-11-17;1;2
26;2025-11-17;2;0
26;2025-11-17;3;0
26;2025-11-17;4;1
26;2025-11-17;5;78
26;2025-11-17;6;492
26;2025-11-17;7;1197
26;2025-11-17;8;2028
26;2025-11-17;9;1440
26;2025-11-17;10;1121
26;2025-11-17;11;1060
26;2025-11-17;12;1067
26;2025-11-17;13;1116
26;2025-11-17;14;1109
26;2025-11-17;15;1239
26;2025-11-17;16;1414
26;2025-11-17;17;1720
26;2025-11-17;18;1827
26;2025-11-17;19;1251
26;2025-11-17;20;745
26;2025-11-17;21;418
26;2025-11-17;22;192
26;2025-11-17;23;99
26;2025-11-18;0;29
26;2025-11-18;1;2
26;2025-11-18;2;1
26;2025-11-18;3;0
26;2025-11-18;4;1
26;2025-11-18;5;78
26;2025-11-18;6;506
26;2025-11-18;7;1214
26;2025-11-18;8;2033
26;2025-11-18;9;1434
26;2025-11-18;10;1145
26;2025-11-18;11;1089
26;2025-11-18;12;1108
26;2025-11-18;13;1136
26;2025-11-18;14;1160
26;2025-11-18;15;1284
26;2025-11-18;16;1458
26;2025-11-18;17;1727
26;2025-11-18;18;1821
26;2025-11-18;19;1255
26;2025-11-18;20;758
26;2025-11-18;21;432
26;2025-11-18;22;205
26;2025-11-18;23;112
26;2025-11-19;0;31
26;2025-11-19;1;1
26;2025-11-19;2;0
26;2025-11-19;3;0
26;2025-11-19;4;1
26;2025-11-19;5;81
26;2025-11-19;6;504
26;2025-11-19;7;1221
26;2025-11-19;8;2055
26;2025-11-19;9;1469
26;2025-11-19;10;1166
26;2025-11-19;11;1118
26;2025-11-19;12;1133
26;2025-11-19;13;1174
26;2025-11-19;14;1215
26;2025-11-19;15;1320
26;2025-11-19;16;1467
26;2025-11-19;17;1737
26;2025-11-19;18;1835
26;2025-11-19;19;1278
26;2025-11-19;20;775
26;2025-11-19;21;463
26;2025-11-19;22;222
26;2025-11-19;23;118
26;2025-11-20;0;32
26;2025-11-20;1;1
26;2025-11-20;2;0
26;2025-11-20;3;0
26;2025-11-20;4;2
26;2025-11-20;5;81
26;2025-11-20;6;504
26;2025-11-20;7;1214
26;2025-11-20;8;2061
26;2025-11-20;9;1471
26;2025-11-20;10;1168
26;2025-11-20;11;1124
26;2025-11-20;12;1142
26;2025-11-20;13;1174
26;2025-11-20;14;1197
26;2025-11-20;15;1324
26;2025-11-20;16;1476
26;2025-11-20;17;1745
26;2025-11-20;18;1851
26;2025-11-20;19;1280
26;2025-11-20;20;771
26;2025-11-20;21;453
26;2025-11-20;22;223
26;2025-11-20;23;124
26;2025-11-21;0;34
26;2025-11-21;1;2
26;2025-11-21;2;0
26;2025-11-21;3;0
26;2025-11-21;4;2
26;2025-11-21;5;78
26;2025-11-21;6;489
26;2025-11-21;7;1183
26;2025-11-21;8;1961
26;2025-11-21;9;1414
26;2025-11-21;10;1154
26;2025-11-21;11;1112
26;2025-11-21;12;1145
26;2025-11-21;13;1190
26;2025-11-21;14;1211
26;2025-11-21;15;1370
26;2025-11-21;16;1557
26;2025-11-21;17;1682
26;2025-11-21;18;1543
26;2025-11-21;19;1141
26;2025-11-21;20;730
26;2025-11-21;21;437
26;2025-11-21;22;222
26;2025-11-21;23;142
26;2025-11-22;0;46
26;2025-11-22;1;3
26;2025-11-22;2;0
26;2025-11-22;3;0
26;2025-11-22;4;3
26;2025-11-22;5;50
26;2025-11-22;6;238
26;2025-11-22;7;376
26;2025-11-22;8;561
26;2025-11-22;9;681
26;2025-11-22;10;790
26;2025-11-22;11;911
26;2025-11-22;12;971
26;2025-11-22;13;1014
26;2025-11-22;14;1019
26;2025-11-22;15;977
26;2025-11-22;16;937
26;2025-11-22;17;913
26;2025-11-22;18;834
26;2025-11-22;19;701
26;2025-11-22;20;526
26;2025-11-22;21;365
26;2025-11-22;22;211
26;2025-11-22;23;135
26;2025-11-23;0;48
26;2025-11-23;1;4
26;2025-11-23;2;0
26;2025-11-23;3;0
26;2025-11-23;4;2
26;2025-11-23;5;30
26;2025-11-23;6;143
26;2025-11-23;7;239
26;2025-11-23;8;371
26;2025-11-23;9;513
26;2025-11-23;10;606
26;2025-11-23;11;724
26;2025-11-23;12;821
26;2025-11-23;13;870
26;2025-11-23;14;870
26;2025-11-23;15;824
26;2025-11-23;16;792
26;2025-11-23;17;759
26;2025-11-23;18;679
26;2025-11-23;19;534
26;2025-11-23;20;390
26;2025-11-23;21;291
26;2025-11-23;22;175
26;2025-11-23;23;100
26;2025-11-24;0;29
26;2025-11-24;1;2
26;2025-11-24;2;0
26;2025-11-24;3;0
26;2025-11-24;4;1
26;2025-11-24;5;72
26;2025-11-24;6;484
26;2025-11-24;7;1192
26;2025-11-24;8;2020
26;2025-11-24;9;1438
26;2025-11-24;10;1128
26;2025-11-24;11;1062
26;2025-11-24;12;1073
26;2025-11-24;13;1129
26;2025-11-24;14;1123
26;2025-11-24;15;1258
26;2025-11-24;16;1423
26;2025-11-24;17;1716
26;2025-11-24;18;1824
26;2025-11-24;19;1249
26;2025-11-24;20;743
26;2025-11-24;21;412
26;2025-11-24;22;188
26;2025-11-24;23;100
26;2025-11-25;0;29
26;2025-11-25;1;1
26;2025-11-25;2;0
26;2025-11-25;3;0
26;2025-11-25;4;1
26;2025-11-25;5;80
26;2025-11-25;6;508
26;2025-11-25;7;1216
26;2025-11-25;8;2048
26;2025-11-25;9;1460
26;2025-11-25;10;1152
26;2025-11-25;11;1098
26;2025-11-25;12;1115
26;2025-11-25;13;1149
26;2025-11-25;14;1177
26;2025-11-25;15;1298
26;2025-11-25;16;1464
26;2025-11-25;17;1740
26;2025-11-25;18;1838
26;2025-11-25;19;1272
26;2025-11-25;20;766
26;2025-11-25;21;439
26;2025-11-25;22;208
26;2025-11-25;23;110
26;2025-11-26;0;31
26;2025-11-26;1;1
26;2025-11-26;2;0
26;2025-11-26;3;0
26;2025-11-26;4;2
26;2025-11-26;5;82
26;2025-11-26;6;510
26;2025-11-26;7;1214
26;2025-11-26;8;2043
26;2025-11-26;9;1461
26;2025-11-26;10;1172
26;2025-11-26;11;1118
26;2025-11-26;12;1132
26;2025-11-26;13;1165
26;2025-11-26;14;1199
26;2025-11-26;15;1298
26;2025-11-26;16;1441
26;2025-11-26;17;1718
26;2025-11-26;18;1817
26;2025-11-26;19;1265
26;2025-11-26;20;772
26;2025-11-26;21;456
26;2025-11-26;22;219
26;2025-11-26;23;121
26;2025-11-27;0;33
26;2025-11-27;1;1
26;2025-11-27;2;0
26;2025-11-27;3;0
26;2025-11-27;4;1
26;2025-11-27;5;82
26;2025-11-27;6;506
26;2025-11-27;7;1221
26;2025-11-27;8;2068
26;2025-11-27;9;1476
26;2025-11-27;10;1172
26;2025-11-27;11;1127
26;2025-11-27;12;1140
26;2025-11-27;13;1163
26;2025-11-27;14;1180
26;2025-11-27;15;1305
26;2025-11-27;16;1459
26;2025-11-27;17;1736
26;2025-11-27;18;1837
26;2025-11-27;19;1260
26;2025-11-27;20;761
26;2025-11-27;21;442
26;2025-11-27;22;216
26;2025-11-27;23;124
26;2025-11-28;0;34
26;2025-11-28;1;2
26;2025-11-28;2;1
26;2025-11-28;3;0
26;2025-11-28;4;2
26;2025-11-28;5;81
26;2025-11-28;6;491
26;2025-11-28;7;1193
26;2025-11-28;8;1976
26;2025-11-28;9;1435
26;2025-11-28;10;1166
26;2025-11-28;11;1123
26;2025-11-28;12;1159
26;2025-11-28;13;1195
26;2025-11-28;14;1221
26;2025-11-28;15;1380
26;2025-11-28;16;1565
26;2025-11-28;17;1676
26;2025-11-28;18;1545
26;2025-11-28;19;1135
26;2025-11-28;20;725
26;2025-11-28;21;434
26;2025-11-28;22;217
26;2025-11-28;23;138
26;2025-11-29;0;46
26;2025-11-29;1;2
26;2025-11-29;2;0
26;2025-11-29;3;0
26;2025-11-29;4;2
26;2025-11-29;5;51
26;2025-11-29;6;240
26;2025-11-29;7;369
26;2025-11-29;8;550
26;2025-11-29;9;668
26;2025-11-29;10;776
26;2025-11-29;11;891
26;2025-11-29;12;949
26;2025-11-29;13;987
26;2025-11-29;14;991
26;2025-11-29;15;944
26;2025-11-29;16;905
26;2025-11-29;17;880
26;2025-11-29;18;819
26;2025-11-29;19;684
26;2025-11-29;20;514
26;2025-11-29;21;366
26;2025-11-29;22;215
26;2025-11-29;23;141
26;2025-11-30;0;48
26;2025-11-30;1;4
26;2025-11-30;2;0
26;2025-11-30;3;0
26;2025-11-30;4;1
26;2025-11-30;5;29
26;2025-11-30;6;151
26;2025-11-30;7;246
26;2025-11-30;8;394
26;2025-11-30;9;527
26;2025-11-30;10;616
26;2025-11-30;11;729
26;2025-11-30;12;817
26;2025-11-30;13;867
26;2025-11-30;14;864
26;2025-11-30;15;818
26;2025-11-30;16;785
26;2025-11-30;17;751
26;2025-11-30;18;676
26;2025-11-30;19;530
26;2025-11-30;20;396
26;2025-11-30;21;292
26;2025-11-30;22;181
26;2025-11-30;23;104
26;2025-12-01;0;31
26;2025-12-01;1;1
26;2025-12-01;2;0
26;2025-12-01;3;0
26;2025-12-01;4;1
26;2025-12-01;5;78
26;2025-12-01;6;498
26;2025-12-01;7;1166
26;2025-12-01;8;1949
26;2025-12-01;9;1405
26;2025-12-01;10;1092
26;2025-12-01;11;1029
26;2025-12-01;12;1032
26;2025-12-01;13;1085
26;2025-12-01;14;1069
26;2025-12-01;15;1194
26;2025-12-01;16;1359
26;2025-12-01;17;1659
26;2025-12-01;18;1782
26;2025-12-01;19;1224
26;2025-12-01;20;731
26;2025-12-01;21;416
26;2025-12-01;22;193
26;2025-12-01;23;96
26;2025-12-02;0;30
26;2025-12-02;1;1
26;2025-12-02;2;0
26;2025-12-02;3;0
26;2025-12-02;4;1
26;2025-12-02;5;80
26;2025-12-02;6;503
26;2025-12-02;7;1184
26;2025-12-02;8;1982
26;2025-12-02;9;1432
26;2025-12-02;10;1126
26;2025-12-02;11;1074
26;2025-12-02;12;1089
26;2025-12-02;13;1116
26;2025-12-02;14;1127
26;2025-12-02;15;1245
26;2025-12-02;16;1411
26;2025-12-02;17;1697
26;2025-12-02;18;1800
26;2025-12-02;19;1258
26;2025-12-02;20;761
26;2025-12-02;21;441
26;2025-12-02;22;213
26;2025-12-02;23;111
26;2025-12-03;0;32
26;2025-12-03;1;1
26;2025-12-03;2;0
26;2025-12-03;3;0
26;2025-12-03;4;2
26;2025-12-03;5;83
26;2025-12-03;6;510
26;2025-12-03;7;1193
26;2025-12-03;8;1980
26;2025-12-03;9;1436
26;2025-12-03;10;1138
26;2025-12-03;11;1082
26;2025-12-03;12;1096
26;2025-12-03;13;1137
26;2025-12-03;14;1168
26;2025-12-03;15;1262
26;2025-12-03;16;1407
26;2025-12-03;17;1674
26;2025-12-03;18;1788
26;2025-12-03;19;1250
26;2025-12-03;20;767
26;2025-12-03;21;456
26;2025-12-03;22;221
26;2025-12-03;23;118
26;2025-12-04;0;34
26;2025-12-04;1;1
26;2025-12-04;2;0
26;2025-12-04;3;0
26;2025-12-04;4;2
26;2025-12-04;5;79
26;2025-12-04;6;507
26;2025-12-04;7;1188
26;2025-12-04;8;1990
26;2025-12-04;9;1435
26;2025-12-04;10;1136
26;2025-12-04;11;1089
26;2025-12-04;12;1096
26;2025-12-04;13;1134
26;2025-12-04;14;1148
26;2025-12-04;15;1272
26;2025-12-04;16;1425
26;2025-12-04;17;1694
26;2025-12-04;18;1800
26;2025-12-04;19;1260
26;2025-12-04;20;770
26;2025-12-04;21;453
26;2025-12-04;22;228
26;2025-12-04;23;124
26;2025-12-05;0;35
26;2025-12-05;1;1
26;2025-12-05;2;0
26;2025-12-05;3;0
26;2025-12-05;4;1
26;2025-12-05;5;78
26;2025-12-05;6;498
26;2025-12-05;7;1159
26;2025-12-05;8;1895
26;2025-12-05;9;1385
26;2025-12-05;10;1123
26;2025-12-05;11;1078
26;2025-12-05;12;1110
26;2025-12-05;13;1149
26;2025-12-05;14;1164
26;2025-12-05;15;1323
26;2025-12-05;16;1509
26;2025-12-05;17;1632
26;2025-12-05;18;1502
26;2025-12-05;19;1120
26;2025-12-05;20;722
26;2025-12-05;21;431
26;2025-12-05;22;220
26;2025-12-05;23;136
26;2025-12-06;0;47
26;2025-12-06;1;3
26;2025-12-06;2;0
26;2025-12-06;3;0
26;2025-12-06;4;2
26;2025-12-06;5;45
26;2025-12-06;6;230
26;2025-12-06;7;353
26;2025-12-06;8;515
26;2025-12-06;9;641
26;2025-12-06;10;742
26;2025-12-06;11;862
26;2025-12-06;12;922
26;2025-12-06;13;965
26;2025-12-06;14;964
26;2025-12-06;15;919
26;2025-12-06;16;878
26;2025-12-06;17;854
26;2025-12-06;18;792
26;2025-12-06;19;679
26;2025-12-06;20;510
26;2025-12-06;21;352
26;2025-12-06;22;210
26;2025-12-06;23;133
26;2025-12-07;0;49
26;2025-12-07;1;4
26;2025-12-07;2;0
26;2025-12-07;3;0
26;2025-12-07;4;1
26;2025-12-07;5;25
26;2025-12-07;6;147
26;2025-12-07;7;233
26;2025-12-07;8;359
26;2025-12-07;9;486
26;2025-12-07;10;574
26;2025-12-07;11;697
26;2025-12-07;12;786
26;2025-12-07;13;832
26;2025-12-07;14;825
26;2025-12-07;15;776
26;2025-12-07;16;749
26;2025-12-07;17;735
26;2025-12-07;18;664
26;2025-12-07;19;538
26;2025-12-07;20;403
26;2025-12-07;21;292
26;2025-12-07;22;179
26;2025-12-07;23;100
26;2025-12-08;0;31
26;2025-12-08;1;1
26;2025-12-08;2;0
26;2025-12-08;3;0
26;2025-12-08;4;1
26;2025-12-08;5;76
26;2025-12-08;6;499
26;2025-12-08;7;1173
26;2025-12-08;8;1951
26;2025-12-08;9;1410
26;2025-12-08;10;1098
26;2025-12-08;11;1040
26;2025-12-08;12;1045
26;2025-12-08;13;1101
26;2025-12-08;14;1084
26;2025-12-08;15;1211
26;2025-12-08;16;1375
26;2025-12-08;17;1674
26;2025-12-08;18;1788
26;2025-12-08;19;1239
26;2025-12-08;20;740
26;2025-12-08;21;414
26;2025-12-08;22;191
26;2025-12-08;23;95
26;2025-12-09;0;30
26;2025-12-09;1;1
26;2025-12-09;2;0
26;2025-12-09;3;0
26;2025-12-09;4;1
26;2025-12-09;5;80
26;2025-12-09;6;509
26;2025-12-09;7;1192
26;2025-12-09;8;1982
26;2025-12-09;9;1431
26;2025-12-09;10;1127
26;2025-12-09;11;1076
26;2025-12-09;12;1091
26;2025-12-09;13;1121
26;2025-12-09;14;1128
26;2025-12-09;15;1245
26;2025-12-09;16;1410
26;2025-12-09;17;1689
26;2025-12-09;18;1790
26;2025-12-09;19;1248
26;2025-12-09;20;755
26;2025-12-09;21;429
26;2025-12-09;22;207
26;2025-12-09;23;106
26;2025-12-10;0;31
26;2025-12-10;1;1
26;2025-12-10;2;0
26;2025-12-10;3;0
26;2025-12-10;4;1
26;2025-12-10;5;79
26;2025-12-10;6;509
26;2025-12-10;7;1198
26;2025-12-10;8;1984
26;2025-12-10;9;1439
26;2025-12-10;10;1141
26;2025-12-10;11;1085
26;2025-12-10;12;1101
26;2025-12-10;13;1139
26;2025-12-10;14;1167
26;2025-12-10;15;1262
26;2025-12-10;16;1412
26;2025-12-10;17;1682
26;2025-12-10;18;1786
26;2025-12-10;19;1259
26;2025-12-10;20;769
26;2025-12-10;21;454
26;2025-12-10;22;219
26;2025-12-10;23;115
26;2025-12-11;0;33
26;2025-12-11;1;1
26;2025-12-11;2;0
26;2025-12-11;3;0
26;2025-12-11;4;1
26;2025-12-11;5;76
26;2025-12-11;6;500
26;2025-12-11;7;1181
26;2025-12-11;8;1971
26;2025-12-11;9;1423
26;2025-12-11;10;1117
26;2025-12-11;11;1075
26;2025-12-11;12;1084
26;2025-12-11;13;1120
26;2025-12-11;14;1138
26;2025-12-11;15;1265
26;2025-12-11;16;1420
26;2025-12-11;17;1687
26;2025-12-11;18;1781
26;2025-12-11;19;1238
26;2025-12-11;20;758
26;2025-12-11;21;444
26;2025-12-11;22;223
26;2025-12-11;23;126
26;2025-12-12;0;35
26;2025-12-12;1;2
26;2025-12-12;2;0
26;2025-12-12;3;0
26;2025-12-12;4;2
26;2025-12-12;5;79
26;2025-12-12;6;497
26;2025-12-12;7;1160
26;2025-12-12;8;1888
26;2025-12-12;9;1385
26;2025-12-12;10;1129
26;2025-12-12;11;1080
26;2025-12-12;12;1110
26;2025-12-12;13;1134
26;2025-12-12;14;1139
26;2025-12-12;15;1288
26;2025-12-12;16;1480
26;2025-12-12;17;1602
26;2025-12-12;18;1468
26;2025-12-12;19;1107
26;2025-12-12;20;718
26;2025-12-12;21;428
26;2025-12-12;22;219
26;2025-12-12;23;134
26;2025-12-13;0;48
26;2025-12-13;1;3
26;2025-12-13;2;0
26;2025-12-13;3;0
26;2025-12-13;4;0
26;2025-12-13;5;47
26;2025-12-13;6;236
26;2025-12-13;7;361
26;2025-12-13;8;530
26;2025-12-13;9;648
26;2025-12-13;10;753
26;2025-12-13;11;876
26;2025-12-13;12;928
26;2025-12-13;13;967
26;2025-12-13;14;965
26;2025-12-13;15;915
26;2025-12-13;16;881
26;2025-12-13;17;848
26;2025-12-13;18;786
26;2025-12-13;19;672
26;2025-12-13;20;517
26;2025-12-13;21;360
26;2025-12-13;22;216
26;2025-12-13;23;137
26;2025-12-14;0;49
26;2025-12-14;1;4
26;2025-12-14;2;0
26;2025-12-14;3;0
26;2025-12-14;4;1
26;2025-12-14;5;28
26;2025-12-14;6;152
26;2025-12-14;7;240
26;2025-12-14;8;370
26;2025-12-14;9;498
26;2025-12-14;10;586
26;2025-12-14;11;702
26;2025-12-14;12;790
26;2025-12-14;13;830
26;2025-12-14;14;819
26;2025-12-14;15;773
26;2025-12-14;16;751
26;2025-12-14;17;730
26;2025-12-14;18;660
26;2025-12-14;19;536
26;2025-12-14;20;401
26;2025-12-14;21;301
26;2025-12-14;22;187
26;2025-12-14;23;104
26;2025-12-15;0;32
26;2025-12-15;1;2
26;2025-12-15;2;0
26;2025-12-15;3;0
26;2025-12-15;4;1
26;2025-12-15;5;79
26;2025-12-15;6;498
26;2025-12-15;7;1178
26;2025-12-15;8;1951
26;2025-12-15;9;1418
26;2025-12-15;10;1107
26;2025-12-15;11;1047
26;2025-12-15;12;1060
26;2025-12-15;13;1110
26;2025-12-15;14;1094
26;2025-12-15;15;1222
26;2025-12-15;16;1387
26;2025-12-15;17;1696
26;2025-12-15;18;1807
26;2025-12-15;19;1259
26;2025-12-15;20;748
26;2025-12-15;21;426
26;2025-12-15;22;202
26;2025-12-15;23;102
26;2025-12-16;0;31
26;2025-12-16;1;1
26;2025-12-16;2;0
26;2025-12-16;3;0
26;2025-12-16;4;2
26;2025-12-16;5;81
26;2025-12-16;6;512
26;2025-12-16;7;1193
26;2025-12-16;8;1986
26;2025-12-16;9;1434
26;2025-12-16;10;1124
26;2025-12-16;11;1066
26;2025-12-16;12;1079
26;2025-12-16;13;1108
26;2025-12-16;14;1119
26;2025-12-16;15;1244
26;2025-12-16;16;1412
26;2025-12-16;17;1695
26;2025-12-16;18;1796
26;2025-12-16;19;1251
26;2025-12-16;20;757
26;2025-12-16;21;435
26;2025-12-16;22;210
26;2025-12-16;23;109
26;2025-12-17;0;31
26;2025-12-17;1;1
26;2025-12-17;2;0
26;2025-12-17;3;0
26;2025-12-17;4;3
26;2025-12-17;5;84
26;2025-12-17;6;510
26;2025-12-17;7;1199
26;2025-12-17;8;1984
26;2025-12-17;9;1440
26;2025-12-17;10;1143
26;2025-12-17;11;1090
26;2025-12-17;12;1110
26;2025-12-17;13;1148
26;2025-12-17;14;1181
26;2025-12-17;15;1276
26;2025-12-17;16;1419
26;2025-12-17;17;1691
26;2025-12-17;18;1793
26;2025-12-17;19;1262
26;2025-12-17;20;772
26;2025-12-17;21;457
26;2025-12-17;22;223
26;2025-12-17;23;119
26;2025-12-18;0;34
26;2025-12-18;1;1
26;2025-12-18;2;0
26;2025-12-18;3;0
26;2025-12-18;4;2
26;2025-12-18;5;79
26;2025-12-18;6;504
26;2025-12-18;7;1191
26;2025-12-18;8;1990
26;2025-12-18;9;1433
26;2025-12-18;10;1136
26;2025-12-18;11;1090
26;2025-12-18;12;1100
26;2025-12-18;13;1135
26;2025-12-18;14;1150
26;2025-12-18;15;1276
26;2025-12-18;16;1430
26;2025-12-18;17;1700
26;2025-12-18;18;1803
26;2025-12-18;19;1259
26;2025-12-18;20;769
26;2025-12-18;21;449
26;2025-12-18;22;223
26;2025-12-18;23;123
26;2025-12-19;0;35
26;2025-12-19;1;2
26;2025-12-19;2;0
26;2025-12-19;3;0
26;2025-12-19;4;2
26;2025-12-19;5;79
26;2025-12-19;6;496
26;2025-12-19;7;1166
26;2025-12-19;8;1895
26;2025-12-19;9;1391
26;2025-12-19;10;1133
26;2025-12-19;11;1082
26;2025-12-19;12;1114
26;2025-12-19;13;1150
26;2025-12-19;14;1170
26;2025-12-19;15;1331
26;2025-12-19;16;1514
26;2025-12-19;17;1634
26;2025-12-19;18;1502
26;2025-12-19;19;1121
26;2025-12-19;20;723
26;2025-12-19;21;433
26;2025-12-19;22;222
26;2025-12-19;23;135
26;2025-12-20;0;47
26;2025-12-20;1;3
26;2025-12-20;2;0
26;2025-12-20;3;1
26;2025-12-20;4;3
26;2025-12-20;5;47
26;2025-12-20;6;231
26;2025-12-20;7;356
26;2025-12-20;8;521
26;2025-12-20;9;646
26;2025-12-20;10;748
26;2025-12-20;11;867
26;2025-12-20;12;923
26;2025-12-20;13;966
26;2025-12-20;14;964
26;2025-12-20;15;916
26;2025-12-20;16;879
26;2025-12-20;17;857
26;2025-12-20;18;786
26;2025-12-20;19;673
26;2025-12-20;20;507
26;2025-12-20;21;350
26;2025-12-20;22;208
26;2025-12-20;23;133
26;2025-12-21;0;49
26;2025-12-21;1;5
26;2025-12-21;2;0
26;2025-12-21;3;0
26;2025-12-21;4;2
26;2025-12-21;5;25
26;2025-12-21;6;140
26;2025-12-21;7;235
26;2025-12-21;8;362
26;2025-12-21;9;491
26;2025-12-21;10;586
26;2025-12-21;11;701
26;2025-12-21;12;788
26;2025-12-21;13;829
26;2025-12-21;14;824
26;2025-12-21;15;776
26;2025-12-21;16;751
26;2025-12-21;17;735
26;2025-12-21;18;660
26;2025-12-21;19;534
26;2025-12-21;20;396
26;2025-12-21;21;293
26;2025-12-21;22;179
26;2025-12-21;23;101
26;2025-12-22;0;33
26;2025-12-22;1;5
26;2025-12-22;2;3
26;2025-12-22;3;3
26;2025-12-22;4;4
26;2025-12-22;5;79
26;2025-12-22;6;501
26;2025-12-22;7;1188
26;2025-12-22;8;1965
26;2025-12-22;9;1422
26;2025-12-22;10;1111
26;2025-12-22;11;1050
26;2025-12-22;12;1053
26;2025-12-22;13;1104
26;2025-12-22;14;1086
26;2025-12-22;15;1209
26;2025-12-22;16;1372
26;2025-12-22;17;1674
26;2025-12-22;18;1787
26;2025-12-22;19;1239
26;2025-12-22;20;744
26;2025-12-22;21;420
26;2025-12-22;22;198
26;2025-12-22;23;97
26;2025-12-23;0;30
26;2025-12-23;1;1
26;2025-12-23;2;0
26;2025-12-23;3;0
26;2025-12-23;4;1
26;2025-12-23;5;79
26;2025-12-23;6;509
26;2025-12-23;7;1192
26;2025-12-23;8;1986
26;2025-12-23;9;1433
26;2025-12-23;10;1127
26;2025-12-23;11;1071
26;2025-12-23;12;1089
26;2025-12-23;13;1112
26;2025-12-23;14;1123
26;2025-12-23;15;1239
26;2025-12-23;16;1412
26;2025-12-23;17;1696
26;2025-12-23;18;1801
26;2025-12-23;19;1264
26;2025-12-23;20;760
26;2025-12-23;21;441
26;2025-12-23;22;214
26;2025-12-23;23;112
26;2025-12-24;0;32
26;2025-12-24;1;1
26;2025-12-24;2;0
26;2025-12-24;3;0
26;2025-12-24;4;3
26;2025-12-24;5;85
26;2025-12-24;6;514
26;2025-12-24;7;1200
26;2025-12-24;8;1991
26;2025-12-24;9;1442
26;2025-12-24;10;1141
26;2025-12-24;11;1080
26;2025-12-24;12;1096
26;2025-12-24;13;1128
26;2025-12-24;14;1157
26;2025-12-24;15;1252
26;2025-12-24;16;1407
26;2025-12-24;17;1686
26;2025-12-24;18;1795
26;2025-12-24;19;1265
26;2025-12-24;20;762
26;2025-12-24;21;452
26;2025-12-24;22;216
26;2025-12-24;23;112
26;2025-12-25;0;34
26;2025-12-25;1;2
26;2025-12-25;2;0
26;2025-12-25;3;0
26;2025-12-25;4;3
26;2025-12-25;5;81
26;2025-12-25;6;506
26;2025-12-25;7;1178
26;2025-12-25;8;1995
26;2025-12-25;9;1439
26;2025-12-25;10;1144
26;2025-12-25;11;1103
26;2025-12-25;12;1109
26;2025-12-25;13;1143
26;2025-12-25;14;1153
26;2025-12-25;15;1277
26;2025-12-25;16;1419
26;2025-12-25;17;1693
26;2025-12-25;18;1790
26;2025-12-25;19;1245
26;2025-12-25;20;765
26;2025-12-25;21;442
26;2025-12-25;22;219
26;2025-12-25;23;119
26;2025-12-26;0;35
26;2025-12-26;1;2
26;2025-12-26;2;0
26;2025-12-26;3;0
26;2025-12-26;4;1
26;2025-12-26;5;75
26;2025-12-26;6;490
26;2025-12-26;7;1152
26;2025-12-26;8;1888
26;2025-12-26;9;1383
26;2025-12-26;10;1115
26;2025-12-26;11;1072
26;2025-12-26;12;1100
26;2025-12-26;13;1159
26;2025-12-26;14;1168
26;2025-12-26;15;1326
26;2025-12-26;16;1505
26;2025-12-26;17;1622
26;2025-12-26;18;1496
26;2025-12-26;19;1115
26;2025-12-26;20;718
26;2025-12-26;21;423
26;2025-12-26;22;218
26;2025-12-26;23;132
26;2025-12-27;0;51
26;2025-12-27;1;6
26;2025-12-27;2;2
26;2025-12-27;3;1
26;2025-12-27;4;3
26;2025-12-27;5;48
26;2025-12-27;6;228
26;2025-12-27;7;350
26;2025-12-27;8;504
26;2025-12-27;9;628
26;2025-12-27;10;729
26;2025-12-27;11;850
26;2025-12-27;12;905
26;2025-12-27;13;953
26;2025-12-27;14;948
26;2025-12-27;15;916
26;2025-12-27;16;878
26;2025-12-27;17;847
26;2025-12-27;18;785
26;2025-12-27;19;674
26;2025-12-27;20;507
26;2025-12-27;21;352
26;2025-12-27;22;207
26;2025-12-27;23;132
26;2025-12-28;0;50
26;2025-12-28;1;6
26;2025-12-28;2;1
26;2025-12-28;3;1
26;2025-12-28;4;2
26;2025-12-28;5;26
26;2025-12-28;6;143
26;2025-12-28;7;218
26;2025-12-28;8;326
26;2025-12-28;9;453
26;2025-12-28;10;552
26;2025-12-28;11;670
26;2025-12-28;12;759
26;2025-12-28;13;802
26;2025-12-28;14;796
26;2025-12-28;15;746
26;2025-12-28;16;717
26;2025-12-28;17;697
26;2025-12-28;18;636
26;2025-12-28;19;518
26;2025-12-28;20;385
26;2025-12-28;21;289
26;2025-12-28;22;177
26;2025-12-28;23;102
26;2025-12-29;0;33
26;2025-12-29;1;3
26;2025-12-29;2;1
26;2025-12-29;3;1
26;2025-12-29;4;2
26;2025-12-29;5;74
26;2025-12-29;6;491
26;2025-12-29;7;1157
26;2025-12-29;8;1947
26;2025-12-29;9;1402
26;2025-12-29;10;1096
26;2025-12-29;11;1039
26;2025-12-29;12;1049
26;2025-12-29;13;1098
26;2025-12-29;14;1083
26;2025-12-29;15;1210
26;2025-12-29;16;1365
26;2025-12-29;17;1664
26;2025-12-29;18;1779
26;2025-12-29;19;1231
26;2025-12-29;20;734
26;2025-12-29;21;416
26;2025-12-29;22;191
26;2025-12-29;23;98
26;2025-12-30;0;32
26;2025-12-30;1;1
26;2025-12-30;2;0
26;2025-12-30;3;0
26;2025-12-30;4;2
26;2025-12-30;5;79
26;2025-12-30;6;505
26;2025-12-30;7;1174
26;2025-12-30;8;1967
26;2025-12-30;9;1411
26;2025-12-30;10;1112
26;2025-12-30;11;1065
26;2025-12-30;12;1084
26;2025-12-30;13;1105
26;2025-12-30;14;1109
26;2025-12-30;15;1227
26;2025-12-30;16;1388
26;2025-12-30;17;1672
26;2025-12-30;18;1778
26;2025-12-30;19;1238
26;2025-12-30;20;746
26;2025-12-30;21;430
26;2025-12-30;22;203
26;2025-12-30;23;108
26;2025-12-31;0;33
26;2025-12-31;1;1
26;2025-12-31;2;0
26;2025-12-31;3;0
26;2025-12-31;4;1
26;2025-12-31;5;13
26;2025-12-31;6;159
26;2025-12-31;7;283
26;2025-12-31;8;459
26;2025-12-31;9;485
26;2025-12-31;10;434
26;2025-12-31;11;515
26;2025-12-31;12;568
26;2025-12-31;13;589
26;2025-12-31;14;624
26;2025-12-31;15;648
26;2025-12-31;16;653
26;2025-12-31;17;724
26;2025-12-31;18;737
26;2025-12-31;19;577
26;2025-12-31;20;397
26;2025-12-31;21;273
26;2025-12-31;22;149
26;2025-12-31;23;90
28;2025-11-01;0;4
28;2025-11-01;1;0
28;2025-11-01;2;1
28;2025-11-01;3;1
28;2025-11-01;4;0
28;2025-11-01;5;80
28;2025-11-01;6;268
28;2025-11-01;7;570
28;2025-11-01;8;884
28;2025-11-01;9;679
28;2025-11-01;10;625
28;2025-11-01;11;656
28;2025-11-01;12;666
28;2025-11-01;13;726
28;2025-11-01;14;698
28;2025-11-01;15;730
28;2025-11-01;16;778
28;2025-11-01;17;817
28;2025-11-01;18;809
28;2025-11-01;19;619
28;2025-11-01;20;458
28;2025-11-01;21;354
28;2025-11-01;22;188
28;2025-11-01;23;66
28;2025-11-02;0;2
28;2025-11-02;1;1
28;2025-11-02;2;1
28;2025-11-02;3;1
28;2025-11-02;4;3
28;2025-11-02;5;17
28;2025-11-02;6;50
28;2025-11-02;7;58
28;2025-11-02;8;134
28;2025-11-02;9;232
28;2025-11-02;10;283
28;2025-11-02;11;334
28;2025-11-02;12;399
28;2025-11-02;13;443
28;2025-11-02;14;436
28;2025-11-02;15;419
28;2025-11-02;16;380
28;2025-11-02;17;357
28;2025-11-02;18;313
28;2025-11-02;19;265
28;2025-11-02;20;195
28;2025-11-02;21;185
28;2025-11-02;22;85
28;2025-11-02;23;10
28;2025-11-03;0;3
28;2025-11-03;1;2
28;2025-11-03;2;2
28;2025-11-03;3;1
28;2025-11-03;4;0
28;2025-11-03;5;15
28;2025-11-03;6;59
28;2025-11-03;7;149
28;2025-11-03;8;321
28;2025-11-03;9;292
28;2025-11-03;10;237
28;2025-11-03;11;264
28;2025-11-03;12;325
28;2025-11-03;13;366
28;2025-11-03;14;354
28;2025-11-03;15;375
28;2025-11-03;16;366
28;2025-11-03;17;412
28;2025-11-03;18;396
28;2025-11-03;19;322
28;2025-11-03;20;237
28;2025-11-03;21;172
28;2025-11-03;22;68
28;2025-11-03;23;4
28;2025-11-04;0;4
28;2025-11-04;1;4
28;2025-11-04;2;3
28;2025-11-04;3;3
28;2025-11-04;4;2
28;2025-11-04;5;7
28;2025-11-04;6;49
28;2025-11-04;7;139
28;2025-11-04;8;264
28;2025-11-04;9;249
28;2025-11-04;10;191
28;2025-11-04;11;226
28;2025-11-04;12;302
28;2025-11-04;13;348
28;2025-11-04;14;354
28;2025-11-04;15;355
28;2025-11-04;16;366
28;2025-11-04;17;403
28;2025-11-04;18;393
28;2025-11-04;19;314
28;2025-11-04;20;237
28;2025-11-04;21;177
28;2025-11-04;22;63
28;2025-11-04;23;5
28;2025-11-05;0;0
28;2025-11-05;1;0
28;2025-11-05;2;0
28;2025-11-05;3;0
28;2025-11-05;4;2
28;2025-11-05;5;74
28;2025-11-05;6;251
28;2025-11-05;7;770
28;2025-11-05;8;1242
28;2025-11-05;9;798
28;2025-11-05;10;576
28;2025-11-05;11;557
28;2025-11-05;12;612
28;2025-11-05;13;644
28;2025-11-05;14;610
28;2025-11-05;15;675
28;2025-11-05;16;790
28;2025-11-05;17;934
28;2025-11-05;18;967
28;2025-11-05;19;727
28;2025-11-05;20;469
28;2025-11-05;21;273
28;2025-11-05;22;104
28;2025-11-05;23;6
28;2025-11-06;0;2
28;2025-11-06;1;1
28;2025-11-06;2;1
28;2025-11-06;3;1
28;2025-11-06;4;3
28;2025-11-06;5;73
28;2025-11-06;6;251
28;2025-11-06;7;769
28;2025-11-06;8;1235
28;2025-11-06;9;815
28;2025-11-06;10;576
28;2025-11-06;11;542
28;2025-11-06;12;617
28;2025-11-06;13;652
28;2025-11-06;14;609
28;2025-11-06;15;659
28;2025-11-06;16;794
28;2025-11-06;17;943
28;2025-11-06;18;978
28;2025-11-06;19;714
28;2025-11-06;20;473
28;2025-11-06;21;278
28;2025-11-06;22;102
28;2025-11-06;23;5
28;2025-11-07;0;0
28;2025-11-07;1;0
28;2025-11-07;2;1
28;2025-11-07;3;0
28;2025-11-07;4;1
28;2025-11-07;5;69
28;2025-11-07;6;252
28;2025-11-07;7;747
28;2025-11-07;8;1165
28;2025-11-07;9;780
28;2025-11-07;10;567
28;2025-11-07;11;563
28;2025-11-07;12;627
28;2025-11-07;13;678
28;2025-11-07;14;655
28;2025-11-07;15;727
28;2025-11-07;16;872
28;2025-11-07;17;909
28;2025-11-07;18;854
28;2025-11-07;19;659
28;2025-11-07;20;430
28;2025-11-07;21;267
28;2025-11-07;22;108
28;2025-11-07;23;11
28;2025-11-08;0;5
28;2025-11-08;1;2
28;2025-11-08;2;3
28;2025-11-08;3;1
28;2025-11-08;4;3
28;2025-11-08;5;43
28;2025-11-08;6;118
28;2025-11-08;7;192
28;2025-11-08;8;320
28;2025-11-08;9;414
28;2025-11-08;10;443
28;2025-11-08;11;472
28;2025-11-08;12;537
28;2025-11-08;13;577
28;2025-11-08;14;570
28;2025-11-08;15;553
28;2025-11-08;16;532
28;2025-11-08;17;504
28;2025-11-08;18;440
28;2025-11-08;19;391
28;2025-11-08;20;297
28;2025-11-08;21;234
28;2025-11-08;22;120
28;2025-11-08;23;27
28;2025-11-09;0;3
28;2025-11-09;1;0
28;2025-11-09;2;1
28;2025-11-09;3;0
28;2025-11-09;4;1
28;2025-11-09;5;28
28;2025-11-09;6;80
28;2025-11-09;7;117
28;2025-11-09;8;209
28;2025-11-09;9;300
28;2025-11-09;10;351
28;2025-11-09;11;389
28;2025-11-09;12;452
28;2025-11-09;13;495
28;2025-11-09;14;497
28;2025-11-09;15;481
28;2025-11-09;16;457
28;2025-11-09;17;433
28;2025-11-09;18;379
28;2025-11-09;19;312
28;2025-11-09;20;245
28;2025-11-09;21;206
28;2025-11-09;22;96
28;2025-11-09;23;8
28;2025-11-10;0;0
28;2025-11-10;1;0
28;2025-11-10;2;0
28;2025-11-10;3;0
28;2025-11-10;4;1
28;2025-11-10;5;68
28;2025-11-10;6;240
28;2025-11-10;7;768
28;2025-11-10;8;1268
28;2025-11-10;9;834
28;2025-11-10;10;579
28;2025-11-10;11;547
28;2025-11-10;12;609
28;2025-11-10;13;640
28;2025-11-10;14;612
28;2025-11-10;15;676
28;2025-11-10;16;806
28;2025-11-10;17;968
28;2025-11-10;18;1003
28;2025-11-10;19;740
28;2025-11-10;20;460
28;2025-11-10;21;271
28;2025-11-10;22;94
28;2025-11-10;23;3
28;2025-11-11;0;0
28;2025-11-11;1;0
28;2025-11-11;2;0
28;2025-11-11;3;0
28;2025-11-11;4;1
28;2025-11-11;5;72
28;2025-11-11;6;254
28;2025-11-11;7;793
28;2025-11-11;8;1282
28;2025-11-11;9;868
28;2025-11-11;10;641
28;2025-11-11;11;590
28;2025-11-11;12;641
28;2025-11-11;13;678
28;2025-11-11;14;652
28;2025-11-11;15;710
28;2025-11-11;16;820
28;2025-11-11;17;997
28;2025-11-11;18;1030
28;2025-11-11;19;745
28;2025-11-11;20;485
28;2025-11-11;21;286
28;2025-11-11;22;110
28;2025-11-11;23;6
28;2025-11-12;0;1
28;2025-11-12;1;0
28;2025-11-12;2;0
28;2025-11-12;3;0
28;2025-11-12;4;1
28;2025-11-12;5;72
28;2025-11-12;6;260
28;2025-11-12;7;797
28;2025-11-12;8;1297
28;2025-11-12;9;854
28;2025-11-12;10;631
28;2025-11-12;11;596
28;2025-11-12;12;639
28;2025-11-12;13;680
28;2025-11-12;14;649
28;2025-11-12;15;717
28;2025-11-12;16;833
28;2025-11-12;17;993
28;2025-11-12;18;1024
28;2025-11-12;19;745
28;2025-11-12;20;480
28;2025-11-12;21;287
28;2025-11-12;22;115
28;2025-11-12;23;9
28;2025-11-13;0;2
28;2025-11-13;1;1
28;2025-11-13;2;1
28;2025-11-13;3;0
28;2025-11-13;4;2
28;2025-11-13;5;75
28;2025-11-13;6;264
28;2025-11-13;7;804
28;2025-11-13;8;1284
28;2025-11-13;9;868
28;2025-11-13;10;629
28;2025-11-13;11;595
28;2025-11-13;12;666
28;2025-11-13;13;694
28;2025-11-13;14;664
28;2025-11-13;15;722
28;2025-11-13;16;845
28;2025-11-13;17;1007
28;2025-11-13;18;1026
28;2025-11-13;19;734
28;2025-11-13;20;488
28;2025-11-13;21;293
28;2025-11-13;22;117
28;2025-11-13;23;11
28;2025-11-14;0;0
28;2025-11-14;1;0
28;2025-11-14;2;0
28;2025-11-14;3;0
28;2025-11-14;4;0
28;2025-11-14;5;71
28;2025-11-14;6;256
28;2025-11-14;7;781
28;2025-11-14;8;1236
28;2025-11-14;9;836
28;2025-11-14;10;608
28;2025-11-14;11;602
28;2025-11-14;12;661
28;2025-11-14;13;704
28;2025-11-14;14;683
28;2025-11-14;15;761
28;2025-11-14;16;912
28;2025-11-14;17;956
28;2025-11-14;18;883
28;2025-11-14;19;675
28;2025-11-14;20;441
28;2025-11-14;21;276
28;2025-11-14;22;114
28;2025-11-14;23;16
28;2025-11-15;0;4
28;2025-11-15;1;1
28;2025-11-15;2;1
28;2025-11-15;3;0
28;2025-11-15;4;1
28;2025-11-15;5;36
28;2025-11-15;6;108
28;2025-11-15;7;188
28;2025-11-15;8;328
28;2025-11-15;9;416
28;2025-11-15;10;453
28;2025-11-15;11;477
28;2025-11-15;12;532
28;2025-11-15;13;601
28;2025-11-15;14;609
28;2025-11-15;15;592
28;2025-11-15;16;564
28;2025-11-15;17;528
28;2025-11-15;18;458
28;2025-11-15;19;388
28;2025-11-15;20;304
28;2025-11-15;21;247
28;2025-11-15;22;130
28;2025-11-15;23;33
28;2025-11-16;0;3
28;2025-11-16;1;0
28;2025-11-16;2;0
28;2025-11-16;3;1
28;2025-11-16;4;2
28;2025-11-16;5;28
28;2025-11-16;6;76
28;2025-11-16;7;128
28;2025-11-16;8;235
28;2025-11-16;9;323
28;2025-11-16;10;372
28;2025-11-16;11;424
28;2025-11-16;12;488
28;2025-11-16;13;534
28;2025-11-16;14;537
28;2025-11-16;15;511
28;2025-11-16;16;485
28;2025-11-16;17;444
28;2025-11-16;18;378
28;2025-11-16;19;306
28;2025-11-16;20;236
28;2025-11-16;21;206
28;2025-11-16;22;100
28;2025-11-16;23;12
28;2025-11-17;0;0
28;2025-11-17;1;0
28;2025-11-17;2;0
28;2025-11-17;3;0
28;2025-11-17;4;1
28;2025-11-17;5;67
28;2025-11-17;6;242
28;2025-11-17;7;770
28;2025-11-17;8;1275
28;2025-11-17;9;835
28;2025-11-17;10;573
28;2025-11-17;11;537
28;2025-11-17;12;597
28;2025-11-17;13;624
28;2025-11-17;14;593
28;2025-11-17;15;658
28;2025-11-17;16;804
28;2025-11-17;17;972
28;2025-11-17;18;1000
28;2025-11-17;19;727
28;2025-11-17;20;456
28;2025-11-17;21;266
28;2025-11-17;22;92
28;2025-11-17;23;3
28;2025-11-18;0;0
28;2025-11-18;1;1
28;2025-11-18;2;1
28;2025-11-18;3;0
28;2025-11-18;4;2
28;2025-11-18;5;70
28;2025-11-18;6;254
28;2025-11-18;7;791
28;2025-11-18;8;1262
28;2025-11-18;9;829
28;2025-11-18;10;618
28;2025-11-18;11;570
28;2025-11-18;12;620
28;2025-11-18;13;672
28;2025-11-18;14;646
28;2025-11-18;15;707
28;2025-11-18;16;816
28;2025-11-18;17;971
28;2025-11-18;18;1001
28;2025-11-18;19;720
28;2025-11-18;20;473
28;2025-11-18;21;276
28;2025-11-18;22;103
28;2025-11-18;23;5
28;2025-11-19;0;1
28;2025-11-19;1;1
28;2025-11-19;2;0
28;2025-11-19;3;0
28;2025-11-19;4;2
28;2025-11-19;5;72
28;2025-11-19;6;256
28;2025-11-19;7;794
28;2025-11-19;8;1289
28;2025-11-19;9;846
28;2025-11-19;10;618
28;2025-11-19;11;598
28;2025-11-19;12;643
28;2025-11-19;13;682
28;2025-11-19;14;654
28;2025-11-19;15;732
28;2025-11-19;16;844
28;2025-11-19;17;1006
28;2025-11-19;18;1025
28;2025-11-19;19;749
28;2025-11-19;20;485
28;2025-11-19;21;292
28;2025-11-19;22;116
28;2025-11-19;23;8
28;2025-11-20;0;1
28;2025-11-20;1;0
28;2025-11-20;2;0
28;2025-11-20;3;0
28;2025-11-20;4;0
28;2025-11-20;5;69
28;2025-11-20;6;257
28;2025-11-20;7;794
28;2025-11-20;8;1278
28;2025-11-20;9;862
28;2025-11-20;10;626
28;2025-11-20;11;589
28;2025-11-20;12;662
28;2025-11-20;13;694
28;2025-11-20;14;664
28;2025-11-20;15;723
28;2025-11-20;16;845
28;2025-11-20;17;1014
28;2025-11-20;18;1047
28;2025-11-20;19;750
28;2025-11-20;20;491
28;2025-11-20;21;299
28;2025-11-20;22;120
28;2025-11-20;23;11
28;2025-11-21;0;0
28;2025-11-21;1;0
28;2025-11-21;2;0
28;2025-11-21;3;0
28;2025-11-21;4;2
28;2025-11-21;5;68
28;2025-11-21;6;250
28;2025-11-21;7;770
28;2025-11-21;8;1226
28;2025-11-21;9;826
28;2025-11-21;10;604
28;2025-11-21;11;599
28;2025-11-21;12;652
28;2025-11-21;13;703
28;2025-11-21;14;681
28;2025-11-21;15;758
28;2025-11-21;16;911
28;2025-11-21;17;970
28;2025-11-21;18;893
28;2025-11-21;19;680
28;2025-11-21;20;449
28;2025-11-21;21;285
28;2025-11-21;22;120
28;2025-11-21;23;20
28;2025-11-22;0;2
28;2025-11-22;1;0
28;2025-11-22;2;0
28;2025-11-22;3;0
28;2025-11-22;4;1
28;2025-11-22;5;40
28;2025-11-22;6;121
28;2025-11-22;7;207
28;2025-11-22;8;350
28;2025-11-22;9;442
28;2025-11-22;10;482
28;2025-11-22;11;516
28;2025-11-22;12;577
28;2025-11-22;13;618
28;2025-11-22;14;614
28;2025-11-22;15;597
28;2025-11-22;16;569
28;2025-11-22;17;544
28;2025-11-22;18;467
28;2025-11-22;19;392
28;2025-11-22;20;302
28;2025-11-22;21;240
28;2025-11-22;22;123
28;2025-11-22;23;27
28;2025-11-23;0;3
28;2025-11-23;1;0
28;2025-11-23;2;0
28;2025-11-23;3;0
28;2025-11-23;4;1
28;2025-11-23;5;26
28;2025-11-23;6;69
28;2025-11-23;7;119
28;2025-11-23;8;219
28;2025-11-23;9;309
28;2025-11-23;10;369
28;2025-11-23;11;417
28;2025-11-23;12;491
28;2025-11-23;13;532
28;2025-11-23;14;531
28;2025-11-23;15;517
28;2025-11-23;16;487
28;2025-11-23;17;447
28;2025-11-23;18;389
28;2025-11-23;19;315
28;2025-11-23;20;239
28;2025-11-23;21;203
28;2025-11-23;22;94
28;2025-11-23;23;8
28;2025-11-24;0;0
28;2025-11-24;1;1
28;2025-11-24;2;0
28;2025-11-24;3;1
28;2025-11-24;4;0
28;2025-11-24;5;61
28;2025-11-24;6;234
28;2025-11-24;7;760
28;2025-11-24;8;1260
28;2025-11-24;9;828
28;2025-11-24;10;577
28;2025-11-24;11;533
28;2025-11-24;12;592
28;2025-11-24;13;634
28;2025-11-24;14;602
28;2025-11-24;15;674
28;2025-11-24;16;805
28;2025-11-24;17;956
28;2025-11-24;18;984
28;2025-11-24;19;709
28;2025-11-24;20;455
28;2025-11-24;21;262
28;2025-11-24;22;89
28;2025-11-24;23;3
28;2025-11-25;0;0
28;2025-11-25;1;0
28;2025-11-25;2;0
28;2025-11-25;3;0
28;2025-11-25;4;1
28;2025-11-25;5;67
28;2025-11-25;6;250
28;2025-11-25;7;782
28;2025-11-25;8;1266
28;2025-11-25;9;844
28;2025-11-25;10;612
28;2025-11-25;11;569
28;2025-11-25;12;622
28;2025-11-25;13;666
28;2025-11-25;14;643
28;2025-11-25;15;700
28;2025-11-25;16;810
28;2025-11-25;17;980
28;2025-11-25;18;1011
28;2025-11-25;19;737
28;2025-11-25;20;481
28;2025-11-25;21;282
28;2025-11-25;22;106
28;2025-11-25;23;4
28;2025-11-26;0;1
28;2025-11-26;1;0
28;2025-11-26;2;0
28;2025-11-26;3;0
28;2025-11-26;4;1
28;2025-11-26;5;73
28;2025-11-26;6;262
28;2025-11-26;7;790
28;2025-11-26;8;1279
28;2025-11-26;9;840
28;2025-11-26;10;624
28;2025-11-26;11;599
28;2025-11-26;12;641
28;2025-11-26;13;676
28;2025-11-26;14;642
28;2025-11-26;15;713
28;2025-11-26;16;825
28;2025-11-26;17;990
28;2025-11-26;18;1012
28;2025-11-26;19;742
28;2025-11-26;20;485
28;2025-11-26;21;291
28;2025-11-26;22;117
28;2025-11-26;23;12
28;2025-11-27;0;1
28;2025-11-27;1;0
28;2025-11-27;2;0
28;2025-11-27;3;0
28;2025-11-27;4;1
28;2025-11-27;5;74
28;2025-11-27;6;263
28;2025-11-27;7;802
28;2025-11-27;8;1287
28;2025-11-27;9;871
28;2025-11-27;10;631
28;2025-11-27;11;596
28;2025-11-27;12;666
28;2025-11-27;13;686
28;2025-11-27;14;652
28;2025-11-27;15;709
28;2025-11-27;16;831
28;2025-11-27;17;998
28;2025-11-27;18;1029
28;2025-11-27;19;721
28;2025-11-27;20;476
28;2025-11-27;21;281
28;2025-11-27;22;111
28;2025-11-27;23;8
28;2025-11-28;0;0
28;2025-11-28;1;1
28;2025-11-28;2;1
28;2025-11-28;3;1
28;2025-11-28;4;1
28;2025-11-28;5;70
28;2025-11-28;6;247
28;2025-11-28;7;781
28;2025-11-28;8;1244
28;2025-11-28;9;849
28;2025-11-28;10;609
28;2025-11-28;11;611
28;2025-11-28;12;668
28;2025-11-28;13;711
28;2025-11-28;14;691
28;2025-11-28;15;768
28;2025-11-28;16;920
28;2025-11-28;17;962
28;2025-11-28;18;894
28;2025-11-28;19;676
28;2025-11-28;20;445
28;2025-11-28;21;283
28;2025-11-28;22;119
28;2025-11-28;23;18
28;2025-11-29;0;2
28;2025-11-29;1;0
28;2025-11-29;2;0
28;2025-11-29;3;0
28;2025-11-29;4;1
28;2025-11-29;5;40
28;2025-11-29;6;111
28;2025-11-29;7;198
28;2025-11-29;8;337
28;2025-11-29;9;428
28;2025-11-29;10;469
28;2025-11-29;11;496
28;2025-11-29;12;556
28;2025-11-29;13;591
28;2025-11-29;14;591
28;2025-11-29;15;569
28;2025-11-29;16;543
28;2025-11-29;17;511
28;2025-11-29;18;449
28;2025-11-29;19;373
28;2025-11-29;20;290
28;2025-11-29;21;241
28;2025-11-29;22;127
28;2025-11-29;23;30
28;2025-11-30;0;3
28;2025-11-30;1;0
28;2025-11-30;2;0
28;2025-11-30;3;0
28;2025-11-30;4;0
28;2025-11-30;5;27
28;2025-11-30;6;77
28;2025-11-30;7;130
28;2025-11-30;8;243
28;2025-11-30;9;333
28;2025-11-30;10;382
28;2025-11-30;11;416
28;2025-11-30;12;482
28;2025-11-30;13;533
28;2025-11-30;14;528
28;2025-11-30;15;515
28;2025-11-30;16;481
28;2025-11-30;17;437
28;2025-11-30;18;376
28;2025-11-30;19;305
28;2025-11-30;20;241
28;2025-11-30;21;203
28;2025-11-30;22;95
28;2025-11-30;23;10
28;2025-12-01;0;1
28;2025-12-01;1;0
28;2025-12-01;2;0
28;2025-12-01;3;0
28;2025-12-01;4;0
28;2025-12-01;5;70
28;2025-12-01;6;247
28;2025-12-01;7;745
28;2025-12-01;8;1215
28;2025-12-01;9;814
28;2025-12-01;10;556
28;2025-12-01;11;519
28;2025-12-01;12;573
28;2025-12-01;13;606
28;2025-12-01;14;577
28;2025-12-01;15;636
28;2025-12-01;16;771
28;2025-12-01;17;936
28;2025-12-01;18;976
28;2025-12-01;19;715
28;2025-12-01;20;450
28;2025-12-01;21;271
28;2025-12-01;22;100
28;2025-12-01;23;3
28;2025-12-02;0;0
28;2025-12-02;1;0
28;2025-12-02;2;0
28;2025-12-02;3;0
28;2025-12-02;4;1
28;2025-12-02;5;73
28;2025-12-02;6;248
28;2025-12-02;7;761
28;2025-12-02;8;1219
28;2025-12-02;9;829
28;2025-12-02;10;605
28;2025-12-02;11;563
28;2025-12-02;12;608
28;2025-12-02;13;646
28;2025-12-02;14;621
28;2025-12-02;15;677
28;2025-12-02;16;788
28;2025-12-02;17;961
28;2025-12-02;18;990
28;2025-12-02;19;735
28;2025-12-02;20;482
28;2025-12-02;21;291
28;2025-12-02;22;118
28;2025-12-02;23;10
28;2025-12-03;0;1
28;2025-12-03;1;0
28;2025-12-03;2;0
28;2025-12-03;3;0
28;2025-12-03;4;1
28;2025-12-03;5;74
28;2025-12-03;6;261
28;2025-12-03;7;772
28;2025-12-03;8;1236
28;2025-12-03;9;827
28;2025-12-03;10;600
28;2025-12-03;11;573
28;2025-12-03;12;617
28;2025-12-03;13;659
28;2025-12-03;14;630
28;2025-12-03;15;697
28;2025-12-03;16;811
28;2025-12-03;17;961
28;2025-12-03;18;994
28;2025-12-03;19;731
28;2025-12-03;20;488
28;2025-12-03;21;297
28;2025-12-03;22;127
28;2025-12-03;23;14
28;2025-12-04;0;2
28;2025-12-04;1;0
28;2025-12-04;2;0
28;2025-12-04;3;0
28;2025-12-04;4;1
28;2025-12-04;5;73
28;2025-12-04;6;264
28;2025-12-04;7;777
28;2025-12-04;8;1229
28;2025-12-04;9;842
28;2025-12-04;10;604
28;2025-12-04;11;567
28;2025-12-04;12;628
28;2025-12-04;13;665
28;2025-12-04;14;636
28;2025-12-04;15;693
28;2025-12-04;16;816
28;2025-12-04;17;975
28;2025-12-04;18;1004
28;2025-12-04;19;735
28;2025-12-04;20;499
28;2025-12-04;21;306
28;2025-12-04;22;130
28;2025-12-04;23;17
28;2025-12-05;0;1
28;2025-12-05;1;0
28;2025-12-05;2;0
28;2025-12-05;3;0
28;2025-12-05;4;1
28;2025-12-05;5;72
28;2025-12-05;6;259
28;2025-12-05;7;754
28;2025-12-05;8;1180
28;2025-12-05;9;811
28;2025-12-05;10;585
28;2025-12-05;11;576
28;2025-12-05;12;626
28;2025-12-05;13;671
28;2025-12-05;14;654
28;2025-12-05;15;730
28;2025-12-05;16;883
28;2025-12-05;17;941
28;2025-12-05;18;865
28;2025-12-05;19;668
28;2025-12-05;20;450
28;2025-12-05;21;290
28;2025-12-05;22;127
28;2025-12-05;23;20
28;2025-12-06;0;4
28;2025-12-06;1;0
28;2025-12-06;2;0
28;2025-12-06;3;0
28;2025-12-06;4;0
28;2025-12-06;5;34
28;2025-12-06;6;113
28;2025-12-06;7;189
28;2025-12-06;8;311
28;2025-12-06;9;411
28;2025-12-06;10;446
28;2025-12-06;11;480
28;2025-12-06;12;539
28;2025-12-06;13;582
28;2025-12-06;14;582
28;2025-12-06;15;563
28;2025-12-06;16;535
28;2025-12-06;17;508
28;2025-12-06;18;442
28;2025-12-06;19;381
28;2025-12-06;20;298
28;2025-12-06;21;237
28;2025-12-06;22;128
28;2025-12-06;23;28
28;2025-12-07;0;4
28;2025-12-07;1;0
28;2025-12-07;2;0
28;2025-12-07;3;0
28;2025-12-07;4;0
28;2025-12-07;5;25
28;2025-12-07;6;75
28;2025-12-07;7;114
28;2025-12-07;8;210
28;2025-12-07;9;296
28;2025-12-07;10;343
28;2025-12-07;11;387
28;2025-12-07;12;454
28;2025-12-07;13;500
28;2025-12-07;14;499
28;2025-12-07;15;481
28;2025-12-07;16;459
28;2025-12-07;17;432
28;2025-12-07;18;372
28;2025-12-07;19;316
28;2025-12-07;20;252
28;2025-12-07;21;206
28;2025-12-07;22;101
28;2025-12-07;23;11
28;2025-12-08;0;1
28;2025-12-08;1;0
28;2025-12-08;2;0
28;2025-12-08;3;0
28;2025-12-08;4;0
28;2025-12-08;5;70
28;2025-12-08;6;248
28;2025-12-08;7;752
28;2025-12-08;8;1219
28;2025-12-08;9;820
28;2025-12-08;10;563
28;2025-12-08;11;530
28;2025-12-08;12;588
28;2025-12-08;13;620
28;2025-12-08;14;588
28;2025-12-08;15;650
28;2025-12-08;16;781
28;2025-12-08;17;950
28;2025-12-08;18;979
28;2025-12-08;19;727
28;2025-12-08;20;458
28;2025-12-08;21;269
28;2025-12-08;22;99
28;2025-12-08;23;3
28;2025-12-09;0;0
28;2025-12-09;1;0
28;2025-12-09;2;0
28;2025-12-09;3;0
28;2025-12-09;4;1
28;2025-12-09;5;72
28;2025-12-09;6;257
28;2025-12-09;7;770
28;2025-12-09;8;1227
28;2025-12-09;9;837
28;2025-12-09;10;610
28;2025-12-09;11;568
28;2025-12-09;12;614
28;2025-12-09;13;651
28;2025-12-09;14;621
28;2025-12-09;15;677
28;2025-12-09;16;784
28;2025-12-09;17;951
28;2025-12-09;18;983
28;2025-12-09;19;723
28;2025-12-09;20;477
28;2025-12-09;21;283
28;2025-12-09;22;114
28;2025-12-09;23;8
28;2025-12-10;0;1
28;2025-12-10;1;0
28;2025-12-10;2;0
28;2025-12-10;3;0
28;2025-12-10;4;1
28;2025-12-10;5;73
28;2025-12-10;6;263
28;2025-12-10;7;777
28;2025-12-10;8;1241
28;2025-12-10;9;829
28;2025-12-10;10;605
28;2025-12-10;11;576
28;2025-12-10;12;620
28;2025-12-10;13;661
28;2025-12-10;14;631
28;2025-12-10;15;699
28;2025-12-10;16;815
28;2025-12-10;17;969
28;2025-12-10;18;991
28;2025-12-10;19;738
28;2025-12-10;20;488
28;2025-12-10;21;294
28;2025-12-10;22;124
28;2025-12-10;23;13
28;2025-12-11;0;1
28;2025-12-11;1;0
28;2025-12-11;2;0
28;2025-12-11;3;0
28;2025-12-11;4;1
28;2025-12-11;5;74
28;2025-12-11;6;260
28;2025-12-11;7;775
28;2025-12-11;8;1214
28;2025-12-11;9;837
28;2025-12-11;10;592
28;2025-12-11;11;560
28;2025-12-11;12;625
28;2025-12-11;13;662
28;2025-12-11;14;631
28;2025-12-11;15;692
28;2025-12-11;16;815
28;2025-12-11;17;968
28;2025-12-11;18;988
28;2025-12-11;19;715
28;2025-12-11;20;488
28;2025-12-11;21;297
28;2025-12-11;22;127
28;2025-12-11;23;19
28;2025-12-12;0;0
28;2025-12-12;1;0
28;2025-12-12;2;0
28;2025-12-12;3;0
28;2025-12-12;4;1
28;2025-12-12;5;71
28;2025-12-12;6;256
28;2025-12-12;7;756
28;2025-12-12;8;1175
28;2025-12-12;9;812
28;2025-12-12;10;592
28;2025-12-12;11;579
28;2025-12-12;12;626
28;2025-12-12;13;653
28;2025-12-12;14;626
28;2025-12-12;15;698
28;2025-12-12;16;857
28;2025-12-12;17;914
28;2025-12-12;18;838
28;2025-12-12;19;655
28;2025-12-12;20;448
28;2025-12-12;21;290
28;2025-12-12;22;129
28;2025-12-12;23;20
28;2025-12-13;0;5
28;2025-12-13;1;0
28;2025-12-13;2;0
28;2025-12-13;3;0
28;2025-12-13;4;0
28;2025-12-13;5;36
28;2025-12-13;6;118
28;2025-12-13;7;194
28;2025-12-13;8;326
28;2025-12-13;9;419
28;2025-12-13;10;458
28;2025-12-13;11;493
28;2025-12-13;12;548
28;2025-12-13;13;581
28;2025-12-13;14;579
28;2025-12-13;15;559
28;2025-12-13;16;537
28;2025-12-13;17;501
28;2025-12-13;18;438
28;2025-12-13;19;377
28;2025-12-13;20;307
28;2025-12-13;21;249
28;2025-12-13;22;136
28;2025-12-13;23;32
28;2025-12-14;0;4
28;2025-12-14;1;0
28;2025-12-14;2;0
28;2025-12-14;3;0
28;2025-12-14;4;1
28;2025-12-14;5;28
28;2025-12-14;6;78
28;2025-12-14;7;114
28;2025-12-14;8;215
28;2025-12-14;9;302
28;2025-12-14;10;353
28;2025-12-14;11;396
28;2025-12-14;12;458
28;2025-12-14;13;499
28;2025-12-14;14;497
28;2025-12-14;15;479
28;2025-12-14;16;459
28;2025-12-14;17;431
28;2025-12-14;18;373
28;2025-12-14;19;317
28;2025-12-14;20;251
28;2025-12-14;21;217
28;2025-12-14;22;111
28;2025-12-14;23;14
28;2025-12-15;0;1
28;2025-12-15;1;0
28;2025-12-15;2;0
28;2025-12-15;3;1
28;2025-12-15;4;1
28;2025-12-15;5;71
28;2025-12-15;6;248
28;2025-12-15;7;755
28;2025-12-15;8;1219
28;2025-12-15;9;830
28;2025-12-15;10;575
28;2025-12-15;11;536
28;2025-12-15;12;600
28;2025-12-15;13;630
28;2025-12-15;14;599
28;2025-12-15;15;658
28;2025-12-15;16;790
28;2025-12-15;17;969
28;2025-12-15;18;998
28;2025-12-15;19;740
28;2025-12-15;20;465
28;2025-12-15;21;279
28;2025-12-15;22;107
28;2025-12-15;23;4
28;2025-12-16;0;0
28;2025-12-16;1;0
28;2025-12-16;2;0
28;2025-12-16;3;0
28;2025-12-16;4;1
28;2025-12-16;5;71
28;2025-12-16;6;254
28;2025-12-16;7;769
28;2025-12-16;8;1230
28;2025-12-16;9;838
28;2025-12-16;10;603
28;2025-12-16;11;556
28;2025-12-16;12;598
28;2025-12-16;13;646
28;2025-12-16;14;624
28;2025-12-16;15;683
28;2025-12-16;16;791
28;2025-12-16;17;959
28;2025-12-16;18;988
28;2025-12-16;19;727
28;2025-12-16;20;481
28;2025-12-16;21;286
28;2025-12-16;22;115
28;2025-12-16;23;8
28;2025-12-17;0;1
28;2025-12-17;1;0
28;2025-12-17;2;0
28;2025-12-17;3;0
28;2025-12-17;4;1
28;2025-12-17;5;74
28;2025-12-17;6;261
28;2025-12-17;7;777
28;2025-12-17;8;1240
28;2025-12-17;9;831
28;2025-12-17;10;607
28;2025-12-17;11;582
28;2025-12-17;12;626
28;2025-12-17;13;669
28;2025-12-17;14;642
28;2025-12-17;15;710
28;2025-12-17;16;820
28;2025-12-17;17;973
28;2025-12-17;18;994
28;2025-12-17;19;736
28;2025-12-17;20;490
28;2025-12-17;21;297
28;2025-12-17;22;127
28;2025-12-17;23;14
28;2025-12-18;0;1
28;2025-12-18;1;0
28;2025-12-18;2;0
28;2025-12-18;3;0
28;2025-12-18;4;1
28;2025-12-18;5;74
28;2025-12-18;6;261
28;2025-12-18;7;780
28;2025-12-18;8;1230
28;2025-12-18;9;844
28;2025-12-18;10;608
28;2025-12-18;11;571
28;2025-12-18;12;638
28;2025-12-18;13;669
28;2025-12-18;14;641
28;2025-12-18;15;700
28;2025-12-18;16;823
28;2025-12-18;17;983
28;2025-12-18;18;1010
28;2025-12-18;19;737
28;2025-12-18;20;498
28;2025-12-18;21;304
28;2025-12-18;22;128
28;2025-12-18;23;16
28;2025-12-19;0;1
28;2025-12-19;1;0
28;2025-12-19;2;0
28;2025-12-19;3;0
28;2025-12-19;4;1
28;2025-12-19;5;72
28;2025-12-19;6;256
28;2025-12-19;7;762
28;2025-12-19;8;1186
28;2025-12-19;9;822
28;2025-12-19;10;596
28;2025-12-19;11;581
28;2025-12-19;12;631
28;2025-12-19;13;675
28;2025-12-19;14;663
28;2025-12-19;15;739
28;2025-12-19;16;889
28;2025-12-19;17;943
28;2025-12-19;18;870
28;2025-12-19;19;671
28;2025-12-19;20;452
28;2025-12-19;21;293
28;2025-12-19;22;131
28;2025-12-19;23;20
28;2025-12-20;0;4
28;2025-12-20;1;0
28;2025-12-20;2;0
28;2025-12-20;3;1
28;2025-12-20;4;1
28;2025-12-20;5;36
28;2025-12-20;6;113
28;2025-12-20;7;193
28;2025-12-20;8;319
28;2025-12-20;9;415
28;2025-12-20;10;453
28;2025-12-20;11;482
28;2025-12-20;12;541
28;2025-12-20;13;583
28;2025-12-20;14;583
28;2025-12-20;15;564
28;2025-12-20;16;539
28;2025-12-20;17;510
28;2025-12-20;18;440
28;2025-12-20;19;381
28;2025-12-20;20;299
28;2025-12-20;21;238
28;2025-12-20;22;128
28;2025-12-20;23;29
28;2025-12-21;0;5
28;2025-12-21;1;0
28;2025-12-21;2;0
28;2025-12-21;3;0
28;2025-12-21;4;0
28;2025-12-21;5;25
28;2025-12-21;6;69
28;2025-12-21;7;115
28;2025-12-21;8;215
28;2025-12-21;9;307
28;2025-12-21;10;352
28;2025-12-21;11;392
28;2025-12-21;12;455
28;2025-12-21;13;500
28;2025-12-21;14;501
28;2025-12-21;15;486
28;2025-12-21;16;462
28;2025-12-21;17;436
28;2025-12-21;18;372
28;2025-12-21;19;314
28;2025-12-21;20;249
28;2025-12-21;21;208
28;2025-12-21;22;103
28;2025-12-21;23;12
28;2025-12-22;0;3
28;2025-12-22;1;2
28;2025-12-22;2;2
28;2025-12-22;3;3
28;2025-12-22;4;3
28;2025-12-22;5;71
28;2025-12-22;6;248
28;2025-12-22;7;762
28;2025-12-22;8;1226
28;2025-12-22;9;824
28;2025-12-22;10;572
28;2025-12-22;11;534
28;2025-12-22;12;590
28;2025-12-22;13;620
28;2025-12-22;14;586
28;2025-12-22;15;647
28;2025-12-22;16;781
28;2025-12-22;17;948
28;2025-12-22;18;976
28;2025-12-22;19;722
28;2025-12-22;20;460
28;2025-12-22;21;275
28;2025-12-22;22;105
28;2025-12-22;23;3
28;2025-12-23;0;0
28;2025-12-23;1;0
28;2025-12-23;2;0
28;2025-12-23;3;0
28;2025-12-23;4;1
28;2025-12-23;5;71
28;2025-12-23;6;255
28;2025-12-23;7;767
28;2025-12-23;8;1229
28;2025-12-23;9;840
28;2025-12-23;10;612
28;2025-12-23;11;563
28;2025-12-23;12;610
28;2025-12-23;13;644
28;2025-12-23;14;618
28;2025-12-23;15;671
28;2025-12-23;16;785
28;2025-12-23;17;956
28;2025-12-23;18;986
28;2025-12-23;19;728
28;2025-12-23;20;481
28;2025-12-23;21;290
28;2025-12-23;22;118
28;2025-12-23;23;11
28;2025-12-24;0;0
28;2025-12-24;1;0
28;2025-12-24;2;0
28;2025-12-24;3;0
28;2025-12-24;4;2
28;2025-12-24;5;75
28;2025-12-24;6;265
28;2025-12-24;7;773
28;2025-12-24;8;1241
28;2025-12-24;9;830
28;2025-12-24;10;604
28;2025-12-24;11;571
28;2025-12-24;12;618
28;2025-12-24;13;653
28;2025-12-24;14;620
28;2025-12-24;15;689
28;2025-12-24;16;805
28;2025-12-24;17;972
28;2025-12-24;18;995
28;2025-12-24;19;736
28;2025-12-24;20;481
28;2025-12-24;21;294
28;2025-12-24;22;124
28;2025-12-24;23;9
28;2025-12-25;0;1
28;2025-12-25;1;0
28;2025-12-25;2;0
28;2025-12-25;3;0
28;2025-12-25;4;1
28;2025-12-25;5;75
28;2025-12-25;6;260
28;2025-12-25;7;765
28;2025-12-25;8;1228
28;2025-12-25;9;839
28;2025-12-25;10;605
28;2025-12-25;11;573
28;2025-12-25;12;641
28;2025-12-25;13;669
28;2025-12-25;14;638
28;2025-12-25;15;696
28;2025-12-25;16;807
28;2025-12-25;17;968
28;2025-12-25;18;991
28;2025-12-25;19;712
28;2025-12-25;20;487
28;2025-12-25;21;293
28;2025-12-25;22;121
28;2025-12-25;23;7
28;2025-12-26;0;0
28;2025-12-26;1;0
28;2025-12-26;2;0
28;2025-12-26;3;0
28;2025-12-26;4;0
28;2025-12-26;5;70
28;2025-12-26;6;253
28;2025-12-26;7;754
28;2025-12-26;8;1178
28;2025-12-26;9;816
28;2025-12-26;10;589
28;2025-12-26;11;579
28;2025-12-26;12;626
28;2025-12-26;13;685
28;2025-12-26;14;663
28;2025-12-26;15;739
28;2025-12-26;16;884
28;2025-12-26;17;928
28;2025-12-26;18;862
28;2025-12-26;19;658
28;2025-12-26;20;443
28;2025-12-26;21;283
28;2025-12-26;22;128
28;2025-12-26;23;18
28;2025-12-27;0;9
28;2025-12-27;1;4
28;2025-12-27;2;3
28;2025-12-27;3;4
28;2025-12-27;4;5
28;2025-12-27;5;40
28;2025-12-27;6;115
28;2025-12-27;7;195
28;2025-12-27;8;310
28;2025-12-27;9;406
28;2025-12-27;10;443
28;2025-12-27;11;475
28;2025-12-27;12;533
28;2025-12-27;13;575
28;2025-12-27;14;574
28;2025-12-27;15;566
28;2025-12-27;16;539
28;2025-12-27;17;509
28;2025-12-27;18;444
28;2025-12-27;19;383
28;2025-12-27;20;301
28;2025-12-27;21;243
28;2025-12-27;22;131
28;2025-12-27;23;31
28;2025-12-28;0;6
28;2025-12-28;1;2
28;2025-12-28;2;2
28;2025-12-28;3;1
28;2025-12-28;4;1
28;2025-12-28;5;27
28;2025-12-28;6;75
28;2025-12-28;7;109
28;2025-12-28;8;194
28;2025-12-28;9;276
28;2025-12-28;10;331
28;2025-12-28;11;373
28;2025-12-28;12;438
28;2025-12-28;13;482
28;2025-12-28;14;484
28;2025-12-28;15;469
28;2025-12-28;16;442
28;2025-12-28;17;411
28;2025-12-28;18;360
28;2025-12-28;19;306
28;2025-12-28;20;243
28;2025-12-28;21;207
28;2025-12-28;22;102
28;2025-12-28;23;15
28;2025-12-29;0;2
28;2025-12-29;1;1
28;2025-12-29;2;1
28;2025-12-29;3;2
28;2025-12-29;4;2
28;2025-12-29;5;67
28;2025-12-29;6;240
28;2025-12-29;7;740
28;2025-12-29;8;1217
28;2025-12-29;9;816
28;2025-12-29;10;564
28;2025-12-29;11;533
28;2025-12-29;12;594
28;2025-12-29;13;624
28;2025-12-29;14;588
28;2025-12-29;15;649
28;2025-12-29;16;775
28;2025-12-29;17;942
28;2025-12-29;18;974
28;2025-12-29;19;716
28;2025-12-29;20;453
28;2025-12-29;21;272
28;2025-12-29;22;100
28;2025-12-29;23;4
28;2025-12-30;0;2
28;2025-12-30;1;0
28;2025-12-30;2;0
28;2025-12-30;3;0
28;2025-12-30;4;1
28;2025-12-30;5;70
28;2025-12-30;6;248
28;2025-12-30;7;758
28;2025-12-30;8;1219
28;2025-12-30;9;826
28;2025-12-30;10;592
28;2025-12-30;11;559
28;2025-12-30;12;603
28;2025-12-30;13;637
28;2025-12-30;14;606
28;2025-12-30;15;664
28;2025-12-30;16;766
28;2025-12-30;17;943
28;2025-12-30;18;976
28;2025-12-30;19;718
28;2025-12-30;20;470
28;2025-12-30;21;283
28;2025-12-30;22;112
28;2025-12-30;23;10
28;2025-12-31;0;1
28;2025-12-31;1;0
28;2025-12-31;2;0
28;2025-12-31;3;0
28;2025-12-31;4;0
28;2025-12-31;5;11
28;2025-12-31;6;51
28;2025-12-31;7;110
28;2025-12-31;8;223
28;2025-12-31;9;225
28;2025-12-31;10;183
28;2025-12-31;11;222
28;2025-12-31;12;270
28;2025-12-31;13;298
28;2025-12-31;14;313
28;2025-12-31;15;332
28;2025-12-31;16;330
28;2025-12-31;17;353
28;2025-12-31;18;347
28;2025-12-31;19;273
28;2025-12-31;20;222
28;2025-12-31;21;175
28;2025-12-31;22;75
28;2025-12-31;23;6
50;2025-11-01;0;73
50;2025-11-01;1;15
50;2025-11-01;2;0
50;2025-11-01;3;10
50;2025-11-01;4;8
50;2025-11-01;5;46
50;2025-11-01;6;453
50;2025-11-01;7;1168
50;2025-11-01;8;1700
50;2025-11-01;9;1391
50;2025-11-01;10;1310
50;2025-11-01;11;1255
50;2025-11-01;12;1225
50;2025-11-01;13;1307
50;2025-11-01;14;1274
50;2025-11-01;15;1341
50;2025-11-01;16;1464
50;2025-11-01;17;1560
50;2025-11-01;18;1562
50;2025-11-01;19;1098
50;2025-11-01;20;780
50;2025-11-01;21;526
50;2025-11-01;22;299
50;2025-11-01;23;193
50;2025-11-02;0;51
50;2025-11-02;1;16
50;2025-11-02;2;0
50;2025-11-02;3;15
50;2025-11-02;4;3
50;2025-11-02;5;8
50;2025-11-02;6;38
50;2025-11-02;7;68
50;2025-11-02;8;110
50;2025-11-02;9;150
50;2025-11-02;10;173
50;2025-11-02;11;248
50;2025-11-02;12;331
50;2025-11-02;13;382
50;2025-11-02;14;391
50;2025-11-02;15;328
50;2025-11-02;16;309
50;2025-11-02;17;310
50;2025-11-02;18;265
50;2025-11-02;19;269
50;2025-11-02;20;149
50;2025-11-02;21;146
50;2025-11-02;22;63
50;2025-11-02;23;37
50;2025-11-03;0;38
50;2025-11-03;1;10
50;2025-11-03;2;6
50;2025-11-03;3;6
50;2025-11-03;4;0
50;2025-11-03;5;18
50;2025-11-03;6;145
50;2025-11-03;7;367
50;2025-11-03;8;551
50;2025-11-03;9;499
50;2025-11-03;10;427
50;2025-11-03;11;456
50;2025-11-03;12;524
50;2025-11-03;13;548
50;2025-11-03;14;551
50;2025-11-03;15;519
50;2025-11-03;16;508
50;2025-11-03;17;665
50;2025-11-03;18;677
50;2025-11-03;19;578
50;2025-11-03;20;343
50;2025-11-03;21;287
50;2025-11-03;22;124
50;2025-11-03;23;57
50;2025-11-04;0;44
50;2025-11-04;1;13
50;2025-11-04;2;9
50;2025-11-04;3;9
50;2025-11-04;4;1
50;2025-11-04;5;9
50;2025-11-04;6;94
50;2025-11-04;7;271
50;2025-11-04;8;424
50;2025-11-04;9;378
50;2025-11-04;10;283
50;2025-11-04;11;334
50;2025-11-04;12;382
50;2025-11-04;13;425
50;2025-11-04;14;443
50;2025-11-04;15;479
50;2025-11-04;16;484
50;2025-11-04;17;593
50;2025-11-04;18;615
50;2025-11-04;19;541
50;2025-11-04;20;308
50;2025-11-04;21;260
50;2025-11-04;22;109
50;2025-11-04;23;40
50;2025-11-05;0;32
50;2025-11-05;1;1
50;2025-11-05;2;0
50;2025-11-05;3;1
50;2025-11-05;4;2
50;2025-11-05;5;69
50;2025-11-05;6;553
50;2025-11-05;7;1725
50;2025-11-05;8;2621
50;2025-11-05;9;2030
50;2025-11-05;10;1605
50;2025-11-05;11;1447
50;2025-11-05;12;1387
50;2025-11-05;13;1388
50;2025-11-05;14;1360
50;2025-11-05;15;1514
50;2025-11-05;16;1674
50;2025-11-05;17;2115
50;2025-11-05;18;2245
50;2025-11-05;19;1486
50;2025-11-05;20;876
50;2025-11-05;21;562
50;2025-11-05;22;261
50;2025-11-05;23;138
50;2025-11-06;0;33
50;2025-11-06;1;2
50;2025-11-06;2;0
50;2025-11-06;3;1
50;2025-11-06;4;1
50;2025-11-06;5;66
50;2025-11-06;6;553
50;2025-11-06;7;1732
50;2025-11-06;8;2611
50;2025-11-06;9;2022
50;2025-11-06;10;1601
50;2025-11-06;11;1421
50;2025-11-06;12;1377
50;2025-11-06;13;1393
50;2025-11-06;14;1359
50;2025-11-06;15;1528
50;2025-11-06;16;1689
50;2025-11-06;17;2135
50;2025-11-06;18;2249
50;2025-11-06;19;1470
50;2025-11-06;20;892
50;2025-11-06;21;577
50;2025-11-06;22;253
50;2025-11-06;23;131
50;2025-11-07;0;35
50;2025-11-07;1;1
50;2025-11-07;2;0
50;2025-11-07;3;0
50;2025-11-07;4;1
50;2025-11-07;5;63
50;2025-11-07;6;543
50;2025-11-07;7;1680
50;2025-11-07;8;2512
50;2025-11-07;9;1941
50;2025-11-07;10;1524
50;2025-11-07;11;1446
50;2025-11-07;12;1412
50;2025-11-07;13;1410
50;2025-11-07;14;1408
50;2025-11-07;15;1611
50;2025-11-07;16;1835
50;2025-11-07;17;2004
50;2025-11-07;18;1869
50;2025-11-07;19;1296
50;2025-11-07;20;826
50;2025-11-07;21;531
50;2025-11-07;22;256
50;2025-11-07;23;137
50;2025-11-08;0;43
50;2025-11-08;1;2
50;2025-11-08;2;0
50;2025-11-08;3;0
50;2025-11-08;4;0
50;2025-11-08;5;10
50;2025-11-08;6;51
50;2025-11-08;7;114
50;2025-11-08;8;217
50;2025-11-08;9;215
50;2025-11-08;10;210
50;2025-11-08;11;265
50;2025-11-08;12;321
50;2025-11-08;13;351
50;2025-11-08;14;355
50;2025-11-08;15;314
50;2025-11-08;16;328
50;2025-11-08;17;332
50;2025-11-08;18;271
50;2025-11-08;19;308
50;2025-11-08;20;172
50;2025-11-08;21;127
50;2025-11-08;22;72
50;2025-11-08;23;43
50;2025-11-09;0;36
50;2025-11-09;1;4
50;2025-11-09;2;0
50;2025-11-09;3;0
50;2025-11-09;4;0
50;2025-11-09;5;8
50;2025-11-09;6;38
50;2025-11-09;7;68
50;2025-11-09;8;110
50;2025-11-09;9;138
50;2025-11-09;10;150
50;2025-11-09;11;210
50;2025-11-09;12;300
50;2025-11-09;13;329
50;2025-11-09;14;337
50;2025-11-09;15;282
50;2025-11-09;16;373
50;2025-11-09;17;382
50;2025-11-09;18;322
50;2025-11-09;19;300
50;2025-11-09;20;187
50;2025-11-09;21;152
50;2025-11-09;22;63
50;2025-11-09;23;38
50;2025-11-10;0;30
50;2025-11-10;1;2
50;2025-11-10;2;0
50;2025-11-10;3;0
50;2025-11-10;4;1
50;2025-11-10;5;66
50;2025-11-10;6;547
50;2025-11-10;7;1739
50;2025-11-10;8;2660
50;2025-11-10;9;2052
50;2025-11-10;10;1595
50;2025-11-10;11;1462
50;2025-11-10;12;1401
50;2025-11-10;13;1423
50;2025-11-10;14;1409
50;2025-11-10;15;1582
50;2025-11-10;16;1706
50;2025-11-10;17;2201
50;2025-11-10;18;2323
50;2025-11-10;19;1506
50;2025-11-10;20;894
50;2025-11-10;21;563
50;2025-11-10;22;246
50;2025-11-10;23;120
50;2025-11-11;0;32
50;2025-11-11;1;2
50;2025-11-11;2;0
50;2025-11-11;3;0
50;2025-11-11;4;1
50;2025-11-11;5;70
50;2025-11-11;6;568
50;2025-11-11;7;1782
50;2025-11-11;8;2707
50;2025-11-11;9;2105
50;2025-11-11;10;1666
50;2025-11-11;11;1511
50;2025-11-11;12;1465
50;2025-11-11;13;1475
50;2025-11-11;14;1459
50;2025-11-11;15;1626
50;2025-11-11;16;1736
50;2025-11-11;17;2242
50;2025-11-11;18;2352
50;2025-11-11;19;1523
50;2025-11-11;20;936
50;2025-11-11;21;591
50;2025-11-11;22;272
50;2025-11-11;23;138
50;2025-11-12;0;32
50;2025-11-12;1;2
50;2025-11-12;2;0
50;2025-11-12;3;0
50;2025-11-12;4;1
50;2025-11-12;5;70
50;2025-11-12;6;570
50;2025-11-12;7;1774
50;2025-11-12;8;2689
50;2025-11-12;9;2088
50;2025-11-12;10;1660
50;2025-11-12;11;1504
50;2025-11-12;12;1469
50;2025-11-12;13;1468
50;2025-11-12;14;1442
50;2025-11-12;15;1599
50;2025-11-12;16;1761
50;2025-11-12;17;2229
50;2025-11-12;18;2342
50;2025-11-12;19;1529
50;2025-11-12;20;915
50;2025-11-12;21;592
50;2025-11-12;22;277
50;2025-11-12;23;143
50;2025-11-13;0;34
50;2025-11-13;1;2
50;2025-11-13;2;1
50;2025-11-13;3;1
50;2025-11-13;4;2
50;2025-11-13;5;71
50;2025-11-13;6;573
50;2025-11-13;7;1779
50;2025-11-13;8;2679
50;2025-11-13;9;2089
50;2025-11-13;10;1670
50;2025-11-13;11;1521
50;2025-11-13;12;1471
50;2025-11-13;13;1473
50;2025-11-13;14;1425
50;2025-11-13;15;1599
50;2025-11-13;16;1755
50;2025-11-13;17;2237
50;2025-11-13;18;2340
50;2025-11-13;19;1517
50;2025-11-13;20;931
50;2025-11-13;21;608
50;2025-11-13;22;280
50;2025-11-13;23;151
50;2025-11-14;0;35
50;2025-11-14;1;2
50;2025-11-14;2;0
50;2025-11-14;3;0
50;2025-11-14;4;1
50;2025-11-14;5;69
50;2025-11-14;6;563
50;2025-11-14;7;1747
50;2025-11-14;8;2620
50;2025-11-14;9;2039
50;2025-11-14;10;1614
50;2025-11-14;11;1529
50;2025-11-14;12;1458
50;2025-11-14;13;1449
50;2025-11-14;14;1449
50;2025-11-14;15;1654
50;2025-11-14;16;1883
50;2025-11-14;17;2056
50;2025-11-14;18;1901
50;2025-11-14;19;1317
50;2025-11-14;20;841
50;2025-11-14;21;543
50;2025-11-14;22;262
50;2025-11-14;23;160
50;2025-11-15;0;56
50;2025-11-15;1;10
50;2025-11-15;2;0
50;2025-11-15;3;3
50;2025-11-15;4;0
50;2025-11-15;5;10
50;2025-11-15;6;50
50;2025-11-15;7;155
50;2025-11-15;8;283
50;2025-11-15;9;275
50;2025-11-15;10;279
50;2025-11-15;11;327
50;2025-11-15;12;399
50;2025-11-15;13;463
50;2025-11-15;14;467
50;2025-11-15;15;430
50;2025-11-15;16;442
50;2025-11-15;17;439
50;2025-11-15;18;352
50;2025-11-15;19;346
50;2025-11-15;20;221
50;2025-11-15;21;150
50;2025-11-15;22;72
50;2025-11-15;23;43
50;2025-11-16;0;52
50;2025-11-16;1;8
50;2025-11-16;2;0
50;2025-11-16;3;3
50;2025-11-16;4;0
50;2025-11-16;5;8
50;2025-11-16;6;38
50;2025-11-16;7;78
50;2025-11-16;8;159
50;2025-11-16;9;198
50;2025-11-16;10;218
50;2025-11-16;11;302
50;2025-11-16;12;383
50;2025-11-16;13;432
50;2025-11-16;14;456
50;2025-11-16;15;383
50;2025-11-16;16;405
50;2025-11-16;17;389
50;2025-11-16;18;323
50;2025-11-16;19;294
50;2025-11-16;20;186
50;2025-11-16;21;149
50;2025-11-16;22;63
50;2025-11-16;23;34
50;2025-11-17;0;30
50;2025-11-17;1;2
50;2025-11-17;2;0
50;2025-11-17;3;0
50;2025-11-17;4;1
50;2025-11-17;5;65
50;2025-11-17;6;552
50;2025-11-17;7;1743
50;2025-11-17;8;2664
50;2025-11-17;9;2061
50;2025-11-17;10;1599
50;2025-11-17;11;1456
50;2025-11-17;12;1394
50;2025-11-17;13;1408
50;2025-11-17;14;1392
50;2025-11-17;15;1566
50;2025-11-17;16;1706
50;2025-11-17;17;2220
50;2025-11-17;18;2333
50;2025-11-17;19;1502
50;2025-11-17;20;898
50;2025-11-17;21;565
50;2025-11-17;22;251
50;2025-11-17;23;125
50;2025-11-18;0;30
50;2025-11-18;1;3
50;2025-11-18;2;1
50;2025-11-18;3;0
50;2025-11-18;4;1
50;2025-11-18;5;63
50;2025-11-18;6;575
50;2025-11-18;7;1784
50;2025-11-18;8;2688
50;2025-11-18;9;2062
50;2025-11-18;10;1647
50;2025-11-18;11;1451
50;2025-11-18;12;1406
50;2025-11-18;13;1419
50;2025-11-18;14;1438
50;2025-11-18;15;1603
50;2025-11-18;16;1727
50;2025-11-18;17;2228
50;2025-11-18;18;2334
50;2025-11-18;19;1503
50;2025-11-18;20;922
50;2025-11-18;21;583
50;2025-11-18;22;268
50;2025-11-18;23;137
50;2025-11-19;0;32
50;2025-11-19;1;2
50;2025-11-19;2;0
50;2025-11-19;3;0
50;2025-11-19;4;1
50;2025-11-19;5;70
50;2025-11-19;6;568
50;2025-11-19;7;1771
50;2025-11-19;8;2682
50;2025-11-19;9;2089
50;2025-11-19;10;1659
50;2025-11-19;11;1509
50;2025-11-19;12;1473
50;2025-11-19;13;1478
50;2025-11-19;14;1453
50;2025-11-19;15;1623
50;2025-11-19;16;1779
50;2025-11-19;17;2239
50;2025-11-19;18;2353
50;2025-11-19;19;1533
50;2025-11-19;20;921
50;2025-11-19;21;600
50;2025-11-19;22;285
50;2025-11-19;23;146
50;2025-11-20;0;33
50;2025-11-20;1;2
50;2025-11-20;2;0
50;2025-11-20;3;0
50;2025-11-20;4;1
50;2025-11-20;5;68
50;2025-11-20;6;571
50;2025-11-20;7;1771
50;2025-11-20;8;2678
50;2025-11-20;9;2089
50;2025-11-20;10;1667
50;2025-11-20;11;1522
50;2025-11-20;12;1476
50;2025-11-20;13;1481
50;2025-11-20;14;1452
50;2025-11-20;15;1635
50;2025-11-20;16;1790
50;2025-11-20;17;2246
50;2025-11-20;18;2359
50;2025-11-20;19;1532
50;2025-11-20;20;938
50;2025-11-20;21;613
50;2025-11-20;22;281
50;2025-11-20;23;148
50;2025-11-21;0;35
50;2025-11-21;1;2
50;2025-11-21;2;0
50;2025-11-21;3;0
50;2025-11-21;4;1
50;2025-11-21;5;67
50;2025-11-21;6;559
50;2025-11-21;7;1733
50;2025-11-21;8;2614
50;2025-11-21;9;2034
50;2025-11-21;10;1612
50;2025-11-21;11;1534
50;2025-11-21;12;1491
50;2025-11-21;13;1488
50;2025-11-21;14;1486
50;2025-11-21;15;1690
50;2025-11-21;16;1920
50;2025-11-21;17;2114
50;2025-11-21;18;1959
50;2025-11-21;19;1354
50;2025-11-21;20;877
50;2025-11-21;21;568
50;2025-11-21;22;287
50;2025-11-21;23;166
50;2025-11-22;0;48
50;2025-11-22;1;9
50;2025-11-22;2;0
50;2025-11-22;3;5
50;2025-11-22;4;0
50;2025-11-22;5;10
50;2025-11-22;6;56
50;2025-11-22;7;173
50;2025-11-22;8;299
50;2025-11-22;9;296
50;2025-11-22;10;306
50;2025-11-22;11;366
50;2025-11-22;12;437
50;2025-11-22;13;462
50;2025-11-22;14;469
50;2025-11-22;15;428
50;2025-11-22;16;441
50;2025-11-22;17;432
50;2025-11-22;18;362
50;2025-11-22;19;359
50;2025-11-22;20;229
50;2025-11-22;21;146
50;2025-11-22;22;72
50;2025-11-22;23;43
50;2025-11-23;0;50
50;2025-11-23;1;7
50;2025-11-23;2;0
50;2025-11-23;3;1
50;2025-11-23;4;0
50;2025-11-23;5;8
50;2025-11-23;6;38
50;2025-11-23;7;69
50;2025-11-23;8;146
50;2025-11-23;9;194
50;2025-11-23;10;215
50;2025-11-23;11;290
50;2025-11-23;12;372
50;2025-11-23;13;426
50;2025-11-23;14;445
50;2025-11-23;15;391
50;2025-11-23;16;404
50;2025-11-23;17;385
50;2025-11-23;18;322
50;2025-11-23;19;303
50;2025-11-23;20;188
50;2025-11-23;21;145
50;2025-11-23;22;63
50;2025-11-23;23;34
50;2025-11-24;0;29
50;2025-11-24;1;3
50;2025-11-24;2;0
50;2025-11-24;3;0
50;2025-11-24;4;1
50;2025-11-24;5;64
50;2025-11-24;6;545
50;2025-11-24;7;1744
50;2025-11-24;8;2663
50;2025-11-24;9;2058
50;2025-11-24;10;1603
50;2025-11-24;11;1458
50;2025-11-24;12;1398
50;2025-11-24;13;1421
50;2025-11-24;14;1404
50;2025-11-24;15;1584
50;2025-11-24;16;1715
50;2025-11-24;17;2215
50;2025-11-24;18;2328
50;2025-11-24;19;1498
50;2025-11-24;20;894
50;2025-11-24;21;559
50;2025-11-24;22;250
50;2025-11-24;23;128
50;2025-11-25;0;29
50;2025-11-25;1;2
50;2025-11-25;2;0
50;2025-11-25;3;0
50;2025-11-25;4;1
50;2025-11-25;5;66
50;2025-11-25;6;569
50;2025-11-25;7;1781
50;2025-11-25;8;2699
50;2025-11-25;9;2089
50;2025-11-25;10;1654
50;2025-11-25;11;1497
50;2025-11-25;12;1449
50;2025-11-25;13;1463
50;2025-11-25;14;1456
50;2025-11-25;15;1619
50;2025-11-25;16;1730
50;2025-11-25;17;2239
50;2025-11-25;18;2349
50;2025-11-25;19;1519
50;2025-11-25;20;929
50;2025-11-25;21;588
50;2025-11-25;22;269
50;2025-11-25;23;134
50;2025-11-26;0;32
50;2025-11-26;1;2
50;2025-11-26;2;0
50;2025-11-26;3;0
50;2025-11-26;4;1
50;2025-11-26;5;71
50;2025-11-26;6;573
50;2025-11-26;7;1763
50;2025-11-26;8;2668
50;2025-11-26;9;2083
50;2025-11-26;10;1666
50;2025-11-26;11;1511
50;2025-11-26;12;1472
50;2025-11-26;13;1469
50;2025-11-26;14;1438
50;2025-11-26;15;1601
50;2025-11-26;16;1754
50;2025-11-26;17;2221
50;2025-11-26;18;2335
50;2025-11-26;19;1522
50;2025-11-26;20;919
50;2025-11-26;21;595
50;2025-11-26;22;279
50;2025-11-26;23;145
50;2025-11-27;0;34
50;2025-11-27;1;2
50;2025-11-27;2;0
50;2025-11-27;3;0
50;2025-11-27;4;1
50;2025-11-27;5;70
50;2025-11-27;6;573
50;2025-11-27;7;1779
50;2025-11-27;8;2682
50;2025-11-27;9;2092
50;2025-11-27;10;1670
50;2025-11-27;11;1524
50;2025-11-27;12;1474
50;2025-11-27;13;1470
50;2025-11-27;14;1434
50;2025-11-27;15;1614
50;2025-11-27;16;1775
50;2025-11-27;17;2239
50;2025-11-27;18;2348
50;2025-11-27;19;1514
50;2025-11-27;20;915
50;2025-11-27;21;591
50;2025-11-27;22;269
50;2025-11-27;23;141
50;2025-11-28;0;30
50;2025-11-28;1;1
50;2025-11-28;2;0
50;2025-11-28;3;0
50;2025-11-28;4;1
50;2025-11-28;5;66
50;2025-11-28;6;563
50;2025-11-28;7;1744
50;2025-11-28;8;2625
50;2025-11-28;9;2051
50;2025-11-28;10;1623
50;2025-11-28;11;1545
50;2025-11-28;12;1501
50;2025-11-28;13;1489
50;2025-11-28;14;1493
50;2025-11-28;15;1697
50;2025-11-28;16;1930
50;2025-11-28;17;2108
50;2025-11-28;18;1961
50;2025-11-28;19;1351
50;2025-11-28;20;871
50;2025-11-28;21;566
50;2025-11-28;22;286
50;2025-11-28;23;164
50;2025-11-29;0;47
50;2025-11-29;1;8
50;2025-11-29;2;0
50;2025-11-29;3;3
50;2025-11-29;4;0
50;2025-11-29;5;10
50;2025-11-29;6;52
50;2025-11-29;7;162
50;2025-11-29;8;286
50;2025-11-29;9;279
50;2025-11-29;10;291
50;2025-11-29;11;349
50;2025-11-29;12;421
50;2025-11-29;13;447
50;2025-11-29;14;454
50;2025-11-29;15;416
50;2025-11-29;16;427
50;2025-11-29;17;417
50;2025-11-29;18;353
50;2025-11-29;19;349
50;2025-11-29;20;220
50;2025-11-29;21;145
50;2025-11-29;22;72
50;2025-11-29;23;43
50;2025-11-30;0;49
50;2025-11-30;1;7
50;2025-11-30;2;0
50;2025-11-30;3;0
50;2025-11-30;4;0
50;2025-11-30;5;8
50;2025-11-30;6;38
50;2025-11-30;7;75
50;2025-11-30;8;167
50;2025-11-30;9;206
50;2025-11-30;10;223
50;2025-11-30;11;295
50;2025-11-30;12;386
50;2025-11-30;13;420
50;2025-11-30;14;437
50;2025-11-30;15;382
50;2025-11-30;16;397
50;2025-11-30;17;389
50;2025-11-30;18;324
50;2025-11-30;19;298
50;2025-11-30;20;189
50;2025-11-30;21;142
50;2025-11-30;22;63
50;2025-11-30;23;34
50;2025-12-01;0;35
50;2025-12-01;1;2
50;2025-12-01;2;0
50;2025-12-01;3;0
50;2025-12-01;4;1
50;2025-12-01;5;69
50;2025-12-01;6;562
50;2025-12-01;7;1728
50;2025-12-01;8;2603
50;2025-12-01;9;2022
50;2025-12-01;10;1569
50;2025-12-01;11;1443
50;2025-12-01;12;1377
50;2025-12-01;13;1397
50;2025-12-01;14;1376
50;2025-12-01;15;1535
50;2025-12-01;16;1669
50;2025-12-01;17;2172
50;2025-12-01;18;2300
50;2025-12-01;19;1479
50;2025-12-01;20;884
50;2025-12-01;21;557
50;2025-12-01;22;253
50;2025-12-01;23;122
50;2025-12-02;0;34
50;2025-12-02;1;2
50;2025-12-02;2;0
50;2025-12-02;3;0
50;2025-12-02;4;1
50;2025-12-02;5;73
50;2025-12-02;6;574
50;2025-12-02;7;1762
50;2025-12-02;8;2649
50;2025-12-02;9;2063
50;2025-12-02;10;1633
50;2025-12-02;11;1489
50;2025-12-02;12;1444
50;2025-12-02;13;1450
50;2025-12-02;14;1431
50;2025-12-02;15;1581
50;2025-12-02;16;1699
50;2025-12-02;17;2213
50;2025-12-02;18;2327
50;2025-12-02;19;1514
50;2025-12-02;20;928
50;2025-12-02;21;588
50;2025-12-02;22;279
50;2025-12-02;23;135
50;2025-12-03;0;36
50;2025-12-03;1;2
50;2025-12-03;2;0
50;2025-12-03;3;0
50;2025-12-03;4;2
50;2025-12-03;5;75
50;2025-12-03;6;579
50;2025-12-03;7;1752
50;2025-12-03;8;2620
50;2025-12-03;9;2055
50;2025-12-03;10;1633
50;2025-12-03;11;1489
50;2025-12-03;12;1455
50;2025-12-03;13;1457
50;2025-12-03;14;1429
50;2025-12-03;15;1577
50;2025-12-03;16;1740
50;2025-12-03;17;2195
50;2025-12-03;18;2321
50;2025-12-03;19;1515
50;2025-12-03;20;918
50;2025-12-03;21;594
50;2025-12-03;22;290
50;2025-12-03;23;144
50;2025-12-04;0;38
50;2025-12-04;1;2
50;2025-12-04;2;0
50;2025-12-04;3;0
50;2025-12-04;4;2
50;2025-12-04;5;74
50;2025-12-04;6;582
50;2025-12-04;7;1759
50;2025-12-04;8;2619
50;2025-12-04;9;2049
50;2025-12-04;10;1634
50;2025-12-04;11;1499
50;2025-12-04;12;1444
50;2025-12-04;13;1455
50;2025-12-04;14;1423
50;2025-12-04;15;1592
50;2025-12-04;16;1759
50;2025-12-04;17;2215
50;2025-12-04;18;2323
50;2025-12-04;19;1521
50;2025-12-04;20;943
50;2025-12-04;21;615
50;2025-12-04;22;294
50;2025-12-04;23;150
50;2025-12-05;0;40
50;2025-12-05;1;2
50;2025-12-05;2;0
50;2025-12-05;3;0
50;2025-12-05;4;1
50;2025-12-05;5;75
50;2025-12-05;6;575
50;2025-12-05;7;1726
50;2025-12-05;8;2560
50;2025-12-05;9;2006
50;2025-12-05;10;1587
50;2025-12-05;11;1515
50;2025-12-05;12;1472
50;2025-12-05;13;1461
50;2025-12-05;14;1461
50;2025-12-05;15;1653
50;2025-12-05;16;1894
50;2025-12-05;17;2083
50;2025-12-05;18;1935
50;2025-12-05;19;1343
50;2025-12-05;20;874
50;2025-12-05;21;563
50;2025-12-05;22;295
50;2025-12-05;23;162
50;2025-12-06;0;55
50;2025-12-06;1;5
50;2025-12-06;2;1
50;2025-12-06;3;1
50;2025-12-06;4;0
50;2025-12-06;5;32
50;2025-12-06;6;181
50;2025-12-06;7;364
50;2025-12-06;8;523
50;2025-12-06;9;599
50;2025-12-06;10;648
50;2025-12-06;11;739
50;2025-12-06;12;807
50;2025-12-06;13;842
50;2025-12-06;14;851
50;2025-12-06;15;816
50;2025-12-06;16;795
50;2025-12-06;17;778
50;2025-12-06;18;703
50;2025-12-06;19;618
50;2025-12-06;20;481
50;2025-12-06;21;361
50;2025-12-06;22;220
50;2025-12-06;23;132
50;2025-12-07;0;53
50;2025-12-07;1;6
50;2025-12-07;2;0
50;2025-12-07;3;0
50;2025-12-07;4;1
50;2025-12-07;5;19
50;2025-12-07;6;121
50;2025-12-07;7;229
50;2025-12-07;8;355
50;2025-12-07;9;445
50;2025-12-07;10;506
50;2025-12-07;11;612
50;2025-12-07;12;699
50;2025-12-07;13;744
50;2025-12-07;14;762
50;2025-12-07;15;712
50;2025-12-07;16;704
50;2025-12-07;17;692
50;2025-12-07;18;621
50;2025-12-07;19;533
50;2025-12-07;20;415
50;2025-12-07;21;326
50;2025-12-07;22;187
50;2025-12-07;23;102
50;2025-12-08;0;35
50;2025-12-08;1;2
50;2025-12-08;2;0
50;2025-12-08;3;0
50;2025-12-08;4;1
50;2025-12-08;5;68
50;2025-12-08;6;562
50;2025-12-08;7;1735
50;2025-12-08;8;2605
50;2025-12-08;9;2027
50;2025-12-08;10;1574
50;2025-12-08;11;1452
50;2025-12-08;12;1391
50;2025-12-08;13;1410
50;2025-12-08;14;1389
50;2025-12-08;15;1550
50;2025-12-08;16;1686
50;2025-12-08;17;2189
50;2025-12-08;18;2307
50;2025-12-08;19;1495
50;2025-12-08;20;894
50;2025-12-08;21;559
50;2025-12-08;22;255
50;2025-12-08;23;122
50;2025-12-09;0;34
50;2025-12-09;1;2
50;2025-12-09;2;0
50;2025-12-09;3;0
50;2025-12-09;4;2
50;2025-12-09;5;73
50;2025-12-09;6;580
50;2025-12-09;7;1774
50;2025-12-09;8;2652
50;2025-12-09;9;2066
50;2025-12-09;10;1637
50;2025-12-09;11;1493
50;2025-12-09;12;1448
50;2025-12-09;13;1456
50;2025-12-09;14;1434
50;2025-12-09;15;1584
50;2025-12-09;16;1700
50;2025-12-09;17;2207
50;2025-12-09;18;2318
50;2025-12-09;19;1504
50;2025-12-09;20;923
50;2025-12-09;21;580
50;2025-12-09;22;273
50;2025-12-09;23;131
50;2025-12-10;0;35
50;2025-12-10;1;2
50;2025-12-10;2;0
50;2025-12-10;3;0
50;2025-12-10;4;2
50;2025-12-10;5;73
50;2025-12-10;6;582
50;2025-12-10;7;1762
50;2025-12-10;8;2628
50;2025-12-10;9;2062
50;2025-12-10;10;1638
50;2025-12-10;11;1492
50;2025-12-10;12;1463
50;2025-12-10;13;1464
50;2025-12-10;14;1435
50;2025-12-10;15;1581
50;2025-12-10;16;1748
50;2025-12-10;17;2207
50;2025-12-10;18;2323
50;2025-12-10;19;1524
50;2025-12-10;20;921
50;2025-12-10;21;594
50;2025-12-10;22;287
50;2025-12-10;23;142
50;2025-12-11;0;37
50;2025-12-11;1;2
50;2025-12-11;2;0
50;2025-12-11;3;0
50;2025-12-11;4;2
50;2025-12-11;5;74
50;2025-12-11;6;580
50;2025-12-11;7;1761
50;2025-12-11;8;2609
50;2025-12-11;9;2042
50;2025-12-11;10;1619
50;2025-12-11;11;1487
50;2025-12-11;12;1438
50;2025-12-11;13;1445
50;2025-12-11;14;1416
50;2025-12-11;15;1588
50;2025-12-11;16;1754
50;2025-12-11;17;2204
50;2025-12-11;18;2302
50;2025-12-11;19;1495
50;2025-12-11;20;928
50;2025-12-11;21;603
50;2025-12-11;22;289
50;2025-12-11;23;153
50;2025-12-12;0;38
50;2025-12-12;1;2
50;2025-12-12;2;0
50;2025-12-12;3;0
50;2025-12-12;4;1
50;2025-12-12;5;75
50;2025-12-12;6;576
50;2025-12-12;7;1731
50;2025-12-12;8;2558
50;2025-12-12;9;2005
50;2025-12-12;10;1591
50;2025-12-12;11;1518
50;2025-12-12;12;1472
50;2025-12-12;13;1448
50;2025-12-12;14;1437
50;2025-12-12;15;1623
50;2025-12-12;16;1868
50;2025-12-12;17;2056
50;2025-12-12;18;1905
50;2025-12-12;19;1332
50;2025-12-12;20;872
50;2025-12-12;21;566
50;2025-12-12;22;295
50;2025-12-12;23;161
50;2025-12-13;0;55
50;2025-12-13;1;5
50;2025-12-13;2;1
50;2025-12-13;3;0
50;2025-12-13;4;0
50;2025-12-13;5;33
50;2025-12-13;6;191
50;2025-12-13;7;382
50;2025-12-13;8;548
50;2025-12-13;9;620
50;2025-12-13;10;673
50;2025-12-13;11;763
50;2025-12-13;12;824
50;2025-12-13;13;858
50;2025-12-13;14;865
50;2025-12-13;15;823
50;2025-12-13;16;809
50;2025-12-13;17;785
50;2025-12-13;18;708
50;2025-12-13;19;619
50;2025-12-13;20;495
50;2025-12-13;21;376
50;2025-12-13;22;229
50;2025-12-13;23;140
50;2025-12-14;0;52
50;2025-12-14;1;6
50;2025-12-14;2;0
50;2025-12-14;3;0
50;2025-12-14;4;1
50;2025-12-14;5;21
50;2025-12-14;6;129
50;2025-12-14;7;241
50;2025-12-14;8;370
50;2025-12-14;9;461
50;2025-12-14;10;525
50;2025-12-14;11;622
50;2025-12-14;12;708
50;2025-12-14;13;750
50;2025-12-14;14;765
50;2025-12-14;15;714
50;2025-12-14;16;711
50;2025-12-14;17;694
50;2025-12-14;18;624
50;2025-12-14;19;535
50;2025-12-14;20;416
50;2025-12-14;21;338
50;2025-12-14;22;197
50;2025-12-14;23;108
50;2025-12-15;0;36
50;2025-12-15;1;3
50;2025-12-15;2;0
50;2025-12-15;3;0
50;2025-12-15;4;1
50;2025-12-15;5;69
50;2025-12-15;6;563
50;2025-12-15;7;1744
50;2025-12-15;8;2610
50;2025-12-15;9;2052
50;2025-12-15;10;1602
50;2025-12-15;11;1471
50;2025-12-15;12;1412
50;2025-12-15;13;1427
50;2025-12-15;14;1408
50;2025-12-15;15;1568
50;2025-12-15;16;1701
50;2025-12-15;17;2213
50;2025-12-15;18;2327
50;2025-12-15;19;1512
50;2025-12-15;20;900
50;2025-12-15;21;570
50;2025-12-15;22;263
50;2025-12-15;23;126
50;2025-12-16;0;33
50;2025-12-16;1;2
50;2025-12-16;2;0
50;2025-12-16;3;0
50;2025-12-16;4;2
50;2025-12-16;5;73
50;2025-12-16;6;583
50;2025-12-16;7;1771
50;2025-12-16;8;2659
50;2025-12-16;9;2071
50;2025-12-16;10;1636
50;2025-12-16;11;1488
50;2025-12-16;12;1439
50;2025-12-16;13;1446
50;2025-12-16;14;1427
50;2025-12-16;15;1580
50;2025-12-16;16;1703
50;2025-12-16;17;2213
50;2025-12-16;18;2325
50;2025-12-16;19;1508
50;2025-12-16;20;925
50;2025-12-16;21;584
50;2025-12-16;22;276
50;2025-12-16;23;134
50;2025-12-17;0;34
50;2025-12-17;1;2
50;2025-12-17;2;0
50;2025-12-17;3;0
50;2025-12-17;4;2
50;2025-12-17;5;76
50;2025-12-17;6;584
50;2025-12-17;7;1765
50;2025-12-17;8;2631
50;2025-12-17;9;2063
50;2025-12-17;10;1640
50;2025-12-17;11;1498
50;2025-12-17;12;1467
50;2025-12-17;13;1468
50;2025-12-17;14;1442
50;2025-12-17;15;1589
50;2025-12-17;16;1752
50;2025-12-17;17;2213
50;2025-12-17;18;2329
50;2025-12-17;19;1527
50;2025-12-17;20;923
50;2025-12-17;21;596
50;2025-12-17;22;291
50;2025-12-17;23;146
50;2025-12-18;0;37
50;2025-12-18;1;3
50;2025-12-18;2;0
50;2025-12-18;3;0
50;2025-12-18;4;2
50;2025-12-18;5;74
50;2025-12-18;6;585
50;2025-12-18;7;1772
50;2025-12-18;8;2627
50;2025-12-18;9;2054
50;2025-12-18;10;1641
50;2025-12-18;11;1505
50;2025-12-18;12;1454
50;2025-12-18;13;1458
50;2025-12-18;14;1426
50;2025-12-18;15;1597
50;2025-12-18;16;1763
50;2025-12-18;17;2220
50;2025-12-18;18;2328
50;2025-12-18;19;1519
50;2025-12-18;20;942
50;2025-12-18;21;612
50;2025-12-18;22;290
50;2025-12-18;23;150
50;2025-12-19;0;38
50;2025-12-19;1;3
50;2025-12-19;2;0
50;2025-12-19;3;0
50;2025-12-19;4;1
50;2025-12-19;5;74
50;2025-12-19;6;576
50;2025-12-19;7;1739
50;2025-12-19;8;2567
50;2025-12-19;9;2013
50;2025-12-19;10;1599
50;2025-12-19;11;1525
50;2025-12-19;12;1483
50;2025-12-19;13;1469
50;2025-12-19;14;1475
50;2025-12-19;15;1667
50;2025-12-19;16;1904
50;2025-12-19;17;2092
50;2025-12-19;18;1942
50;2025-12-19;19;1346
50;2025-12-19;20;878
50;2025-12-19;21;568
50;2025-12-19;22;297
50;2025-12-19;23;164
50;2025-12-20;0;55
50;2025-12-20;1;5
50;2025-12-20;2;1
50;2025-12-20;3;2
50;2025-12-20;4;0
50;2025-12-20;5;31
50;2025-12-20;6;180
50;2025-12-20;7;365
50;2025-12-20;8;526
50;2025-12-20;9;604
50;2025-12-20;10;656
50;2025-12-20;11;745
50;2025-12-20;12;808
50;2025-12-20;13;846
50;2025-12-20;14;854
50;2025-12-20;15;814
50;2025-12-20;16;793
50;2025-12-20;17;776
50;2025-12-20;18;692
50;2025-12-20;19;609
50;2025-12-20;20;476
50;2025-12-20;21;359
50;2025-12-20;22;215
50;2025-12-20;23;130
50;2025-12-21;0;53
50;2025-12-21;1;6
50;2025-12-21;2;0
50;2025-12-21;3;1
50;2025-12-21;4;1
50;2025-12-21;5;19
50;2025-12-21;6;113
50;2025-12-21;7;226
50;2025-12-21;8;352
50;2025-12-21;9;447
50;2025-12-21;10;514
50;2025-12-21;11;611
50;2025-12-21;12;695
50;2025-12-21;13;738
50;2025-12-21;14;758
50;2025-12-21;15;707
50;2025-12-21;16;698
50;2025-12-21;17;684
50;2025-12-21;18;609
50;2025-12-21;19;525
50;2025-12-21;20;405
50;2025-12-21;21;326
50;2025-12-21;22;186
50;2025-12-21;23;102
50;2025-12-22;0;37
50;2025-12-22;1;5
50;2025-12-22;2;2
50;2025-12-22;3;2
50;2025-12-22;4;3
50;2025-12-22;5;71
50;2025-12-22;6;568
50;2025-12-22;7;1752
50;2025-12-22;8;2621
50;2025-12-22;9;2038
50;2025-12-22;10;1587
50;2025-12-22;11;1462
50;2025-12-22;12;1396
50;2025-12-22;13;1413
50;2025-12-22;14;1393
50;2025-12-22;15;1551
50;2025-12-22;16;1688
50;2025-12-22;17;2193
50;2025-12-22;18;2311
50;2025-12-22;19;1497
50;2025-12-22;20;899
50;2025-12-22;21;567
50;2025-12-22;22;262
50;2025-12-22;23;125
50;2025-12-23;0;34
50;2025-12-23;1;2
50;2025-12-23;2;0
50;2025-12-23;3;0
50;2025-12-23;4;1
50;2025-12-23;5;72
50;2025-12-23;6;584
50;2025-12-23;7;1776
50;2025-12-23;8;2663
50;2025-12-23;9;2082
50;2025-12-23;10;1651
50;2025-12-23;11;1502
50;2025-12-23;12;1461
50;2025-12-23;13;1463
50;2025-12-23;14;1444
50;2025-12-23;15;1593
50;2025-12-23;16;1713
50;2025-12-23;17;2227
50;2025-12-23;18;2339
50;2025-12-23;19;1518
50;2025-12-23;20;928
50;2025-12-23;21;591
50;2025-12-23;22;280
50;2025-12-23;23;139
50;2025-12-24;0;36
50;2025-12-24;1;2
50;2025-12-24;2;0
50;2025-12-24;3;0
50;2025-12-24;4;2
50;2025-12-24;5;76
50;2025-12-24;6;587
50;2025-12-24;7;1765
50;2025-12-24;8;2638
50;2025-12-24;9;2077
50;2025-12-24;10;1652
50;2025-12-24;11;1503
50;2025-12-24;12;1473
50;2025-12-24;13;1470
50;2025-12-24;14;1440
50;2025-12-24;15;1586
50;2025-12-24;16;1754
50;2025-12-24;17;2222
50;2025-12-24;18;2342
50;2025-12-24;19;1530
50;2025-12-24;20;915
50;2025-12-24;21;592
50;2025-12-24;22;285
50;2025-12-24;23;140
50;2025-12-25;0;37
50;2025-12-25;1;3
50;2025-12-25;2;0
50;2025-12-25;3;0
50;2025-12-25;4;1
50;2025-12-25;5;74
50;2025-12-25;6;581
50;2025-12-25;7;1751
50;2025-12-25;8;2621
50;2025-12-25;9;2053
50;2025-12-25;10;1643
50;2025-12-25;11;1513
50;2025-12-25;12;1462
50;2025-12-25;13;1467
50;2025-12-25;14;1432
50;2025-12-25;15;1597
50;2025-12-25;16;1749
50;2025-12-25;17;2210
50;2025-12-25;18;2309
50;2025-12-25;19;1502
50;2025-12-25;20;936
50;2025-12-25;21;604
50;2025-12-25;22;287
50;2025-12-25;23;147
50;2025-12-26;0;39
50;2025-12-26;1;2
50;2025-12-26;2;0
50;2025-12-26;3;0
50;2025-12-26;4;1
50;2025-12-26;5;72
50;2025-12-26;6;570
50;2025-12-26;7;1720
50;2025-12-26;8;2551
50;2025-12-26;9;2000
50;2025-12-26;10;1577
50;2025-12-26;11;1508
50;2025-12-26;12;1461
50;2025-12-26;13;1473
50;2025-12-26;14;1466
50;2025-12-26;15;1652
50;2025-12-26;16;1888
50;2025-12-26;17;2072
50;2025-12-26;18;1928
50;2025-12-26;19;1336
50;2025-12-26;20;868
50;2025-12-26;21;556
50;2025-12-26;22;291
50;2025-12-26;23;158
50;2025-12-27;0;56
50;2025-12-27;1;7
50;2025-12-27;2;2
50;2025-12-27;3;2
50;2025-12-27;4;0
50;2025-12-27;5;34
50;2025-12-27;6;178
50;2025-12-27;7;361
50;2025-12-27;8;513
50;2025-12-27;9;589
50;2025-12-27;10;643
50;2025-12-27;11;735
50;2025-12-27;12;798
50;2025-12-27;13;841
50;2025-12-27;14;846
50;2025-12-27;15;816
50;2025-12-27;16;796
50;2025-12-27;17;774
50;2025-12-27;18;700
50;2025-12-27;19;615
50;2025-12-27;20;482
50;2025-12-27;21;364
50;2025-12-27;22;221
50;2025-12-27;23;136
50;2025-12-28;0;53
50;2025-12-28;1;7
50;2025-12-28;2;2
50;2025-12-28;3;1
50;2025-12-28;4;1
50;2025-12-28;5;20
50;2025-12-28;6;117
50;2025-12-28;7;213
50;2025-12-28;8;323
50;2025-12-28;9;415
50;2025-12-28;10;493
50;2025-12-28;11;593
50;2025-12-28;12;680
50;2025-12-28;13;725
50;2025-12-28;14;743
50;2025-12-28;15;688
50;2025-12-28;16;676
50;2025-12-28;17;658
50;2025-12-28;18;597
50;2025-12-28;19;515
50;2025-12-28;20;401
50;2025-12-28;21;327
50;2025-12-28;22;190
50;2025-12-28;23;110
50;2025-12-29;0;37
50;2025-12-29;1;4
50;2025-12-29;2;2
50;2025-12-29;3;1
50;2025-12-29;4;1
50;2025-12-29;5;63
50;2025-12-29;6;553
50;2025-12-29;7;1714
50;2025-12-29;8;2589
50;2025-12-29;9;2010
50;2025-12-29;10;1568
50;2025-12-29;11;1449
50;2025-12-29;12;1387
50;2025-12-29;13;1401
50;2025-12-29;14;1376
50;2025-12-29;15;1534
50;2025-12-29;16;1667
50;2025-12-29;17;2173
50;2025-12-29;18;2292
50;2025-12-29;19;1485
50;2025-12-29;20;885
50;2025-12-29;21;555
50;2025-12-29;22;251
50;2025-12-29;23;123
50;2025-12-30;0;36
50;2025-12-30;1;2
50;2025-12-30;2;0
50;2025-12-30;3;0
50;2025-12-30;4;1
50;2025-12-30;5;67
50;2025-12-30;6;571
50;2025-12-30;7;1745
50;2025-12-30;8;2621
50;2025-12-30;9;2032
50;2025-12-30;10;1610
50;2025-12-30;11;1470
50;2025-12-30;12;1429
50;2025-12-30;13;1428
50;2025-12-30;14;1404
50;2025-12-30;15;1551
50;2025-12-30;16;1672
50;2025-12-30;17;2184
50;2025-12-30;18;2301
50;2025-12-30;19;1491
50;2025-12-30;20;910
50;2025-12-30;21;576
50;2025-12-30;22;267
50;2025-12-30;23;131
50;2025-12-31;0;36
50;2025-12-31;1;1
50;2025-12-31;2;0
50;2025-12-31;3;0
50;2025-12-31;4;1
50;2025-12-31;5;10
50;2025-12-31;6;148
50;2025-12-31;7;386
50;2025-12-31;8;567
50;2025-12-31;9;525
50;2025-12-31;10;476
50;2025-12-31;11;539
50;2025-12-31;12;566
50;2025-12-31;13;593
50;2025-12-31;14;613
50;2025-12-31;15;652
50;2025-12-31;16;655
50;2025-12-31;17;773
50;2025-12-31;18;778
50;2025-12-31;19;617
50;2025-12-31;20;431
50;2025-12-31;21;316
50;2025-12-31;22;166
50;2025-12-31;23;93
