route;date;hour;prediction
1;2025-11-01;0;5
1;2025-11-01;1;0
1;2025-11-01;2;1
1;2025-11-01;3;0
1;2025-11-01;4;5
1;2025-11-01;5;147
1;2025-11-01;6;534
1;2025-11-01;7;1176
1;2025-11-01;8;1479
1;2025-11-01;9;1385
1;2025-11-01;10;1369
1;2025-11-01;11;1432
1;2025-11-01;12;1447
1;2025-11-01;13;1508
1;2025-11-01;14;1455
1;2025-11-01;15;1515
1;2025-11-01;16;1581
1;2025-11-01;17;1579
1;2025-11-01;18;1575
1;2025-11-01;19;1244
1;2025-11-01;20;928
1;2025-11-01;21;626
1;2025-11-01;22;347
1;2025-11-01;23;141
1;2025-11-02;0;5
1;2025-11-02;1;0
1;2025-11-02;2;0
1;2025-11-02;3;0
1;2025-11-02;4;0
1;2025-11-02;5;8
1;2025-11-02;6;59
1;2025-11-02;7;133
1;2025-11-02;8;237
1;2025-11-02;9;443
1;2025-11-02;10;586
1;2025-11-02;11;616
1;2025-11-02;12;717
1;2025-11-02;13;798
1;2025-11-02;14;747
1;2025-11-02;15;674
1;2025-11-02;16;602
1;2025-11-02;17;481
1;2025-11-02;18;416
1;2025-11-02;19;364
1;2025-11-02;20;301
1;2025-11-02;21;203
1;2025-11-02;22;81
1;2025-11-02;23;18
1;2025-11-03;0;3
1;2025-11-03;1;4
1;2025-11-03;2;3
1;2025-11-03;3;4
1;2025-11-03;4;0
1;2025-11-03;5;21
1;2025-11-03;6;165
1;2025-11-03;7;381
1;2025-11-03;8;595
1;2025-11-03;9;587
1;2025-11-03;10;600
1;2025-11-03;11;668
1;2025-11-03;12;771
1;2025-11-03;13;792
1;2025-11-03;14;743
1;2025-11-03;15;736
1;2025-11-03;16;711
1;2025-11-03;17;743
1;2025-11-03;18;731
1;2025-11-03;19;596
1;2025-11-03;20;452
1;2025-11-03;21;271
1;2025-11-03;22;96
1;2025-11-03;23;17
1;2025-11-04;0;1
1;2025-11-04;1;0
1;2025-11-04;2;0
1;2025-11-04;3;0
1;2025-11-04;4;0
1;2025-11-04;5;7
1;2025-11-04;6;125
1;2025-11-04;7;305
1;2025-11-04;8;504
1;2025-11-04;9;514
1;2025-11-04;10;527
1;2025-11-04;11;568
1;2025-11-04;12;652
1;2025-11-04;13;714
1;2025-11-04;14;655
1;2025-11-04;15;619
1;2025-11-04;16;632
1;2025-11-04;17;622
1;2025-11-04;18;571
1;2025-11-04;19;511
1;2025-11-04;20;380
1;2025-11-04;21;234
1;2025-11-04;22;80
1;2025-11-04;23;12
1;2025-11-05;0;3
1;2025-11-05;1;0
1;2025-11-05;2;0
1;2025-11-05;3;0
1;2025-11-05;4;7
1;2025-11-05;5;126
1;2025-11-05;6;538
1;2025-11-05;7;1481
1;2025-11-05;8;1979
1;2025-11-05;9;1491
1;2025-11-05;10;1287
1;2025-11-05;11;1336
1;2025-11-05;12;1360
1;2025-11-05;13;1392
1;2025-11-05;14;1339
1;2025-11-05;15;1436
1;2025-11-05;16;1507
1;2025-11-05;17;1771
1;2025-11-05;18;1829
1;2025-11-05;19;1387
1;2025-11-05;20;856
1;2025-11-05;21;481
1;2025-11-05;22;207
1;2025-11-05;23;44
1;2025-11-06;0;4
1;2025-11-06;1;0
1;2025-11-06;2;0
1;2025-11-06;3;0
1;2025-11-06;4;6
1;2025-11-06;5;115
1;2025-11-06;6;517
1;2025-11-06;7;1471
1;2025-11-06;8;1933
1;2025-11-06;9;1471
1;2025-11-06;10;1283
1;2025-11-06;11;1312
1;2025-11-06;12;1344
1;2025-11-06;13;1372
1;2025-11-06;14;1312
1;2025-11-06;15;1415
1;2025-11-06;16;1487
1;2025-11-06;17;1755
1;2025-11-06;18;1801
1;2025-11-06;19;1351
1;2025-11-06;20;841
1;2025-11-06;21;483
1;2025-11-06;22;200
1;2025-11-06;23;44
1;2025-11-07;0;5
1;2025-11-07;1;0
1;2025-11-07;2;0
1;2025-11-07;3;0
1;2025-11-07;4;6
1;2025-11-07;5;120
1;2025-11-07;6;526
1;2025-11-07;7;1519
1;2025-11-07;8;1950
1;2025-11-07;9;1504
1;2025-11-07;10;1336
1;2025-11-07;11;1374
1;2025-11-07;12;1386
1;2025-11-07;13;1424
1;2025-11-07;14;1367
1;2025-11-07;15;1503
1;2025-11-07;16;1580
1;2025-11-07;17;1771
1;2025-11-07;18;1621
1;2025-11-07;19;1217
1;2025-11-07;20;819
1;2025-11-07;21;488
1;2025-11-07;22;207
1;2025-11-07;23;49
1;2025-11-08;0;9
1;2025-11-08;1;4
1;2025-11-08;2;3
1;2025-11-08;3;3
1;2025-11-08;4;4
1;2025-11-08;5;29
1;2025-11-08;6;185
1;2025-11-08;7;360
1;2025-11-08;8;499
1;2025-11-08;9;694
1;2025-11-08;10;823
1;2025-11-08;11;878
1;2025-11-08;12;988
1;2025-11-08;13;1044
1;2025-11-08;14;984
1;2025-11-08;15;899
1;2025-11-08;16;848
1;2025-11-08;17;775
1;2025-11-08;18;679
1;2025-11-08;19;587
1;2025-11-08;20;434
1;2025-11-08;21;300
1;2025-11-08;22;130
1;2025-11-08;23;36
1;2025-11-09;0;6
1;2025-11-09;1;2
1;2025-11-09;2;2
1;2025-11-09;3;2
1;2025-11-09;4;3
1;2025-11-09;5;15
1;2025-11-09;6;125
1;2025-11-09;7;237
1;2025-11-09;8;349
1;2025-11-09;9;544
1;2025-11-09;10;666
1;2025-11-09;11;698
1;2025-11-09;12;802
1;2025-11-09;13;851
1;2025-11-09;14;778
1;2025-11-09;15;712
1;2025-11-09;16;650
1;2025-11-09;17;573
1;2025-11-09;18;500
1;2025-11-09;19;421
1;2025-11-09;20;339
1;2025-11-09;21;236
1;2025-11-09;22;98
1;2025-11-09;23;21
1;2025-11-10;0;2
1;2025-11-10;1;0
1;2025-11-10;2;0
1;2025-11-10;3;0
1;2025-11-10;4;6
1;2025-11-10;5;123
1;2025-11-10;6;540
1;2025-11-10;7;1533
1;2025-11-10;8;2020
1;2025-11-10;9;1519
1;2025-11-10;10;1303
1;2025-11-10;11;1322
1;2025-11-10;12;1370
1;2025-11-10;13;1387
1;2025-11-10;14;1349
1;2025-11-10;15;1472
1;2025-11-10;16;1564
1;2025-11-10;17;1834
1;2025-11-10;18;1935
1;2025-11-10;19;1422
1;2025-11-10;20;873
1;2025-11-10;21;494
1;2025-11-10;22;193
1;2025-11-10;23;37
1;2025-11-11;0;2
1;2025-11-11;1;0
1;2025-11-11;2;0
1;2025-11-11;3;0
1;2025-11-11;4;5
1;2025-11-11;5;126
1;2025-11-11;6;544
1;2025-11-11;7;1538
1;2025-11-11;8;2015
1;2025-11-11;9;1541
1;2025-11-11;10;1333
1;2025-11-11;11;1341
1;2025-11-11;12;1381
1;2025-11-11;13;1405
1;2025-11-11;14;1349
1;2025-11-11;15;1466
1;2025-11-11;16;1537
1;2025-11-11;17;1805
1;2025-11-11;18;1874
1;2025-11-11;19;1405
1;2025-11-11;20;881
1;2025-11-11;21;495
1;2025-11-11;22;203
1;2025-11-11;23;48
1;2025-11-12;0;4
1;2025-11-12;1;0
1;2025-11-12;2;0
1;2025-11-12;3;0
1;2025-11-12;4;6
1;2025-11-12;5;125
1;2025-11-12;6;557
1;2025-11-12;7;1524
1;2025-11-12;8;2021
1;2025-11-12;9;1532
1;2025-11-12;10;1317
1;2025-11-12;11;1346
1;2025-11-12;12;1379
1;2025-11-12;13;1406
1;2025-11-12;14;1356
1;2025-11-12;15;1461
1;2025-11-12;16;1535
1;2025-11-12;17;1792
1;2025-11-12;18;1845
1;2025-11-12;19;1386
1;2025-11-12;20;866
1;2025-11-12;21;490
1;2025-11-12;22;207
1;2025-11-12;23;45
1;2025-11-13;0;4
1;2025-11-13;1;0
1;2025-11-13;2;0
1;2025-11-13;3;0
1;2025-11-13;4;6
1;2025-11-13;5;119
1;2025-11-13;6;535
1;2025-11-13;7;1501
1;2025-11-13;8;1979
1;2025-11-13;9;1512
1;2025-11-13;10;1313
1;2025-11-13;11;1335
1;2025-11-13;12;1361
1;2025-11-13;13;1394
1;2025-11-13;14;1337
1;2025-11-13;15;1451
1;2025-11-13;16;1525
1;2025-11-13;17;1776
1;2025-11-13;18;1819
1;2025-11-13;19;1357
1;2025-11-13;20;848
1;2025-11-13;21;487
1;2025-11-13;22;199
1;2025-11-13;23;49
1;2025-11-14;0;4
1;2025-11-14;1;0
1;2025-11-14;2;0
1;2025-11-14;3;0
1;2025-11-14;4;5
1;2025-11-14;5;128
1;2025-11-14;6;547
1;2025-11-14;7;1550
1;2025-11-14;8;1984
1;2025-11-14;9;1542
1;2025-11-14;10;1358
1;2025-11-14;11;1400
1;2025-11-14;12;1423
1;2025-11-14;13;1453
1;2025-11-14;14;1397
1;2025-11-14;15;1539
1;2025-11-14;16;1626
1;2025-11-14;17;1798
1;2025-11-14;18;1644
1;2025-11-14;19;1242
1;2025-11-14;20;834
1;2025-11-14;21;494
1;2025-11-14;22;203
1;2025-11-14;23;48
1;2025-11-15;0;4
1;2025-11-15;1;0
1;2025-11-15;2;0
1;2025-11-15;3;0
1;2025-11-15;4;0
1;2025-11-15;5;14
1;2025-11-15;6;161
1;2025-11-15;7;328
1;2025-11-15;8;487
1;2025-11-15;9;673
1;2025-11-15;10;810
1;2025-11-15;11;832
1;2025-11-15;12;931
1;2025-11-15;13;1006
1;2025-11-15;14;942
1;2025-11-15;15;887
1;2025-11-15;16;834
1;2025-11-15;17;764
1;2025-11-15;18;652
1;2025-11-15;19;551
1;2025-11-15;20;429
1;2025-11-15;21;293
1;2025-11-15;22;136
1;2025-11-15;23;47
1;2025-11-16;0;5
1;2025-11-16;1;0
1;2025-11-16;2;0
1;2025-11-16;3;1
1;2025-11-16;4;2
1;2025-11-16;5;17
1;2025-11-16;6;111
1;2025-11-16;7;220
1;2025-11-16;8;340
1;2025-11-16;9;538
1;2025-11-16;10;681
1;2025-11-16;11;731
1;2025-11-16;12;841
1;2025-11-16;13;892
1;2025-11-16;14;834
1;2025-11-16;15;755
1;2025-11-16;16;689
1;2025-11-16;17;581
1;2025-11-16;18;496
1;2025-11-16;19;416
1;2025-11-16;20;343
1;2025-11-16;21;232
1;2025-11-16;22;98
1;2025-11-16;23;25
1;2025-11-17;0;1
1;2025-11-17;1;0
1;2025-11-17;2;0
1;2025-11-17;3;0
1;2025-11-17;4;5
1;2025-11-17;5;121
1;2025-11-17;6;536
1;2025-11-17;7;1531
1;2025-11-17;8;2024
1;2025-11-17;9;1513
1;2025-11-17;10;1297
1;2025-11-17;11;1316
1;2025-11-17;12;1352
1;2025-11-17;13;1349
1;2025-11-17;14;1305
1;2025-11-17;15;1435
1;2025-11-17;16;1535
1;2025-11-17;17;1818
1;2025-11-17;18;1917
1;2025-11-17;19;1409
1;2025-11-17;20;867
1;2025-11-17;21;482
1;2025-11-17;22;188
1;2025-11-17;23;35
1;2025-11-18;0;2
1;2025-11-18;1;0
1;2025-11-18;2;0
1;2025-11-18;3;1
1;2025-11-18;4;3
1;2025-11-18;5;112
1;2025-11-18;6;527
1;2025-11-18;7;1532
1;2025-11-18;8;2021
1;2025-11-18;9;1534
1;2025-11-18;10;1323
1;2025-11-18;11;1324
1;2025-11-18;12;1346
1;2025-11-18;13;1377
1;2025-11-18;14;1325
1;2025-11-18;15;1440
1;2025-11-18;16;1522
1;2025-11-18;17;1798
1;2025-11-18;18;1857
1;2025-11-18;19;1395
1;2025-11-18;20;877
1;2025-11-18;21;495
1;2025-11-18;22;201
1;2025-11-18;23;46
1;2025-11-19;0;5
1;2025-11-19;1;1
1;2025-11-19;2;2
1;2025-11-19;3;2
1;2025-11-19;4;8
1;2025-11-19;5;129
1;2025-11-19;6;557
1;2025-11-19;7;1528
1;2025-11-19;8;2021
1;2025-11-19;9;1532
1;2025-11-19;10;1322
1;2025-11-19;11;1349
1;2025-11-19;12;1378
1;2025-11-19;13;1417
1;2025-11-19;14;1368
1;2025-11-19;15;1476
1;2025-11-19;16;1549
1;2025-11-19;17;1809
1;2025-11-19;18;1865
1;2025-11-19;19;1411
1;2025-11-19;20;878
1;2025-11-19;21;504
1;2025-11-19;22;214
1;2025-11-19;23;49
1;2025-11-20;0;6
1;2025-11-20;1;2
1;2025-11-20;2;1
1;2025-11-20;3;2
1;2025-11-20;4;8
1;2025-11-20;5;120
1;2025-11-20;6;535
1;2025-11-20;7;1502
1;2025-11-20;8;1970
1;2025-11-20;9;1508
1;2025-11-20;10;1305
1;2025-11-20;11;1332
1;2025-11-20;12;1371
1;2025-11-20;13;1395
1;2025-11-20;14;1343
1;2025-11-20;15;1457
1;2025-11-20;16;1541
1;2025-11-20;17;1779
1;2025-11-20;18;1827
1;2025-11-20;19;1363
1;2025-11-20;20;849
1;2025-11-20;21;487
1;2025-11-20;22;197
1;2025-11-20;23;46
1;2025-11-21;0;4
1;2025-11-21;1;0
1;2025-11-21;2;0
1;2025-11-21;3;0
1;2025-11-21;4;6
1;2025-11-21;5;123
1;2025-11-21;6;527
1;2025-11-21;7;1532
1;2025-11-21;8;1970
1;2025-11-21;9;1523
1;2025-11-21;10;1342
1;2025-11-21;11;1388
1;2025-11-21;12;1407
1;2025-11-21;13;1443
1;2025-11-21;14;1384
1;2025-11-21;15;1532
1;2025-11-21;16;1618
1;2025-11-21;17;1794
1;2025-11-21;18;1644
1;2025-11-21;19;1237
1;2025-11-21;20;836
1;2025-11-21;21;500
1;2025-11-21;22;211
1;2025-11-21;23;59
1;2025-11-22;0;7
1;2025-11-22;1;2
1;2025-11-22;2;0
1;2025-11-22;3;0
1;2025-11-22;4;2
1;2025-11-22;5;30
1;2025-11-22;6;193
1;2025-11-22;7;371
1;2025-11-22;8;524
1;2025-11-22;9;720
1;2025-11-22;10;849
1;2025-11-22;11;872
1;2025-11-22;12;978
1;2025-11-22;13;1033
1;2025-11-22;14;968
1;2025-11-22;15;889
1;2025-11-22;16;833
1;2025-11-22;17;766
1;2025-11-22;18;665
1;2025-11-22;19;571
1;2025-11-22;20;437
1;2025-11-22;21;297
1;2025-11-22;22;126
1;2025-11-22;23;37
1;2025-11-23;0;4
1;2025-11-23;1;0
1;2025-11-23;2;0
1;2025-11-23;3;0
1;2025-11-23;4;2
1;2025-11-23;5;17
1;2025-11-23;6;111
1;2025-11-23;7;223
1;2025-11-23;8;352
1;2025-11-23;9;549
1;2025-11-23;10;682
1;2025-11-23;11;727
1;2025-11-23;12;834
1;2025-11-23;13;902
1;2025-11-23;14;847
1;2025-11-23;15;769
1;2025-11-23;16;707
1;2025-11-23;17;590
1;2025-11-23;18;509
1;2025-11-23;19;425
1;2025-11-23;20;348
1;2025-11-23;21;239
1;2025-11-23;22;97
1;2025-11-23;23;22
1;2025-11-24;0;1
1;2025-11-24;1;0
1;2025-11-24;2;0
1;2025-11-24;3;0
1;2025-11-24;4;5
1;2025-11-24;5;117
1;2025-11-24;6;528
1;2025-11-24;7;1534
1;2025-11-24;8;2010
1;2025-11-24;9;1507
1;2025-11-24;10;1302
1;2025-11-24;11;1323
1;2025-11-24;12;1356
1;2025-11-24;13;1367
1;2025-11-24;14;1322
1;2025-11-24;15;1458
1;2025-11-24;16;1552
1;2025-11-24;17;1823
1;2025-11-24;18;1920
1;2025-11-24;19;1411
1;2025-11-24;20;873
1;2025-11-24;21;487
1;2025-11-24;22;190
1;2025-11-24;23;40
1;2025-11-25;0;2
1;2025-11-25;1;0
1;2025-11-25;2;0
1;2025-11-25;3;0
1;2025-11-25;4;6
1;2025-11-25;5;127
1;2025-11-25;6;547
1;2025-11-25;7;1534
1;2025-11-25;8;2000
1;2025-11-25;9;1530
1;2025-11-25;10;1321
1;2025-11-25;11;1324
1;2025-11-25;12;1367
1;2025-11-25;13;1387
1;2025-11-25;14;1332
1;2025-11-25;15;1450
1;2025-11-25;16;1527
1;2025-11-25;17;1796
1;2025-11-25;18;1858
1;2025-11-25;19;1404
1;2025-11-25;20;875
1;2025-11-25;21;490
1;2025-11-25;22;200
1;2025-11-25;23;44
1;2025-11-26;0;4
1;2025-11-26;1;0
1;2025-11-26;2;0
1;2025-11-26;3;1
1;2025-11-26;4;7
1;2025-11-26;5;124
1;2025-11-26;6;544
1;2025-11-26;7;1514
1;2025-11-26;8;2017
1;2025-11-26;9;1526
1;2025-11-26;10;1318
1;2025-11-26;11;1345
1;2025-11-26;12;1372
1;2025-11-26;13;1395
1;2025-11-26;14;1339
1;2025-11-26;15;1446
1;2025-11-26;16;1519
1;2025-11-26;17;1784
1;2025-11-26;18;1838
1;2025-11-26;19;1379
1;2025-11-26;20;862
1;2025-11-26;21;487
1;2025-11-26;22;204
1;2025-11-26;23;46
1;2025-11-27;0;4
1;2025-11-27;1;0
1;2025-11-27;2;0
1;2025-11-27;3;0
1;2025-11-27;4;6
1;2025-11-27;5;119
1;2025-11-27;6;530
1;2025-11-27;7;1497
1;2025-11-27;8;1965
1;2025-11-27;9;1505
1;2025-11-27;10;1306
1;2025-11-27;11;1324
1;2025-11-27;12;1350
1;2025-11-27;13;1381
1;2025-11-27;14;1316
1;2025-11-27;15;1431
1;2025-11-27;16;1512
1;2025-11-27;17;1765
1;2025-11-27;18;1816
1;2025-11-27;19;1336
1;2025-11-27;20;830
1;2025-11-27;21;475
1;2025-11-27;22;190
1;2025-11-27;23;40
1;2025-11-28;0;2
1;2025-11-28;1;0
1;2025-11-28;2;0
1;2025-11-28;3;0
1;2025-11-28;4;1
1;2025-11-28;5;118
1;2025-11-28;6;524
1;2025-11-28;7;1532
1;2025-11-28;8;1967
1;2025-11-28;9;1530
1;2025-11-28;10;1348
1;2025-11-28;11;1387
1;2025-11-28;12;1405
1;2025-11-28;13;1433
1;2025-11-28;14;1379
1;2025-11-28;15;1523
1;2025-11-28;16;1608
1;2025-11-28;17;1785
1;2025-11-28;18;1629
1;2025-11-28;19;1227
1;2025-11-28;20;829
1;2025-11-28;21;497
1;2025-11-28;22;208
1;2025-11-28;23;56
1;2025-11-29;0;7
1;2025-11-29;1;1
1;2025-11-29;2;0
1;2025-11-29;3;1
1;2025-11-29;4;2
1;2025-11-29;5;30
1;2025-11-29;6;183
1;2025-11-29;7;354
1;2025-11-29;8;498
1;2025-11-29;9;696
1;2025-11-29;10;822
1;2025-11-29;11;845
1;2025-11-29;12;952
1;2025-11-29;13;1003
1;2025-11-29;14;932
1;2025-11-29;15;852
1;2025-11-29;16;798
1;2025-11-29;17;735
1;2025-11-29;18;632
1;2025-11-29;19;546
1;2025-11-29;20;420
1;2025-11-29;21;284
1;2025-11-29;22;129
1;2025-11-29;23;42
1;2025-11-30;0;4
1;2025-11-30;1;1
1;2025-11-30;2;0
1;2025-11-30;3;1
1;2025-11-30;4;1
1;2025-11-30;5;14
1;2025-11-30;6;109
1;2025-11-30;7;222
1;2025-11-30;8;351
1;2025-11-30;9;551
1;2025-11-30;10;683
1;2025-11-30;11;716
1;2025-11-30;12;818
1;2025-11-30;13;868
1;2025-11-30;14;802
1;2025-11-30;15;734
1;2025-11-30;16;667
1;2025-11-30;17;585
1;2025-11-30;18;503
1;2025-11-30;19;426
1;2025-11-30;20;348
1;2025-11-30;21;240
1;2025-11-30;22;97
1;2025-11-30;23;23
1;2025-12-01;0;1
1;2025-12-01;1;0
1;2025-12-01;2;0
1;2025-12-01;3;0
1;2025-12-01;4;5
1;2025-12-01;5;120
1;2025-12-01;6;530
1;2025-12-01;7;1493
1;2025-12-01;8;1938
1;2025-12-01;9;1471
1;2025-12-01;10;1249
1;2025-12-01;11;1269
1;2025-12-01;12;1295
1;2025-12-01;13;1307
1;2025-12-01;14;1273
1;2025-12-01;15;1404
1;2025-12-01;16;1488
1;2025-12-01;17;1750
1;2025-12-01;18;1859
1;2025-12-01;19;1373
1;2025-12-01;20;843
1;2025-12-01;21;467
1;2025-12-01;22;188
1;2025-12-01;23;34
1;2025-12-02;0;2
1;2025-12-02;1;0
1;2025-12-02;2;0
1;2025-12-02;3;0
1;2025-12-02;4;4
1;2025-12-02;5;123
1;2025-12-02;6;538
1;2025-12-02;7;1500
1;2025-12-02;8;1925
1;2025-12-02;9;1492
1;2025-12-02;10;1277
1;2025-12-02;11;1281
1;2025-12-02;12;1314
1;2025-12-02;13;1332
1;2025-12-02;14;1281
1;2025-12-02;15;1397
1;2025-12-02;16;1477
1;2025-12-02;17;1742
1;2025-12-02;18;1818
1;2025-12-02;19;1377
1;2025-12-02;20;860
1;2025-12-02;21;481
1;2025-12-02;22;199
1;2025-12-02;23;44
1;2025-12-03;0;4
1;2025-12-03;1;0
1;2025-12-03;2;0
1;2025-12-03;3;0
1;2025-12-03;4;6
1;2025-12-03;5;127
1;2025-12-03;6;550
1;2025-12-03;7;1487
1;2025-12-03;8;1948
1;2025-12-03;9;1495
1;2025-12-03;10;1278
1;2025-12-03;11;1311
1;2025-12-03;12;1334
1;2025-12-03;13;1368
1;2025-12-03;14;1322
1;2025-12-03;15;1430
1;2025-12-03;16;1502
1;2025-12-03;17;1754
1;2025-12-03;18;1818
1;2025-12-03;19;1375
1;2025-12-03;20;857
1;2025-12-03;21;485
1;2025-12-03;22;211
1;2025-12-03;23;46
1;2025-12-04;0;4
1;2025-12-04;1;0
1;2025-12-04;2;0
1;2025-12-04;3;0
1;2025-12-04;4;6
1;2025-12-04;5;118
1;2025-12-04;6;526
1;2025-12-04;7;1462
1;2025-12-04;8;1893
1;2025-12-04;9;1466
1;2025-12-04;10;1262
1;2025-12-04;11;1289
1;2025-12-04;12;1318
1;2025-12-04;13;1345
1;2025-12-04;14;1298
1;2025-12-04;15;1414
1;2025-12-04;16;1495
1;2025-12-04;17;1740
1;2025-12-04;18;1792
1;2025-12-04;19;1348
1;2025-12-04;20;846
1;2025-12-04;21;493
1;2025-12-04;22;207
1;2025-12-04;23;51
1;2025-12-05;0;5
1;2025-12-05;1;0
1;2025-12-05;2;0
1;2025-12-05;3;0
1;2025-12-05;4;5
1;2025-12-05;5;124
1;2025-12-05;6;535
1;2025-12-05;7;1506
1;2025-12-05;8;1924
1;2025-12-05;9;1502
1;2025-12-05;10;1314
1;2025-12-05;11;1357
1;2025-12-05;12;1372
1;2025-12-05;13;1401
1;2025-12-05;14;1351
1;2025-12-05;15;1499
1;2025-12-05;16;1584
1;2025-12-05;17;1759
1;2025-12-05;18;1609
1;2025-12-05;19;1215
1;2025-12-05;20;821
1;2025-12-05;21;494
1;2025-12-05;22;213
1;2025-12-05;23;55
1;2025-12-06;0;6
1;2025-12-06;1;1
1;2025-12-06;2;0
1;2025-12-06;3;0
1;2025-12-06;4;1
1;2025-12-06;5;28
1;2025-12-06;6;188
1;2025-12-06;7;347
1;2025-12-06;8;492
1;2025-12-06;9;686
1;2025-12-06;10;809
1;2025-12-06;11;833
1;2025-12-06;12;939
1;2025-12-06;13;994
1;2025-12-06;14;938
1;2025-12-06;15;860
1;2025-12-06;16;812
1;2025-12-06;17;737
1;2025-12-06;18;643
1;2025-12-06;19;565
1;2025-12-06;20;436
1;2025-12-06;21;297
1;2025-12-06;22;138
1;2025-12-06;23;42
1;2025-12-07;0;4
1;2025-12-07;1;0
1;2025-12-07;2;0
1;2025-12-07;3;0
1;2025-12-07;4;2
1;2025-12-07;5;15
1;2025-12-07;6;123
1;2025-12-07;7;222
1;2025-12-07;8;331
1;2025-12-07;9;527
1;2025-12-07;10;655
1;2025-12-07;11;712
1;2025-12-07;12;820
1;2025-12-07;13;870
1;2025-12-07;14;814
1;2025-12-07;15;748
1;2025-12-07;16;685
1;2025-12-07;17;609
1;2025-12-07;18;525
1;2025-12-07;19;449
1;2025-12-07;20;363
1;2025-12-07;21;251
1;2025-12-07;22;108
1;2025-12-07;23;22
1;2025-12-08;0;2
1;2025-12-08;1;0
1;2025-12-08;2;0
1;2025-12-08;3;0
1;2025-12-08;4;5
1;2025-12-08;5;122
1;2025-12-08;6;545
1;2025-12-08;7;1504
1;2025-12-08;8;1956
1;2025-12-08;9;1486
1;2025-12-08;10;1262
1;2025-12-08;11;1291
1;2025-12-08;12;1326
1;2025-12-08;13;1348
1;2025-12-08;14;1309
1;2025-12-08;15;1431
1;2025-12-08;16;1523
1;2025-12-08;17;1795
1;2025-12-08;18;1898
1;2025-12-08;19;1406
1;2025-12-08;20;862
1;2025-12-08;21;483
1;2025-12-08;22;196
1;2025-12-08;23;37
1;2025-12-09;0;3
1;2025-12-09;1;0
1;2025-12-09;2;0
1;2025-12-09;3;0
1;2025-12-09;4;5
1;2025-12-09;5;122
1;2025-12-09;6;552
1;2025-12-09;7;1506
1;2025-12-09;8;1941
1;2025-12-09;9;1500
1;2025-12-09;10;1286
1;2025-12-09;11;1301
1;2025-12-09;12;1342
1;2025-12-09;13;1357
1;2025-12-09;14;1307
1;2025-12-09;15;1425
1;2025-12-09;16;1501
1;2025-12-09;17;1768
1;2025-12-09;18;1838
1;2025-12-09;19;1392
1;2025-12-09;20;868
1;2025-12-09;21;484
1;2025-12-09;22;200
1;2025-12-09;23;42
1;2025-12-10;0;4
1;2025-12-10;1;1
1;2025-12-10;2;0
1;2025-12-10;3;1
1;2025-12-10;4;5
1;2025-12-10;5;121
1;2025-12-10;6;548
1;2025-12-10;7;1483
1;2025-12-10;8;1944
1;2025-12-10;9;1490
1;2025-12-10;10;1275
1;2025-12-10;11;1308
1;2025-12-10;12;1338
1;2025-12-10;13;1366
1;2025-12-10;14;1330
1;2025-12-10;15;1432
1;2025-12-10;16;1513
1;2025-12-10;17;1770
1;2025-12-10;18;1834
1;2025-12-10;19;1383
1;2025-12-10;20;860
1;2025-12-10;21;488
1;2025-12-10;22;210
1;2025-12-10;23;43
1;2025-12-11;0;5
1;2025-12-11;1;0
1;2025-12-11;2;0
1;2025-12-11;3;0
1;2025-12-11;4;6
1;2025-12-11;5;117
1;2025-12-11;6;532
1;2025-12-11;7;1462
1;2025-12-11;8;1908
1;2025-12-11;9;1469
1;2025-12-11;10;1267
1;2025-12-11;11;1283
1;2025-12-11;12;1318
1;2025-12-11;13;1343
1;2025-12-11;14;1296
1;2025-12-11;15;1415
1;2025-12-11;16;1493
1;2025-12-11;17;1736
1;2025-12-11;18;1783
1;2025-12-11;19;1330
1;2025-12-11;20;832
1;2025-12-11;21;475
1;2025-12-11;22;198
1;2025-12-11;23;46
1;2025-12-12;0;6
1;2025-12-12;1;1
1;2025-12-12;2;1
1;2025-12-12;3;1
1;2025-12-12;4;5
1;2025-12-12;5;122
1;2025-12-12;6;533
1;2025-12-12;7;1498
1;2025-12-12;8;1920
1;2025-12-12;9;1498
1;2025-12-12;10;1312
1;2025-12-12;11;1359
1;2025-12-12;12;1379
1;2025-12-12;13;1388
1;2025-12-12;14;1333
1;2025-12-12;15;1473
1;2025-12-12;16;1561
1;2025-12-12;17;1739
1;2025-12-12;18;1589
1;2025-12-12;19;1228
1;2025-12-12;20;825
1;2025-12-12;21;498
1;2025-12-12;22;217
1;2025-12-12;23;56
1;2025-12-13;0;7
1;2025-12-13;1;2
1;2025-12-13;2;0
1;2025-12-13;3;1
1;2025-12-13;4;2
1;2025-12-13;5;29
1;2025-12-13;6;181
1;2025-12-13;7;345
1;2025-12-13;8;489
1;2025-12-13;9;689
1;2025-12-13;10;817
1;2025-12-13;11;841
1;2025-12-13;12;954
1;2025-12-13;13;1004
1;2025-12-13;14;949
1;2025-12-13;15;868
1;2025-12-13;16;822
1;2025-12-13;17;748
1;2025-12-13;18;655
1;2025-12-13;19;570
1;2025-12-13;20;441
1;2025-12-13;21;305
1;2025-12-13;22;145
1;2025-12-13;23;46
1;2025-12-14;0;5
1;2025-12-14;1;1
1;2025-12-14;2;0
1;2025-12-14;3;0
1;2025-12-14;4;2
1;2025-12-14;5;13
1;2025-12-14;6;112
1;2025-12-14;7;220
1;2025-12-14;8;332
1;2025-12-14;9;531
1;2025-12-14;10;666
1;2025-12-14;11;702
1;2025-12-14;12;812
1;2025-12-14;13;860
1;2025-12-14;14;806
1;2025-12-14;15;737
1;2025-12-14;16;681
1;2025-12-14;17;602
1;2025-12-14;18;521
1;2025-12-14;19;445
1;2025-12-14;20;365
1;2025-12-14;21;256
1;2025-12-14;22;118
1;2025-12-14;23;30
1;2025-12-15;0;2
1;2025-12-15;1;0
1;2025-12-15;2;0
1;2025-12-15;3;0
1;2025-12-15;4;6
1;2025-12-15;5;123
1;2025-12-15;6;541
1;2025-12-15;7;1506
1;2025-12-15;8;1975
1;2025-12-15;9;1491
1;2025-12-15;10;1270
1;2025-12-15;11;1298
1;2025-12-15;12;1343
1;2025-12-15;13;1349
1;2025-12-15;14;1319
1;2025-12-15;15;1441
1;2025-12-15;16;1532
1;2025-12-15;17;1801
1;2025-12-15;18;1912
1;2025-12-15;19;1418
1;2025-12-15;20;866
1;2025-12-15;21;496
1;2025-12-15;22;201
1;2025-12-15;23;40
1;2025-12-16;0;3
1;2025-12-16;1;0
1;2025-12-16;2;0
1;2025-12-16;3;0
1;2025-12-16;4;5
1;2025-12-16;5;124
1;2025-12-16;6;552
1;2025-12-16;7;1512
1;2025-12-16;8;1944
1;2025-12-16;9;1498
1;2025-12-16;10;1275
1;2025-12-16;11;1283
1;2025-12-16;12;1315
1;2025-12-16;13;1337
1;2025-12-16;14;1291
1;2025-12-16;15;1414
1;2025-12-16;16;1491
1;2025-12-16;17;1753
1;2025-12-16;18;1830
1;2025-12-16;19;1379
1;2025-12-16;20;858
1;2025-12-16;21;479
1;2025-12-16;22;197
1;2025-12-16;23;40
1;2025-12-17;0;4
1;2025-12-17;1;1
1;2025-12-17;2;1
1;2025-12-17;3;1
1;2025-12-17;4;5
1;2025-12-17;5;122
1;2025-12-17;6;550
1;2025-12-17;7;1484
1;2025-12-17;8;1960
1;2025-12-17;9;1502
1;2025-12-17;10;1285
1;2025-12-17;11;1312
1;2025-12-17;12;1342
1;2025-12-17;13;1375
1;2025-12-17;14;1332
1;2025-12-17;15;1445
1;2025-12-17;16;1517
1;2025-12-17;17;1769
1;2025-12-17;18;1834
1;2025-12-17;19;1385
1;2025-12-17;20;861
1;2025-12-17;21;489
1;2025-12-17;22;211
1;2025-12-17;23;44
1;2025-12-18;0;5
1;2025-12-18;1;1
1;2025-12-18;2;0
1;2025-12-18;3;0
1;2025-12-18;4;6
1;2025-12-18;5;117
1;2025-12-18;6;532
1;2025-12-18;7;1465
1;2025-12-18;8;1907
1;2025-12-18;9;1472
1;2025-12-18;10;1268
1;2025-12-18;11;1287
1;2025-12-18;12;1321
1;2025-12-18;13;1349
1;2025-12-18;14;1298
1;2025-12-18;15;1420
1;2025-12-18;16;1498
1;2025-12-18;17;1741
1;2025-12-18;18;1790
1;2025-12-18;19;1344
1;2025-12-18;20;839
1;2025-12-18;21;485
1;2025-12-18;22;204
1;2025-12-18;23;49
1;2025-12-19;0;6
1;2025-12-19;1;1
1;2025-12-19;2;1
1;2025-12-19;3;2
1;2025-12-19;4;6
1;2025-12-19;5;123
1;2025-12-19;6;536
1;2025-12-19;7;1508
1;2025-12-19;8;1931
1;2025-12-19;9;1507
1;2025-12-19;10;1320
1;2025-12-19;11;1360
1;2025-12-19;12;1377
1;2025-12-19;13;1402
1;2025-12-19;14;1358
1;2025-12-19;15;1510
1;2025-12-19;16;1595
1;2025-12-19;17;1761
1;2025-12-19;18;1613
1;2025-12-19;19;1222
1;2025-12-19;20;823
1;2025-12-19;21;495
1;2025-12-19;22;215
1;2025-12-19;23;55
1;2025-12-20;0;5
1;2025-12-20;1;0
1;2025-12-20;2;0
1;2025-12-20;3;0
1;2025-12-20;4;0
1;2025-12-20;5;27
1;2025-12-20;6;186
1;2025-12-20;7;344
1;2025-12-20;8;486
1;2025-12-20;9;684
1;2025-12-20;10;809
1;2025-12-20;11;830
1;2025-12-20;12;936
1;2025-12-20;13;991
1;2025-12-20;14;933
1;2025-12-20;15;855
1;2025-12-20;16;805
1;2025-12-20;17;731
1;2025-12-20;18;638
1;2025-12-20;19;560
1;2025-12-20;20;432
1;2025-12-20;21;295
1;2025-12-20;22;133
1;2025-12-20;23;39
1;2025-12-21;0;3
1;2025-12-21;1;0
1;2025-12-21;2;0
1;2025-12-21;3;0
1;2025-12-21;4;0
1;2025-12-21;5;12
1;2025-12-21;6;117
1;2025-12-21;7;221
1;2025-12-21;8;337
1;2025-12-21;9;535
1;2025-12-21;10;662
1;2025-12-21;11;700
1;2025-12-21;12;805
1;2025-12-21;13;853
1;2025-12-21;14;797
1;2025-12-21;15;731
1;2025-12-21;16;669
1;2025-12-21;17;590
1;2025-12-21;18;513
1;2025-12-21;19;436
1;2025-12-21;20;354
1;2025-12-21;21;246
1;2025-12-21;22;103
1;2025-12-21;23;20
1;2025-12-22;0;2
1;2025-12-22;1;0
1;2025-12-22;2;0
1;2025-12-22;3;1
1;2025-12-22;4;5
1;2025-12-22;5;121
1;2025-12-22;6;546
1;2025-12-22;7;1504
1;2025-12-22;8;1969
1;2025-12-22;9;1486
1;2025-12-22;10;1267
1;2025-12-22;11;1283
1;2025-12-22;12;1316
1;2025-12-22;13;1325
1;2025-12-22;14;1287
1;2025-12-22;15;1417
1;2025-12-22;16;1512
1;2025-12-22;17;1791
1;2025-12-22;18;1895
1;2025-12-22;19;1409
1;2025-12-22;20;867
1;2025-12-22;21;485
1;2025-12-22;22;195
1;2025-12-22;23;37
1;2025-12-23;0;3
1;2025-12-23;1;0
1;2025-12-23;2;0
1;2025-12-23;3;0
1;2025-12-23;4;5
1;2025-12-23;5;123
1;2025-12-23;6;552
1;2025-12-23;7;1509
1;2025-12-23;8;1954
1;2025-12-23;9;1507
1;2025-12-23;10;1285
1;2025-12-23;11;1295
1;2025-12-23;12;1338
1;2025-12-23;13;1353
1;2025-12-23;14;1299
1;2025-12-23;15;1419
1;2025-12-23;16;1499
1;2025-12-23;17;1760
1;2025-12-23;18;1835
1;2025-12-23;19;1393
1;2025-12-23;20;864
1;2025-12-23;21;486
1;2025-12-23;22;200
1;2025-12-23;23;48
1;2025-12-24;0;4
1;2025-12-24;1;0
1;2025-12-24;2;0
1;2025-12-24;3;0
1;2025-12-24;4;6
1;2025-12-24;5;127
1;2025-12-24;6;563
1;2025-12-24;7;1502
1;2025-12-24;8;1973
1;2025-12-24;9;1510
1;2025-12-24;10;1283
1;2025-12-24;11;1311
1;2025-12-24;12;1341
1;2025-12-24;13;1371
1;2025-12-24;14;1323
1;2025-12-24;15;1431
1;2025-12-24;16;1507
1;2025-12-24;17;1769
1;2025-12-24;18;1827
1;2025-12-24;19;1382
1;2025-12-24;20;854
1;2025-12-24;21;483
1;2025-12-24;22;205
1;2025-12-24;23;44
1;2025-12-25;0;5
1;2025-12-25;1;0
1;2025-12-25;2;0
1;2025-12-25;3;0
1;2025-12-25;4;6
1;2025-12-25;5;116
1;2025-12-25;6;529
1;2025-12-25;7;1448
1;2025-12-25;8;1892
1;2025-12-25;9;1487
1;2025-12-25;10;1285
1;2025-12-25;11;1309
1;2025-12-25;12;1340
1;2025-12-25;13;1369
1;2025-12-25;14;1324
1;2025-12-25;15;1436
1;2025-12-25;16;1510
1;2025-12-25;17;1745
1;2025-12-25;18;1785
1;2025-12-25;19;1325
1;2025-12-25;20;822
1;2025-12-25;21;470
1;2025-12-25;22;192
1;2025-12-25;23;39
1;2025-12-26;0;1
1;2025-12-26;1;0
1;2025-12-26;2;0
1;2025-12-26;3;0
1;2025-12-26;4;1
1;2025-12-26;5;114
1;2025-12-26;6;521
1;2025-12-26;7;1480
1;2025-12-26;8;1906
1;2025-12-26;9;1506
1;2025-12-26;10;1300
1;2025-12-26;11;1341
1;2025-12-26;12;1355
1;2025-12-26;13;1411
1;2025-12-26;14;1356
1;2025-12-26;15;1502
1;2025-12-26;16;1586
1;2025-12-26;17;1752
1;2025-12-26;18;1604
1;2025-12-26;19;1198
1;2025-12-26;20;810
1;2025-12-26;21;479
1;2025-12-26;22;202
1;2025-12-26;23;49
1;2025-12-27;0;5
1;2025-12-27;1;1
1;2025-12-27;2;0
1;2025-12-27;3;0
1;2025-12-27;4;3
1;2025-12-27;5;28
1;2025-12-27;6;178
1;2025-12-27;7;330
1;2025-12-27;8;467
1;2025-12-27;9;671
1;2025-12-27;10;797
1;2025-12-27;11;833
1;2025-12-27;12;933
1;2025-12-27;13;999
1;2025-12-27;14;943
1;2025-12-27;15;868
1;2025-12-27;16;818
1;2025-12-27;17;718
1;2025-12-27;18;617
1;2025-12-27;19;555
1;2025-12-27;20;432
1;2025-12-27;21;289
1;2025-12-27;22;129
1;2025-12-27;23;40
1;2025-12-28;0;4
1;2025-12-28;1;1
1;2025-12-28;2;0
1;2025-12-28;3;0
1;2025-12-28;4;3
1;2025-12-28;5;13
1;2025-12-28;6;116
1;2025-12-28;7;205
1;2025-12-28;8;315
1;2025-12-28;9;524
1;2025-12-28;10;659
1;2025-12-28;11;695
1;2025-12-28;12;801
1;2025-12-28;13;844
1;2025-12-28;14;784
1;2025-12-28;15;714
1;2025-12-28;16;651
1;2025-12-28;17;559
1;2025-12-28;18;482
1;2025-12-28;19;413
1;2025-12-28;20;344
1;2025-12-28;21;234
1;2025-12-28;22;96
1;2025-12-28;23;18
1;2025-12-29;0;1
1;2025-12-29;1;0
1;2025-12-29;2;0
1;2025-12-29;3;0
1;2025-12-29;4;5
1;2025-12-29;5;120
1;2025-12-29;6;541
1;2025-12-29;7;1477
1;2025-12-29;8;1927
1;2025-12-29;9;1479
1;2025-12-29;10;1270
1;2025-12-29;11;1302
1;2025-12-29;12;1330
1;2025-12-29;13;1341
1;2025-12-29;14;1306
1;2025-12-29;15;1428
1;2025-12-29;16;1517
1;2025-12-29;17;1772
1;2025-12-29;18;1870
1;2025-12-29;19;1385
1;2025-12-29;20;855
1;2025-12-29;21;474
1;2025-12-29;22;184
1;2025-12-29;23;32
1;2025-12-30;0;3
1;2025-12-30;1;1
1;2025-12-30;2;1
1;2025-12-30;3;1
1;2025-12-30;4;5
1;2025-12-30;5;119
1;2025-12-30;6;516
1;2025-12-30;7;1440
1;2025-12-30;8;1870
1;2025-12-30;9;1464
1;2025-12-30;10;1257
1;2025-12-30;11;1267
1;2025-12-30;12;1307
1;2025-12-30;13;1316
1;2025-12-30;14;1261
1;2025-12-30;15;1373
1;2025-12-30;16;1453
1;2025-12-30;17;1688
1;2025-12-30;18;1752
1;2025-12-30;19;1352
1;2025-12-30;20;845
1;2025-12-30;21;463
1;2025-12-30;22;184
1;2025-12-30;23;38
1;2025-12-31;0;0
1;2025-12-31;1;0
1;2025-12-31;2;0
1;2025-12-31;3;0
1;2025-12-31;4;0
1;2025-12-31;5;10
1;2025-12-31;6;131
1;2025-12-31;7;288
1;2025-12-31;8;484
1;2025-12-31;9;461
1;2025-12-31;10;472
1;2025-12-31;11;562
1;2025-12-31;12;627
1;2025-12-31;13;638
1;2025-12-31;14;643
1;2025-12-31;15;616
1;2025-12-31;16;619
1;2025-12-31;17;602
1;2025-12-31;18;575
1;2025-12-31;19;482
1;2025-12-31;20;395
1;2025-12-31;21;221
1;2025-12-31;22;76
1;2025-12-31;23;8
5;2025-11-01;0;4
5;2025-11-01;1;1
5;2025-11-01;2;0
5;2025-11-01;3;0
5;2025-11-01;4;1
5;2025-11-01;5;12
5;2025-11-01;6;44
5;2025-11-01;7;81
5;2025-11-01;8;102
5;2025-11-01;9;93
5;2025-11-01;10;90
5;2025-11-01;11;92
5;2025-11-01;12;93
5;2025-11-01;13;99
5;2025-11-01;14;97
5;2025-11-01;15;103
5;2025-11-01;16;109
5;2025-11-01;17;113
5;2025-11-01;18;113
5;2025-11-01;19;87
5;2025-11-01;20;66
5;2025-11-01;21;48
5;2025-11-01;22;29
5;2025-11-01;23;18
5;2025-11-02;0;4
5;2025-11-02;1;1
5;2025-11-02;2;0
5;2025-11-02;3;0
5;2025-11-02;4;0
5;2025-11-02;5;2
5;2025-11-02;6;10
5;2025-11-02;7;14
5;2025-11-02;8;22
5;2025-11-02;9;32
5;2025-11-02;10;40
5;2025-11-02;11;49
5;2025-11-02;12;55
5;2025-11-02;13;62
5;2025-11-02;14;63
5;2025-11-02;15;61
5;2025-11-02;16;59
5;2025-11-02;17;55
5;2025-11-02;18;49
5;2025-11-02;19;40
5;2025-11-02;20;31
5;2025-11-02;21;23
5;2025-11-02;22;13
5;2025-11-02;23;7
5;2025-11-03;0;3
5;2025-11-03;1;1
5;2025-11-03;2;0
5;2025-11-03;3;0
5;2025-11-03;4;0
5;2025-11-03;5;4
5;2025-11-03;6;20
5;2025-11-03;7;35
5;2025-11-03;8;52
5;2025-11-03;9;47
5;2025-11-03;10;47
5;2025-11-03;11;52
5;2025-11-03;12;58
5;2025-11-03;13;60
5;2025-11-03;14;60
5;2025-11-03;15;62
5;2025-11-03;16;64
5;2025-11-03;17;69
5;2025-11-03;18;69
5;2025-11-03;19;55
5;2025-11-03;20;42
5;2025-11-03;21;27
5;2025-11-03;22;14
5;2025-11-03;23;8
5;2025-11-04;0;3
5;2025-11-04;1;0
5;2025-11-04;2;0
5;2025-11-04;3;0
5;2025-11-04;4;0
5;2025-11-04;5;2
5;2025-11-04;6;16
5;2025-11-04;7;29
5;2025-11-04;8;46
5;2025-11-04;9;41
5;2025-11-04;10;40
5;2025-11-04;11;46
5;2025-11-04;12;52
5;2025-11-04;13;57
5;2025-11-04;14;57
5;2025-11-04;15;58
5;2025-11-04;16;62
5;2025-11-04;17;66
5;2025-11-04;18;62
5;2025-11-04;19;52
5;2025-11-04;20;38
5;2025-11-04;21;27
5;2025-11-04;22;14
5;2025-11-04;23;8
5;2025-11-05;0;2
5;2025-11-05;1;0
5;2025-11-05;2;0
5;2025-11-05;3;0
5;2025-11-05;4;0
5;2025-11-05;5;10
5;2025-11-05;6;46
5;2025-11-05;7;108
5;2025-11-05;8;154
5;2025-11-05;9;110
5;2025-11-05;10;90
5;2025-11-05;11;88
5;2025-11-05;12;90
5;2025-11-05;13;92
5;2025-11-05;14;92
5;2025-11-05;15;99
5;2025-11-05;16;110
5;2025-11-05;17;132
5;2025-11-05;18;140
5;2025-11-05;19;101
5;2025-11-05;20;64
5;2025-11-05;21;40
5;2025-11-05;22;20
5;2025-11-05;23;9
5;2025-11-06;0;3
5;2025-11-06;1;0
5;2025-11-06;2;0
5;2025-11-06;3;0
5;2025-11-06;4;0
5;2025-11-06;5;10
5;2025-11-06;6;45
5;2025-11-06;7;107
5;2025-11-06;8;151
5;2025-11-06;9;109
5;2025-11-06;10;90
5;2025-11-06;11;87
5;2025-11-06;12;89
5;2025-11-06;13;91
5;2025-11-06;14;91
5;2025-11-06;15;97
5;2025-11-06;16;109
5;2025-11-06;17;132
5;2025-11-06;18;139
5;2025-11-06;19;99
5;2025-11-06;20;64
5;2025-11-06;21;40
5;2025-11-06;22;20
5;2025-11-06;23;9
5;2025-11-07;0;3
5;2025-11-07;1;0
5;2025-11-07;2;0
5;2025-11-07;3;0
5;2025-11-07;4;0
5;2025-11-07;5;10
5;2025-11-07;6;45
5;2025-11-07;7;107
5;2025-11-07;8;147
5;2025-11-07;9;107
5;2025-11-07;10;91
5;2025-11-07;11;88
5;2025-11-07;12;89
5;2025-11-07;13;92
5;2025-11-07;14;93
5;2025-11-07;15;103
5;2025-11-07;16;115
5;2025-11-07;17;130
5;2025-11-07;18;121
5;2025-11-07;19;90
5;2025-11-07;20;61
5;2025-11-07;21;40
5;2025-11-07;22;20
5;2025-11-07;23;10
5;2025-11-08;0;4
5;2025-11-08;1;1
5;2025-11-08;2;0
5;2025-11-08;3;0
5;2025-11-08;4;0
5;2025-11-08;5;5
5;2025-11-08;6;20
5;2025-11-08;7;30
5;2025-11-08;8;41
5;2025-11-08;9;49
5;2025-11-08;10;56
5;2025-11-08;11;65
5;2025-11-08;12;70
5;2025-11-08;13;74
5;2025-11-08;14;75
5;2025-11-08;15;74
5;2025-11-08;16;73
5;2025-11-08;17;71
5;2025-11-08;18;65
5;2025-11-08;19;55
5;2025-11-08;20;41
5;2025-11-08;21;30
5;2025-11-08;22;17
5;2025-11-08;23;10
5;2025-11-09;0;4
5;2025-11-09;1;1
5;2025-11-09;2;0
5;2025-11-09;3;0
5;2025-11-09;4;0
5;2025-11-09;5;4
5;2025-11-09;6;14
5;2025-11-09;7;21
5;2025-11-09;8;29
5;2025-11-09;9;38
5;2025-11-09;10;45
5;2025-11-09;11;53
5;2025-11-09;12;59
5;2025-11-09;13;63
5;2025-11-09;14;63
5;2025-11-09;15;62
5;2025-11-09;16;61
5;2025-11-09;17;59
5;2025-11-09;18;52
5;2025-11-09;19;42
5;2025-11-09;20;33
5;2025-11-09;21;24
5;2025-11-09;22;14
5;2025-11-09;23;7
5;2025-11-10;0;2
5;2025-11-10;1;0
5;2025-11-10;2;0
5;2025-11-10;3;0
5;2025-11-10;4;0
5;2025-11-10;5;10
5;2025-11-10;6;45
5;2025-11-10;7;108
5;2025-11-10;8;151
5;2025-11-10;9;110
5;2025-11-10;10;89
5;2025-11-10;11;85
5;2025-11-10;12;87
5;2025-11-10;13;89
5;2025-11-10;14;90
5;2025-11-10;15;97
5;2025-11-10;16;109
5;2025-11-10;17;132
5;2025-11-10;18;141
5;2025-11-10;19;99
5;2025-11-10;20;63
5;2025-11-10;21;39
5;2025-11-10;22;19
5;2025-11-10;23;8
5;2025-11-11;0;2
5;2025-11-11;1;0
5;2025-11-11;2;0
5;2025-11-11;3;0
5;2025-11-11;4;0
5;2025-11-11;5;10
5;2025-11-11;6;47
5;2025-11-11;7;111
5;2025-11-11;8;156
5;2025-11-11;9;113
5;2025-11-11;10;93
5;2025-11-11;11;89
5;2025-11-11;12;90
5;2025-11-11;13;92
5;2025-11-11;14;93
5;2025-11-11;15;100
5;2025-11-11;16;112
5;2025-11-11;17;135
5;2025-11-11;18;142
5;2025-11-11;19;102
5;2025-11-11;20;65
5;2025-11-11;21;40
5;2025-11-11;22;20
5;2025-11-11;23;9
5;2025-11-12;0;2
5;2025-11-12;1;0
5;2025-11-12;2;0
5;2025-11-12;3;0
5;2025-11-12;4;0
5;2025-11-12;5;10
5;2025-11-12;6;47
5;2025-11-12;7;111
5;2025-11-12;8;156
5;2025-11-12;9;113
5;2025-11-12;10;93
5;2025-11-12;11;89
5;2025-11-12;12;91
5;2025-11-12;13;93
5;2025-11-12;14;93
5;2025-11-12;15;100
5;2025-11-12;16;112
5;2025-11-12;17;134
5;2025-11-12;18;141
5;2025-11-12;19;101
5;2025-11-12;20;65
5;2025-11-12;21;40
5;2025-11-12;22;20
5;2025-11-12;23;9
5;2025-11-13;0;2
5;2025-11-13;1;0
5;2025-11-13;2;0
5;2025-11-13;3;0
5;2025-11-13;4;0
5;2025-11-13;5;10
5;2025-11-13;6;46
5;2025-11-13;7;110
5;2025-11-13;8;154
5;2025-11-13;9;112
5;2025-11-13;10;93
5;2025-11-13;11;89
5;2025-11-13;12;90
5;2025-11-13;13;92
5;2025-11-13;14;92
5;2025-11-13;15;100
5;2025-11-13;16;111
5;2025-11-13;17;133
5;2025-11-13;18;140
5;2025-11-13;19;100
5;2025-11-13;20;64
5;2025-11-13;21;40
5;2025-11-13;22;20
5;2025-11-13;23;9
5;2025-11-14;0;3
5;2025-11-14;1;0
5;2025-11-14;2;0
5;2025-11-14;3;0
5;2025-11-14;4;0
5;2025-11-14;5;10
5;2025-11-14;6;46
5;2025-11-14;7;109
5;2025-11-14;8;149
5;2025-11-14;9;110
5;2025-11-14;10;93
5;2025-11-14;11;90
5;2025-11-14;12;92
5;2025-11-14;13;94
5;2025-11-14;14;95
5;2025-11-14;15;105
5;2025-11-14;16;118
5;2025-11-14;17;132
5;2025-11-14;18;123
5;2025-11-14;19;92
5;2025-11-14;20;62
5;2025-11-14;21;40
5;2025-11-14;22;20
5;2025-11-14;23;10
5;2025-11-15;0;4
5;2025-11-15;1;0
5;2025-11-15;2;0
5;2025-11-15;3;0
5;2025-11-15;4;0
5;2025-11-15;5;4
5;2025-11-15;6;19
5;2025-11-15;7;28
5;2025-11-15;8;40
5;2025-11-15;9;48
5;2025-11-15;10;55
5;2025-11-15;11;62
5;2025-11-15;12;67
5;2025-11-15;13;72
5;2025-11-15;14;73
5;2025-11-15;15;74
5;2025-11-15;16;72
5;2025-11-15;17;71
5;2025-11-15;18;64
5;2025-11-15;19;53
5;2025-11-15;20;41
5;2025-11-15;21;30
5;2025-11-15;22;18
5;2025-11-15;23;10
5;2025-11-16;0;4
5;2025-11-16;1;0
5;2025-11-16;2;0
5;2025-11-16;3;0
5;2025-11-16;4;0
5;2025-11-16;5;4
5;2025-11-16;6;13
5;2025-11-16;7;20
5;2025-11-16;8;28
5;2025-11-16;9;38
5;2025-11-16;10;45
5;2025-11-16;11;55
5;2025-11-16;12;61
5;2025-11-16;13;66
5;2025-11-16;14;67
5;2025-11-16;15;65
5;2025-11-16;16;63
5;2025-11-16;17;59
5;2025-11-16;18;52
5;2025-11-16;19;42
5;2025-11-16;20;33
5;2025-11-16;21;24
5;2025-11-16;22;14
5;2025-11-16;23;7
5;2025-11-17;0;2
5;2025-11-17;1;0
5;2025-11-17;2;0
5;2025-11-17;3;0
5;2025-11-17;4;0
5;2025-11-17;5;10
5;2025-11-17;6;45
5;2025-11-17;7;108
5;2025-11-17;8;152
5;2025-11-17;9;109
5;2025-11-17;10;89
5;2025-11-17;11;85
5;2025-11-17;12;86
5;2025-11-17;13;87
5;2025-11-17;14;87
5;2025-11-17;15;95
5;2025-11-17;16;107
5;2025-11-17;17;131
5;2025-11-17;18;139
5;2025-11-17;19;98
5;2025-11-17;20;62
5;2025-11-17;21;38
5;2025-11-17;22;18
5;2025-11-17;23;8
5;2025-11-18;0;2
5;2025-11-18;1;0
5;2025-11-18;2;0
5;2025-11-18;3;0
5;2025-11-18;4;0
5;2025-11-18;5;9
5;2025-11-18;6;45
5;2025-11-18;7;110
5;2025-11-18;8;155
5;2025-11-18;9;112
5;2025-11-18;10;91
5;2025-11-18;11;87
5;2025-11-18;12;87
5;2025-11-18;13;91
5;2025-11-18;14;91
5;2025-11-18;15;99
5;2025-11-18;16;110
5;2025-11-18;17;134
5;2025-11-18;18;141
5;2025-11-18;19;101
5;2025-11-18;20;65
5;2025-11-18;21;40
5;2025-11-18;22;20
5;2025-11-18;23;9
5;2025-11-19;0;3
5;2025-11-19;1;0
5;2025-11-19;2;0
5;2025-11-19;3;0
5;2025-11-19;4;0
5;2025-11-19;5;10
5;2025-11-19;6;47
5;2025-11-19;7;111
5;2025-11-19;8;156
5;2025-11-19;9;113
5;2025-11-19;10;93
5;2025-11-19;11;89
5;2025-11-19;12;91
5;2025-11-19;13;94
5;2025-11-19;14;94
5;2025-11-19;15;101
5;2025-11-19;16;113
5;2025-11-19;17;135
5;2025-11-19;18;142
5;2025-11-19;19;103
5;2025-11-19;20;66
5;2025-11-19;21;41
5;2025-11-19;22;20
5;2025-11-19;23;10
5;2025-11-20;0;3
5;2025-11-20;1;0
5;2025-11-20;2;0
5;2025-11-20;3;0
5;2025-11-20;4;0
5;2025-11-20;5;10
5;2025-11-20;6;46
5;2025-11-20;7;109
5;2025-11-20;8;153
5;2025-11-20;9;112
5;2025-11-20;10;92
5;2025-11-20;11;89
5;2025-11-20;12;91
5;2025-11-20;13;93
5;2025-11-20;14;93
5;2025-11-20;15;100
5;2025-11-20;16;112
5;2025-11-20;17;134
5;2025-11-20;18;140
5;2025-11-20;19;100
5;2025-11-20;20;64
5;2025-11-20;21;40
5;2025-11-20;22;20
5;2025-11-20;23;9
5;2025-11-21;0;3
5;2025-11-21;1;0
5;2025-11-21;2;0
5;2025-11-21;3;0
5;2025-11-21;4;0
5;2025-11-21;5;10
5;2025-11-21;6;45
5;2025-11-21;7;108
5;2025-11-21;8;148
5;2025-11-21;9;109
5;2025-11-21;10;92
5;2025-11-21;11;90
5;2025-11-21;12;91
5;2025-11-21;13;94
5;2025-11-21;14;94
5;2025-11-21;15;105
5;2025-11-21;16;118
5;2025-11-21;17;132
5;2025-11-21;18;123
5;2025-11-21;19;91
5;2025-11-21;20;63
5;2025-11-21;21;40
5;2025-11-21;22;21
5;2025-11-21;23;11
5;2025-11-22;0;4
5;2025-11-22;1;0
5;2025-11-22;2;0
5;2025-11-22;3;0
5;2025-11-22;4;0
5;2025-11-22;5;5
5;2025-11-22;6;20
5;2025-11-22;7;31
5;2025-11-22;8;43
5;2025-11-22;9;51
5;2025-11-22;10;58
5;2025-11-22;11;65
5;2025-11-22;12;70
5;2025-11-22;13;74
5;2025-11-22;14;74
5;2025-11-22;15;74
5;2025-11-22;16;73
5;2025-11-22;17;71
5;2025-11-22;18;65
5;2025-11-22;19;54
5;2025-11-22;20;41
5;2025-11-22;21;30
5;2025-11-22;22;17
5;2025-11-22;23;10
5;2025-11-23;0;4
5;2025-11-23;1;0
5;2025-11-23;2;0
5;2025-11-23;3;0
5;2025-11-23;4;0
5;2025-11-23;5;4
5;2025-11-23;6;13
5;2025-11-23;7;20
5;2025-11-23;8;29
5;2025-11-23;9;39
5;2025-11-23;10;46
5;2025-11-23;11;55
5;2025-11-23;12;62
5;2025-11-23;13;66
5;2025-11-23;14;68
5;2025-11-23;15;66
5;2025-11-23;16;64
5;2025-11-23;17;60
5;2025-11-23;18;53
5;2025-11-23;19;42
5;2025-11-23;20;33
5;2025-11-23;21;24
5;2025-11-23;22;14
5;2025-11-23;23;7
5;2025-11-24;0;2
5;2025-11-24;1;0
5;2025-11-24;2;0
5;2025-11-24;3;0
5;2025-11-24;4;0
5;2025-11-24;5;10
5;2025-11-24;6;45
5;2025-11-24;7;108
5;2025-11-24;8;151
5;2025-11-24;9;109
5;2025-11-24;10;89
5;2025-11-24;11;85
5;2025-11-24;12;86
5;2025-11-24;13;88
5;2025-11-24;14;88
5;2025-11-24;15;96
5;2025-11-24;16;108
5;2025-11-24;17;131
5;2025-11-24;18;139
5;2025-11-24;19;99
5;2025-11-24;20;63
5;2025-11-24;21;38
5;2025-11-24;22;18
5;2025-11-24;23;8
5;2025-11-25;0;2
5;2025-11-25;1;0
5;2025-11-25;2;0
5;2025-11-25;3;0
5;2025-11-25;4;0
5;2025-11-25;5;10
5;2025-11-25;6;47
5;2025-11-25;7;110
5;2025-11-25;8;155
5;2025-11-25;9;112
5;2025-11-25;10;92
5;2025-11-25;11;88
5;2025-11-25;12;90
5;2025-11-25;13;92
5;2025-11-25;14;92
5;2025-11-25;15;99
5;2025-11-25;16;111
5;2025-11-25;17;134
5;2025-11-25;18;141
5;2025-11-25;19;102
5;2025-11-25;20;65
5;2025-11-25;21;40
5;2025-11-25;22;20
5;2025-11-25;23;9
5;2025-11-26;0;2
5;2025-11-26;1;0
5;2025-11-26;2;0
5;2025-11-26;3;0
5;2025-11-26;4;0
5;2025-11-26;5;10
5;2025-11-26;6;46
5;2025-11-26;7;110
5;2025-11-26;8;156
5;2025-11-26;9;112
5;2025-11-26;10;93
5;2025-11-26;11;89
5;2025-11-26;12;91
5;2025-11-26;13;92
5;2025-11-26;14;92
5;2025-11-26;15;100
5;2025-11-26;16;111
5;2025-11-26;17;133
5;2025-11-26;18;141
5;2025-11-26;19;101
5;2025-11-26;20;65
5;2025-11-26;21;40
5;2025-11-26;22;20
5;2025-11-26;23;9
5;2025-11-27;0;3
5;2025-11-27;1;0
5;2025-11-27;2;0
5;2025-11-27;3;0
5;2025-11-27;4;0
5;2025-11-27;5;10
5;2025-11-27;6;46
5;2025-11-27;7;109
5;2025-11-27;8;153
5;2025-11-27;9;111
5;2025-11-27;10;92
5;2025-11-27;11;88
5;2025-11-27;12;89
5;2025-11-27;13;92
5;2025-11-27;14;91
5;2025-11-27;15;99
5;2025-11-27;16;110
5;2025-11-27;17;133
5;2025-11-27;18;140
5;2025-11-27;19;99
5;2025-11-27;20;64
5;2025-11-27;21;40
5;2025-11-27;22;19
5;2025-11-27;23;9
5;2025-11-28;0;2
5;2025-11-28;1;0
5;2025-11-28;2;0
5;2025-11-28;3;0
5;2025-11-28;4;0
5;2025-11-28;5;10
5;2025-11-28;6;45
5;2025-11-28;7;108
5;2025-11-28;8;148
5;2025-11-28;9;110
5;2025-11-28;10;92
5;2025-11-28;11;89
5;2025-11-28;12;91
5;2025-11-28;13;93
5;2025-11-28;14;94
5;2025-11-28;15;105
5;2025-11-28;16;117
5;2025-11-28;17;131
5;2025-11-28;18;123
5;2025-11-28;19;91
5;2025-11-28;20;62
5;2025-11-28;21;40
5;2025-11-28;22;21
5;2025-11-28;23;10
5;2025-11-29;0;4
5;2025-11-29;1;0
5;2025-11-29;2;0
5;2025-11-29;3;0
5;2025-11-29;4;0
5;2025-11-29;5;5
5;2025-11-29;6;20
5;2025-11-29;7;30
5;2025-11-29;8;41
5;2025-11-29;9;50
5;2025-11-29;10;56
5;2025-11-29;11;63
5;2025-11-29;12;68
5;2025-11-29;13;72
5;2025-11-29;14;72
5;2025-11-29;15;72
5;2025-11-29;16;70
5;2025-11-29;17;69
5;2025-11-29;18;63
5;2025-11-29;19;53
5;2025-11-29;20;40
5;2025-11-29;21;29
5;2025-11-29;22;17
5;2025-11-29;23;10
5;2025-11-30;0;4
5;2025-11-30;1;0
5;2025-11-30;2;0
5;2025-11-30;3;0
5;2025-11-30;4;0
5;2025-11-30;5;3
5;2025-11-30;6;13
5;2025-11-30;7;20
5;2025-11-30;8;29
5;2025-11-30;9;39
5;2025-11-30;10;46
5;2025-11-30;11;54
5;2025-11-30;12;60
5;2025-11-30;13;65
5;2025-11-30;14;65
5;2025-11-30;15;64
5;2025-11-30;16;62
5;2025-11-30;17;60
5;2025-11-30;18;53
5;2025-11-30;19;43
5;2025-11-30;20;34
5;2025-11-30;21;25
5;2025-11-30;22;14
5;2025-11-30;23;7
5;2025-12-01;0;2
5;2025-12-01;1;0
5;2025-12-01;2;0
5;2025-12-01;3;0
5;2025-12-01;4;0
5;2025-12-01;5;10
5;2025-12-01;6;45
5;2025-12-01;7;106
5;2025-12-01;8;147
5;2025-12-01;9;107
5;2025-12-01;10;86
5;2025-12-01;11;82
5;2025-12-01;12;83
5;2025-12-01;13;85
5;2025-12-01;14;85
5;2025-12-01;15;93
5;2025-12-01;16;105
5;2025-12-01;17;127
5;2025-12-01;18;136
5;2025-12-01;19;96
5;2025-12-01;20;61
5;2025-12-01;21;37
5;2025-12-01;22;18
5;2025-12-01;23;8
5;2025-12-02;0;2
5;2025-12-02;1;0
5;2025-12-02;2;0
5;2025-12-02;3;0
5;2025-12-02;4;0
5;2025-12-02;5;10
5;2025-12-02;6;46
5;2025-12-02;7;108
5;2025-12-02;8;150
5;2025-12-02;9;110
5;2025-12-02;10;89
5;2025-12-02;11;85
5;2025-12-02;12;86
5;2025-12-02;13;88
5;2025-12-02;14;89
5;2025-12-02;15;96
5;2025-12-02;16;108
5;2025-12-02;17;131
5;2025-12-02;18;139
5;2025-12-02;19;100
5;2025-12-02;20;64
5;2025-12-02;21;40
5;2025-12-02;22;20
5;2025-12-02;23;9
5;2025-12-03;0;2
5;2025-12-03;1;0
5;2025-12-03;2;0
5;2025-12-03;3;0
5;2025-12-03;4;0
5;2025-12-03;5;10
5;2025-12-03;6;47
5;2025-12-03;7;109
5;2025-12-03;8;152
5;2025-12-03;9;111
5;2025-12-03;10;90
5;2025-12-03;11;87
5;2025-12-03;12;88
5;2025-12-03;13;91
5;2025-12-03;14;91
5;2025-12-03;15;99
5;2025-12-03;16;110
5;2025-12-03;17;132
5;2025-12-03;18;140
5;2025-12-03;19;100
5;2025-12-03;20;65
5;2025-12-03;21;40
5;2025-12-03;22;20
5;2025-12-03;23;9
5;2025-12-04;0;2
5;2025-12-04;1;0
5;2025-12-04;2;0
5;2025-12-04;3;0
5;2025-12-04;4;0
5;2025-12-04;5;10
5;2025-12-04;6;46
5;2025-12-04;7;107
5;2025-12-04;8;149
5;2025-12-04;9;109
5;2025-12-04;10;89
5;2025-12-04;11;86
5;2025-12-04;12;87
5;2025-12-04;13;89
5;2025-12-04;14;90
5;2025-12-04;15;98
5;2025-12-04;16;109
5;2025-12-04;17;131
5;2025-12-04;18;139
5;2025-12-04;19;100
5;2025-12-04;20;65
5;2025-12-04;21;41
5;2025-12-04;22;21
5;2025-12-04;23;10
5;2025-12-05;0;3
5;2025-12-05;1;0
5;2025-12-05;2;0
5;2025-12-05;3;0
5;2025-12-05;4;0
5;2025-12-05;5;10
5;2025-12-05;6;45
5;2025-12-05;7;106
5;2025-12-05;8;146
5;2025-12-05;9;108
5;2025-12-05;10;90
5;2025-12-05;11;88
5;2025-12-05;12;89
5;2025-12-05;13;91
5;2025-12-05;14;92
5;2025-12-05;15;103
5;2025-12-05;16;116
5;2025-12-05;17;130
5;2025-12-05;18;121
5;2025-12-05;19;90
5;2025-12-05;20;62
5;2025-12-05;21;40
5;2025-12-05;22;21
5;2025-12-05;23;10
5;2025-12-06;0;4
5;2025-12-06;1;0
5;2025-12-06;2;0
5;2025-12-06;3;0
5;2025-12-06;4;0
5;2025-12-06;5;5
5;2025-12-06;6;20
5;2025-12-06;7;31
5;2025-12-06;8;43
5;2025-12-06;9;51
5;2025-12-06;10;58
5;2025-12-06;11;66
5;2025-12-06;12;71
5;2025-12-06;13;75
5;2025-12-06;14;75
5;2025-12-06;15;75
5;2025-12-06;16;74
5;2025-12-06;17;72
5;2025-12-06;18;66
5;2025-12-06;19;56
5;2025-12-06;20;43
5;2025-12-06;21;31
5;2025-12-06;22;19
5;2025-12-06;23;11
5;2025-12-07;0;4
5;2025-12-07;1;0
5;2025-12-07;2;0
5;2025-12-07;3;0
5;2025-12-07;4;0
5;2025-12-07;5;4
5;2025-12-07;6;14
5;2025-12-07;7;21
5;2025-12-07;8;29
5;2025-12-07;9;39
5;2025-12-07;10;46
5;2025-12-07;11;57
5;2025-12-07;12;63
5;2025-12-07;13;67
5;2025-12-07;14;68
5;2025-12-07;15;67
5;2025-12-07;16;65
5;2025-12-07;17;63
5;2025-12-07;18;56
5;2025-12-07;19;46
5;2025-12-07;20;36
5;2025-12-07;21;27
5;2025-12-07;22;16
5;2025-12-07;23;8
5;2025-12-08;0;2
5;2025-12-08;1;0
5;2025-12-08;2;0
5;2025-12-08;3;0
5;2025-12-08;4;0
5;2025-12-08;5;10
5;2025-12-08;6;45
5;2025-12-08;7;106
5;2025-12-08;8;147
5;2025-12-08;9;107
5;2025-12-08;10;86
5;2025-12-08;11;83
5;2025-12-08;12;84
5;2025-12-08;13;87
5;2025-12-08;14;87
5;2025-12-08;15;95
5;2025-12-08;16;106
5;2025-12-08;17;129
5;2025-12-08;18;138
5;2025-12-08;19;98
5;2025-12-08;20;62
5;2025-12-08;21;38
5;2025-12-08;22;19
5;2025-12-08;23;8
5;2025-12-09;0;2
5;2025-12-09;1;0
5;2025-12-09;2;0
5;2025-12-09;3;0
5;2025-12-09;4;0
5;2025-12-09;5;10
5;2025-12-09;6;47
5;2025-12-09;7;108
5;2025-12-09;8;151
5;2025-12-09;9;110
5;2025-12-09;10;90
5;2025-12-09;11;86
5;2025-12-09;12;87
5;2025-12-09;13;89
5;2025-12-09;14;90
5;2025-12-09;15;97
5;2025-12-09;16;109
5;2025-12-09;17;132
5;2025-12-09;18;140
5;2025-12-09;19;101
5;2025-12-09;20;64
5;2025-12-09;21;40
5;2025-12-09;22;20
5;2025-12-09;23;9
5;2025-12-10;0;2
5;2025-12-10;1;0
5;2025-12-10;2;0
5;2025-12-10;3;0
5;2025-12-10;4;0
5;2025-12-10;5;10
5;2025-12-10;6;46
5;2025-12-10;7;108
5;2025-12-10;8;152
5;2025-12-10;9;110
5;2025-12-10;10;90
5;2025-12-10;11;87
5;2025-12-10;12;88
5;2025-12-10;13;90
5;2025-12-10;14;91
5;2025-12-10;15;98
5;2025-12-10;16;110
5;2025-12-10;17;132
5;2025-12-10;18;140
5;2025-12-10;19;101
5;2025-12-10;20;64
5;2025-12-10;21;40
5;2025-12-10;22;20
5;2025-12-10;23;9
5;2025-12-11;0;3
5;2025-12-11;1;0
5;2025-12-11;2;0
5;2025-12-11;3;0
5;2025-12-11;4;0
5;2025-12-11;5;10
5;2025-12-11;6;46
5;2025-12-11;7;107
5;2025-12-11;8;149
5;2025-12-11;9;109
5;2025-12-11;10;89
5;2025-12-11;11;85
5;2025-12-11;12;87
5;2025-12-11;13;89
5;2025-12-11;14;90
5;2025-12-11;15;97
5;2025-12-11;16;109
5;2025-12-11;17;131
5;2025-12-11;18;138
5;2025-12-11;19;98
5;2025-12-11;20;64
5;2025-12-11;21;40
5;2025-12-11;22;20
5;2025-12-11;23;9
5;2025-12-12;0;3
5;2025-12-12;1;0
5;2025-12-12;2;0
5;2025-12-12;3;0
5;2025-12-12;4;0
5;2025-12-12;5;10
5;2025-12-12;6;45
5;2025-12-12;7;106
5;2025-12-12;8;145
5;2025-12-12;9;107
5;2025-12-12;10;90
5;2025-12-12;11;88
5;2025-12-12;12;89
5;2025-12-12;13;89
5;2025-12-12;14;90
5;2025-12-12;15;100
5;2025-12-12;16;114
5;2025-12-12;17;128
5;2025-12-12;18;120
5;2025-12-12;19;91
5;2025-12-12;20;62
5;2025-12-12;21;40
5;2025-12-12;22;21
5;2025-12-12;23;11
5;2025-12-13;0;4
5;2025-12-13;1;0
5;2025-12-13;2;0
5;2025-12-13;3;0
5;2025-12-13;4;0
5;2025-12-13;5;5
5;2025-12-13;6;20
5;2025-12-13;7;30
5;2025-12-13;8;42
5;2025-12-13;9;52
5;2025-12-13;10;58
5;2025-12-13;11;66
5;2025-12-13;12;72
5;2025-12-13;13;75
5;2025-12-13;14;76
5;2025-12-13;15;75
5;2025-12-13;16;74
5;2025-12-13;17;72
5;2025-12-13;18;66
5;2025-12-13;19;56
5;2025-12-13;20;43
5;2025-12-13;21;32
5;2025-12-13;22;19
5;2025-12-13;23;11
5;2025-12-14;0;4
5;2025-12-14;1;0
5;2025-12-14;2;0
5;2025-12-14;3;0
5;2025-12-14;4;0
5;2025-12-14;5;4
5;2025-12-14;6;13
5;2025-12-14;7;20
5;2025-12-14;8;29
5;2025-12-14;9;39
5;2025-12-14;10;46
5;2025-12-14;11;56
5;2025-12-14;12;62
5;2025-12-14;13;66
5;2025-12-14;14;68
5;2025-12-14;15;66
5;2025-12-14;16;65
5;2025-12-14;17;63
5;2025-12-14;18;56
5;2025-12-14;19;46
5;2025-12-14;20;36
5;2025-12-14;21;27
5;2025-12-14;22;16
5;2025-12-14;23;8
5;2025-12-15;0;2
5;2025-12-15;1;0
5;2025-12-15;2;0
5;2025-12-15;3;0
5;2025-12-15;4;0
5;2025-12-15;5;10
5;2025-12-15;6;45
5;2025-12-15;7;107
5;2025-12-15;8;149
5;2025-12-15;9;108
5;2025-12-15;10;87
5;2025-12-15;11;84
5;2025-12-15;12;85
5;2025-12-15;13;87
5;2025-12-15;14;88
5;2025-12-15;15;96
5;2025-12-15;16;107
5;2025-12-15;17;130
5;2025-12-15;18;139
5;2025-12-15;19;99
5;2025-12-15;20;63
5;2025-12-15;21;39
5;2025-12-15;22;19
5;2025-12-15;23;8
5;2025-12-16;0;2
5;2025-12-16;1;0
5;2025-12-16;2;0
5;2025-12-16;3;0
5;2025-12-16;4;0
5;2025-12-16;5;10
5;2025-12-16;6;46
5;2025-12-16;7;109
5;2025-12-16;8;151
5;2025-12-16;9;110
5;2025-12-16;10;89
5;2025-12-16;11;84
5;2025-12-16;12;85
5;2025-12-16;13;88
5;2025-12-16;14;89
5;2025-12-16;15;97
5;2025-12-16;16;108
5;2025-12-16;17;131
5;2025-12-16;18;140
5;2025-12-16;19;100
5;2025-12-16;20;64
5;2025-12-16;21;39
5;2025-12-16;22;20
5;2025-12-16;23;9
5;2025-12-17;0;2
5;2025-12-17;1;0
5;2025-12-17;2;0
5;2025-12-17;3;0
5;2025-12-17;4;0
5;2025-12-17;5;10
5;2025-12-17;6;47
5;2025-12-17;7;108
5;2025-12-17;8;153
5;2025-12-17;9;111
5;2025-12-17;10;91
5;2025-12-17;11;87
5;2025-12-17;12;89
5;2025-12-17;13;91
5;2025-12-17;14;92
5;2025-12-17;15;99
5;2025-12-17;16;110
5;2025-12-17;17;132
5;2025-12-17;18;140
5;2025-12-17;19;101
5;2025-12-17;20;65
5;2025-12-17;21;40
5;2025-12-17;22;20
5;2025-12-17;23;9
5;2025-12-18;0;3
5;2025-12-18;1;0
5;2025-12-18;2;0
5;2025-12-18;3;0
5;2025-12-18;4;0
5;2025-12-18;5;10
5;2025-12-18;6;46
5;2025-12-18;7;107
5;2025-12-18;8;150
5;2025-12-18;9;109
5;2025-12-18;10;90
5;2025-12-18;11;86
5;2025-12-18;12;87
5;2025-12-18;13;89
5;2025-12-18;14;90
5;2025-12-18;15;98
5;2025-12-18;16;109
5;2025-12-18;17;131
5;2025-12-18;18;138
5;2025-12-18;19;99
5;2025-12-18;20;64
5;2025-12-18;21;40
5;2025-12-18;22;20
5;2025-12-18;23;9
5;2025-12-19;0;3
5;2025-12-19;1;0
5;2025-12-19;2;0
5;2025-12-19;3;0
5;2025-12-19;4;0
5;2025-12-19;5;10
5;2025-12-19;6;45
5;2025-12-19;7;106
5;2025-12-19;8;146
5;2025-12-19;9;108
5;2025-12-19;10;91
5;2025-12-19;11;88
5;2025-12-19;12;89
5;2025-12-19;13;91
5;2025-12-19;14;93
5;2025-12-19;15;104
5;2025-12-19;16;116
5;2025-12-19;17;130
5;2025-12-19;18;122
5;2025-12-19;19;91
5;2025-12-19;20;62
5;2025-12-19;21;40
5;2025-12-19;22;21
5;2025-12-19;23;10
5;2025-12-20;0;4
5;2025-12-20;1;0
5;2025-12-20;2;0
5;2025-12-20;3;0
5;2025-12-20;4;0
5;2025-12-20;5;5
5;2025-12-20;6;20
5;2025-12-20;7;30
5;2025-12-20;8;42
5;2025-12-20;9;51
5;2025-12-20;10;58
5;2025-12-20;11;65
5;2025-12-20;12;70
5;2025-12-20;13;74
5;2025-12-20;14;75
5;2025-12-20;15;74
5;2025-12-20;16;73
5;2025-12-20;17;71
5;2025-12-20;18;65
5;2025-12-20;19;55
5;2025-12-20;20;43
5;2025-12-20;21;31
5;2025-12-20;22;19
5;2025-12-20;23;11
5;2025-12-21;0;4
5;2025-12-21;1;0
5;2025-12-21;2;0
5;2025-12-21;3;0
5;2025-12-21;4;0
5;2025-12-21;5;3
5;2025-12-21;6;14
5;2025-12-21;7;21
5;2025-12-21;8;30
5;2025-12-21;9;40
5;2025-12-21;10;47
5;2025-12-21;11;56
5;2025-12-21;12;62
5;2025-12-21;13;66
5;2025-12-21;14;67
5;2025-12-21;15;66
5;2025-12-21;16;64
5;2025-12-21;17;62
5;2025-12-21;18;56
5;2025-12-21;19;45
5;2025-12-21;20;36
5;2025-12-21;21;26
5;2025-12-21;22;15
5;2025-12-21;23;8
5;2025-12-22;0;2
5;2025-12-22;1;0
5;2025-12-22;2;0
5;2025-12-22;3;0
5;2025-12-22;4;0
5;2025-12-22;5;10
5;2025-12-22;6;45
5;2025-12-22;7;106
5;2025-12-22;8;148
5;2025-12-22;9;108
5;2025-12-22;10;87
5;2025-12-22;11;82
5;2025-12-22;12;84
5;2025-12-22;13;85
5;2025-12-22;14;86
5;2025-12-22;15;94
5;2025-12-22;16;106
5;2025-12-22;17;129
5;2025-12-22;18;138
5;2025-12-22;19;99
5;2025-12-22;20;63
5;2025-12-22;21;38
5;2025-12-22;22;19
5;2025-12-22;23;8
5;2025-12-23;0;2
5;2025-12-23;1;0
5;2025-12-23;2;0
5;2025-12-23;3;0
5;2025-12-23;4;0
5;2025-12-23;5;10
5;2025-12-23;6;47
5;2025-12-23;7;109
5;2025-12-23;8;152
5;2025-12-23;9;111
5;2025-12-23;10;90
5;2025-12-23;11;86
5;2025-12-23;12;88
5;2025-12-23;13;89
5;2025-12-23;14;90
5;2025-12-23;15;97
5;2025-12-23;16;109
5;2025-12-23;17;132
5;2025-12-23;18;140
5;2025-12-23;19;101
5;2025-12-23;20;64
5;2025-12-23;21;40
5;2025-12-23;22;20
5;2025-12-23;23;9
5;2025-12-24;0;3
5;2025-12-24;1;0
5;2025-12-24;2;0
5;2025-12-24;3;0
5;2025-12-24;4;0
5;2025-12-24;5;10
5;2025-12-24;6;47
5;2025-12-24;7;109
5;2025-12-24;8;153
5;2025-12-24;9;111
5;2025-12-24;10;91
5;2025-12-24;11;87
5;2025-12-24;12;89
5;2025-12-24;13;91
5;2025-12-24;14;91
5;2025-12-24;15;98
5;2025-12-24;16;110
5;2025-12-24;17;132
5;2025-12-24;18;140
5;2025-12-24;19;101
5;2025-12-24;20;64
5;2025-12-24;21;40
5;2025-12-24;22;20
5;2025-12-24;23;9
5;2025-12-25;0;3
5;2025-12-25;1;0
5;2025-12-25;2;0
5;2025-12-25;3;0
5;2025-12-25;4;0
5;2025-12-25;5;10
5;2025-12-25;6;46
5;2025-12-25;7;106
5;2025-12-25;8;148
5;2025-12-25;9;110
5;2025-12-25;10;91
5;2025-12-25;11;87
5;2025-12-25;12;89
5;2025-12-25;13;91
5;2025-12-25;14;92
5;2025-12-25;15;99
5;2025-12-25;16;110
5;2025-12-25;17;131
5;2025-12-25;18;138
5;2025-12-25;19;98
5;2025-12-25;20;63
5;2025-12-25;21;40
5;2025-12-25;22;20
5;2025-12-25;23;9
5;2025-12-26;0;2
5;2025-12-26;1;0
5;2025-12-26;2;0
5;2025-12-26;3;0
5;2025-12-26;4;0
5;2025-12-26;5;10
5;2025-12-26;6;45
5;2025-12-26;7;105
5;2025-12-26;8;144
5;2025-12-26;9;108
5;2025-12-26;10;90
5;2025-12-26;11;87
5;2025-12-26;12;88
5;2025-12-26;13;92
5;2025-12-26;14;93
5;2025-12-26;15;103
5;2025-12-26;16;116
5;2025-12-26;17;129
5;2025-12-26;18;121
5;2025-12-26;19;89
5;2025-12-26;20;61
5;2025-12-26;21;39
5;2025-12-26;22;20
5;2025-12-26;23;10
5;2025-12-27;0;3
5;2025-12-27;1;0
5;2025-12-27;2;0
5;2025-12-27;3;0
5;2025-12-27;4;0
5;2025-12-27;5;5
5;2025-12-27;6;20
5;2025-12-27;7;30
5;2025-12-27;8;40
5;2025-12-27;9;50
5;2025-12-27;10;57
5;2025-12-27;11;65
5;2025-12-27;12;70
5;2025-12-27;13;75
5;2025-12-27;14;75
5;2025-12-27;15;75
5;2025-12-27;16;74
5;2025-12-27;17;70
5;2025-12-27;18;64
5;2025-12-27;19;55
5;2025-12-27;20;43
5;2025-12-27;21;31
5;2025-12-27;22;18
5;2025-12-27;23;11
5;2025-12-28;0;3
5;2025-12-28;1;0
5;2025-12-28;2;0
5;2025-12-28;3;0
5;2025-12-28;4;0
5;2025-12-28;5;3
5;2025-12-28;6;13
5;2025-12-28;7;20
5;2025-12-28;8;28
5;2025-12-28;9;39
5;2025-12-28;10;46
5;2025-12-28;11;55
5;2025-12-28;12;61
5;2025-12-28;13;65
5;2025-12-28;14;66
5;2025-12-28;15;65
5;2025-12-28;16;63
5;2025-12-28;17;60
5;2025-12-28;18;53
5;2025-12-28;19;44
5;2025-12-28;20;35
5;2025-12-28;21;26
5;2025-12-28;22;15
5;2025-12-28;23;8
5;2025-12-29;0;2
5;2025-12-29;1;0
5;2025-12-29;2;0
5;2025-12-29;3;0
5;2025-12-29;4;0
5;2025-12-29;5;10
5;2025-12-29;6;45
5;2025-12-29;7;104
5;2025-12-29;8;146
5;2025-12-29;9;107
5;2025-12-29;10;87
5;2025-12-29;11;84
5;2025-12-29;12;85
5;2025-12-29;13;87
5;2025-12-29;14;87
5;2025-12-29;15;95
5;2025-12-29;16;106
5;2025-12-29;17;128
5;2025-12-29;18;137
5;2025-12-29;19;97
5;2025-12-29;20;62
5;2025-12-29;21;38
5;2025-12-29;22;18
5;2025-12-29;23;8
5;2025-12-30;0;2
5;2025-12-30;1;0
5;2025-12-30;2;0
5;2025-12-30;3;0
5;2025-12-30;4;0
5;2025-12-30;5;10
5;2025-12-30;6;45
5;2025-12-30;7;105
5;2025-12-30;8;147
5;2025-12-30;9;108
5;2025-12-30;10;88
5;2025-12-30;11;84
5;2025-12-30;12;86
5;2025-12-30;13;87
5;2025-12-30;14;87
5;2025-12-30;15;94
5;2025-12-30;16;106
5;2025-12-30;17;127
5;2025-12-30;18;135
5;2025-12-30;19;99
5;2025-12-30;20;63
5;2025-12-30;21;39
5;2025-12-30;22;19
5;2025-12-30;23;8
5;2025-12-31;0;2
5;2025-12-31;1;0
5;2025-12-31;2;0
5;2025-12-31;3;0
5;2025-12-31;4;0
5;2025-12-31;5;3
5;2025-12-31;6;17
5;2025-12-31;7;31
5;2025-12-31;8;48
5;2025-12-31;9;42
5;2025-12-31;10;41
5;2025-12-31;11;47
5;2025-12-31;12;51
5;2025-12-31;13;54
5;2025-12-31;14;55
5;2025-12-31;15;57
5;2025-12-31;16;60
5;2025-12-31;17;61
5;2025-12-31;18;60
5;2025-12-31;19;49
5;2025-12-31;20;40
5;2025-12-31;21;26
5;2025-12-31;22;14
5;2025-12-31;23;8
7;2025-11-01;0;116
7;2025-11-01;1;36
7;2025-11-01;2;4
7;2025-11-01;3;5
7;2025-11-01;4;16
7;2025-11-01;5;192
7;2025-11-01;6;645
7;2025-11-01;7;1244
7;2025-11-01;8;1626
7;2025-11-01;9;1466
7;2025-11-01;10;1404
7;2025-11-01;11;1445
7;2025-11-01;12;1451
7;2025-11-01;13;1570
7;2025-11-01;14;1530
7;2025-11-01;15;1628
7;2025-11-01;16;1724
7;2025-11-01;17;1823
7;2025-11-01;18;1803
7;2025-11-01;19;1367
7;2025-11-01;20;1066
7;2025-11-01;21;784
7;2025-11-01;22;480
7;2025-11-01;23;314
7;2025-11-02;0;94
7;2025-11-02;1;23
7;2025-11-02;2;3
7;2025-11-02;3;2
7;2025-11-02;4;0
7;2025-11-02;5;9
7;2025-11-02;6;84
7;2025-11-02;7;147
7;2025-11-02;8;277
7;2025-11-02;9;401
7;2025-11-02;10;517
7;2025-11-02;11;640
7;2025-11-02;12;705
7;2025-11-02;13;821
7;2025-11-02;14;833
7;2025-11-02;15;782
7;2025-11-02;16;732
7;2025-11-02;17;692
7;2025-11-02;18;610
7;2025-11-02;19;515
7;2025-11-02;20;440
7;2025-11-02;21;325
7;2025-11-02;22;186
7;2025-11-02;23;114
7;2025-11-03;0;81
7;2025-11-03;1;19
7;2025-11-03;2;6
7;2025-11-03;3;5
7;2025-11-03;4;1
7;2025-11-03;5;67
7;2025-11-03;6;295
7;2025-11-03;7;542
7;2025-11-03;8;846
7;2025-11-03;9;802
7;2025-11-03;10;815
7;2025-11-03;11;894
7;2025-11-03;12;1008
7;2025-11-03;13;1018
7;2025-11-03;14;988
7;2025-11-03;15;1031
7;2025-11-03;16;1026
7;2025-11-03;17;1118
7;2025-11-03;18;1118
7;2025-11-03;19;896
7;2025-11-03;20;690
7;2025-11-03;21;456
7;2025-11-03;22;259
7;2025-11-03;23;171
7;2025-11-04;0;79
7;2025-11-04;1;20
7;2025-11-04;2;0
7;2025-11-04;3;0
7;2025-11-04;4;1
7;2025-11-04;5;17
7;2025-11-04;6;227
7;2025-11-04;7;427
7;2025-11-04;8;757
7;2025-11-04;9;698
7;2025-11-04;10;708
7;2025-11-04;11;828
7;2025-11-04;12;939
7;2025-11-04;13;1023
7;2025-11-04;14;998
7;2025-11-04;15;982
7;2025-11-04;16;1005
7;2025-11-04;17;1073
7;2025-11-04;18;1020
7;2025-11-04;19;851
7;2025-11-04;20;632
7;2025-11-04;21;466
7;2025-11-04;22;262
7;2025-11-04;23;164
7;2025-11-05;0;59
7;2025-11-05;1;10
7;2025-11-05;2;0
7;2025-11-05;3;0
7;2025-11-05;4;5
7;2025-11-05;5;196
7;2025-11-05;6;698
7;2025-11-05;7;1671
7;2025-11-05;8;2556
7;2025-11-05;9;1889
7;2025-11-05;10;1617
7;2025-11-05;11;1534
7;2025-11-05;12;1568
7;2025-11-05;13;1604
7;2025-11-05;14;1635
7;2025-11-05;15;1773
7;2025-11-05;16;1882
7;2025-11-05;17;2332
7;2025-11-05;18;2443
7;2025-11-05;19;1692
7;2025-11-05;20;1086
7;2025-11-05;21;663
7;2025-11-05;22;341
7;2025-11-05;23;196
7;2025-11-06;0;61
7;2025-11-06;1;11
7;2025-11-06;2;1
7;2025-11-06;3;0
7;2025-11-06;4;2
7;2025-11-06;5;182
7;2025-11-06;6;674
7;2025-11-06;7;1652
7;2025-11-06;8;2470
7;2025-11-06;9;1832
7;2025-11-06;10;1568
7;2025-11-06;11;1499
7;2025-11-06;12;1531
7;2025-11-06;13;1575
7;2025-11-06;14;1608
7;2025-11-06;15;1699
7;2025-11-06;16;1837
7;2025-11-06;17;2278
7;2025-11-06;18;2449
7;2025-11-06;19;1658
7;2025-11-06;20;1063
7;2025-11-06;21;661
7;2025-11-06;22;327
7;2025-11-06;23;189
7;2025-11-07;0;65
7;2025-11-07;1;12
7;2025-11-07;2;2
7;2025-11-07;3;0
7;2025-11-07;4;1
7;2025-11-07;5;180
7;2025-11-07;6;641
7;2025-11-07;7;1640
7;2025-11-07;8;2399
7;2025-11-07;9;1804
7;2025-11-07;10;1579
7;2025-11-07;11;1526
7;2025-11-07;12;1580
7;2025-11-07;13;1640
7;2025-11-07;14;1657
7;2025-11-07;15;1814
7;2025-11-07;16;1968
7;2025-11-07;17;2232
7;2025-11-07;18;2073
7;2025-11-07;19;1485
7;2025-11-07;20;1025
7;2025-11-07;21;644
7;2025-11-07;22;333
7;2025-11-07;23;209
7;2025-11-08;0;94
7;2025-11-08;1;24
7;2025-11-08;2;6
7;2025-11-08;3;2
7;2025-11-08;4;0
7;2025-11-08;5;33
7;2025-11-08;6;217
7;2025-11-08;7;376
7;2025-11-08;8;579
7;2025-11-08;9;624
7;2025-11-08;10;710
7;2025-11-08;11;839
7;2025-11-08;12;920
7;2025-11-08;13;981
7;2025-11-08;14;968
7;2025-11-08;15;962
7;2025-11-08;16;912
7;2025-11-08;17;890
7;2025-11-08;18;851
7;2025-11-08;19;737
7;2025-11-08;20;568
7;2025-11-08;21;425
7;2025-11-08;22;224
7;2025-11-08;23;145
7;2025-11-09;0;91
7;2025-11-09;1;21
7;2025-11-09;2;4
7;2025-11-09;3;1
7;2025-11-09;4;0
7;2025-11-09;5;22
7;2025-11-09;6;141
7;2025-11-09;7;235
7;2025-11-09;8;384
7;2025-11-09;9;465
7;2025-11-09;10;546
7;2025-11-09;11;672
7;2025-11-09;12;738
7;2025-11-09;13;810
7;2025-11-09;14;816
7;2025-11-09;15;777
7;2025-11-09;16;739
7;2025-11-09;17;714
7;2025-11-09;18;638
7;2025-11-09;19;524
7;2025-11-09;20;450
7;2025-11-09;21;335
7;2025-11-09;22;182
7;2025-11-09;23;105
7;2025-11-10;0;64
7;2025-11-10;1;12
7;2025-11-10;2;1
7;2025-11-10;3;0
7;2025-11-10;4;4
7;2025-11-10;5;189
7;2025-11-10;6;689
7;2025-11-10;7;1688
7;2025-11-10;8;2503
7;2025-11-10;9;1881
7;2025-11-10;10;1581
7;2025-11-10;11;1487
7;2025-11-10;12;1557
7;2025-11-10;13;1580
7;2025-11-10;14;1606
7;2025-11-10;15;1746
7;2025-11-10;16;1893
7;2025-11-10;17;2325
7;2025-11-10;18;2479
7;2025-11-10;19;1703
7;2025-11-10;20;1071
7;2025-11-10;21;653
7;2025-11-10;22;314
7;2025-11-10;23;173
7;2025-11-11;0;56
7;2025-11-11;1;11
7;2025-11-11;2;0
7;2025-11-11;3;0
7;2025-11-11;4;4
7;2025-11-11;5;195
7;2025-11-11;6;703
7;2025-11-11;7;1733
7;2025-11-11;8;2569
7;2025-11-11;9;1908
7;2025-11-11;10;1638
7;2025-11-11;11;1565
7;2025-11-11;12;1601
7;2025-11-11;13;1634
7;2025-11-11;14;1648
7;2025-11-11;15;1798
7;2025-11-11;16;1927
7;2025-11-11;17;2341
7;2025-11-11;18;2512
7;2025-11-11;19;1764
7;2025-11-11;20;1116
7;2025-11-11;21;688
7;2025-11-11;22;337
7;2025-11-11;23;189
7;2025-11-12;0;59
7;2025-11-12;1;10
7;2025-11-12;2;1
7;2025-11-12;3;0
7;2025-11-12;4;2
7;2025-11-12;5;191
7;2025-11-12;6;711
7;2025-11-12;7;1702
7;2025-11-12;8;2592
7;2025-11-12;9;1927
7;2025-11-12;10;1651
7;2025-11-12;11;1559
7;2025-11-12;12;1593
7;2025-11-12;13;1615
7;2025-11-12;14;1643
7;2025-11-12;15;1795
7;2025-11-12;16;1914
7;2025-11-12;17;2357
7;2025-11-12;18;2465
7;2025-11-12;19;1699
7;2025-11-12;20;1093
7;2025-11-12;21;674
7;2025-11-12;22;338
7;2025-11-12;23;193
7;2025-11-13;0;60
7;2025-11-13;1;11
7;2025-11-13;2;0
7;2025-11-13;3;0
7;2025-11-13;4;4
7;2025-11-13;5;188
7;2025-11-13;6;694
7;2025-11-13;7;1692
7;2025-11-13;8;2522
7;2025-11-13;9;1878
7;2025-11-13;10;1601
7;2025-11-13;11;1519
7;2025-11-13;12;1543
7;2025-11-13;13;1589
7;2025-11-13;14;1623
7;2025-11-13;15;1729
7;2025-11-13;16;1868
7;2025-11-13;17;2294
7;2025-11-13;18;2463
7;2025-11-13;19;1660
7;2025-11-13;20;1067
7;2025-11-13;21;658
7;2025-11-13;22;321
7;2025-11-13;23;190
7;2025-11-14;0;64
7;2025-11-14;1;11
7;2025-11-14;2;1
7;2025-11-14;3;1
7;2025-11-14;4;3
7;2025-11-14;5;189
7;2025-11-14;6;664
7;2025-11-14;7;1673
7;2025-11-14;8;2439
7;2025-11-14;9;1844
7;2025-11-14;10;1608
7;2025-11-14;11;1560
7;2025-11-14;12;1616
7;2025-11-14;13;1670
7;2025-11-14;14;1689
7;2025-11-14;15;1853
7;2025-11-14;16;2013
7;2025-11-14;17;2261
7;2025-11-14;18;2099
7;2025-11-14;19;1506
7;2025-11-14;20;1038
7;2025-11-14;21;650
7;2025-11-14;22;328
7;2025-11-14;23;201
7;2025-11-15;0;84
7;2025-11-15;1;17
7;2025-11-15;2;0
7;2025-11-15;3;0
7;2025-11-15;4;0
7;2025-11-15;5;31
7;2025-11-15;6;204
7;2025-11-15;7;364
7;2025-11-15;8;579
7;2025-11-15;9;630
7;2025-11-15;10;720
7;2025-11-15;11;826
7;2025-11-15;12;888
7;2025-11-15;13;964
7;2025-11-15;14;958
7;2025-11-15;15;977
7;2025-11-15;16;921
7;2025-11-15;17;895
7;2025-11-15;18;837
7;2025-11-15;19;719
7;2025-11-15;20;581
7;2025-11-15;21;436
7;2025-11-15;22;246
7;2025-11-15;23;161
7;2025-11-16;0;86
7;2025-11-16;1;16
7;2025-11-16;2;0
7;2025-11-16;3;0
7;2025-11-16;4;0
7;2025-11-16;5;26
7;2025-11-16;6;136
7;2025-11-16;7;237
7;2025-11-16;8;388
7;2025-11-16;9;493
7;2025-11-16;10;583
7;2025-11-16;11;731
7;2025-11-16;12;797
7;2025-11-16;13;887
7;2025-11-16;14;891
7;2025-11-16;15;832
7;2025-11-16;16;786
7;2025-11-16;17;734
7;2025-11-16;18;646
7;2025-11-16;19;530
7;2025-11-16;20;458
7;2025-11-16;21;341
7;2025-11-16;22;187
7;2025-11-16;23;106
7;2025-11-17;0;61
7;2025-11-17;1;10
7;2025-11-17;2;0
7;2025-11-17;3;0
7;2025-11-17;4;3
7;2025-11-17;5;187
7;2025-11-17;6;685
7;2025-11-17;7;1686
7;2025-11-17;8;2507
7;2025-11-17;9;1878
7;2025-11-17;10;1572
7;2025-11-17;11;1470
7;2025-11-17;12;1527
7;2025-11-17;13;1552
7;2025-11-17;14;1571
7;2025-11-17;15;1703
7;2025-11-17;16;1861
7;2025-11-17;17;2309
7;2025-11-17;18;2462
7;2025-11-17;19;1687
7;2025-11-17;20;1063
7;2025-11-17;21;638
7;2025-11-17;22;304
7;2025-11-17;23;169
7;2025-11-18;0;55
7;2025-11-18;1;10
7;2025-11-18;2;0
7;2025-11-18;3;0
7;2025-11-18;4;1
7;2025-11-18;5;191
7;2025-11-18;6;698
7;2025-11-18;7;1734
7;2025-11-18;8;2578
7;2025-11-18;9;1910
7;2025-11-18;10;1627
7;2025-11-18;11;1556
7;2025-11-18;12;1573
7;2025-11-18;13;1613
7;2025-11-18;14;1619
7;2025-11-18;15;1771
7;2025-11-18;16;1908
7;2025-11-18;17;2334
7;2025-11-18;18;2495
7;2025-11-18;19;1754
7;2025-11-18;20;1112
7;2025-11-18;21;688
7;2025-11-18;22;337
7;2025-11-18;23;188
7;2025-11-19;0;61
7;2025-11-19;1;12
7;2025-11-19;2;3
7;2025-11-19;3;1
7;2025-11-19;4;4
7;2025-11-19;5;195
7;2025-11-19;6;712
7;2025-11-19;7;1710
7;2025-11-19;8;2592
7;2025-11-19;9;1927
7;2025-11-19;10;1652
7;2025-11-19;11;1564
7;2025-11-19;12;1594
7;2025-11-19;13;1633
7;2025-11-19;14;1663
7;2025-11-19;15;1811
7;2025-11-19;16;1932
7;2025-11-19;17;2381
7;2025-11-19;18;2486
7;2025-11-19;19;1722
7;2025-11-19;20;1106
7;2025-11-19;21;687
7;2025-11-19;22;342
7;2025-11-19;23;197
7;2025-11-20;0;62
7;2025-11-20;1;12
7;2025-11-20;2;1
7;2025-11-20;3;1
7;2025-11-20;4;4
7;2025-11-20;5;188
7;2025-11-20;6;693
7;2025-11-20;7;1692
7;2025-11-20;8;2514
7;2025-11-20;9;1873
7;2025-11-20;10;1596
7;2025-11-20;11;1525
7;2025-11-20;12;1564
7;2025-11-20;13;1603
7;2025-11-20;14;1644
7;2025-11-20;15;1758
7;2025-11-20;16;1896
7;2025-11-20;17;2313
7;2025-11-20;18;2478
7;2025-11-20;19;1675
7;2025-11-20;20;1071
7;2025-11-20;21;664
7;2025-11-20;22;322
7;2025-11-20;23;189
7;2025-11-21;0;63
7;2025-11-21;1;12
7;2025-11-21;2;2
7;2025-11-21;3;1
7;2025-11-21;4;4
7;2025-11-21;5;188
7;2025-11-21;6;654
7;2025-11-21;7;1664
7;2025-11-21;8;2429
7;2025-11-21;9;1841
7;2025-11-21;10;1605
7;2025-11-21;11;1560
7;2025-11-21;12;1606
7;2025-11-21;13;1662
7;2025-11-21;14;1681
7;2025-11-21;15;1853
7;2025-11-21;16;2014
7;2025-11-21;17;2268
7;2025-11-21;18;2109
7;2025-11-21;19;1509
7;2025-11-21;20;1047
7;2025-11-21;21;660
7;2025-11-21;22;339
7;2025-11-21;23;212
7;2025-11-22;0;89
7;2025-11-22;1;19
7;2025-11-22;2;0
7;2025-11-22;3;2
7;2025-11-22;4;1
7;2025-11-22;5;41
7;2025-11-22;6;232
7;2025-11-22;7;398
7;2025-11-22;8;612
7;2025-11-22;9;667
7;2025-11-22;10;753
7;2025-11-22;11;862
7;2025-11-22;12;931
7;2025-11-22;13;998
7;2025-11-22;14;981
7;2025-11-22;15;982
7;2025-11-22;16;923
7;2025-11-22;17;901
7;2025-11-22;18;850
7;2025-11-22;19;734
7;2025-11-22;20;581
7;2025-11-22;21;433
7;2025-11-22;22;224
7;2025-11-22;23;143
7;2025-11-23;0;85
7;2025-11-23;1;15
7;2025-11-23;2;0
7;2025-11-23;3;0
7;2025-11-23;4;0
7;2025-11-23;5;24
7;2025-11-23;6;131
7;2025-11-23;7;234
7;2025-11-23;8;393
7;2025-11-23;9;490
7;2025-11-23;10;570
7;2025-11-23;11;702
7;2025-11-23;12;791
7;2025-11-23;13;874
7;2025-11-23;14;887
7;2025-11-23;15;848
7;2025-11-23;16;803
7;2025-11-23;17;744
7;2025-11-23;18;661
7;2025-11-23;19;539
7;2025-11-23;20;462
7;2025-11-23;21;339
7;2025-11-23;22;182
7;2025-11-23;23;105
7;2025-11-24;0;62
7;2025-11-24;1;11
7;2025-11-24;2;0
7;2025-11-24;3;0
7;2025-11-24;4;1
7;2025-11-24;5;189
7;2025-11-24;6;687
7;2025-11-24;7;1704
7;2025-11-24;8;2518
7;2025-11-24;9;1880
7;2025-11-24;10;1579
7;2025-11-24;11;1482
7;2025-11-24;12;1540
7;2025-11-24;13;1552
7;2025-11-24;14;1568
7;2025-11-24;15;1718
7;2025-11-24;16;1873
7;2025-11-24;17;2314
7;2025-11-24;18;2465
7;2025-11-24;19;1689
7;2025-11-24;20;1068
7;2025-11-24;21;641
7;2025-11-24;22;307
7;2025-11-24;23;177
7;2025-11-25;0;56
7;2025-11-25;1;11
7;2025-11-25;2;0
7;2025-11-25;3;0
7;2025-11-25;4;3
7;2025-11-25;5;195
7;2025-11-25;6;705
7;2025-11-25;7;1730
7;2025-11-25;8;2552
7;2025-11-25;9;1897
7;2025-11-25;10;1627
7;2025-11-25;11;1556
7;2025-11-25;12;1603
7;2025-11-25;13;1627
7;2025-11-25;14;1641
7;2025-11-25;15;1796
7;2025-11-25;16;1925
7;2025-11-25;17;2339
7;2025-11-25;18;2499
7;2025-11-25;19;1762
7;2025-11-25;20;1101
7;2025-11-25;21;676
7;2025-11-25;22;335
7;2025-11-25;23;183
7;2025-11-26;0;59
7;2025-11-26;1;11
7;2025-11-26;2;1
7;2025-11-26;3;0
7;2025-11-26;4;5
7;2025-11-26;5;191
7;2025-11-26;6;703
7;2025-11-26;7;1700
7;2025-11-26;8;2589
7;2025-11-26;9;1920
7;2025-11-26;10;1654
7;2025-11-26;11;1559
7;2025-11-26;12;1587
7;2025-11-26;13;1606
7;2025-11-26;14;1626
7;2025-11-26;15;1782
7;2025-11-26;16;1900
7;2025-11-26;17;2347
7;2025-11-26;18;2451
7;2025-11-26;19;1694
7;2025-11-26;20;1091
7;2025-11-26;21;673
7;2025-11-26;22;338
7;2025-11-26;23;193
7;2025-11-27;0;60
7;2025-11-27;1;11
7;2025-11-27;2;0
7;2025-11-27;3;0
7;2025-11-27;4;4
7;2025-11-27;5;187
7;2025-11-27;6;686
7;2025-11-27;7;1685
7;2025-11-27;8;2508
7;2025-11-27;9;1870
7;2025-11-27;10;1594
7;2025-11-27;11;1514
7;2025-11-27;12;1543
7;2025-11-27;13;1582
7;2025-11-27;14;1616
7;2025-11-27;15;1728
7;2025-11-27;16;1867
7;2025-11-27;17;2295
7;2025-11-27;18;2460
7;2025-11-27;19;1646
7;2025-11-27;20;1060
7;2025-11-27;21;657
7;2025-11-27;22;321
7;2025-11-27;23;185
7;2025-11-28;0;60
7;2025-11-28;1;8
7;2025-11-28;2;0
7;2025-11-28;3;0
7;2025-11-28;4;0
7;2025-11-28;5;188
7;2025-11-28;6;660
7;2025-11-28;7;1663
7;2025-11-28;8;2428
7;2025-11-28;9;1843
7;2025-11-28;10;1605
7;2025-11-28;11;1553
7;2025-11-28;12;1606
7;2025-11-28;13;1656
7;2025-11-28;14;1682
7;2025-11-28;15;1848
7;2025-11-28;16;2004
7;2025-11-28;17;2261
7;2025-11-28;18;2099
7;2025-11-28;19;1505
7;2025-11-28;20;1043
7;2025-11-28;21;658
7;2025-11-28;22;338
7;2025-11-28;23;210
7;2025-11-29;0;87
7;2025-11-29;1;18
7;2025-11-29;2;0
7;2025-11-29;3;2
7;2025-11-29;4;1
7;2025-11-29;5;41
7;2025-11-29;6;225
7;2025-11-29;7;379
7;2025-11-29;8;588
7;2025-11-29;9;647
7;2025-11-29;10;732
7;2025-11-29;11;840
7;2025-11-29;12;908
7;2025-11-29;13;966
7;2025-11-29;14;949
7;2025-11-29;15;950
7;2025-11-29;16;891
7;2025-11-29;17;880
7;2025-11-29;18;829
7;2025-11-29;19;716
7;2025-11-29;20;569
7;2025-11-29;21;424
7;2025-11-29;22;231
7;2025-11-29;23;150
7;2025-11-30;0;86
7;2025-11-30;1;17
7;2025-11-30;2;0
7;2025-11-30;3;1
7;2025-11-30;4;0
7;2025-11-30;5;22
7;2025-11-30;6;133
7;2025-11-30;7;233
7;2025-11-30;8;394
7;2025-11-30;9;495
7;2025-11-30;10;568
7;2025-11-30;11;694
7;2025-11-30;12;761
7;2025-11-30;13;847
7;2025-11-30;14;839
7;2025-11-30;15;804
7;2025-11-30;16;766
7;2025-11-30;17;744
7;2025-11-30;18;655
7;2025-11-30;19;538
7;2025-11-30;20;460
7;2025-11-30;21;342
7;2025-11-30;22;179
7;2025-11-30;23;101
7;2025-12-01;0;62
7;2025-12-01;1;11
7;2025-12-01;2;0
7;2025-12-01;3;0
7;2025-12-01;4;4
7;2025-12-01;5;194
7;2025-12-01;6;700
7;2025-12-01;7;1667
7;2025-12-01;8;2428
7;2025-12-01;9;1839
7;2025-12-01;10;1526
7;2025-12-01;11;1412
7;2025-12-01;12;1466
7;2025-12-01;13;1482
7;2025-12-01;14;1512
7;2025-12-01;15;1654
7;2025-12-01;16;1803
7;2025-12-01;17;2240
7;2025-12-01;18;2403
7;2025-12-01;19;1646
7;2025-12-01;20;1036
7;2025-12-01;21;626
7;2025-12-01;22;306
7;2025-12-01;23;165
7;2025-12-02;0;56
7;2025-12-02;1;10
7;2025-12-02;2;0
7;2025-12-02;3;0
7;2025-12-02;4;2
7;2025-12-02;5;200
7;2025-12-02;6;715
7;2025-12-02;7;1714
7;2025-12-02;8;2483
7;2025-12-02;9;1865
7;2025-12-02;10;1581
7;2025-12-02;11;1495
7;2025-12-02;12;1521
7;2025-12-02;13;1555
7;2025-12-02;14;1564
7;2025-12-02;15;1718
7;2025-12-02;16;1858
7;2025-12-02;17;2286
7;2025-12-02;18;2462
7;2025-12-02;19;1740
7;2025-12-02;20;1095
7;2025-12-02;21;676
7;2025-12-02;22;335
7;2025-12-02;23;181
7;2025-12-03;0;59
7;2025-12-03;1;11
7;2025-12-03;2;1
7;2025-12-03;3;0
7;2025-12-03;4;5
7;2025-12-03;5;200
7;2025-12-03;6;726
7;2025-12-03;7;1695
7;2025-12-03;8;2533
7;2025-12-03;9;1903
7;2025-12-03;10;1616
7;2025-12-03;11;1509
7;2025-12-03;12;1533
7;2025-12-03;13;1562
7;2025-12-03;14;1595
7;2025-12-03;15;1754
7;2025-12-03;16;1866
7;2025-12-03;17;2323
7;2025-12-03;18;2442
7;2025-12-03;19;1688
7;2025-12-03;20;1086
7;2025-12-03;21;674
7;2025-12-03;22;340
7;2025-12-03;23;188
7;2025-12-04;0;60
7;2025-12-04;1;11
7;2025-12-04;2;0
7;2025-12-04;3;0
7;2025-12-04;4;4
7;2025-12-04;5;194
7;2025-12-04;6;704
7;2025-12-04;7;1673
7;2025-12-04;8;2441
7;2025-12-04;9;1840
7;2025-12-04;10;1551
7;2025-12-04;11;1460
7;2025-12-04;12;1482
7;2025-12-04;13;1528
7;2025-12-04;14;1578
7;2025-12-04;15;1691
7;2025-12-04;16;1832
7;2025-12-04;17;2267
7;2025-12-04;18;2444
7;2025-12-04;19;1660
7;2025-12-04;20;1075
7;2025-12-04;21;676
7;2025-12-04;22;330
7;2025-12-04;23;185
7;2025-12-05;0;64
7;2025-12-05;1;11
7;2025-12-05;2;0
7;2025-12-05;3;0
7;2025-12-05;4;3
7;2025-12-05;5;194
7;2025-12-05;6;679
7;2025-12-05;7;1655
7;2025-12-05;8;2396
7;2025-12-05;9;1827
7;2025-12-05;10;1579
7;2025-12-05;11;1516
7;2025-12-05;12;1560
7;2025-12-05;13;1614
7;2025-12-05;14;1639
7;2025-12-05;15;1814
7;2025-12-05;16;1972
7;2025-12-05;17;2236
7;2025-12-05;18;2084
7;2025-12-05;19;1497
7;2025-12-05;20;1039
7;2025-12-05;21;660
7;2025-12-05;22;342
7;2025-12-05;23;205
7;2025-12-06;0;84
7;2025-12-06;1;18
7;2025-12-06;2;2
7;2025-12-06;3;0
7;2025-12-06;4;2
7;2025-12-06;5;65
7;2025-12-06;6;277
7;2025-12-06;7;449
7;2025-12-06;8;685
7;2025-12-06;9;773
7;2025-12-06;10;877
7;2025-12-06;11;1008
7;2025-12-06;12;1087
7;2025-12-06;13;1154
7;2025-12-06;14;1141
7;2025-12-06;15;1155
7;2025-12-06;16;1090
7;2025-12-06;17;1048
7;2025-12-06;18;982
7;2025-12-06;19;877
7;2025-12-06;20;696
7;2025-12-06;21;533
7;2025-12-06;22;320
7;2025-12-06;23;220
7;2025-12-07;0;85
7;2025-12-07;1;17
7;2025-12-07;2;2
7;2025-12-07;3;0
7;2025-12-07;4;2
7;2025-12-07;5;48
7;2025-12-07;6;191
7;2025-12-07;7;300
7;2025-12-07;8;462
7;2025-12-07;9;587
7;2025-12-07;10;687
7;2025-12-07;11;862
7;2025-12-07;12;943
7;2025-12-07;13;1031
7;2025-12-07;14;1042
7;2025-12-07;15;1011
7;2025-12-07;16;958
7;2025-12-07;17;917
7;2025-12-07;18;807
7;2025-12-07;19;685
7;2025-12-07;20;583
7;2025-12-07;21;446
7;2025-12-07;22;269
7;2025-12-07;23;171
7;2025-12-08;0;63
7;2025-12-08;1;12
7;2025-12-08;2;0
7;2025-12-08;3;0
7;2025-12-08;4;4
7;2025-12-08;5;195
7;2025-12-08;6;709
7;2025-12-08;7;1674
7;2025-12-08;8;2437
7;2025-12-08;9;1844
7;2025-12-08;10;1526
7;2025-12-08;11;1422
7;2025-12-08;12;1487
7;2025-12-08;13;1511
7;2025-12-08;14;1535
7;2025-12-08;15;1677
7;2025-12-08;16;1826
7;2025-12-08;17;2276
7;2025-12-08;18;2437
7;2025-12-08;19;1679
7;2025-12-08;20;1054
7;2025-12-08;21;639
7;2025-12-08;22;308
7;2025-12-08;23;165
7;2025-12-09;0;57
7;2025-12-09;1;11
7;2025-12-09;2;0
7;2025-12-09;3;0
7;2025-12-09;4;2
7;2025-12-09;5;197
7;2025-12-09;6;727
7;2025-12-09;7;1713
7;2025-12-09;8;2490
7;2025-12-09;9;1861
7;2025-12-09;10;1580
7;2025-12-09;11;1499
7;2025-12-09;12;1536
7;2025-12-09;13;1564
7;2025-12-09;14;1577
7;2025-12-09;15;1730
7;2025-12-09;16;1867
7;2025-12-09;17;2291
7;2025-12-09;18;2469
7;2025-12-09;19;1745
7;2025-12-09;20;1091
7;2025-12-09;21;674
7;2025-12-09;22;328
7;2025-12-09;23;176
7;2025-12-10;0;59
7;2025-12-10;1;11
7;2025-12-10;2;1
7;2025-12-10;3;0
7;2025-12-10;4;2
7;2025-12-10;5;194
7;2025-12-10;6;722
7;2025-12-10;7;1682
7;2025-12-10;8;2517
7;2025-12-10;9;1886
7;2025-12-10;10;1602
7;2025-12-10;11;1494
7;2025-12-10;12;1524
7;2025-12-10;13;1548
7;2025-12-10;14;1580
7;2025-12-10;15;1742
7;2025-12-10;16;1863
7;2025-12-10;17;2323
7;2025-12-10;18;2444
7;2025-12-10;19;1688
7;2025-12-10;20;1078
7;2025-12-10;21;668
7;2025-12-10;22;334
7;2025-12-10;23;183
7;2025-12-11;0;60
7;2025-12-11;1;11
7;2025-12-11;2;0
7;2025-12-11;3;0
7;2025-12-11;4;3
7;2025-12-11;5;192
7;2025-12-11;6;710
7;2025-12-11;7;1669
7;2025-12-11;8;2446
7;2025-12-11;9;1836
7;2025-12-11;10;1539
7;2025-12-11;11;1453
7;2025-12-11;12;1481
7;2025-12-11;13;1520
7;2025-12-11;14;1570
7;2025-12-11;15;1684
7;2025-12-11;16;1829
7;2025-12-11;17;2259
7;2025-12-11;18;2434
7;2025-12-11;19;1640
7;2025-12-11;20;1055
7;2025-12-11;21;657
7;2025-12-11;22;321
7;2025-12-11;23;183
7;2025-12-12;0;64
7;2025-12-12;1;12
7;2025-12-12;2;1
7;2025-12-12;3;0
7;2025-12-12;4;3
7;2025-12-12;5;191
7;2025-12-12;6;676
7;2025-12-12;7;1645
7;2025-12-12;8;2392
7;2025-12-12;9;1818
7;2025-12-12;10;1569
7;2025-12-12;11;1510
7;2025-12-12;12;1559
7;2025-12-12;13;1590
7;2025-12-12;14;1627
7;2025-12-12;15;1779
7;2025-12-12;16;1949
7;2025-12-12;17;2219
7;2025-12-12;18;2061
7;2025-12-12;19;1509
7;2025-12-12;20;1045
7;2025-12-12;21;665
7;2025-12-12;22;349
7;2025-12-12;23;211
7;2025-12-13;0;90
7;2025-12-13;1;22
7;2025-12-13;2;5
7;2025-12-13;3;3
7;2025-12-13;4;5
7;2025-12-13;5;67
7;2025-12-13;6;273
7;2025-12-13;7;449
7;2025-12-13;8;682
7;2025-12-13;9;787
7;2025-12-13;10;893
7;2025-12-13;11;1032
7;2025-12-13;12;1113
7;2025-12-13;13;1175
7;2025-12-13;14;1167
7;2025-12-13;15;1167
7;2025-12-13;16;1102
7;2025-12-13;17;1061
7;2025-12-13;18;1003
7;2025-12-13;19;875
7;2025-12-13;20;700
7;2025-12-13;21;539
7;2025-12-13;22;329
7;2025-12-13;23;226
7;2025-12-14;0;87
7;2025-12-14;1;19
7;2025-12-14;2;3
7;2025-12-14;3;2
7;2025-12-14;4;2
7;2025-12-14;5;46
7;2025-12-14;6;181
7;2025-12-14;7;298
7;2025-12-14;8;470
7;2025-12-14;9;603
7;2025-12-14;10;715
7;2025-12-14;11;860
7;2025-12-14;12;939
7;2025-12-14;13;1028
7;2025-12-14;14;1038
7;2025-12-14;15;1007
7;2025-12-14;16;959
7;2025-12-14;17;920
7;2025-12-14;18;815
7;2025-12-14;19;691
7;2025-12-14;20;590
7;2025-12-14;21;451
7;2025-12-14;22;289
7;2025-12-14;23;179
7;2025-12-15;0;63
7;2025-12-15;1;11
7;2025-12-15;2;0
7;2025-12-15;3;0
7;2025-12-15;4;3
7;2025-12-15;5;196
7;2025-12-15;6;710
7;2025-12-15;7;1682
7;2025-12-15;8;2466
7;2025-12-15;9;1864
7;2025-12-15;10;1546
7;2025-12-15;11;1439
7;2025-12-15;12;1507
7;2025-12-15;13;1524
7;2025-12-15;14;1559
7;2025-12-15;15;1701
7;2025-12-15;16;1845
7;2025-12-15;17;2299
7;2025-12-15;18;2461
7;2025-12-15;19;1696
7;2025-12-15;20;1070
7;2025-12-15;21;654
7;2025-12-15;22;315
7;2025-12-15;23;170
7;2025-12-16;0;56
7;2025-12-16;1;11
7;2025-12-16;2;0
7;2025-12-16;3;0
7;2025-12-16;4;3
7;2025-12-16;5;201
7;2025-12-16;6;722
7;2025-12-16;7;1721
7;2025-12-16;8;2496
7;2025-12-16;9;1865
7;2025-12-16;10;1576
7;2025-12-16;11;1474
7;2025-12-16;12;1497
7;2025-12-16;13;1537
7;2025-12-16;14;1562
7;2025-12-16;15;1723
7;2025-12-16;16;1857
7;2025-12-16;17;2281
7;2025-12-16;18;2463
7;2025-12-16;19;1731
7;2025-12-16;20;1085
7;2025-12-16;21;670
7;2025-12-16;22;327
7;2025-12-16;23;175
7;2025-12-17;0;59
7;2025-12-17;1;12
7;2025-12-17;2;1
7;2025-12-17;3;0
7;2025-12-17;4;2
7;2025-12-17;5;195
7;2025-12-17;6;726
7;2025-12-17;7;1684
7;2025-12-17;8;2533
7;2025-12-17;9;1894
7;2025-12-17;10;1607
7;2025-12-17;11;1502
7;2025-12-17;12;1529
7;2025-12-17;13;1557
7;2025-12-17;14;1597
7;2025-12-17;15;1765
7;2025-12-17;16;1872
7;2025-12-17;17;2326
7;2025-12-17;18;2448
7;2025-12-17;19;1691
7;2025-12-17;20;1081
7;2025-12-17;21;671
7;2025-12-17;22;337
7;2025-12-17;23;185
7;2025-12-18;0;60
7;2025-12-18;1;11
7;2025-12-18;2;0
7;2025-12-18;3;0
7;2025-12-18;4;3
7;2025-12-18;5;193
7;2025-12-18;6;711
7;2025-12-18;7;1672
7;2025-12-18;8;2456
7;2025-12-18;9;1840
7;2025-12-18;10;1552
7;2025-12-18;11;1455
7;2025-12-18;12;1484
7;2025-12-18;13;1527
7;2025-12-18;14;1573
7;2025-12-18;15;1691
7;2025-12-18;16;1831
7;2025-12-18;17;2262
7;2025-12-18;18;2438
7;2025-12-18;19;1652
7;2025-12-18;20;1058
7;2025-12-18;21;662
7;2025-12-18;22;321
7;2025-12-18;23;185
7;2025-12-19;0;65
7;2025-12-19;1;12
7;2025-12-19;2;1
7;2025-12-19;3;1
7;2025-12-19;4;4
7;2025-12-19;5;192
7;2025-12-19;6;678
7;2025-12-19;7;1654
7;2025-12-19;8;2401
7;2025-12-19;9;1826
7;2025-12-19;10;1583
7;2025-12-19;11;1511
7;2025-12-19;12;1557
7;2025-12-19;13;1610
7;2025-12-19;14;1641
7;2025-12-19;15;1820
7;2025-12-19;16;1977
7;2025-12-19;17;2226
7;2025-12-19;18;2083
7;2025-12-19;19;1499
7;2025-12-19;20;1035
7;2025-12-19;21;655
7;2025-12-19;22;340
7;2025-12-19;23;202
7;2025-12-20;0;83
7;2025-12-20;1;16
7;2025-12-20;2;1
7;2025-12-20;3;0
7;2025-12-20;4;2
7;2025-12-20;5;63
7;2025-12-20;6;274
7;2025-12-20;7;443
7;2025-12-20;8;679
7;2025-12-20;9;771
7;2025-12-20;10;877
7;2025-12-20;11;1003
7;2025-12-20;12;1081
7;2025-12-20;13;1143
7;2025-12-20;14;1139
7;2025-12-20;15;1148
7;2025-12-20;16;1083
7;2025-12-20;17;1038
7;2025-12-20;18;975
7;2025-12-20;19;863
7;2025-12-20;20;688
7;2025-12-20;21;527
7;2025-12-20;22;315
7;2025-12-20;23;217
7;2025-12-21;0;82
7;2025-12-21;1;16
7;2025-12-21;2;0
7;2025-12-21;3;0
7;2025-12-21;4;0
7;2025-12-21;5;42
7;2025-12-21;6;182
7;2025-12-21;7;300
7;2025-12-21;8;476
7;2025-12-21;9;602
7;2025-12-21;10;704
7;2025-12-21;11;852
7;2025-12-21;12;924
7;2025-12-21;13;1008
7;2025-12-21;14;1020
7;2025-12-21;15;992
7;2025-12-21;16;940
7;2025-12-21;17;903
7;2025-12-21;18;801
7;2025-12-21;19;677
7;2025-12-21;20;570
7;2025-12-21;21;438
7;2025-12-21;22;266
7;2025-12-21;23;169
7;2025-12-22;0;62
7;2025-12-22;1;11
7;2025-12-22;2;0
7;2025-12-22;3;0
7;2025-12-22;4;1
7;2025-12-22;5;190
7;2025-12-22;6;713
7;2025-12-22;7;1675
7;2025-12-22;8;2453
7;2025-12-22;9;1850
7;2025-12-22;10;1532
7;2025-12-22;11;1415
7;2025-12-22;12;1474
7;2025-12-22;13;1484
7;2025-12-22;14;1511
7;2025-12-22;15;1661
7;2025-12-22;16;1825
7;2025-12-22;17;2276
7;2025-12-22;18;2441
7;2025-12-22;19;1683
7;2025-12-22;20;1062
7;2025-12-22;21;646
7;2025-12-22;22;311
7;2025-12-22;23;168
7;2025-12-23;0;57
7;2025-12-23;1;11
7;2025-12-23;2;1
7;2025-12-23;3;0
7;2025-12-23;4;3
7;2025-12-23;5;198
7;2025-12-23;6;728
7;2025-12-23;7;1732
7;2025-12-23;8;2514
7;2025-12-23;9;1875
7;2025-12-23;10;1587
7;2025-12-23;11;1504
7;2025-12-23;12;1538
7;2025-12-23;13;1569
7;2025-12-23;14;1587
7;2025-12-23;15;1735
7;2025-12-23;16;1870
7;2025-12-23;17;2296
7;2025-12-23;18;2469
7;2025-12-23;19;1746
7;2025-12-23;20;1094
7;2025-12-23;21;680
7;2025-12-23;22;333
7;2025-12-23;23;182
7;2025-12-24;0;60
7;2025-12-24;1;10
7;2025-12-24;2;0
7;2025-12-24;3;0
7;2025-12-24;4;3
7;2025-12-24;5;200
7;2025-12-24;6;734
7;2025-12-24;7;1702
7;2025-12-24;8;2546
7;2025-12-24;9;1906
7;2025-12-24;10;1617
7;2025-12-24;11;1512
7;2025-12-24;12;1532
7;2025-12-24;13;1558
7;2025-12-24;14;1590
7;2025-12-24;15;1742
7;2025-12-24;16;1871
7;2025-12-24;17;2331
7;2025-12-24;18;2441
7;2025-12-24;19;1692
7;2025-12-24;20;1078
7;2025-12-24;21;670
7;2025-12-24;22;335
7;2025-12-24;23;188
7;2025-12-25;0;61
7;2025-12-25;1;11
7;2025-12-25;2;0
7;2025-12-25;3;0
7;2025-12-25;4;3
7;2025-12-25;5;190
7;2025-12-25;6;702
7;2025-12-25;7;1646
7;2025-12-25;8;2407
7;2025-12-25;9;1850
7;2025-12-25;10;1579
7;2025-12-25;11;1489
7;2025-12-25;12;1524
7;2025-12-25;13;1563
7;2025-12-25;14;1610
7;2025-12-25;15;1715
7;2025-12-25;16;1852
7;2025-12-25;17;2253
7;2025-12-25;18;2429
7;2025-12-25;19;1634
7;2025-12-25;20;1043
7;2025-12-25;21;648
7;2025-12-25;22;320
7;2025-12-25;23;180
7;2025-12-26;0;57
7;2025-12-26;1;6
7;2025-12-26;2;0
7;2025-12-26;3;0
7;2025-12-26;4;0
7;2025-12-26;5;183
7;2025-12-26;6;665
7;2025-12-26;7;1619
7;2025-12-26;8;2349
7;2025-12-26;9;1830
7;2025-12-26;10;1584
7;2025-12-26;11;1522
7;2025-12-26;12;1565
7;2025-12-26;13;1630
7;2025-12-26;14;1655
7;2025-12-26;15;1823
7;2025-12-26;16;1975
7;2025-12-26;17;2225
7;2025-12-26;18;2073
7;2025-12-26;19;1459
7;2025-12-26;20;1010
7;2025-12-26;21;630
7;2025-12-26;22;331
7;2025-12-26;23;200
7;2025-12-27;0;85
7;2025-12-27;1;19
7;2025-12-27;2;2
7;2025-12-27;3;1
7;2025-12-27;4;3
7;2025-12-27;5;60
7;2025-12-27;6;265
7;2025-12-27;7;429
7;2025-12-27;8;656
7;2025-12-27;9;767
7;2025-12-27;10;882
7;2025-12-27;11;1022
7;2025-12-27;12;1106
7;2025-12-27;13;1167
7;2025-12-27;14;1161
7;2025-12-27;15;1177
7;2025-12-27;16;1113
7;2025-12-27;17;1037
7;2025-12-27;18;962
7;2025-12-27;19;859
7;2025-12-27;20;690
7;2025-12-27;21;525
7;2025-12-27;22;317
7;2025-12-27;23;218
7;2025-12-28;0;84
7;2025-12-28;1;19
7;2025-12-28;2;4
7;2025-12-28;3;2
7;2025-12-28;4;3
7;2025-12-28;5;43
7;2025-12-28;6;183
7;2025-12-28;7;281
7;2025-12-28;8;459
7;2025-12-28;9;614
7;2025-12-28;10;715
7;2025-12-28;11;862
7;2025-12-28;12;937
7;2025-12-28;13;1017
7;2025-12-28;14;1028
7;2025-12-28;15;994
7;2025-12-28;16;940
7;2025-12-28;17;887
7;2025-12-28;18;783
7;2025-12-28;19;666
7;2025-12-28;20;571
7;2025-12-28;21;437
7;2025-12-28;22;270
7;2025-12-28;23;172
7;2025-12-29;0;63
7;2025-12-29;1;11
7;2025-12-29;2;0
7;2025-12-29;3;0
7;2025-12-29;4;3
7;2025-12-29;5;192
7;2025-12-29;6;707
7;2025-12-29;7;1640
7;2025-12-29;8;2401
7;2025-12-29;9;1859
7;2025-12-29;10;1561
7;2025-12-29;11;1458
7;2025-12-29;12;1510
7;2025-12-29;13;1525
7;2025-12-29;14;1553
7;2025-12-29;15;1697
7;2025-12-29;16;1837
7;2025-12-29;17;2261
7;2025-12-29;18;2409
7;2025-12-29;19;1665
7;2025-12-29;20;1053
7;2025-12-29;21;630
7;2025-12-29;22;300
7;2025-12-29;23;161
7;2025-12-30;0;58
7;2025-12-30;1;12
7;2025-12-30;2;1
7;2025-12-30;3;1
7;2025-12-30;4;2
7;2025-12-30;5;195
7;2025-12-30;6;691
7;2025-12-30;7;1649
7;2025-12-30;8;2402
7;2025-12-30;9;1834
7;2025-12-30;10;1557
7;2025-12-30;11;1485
7;2025-12-30;12;1519
7;2025-12-30;13;1539
7;2025-12-30;14;1543
7;2025-12-30;15;1694
7;2025-12-30;16;1824
7;2025-12-30;17;2206
7;2025-12-30;18;2377
7;2025-12-30;19;1705
7;2025-12-30;20;1070
7;2025-12-30;21;654
7;2025-12-30;22;315
7;2025-12-30;23;168
7;2025-12-31;0;50
7;2025-12-31;1;5
7;2025-12-31;2;0
7;2025-12-31;3;0
7;2025-12-31;4;1
7;2025-12-31;5;36
7;2025-12-31;6;271
7;2025-12-31;7;480
7;2025-12-31;8;788
7;2025-12-31;9;725
7;2025-12-31;10;715
7;2025-12-31;11;826
7;2025-12-31;12;873
7;2025-12-31;13;926
7;2025-12-31;14;908
7;2025-12-31;15;979
7;2025-12-31;16;952
7;2025-12-31;17;988
7;2025-12-31;18;964
7;2025-12-31;19;804
7;2025-12-31;20;661
7;2025-12-31;21;445
7;2025-12-31;22;253
7;2025-12-31;23;160
11;2025-11-01;0;106
11;2025-11-01;1;7
11;2025-11-01;2;0
11;2025-11-01;3;0
11;2025-11-01;4;7
11;2025-11-01;5;396
11;2025-11-01;6;1287
11;2025-11-01;7;1913
11;2025-11-01;8;2225
11;2025-11-01;9;2086
11;2025-11-01;10;2049
11;2025-11-01;11;2051
11;2025-11-01;12;2081
11;2025-11-01;13;2171
11;2025-11-01;14;2137
11;2025-11-01;15;2264
11;2025-11-01;16;2419
11;2025-11-01;17;2498
11;2025-11-01;18;2532
11;2025-11-01;19;1981
11;2025-11-01;20;1555
11;2025-11-01;21;1109
11;2025-11-01;22;678
11;2025-11-01;23;480
11;2025-11-02;0;98
11;2025-11-02;1;11
11;2025-11-02;2;0
11;2025-11-02;3;0
11;2025-11-02;4;0
11;2025-11-02;5;101
11;2025-11-02;6;399
11;2025-11-02;7;439
11;2025-11-02;8;531
11;2025-11-02;9;769
11;2025-11-02;10;940
11;2025-11-02;11;1227
11;2025-11-02;12;1350
11;2025-11-02;13;1419
11;2025-11-02;14;1472
11;2025-11-02;15;1470
11;2025-11-02;16;1441
11;2025-11-02;17;1415
11;2025-11-02;18;1239
11;2025-11-02;19;1037
11;2025-11-02;20;803
11;2025-11-02;21;583
11;2025-11-02;22;336
11;2025-11-02;23;224
11;2025-11-03;0;83
11;2025-11-03;1;13
11;2025-11-03;2;5
11;2025-11-03;3;5
11;2025-11-03;4;1
11;2025-11-03;5;163
11;2025-11-03;6;659
11;2025-11-03;7;911
11;2025-11-03;8;1156
11;2025-11-03;9;1068
11;2025-11-03;10;1079
11;2025-11-03;11;1204
11;2025-11-03;12;1332
11;2025-11-03;13;1339
11;2025-11-03;14;1372
11;2025-11-03;15;1407
11;2025-11-03;16;1457
11;2025-11-03;17;1574
11;2025-11-03;18;1594
11;2025-11-03;19;1311
11;2025-11-03;20;1014
11;2025-11-03;21;656
11;2025-11-03;22;358
11;2025-11-03;23;235
11;2025-11-04;0;90
11;2025-11-04;1;10
11;2025-11-04;2;0
11;2025-11-04;3;0
11;2025-11-04;4;1
11;2025-11-04;5;114
11;2025-11-04;6;531
11;2025-11-04;7;732
11;2025-11-04;8;980
11;2025-11-04;9;902
11;2025-11-04;10;863
11;2025-11-04;11;1053
11;2025-11-04;12;1200
11;2025-11-04;13;1249
11;2025-11-04;14;1260
11;2025-11-04;15;1314
11;2025-11-04;16;1394
11;2025-11-04;17;1535
11;2025-11-04;18;1484
11;2025-11-04;19;1205
11;2025-11-04;20;888
11;2025-11-04;21;664
11;2025-11-04;22;348
11;2025-11-04;23;230
11;2025-11-05;0;62
11;2025-11-05;1;1
11;2025-11-05;2;0
11;2025-11-05;3;0
11;2025-11-05;4;3
11;2025-11-05;5;295
11;2025-11-05;6;1250
11;2025-11-05;7;2327
11;2025-11-05;8;3059
11;2025-11-05;9;2284
11;2025-11-05;10;1894
11;2025-11-05;11;1833
11;2025-11-05;12;1876
11;2025-11-05;13;1916
11;2025-11-05;14;1915
11;2025-11-05;15;2029
11;2025-11-05;16;2222
11;2025-11-05;17;2720
11;2025-11-05;18;2919
11;2025-11-05;19;2223
11;2025-11-05;20;1423
11;2025-11-05;21;863
11;2025-11-05;22;425
11;2025-11-05;23;224
11;2025-11-06;0;66
11;2025-11-06;1;2
11;2025-11-06;2;0
11;2025-11-06;3;1
11;2025-11-06;4;3
11;2025-11-06;5;292
11;2025-11-06;6;1280
11;2025-11-06;7;2349
11;2025-11-06;8;3048
11;2025-11-06;9;2365
11;2025-11-06;10;1967
11;2025-11-06;11;1874
11;2025-11-06;12;1906
11;2025-11-06;13;1963
11;2025-11-06;14;1946
11;2025-11-06;15;2056
11;2025-11-06;16;2268
11;2025-11-06;17;2768
11;2025-11-06;18;2962
11;2025-11-06;19;2238
11;2025-11-06;20;1437
11;2025-11-06;21;895
11;2025-11-06;22;440
11;2025-11-06;23;232
11;2025-11-07;0;70
11;2025-11-07;1;1
11;2025-11-07;2;0
11;2025-11-07;3;0
11;2025-11-07;4;2
11;2025-11-07;5;291
11;2025-11-07;6;1259
11;2025-11-07;7;2300
11;2025-11-07;8;2950
11;2025-11-07;9;2270
11;2025-11-07;10;1943
11;2025-11-07;11;1853
11;2025-11-07;12;1882
11;2025-11-07;13;1947
11;2025-11-07;14;1963
11;2025-11-07;15;2149
11;2025-11-07;16;2363
11;2025-11-07;17;2746
11;2025-11-07;18;2593
11;2025-11-07;19;2041
11;2025-11-07;20;1374
11;2025-11-07;21;873
11;2025-11-07;22;441
11;2025-11-07;23;249
11;2025-11-08;0;97
11;2025-11-08;1;10
11;2025-11-08;2;3
11;2025-11-08;3;2
11;2025-11-08;4;3
11;2025-11-08;5;186
11;2025-11-08;6;692
11;2025-11-08;7;777
11;2025-11-08;8;968
11;2025-11-08;9;1141
11;2025-11-08;10;1269
11;2025-11-08;11;1577
11;2025-11-08;12;1722
11;2025-11-08;13;1715
11;2025-11-08;14;1770
11;2025-11-08;15;1755
11;2025-11-08;16;1774
11;2025-11-08;17;1788
11;2025-11-08;18;1613
11;2025-11-08;19;1390
11;2025-11-08;20;1033
11;2025-11-08;21;741
11;2025-11-08;22;439
11;2025-11-08;23;290
11;2025-11-09;0;98
11;2025-11-09;1;11
11;2025-11-09;2;1
11;2025-11-09;3;1
11;2025-11-09;4;0
11;2025-11-09;5;132
11;2025-11-09;6;491
11;2025-11-09;7;566
11;2025-11-09;8;687
11;2025-11-09;9;898
11;2025-11-09;10;1035
11;2025-11-09;11;1312
11;2025-11-09;12;1424
11;2025-11-09;13;1430
11;2025-11-09;14;1477
11;2025-11-09;15;1488
11;2025-11-09;16;1463
11;2025-11-09;17;1471
11;2025-11-09;18;1285
11;2025-11-09;19;1061
11;2025-11-09;20;816
11;2025-11-09;21;608
11;2025-11-09;22;352
11;2025-11-09;23;220
11;2025-11-10;0;66
11;2025-11-10;1;3
11;2025-11-10;2;0
11;2025-11-10;3;0
11;2025-11-10;4;3
11;2025-11-10;5;294
11;2025-11-10;6;1273
11;2025-11-10;7;2348
11;2025-11-10;8;3040
11;2025-11-10;9;2340
11;2025-11-10;10;1903
11;2025-11-10;11;1832
11;2025-11-10;12;1832
11;2025-11-10;13;1894
11;2025-11-10;14;1906
11;2025-11-10;15;2040
11;2025-11-10;16;2269
11;2025-11-10;17;2745
11;2025-11-10;18;2973
11;2025-11-10;19;2214
11;2025-11-10;20;1409
11;2025-11-10;21;855
11;2025-11-10;22;425
11;2025-11-10;23;211
11;2025-11-11;0;61
11;2025-11-11;1;2
11;2025-11-11;2;0
11;2025-11-11;3;0
11;2025-11-11;4;3
11;2025-11-11;5;298
11;2025-11-11;6;1301
11;2025-11-11;7;2414
11;2025-11-11;8;3153
11;2025-11-11;9;2420
11;2025-11-11;10;1980
11;2025-11-11;11;1895
11;2025-11-11;12;1911
11;2025-11-11;13;1969
11;2025-11-11;14;1981
11;2025-11-11;15;2104
11;2025-11-11;16;2341
11;2025-11-11;17;2818
11;2025-11-11;18;3006
11;2025-11-11;19;2262
11;2025-11-11;20;1461
11;2025-11-11;21;884
11;2025-11-11;22;442
11;2025-11-11;23;232
11;2025-11-12;0;63
11;2025-11-12;1;1
11;2025-11-12;2;0
11;2025-11-12;3;0
11;2025-11-12;4;3
11;2025-11-12;5;294
11;2025-11-12;6;1276
11;2025-11-12;7;2364
11;2025-11-12;8;3094
11;2025-11-12;9;2328
11;2025-11-12;10;1928
11;2025-11-12;11;1852
11;2025-11-12;12;1899
11;2025-11-12;13;1929
11;2025-11-12;14;1926
11;2025-11-12;15;2047
11;2025-11-12;16;2242
11;2025-11-12;17;2731
11;2025-11-12;18;2925
11;2025-11-12;19;2213
11;2025-11-12;20;1421
11;2025-11-12;21;868
11;2025-11-12;22;426
11;2025-11-12;23;226
11;2025-11-13;0;64
11;2025-11-13;1;1
11;2025-11-13;2;0
11;2025-11-13;3;0
11;2025-11-13;4;2
11;2025-11-13;5;293
11;2025-11-13;6;1300
11;2025-11-13;7;2392
11;2025-11-13;8;3109
11;2025-11-13;9;2424
11;2025-11-13;10;2008
11;2025-11-13;11;1906
11;2025-11-13;12;1922
11;2025-11-13;13;1993
11;2025-11-13;14;1977
11;2025-11-13;15;2100
11;2025-11-13;16;2310
11;2025-11-13;17;2789
11;2025-11-13;18;2975
11;2025-11-13;19;2233
11;2025-11-13;20;1432
11;2025-11-13;21;889
11;2025-11-13;22;435
11;2025-11-13;23;236
11;2025-11-14;0;67
11;2025-11-14;1;2
11;2025-11-14;2;1
11;2025-11-14;3;2
11;2025-11-14;4;5
11;2025-11-14;5;298
11;2025-11-14;6;1280
11;2025-11-14;7;2331
11;2025-11-14;8;2993
11;2025-11-14;9;2321
11;2025-11-14;10;1978
11;2025-11-14;11;1899
11;2025-11-14;12;1930
11;2025-11-14;13;1984
11;2025-11-14;14;2003
11;2025-11-14;15;2203
11;2025-11-14;16;2419
11;2025-11-14;17;2791
11;2025-11-14;18;2635
11;2025-11-14;19;2066
11;2025-11-14;20;1395
11;2025-11-14;21;879
11;2025-11-14;22;434
11;2025-11-14;23;246
11;2025-11-15;0;91
11;2025-11-15;1;7
11;2025-11-15;2;1
11;2025-11-15;3;0
11;2025-11-15;4;1
11;2025-11-15;5;171
11;2025-11-15;6;683
11;2025-11-15;7;756
11;2025-11-15;8;959
11;2025-11-15;9;1136
11;2025-11-15;10;1268
11;2025-11-15;11;1515
11;2025-11-15;12;1640
11;2025-11-15;13;1661
11;2025-11-15;14;1728
11;2025-11-15;15;1753
11;2025-11-15;16;1765
11;2025-11-15;17;1775
11;2025-11-15;18;1584
11;2025-11-15;19;1339
11;2025-11-15;20;1024
11;2025-11-15;21;736
11;2025-11-15;22;449
11;2025-11-15;23;297
11;2025-11-16;0;96
11;2025-11-16;1;10
11;2025-11-16;2;0
11;2025-11-16;3;0
11;2025-11-16;4;0
11;2025-11-16;5;135
11;2025-11-16;6;479
11;2025-11-16;7;559
11;2025-11-16;8;684
11;2025-11-16;9;913
11;2025-11-16;10;1063
11;2025-11-16;11;1375
11;2025-11-16;12;1496
11;2025-11-16;13;1512
11;2025-11-16;14;1569
11;2025-11-16;15;1558
11;2025-11-16;16;1526
11;2025-11-16;17;1483
11;2025-11-16;18;1293
11;2025-11-16;19;1064
11;2025-11-16;20;818
11;2025-11-16;21;610
11;2025-11-16;22;355
11;2025-11-16;23;222
11;2025-11-17;0;65
11;2025-11-17;1;2
11;2025-11-17;2;0
11;2025-11-17;3;0
11;2025-11-17;4;2
11;2025-11-17;5;290
11;2025-11-17;6;1265
11;2025-11-17;7;2344
11;2025-11-17;8;3040
11;2025-11-17;9;2331
11;2025-11-17;10;1893
11;2025-11-17;11;1812
11;2025-11-17;12;1797
11;2025-11-17;13;1838
11;2025-11-17;14;1844
11;2025-11-17;15;1986
11;2025-11-17;16;2229
11;2025-11-17;17;2723
11;2025-11-17;18;2941
11;2025-11-17;19;2189
11;2025-11-17;20;1397
11;2025-11-17;21;836
11;2025-11-17;22;408
11;2025-11-17;23;203
11;2025-11-18;0;61
11;2025-11-18;1;1
11;2025-11-18;2;0
11;2025-11-18;3;0
11;2025-11-18;4;0
11;2025-11-18;5;278
11;2025-11-18;6;1275
11;2025-11-18;7;2382
11;2025-11-18;8;3134
11;2025-11-18;9;2390
11;2025-11-18;10;1943
11;2025-11-18;11;1856
11;2025-11-18;12;1851
11;2025-11-18;13;1937
11;2025-11-18;14;1949
11;2025-11-18;15;2070
11;2025-11-18;16;2314
11;2025-11-18;17;2805
11;2025-11-18;18;2980
11;2025-11-18;19;2250
11;2025-11-18;20;1459
11;2025-11-18;21;891
11;2025-11-18;22;439
11;2025-11-18;23;229
11;2025-11-19;0;66
11;2025-11-19;1;3
11;2025-11-19;2;2
11;2025-11-19;3;2
11;2025-11-19;4;7
11;2025-11-19;5;300
11;2025-11-19;6;1274
11;2025-11-19;7;2369
11;2025-11-19;8;3093
11;2025-11-19;9;2328
11;2025-11-19;10;1932
11;2025-11-19;11;1859
11;2025-11-19;12;1903
11;2025-11-19;13;1953
11;2025-11-19;14;1952
11;2025-11-19;15;2073
11;2025-11-19;16;2270
11;2025-11-19;17;2767
11;2025-11-19;18;2961
11;2025-11-19;19;2251
11;2025-11-19;20;1451
11;2025-11-19;21;894
11;2025-11-19;22;434
11;2025-11-19;23;234
11;2025-11-20;0;67
11;2025-11-20;1;3
11;2025-11-20;2;2
11;2025-11-20;3;2
11;2025-11-20;4;5
11;2025-11-20;5;297
11;2025-11-20;6;1303
11;2025-11-20;7;2387
11;2025-11-20;8;3093
11;2025-11-20;9;2415
11;2025-11-20;10;2001
11;2025-11-20;11;1908
11;2025-11-20;12;1947
11;2025-11-20;13;1996
11;2025-11-20;14;1985
11;2025-11-20;15;2117
11;2025-11-20;16;2326
11;2025-11-20;17;2793
11;2025-11-20;18;2984
11;2025-11-20;19;2238
11;2025-11-20;20;1431
11;2025-11-20;21;889
11;2025-11-20;22;434
11;2025-11-20;23;230
11;2025-11-21;0;67
11;2025-11-21;1;2
11;2025-11-21;2;0
11;2025-11-21;3;0
11;2025-11-21;4;4
11;2025-11-21;5;295
11;2025-11-21;6;1268
11;2025-11-21;7;2327
11;2025-11-21;8;2986
11;2025-11-21;9;2313
11;2025-11-21;10;1969
11;2025-11-21;11;1887
11;2025-11-21;12;1908
11;2025-11-21;13;1963
11;2025-11-21;14;1985
11;2025-11-21;15;2186
11;2025-11-21;16;2409
11;2025-11-21;17;2780
11;2025-11-21;18;2628
11;2025-11-21;19;2051
11;2025-11-21;20;1388
11;2025-11-21;21;881
11;2025-11-21;22;447
11;2025-11-21;23;261
11;2025-11-22;0;94
11;2025-11-22;1;7
11;2025-11-22;2;0
11;2025-11-22;3;0
11;2025-11-22;4;1
11;2025-11-22;5;187
11;2025-11-22;6;702
11;2025-11-22;7;805
11;2025-11-22;8;1006
11;2025-11-22;9;1187
11;2025-11-22;10;1306
11;2025-11-22;11;1560
11;2025-11-22;12;1695
11;2025-11-22;13;1695
11;2025-11-22;14;1747
11;2025-11-22;15;1740
11;2025-11-22;16;1762
11;2025-11-22;17;1765
11;2025-11-22;18;1578
11;2025-11-22;19;1363
11;2025-11-22;20;1037
11;2025-11-22;21;741
11;2025-11-22;22;433
11;2025-11-22;23;287
11;2025-11-23;0;94
11;2025-11-23;1;8
11;2025-11-23;2;0
11;2025-11-23;3;0
11;2025-11-23;4;0
11;2025-11-23;5;131
11;2025-11-23;6;474
11;2025-11-23;7;555
11;2025-11-23;8;689
11;2025-11-23;9;916
11;2025-11-23;10;1055
11;2025-11-23;11;1335
11;2025-11-23;12;1503
11;2025-11-23;13;1516
11;2025-11-23;14;1565
11;2025-11-23;15;1575
11;2025-11-23;16;1542
11;2025-11-23;17;1487
11;2025-11-23;18;1304
11;2025-11-23;19;1064
11;2025-11-23;20;816
11;2025-11-23;21;600
11;2025-11-23;22;350
11;2025-11-23;23;223
11;2025-11-24;0;64
11;2025-11-24;1;1
11;2025-11-24;2;0
11;2025-11-24;3;0
11;2025-11-24;4;0
11;2025-11-24;5;283
11;2025-11-24;6;1253
11;2025-11-24;7;2338
11;2025-11-24;8;3026
11;2025-11-24;9;2309
11;2025-11-24;10;1893
11;2025-11-24;11;1819
11;2025-11-24;12;1807
11;2025-11-24;13;1860
11;2025-11-24;14;1853
11;2025-11-24;15;1998
11;2025-11-24;16;2235
11;2025-11-24;17;2716
11;2025-11-24;18;2934
11;2025-11-24;19;2180
11;2025-11-24;20;1390
11;2025-11-24;21;828
11;2025-11-24;22;413
11;2025-11-24;23;218
11;2025-11-25;0;62
11;2025-11-25;1;2
11;2025-11-25;2;1
11;2025-11-25;3;1
11;2025-11-25;4;4
11;2025-11-25;5;299
11;2025-11-25;6;1303
11;2025-11-25;7;2402
11;2025-11-25;8;3126
11;2025-11-25;9;2396
11;2025-11-25;10;1963
11;2025-11-25;11;1887
11;2025-11-25;12;1908
11;2025-11-25;13;1954
11;2025-11-25;14;1967
11;2025-11-25;15;2089
11;2025-11-25;16;2328
11;2025-11-25;17;2811
11;2025-11-25;18;2992
11;2025-11-25;19;2268
11;2025-11-25;20;1445
11;2025-11-25;21;876
11;2025-11-25;22;439
11;2025-11-25;23;226
11;2025-11-26;0;62
11;2025-11-26;1;1
11;2025-11-26;2;0
11;2025-11-26;3;0
11;2025-11-26;4;3
11;2025-11-26;5;292
11;2025-11-26;6;1260
11;2025-11-26;7;2357
11;2025-11-26;8;3091
11;2025-11-26;9;2324
11;2025-11-26;10;1938
11;2025-11-26;11;1860
11;2025-11-26;12;1899
11;2025-11-26;13;1925
11;2025-11-26;14;1917
11;2025-11-26;15;2041
11;2025-11-26;16;2237
11;2025-11-26;17;2728
11;2025-11-26;18;2920
11;2025-11-26;19;2205
11;2025-11-26;20;1424
11;2025-11-26;21;868
11;2025-11-26;22;427
11;2025-11-26;23;229
11;2025-11-27;0;64
11;2025-11-27;1;1
11;2025-11-27;2;0
11;2025-11-27;3;0
11;2025-11-27;4;3
11;2025-11-27;5;294
11;2025-11-27;6;1295
11;2025-11-27;7;2382
11;2025-11-27;8;3090
11;2025-11-27;9;2410
11;2025-11-27;10;1994
11;2025-11-27;11;1890
11;2025-11-27;12;1914
11;2025-11-27;13;1975
11;2025-11-27;14;1956
11;2025-11-27;15;2084
11;2025-11-27;16;2293
11;2025-11-27;17;2776
11;2025-11-27;18;2970
11;2025-11-27;19;2218
11;2025-11-27;20;1425
11;2025-11-27;21;888
11;2025-11-27;22;428
11;2025-11-27;23;222
11;2025-11-28;0;63
11;2025-11-28;1;0
11;2025-11-28;2;0
11;2025-11-28;3;0
11;2025-11-28;4;0
11;2025-11-28;5;287
11;2025-11-28;6;1265
11;2025-11-28;7;2327
11;2025-11-28;8;2986
11;2025-11-28;9;2319
11;2025-11-28;10;1968
11;2025-11-28;11;1879
11;2025-11-28;12;1910
11;2025-11-28;13;1962
11;2025-11-28;14;1989
11;2025-11-28;15;2188
11;2025-11-28;16;2404
11;2025-11-28;17;2780
11;2025-11-28;18;2625
11;2025-11-28;19;2051
11;2025-11-28;20;1386
11;2025-11-28;21;882
11;2025-11-28;22;446
11;2025-11-28;23;259
11;2025-11-29;0;95
11;2025-11-29;1;8
11;2025-11-29;2;1
11;2025-11-29;3;1
11;2025-11-29;4;1
11;2025-11-29;5;186
11;2025-11-29;6;698
11;2025-11-29;7;785
11;2025-11-29;8;981
11;2025-11-29;9;1165
11;2025-11-29;10;1279
11;2025-11-29;11;1541
11;2025-11-29;12;1675
11;2025-11-29;13;1658
11;2025-11-29;14;1708
11;2025-11-29;15;1694
11;2025-11-29;16;1712
11;2025-11-29;17;1729
11;2025-11-29;18;1547
11;2025-11-29;19;1334
11;2025-11-29;20;1017
11;2025-11-29;21;728
11;2025-11-29;22;436
11;2025-11-29;23;293
11;2025-11-30;0;96
11;2025-11-30;1;11
11;2025-11-30;2;1
11;2025-11-30;3;1
11;2025-11-30;4;0
11;2025-11-30;5;132
11;2025-11-30;6;478
11;2025-11-30;7;557
11;2025-11-30;8;691
11;2025-11-30;9;920
11;2025-11-30;10;1051
11;2025-11-30;11;1331
11;2025-11-30;12;1444
11;2025-11-30;13;1471
11;2025-11-30;14;1507
11;2025-11-30;15;1527
11;2025-11-30;16;1500
11;2025-11-30;17;1496
11;2025-11-30;18;1304
11;2025-11-30;19;1083
11;2025-11-30;20;828
11;2025-11-30;21;618
11;2025-11-30;22;352
11;2025-11-30;23;223
11;2025-12-01;0;65
11;2025-12-01;1;3
11;2025-12-01;2;0
11;2025-12-01;3;0
11;2025-12-01;4;2
11;2025-12-01;5;293
11;2025-12-01;6;1259
11;2025-12-01;7;2304
11;2025-12-01;8;2959
11;2025-12-01;9;2291
11;2025-12-01;10;1853
11;2025-12-01;11;1775
11;2025-12-01;12;1759
11;2025-12-01;13;1814
11;2025-12-01;14;1838
11;2025-12-01;15;1977
11;2025-12-01;16;2209
11;2025-12-01;17;2669
11;2025-12-01;18;2900
11;2025-12-01;19;2162
11;2025-12-01;20;1386
11;2025-12-01;21;838
11;2025-12-01;22;422
11;2025-12-01;23;211
11;2025-12-02;0;61
11;2025-12-02;1;1
11;2025-12-02;2;0
11;2025-12-02;3;0
11;2025-12-02;4;3
11;2025-12-02;5;300
11;2025-12-02;6;1290
11;2025-12-02;7;2367
11;2025-12-02;8;3056
11;2025-12-02;9;2362
11;2025-12-02;10;1920
11;2025-12-02;11;1841
11;2025-12-02;12;1846
11;2025-12-02;13;1900
11;2025-12-02;14;1926
11;2025-12-02;15;2044
11;2025-12-02;16;2294
11;2025-12-02;17;2768
11;2025-12-02;18;2962
11;2025-12-02;19;2245
11;2025-12-02;20;1450
11;2025-12-02;21;886
11;2025-12-02;22;450
11;2025-12-02;23;236
11;2025-12-03;0;62
11;2025-12-03;1;1
11;2025-12-03;2;0
11;2025-12-03;3;0
11;2025-12-03;4;3
11;2025-12-03;5;298
11;2025-12-03;6;1266
11;2025-12-03;7;2340
11;2025-12-03;8;3036
11;2025-12-03;9;2303
11;2025-12-03;10;1901
11;2025-12-03;11;1826
11;2025-12-03;12;1867
11;2025-12-03;13;1908
11;2025-12-03;14;1921
11;2025-12-03;15;2046
11;2025-12-03;16;2233
11;2025-12-03;17;2723
11;2025-12-03;18;2926
11;2025-12-03;19;2220
11;2025-12-03;20;1432
11;2025-12-03;21;884
11;2025-12-03;22;443
11;2025-12-03;23;236
11;2025-12-04;0;64
11;2025-12-04;1;2
11;2025-12-04;2;0
11;2025-12-04;3;0
11;2025-12-04;4;4
11;2025-12-04;5;298
11;2025-12-04;6;1292
11;2025-12-04;7;2351
11;2025-12-04;8;3019
11;2025-12-04;9;2377
11;2025-12-04;10;1954
11;2025-12-04;11;1858
11;2025-12-04;12;1881
11;2025-12-04;13;1943
11;2025-12-04;14;1956
11;2025-12-04;15;2083
11;2025-12-04;16;2300
11;2025-12-04;17;2770
11;2025-12-04;18;2967
11;2025-12-04;19;2246
11;2025-12-04;20;1466
11;2025-12-04;21;927
11;2025-12-04;22;464
11;2025-12-04;23;249
11;2025-12-05;0;68
11;2025-12-05;1;1
11;2025-12-05;2;0
11;2025-12-05;3;0
11;2025-12-05;4;3
11;2025-12-05;5;299
11;2025-12-05;6;1271
11;2025-12-05;7;2298
11;2025-12-05;8;2938
11;2025-12-05;9;2290
11;2025-12-05;10;1941
11;2025-12-05;11;1858
11;2025-12-05;12;1879
11;2025-12-05;13;1933
11;2025-12-05;14;1969
11;2025-12-05;15;2175
11;2025-12-05;16;2392
11;2025-12-05;17;2767
11;2025-12-05;18;2616
11;2025-12-05;19;2052
11;2025-12-05;20;1394
11;2025-12-05;21;894
11;2025-12-05;22;461
11;2025-12-05;23;264
11;2025-12-06;0;94
11;2025-12-06;1;7
11;2025-12-06;2;0
11;2025-12-06;3;0
11;2025-12-06;4;1
11;2025-12-06;5;185
11;2025-12-06;6;685
11;2025-12-06;7;779
11;2025-12-06;8;972
11;2025-12-06;9;1151
11;2025-12-06;10;1270
11;2025-12-06;11;1528
11;2025-12-06;12;1662
11;2025-12-06;13;1661
11;2025-12-06;14;1729
11;2025-12-06;15;1721
11;2025-12-06;16;1743
11;2025-12-06;17;1744
11;2025-12-06;18;1574
11;2025-12-06;19;1386
11;2025-12-06;20;1064
11;2025-12-06;21;770
11;2025-12-06;22;456
11;2025-12-06;23;303
11;2025-12-07;0;97
11;2025-12-07;1;11
11;2025-12-07;2;1
11;2025-12-07;3;1
11;2025-12-07;4;0
11;2025-12-07;5;137
11;2025-12-07;6;482
11;2025-12-07;7;551
11;2025-12-07;8;656
11;2025-12-07;9;881
11;2025-12-07;10;1021
11;2025-12-07;11;1339
11;2025-12-07;12;1465
11;2025-12-07;13;1486
11;2025-12-07;14;1552
11;2025-12-07;15;1555
11;2025-12-07;16;1530
11;2025-12-07;17;1534
11;2025-12-07;18;1346
11;2025-12-07;19;1114
11;2025-12-07;20;871
11;2025-12-07;21;652
11;2025-12-07;22;372
11;2025-12-07;23;229
11;2025-12-08;0;68
11;2025-12-08;1;3
11;2025-12-08;2;0
11;2025-12-08;3;0
11;2025-12-08;4;4
11;2025-12-08;5;298
11;2025-12-08;6;1267
11;2025-12-08;7;2315
11;2025-12-08;8;2971
11;2025-12-08;9;2303
11;2025-12-08;10;1860
11;2025-12-08;11;1794
11;2025-12-08;12;1792
11;2025-12-08;13;1860
11;2025-12-08;14;1875
11;2025-12-08;15;2016
11;2025-12-08;16;2244
11;2025-12-08;17;2722
11;2025-12-08;18;2945
11;2025-12-08;19;2210
11;2025-12-08;20;1419
11;2025-12-08;21;866
11;2025-12-08;22;434
11;2025-12-08;23;220
11;2025-12-09;0;64
11;2025-12-09;1;3
11;2025-12-09;2;1
11;2025-12-09;3;1
11;2025-12-09;4;4
11;2025-12-09;5;300
11;2025-12-09;6;1300
11;2025-12-09;7;2363
11;2025-12-09;8;3057
11;2025-12-09;9;2357
11;2025-12-09;10;1922
11;2025-12-09;11;1852
11;2025-12-09;12;1869
11;2025-12-09;13;1921
11;2025-12-09;14;1949
11;2025-12-09;15;2072
11;2025-12-09;16;2307
11;2025-12-09;17;2787
11;2025-12-09;18;2978
11;2025-12-09;19;2263
11;2025-12-09;20;1459
11;2025-12-09;21;894
11;2025-12-09;22;447
11;2025-12-09;23;230
11;2025-12-10;0;63
11;2025-12-10;1;2
11;2025-12-10;2;0
11;2025-12-10;3;0
11;2025-12-10;4;2
11;2025-12-10;5;294
11;2025-12-10;6;1262
11;2025-12-10;7;2325
11;2025-12-10;8;3019
11;2025-12-10;9;2291
11;2025-12-10;10;1889
11;2025-12-10;11;1817
11;2025-12-10;12;1866
11;2025-12-10;13;1895
11;2025-12-10;14;1910
11;2025-12-10;15;2042
11;2025-12-10;16;2240
11;2025-12-10;17;2732
11;2025-12-10;18;2932
11;2025-12-10;19;2226
11;2025-12-10;20;1429
11;2025-12-10;21;882
11;2025-12-10;22;440
11;2025-12-10;23;232
11;2025-12-11;0;65
11;2025-12-11;1;1
11;2025-12-11;2;0
11;2025-12-11;3;0
11;2025-12-11;4;3
11;2025-12-11;5;296
11;2025-12-11;6;1292
11;2025-12-11;7;2343
11;2025-12-11;8;3028
11;2025-12-11;9;2373
11;2025-12-11;10;1953
11;2025-12-11;11;1853
11;2025-12-11;12;1883
11;2025-12-11;13;1939
11;2025-12-11;14;1946
11;2025-12-11;15;2080
11;2025-12-11;16;2287
11;2025-12-11;17;2756
11;2025-12-11;18;2947
11;2025-12-11;19;2216
11;2025-12-11;20;1428
11;2025-12-11;21;895
11;2025-12-11;22;448
11;2025-12-11;23;237
11;2025-12-12;0;68
11;2025-12-12;1;2
11;2025-12-12;2;1
11;2025-12-12;3;1
11;2025-12-12;4;3
11;2025-12-12;5;296
11;2025-12-12;6;1267
11;2025-12-12;7;2289
11;2025-12-12;8;2932
11;2025-12-12;9;2282
11;2025-12-12;10;1935
11;2025-12-12;11;1854
11;2025-12-12;12;1884
11;2025-12-12;13;1909
11;2025-12-12;14;1938
11;2025-12-12;15;2129
11;2025-12-12;16;2355
11;2025-12-12;17;2741
11;2025-12-12;18;2594
11;2025-12-12;19;2067
11;2025-12-12;20;1405
11;2025-12-12;21;906
11;2025-12-12;22;468
11;2025-12-12;23;269
11;2025-12-13;0;97
11;2025-12-13;1;9
11;2025-12-13;2;2
11;2025-12-13;3;2
11;2025-12-13;4;5
11;2025-12-13;5;192
11;2025-12-13;6;687
11;2025-12-13;7;786
11;2025-12-13;8;979
11;2025-12-13;9;1169
11;2025-12-13;10;1302
11;2025-12-13;11;1570
11;2025-12-13;12;1711
11;2025-12-13;13;1694
11;2025-12-13;14;1762
11;2025-12-13;15;1744
11;2025-12-13;16;1763
11;2025-12-13;17;1775
11;2025-12-13;18;1605
11;2025-12-13;19;1380
11;2025-12-13;20;1066
11;2025-12-13;21;774
11;2025-12-13;22;462
11;2025-12-13;23;305
11;2025-12-14;0;97
11;2025-12-14;1;11
11;2025-12-14;2;0
11;2025-12-14;3;0
11;2025-12-14;4;0
11;2025-12-14;5;135
11;2025-12-14;6;473
11;2025-12-14;7;563
11;2025-12-14;8;679
11;2025-12-14;9;906
11;2025-12-14;10;1064
11;2025-12-14;11;1345
11;2025-12-14;12;1470
11;2025-12-14;13;1477
11;2025-12-14;14;1545
11;2025-12-14;15;1549
11;2025-12-14;16;1530
11;2025-12-14;17;1535
11;2025-12-14;18;1349
11;2025-12-14;19;1116
11;2025-12-14;20;873
11;2025-12-14;21;660
11;2025-12-14;22;389
11;2025-12-14;23;240
11;2025-12-15;0;68
11;2025-12-15;1;3
11;2025-12-15;2;0
11;2025-12-15;3;0
11;2025-12-15;4;4
11;2025-12-15;5;298
11;2025-12-15;6;1270
11;2025-12-15;7;2321
11;2025-12-15;8;2998
11;2025-12-15;9;2317
11;2025-12-15;10;1872
11;2025-12-15;11;1804
11;2025-12-15;12;1805
11;2025-12-15;13;1864
11;2025-12-15;14;1892
11;2025-12-15;15;2032
11;2025-12-15;16;2260
11;2025-12-15;17;2743
11;2025-12-15;18;2971
11;2025-12-15;19;2227
11;2025-12-15;20;1436
11;2025-12-15;21;882
11;2025-12-15;22;444
11;2025-12-15;23;226
11;2025-12-16;0;62
11;2025-12-16;1;2
11;2025-12-16;2;1
11;2025-12-16;3;1
11;2025-12-16;4;4
11;2025-12-16;5;301
11;2025-12-16;6;1298
11;2025-12-16;7;2377
11;2025-12-16;8;3069
11;2025-12-16;9;2364
11;2025-12-16;10;1906
11;2025-12-16;11;1822
11;2025-12-16;12;1825
11;2025-12-16;13;1896
11;2025-12-16;14;1924
11;2025-12-16;15;2050
11;2025-12-16;16;2287
11;2025-12-16;17;2766
11;2025-12-16;18;2961
11;2025-12-16;19;2238
11;2025-12-16;20;1440
11;2025-12-16;21;879
11;2025-12-16;22;439
11;2025-12-16;23;224
11;2025-12-17;0;62
11;2025-12-17;1;2
11;2025-12-17;2;0
11;2025-12-17;3;0
11;2025-12-17;4;2
11;2025-12-17;5;292
11;2025-12-17;6;1260
11;2025-12-17;7;2324
11;2025-12-17;8;3034
11;2025-12-17;9;2300
11;2025-12-17;10;1900
11;2025-12-17;11;1827
11;2025-12-17;12;1866
11;2025-12-17;13;1904
11;2025-12-17;14;1922
11;2025-12-17;15;2058
11;2025-12-17;16;2244
11;2025-12-17;17;2728
11;2025-12-17;18;2931
11;2025-12-17;19;2225
11;2025-12-17;20;1433
11;2025-12-17;21;884
11;2025-12-17;22;441
11;2025-12-17;23;232
11;2025-12-18;0;64
11;2025-12-18;1;1
11;2025-12-18;2;0
11;2025-12-18;3;0
11;2025-12-18;4;3
11;2025-12-18;5;296
11;2025-12-18;6;1296
11;2025-12-18;7;2349
11;2025-12-18;8;3031
11;2025-12-18;9;2375
11;2025-12-18;10;1961
11;2025-12-18;11;1860
11;2025-12-18;12;1892
11;2025-12-18;13;1946
11;2025-12-18;14;1950
11;2025-12-18;15;2085
11;2025-12-18;16;2294
11;2025-12-18;17;2763
11;2025-12-18;18;2958
11;2025-12-18;19;2237
11;2025-12-18;20;1436
11;2025-12-18;21;908
11;2025-12-18;22;449
11;2025-12-18;23;242
11;2025-12-19;0;69
11;2025-12-19;1;2
11;2025-12-19;2;1
11;2025-12-19;3;1
11;2025-12-19;4;4
11;2025-12-19;5;297
11;2025-12-19;6;1268
11;2025-12-19;7;2299
11;2025-12-19;8;2947
11;2025-12-19;9;2291
11;2025-12-19;10;1947
11;2025-12-19;11;1854
11;2025-12-19;12;1877
11;2025-12-19;13;1930
11;2025-12-19;14;1973
11;2025-12-19;15;2187
11;2025-12-19;16;2400
11;2025-12-19;17;2759
11;2025-12-19;18;2615
11;2025-12-19;19;2058
11;2025-12-19;20;1393
11;2025-12-19;21;892
11;2025-12-19;22;461
11;2025-12-19;23;263
11;2025-12-20;0;93
11;2025-12-20;1;5
11;2025-12-20;2;0
11;2025-12-20;3;0
11;2025-12-20;4;1
11;2025-12-20;5;183
11;2025-12-20;6;681
11;2025-12-20;7;765
11;2025-12-20;8;959
11;2025-12-20;9;1143
11;2025-12-20;10;1269
11;2025-12-20;11;1515
11;2025-12-20;12;1651
11;2025-12-20;13;1641
11;2025-12-20;14;1710
11;2025-12-20;15;1697
11;2025-12-20;16;1719
11;2025-12-20;17;1720
11;2025-12-20;18;1555
11;2025-12-20;19;1355
11;2025-12-20;20;1036
11;2025-12-20;21;746
11;2025-12-20;22;443
11;2025-12-20;23;291
11;2025-12-21;0;94
11;2025-12-21;1;9
11;2025-12-21;2;0
11;2025-12-21;3;0
11;2025-12-21;4;0
11;2025-12-21;5;130
11;2025-12-21;6;474
11;2025-12-21;7;552
11;2025-12-21;8;671
11;2025-12-21;9;896
11;2025-12-21;10;1037
11;2025-12-21;11;1306
11;2025-12-21;12;1426
11;2025-12-21;13;1442
11;2025-12-21;14;1508
11;2025-12-21;15;1521
11;2025-12-21;16;1496
11;2025-12-21;17;1499
11;2025-12-21;18;1318
11;2025-12-21;19;1098
11;2025-12-21;20;843
11;2025-12-21;21;635
11;2025-12-21;22;366
11;2025-12-21;23;223
11;2025-12-22;0;67
11;2025-12-22;1;3
11;2025-12-22;2;0
11;2025-12-22;3;0
11;2025-12-22;4;3
11;2025-12-22;5;293
11;2025-12-22;6;1272
11;2025-12-22;7;2316
11;2025-12-22;8;2988
11;2025-12-22;9;2310
11;2025-12-22;10;1869
11;2025-12-22;11;1785
11;2025-12-22;12;1774
11;2025-12-22;13;1828
11;2025-12-22;14;1851
11;2025-12-22;15;1997
11;2025-12-22;16;2238
11;2025-12-22;17;2720
11;2025-12-22;18;2950
11;2025-12-22;19;2217
11;2025-12-22;20;1428
11;2025-12-22;21;870
11;2025-12-22;22;435
11;2025-12-22;23;220
11;2025-12-23;0;63
11;2025-12-23;1;2
11;2025-12-23;2;0
11;2025-12-23;3;0
11;2025-12-23;4;5
11;2025-12-23;5;302
11;2025-12-23;6;1308
11;2025-12-23;7;2382
11;2025-12-23;8;3081
11;2025-12-23;9;2375
11;2025-12-23;10;1933
11;2025-12-23;11;1861
11;2025-12-23;12;1879
11;2025-12-23;13;1924
11;2025-12-23;14;1947
11;2025-12-23;15;2070
11;2025-12-23;16;2306
11;2025-12-23;17;2784
11;2025-12-23;18;2975
11;2025-12-23;19;2262
11;2025-12-23;20;1460
11;2025-12-23;21;900
11;2025-12-23;22;450
11;2025-12-23;23;240
11;2025-12-24;0;64
11;2025-12-24;1;2
11;2025-12-24;2;0
11;2025-12-24;3;0
11;2025-12-24;4;6
11;2025-12-24;5;303
11;2025-12-24;6;1277
11;2025-12-24;7;2346
11;2025-12-24;8;3051
11;2025-12-24;9;2305
11;2025-12-24;10;1901
11;2025-12-24;11;1828
11;2025-12-24;12;1878
11;2025-12-24;13;1908
11;2025-12-24;14;1920
11;2025-12-24;15;2040
11;2025-12-24;16;2235
11;2025-12-24;17;2732
11;2025-12-24;18;2929
11;2025-12-24;19;2230
11;2025-12-24;20;1436
11;2025-12-24;21;889
11;2025-12-24;22;435
11;2025-12-24;23;234
11;2025-12-25;0;65
11;2025-12-25;1;1
11;2025-12-25;2;0
11;2025-12-25;3;0
11;2025-12-25;4;3
11;2025-12-25;5;297
11;2025-12-25;6;1293
11;2025-12-25;7;2333
11;2025-12-25;8;3010
11;2025-12-25;9;2383
11;2025-12-25;10;1977
11;2025-12-25;11;1879
11;2025-12-25;12;1921
11;2025-12-25;13;1976
11;2025-12-25;14;1982
11;2025-12-25;15;2108
11;2025-12-25;16;2308
11;2025-12-25;17;2746
11;2025-12-25;18;2939
11;2025-12-25;19;2225
11;2025-12-25;20;1427
11;2025-12-25;21;896
11;2025-12-25;22;439
11;2025-12-25;23;227
11;2025-12-26;0;62
11;2025-12-26;1;0
11;2025-12-26;2;0
11;2025-12-26;3;0
11;2025-12-26;4;0
11;2025-12-26;5;290
11;2025-12-26;6;1258
11;2025-12-26;7;2271
11;2025-12-26;8;2918
11;2025-12-26;9;2286
11;2025-12-26;10;1934
11;2025-12-26;11;1853
11;2025-12-26;12;1874
11;2025-12-26;13;1938
11;2025-12-26;14;1974
11;2025-12-26;15;2174
11;2025-12-26;16;2382
11;2025-12-26;17;2744
11;2025-12-26;18;2596
11;2025-12-26;19;2013
11;2025-12-26;20;1361
11;2025-12-26;21;863
11;2025-12-26;22;448
11;2025-12-26;23;256
11;2025-12-27;0;93
11;2025-12-27;1;6
11;2025-12-27;2;0
11;2025-12-27;3;0
11;2025-12-27;4;2
11;2025-12-27;5;181
11;2025-12-27;6;675
11;2025-12-27;7;750
11;2025-12-27;8;921
11;2025-12-27;9;1122
11;2025-12-27;10;1248
11;2025-12-27;11;1532
11;2025-12-27;12;1676
11;2025-12-27;13;1668
11;2025-12-27;14;1740
11;2025-12-27;15;1737
11;2025-12-27;16;1756
11;2025-12-27;17;1709
11;2025-12-27;18;1532
11;2025-12-27;19;1341
11;2025-12-27;20;1035
11;2025-12-27;21;738
11;2025-12-27;22;438
11;2025-12-27;23;292
11;2025-12-28;0;95
11;2025-12-28;1;11
11;2025-12-28;2;1
11;2025-12-28;3;1
11;2025-12-28;4;0
11;2025-12-28;5;130
11;2025-12-28;6;463
11;2025-12-28;7;520
11;2025-12-28;8;626
11;2025-12-28;9;875
11;2025-12-28;10;1014
11;2025-12-28;11;1290
11;2025-12-28;12;1409
11;2025-12-28;13;1421
11;2025-12-28;14;1487
11;2025-12-28;15;1497
11;2025-12-28;16;1470
11;2025-12-28;17;1455
11;2025-12-28;18;1274
11;2025-12-28;19;1071
11;2025-12-28;20;835
11;2025-12-28;21;622
11;2025-12-28;22;357
11;2025-12-28;23;221
11;2025-12-29;0;66
11;2025-12-29;1;3
11;2025-12-29;2;0
11;2025-12-29;3;0
11;2025-12-29;4;4
11;2025-12-29;5;294
11;2025-12-29;6;1262
11;2025-12-29;7;2281
11;2025-12-29;8;2948
11;2025-12-29;9;2296
11;2025-12-29;10;1873
11;2025-12-29;11;1804
11;2025-12-29;12;1786
11;2025-12-29;13;1850
11;2025-12-29;14;1872
11;2025-12-29;15;2015
11;2025-12-29;16;2242
11;2025-12-29;17;2691
11;2025-12-29;18;2903
11;2025-12-29;19;2184
11;2025-12-29;20;1410
11;2025-12-29;21;850
11;2025-12-29;22;424
11;2025-12-29;23;216
11;2025-12-30;0;62
11;2025-12-30;1;3
11;2025-12-30;2;1
11;2025-12-30;3;1
11;2025-12-30;4;3
11;2025-12-30;5;293
11;2025-12-30;6;1267
11;2025-12-30;7;2306
11;2025-12-30;8;2994
11;2025-12-30;9;2325
11;2025-12-30;10;1884
11;2025-12-30;11;1806
11;2025-12-30;12;1826
11;2025-12-30;13;1871
11;2025-12-30;14;1886
11;2025-12-30;15;2008
11;2025-12-30;16;2248
11;2025-12-30;17;2684
11;2025-12-30;18;2869
11;2025-12-30;19;2213
11;2025-12-30;20;1427
11;2025-12-30;21;865
11;2025-12-30;22;428
11;2025-12-30;23;223
11;2025-12-31;0;53
11;2025-12-31;1;1
11;2025-12-31;2;0
11;2025-12-31;3;0
11;2025-12-31;4;1
11;2025-12-31;5;121
11;2025-12-31;6;570
11;2025-12-31;7;784
11;2025-12-31;8;1020
11;2025-12-31;9;961
11;2025-12-31;10;925
11;2025-12-31;11;1087
11;2025-12-31;12;1180
11;2025-12-31;13;1215
11;2025-12-31;14;1261
11;2025-12-31;15;1299
11;2025-12-31;16;1365
11;2025-12-31;17;1390
11;2025-12-31;18;1381
11;2025-12-31;19;1181
11;2025-12-31;20;951
11;2025-12-31;21;625
11;2025-12-31;22;349
11;2025-12-31;23;223
12;2025-11-01;0;103
12;2025-11-01;1;11
12;2025-11-01;2;1
12;2025-11-01;3;0
12;2025-11-01;4;14
12;2025-11-01;5;432
12;2025-11-01;6;1353
12;2025-11-01;7;2065
12;2025-11-01;8;2350
12;2025-11-01;9;2230
12;2025-11-01;10;2187
12;2025-11-01;11;2225
12;2025-11-01;12;2224
12;2025-11-01;13;2344
12;2025-11-01;14;2282
12;2025-11-01;15;2424
12;2025-11-01;16;2610
12;2025-11-01;17;2672
12;2025-11-01;18;2706
12;2025-11-01;19;2183
12;2025-11-01;20;1664
12;2025-11-01;21;1208
12;2025-11-01;22;742
12;2025-11-01;23;497
12;2025-11-02;0;82
12;2025-11-02;1;6
12;2025-11-02;2;0
12;2025-11-02;3;0
12;2025-11-02;4;0
12;2025-11-02;5;131
12;2025-11-02;6;422
12;2025-11-02;7;535
12;2025-11-02;8;622
12;2025-11-02;9;806
12;2025-11-02;10;982
12;2025-11-02;11;1137
12;2025-11-02;12;1214
12;2025-11-02;13;1367
12;2025-11-02;14;1340
12;2025-11-02;15;1279
12;2025-11-02;16;1319
12;2025-11-02;17;1259
12;2025-11-02;18;1114
12;2025-11-02;19;929
12;2025-11-02;20;698
12;2025-11-02;21;526
12;2025-11-02;22;325
12;2025-11-02;23;196
12;2025-11-03;0;68
12;2025-11-03;1;9
12;2025-11-03;2;3
12;2025-11-03;3;4
12;2025-11-03;4;1
12;2025-11-03;5;186
12;2025-11-03;6;720
12;2025-11-03;7;1012
12;2025-11-03;8;1240
12;2025-11-03;9;1108
12;2025-11-03;10;1117
12;2025-11-03;11;1208
12;2025-11-03;12;1277
12;2025-11-03;13;1332
12;2025-11-03;14;1317
12;2025-11-03;15;1332
12;2025-11-03;16;1464
12;2025-11-03;17;1556
12;2025-11-03;18;1559
12;2025-11-03;19;1286
12;2025-11-03;20;967
12;2025-11-03;21;604
12;2025-11-03;22;350
12;2025-11-03;23;222
12;2025-11-04;0;63
12;2025-11-04;1;3
12;2025-11-04;2;0
12;2025-11-04;3;0
12;2025-11-04;4;1
12;2025-11-04;5;131
12;2025-11-04;6;629
12;2025-11-04;7;884
12;2025-11-04;8;1129
12;2025-11-04;9;975
12;2025-11-04;10;995
12;2025-11-04;11;1066
12;2025-11-04;12;1181
12;2025-11-04;13;1273
12;2025-11-04;14;1240
12;2025-11-04;15;1188
12;2025-11-04;16;1410
12;2025-11-04;17;1438
12;2025-11-04;18;1428
12;2025-11-04;19;1209
12;2025-11-04;20;831
12;2025-11-04;21;598
12;2025-11-04;22;326
12;2025-11-04;23;203
12;2025-11-05;0;54
12;2025-11-05;1;2
12;2025-11-05;2;0
12;2025-11-05;3;0
12;2025-11-05;4;9
12;2025-11-05;5;360
12;2025-11-05;6;1414
12;2025-11-05;7;2574
12;2025-11-05;8;3310
12;2025-11-05;9;2465
12;2025-11-05;10;2081
12;2025-11-05;11;1998
12;2025-11-05;12;2029
12;2025-11-05;13;2037
12;2025-11-05;14;2059
12;2025-11-05;15;2211
12;2025-11-05;16;2600
12;2025-11-05;17;2964
12;2025-11-05;18;3107
12;2025-11-05;19;2408
12;2025-11-05;20;1512
12;2025-11-05;21;968
12;2025-11-05;22;507
12;2025-11-05;23;260
12;2025-11-06;0;54
12;2025-11-06;1;2
12;2025-11-06;2;0
12;2025-11-06;3;0
12;2025-11-06;4;8
12;2025-11-06;5;353
12;2025-11-06;6;1393
12;2025-11-06;7;2585
12;2025-11-06;8;3305
12;2025-11-06;9;2446
12;2025-11-06;10;2083
12;2025-11-06;11;2004
12;2025-11-06;12;2026
12;2025-11-06;13;2039
12;2025-11-06;14;2055
12;2025-11-06;15;2225
12;2025-11-06;16;2599
12;2025-11-06;17;2999
12;2025-11-06;18;3117
12;2025-11-06;19;2406
12;2025-11-06;20;1537
12;2025-11-06;21;964
12;2025-11-06;22;510
12;2025-11-06;23;266
12;2025-11-07;0;57
12;2025-11-07;1;1
12;2025-11-07;2;0
12;2025-11-07;3;0
12;2025-11-07;4;7
12;2025-11-07;5;345
12;2025-11-07;6;1384
12;2025-11-07;7;2540
12;2025-11-07;8;3203
12;2025-11-07;9;2391
12;2025-11-07;10;2065
12;2025-11-07;11;1991
12;2025-11-07;12;1981
12;2025-11-07;13;2025
12;2025-11-07;14;2055
12;2025-11-07;15;2286
12;2025-11-07;16;2657
12;2025-11-07;17;2923
12;2025-11-07;18;2728
12;2025-11-07;19;2208
12;2025-11-07;20;1454
12;2025-11-07;21;965
12;2025-11-07;22;522
12;2025-11-07;23;282
12;2025-11-08;0;83
12;2025-11-08;1;7
12;2025-11-08;2;3
12;2025-11-08;3;2
12;2025-11-08;4;6
12;2025-11-08;5;239
12;2025-11-08;6;756
12;2025-11-08;7;926
12;2025-11-08;8;1035
12;2025-11-08;9;1172
12;2025-11-08;10;1322
12;2025-11-08;11;1453
12;2025-11-08;12;1508
12;2025-11-08;13;1636
12;2025-11-08;14;1628
12;2025-11-08;15;1552
12;2025-11-08;16;1623
12;2025-11-08;17;1596
12;2025-11-08;18;1512
12;2025-11-08;19;1328
12;2025-11-08;20;957
12;2025-11-08;21;690
12;2025-11-08;22;427
12;2025-11-08;23;264
12;2025-11-09;0;83
12;2025-11-09;1;6
12;2025-11-09;2;1
12;2025-11-09;3;1
12;2025-11-09;4;2
12;2025-11-09;5;185
12;2025-11-09;6;533
12;2025-11-09;7;678
12;2025-11-09;8;774
12;2025-11-09;9;946
12;2025-11-09;10;1091
12;2025-11-09;11;1249
12;2025-11-09;12;1324
12;2025-11-09;13;1440
12;2025-11-09;14;1403
12;2025-11-09;15;1351
12;2025-11-09;16;1405
12;2025-11-09;17;1397
12;2025-11-09;18;1243
12;2025-11-09;19;1018
12;2025-11-09;20;769
12;2025-11-09;21;583
12;2025-11-09;22;370
12;2025-11-09;23;209
12;2025-11-10;0;58
12;2025-11-10;1;3
12;2025-11-10;2;0
12;2025-11-10;3;0
12;2025-11-10;4;7
12;2025-11-10;5;355
12;2025-11-10;6;1393
12;2025-11-10;7;2577
12;2025-11-10;8;3297
12;2025-11-10;9;2438
12;2025-11-10;10;2057
12;2025-11-10;11;1961
12;2025-11-10;12;2016
12;2025-11-10;13;2027
12;2025-11-10;14;2036
12;2025-11-10;15;2219
12;2025-11-10;16;2600
12;2025-11-10;17;3001
12;2025-11-10;18;3149
12;2025-11-10;19;2393
12;2025-11-10;20;1508
12;2025-11-10;21;940
12;2025-11-10;22;484
12;2025-11-10;23;247
12;2025-11-11;0;52
12;2025-11-11;1;2
12;2025-11-11;2;0
12;2025-11-11;3;0
12;2025-11-11;4;9
12;2025-11-11;5;366
12;2025-11-11;6;1432
12;2025-11-11;7;2662
12;2025-11-11;8;3415
12;2025-11-11;9;2539
12;2025-11-11;10;2148
12;2025-11-11;11;2063
12;2025-11-11;12;2072
12;2025-11-11;13;2105
12;2025-11-11;14;2098
12;2025-11-11;15;2285
12;2025-11-11;16;2671
12;2025-11-11;17;3072
12;2025-11-11;18;3202
12;2025-11-11;19;2468
12;2025-11-11;20;1544
12;2025-11-11;21;969
12;2025-11-11;22;516
12;2025-11-11;23;262
12;2025-11-12;0;54
12;2025-11-12;1;2
12;2025-11-12;2;0
12;2025-11-12;3;0
12;2025-11-12;4;9
12;2025-11-12;5;362
12;2025-11-12;6;1438
12;2025-11-12;7;2622
12;2025-11-12;8;3354
12;2025-11-12;9;2510
12;2025-11-12;10;2126
12;2025-11-12;11;2023
12;2025-11-12;12;2065
12;2025-11-12;13;2063
12;2025-11-12;14;2087
12;2025-11-12;15;2246
12;2025-11-12;16;2643
12;2025-11-12;17;2996
12;2025-11-12;18;3132
12;2025-11-12;19;2419
12;2025-11-12;20;1528
12;2025-11-12;21;977
12;2025-11-12;22;509
12;2025-11-12;23;262
12;2025-11-13;0;53
12;2025-11-13;1;2
12;2025-11-13;2;0
12;2025-11-13;3;0
12;2025-11-13;4;8
12;2025-11-13;5;362
12;2025-11-13;6;1420
12;2025-11-13;7;2626
12;2025-11-13;8;3360
12;2025-11-13;9;2496
12;2025-11-13;10;2121
12;2025-11-13;11;2031
12;2025-11-13;12;2044
12;2025-11-13;13;2066
12;2025-11-13;14;2085
12;2025-11-13;15;2270
12;2025-11-13;16;2648
12;2025-11-13;17;3027
12;2025-11-13;18;3138
12;2025-11-13;19;2417
12;2025-11-13;20;1548
12;2025-11-13;21;964
12;2025-11-13;22;506
12;2025-11-13;23;268
12;2025-11-14;0;56
12;2025-11-14;1;2
12;2025-11-14;2;0
12;2025-11-14;3;0
12;2025-11-14;4;6
12;2025-11-14;5;357
12;2025-11-14;6;1402
12;2025-11-14;7;2574
12;2025-11-14;8;3236
12;2025-11-14;9;2430
12;2025-11-14;10;2094
12;2025-11-14;11;2030
12;2025-11-14;12;2027
12;2025-11-14;13;2065
12;2025-11-14;14;2093
12;2025-11-14;15;2329
12;2025-11-14;16;2729
12;2025-11-14;17;2974
12;2025-11-14;18;2774
12;2025-11-14;19;2246
12;2025-11-14;20;1479
12;2025-11-14;21;969
12;2025-11-14;22;510
12;2025-11-14;23;277
12;2025-11-15;0;77
12;2025-11-15;1;1
12;2025-11-15;2;0
12;2025-11-15;3;0
12;2025-11-15;4;1
12;2025-11-15;5;228
12;2025-11-15;6;734
12;2025-11-15;7;906
12;2025-11-15;8;1029
12;2025-11-15;9;1156
12;2025-11-15;10;1317
12;2025-11-15;11;1411
12;2025-11-15;12;1448
12;2025-11-15;13;1600
12;2025-11-15;14;1594
12;2025-11-15;15;1550
12;2025-11-15;16;1625
12;2025-11-15;17;1596
12;2025-11-15;18;1496
12;2025-11-15;19;1294
12;2025-11-15;20;959
12;2025-11-15;21;682
12;2025-11-15;22;432
12;2025-11-15;23;275
12;2025-11-16;0;82
12;2025-11-16;1;6
12;2025-11-16;2;1
12;2025-11-16;3;1
12;2025-11-16;4;2
12;2025-11-16;5;187
12;2025-11-16;6;521
12;2025-11-16;7;666
12;2025-11-16;8;769
12;2025-11-16;9;949
12;2025-11-16;10;1114
12;2025-11-16;11;1289
12;2025-11-16;12;1374
12;2025-11-16;13;1493
12;2025-11-16;14;1471
12;2025-11-16;15;1402
12;2025-11-16;16;1450
12;2025-11-16;17;1407
12;2025-11-16;18;1241
12;2025-11-16;19;1012
12;2025-11-16;20;771
12;2025-11-16;21;582
12;2025-11-16;22;370
12;2025-11-16;23;212
12;2025-11-17;0;57
12;2025-11-17;1;2
12;2025-11-17;2;0
12;2025-11-17;3;0
12;2025-11-17;4;6
12;2025-11-17;5;354
12;2025-11-17;6;1392
12;2025-11-17;7;2579
12;2025-11-17;8;3301
12;2025-11-17;9;2434
12;2025-11-17;10;2055
12;2025-11-17;11;1955
12;2025-11-17;12;1994
12;2025-11-17;13;1980
12;2025-11-17;14;1982
12;2025-11-17;15;2176
12;2025-11-17;16;2564
12;2025-11-17;17;2976
12;2025-11-17;18;3128
12;2025-11-17;19;2373
12;2025-11-17;20;1503
12;2025-11-17;21;929
12;2025-11-17;22;477
12;2025-11-17;23;243
12;2025-11-18;0;51
12;2025-11-18;1;2
12;2025-11-18;2;0
12;2025-11-18;3;1
12;2025-11-18;4;7
12;2025-11-18;5;353
12;2025-11-18;6;1409
12;2025-11-18;7;2654
12;2025-11-18;8;3417
12;2025-11-18;9;2520
12;2025-11-18;10;2129
12;2025-11-18;11;2031
12;2025-11-18;12;2010
12;2025-11-18;13;2064
12;2025-11-18;14;2066
12;2025-11-18;15;2259
12;2025-11-18;16;2650
12;2025-11-18;17;3063
12;2025-11-18;18;3184
12;2025-11-18;19;2460
12;2025-11-18;20;1545
12;2025-11-18;21;975
12;2025-11-18;22;519
12;2025-11-18;23;265
12;2025-11-19;0;58
12;2025-11-19;1;5
12;2025-11-19;2;3
12;2025-11-19;3;3
12;2025-11-19;4;12
12;2025-11-19;5;367
12;2025-11-19;6;1440
12;2025-11-19;7;2628
12;2025-11-19;8;3354
12;2025-11-19;9;2510
12;2025-11-19;10;2130
12;2025-11-19;11;2028
12;2025-11-19;12;2068
12;2025-11-19;13;2080
12;2025-11-19;14;2106
12;2025-11-19;15;2268
12;2025-11-19;16;2664
12;2025-11-19;17;3021
12;2025-11-19;18;3161
12;2025-11-19;19;2451
12;2025-11-19;20;1548
12;2025-11-19;21;998
12;2025-11-19;22;522
12;2025-11-19;23;272
12;2025-11-20;0;56
12;2025-11-20;1;5
12;2025-11-20;2;3
12;2025-11-20;3;3
12;2025-11-20;4;12
12;2025-11-20;5;362
12;2025-11-20;6;1413
12;2025-11-20;7;2619
12;2025-11-20;8;3343
12;2025-11-20;9;2483
12;2025-11-20;10;2109
12;2025-11-20;11;2030
12;2025-11-20;12;2057
12;2025-11-20;13;2068
12;2025-11-20;14;2093
12;2025-11-20;15;2275
12;2025-11-20;16;2665
12;2025-11-20;17;3029
12;2025-11-20;18;3144
12;2025-11-20;19;2415
12;2025-11-20;20;1547
12;2025-11-20;21;961
12;2025-11-20;22;504
12;2025-11-20;23;265
12;2025-11-21;0;56
12;2025-11-21;1;2
12;2025-11-21;2;0
12;2025-11-21;3;0
12;2025-11-21;4;7
12;2025-11-21;5;351
12;2025-11-21;6;1386
12;2025-11-21;7;2556
12;2025-11-21;8;3222
12;2025-11-21;9;2414
12;2025-11-21;10;2080
12;2025-11-21;11;2014
12;2025-11-21;12;2005
12;2025-11-21;13;2049
12;2025-11-21;14;2079
12;2025-11-21;15;2320
12;2025-11-21;16;2708
12;2025-11-21;17;2959
12;2025-11-21;18;2764
12;2025-11-21;19;2226
12;2025-11-21;20;1474
12;2025-11-21;21;972
12;2025-11-21;22;520
12;2025-11-21;23;288
12;2025-11-22;0;81
12;2025-11-22;1;5
12;2025-11-22;2;1
12;2025-11-22;3;0
12;2025-11-22;4;4
12;2025-11-22;5;240
12;2025-11-22;6;762
12;2025-11-22;7;946
12;2025-11-22;8;1064
12;2025-11-22;9;1203
12;2025-11-22;10;1358
12;2025-11-22;11;1453
12;2025-11-22;12;1502
12;2025-11-22;13;1630
12;2025-11-22;14;1621
12;2025-11-22;15;1554
12;2025-11-22;16;1623
12;2025-11-22;17;1598
12;2025-11-22;18;1507
12;2025-11-22;19;1314
12;2025-11-22;20;970
12;2025-11-22;21;687
12;2025-11-22;22;422
12;2025-11-22;23;264
12;2025-11-23;0;81
12;2025-11-23;1;5
12;2025-11-23;2;0
12;2025-11-23;3;0
12;2025-11-23;4;1
12;2025-11-23;5;186
12;2025-11-23;6;517
12;2025-11-23;7;668
12;2025-11-23;8;780
12;2025-11-23;9;961
12;2025-11-23;10;1114
12;2025-11-23;11;1281
12;2025-11-23;12;1365
12;2025-11-23;13;1502
12;2025-11-23;14;1484
12;2025-11-23;15;1419
12;2025-11-23;16;1475
12;2025-11-23;17;1421
12;2025-11-23;18;1257
12;2025-11-23;19;1025
12;2025-11-23;20;781
12;2025-11-23;21;589
12;2025-11-23;22;371
12;2025-11-23;23;210
12;2025-11-24;0;58
12;2025-11-24;1;3
12;2025-11-24;2;0
12;2025-11-24;3;0
12;2025-11-24;4;6
12;2025-11-24;5;349
12;2025-11-24;6;1384
12;2025-11-24;7;2580
12;2025-11-24;8;3288
12;2025-11-24;9;2423
12;2025-11-24;10;2063
12;2025-11-24;11;1963
12;2025-11-24;12;2000
12;2025-11-24;13;2005
12;2025-11-24;14;2008
12;2025-11-24;15;2205
12;2025-11-24;16;2585
12;2025-11-24;17;2985
12;2025-11-24;18;3136
12;2025-11-24;19;2382
12;2025-11-24;20;1508
12;2025-11-24;21;932
12;2025-11-24;22;482
12;2025-11-24;23;252
12;2025-11-25;0;51
12;2025-11-25;1;1
12;2025-11-25;2;0
12;2025-11-25;3;1
12;2025-11-25;4;10
12;2025-11-25;5;368
12;2025-11-25;6;1430
12;2025-11-25;7;2655
12;2025-11-25;8;3394
12;2025-11-25;9;2519
12;2025-11-25;10;2132
12;2025-11-25;11;2045
12;2025-11-25;12;2060
12;2025-11-25;13;2087
12;2025-11-25;14;2081
12;2025-11-25;15;2269
12;2025-11-25;16;2661
12;2025-11-25;17;3064
12;2025-11-25;18;3189
12;2025-11-25;19;2468
12;2025-11-25;20;1541
12;2025-11-25;21;964
12;2025-11-25;22;512
12;2025-11-25;23;258
12;2025-11-26;0;54
12;2025-11-26;1;2
12;2025-11-26;2;0
12;2025-11-26;3;0
12;2025-11-26;4;9
12;2025-11-26;5;361
12;2025-11-26;6;1432
12;2025-11-26;7;2616
12;2025-11-26;8;3356
12;2025-11-26;9;2509
12;2025-11-26;10;2137
12;2025-11-26;11;2025
12;2025-11-26;12;2061
12;2025-11-26;13;2056
12;2025-11-26;14;2074
12;2025-11-26;15;2241
12;2025-11-26;16;2626
12;2025-11-26;17;2988
12;2025-11-26;18;3126
12;2025-11-26;19;2407
12;2025-11-26;20;1526
12;2025-11-26;21;976
12;2025-11-26;22;506
12;2025-11-26;23;263
12;2025-11-27;0;53
12;2025-11-27;1;2
12;2025-11-27;2;0
12;2025-11-27;3;0
12;2025-11-27;4;8
12;2025-11-27;5;360
12;2025-11-27;6;1415
12;2025-11-27;7;2617
12;2025-11-27;8;3341
12;2025-11-27;9;2483
12;2025-11-27;10;2111
12;2025-11-27;11;2020
12;2025-11-27;12;2035
12;2025-11-27;13;2049
12;2025-11-27;14;2064
12;2025-11-27;15;2249
12;2025-11-27;16;2631
12;2025-11-27;17;3013
12;2025-11-27;18;3133
12;2025-11-27;19;2389
12;2025-11-27;20;1529
12;2025-11-27;21;951
12;2025-11-27;22;496
12;2025-11-27;23;258
12;2025-11-28;0;53
12;2025-11-28;1;1
12;2025-11-28;2;0
12;2025-11-28;3;0
12;2025-11-28;4;2
12;2025-11-28;5;345
12;2025-11-28;6;1383
12;2025-11-28;7;2558
12;2025-11-28;8;3220
12;2025-11-28;9;2419
12;2025-11-28;10;2083
12;2025-11-28;11;2014
12;2025-11-28;12;2009
12;2025-11-28;13;2043
12;2025-11-28;14;2078
12;2025-11-28;15;2316
12;2025-11-28;16;2701
12;2025-11-28;17;2953
12;2025-11-28;18;2752
12;2025-11-28;19;2223
12;2025-11-28;20;1467
12;2025-11-28;21;968
12;2025-11-28;22;516
12;2025-11-28;23;284
12;2025-11-29;0;80
12;2025-11-29;1;5
12;2025-11-29;2;1
12;2025-11-29;3;0
12;2025-11-29;4;3
12;2025-11-29;5;238
12;2025-11-29;6;750
12;2025-11-29;7;926
12;2025-11-29;8;1039
12;2025-11-29;9;1179
12;2025-11-29;10;1332
12;2025-11-29;11;1425
12;2025-11-29;12;1477
12;2025-11-29;13;1601
12;2025-11-29;14;1587
12;2025-11-29;15;1514
12;2025-11-29;16;1583
12;2025-11-29;17;1561
12;2025-11-29;18;1470
12;2025-11-29;19;1284
12;2025-11-29;20;950
12;2025-11-29;21;672
12;2025-11-29;22;425
12;2025-11-29;23;267
12;2025-11-30;0;81
12;2025-11-30;1;6
12;2025-11-30;2;1
12;2025-11-30;3;1
12;2025-11-30;4;0
12;2025-11-30;5;182
12;2025-11-30;6;510
12;2025-11-30;7;659
12;2025-11-30;8;771
12;2025-11-30;9;952
12;2025-11-30;10;1106
12;2025-11-30;11;1265
12;2025-11-30;12;1338
12;2025-11-30;13;1464
12;2025-11-30;14;1432
12;2025-11-30;15;1379
12;2025-11-30;16;1426
12;2025-11-30;17;1409
12;2025-11-30;18;1247
12;2025-11-30;19;1027
12;2025-11-30;20;780
12;2025-11-30;21;591
12;2025-11-30;22;371
12;2025-11-30;23;210
12;2025-12-01;0;57
12;2025-12-01;1;3
12;2025-12-01;2;0
12;2025-12-01;3;0
12;2025-12-01;4;7
12;2025-12-01;5;354
12;2025-12-01;6;1381
12;2025-12-01;7;2540
12;2025-12-01;8;3219
12;2025-12-01;9;2394
12;2025-12-01;10;2011
12;2025-12-01;11;1908
12;2025-12-01;12;1943
12;2025-12-01;13;1950
12;2025-12-01;14;1963
12;2025-12-01;15;2162
12;2025-12-01;16;2528
12;2025-12-01;17;2916
12;2025-12-01;18;3077
12;2025-12-01;19;2346
12;2025-12-01;20;1484
12;2025-12-01;21;917
12;2025-12-01;22;477
12;2025-12-01;23;243
12;2025-12-02;0;50
12;2025-12-02;1;2
12;2025-12-02;2;0
12;2025-12-02;3;0
12;2025-12-02;4;8
12;2025-12-02;5;364
12;2025-12-02;6;1422
12;2025-12-02;7;2622
12;2025-12-02;8;3321
12;2025-12-02;9;2484
12;2025-12-02;10;2092
12;2025-12-02;11;1996
12;2025-12-02;12;2000
12;2025-12-02;13;2029
12;2025-12-02;14;2027
12;2025-12-02;15;2218
12;2025-12-02;16;2609
12;2025-12-02;17;3006
12;2025-12-02;18;3144
12;2025-12-02;19;2436
12;2025-12-02;20;1526
12;2025-12-02;21;958
12;2025-12-02;22;514
12;2025-12-02;23;259
12;2025-12-03;0;55
12;2025-12-03;1;2
12;2025-12-03;2;0
12;2025-12-03;3;0
12;2025-12-03;4;10
12;2025-12-03;5;364
12;2025-12-03;6;1440
12;2025-12-03;7;2596
12;2025-12-03;8;3294
12;2025-12-03;9;2487
12;2025-12-03;10;2102
12;2025-12-03;11;1994
12;2025-12-03;12;2028
12;2025-12-03;13;2037
12;2025-12-03;14;2067
12;2025-12-03;15;2236
12;2025-12-03;16;2621
12;2025-12-03;17;2971
12;2025-12-03;18;3115
12;2025-12-03;19;2416
12;2025-12-03;20;1527
12;2025-12-03;21;978
12;2025-12-03;22;515
12;2025-12-03;23;264
12;2025-12-04;0;53
12;2025-12-04;1;2
12;2025-12-04;2;0
12;2025-12-04;3;0
12;2025-12-04;4;9
12;2025-12-04;5;361
12;2025-12-04;6;1410
12;2025-12-04;7;2585
12;2025-12-04;8;3271
12;2025-12-04;9;2447
12;2025-12-04;10;2073
12;2025-12-04;11;1987
12;2025-12-04;12;2004
12;2025-12-04;13;2022
12;2025-12-04;14;2056
12;2025-12-04;15;2245
12;2025-12-04;16;2625
12;2025-12-04;17;2998
12;2025-12-04;18;3117
12;2025-12-04;19;2418
12;2025-12-04;20;1553
12;2025-12-04;21;977
12;2025-12-04;22;519
12;2025-12-04;23;273
12;2025-12-05;0;57
12;2025-12-05;1;2
12;2025-12-05;2;0
12;2025-12-05;3;0
12;2025-12-05;4;7
12;2025-12-05;5;352
12;2025-12-05;6;1393
12;2025-12-05;7;2533
12;2025-12-05;8;3182
12;2025-12-05;9;2395
12;2025-12-05;10;2057
12;2025-12-05;11;1988
12;2025-12-05;12;1981
12;2025-12-05;13;2017
12;2025-12-05;14;2056
12;2025-12-05;15;2299
12;2025-12-05;16;2686
12;2025-12-05;17;2932
12;2025-12-05;18;2737
12;2025-12-05;19;2217
12;2025-12-05;20;1465
12;2025-12-05;21;969
12;2025-12-05;22;521
12;2025-12-05;23;284
12;2025-12-06;0;79
12;2025-12-06;1;4
12;2025-12-06;2;0
12;2025-12-06;3;0
12;2025-12-06;4;1
12;2025-12-06;5;234
12;2025-12-06;6;754
12;2025-12-06;7;923
12;2025-12-06;8;1035
12;2025-12-06;9;1173
12;2025-12-06;10;1327
12;2025-12-06;11;1426
12;2025-12-06;12;1476
12;2025-12-06;13;1601
12;2025-12-06;14;1599
12;2025-12-06;15;1534
12;2025-12-06;16;1607
12;2025-12-06;17;1566
12;2025-12-06;18;1484
12;2025-12-06;19;1309
12;2025-12-06;20;972
12;2025-12-06;21;691
12;2025-12-06;22;433
12;2025-12-06;23;266
12;2025-12-07;0;81
12;2025-12-07;1;6
12;2025-12-07;2;0
12;2025-12-07;3;0
12;2025-12-07;4;0
12;2025-12-07;5;182
12;2025-12-07;6;522
12;2025-12-07;7;663
12;2025-12-07;8;755
12;2025-12-07;9;933
12;2025-12-07;10;1089
12;2025-12-07;11;1268
12;2025-12-07;12;1350
12;2025-12-07;13;1470
12;2025-12-07;14;1451
12;2025-12-07;15;1393
12;2025-12-07;16;1450
12;2025-12-07;17;1437
12;2025-12-07;18;1273
12;2025-12-07;19;1055
12;2025-12-07;20;803
12;2025-12-07;21;607
12;2025-12-07;22;384
12;2025-12-07;23;211
12;2025-12-08;0;59
12;2025-12-08;1;3
12;2025-12-08;2;0
12;2025-12-08;3;0
12;2025-12-08;4;8
12;2025-12-08;5;356
12;2025-12-08;6;1398
12;2025-12-08;7;2552
12;2025-12-08;8;3237
12;2025-12-08;9;2410
12;2025-12-08;10;2025
12;2025-12-08;11;1936
12;2025-12-08;12;1976
12;2025-12-08;13;1995
12;2025-12-08;14;2003
12;2025-12-08;15;2190
12;2025-12-08;16;2572
12;2025-12-08;17;2967
12;2025-12-08;18;3123
12;2025-12-08;19;2391
12;2025-12-08;20;1509
12;2025-12-08;21;939
12;2025-12-08;22;489
12;2025-12-08;23;250
12;2025-12-09;0;52
12;2025-12-09;1;2
12;2025-12-09;2;0
12;2025-12-09;3;0
12;2025-12-09;4;10
12;2025-12-09;5;364
12;2025-12-09;6;1435
12;2025-12-09;7;2628
12;2025-12-09;8;3337
12;2025-12-09;9;2492
12;2025-12-09;10;2102
12;2025-12-09;11;2024
12;2025-12-09;12;2034
12;2025-12-09;13;2058
12;2025-12-09;14;2058
12;2025-12-09;15;2247
12;2025-12-09;16;2639
12;2025-12-09;17;3036
12;2025-12-09;18;3169
12;2025-12-09;19;2462
12;2025-12-09;20;1538
12;2025-12-09;21;965
12;2025-12-09;22;516
12;2025-12-09;23;259
12;2025-12-10;0;55
12;2025-12-10;1;2
12;2025-12-10;2;0
12;2025-12-10;3;0
12;2025-12-10;4;9
12;2025-12-10;5;359
12;2025-12-10;6;1436
12;2025-12-10;7;2587
12;2025-12-10;8;3283
12;2025-12-10;9;2474
12;2025-12-10;10;2093
12;2025-12-10;11;1986
12;2025-12-10;12;2027
12;2025-12-10;13;2028
12;2025-12-10;14;2059
12;2025-12-10;15;2228
12;2025-12-10;16;2631
12;2025-12-10;17;2978
12;2025-12-10;18;3125
12;2025-12-10;19;2423
12;2025-12-10;20;1527
12;2025-12-10;21;978
12;2025-12-10;22;512
12;2025-12-10;23;262
12;2025-12-11;0;53
12;2025-12-11;1;2
12;2025-12-11;2;0
12;2025-12-11;3;0
12;2025-12-11;4;10
12;2025-12-11;5;360
12;2025-12-11;6;1418
12;2025-12-11;7;2587
12;2025-12-11;8;3288
12;2025-12-11;9;2453
12;2025-12-11;10;2082
12;2025-12-11;11;1984
12;2025-12-11;12;2003
12;2025-12-11;13;2016
12;2025-12-11;14;2051
12;2025-12-11;15;2243
12;2025-12-11;16;2621
12;2025-12-11;17;2991
12;2025-12-11;18;3105
12;2025-12-11;19;2391
12;2025-12-11;20;1536
12;2025-12-11;21;955
12;2025-12-11;22;506
12;2025-12-11;23;265
12;2025-12-12;0;57
12;2025-12-12;1;3
12;2025-12-12;2;1
12;2025-12-12;3;1
12;2025-12-12;4;8
12;2025-12-12;5;350
12;2025-12-12;6;1393
12;2025-12-12;7;2526
12;2025-12-12;8;3177
12;2025-12-12;9;2393
12;2025-12-12;10;2058
12;2025-12-12;11;1990
12;2025-12-12;12;1985
12;2025-12-12;13;1997
12;2025-12-12;14;2030
12;2025-12-12;15;2263
12;2025-12-12;16;2658
12;2025-12-12;17;2912
12;2025-12-12;18;2718
12;2025-12-12;19;2235
12;2025-12-12;20;1474
12;2025-12-12;21;978
12;2025-12-12;22;531
12;2025-12-12;23;291
12;2025-12-13;0;81
12;2025-12-13;1;5
12;2025-12-13;2;0
12;2025-12-13;3;0
12;2025-12-13;4;3
12;2025-12-13;5;237
12;2025-12-13;6;747
12;2025-12-13;7;920
12;2025-12-13;8;1032
12;2025-12-13;9;1177
12;2025-12-13;10;1338
12;2025-12-13;11;1438
12;2025-12-13;12;1497
12;2025-12-13;13;1617
12;2025-12-13;14;1613
12;2025-12-13;15;1540
12;2025-12-13;16;1620
12;2025-12-13;17;1582
12;2025-12-13;18;1499
12;2025-12-13;19;1316
12;2025-12-13;20;979
12;2025-12-13;21;698
12;2025-12-13;22;441
12;2025-12-13;23;274
12;2025-12-14;0;81
12;2025-12-14;1;6
12;2025-12-14;2;0
12;2025-12-14;3;0
12;2025-12-14;4;0
12;2025-12-14;5;181
12;2025-12-14;6;513
12;2025-12-14;7;663
12;2025-12-14;8;758
12;2025-12-14;9;938
12;2025-12-14;10;1101
12;2025-12-14;11;1263
12;2025-12-14;12;1345
12;2025-12-14;13;1461
12;2025-12-14;14;1442
12;2025-12-14;15;1384
12;2025-12-14;16;1449
12;2025-12-14;17;1432
12;2025-12-14;18;1270
12;2025-12-14;19;1050
12;2025-12-14;20;804
12;2025-12-14;21;612
12;2025-12-14;22;395
12;2025-12-14;23;222
12;2025-12-15;0;59
12;2025-12-15;1;3
12;2025-12-15;2;0
12;2025-12-15;3;0
12;2025-12-15;4;9
12;2025-12-15;5;357
12;2025-12-15;6;1398
12;2025-12-15;7;2559
12;2025-12-15;8;3262
12;2025-12-15;9;2422
12;2025-12-15;10;2041
12;2025-12-15;11;1947
12;2025-12-15;12;1995
12;2025-12-15;13;2002
12;2025-12-15;14;2018
12;2025-12-15;15;2202
12;2025-12-15;16;2579
12;2025-12-15;17;2973
12;2025-12-15;18;3135
12;2025-12-15;19;2404
12;2025-12-15;20;1512
12;2025-12-15;21;953
12;2025-12-15;22;499
12;2025-12-15;23;257
12;2025-12-16;0;52
12;2025-12-16;1;2
12;2025-12-16;2;0
12;2025-12-16;3;0
12;2025-12-16;4;10
12;2025-12-16;5;366
12;2025-12-16;6;1435
12;2025-12-16;7;2635
12;2025-12-16;8;3341
12;2025-12-16;9;2494
12;2025-12-16;10;2095
12;2025-12-16;11;2006
12;2025-12-16;12;1993
12;2025-12-16;13;2033
12;2025-12-16;14;2038
12;2025-12-16;15;2236
12;2025-12-16;16;2622
12;2025-12-16;17;3021
12;2025-12-16;18;3159
12;2025-12-16;19;2439
12;2025-12-16;20;1525
12;2025-12-16;21;956
12;2025-12-16;22;510
12;2025-12-16;23;255
12;2025-12-17;0;55
12;2025-12-17;1;3
12;2025-12-17;2;0
12;2025-12-17;3;1
12;2025-12-17;4;10
12;2025-12-17;5;360
12;2025-12-17;6;1439
12;2025-12-17;7;2590
12;2025-12-17;8;3301
12;2025-12-17;9;2488
12;2025-12-17;10;2105
12;2025-12-17;11;1991
12;2025-12-17;12;2034
12;2025-12-17;13;2040
12;2025-12-17;14;2075
12;2025-12-17;15;2250
12;2025-12-17;16;2634
12;2025-12-17;17;2983
12;2025-12-17;18;3130
12;2025-12-17;19;2422
12;2025-12-17;20;1530
12;2025-12-17;21;981
12;2025-12-17;22;514
12;2025-12-17;23;263
12;2025-12-18;0;53
12;2025-12-18;1;2
12;2025-12-18;2;0
12;2025-12-18;3;0
12;2025-12-18;4;10
12;2025-12-18;5;361
12;2025-12-18;6;1419
12;2025-12-18;7;2589
12;2025-12-18;8;3284
12;2025-12-18;9;2453
12;2025-12-18;10;2080
12;2025-12-18;11;1988
12;2025-12-18;12;2012
12;2025-12-18;13;2026
12;2025-12-18;14;2056
12;2025-12-18;15;2251
12;2025-12-18;16;2629
12;2025-12-18;17;2998
12;2025-12-18;18;3116
12;2025-12-18;19;2411
12;2025-12-18;20;1543
12;2025-12-18;21;965
12;2025-12-18;22;512
12;2025-12-18;23;269
12;2025-12-19;0;57
12;2025-12-19;1;3
12;2025-12-19;2;1
12;2025-12-19;3;1
12;2025-12-19;4;9
12;2025-12-19;5;352
12;2025-12-19;6;1395
12;2025-12-19;7;2536
12;2025-12-19;8;3188
12;2025-12-19;9;2401
12;2025-12-19;10;2064
12;2025-12-19;11;1992
12;2025-12-19;12;1985
12;2025-12-19;13;2018
12;2025-12-19;14;2061
12;2025-12-19;15;2309
12;2025-12-19;16;2695
12;2025-12-19;17;2934
12;2025-12-19;18;2740
12;2025-12-19;19;2225
12;2025-12-19;20;1467
12;2025-12-19;21;972
12;2025-12-19;22;524
12;2025-12-19;23;285
12;2025-12-20;0;78
12;2025-12-20;1;3
12;2025-12-20;2;0
12;2025-12-20;3;0
12;2025-12-20;4;1
12;2025-12-20;5;235
12;2025-12-20;6;753
12;2025-12-20;7;920
12;2025-12-20;8;1030
12;2025-12-20;9;1172
12;2025-12-20;10;1329
12;2025-12-20;11;1423
12;2025-12-20;12;1471
12;2025-12-20;13;1596
12;2025-12-20;14;1591
12;2025-12-20;15;1527
12;2025-12-20;16;1593
12;2025-12-20;17;1556
12;2025-12-20;18;1475
12;2025-12-20;19;1301
12;2025-12-20;20;966
12;2025-12-20;21;686
12;2025-12-20;22;426
12;2025-12-20;23;262
12;2025-12-21;0;79
12;2025-12-21;1;4
12;2025-12-21;2;0
12;2025-12-21;3;0
12;2025-12-21;4;0
12;2025-12-21;5;180
12;2025-12-21;6;521
12;2025-12-21;7;665
12;2025-12-21;8;763
12;2025-12-21;9;944
12;2025-12-21;10;1098
12;2025-12-21;11;1255
12;2025-12-21;12;1333
12;2025-12-21;13;1450
12;2025-12-21;14;1430
12;2025-12-21;15;1380
12;2025-12-21;16;1431
12;2025-12-21;17;1414
12;2025-12-21;18;1256
12;2025-12-21;19;1039
12;2025-12-21;20;789
12;2025-12-21;21;598
12;2025-12-21;22;374
12;2025-12-21;23;206
12;2025-12-22;0;58
12;2025-12-22;1;3
12;2025-12-22;2;0
12;2025-12-22;3;1
12;2025-12-22;4;8
12;2025-12-22;5;354
12;2025-12-22;6;1403
12;2025-12-22;7;2557
12;2025-12-22;8;3256
12;2025-12-22;9;2415
12;2025-12-22;10;2035
12;2025-12-22;11;1929
12;2025-12-22;12;1968
12;2025-12-22;13;1971
12;2025-12-22;14;1982
12;2025-12-22;15;2180
12;2025-12-22;16;2561
12;2025-12-22;17;2964
12;2025-12-22;18;3122
12;2025-12-22;19;2395
12;2025-12-22;20;1516
12;2025-12-22;21;941
12;2025-12-22;22;489
12;2025-12-22;23;250
12;2025-12-23;0;52
12;2025-12-23;1;2
12;2025-12-23;2;0
12;2025-12-23;3;0
12;2025-12-23;4;10
12;2025-12-23;5;365
12;2025-12-23;6;1438
12;2025-12-23;7;2637
12;2025-12-23;8;3355
12;2025-12-23;9;2503
12;2025-12-23;10;2107
12;2025-12-23;11;2024
12;2025-12-23;12;2036
12;2025-12-23;13;2059
12;2025-12-23;14;2055
12;2025-12-23;15;2244
12;2025-12-23;16;2640
12;2025-12-23;17;3032
12;2025-12-23;18;3170
12;2025-12-23;19;2464
12;2025-12-23;20;1536
12;2025-12-23;21;967
12;2025-12-23;22;517
12;2025-12-23;23;268
12;2025-12-24;0;56
12;2025-12-24;1;2
12;2025-12-24;2;0
12;2025-12-24;3;0
12;2025-12-24;4;10
12;2025-12-24;5;365
12;2025-12-24;6;1444
12;2025-12-24;7;2605
12;2025-12-24;8;3312
12;2025-12-24;9;2494
12;2025-12-24;10;2103
12;2025-12-24;11;1996
12;2025-12-24;12;2038
12;2025-12-24;13;2042
12;2025-12-24;14;2070
12;2025-12-24;15;2228
12;2025-12-24;16;2626
12;2025-12-24;17;2984
12;2025-12-24;18;3125
12;2025-12-24;19;2428
12;2025-12-24;20;1528
12;2025-12-24;21;981
12;2025-12-24;22;511
12;2025-12-24;23;263
12;2025-12-25;0;53
12;2025-12-25;1;2
12;2025-12-25;2;0
12;2025-12-25;3;0
12;2025-12-25;4;10
12;2025-12-25;5;360
12;2025-12-25;6;1410
12;2025-12-25;7;2569
12;2025-12-25;8;3259
12;2025-12-25;9;2461
12;2025-12-25;10;2099
12;2025-12-25;11;2013
12;2025-12-25;12;2032
12;2025-12-25;13;2051
12;2025-12-25;14;2086
12;2025-12-25;15;2265
12;2025-12-25;16;2642
12;2025-12-25;17;2995
12;2025-12-25;18;3098
12;2025-12-25;19;2390
12;2025-12-25;20;1528
12;2025-12-25;21;951
12;2025-12-25;22;502
12;2025-12-25;23;260
12;2025-12-26;0;49
12;2025-12-26;1;1
12;2025-12-26;2;0
12;2025-12-26;3;0
12;2025-12-26;4;2
12;2025-12-26;5;343
12;2025-12-26;6;1380
12;2025-12-26;7;2508
12;2025-12-26;8;3160
12;2025-12-26;9;2399
12;2025-12-26;10;2042
12;2025-12-26;11;1970
12;2025-12-26;12;1961
12;2025-12-26;13;2028
12;2025-12-26;14;2064
12;2025-12-26;15;2306
12;2025-12-26;16;2688
12;2025-12-26;17;2923
12;2025-12-26;18;2729
12;2025-12-26;19;2203
12;2025-12-26;20;1453
12;2025-12-26;21;955
12;2025-12-26;22;513
12;2025-12-26;23;280
12;2025-12-27;0;78
12;2025-12-27;1;4
12;2025-12-27;2;0
12;2025-12-27;3;0
12;2025-12-27;4;3
12;2025-12-27;5;233
12;2025-12-27;6;743
12;2025-12-27;7;904
12;2025-12-27;8;1006
12;2025-12-27;9;1151
12;2025-12-27;10;1311
12;2025-12-27;11;1422
12;2025-12-27;12;1469
12;2025-12-27;13;1607
12;2025-12-27;14;1606
12;2025-12-27;15;1540
12;2025-12-27;16;1619
12;2025-12-27;17;1544
12;2025-12-27;18;1456
12;2025-12-27;19;1295
12;2025-12-27;20;966
12;2025-12-27;21;680
12;2025-12-27;22;422
12;2025-12-27;23;263
12;2025-12-28;0;79
12;2025-12-28;1;6
12;2025-12-28;2;0
12;2025-12-28;3;0
12;2025-12-28;4;0
12;2025-12-28;5;180
12;2025-12-28;6;521
12;2025-12-28;7;650
12;2025-12-28;8;747
12;2025-12-28;9;934
12;2025-12-28;10;1092
12;2025-12-28;11;1249
12;2025-12-28;12;1322
12;2025-12-28;13;1433
12;2025-12-28;14;1414
12;2025-12-28;15;1360
12;2025-12-28;16;1414
12;2025-12-28;17;1382
12;2025-12-28;18;1224
12;2025-12-28;19;1015
12;2025-12-28;20;779
12;2025-12-28;21;586
12;2025-12-28;22;369
12;2025-12-28;23;206
12;2025-12-29;0;58
12;2025-12-29;1;3
12;2025-12-29;2;0
12;2025-12-29;3;0
12;2025-12-29;4;7
12;2025-12-29;5;353
12;2025-12-29;6;1395
12;2025-12-29;7;2529
12;2025-12-29;8;3217
12;2025-12-29;9;2417
12;2025-12-29;10;2047
12;2025-12-29;11;1954
12;2025-12-29;12;1987
12;2025-12-29;13;1990
12;2025-12-29;14;2006
12;2025-12-29;15;2198
12;2025-12-29;16;2564
12;2025-12-29;17;2938
12;2025-12-29;18;3085
12;2025-12-29;19;2361
12;2025-12-29;20;1498
12;2025-12-29;21;926
12;2025-12-29;22;478
12;2025-12-29;23;243
12;2025-12-30;0;51
12;2025-12-30;1;3
12;2025-12-30;2;1
12;2025-12-30;3;1
12;2025-12-30;4;8
12;2025-12-30;5;361
12;2025-12-30;6;1407
12;2025-12-30;7;2568
12;2025-12-30;8;3276
12;2025-12-30;9;2465
12;2025-12-30;10;2082
12;2025-12-30;11;1992
12;2025-12-30;12;2002
12;2025-12-30;13;2018
12;2025-12-30;14;2013
12;2025-12-30;15;2200
12;2025-12-30;16;2591
12;2025-12-30;17;2945
12;2025-12-30;18;3070
12;2025-12-30;19;2416
12;2025-12-30;20;1510
12;2025-12-30;21;938
12;2025-12-30;22;497
12;2025-12-30;23;252
12;2025-12-31;0;35
12;2025-12-31;1;1
12;2025-12-31;2;0
12;2025-12-31;3;0
12;2025-12-31;4;2
12;2025-12-31;5;136
12;2025-12-31;6;641
12;2025-12-31;7;911
12;2025-12-31;8;1117
12;2025-12-31;9;993
12;2025-12-31;10;985
12;2025-12-31;11;1072
12;2025-12-31;12;1160
12;2025-12-31;13;1176
12;2025-12-31;14;1224
12;2025-12-31;15;1227
12;2025-12-31;16;1361
12;2025-12-31;17;1392
12;2025-12-31;18;1366
12;2025-12-31;19;1125
12;2025-12-31;20;869
12;2025-12-31;21;566
12;2025-12-31;22;325
12;2025-12-31;23;195
17;2025-11-01;0;234
17;2025-11-01;1;38
17;2025-11-01;2;0
17;2025-11-01;3;0
17;2025-11-01;4;19
17;2025-11-01;5;379
17;2025-11-01;6;1515
17;2025-11-01;7;2972
17;2025-11-01;8;3614
17;2025-11-01;9;3448
17;2025-11-01;10;3337
17;2025-11-01;11;3363
17;2025-11-01;12;3424
17;2025-11-01;13;3607
17;2025-11-01;14;3586
17;2025-11-01;15;3764
17;2025-11-01;16;3986
17;2025-11-01;17;4168
17;2025-11-01;18;4174
17;2025-11-01;19;3334
17;2025-11-01;20;2575
17;2025-11-01;21;1938
17;2025-11-01;22;1229
17;2025-11-01;23;739
17;2025-11-02;0;188
17;2025-11-02;1;30
17;2025-11-02;2;0
17;2025-11-02;3;0
17;2025-11-02;4;3
17;2025-11-02;5;44
17;2025-11-02;6;305
17;2025-11-02;7;659
17;2025-11-02;8;1049
17;2025-11-02;9;1577
17;2025-11-02;10;1935
17;2025-11-02;11;2411
17;2025-11-02;12;2686
17;2025-11-02;13;2932
17;2025-11-02;14;3055
17;2025-11-02;15;3066
17;2025-11-02;16;3024
17;2025-11-02;17;2893
17;2025-11-02;18;2577
17;2025-11-02;19;2057
17;2025-11-02;20;1576
17;2025-11-02;21;1120
17;2025-11-02;22;704
17;2025-11-02;23;336
17;2025-11-03;0;136
17;2025-11-03;1;22
17;2025-11-03;2;3
17;2025-11-03;3;3
17;2025-11-03;4;13
17;2025-11-03;5;137
17;2025-11-03;6;669
17;2025-11-03;7;1589
17;2025-11-03;8;2176
17;2025-11-03;9;1993
17;2025-11-03;10;1983
17;2025-11-03;11;2226
17;2025-11-03;12;2497
17;2025-11-03;13;2542
17;2025-11-03;14;2622
17;2025-11-03;15;2742
17;2025-11-03;16;2865
17;2025-11-03;17;3071
17;2025-11-03;18;3025
17;2025-11-03;19;2354
17;2025-11-03;20;1771
17;2025-11-03;21;1170
17;2025-11-03;22;694
17;2025-11-03;23;350
17;2025-11-04;0;162
17;2025-11-04;1;23
17;2025-11-04;2;0
17;2025-11-04;3;0
17;2025-11-04;4;2
17;2025-11-04;5;58
17;2025-11-04;6;528
17;2025-11-04;7;1420
17;2025-11-04;8;2003
17;2025-11-04;9;1815
17;2025-11-04;10;1748
17;2025-11-04;11;2069
17;2025-11-04;12;2325
17;2025-11-04;13;2494
17;2025-11-04;14;2615
17;2025-11-04;15;2745
17;2025-11-04;16;3033
17;2025-11-04;17;3195
17;2025-11-04;18;2938
17;2025-11-04;19;2363
17;2025-11-04;20;1718
17;2025-11-04;21;1214
17;2025-11-04;22;737
17;2025-11-04;23;353
17;2025-11-05;0;125
17;2025-11-05;1;9
17;2025-11-05;2;0
17;2025-11-05;3;1
17;2025-11-05;4;26
17;2025-11-05;5;336
17;2025-11-05;6;1546
17;2025-11-05;7;4056
17;2025-11-05;8;5257
17;2025-11-05;9;3800
17;2025-11-05;10;3070
17;2025-11-05;11;2991
17;2025-11-05;12;3051
17;2025-11-05;13;3098
17;2025-11-05;14;3169
17;2025-11-05;15;3325
17;2025-11-05;16;3714
17;2025-11-05;17;4476
17;2025-11-05;18;4771
17;2025-11-05;19;3513
17;2025-11-05;20;2331
17;2025-11-05;21;1499
17;2025-11-05;22;831
17;2025-11-05;23;380
17;2025-11-06;0;130
17;2025-11-06;1;12
17;2025-11-06;2;0
17;2025-11-06;3;1
17;2025-11-06;4;25
17;2025-11-06;5;336
17;2025-11-06;6;1554
17;2025-11-06;7;4033
17;2025-11-06;8;5239
17;2025-11-06;9;3813
17;2025-11-06;10;3110
17;2025-11-06;11;2998
17;2025-11-06;12;3059
17;2025-11-06;13;3108
17;2025-11-06;14;3162
17;2025-11-06;15;3318
17;2025-11-06;16;3742
17;2025-11-06;17;4526
17;2025-11-06;18;4774
17;2025-11-06;19;3522
17;2025-11-06;20;2353
17;2025-11-06;21;1527
17;2025-11-06;22;854
17;2025-11-06;23;392
17;2025-11-07;0;142
17;2025-11-07;1;16
17;2025-11-07;2;1
17;2025-11-07;3;1
17;2025-11-07;4;24
17;2025-11-07;5;336
17;2025-11-07;6;1547
17;2025-11-07;7;4009
17;2025-11-07;8;5096
17;2025-11-07;9;3763
17;2025-11-07;10;3171
17;2025-11-07;11;3063
17;2025-11-07;12;3119
17;2025-11-07;13;3198
17;2025-11-07;14;3281
17;2025-11-07;15;3531
17;2025-11-07;16;3996
17;2025-11-07;17;4496
17;2025-11-07;18;4420
17;2025-11-07;19;3330
17;2025-11-07;20;2342
17;2025-11-07;21;1568
17;2025-11-07;22;899
17;2025-11-07;23;443
17;2025-11-08;0;197
17;2025-11-08;1;31
17;2025-11-08;2;4
17;2025-11-08;3;2
17;2025-11-08;4;10
17;2025-11-08;5;138
17;2025-11-08;6;654
17;2025-11-08;7;1288
17;2025-11-08;8;1816
17;2025-11-08;9;2274
17;2025-11-08;10;2574
17;2025-11-08;11;2970
17;2025-11-08;12;3191
17;2025-11-08;13;3329
17;2025-11-08;14;3421
17;2025-11-08;15;3494
17;2025-11-08;16;3479
17;2025-11-08;17;3443
17;2025-11-08;18;3134
17;2025-11-08;19;2536
17;2025-11-08;20;1923
17;2025-11-08;21;1389
17;2025-11-08;22;895
17;2025-11-08;23;474
17;2025-11-09;0;183
17;2025-11-09;1;27
17;2025-11-09;2;2
17;2025-11-09;3;2
17;2025-11-09;4;5
17;2025-11-09;5;101
17;2025-11-09;6;454
17;2025-11-09;7;871
17;2025-11-09;8;1321
17;2025-11-09;9;1794
17;2025-11-09;10;2126
17;2025-11-09;11;2535
17;2025-11-09;12;2804
17;2025-11-09;13;2945
17;2025-11-09;14;3062
17;2025-11-09;15;3078
17;2025-11-09;16;3033
17;2025-11-09;17;2962
17;2025-11-09;18;2650
17;2025-11-09;19;2103
17;2025-11-09;20;1620
17;2025-11-09;21;1147
17;2025-11-09;22;717
17;2025-11-09;23;331
17;2025-11-10;0;111
17;2025-11-10;1;10
17;2025-11-10;2;0
17;2025-11-10;3;0
17;2025-11-10;4;23
17;2025-11-10;5;323
17;2025-11-10;6;1503
17;2025-11-10;7;3973
17;2025-11-10;8;5144
17;2025-11-10;9;3719
17;2025-11-10;10;2983
17;2025-11-10;11;2881
17;2025-11-10;12;2918
17;2025-11-10;13;2972
17;2025-11-10;14;3040
17;2025-11-10;15;3224
17;2025-11-10;16;3612
17;2025-11-10;17;4359
17;2025-11-10;18;4688
17;2025-11-10;19;3416
17;2025-11-10;20;2233
17;2025-11-10;21;1419
17;2025-11-10;22;772
17;2025-11-10;23;333
17;2025-11-11;0;115
17;2025-11-11;1;9
17;2025-11-11;2;0
17;2025-11-11;3;0
17;2025-11-11;4;25
17;2025-11-11;5;331
17;2025-11-11;6;1546
17;2025-11-11;7;4089
17;2025-11-11;8;5303
17;2025-11-11;9;3861
17;2025-11-11;10;3110
17;2025-11-11;11;2943
17;2025-11-11;12;3026
17;2025-11-11;13;3071
17;2025-11-11;14;3152
17;2025-11-11;15;3312
17;2025-11-11;16;3717
17;2025-11-11;17;4513
17;2025-11-11;18;4804
17;2025-11-11;19;3516
17;2025-11-11;20;2334
17;2025-11-11;21;1489
17;2025-11-11;22;811
17;2025-11-11;23;361
17;2025-11-12;0;126
17;2025-11-12;1;13
17;2025-11-12;2;0
17;2025-11-12;3;0
17;2025-11-12;4;26
17;2025-11-12;5;337
17;2025-11-12;6;1567
17;2025-11-12;7;4099
17;2025-11-12;8;5298
17;2025-11-12;9;3846
17;2025-11-12;10;3119
17;2025-11-12;11;3011
17;2025-11-12;12;3074
17;2025-11-12;13;3116
17;2025-11-12;14;3185
17;2025-11-12;15;3348
17;2025-11-12;16;3740
17;2025-11-12;17;4494
17;2025-11-12;18;4782
17;2025-11-12;19;3504
17;2025-11-12;20;2339
17;2025-11-12;21;1510
17;2025-11-12;22;834
17;2025-11-12;23;381
17;2025-11-13;0;130
17;2025-11-13;1;12
17;2025-11-13;2;0
17;2025-11-13;3;0
17;2025-11-13;4;25
17;2025-11-13;5;341
17;2025-11-13;6;1568
17;2025-11-13;7;4085
17;2025-11-13;8;5308
17;2025-11-13;9;3876
17;2025-11-13;10;3153
17;2025-11-13;11;3028
17;2025-11-13;12;3078
17;2025-11-13;13;3143
17;2025-11-13;14;3198
17;2025-11-13;15;3374
17;2025-11-13;16;3789
17;2025-11-13;17;4552
17;2025-11-13;18;4787
17;2025-11-13;19;3515
17;2025-11-13;20;2357
17;2025-11-13;21;1525
17;2025-11-13;22;846
17;2025-11-13;23;390
17;2025-11-14;0;139
17;2025-11-14;1;16
17;2025-11-14;2;1
17;2025-11-14;3;3
17;2025-11-14;4;27
17;2025-11-14;5;342
17;2025-11-14;6;1563
17;2025-11-14;7;4038
17;2025-11-14;8;5150
17;2025-11-14;9;3821
17;2025-11-14;10;3215
17;2025-11-14;11;3116
17;2025-11-14;12;3177
17;2025-11-14;13;3241
17;2025-11-14;14;3336
17;2025-11-14;15;3593
17;2025-11-14;16;4067
17;2025-11-14;17;4552
17;2025-11-14;18;4462
17;2025-11-14;19;3358
17;2025-11-14;20;2358
17;2025-11-14;21;1573
17;2025-11-14;22;888
17;2025-11-14;23;434
17;2025-11-15;0;192
17;2025-11-15;1;22
17;2025-11-15;2;0
17;2025-11-15;3;0
17;2025-11-15;4;1
17;2025-11-15;5;103
17;2025-11-15;6;592
17;2025-11-15;7;1156
17;2025-11-15;8;1691
17;2025-11-15;9;2173
17;2025-11-15;10;2477
17;2025-11-15;11;2793
17;2025-11-15;12;3002
17;2025-11-15;13;3221
17;2025-11-15;14;3325
17;2025-11-15;15;3430
17;2025-11-15;16;3411
17;2025-11-15;17;3375
17;2025-11-15;18;3038
17;2025-11-15;19;2446
17;2025-11-15;20;1900
17;2025-11-15;21;1377
17;2025-11-15;22;886
17;2025-11-15;23;462
17;2025-11-16;0;178
17;2025-11-16;1;22
17;2025-11-16;2;1
17;2025-11-16;3;0
17;2025-11-16;4;5
17;2025-11-16;5;101
17;2025-11-16;6;397
17;2025-11-16;7;802
17;2025-11-16;8;1221
17;2025-11-16;9;1711
17;2025-11-16;10;2012
17;2025-11-16;11;2530
17;2025-11-16;12;2797
17;2025-11-16;13;2979
17;2025-11-16;14;3107
17;2025-11-16;15;3113
17;2025-11-16;16;3061
17;2025-11-16;17;2950
17;2025-11-16;18;2623
17;2025-11-16;19;2088
17;2025-11-16;20;1604
17;2025-11-16;21;1151
17;2025-11-16;22;722
17;2025-11-16;23;322
17;2025-11-17;0;112
17;2025-11-17;1;10
17;2025-11-17;2;0
17;2025-11-17;3;0
17;2025-11-17;4;23
17;2025-11-17;5;323
17;2025-11-17;6;1502
17;2025-11-17;7;3984
17;2025-11-17;8;5164
17;2025-11-17;9;3727
17;2025-11-17;10;2991
17;2025-11-17;11;2877
17;2025-11-17;12;2901
17;2025-11-17;13;2877
17;2025-11-17;14;2941
17;2025-11-17;15;3134
17;2025-11-17;16;3580
17;2025-11-17;17;4361
17;2025-11-17;18;4665
17;2025-11-17;19;3403
17;2025-11-17;20;2238
17;2025-11-17;21;1410
17;2025-11-17;22;767
17;2025-11-17;23;329
17;2025-11-18;0;117
17;2025-11-18;1;11
17;2025-11-18;2;0
17;2025-11-18;3;0
17;2025-11-18;4;22
17;2025-11-18;5;313
17;2025-11-18;6;1511
17;2025-11-18;7;4003
17;2025-11-18;8;5233
17;2025-11-18;9;3779
17;2025-11-18;10;3004
17;2025-11-18;11;2844
17;2025-11-18;12;2899
17;2025-11-18;13;3045
17;2025-11-18;14;3129
17;2025-11-18;15;3289
17;2025-11-18;16;3699
17;2025-11-18;17;4508
17;2025-11-18;18;4783
17;2025-11-18;19;3511
17;2025-11-18;20;2331
17;2025-11-18;21;1491
17;2025-11-18;22;812
17;2025-11-18;23;360
17;2025-11-19;0;127
17;2025-11-19;1;11
17;2025-11-19;2;1
17;2025-11-19;3;2
17;2025-11-19;4;27
17;2025-11-19;5;340
17;2025-11-19;6;1566
17;2025-11-19;7;4113
17;2025-11-19;8;5307
17;2025-11-19;9;3855
17;2025-11-19;10;3134
17;2025-11-19;11;3018
17;2025-11-19;12;3077
17;2025-11-19;13;3135
17;2025-11-19;14;3208
17;2025-11-19;15;3368
17;2025-11-19;16;3755
17;2025-11-19;17;4527
17;2025-11-19;18;4813
17;2025-11-19;19;3539
17;2025-11-19;20;2344
17;2025-11-19;21;1523
17;2025-11-19;22;837
17;2025-11-19;23;387
17;2025-11-20;0;128
17;2025-11-20;1;10
17;2025-11-20;2;1
17;2025-11-20;3;1
17;2025-11-20;4;26
17;2025-11-20;5;337
17;2025-11-20;6;1562
17;2025-11-20;7;4090
17;2025-11-20;8;5304
17;2025-11-20;9;3877
17;2025-11-20;10;3149
17;2025-11-20;11;3034
17;2025-11-20;12;3101
17;2025-11-20;13;3149
17;2025-11-20;14;3196
17;2025-11-20;15;3388
17;2025-11-20;16;3804
17;2025-11-20;17;4551
17;2025-11-20;18;4793
17;2025-11-20;19;3527
17;2025-11-20;20;2343
17;2025-11-20;21;1519
17;2025-11-20;22;839
17;2025-11-20;23;385
17;2025-11-21;0;136
17;2025-11-21;1;12
17;2025-11-21;2;0
17;2025-11-21;3;0
17;2025-11-21;4;25
17;2025-11-21;5;333
17;2025-11-21;6;1537
17;2025-11-21;7;4032
17;2025-11-21;8;5130
17;2025-11-21;9;3802
17;2025-11-21;10;3195
17;2025-11-21;11;3097
17;2025-11-21;12;3132
17;2025-11-21;13;3199
17;2025-11-21;14;3300
17;2025-11-21;15;3560
17;2025-11-21;16;4038
17;2025-11-21;17;4522
17;2025-11-21;18;4438
17;2025-11-21;19;3336
17;2025-11-21;20;2348
17;2025-11-21;21;1571
17;2025-11-21;22;897
17;2025-11-21;23;443
17;2025-11-22;0;197
17;2025-11-22;1;29
17;2025-11-22;2;2
17;2025-11-22;3;1
17;2025-11-22;4;8
17;2025-11-22;5;135
17;2025-11-22;6;640
17;2025-11-22;7;1291
17;2025-11-22;8;1827
17;2025-11-22;9;2294
17;2025-11-22;10;2595
17;2025-11-22;11;2934
17;2025-11-22;12;3153
17;2025-11-22;13;3306
17;2025-11-22;14;3387
17;2025-11-22;15;3468
17;2025-11-22;16;3441
17;2025-11-22;17;3399
17;2025-11-22;18;3074
17;2025-11-22;19;2501
17;2025-11-22;20;1923
17;2025-11-22;21;1384
17;2025-11-22;22;884
17;2025-11-22;23;457
17;2025-11-23;0;181
17;2025-11-23;1;21
17;2025-11-23;2;0
17;2025-11-23;3;0
17;2025-11-23;4;3
17;2025-11-23;5;100
17;2025-11-23;6;391
17;2025-11-23;7;800
17;2025-11-23;8;1304
17;2025-11-23;9;1791
17;2025-11-23;10;2123
17;2025-11-23;11;2560
17;2025-11-23;12;2869
17;2025-11-23;13;3033
17;2025-11-23;14;3165
17;2025-11-23;15;3186
17;2025-11-23;16;3135
17;2025-11-23;17;2983
17;2025-11-23;18;2660
17;2025-11-23;19;2103
17;2025-11-23;20;1614
17;2025-11-23;21;1155
17;2025-11-23;22;719
17;2025-11-23;23;335
17;2025-11-24;0;112
17;2025-11-24;1;9
17;2025-11-24;2;0
17;2025-11-24;3;1
17;2025-11-24;4;22
17;2025-11-24;5;310
17;2025-11-24;6;1463
17;2025-11-24;7;3916
17;2025-11-24;8;5067
17;2025-11-24;9;3637
17;2025-11-24;10;2986
17;2025-11-24;11;2880
17;2025-11-24;12;2906
17;2025-11-24;13;2941
17;2025-11-24;14;3005
17;2025-11-24;15;3204
17;2025-11-24;16;3602
17;2025-11-24;17;4364
17;2025-11-24;18;4669
17;2025-11-24;19;3404
17;2025-11-24;20;2240
17;2025-11-24;21;1411
17;2025-11-24;22;769
17;2025-11-24;23;334
17;2025-11-25;0;114
17;2025-11-25;1;9
17;2025-11-25;2;0
17;2025-11-25;3;1
17;2025-11-25;4;25
17;2025-11-25;5;332
17;2025-11-25;6;1547
17;2025-11-25;7;4079
17;2025-11-25;8;5276
17;2025-11-25;9;3840
17;2025-11-25;10;3092
17;2025-11-25;11;2928
17;2025-11-25;12;3025
17;2025-11-25;13;3046
17;2025-11-25;14;3131
17;2025-11-25;15;3291
17;2025-11-25;16;3707
17;2025-11-25;17;4507
17;2025-11-25;18;4789
17;2025-11-25;19;3518
17;2025-11-25;20;2317
17;2025-11-25;21;1478
17;2025-11-25;22;808
17;2025-11-25;23;362
17;2025-11-26;0;125
17;2025-11-26;1;13
17;2025-11-26;2;0
17;2025-11-26;3;1
17;2025-11-26;4;26
17;2025-11-26;5;340
17;2025-11-26;6;1558
17;2025-11-26;7;4028
17;2025-11-26;8;5233
17;2025-11-26;9;3793
17;2025-11-26;10;3126
17;2025-11-26;11;3011
17;2025-11-26;12;3068
17;2025-11-26;13;3108
17;2025-11-26;14;3174
17;2025-11-26;15;3340
17;2025-11-26;16;3728
17;2025-11-26;17;4488
17;2025-11-26;18;4774
17;2025-11-26;19;3498
17;2025-11-26;20;2337
17;2025-11-26;21;1509
17;2025-11-26;22;833
17;2025-11-26;23;383
17;2025-11-27;0;130
17;2025-11-27;1;12
17;2025-11-27;2;0
17;2025-11-27;3;1
17;2025-11-27;4;25
17;2025-11-27;5;340
17;2025-11-27;6;1565
17;2025-11-27;7;4082
17;2025-11-27;8;5296
17;2025-11-27;9;3864
17;2025-11-27;10;3142
17;2025-11-27;11;3016
17;2025-11-27;12;3071
17;2025-11-27;13;3124
17;2025-11-27;14;3174
17;2025-11-27;15;3354
17;2025-11-27;16;3769
17;2025-11-27;17;4537
17;2025-11-27;18;4782
17;2025-11-27;19;3504
17;2025-11-27;20;2337
17;2025-11-27;21;1508
17;2025-11-27;22;812
17;2025-11-27;23;358
17;2025-11-28;0;135
17;2025-11-28;1;13
17;2025-11-28;2;0
17;2025-11-28;3;0
17;2025-11-28;4;22
17;2025-11-28;5;326
17;2025-11-28;6;1517
17;2025-11-28;7;4029
17;2025-11-28;8;5125
17;2025-11-28;9;3804
17;2025-11-28;10;3194
17;2025-11-28;11;3085
17;2025-11-28;12;3142
17;2025-11-28;13;3201
17;2025-11-28;14;3306
17;2025-11-28;15;3560
17;2025-11-28;16;4029
17;2025-11-28;17;4519
17;2025-11-28;18;4432
17;2025-11-28;19;3331
17;2025-11-28;20;2343
17;2025-11-28;21;1568
17;2025-11-28;22;895
17;2025-11-28;23;441
17;2025-11-29;0;194
17;2025-11-29;1;24
17;2025-11-29;2;1
17;2025-11-29;3;0
17;2025-11-29;4;7
17;2025-11-29;5;135
17;2025-11-29;6;633
17;2025-11-29;7;1240
17;2025-11-29;8;1773
17;2025-11-29;9;2242
17;2025-11-29;10;2534
17;2025-11-29;11;2879
17;2025-11-29;12;3093
17;2025-11-29;13;3226
17;2025-11-29;14;3305
17;2025-11-29;15;3379
17;2025-11-29;16;3359
17;2025-11-29;17;3333
17;2025-11-29;18;3009
17;2025-11-29;19;2435
17;2025-11-29;20;1891
17;2025-11-29;21;1366
17;2025-11-29;22;885
17;2025-11-29;23;469
17;2025-11-30;0;177
17;2025-11-30;1;25
17;2025-11-30;2;1
17;2025-11-30;3;1
17;2025-11-30;4;3
17;2025-11-30;5;98
17;2025-11-30;6;436
17;2025-11-30;7;865
17;2025-11-30;8;1329
17;2025-11-30;9;1819
17;2025-11-30;10;2144
17;2025-11-30;11;2558
17;2025-11-30;12;2828
17;2025-11-30;13;3001
17;2025-11-30;14;3105
17;2025-11-30;15;3139
17;2025-11-30;16;3090
17;2025-11-30;17;3030
17;2025-11-30;18;2699
17;2025-11-30;19;2152
17;2025-11-30;20;1640
17;2025-11-30;21;1167
17;2025-11-30;22;724
17;2025-11-30;23;336
17;2025-12-01;0;117
17;2025-12-01;1;13
17;2025-12-01;2;0
17;2025-12-01;3;0
17;2025-12-01;4;22
17;2025-12-01;5;322
17;2025-12-01;6;1466
17;2025-12-01;7;3911
17;2025-12-01;8;5049
17;2025-12-01;9;3656
17;2025-12-01;10;2926
17;2025-12-01;11;2811
17;2025-12-01;12;2838
17;2025-12-01;13;2886
17;2025-12-01;14;2950
17;2025-12-01;15;3137
17;2025-12-01;16;3540
17;2025-12-01;17;4275
17;2025-12-01;18;4595
17;2025-12-01;19;3347
17;2025-12-01;20;2197
17;2025-12-01;21;1393
17;2025-12-01;22;770
17;2025-12-01;23;334
17;2025-12-02;0;113
17;2025-12-02;1;8
17;2025-12-02;2;0
17;2025-12-02;3;0
17;2025-12-02;4;23
17;2025-12-02;5;328
17;2025-12-02;6;1521
17;2025-12-02;7;4024
17;2025-12-02;8;5190
17;2025-12-02;9;3786
17;2025-12-02;10;3040
17;2025-12-02;11;2877
17;2025-12-02;12;2946
17;2025-12-02;13;2986
17;2025-12-02;14;3073
17;2025-12-02;15;3233
17;2025-12-02;16;3643
17;2025-12-02;17;4449
17;2025-12-02;18;4753
17;2025-12-02;19;3488
17;2025-12-02;20;2315
17;2025-12-02;21;1480
17;2025-12-02;22;813
17;2025-12-02;23;364
17;2025-12-03;0;125
17;2025-12-03;1;13
17;2025-12-03;2;0
17;2025-12-03;3;1
17;2025-12-03;4;25
17;2025-12-03;5;335
17;2025-12-03;6;1542
17;2025-12-03;7;4062
17;2025-12-03;8;5225
17;2025-12-03;9;3806
17;2025-12-03;10;3076
17;2025-12-03;11;2965
17;2025-12-03;12;3025
17;2025-12-03;13;3075
17;2025-12-03;14;3154
17;2025-12-03;15;3319
17;2025-12-03;16;3701
17;2025-12-03;17;4464
17;2025-12-03;18;4768
17;2025-12-03;19;3496
17;2025-12-03;20;2338
17;2025-12-03;21;1517
17;2025-12-03;22;843
17;2025-12-03;23;389
17;2025-12-04;0;127
17;2025-12-04;1;12
17;2025-12-04;2;0
17;2025-12-04;3;0
17;2025-12-04;4;24
17;2025-12-04;5;338
17;2025-12-04;6;1537
17;2025-12-04;7;4021
17;2025-12-04;8;5195
17;2025-12-04;9;3806
17;2025-12-04;10;3086
17;2025-12-04;11;2967
17;2025-12-04;12;3025
17;2025-12-04;13;3077
17;2025-12-04;14;3147
17;2025-12-04;15;3328
17;2025-12-04;16;3746
17;2025-12-04;17;4505
17;2025-12-04;18;4762
17;2025-12-04;19;3516
17;2025-12-04;20;2370
17;2025-12-04;21;1545
17;2025-12-04;22;865
17;2025-12-04;23;400
17;2025-12-05;0;138
17;2025-12-05;1;15
17;2025-12-05;2;0
17;2025-12-05;3;0
17;2025-12-05;4;23
17;2025-12-05;5;335
17;2025-12-05;6;1532
17;2025-12-05;7;3980
17;2025-12-05;8;5058
17;2025-12-05;9;3756
17;2025-12-05;10;3152
17;2025-12-05;11;3046
17;2025-12-05;12;3096
17;2025-12-05;13;3160
17;2025-12-05;14;3263
17;2025-12-05;15;3529
17;2025-12-05;16;3999
17;2025-12-05;17;4486
17;2025-12-05;18;4410
17;2025-12-05;19;3313
17;2025-12-05;20;2337
17;2025-12-05;21;1576
17;2025-12-05;22;905
17;2025-12-05;23;445
17;2025-12-06;0;193
17;2025-12-06;1;28
17;2025-12-06;2;1
17;2025-12-06;3;0
17;2025-12-06;4;6
17;2025-12-06;5;130
17;2025-12-06;6;614
17;2025-12-06;7;1236
17;2025-12-06;8;1768
17;2025-12-06;9;2232
17;2025-12-06;10;2536
17;2025-12-06;11;2884
17;2025-12-06;12;3100
17;2025-12-06;13;3242
17;2025-12-06;14;3338
17;2025-12-06;15;3417
17;2025-12-06;16;3408
17;2025-12-06;17;3366
17;2025-12-06;18;3058
17;2025-12-06;19;2496
17;2025-12-06;20;1927
17;2025-12-06;21;1392
17;2025-12-06;22;893
17;2025-12-06;23;467
17;2025-12-07;0;180
17;2025-12-07;1;25
17;2025-12-07;2;1
17;2025-12-07;3;0
17;2025-12-07;4;2
17;2025-12-07;5;96
17;2025-12-07;6;439
17;2025-12-07;7;836
17;2025-12-07;8;1272
17;2025-12-07;9;1758
17;2025-12-07;10;2087
17;2025-12-07;11;2535
17;2025-12-07;12;2811
17;2025-12-07;13;2979
17;2025-12-07;14;3107
17;2025-12-07;15;3129
17;2025-12-07;16;3083
17;2025-12-07;17;3023
17;2025-12-07;18;2698
17;2025-12-07;19;2154
17;2025-12-07;20;1651
17;2025-12-07;21;1175
17;2025-12-07;22;730
17;2025-12-07;23;336
17;2025-12-08;0;116
17;2025-12-08;1;13
17;2025-12-08;2;0
17;2025-12-08;3;0
17;2025-12-08;4;22
17;2025-12-08;5;325
17;2025-12-08;6;1492
17;2025-12-08;7;3925
17;2025-12-08;8;5060
17;2025-12-08;9;3665
17;2025-12-08;10;2937
17;2025-12-08;11;2835
17;2025-12-08;12;2873
17;2025-12-08;13;2927
17;2025-12-08;14;2992
17;2025-12-08;15;3179
17;2025-12-08;16;3569
17;2025-12-08;17;4335
17;2025-12-08;18;4645
17;2025-12-08;19;3402
17;2025-12-08;20;2240
17;2025-12-08;21;1423
17;2025-12-08;22;783
17;2025-12-08;23;338
17;2025-12-09;0;117
17;2025-12-09;1;12
17;2025-12-09;2;0
17;2025-12-09;3;1
17;2025-12-09;4;23
17;2025-12-09;5;332
17;2025-12-09;6;1542
17;2025-12-09;7;4017
17;2025-12-09;8;5181
17;2025-12-09;9;3774
17;2025-12-09;10;3038
17;2025-12-09;11;2894
17;2025-12-09;12;2971
17;2025-12-09;13;3007
17;2025-12-09;14;3095
17;2025-12-09;15;3256
17;2025-12-09;16;3661
17;2025-12-09;17;4469
17;2025-12-09;18;4768
17;2025-12-09;19;3509
17;2025-12-09;20;2318
17;2025-12-09;21;1483
17;2025-12-09;22;810
17;2025-12-09;23;362
17;2025-12-10;0;125
17;2025-12-10;1;13
17;2025-12-10;2;0
17;2025-12-10;3;1
17;2025-12-10;4;23
17;2025-12-10;5;336
17;2025-12-10;6;1539
17;2025-12-10;7;4035
17;2025-12-10;8;5192
17;2025-12-10;9;3783
17;2025-12-10;10;3063
17;2025-12-10;11;2965
17;2025-12-10;12;3027
17;2025-12-10;13;3071
17;2025-12-10;14;3146
17;2025-12-10;15;3319
17;2025-12-10;16;3713
17;2025-12-10;17;4475
17;2025-12-10;18;4777
17;2025-12-10;19;3500
17;2025-12-10;20;2337
17;2025-12-10;21;1515
17;2025-12-10;22;842
17;2025-12-10;23;386
17;2025-12-11;0;129
17;2025-12-11;1;12
17;2025-12-11;2;0
17;2025-12-11;3;0
17;2025-12-11;4;24
17;2025-12-11;5;338
17;2025-12-11;6;1548
17;2025-12-11;7;4028
17;2025-12-11;8;5217
17;2025-12-11;9;3810
17;2025-12-11;10;3091
17;2025-12-11;11;2964
17;2025-12-11;12;3029
17;2025-12-11;13;3076
17;2025-12-11;14;3142
17;2025-12-11;15;3328
17;2025-12-11;16;3743
17;2025-12-11;17;4502
17;2025-12-11;18;4752
17;2025-12-11;19;3489
17;2025-12-11;20;2347
17;2025-12-11;21;1527
17;2025-12-11;22;853
17;2025-12-11;23;392
17;2025-12-12;0;139
17;2025-12-12;1;16
17;2025-12-12;2;2
17;2025-12-12;3;1
17;2025-12-12;4;23
17;2025-12-12;5;334
17;2025-12-12;6;1533
17;2025-12-12;7;3977
17;2025-12-12;8;5058
17;2025-12-12;9;3753
17;2025-12-12;10;3156
17;2025-12-12;11;3048
17;2025-12-12;12;3107
17;2025-12-12;13;3032
17;2025-12-12;14;3136
17;2025-12-12;15;3377
17;2025-12-12;16;3884
17;2025-12-12;17;4401
17;2025-12-12;18;4356
17;2025-12-12;19;3347
17;2025-12-12;20;2331
17;2025-12-12;21;1578
17;2025-12-12;22;909
17;2025-12-12;23;447
17;2025-12-13;0;193
17;2025-12-13;1;27
17;2025-12-13;2;3
17;2025-12-13;3;3
17;2025-12-13;4;9
17;2025-12-13;5;135
17;2025-12-13;6;620
17;2025-12-13;7;1206
17;2025-12-13;8;1732
17;2025-12-13;9;2208
17;2025-12-13;10;2523
17;2025-12-13;11;2876
17;2025-12-13;12;3095
17;2025-12-13;13;3228
17;2025-12-13;14;3317
17;2025-12-13;15;3389
17;2025-12-13;16;3376
17;2025-12-13;17;3342
17;2025-12-13;18;3031
17;2025-12-13;19;2455
17;2025-12-13;20;1916
17;2025-12-13;21;1394
17;2025-12-13;22;900
17;2025-12-13;23;456
17;2025-12-14;0;176
17;2025-12-14;1;21
17;2025-12-14;2;0
17;2025-12-14;3;0
17;2025-12-14;4;2
17;2025-12-14;5;95
17;2025-12-14;6;393
17;2025-12-14;7;773
17;2025-12-14;8;1183
17;2025-12-14;9;1672
17;2025-12-14;10;1980
17;2025-12-14;11;2461
17;2025-12-14;12;2738
17;2025-12-14;13;2899
17;2025-12-14;14;3042
17;2025-12-14;15;3064
17;2025-12-14;16;3025
17;2025-12-14;17;2965
17;2025-12-14;18;2642
17;2025-12-14;19;2099
17;2025-12-14;20;1620
17;2025-12-14;21;1169
17;2025-12-14;22;733
17;2025-12-14;23;333
17;2025-12-15;0;113
17;2025-12-15;1;10
17;2025-12-15;2;0
17;2025-12-15;3;0
17;2025-12-15;4;22
17;2025-12-15;5;319
17;2025-12-15;6;1486
17;2025-12-15;7;3941
17;2025-12-15;8;5097
17;2025-12-15;9;3687
17;2025-12-15;10;2956
17;2025-12-15;11;2844
17;2025-12-15;12;2884
17;2025-12-15;13;2938
17;2025-12-15;14;3005
17;2025-12-15;15;3192
17;2025-12-15;16;3579
17;2025-12-15;17;4354
17;2025-12-15;18;4669
17;2025-12-15;19;3419
17;2025-12-15;20;2242
17;2025-12-15;21;1434
17;2025-12-15;22;787
17;2025-12-15;23;341
17;2025-12-16;0;114
17;2025-12-16;1;9
17;2025-12-16;2;0
17;2025-12-16;3;1
17;2025-12-16;4;23
17;2025-12-16;5;328
17;2025-12-16;6;1527
17;2025-12-16;7;4033
17;2025-12-16;8;5202
17;2025-12-16;9;3790
17;2025-12-16;10;2978
17;2025-12-16;11;2813
17;2025-12-16;12;2877
17;2025-12-16;13;2993
17;2025-12-16;14;3081
17;2025-12-16;15;3244
17;2025-12-16;16;3649
17;2025-12-16;17;4457
17;2025-12-16;18;4761
17;2025-12-16;19;3486
17;2025-12-16;20;2316
17;2025-12-16;21;1484
17;2025-12-16;22;810
17;2025-12-16;23;357
17;2025-12-17;0;125
17;2025-12-17;1;14
17;2025-12-17;2;1
17;2025-12-17;3;1
17;2025-12-17;4;24
17;2025-12-17;5;337
17;2025-12-17;6;1552
17;2025-12-17;7;4051
17;2025-12-17;8;5229
17;2025-12-17;9;3805
17;2025-12-17;10;3091
17;2025-12-17;11;2977
17;2025-12-17;12;3035
17;2025-12-17;13;3084
17;2025-12-17;14;3165
17;2025-12-17;15;3340
17;2025-12-17;16;3724
17;2025-12-17;17;4478
17;2025-12-17;18;4781
17;2025-12-17;19;3506
17;2025-12-17;20;2343
17;2025-12-17;21;1522
17;2025-12-17;22;846
17;2025-12-17;23;386
17;2025-12-18;0;129
17;2025-12-18;1;12
17;2025-12-18;2;0
17;2025-12-18;3;1
17;2025-12-18;4;24
17;2025-12-18;5;338
17;2025-12-18;6;1555
17;2025-12-18;7;4034
17;2025-12-18;8;5223
17;2025-12-18;9;3814
17;2025-12-18;10;3104
17;2025-12-18;11;2974
17;2025-12-18;12;3035
17;2025-12-18;13;3085
17;2025-12-18;14;3151
17;2025-12-18;15;3337
17;2025-12-18;16;3751
17;2025-12-18;17;4509
17;2025-12-18;18;4762
17;2025-12-18;19;3505
17;2025-12-18;20;2353
17;2025-12-18;21;1534
17;2025-12-18;22;855
17;2025-12-18;23;396
17;2025-12-19;0;139
17;2025-12-19;1;16
17;2025-12-19;2;1
17;2025-12-19;3;2
17;2025-12-19;4;24
17;2025-12-19;5;334
17;2025-12-19;6;1536
17;2025-12-19;7;3987
17;2025-12-19;8;5075
17;2025-12-19;9;3760
17;2025-12-19;10;3165
17;2025-12-19;11;3048
17;2025-12-19;12;3099
17;2025-12-19;13;3162
17;2025-12-19;14;3270
17;2025-12-19;15;3542
17;2025-12-19;16;4010
17;2025-12-19;17;4483
17;2025-12-19;18;4414
17;2025-12-19;19;3320
17;2025-12-19;20;2338
17;2025-12-19;21;1576
17;2025-12-19;22;906
17;2025-12-19;23;443
17;2025-12-20;0;192
17;2025-12-20;1;27
17;2025-12-20;2;0
17;2025-12-20;3;0
17;2025-12-20;4;5
17;2025-12-20;5;130
17;2025-12-20;6;616
17;2025-12-20;7;1226
17;2025-12-20;8;1751
17;2025-12-20;9;2220
17;2025-12-20;10;2532
17;2025-12-20;11;2869
17;2025-12-20;12;3086
17;2025-12-20;13;3221
17;2025-12-20;14;3319
17;2025-12-20;15;3393
17;2025-12-20;16;3384
17;2025-12-20;17;3333
17;2025-12-20;18;3038
17;2025-12-20;19;2463
17;2025-12-20;20;1908
17;2025-12-20;21;1378
17;2025-12-20;22;886
17;2025-12-20;23;462
17;2025-12-21;0;178
17;2025-12-21;1;23
17;2025-12-21;2;0
17;2025-12-21;3;0
17;2025-12-21;4;1
17;2025-12-21;5;92
17;2025-12-21;6;437
17;2025-12-21;7;849
17;2025-12-21;8;1298
17;2025-12-21;9;1777
17;2025-12-21;10;2113
17;2025-12-21;11;2511
17;2025-12-21;12;2787
17;2025-12-21;13;2946
17;2025-12-21;14;3073
17;2025-12-21;15;3098
17;2025-12-21;16;3053
17;2025-12-21;17;3001
17;2025-12-21;18;2692
17;2025-12-21;19;2142
17;2025-12-21;20;1639
17;2025-12-21;21;1170
17;2025-12-21;22;727
17;2025-12-21;23;333
17;2025-12-22;0;115
17;2025-12-22;1;13
17;2025-12-22;2;0
17;2025-12-22;3;0
17;2025-12-22;4;21
17;2025-12-22;5;321
17;2025-12-22;6;1501
17;2025-12-22;7;3935
17;2025-12-22;8;5090
17;2025-12-22;9;3682
17;2025-12-22;10;2953
17;2025-12-22;11;2831
17;2025-12-22;12;2863
17;2025-12-22;13;2905
17;2025-12-22;14;2972
17;2025-12-22;15;3167
17;2025-12-22;16;3568
17;2025-12-22;17;4332
17;2025-12-22;18;4647
17;2025-12-22;19;3411
17;2025-12-22;20;2243
17;2025-12-22;21;1421
17;2025-12-22;22;779
17;2025-12-22;23;337
17;2025-12-23;0;113
17;2025-12-23;1;8
17;2025-12-23;2;0
17;2025-12-23;3;0
17;2025-12-23;4;22
17;2025-12-23;5;327
17;2025-12-23;6;1532
17;2025-12-23;7;4034
17;2025-12-23;8;5207
17;2025-12-23;9;3792
17;2025-12-23;10;3045
17;2025-12-23;11;2895
17;2025-12-23;12;2977
17;2025-12-23;13;3008
17;2025-12-23;14;3086
17;2025-12-23;15;3248
17;2025-12-23;16;3650
17;2025-12-23;17;4463
17;2025-12-23;18;4761
17;2025-12-23;19;3506
17;2025-12-23;20;2306
17;2025-12-23;21;1484
17;2025-12-23;22;810
17;2025-12-23;23;365
17;2025-12-24;0;123
17;2025-12-24;1;10
17;2025-12-24;2;0
17;2025-12-24;3;0
17;2025-12-24;4;24
17;2025-12-24;5;336
17;2025-12-24;6;1550
17;2025-12-24;7;4064
17;2025-12-24;8;5237
17;2025-12-24;9;3807
17;2025-12-24;10;3087
17;2025-12-24;11;2971
17;2025-12-24;12;3034
17;2025-12-24;13;3081
17;2025-12-24;14;3150
17;2025-12-24;15;3314
17;2025-12-24;16;3706
17;2025-12-24;17;4477
17;2025-12-24;18;4775
17;2025-12-24;19;3512
17;2025-12-24;20;2322
17;2025-12-24;21;1511
17;2025-12-24;22;836
17;2025-12-24;23;385
17;2025-12-25;0;126
17;2025-12-25;1;10
17;2025-12-25;2;0
17;2025-12-25;3;0
17;2025-12-25;4;23
17;2025-12-25;5;337
17;2025-12-25;6;1550
17;2025-12-25;7;4005
17;2025-12-25;8;5193
17;2025-12-25;9;3826
17;2025-12-25;10;3121
17;2025-12-25;11;2995
17;2025-12-25;12;3066
17;2025-12-25;13;3114
17;2025-12-25;14;3180
17;2025-12-25;15;3355
17;2025-12-25;16;3762
17;2025-12-25;17;4489
17;2025-12-25;18;4739
17;2025-12-25;19;3500
17;2025-12-25;20;2333
17;2025-12-25;21;1511
17;2025-12-25;22;819
17;2025-12-25;23;361
17;2025-12-26;0;130
17;2025-12-26;1;10
17;2025-12-26;2;0
17;2025-12-26;3;0
17;2025-12-26;4;21
17;2025-12-26;5;329
17;2025-12-26;6;1518
17;2025-12-26;7;3949
17;2025-12-26;8;5041
17;2025-12-26;9;3760
17;2025-12-26;10;3154
17;2025-12-26;11;3049
17;2025-12-26;12;3098
17;2025-12-26;13;3172
17;2025-12-26;14;3275
17;2025-12-26;15;3534
17;2025-12-26;16;3997
17;2025-12-26;17;4473
17;2025-12-26;18;4399
17;2025-12-26;19;3239
17;2025-12-26;20;2280
17;2025-12-26;21;1515
17;2025-12-26;22;892
17;2025-12-26;23;439
17;2025-12-27;0;176
17;2025-12-27;1;11
17;2025-12-27;2;0
17;2025-12-27;3;0
17;2025-12-27;4;1
17;2025-12-27;5;111
17;2025-12-27;6;598
17;2025-12-27;7;1181
17;2025-12-27;8;1639
17;2025-12-27;9;2099
17;2025-12-27;10;2422
17;2025-12-27;11;2786
17;2025-12-27;12;3009
17;2025-12-27;13;3146
17;2025-12-27;14;3248
17;2025-12-27;15;3330
17;2025-12-27;16;3321
17;2025-12-27;17;3231
17;2025-12-27;18;2917
17;2025-12-27;19;2439
17;2025-12-27;20;1889
17;2025-12-27;21;1354
17;2025-12-27;22;864
17;2025-12-27;23;448
17;2025-12-28;0;162
17;2025-12-28;1;10
17;2025-12-28;2;0
17;2025-12-28;3;0
17;2025-12-28;4;1
17;2025-12-28;5;77
17;2025-12-28;6;402
17;2025-12-28;7;768
17;2025-12-28;8;1150
17;2025-12-28;9;1648
17;2025-12-28;10;1980
17;2025-12-28;11;2379
17;2025-12-28;12;2650
17;2025-12-28;13;2808
17;2025-12-28;14;2940
17;2025-12-28;15;2970
17;2025-12-28;16;2928
17;2025-12-28;17;2846
17;2025-12-28;18;2533
17;2025-12-28;19;2093
17;2025-12-28;20;1606
17;2025-12-28;21;1134
17;2025-12-28;22;698
17;2025-12-28;23;315
17;2025-12-29;0;115
17;2025-12-29;1;13
17;2025-12-29;2;0
17;2025-12-29;3;0
17;2025-12-29;4;22
17;2025-12-29;5;319
17;2025-12-29;6;1478
17;2025-12-29;7;3878
17;2025-12-29;8;5034
17;2025-12-29;9;3662
17;2025-12-29;10;2945
17;2025-12-29;11;2839
17;2025-12-29;12;2865
17;2025-12-29;13;2919
17;2025-12-29;14;2988
17;2025-12-29;15;3176
17;2025-12-29;16;3560
17;2025-12-29;17;4304
17;2025-12-29;18;4604
17;2025-12-29;19;3376
17;2025-12-29;20;2235
17;2025-12-29;21;1413
17;2025-12-29;22;772
17;2025-12-29;23;338
17;2025-12-30;0;117
17;2025-12-30;1;12
17;2025-12-30;2;1
17;2025-12-30;3;2
17;2025-12-30;4;23
17;2025-12-30;5;326
17;2025-12-30;6;1497
17;2025-12-30;7;3946
17;2025-12-30;8;5116
17;2025-12-30;9;3746
17;2025-12-30;10;3006
17;2025-12-30;11;2852
17;2025-12-30;12;2933
17;2025-12-30;13;2964
17;2025-12-30;14;3042
17;2025-12-30;15;3199
17;2025-12-30;16;3606
17;2025-12-30;17;4370
17;2025-12-30;18;4666
17;2025-12-30;19;3455
17;2025-12-30;20;2295
17;2025-12-30;21;1463
17;2025-12-30;22;795
17;2025-12-30;23;356
17;2025-12-31;0;109
17;2025-12-31;1;5
17;2025-12-31;2;0
17;2025-12-31;3;0
17;2025-12-31;4;4
17;2025-12-31;5;83
17;2025-12-31;6;611
17;2025-12-31;7;1483
17;2025-12-31;8;2119
17;2025-12-31;9;1909
17;2025-12-31;10;1874
17;2025-12-31;11;2189
17;2025-12-31;12;2326
17;2025-12-31;13;2412
17;2025-12-31;14;2499
17;2025-12-31;15;2601
17;2025-12-31;16;2769
17;2025-12-31;17;2889
17;2025-12-31;18;2781
17;2025-12-31;19;2184
17;2025-12-31;20;1740
17;2025-12-31;21;1170
17;2025-12-31;22;718
17;2025-12-31;23;361
25;2025-11-01;0;2
25;2025-11-01;1;1
25;2025-11-01;2;1
25;2025-11-01;3;0
25;2025-11-01;4;4
25;2025-11-01;5;40
25;2025-11-01;6;193
25;2025-11-01;7;412
25;2025-11-01;8;655
25;2025-11-01;9;479
25;2025-11-01;10;458
25;2025-11-01;11;544
25;2025-11-01;12;580
25;2025-11-01;13;657
25;2025-11-01;14;649
25;2025-11-01;15;731
25;2025-11-01;16;759
25;2025-11-01;17;735
25;2025-11-01;18;718
25;2025-11-01;19;529
25;2025-11-01;20;375
25;2025-11-01;21;284
25;2025-11-01;22;150
25;2025-11-01;23;76
25;2025-11-02;0;20
25;2025-11-02;1;2
25;2025-11-02;2;0
25;2025-11-02;3;0
25;2025-11-02;4;4
25;2025-11-02;5;7
25;2025-11-02;6;44
25;2025-11-02;7;36
25;2025-11-02;8;112
25;2025-11-02;9;166
25;2025-11-02;10;212
25;2025-11-02;11;285
25;2025-11-02;12;359
25;2025-11-02;13;462
25;2025-11-02;14;510
25;2025-11-02;15;557
25;2025-11-02;16;497
25;2025-11-02;17;432
25;2025-11-02;18;380
25;2025-11-02;19;305
25;2025-11-02;20;215
25;2025-11-02;21;173
25;2025-11-02;22;114
25;2025-11-02;23;51
25;2025-11-03;0;13
25;2025-11-03;1;6
25;2025-11-03;2;5
25;2025-11-03;3;6
25;2025-11-03;4;4
25;2025-11-03;5;5
25;2025-11-03;6;44
25;2025-11-03;7;116
25;2025-11-03;8;290
25;2025-11-03;9;186
25;2025-11-03;10;155
25;2025-11-03;11;228
25;2025-11-03;12;301
25;2025-11-03;13;343
25;2025-11-03;14;337
25;2025-11-03;15;396
25;2025-11-03;16;427
25;2025-11-03;17;413
25;2025-11-03;18;440
25;2025-11-03;19;320
25;2025-11-03;20;261
25;2025-11-03;21;166
25;2025-11-03;22;98
25;2025-11-03;23;46
25;2025-11-04;0;6
25;2025-11-04;1;0
25;2025-11-04;2;0
25;2025-11-04;3;0
25;2025-11-04;4;0
25;2025-11-04;5;1
25;2025-11-04;6;24
25;2025-11-04;7;72
25;2025-11-04;8;220
25;2025-11-04;9;144
25;2025-11-04;10;138
25;2025-11-04;11;166
25;2025-11-04;12;232
25;2025-11-04;13;291
25;2025-11-04;14;310
25;2025-11-04;15;349
25;2025-11-04;16;376
25;2025-11-04;17;355
25;2025-11-04;18;304
25;2025-11-04;19;266
25;2025-11-04;20;212
25;2025-11-04;21;147
25;2025-11-04;22;89
25;2025-11-04;23;44
25;2025-11-05;0;1
25;2025-11-05;1;0
25;2025-11-05;2;0
25;2025-11-05;3;0
25;2025-11-05;4;3
25;2025-11-05;5;16
25;2025-11-05;6;195
25;2025-11-05;7;574
25;2025-11-05;8;1026
25;2025-11-05;9;492
25;2025-11-05;10;366
25;2025-11-05;11;422
25;2025-11-05;12;450
25;2025-11-05;13;520
25;2025-11-05;14;497
25;2025-11-05;15;573
25;2025-11-05;16;694
25;2025-11-05;17;810
25;2025-11-05;18;869
25;2025-11-05;19;554
25;2025-11-05;20;347
25;2025-11-05;21;201
25;2025-11-05;22;109
25;2025-11-05;23;8
25;2025-11-06;0;1
25;2025-11-06;1;0
25;2025-11-06;2;0
25;2025-11-06;3;0
25;2025-11-06;4;1
25;2025-11-06;5;12
25;2025-11-06;6;191
25;2025-11-06;7;567
25;2025-11-06;8;987
25;2025-11-06;9;480
25;2025-11-06;10;379
25;2025-11-06;11;419
25;2025-11-06;12;447
25;2025-11-06;13;511
25;2025-11-06;14;499
25;2025-11-06;15;570
25;2025-11-06;16;680
25;2025-11-06;17;811
25;2025-11-06;18;844
25;2025-11-06;19;544
25;2025-11-06;20;338
25;2025-11-06;21;208
25;2025-11-06;22;114
25;2025-11-06;23;7
25;2025-11-07;0;2
25;2025-11-07;1;1
25;2025-11-07;2;1
25;2025-11-07;3;1
25;2025-11-07;4;2
25;2025-11-07;5;13
25;2025-11-07;6;182
25;2025-11-07;7;567
25;2025-11-07;8;938
25;2025-11-07;9;483
25;2025-11-07;10;383
25;2025-11-07;11;423
25;2025-11-07;12;452
25;2025-11-07;13;522
25;2025-11-07;14;510
25;2025-11-07;15;615
25;2025-11-07;16;731
25;2025-11-07;17;795
25;2025-11-07;18;730
25;2025-11-07;19;493
25;2025-11-07;20;325
25;2025-11-07;21;209
25;2025-11-07;22;116
25;2025-11-07;23;12
25;2025-11-08;0;10
25;2025-11-08;1;3
25;2025-11-08;2;3
25;2025-11-08;3;2
25;2025-11-08;4;6
25;2025-11-08;5;19
25;2025-11-08;6;90
25;2025-11-08;7;152
25;2025-11-08;8;279
25;2025-11-08;9;311
25;2025-11-08;10;328
25;2025-11-08;11;432
25;2025-11-08;12;498
25;2025-11-08;13;595
25;2025-11-08;14;615
25;2025-11-08;15;690
25;2025-11-08;16;641
25;2025-11-08;17;576
25;2025-11-08;18;535
25;2025-11-08;19;432
25;2025-11-08;20;290
25;2025-11-08;21;225
25;2025-11-08;22;145
25;2025-11-08;23;63
25;2025-11-09;0;17
25;2025-11-09;1;2
25;2025-11-09;2;2
25;2025-11-09;3;2
25;2025-11-09;4;4
25;2025-11-09;5;22
25;2025-11-09;6;95
25;2025-11-09;7;128
25;2025-11-09;8;208
25;2025-11-09;9;241
25;2025-11-09;10;267
25;2025-11-09;11;321
25;2025-11-09;12;402
25;2025-11-09;13;468
25;2025-11-09;14;503
25;2025-11-09;15;556
25;2025-11-09;16;502
25;2025-11-09;17;463
25;2025-11-09;18;409
25;2025-11-09;19;321
25;2025-11-09;20;232
25;2025-11-09;21;182
25;2025-11-09;22;114
25;2025-11-09;23;41
25;2025-11-10;0;7
25;2025-11-10;1;0
25;2025-11-10;2;0
25;2025-11-10;3;0
25;2025-11-10;4;1
25;2025-11-10;5;16
25;2025-11-10;6;196
25;2025-11-10;7;579
25;2025-11-10;8;1000
25;2025-11-10;9;496
25;2025-11-10;10;360
25;2025-11-10;11;395
25;2025-11-10;12;423
25;2025-11-10;13;496
25;2025-11-10;14;466
25;2025-11-10;15;559
25;2025-11-10;16;688
25;2025-11-10;17;793
25;2025-11-10;18;877
25;2025-11-10;19;540
25;2025-11-10;20;333
25;2025-11-10;21;204
25;2025-11-10;22;101
25;2025-11-10;23;7
25;2025-11-11;0;2
25;2025-11-11;1;1
25;2025-11-11;2;0
25;2025-11-11;3;0
25;2025-11-11;4;1
25;2025-11-11;5;16
25;2025-11-11;6;195
25;2025-11-11;7;580
25;2025-11-11;8;1003
25;2025-11-11;9;510
25;2025-11-11;10;385
25;2025-11-11;11;420
25;2025-11-11;12;434
25;2025-11-11;13;498
25;2025-11-11;14;493
25;2025-11-11;15;577
25;2025-11-11;16;694
25;2025-11-11;17;792
25;2025-11-11;18;858
25;2025-11-11;19;555
25;2025-11-11;20;347
25;2025-11-11;21;210
25;2025-11-11;22;110
25;2025-11-11;23;15
25;2025-11-12;0;1
25;2025-11-12;1;0
25;2025-11-12;2;0
25;2025-11-12;3;0
25;2025-11-12;4;1
25;2025-11-12;5;16
25;2025-11-12;6;199
25;2025-11-12;7;584
25;2025-11-12;8;1040
25;2025-11-12;9;508
25;2025-11-12;10;381
25;2025-11-12;11;429
25;2025-11-12;12;454
25;2025-11-12;13;521
25;2025-11-12;14;495
25;2025-11-12;15;580
25;2025-11-12;16;703
25;2025-11-12;17;813
25;2025-11-12;18;873
25;2025-11-12;19;556
25;2025-11-12;20;358
25;2025-11-12;21;214
25;2025-11-12;22;115
25;2025-11-12;23;12
25;2025-11-13;0;1
25;2025-11-13;1;0
25;2025-11-13;2;0
25;2025-11-13;3;0
25;2025-11-13;4;1
25;2025-11-13;5;16
25;2025-11-13;6;204
25;2025-11-13;7;587
25;2025-11-13;8;1028
25;2025-11-13;9;514
25;2025-11-13;10;401
25;2025-11-13;11;431
25;2025-11-13;12;453
25;2025-11-13;13;517
25;2025-11-13;14;507
25;2025-11-13;15;587
25;2025-11-13;16;703
25;2025-11-13;17;821
25;2025-11-13;18;857
25;2025-11-13;19;553
25;2025-11-13;20;347
25;2025-11-13;21;211
25;2025-11-13;22;116
25;2025-11-13;23;12
25;2025-11-14;0;0
25;2025-11-14;1;0
25;2025-11-14;2;0
25;2025-11-14;3;0
25;2025-11-14;4;0
25;2025-11-14;5;12
25;2025-11-14;6;183
25;2025-11-14;7;582
25;2025-11-14;8;961
25;2025-11-14;9;506
25;2025-11-14;10;396
25;2025-11-14;11;446
25;2025-11-14;12;469
25;2025-11-14;13;537
25;2025-11-14;14;530
25;2025-11-14;15;637
25;2025-11-14;16;757
25;2025-11-14;17;817
25;2025-11-14;18;745
25;2025-11-14;19;499
25;2025-11-14;20;329
25;2025-11-14;21;205
25;2025-11-14;22;116
25;2025-11-14;23;12
25;2025-11-15;0;3
25;2025-11-15;1;0
25;2025-11-15;2;0
25;2025-11-15;3;0
25;2025-11-15;4;0
25;2025-11-15;5;13
25;2025-11-15;6;87
25;2025-11-15;7;132
25;2025-11-15;8;267
25;2025-11-15;9;291
25;2025-11-15;10;314
25;2025-11-15;11;390
25;2025-11-15;12;442
25;2025-11-15;13;546
25;2025-11-15;14;570
25;2025-11-15;15;663
25;2025-11-15;16;612
25;2025-11-15;17;550
25;2025-11-15;18;499
25;2025-11-15;19;392
25;2025-11-15;20;283
25;2025-11-15;21;217
25;2025-11-15;22;154
25;2025-11-15;23;69
25;2025-11-16;0;16
25;2025-11-16;1;1
25;2025-11-16;2;1
25;2025-11-16;3;1
25;2025-11-16;4;3
25;2025-11-16;5;24
25;2025-11-16;6;87
25;2025-11-16;7;111
25;2025-11-16;8;194
25;2025-11-16;9;240
25;2025-11-16;10;280
25;2025-11-16;11;346
25;2025-11-16;12;428
25;2025-11-16;13;515
25;2025-11-16;14;556
25;2025-11-16;15;595
25;2025-11-16;16;534
25;2025-11-16;17;466
25;2025-11-16;18;411
25;2025-11-16;19;321
25;2025-11-16;20;231
25;2025-11-16;21;184
25;2025-11-16;22;115
25;2025-11-16;23;42
25;2025-11-17;0;6
25;2025-11-17;1;0
25;2025-11-17;2;0
25;2025-11-17;3;0
25;2025-11-17;4;1
25;2025-11-17;5;14
25;2025-11-17;6;188
25;2025-11-17;7;576
25;2025-11-17;8;1003
25;2025-11-17;9;495
25;2025-11-17;10;360
25;2025-11-17;11;391
25;2025-11-17;12;411
25;2025-11-17;13;487
25;2025-11-17;14;448
25;2025-11-17;15;545
25;2025-11-17;16;660
25;2025-11-17;17;778
25;2025-11-17;18;851
25;2025-11-17;19;522
25;2025-11-17;20;321
25;2025-11-17;21;191
25;2025-11-17;22;96
25;2025-11-17;23;5
25;2025-11-18;0;1
25;2025-11-18;1;0
25;2025-11-18;2;0
25;2025-11-18;3;0
25;2025-11-18;4;1
25;2025-11-18;5;5
25;2025-11-18;6;187
25;2025-11-18;7;589
25;2025-11-18;8;1026
25;2025-11-18;9;522
25;2025-11-18;10;381
25;2025-11-18;11;416
25;2025-11-18;12;421
25;2025-11-18;13;480
25;2025-11-18;14;466
25;2025-11-18;15;545
25;2025-11-18;16;666
25;2025-11-18;17;775
25;2025-11-18;18;836
25;2025-11-18;19;535
25;2025-11-18;20;332
25;2025-11-18;21;200
25;2025-11-18;22;105
25;2025-11-18;23;10
25;2025-11-19;0;0
25;2025-11-19;1;0
25;2025-11-19;2;0
25;2025-11-19;3;0
25;2025-11-19;4;0
25;2025-11-19;5;12
25;2025-11-19;6;197
25;2025-11-19;7;590
25;2025-11-19;8;1042
25;2025-11-19;9;510
25;2025-11-19;10;382
25;2025-11-19;11;429
25;2025-11-19;12;455
25;2025-11-19;13;530
25;2025-11-19;14;508
25;2025-11-19;15;594
25;2025-11-19;16;715
25;2025-11-19;17;827
25;2025-11-19;18;890
25;2025-11-19;19;572
25;2025-11-19;20;362
25;2025-11-19;21;220
25;2025-11-19;22;116
25;2025-11-19;23;13
25;2025-11-20;0;3
25;2025-11-20;1;2
25;2025-11-20;2;2
25;2025-11-20;3;1
25;2025-11-20;4;1
25;2025-11-20;5;13
25;2025-11-20;6;193
25;2025-11-20;7;584
25;2025-11-20;8;1018
25;2025-11-20;9;509
25;2025-11-20;10;396
25;2025-11-20;11;431
25;2025-11-20;12;459
25;2025-11-20;13;520
25;2025-11-20;14;513
25;2025-11-20;15;597
25;2025-11-20;16;711
25;2025-11-20;17;825
25;2025-11-20;18;867
25;2025-11-20;19;566
25;2025-11-20;20;348
25;2025-11-20;21;212
25;2025-11-20;22;116
25;2025-11-20;23;9
25;2025-11-21;0;0
25;2025-11-21;1;0
25;2025-11-21;2;0
25;2025-11-21;3;0
25;2025-11-21;4;0
25;2025-11-21;5;15
25;2025-11-21;6;183
25;2025-11-21;7;579
25;2025-11-21;8;952
25;2025-11-21;9;501
25;2025-11-21;10;389
25;2025-11-21;11;435
25;2025-11-21;12;455
25;2025-11-21;13;523
25;2025-11-21;14;515
25;2025-11-21;15;625
25;2025-11-21;16;747
25;2025-11-21;17;812
25;2025-11-21;18;747
25;2025-11-21;19;503
25;2025-11-21;20;333
25;2025-11-21;21;212
25;2025-11-21;22;122
25;2025-11-21;23;21
25;2025-11-22;0;7
25;2025-11-22;1;0
25;2025-11-22;2;0
25;2025-11-22;3;0
25;2025-11-22;4;3
25;2025-11-22;5;25
25;2025-11-22;6;104
25;2025-11-22;7;160
25;2025-11-22;8;294
25;2025-11-22;9;325
25;2025-11-22;10;340
25;2025-11-22;11;416
25;2025-11-22;12;476
25;2025-11-22;13;567
25;2025-11-22;14;586
25;2025-11-22;15;655
25;2025-11-22;16;605
25;2025-11-22;17;552
25;2025-11-22;18;512
25;2025-11-22;19;413
25;2025-11-22;20;290
25;2025-11-22;21;218
25;2025-11-22;22;142
25;2025-11-22;23;59
25;2025-11-23;0;15
25;2025-11-23;1;0
25;2025-11-23;2;0
25;2025-11-23;3;0
25;2025-11-23;4;1
25;2025-11-23;5;22
25;2025-11-23;6;83
25;2025-11-23;7;110
25;2025-11-23;8;201
25;2025-11-23;9;248
25;2025-11-23;10;275
25;2025-11-23;11;337
25;2025-11-23;12;436
25;2025-11-23;13;512
25;2025-11-23;14;564
25;2025-11-23;15;621
25;2025-11-23;16;558
25;2025-11-23;17;481
25;2025-11-23;18;431
25;2025-11-23;19;333
25;2025-11-23;20;240
25;2025-11-23;21;187
25;2025-11-23;22;113
25;2025-11-23;23;42
25;2025-11-24;0;7
25;2025-11-24;1;3
25;2025-11-24;2;2
25;2025-11-24;3;3
25;2025-11-24;4;6
25;2025-11-24;5;18
25;2025-11-24;6;194
25;2025-11-24;7;610
25;2025-11-24;8;1031
25;2025-11-24;9;502
25;2025-11-24;10;363
25;2025-11-24;11;392
25;2025-11-24;12;419
25;2025-11-24;13;475
25;2025-11-24;14;439
25;2025-11-24;15;538
25;2025-11-24;16;672
25;2025-11-24;17;781
25;2025-11-24;18;861
25;2025-11-24;19;527
25;2025-11-24;20;330
25;2025-11-24;21;196
25;2025-11-24;22;96
25;2025-11-24;23;9
25;2025-11-25;0;0
25;2025-11-25;1;0
25;2025-11-25;2;0
25;2025-11-25;3;0
25;2025-11-25;4;0
25;2025-11-25;5;13
25;2025-11-25;6;190
25;2025-11-25;7;576
25;2025-11-25;8;987
25;2025-11-25;9;497
25;2025-11-25;10;373
25;2025-11-25;11;408
25;2025-11-25;12;427
25;2025-11-25;13;486
25;2025-11-25;14;481
25;2025-11-25;15;563
25;2025-11-25;16;683
25;2025-11-25;17;781
25;2025-11-25;18;843
25;2025-11-25;19;545
25;2025-11-25;20;336
25;2025-11-25;21;201
25;2025-11-25;22;107
25;2025-11-25;23;14
25;2025-11-26;0;1
25;2025-11-26;1;2
25;2025-11-26;2;2
25;2025-11-26;3;2
25;2025-11-26;4;4
25;2025-11-26;5;19
25;2025-11-26;6;209
25;2025-11-26;7;609
25;2025-11-26;8;1070
25;2025-11-26;9;534
25;2025-11-26;10;394
25;2025-11-26;11;438
25;2025-11-26;12;461
25;2025-11-26;13;529
25;2025-11-26;14;498
25;2025-11-26;15;588
25;2025-11-26;16;709
25;2025-11-26;17;817
25;2025-11-26;18;880
25;2025-11-26;19;564
25;2025-11-26;20;360
25;2025-11-26;21;216
25;2025-11-26;22;117
25;2025-11-26;23;14
25;2025-11-27;0;1
25;2025-11-27;1;0
25;2025-11-27;2;0
25;2025-11-27;3;0
25;2025-11-27;4;1
25;2025-11-27;5;14
25;2025-11-27;6;197
25;2025-11-27;7;578
25;2025-11-27;8;1008
25;2025-11-27;9;503
25;2025-11-27;10;393
25;2025-11-27;11;422
25;2025-11-27;12;445
25;2025-11-27;13;504
25;2025-11-27;14;490
25;2025-11-27;15;573
25;2025-11-27;16;687
25;2025-11-27;17;809
25;2025-11-27;18;854
25;2025-11-27;19;554
25;2025-11-27;20;338
25;2025-11-27;21;210
25;2025-11-27;22;119
25;2025-11-27;23;10
25;2025-11-28;0;0
25;2025-11-28;1;0
25;2025-11-28;2;0
25;2025-11-28;3;0
25;2025-11-28;4;0
25;2025-11-28;5;9
25;2025-11-28;6;180
25;2025-11-28;7;577
25;2025-11-28;8;947
25;2025-11-28;9;501
25;2025-11-28;10;388
25;2025-11-28;11;431
25;2025-11-28;12;451
25;2025-11-28;13;517
25;2025-11-28;14;512
25;2025-11-28;15;618
25;2025-11-28;16;737
25;2025-11-28;17;806
25;2025-11-28;18;737
25;2025-11-28;19;494
25;2025-11-28;20;330
25;2025-11-28;21;209
25;2025-11-28;22;121
25;2025-11-28;23;17
25;2025-11-29;0;7
25;2025-11-29;1;0
25;2025-11-29;2;0
25;2025-11-29;3;0
25;2025-11-29;4;3
25;2025-11-29;5;23
25;2025-11-29;6;96
25;2025-11-29;7;143
25;2025-11-29;8;271
25;2025-11-29;9;304
25;2025-11-29;10;318
25;2025-11-29;11;394
25;2025-11-29;12;455
25;2025-11-29;13;542
25;2025-11-29;14;557
25;2025-11-29;15;622
25;2025-11-29;16;572
25;2025-11-29;17;528
25;2025-11-29;18;486
25;2025-11-29;19;390
25;2025-11-29;20;276
25;2025-11-29;21;208
25;2025-11-29;22;142
25;2025-11-29;23;62
25;2025-11-30;0;15
25;2025-11-30;1;1
25;2025-11-30;2;0
25;2025-11-30;3;0
25;2025-11-30;4;1
25;2025-11-30;5;20
25;2025-11-30;6;83
25;2025-11-30;7;114
25;2025-11-30;8;203
25;2025-11-30;9;253
25;2025-11-30;10;276
25;2025-11-30;11;333
25;2025-11-30;12;418
25;2025-11-30;13;491
25;2025-11-30;14;524
25;2025-11-30;15;579
25;2025-11-30;16;521
25;2025-11-30;17;485
25;2025-11-30;18;432
25;2025-11-30;19;340
25;2025-11-30;20;245
25;2025-11-30;21;194
25;2025-11-30;22;116
25;2025-11-30;23;45
25;2025-12-01;0;5
25;2025-12-01;1;0
25;2025-12-01;2;0
25;2025-12-01;3;0
25;2025-12-01;4;0
25;2025-12-01;5;1
25;2025-12-01;6;154
25;2025-12-01;7;537
25;2025-12-01;8;916
25;2025-12-01;9;441
25;2025-12-01;10;298
25;2025-12-01;11;315
25;2025-12-01;12;336
25;2025-12-01;13;403
25;2025-12-01;14;373
25;2025-12-01;15;463
25;2025-12-01;16;593
25;2025-12-01;17;691
25;2025-12-01;18;772
25;2025-12-01;19;460
25;2025-12-01;20;286
25;2025-12-01;21;167
25;2025-12-01;22;84
25;2025-12-01;23;2
25;2025-12-02;0;1
25;2025-12-02;1;0
25;2025-12-02;2;0
25;2025-12-02;3;0
25;2025-12-02;4;0
25;2025-12-02;5;3
25;2025-12-02;6;159
25;2025-12-02;7;540
25;2025-12-02;8;913
25;2025-12-02;9;455
25;2025-12-02;10;322
25;2025-12-02;11;338
25;2025-12-02;12;350
25;2025-12-02;13;409
25;2025-12-02;14;406
25;2025-12-02;15;483
25;2025-12-02;16;609
25;2025-12-02;17;711
25;2025-12-02;18;784
25;2025-12-02;19;505
25;2025-12-02;20;311
25;2025-12-02;21;185
25;2025-12-02;22;98
25;2025-12-02;23;10
25;2025-12-03;0;1
25;2025-12-03;1;0
25;2025-12-03;2;0
25;2025-12-03;3;0
25;2025-12-03;4;0
25;2025-12-03;5;5
25;2025-12-03;6;172
25;2025-12-03;7;556
25;2025-12-03;8;974
25;2025-12-03;9;472
25;2025-12-03;10;335
25;2025-12-03;11;368
25;2025-12-03;12;394
25;2025-12-03;13;460
25;2025-12-03;14;441
25;2025-12-03;15;525
25;2025-12-03;16;648
25;2025-12-03;17;758
25;2025-12-03;18;828
25;2025-12-03;19;521
25;2025-12-03;20;335
25;2025-12-03;21;201
25;2025-12-03;22;110
25;2025-12-03;23;10
25;2025-12-04;0;1
25;2025-12-04;1;0
25;2025-12-04;2;0
25;2025-12-04;3;0
25;2025-12-04;4;0
25;2025-12-04;5;4
25;2025-12-04;6;164
25;2025-12-04;7;546
25;2025-12-04;8;937
25;2025-12-04;9;462
25;2025-12-04;10;341
25;2025-12-04;11;364
25;2025-12-04;12;385
25;2025-12-04;13;440
25;2025-12-04;14;438
25;2025-12-04;15;520
25;2025-12-04;16;636
25;2025-12-04;17;758
25;2025-12-04;18;805
25;2025-12-04;19;517
25;2025-12-04;20;326
25;2025-12-04;21;201
25;2025-12-04;22;111
25;2025-12-04;23;12
25;2025-12-05;0;1
25;2025-12-05;1;0
25;2025-12-05;2;0
25;2025-12-05;3;0
25;2025-12-05;4;0
25;2025-12-05;5;3
25;2025-12-05;6;154
25;2025-12-05;7;545
25;2025-12-05;8;902
25;2025-12-05;9;464
25;2025-12-05;10;346
25;2025-12-05;11;376
25;2025-12-05;12;393
25;2025-12-05;13;460
25;2025-12-05;14;454
25;2025-12-05;15;560
25;2025-12-05;16;682
25;2025-12-05;17;751
25;2025-12-05;18;682
25;2025-12-05;19;446
25;2025-12-05;20;301
25;2025-12-05;21;195
25;2025-12-05;22;112
25;2025-12-05;23;12
25;2025-12-06;0;5
25;2025-12-06;1;0
25;2025-12-06;2;0
25;2025-12-06;3;0
25;2025-12-06;4;0
25;2025-12-06;5;8
25;2025-12-06;6;66
25;2025-12-06;7;125
25;2025-12-06;8;248
25;2025-12-06;9;269
25;2025-12-06;10;276
25;2025-12-06;11;343
25;2025-12-06;12;401
25;2025-12-06;13;489
25;2025-12-06;14;504
25;2025-12-06;15;561
25;2025-12-06;16;518
25;2025-12-06;17;457
25;2025-12-06;18;427
25;2025-12-06;19;364
25;2025-12-06;20;266
25;2025-12-06;21;203
25;2025-12-06;22;133
25;2025-12-06;23;56
25;2025-12-07;0;15
25;2025-12-07;1;0
25;2025-12-07;2;0
25;2025-12-07;3;0
25;2025-12-07;4;0
25;2025-12-07;5;7
25;2025-12-07;6;52
25;2025-12-07;7;90
25;2025-12-07;8;156
25;2025-12-07;9;192
25;2025-12-07;10;214
25;2025-12-07;11;273
25;2025-12-07;12;357
25;2025-12-07;13;433
25;2025-12-07;14;473
25;2025-12-07;15;514
25;2025-12-07;16;463
25;2025-12-07;17;416
25;2025-12-07;18;374
25;2025-12-07;19;302
25;2025-12-07;20;226
25;2025-12-07;21;178
25;2025-12-07;22;106
25;2025-12-07;23;36
25;2025-12-08;0;7
25;2025-12-08;1;0
25;2025-12-08;2;0
25;2025-12-08;3;0
25;2025-12-08;4;0
25;2025-12-08;5;4
25;2025-12-08;6;162
25;2025-12-08;7;546
25;2025-12-08;8;933
25;2025-12-08;9;453
25;2025-12-08;10;309
25;2025-12-08;11;333
25;2025-12-08;12;361
25;2025-12-08;13;434
25;2025-12-08;14;396
25;2025-12-08;15;486
25;2025-12-08;16;619
25;2025-12-08;17;727
25;2025-12-08;18;805
25;2025-12-08;19;481
25;2025-12-08;20;296
25;2025-12-08;21;175
25;2025-12-08;22;89
25;2025-12-08;23;2
25;2025-12-09;0;0
25;2025-12-09;1;0
25;2025-12-09;2;0
25;2025-12-09;3;1
25;2025-12-09;4;0
25;2025-12-09;5;1
25;2025-12-09;6;155
25;2025-12-09;7;535
25;2025-12-09;8;918
25;2025-12-09;9;451
25;2025-12-09;10;319
25;2025-12-09;11;347
25;2025-12-09;12;361
25;2025-12-09;13;422
25;2025-12-09;14;415
25;2025-12-09;15;492
25;2025-12-09;16;613
25;2025-12-09;17;713
25;2025-12-09;18;783
25;2025-12-09;19;495
25;2025-12-09;20;301
25;2025-12-09;21;175
25;2025-12-09;22;93
25;2025-12-09;23;5
25;2025-12-10;0;0
25;2025-12-10;1;1
25;2025-12-10;2;1
25;2025-12-10;3;0
25;2025-12-10;4;0
25;2025-12-10;5;1
25;2025-12-10;6;168
25;2025-12-10;7;547
25;2025-12-10;8;966
25;2025-12-10;9;464
25;2025-12-10;10;329
25;2025-12-10;11;363
25;2025-12-10;12;389
25;2025-12-10;13;451
25;2025-12-10;14;430
25;2025-12-10;15;519
25;2025-12-10;16;648
25;2025-12-10;17;759
25;2025-12-10;18;828
25;2025-12-10;19;519
25;2025-12-10;20;329
25;2025-12-10;21;194
25;2025-12-10;22;105
25;2025-12-10;23;8
25;2025-12-11;0;2
25;2025-12-11;1;0
25;2025-12-11;2;0
25;2025-12-11;3;0
25;2025-12-11;4;0
25;2025-12-11;5;1
25;2025-12-11;6;160
25;2025-12-11;7;542
25;2025-12-11;8;949
25;2025-12-11;9;462
25;2025-12-11;10;342
25;2025-12-11;11;360
25;2025-12-11;12;386
25;2025-12-11;13;433
25;2025-12-11;14;431
25;2025-12-11;15;510
25;2025-12-11;16;627
25;2025-12-11;17;746
25;2025-12-11;18;791
25;2025-12-11;19;506
25;2025-12-11;20;316
25;2025-12-11;21;192
25;2025-12-11;22;109
25;2025-12-11;23;10
25;2025-12-12;0;2
25;2025-12-12;1;1
25;2025-12-12;2;1
25;2025-12-12;3;1
25;2025-12-12;4;0
25;2025-12-12;5;1
25;2025-12-12;6;147
25;2025-12-12;7;531
25;2025-12-12;8;890
25;2025-12-12;9;453
25;2025-12-12;10;341
25;2025-12-12;11;374
25;2025-12-12;12;396
25;2025-12-12;13;447
25;2025-12-12;14;436
25;2025-12-12;15;532
25;2025-12-12;16;667
25;2025-12-12;17;744
25;2025-12-12;18;667
25;2025-12-12;19;444
25;2025-12-12;20;295
25;2025-12-12;21;188
25;2025-12-12;22;111
25;2025-12-12;23;8
25;2025-12-13;0;5
25;2025-12-13;1;0
25;2025-12-13;2;0
25;2025-12-13;3;0
25;2025-12-13;4;0
25;2025-12-13;5;5
25;2025-12-13;6;52
25;2025-12-13;7;118
25;2025-12-13;8;241
25;2025-12-13;9;272
25;2025-12-13;10;284
25;2025-12-13;11;354
25;2025-12-13;12;416
25;2025-12-13;13;502
25;2025-12-13;14;515
25;2025-12-13;15;572
25;2025-12-13;16;532
25;2025-12-13;17;472
25;2025-12-13;18;440
25;2025-12-13;19;356
25;2025-12-13;20;264
25;2025-12-13;21;204
25;2025-12-13;22;137
25;2025-12-13;23;56
25;2025-12-14;0;12
25;2025-12-14;1;1
25;2025-12-14;2;0
25;2025-12-14;3;0
25;2025-12-14;4;0
25;2025-12-14;5;2
25;2025-12-14;6;39
25;2025-12-14;7;82
25;2025-12-14;8;160
25;2025-12-14;9;200
25;2025-12-14;10;228
25;2025-12-14;11;266
25;2025-12-14;12;350
25;2025-12-14;13;423
25;2025-12-14;14;457
25;2025-12-14;15;501
25;2025-12-14;16;459
25;2025-12-14;17;417
25;2025-12-14;18;375
25;2025-12-14;19;302
25;2025-12-14;20;228
25;2025-12-14;21;185
25;2025-12-14;22;118
25;2025-12-14;23;41
25;2025-12-15;0;7
25;2025-12-15;1;1
25;2025-12-15;2;0
25;2025-12-15;3;0
25;2025-12-15;4;0
25;2025-12-15;5;5
25;2025-12-15;6;162
25;2025-12-15;7;553
25;2025-12-15;8;952
25;2025-12-15;9;462
25;2025-12-15;10;316
25;2025-12-15;11;342
25;2025-12-15;12;372
25;2025-12-15;13;438
25;2025-12-15;14;410
25;2025-12-15;15;500
25;2025-12-15;16;631
25;2025-12-15;17;748
25;2025-12-15;18;829
25;2025-12-15;19;498
25;2025-12-15;20;307
25;2025-12-15;21;187
25;2025-12-15;22;93
25;2025-12-15;23;5
25;2025-12-16;0;2
25;2025-12-16;1;1
25;2025-12-16;2;0
25;2025-12-16;3;1
25;2025-12-16;4;0
25;2025-12-16;5;1
25;2025-12-16;6;159
25;2025-12-16;7;548
25;2025-12-16;8;929
25;2025-12-16;9;460
25;2025-12-16;10;341
25;2025-12-16;11;354
25;2025-12-16;12;363
25;2025-12-16;13;406
25;2025-12-16;14;402
25;2025-12-16;15;484
25;2025-12-16;16;606
25;2025-12-16;17;704
25;2025-12-16;18;779
25;2025-12-16;19;496
25;2025-12-16;20;303
25;2025-12-16;21;178
25;2025-12-16;22;96
25;2025-12-16;23;6
25;2025-12-17;0;2
25;2025-12-17;1;1
25;2025-12-17;2;1
25;2025-12-17;3;1
25;2025-12-17;4;0
25;2025-12-17;5;1
25;2025-12-17;6;163
25;2025-12-17;7;541
25;2025-12-17;8;970
25;2025-12-17;9;464
25;2025-12-17;10;331
25;2025-12-17;11;362
25;2025-12-17;12;387
25;2025-12-17;13;455
25;2025-12-17;14;440
25;2025-12-17;15;530
25;2025-12-17;16;648
25;2025-12-17;17;755
25;2025-12-17;18;827
25;2025-12-17;19;522
25;2025-12-17;20;328
25;2025-12-17;21;195
25;2025-12-17;22;107
25;2025-12-17;23;8
25;2025-12-18;0;2
25;2025-12-18;1;0
25;2025-12-18;2;0
25;2025-12-18;3;1
25;2025-12-18;4;0
25;2025-12-18;5;2
25;2025-12-18;6;163
25;2025-12-18;7;540
25;2025-12-18;8;945
25;2025-12-18;9;458
25;2025-12-18;10;340
25;2025-12-18;11;357
25;2025-12-18;12;384
25;2025-12-18;13;438
25;2025-12-18;14;436
25;2025-12-18;15;518
25;2025-12-18;16;634
25;2025-12-18;17;751
25;2025-12-18;18;796
25;2025-12-18;19;506
25;2025-12-18;20;317
25;2025-12-18;21;193
25;2025-12-18;22;110
25;2025-12-18;23;11
25;2025-12-19;0;2
25;2025-12-19;1;1
25;2025-12-19;2;1
25;2025-12-19;3;1
25;2025-12-19;4;0
25;2025-12-19;5;1
25;2025-12-19;6;148
25;2025-12-19;7;542
25;2025-12-19;8;905
25;2025-12-19;9;462
25;2025-12-19;10;348
25;2025-12-19;11;371
25;2025-12-19;12;391
25;2025-12-19;13;456
25;2025-12-19;14;456
25;2025-12-19;15;566
25;2025-12-19;16;686
25;2025-12-19;17;740
25;2025-12-19;18;679
25;2025-12-19;19;445
25;2025-12-19;20;296
25;2025-12-19;21;189
25;2025-12-19;22;113
25;2025-12-19;23;11
25;2025-12-20;0;5
25;2025-12-20;1;0
25;2025-12-20;2;0
25;2025-12-20;3;0
25;2025-12-20;4;0
25;2025-12-20;5;6
25;2025-12-20;6;62
25;2025-12-20;7;117
25;2025-12-20;8;241
25;2025-12-20;9;266
25;2025-12-20;10;274
25;2025-12-20;11;333
25;2025-12-20;12;390
25;2025-12-20;13;480
25;2025-12-20;14;496
25;2025-12-20;15;548
25;2025-12-20;16;507
25;2025-12-20;17;446
25;2025-12-20;18;419
25;2025-12-20;19;349
25;2025-12-20;20;257
25;2025-12-20;21;196
25;2025-12-20;22;128
25;2025-12-20;23;51
25;2025-12-21;0;11
25;2025-12-21;1;0
25;2025-12-21;2;0
25;2025-12-21;3;0
25;2025-12-21;4;0
25;2025-12-21;5;2
25;2025-12-21;6;54
25;2025-12-21;7;89
25;2025-12-21;8;165
25;2025-12-21;9;201
25;2025-12-21;10;223
25;2025-12-21;11;262
25;2025-12-21;12;342
25;2025-12-21;13;413
25;2025-12-21;14;452
25;2025-12-21;15;489
25;2025-12-21;16;438
25;2025-12-21;17;398
25;2025-12-21;18;364
25;2025-12-21;19;291
25;2025-12-21;20;218
25;2025-12-21;21;174
25;2025-12-21;22;102
25;2025-12-21;23;32
25;2025-12-22;0;6
25;2025-12-22;1;1
25;2025-12-22;2;1
25;2025-12-22;3;1
25;2025-12-22;4;0
25;2025-12-22;5;1
25;2025-12-22;6;161
25;2025-12-22;7;540
25;2025-12-22;8;938
25;2025-12-22;9;449
25;2025-12-22;10;305
25;2025-12-22;11;317
25;2025-12-22;12;342
25;2025-12-22;13;403
25;2025-12-22;14;371
25;2025-12-22;15;468
25;2025-12-22;16;609
25;2025-12-22;17;723
25;2025-12-22;18;802
25;2025-12-22;19;481
25;2025-12-22;20;296
25;2025-12-22;21;173
25;2025-12-22;22;84
25;2025-12-22;23;2
25;2025-12-23;0;1
25;2025-12-23;1;0
25;2025-12-23;2;0
25;2025-12-23;3;0
25;2025-12-23;4;0
25;2025-12-23;5;1
25;2025-12-23;6;156
25;2025-12-23;7;550
25;2025-12-23;8;934
25;2025-12-23;9;461
25;2025-12-23;10;326
25;2025-12-23;11;351
25;2025-12-23;12;367
25;2025-12-23;13;423
25;2025-12-23;14;415
25;2025-12-23;15;493
25;2025-12-23;16;613
25;2025-12-23;17;717
25;2025-12-23;18;784
25;2025-12-23;19;498
25;2025-12-23;20;304
25;2025-12-23;21;180
25;2025-12-23;22;94
25;2025-12-23;23;9
25;2025-12-24;0;2
25;2025-12-24;1;0
25;2025-12-24;2;0
25;2025-12-24;3;0
25;2025-12-24;4;0
25;2025-12-24;5;1
25;2025-12-24;6;164
25;2025-12-24;7;559
25;2025-12-24;8;988
25;2025-12-24;9;474
25;2025-12-24;10;333
25;2025-12-24;11;366
25;2025-12-24;12;393
25;2025-12-24;13;459
25;2025-12-24;14;437
25;2025-12-24;15;516
25;2025-12-24;16;644
25;2025-12-24;17;758
25;2025-12-24;18;827
25;2025-12-24;19;515
25;2025-12-24;20;326
25;2025-12-24;21;193
25;2025-12-24;22;103
25;2025-12-24;23;6
25;2025-12-25;0;1
25;2025-12-25;1;0
25;2025-12-25;2;0
25;2025-12-25;3;0
25;2025-12-25;4;1
25;2025-12-25;5;6
25;2025-12-25;6;172
25;2025-12-25;7;531
25;2025-12-25;8;937
25;2025-12-25;9;483
25;2025-12-25;10;365
25;2025-12-25;11;390
25;2025-12-25;12;421
25;2025-12-25;13;475
25;2025-12-25;14;472
25;2025-12-25;15;547
25;2025-12-25;16;660
25;2025-12-25;17;768
25;2025-12-25;18;820
25;2025-12-25;19;522
25;2025-12-25;20;320
25;2025-12-25;21;197
25;2025-12-25;22;113
25;2025-12-25;23;11
25;2025-12-26;0;0
25;2025-12-26;1;0
25;2025-12-26;2;0
25;2025-12-26;3;0
25;2025-12-26;4;2
25;2025-12-26;5;4
25;2025-12-26;6;159
25;2025-12-26;7;526
25;2025-12-26;8;892
25;2025-12-26;9;477
25;2025-12-26;10;357
25;2025-12-26;11;391
25;2025-12-26;12;411
25;2025-12-26;13;481
25;2025-12-26;14;479
25;2025-12-26;15;583
25;2025-12-26;16;704
25;2025-12-26;17;760
25;2025-12-26;18;698
25;2025-12-26;19;438
25;2025-12-26;20;291
25;2025-12-26;21;185
25;2025-12-26;22;114
25;2025-12-26;23;16
25;2025-12-27;0;8
25;2025-12-27;1;3
25;2025-12-27;2;2
25;2025-12-27;3;4
25;2025-12-27;4;9
25;2025-12-27;5;16
25;2025-12-27;6;70
25;2025-12-27;7;122
25;2025-12-27;8;243
25;2025-12-27;9;271
25;2025-12-27;10;288
25;2025-12-27;11;363
25;2025-12-27;12;422
25;2025-12-27;13;515
25;2025-12-27;14;532
25;2025-12-27;15;604
25;2025-12-27;16;559
25;2025-12-27;17;459
25;2025-12-27;18;424
25;2025-12-27;19;360
25;2025-12-27;20;273
25;2025-12-27;21;208
25;2025-12-27;22;138
25;2025-12-27;23;64
25;2025-12-28;0;14
25;2025-12-28;1;1
25;2025-12-28;2;0
25;2025-12-28;3;1
25;2025-12-28;4;5
25;2025-12-28;5;13
25;2025-12-28;6;65
25;2025-12-28;7;88
25;2025-12-28;8;158
25;2025-12-28;9;211
25;2025-12-28;10;239
25;2025-12-28;11;285
25;2025-12-28;12;362
25;2025-12-28;13;429
25;2025-12-28;14;468
25;2025-12-28;15;506
25;2025-12-28;16;453
25;2025-12-28;17;398
25;2025-12-28;18;367
25;2025-12-28;19;299
25;2025-12-28;20;229
25;2025-12-28;21;183
25;2025-12-28;22;108
25;2025-12-28;23;43
25;2025-12-29;0;6
25;2025-12-29;1;1
25;2025-12-29;2;1
25;2025-12-29;3;1
25;2025-12-29;4;2
25;2025-12-29;5;7
25;2025-12-29;6;175
25;2025-12-29;7;524
25;2025-12-29;8;916
25;2025-12-29;9;462
25;2025-12-29;10;327
25;2025-12-29;11;358
25;2025-12-29;12;378
25;2025-12-29;13;446
25;2025-12-29;14;413
25;2025-12-29;15;506
25;2025-12-29;16;635
25;2025-12-29;17;733
25;2025-12-29;18;804
25;2025-12-29;19;495
25;2025-12-29;20;309
25;2025-12-29;21;182
25;2025-12-29;22;89
25;2025-12-29;23;8
25;2025-12-30;0;2
25;2025-12-30;1;2
25;2025-12-30;2;2
25;2025-12-30;3;2
25;2025-12-30;4;1
25;2025-12-30;5;6
25;2025-12-30;6;151
25;2025-12-30;7;494
25;2025-12-30;8;869
25;2025-12-30;9;445
25;2025-12-30;10;316
25;2025-12-30;11;338
25;2025-12-30;12;356
25;2025-12-30;13;407
25;2025-12-30;14;396
25;2025-12-30;15;470
25;2025-12-30;16;591
25;2025-12-30;17;663
25;2025-12-30;18;735
25;2025-12-30;19;494
25;2025-12-30;20;307
25;2025-12-30;21;181
25;2025-12-30;22;93
25;2025-12-30;23;7
25;2025-12-31;0;0
25;2025-12-31;1;0
25;2025-12-31;2;0
25;2025-12-31;3;0
25;2025-12-31;4;0
25;2025-12-31;5;1
25;2025-12-31;6;22
25;2025-12-31;7;47
25;2025-12-31;8;232
25;2025-12-31;9;108
25;2025-12-31;10;80
25;2025-12-31;11;124
25;2025-12-31;12;173
25;2025-12-31;13;231
25;2025-12-31;14;237
25;2025-12-31;15;301
25;2025-12-31;16;329
25;2025-12-31;17;282
25;2025-12-31;18;284
25;2025-12-31;19;238
25;2025-12-31;20;205
25;2025-12-31;21;140
25;2025-12-31;22;94
25;2025-12-31;23;31
26;2025-11-01;0;58
26;2025-11-01;1;8
26;2025-11-01;2;1
26;2025-11-01;3;1
26;2025-11-01;4;7
26;2025-11-01;5;123
26;2025-11-01;6;499
26;2025-11-01;7;1034
26;2025-11-01;8;1427
26;2025-11-01;9;1270
26;2025-11-01;10;1228
26;2025-11-01;11;1266
26;2025-11-01;12;1258
26;2025-11-01;13;1347
26;2025-11-01;14;1336
26;2025-11-01;15;1423
26;2025-11-01;16;1506
26;2025-11-01;17;1558
26;2025-11-01;18;1555
26;2025-11-01;19;1160
26;2025-11-01;20;856
26;2025-11-01;21;573
26;2025-11-01;22;371
26;2025-11-01;23;234
26;2025-11-02;0;51
26;2025-11-02;1;4
26;2025-11-02;2;0
26;2025-11-02;3;0
26;2025-11-02;4;1
26;2025-11-02;5;9
26;2025-11-02;6;97
26;2025-11-02;7;150
26;2025-11-02;8;263
26;2025-11-02;9;397
26;2025-11-02;10;507
26;2025-11-02;11;645
26;2025-11-02;12;713
26;2025-11-02;13;797
26;2025-11-02;14;784
26;2025-11-02;15;735
26;2025-11-02;16;701
26;2025-11-02;17;626
26;2025-11-02;18;570
26;2025-11-02;19;457
26;2025-11-02;20;366
26;2025-11-02;21;256
26;2025-11-02;22;160
26;2025-11-02;23;103
26;2025-11-03;0;39
26;2025-11-03;1;6
26;2025-11-03;2;2
26;2025-11-03;3;3
26;2025-11-03;4;1
26;2025-11-03;5;21
26;2025-11-03;6;206
26;2025-11-03;7;267
26;2025-11-03;8;594
26;2025-11-03;9;520
26;2025-11-03;10;533
26;2025-11-03;11;620
26;2025-11-03;12;680
26;2025-11-03;13;719
26;2025-11-03;14;699
26;2025-11-03;15;713
26;2025-11-03;16;729
26;2025-11-03;17;804
26;2025-11-03;18;821
26;2025-11-03;19;646
26;2025-11-03;20;478
26;2025-11-03;21;290
26;2025-11-03;22;148
26;2025-11-03;23;98
26;2025-11-04;0;35
26;2025-11-04;1;4
26;2025-11-04;2;0
26;2025-11-04;3;0
26;2025-11-04;4;1
26;2025-11-04;5;11
26;2025-11-04;6;167
26;2025-11-04;7;199
26;2025-11-04;8;536
26;2025-11-04;9;446
26;2025-11-04;10;437
26;2025-11-04;11;551
26;2025-11-04;12;601
26;2025-11-04;13;651
26;2025-11-04;14;643
26;2025-11-04;15;640
26;2025-11-04;16;652
26;2025-11-04;17;725
26;2025-11-04;18;729
26;2025-11-04;19;606
26;2025-11-04;20;445
26;2025-11-04;21;272
26;2025-11-04;22;141
26;2025-11-04;23;106
26;2025-11-05;0;33
26;2025-11-05;1;1
26;2025-11-05;2;0
26;2025-11-05;3;0
26;2025-11-05;4;4
26;2025-11-05;5;84
26;2025-11-05;6;510
26;2025-11-05;7;1178
26;2025-11-05;8;2113
26;2025-11-05;9;1466
26;2025-11-05;10;1171
26;2025-11-05;11;1132
26;2025-11-05;12;1149
26;2025-11-05;13;1188
26;2025-11-05;14;1232
26;2025-11-05;15;1323
26;2025-11-05;16;1461
26;2025-11-05;17;1740
26;2025-11-05;18;1878
26;2025-11-05;19;1283
26;2025-11-05;20;789
26;2025-11-05;21;469
26;2025-11-05;22;218
26;2025-11-05;23;118
26;2025-11-06;0;34
26;2025-11-06;1;1
26;2025-11-06;2;0
26;2025-11-06;3;0
26;2025-11-06;4;2
26;2025-11-06;5;73
26;2025-11-06;6;495
26;2025-11-06;7;1154
26;2025-11-06;8;2058
26;2025-11-06;9;1433
26;2025-11-06;10;1157
26;2025-11-06;11;1113
26;2025-11-06;12;1128
26;2025-11-06;13;1158
26;2025-11-06;14;1180
26;2025-11-06;15;1297
26;2025-11-06;16;1428
26;2025-11-06;17;1723
26;2025-11-06;18;1851
26;2025-11-06;19;1255
26;2025-11-06;20;777
26;2025-11-06;21;462
26;2025-11-06;22;219
26;2025-11-06;23;118
26;2025-11-07;0;36
26;2025-11-07;1;0
26;2025-11-07;2;0
26;2025-11-07;3;0
26;2025-11-07;4;2
26;2025-11-07;5;72
26;2025-11-07;6;494
26;2025-11-07;7;1147
26;2025-11-07;8;1966
26;2025-11-07;9;1400
26;2025-11-07;10;1181
26;2025-11-07;11;1107
26;2025-11-07;12;1137
26;2025-11-07;13;1179
26;2025-11-07;14;1203
26;2025-11-07;15;1369
26;2025-11-07;16;1519
26;2025-11-07;17;1709
26;2025-11-07;18;1538
26;2025-11-07;19;1103
26;2025-11-07;20;730
26;2025-11-07;21;443
26;2025-11-07;22;214
26;2025-11-07;23;132
26;2025-11-08;0;52
26;2025-11-08;1;6
26;2025-11-08;2;3
26;2025-11-08;3;3
26;2025-11-08;4;6
26;2025-11-08;5;46
26;2025-11-08;6;232
26;2025-11-08;7;364
26;2025-11-08;8;547
26;2025-11-08;9;661
26;2025-11-08;10;758
26;2025-11-08;11;917
26;2025-11-08;12;962
26;2025-11-08;13;1024
26;2025-11-08;14;1015
26;2025-11-08;15;975
26;2025-11-08;16;940
26;2025-11-08;17;925
26;2025-11-08;18;861
26;2025-11-08;19;714
26;2025-11-08;20;527
26;2025-11-08;21;370
26;2025-11-08;22;220
26;2025-11-08;23;148
26;2025-11-09;0;50
26;2025-11-09;1;5
26;2025-11-09;2;1
26;2025-11-09;3;1
26;2025-11-09;4;3
26;2025-11-09;5;24
26;2025-11-09;6;154
26;2025-11-09;7;238
26;2025-11-09;8;368
26;2025-11-09;9;490
26;2025-11-09;10;570
26;2025-11-09;11;710
26;2025-11-09;12;774
26;2025-11-09;13;825
26;2025-11-09;14;799
26;2025-11-09;15;756
26;2025-11-09;16;729
26;2025-11-09;17;697
26;2025-11-09;18;632
26;2025-11-09;19;494
26;2025-11-09;20;389
26;2025-11-09;21;275
26;2025-11-09;22;167
26;2025-11-09;23;100
26;2025-11-10;0;31
26;2025-11-10;1;2
26;2025-11-10;2;0
26;2025-11-10;3;0
26;2025-11-10;4;3
26;2025-11-10;5;77
26;2025-11-10;6;503
26;2025-11-10;7;1178
26;2025-11-10;8;2063
26;2025-11-10;9;1458
26;2025-11-10;10;1162
26;2025-11-10;11;1090
26;2025-11-10;12;1110
26;2025-11-10;13;1162
26;2025-11-10;14;1168
26;2025-11-10;15;1290
26;2025-11-10;16;1442
26;2025-11-10;17;1741
26;2025-11-10;18;1893
26;2025-11-10;19;1261
26;2025-11-10;20;770
26;2025-11-10;21;451
26;2025-11-10;22;201
26;2025-11-10;23;103
26;2025-11-11;0;32
26;2025-11-11;1;1
26;2025-11-11;2;0
26;2025-11-11;3;0
26;2025-11-11;4;3
26;2025-11-11;5;84
26;2025-11-11;6;525
26;2025-11-11;7;1218
26;2025-11-11;8;2147
26;2025-11-11;9;1513
26;2025-11-11;10;1212
26;2025-11-11;11;1149
26;2025-11-11;12;1175
26;2025-11-11;13;1201
26;2025-11-11;14;1227
26;2025-11-11;15;1347
26;2025-11-11;16;1506
26;2025-11-11;17;1808
26;2025-11-11;18;1939
26;2025-11-11;19;1311
26;2025-11-11;20;809
26;2025-11-11;21;475
26;2025-11-11;22;221
26;2025-11-11;23;119
26;2025-11-12;0;33
26;2025-11-12;1;1
26;2025-11-12;2;0
26;2025-11-12;3;0
26;2025-11-12;4;3
26;2025-11-12;5;78
26;2025-11-12;6;526
26;2025-11-12;7;1217
26;2025-11-12;8;2150
26;2025-11-12;9;1504
26;2025-11-12;10;1206
26;2025-11-12;11;1147
26;2025-11-12;12;1174
26;2025-11-12;13;1204
26;2025-11-12;14;1251
26;2025-11-12;15;1346
26;2025-11-12;16;1487
26;2025-11-12;17;1759
26;2025-11-12;18;1890
26;2025-11-12;19;1283
26;2025-11-12;20;799
26;2025-11-12;21;479
26;2025-11-12;22;219
26;2025-11-12;23;120
26;2025-11-13;0;34
26;2025-11-13;1;1
26;2025-11-13;2;0
26;2025-11-13;3;0
26;2025-11-13;4;2
26;2025-11-13;5;80
26;2025-11-13;6;513
26;2025-11-13;7;1191
26;2025-11-13;8;2112
26;2025-11-13;9;1482
26;2025-11-13;10;1197
26;2025-11-13;11;1142
26;2025-11-13;12;1147
26;2025-11-13;13;1182
26;2025-11-13;14;1207
26;2025-11-13;15;1333
26;2025-11-13;16;1466
26;2025-11-13;17;1743
26;2025-11-13;18;1866
26;2025-11-13;19;1261
26;2025-11-13;20;783
26;2025-11-13;21;464
26;2025-11-13;22;217
26;2025-11-13;23;123
26;2025-11-14;0;35
26;2025-11-14;1;1
26;2025-11-14;2;0
26;2025-11-14;3;0
26;2025-11-14;4;1
26;2025-11-14;5;78
26;2025-11-14;6;510
26;2025-11-14;7;1178
26;2025-11-14;8;2001
26;2025-11-14;9;1438
26;2025-11-14;10;1205
26;2025-11-14;11;1136
26;2025-11-14;12;1175
26;2025-11-14;13;1209
26;2025-11-14;14;1231
26;2025-11-14;15;1403
26;2025-11-14;16;1565
26;2025-11-14;17;1737
26;2025-11-14;18;1563
26;2025-11-14;19;1126
26;2025-11-14;20;746
26;2025-11-14;21;448
26;2025-11-14;22;208
26;2025-11-14;23;129
26;2025-11-15;0;47
26;2025-11-15;1;1
26;2025-11-15;2;1
26;2025-11-15;3;1
26;2025-11-15;4;1
26;2025-11-15;5;36
26;2025-11-15;6;209
26;2025-11-15;7;343
26;2025-11-15;8;543
26;2025-11-15;9;652
26;2025-11-15;10;754
26;2025-11-15;11;877
26;2025-11-15;12;911
26;2025-11-15;13;989
26;2025-11-15;14;981
26;2025-11-15;15;971
26;2025-11-15;16;932
26;2025-11-15;17;915
26;2025-11-15;18;835
26;2025-11-15;19;678
26;2025-11-15;20;522
26;2025-11-15;21;364
26;2025-11-15;22;226
26;2025-11-15;23;155
26;2025-11-16;0;50
26;2025-11-16;1;4
26;2025-11-16;2;0
26;2025-11-16;3;1
26;2025-11-16;4;3
26;2025-11-16;5;28
26;2025-11-16;6;145
26;2025-11-16;7;230
26;2025-11-16;8;366
26;2025-11-16;9;491
26;2025-11-16;10;590
26;2025-11-16;11;746
26;2025-11-16;12;817
26;2025-11-16;13;873
26;2025-11-16;14;862
26;2025-11-16;15;806
26;2025-11-16;16;772
26;2025-11-16;17;710
26;2025-11-16;18;633
26;2025-11-16;19;492
26;2025-11-16;20;394
26;2025-11-16;21;276
26;2025-11-16;22;170
26;2025-11-16;23;104
26;2025-11-17;0;31
26;2025-11-17;1;1
26;2025-11-17;2;0
26;2025-11-17;3;0
26;2025-11-17;4;2
26;2025-11-17;5;74
26;2025-11-17;6;499
26;2025-11-17;7;1176
26;2025-11-17;8;2066
26;2025-11-17;9;1455
26;2025-11-17;10;1160
26;2025-11-17;11;1085
26;2025-11-17;12;1092
26;2025-11-17;13;1122
26;2025-11-17;14;1121
26;2025-11-17;15;1250
26;2025-11-17;16;1409
26;2025-11-17;17;1722
26;2025-11-17;18;1874
26;2025-11-17;19;1247
26;2025-11-17;20;764
26;2025-11-17;21;439
26;2025-11-17;22;193
26;2025-11-17;23;100
26;2025-11-18;0;31
26;2025-11-18;1;1
26;2025-11-18;2;0
26;2025-11-18;3;1
26;2025-11-18;4;1
26;2025-11-18;5;67
26;2025-11-18;6;506
26;2025-11-18;7;1204
26;2025-11-18;8;2146
26;2025-11-18;9;1498
26;2025-11-18;10;1201
26;2025-11-18;11;1132
26;2025-11-18;12;1141
26;2025-11-18;13;1174
26;2025-11-18;14;1203
26;2025-11-18;15;1319
26;2025-11-18;16;1486
26;2025-11-18;17;1795
26;2025-11-18;18;1915
26;2025-11-18;19;1297
26;2025-11-18;20;803
26;2025-11-18;21;473
26;2025-11-18;22;218
26;2025-11-18;23;116
26;2025-11-19;0;35
26;2025-11-19;1;2
26;2025-11-19;2;2
26;2025-11-19;3;1
26;2025-11-19;4;4
26;2025-11-19;5;83
26;2025-11-19;6;529
26;2025-11-19;7;1223
26;2025-11-19;8;2152
26;2025-11-19;9;1506
26;2025-11-19;10;1213
26;2025-11-19;11;1150
26;2025-11-19;12;1174
26;2025-11-19;13;1220
26;2025-11-19;14;1270
26;2025-11-19;15;1370
26;2025-11-19;16;1509
26;2025-11-19;17;1784
26;2025-11-19;18;1919
26;2025-11-19;19;1313
26;2025-11-19;20;815
26;2025-11-19;21;496
26;2025-11-19;22;228
26;2025-11-19;23;124
26;2025-11-20;0;36
26;2025-11-20;1;3
26;2025-11-20;2;1
26;2025-11-20;3;1
26;2025-11-20;4;4
26;2025-11-20;5;80
26;2025-11-20;6;514
26;2025-11-20;7;1189
26;2025-11-20;8;2100
26;2025-11-20;9;1479
26;2025-11-20;10;1189
26;2025-11-20;11;1141
26;2025-11-20;12;1161
26;2025-11-20;13;1185
26;2025-11-20;14;1216
26;2025-11-20;15;1343
26;2025-11-20;16;1485
26;2025-11-20;17;1753
26;2025-11-20;18;1880
26;2025-11-20;19;1273
26;2025-11-20;20;786
26;2025-11-20;21;465
26;2025-11-20;22;217
26;2025-11-20;23;119
26;2025-11-21;0;35
26;2025-11-21;1;1
26;2025-11-21;2;0
26;2025-11-21;3;0
26;2025-11-21;4;1
26;2025-11-21;5;76
26;2025-11-21;6;494
26;2025-11-21;7;1162
26;2025-11-21;8;1990
26;2025-11-21;9;1421
26;2025-11-21;10;1191
26;2025-11-21;11;1125
26;2025-11-21;12;1157
26;2025-11-21;13;1200
26;2025-11-21;14;1224
26;2025-11-21;15;1398
26;2025-11-21;16;1559
26;2025-11-21;17;1735
26;2025-11-21;18;1566
26;2025-11-21;19;1126
26;2025-11-21;20;747
26;2025-11-21;21;456
26;2025-11-21;22;218
26;2025-11-21;23;140
26;2025-11-22;0;50
26;2025-11-22;1;4
26;2025-11-22;2;1
26;2025-11-22;3;1
26;2025-11-22;4;5
26;2025-11-22;5;47
26;2025-11-22;6;240
26;2025-11-22;7;380
26;2025-11-22;8;575
26;2025-11-22;9;691
26;2025-11-22;10;789
26;2025-11-22;11;915
26;2025-11-22;12;955
26;2025-11-22;13;1015
26;2025-11-22;14;1004
26;2025-11-22;15;969
26;2025-11-22;16;932
26;2025-11-22;17;917
26;2025-11-22;18;848
26;2025-11-22;19;698
26;2025-11-22;20;529
26;2025-11-22;21;366
26;2025-11-22;22;214
26;2025-11-22;23;145
26;2025-11-23;0;49
26;2025-11-23;1;3
26;2025-11-23;2;0
26;2025-11-23;3;0
26;2025-11-23;4;2
26;2025-11-23;5;27
26;2025-11-23;6;146
26;2025-11-23;7;233
26;2025-11-23;8;379
26;2025-11-23;9;505
26;2025-11-23;10;593
26;2025-11-23;11;742
26;2025-11-23;12;810
26;2025-11-23;13;880
26;2025-11-23;14;865
26;2025-11-23;15;812
26;2025-11-23;16;785
26;2025-11-23;17;717
26;2025-11-23;18;645
26;2025-11-23;19;499
26;2025-11-23;20;397
26;2025-11-23;21;276
26;2025-11-23;22;168
26;2025-11-23;23;100
26;2025-11-24;0;31
26;2025-11-24;1;2
26;2025-11-24;2;0
26;2025-11-24;3;0
26;2025-11-24;4;2
26;2025-11-24;5;70
26;2025-11-24;6;491
26;2025-11-24;7;1179
26;2025-11-24;8;2050
26;2025-11-24;9;1447
26;2025-11-24;10;1165
26;2025-11-24;11;1092
26;2025-11-24;12;1096
26;2025-11-24;13;1139
26;2025-11-24;14;1131
26;2025-11-24;15;1265
26;2025-11-24;16;1421
26;2025-11-24;17;1721
26;2025-11-24;18;1871
26;2025-11-24;19;1242
26;2025-11-24;20;763
26;2025-11-24;21;437
26;2025-11-24;22;195
26;2025-11-24;23;103
26;2025-11-25;0;31
26;2025-11-25;1;1
26;2025-11-25;2;0
26;2025-11-25;3;0
26;2025-11-25;4;3
26;2025-11-25;5;82
26;2025-11-25;6;528
26;2025-11-25;7;1209
26;2025-11-25;8;2127
26;2025-11-25;9;1496
26;2025-11-25;10;1197
26;2025-11-25;11;1129
26;2025-11-25;12;1161
26;2025-11-25;13;1188
26;2025-11-25;14;1215
26;2025-11-25;15;1339
26;2025-11-25;16;1501
26;2025-11-25;17;1797
26;2025-11-25;18;1921
26;2025-11-25;19;1306
26;2025-11-25;20;803
26;2025-11-25;21;471
26;2025-11-25;22;218
26;2025-11-25;23;116
26;2025-11-26;0;33
26;2025-11-26;1;1
26;2025-11-26;2;0
26;2025-11-26;3;0
26;2025-11-26;4;3
26;2025-11-26;5;81
26;2025-11-26;6;515
26;2025-11-26;7;1212
26;2025-11-26;8;2153
26;2025-11-26;9;1505
26;2025-11-26;10;1214
26;2025-11-26;11;1152
26;2025-11-26;12;1174
26;2025-11-26;13;1200
26;2025-11-26;14;1241
26;2025-11-26;15;1342
26;2025-11-26;16;1481
26;2025-11-26;17;1759
26;2025-11-26;18;1891
26;2025-11-26;19;1282
26;2025-11-26;20;800
26;2025-11-26;21;480
26;2025-11-26;22;218
26;2025-11-26;23;122
26;2025-11-27;0;34
26;2025-11-27;1;1
26;2025-11-27;2;0
26;2025-11-27;3;0
26;2025-11-27;4;2
26;2025-11-27;5;82
26;2025-11-27;6;509
26;2025-11-27;7;1187
26;2025-11-27;8;2095
26;2025-11-27;9;1470
26;2025-11-27;10;1185
26;2025-11-27;11;1130
26;2025-11-27;12;1137
26;2025-11-27;13;1165
26;2025-11-27;14;1185
26;2025-11-27;15;1312
26;2025-11-27;16;1452
26;2025-11-27;17;1732
26;2025-11-27;18;1863
26;2025-11-27;19;1240
26;2025-11-27;20;764
26;2025-11-27;21;452
26;2025-11-27;22;210
26;2025-11-27;23;113
26;2025-11-28;0;33
26;2025-11-28;1;0
26;2025-11-28;2;0
26;2025-11-28;3;0
26;2025-11-28;4;0
26;2025-11-28;5;75
26;2025-11-28;6;490
26;2025-11-28;7;1164
26;2025-11-28;8;1989
26;2025-11-28;9;1433
26;2025-11-28;10;1196
26;2025-11-28;11;1124
26;2025-11-28;12;1159
26;2025-11-28;13;1189
26;2025-11-28;14;1221
26;2025-11-28;15;1393
26;2025-11-28;16;1552
26;2025-11-28;17;1728
26;2025-11-28;18;1554
26;2025-11-28;19;1116
26;2025-11-28;20;741
26;2025-11-28;21;453
26;2025-11-28;22;215
26;2025-11-28;23;136
26;2025-11-29;0;50
26;2025-11-29;1;3
26;2025-11-29;2;1
26;2025-11-29;3;1
26;2025-11-29;4;5
26;2025-11-29;5;49
26;2025-11-29;6;228
26;2025-11-29;7;363
26;2025-11-29;8;551
26;2025-11-29;9;668
26;2025-11-29;10;764
26;2025-11-29;11;889
26;2025-11-29;12;933
26;2025-11-29;13;988
26;2025-11-29;14;973
26;2025-11-29;15;935
26;2025-11-29;16;898
26;2025-11-29;17;888
26;2025-11-29;18;816
26;2025-11-29;19;677
26;2025-11-29;20;513
26;2025-11-29;21;355
26;2025-11-29;22;219
26;2025-11-29;23;149
26;2025-11-30;0;50
26;2025-11-30;1;4
26;2025-11-30;2;1
26;2025-11-30;3;1
26;2025-11-30;4;2
26;2025-11-30;5;24
26;2025-11-30;6;142
26;2025-11-30;7;231
26;2025-11-30;8;377
26;2025-11-30;9;505
26;2025-11-30;10;592
26;2025-11-30;11;733
26;2025-11-30;12;798
26;2025-11-30;13;851
26;2025-11-30;14;828
26;2025-11-30;15;789
26;2025-11-30;16;759
26;2025-11-30;17;722
26;2025-11-30;18;649
26;2025-11-30;19;509
26;2025-11-30;20;405
26;2025-11-30;21;286
26;2025-11-30;22;172
26;2025-11-30;23;105
26;2025-12-01;0;31
26;2025-12-01;1;2
26;2025-12-01;2;0
26;2025-12-01;3;0
26;2025-12-01;4;1
26;2025-12-01;5;76
26;2025-12-01;6;497
26;2025-12-01;7;1143
26;2025-12-01;8;1981
26;2025-12-01;9;1413
26;2025-12-01;10;1114
26;2025-12-01;11;1037
26;2025-12-01;12;1038
26;2025-12-01;13;1087
26;2025-12-01;14;1093
26;2025-12-01;15;1225
26;2025-12-01;16;1366
26;2025-12-01;17;1656
26;2025-12-01;18;1827
26;2025-12-01;19;1214
26;2025-12-01;20;743
26;2025-12-01;21;426
26;2025-12-01;22;194
26;2025-12-01;23;97
26;2025-12-02;0;31
26;2025-12-02;1;1
26;2025-12-02;2;0
26;2025-12-02;3;0
26;2025-12-02;4;1
26;2025-12-02;5;81
26;2025-12-02;6;522
26;2025-12-02;7;1179
26;2025-12-02;8;2049
26;2025-12-02;9;1457
26;2025-12-02;10;1154
26;2025-12-02;11;1083
26;2025-12-02;12;1105
26;2025-12-02;13;1128
26;2025-12-02;14;1156
26;2025-12-02;15;1277
26;2025-12-02;16;1442
26;2025-12-02;17;1740
26;2025-12-02;18;1888
26;2025-12-02;19;1282
26;2025-12-02;20;787
26;2025-12-02;21;461
26;2025-12-02;22;217
26;2025-12-02;23;114
26;2025-12-03;0;33
26;2025-12-03;1;1
26;2025-12-03;2;0
26;2025-12-03;3;0
26;2025-12-03;4;2
26;2025-12-03;5;81
26;2025-12-03;6;522
26;2025-12-03;7;1183
26;2025-12-03;8;2075
26;2025-12-03;9;1466
26;2025-12-03;10;1169
26;2025-12-03;11;1110
26;2025-12-03;12;1129
26;2025-12-03;13;1168
26;2025-12-03;14;1215
26;2025-12-03;15;1318
26;2025-12-03;16;1455
26;2025-12-03;17;1721
26;2025-12-03;18;1872
26;2025-12-03;19;1275
26;2025-12-03;20;793
26;2025-12-03;21;476
26;2025-12-03;22;222
26;2025-12-03;23;119
26;2025-12-04;0;34
26;2025-12-04;1;1
26;2025-12-04;2;0
26;2025-12-04;3;0
26;2025-12-04;4;1
26;2025-12-04;5;78
26;2025-12-04;6;505
26;2025-12-04;7;1148
26;2025-12-04;8;2015
26;2025-12-04;9;1427
26;2025-12-04;10;1139
26;2025-12-04;11;1089
26;2025-12-04;12;1098
26;2025-12-04;13;1128
26;2025-12-04;14;1162
26;2025-12-04;15;1292
26;2025-12-04;16;1430
26;2025-12-04;17;1702
26;2025-12-04;18;1843
26;2025-12-04;19;1253
26;2025-12-04;20;781
26;2025-12-04;21;471
26;2025-12-04;22;226
26;2025-12-04;23;123
26;2025-12-05;0;35
26;2025-12-05;1;1
26;2025-12-05;2;0
26;2025-12-05;3;0
26;2025-12-05;4;0
26;2025-12-05;5;77
26;2025-12-05;6;500
26;2025-12-05;7;1136
26;2025-12-05;8;1938
26;2025-12-05;9;1395
26;2025-12-05;10;1160
26;2025-12-05;11;1089
26;2025-12-05;12;1121
26;2025-12-05;13;1153
26;2025-12-05;14;1182
26;2025-12-05;15;1357
26;2025-12-05;16;1515
26;2025-12-05;17;1690
26;2025-12-05;18;1531
26;2025-12-05;19;1100
26;2025-12-05;20;731
26;2025-12-05;21;448
26;2025-12-05;22;217
26;2025-12-05;23;133
26;2025-12-06;0;48
26;2025-12-06;1;2
26;2025-12-06;2;0
26;2025-12-06;3;0
26;2025-12-06;4;3
26;2025-12-06;5;46
26;2025-12-06;6;232
26;2025-12-06;7;354
26;2025-12-06;8;542
26;2025-12-06;9;657
26;2025-12-06;10;754
26;2025-12-06;11;882
26;2025-12-06;12;924
26;2025-12-06;13;982
26;2025-12-06;14;976
26;2025-12-06;15;943
26;2025-12-06;16;911
26;2025-12-06;17;887
26;2025-12-06;18;829
26;2025-12-06;19;690
26;2025-12-06;20;524
26;2025-12-06;21;363
26;2025-12-06;22;224
26;2025-12-06;23;144
26;2025-12-07;0;48
26;2025-12-07;1;4
26;2025-12-07;2;0
26;2025-12-07;3;0
26;2025-12-07;4;2
26;2025-12-07;5;24
26;2025-12-07;6;152
26;2025-12-07;7;226
26;2025-12-07;8;352
26;2025-12-07;9;477
26;2025-12-07;10;565
26;2025-12-07;11;724
26;2025-12-07;12;794
26;2025-12-07;13;847
26;2025-12-07;14;837
26;2025-12-07;15;793
26;2025-12-07;16;765
26;2025-12-07;17;735
26;2025-12-07;18;663
26;2025-12-07;19;529
26;2025-12-07;20;418
26;2025-12-07;21;295
26;2025-12-07;22;181
26;2025-12-07;23;102
26;2025-12-08;0;32
26;2025-12-08;1;2
26;2025-12-08;2;0
26;2025-12-08;3;0
26;2025-12-08;4;1
26;2025-12-08;5;75
26;2025-12-08;6;506
26;2025-12-08;7;1145
26;2025-12-08;8;1989
26;2025-12-08;9;1420
26;2025-12-08;10;1118
26;2025-12-08;11;1050
26;2025-12-08;12;1056
26;2025-12-08;13;1118
26;2025-12-08;14;1116
26;2025-12-08;15;1243
26;2025-12-08;16;1392
26;2025-12-08;17;1690
26;2025-12-08;18;1855
26;2025-12-08;19;1242
26;2025-12-08;20;758
26;2025-12-08;21;439
26;2025-12-08;22;199
26;2025-12-08;23;100
26;2025-12-09;0;32
26;2025-12-09;1;2
26;2025-12-09;2;0
26;2025-12-09;3;0
26;2025-12-09;4;1
26;2025-12-09;5;75
26;2025-12-09;6;531
26;2025-12-09;7;1175
26;2025-12-09;8;2055
26;2025-12-09;9;1455
26;2025-12-09;10;1153
26;2025-12-09;11;1095
26;2025-12-09;12;1123
26;2025-12-09;13;1143
26;2025-12-09;14;1171
26;2025-12-09;15;1293
26;2025-12-09;16;1453
26;2025-12-09;17;1751
26;2025-12-09;18;1893
26;2025-12-09;19;1288
26;2025-12-09;20;789
26;2025-12-09;21;458
26;2025-12-09;22;213
26;2025-12-09;23;110
26;2025-12-10;0;33
26;2025-12-10;1;2
26;2025-12-10;2;0
26;2025-12-10;3;0
26;2025-12-10;4;1
26;2025-12-10;5;72
26;2025-12-10;6;518
26;2025-12-10;7;1171
26;2025-12-10;8;2063
26;2025-12-10;9;1453
26;2025-12-10;10;1158
26;2025-12-10;11;1099
26;2025-12-10;12;1124
26;2025-12-10;13;1155
26;2025-12-10;14;1204
26;2025-12-10;15;1310
26;2025-12-10;16;1457
26;2025-12-10;17;1728
26;2025-12-10;18;1879
26;2025-12-10;19;1279
26;2025-12-10;20;790
26;2025-12-10;21;473
26;2025-12-10;22;216
26;2025-12-10;23;116
26;2025-12-11;0;34
26;2025-12-11;1;1
26;2025-12-11;2;0
26;2025-12-11;3;0
26;2025-12-11;4;1
26;2025-12-11;5;73
26;2025-12-11;6;508
26;2025-12-11;7;1144
26;2025-12-11;8;2026
26;2025-12-11;9;1426
26;2025-12-11;10;1141
26;2025-12-11;11;1079
26;2025-12-11;12;1092
26;2025-12-11;13;1119
26;2025-12-11;14;1154
26;2025-12-11;15;1287
26;2025-12-11;16;1421
26;2025-12-11;17;1691
26;2025-12-11;18;1827
26;2025-12-11;19;1230
26;2025-12-11;20;764
26;2025-12-11;21;450
26;2025-12-11;22;212
26;2025-12-11;23;116
26;2025-12-12;0;36
26;2025-12-12;1;2
26;2025-12-12;2;1
26;2025-12-12;3;1
26;2025-12-12;4;0
26;2025-12-12;5;71
26;2025-12-12;6;497
26;2025-12-12;7;1124
26;2025-12-12;8;1929
26;2025-12-12;9;1387
26;2025-12-12;10;1155
26;2025-12-12;11;1087
26;2025-12-12;12;1123
26;2025-12-12;13;1137
26;2025-12-12;14;1157
26;2025-12-12;15;1324
26;2025-12-12;16;1485
26;2025-12-12;17;1664
26;2025-12-12;18;1507
26;2025-12-12;19;1110
26;2025-12-12;20;733
26;2025-12-12;21;451
26;2025-12-12;22;222
26;2025-12-12;23;135
26;2025-12-13;0;50
26;2025-12-13;1;4
26;2025-12-13;2;1
26;2025-12-13;3;1
26;2025-12-13;4;4
26;2025-12-13;5;47
26;2025-12-13;6;226
26;2025-12-13;7;349
26;2025-12-13;8;535
26;2025-12-13;9;658
26;2025-12-13;10;759
26;2025-12-13;11;887
26;2025-12-13;12;937
26;2025-12-13;13;991
26;2025-12-13;14;985
26;2025-12-13;15;948
26;2025-12-13;16;916
26;2025-12-13;17;895
26;2025-12-13;18;837
26;2025-12-13;19;694
26;2025-12-13;20;529
26;2025-12-13;21;371
26;2025-12-13;22;231
26;2025-12-13;23;149
26;2025-12-14;0;49
26;2025-12-14;1;4
26;2025-12-14;2;0
26;2025-12-14;3;0
26;2025-12-14;4;2
26;2025-12-14;5;22
26;2025-12-14;6;141
26;2025-12-14;7;222
26;2025-12-14;8;351
26;2025-12-14;9;479
26;2025-12-14;10;573
26;2025-12-14;11;714
26;2025-12-14;12;784
26;2025-12-14;13;834
26;2025-12-14;14;825
26;2025-12-14;15;781
26;2025-12-14;16;761
26;2025-12-14;17;727
26;2025-12-14;18;658
26;2025-12-14;19;523
26;2025-12-14;20;420
26;2025-12-14;21;300
26;2025-12-14;22;192
26;2025-12-14;23;111
26;2025-12-15;0;32
26;2025-12-15;1;2
26;2025-12-15;2;0
26;2025-12-15;3;0
26;2025-12-15;4;2
26;2025-12-15;5;77
26;2025-12-15;6;504
26;2025-12-15;7;1153
26;2025-12-15;8;2014
26;2025-12-15;9;1430
26;2025-12-15;10;1132
26;2025-12-15;11;1062
26;2025-12-15;12;1079
26;2025-12-15;13;1124
26;2025-12-15;14;1133
26;2025-12-15;15;1259
26;2025-12-15;16;1405
26;2025-12-15;17;1703
26;2025-12-15;18;1875
26;2025-12-15;19;1260
26;2025-12-15;20;765
26;2025-12-15;21;454
26;2025-12-15;22;207
26;2025-12-15;23;105
26;2025-12-16;0;32
26;2025-12-16;1;2
26;2025-12-16;2;0
26;2025-12-16;3;0
26;2025-12-16;4;1
26;2025-12-16;5;82
26;2025-12-16;6;533
26;2025-12-16;7;1186
26;2025-12-16;8;2060
26;2025-12-16;9;1456
26;2025-12-16;10;1146
26;2025-12-16;11;1078
26;2025-12-16;12;1095
26;2025-12-16;13;1121
26;2025-12-16;14;1154
26;2025-12-16;15;1281
26;2025-12-16;16;1441
26;2025-12-16;17;1738
26;2025-12-16;18;1887
26;2025-12-16;19;1276
26;2025-12-16;20;780
26;2025-12-16;21;454
26;2025-12-16;22;209
26;2025-12-16;23;108
26;2025-12-17;0;33
26;2025-12-17;1;2
26;2025-12-17;2;0
26;2025-12-17;3;0
26;2025-12-17;4;1
26;2025-12-17;5;73
26;2025-12-17;6;519
26;2025-12-17;7;1173
26;2025-12-17;8;2079
26;2025-12-17;9;1465
26;2025-12-17;10;1168
26;2025-12-17;11;1104
26;2025-12-17;12;1131
26;2025-12-17;13;1169
26;2025-12-17;14;1221
26;2025-12-17;15;1329
26;2025-12-17;16;1463
26;2025-12-17;17;1730
26;2025-12-17;18;1882
26;2025-12-17;19;1282
26;2025-12-17;20;793
26;2025-12-17;21;476
26;2025-12-17;22;219
26;2025-12-17;23;117
26;2025-12-18;0;34
26;2025-12-18;1;1
26;2025-12-18;2;0
26;2025-12-18;3;0
26;2025-12-18;4;1
26;2025-12-18;5;74
26;2025-12-18;6;509
26;2025-12-18;7;1146
26;2025-12-18;8;2025
26;2025-12-18;9;1428
26;2025-12-18;10;1142
26;2025-12-18;11;1083
26;2025-12-18;12;1097
26;2025-12-18;13;1125
26;2025-12-18;14;1156
26;2025-12-18;15;1292
26;2025-12-18;16;1426
26;2025-12-18;17;1696
26;2025-12-18;18;1835
26;2025-12-18;19;1244
26;2025-12-18;20;770
26;2025-12-18;21;459
26;2025-12-18;22;218
26;2025-12-18;23;119
26;2025-12-19;0;36
26;2025-12-19;1;2
26;2025-12-19;2;1
26;2025-12-19;3;1
26;2025-12-19;4;0
26;2025-12-19;5;72
26;2025-12-19;6;499
26;2025-12-19;7;1135
26;2025-12-19;8;1943
26;2025-12-19;9;1399
26;2025-12-19;10;1165
26;2025-12-19;11;1088
26;2025-12-19;12;1121
26;2025-12-19;13;1150
26;2025-12-19;14;1184
26;2025-12-19;15;1365
26;2025-12-19;16;1522
26;2025-12-19;17;1687
26;2025-12-19;18;1530
26;2025-12-19;19;1105
26;2025-12-19;20;732
26;2025-12-19;21;447
26;2025-12-19;22;217
26;2025-12-19;23;133
26;2025-12-20;0;47
26;2025-12-20;1;1
26;2025-12-20;2;0
26;2025-12-20;3;0
26;2025-12-20;4;1
26;2025-12-20;5;44
26;2025-12-20;6;227
26;2025-12-20;7;349
26;2025-12-20;8;534
26;2025-12-20;9;653
26;2025-12-20;10;753
26;2025-12-20;11;879
26;2025-12-20;12;919
26;2025-12-20;13;977
26;2025-12-20;14;969
26;2025-12-20;15;936
26;2025-12-20;16;897
26;2025-12-20;17;877
26;2025-12-20;18;820
26;2025-12-20;19;685
26;2025-12-20;20;519
26;2025-12-20;21;360
26;2025-12-20;22;217
26;2025-12-20;23;141
26;2025-12-21;0;47
26;2025-12-21;1;2
26;2025-12-21;2;0
26;2025-12-21;3;0
26;2025-12-21;4;0
26;2025-12-21;5;20
26;2025-12-21;6;143
26;2025-12-21;7;224
26;2025-12-21;8;357
26;2025-12-21;9;485
26;2025-12-21;10;571
26;2025-12-21;11;714
26;2025-12-21;12;778
26;2025-12-21;13;827
26;2025-12-21;14;815
26;2025-12-21;15;774
26;2025-12-21;16;747
26;2025-12-21;17;714
26;2025-12-21;18;649
26;2025-12-21;19;513
26;2025-12-21;20;405
26;2025-12-21;21;286
26;2025-12-21;22;172
26;2025-12-21;23;98
26;2025-12-22;0;31
26;2025-12-22;1;2
26;2025-12-22;2;0
26;2025-12-22;3;1
26;2025-12-22;4;1
26;2025-12-22;5;73
26;2025-12-22;6;507
26;2025-12-22;7;1150
26;2025-12-22;8;2007
26;2025-12-22;9;1421
26;2025-12-22;10;1124
26;2025-12-22;11;1044
26;2025-12-22;12;1049
26;2025-12-22;13;1093
26;2025-12-22;14;1096
26;2025-12-22;15;1230
26;2025-12-22;16;1383
26;2025-12-22;17;1689
26;2025-12-22;18;1855
26;2025-12-22;19;1245
26;2025-12-22;20;764
26;2025-12-22;21;442
26;2025-12-22;22;200
26;2025-12-22;23;100
26;2025-12-23;0;32
26;2025-12-23;1;1
26;2025-12-23;2;0
26;2025-12-23;3;0
26;2025-12-23;4;1
26;2025-12-23;5;78
26;2025-12-23;6;532
26;2025-12-23;7;1181
26;2025-12-23;8;2071
26;2025-12-23;9;1464
26;2025-12-23;10;1156
26;2025-12-23;11;1093
26;2025-12-23;12;1123
26;2025-12-23;13;1142
26;2025-12-23;14;1167
26;2025-12-23;15;1290
26;2025-12-23;16;1455
26;2025-12-23;17;1748
26;2025-12-23;18;1896
26;2025-12-23;19;1293
26;2025-12-23;20;789
26;2025-12-23;21;463
26;2025-12-23;22;216
26;2025-12-23;23;118
26;2025-12-24;0;34
26;2025-12-24;1;1
26;2025-12-24;2;0
26;2025-12-24;3;0
26;2025-12-24;4;1
26;2025-12-24;5;85
26;2025-12-24;6;534
26;2025-12-24;7;1195
26;2025-12-24;8;2096
26;2025-12-24;9;1474
26;2025-12-24;10;1168
26;2025-12-24;11;1104
26;2025-12-24;12;1129
26;2025-12-24;13;1164
26;2025-12-24;14;1212
26;2025-12-24;15;1310
26;2025-12-24;16;1452
26;2025-12-24;17;1728
26;2025-12-24;18;1873
26;2025-12-24;19;1279
26;2025-12-24;20;787
26;2025-12-24;21;473
26;2025-12-24;22;215
26;2025-12-24;23;115
26;2025-12-25;0;34
26;2025-12-25;1;1
26;2025-12-25;2;0
26;2025-12-25;3;0
26;2025-12-25;4;1
26;2025-12-25;5;74
26;2025-12-25;6;505
26;2025-12-25;7;1128
26;2025-12-25;8;2002
26;2025-12-25;9;1436
26;2025-12-25;10;1160
26;2025-12-25;11;1106
26;2025-12-25;12;1117
26;2025-12-25;13;1149
26;2025-12-25;14;1185
26;2025-12-25;15;1312
26;2025-12-25;16;1443
26;2025-12-25;17;1696
26;2025-12-25;18;1823
26;2025-12-25;19;1228
26;2025-12-25;20;756
26;2025-12-25;21;447
26;2025-12-25;22;209
26;2025-12-25;23;110
26;2025-12-26;0;28
26;2025-12-26;1;0
26;2025-12-26;2;0
26;2025-12-26;3;0
26;2025-12-26;4;0
26;2025-12-26;5;64
26;2025-12-26;6;485
26;2025-12-26;7;1106
26;2025-12-26;8;1913
26;2025-12-26;9;1392
26;2025-12-26;10;1143
26;2025-12-26;11;1071
26;2025-12-26;12;1100
26;2025-12-26;13;1159
26;2025-12-26;14;1182
26;2025-12-26;15;1360
26;2025-12-26;16;1517
26;2025-12-26;17;1680
26;2025-12-26;18;1519
26;2025-12-26;19;1081
26;2025-12-26;20;718
26;2025-12-26;21;431
26;2025-12-26;22;205
26;2025-12-26;23;126
26;2025-12-27;0;47
26;2025-12-27;1;2
26;2025-12-27;2;0
26;2025-12-27;3;0
26;2025-12-27;4;5
26;2025-12-27;5;45
26;2025-12-27;6;220
26;2025-12-27;7;335
26;2025-12-27;8;513
26;2025-12-27;9;638
26;2025-12-27;10;742
26;2025-12-27;11;881
26;2025-12-27;12;917
26;2025-12-27;13;988
26;2025-12-27;14;983
26;2025-12-27;15;953
26;2025-12-27;16;917
26;2025-12-27;17;867
26;2025-12-27;18;799
26;2025-12-27;19;681
26;2025-12-27;20;520
26;2025-12-27;21;355
26;2025-12-27;22;213
26;2025-12-27;23;142
26;2025-12-28;0;46
26;2025-12-28;1;2
26;2025-12-28;2;0
26;2025-12-28;3;0
26;2025-12-28;4;2
26;2025-12-28;5;21
26;2025-12-28;6;143
26;2025-12-28;7;209
26;2025-12-28;8;339
26;2025-12-28;9;478
26;2025-12-28;10;568
26;2025-12-28;11;708
26;2025-12-28;12;772
26;2025-12-28;13;817
26;2025-12-28;14;807
26;2025-12-28;15;763
26;2025-12-28;16;736
26;2025-12-28;17;687
26;2025-12-28;18;617
26;2025-12-28;19;491
26;2025-12-28;20;398
26;2025-12-28;21;278
26;2025-12-28;22;168
26;2025-12-28;23;98
26;2025-12-29;0;29
26;2025-12-29;1;2
26;2025-12-29;2;0
26;2025-12-29;3;0
26;2025-12-29;4;1
26;2025-12-29;5;72
26;2025-12-29;6;503
26;2025-12-29;7;1123
26;2025-12-29;8;1970
26;2025-12-29;9;1421
26;2025-12-29;10;1135
26;2025-12-29;11;1070
26;2025-12-29;12;1070
26;2025-12-29;13;1116
26;2025-12-29;14;1122
26;2025-12-29;15;1252
26;2025-12-29;16;1397
26;2025-12-29;17;1673
26;2025-12-29;18;1830
26;2025-12-29;19;1229
26;2025-12-29;20;755
26;2025-12-29;21;433
26;2025-12-29;22;191
26;2025-12-29;23;98
26;2025-12-30;0;31
26;2025-12-30;1;2
26;2025-12-30;2;1
26;2025-12-30;3;1
26;2025-12-30;4;1
26;2025-12-30;5;75
26;2025-12-30;6;496
26;2025-12-30;7;1113
26;2025-12-30;8;1990
26;2025-12-30;9;1421
26;2025-12-30;10;1126
26;2025-12-30;11;1061
26;2025-12-30;12;1090
26;2025-12-30;13;1105
26;2025-12-30;14;1131
26;2025-12-30;15;1251
26;2025-12-30;16;1415
26;2025-12-30;17;1673
26;2025-12-30;18;1806
26;2025-12-30;19;1251
26;2025-12-30;20;768
26;2025-12-30;21;439
26;2025-12-30;22;198
26;2025-12-30;23;105
26;2025-12-31;0;18
26;2025-12-31;1;1
26;2025-12-31;2;0
26;2025-12-31;3;0
26;2025-12-31;4;1
26;2025-12-31;5;13
26;2025-12-31;6;168
26;2025-12-31;7;191
26;2025-12-31;8;522
26;2025-12-31;9;449
26;2025-12-31;10;437
26;2025-12-31;11;530
26;2025-12-31;12;585
26;2025-12-31;13;614
26;2025-12-31;14;647
26;2025-12-31;15;634
26;2025-12-31;16;667
26;2025-12-31;17;689
26;2025-12-31;18;697
26;2025-12-31;19;561
26;2025-12-31;20;457
26;2025-12-31;21;272
26;2025-12-31;22;145
26;2025-12-31;23;100
28;2025-11-01;0;3
28;2025-11-01;1;0
28;2025-11-01;2;1
28;2025-11-01;3;1
28;2025-11-01;4;3
28;2025-11-01;5;93
28;2025-11-01;6;256
28;2025-11-01;7;592
28;2025-11-01;8;897
28;2025-11-01;9;750
28;2025-11-01;10;678
28;2025-11-01;11;691
28;2025-11-01;12;718
28;2025-11-01;13;774
28;2025-11-01;14;743
28;2025-11-01;15;792
28;2025-11-01;16;837
28;2025-11-01;17;867
28;2025-11-01;18;849
28;2025-11-01;19;646
28;2025-11-01;20;472
28;2025-11-01;21;359
28;2025-11-01;22;198
28;2025-11-01;23;75
28;2025-11-02;0;6
28;2025-11-02;1;2
28;2025-11-02;2;0
28;2025-11-02;3;0
28;2025-11-02;4;0
28;2025-11-02;5;14
28;2025-11-02;6;26
28;2025-11-02;7;45
28;2025-11-02;8;122
28;2025-11-02;9;224
28;2025-11-02;10;304
28;2025-11-02;11;354
28;2025-11-02;12;411
28;2025-11-02;13;491
28;2025-11-02;14;492
28;2025-11-02;15;473
28;2025-11-02;16;419
28;2025-11-02;17;390
28;2025-11-02;18;328
28;2025-11-02;19;272
28;2025-11-02;20;230
28;2025-11-02;21;184
28;2025-11-02;22;88
28;2025-11-02;23;19
28;2025-11-03;0;5
28;2025-11-03;1;5
28;2025-11-03;2;5
28;2025-11-03;3;5
28;2025-11-03;4;0
28;2025-11-03;5;18
28;2025-11-03;6;71
28;2025-11-03;7;171
28;2025-11-03;8;362
28;2025-11-03;9;278
28;2025-11-03;10;267
28;2025-11-03;11;303
28;2025-11-03;12;365
28;2025-11-03;13;401
28;2025-11-03;14;380
28;2025-11-03;15;389
28;2025-11-03;16;390
28;2025-11-03;17;438
28;2025-11-03;18;414
28;2025-11-03;19;326
28;2025-11-03;20;284
28;2025-11-03;21;189
28;2025-11-03;22;67
28;2025-11-03;23;15
28;2025-11-04;0;1
28;2025-11-04;1;0
28;2025-11-04;2;1
28;2025-11-04;3;0
28;2025-11-04;4;0
28;2025-11-04;5;7
28;2025-11-04;6;41
28;2025-11-04;7;119
28;2025-11-04;8;296
28;2025-11-04;9;222
28;2025-11-04;10;226
28;2025-11-04;11;263
28;2025-11-04;12;337
28;2025-11-04;13;374
28;2025-11-04;14;372
28;2025-11-04;15;344
28;2025-11-04;16;371
28;2025-11-04;17;427
28;2025-11-04;18;345
28;2025-11-04;19;306
28;2025-11-04;20;276
28;2025-11-04;21;192
28;2025-11-04;22;64
28;2025-11-04;23;15
28;2025-11-05;0;1
28;2025-11-05;1;0
28;2025-11-05;2;0
28;2025-11-05;3;1
28;2025-11-05;4;3
28;2025-11-05;5;79
28;2025-11-05;6;263
28;2025-11-05;7;811
28;2025-11-05;8;1361
28;2025-11-05;9;834
28;2025-11-05;10;610
28;2025-11-05;11;599
28;2025-11-05;12;653
28;2025-11-05;13;694
28;2025-11-05;14;668
28;2025-11-05;15;713
28;2025-11-05;16;840
28;2025-11-05;17;1026
28;2025-11-05;18;1059
28;2025-11-05;19;757
28;2025-11-05;20;485
28;2025-11-05;21;302
28;2025-11-05;22;117
28;2025-11-05;23;11
28;2025-11-06;0;2
28;2025-11-06;1;0
28;2025-11-06;2;0
28;2025-11-06;3;0
28;2025-11-06;4;2
28;2025-11-06;5;69
28;2025-11-06;6;259
28;2025-11-06;7;819
28;2025-11-06;8;1322
28;2025-11-06;9;844
28;2025-11-06;10;624
28;2025-11-06;11;590
28;2025-11-06;12;665
28;2025-11-06;13;693
28;2025-11-06;14;660
28;2025-11-06;15;693
28;2025-11-06;16;819
28;2025-11-06;17;1026
28;2025-11-06;18;1058
28;2025-11-06;19;736
28;2025-11-06;20;487
28;2025-11-06;21;312
28;2025-11-06;22;118
28;2025-11-06;23;12
28;2025-11-07;0;1
28;2025-11-07;1;0
28;2025-11-07;2;0
28;2025-11-07;3;0
28;2025-11-07;4;2
28;2025-11-07;5;69
28;2025-11-07;6;261
28;2025-11-07;7;831
28;2025-11-07;8;1287
28;2025-11-07;9;841
28;2025-11-07;10;640
28;2025-11-07;11;604
28;2025-11-07;12;672
28;2025-11-07;13;722
28;2025-11-07;14;697
28;2025-11-07;15;774
28;2025-11-07;16;919
28;2025-11-07;17;1038
28;2025-11-07;18;909
28;2025-11-07;19;653
28;2025-11-07;20;463
28;2025-11-07;21;309
28;2025-11-07;22;119
28;2025-11-07;23;19
28;2025-11-08;0;4
28;2025-11-08;1;2
28;2025-11-08;2;2
28;2025-11-08;3;1
28;2025-11-08;4;4
28;2025-11-08;5;36
28;2025-11-08;6;112
28;2025-11-08;7;202
28;2025-11-08;8;337
28;2025-11-08;9;423
28;2025-11-08;10;470
28;2025-11-08;11;517
28;2025-11-08;12;580
28;2025-11-08;13;633
28;2025-11-08;14;631
28;2025-11-08;15;611
28;2025-11-08;16;564
28;2025-11-08;17;553
28;2025-11-08;18;485
28;2025-11-08;19;389
28;2025-11-08;20;307
28;2025-11-08;21;249
28;2025-11-08;22;122
28;2025-11-08;23;37
28;2025-11-09;0;4
28;2025-11-09;1;1
28;2025-11-09;2;1
28;2025-11-09;3;1
28;2025-11-09;4;2
28;2025-11-09;5;30
28;2025-11-09;6;82
28;2025-11-09;7;124
28;2025-11-09;8;227
28;2025-11-09;9;305
28;2025-11-09;10;361
28;2025-11-09;11;407
28;2025-11-09;12;468
28;2025-11-09;13;515
28;2025-11-09;14;502
28;2025-11-09;15;493
28;2025-11-09;16;444
28;2025-11-09;17;433
28;2025-11-09;18;379
28;2025-11-09;19;298
28;2025-11-09;20;252
28;2025-11-09;21;202
28;2025-11-09;22;94
28;2025-11-09;23;16
28;2025-11-10;0;1
28;2025-11-10;1;0
28;2025-11-10;2;0
28;2025-11-10;3;0
28;2025-11-10;4;2
28;2025-11-10;5;71
28;2025-11-10;6;255
28;2025-11-10;7;807
28;2025-11-10;8;1310
28;2025-11-10;9;845
28;2025-11-10;10;601
28;2025-11-10;11;560
28;2025-11-10;12;633
28;2025-11-10;13;662
28;2025-11-10;14;641
28;2025-11-10;15;687
28;2025-11-10;16;828
28;2025-11-10;17;1012
28;2025-11-10;18;1068
28;2025-11-10;19;741
28;2025-11-10;20;466
28;2025-11-10;21;301
28;2025-11-10;22;105
28;2025-11-10;23;8
28;2025-11-11;0;1
28;2025-11-11;1;0
28;2025-11-11;2;0
28;2025-11-11;3;0
28;2025-11-11;4;3
28;2025-11-11;5;73
28;2025-11-11;6;260
28;2025-11-11;7;825
28;2025-11-11;8;1347
28;2025-11-11;9;869
28;2025-11-11;10;645
28;2025-11-11;11;595
28;2025-11-11;12;659
28;2025-11-11;13;689
28;2025-11-11;14;668
28;2025-11-11;15;712
28;2025-11-11;16;833
28;2025-11-11;17;1040
28;2025-11-11;18;1068
28;2025-11-11;19;759
28;2025-11-11;20;491
28;2025-11-11;21;311
28;2025-11-11;22;116
28;2025-11-11;23;17
28;2025-11-12;0;0
28;2025-11-12;1;0
28;2025-11-12;2;0
28;2025-11-12;3;0
28;2025-11-12;4;2
28;2025-11-12;5;76
28;2025-11-12;6;279
28;2025-11-12;7;849
28;2025-11-12;8;1398
28;2025-11-12;9;871
28;2025-11-12;10;643
28;2025-11-12;11;618
28;2025-11-12;12;677
28;2025-11-12;13;711
28;2025-11-12;14;684
28;2025-11-12;15;739
28;2025-11-12;16;870
28;2025-11-12;17;1054
28;2025-11-12;18;1079
28;2025-11-12;19;764
28;2025-11-12;20;500
28;2025-11-12;21;318
28;2025-11-12;22;123
28;2025-11-12;23;16
28;2025-11-13;0;1
28;2025-11-13;1;0
28;2025-11-13;2;0
28;2025-11-13;3;0
28;2025-11-13;4;2
28;2025-11-13;5;71
28;2025-11-13;6;274
28;2025-11-13;7;849
28;2025-11-13;8;1370
28;2025-11-13;9;886
28;2025-11-13;10;654
28;2025-11-13;11;616
28;2025-11-13;12;686
28;2025-11-13;13;721
28;2025-11-13;14;690
28;2025-11-13;15;735
28;2025-11-13;16;865
28;2025-11-13;17;1055
28;2025-11-13;18;1081
28;2025-11-13;19;750
28;2025-11-13;20;499
28;2025-11-13;21;320
28;2025-11-13;22;120
28;2025-11-13;23;16
28;2025-11-14;0;0
28;2025-11-14;1;0
28;2025-11-14;2;0
28;2025-11-14;3;1
28;2025-11-14;4;3
28;2025-11-14;5;73
28;2025-11-14;6;276
28;2025-11-14;7;857
28;2025-11-14;8;1322
28;2025-11-14;9;879
28;2025-11-14;10;664
28;2025-11-14;11;636
28;2025-11-14;12;700
28;2025-11-14;13;745
28;2025-11-14;14;723
28;2025-11-14;15;809
28;2025-11-14;16;963
28;2025-11-14;17;1062
28;2025-11-14;18;928
28;2025-11-14;19;662
28;2025-11-14;20;470
28;2025-11-14;21;311
28;2025-11-14;22;113
28;2025-11-14;23;15
28;2025-11-15;0;0
28;2025-11-15;1;0
28;2025-11-15;2;1
28;2025-11-15;3;0
28;2025-11-15;4;0
28;2025-11-15;5;28
28;2025-11-15;6;96
28;2025-11-15;7;183
28;2025-11-15;8;331
28;2025-11-15;9;414
28;2025-11-15;10;467
28;2025-11-15;11;488
28;2025-11-15;12;542
28;2025-11-15;13;612
28;2025-11-15;14;613
28;2025-11-15;15;609
28;2025-11-15;16;560
28;2025-11-15;17;547
28;2025-11-15;18;467
28;2025-11-15;19;368
28;2025-11-15;20;309
28;2025-11-15;21;250
28;2025-11-15;22;134
28;2025-11-15;23;43
28;2025-11-16;0;3
28;2025-11-16;1;1
28;2025-11-16;2;1
28;2025-11-16;3;1
28;2025-11-16;4;2
28;2025-11-16;5;34
28;2025-11-16;6;73
28;2025-11-16;7;116
28;2025-11-16;8;224
28;2025-11-16;9;316
28;2025-11-16;10;381
28;2025-11-16;11;441
28;2025-11-16;12;499
28;2025-11-16;13;564
28;2025-11-16;14;560
28;2025-11-16;15;532
28;2025-11-16;16;478
28;2025-11-16;17;448
28;2025-11-16;18;384
28;2025-11-16;19;303
28;2025-11-16;20;256
28;2025-11-16;21;206
28;2025-11-16;22;100
28;2025-11-16;23;20
28;2025-11-17;0;0
28;2025-11-17;1;0
28;2025-11-17;2;0
28;2025-11-17;3;0
28;2025-11-17;4;2
28;2025-11-17;5;70
28;2025-11-17;6;252
28;2025-11-17;7;808
28;2025-11-17;8;1315
28;2025-11-17;9;842
28;2025-11-17;10;595
28;2025-11-17;11;551
28;2025-11-17;12;614
28;2025-11-17;13;637
28;2025-11-17;14;611
28;2025-11-17;15;661
28;2025-11-17;16;805
28;2025-11-17;17;1004
28;2025-11-17;18;1055
28;2025-11-17;19;729
28;2025-11-17;20;458
28;2025-11-17;21;290
28;2025-11-17;22;97
28;2025-11-17;23;7
28;2025-11-18;0;0
28;2025-11-18;1;0
28;2025-11-18;2;0
28;2025-11-18;3;0
28;2025-11-18;4;0
28;2025-11-18;5;57
28;2025-11-18;6;248
28;2025-11-18;7;822
28;2025-11-18;8;1351
28;2025-11-18;9;864
28;2025-11-18;10;629
28;2025-11-18;11;579
28;2025-11-18;12;625
28;2025-11-18;13;677
28;2025-11-18;14;653
28;2025-11-18;15;695
28;2025-11-18;16;818
28;2025-11-18;17;1027
28;2025-11-18;18;1050
28;2025-11-18;19;746
28;2025-11-18;20;484
28;2025-11-18;21;306
28;2025-11-18;22;113
28;2025-11-18;23;13
28;2025-11-19;0;1
28;2025-11-19;1;0
28;2025-11-19;2;1
28;2025-11-19;3;1
28;2025-11-19;4;4
28;2025-11-19;5;80
28;2025-11-19;6;280
28;2025-11-19;7;855
28;2025-11-19;8;1398
28;2025-11-19;9;872
28;2025-11-19;10;645
28;2025-11-19;11;620
28;2025-11-19;12;675
28;2025-11-19;13;724
28;2025-11-19;14;697
28;2025-11-19;15;752
28;2025-11-19;16;883
28;2025-11-19;17;1068
28;2025-11-19;18;1094
28;2025-11-19;19;780
28;2025-11-19;20;506
28;2025-11-19;21;325
28;2025-11-19;22;124
28;2025-11-19;23;16
28;2025-11-20;0;3
28;2025-11-20;1;2
28;2025-11-20;2;2
28;2025-11-20;3;2
28;2025-11-20;4;4
28;2025-11-20;5;73
28;2025-11-20;6;273
28;2025-11-20;7;846
28;2025-11-20;8;1357
28;2025-11-20;9;878
28;2025-11-20;10;647
28;2025-11-20;11;611
28;2025-11-20;12;693
28;2025-11-20;13;717
28;2025-11-20;14;690
28;2025-11-20;15;741
28;2025-11-20;16;872
28;2025-11-20;17;1059
28;2025-11-20;18;1088
28;2025-11-20;19;758
28;2025-11-20;20;499
28;2025-11-20;21;320
28;2025-11-20;22;121
28;2025-11-20;23;16
28;2025-11-21;0;1
28;2025-11-21;1;0
28;2025-11-21;2;0
28;2025-11-21;3;0
28;2025-11-21;4;2
28;2025-11-21;5;74
28;2025-11-21;6;264
28;2025-11-21;7;847
28;2025-11-21;8;1312
28;2025-11-21;9;868
28;2025-11-21;10;653
28;2025-11-21;11;627
28;2025-11-21;12;691
28;2025-11-21;13;738
28;2025-11-21;14;717
28;2025-11-21;15;806
28;2025-11-21;16;962
28;2025-11-21;17;1067
28;2025-11-21;18;937
28;2025-11-21;19;667
28;2025-11-21;20;478
28;2025-11-21;21;318
28;2025-11-21;22;124
28;2025-11-21;23;24
28;2025-11-22;0;3
28;2025-11-22;1;1
28;2025-11-22;2;1
28;2025-11-22;3;1
28;2025-11-22;4;3
28;2025-11-22;5;39
28;2025-11-22;6;121
28;2025-11-22;7;215
28;2025-11-22;8;363
28;2025-11-22;9;452
28;2025-11-22;10;497
28;2025-11-22;11;520
28;2025-11-22;12;583
28;2025-11-22;13;634
28;2025-11-22;14;629
28;2025-11-22;15;615
28;2025-11-22;16;562
28;2025-11-22;17;553
28;2025-11-22;18;482
28;2025-11-22;19;385
28;2025-11-22;20;317
28;2025-11-22;21;253
28;2025-11-22;22;121
28;2025-11-22;23;34
28;2025-11-23;0;3
28;2025-11-23;1;0
28;2025-11-23;2;0
28;2025-11-23;3;0
28;2025-11-23;4;1
28;2025-11-23;5;33
28;2025-11-23;6;69
28;2025-11-23;7;120
28;2025-11-23;8;236
28;2025-11-23;9;328
28;2025-11-23;10;384
28;2025-11-23;11;430
28;2025-11-23;12;505
28;2025-11-23;13;560
28;2025-11-23;14;563
28;2025-11-23;15;549
28;2025-11-23;16;495
28;2025-11-23;17;465
28;2025-11-23;18;403
28;2025-11-23;19;316
28;2025-11-23;20;263
28;2025-11-23;21;209
28;2025-11-23;22;97
28;2025-11-23;23;18
28;2025-11-24;0;1
28;2025-11-24;1;0
28;2025-11-24;2;0
28;2025-11-24;3;1
28;2025-11-24;4;1
28;2025-11-24;5;63
28;2025-11-24;6;245
28;2025-11-24;7;816
28;2025-11-24;8;1319
28;2025-11-24;9;837
28;2025-11-24;10;602
28;2025-11-24;11;562
28;2025-11-24;12;627
28;2025-11-24;13;646
28;2025-11-24;14;622
28;2025-11-24;15;673
28;2025-11-24;16;820
28;2025-11-24;17;1007
28;2025-11-24;18;1057
28;2025-11-24;19;730
28;2025-11-24;20;459
28;2025-11-24;21;288
28;2025-11-24;22;94
28;2025-11-24;23;8
28;2025-11-25;0;0
28;2025-11-25;1;1
28;2025-11-25;2;0
28;2025-11-25;3;0
28;2025-11-25;4;3
28;2025-11-25;5;71
28;2025-11-25;6;260
28;2025-11-25;7;821
28;2025-11-25;8;1327
28;2025-11-25;9;854
28;2025-11-25;10;629
28;2025-11-25;11;581
28;2025-11-25;12;646
28;2025-11-25;13;678
28;2025-11-25;14;658
28;2025-11-25;15;704
28;2025-11-25;16;826
28;2025-11-25;17;1030
28;2025-11-25;18;1050
28;2025-11-25;19;749
28;2025-11-25;20;479
28;2025-11-25;21;300
28;2025-11-25;22;114
28;2025-11-25;23;15
28;2025-11-26;0;1
28;2025-11-26;1;0
28;2025-11-26;2;0
28;2025-11-26;3;0
28;2025-11-26;4;3
28;2025-11-26;5;76
28;2025-11-26;6;269
28;2025-11-26;7;850
28;2025-11-26;8;1405
28;2025-11-26;9;875
28;2025-11-26;10;650
28;2025-11-26;11;623
28;2025-11-26;12;679
28;2025-11-26;13;709
28;2025-11-26;14;676
28;2025-11-26;15;734
28;2025-11-26;16;863
28;2025-11-26;17;1045
28;2025-11-26;18;1068
28;2025-11-26;19;760
28;2025-11-26;20;498
28;2025-11-26;21;317
28;2025-11-26;22;122
28;2025-11-26;23;17
28;2025-11-27;0;1
28;2025-11-27;1;0
28;2025-11-27;2;0
28;2025-11-27;3;0
28;2025-11-27;4;3
28;2025-11-27;5;72
28;2025-11-27;6;271
28;2025-11-27;7;845
28;2025-11-27;8;1356
28;2025-11-27;9;879
28;2025-11-27;10;648
28;2025-11-27;11;608
28;2025-11-27;12;681
28;2025-11-27;13;710
28;2025-11-27;14;673
28;2025-11-27;15;722
28;2025-11-27;16;850
28;2025-11-27;17;1044
28;2025-11-27;18;1075
28;2025-11-27;19;735
28;2025-11-27;20;487
28;2025-11-27;21;309
28;2025-11-27;22;113
28;2025-11-27;23;10
28;2025-11-28;0;0
28;2025-11-28;1;0
28;2025-11-28;2;0
28;2025-11-28;3;0
28;2025-11-28;4;0
28;2025-11-28;5;66
28;2025-11-28;6;262
28;2025-11-28;7;850
28;2025-11-28;8;1311
28;2025-11-28;9;874
28;2025-11-28;10;657
28;2025-11-28;11;624
28;2025-11-28;12;687
28;2025-11-28;13;731
28;2025-11-28;14;714
28;2025-11-28;15;799
28;2025-11-28;16;950
28;2025-11-28;17;1058
28;2025-11-28;18;925
28;2025-11-28;19;660
28;2025-11-28;20;472
28;2025-11-28;21;313
28;2025-11-28;22;123
28;2025-11-28;23;23
28;2025-11-29;0;3
28;2025-11-29;1;1
28;2025-11-29;2;0
28;2025-11-29;3;1
28;2025-11-29;4;3
28;2025-11-29;5;43
28;2025-11-29;6;117
28;2025-11-29;7;200
28;2025-11-29;8;342
28;2025-11-29;9;433
28;2025-11-29;10;477
28;2025-11-29;11;500
28;2025-11-29;12;562
28;2025-11-29;13;611
28;2025-11-29;14;605
28;2025-11-29;15;587
28;2025-11-29;16;538
28;2025-11-29;17;539
28;2025-11-29;18;464
28;2025-11-29;19;366
28;2025-11-29;20;302
28;2025-11-29;21;242
28;2025-11-29;22;126
28;2025-11-29;23;39
28;2025-11-30;0;3
28;2025-11-30;1;1
28;2025-11-30;2;1
28;2025-11-30;3;1
28;2025-11-30;4;0
28;2025-11-30;5;29
28;2025-11-30;6;70
28;2025-11-30;7;115
28;2025-11-30;8;232
28;2025-11-30;9;327
28;2025-11-30;10;378
28;2025-11-30;11;424
28;2025-11-30;12;487
28;2025-11-30;13;543
28;2025-11-30;14;526
28;2025-11-30;15;522
28;2025-11-30;16;469
28;2025-11-30;17;461
28;2025-11-30;18;397
28;2025-11-30;19;314
28;2025-11-30;20;263
28;2025-11-30;21;213
28;2025-11-30;22;97
28;2025-11-30;23;20
28;2025-12-01;0;0
28;2025-12-01;1;0
28;2025-12-01;2;0
28;2025-12-01;3;0
28;2025-12-01;4;2
28;2025-12-01;5;69
28;2025-12-01;6;247
28;2025-12-01;7;771
28;2025-12-01;8;1237
28;2025-12-01;9;806
28;2025-12-01;10;559
28;2025-12-01;11;515
28;2025-12-01;12;579
28;2025-12-01;13;604
28;2025-12-01;14;586
28;2025-12-01;15;634
28;2025-12-01;16;777
28;2025-12-01;17;951
28;2025-12-01;18;1009
28;2025-12-01;19;698
28;2025-12-01;20;441
28;2025-12-01;21;283
28;2025-12-01;22;103
28;2025-12-01;23;6
28;2025-12-02;0;1
28;2025-12-02;1;0
28;2025-12-02;2;0
28;2025-12-02;3;0
28;2025-12-02;4;1
28;2025-12-02;5;71
28;2025-12-02;6;250
28;2025-12-02;7;792
28;2025-12-02;8;1261
28;2025-12-02;9;825
28;2025-12-02;10;598
28;2025-12-02;11;548
28;2025-12-02;12;603
28;2025-12-02;13;636
28;2025-12-02;14;621
28;2025-12-02;15;667
28;2025-12-02;16;791
28;2025-12-02;17;993
28;2025-12-02;18;1025
28;2025-12-02;19;739
28;2025-12-02;20;478
28;2025-12-02;21;304
28;2025-12-02;22;119
28;2025-12-02;23;18
28;2025-12-03;0;1
28;2025-12-03;1;0
28;2025-12-03;2;0
28;2025-12-03;3;0
28;2025-12-03;4;3
28;2025-12-03;5;79
28;2025-12-03;6;273
28;2025-12-03;7;824
28;2025-12-03;8;1335
28;2025-12-03;9;844
28;2025-12-03;10;616
28;2025-12-03;11;592
28;2025-12-03;12;643
28;2025-12-03;13;682
28;2025-12-03;14;661
28;2025-12-03;15;721
28;2025-12-03;16;846
28;2025-12-03;17;1025
28;2025-12-03;18;1059
28;2025-12-03;19;758
28;2025-12-03;20;496
28;2025-12-03;21;317
28;2025-12-03;22;128
28;2025-12-03;23;17
28;2025-12-04;0;2
28;2025-12-04;1;0
28;2025-12-04;2;0
28;2025-12-04;3;0
28;2025-12-04;4;3
28;2025-12-04;5;72
28;2025-12-04;6;265
28;2025-12-04;7;812
28;2025-12-04;8;1284
28;2025-12-04;9;844
28;2025-12-04;10;611
28;2025-12-04;11;576
28;2025-12-04;12;647
28;2025-12-04;13;677
28;2025-12-04;14;657
28;2025-12-04;15;710
28;2025-12-04;16;838
28;2025-12-04;17;1027
28;2025-12-04;18;1061
28;2025-12-04;19;745
28;2025-12-04;20;502
28;2025-12-04;21;326
28;2025-12-04;22;127
28;2025-12-04;23;17
28;2025-12-05;0;1
28;2025-12-05;1;0
28;2025-12-05;2;0
28;2025-12-05;3;0
28;2025-12-05;4;2
28;2025-12-05;5;72
28;2025-12-05;6;267
28;2025-12-05;7;824
28;2025-12-05;8;1269
28;2025-12-05;9;850
28;2025-12-05;10;633
28;2025-12-05;11;601
28;2025-12-05;12;662
28;2025-12-05;13;705
28;2025-12-05;14;691
28;2025-12-05;15;782
28;2025-12-05;16;933
28;2025-12-05;17;1039
28;2025-12-05;18;911
28;2025-12-05;19;652
28;2025-12-05;20;468
28;2025-12-05;21;319
28;2025-12-05;22;128
28;2025-12-05;23;21
28;2025-12-06;0;2
28;2025-12-06;1;0
28;2025-12-06;2;0
28;2025-12-06;3;0
28;2025-12-06;4;1
28;2025-12-06;5;35
28;2025-12-06;6;113
28;2025-12-06;7;189
28;2025-12-06;8;328
28;2025-12-06;9;416
28;2025-12-06;10;463
28;2025-12-06;11;488
28;2025-12-06;12;549
28;2025-12-06;13;600
28;2025-12-06;14;601
28;2025-12-06;15;589
28;2025-12-06;16;543
28;2025-12-06;17;527
28;2025-12-06;18;461
28;2025-12-06;19;381
28;2025-12-06;20;320
28;2025-12-06;21;257
28;2025-12-06;22;128
28;2025-12-06;23;35
28;2025-12-07;0;3
28;2025-12-07;1;0
28;2025-12-07;2;0
28;2025-12-07;3;0
28;2025-12-07;4;1
28;2025-12-07;5;28
28;2025-12-07;6;77
28;2025-12-07;7;109
28;2025-12-07;8;196
28;2025-12-07;9;288
28;2025-12-07;10;345
28;2025-12-07;11;415
28;2025-12-07;12;478
28;2025-12-07;13;532
28;2025-12-07;14;533
28;2025-12-07;15;522
28;2025-12-07;16;472
28;2025-12-07;17;455
28;2025-12-07;18;391
28;2025-12-07;19;318
28;2025-12-07;20;275
28;2025-12-07;21;222
28;2025-12-07;22;101
28;2025-12-07;23;15
28;2025-12-08;0;1
28;2025-12-08;1;0
28;2025-12-08;2;0
28;2025-12-08;3;0
28;2025-12-08;4;2
28;2025-12-08;5;69
28;2025-12-08;6;256
28;2025-12-08;7;783
28;2025-12-08;8;1251
28;2025-12-08;9;817
28;2025-12-08;10;569
28;2025-12-08;11;530
28;2025-12-08;12;601
28;2025-12-08;13;632
28;2025-12-08;14;608
28;2025-12-08;15;657
28;2025-12-08;16;799
28;2025-12-08;17;982
28;2025-12-08;18;1036
28;2025-12-08;19;722
28;2025-12-08;20;452
28;2025-12-08;21;290
28;2025-12-08;22;102
28;2025-12-08;23;7
28;2025-12-09;0;1
28;2025-12-09;1;0
28;2025-12-09;2;0
28;2025-12-09;3;1
28;2025-12-09;4;1
28;2025-12-09;5;65
28;2025-12-09;6;262
28;2025-12-09;7;792
28;2025-12-09;8;1267
28;2025-12-09;9;825
28;2025-12-09;10;600
28;2025-12-09;11;557
28;2025-12-09;12;616
28;2025-12-09;13;650
28;2025-12-09;14;634
28;2025-12-09;15;681
28;2025-12-09;16;803
28;2025-12-09;17;1003
28;2025-12-09;18;1032
28;2025-12-09;19;741
28;2025-12-09;20;474
28;2025-12-09;21;299
28;2025-12-09;22;110
28;2025-12-09;23;11
28;2025-12-10;0;1
28;2025-12-10;1;0
28;2025-12-10;2;0
28;2025-12-10;3;0
28;2025-12-10;4;1
28;2025-12-10;5;71
28;2025-12-10;6;271
28;2025-12-10;7;814
28;2025-12-10;8;1324
28;2025-12-10;9;836
28;2025-12-10;10;610
28;2025-12-10;11;587
28;2025-12-10;12;642
28;2025-12-10;13;680
28;2025-12-10;14;657
28;2025-12-10;15;721
28;2025-12-10;16;854
28;2025-12-10;17;1036
28;2025-12-10;18;1070
28;2025-12-10;19;764
28;2025-12-10;20;495
28;2025-12-10;21;317
28;2025-12-10;22;125
28;2025-12-10;23;15
28;2025-12-11;0;1
28;2025-12-11;1;0
28;2025-12-11;2;0
28;2025-12-11;3;0
28;2025-12-11;4;2
28;2025-12-11;5;68
28;2025-12-11;6;270
28;2025-12-11;7;811
28;2025-12-11;8;1298
28;2025-12-11;9;847
28;2025-12-11;10;614
28;2025-12-11;11;572
28;2025-12-11;12;648
28;2025-12-11;13;675
28;2025-12-11;14;657
28;2025-12-11;15;709
28;2025-12-11;16;837
28;2025-12-11;17;1022
28;2025-12-11;18;1050
28;2025-12-11;19;729
28;2025-12-11;20;488
28;2025-12-11;21;313
28;2025-12-11;22;122
28;2025-12-11;23;16
28;2025-12-12;0;1
28;2025-12-12;1;0
28;2025-12-12;2;0
28;2025-12-12;3;0
28;2025-12-12;4;1
28;2025-12-12;5;67
28;2025-12-12;6;263
28;2025-12-12;7;813
28;2025-12-12;8;1262
28;2025-12-12;9;843
28;2025-12-12;10;629
28;2025-12-12;11;600
28;2025-12-12;12;665
28;2025-12-12;13;682
28;2025-12-12;14;663
28;2025-12-12;15;745
28;2025-12-12;16;909
28;2025-12-12;17;1014
28;2025-12-12;18;882
28;2025-12-12;19;655
28;2025-12-12;20;466
28;2025-12-12;21;318
28;2025-12-12;22;131
28;2025-12-12;23;20
28;2025-12-13;0;3
28;2025-12-13;1;0
28;2025-12-13;2;0
28;2025-12-13;3;0
28;2025-12-13;4;2
28;2025-12-13;5;38
28;2025-12-13;6;108
28;2025-12-13;7;188
28;2025-12-13;8;322
28;2025-12-13;9;420
28;2025-12-13;10;471
28;2025-12-13;11;499
28;2025-12-13;12;560
28;2025-12-13;13;609
28;2025-12-13;14;612
28;2025-12-13;15;592
28;2025-12-13;16;549
28;2025-12-13;17;533
28;2025-12-13;18;467
28;2025-12-13;19;376
28;2025-12-13;20;318
28;2025-12-13;21;258
28;2025-12-13;22;136
28;2025-12-13;23;38
28;2025-12-14;0;3
28;2025-12-14;1;0
28;2025-12-14;2;0
28;2025-12-14;3;0
28;2025-12-14;4;1
28;2025-12-14;5;29
28;2025-12-14;6;65
28;2025-12-14;7;108
28;2025-12-14;8;207
28;2025-12-14;9;300
28;2025-12-14;10;365
28;2025-12-14;11;409
28;2025-12-14;12;473
28;2025-12-14;13;529
28;2025-12-14;14;527
28;2025-12-14;15;516
28;2025-12-14;16;471
28;2025-12-14;17;460
28;2025-12-14;18;398
28;2025-12-14;19;325
28;2025-12-14;20;277
28;2025-12-14;21;225
28;2025-12-14;22;114
28;2025-12-14;23;21
28;2025-12-15;0;2
28;2025-12-15;1;1
28;2025-12-15;2;0
28;2025-12-15;3;0
28;2025-12-15;4;2
28;2025-12-15;5;71
28;2025-12-15;6;255
28;2025-12-15;7;786
28;2025-12-15;8;1270
28;2025-12-15;9;823
28;2025-12-15;10;575
28;2025-12-15;11;537
28;2025-12-15;12;609
28;2025-12-15;13;633
28;2025-12-15;14;616
28;2025-12-15;15;664
28;2025-12-15;16;804
28;2025-12-15;17;993
28;2025-12-15;18;1052
28;2025-12-15;19;734
28;2025-12-15;20;463
28;2025-12-15;21;302
28;2025-12-15;22;108
28;2025-12-15;23;9
28;2025-12-16;0;1
28;2025-12-16;1;1
28;2025-12-16;2;0
28;2025-12-16;3;0
28;2025-12-16;4;1
28;2025-12-16;5;69
28;2025-12-16;6;259
28;2025-12-16;7;800
28;2025-12-16;8;1277
28;2025-12-16;9;828
28;2025-12-16;10;598
28;2025-12-16;11;547
28;2025-12-16;12;600
28;2025-12-16;13;640
28;2025-12-16;14;625
28;2025-12-16;15;678
28;2025-12-16;16;799
28;2025-12-16;17;1000
28;2025-12-16;18;1032
28;2025-12-16;19;738
28;2025-12-16;20;474
28;2025-12-16;21;300
28;2025-12-16;22;114
28;2025-12-16;23;13
28;2025-12-17;0;0
28;2025-12-17;1;0
28;2025-12-17;2;0
28;2025-12-17;3;0
28;2025-12-17;4;0
28;2025-12-17;5;70
28;2025-12-17;6;272
28;2025-12-17;7;816
28;2025-12-17;8;1341
28;2025-12-17;9;845
28;2025-12-17;10;619
28;2025-12-17;11;591
28;2025-12-17;12;646
28;2025-12-17;13;687
28;2025-12-17;14;671
28;2025-12-17;15;737
28;2025-12-17;16;862
28;2025-12-17;17;1039
28;2025-12-17;18;1074
28;2025-12-17;19;768
28;2025-12-17;20;497
28;2025-12-17;21;320
28;2025-12-17;22;127
28;2025-12-17;23;16
28;2025-12-18;0;1
28;2025-12-18;1;0
28;2025-12-18;2;0
28;2025-12-18;3;0
28;2025-12-18;4;2
28;2025-12-18;5;70
28;2025-12-18;6;271
28;2025-12-18;7;814
28;2025-12-18;8;1300
28;2025-12-18;9;848
28;2025-12-18;10;616
28;2025-12-18;11;575
28;2025-12-18;12;649
28;2025-12-18;13;680
28;2025-12-18;14;658
28;2025-12-18;15;714
28;2025-12-18;16;843
28;2025-12-18;17;1026
28;2025-12-18;18;1058
28;2025-12-18;19;741
28;2025-12-18;20;492
28;2025-12-18;21;318
28;2025-12-18;22;123
28;2025-12-18;23;16
28;2025-12-19;0;1
28;2025-12-19;1;0
28;2025-12-19;2;0
28;2025-12-19;3;1
28;2025-12-19;4;2
28;2025-12-19;5;68
28;2025-12-19;6;266
28;2025-12-19;7;822
28;2025-12-19;8;1273
28;2025-12-19;9;849
28;2025-12-19;10;636
28;2025-12-19;11;598
28;2025-12-19;12;660
28;2025-12-19;13;703
28;2025-12-19;14;694
28;2025-12-19;15;788
28;2025-12-19;16;938
28;2025-12-19;17;1031
28;2025-12-19;18;911
28;2025-12-19;19;655
28;2025-12-19;20;466
28;2025-12-19;21;317
28;2025-12-19;22;128
28;2025-12-19;23;23
28;2025-12-20;0;1
28;2025-12-20;1;0
28;2025-12-20;2;0
28;2025-12-20;3;0
28;2025-12-20;4;0
28;2025-12-20;5;34
28;2025-12-20;6;112
28;2025-12-20;7;185
28;2025-12-20;8;322
28;2025-12-20;9;414
28;2025-12-20;10;462
28;2025-12-20;11;481
28;2025-12-20;12;544
28;2025-12-20;13;596
28;2025-12-20;14;599
28;2025-12-20;15;581
28;2025-12-20;16;537
28;2025-12-20;17;520
28;2025-12-20;18;457
28;2025-12-20;19;373
28;2025-12-20;20;312
28;2025-12-20;21;251
28;2025-12-20;22;125
28;2025-12-20;23;35
28;2025-12-21;0;1
28;2025-12-21;1;0
28;2025-12-21;2;0
28;2025-12-21;3;0
28;2025-12-21;4;0
28;2025-12-21;5;24
28;2025-12-21;6;72
28;2025-12-21;7;109
28;2025-12-21;8;212
28;2025-12-21;9;303
28;2025-12-21;10;362
28;2025-12-21;11;408
28;2025-12-21;12;470
28;2025-12-21;13;524
28;2025-12-21;14;521
28;2025-12-21;15;514
28;2025-12-21;16;464
28;2025-12-21;17;455
28;2025-12-21;18;398
28;2025-12-21;19;318
28;2025-12-21;20;266
28;2025-12-21;21;217
28;2025-12-21;22;99
28;2025-12-21;23;16
28;2025-12-22;0;1
28;2025-12-22;1;0
28;2025-12-22;2;0
28;2025-12-22;3;1
28;2025-12-22;4;2
28;2025-12-22;5;66
28;2025-12-22;6;258
28;2025-12-22;7;783
28;2025-12-22;8;1266
28;2025-12-22;9;821
28;2025-12-22;10;574
28;2025-12-22;11;522
28;2025-12-22;12;593
28;2025-12-22;13;614
28;2025-12-22;14;596
28;2025-12-22;15;651
28;2025-12-22;16;793
28;2025-12-22;17;982
28;2025-12-22;18;1038
28;2025-12-22;19;725
28;2025-12-22;20;458
28;2025-12-22;21;293
28;2025-12-22;22;103
28;2025-12-22;23;6
28;2025-12-23;0;0
28;2025-12-23;1;0
28;2025-12-23;2;0
28;2025-12-23;3;0
28;2025-12-23;4;1
28;2025-12-23;5;67
28;2025-12-23;6;263
28;2025-12-23;7;802
28;2025-12-23;8;1283
28;2025-12-23;9;833
28;2025-12-23;10;601
28;2025-12-23;11;556
28;2025-12-23;12;616
28;2025-12-23;13;648
28;2025-12-23;14;628
28;2025-12-23;15;677
28;2025-12-23;16;798
28;2025-12-23;17;999
28;2025-12-23;18;1028
28;2025-12-23;19;740
28;2025-12-23;20;476
28;2025-12-23;21;303
28;2025-12-23;22;115
28;2025-12-23;23;15
28;2025-12-24;0;2
28;2025-12-24;1;1
28;2025-12-24;2;0
28;2025-12-24;3;0
28;2025-12-24;4;2
28;2025-12-24;5;77
28;2025-12-24;6;279
28;2025-12-24;7;826
28;2025-12-24;8;1349
28;2025-12-24;9;846
28;2025-12-24;10;613
28;2025-12-24;11;583
28;2025-12-24;12;640
28;2025-12-24;13;680
28;2025-12-24;14;658
28;2025-12-24;15;716
28;2025-12-24;16;849
28;2025-12-24;17;1033
28;2025-12-24;18;1060
28;2025-12-24;19;758
28;2025-12-24;20;487
28;2025-12-24;21;313
28;2025-12-24;22;121
28;2025-12-24;23;12
28;2025-12-25;0;2
28;2025-12-25;1;1
28;2025-12-25;2;0
28;2025-12-25;3;0
28;2025-12-25;4;2
28;2025-12-25;5;69
28;2025-12-25;6;265
28;2025-12-25;7;791
28;2025-12-25;8;1269
28;2025-12-25;9;848
28;2025-12-25;10;625
28;2025-12-25;11;588
28;2025-12-25;12;666
28;2025-12-25;13;693
28;2025-12-25;14;671
28;2025-12-25;15;721
28;2025-12-25;16;844
28;2025-12-25;17;1009
28;2025-12-25;18;1040
28;2025-12-25;19;726
28;2025-12-25;20;481
28;2025-12-25;21;307
28;2025-12-25;22;116
28;2025-12-25;23;10
28;2025-12-26;0;0
28;2025-12-26;1;0
28;2025-12-26;2;0
28;2025-12-26;3;0
28;2025-12-26;4;0
28;2025-12-26;5;64
28;2025-12-26;6;256
28;2025-12-26;7;793
28;2025-12-26;8;1241
28;2025-12-26;9;843
28;2025-12-26;10;623
28;2025-12-26;11;592
28;2025-12-26;12;651
28;2025-12-26;13;705
28;2025-12-26;14;692
28;2025-12-26;15;780
28;2025-12-26;16;928
28;2025-12-26;17;1021
28;2025-12-26;18;895
28;2025-12-26;19;617
28;2025-12-26;20;442
28;2025-12-26;21;291
28;2025-12-26;22;116
28;2025-12-26;23;15
28;2025-12-27;0;0
28;2025-12-27;1;0
28;2025-12-27;2;0
28;2025-12-27;3;0
28;2025-12-27;4;2
28;2025-12-27;5;35
28;2025-12-27;6;107
28;2025-12-27;7;177
28;2025-12-27;8;302
28;2025-12-27;9;403
28;2025-12-27;10;454
28;2025-12-27;11;486
28;2025-12-27;12;552
28;2025-12-27;13;603
28;2025-12-27;14;607
28;2025-12-27;15;595
28;2025-12-27;16;550
28;2025-12-27;17;510
28;2025-12-27;18;437
28;2025-12-27;19;362
28;2025-12-27;20;309
28;2025-12-27;21;243
28;2025-12-27;22;120
28;2025-12-27;23;36
28;2025-12-28;0;2
28;2025-12-28;1;1
28;2025-12-28;2;1
28;2025-12-28;3;1
28;2025-12-28;4;3
28;2025-12-28;5;29
28;2025-12-28;6;75
28;2025-12-28;7;101
28;2025-12-28;8;198
28;2025-12-28;9;307
28;2025-12-28;10;359
28;2025-12-28;11;405
28;2025-12-28;12;465
28;2025-12-28;13;517
28;2025-12-28;14;514
28;2025-12-28;15;504
28;2025-12-28;16;452
28;2025-12-28;17;431
28;2025-12-28;18;374
28;2025-12-28;19;302
28;2025-12-28;20;261
28;2025-12-28;21;210
28;2025-12-28;22;96
28;2025-12-28;23;16
28;2025-12-29;0;0
28;2025-12-29;1;0
28;2025-12-29;2;0
28;2025-12-29;3;0
28;2025-12-29;4;3
28;2025-12-29;5;68
28;2025-12-29;6;254
28;2025-12-29;7;750
28;2025-12-29;8;1227
28;2025-12-29;9;812
28;2025-12-29;10;574
28;2025-12-29;11;541
28;2025-12-29;12;605
28;2025-12-29;13;626
28;2025-12-29;14;606
28;2025-12-29;15;656
28;2025-12-29;16;791
28;2025-12-29;17;963
28;2025-12-29;18;1006
28;2025-12-29;19;715
28;2025-12-29;20;454
28;2025-12-29;21;287
28;2025-12-29;22;98
28;2025-12-29;23;8
28;2025-12-30;0;1
28;2025-12-30;1;1
28;2025-12-30;2;1
28;2025-12-30;3;1
28;2025-12-30;4;2
28;2025-12-30;5;66
28;2025-12-30;6;231
28;2025-12-30;7;735
28;2025-12-30;8;1205
28;2025-12-30;9;799
28;2025-12-30;10;574
28;2025-12-30;11;526
28;2025-12-30;12;587
28;2025-12-30;13;615
28;2025-12-30;14;588
28;2025-12-30;15;631
28;2025-12-30;16;754
28;2025-12-30;17;920
28;2025-12-30;18;944
28;2025-12-30;19;710
28;2025-12-30;20;460
28;2025-12-30;21;284
28;2025-12-30;22;101
28;2025-12-30;23;9
28;2025-12-31;0;0
28;2025-12-31;1;0
28;2025-12-31;2;0
28;2025-12-31;3;0
28;2025-12-31;4;0
28;2025-12-31;5;8
28;2025-12-31;6;53
28;2025-12-31;7;103
28;2025-12-31;8;286
28;2025-12-31;9;198
28;2025-12-31;10;193
28;2025-12-31;11;256
28;2025-12-31;12;289
28;2025-12-31;13;329
28;2025-12-31;14;313
28;2025-12-31;15;327
28;2025-12-31;16;331
28;2025-12-31;17;338
28;2025-12-31;18;299
28;2025-12-31;19;297
28;2025-12-31;20;270
28;2025-12-31;21;193
28;2025-12-31;22;77
28;2025-12-31;23;17
50;2025-11-01;0;56
50;2025-11-01;1;13
50;2025-11-01;2;0
50;2025-11-01;3;1
50;2025-11-01;4;3
50;2025-11-01;5;68
50;2025-11-01;6;392
50;2025-11-01;7;969
50;2025-11-01;8;1357
50;2025-11-01;9;1137
50;2025-11-01;10;1095
50;2025-11-01;11;1053
50;2025-11-01;12;1037
50;2025-11-01;13;1113
50;2025-11-01;14;1085
50;2025-11-01;15;1140
50;2025-11-01;16;1224
50;2025-11-01;17;1319
50;2025-11-01;18;1360
50;2025-11-01;19;898
50;2025-11-01;20;663
50;2025-11-01;21;448
50;2025-11-01;22;263
50;2025-11-01;23;143
50;2025-11-02;0;51
50;2025-11-02;1;11
50;2025-11-02;2;1
50;2025-11-02;3;2
50;2025-11-02;4;2
50;2025-11-02;5;6
50;2025-11-02;6;32
50;2025-11-02;7;58
50;2025-11-02;8;93
50;2025-11-02;9;115
50;2025-11-02;10;143
50;2025-11-02;11;218
50;2025-11-02;12;268
50;2025-11-02;13;336
50;2025-11-02;14;349
50;2025-11-02;15;294
50;2025-11-02;16;268
50;2025-11-02;17;223
50;2025-11-02;18;213
50;2025-11-02;19;162
50;2025-11-02;20;167
50;2025-11-02;21;120
50;2025-11-02;22;53
50;2025-11-02;23;29
50;2025-11-03;0;42
50;2025-11-03;1;9
50;2025-11-03;2;6
50;2025-11-03;3;6
50;2025-11-03;4;2
50;2025-11-03;5;18
50;2025-11-03;6;174
50;2025-11-03;7;427
50;2025-11-03;8;742
50;2025-11-03;9;613
50;2025-11-03;10;563
50;2025-11-03;11;607
50;2025-11-03;12;654
50;2025-11-03;13;679
50;2025-11-03;14;648
50;2025-11-03;15;666
50;2025-11-03;16;682
50;2025-11-03;17;801
50;2025-11-03;18;789
50;2025-11-03;19;608
50;2025-11-03;20;485
50;2025-11-03;21;311
50;2025-11-03;22;138
50;2025-11-03;23;91
50;2025-11-04;0;34
50;2025-11-04;1;7
50;2025-11-04;2;0
50;2025-11-04;3;0
50;2025-11-04;4;0
50;2025-11-04;5;9
50;2025-11-04;6;113
50;2025-11-04;7;335
50;2025-11-04;8;659
50;2025-11-04;9;532
50;2025-11-04;10;463
50;2025-11-04;11;522
50;2025-11-04;12;555
50;2025-11-04;13;590
50;2025-11-04;14;586
50;2025-11-04;15;609
50;2025-11-04;16;637
50;2025-11-04;17;717
50;2025-11-04;18;681
50;2025-11-04;19;571
50;2025-11-04;20;467
50;2025-11-04;21;302
50;2025-11-04;22;145
50;2025-11-04;23;103
50;2025-11-05;0;35
50;2025-11-05;1;2
50;2025-11-05;2;0
50;2025-11-05;3;1
50;2025-11-05;4;7
50;2025-11-05;5;83
50;2025-11-05;6;611
50;2025-11-05;7;1883
50;2025-11-05;8;2905
50;2025-11-05;9;2152
50;2025-11-05;10;1731
50;2025-11-05;11;1610
50;2025-11-05;12;1556
50;2025-11-05;13;1560
50;2025-11-05;14;1533
50;2025-11-05;15;1688
50;2025-11-05;16;1853
50;2025-11-05;17;2382
50;2025-11-05;18;2511
50;2025-11-05;19;1591
50;2025-11-05;20;979
50;2025-11-05;21;627
50;2025-11-05;22;290
50;2025-11-05;23;156
50;2025-11-06;0;36
50;2025-11-06;1;2
50;2025-11-06;2;0
50;2025-11-06;3;1
50;2025-11-06;4;1
50;2025-11-06;5;71
50;2025-11-06;6;568
50;2025-11-06;7;1781
50;2025-11-06;8;2703
50;2025-11-06;9;2011
50;2025-11-06;10;1630
50;2025-11-06;11;1503
50;2025-11-06;12;1452
50;2025-11-06;13;1464
50;2025-11-06;14;1439
50;2025-11-06;15;1604
50;2025-11-06;16;1749
50;2025-11-06;17;2249
50;2025-11-06;18;2344
50;2025-11-06;19;1473
50;2025-11-06;20;932
50;2025-11-06;21;603
50;2025-11-06;22;262
50;2025-11-06;23;137
50;2025-11-07;0;31
50;2025-11-07;1;1
50;2025-11-07;2;0
50;2025-11-07;3;0
50;2025-11-07;4;3
50;2025-11-07;5;71
50;2025-11-07;6;562
50;2025-11-07;7;1766
50;2025-11-07;8;2638
50;2025-11-07;9;1966
50;2025-11-07;10;1607
50;2025-11-07;11;1519
50;2025-11-07;12;1467
50;2025-11-07;13;1469
50;2025-11-07;14;1483
50;2025-11-07;15;1703
50;2025-11-07;16;1893
50;2025-11-07;17;2153
50;2025-11-07;18;1930
50;2025-11-07;19;1263
50;2025-11-07;20;865
50;2025-11-07;21;568
50;2025-11-07;22;274
50;2025-11-07;23;152
50;2025-11-08;0;47
50;2025-11-08;1;6
50;2025-11-08;2;0
50;2025-11-08;3;0
50;2025-11-08;4;2
50;2025-11-08;5;8
50;2025-11-08;6;56
50;2025-11-08;7;137
50;2025-11-08;8;236
50;2025-11-08;9;237
50;2025-11-08;10;238
50;2025-11-08;11;299
50;2025-11-08;12;328
50;2025-11-08;13;375
50;2025-11-08;14;377
50;2025-11-08;15;349
50;2025-11-08;16;334
50;2025-11-08;17;342
50;2025-11-08;18;324
50;2025-11-08;19;247
50;2025-11-08;20;194
50;2025-11-08;21;136
50;2025-11-08;22;61
50;2025-11-08;23;37
50;2025-11-09;0;47
50;2025-11-09;1;11
50;2025-11-09;2;3
50;2025-11-09;3;4
50;2025-11-09;4;8
50;2025-11-09;5;6
50;2025-11-09;6;32
50;2025-11-09;7;58
50;2025-11-09;8;100
50;2025-11-09;9;128
50;2025-11-09;10;154
50;2025-11-09;11;228
50;2025-11-09;12;275
50;2025-11-09;13;315
50;2025-11-09;14;327
50;2025-11-09;15;282
50;2025-11-09;16;299
50;2025-11-09;17;283
50;2025-11-09;18;265
50;2025-11-09;19;199
50;2025-11-09;20;190
50;2025-11-09;21;138
50;2025-11-09;22;53
50;2025-11-09;23;29
50;2025-11-10;0;33
50;2025-11-10;1;2
50;2025-11-10;2;0
50;2025-11-10;3;0
50;2025-11-10;4;1
50;2025-11-10;5;73
50;2025-11-10;6;577
50;2025-11-10;7;1807
50;2025-11-10;8;2754
50;2025-11-10;9;2056
50;2025-11-10;10;1638
50;2025-11-10;11;1520
50;2025-11-10;12;1466
50;2025-11-10;13;1491
50;2025-11-10;14;1486
50;2025-11-10;15;1638
50;2025-11-10;16;1763
50;2025-11-10;17;2295
50;2025-11-10;18;2421
50;2025-11-10;19;1506
50;2025-11-10;20;942
50;2025-11-10;21;602
50;2025-11-10;22;263
50;2025-11-10;23;136
50;2025-11-11;0;33
50;2025-11-11;1;2
50;2025-11-11;2;0
50;2025-11-11;3;0
50;2025-11-11;4;2
50;2025-11-11;5;78
50;2025-11-11;6;604
50;2025-11-11;7;1875
50;2025-11-11;8;2864
50;2025-11-11;9;2136
50;2025-11-11;10;1728
50;2025-11-11;11;1592
50;2025-11-11;12;1550
50;2025-11-11;13;1564
50;2025-11-11;14;1550
50;2025-11-11;15;1705
50;2025-11-11;16;1822
50;2025-11-11;17;2396
50;2025-11-11;18;2504
50;2025-11-11;19;1571
50;2025-11-11;20;997
50;2025-11-11;21;633
50;2025-11-11;22;288
50;2025-11-11;23;152
50;2025-11-12;0;36
50;2025-11-12;1;2
50;2025-11-12;2;0
50;2025-11-12;3;0
50;2025-11-12;4;2
50;2025-11-12;5;82
50;2025-11-12;6;638
50;2025-11-12;7;1933
50;2025-11-12;8;2953
50;2025-11-12;9;2204
50;2025-11-12;10;1768
50;2025-11-12;11;1635
50;2025-11-12;12;1606
50;2025-11-12;13;1609
50;2025-11-12;14;1590
50;2025-11-12;15;1744
50;2025-11-12;16;1912
50;2025-11-12;17;2436
50;2025-11-12;18;2554
50;2025-11-12;19;1610
50;2025-11-12;20;1005
50;2025-11-12;21;651
50;2025-11-12;22;302
50;2025-11-12;23;158
50;2025-11-13;0;36
50;2025-11-13;1;2
50;2025-11-13;2;0
50;2025-11-13;3;0
50;2025-11-13;4;1
50;2025-11-13;5;75
50;2025-11-13;6;592
50;2025-11-13;7;1821
50;2025-11-13;8;2764
50;2025-11-13;9;2067
50;2025-11-13;10;1692
50;2025-11-13;11;1565
50;2025-11-13;12;1503
50;2025-11-13;13;1520
50;2025-11-13;14;1471
50;2025-11-13;15;1649
50;2025-11-13;16;1793
50;2025-11-13;17;2296
50;2025-11-13;18;2395
50;2025-11-13;19;1504
50;2025-11-13;20;961
50;2025-11-13;21;624
50;2025-11-13;22;274
50;2025-11-13;23;155
50;2025-11-14;0;35
50;2025-11-14;1;1
50;2025-11-14;2;0
50;2025-11-14;3;0
50;2025-11-14;4;1
50;2025-11-14;5;78
50;2025-11-14;6;600
50;2025-11-14;7;1820
50;2025-11-14;8;2700
50;2025-11-14;9;2037
50;2025-11-14;10;1659
50;2025-11-14;11;1578
50;2025-11-14;12;1517
50;2025-11-14;13;1516
50;2025-11-14;14;1522
50;2025-11-14;15;1733
50;2025-11-14;16;1949
50;2025-11-14;17;2186
50;2025-11-14;18;1960
50;2025-11-14;19;1301
50;2025-11-14;20;878
50;2025-11-14;21;573
50;2025-11-14;22;267
50;2025-11-14;23;159
50;2025-11-15;0;41
50;2025-11-15;1;3
50;2025-11-15;2;0
50;2025-11-15;3;0
50;2025-11-15;4;0
50;2025-11-15;5;8
50;2025-11-15;6;65
50;2025-11-15;7;149
50;2025-11-15;8;264
50;2025-11-15;9;268
50;2025-11-15;10;288
50;2025-11-15;11;348
50;2025-11-15;12;374
50;2025-11-15;13;430
50;2025-11-15;14;437
50;2025-11-15;15;419
50;2025-11-15;16;409
50;2025-11-15;17;408
50;2025-11-15;18;371
50;2025-11-15;19;283
50;2025-11-15;20;241
50;2025-11-15;21;171
50;2025-11-15;22;73
50;2025-11-15;23;37
50;2025-11-16;0;33
50;2025-11-16;1;1
50;2025-11-16;2;0
50;2025-11-16;3;0
50;2025-11-16;4;0
50;2025-11-16;5;6
50;2025-11-16;6;32
50;2025-11-16;7;58
50;2025-11-16;8;110
50;2025-11-16;9;153
50;2025-11-16;10;196
50;2025-11-16;11;285
50;2025-11-16;12;334
50;2025-11-16;13;384
50;2025-11-16;14;399
50;2025-11-16;15;334
50;2025-11-16;16;326
50;2025-11-16;17;285
50;2025-11-16;18;255
50;2025-11-16;19;186
50;2025-11-16;20;183
50;2025-11-16;21;129
50;2025-11-16;22;53
50;2025-11-16;23;29
50;2025-11-17;0;33
50;2025-11-17;1;2
50;2025-11-17;2;0
50;2025-11-17;3;0
50;2025-11-17;4;2
50;2025-11-17;5;72
50;2025-11-17;6;572
50;2025-11-17;7;1805
50;2025-11-17;8;2758
50;2025-11-17;9;2045
50;2025-11-17;10;1635
50;2025-11-17;11;1516
50;2025-11-17;12;1441
50;2025-11-17;13;1442
50;2025-11-17;14;1429
50;2025-11-17;15;1596
50;2025-11-17;16;1731
50;2025-11-17;17;2275
50;2025-11-17;18;2401
50;2025-11-17;19;1491
50;2025-11-17;20;933
50;2025-11-17;21;586
50;2025-11-17;22;254
50;2025-11-17;23;131
50;2025-11-18;0;33
50;2025-11-18;1;2
50;2025-11-18;2;0
50;2025-11-18;3;10
50;2025-11-18;4;9
50;2025-11-18;5;59
50;2025-11-18;6;576
50;2025-11-18;7;1852
50;2025-11-18;8;2853
50;2025-11-18;9;2111
50;2025-11-18;10;1703
50;2025-11-18;11;1537
50;2025-11-18;12;1481
50;2025-11-18;13;1501
50;2025-11-18;14;1515
50;2025-11-18;15;1678
50;2025-11-18;16;1796
50;2025-11-18;17;2374
50;2025-11-18;18;2481
50;2025-11-18;19;1559
50;2025-11-18;20;990
50;2025-11-18;21;632
50;2025-11-18;22;286
50;2025-11-18;23;149
50;2025-11-19;0;38
50;2025-11-19;1;3
50;2025-11-19;2;2
50;2025-11-19;3;2
50;2025-11-19;4;4
50;2025-11-19;5;86
50;2025-11-19;6;639
50;2025-11-19;7;1940
50;2025-11-19;8;2954
50;2025-11-19;9;2205
50;2025-11-19;10;1780
50;2025-11-19;11;1642
50;2025-11-19;12;1610
50;2025-11-19;13;1625
50;2025-11-19;14;1603
50;2025-11-19;15;1763
50;2025-11-19;16;1928
50;2025-11-19;17;2450
50;2025-11-19;18;2572
50;2025-11-19;19;1638
50;2025-11-19;20;1020
50;2025-11-19;21;668
50;2025-11-19;22;310
50;2025-11-19;23;163
50;2025-11-20;0;37
50;2025-11-20;1;4
50;2025-11-20;2;2
50;2025-11-20;3;2
50;2025-11-20;4;3
50;2025-11-20;5;77
50;2025-11-20;6;600
50;2025-11-20;7;1829
50;2025-11-20;8;2761
50;2025-11-20;9;2071
50;2025-11-20;10;1675
50;2025-11-20;11;1562
50;2025-11-20;12;1514
50;2025-11-20;13;1522
50;2025-11-20;14;1499
50;2025-11-20;15;1668
50;2025-11-20;16;1824
50;2025-11-20;17;2313
50;2025-11-20;18;2411
50;2025-11-20;19;1519
50;2025-11-20;20;968
50;2025-11-20;21;627
50;2025-11-20;22;279
50;2025-11-20;23;153
50;2025-11-21;0;35
50;2025-11-21;1;1
50;2025-11-21;2;0
50;2025-11-21;3;0
50;2025-11-21;4;1
50;2025-11-21;5;73
50;2025-11-21;6;576
50;2025-11-21;7;1797
50;2025-11-21;8;2681
50;2025-11-21;9;2008
50;2025-11-21;10;1642
50;2025-11-21;11;1572
50;2025-11-21;12;1530
50;2025-11-21;13;1535
50;2025-11-21;14;1541
50;2025-11-21;15;1757
50;2025-11-21;16;1971
50;2025-11-21;17;2211
50;2025-11-21;18;1991
50;2025-11-21;19;1319
50;2025-11-21;20;904
50;2025-11-21;21;595
50;2025-11-21;22;290
50;2025-11-21;23;171
50;2025-11-22;0;44
50;2025-11-22;1;5
50;2025-11-22;2;0
50;2025-11-22;3;0
50;2025-11-22;4;0
50;2025-11-22;5;8
50;2025-11-22;6;88
50;2025-11-22;7;179
50;2025-11-22;8;291
50;2025-11-22;9;300
50;2025-11-22;10;318
50;2025-11-22;11;378
50;2025-11-22;12;405
50;2025-11-22;13;450
50;2025-11-22;14;451
50;2025-11-22;15;420
50;2025-11-22;16;405
50;2025-11-22;17;405
50;2025-11-22;18;376
50;2025-11-22;19;289
50;2025-11-22;20;238
50;2025-11-22;21;166
50;2025-11-22;22;61
50;2025-11-22;23;37
50;2025-11-23;0;34
50;2025-11-23;1;1
50;2025-11-23;2;0
50;2025-11-23;3;0
50;2025-11-23;4;0
50;2025-11-23;5;6
50;2025-11-23;6;32
50;2025-11-23;7;58
50;2025-11-23;8;112
50;2025-11-23;9;154
50;2025-11-23;10;187
50;2025-11-23;11;277
50;2025-11-23;12;317
50;2025-11-23;13;377
50;2025-11-23;14;396
50;2025-11-23;15;337
50;2025-11-23;16;333
50;2025-11-23;17;286
50;2025-11-23;18;261
50;2025-11-23;19;192
50;2025-11-23;20;186
50;2025-11-23;21;130
50;2025-11-23;22;53
50;2025-11-23;23;29
50;2025-11-24;0;33
50;2025-11-24;1;2
50;2025-11-24;2;7
50;2025-11-24;3;8
50;2025-11-24;4;9
50;2025-11-24;5;68
50;2025-11-24;6;562
50;2025-11-24;7;1807
50;2025-11-24;8;2739
50;2025-11-24;9;2049
50;2025-11-24;10;1639
50;2025-11-24;11;1523
50;2025-11-24;12;1446
50;2025-11-24;13;1457
50;2025-11-24;14;1443
50;2025-11-24;15;1611
50;2025-11-24;16;1752
50;2025-11-24;17;2283
50;2025-11-24;18;2405
50;2025-11-24;19;1493
50;2025-11-24;20;939
50;2025-11-24;21;592
50;2025-11-24;22;257
50;2025-11-24;23;139
50;2025-11-25;0;33
50;2025-11-25;1;2
50;2025-11-25;2;0
50;2025-11-25;3;0
50;2025-11-25;4;2
50;2025-11-25;5;80
50;2025-11-25;6;614
50;2025-11-25;7;1877
50;2025-11-25;8;2854
50;2025-11-25;9;2130
50;2025-11-25;10;1716
50;2025-11-25;11;1572
50;2025-11-25;12;1536
50;2025-11-25;13;1546
50;2025-11-25;14;1535
50;2025-11-25;15;1692
50;2025-11-25;16;1809
50;2025-11-25;17;2376
50;2025-11-25;18;2478
50;2025-11-25;19;1567
50;2025-11-25;20;990
50;2025-11-25;21;628
50;2025-11-25;22;285
50;2025-11-25;23;148
50;2025-11-26;0;36
50;2025-11-26;1;2
50;2025-11-26;2;0
50;2025-11-26;3;0
50;2025-11-26;4;2
50;2025-11-26;5;73
50;2025-11-26;6;609
50;2025-11-26;7;1909
50;2025-11-26;8;2938
50;2025-11-26;9;2184
50;2025-11-26;10;1770
50;2025-11-26;11;1634
50;2025-11-26;12;1601
50;2025-11-26;13;1599
50;2025-11-26;14;1569
50;2025-11-26;15;1735
50;2025-11-26;16;1900
50;2025-11-26;17;2423
50;2025-11-26;18;2543
50;2025-11-26;19;1597
50;2025-11-26;20;999
50;2025-11-26;21;650
50;2025-11-26;22;297
50;2025-11-26;23;160
50;2025-11-27;0;36
50;2025-11-27;1;2
50;2025-11-27;2;0
50;2025-11-27;3;1
50;2025-11-27;4;2
50;2025-11-27;5;76
50;2025-11-27;6;588
50;2025-11-27;7;1817
50;2025-11-27;8;2748
50;2025-11-27;9;2056
50;2025-11-27;10;1673
50;2025-11-27;11;1552
50;2025-11-27;12;1494
50;2025-11-27;13;1505
50;2025-11-27;14;1465
50;2025-11-27;15;1642
50;2025-11-27;16;1795
50;2025-11-27;17;2291
50;2025-11-27;18;2399
50;2025-11-27;19;1484
50;2025-11-27;20;942
50;2025-11-27;21;616
50;2025-11-27;22;267
50;2025-11-27;23;144
50;2025-11-28;0;32
50;2025-11-28;1;1
50;2025-11-28;2;0
50;2025-11-28;3;0
50;2025-11-28;4;1
50;2025-11-28;5;74
50;2025-11-28;6;574
50;2025-11-28;7;1798
50;2025-11-28;8;2679
50;2025-11-28;9;2023
50;2025-11-28;10;1654
50;2025-11-28;11;1576
50;2025-11-28;12;1531
50;2025-11-28;13;1527
50;2025-11-28;14;1539
50;2025-11-28;15;1753
50;2025-11-28;16;1964
50;2025-11-28;17;2204
50;2025-11-28;18;1978
50;2025-11-28;19;1310
50;2025-11-28;20;899
50;2025-11-28;21;592
50;2025-11-28;22;288
50;2025-11-28;23;171
50;2025-11-29;0;44
50;2025-11-29;1;5
50;2025-11-29;2;0
50;2025-11-29;3;0
50;2025-11-29;4;0
50;2025-11-29;5;8
50;2025-11-29;6;86
50;2025-11-29;7;172
50;2025-11-29;8;281
50;2025-11-29;9;291
50;2025-11-29;10;305
50;2025-11-29;11;364
50;2025-11-29;12;392
50;2025-11-29;13;433
50;2025-11-29;14;432
50;2025-11-29;15;398
50;2025-11-29;16;389
50;2025-11-29;17;391
50;2025-11-29;18;360
50;2025-11-29;19;279
50;2025-11-29;20;234
50;2025-11-29;21;161
50;2025-11-29;22;65
50;2025-11-29;23;37
50;2025-11-30;0;34
50;2025-11-30;1;1
50;2025-11-30;2;0
50;2025-11-30;3;0
50;2025-11-30;4;0
50;2025-11-30;5;6
50;2025-11-30;6;32
50;2025-11-30;7;58
50;2025-11-30;8;114
50;2025-11-30;9;159
50;2025-11-30;10;192
50;2025-11-30;11;265
50;2025-11-30;12;308
50;2025-11-30;13;351
50;2025-11-30;14;356
50;2025-11-30;15;309
50;2025-11-30;16;303
50;2025-11-30;17;285
50;2025-11-30;18;258
50;2025-11-30;19;188
50;2025-11-30;20;181
50;2025-11-30;21;125
50;2025-11-30;22;53
50;2025-11-30;23;29
50;2025-12-01;0;33
50;2025-12-01;1;3
50;2025-12-01;2;1
50;2025-12-01;3;0
50;2025-12-01;4;1
50;2025-12-01;5;69
50;2025-12-01;6;569
50;2025-12-01;7;1777
50;2025-12-01;8;2676
50;2025-12-01;9;2011
50;2025-12-01;10;1591
50;2025-12-01;11;1474
50;2025-12-01;12;1401
50;2025-12-01;13;1421
50;2025-12-01;14;1418
50;2025-12-01;15;1591
50;2025-12-01;16;1702
50;2025-12-01;17;2232
50;2025-12-01;18;2370
50;2025-12-01;19;1467
50;2025-12-01;20;909
50;2025-12-01;21;575
50;2025-12-01;22;256
50;2025-12-01;23;129
50;2025-12-02;0;34
50;2025-12-02;1;2
50;2025-12-02;2;0
50;2025-12-02;3;0
50;2025-12-02;4;1
50;2025-12-02;5;74
50;2025-12-02;6;600
50;2025-12-02;7;1843
50;2025-12-02;8;2771
50;2025-12-02;9;2083
50;2025-12-02;10;1672
50;2025-12-02;11;1533
50;2025-12-02;12;1488
50;2025-12-02;13;1500
50;2025-12-02;14;1491
50;2025-12-02;15;1653
50;2025-12-02;16;1765
50;2025-12-02;17;2345
50;2025-12-02;18;2467
50;2025-12-02;19;1549
50;2025-12-02;20;970
50;2025-12-02;21;620
50;2025-12-02;22;286
50;2025-12-02;23;146
50;2025-12-03;0;37
50;2025-12-03;1;3
50;2025-12-03;2;0
50;2025-12-03;3;0
50;2025-12-03;4;1
50;2025-12-03;5;82
50;2025-12-03;6;625
50;2025-12-03;7;1896
50;2025-12-03;8;2870
50;2025-12-03;9;2156
50;2025-12-03;10;1735
50;2025-12-03;11;1609
50;2025-12-03;12;1571
50;2025-12-03;13;1583
50;2025-12-03;14;1562
50;2025-12-03;15;1731
50;2025-12-03;16;1890
50;2025-12-03;17;2416
50;2025-12-03;18;2549
50;2025-12-03;19;1608
50;2025-12-03;20;995
50;2025-12-03;21;648
50;2025-12-03;22;306
50;2025-12-03;23;156
50;2025-12-04;0;37
50;2025-12-04;1;3
50;2025-12-04;2;0
50;2025-12-04;3;0
50;2025-12-04;4;1
50;2025-12-04;5;73
50;2025-12-04;6;585
50;2025-12-04;7;1787
50;2025-12-04;8;2673
50;2025-12-04;9;2017
50;2025-12-04;10;1632
50;2025-12-04;11;1521
50;2025-12-04;12;1464
50;2025-12-04;13;1476
50;2025-12-04;14;1458
50;2025-12-04;15;1639
50;2025-12-04;16;1785
50;2025-12-04;17;2289
50;2025-12-04;18;2395
50;2025-12-04;19;1510
50;2025-12-04;20;960
50;2025-12-04;21;635
50;2025-12-04;22;290
50;2025-12-04;23;156
50;2025-12-05;0;38
50;2025-12-05;1;3
50;2025-12-05;2;0
50;2025-12-05;3;0
50;2025-12-05;4;1
50;2025-12-05;5;73
50;2025-12-05;6;588
50;2025-12-05;7;1779
50;2025-12-05;8;2649
50;2025-12-05;9;2005
50;2025-12-05;10;1635
50;2025-12-05;11;1563
50;2025-12-05;12;1515
50;2025-12-05;13;1510
50;2025-12-05;14;1517
50;2025-12-05;15;1736
50;2025-12-05;16;1942
50;2025-12-05;17;2204
50;2025-12-05;18;1987
50;2025-12-05;19;1315
50;2025-12-05;20;897
50;2025-12-05;21;591
50;2025-12-05;22;293
50;2025-12-05;23;166
50;2025-12-06;0;46
50;2025-12-06;1;5
50;2025-12-06;2;2
50;2025-12-06;3;2
50;2025-12-06;4;3
50;2025-12-06;5;24
50;2025-12-06;6;155
50;2025-12-06;7;301
50;2025-12-06;8;453
50;2025-12-06;9;506
50;2025-12-06;10;536
50;2025-12-06;11;626
50;2025-12-06;12;665
50;2025-12-06;13;709
50;2025-12-06;14;711
50;2025-12-06;15;696
50;2025-12-06;16;678
50;2025-12-06;17;667
50;2025-12-06;18;608
50;2025-12-06;19;512
50;2025-12-06;20;409
50;2025-12-06;21;304
50;2025-12-06;22;180
50;2025-12-06;23;116
50;2025-12-07;0;45
50;2025-12-07;1;5
50;2025-12-07;2;2
50;2025-12-07;3;2
50;2025-12-07;4;3
50;2025-12-07;5;14
50;2025-12-07;6;102
50;2025-12-07;7;174
50;2025-12-07;8;276
50;2025-12-07;9;360
50;2025-12-07;10;411
50;2025-12-07;11;534
50;2025-12-07;12;589
50;2025-12-07;13;639
50;2025-12-07;14;652
50;2025-12-07;15;615
50;2025-12-07;16;600
50;2025-12-07;17;577
50;2025-12-07;18;515
50;2025-12-07;19;434
50;2025-12-07;20;366
50;2025-12-07;21;276
50;2025-12-07;22;155
50;2025-12-07;23;92
50;2025-12-08;0;34
50;2025-12-08;1;3
50;2025-12-08;2;0
50;2025-12-08;3;0
50;2025-12-08;4;1
50;2025-12-08;5;71
50;2025-12-08;6;583
50;2025-12-08;7;1784
50;2025-12-08;8;2689
50;2025-12-08;9;2022
50;2025-12-08;10;1599
50;2025-12-08;11;1494
50;2025-12-08;12;1424
50;2025-12-08;13;1458
50;2025-12-08;14;1448
50;2025-12-08;15;1605
50;2025-12-08;16;1724
50;2025-12-08;17;2262
50;2025-12-08;18;2394
50;2025-12-08;19;1497
50;2025-12-08;20;924
50;2025-12-08;21;589
50;2025-12-08;22;262
50;2025-12-08;23;132
50;2025-12-09;0;35
50;2025-12-09;1;3
50;2025-12-09;2;1
50;2025-12-09;3;1
50;2025-12-09;4;1
50;2025-12-09;5;73
50;2025-12-09;6;620
50;2025-12-09;7;1853
50;2025-12-09;8;2792
50;2025-12-09;9;2097
50;2025-12-09;10;1681
50;2025-12-09;11;1553
50;2025-12-09;12;1513
50;2025-12-09;13;1520
50;2025-12-09;14;1512
50;2025-12-09;15;1667
50;2025-12-09;16;1774
50;2025-12-09;17;2355
50;2025-12-09;18;2470
50;2025-12-09;19;1560
50;2025-12-09;20;974
50;2025-12-09;21;619
50;2025-12-09;22;283
50;2025-12-09;23;141
50;2025-12-10;0;38
50;2025-12-10;1;4
50;2025-12-10;2;2
50;2025-12-10;3;2
50;2025-12-10;4;1
50;2025-12-10;5;76
50;2025-12-10;6;625
50;2025-12-10;7;1890
50;2025-12-10;8;2863
50;2025-12-10;9;2148
50;2025-12-10;10;1731
50;2025-12-10;11;1602
50;2025-12-10;12;1572
50;2025-12-10;13;1576
50;2025-12-10;14;1556
50;2025-12-10;15;1730
50;2025-12-10;16;1890
50;2025-12-10;17;2428
50;2025-12-10;18;2562
50;2025-12-10;19;1616
50;2025-12-10;20;996
50;2025-12-10;21;648
50;2025-12-10;22;301
50;2025-12-10;23;153
50;2025-12-11;0;37
50;2025-12-11;1;3
50;2025-12-11;2;1
50;2025-12-11;3;1
50;2025-12-11;4;1
50;2025-12-11;5;71
50;2025-12-11;6;591
50;2025-12-11;7;1786
50;2025-12-11;8;2689
50;2025-12-11;9;2020
50;2025-12-11;10;1640
50;2025-12-11;11;1516
50;2025-12-11;12;1463
50;2025-12-11;13;1472
50;2025-12-11;14;1453
50;2025-12-11;15;1636
50;2025-12-11;16;1780
50;2025-12-11;17;2281
50;2025-12-11;18;2383
50;2025-12-11;19;1491
50;2025-12-11;20;945
50;2025-12-11;21;616
50;2025-12-11;22;279
50;2025-12-11;23;148
50;2025-12-12;0;38
50;2025-12-12;1;3
50;2025-12-12;2;1
50;2025-12-12;3;0
50;2025-12-12;4;1
50;2025-12-12;5;69
50;2025-12-12;6;585
50;2025-12-12;7;1766
50;2025-12-12;8;2640
50;2025-12-12;9;1997
50;2025-12-12;10;1630
50;2025-12-12;11;1561
50;2025-12-12;12;1516
50;2025-12-12;13;1493
50;2025-12-12;14;1494
50;2025-12-12;15;1712
50;2025-12-12;16;1914
50;2025-12-12;17;2173
50;2025-12-12;18;1955
50;2025-12-12;19;1329
50;2025-12-12;20;900
50;2025-12-12;21;595
50;2025-12-12;22;300
50;2025-12-12;23;170
50;2025-12-13;0;45
50;2025-12-13;1;3
50;2025-12-13;2;0
50;2025-12-13;3;0
50;2025-12-13;4;1
50;2025-12-13;5;23
50;2025-12-13;6;150
50;2025-12-13;7;299
50;2025-12-13;8;447
50;2025-12-13;9;505
50;2025-12-13;10;539
50;2025-12-13;11;629
50;2025-12-13;12;673
50;2025-12-13;13;715
50;2025-12-13;14;718
50;2025-12-13;15;696
50;2025-12-13;16;678
50;2025-12-13;17;670
50;2025-12-13;18;611
50;2025-12-13;19;514
50;2025-12-13;20;411
50;2025-12-13;21;308
50;2025-12-13;22;184
50;2025-12-13;23;117
50;2025-12-14;0;44
50;2025-12-14;1;5
50;2025-12-14;2;2
50;2025-12-14;3;2
50;2025-12-14;4;2
50;2025-12-14;5;13
50;2025-12-14;6;92
50;2025-12-14;7;174
50;2025-12-14;8;277
50;2025-12-14;9;361
50;2025-12-14;10;414
50;2025-12-14;11;525
50;2025-12-14;12;581
50;2025-12-14;13;629
50;2025-12-14;14;644
50;2025-12-14;15;605
50;2025-12-14;16;597
50;2025-12-14;17;572
50;2025-12-14;18;512
50;2025-12-14;19;430
50;2025-12-14;20;368
50;2025-12-14;21;281
50;2025-12-14;22;165
50;2025-12-14;23;98
50;2025-12-15;0;35
50;2025-12-15;1;3
50;2025-12-15;2;0
50;2025-12-15;3;0
50;2025-12-15;4;1
50;2025-12-15;5;72
50;2025-12-15;6;580
50;2025-12-15;7;1789
50;2025-12-15;8;2711
50;2025-12-15;9;2030
50;2025-12-15;10;1611
50;2025-12-15;11;1505
50;2025-12-15;12;1444
50;2025-12-15;13;1464
50;2025-12-15;14;1463
50;2025-12-15;15;1618
50;2025-12-15;16;1734
50;2025-12-15;17;2279
50;2025-12-15;18;2418
50;2025-12-15;19;1510
50;2025-12-15;20;931
50;2025-12-15;21;604
50;2025-12-15;22;270
50;2025-12-15;23;136
50;2025-12-16;0;35
50;2025-12-16;1;3
50;2025-12-16;2;1
50;2025-12-16;3;1
50;2025-12-16;4;1
50;2025-12-16;5;76
50;2025-12-16;6;620
50;2025-12-16;7;1861
50;2025-12-16;8;2797
50;2025-12-16;9;2088
50;2025-12-16;10;1671
50;2025-12-16;11;1534
50;2025-12-16;12;1482
50;2025-12-16;13;1499
50;2025-12-16;14;1495
50;2025-12-16;15;1664
50;2025-12-16;16;1772
50;2025-12-16;17;2350
50;2025-12-16;18;2472
50;2025-12-16;19;1549
50;2025-12-16;20;967
50;2025-12-16;21;615
50;2025-12-16;22;279
50;2025-12-16;23;138
50;2025-12-17;0;36
50;2025-12-17;1;3
50;2025-12-17;2;0
50;2025-12-17;3;0
50;2025-12-17;4;1
50;2025-12-17;5;75
50;2025-12-17;6;626
50;2025-12-17;7;1886
50;2025-12-17;8;2877
50;2025-12-17;9;2158
50;2025-12-17;10;1737
50;2025-12-17;11;1604
50;2025-12-17;12;1573
50;2025-12-17;13;1583
50;2025-12-17;14;1568
50;2025-12-17;15;1742
50;2025-12-17;16;1899
50;2025-12-17;17;2429
50;2025-12-17;18;2563
50;2025-12-17;19;1618
50;2025-12-17;20;997
50;2025-12-17;21;649
50;2025-12-17;22;302
50;2025-12-17;23;152
50;2025-12-18;0;37
50;2025-12-18;1;3
50;2025-12-18;2;1
50;2025-12-18;3;1
50;2025-12-18;4;2
50;2025-12-18;5;72
50;2025-12-18;6;592
50;2025-12-18;7;1790
50;2025-12-18;8;2688
50;2025-12-18;9;2023
50;2025-12-18;10;1640
50;2025-12-18;11;1520
50;2025-12-18;12;1468
50;2025-12-18;13;1478
50;2025-12-18;14;1457
50;2025-12-18;15;1642
50;2025-12-18;16;1786
50;2025-12-18;17;2287
50;2025-12-18;18;2390
50;2025-12-18;19;1505
50;2025-12-18;20;952
50;2025-12-18;21;625
50;2025-12-18;22;284
50;2025-12-18;23;153
50;2025-12-19;0;38
50;2025-12-19;1;3
50;2025-12-19;2;0
50;2025-12-19;3;0
50;2025-12-19;4;1
50;2025-12-19;5;72
50;2025-12-19;6;589
50;2025-12-19;7;1781
50;2025-12-19;8;2656
50;2025-12-19;9;2012
50;2025-12-19;10;1642
50;2025-12-19;11;1567
50;2025-12-19;12;1520
50;2025-12-19;13;1511
50;2025-12-19;14;1522
50;2025-12-19;15;1745
50;2025-12-19;16;1952
50;2025-12-19;17;2205
50;2025-12-19;18;1990
50;2025-12-19;19;1323
50;2025-12-19;20;899
50;2025-12-19;21;591
50;2025-12-19;22;295
50;2025-12-19;23;165
50;2025-12-20;0;45
50;2025-12-20;1;3
50;2025-12-20;2;1
50;2025-12-20;3;1
50;2025-12-20;4;2
50;2025-12-20;5;23
50;2025-12-20;6;153
50;2025-12-20;7;298
50;2025-12-20;8;446
50;2025-12-20;9;503
50;2025-12-20;10;536
50;2025-12-20;11;620
50;2025-12-20;12;657
50;2025-12-20;13;703
50;2025-12-20;14;703
50;2025-12-20;15;689
50;2025-12-20;16;666
50;2025-12-20;17;659
50;2025-12-20;18;601
50;2025-12-20;19;506
50;2025-12-20;20;404
50;2025-12-20;21;300
50;2025-12-20;22;175
50;2025-12-20;23;112
50;2025-12-21;0;44
50;2025-12-21;1;5
50;2025-12-21;2;2
50;2025-12-21;3;2
50;2025-12-21;4;2
50;2025-12-21;5;12
50;2025-12-21;6;95
50;2025-12-21;7;173
50;2025-12-21;8;277
50;2025-12-21;9;366
50;2025-12-21;10;413
50;2025-12-21;11;524
50;2025-12-21;12;576
50;2025-12-21;13;623
50;2025-12-21;14;636
50;2025-12-21;15;600
50;2025-12-21;16;586
50;2025-12-21;17;562
50;2025-12-21;18;504
50;2025-12-21;19;420
50;2025-12-21;20;354
50;2025-12-21;21;268
50;2025-12-21;22;149
50;2025-12-21;23;87
50;2025-12-22;0;34
50;2025-12-22;1;3
50;2025-12-22;2;0
50;2025-12-22;3;2
50;2025-12-22;4;1
50;2025-12-22;5;69
50;2025-12-22;6;586
50;2025-12-22;7;1787
50;2025-12-22;8;2705
50;2025-12-22;9;2025
50;2025-12-22;10;1606
50;2025-12-22;11;1484
50;2025-12-22;12;1412
50;2025-12-22;13;1434
50;2025-12-22;14;1427
50;2025-12-22;15;1600
50;2025-12-22;16;1722
50;2025-12-22;17;2262
50;2025-12-22;18;2395
50;2025-12-22;19;1502
50;2025-12-22;20;930
50;2025-12-22;21;592
50;2025-12-22;22;264
50;2025-12-22;23;133
50;2025-12-23;0;35
50;2025-12-23;1;2
50;2025-12-23;2;0
50;2025-12-23;3;0
50;2025-12-23;4;1
50;2025-12-23;5;74
50;2025-12-23;6;620
50;2025-12-23;7;1857
50;2025-12-23;8;2805
50;2025-12-23;9;2104
50;2025-12-23;10;1682
50;2025-12-23;11;1549
50;2025-12-23;12;1510
50;2025-12-23;13;1517
50;2025-12-23;14;1506
50;2025-12-23;15;1662
50;2025-12-23;16;1775
50;2025-12-23;17;2349
50;2025-12-23;18;2470
50;2025-12-23;19;1564
50;2025-12-23;20;972
50;2025-12-23;21;623
50;2025-12-23;22;285
50;2025-12-23;23;149
50;2025-12-24;0;39
50;2025-12-24;1;4
50;2025-12-24;2;2
50;2025-12-24;3;2
50;2025-12-24;4;3
50;2025-12-24;5;84
50;2025-12-24;6;646
50;2025-12-24;7;1917
50;2025-12-24;8;2902
50;2025-12-24;9;2179
50;2025-12-24;10;1742
50;2025-12-24;11;1609
50;2025-12-24;12;1578
50;2025-12-24;13;1586
50;2025-12-24;14;1564
50;2025-12-24;15;1720
50;2025-12-24;16;1884
50;2025-12-24;17;2423
50;2025-12-24;18;2549
50;2025-12-24;19;1618
50;2025-12-24;20;991
50;2025-12-24;21;647
50;2025-12-24;22;300
50;2025-12-24;23;155
50;2025-12-25;0;39
50;2025-12-25;1;4
50;2025-12-25;2;2
50;2025-12-25;3;2
50;2025-12-25;4;2
50;2025-12-25;5;73
50;2025-12-25;6;588
50;2025-12-25;7;1771
50;2025-12-25;8;2664
50;2025-12-25;9;2025
50;2025-12-25;10;1654
50;2025-12-25;11;1538
50;2025-12-25;12;1483
50;2025-12-25;13;1498
50;2025-12-25;14;1482
50;2025-12-25;15;1647
50;2025-12-25;16;1792
50;2025-12-25;17;2278
50;2025-12-25;18;2377
50;2025-12-25;19;1488
50;2025-12-25;20;938
50;2025-12-25;21;614
50;2025-12-25;22;275
50;2025-12-25;23;144
50;2025-12-26;0;32
50;2025-12-26;1;1
50;2025-12-26;2;0
50;2025-12-26;3;0
50;2025-12-26;4;1
50;2025-12-26;5;62
50;2025-12-26;6;575
50;2025-12-26;7;1752
50;2025-12-26;8;2626
50;2025-12-26;9;2000
50;2025-12-26;10;1614
50;2025-12-26;11;1537
50;2025-12-26;12;1486
50;2025-12-26;13;1510
50;2025-12-26;14;1512
50;2025-12-26;15;1729
50;2025-12-26;16;1939
50;2025-12-26;17;2189
50;2025-12-26;18;1974
50;2025-12-26;19;1298
50;2025-12-26;20;885
50;2025-12-26;21;575
50;2025-12-26;22;282
50;2025-12-26;23;159
50;2025-12-27;0;40
50;2025-12-27;1;1
50;2025-12-27;2;0
50;2025-12-27;3;0
50;2025-12-27;4;0
50;2025-12-27;5;20
50;2025-12-27;6;147
50;2025-12-27;7;283
50;2025-12-27;8;426
50;2025-12-27;9;487
50;2025-12-27;10;526
50;2025-12-27;11;623
50;2025-12-27;12;658
50;2025-12-27;13;710
50;2025-12-27;14;713
50;2025-12-27;15;697
50;2025-12-27;16;675
50;2025-12-27;17;650
50;2025-12-27;18;585
50;2025-12-27;19;504
50;2025-12-27;20;406
50;2025-12-27;21;298
50;2025-12-27;22;174
50;2025-12-27;23;117
50;2025-12-28;0;45
50;2025-12-28;1;6
50;2025-12-28;2;4
50;2025-12-28;3;4
50;2025-12-28;4;5
50;2025-12-28;5;14
50;2025-12-28;6;94
50;2025-12-28;7;162
50;2025-12-28;8;267
50;2025-12-28;9;362
50;2025-12-28;10;414
50;2025-12-28;11;523
50;2025-12-28;12;573
50;2025-12-28;13;619
50;2025-12-28;14;632
50;2025-12-28;15;593
50;2025-12-28;16;579
50;2025-12-28;17;540
50;2025-12-28;18;483
50;2025-12-28;19;405
50;2025-12-28;20;351
50;2025-12-28;21;264
50;2025-12-28;22;147
50;2025-12-28;23;90
50;2025-12-29;0;33
50;2025-12-29;1;3
50;2025-12-29;2;0
50;2025-12-29;3;0
50;2025-12-29;4;1
50;2025-12-29;5;69
50;2025-12-29;6;580
50;2025-12-29;7;1760
50;2025-12-29;8;2667
50;2025-12-29;9;2016
50;2025-12-29;10;1609
50;2025-12-29;11;1504
50;2025-12-29;12;1429
50;2025-12-29;13;1449
50;2025-12-29;14;1445
50;2025-12-29;15;1609
50;2025-12-29;16;1730
50;2025-12-29;17;2245
50;2025-12-29;18;2373
50;2025-12-29;19;1480
50;2025-12-29;20;921
50;2025-12-29;21;582
50;2025-12-29;22;254
50;2025-12-29;23;128
50;2025-12-30;0;34
50;2025-12-30;1;4
50;2025-12-30;2;1
50;2025-12-30;3;1
50;2025-12-30;4;1
50;2025-12-30;5;70
50;2025-12-30;6;576
50;2025-12-30;7;1779
50;2025-12-30;8;2716
50;2025-12-30;9;2045
50;2025-12-30;10;1645
50;2025-12-30;11;1513
50;2025-12-30;12;1476
50;2025-12-30;13;1476
50;2025-12-30;14;1460
50;2025-12-30;15;1618
50;2025-12-30;16;1736
50;2025-12-30;17;2275
50;2025-12-30;18;2384
50;2025-12-30;19;1520
50;2025-12-30;20;953
50;2025-12-30;21;598
50;2025-12-30;22;266
50;2025-12-30;23;136
50;2025-12-31;0;20
50;2025-12-31;1;1
50;2025-12-31;2;0
50;2025-12-31;3;0
50;2025-12-31;4;1
50;2025-12-31;5;10
50;2025-12-31;6;142
50;2025-12-31;7;389
50;2025-12-31;8;725
50;2025-12-31;9;572
50;2025-12-31;10;527
50;2025-12-31;11;612
50;2025-12-31;12;626
50;2025-12-31;13;677
50;2025-12-31;14;691
50;2025-12-31;15;713
50;2025-12-31;16;732
50;2025-12-31;17;802
50;2025-12-31;18;772
50;2025-12-31;19;613
50;2025-12-31;20;506
50;2025-12-31;21;325
50;2025-12-31;22;166
50;2025-12-31;23;109
