route;date;hour;prediction
1;2025-11-01;0;9
1;2025-11-01;1;1
1;2025-11-01;2;0
1;2025-11-01;3;0
1;2025-11-01;4;4
1;2025-11-01;5;145
1;2025-11-01;6;699
1;2025-11-01;7;1479
1;2025-11-01;8;1878
1;2025-11-01;9;1641
1;2025-11-01;10;1541
1;2025-11-01;11;1585
1;2025-11-01;12;1595
1;2025-11-01;13;1656
1;2025-11-01;14;1584
1;2025-11-01;15;1672
1;2025-11-01;16;1739
1;2025-11-01;17;1880
1;2025-11-01;18;1943
1;2025-11-01;19;1494
1;2025-11-01;20;1082
1;2025-11-01;21;708
1;2025-11-01;22;387
1;2025-11-01;23;159
1;2025-11-02;0;5
1;2025-11-02;1;0
1;2025-11-02;2;0
1;2025-11-02;3;0
1;2025-11-02;4;1
1;2025-11-02;5;25
1;2025-11-02;6;132
1;2025-11-02;7;272
1;2025-11-02;8;381
1;2025-11-02;9;573
1;2025-11-02;10;681
1;2025-11-02;11;685
1;2025-11-02;12;807
1;2025-11-02;13;840
1;2025-11-02;14;777
1;2025-11-02;15;726
1;2025-11-02;16;684
1;2025-11-02;17;613
1;2025-11-02;18;567
1;2025-11-02;19;492
1;2025-11-02;20;368
1;2025-11-02;21;273
1;2025-11-02;22;121
1;2025-11-02;23;29
1;2025-11-03;0;4
1;2025-11-03;1;0
1;2025-11-03;2;0
1;2025-11-03;3;0
1;2025-11-03;4;2
1;2025-11-03;5;41
1;2025-11-03;6;164
1;2025-11-03;7;323
1;2025-11-03;8;457
1;2025-11-03;9;578
1;2025-11-03;10;651
1;2025-11-03;11;655
1;2025-11-03;12;760
1;2025-11-03;13;796
1;2025-11-03;14;759
1;2025-11-03;15;734
1;2025-11-03;16;704
1;2025-11-03;17;679
1;2025-11-03;18;613
1;2025-11-03;19;551
1;2025-11-03;20;382
1;2025-11-03;21;287
1;2025-11-03;22;133
1;2025-11-03;23;29
1;2025-11-04;0;4
1;2025-11-04;1;2
1;2025-11-04;2;1
1;2025-11-04;3;1
1;2025-11-04;4;0
1;2025-11-04;5;16
1;2025-11-04;6;100
1;2025-11-04;7;224
1;2025-11-04;8;351
1;2025-11-04;9;479
1;2025-11-04;10;538
1;2025-11-04;11;527
1;2025-11-04;12;642
1;2025-11-04;13;727
1;2025-11-04;14;672
1;2025-11-04;15;635
1;2025-11-04;16;629
1;2025-11-04;17;542
1;2025-11-04;18;474
1;2025-11-04;19;433
1;2025-11-04;20;318
1;2025-11-04;21;252
1;2025-11-04;22;116
1;2025-11-04;23;20
1;2025-11-05;0;4
1;2025-11-05;1;0
1;2025-11-05;2;0
1;2025-11-05;3;0
1;2025-11-05;4;8
1;2025-11-05;5;133
1;2025-11-05;6;582
1;2025-11-05;7;1506
1;2025-11-05;8;1954
1;2025-11-05;9;1506
1;2025-11-05;10;1325
1;2025-11-05;11;1333
1;2025-11-05;12;1350
1;2025-11-05;13;1388
1;2025-11-05;14;1333
1;2025-11-05;15;1447
1;2025-11-05;16;1502
1;2025-11-05;17;1786
1;2025-11-05;18;1842
1;2025-11-05;19;1418
1;2025-11-05;20;900
1;2025-11-05;21;501
1;2025-11-05;22;234
1;2025-11-05;23;44
1;2025-11-06;0;4
1;2025-11-06;1;0
1;2025-11-06;2;0
1;2025-11-06;3;0
1;2025-11-06;4;7
1;2025-11-06;5;130
1;2025-11-06;6;574
1;2025-11-06;7;1511
1;2025-11-06;8;1957
1;2025-11-06;9;1510
1;2025-11-06;10;1340
1;2025-11-06;11;1345
1;2025-11-06;12;1372
1;2025-11-06;13;1403
1;2025-11-06;14;1346
1;2025-11-06;15;1472
1;2025-11-06;16;1535
1;2025-11-06;17;1799
1;2025-11-06;18;1850
1;2025-11-06;19;1415
1;2025-11-06;20;900
1;2025-11-06;21;511
1;2025-11-06;22;233
1;2025-11-06;23;48
1;2025-11-07;0;4
1;2025-11-07;1;0
1;2025-11-07;2;0
1;2025-11-07;3;0
1;2025-11-07;4;6
1;2025-11-07;5;131
1;2025-11-07;6;561
1;2025-11-07;7;1498
1;2025-11-07;8;1933
1;2025-11-07;9;1479
1;2025-11-07;10;1315
1;2025-11-07;11;1344
1;2025-11-07;12;1358
1;2025-11-07;13;1407
1;2025-11-07;14;1349
1;2025-11-07;15;1472
1;2025-11-07;16;1539
1;2025-11-07;17;1738
1;2025-11-07;18;1664
1;2025-11-07;19;1263
1;2025-11-07;20;835
1;2025-11-07;21;499
1;2025-11-07;22;232
1;2025-11-07;23;51
1;2025-11-08;0;4
1;2025-11-08;1;0
1;2025-11-08;2;0
1;2025-11-08;3;0
1;2025-11-08;4;0
1;2025-11-08;5;31
1;2025-11-08;6;174
1;2025-11-08;7;347
1;2025-11-08;8;476
1;2025-11-08;9;690
1;2025-11-08;10;800
1;2025-11-08;11;783
1;2025-11-08;12;918
1;2025-11-08;13;955
1;2025-11-08;14;884
1;2025-11-08;15;811
1;2025-11-08;16;771
1;2025-11-08;17;710
1;2025-11-08;18;646
1;2025-11-08;19;570
1;2025-11-08;20;420
1;2025-11-08;21;306
1;2025-11-08;22;137
1;2025-11-08;23;35
1;2025-11-09;0;5
1;2025-11-09;1;0
1;2025-11-09;2;0
1;2025-11-09;3;0
1;2025-11-09;4;1
1;2025-11-09;5;25
1;2025-11-09;6;132
1;2025-11-09;7;272
1;2025-11-09;8;381
1;2025-11-09;9;573
1;2025-11-09;10;681
1;2025-11-09;11;685
1;2025-11-09;12;807
1;2025-11-09;13;840
1;2025-11-09;14;777
1;2025-11-09;15;726
1;2025-11-09;16;684
1;2025-11-09;17;613
1;2025-11-09;18;567
1;2025-11-09;19;492
1;2025-11-09;20;368
1;2025-11-09;21;273
1;2025-11-09;22;121
1;2025-11-09;23;29
1;2025-11-10;0;2
1;2025-11-10;1;0
1;2025-11-10;2;0
1;2025-11-10;3;0
1;2025-11-10;4;6
1;2025-11-10;5;126
1;2025-11-10;6;555
1;2025-11-10;7;1466
1;2025-11-10;8;1908
1;2025-11-10;9;1444
1;2025-11-10;10;1274
1;2025-11-10;11;1281
1;2025-11-10;12;1310
1;2025-11-10;13;1329
1;2025-11-10;14;1289
1;2025-11-10;15;1413
1;2025-11-10;16;1488
1;2025-11-10;17;1761
1;2025-11-10;18;1840
1;2025-11-10;19;1410
1;2025-11-10;20;886
1;2025-11-10;21;490
1;2025-11-10;22;219
1;2025-11-10;23;37
1;2025-11-11;0;3
1;2025-11-11;1;0
1;2025-11-11;2;0
1;2025-11-11;3;0
1;2025-11-11;4;6
1;2025-11-11;5;134
1;2025-11-11;6;582
1;2025-11-11;7;1534
1;2025-11-11;8;1968
1;2025-11-11;9;1518
1;2025-11-11;10;1338
1;2025-11-11;11;1328
1;2025-11-11;12;1357
1;2025-11-11;13;1376
1;2025-11-11;14;1318
1;2025-11-11;15;1441
1;2025-11-11;16;1497
1;2025-11-11;17;1766
1;2025-11-11;18;1840
1;2025-11-11;19;1414
1;2025-11-11;20;905
1;2025-11-11;21;501
1;2025-11-11;22;226
1;2025-11-11;23;43
1;2025-11-12;0;4
1;2025-11-12;1;0
1;2025-11-12;2;0
1;2025-11-12;3;0
1;2025-11-12;4;8
1;2025-11-12;5;133
1;2025-11-12;6;582
1;2025-11-12;7;1506
1;2025-11-12;8;1954
1;2025-11-12;9;1506
1;2025-11-12;10;1325
1;2025-11-12;11;1333
1;2025-11-12;12;1350
1;2025-11-12;13;1388
1;2025-11-12;14;1333
1;2025-11-12;15;1447
1;2025-11-12;16;1502
1;2025-11-12;17;1786
1;2025-11-12;18;1842
1;2025-11-12;19;1418
1;2025-11-12;20;900
1;2025-11-12;21;501
1;2025-11-12;22;234
1;2025-11-12;23;44
1;2025-11-13;0;4
1;2025-11-13;1;0
1;2025-11-13;2;0
1;2025-11-13;3;0
1;2025-11-13;4;7
1;2025-11-13;5;130
1;2025-11-13;6;574
1;2025-11-13;7;1511
1;2025-11-13;8;1957
1;2025-11-13;9;1510
1;2025-11-13;10;1340
1;2025-11-13;11;1345
1;2025-11-13;12;1372
1;2025-11-13;13;1403
1;2025-11-13;14;1346
1;2025-11-13;15;1472
1;2025-11-13;16;1535
1;2025-11-13;17;1799
1;2025-11-13;18;1850
1;2025-11-13;19;1415
1;2025-11-13;20;900
1;2025-11-13;21;511
1;2025-11-13;22;233
1;2025-11-13;23;48
1;2025-11-14;0;4
1;2025-11-14;1;0
1;2025-11-14;2;0
1;2025-11-14;3;0
1;2025-11-14;4;6
1;2025-11-14;5;131
1;2025-11-14;6;561
1;2025-11-14;7;1498
1;2025-11-14;8;1933
1;2025-11-14;9;1479
1;2025-11-14;10;1315
1;2025-11-14;11;1344
1;2025-11-14;12;1358
1;2025-11-14;13;1407
1;2025-11-14;14;1349
1;2025-11-14;15;1472
1;2025-11-14;16;1539
1;2025-11-14;17;1738
1;2025-11-14;18;1664
1;2025-11-14;19;1263
1;2025-11-14;20;835
1;2025-11-14;21;499
1;2025-11-14;22;232
1;2025-11-14;23;51
1;2025-11-15;0;4
1;2025-11-15;1;0
1;2025-11-15;2;0
1;2025-11-15;3;0
1;2025-11-15;4;0
1;2025-11-15;5;31
1;2025-11-15;6;174
1;2025-11-15;7;347
1;2025-11-15;8;476
1;2025-11-15;9;690
1;2025-11-15;10;800
1;2025-11-15;11;783
1;2025-11-15;12;918
1;2025-11-15;13;955
1;2025-11-15;14;884
1;2025-11-15;15;811
1;2025-11-15;16;771
1;2025-11-15;17;710
1;2025-11-15;18;646
1;2025-11-15;19;570
1;2025-11-15;20;420
1;2025-11-15;21;306
1;2025-11-15;22;137
1;2025-11-15;23;35
1;2025-11-16;0;5
1;2025-11-16;1;0
1;2025-11-16;2;0
1;2025-11-16;3;0
1;2025-11-16;4;1
1;2025-11-16;5;25
1;2025-11-16;6;132
1;2025-11-16;7;272
1;2025-11-16;8;381
1;2025-11-16;9;573
1;2025-11-16;10;681
1;2025-11-16;11;685
1;2025-11-16;12;807
1;2025-11-16;13;840
1;2025-11-16;14;777
1;2025-11-16;15;726
1;2025-11-16;16;684
1;2025-11-16;17;613
1;2025-11-16;18;567
1;2025-11-16;19;492
1;2025-11-16;20;368
1;2025-11-16;21;273
1;2025-11-16;22;121
1;2025-11-16;23;29
1;2025-11-17;0;2
1;2025-11-17;1;0
1;2025-11-17;2;0
1;2025-11-17;3;0
1;2025-11-17;4;6
1;2025-11-17;5;126
1;2025-11-17;6;555
1;2025-11-17;7;1466
1;2025-11-17;8;1908
1;2025-11-17;9;1444
1;2025-11-17;10;1274
1;2025-11-17;11;1281
1;2025-11-17;12;1310
1;2025-11-17;13;1329
1;2025-11-17;14;1289
1;2025-11-17;15;1413
1;2025-11-17;16;1488
1;2025-11-17;17;1761
1;2025-11-17;18;1840
1;2025-11-17;19;1410
1;2025-11-17;20;886
1;2025-11-17;21;490
1;2025-11-17;22;219
1;2025-11-17;23;37
1;2025-11-18;0;3
1;2025-11-18;1;0
1;2025-11-18;2;0
1;2025-11-18;3;0
1;2025-11-18;4;6
1;2025-11-18;5;134
1;2025-11-18;6;582
1;2025-11-18;7;1534
1;2025-11-18;8;1968
1;2025-11-18;9;1518
1;2025-11-18;10;1338
1;2025-11-18;11;1328
1;2025-11-18;12;1357
1;2025-11-18;13;1376
1;2025-11-18;14;1318
1;2025-11-18;15;1441
1;2025-11-18;16;1497
1;2025-11-18;17;1766
1;2025-11-18;18;1840
1;2025-11-18;19;1414
1;2025-11-18;20;905
1;2025-11-18;21;501
1;2025-11-18;22;226
1;2025-11-18;23;43
1;2025-11-19;0;4
1;2025-11-19;1;0
1;2025-11-19;2;0
1;2025-11-19;3;0
1;2025-11-19;4;8
1;2025-11-19;5;133
1;2025-11-19;6;582
1;2025-11-19;7;1506
1;2025-11-19;8;1954
1;2025-11-19;9;1506
1;2025-11-19;10;1325
1;2025-11-19;11;1333
1;2025-11-19;12;1350
1;2025-11-19;13;1388
1;2025-11-19;14;1333
1;2025-11-19;15;1447
1;2025-11-19;16;1502
1;2025-11-19;17;1786
1;2025-11-19;18;1842
1;2025-11-19;19;1418
1;2025-11-19;20;900
1;2025-11-19;21;501
1;2025-11-19;22;234
1;2025-11-19;23;44
1;2025-11-20;0;4
1;2025-11-20;1;0
1;2025-11-20;2;0
1;2025-11-20;3;0
1;2025-11-20;4;7
1;2025-11-20;5;130
1;2025-11-20;6;574
1;2025-11-20;7;1511
1;2025-11-20;8;1957
1;2025-11-20;9;1510
1;2025-11-20;10;1340
1;2025-11-20;11;1345
1;2025-11-20;12;1372
1;2025-11-20;13;1403
1;2025-11-20;14;1346
1;2025-11-20;15;1472
1;2025-11-20;16;1535
1;2025-11-20;17;1799
1;2025-11-20;18;1850
1;2025-11-20;19;1415
1;2025-11-20;20;900
1;2025-11-20;21;511
1;2025-11-20;22;233
1;2025-11-20;23;48
1;2025-11-21;0;4
1;2025-11-21;1;0
1;2025-11-21;2;0
1;2025-11-21;3;0
1;2025-11-21;4;6
1;2025-11-21;5;131
1;2025-11-21;6;561
1;2025-11-21;7;1498
1;2025-11-21;8;1933
1;2025-11-21;9;1479
1;2025-11-21;10;1315
1;2025-11-21;11;1344
1;2025-11-21;12;1358
1;2025-11-21;13;1407
1;2025-11-21;14;1349
1;2025-11-21;15;1472
1;2025-11-21;16;1539
1;2025-11-21;17;1738
1;2025-11-21;18;1664
1;2025-11-21;19;1263
1;2025-11-21;20;835
1;2025-11-21;21;499
1;2025-11-21;22;232
1;2025-11-21;23;51
1;2025-11-22;0;4
1;2025-11-22;1;0
1;2025-11-22;2;0
1;2025-11-22;3;0
1;2025-11-22;4;0
1;2025-11-22;5;31
1;2025-11-22;6;174
1;2025-11-22;7;347
1;2025-11-22;8;476
1;2025-11-22;9;690
1;2025-11-22;10;800
1;2025-11-22;11;783
1;2025-11-22;12;918
1;2025-11-22;13;955
1;2025-11-22;14;884
1;2025-11-22;15;811
1;2025-11-22;16;771
1;2025-11-22;17;710
1;2025-11-22;18;646
1;2025-11-22;19;570
1;2025-11-22;20;420
1;2025-11-22;21;306
1;2025-11-22;22;137
1;2025-11-22;23;35
1;2025-11-23;0;5
1;2025-11-23;1;0
1;2025-11-23;2;0
1;2025-11-23;3;0
1;2025-11-23;4;1
1;2025-11-23;5;25
1;2025-11-23;6;132
1;2025-11-23;7;272
1;2025-11-23;8;381
1;2025-11-23;9;573
1;2025-11-23;10;681
1;2025-11-23;11;685
1;2025-11-23;12;807
1;2025-11-23;13;840
1;2025-11-23;14;777
1;2025-11-23;15;726
1;2025-11-23;16;684
1;2025-11-23;17;613
1;2025-11-23;18;567
1;2025-11-23;19;492
1;2025-11-23;20;368
1;2025-11-23;21;273
1;2025-11-23;22;121
1;2025-11-23;23;29
1;2025-11-24;0;2
1;2025-11-24;1;0
1;2025-11-24;2;0
1;2025-11-24;3;0
1;2025-11-24;4;6
1;2025-11-24;5;126
1;2025-11-24;6;555
1;2025-11-24;7;1466
1;2025-11-24;8;1908
1;2025-11-24;9;1444
1;2025-11-24;10;1274
1;2025-11-24;11;1281
1;2025-11-24;12;1310
1;2025-11-24;13;1329
1;2025-11-24;14;1289
1;2025-11-24;15;1413
1;2025-11-24;16;1488
1;2025-11-24;17;1761
1;2025-11-24;18;1840
1;2025-11-24;19;1410
1;2025-11-24;20;886
1;2025-11-24;21;490
1;2025-11-24;22;219
1;2025-11-24;23;37
1;2025-11-25;0;3
1;2025-11-25;1;0
1;2025-11-25;2;0
1;2025-11-25;3;0
1;2025-11-25;4;6
1;2025-11-25;5;134
1;2025-11-25;6;582
1;2025-11-25;7;1534
1;2025-11-25;8;1968
1;2025-11-25;9;1518
1;2025-11-25;10;1338
1;2025-11-25;11;1328
1;2025-11-25;12;1357
1;2025-11-25;13;1376
1;2025-11-25;14;1318
1;2025-11-25;15;1441
1;2025-11-25;16;1497
1;2025-11-25;17;1766
1;2025-11-25;18;1840
1;2025-11-25;19;1414
1;2025-11-25;20;905
1;2025-11-25;21;501
1;2025-11-25;22;226
1;2025-11-25;23;43
1;2025-11-26;0;4
1;2025-11-26;1;0
1;2025-11-26;2;0
1;2025-11-26;3;0
1;2025-11-26;4;8
1;2025-11-26;5;133
1;2025-11-26;6;582
1;2025-11-26;7;1506
1;2025-11-26;8;1954
1;2025-11-26;9;1506
1;2025-11-26;10;1325
1;2025-11-26;11;1333
1;2025-11-26;12;1350
1;2025-11-26;13;1388
1;2025-11-26;14;1333
1;2025-11-26;15;1447
1;2025-11-26;16;1502
1;2025-11-26;17;1786
1;2025-11-26;18;1842
1;2025-11-26;19;1418
1;2025-11-26;20;900
1;2025-11-26;21;501
1;2025-11-26;22;234
1;2025-11-26;23;44
1;2025-11-27;0;4
1;2025-11-27;1;0
1;2025-11-27;2;0
1;2025-11-27;3;0
1;2025-11-27;4;7
1;2025-11-27;5;130
1;2025-11-27;6;574
1;2025-11-27;7;1511
1;2025-11-27;8;1957
1;2025-11-27;9;1510
1;2025-11-27;10;1340
1;2025-11-27;11;1345
1;2025-11-27;12;1372
1;2025-11-27;13;1403
1;2025-11-27;14;1346
1;2025-11-27;15;1472
1;2025-11-27;16;1535
1;2025-11-27;17;1799
1;2025-11-27;18;1850
1;2025-11-27;19;1415
1;2025-11-27;20;900
1;2025-11-27;21;511
1;2025-11-27;22;233
1;2025-11-27;23;48
1;2025-11-28;0;4
1;2025-11-28;1;0
1;2025-11-28;2;0
1;2025-11-28;3;0
1;2025-11-28;4;6
1;2025-11-28;5;131
1;2025-11-28;6;561
1;2025-11-28;7;1498
1;2025-11-28;8;1933
1;2025-11-28;9;1479
1;2025-11-28;10;1315
1;2025-11-28;11;1344
1;2025-11-28;12;1358
1;2025-11-28;13;1407
1;2025-11-28;14;1349
1;2025-11-28;15;1472
1;2025-11-28;16;1539
1;2025-11-28;17;1738
1;2025-11-28;18;1664
1;2025-11-28;19;1263
1;2025-11-28;20;835
1;2025-11-28;21;499
1;2025-11-28;22;232
1;2025-11-28;23;51
1;2025-11-29;0;4
1;2025-11-29;1;0
1;2025-11-29;2;0
1;2025-11-29;3;0
1;2025-11-29;4;0
1;2025-11-29;5;31
1;2025-11-29;6;174
1;2025-11-29;7;347
1;2025-11-29;8;476
1;2025-11-29;9;690
1;2025-11-29;10;800
1;2025-11-29;11;783
1;2025-11-29;12;918
1;2025-11-29;13;955
1;2025-11-29;14;884
1;2025-11-29;15;811
1;2025-11-29;16;771
1;2025-11-29;17;710
1;2025-11-29;18;646
1;2025-11-29;19;570
1;2025-11-29;20;420
1;2025-11-29;21;306
1;2025-11-29;22;137
1;2025-11-29;23;35
1;2025-11-30;0;5
1;2025-11-30;1;0
1;2025-11-30;2;0
1;2025-11-30;3;0
1;2025-11-30;4;1
1;2025-11-30;5;25
1;2025-11-30;6;132
1;2025-11-30;7;272
1;2025-11-30;8;381
1;2025-11-30;9;573
1;2025-11-30;10;681
1;2025-11-30;11;685
1;2025-11-30;12;807
1;2025-11-30;13;840
1;2025-11-30;14;777
1;2025-11-30;15;726
1;2025-11-30;16;684
1;2025-11-30;17;613
1;2025-11-30;18;567
1;2025-11-30;19;492
1;2025-11-30;20;368
1;2025-11-30;21;273
1;2025-11-30;22;121
1;2025-11-30;23;29
1;2025-12-01;0;3
1;2025-12-01;1;0
1;2025-12-01;2;0
1;2025-12-01;3;0
1;2025-12-01;4;5
1;2025-12-01;5;126
1;2025-12-01;6;563
1;2025-12-01;7;1450
1;2025-12-01;8;1878
1;2025-12-01;9;1442
1;2025-12-01;10;1277
1;2025-12-01;11;1284
1;2025-12-01;12;1306
1;2025-12-01;13;1322
1;2025-12-01;14;1282
1;2025-12-01;15;1401
1;2025-12-01;16;1477
1;2025-12-01;17;1743
1;2025-12-01;18;1825
1;2025-12-01;19;1409
1;2025-12-01;20;888
1;2025-12-01;21;491
1;2025-12-01;22;223
1;2025-12-01;23;35
1;2025-12-02;0;3
1;2025-12-02;1;0
1;2025-12-02;2;0
1;2025-12-02;3;0
1;2025-12-02;4;6
1;2025-12-02;5;135
1;2025-12-02;6;591
1;2025-12-02;7;1519
1;2025-12-02;8;1939
1;2025-12-02;9;1517
1;2025-12-02;10;1342
1;2025-12-02;11;1332
1;2025-12-02;12;1354
1;2025-12-02;13;1370
1;2025-12-02;14;1312
1;2025-12-02;15;1430
1;2025-12-02;16;1487
1;2025-12-02;17;1749
1;2025-12-02;18;1823
1;2025-12-02;19;1413
1;2025-12-02;20;907
1;2025-12-02;21;502
1;2025-12-02;22;229
1;2025-12-02;23;41
1;2025-12-03;0;4
1;2025-12-03;1;0
1;2025-12-03;2;0
1;2025-12-03;3;0
1;2025-12-03;4;8
1;2025-12-03;5;134
1;2025-12-03;6;589
1;2025-12-03;7;1491
1;2025-12-03;8;1924
1;2025-12-03;9;1505
1;2025-12-03;10;1328
1;2025-12-03;11;1336
1;2025-12-03;12;1346
1;2025-12-03;13;1381
1;2025-12-03;14;1326
1;2025-12-03;15;1436
1;2025-12-03;16;1491
1;2025-12-03;17;1763
1;2025-12-03;18;1822
1;2025-12-03;19;1415
1;2025-12-03;20;900
1;2025-12-03;21;502
1;2025-12-03;22;238
1;2025-12-03;23;43
1;2025-12-04;0;4
1;2025-12-04;1;0
1;2025-12-04;2;0
1;2025-12-04;3;0
1;2025-12-04;4;7
1;2025-12-04;5;131
1;2025-12-04;6;583
1;2025-12-04;7;1496
1;2025-12-04;8;1928
1;2025-12-04;9;1509
1;2025-12-04;10;1344
1;2025-12-04;11;1349
1;2025-12-04;12;1369
1;2025-12-04;13;1397
1;2025-12-04;14;1340
1;2025-12-04;15;1462
1;2025-12-04;16;1525
1;2025-12-04;17;1783
1;2025-12-04;18;1836
1;2025-12-04;19;1415
1;2025-12-04;20;902
1;2025-12-04;21;512
1;2025-12-04;22;237
1;2025-12-04;23;47
1;2025-12-05;0;4
1;2025-12-05;1;0
1;2025-12-05;2;0
1;2025-12-05;3;0
1;2025-12-05;4;6
1;2025-12-05;5;131
1;2025-12-05;6;570
1;2025-12-05;7;1481
1;2025-12-05;8;1901
1;2025-12-05;9;1479
1;2025-12-05;10;1319
1;2025-12-05;11;1349
1;2025-12-05;12;1355
1;2025-12-05;13;1403
1;2025-12-05;14;1344
1;2025-12-05;15;1463
1;2025-12-05;16;1530
1;2025-12-05;17;1724
1;2025-12-05;18;1654
1;2025-12-05;19;1269
1;2025-12-05;20;841
1;2025-12-05;21;502
1;2025-12-05;22;238
1;2025-12-05;23;51
1;2025-12-06;0;5
1;2025-12-06;1;0
1;2025-12-06;2;0
1;2025-12-06;3;0
1;2025-12-06;4;0
1;2025-12-06;5;29
1;2025-12-06;6;177
1;2025-12-06;7;334
1;2025-12-06;8;458
1;2025-12-06;9;676
1;2025-12-06;10;789
1;2025-12-06;11;773
1;2025-12-06;12;911
1;2025-12-06;13;949
1;2025-12-06;14;878
1;2025-12-06;15;802
1;2025-12-06;16;760
1;2025-12-06;17;697
1;2025-12-06;18;635
1;2025-12-06;19;568
1;2025-12-06;20;419
1;2025-12-06;21;305
1;2025-12-06;22;138
1;2025-12-06;23;32
1;2025-12-07;0;5
1;2025-12-07;1;0
1;2025-12-07;2;0
1;2025-12-07;3;0
1;2025-12-07;4;1
1;2025-12-07;5;24
1;2025-12-07;6;134
1;2025-12-07;7;261
1;2025-12-07;8;364
1;2025-12-07;9;564
1;2025-12-07;10;679
1;2025-12-07;11;684
1;2025-12-07;12;811
1;2025-12-07;13;845
1;2025-12-07;14;782
1;2025-12-07;15;727
1;2025-12-07;16;684
1;2025-12-07;17;613
1;2025-12-07;18;567
1;2025-12-07;19;491
1;2025-12-07;20;369
1;2025-12-07;21;271
1;2025-12-07;22;121
1;2025-12-07;23;24
1;2025-12-08;0;3
1;2025-12-08;1;0
1;2025-12-08;2;0
1;2025-12-08;3;0
1;2025-12-08;4;5
1;2025-12-08;5;126
1;2025-12-08;6;563
1;2025-12-08;7;1450
1;2025-12-08;8;1878
1;2025-12-08;9;1442
1;2025-12-08;10;1277
1;2025-12-08;11;1284
1;2025-12-08;12;1306
1;2025-12-08;13;1322
1;2025-12-08;14;1282
1;2025-12-08;15;1401
1;2025-12-08;16;1477
1;2025-12-08;17;1743
1;2025-12-08;18;1825
1;2025-12-08;19;1409
1;2025-12-08;20;888
1;2025-12-08;21;491
1;2025-12-08;22;223
1;2025-12-08;23;35
1;2025-12-09;0;3
1;2025-12-09;1;0
1;2025-12-09;2;0
1;2025-12-09;3;0
1;2025-12-09;4;6
1;2025-12-09;5;135
1;2025-12-09;6;591
1;2025-12-09;7;1519
1;2025-12-09;8;1939
1;2025-12-09;9;1517
1;2025-12-09;10;1342
1;2025-12-09;11;1332
1;2025-12-09;12;1354
1;2025-12-09;13;1370
1;2025-12-09;14;1312
1;2025-12-09;15;1430
1;2025-12-09;16;1487
1;2025-12-09;17;1749
1;2025-12-09;18;1823
1;2025-12-09;19;1413
1;2025-12-09;20;907
1;2025-12-09;21;502
1;2025-12-09;22;229
1;2025-12-09;23;41
1;2025-12-10;0;4
1;2025-12-10;1;0
1;2025-12-10;2;0
1;2025-12-10;3;0
1;2025-12-10;4;8
1;2025-12-10;5;134
1;2025-12-10;6;589
1;2025-12-10;7;1491
1;2025-12-10;8;1924
1;2025-12-10;9;1505
1;2025-12-10;10;1328
1;2025-12-10;11;1336
1;2025-12-10;12;1346
1;2025-12-10;13;1381
1;2025-12-10;14;1326
1;2025-12-10;15;1436
1;2025-12-10;16;1491
1;2025-12-10;17;1763
1;2025-12-10;18;1822
1;2025-12-10;19;1415
1;2025-12-10;20;900
1;2025-12-10;21;502
1;2025-12-10;22;238
1;2025-12-10;23;43
1;2025-12-11;0;4
1;2025-12-11;1;0
1;2025-12-11;2;0
1;2025-12-11;3;0
1;2025-12-11;4;7
1;2025-12-11;5;131
1;2025-12-11;6;583
1;2025-12-11;7;1496
1;2025-12-11;8;1928
1;2025-12-11;9;1509
1;2025-12-11;10;1344
1;2025-12-11;11;1349
1;2025-12-11;12;1369
1;2025-12-11;13;1397
1;2025-12-11;14;1340
1;2025-12-11;15;1462
1;2025-12-11;16;1525
1;2025-12-11;17;1783
1;2025-12-11;18;1836
1;2025-12-11;19;1415
1;2025-12-11;20;902
1;2025-12-11;21;512
1;2025-12-11;22;237
1;2025-12-11;23;47
1;2025-12-12;0;4
1;2025-12-12;1;0
1;2025-12-12;2;0
1;2025-12-12;3;0
1;2025-12-12;4;6
1;2025-12-12;5;131
1;2025-12-12;6;570
1;2025-12-12;7;1481
1;2025-12-12;8;1901
1;2025-12-12;9;1479
1;2025-12-12;10;1319
1;2025-12-12;11;1349
1;2025-12-12;12;1355
1;2025-12-12;13;1403
1;2025-12-12;14;1344
1;2025-12-12;15;1463
1;2025-12-12;16;1530
1;2025-12-12;17;1724
1;2025-12-12;18;1654
1;2025-12-12;19;1269
1;2025-12-12;20;841
1;2025-12-12;21;502
1;2025-12-12;22;238
1;2025-12-12;23;51
1;2025-12-13;0;5
1;2025-12-13;1;0
1;2025-12-13;2;0
1;2025-12-13;3;0
1;2025-12-13;4;0
1;2025-12-13;5;29
1;2025-12-13;6;177
1;2025-12-13;7;334
1;2025-12-13;8;458
1;2025-12-13;9;676
1;2025-12-13;10;789
1;2025-12-13;11;773
1;2025-12-13;12;911
1;2025-12-13;13;949
1;2025-12-13;14;878
1;2025-12-13;15;802
1;2025-12-13;16;760
1;2025-12-13;17;697
1;2025-12-13;18;635
1;2025-12-13;19;568
1;2025-12-13;20;419
1;2025-12-13;21;305
1;2025-12-13;22;138
1;2025-12-13;23;32
1;2025-12-14;0;5
1;2025-12-14;1;0
1;2025-12-14;2;0
1;2025-12-14;3;0
1;2025-12-14;4;1
1;2025-12-14;5;24
1;2025-12-14;6;134
1;2025-12-14;7;261
1;2025-12-14;8;364
1;2025-12-14;9;564
1;2025-12-14;10;679
1;2025-12-14;11;684
1;2025-12-14;12;811
1;2025-12-14;13;845
1;2025-12-14;14;782
1;2025-12-14;15;727
1;2025-12-14;16;684
1;2025-12-14;17;613
1;2025-12-14;18;567
1;2025-12-14;19;491
1;2025-12-14;20;369
1;2025-12-14;21;271
1;2025-12-14;22;121
1;2025-12-14;23;24
1;2025-12-15;0;3
1;2025-12-15;1;0
1;2025-12-15;2;0
1;2025-12-15;3;0
1;2025-12-15;4;5
1;2025-12-15;5;126
1;2025-12-15;6;563
1;2025-12-15;7;1450
1;2025-12-15;8;1878
1;2025-12-15;9;1442
1;2025-12-15;10;1277
1;2025-12-15;11;1284
1;2025-12-15;12;1306
1;2025-12-15;13;1322
1;2025-12-15;14;1282
1;2025-12-15;15;1401
1;2025-12-15;16;1477
1;2025-12-15;17;1743
1;2025-12-15;18;1825
1;2025-12-15;19;1409
1;2025-12-15;20;888
1;2025-12-15;21;491
1;2025-12-15;22;223
1;2025-12-15;23;35
1;2025-12-16;0;3
1;2025-12-16;1;0
1;2025-12-16;2;0
1;2025-12-16;3;0
1;2025-12-16;4;6
1;2025-12-16;5;135
1;2025-12-16;6;591
1;2025-12-16;7;1519
1;2025-12-16;8;1939
1;2025-12-16;9;1517
1;2025-12-16;10;1342
1;2025-12-16;11;1332
1;2025-12-16;12;1354
1;2025-12-16;13;1370
1;2025-12-16;14;1312
1;2025-12-16;15;1430
1;2025-12-16;16;1487
1;2025-12-16;17;1749
1;2025-12-16;18;1823
1;2025-12-16;19;1413
1;2025-12-16;20;907
1;2025-12-16;21;502
1;2025-12-16;22;229
1;2025-12-16;23;41
1;2025-12-17;0;4
1;2025-12-17;1;0
1;2025-12-17;2;0
1;2025-12-17;3;0
1;2025-12-17;4;8
1;2025-12-17;5;134
1;2025-12-17;6;589
1;2025-12-17;7;1491
1;2025-12-17;8;1924
1;2025-12-17;9;1505
1;2025-12-17;10;1328
1;2025-12-17;11;1336
1;2025-12-17;12;1346
1;2025-12-17;13;1381
1;2025-12-17;14;1326
1;2025-12-17;15;1436
1;2025-12-17;16;1491
1;2025-12-17;17;1763
1;2025-12-17;18;1822
1;2025-12-17;19;1415
1;2025-12-17;20;900
1;2025-12-17;21;502
1;2025-12-17;22;238
1;2025-12-17;23;43
1;2025-12-18;0;4
1;2025-12-18;1;0
1;2025-12-18;2;0
1;2025-12-18;3;0
1;2025-12-18;4;7
1;2025-12-18;5;131
1;2025-12-18;6;583
1;2025-12-18;7;1496
1;2025-12-18;8;1928
1;2025-12-18;9;1509
1;2025-12-18;10;1344
1;2025-12-18;11;1349
1;2025-12-18;12;1369
1;2025-12-18;13;1397
1;2025-12-18;14;1340
1;2025-12-18;15;1462
1;2025-12-18;16;1525
1;2025-12-18;17;1783
1;2025-12-18;18;1836
1;2025-12-18;19;1415
1;2025-12-18;20;902
1;2025-12-18;21;512
1;2025-12-18;22;237
1;2025-12-18;23;47
1;2025-12-19;0;4
1;2025-12-19;1;0
1;2025-12-19;2;0
1;2025-12-19;3;0
1;2025-12-19;4;6
1;2025-12-19;5;131
1;2025-12-19;6;570
1;2025-12-19;7;1481
1;2025-12-19;8;1901
1;2025-12-19;9;1479
1;2025-12-19;10;1319
1;2025-12-19;11;1349
1;2025-12-19;12;1355
1;2025-12-19;13;1403
1;2025-12-19;14;1344
1;2025-12-19;15;1463
1;2025-12-19;16;1530
1;2025-12-19;17;1724
1;2025-12-19;18;1654
1;2025-12-19;19;1269
1;2025-12-19;20;841
1;2025-12-19;21;502
1;2025-12-19;22;238
1;2025-12-19;23;51
1;2025-12-20;0;5
1;2025-12-20;1;0
1;2025-12-20;2;0
1;2025-12-20;3;0
1;2025-12-20;4;0
1;2025-12-20;5;29
1;2025-12-20;6;177
1;2025-12-20;7;334
1;2025-12-20;8;458
1;2025-12-20;9;676
1;2025-12-20;10;789
1;2025-12-20;11;773
1;2025-12-20;12;911
1;2025-12-20;13;949
1;2025-12-20;14;878
1;2025-12-20;15;802
1;2025-12-20;16;760
1;2025-12-20;17;697
1;2025-12-20;18;635
1;2025-12-20;19;568
1;2025-12-20;20;419
1;2025-12-20;21;305
1;2025-12-20;22;138
1;2025-12-20;23;32
1;2025-12-21;0;5
1;2025-12-21;1;0
1;2025-12-21;2;0
1;2025-12-21;3;0
1;2025-12-21;4;1
1;2025-12-21;5;24
1;2025-12-21;6;134
1;2025-12-21;7;261
1;2025-12-21;8;364
1;2025-12-21;9;564
1;2025-12-21;10;679
1;2025-12-21;11;684
1;2025-12-21;12;811
1;2025-12-21;13;845
1;2025-12-21;14;782
1;2025-12-21;15;727
1;2025-12-21;16;684
1;2025-12-21;17;613
1;2025-12-21;18;567
1;2025-12-21;19;491
1;2025-12-21;20;369
1;2025-12-21;21;271
1;2025-12-21;22;121
1;2025-12-21;23;24
1;2025-12-22;0;3
1;2025-12-22;1;0
1;2025-12-22;2;0
1;2025-12-22;3;0
1;2025-12-22;4;5
1;2025-12-22;5;126
1;2025-12-22;6;563
1;2025-12-22;7;1450
1;2025-12-22;8;1878
1;2025-12-22;9;1442
1;2025-12-22;10;1277
1;2025-12-22;11;1284
1;2025-12-22;12;1306
1;2025-12-22;13;1322
1;2025-12-22;14;1282
1;2025-12-22;15;1401
1;2025-12-22;16;1477
1;2025-12-22;17;1743
1;2025-12-22;18;1825
1;2025-12-22;19;1409
1;2025-12-22;20;888
1;2025-12-22;21;491
1;2025-12-22;22;223
1;2025-12-22;23;35
1;2025-12-23;0;3
1;2025-12-23;1;0
1;2025-12-23;2;0
1;2025-12-23;3;0
1;2025-12-23;4;6
1;2025-12-23;5;135
1;2025-12-23;6;591
1;2025-12-23;7;1519
1;2025-12-23;8;1939
1;2025-12-23;9;1517
1;2025-12-23;10;1342
1;2025-12-23;11;1332
1;2025-12-23;12;1354
1;2025-12-23;13;1370
1;2025-12-23;14;1312
1;2025-12-23;15;1430
1;2025-12-23;16;1487
1;2025-12-23;17;1749
1;2025-12-23;18;1823
1;2025-12-23;19;1413
1;2025-12-23;20;907
1;2025-12-23;21;502
1;2025-12-23;22;229
1;2025-12-23;23;41
1;2025-12-24;0;4
1;2025-12-24;1;0
1;2025-12-24;2;0
1;2025-12-24;3;0
1;2025-12-24;4;8
1;2025-12-24;5;134
1;2025-12-24;6;589
1;2025-12-24;7;1491
1;2025-12-24;8;1924
1;2025-12-24;9;1505
1;2025-12-24;10;1328
1;2025-12-24;11;1336
1;2025-12-24;12;1346
1;2025-12-24;13;1381
1;2025-12-24;14;1326
1;2025-12-24;15;1436
1;2025-12-24;16;1491
1;2025-12-24;17;1763
1;2025-12-24;18;1822
1;2025-12-24;19;1415
1;2025-12-24;20;900
1;2025-12-24;21;502
1;2025-12-24;22;238
1;2025-12-24;23;43
1;2025-12-25;0;4
1;2025-12-25;1;0
1;2025-12-25;2;0
1;2025-12-25;3;0
1;2025-12-25;4;7
1;2025-12-25;5;131
1;2025-12-25;6;583
1;2025-12-25;7;1496
1;2025-12-25;8;1928
1;2025-12-25;9;1509
1;2025-12-25;10;1344
1;2025-12-25;11;1349
1;2025-12-25;12;1369
1;2025-12-25;13;1397
1;2025-12-25;14;1340
1;2025-12-25;15;1462
1;2025-12-25;16;1525
1;2025-12-25;17;1783
1;2025-12-25;18;1836
1;2025-12-25;19;1415
1;2025-12-25;20;902
1;2025-12-25;21;512
1;2025-12-25;22;237
1;2025-12-25;23;47
1;2025-12-26;0;4
1;2025-12-26;1;0
1;2025-12-26;2;0
1;2025-12-26;3;0
1;2025-12-26;4;6
1;2025-12-26;5;131
1;2025-12-26;6;570
1;2025-12-26;7;1481
1;2025-12-26;8;1901
1;2025-12-26;9;1479
1;2025-12-26;10;1319
1;2025-12-26;11;1349
1;2025-12-26;12;1355
1;2025-12-26;13;1403
1;2025-12-26;14;1344
1;2025-12-26;15;1463
1;2025-12-26;16;1530
1;2025-12-26;17;1724
1;2025-12-26;18;1654
1;2025-12-26;19;1269
1;2025-12-26;20;841
1;2025-12-26;21;502
1;2025-12-26;22;238
1;2025-12-26;23;51
1;2025-12-27;0;5
1;2025-12-27;1;0
1;2025-12-27;2;0
1;2025-12-27;3;0
1;2025-12-27;4;0
1;2025-12-27;5;29
1;2025-12-27;6;177
1;2025-12-27;7;334
1;2025-12-27;8;458
1;2025-12-27;9;676
1;2025-12-27;10;789
1;2025-12-27;11;773
1;2025-12-27;12;911
1;2025-12-27;13;949
1;2025-12-27;14;878
1;2025-12-27;15;802
1;2025-12-27;16;760
1;2025-12-27;17;697
1;2025-12-27;18;635
1;2025-12-27;19;568
1;2025-12-27;20;419
1;2025-12-27;21;305
1;2025-12-27;22;138
1;2025-12-27;23;32
1;2025-12-28;0;5
1;2025-12-28;1;0
1;2025-12-28;2;0
1;2025-12-28;3;0
1;2025-12-28;4;1
1;2025-12-28;5;24
1;2025-12-28;6;134
1;2025-12-28;7;261
1;2025-12-28;8;364
1;2025-12-28;9;564
1;2025-12-28;10;679
1;2025-12-28;11;684
1;2025-12-28;12;811
1;2025-12-28;13;845
1;2025-12-28;14;782
1;2025-12-28;15;727
1;2025-12-28;16;684
1;2025-12-28;17;613
1;2025-12-28;18;567
1;2025-12-28;19;491
1;2025-12-28;20;369
1;2025-12-28;21;271
1;2025-12-28;22;121
1;2025-12-28;23;24
1;2025-12-29;0;3
1;2025-12-29;1;0
1;2025-12-29;2;0
1;2025-12-29;3;0
1;2025-12-29;4;5
1;2025-12-29;5;120
1;2025-12-29;6;535
1;2025-12-29;7;1378
1;2025-12-29;8;1784
1;2025-12-29;9;1370
1;2025-12-29;10;1213
1;2025-12-29;11;1220
1;2025-12-29;12;1241
1;2025-12-29;13;1256
1;2025-12-29;14;1218
1;2025-12-29;15;1331
1;2025-12-29;16;1403
1;2025-12-29;17;1656
1;2025-12-29;18;1734
1;2025-12-29;19;1339
1;2025-12-29;20;844
1;2025-12-29;21;466
1;2025-12-29;22;212
1;2025-12-29;23;33
1;2025-12-30;0;3
1;2025-12-30;1;0
1;2025-12-30;2;0
1;2025-12-30;3;0
1;2025-12-30;4;6
1;2025-12-30;5;124
1;2025-12-30;6;544
1;2025-12-30;7;1397
1;2025-12-30;8;1784
1;2025-12-30;9;1396
1;2025-12-30;10;1235
1;2025-12-30;11;1225
1;2025-12-30;12;1246
1;2025-12-30;13;1260
1;2025-12-30;14;1207
1;2025-12-30;15;1316
1;2025-12-30;16;1368
1;2025-12-30;17;1609
1;2025-12-30;18;1677
1;2025-12-30;19;1300
1;2025-12-30;20;834
1;2025-12-30;21;462
1;2025-12-30;22;211
1;2025-12-30;23;38
1;2025-12-31;0;3
1;2025-12-31;1;0
1;2025-12-31;2;0
1;2025-12-31;3;0
1;2025-12-31;4;1
1;2025-12-31;5;26
1;2025-12-31;6;141
1;2025-12-31;7;272
1;2025-12-31;8;396
1;2025-12-31;9;514
1;2025-12-31;10;579
1;2025-12-31;11;613
1;2025-12-31;12;655
1;2025-12-31;13;661
1;2025-12-31;14;648
1;2025-12-31;15;622
1;2025-12-31;16;604
1;2025-12-31;17;552
1;2025-12-31;18;409
1;2025-12-31;19;352
1;2025-12-31;20;270
1;2025-12-31;21;185
1;2025-12-31;22;86
1;2025-12-31;23;20
5;2025-11-01;0;5
5;2025-11-01;1;1
5;2025-11-01;2;0
5;2025-11-01;3;0
5;2025-11-01;4;0
5;2025-11-01;5;13
5;2025-11-01;6;55
5;2025-11-01;7;109
5;2025-11-01;8;141
5;2025-11-01;9;119
5;2025-11-01;10;105
5;2025-11-01;11;105
5;2025-11-01;12;106
5;2025-11-01;13;112
5;2025-11-01;14;108
5;2025-11-01;15;114
5;2025-11-01;16;124
5;2025-11-01;17;136
5;2025-11-01;18;141
5;2025-11-01;19;106
5;2025-11-01;20;80
5;2025-11-01;21;56
5;2025-11-01;22;33
5;2025-11-01;23;20
5;2025-11-02;0;4
5;2025-11-02;1;0
5;2025-11-02;2;0
5;2025-11-02;3;0
5;2025-11-02;4;0
5;2025-11-02;5;4
5;2025-11-02;6;15
5;2025-11-02;7;23
5;2025-11-02;8;32
5;2025-11-02;9;40
5;2025-11-02;10;47
5;2025-11-02;11;55
5;2025-11-02;12;60
5;2025-11-02;13;65
5;2025-11-02;14;64
5;2025-11-02;15;64
5;2025-11-02;16;64
5;2025-11-02;17;62
5;2025-11-02;18;57
5;2025-11-02;19;49
5;2025-11-02;20;37
5;2025-11-02;21;28
5;2025-11-02;22;17
5;2025-11-02;23;8
5;2025-11-03;0;3
5;2025-11-03;1;0
5;2025-11-03;2;0
5;2025-11-03;3;0
5;2025-11-03;4;0
5;2025-11-03;5;5
5;2025-11-03;6;19
5;2025-11-03;7;28
5;2025-11-03;8;38
5;2025-11-03;9;42
5;2025-11-03;10;48
5;2025-11-03;11;52
5;2025-11-03;12;58
5;2025-11-03;13;61
5;2025-11-03;14;61
5;2025-11-03;15;62
5;2025-11-03;16;62
5;2025-11-03;17;64
5;2025-11-03;18;59
5;2025-11-03;19;52
5;2025-11-03;20;40
5;2025-11-03;21;29
5;2025-11-03;22;17
5;2025-11-03;23;9
5;2025-11-04;0;4
5;2025-11-04;1;1
5;2025-11-04;2;0
5;2025-11-04;3;0
5;2025-11-04;4;0
5;2025-11-04;5;3
5;2025-11-04;6;14
5;2025-11-04;7;21
5;2025-11-04;8;30
5;2025-11-04;9;34
5;2025-11-04;10;39
5;2025-11-04;11;46
5;2025-11-04;12;53
5;2025-11-04;13;59
5;2025-11-04;14;59
5;2025-11-04;15;59
5;2025-11-04;16;60
5;2025-11-04;17;59
5;2025-11-04;18;54
5;2025-11-04;19;48
5;2025-11-04;20;36
5;2025-11-04;21;28
5;2025-11-04;22;17
5;2025-11-04;23;8
5;2025-11-05;0;3
5;2025-11-05;1;0
5;2025-11-05;2;0
5;2025-11-05;3;0
5;2025-11-05;4;0
5;2025-11-05;5;10
5;2025-11-05;6;47
5;2025-11-05;7;107
5;2025-11-05;8;149
5;2025-11-05;9;110
5;2025-11-05;10;88
5;2025-11-05;11;85
5;2025-11-05;12;87
5;2025-11-05;13;89
5;2025-11-05;14;89
5;2025-11-05;15;95
5;2025-11-05;16;107
5;2025-11-05;17;129
5;2025-11-05;18;138
5;2025-11-05;19;101
5;2025-11-05;20;66
5;2025-11-05;21;41
5;2025-11-05;22;21
5;2025-11-05;23;10
5;2025-11-06;0;3
5;2025-11-06;1;0
5;2025-11-06;2;0
5;2025-11-06;3;0
5;2025-11-06;4;0
5;2025-11-06;5;10
5;2025-11-06;6;47
5;2025-11-06;7;107
5;2025-11-06;8;149
5;2025-11-06;9;110
5;2025-11-06;10;89
5;2025-11-06;11;86
5;2025-11-06;12;88
5;2025-11-06;13;90
5;2025-11-06;14;89
5;2025-11-06;15;96
5;2025-11-06;16;109
5;2025-11-06;17;130
5;2025-11-06;18;138
5;2025-11-06;19;101
5;2025-11-06;20;67
5;2025-11-06;21;41
5;2025-11-06;22;21
5;2025-11-06;23;10
5;2025-11-07;0;3
5;2025-11-07;1;0
5;2025-11-07;2;0
5;2025-11-07;3;0
5;2025-11-07;4;0
5;2025-11-07;5;10
5;2025-11-07;6;46
5;2025-11-07;7;106
5;2025-11-07;8;146
5;2025-11-07;9;108
5;2025-11-07;10;87
5;2025-11-07;11;85
5;2025-11-07;12;87
5;2025-11-07;13;91
5;2025-11-07;14;91
5;2025-11-07;15;99
5;2025-11-07;16;112
5;2025-11-07;17;128
5;2025-11-07;18;124
5;2025-11-07;19;93
5;2025-11-07;20;63
5;2025-11-07;21;41
5;2025-11-07;22;21
5;2025-11-07;23;11
5;2025-11-08;0;4
5;2025-11-08;1;0
5;2025-11-08;2;0
5;2025-11-08;3;0
5;2025-11-08;4;0
5;2025-11-08;5;5
5;2025-11-08;6;20
5;2025-11-08;7;31
5;2025-11-08;8;41
5;2025-11-08;9;49
5;2025-11-08;10;56
5;2025-11-08;11;64
5;2025-11-08;12;69
5;2025-11-08;13;73
5;2025-11-08;14;72
5;2025-11-08;15;71
5;2025-11-08;16;70
5;2025-11-08;17;69
5;2025-11-08;18;64
5;2025-11-08;19;56
5;2025-11-08;20;43
5;2025-11-08;21;31
5;2025-11-08;22;19
5;2025-11-08;23;10
5;2025-11-09;0;4
5;2025-11-09;1;0
5;2025-11-09;2;0
5;2025-11-09;3;0
5;2025-11-09;4;0
5;2025-11-09;5;4
5;2025-11-09;6;15
5;2025-11-09;7;23
5;2025-11-09;8;32
5;2025-11-09;9;40
5;2025-11-09;10;47
5;2025-11-09;11;55
5;2025-11-09;12;60
5;2025-11-09;13;65
5;2025-11-09;14;64
5;2025-11-09;15;64
5;2025-11-09;16;64
5;2025-11-09;17;62
5;2025-11-09;18;57
5;2025-11-09;19;49
5;2025-11-09;20;37
5;2025-11-09;21;28
5;2025-11-09;22;17
5;2025-11-09;23;8
5;2025-11-10;0;3
5;2025-11-10;1;0
5;2025-11-10;2;0
5;2025-11-10;3;0
5;2025-11-10;4;0
5;2025-11-10;5;10
5;2025-11-10;6;45
5;2025-11-10;7;105
5;2025-11-10;8;146
5;2025-11-10;9;107
5;2025-11-10;10;85
5;2025-11-10;11;83
5;2025-11-10;12;85
5;2025-11-10;13;87
5;2025-11-10;14;86
5;2025-11-10;15;93
5;2025-11-10;16;105
5;2025-11-10;17;127
5;2025-11-10;18;136
5;2025-11-10;19;99
5;2025-11-10;20;65
5;2025-11-10;21;39
5;2025-11-10;22;20
5;2025-11-10;23;9
5;2025-11-11;0;2
5;2025-11-11;1;0
5;2025-11-11;2;0
5;2025-11-11;3;0
5;2025-11-11;4;0
5;2025-11-11;5;10
5;2025-11-11;6;47
5;2025-11-11;7;108
5;2025-11-11;8;150
5;2025-11-11;9;111
5;2025-11-11;10;88
5;2025-11-11;11;85
5;2025-11-11;12;87
5;2025-11-11;13;89
5;2025-11-11;14;88
5;2025-11-11;15;95
5;2025-11-11;16;107
5;2025-11-11;17;129
5;2025-11-11;18;138
5;2025-11-11;19;101
5;2025-11-11;20;66
5;2025-11-11;21;41
5;2025-11-11;22;21
5;2025-11-11;23;9
5;2025-11-12;0;3
5;2025-11-12;1;0
5;2025-11-12;2;0
5;2025-11-12;3;0
5;2025-11-12;4;0
5;2025-11-12;5;10
5;2025-11-12;6;47
5;2025-11-12;7;107
5;2025-11-12;8;149
5;2025-11-12;9;110
5;2025-11-12;10;88
5;2025-11-12;11;85
5;2025-11-12;12;87
5;2025-11-12;13;89
5;2025-11-12;14;89
5;2025-11-12;15;95
5;2025-11-12;16;107
5;2025-11-12;17;129
5;2025-11-12;18;138
5;2025-11-12;19;101
5;2025-11-12;20;66
5;2025-11-12;21;41
5;2025-11-12;22;21
5;2025-11-12;23;10
5;2025-11-13;0;3
5;2025-11-13;1;0
5;2025-11-13;2;0
5;2025-11-13;3;0
5;2025-11-13;4;0
5;2025-11-13;5;10
5;2025-11-13;6;47
5;2025-11-13;7;107
5;2025-11-13;8;149
5;2025-11-13;9;110
5;2025-11-13;10;89
5;2025-11-13;11;86
5;2025-11-13;12;88
5;2025-11-13;13;90
5;2025-11-13;14;89
5;2025-11-13;15;96
5;2025-11-13;16;109
5;2025-11-13;17;130
5;2025-11-13;18;138
5;2025-11-13;19;101
5;2025-11-13;20;67
5;2025-11-13;21;41
5;2025-11-13;22;21
5;2025-11-13;23;10
5;2025-11-14;0;3
5;2025-11-14;1;0
5;2025-11-14;2;0
5;2025-11-14;3;0
5;2025-11-14;4;0
5;2025-11-14;5;10
5;2025-11-14;6;46
5;2025-11-14;7;106
5;2025-11-14;8;146
5;2025-11-14;9;108
5;2025-11-14;10;87
5;2025-11-14;11;85
5;2025-11-14;12;87
5;2025-11-14;13;91
5;2025-11-14;14;91
5;2025-11-14;15;99
5;2025-11-14;16;112
5;2025-11-14;17;128
5;2025-11-14;18;124
5;2025-11-14;19;93
5;2025-11-14;20;63
5;2025-11-14;21;41
5;2025-11-14;22;21
5;2025-11-14;23;11
5;2025-11-15;0;4
5;2025-11-15;1;0
5;2025-11-15;2;0
5;2025-11-15;3;0
5;2025-11-15;4;0
5;2025-11-15;5;5
5;2025-11-15;6;20
5;2025-11-15;7;31
5;2025-11-15;8;41
5;2025-11-15;9;49
5;2025-11-15;10;56
5;2025-11-15;11;64
5;2025-11-15;12;69
5;2025-11-15;13;73
5;2025-11-15;14;72
5;2025-11-15;15;71
5;2025-11-15;16;70
5;2025-11-15;17;69
5;2025-11-15;18;64
5;2025-11-15;19;56
5;2025-11-15;20;43
5;2025-11-15;21;31
5;2025-11-15;22;19
5;2025-11-15;23;10
5;2025-11-16;0;4
5;2025-11-16;1;0
5;2025-11-16;2;0
5;2025-11-16;3;0
5;2025-11-16;4;0
5;2025-11-16;5;4
5;2025-11-16;6;15
5;2025-11-16;7;23
5;2025-11-16;8;32
5;2025-11-16;9;40
5;2025-11-16;10;47
5;2025-11-16;11;55
5;2025-11-16;12;60
5;2025-11-16;13;65
5;2025-11-16;14;64
5;2025-11-16;15;64
5;2025-11-16;16;64
5;2025-11-16;17;62
5;2025-11-16;18;57
5;2025-11-16;19;49
5;2025-11-16;20;37
5;2025-11-16;21;28
5;2025-11-16;22;17
5;2025-11-16;23;8
5;2025-11-17;0;3
5;2025-11-17;1;0
5;2025-11-17;2;0
5;2025-11-17;3;0
5;2025-11-17;4;0
5;2025-11-17;5;10
5;2025-11-17;6;45
5;2025-11-17;7;105
5;2025-11-17;8;146
5;2025-11-17;9;107
5;2025-11-17;10;85
5;2025-11-17;11;83
5;2025-11-17;12;85
5;2025-11-17;13;87
5;2025-11-17;14;86
5;2025-11-17;15;93
5;2025-11-17;16;105
5;2025-11-17;17;127
5;2025-11-17;18;136
5;2025-11-17;19;99
5;2025-11-17;20;65
5;2025-11-17;21;39
5;2025-11-17;22;20
5;2025-11-17;23;9
5;2025-11-18;0;2
5;2025-11-18;1;0
5;2025-11-18;2;0
5;2025-11-18;3;0
5;2025-11-18;4;0
5;2025-11-18;5;10
5;2025-11-18;6;47
5;2025-11-18;7;108
5;2025-11-18;8;150
5;2025-11-18;9;111
5;2025-11-18;10;88
5;2025-11-18;11;85
5;2025-11-18;12;87
5;2025-11-18;13;89
5;2025-11-18;14;88
5;2025-11-18;15;95
5;2025-11-18;16;107
5;2025-11-18;17;129
5;2025-11-18;18;138
5;2025-11-18;19;101
5;2025-11-18;20;66
5;2025-11-18;21;41
5;2025-11-18;22;21
5;2025-11-18;23;9
5;2025-11-19;0;3
5;2025-11-19;1;0
5;2025-11-19;2;0
5;2025-11-19;3;0
5;2025-11-19;4;0
5;2025-11-19;5;10
5;2025-11-19;6;47
5;2025-11-19;7;107
5;2025-11-19;8;149
5;2025-11-19;9;110
5;2025-11-19;10;88
5;2025-11-19;11;85
5;2025-11-19;12;87
5;2025-11-19;13;89
5;2025-11-19;14;89
5;2025-11-19;15;95
5;2025-11-19;16;107
5;2025-11-19;17;129
5;2025-11-19;18;138
5;2025-11-19;19;101
5;2025-11-19;20;66
5;2025-11-19;21;41
5;2025-11-19;22;21
5;2025-11-19;23;10
5;2025-11-20;0;3
5;2025-11-20;1;0
5;2025-11-20;2;0
5;2025-11-20;3;0
5;2025-11-20;4;0
5;2025-11-20;5;10
5;2025-11-20;6;47
5;2025-11-20;7;107
5;2025-11-20;8;149
5;2025-11-20;9;110
5;2025-11-20;10;89
5;2025-11-20;11;86
5;2025-11-20;12;88
5;2025-11-20;13;90
5;2025-11-20;14;89
5;2025-11-20;15;96
5;2025-11-20;16;109
5;2025-11-20;17;130
5;2025-11-20;18;138
5;2025-11-20;19;101
5;2025-11-20;20;67
5;2025-11-20;21;41
5;2025-11-20;22;21
5;2025-11-20;23;10
5;2025-11-21;0;3
5;2025-11-21;1;0
5;2025-11-21;2;0
5;2025-11-21;3;0
5;2025-11-21;4;0
5;2025-11-21;5;10
5;2025-11-21;6;46
5;2025-11-21;7;106
5;2025-11-21;8;146
5;2025-11-21;9;108
5;2025-11-21;10;87
5;2025-11-21;11;85
5;2025-11-21;12;87
5;2025-11-21;13;91
5;2025-11-21;14;91
5;2025-11-21;15;99
5;2025-11-21;16;112
5;2025-11-21;17;128
5;2025-11-21;18;124
5;2025-11-21;19;93
5;2025-11-21;20;63
5;2025-11-21;21;41
5;2025-11-21;22;21
5;2025-11-21;23;11
5;2025-11-22;0;4
5;2025-11-22;1;0
5;2025-11-22;2;0
5;2025-11-22;3;0
5;2025-11-22;4;0
5;2025-11-22;5;5
5;2025-11-22;6;20
5;2025-11-22;7;31
5;2025-11-22;8;41
5;2025-11-22;9;49
5;2025-11-22;10;56
5;2025-11-22;11;64
5;2025-11-22;12;69
5;2025-11-22;13;73
5;2025-11-22;14;72
5;2025-11-22;15;71
5;2025-11-22;16;70
5;2025-11-22;17;69
5;2025-11-22;18;64
5;2025-11-22;19;56
5;2025-11-22;20;43
5;2025-11-22;21;31
5;2025-11-22;22;19
5;2025-11-22;23;10
5;2025-11-23;0;4
5;2025-11-23;1;0
5;2025-11-23;2;0
5;2025-11-23;3;0
5;2025-11-23;4;0
5;2025-11-23;5;4
5;2025-11-23;6;15
5;2025-11-23;7;23
5;2025-11-23;8;32
5;2025-11-23;9;40
5;2025-11-23;10;47
5;2025-11-23;11;55
5;2025-11-23;12;60
5;2025-11-23;13;65
5;2025-11-23;14;64
5;2025-11-23;15;64
5;2025-11-23;16;64
5;2025-11-23;17;62
5;2025-11-23;18;57
5;2025-11-23;19;49
5;2025-11-23;20;37
5;2025-11-23;21;28
5;2025-11-23;22;17
5;2025-11-23;23;8
5;2025-11-24;0;3
5;2025-11-24;1;0
5;2025-11-24;2;0
5;2025-11-24;3;0
5;2025-11-24;4;0
5;2025-11-24;5;10
5;2025-11-24;6;45
5;2025-11-24;7;105
5;2025-11-24;8;146
5;2025-11-24;9;107
5;2025-11-24;10;85
5;2025-11-24;11;83
5;2025-11-24;12;85
5;2025-11-24;13;87
5;2025-11-24;14;86
5;2025-11-24;15;93
5;2025-11-24;16;105
5;2025-11-24;17;127
5;2025-11-24;18;136
5;2025-11-24;19;99
5;2025-11-24;20;65
5;2025-11-24;21;39
5;2025-11-24;22;20
5;2025-11-24;23;9
5;2025-11-25;0;2
5;2025-11-25;1;0
5;2025-11-25;2;0
5;2025-11-25;3;0
5;2025-11-25;4;0
5;2025-11-25;5;10
5;2025-11-25;6;47
5;2025-11-25;7;108
5;2025-11-25;8;150
5;2025-11-25;9;111
5;2025-11-25;10;88
5;2025-11-25;11;85
5;2025-11-25;12;87
5;2025-11-25;13;89
5;2025-11-25;14;88
5;2025-11-25;15;95
5;2025-11-25;16;107
5;2025-11-25;17;129
5;2025-11-25;18;138
5;2025-11-25;19;101
5;2025-11-25;20;66
5;2025-11-25;21;41
5;2025-11-25;22;21
5;2025-11-25;23;9
5;2025-11-26;0;3
5;2025-11-26;1;0
5;2025-11-26;2;0
5;2025-11-26;3;0
5;2025-11-26;4;0
5;2025-11-26;5;10
5;2025-11-26;6;47
5;2025-11-26;7;107
5;2025-11-26;8;149
5;2025-11-26;9;110
5;2025-11-26;10;88
5;2025-11-26;11;85
5;2025-11-26;12;87
5;2025-11-26;13;89
5;2025-11-26;14;89
5;2025-11-26;15;95
5;2025-11-26;16;107
5;2025-11-26;17;129
5;2025-11-26;18;138
5;2025-11-26;19;101
5;2025-11-26;20;66
5;2025-11-26;21;41
5;2025-11-26;22;21
5;2025-11-26;23;10
5;2025-11-27;0;3
5;2025-11-27;1;0
5;2025-11-27;2;0
5;2025-11-27;3;0
5;2025-11-27;4;0
5;2025-11-27;5;10
5;2025-11-27;6;47
5;2025-11-27;7;107
5;2025-11-27;8;149
5;2025-11-27;9;110
5;2025-11-27;10;89
5;2025-11-27;11;86
5;2025-11-27;12;88
5;2025-11-27;13;90
5;2025-11-27;14;89
5;2025-11-27;15;96
5;2025-11-27;16;109
5;2025-11-27;17;130
5;2025-11-27;18;138
5;2025-11-27;19;101
5;2025-11-27;20;67
5;2025-11-27;21;41
5;2025-11-27;22;21
5;2025-11-27;23;10
5;2025-11-28;0;3
5;2025-11-28;1;0
5;2025-11-28;2;0
5;2025-11-28;3;0
5;2025-11-28;4;0
5;2025-11-28;5;10
5;2025-11-28;6;46
5;2025-11-28;7;106
5;2025-11-28;8;146
5;2025-11-28;9;108
5;2025-11-28;10;87
5;2025-11-28;11;85
5;2025-11-28;12;87
5;2025-11-28;13;91
5;2025-11-28;14;91
5;2025-11-28;15;99
5;2025-11-28;16;112
5;2025-11-28;17;128
5;2025-11-28;18;124
5;2025-11-28;19;93
5;2025-11-28;20;63
5;2025-11-28;21;41
5;2025-11-28;22;21
5;2025-11-28;23;11
5;2025-11-29;0;4
5;2025-11-29;1;0
5;2025-11-29;2;0
5;2025-11-29;3;0
5;2025-11-29;4;0
5;2025-11-29;5;5
5;2025-11-29;6;20
5;2025-11-29;7;31
5;2025-11-29;8;41
5;2025-11-29;9;49
5;2025-11-29;10;56
5;2025-11-29;11;64
5;2025-11-29;12;69
5;2025-11-29;13;73
5;2025-11-29;14;72
5;2025-11-29;15;71
5;2025-11-29;16;70
5;2025-11-29;17;69
5;2025-11-29;18;64
5;2025-11-29;19;56
5;2025-11-29;20;43
5;2025-11-29;21;31
5;2025-11-29;22;19
5;2025-11-29;23;10
5;2025-11-30;0;4
5;2025-11-30;1;0
5;2025-11-30;2;0
5;2025-11-30;3;0
5;2025-11-30;4;0
5;2025-11-30;5;4
5;2025-11-30;6;15
5;2025-11-30;7;23
5;2025-11-30;8;32
5;2025-11-30;9;40
5;2025-11-30;10;47
5;2025-11-30;11;55
5;2025-11-30;12;60
5;2025-11-30;13;65
5;2025-11-30;14;64
5;2025-11-30;15;64
5;2025-11-30;16;64
5;2025-11-30;17;62
5;2025-11-30;18;57
5;2025-11-30;19;49
5;2025-11-30;20;37
5;2025-11-30;21;28
5;2025-11-30;22;17
5;2025-11-30;23;8
5;2025-12-01;0;3
5;2025-12-01;1;0
5;2025-12-01;2;0
5;2025-12-01;3;0
5;2025-12-01;4;0
5;2025-12-01;5;10
5;2025-12-01;6;46
5;2025-12-01;7;104
5;2025-12-01;8;144
5;2025-12-01;9;107
5;2025-12-01;10;86
5;2025-12-01;11;83
5;2025-12-01;12;85
5;2025-12-01;13;87
5;2025-12-01;14;86
5;2025-12-01;15;93
5;2025-12-01;16;105
5;2025-12-01;17;127
5;2025-12-01;18;135
5;2025-12-01;19;100
5;2025-12-01;20;65
5;2025-12-01;21;39
5;2025-12-01;22;20
5;2025-12-01;23;9
5;2025-12-02;0;3
5;2025-12-02;1;0
5;2025-12-02;2;0
5;2025-12-02;3;0
5;2025-12-02;4;0
5;2025-12-02;5;10
5;2025-12-02;6;47
5;2025-12-02;7;107
5;2025-12-02;8;148
5;2025-12-02;9;110
5;2025-12-02;10;89
5;2025-12-02;11;86
5;2025-12-02;12;87
5;2025-12-02;13;89
5;2025-12-02;14;88
5;2025-12-02;15;95
5;2025-12-02;16;107
5;2025-12-02;17;129
5;2025-12-02;18;138
5;2025-12-02;19;101
5;2025-12-02;20;67
5;2025-12-02;21;41
5;2025-12-02;22;21
5;2025-12-02;23;9
5;2025-12-03;0;3
5;2025-12-03;1;0
5;2025-12-03;2;0
5;2025-12-03;3;0
5;2025-12-03;4;0
5;2025-12-03;5;10
5;2025-12-03;6;47
5;2025-12-03;7;106
5;2025-12-03;8;147
5;2025-12-03;9;109
5;2025-12-03;10;88
5;2025-12-03;11;85
5;2025-12-03;12;87
5;2025-12-03;13;89
5;2025-12-03;14;89
5;2025-12-03;15;95
5;2025-12-03;16;107
5;2025-12-03;17;128
5;2025-12-03;18;137
5;2025-12-03;19;101
5;2025-12-03;20;67
5;2025-12-03;21;41
5;2025-12-03;22;21
5;2025-12-03;23;10
5;2025-12-04;0;3
5;2025-12-04;1;0
5;2025-12-04;2;0
5;2025-12-04;3;0
5;2025-12-04;4;0
5;2025-12-04;5;10
5;2025-12-04;6;47
5;2025-12-04;7;106
5;2025-12-04;8;147
5;2025-12-04;9;110
5;2025-12-04;10;89
5;2025-12-04;11;86
5;2025-12-04;12;88
5;2025-12-04;13;90
5;2025-12-04;14;89
5;2025-12-04;15;96
5;2025-12-04;16;108
5;2025-12-04;17;130
5;2025-12-04;18;138
5;2025-12-04;19;101
5;2025-12-04;20;67
5;2025-12-04;21;42
5;2025-12-04;22;21
5;2025-12-04;23;10
5;2025-12-05;0;3
5;2025-12-05;1;0
5;2025-12-05;2;0
5;2025-12-05;3;0
5;2025-12-05;4;0
5;2025-12-05;5;10
5;2025-12-05;6;46
5;2025-12-05;7;105
5;2025-12-05;8;144
5;2025-12-05;9;108
5;2025-12-05;10;87
5;2025-12-05;11;86
5;2025-12-05;12;87
5;2025-12-05;13;91
5;2025-12-05;14;91
5;2025-12-05;15;98
5;2025-12-05;16;112
5;2025-12-05;17;127
5;2025-12-05;18;124
5;2025-12-05;19;94
5;2025-12-05;20;64
5;2025-12-05;21;41
5;2025-12-05;22;22
5;2025-12-05;23;11
5;2025-12-06;0;4
5;2025-12-06;1;0
5;2025-12-06;2;0
5;2025-12-06;3;0
5;2025-12-06;4;0
5;2025-12-06;5;5
5;2025-12-06;6;20
5;2025-12-06;7;31
5;2025-12-06;8;41
5;2025-12-06;9;49
5;2025-12-06;10;57
5;2025-12-06;11;65
5;2025-12-06;12;70
5;2025-12-06;13;73
5;2025-12-06;14;73
5;2025-12-06;15;72
5;2025-12-06;16;71
5;2025-12-06;17;69
5;2025-12-06;18;65
5;2025-12-06;19;57
5;2025-12-06;20;44
5;2025-12-06;21;32
5;2025-12-06;22;19
5;2025-12-06;23;11
5;2025-12-07;0;4
5;2025-12-07;1;0
5;2025-12-07;2;0
5;2025-12-07;3;0
5;2025-12-07;4;0
5;2025-12-07;5;4
5;2025-12-07;6;15
5;2025-12-07;7;23
5;2025-12-07;8;31
5;2025-12-07;9;40
5;2025-12-07;10;48
5;2025-12-07;11;56
5;2025-12-07;12;61
5;2025-12-07;13;66
5;2025-12-07;14;66
5;2025-12-07;15;65
5;2025-12-07;16;64
5;2025-12-07;17;63
5;2025-12-07;18;58
5;2025-12-07;19;50
5;2025-12-07;20;38
5;2025-12-07;21;29
5;2025-12-07;22;17
5;2025-12-07;23;9
5;2025-12-08;0;3
5;2025-12-08;1;0
5;2025-12-08;2;0
5;2025-12-08;3;0
5;2025-12-08;4;0
5;2025-12-08;5;10
5;2025-12-08;6;46
5;2025-12-08;7;104
5;2025-12-08;8;144
5;2025-12-08;9;107
5;2025-12-08;10;86
5;2025-12-08;11;83
5;2025-12-08;12;85
5;2025-12-08;13;87
5;2025-12-08;14;86
5;2025-12-08;15;93
5;2025-12-08;16;105
5;2025-12-08;17;127
5;2025-12-08;18;135
5;2025-12-08;19;100
5;2025-12-08;20;65
5;2025-12-08;21;39
5;2025-12-08;22;20
5;2025-12-08;23;9
5;2025-12-09;0;3
5;2025-12-09;1;0
5;2025-12-09;2;0
5;2025-12-09;3;0
5;2025-12-09;4;0
5;2025-12-09;5;10
5;2025-12-09;6;47
5;2025-12-09;7;107
5;2025-12-09;8;148
5;2025-12-09;9;110
5;2025-12-09;10;89
5;2025-12-09;11;86
5;2025-12-09;12;87
5;2025-12-09;13;89
5;2025-12-09;14;88
5;2025-12-09;15;95
5;2025-12-09;16;107
5;2025-12-09;17;129
5;2025-12-09;18;138
5;2025-12-09;19;101
5;2025-12-09;20;67
5;2025-12-09;21;41
5;2025-12-09;22;21
5;2025-12-09;23;9
5;2025-12-10;0;3
5;2025-12-10;1;0
5;2025-12-10;2;0
5;2025-12-10;3;0
5;2025-12-10;4;0
5;2025-12-10;5;10
5;2025-12-10;6;47
5;2025-12-10;7;106
5;2025-12-10;8;147
5;2025-12-10;9;109
5;2025-12-10;10;88
5;2025-12-10;11;85
5;2025-12-10;12;87
5;2025-12-10;13;89
5;2025-12-10;14;89
5;2025-12-10;15;95
5;2025-12-10;16;107
5;2025-12-10;17;128
5;2025-12-10;18;137
5;2025-12-10;19;101
5;2025-12-10;20;67
5;2025-12-10;21;41
5;2025-12-10;22;21
5;2025-12-10;23;10
5;2025-12-11;0;3
5;2025-12-11;1;0
5;2025-12-11;2;0
5;2025-12-11;3;0
5;2025-12-11;4;0
5;2025-12-11;5;10
5;2025-12-11;6;47
5;2025-12-11;7;106
5;2025-12-11;8;147
5;2025-12-11;9;110
5;2025-12-11;10;89
5;2025-12-11;11;86
5;2025-12-11;12;88
5;2025-12-11;13;90
5;2025-12-11;14;89
5;2025-12-11;15;96
5;2025-12-11;16;108
5;2025-12-11;17;130
5;2025-12-11;18;138
5;2025-12-11;19;101
5;2025-12-11;20;67
5;2025-12-11;21;42
5;2025-12-11;22;21
5;2025-12-11;23;10
5;2025-12-12;0;3
5;2025-12-12;1;0
5;2025-12-12;2;0
5;2025-12-12;3;0
5;2025-12-12;4;0
5;2025-12-12;5;10
5;2025-12-12;6;46
5;2025-12-12;7;105
5;2025-12-12;8;144
5;2025-12-12;9;108
5;2025-12-12;10;87
5;2025-12-12;11;86
5;2025-12-12;12;87
5;2025-12-12;13;91
5;2025-12-12;14;91
5;2025-12-12;15;98
5;2025-12-12;16;112
5;2025-12-12;17;127
5;2025-12-12;18;124
5;2025-12-12;19;94
5;2025-12-12;20;64
5;2025-12-12;21;41
5;2025-12-12;22;22
5;2025-12-12;23;11
5;2025-12-13;0;4
5;2025-12-13;1;0
5;2025-12-13;2;0
5;2025-12-13;3;0
5;2025-12-13;4;0
5;2025-12-13;5;5
5;2025-12-13;6;20
5;2025-12-13;7;31
5;2025-12-13;8;41
5;2025-12-13;9;49
5;2025-12-13;10;57
5;2025-12-13;11;65
5;2025-12-13;12;70
5;2025-12-13;13;73
5;2025-12-13;14;73
5;2025-12-13;15;72
5;2025-12-13;16;71
5;2025-12-13;17;69
5;2025-12-13;18;65
5;2025-12-13;19;57
5;2025-12-13;20;44
5;2025-12-13;21;32
5;2025-12-13;22;19
5;2025-12-13;23;11
5;2025-12-14;0;4
5;2025-12-14;1;0
5;2025-12-14;2;0
5;2025-12-14;3;0
5;2025-12-14;4;0
5;2025-12-14;5;4
5;2025-12-14;6;15
5;2025-12-14;7;23
5;2025-12-14;8;31
5;2025-12-14;9;40
5;2025-12-14;10;48
5;2025-12-14;11;56
5;2025-12-14;12;61
5;2025-12-14;13;66
5;2025-12-14;14;66
5;2025-12-14;15;65
5;2025-12-14;16;64
5;2025-12-14;17;63
5;2025-12-14;18;58
5;2025-12-14;19;50
5;2025-12-14;20;38
5;2025-12-14;21;29
5;2025-12-14;22;17
5;2025-12-14;23;9
5;2025-12-15;0;3
5;2025-12-15;1;0
5;2025-12-15;2;0
5;2025-12-15;3;0
5;2025-12-15;4;0
5;2025-12-15;5;10
5;2025-12-15;6;46
5;2025-12-15;7;104
5;2025-12-15;8;144
5;2025-12-15;9;107
5;2025-12-15;10;86
5;2025-12-15;11;83
5;2025-12-15;12;85
5;2025-12-15;13;87
5;2025-12-15;14;86
5;2025-12-15;15;93
5;2025-12-15;16;105
5;2025-12-15;17;127
5;2025-12-15;18;135
5;2025-12-15;19;100
5;2025-12-15;20;65
5;2025-12-15;21;39
5;2025-12-15;22;20
5;2025-12-15;23;9
5;2025-12-16;0;3
5;2025-12-16;1;0
5;2025-12-16;2;0
5;2025-12-16;3;0
5;2025-12-16;4;0
5;2025-12-16;5;10
5;2025-12-16;6;47
5;2025-12-16;7;107
5;2025-12-16;8;148
5;2025-12-16;9;110
5;2025-12-16;10;89
5;2025-12-16;11;86
5;2025-12-16;12;87
5;2025-12-16;13;89
5;2025-12-16;14;88
5;2025-12-16;15;95
5;2025-12-16;16;107
5;2025-12-16;17;129
5;2025-12-16;18;138
5;2025-12-16;19;101
5;2025-12-16;20;67
5;2025-12-16;21;41
5;2025-12-16;22;21
5;2025-12-16;23;9
5;2025-12-17;0;3
5;2025-12-17;1;0
5;2025-12-17;2;0
5;2025-12-17;3;0
5;2025-12-17;4;0
5;2025-12-17;5;10
5;2025-12-17;6;47
5;2025-12-17;7;106
5;2025-12-17;8;147
5;2025-12-17;9;109
5;2025-12-17;10;88
5;2025-12-17;11;85
5;2025-12-17;12;87
5;2025-12-17;13;89
5;2025-12-17;14;89
5;2025-12-17;15;95
5;2025-12-17;16;107
5;2025-12-17;17;128
5;2025-12-17;18;137
5;2025-12-17;19;101
5;2025-12-17;20;67
5;2025-12-17;21;41
5;2025-12-17;22;21
5;2025-12-17;23;10
5;2025-12-18;0;3
5;2025-12-18;1;0
5;2025-12-18;2;0
5;2025-12-18;3;0
5;2025-12-18;4;0
5;2025-12-18;5;10
5;2025-12-18;6;47
5;2025-12-18;7;106
5;2025-12-18;8;147
5;2025-12-18;9;110
5;2025-12-18;10;89
5;2025-12-18;11;86
5;2025-12-18;12;88
5;2025-12-18;13;90
5;2025-12-18;14;89
5;2025-12-18;15;96
5;2025-12-18;16;108
5;2025-12-18;17;130
5;2025-12-18;18;138
5;2025-12-18;19;101
5;2025-12-18;20;67
5;2025-12-18;21;42
5;2025-12-18;22;21
5;2025-12-18;23;10
5;2025-12-19;0;3
5;2025-12-19;1;0
5;2025-12-19;2;0
5;2025-12-19;3;0
5;2025-12-19;4;0
5;2025-12-19;5;10
5;2025-12-19;6;46
5;2025-12-19;7;105
5;2025-12-19;8;144
5;2025-12-19;9;108
5;2025-12-19;10;87
5;2025-12-19;11;86
5;2025-12-19;12;87
5;2025-12-19;13;91
5;2025-12-19;14;91
5;2025-12-19;15;98
5;2025-12-19;16;112
5;2025-12-19;17;127
5;2025-12-19;18;124
5;2025-12-19;19;94
5;2025-12-19;20;64
5;2025-12-19;21;41
5;2025-12-19;22;22
5;2025-12-19;23;11
5;2025-12-20;0;4
5;2025-12-20;1;0
5;2025-12-20;2;0
5;2025-12-20;3;0
5;2025-12-20;4;0
5;2025-12-20;5;5
5;2025-12-20;6;20
5;2025-12-20;7;31
5;2025-12-20;8;41
5;2025-12-20;9;49
5;2025-12-20;10;57
5;2025-12-20;11;65
5;2025-12-20;12;70
5;2025-12-20;13;73
5;2025-12-20;14;73
5;2025-12-20;15;72
5;2025-12-20;16;71
5;2025-12-20;17;69
5;2025-12-20;18;65
5;2025-12-20;19;57
5;2025-12-20;20;44
5;2025-12-20;21;32
5;2025-12-20;22;19
5;2025-12-20;23;11
5;2025-12-21;0;4
5;2025-12-21;1;0
5;2025-12-21;2;0
5;2025-12-21;3;0
5;2025-12-21;4;0
5;2025-12-21;5;4
5;2025-12-21;6;15
5;2025-12-21;7;23
5;2025-12-21;8;31
5;2025-12-21;9;40
5;2025-12-21;10;48
5;2025-12-21;11;56
5;2025-12-21;12;61
5;2025-12-21;13;66
5;2025-12-21;14;66
5;2025-12-21;15;65
5;2025-12-21;16;64
5;2025-12-21;17;63
5;2025-12-21;18;58
5;2025-12-21;19;50
5;2025-12-21;20;38
5;2025-12-21;21;29
5;2025-12-21;22;17
5;2025-12-21;23;9
5;2025-12-22;0;3
5;2025-12-22;1;0
5;2025-12-22;2;0
5;2025-12-22;3;0
5;2025-12-22;4;0
5;2025-12-22;5;10
5;2025-12-22;6;46
5;2025-12-22;7;104
5;2025-12-22;8;144
5;2025-12-22;9;107
5;2025-12-22;10;86
5;2025-12-22;11;83
5;2025-12-22;12;85
5;2025-12-22;13;87
5;2025-12-22;14;86
5;2025-12-22;15;93
5;2025-12-22;16;105
5;2025-12-22;17;127
5;2025-12-22;18;135
5;2025-12-22;19;100
5;2025-12-22;20;65
5;2025-12-22;21;39
5;2025-12-22;22;20
5;2025-12-22;23;9
5;2025-12-23;0;3
5;2025-12-23;1;0
5;2025-12-23;2;0
5;2025-12-23;3;0
5;2025-12-23;4;0
5;2025-12-23;5;10
5;2025-12-23;6;47
5;2025-12-23;7;107
5;2025-12-23;8;148
5;2025-12-23;9;110
5;2025-12-23;10;89
5;2025-12-23;11;86
5;2025-12-23;12;87
5;2025-12-23;13;89
5;2025-12-23;14;88
5;2025-12-23;15;95
5;2025-12-23;16;107
5;2025-12-23;17;129
5;2025-12-23;18;138
5;2025-12-23;19;101
5;2025-12-23;20;67
5;2025-12-23;21;41
5;2025-12-23;22;21
5;2025-12-23;23;9
5;2025-12-24;0;3
5;2025-12-24;1;0
5;2025-12-24;2;0
5;2025-12-24;3;0
5;2025-12-24;4;0
5;2025-12-24;5;10
5;2025-12-24;6;47
5;2025-12-24;7;106
5;2025-12-24;8;147
5;2025-12-24;9;109
5;2025-12-24;10;88
5;2025-12-24;11;85
5;2025-12-24;12;87
5;2025-12-24;13;89
5;2025-12-24;14;89
5;2025-12-24;15;95
5;2025-12-24;16;107
5;2025-12-24;17;128
5;2025-12-24;18;137
5;2025-12-24;19;101
5;2025-12-24;20;67
5;2025-12-24;21;41
5;2025-12-24;22;21
5;2025-12-24;23;10
5;2025-12-25;0;3
5;2025-12-25;1;0
5;2025-12-25;2;0
5;2025-12-25;3;0
5;2025-12-25;4;0
5;2025-12-25;5;10
5;2025-12-25;6;47
5;2025-12-25;7;106
5;2025-12-25;8;147
5;2025-12-25;9;110
5;2025-12-25;10;89
5;2025-12-25;11;86
5;2025-12-25;12;88
5;2025-12-25;13;90
5;2025-12-25;14;89
5;2025-12-25;15;96
5;2025-12-25;16;108
5;2025-12-25;17;130
5;2025-12-25;18;138
5;2025-12-25;19;101
5;2025-12-25;20;67
5;2025-12-25;21;42
5;2025-12-25;22;21
5;2025-12-25;23;10
5;2025-12-26;0;3
5;2025-12-26;1;0
5;2025-12-26;2;0
5;2025-12-26;3;0
5;2025-12-26;4;0
5;2025-12-26;5;10
5;2025-12-26;6;46
5;2025-12-26;7;105
5;2025-12-26;8;144
5;2025-12-26;9;108
5;2025-12-26;10;87
5;2025-12-26;11;86
5;2025-12-26;12;87
5;2025-12-26;13;91
5;2025-12-26;14;91
5;2025-12-26;15;98
5;2025-12-26;16;112
5;2025-12-26;17;127
5;2025-12-26;18;124
5;2025-12-26;19;94
5;2025-12-26;20;64
5;2025-12-26;21;41
5;2025-12-26;22;22
5;2025-12-26;23;11
5;2025-12-27;0;4
5;2025-12-27;1;0
5;2025-12-27;2;0
5;2025-12-27;3;0
5;2025-12-27;4;0
5;2025-12-27;5;5
5;2025-12-27;6;20
5;2025-12-27;7;31
5;2025-12-27;8;41
5;2025-12-27;9;49
5;2025-12-27;10;57
5;2025-12-27;11;65
5;2025-12-27;12;70
5;2025-12-27;13;73
5;2025-12-27;14;73
5;2025-12-27;15;72
5;2025-12-27;16;71
5;2025-12-27;17;69
5;2025-12-27;18;65
5;2025-12-27;19;57
5;2025-12-27;20;44
5;2025-12-27;21;32
5;2025-12-27;22;19
5;2025-12-27;23;11
5;2025-12-28;0;4
5;2025-12-28;1;0
5;2025-12-28;2;0
5;2025-12-28;3;0
5;2025-12-28;4;0
5;2025-12-28;5;4
5;2025-12-28;6;15
5;2025-12-28;7;23
5;2025-12-28;8;31
5;2025-12-28;9;40
5;2025-12-28;10;48
5;2025-12-28;11;56
5;2025-12-28;12;61
5;2025-12-28;13;66
5;2025-12-28;14;66
5;2025-12-28;15;65
5;2025-12-28;16;64
5;2025-12-28;17;63
5;2025-12-28;18;58
5;2025-12-28;19;50
5;2025-12-28;20;38
5;2025-12-28;21;29
5;2025-12-28;22;17
5;2025-12-28;23;9
5;2025-12-29;0;2
5;2025-12-29;1;0
5;2025-12-29;2;0
5;2025-12-29;3;0
5;2025-12-29;4;0
5;2025-12-29;5;9
5;2025-12-29;6;43
5;2025-12-29;7;99
5;2025-12-29;8;136
5;2025-12-29;9;102
5;2025-12-29;10;81
5;2025-12-29;11;79
5;2025-12-29;12;80
5;2025-12-29;13;82
5;2025-12-29;14;82
5;2025-12-29;15;88
5;2025-12-29;16;100
5;2025-12-29;17;120
5;2025-12-29;18;128
5;2025-12-29;19;95
5;2025-12-29;20;62
5;2025-12-29;21;37
5;2025-12-29;22;19
5;2025-12-29;23;8
5;2025-12-30;0;2
5;2025-12-30;1;0
5;2025-12-30;2;0
5;2025-12-30;3;0
5;2025-12-30;4;0
5;2025-12-30;5;10
5;2025-12-30;6;44
5;2025-12-30;7;99
5;2025-12-30;8;136
5;2025-12-30;9;102
5;2025-12-30;10;82
5;2025-12-30;11;79
5;2025-12-30;12;80
5;2025-12-30;13;82
5;2025-12-30;14;81
5;2025-12-30;15;87
5;2025-12-30;16;98
5;2025-12-30;17;118
5;2025-12-30;18;127
5;2025-12-30;19;93
5;2025-12-30;20;62
5;2025-12-30;21;38
5;2025-12-30;22;19
5;2025-12-30;23;9
5;2025-12-31;0;3
5;2025-12-31;1;0
5;2025-12-31;2;0
5;2025-12-31;3;0
5;2025-12-31;4;0
5;2025-12-31;5;4
5;2025-12-31;6;16
5;2025-12-31;7;26
5;2025-12-31;8;35
5;2025-12-31;9;40
5;2025-12-31;10;44
5;2025-12-31;11;50
5;2025-12-31;12;51
5;2025-12-31;13;53
5;2025-12-31;14;54
5;2025-12-31;15;54
5;2025-12-31;16;55
5;2025-12-31;17;54
5;2025-12-31;18;41
5;2025-12-31;19;36
5;2025-12-31;20;28
5;2025-12-31;21;20
5;2025-12-31;22;12
5;2025-12-31;23;8
7;2025-11-01;0;130
7;2025-11-01;1;40
7;2025-11-01;2;0
7;2025-11-01;3;0
7;2025-11-01;4;6
7;2025-11-01;5;238
7;2025-11-01;6;870
7;2025-11-01;7;1645
7;2025-11-01;8;2221
7;2025-11-01;9;1892
7;2025-11-01;10;1759
7;2025-11-01;11;1752
7;2025-11-01;12;1796
7;2025-11-01;13;1916
7;2025-11-01;14;1892
7;2025-11-01;15;2006
7;2025-11-01;16;2133
7;2025-11-01;17;2383
7;2025-11-01;18;2501
7;2025-11-01;19;1843
7;2025-11-01;20;1385
7;2025-11-01;21;965
7;2025-11-01;22;596
7;2025-11-01;23;389
7;2025-11-02;0;96
7;2025-11-02;1;20
7;2025-11-02;2;0
7;2025-11-02;3;0
7;2025-11-02;4;1
7;2025-11-02;5;34
7;2025-11-02;6;178
7;2025-11-02;7;297
7;2025-11-02;8;477
7;2025-11-02;9;560
7;2025-11-02;10;628
7;2025-11-02;11;760
7;2025-11-02;12;820
7;2025-11-02;13;891
7;2025-11-02;14;918
7;2025-11-02;15;890
7;2025-11-02;16;847
7;2025-11-02;17;841
7;2025-11-02;18;786
7;2025-11-02;19;697
7;2025-11-02;20;543
7;2025-11-02;21;426
7;2025-11-02;22;239
7;2025-11-02;23;139
7;2025-11-03;0;88
7;2025-11-03;1;19
7;2025-11-03;2;1
7;2025-11-03;3;1
7;2025-11-03;4;1
7;2025-11-03;5;80
7;2025-11-03;6;274
7;2025-11-03;7;430
7;2025-11-03;8;607
7;2025-11-03;9;680
7;2025-11-03;10;729
7;2025-11-03;11;820
7;2025-11-03;12;902
7;2025-11-03;13;932
7;2025-11-03;14;940
7;2025-11-03;15;930
7;2025-11-03;16;897
7;2025-11-03;17;930
7;2025-11-03;18;875
7;2025-11-03;19;789
7;2025-11-03;20;586
7;2025-11-03;21;447
7;2025-11-03;22;262
7;2025-11-03;23;160
7;2025-11-04;0;90
7;2025-11-04;1;36
7;2025-11-04;2;2
7;2025-11-04;3;2
7;2025-11-04;4;1
7;2025-11-04;5;35
7;2025-11-04;6;198
7;2025-11-04;7;301
7;2025-11-04;8;526
7;2025-11-04;9;556
7;2025-11-04;10;604
7;2025-11-04;11;741
7;2025-11-04;12;859
7;2025-11-04;13;957
7;2025-11-04;14;931
7;2025-11-04;15;888
7;2025-11-04;16;868
7;2025-11-04;17;849
7;2025-11-04;18;813
7;2025-11-04;19;738
7;2025-11-04;20;524
7;2025-11-04;21;457
7;2025-11-04;22;277
7;2025-11-04;23;143
7;2025-11-05;0;60
7;2025-11-05;1;11
7;2025-11-05;2;0
7;2025-11-05;3;0
7;2025-11-05;4;3
7;2025-11-05;5;195
7;2025-11-05;6;696
7;2025-11-05;7;1592
7;2025-11-05;8;2396
7;2025-11-05;9;1805
7;2025-11-05;10;1550
7;2025-11-05;11;1426
7;2025-11-05;12;1480
7;2025-11-05;13;1498
7;2025-11-05;14;1536
7;2025-11-05;15;1660
7;2025-11-05;16;1773
7;2025-11-05;17;2223
7;2025-11-05;18;2392
7;2025-11-05;19;1670
7;2025-11-05;20;1079
7;2025-11-05;21;644
7;2025-11-05;22;341
7;2025-11-05;23;201
7;2025-11-06;0;62
7;2025-11-06;1;12
7;2025-11-06;2;0
7;2025-11-06;3;0
7;2025-11-06;4;2
7;2025-11-06;5;192
7;2025-11-06;6;689
7;2025-11-06;7;1595
7;2025-11-06;8;2363
7;2025-11-06;9;1773
7;2025-11-06;10;1512
7;2025-11-06;11;1405
7;2025-11-06;12;1463
7;2025-11-06;13;1496
7;2025-11-06;14;1552
7;2025-11-06;15;1631
7;2025-11-06;16;1771
7;2025-11-06;17;2187
7;2025-11-06;18;2417
7;2025-11-06;19;1657
7;2025-11-06;20;1068
7;2025-11-06;21;641
7;2025-11-06;22;325
7;2025-11-06;23;193
7;2025-11-07;0;63
7;2025-11-07;1;12
7;2025-11-07;2;0
7;2025-11-07;3;0
7;2025-11-07;4;2
7;2025-11-07;5;187
7;2025-11-07;6;645
7;2025-11-07;7;1549
7;2025-11-07;8;2304
7;2025-11-07;9;1734
7;2025-11-07;10;1486
7;2025-11-07;11;1412
7;2025-11-07;12;1490
7;2025-11-07;13;1552
7;2025-11-07;14;1582
7;2025-11-07;15;1690
7;2025-11-07;16;1848
7;2025-11-07;17;2124
7;2025-11-07;18;2116
7;2025-11-07;19;1501
7;2025-11-07;20;1008
7;2025-11-07;21;615
7;2025-11-07;22;328
7;2025-11-07;23;204
7;2025-11-08;0;93
7;2025-11-08;1;21
7;2025-11-08;2;0
7;2025-11-08;3;0
7;2025-11-08;4;1
7;2025-11-08;5;51
7;2025-11-08;6;248
7;2025-11-08;7;413
7;2025-11-08;8;628
7;2025-11-08;9;703
7;2025-11-08;10;786
7;2025-11-08;11;918
7;2025-11-08;12;993
7;2025-11-08;13;1032
7;2025-11-08;14;1037
7;2025-11-08;15;1042
7;2025-11-08;16;962
7;2025-11-08;17;934
7;2025-11-08;18;916
7;2025-11-08;19;851
7;2025-11-08;20;634
7;2025-11-08;21;494
7;2025-11-08;22;269
7;2025-11-08;23;166
7;2025-11-09;0;96
7;2025-11-09;1;20
7;2025-11-09;2;0
7;2025-11-09;3;0
7;2025-11-09;4;1
7;2025-11-09;5;34
7;2025-11-09;6;178
7;2025-11-09;7;297
7;2025-11-09;8;477
7;2025-11-09;9;560
7;2025-11-09;10;628
7;2025-11-09;11;760
7;2025-11-09;12;820
7;2025-11-09;13;891
7;2025-11-09;14;918
7;2025-11-09;15;890
7;2025-11-09;16;847
7;2025-11-09;17;841
7;2025-11-09;18;786
7;2025-11-09;19;697
7;2025-11-09;20;543
7;2025-11-09;21;426
7;2025-11-09;22;239
7;2025-11-09;23;139
7;2025-11-10;0;63
7;2025-11-10;1;12
7;2025-11-10;2;0
7;2025-11-10;3;0
7;2025-11-10;4;1
7;2025-11-10;5;184
7;2025-11-10;6;665
7;2025-11-10;7;1544
7;2025-11-10;8;2282
7;2025-11-10;9;1729
7;2025-11-10;10;1456
7;2025-11-10;11;1335
7;2025-11-10;12;1428
7;2025-11-10;13;1436
7;2025-11-10;14;1470
7;2025-11-10;15;1576
7;2025-11-10;16;1715
7;2025-11-10;17;2128
7;2025-11-10;18;2317
7;2025-11-10;19;1628
7;2025-11-10;20;1033
7;2025-11-10;21;600
7;2025-11-10;22;305
7;2025-11-10;23;174
7;2025-11-11;0;57
7;2025-11-11;1;11
7;2025-11-11;2;0
7;2025-11-11;3;0
7;2025-11-11;4;2
7;2025-11-11;5;193
7;2025-11-11;6;686
7;2025-11-11;7;1598
7;2025-11-11;8;2352
7;2025-11-11;9;1762
7;2025-11-11;10;1512
7;2025-11-11;11;1422
7;2025-11-11;12;1477
7;2025-11-11;13;1497
7;2025-11-11;14;1515
7;2025-11-11;15;1636
7;2025-11-11;16;1759
7;2025-11-11;17;2151
7;2025-11-11;18;2383
7;2025-11-11;19;1698
7;2025-11-11;20;1076
7;2025-11-11;21;643
7;2025-11-11;22;330
7;2025-11-11;23;190
7;2025-11-12;0;60
7;2025-11-12;1;11
7;2025-11-12;2;0
7;2025-11-12;3;0
7;2025-11-12;4;3
7;2025-11-12;5;195
7;2025-11-12;6;696
7;2025-11-12;7;1592
7;2025-11-12;8;2396
7;2025-11-12;9;1805
7;2025-11-12;10;1550
7;2025-11-12;11;1426
7;2025-11-12;12;1480
7;2025-11-12;13;1498
7;2025-11-12;14;1536
7;2025-11-12;15;1660
7;2025-11-12;16;1773
7;2025-11-12;17;2223
7;2025-11-12;18;2392
7;2025-11-12;19;1670
7;2025-11-12;20;1079
7;2025-11-12;21;644
7;2025-11-12;22;341
7;2025-11-12;23;201
7;2025-11-13;0;62
7;2025-11-13;1;12
7;2025-11-13;2;0
7;2025-11-13;3;0
7;2025-11-13;4;2
7;2025-11-13;5;192
7;2025-11-13;6;689
7;2025-11-13;7;1595
7;2025-11-13;8;2363
7;2025-11-13;9;1773
7;2025-11-13;10;1512
7;2025-11-13;11;1405
7;2025-11-13;12;1463
7;2025-11-13;13;1496
7;2025-11-13;14;1552
7;2025-11-13;15;1631
7;2025-11-13;16;1771
7;2025-11-13;17;2187
7;2025-11-13;18;2417
7;2025-11-13;19;1657
7;2025-11-13;20;1068
7;2025-11-13;21;641
7;2025-11-13;22;325
7;2025-11-13;23;193
7;2025-11-14;0;63
7;2025-11-14;1;12
7;2025-11-14;2;0
7;2025-11-14;3;0
7;2025-11-14;4;2
7;2025-11-14;5;187
7;2025-11-14;6;645
7;2025-11-14;7;1549
7;2025-11-14;8;2304
7;2025-11-14;9;1734
7;2025-11-14;10;1486
7;2025-11-14;11;1412
7;2025-11-14;12;1490
7;2025-11-14;13;1552
7;2025-11-14;14;1582
7;2025-11-14;15;1690
7;2025-11-14;16;1848
7;2025-11-14;17;2124
7;2025-11-14;18;2116
7;2025-11-14;19;1501
7;2025-11-14;20;1008
7;2025-11-14;21;615
7;2025-11-14;22;328
7;2025-11-14;23;204
7;2025-11-15;0;93
7;2025-11-15;1;21
7;2025-11-15;2;0
7;2025-11-15;3;0
7;2025-11-15;4;1
7;2025-11-15;5;51
7;2025-11-15;6;248
7;2025-11-15;7;413
7;2025-11-15;8;628
7;2025-11-15;9;703
7;2025-11-15;10;786
7;2025-11-15;11;918
7;2025-11-15;12;993
7;2025-11-15;13;1032
7;2025-11-15;14;1037
7;2025-11-15;15;1042
7;2025-11-15;16;962
7;2025-11-15;17;934
7;2025-11-15;18;916
7;2025-11-15;19;851
7;2025-11-15;20;634
7;2025-11-15;21;494
7;2025-11-15;22;269
7;2025-11-15;23;166
7;2025-11-16;0;96
7;2025-11-16;1;20
7;2025-11-16;2;0
7;2025-11-16;3;0
7;2025-11-16;4;1
7;2025-11-16;5;34
7;2025-11-16;6;178
7;2025-11-16;7;297
7;2025-11-16;8;477
7;2025-11-16;9;560
7;2025-11-16;10;628
7;2025-11-16;11;760
7;2025-11-16;12;820
7;2025-11-16;13;891
7;2025-11-16;14;918
7;2025-11-16;15;890
7;2025-11-16;16;847
7;2025-11-16;17;841
7;2025-11-16;18;786
7;2025-11-16;19;697
7;2025-11-16;20;543
7;2025-11-16;21;426
7;2025-11-16;22;239
7;2025-11-16;23;139
7;2025-11-17;0;63
7;2025-11-17;1;12
7;2025-11-17;2;0
7;2025-11-17;3;0
7;2025-11-17;4;1
7;2025-11-17;5;184
7;2025-11-17;6;665
7;2025-11-17;7;1544
7;2025-11-17;8;2282
7;2025-11-17;9;1729
7;2025-11-17;10;1456
7;2025-11-17;11;1335
7;2025-11-17;12;1428
7;2025-11-17;13;1436
7;2025-11-17;14;1470
7;2025-11-17;15;1576
7;2025-11-17;16;1715
7;2025-11-17;17;2128
7;2025-11-17;18;2317
7;2025-11-17;19;1628
7;2025-11-17;20;1033
7;2025-11-17;21;600
7;2025-11-17;22;305
7;2025-11-17;23;174
7;2025-11-18;0;57
7;2025-11-18;1;11
7;2025-11-18;2;0
7;2025-11-18;3;0
7;2025-11-18;4;2
7;2025-11-18;5;193
7;2025-11-18;6;686
7;2025-11-18;7;1598
7;2025-11-18;8;2352
7;2025-11-18;9;1762
7;2025-11-18;10;1512
7;2025-11-18;11;1422
7;2025-11-18;12;1477
7;2025-11-18;13;1497
7;2025-11-18;14;1515
7;2025-11-18;15;1636
7;2025-11-18;16;1759
7;2025-11-18;17;2151
7;2025-11-18;18;2383
7;2025-11-18;19;1698
7;2025-11-18;20;1076
7;2025-11-18;21;643
7;2025-11-18;22;330
7;2025-11-18;23;190
7;2025-11-19;0;60
7;2025-11-19;1;11
7;2025-11-19;2;0
7;2025-11-19;3;0
7;2025-11-19;4;3
7;2025-11-19;5;195
7;2025-11-19;6;696
7;2025-11-19;7;1592
7;2025-11-19;8;2396
7;2025-11-19;9;1805
7;2025-11-19;10;1550
7;2025-11-19;11;1426
7;2025-11-19;12;1480
7;2025-11-19;13;1498
7;2025-11-19;14;1536
7;2025-11-19;15;1660
7;2025-11-19;16;1773
7;2025-11-19;17;2223
7;2025-11-19;18;2392
7;2025-11-19;19;1670
7;2025-11-19;20;1079
7;2025-11-19;21;644
7;2025-11-19;22;341
7;2025-11-19;23;201
7;2025-11-20;0;62
7;2025-11-20;1;12
7;2025-11-20;2;0
7;2025-11-20;3;0
7;2025-11-20;4;2
7;2025-11-20;5;192
7;2025-11-20;6;689
7;2025-11-20;7;1595
7;2025-11-20;8;2363
7;2025-11-20;9;1773
7;2025-11-20;10;1512
7;2025-11-20;11;1405
7;2025-11-20;12;1463
7;2025-11-20;13;1496
7;2025-11-20;14;1552
7;2025-11-20;15;1631
7;2025-11-20;16;1771
7;2025-11-20;17;2187
7;2025-11-20;18;2417
7;2025-11-20;19;1657
7;2025-11-20;20;1068
7;2025-11-20;21;641
7;2025-11-20;22;325
7;2025-11-20;23;193
7;2025-11-21;0;63
7;2025-11-21;1;12
7;2025-11-21;2;0
7;2025-11-21;3;0
7;2025-11-21;4;2
7;2025-11-21;5;187
7;2025-11-21;6;645
7;2025-11-21;7;1549
7;2025-11-21;8;2304
7;2025-11-21;9;1734
7;2025-11-21;10;1486
7;2025-11-21;11;1412
7;2025-11-21;12;1490
7;2025-11-21;13;1552
7;2025-11-21;14;1582
7;2025-11-21;15;1690
7;2025-11-21;16;1848
7;2025-11-21;17;2124
7;2025-11-21;18;2116
7;2025-11-21;19;1501
7;2025-11-21;20;1008
7;2025-11-21;21;615
7;2025-11-21;22;328
7;2025-11-21;23;204
7;2025-11-22;0;93
7;2025-11-22;1;21
7;2025-11-22;2;0
7;2025-11-22;3;0
7;2025-11-22;4;1
7;2025-11-22;5;51
7;2025-11-22;6;248
7;2025-11-22;7;413
7;2025-11-22;8;628
7;2025-11-22;9;703
7;2025-11-22;10;786
7;2025-11-22;11;918
7;2025-11-22;12;993
7;2025-11-22;13;1032
7;2025-11-22;14;1037
7;2025-11-22;15;1042
7;2025-11-22;16;962
7;2025-11-22;17;934
7;2025-11-22;18;916
7;2025-11-22;19;851
7;2025-11-22;20;634
7;2025-11-22;21;494
7;2025-11-22;22;269
7;2025-11-22;23;166
7;2025-11-23;0;96
7;2025-11-23;1;20
7;2025-11-23;2;0
7;2025-11-23;3;0
7;2025-11-23;4;1
7;2025-11-23;5;34
7;2025-11-23;6;178
7;2025-11-23;7;297
7;2025-11-23;8;477
7;2025-11-23;9;560
7;2025-11-23;10;628
7;2025-11-23;11;760
7;2025-11-23;12;820
7;2025-11-23;13;891
7;2025-11-23;14;918
7;2025-11-23;15;890
7;2025-11-23;16;847
7;2025-11-23;17;841
7;2025-11-23;18;786
7;2025-11-23;19;697
7;2025-11-23;20;543
7;2025-11-23;21;426
7;2025-11-23;22;239
7;2025-11-23;23;139
7;2025-11-24;0;63
7;2025-11-24;1;12
7;2025-11-24;2;0
7;2025-11-24;3;0
7;2025-11-24;4;1
7;2025-11-24;5;184
7;2025-11-24;6;665
7;2025-11-24;7;1544
7;2025-11-24;8;2282
7;2025-11-24;9;1729
7;2025-11-24;10;1456
7;2025-11-24;11;1335
7;2025-11-24;12;1428
7;2025-11-24;13;1436
7;2025-11-24;14;1470
7;2025-11-24;15;1576
7;2025-11-24;16;1715
7;2025-11-24;17;2128
7;2025-11-24;18;2317
7;2025-11-24;19;1628
7;2025-11-24;20;1033
7;2025-11-24;21;600
7;2025-11-24;22;305
7;2025-11-24;23;174
7;2025-11-25;0;57
7;2025-11-25;1;11
7;2025-11-25;2;0
7;2025-11-25;3;0
7;2025-11-25;4;2
7;2025-11-25;5;193
7;2025-11-25;6;686
7;2025-11-25;7;1598
7;2025-11-25;8;2352
7;2025-11-25;9;1762
7;2025-11-25;10;1512
7;2025-11-25;11;1422
7;2025-11-25;12;1477
7;2025-11-25;13;1497
7;2025-11-25;14;1515
7;2025-11-25;15;1636
7;2025-11-25;16;1759
7;2025-11-25;17;2151
7;2025-11-25;18;2383
7;2025-11-25;19;1698
7;2025-11-25;20;1076
7;2025-11-25;21;643
7;2025-11-25;22;330
7;2025-11-25;23;190
7;2025-11-26;0;60
7;2025-11-26;1;11
7;2025-11-26;2;0
7;2025-11-26;3;0
7;2025-11-26;4;3
7;2025-11-26;5;195
7;2025-11-26;6;696
7;2025-11-26;7;1592
7;2025-11-26;8;2396
7;2025-11-26;9;1805
7;2025-11-26;10;1550
7;2025-11-26;11;1426
7;2025-11-26;12;1480
7;2025-11-26;13;1498
7;2025-11-26;14;1536
7;2025-11-26;15;1660
7;2025-11-26;16;1773
7;2025-11-26;17;2223
7;2025-11-26;18;2392
7;2025-11-26;19;1670
7;2025-11-26;20;1079
7;2025-11-26;21;644
7;2025-11-26;22;341
7;2025-11-26;23;201
7;2025-11-27;0;62
7;2025-11-27;1;12
7;2025-11-27;2;0
7;2025-11-27;3;0
7;2025-11-27;4;2
7;2025-11-27;5;192
7;2025-11-27;6;689
7;2025-11-27;7;1595
7;2025-11-27;8;2363
7;2025-11-27;9;1773
7;2025-11-27;10;1512
7;2025-11-27;11;1405
7;2025-11-27;12;1463
7;2025-11-27;13;1496
7;2025-11-27;14;1552
7;2025-11-27;15;1631
7;2025-11-27;16;1771
7;2025-11-27;17;2187
7;2025-11-27;18;2417
7;2025-11-27;19;1657
7;2025-11-27;20;1068
7;2025-11-27;21;641
7;2025-11-27;22;325
7;2025-11-27;23;193
7;2025-11-28;0;63
7;2025-11-28;1;12
7;2025-11-28;2;0
7;2025-11-28;3;0
7;2025-11-28;4;2
7;2025-11-28;5;187
7;2025-11-28;6;645
7;2025-11-28;7;1549
7;2025-11-28;8;2304
7;2025-11-28;9;1734
7;2025-11-28;10;1486
7;2025-11-28;11;1412
7;2025-11-28;12;1490
7;2025-11-28;13;1552
7;2025-11-28;14;1582
7;2025-11-28;15;1690
7;2025-11-28;16;1848
7;2025-11-28;17;2124
7;2025-11-28;18;2116
7;2025-11-28;19;1501
7;2025-11-28;20;1008
7;2025-11-28;21;615
7;2025-11-28;22;328
7;2025-11-28;23;204
7;2025-11-29;0;93
7;2025-11-29;1;21
7;2025-11-29;2;0
7;2025-11-29;3;0
7;2025-11-29;4;1
7;2025-11-29;5;51
7;2025-11-29;6;248
7;2025-11-29;7;413
7;2025-11-29;8;628
7;2025-11-29;9;703
7;2025-11-29;10;786
7;2025-11-29;11;918
7;2025-11-29;12;993
7;2025-11-29;13;1032
7;2025-11-29;14;1037
7;2025-11-29;15;1042
7;2025-11-29;16;962
7;2025-11-29;17;934
7;2025-11-29;18;916
7;2025-11-29;19;851
7;2025-11-29;20;634
7;2025-11-29;21;494
7;2025-11-29;22;269
7;2025-11-29;23;166
7;2025-11-30;0;96
7;2025-11-30;1;20
7;2025-11-30;2;0
7;2025-11-30;3;0
7;2025-11-30;4;1
7;2025-11-30;5;34
7;2025-11-30;6;178
7;2025-11-30;7;297
7;2025-11-30;8;477
7;2025-11-30;9;560
7;2025-11-30;10;628
7;2025-11-30;11;760
7;2025-11-30;12;820
7;2025-11-30;13;891
7;2025-11-30;14;918
7;2025-11-30;15;890
7;2025-11-30;16;847
7;2025-11-30;17;841
7;2025-11-30;18;786
7;2025-11-30;19;697
7;2025-11-30;20;543
7;2025-11-30;21;426
7;2025-11-30;22;239
7;2025-11-30;23;139
7;2025-12-01;0;64
7;2025-12-01;1;12
7;2025-12-01;2;0
7;2025-12-01;3;0
7;2025-12-01;4;2
7;2025-12-01;5;188
7;2025-12-01;6;690
7;2025-12-01;7;1544
7;2025-12-01;8;2264
7;2025-12-01;9;1736
7;2025-12-01;10;1462
7;2025-12-01;11;1339
7;2025-12-01;12;1425
7;2025-12-01;13;1431
7;2025-12-01;14;1466
7;2025-12-01;15;1568
7;2025-12-01;16;1708
7;2025-12-01;17;2117
7;2025-12-01;18;2309
7;2025-12-01;19;1631
7;2025-12-01;20;1038
7;2025-12-01;21;601
7;2025-12-01;22;308
7;2025-12-01;23;170
7;2025-12-02;0;58
7;2025-12-02;1;12
7;2025-12-02;2;0
7;2025-12-02;3;0
7;2025-12-02;4;3
7;2025-12-02;5;197
7;2025-12-02;6;710
7;2025-12-02;7;1597
7;2025-12-02;8;2334
7;2025-12-02;9;1770
7;2025-12-02;10;1517
7;2025-12-02;11;1425
7;2025-12-02;12;1475
7;2025-12-02;13;1492
7;2025-12-02;14;1511
7;2025-12-02;15;1629
7;2025-12-02;16;1751
7;2025-12-02;17;2141
7;2025-12-02;18;2374
7;2025-12-02;19;1701
7;2025-12-02;20;1082
7;2025-12-02;21;644
7;2025-12-02;22;332
7;2025-12-02;23;186
7;2025-12-03;0;60
7;2025-12-03;1;12
7;2025-12-03;2;0
7;2025-12-03;3;0
7;2025-12-03;4;3
7;2025-12-03;5;198
7;2025-12-03;6;719
7;2025-12-03;7;1589
7;2025-12-03;8;2376
7;2025-12-03;9;1811
7;2025-12-03;10;1553
7;2025-12-03;11;1428
7;2025-12-03;12;1476
7;2025-12-03;13;1491
7;2025-12-03;14;1529
7;2025-12-03;15;1651
7;2025-12-03;16;1764
7;2025-12-03;17;2206
7;2025-12-03;18;2378
7;2025-12-03;19;1669
7;2025-12-03;20;1081
7;2025-12-03;21;644
7;2025-12-03;22;342
7;2025-12-03;23;196
7;2025-12-04;0;63
7;2025-12-04;1;13
7;2025-12-04;2;0
7;2025-12-04;3;0
7;2025-12-04;4;3
7;2025-12-04;5;196
7;2025-12-04;6;714
7;2025-12-04;7;1595
7;2025-12-04;8;2345
7;2025-12-04;9;1781
7;2025-12-04;10;1518
7;2025-12-04;11;1409
7;2025-12-04;12;1462
7;2025-12-04;13;1492
7;2025-12-04;14;1548
7;2025-12-04;15;1624
7;2025-12-04;16;1764
7;2025-12-04;17;2178
7;2025-12-04;18;2411
7;2025-12-04;19;1661
7;2025-12-04;20;1075
7;2025-12-04;21;643
7;2025-12-04;22;329
7;2025-12-04;23;191
7;2025-12-05;0;64
7;2025-12-05;1;12
7;2025-12-05;2;0
7;2025-12-05;3;0
7;2025-12-05;4;3
7;2025-12-05;5;191
7;2025-12-05;6;669
7;2025-12-05;7;1545
7;2025-12-05;8;2284
7;2025-12-05;9;1742
7;2025-12-05;10;1492
7;2025-12-05;11;1417
7;2025-12-05;12;1488
7;2025-12-05;13;1549
7;2025-12-05;14;1580
7;2025-12-05;15;1684
7;2025-12-05;16;1843
7;2025-12-05;17;2117
7;2025-12-05;18;2113
7;2025-12-05;19;1510
7;2025-12-05;20;1018
7;2025-12-05;21;617
7;2025-12-05;22;332
7;2025-12-05;23;201
7;2025-12-06;0;94
7;2025-12-06;1;21
7;2025-12-06;2;0
7;2025-12-06;3;0
7;2025-12-06;4;1
7;2025-12-06;5;57
7;2025-12-06;6;275
7;2025-12-06;7;451
7;2025-12-06;8;665
7;2025-12-06;9;748
7;2025-12-06;10;849
7;2025-12-06;11;991
7;2025-12-06;12;1068
7;2025-12-06;13;1109
7;2025-12-06;14;1115
7;2025-12-06;15;1116
7;2025-12-06;16;1036
7;2025-12-06;17;1000
7;2025-12-06;18;985
7;2025-12-06;19;920
7;2025-12-06;20;704
7;2025-12-06;21;548
7;2025-12-06;22;321
7;2025-12-06;23;208
7;2025-12-07;0;96
7;2025-12-07;1;20
7;2025-12-07;2;0
7;2025-12-07;3;0
7;2025-12-07;4;1
7;2025-12-07;5;40
7;2025-12-07;6;203
7;2025-12-07;7;338
7;2025-12-07;8;516
7;2025-12-07;9;611
7;2025-12-07;10;701
7;2025-12-07;11;843
7;2025-12-07;12;907
7;2025-12-07;13;980
7;2025-12-07;14;1007
7;2025-12-07;15;975
7;2025-12-07;16;931
7;2025-12-07;17;919
7;2025-12-07;18;866
7;2025-12-07;19;765
7;2025-12-07;20;612
7;2025-12-07;21;478
7;2025-12-07;22;289
7;2025-12-07;23;177
7;2025-12-08;0;64
7;2025-12-08;1;12
7;2025-12-08;2;0
7;2025-12-08;3;0
7;2025-12-08;4;2
7;2025-12-08;5;188
7;2025-12-08;6;690
7;2025-12-08;7;1544
7;2025-12-08;8;2264
7;2025-12-08;9;1736
7;2025-12-08;10;1462
7;2025-12-08;11;1339
7;2025-12-08;12;1425
7;2025-12-08;13;1431
7;2025-12-08;14;1466
7;2025-12-08;15;1568
7;2025-12-08;16;1708
7;2025-12-08;17;2117
7;2025-12-08;18;2309
7;2025-12-08;19;1631
7;2025-12-08;20;1038
7;2025-12-08;21;601
7;2025-12-08;22;308
7;2025-12-08;23;170
7;2025-12-09;0;58
7;2025-12-09;1;12
7;2025-12-09;2;0
7;2025-12-09;3;0
7;2025-12-09;4;3
7;2025-12-09;5;197
7;2025-12-09;6;710
7;2025-12-09;7;1597
7;2025-12-09;8;2334
7;2025-12-09;9;1770
7;2025-12-09;10;1517
7;2025-12-09;11;1425
7;2025-12-09;12;1475
7;2025-12-09;13;1492
7;2025-12-09;14;1511
7;2025-12-09;15;1629
7;2025-12-09;16;1751
7;2025-12-09;17;2141
7;2025-12-09;18;2374
7;2025-12-09;19;1701
7;2025-12-09;20;1082
7;2025-12-09;21;644
7;2025-12-09;22;332
7;2025-12-09;23;186
7;2025-12-10;0;60
7;2025-12-10;1;12
7;2025-12-10;2;0
7;2025-12-10;3;0
7;2025-12-10;4;3
7;2025-12-10;5;198
7;2025-12-10;6;719
7;2025-12-10;7;1589
7;2025-12-10;8;2376
7;2025-12-10;9;1811
7;2025-12-10;10;1553
7;2025-12-10;11;1428
7;2025-12-10;12;1476
7;2025-12-10;13;1491
7;2025-12-10;14;1529
7;2025-12-10;15;1651
7;2025-12-10;16;1764
7;2025-12-10;17;2206
7;2025-12-10;18;2378
7;2025-12-10;19;1669
7;2025-12-10;20;1081
7;2025-12-10;21;644
7;2025-12-10;22;342
7;2025-12-10;23;196
7;2025-12-11;0;63
7;2025-12-11;1;13
7;2025-12-11;2;0
7;2025-12-11;3;0
7;2025-12-11;4;3
7;2025-12-11;5;196
7;2025-12-11;6;714
7;2025-12-11;7;1595
7;2025-12-11;8;2345
7;2025-12-11;9;1781
7;2025-12-11;10;1518
7;2025-12-11;11;1409
7;2025-12-11;12;1462
7;2025-12-11;13;1492
7;2025-12-11;14;1548
7;2025-12-11;15;1624
7;2025-12-11;16;1764
7;2025-12-11;17;2178
7;2025-12-11;18;2411
7;2025-12-11;19;1661
7;2025-12-11;20;1075
7;2025-12-11;21;643
7;2025-12-11;22;329
7;2025-12-11;23;191
7;2025-12-12;0;64
7;2025-12-12;1;12
7;2025-12-12;2;0
7;2025-12-12;3;0
7;2025-12-12;4;3
7;2025-12-12;5;191
7;2025-12-12;6;669
7;2025-12-12;7;1545
7;2025-12-12;8;2284
7;2025-12-12;9;1742
7;2025-12-12;10;1492
7;2025-12-12;11;1417
7;2025-12-12;12;1488
7;2025-12-12;13;1549
7;2025-12-12;14;1580
7;2025-12-12;15;1684
7;2025-12-12;16;1843
7;2025-12-12;17;2117
7;2025-12-12;18;2113
7;2025-12-12;19;1510
7;2025-12-12;20;1018
7;2025-12-12;21;617
7;2025-12-12;22;332
7;2025-12-12;23;201
7;2025-12-13;0;94
7;2025-12-13;1;21
7;2025-12-13;2;0
7;2025-12-13;3;0
7;2025-12-13;4;1
7;2025-12-13;5;57
7;2025-12-13;6;275
7;2025-12-13;7;451
7;2025-12-13;8;665
7;2025-12-13;9;748
7;2025-12-13;10;849
7;2025-12-13;11;991
7;2025-12-13;12;1068
7;2025-12-13;13;1109
7;2025-12-13;14;1115
7;2025-12-13;15;1116
7;2025-12-13;16;1036
7;2025-12-13;17;1000
7;2025-12-13;18;985
7;2025-12-13;19;920
7;2025-12-13;20;704
7;2025-12-13;21;548
7;2025-12-13;22;321
7;2025-12-13;23;208
7;2025-12-14;0;96
7;2025-12-14;1;20
7;2025-12-14;2;0
7;2025-12-14;3;0
7;2025-12-14;4;1
7;2025-12-14;5;40
7;2025-12-14;6;203
7;2025-12-14;7;338
7;2025-12-14;8;516
7;2025-12-14;9;611
7;2025-12-14;10;701
7;2025-12-14;11;843
7;2025-12-14;12;907
7;2025-12-14;13;980
7;2025-12-14;14;1007
7;2025-12-14;15;975
7;2025-12-14;16;931
7;2025-12-14;17;919
7;2025-12-14;18;866
7;2025-12-14;19;765
7;2025-12-14;20;612
7;2025-12-14;21;478
7;2025-12-14;22;289
7;2025-12-14;23;177
7;2025-12-15;0;64
7;2025-12-15;1;12
7;2025-12-15;2;0
7;2025-12-15;3;0
7;2025-12-15;4;2
7;2025-12-15;5;188
7;2025-12-15;6;690
7;2025-12-15;7;1544
7;2025-12-15;8;2264
7;2025-12-15;9;1736
7;2025-12-15;10;1462
7;2025-12-15;11;1339
7;2025-12-15;12;1425
7;2025-12-15;13;1431
7;2025-12-15;14;1466
7;2025-12-15;15;1568
7;2025-12-15;16;1708
7;2025-12-15;17;2117
7;2025-12-15;18;2309
7;2025-12-15;19;1631
7;2025-12-15;20;1038
7;2025-12-15;21;601
7;2025-12-15;22;308
7;2025-12-15;23;170
7;2025-12-16;0;58
7;2025-12-16;1;12
7;2025-12-16;2;0
7;2025-12-16;3;0
7;2025-12-16;4;3
7;2025-12-16;5;197
7;2025-12-16;6;710
7;2025-12-16;7;1597
7;2025-12-16;8;2334
7;2025-12-16;9;1770
7;2025-12-16;10;1517
7;2025-12-16;11;1425
7;2025-12-16;12;1475
7;2025-12-16;13;1492
7;2025-12-16;14;1511
7;2025-12-16;15;1629
7;2025-12-16;16;1751
7;2025-12-16;17;2141
7;2025-12-16;18;2374
7;2025-12-16;19;1701
7;2025-12-16;20;1082
7;2025-12-16;21;644
7;2025-12-16;22;332
7;2025-12-16;23;186
7;2025-12-17;0;60
7;2025-12-17;1;12
7;2025-12-17;2;0
7;2025-12-17;3;0
7;2025-12-17;4;3
7;2025-12-17;5;198
7;2025-12-17;6;719
7;2025-12-17;7;1589
7;2025-12-17;8;2376
7;2025-12-17;9;1811
7;2025-12-17;10;1553
7;2025-12-17;11;1428
7;2025-12-17;12;1476
7;2025-12-17;13;1491
7;2025-12-17;14;1529
7;2025-12-17;15;1651
7;2025-12-17;16;1764
7;2025-12-17;17;2206
7;2025-12-17;18;2378
7;2025-12-17;19;1669
7;2025-12-17;20;1081
7;2025-12-17;21;644
7;2025-12-17;22;342
7;2025-12-17;23;196
7;2025-12-18;0;63
7;2025-12-18;1;13
7;2025-12-18;2;0
7;2025-12-18;3;0
7;2025-12-18;4;3
7;2025-12-18;5;196
7;2025-12-18;6;714
7;2025-12-18;7;1595
7;2025-12-18;8;2345
7;2025-12-18;9;1781
7;2025-12-18;10;1518
7;2025-12-18;11;1409
7;2025-12-18;12;1462
7;2025-12-18;13;1492
7;2025-12-18;14;1548
7;2025-12-18;15;1624
7;2025-12-18;16;1764
7;2025-12-18;17;2178
7;2025-12-18;18;2411
7;2025-12-18;19;1661
7;2025-12-18;20;1075
7;2025-12-18;21;643
7;2025-12-18;22;329
7;2025-12-18;23;191
7;2025-12-19;0;64
7;2025-12-19;1;12
7;2025-12-19;2;0
7;2025-12-19;3;0
7;2025-12-19;4;3
7;2025-12-19;5;191
7;2025-12-19;6;669
7;2025-12-19;7;1545
7;2025-12-19;8;2284
7;2025-12-19;9;1742
7;2025-12-19;10;1492
7;2025-12-19;11;1417
7;2025-12-19;12;1488
7;2025-12-19;13;1549
7;2025-12-19;14;1580
7;2025-12-19;15;1684
7;2025-12-19;16;1843
7;2025-12-19;17;2117
7;2025-12-19;18;2113
7;2025-12-19;19;1510
7;2025-12-19;20;1018
7;2025-12-19;21;617
7;2025-12-19;22;332
7;2025-12-19;23;201
7;2025-12-20;0;94
7;2025-12-20;1;21
7;2025-12-20;2;0
7;2025-12-20;3;0
7;2025-12-20;4;1
7;2025-12-20;5;57
7;2025-12-20;6;275
7;2025-12-20;7;451
7;2025-12-20;8;665
7;2025-12-20;9;748
7;2025-12-20;10;849
7;2025-12-20;11;991
7;2025-12-20;12;1068
7;2025-12-20;13;1109
7;2025-12-20;14;1115
7;2025-12-20;15;1116
7;2025-12-20;16;1036
7;2025-12-20;17;1000
7;2025-12-20;18;985
7;2025-12-20;19;920
7;2025-12-20;20;704
7;2025-12-20;21;548
7;2025-12-20;22;321
7;2025-12-20;23;208
7;2025-12-21;0;96
7;2025-12-21;1;20
7;2025-12-21;2;0
7;2025-12-21;3;0
7;2025-12-21;4;1
7;2025-12-21;5;40
7;2025-12-21;6;203
7;2025-12-21;7;338
7;2025-12-21;8;516
7;2025-12-21;9;611
7;2025-12-21;10;701
7;2025-12-21;11;843
7;2025-12-21;12;907
7;2025-12-21;13;980
7;2025-12-21;14;1007
7;2025-12-21;15;975
7;2025-12-21;16;931
7;2025-12-21;17;919
7;2025-12-21;18;866
7;2025-12-21;19;765
7;2025-12-21;20;612
7;2025-12-21;21;478
7;2025-12-21;22;289
7;2025-12-21;23;177
7;2025-12-22;0;64
7;2025-12-22;1;12
7;2025-12-22;2;0
7;2025-12-22;3;0
7;2025-12-22;4;2
7;2025-12-22;5;188
7;2025-12-22;6;690
7;2025-12-22;7;1544
7;2025-12-22;8;2264
7;2025-12-22;9;1736
7;2025-12-22;10;1462
7;2025-12-22;11;1339
7;2025-12-22;12;1425
7;2025-12-22;13;1431
7;2025-12-22;14;1466
7;2025-12-22;15;1568
7;2025-12-22;16;1708
7;2025-12-22;17;2117
7;2025-12-22;18;2309
7;2025-12-22;19;1631
7;2025-12-22;20;1038
7;2025-12-22;21;601
7;2025-12-22;22;308
7;2025-12-22;23;170
7;2025-12-23;0;58
7;2025-12-23;1;12
7;2025-12-23;2;0
7;2025-12-23;3;0
7;2025-12-23;4;3
7;2025-12-23;5;197
7;2025-12-23;6;710
7;2025-12-23;7;1597
7;2025-12-23;8;2334
7;2025-12-23;9;1770
7;2025-12-23;10;1517
7;2025-12-23;11;1425
7;2025-12-23;12;1475
7;2025-12-23;13;1492
7;2025-12-23;14;1511
7;2025-12-23;15;1629
7;2025-12-23;16;1751
7;2025-12-23;17;2141
7;2025-12-23;18;2374
7;2025-12-23;19;1701
7;2025-12-23;20;1082
7;2025-12-23;21;644
7;2025-12-23;22;332
7;2025-12-23;23;186
7;2025-12-24;0;60
7;2025-12-24;1;12
7;2025-12-24;2;0
7;2025-12-24;3;0
7;2025-12-24;4;3
7;2025-12-24;5;198
7;2025-12-24;6;719
7;2025-12-24;7;1589
7;2025-12-24;8;2376
7;2025-12-24;9;1811
7;2025-12-24;10;1553
7;2025-12-24;11;1428
7;2025-12-24;12;1476
7;2025-12-24;13;1491
7;2025-12-24;14;1529
7;2025-12-24;15;1651
7;2025-12-24;16;1764
7;2025-12-24;17;2206
7;2025-12-24;18;2378
7;2025-12-24;19;1669
7;2025-12-24;20;1081
7;2025-12-24;21;644
7;2025-12-24;22;342
7;2025-12-24;23;196
7;2025-12-25;0;63
7;2025-12-25;1;13
7;2025-12-25;2;0
7;2025-12-25;3;0
7;2025-12-25;4;3
7;2025-12-25;5;196
7;2025-12-25;6;714
7;2025-12-25;7;1595
7;2025-12-25;8;2345
7;2025-12-25;9;1781
7;2025-12-25;10;1518
7;2025-12-25;11;1409
7;2025-12-25;12;1462
7;2025-12-25;13;1492
7;2025-12-25;14;1548
7;2025-12-25;15;1624
7;2025-12-25;16;1764
7;2025-12-25;17;2178
7;2025-12-25;18;2411
7;2025-12-25;19;1661
7;2025-12-25;20;1075
7;2025-12-25;21;643
7;2025-12-25;22;329
7;2025-12-25;23;191
7;2025-12-26;0;64
7;2025-12-26;1;12
7;2025-12-26;2;0
7;2025-12-26;3;0
7;2025-12-26;4;3
7;2025-12-26;5;191
7;2025-12-26;6;669
7;2025-12-26;7;1545
7;2025-12-26;8;2284
7;2025-12-26;9;1742
7;2025-12-26;10;1492
7;2025-12-26;11;1417
7;2025-12-26;12;1488
7;2025-12-26;13;1549
7;2025-12-26;14;1580
7;2025-12-26;15;1684
7;2025-12-26;16;1843
7;2025-12-26;17;2117
7;2025-12-26;18;2113
7;2025-12-26;19;1510
7;2025-12-26;20;1018
7;2025-12-26;21;617
7;2025-12-26;22;332
7;2025-12-26;23;201
7;2025-12-27;0;94
7;2025-12-27;1;21
7;2025-12-27;2;0
7;2025-12-27;3;0
7;2025-12-27;4;1
7;2025-12-27;5;57
7;2025-12-27;6;275
7;2025-12-27;7;451
7;2025-12-27;8;665
7;2025-12-27;9;748
7;2025-12-27;10;849
7;2025-12-27;11;991
7;2025-12-27;12;1068
7;2025-12-27;13;1109
7;2025-12-27;14;1115
7;2025-12-27;15;1116
7;2025-12-27;16;1036
7;2025-12-27;17;1000
7;2025-12-27;18;985
7;2025-12-27;19;920
7;2025-12-27;20;704
7;2025-12-27;21;548
7;2025-12-27;22;321
7;2025-12-27;23;208
7;2025-12-28;0;96
7;2025-12-28;1;20
7;2025-12-28;2;0
7;2025-12-28;3;0
7;2025-12-28;4;1
7;2025-12-28;5;40
7;2025-12-28;6;203
7;2025-12-28;7;338
7;2025-12-28;8;516
7;2025-12-28;9;611
7;2025-12-28;10;701
7;2025-12-28;11;843
7;2025-12-28;12;907
7;2025-12-28;13;980
7;2025-12-28;14;1007
7;2025-12-28;15;975
7;2025-12-28;16;931
7;2025-12-28;17;919
7;2025-12-28;18;866
7;2025-12-28;19;765
7;2025-12-28;20;612
7;2025-12-28;21;478
7;2025-12-28;22;289
7;2025-12-28;23;177
7;2025-12-29;0;61
7;2025-12-29;1;11
7;2025-12-29;2;0
7;2025-12-29;3;0
7;2025-12-29;4;2
7;2025-12-29;5;179
7;2025-12-29;6;656
7;2025-12-29;7;1467
7;2025-12-29;8;2151
7;2025-12-29;9;1649
7;2025-12-29;10;1389
7;2025-12-29;11;1272
7;2025-12-29;12;1354
7;2025-12-29;13;1359
7;2025-12-29;14;1393
7;2025-12-29;15;1490
7;2025-12-29;16;1623
7;2025-12-29;17;2011
7;2025-12-29;18;2194
7;2025-12-29;19;1549
7;2025-12-29;20;986
7;2025-12-29;21;571
7;2025-12-29;22;293
7;2025-12-29;23;162
7;2025-12-30;0;53
7;2025-12-30;1;11
7;2025-12-30;2;0
7;2025-12-30;3;0
7;2025-12-30;4;3
7;2025-12-30;5;181
7;2025-12-30;6;653
7;2025-12-30;7;1469
7;2025-12-30;8;2147
7;2025-12-30;9;1628
7;2025-12-30;10;1396
7;2025-12-30;11;1311
7;2025-12-30;12;1357
7;2025-12-30;13;1373
7;2025-12-30;14;1390
7;2025-12-30;15;1499
7;2025-12-30;16;1611
7;2025-12-30;17;1970
7;2025-12-30;18;2184
7;2025-12-30;19;1565
7;2025-12-30;20;995
7;2025-12-30;21;592
7;2025-12-30;22;305
7;2025-12-30;23;171
7;2025-12-31;0;75
7;2025-12-31;1;17
7;2025-12-31;2;0
7;2025-12-31;3;0
7;2025-12-31;4;1
7;2025-12-31;5;61
7;2025-12-31;6;249
7;2025-12-31;7;434
7;2025-12-31;8;639
7;2025-12-31;9;686
7;2025-12-31;10;739
7;2025-12-31;11;840
7;2025-12-31;12;844
7;2025-12-31;13;863
7;2025-12-31;14;886
7;2025-12-31;15;895
7;2025-12-31;16;849
7;2025-12-31;17;843
7;2025-12-31;18;653
7;2025-12-31;19;582
7;2025-12-31;20;462
7;2025-12-31;21;350
7;2025-12-31;22;213
7;2025-12-31;23;160
11;2025-11-01;0;119
11;2025-11-01;1;13
11;2025-11-01;2;0
11;2025-11-01;3;0
11;2025-11-01;4;7
11;2025-11-01;5;429
11;2025-11-01;6;1618
11;2025-11-01;7;2527
11;2025-11-01;8;3029
11;2025-11-01;9;2670
11;2025-11-01;10;2351
11;2025-11-01;11;2304
11;2025-11-01;12;2325
11;2025-11-01;13;2464
11;2025-11-01;14;2384
11;2025-11-01;15;2471
11;2025-11-01;16;2664
11;2025-11-01;17;2982
11;2025-11-01;18;3089
11;2025-11-01;19;2412
11;2025-11-01;20;1868
11;2025-11-01;21;1265
11;2025-11-01;22;735
11;2025-11-01;23;524
11;2025-11-02;0;105
11;2025-11-02;1;11
11;2025-11-02;2;0
11;2025-11-02;3;0
11;2025-11-02;4;1
11;2025-11-02;5;142
11;2025-11-02;6;561
11;2025-11-02;7;642
11;2025-11-02;8;789
11;2025-11-02;9;973
11;2025-11-02;10;1139
11;2025-11-02;11;1442
11;2025-11-02;12;1565
11;2025-11-02;13;1525
11;2025-11-02;14;1564
11;2025-11-02;15;1609
11;2025-11-02;16;1590
11;2025-11-02;17;1624
11;2025-11-02;18;1433
11;2025-11-02;19;1268
11;2025-11-02;20;998
11;2025-11-02;21;710
11;2025-11-02;22;413
11;2025-11-02;23;267
11;2025-11-03;0;91
11;2025-11-03;1;9
11;2025-11-03;2;0
11;2025-11-03;3;1
11;2025-11-03;4;2
11;2025-11-03;5;200
11;2025-11-03;6;661
11;2025-11-03;7;745
11;2025-11-03;8;904
11;2025-11-03;9;980
11;2025-11-03;10;1139
11;2025-11-03;11;1316
11;2025-11-03;12;1440
11;2025-11-03;13;1451
11;2025-11-03;14;1490
11;2025-11-03;15;1521
11;2025-11-03;16;1529
11;2025-11-03;17;1590
11;2025-11-03;18;1455
11;2025-11-03;19;1322
11;2025-11-03;20;1051
11;2025-11-03;21;715
11;2025-11-03;22;426
11;2025-11-03;23;279
11;2025-11-04;0;99
11;2025-11-04;1;18
11;2025-11-04;2;2
11;2025-11-04;3;1
11;2025-11-04;4;2
11;2025-11-04;5;146
11;2025-11-04;6;490
11;2025-11-04;7;542
11;2025-11-04;8;692
11;2025-11-04;9;758
11;2025-11-04;10;862
11;2025-11-04;11;1117
11;2025-11-04;12;1296
11;2025-11-04;13;1333
11;2025-11-04;14;1357
11;2025-11-04;15;1425
11;2025-11-04;16;1374
11;2025-11-04;17;1428
11;2025-11-04;18;1351
11;2025-11-04;19;1161
11;2025-11-04;20;910
11;2025-11-04;21;731
11;2025-11-04;22;401
11;2025-11-04;23;266
11;2025-11-05;0;68
11;2025-11-05;1;2
11;2025-11-05;2;0
11;2025-11-05;3;0
11;2025-11-05;4;1
11;2025-11-05;5;306
11;2025-11-05;6;1346
11;2025-11-05;7;2410
11;2025-11-05;8;3115
11;2025-11-05;9;2399
11;2025-11-05;10;1908
11;2025-11-05;11;1871
11;2025-11-05;12;1917
11;2025-11-05;13;1987
11;2025-11-05;14;1971
11;2025-11-05;15;2056
11;2025-11-05;16;2240
11;2025-11-05;17;2814
11;2025-11-05;18;3033
11;2025-11-05;19;2355
11;2025-11-05;20;1584
11;2025-11-05;21;933
11;2025-11-05;22;468
11;2025-11-05;23;253
11;2025-11-06;0;69
11;2025-11-06;1;2
11;2025-11-06;2;0
11;2025-11-06;3;0
11;2025-11-06;4;1
11;2025-11-06;5;305
11;2025-11-06;6;1363
11;2025-11-06;7;2400
11;2025-11-06;8;3091
11;2025-11-06;9;2464
11;2025-11-06;10;1961
11;2025-11-06;11;1900
11;2025-11-06;12;1938
11;2025-11-06;13;2027
11;2025-11-06;14;2007
11;2025-11-06;15;2094
11;2025-11-06;16;2294
11;2025-11-06;17;2824
11;2025-11-06;18;3037
11;2025-11-06;19;2342
11;2025-11-06;20;1574
11;2025-11-06;21;946
11;2025-11-06;22;474
11;2025-11-06;23;257
11;2025-11-07;0;71
11;2025-11-07;1;2
11;2025-11-07;2;0
11;2025-11-07;3;0
11;2025-11-07;4;1
11;2025-11-07;5;303
11;2025-11-07;6;1346
11;2025-11-07;7;2362
11;2025-11-07;8;3051
11;2025-11-07;9;2387
11;2025-11-07;10;1917
11;2025-11-07;11;1873
11;2025-11-07;12;1904
11;2025-11-07;13;2006
11;2025-11-07;14;2010
11;2025-11-07;15;2147
11;2025-11-07;16;2350
11;2025-11-07;17;2823
11;2025-11-07;18;2765
11;2025-11-07;19;2189
11;2025-11-07;20;1518
11;2025-11-07;21;939
11;2025-11-07;22;483
11;2025-11-07;23;278
11;2025-11-08;0;101
11;2025-11-08;1;7
11;2025-11-08;2;0
11;2025-11-08;3;0
11;2025-11-08;4;2
11;2025-11-08;5;206
11;2025-11-08;6;756
11;2025-11-08;7;809
11;2025-11-08;8;1011
11;2025-11-08;9;1179
11;2025-11-08;10;1343
11;2025-11-08;11;1659
11;2025-11-08;12;1804
11;2025-11-08;13;1727
11;2025-11-08;14;1762
11;2025-11-08;15;1770
11;2025-11-08;16;1778
11;2025-11-08;17;1800
11;2025-11-08;18;1604
11;2025-11-08;19;1466
11;2025-11-08;20;1157
11;2025-11-08;21;797
11;2025-11-08;22;468
11;2025-11-08;23;315
11;2025-11-09;0;105
11;2025-11-09;1;11
11;2025-11-09;2;0
11;2025-11-09;3;0
11;2025-11-09;4;1
11;2025-11-09;5;142
11;2025-11-09;6;561
11;2025-11-09;7;642
11;2025-11-09;8;789
11;2025-11-09;9;973
11;2025-11-09;10;1139
11;2025-11-09;11;1442
11;2025-11-09;12;1565
11;2025-11-09;13;1525
11;2025-11-09;14;1564
11;2025-11-09;15;1609
11;2025-11-09;16;1590
11;2025-11-09;17;1624
11;2025-11-09;18;1433
11;2025-11-09;19;1268
11;2025-11-09;20;998
11;2025-11-09;21;710
11;2025-11-09;22;413
11;2025-11-09;23;267
11;2025-11-10;0;71
11;2025-11-10;1;4
11;2025-11-10;2;0
11;2025-11-10;3;0
11;2025-11-10;4;1
11;2025-11-10;5;299
11;2025-11-10;6;1326
11;2025-11-10;7;2351
11;2025-11-10;8;3026
11;2025-11-10;9;2377
11;2025-11-10;10;1866
11;2025-11-10;11;1836
11;2025-11-10;12;1832
11;2025-11-10;13;1929
11;2025-11-10;14;1927
11;2025-11-10;15;2026
11;2025-11-10;16;2247
11;2025-11-10;17;2778
11;2025-11-10;18;3000
11;2025-11-10;19;2317
11;2025-11-10;20;1555
11;2025-11-10;21;902
11;2025-11-10;22;457
11;2025-11-10;23;234
11;2025-11-11;0;67
11;2025-11-11;1;2
11;2025-11-11;2;0
11;2025-11-11;3;0
11;2025-11-11;4;1
11;2025-11-11;5;304
11;2025-11-11;6;1361
11;2025-11-11;7;2411
11;2025-11-11;8;3121
11;2025-11-11;9;2438
11;2025-11-11;10;1910
11;2025-11-11;11;1877
11;2025-11-11;12;1889
11;2025-11-11;13;1974
11;2025-11-11;14;1973
11;2025-11-11;15;2052
11;2025-11-11;16;2277
11;2025-11-11;17;2811
11;2025-11-11;18;3015
11;2025-11-11;19;2330
11;2025-11-11;20;1575
11;2025-11-11;21;923
11;2025-11-11;22;466
11;2025-11-11;23;245
11;2025-11-12;0;68
11;2025-11-12;1;2
11;2025-11-12;2;0
11;2025-11-12;3;0
11;2025-11-12;4;1
11;2025-11-12;5;306
11;2025-11-12;6;1346
11;2025-11-12;7;2410
11;2025-11-12;8;3115
11;2025-11-12;9;2399
11;2025-11-12;10;1908
11;2025-11-12;11;1871
11;2025-11-12;12;1917
11;2025-11-12;13;1987
11;2025-11-12;14;1971
11;2025-11-12;15;2056
11;2025-11-12;16;2240
11;2025-11-12;17;2814
11;2025-11-12;18;3033
11;2025-11-12;19;2355
11;2025-11-12;20;1584
11;2025-11-12;21;933
11;2025-11-12;22;468
11;2025-11-12;23;253
11;2025-11-13;0;69
11;2025-11-13;1;2
11;2025-11-13;2;0
11;2025-11-13;3;0
11;2025-11-13;4;1
11;2025-11-13;5;305
11;2025-11-13;6;1363
11;2025-11-13;7;2400
11;2025-11-13;8;3091
11;2025-11-13;9;2464
11;2025-11-13;10;1961
11;2025-11-13;11;1900
11;2025-11-13;12;1938
11;2025-11-13;13;2027
11;2025-11-13;14;2007
11;2025-11-13;15;2094
11;2025-11-13;16;2294
11;2025-11-13;17;2824
11;2025-11-13;18;3037
11;2025-11-13;19;2342
11;2025-11-13;20;1574
11;2025-11-13;21;946
11;2025-11-13;22;474
11;2025-11-13;23;257
11;2025-11-14;0;71
11;2025-11-14;1;2
11;2025-11-14;2;0
11;2025-11-14;3;0
11;2025-11-14;4;1
11;2025-11-14;5;303
11;2025-11-14;6;1346
11;2025-11-14;7;2362
11;2025-11-14;8;3051
11;2025-11-14;9;2387
11;2025-11-14;10;1917
11;2025-11-14;11;1873
11;2025-11-14;12;1904
11;2025-11-14;13;2006
11;2025-11-14;14;2010
11;2025-11-14;15;2147
11;2025-11-14;16;2350
11;2025-11-14;17;2823
11;2025-11-14;18;2765
11;2025-11-14;19;2189
11;2025-11-14;20;1518
11;2025-11-14;21;939
11;2025-11-14;22;483
11;2025-11-14;23;278
11;2025-11-15;0;101
11;2025-11-15;1;7
11;2025-11-15;2;0
11;2025-11-15;3;0
11;2025-11-15;4;2
11;2025-11-15;5;206
11;2025-11-15;6;756
11;2025-11-15;7;809
11;2025-11-15;8;1011
11;2025-11-15;9;1179
11;2025-11-15;10;1343
11;2025-11-15;11;1659
11;2025-11-15;12;1804
11;2025-11-15;13;1727
11;2025-11-15;14;1762
11;2025-11-15;15;1770
11;2025-11-15;16;1778
11;2025-11-15;17;1800
11;2025-11-15;18;1604
11;2025-11-15;19;1466
11;2025-11-15;20;1157
11;2025-11-15;21;797
11;2025-11-15;22;468
11;2025-11-15;23;315
11;2025-11-16;0;105
11;2025-11-16;1;11
11;2025-11-16;2;0
11;2025-11-16;3;0
11;2025-11-16;4;1
11;2025-11-16;5;142
11;2025-11-16;6;561
11;2025-11-16;7;642
11;2025-11-16;8;789
11;2025-11-16;9;973
11;2025-11-16;10;1139
11;2025-11-16;11;1442
11;2025-11-16;12;1565
11;2025-11-16;13;1525
11;2025-11-16;14;1564
11;2025-11-16;15;1609
11;2025-11-16;16;1590
11;2025-11-16;17;1624
11;2025-11-16;18;1433
11;2025-11-16;19;1268
11;2025-11-16;20;998
11;2025-11-16;21;710
11;2025-11-16;22;413
11;2025-11-16;23;267
11;2025-11-17;0;71
11;2025-11-17;1;4
11;2025-11-17;2;0
11;2025-11-17;3;0
11;2025-11-17;4;1
11;2025-11-17;5;299
11;2025-11-17;6;1326
11;2025-11-17;7;2351
11;2025-11-17;8;3026
11;2025-11-17;9;2377
11;2025-11-17;10;1866
11;2025-11-17;11;1836
11;2025-11-17;12;1832
11;2025-11-17;13;1929
11;2025-11-17;14;1927
11;2025-11-17;15;2026
11;2025-11-17;16;2247
11;2025-11-17;17;2778
11;2025-11-17;18;3000
11;2025-11-17;19;2317
11;2025-11-17;20;1555
11;2025-11-17;21;902
11;2025-11-17;22;457
11;2025-11-17;23;234
11;2025-11-18;0;67
11;2025-11-18;1;2
11;2025-11-18;2;0
11;2025-11-18;3;0
11;2025-11-18;4;1
11;2025-11-18;5;304
11;2025-11-18;6;1361
11;2025-11-18;7;2411
11;2025-11-18;8;3121
11;2025-11-18;9;2438
11;2025-11-18;10;1910
11;2025-11-18;11;1877
11;2025-11-18;12;1889
11;2025-11-18;13;1974
11;2025-11-18;14;1973
11;2025-11-18;15;2052
11;2025-11-18;16;2277
11;2025-11-18;17;2811
11;2025-11-18;18;3015
11;2025-11-18;19;2330
11;2025-11-18;20;1575
11;2025-11-18;21;923
11;2025-11-18;22;466
11;2025-11-18;23;245
11;2025-11-19;0;68
11;2025-11-19;1;2
11;2025-11-19;2;0
11;2025-11-19;3;0
11;2025-11-19;4;1
11;2025-11-19;5;306
11;2025-11-19;6;1346
11;2025-11-19;7;2410
11;2025-11-19;8;3115
11;2025-11-19;9;2399
11;2025-11-19;10;1908
11;2025-11-19;11;1871
11;2025-11-19;12;1917
11;2025-11-19;13;1987
11;2025-11-19;14;1971
11;2025-11-19;15;2056
11;2025-11-19;16;2240
11;2025-11-19;17;2814
11;2025-11-19;18;3033
11;2025-11-19;19;2355
11;2025-11-19;20;1584
11;2025-11-19;21;933
11;2025-11-19;22;468
11;2025-11-19;23;253
11;2025-11-20;0;69
11;2025-11-20;1;2
11;2025-11-20;2;0
11;2025-11-20;3;0
11;2025-11-20;4;1
11;2025-11-20;5;305
11;2025-11-20;6;1363
11;2025-11-20;7;2400
11;2025-11-20;8;3091
11;2025-11-20;9;2464
11;2025-11-20;10;1961
11;2025-11-20;11;1900
11;2025-11-20;12;1938
11;2025-11-20;13;2027
11;2025-11-20;14;2007
11;2025-11-20;15;2094
11;2025-11-20;16;2294
11;2025-11-20;17;2824
11;2025-11-20;18;3037
11;2025-11-20;19;2342
11;2025-11-20;20;1574
11;2025-11-20;21;946
11;2025-11-20;22;474
11;2025-11-20;23;257
11;2025-11-21;0;71
11;2025-11-21;1;2
11;2025-11-21;2;0
11;2025-11-21;3;0
11;2025-11-21;4;1
11;2025-11-21;5;303
11;2025-11-21;6;1346
11;2025-11-21;7;2362
11;2025-11-21;8;3051
11;2025-11-21;9;2387
11;2025-11-21;10;1917
11;2025-11-21;11;1873
11;2025-11-21;12;1904
11;2025-11-21;13;2006
11;2025-11-21;14;2010
11;2025-11-21;15;2147
11;2025-11-21;16;2350
11;2025-11-21;17;2823
11;2025-11-21;18;2765
11;2025-11-21;19;2189
11;2025-11-21;20;1518
11;2025-11-21;21;939
11;2025-11-21;22;483
11;2025-11-21;23;278
11;2025-11-22;0;101
11;2025-11-22;1;7
11;2025-11-22;2;0
11;2025-11-22;3;0
11;2025-11-22;4;2
11;2025-11-22;5;206
11;2025-11-22;6;756
11;2025-11-22;7;809
11;2025-11-22;8;1011
11;2025-11-22;9;1179
11;2025-11-22;10;1343
11;2025-11-22;11;1659
11;2025-11-22;12;1804
11;2025-11-22;13;1727
11;2025-11-22;14;1762
11;2025-11-22;15;1770
11;2025-11-22;16;1778
11;2025-11-22;17;1800
11;2025-11-22;18;1604
11;2025-11-22;19;1466
11;2025-11-22;20;1157
11;2025-11-22;21;797
11;2025-11-22;22;468
11;2025-11-22;23;315
11;2025-11-23;0;105
11;2025-11-23;1;11
11;2025-11-23;2;0
11;2025-11-23;3;0
11;2025-11-23;4;1
11;2025-11-23;5;142
11;2025-11-23;6;561
11;2025-11-23;7;642
11;2025-11-23;8;789
11;2025-11-23;9;973
11;2025-11-23;10;1139
11;2025-11-23;11;1442
11;2025-11-23;12;1565
11;2025-11-23;13;1525
11;2025-11-23;14;1564
11;2025-11-23;15;1609
11;2025-11-23;16;1590
11;2025-11-23;17;1624
11;2025-11-23;18;1433
11;2025-11-23;19;1268
11;2025-11-23;20;998
11;2025-11-23;21;710
11;2025-11-23;22;413
11;2025-11-23;23;267
11;2025-11-24;0;71
11;2025-11-24;1;4
11;2025-11-24;2;0
11;2025-11-24;3;0
11;2025-11-24;4;1
11;2025-11-24;5;299
11;2025-11-24;6;1326
11;2025-11-24;7;2351
11;2025-11-24;8;3026
11;2025-11-24;9;2377
11;2025-11-24;10;1866
11;2025-11-24;11;1836
11;2025-11-24;12;1832
11;2025-11-24;13;1929
11;2025-11-24;14;1927
11;2025-11-24;15;2026
11;2025-11-24;16;2247
11;2025-11-24;17;2778
11;2025-11-24;18;3000
11;2025-11-24;19;2317
11;2025-11-24;20;1555
11;2025-11-24;21;902
11;2025-11-24;22;457
11;2025-11-24;23;234
11;2025-11-25;0;67
11;2025-11-25;1;2
11;2025-11-25;2;0
11;2025-11-25;3;0
11;2025-11-25;4;1
11;2025-11-25;5;304
11;2025-11-25;6;1361
11;2025-11-25;7;2411
11;2025-11-25;8;3121
11;2025-11-25;9;2438
11;2025-11-25;10;1910
11;2025-11-25;11;1877
11;2025-11-25;12;1889
11;2025-11-25;13;1974
11;2025-11-25;14;1973
11;2025-11-25;15;2052
11;2025-11-25;16;2277
11;2025-11-25;17;2811
11;2025-11-25;18;3015
11;2025-11-25;19;2330
11;2025-11-25;20;1575
11;2025-11-25;21;923
11;2025-11-25;22;466
11;2025-11-25;23;245
11;2025-11-26;0;68
11;2025-11-26;1;2
11;2025-11-26;2;0
11;2025-11-26;3;0
11;2025-11-26;4;1
11;2025-11-26;5;306
11;2025-11-26;6;1346
11;2025-11-26;7;2410
11;2025-11-26;8;3115
11;2025-11-26;9;2399
11;2025-11-26;10;1908
11;2025-11-26;11;1871
11;2025-11-26;12;1917
11;2025-11-26;13;1987
11;2025-11-26;14;1971
11;2025-11-26;15;2056
11;2025-11-26;16;2240
11;2025-11-26;17;2814
11;2025-11-26;18;3033
11;2025-11-26;19;2355
11;2025-11-26;20;1584
11;2025-11-26;21;933
11;2025-11-26;22;468
11;2025-11-26;23;253
11;2025-11-27;0;69
11;2025-11-27;1;2
11;2025-11-27;2;0
11;2025-11-27;3;0
11;2025-11-27;4;1
11;2025-11-27;5;305
11;2025-11-27;6;1363
11;2025-11-27;7;2400
11;2025-11-27;8;3091
11;2025-11-27;9;2464
11;2025-11-27;10;1961
11;2025-11-27;11;1900
11;2025-11-27;12;1938
11;2025-11-27;13;2027
11;2025-11-27;14;2007
11;2025-11-27;15;2094
11;2025-11-27;16;2294
11;2025-11-27;17;2824
11;2025-11-27;18;3037
11;2025-11-27;19;2342
11;2025-11-27;20;1574
11;2025-11-27;21;946
11;2025-11-27;22;474
11;2025-11-27;23;257
11;2025-11-28;0;71
11;2025-11-28;1;2
11;2025-11-28;2;0
11;2025-11-28;3;0
11;2025-11-28;4;1
11;2025-11-28;5;303
11;2025-11-28;6;1346
11;2025-11-28;7;2362
11;2025-11-28;8;3051
11;2025-11-28;9;2387
11;2025-11-28;10;1917
11;2025-11-28;11;1873
11;2025-11-28;12;1904
11;2025-11-28;13;2006
11;2025-11-28;14;2010
11;2025-11-28;15;2147
11;2025-11-28;16;2350
11;2025-11-28;17;2823
11;2025-11-28;18;2765
11;2025-11-28;19;2189
11;2025-11-28;20;1518
11;2025-11-28;21;939
11;2025-11-28;22;483
11;2025-11-28;23;278
11;2025-11-29;0;101
11;2025-11-29;1;7
11;2025-11-29;2;0
11;2025-11-29;3;0
11;2025-11-29;4;2
11;2025-11-29;5;206
11;2025-11-29;6;756
11;2025-11-29;7;809
11;2025-11-29;8;1011
11;2025-11-29;9;1179
11;2025-11-29;10;1343
11;2025-11-29;11;1659
11;2025-11-29;12;1804
11;2025-11-29;13;1727
11;2025-11-29;14;1762
11;2025-11-29;15;1770
11;2025-11-29;16;1778
11;2025-11-29;17;1800
11;2025-11-29;18;1604
11;2025-11-29;19;1466
11;2025-11-29;20;1157
11;2025-11-29;21;797
11;2025-11-29;22;468
11;2025-11-29;23;315
11;2025-11-30;0;105
11;2025-11-30;1;11
11;2025-11-30;2;0
11;2025-11-30;3;0
11;2025-11-30;4;1
11;2025-11-30;5;142
11;2025-11-30;6;561
11;2025-11-30;7;642
11;2025-11-30;8;789
11;2025-11-30;9;973
11;2025-11-30;10;1139
11;2025-11-30;11;1442
11;2025-11-30;12;1565
11;2025-11-30;13;1525
11;2025-11-30;14;1564
11;2025-11-30;15;1609
11;2025-11-30;16;1590
11;2025-11-30;17;1624
11;2025-11-30;18;1433
11;2025-11-30;19;1268
11;2025-11-30;20;998
11;2025-11-30;21;710
11;2025-11-30;22;413
11;2025-11-30;23;267
11;2025-12-01;0;72
11;2025-12-01;1;4
11;2025-12-01;2;0
11;2025-12-01;3;0
11;2025-12-01;4;1
11;2025-12-01;5;307
11;2025-12-01;6;1328
11;2025-12-01;7;2333
11;2025-12-01;8;2993
11;2025-12-01;9;2371
11;2025-12-01;10;1866
11;2025-12-01;11;1838
11;2025-12-01;12;1827
11;2025-12-01;13;1922
11;2025-12-01;14;1920
11;2025-12-01;15;2016
11;2025-12-01;16;2237
11;2025-12-01;17;2772
11;2025-12-01;18;2997
11;2025-12-01;19;2326
11;2025-12-01;20;1567
11;2025-12-01;21;910
11;2025-12-01;22;468
11;2025-12-01;23;240
11;2025-12-02;0;68
11;2025-12-02;1;2
11;2025-12-02;2;0
11;2025-12-02;3;0
11;2025-12-02;4;2
11;2025-12-02;5;311
11;2025-12-02;6;1363
11;2025-12-02;7;2393
11;2025-12-02;8;3088
11;2025-12-02;9;2433
11;2025-12-02;10;1910
11;2025-12-02;11;1879
11;2025-12-02;12;1885
11;2025-12-02;13;1968
11;2025-12-02;14;1967
11;2025-12-02;15;2042
11;2025-12-02;16;2268
11;2025-12-02;17;2805
11;2025-12-02;18;3009
11;2025-12-02;19;2339
11;2025-12-02;20;1587
11;2025-12-02;21;931
11;2025-12-02;22;477
11;2025-12-02;23;250
11;2025-12-03;0;69
11;2025-12-03;1;2
11;2025-12-03;2;0
11;2025-12-03;3;0
11;2025-12-03;4;2
11;2025-12-03;5;314
11;2025-12-03;6;1348
11;2025-12-03;7;2392
11;2025-12-03;8;3082
11;2025-12-03;9;2393
11;2025-12-03;10;1908
11;2025-12-03;11;1873
11;2025-12-03;12;1913
11;2025-12-03;13;1980
11;2025-12-03;14;1965
11;2025-12-03;15;2046
11;2025-12-03;16;2231
11;2025-12-03;17;2803
11;2025-12-03;18;3024
11;2025-12-03;19;2361
11;2025-12-03;20;1594
11;2025-12-03;21;940
11;2025-12-03;22;479
11;2025-12-03;23;259
11;2025-12-04;0;70
11;2025-12-04;1;3
11;2025-12-04;2;0
11;2025-12-04;3;0
11;2025-12-04;4;2
11;2025-12-04;5;313
11;2025-12-04;6;1365
11;2025-12-04;7;2382
11;2025-12-04;8;3058
11;2025-12-04;9;2459
11;2025-12-04;10;1961
11;2025-12-04;11;1902
11;2025-12-04;12;1934
11;2025-12-04;13;2020
11;2025-12-04;14;2000
11;2025-12-04;15;2084
11;2025-12-04;16;2284
11;2025-12-04;17;2819
11;2025-12-04;18;3034
11;2025-12-04;19;2351
11;2025-12-04;20;1586
11;2025-12-04;21;954
11;2025-12-04;22;486
11;2025-12-04;23;263
11;2025-12-05;0;73
11;2025-12-05;1;3
11;2025-12-05;2;0
11;2025-12-05;3;0
11;2025-12-05;4;2
11;2025-12-05;5;311
11;2025-12-05;6;1348
11;2025-12-05;7;2342
11;2025-12-05;8;3016
11;2025-12-05;9;2384
11;2025-12-05;10;1918
11;2025-12-05;11;1877
11;2025-12-05;12;1901
11;2025-12-05;13;2001
11;2025-12-05;14;2007
11;2025-12-05;15;2140
11;2025-12-05;16;2343
11;2025-12-05;17;2821
11;2025-12-05;18;2767
11;2025-12-05;19;2204
11;2025-12-05;20;1534
11;2025-12-05;21;948
11;2025-12-05;22;496
11;2025-12-05;23;285
11;2025-12-06;0;101
11;2025-12-06;1;7
11;2025-12-06;2;0
11;2025-12-06;3;0
11;2025-12-06;4;2
11;2025-12-06;5;208
11;2025-12-06;6;737
11;2025-12-06;7;776
11;2025-12-06;8;971
11;2025-12-06;9;1142
11;2025-12-06;10;1302
11;2025-12-06;11;1619
11;2025-12-06;12;1765
11;2025-12-06;13;1691
11;2025-12-06;14;1726
11;2025-12-06;15;1730
11;2025-12-06;16;1737
11;2025-12-06;17;1771
11;2025-12-06;18;1576
11;2025-12-06;19;1449
11;2025-12-06;20;1143
11;2025-12-06;21;794
11;2025-12-06;22;467
11;2025-12-06;23;310
11;2025-12-07;0;104
11;2025-12-07;1;10
11;2025-12-07;2;0
11;2025-12-07;3;0
11;2025-12-07;4;1
11;2025-12-07;5;146
11;2025-12-07;6;547
11;2025-12-07;7;615
11;2025-12-07;8;755
11;2025-12-07;9;948
11;2025-12-07;10;1114
11;2025-12-07;11;1414
11;2025-12-07;12;1542
11;2025-12-07;13;1504
11;2025-12-07;14;1542
11;2025-12-07;15;1584
11;2025-12-07;16;1564
11;2025-12-07;17;1609
11;2025-12-07;18;1419
11;2025-12-07;19;1256
11;2025-12-07;20;989
11;2025-12-07;21;708
11;2025-12-07;22;413
11;2025-12-07;23;263
11;2025-12-08;0;72
11;2025-12-08;1;4
11;2025-12-08;2;0
11;2025-12-08;3;0
11;2025-12-08;4;1
11;2025-12-08;5;307
11;2025-12-08;6;1328
11;2025-12-08;7;2333
11;2025-12-08;8;2993
11;2025-12-08;9;2371
11;2025-12-08;10;1866
11;2025-12-08;11;1838
11;2025-12-08;12;1827
11;2025-12-08;13;1922
11;2025-12-08;14;1920
11;2025-12-08;15;2016
11;2025-12-08;16;2237
11;2025-12-08;17;2772
11;2025-12-08;18;2997
11;2025-12-08;19;2326
11;2025-12-08;20;1567
11;2025-12-08;21;910
11;2025-12-08;22;468
11;2025-12-08;23;240
11;2025-12-09;0;68
11;2025-12-09;1;2
11;2025-12-09;2;0
11;2025-12-09;3;0
11;2025-12-09;4;2
11;2025-12-09;5;311
11;2025-12-09;6;1363
11;2025-12-09;7;2393
11;2025-12-09;8;3088
11;2025-12-09;9;2433
11;2025-12-09;10;1910
11;2025-12-09;11;1879
11;2025-12-09;12;1885
11;2025-12-09;13;1968
11;2025-12-09;14;1967
11;2025-12-09;15;2042
11;2025-12-09;16;2268
11;2025-12-09;17;2805
11;2025-12-09;18;3009
11;2025-12-09;19;2339
11;2025-12-09;20;1587
11;2025-12-09;21;931
11;2025-12-09;22;477
11;2025-12-09;23;250
11;2025-12-10;0;69
11;2025-12-10;1;2
11;2025-12-10;2;0
11;2025-12-10;3;0
11;2025-12-10;4;2
11;2025-12-10;5;314
11;2025-12-10;6;1348
11;2025-12-10;7;2392
11;2025-12-10;8;3082
11;2025-12-10;9;2393
11;2025-12-10;10;1908
11;2025-12-10;11;1873
11;2025-12-10;12;1913
11;2025-12-10;13;1980
11;2025-12-10;14;1965
11;2025-12-10;15;2046
11;2025-12-10;16;2231
11;2025-12-10;17;2803
11;2025-12-10;18;3024
11;2025-12-10;19;2361
11;2025-12-10;20;1594
11;2025-12-10;21;940
11;2025-12-10;22;479
11;2025-12-10;23;259
11;2025-12-11;0;70
11;2025-12-11;1;3
11;2025-12-11;2;0
11;2025-12-11;3;0
11;2025-12-11;4;2
11;2025-12-11;5;313
11;2025-12-11;6;1365
11;2025-12-11;7;2382
11;2025-12-11;8;3058
11;2025-12-11;9;2459
11;2025-12-11;10;1961
11;2025-12-11;11;1902
11;2025-12-11;12;1934
11;2025-12-11;13;2020
11;2025-12-11;14;2000
11;2025-12-11;15;2084
11;2025-12-11;16;2284
11;2025-12-11;17;2819
11;2025-12-11;18;3034
11;2025-12-11;19;2351
11;2025-12-11;20;1586
11;2025-12-11;21;954
11;2025-12-11;22;486
11;2025-12-11;23;263
11;2025-12-12;0;73
11;2025-12-12;1;3
11;2025-12-12;2;0
11;2025-12-12;3;0
11;2025-12-12;4;2
11;2025-12-12;5;311
11;2025-12-12;6;1348
11;2025-12-12;7;2342
11;2025-12-12;8;3016
11;2025-12-12;9;2384
11;2025-12-12;10;1918
11;2025-12-12;11;1877
11;2025-12-12;12;1901
11;2025-12-12;13;2001
11;2025-12-12;14;2007
11;2025-12-12;15;2140
11;2025-12-12;16;2343
11;2025-12-12;17;2821
11;2025-12-12;18;2767
11;2025-12-12;19;2204
11;2025-12-12;20;1534
11;2025-12-12;21;948
11;2025-12-12;22;496
11;2025-12-12;23;285
11;2025-12-13;0;101
11;2025-12-13;1;7
11;2025-12-13;2;0
11;2025-12-13;3;0
11;2025-12-13;4;2
11;2025-12-13;5;208
11;2025-12-13;6;737
11;2025-12-13;7;776
11;2025-12-13;8;971
11;2025-12-13;9;1142
11;2025-12-13;10;1302
11;2025-12-13;11;1619
11;2025-12-13;12;1765
11;2025-12-13;13;1691
11;2025-12-13;14;1726
11;2025-12-13;15;1730
11;2025-12-13;16;1737
11;2025-12-13;17;1771
11;2025-12-13;18;1576
11;2025-12-13;19;1449
11;2025-12-13;20;1143
11;2025-12-13;21;794
11;2025-12-13;22;467
11;2025-12-13;23;310
11;2025-12-14;0;104
11;2025-12-14;1;10
11;2025-12-14;2;0
11;2025-12-14;3;0
11;2025-12-14;4;1
11;2025-12-14;5;146
11;2025-12-14;6;547
11;2025-12-14;7;615
11;2025-12-14;8;755
11;2025-12-14;9;948
11;2025-12-14;10;1114
11;2025-12-14;11;1414
11;2025-12-14;12;1542
11;2025-12-14;13;1504
11;2025-12-14;14;1542
11;2025-12-14;15;1584
11;2025-12-14;16;1564
11;2025-12-14;17;1609
11;2025-12-14;18;1419
11;2025-12-14;19;1256
11;2025-12-14;20;989
11;2025-12-14;21;708
11;2025-12-14;22;413
11;2025-12-14;23;263
11;2025-12-15;0;72
11;2025-12-15;1;4
11;2025-12-15;2;0
11;2025-12-15;3;0
11;2025-12-15;4;1
11;2025-12-15;5;307
11;2025-12-15;6;1328
11;2025-12-15;7;2333
11;2025-12-15;8;2993
11;2025-12-15;9;2371
11;2025-12-15;10;1866
11;2025-12-15;11;1838
11;2025-12-15;12;1827
11;2025-12-15;13;1922
11;2025-12-15;14;1920
11;2025-12-15;15;2016
11;2025-12-15;16;2237
11;2025-12-15;17;2772
11;2025-12-15;18;2997
11;2025-12-15;19;2326
11;2025-12-15;20;1567
11;2025-12-15;21;910
11;2025-12-15;22;468
11;2025-12-15;23;240
11;2025-12-16;0;68
11;2025-12-16;1;2
11;2025-12-16;2;0
11;2025-12-16;3;0
11;2025-12-16;4;2
11;2025-12-16;5;311
11;2025-12-16;6;1363
11;2025-12-16;7;2393
11;2025-12-16;8;3088
11;2025-12-16;9;2433
11;2025-12-16;10;1910
11;2025-12-16;11;1879
11;2025-12-16;12;1885
11;2025-12-16;13;1968
11;2025-12-16;14;1967
11;2025-12-16;15;2042
11;2025-12-16;16;2268
11;2025-12-16;17;2805
11;2025-12-16;18;3009
11;2025-12-16;19;2339
11;2025-12-16;20;1587
11;2025-12-16;21;931
11;2025-12-16;22;477
11;2025-12-16;23;250
11;2025-12-17;0;69
11;2025-12-17;1;2
11;2025-12-17;2;0
11;2025-12-17;3;0
11;2025-12-17;4;2
11;2025-12-17;5;314
11;2025-12-17;6;1348
11;2025-12-17;7;2392
11;2025-12-17;8;3082
11;2025-12-17;9;2393
11;2025-12-17;10;1908
11;2025-12-17;11;1873
11;2025-12-17;12;1913
11;2025-12-17;13;1980
11;2025-12-17;14;1965
11;2025-12-17;15;2046
11;2025-12-17;16;2231
11;2025-12-17;17;2803
11;2025-12-17;18;3024
11;2025-12-17;19;2361
11;2025-12-17;20;1594
11;2025-12-17;21;940
11;2025-12-17;22;479
11;2025-12-17;23;259
11;2025-12-18;0;70
11;2025-12-18;1;3
11;2025-12-18;2;0
11;2025-12-18;3;0
11;2025-12-18;4;2
11;2025-12-18;5;313
11;2025-12-18;6;1365
11;2025-12-18;7;2382
11;2025-12-18;8;3058
11;2025-12-18;9;2459
11;2025-12-18;10;1961
11;2025-12-18;11;1902
11;2025-12-18;12;1934
11;2025-12-18;13;2020
11;2025-12-18;14;2000
11;2025-12-18;15;2084
11;2025-12-18;16;2284
11;2025-12-18;17;2819
11;2025-12-18;18;3034
11;2025-12-18;19;2351
11;2025-12-18;20;1586
11;2025-12-18;21;954
11;2025-12-18;22;486
11;2025-12-18;23;263
11;2025-12-19;0;73
11;2025-12-19;1;3
11;2025-12-19;2;0
11;2025-12-19;3;0
11;2025-12-19;4;2
11;2025-12-19;5;311
11;2025-12-19;6;1348
11;2025-12-19;7;2342
11;2025-12-19;8;3016
11;2025-12-19;9;2384
11;2025-12-19;10;1918
11;2025-12-19;11;1877
11;2025-12-19;12;1901
11;2025-12-19;13;2001
11;2025-12-19;14;2007
11;2025-12-19;15;2140
11;2025-12-19;16;2343
11;2025-12-19;17;2821
11;2025-12-19;18;2767
11;2025-12-19;19;2204
11;2025-12-19;20;1534
11;2025-12-19;21;948
11;2025-12-19;22;496
11;2025-12-19;23;285
11;2025-12-20;0;101
11;2025-12-20;1;7
11;2025-12-20;2;0
11;2025-12-20;3;0
11;2025-12-20;4;2
11;2025-12-20;5;208
11;2025-12-20;6;737
11;2025-12-20;7;776
11;2025-12-20;8;971
11;2025-12-20;9;1142
11;2025-12-20;10;1302
11;2025-12-20;11;1619
11;2025-12-20;12;1765
11;2025-12-20;13;1691
11;2025-12-20;14;1726
11;2025-12-20;15;1730
11;2025-12-20;16;1737
11;2025-12-20;17;1771
11;2025-12-20;18;1576
11;2025-12-20;19;1449
11;2025-12-20;20;1143
11;2025-12-20;21;794
11;2025-12-20;22;467
11;2025-12-20;23;310
11;2025-12-21;0;104
11;2025-12-21;1;10
11;2025-12-21;2;0
11;2025-12-21;3;0
11;2025-12-21;4;1
11;2025-12-21;5;146
11;2025-12-21;6;547
11;2025-12-21;7;615
11;2025-12-21;8;755
11;2025-12-21;9;948
11;2025-12-21;10;1114
11;2025-12-21;11;1414
11;2025-12-21;12;1542
11;2025-12-21;13;1504
11;2025-12-21;14;1542
11;2025-12-21;15;1584
11;2025-12-21;16;1564
11;2025-12-21;17;1609
11;2025-12-21;18;1419
11;2025-12-21;19;1256
11;2025-12-21;20;989
11;2025-12-21;21;708
11;2025-12-21;22;413
11;2025-12-21;23;263
11;2025-12-22;0;72
11;2025-12-22;1;4
11;2025-12-22;2;0
11;2025-12-22;3;0
11;2025-12-22;4;1
11;2025-12-22;5;307
11;2025-12-22;6;1328
11;2025-12-22;7;2333
11;2025-12-22;8;2993
11;2025-12-22;9;2371
11;2025-12-22;10;1866
11;2025-12-22;11;1838
11;2025-12-22;12;1827
11;2025-12-22;13;1922
11;2025-12-22;14;1920
11;2025-12-22;15;2016
11;2025-12-22;16;2237
11;2025-12-22;17;2772
11;2025-12-22;18;2997
11;2025-12-22;19;2326
11;2025-12-22;20;1567
11;2025-12-22;21;910
11;2025-12-22;22;468
11;2025-12-22;23;240
11;2025-12-23;0;68
11;2025-12-23;1;2
11;2025-12-23;2;0
11;2025-12-23;3;0
11;2025-12-23;4;2
11;2025-12-23;5;311
11;2025-12-23;6;1363
11;2025-12-23;7;2393
11;2025-12-23;8;3088
11;2025-12-23;9;2433
11;2025-12-23;10;1910
11;2025-12-23;11;1879
11;2025-12-23;12;1885
11;2025-12-23;13;1968
11;2025-12-23;14;1967
11;2025-12-23;15;2042
11;2025-12-23;16;2268
11;2025-12-23;17;2805
11;2025-12-23;18;3009
11;2025-12-23;19;2339
11;2025-12-23;20;1587
11;2025-12-23;21;931
11;2025-12-23;22;477
11;2025-12-23;23;250
11;2025-12-24;0;69
11;2025-12-24;1;2
11;2025-12-24;2;0
11;2025-12-24;3;0
11;2025-12-24;4;2
11;2025-12-24;5;314
11;2025-12-24;6;1348
11;2025-12-24;7;2392
11;2025-12-24;8;3082
11;2025-12-24;9;2393
11;2025-12-24;10;1908
11;2025-12-24;11;1873
11;2025-12-24;12;1913
11;2025-12-24;13;1980
11;2025-12-24;14;1965
11;2025-12-24;15;2046
11;2025-12-24;16;2231
11;2025-12-24;17;2803
11;2025-12-24;18;3024
11;2025-12-24;19;2361
11;2025-12-24;20;1594
11;2025-12-24;21;940
11;2025-12-24;22;479
11;2025-12-24;23;259
11;2025-12-25;0;70
11;2025-12-25;1;3
11;2025-12-25;2;0
11;2025-12-25;3;0
11;2025-12-25;4;2
11;2025-12-25;5;313
11;2025-12-25;6;1365
11;2025-12-25;7;2382
11;2025-12-25;8;3058
11;2025-12-25;9;2459
11;2025-12-25;10;1961
11;2025-12-25;11;1902
11;2025-12-25;12;1934
11;2025-12-25;13;2020
11;2025-12-25;14;2000
11;2025-12-25;15;2084
11;2025-12-25;16;2284
11;2025-12-25;17;2819
11;2025-12-25;18;3034
11;2025-12-25;19;2351
11;2025-12-25;20;1586
11;2025-12-25;21;954
11;2025-12-25;22;486
11;2025-12-25;23;263
11;2025-12-26;0;73
11;2025-12-26;1;3
11;2025-12-26;2;0
11;2025-12-26;3;0
11;2025-12-26;4;2
11;2025-12-26;5;311
11;2025-12-26;6;1348
11;2025-12-26;7;2342
11;2025-12-26;8;3016
11;2025-12-26;9;2384
11;2025-12-26;10;1918
11;2025-12-26;11;1877
11;2025-12-26;12;1901
11;2025-12-26;13;2001
11;2025-12-26;14;2007
11;2025-12-26;15;2140
11;2025-12-26;16;2343
11;2025-12-26;17;2821
11;2025-12-26;18;2767
11;2025-12-26;19;2204
11;2025-12-26;20;1534
11;2025-12-26;21;948
11;2025-12-26;22;496
11;2025-12-26;23;285
11;2025-12-27;0;101
11;2025-12-27;1;7
11;2025-12-27;2;0
11;2025-12-27;3;0
11;2025-12-27;4;2
11;2025-12-27;5;208
11;2025-12-27;6;737
11;2025-12-27;7;776
11;2025-12-27;8;971
11;2025-12-27;9;1142
11;2025-12-27;10;1302
11;2025-12-27;11;1619
11;2025-12-27;12;1765
11;2025-12-27;13;1691
11;2025-12-27;14;1726
11;2025-12-27;15;1730
11;2025-12-27;16;1737
11;2025-12-27;17;1771
11;2025-12-27;18;1576
11;2025-12-27;19;1449
11;2025-12-27;20;1143
11;2025-12-27;21;794
11;2025-12-27;22;467
11;2025-12-27;23;310
11;2025-12-28;0;104
11;2025-12-28;1;10
11;2025-12-28;2;0
11;2025-12-28;3;0
11;2025-12-28;4;1
11;2025-12-28;5;146
11;2025-12-28;6;547
11;2025-12-28;7;615
11;2025-12-28;8;755
11;2025-12-28;9;948
11;2025-12-28;10;1114
11;2025-12-28;11;1414
11;2025-12-28;12;1542
11;2025-12-28;13;1504
11;2025-12-28;14;1542
11;2025-12-28;15;1584
11;2025-12-28;16;1564
11;2025-12-28;17;1609
11;2025-12-28;18;1419
11;2025-12-28;19;1256
11;2025-12-28;20;989
11;2025-12-28;21;708
11;2025-12-28;22;413
11;2025-12-28;23;263
11;2025-12-29;0;68
11;2025-12-29;1;4
11;2025-12-29;2;0
11;2025-12-29;3;0
11;2025-12-29;4;1
11;2025-12-29;5;292
11;2025-12-29;6;1262
11;2025-12-29;7;2216
11;2025-12-29;8;2843
11;2025-12-29;9;2252
11;2025-12-29;10;1773
11;2025-12-29;11;1746
11;2025-12-29;12;1736
11;2025-12-29;13;1826
11;2025-12-29;14;1824
11;2025-12-29;15;1915
11;2025-12-29;16;2125
11;2025-12-29;17;2633
11;2025-12-29;18;2847
11;2025-12-29;19;2210
11;2025-12-29;20;1489
11;2025-12-29;21;864
11;2025-12-29;22;445
11;2025-12-29;23;228
11;2025-12-30;0;63
11;2025-12-30;1;2
11;2025-12-30;2;0
11;2025-12-30;3;0
11;2025-12-30;4;2
11;2025-12-30;5;286
11;2025-12-30;6;1254
11;2025-12-30;7;2202
11;2025-12-30;8;2841
11;2025-12-30;9;2238
11;2025-12-30;10;1757
11;2025-12-30;11;1729
11;2025-12-30;12;1734
11;2025-12-30;13;1811
11;2025-12-30;14;1810
11;2025-12-30;15;1879
11;2025-12-30;16;2087
11;2025-12-30;17;2581
11;2025-12-30;18;2768
11;2025-12-30;19;2152
11;2025-12-30;20;1460
11;2025-12-30;21;857
11;2025-12-30;22;439
11;2025-12-30;23;230
11;2025-12-31;0;78
11;2025-12-31;1;6
11;2025-12-31;2;0
11;2025-12-31;3;0
11;2025-12-31;4;2
11;2025-12-31;5;169
11;2025-12-31;6;554
11;2025-12-31;7;664
11;2025-12-31;8;820
11;2025-12-31;9;935
11;2025-12-31;10;1015
11;2025-12-31;11;1220
11;2025-12-31;12;1233
11;2025-12-31;13;1234
11;2025-12-31;14;1289
11;2025-12-31;15;1289
11;2025-12-31;16;1308
11;2025-12-31;17;1318
11;2025-12-31;18;992
11;2025-12-31;19;881
11;2025-12-31;20;733
11;2025-12-31;21;501
11;2025-12-31;22;296
11;2025-12-31;23;228
12;2025-11-01;0;123
12;2025-11-01;1;14
12;2025-11-01;2;0
12;2025-11-01;3;0
12;2025-11-01;4;13
12;2025-11-01;5;476
12;2025-11-01;6;1709
12;2025-11-01;7;2802
12;2025-11-01;8;3370
12;2025-11-01;9;2790
12;2025-11-01;10;2513
12;2025-11-01;11;2552
12;2025-11-01;12;2538
12;2025-11-01;13;2613
12;2025-11-01;14;2509
12;2025-11-01;15;2703
12;2025-11-01;16;3015
12;2025-11-01;17;3166
12;2025-11-01;18;3237
12;2025-11-01;19;2596
12;2025-11-01;20;1952
12;2025-11-01;21;1376
12;2025-11-01;22;826
12;2025-11-01;23;533
12;2025-11-02;0;86
12;2025-11-02;1;6
12;2025-11-02;2;0
12;2025-11-02;3;0
12;2025-11-02;4;1
12;2025-11-02;5;197
12;2025-11-02;6;588
12;2025-11-02;7;728
12;2025-11-02;8;805
12;2025-11-02;9;968
12;2025-11-02;10;1147
12;2025-11-02;11;1271
12;2025-11-02;12;1315
12;2025-11-02;13;1479
12;2025-11-02;14;1417
12;2025-11-02;15;1360
12;2025-11-02;16;1439
12;2025-11-02;17;1446
12;2025-11-02;18;1301
12;2025-11-02;19;1139
12;2025-11-02;20;852
12;2025-11-02;21;633
12;2025-11-02;22;404
12;2025-11-02;23;237
12;2025-11-03;0;78
12;2025-11-03;1;7
12;2025-11-03;2;0
12;2025-11-03;3;0
12;2025-11-03;4;3
12;2025-11-03;5;233
12;2025-11-03;6;692
12;2025-11-03;7;854
12;2025-11-03;8;917
12;2025-11-03;9;1014
12;2025-11-03;10;1145
12;2025-11-03;11;1224
12;2025-11-03;12;1251
12;2025-11-03;13;1371
12;2025-11-03;14;1351
12;2025-11-03;15;1328
12;2025-11-03;16;1401
12;2025-11-03;17;1419
12;2025-11-03;18;1329
12;2025-11-03;19;1216
12;2025-11-03;20;948
12;2025-11-03;21;638
12;2025-11-03;22;409
12;2025-11-03;23;264
12;2025-11-04;0;69
12;2025-11-04;1;9
12;2025-11-04;2;1
12;2025-11-04;3;1
12;2025-11-04;4;2
12;2025-11-04;5;161
12;2025-11-04;6;550
12;2025-11-04;7;667
12;2025-11-04;8;763
12;2025-11-04;9;812
12;2025-11-04;10;968
12;2025-11-04;11;1042
12;2025-11-04;12;1161
12;2025-11-04;13;1341
12;2025-11-04;14;1284
12;2025-11-04;15;1168
12;2025-11-04;16;1352
12;2025-11-04;17;1229
12;2025-11-04;18;1209
12;2025-11-04;19;1109
12;2025-11-04;20;781
12;2025-11-04;21;619
12;2025-11-04;22;369
12;2025-11-04;23;221
12;2025-11-05;0;58
12;2025-11-05;1;2
12;2025-11-05;2;0
12;2025-11-05;3;0
12;2025-11-05;4;8
12;2025-11-05;5;370
12;2025-11-05;6;1464
12;2025-11-05;7;2687
12;2025-11-05;8;3399
12;2025-11-05;9;2514
12;2025-11-05;10;2069
12;2025-11-05;11;1989
12;2025-11-05;12;2050
12;2025-11-05;13;2031
12;2025-11-05;14;2024
12;2025-11-05;15;2217
12;2025-11-05;16;2652
12;2025-11-05;17;2971
12;2025-11-05;18;3110
12;2025-11-05;19;2496
12;2025-11-05;20;1613
12;2025-11-05;21;1016
12;2025-11-05;22;539
12;2025-11-05;23;277
12;2025-11-06;0;56
12;2025-11-06;1;2
12;2025-11-06;2;0
12;2025-11-06;3;0
12;2025-11-06;4;7
12;2025-11-06;5;368
12;2025-11-06;6;1436
12;2025-11-06;7;2675
12;2025-11-06;8;3402
12;2025-11-06;9;2480
12;2025-11-06;10;2048
12;2025-11-06;11;1998
12;2025-11-06;12;2039
12;2025-11-06;13;2033
12;2025-11-06;14;2028
12;2025-11-06;15;2249
12;2025-11-06;16;2672
12;2025-11-06;17;2999
12;2025-11-06;18;3113
12;2025-11-06;19;2495
12;2025-11-06;20;1636
12;2025-11-06;21;1000
12;2025-11-06;22;535
12;2025-11-06;23;279
12;2025-11-07;0;59
12;2025-11-07;1;2
12;2025-11-07;2;0
12;2025-11-07;3;0
12;2025-11-07;4;7
12;2025-11-07;5;358
12;2025-11-07;6;1431
12;2025-11-07;7;2645
12;2025-11-07;8;3356
12;2025-11-07;9;2445
12;2025-11-07;10;2012
12;2025-11-07;11;1980
12;2025-11-07;12;1993
12;2025-11-07;13;2026
12;2025-11-07;14;2028
12;2025-11-07;15;2269
12;2025-11-07;16;2700
12;2025-11-07;17;2932
12;2025-11-07;18;2809
12;2025-11-07;19;2331
12;2025-11-07;20;1546
12;2025-11-07;21;1015
12;2025-11-07;22;547
12;2025-11-07;23;297
12;2025-11-08;0;84
12;2025-11-08;1;5
12;2025-11-08;2;0
12;2025-11-08;3;0
12;2025-11-08;4;3
12;2025-11-08;5;257
12;2025-11-08;6;789
12;2025-11-08;7;931
12;2025-11-08;8;1003
12;2025-11-08;9;1151
12;2025-11-08;10;1359
12;2025-11-08;11;1444
12;2025-11-08;12;1453
12;2025-11-08;13;1630
12;2025-11-08;14;1576
12;2025-11-08;15;1480
12;2025-11-08;16;1554
12;2025-11-08;17;1526
12;2025-11-08;18;1453
12;2025-11-08;19;1343
12;2025-11-08;20;992
12;2025-11-08;21;705
12;2025-11-08;22;438
12;2025-11-08;23;276
12;2025-11-09;0;86
12;2025-11-09;1;6
12;2025-11-09;2;0
12;2025-11-09;3;0
12;2025-11-09;4;1
12;2025-11-09;5;197
12;2025-11-09;6;588
12;2025-11-09;7;728
12;2025-11-09;8;805
12;2025-11-09;9;968
12;2025-11-09;10;1147
12;2025-11-09;11;1271
12;2025-11-09;12;1315
12;2025-11-09;13;1479
12;2025-11-09;14;1417
12;2025-11-09;15;1360
12;2025-11-09;16;1439
12;2025-11-09;17;1446
12;2025-11-09;18;1301
12;2025-11-09;19;1139
12;2025-11-09;20;852
12;2025-11-09;21;633
12;2025-11-09;22;404
12;2025-11-09;23;237
12;2025-11-10;0;60
12;2025-11-10;1;3
12;2025-11-10;2;0
12;2025-11-10;3;0
12;2025-11-10;4;6
12;2025-11-10;5;355
12;2025-11-10;6;1400
12;2025-11-10;7;2610
12;2025-11-10;8;3328
12;2025-11-10;9;2423
12;2025-11-10;10;1983
12;2025-11-10;11;1928
12;2025-11-10;12;1997
12;2025-11-10;13;1983
12;2025-11-10;14;1956
12;2025-11-10;15;2168
12;2025-11-10;16;2575
12;2025-11-10;17;2919
12;2025-11-10;18;3046
12;2025-11-10;19;2427
12;2025-11-10;20;1576
12;2025-11-10;21;963
12;2025-11-10;22;507
12;2025-11-10;23;259
12;2025-11-11;0;55
12;2025-11-11;1;2
12;2025-11-11;2;0
12;2025-11-11;3;0
12;2025-11-11;4;8
12;2025-11-11;5;370
12;2025-11-11;6;1456
12;2025-11-11;7;2717
12;2025-11-11;8;3465
12;2025-11-11;9;2526
12;2025-11-11;10;2072
12;2025-11-11;11;2022
12;2025-11-11;12;2047
12;2025-11-11;13;2048
12;2025-11-11;14;2005
12;2025-11-11;15;2224
12;2025-11-11;16;2649
12;2025-11-11;17;2994
12;2025-11-11;18;3119
12;2025-11-11;19;2498
12;2025-11-11;20;1602
12;2025-11-11;21;988
12;2025-11-11;22;534
12;2025-11-11;23;268
12;2025-11-12;0;58
12;2025-11-12;1;2
12;2025-11-12;2;0
12;2025-11-12;3;0
12;2025-11-12;4;8
12;2025-11-12;5;370
12;2025-11-12;6;1464
12;2025-11-12;7;2687
12;2025-11-12;8;3399
12;2025-11-12;9;2514
12;2025-11-12;10;2069
12;2025-11-12;11;1989
12;2025-11-12;12;2050
12;2025-11-12;13;2031
12;2025-11-12;14;2024
12;2025-11-12;15;2217
12;2025-11-12;16;2652
12;2025-11-12;17;2971
12;2025-11-12;18;3110
12;2025-11-12;19;2496
12;2025-11-12;20;1613
12;2025-11-12;21;1016
12;2025-11-12;22;539
12;2025-11-12;23;277
12;2025-11-13;0;56
12;2025-11-13;1;2
12;2025-11-13;2;0
12;2025-11-13;3;0
12;2025-11-13;4;7
12;2025-11-13;5;368
12;2025-11-13;6;1436
12;2025-11-13;7;2675
12;2025-11-13;8;3402
12;2025-11-13;9;2480
12;2025-11-13;10;2048
12;2025-11-13;11;1998
12;2025-11-13;12;2039
12;2025-11-13;13;2033
12;2025-11-13;14;2028
12;2025-11-13;15;2249
12;2025-11-13;16;2672
12;2025-11-13;17;2999
12;2025-11-13;18;3113
12;2025-11-13;19;2495
12;2025-11-13;20;1636
12;2025-11-13;21;1000
12;2025-11-13;22;535
12;2025-11-13;23;279
12;2025-11-14;0;59
12;2025-11-14;1;2
12;2025-11-14;2;0
12;2025-11-14;3;0
12;2025-11-14;4;7
12;2025-11-14;5;358
12;2025-11-14;6;1431
12;2025-11-14;7;2645
12;2025-11-14;8;3356
12;2025-11-14;9;2445
12;2025-11-14;10;2012
12;2025-11-14;11;1980
12;2025-11-14;12;1993
12;2025-11-14;13;2026
12;2025-11-14;14;2028
12;2025-11-14;15;2269
12;2025-11-14;16;2700
12;2025-11-14;17;2932
12;2025-11-14;18;2809
12;2025-11-14;19;2331
12;2025-11-14;20;1546
12;2025-11-14;21;1015
12;2025-11-14;22;547
12;2025-11-14;23;297
12;2025-11-15;0;84
12;2025-11-15;1;5
12;2025-11-15;2;0
12;2025-11-15;3;0
12;2025-11-15;4;3
12;2025-11-15;5;257
12;2025-11-15;6;789
12;2025-11-15;7;931
12;2025-11-15;8;1003
12;2025-11-15;9;1151
12;2025-11-15;10;1359
12;2025-11-15;11;1444
12;2025-11-15;12;1453
12;2025-11-15;13;1630
12;2025-11-15;14;1576
12;2025-11-15;15;1480
12;2025-11-15;16;1554
12;2025-11-15;17;1526
12;2025-11-15;18;1453
12;2025-11-15;19;1343
12;2025-11-15;20;992
12;2025-11-15;21;705
12;2025-11-15;22;438
12;2025-11-15;23;276
12;2025-11-16;0;86
12;2025-11-16;1;6
12;2025-11-16;2;0
12;2025-11-16;3;0
12;2025-11-16;4;1
12;2025-11-16;5;197
12;2025-11-16;6;588
12;2025-11-16;7;728
12;2025-11-16;8;805
12;2025-11-16;9;968
12;2025-11-16;10;1147
12;2025-11-16;11;1271
12;2025-11-16;12;1315
12;2025-11-16;13;1479
12;2025-11-16;14;1417
12;2025-11-16;15;1360
12;2025-11-16;16;1439
12;2025-11-16;17;1446
12;2025-11-16;18;1301
12;2025-11-16;19;1139
12;2025-11-16;20;852
12;2025-11-16;21;633
12;2025-11-16;22;404
12;2025-11-16;23;237
12;2025-11-17;0;60
12;2025-11-17;1;3
12;2025-11-17;2;0
12;2025-11-17;3;0
12;2025-11-17;4;6
12;2025-11-17;5;355
12;2025-11-17;6;1400
12;2025-11-17;7;2610
12;2025-11-17;8;3328
12;2025-11-17;9;2423
12;2025-11-17;10;1983
12;2025-11-17;11;1928
12;2025-11-17;12;1997
12;2025-11-17;13;1983
12;2025-11-17;14;1956
12;2025-11-17;15;2168
12;2025-11-17;16;2575
12;2025-11-17;17;2919
12;2025-11-17;18;3046
12;2025-11-17;19;2427
12;2025-11-17;20;1576
12;2025-11-17;21;963
12;2025-11-17;22;507
12;2025-11-17;23;259
12;2025-11-18;0;55
12;2025-11-18;1;2
12;2025-11-18;2;0
12;2025-11-18;3;0
12;2025-11-18;4;8
12;2025-11-18;5;370
12;2025-11-18;6;1456
12;2025-11-18;7;2717
12;2025-11-18;8;3465
12;2025-11-18;9;2526
12;2025-11-18;10;2072
12;2025-11-18;11;2022
12;2025-11-18;12;2047
12;2025-11-18;13;2048
12;2025-11-18;14;2005
12;2025-11-18;15;2224
12;2025-11-18;16;2649
12;2025-11-18;17;2994
12;2025-11-18;18;3119
12;2025-11-18;19;2498
12;2025-11-18;20;1602
12;2025-11-18;21;988
12;2025-11-18;22;534
12;2025-11-18;23;268
12;2025-11-19;0;58
12;2025-11-19;1;2
12;2025-11-19;2;0
12;2025-11-19;3;0
12;2025-11-19;4;8
12;2025-11-19;5;370
12;2025-11-19;6;1464
12;2025-11-19;7;2687
12;2025-11-19;8;3399
12;2025-11-19;9;2514
12;2025-11-19;10;2069
12;2025-11-19;11;1989
12;2025-11-19;12;2050
12;2025-11-19;13;2031
12;2025-11-19;14;2024
12;2025-11-19;15;2217
12;2025-11-19;16;2652
12;2025-11-19;17;2971
12;2025-11-19;18;3110
12;2025-11-19;19;2496
12;2025-11-19;20;1613
12;2025-11-19;21;1016
12;2025-11-19;22;539
12;2025-11-19;23;277
12;2025-11-20;0;56
12;2025-11-20;1;2
12;2025-11-20;2;0
12;2025-11-20;3;0
12;2025-11-20;4;7
12;2025-11-20;5;368
12;2025-11-20;6;1436
12;2025-11-20;7;2675
12;2025-11-20;8;3402
12;2025-11-20;9;2480
12;2025-11-20;10;2048
12;2025-11-20;11;1998
12;2025-11-20;12;2039
12;2025-11-20;13;2033
12;2025-11-20;14;2028
12;2025-11-20;15;2249
12;2025-11-20;16;2672
12;2025-11-20;17;2999
12;2025-11-20;18;3113
12;2025-11-20;19;2495
12;2025-11-20;20;1636
12;2025-11-20;21;1000
12;2025-11-20;22;535
12;2025-11-20;23;279
12;2025-11-21;0;59
12;2025-11-21;1;2
12;2025-11-21;2;0
12;2025-11-21;3;0
12;2025-11-21;4;7
12;2025-11-21;5;358
12;2025-11-21;6;1431
12;2025-11-21;7;2645
12;2025-11-21;8;3356
12;2025-11-21;9;2445
12;2025-11-21;10;2012
12;2025-11-21;11;1980
12;2025-11-21;12;1993
12;2025-11-21;13;2026
12;2025-11-21;14;2028
12;2025-11-21;15;2269
12;2025-11-21;16;2700
12;2025-11-21;17;2932
12;2025-11-21;18;2809
12;2025-11-21;19;2331
12;2025-11-21;20;1546
12;2025-11-21;21;1015
12;2025-11-21;22;547
12;2025-11-21;23;297
12;2025-11-22;0;84
12;2025-11-22;1;5
12;2025-11-22;2;0
12;2025-11-22;3;0
12;2025-11-22;4;3
12;2025-11-22;5;257
12;2025-11-22;6;789
12;2025-11-22;7;931
12;2025-11-22;8;1003
12;2025-11-22;9;1151
12;2025-11-22;10;1359
12;2025-11-22;11;1444
12;2025-11-22;12;1453
12;2025-11-22;13;1630
12;2025-11-22;14;1576
12;2025-11-22;15;1480
12;2025-11-22;16;1554
12;2025-11-22;17;1526
12;2025-11-22;18;1453
12;2025-11-22;19;1343
12;2025-11-22;20;992
12;2025-11-22;21;705
12;2025-11-22;22;438
12;2025-11-22;23;276
12;2025-11-23;0;86
12;2025-11-23;1;6
12;2025-11-23;2;0
12;2025-11-23;3;0
12;2025-11-23;4;1
12;2025-11-23;5;197
12;2025-11-23;6;588
12;2025-11-23;7;728
12;2025-11-23;8;805
12;2025-11-23;9;968
12;2025-11-23;10;1147
12;2025-11-23;11;1271
12;2025-11-23;12;1315
12;2025-11-23;13;1479
12;2025-11-23;14;1417
12;2025-11-23;15;1360
12;2025-11-23;16;1439
12;2025-11-23;17;1446
12;2025-11-23;18;1301
12;2025-11-23;19;1139
12;2025-11-23;20;852
12;2025-11-23;21;633
12;2025-11-23;22;404
12;2025-11-23;23;237
12;2025-11-24;0;60
12;2025-11-24;1;3
12;2025-11-24;2;0
12;2025-11-24;3;0
12;2025-11-24;4;6
12;2025-11-24;5;355
12;2025-11-24;6;1400
12;2025-11-24;7;2610
12;2025-11-24;8;3328
12;2025-11-24;9;2423
12;2025-11-24;10;1983
12;2025-11-24;11;1928
12;2025-11-24;12;1997
12;2025-11-24;13;1983
12;2025-11-24;14;1956
12;2025-11-24;15;2168
12;2025-11-24;16;2575
12;2025-11-24;17;2919
12;2025-11-24;18;3046
12;2025-11-24;19;2427
12;2025-11-24;20;1576
12;2025-11-24;21;963
12;2025-11-24;22;507
12;2025-11-24;23;259
12;2025-11-25;0;55
12;2025-11-25;1;2
12;2025-11-25;2;0
12;2025-11-25;3;0
12;2025-11-25;4;8
12;2025-11-25;5;370
12;2025-11-25;6;1456
12;2025-11-25;7;2717
12;2025-11-25;8;3465
12;2025-11-25;9;2526
12;2025-11-25;10;2072
12;2025-11-25;11;2022
12;2025-11-25;12;2047
12;2025-11-25;13;2048
12;2025-11-25;14;2005
12;2025-11-25;15;2224
12;2025-11-25;16;2649
12;2025-11-25;17;2994
12;2025-11-25;18;3119
12;2025-11-25;19;2498
12;2025-11-25;20;1602
12;2025-11-25;21;988
12;2025-11-25;22;534
12;2025-11-25;23;268
12;2025-11-26;0;58
12;2025-11-26;1;2
12;2025-11-26;2;0
12;2025-11-26;3;0
12;2025-11-26;4;8
12;2025-11-26;5;370
12;2025-11-26;6;1464
12;2025-11-26;7;2687
12;2025-11-26;8;3399
12;2025-11-26;9;2514
12;2025-11-26;10;2069
12;2025-11-26;11;1989
12;2025-11-26;12;2050
12;2025-11-26;13;2031
12;2025-11-26;14;2024
12;2025-11-26;15;2217
12;2025-11-26;16;2652
12;2025-11-26;17;2971
12;2025-11-26;18;3110
12;2025-11-26;19;2496
12;2025-11-26;20;1613
12;2025-11-26;21;1016
12;2025-11-26;22;539
12;2025-11-26;23;277
12;2025-11-27;0;56
12;2025-11-27;1;2
12;2025-11-27;2;0
12;2025-11-27;3;0
12;2025-11-27;4;7
12;2025-11-27;5;368
12;2025-11-27;6;1436
12;2025-11-27;7;2675
12;2025-11-27;8;3402
12;2025-11-27;9;2480
12;2025-11-27;10;2048
12;2025-11-27;11;1998
12;2025-11-27;12;2039
12;2025-11-27;13;2033
12;2025-11-27;14;2028
12;2025-11-27;15;2249
12;2025-11-27;16;2672
12;2025-11-27;17;2999
12;2025-11-27;18;3113
12;2025-11-27;19;2495
12;2025-11-27;20;1636
12;2025-11-27;21;1000
12;2025-11-27;22;535
12;2025-11-27;23;279
12;2025-11-28;0;59
12;2025-11-28;1;2
12;2025-11-28;2;0
12;2025-11-28;3;0
12;2025-11-28;4;7
12;2025-11-28;5;358
12;2025-11-28;6;1431
12;2025-11-28;7;2645
12;2025-11-28;8;3356
12;2025-11-28;9;2445
12;2025-11-28;10;2012
12;2025-11-28;11;1980
12;2025-11-28;12;1993
12;2025-11-28;13;2026
12;2025-11-28;14;2028
12;2025-11-28;15;2269
12;2025-11-28;16;2700
12;2025-11-28;17;2932
12;2025-11-28;18;2809
12;2025-11-28;19;2331
12;2025-11-28;20;1546
12;2025-11-28;21;1015
12;2025-11-28;22;547
12;2025-11-28;23;297
12;2025-11-29;0;84
12;2025-11-29;1;5
12;2025-11-29;2;0
12;2025-11-29;3;0
12;2025-11-29;4;3
12;2025-11-29;5;257
12;2025-11-29;6;789
12;2025-11-29;7;931
12;2025-11-29;8;1003
12;2025-11-29;9;1151
12;2025-11-29;10;1359
12;2025-11-29;11;1444
12;2025-11-29;12;1453
12;2025-11-29;13;1630
12;2025-11-29;14;1576
12;2025-11-29;15;1480
12;2025-11-29;16;1554
12;2025-11-29;17;1526
12;2025-11-29;18;1453
12;2025-11-29;19;1343
12;2025-11-29;20;992
12;2025-11-29;21;705
12;2025-11-29;22;438
12;2025-11-29;23;276
12;2025-11-30;0;86
12;2025-11-30;1;6
12;2025-11-30;2;0
12;2025-11-30;3;0
12;2025-11-30;4;1
12;2025-11-30;5;197
12;2025-11-30;6;588
12;2025-11-30;7;728
12;2025-11-30;8;805
12;2025-11-30;9;968
12;2025-11-30;10;1147
12;2025-11-30;11;1271
12;2025-11-30;12;1315
12;2025-11-30;13;1479
12;2025-11-30;14;1417
12;2025-11-30;15;1360
12;2025-11-30;16;1439
12;2025-11-30;17;1446
12;2025-11-30;18;1301
12;2025-11-30;19;1139
12;2025-11-30;20;852
12;2025-11-30;21;633
12;2025-11-30;22;404
12;2025-11-30;23;237
12;2025-12-01;0;61
12;2025-12-01;1;3
12;2025-12-01;2;0
12;2025-12-01;3;0
12;2025-12-01;4;7
12;2025-12-01;5;357
12;2025-12-01;6;1402
12;2025-12-01;7;2590
12;2025-12-01;8;3296
12;2025-12-01;9;2422
12;2025-12-01;10;2006
12;2025-12-01;11;1951
12;2025-12-01;12;2014
12;2025-12-01;13;2000
12;2025-12-01;14;1973
12;2025-12-01;15;2182
12;2025-12-01;16;2588
12;2025-12-01;17;2920
12;2025-12-01;18;3049
12;2025-12-01;19;2442
12;2025-12-01;20;1591
12;2025-12-01;21;965
12;2025-12-01;22;510
12;2025-12-01;23;256
12;2025-12-02;0;55
12;2025-12-02;1;2
12;2025-12-02;2;0
12;2025-12-02;3;0
12;2025-12-02;4;9
12;2025-12-02;5;372
12;2025-12-02;6;1459
12;2025-12-02;7;2699
12;2025-12-02;8;3434
12;2025-12-02;9;2526
12;2025-12-02;10;2095
12;2025-12-02;11;2045
12;2025-12-02;12;2065
12;2025-12-02;13;2066
12;2025-12-02;14;2024
12;2025-12-02;15;2239
12;2025-12-02;16;2663
12;2025-12-02;17;2995
12;2025-12-02;18;3119
12;2025-12-02;19;2511
12;2025-12-02;20;1618
12;2025-12-02;21;992
12;2025-12-02;22;540
12;2025-12-02;23;268
12;2025-12-03;0;59
12;2025-12-03;1;2
12;2025-12-03;2;0
12;2025-12-03;3;0
12;2025-12-03;4;9
12;2025-12-03;5;372
12;2025-12-03;6;1467
12;2025-12-03;7;2668
12;2025-12-03;8;3367
12;2025-12-03;9;2513
12;2025-12-03;10;2090
12;2025-12-03;11;2011
12;2025-12-03;12;2066
12;2025-12-03;13;2048
12;2025-12-03;14;2041
12;2025-12-03;15;2231
12;2025-12-03;16;2664
12;2025-12-03;17;2966
12;2025-12-03;18;3106
12;2025-12-03;19;2507
12;2025-12-03;20;1627
12;2025-12-03;21;1020
12;2025-12-03;22;544
12;2025-12-03;23;277
12;2025-12-04;0;57
12;2025-12-04;1;2
12;2025-12-04;2;0
12;2025-12-04;3;0
12;2025-12-04;4;8
12;2025-12-04;5;370
12;2025-12-04;6;1438
12;2025-12-04;7;2656
12;2025-12-04;8;3370
12;2025-12-04;9;2479
12;2025-12-04;10;2070
12;2025-12-04;11;2020
12;2025-12-04;12;2055
12;2025-12-04;13;2049
12;2025-12-04;14;2045
12;2025-12-04;15;2262
12;2025-12-04;16;2684
12;2025-12-04;17;3000
12;2025-12-04;18;3115
12;2025-12-04;19;2508
12;2025-12-04;20;1651
12;2025-12-04;21;1003
12;2025-12-04;22;540
12;2025-12-04;23;278
12;2025-12-05;0;59
12;2025-12-05;1;2
12;2025-12-05;2;0
12;2025-12-05;3;0
12;2025-12-05;4;8
12;2025-12-05;5;360
12;2025-12-05;6;1433
12;2025-12-05;7;2623
12;2025-12-05;8;3322
12;2025-12-05;9;2445
12;2025-12-05;10;2034
12;2025-12-05;11;2002
12;2025-12-05;12;2010
12;2025-12-05;13;2044
12;2025-12-05;14;2046
12;2025-12-05;15;2284
12;2025-12-05;16;2713
12;2025-12-05;17;2934
12;2025-12-05;18;2814
12;2025-12-05;19;2350
12;2025-12-05;20;1565
12;2025-12-05;21;1019
12;2025-12-05;22;553
12;2025-12-05;23;297
12;2025-12-06;0;84
12;2025-12-06;1;5
12;2025-12-06;2;0
12;2025-12-06;3;0
12;2025-12-06;4;4
12;2025-12-06;5;256
12;2025-12-06;6;778
12;2025-12-06;7;907
12;2025-12-06;8;975
12;2025-12-06;9;1126
12;2025-12-06;10;1342
12;2025-12-06;11;1428
12;2025-12-06;12;1438
12;2025-12-06;13;1618
12;2025-12-06;14;1564
12;2025-12-06;15;1464
12;2025-12-06;16;1535
12;2025-12-06;17;1505
12;2025-12-06;18;1434
12;2025-12-06;19;1334
12;2025-12-06;20;984
12;2025-12-06;21;697
12;2025-12-06;22;432
12;2025-12-06;23;267
12;2025-12-07;0;86
12;2025-12-07;1;6
12;2025-12-07;2;0
12;2025-12-07;3;0
12;2025-12-07;4;2
12;2025-12-07;5;197
12;2025-12-07;6;579
12;2025-12-07;7;710
12;2025-12-07;8;780
12;2025-12-07;9;953
12;2025-12-07;10;1139
12;2025-12-07;11;1264
12;2025-12-07;12;1312
12;2025-12-07;13;1478
12;2025-12-07;14;1415
12;2025-12-07;15;1355
12;2025-12-07;16;1431
12;2025-12-07;17;1435
12;2025-12-07;18;1292
12;2025-12-07;19;1129
12;2025-12-07;20;843
12;2025-12-07;21;624
12;2025-12-07;22;398
12;2025-12-07;23;227
12;2025-12-08;0;61
12;2025-12-08;1;3
12;2025-12-08;2;0
12;2025-12-08;3;0
12;2025-12-08;4;7
12;2025-12-08;5;357
12;2025-12-08;6;1402
12;2025-12-08;7;2590
12;2025-12-08;8;3296
12;2025-12-08;9;2422
12;2025-12-08;10;2006
12;2025-12-08;11;1951
12;2025-12-08;12;2014
12;2025-12-08;13;2000
12;2025-12-08;14;1973
12;2025-12-08;15;2182
12;2025-12-08;16;2588
12;2025-12-08;17;2920
12;2025-12-08;18;3049
12;2025-12-08;19;2442
12;2025-12-08;20;1591
12;2025-12-08;21;965
12;2025-12-08;22;510
12;2025-12-08;23;256
12;2025-12-09;0;55
12;2025-12-09;1;2
12;2025-12-09;2;0
12;2025-12-09;3;0
12;2025-12-09;4;9
12;2025-12-09;5;372
12;2025-12-09;6;1459
12;2025-12-09;7;2699
12;2025-12-09;8;3434
12;2025-12-09;9;2526
12;2025-12-09;10;2095
12;2025-12-09;11;2045
12;2025-12-09;12;2065
12;2025-12-09;13;2066
12;2025-12-09;14;2024
12;2025-12-09;15;2239
12;2025-12-09;16;2663
12;2025-12-09;17;2995
12;2025-12-09;18;3119
12;2025-12-09;19;2511
12;2025-12-09;20;1618
12;2025-12-09;21;992
12;2025-12-09;22;540
12;2025-12-09;23;268
12;2025-12-10;0;59
12;2025-12-10;1;2
12;2025-12-10;2;0
12;2025-12-10;3;0
12;2025-12-10;4;9
12;2025-12-10;5;372
12;2025-12-10;6;1467
12;2025-12-10;7;2668
12;2025-12-10;8;3367
12;2025-12-10;9;2513
12;2025-12-10;10;2090
12;2025-12-10;11;2011
12;2025-12-10;12;2066
12;2025-12-10;13;2048
12;2025-12-10;14;2041
12;2025-12-10;15;2231
12;2025-12-10;16;2664
12;2025-12-10;17;2966
12;2025-12-10;18;3106
12;2025-12-10;19;2507
12;2025-12-10;20;1627
12;2025-12-10;21;1020
12;2025-12-10;22;544
12;2025-12-10;23;277
12;2025-12-11;0;57
12;2025-12-11;1;2
12;2025-12-11;2;0
12;2025-12-11;3;0
12;2025-12-11;4;8
12;2025-12-11;5;370
12;2025-12-11;6;1438
12;2025-12-11;7;2656
12;2025-12-11;8;3370
12;2025-12-11;9;2479
12;2025-12-11;10;2070
12;2025-12-11;11;2020
12;2025-12-11;12;2055
12;2025-12-11;13;2049
12;2025-12-11;14;2045
12;2025-12-11;15;2262
12;2025-12-11;16;2684
12;2025-12-11;17;3000
12;2025-12-11;18;3115
12;2025-12-11;19;2508
12;2025-12-11;20;1651
12;2025-12-11;21;1003
12;2025-12-11;22;540
12;2025-12-11;23;278
12;2025-12-12;0;59
12;2025-12-12;1;2
12;2025-12-12;2;0
12;2025-12-12;3;0
12;2025-12-12;4;8
12;2025-12-12;5;360
12;2025-12-12;6;1433
12;2025-12-12;7;2623
12;2025-12-12;8;3322
12;2025-12-12;9;2445
12;2025-12-12;10;2034
12;2025-12-12;11;2002
12;2025-12-12;12;2010
12;2025-12-12;13;2044
12;2025-12-12;14;2046
12;2025-12-12;15;2284
12;2025-12-12;16;2713
12;2025-12-12;17;2934
12;2025-12-12;18;2814
12;2025-12-12;19;2350
12;2025-12-12;20;1565
12;2025-12-12;21;1019
12;2025-12-12;22;553
12;2025-12-12;23;297
12;2025-12-13;0;84
12;2025-12-13;1;5
12;2025-12-13;2;0
12;2025-12-13;3;0
12;2025-12-13;4;4
12;2025-12-13;5;256
12;2025-12-13;6;778
12;2025-12-13;7;907
12;2025-12-13;8;975
12;2025-12-13;9;1126
12;2025-12-13;10;1342
12;2025-12-13;11;1428
12;2025-12-13;12;1438
12;2025-12-13;13;1618
12;2025-12-13;14;1564
12;2025-12-13;15;1464
12;2025-12-13;16;1535
12;2025-12-13;17;1505
12;2025-12-13;18;1434
12;2025-12-13;19;1334
12;2025-12-13;20;984
12;2025-12-13;21;697
12;2025-12-13;22;432
12;2025-12-13;23;267
12;2025-12-14;0;86
12;2025-12-14;1;6
12;2025-12-14;2;0
12;2025-12-14;3;0
12;2025-12-14;4;2
12;2025-12-14;5;197
12;2025-12-14;6;579
12;2025-12-14;7;710
12;2025-12-14;8;780
12;2025-12-14;9;953
12;2025-12-14;10;1139
12;2025-12-14;11;1264
12;2025-12-14;12;1312
12;2025-12-14;13;1478
12;2025-12-14;14;1415
12;2025-12-14;15;1355
12;2025-12-14;16;1431
12;2025-12-14;17;1435
12;2025-12-14;18;1292
12;2025-12-14;19;1129
12;2025-12-14;20;843
12;2025-12-14;21;624
12;2025-12-14;22;398
12;2025-12-14;23;227
12;2025-12-15;0;61
12;2025-12-15;1;3
12;2025-12-15;2;0
12;2025-12-15;3;0
12;2025-12-15;4;7
12;2025-12-15;5;357
12;2025-12-15;6;1402
12;2025-12-15;7;2590
12;2025-12-15;8;3296
12;2025-12-15;9;2422
12;2025-12-15;10;2006
12;2025-12-15;11;1951
12;2025-12-15;12;2014
12;2025-12-15;13;2000
12;2025-12-15;14;1973
12;2025-12-15;15;2182
12;2025-12-15;16;2588
12;2025-12-15;17;2920
12;2025-12-15;18;3049
12;2025-12-15;19;2442
12;2025-12-15;20;1591
12;2025-12-15;21;965
12;2025-12-15;22;510
12;2025-12-15;23;256
12;2025-12-16;0;55
12;2025-12-16;1;2
12;2025-12-16;2;0
12;2025-12-16;3;0
12;2025-12-16;4;9
12;2025-12-16;5;372
12;2025-12-16;6;1459
12;2025-12-16;7;2699
12;2025-12-16;8;3434
12;2025-12-16;9;2526
12;2025-12-16;10;2095
12;2025-12-16;11;2045
12;2025-12-16;12;2065
12;2025-12-16;13;2066
12;2025-12-16;14;2024
12;2025-12-16;15;2239
12;2025-12-16;16;2663
12;2025-12-16;17;2995
12;2025-12-16;18;3119
12;2025-12-16;19;2511
12;2025-12-16;20;1618
12;2025-12-16;21;992
12;2025-12-16;22;540
12;2025-12-16;23;268
12;2025-12-17;0;59
12;2025-12-17;1;2
12;2025-12-17;2;0
12;2025-12-17;3;0
12;2025-12-17;4;9
12;2025-12-17;5;372
12;2025-12-17;6;1467
12;2025-12-17;7;2668
12;2025-12-17;8;3367
12;2025-12-17;9;2513
12;2025-12-17;10;2090
12;2025-12-17;11;2011
12;2025-12-17;12;2066
12;2025-12-17;13;2048
12;2025-12-17;14;2041
12;2025-12-17;15;2231
12;2025-12-17;16;2664
12;2025-12-17;17;2966
12;2025-12-17;18;3106
12;2025-12-17;19;2507
12;2025-12-17;20;1627
12;2025-12-17;21;1020
12;2025-12-17;22;544
12;2025-12-17;23;277
12;2025-12-18;0;57
12;2025-12-18;1;2
12;2025-12-18;2;0
12;2025-12-18;3;0
12;2025-12-18;4;8
12;2025-12-18;5;370
12;2025-12-18;6;1438
12;2025-12-18;7;2656
12;2025-12-18;8;3370
12;2025-12-18;9;2479
12;2025-12-18;10;2070
12;2025-12-18;11;2020
12;2025-12-18;12;2055
12;2025-12-18;13;2049
12;2025-12-18;14;2045
12;2025-12-18;15;2262
12;2025-12-18;16;2684
12;2025-12-18;17;3000
12;2025-12-18;18;3115
12;2025-12-18;19;2508
12;2025-12-18;20;1651
12;2025-12-18;21;1003
12;2025-12-18;22;540
12;2025-12-18;23;278
12;2025-12-19;0;59
12;2025-12-19;1;2
12;2025-12-19;2;0
12;2025-12-19;3;0
12;2025-12-19;4;8
12;2025-12-19;5;360
12;2025-12-19;6;1433
12;2025-12-19;7;2623
12;2025-12-19;8;3322
12;2025-12-19;9;2445
12;2025-12-19;10;2034
12;2025-12-19;11;2002
12;2025-12-19;12;2010
12;2025-12-19;13;2044
12;2025-12-19;14;2046
12;2025-12-19;15;2284
12;2025-12-19;16;2713
12;2025-12-19;17;2934
12;2025-12-19;18;2814
12;2025-12-19;19;2350
12;2025-12-19;20;1565
12;2025-12-19;21;1019
12;2025-12-19;22;553
12;2025-12-19;23;297
12;2025-12-20;0;84
12;2025-12-20;1;5
12;2025-12-20;2;0
12;2025-12-20;3;0
12;2025-12-20;4;4
12;2025-12-20;5;256
12;2025-12-20;6;778
12;2025-12-20;7;907
12;2025-12-20;8;975
12;2025-12-20;9;1126
12;2025-12-20;10;1342
12;2025-12-20;11;1428
12;2025-12-20;12;1438
12;2025-12-20;13;1618
12;2025-12-20;14;1564
12;2025-12-20;15;1464
12;2025-12-20;16;1535
12;2025-12-20;17;1505
12;2025-12-20;18;1434
12;2025-12-20;19;1334
12;2025-12-20;20;984
12;2025-12-20;21;697
12;2025-12-20;22;432
12;2025-12-20;23;267
12;2025-12-21;0;86
12;2025-12-21;1;6
12;2025-12-21;2;0
12;2025-12-21;3;0
12;2025-12-21;4;2
12;2025-12-21;5;197
12;2025-12-21;6;579
12;2025-12-21;7;710
12;2025-12-21;8;780
12;2025-12-21;9;953
12;2025-12-21;10;1139
12;2025-12-21;11;1264
12;2025-12-21;12;1312
12;2025-12-21;13;1478
12;2025-12-21;14;1415
12;2025-12-21;15;1355
12;2025-12-21;16;1431
12;2025-12-21;17;1435
12;2025-12-21;18;1292
12;2025-12-21;19;1129
12;2025-12-21;20;843
12;2025-12-21;21;624
12;2025-12-21;22;398
12;2025-12-21;23;227
12;2025-12-22;0;61
12;2025-12-22;1;3
12;2025-12-22;2;0
12;2025-12-22;3;0
12;2025-12-22;4;7
12;2025-12-22;5;357
12;2025-12-22;6;1402
12;2025-12-22;7;2590
12;2025-12-22;8;3296
12;2025-12-22;9;2422
12;2025-12-22;10;2006
12;2025-12-22;11;1951
12;2025-12-22;12;2014
12;2025-12-22;13;2000
12;2025-12-22;14;1973
12;2025-12-22;15;2182
12;2025-12-22;16;2588
12;2025-12-22;17;2920
12;2025-12-22;18;3049
12;2025-12-22;19;2442
12;2025-12-22;20;1591
12;2025-12-22;21;965
12;2025-12-22;22;510
12;2025-12-22;23;256
12;2025-12-23;0;55
12;2025-12-23;1;2
12;2025-12-23;2;0
12;2025-12-23;3;0
12;2025-12-23;4;9
12;2025-12-23;5;372
12;2025-12-23;6;1459
12;2025-12-23;7;2699
12;2025-12-23;8;3434
12;2025-12-23;9;2526
12;2025-12-23;10;2095
12;2025-12-23;11;2045
12;2025-12-23;12;2065
12;2025-12-23;13;2066
12;2025-12-23;14;2024
12;2025-12-23;15;2239
12;2025-12-23;16;2663
12;2025-12-23;17;2995
12;2025-12-23;18;3119
12;2025-12-23;19;2511
12;2025-12-23;20;1618
12;2025-12-23;21;992
12;2025-12-23;22;540
12;2025-12-23;23;268
12;2025-12-24;0;59
12;2025-12-24;1;2
12;2025-12-24;2;0
12;2025-12-24;3;0
12;2025-12-24;4;9
12;2025-12-24;5;372
12;2025-12-24;6;1467
12;2025-12-24;7;2668
12;2025-12-24;8;3367
12;2025-12-24;9;2513
12;2025-12-24;10;2090
12;2025-12-24;11;2011
12;2025-12-24;12;2066
12;2025-12-24;13;2048
12;2025-12-24;14;2041
12;2025-12-24;15;2231
12;2025-12-24;16;2664
12;2025-12-24;17;2966
12;2025-12-24;18;3106
12;2025-12-24;19;2507
12;2025-12-24;20;1627
12;2025-12-24;21;1020
12;2025-12-24;22;544
12;2025-12-24;23;277
12;2025-12-25;0;57
12;2025-12-25;1;2
12;2025-12-25;2;0
12;2025-12-25;3;0
12;2025-12-25;4;8
12;2025-12-25;5;370
12;2025-12-25;6;1438
12;2025-12-25;7;2656
12;2025-12-25;8;3370
12;2025-12-25;9;2479
12;2025-12-25;10;2070
12;2025-12-25;11;2020
12;2025-12-25;12;2055
12;2025-12-25;13;2049
12;2025-12-25;14;2045
12;2025-12-25;15;2262
12;2025-12-25;16;2684
12;2025-12-25;17;3000
12;2025-12-25;18;3115
12;2025-12-25;19;2508
12;2025-12-25;20;1651
12;2025-12-25;21;1003
12;2025-12-25;22;540
12;2025-12-25;23;278
12;2025-12-26;0;59
12;2025-12-26;1;2
12;2025-12-26;2;0
12;2025-12-26;3;0
12;2025-12-26;4;8
12;2025-12-26;5;360
12;2025-12-26;6;1433
12;2025-12-26;7;2623
12;2025-12-26;8;3322
12;2025-12-26;9;2445
12;2025-12-26;10;2034
12;2025-12-26;11;2002
12;2025-12-26;12;2010
12;2025-12-26;13;2044
12;2025-12-26;14;2046
12;2025-12-26;15;2284
12;2025-12-26;16;2713
12;2025-12-26;17;2934
12;2025-12-26;18;2814
12;2025-12-26;19;2350
12;2025-12-26;20;1565
12;2025-12-26;21;1019
12;2025-12-26;22;553
12;2025-12-26;23;297
12;2025-12-27;0;84
12;2025-12-27;1;5
12;2025-12-27;2;0
12;2025-12-27;3;0
12;2025-12-27;4;4
12;2025-12-27;5;256
12;2025-12-27;6;778
12;2025-12-27;7;907
12;2025-12-27;8;975
12;2025-12-27;9;1126
12;2025-12-27;10;1342
12;2025-12-27;11;1428
12;2025-12-27;12;1438
12;2025-12-27;13;1618
12;2025-12-27;14;1564
12;2025-12-27;15;1464
12;2025-12-27;16;1535
12;2025-12-27;17;1505
12;2025-12-27;18;1434
12;2025-12-27;19;1334
12;2025-12-27;20;984
12;2025-12-27;21;697
12;2025-12-27;22;432
12;2025-12-27;23;267
12;2025-12-28;0;86
12;2025-12-28;1;6
12;2025-12-28;2;0
12;2025-12-28;3;0
12;2025-12-28;4;2
12;2025-12-28;5;197
12;2025-12-28;6;579
12;2025-12-28;7;710
12;2025-12-28;8;780
12;2025-12-28;9;953
12;2025-12-28;10;1139
12;2025-12-28;11;1264
12;2025-12-28;12;1312
12;2025-12-28;13;1478
12;2025-12-28;14;1415
12;2025-12-28;15;1355
12;2025-12-28;16;1431
12;2025-12-28;17;1435
12;2025-12-28;18;1292
12;2025-12-28;19;1129
12;2025-12-28;20;843
12;2025-12-28;21;624
12;2025-12-28;22;398
12;2025-12-28;23;227
12;2025-12-29;0;58
12;2025-12-29;1;3
12;2025-12-29;2;0
12;2025-12-29;3;0
12;2025-12-29;4;7
12;2025-12-29;5;339
12;2025-12-29;6;1332
12;2025-12-29;7;2460
12;2025-12-29;8;3131
12;2025-12-29;9;2301
12;2025-12-29;10;1906
12;2025-12-29;11;1853
12;2025-12-29;12;1913
12;2025-12-29;13;1900
12;2025-12-29;14;1874
12;2025-12-29;15;2073
12;2025-12-29;16;2459
12;2025-12-29;17;2774
12;2025-12-29;18;2897
12;2025-12-29;19;2320
12;2025-12-29;20;1511
12;2025-12-29;21;917
12;2025-12-29;22;484
12;2025-12-29;23;243
12;2025-12-30;0;51
12;2025-12-30;1;2
12;2025-12-30;2;0
12;2025-12-30;3;0
12;2025-12-30;4;8
12;2025-12-30;5;342
12;2025-12-30;6;1342
12;2025-12-30;7;2483
12;2025-12-30;8;3159
12;2025-12-30;9;2324
12;2025-12-30;10;1927
12;2025-12-30;11;1881
12;2025-12-30;12;1900
12;2025-12-30;13;1901
12;2025-12-30;14;1862
12;2025-12-30;15;2060
12;2025-12-30;16;2450
12;2025-12-30;17;2755
12;2025-12-30;18;2869
12;2025-12-30;19;2310
12;2025-12-30;20;1489
12;2025-12-30;21;913
12;2025-12-30;22;497
12;2025-12-30;23;247
12;2025-12-31;0;68
12;2025-12-31;1;5
12;2025-12-31;2;0
12;2025-12-31;3;0
12;2025-12-31;4;3
12;2025-12-31;5;205
12;2025-12-31;6;601
12;2025-12-31;7;762
12;2025-12-31;8;826
12;2025-12-31;9;925
12;2025-12-31;10;1042
12;2025-12-31;11;1132
12;2025-12-31;12;1122
12;2025-12-31;13;1179
12;2025-12-31;14;1180
12;2025-12-31;15;1149
12;2025-12-31;16;1224
12;2025-12-31;17;1207
12;2025-12-31;18;914
12;2025-12-31;19;832
12;2025-12-31;20;635
12;2025-12-31;21;459
12;2025-12-31;22;288
12;2025-12-31;23;201
17;2025-11-01;0;239
17;2025-11-01;1;49
17;2025-11-01;2;0
17;2025-11-01;3;0
17;2025-11-01;4;30
17;2025-11-01;5;435
17;2025-11-01;6;1850
17;2025-11-01;7;4099
17;2025-11-01;8;5052
17;2025-11-01;9;4247
17;2025-11-01;10;3659
17;2025-11-01;11;3641
17;2025-11-01;12;3656
17;2025-11-01;13;3846
17;2025-11-01;14;3736
17;2025-11-01;15;3896
17;2025-11-01;16;4237
17;2025-11-01;17;4713
17;2025-11-01;18;4912
17;2025-11-01;19;3714
17;2025-11-01;20;2902
17;2025-11-01;21;2100
17;2025-11-01;22;1262
17;2025-11-01;23;772
17;2025-11-02;0;187
17;2025-11-02;1;25
17;2025-11-02;2;0
17;2025-11-02;3;0
17;2025-11-02;4;4
17;2025-11-02;5;94
17;2025-11-02;6;447
17;2025-11-02;7;938
17;2025-11-02;8;1306
17;2025-11-02;9;1693
17;2025-11-02;10;2093
17;2025-11-02;11;2418
17;2025-11-02;12;2680
17;2025-11-02;13;2875
17;2025-11-02;14;2908
17;2025-11-02;15;2938
17;2025-11-02;16;2929
17;2025-11-02;17;2849
17;2025-11-02;18;2635
17;2025-11-02;19;2177
17;2025-11-02;20;1710
17;2025-11-02;21;1221
17;2025-11-02;22;766
17;2025-11-02;23;362
17;2025-11-03;0;153
17;2025-11-03;1;23
17;2025-11-03;2;0
17;2025-11-03;3;0
17;2025-11-03;4;8
17;2025-11-03;5;152
17;2025-11-03;6;585
17;2025-11-03;7;1161
17;2025-11-03;8;1515
17;2025-11-03;9;1783
17;2025-11-03;10;2078
17;2025-11-03;11;2244
17;2025-11-03;12;2511
17;2025-11-03;13;2653
17;2025-11-03;14;2687
17;2025-11-03;15;2778
17;2025-11-03;16;2819
17;2025-11-03;17;2896
17;2025-11-03;18;2733
17;2025-11-03;19;2272
17;2025-11-03;20;1829
17;2025-11-03;21;1254
17;2025-11-03;22;771
17;2025-11-03;23;395
17;2025-11-04;0;177
17;2025-11-04;1;38
17;2025-11-04;2;3
17;2025-11-04;3;2
17;2025-11-04;4;5
17;2025-11-04;5;92
17;2025-11-04;6;435
17;2025-11-04;7;927
17;2025-11-04;8;1276
17;2025-11-04;9;1489
17;2025-11-04;10;1791
17;2025-11-04;11;2142
17;2025-11-04;12;2467
17;2025-11-04;13;2714
17;2025-11-04;14;2787
17;2025-11-04;15;2953
17;2025-11-04;16;3076
17;2025-11-04;17;3044
17;2025-11-04;18;2740
17;2025-11-04;19;2298
17;2025-11-04;20;1787
17;2025-11-04;21;1326
17;2025-11-04;22;841
17;2025-11-04;23;390
17;2025-11-05;0;134
17;2025-11-05;1;13
17;2025-11-05;2;0
17;2025-11-05;3;0
17;2025-11-05;4;25
17;2025-11-05;5;335
17;2025-11-05;6;1576
17;2025-11-05;7;4088
17;2025-11-05;8;5202
17;2025-11-05;9;3835
17;2025-11-05;10;3017
17;2025-11-05;11;2962
17;2025-11-05;12;3017
17;2025-11-05;13;3075
17;2025-11-05;14;3104
17;2025-11-05;15;3259
17;2025-11-05;16;3651
17;2025-11-05;17;4465
17;2025-11-05;18;4830
17;2025-11-05;19;3523
17;2025-11-05;20;2479
17;2025-11-05;21;1570
17;2025-11-05;22;865
17;2025-11-05;23;406
17;2025-11-06;0;137
17;2025-11-06;1;12
17;2025-11-06;2;0
17;2025-11-06;3;0
17;2025-11-06;4;25
17;2025-11-06;5;339
17;2025-11-06;6;1578
17;2025-11-06;7;4064
17;2025-11-06;8;5225
17;2025-11-06;9;3871
17;2025-11-06;10;3052
17;2025-11-06;11;2989
17;2025-11-06;12;3054
17;2025-11-06;13;3119
17;2025-11-06;14;3138
17;2025-11-06;15;3309
17;2025-11-06;16;3740
17;2025-11-06;17;4543
17;2025-11-06;18;4867
17;2025-11-06;19;3571
17;2025-11-06;20;2521
17;2025-11-06;21;1596
17;2025-11-06;22;883
17;2025-11-06;23;416
17;2025-11-07;0;140
17;2025-11-07;1;14
17;2025-11-07;2;0
17;2025-11-07;3;0
17;2025-11-07;4;24
17;2025-11-07;5;333
17;2025-11-07;6;1560
17;2025-11-07;7;4039
17;2025-11-07;8;5170
17;2025-11-07;9;3831
17;2025-11-07;10;3031
17;2025-11-07;11;2992
17;2025-11-07;12;3048
17;2025-11-07;13;3136
17;2025-11-07;14;3200
17;2025-11-07;15;3395
17;2025-11-07;16;3874
17;2025-11-07;17;4524
17;2025-11-07;18;4614
17;2025-11-07;19;3415
17;2025-11-07;20;2472
17;2025-11-07;21;1626
17;2025-11-07;22;919
17;2025-11-07;23;453
17;2025-11-08;0;197
17;2025-11-08;1;26
17;2025-11-08;2;0
17;2025-11-08;3;0
17;2025-11-08;4;6
17;2025-11-08;5;137
17;2025-11-08;6;574
17;2025-11-08;7;1227
17;2025-11-08;8;1664
17;2025-11-08;9;2021
17;2025-11-08;10;2372
17;2025-11-08;11;2695
17;2025-11-08;12;2915
17;2025-11-08;13;3082
17;2025-11-08;14;3081
17;2025-11-08;15;3134
17;2025-11-08;16;3139
17;2025-11-08;17;3104
17;2025-11-08;18;2909
17;2025-11-08;19;2421
17;2025-11-08;20;1926
17;2025-11-08;21;1375
17;2025-11-08;22;871
17;2025-11-08;23;443
17;2025-11-09;0;187
17;2025-11-09;1;25
17;2025-11-09;2;0
17;2025-11-09;3;0
17;2025-11-09;4;4
17;2025-11-09;5;94
17;2025-11-09;6;447
17;2025-11-09;7;938
17;2025-11-09;8;1306
17;2025-11-09;9;1693
17;2025-11-09;10;2093
17;2025-11-09;11;2418
17;2025-11-09;12;2680
17;2025-11-09;13;2875
17;2025-11-09;14;2908
17;2025-11-09;15;2938
17;2025-11-09;16;2929
17;2025-11-09;17;2849
17;2025-11-09;18;2635
17;2025-11-09;19;2177
17;2025-11-09;20;1710
17;2025-11-09;21;1221
17;2025-11-09;22;766
17;2025-11-09;23;362
17;2025-11-10;0;124
17;2025-11-10;1;13
17;2025-11-10;2;0
17;2025-11-10;3;0
17;2025-11-10;4;22
17;2025-11-10;5;322
17;2025-11-10;6;1532
17;2025-11-10;7;4005
17;2025-11-10;8;5154
17;2025-11-10;9;3797
17;2025-11-10;10;2970
17;2025-11-10;11;2930
17;2025-11-10;12;2971
17;2025-11-10;13;3034
17;2025-11-10;14;3055
17;2025-11-10;15;3233
17;2025-11-10;16;3630
17;2025-11-10;17;4435
17;2025-11-10;18;4779
17;2025-11-10;19;3501
17;2025-11-10;20;2431
17;2025-11-10;21;1504
17;2025-11-10;22;820
17;2025-11-10;23;370
17;2025-11-11;0;127
17;2025-11-11;1;12
17;2025-11-11;2;0
17;2025-11-11;3;0
17;2025-11-11;4;25
17;2025-11-11;5;333
17;2025-11-11;6;1582
17;2025-11-11;7;4099
17;2025-11-11;8;5267
17;2025-11-11;9;3893
17;2025-11-11;10;3041
17;2025-11-11;11;2953
17;2025-11-11;12;3030
17;2025-11-11;13;3072
17;2025-11-11;14;3114
17;2025-11-11;15;3263
17;2025-11-11;16;3675
17;2025-11-11;17;4509
17;2025-11-11;18;4870
17;2025-11-11;19;3552
17;2025-11-11;20;2496
17;2025-11-11;21;1567
17;2025-11-11;22;855
17;2025-11-11;23;396
17;2025-11-12;0;134
17;2025-11-12;1;13
17;2025-11-12;2;0
17;2025-11-12;3;0
17;2025-11-12;4;25
17;2025-11-12;5;335
17;2025-11-12;6;1576
17;2025-11-12;7;4088
17;2025-11-12;8;5202
17;2025-11-12;9;3835
17;2025-11-12;10;3017
17;2025-11-12;11;2962
17;2025-11-12;12;3017
17;2025-11-12;13;3075
17;2025-11-12;14;3104
17;2025-11-12;15;3259
17;2025-11-12;16;3651
17;2025-11-12;17;4465
17;2025-11-12;18;4830
17;2025-11-12;19;3523
17;2025-11-12;20;2479
17;2025-11-12;21;1570
17;2025-11-12;22;865
17;2025-11-12;23;406
17;2025-11-13;0;137
17;2025-11-13;1;12
17;2025-11-13;2;0
17;2025-11-13;3;0
17;2025-11-13;4;25
17;2025-11-13;5;339
17;2025-11-13;6;1578
17;2025-11-13;7;4064
17;2025-11-13;8;5225
17;2025-11-13;9;3871
17;2025-11-13;10;3052
17;2025-11-13;11;2989
17;2025-11-13;12;3054
17;2025-11-13;13;3119
17;2025-11-13;14;3138
17;2025-11-13;15;3309
17;2025-11-13;16;3740
17;2025-11-13;17;4543
17;2025-11-13;18;4867
17;2025-11-13;19;3571
17;2025-11-13;20;2521
17;2025-11-13;21;1596
17;2025-11-13;22;883
17;2025-11-13;23;416
17;2025-11-14;0;140
17;2025-11-14;1;14
17;2025-11-14;2;0
17;2025-11-14;3;0
17;2025-11-14;4;24
17;2025-11-14;5;333
17;2025-11-14;6;1560
17;2025-11-14;7;4039
17;2025-11-14;8;5170
17;2025-11-14;9;3831
17;2025-11-14;10;3031
17;2025-11-14;11;2992
17;2025-11-14;12;3048
17;2025-11-14;13;3136
17;2025-11-14;14;3200
17;2025-11-14;15;3395
17;2025-11-14;16;3874
17;2025-11-14;17;4524
17;2025-11-14;18;4614
17;2025-11-14;19;3415
17;2025-11-14;20;2472
17;2025-11-14;21;1626
17;2025-11-14;22;919
17;2025-11-14;23;453
17;2025-11-15;0;197
17;2025-11-15;1;26
17;2025-11-15;2;0
17;2025-11-15;3;0
17;2025-11-15;4;6
17;2025-11-15;5;137
17;2025-11-15;6;574
17;2025-11-15;7;1227
17;2025-11-15;8;1664
17;2025-11-15;9;2021
17;2025-11-15;10;2372
17;2025-11-15;11;2695
17;2025-11-15;12;2915
17;2025-11-15;13;3082
17;2025-11-15;14;3081
17;2025-11-15;15;3134
17;2025-11-15;16;3139
17;2025-11-15;17;3104
17;2025-11-15;18;2909
17;2025-11-15;19;2421
17;2025-11-15;20;1926
17;2025-11-15;21;1375
17;2025-11-15;22;871
17;2025-11-15;23;443
17;2025-11-16;0;187
17;2025-11-16;1;25
17;2025-11-16;2;0
17;2025-11-16;3;0
17;2025-11-16;4;4
17;2025-11-16;5;94
17;2025-11-16;6;447
17;2025-11-16;7;938
17;2025-11-16;8;1306
17;2025-11-16;9;1693
17;2025-11-16;10;2093
17;2025-11-16;11;2418
17;2025-11-16;12;2680
17;2025-11-16;13;2875
17;2025-11-16;14;2908
17;2025-11-16;15;2938
17;2025-11-16;16;2929
17;2025-11-16;17;2849
17;2025-11-16;18;2635
17;2025-11-16;19;2177
17;2025-11-16;20;1710
17;2025-11-16;21;1221
17;2025-11-16;22;766
17;2025-11-16;23;362
17;2025-11-17;0;124
17;2025-11-17;1;13
17;2025-11-17;2;0
17;2025-11-17;3;0
17;2025-11-17;4;22
17;2025-11-17;5;322
17;2025-11-17;6;1532
17;2025-11-17;7;4005
17;2025-11-17;8;5154
17;2025-11-17;9;3797
17;2025-11-17;10;2970
17;2025-11-17;11;2930
17;2025-11-17;12;2971
17;2025-11-17;13;3034
17;2025-11-17;14;3055
17;2025-11-17;15;3233
17;2025-11-17;16;3630
17;2025-11-17;17;4435
17;2025-11-17;18;4779
17;2025-11-17;19;3501
17;2025-11-17;20;2431
17;2025-11-17;21;1504
17;2025-11-17;22;820
17;2025-11-17;23;370
17;2025-11-18;0;127
17;2025-11-18;1;12
17;2025-11-18;2;0
17;2025-11-18;3;0
17;2025-11-18;4;25
17;2025-11-18;5;333
17;2025-11-18;6;1582
17;2025-11-18;7;4099
17;2025-11-18;8;5267
17;2025-11-18;9;3893
17;2025-11-18;10;3041
17;2025-11-18;11;2953
17;2025-11-18;12;3030
17;2025-11-18;13;3072
17;2025-11-18;14;3114
17;2025-11-18;15;3263
17;2025-11-18;16;3675
17;2025-11-18;17;4509
17;2025-11-18;18;4870
17;2025-11-18;19;3552
17;2025-11-18;20;2496
17;2025-11-18;21;1567
17;2025-11-18;22;855
17;2025-11-18;23;396
17;2025-11-19;0;134
17;2025-11-19;1;13
17;2025-11-19;2;0
17;2025-11-19;3;0
17;2025-11-19;4;25
17;2025-11-19;5;335
17;2025-11-19;6;1576
17;2025-11-19;7;4088
17;2025-11-19;8;5202
17;2025-11-19;9;3835
17;2025-11-19;10;3017
17;2025-11-19;11;2962
17;2025-11-19;12;3017
17;2025-11-19;13;3075
17;2025-11-19;14;3104
17;2025-11-19;15;3259
17;2025-11-19;16;3651
17;2025-11-19;17;4465
17;2025-11-19;18;4830
17;2025-11-19;19;3523
17;2025-11-19;20;2479
17;2025-11-19;21;1570
17;2025-11-19;22;865
17;2025-11-19;23;406
17;2025-11-20;0;137
17;2025-11-20;1;12
17;2025-11-20;2;0
17;2025-11-20;3;0
17;2025-11-20;4;25
17;2025-11-20;5;339
17;2025-11-20;6;1578
17;2025-11-20;7;4064
17;2025-11-20;8;5225
17;2025-11-20;9;3871
17;2025-11-20;10;3052
17;2025-11-20;11;2989
17;2025-11-20;12;3054
17;2025-11-20;13;3119
17;2025-11-20;14;3138
17;2025-11-20;15;3309
17;2025-11-20;16;3740
17;2025-11-20;17;4543
17;2025-11-20;18;4867
17;2025-11-20;19;3571
17;2025-11-20;20;2521
17;2025-11-20;21;1596
17;2025-11-20;22;883
17;2025-11-20;23;416
17;2025-11-21;0;140
17;2025-11-21;1;14
17;2025-11-21;2;0
17;2025-11-21;3;0
17;2025-11-21;4;24
17;2025-11-21;5;333
17;2025-11-21;6;1560
17;2025-11-21;7;4039
17;2025-11-21;8;5170
17;2025-11-21;9;3831
17;2025-11-21;10;3031
17;2025-11-21;11;2992
17;2025-11-21;12;3048
17;2025-11-21;13;3136
17;2025-11-21;14;3200
17;2025-11-21;15;3395
17;2025-11-21;16;3874
17;2025-11-21;17;4524
17;2025-11-21;18;4614
17;2025-11-21;19;3415
17;2025-11-21;20;2472
17;2025-11-21;21;1626
17;2025-11-21;22;919
17;2025-11-21;23;453
17;2025-11-22;0;197
17;2025-11-22;1;26
17;2025-11-22;2;0
17;2025-11-22;3;0
17;2025-11-22;4;6
17;2025-11-22;5;137
17;2025-11-22;6;574
17;2025-11-22;7;1227
17;2025-11-22;8;1664
17;2025-11-22;9;2021
17;2025-11-22;10;2372
17;2025-11-22;11;2695
17;2025-11-22;12;2915
17;2025-11-22;13;3082
17;2025-11-22;14;3081
17;2025-11-22;15;3134
17;2025-11-22;16;3139
17;2025-11-22;17;3104
17;2025-11-22;18;2909
17;2025-11-22;19;2421
17;2025-11-22;20;1926
17;2025-11-22;21;1375
17;2025-11-22;22;871
17;2025-11-22;23;443
17;2025-11-23;0;187
17;2025-11-23;1;25
17;2025-11-23;2;0
17;2025-11-23;3;0
17;2025-11-23;4;4
17;2025-11-23;5;94
17;2025-11-23;6;447
17;2025-11-23;7;938
17;2025-11-23;8;1306
17;2025-11-23;9;1693
17;2025-11-23;10;2093
17;2025-11-23;11;2418
17;2025-11-23;12;2680
17;2025-11-23;13;2875
17;2025-11-23;14;2908
17;2025-11-23;15;2938
17;2025-11-23;16;2929
17;2025-11-23;17;2849
17;2025-11-23;18;2635
17;2025-11-23;19;2177
17;2025-11-23;20;1710
17;2025-11-23;21;1221
17;2025-11-23;22;766
17;2025-11-23;23;362
17;2025-11-24;0;124
17;2025-11-24;1;13
17;2025-11-24;2;0
17;2025-11-24;3;0
17;2025-11-24;4;22
17;2025-11-24;5;322
17;2025-11-24;6;1532
17;2025-11-24;7;4005
17;2025-11-24;8;5154
17;2025-11-24;9;3797
17;2025-11-24;10;2970
17;2025-11-24;11;2930
17;2025-11-24;12;2971
17;2025-11-24;13;3034
17;2025-11-24;14;3055
17;2025-11-24;15;3233
17;2025-11-24;16;3630
17;2025-11-24;17;4435
17;2025-11-24;18;4779
17;2025-11-24;19;3501
17;2025-11-24;20;2431
17;2025-11-24;21;1504
17;2025-11-24;22;820
17;2025-11-24;23;370
17;2025-11-25;0;127
17;2025-11-25;1;12
17;2025-11-25;2;0
17;2025-11-25;3;0
17;2025-11-25;4;25
17;2025-11-25;5;333
17;2025-11-25;6;1582
17;2025-11-25;7;4099
17;2025-11-25;8;5267
17;2025-11-25;9;3893
17;2025-11-25;10;3041
17;2025-11-25;11;2953
17;2025-11-25;12;3030
17;2025-11-25;13;3072
17;2025-11-25;14;3114
17;2025-11-25;15;3263
17;2025-11-25;16;3675
17;2025-11-25;17;4509
17;2025-11-25;18;4870
17;2025-11-25;19;3552
17;2025-11-25;20;2496
17;2025-11-25;21;1567
17;2025-11-25;22;855
17;2025-11-25;23;396
17;2025-11-26;0;134
17;2025-11-26;1;13
17;2025-11-26;2;0
17;2025-11-26;3;0
17;2025-11-26;4;25
17;2025-11-26;5;335
17;2025-11-26;6;1576
17;2025-11-26;7;4088
17;2025-11-26;8;5202
17;2025-11-26;9;3835
17;2025-11-26;10;3017
17;2025-11-26;11;2962
17;2025-11-26;12;3017
17;2025-11-26;13;3075
17;2025-11-26;14;3104
17;2025-11-26;15;3259
17;2025-11-26;16;3651
17;2025-11-26;17;4465
17;2025-11-26;18;4830
17;2025-11-26;19;3523
17;2025-11-26;20;2479
17;2025-11-26;21;1570
17;2025-11-26;22;865
17;2025-11-26;23;406
17;2025-11-27;0;137
17;2025-11-27;1;12
17;2025-11-27;2;0
17;2025-11-27;3;0
17;2025-11-27;4;25
17;2025-11-27;5;339
17;2025-11-27;6;1578
17;2025-11-27;7;4064
17;2025-11-27;8;5225
17;2025-11-27;9;3871
17;2025-11-27;10;3052
17;2025-11-27;11;2989
17;2025-11-27;12;3054
17;2025-11-27;13;3119
17;2025-11-27;14;3138
17;2025-11-27;15;3309
17;2025-11-27;16;3740
17;2025-11-27;17;4543
17;2025-11-27;18;4867
17;2025-11-27;19;3571
17;2025-11-27;20;2521
17;2025-11-27;21;1596
17;2025-11-27;22;883
17;2025-11-27;23;416
17;2025-11-28;0;140
17;2025-11-28;1;14
17;2025-11-28;2;0
17;2025-11-28;3;0
17;2025-11-28;4;24
17;2025-11-28;5;333
17;2025-11-28;6;1560
17;2025-11-28;7;4039
17;2025-11-28;8;5170
17;2025-11-28;9;3831
17;2025-11-28;10;3031
17;2025-11-28;11;2992
17;2025-11-28;12;3048
17;2025-11-28;13;3136
17;2025-11-28;14;3200
17;2025-11-28;15;3395
17;2025-11-28;16;3874
17;2025-11-28;17;4524
17;2025-11-28;18;4614
17;2025-11-28;19;3415
17;2025-11-28;20;2472
17;2025-11-28;21;1626
17;2025-11-28;22;919
17;2025-11-28;23;453
17;2025-11-29;0;197
17;2025-11-29;1;26
17;2025-11-29;2;0
17;2025-11-29;3;0
17;2025-11-29;4;6
17;2025-11-29;5;137
17;2025-11-29;6;574
17;2025-11-29;7;1227
17;2025-11-29;8;1664
17;2025-11-29;9;2021
17;2025-11-29;10;2372
17;2025-11-29;11;2695
17;2025-11-29;12;2915
17;2025-11-29;13;3082
17;2025-11-29;14;3081
17;2025-11-29;15;3134
17;2025-11-29;16;3139
17;2025-11-29;17;3104
17;2025-11-29;18;2909
17;2025-11-29;19;2421
17;2025-11-29;20;1926
17;2025-11-29;21;1375
17;2025-11-29;22;871
17;2025-11-29;23;443
17;2025-11-30;0;187
17;2025-11-30;1;25
17;2025-11-30;2;0
17;2025-11-30;3;0
17;2025-11-30;4;4
17;2025-11-30;5;94
17;2025-11-30;6;447
17;2025-11-30;7;938
17;2025-11-30;8;1306
17;2025-11-30;9;1693
17;2025-11-30;10;2093
17;2025-11-30;11;2418
17;2025-11-30;12;2680
17;2025-11-30;13;2875
17;2025-11-30;14;2908
17;2025-11-30;15;2938
17;2025-11-30;16;2929
17;2025-11-30;17;2849
17;2025-11-30;18;2635
17;2025-11-30;19;2177
17;2025-11-30;20;1710
17;2025-11-30;21;1221
17;2025-11-30;22;766
17;2025-11-30;23;362
17;2025-12-01;0;124
17;2025-12-01;1;13
17;2025-12-01;2;0
17;2025-12-01;3;0
17;2025-12-01;4;22
17;2025-12-01;5;322
17;2025-12-01;6;1525
17;2025-12-01;7;3943
17;2025-12-01;8;5076
17;2025-12-01;9;3766
17;2025-12-01;10;2965
17;2025-12-01;11;2925
17;2025-12-01;12;2961
17;2025-12-01;13;3021
17;2025-12-01;14;3043
17;2025-12-01;15;3214
17;2025-12-01;16;3612
17;2025-12-01;17;4415
17;2025-12-01;18;4763
17;2025-12-01;19;3508
17;2025-12-01;20;2441
17;2025-12-01;21;1514
17;2025-12-01;22;838
17;2025-12-01;23;375
17;2025-12-02;0;127
17;2025-12-02;1;11
17;2025-12-02;2;0
17;2025-12-02;3;0
17;2025-12-02;4;25
17;2025-12-02;5;333
17;2025-12-02;6;1574
17;2025-12-02;7;4037
17;2025-12-02;8;5189
17;2025-12-02;9;3862
17;2025-12-02;10;3036
17;2025-12-02;11;2949
17;2025-12-02;12;3021
17;2025-12-02;13;3060
17;2025-12-02;14;3102
17;2025-12-02;15;3245
17;2025-12-02;16;3657
17;2025-12-02;17;4489
17;2025-12-02;18;4852
17;2025-12-02;19;3559
17;2025-12-02;20;2506
17;2025-12-02;21;1577
17;2025-12-02;22;872
17;2025-12-02;23;401
17;2025-12-03;0;133
17;2025-12-03;1;13
17;2025-12-03;2;0
17;2025-12-03;3;0
17;2025-12-03;4;25
17;2025-12-03;5;335
17;2025-12-03;6;1567
17;2025-12-03;7;4024
17;2025-12-03;8;5123
17;2025-12-03;9;3803
17;2025-12-03;10;3011
17;2025-12-03;11;2956
17;2025-12-03;12;3006
17;2025-12-03;13;3062
17;2025-12-03;14;3091
17;2025-12-03;15;3240
17;2025-12-03;16;3632
17;2025-12-03;17;4436
17;2025-12-03;18;4806
17;2025-12-03;19;3530
17;2025-12-03;20;2489
17;2025-12-03;21;1579
17;2025-12-03;22;882
17;2025-12-03;23;412
17;2025-12-04;0;137
17;2025-12-04;1;12
17;2025-12-04;2;0
17;2025-12-04;3;0
17;2025-12-04;4;26
17;2025-12-04;5;339
17;2025-12-04;6;1570
17;2025-12-04;7;4001
17;2025-12-04;8;5148
17;2025-12-04;9;3840
17;2025-12-04;10;3047
17;2025-12-04;11;2985
17;2025-12-04;12;3044
17;2025-12-04;13;3106
17;2025-12-04;14;3126
17;2025-12-04;15;3291
17;2025-12-04;16;3722
17;2025-12-04;17;4523
17;2025-12-04;18;4853
17;2025-12-04;19;3579
17;2025-12-04;20;2531
17;2025-12-04;21;1607
17;2025-12-04;22;900
17;2025-12-04;23;422
17;2025-12-05;0;140
17;2025-12-05;1;14
17;2025-12-05;2;0
17;2025-12-05;3;0
17;2025-12-05;4;24
17;2025-12-05;5;333
17;2025-12-05;6;1552
17;2025-12-05;7;3974
17;2025-12-05;8;5091
17;2025-12-05;9;3802
17;2025-12-05;10;3028
17;2025-12-05;11;2989
17;2025-12-05;12;3040
17;2025-12-05;13;3126
17;2025-12-05;14;3190
17;2025-12-05;15;3380
17;2025-12-05;16;3859
17;2025-12-05;17;4508
17;2025-12-05;18;4605
17;2025-12-05;19;3426
17;2025-12-05;20;2484
17;2025-12-05;21;1636
17;2025-12-05;22;936
17;2025-12-05;23;458
17;2025-12-06;0;197
17;2025-12-06;1;26
17;2025-12-06;2;0
17;2025-12-06;3;0
17;2025-12-06;4;4
17;2025-12-06;5;131
17;2025-12-06;6;557
17;2025-12-06;7;1175
17;2025-12-06;8;1603
17;2025-12-06;9;1954
17;2025-12-06;10;2294
17;2025-12-06;11;2618
17;2025-12-06;12;2841
17;2025-12-06;13;3011
17;2025-12-06;14;3009
17;2025-12-06;15;3055
17;2025-12-06;16;3059
17;2025-12-06;17;3041
17;2025-12-06;18;2854
17;2025-12-06;19;2393
17;2025-12-06;20;1902
17;2025-12-06;21;1368
17;2025-12-06;22;875
17;2025-12-06;23;439
17;2025-12-07;0;186
17;2025-12-07;1;25
17;2025-12-07;2;0
17;2025-12-07;3;0
17;2025-12-07;4;3
17;2025-12-07;5;91
17;2025-12-07;6;431
17;2025-12-07;7;894
17;2025-12-07;8;1253
17;2025-12-07;9;1640
17;2025-12-07;10;2002
17;2025-12-07;11;2327
17;2025-12-07;12;2592
17;2025-12-07;13;2789
17;2025-12-07;14;2822
17;2025-12-07;15;2840
17;2025-12-07;16;2831
17;2025-12-07;17;2783
17;2025-12-07;18;2577
17;2025-12-07;19;2150
17;2025-12-07;20;1686
17;2025-12-07;21;1214
17;2025-12-07;22;770
17;2025-12-07;23;357
17;2025-12-08;0;124
17;2025-12-08;1;13
17;2025-12-08;2;0
17;2025-12-08;3;0
17;2025-12-08;4;22
17;2025-12-08;5;322
17;2025-12-08;6;1525
17;2025-12-08;7;3943
17;2025-12-08;8;5076
17;2025-12-08;9;3766
17;2025-12-08;10;2965
17;2025-12-08;11;2925
17;2025-12-08;12;2961
17;2025-12-08;13;3021
17;2025-12-08;14;3043
17;2025-12-08;15;3214
17;2025-12-08;16;3612
17;2025-12-08;17;4415
17;2025-12-08;18;4763
17;2025-12-08;19;3508
17;2025-12-08;20;2441
17;2025-12-08;21;1514
17;2025-12-08;22;838
17;2025-12-08;23;375
17;2025-12-09;0;127
17;2025-12-09;1;11
17;2025-12-09;2;0
17;2025-12-09;3;0
17;2025-12-09;4;25
17;2025-12-09;5;333
17;2025-12-09;6;1574
17;2025-12-09;7;4037
17;2025-12-09;8;5189
17;2025-12-09;9;3862
17;2025-12-09;10;3036
17;2025-12-09;11;2949
17;2025-12-09;12;3021
17;2025-12-09;13;3060
17;2025-12-09;14;3102
17;2025-12-09;15;3245
17;2025-12-09;16;3657
17;2025-12-09;17;4489
17;2025-12-09;18;4852
17;2025-12-09;19;3559
17;2025-12-09;20;2506
17;2025-12-09;21;1577
17;2025-12-09;22;872
17;2025-12-09;23;401
17;2025-12-10;0;133
17;2025-12-10;1;13
17;2025-12-10;2;0
17;2025-12-10;3;0
17;2025-12-10;4;25
17;2025-12-10;5;335
17;2025-12-10;6;1567
17;2025-12-10;7;4024
17;2025-12-10;8;5123
17;2025-12-10;9;3803
17;2025-12-10;10;3011
17;2025-12-10;11;2956
17;2025-12-10;12;3006
17;2025-12-10;13;3062
17;2025-12-10;14;3091
17;2025-12-10;15;3240
17;2025-12-10;16;3632
17;2025-12-10;17;4436
17;2025-12-10;18;4806
17;2025-12-10;19;3530
17;2025-12-10;20;2489
17;2025-12-10;21;1579
17;2025-12-10;22;882
17;2025-12-10;23;412
17;2025-12-11;0;137
17;2025-12-11;1;12
17;2025-12-11;2;0
17;2025-12-11;3;0
17;2025-12-11;4;26
17;2025-12-11;5;339
17;2025-12-11;6;1570
17;2025-12-11;7;4001
17;2025-12-11;8;5148
17;2025-12-11;9;3840
17;2025-12-11;10;3047
17;2025-12-11;11;2985
17;2025-12-11;12;3044
17;2025-12-11;13;3106
17;2025-12-11;14;3126
17;2025-12-11;15;3291
17;2025-12-11;16;3722
17;2025-12-11;17;4523
17;2025-12-11;18;4853
17;2025-12-11;19;3579
17;2025-12-11;20;2531
17;2025-12-11;21;1607
17;2025-12-11;22;900
17;2025-12-11;23;422
17;2025-12-12;0;140
17;2025-12-12;1;14
17;2025-12-12;2;0
17;2025-12-12;3;0
17;2025-12-12;4;24
17;2025-12-12;5;333
17;2025-12-12;6;1552
17;2025-12-12;7;3974
17;2025-12-12;8;5091
17;2025-12-12;9;3802
17;2025-12-12;10;3028
17;2025-12-12;11;2989
17;2025-12-12;12;3040
17;2025-12-12;13;3126
17;2025-12-12;14;3190
17;2025-12-12;15;3380
17;2025-12-12;16;3859
17;2025-12-12;17;4508
17;2025-12-12;18;4605
17;2025-12-12;19;3426
17;2025-12-12;20;2484
17;2025-12-12;21;1636
17;2025-12-12;22;936
17;2025-12-12;23;458
17;2025-12-13;0;197
17;2025-12-13;1;26
17;2025-12-13;2;0
17;2025-12-13;3;0
17;2025-12-13;4;4
17;2025-12-13;5;131
17;2025-12-13;6;557
17;2025-12-13;7;1175
17;2025-12-13;8;1603
17;2025-12-13;9;1954
17;2025-12-13;10;2294
17;2025-12-13;11;2618
17;2025-12-13;12;2841
17;2025-12-13;13;3011
17;2025-12-13;14;3009
17;2025-12-13;15;3055
17;2025-12-13;16;3059
17;2025-12-13;17;3041
17;2025-12-13;18;2854
17;2025-12-13;19;2393
17;2025-12-13;20;1902
17;2025-12-13;21;1368
17;2025-12-13;22;875
17;2025-12-13;23;439
17;2025-12-14;0;186
17;2025-12-14;1;25
17;2025-12-14;2;0
17;2025-12-14;3;0
17;2025-12-14;4;3
17;2025-12-14;5;91
17;2025-12-14;6;431
17;2025-12-14;7;894
17;2025-12-14;8;1253
17;2025-12-14;9;1640
17;2025-12-14;10;2002
17;2025-12-14;11;2327
17;2025-12-14;12;2592
17;2025-12-14;13;2789
17;2025-12-14;14;2822
17;2025-12-14;15;2840
17;2025-12-14;16;2831
17;2025-12-14;17;2783
17;2025-12-14;18;2577
17;2025-12-14;19;2150
17;2025-12-14;20;1686
17;2025-12-14;21;1214
17;2025-12-14;22;770
17;2025-12-14;23;357
17;2025-12-15;0;124
17;2025-12-15;1;13
17;2025-12-15;2;0
17;2025-12-15;3;0
17;2025-12-15;4;22
17;2025-12-15;5;322
17;2025-12-15;6;1525
17;2025-12-15;7;3943
17;2025-12-15;8;5076
17;2025-12-15;9;3766
17;2025-12-15;10;2965
17;2025-12-15;11;2925
17;2025-12-15;12;2961
17;2025-12-15;13;3021
17;2025-12-15;14;3043
17;2025-12-15;15;3214
17;2025-12-15;16;3612
17;2025-12-15;17;4415
17;2025-12-15;18;4763
17;2025-12-15;19;3508
17;2025-12-15;20;2441
17;2025-12-15;21;1514
17;2025-12-15;22;838
17;2025-12-15;23;375
17;2025-12-16;0;127
17;2025-12-16;1;11
17;2025-12-16;2;0
17;2025-12-16;3;0
17;2025-12-16;4;25
17;2025-12-16;5;333
17;2025-12-16;6;1574
17;2025-12-16;7;4037
17;2025-12-16;8;5189
17;2025-12-16;9;3862
17;2025-12-16;10;3036
17;2025-12-16;11;2949
17;2025-12-16;12;3021
17;2025-12-16;13;3060
17;2025-12-16;14;3102
17;2025-12-16;15;3245
17;2025-12-16;16;3657
17;2025-12-16;17;4489
17;2025-12-16;18;4852
17;2025-12-16;19;3559
17;2025-12-16;20;2506
17;2025-12-16;21;1577
17;2025-12-16;22;872
17;2025-12-16;23;401
17;2025-12-17;0;133
17;2025-12-17;1;13
17;2025-12-17;2;0
17;2025-12-17;3;0
17;2025-12-17;4;25
17;2025-12-17;5;335
17;2025-12-17;6;1567
17;2025-12-17;7;4024
17;2025-12-17;8;5123
17;2025-12-17;9;3803
17;2025-12-17;10;3011
17;2025-12-17;11;2956
17;2025-12-17;12;3006
17;2025-12-17;13;3062
17;2025-12-17;14;3091
17;2025-12-17;15;3240
17;2025-12-17;16;3632
17;2025-12-17;17;4436
17;2025-12-17;18;4806
17;2025-12-17;19;3530
17;2025-12-17;20;2489
17;2025-12-17;21;1579
17;2025-12-17;22;882
17;2025-12-17;23;412
17;2025-12-18;0;137
17;2025-12-18;1;12
17;2025-12-18;2;0
17;2025-12-18;3;0
17;2025-12-18;4;26
17;2025-12-18;5;339
17;2025-12-18;6;1570
17;2025-12-18;7;4001
17;2025-12-18;8;5148
17;2025-12-18;9;3840
17;2025-12-18;10;3047
17;2025-12-18;11;2985
17;2025-12-18;12;3044
17;2025-12-18;13;3106
17;2025-12-18;14;3126
17;2025-12-18;15;3291
17;2025-12-18;16;3722
17;2025-12-18;17;4523
17;2025-12-18;18;4853
17;2025-12-18;19;3579
17;2025-12-18;20;2531
17;2025-12-18;21;1607
17;2025-12-18;22;900
17;2025-12-18;23;422
17;2025-12-19;0;140
17;2025-12-19;1;14
17;2025-12-19;2;0
17;2025-12-19;3;0
17;2025-12-19;4;24
17;2025-12-19;5;333
17;2025-12-19;6;1552
17;2025-12-19;7;3974
17;2025-12-19;8;5091
17;2025-12-19;9;3802
17;2025-12-19;10;3028
17;2025-12-19;11;2989
17;2025-12-19;12;3040
17;2025-12-19;13;3126
17;2025-12-19;14;3190
17;2025-12-19;15;3380
17;2025-12-19;16;3859
17;2025-12-19;17;4508
17;2025-12-19;18;4605
17;2025-12-19;19;3426
17;2025-12-19;20;2484
17;2025-12-19;21;1636
17;2025-12-19;22;936
17;2025-12-19;23;458
17;2025-12-20;0;197
17;2025-12-20;1;26
17;2025-12-20;2;0
17;2025-12-20;3;0
17;2025-12-20;4;4
17;2025-12-20;5;131
17;2025-12-20;6;557
17;2025-12-20;7;1175
17;2025-12-20;8;1603
17;2025-12-20;9;1954
17;2025-12-20;10;2294
17;2025-12-20;11;2618
17;2025-12-20;12;2841
17;2025-12-20;13;3011
17;2025-12-20;14;3009
17;2025-12-20;15;3055
17;2025-12-20;16;3059
17;2025-12-20;17;3041
17;2025-12-20;18;2854
17;2025-12-20;19;2393
17;2025-12-20;20;1902
17;2025-12-20;21;1368
17;2025-12-20;22;875
17;2025-12-20;23;439
17;2025-12-21;0;186
17;2025-12-21;1;25
17;2025-12-21;2;0
17;2025-12-21;3;0
17;2025-12-21;4;3
17;2025-12-21;5;91
17;2025-12-21;6;431
17;2025-12-21;7;894
17;2025-12-21;8;1253
17;2025-12-21;9;1640
17;2025-12-21;10;2002
17;2025-12-21;11;2327
17;2025-12-21;12;2592
17;2025-12-21;13;2789
17;2025-12-21;14;2822
17;2025-12-21;15;2840
17;2025-12-21;16;2831
17;2025-12-21;17;2783
17;2025-12-21;18;2577
17;2025-12-21;19;2150
17;2025-12-21;20;1686
17;2025-12-21;21;1214
17;2025-12-21;22;770
17;2025-12-21;23;357
17;2025-12-22;0;124
17;2025-12-22;1;13
17;2025-12-22;2;0
17;2025-12-22;3;0
17;2025-12-22;4;22
17;2025-12-22;5;322
17;2025-12-22;6;1525
17;2025-12-22;7;3943
17;2025-12-22;8;5076
17;2025-12-22;9;3766
17;2025-12-22;10;2965
17;2025-12-22;11;2925
17;2025-12-22;12;2961
17;2025-12-22;13;3021
17;2025-12-22;14;3043
17;2025-12-22;15;3214
17;2025-12-22;16;3612
17;2025-12-22;17;4415
17;2025-12-22;18;4763
17;2025-12-22;19;3508
17;2025-12-22;20;2441
17;2025-12-22;21;1514
17;2025-12-22;22;838
17;2025-12-22;23;375
17;2025-12-23;0;127
17;2025-12-23;1;11
17;2025-12-23;2;0
17;2025-12-23;3;0
17;2025-12-23;4;25
17;2025-12-23;5;333
17;2025-12-23;6;1574
17;2025-12-23;7;4037
17;2025-12-23;8;5189
17;2025-12-23;9;3862
17;2025-12-23;10;3036
17;2025-12-23;11;2949
17;2025-12-23;12;3021
17;2025-12-23;13;3060
17;2025-12-23;14;3102
17;2025-12-23;15;3245
17;2025-12-23;16;3657
17;2025-12-23;17;4489
17;2025-12-23;18;4852
17;2025-12-23;19;3559
17;2025-12-23;20;2506
17;2025-12-23;21;1577
17;2025-12-23;22;872
17;2025-12-23;23;401
17;2025-12-24;0;133
17;2025-12-24;1;13
17;2025-12-24;2;0
17;2025-12-24;3;0
17;2025-12-24;4;25
17;2025-12-24;5;335
17;2025-12-24;6;1567
17;2025-12-24;7;4024
17;2025-12-24;8;5123
17;2025-12-24;9;3803
17;2025-12-24;10;3011
17;2025-12-24;11;2956
17;2025-12-24;12;3006
17;2025-12-24;13;3062
17;2025-12-24;14;3091
17;2025-12-24;15;3240
17;2025-12-24;16;3632
17;2025-12-24;17;4436
17;2025-12-24;18;4806
17;2025-12-24;19;3530
17;2025-12-24;20;2489
17;2025-12-24;21;1579
17;2025-12-24;22;882
17;2025-12-24;23;412
17;2025-12-25;0;137
17;2025-12-25;1;12
17;2025-12-25;2;0
17;2025-12-25;3;0
17;2025-12-25;4;26
17;2025-12-25;5;339
17;2025-12-25;6;1570
17;2025-12-25;7;4001
17;2025-12-25;8;5148
17;2025-12-25;9;3840
17;2025-12-25;10;3047
17;2025-12-25;11;2985
17;2025-12-25;12;3044
17;2025-12-25;13;3106
17;2025-12-25;14;3126
17;2025-12-25;15;3291
17;2025-12-25;16;3722
17;2025-12-25;17;4523
17;2025-12-25;18;4853
17;2025-12-25;19;3579
17;2025-12-25;20;2531
17;2025-12-25;21;1607
17;2025-12-25;22;900
17;2025-12-25;23;422
17;2025-12-26;0;140
17;2025-12-26;1;14
17;2025-12-26;2;0
17;2025-12-26;3;0
17;2025-12-26;4;24
17;2025-12-26;5;333
17;2025-12-26;6;1552
17;2025-12-26;7;3974
17;2025-12-26;8;5091
17;2025-12-26;9;3802
17;2025-12-26;10;3028
17;2025-12-26;11;2989
17;2025-12-26;12;3040
17;2025-12-26;13;3126
17;2025-12-26;14;3190
17;2025-12-26;15;3380
17;2025-12-26;16;3859
17;2025-12-26;17;4508
17;2025-12-26;18;4605
17;2025-12-26;19;3426
17;2025-12-26;20;2484
17;2025-12-26;21;1636
17;2025-12-26;22;936
17;2025-12-26;23;458
17;2025-12-27;0;197
17;2025-12-27;1;26
17;2025-12-27;2;0
17;2025-12-27;3;0
17;2025-12-27;4;4
17;2025-12-27;5;131
17;2025-12-27;6;557
17;2025-12-27;7;1175
17;2025-12-27;8;1603
17;2025-12-27;9;1954
17;2025-12-27;10;2294
17;2025-12-27;11;2618
17;2025-12-27;12;2841
17;2025-12-27;13;3011
17;2025-12-27;14;3009
17;2025-12-27;15;3055
17;2025-12-27;16;3059
17;2025-12-27;17;3041
17;2025-12-27;18;2854
17;2025-12-27;19;2393
17;2025-12-27;20;1902
17;2025-12-27;21;1368
17;2025-12-27;22;875
17;2025-12-27;23;439
17;2025-12-28;0;186
17;2025-12-28;1;25
17;2025-12-28;2;0
17;2025-12-28;3;0
17;2025-12-28;4;3
17;2025-12-28;5;91
17;2025-12-28;6;431
17;2025-12-28;7;894
17;2025-12-28;8;1253
17;2025-12-28;9;1640
17;2025-12-28;10;2002
17;2025-12-28;11;2327
17;2025-12-28;12;2592
17;2025-12-28;13;2789
17;2025-12-28;14;2822
17;2025-12-28;15;2840
17;2025-12-28;16;2831
17;2025-12-28;17;2783
17;2025-12-28;18;2577
17;2025-12-28;19;2150
17;2025-12-28;20;1686
17;2025-12-28;21;1214
17;2025-12-28;22;770
17;2025-12-28;23;357
17;2025-12-29;0;118
17;2025-12-29;1;12
17;2025-12-29;2;0
17;2025-12-29;3;0
17;2025-12-29;4;21
17;2025-12-29;5;306
17;2025-12-29;6;1449
17;2025-12-29;7;3746
17;2025-12-29;8;4822
17;2025-12-29;9;3578
17;2025-12-29;10;2817
17;2025-12-29;11;2779
17;2025-12-29;12;2813
17;2025-12-29;13;2870
17;2025-12-29;14;2891
17;2025-12-29;15;3053
17;2025-12-29;16;3431
17;2025-12-29;17;4194
17;2025-12-29;18;4525
17;2025-12-29;19;3333
17;2025-12-29;20;2319
17;2025-12-29;21;1438
17;2025-12-29;22;796
17;2025-12-29;23;356
17;2025-12-30;0;117
17;2025-12-30;1;10
17;2025-12-30;2;0
17;2025-12-30;3;0
17;2025-12-30;4;23
17;2025-12-30;5;306
17;2025-12-30;6;1448
17;2025-12-30;7;3714
17;2025-12-30;8;4774
17;2025-12-30;9;3553
17;2025-12-30;10;2793
17;2025-12-30;11;2713
17;2025-12-30;12;2779
17;2025-12-30;13;2815
17;2025-12-30;14;2854
17;2025-12-30;15;2985
17;2025-12-30;16;3364
17;2025-12-30;17;4130
17;2025-12-30;18;4464
17;2025-12-30;19;3274
17;2025-12-30;20;2306
17;2025-12-30;21;1451
17;2025-12-30;22;802
17;2025-12-30;23;369
17;2025-12-31;0;145
17;2025-12-31;1;20
17;2025-12-31;2;0
17;2025-12-31;3;0
17;2025-12-31;4;7
17;2025-12-31;5;114
17;2025-12-31;6;494
17;2025-12-31;7;1047
17;2025-12-31;8;1414
17;2025-12-31;9;1649
17;2025-12-31;10;1861
17;2025-12-31;11;2117
17;2025-12-31;12;2109
17;2025-12-31;13;2213
17;2025-12-31;14;2297
17;2025-12-31;15;2335
17;2025-12-31;16;2421
17;2025-12-31;17;2438
17;2025-12-31;18;1874
17;2025-12-31;19;1534
17;2025-12-31;20;1275
17;2025-12-31;21;897
17;2025-12-31;22;575
17;2025-12-31;23;343
25;2025-11-01;0;3
25;2025-11-01;1;0
25;2025-11-01;2;0
25;2025-11-01;3;0
25;2025-11-01;4;0
25;2025-11-01;5;14
25;2025-11-01;6;187
25;2025-11-01;7;568
25;2025-11-01;8;897
25;2025-11-01;9;603
25;2025-11-01;10;498
25;2025-11-01;11;547
25;2025-11-01;12;568
25;2025-11-01;13;663
25;2025-11-01;14;627
25;2025-11-01;15;715
25;2025-11-01;16;802
25;2025-11-01;17;856
25;2025-11-01;18;895
25;2025-11-01;19;619
25;2025-11-01;20;427
25;2025-11-01;21;313
25;2025-11-01;22;152
25;2025-11-01;23;52
25;2025-11-02;0;16
25;2025-11-02;1;0
25;2025-11-02;2;0
25;2025-11-02;3;0
25;2025-11-02;4;4
25;2025-11-02;5;3
25;2025-11-02;6;40
25;2025-11-02;7;103
25;2025-11-02;8;214
25;2025-11-02;9;227
25;2025-11-02;10;251
25;2025-11-02;11;316
25;2025-11-02;12;371
25;2025-11-02;13;461
25;2025-11-02;14;486
25;2025-11-02;15;555
25;2025-11-02;16;506
25;2025-11-02;17;467
25;2025-11-02;18;442
25;2025-11-02;19;344
25;2025-11-02;20;242
25;2025-11-02;21;204
25;2025-11-02;22;126
25;2025-11-02;23;46
25;2025-11-03;0;10
25;2025-11-03;1;0
25;2025-11-03;2;0
25;2025-11-03;3;0
25;2025-11-03;4;4
25;2025-11-03;5;12
25;2025-11-03;6;50
25;2025-11-03;7;128
25;2025-11-03;8;250
25;2025-11-03;9;245
25;2025-11-03;10;246
25;2025-11-03;11;304
25;2025-11-03;12;346
25;2025-11-03;13;429
25;2025-11-03;14;423
25;2025-11-03;15;475
25;2025-11-03;16;475
25;2025-11-03;17;464
25;2025-11-03;18;440
25;2025-11-03;19;350
25;2025-11-03;20;251
25;2025-11-03;21;198
25;2025-11-03;22;121
25;2025-11-03;23;45
25;2025-11-04;0;7
25;2025-11-04;1;1
25;2025-11-04;2;0
25;2025-11-04;3;0
25;2025-11-04;4;0
25;2025-11-04;5;2
25;2025-11-04;6;22
25;2025-11-04;7;77
25;2025-11-04;8;174
25;2025-11-04;9;175
25;2025-11-04;10;188
25;2025-11-04;11;224
25;2025-11-04;12;280
25;2025-11-04;13;364
25;2025-11-04;14;392
25;2025-11-04;15;428
25;2025-11-04;16;408
25;2025-11-04;17;374
25;2025-11-04;18;352
25;2025-11-04;19;297
25;2025-11-04;20;215
25;2025-11-04;21;183
25;2025-11-04;22;107
25;2025-11-04;23;35
25;2025-11-05;0;2
25;2025-11-05;1;0
25;2025-11-05;2;0
25;2025-11-05;3;0
25;2025-11-05;4;0
25;2025-11-05;5;6
25;2025-11-05;6;158
25;2025-11-05;7;563
25;2025-11-05;8;960
25;2025-11-05;9;518
25;2025-11-05;10;377
25;2025-11-05;11;404
25;2025-11-05;12;424
25;2025-11-05;13;507
25;2025-11-05;14;468
25;2025-11-05;15;556
25;2025-11-05;16;682
25;2025-11-05;17;795
25;2025-11-05;18;866
25;2025-11-05;19;564
25;2025-11-05;20;349
25;2025-11-05;21;226
25;2025-11-05;22;122
25;2025-11-05;23;10
25;2025-11-06;0;2
25;2025-11-06;1;0
25;2025-11-06;2;0
25;2025-11-06;3;0
25;2025-11-06;4;0
25;2025-11-06;5;7
25;2025-11-06;6;159
25;2025-11-06;7;561
25;2025-11-06;8;953
25;2025-11-06;9;516
25;2025-11-06;10;386
25;2025-11-06;11;406
25;2025-11-06;12;428
25;2025-11-06;13;499
25;2025-11-06;14;478
25;2025-11-06;15;562
25;2025-11-06;16;682
25;2025-11-06;17;789
25;2025-11-06;18;846
25;2025-11-06;19;564
25;2025-11-06;20;341
25;2025-11-06;21;224
25;2025-11-06;22;124
25;2025-11-06;23;11
25;2025-11-07;0;2
25;2025-11-07;1;0
25;2025-11-07;2;0
25;2025-11-07;3;0
25;2025-11-07;4;0
25;2025-11-07;5;7
25;2025-11-07;6;154
25;2025-11-07;7;559
25;2025-11-07;8;937
25;2025-11-07;9;506
25;2025-11-07;10;378
25;2025-11-07;11;416
25;2025-11-07;12;433
25;2025-11-07;13;536
25;2025-11-07;14;515
25;2025-11-07;15;607
25;2025-11-07;16;733
25;2025-11-07;17;779
25;2025-11-07;18;732
25;2025-11-07;19;490
25;2025-11-07;20;315
25;2025-11-07;21;226
25;2025-11-07;22;131
25;2025-11-07;23;18
25;2025-11-08;0;8
25;2025-11-08;1;0
25;2025-11-08;2;0
25;2025-11-08;3;0
25;2025-11-08;4;1
25;2025-11-08;5;10
25;2025-11-08;6;58
25;2025-11-08;7;145
25;2025-11-08;8;276
25;2025-11-08;9;300
25;2025-11-08;10;319
25;2025-11-08;11;397
25;2025-11-08;12;433
25;2025-11-08;13;545
25;2025-11-08;14;556
25;2025-11-08;15;630
25;2025-11-08;16;573
25;2025-11-08;17;521
25;2025-11-08;18;495
25;2025-11-08;19;410
25;2025-11-08;20;291
25;2025-11-08;21;233
25;2025-11-08;22;149
25;2025-11-08;23;61
25;2025-11-09;0;16
25;2025-11-09;1;0
25;2025-11-09;2;0
25;2025-11-09;3;0
25;2025-11-09;4;4
25;2025-11-09;5;3
25;2025-11-09;6;40
25;2025-11-09;7;103
25;2025-11-09;8;214
25;2025-11-09;9;227
25;2025-11-09;10;251
25;2025-11-09;11;316
25;2025-11-09;12;371
25;2025-11-09;13;461
25;2025-11-09;14;486
25;2025-11-09;15;555
25;2025-11-09;16;506
25;2025-11-09;17;467
25;2025-11-09;18;442
25;2025-11-09;19;344
25;2025-11-09;20;242
25;2025-11-09;21;204
25;2025-11-09;22;126
25;2025-11-09;23;46
25;2025-11-10;0;5
25;2025-11-10;1;0
25;2025-11-10;2;0
25;2025-11-10;3;0
25;2025-11-10;4;0
25;2025-11-10;5;4
25;2025-11-10;6;150
25;2025-11-10;7;547
25;2025-11-10;8;928
25;2025-11-10;9;497
25;2025-11-10;10;356
25;2025-11-10;11;378
25;2025-11-10;12;402
25;2025-11-10;13;485
25;2025-11-10;14;438
25;2025-11-10;15;532
25;2025-11-10;16;659
25;2025-11-10;17;762
25;2025-11-10;18;821
25;2025-11-10;19;538
25;2025-11-10;20;320
25;2025-11-10;21;207
25;2025-11-10;22;107
25;2025-11-10;23;6
25;2025-11-11;0;2
25;2025-11-11;1;0
25;2025-11-11;2;0
25;2025-11-11;3;0
25;2025-11-11;4;0
25;2025-11-11;5;6
25;2025-11-11;6;159
25;2025-11-11;7;566
25;2025-11-11;8;953
25;2025-11-11;9;522
25;2025-11-11;10;381
25;2025-11-11;11;404
25;2025-11-11;12;412
25;2025-11-11;13;485
25;2025-11-11;14;463
25;2025-11-11;15;547
25;2025-11-11;16;668
25;2025-11-11;17;765
25;2025-11-11;18;846
25;2025-11-11;19;553
25;2025-11-11;20;332
25;2025-11-11;21;215
25;2025-11-11;22;115
25;2025-11-11;23;7
25;2025-11-12;0;2
25;2025-11-12;1;0
25;2025-11-12;2;0
25;2025-11-12;3;0
25;2025-11-12;4;0
25;2025-11-12;5;6
25;2025-11-12;6;158
25;2025-11-12;7;563
25;2025-11-12;8;960
25;2025-11-12;9;518
25;2025-11-12;10;377
25;2025-11-12;11;404
25;2025-11-12;12;424
25;2025-11-12;13;507
25;2025-11-12;14;468
25;2025-11-12;15;556
25;2025-11-12;16;682
25;2025-11-12;17;795
25;2025-11-12;18;866
25;2025-11-12;19;564
25;2025-11-12;20;349
25;2025-11-12;21;226
25;2025-11-12;22;122
25;2025-11-12;23;10
25;2025-11-13;0;2
25;2025-11-13;1;0
25;2025-11-13;2;0
25;2025-11-13;3;0
25;2025-11-13;4;0
25;2025-11-13;5;7
25;2025-11-13;6;159
25;2025-11-13;7;561
25;2025-11-13;8;953
25;2025-11-13;9;516
25;2025-11-13;10;386
25;2025-11-13;11;406
25;2025-11-13;12;428
25;2025-11-13;13;499
25;2025-11-13;14;478
25;2025-11-13;15;562
25;2025-11-13;16;682
25;2025-11-13;17;789
25;2025-11-13;18;846
25;2025-11-13;19;564
25;2025-11-13;20;341
25;2025-11-13;21;224
25;2025-11-13;22;124
25;2025-11-13;23;11
25;2025-11-14;0;2
25;2025-11-14;1;0
25;2025-11-14;2;0
25;2025-11-14;3;0
25;2025-11-14;4;0
25;2025-11-14;5;7
25;2025-11-14;6;154
25;2025-11-14;7;559
25;2025-11-14;8;937
25;2025-11-14;9;506
25;2025-11-14;10;378
25;2025-11-14;11;416
25;2025-11-14;12;433
25;2025-11-14;13;536
25;2025-11-14;14;515
25;2025-11-14;15;607
25;2025-11-14;16;733
25;2025-11-14;17;779
25;2025-11-14;18;732
25;2025-11-14;19;490
25;2025-11-14;20;315
25;2025-11-14;21;226
25;2025-11-14;22;131
25;2025-11-14;23;18
25;2025-11-15;0;8
25;2025-11-15;1;0
25;2025-11-15;2;0
25;2025-11-15;3;0
25;2025-11-15;4;1
25;2025-11-15;5;10
25;2025-11-15;6;58
25;2025-11-15;7;145
25;2025-11-15;8;276
25;2025-11-15;9;300
25;2025-11-15;10;319
25;2025-11-15;11;397
25;2025-11-15;12;433
25;2025-11-15;13;545
25;2025-11-15;14;556
25;2025-11-15;15;630
25;2025-11-15;16;573
25;2025-11-15;17;521
25;2025-11-15;18;495
25;2025-11-15;19;410
25;2025-11-15;20;291
25;2025-11-15;21;233
25;2025-11-15;22;149
25;2025-11-15;23;61
25;2025-11-16;0;16
25;2025-11-16;1;0
25;2025-11-16;2;0
25;2025-11-16;3;0
25;2025-11-16;4;4
25;2025-11-16;5;3
25;2025-11-16;6;40
25;2025-11-16;7;103
25;2025-11-16;8;214
25;2025-11-16;9;227
25;2025-11-16;10;251
25;2025-11-16;11;316
25;2025-11-16;12;371
25;2025-11-16;13;461
25;2025-11-16;14;486
25;2025-11-16;15;555
25;2025-11-16;16;506
25;2025-11-16;17;467
25;2025-11-16;18;442
25;2025-11-16;19;344
25;2025-11-16;20;242
25;2025-11-16;21;204
25;2025-11-16;22;126
25;2025-11-16;23;46
25;2025-11-17;0;5
25;2025-11-17;1;0
25;2025-11-17;2;0
25;2025-11-17;3;0
25;2025-11-17;4;0
25;2025-11-17;5;4
25;2025-11-17;6;150
25;2025-11-17;7;547
25;2025-11-17;8;928
25;2025-11-17;9;497
25;2025-11-17;10;356
25;2025-11-17;11;378
25;2025-11-17;12;402
25;2025-11-17;13;485
25;2025-11-17;14;438
25;2025-11-17;15;532
25;2025-11-17;16;659
25;2025-11-17;17;762
25;2025-11-17;18;821
25;2025-11-17;19;538
25;2025-11-17;20;320
25;2025-11-17;21;207
25;2025-11-17;22;107
25;2025-11-17;23;6
25;2025-11-18;0;2
25;2025-11-18;1;0
25;2025-11-18;2;0
25;2025-11-18;3;0
25;2025-11-18;4;0
25;2025-11-18;5;6
25;2025-11-18;6;159
25;2025-11-18;7;566
25;2025-11-18;8;953
25;2025-11-18;9;522
25;2025-11-18;10;381
25;2025-11-18;11;404
25;2025-11-18;12;412
25;2025-11-18;13;485
25;2025-11-18;14;463
25;2025-11-18;15;547
25;2025-11-18;16;668
25;2025-11-18;17;765
25;2025-11-18;18;846
25;2025-11-18;19;553
25;2025-11-18;20;332
25;2025-11-18;21;215
25;2025-11-18;22;115
25;2025-11-18;23;7
25;2025-11-19;0;2
25;2025-11-19;1;0
25;2025-11-19;2;0
25;2025-11-19;3;0
25;2025-11-19;4;0
25;2025-11-19;5;6
25;2025-11-19;6;158
25;2025-11-19;7;563
25;2025-11-19;8;960
25;2025-11-19;9;518
25;2025-11-19;10;377
25;2025-11-19;11;404
25;2025-11-19;12;424
25;2025-11-19;13;507
25;2025-11-19;14;468
25;2025-11-19;15;556
25;2025-11-19;16;682
25;2025-11-19;17;795
25;2025-11-19;18;866
25;2025-11-19;19;564
25;2025-11-19;20;349
25;2025-11-19;21;226
25;2025-11-19;22;122
25;2025-11-19;23;10
25;2025-11-20;0;2
25;2025-11-20;1;0
25;2025-11-20;2;0
25;2025-11-20;3;0
25;2025-11-20;4;0
25;2025-11-20;5;7
25;2025-11-20;6;159
25;2025-11-20;7;561
25;2025-11-20;8;953
25;2025-11-20;9;516
25;2025-11-20;10;386
25;2025-11-20;11;406
25;2025-11-20;12;428
25;2025-11-20;13;499
25;2025-11-20;14;478
25;2025-11-20;15;562
25;2025-11-20;16;682
25;2025-11-20;17;789
25;2025-11-20;18;846
25;2025-11-20;19;564
25;2025-11-20;20;341
25;2025-11-20;21;224
25;2025-11-20;22;124
25;2025-11-20;23;11
25;2025-11-21;0;2
25;2025-11-21;1;0
25;2025-11-21;2;0
25;2025-11-21;3;0
25;2025-11-21;4;0
25;2025-11-21;5;7
25;2025-11-21;6;154
25;2025-11-21;7;559
25;2025-11-21;8;937
25;2025-11-21;9;506
25;2025-11-21;10;378
25;2025-11-21;11;416
25;2025-11-21;12;433
25;2025-11-21;13;536
25;2025-11-21;14;515
25;2025-11-21;15;607
25;2025-11-21;16;733
25;2025-11-21;17;779
25;2025-11-21;18;732
25;2025-11-21;19;490
25;2025-11-21;20;315
25;2025-11-21;21;226
25;2025-11-21;22;131
25;2025-11-21;23;18
25;2025-11-22;0;8
25;2025-11-22;1;0
25;2025-11-22;2;0
25;2025-11-22;3;0
25;2025-11-22;4;1
25;2025-11-22;5;10
25;2025-11-22;6;58
25;2025-11-22;7;145
25;2025-11-22;8;276
25;2025-11-22;9;300
25;2025-11-22;10;319
25;2025-11-22;11;397
25;2025-11-22;12;433
25;2025-11-22;13;545
25;2025-11-22;14;556
25;2025-11-22;15;630
25;2025-11-22;16;573
25;2025-11-22;17;521
25;2025-11-22;18;495
25;2025-11-22;19;410
25;2025-11-22;20;291
25;2025-11-22;21;233
25;2025-11-22;22;149
25;2025-11-22;23;61
25;2025-11-23;0;16
25;2025-11-23;1;0
25;2025-11-23;2;0
25;2025-11-23;3;0
25;2025-11-23;4;4
25;2025-11-23;5;3
25;2025-11-23;6;40
25;2025-11-23;7;103
25;2025-11-23;8;214
25;2025-11-23;9;227
25;2025-11-23;10;251
25;2025-11-23;11;316
25;2025-11-23;12;371
25;2025-11-23;13;461
25;2025-11-23;14;486
25;2025-11-23;15;555
25;2025-11-23;16;506
25;2025-11-23;17;467
25;2025-11-23;18;442
25;2025-11-23;19;344
25;2025-11-23;20;242
25;2025-11-23;21;204
25;2025-11-23;22;126
25;2025-11-23;23;46
25;2025-11-24;0;5
25;2025-11-24;1;0
25;2025-11-24;2;0
25;2025-11-24;3;0
25;2025-11-24;4;0
25;2025-11-24;5;4
25;2025-11-24;6;150
25;2025-11-24;7;547
25;2025-11-24;8;928
25;2025-11-24;9;497
25;2025-11-24;10;356
25;2025-11-24;11;378
25;2025-11-24;12;402
25;2025-11-24;13;485
25;2025-11-24;14;438
25;2025-11-24;15;532
25;2025-11-24;16;659
25;2025-11-24;17;762
25;2025-11-24;18;821
25;2025-11-24;19;538
25;2025-11-24;20;320
25;2025-11-24;21;207
25;2025-11-24;22;107
25;2025-11-24;23;6
25;2025-11-25;0;2
25;2025-11-25;1;0
25;2025-11-25;2;0
25;2025-11-25;3;0
25;2025-11-25;4;0
25;2025-11-25;5;6
25;2025-11-25;6;159
25;2025-11-25;7;566
25;2025-11-25;8;953
25;2025-11-25;9;522
25;2025-11-25;10;381
25;2025-11-25;11;404
25;2025-11-25;12;412
25;2025-11-25;13;485
25;2025-11-25;14;463
25;2025-11-25;15;547
25;2025-11-25;16;668
25;2025-11-25;17;765
25;2025-11-25;18;846
25;2025-11-25;19;553
25;2025-11-25;20;332
25;2025-11-25;21;215
25;2025-11-25;22;115
25;2025-11-25;23;7
25;2025-11-26;0;2
25;2025-11-26;1;0
25;2025-11-26;2;0
25;2025-11-26;3;0
25;2025-11-26;4;0
25;2025-11-26;5;6
25;2025-11-26;6;158
25;2025-11-26;7;563
25;2025-11-26;8;960
25;2025-11-26;9;518
25;2025-11-26;10;377
25;2025-11-26;11;404
25;2025-11-26;12;424
25;2025-11-26;13;507
25;2025-11-26;14;468
25;2025-11-26;15;556
25;2025-11-26;16;682
25;2025-11-26;17;795
25;2025-11-26;18;866
25;2025-11-26;19;564
25;2025-11-26;20;349
25;2025-11-26;21;226
25;2025-11-26;22;122
25;2025-11-26;23;10
25;2025-11-27;0;2
25;2025-11-27;1;0
25;2025-11-27;2;0
25;2025-11-27;3;0
25;2025-11-27;4;0
25;2025-11-27;5;7
25;2025-11-27;6;159
25;2025-11-27;7;561
25;2025-11-27;8;953
25;2025-11-27;9;516
25;2025-11-27;10;386
25;2025-11-27;11;406
25;2025-11-27;12;428
25;2025-11-27;13;499
25;2025-11-27;14;478
25;2025-11-27;15;562
25;2025-11-27;16;682
25;2025-11-27;17;789
25;2025-11-27;18;846
25;2025-11-27;19;564
25;2025-11-27;20;341
25;2025-11-27;21;224
25;2025-11-27;22;124
25;2025-11-27;23;11
25;2025-11-28;0;2
25;2025-11-28;1;0
25;2025-11-28;2;0
25;2025-11-28;3;0
25;2025-11-28;4;0
25;2025-11-28;5;7
25;2025-11-28;6;154
25;2025-11-28;7;559
25;2025-11-28;8;937
25;2025-11-28;9;506
25;2025-11-28;10;378
25;2025-11-28;11;416
25;2025-11-28;12;433
25;2025-11-28;13;536
25;2025-11-28;14;515
25;2025-11-28;15;607
25;2025-11-28;16;733
25;2025-11-28;17;779
25;2025-11-28;18;732
25;2025-11-28;19;490
25;2025-11-28;20;315
25;2025-11-28;21;226
25;2025-11-28;22;131
25;2025-11-28;23;18
25;2025-11-29;0;8
25;2025-11-29;1;0
25;2025-11-29;2;0
25;2025-11-29;3;0
25;2025-11-29;4;1
25;2025-11-29;5;10
25;2025-11-29;6;58
25;2025-11-29;7;145
25;2025-11-29;8;276
25;2025-11-29;9;300
25;2025-11-29;10;319
25;2025-11-29;11;397
25;2025-11-29;12;433
25;2025-11-29;13;545
25;2025-11-29;14;556
25;2025-11-29;15;630
25;2025-11-29;16;573
25;2025-11-29;17;521
25;2025-11-29;18;495
25;2025-11-29;19;410
25;2025-11-29;20;291
25;2025-11-29;21;233
25;2025-11-29;22;149
25;2025-11-29;23;61
25;2025-11-30;0;16
25;2025-11-30;1;0
25;2025-11-30;2;0
25;2025-11-30;3;0
25;2025-11-30;4;4
25;2025-11-30;5;3
25;2025-11-30;6;40
25;2025-11-30;7;103
25;2025-11-30;8;214
25;2025-11-30;9;227
25;2025-11-30;10;251
25;2025-11-30;11;316
25;2025-11-30;12;371
25;2025-11-30;13;461
25;2025-11-30;14;486
25;2025-11-30;15;555
25;2025-11-30;16;506
25;2025-11-30;17;467
25;2025-11-30;18;442
25;2025-11-30;19;344
25;2025-11-30;20;242
25;2025-11-30;21;204
25;2025-11-30;22;126
25;2025-11-30;23;46
25;2025-12-01;0;5
25;2025-12-01;1;0
25;2025-12-01;2;0
25;2025-12-01;3;0
25;2025-12-01;4;0
25;2025-12-01;5;3
25;2025-12-01;6;154
25;2025-12-01;7;533
25;2025-12-01;8;896
25;2025-12-01;9;494
25;2025-12-01;10;353
25;2025-12-01;11;375
25;2025-12-01;12;391
25;2025-12-01;13;468
25;2025-12-01;14;422
25;2025-12-01;15;512
25;2025-12-01;16;640
25;2025-12-01;17;736
25;2025-12-01;18;799
25;2025-12-01;19;525
25;2025-12-01;20;312
25;2025-12-01;21;205
25;2025-12-01;22;106
25;2025-12-01;23;6
25;2025-12-02;0;3
25;2025-12-02;1;0
25;2025-12-02;2;0
25;2025-12-02;3;0
25;2025-12-02;4;0
25;2025-12-02;5;4
25;2025-12-02;6;163
25;2025-12-02;7;552
25;2025-12-02;8;922
25;2025-12-02;9;519
25;2025-12-02;10;378
25;2025-12-02;11;401
25;2025-12-02;12;401
25;2025-12-02;13;469
25;2025-12-02;14;448
25;2025-12-02;15;527
25;2025-12-02;16;649
25;2025-12-02;17;740
25;2025-12-02;18;821
25;2025-12-02;19;540
25;2025-12-02;20;324
25;2025-12-02;21;213
25;2025-12-02;22;115
25;2025-12-02;23;6
25;2025-12-03;0;2
25;2025-12-03;1;0
25;2025-12-03;2;0
25;2025-12-03;3;0
25;2025-12-03;4;0
25;2025-12-03;5;5
25;2025-12-03;6;162
25;2025-12-03;7;549
25;2025-12-03;8;928
25;2025-12-03;9;515
25;2025-12-03;10;374
25;2025-12-03;11;401
25;2025-12-03;12;413
25;2025-12-03;13;491
25;2025-12-03;14;453
25;2025-12-03;15;537
25;2025-12-03;16;663
25;2025-12-03;17;765
25;2025-12-03;18;838
25;2025-12-03;19;549
25;2025-12-03;20;340
25;2025-12-03;21;223
25;2025-12-03;22;121
25;2025-12-03;23;6
25;2025-12-04;0;3
25;2025-12-04;1;0
25;2025-12-04;2;0
25;2025-12-04;3;0
25;2025-12-04;4;0
25;2025-12-04;5;6
25;2025-12-04;6;163
25;2025-12-04;7;547
25;2025-12-04;8;922
25;2025-12-04;9;513
25;2025-12-04;10;383
25;2025-12-04;11;402
25;2025-12-04;12;417
25;2025-12-04;13;482
25;2025-12-04;14;462
25;2025-12-04;15;543
25;2025-12-04;16;663
25;2025-12-04;17;764
25;2025-12-04;18;824
25;2025-12-04;19;551
25;2025-12-04;20;334
25;2025-12-04;21;222
25;2025-12-04;22;124
25;2025-12-04;23;7
25;2025-12-05;0;3
25;2025-12-05;1;0
25;2025-12-05;2;0
25;2025-12-05;3;0
25;2025-12-05;4;0
25;2025-12-05;5;5
25;2025-12-05;6;158
25;2025-12-05;7;543
25;2025-12-05;8;903
25;2025-12-05;9;505
25;2025-12-05;10;376
25;2025-12-05;11;414
25;2025-12-05;12;424
25;2025-12-05;13;522
25;2025-12-05;14;502
25;2025-12-05;15;591
25;2025-12-05;16;717
25;2025-12-05;17;757
25;2025-12-05;18;715
25;2025-12-05;19;483
25;2025-12-05;20;312
25;2025-12-05;21;225
25;2025-12-05;22;131
25;2025-12-05;23;12
25;2025-12-06;0;8
25;2025-12-06;1;0
25;2025-12-06;2;0
25;2025-12-06;3;0
25;2025-12-06;4;0
25;2025-12-06;5;6
25;2025-12-06;6;55
25;2025-12-06;7;128
25;2025-12-06;8;249
25;2025-12-06;9;277
25;2025-12-06;10;296
25;2025-12-06;11;374
25;2025-12-06;12;413
25;2025-12-06;13;522
25;2025-12-06;14;533
25;2025-12-06;15;603
25;2025-12-06;16;545
25;2025-12-06;17;488
25;2025-12-06;18;464
25;2025-12-06;19;392
25;2025-12-06;20;278
25;2025-12-06;21;228
25;2025-12-06;22;147
25;2025-12-06;23;54
25;2025-12-07;0;16
25;2025-12-07;1;0
25;2025-12-07;2;0
25;2025-12-07;3;0
25;2025-12-07;4;3
25;2025-12-07;5;2
25;2025-12-07;6;37
25;2025-12-07;7;87
25;2025-12-07;8;187
25;2025-12-07;9;210
25;2025-12-07;10;234
25;2025-12-07;11;300
25;2025-12-07;12;360
25;2025-12-07;13;447
25;2025-12-07;14;472
25;2025-12-07;15;537
25;2025-12-07;16;486
25;2025-12-07;17;441
25;2025-12-07;18;417
25;2025-12-07;19;327
25;2025-12-07;20;230
25;2025-12-07;21;198
25;2025-12-07;22;123
25;2025-12-07;23;38
25;2025-12-08;0;5
25;2025-12-08;1;0
25;2025-12-08;2;0
25;2025-12-08;3;0
25;2025-12-08;4;0
25;2025-12-08;5;3
25;2025-12-08;6;154
25;2025-12-08;7;533
25;2025-12-08;8;896
25;2025-12-08;9;494
25;2025-12-08;10;353
25;2025-12-08;11;375
25;2025-12-08;12;391
25;2025-12-08;13;468
25;2025-12-08;14;422
25;2025-12-08;15;512
25;2025-12-08;16;640
25;2025-12-08;17;736
25;2025-12-08;18;799
25;2025-12-08;19;525
25;2025-12-08;20;312
25;2025-12-08;21;205
25;2025-12-08;22;106
25;2025-12-08;23;6
25;2025-12-09;0;3
25;2025-12-09;1;0
25;2025-12-09;2;0
25;2025-12-09;3;0
25;2025-12-09;4;0
25;2025-12-09;5;4
25;2025-12-09;6;163
25;2025-12-09;7;552
25;2025-12-09;8;922
25;2025-12-09;9;519
25;2025-12-09;10;378
25;2025-12-09;11;401
25;2025-12-09;12;401
25;2025-12-09;13;469
25;2025-12-09;14;448
25;2025-12-09;15;527
25;2025-12-09;16;649
25;2025-12-09;17;740
25;2025-12-09;18;821
25;2025-12-09;19;540
25;2025-12-09;20;324
25;2025-12-09;21;213
25;2025-12-09;22;115
25;2025-12-09;23;6
25;2025-12-10;0;2
25;2025-12-10;1;0
25;2025-12-10;2;0
25;2025-12-10;3;0
25;2025-12-10;4;0
25;2025-12-10;5;5
25;2025-12-10;6;162
25;2025-12-10;7;549
25;2025-12-10;8;928
25;2025-12-10;9;515
25;2025-12-10;10;374
25;2025-12-10;11;401
25;2025-12-10;12;413
25;2025-12-10;13;491
25;2025-12-10;14;453
25;2025-12-10;15;537
25;2025-12-10;16;663
25;2025-12-10;17;765
25;2025-12-10;18;838
25;2025-12-10;19;549
25;2025-12-10;20;340
25;2025-12-10;21;223
25;2025-12-10;22;121
25;2025-12-10;23;6
25;2025-12-11;0;3
25;2025-12-11;1;0
25;2025-12-11;2;0
25;2025-12-11;3;0
25;2025-12-11;4;0
25;2025-12-11;5;6
25;2025-12-11;6;163
25;2025-12-11;7;547
25;2025-12-11;8;922
25;2025-12-11;9;513
25;2025-12-11;10;383
25;2025-12-11;11;402
25;2025-12-11;12;417
25;2025-12-11;13;482
25;2025-12-11;14;462
25;2025-12-11;15;543
25;2025-12-11;16;663
25;2025-12-11;17;764
25;2025-12-11;18;824
25;2025-12-11;19;551
25;2025-12-11;20;334
25;2025-12-11;21;222
25;2025-12-11;22;124
25;2025-12-11;23;7
25;2025-12-12;0;3
25;2025-12-12;1;0
25;2025-12-12;2;0
25;2025-12-12;3;0
25;2025-12-12;4;0
25;2025-12-12;5;5
25;2025-12-12;6;158
25;2025-12-12;7;543
25;2025-12-12;8;903
25;2025-12-12;9;505
25;2025-12-12;10;376
25;2025-12-12;11;414
25;2025-12-12;12;424
25;2025-12-12;13;522
25;2025-12-12;14;502
25;2025-12-12;15;591
25;2025-12-12;16;717
25;2025-12-12;17;757
25;2025-12-12;18;715
25;2025-12-12;19;483
25;2025-12-12;20;312
25;2025-12-12;21;225
25;2025-12-12;22;131
25;2025-12-12;23;12
25;2025-12-13;0;8
25;2025-12-13;1;0
25;2025-12-13;2;0
25;2025-12-13;3;0
25;2025-12-13;4;0
25;2025-12-13;5;6
25;2025-12-13;6;55
25;2025-12-13;7;128
25;2025-12-13;8;249
25;2025-12-13;9;277
25;2025-12-13;10;296
25;2025-12-13;11;374
25;2025-12-13;12;413
25;2025-12-13;13;522
25;2025-12-13;14;533
25;2025-12-13;15;603
25;2025-12-13;16;545
25;2025-12-13;17;488
25;2025-12-13;18;464
25;2025-12-13;19;392
25;2025-12-13;20;278
25;2025-12-13;21;228
25;2025-12-13;22;147
25;2025-12-13;23;54
25;2025-12-14;0;16
25;2025-12-14;1;0
25;2025-12-14;2;0
25;2025-12-14;3;0
25;2025-12-14;4;3
25;2025-12-14;5;2
25;2025-12-14;6;37
25;2025-12-14;7;87
25;2025-12-14;8;187
25;2025-12-14;9;210
25;2025-12-14;10;234
25;2025-12-14;11;300
25;2025-12-14;12;360
25;2025-12-14;13;447
25;2025-12-14;14;472
25;2025-12-14;15;537
25;2025-12-14;16;486
25;2025-12-14;17;441
25;2025-12-14;18;417
25;2025-12-14;19;327
25;2025-12-14;20;230
25;2025-12-14;21;198
25;2025-12-14;22;123
25;2025-12-14;23;38
25;2025-12-15;0;5
25;2025-12-15;1;0
25;2025-12-15;2;0
25;2025-12-15;3;0
25;2025-12-15;4;0
25;2025-12-15;5;3
25;2025-12-15;6;154
25;2025-12-15;7;533
25;2025-12-15;8;896
25;2025-12-15;9;494
25;2025-12-15;10;353
25;2025-12-15;11;375
25;2025-12-15;12;391
25;2025-12-15;13;468
25;2025-12-15;14;422
25;2025-12-15;15;512
25;2025-12-15;16;640
25;2025-12-15;17;736
25;2025-12-15;18;799
25;2025-12-15;19;525
25;2025-12-15;20;312
25;2025-12-15;21;205
25;2025-12-15;22;106
25;2025-12-15;23;6
25;2025-12-16;0;3
25;2025-12-16;1;0
25;2025-12-16;2;0
25;2025-12-16;3;0
25;2025-12-16;4;0
25;2025-12-16;5;4
25;2025-12-16;6;163
25;2025-12-16;7;552
25;2025-12-16;8;922
25;2025-12-16;9;519
25;2025-12-16;10;378
25;2025-12-16;11;401
25;2025-12-16;12;401
25;2025-12-16;13;469
25;2025-12-16;14;448
25;2025-12-16;15;527
25;2025-12-16;16;649
25;2025-12-16;17;740
25;2025-12-16;18;821
25;2025-12-16;19;540
25;2025-12-16;20;324
25;2025-12-16;21;213
25;2025-12-16;22;115
25;2025-12-16;23;6
25;2025-12-17;0;2
25;2025-12-17;1;0
25;2025-12-17;2;0
25;2025-12-17;3;0
25;2025-12-17;4;0
25;2025-12-17;5;5
25;2025-12-17;6;162
25;2025-12-17;7;549
25;2025-12-17;8;928
25;2025-12-17;9;515
25;2025-12-17;10;374
25;2025-12-17;11;401
25;2025-12-17;12;413
25;2025-12-17;13;491
25;2025-12-17;14;453
25;2025-12-17;15;537
25;2025-12-17;16;663
25;2025-12-17;17;765
25;2025-12-17;18;838
25;2025-12-17;19;549
25;2025-12-17;20;340
25;2025-12-17;21;223
25;2025-12-17;22;121
25;2025-12-17;23;6
25;2025-12-18;0;3
25;2025-12-18;1;0
25;2025-12-18;2;0
25;2025-12-18;3;0
25;2025-12-18;4;0
25;2025-12-18;5;6
25;2025-12-18;6;163
25;2025-12-18;7;547
25;2025-12-18;8;922
25;2025-12-18;9;513
25;2025-12-18;10;383
25;2025-12-18;11;402
25;2025-12-18;12;417
25;2025-12-18;13;482
25;2025-12-18;14;462
25;2025-12-18;15;543
25;2025-12-18;16;663
25;2025-12-18;17;764
25;2025-12-18;18;824
25;2025-12-18;19;551
25;2025-12-18;20;334
25;2025-12-18;21;222
25;2025-12-18;22;124
25;2025-12-18;23;7
25;2025-12-19;0;3
25;2025-12-19;1;0
25;2025-12-19;2;0
25;2025-12-19;3;0
25;2025-12-19;4;0
25;2025-12-19;5;5
25;2025-12-19;6;158
25;2025-12-19;7;543
25;2025-12-19;8;903
25;2025-12-19;9;505
25;2025-12-19;10;376
25;2025-12-19;11;414
25;2025-12-19;12;424
25;2025-12-19;13;522
25;2025-12-19;14;502
25;2025-12-19;15;591
25;2025-12-19;16;717
25;2025-12-19;17;757
25;2025-12-19;18;715
25;2025-12-19;19;483
25;2025-12-19;20;312
25;2025-12-19;21;225
25;2025-12-19;22;131
25;2025-12-19;23;12
25;2025-12-20;0;8
25;2025-12-20;1;0
25;2025-12-20;2;0
25;2025-12-20;3;0
25;2025-12-20;4;0
25;2025-12-20;5;6
25;2025-12-20;6;55
25;2025-12-20;7;128
25;2025-12-20;8;249
25;2025-12-20;9;277
25;2025-12-20;10;296
25;2025-12-20;11;374
25;2025-12-20;12;413
25;2025-12-20;13;522
25;2025-12-20;14;533
25;2025-12-20;15;603
25;2025-12-20;16;545
25;2025-12-20;17;488
25;2025-12-20;18;464
25;2025-12-20;19;392
25;2025-12-20;20;278
25;2025-12-20;21;228
25;2025-12-20;22;147
25;2025-12-20;23;54
25;2025-12-21;0;16
25;2025-12-21;1;0
25;2025-12-21;2;0
25;2025-12-21;3;0
25;2025-12-21;4;3
25;2025-12-21;5;2
25;2025-12-21;6;37
25;2025-12-21;7;87
25;2025-12-21;8;187
25;2025-12-21;9;210
25;2025-12-21;10;234
25;2025-12-21;11;300
25;2025-12-21;12;360
25;2025-12-21;13;447
25;2025-12-21;14;472
25;2025-12-21;15;537
25;2025-12-21;16;486
25;2025-12-21;17;441
25;2025-12-21;18;417
25;2025-12-21;19;327
25;2025-12-21;20;230
25;2025-12-21;21;198
25;2025-12-21;22;123
25;2025-12-21;23;38
25;2025-12-22;0;5
25;2025-12-22;1;0
25;2025-12-22;2;0
25;2025-12-22;3;0
25;2025-12-22;4;0
25;2025-12-22;5;3
25;2025-12-22;6;154
25;2025-12-22;7;533
25;2025-12-22;8;896
25;2025-12-22;9;494
25;2025-12-22;10;353
25;2025-12-22;11;375
25;2025-12-22;12;391
25;2025-12-22;13;468
25;2025-12-22;14;422
25;2025-12-22;15;512
25;2025-12-22;16;640
25;2025-12-22;17;736
25;2025-12-22;18;799
25;2025-12-22;19;525
25;2025-12-22;20;312
25;2025-12-22;21;205
25;2025-12-22;22;106
25;2025-12-22;23;6
25;2025-12-23;0;3
25;2025-12-23;1;0
25;2025-12-23;2;0
25;2025-12-23;3;0
25;2025-12-23;4;0
25;2025-12-23;5;4
25;2025-12-23;6;163
25;2025-12-23;7;552
25;2025-12-23;8;922
25;2025-12-23;9;519
25;2025-12-23;10;378
25;2025-12-23;11;401
25;2025-12-23;12;401
25;2025-12-23;13;469
25;2025-12-23;14;448
25;2025-12-23;15;527
25;2025-12-23;16;649
25;2025-12-23;17;740
25;2025-12-23;18;821
25;2025-12-23;19;540
25;2025-12-23;20;324
25;2025-12-23;21;213
25;2025-12-23;22;115
25;2025-12-23;23;6
25;2025-12-24;0;2
25;2025-12-24;1;0
25;2025-12-24;2;0
25;2025-12-24;3;0
25;2025-12-24;4;0
25;2025-12-24;5;5
25;2025-12-24;6;162
25;2025-12-24;7;549
25;2025-12-24;8;928
25;2025-12-24;9;515
25;2025-12-24;10;374
25;2025-12-24;11;401
25;2025-12-24;12;413
25;2025-12-24;13;491
25;2025-12-24;14;453
25;2025-12-24;15;537
25;2025-12-24;16;663
25;2025-12-24;17;765
25;2025-12-24;18;838
25;2025-12-24;19;549
25;2025-12-24;20;340
25;2025-12-24;21;223
25;2025-12-24;22;121
25;2025-12-24;23;6
25;2025-12-25;0;3
25;2025-12-25;1;0
25;2025-12-25;2;0
25;2025-12-25;3;0
25;2025-12-25;4;0
25;2025-12-25;5;6
25;2025-12-25;6;163
25;2025-12-25;7;547
25;2025-12-25;8;922
25;2025-12-25;9;513
25;2025-12-25;10;383
25;2025-12-25;11;402
25;2025-12-25;12;417
25;2025-12-25;13;482
25;2025-12-25;14;462
25;2025-12-25;15;543
25;2025-12-25;16;663
25;2025-12-25;17;764
25;2025-12-25;18;824
25;2025-12-25;19;551
25;2025-12-25;20;334
25;2025-12-25;21;222
25;2025-12-25;22;124
25;2025-12-25;23;7
25;2025-12-26;0;3
25;2025-12-26;1;0
25;2025-12-26;2;0
25;2025-12-26;3;0
25;2025-12-26;4;0
25;2025-12-26;5;5
25;2025-12-26;6;158
25;2025-12-26;7;543
25;2025-12-26;8;903
25;2025-12-26;9;505
25;2025-12-26;10;376
25;2025-12-26;11;414
25;2025-12-26;12;424
25;2025-12-26;13;522
25;2025-12-26;14;502
25;2025-12-26;15;591
25;2025-12-26;16;717
25;2025-12-26;17;757
25;2025-12-26;18;715
25;2025-12-26;19;483
25;2025-12-26;20;312
25;2025-12-26;21;225
25;2025-12-26;22;131
25;2025-12-26;23;12
25;2025-12-27;0;8
25;2025-12-27;1;0
25;2025-12-27;2;0
25;2025-12-27;3;0
25;2025-12-27;4;0
25;2025-12-27;5;6
25;2025-12-27;6;55
25;2025-12-27;7;128
25;2025-12-27;8;249
25;2025-12-27;9;277
25;2025-12-27;10;296
25;2025-12-27;11;374
25;2025-12-27;12;413
25;2025-12-27;13;522
25;2025-12-27;14;533
25;2025-12-27;15;603
25;2025-12-27;16;545
25;2025-12-27;17;488
25;2025-12-27;18;464
25;2025-12-27;19;392
25;2025-12-27;20;278
25;2025-12-27;21;228
25;2025-12-27;22;147
25;2025-12-27;23;54
25;2025-12-28;0;16
25;2025-12-28;1;0
25;2025-12-28;2;0
25;2025-12-28;3;0
25;2025-12-28;4;3
25;2025-12-28;5;2
25;2025-12-28;6;37
25;2025-12-28;7;87
25;2025-12-28;8;187
25;2025-12-28;9;210
25;2025-12-28;10;234
25;2025-12-28;11;300
25;2025-12-28;12;360
25;2025-12-28;13;447
25;2025-12-28;14;472
25;2025-12-28;15;537
25;2025-12-28;16;486
25;2025-12-28;17;441
25;2025-12-28;18;417
25;2025-12-28;19;327
25;2025-12-28;20;230
25;2025-12-28;21;198
25;2025-12-28;22;123
25;2025-12-28;23;38
25;2025-12-29;0;5
25;2025-12-29;1;0
25;2025-12-29;2;0
25;2025-12-29;3;0
25;2025-12-29;4;0
25;2025-12-29;5;3
25;2025-12-29;6;146
25;2025-12-29;7;506
25;2025-12-29;8;851
25;2025-12-29;9;469
25;2025-12-29;10;335
25;2025-12-29;11;356
25;2025-12-29;12;371
25;2025-12-29;13;445
25;2025-12-29;14;401
25;2025-12-29;15;486
25;2025-12-29;16;608
25;2025-12-29;17;699
25;2025-12-29;18;759
25;2025-12-29;19;499
25;2025-12-29;20;296
25;2025-12-29;21;195
25;2025-12-29;22;101
25;2025-12-29;23;6
25;2025-12-30;0;3
25;2025-12-30;1;0
25;2025-12-30;2;0
25;2025-12-30;3;0
25;2025-12-30;4;0
25;2025-12-30;5;4
25;2025-12-30;6;150
25;2025-12-30;7;508
25;2025-12-30;8;848
25;2025-12-30;9;477
25;2025-12-30;10;348
25;2025-12-30;11;369
25;2025-12-30;12;369
25;2025-12-30;13;431
25;2025-12-30;14;412
25;2025-12-30;15;485
25;2025-12-30;16;597
25;2025-12-30;17;681
25;2025-12-30;18;755
25;2025-12-30;19;497
25;2025-12-30;20;298
25;2025-12-30;21;196
25;2025-12-30;22;106
25;2025-12-30;23;6
25;2025-12-31;0;7
25;2025-12-31;1;0
25;2025-12-31;2;0
25;2025-12-31;3;0
25;2025-12-31;4;1
25;2025-12-31;5;2
25;2025-12-31;6;36
25;2025-12-31;7;84
25;2025-12-31;8;210
25;2025-12-31;9;192
25;2025-12-31;10;205
25;2025-12-31;11;256
25;2025-12-31;12;275
25;2025-12-31;13;339
25;2025-12-31;14;353
25;2025-12-31;15;388
25;2025-12-31;16;384
25;2025-12-31;17;364
25;2025-12-31;18;288
25;2025-12-31;19;219
25;2025-12-31;20;156
25;2025-12-31;21;134
25;2025-12-31;22;85
25;2025-12-31;23;23
26;2025-11-01;0;57
26;2025-11-01;1;8
26;2025-11-01;2;0
26;2025-11-01;3;0
26;2025-11-01;4;6
26;2025-11-01;5;117
26;2025-11-01;6;651
26;2025-11-01;7;1278
26;2025-11-01;8;1995
26;2025-11-01;9;1619
26;2025-11-01;10;1465
26;2025-11-01;11;1431
26;2025-11-01;12;1443
26;2025-11-01;13;1527
26;2025-11-01;14;1519
26;2025-11-01;15;1602
26;2025-11-01;16;1734
26;2025-11-01;17;1893
26;2025-11-01;18;1949
26;2025-11-01;19;1416
26;2025-11-01;20;997
26;2025-11-01;21;646
26;2025-11-01;22;396
26;2025-11-01;23;246
26;2025-11-02;0;52
26;2025-11-02;1;5
26;2025-11-02;2;0
26;2025-11-02;3;0
26;2025-11-02;4;1
26;2025-11-02;5;32
26;2025-11-02;6;180
26;2025-11-02;7;278
26;2025-11-02;8;418
26;2025-11-02;9;532
26;2025-11-02;10;617
26;2025-11-02;11;759
26;2025-11-02;12;811
26;2025-11-02;13;846
26;2025-11-02;14;828
26;2025-11-02;15;801
26;2025-11-02;16;798
26;2025-11-02;17;771
26;2025-11-02;18;721
26;2025-11-02;19;614
26;2025-11-02;20;451
26;2025-11-02;21;323
26;2025-11-02;22;210
26;2025-11-02;23;121
26;2025-11-03;0;43
26;2025-11-03;1;5
26;2025-11-03;2;0
26;2025-11-03;3;0
26;2025-11-03;4;1
26;2025-11-03;5;49
26;2025-11-03;6;236
26;2025-11-03;7;325
26;2025-11-03;8;480
26;2025-11-03;9;542
26;2025-11-03;10;633
26;2025-11-03;11;710
26;2025-11-03;12;757
26;2025-11-03;13;800
26;2025-11-03;14;801
26;2025-11-03;15;795
26;2025-11-03;16;796
26;2025-11-03;17;815
26;2025-11-03;18;761
26;2025-11-03;19;690
26;2025-11-03;20;480
26;2025-11-03;21;341
26;2025-11-03;22;210
26;2025-11-03;23;130
26;2025-11-04;0;44
26;2025-11-04;1;11
26;2025-11-04;2;2
26;2025-11-04;3;1
26;2025-11-04;4;2
26;2025-11-04;5;23
26;2025-11-04;6;181
26;2025-11-04;7;234
26;2025-11-04;8;356
26;2025-11-04;9;397
26;2025-11-04;10;459
26;2025-11-04;11;585
26;2025-11-04;12;637
26;2025-11-04;13;697
26;2025-11-04;14;696
26;2025-11-04;15;689
26;2025-11-04;16;678
26;2025-11-04;17;680
26;2025-11-04;18;651
26;2025-11-04;19;602
26;2025-11-04;20;419
26;2025-11-04;21;298
26;2025-11-04;22;185
26;2025-11-04;23;112
26;2025-11-05;0;34
26;2025-11-05;1;1
26;2025-11-05;2;0
26;2025-11-05;3;0
26;2025-11-05;4;4
26;2025-11-05;5;85
26;2025-11-05;6;536
26;2025-11-05;7;1173
26;2025-11-05;8;2074
26;2025-11-05;9;1477
26;2025-11-05;10;1182
26;2025-11-05;11;1099
26;2025-11-05;12;1143
26;2025-11-05;13;1183
26;2025-11-05;14;1231
26;2025-11-05;15;1300
26;2025-11-05;16;1461
26;2025-11-05;17;1722
26;2025-11-05;18;1849
26;2025-11-05;19;1305
26;2025-11-05;20;813
26;2025-11-05;21;500
26;2025-11-05;22;246
26;2025-11-05;23;134
26;2025-11-06;0;36
26;2025-11-06;1;1
26;2025-11-06;2;0
26;2025-11-06;3;0
26;2025-11-06;4;4
26;2025-11-06;5;85
26;2025-11-06;6;533
26;2025-11-06;7;1166
26;2025-11-06;8;2086
26;2025-11-06;9;1481
26;2025-11-06;10;1189
26;2025-11-06;11;1114
26;2025-11-06;12;1152
26;2025-11-06;13;1186
26;2025-11-06;14;1219
26;2025-11-06;15;1323
26;2025-11-06;16;1486
26;2025-11-06;17;1742
26;2025-11-06;18;1867
26;2025-11-06;19;1312
26;2025-11-06;20;815
26;2025-11-06;21;494
26;2025-11-06;22;249
26;2025-11-06;23;137
26;2025-11-07;0;36
26;2025-11-07;1;1
26;2025-11-07;2;0
26;2025-11-07;3;0
26;2025-11-07;4;3
26;2025-11-07;5;81
26;2025-11-07;6;524
26;2025-11-07;7;1148
26;2025-11-07;8;2021
26;2025-11-07;9;1437
26;2025-11-07;10;1176
26;2025-11-07;11;1083
26;2025-11-07;12;1144
26;2025-11-07;13;1200
26;2025-11-07;14;1226
26;2025-11-07;15;1345
26;2025-11-07;16;1527
26;2025-11-07;17;1705
26;2025-11-07;18;1611
26;2025-11-07;19;1168
26;2025-11-07;20;747
26;2025-11-07;21;472
26;2025-11-07;22;239
26;2025-11-07;23;151
26;2025-11-08;0;50
26;2025-11-08;1;3
26;2025-11-08;2;0
26;2025-11-08;3;0
26;2025-11-08;4;3
26;2025-11-08;5;49
26;2025-11-08;6;262
26;2025-11-08;7;385
26;2025-11-08;8;563
26;2025-11-08;9;689
26;2025-11-08;10;795
26;2025-11-08;11;951
26;2025-11-08;12;982
26;2025-11-08;13;1024
26;2025-11-08;14;1008
26;2025-11-08;15;971
26;2025-11-08;16;946
26;2025-11-08;17;927
26;2025-11-08;18;883
26;2025-11-08;19;777
26;2025-11-08;20;555
26;2025-11-08;21;387
26;2025-11-08;22;242
26;2025-11-08;23;151
26;2025-11-09;0;52
26;2025-11-09;1;5
26;2025-11-09;2;0
26;2025-11-09;3;0
26;2025-11-09;4;1
26;2025-11-09;5;32
26;2025-11-09;6;180
26;2025-11-09;7;278
26;2025-11-09;8;418
26;2025-11-09;9;532
26;2025-11-09;10;617
26;2025-11-09;11;759
26;2025-11-09;12;811
26;2025-11-09;13;846
26;2025-11-09;14;828
26;2025-11-09;15;801
26;2025-11-09;16;798
26;2025-11-09;17;771
26;2025-11-09;18;721
26;2025-11-09;19;614
26;2025-11-09;20;451
26;2025-11-09;21;323
26;2025-11-09;22;210
26;2025-11-09;23;121
26;2025-11-10;0;33
26;2025-11-10;1;2
26;2025-11-10;2;0
26;2025-11-10;3;0
26;2025-11-10;4;3
26;2025-11-10;5;78
26;2025-11-10;6;520
26;2025-11-10;7;1144
26;2025-11-10;8;2033
26;2025-11-10;9;1456
26;2025-11-10;10;1168
26;2025-11-10;11;1078
26;2025-11-10;12;1113
26;2025-11-10;13;1169
26;2025-11-10;14;1171
26;2025-11-10;15;1268
26;2025-11-10;16;1439
26;2025-11-10;17;1711
26;2025-11-10;18;1836
26;2025-11-10;19;1287
26;2025-11-10;20;793
26;2025-11-10;21;469
26;2025-11-10;22;230
26;2025-11-10;23;121
26;2025-11-11;0;33
26;2025-11-11;1;1
26;2025-11-11;2;0
26;2025-11-11;3;0
26;2025-11-11;4;4
26;2025-11-11;5;84
26;2025-11-11;6;542
26;2025-11-11;7;1176
26;2025-11-11;8;2089
26;2025-11-11;9;1489
26;2025-11-11;10;1187
26;2025-11-11;11;1104
26;2025-11-11;12;1151
26;2025-11-11;13;1177
26;2025-11-11;14;1204
26;2025-11-11;15;1297
26;2025-11-11;16;1481
26;2025-11-11;17;1750
26;2025-11-11;18;1874
26;2025-11-11;19;1313
26;2025-11-11;20;814
26;2025-11-11;21;488
26;2025-11-11;22;243
26;2025-11-11;23;131
26;2025-11-12;0;34
26;2025-11-12;1;1
26;2025-11-12;2;0
26;2025-11-12;3;0
26;2025-11-12;4;4
26;2025-11-12;5;85
26;2025-11-12;6;536
26;2025-11-12;7;1173
26;2025-11-12;8;2074
26;2025-11-12;9;1477
26;2025-11-12;10;1182
26;2025-11-12;11;1099
26;2025-11-12;12;1143
26;2025-11-12;13;1183
26;2025-11-12;14;1231
26;2025-11-12;15;1300
26;2025-11-12;16;1461
26;2025-11-12;17;1722
26;2025-11-12;18;1849
26;2025-11-12;19;1305
26;2025-11-12;20;813
26;2025-11-12;21;500
26;2025-11-12;22;246
26;2025-11-12;23;134
26;2025-11-13;0;36
26;2025-11-13;1;1
26;2025-11-13;2;0
26;2025-11-13;3;0
26;2025-11-13;4;4
26;2025-11-13;5;85
26;2025-11-13;6;533
26;2025-11-13;7;1166
26;2025-11-13;8;2086
26;2025-11-13;9;1481
26;2025-11-13;10;1189
26;2025-11-13;11;1114
26;2025-11-13;12;1152
26;2025-11-13;13;1186
26;2025-11-13;14;1219
26;2025-11-13;15;1323
26;2025-11-13;16;1486
26;2025-11-13;17;1742
26;2025-11-13;18;1867
26;2025-11-13;19;1312
26;2025-11-13;20;815
26;2025-11-13;21;494
26;2025-11-13;22;249
26;2025-11-13;23;137
26;2025-11-14;0;36
26;2025-11-14;1;1
26;2025-11-14;2;0
26;2025-11-14;3;0
26;2025-11-14;4;3
26;2025-11-14;5;81
26;2025-11-14;6;524
26;2025-11-14;7;1148
26;2025-11-14;8;2021
26;2025-11-14;9;1437
26;2025-11-14;10;1176
26;2025-11-14;11;1083
26;2025-11-14;12;1144
26;2025-11-14;13;1200
26;2025-11-14;14;1226
26;2025-11-14;15;1345
26;2025-11-14;16;1527
26;2025-11-14;17;1705
26;2025-11-14;18;1611
26;2025-11-14;19;1168
26;2025-11-14;20;747
26;2025-11-14;21;472
26;2025-11-14;22;239
26;2025-11-14;23;151
26;2025-11-15;0;50
26;2025-11-15;1;3
26;2025-11-15;2;0
26;2025-11-15;3;0
26;2025-11-15;4;3
26;2025-11-15;5;49
26;2025-11-15;6;262
26;2025-11-15;7;385
26;2025-11-15;8;563
26;2025-11-15;9;689
26;2025-11-15;10;795
26;2025-11-15;11;951
26;2025-11-15;12;982
26;2025-11-15;13;1024
26;2025-11-15;14;1008
26;2025-11-15;15;971
26;2025-11-15;16;946
26;2025-11-15;17;927
26;2025-11-15;18;883
26;2025-11-15;19;777
26;2025-11-15;20;555
26;2025-11-15;21;387
26;2025-11-15;22;242
26;2025-11-15;23;151
26;2025-11-16;0;52
26;2025-11-16;1;5
26;2025-11-16;2;0
26;2025-11-16;3;0
26;2025-11-16;4;1
26;2025-11-16;5;32
26;2025-11-16;6;180
26;2025-11-16;7;278
26;2025-11-16;8;418
26;2025-11-16;9;532
26;2025-11-16;10;617
26;2025-11-16;11;759
26;2025-11-16;12;811
26;2025-11-16;13;846
26;2025-11-16;14;828
26;2025-11-16;15;801
26;2025-11-16;16;798
26;2025-11-16;17;771
26;2025-11-16;18;721
26;2025-11-16;19;614
26;2025-11-16;20;451
26;2025-11-16;21;323
26;2025-11-16;22;210
26;2025-11-16;23;121
26;2025-11-17;0;33
26;2025-11-17;1;2
26;2025-11-17;2;0
26;2025-11-17;3;0
26;2025-11-17;4;3
26;2025-11-17;5;78
26;2025-11-17;6;520
26;2025-11-17;7;1144
26;2025-11-17;8;2033
26;2025-11-17;9;1456
26;2025-11-17;10;1168
26;2025-11-17;11;1078
26;2025-11-17;12;1113
26;2025-11-17;13;1169
26;2025-11-17;14;1171
26;2025-11-17;15;1268
26;2025-11-17;16;1439
26;2025-11-17;17;1711
26;2025-11-17;18;1836
26;2025-11-17;19;1287
26;2025-11-17;20;793
26;2025-11-17;21;469
26;2025-11-17;22;230
26;2025-11-17;23;121
26;2025-11-18;0;33
26;2025-11-18;1;1
26;2025-11-18;2;0
26;2025-11-18;3;0
26;2025-11-18;4;4
26;2025-11-18;5;84
26;2025-11-18;6;542
26;2025-11-18;7;1176
26;2025-11-18;8;2089
26;2025-11-18;9;1489
26;2025-11-18;10;1187
26;2025-11-18;11;1104
26;2025-11-18;12;1151
26;2025-11-18;13;1177
26;2025-11-18;14;1204
26;2025-11-18;15;1297
26;2025-11-18;16;1481
26;2025-11-18;17;1750
26;2025-11-18;18;1874
26;2025-11-18;19;1313
26;2025-11-18;20;814
26;2025-11-18;21;488
26;2025-11-18;22;243
26;2025-11-18;23;131
26;2025-11-19;0;34
26;2025-11-19;1;1
26;2025-11-19;2;0
26;2025-11-19;3;0
26;2025-11-19;4;4
26;2025-11-19;5;85
26;2025-11-19;6;536
26;2025-11-19;7;1173
26;2025-11-19;8;2074
26;2025-11-19;9;1477
26;2025-11-19;10;1182
26;2025-11-19;11;1099
26;2025-11-19;12;1143
26;2025-11-19;13;1183
26;2025-11-19;14;1231
26;2025-11-19;15;1300
26;2025-11-19;16;1461
26;2025-11-19;17;1722
26;2025-11-19;18;1849
26;2025-11-19;19;1305
26;2025-11-19;20;813
26;2025-11-19;21;500
26;2025-11-19;22;246
26;2025-11-19;23;134
26;2025-11-20;0;36
26;2025-11-20;1;1
26;2025-11-20;2;0
26;2025-11-20;3;0
26;2025-11-20;4;4
26;2025-11-20;5;85
26;2025-11-20;6;533
26;2025-11-20;7;1166
26;2025-11-20;8;2086
26;2025-11-20;9;1481
26;2025-11-20;10;1189
26;2025-11-20;11;1114
26;2025-11-20;12;1152
26;2025-11-20;13;1186
26;2025-11-20;14;1219
26;2025-11-20;15;1323
26;2025-11-20;16;1486
26;2025-11-20;17;1742
26;2025-11-20;18;1867
26;2025-11-20;19;1312
26;2025-11-20;20;815
26;2025-11-20;21;494
26;2025-11-20;22;249
26;2025-11-20;23;137
26;2025-11-21;0;36
26;2025-11-21;1;1
26;2025-11-21;2;0
26;2025-11-21;3;0
26;2025-11-21;4;3
26;2025-11-21;5;81
26;2025-11-21;6;524
26;2025-11-21;7;1148
26;2025-11-21;8;2021
26;2025-11-21;9;1437
26;2025-11-21;10;1176
26;2025-11-21;11;1083
26;2025-11-21;12;1144
26;2025-11-21;13;1200
26;2025-11-21;14;1226
26;2025-11-21;15;1345
26;2025-11-21;16;1527
26;2025-11-21;17;1705
26;2025-11-21;18;1611
26;2025-11-21;19;1168
26;2025-11-21;20;747
26;2025-11-21;21;472
26;2025-11-21;22;239
26;2025-11-21;23;151
26;2025-11-22;0;50
26;2025-11-22;1;3
26;2025-11-22;2;0
26;2025-11-22;3;0
26;2025-11-22;4;3
26;2025-11-22;5;49
26;2025-11-22;6;262
26;2025-11-22;7;385
26;2025-11-22;8;563
26;2025-11-22;9;689
26;2025-11-22;10;795
26;2025-11-22;11;951
26;2025-11-22;12;982
26;2025-11-22;13;1024
26;2025-11-22;14;1008
26;2025-11-22;15;971
26;2025-11-22;16;946
26;2025-11-22;17;927
26;2025-11-22;18;883
26;2025-11-22;19;777
26;2025-11-22;20;555
26;2025-11-22;21;387
26;2025-11-22;22;242
26;2025-11-22;23;151
26;2025-11-23;0;52
26;2025-11-23;1;5
26;2025-11-23;2;0
26;2025-11-23;3;0
26;2025-11-23;4;1
26;2025-11-23;5;32
26;2025-11-23;6;180
26;2025-11-23;7;278
26;2025-11-23;8;418
26;2025-11-23;9;532
26;2025-11-23;10;617
26;2025-11-23;11;759
26;2025-11-23;12;811
26;2025-11-23;13;846
26;2025-11-23;14;828
26;2025-11-23;15;801
26;2025-11-23;16;798
26;2025-11-23;17;771
26;2025-11-23;18;721
26;2025-11-23;19;614
26;2025-11-23;20;451
26;2025-11-23;21;323
26;2025-11-23;22;210
26;2025-11-23;23;121
26;2025-11-24;0;33
26;2025-11-24;1;2
26;2025-11-24;2;0
26;2025-11-24;3;0
26;2025-11-24;4;3
26;2025-11-24;5;78
26;2025-11-24;6;520
26;2025-11-24;7;1144
26;2025-11-24;8;2033
26;2025-11-24;9;1456
26;2025-11-24;10;1168
26;2025-11-24;11;1078
26;2025-11-24;12;1113
26;2025-11-24;13;1169
26;2025-11-24;14;1171
26;2025-11-24;15;1268
26;2025-11-24;16;1439
26;2025-11-24;17;1711
26;2025-11-24;18;1836
26;2025-11-24;19;1287
26;2025-11-24;20;793
26;2025-11-24;21;469
26;2025-11-24;22;230
26;2025-11-24;23;121
26;2025-11-25;0;33
26;2025-11-25;1;1
26;2025-11-25;2;0
26;2025-11-25;3;0
26;2025-11-25;4;4
26;2025-11-25;5;84
26;2025-11-25;6;542
26;2025-11-25;7;1176
26;2025-11-25;8;2089
26;2025-11-25;9;1489
26;2025-11-25;10;1187
26;2025-11-25;11;1104
26;2025-11-25;12;1151
26;2025-11-25;13;1177
26;2025-11-25;14;1204
26;2025-11-25;15;1297
26;2025-11-25;16;1481
26;2025-11-25;17;1750
26;2025-11-25;18;1874
26;2025-11-25;19;1313
26;2025-11-25;20;814
26;2025-11-25;21;488
26;2025-11-25;22;243
26;2025-11-25;23;131
26;2025-11-26;0;34
26;2025-11-26;1;1
26;2025-11-26;2;0
26;2025-11-26;3;0
26;2025-11-26;4;4
26;2025-11-26;5;85
26;2025-11-26;6;536
26;2025-11-26;7;1173
26;2025-11-26;8;2074
26;2025-11-26;9;1477
26;2025-11-26;10;1182
26;2025-11-26;11;1099
26;2025-11-26;12;1143
26;2025-11-26;13;1183
26;2025-11-26;14;1231
26;2025-11-26;15;1300
26;2025-11-26;16;1461
26;2025-11-26;17;1722
26;2025-11-26;18;1849
26;2025-11-26;19;1305
26;2025-11-26;20;813
26;2025-11-26;21;500
26;2025-11-26;22;246
26;2025-11-26;23;134
26;2025-11-27;0;36
26;2025-11-27;1;1
26;2025-11-27;2;0
26;2025-11-27;3;0
26;2025-11-27;4;4
26;2025-11-27;5;85
26;2025-11-27;6;533
26;2025-11-27;7;1166
26;2025-11-27;8;2086
26;2025-11-27;9;1481
26;2025-11-27;10;1189
26;2025-11-27;11;1114
26;2025-11-27;12;1152
26;2025-11-27;13;1186
26;2025-11-27;14;1219
26;2025-11-27;15;1323
26;2025-11-27;16;1486
26;2025-11-27;17;1742
26;2025-11-27;18;1867
26;2025-11-27;19;1312
26;2025-11-27;20;815
26;2025-11-27;21;494
26;2025-11-27;22;249
26;2025-11-27;23;137
26;2025-11-28;0;36
26;2025-11-28;1;1
26;2025-11-28;2;0
26;2025-11-28;3;0
26;2025-11-28;4;3
26;2025-11-28;5;81
26;2025-11-28;6;524
26;2025-11-28;7;1148
26;2025-11-28;8;2021
26;2025-11-28;9;1437
26;2025-11-28;10;1176
26;2025-11-28;11;1083
26;2025-11-28;12;1144
26;2025-11-28;13;1200
26;2025-11-28;14;1226
26;2025-11-28;15;1345
26;2025-11-28;16;1527
26;2025-11-28;17;1705
26;2025-11-28;18;1611
26;2025-11-28;19;1168
26;2025-11-28;20;747
26;2025-11-28;21;472
26;2025-11-28;22;239
26;2025-11-28;23;151
26;2025-11-29;0;50
26;2025-11-29;1;3
26;2025-11-29;2;0
26;2025-11-29;3;0
26;2025-11-29;4;3
26;2025-11-29;5;49
26;2025-11-29;6;262
26;2025-11-29;7;385
26;2025-11-29;8;563
26;2025-11-29;9;689
26;2025-11-29;10;795
26;2025-11-29;11;951
26;2025-11-29;12;982
26;2025-11-29;13;1024
26;2025-11-29;14;1008
26;2025-11-29;15;971
26;2025-11-29;16;946
26;2025-11-29;17;927
26;2025-11-29;18;883
26;2025-11-29;19;777
26;2025-11-29;20;555
26;2025-11-29;21;387
26;2025-11-29;22;242
26;2025-11-29;23;151
26;2025-11-30;0;52
26;2025-11-30;1;5
26;2025-11-30;2;0
26;2025-11-30;3;0
26;2025-11-30;4;1
26;2025-11-30;5;32
26;2025-11-30;6;180
26;2025-11-30;7;278
26;2025-11-30;8;418
26;2025-11-30;9;532
26;2025-11-30;10;617
26;2025-11-30;11;759
26;2025-11-30;12;811
26;2025-11-30;13;846
26;2025-11-30;14;828
26;2025-11-30;15;801
26;2025-11-30;16;798
26;2025-11-30;17;771
26;2025-11-30;18;721
26;2025-11-30;19;614
26;2025-11-30;20;451
26;2025-11-30;21;323
26;2025-11-30;22;210
26;2025-11-30;23;121
26;2025-12-01;0;33
26;2025-12-01;1;2
26;2025-12-01;2;0
26;2025-12-01;3;0
26;2025-12-01;4;3
26;2025-12-01;5;79
26;2025-12-01;6;526
26;2025-12-01;7;1129
26;2025-12-01;8;1996
26;2025-12-01;9;1452
26;2025-12-01;10;1168
26;2025-12-01;11;1077
26;2025-12-01;12;1105
26;2025-12-01;13;1158
26;2025-12-01;14;1161
26;2025-12-01;15;1255
26;2025-12-01;16;1426
26;2025-12-01;17;1692
26;2025-12-01;18;1820
26;2025-12-01;19;1285
26;2025-12-01;20;793
26;2025-12-01;21;467
26;2025-12-01;22;229
26;2025-12-01;23;116
26;2025-12-02;0;33
26;2025-12-02;1;1
26;2025-12-02;2;0
26;2025-12-02;3;0
26;2025-12-02;4;4
26;2025-12-02;5;84
26;2025-12-02;6;548
26;2025-12-02;7;1161
26;2025-12-02;8;2054
26;2025-12-02;9;1486
26;2025-12-02;10;1188
26;2025-12-02;11;1104
26;2025-12-02;12;1145
26;2025-12-02;13;1168
26;2025-12-02;14;1196
26;2025-12-02;15;1285
26;2025-12-02;16;1469
26;2025-12-02;17;1732
26;2025-12-02;18;1857
26;2025-12-02;19;1311
26;2025-12-02;20;815
26;2025-12-02;21;485
26;2025-12-02;22;242
26;2025-12-02;23;126
26;2025-12-03;0;35
26;2025-12-03;1;1
26;2025-12-03;2;0
26;2025-12-03;3;0
26;2025-12-03;4;4
26;2025-12-03;5;85
26;2025-12-03;6;540
26;2025-12-03;7;1157
26;2025-12-03;8;2036
26;2025-12-03;9;1472
26;2025-12-03;10;1181
26;2025-12-03;11;1097
26;2025-12-03;12;1134
26;2025-12-03;13;1172
26;2025-12-03;14;1220
26;2025-12-03;15;1286
26;2025-12-03;16;1447
26;2025-12-03;17;1697
26;2025-12-03;18;1827
26;2025-12-03;19;1300
26;2025-12-03;20;811
26;2025-12-03;21;496
26;2025-12-03;22;245
26;2025-12-03;23;129
26;2025-12-04;0;36
26;2025-12-04;1;1
26;2025-12-04;2;0
26;2025-12-04;3;0
26;2025-12-04;4;4
26;2025-12-04;5;85
26;2025-12-04;6;539
26;2025-12-04;7;1151
26;2025-12-04;8;2050
26;2025-12-04;9;1477
26;2025-12-04;10;1189
26;2025-12-04;11;1114
26;2025-12-04;12;1145
26;2025-12-04;13;1177
26;2025-12-04;14;1210
26;2025-12-04;15;1311
26;2025-12-04;16;1474
26;2025-12-04;17;1724
26;2025-12-04;18;1852
26;2025-12-04;19;1311
26;2025-12-04;20;816
26;2025-12-04;21;492
26;2025-12-04;22;250
26;2025-12-04;23;133
26;2025-12-05;0;36
26;2025-12-05;1;1
26;2025-12-05;2;0
26;2025-12-05;3;0
26;2025-12-05;4;4
26;2025-12-05;5;81
26;2025-12-05;6;529
26;2025-12-05;7;1131
26;2025-12-05;8;1983
26;2025-12-05;9;1435
26;2025-12-05;10;1177
26;2025-12-05;11;1084
26;2025-12-05;12;1138
26;2025-12-05;13;1192
26;2025-12-05;14;1219
26;2025-12-05;15;1334
26;2025-12-05;16;1516
26;2025-12-05;17;1690
26;2025-12-05;18;1600
26;2025-12-05;19;1173
26;2025-12-05;20;752
26;2025-12-05;21;470
26;2025-12-05;22;240
26;2025-12-05;23;147
26;2025-12-06;0;50
26;2025-12-06;1;3
26;2025-12-06;2;0
26;2025-12-06;3;0
26;2025-12-06;4;3
26;2025-12-06;5;47
26;2025-12-06;6;260
26;2025-12-06;7;368
26;2025-12-06;8;538
26;2025-12-06;9;668
26;2025-12-06;10;777
26;2025-12-06;11;934
26;2025-12-06;12;967
26;2025-12-06;13;1011
26;2025-12-06;14;995
26;2025-12-06;15;955
26;2025-12-06;16;929
26;2025-12-06;17;907
26;2025-12-06;18;866
26;2025-12-06;19;769
26;2025-12-06;20;550
26;2025-12-06;21;383
26;2025-12-06;22;239
26;2025-12-06;23;146
26;2025-12-07;0;52
26;2025-12-07;1;5
26;2025-12-07;2;0
26;2025-12-07;3;0
26;2025-12-07;4;2
26;2025-12-07;5;31
26;2025-12-07;6;179
26;2025-12-07;7;265
26;2025-12-07;8;396
26;2025-12-07;9;519
26;2025-12-07;10;610
26;2025-12-07;11;752
26;2025-12-07;12;810
26;2025-12-07;13;847
26;2025-12-07;14;829
26;2025-12-07;15;798
26;2025-12-07;16;794
26;2025-12-07;17;765
26;2025-12-07;18;718
26;2025-12-07;19;608
26;2025-12-07;20;446
26;2025-12-07;21;319
26;2025-12-07;22;207
26;2025-12-07;23;113
26;2025-12-08;0;33
26;2025-12-08;1;2
26;2025-12-08;2;0
26;2025-12-08;3;0
26;2025-12-08;4;3
26;2025-12-08;5;79
26;2025-12-08;6;526
26;2025-12-08;7;1129
26;2025-12-08;8;1996
26;2025-12-08;9;1452
26;2025-12-08;10;1168
26;2025-12-08;11;1077
26;2025-12-08;12;1105
26;2025-12-08;13;1158
26;2025-12-08;14;1161
26;2025-12-08;15;1255
26;2025-12-08;16;1426
26;2025-12-08;17;1692
26;2025-12-08;18;1820
26;2025-12-08;19;1285
26;2025-12-08;20;793
26;2025-12-08;21;467
26;2025-12-08;22;229
26;2025-12-08;23;116
26;2025-12-09;0;33
26;2025-12-09;1;1
26;2025-12-09;2;0
26;2025-12-09;3;0
26;2025-12-09;4;4
26;2025-12-09;5;84
26;2025-12-09;6;548
26;2025-12-09;7;1161
26;2025-12-09;8;2054
26;2025-12-09;9;1486
26;2025-12-09;10;1188
26;2025-12-09;11;1104
26;2025-12-09;12;1145
26;2025-12-09;13;1168
26;2025-12-09;14;1196
26;2025-12-09;15;1285
26;2025-12-09;16;1469
26;2025-12-09;17;1732
26;2025-12-09;18;1857
26;2025-12-09;19;1311
26;2025-12-09;20;815
26;2025-12-09;21;485
26;2025-12-09;22;242
26;2025-12-09;23;126
26;2025-12-10;0;35
26;2025-12-10;1;1
26;2025-12-10;2;0
26;2025-12-10;3;0
26;2025-12-10;4;4
26;2025-12-10;5;85
26;2025-12-10;6;540
26;2025-12-10;7;1157
26;2025-12-10;8;2036
26;2025-12-10;9;1472
26;2025-12-10;10;1181
26;2025-12-10;11;1097
26;2025-12-10;12;1134
26;2025-12-10;13;1172
26;2025-12-10;14;1220
26;2025-12-10;15;1286
26;2025-12-10;16;1447
26;2025-12-10;17;1697
26;2025-12-10;18;1827
26;2025-12-10;19;1300
26;2025-12-10;20;811
26;2025-12-10;21;496
26;2025-12-10;22;245
26;2025-12-10;23;129
26;2025-12-11;0;36
26;2025-12-11;1;1
26;2025-12-11;2;0
26;2025-12-11;3;0
26;2025-12-11;4;4
26;2025-12-11;5;85
26;2025-12-11;6;539
26;2025-12-11;7;1151
26;2025-12-11;8;2050
26;2025-12-11;9;1477
26;2025-12-11;10;1189
26;2025-12-11;11;1114
26;2025-12-11;12;1145
26;2025-12-11;13;1177
26;2025-12-11;14;1210
26;2025-12-11;15;1311
26;2025-12-11;16;1474
26;2025-12-11;17;1724
26;2025-12-11;18;1852
26;2025-12-11;19;1311
26;2025-12-11;20;816
26;2025-12-11;21;492
26;2025-12-11;22;250
26;2025-12-11;23;133
26;2025-12-12;0;36
26;2025-12-12;1;1
26;2025-12-12;2;0
26;2025-12-12;3;0
26;2025-12-12;4;4
26;2025-12-12;5;81
26;2025-12-12;6;529
26;2025-12-12;7;1131
26;2025-12-12;8;1983
26;2025-12-12;9;1435
26;2025-12-12;10;1177
26;2025-12-12;11;1084
26;2025-12-12;12;1138
26;2025-12-12;13;1192
26;2025-12-12;14;1219
26;2025-12-12;15;1334
26;2025-12-12;16;1516
26;2025-12-12;17;1690
26;2025-12-12;18;1600
26;2025-12-12;19;1173
26;2025-12-12;20;752
26;2025-12-12;21;470
26;2025-12-12;22;240
26;2025-12-12;23;147
26;2025-12-13;0;50
26;2025-12-13;1;3
26;2025-12-13;2;0
26;2025-12-13;3;0
26;2025-12-13;4;3
26;2025-12-13;5;47
26;2025-12-13;6;260
26;2025-12-13;7;368
26;2025-12-13;8;538
26;2025-12-13;9;668
26;2025-12-13;10;777
26;2025-12-13;11;934
26;2025-12-13;12;967
26;2025-12-13;13;1011
26;2025-12-13;14;995
26;2025-12-13;15;955
26;2025-12-13;16;929
26;2025-12-13;17;907
26;2025-12-13;18;866
26;2025-12-13;19;769
26;2025-12-13;20;550
26;2025-12-13;21;383
26;2025-12-13;22;239
26;2025-12-13;23;146
26;2025-12-14;0;52
26;2025-12-14;1;5
26;2025-12-14;2;0
26;2025-12-14;3;0
26;2025-12-14;4;2
26;2025-12-14;5;31
26;2025-12-14;6;179
26;2025-12-14;7;265
26;2025-12-14;8;396
26;2025-12-14;9;519
26;2025-12-14;10;610
26;2025-12-14;11;752
26;2025-12-14;12;810
26;2025-12-14;13;847
26;2025-12-14;14;829
26;2025-12-14;15;798
26;2025-12-14;16;794
26;2025-12-14;17;765
26;2025-12-14;18;718
26;2025-12-14;19;608
26;2025-12-14;20;446
26;2025-12-14;21;319
26;2025-12-14;22;207
26;2025-12-14;23;113
26;2025-12-15;0;33
26;2025-12-15;1;2
26;2025-12-15;2;0
26;2025-12-15;3;0
26;2025-12-15;4;3
26;2025-12-15;5;79
26;2025-12-15;6;526
26;2025-12-15;7;1129
26;2025-12-15;8;1996
26;2025-12-15;9;1452
26;2025-12-15;10;1168
26;2025-12-15;11;1077
26;2025-12-15;12;1105
26;2025-12-15;13;1158
26;2025-12-15;14;1161
26;2025-12-15;15;1255
26;2025-12-15;16;1426
26;2025-12-15;17;1692
26;2025-12-15;18;1820
26;2025-12-15;19;1285
26;2025-12-15;20;793
26;2025-12-15;21;467
26;2025-12-15;22;229
26;2025-12-15;23;116
26;2025-12-16;0;33
26;2025-12-16;1;1
26;2025-12-16;2;0
26;2025-12-16;3;0
26;2025-12-16;4;4
26;2025-12-16;5;84
26;2025-12-16;6;548
26;2025-12-16;7;1161
26;2025-12-16;8;2054
26;2025-12-16;9;1486
26;2025-12-16;10;1188
26;2025-12-16;11;1104
26;2025-12-16;12;1145
26;2025-12-16;13;1168
26;2025-12-16;14;1196
26;2025-12-16;15;1285
26;2025-12-16;16;1469
26;2025-12-16;17;1732
26;2025-12-16;18;1857
26;2025-12-16;19;1311
26;2025-12-16;20;815
26;2025-12-16;21;485
26;2025-12-16;22;242
26;2025-12-16;23;126
26;2025-12-17;0;35
26;2025-12-17;1;1
26;2025-12-17;2;0
26;2025-12-17;3;0
26;2025-12-17;4;4
26;2025-12-17;5;85
26;2025-12-17;6;540
26;2025-12-17;7;1157
26;2025-12-17;8;2036
26;2025-12-17;9;1472
26;2025-12-17;10;1181
26;2025-12-17;11;1097
26;2025-12-17;12;1134
26;2025-12-17;13;1172
26;2025-12-17;14;1220
26;2025-12-17;15;1286
26;2025-12-17;16;1447
26;2025-12-17;17;1697
26;2025-12-17;18;1827
26;2025-12-17;19;1300
26;2025-12-17;20;811
26;2025-12-17;21;496
26;2025-12-17;22;245
26;2025-12-17;23;129
26;2025-12-18;0;36
26;2025-12-18;1;1
26;2025-12-18;2;0
26;2025-12-18;3;0
26;2025-12-18;4;4
26;2025-12-18;5;85
26;2025-12-18;6;539
26;2025-12-18;7;1151
26;2025-12-18;8;2050
26;2025-12-18;9;1477
26;2025-12-18;10;1189
26;2025-12-18;11;1114
26;2025-12-18;12;1145
26;2025-12-18;13;1177
26;2025-12-18;14;1210
26;2025-12-18;15;1311
26;2025-12-18;16;1474
26;2025-12-18;17;1724
26;2025-12-18;18;1852
26;2025-12-18;19;1311
26;2025-12-18;20;816
26;2025-12-18;21;492
26;2025-12-18;22;250
26;2025-12-18;23;133
26;2025-12-19;0;36
26;2025-12-19;1;1
26;2025-12-19;2;0
26;2025-12-19;3;0
26;2025-12-19;4;4
26;2025-12-19;5;81
26;2025-12-19;6;529
26;2025-12-19;7;1131
26;2025-12-19;8;1983
26;2025-12-19;9;1435
26;2025-12-19;10;1177
26;2025-12-19;11;1084
26;2025-12-19;12;1138
26;2025-12-19;13;1192
26;2025-12-19;14;1219
26;2025-12-19;15;1334
26;2025-12-19;16;1516
26;2025-12-19;17;1690
26;2025-12-19;18;1600
26;2025-12-19;19;1173
26;2025-12-19;20;752
26;2025-12-19;21;470
26;2025-12-19;22;240
26;2025-12-19;23;147
26;2025-12-20;0;50
26;2025-12-20;1;3
26;2025-12-20;2;0
26;2025-12-20;3;0
26;2025-12-20;4;3
26;2025-12-20;5;47
26;2025-12-20;6;260
26;2025-12-20;7;368
26;2025-12-20;8;538
26;2025-12-20;9;668
26;2025-12-20;10;777
26;2025-12-20;11;934
26;2025-12-20;12;967
26;2025-12-20;13;1011
26;2025-12-20;14;995
26;2025-12-20;15;955
26;2025-12-20;16;929
26;2025-12-20;17;907
26;2025-12-20;18;866
26;2025-12-20;19;769
26;2025-12-20;20;550
26;2025-12-20;21;383
26;2025-12-20;22;239
26;2025-12-20;23;146
26;2025-12-21;0;52
26;2025-12-21;1;5
26;2025-12-21;2;0
26;2025-12-21;3;0
26;2025-12-21;4;2
26;2025-12-21;5;31
26;2025-12-21;6;179
26;2025-12-21;7;265
26;2025-12-21;8;396
26;2025-12-21;9;519
26;2025-12-21;10;610
26;2025-12-21;11;752
26;2025-12-21;12;810
26;2025-12-21;13;847
26;2025-12-21;14;829
26;2025-12-21;15;798
26;2025-12-21;16;794
26;2025-12-21;17;765
26;2025-12-21;18;718
26;2025-12-21;19;608
26;2025-12-21;20;446
26;2025-12-21;21;319
26;2025-12-21;22;207
26;2025-12-21;23;113
26;2025-12-22;0;33
26;2025-12-22;1;2
26;2025-12-22;2;0
26;2025-12-22;3;0
26;2025-12-22;4;3
26;2025-12-22;5;79
26;2025-12-22;6;526
26;2025-12-22;7;1129
26;2025-12-22;8;1996
26;2025-12-22;9;1452
26;2025-12-22;10;1168
26;2025-12-22;11;1077
26;2025-12-22;12;1105
26;2025-12-22;13;1158
26;2025-12-22;14;1161
26;2025-12-22;15;1255
26;2025-12-22;16;1426
26;2025-12-22;17;1692
26;2025-12-22;18;1820
26;2025-12-22;19;1285
26;2025-12-22;20;793
26;2025-12-22;21;467
26;2025-12-22;22;229
26;2025-12-22;23;116
26;2025-12-23;0;33
26;2025-12-23;1;1
26;2025-12-23;2;0
26;2025-12-23;3;0
26;2025-12-23;4;4
26;2025-12-23;5;84
26;2025-12-23;6;548
26;2025-12-23;7;1161
26;2025-12-23;8;2054
26;2025-12-23;9;1486
26;2025-12-23;10;1188
26;2025-12-23;11;1104
26;2025-12-23;12;1145
26;2025-12-23;13;1168
26;2025-12-23;14;1196
26;2025-12-23;15;1285
26;2025-12-23;16;1469
26;2025-12-23;17;1732
26;2025-12-23;18;1857
26;2025-12-23;19;1311
26;2025-12-23;20;815
26;2025-12-23;21;485
26;2025-12-23;22;242
26;2025-12-23;23;126
26;2025-12-24;0;35
26;2025-12-24;1;1
26;2025-12-24;2;0
26;2025-12-24;3;0
26;2025-12-24;4;4
26;2025-12-24;5;85
26;2025-12-24;6;540
26;2025-12-24;7;1157
26;2025-12-24;8;2036
26;2025-12-24;9;1472
26;2025-12-24;10;1181
26;2025-12-24;11;1097
26;2025-12-24;12;1134
26;2025-12-24;13;1172
26;2025-12-24;14;1220
26;2025-12-24;15;1286
26;2025-12-24;16;1447
26;2025-12-24;17;1697
26;2025-12-24;18;1827
26;2025-12-24;19;1300
26;2025-12-24;20;811
26;2025-12-24;21;496
26;2025-12-24;22;245
26;2025-12-24;23;129
26;2025-12-25;0;36
26;2025-12-25;1;1
26;2025-12-25;2;0
26;2025-12-25;3;0
26;2025-12-25;4;4
26;2025-12-25;5;85
26;2025-12-25;6;539
26;2025-12-25;7;1151
26;2025-12-25;8;2050
26;2025-12-25;9;1477
26;2025-12-25;10;1189
26;2025-12-25;11;1114
26;2025-12-25;12;1145
26;2025-12-25;13;1177
26;2025-12-25;14;1210
26;2025-12-25;15;1311
26;2025-12-25;16;1474
26;2025-12-25;17;1724
26;2025-12-25;18;1852
26;2025-12-25;19;1311
26;2025-12-25;20;816
26;2025-12-25;21;492
26;2025-12-25;22;250
26;2025-12-25;23;133
26;2025-12-26;0;36
26;2025-12-26;1;1
26;2025-12-26;2;0
26;2025-12-26;3;0
26;2025-12-26;4;4
26;2025-12-26;5;81
26;2025-12-26;6;529
26;2025-12-26;7;1131
26;2025-12-26;8;1983
26;2025-12-26;9;1435
26;2025-12-26;10;1177
26;2025-12-26;11;1084
26;2025-12-26;12;1138
26;2025-12-26;13;1192
26;2025-12-26;14;1219
26;2025-12-26;15;1334
26;2025-12-26;16;1516
26;2025-12-26;17;1690
26;2025-12-26;18;1600
26;2025-12-26;19;1173
26;2025-12-26;20;752
26;2025-12-26;21;470
26;2025-12-26;22;240
26;2025-12-26;23;147
26;2025-12-27;0;50
26;2025-12-27;1;3
26;2025-12-27;2;0
26;2025-12-27;3;0
26;2025-12-27;4;3
26;2025-12-27;5;47
26;2025-12-27;6;260
26;2025-12-27;7;368
26;2025-12-27;8;538
26;2025-12-27;9;668
26;2025-12-27;10;777
26;2025-12-27;11;934
26;2025-12-27;12;967
26;2025-12-27;13;1011
26;2025-12-27;14;995
26;2025-12-27;15;955
26;2025-12-27;16;929
26;2025-12-27;17;907
26;2025-12-27;18;866
26;2025-12-27;19;769
26;2025-12-27;20;550
26;2025-12-27;21;383
26;2025-12-27;22;239
26;2025-12-27;23;146
26;2025-12-28;0;52
26;2025-12-28;1;5
26;2025-12-28;2;0
26;2025-12-28;3;0
26;2025-12-28;4;2
26;2025-12-28;5;31
26;2025-12-28;6;179
26;2025-12-28;7;265
26;2025-12-28;8;396
26;2025-12-28;9;519
26;2025-12-28;10;610
26;2025-12-28;11;752
26;2025-12-28;12;810
26;2025-12-28;13;847
26;2025-12-28;14;829
26;2025-12-28;15;798
26;2025-12-28;16;794
26;2025-12-28;17;765
26;2025-12-28;18;718
26;2025-12-28;19;608
26;2025-12-28;20;446
26;2025-12-28;21;319
26;2025-12-28;22;207
26;2025-12-28;23;113
26;2025-12-29;0;31
26;2025-12-29;1;2
26;2025-12-29;2;0
26;2025-12-29;3;0
26;2025-12-29;4;3
26;2025-12-29;5;75
26;2025-12-29;6;500
26;2025-12-29;7;1073
26;2025-12-29;8;1896
26;2025-12-29;9;1379
26;2025-12-29;10;1110
26;2025-12-29;11;1023
26;2025-12-29;12;1050
26;2025-12-29;13;1100
26;2025-12-29;14;1103
26;2025-12-29;15;1192
26;2025-12-29;16;1355
26;2025-12-29;17;1607
26;2025-12-29;18;1729
26;2025-12-29;19;1221
26;2025-12-29;20;753
26;2025-12-29;21;444
26;2025-12-29;22;218
26;2025-12-29;23;110
26;2025-12-30;0;30
26;2025-12-30;1;1
26;2025-12-30;2;0
26;2025-12-30;3;0
26;2025-12-30;4;4
26;2025-12-30;5;77
26;2025-12-30;6;504
26;2025-12-30;7;1068
26;2025-12-30;8;1890
26;2025-12-30;9;1367
26;2025-12-30;10;1093
26;2025-12-30;11;1016
26;2025-12-30;12;1053
26;2025-12-30;13;1075
26;2025-12-30;14;1100
26;2025-12-30;15;1182
26;2025-12-30;16;1351
26;2025-12-30;17;1593
26;2025-12-30;18;1708
26;2025-12-30;19;1206
26;2025-12-30;20;750
26;2025-12-30;21;446
26;2025-12-30;22;223
26;2025-12-30;23;116
26;2025-12-31;0;40
26;2025-12-31;1;3
26;2025-12-31;2;0
26;2025-12-31;3;0
26;2025-12-31;4;2
26;2025-12-31;5;36
26;2025-12-31;6;197
26;2025-12-31;7;282
26;2025-12-31;8;427
26;2025-12-31;9;502
26;2025-12-31;10;556
26;2025-12-31;11;650
26;2025-12-31;12;649
26;2025-12-31;13;670
26;2025-12-31;14;690
26;2025-12-31;15;672
26;2025-12-31;16;688
26;2025-12-31;17;665
26;2025-12-31;18;509
26;2025-12-31;19;449
26;2025-12-31;20;337
26;2025-12-31;21;236
26;2025-12-31;22;145
26;2025-12-31;23;98
28;2025-11-01;0;4
28;2025-11-01;1;0
28;2025-11-01;2;0
28;2025-11-01;3;0
28;2025-11-01;4;2
28;2025-11-01;5;96
28;2025-11-01;6;322
28;2025-11-01;7;762
28;2025-11-01;8;1130
28;2025-11-01;9;904
28;2025-11-01;10;744
28;2025-11-01;11;729
28;2025-11-01;12;790
28;2025-11-01;13;845
28;2025-11-01;14;798
28;2025-11-01;15;844
28;2025-11-01;16;963
28;2025-11-01;17;1053
28;2025-11-01;18;1056
28;2025-11-01;19;795
28;2025-11-01;20;577
28;2025-11-01;21;412
28;2025-11-01;22;219
28;2025-11-01;23;71
28;2025-11-02;0;4
28;2025-11-02;1;1
28;2025-11-02;2;0
28;2025-11-02;3;0
28;2025-11-02;4;4
28;2025-11-02;5;31
28;2025-11-02;6;76
28;2025-11-02;7;149
28;2025-11-02;8;236
28;2025-11-02;9;314
28;2025-11-02;10;360
28;2025-11-02;11;393
28;2025-11-02;12;450
28;2025-11-02;13;493
28;2025-11-02;14;490
28;2025-11-02;15;492
28;2025-11-02;16;476
28;2025-11-02;17;448
28;2025-11-02;18;403
28;2025-11-02;19;345
28;2025-11-02;20;277
28;2025-11-02;21;236
28;2025-11-02;22;116
28;2025-11-02;23;19
28;2025-11-03;0;3
28;2025-11-03;1;1
28;2025-11-03;2;0
28;2025-11-03;3;0
28;2025-11-03;4;3
28;2025-11-03;5;36
28;2025-11-03;6;85
28;2025-11-03;7;180
28;2025-11-03;8;294
28;2025-11-03;9;330
28;2025-11-03;10;349
28;2025-11-03;11;364
28;2025-11-03;12;418
28;2025-11-03;13;461
28;2025-11-03;14;455
28;2025-11-03;15;459
28;2025-11-03;16;454
28;2025-11-03;17;449
28;2025-11-03;18;394
28;2025-11-03;19;337
28;2025-11-03;20;269
28;2025-11-03;21;219
28;2025-11-03;22;106
28;2025-11-03;23;18
28;2025-11-04;0;7
28;2025-11-04;1;3
28;2025-11-04;2;2
28;2025-11-04;3;1
28;2025-11-04;4;0
28;2025-11-04;5;15
28;2025-11-04;6;48
28;2025-11-04;7;125
28;2025-11-04;8;235
28;2025-11-04;9;262
28;2025-11-04;10;292
28;2025-11-04;11;328
28;2025-11-04;12;398
28;2025-11-04;13;437
28;2025-11-04;14;441
28;2025-11-04;15;429
28;2025-11-04;16;415
28;2025-11-04;17;410
28;2025-11-04;18;363
28;2025-11-04;19;298
28;2025-11-04;20;263
28;2025-11-04;21;208
28;2025-11-04;22;94
28;2025-11-04;23;14
28;2025-11-05;0;1
28;2025-11-05;1;0
28;2025-11-05;2;0
28;2025-11-05;3;0
28;2025-11-05;4;1
28;2025-11-05;5;77
28;2025-11-05;6;260
28;2025-11-05;7;775
28;2025-11-05;8;1220
28;2025-11-05;9;819
28;2025-11-05;10;590
28;2025-11-05;11;557
28;2025-11-05;12;623
28;2025-11-05;13;662
28;2025-11-05;14;628
28;2025-11-05;15;680
28;2025-11-05;16;830
28;2025-11-05;17;967
28;2025-11-05;18;991
28;2025-11-05;19;732
28;2025-11-05;20;489
28;2025-11-05;21;312
28;2025-11-05;22;134
28;2025-11-05;23;13
28;2025-11-06;0;1
28;2025-11-06;1;0
28;2025-11-06;2;0
28;2025-11-06;3;0
28;2025-11-06;4;2
28;2025-11-06;5;76
28;2025-11-06;6;265
28;2025-11-06;7;784
28;2025-11-06;8;1220
28;2025-11-06;9;843
28;2025-11-06;10;601
28;2025-11-06;11;557
28;2025-11-06;12;648
28;2025-11-06;13;675
28;2025-11-06;14;641
28;2025-11-06;15;685
28;2025-11-06;16;839
28;2025-11-06;17;978
28;2025-11-06;18;1008
28;2025-11-06;19;731
28;2025-11-06;20;499
28;2025-11-06;21;322
28;2025-11-06;22;135
28;2025-11-06;23;14
28;2025-11-07;0;1
28;2025-11-07;1;0
28;2025-11-07;2;0
28;2025-11-07;3;0
28;2025-11-07;4;1
28;2025-11-07;5;74
28;2025-11-07;6;250
28;2025-11-07;7;760
28;2025-11-07;8;1181
28;2025-11-07;9;811
28;2025-11-07;10;580
28;2025-11-07;11;549
28;2025-11-07;12;626
28;2025-11-07;13;685
28;2025-11-07;14;660
28;2025-11-07;15;704
28;2025-11-07;16;879
28;2025-11-07;17;943
28;2025-11-07;18;862
28;2025-11-07;19;637
28;2025-11-07;20;442
28;2025-11-07;21;309
28;2025-11-07;22;132
28;2025-11-07;23;19
28;2025-11-08;0;3
28;2025-11-08;1;1
28;2025-11-08;2;0
28;2025-11-08;3;0
28;2025-11-08;4;2
28;2025-11-08;5;40
28;2025-11-08;6;100
28;2025-11-08;7;210
28;2025-11-08;8;333
28;2025-11-08;9;423
28;2025-11-08;10;458
28;2025-11-08;11;477
28;2025-11-08;12;540
28;2025-11-08;13;581
28;2025-11-08;14;577
28;2025-11-08;15;570
28;2025-11-08;16;542
28;2025-11-08;17;517
28;2025-11-08;18;464
28;2025-11-08;19;394
28;2025-11-08;20;311
28;2025-11-08;21;263
28;2025-11-08;22;132
28;2025-11-08;23;27
28;2025-11-09;0;4
28;2025-11-09;1;1
28;2025-11-09;2;0
28;2025-11-09;3;0
28;2025-11-09;4;4
28;2025-11-09;5;31
28;2025-11-09;6;76
28;2025-11-09;7;149
28;2025-11-09;8;236
28;2025-11-09;9;314
28;2025-11-09;10;360
28;2025-11-09;11;393
28;2025-11-09;12;450
28;2025-11-09;13;493
28;2025-11-09;14;490
28;2025-11-09;15;492
28;2025-11-09;16;476
28;2025-11-09;17;448
28;2025-11-09;18;403
28;2025-11-09;19;345
28;2025-11-09;20;277
28;2025-11-09;21;236
28;2025-11-09;22;116
28;2025-11-09;23;19
28;2025-11-10;0;1
28;2025-11-10;1;0
28;2025-11-10;2;0
28;2025-11-10;3;0
28;2025-11-10;4;1
28;2025-11-10;5;71
28;2025-11-10;6;247
28;2025-11-10;7;753
28;2025-11-10;8;1186
28;2025-11-10;9;818
28;2025-11-10;10;571
28;2025-11-10;11;529
28;2025-11-10;12;615
28;2025-11-10;13;640
28;2025-11-10;14;610
28;2025-11-10;15;651
28;2025-11-10;16;814
28;2025-11-10;17;948
28;2025-11-10;18;975
28;2025-11-10;19;719
28;2025-11-10;20;466
28;2025-11-10;21;297
28;2025-11-10;22;118
28;2025-11-10;23;9
28;2025-11-11;0;1
28;2025-11-11;1;0
28;2025-11-11;2;0
28;2025-11-11;3;0
28;2025-11-11;4;1
28;2025-11-11;5;74
28;2025-11-11;6;257
28;2025-11-11;7;776
28;2025-11-11;8;1220
28;2025-11-11;9;842
28;2025-11-11;10;605
28;2025-11-11;11;555
28;2025-11-11;12;628
28;2025-11-11;13;660
28;2025-11-11;14;630
28;2025-11-11;15;669
28;2025-11-11;16;813
28;2025-11-11;17;964
28;2025-11-11;18;993
28;2025-11-11;19;725
28;2025-11-11;20;486
28;2025-11-11;21;308
28;2025-11-11;22;128
28;2025-11-11;23;12
28;2025-11-12;0;1
28;2025-11-12;1;0
28;2025-11-12;2;0
28;2025-11-12;3;0
28;2025-11-12;4;1
28;2025-11-12;5;77
28;2025-11-12;6;260
28;2025-11-12;7;775
28;2025-11-12;8;1220
28;2025-11-12;9;819
28;2025-11-12;10;590
28;2025-11-12;11;557
28;2025-11-12;12;623
28;2025-11-12;13;662
28;2025-11-12;14;628
28;2025-11-12;15;680
28;2025-11-12;16;830
28;2025-11-12;17;967
28;2025-11-12;18;991
28;2025-11-12;19;732
28;2025-11-12;20;489
28;2025-11-12;21;312
28;2025-11-12;22;134
28;2025-11-12;23;13
28;2025-11-13;0;1
28;2025-11-13;1;0
28;2025-11-13;2;0
28;2025-11-13;3;0
28;2025-11-13;4;2
28;2025-11-13;5;76
28;2025-11-13;6;265
28;2025-11-13;7;784
28;2025-11-13;8;1220
28;2025-11-13;9;843
28;2025-11-13;10;601
28;2025-11-13;11;557
28;2025-11-13;12;648
28;2025-11-13;13;675
28;2025-11-13;14;641
28;2025-11-13;15;685
28;2025-11-13;16;839
28;2025-11-13;17;978
28;2025-11-13;18;1008
28;2025-11-13;19;731
28;2025-11-13;20;499
28;2025-11-13;21;322
28;2025-11-13;22;135
28;2025-11-13;23;14
28;2025-11-14;0;1
28;2025-11-14;1;0
28;2025-11-14;2;0
28;2025-11-14;3;0
28;2025-11-14;4;1
28;2025-11-14;5;74
28;2025-11-14;6;250
28;2025-11-14;7;760
28;2025-11-14;8;1181
28;2025-11-14;9;811
28;2025-11-14;10;580
28;2025-11-14;11;549
28;2025-11-14;12;626
28;2025-11-14;13;685
28;2025-11-14;14;660
28;2025-11-14;15;704
28;2025-11-14;16;879
28;2025-11-14;17;943
28;2025-11-14;18;862
28;2025-11-14;19;637
28;2025-11-14;20;442
28;2025-11-14;21;309
28;2025-11-14;22;132
28;2025-11-14;23;19
28;2025-11-15;0;3
28;2025-11-15;1;1
28;2025-11-15;2;0
28;2025-11-15;3;0
28;2025-11-15;4;2
28;2025-11-15;5;40
28;2025-11-15;6;100
28;2025-11-15;7;210
28;2025-11-15;8;333
28;2025-11-15;9;423
28;2025-11-15;10;458
28;2025-11-15;11;477
28;2025-11-15;12;540
28;2025-11-15;13;581
28;2025-11-15;14;577
28;2025-11-15;15;570
28;2025-11-15;16;542
28;2025-11-15;17;517
28;2025-11-15;18;464
28;2025-11-15;19;394
28;2025-11-15;20;311
28;2025-11-15;21;263
28;2025-11-15;22;132
28;2025-11-15;23;27
28;2025-11-16;0;4
28;2025-11-16;1;1
28;2025-11-16;2;0
28;2025-11-16;3;0
28;2025-11-16;4;4
28;2025-11-16;5;31
28;2025-11-16;6;76
28;2025-11-16;7;149
28;2025-11-16;8;236
28;2025-11-16;9;314
28;2025-11-16;10;360
28;2025-11-16;11;393
28;2025-11-16;12;450
28;2025-11-16;13;493
28;2025-11-16;14;490
28;2025-11-16;15;492
28;2025-11-16;16;476
28;2025-11-16;17;448
28;2025-11-16;18;403
28;2025-11-16;19;345
28;2025-11-16;20;277
28;2025-11-16;21;236
28;2025-11-16;22;116
28;2025-11-16;23;19
28;2025-11-17;0;1
28;2025-11-17;1;0
28;2025-11-17;2;0
28;2025-11-17;3;0
28;2025-11-17;4;1
28;2025-11-17;5;71
28;2025-11-17;6;247
28;2025-11-17;7;753
28;2025-11-17;8;1186
28;2025-11-17;9;818
28;2025-11-17;10;571
28;2025-11-17;11;529
28;2025-11-17;12;615
28;2025-11-17;13;640
28;2025-11-17;14;610
28;2025-11-17;15;651
28;2025-11-17;16;814
28;2025-11-17;17;948
28;2025-11-17;18;975
28;2025-11-17;19;719
28;2025-11-17;20;466
28;2025-11-17;21;297
28;2025-11-17;22;118
28;2025-11-17;23;9
28;2025-11-18;0;1
28;2025-11-18;1;0
28;2025-11-18;2;0
28;2025-11-18;3;0
28;2025-11-18;4;1
28;2025-11-18;5;74
28;2025-11-18;6;257
28;2025-11-18;7;776
28;2025-11-18;8;1220
28;2025-11-18;9;842
28;2025-11-18;10;605
28;2025-11-18;11;555
28;2025-11-18;12;628
28;2025-11-18;13;660
28;2025-11-18;14;630
28;2025-11-18;15;669
28;2025-11-18;16;813
28;2025-11-18;17;964
28;2025-11-18;18;993
28;2025-11-18;19;725
28;2025-11-18;20;486
28;2025-11-18;21;308
28;2025-11-18;22;128
28;2025-11-18;23;12
28;2025-11-19;0;1
28;2025-11-19;1;0
28;2025-11-19;2;0
28;2025-11-19;3;0
28;2025-11-19;4;1
28;2025-11-19;5;77
28;2025-11-19;6;260
28;2025-11-19;7;775
28;2025-11-19;8;1220
28;2025-11-19;9;819
28;2025-11-19;10;590
28;2025-11-19;11;557
28;2025-11-19;12;623
28;2025-11-19;13;662
28;2025-11-19;14;628
28;2025-11-19;15;680
28;2025-11-19;16;830
28;2025-11-19;17;967
28;2025-11-19;18;991
28;2025-11-19;19;732
28;2025-11-19;20;489
28;2025-11-19;21;312
28;2025-11-19;22;134
28;2025-11-19;23;13
28;2025-11-20;0;1
28;2025-11-20;1;0
28;2025-11-20;2;0
28;2025-11-20;3;0
28;2025-11-20;4;2
28;2025-11-20;5;76
28;2025-11-20;6;265
28;2025-11-20;7;784
28;2025-11-20;8;1220
28;2025-11-20;9;843
28;2025-11-20;10;601
28;2025-11-20;11;557
28;2025-11-20;12;648
28;2025-11-20;13;675
28;2025-11-20;14;641
28;2025-11-20;15;685
28;2025-11-20;16;839
28;2025-11-20;17;978
28;2025-11-20;18;1008
28;2025-11-20;19;731
28;2025-11-20;20;499
28;2025-11-20;21;322
28;2025-11-20;22;135
28;2025-11-20;23;14
28;2025-11-21;0;1
28;2025-11-21;1;0
28;2025-11-21;2;0
28;2025-11-21;3;0
28;2025-11-21;4;1
28;2025-11-21;5;74
28;2025-11-21;6;250
28;2025-11-21;7;760
28;2025-11-21;8;1181
28;2025-11-21;9;811
28;2025-11-21;10;580
28;2025-11-21;11;549
28;2025-11-21;12;626
28;2025-11-21;13;685
28;2025-11-21;14;660
28;2025-11-21;15;704
28;2025-11-21;16;879
28;2025-11-21;17;943
28;2025-11-21;18;862
28;2025-11-21;19;637
28;2025-11-21;20;442
28;2025-11-21;21;309
28;2025-11-21;22;132
28;2025-11-21;23;19
28;2025-11-22;0;3
28;2025-11-22;1;1
28;2025-11-22;2;0
28;2025-11-22;3;0
28;2025-11-22;4;2
28;2025-11-22;5;40
28;2025-11-22;6;100
28;2025-11-22;7;210
28;2025-11-22;8;333
28;2025-11-22;9;423
28;2025-11-22;10;458
28;2025-11-22;11;477
28;2025-11-22;12;540
28;2025-11-22;13;581
28;2025-11-22;14;577
28;2025-11-22;15;570
28;2025-11-22;16;542
28;2025-11-22;17;517
28;2025-11-22;18;464
28;2025-11-22;19;394
28;2025-11-22;20;311
28;2025-11-22;21;263
28;2025-11-22;22;132
28;2025-11-22;23;27
28;2025-11-23;0;4
28;2025-11-23;1;1
28;2025-11-23;2;0
28;2025-11-23;3;0
28;2025-11-23;4;4
28;2025-11-23;5;31
28;2025-11-23;6;76
28;2025-11-23;7;149
28;2025-11-23;8;236
28;2025-11-23;9;314
28;2025-11-23;10;360
28;2025-11-23;11;393
28;2025-11-23;12;450
28;2025-11-23;13;493
28;2025-11-23;14;490
28;2025-11-23;15;492
28;2025-11-23;16;476
28;2025-11-23;17;448
28;2025-11-23;18;403
28;2025-11-23;19;345
28;2025-11-23;20;277
28;2025-11-23;21;236
28;2025-11-23;22;116
28;2025-11-23;23;19
28;2025-11-24;0;1
28;2025-11-24;1;0
28;2025-11-24;2;0
28;2025-11-24;3;0
28;2025-11-24;4;1
28;2025-11-24;5;71
28;2025-11-24;6;247
28;2025-11-24;7;753
28;2025-11-24;8;1186
28;2025-11-24;9;818
28;2025-11-24;10;571
28;2025-11-24;11;529
28;2025-11-24;12;615
28;2025-11-24;13;640
28;2025-11-24;14;610
28;2025-11-24;15;651
28;2025-11-24;16;814
28;2025-11-24;17;948
28;2025-11-24;18;975
28;2025-11-24;19;719
28;2025-11-24;20;466
28;2025-11-24;21;297
28;2025-11-24;22;118
28;2025-11-24;23;9
28;2025-11-25;0;1
28;2025-11-25;1;0
28;2025-11-25;2;0
28;2025-11-25;3;0
28;2025-11-25;4;1
28;2025-11-25;5;74
28;2025-11-25;6;257
28;2025-11-25;7;776
28;2025-11-25;8;1220
28;2025-11-25;9;842
28;2025-11-25;10;605
28;2025-11-25;11;555
28;2025-11-25;12;628
28;2025-11-25;13;660
28;2025-11-25;14;630
28;2025-11-25;15;669
28;2025-11-25;16;813
28;2025-11-25;17;964
28;2025-11-25;18;993
28;2025-11-25;19;725
28;2025-11-25;20;486
28;2025-11-25;21;308
28;2025-11-25;22;128
28;2025-11-25;23;12
28;2025-11-26;0;1
28;2025-11-26;1;0
28;2025-11-26;2;0
28;2025-11-26;3;0
28;2025-11-26;4;1
28;2025-11-26;5;77
28;2025-11-26;6;260
28;2025-11-26;7;775
28;2025-11-26;8;1220
28;2025-11-26;9;819
28;2025-11-26;10;590
28;2025-11-26;11;557
28;2025-11-26;12;623
28;2025-11-26;13;662
28;2025-11-26;14;628
28;2025-11-26;15;680
28;2025-11-26;16;830
28;2025-11-26;17;967
28;2025-11-26;18;991
28;2025-11-26;19;732
28;2025-11-26;20;489
28;2025-11-26;21;312
28;2025-11-26;22;134
28;2025-11-26;23;13
28;2025-11-27;0;1
28;2025-11-27;1;0
28;2025-11-27;2;0
28;2025-11-27;3;0
28;2025-11-27;4;2
28;2025-11-27;5;76
28;2025-11-27;6;265
28;2025-11-27;7;784
28;2025-11-27;8;1220
28;2025-11-27;9;843
28;2025-11-27;10;601
28;2025-11-27;11;557
28;2025-11-27;12;648
28;2025-11-27;13;675
28;2025-11-27;14;641
28;2025-11-27;15;685
28;2025-11-27;16;839
28;2025-11-27;17;978
28;2025-11-27;18;1008
28;2025-11-27;19;731
28;2025-11-27;20;499
28;2025-11-27;21;322
28;2025-11-27;22;135
28;2025-11-27;23;14
28;2025-11-28;0;1
28;2025-11-28;1;0
28;2025-11-28;2;0
28;2025-11-28;3;0
28;2025-11-28;4;1
28;2025-11-28;5;74
28;2025-11-28;6;250
28;2025-11-28;7;760
28;2025-11-28;8;1181
28;2025-11-28;9;811
28;2025-11-28;10;580
28;2025-11-28;11;549
28;2025-11-28;12;626
28;2025-11-28;13;685
28;2025-11-28;14;660
28;2025-11-28;15;704
28;2025-11-28;16;879
28;2025-11-28;17;943
28;2025-11-28;18;862
28;2025-11-28;19;637
28;2025-11-28;20;442
28;2025-11-28;21;309
28;2025-11-28;22;132
28;2025-11-28;23;19
28;2025-11-29;0;3
28;2025-11-29;1;1
28;2025-11-29;2;0
28;2025-11-29;3;0
28;2025-11-29;4;2
28;2025-11-29;5;40
28;2025-11-29;6;100
28;2025-11-29;7;210
28;2025-11-29;8;333
28;2025-11-29;9;423
28;2025-11-29;10;458
28;2025-11-29;11;477
28;2025-11-29;12;540
28;2025-11-29;13;581
28;2025-11-29;14;577
28;2025-11-29;15;570
28;2025-11-29;16;542
28;2025-11-29;17;517
28;2025-11-29;18;464
28;2025-11-29;19;394
28;2025-11-29;20;311
28;2025-11-29;21;263
28;2025-11-29;22;132
28;2025-11-29;23;27
28;2025-11-30;0;4
28;2025-11-30;1;1
28;2025-11-30;2;0
28;2025-11-30;3;0
28;2025-11-30;4;4
28;2025-11-30;5;31
28;2025-11-30;6;76
28;2025-11-30;7;149
28;2025-11-30;8;236
28;2025-11-30;9;314
28;2025-11-30;10;360
28;2025-11-30;11;393
28;2025-11-30;12;450
28;2025-11-30;13;493
28;2025-11-30;14;490
28;2025-11-30;15;492
28;2025-11-30;16;476
28;2025-11-30;17;448
28;2025-11-30;18;403
28;2025-11-30;19;345
28;2025-11-30;20;277
28;2025-11-30;21;236
28;2025-11-30;22;116
28;2025-11-30;23;19
28;2025-12-01;0;1
28;2025-12-01;1;0
28;2025-12-01;2;0
28;2025-12-01;3;0
28;2025-12-01;4;1
28;2025-12-01;5;73
28;2025-12-01;6;256
28;2025-12-01;7;744
28;2025-12-01;8;1166
28;2025-12-01;9;821
28;2025-12-01;10;579
28;2025-12-01;11;537
28;2025-12-01;12;617
28;2025-12-01;13;639
28;2025-12-01;14;609
28;2025-12-01;15;648
28;2025-12-01;16;811
28;2025-12-01;17;941
28;2025-12-01;18;969
28;2025-12-01;19;724
28;2025-12-01;20;472
28;2025-12-01;21;299
28;2025-12-01;22;122
28;2025-12-01;23;9
28;2025-12-02;0;1
28;2025-12-02;1;0
28;2025-12-02;2;0
28;2025-12-02;3;0
28;2025-12-02;4;2
28;2025-12-02;5;75
28;2025-12-02;6;265
28;2025-12-02;7;767
28;2025-12-02;8;1199
28;2025-12-02;9;844
28;2025-12-02;10;612
28;2025-12-02;11;563
28;2025-12-02;12;629
28;2025-12-02;13;659
28;2025-12-02;14;629
28;2025-12-02;15;665
28;2025-12-02;16;809
28;2025-12-02;17;955
28;2025-12-02;18;984
28;2025-12-02;19;729
28;2025-12-02;20;491
28;2025-12-02;21;309
28;2025-12-02;22;132
28;2025-12-02;23;11
28;2025-12-03;0;1
28;2025-12-03;1;0
28;2025-12-03;2;0
28;2025-12-03;3;0
28;2025-12-03;4;1
28;2025-12-03;5;78
28;2025-12-03;6;267
28;2025-12-03;7;765
28;2025-12-03;8;1200
28;2025-12-03;9;821
28;2025-12-03;10;597
28;2025-12-03;11;564
28;2025-12-03;12;624
28;2025-12-03;13;660
28;2025-12-03;14;627
28;2025-12-03;15;676
28;2025-12-03;16;826
28;2025-12-03;17;954
28;2025-12-03;18;980
28;2025-12-03;19;733
28;2025-12-03;20;492
28;2025-12-03;21;313
28;2025-12-03;22;138
28;2025-12-03;23;11
28;2025-12-04;0;1
28;2025-12-04;1;0
28;2025-12-04;2;0
28;2025-12-04;3;0
28;2025-12-04;4;2
28;2025-12-04;5;77
28;2025-12-04;6;273
28;2025-12-04;7;775
28;2025-12-04;8;1200
28;2025-12-04;9;846
28;2025-12-04;10;608
28;2025-12-04;11;564
28;2025-12-04;12;649
28;2025-12-04;13;673
28;2025-12-04;14;639
28;2025-12-04;15;681
28;2025-12-04;16;835
28;2025-12-04;17;971
28;2025-12-04;18;1002
28;2025-12-04;19;735
28;2025-12-04;20;505
28;2025-12-04;21;324
28;2025-12-04;22;139
28;2025-12-04;23;13
28;2025-12-05;0;1
28;2025-12-05;1;0
28;2025-12-05;2;0
28;2025-12-05;3;0
28;2025-12-05;4;1
28;2025-12-05;5;75
28;2025-12-05;6;257
28;2025-12-05;7;748
28;2025-12-05;8;1158
28;2025-12-05;9;815
28;2025-12-05;10;589
28;2025-12-05;11;558
28;2025-12-05;12;628
28;2025-12-05;13;685
28;2025-12-05;14;661
28;2025-12-05;15;702
28;2025-12-05;16;877
28;2025-12-05;17;938
28;2025-12-05;18;860
28;2025-12-05;19;647
28;2025-12-05;20;452
28;2025-12-05;21;312
28;2025-12-05;22;137
28;2025-12-05;23;19
28;2025-12-06;0;3
28;2025-12-06;1;1
28;2025-12-06;2;0
28;2025-12-06;3;0
28;2025-12-06;4;3
28;2025-12-06;5;39
28;2025-12-06;6;101
28;2025-12-06;7;199
28;2025-12-06;8;315
28;2025-12-06;9;409
28;2025-12-06;10;450
28;2025-12-06;11;470
28;2025-12-06;12;535
28;2025-12-06;13;578
28;2025-12-06;14;574
28;2025-12-06;15;564
28;2025-12-06;16;536
28;2025-12-06;17;509
28;2025-12-06;18;458
28;2025-12-06;19;395
28;2025-12-06;20;311
28;2025-12-06;21;262
28;2025-12-06;22;132
28;2025-12-06;23;23
28;2025-12-07;0;4
28;2025-12-07;1;1
28;2025-12-07;2;0
28;2025-12-07;3;0
28;2025-12-07;4;4
28;2025-12-07;5;30
28;2025-12-07;6;75
28;2025-12-07;7;137
28;2025-12-07;8;222
28;2025-12-07;9;304
28;2025-12-07;10;358
28;2025-12-07;11;392
28;2025-12-07;12;453
28;2025-12-07;13;498
28;2025-12-07;14;495
28;2025-12-07;15;494
28;2025-12-07;16;478
28;2025-12-07;17;450
28;2025-12-07;18;406
28;2025-12-07;19;343
28;2025-12-07;20;276
28;2025-12-07;21;233
28;2025-12-07;22;114
28;2025-12-07;23;14
28;2025-12-08;0;1
28;2025-12-08;1;0
28;2025-12-08;2;0
28;2025-12-08;3;0
28;2025-12-08;4;1
28;2025-12-08;5;73
28;2025-12-08;6;256
28;2025-12-08;7;744
28;2025-12-08;8;1166
28;2025-12-08;9;821
28;2025-12-08;10;579
28;2025-12-08;11;537
28;2025-12-08;12;617
28;2025-12-08;13;639
28;2025-12-08;14;609
28;2025-12-08;15;648
28;2025-12-08;16;811
28;2025-12-08;17;941
28;2025-12-08;18;969
28;2025-12-08;19;724
28;2025-12-08;20;472
28;2025-12-08;21;299
28;2025-12-08;22;122
28;2025-12-08;23;9
28;2025-12-09;0;1
28;2025-12-09;1;0
28;2025-12-09;2;0
28;2025-12-09;3;0
28;2025-12-09;4;2
28;2025-12-09;5;75
28;2025-12-09;6;265
28;2025-12-09;7;767
28;2025-12-09;8;1199
28;2025-12-09;9;844
28;2025-12-09;10;612
28;2025-12-09;11;563
28;2025-12-09;12;629
28;2025-12-09;13;659
28;2025-12-09;14;629
28;2025-12-09;15;665
28;2025-12-09;16;809
28;2025-12-09;17;955
28;2025-12-09;18;984
28;2025-12-09;19;729
28;2025-12-09;20;491
28;2025-12-09;21;309
28;2025-12-09;22;132
28;2025-12-09;23;11
28;2025-12-10;0;1
28;2025-12-10;1;0
28;2025-12-10;2;0
28;2025-12-10;3;0
28;2025-12-10;4;1
28;2025-12-10;5;78
28;2025-12-10;6;267
28;2025-12-10;7;765
28;2025-12-10;8;1200
28;2025-12-10;9;821
28;2025-12-10;10;597
28;2025-12-10;11;564
28;2025-12-10;12;624
28;2025-12-10;13;660
28;2025-12-10;14;627
28;2025-12-10;15;676
28;2025-12-10;16;826
28;2025-12-10;17;954
28;2025-12-10;18;980
28;2025-12-10;19;733
28;2025-12-10;20;492
28;2025-12-10;21;313
28;2025-12-10;22;138
28;2025-12-10;23;11
28;2025-12-11;0;1
28;2025-12-11;1;0
28;2025-12-11;2;0
28;2025-12-11;3;0
28;2025-12-11;4;2
28;2025-12-11;5;77
28;2025-12-11;6;273
28;2025-12-11;7;775
28;2025-12-11;8;1200
28;2025-12-11;9;846
28;2025-12-11;10;608
28;2025-12-11;11;564
28;2025-12-11;12;649
28;2025-12-11;13;673
28;2025-12-11;14;639
28;2025-12-11;15;681
28;2025-12-11;16;835
28;2025-12-11;17;971
28;2025-12-11;18;1002
28;2025-12-11;19;735
28;2025-12-11;20;505
28;2025-12-11;21;324
28;2025-12-11;22;139
28;2025-12-11;23;13
28;2025-12-12;0;1
28;2025-12-12;1;0
28;2025-12-12;2;0
28;2025-12-12;3;0
28;2025-12-12;4;1
28;2025-12-12;5;75
28;2025-12-12;6;257
28;2025-12-12;7;748
28;2025-12-12;8;1158
28;2025-12-12;9;815
28;2025-12-12;10;589
28;2025-12-12;11;558
28;2025-12-12;12;628
28;2025-12-12;13;685
28;2025-12-12;14;661
28;2025-12-12;15;702
28;2025-12-12;16;877
28;2025-12-12;17;938
28;2025-12-12;18;860
28;2025-12-12;19;647
28;2025-12-12;20;452
28;2025-12-12;21;312
28;2025-12-12;22;137
28;2025-12-12;23;19
28;2025-12-13;0;3
28;2025-12-13;1;1
28;2025-12-13;2;0
28;2025-12-13;3;0
28;2025-12-13;4;3
28;2025-12-13;5;39
28;2025-12-13;6;101
28;2025-12-13;7;199
28;2025-12-13;8;315
28;2025-12-13;9;409
28;2025-12-13;10;450
28;2025-12-13;11;470
28;2025-12-13;12;535
28;2025-12-13;13;578
28;2025-12-13;14;574
28;2025-12-13;15;564
28;2025-12-13;16;536
28;2025-12-13;17;509
28;2025-12-13;18;458
28;2025-12-13;19;395
28;2025-12-13;20;311
28;2025-12-13;21;262
28;2025-12-13;22;132
28;2025-12-13;23;23
28;2025-12-14;0;4
28;2025-12-14;1;1
28;2025-12-14;2;0
28;2025-12-14;3;0
28;2025-12-14;4;4
28;2025-12-14;5;30
28;2025-12-14;6;75
28;2025-12-14;7;137
28;2025-12-14;8;222
28;2025-12-14;9;304
28;2025-12-14;10;358
28;2025-12-14;11;392
28;2025-12-14;12;453
28;2025-12-14;13;498
28;2025-12-14;14;495
28;2025-12-14;15;494
28;2025-12-14;16;478
28;2025-12-14;17;450
28;2025-12-14;18;406
28;2025-12-14;19;343
28;2025-12-14;20;276
28;2025-12-14;21;233
28;2025-12-14;22;114
28;2025-12-14;23;14
28;2025-12-15;0;1
28;2025-12-15;1;0
28;2025-12-15;2;0
28;2025-12-15;3;0
28;2025-12-15;4;1
28;2025-12-15;5;73
28;2025-12-15;6;256
28;2025-12-15;7;744
28;2025-12-15;8;1166
28;2025-12-15;9;821
28;2025-12-15;10;579
28;2025-12-15;11;537
28;2025-12-15;12;617
28;2025-12-15;13;639
28;2025-12-15;14;609
28;2025-12-15;15;648
28;2025-12-15;16;811
28;2025-12-15;17;941
28;2025-12-15;18;969
28;2025-12-15;19;724
28;2025-12-15;20;472
28;2025-12-15;21;299
28;2025-12-15;22;122
28;2025-12-15;23;9
28;2025-12-16;0;1
28;2025-12-16;1;0
28;2025-12-16;2;0
28;2025-12-16;3;0
28;2025-12-16;4;2
28;2025-12-16;5;75
28;2025-12-16;6;265
28;2025-12-16;7;767
28;2025-12-16;8;1199
28;2025-12-16;9;844
28;2025-12-16;10;612
28;2025-12-16;11;563
28;2025-12-16;12;629
28;2025-12-16;13;659
28;2025-12-16;14;629
28;2025-12-16;15;665
28;2025-12-16;16;809
28;2025-12-16;17;955
28;2025-12-16;18;984
28;2025-12-16;19;729
28;2025-12-16;20;491
28;2025-12-16;21;309
28;2025-12-16;22;132
28;2025-12-16;23;11
28;2025-12-17;0;1
28;2025-12-17;1;0
28;2025-12-17;2;0
28;2025-12-17;3;0
28;2025-12-17;4;1
28;2025-12-17;5;78
28;2025-12-17;6;267
28;2025-12-17;7;765
28;2025-12-17;8;1200
28;2025-12-17;9;821
28;2025-12-17;10;597
28;2025-12-17;11;564
28;2025-12-17;12;624
28;2025-12-17;13;660
28;2025-12-17;14;627
28;2025-12-17;15;676
28;2025-12-17;16;826
28;2025-12-17;17;954
28;2025-12-17;18;980
28;2025-12-17;19;733
28;2025-12-17;20;492
28;2025-12-17;21;313
28;2025-12-17;22;138
28;2025-12-17;23;11
28;2025-12-18;0;1
28;2025-12-18;1;0
28;2025-12-18;2;0
28;2025-12-18;3;0
28;2025-12-18;4;2
28;2025-12-18;5;77
28;2025-12-18;6;273
28;2025-12-18;7;775
28;2025-12-18;8;1200
28;2025-12-18;9;846
28;2025-12-18;10;608
28;2025-12-18;11;564
28;2025-12-18;12;649
28;2025-12-18;13;673
28;2025-12-18;14;639
28;2025-12-18;15;681
28;2025-12-18;16;835
28;2025-12-18;17;971
28;2025-12-18;18;1002
28;2025-12-18;19;735
28;2025-12-18;20;505
28;2025-12-18;21;324
28;2025-12-18;22;139
28;2025-12-18;23;13
28;2025-12-19;0;1
28;2025-12-19;1;0
28;2025-12-19;2;0
28;2025-12-19;3;0
28;2025-12-19;4;1
28;2025-12-19;5;75
28;2025-12-19;6;257
28;2025-12-19;7;748
28;2025-12-19;8;1158
28;2025-12-19;9;815
28;2025-12-19;10;589
28;2025-12-19;11;558
28;2025-12-19;12;628
28;2025-12-19;13;685
28;2025-12-19;14;661
28;2025-12-19;15;702
28;2025-12-19;16;877
28;2025-12-19;17;938
28;2025-12-19;18;860
28;2025-12-19;19;647
28;2025-12-19;20;452
28;2025-12-19;21;312
28;2025-12-19;22;137
28;2025-12-19;23;19
28;2025-12-20;0;3
28;2025-12-20;1;1
28;2025-12-20;2;0
28;2025-12-20;3;0
28;2025-12-20;4;3
28;2025-12-20;5;39
28;2025-12-20;6;101
28;2025-12-20;7;199
28;2025-12-20;8;315
28;2025-12-20;9;409
28;2025-12-20;10;450
28;2025-12-20;11;470
28;2025-12-20;12;535
28;2025-12-20;13;578
28;2025-12-20;14;574
28;2025-12-20;15;564
28;2025-12-20;16;536
28;2025-12-20;17;509
28;2025-12-20;18;458
28;2025-12-20;19;395
28;2025-12-20;20;311
28;2025-12-20;21;262
28;2025-12-20;22;132
28;2025-12-20;23;23
28;2025-12-21;0;4
28;2025-12-21;1;1
28;2025-12-21;2;0
28;2025-12-21;3;0
28;2025-12-21;4;4
28;2025-12-21;5;30
28;2025-12-21;6;75
28;2025-12-21;7;137
28;2025-12-21;8;222
28;2025-12-21;9;304
28;2025-12-21;10;358
28;2025-12-21;11;392
28;2025-12-21;12;453
28;2025-12-21;13;498
28;2025-12-21;14;495
28;2025-12-21;15;494
28;2025-12-21;16;478
28;2025-12-21;17;450
28;2025-12-21;18;406
28;2025-12-21;19;343
28;2025-12-21;20;276
28;2025-12-21;21;233
28;2025-12-21;22;114
28;2025-12-21;23;14
28;2025-12-22;0;1
28;2025-12-22;1;0
28;2025-12-22;2;0
28;2025-12-22;3;0
28;2025-12-22;4;1
28;2025-12-22;5;73
28;2025-12-22;6;256
28;2025-12-22;7;744
28;2025-12-22;8;1166
28;2025-12-22;9;821
28;2025-12-22;10;579
28;2025-12-22;11;537
28;2025-12-22;12;617
28;2025-12-22;13;639
28;2025-12-22;14;609
28;2025-12-22;15;648
28;2025-12-22;16;811
28;2025-12-22;17;941
28;2025-12-22;18;969
28;2025-12-22;19;724
28;2025-12-22;20;472
28;2025-12-22;21;299
28;2025-12-22;22;122
28;2025-12-22;23;9
28;2025-12-23;0;1
28;2025-12-23;1;0
28;2025-12-23;2;0
28;2025-12-23;3;0
28;2025-12-23;4;2
28;2025-12-23;5;75
28;2025-12-23;6;265
28;2025-12-23;7;767
28;2025-12-23;8;1199
28;2025-12-23;9;844
28;2025-12-23;10;612
28;2025-12-23;11;563
28;2025-12-23;12;629
28;2025-12-23;13;659
28;2025-12-23;14;629
28;2025-12-23;15;665
28;2025-12-23;16;809
28;2025-12-23;17;955
28;2025-12-23;18;984
28;2025-12-23;19;729
28;2025-12-23;20;491
28;2025-12-23;21;309
28;2025-12-23;22;132
28;2025-12-23;23;11
28;2025-12-24;0;1
28;2025-12-24;1;0
28;2025-12-24;2;0
28;2025-12-24;3;0
28;2025-12-24;4;1
28;2025-12-24;5;78
28;2025-12-24;6;267
28;2025-12-24;7;765
28;2025-12-24;8;1200
28;2025-12-24;9;821
28;2025-12-24;10;597
28;2025-12-24;11;564
28;2025-12-24;12;624
28;2025-12-24;13;660
28;2025-12-24;14;627
28;2025-12-24;15;676
28;2025-12-24;16;826
28;2025-12-24;17;954
28;2025-12-24;18;980
28;2025-12-24;19;733
28;2025-12-24;20;492
28;2025-12-24;21;313
28;2025-12-24;22;138
28;2025-12-24;23;11
28;2025-12-25;0;1
28;2025-12-25;1;0
28;2025-12-25;2;0
28;2025-12-25;3;0
28;2025-12-25;4;2
28;2025-12-25;5;77
28;2025-12-25;6;273
28;2025-12-25;7;775
28;2025-12-25;8;1200
28;2025-12-25;9;846
28;2025-12-25;10;608
28;2025-12-25;11;564
28;2025-12-25;12;649
28;2025-12-25;13;673
28;2025-12-25;14;639
28;2025-12-25;15;681
28;2025-12-25;16;835
28;2025-12-25;17;971
28;2025-12-25;18;1002
28;2025-12-25;19;735
28;2025-12-25;20;505
28;2025-12-25;21;324
28;2025-12-25;22;139
28;2025-12-25;23;13
28;2025-12-26;0;1
28;2025-12-26;1;0
28;2025-12-26;2;0
28;2025-12-26;3;0
28;2025-12-26;4;1
28;2025-12-26;5;75
28;2025-12-26;6;257
28;2025-12-26;7;748
28;2025-12-26;8;1158
28;2025-12-26;9;815
28;2025-12-26;10;589
28;2025-12-26;11;558
28;2025-12-26;12;628
28;2025-12-26;13;685
28;2025-12-26;14;661
28;2025-12-26;15;702
28;2025-12-26;16;877
28;2025-12-26;17;938
28;2025-12-26;18;860
28;2025-12-26;19;647
28;2025-12-26;20;452
28;2025-12-26;21;312
28;2025-12-26;22;137
28;2025-12-26;23;19
28;2025-12-27;0;3
28;2025-12-27;1;1
28;2025-12-27;2;0
28;2025-12-27;3;0
28;2025-12-27;4;3
28;2025-12-27;5;39
28;2025-12-27;6;101
28;2025-12-27;7;199
28;2025-12-27;8;315
28;2025-12-27;9;409
28;2025-12-27;10;450
28;2025-12-27;11;470
28;2025-12-27;12;535
28;2025-12-27;13;578
28;2025-12-27;14;574
28;2025-12-27;15;564
28;2025-12-27;16;536
28;2025-12-27;17;509
28;2025-12-27;18;458
28;2025-12-27;19;395
28;2025-12-27;20;311
28;2025-12-27;21;262
28;2025-12-27;22;132
28;2025-12-27;23;23
28;2025-12-28;0;4
28;2025-12-28;1;1
28;2025-12-28;2;0
28;2025-12-28;3;0
28;2025-12-28;4;4
28;2025-12-28;5;30
28;2025-12-28;6;75
28;2025-12-28;7;137
28;2025-12-28;8;222
28;2025-12-28;9;304
28;2025-12-28;10;358
28;2025-12-28;11;392
28;2025-12-28;12;453
28;2025-12-28;13;498
28;2025-12-28;14;495
28;2025-12-28;15;494
28;2025-12-28;16;478
28;2025-12-28;17;450
28;2025-12-28;18;406
28;2025-12-28;19;343
28;2025-12-28;20;276
28;2025-12-28;21;233
28;2025-12-28;22;114
28;2025-12-28;23;14
28;2025-12-29;0;1
28;2025-12-29;1;0
28;2025-12-29;2;0
28;2025-12-29;3;0
28;2025-12-29;4;1
28;2025-12-29;5;69
28;2025-12-29;6;243
28;2025-12-29;7;707
28;2025-12-29;8;1108
28;2025-12-29;9;780
28;2025-12-29;10;550
28;2025-12-29;11;510
28;2025-12-29;12;586
28;2025-12-29;13;607
28;2025-12-29;14;579
28;2025-12-29;15;616
28;2025-12-29;16;770
28;2025-12-29;17;894
28;2025-12-29;18;921
28;2025-12-29;19;688
28;2025-12-29;20;448
28;2025-12-29;21;284
28;2025-12-29;22;116
28;2025-12-29;23;9
28;2025-12-30;0;1
28;2025-12-30;1;0
28;2025-12-30;2;0
28;2025-12-30;3;0
28;2025-12-30;4;2
28;2025-12-30;5;69
28;2025-12-30;6;244
28;2025-12-30;7;706
28;2025-12-30;8;1103
28;2025-12-30;9;776
28;2025-12-30;10;563
28;2025-12-30;11;518
28;2025-12-30;12;579
28;2025-12-30;13;606
28;2025-12-30;14;579
28;2025-12-30;15;612
28;2025-12-30;16;744
28;2025-12-30;17;879
28;2025-12-30;18;905
28;2025-12-30;19;671
28;2025-12-30;20;452
28;2025-12-30;21;284
28;2025-12-30;22;121
28;2025-12-30;23;10
28;2025-12-31;0;2
28;2025-12-31;1;1
28;2025-12-31;2;0
28;2025-12-31;3;0
28;2025-12-31;4;1
28;2025-12-31;5;26
28;2025-12-31;6;70
28;2025-12-31;7;143
28;2025-12-31;8;249
28;2025-12-31;9;284
28;2025-12-31;10;308
28;2025-12-31;11;346
28;2025-12-31;12;355
28;2025-12-31;13;375
28;2025-12-31;14;385
28;2025-12-31;15;382
28;2025-12-31;16;385
28;2025-12-31;17;357
28;2025-12-31;18;260
28;2025-12-31;19;219
28;2025-12-31;20;179
28;2025-12-31;21;148
28;2025-12-31;22;70
28;2025-12-31;23;10
50;2025-11-01;0;61
50;2025-11-01;1;12
50;2025-11-01;2;0
50;2025-11-01;3;0
50;2025-11-01;4;3
50;2025-11-01;5;96
50;2025-11-01;6;576
50;2025-11-01;7;1458
50;2025-11-01;8;2033
50;2025-11-01;9;1754
50;2025-11-01;10;1540
50;2025-11-01;11;1522
50;2025-11-01;12;1459
50;2025-11-01;13;1545
50;2025-11-01;14;1487
50;2025-11-01;15;1576
50;2025-11-01;16;1694
50;2025-11-01;17;1917
50;2025-11-01;18;1948
50;2025-11-01;19;1350
50;2025-11-01;20;968
50;2025-11-01;21;698
50;2025-11-01;22;436
50;2025-11-01;23;261
50;2025-11-02;0;43
50;2025-11-02;1;4
50;2025-11-02;2;0
50;2025-11-02;3;0
50;2025-11-02;4;0
50;2025-11-02;5;18
50;2025-11-02;6;83
50;2025-11-02;7;152
50;2025-11-02;8;234
50;2025-11-02;9;276
50;2025-11-02;10;287
50;2025-11-02;11;363
50;2025-11-02;12;407
50;2025-11-02;13;453
50;2025-11-02;14;469
50;2025-11-02;15;438
50;2025-11-02;16;449
50;2025-11-02;17;445
50;2025-11-02;18;397
50;2025-11-02;19;355
50;2025-11-02;20;283
50;2025-11-02;21;241
50;2025-11-02;22;134
50;2025-11-02;23;78
50;2025-11-03;0;46
50;2025-11-03;1;11
50;2025-11-03;2;6
50;2025-11-03;3;3
50;2025-11-03;4;2
50;2025-11-03;5;37
50;2025-11-03;6;133
50;2025-11-03;7;210
50;2025-11-03;8;336
50;2025-11-03;9;342
50;2025-11-03;10;327
50;2025-11-03;11;379
50;2025-11-03;12;431
50;2025-11-03;13;470
50;2025-11-03;14;478
50;2025-11-03;15;469
50;2025-11-03;16;457
50;2025-11-03;17;501
50;2025-11-03;18;443
50;2025-11-03;19;407
50;2025-11-03;20;302
50;2025-11-03;21;258
50;2025-11-03;22;140
50;2025-11-03;23;93
50;2025-11-04;0;44
50;2025-11-04;1;11
50;2025-11-04;2;1
50;2025-11-04;3;0
50;2025-11-04;4;1
50;2025-11-04;5;19
50;2025-11-04;6;86
50;2025-11-04;7;142
50;2025-11-04;8;258
50;2025-11-04;9;268
50;2025-11-04;10;250
50;2025-11-04;11;323
50;2025-11-04;12;369
50;2025-11-04;13;405
50;2025-11-04;14;419
50;2025-11-04;15;412
50;2025-11-04;16;419
50;2025-11-04;17;406
50;2025-11-04;18;359
50;2025-11-04;19;346
50;2025-11-04;20;260
50;2025-11-04;21;212
50;2025-11-04;22;139
50;2025-11-04;23;79
50;2025-11-05;0;34
50;2025-11-05;1;2
50;2025-11-05;2;0
50;2025-11-05;3;0
50;2025-11-05;4;2
50;2025-11-05;5;75
50;2025-11-05;6;543
50;2025-11-05;7;1628
50;2025-11-05;8;2427
50;2025-11-05;9;1882
50;2025-11-05;10;1433
50;2025-11-05;11;1346
50;2025-11-05;12;1307
50;2025-11-05;13;1308
50;2025-11-05;14;1268
50;2025-11-05;15;1400
50;2025-11-05;16;1555
50;2025-11-05;17;2034
50;2025-11-05;18;2163
50;2025-11-05;19;1388
50;2025-11-05;20;853
50;2025-11-05;21;582
50;2025-11-05;22;276
50;2025-11-05;23;139
50;2025-11-06;0;35
50;2025-11-06;1;2
50;2025-11-06;2;0
50;2025-11-06;3;0
50;2025-11-06;4;1
50;2025-11-06;5;74
50;2025-11-06;6;543
50;2025-11-06;7;1625
50;2025-11-06;8;2415
50;2025-11-06;9;1871
50;2025-11-06;10;1438
50;2025-11-06;11;1361
50;2025-11-06;12;1302
50;2025-11-06;13;1307
50;2025-11-06;14;1264
50;2025-11-06;15;1423
50;2025-11-06;16;1575
50;2025-11-06;17;2049
50;2025-11-06;18;2161
50;2025-11-06;19;1386
50;2025-11-06;20;874
50;2025-11-06;21;599
50;2025-11-06;22;276
50;2025-11-06;23;144
50;2025-11-07;0;35
50;2025-11-07;1;2
50;2025-11-07;2;0
50;2025-11-07;3;0
50;2025-11-07;4;1
50;2025-11-07;5;72
50;2025-11-07;6;539
50;2025-11-07;7;1608
50;2025-11-07;8;2410
50;2025-11-07;9;1852
50;2025-11-07;10;1399
50;2025-11-07;11;1374
50;2025-11-07;12;1320
50;2025-11-07;13;1317
50;2025-11-07;14;1299
50;2025-11-07;15;1455
50;2025-11-07;16;1668
50;2025-11-07;17;1941
50;2025-11-07;18;1815
50;2025-11-07;19;1213
50;2025-11-07;20;781
50;2025-11-07;21;538
50;2025-11-07;22;271
50;2025-11-07;23;149
50;2025-11-08;0;51
50;2025-11-08;1;3
50;2025-11-08;2;0
50;2025-11-08;3;0
50;2025-11-08;4;1
50;2025-11-08;5;25
50;2025-11-08;6;120
50;2025-11-08;7;228
50;2025-11-08;8;369
50;2025-11-08;9;396
50;2025-11-08;10;374
50;2025-11-08;11;470
50;2025-11-08;12;500
50;2025-11-08;13;541
50;2025-11-08;14;540
50;2025-11-08;15;514
50;2025-11-08;16;500
50;2025-11-08;17;508
50;2025-11-08;18;451
50;2025-11-08;19;399
50;2025-11-08;20;287
50;2025-11-08;21;254
50;2025-11-08;22;139
50;2025-11-08;23;84
50;2025-11-09;0;43
50;2025-11-09;1;4
50;2025-11-09;2;0
50;2025-11-09;3;0
50;2025-11-09;4;0
50;2025-11-09;5;18
50;2025-11-09;6;83
50;2025-11-09;7;152
50;2025-11-09;8;234
50;2025-11-09;9;276
50;2025-11-09;10;287
50;2025-11-09;11;363
50;2025-11-09;12;407
50;2025-11-09;13;453
50;2025-11-09;14;469
50;2025-11-09;15;438
50;2025-11-09;16;449
50;2025-11-09;17;445
50;2025-11-09;18;397
50;2025-11-09;19;355
50;2025-11-09;20;283
50;2025-11-09;21;241
50;2025-11-09;22;134
50;2025-11-09;23;78
50;2025-11-10;0;32
50;2025-11-10;1;2
50;2025-11-10;2;0
50;2025-11-10;3;0
50;2025-11-10;4;1
50;2025-11-10;5;69
50;2025-11-10;6;523
50;2025-11-10;7;1595
50;2025-11-10;8;2399
50;2025-11-10;9;1856
50;2025-11-10;10;1397
50;2025-11-10;11;1331
50;2025-11-10;12;1259
50;2025-11-10;13;1275
50;2025-11-10;14;1250
50;2025-11-10;15;1385
50;2025-11-10;16;1500
50;2025-11-10;17;2000
50;2025-11-10;18;2116
50;2025-11-10;19;1354
50;2025-11-10;20;832
50;2025-11-10;21;554
50;2025-11-10;22;253
50;2025-11-10;23;125
50;2025-11-11;0;33
50;2025-11-11;1;2
50;2025-11-11;2;0
50;2025-11-11;3;0
50;2025-11-11;4;1
50;2025-11-11;5;73
50;2025-11-11;6;549
50;2025-11-11;7;1654
50;2025-11-11;8;2474
50;2025-11-11;9;1907
50;2025-11-11;10;1451
50;2025-11-11;11;1360
50;2025-11-11;12;1310
50;2025-11-11;13;1311
50;2025-11-11;14;1281
50;2025-11-11;15;1413
50;2025-11-11;16;1517
50;2025-11-11;17;2048
50;2025-11-11;18;2167
50;2025-11-11;19;1380
50;2025-11-11;20;869
50;2025-11-11;21;582
50;2025-11-11;22;272
50;2025-11-11;23;134
50;2025-11-12;0;34
50;2025-11-12;1;2
50;2025-11-12;2;0
50;2025-11-12;3;0
50;2025-11-12;4;2
50;2025-11-12;5;75
50;2025-11-12;6;543
50;2025-11-12;7;1628
50;2025-11-12;8;2427
50;2025-11-12;9;1882
50;2025-11-12;10;1433
50;2025-11-12;11;1346
50;2025-11-12;12;1307
50;2025-11-12;13;1308
50;2025-11-12;14;1268
50;2025-11-12;15;1400
50;2025-11-12;16;1555
50;2025-11-12;17;2034
50;2025-11-12;18;2163
50;2025-11-12;19;1388
50;2025-11-12;20;853
50;2025-11-12;21;582
50;2025-11-12;22;276
50;2025-11-12;23;139
50;2025-11-13;0;35
50;2025-11-13;1;2
50;2025-11-13;2;0
50;2025-11-13;3;0
50;2025-11-13;4;1
50;2025-11-13;5;74
50;2025-11-13;6;543
50;2025-11-13;7;1625
50;2025-11-13;8;2415
50;2025-11-13;9;1871
50;2025-11-13;10;1438
50;2025-11-13;11;1361
50;2025-11-13;12;1302
50;2025-11-13;13;1307
50;2025-11-13;14;1264
50;2025-11-13;15;1423
50;2025-11-13;16;1575
50;2025-11-13;17;2049
50;2025-11-13;18;2161
50;2025-11-13;19;1386
50;2025-11-13;20;874
50;2025-11-13;21;599
50;2025-11-13;22;276
50;2025-11-13;23;144
50;2025-11-14;0;35
50;2025-11-14;1;2
50;2025-11-14;2;0
50;2025-11-14;3;0
50;2025-11-14;4;1
50;2025-11-14;5;72
50;2025-11-14;6;539
50;2025-11-14;7;1608
50;2025-11-14;8;2410
50;2025-11-14;9;1852
50;2025-11-14;10;1399
50;2025-11-14;11;1374
50;2025-11-14;12;1320
50;2025-11-14;13;1317
50;2025-11-14;14;1299
50;2025-11-14;15;1455
50;2025-11-14;16;1668
50;2025-11-14;17;1941
50;2025-11-14;18;1815
50;2025-11-14;19;1213
50;2025-11-14;20;781
50;2025-11-14;21;538
50;2025-11-14;22;271
50;2025-11-14;23;149
50;2025-11-15;0;51
50;2025-11-15;1;3
50;2025-11-15;2;0
50;2025-11-15;3;0
50;2025-11-15;4;1
50;2025-11-15;5;25
50;2025-11-15;6;120
50;2025-11-15;7;228
50;2025-11-15;8;369
50;2025-11-15;9;396
50;2025-11-15;10;374
50;2025-11-15;11;470
50;2025-11-15;12;500
50;2025-11-15;13;541
50;2025-11-15;14;540
50;2025-11-15;15;514
50;2025-11-15;16;500
50;2025-11-15;17;508
50;2025-11-15;18;451
50;2025-11-15;19;399
50;2025-11-15;20;287
50;2025-11-15;21;254
50;2025-11-15;22;139
50;2025-11-15;23;84
50;2025-11-16;0;43
50;2025-11-16;1;4
50;2025-11-16;2;0
50;2025-11-16;3;0
50;2025-11-16;4;0
50;2025-11-16;5;18
50;2025-11-16;6;83
50;2025-11-16;7;152
50;2025-11-16;8;234
50;2025-11-16;9;276
50;2025-11-16;10;287
50;2025-11-16;11;363
50;2025-11-16;12;407
50;2025-11-16;13;453
50;2025-11-16;14;469
50;2025-11-16;15;438
50;2025-11-16;16;449
50;2025-11-16;17;445
50;2025-11-16;18;397
50;2025-11-16;19;355
50;2025-11-16;20;283
50;2025-11-16;21;241
50;2025-11-16;22;134
50;2025-11-16;23;78
50;2025-11-17;0;32
50;2025-11-17;1;2
50;2025-11-17;2;0
50;2025-11-17;3;0
50;2025-11-17;4;1
50;2025-11-17;5;69
50;2025-11-17;6;523
50;2025-11-17;7;1595
50;2025-11-17;8;2399
50;2025-11-17;9;1856
50;2025-11-17;10;1397
50;2025-11-17;11;1331
50;2025-11-17;12;1259
50;2025-11-17;13;1275
50;2025-11-17;14;1250
50;2025-11-17;15;1385
50;2025-11-17;16;1500
50;2025-11-17;17;2000
50;2025-11-17;18;2116
50;2025-11-17;19;1354
50;2025-11-17;20;832
50;2025-11-17;21;554
50;2025-11-17;22;253
50;2025-11-17;23;125
50;2025-11-18;0;33
50;2025-11-18;1;2
50;2025-11-18;2;0
50;2025-11-18;3;0
50;2025-11-18;4;1
50;2025-11-18;5;73
50;2025-11-18;6;549
50;2025-11-18;7;1654
50;2025-11-18;8;2474
50;2025-11-18;9;1907
50;2025-11-18;10;1451
50;2025-11-18;11;1360
50;2025-11-18;12;1310
50;2025-11-18;13;1311
50;2025-11-18;14;1281
50;2025-11-18;15;1413
50;2025-11-18;16;1517
50;2025-11-18;17;2048
50;2025-11-18;18;2167
50;2025-11-18;19;1380
50;2025-11-18;20;869
50;2025-11-18;21;582
50;2025-11-18;22;272
50;2025-11-18;23;134
50;2025-11-19;0;34
50;2025-11-19;1;2
50;2025-11-19;2;0
50;2025-11-19;3;0
50;2025-11-19;4;2
50;2025-11-19;5;75
50;2025-11-19;6;543
50;2025-11-19;7;1628
50;2025-11-19;8;2427
50;2025-11-19;9;1882
50;2025-11-19;10;1433
50;2025-11-19;11;1346
50;2025-11-19;12;1307
50;2025-11-19;13;1308
50;2025-11-19;14;1268
50;2025-11-19;15;1400
50;2025-11-19;16;1555
50;2025-11-19;17;2034
50;2025-11-19;18;2163
50;2025-11-19;19;1388
50;2025-11-19;20;853
50;2025-11-19;21;582
50;2025-11-19;22;276
50;2025-11-19;23;139
50;2025-11-20;0;35
50;2025-11-20;1;2
50;2025-11-20;2;0
50;2025-11-20;3;0
50;2025-11-20;4;1
50;2025-11-20;5;74
50;2025-11-20;6;543
50;2025-11-20;7;1625
50;2025-11-20;8;2415
50;2025-11-20;9;1871
50;2025-11-20;10;1438
50;2025-11-20;11;1361
50;2025-11-20;12;1302
50;2025-11-20;13;1307
50;2025-11-20;14;1264
50;2025-11-20;15;1423
50;2025-11-20;16;1575
50;2025-11-20;17;2049
50;2025-11-20;18;2161
50;2025-11-20;19;1386
50;2025-11-20;20;874
50;2025-11-20;21;599
50;2025-11-20;22;276
50;2025-11-20;23;144
50;2025-11-21;0;35
50;2025-11-21;1;2
50;2025-11-21;2;0
50;2025-11-21;3;0
50;2025-11-21;4;1
50;2025-11-21;5;72
50;2025-11-21;6;539
50;2025-11-21;7;1608
50;2025-11-21;8;2410
50;2025-11-21;9;1852
50;2025-11-21;10;1399
50;2025-11-21;11;1374
50;2025-11-21;12;1320
50;2025-11-21;13;1317
50;2025-11-21;14;1299
50;2025-11-21;15;1455
50;2025-11-21;16;1668
50;2025-11-21;17;1941
50;2025-11-21;18;1815
50;2025-11-21;19;1213
50;2025-11-21;20;781
50;2025-11-21;21;538
50;2025-11-21;22;271
50;2025-11-21;23;149
50;2025-11-22;0;51
50;2025-11-22;1;3
50;2025-11-22;2;0
50;2025-11-22;3;0
50;2025-11-22;4;1
50;2025-11-22;5;25
50;2025-11-22;6;120
50;2025-11-22;7;228
50;2025-11-22;8;369
50;2025-11-22;9;396
50;2025-11-22;10;374
50;2025-11-22;11;470
50;2025-11-22;12;500
50;2025-11-22;13;541
50;2025-11-22;14;540
50;2025-11-22;15;514
50;2025-11-22;16;500
50;2025-11-22;17;508
50;2025-11-22;18;451
50;2025-11-22;19;399
50;2025-11-22;20;287
50;2025-11-22;21;254
50;2025-11-22;22;139
50;2025-11-22;23;84
50;2025-11-23;0;43
50;2025-11-23;1;4
50;2025-11-23;2;0
50;2025-11-23;3;0
50;2025-11-23;4;0
50;2025-11-23;5;18
50;2025-11-23;6;83
50;2025-11-23;7;152
50;2025-11-23;8;234
50;2025-11-23;9;276
50;2025-11-23;10;287
50;2025-11-23;11;363
50;2025-11-23;12;407
50;2025-11-23;13;453
50;2025-11-23;14;469
50;2025-11-23;15;438
50;2025-11-23;16;449
50;2025-11-23;17;445
50;2025-11-23;18;397
50;2025-11-23;19;355
50;2025-11-23;20;283
50;2025-11-23;21;241
50;2025-11-23;22;134
50;2025-11-23;23;78
50;2025-11-24;0;32
50;2025-11-24;1;2
50;2025-11-24;2;0
50;2025-11-24;3;0
50;2025-11-24;4;1
50;2025-11-24;5;69
50;2025-11-24;6;523
50;2025-11-24;7;1595
50;2025-11-24;8;2399
50;2025-11-24;9;1856
50;2025-11-24;10;1397
50;2025-11-24;11;1331
50;2025-11-24;12;1259
50;2025-11-24;13;1275
50;2025-11-24;14;1250
50;2025-11-24;15;1385
50;2025-11-24;16;1500
50;2025-11-24;17;2000
50;2025-11-24;18;2116
50;2025-11-24;19;1354
50;2025-11-24;20;832
50;2025-11-24;21;554
50;2025-11-24;22;253
50;2025-11-24;23;125
50;2025-11-25;0;33
50;2025-11-25;1;2
50;2025-11-25;2;0
50;2025-11-25;3;0
50;2025-11-25;4;1
50;2025-11-25;5;73
50;2025-11-25;6;549
50;2025-11-25;7;1654
50;2025-11-25;8;2474
50;2025-11-25;9;1907
50;2025-11-25;10;1451
50;2025-11-25;11;1360
50;2025-11-25;12;1310
50;2025-11-25;13;1311
50;2025-11-25;14;1281
50;2025-11-25;15;1413
50;2025-11-25;16;1517
50;2025-11-25;17;2048
50;2025-11-25;18;2167
50;2025-11-25;19;1380
50;2025-11-25;20;869
50;2025-11-25;21;582
50;2025-11-25;22;272
50;2025-11-25;23;134
50;2025-11-26;0;34
50;2025-11-26;1;2
50;2025-11-26;2;0
50;2025-11-26;3;0
50;2025-11-26;4;2
50;2025-11-26;5;75
50;2025-11-26;6;543
50;2025-11-26;7;1628
50;2025-11-26;8;2427
50;2025-11-26;9;1882
50;2025-11-26;10;1433
50;2025-11-26;11;1346
50;2025-11-26;12;1307
50;2025-11-26;13;1308
50;2025-11-26;14;1268
50;2025-11-26;15;1400
50;2025-11-26;16;1555
50;2025-11-26;17;2034
50;2025-11-26;18;2163
50;2025-11-26;19;1388
50;2025-11-26;20;853
50;2025-11-26;21;582
50;2025-11-26;22;276
50;2025-11-26;23;139
50;2025-11-27;0;35
50;2025-11-27;1;2
50;2025-11-27;2;0
50;2025-11-27;3;0
50;2025-11-27;4;1
50;2025-11-27;5;74
50;2025-11-27;6;543
50;2025-11-27;7;1625
50;2025-11-27;8;2415
50;2025-11-27;9;1871
50;2025-11-27;10;1438
50;2025-11-27;11;1361
50;2025-11-27;12;1302
50;2025-11-27;13;1307
50;2025-11-27;14;1264
50;2025-11-27;15;1423
50;2025-11-27;16;1575
50;2025-11-27;17;2049
50;2025-11-27;18;2161
50;2025-11-27;19;1386
50;2025-11-27;20;874
50;2025-11-27;21;599
50;2025-11-27;22;276
50;2025-11-27;23;144
50;2025-11-28;0;35
50;2025-11-28;1;2
50;2025-11-28;2;0
50;2025-11-28;3;0
50;2025-11-28;4;1
50;2025-11-28;5;72
50;2025-11-28;6;539
50;2025-11-28;7;1608
50;2025-11-28;8;2410
50;2025-11-28;9;1852
50;2025-11-28;10;1399
50;2025-11-28;11;1374
50;2025-11-28;12;1320
50;2025-11-28;13;1317
50;2025-11-28;14;1299
50;2025-11-28;15;1455
50;2025-11-28;16;1668
50;2025-11-28;17;1941
50;2025-11-28;18;1815
50;2025-11-28;19;1213
50;2025-11-28;20;781
50;2025-11-28;21;538
50;2025-11-28;22;271
50;2025-11-28;23;149
50;2025-11-29;0;51
50;2025-11-29;1;3
50;2025-11-29;2;0
50;2025-11-29;3;0
50;2025-11-29;4;1
50;2025-11-29;5;25
50;2025-11-29;6;120
50;2025-11-29;7;228
50;2025-11-29;8;369
50;2025-11-29;9;396
50;2025-11-29;10;374
50;2025-11-29;11;470
50;2025-11-29;12;500
50;2025-11-29;13;541
50;2025-11-29;14;540
50;2025-11-29;15;514
50;2025-11-29;16;500
50;2025-11-29;17;508
50;2025-11-29;18;451
50;2025-11-29;19;399
50;2025-11-29;20;287
50;2025-11-29;21;254
50;2025-11-29;22;139
50;2025-11-29;23;84
50;2025-11-30;0;43
50;2025-11-30;1;4
50;2025-11-30;2;0
50;2025-11-30;3;0
50;2025-11-30;4;0
50;2025-11-30;5;18
50;2025-11-30;6;83
50;2025-11-30;7;152
50;2025-11-30;8;234
50;2025-11-30;9;276
50;2025-11-30;10;287
50;2025-11-30;11;363
50;2025-11-30;12;407
50;2025-11-30;13;453
50;2025-11-30;14;469
50;2025-11-30;15;438
50;2025-11-30;16;449
50;2025-11-30;17;445
50;2025-11-30;18;397
50;2025-11-30;19;355
50;2025-11-30;20;283
50;2025-11-30;21;241
50;2025-11-30;22;134
50;2025-11-30;23;78
50;2025-12-01;0;34
50;2025-12-01;1;2
50;2025-12-01;2;0
50;2025-12-01;3;0
50;2025-12-01;4;1
50;2025-12-01;5;71
50;2025-12-01;6;543
50;2025-12-01;7;1602
50;2025-12-01;8;2394
50;2025-12-01;9;1872
50;2025-12-01;10;1418
50;2025-12-01;11;1352
50;2025-12-01;12;1274
50;2025-12-01;13;1287
50;2025-12-01;14;1262
50;2025-12-01;15;1395
50;2025-12-01;16;1510
50;2025-12-01;17;2010
50;2025-12-01;18;2129
50;2025-12-01;19;1369
50;2025-12-01;20;850
50;2025-12-01;21;557
50;2025-12-01;22;257
50;2025-12-01;23;123
50;2025-12-02;0;35
50;2025-12-02;1;2
50;2025-12-02;2;0
50;2025-12-02;3;0
50;2025-12-02;4;2
50;2025-12-02;5;74
50;2025-12-02;6;569
50;2025-12-02;7;1662
50;2025-12-02;8;2471
50;2025-12-02;9;1925
50;2025-12-02;10;1474
50;2025-12-02;11;1383
50;2025-12-02;12;1327
50;2025-12-02;13;1325
50;2025-12-02;14;1295
50;2025-12-02;15;1424
50;2025-12-02;16;1529
50;2025-12-02;17;2059
50;2025-12-02;18;2179
50;2025-12-02;19;1396
50;2025-12-02;20;888
50;2025-12-02;21;586
50;2025-12-02;22;278
50;2025-12-02;23;134
50;2025-12-03;0;36
50;2025-12-03;1;2
50;2025-12-03;2;0
50;2025-12-03;3;0
50;2025-12-03;4;2
50;2025-12-03;5;76
50;2025-12-03;6;562
50;2025-12-03;7;1634
50;2025-12-03;8;2421
50;2025-12-03;9;1897
50;2025-12-03;10;1453
50;2025-12-03;11;1366
50;2025-12-03;12;1321
50;2025-12-03;13;1319
50;2025-12-03;14;1279
50;2025-12-03;15;1409
50;2025-12-03;16;1564
50;2025-12-03;17;2039
50;2025-12-03;18;2170
50;2025-12-03;19;1400
50;2025-12-03;20;867
50;2025-12-03;21;584
50;2025-12-03;22;280
50;2025-12-03;23;136
50;2025-12-04;0;38
50;2025-12-04;1;2
50;2025-12-04;2;0
50;2025-12-04;3;0
50;2025-12-04;4;2
50;2025-12-04;5;76
50;2025-12-04;6;563
50;2025-12-04;7;1633
50;2025-12-04;8;2411
50;2025-12-04;9;1888
50;2025-12-04;10;1460
50;2025-12-04;11;1382
50;2025-12-04;12;1317
50;2025-12-04;13;1319
50;2025-12-04;14;1277
50;2025-12-04;15;1433
50;2025-12-04;16;1586
50;2025-12-04;17;2060
50;2025-12-04;18;2174
50;2025-12-04;19;1401
50;2025-12-04;20;892
50;2025-12-04;21;603
50;2025-12-04;22;281
50;2025-12-04;23;142
50;2025-12-05;0;37
50;2025-12-05;1;2
50;2025-12-05;2;0
50;2025-12-05;3;0
50;2025-12-05;4;2
50;2025-12-05;5;73
50;2025-12-05;6;558
50;2025-12-05;7;1613
50;2025-12-05;8;2404
50;2025-12-05;9;1870
50;2025-12-05;10;1421
50;2025-12-05;11;1396
50;2025-12-05;12;1337
50;2025-12-05;13;1331
50;2025-12-05;14;1313
50;2025-12-05;15;1467
50;2025-12-05;16;1680
50;2025-12-05;17;1954
50;2025-12-05;18;1831
50;2025-12-05;19;1234
50;2025-12-05;20;802
50;2025-12-05;21;542
50;2025-12-05;22;277
50;2025-12-05;23;148
50;2025-12-06;0;55
50;2025-12-06;1;4
50;2025-12-06;2;0
50;2025-12-06;3;1
50;2025-12-06;4;1
50;2025-12-06;5;31
50;2025-12-06;6;171
50;2025-12-06;7;331
50;2025-12-06;8;486
50;2025-12-06;9;535
50;2025-12-06;10;566
50;2025-12-06;11;663
50;2025-12-06;12;699
50;2025-12-06;13;743
50;2025-12-06;14;741
50;2025-12-06;15;713
50;2025-12-06;16;697
50;2025-12-06;17;693
50;2025-12-06;18;638
50;2025-12-06;19;567
50;2025-12-06;20;429
50;2025-12-06;21;336
50;2025-12-06;22;204
50;2025-12-06;23;126
50;2025-12-07;0;49
50;2025-12-07;1;4
50;2025-12-07;2;0
50;2025-12-07;3;0
50;2025-12-07;4;1
50;2025-12-07;5;22
50;2025-12-07;6;123
50;2025-12-07;7;222
50;2025-12-07;8;338
50;2025-12-07;9;407
50;2025-12-07;10;453
50;2025-12-07;11;551
50;2025-12-07;12;605
50;2025-12-07;13;653
50;2025-12-07;14;669
50;2025-12-07;15;635
50;2025-12-07;16;644
50;2025-12-07;17;628
50;2025-12-07;18;580
50;2025-12-07;19;509
50;2025-12-07;20;402
50;2025-12-07;21;319
50;2025-12-07;22;190
50;2025-12-07;23;112
50;2025-12-08;0;34
50;2025-12-08;1;2
50;2025-12-08;2;0
50;2025-12-08;3;0
50;2025-12-08;4;1
50;2025-12-08;5;71
50;2025-12-08;6;543
50;2025-12-08;7;1602
50;2025-12-08;8;2394
50;2025-12-08;9;1872
50;2025-12-08;10;1418
50;2025-12-08;11;1352
50;2025-12-08;12;1274
50;2025-12-08;13;1287
50;2025-12-08;14;1262
50;2025-12-08;15;1395
50;2025-12-08;16;1510
50;2025-12-08;17;2010
50;2025-12-08;18;2129
50;2025-12-08;19;1369
50;2025-12-08;20;850
50;2025-12-08;21;557
50;2025-12-08;22;257
50;2025-12-08;23;123
50;2025-12-09;0;35
50;2025-12-09;1;2
50;2025-12-09;2;0
50;2025-12-09;3;0
50;2025-12-09;4;2
50;2025-12-09;5;74
50;2025-12-09;6;569
50;2025-12-09;7;1662
50;2025-12-09;8;2471
50;2025-12-09;9;1925
50;2025-12-09;10;1474
50;2025-12-09;11;1383
50;2025-12-09;12;1327
50;2025-12-09;13;1325
50;2025-12-09;14;1295
50;2025-12-09;15;1424
50;2025-12-09;16;1529
50;2025-12-09;17;2059
50;2025-12-09;18;2179
50;2025-12-09;19;1396
50;2025-12-09;20;888
50;2025-12-09;21;586
50;2025-12-09;22;278
50;2025-12-09;23;134
50;2025-12-10;0;36
50;2025-12-10;1;2
50;2025-12-10;2;0
50;2025-12-10;3;0
50;2025-12-10;4;2
50;2025-12-10;5;76
50;2025-12-10;6;562
50;2025-12-10;7;1634
50;2025-12-10;8;2421
50;2025-12-10;9;1897
50;2025-12-10;10;1453
50;2025-12-10;11;1366
50;2025-12-10;12;1321
50;2025-12-10;13;1319
50;2025-12-10;14;1279
50;2025-12-10;15;1409
50;2025-12-10;16;1564
50;2025-12-10;17;2039
50;2025-12-10;18;2170
50;2025-12-10;19;1400
50;2025-12-10;20;867
50;2025-12-10;21;584
50;2025-12-10;22;280
50;2025-12-10;23;136
50;2025-12-11;0;38
50;2025-12-11;1;2
50;2025-12-11;2;0
50;2025-12-11;3;0
50;2025-12-11;4;2
50;2025-12-11;5;76
50;2025-12-11;6;563
50;2025-12-11;7;1633
50;2025-12-11;8;2411
50;2025-12-11;9;1888
50;2025-12-11;10;1460
50;2025-12-11;11;1382
50;2025-12-11;12;1317
50;2025-12-11;13;1319
50;2025-12-11;14;1277
50;2025-12-11;15;1433
50;2025-12-11;16;1586
50;2025-12-11;17;2060
50;2025-12-11;18;2174
50;2025-12-11;19;1401
50;2025-12-11;20;892
50;2025-12-11;21;603
50;2025-12-11;22;281
50;2025-12-11;23;142
50;2025-12-12;0;37
50;2025-12-12;1;2
50;2025-12-12;2;0
50;2025-12-12;3;0
50;2025-12-12;4;2
50;2025-12-12;5;73
50;2025-12-12;6;558
50;2025-12-12;7;1613
50;2025-12-12;8;2404
50;2025-12-12;9;1870
50;2025-12-12;10;1421
50;2025-12-12;11;1396
50;2025-12-12;12;1337
50;2025-12-12;13;1331
50;2025-12-12;14;1313
50;2025-12-12;15;1467
50;2025-12-12;16;1680
50;2025-12-12;17;1954
50;2025-12-12;18;1831
50;2025-12-12;19;1234
50;2025-12-12;20;802
50;2025-12-12;21;542
50;2025-12-12;22;277
50;2025-12-12;23;148
50;2025-12-13;0;55
50;2025-12-13;1;4
50;2025-12-13;2;0
50;2025-12-13;3;1
50;2025-12-13;4;1
50;2025-12-13;5;31
50;2025-12-13;6;171
50;2025-12-13;7;331
50;2025-12-13;8;486
50;2025-12-13;9;535
50;2025-12-13;10;566
50;2025-12-13;11;663
50;2025-12-13;12;699
50;2025-12-13;13;743
50;2025-12-13;14;741
50;2025-12-13;15;713
50;2025-12-13;16;697
50;2025-12-13;17;693
50;2025-12-13;18;638
50;2025-12-13;19;567
50;2025-12-13;20;429
50;2025-12-13;21;336
50;2025-12-13;22;204
50;2025-12-13;23;126
50;2025-12-14;0;49
50;2025-12-14;1;4
50;2025-12-14;2;0
50;2025-12-14;3;0
50;2025-12-14;4;1
50;2025-12-14;5;22
50;2025-12-14;6;123
50;2025-12-14;7;222
50;2025-12-14;8;338
50;2025-12-14;9;407
50;2025-12-14;10;453
50;2025-12-14;11;551
50;2025-12-14;12;605
50;2025-12-14;13;653
50;2025-12-14;14;669
50;2025-12-14;15;635
50;2025-12-14;16;644
50;2025-12-14;17;628
50;2025-12-14;18;580
50;2025-12-14;19;509
50;2025-12-14;20;402
50;2025-12-14;21;319
50;2025-12-14;22;190
50;2025-12-14;23;112
50;2025-12-15;0;34
50;2025-12-15;1;2
50;2025-12-15;2;0
50;2025-12-15;3;0
50;2025-12-15;4;1
50;2025-12-15;5;71
50;2025-12-15;6;543
50;2025-12-15;7;1602
50;2025-12-15;8;2394
50;2025-12-15;9;1872
50;2025-12-15;10;1418
50;2025-12-15;11;1352
50;2025-12-15;12;1274
50;2025-12-15;13;1287
50;2025-12-15;14;1262
50;2025-12-15;15;1395
50;2025-12-15;16;1510
50;2025-12-15;17;2010
50;2025-12-15;18;2129
50;2025-12-15;19;1369
50;2025-12-15;20;850
50;2025-12-15;21;557
50;2025-12-15;22;257
50;2025-12-15;23;123
50;2025-12-16;0;35
50;2025-12-16;1;2
50;2025-12-16;2;0
50;2025-12-16;3;0
50;2025-12-16;4;2
50;2025-12-16;5;74
50;2025-12-16;6;569
50;2025-12-16;7;1662
50;2025-12-16;8;2471
50;2025-12-16;9;1925
50;2025-12-16;10;1474
50;2025-12-16;11;1383
50;2025-12-16;12;1327
50;2025-12-16;13;1325
50;2025-12-16;14;1295
50;2025-12-16;15;1424
50;2025-12-16;16;1529
50;2025-12-16;17;2059
50;2025-12-16;18;2179
50;2025-12-16;19;1396
50;2025-12-16;20;888
50;2025-12-16;21;586
50;2025-12-16;22;278
50;2025-12-16;23;134
50;2025-12-17;0;36
50;2025-12-17;1;2
50;2025-12-17;2;0
50;2025-12-17;3;0
50;2025-12-17;4;2
50;2025-12-17;5;76
50;2025-12-17;6;562
50;2025-12-17;7;1634
50;2025-12-17;8;2421
50;2025-12-17;9;1897
50;2025-12-17;10;1453
50;2025-12-17;11;1366
50;2025-12-17;12;1321
50;2025-12-17;13;1319
50;2025-12-17;14;1279
50;2025-12-17;15;1409
50;2025-12-17;16;1564
50;2025-12-17;17;2039
50;2025-12-17;18;2170
50;2025-12-17;19;1400
50;2025-12-17;20;867
50;2025-12-17;21;584
50;2025-12-17;22;280
50;2025-12-17;23;136
50;2025-12-18;0;38
50;2025-12-18;1;2
50;2025-12-18;2;0
50;2025-12-18;3;0
50;2025-12-18;4;2
50;2025-12-18;5;76
50;2025-12-18;6;563
50;2025-12-18;7;1633
50;2025-12-18;8;2411
50;2025-12-18;9;1888
50;2025-12-18;10;1460
50;2025-12-18;11;1382
50;2025-12-18;12;1317
50;2025-12-18;13;1319
50;2025-12-18;14;1277
50;2025-12-18;15;1433
50;2025-12-18;16;1586
50;2025-12-18;17;2060
50;2025-12-18;18;2174
50;2025-12-18;19;1401
50;2025-12-18;20;892
50;2025-12-18;21;603
50;2025-12-18;22;281
50;2025-12-18;23;142
50;2025-12-19;0;37
50;2025-12-19;1;2
50;2025-12-19;2;0
50;2025-12-19;3;0
50;2025-12-19;4;2
50;2025-12-19;5;73
50;2025-12-19;6;558
50;2025-12-19;7;1613
50;2025-12-19;8;2404
50;2025-12-19;9;1870
50;2025-12-19;10;1421
50;2025-12-19;11;1396
50;2025-12-19;12;1337
50;2025-12-19;13;1331
50;2025-12-19;14;1313
50;2025-12-19;15;1467
50;2025-12-19;16;1680
50;2025-12-19;17;1954
50;2025-12-19;18;1831
50;2025-12-19;19;1234
50;2025-12-19;20;802
50;2025-12-19;21;542
50;2025-12-19;22;277
50;2025-12-19;23;148
50;2025-12-20;0;55
50;2025-12-20;1;4
50;2025-12-20;2;0
50;2025-12-20;3;1
50;2025-12-20;4;1
50;2025-12-20;5;31
50;2025-12-20;6;171
50;2025-12-20;7;331
50;2025-12-20;8;486
50;2025-12-20;9;535
50;2025-12-20;10;566
50;2025-12-20;11;663
50;2025-12-20;12;699
50;2025-12-20;13;743
50;2025-12-20;14;741
50;2025-12-20;15;713
50;2025-12-20;16;697
50;2025-12-20;17;693
50;2025-12-20;18;638
50;2025-12-20;19;567
50;2025-12-20;20;429
50;2025-12-20;21;336
50;2025-12-20;22;204
50;2025-12-20;23;126
50;2025-12-21;0;49
50;2025-12-21;1;4
50;2025-12-21;2;0
50;2025-12-21;3;0
50;2025-12-21;4;1
50;2025-12-21;5;22
50;2025-12-21;6;123
50;2025-12-21;7;222
50;2025-12-21;8;338
50;2025-12-21;9;407
50;2025-12-21;10;453
50;2025-12-21;11;551
50;2025-12-21;12;605
50;2025-12-21;13;653
50;2025-12-21;14;669
50;2025-12-21;15;635
50;2025-12-21;16;644
50;2025-12-21;17;628
50;2025-12-21;18;580
50;2025-12-21;19;509
50;2025-12-21;20;402
50;2025-12-21;21;319
50;2025-12-21;22;190
50;2025-12-21;23;112
50;2025-12-22;0;34
50;2025-12-22;1;2
50;2025-12-22;2;0
50;2025-12-22;3;0
50;2025-12-22;4;1
50;2025-12-22;5;71
50;2025-12-22;6;543
50;2025-12-22;7;1602
50;2025-12-22;8;2394
50;2025-12-22;9;1872
50;2025-12-22;10;1418
50;2025-12-22;11;1352
50;2025-12-22;12;1274
50;2025-12-22;13;1287
50;2025-12-22;14;1262
50;2025-12-22;15;1395
50;2025-12-22;16;1510
50;2025-12-22;17;2010
50;2025-12-22;18;2129
50;2025-12-22;19;1369
50;2025-12-22;20;850
50;2025-12-22;21;557
50;2025-12-22;22;257
50;2025-12-22;23;123
50;2025-12-23;0;35
50;2025-12-23;1;2
50;2025-12-23;2;0
50;2025-12-23;3;0
50;2025-12-23;4;2
50;2025-12-23;5;74
50;2025-12-23;6;569
50;2025-12-23;7;1662
50;2025-12-23;8;2471
50;2025-12-23;9;1925
50;2025-12-23;10;1474
50;2025-12-23;11;1383
50;2025-12-23;12;1327
50;2025-12-23;13;1325
50;2025-12-23;14;1295
50;2025-12-23;15;1424
50;2025-12-23;16;1529
50;2025-12-23;17;2059
50;2025-12-23;18;2179
50;2025-12-23;19;1396
50;2025-12-23;20;888
50;2025-12-23;21;586
50;2025-12-23;22;278
50;2025-12-23;23;134
50;2025-12-24;0;36
50;2025-12-24;1;2
50;2025-12-24;2;0
50;2025-12-24;3;0
50;2025-12-24;4;2
50;2025-12-24;5;76
50;2025-12-24;6;562
50;2025-12-24;7;1634
50;2025-12-24;8;2421
50;2025-12-24;9;1897
50;2025-12-24;10;1453
50;2025-12-24;11;1366
50;2025-12-24;12;1321
50;2025-12-24;13;1319
50;2025-12-24;14;1279
50;2025-12-24;15;1409
50;2025-12-24;16;1564
50;2025-12-24;17;2039
50;2025-12-24;18;2170
50;2025-12-24;19;1400
50;2025-12-24;20;867
50;2025-12-24;21;584
50;2025-12-24;22;280
50;2025-12-24;23;136
50;2025-12-25;0;38
50;2025-12-25;1;2
50;2025-12-25;2;0
50;2025-12-25;3;0
50;2025-12-25;4;2
50;2025-12-25;5;76
50;2025-12-25;6;563
50;2025-12-25;7;1633
50;2025-12-25;8;2411
50;2025-12-25;9;1888
50;2025-12-25;10;1460
50;2025-12-25;11;1382
50;2025-12-25;12;1317
50;2025-12-25;13;1319
50;2025-12-25;14;1277
50;2025-12-25;15;1433
50;2025-12-25;16;1586
50;2025-12-25;17;2060
50;2025-12-25;18;2174
50;2025-12-25;19;1401
50;2025-12-25;20;892
50;2025-12-25;21;603
50;2025-12-25;22;281
50;2025-12-25;23;142
50;2025-12-26;0;37
50;2025-12-26;1;2
50;2025-12-26;2;0
50;2025-12-26;3;0
50;2025-12-26;4;2
50;2025-12-26;5;73
50;2025-12-26;6;558
50;2025-12-26;7;1613
50;2025-12-26;8;2404
50;2025-12-26;9;1870
50;2025-12-26;10;1421
50;2025-12-26;11;1396
50;2025-12-26;12;1337
50;2025-12-26;13;1331
50;2025-12-26;14;1313
50;2025-12-26;15;1467
50;2025-12-26;16;1680
50;2025-12-26;17;1954
50;2025-12-26;18;1831
50;2025-12-26;19;1234
50;2025-12-26;20;802
50;2025-12-26;21;542
50;2025-12-26;22;277
50;2025-12-26;23;148
50;2025-12-27;0;55
50;2025-12-27;1;4
50;2025-12-27;2;0
50;2025-12-27;3;1
50;2025-12-27;4;1
50;2025-12-27;5;31
50;2025-12-27;6;171
50;2025-12-27;7;331
50;2025-12-27;8;486
50;2025-12-27;9;535
50;2025-12-27;10;566
50;2025-12-27;11;663
50;2025-12-27;12;699
50;2025-12-27;13;743
50;2025-12-27;14;741
50;2025-12-27;15;713
50;2025-12-27;16;697
50;2025-12-27;17;693
50;2025-12-27;18;638
50;2025-12-27;19;567
50;2025-12-27;20;429
50;2025-12-27;21;336
50;2025-12-27;22;204
50;2025-12-27;23;126
50;2025-12-28;0;49
50;2025-12-28;1;4
50;2025-12-28;2;0
50;2025-12-28;3;0
50;2025-12-28;4;1
50;2025-12-28;5;22
50;2025-12-28;6;123
50;2025-12-28;7;222
50;2025-12-28;8;338
50;2025-12-28;9;407
50;2025-12-28;10;453
50;2025-12-28;11;551
50;2025-12-28;12;605
50;2025-12-28;13;653
50;2025-12-28;14;669
50;2025-12-28;15;635
50;2025-12-28;16;644
50;2025-12-28;17;628
50;2025-12-28;18;580
50;2025-12-28;19;509
50;2025-12-28;20;402
50;2025-12-28;21;319
50;2025-12-28;22;190
50;2025-12-28;23;112
50;2025-12-29;0;32
50;2025-12-29;1;2
50;2025-12-29;2;0
50;2025-12-29;3;0
50;2025-12-29;4;1
50;2025-12-29;5;67
50;2025-12-29;6;516
50;2025-12-29;7;1522
50;2025-12-29;8;2274
50;2025-12-29;9;1778
50;2025-12-29;10;1347
50;2025-12-29;11;1284
50;2025-12-29;12;1210
50;2025-12-29;13;1223
50;2025-12-29;14;1199
50;2025-12-29;15;1325
50;2025-12-29;16;1434
50;2025-12-29;17;1910
50;2025-12-29;18;2023
50;2025-12-29;19;1301
50;2025-12-29;20;808
50;2025-12-29;21;529
50;2025-12-29;22;244
50;2025-12-29;23;117
50;2025-12-30;0;32
50;2025-12-30;1;2
50;2025-12-30;2;0
50;2025-12-30;3;0
50;2025-12-30;4;2
50;2025-12-30;5;68
50;2025-12-30;6;523
50;2025-12-30;7;1529
50;2025-12-30;8;2273
50;2025-12-30;9;1771
50;2025-12-30;10;1356
50;2025-12-30;11;1272
50;2025-12-30;12;1221
50;2025-12-30;13;1219
50;2025-12-30;14;1191
50;2025-12-30;15;1310
50;2025-12-30;16;1407
50;2025-12-30;17;1894
50;2025-12-30;18;2005
50;2025-12-30;19;1284
50;2025-12-30;20;817
50;2025-12-30;21;539
50;2025-12-30;22;256
50;2025-12-30;23;123
50;2025-12-31;0;41
50;2025-12-31;1;4
50;2025-12-31;2;0
50;2025-12-31;3;1
50;2025-12-31;4;1
50;2025-12-31;5;26
50;2025-12-31;6;139
50;2025-12-31;7;273
50;2025-12-31;8;406
50;2025-12-31;9;425
50;2025-12-31;10;453
50;2025-12-31;11;524
50;2025-12-31;12;514
50;2025-12-31;13;543
50;2025-12-31;14;556
50;2025-12-31;15;552
50;2025-12-31;16;559
50;2025-12-31;17;558
50;2025-12-31;18;413
50;2025-12-31;19;364
50;2025-12-31;20;291
50;2025-12-31;21;221
50;2025-12-31;22;132
50;2025-12-31;23;97
