{"type":"FeatureCollection","features":[{"type":"Feature","properties":{"kind":"line","route":1,"name":"Чертаново Южное - Москворецкий рынок","source":"osm","osm_relations":[543080,1283310]},"geometry":{"type":"MultiLineString","coordinates":[[[37.608551,55.658432],[37.608641,55.658504],[37.608673,55.658569],[37.608681,55.658616],[37.608659,55.658668],[37.608614,55.65872],[37.608517,55.658776]],[[37.608517,55.658776],[37.608437,55.658804],[37.608305,55.658835],[37.608231,55.658844],[37.608137,55.658845],[37.608071,55.658844],[37.607958,55.658826],[37.607875,55.658799],[37.607782,55.658744]],[[37.607782,55.658744],[37.607135,55.658214]],[[37.607135,55.658214],[37.60681,55.657949],[37.605852,55.657156]],[[37.605852,55.657156],[37.605743,55.657066],[37.605573,55.656883]],[[37.605573,55.656883],[37.605458,55.656739],[37.605422,55.65668],[37.605409,55.656644],[37.6054,55.656619],[37.605368,55.656531],[37.605348,55.656357],[37.605348,55.656298]],[[37.605348,55.656298],[37.605352,55.655994],[37.60538,55.654795],[37.605403,55.653736],[37.605407,55.653625],[37.605411,55.65347]],[[37.605411,55.65347],[37.605414,55.653388],[37.605418,55.653075],[37.605418,55.652962],[37.60545,55.651062],[37.605459,55.65064],[37.60549,55.649178],[37.605493,55.64906],[37.605497,55.648861],[37.605503,55.648625],[37.605515,55.648148]],[[37.605515,55.648148],[37.605535,55.647385],[37.605547,55.645523],[37.605548,55.645475],[37.605549,55.645382],[37.605556,55.645195]],[[37.605556,55.645195],[37.605566,55.644922],[37.60557,55.644819],[37.605577,55.644638]],[[37.605577,55.644638],[37.605597,55.643468],[37.605593,55.643301],[37.605594,55.64328],[37.605596,55.643121],[37.605604,55.642741],[37.605606,55.642413],[37.605606,55.642363],[37.60561,55.642009]],[[37.60561,55.642009],[37.605618,55.641428],[37.605619,55.64139],[37.605619,55.641356],[37.60562,55.641315],[37.605616,55.641243],[37.605604,55.641002],[37.605568,55.640109],[37.605561,55.639934],[37.605553,55.639825]],[[37.605553,55.639825],[37.605546,55.639715],[37.605358,55.638731],[37.605272,55.638291],[37.60523,55.63813]],[[37.60523,55.63813],[37.605158,55.637851],[37.605144,55.6378],[37.605133,55.637758],[37.605023,55.637437],[37.604662,55.636574],[37.604249,55.635715],[37.603585,55.634509],[37.603496,55.634375],[37.60345,55.634303],[37.603366,55.634192],[37.603105,55.633852],[37.603083,55.633825],[37.603012,55.633737],[37.602457,55.633101],[37.601659,55.632159],[37.600987,55.631369],[37.600909,55.63128],[37.600509,55.630824],[37.600108,55.630338],[37.599784,55.629959],[37.599707,55.62987],[37.599614,55.629761],[37.599322,55.629421],[37.598689,55.628671],[37.598605,55.628573],[37.598173,55.628065],[37.597235,55.626928],[37.596914,55.626528],[37.596779,55.626316],[37.596658,55.626093],[37.59649,55.625779],[37.596274,55.625311],[37.596224,55.62521]],[[37.596224,55.62521],[37.596176,55.625108],[37.595951,55.624641],[37.595746,55.624216],[37.595636,55.623984],[37.595419,55.623525]],[[37.595419,55.623525],[37.595345,55.623366],[37.5953,55.623277],[37.595173,55.623026],[37.594362,55.621323],[37.594244,55.621039],[37.593945,55.620192],[37.593836,55.61978],[37.59376,55.619518],[37.593493,55.618608],[37.593404,55.618305],[37.593368,55.618181],[37.593346,55.618106],[37.592873,55.616495],[37.592865,55.616465],[37.592387,55.614847],[37.592376,55.614807],[37.592334,55.614662],[37.5923,55.614546],[37.592238,55.614343],[37.592,55.613567],[37.591881,55.613175],[37.591812,55.61295],[37.591656,55.612332],[37.5916,55.612111],[37.59155,55.611903],[37.5915,55.61167],[37.591335,55.610905],[37.590921,55.609216],[37.590905,55.609156],[37.590804,55.608726]],[[37.590804,55.608726],[37.5903,55.606481],[37.59021,55.606114],[37.590187,55.606014],[37.590166,55.605931],[37.590116,55.605752]],[[37.590116,55.605752],[37.589965,55.605107],[37.589938,55.604992],[37.589916,55.6049],[37.589898,55.60482],[37.589388,55.602816]],[[37.589388,55.602816],[37.58935,55.602651],[37.589325,55.602556],[37.589299,55.602452],[37.588908,55.600793]],[[37.588908,55.600793],[37.588904,55.600775],[37.588876,55.600657],[37.588597,55.599483],[37.588467,55.598931],[37.588459,55.598898],[37.588415,55.598703]],[[37.588415,55.598703],[37.587956,55.596872],[37.587838,55.596314]],[[37.58795,55.59653],[37.588016,55.596874],[37.588477,55.598703]],[[37.588477,55.598703],[37.588524,55.598909],[37.588663,55.599478],[37.588924,55.600591],[37.588943,55.600697],[37.588966,55.60079]],[[37.588966,55.60079],[37.589374,55.602444],[37.589398,55.602551],[37.589465,55.602812]],[[37.589465,55.602812],[37.589962,55.604816],[37.589982,55.604895],[37.590006,55.604987],[37.590035,55.605102],[37.590174,55.605748]],[[37.590174,55.605748],[37.590216,55.605888],[37.590303,55.606256],[37.590352,55.606478],[37.590864,55.608722]],[[37.590864,55.608722],[37.590944,55.609079],[37.590959,55.609162],[37.59139,55.610895],[37.591664,55.612107],[37.591715,55.612326],[37.591869,55.612945],[37.59194,55.613171],[37.592022,55.613433],[37.59206,55.613554],[37.592365,55.614522]],[[37.592365,55.614522],[37.592404,55.614656],[37.592447,55.6148],[37.592458,55.614839],[37.592911,55.61639],[37.592931,55.616458],[37.59341,55.618101],[37.593432,55.618176],[37.593471,55.618297],[37.593557,55.618603],[37.593784,55.61943],[37.593812,55.619515],[37.594006,55.620186],[37.594301,55.621032],[37.594419,55.621318],[37.595223,55.623018],[37.595345,55.62327],[37.595386,55.62336],[37.59546,55.623521]],[[37.59546,55.623521],[37.595679,55.623977],[37.595921,55.624481],[37.595996,55.624636],[37.596222,55.625101],[37.596269,55.625205]],[[37.596269,55.625205],[37.596317,55.625305],[37.596536,55.625774],[37.596705,55.626085],[37.596826,55.626309],[37.596962,55.626521],[37.597274,55.626911],[37.59822,55.628051],[37.598627,55.628519],[37.59866,55.628563],[37.599367,55.629394],[37.599666,55.629747],[37.599759,55.629856],[37.599835,55.629947],[37.600152,55.630321],[37.600563,55.630805],[37.600897,55.631192],[37.600963,55.631268],[37.601725,55.632157],[37.602515,55.633085],[37.603123,55.633812],[37.603421,55.634196],[37.603498,55.6343],[37.603549,55.634381],[37.603635,55.634512],[37.603833,55.634867],[37.604309,55.635705],[37.604723,55.636564],[37.605092,55.63743],[37.605195,55.63775],[37.605208,55.637793],[37.605294,55.638124]],[[37.605294,55.638124],[37.605336,55.638288],[37.605437,55.638727],[37.60561,55.639715],[37.605616,55.639824]],[[37.605616,55.639824],[37.605623,55.639933],[37.605651,55.640365]],[[37.605651,55.640365],[37.605674,55.641003],[37.605676,55.641238],[37.605677,55.641312],[37.605677,55.641368],[37.605677,55.641374],[37.605677,55.641426],[37.605682,55.64201]],[[37.605682,55.64201],[37.605682,55.64236],[37.605682,55.642409],[37.605675,55.643003],[37.605671,55.643121],[37.605674,55.643282],[37.605664,55.643584]],[[37.605664,55.643584],[37.605644,55.644509],[37.605635,55.644819],[37.605632,55.644923],[37.605625,55.645194]],[[37.605625,55.645194],[37.605619,55.645381],[37.605618,55.645476],[37.605598,55.647384],[37.605583,55.648152]],[[37.605583,55.648152],[37.60557,55.648861],[37.605566,55.649061],[37.605558,55.649447],[37.605525,55.650641],[37.605513,55.651062],[37.605483,55.652921],[37.605483,55.652963],[37.605483,55.653076],[37.60548,55.653388],[37.605477,55.65347]],[[37.605477,55.65347],[37.605467,55.653731],[37.605444,55.654795],[37.605416,55.656301]],[[37.605416,55.656301],[37.605418,55.656357],[37.605435,55.656529],[37.605469,55.656618],[37.605481,55.656639],[37.605529,55.656727],[37.605642,55.65687]],[[37.605642,55.65687],[37.605801,55.657047],[37.605903,55.657132]],[[37.605903,55.657132],[37.607122,55.658154]],[[37.607122,55.658154],[37.6072,55.658195],[37.607269,55.658218],[37.607361,55.658234],[37.607464,55.658234],[37.607635,55.658195],[37.607881,55.658124]],[[37.607881,55.658124],[37.607962,55.658117],[37.608028,55.65812],[37.608103,55.65813],[37.608181,55.658152],[37.608238,55.65818],[37.608551,55.658432]]]}},{"type":"Feature","properties":{"kind":"line","route":5,"name":"Метро «Рижская» - Белорусский вокзал","source":"osm","osm_relations":[7556406,15840810]},"geometry":{"type":"MultiLineString","coordinates":[[[37.583561,55.776383],[37.583335,55.776225],[37.583294,55.776191],[37.583268,55.776163],[37.583252,55.776129],[37.583247,55.776091],[37.583252,55.776045],[37.583265,55.776009],[37.583293,55.775976],[37.583327,55.775948],[37.583365,55.775925],[37.583431,55.775895],[37.583508,55.77587],[37.583606,55.775847],[37.583683,55.775832],[37.583775,55.775825],[37.583868,55.775826],[37.583961,55.775831],[37.584004,55.775837],[37.584053,55.775849],[37.58411,55.775867],[37.584122,55.775873],[37.584168,55.775894],[37.584739,55.776243],[37.584766,55.77626],[37.584793,55.776275],[37.584835,55.776293],[37.584849,55.776298],[37.584891,55.776314],[37.584908,55.776319],[37.584972,55.776339],[37.585041,55.776358]],[[37.585041,55.776358],[37.585139,55.776387],[37.585228,55.776416],[37.585321,55.776451],[37.585389,55.776478],[37.585453,55.776505],[37.585568,55.776566],[37.58567,55.776626],[37.585802,55.776708]],[[37.585802,55.776708],[37.586601,55.777202],[37.586665,55.777238],[37.58682,55.777337],[37.586843,55.777352],[37.586964,55.77743],[37.587641,55.77787],[37.587736,55.777932],[37.587869,55.778018],[37.588045,55.778132],[37.588162,55.778208]],[[37.588162,55.778208],[37.588234,55.778255],[37.588505,55.778431],[37.588757,55.778598],[37.589146,55.778856],[37.58948,55.779082]],[[37.58948,55.779082],[37.589718,55.77924],[37.589876,55.779334],[37.590028,55.779428],[37.590125,55.779486],[37.590713,55.779871],[37.590875,55.779977],[37.592373,55.780963],[37.592496,55.781044],[37.592635,55.781136],[37.592752,55.781217],[37.595798,55.783308],[37.596507,55.783795]],[[37.596507,55.783795],[37.596621,55.78388],[37.596736,55.783969],[37.596758,55.783986],[37.596809,55.784025],[37.596869,55.784071],[37.596986,55.784142],[37.597054,55.784162],[37.597103,55.78417],[37.597258,55.784195]],[[37.597258,55.784195],[37.597317,55.784205],[37.597703,55.784268],[37.597974,55.784312],[37.598419,55.784385],[37.599107,55.784497],[37.599502,55.784562],[37.599535,55.784568],[37.599932,55.784633],[37.600959,55.784803]],[[37.600959,55.784803],[37.601105,55.784828],[37.601222,55.784847],[37.601304,55.784865],[37.601346,55.784877],[37.601379,55.784888],[37.601452,55.784918],[37.601505,55.784948]],[[37.601505,55.784948],[37.60163,55.785044]],[[37.60163,55.785044],[37.601666,55.785089],[37.601687,55.785128],[37.601688,55.785131],[37.601698,55.785157],[37.601703,55.785184],[37.601703,55.785213]],[[37.601703,55.785213],[37.601702,55.785261],[37.601697,55.78529],[37.601681,55.78534],[37.601664,55.785393]],[[37.601664,55.785393],[37.601577,55.785629],[37.601567,55.785655],[37.601551,55.785699],[37.60136,55.786149],[37.601179,55.786575],[37.601121,55.786713],[37.601054,55.786863],[37.600855,55.787317],[37.600705,55.787699],[37.600693,55.787731],[37.600674,55.787783],[37.600632,55.787903],[37.600592,55.788028],[37.600537,55.788212],[37.60042,55.788605],[37.600399,55.788672],[37.600263,55.789127]],[[37.600263,55.789127],[37.600252,55.789166],[37.60025,55.789182],[37.600245,55.789226],[37.60027,55.789286],[37.600324,55.789338],[37.600399,55.789379],[37.600499,55.789408],[37.600606,55.789418]],[[37.600606,55.789418],[37.600823,55.789434],[37.601109,55.789455],[37.60199,55.789519],[37.602523,55.789558],[37.602572,55.789562],[37.603079,55.789599],[37.603948,55.789665],[37.604092,55.789674]],[[37.604092,55.789674],[37.604268,55.789688],[37.604677,55.789721],[37.604811,55.78973],[37.605035,55.789746],[37.605678,55.789792],[37.605832,55.7898],[37.606056,55.789819],[37.608808,55.790016],[37.609087,55.790036],[37.60939,55.790058],[37.609565,55.79007]],[[37.609565,55.79007],[37.609651,55.790062],[37.609738,55.790038],[37.609805,55.790003],[37.609851,55.789958],[37.609872,55.789908],[37.609873,55.78987]],[[37.609873,55.78987],[37.609891,55.78934],[37.609901,55.789],[37.609907,55.788827],[37.609915,55.788596],[37.609918,55.788498]],[[37.609918,55.788498],[37.609918,55.788493],[37.609919,55.78848],[37.609921,55.788469],[37.609921,55.788458],[37.609919,55.788447],[37.609915,55.788437],[37.60991,55.788426],[37.609903,55.788416]],[[37.609903,55.788416],[37.609903,55.788408],[37.609903,55.7884],[37.609905,55.788384],[37.60991,55.788368],[37.609916,55.788353],[37.609919,55.788349],[37.609926,55.788337],[37.609937,55.788323],[37.609946,55.788313],[37.60995,55.788309],[37.609966,55.788295],[37.609983,55.788283],[37.610002,55.788271],[37.610023,55.78826],[37.610045,55.78825],[37.610069,55.788241],[37.610078,55.788239],[37.610094,55.788234],[37.61012,55.788227],[37.610136,55.788224],[37.610147,55.788222],[37.610174,55.788218],[37.610202,55.788215],[37.61023,55.788214]],[[37.61023,55.788214],[37.610824,55.788236],[37.611533,55.788254],[37.61166,55.788259],[37.613449,55.788341],[37.613607,55.788347],[37.613774,55.788356],[37.614592,55.788397],[37.615586,55.788447],[37.615972,55.788467],[37.616448,55.788491],[37.616636,55.7885],[37.616931,55.788512],[37.618284,55.78857],[37.619095,55.788599],[37.619141,55.7886],[37.619779,55.788623],[37.620216,55.788639],[37.62032,55.788643],[37.620495,55.788648],[37.621807,55.788696],[37.62216,55.788709],[37.622349,55.788716],[37.622399,55.788717],[37.622462,55.788718],[37.6225,55.788719],[37.622649,55.788723],[37.623266,55.788739],[37.62372,55.788753],[37.624277,55.788769],[37.624379,55.788772],[37.624553,55.788775],[37.624624,55.788777],[37.625354,55.788793],[37.625361,55.788793],[37.625605,55.7888],[37.626497,55.788823],[37.626565,55.788825],[37.626921,55.788832],[37.627134,55.788837],[37.628089,55.788862],[37.628434,55.788871],[37.628533,55.788874],[37.628873,55.788884],[37.628948,55.788888],[37.629061,55.7889],[37.629188,55.788918],[37.629403,55.788962],[37.62941,55.788964],[37.630052,55.789154],[37.632112,55.789774],[37.63225,55.789815],[37.633151,55.790058],[37.633214,55.790079],[37.633262,55.790098],[37.633273,55.790103],[37.633342,55.790144],[37.633391,55.790188],[37.63343,55.790226],[37.633434,55.790234],[37.633461,55.790276],[37.633467,55.790287],[37.633481,55.790325],[37.633482,55.790407],[37.633401,55.790897],[37.633381,55.791018],[37.633318,55.791395],[37.633314,55.791456],[37.633332,55.79153],[37.633358,55.791622],[37.633368,55.791655],[37.633513,55.792173],[37.633537,55.792252],[37.633581,55.7923],[37.633648,55.792333],[37.633765,55.792363],[37.633912,55.792393],[37.633975,55.792424],[37.634042,55.792485],[37.634059,55.792546],[37.634045,55.792704]],[[37.634045,55.792704],[37.634022,55.792941],[37.63401,55.79299],[37.63398,55.793032],[37.633926,55.793071],[37.633849,55.793101],[37.63377,55.79312],[37.633691,55.793127],[37.633566,55.793123],[37.633487,55.793111],[37.633412,55.793086],[37.633353,55.793053],[37.633316,55.793017],[37.633289,55.792975],[37.633286,55.792928],[37.633409,55.792084],[37.633408,55.792035],[37.633403,55.79199],[37.633384,55.791913],[37.633308,55.791658],[37.633295,55.791618],[37.633266,55.791522],[37.63327,55.791413],[37.63333,55.791016],[37.633427,55.790377],[37.633417,55.790343],[37.633411,55.790321],[37.633387,55.790273],[37.633381,55.790262],[37.633323,55.790199],[37.633294,55.790172],[37.633247,55.790141],[37.633181,55.790114],[37.633107,55.790092],[37.632513,55.789931],[37.63225,55.78986],[37.632115,55.789822],[37.632075,55.78981],[37.631146,55.789527],[37.630984,55.789477],[37.62977,55.789104],[37.6294,55.78899],[37.629388,55.788988],[37.62919,55.788947],[37.629185,55.788946],[37.629051,55.788926],[37.628945,55.788915],[37.62887,55.788911],[37.628531,55.788901],[37.626919,55.788859],[37.626563,55.788852],[37.626495,55.78885],[37.625604,55.788827],[37.62556,55.788826],[37.62536,55.78882],[37.624601,55.788804],[37.624275,55.788796],[37.623715,55.78878],[37.623062,55.788762],[37.622647,55.78875],[37.6225,55.788746],[37.622458,55.788745],[37.622396,55.788744],[37.622351,55.788743],[37.622159,55.788736],[37.620324,55.788669],[37.620213,55.788666],[37.619091,55.788625],[37.618281,55.788596],[37.617339,55.788557],[37.616928,55.788539],[37.616633,55.788527],[37.616446,55.788518],[37.615757,55.788483],[37.614005,55.788394],[37.613771,55.788382],[37.613604,55.788374],[37.613446,55.788368],[37.612443,55.788322],[37.612296,55.788315],[37.611658,55.788286],[37.611533,55.788281],[37.610823,55.788263],[37.610224,55.788241]],[[37.610224,55.788241],[37.610195,55.788245],[37.610168,55.78825],[37.610141,55.788256],[37.610115,55.788264],[37.610091,55.788272],[37.610068,55.788282],[37.610046,55.788293],[37.610026,55.788305],[37.610008,55.788318],[37.609992,55.788332],[37.609979,55.788346],[37.609967,55.788362],[37.609958,55.788377],[37.609951,55.788393],[37.609946,55.788409]],[[37.609946,55.788409],[37.609954,55.78842],[37.609961,55.788431],[37.609965,55.788443],[37.609968,55.788455],[37.609968,55.788467],[37.609967,55.788478],[37.609967,55.788481],[37.609964,55.78849]],[[37.609964,55.78849],[37.609963,55.788547],[37.60995,55.788944],[37.609944,55.789142],[37.609922,55.789865]],[[37.609922,55.789865],[37.60992,55.78991],[37.609913,55.789964],[37.609894,55.789992],[37.609877,55.790015],[37.609816,55.790056],[37.609734,55.790086],[37.609647,55.790098],[37.609545,55.790096]],[[37.609545,55.790096],[37.609314,55.790079],[37.608535,55.790021],[37.608176,55.789996],[37.607798,55.789969],[37.607621,55.789956],[37.607255,55.78993],[37.606843,55.789901],[37.606227,55.789857],[37.60605,55.789845],[37.604671,55.789747],[37.604507,55.789734],[37.60427,55.789715],[37.604095,55.789701]],[[37.604095,55.789701],[37.603943,55.789692],[37.603118,55.789629],[37.60295,55.789617],[37.601728,55.789527],[37.601103,55.789482],[37.600598,55.789445]],[[37.600598,55.789445],[37.600476,55.789437],[37.600397,55.789416],[37.600384,55.789413],[37.600364,55.789408],[37.600274,55.789361],[37.600214,55.789301],[37.600203,55.789269],[37.60019,55.789233],[37.600201,55.789176],[37.600203,55.789164],[37.600216,55.789122]],[[37.600216,55.789122],[37.600352,55.788668],[37.600372,55.7886],[37.600545,55.788023],[37.600585,55.787899],[37.600617,55.7878],[37.600646,55.787726],[37.600808,55.787311],[37.600824,55.787276],[37.601055,55.78675],[37.601073,55.786708],[37.601132,55.786569],[37.601612,55.785387]],[[37.601612,55.785387],[37.60163,55.785338],[37.601644,55.785287],[37.60165,55.785258],[37.601651,55.785239],[37.601651,55.785213],[37.601651,55.785187],[37.601646,55.785162],[37.601636,55.785135],[37.601614,55.785099],[37.601586,55.785063]],[[37.601586,55.785063],[37.601464,55.78497]],[[37.601464,55.78497],[37.601415,55.784941],[37.601349,55.784913],[37.601282,55.784893],[37.601208,55.784878],[37.600945,55.784834]],[[37.600945,55.784834],[37.600855,55.784818],[37.600381,55.78474],[37.59899,55.784514],[37.598496,55.784432],[37.598266,55.784391],[37.597953,55.784336],[37.597278,55.784226],[37.59724,55.78422]],[[37.59724,55.78422],[37.597083,55.784194],[37.597035,55.784185],[37.596964,55.784164],[37.59685,55.784091],[37.596749,55.784019],[37.596713,55.783994],[37.5967,55.783984],[37.5966,55.783899],[37.596472,55.783813]],[[37.596472,55.783813],[37.596217,55.783633],[37.595766,55.783324],[37.592718,55.781237],[37.592607,55.78116],[37.592461,55.781062],[37.592106,55.780823],[37.590841,55.779993],[37.590679,55.779887],[37.590092,55.779503],[37.590005,55.779447],[37.589847,55.779348],[37.589423,55.779078]],[[37.589423,55.779078],[37.589298,55.778996],[37.58927,55.778979],[37.588912,55.778744],[37.588454,55.778447],[37.588191,55.778276],[37.58812,55.778229]],[[37.58812,55.778229],[37.588004,55.778154],[37.587825,55.778037],[37.587695,55.777953],[37.587599,55.77789],[37.586925,55.777452],[37.586805,55.777374],[37.586782,55.777359],[37.586626,55.77726],[37.586252,55.777031],[37.585755,55.776723]],[[37.585755,55.776723],[37.585635,55.776647],[37.585538,55.776582],[37.585425,55.776519],[37.585365,55.776493],[37.585298,55.776467],[37.5852,55.776432],[37.585102,55.776402],[37.585008,55.776375]],[[37.585008,55.776375],[37.584971,55.776366],[37.584925,55.776357],[37.584898,55.776352],[37.58488,55.776349],[37.584832,55.776345],[37.5848,55.776345],[37.584767,55.776346],[37.584724,55.776354],[37.584687,55.776365],[37.584652,55.776379],[37.584618,55.776393],[37.584585,55.776409],[37.584283,55.776565],[37.584237,55.776583],[37.584187,55.776596],[37.584165,55.7766],[37.584145,55.776604],[37.584095,55.77661],[37.584047,55.776612],[37.583996,55.776609],[37.583944,55.776601],[37.583889,55.776587],[37.58384,55.776567],[37.583798,55.776543],[37.583561,55.776383]]]}},{"type":"Feature","properties":{"kind":"line","route":7,"name":"Метро «Бульвар Рокоссовского» - Белорусский вокзал","source":"osm","osm_relations":[556900,3299879]},"geometry":{"type":"MultiLineString","coordinates":[[[37.583561,55.776383],[37.583335,55.776225],[37.583294,55.776191],[37.583268,55.776163],[37.583252,55.776129],[37.583247,55.776091],[37.583252,55.776045],[37.583265,55.776009],[37.583293,55.775976],[37.583327,55.775948],[37.583365,55.775925],[37.583431,55.775895],[37.583508,55.77587],[37.583606,55.775847],[37.583683,55.775832],[37.583775,55.775825],[37.583868,55.775826],[37.583961,55.775831],[37.584004,55.775837],[37.584053,55.775849],[37.58411,55.775867],[37.584122,55.775873],[37.584168,55.775894],[37.584739,55.776243],[37.584766,55.77626],[37.584793,55.776275],[37.584835,55.776293],[37.584849,55.776298],[37.584891,55.776314],[37.584908,55.776319],[37.584972,55.776339],[37.585041,55.776358]],[[37.585041,55.776358],[37.585139,55.776387],[37.585228,55.776416],[37.585321,55.776451],[37.585389,55.776478],[37.585453,55.776505],[37.585568,55.776566],[37.58567,55.776626],[37.585802,55.776708]],[[37.585802,55.776708],[37.586601,55.777202],[37.586665,55.777238],[37.58682,55.777337],[37.586843,55.777352],[37.586964,55.77743],[37.587641,55.77787],[37.587736,55.777932],[37.587869,55.778018],[37.588045,55.778132],[37.588162,55.778208]],[[37.588162,55.778208],[37.588234,55.778255],[37.588505,55.778431],[37.588757,55.778598],[37.589146,55.778856],[37.58948,55.779082]],[[37.58948,55.779082],[37.589718,55.77924],[37.589876,55.779334],[37.590028,55.779428],[37.590125,55.779486],[37.590713,55.779871],[37.590875,55.779977],[37.592373,55.780963],[37.592496,55.781044],[37.592635,55.781136],[37.592752,55.781217],[37.595798,55.783308],[37.596507,55.783795]],[[37.596507,55.783795],[37.596621,55.78388],[37.596736,55.783969],[37.596758,55.783986],[37.596809,55.784025],[37.596869,55.784071],[37.596986,55.784142],[37.597054,55.784162],[37.597103,55.78417],[37.597258,55.784195]],[[37.597258,55.784195],[37.597317,55.784205],[37.597703,55.784268],[37.597974,55.784312],[37.598419,55.784385],[37.599107,55.784497],[37.599502,55.784562],[37.599535,55.784568],[37.599932,55.784633],[37.600959,55.784803]],[[37.600959,55.784803],[37.601105,55.784828],[37.601222,55.784847],[37.601304,55.784865],[37.601346,55.784877],[37.601379,55.784888],[37.601452,55.784918],[37.601505,55.784948]],[[37.601505,55.784948],[37.60163,55.785044]],[[37.60163,55.785044],[37.601671,55.785073],[37.60172,55.785103],[37.601766,55.785123],[37.601808,55.785136],[37.601872,55.785153],[37.601895,55.785157],[37.601952,55.785166],[37.602101,55.785181],[37.60223,55.78519]],[[37.60223,55.78519],[37.602721,55.785225],[37.602862,55.785236],[37.603584,55.785285]],[[37.603584,55.785285],[37.60373,55.785293],[37.603912,55.785303]],[[37.603912,55.785303],[37.604125,55.785313]],[[37.604125,55.785313],[37.604339,55.785322],[37.604432,55.785322],[37.604517,55.785315],[37.60458,55.7853],[37.604667,55.78528],[37.604696,55.785267],[37.60474,55.785247],[37.60476,55.785238],[37.604804,55.785217]],[[37.604804,55.785217],[37.605224,55.785015],[37.605501,55.784883],[37.605541,55.784864],[37.605641,55.784816],[37.605661,55.784806],[37.605705,55.78479]],[[37.605705,55.78479],[37.60618,55.784596]],[[37.60618,55.784596],[37.606242,55.784572],[37.60635,55.784535],[37.606785,55.784381],[37.60691,55.784338],[37.607033,55.784295]],[[37.607033,55.784295],[37.60709,55.784275],[37.607255,55.784217],[37.607845,55.784014],[37.608043,55.783947],[37.608278,55.783865],[37.608722,55.783711],[37.608882,55.783655],[37.609314,55.783505],[37.609727,55.783373],[37.610062,55.783271],[37.610444,55.783144],[37.610732,55.783048]],[[37.610732,55.783048],[37.610768,55.783036],[37.610878,55.782999],[37.61093,55.782975],[37.610964,55.782948],[37.610976,55.782936],[37.610987,55.78291],[37.610992,55.782874],[37.61096,55.78283],[37.610911,55.782784],[37.61088,55.782755]],[[37.61088,55.782755],[37.610498,55.782401],[37.609977,55.781913],[37.609915,55.78185],[37.609547,55.781503],[37.609191,55.781166],[37.60915,55.78113],[37.60908,55.781069],[37.609037,55.781031],[37.608959,55.780963]],[[37.608959,55.780963],[37.60881,55.780831],[37.608808,55.78083],[37.608794,55.780808],[37.608786,55.780773],[37.608789,55.780745],[37.608792,55.780714],[37.608825,55.780672],[37.608859,55.780634],[37.608902,55.780585]],[[37.608902,55.780585],[37.609007,55.780513],[37.609268,55.780376],[37.609308,55.78036],[37.609355,55.780343],[37.609646,55.780268],[37.609766,55.780243]],[[37.609766,55.780243],[37.610146,55.780161],[37.610357,55.780119],[37.611051,55.779978],[37.611714,55.779853],[37.6119,55.779818],[37.612038,55.779793]],[[37.612038,55.779793],[37.612227,55.779758],[37.612297,55.779746],[37.612324,55.779738],[37.61236,55.779728],[37.612424,55.779707],[37.612673,55.779609],[37.612735,55.779572]],[[37.612735,55.779572],[37.612856,55.779501],[37.613155,55.779343]],[[37.613155,55.779343],[37.613248,55.779293],[37.613319,55.779261],[37.613443,55.779205],[37.61345,55.779202],[37.613598,55.779157],[37.613634,55.779146],[37.614024,55.779057],[37.61418,55.779029]],[[37.61418,55.779029],[37.615037,55.778872],[37.616205,55.778658],[37.616284,55.778643],[37.616295,55.778641],[37.616987,55.778521]],[[37.616987,55.778521],[37.617291,55.778468],[37.617333,55.778461],[37.617382,55.778455],[37.617428,55.778451],[37.617476,55.778448],[37.617485,55.778448],[37.617523,55.778449],[37.617568,55.778451],[37.617615,55.778454],[37.617657,55.778458]],[[37.617657,55.778458],[37.617795,55.778473],[37.617994,55.778495],[37.618078,55.778504]],[[37.618078,55.778504],[37.618201,55.778517],[37.618255,55.778525],[37.618305,55.778535],[37.618355,55.778548],[37.618394,55.778559],[37.618438,55.778575],[37.618478,55.778592],[37.618521,55.778614],[37.618551,55.778631],[37.618619,55.778679]],[[37.618619,55.778679],[37.619267,55.779133],[37.619743,55.779468],[37.620127,55.779737]],[[37.620127,55.779737],[37.620206,55.779793],[37.620244,55.779818],[37.620281,55.779838],[37.620313,55.779854],[37.620352,55.779868],[37.62036,55.77987],[37.620394,55.779879],[37.62044,55.779888],[37.620493,55.779895],[37.620543,55.779898],[37.62059,55.779896],[37.620638,55.77989],[37.620655,55.779887],[37.620685,55.77988],[37.62073,55.779867],[37.620813,55.779834]],[[37.620813,55.779834],[37.621206,55.77968],[37.621343,55.779627],[37.621411,55.7796]],[[37.621411,55.7796],[37.621548,55.779547],[37.621638,55.779515],[37.621755,55.779473],[37.621866,55.779437]],[[37.621866,55.779437],[37.622127,55.779353],[37.622307,55.779297],[37.622384,55.779273]],[[37.622384,55.779273],[37.62246,55.779249],[37.622612,55.779198],[37.622674,55.779178],[37.622777,55.779144],[37.623293,55.77904],[37.62361,55.778973],[37.623723,55.778951]],[[37.623723,55.778951],[37.624007,55.778897],[37.624309,55.778838],[37.624697,55.778763],[37.625548,55.778597],[37.625978,55.778513]],[[37.625978,55.778513],[37.626148,55.77848],[37.626656,55.778382],[37.626924,55.778349],[37.627192,55.778325],[37.627438,55.778308]],[[37.627438,55.778308],[37.627811,55.778302],[37.628097,55.778304],[37.628228,55.778306]],[[37.628228,55.778306],[37.628768,55.77831],[37.629038,55.778312],[37.629139,55.778315],[37.629198,55.778313]],[[37.629198,55.778313],[37.629579,55.778313],[37.62981,55.778313],[37.630198,55.778314]],[[37.630198,55.778314],[37.630372,55.778315],[37.630453,55.778319],[37.630498,55.778321],[37.63055,55.778328],[37.630607,55.778344],[37.630684,55.778381],[37.630715,55.778415],[37.63073,55.778453],[37.630742,55.778504],[37.630755,55.778573]],[[37.630755,55.778573],[37.630778,55.778706],[37.630905,55.779295]],[[37.630905,55.779295],[37.630955,55.779524],[37.631008,55.779709]],[[37.631008,55.779709],[37.631028,55.779778],[37.631071,55.779928],[37.63115,55.780178],[37.631211,55.780374],[37.63123,55.780432]],[[37.63123,55.780432],[37.63129,55.780567],[37.631305,55.780595],[37.631324,55.780622],[37.631357,55.780652],[37.631393,55.780672],[37.631426,55.780688],[37.631479,55.78071],[37.631564,55.780727],[37.631669,55.780739],[37.631757,55.780736],[37.631818,55.780728],[37.631968,55.780694]],[[37.631968,55.780694],[37.632375,55.780614],[37.63258,55.780573],[37.632663,55.780556],[37.632764,55.780541],[37.632906,55.780524],[37.632979,55.780521]],[[37.632979,55.780521],[37.633134,55.780513],[37.633349,55.780504],[37.633562,55.780494],[37.633809,55.780467]],[[37.633809,55.780467],[37.634028,55.780444],[37.634384,55.780406],[37.634589,55.780384],[37.635491,55.78029],[37.636094,55.780226],[37.636662,55.780166],[37.637306,55.780097],[37.637735,55.780053],[37.637883,55.780038],[37.638649,55.779958],[37.639392,55.779881],[37.63998,55.77982],[37.640142,55.779803],[37.64101,55.779716]],[[37.64101,55.779716],[37.64113,55.779704],[37.641281,55.77969],[37.641378,55.779683],[37.641477,55.779681],[37.641594,55.779682]],[[37.641594,55.779682],[37.642043,55.779685],[37.642573,55.779688]],[[37.642573,55.779688],[37.642768,55.779689],[37.643203,55.779692],[37.643674,55.779697]],[[37.643674,55.779697],[37.643852,55.7797],[37.643881,55.779703],[37.644297,55.779726],[37.644647,55.779756],[37.644718,55.779755],[37.644787,55.779745],[37.644853,55.779725],[37.644975,55.779655],[37.645109,55.779566]],[[37.645109,55.779566],[37.645425,55.779353],[37.646203,55.778839],[37.646819,55.778416],[37.647456,55.778005],[37.648282,55.777464]],[[37.648282,55.777464],[37.648399,55.777344],[37.648534,55.777185]],[[37.648534,55.777185],[37.648877,55.776783],[37.648938,55.776709]],[[37.648938,55.776709],[37.648984,55.776653],[37.649116,55.77653],[37.649268,55.776428]],[[37.649268,55.776428],[37.649467,55.776316]],[[37.649467,55.776316],[37.649943,55.776035],[37.64999,55.776005],[37.650312,55.775798]],[[37.650312,55.775798],[37.650931,55.775398]],[[37.650931,55.775398],[37.65155,55.774998],[37.651572,55.774984],[37.65169,55.774915],[37.651949,55.774752]],[[37.651949,55.774752],[37.652022,55.774708],[37.652082,55.774664],[37.65215,55.774626],[37.652245,55.774581]],[[37.652245,55.774581],[37.65237,55.77454],[37.65243,55.774521],[37.652463,55.774512],[37.652505,55.774506],[37.65256,55.774503],[37.652599,55.774502],[37.65264,55.774502],[37.652679,55.774507],[37.652706,55.774513],[37.652764,55.774526]],[[37.652764,55.774526],[37.653156,55.774632],[37.653471,55.774717],[37.653541,55.774738],[37.653574,55.774747],[37.653597,55.774755],[37.653635,55.774767],[37.653674,55.774783],[37.653753,55.774816],[37.65415,55.774972],[37.654246,55.775007],[37.654327,55.775033],[37.654429,55.775059],[37.654532,55.77508]],[[37.654532,55.77508],[37.655516,55.775277],[37.655963,55.775365],[37.656326,55.775437]],[[37.656326,55.775437],[37.656694,55.775519],[37.656815,55.775549],[37.656926,55.775583],[37.657029,55.775617],[37.657182,55.775668]],[[37.657182,55.775668],[37.658048,55.775953]],[[37.658048,55.775953],[37.658174,55.775994],[37.658224,55.776012],[37.658265,55.776027],[37.658575,55.776135],[37.658635,55.776161],[37.658842,55.776249]],[[37.658842,55.776249],[37.659166,55.77639],[37.660574,55.777042],[37.662651,55.77799],[37.662973,55.778139]],[[37.662973,55.778139],[37.663188,55.77824],[37.663799,55.7785],[37.664054,55.778602]],[[37.664054,55.778602],[37.66466,55.778844],[37.665607,55.779227],[37.665788,55.779299],[37.665806,55.779307]],[[37.665806,55.779307],[37.665996,55.779382],[37.666193,55.779463]],[[37.666193,55.779463],[37.666361,55.779554],[37.666471,55.779604]],[[37.666471,55.779604],[37.66649,55.779614],[37.66883,55.780786]],[[37.66883,55.780786],[37.669499,55.781121],[37.670063,55.78143],[37.670259,55.781536],[37.670312,55.781567]],[[37.670312,55.781567],[37.67054,55.781701],[37.672774,55.782992],[37.672857,55.78304],[37.673282,55.783287]],[[37.673282,55.783287],[37.674492,55.783974],[37.674726,55.784113],[37.674878,55.784217],[37.675025,55.784337],[37.675146,55.784452],[37.675248,55.784569],[37.675396,55.784806],[37.675483,55.784959],[37.675523,55.785014],[37.675587,55.785102],[37.67578,55.785308],[37.675802,55.785327],[37.675874,55.785392],[37.675907,55.785421],[37.676296,55.785763]],[[37.676296,55.785763],[37.676428,55.785872],[37.676514,55.785937],[37.676728,55.786101],[37.679082,55.78791],[37.67973,55.788415],[37.679802,55.788467],[37.680089,55.788672],[37.680366,55.788887],[37.680481,55.788976]],[[37.680481,55.788976],[37.680655,55.789089],[37.68079,55.789164],[37.681007,55.789285],[37.681906,55.789662]],[[37.681906,55.789662],[37.682042,55.789711],[37.682086,55.789727],[37.682372,55.789829],[37.682466,55.789863]],[[37.682466,55.789863],[37.682493,55.789871],[37.686619,55.79145],[37.687024,55.791605]],[[37.687024,55.791605],[37.687084,55.791628],[37.687205,55.791674]],[[37.687205,55.791674],[37.687283,55.791704],[37.68739,55.791745],[37.687507,55.791789]],[[37.687507,55.791789],[37.691189,55.793234],[37.691327,55.793284]],[[37.691327,55.793284],[37.69162,55.79338],[37.691981,55.79346],[37.69234,55.793515]],[[37.69234,55.793515],[37.692919,55.793604],[37.693888,55.793751],[37.694753,55.793882],[37.695128,55.793938],[37.69698,55.7942],[37.698285,55.794363]],[[37.698285,55.794363],[37.698544,55.794396],[37.698713,55.794418],[37.699191,55.794474],[37.69947,55.794509],[37.700141,55.794589],[37.701282,55.794711]],[[37.701282,55.794711],[37.702966,55.794894]],[[37.702966,55.794894],[37.704628,55.795098]],[[37.704628,55.795098],[37.705484,55.795219],[37.705751,55.795218],[37.705993,55.795218]],[[37.705993,55.795218],[37.706127,55.795217],[37.707165,55.795207],[37.707963,55.795203],[37.708362,55.795199],[37.708683,55.795196],[37.708864,55.795195],[37.709606,55.795186]],[[37.709606,55.795186],[37.709961,55.795181],[37.710038,55.79518],[37.710332,55.795186],[37.710432,55.795189],[37.710586,55.795192],[37.710809,55.795203],[37.710963,55.795214],[37.711241,55.795242],[37.711404,55.795264],[37.711831,55.795339]],[[37.711831,55.795339],[37.713671,55.795705]],[[37.713671,55.795705],[37.71389,55.795747],[37.713967,55.795761]],[[37.713967,55.795761],[37.714051,55.795782],[37.714131,55.795803],[37.714195,55.795827],[37.714221,55.795842],[37.714272,55.795865],[37.714303,55.795889],[37.714326,55.795906],[37.714347,55.79593],[37.714367,55.795951],[37.714377,55.795968],[37.714396,55.796],[37.71441,55.79605],[37.714411,55.796101]],[[37.714411,55.796101],[37.714397,55.796249],[37.71439,55.796325],[37.71438,55.796421],[37.714363,55.796614],[37.714357,55.796683],[37.714359,55.796739],[37.714365,55.796783],[37.714381,55.796829],[37.71441,55.796876],[37.71445,55.796922],[37.714509,55.79697],[37.714729,55.79712],[37.714799,55.797175],[37.714846,55.797224],[37.714886,55.797273],[37.714912,55.797323],[37.714923,55.797365],[37.71492,55.797412],[37.714908,55.797462],[37.714884,55.797513],[37.714841,55.797574],[37.714717,55.797721]],[[37.714717,55.797721],[37.714417,55.79808],[37.713524,55.799177],[37.713517,55.799186],[37.713119,55.799657],[37.713023,55.799779],[37.712877,55.799965]],[[37.712877,55.799965],[37.71269,55.800189],[37.712432,55.800516],[37.712241,55.800724],[37.711896,55.800981],[37.711588,55.801175]],[[37.711588,55.801175],[37.711353,55.801322],[37.711283,55.801366],[37.711258,55.801381],[37.711168,55.801435]],[[37.711168,55.801435],[37.710854,55.801625],[37.710338,55.801941]],[[37.710338,55.801941],[37.709243,55.80261],[37.708917,55.802812],[37.708769,55.802904],[37.708113,55.803326]],[[37.708113,55.803326],[37.707966,55.803424],[37.707813,55.803542],[37.707658,55.803705],[37.707592,55.803809],[37.707555,55.80391]],[[37.707555,55.80391],[37.707468,55.80413],[37.707442,55.804196],[37.707298,55.804567],[37.707251,55.804698],[37.707196,55.80485],[37.707163,55.804953],[37.706955,55.805515],[37.706427,55.806848]],[[37.706427,55.806848],[37.706356,55.807006],[37.706211,55.80733],[37.706066,55.807664],[37.706029,55.807772]],[[37.706029,55.807772],[37.70601,55.80783],[37.705849,55.808298],[37.705781,55.808514]],[[37.705781,55.808514],[37.705752,55.808611],[37.705734,55.808671],[37.705655,55.808788],[37.705408,55.80897]],[[37.705408,55.80897],[37.705271,55.809063],[37.704993,55.809245],[37.704372,55.809641],[37.703934,55.809907]],[[37.703934,55.809907],[37.70349,55.810184],[37.703246,55.81033],[37.703066,55.810435],[37.703029,55.810455],[37.702704,55.810631],[37.70241,55.810764],[37.701993,55.810938],[37.701388,55.81117],[37.701136,55.811254]],[[37.701136,55.811254],[37.700364,55.811513],[37.700122,55.811599],[37.699754,55.811728],[37.699358,55.811867],[37.698905,55.812027],[37.698035,55.81235]],[[37.698035,55.81235],[37.697888,55.812405],[37.697855,55.812417],[37.697573,55.812535],[37.697426,55.812604],[37.697215,55.81272],[37.696925,55.812912],[37.696834,55.812987]],[[37.696834,55.812987],[37.695813,55.813828],[37.695749,55.813881],[37.695685,55.813935]],[[37.695685,55.813935],[37.69554,55.814056],[37.695305,55.814258],[37.69522,55.814332]],[[37.69522,55.814332],[37.695159,55.814403],[37.695143,55.814462],[37.695187,55.814529],[37.695262,55.814586],[37.695316,55.814628]],[[37.695316,55.814628],[37.696049,55.815051],[37.696409,55.815265]],[[37.696409,55.815265],[37.696769,55.815479],[37.697278,55.815652]],[[37.697278,55.815652],[37.697685,55.815771],[37.697729,55.815784],[37.697746,55.815789],[37.698449,55.815962]],[[37.698449,55.815962],[37.698747,55.816036],[37.698758,55.816039],[37.699062,55.816133]],[[37.699062,55.816133],[37.699619,55.816305],[37.699751,55.816345],[37.700611,55.81664],[37.700886,55.816742],[37.700903,55.816748]],[[37.700903,55.816748],[37.701004,55.816837]],[[37.701004,55.816837],[37.70118,55.816992],[37.701262,55.817067],[37.701275,55.817079],[37.701617,55.817398],[37.701856,55.817518],[37.701875,55.817528],[37.702149,55.817664],[37.70216,55.817671]],[[37.70216,55.817671],[37.702875,55.818065],[37.702884,55.818071],[37.703244,55.818269]],[[37.703244,55.818269],[37.703442,55.818378],[37.703663,55.818483],[37.703877,55.818584],[37.704032,55.818628],[37.704608,55.818794],[37.704944,55.818857]],[[37.704944,55.818857],[37.705146,55.818895],[37.705188,55.818903],[37.705294,55.818922],[37.706147,55.819082]],[[37.706147,55.819082],[37.706378,55.819126],[37.706786,55.819193]],[[37.706786,55.819193],[37.70693,55.819218],[37.708135,55.819411],[37.70952,55.819633],[37.709845,55.819685]],[[37.709845,55.819685],[37.709958,55.819704],[37.710193,55.819743],[37.710403,55.819779],[37.710495,55.819792]],[[37.710495,55.819792],[37.710943,55.819854]],[[37.710943,55.819854],[37.711067,55.819871],[37.711164,55.819882],[37.711273,55.819885],[37.711305,55.819883],[37.711382,55.819878],[37.711485,55.81986],[37.711618,55.819829]],[[37.711618,55.819829],[37.71268,55.819582]],[[37.71268,55.819582],[37.713124,55.819478],[37.713189,55.819458],[37.713264,55.819435],[37.713312,55.81942],[37.714112,55.819172],[37.714238,55.819138],[37.714524,55.819013]],[[37.714524,55.819013],[37.714589,55.818984],[37.715476,55.818593],[37.715667,55.818511],[37.715687,55.818502],[37.715844,55.818433],[37.715976,55.818375],[37.716213,55.818274],[37.717435,55.817754],[37.718793,55.817175]],[[37.718793,55.817175],[37.718942,55.817112],[37.719005,55.817091],[37.719073,55.817076],[37.719145,55.817067],[37.719219,55.817065],[37.719292,55.817069],[37.719363,55.81708],[37.71943,55.817098],[37.71949,55.817121],[37.719568,55.817172]],[[37.719568,55.817172],[37.720749,55.817946],[37.721019,55.818121]],[[37.721019,55.818121],[37.721151,55.818212],[37.721167,55.818224],[37.721254,55.818252],[37.721348,55.818272],[37.721363,55.818274],[37.721446,55.818284],[37.721547,55.818287],[37.721647,55.818281],[37.721744,55.818266],[37.722127,55.818165]],[[37.722127,55.818165],[37.722795,55.81798],[37.723727,55.817717],[37.725986,55.817088],[37.726293,55.817005],[37.726426,55.816966],[37.726541,55.816934],[37.72941,55.81615],[37.731316,55.815616],[37.732,55.815424]],[[37.732,55.815424],[37.732321,55.815325],[37.732342,55.815319]],[[37.732342,55.815319],[37.732441,55.815261],[37.732848,55.81502]],[[37.732848,55.81502],[37.732956,55.814982],[37.733823,55.814501],[37.734243,55.814266]],[[37.732708,55.815243],[37.732503,55.815308],[37.732358,55.815351],[37.732024,55.815449]],[[37.732024,55.815449],[37.73134,55.815641],[37.729461,55.816168],[37.726653,55.816937],[37.726581,55.816955],[37.726465,55.816987],[37.726328,55.817027],[37.726008,55.817114],[37.72375,55.817743],[37.722817,55.818007],[37.722147,55.818192]],[[37.722147,55.818192],[37.721753,55.818295],[37.721651,55.81831],[37.721546,55.818316],[37.721441,55.818313],[37.721352,55.818303],[37.721338,55.818301],[37.721239,55.818281],[37.721147,55.818252],[37.721119,55.818234],[37.720997,55.818152]],[[37.720997,55.818152],[37.720875,55.81807],[37.720713,55.817966],[37.71953,55.817191]],[[37.71953,55.817191],[37.719456,55.817143],[37.719417,55.817122],[37.719372,55.817105],[37.719323,55.817092],[37.719271,55.817084],[37.719217,55.817081],[37.719163,55.817082],[37.71911,55.817089],[37.71906,55.8171],[37.719013,55.817116],[37.718969,55.817135],[37.718829,55.817195]],[[37.718829,55.817195],[37.717463,55.817778],[37.716244,55.818297],[37.716008,55.818399],[37.715875,55.818456],[37.71572,55.818524],[37.715698,55.818534],[37.715261,55.818722],[37.714554,55.819036]],[[37.714554,55.819036],[37.71427,55.81916],[37.713337,55.819445],[37.713289,55.81946],[37.713274,55.819465],[37.713146,55.819504],[37.712947,55.819551],[37.712703,55.819609]],[[37.712703,55.819609],[37.711635,55.819862]],[[37.711635,55.819862],[37.711549,55.819882],[37.711463,55.819898],[37.711383,55.819909],[37.711302,55.819916],[37.711284,55.819916],[37.711221,55.819918],[37.711139,55.819913],[37.71106,55.819901],[37.710931,55.819883]],[[37.710931,55.819883],[37.710481,55.819819]],[[37.710481,55.819819],[37.710388,55.819806],[37.710283,55.819788],[37.710178,55.819771],[37.70983,55.819713]],[[37.70983,55.819713],[37.708259,55.819461],[37.706916,55.819245],[37.706765,55.81922]],[[37.706765,55.81922],[37.706359,55.819152],[37.706119,55.819108]],[[37.706119,55.819108],[37.705279,55.818953],[37.705131,55.818924],[37.704931,55.818886]],[[37.704931,55.818886],[37.704589,55.818821],[37.704004,55.818652],[37.703852,55.818608],[37.703409,55.8184],[37.703212,55.818291]],[[37.703212,55.818291],[37.702847,55.81809],[37.702125,55.817692],[37.70184,55.817547],[37.701791,55.817524],[37.701761,55.817509]],[[37.701761,55.817509],[37.701574,55.817415],[37.701288,55.817148]],[[37.701288,55.817148],[37.701255,55.817117],[37.701136,55.817006],[37.700866,55.81677],[37.700817,55.816752],[37.700578,55.816664]],[[37.700578,55.816664],[37.699964,55.816453],[37.699707,55.816365],[37.699041,55.816158]],[[37.699041,55.816158],[37.698743,55.816065],[37.698436,55.815989]],[[37.698436,55.815989],[37.69772,55.815814],[37.697706,55.81581],[37.697662,55.815797],[37.697612,55.815782],[37.697253,55.815677]],[[37.697253,55.815677],[37.696738,55.815502],[37.696374,55.815286]],[[37.696374,55.815286],[37.696119,55.815136],[37.695342,55.814686],[37.695278,55.81465]],[[37.695278,55.81465],[37.695223,55.81461],[37.695143,55.81455],[37.695093,55.814489],[37.695071,55.814438],[37.695072,55.814416],[37.695088,55.814376],[37.695167,55.814307]],[[37.695167,55.814307],[37.695498,55.814039],[37.695645,55.813916]],[[37.695645,55.813916],[37.695663,55.813901],[37.695707,55.813865],[37.696061,55.813573],[37.696064,55.813571],[37.69628,55.813393],[37.696312,55.813367],[37.696799,55.812965]],[[37.696799,55.812965],[37.696885,55.812894],[37.697015,55.812808],[37.697178,55.812701],[37.697391,55.812582],[37.697635,55.812469],[37.697837,55.812389],[37.697857,55.812382],[37.698007,55.812326]],[[37.698007,55.812326],[37.698091,55.812295],[37.698175,55.812264],[37.698876,55.812004],[37.699726,55.811704],[37.700095,55.811574],[37.700292,55.811505],[37.700527,55.811426],[37.700957,55.811281],[37.701113,55.811229]],[[37.701113,55.811229],[37.701355,55.811147],[37.701864,55.810953],[37.701963,55.810914],[37.702379,55.810741],[37.702671,55.81061],[37.70303,55.810414],[37.70321,55.81031],[37.703453,55.810164],[37.703897,55.809887]],[[37.703897,55.809887],[37.704335,55.809621],[37.704462,55.80954],[37.704954,55.809226],[37.705232,55.809042],[37.705367,55.808953]],[[37.705367,55.808953],[37.70561,55.808774],[37.705685,55.808662],[37.705731,55.808508]],[[37.705731,55.808508],[37.70581,55.808257],[37.705979,55.807766]],[[37.705979,55.807766],[37.706016,55.807658],[37.706227,55.807164],[37.706377,55.806841]],[[37.706377,55.806841],[37.706497,55.806541],[37.706886,55.805557],[37.707079,55.805039],[37.707164,55.804788],[37.707201,55.804692],[37.707246,55.804567],[37.707392,55.80419],[37.707403,55.804161],[37.70742,55.804118],[37.707508,55.803901]],[[37.707508,55.803901],[37.707543,55.803803],[37.70761,55.803694],[37.707652,55.80365],[37.707769,55.803526],[37.707924,55.803408],[37.708066,55.80331]],[[37.708066,55.80331],[37.70823,55.803202],[37.708732,55.802884],[37.708878,55.802793],[37.709205,55.802591],[37.7103,55.801921]],[[37.7103,55.801921],[37.710809,55.80161],[37.710817,55.801605],[37.71113,55.801416]],[[37.71113,55.801416],[37.711246,55.801346],[37.71131,55.801307],[37.711552,55.801155]],[[37.711552,55.801155],[37.711857,55.800963],[37.712198,55.800709],[37.712268,55.800632],[37.712385,55.800503],[37.712581,55.800262],[37.71283,55.799953]],[[37.71283,55.799953],[37.712976,55.799768],[37.713072,55.799646],[37.713468,55.799168],[37.714371,55.798068],[37.714671,55.797709]],[[37.714671,55.797709],[37.714794,55.797562],[37.714835,55.797504],[37.714858,55.797456],[37.714869,55.79741],[37.714872,55.797367],[37.714862,55.797329],[37.714838,55.797283],[37.7148,55.797237],[37.714755,55.79719],[37.714688,55.797137],[37.714467,55.796987],[37.714405,55.796936],[37.71436,55.796882],[37.714332,55.796836],[37.714314,55.796787],[37.714308,55.79674],[37.714306,55.796683],[37.714312,55.796613],[37.71433,55.796414],[37.714339,55.796317]],[[37.714339,55.796317],[37.714345,55.79626],[37.71436,55.796099]],[[37.71436,55.796099],[37.714342,55.796042],[37.714308,55.795987],[37.714294,55.795972],[37.71426,55.795936],[37.714214,55.795902],[37.714199,55.79589],[37.714126,55.79585],[37.714043,55.795819],[37.713951,55.79579]],[[37.713951,55.79579],[37.713654,55.795735]],[[37.713654,55.795735],[37.711814,55.795367]],[[37.711814,55.795367],[37.711391,55.795292],[37.71123,55.79527],[37.710954,55.795243],[37.710803,55.795231],[37.710583,55.79522],[37.710429,55.795217],[37.71033,55.795214],[37.710037,55.795209],[37.709963,55.79521],[37.709152,55.795221]],[[37.709152,55.795221],[37.708864,55.795224],[37.708684,55.795225],[37.708363,55.795228],[37.707964,55.795232],[37.707165,55.795236],[37.706126,55.795246],[37.706004,55.795247]],[[37.706004,55.795247],[37.705748,55.795247],[37.705477,55.795248],[37.7046,55.795124]],[[37.7046,55.795124],[37.702939,55.79492]],[[37.702939,55.79492],[37.701273,55.794739]],[[37.701273,55.794739],[37.70013,55.794616],[37.699459,55.794537],[37.699178,55.794501],[37.698687,55.794445],[37.698531,55.794424],[37.698258,55.794392]],[[37.698258,55.794392],[37.697938,55.794354],[37.696971,55.794231],[37.695105,55.793979],[37.694713,55.793917],[37.693872,55.793784],[37.692901,55.793638],[37.692327,55.793547]],[[37.692327,55.793547],[37.691969,55.793491],[37.691608,55.793412],[37.691288,55.793312]],[[37.691288,55.793312],[37.690614,55.793058],[37.687961,55.791997],[37.687478,55.791813],[37.687451,55.791803]],[[37.687451,55.791803],[37.687255,55.791728],[37.687058,55.791652]],[[37.687058,55.791652],[37.686996,55.791629],[37.686527,55.791449],[37.682464,55.789895],[37.682437,55.789887]],[[37.682437,55.789887],[37.68235,55.789855],[37.682333,55.789849],[37.682081,55.78976],[37.682016,55.789737],[37.681997,55.789731],[37.681875,55.789685]],[[37.681875,55.789685],[37.680974,55.789307],[37.680752,55.789187],[37.680617,55.78911],[37.680455,55.789005]],[[37.680455,55.789005],[37.680346,55.788921],[37.680044,55.788685],[37.680038,55.788679],[37.679755,55.788482],[37.679689,55.788434],[37.679042,55.787939],[37.676686,55.786118],[37.676466,55.78595],[37.676417,55.785913],[37.676235,55.785763]],[[37.676235,55.785763],[37.675858,55.785439],[37.675823,55.785409],[37.675728,55.785319],[37.675533,55.78511],[37.675511,55.785079],[37.675475,55.785026],[37.675458,55.785002],[37.675434,55.784967],[37.675353,55.784814],[37.675211,55.784581],[37.675109,55.784463],[37.674996,55.78435],[37.674844,55.784231],[37.674692,55.784129],[37.674457,55.783989],[37.673248,55.783312]],[[37.673248,55.783312],[37.672812,55.783062],[37.672733,55.783016],[37.670273,55.781595]],[[37.670273,55.781595],[37.670216,55.781559],[37.670024,55.78145],[37.669447,55.781144],[37.668795,55.780814]],[[37.668795,55.780814],[37.666587,55.779697],[37.666455,55.779636],[37.666441,55.779627]],[[37.666441,55.779627],[37.666153,55.779486]],[[37.666153,55.779486],[37.665777,55.779329]],[[37.665777,55.779329],[37.66576,55.779321],[37.66462,55.778863],[37.664026,55.77863]],[[37.664026,55.77863],[37.663762,55.778526],[37.663159,55.778267],[37.662937,55.778163]],[[37.662937,55.778163],[37.662618,55.778014],[37.660545,55.777063],[37.659136,55.776411],[37.658813,55.776271]],[[37.658813,55.776271],[37.658615,55.776186],[37.658547,55.776157],[37.658234,55.776047],[37.658205,55.776037],[37.65815,55.776018],[37.658028,55.775977]],[[37.658028,55.775977],[37.657161,55.775692]],[[37.657161,55.775692],[37.657006,55.77564],[37.6569,55.775606],[37.656795,55.775573],[37.656676,55.775545],[37.656308,55.775462]],[[37.656308,55.775462],[37.655945,55.77539],[37.6555,55.775303],[37.655137,55.77523],[37.654532,55.775108]],[[37.654532,55.775108],[37.654411,55.775084]],[[37.654411,55.775084],[37.654036,55.775005],[37.653674,55.774916],[37.65354,55.774883],[37.653365,55.77484],[37.652774,55.774686],[37.652603,55.774641],[37.652491,55.774614],[37.652431,55.774613],[37.652371,55.774619],[37.652336,55.774625],[37.652308,55.774632],[37.652274,55.774644],[37.652222,55.774666],[37.652031,55.774746],[37.651611,55.775]],[[37.651611,55.775],[37.651588,55.775016],[37.650972,55.775419]],[[37.650972,55.775419],[37.650348,55.775828]],[[37.650348,55.775828],[37.650071,55.775998],[37.650026,55.776024],[37.649699,55.776213],[37.64942,55.776373],[37.649304,55.776446]],[[37.649304,55.776446],[37.649149,55.776546]],[[37.649149,55.776546],[37.649031,55.776666],[37.648977,55.776729]],[[37.648977,55.776729],[37.648922,55.776792],[37.648587,55.777194]],[[37.648587,55.777194],[37.648451,55.77736],[37.648324,55.777478]],[[37.648324,55.777478],[37.647485,55.778024],[37.646867,55.778439],[37.646497,55.77868],[37.646243,55.778858],[37.645187,55.779566]],[[37.645187,55.779566],[37.645018,55.779681],[37.644885,55.779754],[37.644833,55.779772],[37.64477,55.779785],[37.644659,55.779788],[37.644543,55.779783],[37.644287,55.779765],[37.64388,55.779742],[37.643675,55.779738]],[[37.643675,55.779738],[37.642577,55.779726]],[[37.642577,55.779726],[37.641593,55.779715]],[[37.641593,55.779715],[37.641479,55.779714],[37.641386,55.779716],[37.641296,55.779722],[37.641143,55.779736],[37.641013,55.779749]],[[37.641013,55.779749],[37.639758,55.779882],[37.639126,55.779946],[37.638838,55.779975],[37.637747,55.780089],[37.637072,55.780159],[37.635777,55.780293],[37.6355,55.780322],[37.634534,55.780425],[37.634082,55.780473],[37.633826,55.780499]],[[37.633826,55.780499],[37.63357,55.780525],[37.63355,55.780527]],[[37.63355,55.780527],[37.633361,55.780538],[37.633147,55.780553],[37.632988,55.780561]],[[37.632988,55.780561],[37.632921,55.780563],[37.632762,55.78058],[37.632604,55.780606],[37.632265,55.780676],[37.631994,55.780733]],[[37.631994,55.780733],[37.631842,55.780758],[37.631815,55.780762],[37.63176,55.780768],[37.631678,55.780769],[37.631555,55.780758],[37.63145,55.780734],[37.631413,55.780721],[37.631361,55.780699],[37.631311,55.780668],[37.631279,55.780641],[37.631251,55.780608],[37.631224,55.780571],[37.631195,55.780504],[37.631172,55.780434]],[[37.631172,55.780434],[37.631141,55.780344],[37.6311,55.780226],[37.63101,55.779934],[37.630937,55.779708]],[[37.630937,55.779708],[37.630889,55.779524],[37.630877,55.779471],[37.630836,55.779298]],[[37.630836,55.779298],[37.6308,55.779118],[37.630702,55.778638],[37.630688,55.778572]],[[37.630688,55.778572],[37.630674,55.778502],[37.630662,55.778454],[37.630651,55.778432],[37.630633,55.778412],[37.630604,55.77839],[37.630562,55.778372],[37.6305,55.778356],[37.630442,55.778348],[37.630367,55.778342],[37.630196,55.778342]],[[37.630196,55.778342],[37.629565,55.778342],[37.629197,55.778341],[37.629129,55.778342],[37.629028,55.778342],[37.628768,55.778339],[37.628213,55.778335]],[[37.628213,55.778335],[37.628101,55.778335],[37.627813,55.778334],[37.627439,55.778335]],[[37.627439,55.778335],[37.627198,55.778351],[37.626935,55.778375],[37.626673,55.778408],[37.626281,55.778475],[37.62616,55.7785],[37.625561,55.778619],[37.624711,55.778787],[37.624324,55.778863],[37.624024,55.778922],[37.623627,55.779],[37.623197,55.77909]],[[37.623197,55.77909],[37.623016,55.779127],[37.622802,55.779173],[37.622663,55.779214],[37.622635,55.779224],[37.62248,55.779271],[37.622416,55.779291]],[[37.622416,55.779291],[37.622326,55.779319],[37.622149,55.779375],[37.621888,55.779458]],[[37.621888,55.779458],[37.621777,55.779493],[37.621659,55.779536],[37.621573,55.779567],[37.621432,55.779622]],[[37.621432,55.779622],[37.621372,55.779646],[37.621232,55.7797],[37.620837,55.779854]],[[37.620837,55.779854],[37.620753,55.779887],[37.620703,55.779903],[37.620682,55.779907],[37.620652,55.779914],[37.620596,55.77992],[37.620543,55.779922],[37.620486,55.779919],[37.620428,55.779911],[37.620379,55.779902],[37.620331,55.77989],[37.620301,55.779879],[37.620286,55.779873],[37.620252,55.779857],[37.620212,55.779835],[37.620174,55.779809],[37.620094,55.779753]],[[37.620094,55.779753],[37.619713,55.779486],[37.619234,55.779149],[37.618585,55.778694]],[[37.618585,55.778694],[37.61852,55.778648],[37.61849,55.778631],[37.61845,55.778611],[37.618413,55.778595],[37.618373,55.77858],[37.618335,55.778569],[37.618289,55.778558],[37.618242,55.778548],[37.618192,55.778542],[37.618066,55.778528]],[[37.618066,55.778528],[37.617985,55.778519],[37.617786,55.778497],[37.617649,55.778483]],[[37.617649,55.778483],[37.617608,55.778478],[37.617563,55.778476],[37.617522,55.778473],[37.617478,55.778473],[37.617434,55.778475],[37.617392,55.778479],[37.617348,55.778484],[37.617303,55.778492],[37.617003,55.778544]],[[37.617003,55.778544],[37.616843,55.778572],[37.616583,55.778617],[37.61631,55.778665],[37.616219,55.778681],[37.615476,55.778818],[37.614668,55.778966],[37.614265,55.779039],[37.614194,55.779052]],[[37.614194,55.779052],[37.614037,55.779081],[37.61363,55.779199],[37.613546,55.779229],[37.613419,55.779275],[37.613376,55.779296],[37.613304,55.77933],[37.613223,55.779373]],[[37.613223,55.779373],[37.613141,55.779419],[37.613096,55.779444],[37.6128,55.779607]],[[37.6128,55.779607],[37.612754,55.779632],[37.612555,55.779719],[37.612533,55.779726],[37.612354,55.779784],[37.612255,55.779805],[37.61206,55.779845]],[[37.61206,55.779845],[37.611882,55.779882],[37.611435,55.779974],[37.61073,55.780114],[37.610395,55.780181],[37.610371,55.780186],[37.609803,55.780305]],[[37.609803,55.780305],[37.609681,55.78033],[37.609412,55.780394],[37.609336,55.780426],[37.609242,55.780476],[37.609091,55.780558],[37.609014,55.780608]],[[37.609014,55.780608],[37.608975,55.780636],[37.608908,55.780711],[37.608896,55.780737],[37.608896,55.780756],[37.608896,55.780777],[37.608925,55.780819],[37.608956,55.780846],[37.60898,55.780868],[37.609058,55.780942]],[[37.609058,55.780942],[37.609136,55.781015],[37.609167,55.781046],[37.609225,55.781102],[37.609615,55.781483],[37.610037,55.781892],[37.610555,55.782382],[37.610848,55.782657],[37.610939,55.782742]],[[37.610939,55.782742],[37.61103,55.782827],[37.61105,55.782851],[37.611058,55.782872],[37.611063,55.782893],[37.611064,55.782916],[37.611063,55.782931],[37.611053,55.782964],[37.611018,55.783],[37.610968,55.783031],[37.610812,55.78308],[37.610763,55.783094]],[[37.610763,55.783094],[37.610374,55.78321],[37.610091,55.783299],[37.609763,55.783409],[37.609358,55.78354],[37.608919,55.78369],[37.608758,55.783746],[37.608312,55.783898],[37.608076,55.78398],[37.607878,55.784047],[37.607288,55.78425],[37.607123,55.784306],[37.607066,55.784325]],[[37.607066,55.784325],[37.606774,55.784424],[37.606652,55.784469],[37.606644,55.784471]],[[37.606644,55.784471],[37.60639,55.784567],[37.60627,55.784611],[37.606252,55.784619]],[[37.606252,55.784619],[37.606186,55.784641],[37.606129,55.784661],[37.605907,55.784748],[37.605827,55.784784],[37.605747,55.784824]],[[37.605747,55.784824],[37.605584,55.784892],[37.605209,55.785064],[37.604931,55.785193],[37.604838,55.785237]],[[37.604838,55.785237],[37.604791,55.785259],[37.604727,55.785289],[37.604707,55.785298],[37.604657,55.785316],[37.604616,55.785326],[37.604519,55.785342],[37.604464,55.785349],[37.604382,55.785358],[37.604261,55.785352],[37.60412,55.785345]],[[37.60412,55.785345],[37.603902,55.785333]],[[37.603902,55.785333],[37.603722,55.785323],[37.60358,55.785316]],[[37.60358,55.785316],[37.602749,55.785259]],[[37.602749,55.785259],[37.60222,55.785221]],[[37.60222,55.785221],[37.602092,55.785212],[37.602015,55.785204],[37.601939,55.785196],[37.601887,55.785188],[37.601855,55.78518],[37.601782,55.785164],[37.601733,55.785148],[37.601687,55.785128],[37.601686,55.785127],[37.601633,55.785096],[37.601586,55.785063]],[[37.601586,55.785063],[37.601464,55.78497]],[[37.601464,55.78497],[37.601415,55.784941],[37.601349,55.784913],[37.601282,55.784893],[37.601208,55.784878],[37.600945,55.784834]],[[37.600945,55.784834],[37.600855,55.784818],[37.600381,55.78474],[37.59899,55.784514],[37.598496,55.784432],[37.598266,55.784391],[37.597953,55.784336],[37.597278,55.784226],[37.59724,55.78422]],[[37.59724,55.78422],[37.597083,55.784194],[37.597035,55.784185],[37.596964,55.784164],[37.59685,55.784091],[37.596749,55.784019],[37.596713,55.783994],[37.5967,55.783984],[37.5966,55.783899],[37.596472,55.783813]],[[37.596472,55.783813],[37.596217,55.783633],[37.595766,55.783324],[37.592718,55.781237],[37.592607,55.78116],[37.592461,55.781062],[37.592106,55.780823],[37.590841,55.779993],[37.590679,55.779887],[37.590092,55.779503],[37.590005,55.779447],[37.589847,55.779348],[37.589423,55.779078]],[[37.589423,55.779078],[37.589298,55.778996],[37.58927,55.778979],[37.588912,55.778744],[37.588454,55.778447],[37.588191,55.778276],[37.58812,55.778229]],[[37.58812,55.778229],[37.588004,55.778154],[37.587825,55.778037],[37.587695,55.777953],[37.587599,55.77789],[37.586925,55.777452],[37.586805,55.777374],[37.586782,55.777359],[37.586626,55.77726],[37.586252,55.777031],[37.585755,55.776723]],[[37.585755,55.776723],[37.585635,55.776647],[37.585538,55.776582],[37.585425,55.776519],[37.585365,55.776493],[37.585298,55.776467],[37.5852,55.776432],[37.585102,55.776402],[37.585008,55.776375]],[[37.585008,55.776375],[37.584971,55.776366],[37.584925,55.776357],[37.584898,55.776352],[37.58488,55.776349],[37.584832,55.776345],[37.5848,55.776345],[37.584767,55.776346],[37.584724,55.776354],[37.584687,55.776365],[37.584652,55.776379],[37.584618,55.776393],[37.584585,55.776409],[37.584283,55.776565],[37.584237,55.776583],[37.584187,55.776596],[37.584165,55.7766],[37.584145,55.776604],[37.584095,55.77661],[37.584047,55.776612],[37.583996,55.776609],[37.583944,55.776601],[37.583889,55.776587],[37.58384,55.776567],[37.583798,55.776543],[37.583561,55.776383]]]}},{"type":"Feature","properties":{"kind":"line","route":11,"name":"Усадьба Останкино - Восточное Измайлово","source":"osm","osm_relations":[918052,920053]},"geometry":{"type":"MultiLineString","coordinates":[[[37.615778,55.82359],[37.616102,55.823405],[37.616129,55.823371],[37.61615,55.823334],[37.616162,55.823294],[37.616164,55.823251],[37.616159,55.822992],[37.616161,55.822978],[37.616164,55.822963],[37.616168,55.82295],[37.616172,55.822936],[37.616178,55.822922],[37.616184,55.82291],[37.616194,55.822896],[37.616203,55.822882],[37.616214,55.822869],[37.616226,55.822855],[37.616238,55.822844],[37.61625,55.822833],[37.616268,55.822821],[37.616284,55.822811],[37.616303,55.822801],[37.616324,55.822792],[37.616346,55.822784],[37.616369,55.822777],[37.616389,55.822772],[37.616409,55.822767],[37.616429,55.822762],[37.616448,55.822758],[37.616468,55.822754],[37.61649,55.82275],[37.616511,55.822747],[37.616532,55.822745],[37.616572,55.822741],[37.616611,55.822739],[37.616758,55.82273]],[[37.616758,55.82273],[37.616911,55.822722],[37.618445,55.822646],[37.618799,55.822627]],[[37.618799,55.822627],[37.618831,55.822625],[37.61886,55.822622],[37.61889,55.822618],[37.618919,55.822613],[37.618947,55.822607],[37.618974,55.822598],[37.618998,55.822589],[37.619018,55.822578],[37.619036,55.822567],[37.619053,55.822555],[37.619065,55.822541],[37.619073,55.822527],[37.61908,55.822512],[37.619087,55.822495],[37.619092,55.822479],[37.619096,55.822462],[37.619098,55.822443],[37.6191,55.822424],[37.619102,55.822405],[37.619103,55.822386],[37.619111,55.82213],[37.619112,55.822116],[37.619112,55.822101],[37.619114,55.822086],[37.619117,55.82207],[37.619123,55.822055],[37.619129,55.822038],[37.619137,55.822022],[37.619148,55.822005],[37.619164,55.82199],[37.619182,55.821976],[37.619199,55.821963],[37.61922,55.82195],[37.619238,55.821939],[37.619258,55.821928],[37.619279,55.821917],[37.619301,55.821908],[37.619329,55.821898],[37.619355,55.821891],[37.619382,55.821884],[37.619414,55.821878],[37.619444,55.821873],[37.619474,55.82187],[37.619504,55.821867],[37.619533,55.821865],[37.619562,55.821863],[37.61959,55.821862]],[[37.61959,55.821862],[37.619641,55.821861],[37.619721,55.82186],[37.61996,55.82186],[37.621339,55.82186],[37.621649,55.821858],[37.622575,55.821853],[37.623231,55.82185],[37.624877,55.821838],[37.625132,55.821836],[37.625742,55.821836],[37.628137,55.821823],[37.628395,55.821822],[37.628617,55.821821],[37.629317,55.821818]],[[37.629317,55.821818],[37.629756,55.821874]],[[37.629756,55.821874],[37.630843,55.822084]],[[37.630843,55.822084],[37.630915,55.822099],[37.630973,55.82211],[37.631359,55.822138]],[[37.631359,55.822138],[37.632213,55.822125],[37.633691,55.822074],[37.634174,55.82206],[37.634611,55.822049],[37.634851,55.82204]],[[37.634851,55.82204],[37.63491,55.82204],[37.634965,55.822041],[37.635057,55.822063],[37.635096,55.822075],[37.635195,55.82212]],[[37.635195,55.82212],[37.635287,55.822168],[37.635298,55.822173],[37.635402,55.822227],[37.635555,55.822322]],[[37.635555,55.822322],[37.635867,55.822502],[37.636252,55.822716],[37.636525,55.822866]],[[37.636525,55.822866],[37.636812,55.823017],[37.637617,55.823421],[37.637816,55.82353]],[[37.637816,55.82353],[37.637865,55.823555],[37.637986,55.823616],[37.63874,55.824007],[37.639353,55.824317],[37.6395,55.824395],[37.640992,55.825164],[37.642268,55.82583],[37.642505,55.825945],[37.643934,55.826663],[37.644912,55.827178],[37.645016,55.827233],[37.645134,55.827297]],[[37.645134,55.827297],[37.645173,55.827318],[37.645213,55.827335],[37.645249,55.827348],[37.64529,55.827358],[37.645331,55.827363],[37.645369,55.827366],[37.645408,55.827366],[37.645445,55.827366],[37.645489,55.827364],[37.645533,55.82736],[37.645573,55.827355],[37.645611,55.827348],[37.645691,55.827329]],[[37.645691,55.827329],[37.645764,55.827308],[37.645889,55.82727],[37.646071,55.827215],[37.646509,55.827085]],[[37.646509,55.827085],[37.647215,55.826869]],[[37.647215,55.826869],[37.647845,55.826656],[37.648082,55.826578],[37.649281,55.826172]],[[37.649281,55.826172],[37.651056,55.825581]],[[37.651056,55.825581],[37.65122,55.825515],[37.651465,55.825396],[37.651555,55.825344],[37.651711,55.82525],[37.65188,55.825158],[37.652157,55.825015],[37.652278,55.824971]],[[37.652278,55.824971],[37.652891,55.824752],[37.653179,55.824654],[37.653498,55.82454],[37.654676,55.824137],[37.654867,55.824072],[37.655147,55.823977]],[[37.655147,55.823977],[37.655671,55.823799],[37.65605,55.823674],[37.656781,55.823425],[37.657077,55.823325],[37.657532,55.823168]],[[37.657532,55.823168],[37.65768,55.823119],[37.657771,55.82309],[37.658602,55.822841],[37.658756,55.822794],[37.660134,55.822372],[37.660219,55.822344],[37.660372,55.822298],[37.661491,55.82196],[37.66236,55.821692],[37.663041,55.82148],[37.663732,55.821279],[37.66392,55.821225],[37.664362,55.821097],[37.664808,55.82097],[37.666235,55.820566],[37.667531,55.820179]],[[37.667531,55.820179],[37.668319,55.819959]],[[37.668319,55.819959],[37.670295,55.819377],[37.670851,55.819213],[37.671284,55.819088]],[[37.671284,55.819088],[37.67177,55.818953],[37.675201,55.817984]],[[37.675201,55.817984],[37.675557,55.8179],[37.675745,55.817866]],[[37.675745,55.817866],[37.676993,55.817643],[37.677383,55.817576],[37.677927,55.817489],[37.678024,55.817472],[37.67835,55.817417],[37.678703,55.817355],[37.678796,55.817341],[37.678984,55.817312],[37.679088,55.817292],[37.679174,55.817274]],[[37.679174,55.817274],[37.679358,55.81724],[37.679541,55.817201],[37.67979,55.817106]],[[37.67979,55.817106],[37.680166,55.816925],[37.680225,55.816897],[37.681003,55.816529],[37.682221,55.815959],[37.682682,55.815745]],[[37.682682,55.815745],[37.682968,55.815639],[37.68322,55.815567],[37.683408,55.815535]],[[37.683408,55.815535],[37.684005,55.815434],[37.684311,55.815388]],[[37.684311,55.815388],[37.68442,55.815388],[37.684496,55.815395],[37.684629,55.81542],[37.684687,55.815437],[37.684765,55.815465],[37.68482,55.815496],[37.684832,55.815502],[37.684877,55.815534],[37.684904,55.815554],[37.68492,55.815577],[37.684958,55.815645]],[[37.684958,55.815645],[37.685074,55.815861],[37.685145,55.815947],[37.685218,55.816001],[37.685361,55.816069],[37.68546,55.816109]],[[37.68546,55.816109],[37.686161,55.816387],[37.68693,55.816693],[37.687374,55.816864]],[[37.687374,55.816864],[37.687853,55.817051]],[[37.687853,55.817051],[37.687933,55.817079],[37.68797,55.817085],[37.687993,55.817085],[37.688026,55.817086],[37.688034,55.817086],[37.688075,55.817086],[37.688111,55.817084],[37.688158,55.817079],[37.688231,55.817065],[37.688318,55.817042]],[[37.688318,55.817042],[37.688762,55.816926],[37.688907,55.816888]],[[37.688907,55.816888],[37.689456,55.816744],[37.690172,55.816555]],[[37.690172,55.816555],[37.690351,55.816507],[37.690593,55.81643],[37.690792,55.816358],[37.691213,55.816182]],[[37.691213,55.816182],[37.692364,55.815603]],[[37.692364,55.815603],[37.69245,55.81556],[37.692624,55.815482],[37.692925,55.815347],[37.693047,55.815292]],[[37.693047,55.815292],[37.693403,55.815132],[37.693972,55.814897],[37.693994,55.814887],[37.694429,55.814701],[37.69446,55.814687],[37.694611,55.814613]],[[37.694611,55.814613],[37.694708,55.814563],[37.694908,55.81446],[37.695167,55.814307]],[[37.695167,55.814307],[37.695498,55.814039],[37.695645,55.813916]],[[37.695645,55.813916],[37.695663,55.813901],[37.695707,55.813865],[37.696061,55.813573],[37.696064,55.813571],[37.69628,55.813393],[37.696312,55.813367],[37.696799,55.812965]],[[37.696799,55.812965],[37.696885,55.812894],[37.697015,55.812808],[37.697178,55.812701],[37.697391,55.812582],[37.697635,55.812469],[37.697837,55.812389],[37.697857,55.812382],[37.698007,55.812326]],[[37.698007,55.812326],[37.698091,55.812295],[37.698175,55.812264],[37.698876,55.812004],[37.699726,55.811704],[37.700095,55.811574],[37.700292,55.811505],[37.700527,55.811426],[37.700957,55.811281],[37.701113,55.811229]],[[37.701113,55.811229],[37.701355,55.811147],[37.701864,55.810953],[37.701963,55.810914],[37.702379,55.810741],[37.702671,55.81061],[37.70303,55.810414],[37.70321,55.81031],[37.703453,55.810164],[37.703897,55.809887]],[[37.703897,55.809887],[37.704335,55.809621],[37.704462,55.80954],[37.704954,55.809226],[37.705232,55.809042],[37.705367,55.808953]],[[37.705367,55.808953],[37.70561,55.808774],[37.705685,55.808662],[37.705731,55.808508]],[[37.705731,55.808508],[37.70581,55.808257],[37.705979,55.807766]],[[37.705979,55.807766],[37.706016,55.807658],[37.706227,55.807164],[37.706377,55.806841]],[[37.706377,55.806841],[37.706497,55.806541],[37.706886,55.805557],[37.707079,55.805039],[37.707164,55.804788],[37.707201,55.804692],[37.707246,55.804567],[37.707392,55.80419],[37.707403,55.804161],[37.70742,55.804118],[37.707508,55.803901]],[[37.707508,55.803901],[37.707543,55.803803],[37.70761,55.803694],[37.707652,55.80365],[37.707769,55.803526],[37.707924,55.803408],[37.708066,55.80331]],[[37.708066,55.80331],[37.70823,55.803202],[37.708732,55.802884],[37.708878,55.802793],[37.709205,55.802591],[37.7103,55.801921]],[[37.7103,55.801921],[37.710809,55.80161],[37.710817,55.801605],[37.71113,55.801416]],[[37.71113,55.801416],[37.711246,55.801346],[37.71131,55.801307],[37.711552,55.801155]],[[37.711552,55.801155],[37.711857,55.800963],[37.712198,55.800709],[37.712268,55.800632],[37.712385,55.800503],[37.712581,55.800262],[37.71283,55.799953]],[[37.71283,55.799953],[37.712976,55.799768],[37.713072,55.799646],[37.713468,55.799168],[37.714371,55.798068],[37.714671,55.797709]],[[37.714671,55.797709],[37.714794,55.797562],[37.714835,55.797504],[37.714858,55.797456],[37.714869,55.79741],[37.714872,55.797367],[37.714862,55.797329],[37.714838,55.797283],[37.7148,55.797237],[37.714755,55.79719],[37.714688,55.797137],[37.714467,55.796987],[37.714405,55.796936],[37.71436,55.796882],[37.714332,55.796836],[37.714314,55.796787],[37.714308,55.79674],[37.714306,55.796683],[37.714312,55.796613],[37.71433,55.796414],[37.714339,55.796317]],[[37.714339,55.796317],[37.714345,55.79626],[37.71436,55.796099]],[[37.71436,55.796099],[37.714377,55.795968],[37.71438,55.795938],[37.714388,55.795875],[37.714391,55.795845],[37.7144,55.795753],[37.714428,55.795564]],[[37.714428,55.795564],[37.714432,55.795536],[37.714452,55.795417]],[[37.714452,55.795417],[37.714477,55.795088],[37.714532,55.794506],[37.714545,55.794432],[37.714615,55.793724],[37.714641,55.793467],[37.714692,55.792967],[37.714725,55.792617]],[[37.714725,55.792617],[37.714733,55.792537],[37.714765,55.792434],[37.714775,55.7924],[37.714805,55.792337],[37.714842,55.792287],[37.71487,55.792255],[37.714914,55.792211]],[[37.714914,55.792211],[37.715079,55.792096],[37.715589,55.791784],[37.715664,55.791731],[37.715708,55.791689]],[[37.715708,55.791689],[37.71574,55.791651],[37.71576,55.791619],[37.715788,55.791554],[37.715806,55.791514],[37.715832,55.791426]],[[37.715832,55.791426],[37.715942,55.791053],[37.716039,55.790725],[37.716264,55.790009],[37.716355,55.789715]],[[37.716355,55.789715],[37.7164,55.789568],[37.716423,55.78949],[37.716452,55.789409],[37.71656,55.78897],[37.716575,55.788912],[37.716656,55.78861],[37.716679,55.788523],[37.716724,55.788365],[37.716825,55.788018]],[[37.716825,55.788018],[37.716851,55.787933],[37.716883,55.787827]],[[37.716883,55.787827],[37.717002,55.78744],[37.717022,55.787369],[37.717078,55.787183]],[[37.717078,55.787183],[37.717152,55.786933],[37.717284,55.786486],[37.717354,55.786252]],[[37.717354,55.786252],[37.717498,55.78577]],[[37.717498,55.78577],[37.717517,55.785706],[37.71758,55.785502],[37.717617,55.785396],[37.717652,55.78527]],[[37.717652,55.78527],[37.717684,55.785156],[37.717803,55.784767],[37.717922,55.784415],[37.71802,55.784157],[37.718112,55.783909]],[[37.718112,55.783909],[37.718145,55.783817],[37.718188,55.783695],[37.718225,55.783602],[37.718243,55.783554]],[[37.718243,55.783554],[37.718294,55.783423],[37.718363,55.783247],[37.718493,55.78293]],[[37.718493,55.78293],[37.718726,55.782402],[37.718736,55.782375]],[[37.718736,55.782375],[37.718768,55.782329],[37.718804,55.782294],[37.718854,55.782261],[37.718858,55.78226],[37.718924,55.782235],[37.718935,55.782231],[37.719002,55.782215],[37.719073,55.782205],[37.719144,55.782201],[37.719166,55.782202],[37.719215,55.782204],[37.719453,55.782217]],[[37.719453,55.782217],[37.719457,55.782217],[37.720354,55.782256],[37.72115,55.782283],[37.721348,55.78229],[37.722265,55.782325],[37.722511,55.782336],[37.722682,55.782344],[37.724985,55.782437],[37.725265,55.782448],[37.726284,55.782483],[37.727843,55.782544],[37.728716,55.782578],[37.729754,55.782619],[37.730508,55.782649],[37.730616,55.782653],[37.730664,55.782654],[37.730891,55.782664],[37.733607,55.782774],[37.733818,55.782783],[37.7356,55.782857],[37.737533,55.782937],[37.738427,55.782967],[37.738636,55.782975],[37.738812,55.782982],[37.738968,55.782987],[37.742442,55.783117],[37.74266,55.783124]],[[37.74266,55.783124],[37.745172,55.783203]],[[37.745172,55.783203],[37.745374,55.783215],[37.745548,55.783243],[37.745637,55.783269],[37.74571,55.783295],[37.745788,55.78334],[37.745859,55.783394],[37.745917,55.783451],[37.745981,55.783545],[37.746015,55.783653],[37.745951,55.783973]],[[37.745951,55.783973],[37.745926,55.784121],[37.745699,55.785283]],[[37.745699,55.785283],[37.745704,55.785405],[37.745738,55.785468],[37.745848,55.785583],[37.746028,55.785695]],[[37.746028,55.785695],[37.747272,55.786373]],[[37.747272,55.786373],[37.7475,55.786471],[37.74761,55.786484],[37.747712,55.786496],[37.747948,55.786501]],[[37.747948,55.786501],[37.748009,55.786502],[37.750645,55.786558],[37.7509,55.786562],[37.751084,55.786564],[37.751298,55.786567],[37.754686,55.786598],[37.758506,55.786679],[37.759577,55.786707],[37.761682,55.786769]],[[37.761682,55.786769],[37.761758,55.786772],[37.762242,55.786788],[37.762396,55.786815],[37.762516,55.786865],[37.762526,55.78687],[37.7626,55.786946],[37.762605,55.786951],[37.762639,55.787039],[37.762617,55.78712],[37.762597,55.787199]],[[37.762597,55.787199],[37.762481,55.787659],[37.762473,55.78769],[37.762386,55.788036]],[[37.762386,55.788036],[37.762352,55.788173],[37.762354,55.78819],[37.762362,55.788253],[37.762381,55.788273],[37.76242,55.788311],[37.762516,55.788356],[37.762554,55.788365],[37.762634,55.788385],[37.76274,55.788399],[37.762922,55.788416]],[[37.762922,55.788416],[37.763319,55.788453],[37.763797,55.788503],[37.764332,55.788562],[37.764894,55.788618]],[[37.764894,55.788618],[37.76558,55.78873],[37.766183,55.788843],[37.766791,55.78897],[37.767381,55.789114],[37.767966,55.789268],[37.768484,55.78943]],[[37.768484,55.78943],[37.769759,55.789817],[37.770335,55.789989],[37.770593,55.790067],[37.771396,55.790309],[37.771507,55.790343],[37.77169,55.790401],[37.772187,55.79055],[37.772746,55.79072],[37.774412,55.791222],[37.775161,55.791447],[37.775375,55.791511],[37.775564,55.791566],[37.776068,55.791716]],[[37.776068,55.791716],[37.776908,55.79196],[37.777078,55.791997],[37.77726,55.792028],[37.777423,55.792054],[37.777547,55.792071]],[[37.777547,55.792071],[37.778545,55.79221],[37.778731,55.792235],[37.779708,55.792371],[37.77986,55.792392],[37.780091,55.792427],[37.780948,55.792547],[37.781507,55.792631],[37.781757,55.792667],[37.782486,55.79277]],[[37.782486,55.79277],[37.782837,55.792817],[37.783012,55.792835],[37.783158,55.792849],[37.783537,55.792878]],[[37.783537,55.792878],[37.783977,55.792914],[37.784112,55.792926],[37.784166,55.792931],[37.784827,55.792981]],[[37.784827,55.792981],[37.785079,55.79299],[37.785754,55.793003],[37.785872,55.793005]],[[37.785872,55.793005],[37.787147,55.793026],[37.787584,55.793031]],[[37.787584,55.793031],[37.788036,55.79304],[37.788251,55.793043],[37.788423,55.793046],[37.789353,55.793063],[37.789603,55.793069],[37.790306,55.793106],[37.790588,55.793116],[37.790788,55.793124],[37.791034,55.793131]],[[37.791034,55.793131],[37.792832,55.793168],[37.793532,55.793182],[37.793878,55.793188],[37.794039,55.793192],[37.794181,55.793194],[37.79488,55.793205],[37.79497,55.793206],[37.795068,55.793209],[37.796084,55.79323],[37.796586,55.793241]],[[37.796586,55.793241],[37.796741,55.793243],[37.796848,55.793245],[37.797226,55.79325],[37.797552,55.793247],[37.797971,55.793238],[37.798026,55.793237],[37.798701,55.793227],[37.799228,55.793232]],[[37.799228,55.793232],[37.799455,55.793231],[37.799751,55.793232],[37.800666,55.793251],[37.80093,55.793256],[37.801423,55.793266],[37.802451,55.793282],[37.803362,55.793297],[37.803452,55.793298],[37.804298,55.793312],[37.80519,55.793327],[37.805422,55.79333],[37.805578,55.793333],[37.805757,55.793337],[37.806576,55.793352],[37.806847,55.793357],[37.807811,55.793375],[37.808789,55.793392],[37.809458,55.793404],[37.810141,55.793417],[37.810266,55.79342],[37.810486,55.793425],[37.811512,55.793443],[37.81228,55.793456],[37.81253,55.793461],[37.81264,55.793463],[37.812808,55.793466],[37.813074,55.793471],[37.813382,55.793477],[37.81379,55.793485],[37.814631,55.793501],[37.814745,55.793502],[37.815552,55.793513],[37.8165,55.79353],[37.817226,55.79354]],[[37.817226,55.79354],[37.817988,55.79355],[37.819038,55.793567],[37.819212,55.79357]],[[37.819212,55.79357],[37.819361,55.793572],[37.82023,55.793588]],[[37.820891,55.793633],[37.820607,55.793628],[37.819605,55.79361],[37.819359,55.793605],[37.819211,55.793603]],[[37.819211,55.793603],[37.819038,55.793599],[37.818272,55.793588],[37.817986,55.793583],[37.817218,55.793571]],[[37.817218,55.793571],[37.816497,55.793563],[37.81555,55.793548],[37.81474,55.793533],[37.81463,55.793532],[37.813789,55.793517],[37.81307,55.793504],[37.812805,55.793497],[37.812638,55.793495],[37.812528,55.793493],[37.811848,55.793481],[37.811511,55.793474],[37.810484,55.793455],[37.810266,55.793449],[37.810139,55.793447],[37.809455,55.793435],[37.809329,55.793433],[37.808787,55.793424],[37.807807,55.793407],[37.806845,55.79339],[37.806038,55.793376],[37.805755,55.793371],[37.805577,55.793368],[37.805422,55.793366],[37.805167,55.793361],[37.804523,55.793349],[37.804297,55.793345],[37.803452,55.793331],[37.80336,55.793329],[37.802449,55.793312],[37.8022,55.793307],[37.800928,55.793288],[37.800133,55.793275],[37.799748,55.793268],[37.799454,55.793265],[37.799228,55.793265]],[[37.799228,55.793265],[37.798614,55.793262],[37.798333,55.793265],[37.798031,55.793268],[37.797972,55.793269],[37.797558,55.793279],[37.797228,55.79328],[37.796847,55.793277],[37.79674,55.793276],[37.796586,55.793272]],[[37.796586,55.793272],[37.795067,55.793242],[37.794391,55.793229],[37.79418,55.793225],[37.794038,55.793221],[37.793878,55.793218],[37.79353,55.793213],[37.79304,55.793204],[37.79283,55.7932],[37.79103,55.793164]],[[37.79103,55.793164],[37.790815,55.793157],[37.790587,55.793148],[37.790298,55.793137],[37.789601,55.793101],[37.78875,55.793079],[37.788422,55.793074],[37.788253,55.793072],[37.788035,55.793071],[37.78758,55.793064]],[[37.78758,55.793064],[37.787322,55.793061],[37.787146,55.793058],[37.785871,55.79304]],[[37.785871,55.79304],[37.785752,55.793037],[37.785075,55.793023],[37.784818,55.793012]],[[37.784818,55.793012],[37.784103,55.792956],[37.783984,55.792946],[37.783526,55.792908]],[[37.783526,55.792908],[37.783148,55.79288],[37.782998,55.792865],[37.782827,55.792845],[37.782471,55.792799]],[[37.782471,55.792799],[37.781998,55.792732],[37.781743,55.792697],[37.781489,55.792661],[37.780933,55.792578],[37.780076,55.79246],[37.779846,55.792424],[37.779694,55.792403],[37.778715,55.792268],[37.777531,55.792103]],[[37.777531,55.792103],[37.777409,55.792085],[37.777251,55.792058],[37.777087,55.79203],[37.776897,55.791991],[37.776044,55.791743]],[[37.776044,55.791743],[37.775543,55.791596],[37.775349,55.79154],[37.774667,55.791332],[37.774388,55.791248],[37.772721,55.790746],[37.772148,55.790573],[37.771667,55.790427],[37.771479,55.790372],[37.771064,55.790248],[37.770649,55.790123],[37.770563,55.790097],[37.770307,55.790019],[37.769731,55.789845],[37.768457,55.789459]],[[37.768457,55.789459],[37.767931,55.789308],[37.767348,55.789155],[37.766761,55.789012],[37.766156,55.788885],[37.765556,55.788773],[37.764875,55.788662]],[[37.764875,55.788662],[37.764314,55.788593],[37.763787,55.788537],[37.763303,55.788485],[37.762913,55.788447]],[[37.762913,55.788447],[37.762724,55.788428],[37.762618,55.788413],[37.762473,55.788379],[37.762462,55.788374],[37.76236,55.78833],[37.762349,55.788316],[37.7623,55.788257],[37.762291,55.788191],[37.76229,55.788176],[37.762327,55.78803]],[[37.762327,55.78803],[37.762413,55.787688],[37.762422,55.787654],[37.762544,55.787192]],[[37.762544,55.787192],[37.762564,55.787114],[37.762578,55.787039],[37.762563,55.787005],[37.762547,55.786966],[37.762499,55.786925],[37.762475,55.786903],[37.76237,55.786857],[37.762243,55.786833],[37.761749,55.786818],[37.761669,55.786815]],[[37.761669,55.786815],[37.760343,55.786774],[37.759573,55.786752],[37.758503,55.786724],[37.754684,55.786643],[37.751298,55.786612],[37.751125,55.786607],[37.750863,55.786607],[37.750802,55.786605],[37.750319,55.786595],[37.748068,55.786548],[37.747951,55.786546]],[[37.747951,55.786546],[37.747702,55.786541],[37.747605,55.786529],[37.747531,55.786521],[37.747442,55.786503],[37.747223,55.786408]],[[37.747223,55.786408],[37.74598,55.78572]],[[37.74598,55.78572],[37.745837,55.785629],[37.745683,55.785486],[37.745646,55.785407],[37.745641,55.785278]],[[37.745641,55.785278],[37.745862,55.784116],[37.745889,55.783971]],[[37.745889,55.783971],[37.745953,55.783655],[37.745912,55.78355],[37.745852,55.783462],[37.745801,55.783416],[37.745753,55.783378],[37.745619,55.7833],[37.745589,55.783291],[37.745526,55.783273],[37.745362,55.783245],[37.74517,55.783231]],[[37.74517,55.783231],[37.744078,55.783207],[37.742664,55.783155]],[[37.742664,55.783155],[37.742439,55.783146],[37.73914,55.783022],[37.738964,55.783015],[37.738808,55.783009],[37.738633,55.783004],[37.737536,55.782964],[37.735596,55.782884],[37.733814,55.782811],[37.733604,55.782802],[37.731029,55.782696],[37.730888,55.78269],[37.730655,55.782682],[37.730505,55.782676],[37.728713,55.782608],[37.725261,55.782472],[37.724983,55.782462],[37.722741,55.782369],[37.722679,55.782366],[37.722509,55.782358],[37.722263,55.782349],[37.722027,55.78234],[37.721882,55.782335],[37.721359,55.782317],[37.721147,55.782309],[37.720349,55.782281],[37.719454,55.782246],[37.719448,55.782246]],[[37.719448,55.782246],[37.719204,55.782238],[37.719142,55.782238],[37.719085,55.782241],[37.719021,55.782253],[37.718965,55.782267],[37.718916,55.782287],[37.718904,55.782293],[37.718854,55.78232],[37.718823,55.782349],[37.718794,55.782387]],[[37.718794,55.782387],[37.718779,55.782409],[37.718697,55.782602],[37.718552,55.78294]],[[37.718552,55.78294],[37.718421,55.783255],[37.71832,55.783506],[37.718299,55.783559]],[[37.718299,55.783559],[37.718278,55.783611],[37.718247,55.7837],[37.718169,55.783912]],[[37.718169,55.783912],[37.718168,55.783915],[37.718073,55.784161],[37.717976,55.784421],[37.717859,55.784772],[37.717737,55.78516],[37.717703,55.785275]],[[37.717703,55.785275],[37.717632,55.785506],[37.717572,55.785711],[37.717551,55.785784]],[[37.717551,55.785784],[37.717413,55.786257]],[[37.717413,55.786257],[37.717215,55.786938],[37.717142,55.787188]],[[37.717142,55.787188],[37.717085,55.787375],[37.717063,55.787447],[37.716944,55.787829]],[[37.716944,55.787829],[37.716917,55.787917],[37.716885,55.788027]],[[37.716885,55.788027],[37.716788,55.788369],[37.716718,55.788615],[37.716639,55.788916],[37.716623,55.788975],[37.716515,55.789413],[37.716493,55.789497],[37.716469,55.789574],[37.716423,55.789722]],[[37.716423,55.789722],[37.716331,55.790015],[37.716118,55.790732],[37.716028,55.791041],[37.715906,55.791433]],[[37.715906,55.791433],[37.715862,55.791565],[37.715835,55.79162],[37.715811,55.791653],[37.715789,55.79168],[37.715763,55.791708]],[[37.715763,55.791708],[37.715712,55.791754],[37.715636,55.791808],[37.715126,55.792119],[37.714965,55.792231]],[[37.714965,55.792231],[37.714925,55.792268],[37.714894,55.792302],[37.71486,55.792349],[37.714838,55.792393],[37.714823,55.792436],[37.714785,55.792544],[37.714777,55.792621]],[[37.714777,55.792621],[37.714742,55.792969],[37.714691,55.793469],[37.714665,55.793725],[37.714605,55.794434],[37.714596,55.794508],[37.71454,55.79509],[37.714509,55.795418]],[[37.714509,55.795418],[37.714493,55.795548]],[[37.714493,55.795548],[37.714468,55.795701],[37.714458,55.795764],[37.714441,55.795854],[37.714437,55.795885],[37.71443,55.795952],[37.714411,55.796101]],[[37.714411,55.796101],[37.714397,55.796249],[37.71439,55.796325],[37.71438,55.796421],[37.714363,55.796614],[37.714357,55.796683],[37.714359,55.796739],[37.714365,55.796783],[37.714381,55.796829],[37.71441,55.796876],[37.71445,55.796922],[37.714509,55.79697],[37.714729,55.79712],[37.714799,55.797175],[37.714846,55.797224],[37.714886,55.797273],[37.714912,55.797323],[37.714923,55.797365],[37.71492,55.797412],[37.714908,55.797462],[37.714884,55.797513],[37.714841,55.797574],[37.714717,55.797721]],[[37.714717,55.797721],[37.714417,55.79808],[37.713524,55.799177],[37.713517,55.799186],[37.713119,55.799657],[37.713023,55.799779],[37.712877,55.799965]],[[37.712877,55.799965],[37.71269,55.800189],[37.712432,55.800516],[37.712241,55.800724],[37.711896,55.800981],[37.711588,55.801175]],[[37.711588,55.801175],[37.711353,55.801322],[37.711283,55.801366],[37.711258,55.801381],[37.711168,55.801435]],[[37.711168,55.801435],[37.710854,55.801625],[37.710338,55.801941]],[[37.710338,55.801941],[37.709243,55.80261],[37.708917,55.802812],[37.708769,55.802904],[37.708113,55.803326]],[[37.708113,55.803326],[37.707966,55.803424],[37.707813,55.803542],[37.707658,55.803705],[37.707592,55.803809],[37.707555,55.80391]],[[37.707555,55.80391],[37.707468,55.80413],[37.707442,55.804196],[37.707298,55.804567],[37.707251,55.804698],[37.707196,55.80485],[37.707163,55.804953],[37.706955,55.805515],[37.706427,55.806848]],[[37.706427,55.806848],[37.706356,55.807006],[37.706211,55.80733],[37.706066,55.807664],[37.706029,55.807772]],[[37.706029,55.807772],[37.70601,55.80783],[37.705849,55.808298],[37.705781,55.808514]],[[37.705781,55.808514],[37.705752,55.808611],[37.705734,55.808671],[37.705655,55.808788],[37.705408,55.80897]],[[37.705408,55.80897],[37.705271,55.809063],[37.704993,55.809245],[37.704372,55.809641],[37.703934,55.809907]],[[37.703934,55.809907],[37.70349,55.810184],[37.703246,55.81033],[37.703066,55.810435],[37.703029,55.810455],[37.702704,55.810631],[37.70241,55.810764],[37.701993,55.810938],[37.701388,55.81117],[37.701136,55.811254]],[[37.701136,55.811254],[37.700364,55.811513],[37.700122,55.811599],[37.699754,55.811728],[37.699358,55.811867],[37.698905,55.812027],[37.698035,55.81235]],[[37.698035,55.81235],[37.697888,55.812405],[37.697855,55.812417],[37.697573,55.812535],[37.697426,55.812604],[37.697215,55.81272],[37.696925,55.812912],[37.696834,55.812987]],[[37.696834,55.812987],[37.695813,55.813828],[37.695749,55.813881],[37.695685,55.813935]],[[37.695685,55.813935],[37.69554,55.814056],[37.695305,55.814258],[37.69522,55.814332]],[[37.69522,55.814332],[37.695189,55.814348],[37.695072,55.814416],[37.694872,55.814524],[37.694746,55.814588],[37.694657,55.814633]],[[37.694657,55.814633],[37.694614,55.814653],[37.6945,55.814705],[37.694172,55.814853],[37.693261,55.81523],[37.693075,55.815313]],[[37.693075,55.815313],[37.692866,55.815406],[37.692654,55.815501],[37.692485,55.815581],[37.692391,55.815628]],[[37.692391,55.815628],[37.691223,55.816216]],[[37.691223,55.816216],[37.69082,55.816386],[37.690562,55.816487],[37.690199,55.816583],[37.689362,55.816806],[37.688909,55.816925]],[[37.688909,55.816925],[37.68879,55.816957],[37.68835,55.817073]],[[37.68835,55.817073],[37.688251,55.817099],[37.688174,55.817113],[37.688122,55.817119],[37.688111,55.81712],[37.68808,55.817122],[37.688025,55.817122],[37.687959,55.817121],[37.687948,55.817119],[37.687907,55.817112],[37.687813,55.817082]],[[37.687813,55.817082],[37.687334,55.816895]],[[37.687334,55.816895],[37.686892,55.816719],[37.686127,55.816413],[37.685432,55.816135]],[[37.685432,55.816135],[37.685326,55.816092],[37.685183,55.816023],[37.685096,55.815965],[37.685019,55.815864],[37.684946,55.815722],[37.68491,55.81565]],[[37.68491,55.81565],[37.684874,55.815598],[37.684834,55.815557],[37.684821,55.815544],[37.684787,55.81552],[37.684733,55.815491],[37.684682,55.81547],[37.68463,55.815451],[37.684534,55.815434],[37.68447,55.815422],[37.684411,55.815419],[37.684298,55.815419]],[[37.684298,55.815419],[37.684019,55.81546],[37.683416,55.815562]],[[37.683416,55.815562],[37.683241,55.815592],[37.683,55.815663],[37.682715,55.81577]],[[37.682715,55.81577],[37.68225,55.815977],[37.681032,55.816548],[37.680255,55.816918],[37.680194,55.816947],[37.679817,55.817128]],[[37.679817,55.817128],[37.679561,55.817225],[37.679379,55.817268],[37.679192,55.817305]],[[37.679192,55.817305],[37.679107,55.817324],[37.678725,55.817382],[37.678667,55.817392],[37.678365,55.817444],[37.678051,55.817497],[37.677941,55.817516],[37.677391,55.817604],[37.677008,55.817669],[37.675755,55.817893]],[[37.675755,55.817893],[37.675575,55.817925],[37.67522,55.81801]],[[37.67522,55.81801],[37.671795,55.818984],[37.671324,55.81912],[37.670881,55.819244],[37.670322,55.819406],[37.66834,55.819982]],[[37.66834,55.819982],[37.667552,55.820202]],[[37.667552,55.820202],[37.666971,55.820375]],[[37.666971,55.820375],[37.666255,55.820587],[37.664375,55.821121],[37.663941,55.821247],[37.663833,55.821279],[37.663061,55.821503],[37.662383,55.821716],[37.662139,55.821792]],[[37.662139,55.821792],[37.660394,55.822323],[37.660243,55.822369],[37.660157,55.822395],[37.658775,55.822813],[37.658004,55.823052],[37.657705,55.823142],[37.657553,55.823189],[37.657098,55.823347],[37.656802,55.823446],[37.656071,55.823691],[37.655694,55.823819],[37.655169,55.823997],[37.654888,55.824093],[37.654698,55.824157],[37.653518,55.824559],[37.653198,55.824672],[37.652912,55.82477],[37.652386,55.824959]],[[37.652386,55.824959],[37.652179,55.825033],[37.651902,55.825176],[37.651731,55.825271],[37.65158,55.825362],[37.651494,55.825413]],[[37.651494,55.825413],[37.651241,55.825539],[37.651086,55.825602]],[[37.651086,55.825602],[37.649303,55.826195],[37.648725,55.82639],[37.648106,55.826601],[37.647881,55.826674],[37.647868,55.826678],[37.647242,55.826896]],[[37.647242,55.826896],[37.647011,55.82697],[37.64672,55.82706],[37.646543,55.827111]],[[37.646543,55.827111],[37.646097,55.827242],[37.645915,55.827298],[37.64579,55.827335],[37.645715,55.827357]],[[37.645715,55.827357],[37.64563,55.827377],[37.645587,55.827385],[37.645544,55.82739],[37.645496,55.827395],[37.645447,55.827397],[37.645407,55.827397],[37.645366,55.827397],[37.645322,55.827394],[37.645272,55.827388],[37.645223,55.827376],[37.645181,55.82736],[37.645159,55.827351],[37.645138,55.827341],[37.645082,55.827313]],[[37.645082,55.827313],[37.644961,55.827249],[37.644863,55.827197],[37.64389,55.826683],[37.642467,55.825969],[37.642265,55.825873],[37.640954,55.825188],[37.639461,55.82442],[37.639315,55.82434],[37.638272,55.823805],[37.637949,55.823639],[37.637827,55.823577],[37.637776,55.823552]],[[37.637776,55.823552],[37.637581,55.823444],[37.636783,55.823038],[37.636499,55.822889]],[[37.636499,55.822889],[37.636227,55.822737],[37.635841,55.82252],[37.635531,55.822341]],[[37.635531,55.822341],[37.635382,55.822248],[37.635278,55.822193],[37.63527,55.822189],[37.635175,55.822141]],[[37.635175,55.822141],[37.635079,55.822093],[37.635039,55.822078],[37.634954,55.82206],[37.634895,55.822061],[37.634842,55.822063]],[[37.634842,55.822063],[37.634609,55.82207],[37.63417,55.822084],[37.633908,55.822092],[37.632263,55.822142],[37.631442,55.822168]],[[37.631442,55.822168],[37.631184,55.822158],[37.630943,55.822128],[37.630911,55.822122]],[[37.630911,55.822122],[37.63084,55.822109],[37.629749,55.821898]],[[37.629749,55.821898],[37.62929,55.821837]],[[37.62929,55.821837],[37.628605,55.821841],[37.628395,55.821843],[37.625707,55.821857],[37.625132,55.821858],[37.624879,55.821861],[37.623221,55.821881],[37.622575,55.821884],[37.622128,55.821886],[37.62165,55.821888],[37.61996,55.821889],[37.619723,55.821889],[37.619642,55.821891],[37.619593,55.821891]],[[37.619593,55.821891],[37.619565,55.821892],[37.619538,55.821893],[37.61951,55.821895],[37.619483,55.821897],[37.619454,55.8219],[37.619427,55.821904],[37.619401,55.821909],[37.619377,55.821916],[37.619353,55.821922],[37.61933,55.821931],[37.619308,55.821939],[37.61929,55.821947],[37.619271,55.821957],[37.619253,55.821967],[37.619236,55.821979],[37.619222,55.821992],[37.619208,55.822004],[37.619199,55.822017],[37.619189,55.822031],[37.619181,55.822046],[37.619175,55.82206],[37.61917,55.822075],[37.619168,55.822089],[37.619166,55.822103],[37.619166,55.822117],[37.619165,55.82213],[37.619154,55.822387],[37.619153,55.822406],[37.619151,55.822425],[37.619149,55.822445],[37.619146,55.822466],[37.619143,55.822483],[37.619136,55.822502],[37.61913,55.822519],[37.619122,55.822536],[37.619111,55.822553],[37.619096,55.822569],[37.619078,55.822585],[37.619056,55.8226],[37.619029,55.822612],[37.619,55.822623],[37.61897,55.822632],[37.618937,55.822641],[37.618904,55.822647],[37.618872,55.822651],[37.618839,55.822654],[37.618807,55.822657]],[[37.618807,55.822657],[37.618451,55.822676],[37.617843,55.822707],[37.617229,55.822737]]]}},{"type":"Feature","properties":{"kind":"line","route":12,"name":"Восточное Измайлово - МЦК Дубровка","source":"osm","osm_relations":[14258874,14258875]},"geometry":{"type":"MultiLineString","coordinates":[[[37.820891,55.793633],[37.820607,55.793628],[37.819605,55.79361],[37.819359,55.793605],[37.819211,55.793603]],[[37.819211,55.793603],[37.819038,55.793599],[37.818272,55.793588],[37.817986,55.793583],[37.817218,55.793571]],[[37.817218,55.793571],[37.816497,55.793563],[37.81555,55.793548],[37.81474,55.793533],[37.81463,55.793532],[37.813789,55.793517],[37.81307,55.793504],[37.812805,55.793497],[37.812638,55.793495],[37.812528,55.793493],[37.811848,55.793481],[37.811511,55.793474],[37.810484,55.793455],[37.810266,55.793449],[37.810139,55.793447],[37.809455,55.793435],[37.809329,55.793433],[37.808787,55.793424],[37.807807,55.793407],[37.806845,55.79339],[37.806038,55.793376],[37.805755,55.793371],[37.805577,55.793368],[37.805422,55.793366],[37.805167,55.793361],[37.804523,55.793349],[37.804297,55.793345],[37.803452,55.793331],[37.80336,55.793329],[37.802449,55.793312],[37.8022,55.793307],[37.800928,55.793288],[37.800133,55.793275],[37.799748,55.793268],[37.799454,55.793265],[37.799228,55.793265]],[[37.799228,55.793265],[37.798614,55.793262],[37.798333,55.793265],[37.798031,55.793268],[37.797972,55.793269],[37.797558,55.793279],[37.797228,55.79328],[37.796847,55.793277],[37.79674,55.793276],[37.796586,55.793272]],[[37.796586,55.793272],[37.795067,55.793242],[37.794391,55.793229],[37.79418,55.793225],[37.794038,55.793221],[37.793878,55.793218],[37.79353,55.793213],[37.79304,55.793204],[37.79283,55.7932],[37.79103,55.793164]],[[37.79103,55.793164],[37.790815,55.793157],[37.790587,55.793148],[37.790298,55.793137],[37.789601,55.793101],[37.78875,55.793079],[37.788422,55.793074],[37.788253,55.793072],[37.788035,55.793071],[37.78758,55.793064]],[[37.78758,55.793064],[37.787322,55.793061],[37.787146,55.793058],[37.785871,55.79304]],[[37.785871,55.79304],[37.785752,55.793037],[37.785075,55.793023],[37.784818,55.793012]],[[37.784818,55.793012],[37.784103,55.792956],[37.783984,55.792946],[37.783526,55.792908]],[[37.783526,55.792908],[37.783148,55.79288],[37.782998,55.792865],[37.782827,55.792845],[37.782471,55.792799]],[[37.782471,55.792799],[37.781998,55.792732],[37.781743,55.792697],[37.781489,55.792661],[37.780933,55.792578],[37.780076,55.79246],[37.779846,55.792424],[37.779694,55.792403],[37.778715,55.792268],[37.777531,55.792103]],[[37.777531,55.792103],[37.777409,55.792085],[37.777251,55.792058],[37.777087,55.79203],[37.776897,55.791991],[37.776044,55.791743]],[[37.776044,55.791743],[37.775543,55.791596],[37.775349,55.79154],[37.774667,55.791332],[37.774388,55.791248],[37.772721,55.790746],[37.772148,55.790573],[37.771667,55.790427],[37.771479,55.790372],[37.771064,55.790248],[37.770649,55.790123],[37.770563,55.790097],[37.770307,55.790019],[37.769731,55.789845],[37.768457,55.789459]],[[37.768457,55.789459],[37.767931,55.789308],[37.767348,55.789155],[37.766761,55.789012],[37.766156,55.788885],[37.765556,55.788773],[37.764875,55.788662]],[[37.764875,55.788662],[37.764314,55.788593],[37.763787,55.788537],[37.763303,55.788485],[37.762913,55.788447]],[[37.762913,55.788447],[37.762724,55.788428],[37.762618,55.788413],[37.762473,55.788379],[37.762462,55.788374],[37.76236,55.78833],[37.762349,55.788316],[37.7623,55.788257],[37.762291,55.788191],[37.76229,55.788176],[37.762327,55.78803]],[[37.762327,55.78803],[37.762413,55.787688],[37.762422,55.787654],[37.762544,55.787192]],[[37.762544,55.787192],[37.762564,55.787114],[37.762578,55.787039],[37.762563,55.787005],[37.762547,55.786966],[37.762499,55.786925],[37.762475,55.786903],[37.76237,55.786857],[37.762243,55.786833],[37.761749,55.786818],[37.761669,55.786815]],[[37.761669,55.786815],[37.760343,55.786774],[37.759573,55.786752],[37.758503,55.786724],[37.754684,55.786643],[37.751298,55.786612],[37.751125,55.786607],[37.750863,55.786607],[37.750802,55.786605],[37.750319,55.786595],[37.748068,55.786548],[37.747951,55.786546]],[[37.747951,55.786546],[37.747702,55.786541],[37.747605,55.786529],[37.747531,55.786521],[37.747442,55.786503],[37.747223,55.786408]],[[37.747223,55.786408],[37.74598,55.78572]],[[37.74598,55.78572],[37.745837,55.785629],[37.745683,55.785486],[37.745646,55.785407],[37.745641,55.785278]],[[37.745641,55.785278],[37.745862,55.784116],[37.745889,55.783971]],[[37.745889,55.783971],[37.745953,55.783655],[37.745912,55.78355],[37.745852,55.783462],[37.745801,55.783416],[37.745753,55.783378],[37.745619,55.7833],[37.745589,55.783291],[37.745526,55.783273],[37.745362,55.783245],[37.74517,55.783231]],[[37.74517,55.783231],[37.744078,55.783207],[37.742664,55.783155]],[[37.742664,55.783155],[37.742439,55.783146],[37.73914,55.783022],[37.738964,55.783015],[37.738808,55.783009],[37.738633,55.783004],[37.737536,55.782964],[37.735596,55.782884],[37.733814,55.782811],[37.733604,55.782802],[37.731029,55.782696],[37.730888,55.78269],[37.730655,55.782682],[37.730505,55.782676],[37.728713,55.782608],[37.725261,55.782472],[37.724983,55.782462],[37.722741,55.782369],[37.722679,55.782366],[37.722509,55.782358],[37.722263,55.782349],[37.722027,55.78234],[37.721882,55.782335],[37.721359,55.782317],[37.721147,55.782309],[37.720349,55.782281],[37.719454,55.782246],[37.719448,55.782246]],[[37.719448,55.782246],[37.719321,55.782233],[37.71925,55.782221],[37.719166,55.782202],[37.719117,55.782183],[37.719042,55.782153],[37.718989,55.782128],[37.718971,55.78212],[37.718928,55.782093],[37.718904,55.782078],[37.718859,55.782045],[37.718845,55.782035],[37.71878,55.781966],[37.718732,55.78188]],[[37.718732,55.78188],[37.718703,55.78179],[37.718645,55.781629],[37.718544,55.781348]],[[37.718544,55.781348],[37.718261,55.780499]],[[37.718261,55.780499],[37.718231,55.780409],[37.718216,55.780346],[37.718213,55.780334],[37.718211,55.780265],[37.718213,55.780259],[37.718222,55.780227],[37.718227,55.780209],[37.71827,55.780151],[37.718281,55.780143],[37.718333,55.780104],[37.71842,55.780065],[37.71851,55.780037]],[[37.71851,55.780037],[37.718618,55.780009],[37.718752,55.77998],[37.718902,55.779953],[37.719037,55.779933],[37.719363,55.779889]],[[37.719363,55.779889],[37.720197,55.779777]],[[37.720197,55.779777],[37.720301,55.779763],[37.720361,55.779754],[37.720426,55.779739],[37.720477,55.779721],[37.720534,55.779693],[37.720561,55.779674],[37.720591,55.779642],[37.72061,55.779608],[37.720616,55.779581],[37.72062,55.779566],[37.720623,55.779523],[37.720625,55.779507],[37.720624,55.779494]],[[37.720624,55.779494],[37.720603,55.778925]],[[37.720603,55.778925],[37.720598,55.778805],[37.720596,55.778749],[37.720594,55.778722],[37.720594,55.778707],[37.72059,55.778594],[37.720595,55.778519],[37.720605,55.778449],[37.720624,55.778391],[37.720657,55.778326],[37.720712,55.778246],[37.720769,55.778167]],[[37.720769,55.778167],[37.720881,55.778039],[37.720951,55.777961],[37.721407,55.777456],[37.722892,55.775829],[37.723657,55.774993],[37.724808,55.773729],[37.724894,55.773635],[37.725856,55.772573],[37.725947,55.772473],[37.726007,55.772406],[37.727845,55.770374],[37.728084,55.770108],[37.728333,55.76983],[37.729307,55.768748],[37.730162,55.767808],[37.730237,55.767726],[37.730696,55.767221],[37.731262,55.766602],[37.732143,55.76564],[37.732352,55.765415],[37.734282,55.76334],[37.734386,55.763226],[37.734556,55.763031],[37.734648,55.762928],[37.736525,55.760914],[37.736652,55.760777],[37.736762,55.760658],[37.739916,55.75721],[37.740188,55.756913],[37.740285,55.756803],[37.740453,55.756614]],[[37.740453,55.756614],[37.740456,55.756545],[37.740437,55.756474],[37.740404,55.756425],[37.740381,55.7564],[37.740316,55.756352],[37.740253,55.756321],[37.740156,55.756288]],[[37.740156,55.756288],[37.738327,55.755897]],[[37.738327,55.755897],[37.737576,55.755736],[37.736644,55.755546]],[[37.736644,55.755546],[37.73411,55.755027]],[[37.73411,55.755027],[37.732304,55.754673]],[[37.732304,55.754673],[37.727984,55.753832],[37.727004,55.753646],[37.726343,55.753519],[37.725388,55.753336]],[[37.725388,55.753336],[37.723873,55.753049]],[[37.723873,55.753049],[37.723748,55.753025],[37.721992,55.752673],[37.721736,55.752626]],[[37.721736,55.752626],[37.721512,55.752586]],[[37.721512,55.752586],[37.720598,55.75241],[37.719419,55.752183]],[[37.719419,55.752183],[37.719056,55.752112],[37.717724,55.751833]],[[37.717724,55.751833],[37.717573,55.751798]],[[37.717573,55.751798],[37.717386,55.751766],[37.717337,55.751758],[37.717241,55.751742]],[[37.717241,55.751742],[37.717164,55.751731],[37.717108,55.751725],[37.717069,55.75172],[37.716828,55.751695],[37.716721,55.751681],[37.716625,55.751667],[37.716493,55.751644]],[[37.716493,55.751644],[37.715733,55.751503]],[[37.715733,55.751503],[37.715589,55.751472],[37.715476,55.751444],[37.715357,55.75141],[37.715043,55.751317],[37.714933,55.751287],[37.714831,55.751261],[37.714696,55.751232]],[[37.714696,55.751232],[37.714013,55.751103],[37.713665,55.751036]],[[37.713665,55.751036],[37.713541,55.75101],[37.713515,55.751004],[37.713102,55.750912],[37.712907,55.750875]],[[37.712907,55.750875],[37.710689,55.750441],[37.710464,55.750393]],[[37.710464,55.750393],[37.709087,55.750129],[37.708964,55.750105],[37.707854,55.749895],[37.706008,55.749532]],[[37.706008,55.749532],[37.705357,55.749405],[37.704631,55.749264],[37.703835,55.74912],[37.7034,55.749038],[37.7029,55.748969],[37.702502,55.748903],[37.702175,55.748841],[37.701158,55.748648],[37.700856,55.748593],[37.700282,55.748485],[37.700098,55.748443],[37.699961,55.748407],[37.699804,55.748365],[37.699634,55.74832],[37.698982,55.748185],[37.698284,55.74811],[37.696951,55.748005],[37.696522,55.747985],[37.696036,55.747971],[37.695019,55.747905],[37.694877,55.747895],[37.694504,55.747858],[37.692763,55.747707],[37.689001,55.747422],[37.688625,55.747396],[37.686439,55.74726]],[[37.686439,55.74726],[37.684582,55.747108],[37.682944,55.746978]],[[37.682944,55.746978],[37.682193,55.746918],[37.68194,55.746897],[37.681572,55.746868],[37.681394,55.746853]],[[37.681394,55.746853],[37.681252,55.746865],[37.681172,55.746872],[37.681119,55.746877],[37.680828,55.746937],[37.680705,55.746945],[37.680549,55.746937],[37.68047,55.746914],[37.680388,55.746879],[37.680339,55.746837],[37.680303,55.746793],[37.680282,55.746763],[37.680205,55.746662],[37.680099,55.746528],[37.680042,55.746469],[37.679868,55.746277],[37.679775,55.746174],[37.679553,55.745918],[37.679309,55.745626],[37.67907,55.745373],[37.678902,55.745225],[37.678517,55.744886],[37.678433,55.744813],[37.678121,55.744536],[37.677874,55.744286],[37.677433,55.743813],[37.677043,55.743392],[37.676946,55.743294],[37.676581,55.742902],[37.676373,55.74268],[37.675723,55.741996],[37.67538,55.741616],[37.675056,55.741292],[37.674352,55.74053],[37.674016,55.740187],[37.673876,55.740045]],[[37.673876,55.740045],[37.673782,55.739931],[37.673635,55.739786]],[[37.673635,55.739786],[37.673204,55.739235],[37.673141,55.7391],[37.67313,55.73908],[37.673031,55.738866]],[[37.673031,55.738866],[37.672746,55.738422]],[[37.672746,55.738422],[37.672583,55.738186],[37.672443,55.737981],[37.672163,55.737573],[37.671427,55.736507],[37.671305,55.736332],[37.671051,55.735965]],[[37.671051,55.735965],[37.670964,55.735839],[37.67083,55.735666]],[[37.67083,55.735666],[37.670588,55.735434],[37.670341,55.735215],[37.670002,55.734922]],[[37.670002,55.734922],[37.668957,55.734019]],[[37.668957,55.734019],[37.668846,55.733923],[37.668747,55.733822],[37.668611,55.733705],[37.668474,55.733607]],[[37.668474,55.733607],[37.667503,55.733028],[37.667419,55.732977]],[[37.667419,55.732977],[37.66733,55.732925],[37.666909,55.732684]],[[37.666909,55.732684],[37.66653,55.732509],[37.66635,55.732402],[37.666274,55.732348],[37.665903,55.732128]],[[37.665903,55.732128],[37.665328,55.731777],[37.665005,55.731641],[37.664786,55.731586],[37.664183,55.731468]],[[37.664183,55.731468],[37.663991,55.731431],[37.663568,55.731334],[37.662996,55.731203]],[[37.662996,55.731203],[37.662949,55.731193]],[[37.662949,55.731193],[37.661373,55.730862]],[[37.661373,55.730862],[37.661303,55.730847]],[[37.661303,55.730847],[37.661254,55.730831],[37.661201,55.730806],[37.661161,55.730777],[37.661084,55.730701],[37.661083,55.730671],[37.661085,55.730626],[37.661102,55.730579],[37.661191,55.730425]],[[37.661191,55.730425],[37.661475,55.730019]],[[37.661475,55.730019],[37.662093,55.729059]],[[37.662093,55.729059],[37.662488,55.728446]],[[37.662488,55.728446],[37.662684,55.728133],[37.662883,55.727843],[37.663047,55.727548],[37.663118,55.727399],[37.663184,55.727247]],[[37.663184,55.727247],[37.663275,55.727039],[37.663341,55.726889],[37.663427,55.726689],[37.663493,55.726525]],[[37.663493,55.726525],[37.66358,55.726309],[37.663643,55.726109],[37.663691,55.725908],[37.663761,55.725593]],[[37.663761,55.725593],[37.66384,55.72528],[37.663937,55.724867]],[[37.663937,55.724867],[37.663987,55.724653],[37.664022,55.72433]],[[37.664022,55.72433],[37.66404,55.72395],[37.664044,55.723783],[37.664037,55.723147]],[[37.664037,55.723147],[37.664046,55.723045],[37.664055,55.722997],[37.664077,55.722952],[37.664133,55.722886],[37.664235,55.722834],[37.664349,55.722807],[37.664477,55.722781]],[[37.664477,55.722781],[37.664969,55.722684],[37.665356,55.722608],[37.665875,55.722506]],[[37.665875,55.722506],[37.668587,55.72197],[37.66911,55.721873],[37.671895,55.721316],[37.672716,55.721156],[37.672894,55.721121],[37.673292,55.721036]],[[37.673292,55.721036],[37.673896,55.720915],[37.673943,55.720904],[37.673995,55.720892],[37.674065,55.720868],[37.674159,55.720822],[37.674211,55.720784],[37.674231,55.720768],[37.674261,55.720738]],[[37.674261,55.720738],[37.674379,55.720602]],[[37.674379,55.720602],[37.674431,55.72053],[37.67569,55.71883]],[[37.67569,55.71883],[37.676025,55.718378]],[[37.676025,55.718378],[37.67614,55.718223],[37.676203,55.718128],[37.676471,55.717777]],[[37.676471,55.717777],[37.67678,55.717374]],[[37.67678,55.717374],[37.67785,55.715978],[37.677935,55.715858],[37.677967,55.715812]],[[37.677967,55.715812],[37.678012,55.715755],[37.678288,55.715405]],[[37.678471,55.715241],[37.678095,55.715741],[37.678029,55.715826]],[[37.678029,55.715826],[37.677974,55.715896],[37.677902,55.715988],[37.676839,55.717388]],[[37.676839,55.717388],[37.67653,55.717795]],[[37.67653,55.717795],[37.67651,55.717821],[37.676083,55.718394]],[[37.676083,55.718394],[37.675749,55.718842]],[[37.675749,55.718842],[37.674533,55.720475],[37.674437,55.720607]],[[37.674437,55.720607],[37.674314,55.720753]],[[37.674314,55.720753],[37.674276,55.720786],[37.674236,55.720817],[37.674199,55.720842],[37.674154,55.720868],[37.674095,55.720894],[37.67402,55.720918],[37.673917,55.720944]],[[37.673917,55.720944],[37.673312,55.721064]],[[37.673312,55.721064],[37.673254,55.721075],[37.672907,55.721147],[37.672731,55.721182],[37.671914,55.721348],[37.669126,55.721902],[37.668263,55.722068],[37.665894,55.722536]],[[37.665894,55.722536],[37.665377,55.722639],[37.664989,55.722715],[37.664501,55.722812]],[[37.664501,55.722812],[37.664384,55.722835],[37.664232,55.722875],[37.664191,55.722899],[37.664157,55.722936],[37.664122,55.722997],[37.664112,55.723046],[37.664108,55.723147]],[[37.664108,55.723147],[37.664109,55.723628],[37.664111,55.723956],[37.664075,55.72433]],[[37.664075,55.72433],[37.664043,55.724654],[37.663993,55.724874]],[[37.663993,55.724874],[37.663899,55.725282],[37.663819,55.725603]],[[37.663819,55.725603],[37.66375,55.725915],[37.6637,55.726115],[37.663636,55.726311],[37.663554,55.726528]],[[37.663554,55.726528],[37.663486,55.726697],[37.663401,55.726901],[37.663335,55.727045],[37.663237,55.727257]],[[37.663237,55.727257],[37.663167,55.727407],[37.663094,55.727556],[37.662928,55.727852],[37.662735,55.728143],[37.662541,55.728452]],[[37.662541,55.728452],[37.662148,55.729071]],[[37.662148,55.729071],[37.661539,55.730028]],[[37.661539,55.730028],[37.661265,55.730437]],[[37.661265,55.730437],[37.66118,55.730585],[37.66116,55.730635],[37.661161,55.730689],[37.661202,55.730737],[37.661226,55.73076],[37.661264,55.730784],[37.661353,55.730821]],[[37.661353,55.730821],[37.661393,55.73083]],[[37.661393,55.73083],[37.664068,55.731409]],[[37.664068,55.731409],[37.664208,55.731437],[37.66443,55.731482],[37.664836,55.731563],[37.665171,55.731633],[37.666159,55.731774]],[[37.666159,55.731774],[37.666801,55.731878],[37.666968,55.731928],[37.667099,55.731993],[37.667351,55.732196],[37.66749,55.732336],[37.667614,55.732453],[37.667972,55.732749]],[[37.667972,55.732749],[37.668233,55.732993],[37.668536,55.733284],[37.668641,55.733388],[37.668743,55.733487],[37.668829,55.733571],[37.668967,55.733696],[37.669084,55.733804],[37.669549,55.734197],[37.670142,55.734751]],[[37.670142,55.734751],[37.670473,55.73503],[37.670579,55.735129],[37.670718,55.735318],[37.670909,55.735631]],[[37.670909,55.735631],[37.671015,55.735824],[37.671106,55.73595]],[[37.671106,55.73595],[37.671379,55.736322],[37.671475,55.736462],[37.672216,55.737522],[37.67224,55.737556],[37.672618,55.738114],[37.672658,55.738171],[37.672714,55.73825],[37.672812,55.738406]],[[37.672812,55.738406],[37.672862,55.738484],[37.672899,55.738543],[37.673038,55.738763],[37.673128,55.738898]],[[37.673128,55.738898],[37.673197,55.739065],[37.673214,55.739108],[37.673264,55.739228],[37.6737,55.739771]],[[37.6737,55.739771],[37.67392,55.740026]],[[37.67392,55.740026],[37.674068,55.740169],[37.675108,55.741279],[37.675429,55.741603],[37.675772,55.741984],[37.676418,55.742672],[37.676994,55.743275],[37.677064,55.74336],[37.677297,55.743605],[37.677496,55.743807],[37.677926,55.744273],[37.67817,55.744519],[37.678489,55.744802],[37.678568,55.744871],[37.67895,55.745203],[37.679128,55.745356],[37.679364,55.745611],[37.679606,55.745903],[37.679826,55.746161],[37.679919,55.746264],[37.680092,55.746456],[37.680158,55.746527],[37.680263,55.746661],[37.680342,55.746763],[37.68037,55.746793],[37.680399,55.746823],[37.680445,55.746859],[37.680506,55.746886],[37.680569,55.746904],[37.680698,55.746914]],[[37.680698,55.746914],[37.680816,55.746897],[37.680964,55.746867],[37.681136,55.746834],[37.681181,55.746832],[37.681245,55.746828],[37.681317,55.746825],[37.681395,55.746825]],[[37.681395,55.746825],[37.681948,55.746866],[37.682938,55.746944]],[[37.682938,55.746944],[37.684596,55.747074],[37.686449,55.747228]],[[37.686449,55.747228],[37.688395,55.747352],[37.688632,55.747367],[37.692776,55.747672],[37.694574,55.747831],[37.694885,55.747861],[37.696034,55.747935],[37.69644,55.74795],[37.696952,55.747972],[37.698292,55.748079],[37.698995,55.748155],[37.699655,55.748292],[37.699926,55.748363],[37.700047,55.748395],[37.700121,55.748415],[37.700306,55.748463],[37.700876,55.748564],[37.701175,55.748618],[37.702102,55.748795],[37.702518,55.748874],[37.702916,55.748938],[37.703417,55.74901],[37.703851,55.749091],[37.70465,55.749234],[37.705376,55.749376],[37.706026,55.749502]],[[37.706026,55.749502],[37.707873,55.749865],[37.708849,55.75005],[37.708981,55.750075],[37.710481,55.750365]],[[37.710481,55.750365],[37.710708,55.750413],[37.712926,55.75085]],[[37.712926,55.75085],[37.71307,55.750881],[37.71325,55.750919],[37.713328,55.750934],[37.713527,55.750982],[37.713637,55.751011]],[[37.713637,55.751011],[37.714025,55.751083],[37.714711,55.751209]],[[37.714711,55.751209],[37.714848,55.751238],[37.714955,55.751263],[37.715066,55.751296],[37.715366,55.751385],[37.715497,55.751422],[37.715607,55.751449],[37.715749,55.75148]],[[37.715749,55.75148],[37.716145,55.751555],[37.716506,55.751621]],[[37.716506,55.751621],[37.716637,55.751643],[37.71673,55.751658],[37.716836,55.75167],[37.717077,55.751696],[37.717122,55.751701],[37.717172,55.751707],[37.717252,55.751718],[37.71735,55.751734],[37.717576,55.751774]],[[37.717576,55.751774],[37.717734,55.75181]],[[37.717734,55.75181],[37.719074,55.752083],[37.719449,55.752156]],[[37.719449,55.752156],[37.720326,55.752327],[37.721527,55.752562]],[[37.721527,55.752562],[37.72176,55.752606]],[[37.72176,55.752606],[37.721998,55.752651],[37.723767,55.752988]],[[37.723767,55.752988],[37.7263,55.753484]],[[37.7263,55.753484],[37.72702,55.753621],[37.727999,55.753806],[37.732327,55.754649]],[[37.732327,55.754649],[37.734133,55.755006]],[[37.734133,55.755006],[37.736576,55.755503]],[[37.736576,55.755503],[37.737774,55.755743],[37.738357,55.755867]],[[37.738357,55.755867],[37.740159,55.756251]],[[37.740159,55.756251],[37.74029,55.756291],[37.740371,55.756331],[37.740441,55.756387],[37.740472,55.756425],[37.74049,55.756443],[37.740512,55.756493],[37.740529,55.756538],[37.740529,55.756562],[37.74051,55.756616]],[[37.74051,55.756616],[37.740331,55.756819],[37.739971,55.757225],[37.739906,55.757298],[37.736894,55.760591],[37.736808,55.760687],[37.736707,55.760794],[37.73484,55.762791],[37.7347,55.762942],[37.734601,55.763044],[37.734434,55.76324],[37.734333,55.763356],[37.732408,55.765433],[37.732195,55.765655],[37.731323,55.76662],[37.730763,55.767239],[37.730306,55.767745],[37.730035,55.768032],[37.728192,55.770062],[37.728135,55.770124],[37.727895,55.770389],[37.726058,55.77242],[37.725998,55.772487],[37.725907,55.772587],[37.725094,55.773486],[37.724945,55.773651],[37.723712,55.775009],[37.722959,55.775836],[37.721473,55.77747],[37.721,55.777975],[37.720931,55.778053],[37.72082,55.77818]],[[37.72082,55.77818],[37.720764,55.778258],[37.72071,55.778337],[37.720678,55.778398],[37.72066,55.778453],[37.720651,55.778521],[37.720646,55.778595],[37.720651,55.778689],[37.720652,55.778739],[37.720653,55.778756],[37.720655,55.778839],[37.720659,55.778926]],[[37.720659,55.778926],[37.72068,55.779496]],[[37.72068,55.779496],[37.720681,55.779507],[37.720678,55.779534],[37.720676,55.779569],[37.720673,55.779582],[37.720664,55.779615],[37.720643,55.779654],[37.720614,55.779685],[37.72056,55.779722],[37.72051,55.779747],[37.720452,55.779767],[37.720379,55.779784],[37.720315,55.779794],[37.720215,55.779807]],[[37.720215,55.779807],[37.71938,55.779919]],[[37.71938,55.779919],[37.719051,55.779963],[37.718918,55.779983],[37.718771,55.78001],[37.71864,55.780038],[37.718535,55.780065]],[[37.718535,55.780065],[37.718451,55.780091],[37.718373,55.780126],[37.718323,55.780164],[37.718289,55.780206],[37.718281,55.780217],[37.718267,55.780268],[37.718269,55.780333],[37.718286,55.780404],[37.718318,55.780495]],[[37.718318,55.780495],[37.718618,55.781348]],[[37.718618,55.781348],[37.718764,55.781785],[37.718798,55.781874]],[[37.718798,55.781874],[37.718838,55.781948],[37.718895,55.782017],[37.718909,55.782027],[37.718953,55.782057],[37.719017,55.782095],[37.719064,55.782117],[37.719077,55.782123],[37.719141,55.782149],[37.719265,55.782191],[37.719349,55.782205],[37.719453,55.782217]],[[37.719453,55.782217],[37.719457,55.782217],[37.720354,55.782256],[37.72115,55.782283],[37.721348,55.78229],[37.722265,55.782325],[37.722511,55.782336],[37.722682,55.782344],[37.724985,55.782437],[37.725265,55.782448],[37.726284,55.782483],[37.727843,55.782544],[37.728716,55.782578],[37.729754,55.782619],[37.730508,55.782649],[37.730616,55.782653],[37.730664,55.782654],[37.730891,55.782664],[37.733607,55.782774],[37.733818,55.782783],[37.7356,55.782857],[37.737533,55.782937],[37.738427,55.782967],[37.738636,55.782975],[37.738812,55.782982],[37.738968,55.782987],[37.742442,55.783117],[37.74266,55.783124]],[[37.74266,55.783124],[37.745172,55.783203]],[[37.745172,55.783203],[37.745374,55.783215],[37.745548,55.783243],[37.745637,55.783269],[37.74571,55.783295],[37.745788,55.78334],[37.745859,55.783394],[37.745917,55.783451],[37.745981,55.783545],[37.746015,55.783653],[37.745951,55.783973]],[[37.745951,55.783973],[37.745926,55.784121],[37.745699,55.785283]],[[37.745699,55.785283],[37.745704,55.785405],[37.745738,55.785468],[37.745848,55.785583],[37.746028,55.785695]],[[37.746028,55.785695],[37.747272,55.786373]],[[37.747272,55.786373],[37.7475,55.786471],[37.74761,55.786484],[37.747712,55.786496],[37.747948,55.786501]],[[37.747948,55.786501],[37.748009,55.786502],[37.750645,55.786558],[37.7509,55.786562],[37.751084,55.786564],[37.751298,55.786567],[37.754686,55.786598],[37.758506,55.786679],[37.759577,55.786707],[37.761682,55.786769]],[[37.761682,55.786769],[37.761758,55.786772],[37.762242,55.786788],[37.762396,55.786815],[37.762516,55.786865],[37.762526,55.78687],[37.7626,55.786946],[37.762605,55.786951],[37.762639,55.787039],[37.762617,55.78712],[37.762597,55.787199]],[[37.762597,55.787199],[37.762481,55.787659],[37.762473,55.78769],[37.762386,55.788036]],[[37.762386,55.788036],[37.762352,55.788173],[37.762354,55.78819],[37.762362,55.788253],[37.762381,55.788273],[37.76242,55.788311],[37.762516,55.788356],[37.762554,55.788365],[37.762634,55.788385],[37.76274,55.788399],[37.762922,55.788416]],[[37.762922,55.788416],[37.763319,55.788453],[37.763797,55.788503],[37.764332,55.788562],[37.764894,55.788618]],[[37.764894,55.788618],[37.76558,55.78873],[37.766183,55.788843],[37.766791,55.78897],[37.767381,55.789114],[37.767966,55.789268],[37.768484,55.78943]],[[37.768484,55.78943],[37.769759,55.789817],[37.770335,55.789989],[37.770593,55.790067],[37.771396,55.790309],[37.771507,55.790343],[37.77169,55.790401],[37.772187,55.79055],[37.772746,55.79072],[37.774412,55.791222],[37.775161,55.791447],[37.775375,55.791511],[37.775564,55.791566],[37.776068,55.791716]],[[37.776068,55.791716],[37.776908,55.79196],[37.777078,55.791997],[37.77726,55.792028],[37.777423,55.792054],[37.777547,55.792071]],[[37.777547,55.792071],[37.778545,55.79221],[37.778731,55.792235],[37.779708,55.792371],[37.77986,55.792392],[37.780091,55.792427],[37.780948,55.792547],[37.781507,55.792631],[37.781757,55.792667],[37.782486,55.79277]],[[37.782486,55.79277],[37.782837,55.792817],[37.783012,55.792835],[37.783158,55.792849],[37.783537,55.792878]],[[37.783537,55.792878],[37.783977,55.792914],[37.784112,55.792926],[37.784166,55.792931],[37.784827,55.792981]],[[37.784827,55.792981],[37.785079,55.79299],[37.785754,55.793003],[37.785872,55.793005]],[[37.785872,55.793005],[37.787147,55.793026],[37.787584,55.793031]],[[37.787584,55.793031],[37.788036,55.79304],[37.788251,55.793043],[37.788423,55.793046],[37.789353,55.793063],[37.789603,55.793069],[37.790306,55.793106],[37.790588,55.793116],[37.790788,55.793124],[37.791034,55.793131]],[[37.791034,55.793131],[37.792832,55.793168],[37.793532,55.793182],[37.793878,55.793188],[37.794039,55.793192],[37.794181,55.793194],[37.79488,55.793205],[37.79497,55.793206],[37.795068,55.793209],[37.796084,55.79323],[37.796586,55.793241]],[[37.796586,55.793241],[37.796741,55.793243],[37.796848,55.793245],[37.797226,55.79325],[37.797552,55.793247],[37.797971,55.793238],[37.798026,55.793237],[37.798701,55.793227],[37.799228,55.793232]],[[37.799228,55.793232],[37.799455,55.793231],[37.799751,55.793232],[37.800666,55.793251],[37.80093,55.793256],[37.801423,55.793266],[37.802451,55.793282],[37.803362,55.793297],[37.803452,55.793298],[37.804298,55.793312],[37.80519,55.793327],[37.805422,55.79333],[37.805578,55.793333],[37.805757,55.793337],[37.806576,55.793352],[37.806847,55.793357],[37.807811,55.793375],[37.808789,55.793392],[37.809458,55.793404],[37.810141,55.793417],[37.810266,55.79342],[37.810486,55.793425],[37.811512,55.793443],[37.81228,55.793456],[37.81253,55.793461],[37.81264,55.793463],[37.812808,55.793466],[37.813074,55.793471],[37.813382,55.793477],[37.81379,55.793485],[37.814631,55.793501],[37.814745,55.793502],[37.815552,55.793513],[37.8165,55.79353],[37.817226,55.79354]],[[37.817226,55.79354],[37.817988,55.79355],[37.819038,55.793567],[37.819212,55.79357]],[[37.819212,55.79357],[37.819361,55.793572],[37.82023,55.793588]]]}},{"type":"Feature","properties":{"kind":"line","route":17,"name":"Усадьба Останкино - Медведково","source":"osm","osm_relations":[540033,540139]},"geometry":{"type":"MultiLineString","coordinates":[[[37.615778,55.82359],[37.616102,55.823405],[37.616129,55.823371],[37.61615,55.823334],[37.616162,55.823294],[37.616164,55.823251],[37.616159,55.822992],[37.616161,55.822978],[37.616164,55.822963],[37.616168,55.82295],[37.616172,55.822936],[37.616178,55.822922],[37.616184,55.82291],[37.616194,55.822896],[37.616203,55.822882],[37.616214,55.822869],[37.616226,55.822855],[37.616238,55.822844],[37.61625,55.822833],[37.616268,55.822821],[37.616284,55.822811],[37.616303,55.822801],[37.616324,55.822792],[37.616346,55.822784],[37.616369,55.822777],[37.616389,55.822772],[37.616409,55.822767],[37.616429,55.822762],[37.616448,55.822758],[37.616468,55.822754],[37.61649,55.82275],[37.616511,55.822747],[37.616532,55.822745],[37.616572,55.822741],[37.616611,55.822739],[37.616758,55.82273]],[[37.616758,55.82273],[37.616911,55.822722],[37.618445,55.822646],[37.618799,55.822627]],[[37.618799,55.822627],[37.618831,55.822625],[37.61886,55.822622],[37.61889,55.822618],[37.618919,55.822613],[37.618947,55.822607],[37.618974,55.822598],[37.618998,55.822589],[37.619018,55.822578],[37.619036,55.822567],[37.619053,55.822555],[37.619065,55.822541],[37.619073,55.822527],[37.61908,55.822512],[37.619087,55.822495],[37.619092,55.822479],[37.619096,55.822462],[37.619098,55.822443],[37.6191,55.822424],[37.619102,55.822405],[37.619103,55.822386],[37.619111,55.82213],[37.619112,55.822116],[37.619112,55.822101],[37.619114,55.822086],[37.619117,55.82207],[37.619123,55.822055],[37.619129,55.822038],[37.619137,55.822022],[37.619148,55.822005],[37.619164,55.82199],[37.619182,55.821976],[37.619199,55.821963],[37.61922,55.82195],[37.619238,55.821939],[37.619258,55.821928],[37.619279,55.821917],[37.619301,55.821908],[37.619329,55.821898],[37.619355,55.821891],[37.619382,55.821884],[37.619414,55.821878],[37.619444,55.821873],[37.619474,55.82187],[37.619504,55.821867],[37.619533,55.821865],[37.619562,55.821863],[37.61959,55.821862]],[[37.61959,55.821862],[37.619641,55.821861],[37.619721,55.82186],[37.61996,55.82186],[37.621339,55.82186],[37.621649,55.821858],[37.622575,55.821853],[37.623231,55.82185],[37.624877,55.821838],[37.625132,55.821836],[37.625742,55.821836],[37.628137,55.821823],[37.628395,55.821822],[37.628617,55.821821],[37.629317,55.821818]],[[37.629317,55.821818],[37.629756,55.821874]],[[37.629756,55.821874],[37.630843,55.822084]],[[37.630843,55.822084],[37.630915,55.822099],[37.630973,55.82211],[37.631359,55.822138]],[[37.631359,55.822138],[37.632213,55.822125],[37.633691,55.822074],[37.634174,55.82206],[37.634611,55.822049],[37.634851,55.82204]],[[37.634851,55.82204],[37.63491,55.82204],[37.634965,55.822041],[37.635057,55.822063],[37.635096,55.822075],[37.635195,55.82212]],[[37.635195,55.82212],[37.635287,55.822168],[37.635298,55.822173],[37.635402,55.822227],[37.635555,55.822322]],[[37.635555,55.822322],[37.635867,55.822502],[37.636252,55.822716],[37.636525,55.822866]],[[37.636525,55.822866],[37.636812,55.823017],[37.637617,55.823421],[37.637816,55.82353]],[[37.637816,55.82353],[37.637865,55.823555],[37.637986,55.823616],[37.63874,55.824007],[37.639353,55.824317],[37.6395,55.824395],[37.640992,55.825164],[37.642268,55.82583],[37.642505,55.825945],[37.643934,55.826663],[37.644912,55.827178],[37.645016,55.827233],[37.645134,55.827297]],[[37.645134,55.827297],[37.645173,55.827318],[37.645213,55.827335],[37.645249,55.827348],[37.64529,55.827358],[37.645331,55.827363],[37.645369,55.827366],[37.645408,55.827366],[37.645445,55.827366],[37.645489,55.827364],[37.645533,55.82736],[37.645573,55.827355],[37.645611,55.827348],[37.645691,55.827329]],[[37.645691,55.827329],[37.645764,55.827308],[37.645889,55.82727],[37.646071,55.827215],[37.646509,55.827085]],[[37.646509,55.827085],[37.646617,55.827067],[37.64672,55.82706],[37.646807,55.827064],[37.646881,55.827078],[37.646934,55.827098],[37.646949,55.827106],[37.646978,55.827119],[37.647019,55.827153]],[[37.647019,55.827153],[37.647332,55.827464],[37.647818,55.827959],[37.648357,55.828503],[37.648842,55.828982],[37.648972,55.82912],[37.649071,55.829211],[37.649226,55.829366]],[[37.649226,55.829366],[37.649312,55.829454],[37.649411,55.829543]],[[37.649411,55.829543],[37.649671,55.829781]],[[37.649671,55.829781],[37.651081,55.831094],[37.651359,55.831283]],[[37.651359,55.831283],[37.651502,55.831361],[37.651638,55.83147]],[[37.651638,55.83147],[37.651964,55.831821],[37.65211,55.831967]],[[37.65211,55.831967],[37.652195,55.832051]],[[37.652195,55.832051],[37.652672,55.832537],[37.653409,55.83326]],[[37.653409,55.83326],[37.653537,55.833382],[37.653604,55.833451],[37.653698,55.833534]],[[37.653698,55.833534],[37.653967,55.833787]],[[37.653967,55.833787],[37.653988,55.833806],[37.65434,55.834112]],[[37.65434,55.834112],[37.654889,55.834636]],[[37.654889,55.834636],[37.655072,55.834822],[37.655656,55.835412]],[[37.655656,55.835412],[37.65569,55.835446],[37.655729,55.835485]],[[37.655729,55.835485],[37.656163,55.835922]],[[37.656163,55.835922],[37.656222,55.835979],[37.656301,55.836057],[37.656392,55.836126],[37.656509,55.836195],[37.656652,55.836267],[37.657123,55.836434],[37.657431,55.836539],[37.657583,55.836602],[37.657724,55.836668],[37.657852,55.836765]],[[37.657852,55.836765],[37.658222,55.837047],[37.65842,55.837194],[37.658755,55.837444]],[[37.658755,55.837444],[37.659031,55.837644],[37.659148,55.837731]],[[37.659148,55.837731],[37.66057,55.838804],[37.661666,55.839626],[37.662371,55.840208]],[[37.662371,55.840208],[37.662628,55.840418],[37.662779,55.84054]],[[37.662779,55.84054],[37.663575,55.841162],[37.664007,55.841524],[37.664206,55.841684]],[[37.664206,55.841684],[37.664378,55.841843],[37.664507,55.841975],[37.664542,55.842047],[37.664551,55.842116],[37.664562,55.842291],[37.664576,55.84236],[37.664601,55.842421],[37.664635,55.84247],[37.66468,55.842514],[37.664803,55.842613]],[[37.664803,55.842613],[37.665247,55.842943],[37.665333,55.843008],[37.665448,55.843096],[37.665652,55.843238],[37.665778,55.843331]],[[37.665778,55.843331],[37.665853,55.843393],[37.665913,55.84344],[37.665955,55.843468]],[[37.665955,55.843468],[37.66603,55.843522],[37.666083,55.843561],[37.666173,55.843615],[37.666463,55.84378],[37.666724,55.843939],[37.666842,55.844031]],[[37.666842,55.844031],[37.668379,55.845164]],[[37.668379,55.845164],[37.668507,55.845257],[37.668545,55.845283],[37.668577,55.845306]],[[37.668577,55.845306],[37.66903,55.845639],[37.669222,55.845779],[37.669496,55.845982],[37.669643,55.846088]],[[37.669643,55.846088],[37.669738,55.846169],[37.669806,55.846228],[37.669873,55.846293],[37.669927,55.846355],[37.669976,55.846418],[37.670043,55.846511],[37.670085,55.84658],[37.670124,55.846646],[37.670128,55.846658],[37.670178,55.846765]],[[37.670178,55.846765],[37.670333,55.847216],[37.670627,55.847849],[37.670742,55.848159],[37.670801,55.848422],[37.670853,55.848661],[37.670884,55.849157],[37.67084,55.849533],[37.670781,55.849874],[37.670749,55.850013],[37.670681,55.850349],[37.670606,55.850768]],[[37.670606,55.850768],[37.670584,55.85083],[37.670556,55.850904],[37.670446,55.851055],[37.670259,55.851199]],[[37.670259,55.851199],[37.669815,55.851491],[37.668001,55.852683],[37.666984,55.853334],[37.666253,55.853804],[37.665263,55.854436],[37.664729,55.854776],[37.664637,55.854831],[37.664437,55.85495],[37.66422,55.855084],[37.664088,55.855167],[37.662823,55.855989],[37.662296,55.856412],[37.661905,55.856726],[37.66184,55.856784],[37.661719,55.85689],[37.661381,55.857232],[37.66108,55.857602],[37.660809,55.858017],[37.660551,55.858502],[37.660529,55.858543],[37.660312,55.85908],[37.660209,55.859454],[37.660179,55.859564],[37.660157,55.85965],[37.660119,55.859825]],[[37.660119,55.859825],[37.660111,55.859862],[37.66007,55.860166],[37.66006,55.86042],[37.660077,55.860764],[37.660116,55.861032],[37.660282,55.861652],[37.660684,55.862539]],[[37.660684,55.862539],[37.660933,55.863055]],[[37.660933,55.863055],[37.660969,55.86313],[37.660994,55.863182],[37.661324,55.863854],[37.661697,55.864596],[37.661738,55.864675],[37.661743,55.864686],[37.661794,55.86478],[37.663016,55.86716],[37.663058,55.867244],[37.663579,55.868288],[37.663601,55.868339],[37.663804,55.868754],[37.663822,55.868789],[37.66384,55.868833]],[[37.66384,55.868833],[37.663846,55.868881],[37.663846,55.868906],[37.663844,55.868971],[37.663812,55.869086],[37.66379,55.869119],[37.663768,55.869161],[37.663738,55.869211],[37.66373,55.869232],[37.66368,55.869286],[37.663648,55.869323],[37.663528,55.869437],[37.663452,55.869495],[37.663372,55.869547],[37.663209,55.869637],[37.663085,55.869688],[37.662995,55.869719],[37.662922,55.869741],[37.662832,55.869766],[37.662746,55.869788],[37.66262,55.869816],[37.662489,55.869842]],[[37.662489,55.869842],[37.662366,55.869864],[37.662214,55.869891],[37.659618,55.870295],[37.65871,55.870439],[37.657109,55.870694],[37.656909,55.870726]],[[37.656909,55.870726],[37.65565,55.870925],[37.655497,55.870949]],[[37.655497,55.870949],[37.654085,55.871166]],[[37.654085,55.871166],[37.652471,55.871395],[37.652315,55.871412],[37.652187,55.871426],[37.651741,55.871475],[37.650602,55.8716],[37.650522,55.871605],[37.649395,55.871676],[37.649303,55.871677],[37.648859,55.87168],[37.648131,55.871685],[37.64778,55.871687],[37.647098,55.871657],[37.646946,55.871646],[37.646735,55.871631],[37.646464,55.87161],[37.646391,55.871604],[37.645127,55.871486],[37.644553,55.871432],[37.642003,55.87119],[37.639337,55.870936],[37.638902,55.870892]],[[37.638902,55.870892],[37.638791,55.870893],[37.638631,55.870896],[37.638506,55.87092],[37.638406,55.87094],[37.638385,55.870946],[37.638307,55.870976],[37.638201,55.871026],[37.638077,55.871111],[37.638028,55.871195],[37.638019,55.871209]],[[37.638019,55.871209],[37.637879,55.871696],[37.63786,55.871759],[37.637445,55.873157],[37.637082,55.874366],[37.637067,55.874417],[37.636673,55.875772],[37.636043,55.877941],[37.636013,55.878037],[37.635961,55.878208]],[[37.635961,55.878208],[37.635958,55.878228],[37.635952,55.878378],[37.636017,55.878549],[37.63608,55.878638],[37.636123,55.878697],[37.636156,55.878737]],[[37.636156,55.878737],[37.636263,55.878839],[37.638894,55.881574],[37.638995,55.881679],[37.639389,55.882075],[37.641209,55.883997],[37.641376,55.884174],[37.641866,55.884693],[37.642734,55.885607],[37.643012,55.885902],[37.643023,55.885914],[37.643211,55.886106]],[[37.643211,55.886106],[37.643392,55.886297]],[[37.643392,55.886297],[37.644012,55.886934],[37.644198,55.887144],[37.644195,55.887244],[37.644107,55.887327],[37.644083,55.887349],[37.64388,55.887413],[37.642979,55.887505]],[[37.642955,55.886558],[37.643044,55.886462],[37.643174,55.886323],[37.643198,55.886237],[37.643185,55.886167],[37.643174,55.88615]],[[37.643174,55.88615],[37.643149,55.886113],[37.642965,55.885917],[37.642674,55.885625],[37.64181,55.884705],[37.641315,55.884181],[37.641159,55.884016],[37.639322,55.882091],[37.639022,55.881785],[37.63894,55.881697],[37.636213,55.878851],[37.636105,55.878744]],[[37.636105,55.878744],[37.636072,55.87871],[37.636026,55.878644],[37.635963,55.878552],[37.635901,55.878378],[37.635895,55.878234],[37.635899,55.878207]],[[37.635899,55.878207],[37.635946,55.878034],[37.635971,55.87794],[37.636614,55.875766],[37.636997,55.874471],[37.637015,55.874412],[37.63739,55.873151],[37.637782,55.871842],[37.637807,55.871755],[37.637969,55.871201]],[[37.637969,55.871201],[37.637975,55.87119],[37.638025,55.871102],[37.63813,55.871018],[37.638255,55.870951],[37.638308,55.87093],[37.638365,55.870907],[37.638399,55.8709],[37.638487,55.870879],[37.638624,55.870864],[37.638749,55.870864],[37.63891,55.870863]],[[37.63891,55.870863],[37.639361,55.870915],[37.642013,55.871164],[37.644566,55.871403],[37.645161,55.871461],[37.64624,55.871563],[37.646475,55.871584],[37.646741,55.871607],[37.646949,55.871622],[37.647102,55.871633],[37.647779,55.87166],[37.648857,55.87165],[37.6493,55.871646],[37.649391,55.871645],[37.650517,55.871573],[37.650589,55.871569],[37.651596,55.871463],[37.652177,55.871397],[37.652462,55.871365],[37.654027,55.871139]],[[37.654027,55.871139],[37.655433,55.870922]],[[37.655433,55.870922],[37.655596,55.8709],[37.656901,55.870694]],[[37.656901,55.870694],[37.657113,55.87066],[37.658635,55.870417],[37.658697,55.870407],[37.6622,55.869863],[37.662343,55.86984],[37.662461,55.869818]],[[37.662461,55.869818],[37.662588,55.869791],[37.662708,55.869765],[37.662821,55.869736],[37.662898,55.869714],[37.662923,55.869707],[37.663039,55.869668],[37.663177,55.869614],[37.663267,55.869566],[37.663346,55.869517],[37.663417,55.869471],[37.663481,55.869421],[37.663606,55.869304],[37.663656,55.869245],[37.66369,55.8692],[37.663724,55.869136],[37.663748,55.869096],[37.663768,55.869052],[37.663799,55.868936],[37.663802,55.868892],[37.663799,55.868845]],[[37.663799,55.868845],[37.663782,55.868795],[37.66367,55.868552],[37.663569,55.868344],[37.663503,55.86821],[37.663426,55.868048],[37.663018,55.867252],[37.662973,55.867165],[37.661749,55.864787],[37.6617,55.864693],[37.661694,55.864683],[37.661653,55.864603],[37.66147,55.864242],[37.661282,55.863859],[37.660961,55.863186],[37.660935,55.863134],[37.660899,55.86306]],[[37.660899,55.86306],[37.66064,55.862549]],[[37.66064,55.862549],[37.660234,55.861653],[37.660075,55.861046],[37.660028,55.860764],[37.660021,55.860423],[37.660025,55.860166],[37.660068,55.859861],[37.660077,55.859821]],[[37.660077,55.859821],[37.660115,55.859649],[37.660138,55.859562],[37.660166,55.85945],[37.660275,55.859075],[37.660486,55.85854],[37.660509,55.858497],[37.660766,55.858009],[37.661041,55.857596],[37.661334,55.857225],[37.661486,55.857058],[37.661673,55.856879],[37.661781,55.856777],[37.661861,55.85671],[37.662261,55.856394],[37.662797,55.855972],[37.664076,55.85513],[37.664183,55.855066],[37.664362,55.854957],[37.664552,55.854843],[37.664695,55.854758],[37.665097,55.854502],[37.665229,55.854417],[37.666207,55.853789],[37.666868,55.853362],[37.66785,55.852727],[37.669762,55.851467],[37.670398,55.851048]],[[37.670398,55.851048],[37.67051,55.850902],[37.670541,55.85081],[37.670554,55.850767]],[[37.670554,55.850767],[37.670591,55.850549],[37.670625,55.850348],[37.670695,55.850013],[37.670723,55.84987],[37.670788,55.849526],[37.670828,55.849154],[37.670792,55.848665],[37.67075,55.848422],[37.670682,55.848159],[37.670575,55.847863],[37.670282,55.84722],[37.670127,55.846772]],[[37.670127,55.846772],[37.670088,55.846686],[37.67007,55.846655],[37.670033,55.84659],[37.669995,55.846521],[37.669927,55.846431],[37.669876,55.846368],[37.669822,55.846306],[37.669758,55.846244],[37.669691,55.846186],[37.669598,55.846108]],[[37.669598,55.846108],[37.669177,55.845799],[37.669054,55.845714],[37.668988,55.845658],[37.668534,55.845324]],[[37.668534,55.845324],[37.668465,55.845275],[37.668339,55.845181]],[[37.668339,55.845181],[37.666801,55.844047]],[[37.666801,55.844047],[37.666682,55.843957],[37.666423,55.843801],[37.666133,55.843635],[37.666041,55.84358],[37.665988,55.843542],[37.665913,55.843485]],[[37.665913,55.843485],[37.665873,55.843455],[37.665813,55.843408],[37.665734,55.843347]],[[37.665734,55.843347],[37.66563,55.843269],[37.665288,55.843027],[37.66523,55.842984],[37.664762,55.84263]],[[37.664762,55.84263],[37.664644,55.842527],[37.664598,55.842481],[37.66456,55.84243],[37.66453,55.842367],[37.664514,55.842293],[37.664501,55.842117],[37.66449,55.84205],[37.664457,55.841984],[37.664327,55.841861],[37.664165,55.841702]],[[37.664165,55.841702],[37.663961,55.841542],[37.663524,55.841177],[37.662724,55.840556]],[[37.662724,55.840556],[37.662578,55.840435],[37.662324,55.840226]],[[37.662324,55.840226],[37.661621,55.839642],[37.660529,55.838822],[37.659103,55.837749]],[[37.659103,55.837749],[37.658988,55.837663],[37.658712,55.837464]],[[37.658712,55.837464],[37.658378,55.837212],[37.657987,55.83692],[37.657807,55.836783]],[[37.657807,55.836783],[37.657684,55.836691],[37.657549,55.836628],[37.657399,55.836571],[37.657094,55.836463],[37.656628,55.836295],[37.656478,55.836222],[37.656361,55.836155],[37.65626,55.836072],[37.656176,55.835994],[37.656117,55.835936]],[[37.656117,55.835936],[37.655683,55.8355]],[[37.655683,55.8355],[37.655643,55.835461],[37.655607,55.835427]],[[37.655607,55.835427],[37.655025,55.834839],[37.65484,55.834653]],[[37.65484,55.834653],[37.654298,55.834122]],[[37.654298,55.834122],[37.653955,55.833833],[37.653934,55.833812]],[[37.653934,55.833812],[37.65366,55.833562]],[[37.65366,55.833562],[37.653559,55.833467],[37.653461,55.833372],[37.653369,55.83328]],[[37.653369,55.83328],[37.652816,55.832729],[37.65263,55.832551]],[[37.65263,55.832551],[37.652549,55.832465],[37.65221,55.832129],[37.652071,55.831983]],[[37.652071,55.831983],[37.651583,55.831485]],[[37.651583,55.831485],[37.651465,55.831379],[37.651317,55.83129]],[[37.651317,55.83129],[37.65104,55.831113],[37.650959,55.831037]],[[37.650959,55.831037],[37.649484,55.829641],[37.649389,55.829554]],[[37.649389,55.829554],[37.649218,55.829402],[37.649042,55.829221],[37.648946,55.829131],[37.64893,55.829106]],[[37.64893,55.829106],[37.648322,55.828513],[37.647771,55.827973],[37.647281,55.827481],[37.646976,55.827169]],[[37.646976,55.827169],[37.64694,55.827138],[37.646905,55.82712],[37.64686,55.827103],[37.646797,55.827092],[37.646711,55.82709],[37.646625,55.827096],[37.646543,55.827111]],[[37.646543,55.827111],[37.646097,55.827242],[37.645915,55.827298],[37.64579,55.827335],[37.645715,55.827357]],[[37.645715,55.827357],[37.64563,55.827377],[37.645587,55.827385],[37.645544,55.82739],[37.645496,55.827395],[37.645447,55.827397],[37.645407,55.827397],[37.645366,55.827397],[37.645322,55.827394],[37.645272,55.827388],[37.645223,55.827376],[37.645181,55.82736],[37.645159,55.827351],[37.645138,55.827341],[37.645082,55.827313]],[[37.645082,55.827313],[37.644961,55.827249],[37.644863,55.827197],[37.64389,55.826683],[37.642467,55.825969],[37.642265,55.825873],[37.640954,55.825188],[37.639461,55.82442],[37.639315,55.82434],[37.638272,55.823805],[37.637949,55.823639],[37.637827,55.823577],[37.637776,55.823552]],[[37.637776,55.823552],[37.637581,55.823444],[37.636783,55.823038],[37.636499,55.822889]],[[37.636499,55.822889],[37.636227,55.822737],[37.635841,55.82252],[37.635531,55.822341]],[[37.635531,55.822341],[37.635382,55.822248],[37.635278,55.822193],[37.63527,55.822189],[37.635175,55.822141]],[[37.635175,55.822141],[37.635079,55.822093],[37.635039,55.822078],[37.634954,55.82206],[37.634895,55.822061],[37.634842,55.822063]],[[37.634842,55.822063],[37.634609,55.82207],[37.63417,55.822084],[37.633908,55.822092],[37.632263,55.822142],[37.631442,55.822168]],[[37.631442,55.822168],[37.631184,55.822158],[37.630943,55.822128],[37.630911,55.822122]],[[37.630911,55.822122],[37.63084,55.822109],[37.629749,55.821898]],[[37.629749,55.821898],[37.62929,55.821837]],[[37.62929,55.821837],[37.628605,55.821841],[37.628395,55.821843],[37.625707,55.821857],[37.625132,55.821858],[37.624879,55.821861],[37.623221,55.821881],[37.622575,55.821884],[37.622128,55.821886],[37.62165,55.821888],[37.61996,55.821889],[37.619723,55.821889],[37.619642,55.821891],[37.619593,55.821891]],[[37.619593,55.821891],[37.619565,55.821892],[37.619538,55.821893],[37.61951,55.821895],[37.619483,55.821897],[37.619454,55.8219],[37.619427,55.821904],[37.619401,55.821909],[37.619377,55.821916],[37.619353,55.821922],[37.61933,55.821931],[37.619308,55.821939],[37.61929,55.821947],[37.619271,55.821957],[37.619253,55.821967],[37.619236,55.821979],[37.619222,55.821992],[37.619208,55.822004],[37.619199,55.822017],[37.619189,55.822031],[37.619181,55.822046],[37.619175,55.82206],[37.61917,55.822075],[37.619168,55.822089],[37.619166,55.822103],[37.619166,55.822117],[37.619165,55.82213],[37.619154,55.822387],[37.619153,55.822406],[37.619151,55.822425],[37.619149,55.822445],[37.619146,55.822466],[37.619143,55.822483],[37.619136,55.822502],[37.61913,55.822519],[37.619122,55.822536],[37.619111,55.822553],[37.619096,55.822569],[37.619078,55.822585],[37.619056,55.8226],[37.619029,55.822612],[37.619,55.822623],[37.61897,55.822632],[37.618937,55.822641],[37.618904,55.822647],[37.618872,55.822651],[37.618839,55.822654],[37.618807,55.822657]],[[37.618807,55.822657],[37.618451,55.822676],[37.617843,55.822707],[37.617229,55.822737]]]}},{"type":"Feature","properties":{"kind":"line","route":25,"name":"Усадьба Останкино - Сокольническая Застава","source":"osm","osm_relations":[3186264,3186265]},"geometry":{"type":"MultiLineString","coordinates":[[[37.615778,55.82359],[37.616102,55.823405],[37.616129,55.823371],[37.61615,55.823334],[37.616162,55.823294],[37.616164,55.823251],[37.616159,55.822992],[37.616161,55.822978],[37.616164,55.822963],[37.616168,55.82295],[37.616172,55.822936],[37.616178,55.822922],[37.616184,55.82291],[37.616194,55.822896],[37.616203,55.822882],[37.616214,55.822869],[37.616226,55.822855],[37.616238,55.822844],[37.61625,55.822833],[37.616268,55.822821],[37.616284,55.822811],[37.616303,55.822801],[37.616324,55.822792],[37.616346,55.822784],[37.616369,55.822777],[37.616389,55.822772],[37.616409,55.822767],[37.616429,55.822762],[37.616448,55.822758],[37.616468,55.822754],[37.61649,55.82275],[37.616511,55.822747],[37.616532,55.822745],[37.616572,55.822741],[37.616611,55.822739],[37.616758,55.82273]],[[37.616758,55.82273],[37.616911,55.822722],[37.618445,55.822646],[37.618799,55.822627]],[[37.618799,55.822627],[37.618831,55.822625],[37.61886,55.822622],[37.61889,55.822618],[37.618919,55.822613],[37.618947,55.822607],[37.618974,55.822598],[37.618998,55.822589],[37.619018,55.822578],[37.619036,55.822567],[37.619053,55.822555],[37.619065,55.822541],[37.619073,55.822527],[37.61908,55.822512],[37.619087,55.822495],[37.619092,55.822479],[37.619096,55.822462],[37.619098,55.822443],[37.6191,55.822424],[37.619102,55.822405],[37.619103,55.822386],[37.619111,55.82213],[37.619112,55.822116],[37.619112,55.822101],[37.619114,55.822086],[37.619117,55.82207],[37.619123,55.822055],[37.619129,55.822038],[37.619137,55.822022],[37.619148,55.822005],[37.619164,55.82199],[37.619182,55.821976],[37.619199,55.821963],[37.61922,55.82195],[37.619238,55.821939],[37.619258,55.821928],[37.619279,55.821917],[37.619301,55.821908],[37.619329,55.821898],[37.619355,55.821891],[37.619382,55.821884],[37.619414,55.821878],[37.619444,55.821873],[37.619474,55.82187],[37.619504,55.821867],[37.619533,55.821865],[37.619562,55.821863],[37.61959,55.821862]],[[37.61959,55.821862],[37.619641,55.821861],[37.619721,55.82186],[37.61996,55.82186],[37.621339,55.82186],[37.621649,55.821858],[37.622575,55.821853],[37.623231,55.82185],[37.624877,55.821838],[37.625132,55.821836],[37.625742,55.821836],[37.628137,55.821823],[37.628395,55.821822],[37.628617,55.821821],[37.629317,55.821818]],[[37.629317,55.821818],[37.629756,55.821874]],[[37.629756,55.821874],[37.630843,55.822084]],[[37.630843,55.822084],[37.630915,55.822099],[37.630973,55.82211],[37.631359,55.822138]],[[37.631359,55.822138],[37.632213,55.822125],[37.633691,55.822074],[37.634174,55.82206],[37.634611,55.822049],[37.634851,55.82204]],[[37.634851,55.82204],[37.63491,55.82204],[37.634965,55.822041],[37.635057,55.822063],[37.635096,55.822075],[37.635195,55.82212]],[[37.635195,55.82212],[37.635287,55.822168],[37.635298,55.822173],[37.635402,55.822227],[37.635555,55.822322]],[[37.635555,55.822322],[37.635867,55.822502],[37.636252,55.822716],[37.636525,55.822866]],[[37.636525,55.822866],[37.636812,55.823017],[37.637617,55.823421],[37.637816,55.82353]],[[37.637816,55.82353],[37.637865,55.823555],[37.637986,55.823616],[37.63874,55.824007],[37.639353,55.824317],[37.6395,55.824395],[37.640992,55.825164],[37.642268,55.82583],[37.642505,55.825945],[37.643934,55.826663],[37.644912,55.827178],[37.645016,55.827233],[37.645134,55.827297]],[[37.645134,55.827297],[37.645173,55.827318],[37.645213,55.827335],[37.645249,55.827348],[37.64529,55.827358],[37.645331,55.827363],[37.645369,55.827366],[37.645408,55.827366],[37.645445,55.827366],[37.645489,55.827364],[37.645533,55.82736],[37.645573,55.827355],[37.645611,55.827348],[37.645691,55.827329]],[[37.645691,55.827329],[37.645764,55.827308],[37.645889,55.82727],[37.646071,55.827215],[37.646509,55.827085]],[[37.646509,55.827085],[37.647215,55.826869]],[[37.647215,55.826869],[37.647845,55.826656],[37.648082,55.826578],[37.649281,55.826172]],[[37.649281,55.826172],[37.651056,55.825581]],[[37.651056,55.825581],[37.65122,55.825515],[37.651465,55.825396],[37.651555,55.825344],[37.651711,55.82525],[37.65188,55.825158],[37.652157,55.825015],[37.652278,55.824971]],[[37.652278,55.824971],[37.652891,55.824752],[37.653179,55.824654],[37.653498,55.82454],[37.654676,55.824137],[37.654867,55.824072],[37.655147,55.823977]],[[37.655147,55.823977],[37.655671,55.823799],[37.65605,55.823674],[37.656781,55.823425],[37.657077,55.823325],[37.657532,55.823168]],[[37.657532,55.823168],[37.65768,55.823119],[37.657771,55.82309],[37.658602,55.822841],[37.658756,55.822794],[37.660134,55.822372],[37.660219,55.822344],[37.660372,55.822298],[37.661491,55.82196],[37.66236,55.821692],[37.663041,55.82148],[37.663732,55.821279],[37.66392,55.821225],[37.664362,55.821097],[37.664808,55.82097],[37.666235,55.820566],[37.667531,55.820179]],[[37.667531,55.820179],[37.668319,55.819959]],[[37.668319,55.819959],[37.670295,55.819377],[37.670851,55.819213],[37.671284,55.819088]],[[37.671284,55.819088],[37.67177,55.818953],[37.675201,55.817984]],[[37.675201,55.817984],[37.675557,55.8179],[37.675745,55.817866]],[[37.675745,55.817866],[37.676993,55.817643],[37.677383,55.817576],[37.677927,55.817489],[37.678024,55.817472],[37.67835,55.817417],[37.678703,55.817355],[37.678796,55.817341],[37.678984,55.817312],[37.679088,55.817292],[37.679174,55.817274]],[[37.679174,55.817274],[37.679358,55.81724],[37.679541,55.817201],[37.67979,55.817106]],[[37.67979,55.817106],[37.680166,55.816925],[37.680225,55.816897],[37.681003,55.816529],[37.682221,55.815959],[37.682682,55.815745]],[[37.682682,55.815745],[37.682968,55.815639],[37.68322,55.815567],[37.683408,55.815535]],[[37.683408,55.815535],[37.684005,55.815434],[37.684311,55.815388]],[[37.684311,55.815388],[37.68482,55.815317],[37.685068,55.815261],[37.68516,55.815223],[37.68528,55.81516]],[[37.68528,55.81516],[37.685379,55.815088],[37.686517,55.814262]],[[37.686517,55.814262],[37.686693,55.814134],[37.686742,55.814092],[37.686772,55.81405],[37.686793,55.814009],[37.686797,55.813998],[37.686809,55.81396],[37.686815,55.813894],[37.686815,55.813838],[37.686801,55.813794],[37.686782,55.813747],[37.686751,55.813708]],[[37.686751,55.813708],[37.686254,55.813069],[37.685725,55.812402]],[[37.685725,55.812402],[37.685305,55.811841],[37.684799,55.811182]],[[37.684799,55.811182],[37.684764,55.81113],[37.684749,55.811098],[37.684746,55.811068],[37.684751,55.811038],[37.684775,55.810992],[37.684805,55.810955],[37.684852,55.810913]],[[37.684852,55.810913],[37.685398,55.810502],[37.687708,55.808762],[37.688001,55.808542],[37.689492,55.807419],[37.689527,55.807393],[37.690176,55.806904]],[[37.690176,55.806904],[37.691552,55.805868]],[[37.691552,55.805868],[37.691719,55.805743]],[[37.691719,55.805743],[37.691732,55.805734],[37.691764,55.805696],[37.691773,55.805649],[37.69177,55.805612],[37.691755,55.805581],[37.691735,55.805552],[37.691709,55.805523],[37.691675,55.805489]],[[37.691675,55.805489],[37.690615,55.804539],[37.690143,55.80411],[37.688813,55.802898],[37.688727,55.802818],[37.688491,55.802619]],[[37.688491,55.802619],[37.688189,55.802343],[37.688157,55.802313],[37.687957,55.802049],[37.687814,55.801831],[37.687729,55.801683]],[[37.687729,55.801683],[37.687498,55.801282],[37.687464,55.801225],[37.686974,55.800424]],[[37.686974,55.800424],[37.686847,55.800215],[37.686617,55.799943],[37.686175,55.799548]],[[37.686175,55.799548],[37.686128,55.799505],[37.686048,55.79944],[37.685989,55.799386],[37.685913,55.79931],[37.685614,55.799026]],[[37.685614,55.799026],[37.685245,55.798675],[37.684991,55.798396]],[[37.684991,55.798396],[37.683278,55.796515]],[[37.683278,55.796515],[37.683128,55.79635],[37.683067,55.796252],[37.683032,55.796194],[37.682957,55.796028],[37.682894,55.795868]],[[37.682894,55.795868],[37.682297,55.794388],[37.681727,55.792981]],[[37.681727,55.792981],[37.681696,55.792904],[37.681679,55.792882],[37.681655,55.792862],[37.681626,55.792844],[37.681601,55.792833],[37.681591,55.792829],[37.681553,55.792818],[37.681475,55.7928]],[[37.681475,55.7928],[37.680722,55.792629],[37.680539,55.792586]],[[37.680539,55.792586],[37.680446,55.792565],[37.680406,55.792548],[37.680377,55.792532],[37.680341,55.792505],[37.68034,55.792504],[37.680319,55.79248],[37.680305,55.792453],[37.680299,55.792429],[37.680299,55.792397],[37.68031,55.792363]],[[37.68031,55.792363],[37.680344,55.792312],[37.680777,55.791632]],[[37.680777,55.791632],[37.680783,55.791591],[37.680776,55.791554],[37.680758,55.791524],[37.680732,55.791496],[37.680697,55.791471],[37.680655,55.791449],[37.680606,55.791435],[37.680553,55.791424],[37.680499,55.791413]],[[37.680499,55.791413],[37.680456,55.791405],[37.679951,55.791302],[37.679925,55.791301],[37.6799,55.791303],[37.679875,55.791307],[37.679852,55.791313],[37.679831,55.791321],[37.679812,55.791332],[37.679797,55.791343],[37.679785,55.791356],[37.679777,55.79137],[37.679659,55.791553],[37.679466,55.791853]],[[37.679466,55.791853],[37.679337,55.792046],[37.679322,55.792075],[37.679317,55.79209],[37.679313,55.792103],[37.67931,55.792128],[37.679313,55.792155],[37.67933,55.792199],[37.679371,55.792248],[37.679427,55.79229],[37.679501,55.792324],[37.680027,55.792436]],[[37.680027,55.792436],[37.68034,55.792504],[37.680392,55.792515],[37.680485,55.792541]],[[37.680485,55.792541],[37.681146,55.792694],[37.68151,55.792778]],[[37.68151,55.792778],[37.681609,55.792801],[37.681647,55.792815],[37.681675,55.792829],[37.68168,55.792832],[37.681708,55.792852],[37.68173,55.792874],[37.681746,55.792897],[37.681776,55.792972]],[[37.681776,55.792972],[37.682347,55.79437],[37.682949,55.795855]],[[37.682949,55.795855],[37.683009,55.796011],[37.683088,55.796187],[37.683133,55.796265],[37.683183,55.796339],[37.683328,55.796498]],[[37.683328,55.796498],[37.684083,55.797326],[37.684659,55.797958]],[[37.684659,55.797958],[37.685299,55.798662],[37.685967,55.799291]],[[37.685967,55.799291],[37.686036,55.79936],[37.686044,55.799368],[37.686091,55.799416],[37.686169,55.79948],[37.686222,55.799524]],[[37.686222,55.799524],[37.686397,55.799668],[37.686673,55.799929],[37.686897,55.800199],[37.687026,55.800412]],[[37.687026,55.800412],[37.687536,55.801254],[37.687778,55.801675]],[[37.687778,55.801675],[37.687862,55.801822],[37.688011,55.802047],[37.688235,55.802325],[37.688544,55.802602]],[[37.688544,55.802602],[37.688773,55.802804],[37.688782,55.802812],[37.688862,55.802883],[37.690202,55.80409],[37.690695,55.804537],[37.69172,55.805476]],[[37.69172,55.805476],[37.69176,55.805519],[37.691802,55.805567],[37.691827,55.805616],[37.691828,55.805633],[37.69183,55.805661],[37.691817,55.805703],[37.691779,55.805747],[37.691754,55.805769]],[[37.691754,55.805769],[37.69159,55.805893]],[[37.69159,55.805893],[37.690216,55.806927]],[[37.690216,55.806927],[37.689571,55.807413],[37.689535,55.80744],[37.688312,55.808361],[37.688044,55.808563],[37.685442,55.810522],[37.684878,55.810947]],[[37.684878,55.810947],[37.684842,55.810978],[37.684819,55.811004],[37.684799,55.811038],[37.684796,55.811061],[37.684794,55.811077],[37.684816,55.811131],[37.684841,55.81117]],[[37.684841,55.81117],[37.685342,55.811831],[37.685758,55.812377]],[[37.685758,55.812377],[37.686301,55.813058],[37.686792,55.813696]],[[37.686792,55.813696],[37.686824,55.813739],[37.686849,55.813788],[37.68686,55.813836],[37.686866,55.813894],[37.686859,55.813952],[37.686858,55.813962],[37.686841,55.814015],[37.686819,55.81406],[37.686785,55.814107],[37.686736,55.814152],[37.686559,55.814279]],[[37.686559,55.814279],[37.685421,55.815103],[37.685318,55.815177]],[[37.685318,55.815177],[37.6851,55.815286],[37.684826,55.815348],[37.684496,55.815395],[37.684298,55.815419]],[[37.684298,55.815419],[37.684019,55.81546],[37.683416,55.815562]],[[37.683416,55.815562],[37.683241,55.815592],[37.683,55.815663],[37.682715,55.81577]],[[37.682715,55.81577],[37.68225,55.815977],[37.681032,55.816548],[37.680255,55.816918],[37.680194,55.816947],[37.679817,55.817128]],[[37.679817,55.817128],[37.679561,55.817225],[37.679379,55.817268],[37.679192,55.817305]],[[37.679192,55.817305],[37.679107,55.817324],[37.678725,55.817382],[37.678667,55.817392],[37.678365,55.817444],[37.678051,55.817497],[37.677941,55.817516],[37.677391,55.817604],[37.677008,55.817669],[37.675755,55.817893]],[[37.675755,55.817893],[37.675575,55.817925],[37.67522,55.81801]],[[37.67522,55.81801],[37.671795,55.818984],[37.671324,55.81912],[37.670881,55.819244],[37.670322,55.819406],[37.66834,55.819982]],[[37.66834,55.819982],[37.667552,55.820202]],[[37.667552,55.820202],[37.666971,55.820375]],[[37.666971,55.820375],[37.666255,55.820587],[37.664375,55.821121],[37.663941,55.821247],[37.663833,55.821279],[37.663061,55.821503],[37.662383,55.821716],[37.662139,55.821792]],[[37.662139,55.821792],[37.660394,55.822323],[37.660243,55.822369],[37.660157,55.822395],[37.658775,55.822813],[37.658004,55.823052],[37.657705,55.823142],[37.657553,55.823189],[37.657098,55.823347],[37.656802,55.823446],[37.656071,55.823691],[37.655694,55.823819],[37.655169,55.823997],[37.654888,55.824093],[37.654698,55.824157],[37.653518,55.824559],[37.653198,55.824672],[37.652912,55.82477],[37.652386,55.824959]],[[37.652386,55.824959],[37.652179,55.825033],[37.651902,55.825176],[37.651731,55.825271],[37.65158,55.825362],[37.651494,55.825413]],[[37.651494,55.825413],[37.651241,55.825539],[37.651086,55.825602]],[[37.651086,55.825602],[37.649303,55.826195],[37.648725,55.82639],[37.648106,55.826601],[37.647881,55.826674],[37.647868,55.826678],[37.647242,55.826896]],[[37.647242,55.826896],[37.647011,55.82697],[37.64672,55.82706],[37.646543,55.827111]],[[37.646543,55.827111],[37.646097,55.827242],[37.645915,55.827298],[37.64579,55.827335],[37.645715,55.827357]],[[37.645715,55.827357],[37.64563,55.827377],[37.645587,55.827385],[37.645544,55.82739],[37.645496,55.827395],[37.645447,55.827397],[37.645407,55.827397],[37.645366,55.827397],[37.645322,55.827394],[37.645272,55.827388],[37.645223,55.827376],[37.645181,55.82736],[37.645159,55.827351],[37.645138,55.827341],[37.645082,55.827313]],[[37.645082,55.827313],[37.644961,55.827249],[37.644863,55.827197],[37.64389,55.826683],[37.642467,55.825969],[37.642265,55.825873],[37.640954,55.825188],[37.639461,55.82442],[37.639315,55.82434],[37.638272,55.823805],[37.637949,55.823639],[37.637827,55.823577],[37.637776,55.823552]],[[37.637776,55.823552],[37.637581,55.823444],[37.636783,55.823038],[37.636499,55.822889]],[[37.636499,55.822889],[37.636227,55.822737],[37.635841,55.82252],[37.635531,55.822341]],[[37.635531,55.822341],[37.635382,55.822248],[37.635278,55.822193],[37.63527,55.822189],[37.635175,55.822141]],[[37.635175,55.822141],[37.635079,55.822093],[37.635039,55.822078],[37.634954,55.82206],[37.634895,55.822061],[37.634842,55.822063]],[[37.634842,55.822063],[37.634609,55.82207],[37.63417,55.822084],[37.633908,55.822092],[37.632263,55.822142],[37.631442,55.822168]],[[37.631442,55.822168],[37.631184,55.822158],[37.630943,55.822128],[37.630911,55.822122]],[[37.630911,55.822122],[37.63084,55.822109],[37.629749,55.821898]],[[37.629749,55.821898],[37.62929,55.821837]],[[37.62929,55.821837],[37.628605,55.821841],[37.628395,55.821843],[37.625707,55.821857],[37.625132,55.821858],[37.624879,55.821861],[37.623221,55.821881],[37.622575,55.821884],[37.622128,55.821886],[37.62165,55.821888],[37.61996,55.821889],[37.619723,55.821889],[37.619642,55.821891],[37.619593,55.821891]],[[37.619593,55.821891],[37.619565,55.821892],[37.619538,55.821893],[37.61951,55.821895],[37.619483,55.821897],[37.619454,55.8219],[37.619427,55.821904],[37.619401,55.821909],[37.619377,55.821916],[37.619353,55.821922],[37.61933,55.821931],[37.619308,55.821939],[37.61929,55.821947],[37.619271,55.821957],[37.619253,55.821967],[37.619236,55.821979],[37.619222,55.821992],[37.619208,55.822004],[37.619199,55.822017],[37.619189,55.822031],[37.619181,55.822046],[37.619175,55.82206],[37.61917,55.822075],[37.619168,55.822089],[37.619166,55.822103],[37.619166,55.822117],[37.619165,55.82213],[37.619154,55.822387],[37.619153,55.822406],[37.619151,55.822425],[37.619149,55.822445],[37.619146,55.822466],[37.619143,55.822483],[37.619136,55.822502],[37.61913,55.822519],[37.619122,55.822536],[37.619111,55.822553],[37.619096,55.822569],[37.619078,55.822585],[37.619056,55.8226],[37.619029,55.822612],[37.619,55.822623],[37.61897,55.822632],[37.618937,55.822641],[37.618904,55.822647],[37.618872,55.822651],[37.618839,55.822654],[37.618807,55.822657]],[[37.618807,55.822657],[37.618451,55.822676],[37.617843,55.822707],[37.617229,55.822737]]]}},{"type":"Feature","properties":{"kind":"line","route":26,"name":"Метро «Университет» - Метро «Октябрьская»","source":"osm","osm_relations":[1689026,1689064]},"geometry":{"type":"MultiLineString","coordinates":[[[37.537714,55.692111],[37.538165,55.691855],[37.539406,55.69115],[37.539615,55.691031],[37.539699,55.690982],[37.539709,55.690977],[37.540032,55.690794],[37.540165,55.690718],[37.540425,55.690566],[37.54265,55.689296],[37.542774,55.689219],[37.543785,55.688645],[37.543946,55.688555],[37.544228,55.688393],[37.544451,55.688266],[37.544705,55.688122],[37.544804,55.688062],[37.545015,55.687952],[37.545246,55.687815],[37.545447,55.687702],[37.54548,55.687682],[37.545496,55.687674],[37.545662,55.687577],[37.547159,55.686679],[37.547551,55.686455],[37.54768,55.686382],[37.547944,55.686231],[37.55006,55.685023],[37.550889,55.68454],[37.551391,55.684247]],[[37.551391,55.684247],[37.551509,55.684186],[37.551536,55.684174],[37.55162,55.684145],[37.551746,55.684112],[37.551831,55.684102],[37.551893,55.6841],[37.551956,55.684099],[37.552024,55.6841],[37.552152,55.684117],[37.552181,55.684123],[37.552226,55.684134],[37.552263,55.684142],[37.552375,55.684187],[37.552464,55.684235],[37.552469,55.684238],[37.552581,55.684332],[37.552628,55.684371]],[[37.552628,55.684371],[37.553935,55.685435]],[[37.553935,55.685435],[37.553989,55.685453],[37.554047,55.685466],[37.554077,55.685471],[37.554112,55.685477],[37.554163,55.685482],[37.55418,55.685483],[37.554296,55.685477],[37.554369,55.685464],[37.55444,55.685448]],[[37.55444,55.685448],[37.554482,55.685432],[37.55554,55.685068],[37.556712,55.684661],[37.557791,55.684297],[37.559269,55.683786],[37.559637,55.683658],[37.56001,55.683529],[37.563477,55.682338],[37.563709,55.682259],[37.565847,55.681531],[37.566412,55.681333],[37.566709,55.681238],[37.566956,55.681152],[37.567017,55.681131],[37.567146,55.681088],[37.57127,55.679658],[37.571889,55.679445],[37.572009,55.679404],[37.57226,55.679318],[37.574168,55.678665],[37.574445,55.678568],[37.574602,55.678513],[37.576144,55.677982],[37.578369,55.677209]],[[37.578369,55.677209],[37.578547,55.677146],[37.578754,55.677076],[37.579089,55.676985],[37.579151,55.676977],[37.579226,55.67697],[37.579278,55.676967],[37.579443,55.676972],[37.57963,55.677013],[37.580018,55.677141]],[[37.580018,55.677141],[37.580609,55.677344],[37.580963,55.677466],[37.581787,55.677748],[37.583031,55.678176],[37.583654,55.678389]],[[37.583654,55.678389],[37.583933,55.678485],[37.584052,55.678567],[37.584078,55.678598],[37.584099,55.67866],[37.584111,55.678701],[37.584108,55.678741],[37.58408,55.678799],[37.583712,55.67914],[37.583689,55.679184],[37.583676,55.67923],[37.583694,55.679276],[37.583727,55.679322],[37.583781,55.679355],[37.583852,55.679389],[37.583988,55.67944]],[[37.583988,55.67944],[37.584386,55.679589],[37.58492,55.679788]],[[37.58492,55.679788],[37.585077,55.679836],[37.585218,55.679857],[37.585348,55.679861],[37.585501,55.679847],[37.585676,55.679829]],[[37.585676,55.679829],[37.58578,55.679811],[37.585915,55.679786],[37.586098,55.679786],[37.586232,55.679809],[37.586326,55.679853],[37.586502,55.680022]],[[37.586502,55.680022],[37.586683,55.680172],[37.586805,55.680236],[37.586928,55.680301]],[[37.586928,55.680301],[37.58709,55.680388],[37.587286,55.680499],[37.587345,55.680538],[37.587497,55.680637],[37.587642,55.680765]],[[37.587642,55.680765],[37.587915,55.681005],[37.588324,55.681379],[37.588711,55.681734],[37.58907,55.682064],[37.589206,55.682188],[37.589397,55.682363],[37.589803,55.682735],[37.58999,55.682907],[37.590919,55.683761]],[[37.590919,55.683761],[37.591261,55.68385],[37.593429,55.68584],[37.593493,55.686124]],[[37.593493,55.686124],[37.593518,55.686146],[37.593858,55.686464],[37.594535,55.687097],[37.595239,55.687755],[37.595521,55.688019]],[[37.595521,55.688019],[37.595597,55.688089],[37.59572,55.688213],[37.595879,55.688395],[37.595959,55.688484],[37.596059,55.688594]],[[37.596059,55.688594],[37.596212,55.68872],[37.596343,55.688836],[37.596449,55.688936],[37.596565,55.68905],[37.597396,55.689805],[37.597686,55.690031],[37.597734,55.690063],[37.597848,55.690138],[37.598087,55.690282],[37.598343,55.69042],[37.5992,55.690773],[37.599348,55.690834],[37.599796,55.691009],[37.600535,55.691292],[37.600775,55.691385]],[[37.600775,55.691385],[37.601883,55.691811]],[[37.601883,55.691811],[37.601993,55.691854],[37.602074,55.691886],[37.602613,55.692078],[37.602867,55.692172],[37.603684,55.692475],[37.60471,55.692854],[37.604773,55.692878],[37.605037,55.692979],[37.607541,55.693947],[37.607641,55.693986],[37.608194,55.694199],[37.608327,55.694248]],[[37.608327,55.694248],[37.608776,55.694413],[37.609053,55.694544],[37.609417,55.694738],[37.609616,55.694869],[37.609726,55.694957],[37.610019,55.695252]],[[37.610019,55.695252],[37.611075,55.696407],[37.611666,55.697052],[37.612053,55.697472]],[[37.612053,55.697472],[37.612254,55.697691],[37.614314,55.699915],[37.614472,55.700084],[37.614661,55.700287]],[[37.614661,55.700287],[37.614928,55.700602],[37.615091,55.700776],[37.61512,55.700832],[37.615141,55.700887],[37.615156,55.701005],[37.615152,55.701059],[37.615136,55.701108],[37.615042,55.701226],[37.614873,55.70141],[37.61466,55.701635]],[[37.61466,55.701635],[37.614606,55.701691],[37.61458,55.701732],[37.614457,55.702227],[37.614384,55.702328]],[[37.614384,55.702328],[37.614274,55.702481],[37.614198,55.702558]],[[37.614198,55.702558],[37.612525,55.704239],[37.612276,55.7045],[37.612042,55.704778],[37.610983,55.705932],[37.610748,55.706198]],[[37.610748,55.706198],[37.610642,55.706317],[37.610585,55.706442],[37.610551,55.706565],[37.610554,55.706713]],[[37.610554,55.706713],[37.610613,55.707863],[37.610618,55.708066],[37.610628,55.708225]],[[37.610628,55.708225],[37.610628,55.708272],[37.61062,55.708322],[37.610592,55.708372],[37.610526,55.708422],[37.61045,55.708449],[37.610381,55.70846],[37.610302,55.708467],[37.610221,55.708469],[37.610115,55.708467],[37.609906,55.708443]],[[37.609906,55.708443],[37.609398,55.708385],[37.609158,55.708372]],[[37.609158,55.708372],[37.608988,55.708362],[37.608427,55.708333],[37.607893,55.708305],[37.607544,55.708274]],[[37.607544,55.708274],[37.60734,55.708255],[37.60729,55.708253],[37.607242,55.708259],[37.607199,55.708273],[37.607165,55.708293],[37.607084,55.708425]],[[37.607084,55.708425],[37.606892,55.70874],[37.606753,55.708967],[37.60662,55.70921]],[[37.60662,55.70921],[37.606446,55.709527],[37.60639,55.709675],[37.606365,55.709785]],[[37.606365,55.709785],[37.606242,55.710329],[37.606198,55.710525],[37.606181,55.710662]],[[37.606181,55.710662],[37.606162,55.710819],[37.606159,55.710872],[37.606159,55.710968],[37.606177,55.711064],[37.606193,55.711106],[37.606209,55.711148],[37.606238,55.711223]],[[37.606238,55.711223],[37.606316,55.711399],[37.606347,55.711483],[37.606381,55.711572]],[[37.606381,55.711572],[37.606415,55.711668],[37.606447,55.711759],[37.606506,55.711928],[37.606537,55.712015],[37.606601,55.712197]],[[37.606601,55.712197],[37.606683,55.712432],[37.606703,55.71249],[37.606795,55.712735],[37.607036,55.713364],[37.607296,55.714044],[37.607461,55.714494],[37.607516,55.714634],[37.607863,55.715519],[37.607901,55.71562],[37.607943,55.715734],[37.608088,55.716123],[37.608238,55.716526],[37.608298,55.716687],[37.608319,55.716742],[37.608352,55.716826],[37.608613,55.717495],[37.608729,55.717796],[37.609007,55.718539],[37.609141,55.718907],[37.609174,55.718989],[37.609335,55.719415],[37.609417,55.719632],[37.609681,55.720299],[37.609915,55.720893],[37.610019,55.721159],[37.61012,55.721424],[37.6103,55.721904],[37.610335,55.722],[37.610487,55.722411],[37.610549,55.722583],[37.610673,55.722918],[37.61071,55.723019],[37.61078,55.723212],[37.610868,55.723456],[37.61094,55.723696]],[[37.61094,55.723696],[37.610968,55.723792],[37.611013,55.72395],[37.61104,55.724044]],[[37.61104,55.724044],[37.61112,55.724319],[37.611204,55.724602],[37.611279,55.724885]],[[37.611279,55.724885],[37.611331,55.725109],[37.611342,55.725158],[37.611348,55.725181],[37.61136,55.72524],[37.611378,55.725316],[37.611393,55.725392],[37.61142,55.725508],[37.611455,55.725665],[37.611465,55.72571],[37.611485,55.725805],[37.611504,55.725889],[37.611521,55.725968],[37.611538,55.726047],[37.611549,55.726093],[37.6116,55.726319],[37.611629,55.726449],[37.61166,55.726583]],[[37.611671,55.726893],[37.611658,55.726834],[37.611609,55.726614],[37.611595,55.726554],[37.611587,55.726516],[37.611483,55.726042],[37.611467,55.725973],[37.611455,55.725915],[37.611445,55.72587],[37.611429,55.725799],[37.611425,55.725779],[37.611409,55.725707],[37.611382,55.725585],[37.611309,55.72526],[37.611294,55.725192],[37.611277,55.725113],[37.611225,55.72489]],[[37.611225,55.72489],[37.611149,55.724607],[37.611066,55.724324],[37.610987,55.724051]],[[37.610987,55.724051],[37.610959,55.723955],[37.610912,55.723796],[37.610883,55.723699]],[[37.610883,55.723699],[37.610811,55.72346],[37.610726,55.723217],[37.610656,55.723025],[37.610528,55.72268],[37.610433,55.722418],[37.610279,55.722003],[37.610246,55.72191],[37.610071,55.721429],[37.609966,55.721166],[37.609862,55.7209],[37.609627,55.720306],[37.609364,55.719638],[37.609281,55.719422],[37.609121,55.718996],[37.608985,55.718631],[37.608954,55.718545],[37.608677,55.717802],[37.608559,55.717501],[37.608298,55.716831],[37.608241,55.71668],[37.608184,55.716531],[37.60789,55.71574],[37.607846,55.715623],[37.60781,55.715525],[37.607469,55.714667],[37.607409,55.7145],[37.607274,55.714141],[37.60724,55.714051],[37.606979,55.713371],[37.606737,55.712742],[37.606625,55.712438],[37.606536,55.712199],[37.60648,55.712017],[37.606427,55.711841]],[[37.606427,55.711841],[37.606404,55.711776]],[[37.606404,55.711776],[37.6064,55.711764],[37.606378,55.711704],[37.606364,55.711664]],[[37.606364,55.711664],[37.606334,55.711577],[37.606316,55.711529],[37.606301,55.711488],[37.606287,55.711457],[37.606252,55.711375]],[[37.606252,55.711375],[37.606157,55.711149],[37.606145,55.711111],[37.606133,55.711071],[37.606118,55.710995],[37.60611,55.710912],[37.606114,55.710818],[37.606134,55.710658]],[[37.606134,55.710658],[37.60615,55.710523],[37.606188,55.710322],[37.60629,55.709778]],[[37.60629,55.709778],[37.606311,55.709668],[37.606369,55.709516],[37.606546,55.709193]],[[37.606546,55.709193],[37.606676,55.708955],[37.607008,55.708412]],[[37.607008,55.708412],[37.607088,55.70828],[37.607123,55.708248],[37.607173,55.708224],[37.607234,55.708209],[37.6073,55.708206],[37.607563,55.70823]],[[37.607563,55.70823],[37.607906,55.708261],[37.609178,55.708329]],[[37.609178,55.708329],[37.609401,55.708343],[37.609923,55.708415]],[[37.609923,55.708415],[37.610121,55.708442],[37.61022,55.708445],[37.610294,55.708442],[37.610369,55.708432],[37.610425,55.70842],[37.610478,55.708397],[37.610532,55.708359],[37.610556,55.708314],[37.610566,55.708271],[37.610568,55.708225]],[[37.610568,55.708225],[37.610562,55.708065],[37.61055,55.707862],[37.610467,55.706716]],[[37.610467,55.706716],[37.61047,55.706559],[37.610507,55.706431],[37.610564,55.706305],[37.610675,55.706179]],[[37.610675,55.706179],[37.610912,55.705912],[37.612045,55.704668],[37.612206,55.704478],[37.612457,55.704216],[37.614124,55.70254]],[[37.614124,55.70254],[37.614199,55.702465],[37.61432,55.702299]],[[37.61432,55.702299],[37.614379,55.702217],[37.614496,55.701723],[37.614539,55.701672],[37.614594,55.701614]],[[37.614594,55.701614],[37.614803,55.701393],[37.614983,55.701212],[37.615039,55.701155],[37.615082,55.701099],[37.615098,55.701055],[37.615097,55.701005],[37.615086,55.700891],[37.615067,55.700839],[37.615039,55.700787],[37.614872,55.70061],[37.614591,55.70031]],[[37.614591,55.70031],[37.6144,55.700105],[37.614242,55.699935],[37.612183,55.697712],[37.611983,55.697493]],[[37.611983,55.697493],[37.611743,55.697231],[37.611004,55.696428],[37.609972,55.69527]],[[37.609972,55.69527],[37.609669,55.694974],[37.609575,55.694886],[37.609372,55.694762],[37.609,55.694577],[37.608736,55.694443],[37.608292,55.694278]],[[37.608292,55.694278],[37.608158,55.694228],[37.607604,55.694014],[37.606674,55.693659],[37.604994,55.693016],[37.604729,55.692915],[37.604664,55.692891],[37.603644,55.692507],[37.602832,55.692201],[37.602187,55.691958],[37.602039,55.691907],[37.601953,55.691877],[37.601848,55.69184]],[[37.601848,55.69184],[37.600741,55.691413]],[[37.600741,55.691413],[37.600502,55.691318],[37.599772,55.691027],[37.599322,55.690854],[37.599172,55.690793]],[[37.599172,55.690793],[37.598313,55.690445],[37.598051,55.690302],[37.597838,55.690175],[37.597699,55.690085],[37.597594,55.690016],[37.597356,55.689827],[37.597141,55.689631],[37.596551,55.689095]],[[37.596551,55.689095],[37.5964,55.688952],[37.596295,55.688852],[37.596165,55.688735],[37.596051,55.688646]],[[37.596051,55.688646],[37.595821,55.688401],[37.595683,55.688248],[37.595544,55.688111],[37.595468,55.68804]],[[37.595468,55.68804],[37.595186,55.687774],[37.594485,55.687114],[37.593587,55.686268],[37.593473,55.686161],[37.593442,55.686131]],[[37.593442,55.686131],[37.593395,55.685853],[37.591214,55.683874],[37.590863,55.683774]],[[37.590863,55.683774],[37.589751,55.682755],[37.589352,55.682389],[37.589163,55.682215],[37.589022,55.682085],[37.588661,55.681753],[37.588631,55.681726],[37.588271,55.681395],[37.587864,55.681021],[37.587594,55.680786]],[[37.587594,55.680786],[37.587442,55.680655],[37.587293,55.680554],[37.587232,55.680513],[37.587056,55.680407],[37.586884,55.680318]],[[37.586884,55.680318],[37.586758,55.680278],[37.586676,55.680268],[37.586513,55.680264],[37.586409,55.680276],[37.58624,55.680313],[37.586158,55.680339]],[[37.586158,55.680339],[37.586069,55.680371],[37.58596,55.680398],[37.585814,55.680417]],[[37.585814,55.680417],[37.585686,55.680415],[37.585584,55.680398],[37.58548,55.680361],[37.585368,55.680298],[37.585235,55.680175],[37.584896,55.679879],[37.584784,55.679793]],[[37.584784,55.679793],[37.584332,55.679623],[37.583939,55.679477]],[[37.583939,55.679477],[37.583795,55.679423],[37.583742,55.679403],[37.5837,55.67938],[37.583638,55.679336],[37.583613,55.679295],[37.583605,55.679253],[37.583614,55.679187],[37.583639,55.679122],[37.584003,55.678785],[37.584035,55.678725],[37.584034,55.678666],[37.58402,55.678653],[37.583985,55.678591],[37.583875,55.678517],[37.583617,55.678424]],[[37.583617,55.678424],[37.583002,55.678201],[37.581756,55.677775],[37.580934,55.677494],[37.580579,55.677373],[37.579993,55.677172]],[[37.579993,55.677172],[37.579603,55.677045],[37.579431,55.67701],[37.579288,55.677012],[37.579239,55.677015],[37.579179,55.677019],[37.579124,55.677026],[37.578792,55.677115],[37.578587,55.677185],[37.578409,55.677248]],[[37.578409,55.677248],[37.576186,55.678021],[37.574644,55.678551],[37.574489,55.678606],[37.573975,55.678781],[37.572301,55.679357],[37.57205,55.679443],[37.571929,55.679485],[37.571312,55.679697],[37.567439,55.681039],[37.567058,55.68117],[37.566997,55.68119],[37.56675,55.681276],[37.566452,55.681372],[37.565732,55.681617],[37.563756,55.682295],[37.563518,55.682377],[37.560052,55.683567],[37.559678,55.683697],[37.559311,55.683824],[37.557723,55.684366],[37.556882,55.684643],[37.554754,55.685378],[37.554512,55.685461],[37.554465,55.685478]],[[37.554465,55.685478],[37.554392,55.6855],[37.554307,55.685516],[37.554282,55.685517],[37.554176,55.685522],[37.554132,55.685517],[37.554094,55.685513],[37.554081,55.685512],[37.55403,55.685505],[37.554014,55.6855],[37.553955,55.685484],[37.553885,55.685459]],[[37.553885,55.685459],[37.552582,55.684387]],[[37.552582,55.684387],[37.552542,55.684353],[37.552451,55.68428],[37.552421,55.684256],[37.552328,55.684209],[37.552248,55.684184],[37.552232,55.684179],[37.552169,55.684165],[37.55213,55.684156],[37.552035,55.684143],[37.551953,55.68414],[37.551886,55.684139],[37.551837,55.684142],[37.551752,55.684151],[37.551649,55.684175],[37.551579,55.684198],[37.551448,55.684273]],[[37.551448,55.684273],[37.550939,55.684566],[37.550437,55.684855],[37.550103,55.685047],[37.547818,55.686358],[37.547745,55.686399],[37.547599,55.686483],[37.547209,55.686707],[37.545714,55.687612],[37.54555,55.687707],[37.545536,55.687714],[37.545505,55.687733],[37.545308,55.687855],[37.545062,55.687983],[37.544905,55.688071],[37.544756,55.688156],[37.544512,55.688295],[37.544284,55.688425],[37.543841,55.688677],[37.542835,55.689248],[37.542697,55.689327],[37.540482,55.690597],[37.540088,55.690825],[37.539928,55.690916],[37.539765,55.691009],[37.539756,55.691014],[37.539673,55.691062],[37.539463,55.691182],[37.538235,55.691879],[37.537771,55.692143],[37.537486,55.692305],[37.537305,55.692418],[37.536945,55.692643]]]}},{"type":"Feature","properties":{"kind":"line","route":28,"name":"Метро «Сокол» - Проспект Маршала Жукова","source":"osm","osm_relations":[3184022,3184023]},"geometry":{"type":"MultiLineString","coordinates":[[[37.508698,55.805802],[37.508876,55.805703],[37.508956,55.805667],[37.508986,55.80566],[37.509135,55.805626],[37.509249,55.805587]],[[37.509249,55.805587],[37.509373,55.805507],[37.509449,55.805477],[37.509503,55.805468],[37.509532,55.805463],[37.509565,55.805458],[37.509598,55.805455],[37.509632,55.805453],[37.509666,55.805453],[37.509699,55.805454],[37.509733,55.805458],[37.509766,55.805462],[37.509797,55.805469],[37.509828,55.805477],[37.509858,55.805486],[37.509885,55.805497],[37.509912,55.805509],[37.509936,55.805522],[37.509958,55.805536],[37.509977,55.805552],[37.509995,55.805568],[37.51001,55.805585],[37.510022,55.805603],[37.510031,55.805621],[37.510037,55.80564],[37.510041,55.805659],[37.510041,55.805678],[37.510039,55.805697],[37.510034,55.805716],[37.510026,55.805734],[37.510015,55.805752],[37.510001,55.80577],[37.509985,55.805786],[37.509966,55.805802],[37.509945,55.805817],[37.509922,55.805831],[37.509897,55.805843],[37.509869,55.805855],[37.509841,55.805865],[37.50981,55.805873]],[[37.50981,55.805873],[37.509711,55.805902],[37.509587,55.805926],[37.509504,55.805939],[37.509439,55.805946],[37.509374,55.805951],[37.509309,55.805952],[37.509103,55.80595]],[[37.509103,55.80595],[37.508937,55.805946],[37.508828,55.805953],[37.508713,55.80597],[37.508357,55.806049]],[[37.508357,55.806049],[37.507865,55.806169],[37.507435,55.806272],[37.506348,55.806533]],[[37.506348,55.806533],[37.506178,55.806574],[37.506111,55.806589],[37.505913,55.806626],[37.505296,55.80675]],[[37.505296,55.80675],[37.505127,55.80678],[37.503928,55.807017],[37.501755,55.807426],[37.499908,55.807761],[37.498835,55.807965],[37.497455,55.808233],[37.4959,55.80855],[37.494935,55.80876],[37.493901,55.808982],[37.492833,55.809216],[37.4927,55.809246]],[[37.4927,55.809246],[37.492123,55.809375],[37.491979,55.809408]],[[37.491979,55.809408],[37.491777,55.809449]],[[37.491777,55.809449],[37.491394,55.809523],[37.491313,55.809536],[37.491228,55.809541],[37.491144,55.809538],[37.491062,55.809526],[37.490985,55.809507],[37.490949,55.809496]],[[37.490949,55.809496],[37.489599,55.809145]],[[37.489599,55.809145],[37.489582,55.80914],[37.489522,55.809126],[37.489445,55.809115],[37.489368,55.80911],[37.489294,55.809112],[37.489213,55.809121],[37.489132,55.809136],[37.488776,55.809227]],[[37.488776,55.809227],[37.48725,55.809665],[37.486421,55.809936],[37.485552,55.810235],[37.484715,55.810526]],[[37.484715,55.810526],[37.484502,55.8106],[37.48441,55.810625],[37.484295,55.810647],[37.48417,55.81066],[37.483987,55.810673],[37.48383,55.810676]],[[37.48383,55.810676],[37.483571,55.810669],[37.482577,55.810639],[37.482357,55.810632],[37.481072,55.810585],[37.479807,55.810536],[37.478641,55.81049],[37.478142,55.810472],[37.477443,55.810446],[37.477055,55.810432],[37.476263,55.810406],[37.476165,55.810402],[37.476013,55.810398],[37.475894,55.810397],[37.475553,55.810387]],[[37.475553,55.810387],[37.475415,55.810383],[37.475138,55.810375],[37.474903,55.810368],[37.4747,55.810362]],[[37.4747,55.810362],[37.473831,55.810337],[37.470394,55.810231]],[[37.470394,55.810231],[37.469761,55.810212],[37.469623,55.810207],[37.46953,55.810204],[37.46838,55.810166]],[[37.46838,55.810166],[37.467523,55.810137],[37.466973,55.81012]],[[37.466973,55.81012],[37.466187,55.810097],[37.464053,55.810021]],[[37.464053,55.810021],[37.463133,55.809988],[37.462484,55.809969]],[[37.462484,55.809969],[37.462291,55.809957],[37.462097,55.80994],[37.461938,55.809904],[37.461794,55.809861],[37.461629,55.809779],[37.461474,55.809667],[37.461463,55.809657],[37.461332,55.809533]],[[37.461332,55.809533],[37.461288,55.80948],[37.461208,55.809414],[37.461126,55.809351],[37.460979,55.809229],[37.460402,55.808774],[37.460317,55.808708],[37.458153,55.806844]],[[37.458153,55.806844],[37.457913,55.806668],[37.457739,55.806556]],[[37.457739,55.806556],[37.457616,55.806484],[37.457443,55.806395],[37.457005,55.806211],[37.456743,55.806122],[37.456462,55.806043],[37.455988,55.805932],[37.455529,55.805847],[37.455228,55.805796],[37.454785,55.80575],[37.454202,55.805702]],[[37.454202,55.805702],[37.453599,55.805654],[37.453431,55.80564],[37.452736,55.805584],[37.452286,55.805551]],[[37.452286,55.805551],[37.452152,55.805525],[37.452058,55.805499]],[[37.452058,55.805499],[37.451962,55.805463],[37.451879,55.805423],[37.451737,55.805348],[37.451703,55.80533],[37.451669,55.805312],[37.451431,55.805187],[37.451315,55.805125],[37.451208,55.805069],[37.451108,55.805016],[37.450901,55.804884],[37.450743,55.804758],[37.450634,55.804642],[37.450559,55.804522],[37.450493,55.804363],[37.450464,55.804212],[37.45046,55.804122]],[[37.45046,55.804122],[37.450451,55.803905],[37.450432,55.803593],[37.450414,55.803325],[37.450412,55.80328],[37.450413,55.803233],[37.450401,55.803095],[37.450397,55.803033]],[[37.450397,55.803033],[37.450293,55.801301],[37.450292,55.801208],[37.450293,55.800242],[37.450295,55.799087],[37.450298,55.799039]],[[37.450298,55.799039],[37.450313,55.798829],[37.450351,55.79868],[37.450416,55.798524],[37.450522,55.798357],[37.450653,55.7982],[37.450778,55.798096]],[[37.450778,55.798096],[37.452208,55.796906]],[[37.452208,55.796906],[37.453131,55.796138],[37.453233,55.796059],[37.453512,55.795828]],[[37.453512,55.795828],[37.453606,55.795749],[37.453781,55.795587],[37.453902,55.79545],[37.45392,55.79543],[37.454035,55.795272],[37.454143,55.795118],[37.454238,55.794925],[37.454329,55.794668],[37.454383,55.794413],[37.454387,55.794098]],[[37.454387,55.794098],[37.454388,55.794027],[37.45438,55.793199],[37.454376,55.792863],[37.454365,55.791797],[37.454358,55.791718],[37.45419,55.789757],[37.454156,55.789354]],[[37.454156,55.789354],[37.45415,55.789237],[37.454148,55.789113],[37.454147,55.788969],[37.454144,55.788799],[37.454101,55.787724],[37.454117,55.787162],[37.454158,55.786874],[37.454241,55.786549],[37.454468,55.785984],[37.454673,55.785601],[37.45491,55.785234]],[[37.45491,55.785234],[37.455187,55.78482],[37.455222,55.784771],[37.455253,55.784727],[37.455505,55.784351],[37.455524,55.784323]],[[37.455524,55.784323],[37.455837,55.783873],[37.455985,55.783658]],[[37.455985,55.783658],[37.456058,55.783551],[37.456098,55.783478],[37.456125,55.783414],[37.456148,55.783303],[37.456149,55.783174],[37.456092,55.783001],[37.456059,55.78293]],[[37.456059,55.78293],[37.455641,55.782034]],[[37.455641,55.782034],[37.45553,55.781794],[37.455151,55.781004]],[[37.455151,55.781004],[37.455032,55.780744],[37.454981,55.780675],[37.454927,55.780638],[37.45487,55.780617],[37.454797,55.780602],[37.454701,55.780593],[37.4546,55.780598],[37.454466,55.780615]],[[37.454466,55.780615],[37.454328,55.780618],[37.454235,55.780608],[37.454143,55.78059],[37.454093,55.78057],[37.454055,55.780548],[37.454019,55.780519],[37.453998,55.780486],[37.453893,55.780239]],[[37.454943,55.780425],[37.454977,55.780502],[37.455079,55.780739]],[[37.455079,55.780739],[37.455201,55.780999]],[[37.455201,55.780999],[37.455571,55.781787],[37.455688,55.782026]],[[37.455688,55.782026],[37.456105,55.78292]],[[37.456105,55.78292],[37.456141,55.782995],[37.456197,55.78317],[37.456198,55.783313],[37.456174,55.783419],[37.456147,55.783483],[37.456104,55.783561],[37.45603,55.78367]],[[37.45603,55.78367],[37.455886,55.783883],[37.455572,55.784335]],[[37.455572,55.784335],[37.455553,55.784363],[37.455349,55.784664],[37.4553,55.784737],[37.455269,55.784782],[37.455155,55.784944],[37.454958,55.785241]],[[37.454958,55.785241],[37.454718,55.785612],[37.454513,55.785993],[37.454283,55.786557],[37.454207,55.786873],[37.454163,55.787166],[37.454145,55.787726],[37.454193,55.788883],[37.454195,55.788968],[37.454195,55.789114],[37.454201,55.789237],[37.454205,55.789352],[37.45424,55.789755],[37.454409,55.791717],[37.454416,55.791797],[37.454427,55.792862],[37.454431,55.793199],[37.454439,55.794026],[37.454438,55.794096]],[[37.454438,55.794096],[37.454436,55.794318],[37.454435,55.794411],[37.45438,55.794672],[37.454296,55.79493],[37.454193,55.795126],[37.454086,55.795288],[37.453974,55.79544],[37.453952,55.795465],[37.453829,55.795605],[37.453657,55.795764],[37.453565,55.79584]],[[37.453565,55.79584],[37.453285,55.796072],[37.453277,55.796079],[37.453177,55.796157],[37.45225,55.796924]],[[37.45225,55.796924],[37.450815,55.798113]],[[37.450815,55.798113],[37.450694,55.798212],[37.450566,55.798369],[37.450465,55.79853],[37.4504,55.798685],[37.450365,55.798834],[37.450352,55.799039]],[[37.450352,55.799039],[37.450349,55.799087],[37.450348,55.800242],[37.450348,55.801148],[37.450349,55.801208],[37.45035,55.801356],[37.450449,55.803036]],[[37.450449,55.803036],[37.450454,55.803118],[37.450461,55.803223],[37.450463,55.803281],[37.450466,55.803323],[37.450487,55.803593],[37.450506,55.803901],[37.450519,55.804123]],[[37.450519,55.804123],[37.450524,55.804214],[37.450553,55.804358],[37.45062,55.804518],[37.450687,55.804631],[37.450789,55.804742],[37.450943,55.804865],[37.451151,55.804996]],[[37.451151,55.804996],[37.451359,55.805107],[37.451693,55.805283],[37.45173,55.805303]],[[37.45173,55.805303],[37.45182,55.805351],[37.451857,55.80537],[37.451969,55.805428],[37.452032,55.805455],[37.452166,55.805497],[37.452284,55.805519]],[[37.452284,55.805519],[37.452743,55.805552],[37.453237,55.805591],[37.453438,55.805608],[37.454031,55.805655],[37.454212,55.80567]],[[37.454212,55.80567],[37.454799,55.805718],[37.455241,55.805766],[37.455548,55.805816],[37.456004,55.805907],[37.456488,55.806022],[37.456765,55.8061],[37.457032,55.80619],[37.457474,55.806372],[37.457646,55.806462],[37.457779,55.806538],[37.457948,55.806649],[37.458188,55.806827]],[[37.458188,55.806827],[37.460366,55.808689],[37.460448,55.808754],[37.461023,55.809212],[37.461205,55.809365],[37.461247,55.809401],[37.461342,55.809475],[37.461382,55.809507]],[[37.461382,55.809507],[37.461512,55.809622],[37.461668,55.809739],[37.461827,55.809819],[37.461965,55.809864],[37.462112,55.809894],[37.462229,55.809904],[37.462511,55.80992]],[[37.462511,55.80992],[37.464067,55.809976]],[[37.464067,55.809976],[37.466192,55.810053],[37.466982,55.810078]],[[37.466982,55.810078],[37.468387,55.810122]],[[37.468387,55.810122],[37.468997,55.810142],[37.469537,55.810161],[37.46963,55.810165],[37.469861,55.810174],[37.470397,55.81019]],[[37.470397,55.81019],[37.474384,55.810311],[37.474707,55.810323]],[[37.474707,55.810323],[37.475164,55.810336],[37.47557,55.810347]],[[37.47557,55.810347],[37.475899,55.810356],[37.476018,55.810357],[37.476173,55.810361],[37.476915,55.81039],[37.47706,55.810395],[37.477192,55.8104],[37.477803,55.810423],[37.47865,55.810453],[37.479812,55.810498],[37.482362,55.810596],[37.483145,55.810618],[37.483576,55.810633],[37.483834,55.810641]],[[37.483834,55.810641],[37.484235,55.810618],[37.484388,55.810592],[37.484589,55.810529],[37.484677,55.810499]],[[37.484677,55.810499],[37.487136,55.80965],[37.487406,55.809568]],[[37.487406,55.809568],[37.48881,55.809157]],[[37.48881,55.809157],[37.489113,55.809086],[37.48921,55.809069],[37.489297,55.809062],[37.489376,55.809061],[37.489457,55.809066],[37.489544,55.809078],[37.489607,55.809091],[37.489638,55.8091]],[[37.490975,55.809465],[37.489638,55.8091]],[[37.490975,55.809465],[37.491001,55.809473],[37.491074,55.809491],[37.491152,55.809502],[37.491231,55.809505],[37.491311,55.8095],[37.491388,55.809488],[37.491765,55.809417],[37.491929,55.809383]],[[37.491929,55.809383],[37.492064,55.809354],[37.492164,55.809332],[37.492479,55.809264],[37.492686,55.80922]],[[37.492686,55.80922],[37.492815,55.809191],[37.494283,55.808871],[37.494883,55.808743],[37.495869,55.808522],[37.497431,55.808196],[37.499614,55.807787],[37.499895,55.807735],[37.501741,55.8074],[37.503903,55.806978],[37.50488,55.806794],[37.505109,55.806751],[37.505277,55.806718]],[[37.505277,55.806718],[37.505916,55.806593],[37.506119,55.806553],[37.506334,55.806502]],[[37.506334,55.806502],[37.507417,55.806246],[37.507856,55.806143],[37.508207,55.806059]],[[37.508207,55.806059],[37.508353,55.805997],[37.508698,55.805802]]]}},{"type":"Feature","properties":{"kind":"line","route":50,"name":"Дом культуры «Компрессор» - Метро «Новослободская»","source":"osm","osm_relations":[1538169,1538170]},"geometry":{"type":"MultiLineString","coordinates":[[[37.723873,55.753049],[37.723748,55.753025],[37.721992,55.752673],[37.721736,55.752626]],[[37.721736,55.752626],[37.721512,55.752586]],[[37.721512,55.752586],[37.720598,55.75241],[37.719419,55.752183]],[[37.719419,55.752183],[37.719056,55.752112],[37.717724,55.751833]],[[37.717724,55.751833],[37.717573,55.751798]],[[37.717573,55.751798],[37.717386,55.751766],[37.717337,55.751758],[37.717241,55.751742]],[[37.717241,55.751742],[37.717164,55.751731],[37.717108,55.751725],[37.717069,55.75172],[37.716828,55.751695],[37.716721,55.751681],[37.716625,55.751667],[37.716493,55.751644]],[[37.716493,55.751644],[37.715733,55.751503]],[[37.715733,55.751503],[37.715589,55.751472],[37.715476,55.751444],[37.715357,55.75141],[37.715043,55.751317],[37.714933,55.751287],[37.714831,55.751261],[37.714696,55.751232]],[[37.714696,55.751232],[37.714013,55.751103],[37.713665,55.751036]],[[37.713665,55.751036],[37.713497,55.751034],[37.713472,55.751041],[37.713416,55.751053],[37.713321,55.751098],[37.71326,55.75114],[37.713195,55.751185]],[[37.713195,55.751185],[37.71313,55.751319],[37.712877,55.751728],[37.712828,55.751808],[37.712462,55.752411],[37.712235,55.752809]],[[37.712235,55.752809],[37.712178,55.752908],[37.712148,55.752955],[37.712117,55.753006],[37.71209,55.75303],[37.712076,55.753042],[37.712064,55.753053],[37.711973,55.753097],[37.711896,55.753128],[37.71179,55.753165]],[[37.71179,55.753165],[37.71161,55.753217],[37.710677,55.753538],[37.710448,55.75362],[37.709413,55.75399],[37.708717,55.754228],[37.708186,55.754411],[37.707999,55.754474]],[[37.707999,55.754474],[37.707757,55.754556],[37.706893,55.754857],[37.706587,55.754958]],[[37.706587,55.754958],[37.706188,55.755089],[37.701705,55.756572],[37.699418,55.757314],[37.699275,55.757361],[37.699085,55.757425],[37.698755,55.757533],[37.698579,55.75759],[37.69574,55.758533],[37.695683,55.758552],[37.694289,55.759022],[37.694003,55.759118],[37.693836,55.759176],[37.693255,55.759374],[37.692983,55.759467],[37.692807,55.759527],[37.692414,55.759668],[37.691388,55.760034],[37.690159,55.760477],[37.688475,55.761075],[37.688022,55.761236],[37.68784,55.761303],[37.687183,55.761547]],[[37.687183,55.761547],[37.686939,55.761635],[37.686832,55.761673],[37.686637,55.76174]],[[37.686637,55.76174],[37.686278,55.761871]],[[37.686278,55.761871],[37.684498,55.762509]],[[37.684498,55.762509],[37.684189,55.762615],[37.684048,55.762657],[37.683899,55.762689],[37.68374,55.762715],[37.683623,55.762732],[37.683571,55.762739],[37.683405,55.762758]],[[37.683405,55.762758],[37.682302,55.762849],[37.681885,55.762884],[37.681082,55.762953],[37.680433,55.763007]],[[37.680433,55.763007],[37.680378,55.76302],[37.680331,55.763035],[37.680285,55.763055],[37.680239,55.763083],[37.680195,55.763119],[37.680174,55.763151],[37.680166,55.763179],[37.680163,55.763213],[37.680167,55.763262]],[[37.680167,55.763262],[37.680296,55.763752],[37.68032,55.763933],[37.680316,55.764036],[37.680306,55.764116]],[[37.680306,55.764116],[37.680274,55.764358],[37.680264,55.764438],[37.680152,55.765234],[37.680115,55.76545],[37.680098,55.765548],[37.679971,55.766361],[37.6799,55.766695],[37.679864,55.766857],[37.679839,55.766972],[37.679804,55.767155],[37.679664,55.767898],[37.679623,55.768105],[37.679537,55.768547],[37.679522,55.768624],[37.679442,55.768999],[37.679232,55.769872],[37.679218,55.769929],[37.67914,55.770247],[37.679056,55.770588],[37.678984,55.770883],[37.678923,55.771097],[37.678875,55.771264],[37.67876,55.771766],[37.678661,55.772195],[37.678628,55.772336],[37.678464,55.77304],[37.678445,55.773122],[37.678426,55.773185],[37.678413,55.773227],[37.678117,55.77424],[37.678074,55.774394]],[[37.678074,55.774394],[37.67799,55.774703],[37.677941,55.774868],[37.677864,55.775174],[37.677847,55.775234]],[[37.677847,55.775234],[37.677812,55.775356],[37.677787,55.775417],[37.677751,55.775463],[37.677699,55.775503],[37.677625,55.775545],[37.677515,55.775605]],[[37.677515,55.775605],[37.677196,55.775783],[37.676987,55.775885],[37.675715,55.776508],[37.675404,55.77666],[37.674805,55.776953],[37.674465,55.777119]],[[37.674465,55.777119],[37.674161,55.777267],[37.674094,55.777294],[37.674087,55.777297],[37.673985,55.77732],[37.673894,55.777318],[37.67381,55.7773],[37.67374,55.777268],[37.673727,55.777261],[37.673496,55.777135]],[[37.673496,55.777135],[37.673422,55.777094],[37.673399,55.777082],[37.673139,55.776955],[37.673044,55.776912]],[[37.673044,55.776912],[37.671537,55.776243],[37.671271,55.776127]],[[37.671271,55.776127],[37.671182,55.776087],[37.671111,55.776077],[37.671071,55.77607],[37.670945,55.776071],[37.670859,55.776087],[37.670822,55.776094],[37.670785,55.776104],[37.670731,55.77613],[37.67067,55.776176]],[[37.67067,55.776176],[37.670382,55.776394],[37.669975,55.776702]],[[37.669975,55.776702],[37.669693,55.776926],[37.669605,55.777011]],[[37.669605,55.777011],[37.669446,55.777164],[37.669361,55.777251],[37.669278,55.777329],[37.668892,55.777646]],[[37.668892,55.777646],[37.667901,55.778405]],[[37.667901,55.778405],[37.667757,55.778497],[37.66752,55.778643]],[[37.66752,55.778643],[37.667225,55.778826],[37.666832,55.779076],[37.666504,55.779289]],[[37.666504,55.779289],[37.666473,55.779305],[37.66644,55.779319],[37.666401,55.779333],[37.666367,55.779344],[37.666305,55.779359],[37.666247,55.779371],[37.666202,55.779378],[37.666134,55.779385],[37.666092,55.779387],[37.66605,55.779386],[37.666008,55.779384],[37.665996,55.779382],[37.665926,55.779373],[37.665886,55.779365],[37.665848,55.779354],[37.665812,55.779342],[37.665777,55.779329]],[[37.665777,55.779329],[37.66576,55.779321],[37.66462,55.778863],[37.664026,55.77863]],[[37.664026,55.77863],[37.663762,55.778526],[37.663159,55.778267],[37.662937,55.778163]],[[37.662937,55.778163],[37.662618,55.778014],[37.660545,55.777063],[37.659136,55.776411],[37.658813,55.776271]],[[37.658813,55.776271],[37.658615,55.776186],[37.658547,55.776157],[37.658234,55.776047],[37.658205,55.776037],[37.65815,55.776018],[37.658028,55.775977]],[[37.658028,55.775977],[37.657161,55.775692]],[[37.657161,55.775692],[37.657006,55.77564],[37.6569,55.775606],[37.656795,55.775573],[37.656676,55.775545],[37.656308,55.775462]],[[37.656308,55.775462],[37.655945,55.77539],[37.6555,55.775303],[37.655137,55.77523],[37.654532,55.775108]],[[37.654532,55.775108],[37.654411,55.775084]],[[37.654411,55.775084],[37.654036,55.775005],[37.653674,55.774916],[37.65354,55.774883],[37.653365,55.77484],[37.652774,55.774686],[37.652603,55.774641],[37.652491,55.774614],[37.652431,55.774613],[37.652371,55.774619],[37.652336,55.774625],[37.652308,55.774632],[37.652274,55.774644],[37.652222,55.774666],[37.652031,55.774746],[37.651611,55.775]],[[37.651611,55.775],[37.651588,55.775016],[37.650972,55.775419]],[[37.650972,55.775419],[37.650348,55.775828]],[[37.650348,55.775828],[37.650071,55.775998],[37.650026,55.776024],[37.649699,55.776213],[37.64942,55.776373],[37.649304,55.776446]],[[37.649304,55.776446],[37.649149,55.776546]],[[37.649149,55.776546],[37.649031,55.776666],[37.648977,55.776729]],[[37.648977,55.776729],[37.648922,55.776792],[37.648587,55.777194]],[[37.648587,55.777194],[37.648451,55.77736],[37.648324,55.777478]],[[37.648324,55.777478],[37.647485,55.778024],[37.646867,55.778439],[37.646497,55.77868],[37.646243,55.778858],[37.645187,55.779566]],[[37.645187,55.779566],[37.645018,55.779681],[37.644885,55.779754],[37.644833,55.779772],[37.64477,55.779785],[37.644659,55.779788],[37.644543,55.779783],[37.644287,55.779765],[37.64388,55.779742],[37.643675,55.779738]],[[37.643675,55.779738],[37.642577,55.779726]],[[37.642577,55.779726],[37.641593,55.779715]],[[37.641593,55.779715],[37.641479,55.779714],[37.641386,55.779716],[37.641296,55.779722],[37.641143,55.779736],[37.641013,55.779749]],[[37.641013,55.779749],[37.639758,55.779882],[37.639126,55.779946],[37.638838,55.779975],[37.637747,55.780089],[37.637072,55.780159],[37.635777,55.780293],[37.6355,55.780322],[37.634534,55.780425],[37.634082,55.780473],[37.633826,55.780499]],[[37.633826,55.780499],[37.63357,55.780525],[37.63355,55.780527]],[[37.63355,55.780527],[37.633361,55.780538],[37.633147,55.780553],[37.632988,55.780561]],[[37.632988,55.780561],[37.632921,55.780563],[37.632762,55.78058],[37.632604,55.780606],[37.632265,55.780676],[37.631994,55.780733]],[[37.631994,55.780733],[37.631842,55.780758],[37.631815,55.780762],[37.63176,55.780768],[37.631678,55.780769],[37.631555,55.780758],[37.63145,55.780734],[37.631413,55.780721],[37.631361,55.780699],[37.631311,55.780668],[37.631279,55.780641],[37.631251,55.780608],[37.631224,55.780571],[37.631195,55.780504],[37.631172,55.780434]],[[37.631172,55.780434],[37.631141,55.780344],[37.6311,55.780226],[37.63101,55.779934],[37.630937,55.779708]],[[37.630937,55.779708],[37.630889,55.779524],[37.630877,55.779471],[37.630836,55.779298]],[[37.630836,55.779298],[37.6308,55.779118],[37.630702,55.778638],[37.630688,55.778572]],[[37.630688,55.778572],[37.630674,55.778502],[37.630662,55.778454],[37.630651,55.778432],[37.630633,55.778412],[37.630604,55.77839],[37.630562,55.778372],[37.6305,55.778356],[37.630442,55.778348],[37.630367,55.778342],[37.630196,55.778342]],[[37.630196,55.778342],[37.629565,55.778342],[37.629197,55.778341],[37.629129,55.778342],[37.629028,55.778342],[37.628768,55.778339],[37.628213,55.778335]],[[37.628213,55.778335],[37.628101,55.778335],[37.627813,55.778334],[37.627439,55.778335]],[[37.627439,55.778335],[37.627198,55.778351],[37.626935,55.778375],[37.626673,55.778408],[37.626281,55.778475],[37.62616,55.7785],[37.625561,55.778619],[37.624711,55.778787],[37.624324,55.778863],[37.624024,55.778922],[37.623627,55.779],[37.623197,55.77909]],[[37.623197,55.77909],[37.623016,55.779127],[37.622802,55.779173],[37.622663,55.779214],[37.622635,55.779224],[37.62248,55.779271],[37.622416,55.779291]],[[37.622416,55.779291],[37.622326,55.779319],[37.622149,55.779375],[37.621888,55.779458]],[[37.621888,55.779458],[37.621777,55.779493],[37.621659,55.779536],[37.621573,55.779567],[37.621432,55.779622]],[[37.621432,55.779622],[37.621372,55.779646],[37.621232,55.7797],[37.620837,55.779854]],[[37.620837,55.779854],[37.620753,55.779887],[37.620703,55.779903],[37.620682,55.779907],[37.620652,55.779914],[37.620596,55.77992],[37.620543,55.779922],[37.620486,55.779919],[37.620428,55.779911],[37.620379,55.779902],[37.620331,55.77989],[37.620301,55.779879],[37.620286,55.779873],[37.620252,55.779857],[37.620212,55.779835],[37.620174,55.779809],[37.620094,55.779753]],[[37.620094,55.779753],[37.619713,55.779486],[37.619234,55.779149],[37.618585,55.778694]],[[37.618585,55.778694],[37.61852,55.778648],[37.61849,55.778631],[37.61845,55.778611],[37.618413,55.778595],[37.618373,55.77858],[37.618335,55.778569],[37.618289,55.778558],[37.618242,55.778548],[37.618192,55.778542],[37.618066,55.778528]],[[37.618066,55.778528],[37.617985,55.778519],[37.617786,55.778497],[37.617649,55.778483]],[[37.617649,55.778483],[37.617608,55.778478],[37.617563,55.778476],[37.617522,55.778473],[37.617478,55.778473],[37.617434,55.778475],[37.617392,55.778479],[37.617348,55.778484],[37.617303,55.778492],[37.617003,55.778544]],[[37.617003,55.778544],[37.616843,55.778572],[37.616583,55.778617],[37.61631,55.778665],[37.616219,55.778681],[37.615476,55.778818],[37.614668,55.778966],[37.614265,55.779039],[37.614194,55.779052]],[[37.614194,55.779052],[37.614037,55.779081],[37.61363,55.779199],[37.613546,55.779229],[37.613419,55.779275],[37.613376,55.779296],[37.613304,55.77933],[37.613223,55.779373]],[[37.613223,55.779373],[37.613141,55.779419],[37.613096,55.779444],[37.6128,55.779607]],[[37.6128,55.779607],[37.612754,55.779632],[37.612555,55.779719],[37.612533,55.779726],[37.612354,55.779784],[37.612255,55.779805],[37.61206,55.779845]],[[37.61206,55.779845],[37.611882,55.779882],[37.611435,55.779974],[37.61073,55.780114],[37.610395,55.780181],[37.610371,55.780186],[37.609803,55.780305]],[[37.609803,55.780305],[37.609681,55.78033],[37.609412,55.780394],[37.609336,55.780426],[37.609242,55.780476],[37.609091,55.780558],[37.609014,55.780608]],[[37.609014,55.780608],[37.608975,55.780636],[37.608908,55.780711],[37.608896,55.780737],[37.608896,55.780756],[37.608896,55.780777],[37.608925,55.780819],[37.608956,55.780846],[37.60898,55.780868],[37.609058,55.780942]],[[37.609058,55.780942],[37.609136,55.781015],[37.609167,55.781046],[37.609225,55.781102],[37.609615,55.781483],[37.610037,55.781892],[37.610555,55.782382],[37.610848,55.782657],[37.610939,55.782742]],[[37.610939,55.782742],[37.61103,55.782827],[37.61105,55.782851],[37.611058,55.782872],[37.611063,55.782893],[37.611064,55.782916],[37.611063,55.782931],[37.611053,55.782964],[37.611018,55.783],[37.610968,55.783031],[37.610812,55.78308],[37.610763,55.783094]],[[37.610763,55.783094],[37.610374,55.78321],[37.610091,55.783299],[37.609763,55.783409],[37.609358,55.78354],[37.608919,55.78369],[37.608758,55.783746],[37.608312,55.783898],[37.608076,55.78398],[37.607878,55.784047],[37.607288,55.78425],[37.607123,55.784306],[37.607066,55.784325]],[[37.607066,55.784325],[37.606774,55.784424],[37.606652,55.784469],[37.606644,55.784471]],[[37.606644,55.784471],[37.60639,55.784567],[37.60627,55.784611],[37.606252,55.784619]],[[37.606252,55.784619],[37.606223,55.784645],[37.606204,55.784673],[37.606194,55.784704],[37.606194,55.784731],[37.606195,55.784744],[37.606204,55.784764],[37.606223,55.784793],[37.606253,55.784818]],[[37.606253,55.784818],[37.606664,55.785107]],[[37.606664,55.785107],[37.606773,55.785184],[37.606917,55.785286],[37.607085,55.785434],[37.607161,55.785508],[37.607223,55.785567]],[[37.607223,55.785567],[37.60792,55.786242],[37.608007,55.786327],[37.608168,55.786481],[37.608485,55.786785],[37.608722,55.787001]],[[37.608722,55.787001],[37.60901,55.787289],[37.609096,55.787372],[37.609241,55.787511],[37.609284,55.787553],[37.609339,55.787605],[37.609547,55.787805],[37.609734,55.787985]],[[37.609734,55.787985],[37.609752,55.788001],[37.609768,55.788018],[37.609782,55.788035],[37.609792,55.788054],[37.609801,55.788072],[37.609802,55.788077],[37.609821,55.788128]],[[37.609821,55.788128],[37.60985,55.788197],[37.60986,55.788222],[37.609919,55.788349],[37.609943,55.788402],[37.609946,55.788409]],[[37.609946,55.788409],[37.609954,55.78842],[37.609961,55.788431],[37.609965,55.788443],[37.609968,55.788455],[37.609968,55.788467],[37.609967,55.788478],[37.609967,55.788481],[37.609964,55.78849]],[[37.609964,55.78849],[37.609963,55.788547],[37.60995,55.788944],[37.609944,55.789142],[37.609922,55.789865]],[[37.609922,55.789865],[37.60992,55.78991],[37.609913,55.789964],[37.609894,55.789992],[37.609877,55.790015],[37.609816,55.790056],[37.609734,55.790086],[37.609647,55.790098],[37.609545,55.790096]],[[37.609545,55.790096],[37.609314,55.790079],[37.608535,55.790021],[37.608176,55.789996],[37.607798,55.789969],[37.607621,55.789956],[37.607255,55.78993],[37.606843,55.789901],[37.606227,55.789857],[37.60605,55.789845],[37.604671,55.789747],[37.604507,55.789734],[37.60427,55.789715],[37.604095,55.789701]],[[37.604095,55.789701],[37.603943,55.789692],[37.603118,55.789629],[37.60295,55.789617],[37.601728,55.789527],[37.601103,55.789482],[37.600598,55.789445]],[[37.600598,55.789445],[37.600476,55.789437],[37.600397,55.789416],[37.600384,55.789413],[37.600364,55.789408],[37.600274,55.789361],[37.600214,55.789301],[37.600203,55.789269],[37.60019,55.789233],[37.600201,55.789176],[37.600203,55.789164],[37.600216,55.789122]],[[37.600216,55.789122],[37.600352,55.788668],[37.600372,55.7886],[37.600545,55.788023],[37.600585,55.787899],[37.600617,55.7878],[37.600646,55.787726],[37.600808,55.787311],[37.600824,55.787276],[37.601055,55.78675],[37.601073,55.786708],[37.601132,55.786569],[37.601612,55.785387]],[[37.601612,55.785387],[37.60163,55.785338],[37.601644,55.785287],[37.60165,55.785258],[37.601651,55.785239],[37.601651,55.785213],[37.601651,55.785187],[37.601646,55.785162],[37.601636,55.785135],[37.601614,55.785099],[37.601586,55.785063]],[[37.601586,55.785063],[37.601464,55.78497]],[[37.601464,55.78497],[37.601388,55.784911],[37.601346,55.784877],[37.601292,55.784837],[37.601241,55.784797],[37.601191,55.784742],[37.601161,55.784678],[37.601159,55.784644],[37.601164,55.78458]],[[37.601164,55.78458],[37.60122,55.784333],[37.601228,55.784297],[37.601336,55.783831],[37.601359,55.783736],[37.601479,55.783233]],[[37.601479,55.783233],[37.601497,55.783159],[37.601544,55.782887],[37.601566,55.782726]],[[37.601566,55.782726],[37.60158,55.782624],[37.601634,55.782194],[37.601642,55.782131],[37.601662,55.781979],[37.601671,55.781895],[37.601694,55.781687]],[[37.601694,55.781687],[37.601706,55.781581],[37.60175,55.78122],[37.601765,55.781151]],[[37.601765,55.781151],[37.601855,55.78071],[37.602062,55.78012],[37.602188,55.779837]],[[37.602188,55.779837],[37.602212,55.779785],[37.602248,55.779731],[37.602312,55.779675],[37.602381,55.77963],[37.602456,55.779596],[37.602465,55.779592],[37.602543,55.779564],[37.602562,55.779558],[37.602616,55.779534],[37.602689,55.779497],[37.602746,55.779471],[37.602812,55.779437],[37.602853,55.779415],[37.602888,55.779393],[37.602936,55.779364]],[[37.602936,55.779364],[37.603372,55.779091],[37.603467,55.779031],[37.603598,55.778949],[37.603712,55.778878]],[[37.603712,55.778878],[37.603806,55.778821],[37.603862,55.778793],[37.603892,55.778783],[37.603911,55.778781],[37.603927,55.77878],[37.603933,55.77878],[37.603969,55.778783],[37.604006,55.778789],[37.604103,55.778809],[37.604497,55.778886]],[[37.604497,55.778886],[37.604886,55.778967],[37.60499,55.778993],[37.605041,55.779007],[37.605099,55.779024],[37.605294,55.779085]],[[37.605294,55.779085],[37.605383,55.779116],[37.605435,55.779137],[37.605481,55.779168],[37.605499,55.779187],[37.605516,55.779208],[37.605531,55.779235],[37.605533,55.77924],[37.605535,55.779245],[37.605536,55.779251],[37.605536,55.779257],[37.605509,55.779338],[37.605498,55.77936]],[[37.605498,55.77936],[37.605415,55.779533],[37.605159,55.780068]],[[37.605159,55.780068],[37.605088,55.780183],[37.605063,55.780205],[37.605034,55.780222],[37.604961,55.780248],[37.604872,55.780257],[37.604847,55.780256],[37.604793,55.780251],[37.604703,55.780234],[37.604575,55.780193]],[[37.604575,55.780193],[37.603893,55.779978],[37.602941,55.779679]],[[37.602941,55.779679],[37.602789,55.779629],[37.602717,55.779618],[37.602686,55.779613],[37.602616,55.779611],[37.602543,55.779618],[37.60253,55.779623],[37.602483,55.779643],[37.602383,55.779699],[37.602325,55.77973],[37.602293,55.779763],[37.602263,55.779805],[37.602245,55.779844]],[[37.602245,55.779844],[37.602181,55.779978],[37.602122,55.780121],[37.602081,55.780247],[37.601922,55.780729],[37.601835,55.781159]],[[37.601835,55.781159],[37.601804,55.781312],[37.601782,55.781477],[37.601758,55.781687]],[[37.601758,55.781687],[37.601703,55.782168],[37.601691,55.782253],[37.601632,55.782727]],[[37.601632,55.782727],[37.601622,55.78281],[37.601611,55.782902],[37.601564,55.783153],[37.601542,55.78324]],[[37.601542,55.78324],[37.601497,55.783459],[37.601414,55.78374],[37.601401,55.783791],[37.601349,55.78402],[37.6013,55.784223],[37.601216,55.784591]],[[37.601216,55.784591],[37.601214,55.784638],[37.601219,55.784678],[37.601245,55.78473],[37.60129,55.784781],[37.601335,55.784816],[37.601505,55.784948]],[[37.601505,55.784948],[37.60163,55.785044]],[[37.60163,55.785044],[37.601666,55.785089],[37.601687,55.785128],[37.601688,55.785131],[37.601698,55.785157],[37.601703,55.785184],[37.601703,55.785213]],[[37.601703,55.785213],[37.601702,55.785261],[37.601697,55.78529],[37.601681,55.78534],[37.601664,55.785393]],[[37.601664,55.785393],[37.601577,55.785629],[37.601567,55.785655],[37.601551,55.785699],[37.60136,55.786149],[37.601179,55.786575],[37.601121,55.786713],[37.601054,55.786863],[37.600855,55.787317],[37.600705,55.787699],[37.600693,55.787731],[37.600674,55.787783],[37.600632,55.787903],[37.600592,55.788028],[37.600537,55.788212],[37.60042,55.788605],[37.600399,55.788672],[37.600263,55.789127]],[[37.600263,55.789127],[37.600252,55.789166],[37.60025,55.789182],[37.600245,55.789226],[37.60027,55.789286],[37.600324,55.789338],[37.600399,55.789379],[37.600499,55.789408],[37.600606,55.789418]],[[37.600606,55.789418],[37.600823,55.789434],[37.601109,55.789455],[37.60199,55.789519],[37.602523,55.789558],[37.602572,55.789562],[37.603079,55.789599],[37.603948,55.789665],[37.604092,55.789674]],[[37.604092,55.789674],[37.604268,55.789688],[37.604677,55.789721],[37.604811,55.78973],[37.605035,55.789746],[37.605678,55.789792],[37.605832,55.7898],[37.606056,55.789819],[37.608808,55.790016],[37.609087,55.790036],[37.60939,55.790058],[37.609565,55.79007]],[[37.609565,55.79007],[37.609651,55.790062],[37.609738,55.790038],[37.609805,55.790003],[37.609851,55.789958],[37.609872,55.789908],[37.609873,55.78987]],[[37.609873,55.78987],[37.609891,55.78934],[37.609901,55.789],[37.609907,55.788827],[37.609915,55.788596],[37.609918,55.788498]],[[37.609918,55.788498],[37.609918,55.788493],[37.609919,55.78848],[37.609921,55.788469],[37.609921,55.788458],[37.609919,55.788447],[37.609915,55.788437],[37.60991,55.788426],[37.609903,55.788416]],[[37.609903,55.788416],[37.6099,55.788408],[37.60982,55.788233],[37.609775,55.788134]],[[37.609775,55.788134],[37.609749,55.788072],[37.609738,55.788051],[37.609726,55.788033],[37.609716,55.788021],[37.609706,55.78801],[37.609687,55.78799]],[[37.609687,55.78799],[37.609252,55.787575],[37.6092,55.787525],[37.609054,55.787385],[37.608968,55.787302],[37.60877,55.787112],[37.608719,55.787064],[37.608444,55.786799],[37.607966,55.78634],[37.607879,55.786255],[37.607688,55.786069],[37.607355,55.785748],[37.607183,55.785582]],[[37.607183,55.785582],[37.607045,55.785449],[37.606877,55.785304],[37.606621,55.785128]],[[37.606621,55.785128],[37.606203,55.78484]],[[37.606203,55.78484],[37.606178,55.784821],[37.606154,55.784802],[37.606139,55.784779],[37.606133,55.784771],[37.606123,55.784742],[37.606119,55.784715],[37.60612,55.784699],[37.60612,55.784688],[37.606129,55.784661],[37.606141,55.78464],[37.606159,55.784617],[37.60618,55.784596]],[[37.60618,55.784596],[37.606242,55.784572],[37.60635,55.784535],[37.606785,55.784381],[37.60691,55.784338],[37.607033,55.784295]],[[37.607033,55.784295],[37.60709,55.784275],[37.607255,55.784217],[37.607845,55.784014],[37.608043,55.783947],[37.608278,55.783865],[37.608722,55.783711],[37.608882,55.783655],[37.609314,55.783505],[37.609727,55.783373],[37.610062,55.783271],[37.610444,55.783144],[37.610732,55.783048]],[[37.610732,55.783048],[37.610768,55.783036],[37.610878,55.782999],[37.61093,55.782975],[37.610964,55.782948],[37.610976,55.782936],[37.610987,55.78291],[37.610992,55.782874],[37.61096,55.78283],[37.610911,55.782784],[37.61088,55.782755]],[[37.61088,55.782755],[37.610498,55.782401],[37.609977,55.781913],[37.609915,55.78185],[37.609547,55.781503],[37.609191,55.781166],[37.60915,55.78113],[37.60908,55.781069],[37.609037,55.781031],[37.608959,55.780963]],[[37.608959,55.780963],[37.60881,55.780831],[37.608808,55.78083],[37.608794,55.780808],[37.608786,55.780773],[37.608789,55.780745],[37.608792,55.780714],[37.608825,55.780672],[37.608859,55.780634],[37.608902,55.780585]],[[37.608902,55.780585],[37.609007,55.780513],[37.609268,55.780376],[37.609308,55.78036],[37.609355,55.780343],[37.609646,55.780268],[37.609766,55.780243]],[[37.609766,55.780243],[37.610146,55.780161],[37.610357,55.780119],[37.611051,55.779978],[37.611714,55.779853],[37.6119,55.779818],[37.612038,55.779793]],[[37.612038,55.779793],[37.612227,55.779758],[37.612297,55.779746],[37.612324,55.779738],[37.61236,55.779728],[37.612424,55.779707],[37.612673,55.779609],[37.612735,55.779572]],[[37.612735,55.779572],[37.612856,55.779501],[37.613155,55.779343]],[[37.613155,55.779343],[37.613248,55.779293],[37.613319,55.779261],[37.613443,55.779205],[37.61345,55.779202],[37.613598,55.779157],[37.613634,55.779146],[37.614024,55.779057],[37.61418,55.779029]],[[37.61418,55.779029],[37.615037,55.778872],[37.616205,55.778658],[37.616284,55.778643],[37.616295,55.778641],[37.616987,55.778521]],[[37.616987,55.778521],[37.617291,55.778468],[37.617333,55.778461],[37.617382,55.778455],[37.617428,55.778451],[37.617476,55.778448],[37.617485,55.778448],[37.617523,55.778449],[37.617568,55.778451],[37.617615,55.778454],[37.617657,55.778458]],[[37.617657,55.778458],[37.617795,55.778473],[37.617994,55.778495],[37.618078,55.778504]],[[37.618078,55.778504],[37.618201,55.778517],[37.618255,55.778525],[37.618305,55.778535],[37.618355,55.778548],[37.618394,55.778559],[37.618438,55.778575],[37.618478,55.778592],[37.618521,55.778614],[37.618551,55.778631],[37.618619,55.778679]],[[37.618619,55.778679],[37.619267,55.779133],[37.619743,55.779468],[37.620127,55.779737]],[[37.620127,55.779737],[37.620206,55.779793],[37.620244,55.779818],[37.620281,55.779838],[37.620313,55.779854],[37.620352,55.779868],[37.62036,55.77987],[37.620394,55.779879],[37.62044,55.779888],[37.620493,55.779895],[37.620543,55.779898],[37.62059,55.779896],[37.620638,55.77989],[37.620655,55.779887],[37.620685,55.77988],[37.62073,55.779867],[37.620813,55.779834]],[[37.620813,55.779834],[37.621206,55.77968],[37.621343,55.779627],[37.621411,55.7796]],[[37.621411,55.7796],[37.621548,55.779547],[37.621638,55.779515],[37.621755,55.779473],[37.621866,55.779437]],[[37.621866,55.779437],[37.622127,55.779353],[37.622307,55.779297],[37.622384,55.779273]],[[37.622384,55.779273],[37.62246,55.779249],[37.622612,55.779198],[37.622674,55.779178],[37.622777,55.779144],[37.623293,55.77904],[37.62361,55.778973],[37.623723,55.778951]],[[37.623723,55.778951],[37.624007,55.778897],[37.624309,55.778838],[37.624697,55.778763],[37.625548,55.778597],[37.625978,55.778513]],[[37.625978,55.778513],[37.626148,55.77848],[37.626656,55.778382],[37.626924,55.778349],[37.627192,55.778325],[37.627438,55.778308]],[[37.627438,55.778308],[37.627811,55.778302],[37.628097,55.778304],[37.628228,55.778306]],[[37.628228,55.778306],[37.628768,55.77831],[37.629038,55.778312],[37.629139,55.778315],[37.629198,55.778313]],[[37.629198,55.778313],[37.629579,55.778313],[37.62981,55.778313],[37.630198,55.778314]],[[37.630198,55.778314],[37.630372,55.778315],[37.630453,55.778319],[37.630498,55.778321],[37.63055,55.778328],[37.630607,55.778344],[37.630684,55.778381],[37.630715,55.778415],[37.63073,55.778453],[37.630742,55.778504],[37.630755,55.778573]],[[37.630755,55.778573],[37.630778,55.778706],[37.630905,55.779295]],[[37.630905,55.779295],[37.630955,55.779524],[37.631008,55.779709]],[[37.631008,55.779709],[37.631028,55.779778],[37.631071,55.779928],[37.63115,55.780178],[37.631211,55.780374],[37.63123,55.780432]],[[37.63123,55.780432],[37.63129,55.780567],[37.631305,55.780595],[37.631324,55.780622],[37.631357,55.780652],[37.631393,55.780672],[37.631426,55.780688],[37.631479,55.78071],[37.631564,55.780727],[37.631669,55.780739],[37.631757,55.780736],[37.631818,55.780728],[37.631968,55.780694]],[[37.631968,55.780694],[37.632375,55.780614],[37.63258,55.780573],[37.632663,55.780556],[37.632764,55.780541],[37.632906,55.780524],[37.632979,55.780521]],[[37.632979,55.780521],[37.633134,55.780513],[37.633349,55.780504],[37.633562,55.780494],[37.633809,55.780467]],[[37.633809,55.780467],[37.634028,55.780444],[37.634384,55.780406],[37.634589,55.780384],[37.635491,55.78029],[37.636094,55.780226],[37.636662,55.780166],[37.637306,55.780097],[37.637735,55.780053],[37.637883,55.780038],[37.638649,55.779958],[37.639392,55.779881],[37.63998,55.77982],[37.640142,55.779803],[37.64101,55.779716]],[[37.64101,55.779716],[37.64113,55.779704],[37.641281,55.77969],[37.641378,55.779683],[37.641477,55.779681],[37.641594,55.779682]],[[37.641594,55.779682],[37.642043,55.779685],[37.642573,55.779688]],[[37.642573,55.779688],[37.642768,55.779689],[37.643203,55.779692],[37.643674,55.779697]],[[37.643674,55.779697],[37.643852,55.7797],[37.643881,55.779703],[37.644297,55.779726],[37.644647,55.779756],[37.644718,55.779755],[37.644787,55.779745],[37.644853,55.779725],[37.644975,55.779655],[37.645109,55.779566]],[[37.645109,55.779566],[37.645425,55.779353],[37.646203,55.778839],[37.646819,55.778416],[37.647456,55.778005],[37.648282,55.777464]],[[37.648282,55.777464],[37.648399,55.777344],[37.648534,55.777185]],[[37.648534,55.777185],[37.648877,55.776783],[37.648938,55.776709]],[[37.648938,55.776709],[37.648984,55.776653],[37.649116,55.77653],[37.649268,55.776428]],[[37.649268,55.776428],[37.649467,55.776316]],[[37.649467,55.776316],[37.649943,55.776035],[37.64999,55.776005],[37.650312,55.775798]],[[37.650312,55.775798],[37.650931,55.775398]],[[37.650931,55.775398],[37.65155,55.774998],[37.651572,55.774984],[37.65169,55.774915],[37.651949,55.774752]],[[37.651949,55.774752],[37.652022,55.774708],[37.652082,55.774664],[37.65215,55.774626],[37.652245,55.774581]],[[37.652245,55.774581],[37.65237,55.77454],[37.65243,55.774521],[37.652463,55.774512],[37.652505,55.774506],[37.65256,55.774503],[37.652599,55.774502],[37.65264,55.774502],[37.652679,55.774507],[37.652706,55.774513],[37.652764,55.774526]],[[37.652764,55.774526],[37.653156,55.774632],[37.653471,55.774717],[37.653541,55.774738],[37.653574,55.774747],[37.653597,55.774755],[37.653635,55.774767],[37.653674,55.774783],[37.653753,55.774816],[37.65415,55.774972],[37.654246,55.775007],[37.654327,55.775033],[37.654429,55.775059],[37.654532,55.77508]],[[37.654532,55.77508],[37.655516,55.775277],[37.655963,55.775365],[37.656326,55.775437]],[[37.656326,55.775437],[37.656694,55.775519],[37.656815,55.775549],[37.656926,55.775583],[37.657029,55.775617],[37.657182,55.775668]],[[37.657182,55.775668],[37.658048,55.775953]],[[37.658048,55.775953],[37.658174,55.775994],[37.658224,55.776012],[37.658265,55.776027],[37.658575,55.776135],[37.658635,55.776161],[37.658842,55.776249]],[[37.658842,55.776249],[37.659166,55.77639],[37.660574,55.777042],[37.662651,55.77799],[37.662973,55.778139]],[[37.662973,55.778139],[37.663188,55.77824],[37.663799,55.7785],[37.664054,55.778602]],[[37.664054,55.778602],[37.66466,55.778844],[37.665607,55.779227],[37.665788,55.779299],[37.665806,55.779307]],[[37.665806,55.779307],[37.665846,55.779319],[37.665888,55.779329],[37.665931,55.779337],[37.665975,55.779342],[37.66602,55.779346],[37.666065,55.779347],[37.666133,55.779346],[37.666175,55.779342],[37.666218,55.779336],[37.666266,55.779328],[37.666327,55.779313],[37.666356,55.779307],[37.666397,55.779296],[37.666435,55.779283],[37.666472,55.779268]],[[37.666472,55.779268],[37.666907,55.778986],[37.667245,55.778766],[37.66748,55.77862]],[[37.66748,55.77862],[37.667714,55.778475],[37.667851,55.778385]],[[37.667851,55.778385],[37.668841,55.777625]],[[37.668841,55.777625],[37.669239,55.777313],[37.669323,55.777236],[37.669405,55.77715],[37.669654,55.776912],[37.669935,55.776686]],[[37.669935,55.776686],[37.670632,55.77616]],[[37.670632,55.77616],[37.670692,55.776114],[37.670752,55.77608],[37.670803,55.776061],[37.670873,55.77604],[37.670982,55.776029],[37.67105,55.776032],[37.671109,55.776039],[37.671143,55.776047],[37.671197,55.77606],[37.671292,55.776102]],[[37.671292,55.776102],[37.671566,55.776222],[37.672899,55.776812],[37.673074,55.776891]],[[37.673074,55.776891],[37.67317,55.776934],[37.673431,55.777062],[37.67354,55.777121]],[[37.67354,55.777121],[37.67376,55.777241],[37.67384,55.777271],[37.673933,55.777284],[37.674056,55.777277],[37.674064,55.777274],[37.674132,55.777246],[37.674431,55.7771]],[[37.674431,55.7771],[37.674774,55.776933],[37.675372,55.776639],[37.675496,55.776578],[37.675683,55.776487],[37.677164,55.775762],[37.677483,55.775585]],[[37.677483,55.775585],[37.677592,55.775525],[37.677662,55.775486],[37.677709,55.77545],[37.677741,55.775409],[37.677765,55.77535],[37.677796,55.775227]],[[37.677796,55.775227],[37.677854,55.774995],[37.677885,55.774891],[37.677894,55.774862],[37.677973,55.774536],[37.677995,55.774463],[37.678017,55.774389]],[[37.678017,55.774389],[37.678066,55.774206],[37.678146,55.773943],[37.678262,55.773578],[37.678364,55.773216],[37.678376,55.773173],[37.678395,55.773109],[37.678416,55.773028],[37.678456,55.77287],[37.678527,55.772562],[37.678581,55.772332],[37.678662,55.771987],[37.678709,55.771786],[37.678818,55.771289],[37.678845,55.771179],[37.678867,55.771095],[37.678877,55.771057],[37.679108,55.770161],[37.679184,55.769869],[37.6792,55.769805],[37.679203,55.769795],[37.679293,55.769419],[37.679359,55.769139],[37.679392,55.76899],[37.679472,55.768621],[37.679489,55.768545],[37.679616,55.767895],[37.679757,55.767152],[37.679791,55.766971],[37.679866,55.766607],[37.679904,55.766408],[37.679908,55.76638],[37.679978,55.765956],[37.680023,55.7657],[37.68005,55.765545],[37.680068,55.765448],[37.680215,55.764443],[37.680226,55.764357],[37.680257,55.764114]],[[37.680257,55.764114],[37.680267,55.764033],[37.680271,55.763927],[37.680248,55.763753],[37.680114,55.763269]],[[37.680114,55.763269],[37.680103,55.763197],[37.680102,55.763172],[37.68011,55.763146],[37.68011,55.763145],[37.68013,55.763105],[37.68015,55.76308],[37.680178,55.763054],[37.680219,55.76303],[37.680279,55.763006],[37.680369,55.762982],[37.680407,55.762973]],[[37.680407,55.762973],[37.681067,55.762918],[37.681541,55.762878],[37.681875,55.76285],[37.683355,55.762723]],[[37.683355,55.762723],[37.683546,55.762704],[37.683744,55.76268],[37.683806,55.762669],[37.683892,55.762654],[37.684001,55.762634],[37.684112,55.762606],[37.68447,55.762485]],[[37.68447,55.762485],[37.68625,55.761847]],[[37.68625,55.761847],[37.686613,55.761717]],[[37.686613,55.761717],[37.68671,55.761685],[37.686821,55.761647],[37.68704,55.761574],[37.687157,55.761535]],[[37.687157,55.761535],[37.687815,55.761281],[37.688202,55.76114],[37.688449,55.761052],[37.690132,55.760452],[37.691359,55.760009],[37.69278,55.759499],[37.692953,55.759441],[37.693808,55.759149],[37.693975,55.759093],[37.694259,55.758997],[37.694839,55.758801],[37.694923,55.758773],[37.695655,55.758528],[37.695714,55.758508],[37.699059,55.757399],[37.699247,55.757336],[37.699389,55.757288],[37.699614,55.757213],[37.699958,55.757097],[37.700035,55.757073],[37.70167,55.756537],[37.706164,55.755066],[37.706566,55.754932]],[[37.706566,55.754932],[37.706873,55.754829],[37.707971,55.754451]],[[37.707971,55.754451],[37.708165,55.754393],[37.709384,55.753965],[37.71042,55.753593],[37.710646,55.753512],[37.711587,55.753196],[37.711767,55.753146]],[[37.711767,55.753146],[37.711911,55.753084],[37.712001,55.75304],[37.712049,55.75299],[37.712089,55.752945],[37.712121,55.752899],[37.712182,55.752799]],[[37.712182,55.752799],[37.712403,55.7524],[37.712777,55.751797],[37.713002,55.751429],[37.713076,55.751308],[37.713146,55.751179]],[[37.713146,55.751179],[37.713206,55.751129],[37.713218,55.751119],[37.713279,55.751083],[37.713345,55.75105],[37.71343,55.751022],[37.713512,55.751008],[37.713541,55.75101],[37.713637,55.751011]],[[37.713637,55.751011],[37.714025,55.751083],[37.714711,55.751209]],[[37.714711,55.751209],[37.714848,55.751238],[37.714955,55.751263],[37.715066,55.751296],[37.715366,55.751385],[37.715497,55.751422],[37.715607,55.751449],[37.715749,55.75148]],[[37.715749,55.75148],[37.716145,55.751555],[37.716506,55.751621]],[[37.716506,55.751621],[37.716637,55.751643],[37.71673,55.751658],[37.716836,55.75167],[37.717077,55.751696],[37.717122,55.751701],[37.717172,55.751707],[37.717252,55.751718],[37.71735,55.751734],[37.717576,55.751774]],[[37.717576,55.751774],[37.717734,55.75181]],[[37.717734,55.75181],[37.719074,55.752083],[37.719449,55.752156]],[[37.719449,55.752156],[37.720326,55.752327],[37.721527,55.752562]],[[37.721527,55.752562],[37.72176,55.752606]],[[37.72176,55.752606],[37.721998,55.752651],[37.723767,55.752988]]]}},{"type":"Feature","properties":{"kind":"stop","route":1,"name":"Чертаново Южное","source":"spravochnik"},"geometry":{"type":"Point","coordinates":[37.590884,55.59468]}},{"type":"Feature","properties":{"kind":"stop","route":1,"name":"Чертаново Южное","source":"spravochnik"},"geometry":{"type":"Point","coordinates":[37.588075,55.596577]}},{"type":"Feature","properties":{"kind":"stop","route":1,"name":"Поликлиника","source":"spravochnik"},"geometry":{"type":"Point","coordinates":[37.588526,55.598721]}},{"type":"Feature","properties":{"kind":"stop","route":1,"name":"ОВД «Чертаново Южное»","source":"spravochnik"},"geometry":{"type":"Point","coordinates":[37.588965,55.600487]}},{"type":"Feature","properties":{"kind":"stop","route":1,"name":"Чертановская улица, 53","source":"spravochnik"},"geometry":{"type":"Point","coordinates":[37.589452,55.602463]}},{"type":"Feature","properties":{"kind":"stop","route":1,"name":"Кировоградские пруды","source":"spravochnik"},"geometry":{"type":"Point","coordinates":[37.5903,55.606113]}},{"type":"Feature","properties":{"kind":"stop","route":1,"name":"Чертановская улица, 44","source":"spravochnik"},"geometry":{"type":"Point","coordinates":[37.591027,55.608997]}},{"type":"Feature","properties":{"kind":"stop","route":1,"name":"Чертаново Центральное","source":"spravochnik"},"geometry":{"type":"Point","coordinates":[37.59216,55.613511]}},{"type":"Feature","properties":{"kind":"stop","route":1,"name":"Детская стоматологическая поликлиника","source":"spravochnik"},"geometry":{"type":"Point","coordinates":[37.592992,55.616231]}},{"type":"Feature","properties":{"kind":"stop","route":1,"name":"Чертановская улица, 28","source":"spravochnik"},"geometry":{"type":"Point","coordinates":[37.593945,55.61949]}},{"type":"Feature","properties":{"kind":"stop","route":1,"name":"Кинотеатр «Ашхабад»","source":"spravochnik"},"geometry":{"type":"Point","coordinates":[37.59606,55.624567]}},{"type":"Feature","properties":{"kind":"stop","route":1,"name":"Школьный парк","source":"spravochnik"},"geometry":{"type":"Point","coordinates":[37.598997,55.62849]}},{"type":"Feature","properties":{"kind":"stop","route":1,"name":"Футбольная школа Чертаново","source":"spravochnik"},"geometry":{"type":"Point","coordinates":[37.601029,55.631182]}},{"type":"Feature","properties":{"kind":"stop","route":1,"name":"Сумской проезд","source":"spravochnik"},"geometry":{"type":"Point","coordinates":[37.603937,55.634861]}},{"type":"Feature","properties":{"kind":"stop","route":1,"name":"Верхний Чертановский пруд","source":"spravochnik"},"geometry":{"type":"Point","coordinates":[37.60526,55.637743]}},{"type":"Feature","properties":{"kind":"stop","route":1,"name":"Метро «Чертановская»","source":"spravochnik"},"geometry":{"type":"Point","coordinates":[37.605732,55.640363]}},{"type":"Feature","properties":{"kind":"stop","route":1,"name":"Балаклавский проспект","source":"spravochnik"},"geometry":{"type":"Point","coordinates":[37.605697,55.643069]}},{"type":"Feature","properties":{"kind":"stop","route":1,"name":"Черноморский бульвар","source":"spravochnik"},"geometry":{"type":"Point","coordinates":[37.605656,55.645174]}},{"type":"Feature","properties":{"kind":"stop","route":1,"name":"Симферопольский бульвар, 20","source":"spravochnik"},"geometry":{"type":"Point","coordinates":[37.605571,55.649414]}},{"type":"Feature","properties":{"kind":"stop","route":1,"name":"Метро «Каховская»","source":"spravochnik"},"geometry":{"type":"Point","coordinates":[37.605637,55.65288]}},{"type":"Feature","properties":{"kind":"stop","route":1,"name":"Болотниковская улица","source":"spravochnik"},"geometry":{"type":"Point","coordinates":[37.605586,55.656345]}},{"type":"Feature","properties":{"kind":"stop","route":1,"name":"Москворецкий рынок","source":"spravochnik"},"geometry":{"type":"Point","coordinates":[37.608629,55.65841]}},{"type":"Feature","properties":{"kind":"stop","route":1,"name":"Болотниковская улица","source":"spravochnik"},"geometry":{"type":"Point","coordinates":[37.605208,55.65619]}},{"type":"Feature","properties":{"kind":"stop","route":1,"name":"Метро «Каховская»","source":"spravochnik"},"geometry":{"type":"Point","coordinates":[37.605131,55.653526]}},{"type":"Feature","properties":{"kind":"stop","route":1,"name":"Симферопольский бульвар, 20","source":"spravochnik"},"geometry":{"type":"Point","coordinates":[37.605387,55.649112]}},{"type":"Feature","properties":{"kind":"stop","route":1,"name":"Черноморский бульвар","source":"spravochnik"},"geometry":{"type":"Point","coordinates":[37.605452,55.645617]}},{"type":"Feature","properties":{"kind":"stop","route":1,"name":"Балаклавский проспект","source":"spravochnik"},"geometry":{"type":"Point","coordinates":[37.60551,55.642619]}},{"type":"Feature","properties":{"kind":"stop","route":1,"name":"Метро «Чертановская»","source":"spravochnik"},"geometry":{"type":"Point","coordinates":[37.605491,55.640291]}},{"type":"Feature","properties":{"kind":"stop","route":1,"name":"Верхний Чертановский пруд","source":"spravochnik"},"geometry":{"type":"Point","coordinates":[37.605081,55.637838]}},{"type":"Feature","properties":{"kind":"stop","route":1,"name":"Сумской проезд","source":"spravochnik"},"geometry":{"type":"Point","coordinates":[37.603095,55.633902]}},{"type":"Feature","properties":{"kind":"stop","route":1,"name":"Футбольная школа Чертаново","source":"spravochnik"},"geometry":{"type":"Point","coordinates":[37.600875,55.631341]}},{"type":"Feature","properties":{"kind":"stop","route":1,"name":"Школьный парк","source":"spravochnik"},"geometry":{"type":"Point","coordinates":[37.598428,55.628721]}},{"type":"Feature","properties":{"kind":"stop","route":1,"name":"Кинотеатр «Ашхабад»","source":"spravochnik"},"geometry":{"type":"Point","coordinates":[37.595651,55.624229]}},{"type":"Feature","properties":{"kind":"stop","route":1,"name":"Чертановская улица, 28","source":"spravochnik"},"geometry":{"type":"Point","coordinates":[37.593758,55.619712]}},{"type":"Feature","properties":{"kind":"stop","route":1,"name":"Детская стоматологическая поликлиника","source":"spravochnik"},"geometry":{"type":"Point","coordinates":[37.592774,55.616395]}},{"type":"Feature","properties":{"kind":"stop","route":1,"name":"Чертаново Центральное","source":"spravochnik"},"geometry":{"type":"Point","coordinates":[37.59149,55.611799]}},{"type":"Feature","properties":{"kind":"stop","route":1,"name":"Чертановская улица, 44","source":"spravochnik"},"geometry":{"type":"Point","coordinates":[37.590832,55.609139]}},{"type":"Feature","properties":{"kind":"stop","route":1,"name":"Кировоградские пруды","source":"spravochnik"},"geometry":{"type":"Point","coordinates":[37.590101,55.606002]}},{"type":"Feature","properties":{"kind":"stop","route":1,"name":"Чертановская улица, 53","source":"spravochnik"},"geometry":{"type":"Point","coordinates":[37.589292,55.602545]}},{"type":"Feature","properties":{"kind":"stop","route":1,"name":"ОВД «Чертаново Южное»","source":"spravochnik"},"geometry":{"type":"Point","coordinates":[37.588864,55.600805]}},{"type":"Feature","properties":{"kind":"stop","route":1,"name":"Поликлиника","source":"spravochnik"},"geometry":{"type":"Point","coordinates":[37.588424,55.598951]}},{"type":"Feature","properties":{"kind":"stop","route":1,"name":"Чертаново Южное","source":"spravochnik"},"geometry":{"type":"Point","coordinates":[37.587888,55.596678]}},{"type":"Feature","properties":{"kind":"stop","route":5,"name":"Метро «Рижская»","source":"spravochnik"},"geometry":{"type":"Point","coordinates":[37.63413,55.792739]}},{"type":"Feature","properties":{"kind":"stop","route":5,"name":"Улица Гиляровского","source":"spravochnik"},"geometry":{"type":"Point","coordinates":[37.632675,55.789966]}},{"type":"Feature","properties":{"kind":"stop","route":5,"name":"Улица Щепкина","source":"spravochnik"},"geometry":{"type":"Point","coordinates":[37.629643,55.789044]}},{"type":"Feature","properties":{"kind":"stop","route":5,"name":"Олимпийский проспект","source":"spravochnik"},"geometry":{"type":"Point","coordinates":[37.623208,55.788757]}},{"type":"Feature","properties":{"kind":"stop","route":5,"name":"Улица Советской Армии","source":"spravochnik"},"geometry":{"type":"Point","coordinates":[37.617252,55.788552]}},{"type":"Feature","properties":{"kind":"stop","route":5,"name":"МИИТ","source":"spravochnik"},"geometry":{"type":"Point","coordinates":[37.610106,55.788886]}},{"type":"Feature","properties":{"kind":"stop","route":5,"name":"Улица Образцова","source":"spravochnik"},"geometry":{"type":"Point","coordinates":[37.608921,55.790093]}},{"type":"Feature","properties":{"kind":"stop","route":5,"name":"Дворец культуры МИИТ","source":"spravochnik"},"geometry":{"type":"Point","coordinates":[37.604473,55.789794]}},{"type":"Feature","properties":{"kind":"stop","route":5,"name":"Минаевский переулок","source":"spravochnik"},"geometry":{"type":"Point","coordinates":[37.601152,55.789538]}},{"type":"Feature","properties":{"kind":"stop","route":5,"name":"Тихвинский переулок","source":"spravochnik"},"geometry":{"type":"Point","coordinates":[37.6005,55.787916]}},{"type":"Feature","properties":{"kind":"stop","route":5,"name":"Улица Палиха","source":"spravochnik"},"geometry":{"type":"Point","coordinates":[37.600696,55.784825]}},{"type":"Feature","properties":{"kind":"stop","route":5,"name":"Лесная улица","source":"spravochnik"},"geometry":{"type":"Point","coordinates":[37.596297,55.783845]}},{"type":"Feature","properties":{"kind":"stop","route":5,"name":"Миусское депо","source":"spravochnik"},"geometry":{"type":"Point","coordinates":[37.592297,55.781074]}},{"type":"Feature","properties":{"kind":"stop","route":5,"name":"Дом культуры имени Зуева","source":"spravochnik"},"geometry":{"type":"Point","coordinates":[37.589701,55.779386]}},{"type":"Feature","properties":{"kind":"stop","route":5,"name":"Метро «Белорусская»","source":"spravochnik"},"geometry":{"type":"Point","coordinates":[37.586483,55.77727]}},{"type":"Feature","properties":{"kind":"stop","route":5,"name":"Белорусский вокзал","source":"spravochnik"},"geometry":{"type":"Point","coordinates":[37.583435,55.776346]}},{"type":"Feature","properties":{"kind":"stop","route":5,"name":"Метро «Белорусская»","source":"spravochnik"},"geometry":{"type":"Point","coordinates":[37.586692,55.777146]}},{"type":"Feature","properties":{"kind":"stop","route":5,"name":"Дом культуры имени Зуева","source":"spravochnik"},"geometry":{"type":"Point","coordinates":[37.589949,55.779252]}},{"type":"Feature","properties":{"kind":"stop","route":5,"name":"Миусское депо","source":"spravochnik"},"geometry":{"type":"Point","coordinates":[37.592472,55.780865]}},{"type":"Feature","properties":{"kind":"stop","route":5,"name":"Лесная улица","source":"spravochnik"},"geometry":{"type":"Point","coordinates":[37.596641,55.783704]}},{"type":"Feature","properties":{"kind":"stop","route":5,"name":"Улица Палиха","source":"spravochnik"},"geometry":{"type":"Point","coordinates":[37.601606,55.785791]}},{"type":"Feature","properties":{"kind":"stop","route":5,"name":"Тихвинский переулок","source":"spravochnik"},"geometry":{"type":"Point","coordinates":[37.600905,55.787586]}},{"type":"Feature","properties":{"kind":"stop","route":5,"name":"Минаевский переулок","source":"spravochnik"},"geometry":{"type":"Point","coordinates":[37.602576,55.789473]}},{"type":"Feature","properties":{"kind":"stop","route":5,"name":"Дворец культуры МИИТ","source":"spravochnik"},"geometry":{"type":"Point","coordinates":[37.604931,55.789618]}},{"type":"Feature","properties":{"kind":"stop","route":5,"name":"Улица Образцова","source":"spravochnik"},"geometry":{"type":"Point","coordinates":[37.6091,55.789934]}},{"type":"Feature","properties":{"kind":"stop","route":5,"name":"МИИТ","source":"spravochnik"},"geometry":{"type":"Point","coordinates":[37.60981,55.789044]}},{"type":"Feature","properties":{"kind":"stop","route":5,"name":"Улица Советской Армии","source":"spravochnik"},"geometry":{"type":"Point","coordinates":[37.61607,55.788449]}},{"type":"Feature","properties":{"kind":"stop","route":5,"name":"Олимпийский проспект","source":"spravochnik"},"geometry":{"type":"Point","coordinates":[37.621753,55.788669]}},{"type":"Feature","properties":{"kind":"stop","route":5,"name":"Улица Щепкина","source":"spravochnik"},"geometry":{"type":"Point","coordinates":[37.628202,55.788837]}},{"type":"Feature","properties":{"kind":"stop","route":5,"name":"Улица Гиляровского","source":"spravochnik"},"geometry":{"type":"Point","coordinates":[37.633456,55.790895]}},{"type":"Feature","properties":{"kind":"stop","route":7,"name":"Метро «Бульвар Рокоссовского»","source":"spravochnik"},"geometry":{"type":"Point","coordinates":[37.734183,55.814259]}},{"type":"Feature","properties":{"kind":"stop","route":7,"name":"Метро «Бульвар Рокоссовского»","source":"spravochnik"},"geometry":{"type":"Point","coordinates":[37.732906,55.81522]}},{"type":"Feature","properties":{"kind":"stop","route":7,"name":"5-й проезд Подбельского","source":"spravochnik"},"geometry":{"type":"Point","coordinates":[37.726992,55.816866]}},{"type":"Feature","properties":{"kind":"stop","route":7,"name":"3-й проезд Подбельского","source":"spravochnik"},"geometry":{"type":"Point","coordinates":[37.721731,55.818352]}},{"type":"Feature","properties":{"kind":"stop","route":7,"name":"Игральная улица","source":"spravochnik"},"geometry":{"type":"Point","coordinates":[37.71626,55.818362]}},{"type":"Feature","properties":{"kind":"stop","route":7,"name":"Погонный проезд","source":"spravochnik"},"geometry":{"type":"Point","coordinates":[37.709796,55.819773]}},{"type":"Feature","properties":{"kind":"stop","route":7,"name":"Ланинский переулок","source":"spravochnik"},"geometry":{"type":"Point","coordinates":[37.705347,55.819035]}},{"type":"Feature","properties":{"kind":"stop","route":7,"name":"Богородское","source":"spravochnik"},"geometry":{"type":"Point","coordinates":[37.700888,55.817022]}},{"type":"Feature","properties":{"kind":"stop","route":7,"name":"Богородский храм","source":"spravochnik"},"geometry":{"type":"Point","coordinates":[37.695623,55.814921]}},{"type":"Feature","properties":{"kind":"stop","route":7,"name":"Инновационный университет","source":"spravochnik"},"geometry":{"type":"Point","coordinates":[37.697811,55.812299]}},{"type":"Feature","properties":{"kind":"stop","route":7,"name":"1-я Прогонная улица","source":"spravochnik"},"geometry":{"type":"Point","coordinates":[37.703576,55.80998]}},{"type":"Feature","properties":{"kind":"stop","route":7,"name":"Телерадиокомпания «МИР»","source":"spravochnik"},"geometry":{"type":"Point","coordinates":[37.706086,55.80718]}},{"type":"Feature","properties":{"kind":"stop","route":7,"name":"Мосгорсуд","source":"spravochnik"},"geometry":{"type":"Point","coordinates":[37.707099,55.804668]}},{"type":"Feature","properties":{"kind":"stop","route":7,"name":"Улица Хромова","source":"spravochnik"},"geometry":{"type":"Point","coordinates":[37.712651,55.799926]}},{"type":"Feature","properties":{"kind":"stop","route":7,"name":"Метро «Преображенская площадь»","source":"spravochnik"},"geometry":{"type":"Point","coordinates":[37.714513,55.797625]}},{"type":"Feature","properties":{"kind":"stop","route":7,"name":"Преображенская площадь","source":"spravochnik"},"geometry":{"type":"Point","coordinates":[37.709279,55.795248]}},{"type":"Feature","properties":{"kind":"stop","route":7,"name":"Трамвайное депо имени Русакова","source":"spravochnik"},"geometry":{"type":"Point","coordinates":[37.699471,55.794564]}},{"type":"Feature","properties":{"kind":"stop","route":7,"name":"Малая Остроумовская улица","source":"spravochnik"},"geometry":{"type":"Point","coordinates":[37.690769,55.793194]}},{"type":"Feature","properties":{"kind":"stop","route":7,"name":"Клуб Русакова - Сцена «Мельников»","source":"spravochnik"},"geometry":{"type":"Point","coordinates":[37.686536,55.791513]}},{"type":"Feature","properties":{"kind":"stop","route":7,"name":"Метро «Сокольники»","source":"spravochnik"},"geometry":{"type":"Point","coordinates":[37.680925,55.789317]}},{"type":"Feature","properties":{"kind":"stop","route":7,"name":"МЦД Митьково","source":"spravochnik"},"geometry":{"type":"Point","coordinates":[37.675607,55.785267]}},{"type":"Feature","properties":{"kind":"stop","route":7,"name":"Леснорядская улица","source":"spravochnik"},"geometry":{"type":"Point","coordinates":[37.670391,55.781701]}},{"type":"Feature","properties":{"kind":"stop","route":7,"name":"Метро «Красносельская»","source":"spravochnik"},"geometry":{"type":"Point","coordinates":[37.666596,55.779718]}},{"type":"Feature","properties":{"kind":"stop","route":7,"name":"Метро «Комсомольская»","source":"spravochnik"},"geometry":{"type":"Point","coordinates":[37.656232,55.775528]}},{"type":"Feature","properties":{"kind":"stop","route":7,"name":"МЦД Площадь трёх вокзалов","source":"spravochnik"},"geometry":{"type":"Point","coordinates":[37.652899,55.774738]}},{"type":"Feature","properties":{"kind":"stop","route":7,"name":"Каланчёвская улица","source":"spravochnik"},"geometry":{"type":"Point","coordinates":[37.649712,55.776344]}},{"type":"Feature","properties":{"kind":"stop","route":7,"name":"Пантелеевская улица","source":"spravochnik"},"geometry":{"type":"Point","coordinates":[37.645432,55.779514]}},{"type":"Feature","properties":{"kind":"stop","route":7,"name":"Астраханский переулок","source":"spravochnik"},"geometry":{"type":"Point","coordinates":[37.641629,55.779749]}},{"type":"Feature","properties":{"kind":"stop","route":7,"name":"Ботанический переулок","source":"spravochnik"},"geometry":{"type":"Point","coordinates":[37.639109,55.779973]}},{"type":"Feature","properties":{"kind":"stop","route":7,"name":"Метро «Проспект Мира»","source":"spravochnik"},"geometry":{"type":"Point","coordinates":[37.634537,55.780443]}},{"type":"Feature","properties":{"kind":"stop","route":7,"name":"Спорткомплекс «Олимпийский»","source":"spravochnik"},"geometry":{"type":"Point","coordinates":[37.632351,55.780739]}},{"type":"Feature","properties":{"kind":"stop","route":7,"name":"Улица Гиляровского","source":"spravochnik"},"geometry":{"type":"Point","coordinates":[37.630729,55.779191]}},{"type":"Feature","properties":{"kind":"stop","route":7,"name":"Улица Щепкина","source":"spravochnik"},"geometry":{"type":"Point","coordinates":[37.629565,55.778366]}},{"type":"Feature","properties":{"kind":"stop","route":7,"name":"Театр зверей имени Дурова","source":"spravochnik"},"geometry":{"type":"Point","coordinates":[37.623172,55.779087]}},{"type":"Feature","properties":{"kind":"stop","route":7,"name":"Самотёчная улица","source":"spravochnik"},"geometry":{"type":"Point","coordinates":[37.61684,55.778603]}},{"type":"Feature","properties":{"kind":"stop","route":7,"name":"4-й Самотёчный переулок","source":"spravochnik"},"geometry":{"type":"Point","coordinates":[37.613391,55.779307]}},{"type":"Feature","properties":{"kind":"stop","route":7,"name":"Селезнёвская улица","source":"spravochnik"},"geometry":{"type":"Point","coordinates":[37.609172,55.780533]}},{"type":"Feature","properties":{"kind":"stop","route":7,"name":"Улица Достоевского","source":"spravochnik"},"geometry":{"type":"Point","coordinates":[37.611003,55.782625]}},{"type":"Feature","properties":{"kind":"stop","route":7,"name":"Площадь Борьбы","source":"spravochnik"},"geometry":{"type":"Point","coordinates":[37.605071,55.785151]}},{"type":"Feature","properties":{"kind":"stop","route":7,"name":"Улица Палиха","source":"spravochnik"},"geometry":{"type":"Point","coordinates":[37.600696,55.784825]}},{"type":"Feature","properties":{"kind":"stop","route":7,"name":"Лесная улица","source":"spravochnik"},"geometry":{"type":"Point","coordinates":[37.596297,55.783845]}},{"type":"Feature","properties":{"kind":"stop","route":7,"name":"Миусское депо","source":"spravochnik"},"geometry":{"type":"Point","coordinates":[37.592297,55.781074]}},{"type":"Feature","properties":{"kind":"stop","route":7,"name":"Дом культуры имени Зуева","source":"spravochnik"},"geometry":{"type":"Point","coordinates":[37.589701,55.779386]}},{"type":"Feature","properties":{"kind":"stop","route":7,"name":"Метро «Белорусская»","source":"spravochnik"},"geometry":{"type":"Point","coordinates":[37.586483,55.77727]}},{"type":"Feature","properties":{"kind":"stop","route":7,"name":"Белорусский вокзал","source":"spravochnik"},"geometry":{"type":"Point","coordinates":[37.583435,55.776346]}},{"type":"Feature","properties":{"kind":"stop","route":7,"name":"Метро «Белорусская»","source":"spravochnik"},"geometry":{"type":"Point","coordinates":[37.586692,55.777146]}},{"type":"Feature","properties":{"kind":"stop","route":7,"name":"Дом культуры имени Зуева","source":"spravochnik"},"geometry":{"type":"Point","coordinates":[37.589949,55.779252]}},{"type":"Feature","properties":{"kind":"stop","route":7,"name":"Миусское депо","source":"spravochnik"},"geometry":{"type":"Point","coordinates":[37.592472,55.780865]}},{"type":"Feature","properties":{"kind":"stop","route":7,"name":"Лесная улица","source":"spravochnik"},"geometry":{"type":"Point","coordinates":[37.596641,55.783704]}},{"type":"Feature","properties":{"kind":"stop","route":7,"name":"Улица Палиха","source":"spravochnik"},"geometry":{"type":"Point","coordinates":[37.602599,55.785149]}},{"type":"Feature","properties":{"kind":"stop","route":7,"name":"Площадь Борьбы","source":"spravochnik"},"geometry":{"type":"Point","coordinates":[37.606441,55.784339]}},{"type":"Feature","properties":{"kind":"stop","route":7,"name":"Улица Достоевского","source":"spravochnik"},"geometry":{"type":"Point","coordinates":[37.610399,55.783027]}},{"type":"Feature","properties":{"kind":"stop","route":7,"name":"Селезнёвская улица","source":"spravochnik"},"geometry":{"type":"Point","coordinates":[37.609163,55.781141]}},{"type":"Feature","properties":{"kind":"stop","route":7,"name":"4-й Самотёчный переулок","source":"spravochnik"},"geometry":{"type":"Point","coordinates":[37.612834,55.779373]}},{"type":"Feature","properties":{"kind":"stop","route":7,"name":"Самотёчная улица","source":"spravochnik"},"geometry":{"type":"Point","coordinates":[37.616693,55.778472]}},{"type":"Feature","properties":{"kind":"stop","route":7,"name":"Театр зверей имени Дурова","source":"spravochnik"},"geometry":{"type":"Point","coordinates":[37.623138,55.778971]}},{"type":"Feature","properties":{"kind":"stop","route":7,"name":"Улица Щепкина","source":"spravochnik"},"geometry":{"type":"Point","coordinates":[37.629967,55.77826]}},{"type":"Feature","properties":{"kind":"stop","route":7,"name":"Улица Гиляровского","source":"spravochnik"},"geometry":{"type":"Point","coordinates":[37.631001,55.779229]}},{"type":"Feature","properties":{"kind":"stop","route":7,"name":"Спорткомплекс «Олимпийский»","source":"spravochnik"},"geometry":{"type":"Point","coordinates":[37.6325,55.780551]}},{"type":"Feature","properties":{"kind":"stop","route":7,"name":"Метро «Проспект Мира»","source":"spravochnik"},"geometry":{"type":"Point","coordinates":[37.634267,55.780336]}},{"type":"Feature","properties":{"kind":"stop","route":7,"name":"Ботанический переулок","source":"spravochnik"},"geometry":{"type":"Point","coordinates":[37.639677,55.779783]}},{"type":"Feature","properties":{"kind":"stop","route":7,"name":"Астраханский переулок","source":"spravochnik"},"geometry":{"type":"Point","coordinates":[37.642175,55.779594]}},{"type":"Feature","properties":{"kind":"stop","route":7,"name":"Пантелеевская улица","source":"spravochnik"},"geometry":{"type":"Point","coordinates":[37.645113,55.779438]}},{"type":"Feature","properties":{"kind":"stop","route":7,"name":"Каланчёвская улица","source":"spravochnik"},"geometry":{"type":"Point","coordinates":[37.650085,55.775876]}},{"type":"Feature","properties":{"kind":"stop","route":7,"name":"МЦД Площадь трёх вокзалов","source":"spravochnik"},"geometry":{"type":"Point","coordinates":[37.653175,55.774589]}},{"type":"Feature","properties":{"kind":"stop","route":7,"name":"Метро «Комсомольская»","source":"spravochnik"},"geometry":{"type":"Point","coordinates":[37.655832,55.775284]}},{"type":"Feature","properties":{"kind":"stop","route":7,"name":"Метро «Красносельская»","source":"spravochnik"},"geometry":{"type":"Point","coordinates":[37.665708,55.779199]}},{"type":"Feature","properties":{"kind":"stop","route":7,"name":"Леснорядская улица","source":"spravochnik"},"geometry":{"type":"Point","coordinates":[37.670703,55.781736]}},{"type":"Feature","properties":{"kind":"stop","route":7,"name":"МЦД Митьково","source":"spravochnik"},"geometry":{"type":"Point","coordinates":[37.67586,55.78534]}},{"type":"Feature","properties":{"kind":"stop","route":7,"name":"Метро «Сокольники»","source":"spravochnik"},"geometry":{"type":"Point","coordinates":[37.681087,55.789262]}},{"type":"Feature","properties":{"kind":"stop","route":7,"name":"Клуб Русакова - Сцена «Мельников»","source":"spravochnik"},"geometry":{"type":"Point","coordinates":[37.686645,55.791428]}},{"type":"Feature","properties":{"kind":"stop","route":7,"name":"Малая Остроумовская улица","source":"spravochnik"},"geometry":{"type":"Point","coordinates":[37.691161,55.793184]}},{"type":"Feature","properties":{"kind":"stop","route":7,"name":"Трамвайное депо имени Русакова","source":"spravochnik"},"geometry":{"type":"Point","coordinates":[37.698245,55.794296]}},{"type":"Feature","properties":{"kind":"stop","route":7,"name":"Преображенская площадь","source":"spravochnik"},"geometry":{"type":"Point","coordinates":[37.709366,55.795161]}},{"type":"Feature","properties":{"kind":"stop","route":7,"name":"Метро «Преображенская площадь»","source":"spravochnik"},"geometry":{"type":"Point","coordinates":[37.714867,55.797005]}},{"type":"Feature","properties":{"kind":"stop","route":7,"name":"Улица Хромова","source":"spravochnik"},"geometry":{"type":"Point","coordinates":[37.712917,55.80015]}},{"type":"Feature","properties":{"kind":"stop","route":7,"name":"Мосгорсуд","source":"spravochnik"},"geometry":{"type":"Point","coordinates":[37.707481,55.804434]}},{"type":"Feature","properties":{"kind":"stop","route":7,"name":"Телерадиокомпания «МИР»","source":"spravochnik"},"geometry":{"type":"Point","coordinates":[37.706624,55.806827]}},{"type":"Feature","properties":{"kind":"stop","route":7,"name":"1-я Прогонная улица","source":"spravochnik"},"geometry":{"type":"Point","coordinates":[37.703934,55.81001]}},{"type":"Feature","properties":{"kind":"stop","route":7,"name":"Инновационный университет","source":"spravochnik"},"geometry":{"type":"Point","coordinates":[37.697634,55.812585]}},{"type":"Feature","properties":{"kind":"stop","route":7,"name":"Богородский храм","source":"spravochnik"},"geometry":{"type":"Point","coordinates":[37.69589,55.8149]}},{"type":"Feature","properties":{"kind":"stop","route":7,"name":"Богородское","source":"spravochnik"},"geometry":{"type":"Point","coordinates":[37.700566,55.816573]}},{"type":"Feature","properties":{"kind":"stop","route":7,"name":"Ланинский переулок","source":"spravochnik"},"geometry":{"type":"Point","coordinates":[37.704942,55.818768]}},{"type":"Feature","properties":{"kind":"stop","route":7,"name":"Погонный проезд","source":"spravochnik"},"geometry":{"type":"Point","coordinates":[37.710116,55.819632]}},{"type":"Feature","properties":{"kind":"stop","route":7,"name":"Игральная улица","source":"spravochnik"},"geometry":{"type":"Point","coordinates":[37.715533,55.818481]}},{"type":"Feature","properties":{"kind":"stop","route":7,"name":"3-й проезд Подбельского","source":"spravochnik"},"geometry":{"type":"Point","coordinates":[37.721056,55.818002]}},{"type":"Feature","properties":{"kind":"stop","route":7,"name":"5-й проезд Подбельского","source":"spravochnik"},"geometry":{"type":"Point","coordinates":[37.725979,55.816987]}},{"type":"Feature","properties":{"kind":"stop","route":11,"name":"Усадьба Останкино","source":"spravochnik"},"geometry":{"type":"Point","coordinates":[37.617058,55.822781]}},{"type":"Feature","properties":{"kind":"stop","route":11,"name":"Усадьба Останкино","source":"spravochnik"},"geometry":{"type":"Point","coordinates":[37.615714,55.82347]}},{"type":"Feature","properties":{"kind":"stop","route":11,"name":"Аргуновская улица","source":"spravochnik"},"geometry":{"type":"Point","coordinates":[37.621314,55.821765]}},{"type":"Feature","properties":{"kind":"stop","route":11,"name":"Улица Цандера","source":"spravochnik"},"geometry":{"type":"Point","coordinates":[37.628213,55.821753]}},{"type":"Feature","properties":{"kind":"stop","route":11,"name":"ВДНХ (южная)","source":"spravochnik"},"geometry":{"type":"Point","coordinates":[37.633693,55.821998]}},{"type":"Feature","properties":{"kind":"stop","route":11,"name":"Метро «ВДНХ»","source":"spravochnik"},"geometry":{"type":"Point","coordinates":[37.638832,55.823982]}},{"type":"Feature","properties":{"kind":"stop","route":11,"name":"ВДНХ (северная)","source":"spravochnik"},"geometry":{"type":"Point","coordinates":[37.646455,55.827026]}},{"type":"Feature","properties":{"kind":"stop","route":11,"name":"Проспект Мира","source":"spravochnik"},"geometry":{"type":"Point","coordinates":[37.6488,55.826292]}},{"type":"Feature","properties":{"kind":"stop","route":11,"name":"Ярославская улица","source":"spravochnik"},"geometry":{"type":"Point","coordinates":[37.652201,55.824931]}},{"type":"Feature","properties":{"kind":"stop","route":11,"name":"Улица Бориса Галушкина, 17","source":"spravochnik"},"geometry":{"type":"Point","coordinates":[37.658425,55.822846]}},{"type":"Feature","properties":{"kind":"stop","route":11,"name":"Площадь Академика Люльки","source":"spravochnik"},"geometry":{"type":"Point","coordinates":[37.662596,55.821557]}},{"type":"Feature","properties":{"kind":"stop","route":11,"name":"Станция Юных натуралистов","source":"spravochnik"},"geometry":{"type":"Point","coordinates":[37.670585,55.819202]}},{"type":"Feature","properties":{"kind":"stop","route":11,"name":"Лингвистический университет","source":"spravochnik"},"geometry":{"type":"Point","coordinates":[37.678848,55.817294]}},{"type":"Feature","properties":{"kind":"stop","route":11,"name":"Ростокинский проезд","source":"spravochnik"},"geometry":{"type":"Point","coordinates":[37.683983,55.815322]}},{"type":"Feature","properties":{"kind":"stop","route":11,"name":"Богатырский мост","source":"spravochnik"},"geometry":{"type":"Point","coordinates":[37.689073,55.816722]}},{"type":"Feature","properties":{"kind":"stop","route":11,"name":"Богородский храм","source":"spravochnik"},"geometry":{"type":"Point","coordinates":[37.694102,55.814797]}},{"type":"Feature","properties":{"kind":"stop","route":11,"name":"Инновационный университет","source":"spravochnik"},"geometry":{"type":"Point","coordinates":[37.697811,55.812299]}},{"type":"Feature","properties":{"kind":"stop","route":11,"name":"1-я Прогонная улица","source":"spravochnik"},"geometry":{"type":"Point","coordinates":[37.703576,55.80998]}},{"type":"Feature","properties":{"kind":"stop","route":11,"name":"Телерадиокомпания «МИР»","source":"spravochnik"},"geometry":{"type":"Point","coordinates":[37.706086,55.80718]}},{"type":"Feature","properties":{"kind":"stop","route":11,"name":"Мосгорсуд","source":"spravochnik"},"geometry":{"type":"Point","coordinates":[37.707099,55.804668]}},{"type":"Feature","properties":{"kind":"stop","route":11,"name":"Улица Хромова","source":"spravochnik"},"geometry":{"type":"Point","coordinates":[37.712651,55.799926]}},{"type":"Feature","properties":{"kind":"stop","route":11,"name":"Метро «Преображенская площадь»","source":"spravochnik"},"geometry":{"type":"Point","coordinates":[37.714513,55.797625]}},{"type":"Feature","properties":{"kind":"stop","route":11,"name":"Метро «Преображенская площадь»","source":"spravochnik"},"geometry":{"type":"Point","coordinates":[37.714341,55.794647]}},{"type":"Feature","properties":{"kind":"stop","route":11,"name":"Преображенское кладбище","source":"spravochnik"},"geometry":{"type":"Point","coordinates":[37.715319,55.79186]}},{"type":"Feature","properties":{"kind":"stop","route":11,"name":"Улица Преображенский Вал","source":"spravochnik"},"geometry":{"type":"Point","coordinates":[37.716387,55.789248]}},{"type":"Feature","properties":{"kind":"stop","route":11,"name":"Улица Измайловский Вал","source":"spravochnik"},"geometry":{"type":"Point","coordinates":[37.716869,55.787427]}},{"type":"Feature","properties":{"kind":"stop","route":11,"name":"Метро «Семёновская»","source":"spravochnik"},"geometry":{"type":"Point","coordinates":[37.720085,55.782153]}},{"type":"Feature","properties":{"kind":"stop","route":11,"name":"Улица Ибрагимова","source":"spravochnik"},"geometry":{"type":"Point","coordinates":[37.731124,55.782588]}},{"type":"Feature","properties":{"kind":"stop","route":11,"name":"Фортунатовская улица","source":"spravochnik"},"geometry":{"type":"Point","coordinates":[37.738649,55.782861]}},{"type":"Feature","properties":{"kind":"stop","route":11,"name":"Мост Окружной железной дороги","source":"spravochnik"},"geometry":{"type":"Point","coordinates":[37.746091,55.783793]}},{"type":"Feature","properties":{"kind":"stop","route":11,"name":"Метро «Партизанская»","source":"spravochnik"},"geometry":{"type":"Point","coordinates":[37.750228,55.786542]}},{"type":"Feature","properties":{"kind":"stop","route":11,"name":"Главная аллея","source":"spravochnik"},"geometry":{"type":"Point","coordinates":[37.761697,55.786649]}},{"type":"Feature","properties":{"kind":"stop","route":11,"name":"Галерея «Измайлово»","source":"spravochnik"},"geometry":{"type":"Point","coordinates":[37.770926,55.790079]}},{"type":"Feature","properties":{"kind":"stop","route":11,"name":"Измайловская площадь","source":"spravochnik"},"geometry":{"type":"Point","coordinates":[37.778204,55.792079]}},{"type":"Feature","properties":{"kind":"stop","route":11,"name":"3-я Парковая улица","source":"spravochnik"},"geometry":{"type":"Point","coordinates":[37.783794,55.792816]}},{"type":"Feature","properties":{"kind":"stop","route":11,"name":"5-я Парковая улица","source":"spravochnik"},"geometry":{"type":"Point","coordinates":[37.789029,55.792988]}},{"type":"Feature","properties":{"kind":"stop","route":11,"name":"7-я Парковая улица","source":"spravochnik"},"geometry":{"type":"Point","coordinates":[37.794761,55.793119]}},{"type":"Feature","properties":{"kind":"stop","route":11,"name":"Метро «Первомайская»","source":"spravochnik"},"geometry":{"type":"Point","coordinates":[37.800288,55.793174]}},{"type":"Feature","properties":{"kind":"stop","route":11,"name":"Районный центр «Первомайский»","source":"spravochnik"},"geometry":{"type":"Point","coordinates":[37.806259,55.793279]}},{"type":"Feature","properties":{"kind":"stop","route":11,"name":"13-я Парковая улица","source":"spravochnik"},"geometry":{"type":"Point","coordinates":[37.813271,55.793395]}},{"type":"Feature","properties":{"kind":"stop","route":11,"name":"15-я Парковая улица","source":"spravochnik"},"geometry":{"type":"Point","coordinates":[37.819845,55.793501]}},{"type":"Feature","properties":{"kind":"stop","route":11,"name":"Восточное Измайлово","source":"spravochnik"},"geometry":{"type":"Point","coordinates":[37.822687,55.794481]}},{"type":"Feature","properties":{"kind":"stop","route":11,"name":"Восточное Измайлово","source":"spravochnik"},"geometry":{"type":"Point","coordinates":[37.821541,55.793648]}},{"type":"Feature","properties":{"kind":"stop","route":11,"name":"15-я Парковая улица","source":"spravochnik"},"geometry":{"type":"Point","coordinates":[37.818527,55.793598]}},{"type":"Feature","properties":{"kind":"stop","route":11,"name":"13-я Парковая улица","source":"spravochnik"},"geometry":{"type":"Point","coordinates":[37.8121,55.793497]}},{"type":"Feature","properties":{"kind":"stop","route":11,"name":"Районный центр «Первомайский»","source":"spravochnik"},"geometry":{"type":"Point","coordinates":[37.804908,55.793375]}},{"type":"Feature","properties":{"kind":"stop","route":11,"name":"Метро «Первомайская»","source":"spravochnik"},"geometry":{"type":"Point","coordinates":[37.79854,55.793271]}},{"type":"Feature","properties":{"kind":"stop","route":11,"name":"7-я Парковая улица","source":"spravochnik"},"geometry":{"type":"Point","coordinates":[37.79331,55.79322]}},{"type":"Feature","properties":{"kind":"stop","route":11,"name":"5-я Парковая улица","source":"spravochnik"},"geometry":{"type":"Point","coordinates":[37.787408,55.793086]}},{"type":"Feature","properties":{"kind":"stop","route":11,"name":"3-я Парковая улица","source":"spravochnik"},"geometry":{"type":"Point","coordinates":[37.782126,55.792759]}},{"type":"Feature","properties":{"kind":"stop","route":11,"name":"Измайловская площадь","source":"spravochnik"},"geometry":{"type":"Point","coordinates":[37.775046,55.791456]}},{"type":"Feature","properties":{"kind":"stop","route":11,"name":"Галерея «Измайлово»","source":"spravochnik"},"geometry":{"type":"Point","coordinates":[37.770836,55.790195]}},{"type":"Feature","properties":{"kind":"stop","route":11,"name":"Главная аллея","source":"spravochnik"},"geometry":{"type":"Point","coordinates":[37.761084,55.786787]}},{"type":"Feature","properties":{"kind":"stop","route":11,"name":"Метро «Партизанская»","source":"spravochnik"},"geometry":{"type":"Point","coordinates":[37.750924,55.786652]}},{"type":"Feature","properties":{"kind":"stop","route":11,"name":"Мост Окружной железной дороги","source":"spravochnik"},"geometry":{"type":"Point","coordinates":[37.745943,55.783655]}},{"type":"Feature","properties":{"kind":"stop","route":11,"name":"Фортунатовская улица","source":"spravochnik"},"geometry":{"type":"Point","coordinates":[37.739081,55.783093]}},{"type":"Feature","properties":{"kind":"stop","route":11,"name":"Улица Ибрагимова","source":"spravochnik"},"geometry":{"type":"Point","coordinates":[37.730053,55.78269]}},{"type":"Feature","properties":{"kind":"stop","route":11,"name":"Метро «Семёновская»","source":"spravochnik"},"geometry":{"type":"Point","coordinates":[37.72187,55.782389]}},{"type":"Feature","properties":{"kind":"stop","route":11,"name":"Метро «Семёновская»","source":"spravochnik"},"geometry":{"type":"Point","coordinates":[37.71879,55.782595]}},{"type":"Feature","properties":{"kind":"stop","route":11,"name":"Улица Измайловский Вал","source":"spravochnik"},"geometry":{"type":"Point","coordinates":[37.717206,55.787461]}},{"type":"Feature","properties":{"kind":"stop","route":11,"name":"Улица Преображенский Вал","source":"spravochnik"},"geometry":{"type":"Point","coordinates":[37.716723,55.789272]}},{"type":"Feature","properties":{"kind":"stop","route":11,"name":"Преображенское кладбище","source":"spravochnik"},"geometry":{"type":"Point","coordinates":[37.715572,55.791968]}},{"type":"Feature","properties":{"kind":"stop","route":11,"name":"Метро «Преображенская площадь»","source":"spravochnik"},"geometry":{"type":"Point","coordinates":[37.714838,55.794671]}},{"type":"Feature","properties":{"kind":"stop","route":11,"name":"Метро «Преображенская площадь»","source":"spravochnik"},"geometry":{"type":"Point","coordinates":[37.714867,55.797005]}},{"type":"Feature","properties":{"kind":"stop","route":11,"name":"Улица Хромова","source":"spravochnik"},"geometry":{"type":"Point","coordinates":[37.712917,55.80015]}},{"type":"Feature","properties":{"kind":"stop","route":11,"name":"Мосгорсуд","source":"spravochnik"},"geometry":{"type":"Point","coordinates":[37.707481,55.804434]}},{"type":"Feature","properties":{"kind":"stop","route":11,"name":"Телерадиокомпания «МИР»","source":"spravochnik"},"geometry":{"type":"Point","coordinates":[37.706624,55.806827]}},{"type":"Feature","properties":{"kind":"stop","route":11,"name":"1-я Прогонная улица","source":"spravochnik"},"geometry":{"type":"Point","coordinates":[37.703934,55.81001]}},{"type":"Feature","properties":{"kind":"stop","route":11,"name":"Инновационный университет","source":"spravochnik"},"geometry":{"type":"Point","coordinates":[37.697634,55.812585]}},{"type":"Feature","properties":{"kind":"stop","route":11,"name":"Богородский храм","source":"spravochnik"},"geometry":{"type":"Point","coordinates":[37.694263,55.814936]}},{"type":"Feature","properties":{"kind":"stop","route":11,"name":"Богатырский мост","source":"spravochnik"},"geometry":{"type":"Point","coordinates":[37.688728,55.817012]}},{"type":"Feature","properties":{"kind":"stop","route":11,"name":"Ростокинский проезд","source":"spravochnik"},"geometry":{"type":"Point","coordinates":[37.684892,55.815702]}},{"type":"Feature","properties":{"kind":"stop","route":11,"name":"Лингвистический университет","source":"spravochnik"},"geometry":{"type":"Point","coordinates":[37.678948,55.817387]}},{"type":"Feature","properties":{"kind":"stop","route":11,"name":"Станция Юных натуралистов","source":"spravochnik"},"geometry":{"type":"Point","coordinates":[37.670745,55.819304]}},{"type":"Feature","properties":{"kind":"stop","route":11,"name":"Площадь Академика Люльки","source":"spravochnik"},"geometry":{"type":"Point","coordinates":[37.662684,55.821651]}},{"type":"Feature","properties":{"kind":"stop","route":11,"name":"Улица Бориса Галушкина, 17","source":"spravochnik"},"geometry":{"type":"Point","coordinates":[37.658536,55.822923]}},{"type":"Feature","properties":{"kind":"stop","route":11,"name":"Ярославская улица","source":"spravochnik"},"geometry":{"type":"Point","coordinates":[37.652413,55.824975]}},{"type":"Feature","properties":{"kind":"stop","route":11,"name":"Проспект Мира","source":"spravochnik"},"geometry":{"type":"Point","coordinates":[37.648882,55.826372]}},{"type":"Feature","properties":{"kind":"stop","route":11,"name":"ВДНХ (северная)","source":"spravochnik"},"geometry":{"type":"Point","coordinates":[37.645957,55.827281]}},{"type":"Feature","properties":{"kind":"stop","route":11,"name":"Метро «ВДНХ»","source":"spravochnik"},"geometry":{"type":"Point","coordinates":[37.638555,55.823954]}},{"type":"Feature","properties":{"kind":"stop","route":11,"name":"ВДНХ (южная)","source":"spravochnik"},"geometry":{"type":"Point","coordinates":[37.633947,55.822144]}},{"type":"Feature","properties":{"kind":"stop","route":11,"name":"Улица Цандера","source":"spravochnik"},"geometry":{"type":"Point","coordinates":[37.628906,55.821863]}},{"type":"Feature","properties":{"kind":"stop","route":11,"name":"Аргуновская улица","source":"spravochnik"},"geometry":{"type":"Point","coordinates":[37.621872,55.821921]}},{"type":"Feature","properties":{"kind":"stop","route":12,"name":"Восточное Измайлово","source":"spravochnik"},"geometry":{"type":"Point","coordinates":[37.822687,55.794481]}},{"type":"Feature","properties":{"kind":"stop","route":12,"name":"Восточное Измайлово","source":"spravochnik"},"geometry":{"type":"Point","coordinates":[37.821541,55.793648]}},{"type":"Feature","properties":{"kind":"stop","route":12,"name":"15-я Парковая улица","source":"spravochnik"},"geometry":{"type":"Point","coordinates":[37.818527,55.793598]}},{"type":"Feature","properties":{"kind":"stop","route":12,"name":"13-я Парковая улица","source":"spravochnik"},"geometry":{"type":"Point","coordinates":[37.8121,55.793497]}},{"type":"Feature","properties":{"kind":"stop","route":12,"name":"Районный центр «Первомайский»","source":"spravochnik"},"geometry":{"type":"Point","coordinates":[37.804908,55.793375]}},{"type":"Feature","properties":{"kind":"stop","route":12,"name":"Метро «Первомайская»","source":"spravochnik"},"geometry":{"type":"Point","coordinates":[37.79854,55.793271]}},{"type":"Feature","properties":{"kind":"stop","route":12,"name":"7-я Парковая улица","source":"spravochnik"},"geometry":{"type":"Point","coordinates":[37.79331,55.79322]}},{"type":"Feature","properties":{"kind":"stop","route":12,"name":"5-я Парковая улица","source":"spravochnik"},"geometry":{"type":"Point","coordinates":[37.787408,55.793086]}},{"type":"Feature","properties":{"kind":"stop","route":12,"name":"3-я Парковая улица","source":"spravochnik"},"geometry":{"type":"Point","coordinates":[37.782126,55.792759]}},{"type":"Feature","properties":{"kind":"stop","route":12,"name":"Измайловская площадь","source":"spravochnik"},"geometry":{"type":"Point","coordinates":[37.775046,55.791456]}},{"type":"Feature","properties":{"kind":"stop","route":12,"name":"Галерея «Измайлово»","source":"spravochnik"},"geometry":{"type":"Point","coordinates":[37.770836,55.790195]}},{"type":"Feature","properties":{"kind":"stop","route":12,"name":"Главная аллея","source":"spravochnik"},"geometry":{"type":"Point","coordinates":[37.761084,55.786787]}},{"type":"Feature","properties":{"kind":"stop","route":12,"name":"Метро «Партизанская»","source":"spravochnik"},"geometry":{"type":"Point","coordinates":[37.750924,55.786652]}},{"type":"Feature","properties":{"kind":"stop","route":12,"name":"Мост Окружной железной дороги","source":"spravochnik"},"geometry":{"type":"Point","coordinates":[37.745943,55.783655]}},{"type":"Feature","properties":{"kind":"stop","route":12,"name":"Фортунатовская улица","source":"spravochnik"},"geometry":{"type":"Point","coordinates":[37.739081,55.783093]}},{"type":"Feature","properties":{"kind":"stop","route":12,"name":"Улица Ибрагимова","source":"spravochnik"},"geometry":{"type":"Point","coordinates":[37.730053,55.78269]}},{"type":"Feature","properties":{"kind":"stop","route":12,"name":"Метро «Семёновская»","source":"spravochnik"},"geometry":{"type":"Point","coordinates":[37.72187,55.782389]}},{"type":"Feature","properties":{"kind":"stop","route":12,"name":"Метро «Семёновская»","source":"spravochnik"},"geometry":{"type":"Point","coordinates":[37.718502,55.781651]}},{"type":"Feature","properties":{"kind":"stop","route":12,"name":"Кирпичная улица","source":"spravochnik"},"geometry":{"type":"Point","coordinates":[37.721321,55.777564]}},{"type":"Feature","properties":{"kind":"stop","route":12,"name":"Вольная улица","source":"spravochnik"},"geometry":{"type":"Point","coordinates":[37.723355,55.77531]}},{"type":"Feature","properties":{"kind":"stop","route":12,"name":"10-я улица Соколиной Горы","source":"spravochnik"},"geometry":{"type":"Point","coordinates":[37.726206,55.772172]}},{"type":"Feature","properties":{"kind":"stop","route":12,"name":"9-я улица Соколиной Горы","source":"spravochnik"},"geometry":{"type":"Point","coordinates":[37.728297,55.769853]}},{"type":"Feature","properties":{"kind":"stop","route":12,"name":"8-я улица Соколиной Горы","source":"spravochnik"},"geometry":{"type":"Point","coordinates":[37.729978,55.768013]}},{"type":"Feature","properties":{"kind":"stop","route":12,"name":"Проспект Будённого, 24","source":"spravochnik"},"geometry":{"type":"Point","coordinates":[37.732372,55.765376]}},{"type":"Feature","properties":{"kind":"stop","route":12,"name":"5-я улица Соколиной Горы","source":"spravochnik"},"geometry":{"type":"Point","coordinates":[37.735019,55.762502]}},{"type":"Feature","properties":{"kind":"stop","route":12,"name":"3-я улица Соколиной Горы","source":"spravochnik"},"geometry":{"type":"Point","coordinates":[37.736998,55.760372]}},{"type":"Feature","properties":{"kind":"stop","route":12,"name":"Гаражная улица","source":"spravochnik"},"geometry":{"type":"Point","coordinates":[37.739827,55.757263]}},{"type":"Feature","properties":{"kind":"stop","route":12,"name":"Улица Буракова","source":"spravochnik"},"geometry":{"type":"Point","coordinates":[37.736956,55.755618]}},{"type":"Feature","properties":{"kind":"stop","route":12,"name":"Дом культуры «Компрессор»","source":"spravochnik"},"geometry":{"type":"Point","coordinates":[37.723923,55.753096]}},{"type":"Feature","properties":{"kind":"stop","route":12,"name":"Метро «Авиамоторная»","source":"spravochnik"},"geometry":{"type":"Point","coordinates":[37.720771,55.752462]}},{"type":"Feature","properties":{"kind":"stop","route":12,"name":"Метро «Авиамоторная»","source":"spravochnik"},"geometry":{"type":"Point","coordinates":[37.715477,55.751478]}},{"type":"Feature","properties":{"kind":"stop","route":12,"name":"Горбатый путепровод","source":"spravochnik"},"geometry":{"type":"Point","coordinates":[37.709162,55.750195]}},{"type":"Feature","properties":{"kind":"stop","route":12,"name":"Душинская улица","source":"spravochnik"},"geometry":{"type":"Point","coordinates":[37.701198,55.748637]}},{"type":"Feature","properties":{"kind":"stop","route":12,"name":"Старообрядческая улица","source":"spravochnik"},"geometry":{"type":"Point","coordinates":[37.694823,55.747867]}},{"type":"Feature","properties":{"kind":"stop","route":12,"name":"МЦД Москва-Товарная","source":"spravochnik"},"geometry":{"type":"Point","coordinates":[37.689217,55.747437]}},{"type":"Feature","properties":{"kind":"stop","route":12,"name":"Метро «Площадь Ильича»","source":"spravochnik"},"geometry":{"type":"Point","coordinates":[37.681657,55.746879]}},{"type":"Feature","properties":{"kind":"stop","route":12,"name":"Библиотечная улица","source":"spravochnik"},"geometry":{"type":"Point","coordinates":[37.678604,55.745242]}},{"type":"Feature","properties":{"kind":"stop","route":12,"name":"Новорогожская улица","source":"spravochnik"},"geometry":{"type":"Point","coordinates":[37.676724,55.74319]}},{"type":"Feature","properties":{"kind":"stop","route":12,"name":"Малая Андроньевская улица","source":"spravochnik"},"geometry":{"type":"Point","coordinates":[37.674226,55.740575]}},{"type":"Feature","properties":{"kind":"stop","route":12,"name":"Абельмановская Застава","source":"spravochnik"},"geometry":{"type":"Point","coordinates":[37.672446,55.737988]}},{"type":"Feature","properties":{"kind":"stop","route":12,"name":"Кинотеатр «Победа»","source":"spravochnik"},"geometry":{"type":"Point","coordinates":[37.670266,55.73522]}},{"type":"Feature","properties":{"kind":"stop","route":12,"name":"Метро «Пролетарская»","source":"spravochnik"},"geometry":{"type":"Point","coordinates":[37.663462,55.731331]}},{"type":"Feature","properties":{"kind":"stop","route":12,"name":"Динамовская улица","source":"spravochnik"},"geometry":{"type":"Point","coordinates":[37.661525,55.729751]}},{"type":"Feature","properties":{"kind":"stop","route":12,"name":"Арбатецкая улица","source":"spravochnik"},"geometry":{"type":"Point","coordinates":[37.663314,55.726845]}},{"type":"Feature","properties":{"kind":"stop","route":12,"name":"Шарикоподшипниковская улица","source":"spravochnik"},"geometry":{"type":"Point","coordinates":[37.663954,55.72424]}},{"type":"Feature","properties":{"kind":"stop","route":12,"name":"ЦНИИТМАШ","source":"spravochnik"},"geometry":{"type":"Point","coordinates":[37.668495,55.721885]}},{"type":"Feature","properties":{"kind":"stop","route":12,"name":"Новоостаповская улица","source":"spravochnik"},"geometry":{"type":"Point","coordinates":[37.673882,55.720837]}},{"type":"Feature","properties":{"kind":"stop","route":12,"name":"Метро «Дубровка»","source":"spravochnik"},"geometry":{"type":"Point","coordinates":[37.676072,55.718182]}},{"type":"Feature","properties":{"kind":"stop","route":12,"name":"МЦК Дубровка","source":"spravochnik"},"geometry":{"type":"Point","coordinates":[37.678238,55.71538]}},{"type":"Feature","properties":{"kind":"stop","route":12,"name":"МЦК Дубровка","source":"spravochnik"},"geometry":{"type":"Point","coordinates":[37.678501,55.714214]}},{"type":"Feature","properties":{"kind":"stop","route":12,"name":"МЦК Дубровка","source":"spravochnik"},"geometry":{"type":"Point","coordinates":[37.678538,55.715213]}},{"type":"Feature","properties":{"kind":"stop","route":12,"name":"Метро «Дубровка»","source":"spravochnik"},"geometry":{"type":"Point","coordinates":[37.676523,55.717872]}},{"type":"Feature","properties":{"kind":"stop","route":12,"name":"Новоостаповская улица","source":"spravochnik"},"geometry":{"type":"Point","coordinates":[37.674613,55.720448]}},{"type":"Feature","properties":{"kind":"stop","route":12,"name":"ЦНИИТМАШ","source":"spravochnik"},"geometry":{"type":"Point","coordinates":[37.669139,55.721988]}},{"type":"Feature","properties":{"kind":"stop","route":12,"name":"Шарикоподшипниковская улица","source":"spravochnik"},"geometry":{"type":"Point","coordinates":[37.664171,55.723678]}},{"type":"Feature","properties":{"kind":"stop","route":12,"name":"Арбатецкая улица","source":"spravochnik"},"geometry":{"type":"Point","coordinates":[37.663543,55.726748]}},{"type":"Feature","properties":{"kind":"stop","route":12,"name":"Динамовская улица","source":"spravochnik"},"geometry":{"type":"Point","coordinates":[37.661564,55.730062]}},{"type":"Feature","properties":{"kind":"stop","route":12,"name":"Метро «Пролетарская»","source":"spravochnik"},"geometry":{"type":"Point","coordinates":[37.664092,55.731343]}},{"type":"Feature","properties":{"kind":"stop","route":12,"name":"Кинотеатр «Победа»","source":"spravochnik"},"geometry":{"type":"Point","coordinates":[37.670372,55.734877]}},{"type":"Feature","properties":{"kind":"stop","route":12,"name":"Абельмановская Застава","source":"spravochnik"},"geometry":{"type":"Point","coordinates":[37.672599,55.737948]}},{"type":"Feature","properties":{"kind":"stop","route":12,"name":"Новорогожская улица","source":"spravochnik"},"geometry":{"type":"Point","coordinates":[37.677419,55.743487]}},{"type":"Feature","properties":{"kind":"stop","route":12,"name":"Библиотечная улица","source":"spravochnik"},"geometry":{"type":"Point","coordinates":[37.679095,55.745226]}},{"type":"Feature","properties":{"kind":"stop","route":12,"name":"Метро «Площадь Ильича»","source":"spravochnik"},"geometry":{"type":"Point","coordinates":[37.681726,55.746775]}},{"type":"Feature","properties":{"kind":"stop","route":12,"name":"МЦД Москва-Товарная","source":"spravochnik"},"geometry":{"type":"Point","coordinates":[37.689478,55.747378]}},{"type":"Feature","properties":{"kind":"stop","route":12,"name":"Старообрядческая улица","source":"spravochnik"},"geometry":{"type":"Point","coordinates":[37.693417,55.747657]}},{"type":"Feature","properties":{"kind":"stop","route":12,"name":"Душинская улица","source":"spravochnik"},"geometry":{"type":"Point","coordinates":[37.702046,55.748705]}},{"type":"Feature","properties":{"kind":"stop","route":12,"name":"Горбатый путепровод","source":"spravochnik"},"geometry":{"type":"Point","coordinates":[37.708446,55.749935]}},{"type":"Feature","properties":{"kind":"stop","route":12,"name":"Метро «Авиамоторная»","source":"spravochnik"},"geometry":{"type":"Point","coordinates":[37.716164,55.751502]}},{"type":"Feature","properties":{"kind":"stop","route":12,"name":"Метро «Авиамоторная»","source":"spravochnik"},"geometry":{"type":"Point","coordinates":[37.720827,55.752363]}},{"type":"Feature","properties":{"kind":"stop","route":12,"name":"Дом культуры «Компрессор»","source":"spravochnik"},"geometry":{"type":"Point","coordinates":[37.723789,55.752915]}},{"type":"Feature","properties":{"kind":"stop","route":12,"name":"Улица Буракова","source":"spravochnik"},"geometry":{"type":"Point","coordinates":[37.736685,55.755456]}},{"type":"Feature","properties":{"kind":"stop","route":12,"name":"Гаражная улица","source":"spravochnik"},"geometry":{"type":"Point","coordinates":[37.739885,55.757377]}},{"type":"Feature","properties":{"kind":"stop","route":12,"name":"3-я улица Соколиной Горы","source":"spravochnik"},"geometry":{"type":"Point","coordinates":[37.736455,55.761109]}},{"type":"Feature","properties":{"kind":"stop","route":12,"name":"5-я улица Соколиной Горы","source":"spravochnik"},"geometry":{"type":"Point","coordinates":[37.734194,55.763583]}},{"type":"Feature","properties":{"kind":"stop","route":12,"name":"Проспект Будённого, 24","source":"spravochnik"},"geometry":{"type":"Point","coordinates":[37.732509,55.765419]}},{"type":"Feature","properties":{"kind":"stop","route":12,"name":"8-я улица Соколиной Горы","source":"spravochnik"},"geometry":{"type":"Point","coordinates":[37.730151,55.767988]}},{"type":"Feature","properties":{"kind":"stop","route":12,"name":"9-я улица Соколиной Горы","source":"spravochnik"},"geometry":{"type":"Point","coordinates":[37.727745,55.770639]}},{"type":"Feature","properties":{"kind":"stop","route":12,"name":"10-я улица Соколиной Горы","source":"spravochnik"},"geometry":{"type":"Point","coordinates":[37.725827,55.772767]}},{"type":"Feature","properties":{"kind":"stop","route":12,"name":"Вольная улица","source":"spravochnik"},"geometry":{"type":"Point","coordinates":[37.723499,55.775346]}},{"type":"Feature","properties":{"kind":"stop","route":12,"name":"Кирпичная улица","source":"spravochnik"},"geometry":{"type":"Point","coordinates":[37.721365,55.777648]}},{"type":"Feature","properties":{"kind":"stop","route":12,"name":"Метро «Семёновская»","source":"spravochnik"},"geometry":{"type":"Point","coordinates":[37.720085,55.782153]}},{"type":"Feature","properties":{"kind":"stop","route":12,"name":"Улица Ибрагимова","source":"spravochnik"},"geometry":{"type":"Point","coordinates":[37.731124,55.782588]}},{"type":"Feature","properties":{"kind":"stop","route":12,"name":"Фортунатовская улица","source":"spravochnik"},"geometry":{"type":"Point","coordinates":[37.738649,55.782861]}},{"type":"Feature","properties":{"kind":"stop","route":12,"name":"Мост Окружной железной дороги","source":"spravochnik"},"geometry":{"type":"Point","coordinates":[37.746091,55.783793]}},{"type":"Feature","properties":{"kind":"stop","route":12,"name":"Метро «Партизанская»","source":"spravochnik"},"geometry":{"type":"Point","coordinates":[37.750228,55.786542]}},{"type":"Feature","properties":{"kind":"stop","route":12,"name":"Главная аллея","source":"spravochnik"},"geometry":{"type":"Point","coordinates":[37.761697,55.786649]}},{"type":"Feature","properties":{"kind":"stop","route":12,"name":"Галерея «Измайлово»","source":"spravochnik"},"geometry":{"type":"Point","coordinates":[37.770926,55.790079]}},{"type":"Feature","properties":{"kind":"stop","route":12,"name":"Измайловская площадь","source":"spravochnik"},"geometry":{"type":"Point","coordinates":[37.778204,55.792079]}},{"type":"Feature","properties":{"kind":"stop","route":12,"name":"3-я Парковая улица","source":"spravochnik"},"geometry":{"type":"Point","coordinates":[37.783794,55.792816]}},{"type":"Feature","properties":{"kind":"stop","route":12,"name":"5-я Парковая улица","source":"spravochnik"},"geometry":{"type":"Point","coordinates":[37.789029,55.792988]}},{"type":"Feature","properties":{"kind":"stop","route":12,"name":"7-я Парковая улица","source":"spravochnik"},"geometry":{"type":"Point","coordinates":[37.794761,55.793119]}},{"type":"Feature","properties":{"kind":"stop","route":12,"name":"Метро «Первомайская»","source":"spravochnik"},"geometry":{"type":"Point","coordinates":[37.800288,55.793174]}},{"type":"Feature","properties":{"kind":"stop","route":12,"name":"Районный центр «Первомайский»","source":"spravochnik"},"geometry":{"type":"Point","coordinates":[37.806259,55.793279]}},{"type":"Feature","properties":{"kind":"stop","route":12,"name":"13-я Парковая улица","source":"spravochnik"},"geometry":{"type":"Point","coordinates":[37.813271,55.793395]}},{"type":"Feature","properties":{"kind":"stop","route":12,"name":"15-я Парковая улица","source":"spravochnik"},"geometry":{"type":"Point","coordinates":[37.819845,55.793501]}}]}